date,pm25,pm10,o3,no2,so2,co,location,temperature_2m_max,temperature_2m_min,temperature_2m_mean,relative_humidity_2m_mean,wind_speed_10m_max,wind_speed_10m_mean,wind_direction_10m_dominant,pressure_msl_mean,precipitation_sum
2021-12-27,122.0,94.0,3.0,3.0,1.0,2.0,"Borivali East MPCB, Mumbai",29.4,18.2,23.3,73,14.0,9.6,357,1014.2,0.0
2021-12-28,174.0,73.0,18.0,2.0,1.0,1.0,"Borivali East MPCB, Mumbai",27.5,18.5,22.7,76,22.2,12.0,348,1013.6,0.0
2021-12-29,145.0,85.0,21.0,1.0,1.0,2.0,"Borivali East MPCB, Mumbai",27.0,19.5,22.7,67,22.8,15.5,354,1013.9,0.0
2021-12-30,169.0,116.0,24.0,1.0,1.0,1.0,"Borivali East MPCB, Mumbai",29.4,19.5,23.4,66,21.3,13.3,29,1014.6,0.0
2021-12-31,298.0,74.0,23.0,1.0,1.0,1.0,"Borivali East MPCB, Mumbai",31.0,21.6,24.9,66,17.7,14.8,60,1015.5,0.0
2022-01-01,165.0,70.0,24.0,1.0,1.0,1.0,"Borivali East MPCB, Mumbai",31.0,21.1,24.9,64,16.9,12.0,47,1015.8,0.0
2022-01-02,154.0,67.0,24.0,1.0,1.0,1.0,"Borivali East MPCB, Mumbai",30.0,21.2,24.7,65,13.0,9.7,21,1014.7,0.0
2022-01-03,152.0,77.0,29.0,2.0,1.0,1.0,"Borivali East MPCB, Mumbai",30.6,21.2,25.0,68,14.8,9.7,31,1014.0,0.0
2022-01-04,160.0,87.0,30.0,2.0,1.0,2.0,"Borivali East MPCB, Mumbai",30.6,20.4,24.6,73,14.0,8.8,7,1013.9,0.0
2022-01-05,175.0,72.0,20.0,1.0,1.0,2.0,"Borivali East MPCB, Mumbai",28.2,20.7,24.0,80,15.5,8.1,334,1013.5,0.0
2022-01-06,162.0,84.0,28.0,2.0,1.0,2.0,"Borivali East MPCB, Mumbai",27.5,20.6,23.5,80,16.4,9.9,347,1013.1,0.0
2022-01-07,176.0,66.0,13.0,2.0,2.0,1.0,"Borivali East MPCB, Mumbai",27.2,19.2,23.1,79,14.8,7.6,297,1012.5,0.0
2022-01-08,178.6,51.0,22.0,2.0,1.0,1.0,"Borivali East MPCB, Mumbai",24.8,20.6,22.4,84,15.5,8.7,351,1013.8,1.7
2022-01-09,181.2,36.0,21.0,1.0,1.0,1.0,"Borivali East MPCB, Mumbai",25.0,18.6,21.4,56,22.4,16.2,351,1014.0,0.0
2022-01-10,183.8,79.0,34.0,3.0,3.0,1.0,"Borivali East MPCB, Mumbai",24.0,16.1,19.6,57,23.5,15.8,353,1014.1,0.0
2022-01-11,112.0,110.0,31.0,2.0,4.0,2.0,"Borivali East MPCB, Mumbai",24.4,14.5,19.8,72,15.1,9.1,348,1013.6,0.0
2022-01-12,189.0,81.0,31.0,2.0,6.0,2.0,"Borivali East MPCB, Mumbai",25.0,16.6,20.7,68,19.5,14.2,350,1013.2,0.0
2022-01-13,173.0,82.0,26.0,2.0,9.0,2.0,"Borivali East MPCB, Mumbai",25.8,15.8,20.8,71,17.1,9.6,347,1012.3,0.0
2022-01-14,175.0,79.0,25.0,2.0,11.0,2.0,"Borivali East MPCB, Mumbai",26.0,17.5,21.4,76,16.6,9.8,349,1012.4,0.0
2022-01-15,170.0,69.0,16.0,1.0,12.0,1.0,"Borivali East MPCB, Mumbai",29.0,19.0,22.9,65,20.7,13.9,23,1012.9,0.0
2022-01-16,160.0,72.0,19.0,2.0,15.0,2.0,"Borivali East MPCB, Mumbai",31.2,20.3,24.3,58,18.8,13.3,51,1013.3,0.0
2022-01-17,162.0,71.0,24.0,1.0,16.0,1.0,"Borivali East MPCB, Mumbai",30.4,21.0,24.6,64,15.5,11.3,36,1015.1,0.0
2022-01-18,159.0,76.0,27.0,3.0,17.0,2.0,"Borivali East MPCB, Mumbai",28.4,20.0,24.0,67,16.4,11.0,354,1015.0,0.0
2022-01-19,161.0,65.0,26.0,2.0,19.0,1.0,"Borivali East MPCB, Mumbai",29.1,18.5,23.6,70,16.9,10.1,346,1013.5,0.0
2022-01-20,137.0,48.0,15.0,1.0,21.0,1.0,"Borivali East MPCB, Mumbai",27.0,19.0,22.6,71,15.7,9.8,334,1012.0,0.0
2022-01-21,93.0,55.0,10.0,1.0,22.0,1.0,"Borivali East MPCB, Mumbai",26.5,19.0,22.6,85,13.1,8.0,331,1011.8,0.0
2022-01-22,86.0,116.0,22.0,2.0,23.0,1.0,"Borivali East MPCB, Mumbai",26.5,20.1,23.3,82,23.5,12.0,273,1010.3,2.2
2022-01-23,164.0,177.0,21.0,2.0,22.0,2.0,"Borivali East MPCB, Mumbai",23.0,17.6,21.3,59,22.5,17.0,317,1011.7,0.3
2022-01-24,151.0,144.0,28.0,2.0,23.0,1.0,"Borivali East MPCB, Mumbai",24.1,15.2,19.2,55,26.8,13.8,1,1012.5,0.0
2022-01-25,149.0,118.0,29.0,2.0,24.0,1.0,"Borivali East MPCB, Mumbai",25.3,14.6,19.8,55,20.4,13.0,356,1012.2,0.0
2022-01-26,152.0,97.0,29.0,3.0,26.0,2.0,"Borivali East MPCB, Mumbai",26.7,16.3,21.1,56,20.5,13.9,358,1012.0,0.0
2022-01-27,149.0,85.0,28.0,2.0,26.0,1.0,"Borivali East MPCB, Mumbai",28.6,17.6,22.3,51,20.8,12.1,16,1012.2,0.0
2022-01-28,138.0,76.0,27.0,2.0,27.0,1.0,"Borivali East MPCB, Mumbai",30.1,19.7,23.7,44,21.3,15.6,39,1013.1,0.0
2022-01-29,138.0,68.0,27.0,2.0,26.0,1.0,"Borivali East MPCB, Mumbai",30.5,17.5,23.1,49,18.8,11.9,22,1014.1,0.0
2022-01-30,129.0,70.0,31.0,3.0,27.0,1.0,"Borivali East MPCB, Mumbai",29.0,16.4,22.2,57,16.6,9.6,355,1012.9,0.0
2022-01-31,136.0,71.0,23.0,2.0,29.0,1.0,"Borivali East MPCB, Mumbai",28.6,17.7,22.4,58,17.9,10.9,346,1012.1,0.0
2022-02-01,140.0,89.0,27.0,4.0,29.0,2.0,"Borivali East MPCB, Mumbai",28.8,16.0,21.8,66,20.0,11.8,346,1011.3,0.0
2022-02-02,166.0,66.0,18.0,2.0,30.0,1.0,"Borivali East MPCB, Mumbai",27.4,16.4,21.7,80,18.7,10.2,333,1011.4,0.0
2022-02-03,119.0,124.0,20.0,1.0,31.0,1.0,"Borivali East MPCB, Mumbai",25.7,17.7,21.6,86,13.6,8.2,249,1011.3,0.0
2022-02-04,131.0,134.0,28.0,2.0,30.0,1.0,"Borivali East MPCB, Mumbai",26.0,17.7,22.1,74,14.6,8.4,287,1011.0,0.0
2022-02-05,146.0,112.0,34.0,2.0,30.0,1.0,"Borivali East MPCB, Mumbai",27.1,15.9,21.2,69,18.7,10.5,349,1011.5,0.0
2022-02-06,158.0,87.0,22.0,1.0,31.0,1.0,"Borivali East MPCB, Mumbai",27.0,17.9,21.9,69,17.8,10.0,328,1013.1,0.0
2022-02-07,138.0,60.0,17.0,1.0,30.0,1.0,"Borivali East MPCB, Mumbai",25.7,18.1,21.5,82,21.1,11.2,332,1014.5,0.0
2022-02-08,91.0,66.0,19.0,1.0,30.0,1.0,"Borivali East MPCB, Mumbai",25.4,18.6,21.7,80,16.8,10.2,323,1013.7,0.0
2022-02-09,118.0,79.0,22.0,2.0,18.0,1.0,"Borivali East MPCB, Mumbai",25.8,17.8,21.7,79,20.1,11.2,344,1013.2,0.1
2022-02-10,151.0,81.0,23.0,3.0,3.0,1.0,"Borivali East MPCB, Mumbai",29.8,19.0,23.7,54,24.7,14.4,350,1012.6,0.0
2022-02-11,149.0,75.0,25.0,2.0,2.0,1.0,"Borivali East MPCB, Mumbai",32.1,21.5,25.6,44,23.0,15.4,17,1012.0,0.0
2022-02-12,145.0,86.0,26.0,4.0,3.0,2.0,"Borivali East MPCB, Mumbai",30.1,19.7,24.5,51,18.8,11.9,352,1011.7,0.0
2022-02-13,158.0,93.0,19.0,1.0,2.0,1.0,"Borivali East MPCB, Mumbai",29.6,18.5,23.6,62,18.9,9.9,338,1010.2,0.0
2022-02-14,149.0,54.0,14.0,1.0,2.0,1.0,"Borivali East MPCB, Mumbai",28.3,18.7,23.4,56,18.1,10.9,349,1010.7,0.0
2022-02-15,93.0,46.0,11.0,1.0,3.0,1.0,"Borivali East MPCB, Mumbai",26.8,19.5,22.9,69,16.3,10.7,330,1010.9,0.0
2022-02-16,74.0,51.0,15.0,3.0,3.0,1.0,"Borivali East MPCB, Mumbai",26.4,19.0,22.2,80,16.0,9.1,328,1009.4,0.0
2022-02-17,90.0,60.0,18.0,4.0,3.0,2.0,"Borivali East MPCB, Mumbai",26.5,16.9,21.8,82,13.0,7.2,316,1008.1,0.0
2022-02-18,125.0,70.0,23.0,5.0,2.0,1.0,"Borivali East MPCB, Mumbai",27.7,17.2,22.8,78,14.5,7.5,248,1009.1,0.0
2022-02-19,140.0,69.0,24.0,2.0,2.0,1.0,"Borivali East MPCB, Mumbai",29.0,18.5,23.5,78,17.1,9.6,328,1011.1,0.0
2022-02-20,144.0,68.0,20.0,4.0,2.0,1.0,"Borivali East MPCB, Mumbai",30.0,19.2,24.3,65,20.5,11.2,338,1010.9,0.0
2022-02-21,140.0,79.0,18.0,4.0,1.0,1.0,"Borivali East MPCB, Mumbai",30.5,17.6,24.1,55,23.4,12.6,337,1010.1,0.0
2022-02-22,130.0,64.0,18.0,4.0,1.0,1.0,"Borivali East MPCB, Mumbai",29.7,18.5,23.5,66,19.6,10.6,335,1011.0,0.0
2022-02-23,116.0,84.0,30.0,4.0,1.0,2.0,"Borivali East MPCB, Mumbai",29.4,18.5,24.1,65,18.6,11.2,341,1012.3,0.0
2022-02-24,152.0,143.0,36.0,5.0,1.1538461538461535,2.0,"Borivali East MPCB, Mumbai",30.2,20.7,25.3,61,18.1,11.7,331,1013.7,0.0
2022-02-25,184.0,95.0,20.0,2.0,1.3076923076923077,2.0,"Borivali East MPCB, Mumbai",30.2,20.1,25.1,58,19.6,12.8,328,1013.0,0.0
2022-02-26,134.0,48.0,9.0,3.0,1.4615384615384617,1.0,"Borivali East MPCB, Mumbai",29.6,20.1,24.7,64,19.5,12.0,336,1013.0,0.0
2022-02-27,131.0,111.0,24.0,7.0,5.0,4.0,"Borivali East MPCB, Mumbai",30.4,20.4,25.0,57,18.3,11.1,333,1013.2,0.0
2022-02-28,151.0,76.0,4.0,3.0,5.0,3.0,"Borivali East MPCB, Mumbai",32.0,20.2,25.5,50,20.9,12.4,336,1012.6,0.0
2022-03-01,165.0,101.0,26.0,7.0,2.0,4.0,"Borivali East MPCB, Mumbai",32.2,21.8,26.1,52,19.8,11.5,338,1012.6,0.0
2022-03-02,166.0,87.0,30.0,4.0,2.0,3.0,"Borivali East MPCB, Mumbai",34.5,21.5,27.1,49,20.8,11.8,344,1011.6,0.0
2022-03-03,155.0,81.0,27.0,4.0,2.0,3.0,"Borivali East MPCB, Mumbai",34.9,21.8,27.6,43,26.1,16.0,345,1011.5,0.0
2022-03-04,144.0,80.0,31.0,5.0,2.0,4.0,"Borivali East MPCB, Mumbai",34.0,23.6,27.5,38,27.3,17.1,345,1012.0,0.0
2022-03-05,147.0,83.0,29.0,4.0,2.0,4.0,"Borivali East MPCB, Mumbai",33.6,20.8,26.5,51,21.7,11.7,338,1010.9,0.0
2022-03-06,152.0,95.0,34.0,6.0,2.0,4.0,"Borivali East MPCB, Mumbai",34.2,21.8,27.3,51,19.1,11.2,329,1009.9,0.0
2022-03-07,164.0,94.0,33.0,4.0,2.0,4.0,"Borivali East MPCB, Mumbai",32.1,23.0,27.5,55,14.9,10.4,331,1010.1,0.0
2022-03-08,170.0,84.0,31.0,3.0,3.0,3.0,"Borivali East MPCB, Mumbai",35.5,25.3,28.7,53,24.7,14.3,356,1010.2,0.0
2022-03-09,165.0,84.0,30.0,4.0,2.0,3.0,"Borivali East MPCB, Mumbai",34.8,24.6,28.4,55,16.8,10.4,346,1010.2,0.0
2022-03-10,165.0,89.0,38.0,5.0,1.0,4.0,"Borivali East MPCB, Mumbai",33.6,22.7,28.0,54,19.5,11.1,344,1009.9,0.0
2022-03-11,163.0,69.0,47.0,3.0,1.0,3.0,"Borivali East MPCB, Mumbai",32.7,24.5,28.3,50,17.7,9.9,333,1009.7,0.0
2022-03-12,140.0,80.0,28.0,3.0,1.0,3.0,"Borivali East MPCB, Mumbai",36.1,22.4,28.5,51,20.1,10.2,332,1009.3,0.0
2022-03-13,143.0,153.0,29.0,4.0,3.0,3.0,"Borivali East MPCB, Mumbai",35.8,23.1,28.9,43,23.9,13.1,355,1009.6,0.0
2022-03-14,229.0,111.0,32.0,6.0,2.0,4.0,"Borivali East MPCB, Mumbai",35.4,24.9,29.7,34,23.8,14.2,349,1009.9,0.0
2022-03-15,169.0,99.0,35.0,7.0,1.5,4.0,"Borivali East MPCB, Mumbai",36.0,24.2,29.7,45,22.0,13.1,340,1008.6,0.0
2022-03-16,159.0,106.0,34.0,8.0,1.0,5.0,"Borivali East MPCB, Mumbai",35.6,24.1,30.0,47,27.8,15.2,340,1007.3,0.0
2022-03-17,167.0,109.0,23.0,6.0,1.0571428571428572,6.0,"Borivali East MPCB, Mumbai",35.5,25.0,30.4,41,26.0,15.1,340,1006.4,0.0
2022-03-18,178.0,77.0,21.0,4.0,1.1142857142857143,3.0,"Borivali East MPCB, Mumbai",34.8,22.7,29.2,53,29.0,14.2,329,1006.2,0.0
2022-03-19,127.0,79.0,8.0,2.0,1.1714285714285717,2.0,"Borivali East MPCB, Mumbai",32.2,22.8,27.7,66,19.8,10.5,288,1006.3,0.0
2022-03-20,102.0,98.0,18.0,3.0,2.0,1.0,"Borivali East MPCB, Mumbai",30.0,23.8,27.0,77,23.0,9.4,262,1007.2,0.0
2022-03-21,118.0,98.0,30.0,4.0,2.0,3.0,"Borivali East MPCB, Mumbai",31.0,22.5,26.9,74,20.0,11.1,317,1008.0,0.0
2022-03-22,156.0,102.0,25.0,5.0,2.0,3.0,"Borivali East MPCB, Mumbai",33.0,25.2,29.1,48,25.6,15.6,340,1007.4,0.0
2022-03-23,133.0,104.0,32.0,7.0,2.0,4.0,"Borivali East MPCB, Mumbai",37.5,26.0,30.6,32,28.5,17.9,349,1006.5,0.0
2022-03-24,155.0,75.0,18.0,4.0,2.0,3.0,"Borivali East MPCB, Mumbai",32.8,24.5,28.6,46,20.5,10.0,310,1006.8,0.0
2022-03-25,111.0,74.0,15.0,3.0,2.0,3.0,"Borivali East MPCB, Mumbai",32.2,23.5,27.4,72,20.5,8.3,278,1008.4,0.0
2022-03-26,106.0,72.0,13.0,2.0,2.0,1.0,"Borivali East MPCB, Mumbai",31.6,23.1,27.2,79,20.6,8.6,287,1010.6,0.0
2022-03-27,96.0,79.0,9.0,2.0,2.0,1.0,"Borivali East MPCB, Mumbai",32.0,23.9,27.4,78,19.6,8.7,297,1010.8,0.0
2022-03-28,118.0,80.0,16.0,3.0,2.0,2.0,"Borivali East MPCB, Mumbai",32.0,24.0,27.5,81,18.8,9.1,288,1010.0,0.0
2022-03-29,117.0,86.0,14.0,3.0,2.0,1.0,"Borivali East MPCB, Mumbai",33.0,23.0,28.2,68,19.2,10.3,316,1008.7,0.0
2022-03-30,92.0,79.0,14.0,2.0,2.0,1.0,"Borivali East MPCB, Mumbai",33.0,23.4,28.1,71,18.7,9.8,315,1008.4,0.0
2022-03-31,91.0,141.0,13.0,3.0,2.0,1.0,"Borivali East MPCB, Mumbai",31.1,21.9,26.4,76,15.6,8.4,315,1009.2,0.0
2022-04-01,142.0,122.0,15.0,2.0,2.0,1.0,"Borivali East MPCB, Mumbai",32.2,22.1,26.6,77,19.3,9.2,304,1009.1,0.0
2022-04-02,137.0,106.0,13.0,2.0,2.0,2.0,"Borivali East MPCB, Mumbai",30.9,23.6,27.0,79,16.8,7.7,268,1010.1,0.0
2022-04-03,123.0,87.0,11.0,2.0,2.0,1.0,"Borivali East MPCB, Mumbai",31.4,23.0,26.9,80,22.8,9.4,307,1009.4,0.0
2022-04-04,109.0,81.0,3.0,1.0,2.0,2.0,"Borivali East MPCB, Mumbai",32.1,25.0,27.9,81,22.9,9.6,269,1009.6,0.0
2022-04-05,110.0,79.0,2.0,1.0,2.0,2.0,"Borivali East MPCB, Mumbai",32.0,24.8,28.2,82,20.9,10.4,266,1011.3,0.0
2022-04-06,125.0,68.0,7.0,1.0,2.0,2.0,"Borivali East MPCB, Mumbai",31.5,24.7,28.1,81,17.9,10.9,265,1011.6,0.0
2022-04-07,116.0,71.0,3.0,1.0,2.0,3.0,"Borivali East MPCB, Mumbai",32.2,24.8,28.3,80,16.9,8.7,258,1010.4,0.0
2022-04-08,129.0,56.0,2.0,1.0,2.0,2.0,"Borivali East MPCB, Mumbai",33.0,23.9,28.2,80,18.8,9.9,234,1008.7,0.0
2022-04-09,115.0,62.5,4.5,1.0,2.0,1.5,"Borivali East MPCB, Mumbai",32.5,26.0,28.6,81,17.6,10.5,212,1008.5,0.0
2022-04-10,109.0,69.0,7.0,1.0,2.0,1.0,"Borivali East MPCB, Mumbai",32.3,25.9,28.7,75,18.5,10.0,252,1008.6,0.0
2022-04-11,103.0,70.0,10.0,2.0,2.0,2.0,"Borivali East MPCB, Mumbai",32.2,24.4,28.2,77,21.3,10.0,281,1007.7,0.0
2022-04-12,107.0,76.0,11.0,2.0,2.0,2.0,"Borivali East MPCB, Mumbai",33.0,24.0,28.5,75,22.5,11.2,317,1006.4,0.0
2022-04-13,109.0,69.0,6.0,1.0,2.0,2.0,"Borivali East MPCB, Mumbai",34.0,24.0,29.0,73,22.7,12.1,322,1005.6,0.0
2022-04-14,120.0,67.0,4.0,1.0,2.0,1.0,"Borivali East MPCB, Mumbai",31.8,24.6,28.5,78,18.3,10.2,276,1006.5,0.0
2022-04-15,105.0,68.0,10.0,1.0,2.0,1.0,"Borivali East MPCB, Mumbai",31.9,25.2,28.3,75,18.0,9.2,259,1007.3,0.0
2022-04-16,89.0,74.0,9.0,1.0,2.0,1.0,"Borivali East MPCB, Mumbai",31.4,23.0,27.5,79,18.9,10.1,263,1006.5,0.0
2022-04-17,92.0,66.0,8.0,1.0,2.0,1.0,"Borivali East MPCB, Mumbai",31.8,24.3,27.9,77,18.9,10.1,257,1007.4,0.0
2022-04-18,85.0,62.0,6.0,1.0,2.0,1.0,"Borivali East MPCB, Mumbai",31.2,24.0,27.8,78,22.1,10.1,279,1009.6,0.0
2022-04-19,94.0,71.0,3.0,1.0,2.0,2.0,"Borivali East MPCB, Mumbai",31.6,24.6,28.1,78,22.0,11.5,305,1010.9,0.0
2022-04-20,102.0,85.0,20.0,4.0,3.0,3.0,"Borivali East MPCB, Mumbai",32.8,25.1,29.1,77,23.6,12.5,322,1008.6,0.0
2022-04-21,135.0,90.0,25.0,3.0,3.0,4.0,"Borivali East MPCB, Mumbai",37.8,28.5,32.1,48,30.8,17.2,341,1006.2,0.0
2022-04-22,160.0,88.33333333333333,22.0,2.0,3.0,3.333333333333333,"Borivali East MPCB, Mumbai",35.4,27.2,31.2,57,21.0,12.5,329,1006.9,0.0
2022-04-23,147.0,86.66666666666667,19.0,1.0,3.0,2.666666666666667,"Borivali East MPCB, Mumbai",37.2,26.0,30.9,66,17.7,9.4,283,1007.7,0.0
2022-04-24,125.0,85.0,16.0,2.0,3.0,2.0,"Borivali East MPCB, Mumbai",33.5,27.1,30.0,76,16.1,10.4,250,1008.3,0.0
2022-04-25,116.0,62.0,11.0,2.0,2.0,2.0,"Borivali East MPCB, Mumbai",35.5,25.4,30.8,60,24.0,11.7,324,1006.6,0.0
2022-04-26,88.0,59.0,11.0,3.0,2.0,2.0,"Borivali East MPCB, Mumbai",33.7,25.9,30.0,68,18.0,11.7,279,1007.4,0.0
2022-04-27,82.0,74.0,11.0,3.0,2.0,2.0,"Borivali East MPCB, Mumbai",35.2,25.5,30.7,64,22.5,13.9,332,1006.1,0.0
2022-04-28,98.0,64.0,5.0,1.0,2.0,1.0,"Borivali East MPCB, Mumbai",36.0,26.1,31.0,60,18.8,9.7,300,1006.6,0.0
2022-04-29,98.0,58.0,16.0,2.0,3.0,1.0,"Borivali East MPCB, Mumbai",33.1,27.5,30.0,78,17.0,13.3,237,1008.6,0.0
2022-04-30,84.0,55.0,13.0,2.0,2.0,1.0,"Borivali East MPCB, Mumbai",33.2,25.9,29.5,76,19.5,10.8,239,1007.2,0.0
2022-05-01,83.0,58.0,6.0,2.0,1.0,1.0,"Borivali East MPCB, Mumbai",32.8,26.2,29.4,80,16.3,10.1,238,1006.2,0.0
2022-05-02,86.0,69.0,7.0,1.0,1.1666666666666667,1.0,"Borivali East MPCB, Mumbai",32.5,27.3,29.7,78,19.1,10.8,243,1006.4,0.0
2022-05-03,88.0,72.0,15.0,1.0,1.3333333333333333,1.0,"Borivali East MPCB, Mumbai",32.7,26.8,29.7,77,18.8,10.1,261,1007.2,0.0
2022-05-04,82.0,76.0,20.0,2.0,1.5,1.0,"Borivali East MPCB, Mumbai",32.5,26.3,29.2,75,20.8,10.6,290,1008.2,0.0
2022-05-05,83.0,97.0,13.0,1.0,3.0,1.0,"Borivali East MPCB, Mumbai",32.6,25.3,28.8,80,21.3,11.6,314,1008.1,0.0
2022-05-06,97.0,105.0,12.0,2.0,3.0,1.0,"Borivali East MPCB, Mumbai",32.3,26.9,29.2,76,20.6,12.7,312,1007.5,0.2
2022-05-07,109.0,89.0,18.0,2.0,3.0,1.0,"Borivali East MPCB, Mumbai",32.8,26.0,29.2,80,21.4,12.1,302,1006.9,0.0
2022-05-08,94.0,71.0,7.0,1.0,3.0,1.0,"Borivali East MPCB, Mumbai",33.0,25.1,29.3,81,23.4,12.2,304,1005.0,0.0
2022-05-09,73.0,79.0,6.0,1.0,3.0,1.0,"Borivali East MPCB, Mumbai",32.5,26.4,29.4,81,22.7,13.4,295,1004.2,0.0
2022-05-10,66.0,74.0,7.0,1.0,3.0,1.0,"Borivali East MPCB, Mumbai",32.2,27.5,29.7,77,24.9,13.5,294,1003.9,0.0
2022-05-11,63.0,81.0,8.0,2.0,3.0,1.0,"Borivali East MPCB, Mumbai",32.2,27.5,29.6,77,19.7,11.7,267,1003.7,0.0
2022-05-12,60.0,88.0,11.0,2.0,3.0,1.0,"Borivali East MPCB, Mumbai",32.5,28.1,29.8,72,19.1,14.8,246,1004.7,0.0
2022-05-13,64.0,94.0,13.0,2.0,3.0,1.0,"Borivali East MPCB, Mumbai",32.2,28.1,29.8,73,19.0,14.4,240,1004.4,0.0
2022-05-14,72.0,78.0,14.0,2.0,4.0,1.0,"Borivali East MPCB, Mumbai",32.3,28.0,29.7,72,16.4,12.6,247,1004.9,0.0
2022-05-15,57.0,81.0,14.0,2.0,4.0,1.0,"Borivali East MPCB, Mumbai",32.7,28.0,29.9,72,18.4,12.6,268,1006.0,0.0
2022-05-16,71.0,127.0,15.0,2.0,4.0,1.0,"Borivali East MPCB, Mumbai",32.5,27.7,29.6,75,20.5,12.7,289,1005.4,0.0
2022-05-17,120.0,167.0,15.0,1.0,2.0,1.0,"Borivali East MPCB, Mumbai",32.3,27.7,29.7,74,17.3,11.3,272,1004.5,0.0
2022-05-18,144.0,139.0,9.0,1.5,2.0,1.0,"Borivali East MPCB, Mumbai",32.2,27.1,29.3,74,18.9,11.0,279,1004.8,0.0
2022-05-19,139.0,115.0,12.0,2.0,3.0,1.0,"Borivali East MPCB, Mumbai",32.0,27.1,29.4,74,22.2,12.4,283,1005.2,0.0
2022-05-20,104.0,91.0,7.0,2.0,1.0,1.0,"Borivali East MPCB, Mumbai",31.8,27.9,29.5,70,18.9,14.3,248,1006.3,0.0
2022-05-21,88.0,69.0,5.0,1.0,1.0,1.0,"Borivali East MPCB, Mumbai",32.5,28.6,30.1,64,22.3,16.9,239,1006.1,0.0
2022-05-22,68.0,58.0,4.0,1.0,1.3333333333333333,1.0,"Borivali East MPCB, Mumbai",32.5,28.6,30.2,66,22.9,20.7,244,1004.2,0.3
2022-05-23,60.0,62.0,4.0,1.0,1.6666666666666663,1.0,"Borivali East MPCB, Mumbai",32.9,28.5,30.3,68,23.2,19.9,242,1003.5,0.9
2022-05-24,64.0,65.0,9.0,1.0,2.0,1.0,"Borivali East MPCB, Mumbai",32.1,28.4,30.1,69,21.0,16.6,253,1006.1,0.2
2022-05-25,67.0,62.0,12.0,1.0,4.0,1.0,"Borivali East MPCB, Mumbai",32.0,26.6,29.3,73,17.9,12.3,279,1008.4,2.3
2022-05-26,53.0,52.0,10.0,1.0,3.25,1.0,"Borivali East MPCB, Mumbai",32.3,27.7,29.9,66,18.4,13.4,266,1008.1,0.1
2022-05-27,40.0,51.0,12.0,2.0,2.5,1.0,"Borivali East MPCB, Mumbai",33.0,28.1,30.3,62,20.2,15.4,252,1007.8,0.0
2022-05-28,35.0,60.0,13.0,2.0,1.75,1.0,"Borivali East MPCB, Mumbai",32.7,28.7,30.3,62,20.0,16.1,251,1006.8,0.0
2022-05-29,41.0,57.0,14.0,2.0,1.0,1.0,"Borivali East MPCB, Mumbai",32.8,28.8,30.4,62,20.6,16.0,256,1006.9,0.0
2022-05-30,48.0,60.0,13.0,2.0,2.0,1.0,"Borivali East MPCB, Mumbai",32.5,28.2,30.0,65,20.2,14.2,262,1006.6,0.2
2022-05-31,50.0,58.0,13.0,2.0,1.0,1.0,"Borivali East MPCB, Mumbai",32.4,28.0,29.8,68,20.1,14.0,281,1005.9,0.1
2022-06-01,50.0,65.0,12.0,2.0,2.0,1.0,"Borivali East MPCB, Mumbai",32.4,28.1,29.6,68,20.9,13.5,281,1006.1,0.1
2022-06-02,55.0,61.0,13.0,2.0,1.0,1.0,"Borivali East MPCB, Mumbai",32.0,27.9,29.6,70,20.2,13.7,277,1006.3,0.0
2022-06-03,56.0,52.0,12.0,1.0,1.0,1.0,"Borivali East MPCB, Mumbai",31.8,27.5,29.3,73,19.8,13.8,278,1006.1,0.2
2022-06-04,49.0,44.0,14.0,2.0,1.0,1.0,"Borivali East MPCB, Mumbai",32.3,27.5,29.6,72,18.0,12.9,284,1005.6,0.0
2022-06-05,39.0,43.0,16.0,2.0,1.0,2.0,"Borivali East MPCB, Mumbai",32.2,27.4,29.5,74,19.8,11.0,274,1005.4,0.0
2022-06-06,44.0,39.0,14.0,2.0,2.0,2.0,"Borivali East MPCB, Mumbai",32.0,27.5,29.5,71,18.7,10.7,256,1005.9,0.0
2022-06-07,43.0,23.0,14.0,1.0,1.0,2.0,"Borivali East MPCB, Mumbai",32.5,27.5,29.6,74,19.2,10.5,244,1006.1,0.7
2022-06-08,27.0,21.0,15.0,2.0,2.0,2.0,"Borivali East MPCB, Mumbai",31.4,27.0,29.3,78,17.3,12.5,245,1005.9,1.8
2022-06-09,30.0,28.0,17.0,4.0,3.0,3.0,"Borivali East MPCB, Mumbai",31.2,26.8,28.9,79,16.2,11.1,241,1004.7,5.9
2022-06-10,53.0,12.0,9.0,3.0,1.0,2.0,"Borivali East MPCB, Mumbai",30.4,26.5,28.1,82,17.3,10.8,198,1004.7,11.3
2022-06-11,28.0,27.0,10.0,4.0,2.0,2.0,"Borivali East MPCB, Mumbai",29.6,25.6,27.1,85,21.0,14.6,197,1005.3,17.9
2022-06-12,37.0,33.0,9.0,4.0,1.5,3.0,"Borivali East MPCB, Mumbai",28.6,25.5,26.7,86,24.2,16.0,187,1005.2,10.7
2022-06-13,42.0,36.0,13.0,3.0,1.0,2.0,"Borivali East MPCB, Mumbai",29.9,25.4,27.5,83,25.7,18.7,186,1006.4,5.8
2022-06-14,47.0,28.0,12.0,2.0,1.0,2.0,"Borivali East MPCB, Mumbai",30.5,25.9,28.2,81,22.7,18.3,197,1006.6,2.3
2022-06-15,39.0,28.0,9.0,2.0,1.0,2.0,"Borivali East MPCB, Mumbai",29.7,25.9,27.9,82,19.6,14.3,221,1006.0,5.1
2022-06-16,43.0,34.0,8.0,2.0,2.0,2.0,"Borivali East MPCB, Mumbai",30.0,25.5,27.9,82,20.6,13.4,208,1005.7,3.4
2022-06-17,36.0,35.0,8.0,2.0,1.0,2.0,"Borivali East MPCB, Mumbai",29.6,25.9,27.8,83,18.9,14.3,203,1005.0,3.7
2022-06-18,48.0,23.0,6.0,2.0,1.0,3.0,"Borivali East MPCB, Mumbai",30.0,26.8,28.4,80,21.5,15.8,204,1005.1,8.1
2022-06-19,43.0,24.0,5.0,4.0,1.0,2.0,"Borivali East MPCB, Mumbai",28.4,25.6,27.0,86,22.2,16.7,209,1005.6,18.1
2022-06-20,43.0,21.0,6.0,4.0,1.0,3.0,"Borivali East MPCB, Mumbai",27.7,25.1,26.1,91,18.4,13.9,222,1004.7,44.0
2022-06-21,44.0,29.0,11.0,3.0,1.0,3.0,"Borivali East MPCB, Mumbai",27.8,24.9,26.1,89,21.7,15.1,201,1002.6,30.1
2022-06-22,44.0,32.0,16.0,4.0,1.0,4.0,"Borivali East MPCB, Mumbai",29.2,24.9,26.5,89,18.1,12.2,181,1003.8,28.5
2022-06-23,58.0,27.0,13.0,3.0,1.0,4.0,"Borivali East MPCB, Mumbai",28.8,24.4,26.3,89,12.5,9.4,155,1004.9,20.2
2022-06-24,50.0,19.0,22.0,2.0,1.0,3.0,"Borivali East MPCB, Mumbai",29.9,25.0,26.5,89,20.9,12.7,143,1003.2,24.8
2022-06-25,37.0,15.0,19.0,3.0,1.0,2.0,"Borivali East MPCB, Mumbai",30.1,25.2,26.9,86,23.0,17.2,141,1000.3,7.5
2022-06-26,30.0,22.0,14.0,3.0,1.0,3.0,"Borivali East MPCB, Mumbai",28.1,25.2,26.3,88,28.1,21.7,154,1000.4,11.8
2022-06-27,41.0,25.0,7.0,3.0,1.0,3.0,"Borivali East MPCB, Mumbai",28.0,25.1,26.4,89,21.6,17.2,195,1003.0,22.1
2022-06-28,52.0,37.0,3.0,2.0,1.0,4.0,"Borivali East MPCB, Mumbai",28.0,25.5,26.5,88,19.1,14.9,203,1004.5,12.5
2022-06-29,54.0,16.0,6.0,2.0,1.0,3.0,"Borivali East MPCB, Mumbai",28.6,25.5,26.8,88,18.6,14.5,215,1003.4,8.9
2022-06-30,38.0,18.0,6.0,3.0,1.0,3.0,"Borivali East MPCB, Mumbai",27.5,25.3,26.2,90,18.7,13.7,219,1003.2,30.9
2022-07-01,33.0,43.0,6.0,2.0,1.0,3.0,"Borivali East MPCB, Mumbai",26.3,24.9,25.6,92,18.8,14.2,219,1003.9,52.0
2022-07-02,41.0,40.0,8.0,1.0,1.0,2.0,"Borivali East MPCB, Mumbai",27.9,25.0,26.1,90,22.6,15.4,231,1002.6,24.0
2022-07-03,35.0,19.0,6.0,2.0,1.0,2.0,"Borivali East MPCB, Mumbai",27.7,24.9,26.2,89,22.5,15.5,215,1002.3,22.2
2022-07-04,32.0,9.0,7.0,2.0,1.0,2.0,"Borivali East MPCB, Mumbai",26.8,25.0,25.9,91,20.4,15.1,228,1002.2,35.0
2022-07-05,21.0,20.0,8.0,2.0,1.0,3.0,"Borivali East MPCB, Mumbai",26.2,25.0,25.7,92,21.1,17.3,244,1000.9,65.7
2022-07-06,38.0,25.0,9.0,2.0,2.0,3.0,"Borivali East MPCB, Mumbai",26.5,25.2,25.7,91,21.4,17.7,222,1002.2,32.1
2022-07-07,33.0,40.0,5.0,1.0,1.0,2.0,"Borivali East MPCB, Mumbai",27.0,25.5,26.1,90,22.5,19.3,245,1005.1,43.0
2022-07-08,38.0,37.0,5.0,2.0,1.0,2.0,"Borivali East MPCB, Mumbai",28.0,25.2,26.4,87,25.6,21.4,261,1004.6,20.8
2022-07-09,30.0,33.0,8.0,1.0,2.0,2.0,"Borivali East MPCB, Mumbai",26.9,24.3,25.7,90,26.7,19.1,271,1003.3,35.1
2022-07-10,32.0,34.0,9.0,2.0,2.0,2.0,"Borivali East MPCB, Mumbai",26.5,23.9,25.0,91,21.4,16.8,271,1004.3,59.0
2022-07-11,36.0,25.0,9.0,2.0,1.0,3.0,"Borivali East MPCB, Mumbai",25.6,23.3,24.9,92,23.9,19.3,270,1005.7,79.8
2022-07-12,30.0,29.0,10.0,2.0,2.0,2.0,"Borivali East MPCB, Mumbai",26.0,24.0,24.8,92,24.3,18.8,267,1005.3,72.9
2022-07-13,28.0,28.0,10.0,2.0,1.0,2.0,"Borivali East MPCB, Mumbai",25.8,24.5,25.2,91,31.8,24.9,263,1002.0,63.2
2022-07-14,29.0,40.0,11.0,2.0,1.0,3.0,"Borivali East MPCB, Mumbai",26.0,24.7,25.6,90,32.2,26.6,237,999.0,60.8
2022-07-15,44.0,34.0,10.0,2.0,1.0,3.0,"Borivali East MPCB, Mumbai",27.9,25.8,26.3,87,34.5,29.5,229,999.5,28.0
2022-07-16,44.0,31.0,6.0,1.0,1.0,2.0,"Borivali East MPCB, Mumbai",27.9,25.7,26.6,87,32.2,25.7,225,1000.7,22.2
2022-07-17,36.0,32.0,5.0,2.0,1.0,3.0,"Borivali East MPCB, Mumbai",28.5,25.6,26.9,86,23.7,18.7,236,1003.9,11.2
2022-07-18,36.0,39.0,6.0,1.0,1.0,3.0,"Borivali East MPCB, Mumbai",26.1,24.5,25.4,91,20.5,14.8,240,1005.0,27.1
2022-07-19,43.0,30.0,7.0,1.0,1.0,3.0,"Borivali East MPCB, Mumbai",26.5,24.2,25.4,90,20.9,15.2,246,1005.7,31.6
2022-07-20,36.0,23.0,6.0,1.0,1.0,3.0,"Borivali East MPCB, Mumbai",27.6,24.6,26.2,87,17.4,13.8,249,1006.5,12.9
2022-07-21,30.0,41.0,4.0,2.0,2.0,3.0,"Borivali East MPCB, Mumbai",27.9,25.4,26.6,84,18.7,13.3,251,1006.8,4.7
2022-07-22,41.0,35.0,8.0,1.0,1.0,3.0,"Borivali East MPCB, Mumbai",28.0,25.3,26.7,84,18.9,12.7,266,1007.4,3.7
2022-07-23,37.0,30.0,7.0,1.0,1.0,3.0,"Borivali East MPCB, Mumbai",26.8,24.6,25.7,88,19.5,14.7,257,1005.7,21.7
2022-07-24,30.0,32.0,6.0,1.0,1.0,3.0,"Borivali East MPCB, Mumbai",26.5,25.0,25.5,90,18.3,14.2,244,1004.9,20.7
2022-07-25,38.0,29.0,6.0,1.0,1.0,3.0,"Borivali East MPCB, Mumbai",28.3,25.0,26.4,86,19.0,13.8,227,1006.2,8.2
2022-07-26,36.0,19.0,17.0,1.0,1.0,2.0,"Borivali East MPCB, Mumbai",27.9,24.9,26.3,87,15.6,10.4,228,1008.0,5.5
2022-07-27,7.0,29.0,11.0,1.0,1.0,1.0,"Borivali East MPCB, Mumbai",28.0,25.1,26.4,87,10.9,5.6,238,1008.0,5.7
2022-07-28,8.217391304347826,30.0,6.0,1.0,1.0,1.0,"Borivali East MPCB, Mumbai",28.6,24.9,26.8,88,16.3,7.5,303,1008.8,0.6
2022-07-29,9.434782608695652,26.0,6.0,1.0,2.0,1.0,"Borivali East MPCB, Mumbai",28.8,25.6,27.3,86,17.2,9.6,325,1008.3,0.4
2022-07-30,10.652173913043478,27.0,8.0,1.0,1.0,1.0,"Borivali East MPCB, Mumbai",29.0,26.1,27.4,83,16.3,9.7,303,1007.3,1.7
2022-07-31,31.0,27.0,5.0,1.0,1.0,1.0,"Borivali East MPCB, Mumbai",28.8,25.6,27.3,85,16.2,10.1,289,1005.8,1.2
2022-08-01,35.0,31.0,5.0,1.0,2.0,1.0,"Borivali East MPCB, Mumbai",28.9,25.9,27.1,84,17.9,10.4,285,1006.0,3.6
2022-08-02,35.0,25.0,3.0,1.0,3.0,1.0,"Borivali East MPCB, Mumbai",28.8,25.6,27.2,83,16.3,9.5,294,1005.0,2.6
2022-08-03,35.0,21.0,4.0,1.0,1.0,1.0,"Borivali East MPCB, Mumbai",28.6,25.6,27.2,84,15.2,7.8,288,1004.0,4.6
2022-08-04,35.0,19.0,4.0,1.0,2.0,2.0,"Borivali East MPCB, Mumbai",28.5,25.5,27.0,86,13.7,5.5,269,1003.0,14.3
2022-08-05,35.0,17.0,4.0,1.0,2.0,2.0,"Borivali East MPCB, Mumbai",27.5,25.2,26.1,91,13.6,6.8,217,1001.5,29.8
2022-08-06,35.0,23.0,5.0,1.0,1.0,3.0,"Borivali East MPCB, Mumbai",27.4,24.8,26.0,89,16.3,8.8,216,1000.4,21.9
2022-08-10,35.0,42.0,6.0,2.0,3.0,1.0,"Borivali East MPCB, Mumbai",27.7,25.4,26.2,88,37.8,30.6,228,997.1,36.2
2022-08-11,35.0,28.0,6.0,2.0,1.0,1.0,"Borivali East MPCB, Mumbai",28.4,25.6,26.6,85,36.2,32.1,226,998.6,27.4
2022-08-12,35.0,28.0,6.0,1.0,1.0,1.0,"Borivali East MPCB, Mumbai",27.8,25.3,26.3,85,40.0,32.6,223,1002.0,21.2
2022-08-13,35.0,27.0,6.0,1.0,1.0,1.0,"Borivali East MPCB, Mumbai",28.3,25.0,26.6,84,29.8,25.6,230,1004.1,10.4
2022-08-14,35.0,26.0,5.0,1.0,1.0,1.0,"Borivali East MPCB, Mumbai",28.0,24.6,26.7,82,29.0,25.3,235,1005.7,7.0
2022-08-15,35.0,19.0,5.0,1.0,1.0,1.0,"Borivali East MPCB, Mumbai",26.2,24.5,25.6,89,26.9,21.8,242,1006.0,35.0
2022-08-16,35.0,24.0,5.0,1.0,1.0,2.0,"Borivali East MPCB, Mumbai",26.2,24.7,25.4,90,31.4,24.9,229,1005.1,52.3
2022-08-18,35.0,26.0,6.0,1.0,1.0,2.0,"Borivali East MPCB, Mumbai",27.9,24.9,26.4,84,25.7,21.5,229,1006.9,8.7
2022-08-19,35.0,21.0,5.0,1.0,1.0,2.0,"Borivali East MPCB, Mumbai",27.9,24.9,26.1,85,26.1,18.4,233,1007.3,11.3
2022-08-20,36.0,26.0,6.0,1.0,1.0,2.0,"Borivali East MPCB, Mumbai",27.6,25.2,26.2,86,22.0,16.5,251,1007.2,4.2
2022-08-21,36.0,26.0,6.0,1.0,1.0,2.0,"Borivali East MPCB, Mumbai",27.8,25.2,26.2,85,21.4,17.1,259,1006.0,4.1
2022-08-22,37.0,25.0,5.0,1.0,1.0,2.0,"Borivali East MPCB, Mumbai",27.0,25.0,26.0,86,24.2,20.5,262,1004.8,6.4
2022-08-23,37.0,25.0,6.0,1.0,1.0,2.0,"Borivali East MPCB, Mumbai",27.7,25.0,26.1,86,23.5,20.1,246,1004.9,6.7
2022-08-24,33.0,24.0,6.0,1.0,1.0,2.0,"Borivali East MPCB, Mumbai",27.6,24.9,26.2,86,22.8,17.9,243,1007.5,6.7
2022-08-25,36.0,27.0,5.0,1.0,1.0,2.0,"Borivali East MPCB, Mumbai",27.2,24.8,25.8,87,15.9,11.5,230,1007.4,6.3
2022-08-26,36.0,38.0,8.0,1.0,1.0,2.0,"Borivali East MPCB, Mumbai",28.1,24.5,26.0,86,14.7,8.8,238,1007.5,2.2
2022-08-27,39.57142857142857,32.0,6.0,1.0,1.0,2.0,"Borivali East MPCB, Mumbai",28.1,24.6,26.2,84,16.1,8.6,272,1007.8,1.8
2022-08-28,43.142857142857146,32.0,6.0,1.0,2.0,2.0,"Borivali East MPCB, Mumbai",27.9,24.4,26.1,86,16.9,8.1,294,1007.5,2.5
2022-08-29,46.71428571428572,40.0,7.0,1.0,2.0,2.0,"Borivali East MPCB, Mumbai",28.3,24.5,26.2,86,15.8,7.5,315,1008.6,1.4
2022-08-30,35.0,46.0,9.0,1.0,2.0,2.0,"Borivali East MPCB, Mumbai",29.0,25.3,27.0,86,18.8,10.3,332,1008.5,0.6
2022-08-31,35.0,22.0,10.0,1.0,2.0,2.0,"Borivali East MPCB, Mumbai",29.3,25.1,27.3,89,17.6,8.9,322,1007.0,15.9
2022-09-01,46.0,29.0,11.0,1.0,1.0,2.0,"Borivali East MPCB, Mumbai",28.6,24.8,26.6,89,15.3,6.6,353,1006.9,7.9
2022-09-02,61.0,33.0,12.0,1.0,1.0,3.0,"Borivali East MPCB, Mumbai",30.0,25.0,27.3,88,13.2,6.5,347,1007.1,10.0
2022-09-03,72.0,24.0,6.0,1.0,1.0,2.0,"Borivali East MPCB, Mumbai",29.6,25.5,27.6,88,14.6,8.7,215,1007.4,2.1
2022-09-04,58.0,22.0,5.0,1.3333333333333333,1.0,2.0,"Borivali East MPCB, Mumbai",28.6,26.3,27.0,88,15.4,7.7,265,1007.7,4.8
2022-09-05,42.0,19.0,4.0,1.6666666666666663,1.0,2.0,"Borivali East MPCB, Mumbai",28.8,26.0,27.2,84,16.2,9.5,294,1007.6,2.5
2022-09-06,39.0,36.0,10.0,2.0,1.0,3.0,"Borivali East MPCB, Mumbai",28.4,25.9,27.0,84,13.3,6.5,320,1007.1,4.9
2022-09-07,69.0,24.0,15.0,2.0,1.0,3.0,"Borivali East MPCB, Mumbai",29.6,25.2,27.1,87,16.8,7.8,346,1006.8,24.7
2022-09-08,58.0,24.0,16.0,3.0,1.0,3.0,"Borivali East MPCB, Mumbai",28.4,24.8,26.3,91,14.9,8.5,350,1005.5,49.5
2022-09-09,66.0,25.0,8.0,2.0,1.0,3.0,"Borivali East MPCB, Mumbai",29.6,25.2,27.0,88,12.7,6.0,183,1004.4,10.1
2022-09-10,66.0,26.0,9.0,2.0,1.0,4.0,"Borivali East MPCB, Mumbai",29.3,25.4,26.6,90,10.5,5.6,201,1004.5,18.0
2022-09-11,70.0,21.0,7.0,2.0,1.6666666666666663,3.0,"Borivali East MPCB, Mumbai",28.6,24.8,26.4,89,12.0,5.7,344,1002.2,20.5
2022-09-12,54.0,15.0,8.0,2.0,2.333333333333333,3.0,"Borivali East MPCB, Mumbai",28.7,24.9,26.2,90,18.4,7.4,208,1000.9,16.3
2022-09-13,40.0,11.0,9.0,2.0,3.0,2.0,"Borivali East MPCB, Mumbai",26.9,25.2,26.0,91,23.4,15.4,242,1002.8,33.3
2022-09-14,34.0,16.0,7.0,2.0,2.0,2.0,"Borivali East MPCB, Mumbai",27.4,25.2,25.9,90,27.5,20.9,230,1005.8,63.2
2022-09-15,34.0,7.0,8.0,2.0,2.0,2.0,"Borivali East MPCB, Mumbai",27.1,25.0,25.9,90,31.2,24.8,235,1007.1,70.1
2022-09-16,34.0,9.571428571428571,8.0,2.0,2.0,2.142857142857143,"Borivali East MPCB, Mumbai",26.0,24.4,25.5,92,26.3,19.0,248,1006.2,78.1
2022-09-17,40.0,12.142857142857142,8.0,2.0,2.0,2.2857142857142856,"Borivali East MPCB, Mumbai",27.4,23.8,25.1,90,18.5,12.8,216,1006.7,46.7
2022-09-18,35.0,14.714285714285714,8.0,2.0,2.0,2.4285714285714284,"Borivali East MPCB, Mumbai",25.9,24.1,24.8,92,15.5,9.1,252,1008.6,62.2
2022-09-19,58.0,28.0,5.0,1.0,2.0,3.0,"Borivali East MPCB, Mumbai",27.8,23.9,25.7,84,16.2,8.4,262,1009.0,2.3
2022-09-20,64.0,28.0,5.0,2.0,2.0,3.0,"Borivali East MPCB, Mumbai",26.3,24.1,25.2,87,12.8,6.7,273,1008.8,5.4
2022-09-21,56.0,28.0,5.0,5.0,2.0,3.0,"Borivali East MPCB, Mumbai",26.7,24.1,25.1,88,15.5,6.7,266,1008.8,8.7
2022-09-22,59.0,25.0,8.0,4.0,9.0,3.0,"Borivali East MPCB, Mumbai",25.5,24.0,24.8,90,14.7,7.2,229,1009.2,11.6
2022-09-23,59.0,20.0,7.0,4.0,8.0,3.0,"Borivali East MPCB, Mumbai",28.4,24.0,26.0,82,18.6,10.8,212,1009.0,1.1
2022-09-24,48.0,22.0,8.0,3.0,8.0,3.0,"Borivali East MPCB, Mumbai",27.2,24.2,25.6,87,16.9,9.9,203,1008.4,3.4
2022-09-25,51.0,17.0,8.0,3.0,7.0,3.0,"Borivali East MPCB, Mumbai",28.1,23.9,25.8,86,12.6,6.9,229,1008.3,3.3
2022-09-26,46.0,19.0,6.0,2.0,8.0,2.0,"Borivali East MPCB, Mumbai",27.4,23.9,25.7,85,13.8,6.6,269,1010.0,2.4
2022-09-27,44.0,26.0,11.0,3.0,7.0,3.0,"Borivali East MPCB, Mumbai",27.8,24.1,25.8,88,13.6,6.1,296,1008.8,0.6
2022-09-28,55.0,38.0,9.0,3.0,7.0,3.0,"Borivali East MPCB, Mumbai",27.7,24.2,26.0,87,15.5,7.1,277,1007.8,1.9
2022-09-29,78.0,45.0,13.0,3.0,8.0,3.0,"Borivali East MPCB, Mumbai",27.8,24.0,25.8,88,13.7,7.5,341,1007.7,1.1
2022-09-30,91.0,38.0,10.0,3.0,7.0,3.0,"Borivali East MPCB, Mumbai",28.9,24.1,26.5,88,15.6,8.1,339,1008.2,4.8
2022-10-01,76.0,18.0,6.0,2.0,8.0,2.0,"Borivali East MPCB, Mumbai",27.7,24.0,26.1,88,15.0,8.2,314,1008.8,5.0
2022-10-02,41.0,26.0,9.0,3.0,7.0,3.0,"Borivali East MPCB, Mumbai",28.4,24.2,26.3,87,16.4,6.8,328,1009.1,0.8
2022-10-03,57.0,35.0,14.0,3.0,7.0,3.0,"Borivali East MPCB, Mumbai",28.5,24.4,26.3,87,17.8,8.8,334,1009.5,1.1
2022-10-04,70.0,39.0,13.0,3.0,8.0,3.0,"Borivali East MPCB, Mumbai",29.2,24.6,27.0,85,20.7,10.9,335,1009.3,1.1
2022-10-05,88.0,28.0,9.0,3.0,8.0,3.0,"Borivali East MPCB, Mumbai",29.9,25.0,27.4,86,20.4,10.0,338,1008.1,5.4
2022-10-06,61.0,24.0,9.0,4.0,7.0,3.0,"Borivali East MPCB, Mumbai",29.4,25.4,27.5,85,21.9,12.2,314,1006.3,3.3
2022-10-07,75.0,23.0,10.0,6.0,7.0,3.0,"Borivali East MPCB, Mumbai",27.0,24.5,25.7,87,18.7,10.9,310,1005.2,21.4
2022-10-08,62.0,25.0,8.0,4.0,8.0,3.0,"Borivali East MPCB, Mumbai",27.1,24.8,25.8,88,16.0,11.7,235,1007.4,26.5
2022-10-09,57.0,25.0,14.0,3.0,8.0,3.0,"Borivali East MPCB, Mumbai",28.6,25.0,26.7,85,13.0,8.6,214,1009.0,1.1
2022-10-10,60.0,33.0,11.0,3.0,8.0,3.0,"Borivali East MPCB, Mumbai",29.2,24.4,26.8,86,13.8,7.0,325,1010.0,0.4
2022-10-11,74.0,22.0,11.0,3.0,7.0,3.0,"Borivali East MPCB, Mumbai",29.8,24.5,26.7,88,13.8,6.3,5,1008.9,7.2
2022-10-12,60.0,28.0,10.0,3.0,8.0,3.0,"Borivali East MPCB, Mumbai",28.5,24.0,25.8,89,13.0,5.9,54,1009.5,10.4
2022-10-13,70.0,30.0,16.0,3.0,7.0,3.0,"Borivali East MPCB, Mumbai",29.8,23.7,26.4,90,11.5,4.5,36,1009.5,7.5
2022-10-14,75.0,39.0,11.0,4.0,8.0,3.0,"Borivali East MPCB, Mumbai",30.2,24.5,26.5,86,12.1,5.8,91,1009.4,17.9
2022-10-15,74.0,44.0,17.0,4.0,7.0,4.0,"Borivali East MPCB, Mumbai",32.0,23.7,27.5,75,15.9,8.1,24,1008.4,0.1
2022-10-16,89.0,42.375,15.625,3.875,6.875,3.875,"Borivali East MPCB, Mumbai",32.2,24.8,27.8,65,15.1,10.7,47,1009.4,0.0
2022-10-23,84.625,31.0,6.0,3.0,6.0,3.0,"Borivali East MPCB, Mumbai",31.4,22.7,26.4,66,16.6,8.4,36,1013.1,0.0
2022-10-24,84.0,58.0,12.0,5.0,7.0,4.0,"Borivali East MPCB, Mumbai",30.9,21.3,25.5,68,14.6,8.1,4,1011.3,0.0
2022-10-25,147.0,50.0,19.0,4.0,7.0,4.0,"Borivali East MPCB, Mumbai",29.8,20.6,25.4,78,12.7,7.4,1,1011.4,0.0
2022-10-26,115.0,52.0,20.0,4.0,6.0,4.0,"Borivali East MPCB, Mumbai",30.4,21.4,25.7,72,15.2,9.2,3,1012.7,0.0
2022-10-27,124.0,50.0,24.0,4.0,7.0,4.0,"Borivali East MPCB, Mumbai",30.1,21.6,25.6,68,15.8,8.8,22,1012.6,0.0
2022-10-28,126.0,52.0,21.0,4.0,6.0,4.0,"Borivali East MPCB, Mumbai",31.0,21.4,25.9,65,15.2,10.1,65,1011.9,0.0
2022-10-29,124.0,56.0,25.0,5.0,6.0,4.0,"Borivali East MPCB, Mumbai",32.2,21.3,25.8,61,13.3,8.5,78,1011.8,0.0
2022-10-30,123.0,54.0,26.0,5.0,6.0,4.0,"Borivali East MPCB, Mumbai",31.9,21.9,26.1,57,17.5,11.4,48,1012.1,0.0
2022-10-31,126.0,63.0,27.0,5.0,6.0,4.0,"Borivali East MPCB, Mumbai",31.9,21.2,25.5,62,16.8,9.4,49,1011.6,0.0
2022-11-01,156.0,68.0,30.0,5.0,7.0,4.0,"Borivali East MPCB, Mumbai",31.5,21.9,25.4,57,16.6,11.1,68,1012.4,0.0
2022-11-02,158.0,57.0,24.0,5.0,6.0,4.0,"Borivali East MPCB, Mumbai",31.5,21.6,25.6,64,14.6,9.9,37,1011.7,0.0
2022-11-03,134.0,56.0,23.0,5.0,6.0,4.0,"Borivali East MPCB, Mumbai",33.2,21.5,26.2,56,16.6,11.8,62,1011.3,0.0
2022-11-04,132.0,54.0,28.0,6.0,6.0,4.0,"Borivali East MPCB, Mumbai",33.3,22.1,26.4,55,15.4,11.2,59,1012.0,0.0
2022-11-05,126.0,54.0,23.0,5.0,5.0,4.0,"Borivali East MPCB, Mumbai",32.8,22.6,26.4,55,12.6,8.8,52,1013.1,0.0
2022-11-06,117.0,57.0,24.0,5.0,5.0,4.0,"Borivali East MPCB, Mumbai",32.5,21.7,26.0,59,13.2,9.8,50,1013.5,0.0
2022-11-07,122.0,62.0,26.0,5.0,5.0,4.0,"Borivali East MPCB, Mumbai",31.3,19.9,25.2,65,13.7,8.0,15,1013.3,0.0
2022-11-08,137.0,67.0,30.0,5.0,5.0,5.0,"Borivali East MPCB, Mumbai",31.7,20.8,25.9,66,15.6,8.9,357,1013.0,0.0
2022-11-09,155.0,64.0,34.0,5.0,6.0,5.0,"Borivali East MPCB, Mumbai",31.6,21.6,26.3,61,13.9,9.0,350,1012.8,0.0
2022-11-10,156.0,63.0,29.0,4.0,5.0,4.0,"Borivali East MPCB, Mumbai",31.6,21.6,25.8,62,20.0,9.3,27,1013.2,0.0
2022-11-11,156.0,73.0,31.0,5.0,5.0,5.0,"Borivali East MPCB, Mumbai",32.9,22.3,26.7,55,16.4,11.8,49,1013.3,0.0
2022-11-12,163.0,77.0,36.0,6.0,5.0,5.0,"Borivali East MPCB, Mumbai",33.0,23.1,26.9,55,18.4,12.0,42,1013.0,0.0
2022-11-13,167.0,88.0,45.0,6.0,6.0,6.0,"Borivali East MPCB, Mumbai",32.5,23.1,26.7,57,16.6,11.8,45,1012.0,0.0
2022-11-14,175.0,73.0,44.0,6.0,5.0,6.0,"Borivali East MPCB, Mumbai",32.2,22.9,26.5,64,14.4,10.6,45,1012.2,0.0
2022-11-15,168.0,68.0,28.0,3.0,6.0,5.0,"Borivali East MPCB, Mumbai",31.2,21.2,26.2,70,14.3,7.7,351,1012.7,0.0
2022-11-16,156.0,67.0,28.0,2.0,5.0,3.0,"Borivali East MPCB, Mumbai",31.6,21.8,26.2,63,14.7,10.2,1,1012.0,0.0
2022-11-17,158.0,55.0,34.0,3.0,5.0,2.0,"Borivali East MPCB, Mumbai",32.4,22.2,26.3,54,21.2,12.0,20,1011.9,0.0
2022-11-18,119.0,63.0,37.0,3.0,5.0,2.0,"Borivali East MPCB, Mumbai",31.9,22.4,26.1,46,18.9,12.7,32,1012.3,0.0
2022-11-19,141.0,58.0,41.0,3.0,5.0,2.0,"Borivali East MPCB, Mumbai",31.4,22.1,25.5,45,19.7,13.6,51,1012.2,0.0
2022-11-20,141.0,63.0,39.0,3.0,4.0,3.0,"Borivali East MPCB, Mumbai",30.2,20.6,24.6,46,19.2,13.0,46,1011.4,0.0
2022-11-21,152.0,71.0,46.0,3.0,5.0,3.0,"Borivali East MPCB, Mumbai",29.6,19.4,23.8,50,17.4,11.3,30,1011.2,0.0
2022-11-22,164.0,79.0,43.0,3.0,5.0,4.0,"Borivali East MPCB, Mumbai",30.5,19.0,24.3,55,17.0,10.3,8,1011.1,0.0
2022-11-23,166.0,79.0,39.0,3.0,5.0,4.0,"Borivali East MPCB, Mumbai",31.1,22.5,25.8,52,17.3,11.8,11,1011.2,0.0
2022-11-24,167.0,87.0,36.0,3.0,5.0,4.0,"Borivali East MPCB, Mumbai",30.8,20.6,25.6,58,16.9,10.0,359,1010.8,0.0
2022-11-25,172.0,94.0,38.0,3.0,6.0,5.0,"Borivali East MPCB, Mumbai",31.5,20.9,25.9,63,14.2,8.4,8,1011.3,0.0
2022-11-26,180.0,85.0,46.0,3.0,5.0,5.0,"Borivali East MPCB, Mumbai",31.7,22.0,26.5,65,15.3,8.7,7,1010.4,0.0
2022-11-27,176.0,56.0,26.0,2.0,5.0,3.0,"Borivali East MPCB, Mumbai",30.1,22.0,26.0,70,15.0,7.9,329,1008.7,0.0
2022-11-28,126.0,68.0,40.0,5.0,5.0,3.0,"Borivali East MPCB, Mumbai",29.5,20.4,24.5,68,15.0,9.8,344,1009.7,0.0
2022-11-29,139.0,77.0,44.0,3.0,6.0,4.0,"Borivali East MPCB, Mumbai",29.3,19.4,24.0,72,13.2,8.8,341,1010.6,0.0
2022-11-30,162.0,85.0,44.0,3.0,6.0,5.0,"Borivali East MPCB, Mumbai",31.9,20.3,25.8,65,14.4,9.1,14,1011.2,0.0
2022-12-01,174.0,82.0,41.0,3.0,5.0,4.0,"Borivali East MPCB, Mumbai",32.2,21.9,25.7,61,15.1,10.4,53,1011.1,0.0
2022-12-02,172.0,81.0,36.0,3.0,5.0,3.0,"Borivali East MPCB, Mumbai",31.9,19.2,25.0,60,13.4,9.5,21,1010.5,0.0
2022-12-03,170.0,89.0,33.0,3.0,5.0,4.0,"Borivali East MPCB, Mumbai",30.3,19.8,25.1,64,17.3,10.0,353,1010.7,0.0
2022-12-04,175.0,106.0,34.0,3.0,5.0,6.0,"Borivali East MPCB, Mumbai",32.0,21.8,26.4,66,14.5,8.8,357,1011.2,0.0
2022-12-05,201.0,106.0,37.0,3.0,5.0,6.0,"Borivali East MPCB, Mumbai",31.5,22.4,26.5,71,15.3,9.1,352,1012.2,0.0
2022-12-06,199.0,101.0,31.0,1.0,5.0,6.0,"Borivali East MPCB, Mumbai",31.6,23.2,26.8,70,17.9,10.3,348,1011.9,0.0
2022-12-07,195.0,83.0,40.0,2.0,5.0,4.0,"Borivali East MPCB, Mumbai",31.8,22.8,26.6,67,18.9,10.8,349,1011.4,0.0
2022-12-08,173.0,69.0,35.0,2.0,5.0,3.0,"Borivali East MPCB, Mumbai",31.0,22.7,26.1,62,20.2,12.0,15,1011.1,0.0
2022-12-09,149.0,61.0,34.0,3.0,5.0,3.0,"Borivali East MPCB, Mumbai",29.2,20.5,24.6,50,16.9,12.2,20,1009.7,0.0
2022-12-10,136.0,70.0,36.0,4.0,5.0,3.0,"Borivali East MPCB, Mumbai",31.1,19.1,23.8,55,17.2,11.7,28,1009.2,0.0
2022-12-11,147.0,69.0,22.0,3.0,5.0,3.0,"Borivali East MPCB, Mumbai",31.0,19.1,24.7,57,18.1,10.6,10,1009.8,0.0
2022-12-12,151.0,66.0,16.0,2.0,5.0,4.0,"Borivali East MPCB, Mumbai",31.5,22.2,26.5,63,16.6,8.5,359,1009.4,0.0
2022-12-13,132.0,58.0,20.0,3.0,5.0,3.0,"Borivali East MPCB, Mumbai",32.2,24.2,27.5,68,17.2,9.3,34,1009.9,0.0
2022-12-14,102.0,56.0,25.0,4.0,5.0,3.0,"Borivali East MPCB, Mumbai",32.0,25.4,27.9,66,13.7,8.1,70,1010.9,0.1
2022-12-15,106.0,57.0,29.0,3.0,5.0,3.0,"Borivali East MPCB, Mumbai",31.5,24.9,27.2,70,14.8,8.9,50,1010.9,0.0
2022-12-16,116.0,61.0,27.0,2.0,5.0,3.0,"Borivali East MPCB, Mumbai",32.8,23.6,27.2,70,16.0,9.7,5,1010.5,0.0
2022-12-17,127.0,67.0,28.0,2.0,5.0,3.0,"Borivali East MPCB, Mumbai",32.9,24.0,27.6,69,16.4,9.9,357,1011.2,0.0
2022-12-18,135.0,57.0,29.0,2.0,5.0,3.0,"Borivali East MPCB, Mumbai",33.0,25.1,28.1,61,19.9,11.6,12,1010.9,0.0
2022-12-19,106.0,65.0,30.0,3.0,5.0,3.0,"Borivali East MPCB, Mumbai",31.4,24.3,27.1,58,17.3,11.6,8,1010.0,0.0
2022-12-20,119.0,82.0,31.0,6.0,5.0,4.0,"Borivali East MPCB, Mumbai",30.3,22.2,26.2,55,15.3,10.8,358,1009.6,0.0
2022-12-21,145.0,85.0,28.0,6.0,5.0,4.0,"Borivali East MPCB, Mumbai",30.2,21.4,25.3,60,14.8,9.7,7,1010.2,0.0
2022-12-22,160.0,86.0,25.0,6.0,5.0,5.0,"Borivali East MPCB, Mumbai",30.4,20.0,24.8,70,17.0,9.6,350,1010.2,0.0
2022-12-23,162.0,71.0,15.0,5.0,4.0,3.0,"Borivali East MPCB, Mumbai",29.0,21.2,24.4,62,20.9,12.4,343,1011.0,0.0
2022-12-24,131.0,83.0,16.0,6.0,4.0,4.0,"Borivali East MPCB, Mumbai",28.2,19.4,22.6,52,20.0,14.3,351,1012.0,0.0
2022-12-25,155.0,74.0,8.0,4.0,3.0,4.0,"Borivali East MPCB, Mumbai",27.0,15.9,21.2,68,13.7,8.3,340,1012.1,0.0
2022-12-26,158.0,67.0,4.0,2.0,3.0,4.0,"Borivali East MPCB, Mumbai",27.4,15.6,21.6,75,15.0,9.4,349,1013.2,0.0
2022-12-27,159.0,54.0,2.0,2.0,3.0,3.0,"Borivali East MPCB, Mumbai",28.8,17.6,23.0,72,16.6,10.7,347,1014.0,0.0
2022-12-28,134.0,49.0,3.0,1.0,3.0,3.0,"Borivali East MPCB, Mumbai",29.5,17.7,23.3,74,17.3,10.2,344,1014.9,0.0
2022-12-29,113.0,52.0,2.6666666666666665,3.0,3.0,3.333333333333333,"Borivali East MPCB, Mumbai",30.0,18.4,23.6,73,17.5,10.1,346,1016.0,0.0
2022-12-30,114.5,55.0,2.333333333333333,5.0,3.0,3.6666666666666665,"Borivali East MPCB, Mumbai",29.4,18.2,23.7,70,18.4,10.2,344,1017.0,0.0
2022-12-31,116.0,58.0,2.0,2.0,3.0,4.0,"Borivali East MPCB, Mumbai",28.7,20.1,23.5,67,21.4,13.6,344,1016.6,0.0
2023-01-01,129.0,57.0,1.0,1.0,3.0,4.0,"Borivali East MPCB, Mumbai",26.9,16.4,21.8,68,18.0,12.2,344,1016.2,0.0
2023-01-02,151.0,66.75,3.75,2.333333333333333,2.75,3.75,"Borivali East MPCB, Mumbai",28.2,16.5,22.4,72,16.3,10.6,350,1015.3,0.0
2023-01-04,170.33333333333334,86.25,9.25,5.0,2.25,3.25,"Borivali East MPCB, Mumbai",28.1,17.2,22.7,71,16.7,10.0,345,1013.9,0.0
2023-01-05,180.0,96.0,12.0,1.0,2.0,3.0,"Borivali East MPCB, Mumbai",29.2,19.8,24.0,70,14.1,9.2,4,1014.5,0.0
2023-01-06,168.0,103.0,13.0,3.0,9.0,4.0,"Borivali East MPCB, Mumbai",31.9,20.1,25.3,66,18.1,11.4,51,1016.0,0.0
2023-01-07,163.0,81.0,10.0,3.0,5.0,3.0,"Borivali East MPCB, Mumbai",31.9,23.0,26.1,64,18.4,12.4,34,1016.0,0.0
2023-01-08,159.0,61.0,11.0,3.0,5.0,2.0,"Borivali East MPCB, Mumbai",31.0,22.3,25.4,59,22.0,13.3,14,1015.0,0.0
2023-01-09,117.0,65.0,15.0,3.0,5.0,2.0,"Borivali East MPCB, Mumbai",30.1,20.2,24.4,49,20.2,12.3,6,1016.0,0.0
2023-01-10,131.0,81.0,22.0,5.0,5.0,4.0,"Borivali East MPCB, Mumbai",30.3,18.3,23.6,50,18.5,10.6,5,1015.5,0.0
2023-01-11,153.0,71.0,23.0,3.0,5.0,3.0,"Borivali East MPCB, Mumbai",28.8,16.5,22.2,63,15.3,9.0,358,1013.7,0.0
2023-01-12,134.0,112.0,15.0,2.0,4.0,1.0,"Borivali East MPCB, Mumbai",27.6,17.0,22.1,73,19.7,10.9,339,1013.1,0.0
2023-01-13,83.0,102.0,19.0,2.0,4.0,2.0,"Borivali East MPCB, Mumbai",26.0,19.2,22.2,75,21.5,12.9,342,1014.1,0.0
2023-01-14,105.0,91.0,21.0,3.0,4.0,4.0,"Borivali East MPCB, Mumbai",25.8,16.4,20.6,64,22.2,13.8,347,1014.0,0.0
2023-01-15,154.0,98.0,20.0,3.0,5.0,5.0,"Borivali East MPCB, Mumbai",25.4,15.5,20.4,68,19.6,11.0,342,1012.3,0.0
2023-01-16,162.0,92.0,26.0,3.0,5.0,5.0,"Borivali East MPCB, Mumbai",25.1,14.6,20.1,76,14.9,9.3,345,1012.5,0.0
2023-01-17,162.0,101.0,33.0,4.0,5.0,5.0,"Borivali East MPCB, Mumbai",26.5,15.7,20.8,75,16.1,8.8,341,1012.9,0.0
2023-01-18,168.0,81.0,21.0,4.0,5.0,5.0,"Borivali East MPCB, Mumbai",28.5,15.2,21.5,75,13.1,8.2,350,1013.7,0.0
2023-01-19,145.0,71.0,14.0,3.0,5.0,3.0,"Borivali East MPCB, Mumbai",27.4,16.3,21.9,75,12.1,6.5,328,1013.6,0.0
2023-01-20,136.0,71.0,16.0,2.0,5.0,3.0,"Borivali East MPCB, Mumbai",26.6,16.8,21.6,75,15.2,9.1,341,1013.6,0.0
2023-01-21,131.0,75.0,14.0,2.0,5.0,3.0,"Borivali East MPCB, Mumbai",26.9,17.6,21.9,71,19.6,11.1,340,1013.9,0.0
2023-01-22,139.0,77.0,14.0,2.0,5.0,3.0,"Borivali East MPCB, Mumbai",26.5,18.5,21.7,61,24.2,14.1,347,1013.3,0.0
2023-01-23,146.0,81.0,14.0,2.0,5.0,3.0,"Borivali East MPCB, Mumbai",25.1,17.3,20.9,57,25.1,15.1,343,1012.8,0.0
2023-01-24,152.0,95.0,16.0,3.0,5.0,4.0,"Borivali East MPCB, Mumbai",25.1,17.4,20.8,59,25.3,14.6,343,1013.1,0.0
2023-01-25,169.0,122.0,14.0,3.0,6.0,5.0,"Borivali East MPCB, Mumbai",26.0,17.6,20.9,57,27.5,17.6,347,1013.0,0.0
2023-01-26,182.0,101.0,11.0,2.0,6.0,6.0,"Borivali East MPCB, Mumbai",26.8,17.9,22.1,60,23.0,17.0,345,1012.4,0.0
2023-01-27,178.0,80.0,12.0,2.0,6.0,4.0,"Borivali East MPCB, Mumbai",31.8,20.4,24.9,67,17.9,11.4,358,1011.4,0.0
2023-01-28,151.0,84.0,11.0,2.0,6.0,4.0,"Borivali East MPCB, Mumbai",31.6,20.5,24.6,72,18.4,10.3,199,1010.5,0.0
2023-01-29,162.0,86.0,17.0,2.0,5.0,3.0,"Borivali East MPCB, Mumbai",26.6,21.5,23.2,88,15.8,8.6,269,1010.3,0.7
2023-01-30,155.0,101.0,14.0,2.0,6.0,5.0,"Borivali East MPCB, Mumbai",27.3,19.7,23.1,80,23.0,13.4,338,1013.0,0.0
2023-01-31,177.0,90.0,12.0,2.0,6.0,4.0,"Borivali East MPCB, Mumbai",29.9,20.9,24.9,65,25.0,17.0,350,1012.7,0.0
2023-02-01,164.0,82.0,14.0,2.0,7.0,3.0,"Borivali East MPCB, Mumbai",33.3,22.9,26.8,53,24.7,15.7,23,1012.0,0.0
2023-02-02,156.0,72.0,14.0,2.0,6.0,3.0,"Borivali East MPCB, Mumbai",33.7,24.0,27.1,51,23.4,16.1,36,1012.1,0.0
2023-02-03,142.0,77.0,21.0,3.0,6.0,3.0,"Borivali East MPCB, Mumbai",31.5,21.4,25.6,52,17.6,11.6,357,1012.8,0.0
2023-02-04,143.0,77.0,14.0,2.0,6.0,3.0,"Borivali East MPCB, Mumbai",30.6,18.6,24.7,57,18.0,10.5,345,1011.7,0.0
2023-02-05,147.0,85.0,28.0,4.0,7.0,4.0,"Borivali East MPCB, Mumbai",30.0,19.1,23.9,65,13.9,7.4,330,1010.9,0.0
2023-02-06,152.0,78.0,35.0,3.0,4.0,2.0,"Borivali East MPCB, Mumbai",28.8,17.9,23.6,67,21.7,12.8,337,1011.6,0.0
2023-02-07,120.0,97.0,47.0,8.0,4.0,4.0,"Borivali East MPCB, Mumbai",30.9,19.8,24.4,63,23.2,13.7,344,1011.4,0.0
2023-02-08,159.0,85.0,46.0,4.0,5.0,4.0,"Borivali East MPCB, Mumbai",30.4,18.0,24.7,58,19.4,11.7,346,1011.3,0.0
2023-02-09,141.0,84.0,45.0,4.0,6.0,3.0,"Borivali East MPCB, Mumbai",32.7,19.0,25.2,54,17.3,11.1,0,1011.5,0.0
2023-02-10,136.0,73.0,30.0,4.0,6.0,2.0,"Borivali East MPCB, Mumbai",30.2,19.2,24.4,59,17.1,11.4,337,1013.1,0.0
2023-02-11,102.0,68.0,29.0,3.0,6.0,3.0,"Borivali East MPCB, Mumbai",30.6,17.6,24.1,54,21.1,13.3,342,1014.0,0.0
2023-02-12,117.0,77.0,27.0,3.0,6.0,3.0,"Borivali East MPCB, Mumbai",32.2,18.4,25.5,46,24.2,14.2,353,1013.8,0.0
2023-02-13,110.0,74.0,30.0,3.0,6.0,2.0,"Borivali East MPCB, Mumbai",33.2,22.5,26.8,40,21.2,14.7,8,1013.6,0.0
2023-02-14,105.0,86.0,31.0,6.0,7.0,4.0,"Borivali East MPCB, Mumbai",32.2,20.2,25.3,43,17.1,11.5,2,1013.4,0.0
2023-02-15,121.0,65.0,25.0,3.0,6.0,2.0,"Borivali East MPCB, Mumbai",32.0,17.9,24.9,49,20.2,11.7,357,1011.7,0.0
2023-02-16,104.0,75.0,29.0,3.0,7.0,2.0,"Borivali East MPCB, Mumbai",34.6,22.4,27.5,34,20.9,14.9,27,1012.0,0.0
2023-02-17,106.0,69.0,35.0,3.0,6.0,2.0,"Borivali East MPCB, Mumbai",34.0,22.5,27.6,36,21.5,13.0,2,1012.4,0.0
2023-02-18,105.0,84.0,52.0,4.0,7.0,4.0,"Borivali East MPCB, Mumbai",35.1,20.2,27.4,37,19.6,12.9,11,1012.0,0.0
2023-02-19,138.0,85.0,61.0,4.0,6.0,5.0,"Borivali East MPCB, Mumbai",34.8,18.6,26.1,43,18.7,11.3,24,1011.8,0.0
2023-02-20,142.0,62.0,11.0,6.0,7.0,2.0,"Borivali East MPCB, Mumbai",30.8,19.8,25.3,61,14.6,8.5,258,1012.3,0.0
2023-02-21,90.0,74.0,25.0,4.0,7.0,1.0,"Borivali East MPCB, Mumbai",30.9,20.2,25.6,64,18.9,10.5,332,1013.0,0.0
2023-02-22,105.0,81.0,37.0,4.0,7.0,3.0,"Borivali East MPCB, Mumbai",29.4,19.5,24.5,70,20.6,12.8,338,1012.7,0.0
2023-02-23,132.0,98.0,32.0,7.0,7.0,5.0,"Borivali East MPCB, Mumbai",31.9,20.1,25.5,52,22.2,13.4,340,1011.7,0.0
2023-02-24,162.0,87.0,35.0,5.0,9.0,3.0,"Borivali East MPCB, Mumbai",33.8,21.4,27.0,45,22.7,13.8,340,1012.6,0.0
2023-02-25,152.0,97.0,34.0,5.0,9.0,4.0,"Borivali East MPCB, Mumbai",33.3,22.4,27.2,42,25.5,14.6,340,1014.3,0.0
2023-02-26,156.0,91.0,35.0,6.0,6.0,3.0,"Borivali East MPCB, Mumbai",34.0,20.0,26.7,43,24.0,14.3,344,1014.7,0.0
2023-02-27,143.0,78.0,62.0,8.0,1.0,3.0,"Borivali East MPCB, Mumbai",33.8,22.2,27.1,43,25.0,14.2,342,1014.4,0.0
2023-02-28,127.0,76.0,47.0,6.0,1.0,3.0,"Borivali East MPCB, Mumbai",32.8,20.2,25.7,51,19.1,11.3,336,1014.7,0.0
2023-03-01,135.0,105.0,51.0,8.5,1.0,5.0,"Borivali East MPCB, Mumbai",31.6,20.9,26.0,55,21.4,11.5,339,1015.1,0.0
2023-03-02,164.0,104.0,55.0,11.0,1.0,5.0,"Borivali East MPCB, Mumbai",35.1,22.4,27.5,47,18.6,11.8,344,1015.1,0.0
2023-03-03,168.0,103.0,59.0,13.0,4.0,4.0,"Borivali East MPCB, Mumbai",33.3,21.5,27.1,57,18.3,8.8,314,1015.5,0.0
2023-03-04,168.0,107.0,64.0,9.0,2.0,5.0,"Borivali East MPCB, Mumbai",33.7,21.9,27.4,63,15.3,9.3,325,1015.2,0.0
2023-03-05,173.0,99.0,48.0,6.0,2.0,3.0,"Borivali East MPCB, Mumbai",36.8,23.6,28.7,57,19.6,9.9,321,1014.7,0.0
2023-03-06,156.0,64.0,44.0,5.0,2.0,2.0,"Borivali East MPCB, Mumbai",36.3,26.0,30.1,39,23.7,15.4,44,1013.7,0.3
2023-03-07,116.0,68.0,57.0,9.0,2.0,2.0,"Borivali East MPCB, Mumbai",35.5,23.8,28.9,44,26.4,14.8,80,1013.4,0.0
2023-03-08,121.0,63.0,44.0,6.0,2.0,2.0,"Borivali East MPCB, Mumbai",35.0,22.8,27.7,54,20.7,11.1,346,1013.5,0.0
2023-03-09,112.0,64.0,40.0,6.0,2.0,2.0,"Borivali East MPCB, Mumbai",36.4,22.0,29.2,35,25.6,13.2,353,1012.7,0.0
2023-03-10,102.0,71.0,48.0,6.0,2.0,2.0,"Borivali East MPCB, Mumbai",35.2,24.4,28.8,33,24.6,14.5,350,1012.3,0.0
2023-03-11,120.0,84.0,65.0,7.0,2.0,3.0,"Borivali East MPCB, Mumbai",36.0,22.6,29.0,40,19.0,12.1,358,1011.6,0.0
2023-03-12,144.0,84.0,60.0,7.0,2.0,4.0,"Borivali East MPCB, Mumbai",37.4,23.4,29.4,41,24.3,10.4,337,1011.0,0.0
2023-03-13,154.0,85.0,60.0,8.0,2.0,4.0,"Borivali East MPCB, Mumbai",36.9,23.8,29.1,51,17.3,7.7,288,1010.0,0.0
2023-03-14,149.0,119.0,59.0,10.0,2.0,3.0,"Borivali East MPCB, Mumbai",35.5,23.6,28.6,61,20.7,12.0,341,1008.9,0.0
2023-03-15,142.0,125.0,41.0,7.0,2.0,3.0,"Borivali East MPCB, Mumbai",34.5,24.0,28.3,59,16.9,10.4,327,1007.9,0.0
2023-03-16,142.0,73.0,42.0,7.0,2.0,2.0,"Borivali East MPCB, Mumbai",33.0,23.1,27.3,65,20.7,10.5,144,1009.5,12.6
2023-03-17,127.0,95.0,37.0,5.0,2.0,2.0,"Borivali East MPCB, Mumbai",30.8,22.6,26.5,78,14.8,9.6,241,1010.1,2.2
2023-03-18,123.0,61.0,23.0,3.0,2.0,1.0,"Borivali East MPCB, Mumbai",30.3,23.9,26.8,80,16.3,10.7,305,1009.0,0.1
2023-03-19,81.0,133.0,20.0,3.0,2.0,1.0,"Borivali East MPCB, Mumbai",29.5,22.1,26.0,75,17.7,9.9,270,1009.0,0.0
2023-03-20,68.0,51.0,21.0,6.0,2.0,1.0,"Borivali East MPCB, Mumbai",29.1,23.0,26.2,67,17.0,9.9,295,1008.9,0.0
2023-03-21,77.0,41.0,20.0,3.0,2.0,1.0,"Borivali East MPCB, Mumbai",28.8,22.5,25.4,73,14.8,7.9,265,1009.5,0.1
2023-03-22,53.0,41.0,17.0,2.0,2.0,1.0,"Borivali East MPCB, Mumbai",29.6,22.0,26.1,72,15.3,8.9,307,1010.5,0.8
2023-03-23,47.0,39.0,15.0,2.0,2.0,1.0,"Borivali East MPCB, Mumbai",30.0,22.6,26.3,72,17.1,9.9,312,1010.7,0.3
2023-03-24,41.0,52.0,32.0,2.0,2.0,1.0,"Borivali East MPCB, Mumbai",29.8,22.5,26.1,76,20.9,10.8,321,1010.7,0.0
2023-03-25,52.0,54.0,33.0,3.0,2.0,1.0,"Borivali East MPCB, Mumbai",29.2,21.5,25.0,69,23.7,12.3,331,1011.8,0.0
2023-03-26,59.0,57.0,31.0,2.0,2.0,1.0,"Borivali East MPCB, Mumbai",29.1,20.9,25.1,71,20.9,12.3,323,1011.6,0.0
2023-03-27,65.0,72.0,29.0,3.0,2.0,1.0,"Borivali East MPCB, Mumbai",29.5,21.1,25.4,77,18.2,10.6,303,1011.1,0.0
2023-03-28,74.0,70.0,28.0,2.0,2.0,1.0,"Borivali East MPCB, Mumbai",30.0,22.3,25.8,77,18.7,9.9,313,1010.3,0.0
2023-03-29,73.0,56.0,20.0,2.0,2.0,1.0,"Borivali East MPCB, Mumbai",29.6,22.1,25.7,79,17.0,9.7,310,1010.9,0.0
2023-03-30,59.0,47.0,15.0,3.0,2.0,1.0,"Borivali East MPCB, Mumbai",29.3,22.2,26.1,74,15.0,8.0,279,1010.4,0.0
2023-03-31,54.0,49.333333333333336,18.33333333333333,2.6666666666666665,2.0,1.0,"Borivali East MPCB, Mumbai",29.1,23.8,26.4,73,15.7,9.2,301,1010.0,0.4
2023-04-02,50.66666666666666,54.0,25.0,2.0,2.0,1.0,"Borivali East MPCB, Mumbai",29.6,22.5,25.8,78,23.4,11.2,307,1010.2,0.0
2023-04-03,49.0,49.0,28.0,2.0,2.0,1.0,"Borivali East MPCB, Mumbai",29.7,22.9,26.1,77,22.4,10.9,313,1009.8,0.0
2023-04-04,57.0,54.0,24.0,2.0,2.0,1.0,"Borivali East MPCB, Mumbai",30.4,22.9,26.4,81,22.8,11.5,325,1010.3,0.0
2023-04-05,63.0,74.0,46.0,4.0,2.0,2.0,"Borivali East MPCB, Mumbai",30.7,22.5,26.6,82,20.8,10.9,316,1010.0,0.0
2023-04-06,84.0,93.0,49.0,6.0,2.0,2.0,"Borivali East MPCB, Mumbai",31.9,23.8,27.9,74,20.3,12.8,334,1009.8,0.0
2023-04-07,108.0,86.0,52.0,10.0,2.0,4.0,"Borivali East MPCB, Mumbai",33.8,25.2,29.5,57,24.2,16.0,342,1010.6,0.0
2023-04-08,126.0,76.0,55.0,6.0,2.0,3.0,"Borivali East MPCB, Mumbai",34.3,26.0,29.5,54,18.0,9.7,316,1012.1,0.0
2023-04-09,117.0,67.0,14.0,5.0,2.0,2.0,"Borivali East MPCB, Mumbai",34.8,25.6,29.5,58,23.7,9.9,328,1012.5,0.0
2023-04-10,99.0,80.0,49.0,6.0,2.0,2.0,"Borivali East MPCB, Mumbai",34.5,26.0,29.8,64,22.6,11.8,326,1010.9,0.0
2023-04-11,97.0,78.0,61.0,6.0,2.0,2.0,"Borivali East MPCB, Mumbai",34.5,26.0,29.7,63,25.1,13.1,323,1011.2,0.0
2023-04-12,99.0,75.0,56.0,10.0,2.0,3.0,"Borivali East MPCB, Mumbai",35.2,26.4,30.4,58,25.9,15.3,331,1010.7,0.0
2023-04-13,108.0,72.0,45.0,6.0,2.0,2.0,"Borivali East MPCB, Mumbai",34.8,26.5,30.5,55,24.1,13.5,335,1010.3,0.0
2023-04-14,101.0,56.0,27.0,4.0,2.0,1.0,"Borivali East MPCB, Mumbai",34.7,26.7,29.8,63,23.8,13.3,329,1010.0,0.0
2023-04-15,72.0,57.0,23.0,4.0,2.0,1.0,"Borivali East MPCB, Mumbai",34.5,24.3,28.7,66,22.8,10.5,327,1010.1,0.0
2023-04-16,71.5,60.0,28.0,4.0,2.0,1.0,"Borivali East MPCB, Mumbai",33.3,23.6,28.3,74,22.0,11.8,324,1009.0,0.0
2023-04-17,71.0,74.0,45.0,6.0,2.0,2.0,"Borivali East MPCB, Mumbai",33.2,24.4,28.5,74,22.2,11.9,328,1009.0,0.0
2023-04-18,89.0,111.0,21.0,11.0,3.0,5.0,"Borivali East MPCB, Mumbai",36.6,25.5,31.3,52,26.9,15.8,345,1009.4,0.0
2023-04-19,109.0,66.0,30.0,4.0,2.0,1.0,"Borivali East MPCB, Mumbai",36.5,28.0,32.1,50,26.2,16.9,333,1007.1,0.0
2023-04-20,66.0,53.0,21.0,3.0,2.0,1.0,"Borivali East MPCB, Mumbai",34.5,26.0,29.8,64,22.2,13.6,315,1006.0,0.0
2023-04-21,46.0,50.0,14.0,2.0,2.0,1.0,"Borivali East MPCB, Mumbai",31.7,24.0,27.9,75,18.8,10.6,311,1006.7,0.0
2023-04-22,40.0,57.0,17.0,2.0,2.0,1.0,"Borivali East MPCB, Mumbai",31.0,23.9,27.6,79,18.2,9.6,280,1007.3,0.0
2023-04-23,43.0,54.0,21.0,2.0,2.0,1.0,"Borivali East MPCB, Mumbai",31.4,24.1,27.8,76,21.0,10.6,295,1007.5,0.0
2023-04-24,60.0,69.0,31.0,3.0,3.0,2.0,"Borivali East MPCB, Mumbai",31.6,24.1,27.9,80,22.0,11.5,307,1007.7,0.0
2023-04-25,85.0,70.0,23.0,5.0,2.0,1.0,"Borivali East MPCB, Mumbai",32.8,24.5,28.5,79,20.1,9.7,269,1007.7,0.0
2023-04-26,81.0,62.0,25.0,3.0,2.0,1.0,"Borivali East MPCB, Mumbai",32.1,25.8,28.5,76,20.9,12.7,233,1008.2,0.0
2023-04-27,61.0,52.0,20.0,3.0,7.0,1.0,"Borivali East MPCB, Mumbai",31.9,25.2,28.3,72,19.9,9.4,298,1008.5,0.0
2023-04-28,53.0,53.0,18.0,4.0,7.0,2.0,"Borivali East MPCB, Mumbai",31.5,25.3,28.2,74,18.4,10.4,311,1009.3,0.0
2023-04-29,57.0,43.0,15.0,4.0,8.0,1.0,"Borivali East MPCB, Mumbai",30.6,25.1,27.8,73,18.6,10.0,297,1008.8,0.2
2023-04-30,53.0,46.0,23.0,3.0,8.0,1.0,"Borivali East MPCB, Mumbai",31.1,24.2,27.8,73,19.5,9.2,291,1007.4,0.3
2023-05-01,43.0,46.0,19.0,3.0,7.0,1.0,"Borivali East MPCB, Mumbai",31.2,24.1,27.7,69,14.0,7.9,284,1007.3,0.9
2023-05-02,47.0,47.0,19.0,3.0,7.0,1.0,"Borivali East MPCB, Mumbai",31.2,24.8,28.3,67,15.5,8.4,274,1007.9,0.2
2023-05-03,53.0,48.0,21.0,2.0,7.0,1.0,"Borivali East MPCB, Mumbai",31.5,26.0,28.5,68,18.1,9.7,293,1009.3,0.0
2023-05-04,51.0,50.0,18.0,2.0,7.0,1.0,"Borivali East MPCB, Mumbai",31.4,24.5,27.9,75,16.5,9.1,306,1008.7,0.3
2023-05-05,64.0,51.0,16.0,2.0,7.0,1.0,"Borivali East MPCB, Mumbai",32.0,24.7,28.3,76,19.5,9.3,294,1008.0,0.2
2023-05-06,67.0,54.0,14.0,3.0,8.0,1.0,"Borivali East MPCB, Mumbai",31.5,25.0,28.4,77,22.3,11.2,307,1008.0,0.1
2023-05-07,69.0,52.0,15.0,2.0,8.0,1.0,"Borivali East MPCB, Mumbai",29.8,25.3,27.8,81,17.7,8.8,296,1008.3,12.4
2023-05-08,59.0,72.0,16.0,3.0,8.0,1.0,"Borivali East MPCB, Mumbai",32.0,27.4,29.4,75,19.1,11.1,296,1007.4,0.3
2023-05-09,50.0,72.0,23.0,4.0,8.0,1.0,"Borivali East MPCB, Mumbai",32.8,27.8,29.9,76,18.4,10.3,297,1007.7,0.0
2023-05-10,58.0,74.0,33.0,4.0,8.0,2.0,"Borivali East MPCB, Mumbai",33.4,27.2,30.0,79,21.9,9.0,289,1006.8,0.0
2023-05-11,76.0,73.0,26.0,5.0,8.0,2.0,"Borivali East MPCB, Mumbai",34.4,26.4,30.3,80,16.5,8.8,234,1006.9,0.0
2023-05-12,79.0,57.0,21.0,3.0,8.0,1.0,"Borivali East MPCB, Mumbai",33.8,27.1,30.1,81,17.9,11.0,226,1007.5,0.0
2023-05-13,56.0,39.0,18.0,1.0,8.0,1.0,"Borivali East MPCB, Mumbai",33.3,27.6,30.2,77,18.1,12.7,231,1008.4,0.0
2023-05-14,31.0,54.0,13.0,2.0,8.0,1.0,"Borivali East MPCB, Mumbai",32.8,27.1,29.8,77,16.6,10.6,247,1007.9,0.0
2023-05-15,59.0,51.0,13.0,2.0,8.0,1.0,"Borivali East MPCB, Mumbai",33.0,28.1,30.2,74,18.8,12.1,266,1008.7,0.3
2023-05-16,59.0,46.0,14.0,2.0,8.0,1.0,"Borivali East MPCB, Mumbai",33.2,28.0,30.4,71,17.7,11.6,270,1010.1,0.1
2023-05-17,50.0,47.0,17.0,2.0,8.0,1.0,"Borivali East MPCB, Mumbai",32.8,27.2,29.9,73,20.3,11.6,294,1010.3,0.0
2023-05-18,36.0,47.0,17.0,2.0,8.0,1.0,"Borivali East MPCB, Mumbai",32.8,27.2,29.7,77,21.9,13.0,312,1011.5,0.3
2023-05-19,34.0,48.333333333333336,16.0,2.0,8.0,1.0,"Borivali East MPCB, Mumbai",32.7,27.4,29.7,78,22.0,13.8,313,1010.0,0.0
2023-05-21,40.66666666666666,51.0,14.0,2.0,8.0,1.0,"Borivali East MPCB, Mumbai",32.6,27.5,29.7,73,18.6,11.7,297,1010.2,0.0
2023-05-22,44.0,53.0,16.0,2.0,8.0,1.0,"Borivali East MPCB, Mumbai",32.5,27.5,29.7,74,17.9,11.4,300,1010.8,0.0
2023-05-23,42.0,48.0,13.0,2.0,8.0,1.0,"Borivali East MPCB, Mumbai",33.0,26.5,29.5,77,22.6,12.9,314,1010.7,0.1
2023-05-24,42.0,48.0,15.0,2.0,8.0,1.0,"Borivali East MPCB, Mumbai",33.0,27.2,30.0,74,18.6,11.9,280,1010.2,0.0
2023-05-25,41.0,50.0,12.0,3.0,8.0,1.0,"Borivali East MPCB, Mumbai",32.8,28.2,30.4,68,20.3,13.8,259,1010.8,0.0
2023-05-26,46.0,43.0,13.0,2.0,8.0,1.0,"Borivali East MPCB, Mumbai",32.7,29.0,30.6,65,21.3,16.5,261,1011.1,0.2
2023-05-27,46.0,49.0,14.5,1.0,8.0,1.0,"Borivali East MPCB, Mumbai",33.7,28.5,30.8,62,19.5,14.2,257,1010.1,0.0
2023-05-28,33.0,53.0,16.0,2.0,8.0,1.0,"Borivali East MPCB, Mumbai",33.7,28.2,30.8,67,18.9,12.9,280,1009.1,0.0
2023-05-29,48.0,52.0,24.0,3.0,8.0,2.0,"Borivali East MPCB, Mumbai",33.2,28.2,30.3,75,21.6,12.2,304,1008.6,0.0
2023-05-30,54.0,59.0,21.0,3.0,8.0,1.0,"Borivali East MPCB, Mumbai",33.3,27.1,30.3,79,19.0,10.7,296,1008.6,0.0
2023-05-31,57.0,50.0,21.0,3.0,8.0,1.0,"Borivali East MPCB, Mumbai",33.8,28.0,30.5,79,22.6,13.5,316,1008.2,0.0
2023-06-01,36.0,45.0,10.0,2.0,8.0,1.0,"Borivali East MPCB, Mumbai",33.2,26.8,29.9,81,21.4,12.1,295,1008.1,0.0
2023-06-02,37.0,37.0,13.0,2.0,8.0,1.0,"Borivali East MPCB, Mumbai",33.1,27.8,30.4,73,18.4,12.1,286,1009.0,0.0
2023-06-03,21.0,46.0,11.0,2.0,8.0,1.0,"Borivali East MPCB, Mumbai",33.8,29.0,31.1,68,17.7,13.5,274,1008.3,0.3
2023-06-04,27.0,47.0,14.0,2.0,8.0,1.0,"Borivali East MPCB, Mumbai",33.4,29.0,30.9,71,20.2,12.4,276,1008.1,0.6
2023-06-05,42.0,56.0,14.0,2.0,8.0,1.0,"Borivali East MPCB, Mumbai",32.8,28.2,30.4,73,19.4,12.8,266,1007.6,0.1
2023-06-06,38.0,54.0,12.0,2.0,8.0,1.0,"Borivali East MPCB, Mumbai",33.3,28.8,30.6,69,16.5,11.6,261,1007.2,0.1
2023-06-07,38.0,51.0,18.0,4.0,8.0,1.0,"Borivali East MPCB, Mumbai",33.0,28.3,30.7,71,16.6,12.0,241,1006.9,0.0
2023-06-08,36.0,47.0,19.0,5.0,8.0,1.0,"Borivali East MPCB, Mumbai",34.1,29.0,31.1,68,16.6,11.9,224,1007.2,0.0
2023-06-09,29.0,54.0,21.0,4.0,8.0,1.0,"Borivali East MPCB, Mumbai",33.5,28.1,30.7,74,26.0,17.7,193,1005.2,1.8
2023-06-10,26.0,63.0,17.0,5.0,8.0,1.0,"Borivali East MPCB, Mumbai",33.7,27.5,30.4,73,31.8,23.5,180,1003.6,3.0
2023-06-11,38.0,60.0,13.0,4.0,8.0,1.0,"Borivali East MPCB, Mumbai",32.7,26.5,29.7,72,32.7,25.2,170,1002.9,3.9
2023-06-12,40.0,56.0,12.0,5.0,8.0,1.0,"Borivali East MPCB, Mumbai",32.5,26.0,28.9,77,42.2,28.7,173,1002.7,3.2
2023-06-13,29.0,54.0,8.0,3.0,8.0,1.0,"Borivali East MPCB, Mumbai",31.2,25.2,28.3,80,37.0,29.1,180,1004.2,8.6
2023-06-14,24.0,56.0,9.0,3.0,8.0,1.0,"Borivali East MPCB, Mumbai",30.9,25.5,28.5,79,33.5,26.4,189,1006.2,3.5
2023-06-15,25.0,58.0,10.0,3.0,8.0,1.0,"Borivali East MPCB, Mumbai",32.3,28.2,29.9,73,34.2,28.8,201,1006.1,1.8
2023-06-16,26.0,58.0,9.0,2.0,7.0,1.0,"Borivali East MPCB, Mumbai",31.4,27.2,29.5,75,36.8,30.0,212,1005.4,3.8
2023-06-17,28.0,60.0,9.0,2.0,7.0,1.0,"Borivali East MPCB, Mumbai",31.2,27.2,29.0,79,27.2,22.2,229,1006.5,5.6
2023-06-18,26.0,59.0,9.0,2.0,7.0,1.0,"Borivali East MPCB, Mumbai",31.1,27.5,29.2,78,22.2,18.2,248,1007.0,2.4
2023-06-19,34.0,61.0,10.0,2.0,7.0,3.0,"Borivali East MPCB, Mumbai",31.5,27.7,29.3,77,20.7,16.0,244,1006.1,1.3
2023-06-20,32.0,58.0,11.0,2.0,7.0,3.0,"Borivali East MPCB, Mumbai",31.6,27.2,29.2,78,20.7,14.0,250,1005.3,0.6
2023-06-21,29.0,56.0,9.0,2.0,7.0,3.0,"Borivali East MPCB, Mumbai",31.5,27.4,29.4,78,19.2,12.9,244,1005.6,1.6
2023-06-22,28.0,51.0,9.0,2.0,8.0,3.0,"Borivali East MPCB, Mumbai",31.9,27.5,29.6,76,18.1,13.7,244,1005.8,2.2
2023-06-23,27.0,35.0,11.0,2.0,8.0,3.0,"Borivali East MPCB, Mumbai",31.1,27.0,28.8,80,18.6,12.9,218,1005.4,3.9
2023-06-24,35.0,30.0,9.0,3.0,8.0,1.0,"Borivali East MPCB, Mumbai",29.2,24.6,26.9,86,21.5,10.7,211,1004.3,17.5
2023-06-25,35.0,41.0,10.0,3.0,8.0,1.0,"Borivali East MPCB, Mumbai",27.7,25.0,26.3,90,18.1,11.9,217,1004.3,14.8
2023-06-26,36.0,35.0,6.0,3.0,7.0,6.0,"Borivali East MPCB, Mumbai",27.0,25.1,25.8,91,21.4,13.6,220,1005.6,28.1
2023-06-27,30.0,32.0,7.0,4.0,7.0,6.0,"Borivali East MPCB, Mumbai",27.3,24.9,26.0,90,18.0,13.4,220,1005.3,20.4
2023-06-28,27.0,33.0,11.0,3.0,7.0,4.0,"Borivali East MPCB, Mumbai",26.8,25.6,26.2,91,20.4,15.7,233,1005.8,51.6
2023-06-29,29.0,29.0,10.0,3.0,8.0,2.0,"Borivali East MPCB, Mumbai",26.9,25.5,26.1,91,21.6,17.4,244,1006.1,42.9
2023-06-30,27.0,37.0,8.0,4.0,8.0,1.0,"Borivali East MPCB, Mumbai",26.9,25.5,26.1,91,26.9,21.2,248,1006.0,56.3
2023-07-01,31.0,29.0,5.0,3.0,8.0,1.0,"Borivali East MPCB, Mumbai",27.8,25.0,26.3,91,23.1,18.2,234,1006.7,43.8
2023-07-02,26.0,31.0,8.0,3.0,8.0,1.0,"Borivali East MPCB, Mumbai",28.2,25.6,26.6,90,20.6,15.7,231,1006.0,31.2
2023-07-03,27.0,33.0,8.0,2.0,8.0,1.0,"Borivali East MPCB, Mumbai",29.0,26.0,27.2,88,17.2,13.1,228,1004.2,7.6
2023-07-04,30.0,38.0,8.0,3.0,8.0,1.0,"Borivali East MPCB, Mumbai",28.5,25.6,26.9,90,17.2,11.2,236,1002.6,17.7
2023-07-05,42.0,26.0,10.0,4.0,8.0,1.0,"Borivali East MPCB, Mumbai",28.1,25.1,26.5,91,16.3,10.7,217,1000.9,30.6
2023-07-06,23.0,29.0,11.0,3.0,8.0,1.0,"Borivali East MPCB, Mumbai",26.5,24.9,25.6,94,24.1,14.3,205,1002.0,48.3
2023-07-07,19.0,54.0,10.0,3.0,7.0,2.0,"Borivali East MPCB, Mumbai",27.2,25.8,26.3,90,26.6,20.4,230,1003.1,32.3
2023-07-08,28.0,46.0,8.0,2.0,7.0,2.0,"Borivali East MPCB, Mumbai",29.8,25.5,27.4,84,30.1,24.6,236,1004.9,11.0
2023-07-09,27.0,59.0,9.0,3.0,7.0,2.0,"Borivali East MPCB, Mumbai",29.4,26.0,27.5,83,27.0,22.6,233,1005.8,7.6
2023-07-10,36.0,52.0,7.0,2.0,7.0,2.0,"Borivali East MPCB, Mumbai",29.0,26.1,27.5,83,24.5,18.5,236,1006.4,3.7
2023-07-11,29.0,49.0,6.0,2.0,7.0,2.0,"Borivali East MPCB, Mumbai",29.2,26.0,27.6,83,21.7,15.0,257,1006.7,3.8
2023-07-12,25.0,48.0,8.0,2.0,7.0,2.0,"Borivali East MPCB, Mumbai",27.0,25.4,26.2,91,11.7,5.8,228,1005.8,8.8
2023-07-13,24.0,35.0,7.0,3.0,7.0,2.0,"Borivali East MPCB, Mumbai",27.5,24.8,26.2,90,18.0,11.3,212,1005.4,21.7
2023-07-14,32.0,44.0,6.0,4.0,7.0,3.0,"Borivali East MPCB, Mumbai",27.2,25.0,26.2,89,21.0,14.0,240,1006.7,43.2
2023-07-15,25.0,40.0,6.0,2.0,7.0,2.0,"Borivali East MPCB, Mumbai",27.3,24.7,26.1,90,18.1,11.7,246,1007.3,18.7
2023-07-16,20.0,30.0,7.0,3.0,7.0,2.0,"Borivali East MPCB, Mumbai",27.6,24.5,25.7,90,17.1,11.2,234,1006.6,20.8
2023-07-17,27.0,31.0,8.0,3.0,8.0,2.0,"Borivali East MPCB, Mumbai",27.0,24.8,26.0,91,19.6,15.6,244,1005.3,46.8
2023-07-18,21.0,34.0,10.0,3.0,8.0,2.0,"Borivali East MPCB, Mumbai",26.5,25.8,26.1,91,28.3,22.2,255,1004.0,85.9
2023-07-19,30.0,42.0,9.0,4.0,7.0,3.0,"Borivali East MPCB, Mumbai",27.5,25.9,26.3,90,24.4,21.1,261,1002.0,38.5
2023-07-20,34.0,35.0,8.0,4.0,7.0,3.0,"Borivali East MPCB, Mumbai",27.7,25.4,26.4,89,25.7,19.9,257,1002.4,52.6
2023-07-21,29.0,33.0,9.0,3.0,7.0,2.0,"Borivali East MPCB, Mumbai",27.4,25.6,26.4,90,21.5,17.2,256,1004.1,38.3
2023-07-22,33.0,33.0,7.0,3.0,8.0,3.0,"Borivali East MPCB, Mumbai",27.0,25.1,26.1,91,23.4,18.8,258,1004.8,44.0
2023-07-23,33.0,30.0,9.0,3.0,8.0,2.0,"Borivali East MPCB, Mumbai",27.6,25.2,26.2,90,27.9,21.9,245,1003.7,32.1
2023-07-24,32.0,37.0,8.0,4.0,8.0,2.0,"Borivali East MPCB, Mumbai",27.8,25.4,26.2,90,28.2,22.3,243,1004.0,60.3
2023-07-25,30.0,26.0,8.0,3.0,7.0,3.0,"Borivali East MPCB, Mumbai",27.0,25.0,26.0,90,24.6,17.9,247,1005.9,49.4
2023-07-26,19.0,28.0,8.0,3.0,7.0,2.0,"Borivali East MPCB, Mumbai",26.9,24.6,26.0,91,27.2,19.0,261,1006.8,45.5
2023-07-27,22.0,36.0,8.0,3.0,8.0,2.0,"Borivali East MPCB, Mumbai",27.2,25.5,26.1,90,24.5,21.1,266,1007.3,94.3
2023-07-28,24.0,36.0,5.0,3.0,8.0,3.0,"Borivali East MPCB, Mumbai",26.8,25.0,25.9,90,23.9,19.7,269,1007.4,45.9
2023-07-29,33.0,44.0,7.0,3.0,8.0,3.0,"Borivali East MPCB, Mumbai",28.1,25.0,26.7,85,25.3,19.9,255,1007.7,11.1
2023-07-30,29.0,43.0,7.0,3.0,8.0,3.0,"Borivali East MPCB, Mumbai",28.6,26.0,27.0,83,29.3,20.8,251,1006.9,7.9
2023-07-31,30.0,48.0,8.0,3.0,8.0,3.0,"Borivali East MPCB, Mumbai",28.3,25.4,26.8,85,25.6,19.8,251,1006.4,12.7
2023-08-01,31.0,49.0,8.0,2.0,7.0,3.0,"Borivali East MPCB, Mumbai",28.7,25.9,27.0,84,26.5,21.0,251,1006.4,7.2
2023-08-02,27.0,50.0,8.0,2.142857142857143,7.0,3.0,"Borivali East MPCB, Mumbai",28.6,25.8,27.0,83,28.3,22.2,247,1007.0,4.5
2023-08-08,27.0,56.0,8.0,3.0,7.0,3.0,"Borivali East MPCB, Mumbai",28.9,26.0,27.3,84,25.7,19.9,243,1007.5,5.0
2023-08-09,27.0,52.0,8.0,3.0,7.0,3.0,"Borivali East MPCB, Mumbai",28.7,25.8,27.1,84,20.0,16.8,248,1009.5,3.0
2023-08-10,35.0,48.0,9.0,2.0,8.0,3.0,"Borivali East MPCB, Mumbai",28.0,25.0,26.5,85,16.9,13.6,249,1010.3,6.5
2023-08-11,30.0,48.0,10.0,2.0,7.0,3.0,"Borivali East MPCB, Mumbai",29.0,25.6,27.3,81,17.2,13.4,263,1009.7,2.5
2023-08-12,30.0,50.0,9.0,2.0,8.0,3.0,"Borivali East MPCB, Mumbai",27.2,24.3,26.0,87,17.5,11.8,247,1009.7,6.9
2023-08-13,29.0,53.0,9.0,3.0,8.0,3.0,"Borivali East MPCB, Mumbai",29.2,25.5,27.1,83,24.5,18.6,252,1008.0,4.7
2023-08-14,33.0,49.0,8.0,2.0,7.0,4.0,"Borivali East MPCB, Mumbai",29.1,25.6,27.2,82,25.6,19.8,236,1008.3,3.4
2023-08-15,32.0,45.0,9.0,3.0,8.0,3.0,"Borivali East MPCB, Mumbai",28.4,25.4,26.9,84,20.1,14.8,231,1008.8,4.2
2023-08-16,27.0,38.0,7.0,2.0,7.0,4.0,"Borivali East MPCB, Mumbai",28.8,25.2,26.9,85,22.7,13.2,263,1009.4,5.4
2023-08-17,27.0,40.0,7.0,2.0,8.0,3.0,"Borivali East MPCB, Mumbai",29.0,25.0,26.8,84,21.2,14.0,280,1009.6,2.7
2023-08-18,22.0,46.0,7.0,2.0,8.0,4.0,"Borivali East MPCB, Mumbai",28.7,25.8,27.0,83,18.5,14.7,289,1008.3,3.9
2023-08-19,30.0,47.0,8.0,2.0,7.0,4.0,"Borivali East MPCB, Mumbai",28.4,25.5,26.7,85,20.7,15.6,290,1007.0,4.2
2023-08-20,26.0,41.0,9.0,2.0,8.0,4.0,"Borivali East MPCB, Mumbai",28.0,24.9,26.1,88,20.2,13.1,296,1007.1,14.0
2023-08-21,26.0,32.0,6.0,2.0,8.0,4.0,"Borivali East MPCB, Mumbai",28.4,25.0,26.5,86,16.5,10.9,280,1007.5,4.0
2023-08-22,25.0,33.0,5.0,2.0,7.0,4.0,"Borivali East MPCB, Mumbai",28.1,25.0,26.4,87,18.4,10.1,259,1007.6,4.5
2023-08-23,22.0,34.0,5.0,2.0,8.0,4.0,"Borivali East MPCB, Mumbai",29.0,25.1,27.1,83,21.7,13.6,246,1007.4,3.4
2023-08-24,19.0,33.0,6.0,2.0,8.0,4.0,"Borivali East MPCB, Mumbai",28.5,25.6,26.6,85,22.8,15.0,229,1006.5,6.7
2023-08-25,18.0,33.0,6.0,3.0,7.0,4.0,"Borivali East MPCB, Mumbai",28.4,25.2,26.7,87,20.9,15.2,225,1006.4,6.5
2023-08-26,26.0,34.0,9.0,3.0,8.0,4.0,"Borivali East MPCB, Mumbai",28.1,24.6,26.2,88,21.3,15.0,228,1008.0,11.9
2023-08-27,26.0,38.0,8.5,3.0,7.0,4.0,"Borivali East MPCB, Mumbai",27.0,24.0,25.6,89,16.5,10.1,229,1009.2,19.0
2023-08-28,26.0,42.0,8.0,1.0,7.0,4.0,"Borivali East MPCB, Mumbai",27.9,24.6,25.9,88,18.0,11.3,223,1008.6,3.9
2023-08-29,28.0,46.0,10.0,2.0,8.0,4.0,"Borivali East MPCB, Mumbai",28.5,24.8,26.6,86,11.5,7.0,243,1008.4,3.2
2023-08-30,34.0,48.0,13.0,1.0,8.0,4.0,"Borivali East MPCB, Mumbai",28.9,24.1,26.5,87,13.4,7.1,270,1009.1,0.5
2023-08-31,32.0,51.0,15.0,1.0,7.0,4.0,"Borivali East MPCB, Mumbai",29.5,24.5,26.9,87,16.0,7.5,319,1008.9,0.6
2023-09-01,39.0,43.0,2.0,2.0,8.0,5.0,"Borivali East MPCB, Mumbai",30.0,24.6,27.1,86,18.1,7.9,322,1008.8,2.4
2023-09-02,35.0,47.0,5.0,2.0,8.0,5.0,"Borivali East MPCB, Mumbai",28.9,25.2,26.7,89,12.4,5.6,264,1008.7,1.9
2023-09-03,44.0,55.0,9.0,2.0,7.0,4.0,"Borivali East MPCB, Mumbai",28.9,25.5,27.0,85,16.6,7.7,299,1007.8,4.5
2023-09-04,39.0,51.0,11.0,2.0,8.0,4.0,"Borivali East MPCB, Mumbai",29.0,24.6,27.0,83,18.2,9.6,310,1006.6,2.1
2023-09-05,36.0,48.0,8.0,2.0,8.0,5.0,"Borivali East MPCB, Mumbai",28.9,24.7,27.0,84,17.4,10.5,305,1006.1,1.6
2023-09-06,40.0,40.0,9.0,4.0,8.0,5.0,"Borivali East MPCB, Mumbai",29.9,26.3,27.9,81,17.4,12.4,293,1006.0,2.2
2023-09-07,42.0,39.0,9.0,3.0,8.0,5.0,"Borivali East MPCB, Mumbai",28.5,24.5,27.2,84,20.9,15.3,284,1005.8,23.4
2023-09-08,34.0,35.0,3.0,1.0,8.0,5.0,"Borivali East MPCB, Mumbai",28.4,26.0,26.8,89,26.1,18.4,291,1006.0,39.5
2023-09-09,25.0,36.66666666666666,5.0,1.0,7.666666666666667,5.0,"Borivali East MPCB, Mumbai",29.1,25.6,27.4,86,20.3,14.6,288,1006.1,20.6
2023-09-10,26.5,38.333333333333336,7.0,1.0,7.333333333333333,5.0,"Borivali East MPCB, Mumbai",29.0,25.5,27.2,87,18.6,12.3,260,1006.1,4.2
2023-09-11,28.0,40.0,9.0,1.0,7.0,5.0,"Borivali East MPCB, Mumbai",28.5,25.3,26.5,88,13.1,9.1,260,1006.9,2.7
2023-09-12,32.0,36.0,9.0,2.0,8.0,5.0,"Borivali East MPCB, Mumbai",29.1,25.0,27.0,84,19.2,10.4,257,1007.5,6.0
2023-09-13,33.0,33.0,9.0,2.0,8.0,5.0,"Borivali East MPCB, Mumbai",28.8,25.2,26.5,88,11.9,7.5,243,1007.0,5.0
2023-09-14,29.0,41.0,8.0,5.0,7.0,6.0,"Borivali East MPCB, Mumbai",28.5,24.5,26.5,87,14.0,8.5,218,1007.2,1.6
2023-09-15,41.0,42.0,6.0,3.0,8.0,5.0,"Borivali East MPCB, Mumbai",29.1,25.2,27.2,83,16.3,9.3,245,1007.0,2.4
2023-09-16,32.0,44.0,8.0,2.0,7.0,5.0,"Borivali East MPCB, Mumbai",28.4,25.0,27.0,85,21.6,15.3,252,1006.6,7.4
2023-09-17,30.0,40.0,7.0,2.0,8.0,4.0,"Borivali East MPCB, Mumbai",28.6,25.0,27.2,82,24.6,19.6,239,1005.5,5.2
2023-09-18,21.0,38.0,5.0,3.0,7.0,2.0,"Borivali East MPCB, Mumbai",27.0,24.8,25.8,90,21.3,16.2,216,1005.5,29.2
2023-09-19,31.0,28.0,4.0,3.0,6.0,3.0,"Borivali East MPCB, Mumbai",28.5,25.4,26.4,88,21.7,18.3,204,1006.9,13.2
2023-09-20,27.0,33.0,4.0,1.0,5.0,3.0,"Borivali East MPCB, Mumbai",28.1,25.6,26.5,89,19.6,15.4,205,1007.5,13.0
2023-09-21,26.0,34.0,4.0,6.0,3.0,3.0,"Borivali East MPCB, Mumbai",28.1,25.3,26.4,90,16.3,9.8,211,1007.8,21.4
2023-09-22,40.0,39.0,5.0,5.0,6.0,4.0,"Borivali East MPCB, Mumbai",28.4,24.9,26.4,92,11.5,7.7,178,1008.2,17.5
2023-09-23,48.0,35.0,7.0,4.0,10.0,3.0,"Borivali East MPCB, Mumbai",28.5,24.9,26.0,92,14.1,6.8,206,1008.8,38.3
2023-09-24,35.0,40.0,10.0,5.0,9.0,3.0,"Borivali East MPCB, Mumbai",27.9,24.8,26.2,91,12.4,6.8,227,1009.2,13.3
2023-09-25,32.0,41.0,13.0,2.0,7.0,2.0,"Borivali East MPCB, Mumbai",28.0,24.5,26.3,89,15.0,7.4,253,1008.2,15.6
2023-09-26,37.0,32.0,5.0,1.0,7.0,2.0,"Borivali East MPCB, Mumbai",28.6,24.5,26.5,89,14.1,7.1,246,1007.9,5.3
2023-09-27,31.0,54.0,17.0,3.0,9.0,3.0,"Borivali East MPCB, Mumbai",28.7,24.5,26.2,91,15.1,6.8,342,1007.3,12.5
2023-09-28,70.0,48.0,22.0,2.0,8.0,3.0,"Borivali East MPCB, Mumbai",29.5,24.3,26.7,92,17.4,7.5,351,1006.0,37.2
2023-09-29,64.0,48.0,20.0,3.0,8.0,3.0,"Borivali East MPCB, Mumbai",30.2,25.8,27.5,91,13.1,6.3,52,1005.3,14.5
2023-09-30,71.0,62.0,22.0,4.0,9.0,4.0,"Borivali East MPCB, Mumbai",32.7,25.4,28.2,87,15.3,6.8,40,1004.9,6.0
2023-10-01,75.0,74.0,20.0,5.0,9.0,4.0,"Borivali East MPCB, Mumbai",30.8,27.0,28.4,88,17.9,8.8,289,1005.5,0.1
2023-10-02,67.0,65.0,14.0,3.0,9.0,3.0,"Borivali East MPCB, Mumbai",29.3,24.8,27.3,88,12.0,8.5,238,1008.8,1.7
2023-10-03,54.0,65.0,24.0,2.0,9.0,3.0,"Borivali East MPCB, Mumbai",29.1,26.0,27.4,86,13.1,7.1,284,1010.2,0.5
2023-10-04,60.0,64.0,22.0,2.0,9.0,3.0,"Borivali East MPCB, Mumbai",29.5,23.8,27.1,87,13.5,7.4,280,1010.8,2.8
2023-10-05,63.0,63.0,20.0,2.0,9.0,3.0,"Borivali East MPCB, Mumbai",29.8,24.0,27.1,88,15.1,8.4,320,1010.5,0.2
2023-10-06,67.0,62.0,21.0,2.0,9.0,3.0,"Borivali East MPCB, Mumbai",29.5,25.2,27.2,86,16.5,8.0,329,1009.7,0.7
2023-10-07,70.0,64.0,25.0,2.0,9.0,4.0,"Borivali East MPCB, Mumbai",30.0,24.4,27.1,87,17.5,10.1,351,1009.8,0.4
2023-10-08,79.0,71.0,33.0,3.0,9.0,4.0,"Borivali East MPCB, Mumbai",30.9,24.5,27.5,85,20.0,11.2,349,1010.5,0.0
2023-10-09,98.0,59.0,27.0,3.0,9.0,4.0,"Borivali East MPCB, Mumbai",31.8,23.8,27.9,82,18.9,11.4,345,1011.7,0.0
2023-10-10,80.0,49.0,23.0,3.0,9.0,3.0,"Borivali East MPCB, Mumbai",31.5,24.1,27.7,78,19.5,11.3,350,1011.8,0.0
2023-10-11,58.0,60.0,36.0,3.0,9.0,4.0,"Borivali East MPCB, Mumbai",30.7,25.1,27.7,83,20.1,12.5,346,1011.7,0.0
2023-10-12,90.0,78.0,47.0,4.0,10.0,6.0,"Borivali East MPCB, Mumbai",31.1,24.0,27.9,86,20.4,11.4,337,1011.7,0.0
2023-10-13,123.0,71.0,37.0,3.0,9.0,5.0,"Borivali East MPCB, Mumbai",32.7,25.0,28.7,85,16.4,9.1,335,1012.0,0.0
2023-10-14,119.0,71.0,36.0,2.0,10.0,5.0,"Borivali East MPCB, Mumbai",32.0,24.8,28.3,87,15.0,8.4,328,1012.0,0.3
2023-10-15,115.0,76.0,29.0,2.0,10.0,5.0,"Borivali East MPCB, Mumbai",32.3,25.6,28.7,86,19.5,8.9,337,1010.6,0.7
2023-10-16,126.0,71.0,62.0,5.0,10.0,5.0,"Borivali East MPCB, Mumbai",33.1,23.6,28.7,71,16.1,8.0,349,1010.4,1.2
2023-10-17,109.0,79.0,31.0,3.0,10.0,5.0,"Borivali East MPCB, Mumbai",31.8,25.9,28.8,72,11.3,8.0,355,1011.6,0.1
2023-10-18,128.0,70.0,37.0,3.0,9.0,4.0,"Borivali East MPCB, Mumbai",33.7,24.5,28.7,73,18.2,9.7,347,1012.3,0.0
2023-10-19,98.0,78.0,50.0,4.0,9.0,5.0,"Borivali East MPCB, Mumbai",33.5,25.5,29.0,63,20.2,11.2,348,1012.1,0.0
2023-10-20,115.0,74.0,46.0,4.0,9.0,5.0,"Borivali East MPCB, Mumbai",33.8,24.4,28.7,69,12.3,8.5,35,1011.8,0.0
2023-10-21,120.0,80.0,43.0,3.0,9.0,5.0,"Borivali East MPCB, Mumbai",34.4,24.7,29.1,69,12.6,7.6,64,1012.3,0.1
2023-10-22,132.0,76.0,27.0,3.0,8.0,5.0,"Borivali East MPCB, Mumbai",33.2,24.0,28.7,74,14.7,9.1,344,1012.9,0.1
2023-10-23,121.0,72.0,8.0,3.0,6.0,5.0,"Borivali East MPCB, Mumbai",34.9,23.8,28.5,69,16.1,9.0,355,1011.7,0.0
2023-10-24,109.0,69.0,42.0,3.0,5.0,5.0,"Borivali East MPCB, Mumbai",33.5,23.1,28.4,65,19.9,9.7,358,1011.2,0.0
2023-10-25,96.0,70.0,36.0,3.0,5.0,5.0,"Borivali East MPCB, Mumbai",32.7,23.6,28.4,59,17.9,10.5,0,1012.7,0.0
2023-10-26,93.0,69.0,38.0,3.0,5.0,4.0,"Borivali East MPCB, Mumbai",32.4,23.5,27.6,62,24.0,10.2,4,1013.1,0.0
2023-10-27,82.0,71.0,36.0,3.0,5.0,5.0,"Borivali East MPCB, Mumbai",33.9,21.3,27.7,57,18.9,9.5,6,1011.8,0.0
2023-10-28,94.0,71.0,41.0,4.0,6.0,5.0,"Borivali East MPCB, Mumbai",33.7,22.2,27.6,55,15.9,11.4,32,1011.3,0.0
2023-10-29,94.0,74.0,48.0,4.0,6.0,5.0,"Borivali East MPCB, Mumbai",34.4,22.5,27.6,54,17.6,10.3,35,1010.9,0.0
2023-10-30,110.0,78.0,49.0,5.0,6.0,6.0,"Borivali East MPCB, Mumbai",34.0,22.5,27.4,59,16.0,8.4,31,1010.7,0.0
2023-10-31,120.0,77.0,43.0,4.0,6.0,6.0,"Borivali East MPCB, Mumbai",33.5,22.0,27.7,60,13.9,8.4,24,1011.4,0.0
2023-11-01,121.0,76.0,40.0,4.0,6.0,5.0,"Borivali East MPCB, Mumbai",33.8,22.9,27.7,58,17.2,9.6,17,1012.1,0.0
2023-11-02,122.0,79.0,41.0,3.0,6.0,6.0,"Borivali East MPCB, Mumbai",33.2,22.8,27.7,57,17.6,10.8,6,1011.4,0.0
2023-11-03,127.0,80.0,43.0,4.0,6.0,6.0,"Borivali East MPCB, Mumbai",34.1,23.1,27.9,59,19.9,11.5,6,1009.7,0.0
2023-11-04,131.0,85.0,54.0,5.0,6.0,7.0,"Borivali East MPCB, Mumbai",34.8,24.0,28.5,54,20.8,10.1,35,1009.2,0.0
2023-11-05,132.0,83.0,44.0,5.0,6.0,7.0,"Borivali East MPCB, Mumbai",34.6,23.1,28.7,60,14.9,10.2,42,1010.7,0.0
2023-11-06,126.0,76.0,44.0,3.0,5.0,6.0,"Borivali East MPCB, Mumbai",34.8,23.4,28.5,55,18.4,9.5,34,1011.8,0.0
2023-11-07,111.0,72.0,35.0,7.0,6.0,6.0,"Borivali East MPCB, Mumbai",33.7,23.2,27.9,55,18.8,10.9,7,1011.8,0.0
2023-11-08,100.0,62.0,41.0,3.0,6.0,6.0,"Borivali East MPCB, Mumbai",32.2,23.8,28.0,68,18.8,10.1,195,1011.6,0.0
2023-11-09,86.0,51.0,41.0,4.0,6.0,5.789473684210527,"Borivali East MPCB, Mumbai",32.8,23.8,28.0,79,18.2,6.7,328,1012.2,1.2
2023-11-10,67.0,45.0,4.0,3.0,6.0,5.578947368421052,"Borivali East MPCB, Mumbai",33.0,24.5,28.0,74,15.2,7.8,107,1013.5,2.5
2023-11-11,56.0,47.125,6.75,3.0,5.375,5.368421052631579,"Borivali East MPCB, Mumbai",34.7,24.2,29.0,66,19.1,9.1,1,1013.7,0.0
2023-11-18,105.875,62.0,26.0,3.0,1.0,3.0,"Borivali East MPCB, Mumbai",33.5,21.3,26.6,63,15.8,8.6,14,1012.0,0.0
2023-11-19,113.0,46.0,19.0,2.0,2.0,3.0,"Borivali East MPCB, Mumbai",31.9,21.0,26.6,66,15.8,9.5,348,1012.0,0.0
2023-11-20,80.0,57.0,23.0,2.5,1.5,3.0,"Borivali East MPCB, Mumbai",33.3,24.0,28.1,62,15.7,9.1,345,1012.2,0.0
2023-11-21,103.5,68.0,27.0,3.0,1.0,3.0,"Borivali East MPCB, Mumbai",33.8,24.5,28.5,59,22.9,11.2,13,1012.1,0.0
2023-11-22,127.0,108.0,28.0,2.0,1.0,3.0,"Borivali East MPCB, Mumbai",33.2,23.3,27.9,51,21.8,12.3,2,1011.4,0.0
2023-11-23,155.0,63.0,8.0,2.0,2.0,3.0,"Borivali East MPCB, Mumbai",32.7,21.9,27.2,55,19.1,11.3,348,1009.8,0.0
2023-11-24,115.0,56.0,7.0,3.0,3.0,3.0,"Borivali East MPCB, Mumbai",33.8,21.9,27.4,63,15.8,8.9,25,1009.6,0.0
2023-11-25,99.0,40.0,18.0,2.0,3.0,3.0,"Borivali East MPCB, Mumbai",33.3,23.7,28.0,68,14.4,9.9,87,1011.3,0.1
2023-11-26,75.0,46.0,10.0,6.0,8.0,3.0,"Borivali East MPCB, Mumbai",31.0,23.4,26.6,80,14.5,7.5,217,1011.8,5.3
2023-11-27,55.0,46.0,14.0,3.0,6.0,2.0,"Borivali East MPCB, Mumbai",29.9,23.2,25.9,81,14.8,8.0,325,1011.3,3.3
2023-11-28,60.0,52.0,17.0,3.0,6.0,2.0,"Borivali East MPCB, Mumbai",29.8,22.5,25.6,75,18.9,10.8,342,1010.4,0.0
2023-11-29,74.0,58.0,20.0,3.0,6.0,1.0,"Borivali East MPCB, Mumbai",28.2,19.8,24.4,75,15.5,9.6,338,1011.3,0.0
2023-11-30,87.0,60.0,23.0,2.0,6.0,1.0,"Borivali East MPCB, Mumbai",29.2,20.2,24.6,81,18.3,10.3,341,1011.8,0.0
2023-12-01,88.0,69.0,18.0,3.0,4.0,3.0,"Borivali East MPCB, Mumbai",29.3,21.6,24.8,82,16.1,8.9,338,1011.6,0.0
2023-12-02,112.0,65.0,22.0,2.0,4.0,1.0,"Borivali East MPCB, Mumbai",31.2,20.7,25.6,79,14.9,7.6,348,1010.3,0.0
2023-12-03,107.0,66.0,17.0,2.0,4.0,1.0,"Borivali East MPCB, Mumbai",32.2,23.3,27.3,70,16.4,10.1,354,1010.5,0.0
2023-12-04,105.0,73.0,21.0,2.0,4.0,1.0,"Borivali East MPCB, Mumbai",32.5,22.8,27.2,73,19.4,11.7,347,1009.9,0.1
2023-12-05,119.0,66.0,21.5,1.5,4.0,1.0,"Borivali East MPCB, Mumbai",32.5,24.7,27.5,68,21.0,12.5,354,1008.9,0.1
2023-12-06,100.0,59.0,22.0,1.0,4.0,1.0,"Borivali East MPCB, Mumbai",31.0,23.0,26.5,68,19.0,11.1,1,1009.9,0.0
2023-12-07,81.0,59.0,18.0,2.0,4.0,1.0,"Borivali East MPCB, Mumbai",30.8,22.7,26.0,68,19.3,11.6,1,1010.8,0.0
2023-12-08,89.0,62.0,24.0,2.0,4.0,1.0,"Borivali East MPCB, Mumbai",31.2,21.4,25.9,68,16.8,11.0,357,1011.4,0.0
2023-12-09,93.0,62.0,22.0,2.0,3.0,1.0,"Borivali East MPCB, Mumbai",31.7,21.3,26.1,65,20.4,10.7,359,1012.3,0.0
2023-12-10,94.0,57.0,14.0,1.0,4.0,1.0,"Borivali East MPCB, Mumbai",32.0,21.6,26.4,64,16.9,10.5,0,1011.3,0.0
2023-12-11,87.0,56.0,20.0,2.0,3.0,1.0,"Borivali East MPCB, Mumbai",31.1,20.6,26.1,63,20.1,11.4,349,1011.7,0.0
2023-12-12,83.0,63.5,24.0,2.5,2.0,1.0,"Borivali East MPCB, Mumbai",30.7,20.2,25.2,62,20.8,11.1,346,1011.1,0.0
2023-12-13,100.0,71.0,28.0,3.0,1.0,1.0,"Borivali East MPCB, Mumbai",29.9,18.8,24.7,68,16.4,9.8,344,1011.7,0.0
2023-12-14,117.0,61.0,9.0,2.0,1.0,3.0,"Borivali East MPCB, Mumbai",32.3,20.7,25.8,62,12.6,9.3,71,1012.8,0.0
2023-12-15,99.0,65.0,4.0,2.0,1.0,5.0,"Borivali East MPCB, Mumbai",31.7,21.5,25.9,57,15.3,9.6,49,1013.9,0.0
2023-12-16,95.0,72.0,3.0,2.0,1.0,8.0,"Borivali East MPCB, Mumbai",31.3,19.9,25.1,59,21.6,11.4,10,1013.5,0.0
2023-12-17,123.5,85.0,4.0,3.0,1.0,5.0,"Borivali East MPCB, Mumbai",31.5,20.4,25.5,59,18.6,10.5,10,1012.5,0.0
2023-12-18,152.0,82.0,3.0,4.0,2.0,5.0,"Borivali East MPCB, Mumbai",32.5,23.5,27.2,49,17.7,12.5,66,1013.0,0.0
2023-12-19,146.0,71.0,3.0,4.0,2.0,1.0,"Borivali East MPCB, Mumbai",31.9,24.1,27.0,52,16.9,13.8,59,1013.9,0.0
2023-12-20,109.0,77.0,3.0,5.0,2.0,2.5,"Borivali East MPCB, Mumbai",32.0,21.7,25.8,49,18.6,11.7,44,1014.0,0.0
2023-12-21,142.0,70.0,3.0,4.0,3.0,4.0,"Borivali East MPCB, Mumbai",31.4,22.5,26.1,54,17.3,10.8,30,1012.9,0.0
2023-12-22,127.0,79.0,3.0,4.0,3.0,3.0,"Borivali East MPCB, Mumbai",30.5,20.9,25.5,66,13.8,8.6,15,1013.0,0.0
2023-12-23,148.0,65.0,3.0,2.0,2.0,3.0,"Borivali East MPCB, Mumbai",31.6,20.5,25.7,64,18.4,10.4,354,1013.7,0.0
2023-12-24,120.0,66.0,3.0,3.0,2.0,7.0,"Borivali East MPCB, Mumbai",31.8,20.0,25.2,56,15.0,8.6,11,1014.8,0.0
2023-12-25,125.0,73.0,3.0,5.0,2.0,2.0,"Borivali East MPCB, Mumbai",31.6,20.2,25.0,54,17.0,10.5,16,1014.8,0.0
2023-12-26,126.0,70.0,3.0,3.0,2.0,5.0,"Borivali East MPCB, Mumbai",32.2,19.0,25.3,60,13.9,9.0,13,1014.8,0.0
2023-12-27,123.0,85.0,3.0,5.0,3.0,2.0,"Borivali East MPCB, Mumbai",32.5,18.8,25.6,60,18.8,10.6,358,1014.9,0.0
2023-12-28,151.0,68.0,3.0,2.0,3.0,2.0,"Borivali East MPCB, Mumbai",31.5,19.6,25.5,64,16.7,10.1,357,1013.3,0.0
2023-12-29,123.0,61.0,3.0,2.0,3.0,5.0,"Borivali East MPCB, Mumbai",32.3,19.6,25.3,68,15.5,9.1,5,1013.3,0.0
2023-12-30,100.0,74.0,3.0,4.0,3.0,8.0,"Borivali East MPCB, Mumbai",31.1,19.0,24.8,73,14.7,8.2,342,1013.0,0.0
2023-12-31,129.0,72.0,3.0,3.0,3.0,8.0,"Borivali East MPCB, Mumbai",31.0,19.1,24.9,68,15.5,9.2,348,1012.5,0.0
2024-01-01,132.0,83.0,3.0,3.0,3.0,5.0,"Borivali East MPCB, Mumbai",30.8,19.4,24.8,72,17.8,10.2,348,1012.7,0.0
2024-01-02,136.0,84.0,3.0,6.0,3.0,1.0,"Borivali East MPCB, Mumbai",30.0,19.9,24.5,71,19.2,11.3,341,1012.2,0.0
2024-01-03,122.0,78.0,3.0,4.0,2.0,6.0,"Borivali East MPCB, Mumbai",29.3,19.4,23.8,70,20.9,12.5,341,1011.6,0.0
2024-01-04,122.0,84.0,3.0,5.0,2.0,5.0,"Borivali East MPCB, Mumbai",28.1,19.1,23.1,79,19.6,13.4,340,1012.0,0.0
2024-01-05,126.0,76.0,3.0,4.0,2.0,4.0,"Borivali East MPCB, Mumbai",29.0,18.1,23.1,76,18.3,11.5,345,1012.3,0.0
2024-01-06,131.0,78.0,3.0,4.0,2.0,3.0,"Borivali East MPCB, Mumbai",31.1,19.1,24.6,66,22.4,14.0,344,1012.0,0.0
2024-01-07,135.0,67.0,3.0,4.0,3.0,4.0,"Borivali East MPCB, Mumbai",30.9,20.4,25.0,68,18.2,10.1,354,1012.1,0.0
2024-01-08,115.0,65.0,3.0,2.0,3.0,1.0,"Borivali East MPCB, Mumbai",32.7,21.4,26.4,59,17.6,11.5,16,1012.1,0.0
2024-01-09,118.0,46.0,3.0,5.0,3.0,5.0,"Borivali East MPCB, Mumbai",29.9,22.6,25.6,75,13.4,7.0,320,1012.8,4.0
2024-01-10,83.0,70.0,3.0,3.0,3.0,6.0,"Borivali East MPCB, Mumbai",31.0,22.0,25.6,73,12.0,7.9,10,1013.1,1.1
2024-01-11,135.0,70.0,3.0,4.0,3.0,7.0,"Borivali East MPCB, Mumbai",32.0,22.2,26.7,70,19.4,10.1,346,1013.3,1.0
2024-01-12,119.0,59.0,3.0,3.0,3.0,6.5,"Borivali East MPCB, Mumbai",33.3,22.9,27.3,64,17.1,11.1,357,1012.6,0.0
2024-01-13,100.0,49.0,3.0,2.0,3.0,6.0,"Borivali East MPCB, Mumbai",31.8,20.6,26.6,64,21.3,12.0,350,1013.5,0.0
2024-01-14,84.0,40.0,3.0,4.0,3.0,5.5,"Borivali East MPCB, Mumbai",31.8,20.4,26.0,54,21.6,13.1,348,1014.3,0.0
2024-01-15,57.0,45.0,3.0,4.0,2.0,2.0,"Borivali East MPCB, Mumbai",29.5,20.6,24.7,44,21.4,13.2,351,1014.1,0.0
2024-01-16,82.0,54.0,3.0,3.0,2.0,2.0,"Borivali East MPCB, Mumbai",27.9,17.5,22.5,60,18.2,11.1,345,1012.1,0.0
2024-01-17,94.0,55.0,3.0,3.0,2.0,2.0,"Borivali East MPCB, Mumbai",27.0,15.9,21.8,69,15.6,9.9,341,1011.5,0.0
2024-01-18,94.0,53.0,3.0,2.0,2.0,2.0,"Borivali East MPCB, Mumbai",27.5,16.6,22.1,69,20.6,10.7,343,1012.9,0.0
2024-01-19,99.0,70.0,3.0,5.0,2.0,3.0,"Borivali East MPCB, Mumbai",27.3,16.1,22.0,72,15.3,9.1,341,1012.6,0.0
2024-01-20,129.0,58.0,3.0,3.0,2.0,1.0,"Borivali East MPCB, Mumbai",27.9,18.1,22.9,66,23.4,13.4,344,1013.8,0.0
2024-01-21,101.0,66.0,3.0,5.0,2.0,6.0,"Borivali East MPCB, Mumbai",29.4,17.1,23.8,54,20.9,12.4,353,1013.4,0.0
2024-01-22,118.0,49.0,3.0,3.0,2.0,4.5,"Borivali East MPCB, Mumbai",28.9,16.9,23.0,57,19.7,11.3,354,1014.0,0.0
2024-01-23,86.0,60.0,3.0,4.0,2.0,3.0,"Borivali East MPCB, Mumbai",29.2,19.5,23.6,42,27.1,17.8,353,1014.5,0.0
2024-01-24,91.0,225.0,3.0,4.0,2.0,8.0,"Borivali East MPCB, Mumbai",30.3,18.5,23.7,43,23.2,15.9,356,1014.1,0.0
2024-01-25,89.0,138.5,3.0,4.0,2.0,2.0,"Borivali East MPCB, Mumbai",30.6,16.2,23.3,48,16.8,10.2,1,1014.9,0.0
2024-01-26,94.0,52.0,3.0,2.0,2.0,5.0,"Borivali East MPCB, Mumbai",30.6,17.0,23.4,54,16.4,9.9,358,1015.8,0.0
2024-01-27,77.0,41.0,3.0,3.0,2.0,3.0,"Borivali East MPCB, Mumbai",31.5,16.7,24.2,54,16.4,11.4,2,1015.9,0.0
2024-01-28,73.0,50.0,3.0,5.0,2.0,1.0,"Borivali East MPCB, Mumbai",31.4,16.8,24.3,54,19.1,11.4,354,1015.5,0.0
2024-01-29,92.0,57.0,3.0,6.0,2.0,2.0,"Borivali East MPCB, Mumbai",31.2,19.1,24.6,50,22.9,13.4,345,1015.5,0.0
2024-01-30,99.0,70.0,3.0,6.0,2.0,3.0,"Borivali East MPCB, Mumbai",30.5,19.8,24.3,54,21.7,12.9,342,1014.5,0.0
2024-01-31,111.0,45.0,3.0,3.0,2.0,3.8,"Borivali East MPCB, Mumbai",28.6,18.2,23.3,68,20.2,12.1,338,1014.4,0.0
2024-02-01,78.0,40.0,3.0,2.0,2.0,4.6,"Borivali East MPCB, Mumbai",27.5,18.9,22.8,76,21.2,11.0,332,1015.4,0.0
2024-02-02,60.0,51.66666666666667,3.0,3.0,2.0,5.4,"Borivali East MPCB, Mumbai",29.5,19.5,23.7,70,24.3,13.3,347,1015.4,0.0
2024-02-04,94.66666666666666,75.0,3.0,5.0,2.0,7.0,"Borivali East MPCB, Mumbai",32.1,19.1,25.6,62,15.3,8.8,342,1015.2,0.0
2024-02-05,112.0,51.0,3.0,5.0,2.0,1.0,"Borivali East MPCB, Mumbai",31.0,20.5,25.8,59,20.2,12.5,337,1015.7,0.0
2024-02-06,72.0,75.0,3.0,5.0,2.0,4.0,"Borivali East MPCB, Mumbai",30.6,20.2,25.2,64,19.4,12.7,338,1015.6,0.0
2024-02-07,105.0,64.0,6.0,4.0,1.0,1.0,"Borivali East MPCB, Mumbai",31.6,21.2,25.8,62,24.7,16.3,343,1016.1,0.0
2024-02-08,92.0,70.0,6.0,5.0,1.0,3.0,"Borivali East MPCB, Mumbai",31.5,21.6,25.6,56,25.8,16.3,346,1015.2,0.0
2024-02-09,102.0,66.0,6.0,6.0,1.0,5.0,"Borivali East MPCB, Mumbai",30.1,18.0,24.3,57,24.1,14.4,340,1014.7,0.0
2024-02-10,98.0,61.0,6.0,5.0,1.0,1.0,"Borivali East MPCB, Mumbai",29.8,20.7,24.6,46,24.3,15.2,341,1015.8,0.0
2024-02-11,98.0,60.0,6.0,6.0,1.0,1.3125,"Borivali East MPCB, Mumbai",29.9,18.6,23.7,51,23.5,12.9,341,1015.9,0.0
2024-02-12,102.0,50.0,6.0,3.0,1.0,1.625,"Borivali East MPCB, Mumbai",30.2,17.6,23.9,61,15.9,10.4,335,1015.3,0.0
2024-02-13,81.0,59.0,6.0,3.0,1.0,1.9375,"Borivali East MPCB, Mumbai",30.8,19.8,24.6,47,21.8,13.5,342,1015.2,0.0
2024-02-14,107.0,60.15384615384615,5.923076923076923,3.230769230769231,1.1538461538461535,2.0,"Borivali East MPCB, Mumbai",32.0,20.0,25.2,44,24.7,15.3,345,1014.7,0.0
2024-02-26,97.76923076923076,74.0,5.0,6.0,3.0,6.0,"Borivali East MPCB, Mumbai",33.8,18.2,26.0,49,17.6,9.7,253,1010.1,0.0
2024-02-27,97.0,94.0,5.0,11.0,2.0,7.0,"Borivali East MPCB, Mumbai",32.7,20.6,26.8,54,21.2,11.4,331,1011.9,0.0
2024-02-28,131.0,79.0,6.0,7.0,2.0,4.0,"Borivali East MPCB, Mumbai",33.8,21.7,27.3,47,18.7,11.4,336,1011.5,0.0
2024-02-29,118.0,71.0,6.0,9.0,3.0,4.0,"Borivali East MPCB, Mumbai",33.1,21.7,27.4,58,18.2,11.4,328,1011.0,0.0
2024-03-01,118.0,38.0,6.0,2.0,3.0,1.0,"Borivali East MPCB, Mumbai",32.8,22.7,26.7,65,19.2,12.0,327,1012.2,0.1
2024-03-02,67.0,42.0,6.0,4.0,2.0,1.0,"Borivali East MPCB, Mumbai",29.2,21.5,25.6,79,19.0,9.7,302,1012.9,0.0
2024-03-03,29.0,31.0,6.0,2.0,1.0,1.0,"Borivali East MPCB, Mumbai",27.3,20.6,24.3,73,19.6,15.1,325,1013.6,0.2
2024-03-04,45.0,58.0,6.0,5.0,1.0,1.0,"Borivali East MPCB, Mumbai",27.6,17.9,22.6,65,21.9,13.0,341,1013.8,0.0
2024-03-05,106.0,73.0,6.0,7.0,2.0,4.0,"Borivali East MPCB, Mumbai",29.5,17.8,23.6,49,24.4,12.8,341,1012.9,0.0
2024-03-06,126.0,72.0,6.0,8.0,2.0,3.0,"Borivali East MPCB, Mumbai",30.3,18.7,24.1,42,24.7,13.4,338,1012.8,0.0
2024-03-07,102.0,77.0,6.0,6.0,2.0,3.0,"Borivali East MPCB, Mumbai",31.5,18.9,25.5,47,24.9,14.6,339,1012.3,0.0
2024-03-08,103.0,70.0,6.0,7.0,2.0,1.0,"Borivali East MPCB, Mumbai",34.2,20.6,27.3,34,28.4,16.1,346,1012.3,0.0
2024-03-09,107.0,75.0,6.0,5.0,2.0,1.0,"Borivali East MPCB, Mumbai",33.6,20.1,27.3,36,24.4,14.0,338,1012.2,0.0
2024-03-10,136.0,50.0,6.0,3.0,2.0,1.0,"Borivali East MPCB, Mumbai",31.7,19.4,26.0,43,21.7,13.7,330,1013.3,0.0
2024-03-11,94.0,68.0,5.0,7.0,3.0,1.5,"Borivali East MPCB, Mumbai",33.6,20.0,26.9,52,26.2,14.0,333,1014.4,0.0
2024-03-12,130.0,53.0,6.0,5.0,2.0,2.0,"Borivali East MPCB, Mumbai",33.7,21.5,27.6,51,23.4,14.0,337,1013.5,0.0
2024-03-13,79.0,33.0,6.0,3.0,2.0,2.8,"Borivali East MPCB, Mumbai",30.5,21.5,26.0,68,24.2,14.0,329,1013.3,0.0
2024-03-14,56.0,74.5,6.0,3.5,2.0,3.6,"Borivali East MPCB, Mumbai",30.0,19.8,25.0,74,24.7,13.9,334,1013.5,0.0
2024-03-15,72.0,116.0,6.0,4.0,2.0,4.4,"Borivali East MPCB, Mumbai",29.1,18.7,24.0,77,16.9,9.7,319,1012.6,0.0
2024-03-16,88.0,96.5,6.0,2.0,2.0,2.0,"Borivali East MPCB, Mumbai",29.5,19.1,24.2,78,21.1,10.6,319,1012.4,0.0
2024-03-17,84.0,77.0,6.0,4.0,2.0,6.0,"Borivali East MPCB, Mumbai",30.4,19.9,24.8,78,18.3,10.1,310,1012.4,0.0
2024-03-18,84.0,65.0,5.0,4.0,2.0,2.0,"Borivali East MPCB, Mumbai",30.2,21.5,25.6,81,17.1,8.8,295,1012.2,0.0
2024-03-19,96.0,67.5,5.5,5.5,2.0,3.5,"Borivali East MPCB, Mumbai",31.6,21.9,26.3,73,20.6,10.6,324,1012.1,0.0
2024-03-20,104.0,70.0,6.0,7.0,2.0,5.0,"Borivali East MPCB, Mumbai",37.4,20.1,28.6,35,28.1,13.7,347,1010.9,0.0
2024-03-21,112.0,72.0,6.0,7.0,2.0,3.0,"Borivali East MPCB, Mumbai",37.3,22.3,29.2,32,20.0,10.3,346,1009.4,0.0
2024-03-22,134.0,55.0,6.0,5.0,3.0,2.0,"Borivali East MPCB, Mumbai",33.7,22.2,27.3,63,18.9,9.7,260,1009.2,0.0
2024-03-23,89.0,52.0,6.0,3.0,2.0,4.0,"Borivali East MPCB, Mumbai",32.1,19.8,26.4,71,19.0,10.3,312,1009.5,0.0
2024-03-24,70.0,51.0,6.0,2.0,2.0,2.0,"Borivali East MPCB, Mumbai",30.8,21.0,26.4,79,18.4,11.3,319,1011.0,0.0
2024-03-25,79.0,50.0,6.0,9.0,2.0,6.0,"Borivali East MPCB, Mumbai",31.5,21.8,26.9,77,20.3,12.1,326,1011.3,0.0
2024-03-26,60.0,49.0,6.0,5.0,2.0,4.0,"Borivali East MPCB, Mumbai",32.9,21.0,27.0,75,21.0,11.4,323,1011.1,0.0
2024-03-27,67.0,47.0,6.0,3.0,2.0,4.0,"Borivali East MPCB, Mumbai",32.1,22.4,27.2,80,20.3,10.3,303,1012.5,0.0
2024-03-28,64.0,42.0,6.0,3.0,2.0,3.0,"Borivali East MPCB, Mumbai",31.9,24.1,27.6,79,17.7,9.2,312,1011.2,0.0
2024-03-29,72.0,80.0,6.0,6.0,2.0,6.0,"Borivali East MPCB, Mumbai",33.7,23.4,28.2,73,20.9,10.7,317,1010.0,0.0
2024-03-30,107.0,59.0,6.0,4.0,2.0,4.0,"Borivali East MPCB, Mumbai",32.9,22.4,27.9,70,23.6,13.9,325,1011.6,0.0
2024-03-31,70.0,75.0,6.0,5.0,2.0,4.0,"Borivali East MPCB, Mumbai",33.2,22.5,28.3,60,25.0,15.3,332,1012.4,0.0
2024-04-01,82.0,73.0,6.0,4.5,2.0,4.5,"Borivali East MPCB, Mumbai",32.6,24.1,27.9,73,20.7,13.1,322,1009.9,0.0
2024-04-02,74.0,71.0,6.0,4.0,2.0,5.0,"Borivali East MPCB, Mumbai",32.2,21.0,27.0,74,18.0,10.6,313,1008.7,0.0
2024-04-03,66.0,40.0,6.0,3.0,2.0,5.0,"Borivali East MPCB, Mumbai",31.8,20.8,26.7,74,20.1,10.6,309,1009.6,0.0
2024-04-04,61.0,89.0,6.0,4.0,3.0,6.0,"Borivali East MPCB, Mumbai",32.2,22.0,27.4,75,22.5,12.8,319,1010.1,0.0
2024-04-05,95.0,74.5,6.0,4.0,2.5,5.5,"Borivali East MPCB, Mumbai",34.6,23.3,29.0,66,26.8,15.1,328,1009.2,0.0
2024-04-06,84.0,60.0,6.0,4.0,2.0,5.0,"Borivali East MPCB, Mumbai",36.0,26.1,30.7,47,28.9,19.1,336,1008.1,0.0
2024-04-07,73.0,36.0,6.0,2.0,2.0,4.5,"Borivali East MPCB, Mumbai",35.7,25.1,29.6,52,24.6,15.2,324,1008.1,0.0
2024-04-08,68.0,58.0,6.0,4.0,3.0,4.0,"Borivali East MPCB, Mumbai",32.1,20.9,27.2,74,20.0,10.0,307,1008.6,0.0
2024-04-09,75.0,47.0,6.0,4.0,2.0,3.0,"Borivali East MPCB, Mumbai",32.5,21.5,27.2,77,18.1,9.6,304,1009.0,0.0
2024-04-10,71.0,49.0,6.0,4.0,2.0,4.0,"Borivali East MPCB, Mumbai",32.3,23.2,27.4,79,19.2,10.8,288,1009.1,0.0
2024-04-11,63.0,48.0,6.0,3.5,2.0,3.5,"Borivali East MPCB, Mumbai",32.3,22.4,27.4,76,18.2,9.5,299,1009.4,0.0
2024-04-12,58.0,47.0,6.0,3.0,2.0,3.0,"Borivali East MPCB, Mumbai",32.5,23.1,27.3,71,17.3,9.8,303,1009.4,0.0
2024-04-13,53.0,43.0,6.0,2.0,2.0,5.0,"Borivali East MPCB, Mumbai",30.6,22.0,26.3,76,18.8,9.7,301,1010.0,0.0
2024-04-14,54.0,62.0,6.0,5.0,2.0,4.0,"Borivali East MPCB, Mumbai",31.5,21.6,27.0,81,22.2,11.5,315,1010.5,0.0
2024-04-15,96.0,80.0,6.0,7.0,2.0,4.0,"Borivali East MPCB, Mumbai",35.3,24.0,30.6,67,23.9,13.7,328,1009.7,0.0
2024-04-16,127.0,63.0,6.0,7.0,3.0,4.0,"Borivali East MPCB, Mumbai",39.8,27.5,33.4,50,25.6,14.7,336,1008.1,0.0
2024-04-17,97.0,59.0,6.0,5.0,3.0,5.0,"Borivali East MPCB, Mumbai",33.8,28.1,30.6,68,17.8,10.9,227,1008.4,0.0
2024-04-18,94.0,52.0,6.0,4.0,2.0,5.0,"Borivali East MPCB, Mumbai",33.6,27.0,30.1,76,20.7,11.1,276,1008.1,0.0
2024-04-19,70.0,68.0,6.0,3.0,2.0,5.0,"Borivali East MPCB, Mumbai",35.5,25.1,30.4,66,27.2,13.0,309,1006.6,0.0
2024-04-20,54.0,49.0,6.0,4.0,2.0,3.0,"Borivali East MPCB, Mumbai",34.9,25.4,30.3,62,27.2,14.9,325,1007.1,0.0
2024-04-21,50.0,42.0,6.0,4.0,2.0,3.0,"Borivali East MPCB, Mumbai",33.3,23.8,29.2,65,25.5,14.8,326,1007.8,0.0
2024-04-22,64.0,52.0,6.0,3.0,2.0,4.0,"Borivali East MPCB, Mumbai",33.5,25.1,29.4,68,25.2,14.4,322,1008.6,0.0
2024-04-23,65.0,51.0,6.0,3.0,2.0,3.0,"Borivali East MPCB, Mumbai",33.4,23.8,28.8,72,23.8,13.1,321,1007.5,0.0
2024-04-24,67.0,60.0,5.0,4.0,3.0,6.0,"Borivali East MPCB, Mumbai",33.0,23.1,28.6,76,21.4,13.0,315,1006.7,0.0
2024-04-25,64.0,62.0,5.5,4.5,3.5,5.5,"Borivali East MPCB, Mumbai",33.3,24.9,29.2,71,24.1,14.1,316,1007.1,0.1
2024-04-26,73.5,64.0,6.0,5.0,4.0,5.0,"Borivali East MPCB, Mumbai",34.0,24.6,29.6,70,22.8,13.6,321,1007.0,0.0
2024-04-27,83.0,86.0,5.0,6.0,4.0,5.0,"Borivali East MPCB, Mumbai",35.1,25.7,30.7,64,23.4,15.7,327,1006.8,0.0
2024-04-28,106.0,74.0,5.0,6.0,4.0,4.0,"Borivali East MPCB, Mumbai",38.3,27.1,32.6,50,29.5,18.3,334,1006.6,0.0
2024-04-29,85.0,75.0,5.0,6.0,5.0,5.0,"Borivali East MPCB, Mumbai",37.1,26.0,32.0,48,27.3,16.6,331,1007.9,0.0
2024-04-30,76.0,73.0,6.0,4.0,4.0,5.0,"Borivali East MPCB, Mumbai",36.7,24.9,31.3,58,28.3,14.9,323,1006.8,0.0
2024-05-01,61.0,66.0,6.0,3.0,3.0,4.0,"Borivali East MPCB, Mumbai",33.6,24.9,29.4,66,19.8,11.4,294,1006.0,0.0
2024-05-02,51.0,74.0,5.0,3.0,4.0,5.0,"Borivali East MPCB, Mumbai",32.8,23.5,28.2,72,20.0,10.0,273,1006.3,0.0
2024-05-03,54.0,178.0,6.0,2.0,2.0,6.0,"Borivali East MPCB, Mumbai",32.3,22.2,27.9,79,18.8,9.8,296,1007.6,0.0
2024-05-04,130.0,47.0,6.0,3.0,4.0,5.0,"Borivali East MPCB, Mumbai",32.8,23.5,28.6,82,20.3,11.0,293,1008.3,0.0
2024-05-05,57.0,33.0,6.0,2.0,3.0,5.0,"Borivali East MPCB, Mumbai",34.0,24.8,29.5,76,24.1,11.9,303,1006.6,0.0
2024-05-06,41.0,56.0,6.0,2.0,4.0,6.0,"Borivali East MPCB, Mumbai",32.3,25.5,28.9,80,20.5,11.6,302,1007.5,0.0
2024-05-07,40.0,40.0,6.0,2.0,3.0,5.0,"Borivali East MPCB, Mumbai",32.7,25.1,29.0,79,19.9,11.6,269,1008.5,0.0
2024-05-08,40.0,35.0,6.0,2.0,3.0,6.0,"Borivali East MPCB, Mumbai",32.5,26.0,29.2,77,23.6,12.0,276,1008.0,0.0
2024-05-09,39.0,39.0,6.0,2.0,2.0,5.0,"Borivali East MPCB, Mumbai",32.3,26.8,29.4,79,20.2,10.8,288,1007.2,0.0
2024-05-10,46.0,47.0,6.0,2.0,4.0,6.0,"Borivali East MPCB, Mumbai",32.5,25.6,29.3,78,19.1,11.5,295,1008.3,0.0
2024-05-11,41.0,38.5,6.0,3.0,3.5,6.0,"Borivali East MPCB, Mumbai",32.6,26.2,29.4,81,23.5,12.9,312,1009.0,0.0
2024-05-12,47.5,30.0,6.0,4.0,3.0,6.0,"Borivali East MPCB, Mumbai",33.8,27.0,30.0,76,23.4,13.3,316,1009.0,0.0
2024-05-13,54.0,38.66666666666666,6.0,7.0,3.0,6.0,"Borivali East MPCB, Mumbai",34.1,27.2,30.1,77,20.5,11.5,325,1008.4,3.2
2024-05-14,94.0,47.33333333333333,6.0,8.0,3.0,6.0,"Borivali East MPCB, Mumbai",37.4,26.5,30.9,69,23.9,12.5,316,1007.8,0.0
2024-05-15,226.0,56.0,6.0,3.0,6.0,6.0,"Borivali East MPCB, Mumbai",35.0,26.8,30.9,73,19.7,11.6,306,1008.0,0.0
2024-05-16,77.0,55.0,6.0,7.0,3.0,6.0,"Borivali East MPCB, Mumbai",37.9,27.0,32.4,65,19.1,8.9,310,1007.9,3.3
2024-05-17,76.0,44.0,6.0,3.0,4.0,6.0,"Borivali East MPCB, Mumbai",36.3,27.9,31.3,68,17.8,10.1,254,1007.1,0.0
2024-05-18,51.0,52.0,6.0,4.0,4.0,6.0,"Borivali East MPCB, Mumbai",34.2,27.5,30.8,81,18.8,9.1,259,1005.1,0.0
2024-05-19,54.0,34.0,6.0,3.0,4.0,6.0,"Borivali East MPCB, Mumbai",33.6,27.0,30.5,79,18.7,10.7,255,1003.2,4.9
2024-05-20,30.0,41.0,6.0,3.0,4.0,6.0,"Borivali East MPCB, Mumbai",34.7,28.8,31.2,76,21.5,13.0,256,1003.5,0.0
2024-05-21,35.0,48.0,6.0,2.0,4.0,6.0,"Borivali East MPCB, Mumbai",35.2,28.0,31.4,77,21.6,11.9,272,1003.4,0.1
2024-05-22,33.0,46.0,6.0,1.0,5.0,6.0,"Borivali East MPCB, Mumbai",33.8,28.6,31.1,80,18.1,13.3,263,1003.0,0.1
2024-05-23,35.0,42.0,6.0,1.0,5.0,6.0,"Borivali East MPCB, Mumbai",33.5,28.0,30.7,80,22.2,12.3,263,1002.1,0.0
2024-05-24,36.0,43.0,6.0,1.0,5.0,6.0,"Borivali East MPCB, Mumbai",33.8,27.6,30.6,78,19.1,12.1,257,1002.2,0.1
2024-05-25,37.0,39.0,6.0,1.0,4.0,6.0,"Borivali East MPCB, Mumbai",33.4,28.5,30.7,74,20.3,14.0,268,1003.5,0.7
2024-05-26,33.0,53.0,6.0,1.0,4.0,6.0,"Borivali East MPCB, Mumbai",33.2,28.9,30.9,71,20.8,16.8,270,1004.4,1.0
2024-05-27,35.0,44.0,6.0,1.0,5.0,6.0,"Borivali East MPCB, Mumbai",33.0,29.1,30.6,74,22.0,17.0,261,1004.1,0.8
2024-05-28,20.0,60.0,6.0,2.0,6.0,6.0,"Borivali East MPCB, Mumbai",33.3,28.9,30.8,71,22.0,17.7,256,1004.5,1.6
2024-05-29,35.0,50.0,6.0,1.0,5.0,5.0,"Borivali East MPCB, Mumbai",33.8,28.9,31.2,65,24.2,19.2,243,1004.5,0.1
2024-05-30,28.0,38.0,6.0,1.0,5.0,4.0,"Borivali East MPCB, Mumbai",34.2,28.9,31.4,67,19.1,15.0,257,1005.5,0.5
2024-05-31,22.0,37.0,6.0,2.0,10.0,6.0,"Borivali East MPCB, Mumbai",33.7,27.5,30.5,80,19.8,11.1,269,1006.3,1.1
2024-06-01,23.0,34.0,6.0,2.0,4.0,6.0,"Borivali East MPCB, Mumbai",33.5,27.4,30.6,76,17.4,12.2,261,1006.1,1.2
2024-06-02,9.0,45.0,6.0,1.0,6.0,6.0,"Borivali East MPCB, Mumbai",33.9,28.0,30.9,71,16.9,11.2,267,1006.3,0.5
2024-06-03,24.0,47.0,6.0,1.0,7.0,6.0,"Borivali East MPCB, Mumbai",33.7,28.5,31.2,71,16.0,9.6,273,1006.5,0.6
2024-06-04,26.0,34.0,6.0,1.0,6.0,6.0,"Borivali East MPCB, Mumbai",32.8,28.0,30.0,79,16.6,9.6,222,1007.0,5.2
2024-06-05,29.0,36.0,6.0,1.0,5.0,6.0,"Borivali East MPCB, Mumbai",32.5,26.9,29.4,81,16.5,10.1,215,1007.3,2.8
2024-06-06,23.0,42.0,6.0,1.0,5.0,6.0,"Borivali East MPCB, Mumbai",32.8,26.7,29.5,80,18.4,9.4,256,1007.9,1.8
2024-06-07,21.0,42.0,6.0,1.0,6.0,6.0,"Borivali East MPCB, Mumbai",32.8,27.9,30.2,75,18.7,12.4,299,1006.2,0.7
2024-06-08,29.0,36.0,6.0,1.0,5.0,6.0,"Borivali East MPCB, Mumbai",32.9,26.4,29.5,75,17.9,11.1,307,1005.0,10.8
2024-06-09,24.0,24.0,6.0,1.0,4.0,6.0,"Borivali East MPCB, Mumbai",31.0,25.9,28.9,81,14.8,9.2,279,1004.8,16.7
2024-06-10,42.0,28.0,6.0,1.0,3.0,6.0,"Borivali East MPCB, Mumbai",30.0,25.5,27.2,87,13.0,7.9,226,1006.2,29.1
2024-06-11,26.0,24.0,6.0,1.0,3.0,6.0,"Borivali East MPCB, Mumbai",29.9,26.0,27.8,87,16.2,8.5,246,1006.7,8.1
2024-06-12,21.0,20.0,6.0,1.0,3.0,6.0,"Borivali East MPCB, Mumbai",29.6,25.2,27.7,86,15.5,9.5,217,1007.5,18.9
2024-06-13,18.0,20.0,6.0,1.0,3.0,6.0,"Borivali East MPCB, Mumbai",29.7,26.2,27.6,87,17.5,10.6,213,1007.1,14.0
2024-06-14,20.0,25.0,6.0,1.0,3.0,6.0,"Borivali East MPCB, Mumbai",29.2,25.9,27.2,87,19.0,12.0,196,1006.3,9.5
2024-06-15,30.0,36.0,6.0,1.0,3.0,6.0,"Borivali East MPCB, Mumbai",30.1,26.0,27.8,83,20.1,14.7,186,1005.4,1.3
2024-06-16,36.0,25.0,6.0,1.0,4.0,6.0,"Borivali East MPCB, Mumbai",31.0,26.1,28.5,82,15.5,10.3,208,1005.7,0.9
2024-06-17,37.0,31.0,6.0,1.0,4.0,6.0,"Borivali East MPCB, Mumbai",31.4,26.9,28.4,83,18.9,11.6,200,1006.0,13.5
2024-06-18,38.0,18.0,6.0,1.0,4.0,6.0,"Borivali East MPCB, Mumbai",29.9,26.4,27.4,88,19.6,14.6,210,1005.8,19.3
2024-06-19,24.0,28.0,6.0,1.0,3.0,6.0,"Borivali East MPCB, Mumbai",28.9,25.9,27.4,86,20.6,14.8,213,1003.9,23.1
2024-06-20,14.0,27.0,6.0,2.0,4.0,6.0,"Borivali East MPCB, Mumbai",28.9,26.1,27.4,87,18.5,14.9,215,1002.9,34.6
2024-06-21,13.0,25.75,6.0,2.0,4.0,6.0,"Borivali East MPCB, Mumbai",31.0,25.1,27.9,86,22.2,14.9,224,1003.4,13.3
2024-06-24,26.5,22.0,6.0,1.0,4.0,6.0,"Borivali East MPCB, Mumbai",29.5,25.5,27.6,87,15.2,9.2,190,999.6,30.6
2024-06-25,31.0,15.0,6.0,1.0,3.0,4.0,"Borivali East MPCB, Mumbai",30.3,26.2,28.1,86,29.5,18.2,168,997.9,11.1
2024-06-26,21.0,14.0,6.0,1.0,3.0,3.0,"Borivali East MPCB, Mumbai",30.5,26.9,28.0,87,30.3,22.4,200,997.8,26.5
2024-06-27,11.0,31.0,6.0,1.0,3.0,3.0,"Borivali East MPCB, Mumbai",28.5,26.4,27.3,89,28.9,22.0,208,1000.4,81.3
2024-06-28,15.0,46.0,6.0,2.0,4.0,3.0,"Borivali East MPCB, Mumbai",28.8,26.3,27.2,89,28.3,23.0,203,1001.6,39.6
2024-06-29,28.0,51.0,6.0,2.0,3.0,3.0,"Borivali East MPCB, Mumbai",29.7,25.0,27.5,87,26.7,19.6,197,1002.9,15.7
2024-06-30,10.0,52.0,6.0,2.0,3.0,3.0,"Borivali East MPCB, Mumbai",29.2,26.4,27.5,88,27.8,20.6,211,1003.2,35.4
2024-07-01,13.0,51.0,6.0,2.0,3.0,3.0,"Borivali East MPCB, Mumbai",30.3,26.5,28.1,83,36.0,30.4,221,1002.0,15.4
2024-07-02,22.0,52.0,6.0,2.0,3.0,3.0,"Borivali East MPCB, Mumbai",30.3,26.6,28.6,83,31.1,26.4,230,1001.5,18.0
2024-07-03,10.0,42.0,6.0,2.0,4.0,3.0,"Borivali East MPCB, Mumbai",29.8,26.8,28.5,85,30.2,24.8,226,1002.6,9.0
2024-07-04,8.0,26.0,6.0,2.0,4.0,3.0,"Borivali East MPCB, Mumbai",29.2,26.9,27.9,85,26.1,20.0,226,1003.8,8.0
2024-07-05,6.0,47.0,6.0,2.0,3.0,3.0,"Borivali East MPCB, Mumbai",29.0,26.1,27.4,87,25.3,20.6,224,1002.0,15.6
2024-07-06,15.0,38.0,6.0,2.0,3.0,3.0,"Borivali East MPCB, Mumbai",29.5,26.1,27.7,86,27.7,22.4,234,1001.1,13.2
2024-07-07,15.0,18.0,6.0,2.0,3.0,3.0,"Borivali East MPCB, Mumbai",29.0,25.5,27.5,88,22.6,16.5,232,1002.2,9.3
2024-07-08,19.0,14.0,6.0,2.0,3.0,3.0,"Borivali East MPCB, Mumbai",28.1,25.6,26.7,90,14.8,9.4,215,1002.4,15.2
2024-07-09,14.0,20.5,6.0,2.0,2.333333333333333,3.0,"Borivali East MPCB, Mumbai",27.1,25.5,26.2,92,19.1,10.6,212,1003.3,69.9
2024-07-10,15.0,27.0,6.0,2.0,1.6666666666666667,3.0,"Borivali East MPCB, Mumbai",29.0,25.0,26.6,89,20.7,15.2,204,1006.0,16.5
2024-07-11,16.0,25.0,6.0,2.0,1.0,2.0,"Borivali East MPCB, Mumbai",28.0,24.4,26.3,91,22.7,15.8,228,1005.6,34.4
2024-07-12,16.0,13.0,6.0,2.0,3.0,2.0,"Borivali East MPCB, Mumbai",27.2,25.4,26.1,92,21.9,16.7,245,1003.8,62.9
2024-07-13,19.0,22.0,6.0,2.0,3.0,2.0,"Borivali East MPCB, Mumbai",26.5,25.5,26.0,92,27.8,20.9,243,1003.2,76.9
2024-07-14,14.0,17.0,6.0,2.0,3.0,1.0,"Borivali East MPCB, Mumbai",26.8,25.0,25.8,92,21.6,12.3,259,1001.6,42.7
2024-07-15,18.0,18.5,6.0,2.0,3.0,2.0,"Borivali East MPCB, Mumbai",28.0,24.7,26.4,90,15.9,9.1,240,1001.0,9.2
2024-07-16,34.0,20.0,6.0,1.0,1.0,3.0,"Borivali East MPCB, Mumbai",28.9,25.3,26.5,91,18.7,14.0,211,1000.2,16.6
2024-07-17,19.0,66.33333333333334,5.666666666666667,1.3333333333333333,3.5,3.0,"Borivali East MPCB, Mumbai",27.7,25.5,26.6,90,23.2,17.6,226,1001.8,35.6
2024-07-19,13.0,159.0,5.0,2.0,8.5,3.0,"Borivali East MPCB, Mumbai",27.7,25.6,26.4,91,27.1,22.4,230,1000.6,62.9
2024-07-20,35.0,21.0,7.25,9.0,11.0,3.0,"Borivali East MPCB, Mumbai",27.7,25.9,26.4,90,28.3,23.1,229,1001.2,92.0
2024-07-21,9.0,29.0,9.5,6.0,3.0,3.0,"Borivali East MPCB, Mumbai",26.9,25.9,26.4,91,27.5,23.3,237,1001.7,59.1
2024-07-22,9.0,32.0,11.75,5.0,16.0,3.0,"Borivali East MPCB, Mumbai",27.2,26.0,26.3,91,30.1,24.9,236,1003.5,47.0
2024-07-23,4.0,29.0,14.0,5.0,5.0,3.0,"Borivali East MPCB, Mumbai",26.5,25.8,26.2,90,31.8,27.3,241,1004.4,36.2
2024-07-24,137.0,27.0,26.5,5.0,10.0,3.0,"Borivali East MPCB, Mumbai",27.0,25.6,26.3,90,33.2,28.5,247,1002.0,47.7
2024-07-25,10.0,124.0,39.0,4.0,15.0,1.0,"Borivali East MPCB, Mumbai",27.4,25.7,26.3,89,33.6,28.3,261,1001.1,66.1
2024-07-26,97.0,97.0,37.0,2.0,20.0,3.0,"Borivali East MPCB, Mumbai",28.9,25.2,27.0,87,29.7,23.9,253,1002.4,28.5
2024-07-27,69.0,31.0,45.0,1.0,25.0,1.0,"Borivali East MPCB, Mumbai",28.5,25.7,27.1,85,29.0,25.6,256,1003.2,5.6
2024-07-28,36.0,58.0,12.0,1.0,3.0,1.0,"Borivali East MPCB, Mumbai",28.5,25.9,26.9,88,26.6,22.8,258,1000.9,20.3
2024-07-29,17.0,41.0,12.0,1.0,3.0,1.0,"Borivali East MPCB, Mumbai",27.5,25.7,26.4,90,24.0,20.3,244,999.6,34.8
2024-07-30,12.0,6.0,4.0,1.0,3.0,1.0,"Borivali East MPCB, Mumbai",27.7,25.4,26.7,89,22.9,17.8,239,1002.9,18.8
2024-07-31,8.0,19.0,4.0,1.0,3.0,1.0,"Borivali East MPCB, Mumbai",28.9,24.8,26.8,89,21.1,16.7,245,1005.3,16.2
2024-08-01,17.0,25.0,4.0,1.0,3.0,2.0,"Borivali East MPCB, Mumbai",28.9,25.3,26.9,86,26.5,20.8,244,1005.0,14.7
2024-08-02,12.0,27.0,4.0,1.0,3.0,2.0,"Borivali East MPCB, Mumbai",28.5,25.0,26.4,87,29.4,24.4,241,1004.6,33.0
2024-08-03,7.0,29.0,4.0,1.0,3.0,2.0,"Borivali East MPCB, Mumbai",27.2,25.5,26.3,87,30.6,27.1,242,1004.9,19.8
2024-08-04,15.0,29.0,2.0,2.0,4.0,1.0,"Borivali East MPCB, Mumbai",27.2,25.5,26.3,89,26.8,24.4,244,1005.3,28.8
2024-08-05,35.0,24.0,4.0,1.0,4.0,3.0,"Borivali East MPCB, Mumbai",28.9,25.9,27.0,85,24.2,21.2,230,1006.2,5.7
2024-08-06,18.0,24.0,5.0,1.0,3.0,3.0,"Borivali East MPCB, Mumbai",28.5,25.6,27.0,85,22.0,18.1,236,1006.4,4.2
2024-08-07,24.0,31.0,4.0,1.0,3.0,3.0,"Borivali East MPCB, Mumbai",28.7,25.7,26.9,86,21.1,16.2,252,1006.5,5.0
2024-08-08,37.0,26.0,4.0,2.0,3.0,2.0,"Borivali East MPCB, Mumbai",28.4,25.3,26.7,85,18.6,14.6,246,1007.4,5.4
2024-08-09,37.0,22.0,5.0,1.0,3.0,2.0,"Borivali East MPCB, Mumbai",27.8,25.2,26.3,88,17.6,13.6,247,1008.4,13.7
2024-08-10,27.0,23.0,5.0,1.0,4.0,3.0,"Borivali East MPCB, Mumbai",28.0,25.2,26.6,86,19.7,12.5,257,1008.2,6.4
2024-08-11,26.0,24.0,5.0,1.0,3.0,3.0,"Borivali East MPCB, Mumbai",28.6,25.9,27.1,83,21.1,16.5,252,1006.6,2.4
2024-08-12,25.0,26.0,4.0,1.0,3.0,3.0,"Borivali East MPCB, Mumbai",28.5,25.8,26.9,85,21.7,13.8,246,1006.4,4.1
2024-08-13,30.0,24.0,6.0,1.0,3.0,3.0,"Borivali East MPCB, Mumbai",28.5,25.2,26.9,86,17.0,10.1,254,1007.0,2.3
2024-08-14,34.0,26.0,5.0,1.0,3.0,3.0,"Borivali East MPCB, Mumbai",28.9,25.6,27.1,85,17.0,7.6,280,1006.9,0.9
2024-08-15,37.0,23.0,5.0,1.0,3.0,3.0,"Borivali East MPCB, Mumbai",29.0,25.5,27.3,84,17.1,7.7,283,1006.0,1.0
2024-08-16,31.0,23.0,6.0,1.0,3.0,2.0,"Borivali East MPCB, Mumbai",29.3,24.9,27.3,86,16.2,8.3,261,1004.9,0.9
2024-08-17,33.0,33.0,6.0,1.0,3.0,3.0,"Borivali East MPCB, Mumbai",29.2,25.1,27.3,85,12.8,7.0,274,1006.0,1.2
2024-08-18,45.0,32.0,7.0,1.0,3.0,3.0,"Borivali East MPCB, Mumbai",29.7,25.4,27.6,87,13.9,7.6,324,1006.6,3.0
2024-08-19,49.0,27.0,7.0,1.0,3.0,2.0,"Borivali East MPCB, Mumbai",28.9,25.6,27.3,89,15.9,8.0,340,1005.9,8.0
2024-08-20,51.0,32.0,13.0,1.0,2.0,2.0,"Borivali East MPCB, Mumbai",28.2,25.0,26.3,92,13.5,6.4,4,1005.5,34.9
2024-08-21,59.0,36.0,1.0,1.0,2.0,2.0,"Borivali East MPCB, Mumbai",30.0,25.4,27.5,88,17.8,9.0,335,1005.5,1.3
2024-08-22,66.0,16.0,1.0,1.0,2.0,1.0,"Borivali East MPCB, Mumbai",30.1,25.9,27.8,87,14.8,8.8,207,1004.9,4.1
2024-08-23,27.0,14.0,1.0,1.0,1.0,1.0,"Borivali East MPCB, Mumbai",29.1,26.1,27.1,89,15.3,10.9,169,1005.5,20.2
2024-08-24,32.0,21.0,1.0,1.0,1.0,1.0,"Borivali East MPCB, Mumbai",26.2,25.2,25.8,92,21.3,14.4,272,1006.4,66.0
2024-08-25,29.0,32.0,1.0,1.0,1.0,1.0,"Borivali East MPCB, Mumbai",27.4,24.9,26.2,88,27.6,23.2,258,1005.3,29.6
2024-08-26,39.0,26.0,1.0,1.0,1.0,1.0,"Borivali East MPCB, Mumbai",27.4,25.1,26.3,87,28.7,25.6,249,1003.7,20.6
2024-08-27,33.0,34.0,1.0,1.0,1.1111111111111112,1.2222222222222223,"Borivali East MPCB, Mumbai",27.8,24.6,26.2,86,30.8,26.1,222,1004.5,12.9
2024-08-28,37.0,34.0,1.0,1.0,1.2222222222222223,1.4444444444444444,"Borivali East MPCB, Mumbai",28.7,25.2,26.8,86,32.4,26.1,225,1005.3,15.3
2024-08-29,44.0,28.0,1.0,1.0,1.3333333333333333,1.6666666666666663,"Borivali East MPCB, Mumbai",28.7,26.4,27.4,84,27.7,22.0,225,1004.6,3.2
2024-08-30,37.0,21.0,1.0,1.0,2.0,2.0,"Borivali East MPCB, Mumbai",28.8,25.3,26.9,86,20.0,15.2,217,1005.8,6.3
2024-08-31,29.0,24.0,1.0,1.0,2.0,2.0,"Borivali East MPCB, Mumbai",29.0,25.3,26.9,86,13.7,8.9,241,1007.2,1.8
2024-09-01,32.0,24.0,1.0,2.0,2.0,3.0,"Borivali East MPCB, Mumbai",28.0,25.2,26.7,86,14.5,9.7,288,1006.9,3.0
2024-09-02,34.0,28.0,1.0,2.0,2.0,3.0,"Borivali East MPCB, Mumbai",27.0,25.1,26.1,90,19.3,13.9,294,1005.6,27.0
2024-09-03,41.0,30.0,1.0,2.0,2.0,3.0,"Borivali East MPCB, Mumbai",27.0,25.1,25.9,89,16.6,11.6,258,1006.4,13.0
2024-09-04,41.0,21.0,1.0,2.0,2.0,3.0,"Borivali East MPCB, Mumbai",28.0,24.9,26.4,88,20.4,14.2,253,1007.3,16.8
2024-09-05,32.0,28.0,1.0,2.0,4.0,3.0,"Borivali East MPCB, Mumbai",28.0,25.4,26.3,89,23.3,17.1,261,1005.9,27.0
2024-09-06,39.0,18.0,1.0,2.0,4.0,3.0,"Borivali East MPCB, Mumbai",28.0,25.2,26.5,87,21.7,14.5,261,1006.8,13.3
2024-09-07,26.0,21.0,1.0,2.0,3.0,3.0,"Borivali East MPCB, Mumbai",28.5,25.0,26.3,87,18.3,11.3,252,1007.5,9.5
2024-09-08,35.0,20.0,1.0,2.0,3.0,3.0,"Borivali East MPCB, Mumbai",28.4,25.0,26.6,86,14.8,10.1,234,1007.5,4.1
2024-09-09,32.0,23.0,1.0,2.0,3.0,3.0,"Borivali East MPCB, Mumbai",28.3,25.1,26.7,85,17.4,8.6,256,1005.2,4.3
2024-09-10,32.0,23.0,1.0,2.0,3.0,3.0,"Borivali East MPCB, Mumbai",28.1,25.2,26.6,86,18.2,10.7,246,1004.4,5.6
2024-09-11,40.0,34.0,1.0,2.0,3.0,3.0,"Borivali East MPCB, Mumbai",28.2,24.8,26.2,88,18.8,11.7,223,1005.5,4.9
2024-09-12,49.0,37.0,1.0,2.0,3.0,3.0,"Borivali East MPCB, Mumbai",28.5,24.7,26.2,86,19.8,13.8,229,1007.3,13.1
2024-09-13,51.0,21.0,1.0,2.0,3.0,3.0,"Borivali East MPCB, Mumbai",28.4,25.0,26.4,83,20.3,12.5,230,1007.7,4.0
2024-09-14,41.0,18.0,1.0,2.0,3.0,3.0,"Borivali East MPCB, Mumbai",27.4,23.7,25.3,87,17.8,10.8,214,1007.6,7.8
2024-09-15,35.0,29.0,1.0,2.0,3.0,2.0,"Borivali East MPCB, Mumbai",27.4,23.2,25.3,88,14.3,8.9,223,1008.1,4.8
2024-09-16,47.0,33.0,1.0,2.0,3.0,2.0,"Borivali East MPCB, Mumbai",28.6,24.1,26.0,87,14.5,8.7,226,1008.7,1.6
2024-09-17,48.0,31.5,1.0,2.0,2.0,2.0,"Borivali East MPCB, Mumbai",28.5,23.1,26.0,85,15.7,8.1,313,1008.9,0.2
2024-09-18,55.0,30.0,1.0,2.0,2.0,2.0,"Borivali East MPCB, Mumbai",28.8,23.2,26.2,84,11.5,7.9,235,1007.0,0.7
2024-09-19,52.0,33.0,1.0,2.0,3.0,2.0,"Borivali East MPCB, Mumbai",29.4,24.1,27.0,82,12.4,6.8,254,1007.4,0.9
2024-09-20,56.0,27.0,1.0,2.0,2.0,2.0,"Borivali East MPCB, Mumbai",28.8,24.5,26.6,87,12.8,6.8,231,1007.7,3.4
2024-09-21,51.0,32.0,1.0,2.0,2.0,2.0,"Borivali East MPCB, Mumbai",29.6,24.6,27.1,84,15.9,6.6,317,1008.4,1.8
2024-09-22,199.0,35.0,1.0,2.0,2.0,2.0,"Borivali East MPCB, Mumbai",29.5,25.0,27.3,83,18.4,11.0,327,1007.7,1.8
2024-09-23,84.0,21.0,1.0,1.0,2.0,2.0,"Borivali East MPCB, Mumbai",28.9,26.2,27.5,86,18.3,11.1,328,1006.6,10.2
2024-09-24,39.0,16.0,1.0,1.0,2.0,2.0,"Borivali East MPCB, Mumbai",28.5,25.0,26.5,91,22.8,11.1,341,1004.9,35.9
2024-09-25,40.0,9.0,1.0,1.0,2.0,2.0,"Borivali East MPCB, Mumbai",28.0,25.0,26.1,92,20.5,9.9,331,1004.2,36.6
2024-09-26,25.0,6.0,1.0,1.0,2.0,2.0,"Borivali East MPCB, Mumbai",26.9,24.5,25.7,93,18.6,8.7,233,1003.1,28.4
2024-09-27,16.0,10.0,1.0,1.0,2.0,2.0,"Borivali East MPCB, Mumbai",26.5,25.3,26.1,91,27.8,23.8,252,1004.5,101.9
2024-09-28,20.0,15.0,1.0,1.0,2.0,1.0,"Borivali East MPCB, Mumbai",28.0,25.0,26.5,87,18.6,13.1,241,1007.9,16.1
2024-09-29,25.0,13.0,1.0,1.0,2.0,2.0,"Borivali East MPCB, Mumbai",28.3,25.0,26.6,88,15.4,8.6,239,1010.0,4.3
2024-09-30,27.0,46.0,6.0,3.0,2.0,1.0,"Borivali East MPCB, Mumbai",29.3,24.8,27.1,88,15.2,7.3,318,1010.1,1.1
2024-10-01,63.0,25.0,6.0,3.0,2.0,2.0,"Borivali East MPCB, Mumbai",30.9,25.2,27.8,90,16.4,8.5,338,1008.1,0.6
2024-10-02,26.0,14.0,5.0,2.0,2.0,2.0,"Borivali East MPCB, Mumbai",30.2,25.8,27.8,91,15.7,7.1,275,1008.8,3.4
2024-10-03,19.0,28.0,1.0,2.0,2.0,2.0,"Borivali East MPCB, Mumbai",29.9,25.6,27.5,88,16.3,7.8,252,1009.2,1.1
2024-10-04,41.0,27.0,1.0,1.0,2.0,2.0,"Borivali East MPCB, Mumbai",29.5,24.5,27.1,86,14.8,6.8,281,1009.2,1.9
2024-10-05,40.0,28.0,1.0,1.0,2.0,2.0,"Borivali East MPCB, Mumbai",29.1,24.5,26.6,87,13.1,6.5,315,1009.7,0.8
2024-10-06,41.0,36.0,1.0,1.0,2.0,2.0,"Borivali East MPCB, Mumbai",30.9,24.3,27.0,86,19.0,9.6,1,1009.7,13.2
2024-10-07,51.0,37.0,1.0,1.0,2.0,2.0,"Borivali East MPCB, Mumbai",32.0,25.0,28.2,84,12.5,8.0,359,1009.7,0.6
2024-10-08,53.0,33.0,1.0,1.0,2.0,2.0,"Borivali East MPCB, Mumbai",31.9,25.0,28.2,85,15.9,8.9,180,1009.9,0.0
2024-10-09,50.0,31.0,1.0,1.0,2.0,2.0,"Borivali East MPCB, Mumbai",29.5,24.7,27.0,86,18.4,6.9,111,1008.7,4.5
2024-10-10,49.0,29.0,1.0,1.0,2.0,2.0,"Borivali East MPCB, Mumbai",29.9,24.8,27.1,86,14.6,7.3,61,1006.8,4.9
2024-10-11,44.0,34.0,1.0,1.0,2.0,2.0,"Borivali East MPCB, Mumbai",31.3,24.8,27.5,83,10.6,7.4,102,1006.4,19.0
2024-10-12,48.0,31.0,1.0,1.0,2.0,2.0,"Borivali East MPCB, Mumbai",31.2,24.5,27.5,87,12.1,5.8,134,1007.5,4.2
2024-10-13,47.0,28.0,1.0,1.0,2.0,2.0,"Borivali East MPCB, Mumbai",30.4,25.2,27.4,87,15.3,7.2,153,1008.7,2.3
2024-10-14,43.0,28.0,1.0,1.0,2.0,1.0,"Borivali East MPCB, Mumbai",31.0,24.1,26.8,88,14.6,6.7,29,1009.2,15.3
2024-10-15,43.0,33.0,1.0,1.0,2.0,2.0,"Borivali East MPCB, Mumbai",30.0,24.5,26.9,89,12.6,6.3,163,1009.3,0.1
2024-10-16,48.0,36.0,1.0,1.0,2.0,2.0,"Borivali East MPCB, Mumbai",30.0,24.7,27.4,88,12.9,6.3,135,1008.6,1.7
2024-10-17,51.0,33.0,1.0,1.0,2.0,2.0,"Borivali East MPCB, Mumbai",28.4,25.5,27.1,91,11.3,7.9,321,1007.8,1.3
2024-10-18,48.0,28.0,1.0,1.0,2.0,2.0,"Borivali East MPCB, Mumbai",32.3,24.9,27.9,85,12.3,7.0,158,1007.6,6.7
2024-10-19,41.0,28.0,1.0,1.0,2.0,2.0,"Borivali East MPCB, Mumbai",29.8,24.3,26.5,88,13.3,6.3,132,1010.1,15.0
2024-10-20,42.0,28.0,1.0,1.0,2.0,2.0,"Borivali East MPCB, Mumbai",29.7,24.5,26.6,87,9.9,6.0,124,1011.0,8.2
2024-10-21,42.0,30.0,1.0,1.0,2.0,2.0,"Borivali East MPCB, Mumbai",29.9,23.9,26.9,86,8.6,5.4,133,1010.9,15.2
2024-10-22,47.0,34.0,1.0,1.0,2.0,2.0,"Borivali East MPCB, Mumbai",29.8,23.5,26.7,87,12.4,7.3,91,1010.9,4.7
2024-10-23,51.0,41.0,2.0,1.0,2.0,2.0,"Borivali East MPCB, Mumbai",31.0,24.5,27.4,85,15.2,8.9,8,1010.3,0.0
2024-10-24,60.0,37.0,3.0,1.0,3.0,2.0,"Borivali East MPCB, Mumbai",32.2,25.0,28.3,74,15.4,9.3,16,1009.9,0.0
2024-10-25,54.0,37.0,3.0,1.0,3.0,2.0,"Borivali East MPCB, Mumbai",31.0,23.2,27.2,75,14.9,8.7,355,1009.9,0.0
2024-10-26,54.0,41.0,1.0,1.0,2.0,2.0,"Borivali East MPCB, Mumbai",32.5,22.4,27.1,70,19.9,8.9,2,1010.2,0.0
2024-10-27,57.0,39.0,4.0,1.0,2.0,2.0,"Borivali East MPCB, Mumbai",31.4,22.1,27.2,79,17.1,9.4,344,1009.0,0.0
2024-10-28,55.0,37.0,1.0,1.0,2.0,2.0,"Borivali East MPCB, Mumbai",31.1,23.2,27.2,83,13.9,7.7,335,1007.5,0.0
2024-10-29,53.0,49.0,3.0,1.0,2.0,2.0,"Borivali East MPCB, Mumbai",31.4,23.9,27.6,85,13.2,6.9,256,1008.8,1.0
2024-10-30,65.0,44.0,5.0,1.0,2.0,2.0,"Borivali East MPCB, Mumbai",32.7,24.2,27.8,82,15.1,7.2,3,1009.7,0.5
2024-10-31,66.0,44.0,3.5,1.0,2.5,2.5,"Borivali East MPCB, Mumbai",32.2,24.3,28.3,74,15.5,8.8,344,1010.3,0.0
2024-11-01,65.5,44.0,2.0,1.0,3.0,3.0,"Borivali East MPCB, Mumbai",31.7,24.8,28.2,77,13.9,8.4,282,1011.6,0.2
2024-11-02,65.0,58.0,1.0,1.0,3.0,3.0,"Borivali East MPCB, Mumbai",32.5,24.1,28.2,73,17.0,9.4,351,1011.9,0.0
2024-11-03,81.0,63.0,2.0,1.0,3.0,3.0,"Borivali East MPCB, Mumbai",34.0,23.4,28.2,63,17.6,9.8,27,1011.6,0.0
2024-11-04,88.0,66.0,2.0,1.0,3.0,3.0,"Borivali East MPCB, Mumbai",34.2,24.0,28.6,58,19.7,10.6,21,1010.7,0.0
2024-11-05,89.0,64.0,2.0,1.0,3.0,3.0,"Borivali East MPCB, Mumbai",34.6,23.4,28.6,59,17.8,10.4,53,1011.3,0.0
2024-11-06,86.0,65.0,3.0,1.0,3.0,3.0,"Borivali East MPCB, Mumbai",33.8,22.2,28.1,63,18.1,9.8,360,1012.3,0.0
2024-11-07,89.0,72.0,2.0,1.0,3.0,3.0,"Borivali East MPCB, Mumbai",33.5,23.0,27.9,55,17.1,11.0,21,1012.1,0.0
2024-11-08,98.0,74.0,1.0,1.0,3.0,3.0,"Borivali East MPCB, Mumbai",33.9,23.1,28.1,59,20.5,11.5,39,1011.8,0.0
2024-11-09,94.0,69.0,1.0,1.0,3.0,3.0,"Borivali East MPCB, Mumbai",34.7,23.0,28.1,57,19.4,11.7,43,1011.9,0.0
2024-11-10,97.0,69.0,1.0,1.0,3.0,3.0,"Borivali East MPCB, Mumbai",33.7,22.5,27.8,56,20.0,9.9,25,1011.9,0.0
2024-11-11,103.0,70.0,1.0,1.0,3.0,3.0,"Borivali East MPCB, Mumbai",33.7,23.9,28.2,47,20.9,12.8,40,1011.8,0.0
2024-11-12,101.0,64.0,1.0,1.0,3.0,3.0,"Borivali East MPCB, Mumbai",33.3,23.6,28.0,53,18.1,11.5,51,1011.1,0.0
2024-11-13,92.0,63.0,4.0,1.0,3.0,3.0,"Borivali East MPCB, Mumbai",34.2,23.1,28.1,52,13.1,10.6,47,1009.4,0.0
2024-11-14,89.0,65.0,5.0,1.0,3.0,3.0,"Borivali East MPCB, Mumbai",34.9,22.7,28.4,50,13.4,10.3,47,1010.4,0.0
2024-11-15,94.0,69.0,4.5,1.0,3.0,3.0,"Borivali East MPCB, Mumbai",33.5,24.3,28.2,64,10.5,7.6,27,1011.5,0.7
2024-11-16,96.0,73.0,4.0,1.0,3.0,3.0,"Borivali East MPCB, Mumbai",33.8,25.0,28.5,68,16.9,8.9,349,1010.8,0.1
2024-11-17,98.0,63.0,4.0,1.0,3.0,3.0,"Borivali East MPCB, Mumbai",35.2,24.8,29.1,62,12.7,9.0,24,1010.3,0.0
2024-11-18,89.0,64.0,10.5,1.0,3.0,3.0,"Borivali East MPCB, Mumbai",34.3,23.8,28.3,55,14.1,10.7,42,1011.3,0.0
2024-11-19,92.0,70.0,17.0,1.0,3.0,3.0,"Borivali East MPCB, Mumbai",33.2,21.5,27.0,50,16.3,11.3,39,1012.5,0.0
2024-11-20,100.0,72.0,27.0,2.0,3.0,3.0,"Borivali East MPCB, Mumbai",32.8,22.2,26.5,50,15.2,11.5,47,1012.1,0.0
2024-11-21,102.0,72.0,37.0,2.0,3.0,3.0,"Borivali East MPCB, Mumbai",32.5,21.2,26.2,53,14.7,10.1,36,1011.8,0.0
2024-11-22,106.0,80.0,53.0,3.0,3.0,3.0,"Borivali East MPCB, Mumbai",32.3,20.4,26.1,59,13.4,8.5,10,1011.3,0.0
2024-11-23,117.0,80.0,43.0,2.0,3.0,3.0,"Borivali East MPCB, Mumbai",31.8,21.1,25.9,61,13.2,7.9,17,1012.2,0.0
2024-11-24,119.0,76.0,41.0,2.0,3.0,3.0,"Borivali East MPCB, Mumbai",32.5,21.1,26.3,60,13.6,7.8,11,1012.3,0.0
2024-11-25,113.0,68.0,42.0,2.0,3.0,3.0,"Borivali East MPCB, Mumbai",32.3,20.9,26.0,58,15.3,9.2,36,1011.9,0.0
2024-11-26,98.0,67.0,41.0,2.0,3.0,3.0,"Borivali East MPCB, Mumbai",31.8,20.5,25.8,48,16.9,10.4,50,1011.8,0.0
2024-11-27,94.0,69.0,47.0,2.0,3.0,3.0,"Borivali East MPCB, Mumbai",31.9,20.5,25.7,47,16.7,10.0,42,1011.1,0.0
2024-11-28,93.0,63.0,42.0,2.0,3.0,3.0,"Borivali East MPCB, Mumbai",31.9,20.8,26.0,39,13.1,10.2,64,1011.0,0.0
2024-11-29,87.0,68.0,47.0,2.0,3.0,3.0,"Borivali East MPCB, Mumbai",31.0,20.1,25.0,45,16.8,10.2,31,1011.3,0.0
2024-11-30,96.0,78.0,37.0,2.0,3.0,3.0,"Borivali East MPCB, Mumbai",30.5,20.2,24.9,46,15.4,11.0,27,1010.0,0.0
2024-12-01,104.0,71.0,41.0,1.0,3.0,3.0,"Borivali East MPCB, Mumbai",32.0,20.4,25.4,56,17.2,10.6,15,1008.1,0.0
2024-12-02,110.0,73.0,29.0,3.0,3.0,3.0,"Borivali East MPCB, Mumbai",33.3,22.4,27.1,60,16.5,9.7,24,1007.6,0.0
2024-12-03,103.0,69.0,27.0,2.0,3.0,3.0,"Borivali East MPCB, Mumbai",33.0,25.6,28.5,61,18.4,11.0,19,1009.0,0.3
2024-12-04,99.0,73.0,50.0,3.0,3.0,3.0,"Borivali East MPCB, Mumbai",33.8,26.6,29.2,67,15.9,8.9,33,1009.8,0.2
2024-12-05,103.0,69.0,39.0,3.0,3.0,3.0,"Borivali East MPCB, Mumbai",33.4,25.1,28.7,70,13.2,8.3,346,1010.8,0.1
2024-12-06,96.0,63.0,5.0,1.0,3.0,3.0,"Borivali East MPCB, Mumbai",32.0,24.3,27.8,69,15.1,9.1,340,1010.8,0.0
2024-12-07,97.0,125.5,9.0,2.0,5.0,5.0,"Borivali East MPCB, Mumbai",32.1,23.8,27.0,56,18.3,12.1,347,1010.7,0.0
2024-12-08,127.0,188.0,13.0,3.0,7.0,7.0,"Borivali East MPCB, Mumbai",30.4,21.0,24.9,50,16.0,12.1,357,1011.4,0.0
2024-12-09,157.0,71.0,40.0,5.0,9.0,9.0,"Borivali East MPCB, Mumbai",29.9,20.0,24.2,41,18.9,14.7,7,1011.7,0.0
2024-12-10,85.0,67.0,45.0,3.0,4.0,4.0,"Borivali East MPCB, Mumbai",30.4,20.2,24.6,52,13.3,8.7,7,1011.2,0.0
2024-12-11,88.0,65.0,42.0,3.0,4.0,3.0,"Borivali East MPCB, Mumbai",33.1,21.2,25.7,60,15.1,9.7,38,1011.5,0.0
2024-12-12,89.0,67.0,45.0,3.0,5.0,4.0,"Borivali East MPCB, Mumbai",29.8,20.0,24.6,66,16.4,10.0,355,1011.5,0.0
2024-12-13,91.0,71.0,49.0,4.0,4.0,4.0,"Borivali East MPCB, Mumbai",31.7,21.0,25.3,54,15.1,10.5,30,1011.8,0.0
2024-12-14,93.0,67.0,46.0,4.0,4.0,4.0,"Borivali East MPCB, Mumbai",32.5,20.5,25.5,48,15.7,10.8,57,1012.7,0.0
2024-12-15,91.0,57.0,15.0,2.0,4.0,4.0,"Borivali East MPCB, Mumbai",32.7,19.5,25.0,45,13.9,10.5,50,1013.6,0.0
2024-12-16,86.0,65.66666666666667,14.333333333333334,2.6666666666666665,4.095238095238095,3.7,"Borivali East MPCB, Mumbai",31.6,18.3,24.2,47,13.3,9.5,27,1012.6,0.0
2024-12-18,109.33333333333334,83.0,13.0,4.0,4.285714285714286,3.1,"Borivali East MPCB, Mumbai",31.5,18.1,23.8,61,11.9,8.4,24,1010.7,0.0
2024-12-19,121.0,85.0,55.0,4.0,4.380952380952381,2.8,"Borivali East MPCB, Mumbai",28.6,17.8,22.9,73,12.3,6.4,336,1010.8,0.0
2024-12-20,124.0,90.0,46.0,5.0,4.095238095238095,3.0,"Borivali East MPCB, Mumbai",27.3,18.7,22.7,76,14.4,7.3,335,1011.0,0.0
2024-12-21,130.0,82.0,34.0,3.0,4.095238095238095,3.0,"Borivali East MPCB, Mumbai",27.1,18.1,22.9,77,11.3,5.6,275,1011.3,0.0
2024-12-22,118.0,73.0,35.0,3.0,4.095238095238095,3.0,"Borivali East MPCB, Mumbai",27.3,20.5,23.5,79,12.8,7.4,332,1011.9,0.0
2024-12-23,105.0,83.0,61.0,6.0,4.095238095238095,3.0,"Borivali East MPCB, Mumbai",26.4,21.0,23.5,73,16.8,10.3,343,1012.2,0.0
2024-12-24,123.0,92.0,40.0,9.0,4.095238095238095,3.0,"Borivali East MPCB, Mumbai",27.9,20.0,23.4,64,19.8,13.0,349,1012.4,0.0
2024-12-25,125.0,92.0,43.0,6.0,4.095238095238095,1.0,"Borivali East MPCB, Mumbai",27.5,19.8,23.3,66,16.3,12.0,345,1013.2,0.0
2024-12-26,171.0,91.0,40.0,4.0,4.095238095238095,1.0,"Borivali East MPCB, Mumbai",28.9,21.1,24.5,73,14.0,9.3,339,1014.7,0.0
2024-12-27,113.0,94.0,46.0,6.0,4.095238095238095,1.0,"Borivali East MPCB, Mumbai",27.1,21.1,24.1,76,16.0,10.2,340,1014.9,0.0
2024-12-28,146.0,69.0,37.0,4.0,4.095238095238095,1.0,"Borivali East MPCB, Mumbai",29.2,21.0,24.5,73,18.1,8.6,348,1015.0,0.0
2024-12-29,106.0,66.0,28.0,3.6666666666666665,4.095238095238095,1.0,"Borivali East MPCB, Mumbai",29.1,21.5,24.9,74,14.8,11.0,349,1014.8,0.0
2024-12-31,99.33333333333331,60.0,10.0,3.0,4.095238095238095,1.0,"Borivali East MPCB, Mumbai",31.5,22.0,26.1,69,14.5,9.1,353,1014.8,0.0
2025-01-01,96.0,59.0,45.0,3.0,5.0,1.0,"Borivali East MPCB, Mumbai",31.0,21.7,26.0,68,14.8,9.8,353,1013.7,0.0
2025-01-02,89.0,51.0,38.0,3.0,5.0,1.0,"Borivali East MPCB, Mumbai",31.3,21.0,26.0,64,16.3,9.9,358,1013.5,0.0
2025-01-03,75.0,54.0,46.5,5.0,5.0,1.0,"Borivali East MPCB, Mumbai",32.3,20.8,25.7,56,14.4,9.7,26,1013.4,0.0
2025-01-04,78.0,67.0,55.0,7.0,5.0,1.0,"Borivali East MPCB, Mumbai",31.9,19.0,24.4,53,14.2,7.6,24,1012.4,0.0
2025-01-05,98.0,68.0,30.0,5.0,6.0,1.0,"Borivali East MPCB, Mumbai",28.8,20.6,23.7,66,15.4,9.5,344,1012.3,0.0
2025-01-06,99.0,65.0,27.0,4.0,5.0,1.0,"Borivali East MPCB, Mumbai",29.2,19.6,23.4,63,19.6,15.1,352,1012.8,0.0
2025-01-07,97.0,69.0,30.0,5.0,5.0,1.0,"Borivali East MPCB, Mumbai",30.9,18.3,24.1,57,17.2,12.3,355,1012.3,0.0
2025-01-08,101.0,64.0,32.0,4.0,4.0,1.0,"Borivali East MPCB, Mumbai",29.8,20.2,24.8,56,14.0,9.8,19,1011.9,0.0
2025-01-09,94.0,58.0,27.0,3.0,4.0,1.0,"Borivali East MPCB, Mumbai",31.6,20.5,25.2,50,15.8,11.2,57,1012.3,0.0
2025-01-10,93.0,62.333333333333336,20.5,3.6666666666666665,4.333333333333333,1.0,"Borivali East MPCB, Mumbai",30.8,20.0,24.8,54,12.6,7.9,69,1013.6,0.0
2025-01-12,97.66666666666669,71.0,7.5,5.0,5.0,1.0,"Borivali East MPCB, Mumbai",29.2,20.5,24.1,63,18.6,13.1,351,1014.0,0.0
2025-01-13,100.0,72.0,1.0,5.0,4.0,1.0,"Borivali East MPCB, Mumbai",32.2,22.1,25.8,57,17.8,11.6,19,1011.8,0.0
2025-01-14,106.0,75.0,1.0264900662251657,6.0,5.0,1.0,"Borivali East MPCB, Mumbai",32.2,21.6,25.4,60,14.6,8.2,16,1012.2,0.0
2025-01-15,115.0,79.0,1.0529801324503312,6.0,5.0,1.0,"Borivali East MPCB, Mumbai",29.3,21.0,24.4,71,18.7,9.1,341,1013.6,0.0
2025-01-16,122.0,72.0,1.0794701986754969,4.0,5.0,1.0,"Borivali East MPCB, Mumbai",29.0,19.9,24.1,69,21.2,14.6,348,1014.2,0.0
2025-01-17,110.0,67.0,11.0,4.0,5.0,1.0,"Borivali East MPCB, Mumbai",32.3,22.6,26.1,62,17.4,11.9,11,1012.2,0.0
2025-01-18,99.0,64.0,11.0,3.0,4.0,1.0,"Borivali East MPCB, Mumbai",33.7,23.0,27.0,48,16.7,11.4,57,1011.7,0.0
2025-01-19,99.0,66.0,11.0,4.0,4.0,1.0,"Borivali East MPCB, Mumbai",32.3,21.1,26.1,47,14.3,9.9,21,1012.6,0.0
2025-01-20,98.0,67.0,11.0,5.0,4.0,1.0,"Borivali East MPCB, Mumbai",32.2,20.8,25.7,51,14.8,8.4,353,1012.1,0.0
2025-01-21,99.0,77.0,11.0,9.0,5.0,1.0,"Borivali East MPCB, Mumbai",30.5,19.9,25.2,58,14.4,8.9,342,1011.1,0.0
2025-01-22,112.0,74.0,11.0,7.0,5.0,1.0,"Borivali East MPCB, Mumbai",30.3,19.8,25.0,59,17.8,10.8,342,1010.8,0.0
2025-01-23,103.0,68.0,11.0,6.0,5.0,1.0,"Borivali East MPCB, Mumbai",29.6,21.5,24.8,53,20.8,15.8,349,1011.1,0.0
2025-01-24,96.0,75.0,11.0,7.0,5.0,1.0,"Borivali East MPCB, Mumbai",29.4,19.7,24.7,59,15.2,9.7,344,1010.0,0.0
2025-01-25,112.0,79.0,11.0,7.0,5.0,1.0,"Borivali East MPCB, Mumbai",30.5,20.9,25.3,67,12.3,6.8,338,1010.8,0.0
2025-01-26,103.0,71.0,11.0,8.0,5.0,1.0,"Borivali East MPCB, Mumbai",31.5,21.1,25.8,67,13.0,7.9,340,1010.7,0.0
2025-01-27,101.0,59.0,11.0,8.0,5.0,1.0,"Borivali East MPCB, Mumbai",31.2,20.5,25.7,63,15.4,9.5,338,1010.0,0.0
2025-01-28,84.0,50.0,11.0,5.0,4.0,1.0,"Borivali East MPCB, Mumbai",29.5,19.9,24.5,66,13.4,7.3,328,1010.3,0.0
2025-01-29,73.0,65.0,11.0,6.0,5.0,1.0,"Borivali East MPCB, Mumbai",29.3,18.6,23.7,69,14.0,8.6,336,1012.1,0.0
2025-01-30,91.0,54.0,11.0,5.0,4.0,1.0,"Borivali East MPCB, Mumbai",30.5,19.8,24.8,58,14.8,10.1,339,1010.9,0.0
2025-01-31,75.0,56.0,11.0,4.0,4.0,1.0,"Borivali East MPCB, Mumbai",28.4,20.4,24.1,65,14.6,10.3,335,1010.9,0.0
2025-02-01,77.0,67.0,19.0,7.0,4.0,1.0,"Borivali East MPCB, Mumbai",28.2,19.1,23.3,64,19.2,10.2,345,1011.8,0.0
2025-02-02,86.0,63.0,19.0,5.0,4.0,1.0,"Borivali East MPCB, Mumbai",30.1,20.2,24.6,50,17.9,12.1,342,1011.7,0.0
2025-02-03,85.0,59.0,19.0,5.0,4.0,1.0,"Borivali East MPCB, Mumbai",28.0,20.4,24.1,58,17.4,10.8,337,1012.0,0.0
2025-02-04,82.0,61.0,19.0,6.0,4.0,1.0,"Borivali East MPCB, Mumbai",28.8,19.8,24.2,58,16.5,10.9,339,1013.1,0.0
2025-02-05,81.0,66.0,19.0,8.0,5.0,1.0,"Borivali East MPCB, Mumbai",30.7,20.5,24.5,42,21.6,16.2,349,1012.1,0.0
2025-02-06,92.0,76.0,19.0,8.0,6.0,1.0,"Borivali East MPCB, Mumbai",30.1,18.5,24.6,51,14.8,10.1,341,1010.8,0.0
2025-02-07,104.0,67.0,19.0,6.0,6.0,1.0,"Borivali East MPCB, Mumbai",32.0,20.8,25.9,62,12.6,6.4,330,1011.7,0.0
2025-02-08,97.0,65.0,19.0,7.0,6.0,1.0,"Borivali East MPCB, Mumbai",31.3,21.0,26.2,61,14.2,7.6,335,1011.8,0.0
2025-02-09,90.0,58.0,19.0,8.0,5.0,1.0,"Borivali East MPCB, Mumbai",31.8,22.2,26.8,54,17.0,10.5,334,1011.3,0.0
2025-02-10,84.0,65.0,19.0,7.0,5.0,1.0,"Borivali East MPCB, Mumbai",32.3,22.8,26.6,52,17.7,11.6,333,1012.7,0.0
2025-02-11,93.0,65.0,19.0,7.0,5.0,1.0,"Borivali East MPCB, Mumbai",31.1,21.7,25.6,54,19.1,11.6,338,1013.4,0.0
2025-02-12,92.0,58.0,19.0,4.0,5.0,1.0,"Borivali East MPCB, Mumbai",32.0,20.4,25.5,54,18.8,12.7,347,1013.5,0.0
2025-02-13,83.0,59.0,19.0,5.0,5.0,1.0,"Borivali East MPCB, Mumbai",33.8,21.8,27.0,44,19.2,13.5,350,1012.5,0.0
2025-02-14,89.0,71.0,19.0,10.0,7.0,1.0,"Borivali East MPCB, Mumbai",34.2,22.3,27.8,39,21.4,13.7,351,1012.1,0.0
2025-02-15,98.0,62.0,19.0,8.0,5.0,1.0,"Borivali East MPCB, Mumbai",34.6,20.4,27.9,37,20.4,11.9,348,1011.4,0.0
2025-02-16,87.0,51.0,19.0,6.0,4.0,1.0,"Borivali East MPCB, Mumbai",33.6,20.6,26.5,44,18.4,10.5,338,1012.0,0.0
2025-02-17,76.0,58.0,19.0,7.666666666666667,5.333333333333333,1.3333333333333333,"Borivali East MPCB, Mumbai",33.2,20.2,26.3,51,19.2,10.9,340,1012.6,0.0
2025-02-19,91.33333333333331,72.0,19.0,11.0,8.0,2.0,"Borivali East MPCB, Mumbai",32.5,22.8,27.4,42,21.3,12.5,339,1011.6,0.0
2025-02-20,99.0,59.0,19.0,7.0,6.0,1.0,"Borivali East MPCB, Mumbai",33.7,22.2,27.8,43,21.4,14.3,346,1011.9,0.0
2025-02-21,81.0,65.0,19.0,8.0,7.0,1.0,"Borivali East MPCB, Mumbai",36.3,25.1,29.7,33,22.9,15.5,2,1012.8,0.0
2025-02-22,83.0,62.0,19.0,7.0,5.0,1.0,"Borivali East MPCB, Mumbai",33.8,23.4,28.7,38,18.8,12.2,341,1013.3,0.0
2025-02-23,82.0,57.0,19.0,6.0,7.0,1.0,"Borivali East MPCB, Mumbai",34.8,23.1,29.0,38,18.7,11.8,347,1013.4,0.0
2025-02-24,78.0,65.0,19.0,8.0,6.0,1.0,"Borivali East MPCB, Mumbai",36.3,23.5,29.1,37,17.4,11.6,356,1013.3,0.0
2025-02-25,84.0,74.0,19.0,6.0,4.0,1.0,"Borivali East MPCB, Mumbai",36.2,24.0,29.0,39,17.1,8.6,355,1013.9,0.0
2025-02-26,84.0,100.0,19.0,8.0,5.0,1.0,"Borivali East MPCB, Mumbai",36.2,22.5,28.2,46,16.0,6.9,321,1014.2,0.0
2025-02-27,156.0,126.0,19.0,10.0,6.0,1.0,"Borivali East MPCB, Mumbai",34.8,22.9,28.3,50,15.5,7.5,306,1012.8,0.0
2025-02-28,105.0,76.0,19.0,13.0,7.0,1.0,"Borivali East MPCB, Mumbai",32.6,23.6,28.0,54,16.7,9.0,331,1011.6,0.0
2025-03-01,92.0,69.0,20.0,8.0,6.0,1.0,"Borivali East MPCB, Mumbai",32.3,23.9,28.1,50,18.5,12.4,339,1011.1,0.0
2025-03-02,83.0,59.0,20.0,8.0,5.0,1.0,"Borivali East MPCB, Mumbai",34.8,23.8,28.5,43,20.7,13.6,342,1010.5,0.0
2025-03-03,80.0,87.0,20.0,11.0,16.0,4.0,"Borivali East MPCB, Mumbai",34.2,23.7,28.6,47,21.6,14.4,346,1010.7,0.0
2025-03-04,85.0,70.0,20.0,9.0,9.0,2.0,"Borivali East MPCB, Mumbai",34.3,23.7,28.4,45,23.2,15.6,349,1011.4,0.0
2025-03-05,77.0,64.0,20.0,11.0,7.0,1.0,"Borivali East MPCB, Mumbai",35.2,23.1,28.5,37,23.2,14.8,349,1011.0,0.0
2025-03-06,77.0,69.0,20.0,13.0,8.0,1.0,"Borivali East MPCB, Mumbai",32.4,21.0,27.2,34,17.7,11.1,347,1011.7,0.0
2025-03-07,91.0,88.0,20.0,12.0,10.0,2.0,"Borivali East MPCB, Mumbai",36.6,24.2,28.9,30,18.2,12.7,345,1009.9,0.0
2025-03-08,125.0,75.0,20.0,11.0,10.0,2.0,"Borivali East MPCB, Mumbai",34.4,22.9,28.1,41,17.5,10.2,329,1008.5,0.0
2025-03-09,110.0,85.0,20.0,12.0,13.0,3.0,"Borivali East MPCB, Mumbai",33.8,21.8,27.5,55,18.9,8.7,331,1008.6,0.0
2025-03-10,125.0,80.0,20.0,12.5,13.0,3.0,"Borivali East MPCB, Mumbai",37.3,23.1,29.9,40,18.6,7.6,297,1009.9,0.0
2025-03-11,120.0,76.0,20.0,13.0,15.0,3.0,"Borivali East MPCB, Mumbai",35.5,25.2,29.6,47,16.8,7.9,264,1010.9,0.0
2025-03-12,112.0,69.0,20.0,13.0,13.0,3.0,"Borivali East MPCB, Mumbai",35.8,23.9,29.1,58,15.3,7.1,308,1009.9,0.0
2025-03-13,95.0,66.0,20.0,8.0,12.0,3.0,"Borivali East MPCB, Mumbai",33.2,23.6,28.4,68,15.7,7.8,285,1009.3,0.0
2025-03-14,91.0,49.0,20.0,7.0,12.0,2.0,"Borivali East MPCB, Mumbai",33.6,23.0,28.4,62,17.5,8.7,314,1009.8,0.0
2025-03-15,69.0,54.0,20.0,7.0,9.0,2.0,"Borivali East MPCB, Mumbai",33.8,24.5,28.6,61,17.3,10.4,327,1010.6,0.0
2025-03-16,74.0,60.0,20.0,6.0,7.0,1.0,"Borivali East MPCB, Mumbai",32.5,23.8,28.3,59,19.4,11.3,332,1011.0,0.0
2025-03-17,83.0,60.0,20.0,8.0,12.0,2.0,"Borivali East MPCB, Mumbai",33.0,24.6,28.1,63,20.4,11.3,331,1011.1,0.0
2025-03-18,73.0,56.0,20.0,6.0,7.0,1.0,"Borivali East MPCB, Mumbai",31.6,22.5,27.1,71,16.7,9.6,321,1010.4,0.0
2025-03-19,75.0,58.0,20.0,8.0,9.0,2.0,"Borivali East MPCB, Mumbai",31.0,22.5,27.1,68,17.8,10.1,319,1011.6,0.0
2025-03-20,77.0,53.0,20.0,6.0,8.0,1.0,"Borivali East MPCB, Mumbai",34.3,22.6,28.4,53,20.5,11.0,328,1013.0,0.0
2025-03-21,71.0,48.0,20.0,5.0,8.0,1.0,"Borivali East MPCB, Mumbai",31.7,24.2,27.6,64,21.1,12.9,321,1013.6,0.0
2025-03-22,65.0,58.0,20.0,8.0,10.0,2.0,"Borivali East MPCB, Mumbai",31.6,21.6,26.6,71,19.4,8.8,320,1012.5,0.0
2025-03-23,75.0,59.0,20.0,9.0,10.0,2.0,"Borivali East MPCB, Mumbai",32.8,22.5,27.7,69,16.4,6.4,282,1012.0,0.0
2025-03-24,82.0,60.0,20.0,8.0,10.0,2.0,"Borivali East MPCB, Mumbai",32.2,24.1,27.9,75,16.3,8.0,277,1011.9,0.0
2025-03-25,83.0,49.0,20.0,6.0,9.0,2.0,"Borivali East MPCB, Mumbai",32.3,24.0,27.8,73,18.4,8.6,305,1009.2,0.0
2025-03-26,68.0,42.0,20.0,4.0,6.0,1.0,"Borivali East MPCB, Mumbai",31.0,23.2,27.2,76,17.4,8.7,293,1008.6,0.0
2025-03-27,61.0,50.0,20.0,5.0,6.0,1.0,"Borivali East MPCB, Mumbai",30.1,23.1,26.5,79,18.1,8.5,312,1009.8,0.0
2025-03-28,69.0,75.0,20.0,6.0,8.0,2.0,"Borivali East MPCB, Mumbai",31.5,23.4,28.1,65,19.3,11.4,336,1008.5,0.0
2025-03-29,83.0,105.0,20.0,7.0,8.0,2.0,"Borivali East MPCB, Mumbai",35.0,25.9,30.1,36,17.8,12.9,337,1007.0,0.0
2025-03-30,97.0,85.5,20.0,8.0,10.0,2.5,"Borivali East MPCB, Mumbai",36.5,25.9,30.9,41,19.8,11.2,327,1007.4,0.0
2025-03-31,89.0,66.0,20.0,5.0,12.0,3.0,"Borivali East MPCB, Mumbai",35.5,25.0,30.7,47,18.6,10.5,325,1007.7,0.0
2025-04-01,81.0,68.0,10.0,3.0,15.0,3.0,"Borivali East MPCB, Mumbai",38.5,25.8,30.9,48,19.4,8.2,326,1007.0,0.0
2025-04-02,88.0,58.0,10.0,11.0,13.0,3.0,"Borivali East MPCB, Mumbai",36.3,27.1,31.1,45,18.8,7.3,256,1007.4,0.0
2025-04-03,79.0,55.0,10.0,8.0,14.0,3.0,"Borivali East MPCB, Mumbai",32.8,27.0,29.4,73,13.9,9.2,216,1010.7,0.1
2025-04-04,72.0,57.0,10.0,8.0,7.0,1.0,"Borivali East MPCB, Mumbai",32.5,26.2,28.7,79,16.1,8.0,291,1011.9,2.2
2025-04-05,148.0,57.0,10.0,9.0,5.0,1.0,"Borivali East MPCB, Mumbai",33.9,24.2,28.9,68,18.0,10.1,323,1009.8,0.0
2025-04-06,146.0,59.0,10.0,9.0,7.0,1.0,"Borivali East MPCB, Mumbai",34.0,23.8,29.0,64,16.5,6.3,281,1008.7,0.0
2025-04-07,144.0,63.0,10.0,11.0,8.0,1.0,"Borivali East MPCB, Mumbai",34.8,24.0,29.6,60,22.4,10.4,320,1008.4,0.0
2025-04-08,142.0,56.0,10.0,9.0,9.0,2.0,"Borivali East MPCB, Mumbai",35.5,24.0,30.2,55,21.4,9.9,328,1009.0,0.0
2025-04-09,102.0,48.0,10.0,5.0,3.0,1.9285714285714288,"Borivali East MPCB, Mumbai",33.5,25.3,29.7,62,15.4,8.9,256,1008.5,0.0
2025-04-10,80.0,44.0,10.0,4.0,2.0,1.8571428571428568,"Borivali East MPCB, Mumbai",32.4,26.5,28.7,76,14.9,9.4,208,1007.2,0.0
2025-04-11,64.0,40.0,10.0,3.0,2.0,1.7857142857142858,"Borivali East MPCB, Mumbai",32.5,25.2,28.7,75,16.6,11.3,206,1007.1,0.0
2025-04-12,64.0,41.81818181818182,10.0,3.0,2.090909090909091,2.0,"Borivali East MPCB, Mumbai",32.2,25.1,28.6,75,15.8,8.6,228,1008.9,0.0
2025-04-22,69.45454545454545,60.0,10.0,3.0,3.0,1.0,"Borivali East MPCB, Mumbai",33.2,24.9,29.3,74,17.4,8.6,308,1009.7,0.0
2025-04-23,70.0,53.0,10.0,4.0,3.0,1.0,"Borivali East MPCB, Mumbai",34.0,26.3,29.9,73,15.5,8.8,250,1008.2,0.0
2025-04-24,67.0,46.0,10.0,3.0,3.0,1.0,"Borivali East MPCB, Mumbai",33.0,26.5,29.4,75,16.3,9.7,244,1007.5,0.0
2025-04-25,62.0,45.0,10.0,2.0,3.0,1.0,"Borivali East MPCB, Mumbai",32.7,26.2,29.2,74,16.6,8.7,279,1008.0,0.0
2025-04-26,62.0,76.0,10.0,2.0,3.0,2.0,"Borivali East MPCB, Mumbai",32.9,26.0,29.0,74,15.8,8.1,266,1007.8,0.0
2025-04-27,64.0,99.0,10.0,2.0,2.0,2.0,"Borivali East MPCB, Mumbai",32.5,25.5,28.8,78,15.7,8.6,289,1008.2,0.0
2025-04-28,64.0,72.0,10.0,3.0,2.0,2.0,"Borivali East MPCB, Mumbai",32.3,26.2,29.1,77,17.8,9.8,248,1007.3,0.0
2025-04-29,67.0,62.0,10.0,2.0,3.0,2.0,"Borivali East MPCB, Mumbai",32.5,25.8,29.1,78,16.5,9.1,237,1006.7,0.0
2025-04-30,79.0,45.0,10.0,1.0,3.0,2.0,"Borivali East MPCB, Mumbai",32.7,25.9,29.2,77,15.7,9.2,260,1007.8,0.0
2025-05-01,63.0,45.0,12.0,1.0,3.0,1.0,"Borivali East MPCB, Mumbai",32.8,25.8,29.4,77,19.6,8.4,275,1008.3,0.0
2025-05-02,62.0,43.0,12.0,2.0,2.0,1.0,"Borivali East MPCB, Mumbai",33.8,25.0,29.6,70,15.4,8.7,275,1008.3,0.0
2025-05-03,61.0,42.0,12.0,1.0,2.0,1.0,"Borivali East MPCB, Mumbai",33.1,25.5,29.6,69,17.4,10.4,233,1008.1,0.0
2025-05-04,59.0,44.0,12.0,2.0,2.0,1.0,"Borivali East MPCB, Mumbai",32.4,26.8,29.7,69,16.2,10.2,246,1007.8,0.0
2025-05-05,63.0,44.0,12.0,2.0,2.0,1.0,"Borivali East MPCB, Mumbai",33.0,27.6,30.1,71,18.2,10.1,246,1007.4,0.0
2025-05-06,60.0,37.0,12.0,3.0,2.0,1.0,"Borivali East MPCB, Mumbai",32.8,22.9,28.4,75,21.4,10.8,242,1008.4,2.9
2025-05-07,57.0,30.0,12.0,4.0,2.0,1.0,"Borivali East MPCB, Mumbai",32.3,25.6,28.0,74,18.2,11.4,216,1007.4,0.9
2025-05-08,54.0,33.0,12.0,3.0,2.0,1.0,"Borivali East MPCB, Mumbai",29.4,22.2,26.5,83,16.1,10.4,204,1007.4,11.0
2025-05-09,54.0,32.0,12.0,2.0,2.0,1.0,"Borivali East MPCB, Mumbai",28.9,24.9,27.1,82,15.2,10.3,194,1008.3,1.0
2025-05-10,55.0,34.0,12.0,2.0,2.0,1.0,"Borivali East MPCB, Mumbai",30.8,24.5,27.9,81,13.7,7.8,218,1008.2,0.1
2025-05-11,57.0,31.0,12.0,2.0,1.0,1.0,"Borivali East MPCB, Mumbai",31.7,25.5,28.5,79,13.7,6.0,253,1007.6,0.7
2025-05-12,56.0,38.0,12.0,1.0,2.0,1.0,"Borivali East MPCB, Mumbai",32.9,26.6,29.5,74,15.0,7.2,260,1006.6,0.9
2025-05-13,60.0,53.0,12.0,2.0,1.0,1.0,"Borivali East MPCB, Mumbai",32.5,26.5,29.7,76,13.7,6.2,303,1006.7,0.4
2025-05-14,65.0,44.0,12.0,2.0,2.0,1.0,"Borivali East MPCB, Mumbai",32.0,24.5,29.3,77,13.0,7.4,297,1007.2,2.2
2025-05-15,64.0,40.0,12.0,1.0,1.0,1.0,"Borivali East MPCB, Mumbai",33.0,27.1,30.0,75,15.4,6.8,285,1007.2,1.8
2025-05-16,59.0,36.0,12.0,1.0,1.0,1.0,"Borivali East MPCB, Mumbai",33.2,28.0,30.4,69,15.7,7.9,246,1007.0,0.3
2025-05-17,58.0,37.0,12.0,2.0,1.0,1.0,"Borivali East MPCB, Mumbai",31.6,28.5,29.8,73,13.7,7.4,242,1006.6,5.0
2025-05-18,58.0,42.0,12.0,1.0,1.0,1.0,"Borivali East MPCB, Mumbai",33.8,27.9,30.6,67,15.2,7.1,258,1005.9,0.0
2025-05-19,58.0,61.0,12.0,1.0,1.0,1.0,"Borivali East MPCB, Mumbai",32.6,27.5,30.1,72,16.1,6.8,299,1004.9,0.0
2025-05-20,60.0,35.0,12.0,3.0,1.0,1.0,"Borivali East MPCB, Mumbai",32.7,27.1,29.7,79,13.6,7.2,312,1004.1,6.4
2025-05-21,60.0,55.0,12.0,4.0,1.0,1.0,"Borivali East MPCB, Mumbai",31.4,26.6,29.1,83,12.2,6.6,318,1003.3,0.4
2025-05-22,59.0,64.0,12.0,2.0,1.0,1.0,"Borivali East MPCB, Mumbai",32.4,25.8,28.8,81,19.7,9.6,324,1002.1,11.6
2025-05-23,65.0,72.0,12.0,3.0,1.0,1.0,"Borivali East MPCB, Mumbai",32.0,26.0,28.9,86,14.8,5.2,306,999.6,2.9
2025-05-24,69.0,120.0,12.0,1.0,1.0,1.0,"Borivali East MPCB, Mumbai",31.5,26.0,28.8,84,17.2,10.2,331,999.3,4.5
2025-05-25,61.0,108.0,12.0,1.0,1.0,1.0,"Borivali East MPCB, Mumbai",29.4,24.4,27.1,90,15.9,8.0,302,1001.7,13.5
2025-05-26,57.0,34.0,12.0,3.0,1.0,1.0,"Borivali East MPCB, Mumbai",28.8,24.6,26.5,94,18.6,10.3,337,1002.0,44.8
2025-05-27,59.0,38.0,12.0,2.0,1.0,1.0,"Borivali East MPCB, Mumbai",30.1,25.6,27.6,88,16.2,7.0,275,1001.8,11.2
2025-05-28,60.0,80.0,12.0,2.0,2.0,1.0,"Borivali East MPCB, Mumbai",28.9,26.1,27.2,90,15.7,8.8,214,1002.2,9.6
2025-05-29,62.0,72.0,12.0,1.8,2.0,1.0,"Borivali East MPCB, Mumbai",31.2,26.5,29.0,85,20.3,11.1,253,1000.8,3.6
2025-06-02,59.6,40.0,7.0,1.0,2.0,3.0,"Borivali East MPCB, Mumbai",30.8,25.5,28.0,82,22.5,15.9,197,1004.7,3.9
2025-06-03,59.0,31.0,7.0,2.0,2.0,3.0,"Borivali East MPCB, Mumbai",30.6,25.0,27.4,85,20.8,14.7,194,1005.1,10.3
2025-06-04,57.0,52.0,7.0,2.0,2.0,3.0,"Borivali East MPCB, Mumbai",29.2,23.8,27.0,85,16.7,10.9,176,1006.4,4.3
2025-06-05,64.0,49.0,7.0,1.0,2.0,3.0,"Borivali East MPCB, Mumbai",30.6,24.6,27.9,81,12.1,6.5,182,1008.5,2.4
2025-06-06,61.0,41.0,7.0,1.0,2.0,3.0,"Borivali East MPCB, Mumbai",30.0,26.3,28.2,84,10.9,5.4,267,1009.3,0.6
2025-06-07,57.0,53.0,7.0,1.0,2.0,3.0,"Borivali East MPCB, Mumbai",29.6,25.6,27.8,86,10.6,5.7,244,1009.4,7.4
2025-06-08,63.0,48.0,7.0,1.0,2.0,3.0,"Borivali East MPCB, Mumbai",30.2,26.5,28.5,82,15.3,8.7,277,1008.7,1.7
2025-06-09,60.0,40.0,7.0,1.0,2.0,3.0,"Borivali East MPCB, Mumbai",30.8,27.8,29.2,77,20.3,13.4,293,1007.8,0.7
2025-06-10,57.0,33.0,7.0,1.0,2.0,3.0,"Borivali East MPCB, Mumbai",30.5,27.5,29.1,79,18.5,12.3,292,1005.8,3.1
2025-06-11,55.0,41.0,7.0,1.0,2.0,3.0,"Borivali East MPCB, Mumbai",31.5,28.1,29.8,77,18.7,13.7,299,1004.2,0.4
2025-06-12,58.0,39.0,7.0,1.0,2.0,3.0,"Borivali East MPCB, Mumbai",31.2,28.6,29.8,80,26.1,17.5,305,1002.3,3.8
2025-06-13,57.0,36.66666666666666,5.0,1.0,4.0,1.0,"Borivali East MPCB, Mumbai",30.5,25.6,28.6,85,22.3,14.6,325,1001.6,23.8
2025-06-14,31.0,34.333333333333336,6.0,2.0,3.0,1.0,"Borivali East MPCB, Mumbai",30.4,25.4,27.5,91,14.5,7.5,342,1000.3,58.4
2025-06-15,42.5,32.0,7.0,3.0,2.0,1.0,"Borivali East MPCB, Mumbai",29.1,25.5,26.7,94,15.9,6.7,169,997.8,52.9
2025-06-16,54.0,43.0,7.0,2.0,2.0,1.0,"Borivali East MPCB, Mumbai",27.1,25.7,26.3,93,28.6,22.5,250,998.4,105.4
2025-06-17,58.0,35.0,6.0,2.0,2.0,3.0,"Borivali East MPCB, Mumbai",29.2,26.0,27.6,85,27.4,23.4,222,1001.4,13.2
2025-06-18,55.0,35.0,4.0,1.0,2.0,3.0,"Borivali East MPCB, Mumbai",28.2,25.9,26.8,91,31.0,23.2,247,1002.4,102.9
2025-06-19,55.0,37.0,3.0,1.0,2.0,3.0,"Borivali East MPCB, Mumbai",28.4,25.5,26.5,92,26.4,19.7,246,1003.3,39.3
2025-06-20,56.0,38.0,3.0,1.0,2.0,3.0,"Borivali East MPCB, Mumbai",30.0,26.0,27.7,84,22.9,18.6,230,1004.7,13.2
2025-06-21,56.0,38.0,3.0,1.0,2.0,3.0,"Borivali East MPCB, Mumbai",29.9,25.1,27.9,84,23.7,18.2,233,1005.1,12.6
2025-06-22,56.0,43.0,3.0,1.0,2.0,3.0,"Borivali East MPCB, Mumbai",29.5,26.0,27.5,85,24.2,20.0,231,1004.2,9.4
2025-06-23,58.0,44.0,3.0,1.0,2.0,3.0,"Borivali East MPCB, Mumbai",28.0,25.4,26.6,89,24.1,20.2,238,1002.7,59.2
2025-06-24,58.0,44.0,3.0,1.0,2.0,3.0,"Borivali East MPCB, Mumbai",29.1,25.2,27.1,86,27.6,19.5,247,1001.8,37.8
2025-06-25,59.0,46.0,3.0,1.0,2.0,3.0,"Borivali East MPCB, Mumbai",29.9,25.5,27.9,84,26.8,21.7,241,1001.3,12.9
2025-06-26,59.0,46.0,2.0,1.0,2.0,3.0,"Borivali East MPCB, Mumbai",28.8,25.0,26.5,90,19.5,15.8,228,1001.7,29.3
2025-06-27,59.0,50.0,3.0,1.0,2.0,3.0,"Borivali East MPCB, Mumbai",28.5,25.0,27.3,85,25.1,20.8,222,1002.2,11.3
2025-06-28,61.0,41.0,2.0,1.0,2.0,3.0,"Borivali East MPCB, Mumbai",29.3,25.4,27.3,81,29.1,23.6,226,1003.7,17.0
2025-06-29,57.0,44.0,2.0,1.0,2.0,3.0,"Borivali East MPCB, Mumbai",28.9,25.6,27.3,84,23.3,20.3,230,1004.0,13.6
2025-06-30,58.0,39.0,2.0,1.0,2.0,3.0,"Borivali East MPCB, Mumbai",29.0,24.5,26.9,85,30.0,21.3,239,1003.8,20.7
2025-07-01,57.0,36.0,2.0,1.0,2.0,2.0,"Borivali East MPCB, Mumbai",29.2,24.6,26.9,86,22.7,17.9,242,1004.0,27.0
2025-07-02,56.0,41.0,3.0,1.0,2.0,2.0,"Borivali East MPCB, Mumbai",28.0,25.0,26.4,90,23.0,18.2,245,1003.4,32.1
2025-07-03,58.0,49.0,2.0,1.0,2.0,2.0,"Borivali East MPCB, Mumbai",28.1,24.7,26.4,88,24.1,19.1,227,1003.4,19.4
2025-07-04,29.0,57.0,2.0,1.0,2.0,2.0,"Borivali East MPCB, Mumbai",28.0,25.1,26.7,86,24.2,20.5,227,1004.3,15.2
2025-07-05,29.0,65.0,2.0,1.0,2.0,2.0,"Borivali East MPCB, Mumbai",27.8,25.5,26.6,87,24.3,21.6,239,1004.1,34.2
2025-07-06,49.5,73.0,3.0,1.0,2.0,2.0,"Borivali East MPCB, Mumbai",27.1,25.4,26.1,90,27.4,21.7,239,1003.6,33.0
2025-07-07,70.0,60.5,8.5,1.0,3.5,2.0,"Borivali East MPCB, Mumbai",28.3,25.9,27.0,86,22.2,19.3,240,1004.0,4.1
2025-07-08,65.5,48.0,14.0,1.0,5.0,1.0,"Borivali East MPCB, Mumbai",28.9,26.5,27.5,84,24.9,20.8,240,1004.6,5.2
2025-07-09,61.0,30.0,14.0,1.0,5.0,1.0,"Borivali East MPCB, Mumbai",27.6,24.4,26.3,90,21.3,14.3,240,1005.0,12.7
2025-07-10,52.0,31.0,14.0,1.0,4.0,1.0,"Borivali East MPCB, Mumbai",28.8,25.5,27.2,86,16.9,12.9,234,1005.1,5.5
2025-07-11,53.0,28.0,13.0,1.0,4.0,1.0,"Borivali East MPCB, Mumbai",28.4,24.8,26.6,87,14.2,10.7,231,1005.4,13.9
2025-07-12,50.0,22.0,12.0,2.0,4.0,1.0,"Borivali East MPCB, Mumbai",29.2,24.9,27.1,85,18.9,12.5,247,1005.9,6.0
2025-07-13,39.0,18.0,12.0,2.0,3.0,1.0,"Borivali East MPCB, Mumbai",28.5,25.5,26.7,86,16.7,13.0,242,1005.6,13.3
2025-07-14,31.0,23.0,12.0,2.0,3.0,1.0,"Borivali East MPCB, Mumbai",27.3,25.0,26.1,91,20.6,15.9,240,1004.1,36.4
2025-07-15,41.0,30.0,11.0,2.0,3.0,1.0,"Borivali East MPCB, Mumbai",27.5,25.2,26.6,88,17.1,12.9,254,1003.6,8.5
2025-07-16,53.0,25.0,11.0,2.0,2.0,1.0,"Borivali East MPCB, Mumbai",29.0,25.4,27.3,86,17.3,12.4,255,1004.0,5.4
2025-07-17,44.0,23.0,10.0,2.0,2.0,1.0,"Borivali East MPCB, Mumbai",29.0,25.5,27.4,85,12.2,8.9,243,1004.7,4.1
2025-07-18,39.0,24.0,9.333333333333334,2.0,2.0,2.0,"Borivali East MPCB, Mumbai",29.1,25.8,27.5,84,13.4,10.1,249,1005.1,2.5
2025-07-20,44.333333333333336,26.0,8.0,2.0,2.0,2.0,"Borivali East MPCB, Mumbai",27.9,25.0,26.4,89,16.4,12.1,219,1002.2,9.4
2025-07-21,47.0,27.0,9.0,2.0,2.0,2.0,"Borivali East MPCB, Mumbai",27.7,25.5,26.3,90,14.4,9.8,227,1003.4,25.7
2025-07-22,47.0,25.0,8.0,2.0,2.0,2.0,"Borivali East MPCB, Mumbai",28.1,25.1,26.5,89,16.5,12.1,250,1004.2,14.3
2025-07-23,46.0,26.0,8.0,2.0,2.0,2.0,"Borivali East MPCB, Mumbai",27.9,25.0,26.4,88,19.8,14.8,250,1002.9,20.8
2025-07-24,47.0,25.0,7.0,1.0,2.0,2.0,"Borivali East MPCB, Mumbai",28.1,25.1,26.2,88,20.8,16.4,234,1001.5,14.2
2025-07-25,43.0,28.0,7.0,1.0,2.0,2.0,"Borivali East MPCB, Mumbai",27.5,25.4,26.2,91,21.7,19.3,246,1001.1,35.9
2025-07-26,48.0,27.0,7.0,1.0,2.0,2.0,"Borivali East MPCB, Mumbai",27.7,25.5,26.5,87,24.4,21.9,254,1002.1,14.9
2025-07-27,47.0,23.0,8.0,1.0,2.0,2.0,"Borivali East MPCB, Mumbai",28.0,24.9,26.7,84,30.7,25.9,249,1003.4,12.4
2025-07-28,42.0,27.0,7.0,1.0,2.0,2.0,"Borivali East MPCB, Mumbai",28.0,25.5,26.7,83,27.7,25.3,248,1004.7,7.7
2025-07-29,50.0,28.0,7.0,1.0,2.0,2.0,"Borivali East MPCB, Mumbai",27.5,25.4,26.5,85,29.5,25.1,251,1005.1,9.2
2025-07-30,49.0,31.0,6.0,1.0,2.0,2.0,"Borivali East MPCB, Mumbai",27.1,25.8,26.5,88,26.6,22.8,244,1004.7,5.7
2025-07-31,55.0,24.0,7.0,1.0,2.0,2.0,"Borivali East MPCB, Mumbai",27.5,25.9,26.7,86,23.7,21.0,235,1005.3,1.6
2025-08-01,42.0,31.0,6.0,1.0,2.0,2.0,"Borivali East MPCB, Mumbai",28.5,25.5,26.9,84,20.7,17.0,240,1006.1,2.9
2025-08-02,55.0,25.0,6.0,1.2,1.0,2.0,"Borivali East MPCB, Mumbai",28.4,25.1,26.5,87,16.3,12.5,243,1006.3,6.6
2025-08-03,44.0,25.0,6.0,1.4,1.0,2.0,"Borivali East MPCB, Mumbai",27.9,24.7,26.5,86,13.1,9.7,225,1007.2,2.2
2025-08-04,45.0,25.0,5.666666666666667,1.6,1.3333333333333333,2.0,"Borivali East MPCB, Mumbai",28.6,25.0,26.9,84,14.6,8.8,245,1008.2,4.8
2025-08-06,46.333333333333336,25.0,5.0,2.0,2.0,2.0,"Borivali East MPCB, Mumbai",29.0,25.0,27.2,85,14.7,7.4,286,1007.4,1.2
2025-08-07,47.0,27.5,4.5,1.9285714285714288,2.0,2.0,"Borivali East MPCB, Mumbai",27.8,26.0,26.6,89,10.9,5.2,286,1007.2,6.6
2025-08-08,50.5,30.0,4.0,1.8571428571428568,2.0,2.0,"Borivali East MPCB, Mumbai",28.2,25.6,26.8,86,10.1,4.9,253,1007.9,2.4
2025-08-09,54.0,23.0,5.0,1.7857142857142858,2.0,2.0,"Borivali East MPCB, Mumbai",28.2,25.0,26.8,86,11.1,6.3,240,1009.3,1.3
2025-08-10,41.0,26.0,4.0,1.0,2.0,2.0,"Borivali East MPCB, Mumbai",28.2,24.9,26.6,85,14.4,6.4,233,1008.6,4.2
2025-08-11,47.0,23.0,6.0,1.0,2.0,2.0,"Borivali East MPCB, Mumbai",28.3,25.0,26.6,84,16.7,8.9,250,1008.4,8.3
2025-08-12,41.0,21.0,4.0,1.0,2.0,2.0,"Borivali East MPCB, Mumbai",28.5,24.5,26.6,84,17.3,10.0,254,1007.0,7.3
2025-08-13,35.0,22.625,4.0,1.0,1.8888888888888888,2.0,"Borivali East MPCB, Mumbai",27.8,24.8,26.0,89,12.1,8.6,239,1005.0,12.4
2025-08-20,56.0,34.0,4.0,1.0,1.1111111111111112,2.0,"Borivali East MPCB, Mumbai",26.4,24.8,25.5,91,29.4,26.0,240,1003.5,63.2
2025-08-21,59.0,25.0,4.0,1.0,1.0,2.0,"Borivali East MPCB, Mumbai",27.8,25.5,26.4,86,27.4,23.3,233,1006.8,12.1
2025-08-22,44.0,24.0,5.0,1.0,1.0,2.0,"Borivali East MPCB, Mumbai",28.0,25.5,26.7,83,25.1,21.1,238,1007.8,5.6
2025-08-23,43.0,21.0,4.0,1.0,1.0,2.0,"Borivali East MPCB, Mumbai",28.4,25.0,26.6,81,28.5,22.8,239,1007.0,10.6
2025-08-24,38.0,20.0,4.0,1.0,1.0,2.0,"Borivali East MPCB, Mumbai",28.4,24.9,26.6,83,27.1,23.6,237,1007.6,5.5
2025-08-25,35.0,198.0,4.0,1.0,1.0,2.0,"Borivali East MPCB, Mumbai",26.7,24.8,25.5,89,24.7,20.1,241,1006.9,26.8
2025-08-26,174.0,120.0,4.0,1.0,1.0,2.0,"Borivali East MPCB, Mumbai",27.6,25.0,26.3,87,20.4,16.3,253,1006.6,12.6
2025-08-27,120.0,42.0,7.0,1.0,1.0,2.0,"Borivali East MPCB, Mumbai",27.9,25.1,26.5,86,14.1,10.2,277,1005.5,5.1
2025-08-28,66.0,25.0,5.0,1.0,2.0,2.0,"Borivali East MPCB, Mumbai",27.7,24.9,26.2,90,13.4,8.4,282,1004.5,10.1
2025-08-29,44.0,31.0,9.0,1.0,1.0,2.0,"Borivali East MPCB, Mumbai",28.3,25.3,26.4,88,12.2,9.2,241,1004.5,11.0
2025-08-30,55.0,24.0,6.5,1.0,1.0,2.0,"Borivali East MPCB, Mumbai",27.9,25.0,26.2,88,13.8,9.9,221,1006.4,5.4
2025-08-31,44.0,85.0,4.0,1.0,1.0,2.0,"Borivali East MPCB, Mumbai",27.8,24.5,26.3,88,19.9,13.6,245,1006.8,10.7
2025-09-01,77.0,35.0,4.0,1.0,2.0,3.0,"Borivali East MPCB, Mumbai",27.5,25.0,26.3,87,24.7,18.4,253,1005.2,8.4
2025-09-02,53.0,43.0,3.0,2.0,1.0,3.0,"Borivali East MPCB, Mumbai",28.2,24.8,26.4,86,18.6,15.4,268,1005.0,7.6
2025-09-03,54.0,27.0,4.0,2.0,1.0,3.0,"Borivali East MPCB, Mumbai",28.6,24.9,26.8,84,19.3,13.9,281,1005.3,4.1
2025-09-04,50.0,28.0,4.0,2.0,1.0,3.0,"Borivali East MPCB, Mumbai",26.2,25.0,25.6,90,14.8,11.6,277,1005.6,20.1
2025-09-05,53.0,22.0,4.0,1.0,1.0,3.0,"Borivali East MPCB, Mumbai",27.0,24.9,25.8,91,20.9,14.0,260,1006.0,25.0
2025-09-06,54.0,19.0,3.0,1.0,1.0,3.0,"Borivali East MPCB, Mumbai",26.2,24.4,25.4,90,23.5,16.6,234,1007.1,32.1
2025-09-07,58.0,19.0,3.0,1.0,1.0,3.0,"Borivali East MPCB, Mumbai",28.0,24.5,26.2,85,20.8,16.0,228,1007.4,8.1
2025-09-08,62.0,19.0,2.0,1.0,1.0,3.0,"Borivali East MPCB, Mumbai",28.0,24.5,26.2,87,18.6,13.1,204,1007.3,2.6
2025-09-09,59.0,19.0,2.0,2.0,1.0,3.0,"Borivali East MPCB, Mumbai",29.0,24.0,26.4,86,12.3,8.7,184,1009.0,0.0
2025-09-10,60.0,19.0,2.0,2.0,1.0,3.0,"Borivali East MPCB, Mumbai",29.0,24.5,26.6,85,12.1,7.0,283,1009.7,0.2
2025-09-11,53.0,19.0,3.0,2.0,1.0,3.0,"Borivali East MPCB, Mumbai",28.4,24.5,26.5,83,12.3,6.3,286,1009.5,1.5
2025-09-12,47.0,19.0,5.0,2.0,1.0,3.0,"Borivali East MPCB, Mumbai",28.6,24.9,26.8,84,13.4,6.0,308,1009.4,1.4
2025-09-13,56.0,23.1,5.0,1.0,1.0,3.0,"Borivali East MPCB, Mumbai",28.1,25.0,26.4,89,15.2,7.4,319,1009.0,8.5
2025-09-14,77.0,27.2,4.866666666666666,1.0714285714285714,1.0,3.0,"Borivali East MPCB, Mumbai",28.6,24.9,26.4,88,16.7,10.0,317,1008.6,8.0
2025-09-15,58.0,31.3,4.733333333333333,1.1428571428571428,1.0,3.0,"Borivali East MPCB, Mumbai",27.0,25.3,26.0,90,17.1,10.4,295,1008.0,17.3
2025-09-16,54.0,28.0,4.6,1.2142857142857142,1.0,3.0,"Borivali East MPCB, Mumbai",27.9,25.4,26.2,89,12.8,7.2,278,1007.8,10.0
2025-09-17,66.0,28.0,5.0,2.0,1.0,3.0,"Borivali East MPCB, Mumbai",28.5,24.8,26.3,90,12.1,5.6,238,1007.6,17.9
2025-09-18,44.0,28.0,5.0,2.0,1.0,3.0,"Borivali East MPCB, Mumbai",28.2,24.8,26.1,91,11.7,5.3,271,1007.5,15.8
2025-09-19,49.0,28.0,5.0,2.0,1.0,3.0,"Borivali East MPCB, Mumbai",27.8,24.5,26.1,90,11.9,7.0,238,1008.5,8.5
2025-09-20,50.0,28.0,5.0,2.0,1.0,3.0,"Borivali East MPCB, Mumbai",28.8,24.6,26.4,89,11.9,7.2,228,1008.7,4.1
2025-09-21,41.0,28.0,5.0,2.0,1.0,3.0,"Borivali East MPCB, Mumbai",28.5,24.5,26.1,90,13.8,6.3,264,1008.3,17.3
2025-09-22,49.0,28.0,5.0,2.0,1.0,3.0,"Borivali East MPCB, Mumbai",28.2,24.1,25.7,91,14.1,6.6,287,1009.1,28.6
2025-09-23,52.0,28.0,5.0,2.0,1.0,3.0,"Borivali East MPCB, Mumbai",29.0,24.7,26.4,86,17.8,7.5,256,1009.5,12.7
2025-09-24,43.0,28.0,5.0,2.0,1.0,3.0,"Borivali East MPCB, Mumbai",28.5,24.9,26.8,82,14.1,8.3,263,1008.0,2.9
2025-09-25,44.0,28.0,5.0,2.0,1.0,3.0,"Borivali East MPCB, Mumbai",27.6,24.3,26.1,86,11.0,5.4,241,1007.3,3.3
2025-09-26,52.0,28.0,5.0,2.0,1.0,3.0,"Borivali East MPCB, Mumbai",29.0,24.1,26.5,87,13.6,6.4,323,1007.3,1.2
2025-09-27,58.0,28.0,5.0,2.0,1.0,3.0,"Borivali East MPCB, Mumbai",28.4,24.6,26.3,87,15.6,11.1,284,1007.3,34.2
2025-09-28,48.0,28.0,5.0,2.0,1.0,3.0,"Borivali East MPCB, Mumbai",26.5,25.4,25.8,92,33.1,26.1,281,1003.6,174.2
2025-09-29,67.0,28.0,5.0,1.0,1.0,3.0,"Borivali East MPCB, Mumbai",28.0,25.1,26.4,80,30.8,21.4,230,1004.0,11.2
2025-09-30,58.0,28.0,5.0,1.0,1.0,3.0,"Borivali East MPCB, Mumbai",27.7,24.0,25.7,85,20.6,16.6,190,1005.2,6.7
2025-10-01,58.0,44.0,9.0,1.0,1.0,3.0,"Borivali East MPCB, Mumbai",28.5,24.1,25.7,87,22.4,16.9,180,1004.9,7.5
2025-10-02,49.0,44.0,9.0,1.0,1.0,3.0,"Borivali East MPCB, Mumbai",28.1,24.3,26.0,87,23.1,15.6,173,1006.8,2.8
2025-10-03,48.0,44.0,9.0,1.0,1.0,3.0,"Borivali East MPCB, Mumbai",29.0,24.6,26.7,86,16.8,11.8,178,1009.6,1.4
2025-10-04,43.0,44.0,9.0,1.0,1.0,3.0,"Borivali East MPCB, Mumbai",29.0,24.8,26.8,85,14.3,8.6,199,1010.9,1.9
2025-10-05,58.0,44.0,9.0,1.0,1.0,3.0,"Borivali East MPCB, Mumbai",28.1,24.3,26.4,84,12.1,8.3,194,1011.0,0.8
2025-10-06,61.0,44.0,9.0,2.0,1.0,3.0,"Borivali East MPCB, Mumbai",28.4,24.4,26.2,84,13.7,8.3,213,1011.7,1.2
2025-10-07,48.0,44.0,9.0,1.0,1.0,3.0,"Borivali East MPCB, Mumbai",28.0,23.9,25.8,89,12.5,5.5,268,1011.8,1.1
2025-10-08,63.0,44.0,9.0,1.0,1.0,3.0,"Borivali East MPCB, Mumbai",29.0,24.3,26.5,88,14.2,7.1,334,1011.5,0.4
2025-10-09,111.0,44.0,9.0,1.0,1.0,3.0,"Borivali East MPCB, Mumbai",31.4,24.6,27.5,79,12.8,8.3,355,1011.6,0.4
2025-10-10,119.0,44.0,9.0,1.0,1.0,3.0,"Borivali East MPCB, Mumbai",31.8,24.5,27.6,70,12.4,8.4,4,1010.2,0.0
2025-10-11,134.0,44.0,9.0,1.0,2.0,3.0,"Borivali East MPCB, Mumbai",32.3,24.0,27.5,71,14.6,7.4,351,1009.9,0.0
2025-10-12,136.0,142.0,9.0,2.0,1.0,3.0,"Borivali East MPCB, Mumbai",33.0,23.5,27.7,69,13.4,8.3,358,1009.5,0.0
2025-10-13,125.0,60.0,1.0,1.0,1.0,3.0,"Borivali East MPCB, Mumbai",33.1,23.9,27.9,65,14.7,8.7,355,1010.0,0.0
2025-10-14,107.0,55.25,1.25,1.5,1.75,3.0,"Borivali East MPCB, Mumbai",34.4,23.0,28.1,62,13.1,8.8,11,1008.1,0.0
2025-10-17,77.0,41.0,2.0,3.0,4.0,1.0,"Borivali East MPCB, Mumbai",34.7,25.1,29.4,71,16.6,8.5,11,1009.1,0.0
2025-10-18,67.0,85.0,5.0,1.0,5.0,1.0,"Borivali East MPCB, Mumbai",34.5,25.7,29.4,67,12.4,6.9,360,1008.9,0.7
2025-10-19,147.0,108.0,6.0,1.0,5.0,1.0,"Borivali East MPCB, Mumbai",34.2,25.8,29.4,67,14.1,8.4,9,1007.7,0.6
2025-10-20,166.0,93.0,6.0,1.0,8.0,1.0,"Borivali East MPCB, Mumbai",34.4,25.4,29.4,66,19.0,10.0,16,1007.0,0.0
2025-10-21,152.0,59.0,6.0,1.0,10.0,2.0,"Borivali East MPCB, Mumbai",33.5,25.8,28.9,68,15.3,8.6,58,1008.1,5.0
2025-10-22,104.0,53.0,6.0,1.0,10.0,2.0,"Borivali East MPCB, Mumbai",32.9,26.0,28.4,79,13.9,7.8,41,1008.5,7.2
2025-10-23,93.0,43.0,5.0,1.0,9.0,2.0,"Borivali East MPCB, Mumbai",33.5,25.8,29.1,77,15.5,8.4,44,1007.2,1.6
2025-10-24,78.0,21.0,5.0,1.0,10.0,2.0,"Borivali East MPCB, Mumbai",32.2,26.5,28.8,78,13.0,6.3,101,1007.0,2.0
2025-10-25,45.0,31.0,4.0,1.5,10.0,2.0,"Borivali East MPCB, Mumbai",29.3,25.1,26.8,88,13.4,8.1,142,1006.8,18.5
2025-10-26,59.0,21.0,6.0,2.0,8.0,2.0,"Borivali East MPCB, Mumbai",27.0,24.2,25.3,94,18.5,10.3,125,1006.6,25.8
2025-10-27,45.0,41.0,5.0,2.0,7.0,2.0,"Borivali East MPCB, Mumbai",30.5,23.7,26.0,88,21.6,13.7,149,1006.4,7.8
2025-10-28,73.0,50.0,4.714285714285714,2.0,6.0,1.0,"Borivali East MPCB, Mumbai",32.1,25.3,27.7,77,17.6,14.6,143,1005.7,0.1
2025-10-29,84.0,33.0,4.428571428571429,2.0,6.0,1.0,"Borivali East MPCB, Mumbai",31.2,25.9,27.6,78,15.5,10.3,148,1005.1,0.6
2025-10-30,62.0,57.6,4.142857142857143,2.0,5.6,1.0,"Borivali East MPCB, Mumbai",28.6,24.5,26.4,84,18.9,13.6,149,1006.9,5.1
2025-11-03,139.6,156.0,3.0,2.0,4.0,1.0,"Borivali East MPCB, Mumbai",28.6,24.1,26.3,88,13.8,8.7,201,1012.3,2.0
2025-11-04,159.0,37.0,4.0,1.0,4.0,1.0,"Borivali East MPCB, Mumbai",27.9,24.0,25.6,88,13.5,6.3,210,1011.8,1.0
2025-11-05,68.0,55.0,4.0,1.0,3.0,1.0,"Borivali East MPCB, Mumbai",28.6,23.5,25.7,82,9.6,5.9,337,1011.1,0.0
2025-11-06,100.0,68.0,4.0,1.0,3.0,1.0,"Borivali East MPCB, Mumbai",28.8,23.1,25.7,82,13.8,7.6,351,1011.6,0.7
2025-11-07,126.0,58.0,3.0,1.0,3.0,1.0,"Borivali East MPCB, Mumbai",30.8,23.4,26.4,77,13.1,7.8,358,1012.4,0.0
2025-11-08,101.0,51.0,3.0,1.0,3.0,1.0,"Borivali East MPCB, Mumbai",32.8,22.5,26.6,62,15.5,8.8,18,1013.4,0.0
2025-11-09,87.0,55.0,3.0,1.0,3.0,1.0,"Borivali East MPCB, Mumbai",29.6,20.6,25.0,68,11.9,7.4,337,1012.9,0.0
2025-11-10,93.0,62.0,2.75,1.3333333333333333,3.333333333333333,1.0,"Borivali East MPCB, Mumbai",31.4,20.9,25.5,64,13.5,8.1,75,1012.2,0.0
2025-11-12,127.0,76.0,2.25,2.0,4.0,3.0,"Borivali East MPCB, Mumbai",32.2,20.8,26.2,51,17.0,9.8,23,1013.5,0.0
2025-11-13,144.0,89.0,2.0,5.0,4.0,1.0,"Borivali East MPCB, Mumbai",32.6,21.9,26.3,53,15.7,10.3,28,1013.9,0.0
2025-11-14,156.0,84.0,3.0,9.0,5.0,1.0,"Borivali East MPCB, Mumbai",32.6,21.2,26.1,53,13.9,9.8,44,1013.2,0.0
2025-11-15,142.0,81.0,4.0,4.0,4.0,1.0,"Borivali East MPCB, Mumbai",32.4,20.5,25.8,50,13.6,9.9,56,1013.8,0.0
2025-11-16,143.0,88.0,1.0,3.0,4.0,1.0,"Borivali East MPCB, Mumbai",32.3,20.8,25.9,44,16.1,11.3,61,1015.1,0.0
2025-11-17,155.0,98.0,3.0,1.0,3.0,1.0,"Borivali East MPCB, Mumbai",31.5,21.0,25.3,49,17.9,11.4,45,1014.7,0.0
2025-11-18,161.0,91.0,4.142857142857142,3.0,3.0,1.0,"Borivali East MPCB, Mumbai",31.6,19.8,24.8,48,14.8,10.9,51,1013.0,0.0
2025-11-19,157.0,86.2,5.285714285714286,3.5,3.25,1.0,"Borivali East MPCB, Mumbai",32.2,19.0,25.0,47,14.6,11.2,45,1012.9,0.0
2025-11-20,148.8,81.4,6.428571428571429,4.0,3.5,1.0,"Borivali East MPCB, Mumbai",32.5,19.5,25.1,54,14.4,9.8,23,1013.2,0.0
2025-11-21,140.6,76.6,23.0,2.0,3.75,1.0,"Borivali East MPCB, Mumbai",33.3,20.7,25.7,53,14.6,10.2,48,1014.0,0.0
2025-11-22,132.4,68.0,23.0,1.0,4.0,3.0,"Borivali East MPCB, Mumbai",32.0,21.8,26.2,61,11.2,7.4,6,1013.2,0.0
2025-11-23,119.0,67.0,23.0,2.0,4.0,3.0,"Borivali East MPCB, Mumbai",31.5,22.6,26.4,68,13.8,7.2,343,1013.2,0.0
2025-11-24,116.0,107.0,11.0,4.0,4.0,3.0,"Borivali East MPCB, Mumbai",30.7,22.0,26.2,73,15.7,8.0,342,1013.3,0.0
2025-11-25,165.0,135.0,26.0,4.0,4.0,3.0,"Borivali East MPCB, Mumbai",31.7,23.1,26.6,73,12.8,7.7,342,1013.0,0.0
2025-11-26,180.0,106.0,16.0,3.0,5.0,1.0,"Borivali East MPCB, Mumbai",31.3,22.6,26.5,75,12.3,5.5,316,1013.1,0.0
2025-11-27,155.0,84.0,18.0,2.0,5.0,1.0,"Borivali East MPCB, Mumbai",33.2,22.6,26.8,68,13.3,8.1,28,1013.7,0.0
2025-11-28,132.0,73.0,9.0,2.0,5.0,1.0,"Borivali East MPCB, Mumbai",32.8,22.2,26.6,62,14.1,8.5,14,1013.2,0.0
2025-11-29,113.0,65.0,8.6,1.0,6.0,1.0,"Borivali East MPCB, Mumbai",32.7,23.0,26.7,52,13.0,9.6,49,1012.0,0.0
2025-11-30,99.0,78.0,8.2,4.0,6.0,1.0,"Borivali East MPCB, Mumbai",30.8,20.2,24.7,55,14.5,8.7,21,1011.8,0.0
2025-12-01,122.0,68.0,7.8,1.0,6.0,1.0,"Borivali East MPCB, Mumbai",31.7,19.6,24.7,54,15.7,10.1,33,1011.6,0.0
2025-12-02,102.0,78.0,18.0,2.0,6.0,1.0,"Borivali East MPCB, Mumbai",31.1,19.6,24.6,59,16.0,8.6,0,1011.7,0.0
2025-12-03,123.0,88.0,18.0,2.0,6.0,1.0,"Borivali East MPCB, Mumbai",32.7,19.9,25.4,55,15.4,9.7,35,1012.6,0.0
2025-12-04,140.0,81.0,18.0,3.0,6.0,1.0,"Borivali East MPCB, Mumbai",33.2,22.3,26.8,50,17.0,12.2,49,1013.6,0.0
2025-12-05,129.0,78.0,18.0,3.0,6.0,1.0,"Borivali East MPCB, Mumbai",33.7,23.1,27.4,51,16.1,11.7,45,1014.4,0.0
2025-12-06,122.0,78.0,18.0,3.0,6.0,1.0,"Borivali East MPCB, Mumbai",32.4,23.3,26.8,52,15.5,12.0,42,1015.0,0.0
2025-12-07,122.0,83.0,18.0,3.0,6.0,1.0,"Borivali East MPCB, Mumbai",33.2,22.2,26.2,49,13.9,10.9,45,1014.8,0.0
2025-12-08,116.0,59.0,5.0,2.0,6.0,1.0,"Borivali East MPCB, Mumbai",33.2,20.5,25.7,52,14.4,9.5,35,1014.7,0.0
2025-12-09,88.0,226.0,6.0,2.0,6.0,1.5,"Borivali East MPCB, Mumbai",32.6,20.5,25.9,38,13.7,8.9,47,1014.2,0.0
2025-12-10,101.0,71.0,5.0,2.0,7.0,2.0,"Borivali East MPCB, Mumbai",32.7,20.5,25.6,39,16.9,9.5,35,1015.0,0.0
2025-12-11,108.0,60.0,5.0,3.0,7.0,3.0,"Borivali East MPCB, Mumbai",32.3,20.0,25.1,41,14.6,10.0,40,1014.5,0.0
2025-12-12,110.0,65.0,5.0,3.0,7.0,3.0,"Borivali East MPCB, Mumbai",31.5,18.8,24.2,47,13.8,9.0,28,1013.4,0.0
2025-12-13,119.0,78.0,5.0,1.0,6.0,3.0,"Borivali East MPCB, Mumbai",32.2,18.5,24.4,51,13.8,8.8,23,1013.2,0.0
2025-12-14,143.0,72.0,5.0,2.0,6.0,2.0,"Borivali East MPCB, Mumbai",31.9,19.1,24.7,49,16.5,9.6,29,1013.9,0.0
2025-12-15,138.0,109.0,10.666666666666668,1.6666666666666667,6.0,2.0,"Borivali East MPCB, Mumbai",32.2,19.1,25.0,45,17.1,9.9,38,1013.8,0.0
2025-12-17,196.66666666666663,183.0,22.0,1.0,6.0,2.0,"Borivali East MPCB, Mumbai",32.0,20.8,25.6,50,12.3,9.6,40,1014.4,0.0
2025-12-18,226.0,68.0,25.0,1.0,6.0,2.0,"Borivali East MPCB, Mumbai",31.9,20.8,25.5,49,13.4,9.4,35,1014.7,0.0
2025-12-19,129.0,51.0,18.0,1.0,7.0,3.0,"Borivali East MPCB, Mumbai",31.8,19.2,24.6,47,14.4,10.1,31,1013.1,0.0
2025-12-20,91.0,51.0,17.0,1.0,7.0,3.0,"Borivali East MPCB, Mumbai",32.5,19.5,24.7,41,14.5,9.1,46,1011.6,0.0
2025-12-21,91.0,65.0,17.0,1.0,6.0,3.0,"Borivali East MPCB, Mumbai",31.5,19.1,24.5,43,16.1,10.8,57,1012.5,0.0
2025-12-22,122.0,60.0,15.0,1.0,7.0,3.0,"Borivali East MPCB, Mumbai",29.6,18.0,23.8,47,14.3,9.6,22,1012.9,0.0
2025-12-23,109.0,53.0,13.0,1.0,6.0,2.0,"Borivali East MPCB, Mumbai",31.9,20.0,24.9,48,15.3,9.7,32,1012.3,0.0
2025-12-24,95.0,64.0,14.0,1.0,6.0,2.0,"Borivali East MPCB, Mumbai",31.4,21.2,25.0,46,17.5,11.6,37,1012.1,0.0
2025-12-25,120.0,81.0,12.0,1.0,6.0,3.0,"Borivali East MPCB, Mumbai",31.3,19.9,24.4,50,15.3,11.3,50,1012.7,0.0
2025-12-26,143.0,86.0,11.0,1.0,6.0,2.0,"Borivali East MPCB, Mumbai",30.8,18.7,24.1,53,15.1,9.9,18,1012.6,0.0
2025-12-27,157.0,96.0,10.75,1.0,6.0,2.0,"Borivali East MPCB, Mumbai",31.0,19.2,24.3,54,14.5,10.6,48,1012.8,0.0
2025-12-28,163.0,84.25,10.5,1.0,6.25,2.25,"Borivali East MPCB, Mumbai",30.6,19.2,24.0,55,13.8,9.6,39,1013.4,0.0
2025-12-31,84.25,49.0,9.75,1.0,7.0,3.0,"Borivali East MPCB, Mumbai",28.2,17.8,22.9,74,13.9,7.1,289,1011.9,0.1
2026-01-01,58.0,71.0,11.0,3.0,6.0,2.0,"Borivali East MPCB, Mumbai",27.9,20.0,23.3,78,15.2,9.0,337,1012.2,1.0
2026-01-02,86.0,78.0,11.0,3.0,6.0,2.0,"Borivali East MPCB, Mumbai",28.5,20.0,23.6,76,17.7,10.4,343,1013.7,0.0
2026-01-03,94.0,95.0,11.0,4.0,6.0,2.0,"Borivali East MPCB, Mumbai",29.0,20.0,23.9,71,14.5,10.3,346,1013.8,0.0
2026-01-04,119.0,80.0,11.0,4.0,6.0,2.0,"Borivali East MPCB, Mumbai",28.6,20.9,24.5,74,14.2,10.6,344,1014.4,0.0
2026-01-05,101.0,70.0,11.0,4.0,5.0,2.0,"Borivali East MPCB, Mumbai",30.9,20.5,25.0,67,13.5,8.1,343,1015.2,0.0
2026-01-06,92.0,67.0,11.0,4.0,5.0,2.0,"Borivali East MPCB, Mumbai",30.5,21.1,24.7,66,15.1,9.1,34,1015.8,0.0
2026-01-07,87.0,57.0,8.0,4.0,5.0,2.0,"Borivali East MPCB, Mumbai",30.3,19.1,23.9,66,14.9,8.1,3,1016.0,0.0
2026-01-08,74.0,54.0,8.0,4.0,5.0,2.0,"Borivali East MPCB, Mumbai",30.5,18.6,23.7,56,15.0,9.6,15,1016.1,0.0
2026-01-09,71.0,201.0,8.0,3.0,5.0,2.0,"Borivali East MPCB, Mumbai",31.1,17.8,23.3,55,16.7,10.3,9,1015.6,0.0
2026-01-10,129.0,131.5,8.0,3.0,5.0,2.0,"Borivali East MPCB, Mumbai",29.6,18.4,23.1,56,19.6,11.1,358,1015.2,0.0
2026-01-11,103.5,62.0,8.0,3.0,5.0,2.0,"Borivali East MPCB, Mumbai",30.6,17.9,23.6,57,15.8,11.0,356,1015.6,0.0
2026-01-12,78.0,56.0,7.0,4.0,6.0,2.0,"Borivali East MPCB, Mumbai",31.5,20.6,25.0,47,13.8,9.1,25,1015.6,0.0
2026-01-13,71.0,58.0,7.0,4.0,6.0,2.0,"Borivali East MPCB, Mumbai",30.4,21.1,25.4,60,12.2,5.5,318,1015.8,0.0
2026-01-14,74.0,55.0,7.0,4.0,6.0,2.0,"Borivali East MPCB, Mumbai",30.3,21.4,24.9,65,19.1,10.8,340,1014.7,0.0
2026-01-15,70.0,66.0,7.0,5.0,6.0,2.0,"Borivali East MPCB, Mumbai",28.6,18.5,23.4,59,16.2,10.5,344,1013.9,0.0
2026-01-16,86.0,33.0,7.0,6.0,7.0,3.0,"Borivali East MPCB, Mumbai",29.1,18.5,23.3,73,11.8,7.4,326,1013.5,0.0
2026-01-17,46.0,40.25,7.0,5.75,6.75,2.75,"Borivali East MPCB, Mumbai",27.9,18.6,22.8,78,12.0,7.7,314,1013.1,0.0
2026-01-20,71.5,62.0,7.0,5.0,6.0,2.0,"Borivali East MPCB, Mumbai",27.6,17.4,22.5,65,16.3,9.5,341,1012.9,0.0
2026-01-21,80.0,61.0,7.0,5.0,6.0,2.0,"Borivali East MPCB, Mumbai",29.9,18.6,23.7,71,15.1,6.1,253,1013.2,0.0
2026-01-22,79.0,56.0,7.0,3.0,5.0,2.0,"Borivali East MPCB, Mumbai",30.0,19.8,24.0,70,17.8,8.0,257,1013.9,0.0
2026-01-23,73.0,46.0,7.0,4.0,5.0,2.0,"Borivali East MPCB, Mumbai",26.8,19.4,22.9,79,18.9,8.7,338,1015.4,0.0
2026-01-24,60.0,61.0,7.0,4.0,5.0,2.0,"Borivali East MPCB, Mumbai",27.6,18.5,22.5,71,17.4,10.4,343,1016.5,0.0
2026-01-25,77.0,70.0,7.0,4.0,5.0,2.0,"Borivali East MPCB, Mumbai",28.5,18.5,23.0,72,13.6,8.7,345,1014.7,0.0
2026-01-26,91.0,55.0,7.0,3.0,4.0,2.0,"Borivali East MPCB, Mumbai",28.8,19.1,23.7,78,10.7,6.1,317,1014.6,0.0
2026-01-27,72.0,75.0,7.0,4.0,4.0,2.0,"Borivali East MPCB, Mumbai",26.3,21.2,23.3,80,18.5,10.6,336,1016.8,0.4
2026-01-28,73.0,56.0,7.0,4.0,5.0,2.0,"Borivali East MPCB, Mumbai",28.7,19.3,23.2,66,17.6,12.6,351,1016.0,0.0
2026-01-29,71.0,133.0,7.0,6.0,5.0,2.0,"Borivali East MPCB, Mumbai",30.5,18.6,24.0,60,13.7,7.0,340,1013.9,0.0
2026-01-30,110.0,99.0,7.0,5.0,5.0,2.0,"Borivali East MPCB, Mumbai",30.8,21.9,25.3,69,16.6,6.9,211,1014.2,0.0
2026-01-31,233.0,65.0,7.0,5.0,6.0,2.0,"Borivali East MPCB, Mumbai",27.3,21.4,24.1,87,15.7,7.1,318,1015.1,0.0
2026-02-01,84.0,74.0,7.0,4.0,6.0,2.0,"Borivali East MPCB, Mumbai",29.8,20.5,24.6,79,15.7,8.6,342,1015.0,0.0
2026-02-02,98.0,69.0,7.0,4.5,5.0,2.0,"Borivali East MPCB, Mumbai",30.8,20.2,25.0,65,14.5,7.6,333,1014.6,0.0
2026-02-03,90.0,75.0,7.0,5.0,6.0,2.0,"Borivali East MPCB, Mumbai",29.6,21.0,24.9,62,13.9,7.9,343,1014.5,0.0
2026-02-04,99.0,66.0,8.0,4.0,5.0,2.0,"Borivali East MPCB, Mumbai",32.3,20.8,25.8,57,13.7,8.3,6,1014.6,0.0
2026-02-05,88.0,56.0,7.0,4.0,5.0,2.0,"Borivali East MPCB, Mumbai",33.1,21.9,26.5,53,15.5,9.4,1,1015.5,0.0
2026-02-06,83.0,56.0,7.0,6.0,5.0,2.0,"Borivali East MPCB, Mumbai",33.2,20.8,26.2,54,17.7,9.5,7,1015.9,0.0
2026-02-07,84.0,54.0,7.0,5.666666666666667,6.0,2.0,"Borivali East MPCB, Mumbai",31.6,20.2,25.7,54,16.0,9.0,347,1014.8,0.0
2026-02-08,80.0,54.6,7.0,5.333333333333333,6.0,2.0,"Borivali East MPCB, Mumbai",33.1,21.0,26.2,51,14.3,9.2,358,1013.2,0.0
2026-02-12,84.0,57.0,7.0,4.0,6.0,2.0,"Borivali East MPCB, Mumbai",31.6,21.1,25.8,61,15.2,8.4,330,1014.2,0.0
2026-02-13,85.0,58.0,7.0,4.0,6.0,2.0,"Borivali East MPCB, Mumbai",31.5,20.6,25.4,66,14.8,6.7,327,1013.3,0.0
2026-02-14,88.0,61.0,19.0,4.0,6.0,2.0,"Borivali East MPCB, Mumbai",31.8,20.6,25.8,66,16.0,8.2,336,1012.5,0.0
2026-02-15,88.0,50.0,19.0,4.0,6.0,2.0,"Borivali East MPCB, Mumbai",32.9,21.6,26.8,53,19.0,9.9,342,1012.4,0.0
2026-02-16,76.0,49.0,19.0,4.0,6.0,2.0,"Borivali East MPCB, Mumbai",29.9,21.8,25.5,58,14.8,8.9,334,1010.9,0.0
2026-02-17,73.0,40.0,19.0,4.0,6.0,2.0,"Borivali East MPCB, Mumbai",28.7,22.0,24.6,70,16.6,10.7,332,1011.2,0.0
2026-02-18,63.0,40.0,19.0,4.0,6.0,2.0,"Borivali East MPCB, Mumbai",27.1,21.5,24.0,74,16.5,9.8,329,1011.7,0.0
