date,pm25,pm10,o3,no2,so2,co,location,temperature_2m_max,temperature_2m_min,temperature_2m_mean,relative_humidity_2m_mean,wind_speed_10m_max,wind_speed_10m_mean,wind_direction_10m_dominant,pressure_msl_mean,precipitation_sum
2019-12-02,150.0,81.5,12.0,2.0,4.0,6.0,"Borivali East, Mumbai",33.8,24.0,28.2,61,11.9,8.0,47,1011.4,0.0
2019-12-03,215.0,50.0,17.0,2.0,4.0,3.0,"Borivali East, Mumbai",32.8,23.2,27.4,65,12.7,8.3,84,1011.7,0.0
2019-12-04,105.0,63.0,2.0,2.0,4.0,5.0,"Borivali East, Mumbai",32.3,24.0,27.3,69,12.2,8.7,63,1012.6,0.0
2019-12-05,146.0,72.0,2.0,1.0,4.0,4.0,"Borivali East, Mumbai",29.9,25.0,27.4,73,11.5,6.1,70,1014.2,2.4
2019-12-06,157.0,71.0,3.0,1.0,4.0,5.0,"Borivali East, Mumbai",33.3,25.1,28.0,58,14.6,8.7,48,1013.6,0.0
2019-12-07,145.0,80.0,3.0,1.0,4.0,4.0,"Borivali East, Mumbai",32.0,22.8,26.3,57,13.2,9.3,24,1012.8,0.0
2019-12-08,159.0,65.0,8.0,1.0,4.0,4.0,"Borivali East, Mumbai",32.1,21.9,26.0,59,13.4,8.8,38,1013.1,0.0
2019-12-09,146.0,62.0,6.0,1.0,9.0,5.0,"Borivali East, Mumbai",32.7,22.0,26.4,65,11.9,8.3,26,1012.9,0.0
2019-12-10,138.0,66.0,3.0,1.0,4.0,5.0,"Borivali East, Mumbai",32.5,22.2,26.5,71,12.7,7.0,353,1011.8,0.0
2019-12-11,147.0,69.0,3.0,1.0,4.0,5.0,"Borivali East, Mumbai",31.8,21.8,26.2,72,11.9,5.9,324,1010.7,0.0
2019-12-12,150.0,63.0,3.0,1.0,4.0,6.0,"Borivali East, Mumbai",30.4,21.1,25.2,72,14.0,6.7,311,1010.6,0.0
2019-12-13,132.0,83.0,3.0,1.0,4.0,6.0,"Borivali East, Mumbai",29.8,20.0,24.1,76,17.8,8.0,343,1012.6,0.0
2019-12-14,90.0,81.5,3.0,1.0,4.0,6.0,"Borivali East, Mumbai",30.3,18.3,23.6,66,16.6,9.5,343,1014.5,0.0
2019-12-15,143.0,80.0,3.0,1.0,4.0,6.0,"Borivali East, Mumbai",30.3,19.1,24.2,62,13.4,9.1,341,1013.3,0.0
2019-12-16,158.0,173.0,3.0,1.0,4.0,6.0,"Borivali East, Mumbai",31.0,20.1,24.8,67,14.3,8.5,351,1012.7,0.0
2019-12-17,244.0,70.0,8.0,1.0,4.0,7.0,"Borivali East, Mumbai",31.8,21.6,25.5,67,14.3,9.7,30,1013.5,0.0
2019-12-18,147.0,65.0,5.0,1.0,4.0,6.0,"Borivali East, Mumbai",32.0,21.5,25.9,61,12.8,9.7,45,1014.2,0.0
2019-12-19,137.0,71.0,5.0,1.0,4.0,6.0,"Borivali East, Mumbai",31.9,20.8,25.3,63,13.0,8.1,12,1013.0,0.0
2019-12-20,153.0,80.0,5.0,1.0,4.0,6.0,"Borivali East, Mumbai",31.6,20.3,25.2,68,12.1,7.4,357,1012.1,0.0
2019-12-21,150.0,88.0,4.0,1.5,4.0,6.0,"Borivali East, Mumbai",31.7,20.6,25.4,69,12.7,6.2,348,1011.6,0.0
2019-12-22,161.0,76.0,6.0,2.0,4.0,6.0,"Borivali East, Mumbai",31.8,21.4,26.0,63,12.8,7.8,56,1011.3,0.0
2019-12-23,158.0,89.0,5.0,1.5,4.0,6.0,"Borivali East, Mumbai",32.2,22.3,26.2,70,11.3,6.5,343,1011.0,0.0
2019-12-24,166.0,115.0,5.0,1.0,4.0,6.0,"Borivali East, Mumbai",31.5,21.7,26.1,74,10.8,6.1,342,1012.1,0.0
2019-12-25,181.0,89.0,4.0,1.0,4.0,7.0,"Borivali East, Mumbai",31.9,23.5,26.7,67,14.7,9.2,354,1012.4,0.0
2019-12-26,153.0,73.0,5.0,1.0,4.0,7.0,"Borivali East, Mumbai",30.9,22.2,25.7,61,15.5,9.1,339,1012.4,0.0
2019-12-27,150.0,81.0,5.0,1.0,4.0,6.0,"Borivali East, Mumbai",30.5,18.1,24.0,65,14.5,7.8,357,1011.5,0.0
2019-12-28,155.0,93.0,5.0,9.0,4.0,6.0,"Borivali East, Mumbai",31.8,20.5,24.7,62,14.3,10.5,47,1011.1,0.0
2019-12-29,156.0,91.66666666666669,5.0,9.0,4.0,6.0,"Borivali East, Mumbai",30.4,21.5,24.6,65,13.1,8.9,31,1011.8,0.3
2019-12-31,160.66666666666666,89.0,5.0,9.0,4.0,6.0,"Borivali East, Mumbai",28.0,16.2,21.8,62,15.0,8.6,338,1013.1,0.0
2020-01-01,163.0,86.0,5.0,9.0,4.0,6.0,"Borivali East, Mumbai",26.5,14.1,20.1,75,11.5,7.1,335,1013.7,0.0
2020-01-02,166.0,80.0,6.0,9.0,4.0,5.0,"Borivali East, Mumbai",27.5,16.1,21.2,77,14.7,7.6,328,1015.7,0.0
2020-01-03,158.0,89.0,6.0,9.0,4.0,5.0,"Borivali East, Mumbai",27.6,17.2,21.3,74,19.1,9.6,342,1015.2,0.0
2020-01-04,166.0,86.0,6.0,9.0,4.0,6.0,"Borivali East, Mumbai",27.0,16.8,21.2,66,17.4,11.2,339,1013.5,0.0
2020-01-05,155.0,83.0,47.0,1.0,4.0,5.0,"Borivali East, Mumbai",30.0,17.8,22.9,63,15.4,10.2,48,1012.7,0.0
2020-01-06,207.0,69.0,6.0,2.0,9.0,19.0,"Borivali East, Mumbai",32.3,20.6,24.9,59,16.2,11.8,55,1013.4,0.0
2020-01-07,147.0,61.0,5.0,1.9285714285714288,1.0,1.0,"Borivali East, Mumbai",29.5,19.8,23.9,73,16.3,8.5,286,1012.9,0.0
2020-01-08,135.0,64.0,8.0,1.8571428571428568,1.0,1.0,"Borivali East, Mumbai",28.2,20.2,23.6,72,15.0,8.9,313,1013.1,0.0
2020-01-09,134.0,70.0,7.0,1.7857142857142858,1.0,2.0,"Borivali East, Mumbai",28.9,18.2,22.5,55,18.1,11.6,351,1013.4,0.0
2020-01-10,143.0,80.0,5.0,9.0,1.0,2.0,"Borivali East, Mumbai",31.6,19.6,24.0,56,15.5,11.2,48,1012.5,0.0
2020-01-11,155.0,77.0,5.0,9.0,1.0,3.0,"Borivali East, Mumbai",33.2,21.2,25.7,61,13.6,10.4,59,1013.2,0.0
2020-01-12,145.0,52.0,6.0,9.0,1.0,3.0,"Borivali East, Mumbai",31.6,20.0,24.9,69,14.9,7.8,315,1013.2,0.0
2020-01-13,115.0,49.0,6.0,9.0,1.0,4.0,"Borivali East, Mumbai",28.8,20.8,23.6,84,15.5,7.3,317,1012.2,0.3
2020-01-14,83.0,47.0,6.0,9.0,1.0,4.0,"Borivali East, Mumbai",28.4,19.9,23.0,75,18.2,9.4,338,1012.2,0.0
2020-01-15,78.0,73.0,6.0,9.0,1.0,4.0,"Borivali East, Mumbai",26.4,18.1,21.5,60,18.1,10.7,326,1012.8,0.0
2020-01-16,77.0,239.0,6.0,9.0,1.0,4.0,"Borivali East, Mumbai",24.8,15.4,19.4,63,17.6,10.4,337,1014.3,0.0
2020-01-17,105.0,73.0,7.0,9.0,1.0,5.0,"Borivali East, Mumbai",25.5,14.6,18.9,54,18.9,11.5,344,1014.6,0.0
2020-01-18,141.0,85.0,6.0,9.0,1.0,5.0,"Borivali East, Mumbai",29.7,14.3,21.4,58,14.7,9.3,347,1013.1,0.0
2020-01-19,156.0,189.0,7.0,9.0,1.0,5.0,"Borivali East, Mumbai",31.2,16.7,23.5,59,13.4,8.3,341,1013.0,0.0
2020-01-20,134.0,81.0,8.0,1.0,1.0,5.0,"Borivali East, Mumbai",32.5,18.0,23.9,66,14.1,8.0,5,1012.9,0.0
2020-01-21,136.0,87.0,8.0,1.0,1.0,6.0,"Borivali East, Mumbai",31.2,18.1,23.8,67,15.6,6.6,314,1014.0,0.0
2020-01-22,148.0,151.5,8.0,1.0,1.0,6.0,"Borivali East, Mumbai",32.5,18.2,24.6,61,14.7,7.7,344,1014.7,0.0
2020-01-23,146.0,216.0,17.0,1.0,1.0,4.0,"Borivali East, Mumbai",33.5,21.4,26.3,56,15.7,10.9,356,1013.7,0.0
2020-01-24,140.0,77.0,8.0,1.0,1.0,4.0,"Borivali East, Mumbai",33.6,21.4,26.1,60,14.8,9.9,4,1013.3,0.0
2020-01-25,146.0,138.0,2.0,1.0,1.0,6.0,"Borivali East, Mumbai",33.4,20.5,25.9,56,16.8,8.6,345,1013.2,0.0
2020-01-26,151.0,56.0,2.0,1.0,1.0,4.0,"Borivali East, Mumbai",33.0,18.9,25.1,63,11.9,6.7,322,1011.6,0.0
2020-01-27,103.0,41.0,2.0,1.0,1.0,2.0,"Borivali East, Mumbai",29.5,19.0,23.6,72,14.5,7.7,291,1011.6,0.0
2020-01-28,48.0,56.0,2.0,1.0,1.0,2.0,"Borivali East, Mumbai",27.0,19.0,22.4,78,17.2,8.5,297,1012.7,0.5
2020-01-29,57.0,62.0,2.0,9.0,1.0,2.0,"Borivali East, Mumbai",25.1,16.4,21.2,62,17.3,10.3,328,1015.5,0.0
2020-01-30,103.0,66.0,2.0,9.0,1.0,3.0,"Borivali East, Mumbai",28.7,14.6,20.8,55,17.3,9.3,347,1014.5,0.0
2020-01-31,130.0,77.0,2.0,9.0,1.0,3.0,"Borivali East, Mumbai",28.0,15.0,21.1,58,16.9,8.4,325,1012.3,0.0
2020-02-01,146.0,74.0,2.0,14.0,1.0,4.0,"Borivali East, Mumbai",30.5,16.4,22.9,54,18.1,9.2,337,1011.9,0.0
2020-02-02,136.0,66.0,2.0,1.0,1.0,4.0,"Borivali East, Mumbai",31.1,17.9,23.3,66,14.8,7.4,6,1013.4,0.0
2020-02-03,126.0,74.0,3.0,1.0,1.0,3.0,"Borivali East, Mumbai",29.2,17.2,22.4,78,13.7,5.9,277,1014.3,0.0
2020-02-04,138.0,70.0,3.0,1.0,1.0,3.0,"Borivali East, Mumbai",30.2,18.5,23.3,65,16.1,8.6,338,1013.2,0.0
2020-02-05,122.0,64.0,3.0,1.5,1.0,3.0,"Borivali East, Mumbai",31.2,17.9,23.3,44,16.4,9.1,335,1012.8,0.0
2020-02-06,115.0,58.0,32.0,2.0,2.0,2.0,"Borivali East, Mumbai",29.4,17.8,22.7,53,15.3,9.0,324,1012.9,0.0
2020-02-07,101.0,75.0,36.0,4.0,1.0,2.0,"Borivali East, Mumbai",28.4,15.2,21.1,56,19.6,9.9,325,1014.0,0.0
2020-02-08,140.0,84.0,33.0,5.0,2.0,2.0,"Borivali East, Mumbai",31.0,15.9,22.9,58,21.9,11.4,352,1013.8,0.0
2020-02-09,154.0,72.0,33.0,5.0,2.0,2.0,"Borivali East, Mumbai",32.2,21.0,25.1,48,19.2,14.3,30,1013.9,0.0
2020-02-10,131.0,69.0,22.0,5.0,1.0,2.0,"Borivali East, Mumbai",33.7,21.8,26.4,51,16.6,12.9,35,1012.8,0.0
2020-02-11,120.0,91.0,10.0,4.0,6.0,3.0,"Borivali East, Mumbai",34.0,22.9,27.5,55,14.8,10.8,33,1012.9,0.0
2020-02-12,136.0,57.0,9.0,3.0,4.333333333333333,2.0,"Borivali East, Mumbai",34.9,24.2,28.7,51,16.5,10.4,45,1014.4,0.0
2020-02-13,115.0,67.0,12.0,4.0,2.6666666666666665,3.0,"Borivali East, Mumbai",35.0,23.9,28.4,47,20.4,11.8,14,1014.6,0.0
2020-02-14,122.0,73.0,41.0,6.0,1.0,3.0,"Borivali East, Mumbai",34.5,23.4,28.2,37,20.1,12.4,355,1012.9,0.0
2020-02-15,122.0,83.0,26.0,7.0,1.0,4.0,"Borivali East, Mumbai",33.6,21.6,26.2,39,17.6,9.8,332,1012.3,0.0
2020-02-16,132.0,77.0,83.0,4.0,1.0,4.0,"Borivali East, Mumbai",34.4,19.3,25.7,53,14.5,7.8,322,1012.7,0.0
2020-02-17,154.0,76.0,29.0,5.0,2.0,3.0,"Borivali East, Mumbai",36.5,20.5,27.2,52,14.9,8.3,333,1013.1,0.0
2020-02-18,146.0,80.0,23.0,4.0,1.5,3.0,"Borivali East, Mumbai",36.6,22.6,27.9,49,17.4,9.4,9,1012.6,0.0
2020-02-19,134.0,64.0,16.0,4.0,1.0,2.0,"Borivali East, Mumbai",34.7,20.7,26.6,59,15.1,7.4,315,1012.1,0.0
2020-02-20,112.0,50.0,12.0,3.0,1.0,2.0,"Borivali East, Mumbai",32.8,20.2,25.5,67,15.9,8.7,323,1011.7,0.0
2020-02-21,81.0,222.0,15.0,3.0,1.0,3.0,"Borivali East, Mumbai",33.0,20.3,25.4,60,17.3,8.5,323,1013.8,0.0
2020-02-22,127.0,94.0,13.0,2.0,1.0,4.0,"Borivali East, Mumbai",34.9,19.4,26.1,48,15.3,8.4,326,1014.6,0.0
2020-02-23,141.0,87.0,17.0,4.0,1.0,4.0,"Borivali East, Mumbai",35.9,19.6,27.1,42,17.5,9.5,329,1013.2,0.0
2020-02-24,153.0,67.0,10.0,2.0,1.0,3.0,"Borivali East, Mumbai",34.1,19.2,26.5,44,18.5,10.6,328,1011.3,0.0
2020-02-25,78.0,70.0,12.0,2.0,1.0,2.0,"Borivali East, Mumbai",35.5,23.0,27.8,32,21.7,14.4,7,1010.5,0.0
2020-02-26,91.0,65.0,18.0,2.0,1.0,3.0,"Borivali East, Mumbai",36.0,23.0,27.9,30,18.2,13.7,27,1011.0,0.0
2020-02-27,95.0,68.0,20.0,3.0,1.0,3.0,"Borivali East, Mumbai",36.8,21.0,27.0,38,15.6,10.6,41,1011.1,0.0
2020-02-28,109.0,67.0,13.0,2.0,1.0,3.0,"Borivali East, Mumbai",34.7,19.5,25.8,46,17.5,8.8,326,1009.7,0.0
2020-02-29,100.0,72.0,11.0,1.0,1.0,3.0,"Borivali East, Mumbai",33.3,20.1,25.7,50,18.9,8.7,313,1009.6,0.0
2020-03-01,110.0,63.0,8.0,2.0,1.0,3.0,"Borivali East, Mumbai",32.1,20.1,25.3,61,17.9,9.8,318,1010.7,0.0
2020-03-02,91.0,73.0,3.0,1.0,1.0,2.0,"Borivali East, Mumbai",30.9,19.2,24.5,73,14.8,7.4,286,1011.7,0.0
2020-03-03,90.0,66.0,8.0,1.0,1.0,2.0,"Borivali East, Mumbai",29.9,19.7,24.3,78,15.1,7.7,284,1012.2,0.0
2020-03-04,77.0,59.0,7.0,1.0,1.0,2.0,"Borivali East, Mumbai",29.1,19.9,24.0,75,17.5,8.3,300,1011.9,0.0
2020-03-05,66.0,61.0,6.0,1.0,1.0,1.0,"Borivali East, Mumbai",29.7,20.5,24.3,72,18.6,8.6,272,1010.6,0.0
2020-03-06,51.0,76.0,9.0,1.0,1.0,2.0,"Borivali East, Mumbai",28.8,20.4,24.3,71,19.1,8.6,254,1010.7,0.6
2020-03-07,61.0,70.0,10.0,1.0,1.0,2.0,"Borivali East, Mumbai",28.9,19.7,23.9,63,16.3,9.1,314,1012.6,0.0
2020-03-08,68.0,69.0,10.0,1.0,1.0,2.0,"Borivali East, Mumbai",30.3,17.8,23.1,64,16.4,8.5,317,1012.4,0.0
2020-03-09,87.0,94.0,7.0,1.0,1.0,2.0,"Borivali East, Mumbai",30.1,17.8,23.6,70,16.6,8.8,310,1011.3,0.0
2020-03-10,91.0,42.0,8.0,1.0,1.0,1.0,"Borivali East, Mumbai",28.5,19.6,24.2,74,15.1,7.8,292,1011.2,0.0
2020-03-11,46.0,218.0,6.0,1.0,1.0,1.0,"Borivali East, Mumbai",28.9,21.4,24.2,66,19.1,9.6,302,1012.0,0.0
2020-03-12,45.0,59.0,11.0,1.0,1.0,2.0,"Borivali East, Mumbai",28.2,19.1,23.2,68,16.9,10.2,320,1013.7,0.0
2020-03-13,65.0,71.0,12.0,1.0,1.0,2.0,"Borivali East, Mumbai",30.1,16.5,22.8,58,22.4,11.7,341,1014.0,0.0
2020-03-14,85.0,83.0,13.0,2.0,1.0,3.0,"Borivali East, Mumbai",33.8,18.1,25.0,44,20.9,12.8,354,1011.9,0.0
2020-03-15,90.0,89.0,17.0,2.0,2.0,4.0,"Borivali East, Mumbai",36.2,19.5,27.5,30,14.4,9.8,5,1010.0,0.0
2020-03-16,99.0,74.0,17.0,2.0,1.0,4.0,"Borivali East, Mumbai",37.8,22.2,28.2,37,18.9,10.9,11,1010.6,0.0
2020-03-17,291.0,66.0,12.0,3.0,1.0,4.0,"Borivali East, Mumbai",37.3,21.0,28.2,42,17.9,8.6,321,1011.6,0.0
2020-03-18,92.0,49.0,8.0,1.0,1.0,2.0,"Borivali East, Mumbai",36.6,23.3,28.4,48,15.6,8.5,307,1011.9,0.0
2020-03-19,60.0,44.0,4.0,1.0,1.0,2.0,"Borivali East, Mumbai",33.2,20.4,26.2,60,16.9,9.4,314,1011.8,0.0
2020-03-20,28.0,47.0,6.0,1.0,1.0,2.0,"Borivali East, Mumbai",31.1,20.5,25.4,72,14.2,7.5,280,1011.9,0.0
2020-03-21,275.0,44.0,7.0,1.0,1.0,2.0,"Borivali East, Mumbai",31.2,20.2,24.9,76,17.1,8.6,308,1011.9,0.0
2020-03-22,58.0,48.0,8.0,10.0,1.0,2.0,"Borivali East, Mumbai",32.5,21.0,26.3,73,19.2,9.9,324,1011.4,0.0
2020-03-23,81.0,61.0,9.0,10.0,1.0,3.0,"Borivali East, Mumbai",36.4,22.0,28.1,64,18.1,9.9,325,1010.1,0.0
2020-03-24,102.0,56.0,7.0,1.0,1.0,3.0,"Borivali East, Mumbai",35.7,22.4,29.4,54,18.7,8.7,316,1008.2,0.0
2020-03-25,92.0,49.0,8.0,1.0,1.0,3.0,"Borivali East, Mumbai",35.2,24.4,28.9,67,14.6,7.3,234,1008.3,0.0
2020-03-26,88.0,51.0,7.0,1.0,1.0,3.0,"Borivali East, Mumbai",34.4,24.4,28.6,74,15.9,7.5,234,1009.4,0.3
2020-03-27,84.0,54.0,9.0,1.0,1.0,3.0,"Borivali East, Mumbai",35.4,24.2,29.1,58,21.1,11.2,334,1011.4,0.3
2020-03-28,88.0,52.0,10.0,1.0,1.0,3.0,"Borivali East, Mumbai",36.6,25.2,29.7,46,22.2,12.8,332,1010.9,0.0
2020-03-29,81.0,48.0,9.0,10.0,1.0,3.0,"Borivali East, Mumbai",37.2,23.5,29.6,48,19.8,11.1,330,1009.3,0.0
2020-03-30,81.0,41.0,7.0,10.0,1.0,2.0,"Borivali East, Mumbai",37.0,23.5,29.1,52,16.3,8.9,303,1009.8,0.0
2020-03-31,68.0,43.0,8.0,10.0,1.0,2.0,"Borivali East, Mumbai",34.7,22.9,28.1,59,19.0,9.7,312,1010.9,0.0
2020-04-01,64.0,56.0,9.0,12.0,1.0,3.0,"Borivali East, Mumbai",35.2,21.5,28.1,60,18.6,10.7,321,1010.5,0.0
2020-04-02,84.0,61.0,7.0,12.0,1.0,2.0,"Borivali East, Mumbai",38.0,22.8,29.2,55,20.1,10.8,322,1008.7,0.0
2020-04-03,79.0,56.0,6.0,12.0,1.0,3.0,"Borivali East, Mumbai",35.3,23.5,28.8,63,19.0,9.4,313,1009.2,0.0
2020-04-04,74.0,49.0,7.0,12.0,1.0,2.0,"Borivali East, Mumbai",35.2,23.0,28.3,64,18.4,9.4,308,1009.7,0.0
2020-04-05,73.0,39.0,6.0,12.0,1.0,2.0,"Borivali East, Mumbai",35.2,21.6,27.7,70,16.9,8.1,280,1010.6,0.0
2020-04-06,64.0,64.0,4.0,12.0,1.0,2.0,"Borivali East, Mumbai",33.0,22.5,27.5,78,15.6,9.0,230,1011.5,0.0
2020-04-07,68.0,63.0,4.0,12.0,1.0,2.0,"Borivali East, Mumbai",33.2,23.1,27.3,74,16.4,7.7,275,1010.7,0.0
2020-04-08,73.0,61.0,3.0,12.0,1.0,2.0,"Borivali East, Mumbai",33.5,21.8,27.1,72,16.1,9.2,273,1011.7,0.0
2020-04-09,68.0,60.525,2.9916666666666667,12.0,1.0916666666666666,2.0083333333333333,"Borivali East, Mumbai",33.5,21.1,26.8,73,20.3,9.4,315,1011.1,0.0
2020-08-04,20.224999999999994,4.949999999999996,2.0166666666666666,10.0,11.816666666666666,2.9833333333333334,"Borivali East, Mumbai",26.8,25.7,26.2,92,45.1,26.4,228,996.5,227.1
2020-08-06,19.40833333333333,4.0,2.0,10.0,12.0,3.0,"Borivali East, Mumbai",28.1,25.9,26.6,91,39.8,24.4,236,995.3,79.3
2020-08-07,19.0,14.0,2.0,10.0,5.0,3.0,"Borivali East, Mumbai",27.9,25.5,26.5,91,26.3,20.8,222,1001.5,13.4
2020-08-08,61.0,53.0,11.0,10.0,14.0,3.0,"Borivali East, Mumbai",29.1,25.2,26.7,88,24.5,19.0,231,1004.7,10.7
2020-08-09,19.0,10.0,2.0,10.0,5.0,1.0,"Borivali East, Mumbai",28.0,25.4,26.6,88,19.3,14.2,239,1004.2,6.2
2020-08-10,23.0,13.0,2.0,10.0,5.0,1.0,"Borivali East, Mumbai",27.6,24.9,25.7,94,16.1,11.9,227,1004.1,14.8
2020-08-11,58.0,5.0,1.0,10.0,5.0,1.0,"Borivali East, Mumbai",26.2,25.0,25.6,94,17.6,13.4,230,1005.6,27.8
2020-08-12,8.0,10.5,2.0,10.0,5.0,1.0,"Borivali East, Mumbai",27.0,25.0,25.7,93,20.9,16.9,238,1006.7,33.7
2020-08-13,11.0,16.0,2.0,10.0,5.0,1.0,"Borivali East, Mumbai",27.4,25.0,25.8,93,21.8,17.1,241,1004.7,26.4
2020-08-14,101.0,19.0,2.0,10.0,5.0,1.0,"Borivali East, Mumbai",26.0,24.9,25.1,94,22.1,18.9,229,1002.8,51.5
2020-08-15,24.0,26.0,2.0,10.0,5.0,1.0,"Borivali East, Mumbai",26.2,24.9,25.4,94,20.6,17.1,231,1002.6,45.1
2020-08-16,22.0,29.0,2.0,10.0,5.0,1.0,"Borivali East, Mumbai",26.9,25.1,25.7,94,20.0,15.8,244,1003.5,35.0
2020-08-17,15.0,19.0,1.0,10.0,5.0,1.0,"Borivali East, Mumbai",26.6,24.8,25.3,94,18.4,15.1,239,1003.3,30.1
2020-08-18,19.0,31.5,1.0,10.0,5.0,1.0,"Borivali East, Mumbai",27.2,24.8,25.5,93,19.2,14.8,230,1004.7,17.0
2020-08-19,10.0,55.75,1.0,10.0,5.0,1.0,"Borivali East, Mumbai",28.0,24.8,25.9,92,22.0,15.4,240,1004.2,14.6
2020-08-20,153.0,80.0,2.0,10.0,5.0,1.0,"Borivali East, Mumbai",26.8,24.9,25.5,94,17.6,13.8,239,1003.3,36.3
2020-08-21,50.0,25.0,2.0,10.0,5.0,1.0,"Borivali East, Mumbai",26.6,24.7,25.5,94,19.7,15.3,231,1004.3,40.3
2020-08-22,46.0,27.0,2.0,10.0,5.0,1.0,"Borivali East, Mumbai",27.5,25.1,26.0,92,20.7,16.0,230,1005.2,20.6
2020-08-23,41.0,29.0,2.0,10.0,5.0,1.0,"Borivali East, Mumbai",27.9,24.8,26.1,91,22.3,17.8,227,1005.7,8.7
2020-08-24,49.0,34.0,2.0,10.0,5.0,1.0,"Borivali East, Mumbai",29.0,25.0,26.5,89,23.5,17.8,228,1006.3,7.4
2020-08-25,44.0,31.0,2.0,10.0,5.0,1.0,"Borivali East, Mumbai",28.9,25.0,26.5,89,22.0,14.3,225,1008.6,4.4
2020-08-26,40.0,27.0,2.0,10.0,5.0,1.0,"Borivali East, Mumbai",29.4,24.8,26.5,87,18.6,11.6,217,1008.9,4.3
2020-08-27,34.0,31.0,1.0,10.0,5.0,1.0,"Borivali East, Mumbai",27.5,24.5,25.6,93,14.8,9.7,219,1007.9,10.1
2020-08-28,18.0,23.0,2.0,10.0,5.0,1.0,"Borivali East, Mumbai",26.4,24.6,25.3,95,17.9,11.3,220,1006.1,30.4
2020-08-29,39.0,24.0,2.0,10.0,5.0,1.0,"Borivali East, Mumbai",25.6,24.4,25.0,95,14.8,12.4,224,1005.5,37.4
2020-08-30,35.0,25.0,1.0,10.0,5.0,1.0,"Borivali East, Mumbai",26.8,24.6,25.2,94,21.4,14.7,215,1005.6,20.4
2020-08-31,36.0,26.0,1.0,10.0,5.0,1.0,"Borivali East, Mumbai",28.0,24.4,25.8,92,19.5,13.7,219,1007.6,10.7
2020-09-01,45.0,26.0,1.0,14.0,5.0,1.0,"Borivali East, Mumbai",28.5,24.2,26.0,91,11.5,7.8,233,1009.2,2.4
2020-09-02,55.0,35.0,2.0,14.0,5.0,1.0,"Borivali East, Mumbai",29.5,24.4,26.6,88,15.7,5.9,315,1008.5,2.3
2020-09-03,54.0,40.0,2.0,14.0,5.0,1.0,"Borivali East, Mumbai",30.2,24.9,27.2,88,11.5,6.0,329,1007.5,1.7
2020-09-04,54.0,43.0,2.0,14.0,5.0,2.0,"Borivali East, Mumbai",31.9,24.9,27.9,87,10.8,4.6,337,1006.7,8.1
2020-09-05,76.0,49.0,2.0,14.0,5.0,2.0,"Borivali East, Mumbai",31.5,24.8,27.9,87,10.5,5.1,293,1006.1,1.9
2020-09-06,53.0,53.0,2.0,14.0,5.0,3.0,"Borivali East, Mumbai",29.8,26.4,27.9,91,8.7,4.9,304,1005.3,20.9
2020-09-07,22.0,30.0,2.0,14.0,5.0,1.0,"Borivali East, Mumbai",29.0,25.7,27.3,88,14.8,6.2,218,1006.8,2.4
2020-09-08,34.0,33.0,2.0,14.0,5.0,1.0,"Borivali East, Mumbai",30.0,24.3,26.9,90,13.4,6.2,302,1007.3,11.8
2020-09-09,223.0,40.0,2.0,14.0,5.0,2.0,"Borivali East, Mumbai",30.4,25.6,27.7,89,10.7,5.5,321,1005.7,10.5
2020-09-10,62.0,36.0,15.0,14.0,13.0,3.0,"Borivali East, Mumbai",29.6,25.5,27.3,90,10.1,5.2,243,1004.0,4.5
2020-09-11,63.0,64.0,1.0,1.0,2.0,2.0,"Borivali East, Mumbai",29.9,25.7,26.9,91,14.1,5.3,292,1003.3,33.3
2020-09-12,85.0,59.0,1.0,1.0,3.0,2.0,"Borivali East, Mumbai",29.5,24.6,26.5,88,29.6,14.4,177,1004.2,9.9
2020-09-13,62.0,31.0,1.0,1.0,3.0,1.0,"Borivali East, Mumbai",28.0,25.0,26.5,86,19.5,13.4,219,1006.9,7.4
2020-09-14,68.0,36.0,1.0,1.0,3.0,1.0,"Borivali East, Mumbai",28.6,25.0,26.2,90,11.3,7.6,218,1006.7,10.4
2020-09-15,66.0,34.0,1.0,14.0,3.0,1.0,"Borivali East, Mumbai",28.5,24.4,26.1,91,10.7,6.4,197,1006.5,10.3
2020-09-16,131.0,31.0,1.0,14.0,3.0,1.0,"Borivali East, Mumbai",28.5,24.5,26.1,92,12.1,4.8,232,1006.7,15.7
2020-09-17,96.0,32.0,1.0,14.0,3.0,1.0,"Borivali East, Mumbai",28.2,24.8,26.1,92,12.1,5.5,245,1007.0,14.0
2020-09-18,139.0,38.0,1.0,14.0,3.0,1.0,"Borivali East, Mumbai",27.5,24.8,26.1,88,9.0,5.2,240,1006.3,9.4
2020-09-19,138.0,36.0,1.0,14.0,3.0,1.0,"Borivali East, Mumbai",29.1,24.1,26.6,89,12.7,5.2,308,1004.0,6.3
2020-09-20,137.0,33.0,1.0,14.0,3.0,2.0,"Borivali East, Mumbai",29.2,25.1,26.7,91,15.5,5.3,321,1002.1,5.4
2020-09-21,167.0,37.0,1.0,14.0,3.0,2.0,"Borivali East, Mumbai",30.8,24.9,26.9,92,11.6,4.5,274,1000.7,20.9
2020-09-22,130.0,42.0,1.0,14.0,3.0,3.0,"Borivali East, Mumbai",29.9,24.9,26.5,93,11.8,5.2,214,1001.1,22.3
2020-09-23,192.0,23.0,1.0,14.0,3.0,2.0,"Borivali East, Mumbai",26.3,24.9,25.6,95,17.9,9.3,223,1003.2,103.0
2020-09-24,140.0,32.0,1.0,14.0,3.0,2.0,"Borivali East, Mumbai",29.2,24.8,26.5,92,12.5,7.9,208,1007.1,7.7
2020-09-25,161.0,39.0,1.0,14.0,3.0,2.0,"Borivali East, Mumbai",27.7,25.0,26.2,90,14.4,6.7,247,1007.7,6.9
2020-09-26,174.0,43.0,1.0,14.0,3.0,1.0,"Borivali East, Mumbai",29.2,24.1,26.5,82,14.8,7.8,264,1007.6,1.2
2020-09-27,136.0,38.0,1.0,14.0,3.0,1.0,"Borivali East, Mumbai",28.1,24.0,25.9,88,10.9,6.0,238,1008.8,1.4
2020-09-28,138.0,41.0,1.0,14.0,3.0,1.0,"Borivali East, Mumbai",28.5,24.4,26.1,88,9.7,4.2,252,1009.4,3.0
2020-09-29,210.0,44.0,1.0,14.0,3.0,2.0,"Borivali East, Mumbai",29.1,23.8,26.2,88,12.3,4.8,314,1008.7,0.2
2020-09-30,206.0,49.0,1.0,14.0,3.0,2.0,"Borivali East, Mumbai",29.3,24.0,26.3,86,13.4,6.0,309,1007.8,0.2
2020-10-01,184.0,46.0,1.0,16.0,3.0,2.0,"Borivali East, Mumbai",29.1,24.1,26.6,84,13.9,6.2,312,1008.4,1.5
2020-10-02,198.0,50.0,1.0,16.0,3.0,2.0,"Borivali East, Mumbai",30.2,24.5,26.8,86,11.5,5.0,329,1008.3,0.8
2020-10-03,234.0,55.0,1.0,16.0,3.0,2.0,"Borivali East, Mumbai",29.9,24.5,26.9,90,12.0,5.0,299,1008.4,2.9
2020-10-04,218.0,40.0,1.0,16.0,3.0,2.0,"Borivali East, Mumbai",28.2,24.2,26.2,90,11.5,4.6,231,1009.8,6.2
2020-10-05,176.0,47.0,1.0,16.0,4.0,1.0,"Borivali East, Mumbai",28.7,25.0,26.6,88,13.4,5.9,292,1009.5,0.4
2020-10-06,78.0,49.0,1.0,16.0,4.0,2.0,"Borivali East, Mumbai",31.0,24.0,26.8,87,14.9,6.5,344,1008.6,0.3
2020-10-07,124.0,56.0,1.0,16.0,4.0,3.0,"Borivali East, Mumbai",31.2,24.6,27.5,87,13.0,5.8,328,1009.1,1.0
2020-10-08,115.0,58.0,1.0,16.0,4.0,2.0,"Borivali East, Mumbai",32.0,25.5,28.1,84,13.4,6.6,331,1008.3,0.6
2020-10-09,100.5,67.0,1.0,16.0,4.0,4.0,"Borivali East, Mumbai",33.4,25.6,29.0,75,11.7,6.9,12,1007.4,0.6
2020-10-10,147.0,54.0,1.0,16.0,4.0,3.0,"Borivali East, Mumbai",31.5,26.1,28.1,84,9.7,5.8,158,1007.2,6.7
2020-10-11,125.0,53.0,1.0,16.0,4.0,3.0,"Borivali East, Mumbai",30.2,25.8,27.3,89,6.5,4.6,139,1005.9,3.4
2020-10-12,119.0,60.0,1.0,16.0,4.0,3.0,"Borivali East, Mumbai",30.6,25.2,27.5,87,10.9,4.6,320,1003.8,2.1
2020-10-13,123.0,58.0,1.0,1.0,4.0,4.0,"Borivali East, Mumbai",32.2,25.3,27.8,88,10.5,3.9,223,1003.1,9.9
2020-10-14,123.0,31.0,1.0,1.0,4.0,4.0,"Borivali East, Mumbai",30.1,25.5,27.4,89,7.6,3.6,171,1003.4,6.9
2020-10-15,74.0,23.0,1.0,1.0,4.0,3.0,"Borivali East, Mumbai",31.5,25.4,27.9,85,14.2,8.2,2,1001.1,21.8
2020-10-16,53.0,52.0,1.0,1.0,4.0,2.0,"Borivali East, Mumbai",31.0,25.3,27.6,78,19.0,12.2,132,1001.5,1.4
2020-10-17,77.0,52.0,1.0,1.0,4.0,2.0,"Borivali East, Mumbai",30.3,25.4,27.3,78,17.3,12.7,169,1005.2,2.6
2020-10-18,76.0,43.0,1.0,16.0,4.0,2.0,"Borivali East, Mumbai",29.9,25.0,26.9,86,11.9,6.8,181,1007.7,0.5
2020-10-19,112.33333333333334,76.0,1.0,16.0,4.0,2.0,"Borivali East, Mumbai",29.8,24.9,26.7,89,12.3,4.7,287,1008.1,3.9
2020-10-20,148.66666666666669,106.0,1.0,16.0,4.0,2.0,"Borivali East, Mumbai",31.0,24.5,27.1,89,12.9,5.4,356,1007.4,6.5
2020-10-21,185.0,42.0,1.0,16.0,4.0,3.0,"Borivali East, Mumbai",30.9,24.6,27.0,89,11.5,4.6,0,1007.8,16.8
2020-10-22,81.0,42.0,1.0,16.0,4.0,3.0,"Borivali East, Mumbai",30.4,24.2,26.5,91,12.7,5.5,353,1006.9,19.8
2020-10-23,108.0,51.0,1.0,16.0,4.0,2.0,"Borivali East, Mumbai",30.9,23.8,26.9,88,10.0,4.2,331,1006.9,2.0
2020-10-24,134.0,50.0,1.0,16.0,4.0,3.0,"Borivali East, Mumbai",29.2,25.0,27.0,91,9.0,5.0,196,1008.4,0.4
2020-10-25,134.0,48.0,1.0,16.0,4.0,3.0,"Borivali East, Mumbai",30.1,24.4,26.8,90,10.3,5.3,322,1010.2,1.6
2020-10-26,130.0,40.0,1.0,16.0,4.0,2.0,"Borivali East, Mumbai",31.9,24.3,27.4,80,12.1,6.2,26,1011.3,0.0
2020-10-27,85.0,48.0,1.0,16.0,4.0,2.0,"Borivali East, Mumbai",32.7,24.0,27.4,68,10.8,6.7,8,1010.3,0.0
2020-10-28,85.0,53.0,1.0,16.0,4.0,2.0,"Borivali East, Mumbai",32.8,22.5,27.1,74,10.0,5.6,1,1010.8,0.0
2020-10-29,113.0,51.0,1.0,16.0,4.0,2.0,"Borivali East, Mumbai",31.7,22.1,26.6,77,9.9,5.8,16,1011.4,0.0
2020-10-30,126.0,42.0,6.0,16.0,4.0,3.0,"Borivali East, Mumbai",32.3,22.1,26.4,74,10.9,6.2,359,1011.1,0.0
2020-10-31,103.0,39.0,1.0,16.0,4.0,3.0,"Borivali East, Mumbai",32.5,20.5,26.1,67,11.4,6.2,358,1011.1,0.0
2020-11-01,104.0,64.0,1.0,16.0,4.0,3.0,"Borivali East, Mumbai",32.0,22.0,26.5,71,11.3,5.8,339,1011.8,0.0
2020-11-02,146.0,69.0,1.0,16.0,4.0,4.0,"Borivali East, Mumbai",32.8,23.0,27.3,72,9.4,5.6,26,1012.6,0.1
2020-11-03,164.0,67.0,1.0,16.0,4.0,3.0,"Borivali East, Mumbai",33.8,23.2,27.9,62,10.4,7.3,36,1012.3,0.0
2020-11-04,164.0,64.0,1.0,16.0,4.0,3.0,"Borivali East, Mumbai",33.3,22.4,27.3,62,12.6,7.3,22,1011.9,0.0
2020-11-05,161.0,59.0,1.0,16.0,4.0,2.0,"Borivali East, Mumbai",33.4,21.3,27.0,55,11.7,7.6,44,1012.3,0.0
2020-11-06,148.0,65.0,1.0,16.0,4.0,2.0,"Borivali East, Mumbai",32.8,21.5,26.3,54,13.1,10.0,44,1013.8,0.0
2020-11-07,154.0,62.0,1.0,16.0,4.0,3.0,"Borivali East, Mumbai",33.2,20.5,26.2,52,12.9,9.6,47,1014.3,0.0
2020-11-08,155.0,58.0,1.0,16.0,4.0,2.0,"Borivali East, Mumbai",33.7,22.6,27.6,52,12.6,9.6,54,1014.1,0.0
2020-11-09,153.0,63.0,1.0,16.0,3.0,2.0,"Borivali East, Mumbai",33.0,21.8,26.6,53,12.2,8.3,22,1013.6,0.0
2020-11-10,157.0,106.0,2.0,16.0,4.0,3.0,"Borivali East, Mumbai",32.4,19.7,25.3,52,12.8,9.3,51,1011.5,0.0
2020-11-11,192.0,137.0,1.0,16.0,3.0,4.0,"Borivali East, Mumbai",32.5,19.5,25.0,50,13.0,9.9,58,1012.0,0.0
2020-11-12,194.0,80.0,1.0,16.0,3.0,3.0,"Borivali East, Mumbai",32.4,19.9,25.1,46,13.4,10.2,44,1013.1,0.0
2020-11-13,162.0,69.0,1.0,16.0,4.0,3.0,"Borivali East, Mumbai",33.5,20.4,26.3,58,14.3,9.8,32,1012.0,0.0
2020-11-14,137.0,74.0,1.0,16.0,4.0,3.0,"Borivali East, Mumbai",34.2,22.5,27.8,63,12.6,8.5,44,1010.5,0.0
2020-11-15,156.0,85.0,1.0,16.0,4.0,4.0,"Borivali East, Mumbai",33.6,24.1,28.2,65,12.3,7.5,344,1010.6,0.0
2020-11-16,172.0,85.0,1.0,16.0,4.0,3.0,"Borivali East, Mumbai",34.6,23.6,28.6,59,13.7,8.7,7,1011.0,0.0
2020-11-17,170.0,94.0,1.0,16.0,4.0,4.0,"Borivali East, Mumbai",34.9,24.8,28.8,58,15.7,8.9,5,1010.0,0.0
2020-11-18,187.0,95.0,1.0,1.0,4.0,5.0,"Borivali East, Mumbai",32.0,24.0,27.8,66,10.6,7.2,326,1009.9,0.5
2020-11-19,188.0,92.0,1.0,1.0,4.0,4.0,"Borivali East, Mumbai",32.8,25.0,28.1,60,14.8,8.3,356,1010.2,0.1
2020-11-20,182.0,84.0,1.0,1.0,3.0,4.0,"Borivali East, Mumbai",32.6,23.8,27.5,56,13.6,8.4,352,1011.5,0.0
2020-11-21,182.0,63.0,1.0,1.0,3.0,4.0,"Borivali East, Mumbai",33.0,22.0,26.9,56,14.0,8.2,341,1011.9,0.0
2020-11-22,159.0,34.0,1.0,16.0,4.0,4.0,"Borivali East, Mumbai",32.6,20.3,25.6,70,14.7,7.6,338,1012.7,0.0
2020-11-23,96.0,94.0,2.0,16.0,4.0,4.0,"Borivali East, Mumbai",32.8,20.1,25.7,67,15.0,7.7,329,1013.1,0.0
2020-11-24,182.0,70.0,2.0,16.0,4.0,5.0,"Borivali East, Mumbai",32.7,20.6,25.8,62,14.7,6.2,331,1011.9,0.0
2020-11-25,165.0,77.0,2.0,16.0,4.0,5.0,"Borivali East, Mumbai",32.5,22.0,26.3,64,14.7,6.4,342,1011.1,0.0
2020-11-26,175.0,66.0,8.0,16.0,3.0,4.0,"Borivali East, Mumbai",32.4,20.3,26.2,59,18.9,9.6,351,1011.5,0.0
2020-11-27,150.0,74.0,8.0,16.0,3.0,3.0,"Borivali East, Mumbai",33.0,23.1,27.4,40,20.7,14.7,51,1013.0,0.0
2020-11-28,167.0,64.5,8.0,16.0,3.0,3.0,"Borivali East, Mumbai",32.8,22.8,27.2,48,16.8,12.3,57,1013.3,0.0
2020-11-29,114.0,55.0,8.0,1.0,3.0,3.0,"Borivali East, Mumbai",32.7,23.8,27.3,63,12.2,7.8,41,1013.2,0.0
2020-11-30,129.0,53.0,8.0,1.0,4.0,3.0,"Borivali East, Mumbai",33.1,22.4,27.2,63,14.1,7.5,354,1013.3,0.0
2020-12-01,138.0,65.0,25.0,1.0,5.0,4.0,"Borivali East, Mumbai",34.0,23.8,28.2,60,13.8,8.2,7,1013.2,0.0
2020-12-02,162.0,63.0,8.0,1.5,1.0,4.0,"Borivali East, Mumbai",33.7,22.9,27.4,60,15.6,9.3,15,1012.1,0.0
2020-12-03,157.0,104.0,8.0,2.0,1.0,4.0,"Borivali East, Mumbai",33.0,21.8,26.2,59,13.6,9.1,32,1011.6,0.0
2020-12-04,198.0,62.0,8.0,1.0,1.0,4.0,"Borivali East, Mumbai",33.0,19.5,25.3,60,11.9,7.5,46,1010.7,0.0
2020-12-05,153.0,51.0,7.0,1.0,1.0,3.0,"Borivali East, Mumbai",33.4,18.5,25.1,59,10.2,7.2,40,1011.2,0.0
2020-12-06,132.0,52.0,7.0,1.0,1.0,3.0,"Borivali East, Mumbai",33.1,19.3,25.3,47,12.6,9.4,53,1012.4,0.0
2020-12-07,136.0,53.0,7.0,1.0,1.0,3.0,"Borivali East, Mumbai",33.2,19.6,25.5,47,13.5,10.3,57,1013.7,0.0
2020-12-08,141.0,58.0,7.0,1.0,1.0,4.0,"Borivali East, Mumbai",33.7,20.6,26.0,47,12.4,10.1,45,1013.5,0.0
2020-12-09,144.0,65.0,7.0,1.0,1.0,5.0,"Borivali East, Mumbai",33.3,21.0,26.3,55,11.6,8.1,33,1012.2,0.0
2020-12-10,150.0,65.0,6.0,1.0,1.0,5.0,"Borivali East, Mumbai",32.3,23.3,27.4,62,12.0,6.0,329,1011.6,0.0
2020-12-11,164.0,70.0,6.0,1.0,1.0,5.0,"Borivali East, Mumbai",27.8,23.6,25.5,70,10.6,7.0,342,1012.6,0.9
2020-12-12,165.0,62.0,6.0,1.0,1.0,4.0,"Borivali East, Mumbai",31.0,22.2,25.4,75,13.3,6.9,4,1011.8,0.8
2020-12-13,163.0,41.0,6.0,1.0,1.0,4.0,"Borivali East, Mumbai",29.2,22.8,24.8,74,12.5,7.4,0,1010.9,0.0
2020-12-14,123.0,63.0,7.0,1.0,1.0,5.0,"Borivali East, Mumbai",28.0,22.0,23.8,85,8.7,5.4,356,1011.4,12.5
2020-12-15,160.0,80.0,6.0,1.0,1.0,5.0,"Borivali East, Mumbai",30.2,20.8,24.7,79,16.9,9.7,344,1012.6,0.1
2020-12-16,178.0,76.0,7.0,1.0,1.0,5.0,"Borivali East, Mumbai",30.7,20.9,24.9,76,15.0,9.1,349,1013.8,0.0
2020-12-17,172.0,71.0,7.0,1.0,1.0,4.0,"Borivali East, Mumbai",31.4,21.2,25.3,73,13.8,9.4,1,1013.9,0.0
2020-12-18,167.0,65.0,7.0,9.0,1.0,4.0,"Borivali East, Mumbai",31.7,20.6,25.1,70,11.8,8.5,14,1013.6,0.0
2020-12-19,160.0,66.0,9.0,9.0,1.0,3.0,"Borivali East, Mumbai",32.0,20.5,25.1,62,12.3,9.2,41,1014.1,0.0
2020-12-20,161.0,59.0,7.0,9.0,1.0,3.0,"Borivali East, Mumbai",31.0,20.6,24.7,55,15.1,11.2,42,1014.7,0.0
2020-12-21,145.0,52.0,7.0,9.0,1.0,3.0,"Borivali East, Mumbai",31.0,18.4,23.8,49,15.3,9.9,49,1013.6,0.0
2020-12-22,131.0,56.0,7.0,1.0,1.0,3.0,"Borivali East, Mumbai",31.4,16.6,22.8,51,11.5,8.8,46,1012.4,0.0
2020-12-23,143.0,64.0,8.0,1.0,1.0,4.0,"Borivali East, Mumbai",30.6,15.5,22.5,58,11.0,6.6,13,1011.2,0.0
2020-12-24,155.0,77.0,7.0,1.0,1.0,5.0,"Borivali East, Mumbai",32.1,16.5,23.3,58,13.4,7.7,14,1010.1,0.0
2020-12-25,166.0,75.0,6.0,1.0,1.0,5.0,"Borivali East, Mumbai",33.2,18.0,24.8,57,11.5,8.0,47,1010.6,0.0
2020-12-26,167.0,91.0,3.0,1.0,1.0,5.0,"Borivali East, Mumbai",33.0,19.8,25.2,61,13.7,7.5,16,1012.0,0.0
2020-12-27,182.0,82.0,3.0,1.0,1.0,4.0,"Borivali East, Mumbai",31.7,19.8,24.9,63,17.1,9.4,336,1012.1,0.0
2020-12-28,154.0,83.0,4.0,1.0,1.0,5.0,"Borivali East, Mumbai",29.5,18.5,23.0,45,17.1,11.8,342,1012.2,0.0
2020-12-29,160.0,100.0,3.0,2.0,1.0,6.0,"Borivali East, Mumbai",29.3,15.2,21.8,57,14.4,8.1,330,1011.4,0.0
2020-12-30,179.0,90.0,4.0,1.0,1.0,6.0,"Borivali East, Mumbai",30.5,16.9,22.9,63,14.3,8.3,340,1011.5,0.0
2020-12-31,182.0,95.0,3.0,1.0,1.0,6.0,"Borivali East, Mumbai",33.0,18.5,24.5,64,13.4,9.3,24,1011.1,0.0
2021-01-01,194.0,110.0,3.0,1.0,1.0,8.0,"Borivali East, Mumbai",32.8,20.3,25.3,69,14.8,7.6,326,1011.4,0.0
2021-01-02,216.0,111.0,3.0,1.0,1.0,7.0,"Borivali East, Mumbai",30.2,21.6,24.9,74,12.6,6.8,312,1012.1,0.0
2021-01-03,203.0,111.0,4.0,1.0,1.0,7.0,"Borivali East, Mumbai",30.0,20.6,24.3,67,13.6,7.2,328,1010.7,0.0
2021-01-04,203.0,114.0,4.0,1.0,1.0,7.0,"Borivali East, Mumbai",29.2,20.5,23.9,64,12.5,7.1,317,1010.6,0.0
2021-01-05,219.0,129.0,3.0,1.0,1.0,8.0,"Borivali East, Mumbai",29.6,20.0,23.9,67,17.4,8.2,337,1011.8,0.5
2021-01-06,242.0,147.0,4.0,2.0,2.0,9.0,"Borivali East, Mumbai",30.4,21.0,24.8,58,15.8,10.3,339,1011.3,0.1
2021-01-07,224.0,107.0,3.0,2.0,2.0,8.0,"Borivali East, Mumbai",31.1,21.1,25.7,69,11.2,5.4,345,1009.3,0.8
2021-01-08,226.0,106.0,3.0,2.0,2.0,8.0,"Borivali East, Mumbai",29.4,22.5,25.3,83,8.7,5.3,341,1008.8,4.4
2021-01-09,211.0,88.0,6.0,1.0,1.0,6.0,"Borivali East, Mumbai",31.2,22.5,26.2,76,13.2,8.2,355,1009.4,0.2
2021-01-10,187.0,73.0,4.0,1.0,1.0,5.0,"Borivali East, Mumbai",32.5,23.4,27.3,72,11.4,7.4,28,1010.1,0.1
2021-01-11,167.0,114.0,3.0,1.0,1.0,5.0,"Borivali East, Mumbai",33.5,23.5,27.5,67,12.6,7.7,354,1011.1,0.0
2021-01-12,193.0,75.0,2.0,1.0,1.0,6.0,"Borivali East, Mumbai",34.7,23.5,28.0,63,15.1,10.0,2,1011.7,0.0
2021-01-13,185.0,69.0,3.0,1.3333333333333333,1.0,5.0,"Borivali East, Mumbai",34.1,22.0,27.5,55,16.3,10.8,1,1011.4,0.0
2021-01-14,150.0,62.0,3.0,1.6666666666666663,1.0,4.0,"Borivali East, Mumbai",32.2,21.0,25.0,65,16.5,8.8,346,1010.9,0.0
2021-01-15,139.0,67.0,4.0,2.0,1.0,4.0,"Borivali East, Mumbai",29.6,18.9,23.4,69,15.8,8.3,318,1010.4,0.0
2021-01-16,139.0,63.0,3.0,1.5,1.0,3.0,"Borivali East, Mumbai",30.0,16.7,22.4,68,15.1,7.6,327,1009.4,0.0
2021-01-17,138.0,53.0,3.0,1.0,1.0,4.0,"Borivali East, Mumbai",30.0,17.6,23.4,71,12.7,6.4,316,1009.9,0.0
2021-01-18,106.0,66.0,4.0,1.0,1.0,4.0,"Borivali East, Mumbai",30.8,19.6,24.3,67,15.4,8.4,325,1011.5,0.0
2021-01-19,127.0,69.0,3.0,1.0,1.0,5.0,"Borivali East, Mumbai",31.9,20.1,25.3,55,14.7,8.8,323,1011.6,0.0
2021-01-20,136.0,86.0,3.0,1.0,1.0,5.0,"Borivali East, Mumbai",31.6,19.1,24.6,52,15.2,9.1,334,1012.5,0.0
2021-01-21,167.0,97.0,4.0,2.0,1.0,6.0,"Borivali East, Mumbai",30.5,17.7,22.6,62,14.8,7.8,325,1012.4,0.0
2021-01-22,177.0,94.0,4.0,2.0,1.0,6.0,"Borivali East, Mumbai",32.0,16.7,23.0,72,15.3,7.2,329,1011.7,0.0
2021-01-23,176.0,84.0,3.0,1.0,1.0,4.0,"Borivali East, Mumbai",32.6,18.6,24.1,63,15.6,9.2,328,1011.7,0.0
2021-01-24,141.0,105.0,3.0,1.0,1.0,5.0,"Borivali East, Mumbai",31.0,17.6,23.6,58,16.3,9.2,328,1012.7,0.0
2021-01-25,156.0,111.0,4.0,1.0,1.0,5.0,"Borivali East, Mumbai",30.7,15.4,22.4,60,14.5,8.5,328,1013.3,0.0
2021-01-26,165.0,92.0,4.0,1.0,1.0,6.0,"Borivali East, Mumbai",29.5,16.2,21.6,68,16.7,8.4,324,1012.9,0.0
2021-01-27,165.0,97.0,4.0,1.0,1.0,6.0,"Borivali East, Mumbai",29.0,15.1,21.3,68,13.8,7.1,318,1012.5,0.0
2021-01-28,173.0,89.0,4.0,2.0,1.0,6.0,"Borivali East, Mumbai",29.5,15.1,21.3,68,15.7,8.5,325,1012.8,0.0
2021-01-29,163.0,75.0,3.0,1.0,1.0,5.0,"Borivali East, Mumbai",30.5,15.3,22.6,57,13.7,8.3,332,1013.4,0.0
2021-01-30,151.0,71.0,3.0,1.0,1.0,4.0,"Borivali East, Mumbai",31.8,16.2,23.1,57,16.6,8.9,343,1012.9,0.0
2021-01-31,132.0,81.0,3.0,1.0,1.0,5.0,"Borivali East, Mumbai",32.2,16.7,23.7,57,15.5,8.6,347,1013.1,0.0
2021-02-01,161.0,71.0,3.0,1.0,1.0,4.0,"Borivali East, Mumbai",34.0,20.5,26.2,48,17.3,10.9,18,1014.4,0.0
2021-02-02,143.0,70.0,3.0,1.0,1.0,5.0,"Borivali East, Mumbai",34.0,21.5,26.5,43,15.8,10.3,23,1014.6,0.0
2021-02-03,149.0,76.0,4.0,1.0,1.0,4.0,"Borivali East, Mumbai",32.9,17.9,24.7,50,16.5,8.2,335,1013.9,0.0
2021-02-04,151.0,78.0,4.0,1.0,1.0,5.0,"Borivali East, Mumbai",31.6,18.5,24.3,54,17.1,8.9,336,1013.7,0.0
2021-02-05,153.0,73.0,4.0,1.0,1.0,4.0,"Borivali East, Mumbai",31.1,19.7,24.4,46,18.9,11.4,336,1013.6,0.0
2021-02-06,132.0,76.0,3.0,1.0,1.0,3.0,"Borivali East, Mumbai",32.5,19.4,25.0,41,17.2,11.1,16,1012.7,0.0
2021-02-07,126.0,65.0,4.0,1.0,1.0,4.0,"Borivali East, Mumbai",33.7,20.8,25.9,35,16.5,12.9,35,1013.3,0.0
2021-02-08,123.0,71.0,5.0,1.0,1.0,5.0,"Borivali East, Mumbai",33.7,19.1,25.2,34,17.6,11.9,27,1013.8,0.0
2021-02-09,121.0,218.0,5.0,3.0,2.0,6.0,"Borivali East, Mumbai",33.8,17.9,24.5,42,15.7,10.1,21,1012.8,0.0
2021-02-10,266.0,77.0,4.0,1.0,1.0,5.0,"Borivali East, Mumbai",33.5,16.2,24.0,47,15.4,7.6,335,1011.7,0.0
2021-02-11,147.0,84.0,6.0,2.0,1.0,6.0,"Borivali East, Mumbai",34.3,17.3,24.7,47,15.1,7.7,353,1010.6,0.0
2021-02-12,160.0,76.0,4.0,2.0,1.0,5.0,"Borivali East, Mumbai",32.5,18.7,24.5,55,16.3,8.7,320,1011.3,0.0
2021-02-13,128.0,76.0,4.0,1.0,1.0,4.0,"Borivali East, Mumbai",32.2,18.0,24.1,61,19.8,9.7,322,1012.6,0.0
2021-02-14,136.0,92.0,2.0,1.0,1.0,5.0,"Borivali East, Mumbai",32.4,19.2,24.5,63,18.4,9.3,322,1012.8,0.0
2021-02-15,139.0,54.0,3.0,1.0,5.0,3.0,"Borivali East, Mumbai",30.6,19.9,24.2,67,19.6,11.1,321,1012.1,0.0
2021-02-16,77.0,65.0,2.0,1.0,3.5,3.0,"Borivali East, Mumbai",29.4,19.2,23.3,77,19.8,9.7,323,1011.9,0.0
2021-02-17,106.0,96.0,3.0,1.0,2.0,5.0,"Borivali East, Mumbai",31.3,19.0,24.0,71,20.7,9.1,329,1011.5,0.0
2021-02-18,149.0,55.0,3.0,1.0,2.0,4.0,"Borivali East, Mumbai",33.0,20.4,25.7,59,12.0,6.7,239,1011.8,0.6
2021-02-19,85.0,55.0,5.0,2.0,2.0,3.0,"Borivali East, Mumbai",32.3,21.8,25.7,57,17.4,9.1,55,1013.6,0.2
2021-02-20,89.0,62.0,4.0,1.0,2.0,3.0,"Borivali East, Mumbai",33.2,20.1,26.1,45,16.6,10.3,57,1013.6,0.0
2021-02-21,107.0,62.0,3.0,1.0,3.0,12.0,"Borivali East, Mumbai",34.7,21.0,27.1,42,17.5,10.8,53,1013.3,0.0
2021-02-22,97.0,79.0,7.0,1.0,3.0,5.0,"Borivali East, Mumbai",34.8,22.1,27.2,51,17.9,9.0,357,1013.5,0.0
2021-02-23,133.0,85.0,4.0,2.0,2.0,5.0,"Borivali East, Mumbai",34.3,21.1,27.2,54,16.7,7.6,304,1012.2,0.0
2021-02-24,134.0,71.0,5.0,1.0,2.0,4.0,"Borivali East, Mumbai",35.2,21.2,27.5,51,16.1,7.7,321,1010.9,0.0
2021-02-25,104.0,63.0,4.0,2.0,2.0,4.0,"Borivali East, Mumbai",35.2,23.0,27.9,45,20.7,11.4,328,1011.5,0.0
2021-02-26,58.0,117.0,4.0,2.0,3.0,3.0,"Borivali East, Mumbai",32.4,21.2,26.5,58,17.4,9.8,315,1010.9,0.0
2021-02-27,125.0,77.0,4.0,1.0,2.0,3.0,"Borivali East, Mumbai",34.5,19.0,26.7,62,17.9,10.1,332,1009.8,0.0
2021-02-28,135.0,81.0,4.0,1.0,2.0,4.0,"Borivali East, Mumbai",36.8,20.5,28.3,47,18.7,9.7,334,1009.4,0.0
2021-03-01,137.0,137.0,7.0,3.0,2.0,3.0,"Borivali East, Mumbai",37.5,23.2,29.2,40,19.3,11.2,339,1011.7,0.0
2021-03-02,162.0,227.0,5.0,2.0,2.0,4.0,"Borivali East, Mumbai",37.9,21.6,29.0,34,22.4,10.8,335,1012.5,0.0
2021-03-03,160.0,96.0,4.0,2.0,2.0,6.0,"Borivali East, Mumbai",38.4,21.6,29.3,30,18.0,9.7,340,1010.9,0.0
2021-03-04,161.0,83.0,4.0,2.0,2.0,5.0,"Borivali East, Mumbai",38.3,22.1,30.2,26,18.8,10.4,353,1010.4,0.0
2021-03-05,144.0,84.0,5.0,1.0,2.0,5.0,"Borivali East, Mumbai",39.0,21.5,29.3,33,18.9,10.3,354,1011.4,0.0
2021-03-06,138.0,70.0,3.0,1.0,2.0,3.0,"Borivali East, Mumbai",34.5,20.3,26.4,72,16.9,8.2,275,1012.5,0.0
2021-03-07,97.0,63.0,2.0,1.0,2.0,3.0,"Borivali East, Mumbai",34.9,20.0,26.6,60,18.9,9.0,328,1011.8,0.0
2021-03-08,95.0,81.0,2.0,1.0,1.6666666666666667,4.0,"Borivali East, Mumbai",35.1,20.9,26.7,54,18.3,9.1,321,1011.5,0.0
2021-03-09,142.0,80.0,3.0,1.0,1.3333333333333337,4.0,"Borivali East, Mumbai",37.8,21.5,28.4,47,20.3,10.3,334,1011.4,0.0
2021-03-10,134.0,72.0,3.0,1.0,1.0,4.0,"Borivali East, Mumbai",36.1,22.9,27.9,51,18.9,10.0,320,1011.4,0.0
2021-03-11,138.0,63.0,3.0,1.0,2.0,3.0,"Borivali East, Mumbai",33.0,21.8,26.8,61,19.3,10.2,319,1011.7,0.0
2021-03-12,92.0,95.0,5.0,1.0,3.0,4.0,"Borivali East, Mumbai",35.0,21.0,27.2,54,19.6,9.6,329,1012.7,0.0
2021-03-13,155.0,105.0,4.0,1.0,3.0,5.0,"Borivali East, Mumbai",38.0,23.6,29.4,38,18.6,12.4,343,1012.2,0.0
2021-03-14,155.0,98.0,4.0,2.0,3.0,5.0,"Borivali East, Mumbai",37.6,23.1,29.5,36,17.3,9.7,329,1010.2,0.0
2021-03-15,148.0,96.0,4.0,1.0,3.0,4.0,"Borivali East, Mumbai",37.4,22.9,29.5,36,20.5,10.8,329,1009.8,0.0
2021-03-16,127.0,101.0,2.5,1.0,3.0,5.0,"Borivali East, Mumbai",36.5,22.5,29.2,42,18.9,11.0,329,1010.1,0.0
2021-03-17,139.0,87.0,1.0,1.0,3.0,8.0,"Borivali East, Mumbai",37.5,22.7,29.4,44,20.1,10.3,334,1008.9,0.0
2021-03-18,172.0,127.0,3.0,1.0,2.0,4.0,"Borivali East, Mumbai",35.1,23.1,28.6,49,17.7,9.9,313,1009.1,0.0
2021-03-19,152.0,111.0,3.0,1.0,1.8,3.0,"Borivali East, Mumbai",34.1,22.5,27.4,59,19.8,10.2,320,1010.1,0.0
2021-03-20,91.0,98.0,4.0,1.0,1.6,2.0,"Borivali East, Mumbai",34.0,20.8,26.5,70,15.6,7.4,314,1008.9,0.0
2021-03-21,112.0,87.0,5.0,1.0,1.4,3.0,"Borivali East, Mumbai",34.5,20.8,27.2,69,14.0,7.2,289,1008.2,0.0
2021-03-22,114.0,88.0,5.0,1.0,1.0,4.0,"Borivali East, Mumbai",36.3,21.2,27.9,64,15.5,7.6,318,1010.2,0.0
2021-03-23,134.0,100.0,4.0,2.0,1.0,5.0,"Borivali East, Mumbai",36.1,22.1,28.9,46,20.6,9.6,325,1010.8,0.0
2021-03-24,157.0,75.0,4.0,2.0,1.0,4.0,"Borivali East, Mumbai",38.0,23.8,30.3,40,16.8,8.5,335,1010.7,0.0
2021-03-25,151.0,96.0,4.0,2.0,1.0,5.0,"Borivali East, Mumbai",39.8,23.5,31.5,25,22.8,12.3,346,1009.8,0.0
2021-03-26,134.0,99.0,4.0,3.0,1.0,6.0,"Borivali East, Mumbai",39.9,23.0,31.6,23,20.5,11.0,347,1008.8,0.0
2021-03-27,143.0,73.0,4.0,2.0,1.0,4.0,"Borivali East, Mumbai",40.8,23.8,31.8,23,22.3,10.7,355,1007.8,0.0
2021-03-28,124.0,72.0,4.0,1.0,1.0,4.0,"Borivali East, Mumbai",37.7,22.7,29.1,47,17.0,8.5,272,1007.8,0.0
2021-03-29,120.0,48.0,3.0,1.0,1.0,2.0,"Borivali East, Mumbai",35.5,22.0,28.0,71,21.0,8.5,293,1008.0,0.0
2021-03-30,57.0,52.0,2.0,1.0,1.0,1.0,"Borivali East, Mumbai",33.5,22.4,27.0,73,14.5,8.5,247,1008.3,0.0
2021-03-31,55.0,97.0,2.0,1.0,1.0,2.0,"Borivali East, Mumbai",32.9,22.5,26.7,79,17.8,7.9,290,1007.5,0.0
2021-04-01,75.0,107.0,3.0,12.0,1.0,2.0,"Borivali East, Mumbai",33.7,24.0,27.5,75,17.0,8.0,244,1007.0,0.0
2021-04-02,75.0,86.0,3.0,1.0,1.0,2.0,"Borivali East, Mumbai",32.5,23.5,27.2,75,15.3,8.1,224,1007.4,0.0
2021-04-03,69.0,74.0,2.0,1.0,1.0,1.0,"Borivali East, Mumbai",32.0,22.0,26.9,76,16.3,7.6,235,1008.4,0.0
2021-04-04,66.0,64.0,3.0,1.0,1.0,2.0,"Borivali East, Mumbai",33.3,23.6,27.5,74,19.0,7.6,288,1010.2,0.0
2021-04-05,62.0,71.0,3.0,1.0,1.0,3.0,"Borivali East, Mumbai",34.1,22.6,27.7,76,19.2,8.6,316,1010.1,0.0
2021-04-06,87.0,64.0,3.0,1.0,19.0,3.0,"Borivali East, Mumbai",36.8,22.0,28.8,61,21.0,10.6,318,1009.1,0.0
2021-04-07,76.0,81.0,3.0,1.0,19.0,3.0,"Borivali East, Mumbai",35.3,22.4,28.4,64,18.5,9.7,317,1009.9,0.0
2021-04-08,78.0,98.0,3.0,1.0,19.0,3.0,"Borivali East, Mumbai",33.0,22.5,27.8,75,15.8,7.8,270,1008.7,0.0
2021-04-09,80.0,81.0,3.0,1.0,1.0,2.0,"Borivali East, Mumbai",34.0,23.8,28.1,73,18.0,8.6,291,1008.3,0.0
2021-04-10,77.0,68.0,2.0,1.0,15.0,2.0,"Borivali East, Mumbai",34.6,23.0,28.3,71,16.3,7.2,277,1009.3,0.0
2021-04-11,77.0,67.0,2.0,1.0,19.0,3.0,"Borivali East, Mumbai",36.8,23.8,29.3,68,15.5,7.1,277,1010.2,0.0
2021-04-12,86.0,196.0,2.0,1.0,19.714285714285715,3.0,"Borivali East, Mumbai",35.8,23.9,29.6,67,16.4,8.1,296,1011.2,0.0
2021-04-13,94.0,60.0,2.0,1.0,20.428571428571427,3.0,"Borivali East, Mumbai",37.4,25.0,30.5,58,18.5,8.3,312,1010.3,0.0
2021-04-14,85.0,57.0,2.0,1.0,21.142857142857142,2.0,"Borivali East, Mumbai",36.8,24.2,30.2,61,17.0,6.0,290,1010.0,0.1
2021-04-15,93.0,52.0,2.0,1.0,19.0,2.0,"Borivali East, Mumbai",36.2,25.0,29.3,70,17.7,7.5,268,1010.0,0.0
2021-04-16,78.0,60.0,2.0,1.0,19.0,2.0,"Borivali East, Mumbai",34.2,24.0,28.2,73,19.5,9.2,306,1009.8,0.0
2021-04-17,79.0,62.0,2.0,1.0,19.0,2.0,"Borivali East, Mumbai",34.2,23.1,28.5,75,19.1,9.0,315,1010.3,0.0
2021-04-18,98.0,62.0,2.0,12.0,24.0,2.0,"Borivali East, Mumbai",37.5,23.8,30.0,70,17.1,8.4,308,1010.5,0.0
2021-04-19,82.0,50.0,2.0,12.0,22.0,2.0,"Borivali East, Mumbai",34.8,23.8,28.9,73,17.5,9.3,264,1009.5,0.0
2021-04-20,66.0,49.0,2.0,12.0,22.0,2.0,"Borivali East, Mumbai",34.2,25.0,28.7,74,15.6,8.3,267,1008.9,0.0
2021-04-21,63.0,57.0,2.0,12.0,22.0,2.0,"Borivali East, Mumbai",33.3,24.2,28.3,75,17.9,8.0,293,1010.2,0.0
2021-04-22,71.0,49.0,2.0,12.0,22.0,1.0,"Borivali East, Mumbai",35.0,24.2,28.4,73,19.7,9.4,322,1010.2,0.0
2021-04-23,60.0,53.0,2.0,12.0,23.0,2.0,"Borivali East, Mumbai",35.4,23.0,28.2,69,18.8,9.0,306,1010.1,0.0
2021-04-24,67.0,67.0,3.0,12.0,24.0,2.0,"Borivali East, Mumbai",34.2,22.5,27.7,74,19.3,9.0,312,1009.6,0.0
2021-04-25,84.0,91.0,3.0,12.0,25.0,3.0,"Borivali East, Mumbai",37.0,23.2,29.6,72,19.7,9.7,317,1008.2,0.0
2021-04-26,107.0,102.0,3.0,12.0,25.0,2.0,"Borivali East, Mumbai",36.5,26.2,30.2,75,16.5,6.9,263,1008.0,2.5
2021-04-27,86.0,77.0,3.0,1.0,25.0,2.0,"Borivali East, Mumbai",36.2,25.5,30.0,73,15.8,7.5,251,1009.0,0.0
2021-04-28,83.0,54.0,2.0,1.0,25.0,2.0,"Borivali East, Mumbai",35.2,24.9,29.8,74,16.9,8.3,286,1009.9,0.0
2021-04-29,62.0,51.0,2.0,1.0,26.0,2.0,"Borivali East, Mumbai",36.0,25.1,29.9,75,19.0,7.3,305,1009.4,0.0
2021-04-30,70.0,50.0,2.0,1.0,26.0,2.0,"Borivali East, Mumbai",34.3,25.8,29.7,75,14.8,7.5,288,1008.4,0.0
2021-05-01,72.0,53.0,3.0,7.0,26.0,2.0,"Borivali East, Mumbai",35.8,26.6,30.6,69,16.0,7.5,317,1007.5,2.2
2021-05-02,81.0,58.0,3.0,1.0,26.0,3.0,"Borivali East, Mumbai",35.0,26.7,30.3,74,13.5,6.9,270,1008.0,1.2
2021-05-03,101.0,200.0,2.0,1.0,27.0,2.0,"Borivali East, Mumbai",36.7,26.4,30.6,71,16.5,7.2,304,1007.7,0.7
2021-05-04,74.0,134.5,2.0,1.0,26.0,2.0,"Borivali East, Mumbai",35.2,25.6,30.2,69,17.9,8.7,307,1007.4,0.1
2021-05-05,76.0,69.0,2.0,1.0,26.0,2.0,"Borivali East, Mumbai",35.7,25.5,30.0,71,19.0,8.8,296,1007.4,0.0
2021-05-06,225.0,46.0,2.0,7.0,27.0,2.0,"Borivali East, Mumbai",34.8,26.0,29.9,75,16.3,8.8,271,1007.9,0.0
2021-05-07,68.0,41.0,2.0,7.0,27.0,2.0,"Borivali East, Mumbai",34.8,26.1,29.9,75,17.4,8.2,286,1008.8,0.0
2021-05-08,65.0,47.0,2.0,7.0,27.0,2.0,"Borivali East, Mumbai",35.6,25.9,30.2,74,16.7,7.9,289,1007.7,0.0
2021-05-09,54.0,36.0,2.0,7.0,27.0,2.0,"Borivali East, Mumbai",34.5,26.9,30.2,74,16.9,8.2,257,1007.0,0.0
2021-05-10,53.0,31.0,2.0,7.0,26.0,2.0,"Borivali East, Mumbai",35.0,26.7,29.9,71,18.8,8.1,280,1006.9,0.0
2021-05-11,62.0,33.0,2.0,7.0,26.0,2.0,"Borivali East, Mumbai",34.0,26.4,29.5,72,17.9,8.9,286,1007.5,0.0
2021-05-12,51.0,40.0,2.0,7.0,26.0,2.0,"Borivali East, Mumbai",33.1,25.9,29.2,70,19.1,9.1,280,1006.2,0.0
2021-05-13,50.0,43.0,2.0,7.0,26.0,2.0,"Borivali East, Mumbai",33.0,25.8,29.0,67,17.3,8.8,279,1005.4,0.0
2021-05-14,58.0,142.0,3.0,1.0,27.0,4.0,"Borivali East, Mumbai",35.0,24.9,29.4,70,20.5,9.2,318,1003.6,0.0
2021-05-15,161.0,48.0,3.0,1.0,26.0,3.0,"Borivali East, Mumbai",35.9,27.0,31.8,60,23.5,12.8,340,1000.4,0.2
2021-05-16,83.0,16.0,2.0,1.0,25.8,2.0,"Borivali East, Mumbai",36.2,26.6,31.5,57,25.5,15.8,76,998.3,4.7
2021-05-17,34.0,29.5,2.25,1.0,25.6,1.75,"Borivali East, Mumbai",26.5,25.5,26.1,90,47.4,32.8,145,996.6,206.7
2021-05-20,55.75,70.0,3.0,1.0,25.0,1.0,"Borivali East, Mumbai",31.2,25.3,27.8,83,13.3,7.8,230,1006.7,1.0
2021-05-21,63.0,59.0,2.0,7.0,18.0,1.0,"Borivali East, Mumbai",31.6,25.0,27.9,81,11.9,6.4,257,1007.5,0.1
2021-05-22,63.0,51.0,2.0,7.0,10.0,1.0,"Borivali East, Mumbai",30.6,26.1,28.1,80,14.4,7.2,246,1007.1,1.2
2021-05-23,60.0,46.0,2.0,7.0,10.0,1.0,"Borivali East, Mumbai",30.6,26.8,28.3,80,14.3,7.1,293,1008.0,1.7
2021-05-24,53.0,49.0,2.0,7.0,10.0,1.0,"Borivali East, Mumbai",31.1,26.1,28.4,81,18.6,9.7,307,1008.7,0.9
2021-05-25,54.0,46.0,2.0,7.0,10.0,1.0,"Borivali East, Mumbai",31.0,26.5,28.7,80,19.7,11.5,299,1007.0,1.5
2021-05-26,51.0,45.0,2.0,7.0,10.0,1.0,"Borivali East, Mumbai",31.2,26.6,28.9,72,16.2,11.6,267,1006.1,0.0
2021-05-27,43.0,41.0,2.0,7.0,10.0,1.0,"Borivali East, Mumbai",31.5,27.8,29.2,72,19.5,13.6,261,1006.1,1.9
2021-05-28,44.0,30.0,2.0,7.0,10.0,2.0,"Borivali East, Mumbai",31.5,26.6,28.9,79,17.3,10.0,249,1006.4,2.8
2021-05-29,47.0,50.0,2.0,7.0,10.0,2.0,"Borivali East, Mumbai",31.5,26.4,28.8,81,15.2,8.8,231,1007.4,1.0
2021-05-30,51.0,43.0,2.0,7.0,9.0,2.0,"Borivali East, Mumbai",31.6,26.8,28.8,81,14.5,8.6,210,1007.4,3.0
2021-05-31,63.0,36.0,2.0,7.0,9.0,2.0,"Borivali East, Mumbai",31.0,26.5,28.4,85,15.5,10.2,204,1005.5,3.7
2021-06-01,63.0,25.0,2.0,7.0,9.0,2.0,"Borivali East, Mumbai",31.2,26.3,28.2,86,15.3,9.6,194,1005.8,4.3
2021-06-02,50.0,23.0,2.0,7.0,8.0,2.0,"Borivali East, Mumbai",30.2,25.2,28.0,86,12.7,6.6,203,1006.5,1.0
2021-06-03,48.0,20.0,2.0,7.0,8.0,2.0,"Borivali East, Mumbai",32.1,25.9,28.7,83,13.5,6.3,219,1007.1,4.9
2021-06-04,48.0,33.0,2.0,7.0,9.0,3.0,"Borivali East, Mumbai",31.4,25.7,28.3,85,11.4,6.8,197,1008.0,2.6
2021-06-05,65.0,28.0,2.0,7.0,8.0,2.0,"Borivali East, Mumbai",28.9,25.0,26.8,88,9.3,6.4,172,1007.2,5.4
2021-06-06,49.0,26.0,2.0,7.0,8.0,2.0,"Borivali East, Mumbai",29.5,24.5,26.8,86,14.9,7.9,204,1007.5,7.3
2021-06-07,40.0,24.0,2.0,7.0,8.0,2.0,"Borivali East, Mumbai",29.4,25.4,27.0,89,12.5,8.6,210,1008.0,9.1
2021-06-08,45.0,14.0,2.0,7.0,9.0,3.0,"Borivali East, Mumbai",28.5,25.4,26.6,92,14.3,9.1,225,1007.0,32.7
2021-06-09,34.0,19.0,2.0,7.0,8.0,3.0,"Borivali East, Mumbai",28.0,25.2,26.3,92,16.3,10.3,242,1005.9,21.6
2021-06-10,42.0,19.0,2.0,7.0,8.0,3.0,"Borivali East, Mumbai",28.1,25.2,26.4,91,16.9,11.5,229,1005.2,23.2
2021-06-11,42.0,14.0,2.0,7.0,9.0,1.0,"Borivali East, Mumbai",28.3,25.6,26.6,91,18.3,12.5,222,1004.3,17.0
2021-06-12,32.0,27.0,2.0,7.0,8.0,1.0,"Borivali East, Mumbai",29.0,24.8,26.4,93,15.7,10.5,231,1004.1,14.4
2021-06-13,43.0,45.0,2.0,7.0,8.0,1.0,"Borivali East, Mumbai",29.2,25.6,27.1,91,15.6,11.1,230,1004.0,7.8
2021-06-14,51.0,35.0,2.0,7.0,8.0,1.0,"Borivali East, Mumbai",29.8,25.6,27.2,90,16.3,11.8,221,1002.9,5.4
2021-06-15,48.0,29.0,3.0,7.0,8.0,1.0,"Borivali East, Mumbai",28.1,25.2,26.5,90,17.6,13.0,214,1001.8,8.6
2021-06-16,59.0,29.0,2.0,7.0,7.0,1.0,"Borivali East, Mumbai",26.9,25.0,25.8,94,19.0,13.6,209,1002.2,11.3
2021-06-17,46.0,58.0,3.0,7.0,7.0,1.0,"Borivali East, Mumbai",26.8,24.0,25.5,93,20.3,14.8,207,1003.4,17.4
2021-06-18,64.0,37.0,3.0,7.0,8.0,2.0,"Borivali East, Mumbai",27.1,24.4,25.6,91,20.9,15.8,223,1004.4,10.4
2021-06-19,56.0,84.0,3.0,7.0,8.0,1.0,"Borivali East, Mumbai",26.7,24.2,25.2,92,19.6,15.5,222,1006.5,15.9
2021-06-20,84.0,74.0,3.0,7.0,8.0,1.0,"Borivali East, Mumbai",28.9,24.5,26.2,89,21.6,14.3,230,1007.2,9.1
2021-06-21,74.0,56.0,3.0,7.0,7.0,1.0,"Borivali East, Mumbai",29.0,24.5,26.7,87,15.6,10.6,239,1007.9,5.5
2021-06-22,56.0,53.0,2.0,7.0,7.0,1.0,"Borivali East, Mumbai",28.6,25.1,26.8,88,13.7,9.3,250,1007.6,4.2
2021-06-23,53.0,40.0,2.0,7.0,8.0,1.0,"Borivali East, Mumbai",28.1,25.4,26.6,91,13.2,8.2,225,1007.2,4.6
2021-06-24,41.0,29.0,2.0,7.0,7.0,1.0,"Borivali East, Mumbai",26.9,25.2,25.8,93,16.9,10.4,226,1007.6,10.5
2021-06-25,47.0,35.0,2.5,7.0,11.0,1.0,"Borivali East, Mumbai",26.6,25.0,25.5,94,13.1,9.9,240,1006.7,30.6
2021-06-26,51.0,18.0,3.0,7.0,9.0,1.0,"Borivali East, Mumbai",29.1,24.8,27.0,84,17.1,10.3,261,1006.5,4.6
2021-06-27,34.0,22.0,3.0,7.0,8.0,1.0,"Borivali East, Mumbai",28.2,25.4,26.5,87,11.9,5.5,301,1008.1,15.1
2021-06-28,47.0,29.0,2.0,7.0,10.0,1.0,"Borivali East, Mumbai",27.2,24.0,25.6,93,10.5,4.1,242,1007.3,26.9
2021-06-29,50.0,25.0,3.0,7.0,10.0,1.0,"Borivali East, Mumbai",29.9,24.8,27.0,89,13.4,8.0,215,1006.6,1.3
2021-06-30,42.0,35.0,2.0,7.0,11.0,1.0,"Borivali East, Mumbai",29.2,25.5,27.1,91,14.1,9.3,232,1006.7,3.9
2021-07-01,40.0,39.0,3.0,12.0,10.0,1.0,"Borivali East, Mumbai",29.6,26.0,27.8,82,21.3,12.4,245,1005.0,2.6
2021-07-02,42.0,33.0,2.0,12.0,10.0,1.0,"Borivali East, Mumbai",29.9,26.2,27.6,83,19.6,14.3,225,1005.5,3.5
2021-07-03,36.0,31.0,2.0,12.0,10.0,1.0,"Borivali East, Mumbai",29.8,25.5,27.4,87,15.4,10.9,225,1006.5,2.8
2021-07-04,42.0,36.0,2.0,12.0,11.0,1.0,"Borivali East, Mumbai",29.7,25.8,27.4,88,12.6,7.8,242,1007.1,2.1
2021-07-05,45.0,42.0,3.0,12.0,9.0,2.0,"Borivali East, Mumbai",29.5,25.8,27.3,88,12.3,6.3,253,1007.0,1.2
2021-07-06,44.0,32.0,2.0,12.0,11.0,1.0,"Borivali East, Mumbai",30.1,25.5,27.5,86,13.0,5.5,266,1005.8,0.9
2021-07-07,47.0,22.0,2.0,12.0,11.0,2.0,"Borivali East, Mumbai",29.9,25.9,27.9,85,13.1,7.1,287,1005.7,2.7
2021-07-08,39.0,18.5,2.0,12.0,12.0,2.0,"Borivali East, Mumbai",29.0,26.1,27.2,89,14.0,7.8,257,1005.7,9.9
2021-07-09,45.0,15.0,2.0,12.0,12.0,2.0,"Borivali East, Mumbai",28.5,25.8,26.9,88,11.9,7.1,254,1003.8,5.7
2021-07-10,199.0,11.0,2.0,12.0,13.0,2.0,"Borivali East, Mumbai",26.6,25.4,25.8,94,12.6,6.0,251,1002.7,91.9
2021-07-11,33.0,14.0,3.0,12.0,13.0,2.0,"Borivali East, Mumbai",29.5,25.1,26.7,91,12.3,5.6,205,1001.4,4.6
2021-07-12,37.0,25.0,2.0,12.0,9.0,2.0,"Borivali East, Mumbai",28.4,25.0,26.4,93,28.0,15.1,216,999.4,42.9
2021-07-13,62.0,22.0,2.0,12.0,11.0,2.0,"Borivali East, Mumbai",27.7,25.2,26.1,93,19.7,14.0,229,1001.3,32.9
2021-07-14,39.0,23.33333333333333,2.0,12.0,11.2,1.9333333333333331,"Borivali East, Mumbai",27.4,24.8,25.9,93,20.5,13.0,238,1002.3,32.9
2021-07-28,44.6,42.0,2.0,12.0,14.0,1.0,"Borivali East, Mumbai",27.9,25.2,26.6,85,24.5,19.1,235,1004.8,13.5
2021-07-29,45.0,39.0,2.0,12.0,13.0,1.0,"Borivali East, Mumbai",28.3,25.4,26.5,87,26.4,20.3,240,1006.0,12.4
2021-07-30,39.0,34.0,2.0,12.0,14.0,1.0,"Borivali East, Mumbai",28.3,25.8,26.8,85,26.1,20.4,249,1006.8,6.9
2021-07-31,35.0,29.0,2.0,12.0,14.0,1.0,"Borivali East, Mumbai",28.5,25.1,26.9,84,26.6,21.5,256,1007.7,5.2
2021-08-01,26.0,32.0,2.0,10.0,14.0,1.0,"Borivali East, Mumbai",28.2,25.1,26.5,84,27.9,21.3,255,1006.6,4.9
2021-08-02,32.0,25.0,2.0,10.0,14.0,1.0,"Borivali East, Mumbai",28.0,24.9,26.0,87,21.3,17.6,248,1006.7,5.8
2021-08-03,27.0,35.0,2.0,10.0,14.0,1.0,"Borivali East, Mumbai",27.8,24.6,25.8,91,20.3,16.1,242,1007.8,10.2
2021-08-04,31.0,44.0,2.0,10.0,17.0,1.0,"Borivali East, Mumbai",27.0,24.6,25.9,90,21.1,17.2,244,1007.8,6.4
2021-08-05,37.0,42.5,2.0,10.0,16.0,1.5,"Borivali East, Mumbai",28.5,24.8,26.4,88,21.6,16.8,253,1006.1,5.8
2021-08-06,40.0,41.0,2.0,10.0,15.0,2.0,"Borivali East, Mumbai",28.5,25.1,26.4,87,21.4,14.7,254,1005.3,4.9
2021-08-07,41.0,34.0,2.0,10.0,15.0,1.0,"Borivali East, Mumbai",28.2,24.7,26.2,89,14.4,10.5,244,1006.1,2.9
2021-08-08,46.0,42.0,2.0,10.0,15.0,2.0,"Borivali East, Mumbai",28.2,24.5,26.1,91,12.4,8.6,220,1007.4,4.1
2021-08-09,55.0,36.0,2.0,10.0,15.0,1.0,"Borivali East, Mumbai",28.8,24.9,26.5,89,14.8,9.0,224,1008.5,3.0
2021-08-10,49.0,25.0,2.0,10.0,15.0,1.0,"Borivali East, Mumbai",27.6,24.6,26.1,90,14.8,9.0,228,1008.5,3.3
2021-08-11,39.0,32.0,2.0,10.0,16.0,2.0,"Borivali East, Mumbai",28.0,24.5,26.1,89,13.9,10.2,246,1008.4,4.8
2021-08-12,48.0,30.0,2.0,10.0,15.0,2.0,"Borivali East, Mumbai",28.0,24.8,26.2,88,15.3,9.9,259,1009.2,4.6
2021-08-13,40.0,27.0,2.0,10.0,15.0,2.0,"Borivali East, Mumbai",28.1,25.0,26.1,88,16.0,11.0,254,1008.1,4.1
2021-08-14,38.0,22.0,2.0,10.0,15.0,1.0,"Borivali East, Mumbai",27.0,24.3,25.5,90,15.4,11.1,244,1006.5,10.7
2021-08-15,49.0,19.0,2.0,10.0,15.0,2.0,"Borivali East, Mumbai",27.2,23.8,25.4,92,13.5,9.5,233,1006.6,7.8
2021-08-16,47.0,24.0,2.0,10.0,14.0,2.0,"Borivali East, Mumbai",27.9,24.4,25.9,90,11.3,7.5,237,1007.8,4.8
2021-08-17,41.0,24.0,2.0,10.0,14.0,2.0,"Borivali East, Mumbai",26.0,24.5,25.2,95,8.2,4.8,225,1007.9,16.5
2021-08-18,51.0,19.0,2.0,10.0,15.0,2.0,"Borivali East, Mumbai",26.0,24.5,25.1,95,10.5,6.7,252,1006.3,19.8
2021-08-19,43.0,17.0,2.0,10.0,15.0,3.0,"Borivali East, Mumbai",25.3,24.2,24.8,95,12.6,8.3,262,1006.0,29.8
2021-08-20,37.0,16.0,2.0,10.0,15.0,2.0,"Borivali East, Mumbai",27.0,24.2,25.2,91,14.9,9.4,259,1006.4,22.7
2021-08-21,38.0,30.0,2.0,10.0,14.0,2.0,"Borivali East, Mumbai",25.8,24.1,24.8,94,19.2,10.5,248,1007.4,61.7
2021-08-22,47.0,33.0,2.0,10.0,15.0,2.0,"Borivali East, Mumbai",28.0,24.2,25.7,91,11.9,7.8,223,1008.0,3.5
2021-08-23,46.0,26.0,2.0,10.0,15.0,1.0,"Borivali East, Mumbai",28.8,24.0,26.1,89,12.6,7.9,213,1007.9,2.0
2021-08-24,38.0,22.0,2.0,10.0,14.0,1.0,"Borivali East, Mumbai",28.7,24.5,26.4,90,13.4,7.5,228,1007.9,1.9
2021-08-25,36.0,24.0,2.0,10.0,15.0,2.0,"Borivali East, Mumbai",28.2,24.9,26.3,90,14.6,7.4,238,1007.0,1.5
2021-08-26,32.0,33.0,2.0,10.0,15.0,2.0,"Borivali East, Mumbai",28.1,24.5,26.1,89,14.7,8.5,232,1005.4,3.0
2021-08-27,49.0,44.0,2.0,10.0,14.0,2.0,"Borivali East, Mumbai",28.6,24.5,26.2,89,10.7,8.2,226,1004.9,3.3
2021-08-28,43.0,34.0,2.0,10.0,14.0,1.0,"Borivali East, Mumbai",28.6,24.3,26.1,89,12.6,6.8,225,1004.0,1.5
2021-08-29,45.0,37.0,2.0,10.0,14.0,2.0,"Borivali East, Mumbai",28.3,24.2,26.2,88,11.2,5.7,258,1003.8,1.6
2021-08-30,46.0,26.0,2.0,10.0,14.0,3.0,"Borivali East, Mumbai",27.1,25.1,26.1,89,12.9,6.8,294,1005.2,7.6
2021-08-31,51.0,24.0,2.0,10.0,14.0,3.0,"Borivali East, Mumbai",26.1,24.7,25.2,94,13.3,8.8,286,1005.1,44.9
2021-09-01,44.0,22.0,2.0,14.0,14.0,2.0,"Borivali East, Mumbai",27.5,24.5,25.7,92,16.8,12.5,231,1005.6,14.1
2021-09-02,45.0,21.0,2.0,14.0,14.0,3.0,"Borivali East, Mumbai",28.0,24.9,26.1,90,20.2,14.0,212,1005.6,5.9
2021-09-03,52.0,24.0,2.0,14.0,14.0,3.0,"Borivali East, Mumbai",27.9,24.5,25.8,92,15.3,11.9,208,1005.3,15.2
2021-09-04,49.0,26.0,2.0,14.0,16.0,2.0,"Borivali East, Mumbai",28.1,24.4,25.9,92,14.9,9.1,233,1005.9,19.4
2021-09-05,45.0,26.0,2.0,14.0,16.0,2.0,"Borivali East, Mumbai",27.5,24.8,25.8,92,13.0,8.0,252,1006.1,10.7
2021-09-06,51.0,20.0,2.0,14.0,11.0,2.0,"Borivali East, Mumbai",28.0,24.5,26.0,90,13.9,8.0,278,1005.3,13.1
2021-09-07,48.0,24.0,2.0,14.0,4.0,2.0,"Borivali East, Mumbai",27.2,24.8,25.6,93,9.0,4.8,332,1003.4,32.0
2021-09-08,48.0,22.0,2.0,14.0,4.0,1.0,"Borivali East, Mumbai",27.1,24.5,25.6,93,27.0,15.8,228,1002.5,140.3
2021-09-09,34.0,23.0,2.0,14.0,4.0,1.0,"Borivali East, Mumbai",28.0,25.1,26.3,91,25.5,18.7,235,1006.2,8.7
2021-09-10,36.0,17.0,2.0,14.0,5.0,1.0,"Borivali East, Mumbai",27.5,24.6,26.0,91,20.4,16.7,228,1006.5,10.2
2021-09-11,30.0,17.0,2.0,14.0,4.0,2.0,"Borivali East, Mumbai",27.4,24.9,25.8,93,23.1,16.9,225,1004.2,48.5
2021-09-12,36.0,178.0,2.0,14.0,4.0,2.0,"Borivali East, Mumbai",27.5,24.9,25.9,92,18.6,13.7,241,1002.5,29.0
2021-09-13,174.0,48.0,2.0,14.0,4.0,1.0,"Borivali East, Mumbai",26.8,25.4,25.8,92,20.6,17.2,256,1001.9,28.7
2021-09-14,41.0,52.0,2.0,14.0,4.0,2.0,"Borivali East, Mumbai",28.2,25.1,26.2,88,23.0,17.1,245,1002.9,8.1
2021-09-15,44.0,53.0,2.0,14.0,5.0,2.0,"Borivali East, Mumbai",28.0,24.7,26.0,89,20.0,15.5,211,1004.2,7.6
2021-09-16,41.0,35.0,2.0,14.0,5.0,2.0,"Borivali East, Mumbai",28.9,24.5,26.2,87,20.4,14.2,209,1005.6,3.7
2021-09-17,39.0,28.0,2.0,14.0,4.0,2.0,"Borivali East, Mumbai",28.5,24.6,26.2,86,19.1,11.7,219,1006.0,3.4
2021-09-18,39.0,19.0,2.0,14.0,4.0,2.0,"Borivali East, Mumbai",27.6,24.2,25.7,91,15.3,10.8,204,1007.8,5.0
2021-09-19,34.0,17.0,2.0,14.0,4.0,2.0,"Borivali East, Mumbai",27.6,24.6,25.8,93,15.3,9.0,207,1009.5,13.6
2021-09-20,32.0,14.0,2.0,14.0,4.0,2.0,"Borivali East, Mumbai",27.9,24.5,26.0,92,12.6,7.6,242,1008.9,10.4
2021-09-21,25.0,19.0,2.0,14.0,4.0,2.0,"Borivali East, Mumbai",26.9,24.8,25.5,93,13.8,8.7,259,1007.8,19.2
2021-09-22,32.0,28.0,2.0,14.0,4.0,2.0,"Borivali East, Mumbai",27.0,24.4,25.3,94,14.0,8.9,270,1006.2,15.9
2021-09-23,32.0,31.0,2.0,14.0,3.0,2.0,"Borivali East, Mumbai",27.9,24.2,25.8,92,11.3,6.2,236,1006.2,7.3
2021-09-24,40.0,29.0,2.0,14.0,4.0,2.0,"Borivali East, Mumbai",29.1,24.5,26.3,88,14.1,7.1,225,1007.3,1.2
2021-09-25,39.0,23.0,2.0,14.0,4.0,2.0,"Borivali East, Mumbai",28.1,24.3,26.1,87,12.3,7.1,236,1007.6,4.3
2021-09-26,37.0,28.0,2.0,14.0,3.0,2.0,"Borivali East, Mumbai",28.2,24.0,26.0,88,13.1,5.8,274,1005.8,1.7
2021-09-27,52.0,20.0,2.0,14.0,3.0,3.0,"Borivali East, Mumbai",26.1,24.4,25.3,93,7.9,3.7,282,1004.5,20.9
2021-09-28,38.0,13.0,2.0,14.0,3.0,2.0,"Borivali East, Mumbai",26.2,24.1,25.2,94,14.2,8.0,220,1003.7,17.5
2021-09-29,25.0,20.0,2.0,14.0,3.0,3.0,"Borivali East, Mumbai",27.3,24.6,25.7,92,20.5,17.4,211,1004.6,33.0
2021-09-30,42.0,35.0,2.0,1.0,3.0,7.0,"Borivali East, Mumbai",28.2,24.4,26.1,90,17.5,13.5,186,1007.9,3.6
2021-10-01,47.0,38.0,2.0,1.0,2.0,3.0,"Borivali East, Mumbai",30.0,24.3,26.7,88,12.8,6.7,204,1008.8,1.1
2021-10-02,64.0,39.0,2.0,1.0,2.0,3.0,"Borivali East, Mumbai",28.9,24.5,26.7,90,13.2,5.4,336,1008.5,2.2
2021-10-03,79.0,40.0,2.0,1.0,2.0,3.0,"Borivali East, Mumbai",31.4,24.0,27.3,88,14.3,6.4,328,1007.8,2.5
2021-10-04,88.0,42.0,2.0,16.0,3.0,3.0,"Borivali East, Mumbai",31.5,25.3,27.8,86,13.5,7.2,323,1007.3,0.6
2021-10-05,93.0,32.0,2.0,16.0,2.0,3.0,"Borivali East, Mumbai",31.9,25.4,27.9,87,14.3,6.9,338,1007.4,1.8
2021-10-06,73.0,31.0,3.0,1.0,2.0,4.0,"Borivali East, Mumbai",32.3,26.0,28.2,87,10.9,4.8,21,1006.6,5.0
2021-10-07,80.0,32.0,2.0,1.0,1.0,4.0,"Borivali East, Mumbai",32.6,25.6,28.3,85,11.4,5.0,4,1005.9,3.5
2021-10-08,67.0,24.0,2.0,1.0,1.0,4.0,"Borivali East, Mumbai",29.9,24.8,26.8,88,12.2,7.1,173,1007.1,5.4
2021-10-09,47.0,25.0,2.0,1.0,1.0,3.0,"Borivali East, Mumbai",28.6,24.8,26.4,89,10.7,5.4,173,1008.5,13.6
2021-10-10,58.0,24.0,2.0,1.0,1.0,2.0,"Borivali East, Mumbai",29.9,24.9,26.8,89,10.5,4.7,187,1008.5,11.1
2021-10-11,59.0,40.0,2.0,1.0,1.0,3.0,"Borivali East, Mumbai",30.1,24.1,26.4,90,13.6,4.5,311,1007.0,16.5
2021-10-12,79.0,50.0,2.0,1.0,1.0,4.0,"Borivali East, Mumbai",31.4,24.1,27.5,85,10.5,4.8,350,1006.4,0.6
2021-10-13,105.0,60.0,2.0,1.0,1.0,3.0,"Borivali East, Mumbai",32.2,25.0,28.0,80,8.9,4.5,331,1006.0,1.3
2021-10-14,131.0,70.0,2.0,1.0,1.0,2.0,"Borivali East, Mumbai",33.9,24.6,28.6,73,18.2,7.9,4,1005.5,0.0
2021-10-15,157.0,80.0,2.0,1.0,3.0,3.0,"Borivali East, Mumbai",33.8,24.1,28.4,62,15.5,9.4,18,1003.6,0.0
2021-10-16,183.0,70.0,2.0,16.0,1.0,3.0,"Borivali East, Mumbai",33.3,23.4,27.5,64,16.1,8.9,350,1002.8,0.0
2021-10-17,114.0,52.0,2.0,16.0,1.0,2.0,"Borivali East, Mumbai",31.5,23.0,27.1,71,14.6,8.3,312,1003.9,0.0
2021-10-18,69.0,44.0,2.0,1.0,1.0,3.0,"Borivali East, Mumbai",30.5,23.4,27.1,80,17.9,9.3,291,1007.0,0.2
2021-10-19,62.0,43.0,2.0,1.0,1.0,2.0,"Borivali East, Mumbai",29.5,24.0,26.4,81,11.9,6.8,294,1010.9,1.0
2021-10-20,65.0,54.0,2.0,1.0,1.0,2.0,"Borivali East, Mumbai",30.8,22.8,26.0,82,16.3,7.7,343,1012.9,0.0
2021-10-21,102.0,52.0,2.0,1.0,1.0,2.0,"Borivali East, Mumbai",32.8,22.0,26.6,75,13.6,7.7,350,1012.5,0.0
2021-10-22,102.0,52.0,2.0,1.0,1.0,3.0,"Borivali East, Mumbai",32.8,22.0,26.7,69,12.0,7.3,350,1012.4,0.0
2021-10-23,116.0,26.0,2.0,1.0,1.0,2.0,"Borivali East, Mumbai",32.0,22.0,26.2,74,14.4,8.6,341,1012.8,0.0
2021-10-24,73.0,26.0,2.0,1.0,3.0,1.0,"Borivali East, Mumbai",30.2,22.0,25.5,78,14.5,7.4,338,1013.4,0.0
2021-10-25,61.0,48.0,2.0,1.0,3.0,2.0,"Borivali East, Mumbai",31.1,21.8,25.7,77,17.9,8.6,347,1012.6,0.0
2021-10-26,117.0,45.0,2.0,16.0,3.0,2.0,"Borivali East, Mumbai",33.0,22.1,26.9,69,13.1,7.0,353,1010.9,0.0
2021-10-27,109.0,56.0,2.0,16.0,3.0,2.0,"Borivali East, Mumbai",33.7,22.0,27.0,60,17.7,10.3,21,1011.3,0.0
2021-10-28,143.0,88.0,4.0,16.0,3.0,2.0,"Borivali East, Mumbai",33.3,22.5,27.4,55,16.1,12.5,45,1011.7,0.0
2021-10-29,128.0,70.0,3.0,1.0,3.0,2.0,"Borivali East, Mumbai",33.0,23.8,27.5,42,17.8,13.1,46,1012.8,0.0
2021-10-30,126.0,68.0,2.0,1.0,1.0,3.0,"Borivali East, Mumbai",33.8,23.1,27.4,41,14.8,11.9,36,1013.0,0.0
2021-10-31,149.0,70.0,6.0,1.0,2.0,4.0,"Borivali East, Mumbai",33.8,24.0,27.7,48,14.6,10.4,23,1012.0,0.0
2021-11-01,159.0,75.0,2.0,1.0,1.0,4.0,"Borivali East, Mumbai",33.3,22.0,26.9,64,13.0,7.7,2,1010.6,0.0
2021-11-02,161.0,66.0,2.0,1.0,1.0,4.0,"Borivali East, Mumbai",34.1,22.8,27.7,62,12.2,7.5,30,1010.2,0.0
2021-11-03,157.0,68.0,2.0,1.0,2.0,4.0,"Borivali East, Mumbai",34.7,23.4,28.1,54,17.7,10.6,22,1010.2,0.0
2021-11-04,162.0,71.0,2.0,1.0,2.0,4.0,"Borivali East, Mumbai",33.8,24.5,28.4,53,13.2,8.7,35,1009.8,0.1
2021-11-05,167.0,58.0,2.0,1.0,2.0,4.0,"Borivali East, Mumbai",34.0,25.1,28.4,64,13.3,8.9,55,1009.7,0.5
2021-11-06,149.0,62.0,2.0,1.5,2.0,3.0,"Borivali East, Mumbai",32.5,23.2,26.5,79,13.1,7.3,75,1009.2,1.4
2021-11-07,148.0,71.0,2.0,2.0,1.0,4.0,"Borivali East, Mumbai",29.5,23.6,26.5,71,11.2,8.1,26,1008.7,0.0
2021-11-08,166.0,69.0,2.0,1.0,1.0,4.0,"Borivali East, Mumbai",33.0,23.2,26.9,62,13.9,9.1,34,1010.2,0.0
2021-11-09,159.0,68.0,2.0,1.0,1.0,4.0,"Borivali East, Mumbai",33.0,20.5,25.8,55,13.1,9.2,46,1011.2,0.0
2021-11-10,156.0,75.0,13.0,3.0,2.0,4.0,"Borivali East, Mumbai",32.6,21.0,25.8,50,14.4,10.7,43,1010.5,0.0
2021-11-11,165.0,72.0,20.0,4.0,2.0,4.0,"Borivali East, Mumbai",32.2,21.0,26.1,43,16.8,12.4,51,1009.0,0.0
2021-11-12,162.0,81.0,21.0,3.0,2.0,5.0,"Borivali East, Mumbai",32.8,21.5,26.3,44,15.9,10.8,26,1008.6,0.0
2021-11-13,175.0,81.0,15.0,3.0,3.0,3.0,"Borivali East, Mumbai",33.8,23.4,27.5,54,15.6,10.9,13,1008.4,0.0
2021-11-14,166.0,99.0,4.0,2.0,3.0,3.0,"Borivali East, Mumbai",34.0,24.2,28.2,61,15.4,10.4,15,1008.0,0.1
2021-11-15,130.0,104.0,4.0,2.0,3.0,2.0,"Borivali East, Mumbai",34.0,24.2,28.1,61,18.4,11.4,349,1006.7,0.0
2021-11-16,106.0,69.0,3.0,2.0,3.0,1.0,"Borivali East, Mumbai",34.6,24.5,28.6,62,16.0,9.6,29,1006.1,0.0
2021-11-17,90.0,41.0,4.0,7.0,3.0,1.6666666666666663,"Borivali East, Mumbai",33.7,23.8,27.8,73,11.5,6.3,92,1007.8,5.2
2021-11-18,60.0,51.0,4.0,2.0,3.0,2.333333333333333,"Borivali East, Mumbai",31.4,23.4,26.2,84,10.4,6.0,102,1008.2,12.4
2021-11-19,61.0,70.0,2.0,2.0,3.0,3.0,"Borivali East, Mumbai",32.7,23.3,26.8,82,13.0,6.1,22,1006.0,6.7
2021-11-20,66.0,48.0,4.0,6.0,3.0,2.0,"Borivali East, Mumbai",33.2,23.9,27.8,77,11.4,6.5,61,1005.2,0.9
2021-11-21,60.0,47.0,4.0,3.0,3.0,2.0,"Borivali East, Mumbai",33.7,24.6,27.6,78,15.9,8.5,99,1007.9,10.1
2021-11-22,58.0,47.0,3.0,2.0,3.0,2.0,"Borivali East, Mumbai",29.5,24.5,26.2,87,9.4,5.5,311,1011.3,6.1
2021-11-23,56.0,81.0,4.0,6.0,3.0,4.0,"Borivali East, Mumbai",31.5,23.5,26.9,85,14.3,6.4,329,1010.7,0.8
2021-11-24,78.0,84.0,4.0,7.0,3.0,3.0,"Borivali East, Mumbai",33.0,24.3,28.0,76,13.7,7.2,343,1010.4,0.0
2021-11-25,76.0,86.0,3.0,2.0,3.0,2.0,"Borivali East, Mumbai",33.5,24.3,28.0,67,15.0,8.5,5,1011.0,0.0
2021-11-26,91.0,81.0,4.0,6.0,3.0,1.0,"Borivali East, Mumbai",33.2,23.1,27.1,66,12.0,7.8,17,1011.5,0.0
2021-11-27,77.0,83.0,2.0,2.0,3.0,1.0,"Borivali East, Mumbai",33.4,21.2,26.4,69,12.1,7.4,27,1011.4,0.0
2021-11-28,85.0,82.0,4.0,6.0,3.0,2.0,"Borivali East, Mumbai",32.5,21.4,26.0,56,12.6,8.0,58,1012.0,0.0
2021-11-29,118.0,97.0,4.0,7.0,3.0,5.0,"Borivali East, Mumbai",32.1,21.1,26.0,51,13.4,9.7,69,1012.2,0.0
2021-11-30,184.0,79.0,4.0,2.0,3.0,3.0,"Borivali East, Mumbai",32.4,23.4,27.1,55,14.7,9.2,64,1011.3,0.0
2021-12-01,172.0,43.0,3.0,7.0,2.5,3.0,"Borivali East, Mumbai",24.5,20.0,22.7,79,18.6,9.8,39,1011.4,38.8
2021-12-02,130.0,46.0,2.0,7.0,2.5,2.0,"Borivali East, Mumbai",24.5,18.9,21.7,91,25.0,10.8,60,1010.3,45.7
2021-12-03,140.0,64.0,3.0,2.0,2.5,3.0,"Borivali East, Mumbai",27.6,21.0,23.8,89,8.9,5.9,64,1011.5,0.9
2021-12-04,146.0,49.0,3.0,6.0,2.5,1.0,"Borivali East, Mumbai",28.4,20.5,24.0,87,11.1,5.8,105,1012.0,0.4
2021-12-05,122.0,77.0,4.0,2.0,2.5,3.0,"Borivali East, Mumbai",27.4,20.5,23.4,87,9.1,5.6,347,1012.6,0.3
2021-12-06,162.0,110.0,2.0,6.0,2.5,2.0,"Borivali East, Mumbai",29.8,20.2,24.4,78,14.8,7.5,12,1012.3,0.0
2021-12-07,179.0,107.0,4.0,3.0,2.5,1.0,"Borivali East, Mumbai",30.5,21.5,25.4,68,13.7,11.1,41,1012.5,0.0
2021-12-08,149.0,107.0,3.0,8.0,2.5,4.0,"Borivali East, Mumbai",31.2,21.8,25.6,62,14.3,10.7,39,1012.7,0.0
2021-12-09,140.0,100.0,2.0,8.0,2.5,4.0,"Borivali East, Mumbai",31.2,22.5,25.7,63,12.8,9.5,18,1014.0,0.0
2021-12-10,124.0,101.0,3.0,8.0,2.5,2.0,"Borivali East, Mumbai",31.5,21.8,25.8,64,15.9,10.5,41,1014.5,0.0
2021-12-11,117.0,91.0,2.0,2.0,2.5,2.0,"Borivali East, Mumbai",31.8,22.0,25.6,64,14.1,10.3,45,1014.0,0.0
2021-12-12,106.0,71.0,4.0,8.0,2.5,1.0,"Borivali East, Mumbai",31.8,20.6,25.1,66,13.2,8.9,53,1014.0,0.0
2021-12-13,107.0,59.0,4.0,9.0,2.5,2.0,"Borivali East, Mumbai",30.3,20.2,24.1,67,12.4,7.5,15,1013.5,0.0
2021-12-14,95.0,64.0,4.0,4.0,2.5,1.0,"Borivali East, Mumbai",29.4,18.4,23.0,70,13.2,8.0,351,1013.3,0.0
2021-12-15,139.0,67.0,2.0,4.0,2.5,2.0,"Borivali East, Mumbai",28.5,18.4,22.7,77,11.6,6.6,338,1013.4,0.0
2021-12-16,246.0,105.0,4.0,5.0,2.5,3.0,"Borivali East, Mumbai",29.1,18.6,23.0,79,12.4,6.7,348,1014.3,0.0
2021-12-17,148.0,112.0,3.0,4.0,2.5,2.0,"Borivali East, Mumbai",29.3,19.3,23.6,72,12.5,7.9,345,1014.8,0.0
2021-12-18,122.0,108.0,5.0,8.0,2.5,2.0,"Borivali East, Mumbai",30.2,18.4,23.5,69,13.4,8.5,13,1014.6,0.0
2021-12-19,118.0,106.0,4.0,7.0,2.5,1.0,"Borivali East, Mumbai",30.0,19.2,23.4,65,13.4,9.9,34,1015.1,0.0
2021-12-20,112.0,114.0,4.0,5.0,2.5,2.0,"Borivali East, Mumbai",30.2,18.2,22.9,66,11.9,8.9,34,1015.0,0.0
2021-12-21,126.0,110.0,4.0,7.0,2.5,1.0,"Borivali East, Mumbai",29.7,16.9,22.5,71,11.6,7.0,10,1014.7,0.0
2021-12-22,117.0,113.0,4.0,6.0,2.5,2.0,"Borivali East, Mumbai",29.4,16.3,22.4,74,10.2,6.0,330,1013.4,0.0
2021-12-23,122.0,85.0,4.0,4.0,2.5,2.0,"Borivali East, Mumbai",29.8,16.8,22.0,73,10.9,6.3,345,1012.9,0.0
2021-12-24,75.0,81.0,4.0,8.0,2.5,3.0,"Borivali East, Mumbai",27.4,16.2,21.0,82,13.2,7.1,331,1013.4,0.0
2021-12-25,67.0,102.0,4.0,2.0,2.5,2.0,"Borivali East, Mumbai",27.6,17.0,21.2,82,12.9,6.9,344,1014.1,0.0
2021-12-26,96.0,98.0,2.0,4.0,2.5,5.0,"Borivali East, Mumbai",29.6,16.9,22.3,76,14.6,7.9,349,1014.6,0.0
2021-12-27,121.0,108.0,5.0,6.0,2.5,9.0,"Borivali East, Mumbai",31.0,17.5,23.3,67,10.6,6.9,4,1014.2,0.0
2021-12-28,167.0,100.0,2.0,6.0,2.5,8.0,"Borivali East, Mumbai",29.4,17.5,22.6,71,16.1,8.6,337,1013.6,0.0
2021-12-29,149.0,98.0,5.0,4.0,2.5,6.0,"Borivali East, Mumbai",28.4,18.5,22.7,62,14.9,11.0,354,1013.9,0.0
2021-12-30,162.0,103.0,5.0,5.0,2.5,5.0,"Borivali East, Mumbai",30.5,19.0,23.3,63,15.5,11.1,40,1014.7,0.0
2021-12-31,154.0,86.0,5.0,4.0,2.5,4.0,"Borivali East, Mumbai",31.7,20.7,24.9,64,14.9,11.5,54,1015.5,0.0
2022-01-01,148.0,86.0,5.0,15.0,1.0,6.0,"Borivali East, Mumbai",31.8,19.8,24.8,61,13.2,9.7,45,1015.9,0.0
2022-01-02,144.0,92.0,2.0,19.0,1.0,6.0,"Borivali East, Mumbai",31.1,20.0,24.7,62,11.4,8.5,28,1014.7,0.0
2022-01-03,147.0,119.0,3.0,10.0,1.0,10.0,"Borivali East, Mumbai",31.8,21.0,24.9,66,12.2,8.7,30,1014.0,0.1
2022-01-04,185.0,103.0,4.5,7.0,1.0,5.5,"Borivali East, Mumbai",31.9,20.0,24.8,68,12.7,7.3,11,1014.0,0.0
2022-01-05,128.5,87.0,6.0,4.0,1.0,1.0,"Borivali East, Mumbai",29.8,19.6,23.8,77,13.4,6.5,319,1013.5,0.0
2022-01-06,72.0,102.0,3.0,22.0,1.0,2.0,"Borivali East, Mumbai",28.7,19.8,23.3,78,14.1,7.6,332,1013.1,0.1
2022-01-07,152.0,85.0,5.0,6.0,1.0,1.0,"Borivali East, Mumbai",28.7,18.7,22.9,78,13.8,6.5,304,1012.5,0.0
2022-01-08,135.0,58.0,3.0,6.0,1.0,1.5,"Borivali East, Mumbai",25.2,19.9,22.1,84,9.4,5.6,354,1013.8,1.3
2022-01-09,65.0,77.0,4.0,8.0,1.0,2.0,"Borivali East, Mumbai",25.9,17.3,21.1,54,16.3,11.3,339,1013.9,0.0
2022-01-10,105.0,95.0,5.0,11.0,1.0,2.0,"Borivali East, Mumbai",25.1,15.1,19.1,54,18.3,11.3,342,1014.0,0.0
2022-01-11,147.0,97.0,3.0,8.0,1.0,1.0,"Borivali East, Mumbai",25.8,13.6,19.3,72,12.6,7.4,331,1013.5,0.0
2022-01-12,154.0,100.0,3.0,6.0,1.0,1.0,"Borivali East, Mumbai",26.5,15.6,20.5,65,16.2,10.6,343,1013.1,0.0
2022-01-13,163.0,112.0,3.0,20.0,1.0,2.0,"Borivali East, Mumbai",27.2,14.9,20.4,70,15.2,7.1,341,1012.3,0.0
2022-01-14,171.0,103.0,6.0,5.0,1.0,3.0,"Borivali East, Mumbai",27.3,16.1,21.2,73,13.6,8.2,343,1012.3,0.0
2022-01-15,159.0,94.0,3.0,4.0,1.0,2.0,"Borivali East, Mumbai",29.6,17.7,22.6,64,15.7,11.2,24,1012.9,0.0
2022-01-16,141.0,95.0,5.0,5.0,1.0,3.0,"Borivali East, Mumbai",31.8,19.4,24.3,55,15.3,10.9,54,1013.3,0.0
2022-01-17,148.0,103.0,6.0,6.0,1.0,3.0,"Borivali East, Mumbai",31.6,20.0,24.7,60,13.6,10.5,38,1015.2,0.0
2022-01-18,156.0,109.0,6.0,9.0,1.0,3.0,"Borivali East, Mumbai",30.4,19.5,24.4,62,15.0,9.8,356,1014.9,0.0
2022-01-19,159.0,93.0,3.0,4.0,1.0,2.0,"Borivali East, Mumbai",31.8,18.3,24.0,61,14.9,8.7,342,1013.5,0.0
2022-01-20,133.0,74.0,2.0,2.0,1.0,2.0,"Borivali East, Mumbai",28.9,18.5,22.6,66,13.6,8.2,324,1012.0,0.0
2022-01-21,89.0,67.0,6.0,3.0,1.0,1.0,"Borivali East, Mumbai",28.0,17.5,22.2,83,13.0,7.0,320,1011.8,0.0
2022-01-22,72.0,73.0,2.0,2.0,1.0,2.0,"Borivali East, Mumbai",26.9,19.0,22.7,83,22.3,10.7,269,1010.3,1.3
2022-01-23,182.0,79.0,2.0,2.0,1.0,3.0,"Borivali East, Mumbai",22.9,15.9,20.8,59,17.8,13.2,310,1011.6,0.1
2022-01-24,155.0,205.0,5.0,3.0,1.0,5.0,"Borivali East, Mumbai",25.0,12.6,18.2,55,19.2,9.7,357,1012.5,0.0
2022-01-25,162.0,169.0,2.0,4.0,1.0,5.0,"Borivali East, Mumbai",26.4,12.9,19.2,52,16.1,9.7,353,1012.1,0.0
2022-01-26,159.0,123.0,6.0,3.0,1.0,3.0,"Borivali East, Mumbai",28.4,15.1,21.1,50,14.8,10.8,1,1011.9,0.0
2022-01-27,138.0,109.0,3.0,3.0,1.0,3.0,"Borivali East, Mumbai",30.1,17.2,22.6,46,16.3,11.1,24,1012.2,0.0
2022-01-28,112.0,99.0,7.0,12.0,1.0,3.0,"Borivali East, Mumbai",31.0,18.5,23.7,41,15.8,12.9,36,1013.2,0.0
2022-01-29,122.0,105.0,8.0,3.0,1.0,6.0,"Borivali East, Mumbai",31.6,17.0,23.0,44,14.6,10.3,24,1014.1,0.0
2022-01-30,136.0,110.0,7.0,3.0,1.0,4.0,"Borivali East, Mumbai",31.6,15.3,22.5,50,13.6,8.1,359,1012.9,0.0
2022-01-31,137.0,105.0,8.0,4.0,1.0,3.0,"Borivali East, Mumbai",31.2,16.1,22.4,49,15.1,8.4,336,1012.1,0.0
2022-02-01,140.0,122.0,5.0,14.0,1.0,3.0,"Borivali East, Mumbai",31.1,15.0,21.8,61,17.1,9.4,340,1011.3,0.0
2022-02-02,166.0,99.0,10.0,5.0,1.0,6.0,"Borivali East, Mumbai",30.4,15.2,21.9,74,14.8,7.9,322,1011.3,0.0
2022-02-03,126.0,165.0,16.0,3.0,1.0,5.0,"Borivali East, Mumbai",27.2,16.5,21.2,84,14.8,7.2,274,1011.3,0.0
2022-02-04,139.0,175.0,25.0,4.0,1.0,6.0,"Borivali East, Mumbai",27.3,17.1,21.7,74,12.1,6.7,293,1011.0,0.0
2022-02-05,161.0,152.0,60.0,11.0,1.0,7.0,"Borivali East, Mumbai",29.2,14.2,21.2,64,15.9,7.8,343,1011.4,0.0
2022-02-06,169.0,118.0,30.0,5.0,1.0,5.0,"Borivali East, Mumbai",29.8,16.0,21.8,65,15.7,8.2,320,1013.1,0.0
2022-02-07,138.0,84.0,25.0,9.0,1.0,4.0,"Borivali East, Mumbai",27.4,17.0,21.3,80,18.8,9.3,322,1014.4,0.0
2022-02-08,95.0,84.0,29.0,9.0,1.0,4.0,"Borivali East, Mumbai",26.5,17.0,21.1,80,16.1,8.6,315,1013.7,0.0
2022-02-09,102.0,124.0,22.0,4.0,1.0,6.0,"Borivali East, Mumbai",27.6,16.4,21.4,76,17.2,9.2,339,1013.2,0.1
2022-02-10,153.0,101.0,41.0,4.0,1.0,3.0,"Borivali East, Mumbai",31.5,18.0,24.0,48,19.1,11.2,354,1012.5,0.0
2022-02-11,117.0,103.0,51.0,12.0,1.0,4.0,"Borivali East, Mumbai",33.4,21.1,26.0,38,17.4,14.5,30,1011.9,0.0
2022-02-12,139.0,104.0,56.0,12.0,1.0,5.0,"Borivali East, Mumbai",32.6,20.1,25.0,43,17.6,10.5,356,1011.7,0.0
2022-02-13,148.0,80.0,38.0,3.0,1.0,3.0,"Borivali East, Mumbai",32.3,17.6,23.8,53,17.1,8.6,333,1010.2,0.0
2022-02-14,113.0,78.0,23.0,4.0,1.0,4.0,"Borivali East, Mumbai",30.2,18.0,23.7,49,18.3,9.7,334,1010.7,0.0
2022-02-15,98.0,63.0,16.0,4.0,1.0,3.0,"Borivali East, Mumbai",28.5,17.6,22.8,59,14.8,9.0,320,1010.9,0.0
2022-02-16,69.0,63.0,18.0,4.0,1.0,1.0,"Borivali East, Mumbai",28.0,17.2,21.9,77,14.1,7.6,321,1009.4,0.0
2022-02-17,83.0,35.0,22.0,4.0,1.0,3.0,"Borivali East, Mumbai",28.8,16.6,22.0,78,12.3,5.9,301,1008.1,0.0
2022-02-18,106.0,31.0,29.0,11.0,1.0,2.0,"Borivali East, Mumbai",30.1,16.4,22.9,73,13.8,6.2,262,1009.0,0.0
2022-02-19,122.0,32.0,26.0,4.0,1.0,1.0,"Borivali East, Mumbai",32.4,17.4,24.0,70,14.8,7.4,315,1011.0,0.0
2022-02-20,133.0,29.0,28.0,3.0,1.0,2.0,"Borivali East, Mumbai",33.0,17.8,24.6,55,19.6,9.7,332,1010.8,0.0
2022-02-21,132.0,32.0,18.0,3.0,1.0,3.0,"Borivali East, Mumbai",33.5,16.5,24.5,43,20.6,10.4,336,1010.0,0.0
2022-02-22,125.0,32.0,18.0,3.0,1.0,3.0,"Borivali East, Mumbai",33.2,17.2,23.9,57,17.6,8.5,326,1010.9,0.0
2022-02-23,105.0,35.0,34.0,14.0,1.0,3.0,"Borivali East, Mumbai",32.8,17.8,24.8,55,14.6,8.6,331,1012.3,0.0
2022-02-24,156.0,30.0,37.0,14.0,1.0,2.0,"Borivali East, Mumbai",33.8,19.5,25.9,49,16.0,8.9,320,1013.6,0.0
2022-02-25,162.0,30.0,21.0,5.0,1.0,3.0,"Borivali East, Mumbai",34.0,18.9,25.8,46,17.9,9.8,316,1012.9,0.0
2022-02-26,141.0,28.0,31.0,5.0,1.0,4.0,"Borivali East, Mumbai",32.8,19.2,25.3,51,18.0,9.8,325,1012.9,0.0
2022-02-27,127.0,93.0,52.0,5.0,1.0,2.0,"Borivali East, Mumbai",33.9,18.9,25.7,45,18.4,8.8,322,1013.1,0.0
2022-02-28,136.0,111.0,42.0,6.0,1.0,2.0,"Borivali East, Mumbai",35.3,19.5,26.3,37,18.4,9.2,327,1012.5,0.0
2022-03-01,157.0,105.0,29.0,14.0,1.0,4.0,"Borivali East, Mumbai",35.8,20.5,26.9,41,17.7,9.3,333,1012.5,0.0
2022-03-02,149.0,76.0,28.0,9.0,1.0,5.0,"Borivali East, Mumbai",37.3,21.1,27.8,40,16.5,10.0,343,1011.6,0.0
2022-03-03,135.0,104.0,32.0,15.0,1.0,7.0,"Borivali East, Mumbai",37.2,22.1,28.6,33,19.0,11.8,345,1011.4,0.0
2022-03-04,118.0,86.0,31.0,9.0,1.0,1.0,"Borivali East, Mumbai",36.5,23.5,28.7,29,23.9,13.4,346,1011.9,0.0
2022-03-05,121.0,71.0,29.0,9.0,1.0,2.0,"Borivali East, Mumbai",36.9,22.0,27.7,39,18.9,9.7,343,1010.9,0.0
2022-03-06,118.0,90.0,33.0,8.0,1.0,3.0,"Borivali East, Mumbai",37.3,21.6,28.1,41,18.7,9.2,327,1009.8,0.0
2022-03-07,141.0,80.0,29.0,7.0,1.0,1.0,"Borivali East, Mumbai",35.2,22.8,28.6,43,13.7,8.4,314,1010.1,0.0
2022-03-08,143.0,76.0,30.0,5.0,1.0,1.0,"Borivali East, Mumbai",36.8,25.1,29.5,45,16.6,11.5,350,1010.2,0.0
2022-03-09,127.0,73.0,18.0,6.0,1.0,4.0,"Borivali East, Mumbai",36.6,24.0,29.1,46,11.6,7.1,15,1010.2,0.0
2022-03-10,124.0,66.0,21.0,10.0,1.0,1.0,"Borivali East, Mumbai",36.3,22.1,29.1,44,17.5,9.2,353,1009.9,0.0
2022-03-11,142.0,60.0,33.0,6.0,1.0,3.0,"Borivali East, Mumbai",36.1,24.0,29.3,41,15.2,7.7,319,1009.6,0.0
2022-03-12,93.0,57.0,27.0,8.0,1.0,4.0,"Borivali East, Mumbai",37.9,22.6,29.3,43,19.7,8.9,355,1009.3,0.0
2022-03-13,99.0,53.0,25.0,8.0,1.0,4.0,"Borivali East, Mumbai",38.7,22.6,29.9,34,20.1,12.0,14,1009.5,0.0
2022-03-14,102.0,59.0,33.0,9.0,1.0,4.0,"Borivali East, Mumbai",38.8,24.9,31.0,24,20.1,12.4,358,1009.8,0.0
2022-03-15,132.0,79.0,29.0,6.0,1.0,2.0,"Borivali East, Mumbai",39.4,23.0,30.6,32,19.9,10.3,337,1008.6,0.0
2022-03-16,110.0,98.0,33.0,11.0,1.0,4.0,"Borivali East, Mumbai",40.0,23.1,31.3,34,21.5,11.4,336,1007.2,0.0
2022-03-17,125.0,91.0,26.0,9.0,1.0,6.0,"Borivali East, Mumbai",40.4,24.5,31.9,29,21.6,11.1,338,1006.3,0.0
2022-03-18,130.0,49.0,9.0,5.0,1.0,1.0,"Borivali East, Mumbai",37.5,22.5,30.4,42,24.5,11.2,322,1006.0,0.0
2022-03-19,67.0,96.0,3.0,8.0,1.0,1.0,"Borivali East, Mumbai",35.3,22.2,28.3,60,20.1,9.2,291,1006.3,0.0
2022-03-20,43.0,73.0,9.0,1.0,1.0,2.0,"Borivali East, Mumbai",31.3,23.6,27.0,75,22.1,8.5,253,1007.2,0.0
2022-03-21,64.0,78.0,16.0,4.0,1.0,3.0,"Borivali East, Mumbai",34.1,21.8,27.2,68,18.8,9.1,311,1008.0,0.0
2022-03-22,91.0,92.0,11.0,3.0,1.0,4.0,"Borivali East, Mumbai",37.7,24.2,30.1,38,19.8,11.0,336,1007.3,0.0
2022-03-23,105.0,88.0,31.0,10.0,1.0,3.0,"Borivali East, Mumbai",40.0,26.0,31.9,22,23.7,13.4,349,1006.4,0.0
2022-03-24,99.0,60.0,14.0,7.0,1.0,1.0,"Borivali East, Mumbai",35.6,23.5,29.6,37,19.4,8.4,297,1006.8,0.0
2022-03-25,61.0,57.0,13.0,3.0,1.0,1.0,"Borivali East, Mumbai",35.5,23.0,28.1,64,20.7,7.5,284,1008.4,0.0
2022-03-26,51.0,51.0,10.0,3.0,1.0,1.3333333333333333,"Borivali East, Mumbai",35.0,22.5,27.9,72,18.9,7.4,286,1010.5,0.0
2022-03-27,38.0,55.0,11.0,5.0,1.0,1.6666666666666663,"Borivali East, Mumbai",35.5,23.6,28.1,72,18.5,7.7,294,1010.8,0.0
2022-03-28,51.0,53.0,7.0,3.0,1.0,2.0,"Borivali East, Mumbai",35.0,23.4,28.2,74,17.0,8.1,293,1010.0,0.0
2022-03-29,63.0,59.0,8.0,7.0,1.0,1.5,"Borivali East, Mumbai",36.5,22.7,29.3,58,18.0,9.6,311,1008.6,0.0
2022-03-30,56.0,40.0,6.0,3.0,1.0,1.0,"Borivali East, Mumbai",36.3,21.7,28.7,63,17.1,8.9,317,1008.3,0.0
2022-03-31,42.0,93.0,14.0,5.0,1.0,2.0,"Borivali East, Mumbai",34.6,21.4,27.0,68,16.3,7.5,310,1009.2,0.0
2022-04-01,124.0,111.0,11.0,3.0,19.0,3.0,"Borivali East, Mumbai",35.8,21.2,26.8,72,17.7,7.8,304,1009.1,0.0
2022-04-02,109.0,108.0,14.0,4.0,19.0,3.0,"Borivali East, Mumbai",33.5,22.5,27.2,76,17.1,7.0,267,1010.0,0.0
2022-04-03,45.0,83.0,16.0,4.0,19.0,2.0,"Borivali East, Mumbai",34.8,22.2,27.3,75,21.1,7.7,303,1009.4,0.0
2022-04-04,35.0,67.0,7.0,1.0,19.0,2.0,"Borivali East, Mumbai",35.2,24.1,28.3,77,21.7,8.3,275,1009.6,0.0
2022-04-05,38.0,65.0,9.0,4.0,19.0,2.0,"Borivali East, Mumbai",34.2,24.8,28.7,79,18.9,8.9,270,1011.3,0.0
2022-04-06,39.0,183.0,14.0,5.0,19.0,1.0,"Borivali East, Mumbai",33.8,24.5,28.5,78,16.6,8.8,264,1011.6,0.0
2022-04-07,35.0,169.22222222222223,12.77777777777778,4.555555555555555,19.0,1.1111111111111112,"Borivali East, Mumbai",35.0,24.0,28.8,75,16.1,7.5,262,1010.4,0.0
2022-04-15,35.888888888888886,59.0,3.0,1.0,19.0,2.0,"Borivali East, Mumbai",34.3,24.6,28.6,72,17.3,7.7,257,1007.3,0.0
2022-04-16,36.0,49.0,7.0,1.0,19.0,2.0,"Borivali East, Mumbai",33.7,22.3,27.4,76,17.9,8.6,265,1006.5,0.0
2022-04-17,44.0,47.0,5.0,5.0,19.0,2.0,"Borivali East, Mumbai",34.0,23.5,28.1,75,17.8,8.6,258,1007.4,0.0
2022-04-18,43.0,47.0,6.0,1.0,19.0,2.0,"Borivali East, Mumbai",33.3,23.2,27.8,76,20.6,8.6,280,1009.6,0.0
2022-04-19,45.0,49.0,4.0,1.0,19.0,2.0,"Borivali East, Mumbai",33.7,23.6,28.0,76,20.0,9.5,299,1010.9,0.0
2022-04-20,28.0,62.0,26.0,6.0,19.0,3.0,"Borivali East, Mumbai",36.0,24.1,29.7,70,17.9,9.8,315,1008.6,0.0
2022-04-21,86.0,62.0,24.0,5.0,19.0,2.0,"Borivali East, Mumbai",41.0,27.8,33.1,38,25.7,14.2,343,1006.1,0.0
2022-04-22,90.0,64.0,8.0,1.0,19.0,2.0,"Borivali East, Mumbai",39.7,26.2,32.4,45,18.3,9.4,319,1006.8,0.0
2022-04-23,85.0,48.0,7.0,4.0,19.0,2.0,"Borivali East, Mumbai",41.2,25.5,31.7,57,18.0,8.1,284,1007.7,0.1
2022-04-24,100.0,44.0,10.0,1.0,19.0,1.0,"Borivali East, Mumbai",36.0,26.1,30.4,72,16.7,8.7,258,1008.3,0.0
2022-04-25,63.0,36.0,4.0,1.0,19.0,1.0,"Borivali East, Mumbai",39.5,24.9,31.7,52,20.2,10.0,322,1006.6,0.0
2022-04-26,43.0,36.0,9.0,1.0,19.0,2.0,"Borivali East, Mumbai",36.0,24.8,30.3,63,17.1,9.5,277,1007.4,0.0
2022-04-27,34.0,34.0,4.0,1.0,19.0,1.0,"Borivali East, Mumbai",38.1,24.6,31.8,53,18.3,10.3,325,1006.1,0.0
2022-04-28,55.0,35.0,6.0,1.0,19.0,1.0,"Borivali East, Mumbai",40.0,26.1,31.8,52,17.9,8.4,289,1006.6,0.0
2022-04-29,40.0,31.0,11.0,1.0,19.0,1.0,"Borivali East, Mumbai",35.3,26.5,30.3,75,15.9,11.0,247,1008.6,0.0
2022-04-30,37.0,28.0,8.0,1.0,19.0,1.25,"Borivali East, Mumbai",35.1,24.5,29.5,72,17.4,8.9,249,1007.2,0.0
2022-05-01,27.0,33.0,6.0,4.0,26.0,1.5,"Borivali East, Mumbai",35.1,25.6,29.6,77,16.6,9.2,245,1006.2,0.0
2022-05-02,32.0,23.0,2.0,3.0,26.0,1.75,"Borivali East, Mumbai",34.2,26.1,29.8,76,17.7,8.9,245,1006.4,0.0
2022-05-03,50.0,74.0,17.0,8.0,26.0,2.0,"Borivali East, Mumbai",34.4,26.1,29.8,76,18.8,8.5,261,1007.2,0.0
2022-05-04,68.0,71.0,18.0,7.0,26.0,1.0,"Borivali East, Mumbai",34.5,25.9,29.5,74,19.0,8.5,292,1008.2,0.0
2022-05-05,72.0,94.0,14.0,6.0,26.0,1.5,"Borivali East, Mumbai",34.8,25.0,28.9,78,20.5,9.9,313,1008.1,0.0
2022-05-06,100.0,101.0,20.0,5.0,26.0,2.0,"Borivali East, Mumbai",34.2,25.7,29.2,76,19.9,10.1,311,1007.5,0.0
2022-05-07,121.0,91.0,11.0,3.0,26.0,3.0,"Borivali East, Mumbai",34.5,24.8,29.2,77,20.0,9.5,297,1006.9,0.0
2022-05-08,135.0,86.0,13.0,1.0,26.0,4.0,"Borivali East, Mumbai",34.8,24.4,29.6,78,21.8,10.0,295,1005.0,0.0
2022-05-09,111.0,87.0,14.0,2.5,26.0,3.0,"Borivali East, Mumbai",34.2,25.4,29.6,78,21.8,10.5,288,1004.1,0.0
2022-05-10,97.0,79.0,7.0,4.0,26.0,3.0,"Borivali East, Mumbai",34.0,26.9,29.8,75,23.3,10.5,290,1003.9,0.0
2022-05-11,123.0,84.0,14.0,1.0,26.0,3.0,"Borivali East, Mumbai",33.5,26.1,29.5,77,17.3,10.0,262,1003.7,0.0
2022-05-12,117.0,94.0,7.0,1.0,26.0,3.0,"Borivali East, Mumbai",33.6,27.5,29.9,70,18.4,12.6,249,1004.7,0.1
2022-05-13,142.0,105.0,15.0,1.0,26.0,3.0,"Borivali East, Mumbai",33.4,27.5,29.8,71,17.9,12.1,240,1004.5,0.0
2022-05-14,121.0,83.0,15.0,8.0,26.0,3.0,"Borivali East, Mumbai",33.7,27.0,29.8,70,16.7,10.3,249,1004.9,0.0
2022-05-15,139.25,88.0,14.0,68.0,26.0,3.0,"Borivali East, Mumbai",33.9,27.4,30.0,71,17.4,10.5,268,1006.0,0.0
2022-05-16,157.5,135.0,8.0,82.0,26.0,3.0,"Borivali East, Mumbai",34.0,26.9,29.7,73,20.3,10.4,286,1005.4,0.1
2022-05-17,175.75,139.0,10.0,80.36734693877551,26.0,4.0,"Borivali East, Mumbai",34.0,26.9,29.7,73,17.1,9.6,271,1004.5,0.0
2022-05-18,194.0,92.0,15.0,78.73469387755102,26.0,5.0,"Borivali East, Mumbai",33.8,26.3,29.4,73,18.8,9.4,277,1004.8,0.1
2022-05-19,175.0,82.0,7.0,77.10204081632654,26.0,4.0,"Borivali East, Mumbai",33.7,26.2,29.6,72,20.6,10.6,282,1005.2,0.0
2022-05-20,162.0,64.0,5.0,7.0,26.0,4.0,"Borivali East, Mumbai",32.9,27.2,29.6,68,17.8,12.1,248,1006.3,0.0
2022-05-21,133.0,68.0,9.0,7.0,26.0,2.0,"Borivali East, Mumbai",33.5,27.9,30.2,62,21.3,14.5,241,1006.0,0.0
2022-05-22,86.0,45.0,9.0,7.0,26.0,2.0,"Borivali East, Mumbai",33.5,28.2,30.2,65,22.0,17.8,246,1004.2,0.0
2022-05-23,80.0,47.0,4.0,7.0,26.0,2.0,"Borivali East, Mumbai",33.7,28.0,30.3,67,21.7,17.1,243,1003.5,0.1
2022-05-24,84.0,41.0,11.0,7.0,26.0,1.0,"Borivali East, Mumbai",33.2,27.7,30.2,68,20.3,14.5,254,1006.1,0.1
2022-05-25,71.0,46.0,6.0,7.0,26.0,1.0,"Borivali East, Mumbai",33.5,26.1,29.5,70,17.8,11.0,280,1008.4,0.8
2022-05-26,75.0,39.0,4.0,7.0,26.0,2.0,"Borivali East, Mumbai",33.7,26.6,29.9,65,17.3,10.9,266,1008.1,0.2
2022-05-27,62.0,36.0,5.0,7.0,26.0,1.0,"Borivali East, Mumbai",33.9,27.5,30.2,60,19.8,13.2,255,1007.8,0.2
2022-05-28,52.0,32.0,5.0,7.0,26.0,2.0,"Borivali East, Mumbai",33.4,27.9,30.3,60,19.5,13.8,254,1006.8,0.0
2022-05-29,62.0,38.0,5.0,7.0,26.0,1.0,"Borivali East, Mumbai",33.7,28.2,30.3,61,19.4,13.9,258,1006.9,0.1
2022-05-30,66.0,39.0,5.0,7.0,26.0,1.0,"Borivali East, Mumbai",33.4,27.2,29.9,64,19.1,12.0,264,1006.6,0.0
2022-05-31,69.0,45.0,11.0,7.0,26.0,1.0,"Borivali East, Mumbai",33.9,27.2,29.8,66,19.9,11.8,282,1005.9,0.0
2022-06-01,72.0,139.0,10.0,7.0,8.0,3.333333333333333,"Borivali East, Mumbai",33.2,27.6,29.8,66,19.9,11.7,279,1006.1,0.1
2022-06-02,89.0,64.0,9.0,7.0,8.0,5.666666666666667,"Borivali East, Mumbai",33.5,27.3,29.7,69,18.7,11.3,276,1006.3,0.0
2022-06-03,82.0,37.0,6.0,7.0,8.0,8.0,"Borivali East, Mumbai",33.2,26.9,29.4,70,18.6,11.5,276,1006.1,0.1
2022-06-04,59.0,53.0,6.0,7.0,8.0,10.0,"Borivali East, Mumbai",33.8,26.2,29.7,70,17.4,11.0,282,1005.6,0.0
2022-06-05,68.0,58.0,14.0,7.0,8.0,9.0,"Borivali East, Mumbai",33.6,27.0,29.7,72,19.2,9.5,274,1005.4,0.0
2022-06-06,69.0,54.0,12.0,7.0,8.0,10.0,"Borivali East, Mumbai",33.8,26.5,29.7,69,18.2,9.0,258,1005.9,0.0
2022-06-07,87.0,30.0,10.0,7.0,8.0,8.0,"Borivali East, Mumbai",34.3,26.2,29.7,72,17.2,9.4,253,1006.2,1.8
2022-06-08,60.0,27.0,6.0,7.0,8.0,11.0,"Borivali East, Mumbai",33.0,26.7,29.5,76,15.1,10.9,248,1005.9,3.2
2022-06-09,54.0,49.0,8.0,7.0,8.0,16.0,"Borivali East, Mumbai",33.0,26.5,29.1,77,15.5,9.7,244,1004.7,4.5
2022-06-10,63.0,33.0,6.0,7.0,8.0,14.0,"Borivali East, Mumbai",31.5,26.2,28.1,80,13.8,9.1,201,1004.8,9.5
2022-06-11,53.0,33.0,4.0,7.0,8.0,14.0,"Borivali East, Mumbai",29.9,25.1,26.7,86,17.6,12.5,195,1005.4,20.4
2022-06-12,49.0,36.0,9.0,7.0,8.0,10.0,"Borivali East, Mumbai",29.0,24.9,26.4,86,20.9,13.3,187,1005.4,10.7
2022-06-13,50.0,49.0,4.0,7.0,8.0,1.0,"Borivali East, Mumbai",30.4,24.4,27.2,83,22.9,15.0,189,1006.5,3.6
2022-06-14,56.0,39.0,4.0,7.0,8.0,1.0,"Borivali East, Mumbai",31.0,25.1,28.0,80,20.1,14.6,199,1006.7,2.0
2022-06-15,55.0,41.0,3.0,7.0,8.0,1.0,"Borivali East, Mumbai",30.2,25.8,27.7,82,17.9,11.4,221,1006.1,4.7
2022-06-16,55.0,30.0,7.0,7.0,8.0,1.0,"Borivali East, Mumbai",30.5,25.0,27.7,82,17.0,11.4,209,1005.8,2.5
2022-06-17,54.0,39.0,3.0,7.0,8.0,1.0,"Borivali East, Mumbai",30.1,25.5,27.7,82,16.4,12.2,205,1005.1,2.3
2022-06-18,56.0,32.0,2.0,7.0,8.0,1.0,"Borivali East, Mumbai",30.4,25.8,28.1,80,19.7,13.1,203,1005.3,3.5
2022-06-19,51.0,28.0,2.0,7.0,8.0,1.0,"Borivali East, Mumbai",29.1,25.2,26.8,87,18.6,13.6,209,1005.7,19.6
2022-06-20,53.0,25.0,7.0,7.0,8.0,1.0,"Borivali East, Mumbai",27.9,24.4,25.5,93,14.5,10.4,218,1004.9,41.3
2022-06-21,49.0,35.0,10.0,7.0,8.0,2.0,"Borivali East, Mumbai",27.9,23.7,25.5,91,21.6,12.5,194,1002.7,18.2
2022-06-22,58.0,29.0,12.0,7.0,8.0,2.0,"Borivali East, Mumbai",30.2,24.1,26.1,89,17.1,10.0,181,1003.9,20.9
2022-06-23,59.0,23.0,5.0,7.0,8.0,2.0,"Borivali East, Mumbai",30.1,23.8,26.0,90,9.4,6.7,167,1005.0,32.4
2022-06-24,46.0,21.0,8.0,7.0,8.0,1.0,"Borivali East, Mumbai",30.1,24.5,26.2,89,14.6,9.3,141,1003.3,18.6
2022-06-25,44.0,18.0,7.0,7.0,8.0,2.0,"Borivali East, Mumbai",30.5,24.5,26.5,87,17.4,13.7,143,1000.4,5.8
2022-06-26,43.0,41.0,10.0,7.0,8.0,3.0,"Borivali East, Mumbai",27.9,24.8,25.9,89,22.7,16.5,155,1000.6,16.9
2022-06-27,57.0,33.0,3.0,7.0,8.0,4.0,"Borivali East, Mumbai",28.1,24.6,25.9,91,18.7,14.0,192,1003.1,33.9
2022-06-28,54.0,39.0,6.0,7.0,8.0,5.0,"Borivali East, Mumbai",28.3,24.9,26.1,90,16.5,12.4,201,1004.6,9.3
2022-06-29,60.0,36.0,3.0,7.0,8.0,4.0,"Borivali East, Mumbai",29.1,25.0,26.4,89,16.6,12.0,213,1003.5,5.9
2022-06-30,61.0,19.0,3.0,7.0,8.0,4.0,"Borivali East, Mumbai",27.5,24.6,25.8,92,16.5,10.8,215,1003.4,19.3
2022-07-01,65.0,39.0,3.0,12.0,11.1,3.0,"Borivali East, Mumbai",26.0,24.1,25.0,94,15.8,10.9,214,1004.1,46.9
2022-07-02,65.61244019138756,39.0,6.0,12.0,11.1,2.0,"Borivali East, Mumbai",28.2,24.3,25.6,91,18.2,11.6,226,1002.7,20.1
2022-07-03,66.22488038277513,37.0,2.0,12.0,11.1,2.0,"Borivali East, Mumbai",28.0,24.1,25.6,91,20.6,12.2,210,1002.4,23.1
2022-07-04,66.83732057416267,18.0,6.0,2.0,11.1,2.0,"Borivali East, Mumbai",26.6,24.4,25.4,92,15.3,11.4,221,1002.3,27.7
2022-07-05,60.0,43.0,7.0,1.0,11.1,2.0,"Borivali East, Mumbai",25.8,24.2,25.2,94,17.2,12.7,241,1001.0,50.6
2022-07-06,60.0,35.0,7.0,2.0,11.1,2.0,"Borivali East, Mumbai",26.0,24.7,25.1,93,17.1,13.5,218,1002.3,30.7
2022-07-07,60.0,37.0,5.0,2.0,11.1,3.0,"Borivali East, Mumbai",26.3,24.6,25.4,92,18.2,14.2,243,1005.3,36.7
2023-01-25,144.5,175.0,39.0,36.0,1.0,11.0,"Borivali East, Mumbai",28.2,16.5,21.1,50,20.9,12.6,337,1012.9,0.0
2023-01-26,193.0,150.0,33.0,30.0,1.0,10.0,"Borivali East, Mumbai",29.6,17.5,22.9,53,17.8,11.9,339,1012.3,0.0
2023-01-27,186.0,117.0,30.0,30.0,1.0,6.0,"Borivali East, Mumbai",34.5,20.5,25.9,61,15.8,10.7,14,1011.3,0.0
2023-01-28,167.0,117.0,31.0,27.0,1.0,5.0,"Borivali East, Mumbai",33.5,20.1,25.1,66,16.9,8.7,182,1010.5,0.0
2023-01-29,168.0,112.0,33.0,28.0,1.0,4.0,"Borivali East, Mumbai",27.7,20.8,23.3,87,16.4,7.6,262,1010.3,0.7
2023-01-30,165.0,140.0,33.0,34.0,1.0,6.0,"Borivali East, Mumbai",30.2,18.8,23.5,75,18.7,10.3,332,1012.9,0.0
2023-01-31,176.0,133.0,28.0,32.0,1.0,5.0,"Borivali East, Mumbai",32.5,20.9,25.9,57,18.7,12.8,352,1012.6,0.0
2023-02-01,174.0,103.0,30.0,31.0,1.0,6.0,"Borivali East, Mumbai",34.2,22.9,27.5,47,19.4,11.4,50,1012.0,0.0
2023-02-02,162.0,106.0,33.0,33.0,1.0,7.0,"Borivali East, Mumbai",34.7,23.4,27.6,46,15.9,13.2,34,1012.2,0.0
2023-02-03,162.0,105.0,33.0,34.0,1.0,6.0,"Borivali East, Mumbai",33.8,21.0,26.4,44,16.3,10.4,9,1012.8,0.0
2023-02-04,162.0,105.0,33.0,35.0,1.0,6.0,"Borivali East, Mumbai",34.0,18.1,25.5,46,16.0,8.8,348,1011.6,0.0
2023-02-05,162.0,104.0,40.0,33.0,1.0,7.0,"Borivali East, Mumbai",33.2,17.2,24.4,54,13.4,7.3,332,1010.9,0.0
2023-02-06,168.0,109.0,28.0,31.0,1.0,4.0,"Borivali East, Mumbai",31.8,16.9,24.1,58,17.1,9.4,327,1011.6,0.0
2023-02-07,161.0,130.0,34.0,42.0,1.0,7.0,"Borivali East, Mumbai",33.2,18.4,24.7,54,18.9,10.9,342,1011.3,0.0
2023-02-08,170.0,117.0,41.0,45.0,1.0,6.0,"Borivali East, Mumbai",34.4,17.5,25.6,48,16.3,8.8,345,1011.2,0.0
2023-02-09,164.0,108.0,33.0,40.0,1.0,4.0,"Borivali East, Mumbai",36.3,19.6,26.4,43,16.6,9.6,1,1011.5,0.0
2023-02-10,156.0,97.0,26.0,35.0,1.0,3.0,"Borivali East, Mumbai",34.3,17.7,25.2,46,15.3,9.0,325,1013.0,0.0
2023-02-11,145.0,136.0,29.0,30.0,1.0,3.0,"Borivali East, Mumbai",34.5,16.3,24.8,42,17.1,10.1,337,1013.9,0.0
2023-02-12,157.0,107.0,26.0,51.0,1.0,3.0,"Borivali East, Mumbai",36.0,17.5,26.6,37,17.0,9.5,6,1013.7,0.0
2023-02-13,143.0,106.0,30.0,36.0,1.0,4.0,"Borivali East, Mumbai",36.0,22.5,27.8,33,17.9,13.0,17,1013.5,0.0
2023-02-14,153.0,123.0,32.0,40.0,1.0,5.0,"Borivali East, Mumbai",35.5,20.5,26.4,33,16.5,10.8,14,1013.4,0.0
2023-02-15,153.0,84.0,26.0,32.0,1.0,1.0,"Borivali East, Mumbai",36.0,18.3,26.1,36,18.2,9.4,359,1011.7,0.0
2023-02-16,133.0,110.0,30.0,38.0,1.0,4.0,"Borivali East, Mumbai",37.8,21.9,28.5,27,19.7,12.9,32,1012.0,0.0
2023-02-17,152.0,104.0,32.0,39.0,1.0,3.0,"Borivali East, Mumbai",38.0,21.4,28.6,28,17.7,11.4,16,1012.4,0.0
2023-02-18,151.0,122.0,43.0,40.0,1.0,4.0,"Borivali East, Mumbai",37.8,21.4,28.3,29,18.0,12.2,17,1012.0,0.0
2023-02-19,165.0,110.0,55.0,41.0,1.0,3.0,"Borivali East, Mumbai",37.8,20.6,27.5,32,15.3,9.6,33,1011.8,0.0
2023-02-20,157.0,101.0,30.0,42.0,1.0,3.0,"Borivali East, Mumbai",34.5,17.5,25.6,53,14.3,7.0,256,1012.3,0.0
2023-02-21,154.0,90.0,31.0,36.0,1.0,6.0,"Borivali East, Mumbai",34.5,18.4,25.9,53,17.0,9.4,323,1013.0,0.0
2023-02-22,137.0,106.0,39.0,37.0,1.0,7.0,"Borivali East, Mumbai",32.8,17.8,25.0,57,17.8,10.0,326,1012.6,0.0
2023-02-23,158.0,147.0,42.0,43.0,1.0,10.0,"Borivali East, Mumbai",36.5,18.5,26.4,38,17.1,9.8,332,1011.6,0.0
2023-02-24,180.0,135.0,40.0,38.0,1.0,7.0,"Borivali East, Mumbai",37.6,19.6,28.0,32,18.6,9.9,337,1012.5,0.0
2023-02-25,174.0,132.0,41.0,39.0,1.0,7.0,"Borivali East, Mumbai",37.3,21.3,28.3,29,21.9,11.4,337,1014.2,0.0
2023-02-26,179.0,127.0,35.0,40.0,1.0,7.0,"Borivali East, Mumbai",37.3,19.9,27.7,31,19.9,10.1,340,1014.7,0.0
2023-02-27,173.0,101.0,34.0,33.0,1.0,3.0,"Borivali East, Mumbai",37.0,21.3,28.1,30,20.5,11.0,341,1014.4,0.0
2023-02-28,155.0,95.0,30.0,30.0,1.0,2.0,"Borivali East, Mumbai",36.2,18.0,26.6,38,16.3,8.9,326,1014.6,0.0
2023-03-01,155.0,133.0,42.0,40.0,1.0,6.0,"Borivali East, Mumbai",35.8,19.9,26.9,42,17.1,9.2,333,1015.1,0.0
2023-03-02,175.0,131.0,49.0,38.0,1.0,5.0,"Borivali East, Mumbai",37.4,21.8,28.5,35,17.6,8.3,348,1015.0,0.0
2023-03-03,176.0,133.0,43.0,37.0,1.0,4.0,"Borivali East, Mumbai",37.5,21.4,28.1,44,17.1,6.9,310,1015.5,0.0
2023-03-04,180.0,136.0,41.0,32.0,1.0,3.0,"Borivali East, Mumbai",37.2,21.6,28.3,51,14.8,7.5,302,1015.2,0.0
2023-03-05,181.0,120.0,23.0,24.0,1.0,2.0,"Borivali East, Mumbai",38.7,22.4,29.2,48,20.0,8.7,318,1014.7,0.0
2023-03-06,170.0,72.0,25.22222222222222,24.0,1.0,3.0,"Borivali East, Mumbai",36.2,25.1,29.9,36,19.3,12.6,50,1013.9,0.3
2023-03-07,151.0,101.0,27.444444444444443,34.0,1.0,4.0,"Borivali East, Mumbai",36.8,23.8,29.4,36,21.7,11.0,76,1013.5,0.0
2023-03-08,161.0,93.0,29.666666666666664,34.0,1.0,4.0,"Borivali East, Mumbai",37.0,21.3,28.5,42,14.3,8.6,351,1013.4,0.0
2023-03-09,160.0,98.0,18.0,31.0,1.0,5.0,"Borivali East, Mumbai",37.9,22.4,29.7,28,22.5,10.9,1,1012.7,0.0
2023-03-10,145.0,97.0,18.0,30.0,1.0,3.0,"Borivali East, Mumbai",37.2,24.5,29.6,25,22.1,13.2,354,1012.2,0.0
2023-03-11,161.0,92.0,18.0,32.0,1.0,3.0,"Borivali East, Mumbai",38.8,23.1,29.9,32,20.1,10.1,4,1011.6,0.0
2023-03-12,163.0,71.0,18.0,31.0,1.0,5.0,"Borivali East, Mumbai",39.3,23.0,30.2,33,16.2,8.8,12,1011.0,0.0
2023-03-13,165.0,64.0,18.0,28.0,1.0,4.875,"Borivali East, Mumbai",39.0,23.9,30.1,42,18.4,7.9,265,1010.0,0.0
2023-03-14,157.0,89.0,43.0,33.0,1.0,4.75,"Borivali East, Mumbai",37.8,22.5,29.6,50,17.3,9.4,356,1008.9,0.0
2023-03-15,158.0,83.0,35.0,32.0,1.0,4.625,"Borivali East, Mumbai",36.9,23.7,29.1,47,17.1,7.5,344,1007.9,0.2
2023-03-16,154.0,84.0,32.0,29.0,1.0,4.0,"Borivali East, Mumbai",34.5,22.4,27.2,62,17.7,9.6,119,1009.5,18.7
2023-03-17,140.0,84.0,30.0,24.0,1.0,4.0,"Borivali East, Mumbai",32.4,21.7,26.4,76,13.8,7.9,246,1010.1,1.3
2023-03-18,145.0,84.0,17.0,21.0,1.0,4.0,"Borivali East, Mumbai",32.0,23.4,26.9,76,16.5,9.0,299,1009.0,0.3
2023-03-19,114.0,84.0,16.0,20.0,1.0,4.0,"Borivali East, Mumbai",31.1,21.6,25.8,72,18.0,8.6,261,1009.0,0.0
2023-03-20,99.0,84.0,18.0,23.0,1.0,4.0,"Borivali East, Mumbai",30.7,22.2,25.8,66,17.2,8.8,295,1008.8,0.0
2023-03-21,89.0,83.0,17.0,23.0,1.0,6.0,"Borivali East, Mumbai",30.2,21.4,25.2,71,15.9,7.3,281,1009.6,0.7
2023-03-22,85.0,82.0,14.0,20.0,1.0,6.0,"Borivali East, Mumbai",31.0,21.2,25.8,71,16.3,7.9,304,1010.5,0.1
2023-03-23,75.0,81.0,11.0,18.0,1.0,6.0,"Borivali East, Mumbai",31.5,21.6,26.0,70,17.8,8.7,307,1010.6,0.1
2023-03-24,82.0,79.5,26.0,16.0,1.0,7.0,"Borivali East, Mumbai",31.5,21.0,25.9,73,19.8,9.5,315,1010.7,0.0
2023-03-25,90.0,79.5,24.0,15.0,1.0,7.0,"Borivali East, Mumbai",30.9,20.0,24.8,65,21.4,10.0,328,1011.8,0.0
2023-03-26,108.0,78.0,23.0,16.0,1.0,8.0,"Borivali East, Mumbai",30.6,18.8,24.4,68,18.7,10.1,320,1011.5,0.0
2023-03-27,123.0,87.0,31.0,15.0,1.0,8.0,"Borivali East, Mumbai",31.5,19.4,24.9,75,17.6,8.5,303,1011.1,0.0
2023-03-28,138.0,90.0,24.0,14.0,1.0,6.0,"Borivali East, Mumbai",31.9,21.2,25.7,73,17.0,8.1,310,1010.3,0.0
2023-03-29,127.0,68.0,18.0,13.0,1.0,6.0,"Borivali East, Mumbai",31.2,20.4,25.5,76,16.4,8.4,307,1010.8,0.0
2023-03-30,111.0,57.0,14.0,12.0,1.0,7.0,"Borivali East, Mumbai",30.5,20.9,25.5,74,16.0,8.0,277,1010.4,0.1
2023-03-31,94.0,59.66666666666666,16.333333333333332,11.666666666666666,1.0,7.0,"Borivali East, Mumbai",30.6,22.6,26.3,71,16.3,7.8,297,1010.0,0.5
2023-04-02,103.33333333333331,65.0,21.0,11.0,19.0,7.0,"Borivali East, Mumbai",31.5,21.1,25.8,73,20.8,9.3,305,1010.2,0.0
2023-04-03,108.0,75.0,25.0,12.0,19.0,8.0,"Borivali East, Mumbai",31.5,22.1,26.2,75,21.1,9.0,309,1009.8,0.0
2023-04-04,98.0,66.0,23.0,11.0,19.0,8.0,"Borivali East, Mumbai",32.8,22.0,26.6,76,20.3,9.4,319,1010.3,0.0
2023-04-05,94.0,93.0,40.0,12.0,19.0,8.0,"Borivali East, Mumbai",33.2,22.4,27.0,76,19.2,9.2,311,1010.0,0.0
2023-04-06,130.0,116.0,42.0,15.0,19.0,9.0,"Borivali East, Mumbai",35.8,22.3,28.6,64,16.4,10.0,330,1009.8,0.1
2023-04-07,149.0,112.0,59.0,17.0,19.0,10.0,"Borivali East, Mumbai",37.5,24.9,30.8,46,19.8,11.3,336,1010.5,0.0
2023-04-08,141.0,100.0,43.0,13.0,19.0,9.0,"Borivali East, Mumbai",37.0,25.6,30.3,47,15.8,8.5,334,1012.1,0.0
2023-04-09,38.0,106.0,45.0,12.0,19.0,8.0,"Borivali East, Mumbai",38.0,24.8,30.6,48,19.7,8.6,331,1012.4,0.0
2023-04-10,43.0,88.0,35.0,13.0,19.0,7.0,"Borivali East, Mumbai",38.5,25.5,31.1,49,18.0,9.0,318,1010.8,0.0
2023-04-11,81.0,86.0,33.0,14.0,19.0,6.0,"Borivali East, Mumbai",38.5,25.9,30.8,53,20.2,10.5,316,1011.1,0.0
2023-04-12,128.0,151.0,35.0,21.0,19.0,7.0,"Borivali East, Mumbai",38.8,25.5,31.8,45,22.4,12.1,326,1010.6,0.0
2023-04-13,118.0,186.0,31.0,17.0,19.0,6.0,"Borivali East, Mumbai",37.6,26.9,31.8,42,18.2,10.5,329,1010.2,0.0
2023-04-14,122.0,116.0,19.0,12.0,19.0,6.0,"Borivali East, Mumbai",38.1,26.1,30.9,49,19.4,10.8,320,1010.0,0.1
2023-04-15,85.0,75.0,18.0,11.0,19.0,6.0,"Borivali East, Mumbai",37.2,23.8,29.6,56,19.5,9.0,313,1010.0,0.0
2023-04-16,106.0,71.0,21.0,11.0,19.0,4.0,"Borivali East, Mumbai",37.1,23.1,29.3,61,20.0,9.6,313,1008.9,0.0
2023-04-17,86.0,87.0,35.0,14.0,19.0,6.0,"Borivali East, Mumbai",37.4,23.5,29.5,63,18.7,9.3,323,1009.0,0.0
2023-04-18,107.0,91.0,35.0,18.0,19.0,10.0,"Borivali East, Mumbai",40.5,24.8,32.6,42,18.7,12.1,342,1009.3,0.0
2023-04-19,140.0,78.0,25.0,12.0,19.0,9.0,"Borivali East, Mumbai",40.2,27.7,33.8,35,22.6,12.4,327,1007.0,0.0
2023-04-20,95.0,58.0,16.0,9.0,19.0,8.0,"Borivali East, Mumbai",37.8,25.7,30.7,55,20.5,11.2,309,1005.9,0.0
2023-04-21,71.0,52.0,13.0,8.0,19.0,7.0,"Borivali East, Mumbai",34.2,23.4,28.3,66,18.6,9.6,309,1006.7,0.0
2023-04-22,63.0,148.0,14.0,7.0,19.0,9.0,"Borivali East, Mumbai",33.2,22.9,27.6,75,18.0,8.5,273,1007.2,0.1
2023-04-23,66.0,55.0,18.0,7.0,19.0,8.0,"Borivali East, Mumbai",33.2,23.7,27.8,74,17.6,9.6,294,1007.5,0.0
2023-04-24,70.0,65.0,28.0,9.0,19.0,9.0,"Borivali East, Mumbai",35.0,23.2,28.3,75,20.3,9.0,305,1007.6,0.3
2023-04-25,86.0,70.0,19.0,9.0,19.0,10.0,"Borivali East, Mumbai",36.5,23.8,29.0,74,18.5,8.2,272,1007.6,0.0
2023-04-26,89.0,57.0,21.0,7.0,19.0,10.0,"Borivali East, Mumbai",33.9,25.1,28.7,73,18.8,10.3,232,1008.2,0.0
2023-04-27,79.0,52.0,15.0,7.0,19.0,9.0,"Borivali East, Mumbai",34.0,23.9,28.4,71,17.6,7.7,294,1008.5,0.0
2023-04-28,67.0,52.0,15.0,9.0,19.0,9.0,"Borivali East, Mumbai",33.2,24.5,28.4,70,16.4,8.5,300,1009.2,0.0
2023-04-29,76.0,42.0,12.0,8.0,19.0,9.0,"Borivali East, Mumbai",32.6,24.0,27.7,72,17.9,8.1,288,1008.8,0.7
2023-04-30,63.0,40.0,20.0,7.0,19.0,9.0,"Borivali East, Mumbai",32.5,24.1,27.8,71,18.7,8.0,289,1007.4,2.6
2023-05-01,60.0,39.0,16.0,8.0,26.0,11.0,"Borivali East, Mumbai",32.5,23.6,27.4,68,15.5,7.1,274,1007.3,0.8
2023-05-02,65.0,45.0,17.0,7.0,26.0,10.0,"Borivali East, Mumbai",32.8,24.1,28.2,67,16.2,7.1,278,1007.9,0.8
2023-05-03,71.0,47.0,18.0,7.0,26.0,11.0,"Borivali East, Mumbai",32.9,24.1,28.1,68,17.4,8.2,293,1009.3,0.0
2023-05-04,73.0,52.0,15.0,7.0,26.0,10.0,"Borivali East, Mumbai",32.6,23.1,27.8,73,15.1,8.0,305,1008.7,1.0
2023-05-05,74.0,49.0,13.0,7.0,26.0,10.0,"Borivali East, Mumbai",33.7,23.5,28.2,73,17.2,7.5,289,1008.0,0.0
2023-05-06,67.0,53.0,12.0,7.0,26.0,10.0,"Borivali East, Mumbai",32.8,24.1,28.4,75,20.5,9.8,302,1008.0,0.1
2023-05-07,73.0,50.0,14.0,5.0,26.0,11.0,"Borivali East, Mumbai",30.2,25.0,27.6,81,15.5,7.2,292,1008.3,14.4
2023-05-08,74.0,57.0,16.0,6.0,26.0,9.0,"Borivali East, Mumbai",33.7,27.0,29.6,73,18.7,9.0,291,1007.4,0.8
2023-05-09,72.0,74.0,21.0,7.0,26.0,11.0,"Borivali East, Mumbai",34.2,27.2,30.1,73,16.9,8.2,295,1007.7,0.4
2023-05-10,84.0,76.0,30.0,8.0,26.0,12.0,"Borivali East, Mumbai",36.2,26.7,30.6,74,19.1,8.1,289,1006.8,0.0
2023-05-11,92.0,76.0,24.0,9.0,26.0,11.0,"Borivali East, Mumbai",37.4,25.6,30.8,74,16.6,7.3,245,1006.9,0.0
2023-05-12,93.0,59.0,20.0,8.0,26.0,10.0,"Borivali East, Mumbai",36.3,26.0,30.5,77,15.4,8.8,231,1007.5,0.0
2023-05-13,72.0,42.0,16.0,6.0,26.0,11.0,"Borivali East, Mumbai",35.0,26.8,30.3,74,17.0,11.0,237,1008.4,0.0
2023-05-14,59.0,52.0,13.0,6.0,26.0,10.0,"Borivali East, Mumbai",34.4,26.1,29.9,74,17.2,9.8,254,1007.9,0.0
2023-05-15,71.0,52.0,13.0,7.0,26.0,9.0,"Borivali East, Mumbai",34.5,27.4,30.3,72,17.7,10.2,266,1008.7,0.0
2023-05-16,70.0,40.0,13.0,5.0,26.0,11.0,"Borivali East, Mumbai",34.2,26.4,30.2,71,17.7,9.8,268,1010.1,0.2
2023-05-17,66.0,47.0,16.0,5.0,26.0,11.0,"Borivali East, Mumbai",34.8,27.1,30.1,71,19.5,9.4,293,1010.3,0.3
2023-05-18,69.0,41.0,17.0,4.0,26.0,10.0,"Borivali East, Mumbai",34.7,26.1,29.7,76,21.3,10.7,307,1011.5,0.1
2023-05-19,62.0,43.75,16.25,4.5,26.0,9.5,"Borivali East, Mumbai",34.8,26.2,29.8,77,20.6,10.9,309,1010.0,0.0
2023-05-22,63.5,52.0,14.0,6.0,26.0,8.0,"Borivali East, Mumbai",34.0,25.8,29.4,74,17.3,8.9,297,1010.8,0.0
2023-05-23,64.0,47.0,13.0,5.0,26.0,12.0,"Borivali East, Mumbai",35.0,25.1,29.5,75,20.5,10.5,309,1010.7,0.0
2023-05-24,60.0,47.0,14.0,5.0,26.0,11.0,"Borivali East, Mumbai",34.8,26.4,30.1,73,18.2,9.6,280,1010.2,0.0
2023-05-25,57.0,46.0,12.0,5.0,26.0,12.0,"Borivali East, Mumbai",34.0,27.5,30.4,66,19.6,11.5,260,1010.8,0.0
2023-05-26,68.0,45.0,12.0,5.0,26.0,12.0,"Borivali East, Mumbai",33.5,28.4,30.5,64,20.9,13.9,261,1011.1,1.2
2023-05-27,75.0,37.0,12.0,5.0,26.0,11.0,"Borivali East, Mumbai",34.5,27.0,30.7,62,18.6,12.1,257,1010.1,0.0
2023-05-28,65.0,41.0,16.0,5.5,26.0,10.0,"Borivali East, Mumbai",34.7,26.6,30.7,67,18.3,10.6,280,1009.2,0.0
2023-05-29,62.0,48.0,24.0,6.0,26.0,11.0,"Borivali East, Mumbai",35.3,26.9,30.4,74,20.0,9.4,297,1008.6,0.0
2023-05-30,62.0,56.0,23.0,6.0,26.0,12.0,"Borivali East, Mumbai",35.5,26.5,30.7,76,18.2,9.2,293,1008.6,0.0
2023-05-31,71.0,53.0,21.0,6.0,26.0,13.0,"Borivali East, Mumbai",36.5,26.9,30.9,75,20.7,11.0,314,1008.2,0.0
2023-06-01,66.0,47.0,10.0,5.0,8.0,12.0,"Borivali East, Mumbai",35.5,25.8,30.1,77,19.2,9.6,285,1008.1,0.0
2023-06-02,60.0,32.0,13.0,6.0,8.0,12.0,"Borivali East, Mumbai",34.5,27.0,30.5,72,18.2,10.5,283,1009.0,0.0
2023-06-03,54.0,40.0,11.0,5.0,8.0,13.0,"Borivali East, Mumbai",35.0,28.2,31.1,67,16.3,11.2,273,1008.3,0.2
2023-06-04,63.0,50.0,13.0,6.0,8.0,13.0,"Borivali East, Mumbai",34.3,28.4,30.8,70,18.2,10.2,274,1008.1,2.9
2023-06-05,61.0,58.0,14.0,5.0,8.0,12.0,"Borivali East, Mumbai",34.0,27.4,30.4,72,18.4,10.7,264,1007.6,0.3
2023-06-06,71.0,56.0,10.0,5.0,8.0,13.0,"Borivali East, Mumbai",34.6,27.6,30.7,68,16.6,10.0,262,1007.2,0.1
2023-06-07,76.0,52.0,17.0,5.0,8.0,20.0,"Borivali East, Mumbai",34.6,27.0,30.8,69,16.3,10.2,246,1006.9,0.0
2023-06-08,73.0,40.0,18.0,5.0,8.0,21.0,"Borivali East, Mumbai",35.7,27.9,31.2,68,17.2,10.1,231,1007.2,0.4
2023-06-09,65.0,55.0,20.0,5.0,8.0,21.0,"Borivali East, Mumbai",35.0,27.5,30.7,73,21.3,13.8,199,1005.2,4.7
2023-06-10,83.0,61.0,17.0,5.0,8.0,21.0,"Borivali East, Mumbai",35.3,28.2,30.9,69,26.2,17.4,187,1003.7,2.9
2023-06-11,87.0,52.0,12.0,5.0,8.0,18.0,"Borivali East, Mumbai",33.8,27.3,30.2,68,25.4,19.3,176,1003.0,2.5
2023-06-12,70.0,50.0,10.0,5.0,8.0,22.0,"Borivali East, Mumbai",33.3,24.7,29.0,74,35.7,21.5,179,1002.8,5.3
2023-06-13,70.0,51.0,9.0,3.0,8.0,22.0,"Borivali East, Mumbai",32.0,25.5,28.3,79,31.8,22.8,186,1004.4,6.2
2023-06-14,68.0,50.0,9.0,4.0,8.0,21.0,"Borivali East, Mumbai",31.8,24.9,28.3,79,31.2,21.1,194,1006.3,3.9
2023-06-15,72.0,54.0,10.0,3.0,8.0,21.0,"Borivali East, Mumbai",32.8,27.0,29.5,74,30.7,22.8,201,1006.3,4.2
2023-06-16,75.0,49.0,10.0,3.0,8.0,21.0,"Borivali East, Mumbai",31.8,26.6,29.1,76,32.2,24.3,213,1005.6,5.8
2023-06-17,67.0,55.0,11.0,3.0,8.0,21.0,"Borivali East, Mumbai",31.8,26.0,28.7,79,24.7,18.0,230,1006.5,5.4
2023-06-18,80.0,56.0,10.0,4.0,8.0,21.0,"Borivali East, Mumbai",31.6,26.5,28.8,79,20.5,14.3,249,1007.1,4.4
2023-06-19,68.0,57.0,11.0,5.0,8.0,20.0,"Borivali East, Mumbai",32.3,27.0,29.3,76,20.0,13.4,248,1006.1,0.4
2023-06-20,79.0,52.0,11.0,4.0,8.0,21.0,"Borivali East, Mumbai",32.7,26.6,29.2,76,19.5,12.0,253,1005.3,1.0
2023-06-21,83.0,75.66666666666666,9.0,4.0,8.0,21.0,"Borivali East, Mumbai",32.5,26.3,29.2,78,18.9,10.5,247,1005.6,1.6
2023-06-22,76.0,99.33333333333331,9.0,3.0,8.0,21.0,"Borivali East, Mumbai",32.8,26.8,29.5,75,17.7,11.4,247,1005.8,2.3
2023-06-23,82.0,123.0,11.0,2.9411764705882355,8.0,21.0,"Borivali East, Mumbai",32.4,26.1,28.8,79,16.9,11.0,219,1005.5,3.7
2023-06-24,63.0,39.0,13.0,2.8823529411764706,8.0,17.666666666666668,"Borivali East, Mumbai",30.0,24.0,26.6,86,15.7,9.1,213,1004.4,40.3
2023-06-25,59.0,39.0,6.0,2.823529411764706,8.0,14.333333333333332,"Borivali East, Mumbai",27.6,24.9,25.9,91,16.5,9.7,210,1004.5,15.8
2023-06-26,68.0,194.0,5.0,7.0,8.0,11.0,"Borivali East, Mumbai",26.4,24.5,25.2,94,17.6,10.2,211,1005.8,28.1
2023-06-27,111.0,47.0,6.0,7.0,8.0,12.0,"Borivali East, Mumbai",27.4,24.2,25.3,93,16.6,9.9,212,1005.5,19.1
2023-06-28,59.0,28.0,10.0,7.0,8.0,12.0,"Borivali East, Mumbai",27.4,24.9,25.7,93,17.0,11.7,230,1005.9,43.9
2023-06-29,59.0,20.0,10.0,7.0,8.0,9.0,"Borivali East, Mumbai",26.2,24.9,25.5,93,18.6,13.2,240,1006.2,38.1
2023-06-30,62.0,20.33333333333333,8.0,7.0,8.0,6.0,"Borivali East, Mumbai",26.4,24.9,25.5,93,20.7,16.5,246,1006.1,52.5
2023-07-01,62.0,20.666666666666668,7.0,12.0,11.1,14.0,"Borivali East, Mumbai",27.5,24.4,25.6,93,19.2,13.2,231,1006.9,39.8
2023-07-02,64.0,21.0,12.0,12.0,11.1,22.0,"Borivali East, Mumbai",28.6,24.8,26.1,91,18.5,11.7,224,1006.1,32.7
2023-07-03,61.0,23.0,11.0,12.0,11.1,22.0,"Borivali East, Mumbai",28.9,25.1,26.8,90,14.8,10.5,222,1004.3,8.9
2023-07-04,51.0,29.0,11.0,12.0,11.1,18.0,"Borivali East, Mumbai",29.0,25.0,26.6,91,15.8,9.8,234,1002.7,24.7
2023-07-05,45.0,19.0,11.0,12.0,11.1,13.0,"Borivali East, Mumbai",28.9,24.2,26.1,92,14.1,9.2,215,1001.0,28.6
2023-07-06,41.0,23.0,11.0,12.0,11.1,15.0,"Borivali East, Mumbai",26.3,23.8,25.0,95,21.0,12.2,197,1002.2,47.8
2023-07-07,41.0,40.0,12.0,12.0,11.1,13.0,"Borivali East, Mumbai",26.8,25.1,25.8,92,23.4,16.0,227,1003.2,34.9
2023-07-08,72.0,42.0,9.0,12.0,11.1,14.0,"Borivali East, Mumbai",30.1,25.1,26.9,86,27.5,19.0,235,1005.0,13.4
2023-07-09,71.0,35.0,11.0,2.0,11.1,16.0,"Borivali East, Mumbai",29.6,25.1,27.0,86,25.2,17.2,231,1005.9,9.9
2023-07-10,66.0,43.0,9.0,4.0,11.1,19.0,"Borivali East, Mumbai",29.1,25.0,27.0,85,21.4,14.0,236,1006.5,4.0
2023-07-11,74.0,45.0,8.0,33.0,11.1,20.0,"Borivali East, Mumbai",29.6,24.9,27.0,85,20.3,11.1,257,1006.8,3.9
2023-07-12,74.0,42.0,10.0,21.0,11.1,21.0,"Borivali East, Mumbai",27.1,24.5,25.5,93,10.9,6.4,201,1005.9,9.4
2023-07-13,74.0,29.0,6.0,20.0,11.1,21.0,"Borivali East, Mumbai",27.9,24.0,25.7,92,17.0,10.2,204,1005.5,20.8
2023-07-14,58.0,38.0,8.0,24.0,11.1,22.0,"Borivali East, Mumbai",27.4,24.5,25.7,91,18.0,10.5,235,1006.8,32.8
2023-07-15,69.0,31.0,8.0,15.0,11.1,22.0,"Borivali East, Mumbai",26.9,23.9,25.5,92,14.1,9.3,240,1007.5,15.9
2023-07-16,67.0,22.0,8.0,13.0,11.1,21.666666666666668,"Borivali East, Mumbai",28.5,23.8,25.3,92,16.5,9.1,231,1006.7,16.7
2023-07-17,51.0,22.0,4.0,13.0,11.1,21.33333333333333,"Borivali East, Mumbai",27.1,24.1,25.4,93,17.8,11.8,237,1005.4,44.0
2023-07-18,57.0,31.0,4.0,12.0,11.1,21.0,"Borivali East, Mumbai",26.1,25.0,25.6,94,25.1,17.2,252,1004.1,66.0
2023-07-19,60.0,40.0,5.0,9.0,11.1,20.0,"Borivali East, Mumbai",27.2,25.1,25.7,92,20.8,16.2,258,1002.0,34.0
2023-07-20,66.0,31.0,3.0,26.0,11.1,19.0,"Borivali East, Mumbai",27.4,24.9,25.8,91,20.4,15.7,254,1002.5,46.9
2023-07-21,64.0,28.0,3.0,94.0,11.1,18.0,"Borivali East, Mumbai",27.0,25.0,25.9,92,18.4,13.0,252,1004.2,36.1
2023-07-22,67.0,25.0,3.0,66.0,11.1,17.0,"Borivali East, Mumbai",26.4,24.6,25.5,93,18.5,14.2,255,1004.8,37.8
2023-07-23,59.0,26.0,3.0,37.0,11.1,19.5,"Borivali East, Mumbai",27.8,24.6,25.7,92,24.0,16.3,243,1003.8,28.1
2023-07-24,57.0,33.0,3.0,12.0,11.1,22.0,"Borivali East, Mumbai",27.6,24.9,25.7,92,23.1,16.2,241,1004.2,53.5
2023-07-25,62.0,21.0,3.0,8.0,11.1,21.0,"Borivali East, Mumbai",26.6,24.3,25.4,92,19.9,13.6,246,1006.0,50.9
2023-07-26,58.0,21.0,2.0,7.0,11.1,20.0,"Borivali East, Mumbai",26.9,23.9,25.5,93,21.7,14.2,259,1007.0,50.0
2023-07-27,50.0,29.0,3.0,7.0,11.1,20.0,"Borivali East, Mumbai",26.8,24.8,25.5,92,19.5,16.3,263,1007.3,104.6
2023-07-28,58.0,29.0,2.0,8.0,11.1,19.0,"Borivali East, Mumbai",26.8,24.4,25.2,93,20.8,14.9,266,1007.5,47.0
2023-07-29,62.0,35.0,8.0,11.0,11.1,16.0,"Borivali East, Mumbai",27.7,24.4,26.1,88,21.7,15.1,255,1007.8,16.9
2023-07-30,66.0,34.0,6.0,23.0,11.1,15.0,"Borivali East, Mumbai",28.5,24.8,26.4,86,24.7,16.0,252,1007.0,12.1
2023-07-31,63.0,31.0,8.0,14.0,11.1,14.0,"Borivali East, Mumbai",28.1,24.6,26.2,88,23.4,15.3,251,1006.5,12.4
2023-08-01,64.0,40.0,5.0,12.0,14.0,17.0,"Borivali East, Mumbai",28.6,24.9,26.5,87,24.1,16.4,251,1006.5,8.5
2023-08-02,75.0,40.0,5.0,12.0,14.0,18.0,"Borivali East, Mumbai",28.6,24.8,26.3,87,25.1,17.0,246,1007.2,7.7
2023-08-03,72.0,37.0,5.0,13.0,14.0,18.0,"Borivali East, Mumbai",28.5,25.2,26.6,86,24.5,18.8,249,1006.6,6.3
2023-08-04,71.0,35.5,7.0,11.0,14.0,18.0,"Borivali East, Mumbai",28.0,25.6,26.4,89,22.1,16.9,249,1007.5,6.5
2023-08-05,74.0,34.0,10.0,11.0,14.0,19.0,"Borivali East, Mumbai",28.9,25.1,26.7,87,21.7,16.9,249,1009.4,6.7
2023-08-06,79.0,32.5,9.0,11.0,14.0,19.0,"Borivali East, Mumbai",28.5,25.2,26.7,86,22.7,17.0,252,1009.0,6.1
2023-08-07,74.0,31.0,10.0,28.0,14.0,16.0,"Borivali East, Mumbai",28.9,25.2,26.7,85,25.9,18.2,248,1007.3,4.9
2023-08-08,68.0,39.0,10.0,69.0,14.0,1.0,"Borivali East, Mumbai",29.0,25.2,26.9,85,23.9,16.4,246,1007.6,4.9
2023-08-09,78.0,33.0,11.0,11.0,14.0,1.2,"Borivali East, Mumbai",29.0,25.0,26.7,86,19.1,13.4,251,1009.6,3.2
2023-08-10,73.0,33.0,10.0,9.0,14.0,1.4,"Borivali East, Mumbai",28.1,25.0,26.1,87,15.6,10.6,250,1010.4,5.7
2023-08-11,67.0,32.0,13.0,7.0,14.0,1.6,"Borivali East, Mumbai",29.2,24.5,26.8,83,15.6,9.9,263,1009.8,2.2
2023-08-12,56.0,33.5,10.5,8.5,14.0,2.0,"Borivali East, Mumbai",28.0,23.5,25.6,88,17.2,9.5,247,1009.8,8.0
2023-08-13,63.0,35.0,8.0,10.0,14.0,2.0,"Borivali East, Mumbai",29.4,24.5,26.6,85,23.2,14.5,252,1008.1,4.5
2023-08-14,70.0,41.0,8.0,9.0,14.0,2.0,"Borivali East, Mumbai",29.2,25.0,26.8,83,23.7,15.5,239,1008.3,3.6
2023-08-15,71.0,35.0,11.0,8.0,14.0,2.0,"Borivali East, Mumbai",28.4,25.0,26.5,85,17.9,11.5,232,1008.9,3.8
2023-08-16,67.0,31.0,9.0,7.0,14.0,2.0,"Borivali East, Mumbai",29.1,24.6,26.5,86,20.5,10.5,260,1009.4,4.7
2023-08-17,68.0,25.0,10.0,6.0,14.0,2.0,"Borivali East, Mumbai",29.2,24.0,26.4,85,20.5,11.5,279,1009.7,2.4
2023-08-18,56.0,34.0,8.0,9.0,14.0,3.0,"Borivali East, Mumbai",29.0,24.3,26.5,84,17.7,11.1,289,1008.4,2.1
2023-08-19,66.0,28.0,10.0,9.0,14.0,5.0,"Borivali East, Mumbai",28.8,24.9,26.2,87,18.6,12.2,286,1007.1,6.6
2023-08-20,63.0,29.0,12.0,10.0,14.0,5.0,"Borivali East, Mumbai",28.1,24.0,25.4,90,15.2,9.4,288,1007.2,19.4
2023-08-21,58.0,29.0,7.0,10.0,14.0,6.0,"Borivali East, Mumbai",28.8,24.2,26.1,88,15.0,8.8,275,1007.6,2.5
2023-08-22,54.0,26.0,6.0,10.0,14.0,9.0,"Borivali East, Mumbai",28.5,24.4,25.9,89,17.6,8.7,255,1007.7,3.9
2023-08-23,57.0,26.0,6.0,10.0,14.0,10.0,"Borivali East, Mumbai",29.3,24.2,26.5,85,20.5,10.5,244,1007.4,3.5
2023-08-24,60.0,24.0,6.0,9.0,14.0,11.0,"Borivali East, Mumbai",28.6,24.6,26.1,88,19.5,11.2,228,1006.6,6.8
2023-08-25,56.0,23.0,7.0,9.0,14.0,12.0,"Borivali East, Mumbai",28.4,24.3,26.2,89,18.2,12.0,225,1006.5,6.6
2023-08-26,55.0,28.0,6.0,9.0,14.0,12.0,"Borivali East, Mumbai",28.6,24.1,25.7,90,19.4,11.7,225,1008.1,15.9
2023-08-27,64.0,42.0,7.0,9.0,14.0,13.0,"Borivali East, Mumbai",27.3,23.3,25.2,91,16.9,8.9,226,1009.3,16.7
2023-08-28,58.0,56.0,12.0,42.0,14.0,12.0,"Borivali East, Mumbai",28.4,24.0,25.5,89,15.5,9.2,220,1008.7,5.4
2023-08-29,65.0,42.0,15.0,65.5,14.0,11.0,"Borivali East, Mumbai",29.2,24.0,26.2,87,11.2,6.5,243,1008.5,2.9
2023-08-30,67.0,44.0,17.0,89.0,14.0,12.0,"Borivali East, Mumbai",29.6,23.9,26.3,87,13.3,6.2,283,1009.2,1.2
2023-08-31,68.0,47.0,19.0,75.0,14.0,12.0,"Borivali East, Mumbai",30.5,23.4,26.6,87,15.0,6.4,318,1009.0,0.5
2023-09-01,84.0,40.0,9.0,69.0,4.0,12.0,"Borivali East, Mumbai",31.1,23.9,27.0,86,18.2,6.3,321,1008.8,3.3
2023-09-02,69.0,41.0,6.0,64.0,4.0,13.0,"Borivali East, Mumbai",29.1,24.5,26.4,90,12.3,4.9,269,1008.8,2.0
2023-09-03,73.0,50.0,11.0,50.0,4.0,7.0,"Borivali East, Mumbai",29.0,24.8,26.5,88,16.0,6.8,293,1007.9,8.7
2023-09-04,81.0,46.0,14.0,40.0,4.0,3.0,"Borivali East, Mumbai",29.3,23.6,26.4,85,16.6,7.7,309,1006.7,2.4
2023-09-05,80.0,47.0,11.0,31.0,4.0,4.0,"Borivali East, Mumbai",29.2,23.7,26.4,85,15.9,8.6,304,1006.2,2.4
2023-09-06,83.0,39.0,8.0,32.0,4.0,5.0,"Borivali East, Mumbai",30.3,25.0,27.4,82,16.3,9.3,291,1006.1,0.4
2023-09-07,72.0,41.0,2.0,30.0,4.0,6.0,"Borivali East, Mumbai",28.6,24.3,26.6,85,19.9,11.5,279,1005.9,13.5
2023-09-08,62.0,44.0,4.0,31.0,4.0,7.0,"Borivali East, Mumbai",27.9,25.2,26.1,91,22.0,13.3,288,1006.1,56.0
2023-09-09,66.0,30.0,11.0,20.0,4.0,6.0,"Borivali East, Mumbai",29.4,24.8,26.6,90,16.9,10.0,283,1006.2,12.3
2023-09-10,53.0,33.0,12.0,14.0,4.0,5.0,"Borivali East, Mumbai",29.2,24.9,26.6,89,16.7,9.4,251,1006.2,3.8
2023-09-11,64.0,36.0,13.0,10.0,4.0,5.0,"Borivali East, Mumbai",29.3,24.5,25.9,91,14.1,7.3,252,1007.0,4.6
2023-09-12,56.0,37.0,13.0,10.0,4.0,4.0,"Borivali East, Mumbai",29.3,23.9,26.4,87,18.4,9.0,251,1007.6,2.9
2023-09-13,60.0,32.0,7.0,9.653846153846152,4.0,3.0,"Borivali East, Mumbai",29.0,24.4,25.9,90,12.4,6.7,234,1007.1,4.3
2023-09-14,56.0,36.0,10.0,9.307692307692308,4.0,5.0,"Borivali East, Mumbai",29.4,23.4,26.1,87,14.0,7.3,222,1007.2,2.4
2023-09-15,63.0,40.0,6.0,8.961538461538462,4.0,3.0,"Borivali East, Mumbai",29.2,24.2,26.6,85,15.9,8.0,245,1007.1,2.0
2023-09-16,60.0,12.0,7.0,14.0,4.0,2.0,"Borivali East, Mumbai",28.2,24.5,26.1,88,18.1,11.1,251,1006.7,14.7
2023-09-17,60.0,8.0,9.0,14.0,4.0,2.0,"Borivali East, Mumbai",29.0,24.2,26.6,85,22.1,14.9,238,1005.6,8.4
2023-09-18,58.0,22.0,9.0,14.0,4.0,1.0,"Borivali East, Mumbai",27.4,24.0,25.1,93,19.3,12.4,211,1005.7,28.3
2023-09-19,61.0,36.0,7.0,14.0,4.0,3.0,"Borivali East, Mumbai",28.8,24.6,26.0,90,19.6,14.7,202,1007.0,10.4
2023-09-20,53.0,75.0,14.0,14.0,4.0,5.0,"Borivali East, Mumbai",28.4,24.7,26.0,91,16.3,12.2,199,1007.7,12.3
2023-09-21,67.0,41.0,2.0,14.0,4.0,5.0,"Borivali East, Mumbai",29.0,24.9,26.1,92,13.0,8.1,207,1008.0,21.2
2023-09-22,66.0,41.0,2.0,14.0,4.0,6.0,"Borivali East, Mumbai",28.4,24.4,25.9,93,9.0,6.1,170,1008.4,20.5
2023-09-23,76.0,37.0,5.0,14.0,4.0,5.0,"Borivali East, Mumbai",29.5,23.9,25.5,93,13.8,6.1,189,1008.9,41.4
2023-09-24,42.0,46.0,13.0,14.0,4.0,6.0,"Borivali East, Mumbai",28.8,24.2,25.8,92,10.2,5.9,208,1009.3,22.1
2023-09-25,47.0,48.0,12.0,14.0,4.0,5.0,"Borivali East, Mumbai",28.6,23.5,25.9,91,12.8,6.6,234,1008.2,17.2
2023-09-26,65.0,39.0,21.0,14.0,4.0,5.0,"Borivali East, Mumbai",29.6,23.2,26.1,90,12.8,5.5,262,1007.9,4.9
2023-09-27,59.0,60.0,23.0,14.0,4.0,8.0,"Borivali East, Mumbai",29.5,23.9,25.8,92,16.8,6.1,337,1007.4,17.0
2023-09-28,94.0,60.0,28.0,14.0,4.0,7.0,"Borivali East, Mumbai",31.4,23.8,26.5,91,14.4,5.7,352,1006.1,24.2
2023-09-29,104.0,56.0,33.0,14.0,4.0,7.0,"Borivali East, Mumbai",31.5,25.1,27.3,92,8.9,5.2,50,1005.4,9.1
2023-09-30,88.0,81.0,33.0,14.0,4.0,9.0,"Borivali East, Mumbai",33.4,24.5,28.0,88,13.8,5.4,44,1005.0,14.2
2023-10-01,103.0,91.0,26.0,16.0,3.0,9.0,"Borivali East, Mumbai",31.4,26.1,28.0,89,14.8,6.2,267,1005.6,0.2
2023-10-02,108.0,84.0,28.0,16.0,3.0,5.0,"Borivali East, Mumbai",29.7,23.9,26.9,89,10.8,6.7,246,1008.9,4.3
2023-10-03,90.0,82.33333333333333,28.0,16.0,3.0,5.666666666666667,"Borivali East, Mumbai",29.9,24.7,27.0,87,12.2,5.9,286,1010.3,0.9
2023-10-05,96.66666666666669,79.0,28.0,16.0,3.0,7.0,"Borivali East, Mumbai",31.1,23.7,26.9,87,14.5,7.3,328,1010.5,0.1
2023-10-06,100.0,80.0,27.0,16.0,3.0,9.0,"Borivali East, Mumbai",30.5,24.1,26.9,86,15.0,6.7,325,1009.7,0.7
2023-10-07,104.0,83.0,31.0,16.0,3.0,9.0,"Borivali East, Mumbai",31.2,23.6,26.8,86,15.7,7.7,341,1009.8,0.2
2023-10-08,109.0,103.0,37.0,1.0,3.0,9.0,"Borivali East, Mumbai",32.7,23.8,27.5,82,12.6,7.7,337,1010.5,0.6
2023-10-09,142.0,80.0,23.0,1.0,3.0,8.0,"Borivali East, Mumbai",33.5,23.3,27.9,77,13.2,8.2,335,1011.8,0.0
2023-10-10,131.0,66.0,19.0,1.0,3.0,6.0,"Borivali East, Mumbai",33.0,23.4,27.5,71,15.0,8.5,341,1011.9,0.0
2023-10-11,81.0,82.0,33.0,1.0,3.0,5.0,"Borivali East, Mumbai",31.9,24.1,27.3,79,16.3,9.7,334,1011.7,2.0
2023-10-12,116.0,119.0,43.0,1.0,3.0,7.0,"Borivali East, Mumbai",32.8,23.3,27.8,83,12.9,7.5,327,1011.7,0.0
2023-10-13,159.0,97.0,38.0,1.0,3.0,5.0,"Borivali East, Mumbai",34.4,24.5,28.7,80,12.6,5.7,337,1012.1,0.0
2023-10-14,146.0,107.0,32.0,1.0,3.0,5.0,"Borivali East, Mumbai",34.4,24.0,28.4,81,12.0,5.6,337,1012.1,0.0
2023-10-15,152.0,119.0,28.0,2.0,3.0,5.0,"Borivali East, Mumbai",34.8,25.0,28.7,79,12.9,6.0,336,1010.6,0.0
2023-10-16,160.0,112.0,44.0,6.0,3.0,4.0,"Borivali East, Mumbai",34.4,23.2,28.6,67,12.5,5.4,348,1010.4,0.0
2023-10-17,152.0,115.0,32.0,6.151515151515151,3.0,4.0,"Borivali East, Mumbai",33.3,24.8,28.6,68,7.9,6.2,0,1011.6,0.8
2023-10-18,157.0,104.0,36.0,6.303030303030303,3.0,3.0,"Borivali East, Mumbai",34.6,23.5,28.7,68,13.6,7.7,8,1012.4,0.0
2023-10-19,146.0,109.0,43.0,6.454545454545454,3.0,4.0,"Borivali East, Mumbai",34.9,24.6,28.8,60,15.3,7.1,346,1012.1,0.0
2023-10-20,153.0,89.0,42.0,16.0,3.0,4.0,"Borivali East, Mumbai",35.0,23.2,28.6,64,10.7,6.9,47,1011.9,0.0
2023-10-21,154.0,95.0,38.0,16.0,3.0,4.0,"Borivali East, Mumbai",34.7,23.9,28.8,67,10.6,6.7,65,1012.4,0.1
2023-10-22,141.0,92.0,33.0,16.0,3.0,4.0,"Borivali East, Mumbai",34.4,23.9,28.6,69,11.8,5.9,357,1013.0,0.0
2023-10-23,87.0,86.0,37.0,16.0,3.0,3.0,"Borivali East, Mumbai",35.5,23.2,28.6,64,13.9,7.2,10,1011.7,0.0
2023-10-24,77.0,83.0,44.0,16.0,3.0,2.0,"Borivali East, Mumbai",35.0,22.5,28.4,58,15.4,8.0,11,1011.3,0.0
2023-10-25,69.0,84.0,42.0,16.0,3.0,2.0,"Borivali East, Mumbai",34.8,23.2,28.2,53,13.8,8.3,17,1012.8,0.0
2023-10-26,66.0,83.0,36.0,16.0,3.0,1.0,"Borivali East, Mumbai",34.8,22.2,27.4,56,17.4,8.6,19,1013.1,0.0
2023-10-27,56.0,86.0,39.0,16.0,3.0,2.0,"Borivali East, Mumbai",34.3,20.2,27.0,53,15.9,8.9,15,1011.9,0.0
2023-10-28,67.0,83.0,40.0,16.0,3.0,2.0,"Borivali East, Mumbai",34.5,20.8,27.0,53,14.8,8.5,33,1011.4,0.0
2023-10-29,55.0,86.0,51.0,16.0,3.0,2.0,"Borivali East, Mumbai",35.0,21.2,27.1,52,13.1,8.7,42,1011.0,0.0
2023-10-30,54.0,100.0,45.0,16.0,3.0,2.0,"Borivali East, Mumbai",35.3,21.2,27.3,55,10.2,7.1,60,1010.8,0.0
2023-10-31,93.0,83.0,39.0,16.0,3.0,1.0,"Borivali East, Mumbai",34.8,21.0,27.6,56,11.1,7.5,51,1011.5,0.0
2023-11-01,155.0,80.0,35.0,16.0,3.0,2.0,"Borivali East, Mumbai",34.8,21.8,27.3,56,16.1,8.6,29,1012.2,0.0
2023-11-02,158.0,87.0,33.0,16.0,3.0,2.0,"Borivali East, Mumbai",34.5,21.5,27.4,55,13.5,8.8,20,1011.5,0.0
2023-11-03,163.0,84.0,34.0,16.0,3.0,3.0,"Borivali East, Mumbai",35.2,22.0,27.7,56,15.5,9.4,22,1009.8,0.0
2023-11-04,159.0,85.0,48.0,16.0,3.0,3.0,"Borivali East, Mumbai",35.8,23.0,28.2,52,13.4,9.4,47,1009.3,0.0
2023-11-05,155.0,89.0,58.0,16.0,3.0,4.0,"Borivali East, Mumbai",35.5,22.0,28.4,57,11.5,8.1,50,1010.8,0.0
2023-11-06,154.0,91.0,35.0,16.0,3.0,4.0,"Borivali East, Mumbai",35.8,22.2,28.3,52,13.1,9.0,44,1011.9,0.0
2023-11-07,150.0,102.0,25.0,16.0,3.0,2.0,"Borivali East, Mumbai",35.0,21.8,27.6,51,14.9,9.2,25,1011.9,0.0
2023-11-08,150.0,80.0,38.0,16.0,3.0,2.0,"Borivali East, Mumbai",34.3,22.4,27.9,66,14.4,7.4,175,1011.7,0.0
2023-11-09,127.0,61.0,34.3,16.0,3.0,2.0,"Borivali East, Mumbai",34.2,23.1,28.1,77,11.3,5.0,74,1012.3,0.5
2023-11-10,112.0,59.0,30.6,16.0,3.0,1.8888888888888888,"Borivali East, Mumbai",33.7,23.9,27.6,74,12.2,6.8,100,1013.6,4.6
2023-11-11,116.0,65.125,26.9,16.0,3.0,1.7777777777777777,"Borivali East, Mumbai",35.7,23.1,29.0,63,12.4,7.7,28,1013.8,0.0
2023-11-18,152.75,108.0,1.0,11.0,3.0,1.0,"Borivali East, Mumbai",34.0,20.8,26.2,62,13.7,7.2,38,1012.1,0.0
2023-11-19,158.0,110.0,1.2,9.0,3.0,1.0,"Borivali East, Mumbai",33.7,20.1,26.6,63,14.9,7.4,355,1012.0,0.0
2023-11-20,146.0,112.0,1.4,18.5,3.0,1.3333333333333333,"Borivali East, Mumbai",35.2,23.1,28.2,57,14.1,7.1,357,1012.3,0.0
2023-11-21,157.0,114.0,1.6,28.0,3.0,1.6666666666666663,"Borivali East, Mumbai",35.0,23.6,28.4,56,18.5,9.7,23,1012.1,0.0
2023-11-22,168.0,109.0,19.0,32.0,3.0,2.0,"Borivali East, Mumbai",34.1,23.0,27.7,48,17.6,10.4,12,1011.5,0.0
2023-11-23,159.0,105.0,2.0,27.0,3.0,2.6,"Borivali East, Mumbai",34.2,21.4,27.1,50,13.6,7.3,358,1009.8,0.0
2023-11-24,162.0,93.0,2.0,35.0,3.0,3.2,"Borivali East, Mumbai",34.9,21.5,27.5,59,13.8,7.8,47,1009.7,0.0
2023-11-25,148.0,70.0,2.0,32.0,3.0,3.8,"Borivali East, Mumbai",34.2,22.2,27.8,66,11.9,8.0,75,1011.4,0.3
2023-11-26,121.0,57.0,2.0,38.0,3.0,4.0,"Borivali East, Mumbai",32.0,23.0,26.4,79,17.6,7.1,189,1011.9,3.7
2023-11-27,98.0,58.0,13.0,39.0,3.0,5.0,"Borivali East, Mumbai",31.3,22.6,25.8,78,13.4,5.8,317,1011.3,1.7
2023-11-28,93.0,66.0,17.0,44.0,3.0,4.0,"Borivali East, Mumbai",30.6,21.8,25.5,74,13.2,7.3,326,1010.4,0.0
2023-11-29,120.0,77.0,44.0,54.0,3.0,4.0,"Borivali East, Mumbai",29.7,20.2,24.3,72,13.0,7.2,318,1011.3,0.0
2023-11-30,137.0,83.0,57.0,52.0,3.0,4.0,"Borivali East, Mumbai",30.4,19.8,24.4,79,15.5,7.1,320,1011.8,0.0
2023-12-01,149.0,91.0,22.0,19.0,2.5,3.0,"Borivali East, Mumbai",30.4,20.5,24.5,82,14.2,6.5,322,1011.6,0.3
2023-12-02,156.0,87.0,55.0,15.0,2.5,8.0,"Borivali East, Mumbai",32.8,20.0,25.7,76,12.4,6.6,353,1010.3,0.0
2023-12-03,151.0,92.0,34.0,44.0,2.5,11.0,"Borivali East, Mumbai",34.2,22.8,27.4,67,14.2,9.0,14,1010.5,0.4
2023-12-04,157.0,102.0,36.0,10.0,2.5,11.0,"Borivali East, Mumbai",33.7,22.2,27.5,68,15.2,8.3,350,1009.9,0.0
2023-12-05,160.0,88.5,34.0,10.0,2.5,9.0,"Borivali East, Mumbai",33.6,24.0,27.8,62,16.2,10.3,9,1008.9,0.0
2023-12-06,155.0,75.0,32.0,10.0,2.5,7.0,"Borivali East, Mumbai",32.2,22.9,26.6,64,15.6,9.5,17,1009.9,0.1
2023-12-07,150.0,72.0,18.0,6.0,2.5,6.0,"Borivali East, Mumbai",32.1,22.0,26.0,64,15.9,9.9,8,1010.8,0.0
2023-12-08,145.0,77.0,41.0,24.0,2.5,6.0,"Borivali East, Mumbai",32.5,20.7,25.9,62,14.3,9.0,13,1011.4,0.0
2023-12-09,142.0,79.0,41.0,25.0,2.5,5.0,"Borivali East, Mumbai",32.9,21.0,26.3,59,13.8,8.9,17,1012.4,0.0
2023-12-10,47.0,79.0,28.0,24.0,2.5,5.0,"Borivali East, Mumbai",33.5,21.9,26.6,58,13.2,8.8,16,1011.3,0.0
2023-12-11,48.0,76.0,41.0,28.0,2.5,4.0,"Borivali East, Mumbai",33.0,21.1,26.5,55,15.8,8.2,354,1011.7,0.0
2023-12-12,137.0,80.0,32.5,27.0,2.5,4.5,"Borivali East, Mumbai",32.0,19.6,25.1,57,17.1,7.9,339,1011.0,0.0
2023-12-13,145.5,84.0,24.0,26.0,2.5,5.0,"Borivali East, Mumbai",32.1,18.5,24.9,60,14.2,7.3,344,1011.7,0.0
2023-12-14,154.0,83.0,18.0,26.0,2.5,3.0,"Borivali East, Mumbai",33.0,20.0,25.7,58,11.4,7.4,76,1012.8,0.0
2023-12-15,149.0,81.0,48.0,27.0,2.5,4.0,"Borivali East, Mumbai",32.0,20.1,25.3,56,12.3,7.9,48,1014.0,0.0
2023-12-16,141.0,94.0,41.0,28.0,2.5,3.0,"Borivali East, Mumbai",31.9,18.6,24.5,56,10.8,8.2,29,1013.5,0.0
2023-12-17,157.0,96.0,26.0,23.0,2.5,2.0,"Borivali East, Mumbai",32.4,19.2,25.3,51,10.9,7.5,47,1012.5,0.0
2023-12-18,158.0,97.0,39.0,24.0,2.5,2.0,"Borivali East, Mumbai",32.6,22.5,26.9,49,15.5,11.0,70,1013.2,0.0
2023-12-19,163.0,83.0,22.0,23.0,2.5,3.0,"Borivali East, Mumbai",32.5,23.3,26.9,47,15.1,11.0,66,1014.0,0.0
2023-12-20,134.0,97.0,56.0,26.0,2.5,3.0,"Borivali East, Mumbai",32.8,20.7,25.5,46,12.3,9.8,48,1014.1,0.0
2023-12-21,159.0,119.0,23.0,29.0,2.5,3.0,"Borivali East, Mumbai",33.3,21.2,26.1,50,12.2,8.8,31,1013.0,0.0
2023-12-22,167.0,114.0,69.0,26.0,2.5,2.0,"Borivali East, Mumbai",32.0,20.5,25.6,62,10.9,7.2,4,1013.0,0.0
2023-12-23,172.0,99.0,27.0,26.0,2.5,1.0,"Borivali East, Mumbai",34.2,19.9,26.0,58,14.8,8.6,6,1013.7,0.0
2023-12-24,164.0,102.0,28.0,28.0,2.5,5.0,"Borivali East, Mumbai",34.4,19.6,25.7,49,11.5,7.3,33,1014.8,0.0
2023-12-25,166.0,113.0,70.0,31.0,2.5,10.0,"Borivali East, Mumbai",33.7,19.1,25.1,49,14.1,9.0,25,1014.9,0.0
2023-12-26,166.0,118.0,25.0,9.0,2.5,9.0,"Borivali East, Mumbai",34.2,18.8,25.3,55,12.5,7.6,17,1014.8,0.0
2023-12-27,168.0,142.0,61.0,29.0,2.5,10.0,"Borivali East, Mumbai",34.8,18.8,26.2,53,15.9,8.0,8,1014.9,0.0
2023-12-28,186.0,104.0,19.0,29.0,2.5,8.0,"Borivali East, Mumbai",33.6,19.5,25.8,58,14.1,7.3,358,1013.3,0.0
2023-12-29,171.0,102.0,7.0,27.0,2.5,8.0,"Borivali East, Mumbai",34.2,19.9,25.5,63,12.1,7.1,25,1013.3,0.0
2023-12-30,178.0,66.0,18.0,29.0,2.5,6.0,"Borivali East, Mumbai",33.8,18.9,25.0,68,12.4,5.9,347,1013.0,0.0
2023-12-31,131.0,69.0,46.0,27.0,2.5,7.0,"Borivali East, Mumbai",33.2,19.0,25.2,62,13.7,6.7,351,1012.5,0.0
2024-01-01,140.0,77.0,16.0,7.0,1.0,6.0,"Borivali East, Mumbai",33.2,19.8,25.2,64,14.8,7.1,350,1012.7,0.0
2024-01-02,150.0,75.0,41.0,8.0,1.0,8.0,"Borivali East, Mumbai",32.5,19.1,24.6,64,15.0,7.6,334,1012.2,0.0
2024-01-03,142.0,72.0,39.0,25.0,1.0,10.0,"Borivali East, Mumbai",31.6,18.5,24.0,64,15.3,7.6,328,1011.6,0.0
2024-01-04,143.0,93.0,14.0,7.0,1.0,11.0,"Borivali East, Mumbai",30.4,17.9,23.2,73,15.6,9.0,322,1011.9,0.0
2024-01-05,161.0,66.0,8.0,35.0,1.0,7.0,"Borivali East, Mumbai",31.0,16.8,22.9,71,15.3,7.6,337,1012.3,0.0
2024-01-06,158.0,54.0,39.0,7.0,1.0,7.0,"Borivali East, Mumbai",33.0,19.2,25.0,59,18.5,10.3,339,1012.0,0.0
2024-01-07,132.0,53.0,43.0,26.0,1.0,3.0,"Borivali East, Mumbai",32.8,20.1,25.2,63,16.9,8.8,9,1012.1,0.0
2024-01-08,102.0,61.0,42.0,7.0,1.0,5.0,"Borivali East, Mumbai",33.9,21.1,26.7,56,16.5,9.6,30,1012.1,0.0
2024-01-09,110.0,22.0,32.0,6.0,1.0,1.0,"Borivali East, Mumbai",32.0,22.4,26.0,69,11.6,5.1,282,1012.8,1.6
2024-01-10,117.0,57.0,29.0,7.0,1.0,7.0,"Borivali East, Mumbai",31.6,21.4,25.5,72,9.7,6.6,80,1013.2,2.6
2024-01-11,154.0,48.0,38.0,25.0,1.0,4.0,"Borivali East, Mumbai",33.8,22.2,27.1,64,13.4,7.7,359,1013.4,0.6
2024-01-12,126.0,40.0,11.0,26.0,1.0,3.0,"Borivali East, Mumbai",35.4,22.5,27.8,57,14.3,9.1,12,1012.7,0.0
2024-01-13,131.0,37.5,2.0,21.0,1.0,2.0,"Borivali East, Mumbai",34.9,21.2,27.3,56,18.9,8.9,349,1013.5,0.0
2024-01-14,107.0,35.0,27.0,18.0,1.0,1.0,"Borivali East, Mumbai",33.8,20.6,26.5,46,17.1,9.7,347,1014.3,0.0
2024-01-15,67.0,60.0,14.0,25.0,1.0,1.0,"Borivali East, Mumbai",30.5,19.1,24.3,40,18.0,10.7,348,1014.1,0.0
2024-01-16,96.0,61.0,31.0,22.0,1.0,1.0,"Borivali East, Mumbai",29.7,15.9,21.9,57,16.0,7.9,333,1012.1,0.0
2024-01-17,105.0,60.0,27.0,23.0,1.0,2.0,"Borivali East, Mumbai",28.2,15.5,21.7,64,14.0,7.3,322,1011.5,0.0
2024-01-18,97.0,66.0,17.0,21.0,1.0,3.0,"Borivali East, Mumbai",28.9,15.7,21.6,67,16.6,7.4,336,1012.9,0.0
2024-01-19,114.0,79.0,33.0,25.0,1.0,2.0,"Borivali East, Mumbai",29.2,16.0,22.1,69,11.9,6.4,333,1012.6,0.0
2024-01-20,137.0,71.0,12.0,7.0,1.0,2.0,"Borivali East, Mumbai",29.8,17.3,22.6,64,18.1,9.4,334,1013.8,0.0
2024-01-21,127.0,77.0,14.0,22.0,1.0,3.0,"Borivali East, Mumbai",31.2,17.0,23.9,49,15.8,9.0,358,1013.4,0.0
2024-01-22,126.0,79.0,21.0,27.0,1.0,4.0,"Borivali East, Mumbai",30.7,17.8,23.2,53,15.9,8.9,349,1014.0,0.0
2024-01-23,128.0,72.0,25.0,21.0,1.0,4.0,"Borivali East, Mumbai",30.4,18.4,23.6,37,19.6,13.4,352,1014.4,0.0
2024-01-24,127.0,66.0,26.0,21.0,1.0,3.0,"Borivali East, Mumbai",31.4,17.5,23.8,37,16.9,10.8,6,1014.0,0.0
2024-01-25,107.0,72.0,11.0,21.0,1.0,5.0,"Borivali East, Mumbai",32.1,17.3,23.7,41,13.6,9.0,20,1014.9,0.0
2024-01-26,121.0,73.0,9.0,6.0,1.0,5.0,"Borivali East, Mumbai",33.3,17.0,23.7,47,14.3,8.3,13,1015.8,0.0
2024-01-27,123.0,87.0,2.0,24.0,1.0,4.333333333333333,"Borivali East, Mumbai",34.1,17.5,24.8,46,13.0,8.0,19,1015.9,0.0
2024-01-28,130.0,79.0,5.0,7.0,1.0,3.666666666666667,"Borivali East, Mumbai",33.8,17.1,24.8,46,16.7,8.3,350,1015.5,0.0
2024-01-29,136.0,91.0,7.0,26.0,1.0,3.0,"Borivali East, Mumbai",33.0,18.0,24.9,43,17.6,9.8,342,1015.4,0.0
2024-01-30,145.0,78.0,20.0,19.0,1.0,3.0,"Borivali East, Mumbai",32.5,18.5,24.3,49,17.5,9.8,336,1014.5,0.0
2024-01-31,128.0,67.0,8.0,16.0,1.0,4.0,"Borivali East, Mumbai",31.4,18.2,23.5,58,17.4,9.3,326,1014.3,0.0
2024-02-01,100.0,64.0,8.0,28.0,1.0,4.0,"Borivali East, Mumbai",29.1,17.8,22.5,71,19.5,8.7,323,1015.4,0.0
2024-02-02,91.0,120.0,11.666666666666666,31.75,1.0,4.0,"Borivali East, Mumbai",31.2,17.9,23.5,66,18.7,9.5,347,1015.3,0.0
2024-02-03,110.0,103.0,15.333333333333332,35.5,1.0,4.0,"Borivali East, Mumbai",35.8,19.5,26.6,47,16.7,10.2,12,1014.4,0.0
2024-02-04,118.0,97.0,19.0,39.25,1.0,4.0,"Borivali East, Mumbai",35.7,19.8,26.4,52,13.7,7.0,344,1015.2,0.0
2024-02-05,110.0,84.0,48.0,43.0,1.0,7.0,"Borivali East, Mumbai",34.2,21.2,26.7,49,15.9,9.5,329,1015.6,0.0
2024-02-06,112.0,100.0,16.0,91.0,1.0,11.0,"Borivali East, Mumbai",34.1,19.6,26.1,51,16.0,9.7,329,1015.5,0.0
2024-02-07,159.0,104.0,12.0,26.0,1.0,10.666666666666666,"Borivali East, Mumbai",34.7,20.0,26.4,52,20.1,12.7,336,1016.0,0.0
2024-02-08,149.0,99.0,14.0,89.0,1.0,10.333333333333334,"Borivali East, Mumbai",34.3,20.5,26.2,48,20.9,11.6,346,1015.1,0.0
2024-02-09,150.0,90.0,17.0,72.0,1.0,10.0,"Borivali East, Mumbai",33.2,17.0,24.6,49,20.1,10.4,330,1014.6,0.0
2024-02-10,135.0,86.0,19.0,55.0,1.0,4.0,"Borivali East, Mumbai",32.8,19.1,25.0,37,20.6,11.3,333,1015.7,0.0
2024-02-11,138.0,93.0,15.0,38.0,1.0,4.0,"Borivali East, Mumbai",32.9,17.0,24.1,42,18.7,10.0,331,1015.8,0.0
2024-02-12,137.0,84.0,31.0,26.0,1.0,4.0,"Borivali East, Mumbai",33.5,16.8,24.3,47,14.5,8.4,325,1015.3,0.0
2024-02-13,143.0,110.0,21.0,62.0,1.0,4.0,"Borivali East, Mumbai",33.1,18.1,24.9,39,19.4,10.4,335,1015.1,0.0
2024-02-14,163.0,104.0,20.0,21.0,1.0,4.0,"Borivali East, Mumbai",34.5,19.5,26.0,36,19.4,12.2,344,1014.6,0.0
2024-02-15,161.0,113.0,21.0,72.0,1.0,4.0,"Borivali East, Mumbai",35.0,19.8,26.5,39,17.3,10.1,340,1013.5,0.0
2024-02-16,167.0,108.0,53.0,60.0,1.0,4.0,"Borivali East, Mumbai",37.0,19.4,27.0,51,17.0,7.2,288,1013.4,0.0
2024-02-17,162.0,77.0,15.0,39.0,1.0,4.0,"Borivali East, Mumbai",36.8,19.9,27.0,53,17.0,6.5,314,1012.3,0.0
2024-02-18,149.0,67.0,21.0,12.0,1.0,4.0,"Borivali East, Mumbai",36.5,19.6,26.9,51,19.7,9.6,338,1011.5,0.0
2024-02-19,115.0,64.0,16.0,30.0,1.0,4.0,"Borivali East, Mumbai",33.8,18.9,26.0,45,18.2,9.7,329,1012.3,0.0
2024-02-20,93.0,52.0,12.0,32.0,1.0,4.0,"Borivali East, Mumbai",33.2,19.2,25.4,58,21.6,10.8,330,1013.2,0.0
2024-02-21,84.0,55.0,21.0,33.0,1.0,4.0,"Borivali East, Mumbai",29.8,18.9,23.9,76,18.6,8.5,306,1013.2,0.0
2024-02-22,67.0,64.0,17.0,35.0,1.0,4.0,"Borivali East, Mumbai",29.8,19.6,24.0,77,18.3,9.0,313,1013.6,0.0
2024-02-23,91.0,98.0,12.0,33.0,1.0,4.0,"Borivali East, Mumbai",31.7,17.5,24.1,61,21.9,10.7,347,1013.3,0.0
2024-02-24,148.0,91.0,21.0,26.0,1.0,5.0,"Borivali East, Mumbai",33.3,18.5,24.7,33,22.9,13.0,347,1012.5,0.0
2024-02-25,134.0,78.0,41.0,29.0,1.0,4.0,"Borivali East, Mumbai",35.7,18.6,25.9,26,14.3,9.6,0,1010.7,0.0
2024-02-26,144.0,90.0,26.0,27.0,1.0,2.0,"Borivali East, Mumbai",36.7,18.5,26.6,43,15.9,8.6,230,1010.2,0.0
2024-02-27,150.0,98.0,48.0,24.0,1.0,7.0,"Borivali East, Mumbai",36.0,20.9,28.0,45,19.8,9.3,327,1011.9,0.0
2024-02-28,158.0,94.0,45.0,28.0,1.0,7.0,"Borivali East, Mumbai",37.5,21.8,28.4,37,16.1,8.1,332,1011.4,0.0
2024-02-29,156.0,90.0,16.0,10.0,1.0,3.0,"Borivali East, Mumbai",37.2,21.9,28.5,48,16.1,7.7,314,1010.9,0.0
2024-03-01,152.0,62.0,18.0,18.5,1.0,5.0,"Borivali East, Mumbai",35.6,23.0,27.9,56,17.1,9.8,315,1012.1,0.0
2024-03-02,102.0,47.0,27.0,27.0,1.0,4.0,"Borivali East, Mumbai",31.4,21.6,25.9,74,18.3,8.8,295,1012.9,0.0
2024-03-03,65.0,53.0,39.0,22.0,1.0,4.0,"Borivali East, Mumbai",28.8,19.4,24.4,72,16.9,11.9,312,1013.5,0.1
2024-03-04,75.0,78.0,28.0,22.0,1.0,6.0,"Borivali East, Mumbai",30.1,16.8,22.7,61,17.9,9.7,329,1013.7,0.0
2024-03-05,127.0,80.0,59.0,34.0,1.0,5.0,"Borivali East, Mumbai",32.7,16.1,23.7,45,18.7,9.0,327,1012.9,0.0
2024-03-06,133.0,85.0,40.5,22.0,1.0,5.5,"Borivali East, Mumbai",33.2,17.0,24.4,31,21.2,10.0,323,1012.7,0.0
2024-03-07,126.5,90.0,22.0,10.0,1.0,6.0,"Borivali East, Mumbai",35.3,19.1,26.8,31,20.6,11.4,332,1012.2,0.0
2024-03-08,120.0,100.0,30.0,10.0,1.0,9.0,"Borivali East, Mumbai",36.9,20.5,28.1,27,23.3,12.2,347,1012.2,0.0
2024-03-09,144.0,97.0,13.0,11.0,1.0,8.0,"Borivali East, Mumbai",36.9,20.4,28.4,26,20.1,10.8,336,1012.1,0.0
2024-03-10,145.0,81.0,15.0,32.0,1.0,8.0,"Borivali East, Mumbai",35.3,19.5,27.1,28,19.9,11.5,320,1013.2,0.0
2024-03-11,127.0,104.0,65.0,8.0,1.0,10.0,"Borivali East, Mumbai",36.8,20.0,27.9,39,22.7,12.1,329,1014.3,0.0
2024-03-12,143.0,64.0,18.0,25.0,1.0,6.0,"Borivali East, Mumbai",37.0,21.6,28.6,39,19.8,10.6,333,1013.4,0.0
2024-03-13,90.0,64.0,14.0,22.0,1.0,8.0,"Borivali East, Mumbai",33.5,20.9,26.6,59,21.0,11.3,321,1013.2,0.0
2024-03-14,110.0,82.5,29.5,22.0,1.0,7.5,"Borivali East, Mumbai",32.8,19.9,25.7,63,20.3,10.5,325,1013.5,0.0
2024-03-15,115.5,101.0,45.0,22.0,1.0,7.0,"Borivali East, Mumbai",32.0,18.6,24.3,72,15.2,7.8,308,1012.6,0.0
2024-03-16,121.0,89.0,21.0,6.0,1.0,7.0,"Borivali East, Mumbai",32.3,18.0,24.7,73,17.3,9.1,313,1012.3,0.0
2024-03-17,125.0,80.0,19.0,5.0,1.0,6.0,"Borivali East, Mumbai",34.0,19.1,25.4,73,15.8,8.1,315,1012.4,0.0
2024-03-18,116.0,80.0,50.0,20.0,1.0,7.0,"Borivali East, Mumbai",33.5,21.3,26.3,75,16.7,7.8,305,1012.2,0.0
2024-03-19,120.0,82.0,56.0,23.0,1.0,8.0,"Borivali East, Mumbai",35.4,21.7,27.2,61,22.4,9.9,324,1012.0,0.0
2024-03-20,122.0,92.0,72.0,7.0,1.0,6.0,"Borivali East, Mumbai",39.4,21.2,29.4,27,24.0,12.0,349,1010.9,0.0
2024-03-21,133.0,104.0,21.0,23.0,1.0,7.0,"Borivali East, Mumbai",39.8,22.6,30.0,24,20.6,9.0,345,1009.4,0.0
2024-03-22,162.0,69.0,49.0,21.0,1.0,7.0,"Borivali East, Mumbai",36.6,22.2,27.8,55,17.3,8.2,265,1009.2,0.0
2024-03-23,121.0,64.0,15.0,18.0,1.0,7.0,"Borivali East, Mumbai",36.0,20.3,27.3,64,17.9,8.1,306,1009.5,0.0
2024-03-24,102.0,86.0,17.0,6.0,1.0,7.0,"Borivali East, Mumbai",34.0,20.6,27.2,71,16.3,9.6,310,1010.9,0.0
2024-03-25,152.0,66.0,18.0,25.0,1.0,4.0,"Borivali East, Mumbai",35.0,21.1,27.8,67,17.4,10.0,318,1011.3,0.0
2024-03-26,117.0,65.0,24.0,4.0,1.0,7.0,"Borivali East, Mumbai",37.7,21.0,28.2,66,19.7,9.4,317,1011.0,0.0
2024-03-27,106.0,60.0,24.0,4.0,1.0,5.0,"Borivali East, Mumbai",35.9,21.8,27.9,74,20.3,8.0,299,1012.5,0.0
2024-03-28,91.0,60.0,19.0,18.0,1.0,5.0,"Borivali East, Mumbai",35.2,22.0,28.0,74,16.6,7.0,303,1011.2,0.0
2024-03-29,83.0,84.0,28.0,19.0,1.0,6.0,"Borivali East, Mumbai",37.5,22.9,29.1,66,18.2,8.9,310,1010.0,0.0
2024-03-30,132.0,67.0,22.0,15.0,1.0,5.0,"Borivali East, Mumbai",36.8,22.9,29.0,60,21.3,11.2,319,1011.5,0.0
2024-03-31,94.0,79.0,22.0,16.0,1.0,5.0,"Borivali East, Mumbai",37.2,22.9,29.5,49,21.5,11.7,321,1012.3,0.0
2024-04-01,117.0,81.0,33.5,15.0,19.0,5.0,"Borivali East, Mumbai",36.5,23.4,28.8,61,17.6,10.5,316,1009.9,0.0
2024-04-02,117.0,83.0,45.0,14.0,19.0,5.0,"Borivali East, Mumbai",36.2,20.4,27.6,68,17.1,8.2,311,1008.7,0.0
2024-04-03,117.0,65.0,28.0,61.0,19.0,4.0,"Borivali East, Mumbai",35.3,20.6,27.4,68,19.1,8.4,306,1009.6,0.0
2024-04-04,86.0,77.0,41.0,40.0,19.0,3.0,"Borivali East, Mumbai",35.5,21.5,28.1,68,18.6,10.6,317,1010.0,0.0
2024-04-05,108.0,70.0,31.5,26.5,19.0,3.0,"Borivali East, Mumbai",38.3,22.0,30.0,57,22.9,12.2,326,1009.1,0.0
2024-04-06,95.5,63.0,22.0,13.0,19.0,3.0,"Borivali East, Mumbai",39.0,25.7,31.9,37,24.7,15.6,336,1008.0,0.0
2024-04-07,83.0,56.0,13.0,63.0,19.0,4.0,"Borivali East, Mumbai",38.2,24.2,30.3,44,23.1,13.5,319,1008.1,0.0
2024-04-08,74.0,67.0,34.0,14.0,19.0,6.0,"Borivali East, Mumbai",35.9,20.4,27.9,66,17.9,8.3,311,1008.6,0.0
2024-04-09,91.0,64.0,35.0,55.0,19.0,4.0,"Borivali East, Mumbai",36.2,21.0,28.1,70,18.2,8.8,302,1008.9,0.0
2024-04-10,90.0,52.0,38.0,14.0,19.0,5.0,"Borivali East, Mumbai",35.8,23.0,28.0,74,18.1,8.8,290,1009.1,0.0
2024-04-11,80.0,50.5,27.0,36.0,19.0,4.0,"Borivali East, Mumbai",35.8,22.0,28.2,69,17.6,7.8,299,1009.4,0.0
2024-04-12,73.0,49.0,16.0,58.0,19.0,3.0,"Borivali East, Mumbai",35.4,22.9,27.9,64,15.1,8.6,293,1009.4,0.0
2024-04-13,66.0,49.0,15.0,57.0,19.0,4.0,"Borivali East, Mumbai",33.2,21.4,26.8,71,16.8,7.7,295,1010.0,0.0
2024-04-14,71.0,72.0,29.0,52.0,19.0,7.0,"Borivali East, Mumbai",34.9,21.0,27.5,78,21.1,8.9,312,1010.5,0.0
2024-04-15,102.0,89.0,30.0,17.0,19.0,10.0,"Borivali East, Mumbai",40.8,24.2,32.3,56,18.5,9.6,323,1009.6,0.0
2024-04-16,133.0,78.0,15.0,52.0,19.0,9.0,"Borivali East, Mumbai",43.0,27.4,34.9,41,17.8,9.6,335,1008.1,0.0
2024-04-17,114.0,70.0,31.0,46.0,19.0,11.0,"Borivali East, Mumbai",36.4,27.4,31.6,60,15.3,9.6,229,1008.4,0.0
2024-04-18,113.0,61.0,38.0,36.0,19.0,8.0,"Borivali East, Mumbai",35.9,26.4,31.1,69,19.3,9.3,279,1008.1,0.0
2024-04-19,87.0,80.0,36.0,7.0,19.0,8.0,"Borivali East, Mumbai",38.5,25.3,31.2,60,24.2,10.6,305,1006.6,0.8
2024-04-20,87.0,50.0,18.0,14.0,19.0,6.0,"Borivali East, Mumbai",38.2,25.8,31.4,53,23.7,11.5,318,1007.1,0.0
2024-04-21,75.0,56.0,41.0,19.0,19.0,4.0,"Borivali East, Mumbai",36.2,24.0,30.2,55,23.5,12.0,318,1007.8,0.0
2024-04-22,76.0,57.0,20.0,20.0,19.0,3.0,"Borivali East, Mumbai",36.2,24.9,30.1,61,21.0,11.4,315,1008.5,0.0
2024-04-23,79.0,62.0,40.0,25.0,19.0,2.0,"Borivali East, Mumbai",36.4,23.5,29.6,63,20.3,10.8,312,1007.4,0.0
2024-04-24,89.0,59.0,34.0,22.0,19.0,1.0,"Borivali East, Mumbai",36.5,23.1,29.5,67,19.8,10.2,308,1006.6,0.0
2024-04-25,82.0,63.0,31.5,17.5,19.0,1.5,"Borivali East, Mumbai",36.5,24.5,29.9,63,23.6,11.3,309,1007.0,0.0
2024-04-26,91.0,67.0,29.0,13.0,19.0,2.0,"Borivali East, Mumbai",37.8,25.1,30.8,59,20.0,11.3,312,1006.9,0.0
2024-04-27,100.0,86.0,33.0,24.0,19.0,3.0,"Borivali East, Mumbai",38.8,25.6,32.0,52,20.7,12.0,319,1006.7,0.0
2024-04-28,117.0,85.0,47.0,26.0,19.0,2.0,"Borivali East, Mumbai",42.7,26.8,34.2,38,25.8,14.0,330,1006.5,0.0
2024-04-29,98.0,85.0,56.0,13.0,19.0,3.0,"Borivali East, Mumbai",40.7,26.2,33.5,37,21.4,13.1,323,1007.8,0.0
2024-04-30,100.0,73.0,21.0,11.0,19.0,1.0,"Borivali East, Mumbai",40.8,25.4,32.7,45,22.2,12.1,321,1006.8,0.0
2024-05-01,81.0,72.0,37.0,18.0,26.0,4.0,"Borivali East, Mumbai",36.1,24.8,30.0,60,17.8,8.8,287,1006.0,0.0
2024-05-02,78.0,75.0,36.0,23.0,26.0,3.0,"Borivali East, Mumbai",35.3,23.2,28.5,71,18.1,8.7,261,1006.3,0.0
2024-05-03,88.0,59.0,15.0,11.0,26.0,1.0,"Borivali East, Mumbai",35.2,22.2,28.0,76,18.3,8.1,290,1007.6,0.0
2024-05-04,77.0,53.0,38.0,21.0,26.0,2.0,"Borivali East, Mumbai",35.2,23.3,29.1,77,18.7,9.1,291,1008.3,0.0
2024-05-05,70.0,50.0,18.0,18.0,26.0,2.0,"Borivali East, Mumbai",36.8,24.0,30.2,71,21.9,10.3,299,1006.5,0.0
2024-05-06,65.0,58.0,9.0,18.0,26.0,4.0,"Borivali East, Mumbai",34.5,24.9,29.4,76,19.5,9.8,296,1007.5,0.0
2024-05-07,61.0,48.0,12.0,11.0,26.0,3.0,"Borivali East, Mumbai",35.0,25.1,29.5,76,18.8,10.0,268,1008.5,0.0
2024-05-08,61.0,40.0,25.0,20.0,26.0,4.0,"Borivali East, Mumbai",34.4,25.0,29.5,75,22.0,9.8,278,1008.0,0.0
2024-05-09,67.0,44.0,13.0,9.0,26.0,3.0,"Borivali East, Mumbai",33.9,25.4,29.5,77,17.9,9.5,283,1007.2,0.2
2024-05-10,71.0,54.0,30.0,12.0,26.0,2.75,"Borivali East, Mumbai",34.4,25.9,29.6,76,19.0,10.2,292,1008.3,0.0
2024-05-11,69.0,51.0,21.0,10.0,26.0,2.5,"Borivali East, Mumbai",35.0,25.8,30.0,75,21.7,10.8,307,1008.9,0.0
2024-05-12,69.0,48.0,12.0,8.0,26.0,2.25,"Borivali East, Mumbai",35.7,26.6,30.7,72,20.6,9.9,312,1008.9,0.0
2024-05-13,69.0,67.0,85.0,11.0,26.0,2.0,"Borivali East, Mumbai",37.5,26.7,30.8,69,19.3,7.5,326,1008.4,2.1
2024-05-14,99.0,80.0,26.0,28.0,26.0,3.0,"Borivali East, Mumbai",40.4,26.8,31.9,61,18.9,10.4,317,1007.7,0.4
2024-05-15,117.0,63.0,48.0,11.0,26.0,1.0,"Borivali East, Mumbai",37.8,26.0,31.8,65,18.7,9.5,293,1008.0,0.0
2024-05-16,86.0,61.0,74.0,19.0,26.0,3.0,"Borivali East, Mumbai",40.0,26.9,33.2,58,16.8,6.2,337,1008.0,2.3
2024-05-17,99.0,59.0,47.5,11.0,26.0,4.0,"Borivali East, Mumbai",38.1,27.6,31.9,63,16.8,8.4,265,1007.1,0.0
2024-05-18,76.0,65.0,21.0,14.0,26.0,6.0,"Borivali East, Mumbai",36.8,27.2,31.6,75,15.2,7.7,259,1005.1,0.0
2024-05-19,76.0,56.0,27.0,13.0,26.0,5.0,"Borivali East, Mumbai",36.4,26.3,31.2,74,17.0,9.2,259,1003.3,1.5
2024-05-20,66.0,59.0,24.0,6.0,26.0,4.0,"Borivali East, Mumbai",37.1,28.0,31.7,73,20.7,10.9,249,1003.6,0.0
2024-05-21,61.0,54.0,26.0,9.0,26.0,6.0,"Borivali East, Mumbai",37.5,27.9,32.2,73,19.3,9.8,265,1003.4,0.0
2024-05-22,59.0,56.0,27.5,8.5,26.0,11.0,"Borivali East, Mumbai",36.1,28.0,31.7,76,16.5,10.8,260,1003.0,0.4
2024-05-23,65.5,58.0,29.0,8.0,26.0,16.0,"Borivali East, Mumbai",35.2,27.4,31.2,77,20.5,10.1,257,1002.2,0.0
2024-05-24,72.0,59.66666666666666,22.33333333333333,8.333333333333334,26.0,12.666666666666666,"Borivali East, Mumbai",35.8,27.3,31.0,75,18.1,11.5,260,1002.2,0.1
2024-05-26,78.66666666666667,63.0,9.0,9.0,26.0,6.0,"Borivali East, Mumbai",34.0,28.5,31.0,69,20.0,14.7,270,1004.5,0.4
2024-05-27,82.0,56.0,25.0,6.0,26.0,3.0,"Borivali East, Mumbai",33.9,28.6,30.6,72,20.5,14.6,261,1004.1,0.3
2024-05-28,66.0,64.0,93.0,5.0,26.0,3.0,"Borivali East, Mumbai",34.1,28.3,30.9,70,20.9,15.4,257,1004.5,0.9
2024-05-29,65.0,61.0,78.0,6.0,26.0,6.0,"Borivali East, Mumbai",34.8,28.4,31.3,65,23.1,16.4,244,1004.6,0.0
2024-05-30,67.0,50.0,21.0,10.0,26.0,9.0,"Borivali East, Mumbai",35.2,28.1,31.4,66,18.5,13.0,258,1005.5,0.1
2024-05-31,62.0,44.0,12.0,9.0,26.0,7.0,"Borivali East, Mumbai",35.4,27.4,30.9,77,19.8,10.6,269,1006.3,0.7
2024-06-01,62.0,51.0,17.0,6.5,8.0,8.5,"Borivali East, Mumbai",34.9,27.0,31.0,72,17.3,10.9,264,1006.1,0.5
2024-06-02,65.5,58.0,22.0,4.0,8.0,10.0,"Borivali East, Mumbai",35.3,27.1,31.1,69,17.4,10.3,272,1006.3,0.5
2024-06-03,69.0,54.0,47.0,5.0,8.0,7.0,"Borivali East, Mumbai",34.8,27.9,31.2,70,15.8,8.1,271,1006.5,7.9
2024-06-04,66.0,47.0,10.0,4.0,8.0,3.0,"Borivali East, Mumbai",34.5,27.3,29.9,78,14.2,7.4,225,1007.1,4.9
2024-06-05,60.0,45.0,8.0,9.0,8.0,4.0,"Borivali East, Mumbai",33.9,26.4,29.2,80,14.9,8.2,223,1007.4,2.8
2024-06-06,60.0,52.0,21.0,7.0,8.0,4.0,"Borivali East, Mumbai",34.8,26.0,29.5,80,15.9,7.3,268,1008.0,2.0
2024-06-07,59.0,48.0,13.0,11.0,8.0,9.0,"Borivali East, Mumbai",34.3,27.3,30.3,74,17.4,9.9,295,1006.2,1.2
2024-06-08,71.0,43.0,18.0,4.0,8.0,8.0,"Borivali East, Mumbai",34.2,25.8,29.6,74,16.5,9.9,304,1005.1,4.1
2024-06-09,72.0,28.0,12.0,12.0,8.0,9.0,"Borivali East, Mumbai",32.0,25.0,28.4,82,13.9,8.0,276,1004.9,16.5
2024-06-10,55.0,39.0,18.0,14.0,8.0,9.0,"Borivali East, Mumbai",30.4,24.7,26.7,89,11.9,6.9,229,1006.3,24.0
2024-06-11,66.0,34.0,10.0,11.0,8.0,9.0,"Borivali East, Mumbai",30.6,24.9,27.1,89,14.7,7.7,218,1006.8,10.6
2024-06-12,62.0,29.0,11.0,7.0,8.0,11.0,"Borivali East, Mumbai",30.2,24.9,27.2,87,14.4,8.8,212,1007.6,27.3
2024-06-13,39.0,30.0,9.0,12.0,8.0,4.0,"Borivali East, Mumbai",30.4,25.2,27.2,88,15.2,9.8,205,1007.2,13.0
2024-06-14,51.0,38.0,11.0,13.0,8.0,12.0,"Borivali East, Mumbai",30.6,24.8,26.8,87,17.6,10.8,191,1006.4,9.7
2024-06-15,53.0,44.0,10.0,14.0,8.0,22.0,"Borivali East, Mumbai",30.5,24.9,27.5,84,17.2,12.4,185,1005.6,1.1
2024-06-16,52.0,43.0,10.0,9.0,8.0,21.0,"Borivali East, Mumbai",32.2,25.5,28.4,80,14.6,8.8,210,1005.8,0.7
2024-06-17,62.0,39.0,10.0,13.0,8.0,16.5,"Borivali East, Mumbai",32.2,26.0,28.1,84,15.3,9.7,196,1006.1,13.2
2024-06-18,54.0,26.0,11.0,9.0,8.0,12.0,"Borivali East, Mumbai",30.1,25.5,26.9,89,19.0,12.6,206,1005.9,21.1
2024-06-19,69.0,53.0,10.0,11.0,8.0,16.0,"Borivali East, Mumbai",28.9,24.9,26.7,88,18.3,11.0,206,1004.0,21.8
2024-06-20,79.0,47.0,43.0,6.0,8.0,11.0,"Borivali East, Mumbai",28.2,25.4,26.6,92,16.6,11.7,204,1003.1,37.1
2024-06-21,59.0,32.0,24.5,3.0,8.0,12.0,"Borivali East, Mumbai",31.4,24.3,27.4,88,19.5,12.6,222,1003.6,11.2
2024-06-22,46.0,46.0,6.0,4.0,8.0,10.0,"Borivali East, Mumbai",31.0,24.7,27.2,87,16.1,10.5,207,1002.5,5.8
2024-06-23,67.0,32.0,9.0,3.0,8.0,10.0,"Borivali East, Mumbai",30.9,25.1,27.4,88,12.3,8.6,202,1001.5,12.5
2024-06-24,58.0,33.0,58.0,5.0,8.0,9.0,"Borivali East, Mumbai",29.9,24.8,27.2,89,13.2,7.7,188,999.7,30.6
2024-06-25,57.0,25.0,8.0,3.0,8.0,5.0,"Borivali East, Mumbai",30.6,25.5,27.8,86,24.8,15.0,168,998.1,16.8
2024-06-26,53.0,20.0,6.0,7.0,8.0,8.0,"Borivali East, Mumbai",30.4,26.4,27.5,89,27.9,17.6,196,998.0,19.6
2024-06-27,38.0,35.0,13.0,7.0,8.0,11.0,"Borivali East, Mumbai",28.2,25.8,26.8,92,24.7,17.1,204,1000.5,77.6
2024-06-28,53.0,49.0,7.0,7.0,8.0,11.0,"Borivali East, Mumbai",28.5,25.3,26.5,91,21.3,17.5,200,1001.8,40.5
2024-06-29,56.0,54.0,10.5,6.0,8.0,12.0,"Borivali East, Mumbai",29.6,24.6,26.8,90,24.0,15.6,195,1003.1,16.0
2024-06-30,59.0,51.0,14.0,2.0,8.0,9.0,"Borivali East, Mumbai",29.5,25.5,26.9,90,21.2,15.3,209,1003.4,37.0
2024-07-01,53.0,53.0,33.0,3.0,11.1,10.0,"Borivali East, Mumbai",30.6,25.4,27.3,86,30.6,22.7,220,1002.3,12.9
2024-07-02,63.0,54.0,21.0,5.0,11.1,10.0,"Borivali East, Mumbai",30.4,25.9,28.0,84,25.9,20.5,232,1001.7,13.5
2024-07-03,59.0,50.0,15.0,2.0,11.1,10.0,"Borivali East, Mumbai",29.8,25.4,27.8,87,24.2,18.2,225,1002.7,12.7
2024-07-04,50.0,45.0,9.0,1.0,11.1,8.0,"Borivali East, Mumbai",29.2,25.6,27.2,88,17.9,14.6,222,1004.0,7.8
2024-07-05,47.0,52.0,10.0,6.0,11.1,8.0,"Borivali East, Mumbai",29.1,25.5,26.7,90,17.6,15.1,221,1002.2,16.7
2024-07-06,63.0,50.0,11.0,5.0,11.1,8.0,"Borivali East, Mumbai",29.4,25.2,27.0,88,23.7,16.6,231,1001.3,16.8
2024-07-07,68.0,30.0,23.0,5.0,11.1,7.0,"Borivali East, Mumbai",28.6,25.0,26.6,91,16.4,12.3,223,1002.4,13.4
2024-07-08,52.0,11.0,18.0,2.0,11.1,5.0,"Borivali East, Mumbai",28.6,24.9,26.2,92,11.6,8.2,205,1002.6,20.4
2024-07-09,38.0,18.0,12.333333333333332,8.0,11.1,9.0,"Borivali East, Mumbai",26.9,24.5,25.4,95,15.0,9.9,194,1003.5,76.6
2024-07-10,46.5,25.0,6.666666666666666,14.0,11.1,13.0,"Borivali East, Mumbai",29.5,24.6,26.2,90,18.9,12.5,202,1006.1,9.7
2024-07-11,55.0,30.0,1.0,26.0,11.1,12.0,"Borivali East, Mumbai",28.1,23.4,25.6,93,18.0,12.6,220,1005.8,32.9
2024-07-12,60.0,25.0,4.0,22.0,11.1,10.0,"Borivali East, Mumbai",26.9,24.8,25.6,94,20.1,12.3,242,1003.9,48.4
2024-07-13,43.0,35.0,3.0,25.0,11.1,10.0,"Borivali East, Mumbai",26.0,24.6,25.5,94,25.2,16.1,242,1003.4,71.4
2024-07-14,56.0,48.0,2.6666666666666665,14.0,11.1,10.0,"Borivali East, Mumbai",26.5,24.2,25.2,95,18.9,9.0,249,1001.8,32.4
2024-07-15,65.0,27.0,2.333333333333333,16.0,11.1,10.0,"Borivali East, Mumbai",28.8,24.4,26.0,90,14.0,7.7,234,1001.1,9.3
2024-07-16,73.0,28.0,2.0,20.0,11.1,9.0,"Borivali East, Mumbai",29.8,24.7,26.2,92,17.7,10.9,206,1000.3,13.2
2024-07-17,57.0,19.0,3.0,10.0,11.1,7.0,"Borivali East, Mumbai",27.6,24.9,26.0,92,19.2,12.9,223,1002.0,38.3
2024-07-18,53.0,30.0,4.0,17.0,11.1,8.0,"Borivali East, Mumbai",27.8,25.0,26.0,92,22.5,15.8,232,1002.6,61.8
2024-07-19,79.0,27.0,6.0,8.0,11.1,7.0,"Borivali East, Mumbai",27.4,25.2,25.8,93,22.3,16.7,229,1000.8,57.9
2024-07-20,132.0,23.0,5.0,8.0,11.1,7.0,"Borivali East, Mumbai",27.6,25.2,25.9,92,23.2,17.2,228,1001.4,91.2
2024-07-21,52.0,36.0,3.0,7.0,11.1,6.0,"Borivali East, Mumbai",26.8,25.1,25.9,93,23.0,17.4,235,1001.8,44.6
2024-07-22,64.0,30.0,3.0,20.0,11.1,6.0,"Borivali East, Mumbai",26.6,25.2,25.8,93,24.1,18.8,234,1003.7,40.8
2024-07-23,165.0,31.0,4.0,24.0,11.1,9.0,"Borivali East, Mumbai",26.0,25.3,25.7,93,25.8,20.7,240,1004.5,37.1
2024-07-24,45.0,34.0,5.0,21.0,11.1,9.0,"Borivali East, Mumbai",26.5,25.0,25.7,92,25.6,22.1,246,1002.1,45.7
2024-07-25,37.0,50.0,3.0,26.0,11.1,11.0,"Borivali East, Mumbai",26.8,25.1,25.7,91,26.2,22.3,261,1001.1,67.0
2024-07-26,54.0,45.0,3.0,26.0,11.1,10.0,"Borivali East, Mumbai",28.7,25.0,26.3,89,25.4,18.8,253,1002.5,29.2
2024-07-27,56.0,54.0,2.0,27.0,11.1,8.0,"Borivali East, Mumbai",28.5,25.1,26.6,87,25.8,20.4,256,1003.3,8.0
2024-07-28,67.0,47.0,4.0,9.0,11.1,7.0,"Borivali East, Mumbai",28.1,25.2,26.2,90,22.0,17.2,258,1001.0,19.7
2024-07-29,57.0,50.0,4.0,27.0,11.1,7.0,"Borivali East, Mumbai",27.4,25.0,25.7,92,20.0,15.3,243,999.8,32.2
2024-07-30,58.0,41.0,4.0,8.0,11.1,6.0,"Borivali East, Mumbai",28.1,24.7,26.2,91,20.1,13.8,237,1003.0,15.3
2024-07-31,46.0,37.0,5.0,25.0,11.1,4.0,"Borivali East, Mumbai",29.2,24.0,26.3,90,19.1,13.5,245,1005.4,17.6
2024-08-01,43.0,30.0,4.0,24.0,14.0,6.0,"Borivali East, Mumbai",28.9,24.4,26.5,88,23.6,16.0,243,1005.1,14.8
2024-08-02,44.0,33.0,4.0,24.0,14.0,5.0,"Borivali East, Mumbai",28.3,24.2,25.9,89,24.5,18.7,240,1004.8,21.5
2024-08-03,51.0,35.0,2.0,7.0,14.0,3.0,"Borivali East, Mumbai",27.4,24.9,25.8,90,25.8,20.5,242,1005.0,20.7
2024-08-04,51.0,31.0,34.0,17.0,14.0,8.0,"Borivali East, Mumbai",27.1,25.0,25.7,91,21.9,18.2,243,1005.5,33.4
2024-08-05,62.0,35.0,3.0,3.0,14.0,9.0,"Borivali East, Mumbai",29.3,25.0,26.6,87,22.2,16.9,231,1006.4,7.0
2024-08-06,56.0,38.5,3.0,13.5,14.0,10.0,"Borivali East, Mumbai",29.2,24.9,26.5,86,19.5,14.4,237,1006.5,7.0
2024-08-07,53.5,42.0,3.0,24.0,14.0,11.0,"Borivali East, Mumbai",28.9,25.0,26.5,86,19.9,13.2,254,1006.6,10.3
2024-08-08,51.0,39.72727272727273,3.0,22.181818181818183,14.0,10.090909090909092,"Borivali East, Mumbai",28.9,24.5,26.2,87,17.1,11.2,247,1007.5,4.7
2024-08-18,41.0,17.0,3.0,4.0,14.0,1.0,"Borivali East, Mumbai",30.3,24.8,27.3,87,12.2,6.1,317,1006.6,2.7
2024-08-19,40.0,17.666666666666668,3.0,4.666666666666667,14.0,4.0,"Borivali East, Mumbai",29.2,25.0,26.9,90,13.8,6.5,331,1006.0,17.6
2024-08-21,48.66666666666666,19.0,3.0,6.0,14.0,10.0,"Borivali East, Mumbai",30.8,25.0,27.5,87,15.5,6.5,326,1005.5,1.6
2024-08-22,53.0,18.666666666666668,3.1666666666666665,6.25,14.0,13.0,"Borivali East, Mumbai",30.7,25.0,27.5,87,12.7,7.4,212,1005.0,3.2
2024-08-25,40.5,17.666666666666668,3.6666666666666665,7.0,14.0,22.0,"Borivali East, Mumbai",26.7,24.0,25.5,91,21.6,17.2,254,1005.4,31.5
2024-08-27,32.16666666666667,17.0,4.0,4.0,14.0,3.0,"Borivali East, Mumbai",28.0,23.2,25.5,90,28.3,19.7,219,1004.7,22.3
2024-08-28,28.0,28.0,9.0,8.0,14.0,5.0,"Borivali East, Mumbai",29.0,24.3,26.2,88,28.6,19.5,221,1005.5,25.4
2024-08-29,48.0,17.0,14.0,7.333333333333333,14.0,4.666666666666667,"Borivali East, Mumbai",28.6,25.2,26.7,87,24.2,15.9,220,1004.8,6.5
2024-08-30,30.5,6.0,19.0,6.666666666666667,14.0,4.333333333333333,"Borivali East, Mumbai",28.9,24.3,26.4,88,18.1,12.1,214,1006.0,5.7
2024-08-31,13.0,9.5,24.0,6.0,14.0,4.0,"Borivali East, Mumbai",29.6,24.7,26.4,87,11.8,7.2,239,1007.3,2.3
2024-09-03,14.5,20.0,39.0,4.0,4.0,3.0,"Borivali East, Mumbai",27.4,24.3,25.5,91,14.4,9.1,255,1006.5,13.9
2024-09-04,15.0,17.0,5.0,4.0,4.0,3.0,"Borivali East, Mumbai",28.2,24.0,25.9,89,18.7,11.5,250,1007.4,10.5
2024-09-05,36.0,14.0,3.0,7.0,4.0,4.0,"Borivali East, Mumbai",28.5,24.7,25.9,90,19.9,13.6,259,1005.9,22.5
2024-09-06,35.0,12.0,2.75,7.25,4.0,3.25,"Borivali East, Mumbai",28.0,24.5,26.0,89,18.8,11.4,257,1006.9,12.1
2024-09-09,35.0,6.0,2.0,8.0,4.0,1.0,"Borivali East, Mumbai",28.7,24.4,26.2,87,17.0,7.6,247,1005.3,3.0
2024-09-10,35.0,9.0,4.0,4.0,4.0,1.0,"Borivali East, Mumbai",28.3,24.2,26.1,88,16.5,8.6,242,1004.5,6.3
2024-09-11,19.0,12.0,3.0,2.0,4.0,1.0,"Borivali East, Mumbai",28.5,24.1,25.9,88,16.6,10.0,219,1005.6,4.9
2024-09-12,24.0,47.0,10.0,12.0,4.0,7.0,"Borivali East, Mumbai",28.4,24.2,25.7,88,18.4,11.1,229,1007.4,9.2
2024-09-13,66.0,43.66666666666666,9.666666666666666,12.666666666666666,4.0,7.0,"Borivali East, Mumbai",28.4,23.8,25.6,87,18.2,9.7,221,1007.8,4.7
2024-09-15,68.66666666666667,37.0,9.0,14.0,4.0,7.0,"Borivali East, Mumbai",28.0,22.7,25.1,88,13.7,7.7,225,1008.2,2.7
2024-09-16,70.0,35.666666666666664,8.333333333333334,14.0,4.0,5.666666666666667,"Borivali East, Mumbai",29.4,23.1,25.6,89,14.1,8.2,219,1008.8,1.6
2024-09-18,58.0,33.0,7.0,14.0,4.0,3.0,"Borivali East, Mumbai",29.2,22.3,25.7,85,12.2,6.2,258,1007.1,1.2
2024-09-19,52.0,36.0,12.0,14.0,4.0,5.0,"Borivali East, Mumbai",29.5,23.6,26.3,85,12.2,5.5,258,1007.5,1.9
2024-09-20,68.0,40.66666666666666,13.0,13.833333333333334,4.0,5.333333333333333,"Borivali East, Mumbai",29.1,23.2,26.0,88,10.5,5.3,234,1007.8,6.9
2024-09-22,58.0,50.0,15.0,13.5,4.0,6.0,"Borivali East, Mumbai",29.9,24.1,26.7,85,16.1,7.8,330,1007.8,5.4
2024-09-23,53.0,38.5,16.0,13.333333333333334,4.0,6.333333333333333,"Borivali East, Mumbai",29.6,24.8,26.8,89,15.6,7.0,326,1006.7,7.6
2024-09-24,66.5,27.0,4.0,14.0,4.0,3.0,"Borivali East, Mumbai",29.4,24.0,26.0,91,19.6,7.0,343,1004.9,41.3
2024-09-25,80.0,17.0,18.0,13.0,4.0,7.0,"Borivali East, Mumbai",28.2,24.0,25.6,94,17.2,7.3,333,1004.3,35.4
2024-09-26,53.0,13.0,17.0,12.0,4.0,6.0,"Borivali East, Mumbai",26.8,24.0,25.2,95,14.5,6.9,205,1003.2,22.5
2024-09-27,49.0,15.0,13.0,12.0,4.0,6.0,"Borivali East, Mumbai",26.2,24.9,25.6,93,23.3,18.8,247,1004.6,89.2
2024-09-28,49.0,18.0,16.0,12.0,4.0,6.0,"Borivali East, Mumbai",28.4,24.4,26.0,89,17.8,10.5,238,1008.0,11.8
2024-09-29,59.0,20.0,21.0,13.0,4.0,6.0,"Borivali East, Mumbai",28.5,24.0,26.0,90,14.9,8.2,227,1010.2,3.3
2024-09-30,56.0,52.0,27.0,17.0,4.0,7.0,"Borivali East, Mumbai",29.9,24.0,26.7,89,13.3,6.2,309,1010.2,1.7
2024-10-01,107.0,68.0,37.0,17.0,3.0,7.0,"Borivali East, Mumbai",32.3,24.4,27.7,88,13.0,6.3,332,1008.1,1.1
2024-10-02,139.0,38.0,47.0,38.0,3.0,6.0,"Borivali East, Mumbai",31.3,25.4,27.7,90,14.1,5.3,268,1008.9,2.8
2024-10-03,82.0,29.0,12.0,34.0,3.0,5.0,"Borivali East, Mumbai",30.2,24.8,27.1,88,15.8,6.4,254,1009.3,2.3
2024-10-04,62.0,27.0,15.0,36.0,3.0,4.0,"Borivali East, Mumbai",29.6,24.4,26.7,88,13.9,6.1,278,1009.3,1.3
2024-10-05,63.0,42.0,27.0,35.0,3.0,5.0,"Borivali East, Mumbai",30.0,23.7,26.4,87,14.4,5.8,311,1009.8,1.0
2024-10-06,77.0,59.0,38.0,29.0,3.0,5.0,"Borivali East, Mumbai",32.2,23.7,26.9,85,11.2,5.8,6,1009.7,2.7
2024-10-07,125.0,66.0,36.0,33.0,3.0,6.0,"Borivali East, Mumbai",33.2,24.4,28.2,82,13.0,6.3,20,1009.8,0.5
2024-10-08,147.0,56.0,17.0,26.0,3.0,6.0,"Borivali East, Mumbai",34.0,24.0,28.2,81,12.4,6.0,82,1010.0,0.0
2024-10-09,121.0,46.0,20.0,26.0,3.0,6.0,"Borivali East, Mumbai",29.9,24.4,26.7,87,13.5,5.2,94,1008.8,5.7
2024-10-10,105.0,31.0,25.0,27.0,3.0,5.0,"Borivali East, Mumbai",30.5,23.7,26.6,87,11.1,5.9,63,1006.9,11.1
2024-10-11,75.0,44.0,34.0,28.0,3.0,6.0,"Borivali East, Mumbai",31.5,24.2,27.0,84,11.9,6.5,96,1006.5,17.7
2024-10-12,99.0,41.0,33.0,25.0,3.0,6.0,"Borivali East, Mumbai",31.6,23.5,27.1,87,11.0,5.0,103,1007.6,11.0
2024-10-13,88.0,31.0,32.0,23.0,3.0,5.0,"Borivali East, Mumbai",31.1,24.0,27.1,88,11.1,6.0,156,1008.8,9.1
2024-10-14,71.0,29.0,35.0,26.0,3.0,5.0,"Borivali East, Mumbai",32.5,23.4,26.6,87,13.7,5.2,87,1009.3,17.5
2024-10-15,63.0,45.0,38.0,27.0,3.0,6.0,"Borivali East, Mumbai",30.7,24.0,26.6,89,10.5,5.4,156,1009.4,0.1
2024-10-16,97.0,58.0,26.0,26.0,3.0,6.0,"Borivali East, Mumbai",31.5,24.4,27.1,89,11.3,5.3,159,1008.6,4.4
2024-10-17,112.0,54.0,24.0,26.0,3.0,6.0,"Borivali East, Mumbai",28.8,24.5,26.7,92,10.8,5.9,292,1007.9,1.2
2024-10-18,119.0,29.0,17.0,26.0,3.0,5.0,"Borivali East, Mumbai",32.9,24.4,27.6,86,13.5,5.5,130,1007.7,18.4
2024-10-19,65.0,28.0,45.0,25.0,3.0,5.0,"Borivali East, Mumbai",30.8,24.0,26.2,89,11.9,5.6,129,1010.2,16.9
2024-10-20,57.0,24.0,37.6,23.0,3.0,4.0,"Borivali East, Mumbai",30.4,23.9,26.3,88,7.1,4.6,105,1011.0,11.1
2024-10-21,59.0,41.0,30.2,21.0,3.0,4.5,"Borivali East, Mumbai",30.5,23.4,26.6,88,7.9,3.9,58,1011.0,12.8
2024-10-22,90.0,57.0,22.8,20.0,3.0,5.0,"Borivali East, Mumbai",31.0,23.0,26.4,87,12.0,5.4,100,1011.0,8.9
2024-10-23,121.0,66.0,17.0,18.0,3.0,5.5,"Borivali East, Mumbai",32.2,23.8,27.1,85,13.9,7.0,6,1010.3,0.0
2024-10-24,154.0,71.0,8.0,19.0,3.0,6.0,"Borivali East, Mumbai",32.9,24.1,28.0,71,12.6,7.3,29,1009.9,0.0
2024-10-25,153.0,66.0,25.0,37.0,3.0,2.0,"Borivali East, Mumbai",32.5,22.5,26.9,71,13.7,7.2,3,1010.0,0.0
2024-10-26,144.0,82.0,32.0,94.0,3.0,2.0,"Borivali East, Mumbai",33.3,21.5,26.7,66,14.2,8.5,12,1010.2,0.0
2024-10-27,160.0,75.0,25.0,23.0,3.0,5.0,"Borivali East, Mumbai",32.7,21.2,26.7,77,15.1,7.5,335,1009.0,0.0
2024-10-28,155.0,64.0,20.0,15.0,3.0,2.0,"Borivali East, Mumbai",32.5,22.3,26.7,83,12.0,6.1,320,1007.6,0.0
2024-10-29,130.0,69.0,23.0,13.0,3.0,3.0,"Borivali East, Mumbai",32.6,23.8,27.5,85,11.9,5.7,288,1008.9,2.6
2024-10-30,134.0,89.0,23.0,24.0,3.0,6.0,"Borivali East, Mumbai",33.4,23.0,27.4,81,13.0,5.8,29,1009.8,0.0
2024-10-31,171.0,80.0,26.0,27.0,3.0,7.0,"Borivali East, Mumbai",33.4,23.4,28.0,73,12.6,6.9,347,1010.3,0.0
2024-11-01,154.0,91.0,24.0,21.0,3.0,7.0,"Borivali East, Mumbai",33.2,23.9,27.8,76,12.6,6.0,303,1011.7,0.0
2024-11-02,176.0,76.0,26.0,19.0,3.0,7.0,"Borivali East, Mumbai",33.9,23.1,27.6,72,13.3,6.5,2,1012.0,0.0
2024-11-03,157.0,76.0,26.0,18.0,3.0,5.0,"Borivali East, Mumbai",34.5,22.3,27.8,60,13.0,8.5,45,1011.7,0.0
2024-11-04,146.0,71.0,26.0,17.0,3.0,3.0,"Borivali East, Mumbai",34.3,22.5,27.7,59,14.7,9.2,32,1010.8,0.0
2024-11-05,148.0,84.0,28.0,20.0,3.0,5.0,"Borivali East, Mumbai",34.1,22.0,27.8,60,13.8,8.6,56,1011.5,0.0
2024-11-06,153.0,76.0,75.0,19.0,3.0,8.0,"Borivali East, Mumbai",34.5,21.5,27.5,61,15.5,7.8,18,1012.3,0.0
2024-11-07,148.0,82.0,23.0,21.0,3.0,8.0,"Borivali East, Mumbai",34.2,21.4,27.2,53,14.5,9.2,32,1012.1,0.0
2024-11-08,161.0,83.0,22.0,21.0,3.0,6.0,"Borivali East, Mumbai",33.8,21.6,27.2,61,15.3,10.4,39,1011.9,0.0
2024-11-09,159.0,82.0,22.0,18.0,3.0,4.0,"Borivali East, Mumbai",33.9,21.4,27.3,57,15.8,9.6,50,1012.0,0.0
2024-11-10,163.0,82.0,23.0,18.0,3.0,3.0,"Borivali East, Mumbai",33.7,21.2,26.9,56,13.0,8.8,43,1012.0,0.0
2024-11-11,163.0,82.0,21.0,19.0,3.0,1.0,"Borivali East, Mumbai",33.2,22.0,27.2,49,17.2,11.2,35,1011.9,0.0
2024-11-12,165.0,84.0,21.0,21.0,3.0,6.0,"Borivali East, Mumbai",33.2,21.6,26.5,57,13.8,8.4,55,1011.2,0.0
2024-11-13,161.0,83.0,20.0,19.0,3.0,3.0,"Borivali East, Mumbai",33.2,20.8,26.2,59,10.0,7.5,57,1009.6,0.0
2024-11-14,160.0,82.0,22.0,16.0,3.0,4.0,"Borivali East, Mumbai",33.8,20.2,26.4,57,10.0,7.2,56,1010.5,0.0
2024-11-15,158.0,88.0,19.0,16.0,3.0,4.0,"Borivali East, Mumbai",33.2,22.1,27.0,70,9.6,5.2,50,1011.5,0.5
2024-11-16,168.0,86.0,19.0,14.0,3.0,4.0,"Borivali East, Mumbai",33.7,22.9,27.6,72,10.7,5.0,3,1010.8,0.3
2024-11-17,169.0,73.0,20.0,14.0,3.0,4.0,"Borivali East, Mumbai",34.2,23.4,27.8,66,10.3,6.7,47,1010.4,0.0
2024-11-18,157.0,83.0,25.0,16.0,3.0,4.0,"Borivali East, Mumbai",33.0,21.6,26.5,59,11.3,7.2,52,1011.4,0.0
2024-11-19,156.0,81.0,26.0,12.0,3.0,1.0,"Borivali East, Mumbai",31.8,19.2,25.1,56,11.6,7.6,50,1012.6,0.0
2024-11-20,160.0,89.0,26.0,14.0,3.0,3.0,"Borivali East, Mumbai",31.6,19.9,24.7,56,10.1,7.5,54,1012.2,0.0
2024-11-21,169.0,92.0,24.0,13.0,3.0,4.0,"Borivali East, Mumbai",31.8,18.7,24.4,60,10.0,6.6,41,1011.9,0.0
2024-11-22,173.0,104.0,34.0,13.0,3.0,7.0,"Borivali East, Mumbai",32.1,18.1,24.5,63,9.1,5.9,28,1011.4,0.0
2024-11-23,182.0,98.0,24.0,11.0,3.0,5.0,"Borivali East, Mumbai",31.6,18.8,24.3,67,9.1,5.2,25,1012.2,0.0
2024-11-24,178.0,95.0,24.0,11.0,3.0,4.0,"Borivali East, Mumbai",31.9,18.5,24.8,65,8.6,5.5,41,1012.4,0.0
2024-11-25,175.0,74.0,23.0,10.0,3.0,6.0,"Borivali East, Mumbai",31.4,19.0,24.5,63,10.9,6.5,59,1012.0,0.0
2024-11-26,157.0,84.0,23.0,17.0,3.0,5.0,"Borivali East, Mumbai",30.9,18.0,23.9,53,10.4,7.1,60,1011.9,0.0
2024-11-27,162.0,84.0,23.0,13.0,3.0,4.0,"Borivali East, Mumbai",31.2,17.8,23.7,52,9.7,6.6,55,1011.2,0.0
2024-11-28,168.0,77.0,21.0,12.0,3.0,5.0,"Borivali East, Mumbai",31.0,18.5,23.9,46,12.2,8.3,70,1011.1,0.0
2024-11-29,160.0,77.0,24.0,11.0,3.0,3.0,"Borivali East, Mumbai",30.2,16.8,22.9,52,8.8,6.6,47,1011.3,0.0
2024-11-30,162.0,82.0,20.0,10.0,3.0,9.0,"Borivali East, Mumbai",30.9,18.0,23.4,51,9.9,7.3,38,1010.0,0.0
2024-12-01,168.0,88.0,19.0,9.0,2.5,11.0,"Borivali East, Mumbai",32.2,18.0,24.3,59,10.7,7.2,29,1008.1,0.0
2024-12-02,175.0,84.0,16.0,12.0,2.5,6.0,"Borivali East, Mumbai",33.0,20.6,26.2,63,10.7,7.5,40,1007.6,0.0
2024-12-03,165.0,79.0,16.0,9.0,2.5,1.0,"Borivali East, Mumbai",33.4,24.2,28.1,63,12.2,8.3,40,1009.0,0.3
2024-12-04,162.0,82.0,48.0,15.0,2.5,4.0,"Borivali East, Mumbai",33.8,25.7,28.9,68,10.0,6.5,67,1009.9,0.4
2024-12-05,168.0,78.0,28.0,52.0,2.5,8.0,"Borivali East, Mumbai",34.3,24.2,28.5,70,10.5,5.7,28,1010.8,0.3
2024-12-06,160.0,82.0,29.0,89.0,2.5,2.0,"Borivali East, Mumbai",33.2,23.2,27.6,69,11.8,5.4,332,1010.8,0.0
2024-12-07,155.0,74.0,31.0,18.0,2.5,3.0,"Borivali East, Mumbai",32.3,21.2,26.4,55,11.2,7.3,336,1010.7,0.0
2024-12-08,145.0,82.0,24.0,19.0,2.5,5.0,"Borivali East, Mumbai",30.2,17.9,23.4,54,11.1,6.9,348,1011.4,0.0
2024-12-09,146.0,84.0,24.0,26.0,2.5,7.0,"Borivali East, Mumbai",29.7,18.5,23.2,43,13.2,9.7,6,1011.6,0.0
2024-12-10,143.0,75.0,24.0,16.0,2.5,4.0,"Borivali East, Mumbai",31.5,18.6,23.8,54,8.9,6.2,37,1011.2,0.0
2024-12-11,144.0,87.0,24.0,18.0,2.5,12.0,"Borivali East, Mumbai",32.9,19.5,24.7,62,11.7,6.8,45,1011.6,0.0
2024-12-12,153.0,84.0,22.0,17.0,2.5,8.0,"Borivali East, Mumbai",31.1,17.7,23.9,65,11.5,6.7,5,1011.5,0.0
2024-12-13,160.0,78.0,25.0,18.0,2.5,7.0,"Borivali East, Mumbai",31.1,19.6,24.4,54,12.1,7.9,56,1011.9,0.0
2024-12-14,155.0,79.0,25.0,18.0,2.5,6.0,"Borivali East, Mumbai",31.9,18.9,24.3,49,11.8,8.8,67,1012.8,0.0
2024-12-15,158.0,79.0,24.0,33.0,2.5,7.0,"Borivali East, Mumbai",32.8,17.4,23.9,48,11.5,7.5,58,1013.7,0.0
2024-12-16,157.0,83.0,27.0,20.0,2.5,7.0,"Borivali East, Mumbai",32.2,16.1,23.1,49,10.2,6.8,32,1012.7,0.0
2024-12-17,164.0,96.0,38.0,32.0,2.5,10.0,"Borivali East, Mumbai",31.4,14.7,22.1,58,9.8,5.5,15,1011.5,0.0
2024-12-18,170.0,98.0,30.0,37.0,2.5,8.0,"Borivali East, Mumbai",32.3,16.2,22.7,63,10.0,6.0,35,1010.8,0.0
2024-12-19,174.0,111.0,27.0,31.0,2.5,12.0,"Borivali East, Mumbai",30.2,15.4,22.0,76,9.3,4.3,322,1010.8,0.0
2024-12-20,188.0,121.0,23.0,40.0,2.5,12.0,"Borivali East, Mumbai",28.8,17.0,21.9,76,12.0,4.8,320,1011.0,0.0
2024-12-21,194.0,104.0,17.0,32.0,2.5,7.0,"Borivali East, Mumbai",28.5,16.6,22.1,80,10.8,4.1,275,1011.3,0.0
2024-12-22,179.0,92.0,17.0,33.0,2.5,7.0,"Borivali East, Mumbai",28.1,18.7,22.7,83,12.4,5.7,298,1011.9,0.2
2024-12-23,169.0,116.0,24.0,43.0,2.5,9.0,"Borivali East, Mumbai",27.2,19.2,22.8,76,13.3,6.4,322,1012.2,0.0
2024-12-24,180.0,115.0,20.0,46.0,2.5,13.0,"Borivali East, Mumbai",29.2,19.0,23.1,64,13.5,7.2,333,1012.3,0.0
2024-12-25,187.0,128.0,22.0,44.0,2.5,14.0,"Borivali East, Mumbai",29.5,18.7,23.4,64,13.0,7.2,328,1013.1,0.0
2024-12-26,193.0,90.0,17.0,32.0,2.5,7.0,"Borivali East, Mumbai",30.4,20.0,24.4,71,10.5,5.6,315,1014.6,0.1
2024-12-27,167.0,118.0,21.0,42.0,2.5,12.0,"Borivali East, Mumbai",28.9,19.5,23.9,73,12.3,6.4,317,1014.9,0.0
2024-12-28,186.0,92.0,18.0,34.0,2.5,12.0,"Borivali East, Mumbai",30.4,19.9,24.4,73,10.6,5.0,341,1015.0,0.4
2024-12-29,169.0,87.33333333333333,13.0,37.66666666666666,2.5,12.0,"Borivali East, Mumbai",31.5,20.5,25.4,69,11.2,6.9,350,1014.7,0.0
2024-12-31,156.33333333333334,78.0,3.0,45.0,2.5,12.0,"Borivali East, Mumbai",33.5,20.9,26.4,64,11.7,6.4,360,1014.7,0.0
2025-01-01,150.0,69.0,22.0,29.0,1.0,8.0,"Borivali East, Mumbai",32.8,20.5,26.2,64,11.8,7.3,7,1013.7,0.0
2025-01-02,143.0,63.0,20.0,34.0,1.0,7.0,"Borivali East, Mumbai",33.5,19.6,25.9,61,11.4,6.5,11,1013.6,0.0
2025-01-03,113.0,65.0,29.0,37.0,1.0,7.0,"Borivali East, Mumbai",33.5,19.5,25.3,55,10.5,7.4,40,1013.5,0.0
2025-01-04,126.0,71.0,25.0,35.0,1.0,9.0,"Borivali East, Mumbai",33.2,16.8,23.6,52,10.9,6.0,36,1012.4,0.0
2025-01-05,133.0,77.0,20.0,34.0,1.0,11.0,"Borivali East, Mumbai",30.1,18.0,23.2,62,10.2,5.7,324,1012.3,0.0
2025-01-06,155.0,77.0,18.0,37.0,1.0,11.0,"Borivali East, Mumbai",30.4,18.5,23.2,58,11.6,9.2,342,1012.7,0.0
2025-01-07,152.0,76.0,18.0,36.0,1.0,9.0,"Borivali East, Mumbai",32.2,16.3,23.9,51,13.5,6.4,16,1012.3,0.0
2025-01-08,153.0,69.0,20.0,21.0,1.0,8.0,"Borivali East, Mumbai",31.6,19.0,24.7,54,12.3,8.1,39,1011.9,0.0
2025-01-09,144.0,74.0,19.0,25.5,1.0,6.0,"Borivali East, Mumbai",32.3,18.6,24.5,49,11.1,7.9,51,1012.4,0.0
2025-01-10,144.0,76.0,15.0,30.0,1.0,6.0,"Borivali East, Mumbai",31.5,17.8,23.7,57,10.4,6.0,69,1013.6,0.0
2025-01-11,160.0,78.0,22.0,29.0,1.0,7.0,"Borivali East, Mumbai",29.4,18.3,23.2,65,13.2,6.8,331,1014.0,0.0
2025-01-12,155.0,75.0,18.0,25.0,1.0,10.0,"Borivali East, Mumbai",30.8,18.4,24.0,60,13.5,8.6,345,1013.9,0.0
2025-01-13,157.0,79.0,25.0,29.0,1.0,19.0,"Borivali East, Mumbai",33.5,21.3,25.9,56,13.2,8.7,45,1011.8,0.0
2025-01-14,160.0,87.0,25.0,33.0,1.0,13.0,"Borivali East, Mumbai",33.7,20.6,25.3,61,11.0,7.5,86,1012.2,0.0
2025-01-15,162.0,90.0,35.0,40.0,1.0,11.0,"Borivali East, Mumbai",31.2,19.6,24.4,69,14.2,6.1,322,1013.6,0.0
2025-01-16,166.0,86.0,47.0,32.0,1.0,9.0,"Borivali East, Mumbai",31.1,18.9,24.3,66,14.5,8.6,340,1014.1,0.0
2025-01-17,161.0,75.0,57.0,24.0,1.0,12.0,"Borivali East, Mumbai",34.0,22.2,26.5,58,12.2,8.9,32,1012.2,0.0
2025-01-18,153.0,72.0,32.0,26.0,1.0,13.0,"Borivali East, Mumbai",33.8,21.1,26.5,46,11.9,8.5,54,1011.8,0.0
2025-01-19,152.0,79.0,20.0,28.0,1.0,17.0,"Borivali East, Mumbai",33.9,19.5,25.8,46,11.8,7.5,27,1012.6,0.0
2025-01-20,158.0,80.0,20.5,31.0,1.0,16.0,"Borivali East, Mumbai",34.1,19.3,25.7,48,12.6,6.5,7,1012.1,0.0
2025-01-21,158.0,88.0,21.0,38.0,1.0,14.0,"Borivali East, Mumbai",32.8,18.4,25.2,53,12.1,5.7,336,1011.0,0.0
2025-01-22,164.0,83.0,40.0,32.0,1.0,13.0,"Borivali East, Mumbai",33.0,18.5,25.1,55,12.9,6.7,332,1010.7,0.0
2025-01-23,161.0,79.0,56.0,34.0,1.0,12.0,"Borivali East, Mumbai",31.8,20.5,25.3,49,13.1,10.3,343,1011.0,0.0
2025-01-24,152.0,105.0,64.0,40.0,1.0,11.0,"Borivali East, Mumbai",33.3,18.4,25.5,50,11.0,6.1,338,1009.9,0.0
2025-01-25,170.0,88.0,58.0,37.0,1.0,13.0,"Borivali East, Mumbai",34.2,20.5,26.2,59,10.9,5.9,332,1010.8,0.0
2025-01-26,164.0,84.0,57.0,38.0,1.0,11.0,"Borivali East, Mumbai",35.2,19.7,26.5,59,12.4,5.7,331,1010.7,0.0
2025-01-27,162.0,70.0,58.0,32.0,1.0,7.0,"Borivali East, Mumbai",34.5,19.2,26.2,56,11.9,5.8,325,1009.9,0.0
2025-01-28,137.0,59.0,45.0,24.0,1.0,5.0,"Borivali East, Mumbai",32.1,18.4,24.5,59,10.1,4.7,298,1010.3,0.0
2025-01-29,118.0,79.0,59.0,37.0,1.0,12.0,"Borivali East, Mumbai",32.2,17.0,23.9,61,12.1,5.9,317,1012.1,0.0
2025-01-30,151.0,65.0,28.0,26.0,1.0,9.0,"Borivali East, Mumbai",33.2,17.4,24.7,54,10.1,5.5,317,1010.8,0.0
2025-01-31,124.0,67.0,50.0,23.0,1.0,8.0,"Borivali East, Mumbai",31.2,18.0,23.8,57,12.2,6.7,317,1010.8,0.0
2025-02-01,134.0,73.0,57.0,30.0,1.0,9.0,"Borivali East, Mumbai",30.2,17.5,23.1,60,13.4,6.5,330,1011.8,0.0
2025-02-02,140.0,72.0,46.0,25.0,1.0,10.0,"Borivali East, Mumbai",32.7,17.9,24.6,45,12.9,6.9,327,1011.6,0.0
2025-02-03,130.0,63.0,41.0,22.0,1.0,9.0,"Borivali East, Mumbai",30.5,18.5,24.0,53,15.4,7.2,311,1012.0,0.0
2025-02-04,122.0,61.0,33.0,25.0,1.0,4.0,"Borivali East, Mumbai",31.4,18.2,24.1,52,13.1,7.6,321,1013.0,0.0
2025-02-05,130.0,87.0,85.0,27.0,1.0,8.0,"Borivali East, Mumbai",32.9,19.5,24.9,37,15.1,10.3,344,1011.9,0.0
2025-02-06,161.0,110.0,68.0,35.0,1.0,3.0,"Borivali East, Mumbai",34.0,17.2,25.2,44,11.0,5.5,332,1010.7,0.0
2025-02-07,170.0,99.0,61.0,29.0,1.0,3.0,"Borivali East, Mumbai",36.0,20.2,26.7,54,11.6,5.4,341,1011.6,0.0
2025-02-08,167.0,101.0,55.0,33.0,1.0,3.0,"Borivali East, Mumbai",35.0,20.1,27.0,55,12.8,5.6,327,1011.8,0.0
2025-02-09,164.0,90.0,46.0,32.0,1.0,3.0,"Borivali East, Mumbai",35.5,20.2,27.4,45,14.7,7.0,321,1011.2,0.0
2025-02-10,152.0,102.0,63.0,29.0,1.0,6.0,"Borivali East, Mumbai",35.5,21.0,27.2,41,15.2,8.3,321,1012.6,0.0
2025-02-11,170.0,98.0,50.0,31.0,1.0,4.0,"Borivali East, Mumbai",34.2,19.2,25.8,45,14.6,7.4,324,1013.3,0.0
2025-02-12,164.0,90.0,44.0,27.0,1.0,4.0,"Borivali East, Mumbai",34.7,17.8,25.8,45,11.0,7.9,347,1013.4,0.0
2025-02-13,155.0,104.0,7.0,27.0,1.0,2.0,"Borivali East, Mumbai",36.7,19.3,27.4,38,13.2,8.3,356,1012.5,0.0
2025-02-14,162.0,112.0,14.0,55.0,1.0,6.0,"Borivali East, Mumbai",36.7,20.5,28.5,33,15.4,9.1,358,1012.1,0.0
2025-02-15,161.0,89.0,44.0,29.0,1.0,3.0,"Borivali East, Mumbai",37.0,18.9,28.2,31,16.3,7.8,353,1011.3,0.0
2025-02-16,154.0,66.0,43.0,26.0,1.0,5.0,"Borivali East, Mumbai",36.0,18.5,26.6,35,15.2,7.3,332,1011.9,0.0
2025-02-17,143.0,97.0,39.0,29.0,1.0,1.0,"Borivali East, Mumbai",35.9,18.1,26.6,45,14.8,7.4,337,1012.5,0.0
2025-02-18,168.0,96.0,46.0,27.0,1.0,3.0,"Borivali East, Mumbai",36.5,21.0,27.9,37,17.2,8.7,338,1012.4,0.0
2025-02-19,163.0,100.0,32.0,45.0,1.0,5.0,"Borivali East, Mumbai",34.8,20.5,27.6,36,16.0,8.7,338,1011.5,0.0
2025-02-20,158.0,92.0,39.0,39.0,1.0,3.0,"Borivali East, Mumbai",36.2,19.6,28.2,36,14.4,9.5,348,1011.8,0.0
2025-02-21,142.0,108.0,64.0,38.0,1.0,1.0,"Borivali East, Mumbai",37.8,23.9,30.2,30,15.8,10.7,11,1012.8,0.0
2025-02-22,153.0,96.0,41.0,33.0,1.0,3.0,"Borivali East, Mumbai",37.5,22.1,29.3,33,14.8,8.9,342,1013.2,0.0
2025-02-23,146.0,96.0,39.0,28.0,1.0,8.0,"Borivali East, Mumbai",38.0,21.5,29.5,32,14.0,8.0,347,1013.4,0.0
2025-02-24,144.0,100.0,61.0,30.0,1.0,5.0,"Borivali East, Mumbai",38.1,21.9,29.3,31,14.9,8.2,1,1013.3,0.0
2025-02-25,152.0,85.0,73.0,25.0,1.0,6.0,"Borivali East, Mumbai",38.5,23.0,29.2,34,13.9,7.2,34,1013.9,0.0
2025-02-26,147.0,95.0,65.0,28.0,1.0,7.0,"Borivali East, Mumbai",38.6,20.9,28.4,44,12.6,5.5,25,1014.2,0.0
2025-02-27,164.0,110.0,51.0,40.0,1.0,7.0,"Borivali East, Mumbai",37.5,21.2,28.2,48,15.5,6.4,266,1012.8,0.0
2025-02-28,176.0,106.0,52.0,35.0,1.0,7.0,"Borivali East, Mumbai",35.3,21.9,28.5,48,14.0,6.4,316,1011.6,0.0
2025-03-01,164.0,101.0,44.0,29.0,1.0,8.0,"Borivali East, Mumbai",35.9,22.4,28.9,38,13.7,8.0,318,1011.0,0.0
2025-03-02,156.0,108.0,51.0,34.0,1.0,8.0,"Borivali East, Mumbai",37.9,22.6,29.2,33,15.7,9.7,338,1010.4,0.0
2025-03-03,160.0,112.0,37.0,32.0,1.0,8.0,"Borivali East, Mumbai",37.8,22.1,29.6,37,16.4,9.2,341,1010.7,0.0
2025-03-04,161.0,108.0,37.0,37.0,1.0,9.0,"Borivali East, Mumbai",37.4,22.8,29.6,36,16.7,11.1,352,1011.3,0.0
2025-03-05,144.0,106.0,54.0,42.0,1.0,10.0,"Borivali East, Mumbai",38.4,23.2,29.9,27,14.7,9.8,355,1010.9,0.0
2025-03-06,159.0,102.0,75.0,35.0,1.0,10.0,"Borivali East, Mumbai",36.8,19.4,28.2,23,16.2,8.3,348,1011.6,0.0
2025-03-07,164.0,121.0,59.0,41.0,1.0,3.0,"Borivali East, Mumbai",38.8,22.2,29.3,23,14.8,8.3,349,1009.9,0.0
2025-03-08,190.0,98.0,41.0,35.0,1.0,4.0,"Borivali East, Mumbai",38.0,20.1,28.4,33,16.3,7.9,321,1008.5,0.0
2025-03-09,167.0,117.0,85.0,41.0,1.0,14.0,"Borivali East, Mumbai",38.5,19.8,28.3,45,15.8,5.8,321,1008.6,0.0
2025-03-10,177.0,112.0,69.0,39.0,1.0,9.0,"Borivali East, Mumbai",40.9,22.6,30.4,35,13.8,6.4,335,1009.9,0.0
2025-03-11,177.0,96.0,97.0,29.0,1.0,12.0,"Borivali East, Mumbai",39.3,24.0,30.2,43,14.6,6.1,279,1011.0,0.0
2025-03-12,168.0,90.0,62.0,34.0,1.0,7.0,"Borivali East, Mumbai",39.2,22.5,29.7,51,15.7,5.7,294,1009.8,0.0
2025-03-13,167.0,87.0,28.0,29.0,1.0,8.0,"Borivali East, Mumbai",37.0,22.4,29.0,60,13.1,6.7,293,1009.3,0.0
2025-03-14,167.0,59.0,22.0,19.0,1.0,6.0,"Borivali East, Mumbai",36.5,22.0,28.9,56,14.8,6.6,302,1009.7,0.0
2025-03-15,113.0,70.0,26.0,21.0,1.0,7.0,"Borivali East, Mumbai",37.2,22.0,28.8,54,14.7,7.5,318,1010.5,0.0
2025-03-16,129.0,78.0,36.0,21.0,1.0,5.0,"Borivali East, Mumbai",35.6,22.5,28.8,51,14.8,7.9,320,1010.9,0.0
2025-03-17,142.0,71.0,26.0,19.0,1.0,4.0,"Borivali East, Mumbai",35.8,22.6,28.5,55,16.1,7.9,321,1011.0,0.0
2025-03-18,127.0,70.0,29.0,21.0,1.0,4.0,"Borivali East, Mumbai",35.5,20.6,27.4,63,14.4,6.5,309,1010.4,0.0
2025-03-19,122.0,73.0,40.0,23.0,1.0,4.0,"Borivali East, Mumbai",34.0,20.9,27.1,62,13.6,6.8,307,1011.5,0.0
2025-03-20,133.0,70.0,16.0,18.0,1.0,2.0,"Borivali East, Mumbai",36.5,20.5,28.4,46,17.6,8.3,329,1012.9,0.0
2025-03-21,126.0,58.0,23.0,17.0,1.0,3.0,"Borivali East, Mumbai",34.5,22.7,27.4,60,17.8,8.4,312,1013.6,0.0
2025-03-22,108.0,66.0,35.0,18.0,1.0,2.0,"Borivali East, Mumbai",35.2,19.8,26.7,65,18.3,6.2,318,1012.5,0.0
2025-03-23,112.0,73.0,29.0,21.0,1.0,2.0,"Borivali East, Mumbai",37.2,20.6,27.9,64,14.7,4.8,276,1011.9,0.0
2025-03-24,148.0,72.0,25.0,17.0,1.0,4.0,"Borivali East, Mumbai",36.3,22.8,28.2,71,17.0,5.9,281,1011.9,0.0
2025-03-25,138.0,61.0,15.0,17.0,1.0,3.0,"Borivali East, Mumbai",34.8,22.0,28.0,66,16.2,7.3,298,1009.2,0.0
2025-03-26,110.0,48.0,11.0,13.0,1.0,2.0,"Borivali East, Mumbai",33.3,21.5,27.2,72,15.6,7.0,286,1008.6,0.0
2025-03-27,78.0,71.0,33.0,22.0,1.0,3.0,"Borivali East, Mumbai",31.9,21.9,26.4,76,16.1,6.7,295,1009.8,0.0
2025-03-28,118.0,95.0,60.0,35.0,1.0,4.0,"Borivali East, Mumbai",35.0,21.9,28.4,60,15.2,7.9,325,1008.5,0.0
2025-03-29,156.0,98.0,61.0,37.0,1.0,8.0,"Borivali East, Mumbai",38.7,24.1,31.0,25,15.3,8.1,320,1006.9,0.0
2025-03-30,165.0,81.0,43.0,27.0,1.0,7.0,"Borivali East, Mumbai",40.4,24.3,31.7,31,17.1,7.3,313,1007.3,0.0
2025-03-31,148.0,69.0,35.0,27.0,1.0,5.0,"Borivali East, Mumbai",39.1,24.0,31.6,38,15.1,7.3,304,1007.6,0.0
2025-04-01,131.0,88.0,45.0,33.0,19.0,2.0,"Borivali East, Mumbai",40.3,24.9,31.6,40,14.5,6.3,319,1007.0,0.0
2025-04-02,154.0,74.0,16.0,21.0,19.0,3.0,"Borivali East, Mumbai",39.3,26.2,31.7,40,16.5,6.9,243,1007.4,0.0
2025-04-03,136.0,65.0,16.0,17.0,19.0,2.0,"Borivali East, Mumbai",34.1,26.0,29.7,69,12.3,7.0,233,1010.7,0.4
2025-04-04,108.0,72.0,29.0,21.0,19.0,1.0,"Borivali East, Mumbai",35.1,25.3,29.1,75,13.2,5.6,293,1011.9,1.1
2025-04-05,131.0,71.0,28.0,22.0,19.0,4.0,"Borivali East, Mumbai",37.7,22.5,29.5,61,17.8,7.8,314,1009.8,0.0
2025-04-06,125.0,67.0,42.0,21.0,19.0,7.0,"Borivali East, Mumbai",38.0,22.0,29.3,56,17.1,6.3,294,1008.7,0.0
2025-04-07,128.0,73.0,51.0,22.0,19.0,4.0,"Borivali East, Mumbai",39.2,22.2,30.3,52,18.1,7.8,314,1008.3,0.0
2025-04-08,133.0,63.0,25.0,16.0,19.0,7.0,"Borivali East, Mumbai",39.5,23.0,30.7,49,16.7,6.9,315,1008.9,0.0
2025-04-09,122.0,54.0,14.0,15.0,19.0,5.0,"Borivali East, Mumbai",37.2,23.6,30.1,56,14.4,6.1,273,1008.5,0.0
2025-04-10,88.0,50.0,8.0,16.0,19.0,2.0,"Borivali East, Mumbai",34.7,24.9,28.7,74,11.7,7.5,209,1007.3,0.0
2025-04-11,81.0,48.0,12.0,14.0,19.0,5.0,"Borivali East, Mumbai",35.2,23.6,28.8,70,13.8,7.9,218,1007.1,0.0
2025-04-12,75.0,48.0,13.0,11.0,19.0,3.0,"Borivali East, Mumbai",33.8,24.0,28.4,75,14.8,7.2,232,1008.9,0.0
2025-04-13,80.0,49.0,24.0,13.0,19.0,5.0,"Borivali East, Mumbai",34.1,23.9,28.4,77,14.4,6.6,299,1010.2,0.0
2025-04-14,86.0,58.0,18.0,14.0,19.0,4.0,"Borivali East, Mumbai",38.6,22.4,29.8,62,17.5,9.0,327,1008.8,0.0
2025-04-15,111.0,52.0,11.0,11.0,19.0,2.0,"Borivali East, Mumbai",36.8,22.5,29.5,63,15.9,7.1,303,1008.2,0.0
2025-04-16,88.0,46.0,12.0,12.0,19.0,2.0,"Borivali East, Mumbai",34.8,23.6,28.8,73,14.3,6.9,269,1008.2,0.0
2025-04-17,74.0,45.0,13.0,14.0,19.0,3.0,"Borivali East, Mumbai",34.2,24.5,28.7,77,15.6,7.1,258,1008.1,0.0
2025-04-18,71.0,42.0,12.0,14.0,19.0,2.0,"Borivali East, Mumbai",33.9,24.5,28.7,75,14.6,7.0,257,1007.6,0.0
2025-04-19,67.0,54.0,15.0,13.0,19.0,3.0,"Borivali East, Mumbai",34.5,24.0,28.9,75,14.7,7.9,254,1008.0,0.0
2025-04-20,70.0,54.0,14.0,13.0,19.0,4.0,"Borivali East, Mumbai",34.9,23.5,28.8,72,14.1,7.2,281,1008.3,0.0
2025-04-21,69.0,73.0,20.0,18.0,19.0,4.0,"Borivali East, Mumbai",34.8,24.1,28.8,76,14.6,6.9,288,1009.7,0.0
2025-04-22,105.0,76.0,22.0,18.0,19.0,3.0,"Borivali East, Mumbai",36.8,23.5,29.7,69,16.1,6.3,294,1009.7,0.0
2025-04-23,115.0,61.0,19.0,16.0,19.0,3.0,"Borivali East, Mumbai",37.2,24.5,30.2,69,15.5,6.5,259,1008.2,0.0
2025-04-24,95.0,51.0,14.0,14.0,19.0,3.0,"Borivali East, Mumbai",35.3,25.0,29.5,72,14.5,7.2,253,1007.5,0.0
2025-04-25,74.0,50.0,13.0,13.0,19.0,4.0,"Borivali East, Mumbai",34.9,24.7,29.4,70,14.3,7.1,275,1008.0,0.0
2025-04-26,75.0,54.0,15.0,12.0,19.0,3.0,"Borivali East, Mumbai",35.2,24.5,29.1,72,14.1,6.2,269,1007.8,0.0
2025-04-27,84.0,55.0,14.0,13.0,19.0,2.0,"Borivali East, Mumbai",35.7,24.8,29.1,74,15.9,7.0,284,1008.2,0.0
2025-04-28,72.0,54.5,12.0,13.0,19.0,1.5,"Borivali East, Mumbai",34.5,24.6,29.1,76,15.6,7.3,251,1007.3,0.0
2025-04-29,71.0,54.0,10.0,13.0,19.0,1.0,"Borivali East, Mumbai",34.5,24.7,29.2,76,14.6,7.2,241,1006.8,0.0
2025-04-30,70.0,49.0,10.0,9.0,19.0,1.0,"Borivali East, Mumbai",34.8,24.7,29.4,75,14.9,7.4,262,1007.8,0.1
2025-05-01,82.0,49.0,12.0,10.0,26.0,1.0,"Borivali East, Mumbai",35.2,24.7,29.6,74,16.6,6.7,273,1008.3,0.0
2025-05-02,85.0,50.0,10.0,8.0,26.0,2.0,"Borivali East, Mumbai",36.5,23.9,29.9,66,14.3,6.8,279,1008.3,0.0
2025-05-03,73.0,45.0,8.0,5.0,26.0,2.0,"Borivali East, Mumbai",35.2,23.9,29.5,66,15.2,7.6,251,1008.1,0.0
2025-05-04,75.0,49.0,9.0,5.0,26.0,3.0,"Borivali East, Mumbai",33.5,24.9,29.4,71,15.5,8.0,248,1007.8,0.0
2025-05-05,79.0,45.0,31.0,3.0,26.0,1.0,"Borivali East, Mumbai",35.0,26.3,30.2,70,14.1,7.5,247,1007.4,0.0
2025-05-06,73.0,16.0,6.0,7.0,26.0,6.0,"Borivali East, Mumbai",34.5,21.6,28.5,74,16.7,8.7,244,1008.4,10.5
2025-05-07,86.0,24.0,9.0,12.0,26.0,3.0,"Borivali East, Mumbai",33.5,24.1,27.9,73,16.2,8.7,219,1007.5,4.0
2025-05-08,64.0,28.0,9.0,12.0,26.0,2.0,"Borivali East, Mumbai",30.9,22.0,26.3,81,13.1,7.8,206,1007.4,6.9
2025-05-09,68.0,28.0,8.0,9.0,26.0,2.0,"Borivali East, Mumbai",30.5,24.0,27.1,80,12.5,8.1,194,1008.4,1.1
2025-05-10,55.0,27.0,18.0,6.0,26.0,1.0,"Borivali East, Mumbai",33.0,23.6,28.0,78,11.2,6.1,227,1008.3,0.1
2025-05-11,66.0,23.0,9.0,7.0,26.0,6.0,"Borivali East, Mumbai",34.2,24.8,28.8,77,11.4,4.9,253,1007.6,2.5
2025-05-12,63.0,39.0,5.0,5.0,26.0,5.0,"Borivali East, Mumbai",34.4,25.9,29.5,74,12.6,5.4,263,1006.6,2.4
2025-05-13,66.0,51.0,10.0,4.0,26.0,2.0,"Borivali East, Mumbai",34.2,25.4,29.3,77,12.0,4.9,292,1006.7,4.1
2025-05-14,90.0,47.0,9.0,7.0,26.0,2.0,"Borivali East, Mumbai",33.0,23.8,29.0,78,11.4,5.0,288,1007.2,5.2
2025-05-15,77.0,43.0,4.0,5.0,26.0,1.0,"Borivali East, Mumbai",34.3,26.4,29.5,77,13.5,5.2,283,1007.2,4.9
2025-05-16,66.0,39.0,4.0,7.0,26.0,1.0,"Borivali East, Mumbai",34.0,26.9,30.1,71,15.4,6.1,255,1007.0,0.4
2025-05-17,66.0,42.0,6.0,5.0,26.0,1.6666666666666663,"Borivali East, Mumbai",32.2,27.2,29.5,74,12.4,6.0,247,1006.6,7.7
2025-05-18,75.0,46.0,6.0,4.0,26.0,2.333333333333333,"Borivali East, Mumbai",34.6,26.1,30.0,72,13.5,5.7,268,1005.9,0.5
2025-05-19,65.0,51.0,6.0,3.0,26.0,3.0,"Borivali East, Mumbai",33.5,26.3,29.7,73,14.0,5.7,297,1004.9,0.0
2025-05-20,89.0,32.0,18.0,7.0,26.0,4.0,"Borivali East, Mumbai",33.8,26.7,29.5,79,11.5,4.9,310,1004.2,11.5
2025-05-21,63.0,30.0,18.0,9.0,26.0,4.0,"Borivali East, Mumbai",32.3,25.9,29.0,82,9.0,4.1,266,1003.3,1.9
2025-05-22,69.0,46.0,10.0,11.0,26.0,6.0,"Borivali East, Mumbai",33.5,25.2,28.9,78,15.3,6.0,332,1002.1,12.0
2025-05-23,78.0,53.0,14.0,13.0,26.0,3.0,"Borivali East, Mumbai",35.6,25.4,29.3,78,7.3,3.6,15,999.6,0.9
2025-05-24,108.0,51.0,3.0,10.0,26.0,4.0,"Borivali East, Mumbai",34.6,25.5,29.3,76,9.1,5.1,342,999.4,5.1
2025-05-25,73.0,55.0,1.0,9.0,26.0,5.0,"Borivali East, Mumbai",28.5,24.0,26.2,93,12.5,4.9,263,1001.8,22.1
2025-05-26,69.0,33.0,6.0,7.0,26.0,3.0,"Borivali East, Mumbai",26.9,24.1,25.3,98,13.2,7.2,64,1002.2,53.6
2025-05-27,62.0,36.0,6.0,19.0,26.0,3.0,"Borivali East, Mumbai",30.6,24.2,26.7,90,13.1,5.5,194,1002.0,4.7
2025-05-28,60.0,53.0,3.0,10.0,26.0,2.0,"Borivali East, Mumbai",29.2,24.5,26.6,91,14.2,7.7,200,1002.3,6.7
2025-05-29,78.0,63.0,3.0,6.0,26.0,1.5,"Borivali East, Mumbai",32.2,25.8,28.6,84,17.6,9.7,243,1000.9,1.7
2025-05-30,73.0,58.0,3.0,7.0,26.0,1.0,"Borivali East, Mumbai",32.0,27.5,29.5,77,17.2,12.8,247,1002.1,0.8
2025-05-31,69.0,43.0,4.0,6.0,26.0,3.0,"Borivali East, Mumbai",31.7,27.2,29.0,80,18.6,11.6,232,1005.5,2.9
2025-06-01,69.0,46.0,18.0,6.0,8.0,6.0,"Borivali East, Mumbai",30.0,24.2,27.0,86,17.7,11.1,190,1006.0,4.8
2025-06-02,69.0,48.0,2.0,3.0,8.0,5.0,"Borivali East, Mumbai",31.5,24.6,27.6,83,18.6,12.9,199,1004.9,2.6
2025-06-03,64.0,27.0,5.0,8.0,8.0,1.0,"Borivali East, Mumbai",31.0,24.4,26.9,86,19.1,11.9,198,1005.3,11.0
2025-06-04,67.0,49.0,7.0,13.0,8.0,3.0,"Borivali East, Mumbai",30.5,22.9,26.6,84,12.8,8.2,180,1006.5,3.6
2025-06-05,78.0,51.0,5.0,15.0,8.0,3.0,"Borivali East, Mumbai",31.9,23.9,27.6,79,11.2,4.5,215,1008.5,1.9
2025-06-06,70.0,33.0,5.0,7.0,8.0,5.0,"Borivali East, Mumbai",31.4,24.9,27.9,84,10.0,5.0,263,1009.4,1.5
2025-06-07,62.0,50.0,5.0,14.0,8.0,5.0,"Borivali East, Mumbai",31.2,25.0,27.4,87,9.5,5.3,238,1009.5,8.3
2025-06-08,82.0,53.0,4.0,9.0,8.0,4.0,"Borivali East, Mumbai",31.0,25.5,28.1,84,13.1,6.7,270,1008.8,4.1
2025-06-09,74.0,37.0,4.0,8.0,8.0,3.0,"Borivali East, Mumbai",31.5,26.0,28.7,78,18.3,9.2,290,1007.8,1.0
2025-06-10,67.0,27.0,5.0,8.0,8.0,2.0,"Borivali East, Mumbai",31.5,25.9,28.7,80,16.8,8.4,289,1005.8,0.4
2025-06-11,57.0,27.0,4.0,8.0,8.0,3.0,"Borivali East, Mumbai",32.2,26.6,29.4,78,16.6,9.3,292,1004.2,0.4
2025-06-12,43.0,33.0,9.0,12.0,8.0,4.0,"Borivali East, Mumbai",32.2,28.0,29.6,81,21.4,12.8,302,1002.4,4.0
2025-06-13,59.0,46.0,4.0,8.0,8.0,4.0,"Borivali East, Mumbai",31.4,25.3,28.2,86,15.4,9.0,324,1001.7,25.5
2025-06-14,49.0,34.0,6.0,14.0,8.0,7.0,"Borivali East, Mumbai",31.9,24.7,27.3,90,12.3,5.1,332,1000.4,65.4
2025-06-15,74.0,13.0,6.0,18.0,8.0,7.0,"Borivali East, Mumbai",30.0,24.6,26.1,96,12.4,5.5,176,997.9,39.7
2025-06-16,41.0,43.0,2.0,9.0,8.0,7.0,"Borivali East, Mumbai",26.4,25.0,25.5,97,21.2,15.3,245,998.6,85.3
2025-06-17,65.0,25.0,5.0,10.0,8.0,4.0,"Borivali East, Mumbai",29.6,24.7,27.1,87,22.0,15.6,216,1001.6,10.8
2025-06-18,57.0,33.0,2.0,10.0,8.0,1.0,"Borivali East, Mumbai",28.1,25.0,26.2,94,22.9,16.8,243,1002.5,90.3
2025-06-19,47.0,36.0,2.0,8.0,8.0,1.0,"Borivali East, Mumbai",27.4,23.8,25.5,96,18.6,13.1,242,1003.4,46.4
2025-06-20,53.0,36.0,2.0,7.0,8.0,1.0,"Borivali East, Mumbai",30.3,24.9,27.1,86,19.0,12.8,225,1004.8,9.2
2025-06-21,58.0,35.0,2.0,6.0,8.0,1.0,"Borivali East, Mumbai",30.0,24.3,27.1,87,18.7,12.1,229,1005.3,12.1
2025-06-22,63.0,42.0,2.0,8.0,8.0,1.0,"Borivali East, Mumbai",29.8,24.7,26.7,88,19.7,12.4,224,1004.4,12.9
2025-06-23,60.0,38.0,3.0,9.0,8.0,1.0,"Borivali East, Mumbai",27.6,24.5,25.9,92,21.0,14.4,236,1002.9,36.0
2025-06-24,57.0,48.0,4.0,10.0,8.0,2.0,"Borivali East, Mumbai",28.9,24.3,26.3,90,20.8,12.8,243,1001.9,33.3
2025-06-25,77.0,50.0,17.0,9.0,8.0,6.0,"Borivali East, Mumbai",29.8,25.0,27.4,85,20.6,15.4,241,1001.5,10.3
2025-06-26,72.0,54.0,5.0,8.0,8.0,4.0,"Borivali East, Mumbai",28.5,24.3,25.8,93,15.0,10.3,221,1001.8,36.2
2025-06-27,64.0,53.0,10.0,7.0,8.0,3.0,"Borivali East, Mumbai",28.8,23.9,26.6,87,20.3,13.9,217,1002.5,15.0
2025-06-28,64.0,48.0,7.0,7.0,8.0,3.0,"Borivali East, Mumbai",29.9,24.5,26.6,84,23.1,15.7,222,1003.9,20.0
2025-06-29,49.0,50.0,1.0,9.0,8.0,5.0,"Borivali East, Mumbai",28.9,24.5,26.4,87,18.0,13.2,227,1004.1,14.2
2025-06-30,60.0,46.0,40.0,8.0,8.0,3.0,"Borivali East, Mumbai",29.2,23.8,26.2,88,23.0,14.3,237,1003.9,23.5
2025-07-01,65.0,36.0,6.0,10.0,11.1,4.5,"Borivali East, Mumbai",29.4,24.0,26.2,89,19.2,11.9,240,1004.2,33.5
2025-07-02,60.0,27.0,7.0,8.0,11.1,6.0,"Borivali East, Mumbai",28.5,24.1,25.6,92,18.6,12.8,244,1003.5,48.4
2025-07-03,63.0,39.0,7.0,6.0,11.1,4.0,"Borivali East, Mumbai",28.6,24.0,25.8,90,18.9,13.4,226,1003.6,22.1
2025-07-04,60.0,30.0,6.0,7.0,11.1,3.0,"Borivali East, Mumbai",28.4,24.2,26.1,89,21.4,14.3,226,1004.5,18.3
2025-07-05,62.0,38.0,8.0,6.0,11.1,4.0,"Borivali East, Mumbai",27.5,24.0,25.9,91,18.9,14.6,237,1004.3,26.2
2025-07-06,75.0,41.0,7.0,7.0,11.1,5.0,"Borivali East, Mumbai",26.4,24.5,25.3,94,20.6,14.7,237,1003.7,29.5
2025-07-07,79.0,45.0,8.0,6.0,11.1,5.0,"Borivali East, Mumbai",28.4,24.6,26.2,88,15.9,12.6,238,1004.1,8.0
2025-07-08,78.0,44.0,6.0,8.0,11.1,6.0,"Borivali East, Mumbai",28.9,25.4,26.9,85,19.2,14.1,241,1004.7,6.0
2025-07-09,74.0,48.0,7.0,8.0,11.1,10.0,"Borivali East, Mumbai",27.8,24.5,25.6,93,13.9,9.0,240,1005.1,16.3
2025-07-10,69.0,40.0,7.0,8.0,11.1,9.0,"Borivali East, Mumbai",29.4,24.1,26.5,88,14.4,8.4,220,1005.3,5.6
2025-07-11,80.0,41.0,7.0,9.0,11.1,7.0,"Borivali East, Mumbai",28.2,24.1,26.1,90,11.7,7.4,228,1005.5,13.6
2025-07-12,65.0,29.0,7.0,8.0,11.1,6.0,"Borivali East, Mumbai",29.6,24.0,26.6,87,16.1,9.2,243,1006.0,6.1
2025-07-13,58.0,9.0,6.0,8.0,11.1,4.0,"Borivali East, Mumbai",28.8,24.4,26.1,90,14.8,9.1,237,1005.7,14.7
2025-07-14,46.0,26.0,3.0,12.0,11.1,7.0,"Borivali East, Mumbai",27.5,24.4,25.5,94,17.9,11.5,236,1004.2,37.1
2025-07-15,53.0,41.0,32.0,18.0,11.1,9.0,"Borivali East, Mumbai",28.0,24.5,26.2,90,14.4,9.1,248,1003.7,15.6
2025-07-16,72.0,44.0,4.0,16.0,11.1,1.0,"Borivali East, Mumbai",29.6,24.4,26.9,88,15.2,8.7,251,1004.1,4.2
2025-07-17,55.0,45.0,3.0,15.0,11.1,4.0,"Borivali East, Mumbai",29.6,24.8,27.1,86,10.8,6.5,241,1004.8,3.8
2025-07-18,67.0,41.0,3.0,16.0,11.1,1.0,"Borivali East, Mumbai",29.5,25.0,27.1,85,12.8,7.2,245,1005.1,3.2
2025-07-19,65.0,29.0,3.0,14.0,11.1,6.0,"Borivali East, Mumbai",28.8,24.5,26.6,87,14.1,8.2,228,1003.1,4.9
2025-07-20,55.0,4.0,2.5,18.0,11.1,10.0,"Borivali East, Mumbai",28.2,24.0,25.9,91,14.1,9.0,215,1002.3,11.0
2025-07-21,58.0,2.0,2.0,19.0,11.1,13.0,"Borivali East, Mumbai",27.9,24.6,25.7,93,11.4,7.2,220,1003.5,36.1
2025-07-22,35.0,10.0,1.0,17.0,11.1,10.0,"Borivali East, Mumbai",28.5,24.5,25.9,92,13.6,7.7,243,1004.2,24.6
2025-07-23,40.0,28.0,4.0,16.0,11.1,9.0,"Borivali East, Mumbai",28.0,24.3,25.8,90,16.3,10.1,248,1003.1,13.4
2025-07-24,64.0,15.0,3.0,16.0,11.1,8.0,"Borivali East, Mumbai",27.9,23.8,25.5,92,17.2,10.6,228,1001.7,17.5
2025-07-25,44.0,46.0,6.0,15.0,11.1,4.0,"Borivali East, Mumbai",27.8,24.6,25.4,95,17.7,13.0,243,1001.2,33.6
2025-07-26,63.0,52.0,7.0,14.0,11.1,7.0,"Borivali East, Mumbai",27.8,24.6,25.7,91,18.3,15.0,252,1002.3,15.4
2025-07-27,66.0,50.0,6.0,16.0,11.1,7.0,"Borivali East, Mumbai",28.2,24.1,26.2,87,24.4,19.1,249,1003.4,14.9
2025-07-28,68.0,48.0,7.0,15.0,11.1,8.0,"Borivali East, Mumbai",28.2,24.1,26.0,87,23.1,17.9,248,1004.8,12.0
2025-07-29,84.0,38.0,5.0,14.0,11.1,9.0,"Borivali East, Mumbai",27.7,24.7,25.9,88,24.2,17.9,251,1005.2,8.4
2025-07-30,69.0,36.0,6.0,12.0,11.1,3.0,"Borivali East, Mumbai",26.9,24.8,25.9,90,20.9,16.4,244,1004.8,5.5
2025-07-31,77.0,27.0,26.0,6.0,11.1,8.0,"Borivali East, Mumbai",27.8,25.2,26.3,87,19.3,15.5,236,1005.4,4.4
2025-08-01,53.0,26.0,4.0,7.0,14.0,4.0,"Borivali East, Mumbai",28.7,24.6,26.5,85,16.2,12.3,241,1006.2,4.4
2025-08-02,61.0,14.0,4.0,6.0,14.0,6.0,"Borivali East, Mumbai",29.0,24.2,26.1,89,14.5,9.3,241,1006.4,6.9
2025-08-03,41.0,23.0,6.0,5.0,14.0,3.0,"Borivali East, Mumbai",28.6,23.9,26.2,87,11.7,7.5,223,1007.2,3.3
2025-08-04,53.0,30.0,7.0,7.0,14.0,3.0,"Borivali East, Mumbai",28.9,24.2,26.5,86,12.8,6.7,242,1008.3,2.6
2025-08-05,55.0,26.0,6.0,6.0,14.0,5.0,"Borivali East, Mumbai",29.4,24.2,26.6,85,14.2,6.6,257,1007.9,1.8
2025-08-06,38.0,34.0,8.0,6.0,14.0,7.0,"Borivali East, Mumbai",29.6,24.2,26.7,87,13.5,5.7,278,1007.5,0.3
2025-08-07,51.0,49.0,6.0,5.0,14.0,3.0,"Borivali East, Mumbai",27.4,25.1,26.1,91,10.5,4.0,287,1007.3,5.4
2025-08-08,45.0,29.0,6.0,4.0,14.0,1.0,"Borivali East, Mumbai",28.4,25.0,26.3,90,9.0,4.3,237,1008.0,1.7
2025-08-09,138.0,47.0,4.0,2.0,14.0,2.5,"Borivali East, Mumbai",28.8,24.0,26.3,88,9.0,4.9,224,1009.4,3.5
2025-08-10,62.0,45.0,5.0,1.0,14.0,4.0,"Borivali East, Mumbai",28.5,24.0,25.9,89,12.5,5.7,208,1008.7,4.0
2025-08-11,47.0,16.0,4.0,60.0,14.0,8.0,"Borivali East, Mumbai",28.8,23.9,26.0,88,14.5,7.3,238,1008.4,4.8
2025-08-12,61.0,1.0,2.0,20.0,14.0,11.0,"Borivali East, Mumbai",28.8,23.9,26.1,87,15.3,7.7,249,1007.1,4.7
2025-08-13,47.0,3.0,5.0,22.0,14.0,4.0,"Borivali East, Mumbai",28.1,24.0,25.5,92,10.3,6.4,233,1005.1,15.5
2025-08-14,36.0,19.0,5.0,17.0,14.0,2.0,"Borivali East, Mumbai",27.1,24.2,25.4,93,12.3,6.6,196,1004.4,12.6
2025-08-15,36.0,34.0,5.0,26.0,14.0,1.0,"Borivali East, Mumbai",26.5,24.4,25.2,95,12.4,7.6,231,1003.8,64.1
2025-08-16,40.0,34.0,6.0,18.0,14.0,2.0,"Borivali East, Mumbai",25.7,24.1,24.6,97,14.3,7.1,227,1002.6,36.2
2025-08-17,46.0,12.0,5.0,13.0,14.0,10.0,"Borivali East, Mumbai",28.7,24.1,25.8,91,16.1,8.7,221,1001.3,12.1
2025-08-18,54.0,21.666666666666668,10.0,8.0,14.0,6.0,"Borivali East, Mumbai",25.5,24.2,24.6,97,19.1,13.9,235,1003.6,132.2
2025-08-19,36.0,31.333333333333336,10.0,6.0,14.0,1.0,"Borivali East, Mumbai",25.2,24.3,24.7,97,26.8,17.9,243,1002.4,134.2
2025-08-20,54.0,41.0,7.0,11.0,14.0,2.0,"Borivali East, Mumbai",25.6,24.0,24.7,95,23.7,18.0,238,1003.7,58.5
2025-08-21,37.0,6.0,6.0,19.0,14.0,5.0,"Borivali East, Mumbai",28.1,24.2,25.9,89,22.6,16.5,233,1007.0,19.2
2025-08-22,64.0,22.666666666666664,8.0,16.0,14.0,11.0,"Borivali East, Mumbai",28.2,24.4,26.2,85,20.6,15.1,240,1007.9,4.6
2025-08-23,40.0,39.33333333333333,6.666666666666667,26.5,14.0,7.0,"Borivali East, Mumbai",28.5,23.6,26.0,84,23.3,15.9,241,1007.1,10.6
2025-08-24,32.5,56.0,5.333333333333334,37.0,14.0,3.0,"Borivali East, Mumbai",28.8,24.4,26.2,84,22.4,17.0,238,1007.7,4.9
2025-08-25,25.0,62.0,4.0,18.0,14.0,1.0,"Borivali East, Mumbai",26.5,23.6,24.7,93,20.2,14.1,238,1007.0,20.7
2025-08-26,131.0,61.0,5.0,14.0,14.0,2.0,"Borivali East, Mumbai",27.7,24.0,25.6,90,17.1,11.4,251,1006.6,15.3
2025-08-27,49.0,59.0,4.0,13.0,14.0,7.0,"Borivali East, Mumbai",28.5,24.2,25.9,89,13.7,6.8,274,1005.6,11.2
2025-08-28,66.0,46.0,3.0,14.0,14.0,6.0,"Borivali East, Mumbai",27.5,24.1,25.7,92,10.5,6.8,274,1004.6,20.6
2025-08-29,59.0,54.0,5.0,15.0,14.0,2.0,"Borivali East, Mumbai",28.6,24.4,25.9,91,10.5,6.4,239,1004.6,18.2
2025-08-30,66.0,57.0,6.0,12.0,14.0,1.0,"Borivali East, Mumbai",28.6,23.9,25.9,89,12.5,7.5,223,1006.5,3.4
2025-08-31,65.0,66.0,6.0,14.0,14.0,1.0,"Borivali East, Mumbai",28.2,24.2,25.9,89,16.6,10.3,245,1006.8,8.4
2025-09-01,70.0,66.0,5.0,14.0,4.0,1.0,"Borivali East, Mumbai",27.6,23.9,25.6,90,20.5,12.9,253,1005.3,8.9
2025-09-02,62.0,72.0,7.0,13.0,4.0,3.0,"Borivali East, Mumbai",28.4,24.0,26.0,88,16.1,11.7,268,1005.1,6.1
2025-09-03,72.0,47.0,21.0,15.0,4.0,8.0,"Borivali East, Mumbai",28.6,23.7,26.2,85,15.9,9.8,281,1005.4,6.7
2025-09-04,69.0,59.0,7.0,23.0,4.0,11.0,"Borivali East, Mumbai",25.3,23.8,24.8,94,10.8,7.5,261,1005.7,21.6
2025-09-05,70.0,53.0,7.0,16.0,4.0,15.0,"Borivali East, Mumbai",26.9,24.0,25.0,95,19.3,10.0,250,1006.1,25.0
2025-09-06,68.0,57.333333333333336,6.666666666666667,16.0,4.0,11.333333333333334,"Borivali East, Mumbai",25.5,24.0,24.8,93,18.4,11.2,231,1007.2,32.9
2025-09-08,79.33333333333333,66.0,6.0,16.0,4.0,4.0,"Borivali East, Mumbai",28.2,23.2,25.5,88,15.8,10.0,201,1007.4,2.6
2025-09-09,85.0,60.0,12.0,13.0,4.0,5.0,"Borivali East, Mumbai",29.9,23.0,26.0,86,10.0,6.6,197,1009.1,0.2
2025-09-10,70.0,57.0,8.0,13.0,4.0,3.0,"Borivali East, Mumbai",29.9,23.2,26.2,85,11.6,5.0,286,1009.8,0.2
2025-09-11,67.0,54.0,5.0,11.0,4.0,2.0,"Borivali East, Mumbai",29.0,22.9,26.0,85,11.7,4.7,284,1009.5,0.7
2025-09-12,56.0,53.0,9.0,13.0,4.0,2.0,"Borivali East, Mumbai",29.1,23.6,26.3,86,11.7,4.3,301,1009.4,5.4
2025-09-13,69.0,61.0,13.0,15.0,4.0,3.0,"Borivali East, Mumbai",28.4,24.2,26.0,91,13.1,4.9,310,1009.0,7.5
2025-09-14,78.0,43.0,7.0,15.0,4.0,2.0,"Borivali East, Mumbai",29.1,24.1,25.8,91,14.7,6.1,313,1008.7,12.1
2025-09-15,74.0,43.0,1.0,15.0,4.0,3.0,"Borivali East, Mumbai",27.1,24.5,25.5,93,13.9,6.9,282,1008.1,19.2
2025-09-16,66.0,59.0,7.0,16.0,4.0,3.0,"Borivali East, Mumbai",28.0,24.5,25.5,93,10.6,4.8,267,1007.8,15.5
2025-09-17,79.0,39.0,5.0,19.75,4.0,6.333333333333334,"Borivali East, Mumbai",28.9,23.8,25.8,93,10.7,4.1,211,1007.7,24.2
2025-09-18,57.0,45.0,4.0,23.5,4.0,9.666666666666668,"Borivali East, Mumbai",29.2,24.0,25.6,93,9.9,3.9,256,1007.6,18.5
2025-09-19,60.0,52.0,5.0,27.25,4.0,13.0,"Borivali East, Mumbai",28.2,23.8,25.6,93,10.9,5.2,243,1008.6,21.3
2025-09-20,71.0,37.0,7.0,31.0,4.0,5.0,"Borivali East, Mumbai",29.2,23.8,25.9,91,9.7,5.6,223,1008.8,20.0
2025-09-21,64.0,51.0,3.0,32.0,4.0,3.0,"Borivali East, Mumbai",28.4,23.6,25.5,93,10.9,5.2,254,1008.4,22.3
2025-09-22,56.0,56.0,6.0,31.0,4.0,4.0,"Borivali East, Mumbai",28.9,23.4,25.1,94,10.8,4.7,266,1009.1,27.1
2025-09-23,69.0,43.0,7.0,70.0,4.0,5.0,"Borivali East, Mumbai",28.8,23.7,25.6,90,15.5,6.1,247,1009.6,12.2
2025-09-24,63.0,42.0,9.0,57.0,4.0,5.0,"Borivali East, Mumbai",28.6,23.9,26.1,85,12.6,5.0,261,1008.1,3.6
2025-09-25,53.0,49.0,11.0,22.0,4.0,9.0,"Borivali East, Mumbai",28.4,23.5,25.8,88,10.3,4.2,250,1007.4,1.6
2025-09-26,71.0,45.0,4.0,21.0,4.0,12.0,"Borivali East, Mumbai",29.4,23.2,25.9,90,12.5,5.0,332,1007.4,4.6
2025-09-27,70.0,1.0,19.0,20.0,4.0,11.0,"Borivali East, Mumbai",28.8,23.7,25.5,91,13.9,7.9,286,1007.4,30.3
2025-09-28,55.0,54.0,21.0,19.0,4.0,9.0,"Borivali East, Mumbai",25.4,24.0,24.9,96,23.2,18.1,281,1003.7,147.1
2025-09-29,84.0,48.0,7.0,17.0,4.0,9.0,"Borivali East, Mumbai",28.0,23.6,25.5,85,20.3,14.4,225,1004.2,14.5
2025-09-30,70.0,53.0,7.0,17.0,4.0,9.0,"Borivali East, Mumbai",27.6,23.1,25.0,89,17.1,12.3,187,1005.4,5.3
2025-10-01,67.0,41.0,8.0,15.0,3.0,9.0,"Borivali East, Mumbai",28.9,23.0,25.2,89,18.6,12.5,181,1005.0,6.6
2025-10-02,63.0,48.0,7.0,15.0,3.0,10.0,"Borivali East, Mumbai",28.5,23.4,25.5,89,17.3,10.8,178,1007.0,3.9
2025-10-03,70.0,46.0,8.0,11.0,3.0,9.0,"Borivali East, Mumbai",29.5,23.6,26.2,88,12.7,7.9,179,1009.7,1.8
2025-10-04,59.0,61.0,8.0,16.0,3.0,7.0,"Borivali East, Mumbai",29.5,24.0,26.2,88,11.3,6.0,196,1011.0,2.8
2025-10-05,81.0,65.0,11.0,12.0,3.0,5.0,"Borivali East, Mumbai",28.2,23.2,25.7,88,10.8,6.2,198,1011.1,2.1
2025-10-06,72.0,49.0,12.0,9.0,3.0,5.0,"Borivali East, Mumbai",29.0,23.0,25.6,87,12.5,6.3,213,1011.7,0.9
2025-10-07,68.0,61.0,18.0,8.0,3.0,5.0,"Borivali East, Mumbai",28.9,23.2,25.5,89,11.7,5.2,256,1011.8,2.7
2025-10-08,81.0,100.0,32.0,11.0,3.0,9.0,"Borivali East, Mumbai",29.9,23.4,26.1,87,10.8,4.9,326,1011.5,2.1
2025-10-09,122.0,135.0,79.0,14.0,3.0,11.0,"Borivali East, Mumbai",32.2,23.4,27.1,78,9.9,5.3,348,1011.6,0.1
2025-10-10,130.0,133.0,46.0,21.0,3.0,9.0,"Borivali East, Mumbai",32.5,23.2,27.2,68,8.3,6.2,11,1010.3,0.0
2025-10-11,151.0,131.0,52.0,22.0,3.0,11.0,"Borivali East, Mumbai",32.8,22.9,27.0,70,9.8,5.7,9,1010.0,0.0
2025-10-12,156.0,112.0,58.0,21.0,3.0,14.0,"Borivali East, Mumbai",33.2,22.1,27.1,69,8.6,6.1,16,1009.5,0.0
2025-10-13,141.0,102.0,59.0,21.0,3.0,14.0,"Borivali East, Mumbai",33.3,22.6,27.2,66,9.1,6.4,18,1010.0,0.0
2025-10-14,137.0,104.0,53.0,24.0,3.0,9.0,"Borivali East, Mumbai",33.8,21.5,27.0,65,8.8,6.6,39,1008.2,0.0
2025-10-15,141.0,97.0,64.0,24.0,3.0,8.0,"Borivali East, Mumbai",34.0,21.9,27.4,68,9.6,5.3,75,1007.5,1.1
2025-10-16,142.0,47.0,37.0,25.666666666666668,3.0,10.0,"Borivali East, Mumbai",34.0,24.4,27.8,79,10.8,5.0,62,1008.1,10.9
2025-10-17,82.0,95.5,26.5,27.33333333333333,3.0,12.5,"Borivali East, Mumbai",34.3,24.1,28.9,72,10.3,6.6,46,1009.2,0.0
2025-10-18,126.0,144.0,16.0,29.0,3.0,15.0,"Borivali East, Mumbai",34.6,24.2,28.5,70,9.8,5.1,29,1008.9,0.6
2025-10-19,170.0,140.0,52.0,22.0,3.0,15.0,"Borivali East, Mumbai",33.9,24.1,28.8,69,8.7,6.2,38,1007.7,0.0
2025-10-20,181.0,138.0,53.0,17.0,3.0,6.0,"Borivali East, Mumbai",34.3,24.0,28.8,66,11.0,6.6,48,1007.1,0.0
2025-10-21,177.0,145.0,49.0,19.0,3.0,10.0,"Borivali East, Mumbai",33.7,24.6,28.1,72,9.9,6.0,63,1008.2,6.5
2025-10-22,131.0,124.0,27.0,17.0,3.0,11.0,"Borivali East, Mumbai",33.5,25.2,27.9,80,12.0,6.2,53,1008.6,13.0
2025-10-23,125.0,239.0,20.0,21.0,3.0,11.0,"Borivali East, Mumbai",33.9,24.8,28.9,76,12.3,6.5,75,1007.3,1.4
2025-10-24,101.0,82.0,14.0,22.0,3.0,12.0,"Borivali East, Mumbai",31.9,25.8,28.5,77,12.0,4.5,99,1007.1,4.9
2025-10-25,68.0,77.0,20.0,19.0,3.0,12.0,"Borivali East, Mumbai",29.9,24.5,26.4,89,13.1,5.7,128,1006.9,27.1
2025-10-26,64.0,63.0,15.0,21.0,3.0,12.0,"Borivali East, Mumbai",26.8,23.5,24.8,96,13.5,7.3,117,1006.8,25.1
2025-10-27,53.0,74.0,24.0,22.0,3.0,12.0,"Borivali East, Mumbai",30.7,23.1,25.5,90,14.0,9.0,146,1006.5,6.4
2025-10-28,91.0,79.0,25.0,20.0,3.0,8.0,"Borivali East, Mumbai",32.0,24.4,27.3,78,14.4,10.1,141,1005.9,0.1
2025-10-29,95.0,59.0,21.0,23.0,3.0,5.0,"Borivali East, Mumbai",31.5,25.0,27.3,78,11.2,6.9,148,1005.2,1.4
2025-10-30,80.0,57.0,18.0,18.0,3.0,12.0,"Borivali East, Mumbai",28.8,23.7,25.9,85,12.2,8.8,150,1007.1,6.8
2025-10-31,76.0,62.0,15.0,19.0,3.0,9.0,"Borivali East, Mumbai",29.6,23.3,26.3,84,17.6,12.7,158,1008.4,8.8
2025-11-01,76.0,58.0,12.0,24.0,3.0,11.0,"Borivali East, Mumbai",29.0,23.3,26.1,89,14.6,10.8,169,1010.3,2.8
2025-11-02,70.0,60.0,15.0,22.0,3.0,11.0,"Borivali East, Mumbai",28.4,24.2,25.6,91,14.0,8.4,179,1012.5,3.4
2025-11-03,82.0,66.0,21.0,25.0,3.0,10.0,"Borivali East, Mumbai",29.0,23.3,25.8,89,12.4,6.3,206,1012.5,2.0
2025-11-04,83.0,66.0,55.0,18.0,3.0,11.0,"Borivali East, Mumbai",28.2,23.1,25.1,89,11.8,4.5,232,1011.9,1.2
2025-11-05,101.0,95.0,39.0,12.0,3.0,7.0,"Borivali East, Mumbai",29.0,22.4,25.0,83,9.1,4.3,310,1011.2,0.1
2025-11-06,133.0,101.0,38.0,20.0,3.0,11.0,"Borivali East, Mumbai",29.6,21.5,25.0,83,10.6,4.4,335,1011.7,0.6
2025-11-07,144.0,93.0,39.0,24.0,3.0,9.0,"Borivali East, Mumbai",31.7,22.3,25.8,75,11.2,5.4,357,1012.5,0.0
2025-11-08,119.0,74.0,39.0,20.0,3.0,9.0,"Borivali East, Mumbai",32.4,20.9,25.6,63,8.4,6.3,34,1013.4,0.0
2025-11-09,102.0,88.0,49.0,22.0,3.0,9.0,"Borivali East, Mumbai",30.2,18.9,23.7,70,8.5,4.8,311,1012.9,0.0
2025-11-10,128.0,82.0,54.0,18.0,3.0,12.0,"Borivali East, Mumbai",31.0,18.5,23.8,70,8.9,5.2,42,1012.3,0.0
2025-11-11,134.0,114.0,35.0,23.0,3.0,7.0,"Borivali East, Mumbai",31.1,18.9,24.3,68,9.6,5.6,21,1013.1,0.0
2025-11-12,155.0,103.0,51.0,23.0,3.0,4.0,"Borivali East, Mumbai",31.5,18.4,24.4,57,8.4,6.3,44,1013.6,0.0
2025-11-13,148.0,111.0,50.0,20.0,3.0,5.0,"Borivali East, Mumbai",31.9,19.5,24.7,59,9.7,7.3,43,1014.0,0.0
2025-11-14,150.0,113.0,52.0,21.0,3.0,5.0,"Borivali East, Mumbai",31.9,18.9,24.5,59,8.9,6.8,51,1013.3,0.0
2025-11-15,156.0,109.0,48.0,23.0,3.0,4.0,"Borivali East, Mumbai",31.5,17.8,23.9,56,9.7,7.2,57,1014.0,0.0
2025-11-16,158.0,120.0,59.0,20.0,3.0,4.0,"Borivali East, Mumbai",31.2,18.0,23.8,52,10.8,7.6,59,1015.3,0.0
2025-11-17,161.0,121.0,57.0,23.0,3.0,6.0,"Borivali East, Mumbai",30.8,18.6,23.6,54,10.9,7.6,51,1014.8,0.0
2025-11-18,162.0,114.0,57.0,19.0,3.0,5.0,"Borivali East, Mumbai",30.8,16.7,22.9,54,10.0,7.1,57,1013.1,0.0
2025-11-19,163.0,115.0,43.0,22.0,3.0,5.0,"Borivali East, Mumbai",31.7,16.5,23.3,53,10.4,7.3,37,1013.0,0.0
2025-11-20,162.0,129.0,50.0,26.0,3.0,6.0,"Borivali East, Mumbai",32.2,16.8,23.6,60,9.7,6.5,37,1013.3,0.0
2025-11-21,163.0,129.0,66.0,30.0,3.0,8.0,"Borivali East, Mumbai",33.1,18.4,24.4,58,11.2,7.1,49,1014.1,0.0
2025-11-22,168.0,119.0,61.0,26.0,3.0,9.0,"Borivali East, Mumbai",33.0,19.8,25.3,65,9.9,5.8,31,1013.2,0.0
2025-11-23,164.0,130.0,47.0,26.0,3.0,11.0,"Borivali East, Mumbai",32.9,20.4,25.7,71,11.4,4.5,331,1013.2,0.0
2025-11-24,169.0,138.0,55.0,25.0,3.0,13.0,"Borivali East, Mumbai",33.2,20.1,25.9,72,10.6,4.6,338,1013.2,0.0
2025-11-25,172.0,154.0,66.0,29.0,3.0,15.0,"Borivali East, Mumbai",33.0,21.2,26.1,74,10.6,4.4,324,1013.0,0.2
2025-11-26,174.0,96.0,26.0,24.0,3.0,12.0,"Borivali East, Mumbai",32.8,21.2,25.8,77,12.1,4.0,288,1013.1,0.3
2025-11-27,152.0,86.0,21.0,22.0,3.0,11.0,"Borivali East, Mumbai",32.9,21.0,25.8,70,8.6,5.5,44,1013.7,0.0
2025-11-28,144.0,83.0,28.0,23.0,3.0,12.0,"Borivali East, Mumbai",32.3,20.0,25.4,64,10.3,6.1,37,1013.2,0.0
2025-11-29,132.0,80.0,42.0,25.0,3.0,12.0,"Borivali East, Mumbai",32.2,20.9,25.4,53,9.2,6.6,64,1012.0,0.0
2025-11-30,117.0,75.0,49.0,41.0,3.0,10.0,"Borivali East, Mumbai",31.3,17.4,23.0,59,9.3,5.7,37,1011.9,0.0
2025-12-01,142.0,78.0,44.0,70.0,2.5,11.0,"Borivali East, Mumbai",31.5,17.0,23.2,59,11.8,6.6,30,1011.7,0.0
2025-12-02,134.0,81.0,45.0,80.0,2.5,11.0,"Borivali East, Mumbai",31.6,16.9,23.4,59,7.6,4.9,23,1011.8,0.0
2025-12-03,141.0,84.0,46.0,58.0,2.5,8.0,"Borivali East, Mumbai",32.1,17.4,23.9,57,10.2,6.7,51,1012.7,0.0
2025-12-04,151.0,82.0,59.0,35.0,2.5,6.0,"Borivali East, Mumbai",32.5,20.5,25.5,54,11.2,8.1,53,1013.7,0.0
2025-12-05,141.0,81.0,59.0,35.0,2.5,5.0,"Borivali East, Mumbai",33.2,21.4,26.3,55,11.4,7.7,63,1014.6,0.0
2025-12-06,128.0,81.0,78.0,31.0,2.5,4.0,"Borivali East, Mumbai",32.4,21.8,26.0,54,11.1,8.3,46,1015.1,0.0
2025-12-07,137.0,76.0,62.0,25.0,2.5,6.0,"Borivali East, Mumbai",33.2,20.5,25.4,50,10.7,7.8,46,1014.9,0.0
2025-12-08,126.0,66.0,54.0,23.0,2.5,7.0,"Borivali East, Mumbai",33.5,18.6,24.6,54,9.8,6.1,47,1014.7,0.0
2025-12-09,100.0,54.0,54.0,19.0,2.5,6.0,"Borivali East, Mumbai",32.7,17.7,24.6,40,7.8,6.2,60,1014.3,0.0
2025-12-10,79.0,61.0,63.0,16.0,2.5,6.0,"Borivali East, Mumbai",33.2,17.9,24.0,43,8.8,6.4,54,1015.1,0.0
2025-12-11,90.0,64.0,76.0,12.0,2.5,9.0,"Borivali East, Mumbai",32.2,17.7,23.6,43,10.8,7.4,54,1014.5,0.0
2025-12-12,95.0,65.0,69.0,10.0,2.5,10.0,"Borivali East, Mumbai",32.1,16.2,22.8,49,9.7,6.3,38,1013.5,0.0
2025-12-13,105.0,73.0,92.0,11.0,2.5,10.0,"Borivali East, Mumbai",32.5,16.1,23.2,53,9.5,6.0,24,1013.3,0.0
2025-12-14,115.0,67.0,60.0,9.0,2.5,9.0,"Borivali East, Mumbai",32.1,16.7,23.7,51,11.5,6.4,23,1013.9,0.0
2025-12-15,100.0,70.0,80.0,9.0,2.5,7.0,"Borivali East, Mumbai",32.0,17.0,23.6,49,9.4,6.9,58,1013.9,0.0
2025-12-16,102.0,80.0,76.0,7.0,2.5,12.0,"Borivali East, Mumbai",32.0,17.5,23.6,50,11.0,7.1,61,1013.4,0.0
2025-12-17,131.0,82.0,65.0,5.0,2.5,14.0,"Borivali East, Mumbai",33.3,19.0,24.9,51,9.7,6.9,45,1014.5,0.0
2025-12-18,133.0,75.0,66.0,19.0,2.5,11.0,"Borivali East, Mumbai",33.2,19.0,24.6,50,11.5,7.0,44,1014.7,0.0
2025-12-19,110.0,57.0,46.0,15.0,2.5,12.0,"Borivali East, Mumbai",33.8,17.2,23.9,44,11.3,8.1,40,1013.2,0.0
2025-12-20,85.0,56.0,48.0,16.0,2.5,7.0,"Borivali East, Mumbai",33.2,17.4,23.5,42,12.6,7.4,52,1011.6,0.0
2025-12-21,77.0,69.0,60.0,12.0,2.5,16.0,"Borivali East, Mumbai",31.8,16.8,23.2,43,10.6,6.4,48,1012.6,0.0
2025-12-22,102.0,69.0,46.0,36.0,2.5,13.0,"Borivali East, Mumbai",31.4,16.0,23.1,45,12.1,7.0,20,1012.9,0.0
2025-12-23,103.0,61.0,50.0,33.0,2.5,10.0,"Borivali East, Mumbai",32.5,17.8,23.8,49,12.0,7.7,37,1012.3,0.0
2025-12-24,89.0,64.0,56.0,30.0,2.5,6.0,"Borivali East, Mumbai",32.0,19.2,24.1,46,13.2,8.1,34,1012.2,0.0
2025-12-25,87.0,77.0,82.0,30.0,2.5,8.0,"Borivali East, Mumbai",31.4,17.8,23.5,50,10.9,7.8,34,1012.8,0.0
2025-12-26,126.0,82.0,68.0,27.0,2.5,9.0,"Borivali East, Mumbai",31.3,16.8,23.4,52,12.1,6.7,30,1012.6,0.0
2025-12-27,134.0,83.0,82.0,14.0,2.5,8.0,"Borivali East, Mumbai",31.6,17.2,23.7,52,11.1,7.3,41,1012.9,0.0
2025-12-28,135.0,77.25,66.0,15.375,2.5,8.25,"Borivali East, Mumbai",31.4,17.4,23.3,54,10.3,7.0,32,1013.5,0.0
2025-12-31,108.75,60.0,18.0,19.5,2.5,9.0,"Borivali East, Mumbai",28.9,15.9,21.8,77,13.6,4.8,308,1011.9,0.0
2026-01-01,100.0,69.0,50.0,20.875,1.0,11.0,"Borivali East, Mumbai",28.9,18.4,22.8,79,13.9,5.9,322,1012.2,1.3
2026-01-02,127.0,88.0,41.0,9.0,1.0,12.0,"Borivali East, Mumbai",30.2,18.3,23.3,75,12.9,6.1,329,1013.6,0.0
2026-01-03,145.0,96.0,38.0,9.0,1.0,15.0,"Borivali East, Mumbai",30.8,18.2,23.6,70,10.9,5.4,331,1013.7,0.0
2026-01-04,158.0,92.0,52.0,25.0,1.0,19.0,"Borivali East, Mumbai",31.0,19.9,24.8,68,8.9,5.7,337,1014.4,0.0
2026-01-05,151.0,89.0,98.0,23.0,1.0,13.0,"Borivali East, Mumbai",32.0,19.4,24.4,67,11.5,6.1,3,1015.2,0.0
2026-01-06,149.0,94.0,73.0,12.0,1.0,7.0,"Borivali East, Mumbai",31.2,19.4,23.8,69,11.3,6.0,33,1015.8,0.0
2026-01-07,152.0,85.0,71.0,5.0,1.0,7.0,"Borivali East, Mumbai",31.3,17.5,23.0,66,12.6,5.9,6,1016.0,0.0
2026-01-08,138.0,83.0,72.0,8.0,1.0,8.0,"Borivali East, Mumbai",30.9,16.4,22.5,57,14.2,7.2,18,1016.1,0.0
2026-01-09,131.0,91.0,76.0,11.0,1.0,1.0,"Borivali East, Mumbai",31.3,15.1,22.5,52,12.3,7.4,29,1015.6,0.0
2026-01-10,140.0,97.0,71.0,19.0,1.0,3.0,"Borivali East, Mumbai",30.8,15.7,22.4,56,14.7,8.0,4,1015.2,0.0
2026-01-11,148.0,79.0,93.0,23.0,1.0,5.0,"Borivali East, Mumbai",31.6,15.2,23.2,53,10.6,6.6,11,1015.5,0.0
2026-01-12,125.0,86.0,80.0,18.0,1.0,7.0,"Borivali East, Mumbai",32.7,18.9,24.5,46,11.7,7.1,39,1015.7,0.1
2026-01-13,131.0,85.0,78.0,31.0,1.0,6.0,"Borivali East, Mumbai",32.2,19.7,25.3,56,11.2,5.0,257,1015.8,0.0
2026-01-14,132.0,80.0,70.0,32.0,1.0,6.0,"Borivali East, Mumbai",31.8,20.0,25.1,60,12.7,6.5,334,1014.7,0.0
2026-01-15,131.0,93.0,55.5,35.0,1.0,9.0,"Borivali East, Mumbai",31.1,16.2,23.2,57,11.5,5.7,325,1013.8,0.0
2026-01-16,144.0,66.0,41.0,23.0,1.0,7.0,"Borivali East, Mumbai",31.6,16.2,22.8,71,11.3,5.5,293,1013.4,0.0
2026-01-17,104.0,64.0,39.0,37.0,1.0,8.0,"Borivali East, Mumbai",30.6,16.8,22.5,74,11.3,5.7,299,1013.0,0.0
2026-01-18,97.0,65.0,47.0,29.0,1.0,6.0,"Borivali East, Mumbai",26.7,17.4,21.6,78,12.0,5.7,311,1012.4,0.0
2026-01-19,109.0,97.0,12.0,21.0,1.0,15.0,"Borivali East, Mumbai",28.1,15.7,21.4,68,15.5,7.4,337,1013.4,0.0
2026-01-20,152.0,87.0,76.0,25.0,1.0,10.0,"Borivali East, Mumbai",29.5,15.5,22.1,64,12.7,5.4,317,1012.9,0.0
2026-01-21,148.0,86.0,91.0,12.0,1.0,12.0,"Borivali East, Mumbai",32.2,17.0,23.4,67,16.2,4.9,238,1013.2,0.0
2026-01-22,142.0,73.0,39.0,4.0,1.0,16.0,"Borivali East, Mumbai",32.0,18.2,23.6,68,16.4,6.3,227,1013.9,0.0
2026-01-23,125.0,70.0,54.0,3.0,1.0,14.0,"Borivali East, Mumbai",28.6,18.0,22.6,77,15.9,6.0,317,1015.4,0.0
2026-01-24,100.0,85.0,65.0,5.0,1.0,16.0,"Borivali East, Mumbai",29.8,16.3,22.3,68,13.2,5.8,326,1016.4,0.0
2026-01-25,139.0,93.0,87.0,5.0,1.0,18.0,"Borivali East, Mumbai",30.9,16.7,22.9,69,10.4,4.8,330,1014.6,0.0
2026-01-26,154.0,74.0,37.0,4.0,1.0,16.0,"Borivali East, Mumbai",31.8,18.0,24.0,71,11.6,5.8,258,1014.6,0.0
2026-01-27,121.0,128.0,56.0,9.0,1.0,13.0,"Borivali East, Mumbai",28.1,19.8,23.1,78,15.5,7.2,313,1016.7,1.0
2026-01-28,91.0,81.0,69.0,12.0,1.0,9.0,"Borivali East, Mumbai",30.8,18.3,23.4,62,10.9,7.3,345,1015.9,0.0
2026-01-29,119.0,89.0,67.0,14.0,1.0,10.0,"Borivali East, Mumbai",33.3,18.1,24.4,53,12.1,5.2,324,1013.9,0.0
2026-01-30,145.0,79.0,68.0,6.0,1.0,8.0,"Borivali East, Mumbai",33.1,20.9,25.4,67,13.6,6.0,191,1014.2,0.0
2026-01-31,139.0,80.0,76.0,10.0,1.0,1.0,"Borivali East, Mumbai",29.9,20.9,24.4,83,13.8,5.0,291,1015.0,0.4
2026-02-01,141.0,100.0,96.0,12.0,1.0,4.0,"Borivali East, Mumbai",33.0,19.6,24.9,71,13.4,5.3,333,1015.0,0.0
2026-02-02,156.0,90.0,44.0,10.0,1.0,5.0,"Borivali East, Mumbai",33.8,19.5,25.6,55,13.3,6.2,352,1014.6,0.0
2026-02-03,148.0,103.0,93.0,7.0,1.0,8.0,"Borivali East, Mumbai",33.0,20.0,25.3,52,12.9,6.1,340,1014.5,0.0
2026-02-04,155.0,89.0,83.5,21.0,1.0,11.0,"Borivali East, Mumbai",33.8,20.1,25.7,53,12.4,6.5,22,1014.6,0.0
2026-02-05,149.0,88.0,74.0,35.0,1.0,12.0,"Borivali East, Mumbai",34.2,20.5,26.3,50,12.4,6.9,22,1015.5,0.0
2026-02-06,146.0,105.0,49.0,32.0,1.0,12.0,"Borivali East, Mumbai",34.3,19.5,26.1,49,13.4,8.1,13,1015.9,0.0
2026-02-07,152.0,90.0,19.0,20.0,1.0,10.0,"Borivali East, Mumbai",34.0,18.9,26.1,46,13.8,6.5,350,1014.8,0.0
2026-02-08,147.0,89.6,29.200000000000003,19.6,1.0,9.2,"Borivali East, Mumbai",34.2,20.0,26.1,47,12.8,7.5,352,1013.2,0.0
2026-02-12,149.4,88.0,70.0,18.0,1.0,6.0,"Borivali East, Mumbai",34.0,19.6,25.6,58,14.9,6.2,300,1014.2,0.0
2026-02-13,150.0,92.0,79.0,17.0,1.0,8.0,"Borivali East, Mumbai",34.5,19.3,25.4,62,14.2,5.2,312,1013.3,0.0
2026-02-14,143.0,91.0,88.0,15.0,1.0,9.0,"Borivali East, Mumbai",35.0,19.0,26.2,56,14.0,5.3,337,1012.5,0.0
2026-02-15,143.0,83.0,88.0,14.0,1.0,8.0,"Borivali East, Mumbai",35.2,20.5,27.1,45,15.9,6.6,336,1012.3,0.0
2026-02-16,126.0,73.0,74.0,11.0,1.0,9.0,"Borivali East, Mumbai",33.3,19.6,25.6,50,11.6,5.5,309,1010.9,0.0
2026-02-17,120.0,64.0,39.0,9.0,1.0,10.0,"Borivali East, Mumbai",31.4,20.0,24.6,63,13.8,7.4,312,1011.1,0.0
2026-02-18,107.0,64.0,39.0,9.0,1.0,10.0,"Borivali East, Mumbai",29.6,19.4,23.8,71,15.1,6.8,309,1011.7,0.0
