date,pm25,pm10,o3,no2,so2,co,location,temperature_2m_max,temperature_2m_min,temperature_2m_mean,relative_humidity_2m_mean,wind_speed_10m_max,wind_speed_10m_mean,wind_direction_10m_dominant,pressure_msl_mean,precipitation_sum
2021-12-27,153.0,110.0,9.0,26.0,8.0,9.0,"Chakala-Andheri East, Mumbai",29.4,17.9,23.0,73,13.8,9.0,357,1014.2,0.0
2021-12-28,166.0,89.0,6.0,17.0,8.0,8.0,"Chakala-Andheri East, Mumbai",28.0,18.4,22.8,75,21.5,11.1,343,1013.6,0.0
2021-12-29,150.0,114.0,8.0,15.0,7.0,8.0,"Chakala-Andheri East, Mumbai",27.5,19.5,22.8,66,20.8,13.9,352,1013.9,0.0
2021-12-30,164.0,107.0,6.0,18.0,7.0,8.0,"Chakala-Andheri East, Mumbai",30.0,18.8,23.2,66,20.8,11.5,15,1014.6,0.0
2021-12-31,159.0,97.0,10.0,15.0,6.0,8.0,"Chakala-Andheri East, Mumbai",31.4,20.9,24.8,66,16.3,12.0,37,1015.4,0.0
2022-01-01,148.0,102.0,6.0,22.0,12.0,10.0,"Chakala-Andheri East, Mumbai",31.3,20.4,24.8,64,13.9,10.7,28,1015.8,0.0
2022-01-02,154.0,113.0,13.0,17.0,13.0,11.0,"Chakala-Andheri East, Mumbai",30.6,20.5,24.8,65,14.1,9.2,10,1014.6,0.0
2022-01-03,165.0,114.0,5.0,26.0,7.0,8.0,"Chakala-Andheri East, Mumbai",30.9,21.4,25.0,68,13.8,9.0,9,1014.0,0.0
2022-01-04,161.0,136.0,8.0,18.0,8.0,10.0,"Chakala-Andheri East, Mumbai",31.2,20.4,24.7,73,15.1,8.6,3,1013.9,0.0
2022-01-05,175.0,91.0,4.0,23.0,5.0,6.0,"Chakala-Andheri East, Mumbai",28.5,20.4,24.1,80,17.3,8.0,328,1013.5,0.0
2022-01-06,149.0,101.0,24.0,21.0,9.0,8.0,"Chakala-Andheri East, Mumbai",27.9,20.5,23.5,80,16.5,9.3,344,1013.1,0.0
2022-01-07,156.0,74.0,11.0,24.0,8.0,8.0,"Chakala-Andheri East, Mumbai",27.4,19.6,23.2,79,15.5,7.0,301,1012.5,0.0
2022-01-08,129.0,64.0,25.0,18.0,8.0,2.0,"Chakala-Andheri East, Mumbai",24.5,21.0,22.5,85,12.1,7.3,357,1013.8,2.3
2022-01-09,105.0,66.0,19.0,13.0,6.0,6.0,"Chakala-Andheri East, Mumbai",25.4,18.8,21.7,58,22.0,14.9,347,1013.9,0.0
2022-01-10,107.0,108.0,40.0,31.0,8.0,9.0,"Chakala-Andheri East, Mumbai",24.2,16.0,19.6,57,23.1,13.6,348,1014.0,0.0
2022-01-11,162.0,85.0,39.0,27.0,11.0,7.0,"Chakala-Andheri East, Mumbai",24.5,14.8,19.6,72,15.2,8.7,348,1013.6,0.0
2022-01-12,146.0,98.0,45.0,29.0,10.0,6.0,"Chakala-Andheri East, Mumbai",25.0,16.4,20.7,68,18.4,12.1,345,1013.2,0.0
2022-01-13,158.0,112.0,18.0,27.0,4.0,5.0,"Chakala-Andheri East, Mumbai",25.9,15.6,20.6,72,15.4,7.5,341,1012.3,0.0
2022-01-14,165.0,81.0,30.0,25.0,3.0,7.0,"Chakala-Andheri East, Mumbai",25.8,17.2,21.4,76,16.1,9.3,345,1012.3,0.0
2022-01-15,135.0,12.0,33.0,23.0,4.0,9.0,"Chakala-Andheri East, Mumbai",28.8,18.0,22.5,67,20.5,11.3,8,1012.9,0.0
2022-01-16,25.0,23.0,24.0,19.0,6.0,3.0,"Chakala-Andheri East, Mumbai",31.4,19.0,24.0,59,18.7,11.7,38,1013.2,0.0
2022-01-17,44.0,105.0,30.0,27.0,11.0,8.0,"Chakala-Andheri East, Mumbai",30.7,20.3,24.5,65,14.8,10.2,8,1015.1,0.0
2022-01-18,161.0,112.0,45.0,31.0,11.0,5.0,"Chakala-Andheri East, Mumbai",29.0,20.0,24.1,67,19.0,11.0,351,1014.9,0.0
2022-01-19,163.0,88.0,23.0,24.0,8.0,3.0,"Chakala-Andheri East, Mumbai",29.2,18.8,23.6,69,17.2,9.9,343,1013.5,0.0
2022-01-20,146.0,81.0,9.0,17.0,6.0,1.0,"Chakala-Andheri East, Mumbai",27.5,19.0,22.7,70,16.1,10.1,332,1012.0,0.0
2022-01-21,134.0,74.0,9.0,13.0,6.0,2.0,"Chakala-Andheri East, Mumbai",27.1,18.8,22.4,84,14.2,8.0,336,1011.8,0.0
2022-01-22,126.0,140.5,14.0,13.0,5.0,1.5,"Chakala-Andheri East, Mumbai",26.6,20.2,23.5,81,22.7,11.8,279,1010.3,1.0
2022-01-23,342.0,207.0,20.0,15.0,4.0,1.0,"Chakala-Andheri East, Mumbai",23.3,17.6,21.5,60,22.4,16.8,316,1011.6,0.4
2022-01-24,217.0,162.0,25.0,20.0,5.0,2.0,"Chakala-Andheri East, Mumbai",24.2,14.3,19.1,57,25.5,12.8,1,1012.5,0.0
2022-01-25,196.0,150.0,29.0,18.0,5.0,3.0,"Chakala-Andheri East, Mumbai",25.4,14.2,19.7,56,18.8,11.5,353,1012.1,0.0
2022-01-26,185.0,120.0,30.0,17.0,7.0,5.0,"Chakala-Andheri East, Mumbai",27.2,15.8,21.0,55,19.9,12.2,355,1011.9,0.0
2022-01-27,171.0,110.0,29.0,4.0,8.0,4.0,"Chakala-Andheri East, Mumbai",29.2,16.9,22.1,53,20.5,10.6,3,1012.2,0.0
2022-01-28,167.0,99.0,23.0,6.0,5.0,3.0,"Chakala-Andheri East, Mumbai",30.6,18.5,23.6,45,17.8,13.6,26,1013.1,0.0
2022-01-29,160.0,117.0,25.0,7.0,4.0,6.0,"Chakala-Andheri East, Mumbai",31.0,17.1,23.0,49,17.2,11.0,11,1014.0,0.0
2022-01-30,170.0,121.0,35.0,6.0,12.0,10.0,"Chakala-Andheri East, Mumbai",29.9,16.2,22.3,56,15.2,9.9,352,1012.9,0.0
2022-01-31,171.0,119.0,18.0,6.0,7.0,8.0,"Chakala-Andheri East, Mumbai",29.2,16.8,22.4,56,17.3,10.7,341,1012.1,0.0
2022-02-01,170.0,132.0,15.0,4.0,12.0,8.0,"Chakala-Andheri East, Mumbai",29.4,16.0,21.8,65,20.1,12.1,344,1011.3,0.0
2022-02-02,181.0,103.0,10.0,7.0,5.0,5.0,"Chakala-Andheri East, Mumbai",27.9,16.5,21.8,78,18.1,10.3,330,1011.4,0.0
2022-02-03,160.0,140.0,20.0,7.0,9.0,2.0,"Chakala-Andheri East, Mumbai",26.2,17.0,21.8,85,13.1,7.5,265,1011.4,0.0
2022-02-04,182.0,150.0,31.0,7.0,8.0,9.0,"Chakala-Andheri East, Mumbai",26.0,18.6,22.2,75,12.7,7.7,299,1011.0,0.0
2022-02-05,187.0,144.0,24.0,4.0,3.0,9.0,"Chakala-Andheri East, Mumbai",27.6,15.6,21.3,70,19.2,10.3,347,1011.5,0.0
2022-02-06,184.0,107.0,21.0,7.0,6.0,8.0,"Chakala-Andheri East, Mumbai",27.5,17.5,21.9,69,19.4,10.3,325,1013.1,0.0
2022-02-07,165.0,75.0,7.0,7.0,3.0,7.0,"Chakala-Andheri East, Mumbai",26.0,18.2,21.6,81,21.9,11.4,332,1014.4,0.0
2022-02-08,132.0,74.0,6.0,4.0,6.0,7.0,"Chakala-Andheri East, Mumbai",25.6,18.2,21.6,80,17.3,10.0,325,1013.7,0.0
2022-02-09,128.0,112.0,2.0,7.0,6.0,9.0,"Chakala-Andheri East, Mumbai",26.4,17.7,21.7,79,19.3,11.6,345,1013.2,0.0
2022-02-10,167.0,99.0,1.0,4.0,5.0,6.0,"Chakala-Andheri East, Mumbai",30.2,18.5,23.6,56,24.0,13.5,346,1012.5,0.0
2022-02-11,158.0,102.0,1.0,7.0,5.0,7.0,"Chakala-Andheri East, Mumbai",32.2,20.9,25.4,45,21.7,14.5,9,1011.9,0.0
2022-02-12,161.0,108.0,1.0,4.0,8.0,10.0,"Chakala-Andheri East, Mumbai",30.8,20.0,24.5,50,21.0,11.9,347,1011.7,0.0
2022-02-13,162.0,89.0,1.0,7.0,4.0,7.0,"Chakala-Andheri East, Mumbai",30.2,18.5,23.7,59,19.5,10.7,337,1010.2,0.0
2022-02-14,152.0,86.0,1.0,7.0,1.0,5.0,"Chakala-Andheri East, Mumbai",29.0,18.6,23.6,53,19.5,11.9,345,1010.7,0.0
2022-02-15,142.0,96.0,1.0,8.0,6.0,6.0,"Chakala-Andheri East, Mumbai",27.2,19.0,22.9,65,17.3,11.3,332,1010.9,0.0
2022-02-16,154.0,75.0,2.0,4.0,2.0,5.0,"Chakala-Andheri East, Mumbai",26.5,18.7,22.1,80,16.5,9.4,332,1009.4,0.0
2022-02-17,137.0,98.0,4.0,4.0,3.0,11.0,"Chakala-Andheri East, Mumbai",26.9,17.6,21.9,81,14.0,6.8,323,1008.2,0.0
2022-02-18,159.0,106.0,13.0,7.0,8.0,7.0,"Chakala-Andheri East, Mumbai",28.1,18.4,23.1,78,14.6,6.8,284,1009.1,0.0
2022-02-19,165.0,97.0,14.0,7.0,4.0,6.0,"Chakala-Andheri East, Mumbai",29.6,18.9,23.7,75,17.9,9.9,327,1011.1,0.0
2022-02-20,154.0,109.0,3.0,4.0,2.0,8.0,"Chakala-Andheri East, Mumbai",31.0,19.4,24.4,63,20.2,11.7,339,1010.8,0.0
2022-02-21,166.0,114.0,5.0,7.0,8.0,9.0,"Chakala-Andheri East, Mumbai",31.2,17.9,23.9,55,22.9,12.8,338,1010.1,0.0
2022-02-22,164.0,93.0,4.0,29.0,10.0,12.0,"Chakala-Andheri East, Mumbai",30.4,18.4,23.5,65,21.8,10.6,334,1010.9,0.0
2022-02-23,147.0,129.0,3.0,22.0,12.0,11.0,"Chakala-Andheri East, Mumbai",29.9,18.5,24.1,65,18.9,11.2,338,1012.3,0.0
2022-02-24,178.0,161.0,4.0,24.0,8.0,10.0,"Chakala-Andheri East, Mumbai",30.2,20.1,25.2,61,20.1,11.5,328,1013.6,0.0
2022-02-25,195.0,113.0,3.0,23.0,45.0,9.333333333333334,"Chakala-Andheri East, Mumbai",30.7,20.6,25.3,56,22.9,12.5,325,1013.0,0.0
2022-02-26,156.0,131.0,6.0,44.0,18.0,8.666666666666666,"Chakala-Andheri East, Mumbai",30.5,20.0,24.7,62,21.8,12.6,334,1012.9,0.0
2022-02-27,160.0,122.0,7.0,7.0,13.0,8.0,"Chakala-Andheri East, Mumbai",31.1,19.9,25.2,54,24.2,12.3,332,1013.1,0.0
2022-02-28,143.0,121.0,12.0,24.0,4.0,6.0,"Chakala-Andheri East, Mumbai",32.3,20.0,25.5,49,21.3,11.4,332,1012.6,0.0
2022-03-01,170.0,141.0,2.0,59.0,5.0,8.0,"Chakala-Andheri East, Mumbai",32.5,21.0,25.9,51,18.9,11.0,337,1012.6,0.0
2022-03-02,183.0,140.0,4.0,30.0,2.0,6.0,"Chakala-Andheri East, Mumbai",34.5,21.6,27.0,50,22.4,12.0,339,1011.6,0.0
2022-03-03,183.0,138.0,7.0,24.0,7.0,6.0,"Chakala-Andheri East, Mumbai",35.3,21.6,27.7,43,24.7,15.4,345,1011.5,0.0
2022-03-04,180.0,146.0,3.0,33.0,3.0,5.0,"Chakala-Andheri East, Mumbai",34.5,23.8,27.6,37,24.7,16.2,343,1011.9,0.0
2022-03-05,185.0,142.0,6.0,12.0,6.0,8.0,"Chakala-Andheri East, Mumbai",34.2,20.8,26.6,48,23.7,11.5,337,1010.9,0.0
2022-03-06,183.0,140.0,4.0,4.0,5.0,4.0,"Chakala-Andheri East, Mumbai",34.2,22.5,27.3,51,20.4,11.0,327,1009.8,0.0
2022-03-07,183.0,136.0,4.0,8.0,3.0,6.0,"Chakala-Andheri East, Mumbai",32.2,24.2,27.7,54,16.0,10.6,326,1010.1,0.0
2022-03-08,182.0,130.0,11.0,11.0,1.0,3.0,"Chakala-Andheri East, Mumbai",36.0,25.2,29.0,52,23.2,13.7,354,1010.1,0.0
2022-03-09,178.0,124.0,27.0,17.0,1.0,3.0,"Chakala-Andheri East, Mumbai",34.0,24.5,28.4,54,16.9,10.1,342,1010.1,0.1
2022-03-10,175.0,137.0,55.0,27.0,7.0,8.0,"Chakala-Andheri East, Mumbai",33.8,23.1,28.1,54,19.0,10.6,346,1009.9,0.0
2022-03-11,182.0,105.0,84.0,10.0,1.0,6.0,"Chakala-Andheri East, Mumbai",33.2,24.0,28.4,51,16.5,9.7,330,1009.6,0.0
2022-03-12,165.0,124.0,49.0,13.0,3.0,6.0,"Chakala-Andheri East, Mumbai",36.3,22.8,28.6,52,18.0,10.1,334,1009.3,0.0
2022-03-13,175.0,132.0,40.0,27.0,6.0,9.0,"Chakala-Andheri East, Mumbai",36.2,22.5,29.0,47,23.3,12.5,342,1009.5,0.0
2022-03-14,179.0,149.0,70.0,29.0,5.0,8.0,"Chakala-Andheri East, Mumbai",36.0,22.8,29.1,36,21.5,12.7,346,1009.9,0.0
2022-03-15,189.0,133.0,39.0,14.0,6.0,7.0,"Chakala-Andheri East, Mumbai",36.0,23.8,29.6,43,22.2,13.5,337,1008.6,0.0
2022-03-16,180.0,145.0,46.0,28.0,5.0,8.0,"Chakala-Andheri East, Mumbai",35.3,23.2,29.9,45,26.0,14.3,338,1007.2,0.0
2022-03-17,187.0,126.0,20.0,9.0,5.0,4.0,"Chakala-Andheri East, Mumbai",35.5,24.5,29.8,44,23.5,12.8,328,1006.4,0.0
2022-03-18,177.0,87.0,24.0,15.0,4.0,4.0,"Chakala-Andheri East, Mumbai",34.8,22.8,29.2,54,27.1,14.1,327,1006.1,0.0
2022-03-19,153.0,90.0,14.0,12.0,2.0,9.0,"Chakala-Andheri East, Mumbai",32.0,23.5,27.7,71,20.8,10.1,277,1006.4,0.0
2022-03-20,153.0,111.0,24.0,17.0,2.0,7.0,"Chakala-Andheri East, Mumbai",30.2,24.0,27.0,79,26.9,9.8,268,1007.2,0.0
2022-03-21,168.0,129.0,12.0,24.0,1.0,4.0,"Chakala-Andheri East, Mumbai",30.5,22.5,26.8,75,24.2,11.6,321,1008.0,0.0
2022-03-22,178.0,133.0,13.0,24.0,3.0,8.0,"Chakala-Andheri East, Mumbai",34.2,24.5,29.3,46,26.5,14.7,339,1007.3,0.0
2022-03-23,179.0,146.0,42.0,20.0,3.0,4.0,"Chakala-Andheri East, Mumbai",38.0,26.1,30.9,31,28.0,16.2,345,1006.4,0.0
2022-03-24,188.0,90.0,18.0,15.0,2.0,5.0,"Chakala-Andheri East, Mumbai",33.7,24.9,28.5,46,20.1,9.5,301,1006.9,0.0
2022-03-25,157.0,100.0,9.0,13.0,1.0,9.0,"Chakala-Andheri East, Mumbai",32.0,23.8,27.4,74,21.6,8.5,287,1008.4,0.0
2022-03-26,162.0,95.0,18.0,10.0,1.0,6.5,"Chakala-Andheri East, Mumbai",32.4,23.3,27.5,78,22.2,8.4,291,1010.6,0.0
2022-03-27,156.0,76.0,16.0,2.0,1.0,4.0,"Chakala-Andheri East, Mumbai",32.3,23.6,27.6,77,21.2,8.9,296,1010.8,0.0
2022-03-28,144.0,75.0,11.0,3.333333333333333,1.0,5.0,"Chakala-Andheri East, Mumbai",32.3,24.2,27.6,81,20.7,9.7,297,1009.9,0.0
2022-03-29,144.0,80.0,20.0,4.666666666666666,2.0,5.0,"Chakala-Andheri East, Mumbai",33.5,23.2,28.4,68,20.4,11.5,318,1008.6,0.0
2022-03-30,149.0,92.0,8.0,6.0,1.0,7.0,"Chakala-Andheri East, Mumbai",33.8,22.8,28.2,69,19.4,10.5,321,1008.4,0.0
2022-03-31,159.0,156.0,7.0,8.0,1.0,3.0,"Chakala-Andheri East, Mumbai",31.9,22.0,26.6,74,17.4,8.8,318,1009.2,0.0
2022-04-01,193.0,162.0,9.0,4.0,1.0,1.0,"Chakala-Andheri East, Mumbai",33.0,22.1,26.7,76,19.1,9.2,311,1009.1,0.0
2022-04-02,178.0,123.0,10.0,9.0,1.0,1.0,"Chakala-Andheri East, Mumbai",31.0,23.3,27.0,79,19.4,7.6,273,1010.1,0.0
2022-04-03,174.0,101.0,13.0,9.0,1.0,1.0,"Chakala-Andheri East, Mumbai",31.5,23.0,27.2,80,23.4,9.7,302,1009.4,0.0
2022-04-04,162.0,78.0,7.0,8.0,1.0,1.0,"Chakala-Andheri East, Mumbai",32.0,25.0,27.9,81,23.9,9.7,276,1009.6,0.0
2022-04-05,142.0,86.0,13.0,5.0,1.0,2.0,"Chakala-Andheri East, Mumbai",32.2,24.6,28.2,82,22.5,10.1,275,1011.3,0.0
2022-04-06,143.0,92.0,21.0,10.0,1.0,3.0,"Chakala-Andheri East, Mumbai",32.0,24.9,28.2,81,19.8,10.6,265,1011.7,0.0
2022-04-07,132.0,76.0,10.0,9.0,1.0,8.0,"Chakala-Andheri East, Mumbai",32.5,25.2,28.4,80,18.9,8.4,265,1010.4,0.0
2022-04-08,124.0,42.0,7.0,7.0,1.0,7.0,"Chakala-Andheri East, Mumbai",33.4,24.4,28.4,80,21.3,9.9,240,1008.7,0.0
2022-04-09,73.0,10.0,11.0,4.0,1.0,7.0,"Chakala-Andheri East, Mumbai",32.0,26.0,28.6,81,17.4,10.1,216,1008.6,0.0
2022-04-10,22.0,10.0,13.0,11.0,1.0,8.0,"Chakala-Andheri East, Mumbai",32.6,26.0,28.8,74,19.6,9.9,255,1008.6,0.0
2022-04-11,22.0,11.0,18.0,14.0,2.0,8.0,"Chakala-Andheri East, Mumbai",32.5,25.5,28.6,75,23.4,9.2,286,1007.6,0.0
2022-04-12,23.0,12.0,10.0,7.0,1.0,8.0,"Chakala-Andheri East, Mumbai",33.6,24.0,28.7,73,22.7,11.4,321,1006.3,0.0
2022-04-13,23.0,14.0,13.0,8.0,2.0,9.0,"Chakala-Andheri East, Mumbai",34.8,24.2,29.3,69,23.1,12.4,326,1005.5,0.0
2022-04-14,23.0,12.0,14.0,8.0,1.0,8.0,"Chakala-Andheri East, Mumbai",32.0,25.2,28.5,78,18.0,9.9,278,1006.5,0.0
2022-04-15,25.0,145.0,16.0,8.0,2.0,7.0,"Chakala-Andheri East, Mumbai",32.0,25.4,28.3,75,18.9,8.8,264,1007.3,0.0
2022-04-16,127.0,36.0,8.0,8.0,2.0,4.0,"Chakala-Andheri East, Mumbai",31.5,23.4,27.5,79,19.6,9.9,267,1006.5,0.0
2022-04-17,61.0,30.0,13.0,9.0,2.0,6.0,"Chakala-Andheri East, Mumbai",32.0,24.7,28.1,75,19.9,10.1,259,1007.4,0.0
2022-04-18,56.0,34.0,10.0,10.0,2.0,5.0,"Chakala-Andheri East, Mumbai",31.5,24.8,28.1,77,23.8,9.3,285,1009.6,0.0
2022-04-19,67.0,38.0,6.0,13.0,3.0,6.0,"Chakala-Andheri East, Mumbai",32.2,24.8,28.2,78,23.4,11.4,309,1010.9,0.0
2022-04-20,69.0,65.0,33.0,17.0,4.0,6.0,"Chakala-Andheri East, Mumbai",32.9,25.1,29.1,76,22.5,12.8,324,1008.6,0.0
2022-04-21,113.0,66.0,40.0,5.0,1.0,7.0,"Chakala-Andheri East, Mumbai",38.3,28.1,32.0,47,29.8,17.0,338,1006.2,0.0
2022-04-22,118.0,57.0,34.0,8.0,6.0,5.0,"Chakala-Andheri East, Mumbai",36.3,26.8,31.2,58,21.3,11.7,326,1006.9,0.0
2022-04-23,100.0,43.0,9.0,11.0,5.0,7.0,"Chakala-Andheri East, Mumbai",37.0,26.3,30.9,69,17.7,9.1,285,1007.8,0.0
2022-04-24,77.0,58.0,28.0,14.0,7.0,5.0,"Chakala-Andheri East, Mumbai",33.9,27.0,30.0,78,17.3,10.9,247,1008.3,0.0
2022-04-25,105.0,42.0,15.0,5.0,4.0,4.0,"Chakala-Andheri East, Mumbai",36.5,25.4,30.8,60,23.7,12.0,330,1006.6,0.0
2022-04-26,78.0,94.0,13.0,16.0,1.0,8.0,"Chakala-Andheri East, Mumbai",33.9,26.3,30.1,68,19.2,12.0,286,1007.4,0.0
2022-04-27,115.0,69.0,9.0,12.0,4.0,7.0,"Chakala-Andheri East, Mumbai",35.4,25.9,30.9,61,24.0,13.5,330,1006.1,0.0
2022-04-28,106.0,27.0,4.0,5.0,2.0,7.0,"Chakala-Andheri East, Mumbai",36.2,26.4,31.0,62,19.5,9.8,287,1006.7,0.0
2022-04-29,54.0,29.0,3.0,4.0,4.0,3.0,"Chakala-Andheri East, Mumbai",33.3,27.8,30.1,77,17.0,14.0,244,1008.6,0.0
2022-04-30,59.0,22.0,3.0,3.0,2.0,3.0,"Chakala-Andheri East, Mumbai",33.0,25.7,29.3,77,18.7,10.3,236,1007.2,0.0
2022-05-01,50.0,40.0,4.0,2.0,2.0,2.0,"Chakala-Andheri East, Mumbai",33.0,26.2,29.5,79,16.7,9.7,246,1006.2,0.0
2022-05-02,71.0,33.0,7.0,2.111111111111111,1.5,2.0,"Chakala-Andheri East, Mumbai",32.6,27.9,29.9,76,19.8,10.9,248,1006.4,0.0
2022-05-03,65.0,62.0,4.0,2.2222222222222223,1.0,2.0,"Chakala-Andheri East, Mumbai",32.9,27.2,29.9,76,19.6,9.8,271,1007.2,0.0
2022-05-04,105.0,95.0,4.0,2.333333333333333,1.0,2.0,"Chakala-Andheri East, Mumbai",32.7,26.9,29.3,76,21.3,10.4,293,1008.2,0.0
2022-05-05,140.0,132.0,4.0,8.5,1.0,3.0,"Chakala-Andheri East, Mumbai",33.1,25.6,28.9,79,23.4,12.2,318,1008.1,0.0
2022-05-06,174.0,127.0,5.0,8.5,1.0,3.0,"Chakala-Andheri East, Mumbai",32.8,26.4,29.1,77,22.5,12.4,316,1007.5,0.1
2022-05-07,176.0,110.0,11.0,8.5,3.0,2.5,"Chakala-Andheri East, Mumbai",33.0,26.1,29.3,79,22.9,11.7,306,1006.9,0.0
2022-05-08,167.0,88.0,5.0,8.5,3.0,2.0,"Chakala-Andheri East, Mumbai",33.2,26.3,29.6,80,26.7,12.0,308,1005.0,0.0
2022-05-09,152.0,83.0,10.0,8.5,3.0,3.0,"Chakala-Andheri East, Mumbai",32.6,26.9,29.5,80,24.6,13.0,298,1004.2,0.0
2022-05-10,143.0,72.0,6.0,3.0,3.0,2.0,"Chakala-Andheri East, Mumbai",32.7,28.0,29.9,75,24.5,13.5,297,1003.9,0.0
2022-05-11,133.0,83.0,3.0,3.0,2.0,1.0,"Chakala-Andheri East, Mumbai",32.5,27.5,29.7,76,19.8,11.6,270,1003.8,0.0
2022-05-12,148.0,81.0,4.0,4.0,1.0,1.0,"Chakala-Andheri East, Mumbai",32.6,28.5,29.9,71,18.4,14.8,251,1004.8,0.0
2022-05-13,150.0,102.0,11.0,5.0,1.0,1.0,"Chakala-Andheri East, Mumbai",32.1,28.2,29.8,71,18.5,13.7,242,1004.5,0.0
2022-05-14,162.0,78.0,13.0,6.0,3.0,1.0,"Chakala-Andheri East, Mumbai",32.3,28.1,29.8,71,17.1,12.4,250,1005.0,0.0
2022-05-15,142.0,94.0,3.0,4.0,2.0,1.0,"Chakala-Andheri East, Mumbai",32.9,28.1,29.9,72,18.1,12.8,270,1006.0,0.0
2022-05-16,154.0,134.0,4.5,4.0,1.0,1.0,"Chakala-Andheri East, Mumbai",32.7,27.3,29.7,74,23.3,12.2,294,1005.4,0.0
2022-05-17,178.0,148.0,6.0,4.0,1.0,1.0,"Chakala-Andheri East, Mumbai",32.8,27.9,29.8,73,18.2,11.1,277,1004.5,0.0
2022-05-18,182.0,161.0,8.0,7.0,5.0,1.2,"Chakala-Andheri East, Mumbai",32.3,27.4,29.4,72,20.2,10.7,281,1004.8,0.0
2022-05-19,191.0,120.0,13.0,3.0,1.0,1.4,"Chakala-Andheri East, Mumbai",32.2,27.5,29.5,73,21.9,12.4,286,1005.2,0.0
2022-05-20,171.0,107.0,7.0,3.0,1.0,1.6,"Chakala-Andheri East, Mumbai",32.0,27.9,29.6,68,19.6,14.1,248,1006.3,0.1
2022-05-21,165.0,82.0,7.0,3.0,2.0,2.7142857142857144,"Chakala-Andheri East, Mumbai",32.5,28.5,30.2,64,21.6,16.6,239,1006.1,0.1
2022-05-22,152.0,76.0,5.0,1.0,1.0,2.0,"Chakala-Andheri East, Mumbai",32.5,28.8,30.2,66,22.9,20.3,246,1004.3,1.0
2022-05-23,137.0,65.0,4.0,1.0,1.0,2.0,"Chakala-Andheri East, Mumbai",32.8,28.6,30.2,69,22.6,19.6,244,1003.6,2.7
2022-05-24,115.0,78.0,6.0,2.0,1.0,2.0,"Chakala-Andheri East, Mumbai",32.6,28.3,30.2,69,22.0,16.8,257,1006.1,0.4
2022-05-25,128.0,76.0,7.0,3.0,1.0,2.0,"Chakala-Andheri East, Mumbai",32.4,27.6,29.7,70,18.7,12.4,282,1008.4,0.6
2022-05-26,136.0,60.0,6.0,4.0,1.0,1.0,"Chakala-Andheri East, Mumbai",32.8,27.9,30.1,64,18.4,13.0,270,1008.1,0.0
2022-05-27,101.0,57.0,6.0,2.0,5.0,1.0,"Chakala-Andheri East, Mumbai",33.2,28.5,30.4,61,20.1,15.0,257,1007.8,0.0
2022-05-28,93.0,56.0,6.0,2.0,1.0,1.0,"Chakala-Andheri East, Mumbai",33.0,28.6,30.4,61,20.2,15.7,256,1006.9,0.0
2022-05-29,99.0,65.0,6.0,2.0,1.0,1.0,"Chakala-Andheri East, Mumbai",33.1,28.9,30.5,61,20.6,15.9,259,1006.9,0.1
2022-05-30,113.0,77.0,6.0,3.0,1.0,1.0,"Chakala-Andheri East, Mumbai",32.6,28.2,30.1,64,20.3,14.1,267,1006.6,0.1
2022-05-31,131.0,84.0,13.0,6.0,1.0,1.0,"Chakala-Andheri East, Mumbai",32.8,28.1,30.0,66,21.4,13.7,283,1006.0,0.0
2022-06-01,137.0,87.0,18.0,4.0,1.0,1.0,"Chakala-Andheri East, Mumbai",32.2,28.2,29.8,67,21.3,13.4,284,1006.1,0.0
2022-06-02,150.0,84.0,9.0,6.0,1.0,1.0,"Chakala-Andheri East, Mumbai",32.2,27.9,29.7,69,21.1,13.2,281,1006.3,0.0
2022-06-03,135.0,82.0,6.0,6.0,1.0,1.0,"Chakala-Andheri East, Mumbai",31.8,27.6,29.3,71,20.3,13.5,282,1006.1,0.0
2022-06-04,144.0,66.0,14.0,5.0,6.0,1.25,"Chakala-Andheri East, Mumbai",32.4,27.6,29.7,71,18.9,12.8,288,1005.6,0.0
2022-06-05,114.0,79.0,16.0,2.0,1.0,1.5,"Chakala-Andheri East, Mumbai",32.3,27.5,29.6,72,20.6,10.5,278,1005.5,0.0
2022-06-06,122.0,59.0,10.0,2.0,5.0,1.75,"Chakala-Andheri East, Mumbai",32.1,27.6,29.7,71,17.9,10.4,256,1005.9,0.0
2022-06-07,99.0,48.0,9.0,5.0,6.0,2.0,"Chakala-Andheri East, Mumbai",32.7,27.9,29.7,73,18.2,9.9,244,1006.2,1.0
2022-06-08,84.0,39.0,8.0,2.0,2.0,1.0,"Chakala-Andheri East, Mumbai",31.8,27.1,29.3,78,17.8,12.9,244,1005.9,2.5
2022-06-09,71.0,48.0,8.0,4.0,3.0,2.0,"Chakala-Andheri East, Mumbai",31.0,26.6,28.9,78,16.9,10.8,240,1004.8,7.3
2022-06-10,85.0,23.0,6.0,6.0,7.0,2.0,"Chakala-Andheri East, Mumbai",30.8,26.5,28.1,81,18.7,12.2,199,1004.8,13.8
2022-06-11,49.0,22.0,12.0,4.0,3.0,1.6666666666666667,"Chakala-Andheri East, Mumbai",29.8,25.6,27.2,84,23.0,15.9,199,1005.4,25.2
2022-06-12,48.0,32.0,6.0,3.0,2.0,1.3333333333333337,"Chakala-Andheri East, Mumbai",28.4,25.7,26.7,85,25.3,17.0,188,1005.3,15.9
2022-06-13,62.0,46.0,6.0,1.0,2.0,1.0,"Chakala-Andheri East, Mumbai",29.6,25.1,27.5,83,26.3,19.6,189,1006.5,8.0
2022-06-14,79.0,44.0,6.0,5.5,3.0,2.0,"Chakala-Andheri East, Mumbai",30.5,25.5,28.2,80,22.9,18.7,198,1006.7,2.5
2022-06-15,77.0,37.0,19.0,10.0,2.0,7.0,"Chakala-Andheri East, Mumbai",30.0,26.2,28.2,80,21.0,15.0,223,1006.1,6.1
2022-06-16,69.0,46.0,11.0,11.0,1.8,8.0,"Chakala-Andheri East, Mumbai",30.1,25.8,27.9,82,20.1,13.6,209,1005.7,5.1
2022-06-17,81.0,45.0,10.0,16.0,1.6,6.0,"Chakala-Andheri East, Mumbai",29.8,26.0,27.9,83,19.8,14.7,206,1005.1,3.0
2022-06-18,77.0,30.0,4.0,12.0,1.4,7.0,"Chakala-Andheri East, Mumbai",29.8,26.5,28.3,81,22.4,16.3,204,1005.2,6.6
2022-06-19,60.0,22.0,5.0,11.0,4.0,7.0,"Chakala-Andheri East, Mumbai",28.4,25.3,26.9,86,22.0,17.4,211,1005.8,36.7
2022-06-20,48.0,24.0,3.0,11.0,1.0,7.0,"Chakala-Andheri East, Mumbai",26.7,25.1,26.0,91,18.4,14.3,227,1004.8,54.8
2022-06-21,52.0,34.0,6.0,10.5,3.0,8.0,"Chakala-Andheri East, Mumbai",27.9,24.8,26.1,89,21.0,15.6,203,1002.7,23.0
2022-06-22,63.0,36.0,7.0,10.0,3.6666666666666665,7.0,"Chakala-Andheri East, Mumbai",29.2,25.0,26.5,88,19.2,13.4,184,1003.9,26.9
2022-06-23,64.0,31.0,5.0,11.0,4.333333333333333,8.0,"Chakala-Andheri East, Mumbai",28.6,24.7,26.3,89,12.9,9.5,160,1005.0,46.8
2022-06-24,59.0,26.0,16.0,10.909090909090908,5.0,9.0,"Chakala-Andheri East, Mumbai",29.9,25.5,26.7,88,22.7,13.7,151,1003.2,17.5
2022-06-25,53.0,21.0,9.0,10.818181818181818,3.0,6.0,"Chakala-Andheri East, Mumbai",29.3,25.5,26.7,87,22.9,17.9,143,1000.3,15.6
2022-06-26,43.0,25.0,6.0,10.727272727272728,2.0,6.0,"Chakala-Andheri East, Mumbai",28.0,25.3,26.2,89,29.5,22.5,158,1000.6,15.7
2022-06-27,53.0,32.0,2.0,10.0,1.8571428571428568,6.0,"Chakala-Andheri East, Mumbai",28.3,25.4,26.4,88,23.2,18.4,199,1003.1,31.7
2022-06-28,63.0,45.25,3.5,10.0,1.7142857142857144,6.0,"Chakala-Andheri East, Mumbai",28.1,25.5,26.5,88,20.0,15.8,203,1004.6,10.0
2022-07-01,116.25,85.0,8.0,7.0,1.2857142857142856,6.0,"Chakala-Andheri East, Mumbai",26.4,24.9,25.7,92,18.6,14.9,222,1004.0,43.4
2022-07-02,134.0,127.0,11.0,7.0,3.0,8.0,"Chakala-Andheri East, Mumbai",27.5,25.1,26.1,89,21.1,15.9,232,1002.7,23.9
2022-07-03,165.0,131.0,6.0,7.0,1.0,9.0,"Chakala-Andheri East, Mumbai",27.2,24.9,26.2,89,23.1,16.9,217,1002.4,20.5
2022-07-04,163.0,43.0,1.0,10.0,1.0416666666666667,7.0,"Chakala-Andheri East, Mumbai",27.0,25.1,26.0,89,20.6,15.9,227,1002.3,28.2
2022-07-05,72.0,52.0,1.0,17.0,1.0833333333333333,4.0,"Chakala-Andheri East, Mumbai",26.5,25.2,25.8,91,21.1,17.4,245,1001.0,55.5
2022-07-06,83.0,48.0,1.0,9.0,1.125,4.0,"Chakala-Andheri East, Mumbai",26.7,25.4,25.8,90,20.7,17.7,225,1002.3,35.6
2022-07-07,80.0,59.0,11.0,7.0,3.0,9.0,"Chakala-Andheri East, Mumbai",27.0,25.6,26.2,89,21.9,19.1,248,1005.2,37.2
2022-07-08,94.0,59.55,10.5,7.0,3.0,8.904761904761905,"Chakala-Andheri East, Mumbai",28.6,25.2,26.4,86,25.9,20.5,265,1004.7,25.0
2022-07-27,123.45,70.0,1.0,7.0,2.0,7.095238095238095,"Chakala-Andheri East, Mumbai",28.3,25.1,26.4,87,12.2,5.6,245,1008.1,6.5
2022-07-28,125.0,53.0,3.0,7.0,4.0,7.0,"Chakala-Andheri East, Mumbai",28.8,24.5,27.0,86,16.3,7.2,309,1008.8,2.5
2022-07-29,94.0,54.0,1.0,6.0,4.0,10.0,"Chakala-Andheri East, Mumbai",29.3,25.5,27.3,86,17.4,9.2,328,1008.3,1.1
2022-07-30,97.0,42.5,4.5,6.0,4.0,9.5,"Chakala-Andheri East, Mumbai",29.2,26.0,27.5,84,16.8,9.4,306,1007.3,0.2
2022-07-31,77.0,31.0,8.0,6.0,4.0,9.0,"Chakala-Andheri East, Mumbai",29.0,25.6,27.4,84,17.3,9.9,289,1005.9,2.0
2022-08-01,57.0,31.0,32.0,6.0,2.5,9.0,"Chakala-Andheri East, Mumbai",29.0,25.9,27.2,83,17.4,10.2,287,1006.0,2.1
2022-08-02,53.0,13.0,19.0,8.0,1.0,5.0,"Chakala-Andheri East, Mumbai",29.1,25.8,27.3,83,16.7,9.0,291,1005.0,2.8
2022-08-03,29.0,20.0,16.0,16.0,6.0,9.0,"Chakala-Andheri East, Mumbai",28.9,25.5,27.2,85,15.2,7.6,284,1004.1,10.3
2022-08-04,38.0,25.0,9.0,8.0,2.0,9.0,"Chakala-Andheri East, Mumbai",28.5,25.4,27.0,87,13.3,5.2,272,1003.0,13.6
2022-08-05,30.0,22.0,19.0,14.0,7.0,8.0,"Chakala-Andheri East, Mumbai",27.1,25.6,26.1,90,15.1,7.7,216,1001.6,27.2
2022-08-06,31.0,12.0,43.0,14.0,7.0,9.0,"Chakala-Andheri East, Mumbai",27.5,25.2,26.1,89,17.1,9.9,229,1000.5,33.7
2022-08-07,21.0,12.0,35.0,8.0,2.0,8.0,"Chakala-Andheri East, Mumbai",27.6,25.6,26.3,90,16.1,10.1,222,999.8,56.5
2022-08-08,20.0,10.0,34.0,10.0,4.0,7.0,"Chakala-Andheri East, Mumbai",27.2,25.6,26.2,89,35.1,11.9,244,998.4,32.6
2022-08-09,17.0,12.0,26.0,5.0,3.0,8.0,"Chakala-Andheri East, Mumbai",26.7,25.3,26.0,89,35.5,29.0,238,997.8,71.3
2022-08-10,20.0,10.0,25.0,5.0,1.0,7.0,"Chakala-Andheri East, Mumbai",27.3,25.5,26.1,88,36.6,30.8,231,997.3,37.6
2022-08-11,14.0,13.0,24.0,5.0,1.0,8.0,"Chakala-Andheri East, Mumbai",28.0,25.6,26.5,85,37.7,32.1,227,998.8,23.1
2022-08-12,18.0,11.0,23.0,5.0,1.0,9.0,"Chakala-Andheri East, Mumbai",28.0,25.1,26.5,84,39.5,33.6,225,1002.2,16.1
2022-08-13,15.0,13.0,9.0,9.0,4.0,9.0,"Chakala-Andheri East, Mumbai",28.5,25.1,26.6,83,29.8,25.8,230,1004.2,13.1
2022-08-14,19.0,9.0,9.0,4.0,1.0,9.0,"Chakala-Andheri East, Mumbai",28.1,24.8,26.8,81,29.6,25.4,237,1005.8,11.0
2022-08-15,12.0,15.0,20.0,4.0,1.0,7.0,"Chakala-Andheri East, Mumbai",26.8,24.8,25.7,88,24.8,21.1,243,1006.1,29.0
2022-08-16,23.0,48.0,3.0,10.0,1.5,2.0,"Chakala-Andheri East, Mumbai",26.1,24.9,25.5,89,31.9,25.2,231,1005.3,64.1
2022-08-17,66.0,51.0,11.0,5.0,2.0,9.0,"Chakala-Andheri East, Mumbai",27.4,24.9,26.0,86,29.8,24.4,222,1006.5,19.3
2022-08-18,72.0,44.0,5.0,4.0,1.5,1.0,"Chakala-Andheri East, Mumbai",27.7,24.9,26.4,84,27.3,21.7,232,1007.0,10.5
2022-08-19,67.0,46.0,5.0,5.0,1.0,2.0,"Chakala-Andheri East, Mumbai",27.9,25.2,26.1,85,24.7,18.1,234,1007.4,11.9
2022-08-20,70.0,50.0,5.0,4.0,1.0,1.6666666666666667,"Chakala-Andheri East, Mumbai",27.9,25.2,26.3,86,21.7,16.3,253,1007.3,6.2
2022-08-21,78.0,49.0,5.0,4.0,1.0,1.3333333333333337,"Chakala-Andheri East, Mumbai",27.7,25.2,26.3,85,21.3,17.1,262,1006.1,5.8
2022-08-22,78.0,51.0,4.0,4.0,1.0,1.0,"Chakala-Andheri East, Mumbai",27.1,25.1,26.2,86,23.4,19.9,264,1004.9,9.1
2022-08-23,77.0,42.0,4.0,4.0,1.0,1.0,"Chakala-Andheri East, Mumbai",28.0,25.0,26.2,86,24.8,19.9,248,1005.0,7.9
2022-08-24,70.0,46.0,8.0,5.0,1.0,2.0,"Chakala-Andheri East, Mumbai",27.9,24.8,26.1,86,22.9,17.7,244,1007.6,7.8
2022-08-25,72.0,55.0,6.0,6.0,1.0,7.0,"Chakala-Andheri East, Mumbai",27.5,24.9,25.9,87,17.1,11.5,232,1007.5,6.1
2022-08-26,82.0,66.0,10.0,12.0,5.0,7.0,"Chakala-Andheri East, Mumbai",27.9,24.3,26.1,85,15.2,8.7,241,1007.5,2.2
2022-08-27,98.0,55.0,4.0,6.0,1.0,3.0,"Chakala-Andheri East, Mumbai",28.0,24.7,26.3,83,16.6,8.9,275,1007.8,1.8
2022-08-28,85.0,63.0,4.0,7.0,1.0,9.0,"Chakala-Andheri East, Mumbai",28.0,24.5,26.2,85,17.6,8.3,296,1007.5,2.0
2022-08-29,99.0,65.0,9.0,16.0,5.0,4.0,"Chakala-Andheri East, Mumbai",28.6,24.4,26.3,85,16.7,7.8,315,1008.6,1.2
2022-08-30,113.0,46.0,3.0,8.0,3.0,3.0,"Chakala-Andheri East, Mumbai",29.4,25.2,27.1,86,18.3,10.2,332,1008.5,0.6
2022-08-31,86.0,17.0,10.0,13.0,3.0,8.0,"Chakala-Andheri East, Mumbai",29.5,25.1,27.4,88,18.0,8.7,328,1007.0,18.7
2022-09-01,36.0,22.0,5.0,14.0,2.0,5.0,"Chakala-Andheri East, Mumbai",28.9,25.0,26.7,88,16.0,6.2,350,1006.9,1.7
2022-09-02,46.0,26.0,10.0,9.0,2.5,9.0,"Chakala-Andheri East, Mumbai",30.4,25.1,27.4,87,13.6,6.4,350,1007.1,10.0
2022-09-03,49.0,88.0,8.0,5.0,3.0,9.0,"Chakala-Andheri East, Mumbai",29.9,25.6,27.6,87,15.4,9.0,216,1007.5,0.9
2022-09-04,144.0,46.0,5.0,9.0,3.0,2.0,"Chakala-Andheri East, Mumbai",28.5,26.0,27.0,88,14.8,8.4,265,1007.7,9.9
2022-09-05,77.0,44.0,4.0,6.0,3.0,4.0,"Chakala-Andheri East, Mumbai",29.0,26.0,27.3,83,15.8,9.2,299,1007.7,1.8
2022-09-06,62.0,68.0,7.0,9.0,3.0,3.0,"Chakala-Andheri East, Mumbai",29.0,25.5,27.0,84,13.3,6.4,320,1007.1,4.9
2022-09-07,101.0,108.0,4.0,22.0,3.0,7.0,"Chakala-Andheri East, Mumbai",30.1,25.3,27.1,88,15.6,7.6,351,1006.8,20.1
2022-09-08,105.0,55.0,4.0,11.0,1.0,4.0,"Chakala-Andheri East, Mumbai",28.5,24.9,26.5,90,12.0,7.5,354,1005.5,39.7
2022-09-09,80.0,60.0,3.0,10.0,1.0,4.0,"Chakala-Andheri East, Mumbai",29.6,25.0,27.0,88,13.7,6.8,180,1004.4,27.0
2022-09-10,80.0,62.0,6.0,10.0,2.0,8.0,"Chakala-Andheri East, Mumbai",29.5,25.5,26.8,89,11.7,6.6,178,1004.5,13.2
2022-09-11,83.0,66.0,3.0,9.0,1.0,2.0,"Chakala-Andheri East, Mumbai",29.2,24.9,26.5,88,13.0,6.0,337,1002.2,25.5
2022-09-12,84.0,68.0,3.0,20.0,2.0,3.0,"Chakala-Andheri East, Mumbai",28.5,25.0,26.2,89,17.7,7.3,219,1001.0,21.8
2022-09-13,85.0,66.5,5.0,4.0,1.0,2.0,"Chakala-Andheri East, Mumbai",26.6,25.0,26.0,90,24.1,16.1,245,1002.9,51.7
2022-09-14,93.0,65.0,5.0,6.0,2.0,1.0,"Chakala-Andheri East, Mumbai",27.5,25.3,26.0,89,27.3,21.9,229,1006.0,81.9
2022-09-15,101.0,15.0,6.0,11.0,4.0,8.0,"Chakala-Andheri East, Mumbai",27.8,25.3,26.2,88,30.5,24.9,235,1007.3,68.7
2022-09-16,44.0,22.0,5.0,5.0,2.0,2.0,"Chakala-Andheri East, Mumbai",26.1,24.6,25.5,91,25.9,19.2,248,1006.4,96.6
2022-09-17,52.0,15.0,5.0,9.0,1.0,2.0,"Chakala-Andheri East, Mumbai",27.4,24.2,25.3,90,20.2,12.6,222,1006.8,36.6
2022-09-18,38.0,21.0,4.0,6.0,7.0,3.0,"Chakala-Andheri East, Mumbai",26.5,24.0,25.0,90,16.0,9.7,251,1008.6,61.8
2022-09-19,66.0,39.0,7.0,11.0,4.0,8.0,"Chakala-Andheri East, Mumbai",27.8,24.1,25.9,83,19.2,8.4,266,1009.1,2.9
2022-09-20,93.0,36.0,3.0,5.0,3.0,5.0,"Chakala-Andheri East, Mumbai",26.2,24.3,25.1,88,13.2,5.9,288,1008.9,15.0
2022-09-21,70.0,36.0,7.0,10.0,9.0,8.0,"Chakala-Andheri East, Mumbai",27.0,24.2,25.2,88,15.2,6.6,272,1008.9,12.3
2022-09-22,78.0,41.0,3.0,20.0,4.0,5.0,"Chakala-Andheri East, Mumbai",25.7,24.2,24.9,90,14.4,7.2,240,1009.2,18.0
2022-09-23,101.0,29.0,6.0,8.0,8.0,7.0,"Chakala-Andheri East, Mumbai",28.0,24.0,25.9,83,18.7,11.0,212,1009.1,4.0
2022-09-24,72.0,37.0,4.0,6.0,3.0,3.0,"Chakala-Andheri East, Mumbai",27.2,24.2,25.4,87,17.2,10.9,207,1008.5,5.2
2022-09-25,84.0,40.0,5.0,6.0,2.0,4.0,"Chakala-Andheri East, Mumbai",27.4,24.2,25.7,86,12.1,7.2,232,1008.4,4.7
2022-09-26,100.0,47.0,5.0,8.0,3.0,6.0,"Chakala-Andheri East, Mumbai",27.8,23.5,25.7,85,14.7,6.8,272,1010.1,3.0
2022-09-27,120.0,56.0,5.0,9.0,4.0,7.0,"Chakala-Andheri East, Mumbai",28.0,23.8,25.9,86,13.1,6.5,298,1008.8,0.9
2022-09-28,140.0,56.0,5.0,8.0,4.0,6.0,"Chakala-Andheri East, Mumbai",28.0,24.3,26.0,87,15.7,7.0,291,1007.8,2.3
2022-09-29,142.0,58.0,5.0,6.0,9.0,8.0,"Chakala-Andheri East, Mumbai",28.0,24.0,25.9,89,15.3,6.5,338,1007.7,2.0
2022-09-30,146.0,50.0,10.0,18.0,6.0,8.0,"Chakala-Andheri East, Mumbai",29.0,24.4,26.5,89,15.5,7.7,335,1008.2,2.2
2022-10-01,130.0,32.0,5.0,5.0,5.956521739130435,3.0,"Chakala-Andheri East, Mumbai",27.9,23.2,25.9,89,16.1,7.9,312,1008.9,10.3
2022-10-02,93.0,38.0,7.0,19.0,5.913043478260869,4.0,"Chakala-Andheri East, Mumbai",28.5,24.0,26.2,87,16.3,7.2,325,1009.1,0.7
2022-10-03,103.0,48.0,9.0,23.0,5.869565217391305,7.0,"Chakala-Andheri East, Mumbai",28.6,24.2,26.3,87,18.9,9.3,336,1009.5,0.6
2022-10-04,122.0,39.0,7.0,19.0,5.0,4.0,"Chakala-Andheri East, Mumbai",29.4,24.4,26.9,86,19.7,10.5,337,1009.3,0.0
2022-10-05,103.0,39.0,7.0,19.0,5.0,4.0,"Chakala-Andheri East, Mumbai",30.0,24.9,27.2,88,20.2,8.7,345,1008.1,2.4
2022-10-06,100.0,36.0,5.0,9.0,5.0,5.0,"Chakala-Andheri East, Mumbai",29.5,25.3,27.4,86,22.1,10.9,314,1006.4,3.5
2022-10-07,94.0,21.0,5.0,11.0,5.0,3.0,"Chakala-Andheri East, Mumbai",27.0,24.4,25.8,87,18.1,9.2,306,1005.3,27.7
2022-10-08,64.0,22.0,6.0,9.0,5.0,2.0,"Chakala-Andheri East, Mumbai",27.3,24.8,25.8,87,17.6,12.4,235,1007.5,31.9
2022-10-09,63.0,42.0,7.0,11.0,5.0,9.0,"Chakala-Andheri East, Mumbai",28.9,25.1,26.7,85,13.0,8.4,217,1009.1,1.1
2022-10-10,101.0,49.0,7.0,22.0,5.0,4.0,"Chakala-Andheri East, Mumbai",29.8,24.2,26.8,86,12.9,6.4,344,1010.0,0.2
2022-10-11,118.0,39.0,4.0,14.0,5.0,6.0,"Chakala-Andheri East, Mumbai",29.9,24.4,26.7,88,12.4,5.6,7,1008.9,11.1
2022-10-12,96.0,45.0,5.0,14.0,5.0,8.0,"Chakala-Andheri East, Mumbai",28.2,24.0,25.8,89,11.0,5.6,38,1009.6,13.8
2022-10-13,108.0,46.0,5.0,15.0,5.0,8.0,"Chakala-Andheri East, Mumbai",29.6,23.9,26.4,90,9.8,4.6,43,1009.6,2.1
2022-10-14,113.0,43.0,6.0,14.0,5.0,10.0,"Chakala-Andheri East, Mumbai",30.5,24.5,26.5,87,10.8,5.9,76,1009.5,14.5
2022-10-15,104.0,59.0,10.0,18.11111111111111,5.0,6.0,"Chakala-Andheri East, Mumbai",31.9,24.0,27.4,76,13.4,7.7,18,1008.4,0.9
2022-10-16,132.0,60.875,10.75,22.22222222222222,5.0,5.5,"Chakala-Andheri East, Mumbai",32.0,24.5,27.6,67,15.6,11.7,39,1009.4,0.0
2022-10-23,163.5,74.0,16.0,51.0,5.0,2.0,"Chakala-Andheri East, Mumbai",31.4,22.7,26.3,67,13.8,8.4,25,1013.1,0.0
2022-10-24,168.0,161.0,16.0,56.0,6.0,4.0,"Chakala-Andheri East, Mumbai",30.6,20.4,25.4,71,12.5,7.5,355,1011.3,0.0
2022-10-25,227.0,81.0,16.0,58.0,6.0,3.0,"Chakala-Andheri East, Mumbai",30.0,21.3,25.4,77,13.1,7.5,353,1011.4,0.0
2022-10-26,174.0,77.0,19.0,57.0,6.0,5.0,"Chakala-Andheri East, Mumbai",30.5,20.9,25.2,74,14.8,8.7,5,1012.7,0.0
2022-10-27,168.0,76.0,21.0,35.0,12.0,7.0,"Chakala-Andheri East, Mumbai",30.6,21.0,25.2,72,13.6,8.0,13,1012.6,0.0
2022-10-28,169.0,75.0,20.0,41.0,14.0,8.0,"Chakala-Andheri East, Mumbai",31.1,20.6,25.6,68,11.4,7.8,46,1012.0,0.0
2022-10-29,168.0,63.0,19.0,31.0,12.0,5.0,"Chakala-Andheri East, Mumbai",31.8,20.5,25.5,61,11.8,8.4,56,1011.8,0.0
2022-10-30,150.0,68.0,22.0,41.0,13.0,9.0,"Chakala-Andheri East, Mumbai",31.8,20.2,25.6,59,14.6,10.0,29,1012.1,0.0
2022-10-31,162.0,79.0,17.0,38.0,9.0,9.0,"Chakala-Andheri East, Mumbai",31.8,20.5,25.3,61,16.6,9.2,33,1011.7,0.0
2022-11-01,172.0,77.0,17.0,35.0,5.5,16.0,"Chakala-Andheri East, Mumbai",31.5,21.0,25.4,58,16.4,9.4,41,1012.4,0.0
2022-11-02,171.0,74.0,17.0,38.0,2.0,14.0,"Chakala-Andheri East, Mumbai",31.5,21.1,25.5,64,15.5,10.5,21,1011.7,0.0
2022-11-03,170.0,75.0,5.0,39.0,5.0,13.0,"Chakala-Andheri East, Mumbai",33.2,20.6,26.0,57,14.6,11.3,37,1011.3,0.0
2022-11-04,170.0,74.0,2.0,45.0,6.0,10.0,"Chakala-Andheri East, Mumbai",33.4,21.0,26.2,56,15.7,10.1,37,1012.0,0.0
2022-11-05,169.0,91.0,20.0,51.0,10.0,10.0,"Chakala-Andheri East, Mumbai",33.3,21.0,26.3,55,15.7,8.8,24,1013.1,0.0
2022-11-06,187.0,81.0,20.0,53.0,10.0,12.0,"Chakala-Andheri East, Mumbai",33.0,21.0,25.9,59,14.2,9.1,12,1013.5,0.0
2022-11-07,176.0,89.0,17.0,64.0,9.0,10.0,"Chakala-Andheri East, Mumbai",31.8,19.8,25.3,65,13.2,7.8,10,1013.3,0.0
2022-11-08,182.0,89.0,17.0,72.0,14.0,9.0,"Chakala-Andheri East, Mumbai",32.2,21.0,26.0,63,15.3,9.1,2,1013.0,0.0
2022-11-09,184.0,92.0,18.0,57.0,11.0,11.0,"Chakala-Andheri East, Mumbai",31.7,21.1,26.1,61,17.7,8.9,351,1012.8,0.0
2022-11-10,178.0,77.0,15.0,50.5,4.0,4.0,"Chakala-Andheri East, Mumbai",32.4,21.4,25.9,61,20.3,9.4,15,1013.1,0.0
2022-11-11,138.0,80.0,15.0,44.0,6.0,5.0,"Chakala-Andheri East, Mumbai",33.0,21.0,26.4,55,18.6,11.0,33,1013.3,0.0
2022-11-12,153.0,85.0,19.0,39.0,8.0,10.0,"Chakala-Andheri East, Mumbai",33.0,22.0,26.6,57,18.6,12.2,27,1013.0,0.0
2022-11-13,161.0,95.0,12.0,46.0,10.0,14.0,"Chakala-Andheri East, Mumbai",32.8,22.0,26.6,57,16.4,11.4,24,1012.0,0.0
2022-11-14,169.0,95.0,10.0,45.0,10.0,15.0,"Chakala-Andheri East, Mumbai",32.5,21.5,26.2,66,14.7,8.6,7,1012.2,0.0
2022-11-15,168.0,92.0,10.0,46.0,12.0,16.0,"Chakala-Andheri East, Mumbai",31.5,21.6,26.2,69,13.3,8.0,348,1012.7,0.0
2022-11-16,167.0,83.0,10.0,42.0,8.0,11.0,"Chakala-Andheri East, Mumbai",32.2,21.5,26.2,63,16.4,9.5,351,1012.0,0.0
2022-11-17,162.0,58.0,18.0,31.0,4.0,12.0,"Chakala-Andheri East, Mumbai",32.3,21.5,26.0,57,18.4,10.9,14,1011.9,0.0
2022-11-18,123.0,81.0,13.0,34.0,6.0,11.0,"Chakala-Andheri East, Mumbai",31.7,21.6,25.7,48,17.6,11.9,22,1012.3,0.0
2022-11-19,161.0,81.0,13.0,34.0,5.0,11.0,"Chakala-Andheri East, Mumbai",31.4,20.8,25.3,47,15.9,11.9,31,1012.2,0.0
2022-11-20,162.0,84.0,16.0,40.0,7.0,11.0,"Chakala-Andheri East, Mumbai",30.2,19.5,24.3,49,20.4,11.5,30,1011.4,0.0
2022-11-21,164.0,106.0,14.0,50.0,9.0,16.0,"Chakala-Andheri East, Mumbai",29.8,18.3,23.6,51,16.5,10.8,11,1011.2,0.0
2022-11-22,179.0,113.0,13.0,46.0,12.0,18.0,"Chakala-Andheri East, Mumbai",30.8,18.8,24.1,56,17.1,10.3,2,1011.1,0.0
2022-11-23,187.0,127.0,14.0,53.0,16.0,21.0,"Chakala-Andheri East, Mumbai",31.4,21.4,25.5,54,19.1,11.2,3,1011.1,0.0
2022-11-24,197.0,118.0,15.0,49.0,14.0,19.0,"Chakala-Andheri East, Mumbai",31.3,20.6,25.4,59,16.1,9.7,356,1010.8,0.0
2022-11-25,181.0,132.0,13.0,46.0,16.0,21.0,"Chakala-Andheri East, Mumbai",31.9,21.0,26.0,63,13.1,7.9,355,1011.3,0.0
2022-11-26,175.0,134.0,13.0,43.0,18.0,20.0,"Chakala-Andheri East, Mumbai",32.1,22.4,26.5,67,13.8,8.2,356,1010.4,0.0
2022-11-27,176.0,82.0,14.0,43.0,16.0,18.0,"Chakala-Andheri East, Mumbai",30.6,22.0,26.2,69,14.8,8.1,330,1008.7,0.0
2022-11-28,131.0,101.0,9.0,47.0,16.0,17.0,"Chakala-Andheri East, Mumbai",30.2,20.4,24.9,68,16.1,9.5,337,1009.7,0.0
2022-11-29,160.0,119.0,11.0,48.0,18.0,19.0,"Chakala-Andheri East, Mumbai",29.8,19.5,24.2,71,13.6,8.9,338,1010.6,0.0
2022-11-30,168.0,143.0,9.0,54.0,18.0,19.0,"Chakala-Andheri East, Mumbai",32.1,20.6,25.9,66,15.0,8.0,357,1011.2,0.0
2022-12-01,180.0,124.0,14.0,49.0,16.0,16.0,"Chakala-Andheri East, Mumbai",32.5,21.0,25.8,61,14.6,9.0,26,1011.1,0.0
2022-12-02,169.0,130.0,14.0,49.0,15.0,11.0,"Chakala-Andheri East, Mumbai",32.0,19.5,25.1,61,14.0,8.5,6,1010.5,0.0
2022-12-03,166.0,133.0,13.0,43.0,17.0,11.0,"Chakala-Andheri East, Mumbai",31.0,20.0,25.2,62,17.9,9.9,353,1010.7,0.0
2022-12-04,169.0,158.0,12.0,42.0,20.0,16.0,"Chakala-Andheri East, Mumbai",32.3,22.0,26.5,65,13.0,8.3,351,1011.2,0.0
2022-12-05,171.0,155.0,10.5,46.0,17.0,17.0,"Chakala-Andheri East, Mumbai",31.7,22.9,26.8,69,14.6,8.5,346,1012.2,0.0
2022-12-06,195.0,156.0,9.0,46.0,18.0,18.0,"Chakala-Andheri East, Mumbai",32.2,23.5,26.9,69,18.3,9.6,342,1011.8,0.0
2022-12-07,214.0,133.0,7.5,45.0,18.0,15.0,"Chakala-Andheri East, Mumbai",32.0,22.5,26.5,68,18.7,10.0,341,1011.3,0.0
2022-12-08,184.0,87.0,6.0,35.0,11.0,10.0,"Chakala-Andheri East, Mumbai",31.2,21.0,25.8,64,18.4,10.7,355,1011.1,0.0
2022-12-09,156.0,98.0,15.0,41.0,11.0,13.0,"Chakala-Andheri East, Mumbai",30.3,20.1,24.5,51,19.8,11.1,11,1009.6,0.0
2022-12-10,172.0,127.0,19.0,41.0,16.0,14.0,"Chakala-Andheri East, Mumbai",31.4,18.0,23.8,57,17.6,9.6,6,1009.2,0.0
2022-12-11,190.0,96.0,21.0,38.0,13.0,13.0,"Chakala-Andheri East, Mumbai",30.9,18.6,24.7,57,17.6,9.0,359,1009.8,0.0
2022-12-12,183.0,99.0,18.0,32.0,12.0,12.0,"Chakala-Andheri East, Mumbai",31.9,21.8,26.5,63,16.8,8.6,359,1009.4,0.0
2022-12-13,176.0,73.0,23.0,27.0,13.0,11.0,"Chakala-Andheri East, Mumbai",32.4,24.2,27.7,67,14.6,9.4,39,1009.8,0.0
2022-12-14,147.0,75.0,23.0,30.0,10.0,12.0,"Chakala-Andheri East, Mumbai",32.1,25.5,28.0,66,15.5,8.5,50,1010.9,0.2
2022-12-15,152.0,80.0,26.0,36.0,12.0,12.0,"Chakala-Andheri East, Mumbai",31.6,24.4,27.2,71,13.6,8.5,15,1010.9,0.0
2022-12-16,161.0,92.0,21.0,37.0,14.0,13.0,"Chakala-Andheri East, Mumbai",33.3,23.6,27.5,69,15.9,9.0,351,1010.5,0.0
2022-12-17,164.0,90.0,22.0,31.0,13.0,11.0,"Chakala-Andheri East, Mumbai",33.5,23.8,27.6,68,16.9,9.7,356,1011.2,0.0
2022-12-18,167.0,81.0,23.0,27.0,10.0,11.0,"Chakala-Andheri East, Mumbai",33.3,24.8,28.0,63,20.5,11.3,360,1010.9,0.0
2022-12-19,162.0,92.0,23.0,42.0,13.0,12.0,"Chakala-Andheri East, Mumbai",31.3,23.6,26.9,59,17.1,10.9,360,1010.0,0.0
2022-12-20,170.0,107.0,30.0,44.0,15.0,13.0,"Chakala-Andheri East, Mumbai",30.4,21.4,25.9,57,16.9,10.1,344,1009.6,0.0
2022-12-21,181.0,133.0,30.0,52.0,19.0,17.0,"Chakala-Andheri East, Mumbai",31.0,20.2,25.3,62,15.4,8.5,352,1010.2,0.0
2022-12-22,202.0,135.0,28.0,54.0,20.0,15.0,"Chakala-Andheri East, Mumbai",31.0,20.1,24.9,67,15.9,9.3,342,1010.1,0.0
2022-12-23,206.0,104.0,24.0,45.0,15.0,11.0,"Chakala-Andheri East, Mumbai",29.5,21.0,24.4,62,20.4,12.0,339,1011.0,0.0
2022-12-24,178.0,128.0,32.0,42.0,15.0,12.0,"Chakala-Andheri East, Mumbai",28.8,19.1,22.7,52,19.2,12.7,347,1012.0,0.0
2022-12-25,197.0,119.0,32.0,47.0,13.0,13.0,"Chakala-Andheri East, Mumbai",27.5,16.4,21.6,66,14.0,7.4,337,1012.1,0.0
2022-12-26,191.0,142.0,28.0,50.0,16.0,15.0,"Chakala-Andheri East, Mumbai",28.0,16.1,21.7,73,15.9,9.2,347,1013.2,0.0
2022-12-27,212.0,130.0,23.0,47.0,18.0,15.0,"Chakala-Andheri East, Mumbai",29.6,17.5,23.2,69,17.8,10.6,345,1014.0,0.0
2022-12-28,200.0,142.0,25.0,43.0,19.0,15.0,"Chakala-Andheri East, Mumbai",30.2,18.1,23.7,69,17.3,10.6,343,1014.8,0.0
2022-12-29,210.0,174.0,31.0,50.0,18.0,15.0,"Chakala-Andheri East, Mumbai",30.6,18.4,23.9,68,16.9,9.9,340,1016.0,0.0
2022-12-30,240.0,160.0,25.0,47.0,21.0,14.0,"Chakala-Andheri East, Mumbai",30.5,18.3,24.1,66,17.6,10.2,340,1017.0,0.0
2022-12-31,181.0,96.0,32.0,39.0,14.0,10.0,"Chakala-Andheri East, Mumbai",29.4,19.5,23.6,65,20.3,12.4,342,1016.5,0.0
2023-01-01,170.0,107.0,26.0,47.0,15.0,13.0,"Chakala-Andheri East, Mumbai",27.3,16.4,21.8,67,18.4,11.3,341,1016.2,0.0
2023-01-02,179.0,120.0,30.0,46.0,17.0,13.0,"Chakala-Andheri East, Mumbai",29.1,16.5,22.5,70,16.9,10.6,349,1015.3,0.0
2023-01-03,182.0,117.0,30.0,47.0,17.0,13.0,"Chakala-Andheri East, Mumbai",29.1,17.0,22.7,69,19.0,11.3,344,1015.1,0.0
2023-01-04,187.0,131.0,35.0,44.0,18.0,12.0,"Chakala-Andheri East, Mumbai",28.6,17.1,22.5,71,16.8,9.3,341,1013.9,0.0
2023-01-05,198.0,124.0,30.0,41.0,16.0,13.0,"Chakala-Andheri East, Mumbai",29.8,19.4,23.9,71,14.8,8.4,342,1014.5,0.0
2023-01-06,192.0,128.0,32.0,34.0,14.0,10.0,"Chakala-Andheri East, Mumbai",31.6,20.4,25.4,65,15.3,10.5,359,1016.0,0.0
2023-01-07,193.0,106.0,29.0,31.0,14.0,10.0,"Chakala-Andheri East, Mumbai",32.0,22.4,26.1,63,16.7,11.4,19,1015.9,0.0
2023-01-08,175.0,77.0,28.0,36.0,12.0,11.0,"Chakala-Andheri East, Mumbai",31.4,21.3,25.4,60,19.0,11.4,355,1015.0,0.0
2023-01-09,158.0,89.0,25.0,46.0,9.0,12.0,"Chakala-Andheri East, Mumbai",30.7,18.9,24.1,52,18.7,10.6,354,1016.0,0.0
2023-01-10,165.0,147.0,30.0,55.0,17.0,20.0,"Chakala-Andheri East, Mumbai",31.1,17.1,23.3,51,17.9,10.1,359,1015.4,0.0
2023-01-11,195.0,112.0,23.0,52.0,11.0,16.0,"Chakala-Andheri East, Mumbai",29.4,16.1,22.6,60,15.6,8.8,343,1013.7,0.0
2023-01-12,184.0,112.0,25.0,46.0,9.0,14.0,"Chakala-Andheri East, Mumbai",28.1,16.7,22.0,72,19.2,11.4,333,1013.0,0.0
2023-01-13,187.0,143.0,34.0,54.0,7.0,14.0,"Chakala-Andheri East, Mumbai",26.5,19.5,22.2,76,22.2,12.1,343,1014.1,0.0
2023-01-14,213.0,141.0,35.0,57.0,5.0,18.0,"Chakala-Andheri East, Mumbai",26.0,15.8,20.6,65,20.3,12.0,344,1013.9,0.0
2023-01-15,210.0,119.0,35.0,69.0,5.0,23.0,"Chakala-Andheri East, Mumbai",25.8,14.8,20.1,69,19.7,10.2,339,1012.3,0.0
2023-01-16,190.0,140.0,35.0,72.0,1.0,25.0,"Chakala-Andheri East, Mumbai",25.7,14.6,20.1,76,14.5,9.1,341,1012.5,0.0
2023-01-17,205.0,155.0,44.0,75.0,2.0,26.0,"Chakala-Andheri East, Mumbai",27.0,15.9,20.8,75,15.2,8.8,338,1012.9,0.0
2023-01-18,217.0,134.0,33.0,78.0,4.0,25.0,"Chakala-Andheri East, Mumbai",29.2,15.1,21.9,72,13.7,8.0,345,1013.7,0.0
2023-01-19,201.0,124.0,37.0,75.0,9.0,24.0,"Chakala-Andheri East, Mumbai",28.0,16.3,22.2,72,12.5,7.0,330,1013.6,0.0
2023-01-20,194.0,104.0,34.0,73.0,5.0,17.0,"Chakala-Andheri East, Mumbai",27.5,16.9,21.7,73,16.6,9.2,336,1013.6,0.0
2023-01-21,179.0,97.0,35.0,64.0,2.0,16.0,"Chakala-Andheri East, Mumbai",27.2,17.7,21.9,70,18.9,10.6,337,1013.9,0.0
2023-01-22,173.0,103.0,34.0,55.0,1.0,19.0,"Chakala-Andheri East, Mumbai",26.9,18.0,21.7,61,23.3,12.7,343,1013.3,0.0
2023-01-23,177.0,105.0,33.0,64.0,1.0,18.0,"Chakala-Andheri East, Mumbai",25.7,16.7,21.0,56,24.2,14.0,339,1012.7,0.0
2023-01-24,178.0,109.0,35.0,66.0,1.0,12.0,"Chakala-Andheri East, Mumbai",25.5,16.7,20.7,58,24.2,13.3,339,1013.0,0.0
2023-01-25,183.0,124.0,38.0,63.0,1.0,13.0,"Chakala-Andheri East, Mumbai",26.5,17.3,21.1,55,26.7,16.1,343,1012.9,0.0
2023-01-26,196.0,138.0,31.0,71.0,3.0,19.0,"Chakala-Andheri East, Mumbai",27.2,18.0,22.3,58,21.7,14.9,341,1012.4,0.0
2023-01-27,211.0,127.0,32.0,71.0,9.0,21.0,"Chakala-Andheri East, Mumbai",32.5,20.4,24.9,66,16.9,10.6,351,1011.3,0.0
2023-01-28,204.0,103.0,33.0,40.0,3.0,12.0,"Chakala-Andheri East, Mumbai",30.8,19.6,24.2,75,18.5,9.4,232,1010.5,0.0
2023-01-29,179.0,91.0,33.0,51.0,2.0,12.0,"Chakala-Andheri East, Mumbai",25.9,21.5,23.3,89,17.2,7.7,283,1010.3,1.0
2023-01-30,170.0,109.0,32.0,58.0,1.75,14.0,"Chakala-Andheri East, Mumbai",28.0,20.0,23.4,79,23.2,13.2,337,1012.9,0.0
2023-01-31,184.0,110.0,33.0,48.0,1.5,13.0,"Chakala-Andheri East, Mumbai",30.4,21.2,25.1,65,22.2,15.0,346,1012.6,0.0
2023-02-01,185.0,92.0,36.0,47.0,1.25,12.0,"Chakala-Andheri East, Mumbai",33.5,23.1,26.9,53,21.8,13.2,29,1011.9,0.0
2023-02-02,171.0,112.0,37.0,65.0,1.0,17.0,"Chakala-Andheri East, Mumbai",33.9,23.2,27.0,52,19.9,15.8,24,1012.1,0.0
2023-02-03,191.0,116.0,39.0,70.0,3.0,16.0,"Chakala-Andheri East, Mumbai",32.2,21.0,25.4,54,18.7,10.6,348,1012.8,0.0
2023-02-04,189.0,143.0,42.0,61.0,5.0,19.0,"Chakala-Andheri East, Mumbai",31.6,18.6,24.7,56,18.3,10.8,342,1011.7,0.0
2023-02-05,211.0,115.0,42.0,69.0,3.0,13.0,"Chakala-Andheri East, Mumbai",30.9,19.7,24.4,62,12.9,7.7,329,1010.9,0.0
2023-02-06,187.0,94.0,39.0,55.0,1.0,12.0,"Chakala-Andheri East, Mumbai",29.4,17.9,23.8,66,20.4,12.4,334,1011.6,0.0
2023-02-07,173.0,132.0,40.0,70.0,2.0,18.0,"Chakala-Andheri East, Mumbai",31.3,19.2,24.4,61,22.7,13.0,342,1011.3,0.0
2023-02-08,204.0,134.0,31.0,72.0,9.0,24.0,"Chakala-Andheri East, Mumbai",31.1,17.5,24.4,60,19.1,11.6,344,1011.3,0.0
2023-02-09,204.0,120.0,40.0,68.0,6.0,13.0,"Chakala-Andheri East, Mumbai",33.7,19.2,25.4,53,18.9,10.6,347,1011.5,0.0
2023-02-10,192.0,95.0,37.0,63.0,2.0,10.0,"Chakala-Andheri East, Mumbai",31.5,18.5,24.5,57,20.5,12.0,335,1013.1,0.0
2023-02-11,173.0,114.0,40.0,61.0,1.0,11.0,"Chakala-Andheri East, Mumbai",31.7,17.8,24.3,51,22.4,13.5,341,1013.9,0.0
2023-02-12,188.0,88.0,51.0,43.0,1.0,3.0,"Chakala-Andheri East, Mumbai",32.7,17.6,25.4,46,21.3,13.3,354,1013.7,0.0
2023-02-13,166.0,113.0,47.0,64.0,1.0,10.0,"Chakala-Andheri East, Mumbai",33.8,21.9,26.8,39,24.0,14.0,4,1013.5,0.0
2023-02-14,187.0,119.0,37.0,78.0,1.0,14.0,"Chakala-Andheri East, Mumbai",33.0,19.8,25.4,42,20.1,11.2,357,1013.4,0.0
2023-02-15,193.0,114.0,38.0,73.0,1.0,13.0,"Chakala-Andheri East, Mumbai",33.1,17.8,25.2,45,21.5,11.3,349,1011.7,0.0
2023-02-16,188.0,101.0,33.0,17.0,2.0,15.0,"Chakala-Andheri East, Mumbai",34.9,20.6,26.9,37,25.3,13.1,4,1012.0,0.0
2023-02-17,171.0,97.0,12.0,5.0,7.0,13.0,"Chakala-Andheri East, Mumbai",34.2,21.6,27.3,37,23.4,14.4,355,1012.4,0.0
2023-02-18,164.0,109.0,16.0,9.8,8.0,19.0,"Chakala-Andheri East, Mumbai",34.9,19.1,26.9,36,22.2,12.7,4,1012.0,0.0
2023-02-19,172.0,113.0,15.0,14.6,8.0,16.0,"Chakala-Andheri East, Mumbai",35.6,18.5,26.1,43,19.0,10.2,358,1011.8,0.0
2023-02-20,171.0,106.0,10.0,19.4,7.0,15.0,"Chakala-Andheri East, Mumbai",30.9,19.1,25.5,63,16.2,8.1,289,1012.4,0.0
2023-02-21,155.0,86.0,9.0,28.0,5.0,10.0,"Chakala-Andheri East, Mumbai",32.0,19.0,25.4,64,20.9,11.7,330,1013.0,0.0
2023-02-22,160.0,103.0,15.0,28.0,8.0,14.0,"Chakala-Andheri East, Mumbai",30.0,19.4,24.6,68,22.2,12.8,334,1012.7,0.0
2023-02-23,143.0,119.0,12.0,28.0,12.0,18.0,"Chakala-Andheri East, Mumbai",32.8,19.9,25.6,51,22.6,13.3,338,1011.6,0.0
2023-02-24,173.0,119.0,12.0,28.0,9.0,15.0,"Chakala-Andheri East, Mumbai",34.2,21.1,27.0,44,23.0,12.8,338,1012.5,0.0
2023-02-25,170.0,126.0,14.0,28.0,11.0,16.0,"Chakala-Andheri East, Mumbai",33.8,21.6,27.3,40,22.5,14.1,339,1014.3,0.0
2023-02-26,117.0,108.0,13.0,28.0,16.0,16.0,"Chakala-Andheri East, Mumbai",34.8,20.4,26.7,41,22.6,13.1,343,1014.7,0.0
2023-02-27,111.0,96.0,23.0,53.0,18.0,14.0,"Chakala-Andheri East, Mumbai",34.8,22.0,27.1,42,21.9,13.2,342,1014.4,0.0
2023-02-28,111.0,97.0,37.0,67.0,16.0,13.0,"Chakala-Andheri East, Mumbai",33.2,19.5,25.8,50,18.9,11.1,334,1014.7,0.0
2023-03-01,112.0,118.0,42.0,65.25714285714285,15.0,18.0,"Chakala-Andheri East, Mumbai",32.7,20.4,26.1,53,18.5,11.5,335,1015.1,0.0
2023-03-02,173.0,152.0,26.0,63.51428571428571,15.0,17.3125,"Chakala-Andheri East, Mumbai",35.1,21.4,27.4,47,19.6,10.9,339,1015.1,0.0
2023-03-03,234.0,148.66666666666666,24.6,61.77142857142857,15.6,16.625,"Chakala-Andheri East, Mumbai",33.7,21.2,27.3,56,17.2,8.7,325,1015.5,0.0
2023-03-17,101.46666666666668,102.0,5.0,22.0,24.0,7.0,"Chakala-Andheri East, Mumbai",30.6,22.4,26.7,76,16.3,9.1,257,1010.1,0.7
2023-03-18,92.0,44.0,9.0,22.0,22.0,1.0,"Chakala-Andheri East, Mumbai",30.8,24.1,27.0,79,18.9,10.8,301,1009.0,0.0
2023-03-19,33.0,43.0,9.0,22.0,16.0,1.0,"Chakala-Andheri East, Mumbai",29.8,22.7,26.2,74,18.8,9.5,272,1009.0,0.0
2023-03-20,25.0,43.0,8.0,22.0,12.0,2.0,"Chakala-Andheri East, Mumbai",29.5,23.2,26.2,67,17.4,9.5,298,1008.9,0.0
2023-03-21,30.0,37.0,8.0,22.0,16.0,3.0,"Chakala-Andheri East, Mumbai",29.0,21.8,25.7,72,16.4,7.9,273,1009.6,0.7
2023-03-22,31.0,29.0,8.0,22.0,14.0,1.0,"Chakala-Andheri East, Mumbai",30.0,22.5,26.2,72,15.8,8.6,310,1010.5,0.0
2023-03-23,24.0,101.0,9.0,22.0,12.0,5.0,"Chakala-Andheri East, Mumbai",30.1,22.8,26.2,73,18.6,9.4,313,1010.7,0.4
2023-03-24,72.0,78.0,10.0,22.0,1.0,9.0,"Chakala-Andheri East, Mumbai",30.2,22.4,26.1,75,22.2,11.0,325,1010.7,0.0
2023-03-25,76.5,55.0,12.0,22.0,1.0,11.0,"Chakala-Andheri East, Mumbai",29.7,21.0,25.1,69,23.7,12.4,334,1011.8,0.0
2023-03-26,81.0,48.0,10.0,22.0,8.5,9.0,"Chakala-Andheri East, Mumbai",29.5,20.4,24.9,69,20.8,12.3,328,1011.5,0.0
2023-03-27,75.0,94.0,10.0,22.0,16.0,9.0,"Chakala-Andheri East, Mumbai",29.8,20.9,25.3,76,19.9,10.7,312,1011.1,0.0
2023-03-28,120.0,69.0,11.0,22.0,18.0,7.0,"Chakala-Andheri East, Mumbai",29.9,22.4,25.7,78,19.8,10.4,315,1010.4,0.0
2023-03-29,117.0,59.0,12.0,22.0,5.0,8.0,"Chakala-Andheri East, Mumbai",29.9,21.9,25.6,79,17.6,9.6,313,1010.9,0.0
2023-03-30,97.0,51.0,9.0,22.0,5.0,8.0,"Chakala-Andheri East, Mumbai",29.5,22.7,26.1,75,15.6,7.7,284,1010.4,0.2
2023-04-02,72.25,27.0,10.0,11.0,5.0,6.0,"Chakala-Andheri East, Mumbai",30.0,22.1,26.0,77,23.8,11.2,309,1010.2,0.0
2023-04-03,64.0,42.0,9.0,11.0,2.0,8.0,"Chakala-Andheri East, Mumbai",30.1,22.7,26.2,77,23.4,10.8,312,1009.8,0.0
2023-04-04,92.0,44.0,13.0,6.0,9.0,10.0,"Chakala-Andheri East, Mumbai",30.8,23.0,26.5,80,23.7,12.0,328,1010.3,0.0
2023-04-05,92.0,58.0,17.0,8.0,4.0,18.0,"Chakala-Andheri East, Mumbai",31.0,21.9,26.6,82,22.8,11.7,318,1010.0,0.0
2023-04-06,116.0,78.0,16.0,8.0,1.0,24.0,"Chakala-Andheri East, Mumbai",33.0,23.4,28.1,72,21.6,13.0,335,1009.8,0.0
2023-04-07,153.0,80.0,21.0,9.0,6.0,22.5,"Chakala-Andheri East, Mumbai",34.1,25.3,29.7,55,23.2,15.5,338,1010.5,0.0
2023-04-08,158.0,75.0,20.0,9.0,5.0,21.0,"Chakala-Andheri East, Mumbai",35.0,25.6,29.6,56,17.1,10.3,322,1012.1,0.0
2023-04-09,153.0,68.0,18.0,8.0,4.0,19.0,"Chakala-Andheri East, Mumbai",35.8,25.6,29.7,58,23.8,10.4,331,1012.4,0.0
2023-04-10,146.0,63.0,15.0,7.0,2.0,16.0,"Chakala-Andheri East, Mumbai",35.9,26.0,30.2,61,21.6,12.3,329,1010.8,0.0
2023-04-11,131.0,64.0,17.0,7.0,2.0,16.0,"Chakala-Andheri East, Mumbai",34.9,26.5,30.0,62,22.7,13.8,325,1011.1,0.0
2023-04-12,134.0,63.0,15.0,9.0,2.0,23.0,"Chakala-Andheri East, Mumbai",35.7,26.6,30.7,55,25.0,15.7,331,1010.6,0.0
2023-04-13,135.0,50.0,14.0,7.0,2.0,17.0,"Chakala-Andheri East, Mumbai",35.2,27.2,30.8,51,22.4,14.4,335,1010.2,0.0
2023-04-14,100.0,50.0,10.0,4.0,1.0,16.0,"Chakala-Andheri East, Mumbai",35.2,26.6,30.1,60,21.7,14.2,331,1010.0,0.0
2023-04-15,102.0,49.0,10.0,4.0,3.0,17.0,"Chakala-Andheri East, Mumbai",35.2,25.1,29.1,63,21.9,10.3,327,1010.1,0.0
2023-04-16,102.0,46.0,13.0,4.0,5.0,15.0,"Chakala-Andheri East, Mumbai",34.0,24.0,28.6,72,22.5,12.1,325,1009.0,0.0
2023-04-17,97.0,55.0,17.0,7.0,12.0,16.0,"Chakala-Andheri East, Mumbai",34.0,24.5,28.7,72,23.3,11.8,328,1009.0,0.0
2023-04-18,116.0,65.0,16.0,8.0,13.0,18.0,"Chakala-Andheri East, Mumbai",37.2,26.2,31.5,51,24.0,15.6,345,1009.3,0.0
2023-04-19,131.0,56.0,13.0,5.0,12.0,14.0,"Chakala-Andheri East, Mumbai",36.5,28.2,32.3,47,24.1,16.1,332,1007.1,0.0
2023-04-20,117.0,45.0,10.0,3.0,11.0,13.0,"Chakala-Andheri East, Mumbai",34.9,26.2,30.1,62,23.3,13.8,318,1005.9,0.0
2023-04-21,97.0,41.0,9.0,2.0,10.0,11.0,"Chakala-Andheri East, Mumbai",32.3,24.1,28.0,73,19.7,10.6,315,1006.8,0.0
2023-04-22,90.0,40.0,9.0,2.0,9.0,11.0,"Chakala-Andheri East, Mumbai",31.6,23.8,27.7,79,19.1,9.6,288,1007.3,0.0
2023-04-23,86.0,48.0,11.0,3.0,15.0,13.0,"Chakala-Andheri East, Mumbai",31.5,24.4,27.9,76,21.7,11.1,301,1007.5,0.0
2023-04-24,97.0,49.0,12.0,2.0,14.0,11.0,"Chakala-Andheri East, Mumbai",32.3,24.5,28.1,79,22.5,11.0,313,1007.7,0.0
2023-04-25,101.0,45.0,12.0,1.0,13.0,9.0,"Chakala-Andheri East, Mumbai",32.7,25.1,28.6,79,21.3,9.6,274,1007.7,0.0
2023-04-26,91.0,54.0,12.0,2.0,13.0,10.0,"Chakala-Andheri East, Mumbai",31.4,25.9,28.5,75,21.0,12.5,235,1008.3,0.0
2023-04-27,110.0,40.0,10.0,2.0,11.0,10.0,"Chakala-Andheri East, Mumbai",31.9,25.2,28.3,73,21.7,9.6,305,1008.5,0.0
2023-04-28,88.0,36.0,9.0,2.0,11.0,10.0,"Chakala-Andheri East, Mumbai",31.9,25.5,28.4,74,18.2,10.0,311,1009.3,0.0
2023-04-29,81.0,39.0,12.0,2.0,11.0,10.0,"Chakala-Andheri East, Mumbai",31.6,26.0,28.2,71,20.1,9.4,299,1008.8,0.4
2023-04-30,85.0,27.0,12.0,2.0,22.0,9.0,"Chakala-Andheri East, Mumbai",31.5,24.4,28.0,72,19.5,8.9,297,1007.4,0.5
2023-05-01,65.0,32.0,14.0,1.0,22.0,8.0,"Chakala-Andheri East, Mumbai",31.6,24.7,28.0,69,15.9,8.3,284,1007.3,2.1
2023-05-02,73.0,37.0,12.0,1.0,14.0,8.0,"Chakala-Andheri East, Mumbai",31.5,25.1,28.4,68,16.6,8.0,278,1007.9,0.7
2023-05-03,82.0,42.0,15.0,2.0,4.0,7.0,"Chakala-Andheri East, Mumbai",31.8,25.5,28.5,68,18.6,9.5,291,1009.3,0.0
2023-05-04,91.0,45.0,13.0,1.0,4.0,6.0,"Chakala-Andheri East, Mumbai",31.6,24.8,28.1,74,18.7,9.0,306,1008.7,0.5
2023-05-05,97.0,40.0,11.0,1.0,3.0,8.0,"Chakala-Andheri East, Mumbai",32.3,25.0,28.4,75,20.1,9.2,294,1008.0,0.4
2023-05-06,87.0,43.0,13.0,1.0,3.0,7.0,"Chakala-Andheri East, Mumbai",31.9,25.1,28.5,77,22.4,11.4,309,1008.0,0.1
2023-05-07,93.0,51.0,11.0,1.0,3.0,5.0,"Chakala-Andheri East, Mumbai",30.0,25.4,27.8,80,16.4,8.3,311,1008.3,8.2
2023-05-08,107.0,44.0,12.0,1.0,4.0,5.0,"Chakala-Andheri East, Mumbai",32.2,27.5,29.5,74,19.7,10.9,298,1007.5,0.5
2023-05-09,96.0,58.0,15.0,1.0,3.0,4.0,"Chakala-Andheri East, Mumbai",33.0,27.7,30.0,75,19.8,9.8,300,1007.7,0.0
2023-05-10,124.0,58.0,18.0,1.0,3.0,5.0,"Chakala-Andheri East, Mumbai",34.0,27.2,30.2,79,21.9,9.6,296,1006.8,0.0
2023-05-11,125.0,52.0,15.0,1.0,3.0,6.0,"Chakala-Andheri East, Mumbai",34.5,26.3,30.4,79,18.9,9.0,239,1006.9,0.0
2023-05-12,109.0,38.0,18.0,1.0,3.0,4.0,"Chakala-Andheri East, Mumbai",34.0,27.5,30.2,80,18.3,10.8,225,1007.6,0.0
2023-05-13,84.0,20.0,16.0,1.0,3.0,3.0,"Chakala-Andheri East, Mumbai",33.3,27.7,30.2,77,18.0,12.8,233,1008.5,0.0
2023-05-14,50.0,27.0,18.0,1.0,5.0,5.0,"Chakala-Andheri East, Mumbai",33.2,27.2,30.0,76,17.4,10.5,254,1008.0,0.0
2023-05-15,64.0,30.0,17.0,1.4285714285714286,8.0,4.0,"Chakala-Andheri East, Mumbai",33.2,28.2,30.3,74,19.1,12.1,271,1008.7,0.5
2023-05-16,69.0,28.0,16.0,1.8571428571428568,5.0,6.0,"Chakala-Andheri East, Mumbai",33.6,27.7,30.5,71,17.3,10.9,276,1010.2,0.3
2023-05-17,66.0,38.0,10.0,2.2857142857142856,2.0,7.0,"Chakala-Andheri East, Mumbai",33.4,27.4,30.1,72,22.7,11.8,298,1010.3,0.0
2023-05-18,83.0,32.0,12.0,8.5,1.0,7.0,"Chakala-Andheri East, Mumbai",33.2,27.1,29.8,76,24.4,13.2,316,1011.4,0.1
2023-05-19,73.0,34.333333333333336,12.333333333333334,8.5,5.0,6.333333333333333,"Chakala-Andheri East, Mumbai",33.5,26.8,29.8,78,23.2,14.1,318,1010.0,0.2
2023-05-21,82.33333333333333,39.0,13.0,4.0,13.0,5.0,"Chakala-Andheri East, Mumbai",32.9,27.6,29.9,72,19.9,11.4,301,1010.1,0.0
2023-05-22,87.0,39.0,12.0,2.0,4.0,2.0,"Chakala-Andheri East, Mumbai",33.0,27.0,29.7,75,18.5,10.8,305,1010.8,0.0
2023-05-23,85.0,31.0,13.0,5.0,8.0,2.0,"Chakala-Andheri East, Mumbai",33.5,26.4,29.6,77,22.9,13.0,317,1010.7,0.0
2023-05-24,72.0,21.0,6.0,1.0,21.0,2.7142857142857144,"Chakala-Andheri East, Mumbai",33.3,27.2,30.1,74,19.9,11.9,284,1010.3,0.0
2023-05-25,56.0,14.0,6.1,1.0,20.142857142857142,3.428571428571429,"Chakala-Andheri East, Mumbai",33.2,28.2,30.6,65,20.7,13.6,263,1010.8,0.0
2023-05-26,40.0,15.157894736842106,6.2,1.0,19.285714285714285,4.142857142857142,"Chakala-Andheri East, Mumbai",32.7,29.0,30.6,65,21.6,15.8,265,1011.1,2.0
2023-06-13,77.89473684210526,36.0,8.0,1.0,3.8571428571428577,17.0,"Chakala-Andheri East, Mumbai",31.0,26.3,28.3,80,36.3,29.1,183,1004.4,5.6
2023-06-14,80.0,32.0,10.0,1.0,3.0,16.0,"Chakala-Andheri East, Mumbai",30.2,25.8,28.5,79,33.8,27.0,190,1006.3,2.8
2023-06-15,73.0,45.0,15.0,1.0,5.0,17.0,"Chakala-Andheri East, Mumbai",31.9,28.1,29.8,74,33.7,29.5,202,1006.3,2.8
2023-06-16,98.0,42.0,18.0,1.0,7.0,13.0,"Chakala-Andheri East, Mumbai",31.3,27.2,29.4,75,37.5,30.2,214,1005.6,4.6
2023-06-17,89.0,35.0,20.0,1.0,7.0,16.0,"Chakala-Andheri East, Mumbai",31.4,27.2,29.1,79,26.1,21.9,230,1006.6,6.6
2023-06-18,76.0,32.0,22.0,1.0,6.0,15.0,"Chakala-Andheri East, Mumbai",31.1,27.6,29.1,79,22.8,17.7,250,1007.1,4.6
2023-06-19,73.0,36.0,23.0,1.0,3.0,14.0,"Chakala-Andheri East, Mumbai",31.4,27.7,29.4,77,20.0,16.0,248,1006.2,2.4
2023-06-20,79.0,37.0,23.0,2.0,5.0,14.0,"Chakala-Andheri East, Mumbai",31.5,27.5,29.3,78,20.4,14.0,251,1005.3,1.1
2023-06-21,81.0,27.0,25.0,2.0,10.0,13.0,"Chakala-Andheri East, Mumbai",31.5,27.5,29.3,79,19.6,13.0,244,1005.6,2.9
2023-06-22,65.0,30.0,29.0,3.0,10.0,14.0,"Chakala-Andheri East, Mumbai",31.5,27.5,29.5,76,18.7,13.6,246,1005.8,1.9
2023-06-23,70.0,38.0,33.0,6.0,10.0,17.0,"Chakala-Andheri East, Mumbai",30.8,26.6,28.6,81,19.3,13.1,217,1005.5,2.9
2023-06-24,83.0,24.0,31.0,7.0,7.0,18.0,"Chakala-Andheri East, Mumbai",29.2,25.1,27.0,86,17.7,11.0,218,1004.4,20.7
2023-06-25,58.0,31.0,32.0,3.0,5.0,21.0,"Chakala-Andheri East, Mumbai",27.5,25.5,26.4,88,18.3,11.7,220,1004.5,32.9
2023-06-26,73.0,32.0,35.0,3.0,5.0,18.0,"Chakala-Andheri East, Mumbai",26.7,25.2,25.8,91,18.9,14.1,218,1005.8,23.2
2023-06-27,75.0,20.0,34.0,3.0,6.0,18.0,"Chakala-Andheri East, Mumbai",27.0,24.6,25.9,91,20.9,13.7,224,1005.5,23.2
2023-06-28,52.0,22.0,40.0,2.0,6.0,18.0,"Chakala-Andheri East, Mumbai",27.8,25.6,26.3,90,20.4,15.6,236,1006.0,45.7
2023-06-29,57.0,23.0,37.0,2.0,4.0,17.0,"Chakala-Andheri East, Mumbai",26.8,25.4,26.0,91,20.5,16.5,246,1006.3,50.0
2023-06-30,60.0,28.0,39.0,1.0,4.0,19.0,"Chakala-Andheri East, Mumbai",26.8,25.2,26.1,91,27.3,20.7,247,1006.2,55.8
2023-07-01,67.0,32.0,29.0,1.0,2.0,20.0,"Chakala-Andheri East, Mumbai",28.2,24.9,26.3,90,23.1,17.3,235,1006.9,40.5
2023-07-02,73.0,21.0,33.0,1.0,3.0,20.0,"Chakala-Andheri East, Mumbai",28.4,25.4,26.7,89,20.5,16.0,231,1006.1,34.7
2023-07-03,53.0,17.0,33.0,2.0,2.0,21.0,"Chakala-Andheri East, Mumbai",28.9,26.0,27.2,88,17.7,13.2,232,1004.3,8.6
2023-07-04,46.0,16.0,30.0,2.0,6.0,15.0,"Chakala-Andheri East, Mumbai",29.2,25.4,26.9,89,16.8,11.5,236,1002.7,48.3
2023-07-05,43.0,5.0,29.0,3.0,14.0,8.0,"Chakala-Andheri East, Mumbai",28.3,25.1,26.6,90,14.5,10.4,223,1001.0,35.9
2023-07-06,16.0,5.0,31.0,17.0,14.0,7.0,"Chakala-Andheri East, Mumbai",27.0,24.9,25.7,93,24.5,13.9,217,1002.2,97.5
2023-07-07,16.0,15.0,26.0,3.0,17.0,6.0,"Chakala-Andheri East, Mumbai",27.8,25.5,26.3,90,26.8,20.8,233,1003.3,50.7
2023-07-08,44.0,14.0,25.0,3.0,16.0,5.0,"Chakala-Andheri East, Mumbai",29.7,25.5,27.6,84,29.3,23.8,236,1005.0,13.0
2023-07-09,39.0,14.0,21.0,3.0,16.0,5.0,"Chakala-Andheri East, Mumbai",29.2,25.3,27.5,82,27.4,21.8,233,1005.9,10.8
2023-07-10,40.0,18.0,21.0,3.0,16.0,5.0,"Chakala-Andheri East, Mumbai",28.7,26.0,27.5,82,22.7,18.0,238,1006.5,3.5
2023-07-11,47.0,17.0,23.0,3.0,14.0,4.0,"Chakala-Andheri East, Mumbai",29.5,25.4,27.7,82,20.4,15.1,255,1006.8,4.3
2023-07-12,138.5,16.0,28.0,3.0,15.0,5.0,"Chakala-Andheri East, Mumbai",27.0,25.1,26.1,90,12.8,7.4,236,1005.9,12.2
2023-07-13,230.0,9.0,27.0,4.0,15.0,7.0,"Chakala-Andheri East, Mumbai",27.3,24.6,26.1,90,18.2,11.6,217,1005.6,10.9
2023-07-14,28.0,12.0,32.0,4.0,15.0,7.0,"Chakala-Andheri East, Mumbai",27.4,25.2,26.2,90,21.0,13.8,244,1006.8,32.7
2023-07-15,33.0,13.0,29.0,3.0,17.0,5.0,"Chakala-Andheri East, Mumbai",27.4,24.9,26.1,89,17.6,11.4,250,1007.5,16.7
2023-07-16,37.0,11.0,27.0,4.0,18.0,7.0,"Chakala-Andheri East, Mumbai",27.9,24.6,25.7,91,16.8,10.2,241,1006.7,30.5
2023-07-17,32.0,10.0,28.0,4.0,15.0,7.0,"Chakala-Andheri East, Mumbai",27.4,24.6,25.8,91,19.7,15.0,242,1005.4,63.8
2023-07-18,30.0,12.0,28.0,4.0,15.0,5.0,"Chakala-Andheri East, Mumbai",26.4,25.4,25.9,91,25.3,20.2,255,1004.2,67.7
2023-07-19,38.0,17.0,29.0,3.0,16.0,6.0,"Chakala-Andheri East, Mumbai",27.2,25.5,26.2,91,23.7,19.6,263,1002.1,44.8
2023-07-20,48.0,9.0,29.0,3.0,15.0,6.0,"Chakala-Andheri East, Mumbai",27.9,25.5,26.4,88,24.1,18.9,262,1002.5,36.4
2023-07-21,28.0,8.0,30.0,3.0,17.0,7.0,"Chakala-Andheri East, Mumbai",27.5,25.4,26.4,89,21.3,16.4,255,1004.2,40.9
2023-07-22,25.0,8.0,32.0,3.0,16.0,4.0,"Chakala-Andheri East, Mumbai",26.4,25.0,25.9,91,21.3,18.1,257,1004.9,42.7
2023-07-23,23.0,9.0,32.0,3.0,10.0,6.0,"Chakala-Andheri East, Mumbai",27.7,25.4,26.2,90,28.1,21.4,248,1003.8,34.8
2023-07-24,26.0,10.0,35.0,3.0,7.5,8.0,"Chakala-Andheri East, Mumbai",28.1,25.2,26.1,89,26.8,21.1,245,1004.2,58.2
2023-07-25,29.0,6.0,36.0,3.0,5.0,12.0,"Chakala-Andheri East, Mumbai",27.1,25.1,25.9,90,21.1,17.0,249,1006.0,44.1
2023-07-26,18.0,9.0,34.0,2.0,9.0,11.0,"Chakala-Andheri East, Mumbai",27.0,24.8,25.8,91,26.3,18.4,261,1007.0,93.9
2023-07-27,27.0,8.0,33.0,2.0,13.0,11.0,"Chakala-Andheri East, Mumbai",27.1,25.2,26.0,90,22.0,20.0,267,1007.4,90.9
2023-07-28,24.0,10.0,34.0,3.0,28.0,14.0,"Chakala-Andheri East, Mumbai",27.0,25.0,25.7,91,21.7,17.7,270,1007.6,49.8
2023-07-29,29.0,18.0,34.0,2.0,24.0,13.0,"Chakala-Andheri East, Mumbai",28.8,25.3,26.8,84,23.9,19.2,257,1007.8,12.3
2023-07-30,47.0,16.0,33.0,2.0,22.0,12.0,"Chakala-Andheri East, Mumbai",28.8,25.6,27.0,83,25.6,19.6,252,1007.0,9.3
2023-07-31,44.0,18.0,33.0,3.0,26.0,11.0,"Chakala-Andheri East, Mumbai",28.5,25.5,26.8,85,26.6,19.0,252,1006.5,9.9
2023-08-01,50.0,18.0,33.0,2.0,20.0,11.0,"Chakala-Andheri East, Mumbai",28.9,25.2,27.0,84,25.3,20.5,251,1006.6,6.1
2023-08-02,49.0,19.0,36.0,2.0,17.0,10.0,"Chakala-Andheri East, Mumbai",28.6,24.5,26.8,84,27.7,20.8,248,1007.2,15.1
2023-08-03,51.0,16.0,32.0,2.0,23.0,10.0,"Chakala-Andheri East, Mumbai",28.8,25.9,27.1,84,27.2,22.5,250,1006.6,6.3
2023-08-04,45.0,24.0,32.0,2.0,23.0,11.0,"Chakala-Andheri East, Mumbai",28.4,26.5,27.2,85,25.3,21.4,250,1007.5,2.5
2023-08-05,60.0,22.0,33.0,2.0,20.0,11.0,"Chakala-Andheri East, Mumbai",29.3,25.6,27.3,83,23.7,20.6,249,1009.4,3.8
2023-08-06,56.0,23.0,34.0,2.0,18.0,10.0,"Chakala-Andheri East, Mumbai",28.8,26.2,27.2,83,23.4,20.7,253,1009.0,2.8
2023-08-07,58.0,24.0,34.0,2.0,20.0,11.0,"Chakala-Andheri East, Mumbai",29.0,25.9,27.3,83,26.9,21.5,247,1007.3,2.2
2023-08-08,60.0,24.0,34.0,2.0,21.0,11.0,"Chakala-Andheri East, Mumbai",29.0,26.0,27.4,83,24.7,19.4,246,1007.6,2.3
2023-08-09,61.0,15.0,33.0,2.0,18.0,9.0,"Chakala-Andheri East, Mumbai",29.0,25.7,27.2,83,20.2,16.3,251,1009.6,3.0
2023-08-10,37.0,27.0,39.0,2.0,6.0,12.0,"Chakala-Andheri East, Mumbai",28.4,25.9,26.6,85,15.2,13.3,250,1010.4,7.3
2023-08-11,4.0,11.0,38.0,2.0,14.0,18.0,"Chakala-Andheri East, Mumbai",29.0,25.5,27.2,82,15.9,12.3,264,1009.8,3.7
2023-08-12,2.0,15.0,30.0,2.0,22.0,18.0,"Chakala-Andheri East, Mumbai",27.2,24.1,25.9,86,18.8,11.2,251,1009.8,5.4
2023-08-13,2.0,7.0,31.0,1.0,28.0,17.5,"Chakala-Andheri East, Mumbai",29.2,25.4,27.1,82,24.7,17.8,254,1008.1,5.0
2023-08-14,1.0,14.0,31.0,1.1,33.0,17.0,"Chakala-Andheri East, Mumbai",29.4,25.8,27.4,80,24.8,19.2,239,1008.3,2.6
2023-08-15,2.0,13.11111111111111,36.0,1.2,45.0,17.0,"Chakala-Andheri East, Mumbai",28.2,26.2,27.0,83,18.7,14.4,233,1008.9,3.5
2023-08-16,4.46875,12.22222222222222,35.0,1.3,36.0,17.0,"Chakala-Andheri East, Mumbai",29.0,25.1,27.0,84,20.9,12.6,263,1009.4,4.5
2023-08-17,6.9375,11.333333333333334,36.0,5.0,32.0,18.0,"Chakala-Andheri East, Mumbai",29.3,25.0,26.8,83,20.7,13.7,285,1009.7,3.5
2023-08-18,9.40625,27.0,35.0,5.0,32.0,17.0,"Chakala-Andheri East, Mumbai",28.9,25.6,27.1,81,18.9,13.9,291,1008.3,2.0
2023-08-19,51.5,27.0,37.0,5.0,34.0,20.0,"Chakala-Andheri East, Mumbai",28.7,25.6,26.8,84,19.5,15.1,294,1007.1,4.1
2023-08-20,51.5,27.0,36.0,5.0,39.0,18.0,"Chakala-Andheri East, Mumbai",27.9,25.0,26.1,88,17.1,11.2,296,1007.2,10.5
2023-08-21,51.5,27.0,34.0,5.0,49.0,19.0,"Chakala-Andheri East, Mumbai",28.7,24.6,26.5,86,16.3,10.4,284,1007.6,3.8
2023-08-22,51.5,27.0,37.0,5.0,48.0,18.0,"Chakala-Andheri East, Mumbai",28.7,25.0,26.4,86,18.8,10.2,264,1007.6,6.1
2023-08-23,51.5,6.0,37.0,2.0,29.0,17.0,"Chakala-Andheri East, Mumbai",29.4,25.1,27.2,82,21.1,13.4,246,1007.4,3.8
2023-08-24,51.5,7.782608695652174,33.0,3.0,2.0,17.0,"Chakala-Andheri East, Mumbai",28.8,25.6,26.6,85,21.2,14.6,229,1006.6,6.5
2023-08-25,51.5,9.565217391304348,27.0,2.0,7.0,17.0,"Chakala-Andheri East, Mumbai",28.5,24.9,26.7,86,19.5,14.7,223,1006.6,6.2
2023-08-26,51.5,11.347826086956522,33.0,2.0,6.0,17.0,"Chakala-Andheri East, Mumbai",27.9,24.3,26.1,88,20.2,14.9,228,1008.1,14.3
2023-08-27,51.5,27.0,34.0,1.0,8.0,18.0,"Chakala-Andheri East, Mumbai",27.8,24.1,25.7,89,16.6,10.5,228,1009.3,15.1
2023-08-28,51.5,27.0,37.0,2.0,6.0,18.0,"Chakala-Andheri East, Mumbai",27.5,24.8,25.8,88,17.1,10.7,222,1008.8,4.1
2023-08-29,51.5,27.0,37.0,2.0,10.0,17.0,"Chakala-Andheri East, Mumbai",28.6,24.9,26.5,86,11.1,7.3,246,1008.5,3.6
2023-08-30,51.5,27.0,37.0,4.0,8.0,18.0,"Chakala-Andheri East, Mumbai",29.3,24.4,26.7,86,13.8,6.8,276,1009.1,0.7
2023-08-31,51.5,27.0,38.0,4.0,7.0,18.0,"Chakala-Andheri East, Mumbai",30.0,24.7,27.2,85,15.2,7.3,319,1009.0,0.7
2023-09-01,67.0,47.0,38.0,3.0,6.0,18.0,"Chakala-Andheri East, Mumbai",30.5,24.1,27.1,86,18.8,7.5,323,1008.8,1.2
2023-09-02,67.0,47.0,38.0,3.0,6.0,19.0,"Chakala-Andheri East, Mumbai",28.7,24.9,26.5,89,12.3,5.2,297,1008.8,2.6
2023-09-03,67.0,47.0,40.0,3.0,5.0,18.0,"Chakala-Andheri East, Mumbai",29.1,25.0,26.9,86,17.6,7.7,306,1007.8,10.0
2023-09-04,67.0,47.0,40.0,3.0,6.0,18.0,"Chakala-Andheri East, Mumbai",29.5,23.9,26.9,84,17.7,8.6,313,1006.7,2.2
2023-09-05,67.0,47.0,42.0,3.0,6.0,18.0,"Chakala-Andheri East, Mumbai",29.1,24.7,27.0,83,17.2,10.3,309,1006.1,2.4
2023-09-06,67.0,47.0,42.0,3.0,5.0,19.0,"Chakala-Andheri East, Mumbai",29.9,26.0,27.8,81,17.7,11.2,296,1006.0,1.0
2023-09-07,67.0,47.0,41.0,3.0,7.0,21.0,"Chakala-Andheri East, Mumbai",28.3,25.0,27.0,84,19.7,13.5,283,1005.9,10.2
2023-09-08,67.0,47.0,43.0,3.0,6.0,19.0,"Chakala-Andheri East, Mumbai",28.1,25.6,26.7,89,22.7,16.1,292,1006.2,50.6
2023-09-09,67.0,47.0,45.0,2.0,5.0,18.0,"Chakala-Andheri East, Mumbai",29.0,25.5,26.9,88,18.1,12.2,286,1006.3,15.9
2023-09-10,67.0,47.0,46.0,3.0,6.0,18.0,"Chakala-Andheri East, Mumbai",29.0,25.5,27.1,88,18.4,10.7,259,1006.2,5.5
2023-09-11,67.0,47.0,45.0,3.0,5.0,18.0,"Chakala-Andheri East, Mumbai",28.8,25.0,26.3,88,14.4,9.0,257,1007.1,4.7
2023-09-12,67.0,47.0,45.0,3.0,5.0,18.0,"Chakala-Andheri East, Mumbai",29.1,24.6,26.9,85,19.1,10.1,257,1007.6,4.7
2023-09-13,67.0,47.0,47.0,4.0,5.0,19.0,"Chakala-Andheri East, Mumbai",28.4,25.0,26.5,87,12.8,7.7,245,1007.1,3.6
2023-09-14,67.0,47.0,48.0,5.0,6.0,19.0,"Chakala-Andheri East, Mumbai",28.8,24.0,26.6,86,13.4,8.1,221,1007.3,2.2
2023-09-15,67.0,47.0,48.0,2.0,4.0,11.0,"Chakala-Andheri East, Mumbai",29.3,24.8,27.2,82,16.6,8.7,247,1007.1,2.1
2023-09-16,81.0,54.0,4.0,1.0,6.0,9.0,"Chakala-Andheri East, Mumbai",28.5,25.0,27.0,84,20.6,15.0,256,1006.6,7.3
2023-09-17,90.0,51.0,4.0,1.0,5.0,8.0,"Chakala-Andheri East, Mumbai",29.2,25.3,27.2,82,23.0,18.5,241,1005.6,8.2
2023-09-18,86.0,23.0,4.0,1.0,6.0,9.0,"Chakala-Andheri East, Mumbai",27.2,24.5,25.9,90,22.2,16.3,219,1005.7,30.9
2023-09-19,38.0,31.0,5.0,1.0,18.0,7.0,"Chakala-Andheri East, Mumbai",28.4,25.2,26.3,88,22.3,17.9,205,1007.0,12.3
2023-09-20,38.0,62.0,5.0,1.0,23.0,6.0,"Chakala-Andheri East, Mumbai",28.1,25.5,26.5,89,21.7,16.6,204,1007.6,11.1
2023-09-21,67.0,46.0,4.0,1.0,6.0,8.0,"Chakala-Andheri East, Mumbai",28.1,25.5,26.5,90,16.3,10.3,216,1007.9,20.7
2023-09-22,65.0,60.0,4.0,1.5,6.0,9.0,"Chakala-Andheri East, Mumbai",28.1,24.9,26.4,91,11.5,7.6,180,1008.3,14.9
2023-09-23,89.0,48.0,5.0,2.0,6.0,9.0,"Chakala-Andheri East, Mumbai",28.5,25.1,26.1,91,16.0,6.2,213,1008.9,35.3
2023-09-24,65.0,54.0,4.0,2.5,7.0,8.0,"Chakala-Andheri East, Mumbai",28.1,24.4,26.2,90,11.4,6.6,230,1009.3,15.3
2023-09-25,74.0,56.0,5.0,3.0,7.0,8.0,"Chakala-Andheri East, Mumbai",28.4,24.4,26.3,89,15.0,6.8,268,1008.2,17.7
2023-09-26,77.0,72.0,4.0,7.0,7.0,10.0,"Chakala-Andheri East, Mumbai",29.0,24.2,26.4,89,13.4,6.3,267,1007.9,4.4
2023-09-27,99.0,95.0,5.0,6.0,8.0,9.0,"Chakala-Andheri East, Mumbai",29.1,24.1,26.1,91,17.0,6.9,341,1007.3,21.0
2023-09-28,121.0,89.0,4.0,6.0,6.0,9.0,"Chakala-Andheri East, Mumbai",30.0,24.0,26.6,91,20.2,7.5,343,1006.0,22.6
2023-09-29,142.0,38.0,5.0,8.0,8.0,9.0,"Chakala-Andheri East, Mumbai",30.5,25.6,27.4,91,12.4,6.3,47,1005.4,25.9
2023-09-30,81.0,45.0,4.0,7.0,6.0,9.0,"Chakala-Andheri East, Mumbai",32.5,24.9,27.9,88,15.3,6.8,35,1005.0,13.2
2023-10-01,93.0,53.0,5.0,5.0,6.0,8.0,"Chakala-Andheri East, Mumbai",30.9,26.8,28.4,89,17.5,8.1,289,1005.6,0.8
2023-10-02,120.0,89.0,4.0,5.0,4.0,8.0,"Chakala-Andheri East, Mumbai",29.1,24.1,27.3,87,13.0,8.9,242,1008.9,3.2
2023-10-03,161.0,98.0,5.0,6.0,7.0,8.0,"Chakala-Andheri East, Mumbai",29.6,25.5,27.3,83,12.9,6.7,290,1010.2,0.1
2023-10-04,167.0,102.0,5.0,6.0,6.0,8.0,"Chakala-Andheri East, Mumbai",29.9,23.9,27.1,85,14.5,6.5,286,1010.9,2.9
2023-10-05,167.0,100.0,4.0,7.0,5.0,9.0,"Chakala-Andheri East, Mumbai",30.5,24.1,27.1,86,15.8,8.6,327,1010.5,0.1
2023-10-06,160.0,94.0,4.0,7.0,4.0,10.0,"Chakala-Andheri East, Mumbai",29.9,24.6,27.1,85,16.8,8.5,333,1009.7,0.7
2023-10-07,157.0,103.0,5.0,10.0,5.0,11.0,"Chakala-Andheri East, Mumbai",30.4,24.1,27.0,86,18.1,10.0,349,1009.7,0.2
2023-10-08,164.0,110.0,5.0,10.0,7.0,12.0,"Chakala-Andheri East, Mumbai",31.5,24.6,27.6,84,18.0,10.8,348,1010.5,0.3
2023-10-09,166.0,80.0,4.0,7.0,7.0,10.0,"Chakala-Andheri East, Mumbai",32.3,23.8,27.9,80,16.4,11.0,342,1011.7,0.0
2023-10-10,134.0,65.0,5.0,8.0,7.0,10.0,"Chakala-Andheri East, Mumbai",31.9,23.7,27.7,76,19.4,11.4,347,1011.8,0.0
2023-10-11,111.0,58.0,5.0,9.0,7.0,9.0,"Chakala-Andheri East, Mumbai",31.2,24.9,27.6,81,20.3,12.4,345,1011.7,0.0
2023-10-12,95.0,70.0,7.0,9.0,8.0,12.0,"Chakala-Andheri East, Mumbai",31.5,23.9,27.9,84,16.6,10.5,336,1011.7,0.0
2023-10-13,101.0,186.0,7.0,10.0,9.0,18.0,"Chakala-Andheri East, Mumbai",33.1,25.6,28.7,84,17.2,8.4,335,1012.0,0.0
2023-10-14,193.0,139.0,7.0,6.0,8.0,13.0,"Chakala-Andheri East, Mumbai",32.6,24.9,28.4,85,14.2,7.3,330,1012.0,0.0
2023-10-15,175.0,191.0,7.0,6.0,9.0,14.0,"Chakala-Andheri East, Mumbai",33.4,25.2,28.7,85,19.2,8.6,342,1010.6,0.7
2023-10-16,207.0,57.0,8.0,6.0,10.0,16.0,"Chakala-Andheri East, Mumbai",33.0,23.9,28.6,71,15.5,7.4,347,1010.4,0.0
2023-10-17,232.0,57.0,7.0,7.0,9.0,15.0,"Chakala-Andheri East, Mumbai",32.2,25.0,28.3,75,9.5,6.8,352,1011.6,1.0
2023-10-18,236.0,57.0,8.0,11.0,8.0,15.0,"Chakala-Andheri East, Mumbai",33.8,24.3,28.7,73,18.1,9.0,354,1012.3,0.0
2023-10-19,108.0,57.0,9.0,11.0,8.0,16.0,"Chakala-Andheri East, Mumbai",33.8,24.6,28.8,63,16.1,9.3,350,1012.1,0.0
2023-10-20,108.0,57.0,8.0,10.0,8.0,14.0,"Chakala-Andheri East, Mumbai",34.3,23.8,28.6,67,10.8,7.8,16,1011.8,0.0
2023-10-21,84.0,79.0,9.0,13.0,10.0,16.0,"Chakala-Andheri East, Mumbai",34.9,24.0,29.1,67,12.3,8.0,53,1012.3,0.1
2023-10-22,138.0,75.0,8.0,14.0,9.0,20.0,"Chakala-Andheri East, Mumbai",33.7,23.8,28.7,71,14.5,7.7,350,1012.9,0.0
2023-10-23,128.0,104.0,9.0,14.0,8.0,17.25,"Chakala-Andheri East, Mumbai",34.8,23.8,28.6,67,18.7,8.7,356,1011.7,0.0
2023-10-24,167.0,99.0,9.0,15.0,8.0,14.5,"Chakala-Andheri East, Mumbai",34.4,23.3,28.6,61,16.5,8.5,1,1011.2,0.0
2023-10-25,165.0,99.0,9.0,11.0,11.0,11.75,"Chakala-Andheri East, Mumbai",33.9,22.5,28.0,60,16.4,8.9,356,1012.7,0.0
2023-10-26,164.0,53.0,5.0,17.0,8.0,9.0,"Chakala-Andheri East, Mumbai",34.1,22.8,27.8,58,19.9,9.3,3,1013.1,0.0
2023-10-27,99.0,58.0,6.0,17.0,8.0,10.0,"Chakala-Andheri East, Mumbai",34.3,21.2,27.5,55,20.7,10.5,6,1011.7,0.0
2023-10-28,113.0,62.0,6.0,13.0,9.0,9.0,"Chakala-Andheri East, Mumbai",34.2,21.1,27.2,56,16.6,9.9,15,1011.3,0.0
2023-10-29,122.0,57.0,7.0,12.0,8.0,10.0,"Chakala-Andheri East, Mumbai",34.7,21.4,27.3,54,19.1,10.6,26,1010.9,0.0
2023-10-30,110.0,53.0,7.0,17.0,10.0,10.0,"Chakala-Andheri East, Mumbai",34.8,21.1,27.4,59,14.7,7.6,27,1010.8,0.0
2023-10-31,102.0,61.0,8.0,22.0,11.0,10.0,"Chakala-Andheri East, Mumbai",34.6,21.6,27.9,59,14.9,8.2,18,1011.4,0.0
2023-11-01,105.0,63.0,8.0,14.0,13.0,9.0,"Chakala-Andheri East, Mumbai",34.0,22.2,27.5,58,14.8,8.9,5,1012.2,0.0
2023-11-02,90.0,106.0,8.0,30.0,12.0,12.0,"Chakala-Andheri East, Mumbai",34.0,21.9,27.5,58,17.2,9.8,4,1011.4,0.0
2023-11-03,145.0,78.0,8.0,41.0,12.0,25.0,"Chakala-Andheri East, Mumbai",34.5,22.6,27.9,57,19.9,11.3,11,1009.7,0.0
2023-11-04,113.0,85.0,10.0,37.0,12.0,23.0,"Chakala-Andheri East, Mumbai",35.3,23.6,28.5,54,14.6,8.8,31,1009.2,0.0
2023-11-05,112.0,91.0,11.0,48.0,9.0,25.0,"Chakala-Andheri East, Mumbai",35.1,22.8,28.8,59,15.5,9.2,17,1010.7,0.0
2023-11-06,120.0,83.0,8.0,45.0,9.0,24.0,"Chakala-Andheri East, Mumbai",35.3,22.9,28.5,56,17.1,9.6,22,1011.8,0.0
2023-11-07,138.0,75.0,8.0,35.0,8.0,21.0,"Chakala-Andheri East, Mumbai",34.2,22.1,27.6,56,19.1,9.6,1,1011.8,0.0
2023-11-08,98.0,66.0,10.0,29.0,10.0,11.0,"Chakala-Andheri East, Mumbai",32.7,23.7,27.9,69,20.2,9.0,195,1011.7,0.0
2023-11-09,85.0,51.0,9.0,20.0,6.0,3.0,"Chakala-Andheri East, Mumbai",33.5,24.0,28.4,76,13.7,6.0,338,1012.2,0.0
2023-11-10,63.0,62.0,10.0,34.0,5.0,9.0,"Chakala-Andheri East, Mumbai",33.0,24.8,28.2,73,13.8,7.1,82,1013.5,1.1
2023-11-11,80.0,64.125,9.625,31.875,4.625,8.75,"Chakala-Andheri East, Mumbai",35.0,24.0,29.1,64,18.5,9.6,10,1013.7,0.0
2023-11-18,117.625,79.0,7.0,17.0,2.0,7.0,"Chakala-Andheri East, Mumbai",33.7,21.1,26.7,62,13.8,8.3,5,1012.0,0.0
2023-11-19,123.0,65.0,7.0,18.0,3.0,14.0,"Chakala-Andheri East, Mumbai",32.3,20.8,26.9,63,17.5,9.5,348,1012.0,0.0
2023-11-20,97.0,71.0,7.5,15.0,5.5,9.0,"Chakala-Andheri East, Mumbai",34.2,23.5,28.0,61,16.0,8.3,348,1012.2,0.0
2023-11-21,108.5,77.0,8.0,12.0,8.0,4.0,"Chakala-Andheri East, Mumbai",34.2,24.2,28.6,59,20.2,10.2,359,1012.1,0.0
2023-11-22,120.0,75.0,7.0,12.0,1.0,7.0,"Chakala-Andheri East, Mumbai",33.6,23.2,27.7,50,18.4,11.3,3,1011.4,0.0
2023-11-23,117.0,101.0,9.0,49.0,2.0,15.0,"Chakala-Andheri East, Mumbai",33.2,22.0,27.1,54,18.1,10.2,352,1009.7,0.0
2023-11-24,154.0,70.0,7.0,29.0,3.0,11.0,"Chakala-Andheri East, Mumbai",34.4,21.9,27.6,60,15.2,8.2,12,1009.6,0.0
2023-11-25,107.0,79.0,12.0,14.0,4.0,8.0,"Chakala-Andheri East, Mumbai",33.5,23.1,27.9,67,12.0,8.9,58,1011.4,0.0
2023-11-26,105.0,45.0,7.0,9.0,3.0,3.0,"Chakala-Andheri East, Mumbai",31.1,23.9,27.0,78,19.0,7.6,213,1011.8,2.4
2023-11-27,70.0,46.0,7.0,13.0,1.0,5.0,"Chakala-Andheri East, Mumbai",30.3,23.4,26.1,77,14.9,7.1,332,1011.3,0.9
2023-11-28,72.0,61.0,11.0,24.0,5.0,6.0,"Chakala-Andheri East, Mumbai",30.0,22.9,25.8,73,16.6,9.7,336,1010.4,0.0
2023-11-29,91.0,65.0,8.0,13.0,1.0,6.0,"Chakala-Andheri East, Mumbai",28.8,20.5,24.6,72,15.3,8.8,333,1011.3,0.0
2023-11-30,98.0,79.0,9.0,24.0,5.0,8.0,"Chakala-Andheri East, Mumbai",29.7,20.5,24.7,79,17.8,9.3,337,1011.8,0.0
2023-12-01,122.0,123.0,14.0,19.0,3.0,11.0,"Chakala-Andheri East, Mumbai",29.6,21.6,25.0,80,15.8,8.0,332,1011.6,0.3
2023-12-02,143.0,98.0,20.0,32.0,6.0,11.0,"Chakala-Andheri East, Mumbai",31.6,20.5,25.7,77,14.8,7.3,345,1010.3,0.0
2023-12-03,130.0,80.0,15.0,33.0,4.0,8.0,"Chakala-Andheri East, Mumbai",33.3,23.4,27.4,68,17.0,9.5,357,1010.5,0.0
2023-12-04,126.0,84.0,19.0,15.0,2.0,7.0,"Chakala-Andheri East, Mumbai",33.2,23.4,27.6,70,19.7,10.4,345,1009.8,0.3
2023-12-05,132.0,72.5,19.0,12.0,2.0,4.0,"Chakala-Andheri East, Mumbai",32.8,24.6,27.7,65,19.4,12.3,353,1008.8,0.0
2023-12-06,111.5,61.0,19.0,9.0,2.0,1.0,"Chakala-Andheri East, Mumbai",31.5,23.0,26.6,66,18.8,10.2,355,1009.9,0.0
2023-12-07,91.0,69.0,20.0,25.0,7.0,7.0,"Chakala-Andheri East, Mumbai",31.3,22.2,26.0,67,17.5,10.9,356,1010.8,0.0
2023-12-08,105.0,65.0,15.0,18.0,2.0,6.0,"Chakala-Andheri East, Mumbai",31.8,21.1,26.0,66,18.8,10.2,355,1011.4,0.0
2023-12-09,100.0,8.0,15.0,17.0,2.0,8.0,"Chakala-Andheri East, Mumbai",32.3,21.5,26.2,63,18.4,10.3,358,1012.3,0.0
2023-12-10,23.0,6.0,15.0,33.0,1.0,5.0,"Chakala-Andheri East, Mumbai",32.8,21.8,26.4,62,16.3,9.8,358,1011.3,0.0
2023-12-11,21.0,7.0,16.0,16.0,2.0,4.0,"Chakala-Andheri East, Mumbai",32.2,21.1,26.4,58,16.6,10.5,352,1011.7,0.0
2023-12-12,23.0,72.0,14.0,53.0,4.0,8.0,"Chakala-Andheri East, Mumbai",31.2,20.4,25.3,58,18.8,10.5,346,1011.1,0.0
2023-12-13,111.0,83.0,13.0,43.5,4.0,12.0,"Chakala-Andheri East, Mumbai",30.9,19.5,24.9,62,17.4,8.9,346,1011.7,0.0
2023-12-14,11.0,94.0,12.0,34.0,4.0,16.0,"Chakala-Andheri East, Mumbai",32.5,20.4,26.0,59,11.6,7.5,51,1012.8,0.0
2023-12-15,141.0,78.0,15.0,17.0,5.0,6.0,"Chakala-Andheri East, Mumbai",31.9,20.6,25.9,53,15.1,9.3,16,1013.9,0.0
2023-12-16,122.0,79.0,19.0,12.0,6.0,4.0,"Chakala-Andheri East, Mumbai",31.7,19.4,25.1,56,18.8,10.8,9,1013.4,0.0
2023-12-17,123.0,78.0,18.0,8.0,4.0,2.0,"Chakala-Andheri East, Mumbai",32.1,20.7,25.7,56,17.7,11.0,19,1012.4,0.0
2023-12-18,121.0,83.0,28.0,32.0,14.0,9.0,"Chakala-Andheri East, Mumbai",32.9,22.8,27.0,51,16.7,12.0,59,1013.0,0.0
2023-12-19,128.0,78.0,14.0,9.0,6.0,2.0,"Chakala-Andheri East, Mumbai",32.6,23.6,26.9,52,15.8,11.8,46,1013.9,0.0
2023-12-20,121.0,98.0,16.0,20.0,16.0,9.0,"Chakala-Andheri East, Mumbai",32.6,21.0,25.7,48,17.1,10.1,27,1014.0,0.0
2023-12-21,148.0,108.0,17.0,25.0,17.0,16.0,"Chakala-Andheri East, Mumbai",33.0,21.5,26.2,53,16.1,10.0,15,1012.9,0.0
2023-12-22,155.0,106.0,16.0,16.0,18.0,12.0,"Chakala-Andheri East, Mumbai",31.5,20.7,25.7,63,12.5,7.6,350,1013.0,0.0
2023-12-23,154.0,102.0,17.0,39.0,16.0,13.0,"Chakala-Andheri East, Mumbai",33.1,20.5,25.9,61,18.4,9.7,354,1013.6,0.0
2023-12-24,151.0,96.0,23.0,26.0,34.0,11.0,"Chakala-Andheri East, Mumbai",32.8,19.8,25.4,55,15.1,8.1,1,1014.8,0.0
2023-12-25,152.0,106.0,22.0,28.0,9.0,14.0,"Chakala-Andheri East, Mumbai",32.8,18.9,25.0,54,16.0,9.5,5,1014.8,0.0
2023-12-26,163.0,91.0,14.0,24.0,6.0,14.0,"Chakala-Andheri East, Mumbai",33.1,18.9,25.4,55,13.6,8.6,356,1014.8,0.0
2023-12-27,164.0,98.0,24.0,50.0,20.0,21.0,"Chakala-Andheri East, Mumbai",33.8,19.8,26.0,55,16.9,10.5,356,1014.9,0.0
2023-12-28,175.0,74.0,24.0,21.0,10.0,18.0,"Chakala-Andheri East, Mumbai",32.3,20.0,25.7,61,15.7,9.6,355,1013.3,0.0
2023-12-29,171.0,66.0,27.0,40.0,19.0,19.0,"Chakala-Andheri East, Mumbai",33.1,20.3,25.7,64,13.6,8.0,350,1013.3,0.0
2023-12-30,139.0,70.0,16.0,20.0,25.0,13.0,"Chakala-Andheri East, Mumbai",32.0,19.5,25.1,69,14.0,8.2,347,1013.0,0.0
2023-12-31,113.0,68.0,24.0,39.0,6.0,18.0,"Chakala-Andheri East, Mumbai",31.9,19.5,25.3,64,14.4,8.4,346,1012.5,0.0
2024-01-01,136.0,68.0,23.0,18.0,1.0,13.0,"Chakala-Andheri East, Mumbai",31.6,20.0,25.2,66,15.9,9.0,344,1012.7,0.0
2024-01-02,150.0,63.0,27.0,32.0,5.0,15.0,"Chakala-Andheri East, Mumbai",31.0,19.9,24.7,67,20.0,10.4,340,1012.2,0.0
2024-01-03,135.0,72.0,17.0,18.0,5.0,16.0,"Chakala-Andheri East, Mumbai",30.1,19.4,24.2,65,18.7,10.9,339,1011.6,0.0
2024-01-04,147.0,72.0,29.0,28.0,5.0,14.0,"Chakala-Andheri East, Mumbai",28.9,19.0,23.4,75,18.6,12.3,336,1012.0,0.0
2024-01-05,161.0,80.0,20.0,22.0,4.0,14.0,"Chakala-Andheri East, Mumbai",29.8,18.0,23.1,73,17.6,10.0,343,1012.3,0.0
2024-01-06,144.0,79.0,27.0,33.0,7.0,14.0,"Chakala-Andheri East, Mumbai",31.8,19.4,25.0,61,21.4,12.8,341,1012.0,0.0
2024-01-07,137.0,67.0,22.0,34.0,8.0,9.0,"Chakala-Andheri East, Mumbai",31.7,20.9,25.3,64,17.3,9.8,357,1012.1,0.0
2024-01-08,106.0,81.0,26.0,36.0,16.0,12.0,"Chakala-Andheri East, Mumbai",32.8,21.5,26.6,57,17.6,11.0,9,1012.1,0.0
2024-01-09,96.5,46.0,17.0,13.0,3.0,3.0,"Chakala-Andheri East, Mumbai",30.7,22.8,26.2,70,12.7,7.0,329,1012.8,0.7
2024-01-10,87.0,61.0,26.0,24.0,9.0,2.0,"Chakala-Andheri East, Mumbai",30.5,21.9,25.7,71,11.5,7.8,34,1013.1,0.7
2024-01-11,77.5,70.0,16.0,37.0,8.0,8.0,"Chakala-Andheri East, Mumbai",32.8,22.5,27.0,66,17.6,10.7,355,1013.3,0.8
2024-01-12,160.5,71.0,26.0,46.0,21.0,13.0,"Chakala-Andheri East, Mumbai",34.2,22.8,27.5,61,18.3,10.7,358,1012.6,0.0
2024-01-13,160.5,69.0,13.0,32.0,6.0,13.0,"Chakala-Andheri East, Mumbai",32.9,20.6,26.6,62,18.4,10.5,346,1013.5,0.0
2024-01-14,160.5,40.0,27.0,22.0,2.0,10.0,"Chakala-Andheri East, Mumbai",32.7,21.2,26.3,50,19.7,12.0,347,1014.2,0.0
2024-01-15,160.5,43.0,31.0,16.0,1.0,7.0,"Chakala-Andheri East, Mumbai",30.0,20.0,24.6,42,20.9,12.7,351,1014.1,0.0
2024-01-16,30.0,48.0,28.0,24.0,1.0,7.0,"Chakala-Andheri East, Mumbai",28.4,17.7,22.4,57,17.4,10.2,342,1012.1,0.0
2024-01-17,50.0,49.0,18.0,17.0,1.0,7.0,"Chakala-Andheri East, Mumbai",27.5,16.5,22.0,65,15.5,9.3,338,1011.6,0.0
2024-01-18,52.0,60.0,18.0,18.0,1.0,8.0,"Chakala-Andheri East, Mumbai",27.9,17.0,22.2,66,17.1,9.3,340,1012.9,0.0
2024-01-19,67.0,76.0,18.0,20.0,10.0,10.0,"Chakala-Andheri East, Mumbai",27.7,16.7,22.1,70,13.2,8.2,343,1012.7,0.0
2024-01-20,75.0,58.0,30.0,26.0,5.0,8.0,"Chakala-Andheri East, Mumbai",28.4,18.1,22.8,65,21.9,12.2,343,1013.8,0.0
2024-01-21,59.0,74.0,26.0,39.0,4.0,7.0,"Chakala-Andheri East, Mumbai",30.2,17.5,23.8,52,18.4,10.7,352,1013.4,0.0
2024-01-22,72.0,64.0,19.0,16.0,3.0,4.0,"Chakala-Andheri East, Mumbai",29.8,17.2,23.2,53,18.3,9.8,341,1014.0,0.0
2024-01-23,63.0,57.0,19.0,25.0,7.0,7.0,"Chakala-Andheri East, Mumbai",29.7,19.4,23.7,39,24.9,16.4,350,1014.5,0.0
2024-01-24,51.0,95.0,17.0,20.0,8.0,15.0,"Chakala-Andheri East, Mumbai",30.5,18.5,23.8,39,21.3,14.7,355,1014.0,0.0
2024-01-25,130.0,107.0,30.0,5.0,8.0,22.0,"Chakala-Andheri East, Mumbai",31.1,18.0,23.7,43,15.6,10.1,358,1014.9,0.0
2024-01-26,166.0,101.0,1.0,4.0,19.0,19.0,"Chakala-Andheri East, Mumbai",32.0,17.0,23.8,48,15.7,9.4,353,1015.7,0.0
2024-01-27,162.0,119.0,1.0,9.0,18.0,20.0,"Chakala-Andheri East, Mumbai",32.7,18.3,24.8,47,16.2,10.6,359,1015.9,0.0
2024-01-28,157.0,108.0,19.0,5.0,7.0,23.0,"Chakala-Andheri East, Mumbai",32.7,17.5,24.8,47,18.3,10.9,351,1015.5,0.0
2024-01-29,164.0,105.0,37.0,5.0,16.0,26.0,"Chakala-Andheri East, Mumbai",32.0,19.7,25.2,43,22.4,13.1,342,1015.4,0.0
2024-01-30,170.0,95.0,55.0,9.0,15.0,21.0,"Chakala-Andheri East, Mumbai",31.4,19.5,24.6,49,20.4,12.4,340,1014.5,0.0
2024-01-31,161.0,87.0,4.0,8.0,5.0,18.0,"Chakala-Andheri East, Mumbai",29.5,19.2,23.7,64,19.4,11.7,334,1014.4,0.0
2024-02-01,160.0,61.0,12.0,5.0,9.0,18.0,"Chakala-Andheri East, Mumbai",28.2,18.9,22.9,70,20.4,10.8,331,1015.4,0.0
2024-02-02,115.0,89.0,1.0,6.0,1.0,20.0,"Chakala-Andheri East, Mumbai",30.1,18.9,23.7,68,21.1,12.3,346,1015.4,0.0
2024-02-03,162.0,94.0,46.0,10.0,17.0,25.0,"Chakala-Andheri East, Mumbai",34.2,20.0,26.4,49,22.2,11.7,358,1014.3,0.0
2024-02-04,173.0,69.0,11.0,11.0,31.0,23.0,"Chakala-Andheri East, Mumbai",33.5,20.0,26.2,55,13.1,7.9,340,1015.2,0.0
2024-02-05,169.0,83.0,11.0,10.0,38.0,23.0,"Chakala-Andheri East, Mumbai",32.2,21.7,26.3,54,18.6,12.4,335,1015.7,0.0
2024-02-06,167.0,97.0,43.0,16.0,5.0,13.0,"Chakala-Andheri East, Mumbai",32.0,21.1,25.8,57,19.9,12.9,336,1015.5,0.0
2024-02-07,165.0,71.0,11.0,24.0,3.0,12.0,"Chakala-Andheri East, Mumbai",32.4,21.4,26.1,58,24.0,15.9,340,1016.0,0.0
2024-02-08,160.0,71.0,13.0,50.0,12.0,12.0,"Chakala-Andheri East, Mumbai",32.2,20.9,25.8,53,24.5,14.9,343,1015.1,0.0
2024-02-09,146.0,72.0,29.0,26.0,3.0,16.0,"Chakala-Andheri East, Mumbai",31.0,18.6,24.6,52,23.1,13.6,336,1014.7,0.0
2024-02-10,134.0,81.0,36.0,44.0,13.0,17.0,"Chakala-Andheri East, Mumbai",30.9,20.1,24.7,41,24.4,14.2,339,1015.7,0.0
2024-02-11,138.0,77.0,21.0,26.0,5.0,19.0,"Chakala-Andheri East, Mumbai",31.0,18.2,24.1,45,22.2,13.1,338,1015.9,0.0
2024-02-12,155.0,75.0,14.0,34.0,4.0,18.0,"Chakala-Andheri East, Mumbai",31.5,17.9,24.3,53,15.0,10.2,334,1015.3,0.0
2024-02-13,150.0,79.0,28.0,35.0,6.0,17.0,"Chakala-Andheri East, Mumbai",31.8,19.8,24.9,42,22.3,13.3,340,1015.2,0.0
2024-02-14,151.0,82.0,15.0,34.0,2.0,16.0,"Chakala-Andheri East, Mumbai",33.0,20.5,25.6,39,23.7,15.2,342,1014.6,0.0
2024-02-15,154.0,104.0,16.0,39.0,15.0,20.0,"Chakala-Andheri East, Mumbai",32.7,20.0,25.9,44,20.9,12.9,341,1013.6,0.0
2024-02-16,177.0,104.0,20.0,42.0,6.0,24.0,"Chakala-Andheri East, Mumbai",34.5,19.6,26.2,56,17.2,8.1,317,1013.4,0.0
2024-02-17,168.0,123.0,6.0,27.0,2.0,12.0,"Chakala-Andheri East, Mumbai",33.5,19.6,26.3,58,14.5,8.0,321,1012.4,0.0
2024-02-18,153.0,70.0,8.0,26.0,3.0,13.0,"Chakala-Andheri East, Mumbai",34.8,20.6,26.8,55,21.7,11.4,335,1011.5,0.0
2024-02-19,119.0,64.0,5.0,20.0,2.0,12.0,"Chakala-Andheri East, Mumbai",32.3,19.4,25.8,50,20.6,12.6,334,1012.3,0.0
2024-02-20,72.0,48.0,7.0,33.0,1.0,18.0,"Chakala-Andheri East, Mumbai",31.5,20.3,25.4,62,25.3,13.5,338,1013.2,0.0
2024-02-21,69.0,52.0,7.0,20.0,1.0,18.0,"Chakala-Andheri East, Mumbai",28.8,19.2,24.0,76,19.3,10.0,319,1013.2,0.1
2024-02-22,84.0,54.0,9.0,21.0,4.0,19.0,"Chakala-Andheri East, Mumbai",28.6,20.5,24.2,78,19.6,11.4,325,1013.6,0.2
2024-02-23,95.0,61.0,9.0,47.0,3.0,18.0,"Chakala-Andheri East, Mumbai",30.1,18.6,24.4,63,24.9,13.4,346,1013.3,0.0
2024-02-24,112.0,74.0,15.0,23.0,4.0,21.0,"Chakala-Andheri East, Mumbai",31.8,19.6,24.8,35,27.8,16.2,348,1012.5,0.0
2024-02-25,127.0,77.0,33.0,31.0,6.0,26.0,"Chakala-Andheri East, Mumbai",34.3,18.8,25.6,29,19.0,11.9,352,1010.8,0.0
2024-02-26,154.0,90.0,36.0,70.0,15.0,26.0,"Chakala-Andheri East, Mumbai",34.8,18.5,26.3,47,17.3,9.1,303,1010.2,0.0
2024-02-27,162.0,83.0,18.0,47.0,3.0,4.0,"Chakala-Andheri East, Mumbai",34.0,20.9,27.4,51,21.4,11.0,331,1011.9,0.0
2024-02-28,152.0,87.0,20.0,26.0,10.0,4.0,"Chakala-Andheri East, Mumbai",35.2,22.5,27.9,41,21.9,10.7,334,1011.4,0.0
2024-02-29,152.0,88.0,28.0,59.0,8.0,9.0,"Chakala-Andheri East, Mumbai",34.4,22.5,28.2,53,19.0,10.6,326,1010.9,0.0
2024-03-01,161.0,57.0,14.0,31.0,9.0,4.0,"Chakala-Andheri East, Mumbai",33.8,23.1,27.4,60,19.6,11.6,323,1012.1,0.0
2024-03-02,103.0,57.0,14.0,27.0,1.0,2.0,"Chakala-Andheri East, Mumbai",30.1,22.0,25.9,77,19.4,9.9,301,1012.9,0.0
2024-03-03,68.0,44.0,11.0,19.0,3.0,2.0,"Chakala-Andheri East, Mumbai",28.0,20.5,24.5,73,18.9,14.4,324,1013.5,0.2
2024-03-04,67.0,66.0,36.0,49.0,5.0,9.0,"Chakala-Andheri East, Mumbai",28.4,18.0,22.8,62,21.2,12.8,340,1013.8,0.0
2024-03-05,145.0,68.0,35.0,27.0,9.0,10.0,"Chakala-Andheri East, Mumbai",30.5,17.5,23.8,46,23.0,11.5,337,1012.9,0.0
2024-03-06,148.0,70.0,21.0,28.0,9.0,5.0,"Chakala-Andheri East, Mumbai",31.0,18.3,24.4,35,23.7,12.7,334,1012.8,0.0
2024-03-07,143.0,72.0,13.0,24.0,3.0,7.0,"Chakala-Andheri East, Mumbai",32.7,20.0,26.3,39,24.2,14.1,335,1012.2,0.0
2024-03-08,137.0,69.0,21.0,26.0,2.0,9.0,"Chakala-Andheri East, Mumbai",35.0,21.3,27.8,30,27.9,15.4,343,1012.2,0.0
2024-03-09,124.0,80.0,8.0,27.0,2.0,10.0,"Chakala-Andheri East, Mumbai",35.0,20.6,27.8,31,23.2,13.7,337,1012.1,0.0
2024-03-10,59.0,63.0,5.0,29.0,1.0,11.0,"Chakala-Andheri East, Mumbai",32.8,21.0,26.8,36,21.1,14.7,328,1013.2,0.0
2024-03-11,57.0,67.0,21.0,26.0,2.0,8.0,"Chakala-Andheri East, Mumbai",34.5,20.4,27.4,47,25.5,14.9,334,1014.3,0.0
2024-03-12,143.0,57.0,21.0,45.0,4.0,9.0,"Chakala-Andheri East, Mumbai",34.8,21.9,28.0,45,22.2,13.6,337,1013.5,0.0
2024-03-13,111.0,47.0,9.0,22.0,2.0,10.0,"Chakala-Andheri East, Mumbai",31.5,21.6,26.3,64,24.2,14.7,330,1013.3,0.0
2024-03-14,109.0,81.5,11.0,21.0,2.0,7.0,"Chakala-Andheri East, Mumbai",31.0,20.8,25.5,71,23.9,13.5,332,1013.5,0.0
2024-03-15,113.5,116.0,13.0,20.0,2.0,4.0,"Chakala-Andheri East, Mumbai",30.0,19.8,24.4,74,16.9,10.1,322,1012.6,0.0
2024-03-16,118.0,84.0,16.0,15.0,2.0,4.0,"Chakala-Andheri East, Mumbai",30.4,19.0,24.5,75,20.2,11.0,321,1012.4,0.0
2024-03-17,114.0,71.0,27.0,30.0,3.5,4.0,"Chakala-Andheri East, Mumbai",31.6,20.0,25.2,75,18.8,10.0,319,1012.4,0.0
2024-03-18,102.0,73.0,35.0,41.0,5.0,6.0,"Chakala-Andheri East, Mumbai",31.5,21.9,25.9,79,17.6,9.0,302,1012.2,0.0
2024-03-19,124.0,67.0,19.0,28.0,12.0,8.0,"Chakala-Andheri East, Mumbai",33.0,22.0,26.6,68,21.4,11.0,329,1012.0,0.0
2024-03-20,120.0,75.0,22.0,27.0,4.0,9.0,"Chakala-Andheri East, Mumbai",38.0,21.2,29.0,31,22.4,13.8,345,1010.9,0.0
2024-03-21,129.0,83.0,15.0,28.0,6.0,8.0,"Chakala-Andheri East, Mumbai",37.8,22.3,29.6,27,18.9,10.0,344,1009.4,0.0
2024-03-22,147.0,67.0,47.0,22.0,10.0,9.0,"Chakala-Andheri East, Mumbai",33.8,22.0,27.2,68,18.0,9.6,262,1009.3,0.0
2024-03-23,130.0,61.0,11.0,17.0,3.0,4.0,"Chakala-Andheri East, Mumbai",33.2,20.7,26.8,68,18.7,10.3,319,1009.5,0.0
2024-03-24,89.0,61.0,13.0,18.0,3.0,8.0,"Chakala-Andheri East, Mumbai",31.8,21.3,26.7,75,18.9,11.7,322,1010.9,0.0
2024-03-25,137.0,62.0,23.0,21.0,3.0,5.0,"Chakala-Andheri East, Mumbai",32.5,22.2,27.3,73,20.3,12.8,328,1011.3,0.0
2024-03-26,82.0,71.0,19.0,34.0,11.0,7.0,"Chakala-Andheri East, Mumbai",34.2,21.1,27.5,71,22.2,11.7,324,1011.0,0.0
2024-03-27,93.0,65.0,7.0,37.0,4.0,5.0,"Chakala-Andheri East, Mumbai",33.1,22.1,27.4,79,22.3,10.1,309,1012.5,0.0
2024-03-28,90.0,63.0,5.0,22.0,3.0,6.0,"Chakala-Andheri East, Mumbai",33.0,22.7,27.6,78,18.4,9.6,316,1011.2,0.0
2024-03-29,106.0,93.0,10.0,20.0,16.0,5.0,"Chakala-Andheri East, Mumbai",34.7,23.2,28.5,69,19.9,11.2,320,1010.0,0.0
2024-03-30,107.0,80.0,26.0,19.0,22.0,7.0,"Chakala-Andheri East, Mumbai",34.2,23.5,28.4,66,24.0,14.5,327,1011.5,0.0
2024-03-31,90.0,77.0,26.0,18.0,24.0,9.0,"Chakala-Andheri East, Mumbai",34.0,23.6,28.9,55,24.0,15.2,332,1012.3,0.0
2024-04-01,104.0,77.0,24.0,17.0,28.0,10.5,"Chakala-Andheri East, Mumbai",33.8,24.4,28.3,68,20.0,13.6,325,1009.9,0.0
2024-04-02,101.5,77.0,22.0,16.0,32.0,12.0,"Chakala-Andheri East, Mumbai",33.2,21.3,27.3,72,19.0,10.4,317,1008.7,0.0
2024-04-03,99.0,55.0,7.0,22.0,5.0,14.0,"Chakala-Andheri East, Mumbai",33.4,21.5,27.1,70,20.6,10.5,318,1009.6,0.0
2024-04-04,120.0,90.0,21.0,17.0,51.0,13.666666666666666,"Chakala-Andheri East, Mumbai",32.9,22.1,27.6,71,21.4,13.5,324,1010.1,0.0
2024-04-05,119.0,85.0,16.5,15.5,29.0,13.333333333333334,"Chakala-Andheri East, Mumbai",35.4,23.1,29.2,62,26.7,16.0,330,1009.1,0.0
2024-04-06,118.0,80.0,12.0,14.0,7.0,13.0,"Chakala-Andheri East, Mumbai",36.8,25.8,31.0,44,28.4,18.6,335,1008.0,0.0
2024-04-07,117.0,54.0,16.0,14.0,17.0,9.0,"Chakala-Andheri East, Mumbai",36.5,25.8,30.0,47,26.0,16.4,327,1008.1,0.0
2024-04-08,96.0,77.0,11.0,15.0,7.0,7.0,"Chakala-Andheri East, Mumbai",33.3,21.9,27.7,67,19.8,10.6,316,1008.6,0.0
2024-04-09,132.0,64.0,11.0,15.0,8.0,6.0,"Chakala-Andheri East, Mumbai",34.2,21.7,27.7,74,19.0,10.1,308,1009.0,0.0
2024-04-10,124.0,76.0,13.0,15.0,8.0,6.0,"Chakala-Andheri East, Mumbai",33.3,23.2,27.6,77,20.2,10.8,299,1009.1,0.0
2024-04-11,114.0,70.0,15.5,19.0,13.5,5.0,"Chakala-Andheri East, Mumbai",33.5,22.6,27.8,73,18.8,9.6,308,1009.4,0.0
2024-04-12,105.5,64.0,18.0,23.0,19.0,4.0,"Chakala-Andheri East, Mumbai",33.8,23.1,27.7,67,17.6,10.3,306,1009.4,0.0
2024-04-13,97.0,71.0,8.0,12.0,7.0,4.0,"Chakala-Andheri East, Mumbai",31.5,22.5,26.7,73,17.7,9.5,305,1010.0,0.0
2024-04-14,95.0,62.0,16.0,38.0,23.0,5.0,"Chakala-Andheri East, Mumbai",32.6,21.6,27.3,79,23.8,11.4,320,1010.5,0.0
2024-04-15,133.0,81.0,20.0,26.0,8.0,9.0,"Chakala-Andheri East, Mumbai",36.3,24.4,31.0,65,21.7,12.3,326,1009.7,0.0
2024-04-16,157.0,174.0,14.0,15.0,10.0,10.0,"Chakala-Andheri East, Mumbai",41.3,27.8,34.0,47,21.6,14.0,338,1008.1,0.0
2024-04-17,120.0,157.0,11.0,23.0,3.0,8.0,"Chakala-Andheri East, Mumbai",33.8,27.9,30.8,66,18.2,11.5,223,1008.4,0.0
2024-04-18,143.0,163.0,7.0,37.0,4.0,4.0,"Chakala-Andheri East, Mumbai",34.3,27.0,30.5,73,21.3,11.1,276,1008.1,0.0
2024-04-19,129.0,89.0,8.0,14.0,5.0,10.0,"Chakala-Andheri East, Mumbai",35.7,26.5,30.9,64,26.7,12.4,307,1006.6,0.0
2024-04-20,162.0,77.0,9.0,14.0,6.0,13.0,"Chakala-Andheri East, Mumbai",35.7,26.1,30.5,59,27.0,14.0,326,1007.1,0.0
2024-04-21,128.0,81.0,10.0,14.0,7.0,8.0,"Chakala-Andheri East, Mumbai",34.0,24.3,29.6,61,26.0,14.9,327,1007.8,0.0
2024-04-22,117.0,79.0,9.0,28.0,4.0,4.0,"Chakala-Andheri East, Mumbai",34.2,25.8,29.7,66,24.4,14.6,325,1008.5,0.0
2024-04-23,126.0,88.0,8.0,14.0,3.0,4.0,"Chakala-Andheri East, Mumbai",34.3,24.2,29.2,68,23.5,13.6,322,1007.4,0.0
2024-04-24,147.0,137.0,7.0,13.0,13.0,2.0,"Chakala-Andheri East, Mumbai",33.8,23.8,29.0,72,22.3,13.2,319,1006.6,0.0
2024-04-25,136.0,153.5,9.5,14.5,8.5,2.5,"Chakala-Andheri East, Mumbai",34.3,24.6,29.4,68,25.5,14.4,319,1007.0,0.0
2024-04-26,138.5,170.0,12.0,16.0,4.0,3.0,"Chakala-Andheri East, Mumbai",35.2,25.7,30.1,65,22.1,13.9,322,1006.9,0.0
2024-04-27,141.0,111.0,36.0,15.0,4.0,3.0,"Chakala-Andheri East, Mumbai",36.1,26.0,31.0,60,23.4,15.7,329,1006.7,0.0
2024-04-28,167.0,98.0,10.0,16.0,3.0,6.0,"Chakala-Andheri East, Mumbai",39.3,27.0,33.0,47,27.2,17.7,334,1006.5,0.0
2024-04-29,157.0,95.0,12.0,16.0,2.0,7.0,"Chakala-Andheri East, Mumbai",38.2,26.8,32.6,44,26.6,16.8,331,1007.8,0.0
2024-04-30,154.0,103.0,11.0,11.0,1.0,5.0,"Chakala-Andheri East, Mumbai",37.6,25.8,31.8,53,27.0,15.0,325,1006.8,0.0
2024-05-01,129.0,58.0,31.0,8.0,1.0,8.0,"Chakala-Andheri East, Mumbai",34.5,25.0,29.5,64,20.0,11.4,302,1006.0,0.0
2024-05-02,140.0,60.0,10.0,21.0,4.0,11.0,"Chakala-Andheri East, Mumbai",33.4,24.2,28.7,69,20.5,9.3,280,1006.3,0.0
2024-05-03,98.0,168.0,6.0,10.0,1.0,9.0,"Chakala-Andheri East, Mumbai",33.2,23.2,28.0,77,20.2,9.9,303,1007.6,0.0
2024-05-04,116.0,131.33333333333331,6.333333333333333,12.0,1.4166666666666667,11.333333333333334,"Chakala-Andheri East, Mumbai",33.2,24.0,28.8,80,21.9,11.2,303,1008.3,0.0
2024-05-06,110.0,58.0,7.0,16.0,2.25,16.0,"Chakala-Andheri East, Mumbai",33.2,25.5,29.2,78,20.7,11.1,305,1007.6,0.0
2024-05-07,107.0,93.0,11.0,13.0,2.666666666666667,9.0,"Chakala-Andheri East, Mumbai",33.3,25.5,29.3,77,20.4,11.5,276,1008.5,0.0
2024-05-08,76.0,59.0,10.0,9.0,3.0,2.0,"Chakala-Andheri East, Mumbai",33.0,26.5,29.6,74,24.4,11.4,284,1008.0,0.0
2024-05-09,64.0,82.0,12.0,18.0,3.0,2.0,"Chakala-Andheri East, Mumbai",32.8,26.2,29.6,77,20.3,10.2,294,1007.2,0.0
2024-05-10,67.0,118.0,6.0,10.0,3.0,12.0,"Chakala-Andheri East, Mumbai",33.2,26.1,29.5,76,19.9,11.5,296,1008.3,0.0
2024-05-11,34.0,88.0,8.6,11.5,3.0,10.0,"Chakala-Andheri East, Mumbai",33.5,26.3,29.7,78,23.9,13.2,316,1008.9,0.0
2024-05-12,72.5,58.0,11.2,13.0,3.0,8.0,"Chakala-Andheri East, Mumbai",33.8,27.1,30.3,75,22.4,13.3,319,1008.9,0.0
2024-05-13,111.0,91.0,13.8,22.0,3.0,7.0,"Chakala-Andheri East, Mumbai",34.8,27.5,30.4,73,22.5,10.9,331,1008.4,1.8
2024-05-14,171.0,90.0,12.0,28.0,3.0,13.0,"Chakala-Andheri East, Mumbai",37.5,27.5,31.3,64,23.7,12.9,319,1007.7,0.0
2024-05-15,176.0,78.33333333333333,19.0,21.0,6.0,2.0,"Chakala-Andheri East, Mumbai",36.0,26.7,31.3,69,21.1,11.4,306,1008.0,0.0
2024-05-16,72.0,66.66666666666666,34.0,20.0,4.0,2.0,"Chakala-Andheri East, Mumbai",38.9,27.1,32.3,66,18.1,7.1,267,1008.0,0.1
2024-05-17,79.0,55.0,15.0,15.0,4.0,2.0559006211180124,"Chakala-Andheri East, Mumbai",36.2,28.3,31.5,67,17.3,9.4,254,1007.2,0.0
2024-05-18,67.0,58.0,16.0,15.0,4.0,2.111801242236025,"Chakala-Andheri East, Mumbai",34.7,27.6,31.1,79,17.3,8.5,265,1005.1,0.0
2024-05-19,77.0,39.0,13.0,14.0,4.0,2.1677018633540373,"Chakala-Andheri East, Mumbai",34.1,26.5,30.8,77,19.3,9.6,261,1003.3,5.6
2024-05-20,49.0,35.0,13.0,15.0,6.0,2.7142857142857144,"Chakala-Andheri East, Mumbai",35.1,29.1,31.5,74,21.2,12.4,251,1003.7,0.0
2024-05-21,59.0,16.0,12.0,15.0,1.0,2.7142857142857144,"Chakala-Andheri East, Mumbai",35.3,28.5,31.7,75,21.9,11.4,272,1003.4,0.1
2024-05-22,57.0,24.5,13.5,14.5,2.5,2.7142857142857144,"Chakala-Andheri East, Mumbai",34.5,28.9,31.4,77,18.7,12.8,274,1003.0,0.3
2024-05-23,60.0,33.0,15.0,14.0,4.0,2.7142857142857144,"Chakala-Andheri East, Mumbai",34.2,28.0,31.0,78,24.2,11.9,268,1002.2,0.0
2024-05-24,63.0,26.0,11.0,13.0,5.0,2.7142857142857144,"Chakala-Andheri East, Mumbai",34.7,28.1,30.9,76,18.4,11.9,266,1002.3,0.2
2024-05-25,60.0,26.0,11.0,12.0,5.0,2.7142857142857144,"Chakala-Andheri East, Mumbai",33.7,28.5,30.8,73,19.4,14.1,272,1003.6,0.7
2024-05-26,68.0,36.0,10.0,12.0,5.0,2.7142857142857144,"Chakala-Andheri East, Mumbai",33.4,29.0,31.1,69,21.3,16.5,274,1004.5,0.5
2024-05-27,69.0,23.0,10.0,10.0,4.0,2.7142857142857144,"Chakala-Andheri East, Mumbai",33.5,29.2,30.8,72,21.3,16.4,268,1004.2,0.5
2024-05-28,54.0,33.0,12.0,10.0,4.0,2.7142857142857144,"Chakala-Andheri East, Mumbai",33.7,28.9,31.1,70,21.3,17.1,258,1004.5,0.6
2024-05-29,67.0,46.0,12.0,10.0,5.0,2.7142857142857144,"Chakala-Andheri East, Mumbai",34.0,29.1,31.4,64,23.4,18.4,245,1004.6,0.4
2024-05-30,71.0,54.0,12.0,10.0,6.0,2.7142857142857144,"Chakala-Andheri East, Mumbai",34.5,29.0,31.6,65,19.2,14.4,259,1005.5,0.2
2024-05-31,61.0,47.0,13.0,10.0,5.0,2.7142857142857144,"Chakala-Andheri East, Mumbai",34.3,28.0,30.7,79,19.5,11.2,269,1006.3,0.6
2024-06-01,18.0,37.0,14.0,9.0,5.0,7.0,"Chakala-Andheri East, Mumbai",34.0,27.5,30.9,74,18.7,12.0,266,1006.1,0.8
2024-06-02,59.0,66.0,11.0,11.0,4.0,7.0,"Chakala-Andheri East, Mumbai",34.5,28.0,31.2,69,17.9,11.3,271,1006.3,0.3
2024-06-03,72.0,71.0,12.0,11.0,5.0,7.0,"Chakala-Andheri East, Mumbai",34.2,28.6,31.5,70,15.5,9.3,273,1006.5,0.7
2024-06-04,73.0,52.0,10.0,11.0,4.0,7.0,"Chakala-Andheri East, Mumbai",33.5,27.8,30.0,77,15.9,9.1,211,1007.1,4.8
2024-06-05,95.0,53.0,7.0,11.0,3.0,7.0,"Chakala-Andheri East, Mumbai",33.8,26.5,29.5,78,16.5,9.5,213,1007.4,6.7
2024-06-06,56.0,60.0,10.0,10.0,5.0,7.0,"Chakala-Andheri East, Mumbai",34.1,26.5,29.8,78,17.3,7.9,264,1008.0,1.2
2024-06-07,67.0,65.0,14.0,12.0,5.0,7.0,"Chakala-Andheri East, Mumbai",33.5,28.0,30.4,74,18.0,11.6,302,1006.2,1.1
2024-06-08,67.0,47.0,5.0,11.0,7.0,7.0,"Chakala-Andheri East, Mumbai",34.3,26.5,29.9,74,20.0,12.1,305,1005.0,6.3
2024-06-09,69.0,24.0,20.0,14.0,4.0,7.0,"Chakala-Andheri East, Mumbai",31.6,26.0,28.7,81,13.6,8.4,290,1004.9,23.0
2024-06-10,80.0,32.0,13.0,14.0,6.0,7.0,"Chakala-Andheri East, Mumbai",29.8,25.7,27.1,87,14.7,7.5,246,1006.3,33.2
2024-06-11,79.0,36.0,12.0,11.0,3.0,7.0,"Chakala-Andheri East, Mumbai",30.2,25.6,27.7,87,13.5,7.6,246,1006.8,10.8
2024-06-12,53.0,27.0,11.0,11.0,5.0,7.0,"Chakala-Andheri East, Mumbai",30.0,25.6,27.7,86,16.1,10.2,219,1007.6,14.3
2024-06-13,46.0,34.0,12.0,13.0,6.0,7.0,"Chakala-Andheri East, Mumbai",30.0,26.2,27.5,86,17.7,10.5,216,1007.2,13.6
2024-06-14,52.0,42.0,16.0,13.0,6.0,7.0,"Chakala-Andheri East, Mumbai",29.2,25.8,27.0,86,18.3,11.3,200,1006.4,8.6
2024-06-15,61.0,46.0,15.0,12.0,6.0,7.0,"Chakala-Andheri East, Mumbai",29.8,25.8,27.7,83,18.9,14.8,188,1005.6,2.2
2024-06-16,64.0,40.0,9.0,15.0,4.0,7.0,"Chakala-Andheri East, Mumbai",31.0,26.1,28.5,81,15.0,9.8,210,1005.8,1.4
2024-06-17,55.0,37.0,9.0,12.0,4.0,7.0,"Chakala-Andheri East, Mumbai",31.5,26.5,28.3,83,18.6,11.7,202,1006.1,7.4
2024-06-18,85.0,38.0,10.0,10.0,4.0,7.0,"Chakala-Andheri East, Mumbai",29.8,26.1,27.3,87,20.8,14.6,212,1005.9,30.3
2024-06-19,88.0,47.0,7.0,10.0,2.0,7.0,"Chakala-Andheri East, Mumbai",29.2,26.0,27.4,85,18.9,14.6,218,1004.0,23.3
2024-06-20,85.0,38.0,9.0,13.0,4.0,7.0,"Chakala-Andheri East, Mumbai",28.5,26.1,27.2,88,20.7,15.3,213,1003.1,48.6
2024-06-21,74.0,51.0,4.0,14.0,3.0,7.0,"Chakala-Andheri East, Mumbai",31.1,24.9,27.7,86,20.9,15.0,220,1003.6,22.9
2024-06-22,77.0,55.0,17.0,14.0,3.0,7.0,"Chakala-Andheri East, Mumbai",30.2,25.3,27.5,85,16.8,12.1,209,1002.5,5.3
2024-06-23,90.0,37.0,18.0,12.0,6.0,7.0,"Chakala-Andheri East, Mumbai",29.8,25.8,27.8,86,16.6,11.2,208,1001.5,4.2
2024-06-24,61.0,42.0,16.0,13.0,6.0,7.0,"Chakala-Andheri East, Mumbai",29.6,26.0,27.7,86,18.0,9.4,199,999.7,11.3
2024-06-25,65.0,32.0,16.0,12.0,7.0,7.0,"Chakala-Andheri East, Mumbai",30.6,26.1,28.1,85,31.7,19.1,174,998.0,6.8
2024-06-26,60.0,24.0,11.0,10.0,2.0,7.0,"Chakala-Andheri East, Mumbai",30.5,26.9,27.9,87,29.9,22.9,204,998.0,23.0
2024-06-27,53.0,38.0,11.0,10.0,3.0,7.0,"Chakala-Andheri East, Mumbai",28.8,26.5,27.1,90,27.5,22.4,211,1000.6,98.7
2024-06-28,62.0,53.0,8.0,9.0,3.0,7.0,"Chakala-Andheri East, Mumbai",28.2,26.0,27.1,89,27.8,23.6,206,1001.9,45.3
2024-06-29,72.0,57.0,8.0,10.0,1.0,7.0,"Chakala-Andheri East, Mumbai",30.0,25.9,27.5,87,26.2,20.4,198,1003.0,21.3
2024-06-30,81.0,58.0,9.0,10.0,3.0,7.0,"Chakala-Andheri East, Mumbai",29.4,26.2,27.7,87,30.6,20.8,212,1003.4,21.3
2024-07-01,85.0,59.0,9.0,11.0,3.0,7.0,"Chakala-Andheri East, Mumbai",30.6,26.8,28.2,82,36.4,30.7,223,1002.3,16.3
2024-07-02,77.0,51.0,74.0,11.0,5.0,7.0,"Chakala-Andheri East, Mumbai",30.4,26.1,28.6,82,32.0,26.8,233,1001.7,8.1
2024-07-03,79.0,43.0,6.0,9.0,5.0,7.0,"Chakala-Andheri East, Mumbai",30.0,26.3,28.6,84,28.6,24.0,228,1002.7,8.9
2024-07-04,86.0,38.0,5.0,7.0,3.0,7.0,"Chakala-Andheri East, Mumbai",29.0,26.5,27.8,85,24.3,19.6,227,1004.0,8.7
2024-07-05,82.0,54.0,6.0,9.0,3.0,7.0,"Chakala-Andheri East, Mumbai",29.1,25.9,27.4,87,23.0,19.6,225,1002.2,12.2
2024-07-06,88.0,51.0,6.0,7.0,3.0,7.0,"Chakala-Andheri East, Mumbai",29.5,25.8,27.6,85,26.7,21.6,234,1001.3,17.6
2024-07-07,98.0,75.0,4.0,10.0,1.0,7.0,"Chakala-Andheri East, Mumbai",29.2,25.6,27.3,88,20.9,15.7,229,1002.4,11.8
2024-07-08,112.0,75.10931174089069,4.0,15.0,6.0,7.0,"Chakala-Andheri East, Mumbai",28.5,25.7,26.8,89,17.2,10.1,218,1002.5,20.7
2024-07-10,112.41295546558705,75.32793522267207,3.0,23.0,4.0,7.0,"Chakala-Andheri East, Mumbai",28.8,25.2,26.6,88,21.3,15.3,208,1006.1,36.0
2024-07-11,112.61943319838056,75.43724696356276,4.0,18.0,3.0,7.0,"Chakala-Andheri East, Mumbai",28.8,24.6,26.4,90,21.6,15.5,231,1005.8,39.1
2024-07-12,112.82591093117408,38.0,4.0,16.0,1.0,7.0,"Chakala-Andheri East, Mumbai",26.9,25.2,26.0,92,21.0,15.8,247,1003.9,83.3
2024-07-13,57.5,38.0,4.0,13.0,4.0,7.0,"Chakala-Andheri East, Mumbai",26.5,25.2,25.9,92,27.6,19.7,244,1003.4,76.7
2024-07-14,57.5,38.0,3.0,11.0,3.0,7.0,"Chakala-Andheri East, Mumbai",26.5,24.5,25.6,93,24.5,12.9,255,1001.8,50.5
2024-07-15,57.5,38.0,3.0,15.0,3.0,7.0,"Chakala-Andheri East, Mumbai",28.0,24.9,26.4,89,14.8,9.5,239,1001.1,10.2
2024-07-16,57.5,38.0,5.0,16.0,1.0,7.0,"Chakala-Andheri East, Mumbai",29.0,25.2,26.6,90,20.0,14.7,214,1000.4,17.6
2024-07-17,57.5,38.0,4.0,14.0,2.5,7.0,"Chakala-Andheri East, Mumbai",27.6,25.8,26.5,90,23.9,17.8,228,1002.0,45.3
2024-07-18,57.5,38.0,5.0,12.0,4.0,7.0,"Chakala-Andheri East, Mumbai",28.1,25.7,26.4,91,26.4,20.0,236,1002.6,57.6
2024-07-19,57.5,38.0,5.0,12.0,3.0,7.0,"Chakala-Andheri East, Mumbai",27.3,25.6,26.2,91,26.9,22.0,234,1000.8,48.3
2024-07-20,57.5,38.0,4.0,11.0,3.0,7.0,"Chakala-Andheri East, Mumbai",27.7,25.9,26.3,90,27.5,22.7,232,1001.4,87.0
2024-07-21,57.5,38.0,5.0,10.0,2.0,7.0,"Chakala-Andheri East, Mumbai",27.1,25.9,26.4,90,27.2,22.7,238,1001.8,48.9
2024-07-22,57.5,38.0,5.0,11.0,2.5,7.0,"Chakala-Andheri East, Mumbai",26.9,25.7,26.3,90,28.1,23.9,237,1003.7,54.7
2024-07-23,57.5,38.0,4.0,10.0,3.0,7.0,"Chakala-Andheri East, Mumbai",26.5,25.5,26.2,90,29.0,25.3,242,1004.6,42.1
2024-07-24,57.5,38.0,5.0,9.0,2.0,7.0,"Chakala-Andheri East, Mumbai",27.0,25.5,26.2,90,32.4,27.7,248,1002.2,54.4
2024-07-25,57.5,38.0,2.0,9.0,3.0,7.0,"Chakala-Andheri East, Mumbai",27.4,25.1,26.2,89,33.6,26.9,261,1001.2,74.2
2024-07-26,57.5,38.0,3.0,9.0,1.0,7.0,"Chakala-Andheri East, Mumbai",28.5,25.3,26.7,87,27.7,22.8,255,1002.5,22.9
2024-07-27,57.5,38.0,3.0,8.0,2.0,7.0,"Chakala-Andheri East, Mumbai",28.8,25.8,27.2,83,29.3,25.1,258,1003.3,8.2
2024-07-28,57.5,38.0,3.0,8.0,2.0,7.0,"Chakala-Andheri East, Mumbai",29.2,26.0,27.0,87,27.1,22.0,260,1001.0,19.0
2024-07-29,57.5,38.0,3.0,8.0,2.0,7.0,"Chakala-Andheri East, Mumbai",27.7,25.6,26.4,89,25.4,20.1,247,999.8,34.2
2024-07-30,57.5,38.0,3.0,9.0,3.0,7.0,"Chakala-Andheri East, Mumbai",28.1,25.2,26.6,89,23.2,17.3,241,1003.0,17.4
2024-07-31,57.5,38.0,4.0,10.0,4.0,7.0,"Chakala-Andheri East, Mumbai",28.6,24.9,26.8,88,20.8,16.0,248,1005.4,22.1
2024-08-01,51.5,27.0,3.0,9.0,3.0,9.0,"Chakala-Andheri East, Mumbai",29.4,25.1,26.9,86,26.3,20.1,245,1005.1,15.8
2024-08-02,51.5,27.0,4.0,8.0,2.0,9.0,"Chakala-Andheri East, Mumbai",28.3,25.3,26.4,86,29.2,23.9,241,1004.8,28.2
2024-08-03,51.5,27.0,3.0,8.0,1.0,9.0,"Chakala-Andheri East, Mumbai",27.5,25.6,26.3,87,30.2,25.9,244,1005.0,24.5
2024-08-04,51.5,27.0,3.0,8.0,2.0,9.0,"Chakala-Andheri East, Mumbai",27.0,25.5,26.2,88,27.8,23.5,245,1005.5,39.4
2024-08-05,51.5,27.0,3.0,8.0,6.0,9.0,"Chakala-Andheri East, Mumbai",28.9,25.6,27.1,84,24.0,20.8,231,1006.4,5.8
2024-08-06,51.5,27.0,3.0,9.0,3.0,9.0,"Chakala-Andheri East, Mumbai",28.6,25.5,27.0,84,20.0,17.2,237,1006.5,5.2
2024-08-07,51.5,27.0,3.0,8.0,5.0,9.0,"Chakala-Andheri East, Mumbai",28.8,25.3,26.9,85,19.2,15.5,253,1006.6,5.6
2024-08-08,51.5,27.0,19.0,8.0,1.0,9.0,"Chakala-Andheri East, Mumbai",28.6,25.5,26.8,83,18.8,14.3,248,1007.5,4.2
2024-08-09,51.5,27.0,3.0,9.0,1.1538461538461535,9.0,"Chakala-Andheri East, Mumbai",27.8,25.1,26.1,88,16.0,12.6,252,1008.5,15.5
2024-08-10,51.5,27.0,3.0,9.0,1.3076923076923077,9.0,"Chakala-Andheri East, Mumbai",28.1,25.0,26.7,85,18.7,11.7,259,1008.3,4.7
2024-08-11,51.5,27.0,3.0,9.0,1.4615384615384617,9.0,"Chakala-Andheri East, Mumbai",29.2,25.9,27.2,82,20.4,15.8,255,1006.7,2.4
2024-08-12,51.5,27.0,3.0,9.0,4.0,9.0,"Chakala-Andheri East, Mumbai",28.9,25.7,27.1,84,21.5,13.1,248,1006.5,2.9
2024-08-13,51.5,27.0,3.0,10.0,4.0,9.0,"Chakala-Andheri East, Mumbai",28.8,25.4,27.0,85,16.9,9.5,254,1007.0,3.6
2024-08-14,51.5,27.0,3.0,9.0,4.0,9.0,"Chakala-Andheri East, Mumbai",29.1,25.5,27.1,85,16.1,7.2,286,1007.0,1.9
2024-08-15,51.5,27.0,4.0,8.0,4.0,9.0,"Chakala-Andheri East, Mumbai",29.4,25.4,27.3,84,18.1,7.3,288,1006.0,1.2
2024-08-16,51.5,27.0,4.0,9.0,4.0,9.0,"Chakala-Andheri East, Mumbai",29.5,25.8,27.5,84,16.6,8.2,266,1004.9,0.9
2024-08-17,51.5,27.0,4.0,10.0,4.0,9.0,"Chakala-Andheri East, Mumbai",29.6,25.6,27.5,85,13.1,6.6,281,1006.0,0.5
2024-08-18,51.5,27.0,3.0,11.0,4.0,9.0,"Chakala-Andheri East, Mumbai",29.9,25.5,27.6,86,13.7,7.6,324,1006.6,2.9
2024-08-19,51.5,27.0,4.0,12.0,4.0,9.0,"Chakala-Andheri East, Mumbai",29.0,25.5,27.1,89,15.9,7.9,345,1005.9,16.7
2024-08-20,51.5,27.0,37.0,12.0,4.0,9.0,"Chakala-Andheri East, Mumbai",28.6,25.0,26.3,91,13.1,6.1,350,1005.6,28.8
2024-08-21,51.5,27.0,8.0,11.0,3.0,9.0,"Chakala-Andheri East, Mumbai",30.3,25.3,27.6,87,17.3,8.4,337,1005.5,0.2
2024-08-22,51.5,27.0,3.0,10.0,2.931034482758621,9.0,"Chakala-Andheri East, Mumbai",30.0,25.9,27.9,86,15.8,9.6,206,1005.0,4.7
2024-08-23,51.5,27.0,3.0,8.0,2.862068965517241,9.0,"Chakala-Andheri East, Mumbai",28.5,25.9,26.9,90,18.1,11.6,174,1005.5,16.0
2024-08-24,51.5,27.0,3.0,6.0,2.793103448275862,9.0,"Chakala-Andheri East, Mumbai",26.5,25.2,25.8,92,20.9,13.8,274,1006.5,61.7
2024-08-25,51.5,27.0,4.0,7.0,4.0,9.0,"Chakala-Andheri East, Mumbai",27.6,24.7,26.1,88,26.0,21.4,259,1005.5,28.0
2024-08-26,51.5,27.0,4.0,6.0,4.0,9.0,"Chakala-Andheri East, Mumbai",27.0,24.4,26.1,87,28.1,25.2,252,1003.9,22.6
2024-08-27,51.5,27.0,3.0,7.0,4.0,9.0,"Chakala-Andheri East, Mumbai",27.5,24.8,26.0,87,31.1,25.1,222,1004.7,17.9
2024-08-28,51.5,27.0,3.0,7.0,4.0,9.0,"Chakala-Andheri East, Mumbai",28.9,25.0,26.8,85,32.1,25.2,225,1005.5,14.4
2024-08-29,51.5,27.0,16.0,7.0,4.0,9.0,"Chakala-Andheri East, Mumbai",29.0,26.1,27.3,84,25.3,21.3,225,1004.8,5.1
2024-08-30,51.5,27.0,4.0,4.0,4.0,9.0,"Chakala-Andheri East, Mumbai",29.0,25.1,26.9,85,19.8,15.2,216,1006.0,6.5
2024-08-31,51.5,27.0,3.0,4.0,4.0,9.0,"Chakala-Andheri East, Mumbai",28.9,25.2,27.0,85,12.9,8.8,246,1007.2,2.1
2024-09-01,67.0,47.0,2.0,3.0,3.0,8.0,"Chakala-Andheri East, Mumbai",27.8,25.3,26.7,85,13.2,8.9,292,1006.9,2.3
2024-09-02,67.0,47.0,4.0,4.0,3.0,8.0,"Chakala-Andheri East, Mumbai",27.2,24.9,26.1,90,19.5,13.5,298,1005.7,29.6
2024-09-03,67.0,47.0,4.0,3.0,3.0,8.0,"Chakala-Andheri East, Mumbai",27.2,24.8,26.0,89,16.0,11.1,268,1006.5,13.0
2024-09-04,67.0,47.0,2.0,4.0,3.0,8.0,"Chakala-Andheri East, Mumbai",28.3,25.1,26.3,88,19.4,13.6,258,1007.4,17.1
2024-09-05,67.0,47.0,3.0,4.0,3.0,8.0,"Chakala-Andheri East, Mumbai",28.2,25.2,26.3,88,23.4,16.9,264,1006.0,27.9
2024-09-06,67.0,47.0,4.0,4.0,3.0,8.0,"Chakala-Andheri East, Mumbai",28.4,25.0,26.5,86,21.3,13.6,261,1006.9,14.7
2024-09-07,67.0,47.0,4.0,3.0,3.0,8.0,"Chakala-Andheri East, Mumbai",28.3,25.1,26.4,87,17.2,10.8,254,1007.6,10.0
2024-09-08,67.0,47.0,3.0,4.0,3.0,8.0,"Chakala-Andheri East, Mumbai",28.7,24.9,26.5,86,14.9,9.4,237,1007.6,4.2
2024-09-09,67.0,47.0,4.0,3.0,3.0,8.0,"Chakala-Andheri East, Mumbai",28.8,25.0,26.7,85,16.4,8.8,250,1005.3,2.0
2024-09-11,67.0,47.0,3.0,5.0,3.0,8.0,"Chakala-Andheri East, Mumbai",28.1,24.9,26.3,86,18.5,12.1,224,1005.6,4.6
2024-09-15,67.0,47.0,5.0,8.333333333333334,3.0,8.0,"Chakala-Andheri East, Mumbai",27.4,23.5,25.3,87,13.4,7.9,229,1008.3,3.9
2024-09-16,67.0,47.0,4.0,9.166666666666668,3.0,8.0,"Chakala-Andheri East, Mumbai",28.7,23.8,26.1,87,14.6,8.4,226,1008.8,2.4
2024-09-17,67.0,47.0,7.0,10.0,3.0,8.0,"Chakala-Andheri East, Mumbai",28.9,23.1,26.0,84,15.6,7.4,318,1009.0,0.2
2024-09-18,67.0,47.0,6.0,9.0,3.0,8.0,"Chakala-Andheri East, Mumbai",29.2,23.4,26.2,83,13.0,7.1,248,1007.0,0.8
2024-09-19,67.0,47.0,3.0,9.0,1.0,8.0,"Chakala-Andheri East, Mumbai",29.5,24.5,27.1,81,12.8,6.4,257,1007.4,1.0
2024-09-20,67.0,47.0,2.0,8.0,1.2142857142857142,8.0,"Chakala-Andheri East, Mumbai",28.4,23.3,26.3,87,15.9,6.8,217,1007.8,5.2
2024-09-21,67.0,47.0,1.0,7.0,1.4285714285714286,8.0,"Chakala-Andheri East, Mumbai",29.7,23.9,27.0,83,15.8,6.9,317,1008.5,1.9
2024-09-22,67.0,47.0,1.0,7.0,1.6428571428571428,8.0,"Chakala-Andheri East, Mumbai",29.6,25.0,27.3,83,18.5,9.7,331,1007.7,2.2
2024-09-23,67.0,47.0,1.0,8.0,3.0,8.0,"Chakala-Andheri East, Mumbai",28.9,26.0,27.3,87,17.6,10.0,334,1006.6,5.7
2024-09-24,67.0,47.0,1.0,8.0,3.0,8.0,"Chakala-Andheri East, Mumbai",29.0,24.7,26.4,91,22.7,10.3,343,1004.9,23.1
2024-09-25,67.0,47.0,2.0,9.0,3.0,8.0,"Chakala-Andheri East, Mumbai",28.0,24.3,25.9,92,20.6,10.1,328,1004.2,36.4
2024-09-26,67.0,47.0,1.0,6.0,3.0,8.0,"Chakala-Andheri East, Mumbai",26.5,24.5,25.6,94,18.7,8.7,233,1003.2,48.0
2024-09-27,67.0,47.0,1.0,5.0,3.0,8.0,"Chakala-Andheri East, Mumbai",26.8,25.5,26.0,90,28.1,23.6,250,1004.8,61.7
2024-09-28,67.0,47.0,2.0,6.0,3.0,8.0,"Chakala-Andheri East, Mumbai",28.0,24.9,26.6,86,17.9,13.0,239,1008.0,5.8
2024-09-29,67.0,47.0,23.0,8.0,3.0,8.0,"Chakala-Andheri East, Mumbai",28.6,25.0,26.6,88,14.8,8.8,246,1010.1,4.6
2024-09-30,67.0,47.0,9.0,10.0,3.0,8.0,"Chakala-Andheri East, Mumbai",29.7,24.7,27.1,88,15.2,7.3,322,1010.1,1.6
2024-10-01,122.0,61.0,11.0,9.0,5.0,9.0,"Chakala-Andheri East, Mumbai",31.5,25.0,27.9,89,15.7,8.3,340,1008.1,0.6
2024-10-02,122.0,61.0,30.0,7.0,5.0,9.0,"Chakala-Andheri East, Mumbai",30.7,26.0,27.9,91,15.0,6.3,277,1008.8,1.3
2024-10-03,122.0,61.0,17.0,6.0,4.0,9.0,"Chakala-Andheri East, Mumbai",30.0,25.4,27.5,87,15.7,7.2,266,1009.3,1.4
2024-10-04,122.0,61.0,17.0,7.0,6.222222222222221,9.0,"Chakala-Andheri East, Mumbai",29.5,25.2,27.2,86,14.4,6.7,285,1009.2,1.4
2024-10-05,122.0,61.0,1.0,9.0,8.444444444444443,9.0,"Chakala-Andheri East, Mumbai",29.5,24.3,26.6,86,14.7,6.6,321,1009.7,1.1
2024-10-06,122.0,61.0,35.0,13.0,10.666666666666666,9.0,"Chakala-Andheri East, Mumbai",31.2,24.3,26.9,86,17.9,8.2,3,1009.7,21.4
2024-10-07,122.0,61.0,57.0,11.0,5.0,9.0,"Chakala-Andheri East, Mumbai",31.6,24.8,28.1,84,13.7,7.9,353,1009.8,0.6
2024-10-08,122.0,61.0,46.0,9.0,5.0,9.0,"Chakala-Andheri East, Mumbai",32.2,25.2,28.4,85,14.1,7.4,234,1010.0,0.0
2024-10-09,122.0,61.0,19.0,7.0,5.0,9.0,"Chakala-Andheri East, Mumbai",29.1,25.0,26.8,88,18.9,6.3,88,1008.7,6.4
2024-10-10,122.0,61.0,27.0,7.0,5.0,9.0,"Chakala-Andheri East, Mumbai",29.6,24.4,26.7,86,15.9,7.5,62,1006.9,6.4
2024-10-11,122.0,61.0,46.0,71.0,5.0,9.0,"Chakala-Andheri East, Mumbai",31.5,25.0,27.4,83,15.7,7.8,111,1006.4,22.0
2024-10-12,122.0,61.0,71.0,38.5,5.0,9.0,"Chakala-Andheri East, Mumbai",31.4,24.2,27.5,86,11.5,6.1,98,1007.6,0.7
2024-10-13,122.0,61.0,63.5,6.0,5.0,9.0,"Chakala-Andheri East, Mumbai",30.6,24.8,27.4,86,10.9,6.9,148,1008.7,2.0
2024-10-14,122.0,61.0,56.0,4.0,5.0,9.0,"Chakala-Andheri East, Mumbai",31.5,24.1,26.8,87,16.0,7.2,40,1009.2,5.2
2024-10-15,122.0,61.0,56.0,7.0,5.0,9.0,"Chakala-Andheri East, Mumbai",29.6,24.4,26.7,87,11.9,6.4,153,1009.4,0.0
2024-10-16,122.0,61.0,45.0,26.0,5.0,9.0,"Chakala-Andheri East, Mumbai",30.7,24.6,27.2,88,12.5,6.4,80,1008.6,8.6
2024-10-17,122.0,61.0,28.0,20.0,5.0,9.0,"Chakala-Andheri East, Mumbai",29.0,25.2,27.1,91,12.3,7.0,314,1007.9,2.9
2024-10-18,122.0,61.0,34.0,16.0,5.0,9.0,"Chakala-Andheri East, Mumbai",31.9,24.7,27.7,85,13.4,7.9,159,1007.7,12.4
2024-10-19,122.0,61.0,14.0,18.0,5.0,9.0,"Chakala-Andheri East, Mumbai",30.0,24.0,26.3,88,12.1,6.3,113,1010.2,7.9
2024-10-20,122.0,61.0,63.0,14.0,5.0,9.0,"Chakala-Andheri East, Mumbai",29.8,24.0,26.4,87,8.2,5.6,107,1011.0,6.8
2024-10-21,122.0,61.0,41.0,10.0,44.0,9.0,"Chakala-Andheri East, Mumbai",30.4,23.9,26.9,85,8.8,5.5,93,1011.0,13.3
2024-10-22,122.0,61.0,61.0,8.0,23.0,9.0,"Chakala-Andheri East, Mumbai",30.3,23.5,26.6,87,12.3,6.5,23,1010.9,7.3
2024-10-23,122.0,61.0,37.0,33.0,2.0,9.0,"Chakala-Andheri East, Mumbai",31.4,24.1,27.3,85,14.8,8.0,1,1010.3,0.0
2024-10-24,122.0,61.0,41.0,16.0,3.0,11.0,"Chakala-Andheri East, Mumbai",32.5,24.5,28.1,75,14.9,8.1,12,1009.9,0.0
2024-10-25,122.0,61.0,44.0,15.0,4.0,11.0,"Chakala-Andheri East, Mumbai",31.1,22.5,27.0,74,12.5,8.0,355,1010.0,0.0
2024-10-26,122.0,61.0,40.0,14.0,2.0,11.0,"Chakala-Andheri East, Mumbai",32.5,22.0,26.9,68,17.0,9.5,2,1010.2,0.0
2024-10-27,122.0,61.0,65.0,12.0,1.0,11.0,"Chakala-Andheri East, Mumbai",31.6,22.0,26.9,78,15.9,8.7,343,1009.0,0.0
2024-10-28,122.0,61.0,38.0,8.0,2.0,9.0,"Chakala-Andheri East, Mumbai",31.8,23.0,27.1,83,16.2,7.8,336,1007.6,0.0
2024-10-29,122.0,61.0,31.0,6.0,3.0,9.0,"Chakala-Andheri East, Mumbai",31.2,24.5,27.6,87,13.7,6.3,287,1008.8,0.0
2024-10-30,122.0,61.0,45.0,7.0,3.0,9.0,"Chakala-Andheri East, Mumbai",32.7,24.0,27.7,83,12.5,6.4,13,1009.7,0.0
2024-10-31,122.0,61.0,47.0,7.0,5.0,9.0,"Chakala-Andheri East, Mumbai",32.4,24.1,28.3,75,15.2,7.5,343,1010.3,0.0
2024-11-01,155.0,83.5,43.0,7.0,4.0,11.0,"Chakala-Andheri East, Mumbai",31.2,24.5,27.9,82,14.1,7.8,266,1011.7,0.3
2024-11-02,155.0,83.5,43.0,6.0,1.0,11.0,"Chakala-Andheri East, Mumbai",33.0,24.1,28.0,76,17.5,8.1,358,1011.9,0.0
2024-11-03,155.0,83.5,53.0,7.0,1.0,11.0,"Chakala-Andheri East, Mumbai",34.2,22.2,28.0,65,16.6,8.8,14,1011.6,0.0
2024-11-04,155.0,83.5,39.0,7.0,2.0,11.0,"Chakala-Andheri East, Mumbai",34.0,22.8,27.9,60,19.7,9.2,24,1010.8,0.0
2024-11-05,155.0,83.5,40.0,7.0,3.0,11.0,"Chakala-Andheri East, Mumbai",34.3,22.6,28.2,60,15.8,9.0,49,1011.4,0.0
2024-11-06,155.0,83.5,45.0,6.0,2.0,11.0,"Chakala-Andheri East, Mumbai",33.7,22.0,27.9,61,17.7,9.2,355,1012.3,0.0
2024-11-07,155.0,83.5,48.0,6.0,1.0,11.0,"Chakala-Andheri East, Mumbai",33.5,21.6,27.4,57,16.1,9.1,10,1012.1,0.0
2024-11-08,155.0,83.5,45.0,2.0,3.0,11.0,"Chakala-Andheri East, Mumbai",33.8,22.2,27.7,58,17.2,10.2,25,1011.8,0.0
2024-11-09,155.0,83.5,42.0,7.0,5.0,11.0,"Chakala-Andheri East, Mumbai",34.1,22.0,27.7,58,17.9,10.5,31,1011.9,0.0
2024-11-10,155.0,83.5,45.0,12.0,6.0,11.0,"Chakala-Andheri East, Mumbai",33.7,21.6,27.6,56,20.3,10.4,11,1011.9,0.0
2024-11-11,155.0,83.5,68.0,17.0,1.0,11.0,"Chakala-Andheri East, Mumbai",33.3,22.9,27.9,47,20.6,12.0,26,1011.8,0.0
2024-11-12,155.0,83.5,45.0,31.0,1.0,11.0,"Chakala-Andheri East, Mumbai",33.5,22.2,27.8,53,17.9,9.2,36,1011.1,0.0
2024-11-13,155.0,83.5,49.0,22.0,1.0,11.0,"Chakala-Andheri East, Mumbai",34.8,23.4,28.5,49,12.6,8.6,31,1009.4,0.0
2024-11-14,155.0,83.5,45.0,10.0,1.5,11.0,"Chakala-Andheri East, Mumbai",35.4,23.0,29.1,46,10.7,7.2,33,1010.4,0.0
2024-11-15,155.0,83.5,47.0,9.0,2.0,11.0,"Chakala-Andheri East, Mumbai",33.9,25.1,29.0,58,10.5,6.2,350,1011.5,0.3
2024-11-16,155.0,83.5,52.0,8.0,1.0,11.0,"Chakala-Andheri East, Mumbai",34.3,25.4,29.2,65,14.2,6.8,343,1010.7,0.0
2024-11-17,155.0,83.5,60.0,9.0,1.0,11.0,"Chakala-Andheri East, Mumbai",35.8,25.7,29.7,58,14.5,7.7,3,1010.3,0.0
2024-11-18,155.0,83.5,38.0,8.0,1.0,11.0,"Chakala-Andheri East, Mumbai",34.8,24.2,28.9,52,12.3,7.9,21,1011.3,0.0
2024-11-19,155.0,83.5,54.0,7.0,1.0,11.0,"Chakala-Andheri East, Mumbai",33.8,22.0,27.6,45,14.1,8.0,22,1012.5,0.0
2024-11-20,155.0,83.5,71.0,5.0,1.0,11.0,"Chakala-Andheri East, Mumbai",33.0,22.0,26.9,47,13.5,8.5,33,1012.1,0.0
2024-11-21,155.0,83.5,64.0,2.0,1.0,11.0,"Chakala-Andheri East, Mumbai",33.0,21.4,26.7,49,12.8,7.7,15,1011.8,0.0
2024-11-22,155.0,83.5,76.0,1.0,1.0,11.0,"Chakala-Andheri East, Mumbai",32.7,20.9,26.5,54,12.6,7.1,346,1011.3,0.0
2024-11-23,155.0,83.5,85.0,1.0,1.0,11.0,"Chakala-Andheri East, Mumbai",32.0,21.6,26.5,56,10.1,6.3,353,1012.2,0.0
2024-11-24,155.0,83.5,77.0,2.0,3.0,11.0,"Chakala-Andheri East, Mumbai",33.0,21.6,26.9,56,12.0,6.1,349,1012.3,0.0
2024-11-25,155.0,83.5,54.0,10.0,1.0,11.0,"Chakala-Andheri East, Mumbai",32.8,21.4,26.7,54,13.0,7.6,18,1011.9,0.0
2024-11-26,155.0,83.5,46.0,10.0,2.0,11.0,"Chakala-Andheri East, Mumbai",32.3,20.7,26.3,45,13.5,7.9,31,1011.8,0.0
2024-11-27,155.0,83.5,49.0,21.0,4.0,11.0,"Chakala-Andheri East, Mumbai",32.6,20.4,26.2,42,13.1,8.5,28,1011.0,0.0
2024-11-28,155.0,83.5,47.0,32.0,3.5,11.0,"Chakala-Andheri East, Mumbai",32.1,19.9,26.4,35,11.3,8.3,45,1011.0,0.0
2024-11-29,155.0,83.5,44.0,19.0,3.0,11.0,"Chakala-Andheri East, Mumbai",31.4,20.2,25.3,42,14.4,8.8,18,1011.2,0.0
2024-11-30,155.0,83.5,63.0,17.0,2.0,11.0,"Chakala-Andheri East, Mumbai",31.4,19.9,25.1,43,12.2,8.5,16,1009.9,0.0
2024-12-01,153.0,85.0,64.0,16.666666666666668,1.75,12.0,"Chakala-Andheri East, Mumbai",32.5,20.5,25.8,52,13.3,8.3,5,1008.1,0.0
2024-12-03,153.0,85.0,67.33333333333333,16.0,1.25,12.0,"Chakala-Andheri East, Mumbai",33.5,25.6,28.9,59,14.5,9.0,17,1008.9,0.2
2024-12-04,153.0,85.0,69.0,16.0,1.0,12.0,"Chakala-Andheri East, Mumbai",34.2,26.5,29.4,66,13.4,7.7,23,1009.8,0.2
2024-12-05,153.0,85.0,74.0,26.0,2.0,12.0,"Chakala-Andheri East, Mumbai",34.2,25.8,29.2,69,10.4,7.0,335,1010.7,0.0
2024-12-06,153.0,85.0,43.0,33.0,2.0,12.0,"Chakala-Andheri East, Mumbai",32.7,25.2,28.5,65,12.8,7.1,336,1010.8,0.0
2024-12-07,153.0,85.0,46.0,30.0,4.0,12.0,"Chakala-Andheri East, Mumbai",32.8,24.3,27.6,51,15.6,9.8,343,1010.6,0.0
2024-12-08,153.0,85.0,47.0,32.0,3.0,12.0,"Chakala-Andheri East, Mumbai",31.1,21.1,25.4,44,13.5,9.9,353,1011.3,0.0
2024-12-09,153.0,85.0,32.0,26.0,3.0,12.0,"Chakala-Andheri East, Mumbai",30.9,20.4,24.9,36,16.2,11.9,3,1011.5,0.0
2024-12-10,153.0,85.0,46.0,28.0,2.0,12.0,"Chakala-Andheri East, Mumbai",31.4,20.4,25.1,48,11.0,7.4,5,1011.2,0.0
2024-12-11,153.0,85.0,54.0,32.0,2.0,12.0,"Chakala-Andheri East, Mumbai",33.5,21.1,26.3,57,12.3,7.4,18,1011.5,0.0
2024-12-12,153.0,85.0,42.0,24.0,2.0,12.0,"Chakala-Andheri East, Mumbai",31.1,20.5,25.3,60,14.5,7.8,350,1011.4,0.0
2024-12-13,153.0,85.0,41.0,22.0,2.0,12.0,"Chakala-Andheri East, Mumbai",32.2,21.2,25.9,51,12.0,8.8,24,1011.8,0.0
2024-12-14,153.0,85.0,53.0,24.0,4.0,12.0,"Chakala-Andheri East, Mumbai",32.8,20.1,25.9,43,11.5,8.1,42,1012.7,0.0
2024-12-15,153.0,85.0,57.0,30.0,5.0,12.0,"Chakala-Andheri East, Mumbai",33.2,19.0,25.5,44,10.3,6.9,29,1013.6,0.0
2024-12-16,153.0,85.0,46.0,34.0,1.0,12.0,"Chakala-Andheri East, Mumbai",32.3,18.3,24.9,44,11.9,6.4,4,1012.6,0.0
2024-12-17,153.0,85.0,49.0,32.0,3.0,12.0,"Chakala-Andheri East, Mumbai",30.8,17.8,24.0,49,12.3,5.7,343,1011.5,0.0
2024-12-18,153.0,85.0,55.0,33.0,1.0,12.0,"Chakala-Andheri East, Mumbai",32.2,18.2,24.3,56,10.6,6.2,356,1010.7,0.0
2024-12-19,153.0,85.0,61.0,26.0,3.0,12.0,"Chakala-Andheri East, Mumbai",29.6,17.9,23.6,69,11.4,5.6,333,1010.8,0.0
2024-12-20,153.0,85.0,47.0,22.0,3.0,12.0,"Chakala-Andheri East, Mumbai",28.1,19.5,23.3,72,13.2,6.8,331,1011.0,0.0
2024-12-21,153.0,85.0,50.0,21.0,10.0,12.0,"Chakala-Andheri East, Mumbai",27.9,19.2,23.5,75,10.5,5.1,285,1011.3,0.0
2024-12-22,153.0,85.0,32.0,29.0,4.0,12.0,"Chakala-Andheri East, Mumbai",27.8,20.9,24.0,77,12.0,6.2,318,1011.9,0.0
2024-12-23,153.0,85.0,29.0,30.0,16.0,12.0,"Chakala-Andheri East, Mumbai",27.3,21.1,23.8,71,14.7,8.8,339,1012.2,0.0
2024-12-24,153.0,85.0,34.0,26.0,17.0,12.0,"Chakala-Andheri East, Mumbai",28.5,20.6,23.9,60,16.1,10.4,343,1012.3,0.0
2024-12-25,153.0,85.0,41.0,25.0,14.0,12.0,"Chakala-Andheri East, Mumbai",28.7,20.3,24.0,61,14.1,10.0,342,1013.1,0.0
2024-12-26,153.0,85.0,34.0,22.0,21.0,12.0,"Chakala-Andheri East, Mumbai",29.5,21.5,24.9,68,12.9,8.3,338,1014.6,0.0
2024-12-27,153.0,85.0,27.0,21.0,8.0,12.0,"Chakala-Andheri East, Mumbai",28.2,21.7,24.7,70,14.5,9.0,337,1014.9,0.0
2024-12-28,153.0,85.0,32.0,19.0,18.0,12.0,"Chakala-Andheri East, Mumbai",29.9,21.7,25.0,68,14.0,7.1,350,1015.0,0.3
2024-12-29,153.0,85.0,31.0,18.75,14.5,12.0,"Chakala-Andheri East, Mumbai",30.4,22.1,25.7,69,12.3,8.6,347,1014.7,0.0
2025-01-01,160.5,94.5,31.75,18.0,4.0,11.0,"Chakala-Andheri East, Mumbai",32.4,22.4,26.8,61,12.9,8.3,350,1013.6,0.0
2025-01-02,160.5,94.5,32.0,16.0,4.0,11.0,"Chakala-Andheri East, Mumbai",32.8,21.2,26.7,58,15.1,8.3,357,1013.5,0.0
2025-01-03,160.5,94.5,48.0,12.0,4.0,11.0,"Chakala-Andheri East, Mumbai",33.3,21.1,26.4,52,13.7,7.7,7,1013.4,0.0
2025-01-06,160.5,94.5,31.0,19.0,2.5,11.0,"Chakala-Andheri East, Mumbai",29.9,20.0,23.9,59,16.5,12.3,347,1012.6,0.0
2025-01-07,160.5,94.5,36.0,26.0,2.0,11.0,"Chakala-Andheri East, Mumbai",31.4,18.5,24.4,53,16.6,9.4,354,1012.3,0.0
2025-01-08,160.5,94.5,33.0,22.0,6.0,11.0,"Chakala-Andheri East, Mumbai",30.6,20.0,25.1,54,11.6,8.5,6,1011.8,0.0
2025-01-09,160.5,94.5,45.0,20.0,3.0,11.0,"Chakala-Andheri East, Mumbai",32.0,20.4,25.5,46,11.8,8.3,23,1012.3,0.0
2025-01-10,160.5,94.5,32.0,24.0,4.0,11.0,"Chakala-Andheri East, Mumbai",31.3,20.4,25.2,51,9.6,6.1,4,1013.6,0.0
2025-01-13,160.5,94.5,20.0,23.0,6.0,11.0,"Chakala-Andheri East, Mumbai",32.7,22.0,26.1,55,14.0,9.1,16,1011.8,0.0
2025-01-14,160.5,94.5,31.0,18.0,9.0,11.0,"Chakala-Andheri East, Mumbai",32.9,21.6,26.2,57,12.0,7.2,11,1012.2,0.0
2025-01-15,160.5,94.5,24.0,29.0,5.0,11.0,"Chakala-Andheri East, Mumbai",30.1,21.9,25.0,67,16.0,7.3,338,1013.6,0.0
2025-01-16,160.5,94.5,25.0,40.0,2.0,11.0,"Chakala-Andheri East, Mumbai",29.7,20.2,24.5,66,16.9,11.4,344,1014.1,0.0
2025-01-17,160.5,94.5,23.0,24.0,3.0,11.0,"Chakala-Andheri East, Mumbai",33.3,22.9,26.4,60,14.9,9.1,1,1012.2,0.0
2025-01-18,160.5,94.5,27.0,20.0,3.0,11.0,"Chakala-Andheri East, Mumbai",34.0,22.2,27.2,46,14.9,8.5,30,1011.7,0.0
2025-01-19,160.5,94.5,37.0,21.0,7.0,11.0,"Chakala-Andheri East, Mumbai",33.2,21.0,26.4,46,13.1,7.4,359,1012.6,0.0
2025-01-20,160.5,94.5,35.0,24.0,5.0,11.0,"Chakala-Andheri East, Mumbai",33.2,20.9,26.4,46,12.8,6.8,345,1012.1,0.0
2025-01-21,160.5,94.5,38.0,25.0,2.0,11.0,"Chakala-Andheri East, Mumbai",31.4,20.9,25.8,51,12.0,6.9,336,1011.0,0.0
2025-01-22,160.5,94.5,27.0,28.0,1.0,11.0,"Chakala-Andheri East, Mumbai",31.4,20.4,25.6,53,15.0,8.2,338,1010.7,0.0
2025-01-23,160.5,94.5,43.0,24.0,4.0,11.0,"Chakala-Andheri East, Mumbai",30.5,21.7,25.3,50,17.6,13.0,345,1011.0,0.0
2025-01-24,160.5,94.5,67.0,25.0,4.0,11.0,"Chakala-Andheri East, Mumbai",31.7,20.4,25.8,49,12.1,7.6,343,1010.0,0.0
2025-01-25,160.5,94.5,71.0,24.0,2.0,11.0,"Chakala-Andheri East, Mumbai",33.2,22.0,26.8,57,10.9,6.3,339,1010.8,0.0
2025-01-26,160.5,94.5,75.0,23.0,1.0,11.0,"Chakala-Andheri East, Mumbai",33.5,21.8,27.0,59,11.2,7.1,339,1010.7,0.0
2025-01-27,160.5,94.5,79.0,24.0,6.0,11.0,"Chakala-Andheri East, Mumbai",32.5,21.6,26.7,56,13.3,7.8,333,1010.0,0.0
2025-01-28,160.5,94.5,79.0,23.0,5.0,11.0,"Chakala-Andheri East, Mumbai",30.5,21.2,25.4,57,11.8,6.3,324,1010.3,0.0
2025-01-29,160.5,94.5,46.0,22.0,7.0,11.0,"Chakala-Andheri East, Mumbai",30.8,20.5,24.8,58,12.7,7.5,333,1012.1,0.0
2025-01-30,160.5,94.5,69.0,25.0,3.0,11.0,"Chakala-Andheri East, Mumbai",31.4,20.1,25.4,52,11.7,7.6,334,1010.9,0.0
2025-01-31,160.5,94.5,27.0,18.0,3.0,11.0,"Chakala-Andheri East, Mumbai",29.5,20.5,24.5,59,13.6,8.6,332,1010.8,0.0
2025-02-01,160.5,97.0,58.0,18.0,3.0,13.0,"Chakala-Andheri East, Mumbai",29.1,19.9,23.8,58,15.7,8.7,343,1011.8,0.0
2025-02-02,160.5,97.0,59.0,19.0,6.0,13.0,"Chakala-Andheri East, Mumbai",30.9,20.5,25.0,45,14.3,9.7,339,1011.6,0.0
2025-02-03,160.5,97.0,46.0,22.0,5.0,13.0,"Chakala-Andheri East, Mumbai",28.9,20.7,24.7,52,17.1,9.4,333,1012.0,0.0
2025-02-04,160.5,97.0,42.0,20.0,4.0,13.0,"Chakala-Andheri East, Mumbai",29.7,20.1,24.6,53,15.0,9.5,335,1013.0,0.0
2025-02-05,160.5,97.0,49.0,19.0,4.0,13.0,"Chakala-Andheri East, Mumbai",31.5,20.9,25.0,38,19.1,13.3,345,1011.9,0.0
2025-02-06,160.5,97.0,60.0,23.0,6.0,13.0,"Chakala-Andheri East, Mumbai",31.8,19.3,25.5,43,12.6,8.3,339,1010.7,0.0
2025-02-07,160.5,97.0,90.0,23.0,6.0,13.0,"Chakala-Andheri East, Mumbai",34.3,22.2,27.2,53,10.9,5.9,334,1011.7,0.0
2025-02-08,160.5,97.0,83.0,23.0,5.0,13.0,"Chakala-Andheri East, Mumbai",33.2,21.9,27.2,55,12.6,6.4,337,1011.8,0.0
2025-02-09,160.5,97.0,70.0,22.0,2.0,13.0,"Chakala-Andheri East, Mumbai",33.0,22.6,27.5,48,14.2,9.0,334,1011.3,0.0
2025-02-10,160.5,97.0,43.0,23.0,2.0,13.0,"Chakala-Andheri East, Mumbai",33.5,23.2,27.4,46,15.0,10.6,334,1012.6,0.0
2025-02-11,160.5,97.0,52.0,21.0,3.0,13.0,"Chakala-Andheri East, Mumbai",32.3,21.7,26.2,47,15.9,9.9,337,1013.4,0.0
2025-02-12,160.5,97.0,51.0,20.0,5.0,13.0,"Chakala-Andheri East, Mumbai",33.2,20.4,26.0,49,15.4,10.6,344,1013.4,0.0
2025-02-13,160.5,97.0,56.0,38.0,47.0,13.0,"Chakala-Andheri East, Mumbai",34.8,21.5,27.5,40,15.7,10.8,349,1012.5,0.0
2025-02-14,160.5,97.0,1.0,57.5,1.0,13.0,"Chakala-Andheri East, Mumbai",34.7,22.5,28.5,35,18.8,11.7,350,1012.0,0.0
2025-02-15,160.5,97.0,7.0,77.0,7.0,13.0,"Chakala-Andheri East, Mumbai",35.2,22.0,28.7,31,17.5,9.5,346,1011.3,0.0
2025-02-16,160.5,97.0,69.0,56.0,3.0,13.0,"Chakala-Andheri East, Mumbai",35.1,21.6,27.5,35,16.0,9.2,337,1011.9,0.0
2025-02-17,160.5,97.0,47.0,55.0,4.0,13.0,"Chakala-Andheri East, Mumbai",34.2,20.8,27.1,44,17.3,9.4,340,1012.6,0.0
2025-02-18,160.5,97.0,62.0,63.0,11.0,13.0,"Chakala-Andheri East, Mumbai",34.8,23.4,28.2,39,18.5,11.0,344,1012.4,0.0
2025-02-19,160.5,97.0,47.0,66.0,3.0,13.0,"Chakala-Andheri East, Mumbai",33.4,23.2,28.0,38,17.8,10.8,338,1011.5,0.0
2025-02-20,160.5,97.0,32.0,60.0,14.0,13.0,"Chakala-Andheri East, Mumbai",34.7,22.2,28.3,39,18.5,12.1,345,1011.8,0.0
2025-02-21,160.5,97.0,41.0,60.0,6.0,13.0,"Chakala-Andheri East, Mumbai",36.7,24.6,30.0,31,16.9,12.4,3,1012.8,0.0
2025-02-22,160.5,97.0,74.0,55.0,3.0,13.0,"Chakala-Andheri East, Mumbai",34.9,24.5,29.2,34,17.7,10.5,345,1013.3,0.0
2025-02-23,160.5,97.0,60.0,56.0,6.0,13.0,"Chakala-Andheri East, Mumbai",35.7,23.6,29.6,34,15.4,9.6,348,1013.4,0.0
2025-02-24,160.5,97.0,57.0,55.0,3.0,13.0,"Chakala-Andheri East, Mumbai",36.8,24.2,29.7,33,14.4,10.0,354,1013.2,0.0
2025-02-25,160.5,97.0,79.0,56.0,7.0,13.0,"Chakala-Andheri East, Mumbai",37.5,24.7,29.8,34,14.6,7.3,355,1013.9,0.0
2025-02-26,160.5,97.0,71.33333333333333,55.0,1.0,13.0,"Chakala-Andheri East, Mumbai",37.2,22.9,29.0,46,14.8,5.4,312,1014.1,0.0
2025-02-27,160.5,97.0,63.66666666666666,60.0,5.0,13.0,"Chakala-Andheri East, Mumbai",35.8,23.9,29.2,44,15.0,6.5,306,1012.8,0.0
2025-02-28,160.5,97.0,56.0,71.0,4.0,13.0,"Chakala-Andheri East, Mumbai",33.4,24.1,28.8,51,14.9,7.9,329,1011.6,0.0
2025-03-01,127.0,88.5,61.0,50.0,7.0,7.0,"Chakala-Andheri East, Mumbai",33.7,24.5,29.0,42,16.1,10.7,335,1011.0,0.0
2025-03-02,127.0,88.5,54.0,48.0,1.0,7.0,"Chakala-Andheri East, Mumbai",36.2,24.6,29.3,36,17.1,11.7,337,1010.3,0.0
2025-03-03,127.0,88.5,53.0,53.0,2.0,7.0,"Chakala-Andheri East, Mumbai",36.2,24.3,29.5,39,17.7,12.2,346,1010.6,0.0
2025-03-04,127.0,88.5,39.0,54.0,5.0,7.0,"Chakala-Andheri East, Mumbai",35.8,24.9,29.4,39,19.0,13.4,346,1011.2,0.0
2025-03-05,127.0,88.5,46.0,52.0,4.0,7.0,"Chakala-Andheri East, Mumbai",36.8,24.2,29.6,31,16.9,12.0,345,1010.9,0.0
2025-03-06,127.0,88.5,61.0,56.0,3.0,7.0,"Chakala-Andheri East, Mumbai",35.0,22.5,28.6,25,16.5,9.9,347,1011.6,0.0
2025-03-07,127.0,88.5,73.0,74.0,5.0,7.0,"Chakala-Andheri East, Mumbai",36.9,24.5,29.4,25,16.8,9.9,344,1009.9,0.0
2025-03-08,127.0,88.5,79.0,67.0,12.0,7.0,"Chakala-Andheri East, Mumbai",36.0,23.5,28.9,35,14.9,9.4,331,1008.5,0.0
2025-03-09,127.0,88.5,49.0,52.0,3.0,7.0,"Chakala-Andheri East, Mumbai",35.6,22.9,28.5,48,15.0,6.8,331,1008.6,0.0
2025-03-10,127.0,88.5,58.0,64.0,10.0,7.0,"Chakala-Andheri East, Mumbai",39.0,24.2,30.7,35,17.4,6.8,315,1009.9,0.0
2025-03-11,127.0,102.0,67.0,78.0,10.0,7.0,"Chakala-Andheri East, Mumbai",37.4,25.5,30.5,44,15.4,6.4,293,1011.0,0.0
2025-03-12,163.0,112.0,49.0,24.0,5.0,7.0,"Chakala-Andheri East, Mumbai",37.0,25.1,30.2,50,14.4,6.3,311,1009.9,0.0
2025-03-13,163.0,105.0,67.0,16.0,4.666666666666667,7.0,"Chakala-Andheri East, Mumbai",34.2,24.8,29.4,62,13.2,7.4,301,1009.3,0.0
2025-03-14,161.0,76.0,62.0,3.0,4.333333333333333,7.0,"Chakala-Andheri East, Mumbai",34.7,24.2,29.3,57,15.0,7.4,316,1009.8,0.0
2025-03-15,95.0,103.0,36.0,5.0,4.0,7.0,"Chakala-Andheri East, Mumbai",35.5,24.8,29.3,54,15.7,9.4,331,1010.5,0.0
2025-03-16,109.0,95.0,40.0,6.0,2.0,7.0,"Chakala-Andheri East, Mumbai",33.2,25.1,29.0,53,15.9,10.2,334,1011.0,0.0
2025-03-17,122.0,94.0,54.0,10.727272727272728,1.0,7.0,"Chakala-Andheri East, Mumbai",33.5,24.8,28.7,58,17.3,9.9,333,1011.0,0.0
2025-03-18,99.0,81.0,36.0,15.454545454545457,4.0,7.0,"Chakala-Andheri East, Mumbai",33.2,23.0,27.9,65,15.9,8.4,322,1010.4,0.0
2025-03-19,105.0,93.0,45.0,20.18181818181818,3.0,7.0,"Chakala-Andheri East, Mumbai",32.3,23.1,27.6,64,16.2,9.0,322,1011.6,0.0
2025-03-20,111.0,87.0,51.0,22.0,4.0,7.0,"Chakala-Andheri East, Mumbai",35.1,23.1,29.0,45,18.0,9.7,336,1013.0,0.0
2025-03-21,103.0,90.0,19.0,22.0,2.5,7.0,"Chakala-Andheri East, Mumbai",32.4,25.2,28.0,58,18.2,11.8,327,1013.6,0.0
2025-03-22,80.0,105.0,33.0,22.0,1.0,7.0,"Chakala-Andheri East, Mumbai",32.7,22.5,27.4,65,17.0,7.7,328,1012.5,0.0
2025-03-23,114.0,87.0,60.0,22.0,1.5,7.0,"Chakala-Andheri East, Mumbai",33.8,23.7,28.4,68,14.4,5.7,289,1012.0,0.0
2025-03-24,131.0,95.0,44.0,22.0,2.0,7.0,"Chakala-Andheri East, Mumbai",32.9,24.6,28.3,75,17.4,7.3,286,1011.9,0.0
2025-03-25,127.0,65.0,31.0,22.0,2.5,7.0,"Chakala-Andheri East, Mumbai",33.2,24.5,28.6,67,16.7,8.3,308,1009.2,0.0
2025-03-26,91.0,62.0,27.0,22.0,3.0,7.0,"Chakala-Andheri East, Mumbai",31.5,23.9,27.7,73,15.2,7.6,295,1008.6,0.0
2025-03-27,65.0,96.0,17.0,58.0,1.0,7.0,"Chakala-Andheri East, Mumbai",30.8,24.3,27.1,76,16.5,8.3,318,1009.8,0.0
2025-03-28,95.0,148.0,43.0,1.0,6.0,7.0,"Chakala-Andheri East, Mumbai",32.5,23.6,28.5,61,17.3,10.0,335,1008.5,0.0
2025-03-29,147.0,140.0,83.0,5.142857142857143,3.0,7.0,"Chakala-Andheri East, Mumbai",36.2,26.4,30.9,31,16.2,10.5,334,1007.0,0.0
2025-03-30,142.0,124.0,84.0,9.285714285714286,3.0,7.0,"Chakala-Andheri East, Mumbai",37.7,26.6,31.5,39,18.2,9.4,321,1007.4,0.0
2025-03-31,122.0,109.0,66.0,13.428571428571429,3.0,7.0,"Chakala-Andheri East, Mumbai",37.0,25.5,31.2,44,16.0,8.8,323,1007.7,0.0
2025-04-01,130.0,114.0,42.0,11.0,3.0,8.0,"Chakala-Andheri East, Mumbai",38.8,25.9,31.7,44,14.5,8.0,330,1006.9,0.0
2025-04-02,155.0,94.0,82.0,11.0,2.0,8.0,"Chakala-Andheri East, Mumbai",37.4,27.8,31.8,41,15.3,6.3,252,1007.4,0.0
2025-04-03,138.0,110.0,29.0,11.0,1.0,8.0,"Chakala-Andheri East, Mumbai",32.5,27.2,29.4,73,12.1,7.4,220,1010.8,0.6
2025-04-04,102.0,105.0,26.0,30.0,1.0,8.0,"Chakala-Andheri East, Mumbai",33.2,26.4,29.2,76,15.4,8.2,294,1011.9,1.0
2025-04-05,131.0,95.0,37.0,30.0,1.0,8.0,"Chakala-Andheri East, Mumbai",35.4,24.7,29.7,63,18.5,8.9,323,1009.8,0.0
2025-04-06,117.0,89.0,41.0,24.0,2.5,8.0,"Chakala-Andheri East, Mumbai",35.7,24.8,30.0,59,16.1,5.9,286,1008.7,0.0
2025-04-07,118.0,92.0,75.0,31.0,4.0,8.0,"Chakala-Andheri East, Mumbai",36.4,24.9,30.7,57,19.1,8.6,320,1008.4,0.0
2025-04-08,128.0,83.0,46.0,21.0,3.5,8.0,"Chakala-Andheri East, Mumbai",36.5,26.0,31.1,49,19.9,8.3,328,1008.9,0.0
2025-04-09,110.0,64.0,31.0,15.0,3.0,8.0,"Chakala-Andheri East, Mumbai",34.6,26.1,30.4,58,16.2,7.5,266,1008.5,0.0
2025-04-10,81.0,88.0,24.0,13.0,7.0,8.0,"Chakala-Andheri East, Mumbai",33.2,26.6,29.4,74,12.4,8.9,204,1007.3,0.0
2025-04-11,95.0,74.0,26.0,13.0,1.0,8.0,"Chakala-Andheri East, Mumbai",33.0,25.5,29.0,73,14.5,9.5,209,1007.2,0.0
2025-04-12,80.0,87.0,27.0,15.0,3.0,8.0,"Chakala-Andheri East, Mumbai",32.2,25.6,28.8,75,14.7,7.6,229,1009.0,0.1
2025-04-13,82.0,79.0,40.0,17.0,3.0,8.0,"Chakala-Andheri East, Mumbai",32.7,25.5,28.9,75,16.1,8.2,307,1010.2,0.0
2025-04-14,92.0,98.0,27.0,20.0,4.0,8.0,"Chakala-Andheri East, Mumbai",36.4,24.5,30.1,62,19.3,11.2,332,1008.8,0.0
2025-04-15,98.0,86.0,21.0,12.0,10.0,8.0,"Chakala-Andheri East, Mumbai",35.1,25.5,30.0,62,16.9,9.2,320,1008.2,0.0
2025-04-16,77.0,62.0,25.0,13.0,8.0,8.0,"Chakala-Andheri East, Mumbai",33.0,25.6,29.1,74,15.4,7.7,283,1008.2,0.0
2025-04-17,73.0,58.0,30.0,13.0,9.0,8.0,"Chakala-Andheri East, Mumbai",32.4,25.6,28.8,78,15.7,7.4,270,1008.1,0.0
2025-04-18,64.0,56.0,28.0,13.0,25.0,8.0,"Chakala-Andheri East, Mumbai",32.3,26.0,28.9,76,14.9,7.6,265,1007.6,0.0
2025-04-19,65.0,56.54545454545455,29.363636363636363,12.636363636363637,22.90909090909091,8.0,"Chakala-Andheri East, Mumbai",32.7,26.0,29.2,75,15.9,8.9,258,1008.0,0.0
2025-04-29,83.18181818181819,62.0,43.0,9.0,2.0,8.0,"Chakala-Andheri East, Mumbai",32.8,26.3,29.4,76,14.1,7.8,236,1006.8,0.0
2025-04-30,85.0,62.0,21.0,6.0,23.0,8.0,"Chakala-Andheri East, Mumbai",33.0,26.3,29.6,75,15.2,8.1,267,1007.9,0.0
2025-05-01,69.0,66.0,27.0,6.0,6.0,2.7142857142857144,"Chakala-Andheri East, Mumbai",33.3,26.0,29.8,75,18.4,7.3,283,1008.3,0.0
2025-05-02,73.0,119.0,21.0,5.0,9.0,2.7142857142857144,"Chakala-Andheri East, Mumbai",34.5,26.0,30.0,68,14.4,7.6,283,1008.4,0.0
2025-05-03,65.0,64.0,21.0,5.0,20.0,2.7142857142857144,"Chakala-Andheri East, Mumbai",33.2,25.7,29.8,68,15.6,8.5,241,1008.2,0.0
2025-05-04,65.0,74.0,17.0,5.0,2.0,2.7142857142857144,"Chakala-Andheri East, Mumbai",32.9,26.7,30.0,68,15.4,8.6,255,1007.9,0.0
2025-05-05,78.0,66.0,33.0,6.0,68.0,2.7142857142857144,"Chakala-Andheri East, Mumbai",33.5,27.8,30.2,70,14.6,8.2,251,1007.5,0.0
2025-05-06,72.0,56.0,17.0,19.0,5.0,2.7142857142857144,"Chakala-Andheri East, Mumbai",32.8,23.3,28.7,73,15.9,8.4,246,1008.4,6.3
2025-05-07,70.0,45.0,29.0,17.0,1.0,2.7142857142857144,"Chakala-Andheri East, Mumbai",32.3,25.4,27.9,73,17.6,9.6,220,1007.6,3.0
2025-05-08,59.0,49.0,25.0,19.0,2.0,2.7142857142857144,"Chakala-Andheri East, Mumbai",29.4,22.7,26.6,81,14.3,9.4,206,1007.5,9.3
2025-05-09,51.0,50.0,27.0,29.0,3.0,2.7142857142857144,"Chakala-Andheri East, Mumbai",28.5,25.0,27.1,82,15.2,9.6,196,1008.4,2.0
2025-05-10,51.0,56.0,39.0,24.0,1.0,2.7142857142857144,"Chakala-Andheri East, Mumbai",30.9,24.5,28.0,81,11.5,6.5,225,1008.3,0.5
2025-05-11,55.0,39.0,19.0,23.0,1.0,2.7142857142857144,"Chakala-Andheri East, Mumbai",32.5,25.8,29.1,76,12.0,5.7,258,1007.6,0.4
2025-05-12,54.0,59.0,19.0,25.0,2.0,2.7142857142857144,"Chakala-Andheri East, Mumbai",33.6,27.1,30.3,70,13.1,6.8,261,1006.6,1.6
2025-05-13,65.0,86.0,21.0,31.0,5.0,2.7142857142857144,"Chakala-Andheri East, Mumbai",33.8,27.6,30.5,70,13.1,6.2,302,1006.7,1.7
2025-05-14,111.0,77.0,25.0,31.0,2.0,2.7142857142857144,"Chakala-Andheri East, Mumbai",33.2,24.7,29.9,72,12.3,7.1,306,1007.2,0.6
2025-05-15,100.0,62.0,16.0,15.0,2.0,2.7142857142857144,"Chakala-Andheri East, Mumbai",33.2,27.8,30.5,70,14.3,6.7,291,1007.2,1.8
2025-05-16,65.0,57.0,14.0,17.0,1.5,2.7142857142857144,"Chakala-Andheri East, Mumbai",33.8,28.9,31.0,65,14.1,7.8,245,1007.0,1.0
2025-05-17,63.0,57.0,18.0,16.0,1.0,2.7142857142857144,"Chakala-Andheri East, Mumbai",32.5,28.5,30.6,66,13.3,7.7,236,1006.6,0.9
2025-05-18,56.0,58.0,16.0,16.0,2.5,2.7142857142857144,"Chakala-Andheri East, Mumbai",34.4,28.7,31.2,61,14.7,7.0,258,1005.9,0.0
2025-05-19,59.0,49.0,16.0,31.0,4.0,2.7142857142857144,"Chakala-Andheri East, Mumbai",32.3,28.4,30.3,69,16.2,6.8,308,1004.9,0.2
2025-05-20,62.0,47.0,33.0,34.0,1.0,2.7142857142857144,"Chakala-Andheri East, Mumbai",34.3,28.3,30.2,75,13.2,6.7,318,1004.1,8.7
2025-05-21,67.0,43.0,7.0,31.0,1.103448275862069,2.7142857142857144,"Chakala-Andheri East, Mumbai",31.5,26.5,29.0,83,10.7,5.8,332,1003.3,1.1
2025-05-22,62.0,71.0,5.0,41.0,1.206896551724138,2.7142857142857144,"Chakala-Andheri East, Mumbai",31.8,25.8,28.5,82,18.3,7.8,336,1002.1,21.2
2025-05-23,102.0,79.0,6.0,42.0,1.3103448275862069,2.7142857142857144,"Chakala-Andheri East, Mumbai",32.5,26.2,28.7,86,13.2,4.6,330,999.6,2.2
2025-05-24,113.0,54.0,4.333333333333333,32.0,3.0,2.7142857142857144,"Chakala-Andheri East, Mumbai",32.1,25.6,28.8,84,12.0,7.9,343,999.4,8.9
2025-05-25,83.0,45.0,2.6666666666666665,24.0,3.0,2.7142857142857144,"Chakala-Andheri East, Mumbai",28.5,23.9,26.5,91,11.6,6.1,325,1001.8,27.3
2025-05-26,94.0,38.0,1.0,31.0,3.0,2.7142857142857144,"Chakala-Andheri East, Mumbai",27.8,25.0,26.2,93,21.3,9.8,352,1002.0,54.0
2025-05-27,67.0,55.0,82.0,46.0,3.0,2.7142857142857144,"Chakala-Andheri East, Mumbai",29.8,25.6,27.3,89,13.0,6.0,275,1001.9,9.1
2025-05-28,79.0,69.0,1.0,27.0,3.0,2.7142857142857144,"Chakala-Andheri East, Mumbai",27.8,25.9,26.9,90,13.5,8.0,212,1002.4,11.5
2025-05-29,85.0,71.0,20.0,13.0,3.0,2.7142857142857144,"Chakala-Andheri East, Mumbai",31.4,26.5,28.9,86,17.8,9.8,257,1000.9,5.6
2025-05-30,70.0,65.0,5.0,15.0,3.0,2.7142857142857144,"Chakala-Andheri East, Mumbai",31.5,28.2,29.6,78,17.8,15.6,251,1002.1,1.8
2025-05-31,67.0,51.0,4.0,19.0,3.0,2.7142857142857144,"Chakala-Andheri East, Mumbai",31.0,27.5,29.2,80,20.0,14.7,233,1005.5,3.5
2025-06-01,62.0,60.0,4.0,18.0,4.0,7.0,"Chakala-Andheri East, Mumbai",29.2,25.7,27.3,85,19.1,13.5,200,1006.0,11.1
2025-06-02,64.0,52.0,30.0,12.0,4.0,7.0,"Chakala-Andheri East, Mumbai",30.6,25.6,27.8,83,19.9,14.4,202,1004.9,8.8
2025-06-03,74.0,42.0,14.0,15.0,4.0,7.0,"Chakala-Andheri East, Mumbai",30.1,25.4,27.4,84,20.9,14.4,197,1005.3,12.8
2025-06-04,64.0,82.0,15.0,22.0,4.0,7.0,"Chakala-Andheri East, Mumbai",29.2,24.2,27.0,85,14.6,9.5,177,1006.5,4.5
2025-06-05,96.0,82.0,11.0,18.0,4.0,7.0,"Chakala-Andheri East, Mumbai",30.2,24.7,27.8,83,10.0,5.4,186,1008.5,1.6
2025-06-06,110.0,51.0,16.0,16.0,4.0,7.0,"Chakala-Andheri East, Mumbai",30.2,26.5,28.3,83,10.0,4.6,271,1009.4,4.7
2025-06-07,71.0,69.0,14.0,17.0,4.0,7.0,"Chakala-Andheri East, Mumbai",29.6,25.2,27.7,86,10.1,4.9,257,1009.5,8.1
2025-06-08,97.0,70.0,7.0,11.0,4.0,7.0,"Chakala-Andheri East, Mumbai",30.2,26.4,28.4,82,14.0,7.7,281,1008.8,4.4
2025-06-09,78.0,56.0,8.0,11.0,4.0,7.0,"Chakala-Andheri East, Mumbai",30.8,27.2,29.0,77,18.8,10.8,297,1007.8,2.0
2025-06-10,65.0,47.0,8.0,11.0,4.0,7.0,"Chakala-Andheri East, Mumbai",30.5,27.1,28.8,80,17.5,10.5,297,1005.8,0.8
2025-06-11,48.0,49.0,7.0,12.0,4.0,7.0,"Chakala-Andheri East, Mumbai",31.8,27.8,29.7,77,17.1,11.9,304,1004.2,0.8
2025-06-12,52.0,48.0,16.0,15.0,4.0,7.0,"Chakala-Andheri East, Mumbai",31.5,28.6,30.0,78,23.7,16.0,309,1002.3,2.8
2025-06-13,69.0,59.0,8.0,13.0,4.0,7.0,"Chakala-Andheri East, Mumbai",30.5,25.4,28.3,86,19.9,11.7,331,1001.7,29.6
2025-06-14,66.0,33.0,8.0,17.0,4.0,7.0,"Chakala-Andheri East, Mumbai",30.5,25.4,27.5,90,13.1,7.0,336,1000.4,58.0
2025-06-15,71.0,17.0,19.0,12.0,4.0,7.0,"Chakala-Andheri East, Mumbai",29.6,25.2,26.7,93,15.3,7.7,154,997.8,55.5
2025-06-16,41.0,61.0,11.0,8.0,4.0,7.0,"Chakala-Andheri East, Mumbai",27.1,25.7,26.2,92,28.8,21.6,250,998.7,100.9
2025-06-17,68.0,32.0,17.0,10.0,4.0,7.0,"Chakala-Andheri East, Mumbai",29.5,25.7,27.5,85,25.0,20.9,223,1001.7,17.5
2025-06-18,45.0,43.0,13.0,7.0,4.0,7.0,"Chakala-Andheri East, Mumbai",28.4,25.9,27.0,89,26.4,21.1,249,1002.6,86.1
2025-06-19,54.0,50.0,9.0,6.0,3.0,7.0,"Chakala-Andheri East, Mumbai",28.4,24.4,26.4,91,23.7,17.5,246,1003.5,65.8
2025-06-20,54.0,53.0,10.0,6.0,2.0,7.0,"Chakala-Andheri East, Mumbai",29.5,26.0,27.6,84,20.5,17.0,230,1004.9,11.3
2025-06-21,50.0,52.0,10.0,6.0,1.0,7.0,"Chakala-Andheri East, Mumbai",30.0,24.9,27.6,85,20.4,15.7,231,1005.3,10.0
2025-06-22,53.0,54.0,11.0,6.0,1.0,7.0,"Chakala-Andheri East, Mumbai",29.1,25.7,27.4,84,23.1,17.6,234,1004.4,15.8
2025-06-23,60.0,51.0,11.0,7.0,1.0,7.0,"Chakala-Andheri East, Mumbai",28.3,25.5,26.8,87,24.8,19.0,240,1002.9,51.2
2025-06-24,58.0,56.0,10.0,6.0,1.0,7.0,"Chakala-Andheri East, Mumbai",29.1,25.4,27.0,87,24.0,17.5,244,1002.0,26.7
2025-06-25,69.0,56.0,8.0,7.0,1.75,7.0,"Chakala-Andheri East, Mumbai",30.0,26.4,28.1,82,24.1,19.9,244,1001.4,10.0
2025-06-26,71.0,57.0,10.0,6.0,2.5,7.0,"Chakala-Andheri East, Mumbai",28.6,25.2,26.7,89,18.1,15.1,230,1001.8,25.0
2025-06-27,65.0,62.0,14.0,7.0,3.25,7.0,"Chakala-Andheri East, Mumbai",28.8,24.9,27.2,83,22.4,18.5,224,1002.5,13.9
2025-06-28,77.0,52.0,10.0,6.0,4.0,7.0,"Chakala-Andheri East, Mumbai",29.4,25.6,27.3,81,26.0,21.2,229,1003.9,21.5
2025-06-29,63.0,56.0,8.0,7.0,4.5,7.0,"Chakala-Andheri East, Mumbai",28.9,25.7,27.3,84,22.0,17.7,230,1004.1,18.1
2025-06-30,62.0,53.0,9.0,5.0,5.0,7.0,"Chakala-Andheri East, Mumbai",29.1,24.8,26.9,84,23.4,18.0,244,1003.9,22.2
2025-07-01,54.0,49.0,8.0,7.0,1.0,7.0,"Chakala-Andheri East, Mumbai",28.8,24.5,26.8,86,19.2,15.8,244,1004.2,34.3
2025-07-02,56.0,47.0,9.0,5.0,3.0,7.0,"Chakala-Andheri East, Mumbai",28.7,25.0,26.5,88,19.5,15.9,247,1003.5,40.8
2025-07-03,56.0,49.0,9.0,5.0,2.0,7.0,"Chakala-Andheri East, Mumbai",28.2,24.8,26.4,87,22.6,17.1,231,1003.6,26.3
2025-07-04,55.0,2.0,9.0,6.0,1.5,7.0,"Chakala-Andheri East, Mumbai",28.0,25.5,26.7,85,21.7,18.7,229,1004.5,20.2
2025-07-05,57.0,3.0,11.0,4.0,1.0,7.0,"Chakala-Andheri East, Mumbai",27.5,25.8,26.6,86,23.4,19.6,241,1004.3,37.9
2025-07-06,59.0,5.0,67.0,6.0,2.0,7.0,"Chakala-Andheri East, Mumbai",27.5,25.5,26.4,87,26.5,19.4,240,1003.7,31.3
2025-07-07,60.0,22.0,9.0,6.0,6.5,7.0,"Chakala-Andheri East, Mumbai",28.5,25.5,27.0,85,22.8,17.7,243,1004.1,7.6
2025-07-08,66.0,30.0,8.0,6.0,11.0,7.0,"Chakala-Andheri East, Mumbai",28.6,26.4,27.5,83,23.0,18.6,244,1004.7,3.7
2025-07-09,50.0,30.0,9.0,6.0,7.0,7.0,"Chakala-Andheri East, Mumbai",27.5,25.6,26.7,87,18.9,13.3,246,1005.1,15.4
2025-07-10,53.0,27.0,12.0,5.0,3.0,7.0,"Chakala-Andheri East, Mumbai",29.0,24.8,27.0,85,14.4,10.5,237,1005.3,6.5
2025-07-11,65.0,27.0,11.0,6.0,1.0,7.0,"Chakala-Andheri East, Mumbai",28.0,25.0,26.7,86,12.9,9.9,235,1005.5,6.1
2025-07-12,66.0,27.0,10.0,6.0,4.0,7.0,"Chakala-Andheri East, Mumbai",29.3,25.1,27.1,85,17.0,10.7,251,1006.0,4.9
2025-07-13,55.0,27.0,9.0,8.0,2.0,7.0,"Chakala-Andheri East, Mumbai",28.5,25.4,26.7,86,15.7,11.5,242,1005.7,14.7
2025-07-14,39.0,38.0,5.0,9.0,1.0,7.0,"Chakala-Andheri East, Mumbai",27.5,24.6,26.1,90,21.7,14.7,242,1004.2,51.0
2025-07-15,59.0,66.0,9.0,7.0,1.0,7.0,"Chakala-Andheri East, Mumbai",27.6,25.1,26.5,87,14.8,11.9,250,1003.8,15.8
2025-07-16,58.0,69.0,9.0,8.0,3.0,7.0,"Chakala-Andheri East, Mumbai",29.1,25.5,27.3,85,16.0,11.1,263,1004.1,7.9
2025-07-17,66.0,65.0,9.0,7.0,5.0,7.0,"Chakala-Andheri East, Mumbai",29.3,25.5,27.4,85,11.2,7.7,247,1004.8,4.1
2025-07-18,60.0,63.0,8.0,7.0,1.0,7.0,"Chakala-Andheri East, Mumbai",29.5,25.5,27.6,83,12.1,8.4,256,1005.1,2.7
2025-07-19,57.0,54.0,9.0,7.0,3.0,7.0,"Chakala-Andheri East, Mumbai",28.3,24.9,27.0,85,13.3,9.3,242,1003.1,6.3
2025-07-20,55.0,58.0,7.0,12.0,3.0,7.0,"Chakala-Andheri East, Mumbai",28.0,24.9,26.3,88,14.3,11.0,223,1002.3,12.3
2025-07-21,84.0,49.0,5.0,11.0,2.0,7.0,"Chakala-Andheri East, Mumbai",28.0,25.5,26.4,89,12.9,9.2,234,1003.5,17.7
2025-07-22,51.0,48.0,5.0,11.0,2.0,7.0,"Chakala-Andheri East, Mumbai",28.0,25.2,26.5,88,14.7,10.2,251,1004.3,18.4
2025-07-23,55.0,55.0,8.0,8.0,2.0,7.0,"Chakala-Andheri East, Mumbai",28.0,24.7,26.3,87,17.3,12.9,251,1003.1,18.6
2025-07-24,54.0,48.0,8.0,8.0,2.0,7.0,"Chakala-Andheri East, Mumbai",27.4,24.9,26.1,87,19.8,14.2,237,1001.7,14.9
2025-07-25,51.0,55.0,10.0,7.0,1.0,7.0,"Chakala-Andheri East, Mumbai",27.1,25.6,26.3,89,20.5,17.3,249,1001.3,40.3
2025-07-26,57.0,62.0,11.0,5.0,1.0,7.0,"Chakala-Andheri East, Mumbai",28.0,25.5,26.4,86,22.4,19.7,255,1002.3,17.4
2025-07-27,66.0,61.0,11.0,6.0,1.0,7.0,"Chakala-Andheri East, Mumbai",28.1,25.2,26.8,83,28.2,23.4,250,1003.5,10.5
2025-07-28,69.0,61.0,10.0,6.0,2.0,7.0,"Chakala-Andheri East, Mumbai",28.3,25.6,26.7,82,25.0,22.7,249,1004.9,8.8
2025-07-29,63.0,64.0,10.0,7.0,1.5,7.0,"Chakala-Andheri East, Mumbai",27.5,25.6,26.5,84,26.4,22.2,254,1005.3,8.6
2025-07-30,63.0,69.0,10.0,6.0,1.0,7.0,"Chakala-Andheri East, Mumbai",27.2,25.6,26.5,87,24.6,20.4,247,1004.9,7.8
2025-07-31,62.0,57.0,26.0,5.0,4.5,7.0,"Chakala-Andheri East, Mumbai",27.6,25.9,26.8,85,21.3,19.0,238,1005.4,3.9
2025-08-01,65.0,42.0,9.0,4.0,8.0,9.0,"Chakala-Andheri East, Mumbai",28.4,25.5,27.0,83,18.5,15.0,243,1006.2,4.1
2025-08-02,79.0,45.0,10.0,5.0,2.0,9.0,"Chakala-Andheri East, Mumbai",28.3,25.1,26.5,86,15.3,10.8,247,1006.4,8.7
2025-08-03,53.0,49.0,11.0,5.0,4.0,9.0,"Chakala-Andheri East, Mumbai",28.1,24.9,26.5,86,12.3,8.7,226,1007.2,4.0
2025-08-04,56.0,47.0,12.0,5.0,9.0,9.0,"Chakala-Andheri East, Mumbai",28.6,25.0,26.9,85,13.0,7.7,250,1008.3,3.5
2025-08-05,59.0,54.0,9.0,6.0,3.0,9.0,"Chakala-Andheri East, Mumbai",28.9,25.0,27.0,84,13.9,7.2,268,1007.9,4.3
2025-08-06,54.0,37.0,9.0,6.0,5.0,9.0,"Chakala-Andheri East, Mumbai",29.2,25.1,27.2,84,14.3,6.6,297,1007.4,1.2
2025-08-07,62.0,53.0,7.0,6.0,5.0,9.0,"Chakala-Andheri East, Mumbai",27.9,25.8,26.9,87,11.6,5.2,292,1007.2,3.2
2025-08-08,65.0,175.0,8.0,6.0,8.0,9.0,"Chakala-Andheri East, Mumbai",28.1,25.8,26.8,86,8.3,4.2,273,1007.9,2.9
2025-08-09,75.0,42.0,5.0,5.0,5.0,9.0,"Chakala-Andheri East, Mumbai",28.5,24.8,26.7,86,9.6,4.9,241,1009.4,1.6
2025-08-10,60.0,49.0,6.0,5.0,2.0,9.0,"Chakala-Andheri East, Mumbai",28.1,25.0,26.5,86,12.7,4.9,238,1008.7,3.2
2025-08-11,68.0,33.0,7.0,5.0,2.0,9.0,"Chakala-Andheri East, Mumbai",28.2,25.0,26.6,84,15.0,8.1,254,1008.4,4.3
2025-08-12,51.0,27.0,5.0,6.0,1.0,9.0,"Chakala-Andheri East, Mumbai",28.6,24.9,26.6,83,15.9,9.0,258,1007.1,5.0
2025-08-13,49.0,27.0,8.0,6.0,5.0,9.0,"Chakala-Andheri East, Mumbai",28.2,25.0,26.1,87,11.9,8.1,247,1005.1,15.4
2025-08-14,57.0,21.0,9.0,6.0,2.0,9.0,"Chakala-Andheri East, Mumbai",27.2,25.1,25.9,89,13.1,8.8,218,1004.4,38.9
2025-08-15,48.0,17.0,5.0,6.0,5.0,9.0,"Chakala-Andheri East, Mumbai",27.2,25.1,26.1,89,14.4,10.9,243,1003.8,35.8
2025-08-16,39.0,29.0,6.0,6.0,2.0,9.0,"Chakala-Andheri East, Mumbai",26.5,24.7,25.4,92,14.2,9.4,246,1002.6,34.2
2025-08-17,61.0,24.0,8.0,6.0,5.0,9.0,"Chakala-Andheri East, Mumbai",28.0,25.1,26.2,88,20.1,12.7,234,1001.4,16.3
2025-08-18,43.0,13.0,11.0,5.0,4.0,9.0,"Chakala-Andheri East, Mumbai",26.0,25.1,25.4,92,23.6,18.8,242,1003.6,127.0
2025-08-19,35.0,41.0,8.0,6.0,4.0,9.0,"Chakala-Andheri East, Mumbai",26.2,25.0,25.5,91,30.3,23.4,249,1002.5,136.5
2025-08-20,57.0,39.0,10.0,6.0,2.0,9.0,"Chakala-Andheri East, Mumbai",26.5,24.8,25.6,89,27.4,23.5,242,1003.7,61.5
2025-08-21,52.0,43.0,8.0,4.0,4.0,9.0,"Chakala-Andheri East, Mumbai",28.0,25.2,26.6,85,25.3,20.5,235,1007.0,26.0
2025-08-22,54.0,48.0,9.0,3.0,4.0,9.0,"Chakala-Andheri East, Mumbai",28.2,25.5,26.9,81,22.1,18.5,240,1007.9,4.5
2025-08-23,47.0,42.0,10.0,3.0,4.0,9.0,"Chakala-Andheri East, Mumbai",28.3,24.6,26.6,81,25.0,20.1,241,1007.1,10.4
2025-08-24,43.0,28.0,8.0,3.0,3.0,9.0,"Chakala-Andheri East, Mumbai",28.5,25.4,26.7,82,24.1,20.6,239,1007.7,6.7
2025-08-25,34.0,38.0,5.0,3.0,3.0,9.0,"Chakala-Andheri East, Mumbai",26.8,24.6,25.5,87,22.3,17.6,243,1007.1,23.2
2025-08-26,35.0,46.0,7.0,4.0,1.0,9.0,"Chakala-Andheri East, Mumbai",27.8,24.9,26.4,85,17.5,14.0,255,1006.7,14.9
2025-08-27,48.0,50.0,4.0,3.0,2.0,9.0,"Chakala-Andheri East, Mumbai",28.4,25.0,26.5,85,12.6,8.9,277,1005.5,7.6
2025-08-28,45.0,40.0,4.0,2.0,6.0,9.0,"Chakala-Andheri East, Mumbai",28.3,25.1,26.5,88,11.4,7.9,286,1004.6,16.3
2025-08-29,70.0,31.0,9.0,1.0,3.0,9.0,"Chakala-Andheri East, Mumbai",28.0,25.4,26.4,88,12.2,8.7,239,1004.6,7.5
2025-08-30,49.0,40.0,7.0,1.0,2.0,9.0,"Chakala-Andheri East, Mumbai",28.4,25.0,26.5,86,12.0,8.9,228,1006.5,2.8
2025-08-31,59.0,45.0,8.0,1.0,3.0,9.0,"Chakala-Andheri East, Mumbai",27.6,25.0,26.4,86,18.2,12.4,245,1006.9,10.0
2025-09-01,57.0,52.0,7.0,1.0,1.0,8.0,"Chakala-Andheri East, Mumbai",27.8,25.1,26.4,85,21.1,16.4,257,1005.3,6.7
2025-09-02,52.0,55.0,9.0,1.0,3.0,8.0,"Chakala-Andheri East, Mumbai",28.2,24.9,26.6,86,15.4,13.5,272,1005.1,5.7
2025-09-03,58.0,48.0,3.0,1.0,3.0,8.0,"Chakala-Andheri East, Mumbai",28.7,24.7,26.8,83,16.2,12.0,283,1005.4,4.8
2025-09-04,53.0,48.0,6.0,1.0,3.0,8.0,"Chakala-Andheri East, Mumbai",26.1,24.8,25.6,88,12.4,9.8,279,1005.7,17.2
2025-09-05,54.0,38.0,7.0,1.0,3.0,8.0,"Chakala-Andheri East, Mumbai",27.4,24.9,25.9,89,17.6,11.6,260,1006.2,18.2
2025-09-06,51.0,51.0,6.0,1.0,3.0,8.0,"Chakala-Andheri East, Mumbai",26.5,24.8,25.7,87,19.8,14.6,237,1007.3,24.9
2025-09-07,60.0,50.0,9.0,1.0,2.0,8.0,"Chakala-Andheri East, Mumbai",28.1,24.7,26.2,84,17.8,13.8,229,1007.5,9.2
2025-09-08,54.0,62.0,10.0,1.0,1.0,8.0,"Chakala-Andheri East, Mumbai",27.8,24.2,26.1,86,17.1,12.1,205,1007.4,5.5
2025-09-09,70.0,69.0,17.0,1.0,3.0,8.0,"Chakala-Andheri East, Mumbai",28.9,24.1,26.4,87,10.4,7.4,189,1009.0,0.7
2025-09-10,86.0,57.0,83.0,3.0,3.0,8.0,"Chakala-Andheri East, Mumbai",29.5,24.5,26.7,84,11.9,5.7,295,1009.7,0.3
2025-09-11,47.0,55.0,4.0,10.0,2.0,8.0,"Chakala-Andheri East, Mumbai",28.9,24.2,26.6,82,11.5,5.6,290,1009.5,1.5
2025-09-12,58.0,57.0,8.0,9.0,1.0,8.0,"Chakala-Andheri East, Mumbai",29.3,24.8,26.9,82,12.9,5.4,313,1009.4,1.2
2025-09-13,67.0,44.0,11.0,9.0,1.0,8.0,"Chakala-Andheri East, Mumbai",28.6,25.0,26.5,88,14.6,6.6,321,1009.0,12.7
2025-09-14,77.0,31.0,5.0,7.0,2.0,8.0,"Chakala-Andheri East, Mumbai",29.0,24.8,26.5,87,15.6,8.3,322,1008.7,12.2
2025-09-15,57.0,56.0,1.0,11.0,6.0,8.0,"Chakala-Andheri East, Mumbai",27.1,24.9,25.9,90,16.2,9.4,304,1008.1,65.5
2025-09-16,87.0,35.0,12.0,7.0,1.0,8.0,"Chakala-Andheri East, Mumbai",27.8,25.2,26.1,90,11.8,6.2,282,1007.8,5.2
2025-09-17,53.0,32.0,9.0,12.0,2.0,8.0,"Chakala-Andheri East, Mumbai",28.2,24.6,26.3,90,9.9,4.3,255,1007.7,25.7
2025-09-18,45.0,31.0,7.0,10.0,1.0,8.0,"Chakala-Andheri East, Mumbai",27.8,24.6,26.1,90,9.8,4.3,290,1007.6,10.4
2025-09-19,53.0,35.0,10.0,11.0,4.0,8.0,"Chakala-Andheri East, Mumbai",28.2,24.6,26.1,90,11.7,6.3,250,1008.6,8.2
2025-09-20,53.0,28.0,7.0,10.0,3.0,8.0,"Chakala-Andheri East, Mumbai",29.0,24.6,26.4,88,11.3,6.2,243,1008.7,12.3
2025-09-21,62.0,25.0,2.0,10.0,2.0,8.0,"Chakala-Andheri East, Mumbai",28.6,24.8,26.2,90,13.5,5.4,282,1008.3,15.7
2025-09-22,52.0,42.0,12.0,13.0,2.0,8.0,"Chakala-Andheri East, Mumbai",28.3,24.0,25.8,90,12.7,6.1,292,1009.1,17.0
2025-09-23,71.0,38.0,9.0,10.0,6.0,8.0,"Chakala-Andheri East, Mumbai",28.7,24.5,26.3,86,16.4,6.1,270,1009.5,10.7
2025-09-24,50.0,35.0,11.0,11.0,5.0,8.0,"Chakala-Andheri East, Mumbai",28.6,25.0,26.8,82,11.7,7.3,272,1008.1,2.5
2025-09-25,45.0,51.0,8.0,9.0,2.0,8.0,"Chakala-Andheri East, Mumbai",28.1,24.2,26.2,85,10.2,5.0,258,1007.4,3.1
2025-09-26,67.0,30.0,6.0,5.0,1.0,8.0,"Chakala-Andheri East, Mumbai",29.1,24.2,26.6,86,12.7,4.8,324,1007.3,3.0
2025-09-27,55.0,20.0,22.0,1.0,1.0,8.0,"Chakala-Andheri East, Mumbai",28.2,24.5,26.2,86,14.9,10.1,291,1007.4,14.1
2025-09-28,43.0,37.0,19.0,3.0,8.0,8.0,"Chakala-Andheri East, Mumbai",26.5,25.4,25.8,90,31.7,23.2,278,1003.8,125.7
2025-09-29,56.0,28.0,9.0,2.0,2.0,8.0,"Chakala-Andheri East, Mumbai",28.3,25.2,26.5,79,26.5,19.1,229,1004.2,15.8
2025-09-30,50.0,32.0,8.0,15.0,1.0,8.0,"Chakala-Andheri East, Mumbai",27.5,24.0,25.5,85,20.8,15.9,192,1005.4,11.2
2025-10-01,55.0,25.0,9.0,9.0,1.0,9.0,"Chakala-Andheri East, Mumbai",28.5,24.0,25.7,87,21.6,15.6,184,1005.0,12.0
2025-10-02,59.0,34.0,8.0,7.0,1.0,9.0,"Chakala-Andheri East, Mumbai",27.9,24.2,25.9,88,22.3,14.7,178,1007.0,4.1
2025-10-03,65.0,35.0,9.0,10.0,1.5,9.0,"Chakala-Andheri East, Mumbai",28.6,24.6,26.5,86,15.9,10.9,183,1009.7,2.4
2025-10-04,44.0,56.0,9.0,12.0,2.0,9.0,"Chakala-Andheri East, Mumbai",28.8,24.6,26.7,86,12.4,7.5,199,1011.0,3.1
2025-10-05,72.0,48.0,51.0,16.0,1.5,9.0,"Chakala-Andheri East, Mumbai",28.1,24.3,26.3,85,10.7,6.7,200,1011.1,0.7
2025-10-06,69.0,44.0,3.0,11.0,1.0,9.0,"Chakala-Andheri East, Mumbai",28.4,24.5,26.1,84,12.5,7.0,216,1011.7,1.1
2025-10-07,59.0,57.0,8.0,14.0,2.0,9.0,"Chakala-Andheri East, Mumbai",28.9,24.1,26.1,86,13.2,5.1,273,1011.8,2.1
2025-10-08,60.0,92.0,22.0,22.0,2.0,9.0,"Chakala-Andheri East, Mumbai",29.4,24.5,26.8,85,13.2,6.4,334,1011.5,0.3
2025-10-09,117.0,111.0,21.0,25.0,2.0,9.0,"Chakala-Andheri East, Mumbai",31.6,24.6,27.7,77,10.9,6.5,353,1011.6,0.0
2025-10-10,165.0,129.0,21.0,25.0,2.0,9.0,"Chakala-Andheri East, Mumbai",33.0,24.0,28.0,66,10.7,6.9,1,1010.2,0.1
2025-10-11,154.0,127.0,22.0,25.0,2.0,9.0,"Chakala-Andheri East, Mumbai",33.8,24.5,28.5,63,12.9,6.4,349,1009.9,0.1
2025-10-12,155.0,104.0,21.0,29.0,2.6666666666666665,9.0,"Chakala-Andheri East, Mumbai",34.8,24.5,29.0,59,12.2,6.8,348,1009.5,0.1
2025-10-13,149.0,100.0,25.0,29.0,3.333333333333333,9.0,"Chakala-Andheri East, Mumbai",34.5,24.5,29.2,56,14.1,7.7,350,1009.9,0.0
2025-10-14,150.0,102.0,22.0,30.0,4.0,9.0,"Chakala-Andheri East, Mumbai",35.2,24.1,29.2,55,14.1,7.6,343,1008.1,0.0
2025-10-15,154.0,87.0,29.0,27.0,2.0,9.0,"Chakala-Andheri East, Mumbai",34.9,24.5,29.2,57,7.5,4.3,58,1007.5,1.5
2025-10-16,143.0,61.0,19.0,22.0,2.0,9.0,"Chakala-Andheri East, Mumbai",35.0,26.3,29.5,69,16.6,6.0,61,1008.0,6.2
2025-10-17,100.0,83.0,31.0,23.0,2.0,9.0,"Chakala-Andheri East, Mumbai",36.0,26.0,30.6,63,12.4,8.0,18,1009.0,0.1
2025-10-18,153.0,65.0,26.0,20.0,1.0,9.0,"Chakala-Andheri East, Mumbai",35.7,26.6,30.5,59,12.2,6.3,9,1008.9,1.1
2025-10-19,160.0,126.0,22.0,24.0,1.0,9.0,"Chakala-Andheri East, Mumbai",35.2,26.4,30.3,61,11.7,7.5,11,1007.6,0.5
2025-10-20,199.0,125.0,23.0,15.0,1.0,9.0,"Chakala-Andheri East, Mumbai",35.0,26.0,30.2,60,14.3,8.0,12,1006.9,0.2
2025-10-21,196.0,70.0,22.0,16.0,5.0,9.0,"Chakala-Andheri East, Mumbai",34.3,26.1,29.6,62,11.6,6.9,46,1008.1,5.9
2025-10-22,140.0,67.0,13.0,17.0,2.0,9.0,"Chakala-Andheri East, Mumbai",33.9,26.0,29.2,74,11.2,6.3,41,1008.5,4.8
2025-10-23,125.0,57.0,12.0,19.0,3.0,9.0,"Chakala-Andheri East, Mumbai",34.5,26.4,29.9,71,13.8,7.7,43,1007.2,6.1
2025-10-24,100.0,38.0,6.0,15.0,4.0,9.0,"Chakala-Andheri East, Mumbai",33.0,27.0,29.5,72,13.7,6.7,128,1007.0,8.7
2025-10-25,61.0,37.0,8.0,13.0,4.0,9.0,"Chakala-Andheri East, Mumbai",30.1,25.2,27.1,84,14.4,8.3,138,1006.8,13.8
2025-10-26,62.0,31.0,7.0,13.0,2.0,9.0,"Chakala-Andheri East, Mumbai",26.8,24.0,25.2,92,17.8,9.8,128,1006.7,34.3
2025-10-27,67.0,48.0,9.0,14.0,2.0,9.0,"Chakala-Andheri East, Mumbai",30.4,23.7,26.0,88,20.5,12.3,151,1006.5,13.3
2025-10-28,75.0,61.0,11.0,16.0,2.0,9.0,"Chakala-Andheri East, Mumbai",31.7,25.3,27.5,77,16.8,13.2,146,1005.8,0.4
2025-10-29,84.0,50.0,10.0,16.0,2.0,9.0,"Chakala-Andheri East, Mumbai",30.9,25.9,27.4,79,18.5,10.3,153,1005.2,0.1
2025-10-30,79.0,46.0,5.0,18.0,1.0,9.0,"Chakala-Andheri East, Mumbai",28.6,24.6,26.4,83,20.2,13.4,157,1007.0,11.5
2025-10-31,70.0,47.0,7.0,15.0,3.0,9.0,"Chakala-Andheri East, Mumbai",29.1,24.4,26.6,83,24.2,17.1,161,1008.4,8.6
2025-11-01,142.0,47.0,4.0,15.0,1.0,11.0,"Chakala-Andheri East, Mumbai",28.4,25.0,26.5,88,19.2,13.8,170,1010.3,3.1
2025-11-02,63.0,39.0,34.0,15.0,52.0,11.0,"Chakala-Andheri East, Mumbai",27.6,25.1,26.2,89,16.2,11.2,183,1012.4,4.2
2025-11-03,67.0,50.0,12.0,16.0,1.0,11.0,"Chakala-Andheri East, Mumbai",28.6,23.9,26.1,88,12.2,7.5,201,1012.5,2.5
2025-11-04,92.0,55.0,14.0,16.0,1.3333333333333333,11.0,"Chakala-Andheri East, Mumbai",28.1,24.4,25.8,87,13.0,5.5,241,1011.9,1.6
2025-11-05,83.0,78.0,23.0,18.0,1.6666666666666663,11.0,"Chakala-Andheri East, Mumbai",28.5,23.4,25.7,82,9.0,5.1,334,1011.1,0.1
2025-11-06,112.0,100.0,24.0,26.0,2.0,11.0,"Chakala-Andheri East, Mumbai",29.1,22.9,25.7,82,12.3,6.3,348,1011.7,0.6
2025-11-07,156.0,83.0,21.0,27.0,4.0,11.0,"Chakala-Andheri East, Mumbai",31.4,23.8,26.7,74,12.3,6.3,346,1012.4,0.0
2025-11-08,121.0,80.0,18.0,25.0,4.0,11.0,"Chakala-Andheri East, Mumbai",33.3,22.5,27.2,58,11.3,7.9,19,1013.4,0.0
2025-11-09,123.0,87.0,26.0,29.0,4.0,11.0,"Chakala-Andheri East, Mumbai",31.4,21.2,26.0,57,12.0,6.9,329,1012.9,0.0
2025-11-10,138.0,95.0,33.0,33.0,5.0,11.0,"Chakala-Andheri East, Mumbai",32.2,20.6,26.1,58,11.1,5.7,258,1012.3,0.0
2025-11-11,152.0,94.0,27.0,27.0,5.0,11.0,"Chakala-Andheri East, Mumbai",32.0,21.4,26.4,59,12.7,6.4,346,1013.1,0.0
2025-11-12,152.0,97.0,28.0,29.0,4.0,11.0,"Chakala-Andheri East, Mumbai",32.8,21.2,26.9,46,13.4,7.4,18,1013.5,0.0
2025-11-13,153.0,101.0,27.0,34.0,2.0,11.0,"Chakala-Andheri East, Mumbai",33.3,21.9,27.2,46,13.6,8.1,16,1013.9,0.0
2025-11-14,161.0,107.0,26.0,42.0,4.0,11.0,"Chakala-Andheri East, Mumbai",33.1,21.2,26.8,49,10.8,6.8,15,1013.2,0.0
2025-11-15,161.0,96.0,27.0,29.0,2.0,11.0,"Chakala-Andheri East, Mumbai",33.2,20.9,26.4,47,11.8,7.2,30,1013.8,0.0
2025-11-16,158.0,100.0,29.0,25.0,5.0,11.0,"Chakala-Andheri East, Mumbai",33.1,20.8,26.3,43,12.9,8.3,39,1015.1,0.0
2025-11-17,162.0,105.0,30.0,30.0,3.0,11.0,"Chakala-Andheri East, Mumbai",32.4,20.9,25.8,44,15.9,9.6,30,1014.7,0.0
2025-11-18,166.0,114.0,29.0,31.0,5.0,11.0,"Chakala-Andheri East, Mumbai",32.2,19.6,25.2,45,14.4,8.7,28,1013.0,0.0
2025-11-19,167.0,111.0,32.0,39.0,2.0,11.0,"Chakala-Andheri East, Mumbai",32.8,18.7,25.5,45,12.3,8.5,21,1012.9,0.0
2025-11-20,166.0,117.0,34.0,38.0,2.0,11.0,"Chakala-Andheri East, Mumbai",32.9,19.8,25.9,49,12.0,7.4,2,1013.2,0.0
2025-11-21,173.0,126.0,35.0,43.0,6.0,11.0,"Chakala-Andheri East, Mumbai",33.8,20.0,26.2,51,11.2,7.4,17,1014.0,0.0
2025-11-22,175.0,129.0,47.0,39.0,5.0,11.0,"Chakala-Andheri East, Mumbai",33.2,22.4,27.2,55,9.5,6.3,342,1013.2,0.0
2025-11-23,182.0,120.0,28.0,43.0,4.0,11.0,"Chakala-Andheri East, Mumbai",32.7,23.9,27.5,61,11.6,5.7,333,1013.2,0.0
2025-11-24,177.0,115.0,35.0,41.0,3.0,11.0,"Chakala-Andheri East, Mumbai",32.8,23.5,27.5,64,12.2,6.3,333,1013.2,0.0
2025-11-25,177.0,99.0,45.0,40.0,1.0,11.0,"Chakala-Andheri East, Mumbai",33.0,23.8,27.5,66,9.2,5.8,334,1012.9,0.0
2025-11-26,169.0,94.0,20.0,34.0,5.0,11.0,"Chakala-Andheri East, Mumbai",32.6,24.2,27.6,67,11.0,5.0,306,1013.1,0.0
2025-11-27,165.0,86.0,15.0,35.0,2.0,11.0,"Chakala-Andheri East, Mumbai",33.7,23.6,27.6,62,13.3,7.1,360,1013.6,0.0
2025-11-28,158.0,78.0,15.0,30.0,6.0,11.0,"Chakala-Andheri East, Mumbai",33.2,22.6,27.2,59,12.1,7.1,357,1013.1,0.0
2025-11-29,141.0,70.0,21.0,31.0,4.0,11.0,"Chakala-Andheri East, Mumbai",32.9,23.2,27.2,49,11.6,7.4,38,1011.9,0.0
2025-11-30,139.0,81.0,30.0,40.0,7.0,11.0,"Chakala-Andheri East, Mumbai",32.0,20.4,25.4,49,13.3,7.3,6,1011.8,0.0
2025-12-01,154.0,83.0,31.0,43.0,7.0,12.0,"Chakala-Andheri East, Mumbai",32.5,19.6,25.3,49,13.4,7.4,11,1011.6,0.0
2025-12-02,153.0,85.0,35.0,37.0,5.0,12.0,"Chakala-Andheri East, Mumbai",32.2,19.9,25.4,54,12.9,6.6,350,1011.7,0.0
2025-12-03,157.0,84.0,25.0,25.0,7.0,12.0,"Chakala-Andheri East, Mumbai",33.3,20.1,26.1,49,12.3,8.0,18,1012.6,0.0
2025-12-04,159.0,85.0,29.0,29.0,8.0,12.0,"Chakala-Andheri East, Mumbai",33.7,21.9,27.2,47,13.8,9.3,27,1013.5,0.0
2025-12-05,157.0,79.0,28.0,28.0,7.0,12.0,"Chakala-Andheri East, Mumbai",34.1,23.1,28.0,48,13.1,9.6,34,1014.4,0.0
2025-12-06,148.0,80.0,35.0,28.0,5.0,12.0,"Chakala-Andheri East, Mumbai",33.0,23.3,27.3,49,13.0,9.2,23,1015.0,0.0
2025-12-07,153.0,86.0,20.0,41.0,4.0,12.0,"Chakala-Andheri East, Mumbai",33.5,21.8,26.7,46,13.0,8.6,24,1014.8,0.0
2025-12-08,152.0,72.0,31.0,32.0,7.0,12.0,"Chakala-Andheri East, Mumbai",33.7,20.9,26.4,50,13.3,7.1,8,1014.6,0.0
2025-12-09,116.0,61.0,18.0,32.0,8.0,12.0,"Chakala-Andheri East, Mumbai",33.1,20.2,26.5,34,11.4,7.5,32,1014.2,0.0
2025-12-10,90.0,65.0,19.0,33.0,8.0,12.0,"Chakala-Andheri East, Mumbai",33.2,20.7,26.2,34,12.5,7.8,20,1015.0,0.0
2025-12-11,98.0,77.0,25.0,38.0,7.0,12.0,"Chakala-Andheri East, Mumbai",33.0,20.4,25.6,36,12.1,8.2,23,1014.4,0.0
2025-12-12,128.0,77.0,28.0,17.0,6.0,12.0,"Chakala-Andheri East, Mumbai",32.3,18.9,24.8,42,12.1,7.4,8,1013.4,0.0
2025-12-13,135.0,83.0,26.0,18.0,5.0,12.0,"Chakala-Andheri East, Mumbai",33.0,19.1,25.1,46,13.3,6.7,360,1013.3,0.0
2025-12-14,148.0,76.0,21.0,22.0,4.0,12.0,"Chakala-Andheri East, Mumbai",32.4,19.7,25.5,43,14.2,7.7,17,1013.9,0.0
2025-12-15,142.0,73.0,31.0,30.0,1.0,12.0,"Chakala-Andheri East, Mumbai",32.5,19.7,25.7,42,12.4,7.9,33,1013.8,0.0
2025-12-16,130.0,85.0,31.0,38.0,1.0,12.0,"Chakala-Andheri East, Mumbai",32.8,19.5,25.5,42,14.4,9.1,47,1013.3,0.0
2025-12-17,152.0,88.0,23.0,41.0,2.0,12.0,"Chakala-Andheri East, Mumbai",33.1,20.5,26.1,47,12.2,7.3,11,1014.4,0.0
2025-12-18,155.0,79.0,27.0,38.0,3.0,12.0,"Chakala-Andheri East, Mumbai",33.1,20.0,25.9,45,11.9,7.1,9,1014.6,0.0
2025-12-19,139.0,71.0,15.0,37.0,4.0,12.0,"Chakala-Andheri East, Mumbai",33.2,19.6,25.2,42,15.6,7.9,11,1013.1,0.0
2025-12-20,115.0,67.0,22.0,32.0,3.5,12.0,"Chakala-Andheri East, Mumbai",33.1,19.0,24.9,39,13.9,7.1,15,1011.6,0.0
2025-12-21,100.0,77.0,17.0,38.0,3.0,12.0,"Chakala-Andheri East, Mumbai",32.4,19.2,24.9,39,12.6,8.1,23,1012.5,0.0
2025-12-22,136.0,69.0,21.0,32.0,2.5,12.0,"Chakala-Andheri East, Mumbai",31.6,18.5,24.5,40,14.8,7.2,359,1012.8,0.0
2025-12-23,113.0,60.0,24.0,30.0,7.0,12.0,"Chakala-Andheri East, Mumbai",32.3,19.9,25.2,45,15.7,8.6,11,1012.2,0.0
2025-12-24,94.0,78.0,27.0,40.0,7.0,12.0,"Chakala-Andheri East, Mumbai",32.2,20.8,25.2,44,14.8,9.3,17,1012.2,0.0
2025-12-25,126.0,85.0,40.0,41.0,1.0,12.0,"Chakala-Andheri East, Mumbai",31.5,19.1,24.7,48,13.7,7.9,15,1012.7,0.0
2025-12-26,161.0,88.0,27.0,37.0,1.5,12.0,"Chakala-Andheri East, Mumbai",31.3,19.0,24.7,48,15.1,7.4,357,1012.6,0.0
2025-12-27,156.0,90.0,32.0,42.0,2.0,12.0,"Chakala-Andheri East, Mumbai",32.0,19.7,25.0,48,13.4,8.1,12,1012.8,0.0
2025-12-28,158.0,82.25,27.75,38.0,2.0,12.0,"Chakala-Andheri East, Mumbai",31.5,20.0,24.9,48,12.0,7.6,6,1013.4,0.0
2025-12-31,122.75,59.0,15.0,26.0,2.0,12.0,"Chakala-Andheri East, Mumbai",28.8,18.1,23.2,72,13.4,5.7,299,1011.9,0.0
2026-01-01,111.0,78.0,22.0,32.0,2.0,11.0,"Chakala-Andheri East, Mumbai",28.0,20.0,23.5,76,13.6,7.4,332,1012.2,0.9
2026-01-02,142.0,91.0,15.0,40.0,1.0,11.0,"Chakala-Andheri East, Mumbai",28.5,20.1,23.8,75,14.3,8.2,340,1013.6,0.0
2026-01-03,156.0,110.0,15.0,40.0,4.0,11.0,"Chakala-Andheri East, Mumbai",30.2,20.2,24.5,66,12.1,7.5,342,1013.7,0.0
2026-01-04,171.0,94.0,20.0,37.0,3.5,11.0,"Chakala-Andheri East, Mumbai",30.4,21.4,25.4,66,12.2,8.7,344,1014.3,0.0
2026-01-05,164.0,99.0,18.0,38.0,3.0,11.0,"Chakala-Andheri East, Mumbai",31.6,21.9,25.8,60,12.3,7.3,334,1015.2,0.0
2026-01-06,165.0,96.0,23.0,41.0,4.0,11.0,"Chakala-Andheri East, Mumbai",31.4,21.5,25.5,60,13.4,7.2,15,1015.8,0.0
2026-01-07,165.0,82.0,16.0,35.0,58.0,11.0,"Chakala-Andheri East, Mumbai",31.0,19.6,24.7,59,12.8,7.1,354,1015.9,0.0
2026-01-08,148.0,87.0,9.0,73.0,32.0,11.0,"Chakala-Andheri East, Mumbai",30.5,19.0,24.1,52,13.4,7.4,352,1016.1,0.0
2026-01-09,154.0,86.0,17.0,41.0,6.0,11.0,"Chakala-Andheri East, Mumbai",31.4,17.9,23.8,48,13.5,7.7,358,1015.6,0.0
2026-01-10,155.0,91.0,11.0,37.0,3.0,11.0,"Chakala-Andheri East, Mumbai",30.1,19.0,23.6,51,16.3,9.3,354,1015.1,0.0
2026-01-11,160.0,81.0,12.0,26.0,5.0,11.0,"Chakala-Andheri East, Mumbai",31.5,18.8,24.3,50,14.1,8.8,358,1015.5,0.0
2026-01-12,144.0,86.0,1.0,46.0,8.0,11.0,"Chakala-Andheri East, Mumbai",32.2,20.1,25.3,44,11.3,7.2,10,1015.7,0.0
2026-01-13,153.0,90.0,1.0,28.0,3.0,11.0,"Chakala-Andheri East, Mumbai",31.4,22.0,26.4,49,9.0,5.2,327,1015.8,0.0
2026-01-14,155.0,84.0,4.0,37.0,6.0,11.0,"Chakala-Andheri East, Mumbai",31.1,22.3,25.9,58,15.9,8.9,337,1014.6,0.0
2026-01-15,153.0,97.0,58.0,39.0,5.0,11.0,"Chakala-Andheri East, Mumbai",29.8,18.9,24.1,53,13.1,8.1,339,1013.9,0.0
2026-01-16,163.0,74.0,32.0,26.0,1.0,11.0,"Chakala-Andheri East, Mumbai",30.0,19.0,24.0,68,11.1,6.5,322,1013.4,0.0
2026-01-17,142.0,65.0,26.0,19.0,1.5,11.0,"Chakala-Andheri East, Mumbai",29.6,18.9,23.6,71,12.6,7.2,307,1013.0,0.0
2026-01-18,118.0,66.0,24.0,26.0,2.0,11.0,"Chakala-Andheri East, Mumbai",26.5,19.6,22.8,74,14.5,7.6,329,1012.4,0.0
2026-01-19,115.0,74.0,35.0,36.0,1.6666666666666667,11.0,"Chakala-Andheri East, Mumbai",27.7,18.1,22.6,65,16.7,9.7,345,1013.5,0.0
2026-01-20,132.0,98.0,61.0,39.0,1.3333333333333337,11.0,"Chakala-Andheri East, Mumbai",28.1,17.8,22.9,60,11.4,7.4,339,1012.9,0.0
2026-01-21,163.0,95.0,51.0,35.0,1.0,11.0,"Chakala-Andheri East, Mumbai",31.0,19.2,24.6,61,13.7,5.2,266,1013.2,0.0
2026-01-22,162.0,73.0,28.0,25.0,1.0,11.0,"Chakala-Andheri East, Mumbai",30.2,20.5,24.7,63,14.5,6.6,279,1013.9,0.0
2026-01-23,141.0,71.0,34.0,26.0,7.0,11.0,"Chakala-Andheri East, Mumbai",28.1,20.4,23.7,74,17.1,7.9,335,1015.4,0.0
2026-01-24,122.0,92.0,44.0,32.0,1.0,11.0,"Chakala-Andheri East, Mumbai",28.8,18.8,23.2,63,15.2,8.6,340,1016.4,0.0
2026-01-25,154.0,100.0,63.0,30.0,1.0,11.0,"Chakala-Andheri East, Mumbai",30.0,19.0,23.7,65,10.6,6.8,345,1014.6,0.0
2026-01-26,168.0,72.0,29.0,21.0,1.0,11.0,"Chakala-Andheri East, Mumbai",31.0,19.8,24.8,67,8.8,5.8,317,1014.6,0.0
2026-01-27,138.0,64.0,36.0,25.0,1.0,11.0,"Chakala-Andheri East, Mumbai",27.5,21.8,23.9,76,16.4,9.8,334,1016.7,0.4
2026-01-28,98.0,83.0,46.0,38.0,1.0,11.0,"Chakala-Andheri East, Mumbai",29.8,19.8,23.8,63,13.6,9.7,349,1016.0,0.0
2026-01-29,136.0,93.0,44.0,22.0,1.0,11.0,"Chakala-Andheri East, Mumbai",32.5,19.7,25.1,50,11.2,6.1,338,1013.9,0.0
2026-01-30,161.0,81.0,38.0,22.0,1.0,11.0,"Chakala-Andheri East, Mumbai",31.5,23.0,26.0,65,13.6,5.6,225,1014.3,0.0
2026-01-31,157.0,86.0,71.0,27.0,3.0,11.0,"Chakala-Andheri East, Mumbai",28.8,22.0,25.0,82,14.9,6.6,321,1015.0,0.0
2026-02-01,160.0,104.0,62.0,31.0,4.0,13.0,"Chakala-Andheri East, Mumbai",31.8,21.2,25.5,71,13.1,7.8,338,1015.0,0.0
2026-02-02,169.0,65.0,44.0,39.0,3.0,13.0,"Chakala-Andheri East, Mumbai",33.2,21.5,26.4,55,12.4,6.5,327,1014.6,0.0
2026-02-03,166.0,94.0,63.0,30.0,2.0,13.0,"Chakala-Andheri East, Mumbai",32.2,21.6,26.2,51,12.7,6.9,337,1014.5,0.0
2026-02-04,230.0,94.0,40.0,33.0,4.0,13.0,"Chakala-Andheri East, Mumbai",33.8,21.9,26.8,50,14.2,6.9,348,1014.6,0.0
2026-02-05,162.0,98.0,38.0,34.0,4.0,13.0,"Chakala-Andheri East, Mumbai",33.8,22.5,27.3,48,14.0,7.6,335,1015.4,0.0
2026-02-06,159.0,93.0,22.0,41.0,5.0,13.0,"Chakala-Andheri East, Mumbai",33.7,22.1,27.2,47,18.1,8.8,353,1015.8,0.0
2026-02-07,158.0,97.0,2.0,45.0,9.0,13.0,"Chakala-Andheri East, Mumbai",33.2,21.6,26.9,43,13.2,7.9,341,1014.8,0.0
2026-02-08,163.0,96.0,10.2,43.8,7.8,13.0,"Chakala-Andheri East, Mumbai",33.5,21.9,27.2,43,12.3,7.7,342,1013.1,0.0
2026-02-12,159.0,92.0,43.0,39.0,3.0,13.0,"Chakala-Andheri East, Mumbai",32.7,22.0,26.8,53,13.7,7.0,318,1014.1,0.0
2026-02-13,158.0,100.0,84.0,42.0,6.0,13.0,"Chakala-Andheri East, Mumbai",33.0,21.9,26.6,55,12.1,6.0,326,1013.3,0.0
2026-02-14,162.0,103.0,53.0,44.0,8.0,13.0,"Chakala-Andheri East, Mumbai",34.5,22.1,27.3,53,14.4,7.0,332,1012.5,0.0
2026-02-15,160.0,88.0,62.0,46.0,5.0,13.0,"Chakala-Andheri East, Mumbai",34.5,23.0,28.0,44,14.7,7.9,339,1012.4,0.0
2026-02-16,153.0,78.0,44.0,33.0,3.0,13.0,"Chakala-Andheri East, Mumbai",32.0,22.8,26.7,48,13.7,7.5,327,1010.9,0.0
2026-02-17,137.0,57.0,25.0,23.0,4.0,13.0,"Chakala-Andheri East, Mumbai",30.3,22.6,25.7,61,14.9,9.9,332,1011.1,0.0
2026-02-18,119.0,57.0,25.0,23.0,4.0,13.0,"Chakala-Andheri East, Mumbai",28.5,21.6,24.7,68,15.8,9.2,331,1011.7,0.0
