date,pm25,pm10,o3,no2,so2,co,location,temperature_2m_max,temperature_2m_min,temperature_2m_mean,relative_humidity_2m_mean,wind_speed_10m_max,wind_speed_10m_mean,wind_direction_10m_dominant,pressure_msl_mean,precipitation_sum
2019-07-13,51.0,35.0,3.0,1.0,3.0,1.0,"Colaba, Mumbai",27.8,25.6,26.7,91,23.5,18.6,210,1007.9,6.0
2019-07-14,48.0,43.0,4.0,1.0,3.0,1.0,"Colaba, Mumbai",28.3,26.0,27.1,89,20.4,17.2,236,1007.2,6.1
2019-07-15,49.0,44.0,4.0,1.0,3.0,1.0,"Colaba, Mumbai",29.1,25.9,27.3,88,23.4,18.4,236,1006.0,5.0
2019-07-16,54.0,42.0,4.0,1.0,3.0,1.0,"Colaba, Mumbai",27.8,25.8,26.8,89,18.8,16.2,225,1006.7,6.5
2019-07-17,53.0,53.0,4.0,1.0,3.0,1.0,"Colaba, Mumbai",28.3,25.7,26.9,88,18.2,13.2,234,1006.7,8.1
2019-07-18,57.0,64.0,10.0,2.0,3.0,2.0,"Colaba, Mumbai",28.3,25.9,27.1,88,16.7,12.5,236,1005.0,3.4
2019-07-19,73.0,43.0,5.0,6.0,3.0,2.0,"Colaba, Mumbai",29.0,26.1,27.5,87,15.9,8.2,247,1003.2,2.7
2019-07-20,63.0,41.0,10.0,6.0,4.0,3.0,"Colaba, Mumbai",28.6,26.5,27.5,88,14.0,5.8,268,1002.3,9.6
2019-07-21,84.0,17.0,8.0,2.0,3.0,2.0,"Colaba, Mumbai",29.2,26.0,27.3,88,14.7,8.7,304,1001.1,66.0
2019-07-22,38.0,14.0,6.0,1.0,3.0,1.0,"Colaba, Mumbai",29.5,26.3,27.8,86,21.6,11.3,196,1000.3,4.7
2019-07-23,28.0,22.0,5.0,1.0,3.0,1.0,"Colaba, Mumbai",28.8,26.1,27.4,88,35.2,20.2,222,1001.2,13.2
2019-07-24,45.0,38.0,5.0,1.0,3.0,1.0,"Colaba, Mumbai",27.5,26.4,26.8,90,33.7,23.7,248,1003.5,147.8
2019-07-25,56.0,39.0,5.0,1.0,3.0,1.0,"Colaba, Mumbai",27.6,26.4,26.9,90,23.9,18.4,248,1006.2,20.6
2019-07-26,53.0,41.0,5.0,1.0,3.0,1.0,"Colaba, Mumbai",27.6,26.0,26.6,90,25.7,21.4,250,1005.5,30.3
2019-07-27,56.0,47.0,6.0,1.0,3.0,1.0,"Colaba, Mumbai",27.3,25.8,26.3,90,30.2,24.6,256,1005.2,43.0
2019-07-28,59.0,45.0,5.0,1.0,3.0,1.0,"Colaba, Mumbai",27.5,25.8,26.8,87,29.9,23.0,259,1005.1,12.0
2019-07-29,56.0,32.0,5.0,1.0,3.0,1.0,"Colaba, Mumbai",26.6,25.5,26.2,90,29.4,23.7,258,1004.5,27.9
2019-07-30,47.0,29.0,4.0,1.0,3.0,1.0,"Colaba, Mumbai",26.9,25.8,26.2,89,33.7,28.6,255,1005.2,65.5
2019-07-31,46.0,34.0,6.0,1.0,3.0,1.0,"Colaba, Mumbai",26.8,25.6,26.3,89,30.0,25.6,252,1006.3,31.8
2019-08-01,46.0,30.0,8.0,4.0,3.0,1.0,"Colaba, Mumbai",27.8,26.2,26.8,86,30.0,27.3,254,1005.7,14.2
2019-08-02,43.0,23.0,5.0,4.0,3.0,1.0,"Colaba, Mumbai",28.2,25.6,26.5,89,35.3,29.5,245,1004.6,33.1
2019-08-03,39.0,34.0,5.0,4.0,4.0,1.0,"Colaba, Mumbai",26.2,25.7,26.0,91,37.1,30.3,246,1003.7,97.5
2019-08-04,47.0,38.0,3.0,4.0,2.0,1.0,"Colaba, Mumbai",26.6,25.8,26.3,89,37.0,28.7,266,1003.2,90.7
2019-08-05,50.0,34.0,8.0,4.0,1.9411764705882355,1.0,"Colaba, Mumbai",26.6,25.8,26.1,91,31.0,26.9,262,1002.9,56.9
2019-08-06,46.0,38.0,8.0,4.0,1.8823529411764703,2.0,"Colaba, Mumbai",27.2,25.9,26.4,90,32.7,27.6,255,1002.9,40.8
2019-08-07,51.0,56.0,7.0,1.0,1.8235294117647056,2.0,"Colaba, Mumbai",28.1,26.0,26.8,88,34.7,28.3,257,1001.8,19.2
2019-08-08,68.0,54.0,8.0,1.0,4.0,2.0,"Colaba, Mumbai",27.7,26.3,26.9,87,36.4,32.2,260,1000.3,11.9
2019-08-09,68.0,133.0,9.0,1.0,4.0,2.0,"Colaba, Mumbai",27.9,26.3,27.0,86,39.7,35.9,252,1000.5,9.2
2019-08-10,72.0,49.0,10.0,1.0,4.0,2.0,"Colaba, Mumbai",28.2,26.2,27.1,84,42.5,35.9,238,1002.0,10.0
2019-08-11,61.0,47.0,9.0,1.0,4.0,2.0,"Colaba, Mumbai",28.2,25.6,26.7,86,37.0,27.4,236,1004.3,13.6
2019-08-12,57.0,39.0,9.0,2.0,4.0,2.0,"Colaba, Mumbai",28.1,25.7,26.8,87,23.4,18.7,244,1005.4,5.5
2019-08-13,50.0,49.0,10.0,1.0,4.0,2.0,"Colaba, Mumbai",28.2,25.7,26.8,89,20.5,15.6,244,1005.4,5.0
2019-08-14,58.0,38.0,9.0,1.0,4.0,2.0,"Colaba, Mumbai",27.7,25.9,26.7,90,19.8,15.6,239,1006.2,8.6
2019-08-15,56.0,42.0,9.0,1.0,4.0,2.0,"Colaba, Mumbai",27.3,25.6,26.5,89,23.7,19.2,239,1007.1,10.9
2019-08-16,54.0,42.0,11.0,1.0,4.0,2.0,"Colaba, Mumbai",28.4,25.6,26.8,87,26.4,20.7,239,1006.5,7.7
2019-08-17,51.0,40.0,11.0,1.0,4.0,2.0,"Colaba, Mumbai",28.2,25.9,27.0,86,23.9,19.0,229,1006.2,3.5
2019-08-18,50.0,41.0,9.0,1.0,4.0,3.0,"Colaba, Mumbai",28.5,25.8,26.9,86,18.9,14.1,229,1007.9,2.5
2019-08-19,51.0,50.0,8.0,1.0,4.0,3.0,"Colaba, Mumbai",28.0,25.8,26.9,87,16.6,10.7,236,1008.8,2.6
2019-08-20,48.0,42.0,10.0,1.0,4.0,3.0,"Colaba, Mumbai",28.3,25.8,27.1,87,16.2,8.6,274,1008.8,1.7
2019-08-21,44.0,39.0,9.0,2.0,1.0,3.0,"Colaba, Mumbai",27.4,25.9,26.6,89,15.2,10.1,275,1008.2,5.1
2019-08-22,47.0,34.0,8.0,2.0,3.0,3.0,"Colaba, Mumbai",27.3,25.4,26.3,89,15.1,10.2,266,1007.5,4.8
2019-08-23,45.0,35.0,11.0,1.8333333333333333,3.0,2.0,"Colaba, Mumbai",27.7,25.1,26.3,89,16.7,10.7,240,1007.5,5.1
2019-08-24,45.0,33.8,10.2,1.6666666666666667,3.6,2.2,"Colaba, Mumbai",27.5,25.0,26.2,89,16.8,13.4,214,1007.1,6.2
2019-08-28,41.0,29.0,7.0,1.0,6.0,3.0,"Colaba, Mumbai",27.5,25.4,26.5,89,22.4,17.7,199,1004.9,4.1
2019-08-29,40.0,27.0,6.0,1.0,7.0,3.0,"Colaba, Mumbai",28.0,25.4,26.8,88,21.5,14.1,203,1005.3,5.1
2019-08-30,41.0,30.0,8.0,1.0,7.0,3.0,"Colaba, Mumbai",27.8,26.0,26.8,89,17.1,12.2,225,1004.0,13.1
2019-08-31,45.0,27.0,8.0,1.0,7.0,3.0,"Colaba, Mumbai",27.5,25.8,26.6,90,19.7,15.7,224,1002.8,25.0
2019-09-01,45.0,39.0,6.0,1.0,7.0,3.0,"Colaba, Mumbai",27.7,25.7,26.9,88,22.1,17.8,217,1003.6,21.6
2019-09-02,50.0,13.0,3.0,1.0,9.0,3.0,"Colaba, Mumbai",27.7,26.0,26.8,90,22.1,18.2,217,1005.1,15.2
2019-09-03,33.0,21.0,4.0,1.0,9.0,2.0,"Colaba, Mumbai",27.2,25.7,26.2,91,20.9,16.4,235,1004.6,45.7
2019-09-04,42.0,13.0,4.0,1.0,8.0,2.0,"Colaba, Mumbai",26.6,25.7,26.1,92,24.4,19.4,257,1002.8,81.1
2019-09-05,27.0,20.0,4.0,1.0,8.0,2.0,"Colaba, Mumbai",27.5,25.6,26.4,90,29.7,22.0,251,1002.0,46.1
2019-09-06,39.0,20.0,4.0,1.0,8.0,2.0,"Colaba, Mumbai",27.1,25.9,26.4,92,27.7,23.4,236,1002.5,53.4
2019-09-07,35.0,17.0,6.0,1.0,8.0,2.0,"Colaba, Mumbai",27.4,25.9,26.6,90,26.7,23.5,230,1002.8,45.3
2019-09-08,36.0,36.0,5.0,1.0,8.0,2.0,"Colaba, Mumbai",27.3,26.1,26.5,91,28.0,22.9,234,1004.2,48.7
2019-09-09,54.0,32.0,5.0,1.0,8.0,2.0,"Colaba, Mumbai",28.0,25.9,26.8,90,24.7,22.1,244,1004.3,29.8
2019-09-10,50.0,28.0,4.0,1.0,9.0,3.0,"Colaba, Mumbai",27.6,26.0,26.6,91,24.7,18.7,237,1004.4,19.0
2019-09-11,48.0,18.0,5.0,1.5,11.0,2.0,"Colaba, Mumbai",27.5,25.6,26.7,90,20.0,16.7,233,1007.0,8.4
2019-09-12,39.0,24.0,3.0,2.0,11.0,2.0,"Colaba, Mumbai",26.7,25.7,26.2,90,21.1,17.6,238,1008.5,14.4
2019-09-13,45.0,38.0,3.0,2.5,11.0,2.0,"Colaba, Mumbai",27.0,25.0,25.9,92,20.8,15.3,251,1008.9,35.7
2019-09-14,48.0,25.0,7.0,3.0,11.0,3.0,"Colaba, Mumbai",27.4,25.4,26.4,90,18.0,14.4,263,1008.5,13.7
2019-09-15,45.0,26.0,4.0,1.0,10.0,2.0,"Colaba, Mumbai",27.1,25.4,26.3,90,18.4,11.8,278,1009.0,12.9
2019-09-16,42.0,25.0,3.0,2.0,7.0,2.0,"Colaba, Mumbai",27.5,25.5,26.5,90,18.8,12.8,281,1008.0,5.7
2019-09-17,44.0,30.0,5.0,2.0,2.0,1.0,"Colaba, Mumbai",28.2,26.1,27.0,87,20.6,12.4,298,1007.0,4.0
2019-09-18,57.0,24.0,16.0,4.0,2.0,2.0,"Colaba, Mumbai",28.1,25.8,26.8,90,18.4,8.2,325,1007.0,19.2
2019-09-19,67.0,25.0,8.0,1.0,3.0,1.0,"Colaba, Mumbai",28.0,24.8,26.2,91,15.3,7.9,127,1005.6,31.2
2019-09-20,47.0,16.0,8.0,1.0,2.0,1.0,"Colaba, Mumbai",28.0,25.5,26.6,89,26.6,21.1,166,1005.3,5.1
2019-09-21,40.0,24.0,7.0,1.0,2.0,1.0,"Colaba, Mumbai",28.1,25.5,26.8,87,33.5,23.7,165,1005.0,10.4
2019-09-22,51.0,43.0,6.0,1.0,2.0,1.0,"Colaba, Mumbai",28.5,25.6,27.1,86,27.6,18.6,178,1006.8,0.4
2019-09-23,63.0,47.0,5.0,1.0,1.5,1.0,"Colaba, Mumbai",28.6,25.9,27.2,87,17.4,9.3,215,1008.6,1.4
2019-09-24,57.0,21.0,8.0,4.0,1.0,2.0,"Colaba, Mumbai",28.8,25.5,27.3,88,21.1,8.7,335,1008.0,6.1
2019-09-25,52.0,27.0,9.0,2.0,3.0,3.0,"Colaba, Mumbai",29.0,25.2,26.6,90,13.7,7.2,10,1007.1,27.6
2019-09-26,63.0,12.0,7.0,1.8333333333333333,3.0,2.5,"Colaba, Mumbai",28.5,25.7,26.8,89,24.2,13.7,186,1008.3,20.4
2019-09-27,29.0,10.0,4.0,1.6666666666666667,1.0,2.0,"Colaba, Mumbai",27.5,25.4,26.3,88,28.6,22.6,187,1011.6,17.1
2019-09-28,31.0,13.0,4.0,1.5,1.0,1.5,"Colaba, Mumbai",28.1,25.3,26.6,87,24.8,19.6,192,1011.1,5.9
2019-09-29,33.0,13.0,4.0,7.0,2.0,1.0,"Colaba, Mumbai",28.6,25.5,27.0,86,26.1,17.9,196,1011.4,3.6
2019-09-30,28.0,27.0,2.0,7.0,3.0,2.0,"Colaba, Mumbai",28.2,25.7,26.7,89,18.5,12.8,210,1011.1,6.0
2019-10-01,41.0,41.0,4.0,1.0,4.0,2.0,"Colaba, Mumbai",28.3,25.8,27.0,88,14.7,7.9,234,1011.3,2.1
2019-10-02,58.0,50.0,4.0,2.0,4.0,3.0,"Colaba, Mumbai",28.6,25.2,27.3,85,15.5,6.9,291,1011.9,1.1
2019-10-03,62.0,49.0,7.0,4.0,6.0,3.0,"Colaba, Mumbai",29.4,25.5,27.3,87,17.3,8.6,336,1010.9,0.7
2019-10-04,72.0,61.0,12.0,6.0,8.0,5.0,"Colaba, Mumbai",29.1,25.7,27.2,88,13.8,7.2,352,1010.9,3.7
2019-10-05,109.0,67.0,30.0,8.0,8.0,5.0,"Colaba, Mumbai",30.1,25.1,27.3,87,14.6,7.1,356,1009.7,4.2
2019-10-06,117.0,69.0,28.0,7.0,6.0,4.0,"Colaba, Mumbai",29.7,25.0,27.5,86,12.7,6.6,334,1010.0,1.7
2019-10-07,133.0,74.0,17.0,6.0,4.0,4.0,"Colaba, Mumbai",30.0,25.9,27.7,86,16.4,7.9,345,1010.8,5.3
2019-10-08,138.0,41.0,13.0,7.0,4.0,3.0,"Colaba, Mumbai",30.6,26.1,28.2,86,14.9,6.5,3,1009.8,8.0
2019-10-09,73.0,57.0,21.0,11.0,8.0,5.0,"Colaba, Mumbai",30.9,26.1,28.2,83,10.8,6.0,112,1009.3,5.5
2019-10-10,120.0,51.0,20.0,10.0,8.0,4.0,"Colaba, Mumbai",31.2,26.0,28.5,84,12.9,6.1,323,1009.4,0.5
2019-10-11,100.0,75.0,21.0,9.0,10.0,2.0,"Colaba, Mumbai",30.5,26.0,28.3,83,14.6,5.0,201,1009.4,4.4
2019-10-12,129.0,65.0,27.0,11.0,11.0,4.0,"Colaba, Mumbai",30.6,26.1,28.0,86,17.5,5.9,21,1009.8,4.3
2019-10-13,121.0,79.0,24.0,11.0,9.0,4.0,"Colaba, Mumbai",31.0,25.6,28.1,85,13.1,5.5,357,1010.7,2.8
2019-10-14,148.0,80.0,14.0,12.0,9.0,4.0,"Colaba, Mumbai",32.7,26.4,29.1,80,17.6,8.6,1,1010.8,0.0
2019-10-15,144.0,96.0,37.0,13.0,11.0,5.0,"Colaba, Mumbai",33.3,26.0,29.2,72,19.5,9.7,10,1010.3,0.0
2019-10-16,147.0,95.0,56.0,12.0,8.0,5.0,"Colaba, Mumbai",33.2,25.2,28.7,69,19.3,10.2,18,1010.2,0.0
2019-10-17,154.0,90.0,7.0,16.0,7.0,5.0,"Colaba, Mumbai",33.3,25.2,28.6,70,20.2,9.5,15,1010.0,0.0
2019-10-18,142.0,49.0,3.0,11.0,4.0,4.0,"Colaba, Mumbai",31.4,25.3,28.3,76,11.8,8.0,56,1009.8,0.0
2019-10-19,94.0,18.0,8.0,9.0,3.0,4.0,"Colaba, Mumbai",27.6,25.6,26.2,87,11.4,7.6,58,1011.1,21.9
2019-10-20,56.0,31.0,25.0,7.0,2.0,4.0,"Colaba, Mumbai",26.2,24.8,25.5,91,14.8,9.6,35,1011.1,33.8
2019-10-21,69.0,23.0,15.0,6.0,2.0,3.0,"Colaba, Mumbai",30.4,24.6,26.7,86,11.2,8.7,20,1009.4,17.9
2019-10-22,44.0,24.0,6.0,5.0,4.0,3.0,"Colaba, Mumbai",28.4,24.5,26.3,88,13.0,7.4,161,1008.3,20.6
2019-10-23,59.0,44.0,8.0,12.0,5.0,5.0,"Colaba, Mumbai",27.0,24.4,25.5,90,9.4,5.1,133,1006.8,83.8
2019-10-24,90.0,31.0,4.0,12.0,4.0,4.0,"Colaba, Mumbai",28.9,24.8,26.7,88,12.7,7.8,61,1005.6,15.8
2019-10-25,67.0,28.0,10.0,7.0,3.0,3.0,"Colaba, Mumbai",28.4,25.1,26.5,84,22.7,15.0,48,1004.2,13.3
2019-10-26,52.0,36.0,16.0,4.0,1.0,3.0,"Colaba, Mumbai",27.0,24.8,26.2,87,22.0,11.7,83,1005.9,13.6
2019-10-27,68.0,50.0,19.0,5.0,4.0,3.0,"Colaba, Mumbai",30.0,24.6,27.0,82,16.9,9.8,156,1008.8,0.4
2019-10-28,97.0,67.0,33.0,8.0,20.0,4.0,"Colaba, Mumbai",29.1,24.7,26.6,85,14.1,6.6,11,1010.3,1.3
2019-10-29,125.0,63.0,28.0,10.0,19.0,4.0,"Colaba, Mumbai",30.1,24.3,27.2,83,11.5,6.7,6,1010.9,1.2
2019-10-30,127.0,59.0,13.0,13.0,22.0,3.0,"Colaba, Mumbai",31.2,25.5,28.2,82,14.1,7.0,48,1010.0,0.8
2019-10-31,65.0,42.0,15.0,7.0,22.0,3.0,"Colaba, Mumbai",32.0,26.2,28.7,72,14.0,9.9,72,1008.6,2.0
2019-11-01,59.0,22.0,8.0,4.0,23.0,2.0,"Colaba, Mumbai",30.5,25.6,27.4,81,21.0,9.6,82,1008.2,5.7
2019-11-02,49.0,41.0,13.0,5.0,23.0,3.0,"Colaba, Mumbai",30.2,24.6,27.0,84,20.4,9.7,154,1010.7,0.4
2019-11-03,67.0,51.0,16.0,6.0,13.0,3.0,"Colaba, Mumbai",29.5,24.8,27.0,84,12.8,7.2,225,1013.1,0.0
2019-11-04,88.0,57.0,23.0,6.0,25.0,4.0,"Colaba, Mumbai",29.7,24.3,27.1,87,19.2,10.0,342,1013.7,0.0
2019-11-05,111.0,67.0,19.0,10.0,17.0,5.0,"Colaba, Mumbai",30.4,25.1,27.5,86,16.3,9.3,341,1011.5,0.0
2019-11-06,137.0,23.0,16.0,1.0,9.0,1.0,"Colaba, Mumbai",29.4,24.5,26.8,85,17.9,7.5,315,1009.3,0.0
2019-11-07,56.0,34.0,14.0,3.0,5.0,2.0,"Colaba, Mumbai",28.7,25.7,27.0,84,24.5,17.0,200,1008.7,2.7
2019-11-08,60.0,44.0,18.0,4.0,4.0,2.0,"Colaba, Mumbai",27.7,25.1,26.3,84,22.9,14.6,216,1009.8,3.2
2019-11-09,75.0,66.0,26.0,7.0,4.0,4.0,"Colaba, Mumbai",27.9,24.3,26.2,85,13.2,7.6,219,1010.7,1.0
2019-11-10,125.0,79.0,39.0,13.0,4.0,5.0,"Colaba, Mumbai",28.8,23.9,26.2,89,17.6,9.1,341,1010.9,0.0
2019-11-11,155.0,97.0,50.0,14.0,4.0,5.0,"Colaba, Mumbai",30.5,23.5,26.6,84,14.5,7.6,349,1010.2,0.0
2019-11-12,164.0,81.0,42.0,13.0,9.0,4.0,"Colaba, Mumbai",31.8,23.6,27.1,81,13.2,7.7,360,1010.8,0.0
2019-11-13,153.0,88.0,50.0,14.0,24.0,3.0,"Colaba, Mumbai",32.0,24.3,27.7,78,12.0,7.1,31,1011.9,0.0
2019-11-14,157.0,85.0,34.0,13.0,21.0,6.0,"Colaba, Mumbai",31.6,23.8,27.0,73,13.2,7.8,29,1012.0,0.0
2019-11-15,161.0,87.0,25.0,13.0,31.0,5.0,"Colaba, Mumbai",30.5,23.3,27.0,73,13.8,7.9,53,1011.7,0.0
2019-11-16,164.0,87.0,20.0,13.0,26.0,5.0,"Colaba, Mumbai",31.2,24.8,27.6,78,13.0,7.8,358,1011.6,0.0
2019-11-17,165.0,84.0,47.0,12.0,15.0,5.0,"Colaba, Mumbai",32.7,25.2,28.5,74,16.3,8.7,8,1012.4,0.0
2019-11-18,163.0,110.0,46.5,21.0,12.0,6.0,"Colaba, Mumbai",31.0,24.5,27.4,69,21.2,11.6,1,1012.3,0.0
2019-11-19,176.0,109.0,46.0,28.0,15.0,6.0,"Colaba, Mumbai",33.0,23.0,26.8,71,20.4,10.4,11,1011.4,0.0
2019-11-20,176.0,113.0,27.0,11.0,18.0,5.0,"Colaba, Mumbai",32.3,22.5,26.6,75,16.8,9.1,353,1010.6,0.0
2019-11-21,175.0,103.0,35.0,16.0,42.0,4.0,"Colaba, Mumbai",33.0,23.6,27.5,73,14.1,8.5,13,1011.5,0.0
2019-11-22,170.0,107.0,36.0,14.0,37.0,4.0,"Colaba, Mumbai",32.5,24.3,27.7,72,18.4,8.9,360,1012.9,0.0
2019-11-23,168.0,95.0,40.0,12.0,31.0,5.0,"Colaba, Mumbai",32.4,23.9,27.2,72,19.2,9.0,359,1012.7,0.0
2019-11-24,166.0,94.0,41.0,14.0,20.0,5.0,"Colaba, Mumbai",32.1,23.5,27.1,72,16.4,8.9,8,1011.9,0.0
2019-11-25,167.0,106.0,48.0,19.0,32.0,5.0,"Colaba, Mumbai",31.7,22.8,26.6,73,17.2,8.4,355,1011.2,0.0
2019-11-26,170.0,89.0,26.0,14.0,25.0,4.0,"Colaba, Mumbai",31.9,22.7,26.5,73,19.7,9.0,354,1010.3,0.0
2019-11-27,157.0,86.0,45.0,17.0,22.0,5.0,"Colaba, Mumbai",32.1,23.0,27.0,70,17.3,9.8,17,1010.8,0.0
2019-11-28,160.0,94.0,33.0,17.0,17.0,5.0,"Colaba, Mumbai",32.3,23.5,27.2,70,15.9,9.3,5,1011.2,0.0
2019-11-29,166.0,102.0,32.0,18.0,23.0,6.0,"Colaba, Mumbai",31.4,23.6,27.2,70,18.2,9.9,345,1011.7,0.0
2019-11-30,170.0,117.0,28.0,16.0,20.0,6.0,"Colaba, Mumbai",31.9,25.0,27.7,73,17.8,9.0,357,1011.3,0.0
2019-12-01,178.0,85.0,36.0,13.0,14.0,5.0,"Colaba, Mumbai",31.7,24.4,27.7,72,16.8,9.8,351,1011.5,0.0
2019-12-02,156.0,116.0,16.0,7.0,31.0,3.0,"Colaba, Mumbai",33.4,24.6,28.3,65,14.0,9.8,28,1011.2,0.0
2019-12-03,150.0,101.0,14.0,8.0,13.0,4.0,"Colaba, Mumbai",31.8,25.5,27.9,68,13.7,10.5,60,1011.5,0.1
2019-12-04,134.0,78.0,12.0,2.0,13.0,3.0,"Colaba, Mumbai",31.3,25.4,27.7,72,15.1,10.2,3,1012.5,0.0
2019-12-05,137.0,99.0,45.0,6.0,8.0,4.0,"Colaba, Mumbai",29.5,25.8,27.7,74,17.9,9.1,38,1014.0,3.4
2019-12-06,170.0,97.0,69.0,14.0,7.0,4.0,"Colaba, Mumbai",32.3,25.3,28.0,63,22.2,11.0,24,1013.4,0.0
2019-12-07,160.0,101.0,62.0,18.0,9.0,5.0,"Colaba, Mumbai",31.2,23.4,26.5,64,20.3,10.1,2,1012.6,0.0
2019-12-08,172.0,101.0,49.0,15.0,9.0,5.0,"Colaba, Mumbai",31.0,23.0,26.2,68,16.7,9.2,6,1013.0,0.0
2019-12-09,167.0,101.0,60.0,18.0,12.0,5.0,"Colaba, Mumbai",31.7,22.9,26.7,72,16.5,8.8,356,1012.7,0.0
2019-12-10,169.0,114.0,42.0,17.0,14.0,5.0,"Colaba, Mumbai",31.3,23.2,26.8,76,16.6,7.9,341,1011.6,0.0
2019-12-11,174.0,110.0,38.0,14.0,16.0,4.0,"Colaba, Mumbai",29.8,23.0,26.4,77,15.3,8.0,333,1010.7,0.0
2019-12-12,174.0,84.0,23.0,14.0,14.0,4.0,"Colaba, Mumbai",29.1,23.4,25.8,74,16.5,8.2,323,1010.5,0.0
2019-12-13,142.0,88.0,25.0,15.0,12.0,3.0,"Colaba, Mumbai",28.6,22.6,25.0,78,23.0,11.4,351,1012.5,0.0
2019-12-14,129.0,86.0,12.0,14.0,10.0,4.0,"Colaba, Mumbai",29.0,20.9,24.5,67,21.3,12.7,349,1014.4,0.0
2019-12-15,159.0,103.0,49.0,16.0,12.0,5.0,"Colaba, Mumbai",28.3,21.2,24.4,66,18.9,12.0,346,1013.2,0.0
2019-12-16,171.0,97.0,51.0,16.0,6.0,5.0,"Colaba, Mumbai",29.6,21.9,25.0,71,20.9,11.1,346,1012.6,0.0
2019-12-17,165.0,97.0,62.0,17.0,7.0,5.0,"Colaba, Mumbai",31.2,22.1,25.6,72,21.2,11.6,2,1013.3,0.0
2019-12-18,165.0,95.0,68.0,18.0,9.0,5.0,"Colaba, Mumbai",31.9,22.5,26.0,68,18.9,10.7,19,1014.0,0.0
2019-12-19,166.0,103.0,63.0,19.0,8.0,5.0,"Colaba, Mumbai",31.0,21.3,25.5,69,18.9,10.1,353,1012.9,0.0
2019-12-20,173.0,134.0,33.0,24.0,10.0,6.0,"Colaba, Mumbai",30.2,21.5,25.3,72,17.6,8.5,345,1012.0,0.0
2019-12-21,177.0,107.0,7.0,18.0,12.0,5.0,"Colaba, Mumbai",30.3,22.3,25.8,72,17.0,9.5,349,1011.5,0.0
2019-12-22,175.0,104.0,35.0,13.0,16.0,6.0,"Colaba, Mumbai",31.3,22.2,26.5,67,15.3,9.5,35,1011.2,0.0
2019-12-23,175.0,132.0,45.0,18.0,12.0,6.0,"Colaba, Mumbai",30.7,23.6,26.6,72,13.0,6.8,344,1010.9,0.0
2019-12-24,192.0,133.0,30.0,24.0,12.0,5.0,"Colaba, Mumbai",30.0,23.2,26.2,77,13.0,7.2,338,1012.0,0.0
2019-12-25,203.0,135.0,38.0,13.0,9.0,5.0,"Colaba, Mumbai",30.9,24.6,26.8,71,21.9,12.9,352,1012.2,0.0
2019-12-26,171.0,102.0,62.0,19.0,8.0,6.0,"Colaba, Mumbai",29.6,23.5,25.8,66,21.0,12.0,347,1012.3,1.4
2019-12-27,172.0,93.0,51.0,20.0,7.0,6.0,"Colaba, Mumbai",29.3,20.4,24.5,69,22.2,10.3,349,1011.4,0.0
2019-12-28,165.0,85.0,53.0,17.0,6.0,5.0,"Colaba, Mumbai",31.0,21.2,25.1,69,22.5,12.1,22,1010.9,0.0
2019-12-29,163.0,92.0,63.0,18.666666666666668,6.666666666666667,5.333333333333333,"Colaba, Mumbai",29.3,22.4,25.1,70,17.8,9.2,358,1011.7,0.0
2019-12-31,221.66666666666663,106.0,83.0,22.0,8.0,6.0,"Colaba, Mumbai",27.1,19.4,22.9,65,20.2,11.2,349,1013.1,0.0
2020-01-01,251.0,104.0,55.0,17.0,5.0,6.0,"Colaba, Mumbai",25.7,16.8,21.4,76,13.8,8.0,347,1013.7,0.0
2020-01-02,181.0,97.0,54.0,19.0,4.0,5.0,"Colaba, Mumbai",26.3,18.4,22.3,77,16.9,9.0,336,1015.7,0.0
2020-01-03,171.0,96.0,51.0,16.0,1.0,5.0,"Colaba, Mumbai",26.2,19.1,22.2,76,25.3,13.1,347,1015.1,0.0
2020-01-04,166.0,101.0,50.0,22.0,4.0,6.0,"Colaba, Mumbai",25.8,19.0,21.9,68,23.6,14.7,346,1013.4,0.0
2020-01-05,172.0,128.0,45.0,16.0,5.0,8.0,"Colaba, Mumbai",29.7,19.3,23.4,68,19.8,11.8,22,1012.6,0.0
2020-01-06,199.0,106.0,44.5,19.0,9.0,5.0,"Colaba, Mumbai",29.8,21.0,24.6,67,18.8,12.6,8,1013.3,0.0
2020-01-07,173.0,79.0,44.0,10.0,4.0,4.0,"Colaba, Mumbai",27.3,20.8,24.0,79,20.8,9.6,309,1012.9,0.0
2020-01-08,154.0,87.0,21.0,20.0,8.0,5.0,"Colaba, Mumbai",27.0,21.5,24.0,76,18.6,11.3,329,1013.0,0.0
2020-01-09,152.0,96.0,26.0,22.0,7.0,5.0,"Colaba, Mumbai",27.5,19.8,22.9,61,25.5,15.0,349,1013.4,0.0
2020-01-10,158.0,89.0,38.0,19.0,21.0,4.0,"Colaba, Mumbai",30.7,19.4,23.9,64,22.0,11.6,10,1012.4,0.0
2020-01-11,162.0,102.0,28.0,13.0,4.0,5.0,"Colaba, Mumbai",31.5,21.4,25.3,70,17.3,10.2,16,1013.0,0.0
2020-01-12,171.0,83.0,18.0,14.0,2.0,4.0,"Colaba, Mumbai",29.3,20.8,24.7,76,19.4,8.3,318,1013.2,0.0
2020-01-13,141.0,53.0,9.0,7.0,1.5,1.0,"Colaba, Mumbai",27.2,22.0,24.0,84,19.5,8.6,323,1012.1,0.0
2020-01-14,90.0,60.0,34.0,6.0,1.0,1.0,"Colaba, Mumbai",26.6,21.3,23.3,79,23.3,13.2,348,1012.1,0.2
2020-01-15,90.0,59.0,29.0,14.0,3.0,2.0,"Colaba, Mumbai",25.1,20.1,22.2,64,24.2,15.0,337,1012.8,0.0
2020-01-16,98.0,69.0,36.0,19.0,3.0,3.0,"Colaba, Mumbai",24.1,18.2,20.8,65,23.1,13.7,346,1014.2,0.0
2020-01-17,125.0,93.0,23.5,26.0,7.0,6.0,"Colaba, Mumbai",24.4,16.7,19.8,58,26.6,15.6,351,1014.6,0.0
2020-01-18,165.0,101.0,11.0,23.0,4.0,5.0,"Colaba, Mumbai",27.4,16.5,21.5,64,20.4,12.8,350,1013.0,0.0
2020-01-19,169.0,101.0,37.0,23.0,8.0,6.0,"Colaba, Mumbai",28.5,18.9,23.1,67,19.6,11.5,340,1012.9,0.0
2020-01-20,172.0,76.0,66.0,16.0,6.0,6.0,"Colaba, Mumbai",30.1,18.8,23.5,74,19.2,9.6,339,1012.9,0.0
2020-01-21,175.0,92.0,60.0,22.0,9.0,5.0,"Colaba, Mumbai",28.5,19.5,23.5,76,19.2,9.1,325,1013.9,0.0
2020-01-22,165.0,110.0,53.0,24.0,8.0,5.0,"Colaba, Mumbai",30.1,19.8,24.3,67,20.1,10.4,343,1014.6,0.0
2020-01-23,171.0,90.0,42.0,20.0,8.0,5.0,"Colaba, Mumbai",31.0,21.9,25.5,64,24.7,14.4,349,1013.6,0.0
2020-01-24,162.0,104.0,58.0,19.0,9.0,6.0,"Colaba, Mumbai",30.9,20.7,25.2,68,21.7,10.8,347,1013.2,0.0
2020-01-25,171.0,106.0,55.0,14.0,6.0,5.0,"Colaba, Mumbai",30.0,21.0,25.0,66,24.1,12.0,341,1013.1,0.0
2020-01-26,175.0,59.0,29.0,4.0,6.0,3.0,"Colaba, Mumbai",29.6,20.2,24.3,72,17.1,9.7,325,1011.6,0.0
2020-01-27,111.0,44.0,28.0,6.0,7.0,2.0,"Colaba, Mumbai",27.4,20.2,23.8,77,16.2,9.1,301,1011.6,0.0
2020-01-28,75.0,71.0,31.0,7.0,4.0,2.0,"Colaba, Mumbai",26.1,20.1,23.0,79,19.2,10.1,307,1012.7,0.6
2020-01-29,202.0,82.0,50.0,19.0,9.0,4.0,"Colaba, Mumbai",24.6,19.2,22.1,64,24.9,14.3,340,1015.4,0.1
2020-01-30,125.0,84.0,50.0,19.0,7.0,4.0,"Colaba, Mumbai",27.0,17.3,21.5,59,23.3,12.2,347,1014.5,0.0
2020-01-31,145.0,92.0,41.0,25.0,5.0,5.0,"Colaba, Mumbai",25.7,16.6,21.4,63,22.7,11.6,334,1012.3,0.0
2020-02-01,155.0,90.0,34.0,19.0,7.0,5.0,"Colaba, Mumbai",27.5,18.6,22.4,64,23.4,12.5,337,1012.0,0.0
2020-02-02,162.0,79.0,43.0,10.0,6.0,5.0,"Colaba, Mumbai",28.5,19.4,23.0,75,17.4,8.1,308,1013.4,0.0
2020-02-03,154.0,86.0,55.0,15.0,5.0,5.0,"Colaba, Mumbai",26.4,18.6,22.9,81,15.8,7.3,284,1014.3,0.0
2020-02-04,156.0,84.0,50.0,21.0,7.0,4.0,"Colaba, Mumbai",27.4,20.3,23.3,72,20.7,11.5,341,1013.2,0.0
2020-02-05,130.0,68.0,47.0,10.0,5.0,3.0,"Colaba, Mumbai",28.7,19.2,23.2,54,22.9,12.5,338,1012.8,0.0
2020-02-06,108.0,71.0,42.0,13.0,7.0,3.0,"Colaba, Mumbai",26.6,19.0,22.7,63,19.5,11.5,333,1013.0,0.0
2020-02-07,108.0,84.0,51.0,19.0,5.0,5.0,"Colaba, Mumbai",26.3,18.3,21.9,61,24.7,12.6,332,1014.0,0.0
2020-02-08,148.0,97.0,4.0,35.0,1.0,6.0,"Colaba, Mumbai",28.7,17.7,22.8,65,30.6,14.8,345,1013.7,0.0
2020-02-09,157.0,116.5,14.666666666666666,26.5,9.5,7.5,"Colaba, Mumbai",30.9,21.0,24.7,55,31.5,17.1,10,1013.7,0.0
2020-02-10,176.5,136.0,25.33333333333333,18.0,18.0,9.0,"Colaba, Mumbai",30.7,22.0,25.6,60,22.2,14.4,10,1012.6,0.0
2020-02-11,196.0,156.0,36.0,21.0,10.0,6.0,"Colaba, Mumbai",32.4,22.8,26.6,62,19.4,12.9,5,1012.7,0.0
2020-02-12,153.0,74.0,53.0,19.0,6.0,5.0,"Colaba, Mumbai",33.8,22.9,27.6,59,20.3,12.7,23,1014.3,0.0
2020-02-13,161.0,88.0,26.0,22.0,7.0,5.0,"Colaba, Mumbai",33.9,23.6,27.6,56,28.9,12.5,358,1014.5,0.0
2020-02-14,152.0,92.0,30.33333333333333,18.0,7.0,4.0,"Colaba, Mumbai",32.6,24.1,27.6,45,24.8,16.6,352,1012.8,0.0
2020-02-15,126.0,86.0,34.666666666666664,17.0,5.0,5.0,"Colaba, Mumbai",30.2,22.2,25.5,49,25.3,13.5,336,1012.3,0.0
2020-02-16,146.0,118.0,39.0,26.0,5.0,3.0,"Colaba, Mumbai",30.5,21.3,25.0,62,21.2,11.9,329,1012.7,0.0
2020-02-17,181.0,160.0,59.0,25.0,7.0,4.0,"Colaba, Mumbai",32.5,21.0,25.9,64,18.4,9.1,319,1013.1,0.0
2020-02-18,194.0,117.0,44.0,27.0,11.0,5.0,"Colaba, Mumbai",33.4,22.0,27.0,59,21.9,9.5,323,1012.6,0.0
2020-02-19,172.0,80.0,29.0,18.0,8.0,4.0,"Colaba, Mumbai",30.6,21.7,26.1,69,18.7,9.4,312,1012.1,0.0
2020-02-20,137.0,65.0,25.0,13.0,10.0,3.0,"Colaba, Mumbai",30.0,21.1,25.1,74,21.2,11.3,328,1011.6,0.0
2020-02-21,104.0,96.0,51.0,20.0,11.0,5.0,"Colaba, Mumbai",30.0,21.7,25.0,70,22.9,11.4,330,1013.7,0.0
2020-02-22,230.0,102.0,50.0,23.0,10.0,5.0,"Colaba, Mumbai",31.6,21.2,25.7,58,21.2,12.4,335,1014.5,0.0
2020-02-23,159.0,96.0,44.0,21.0,8.0,5.0,"Colaba, Mumbai",32.2,21.8,26.3,54,23.1,12.9,334,1013.2,0.0
2020-02-24,164.0,92.0,28.0,22.0,8.0,4.0,"Colaba, Mumbai",30.4,20.6,25.4,57,24.5,13.1,329,1011.3,0.0
2020-02-25,122.0,88.0,37.0,24.0,12.0,3.0,"Colaba, Mumbai",33.9,23.5,27.2,40,27.6,17.6,356,1010.3,0.0
2020-02-26,127.0,94.0,30.0,27.0,12.0,5.0,"Colaba, Mumbai",34.1,22.8,26.8,41,25.9,13.6,360,1010.9,0.0
2020-02-27,138.0,108.0,25.0,39.0,12.0,5.0,"Colaba, Mumbai",35.5,20.7,26.2,53,21.5,11.5,1,1011.0,0.0
2020-02-28,154.0,99.0,23.0,26.0,12.0,4.0,"Colaba, Mumbai",31.1,20.6,25.4,59,21.9,10.9,331,1009.7,0.0
2020-02-29,141.0,98.0,8.0,10.0,9.0,3.0,"Colaba, Mumbai",30.3,20.9,25.5,64,25.4,11.1,322,1009.6,0.0
2020-03-01,117.0,79.0,7.0,11.0,9.0,4.0,"Colaba, Mumbai",29.4,21.3,25.0,71,23.9,13.4,326,1010.7,0.0
2020-03-02,124.0,80.0,13.0,6.0,20.0,3.0,"Colaba, Mumbai",28.3,20.8,24.4,79,17.6,9.2,301,1011.7,0.0
2020-03-03,112.0,75.0,13.0,5.0,19.0,2.0,"Colaba, Mumbai",27.8,20.7,24.5,80,16.9,8.9,293,1012.2,0.0
2020-03-04,103.0,77.0,12.0,9.0,22.0,3.0,"Colaba, Mumbai",27.9,21.6,24.5,77,19.5,9.8,302,1011.9,0.0
2020-03-05,105.0,62.0,9.0,2.0,13.0,1.0,"Colaba, Mumbai",27.6,21.8,24.5,76,19.9,10.4,281,1010.6,0.0
2020-03-06,65.0,85.0,12.0,5.0,10.0,2.0,"Colaba, Mumbai",28.0,22.7,25.2,66,21.0,10.7,260,1010.7,0.0
2020-03-07,86.0,80.0,11.0,12.0,14.0,3.0,"Colaba, Mumbai",27.5,21.2,24.2,66,20.8,11.4,320,1012.6,0.1
2020-03-08,90.0,84.0,11.0,7.0,10.0,3.0,"Colaba, Mumbai",27.7,19.9,23.6,68,20.5,10.3,321,1012.4,0.0
2020-03-09,108.0,68.0,4.0,5.0,15.0,2.0,"Colaba, Mumbai",28.0,19.4,23.8,75,21.3,10.4,318,1011.2,0.0
2020-03-10,95.0,66.0,9.0,2.0,9.0,1.0,"Colaba, Mumbai",27.7,21.3,24.7,75,15.9,9.0,304,1011.1,0.0
2020-03-11,65.0,52.0,13.0,6.0,7.0,1.0,"Colaba, Mumbai",27.7,23.0,24.8,66,21.9,11.7,311,1011.9,0.0
2020-03-12,70.0,70.0,12.0,9.0,8.0,2.0,"Colaba, Mumbai",27.1,21.3,23.9,71,21.5,12.9,329,1013.6,0.1
2020-03-13,81.0,83.0,10.0,11.0,5.0,2.0,"Colaba, Mumbai",28.2,19.6,23.4,62,29.0,16.1,343,1013.9,0.0
2020-03-14,139.0,98.0,5.0,18.0,12.0,4.0,"Colaba, Mumbai",31.4,20.1,24.8,52,29.6,17.4,350,1011.9,0.0
2020-03-15,234.0,99.0,6.0,20.0,13.0,5.0,"Colaba, Mumbai",33.3,19.7,25.9,46,20.9,11.4,344,1010.0,0.0
2020-03-16,151.0,104.0,68.0,27.0,8.0,5.0,"Colaba, Mumbai",35.1,20.5,27.3,52,23.9,11.1,333,1010.6,0.0
2020-03-17,155.0,74.0,49.0,14.0,7.0,3.0,"Colaba, Mumbai",32.7,22.1,26.9,57,23.8,11.7,323,1011.6,0.0
2020-03-18,120.0,58.0,41.0,10.0,4.0,3.0,"Colaba, Mumbai",31.7,23.4,27.2,59,18.8,11.9,314,1011.9,0.0
2020-03-19,92.0,37.0,29.0,3.0,3.0,2.0,"Colaba, Mumbai",30.8,21.7,26.1,67,20.9,11.0,324,1011.8,0.0
2020-03-20,62.0,44.0,38.0,4.0,6.0,2.0,"Colaba, Mumbai",28.9,22.6,25.6,75,16.2,8.8,294,1011.9,0.0
2020-03-21,67.0,44.0,33.0,1.0,3.0,2.0,"Colaba, Mumbai",28.7,21.7,25.1,80,20.4,10.8,309,1011.8,0.0
2020-03-22,68.0,48.0,37.0,1.0,3.0,2.0,"Colaba, Mumbai",29.9,22.5,25.9,78,26.7,14.2,331,1011.3,0.0
2020-03-23,75.0,61.0,50.0,1.0,3.0,2.0,"Colaba, Mumbai",32.3,23.9,27.3,73,24.7,12.9,327,1010.1,0.0
2020-03-24,96.0,56.0,33.0,1.0,4.0,2.0,"Colaba, Mumbai",31.7,24.0,28.0,67,24.2,11.4,316,1008.3,0.0
2020-03-25,84.0,52.0,29.0,1.0,4.0,2.0,"Colaba, Mumbai",30.4,25.4,27.9,78,17.4,8.7,242,1008.3,0.0
2020-03-26,67.0,53.0,39.0,1.0,5.0,2.0,"Colaba, Mumbai",30.7,24.8,27.9,82,20.3,8.9,251,1009.4,0.0
2020-03-27,71.0,53.0,42.0,3.0,3.0,2.0,"Colaba, Mumbai",32.7,25.1,28.6,66,26.7,14.9,333,1011.3,0.0
2020-03-28,90.0,51.0,45.0,1.0,3.0,2.0,"Colaba, Mumbai",33.5,25.6,28.8,56,30.1,17.9,334,1010.9,0.0
2020-03-29,75.0,49.0,33.0,1.0,3.0,2.0,"Colaba, Mumbai",33.7,24.7,28.5,57,26.7,16.4,335,1009.3,0.0
2020-03-30,71.0,47.0,30.0,1.0,3.0,2.0,"Colaba, Mumbai",32.1,24.8,28.0,64,19.7,12.2,317,1009.8,0.0
2020-03-31,74.0,47.0,36.0,1.0,3.0,2.0,"Colaba, Mumbai",31.7,23.6,27.6,68,25.3,13.4,322,1010.9,0.0
2020-04-01,68.0,56.0,36.0,1.0,3.0,2.0,"Colaba, Mumbai",31.5,23.7,27.4,70,26.0,14.4,328,1010.5,0.0
2020-04-02,78.0,60.0,32.0,1.0,3.0,2.0,"Colaba, Mumbai",33.5,24.0,28.1,66,25.9,14.3,325,1008.7,0.0
2020-04-03,76.0,58.0,28.0,1.0,3.0,2.0,"Colaba, Mumbai",31.7,24.7,27.9,72,25.1,12.2,317,1009.2,0.0
2020-04-04,74.0,57.0,28.0,2.0,4.0,2.0,"Colaba, Mumbai",31.5,24.1,27.6,73,24.5,11.5,311,1009.7,0.0
2020-04-05,85.0,49.0,25.0,1.0,4.0,2.0,"Colaba, Mumbai",31.3,22.8,27.3,78,20.0,9.4,280,1010.7,0.0
2020-04-06,68.0,50.0,17.0,1.0,4.0,2.0,"Colaba, Mumbai",30.1,24.2,27.3,81,20.1,11.4,232,1011.6,0.0
2020-04-07,61.0,58.07692307692308,17.0,1.0,4.0,2.230769230769231,"Colaba, Mumbai",30.0,23.4,26.5,82,18.1,9.2,280,1010.7,0.0
2020-04-19,162.53846153846155,155.0,17.0,1.0,4.0,5.0,"Colaba, Mumbai",33.4,27.4,30.1,71,25.8,12.6,299,1008.8,0.0
2020-04-20,171.0,18.0,19.0,1.0,4.0,5.0,"Colaba, Mumbai",35.9,26.3,31.0,59,27.5,14.3,328,1008.1,0.0
2020-04-21,64.0,24.0,20.0,1.0,7.0,5.0,"Colaba, Mumbai",32.7,24.8,28.7,74,21.3,10.4,299,1009.3,0.0
2020-04-22,68.0,22.0,19.0,1.0,10.0,4.0,"Colaba, Mumbai",31.5,25.2,28.6,81,23.3,9.8,270,1008.7,0.0
2020-04-23,66.0,20.0,17.0,1.0,11.0,4.0,"Colaba, Mumbai",32.2,26.8,29.3,77,22.1,11.3,268,1008.9,0.0
2020-04-24,66.0,20.0,22.0,1.0,12.0,4.0,"Colaba, Mumbai",32.3,25.9,29.0,80,21.6,10.8,277,1008.1,0.0
2020-04-25,52.0,21.0,21.0,1.0,11.0,4.0,"Colaba, Mumbai",31.8,25.8,29.1,74,19.6,10.5,266,1009.1,0.0
2020-04-26,57.0,19.0,19.0,1.0,10.0,4.0,"Colaba, Mumbai",31.8,25.1,28.4,79,25.7,12.2,306,1009.4,0.0
2020-04-27,55.0,22.0,21.0,1.0,12.0,4.0,"Colaba, Mumbai",31.6,26.0,28.7,76,23.7,10.2,296,1010.6,0.0
2020-04-28,66.0,25.0,20.0,1.0,11.0,4.0,"Colaba, Mumbai",33.0,25.7,29.3,75,28.8,13.9,324,1008.9,0.0
2020-04-29,63.0,26.0,18.0,1.0,12.0,5.0,"Colaba, Mumbai",32.8,26.3,29.7,78,20.3,10.5,267,1008.7,0.0
2020-04-30,62.0,35.0,19.0,1.1,13.0,5.0,"Colaba, Mumbai",32.0,28.2,29.8,77,18.1,12.4,255,1010.0,0.0
2020-05-01,79.0,15.0,17.0,1.2,13.0,5.0,"Colaba, Mumbai",31.9,28.5,29.7,77,19.8,12.7,281,1010.2,0.1
2020-05-02,41.0,13.0,18.0,1.3,12.0,5.0,"Colaba, Mumbai",32.4,27.8,29.7,78,23.9,12.3,299,1008.7,0.0
2020-05-03,36.0,14.0,17.0,4.0,13.0,5.0,"Colaba, Mumbai",32.3,27.9,29.6,79,22.2,12.9,308,1008.4,0.0
2020-05-04,44.0,19.0,18.0,4.0,12.0,5.0,"Colaba, Mumbai",32.1,26.6,29.2,81,22.1,11.9,299,1009.3,0.0
2020-05-05,43.0,80.0,19.0,4.0,15.0,6.0,"Colaba, Mumbai",32.5,26.7,29.6,79,23.8,11.2,306,1008.6,0.0
2020-05-06,117.0,71.0,21.0,4.0,14.0,5.0,"Colaba, Mumbai",33.4,27.1,29.8,80,24.8,10.9,288,1007.4,0.0
2020-05-07,98.0,80.0,19.0,4.0,15.0,5.0,"Colaba, Mumbai",32.0,25.8,28.9,82,22.6,10.5,277,1008.2,0.0
2020-05-08,105.0,66.0,21.0,4.0,18.0,5.0,"Colaba, Mumbai",32.0,26.9,29.2,78,20.4,9.8,283,1008.5,0.0
2020-05-09,85.0,53.0,19.0,2.0,14.0,5.0,"Colaba, Mumbai",32.1,27.3,29.5,75,21.9,10.5,296,1008.6,0.0
2020-05-10,81.0,46.0,18.0,1.5,13.0,6.0,"Colaba, Mumbai",32.7,26.9,29.5,79,25.5,11.2,305,1008.2,0.0
2020-05-11,73.0,81.0,18.0,1.0,17.0,5.0,"Colaba, Mumbai",33.4,27.2,29.7,76,24.6,11.1,311,1008.5,0.0
2020-05-12,136.0,54.0,17.0,1.0,14.0,5.0,"Colaba, Mumbai",32.4,26.6,29.1,77,22.6,10.9,313,1008.0,0.0
2020-05-13,107.0,22.0,16.0,1.0,14.0,5.0,"Colaba, Mumbai",32.6,26.8,29.5,79,21.7,11.0,298,1007.4,0.0
2020-05-14,49.0,69.0,17.0,1.0,18.0,5.0,"Colaba, Mumbai",32.7,27.1,30.0,78,26.6,12.8,312,1006.6,0.0
2020-05-15,93.0,47.0,17.0,1.0,12.0,5.0,"Colaba, Mumbai",32.9,28.3,30.2,75,26.7,14.0,314,1006.6,0.0
2020-05-16,103.0,50.0,18.0,1.0,11.0,5.0,"Colaba, Mumbai",32.2,28.6,30.2,76,21.4,11.6,304,1006.6,0.0
2020-05-17,113.0,73.0,18.0,1.0,10.0,5.0,"Colaba, Mumbai",32.6,28.2,30.1,76,24.0,12.5,305,1006.1,0.0
2020-05-18,123.0,46.5,18.0,1.0,7.0,5.0,"Colaba, Mumbai",32.5,28.6,30.2,73,24.2,16.5,308,1005.6,0.0
2020-05-19,72.75,20.0,16.0,5.0,6.0,5.0,"Colaba, Mumbai",32.2,28.4,29.9,73,21.0,14.3,294,1005.2,0.0
2020-05-20,143.0,14.0,18.0,5.0,3.0,4.0,"Colaba, Mumbai",32.1,28.2,29.8,71,18.0,12.2,267,1005.3,0.0
2020-05-21,49.0,14.0,18.0,2.0,3.0,4.0,"Colaba, Mumbai",32.0,28.1,29.7,73,19.8,11.9,266,1006.5,0.0
2020-05-22,51.0,24.0,16.0,2.0,2.0,3.0,"Colaba, Mumbai",32.3,27.8,29.9,73,19.4,11.4,272,1007.7,0.0
2020-05-23,54.0,27.0,16.0,2.0,2.0,3.0,"Colaba, Mumbai",32.7,26.8,29.5,79,24.3,12.9,296,1007.4,0.0
2020-05-24,46.0,31.0,16.0,2.0,2.0,3.0,"Colaba, Mumbai",32.4,28.2,30.1,76,23.1,13.0,298,1007.9,0.0
2020-05-25,49.0,32.0,15.0,2.0,2.0,3.0,"Colaba, Mumbai",32.3,28.4,30.0,77,20.8,11.4,297,1008.4,0.4
2020-05-26,52.0,30.0,15.0,2.0,2.0,3.0,"Colaba, Mumbai",32.3,28.3,30.0,77,19.1,11.5,275,1008.5,0.0
2020-05-27,51.0,25.0,15.0,2.0,1.0,3.0,"Colaba, Mumbai",32.4,28.5,30.0,74,18.2,13.0,274,1008.1,0.1
2020-05-28,43.0,21.0,14.0,2.0,2.0,3.0,"Colaba, Mumbai",32.5,28.7,30.4,71,18.4,14.5,260,1007.2,0.0
2020-05-29,39.0,22.0,14.0,2.0,2.0,3.0,"Colaba, Mumbai",32.8,28.8,30.5,73,19.1,13.5,262,1007.2,0.3
2020-05-30,41.0,25.0,15.0,2.0,2.0,3.0,"Colaba, Mumbai",32.9,28.0,30.2,76,18.4,10.6,287,1007.6,0.8
2020-05-31,42.0,25.0,19.0,2.0,1.0,4.0,"Colaba, Mumbai",34.2,28.4,30.7,73,25.0,14.9,307,1007.7,0.3
2020-06-01,54.0,28.0,18.0,2.0,2.0,4.0,"Colaba, Mumbai",30.4,27.2,28.8,80,14.0,6.7,245,1008.1,9.4
2020-06-02,80.0,18.0,14.0,2.0,1.0,3.0,"Colaba, Mumbai",29.9,26.1,28.0,81,21.3,12.6,39,1005.1,14.0
2020-06-03,50.0,103.0,13.0,2.0,1.0,3.0,"Colaba, Mumbai",29.1,25.7,26.9,85,66.1,35.9,359,997.2,129.5
2020-06-04,132.0,25.0,14.0,2.0,1.0,3.0,"Colaba, Mumbai",29.2,26.8,27.9,83,24.8,16.9,229,1005.1,8.0
2020-06-05,34.0,23.6,13.6,2.0,1.0,3.0,"Colaba, Mumbai",30.0,26.5,27.7,85,27.5,20.0,195,1006.4,6.0
2020-06-09,57.2,18.0,12.0,2.0,4.0,3.0,"Colaba, Mumbai",28.9,26.4,27.6,88,15.9,12.7,209,1006.5,6.8
2020-06-10,63.0,16.0,12.0,2.0,4.0,3.0,"Colaba, Mumbai",29.5,26.8,27.8,88,15.9,11.0,225,1005.5,7.6
2020-06-11,64.0,16.714285714285715,12.0,2.7142857142857144,4.0,2.857142857142857,"Colaba, Mumbai",28.7,26.7,27.6,88,16.8,11.4,216,1003.3,11.4
2020-06-17,17.0,21.0,12.0,7.0,1.0,2.0,"Colaba, Mumbai",28.5,26.0,27.0,89,23.0,17.3,180,1001.7,20.9
2020-06-18,35.0,29.0,12.0,3.0,8.0,3.0,"Colaba, Mumbai",28.2,26.2,27.1,89,30.0,23.0,202,1003.8,40.4
2020-06-19,52.0,29.0,1.0,2.0,7.5,3.0,"Colaba, Mumbai",28.8,26.8,27.7,89,22.3,19.1,204,1005.7,6.1
2020-06-20,55.0,25.0,2.0,2.0,7.0,3.0,"Colaba, Mumbai",29.0,27.0,27.8,89,20.5,16.8,201,1006.4,4.4
2020-06-21,52.0,26.0,2.0,2.0,6.5,3.0,"Colaba, Mumbai",28.4,26.3,27.2,90,21.5,17.6,204,1005.5,9.5
2020-06-22,48.0,22.0,2.0,3.0,4.0,3.0,"Colaba, Mumbai",28.6,26.3,27.4,88,22.6,18.5,202,1003.8,7.7
2020-06-23,67.0,17.0,2.0,3.0,4.0,3.0,"Colaba, Mumbai",29.1,26.0,27.4,86,30.9,24.3,188,1004.4,4.9
2020-06-24,36.0,21.0,1.0,3.0,4.0,3.0,"Colaba, Mumbai",29.3,26.2,27.8,85,23.3,19.0,189,1005.0,2.6
2020-06-25,54.0,22.0,1.0,4.0,4.0,3.0,"Colaba, Mumbai",29.8,26.4,28.2,85,19.9,13.6,200,1004.4,8.9
2020-06-26,55.0,29.0,1.0,3.0,4.0,3.0,"Colaba, Mumbai",29.4,26.7,28.1,86,13.7,8.5,205,1004.1,11.6
2020-06-27,66.0,22.0,1.0,3.0,4.0,3.0,"Colaba, Mumbai",29.8,26.9,28.4,85,17.5,11.0,210,1004.6,10.1
2020-06-28,53.0,15.0,1.0,3.0,4.0,3.0,"Colaba, Mumbai",30.2,26.7,28.2,85,20.2,11.7,214,1004.6,16.1
2020-06-29,30.0,48.5,8.0,3.5,4.0,2.0,"Colaba, Mumbai",28.2,26.5,27.4,88,13.3,9.2,217,1003.9,15.9
2020-06-30,63.25,82.0,6.0,4.0,4.0,1.6666666666666667,"Colaba, Mumbai",28.4,26.6,27.4,88,20.9,12.6,183,1002.5,18.5
2020-07-02,129.75,149.0,2.0,5.0,1.0,1.0,"Colaba, Mumbai",29.2,26.2,27.3,88,22.9,16.9,209,1003.3,18.0
2020-07-03,163.0,18.0,2.0,4.0,2.0,1.0,"Colaba, Mumbai",29.1,26.4,27.3,89,23.5,16.9,246,1002.5,37.9
2020-07-04,29.0,25.0,2.0,4.0,2.0,1.0,"Colaba, Mumbai",27.7,26.4,27.0,91,37.9,23.3,248,1000.6,147.2
2020-07-05,49.0,29.0,5.0,4.0,2.0,1.0,"Colaba, Mumbai",28.4,26.6,27.2,90,32.0,26.7,230,1000.7,53.0
2020-07-06,57.0,23.0,4.0,4.0,2.0,2.0,"Colaba, Mumbai",29.0,26.3,27.5,87,40.1,33.5,220,999.6,24.3
2020-07-07,43.0,26.0,1.0,4.0,2.0,1.0,"Colaba, Mumbai",28.1,26.4,27.3,90,32.2,26.8,225,1000.7,44.0
2020-07-08,48.0,23.0,1.0,4.0,2.0,1.0,"Colaba, Mumbai",28.3,26.1,27.1,90,26.7,21.8,211,1004.2,26.8
2020-07-09,48.0,25.0,1.0,4.0,2.0,1.0,"Colaba, Mumbai",27.9,26.5,27.1,90,22.6,19.1,205,1004.3,11.1
2020-07-10,51.0,24.0,2.0,4.0,2.0,1.0,"Colaba, Mumbai",28.3,26.4,27.1,90,26.1,20.3,207,1004.6,11.2
2020-07-11,45.0,17.0,2.0,4.0,2.0,1.0,"Colaba, Mumbai",28.0,25.9,26.9,90,25.7,20.3,212,1004.8,10.2
2020-07-12,38.0,16.0,1.0,5.0,2.0,1.0,"Colaba, Mumbai",28.0,26.1,26.8,90,20.4,17.4,215,1005.0,16.2
2020-07-13,30.0,15.0,1.0,5.0,2.0,1.0,"Colaba, Mumbai",27.9,26.1,26.7,91,19.7,15.1,230,1004.2,28.4
2020-07-14,29.0,14.0,1.0,5.0,2.0,1.0,"Colaba, Mumbai",28.2,26.0,26.8,90,17.7,12.3,243,1003.7,27.5
2020-07-15,28.0,16.0,2.0,4.0,2.0,1.0,"Colaba, Mumbai",27.4,26.0,26.5,92,21.7,14.1,254,1002.0,49.6
2020-07-16,35.0,18.0,1.0,5.0,2.0,1.0,"Colaba, Mumbai",27.7,26.0,26.5,91,32.9,22.0,215,999.3,48.1
2020-07-17,42.0,24.0,1.0,5.0,2.0,1.0,"Colaba, Mumbai",28.1,26.0,26.7,90,32.5,25.0,195,999.2,22.9
2020-07-18,52.0,27.0,1.0,4.0,2.0,1.0,"Colaba, Mumbai",28.0,26.2,26.9,90,29.1,23.2,188,1003.0,16.4
2020-07-19,52.0,29.0,1.0,5.0,2.0,1.0,"Colaba, Mumbai",28.7,26.0,27.2,89,19.7,14.0,206,1005.7,6.7
2020-07-20,54.0,23.0,1.0,5.0,3.0,1.0,"Colaba, Mumbai",28.1,26.4,27.2,89,15.8,11.9,206,1004.2,4.7
2020-07-21,48.0,18.0,1.0,5.0,2.0,1.0,"Colaba, Mumbai",28.5,26.2,27.2,88,18.4,13.7,197,1004.8,5.5
2020-07-22,37.0,18.0,1.0,6.0,2.0,1.0,"Colaba, Mumbai",29.1,26.5,27.7,87,16.3,9.9,207,1006.0,2.1
2020-07-23,43.0,22.0,1.0,8.0,3.0,2.0,"Colaba, Mumbai",28.7,26.2,27.4,88,10.9,7.3,225,1005.4,5.5
2020-07-24,49.0,16.0,1.0,6.0,2.0,2.0,"Colaba, Mumbai",27.8,26.2,26.9,89,13.3,7.1,197,1006.0,16.1
2020-07-25,30.0,14.0,1.0,6.0,2.0,1.0,"Colaba, Mumbai",28.4,26.1,27.2,87,19.4,12.2,198,1006.1,4.9
2020-07-26,27.0,17.0,1.0,5.0,2.0,2.0,"Colaba, Mumbai",28.5,25.6,27.1,86,21.3,13.4,186,1007.0,9.6
2020-07-27,34.0,21.0,1.0,8.0,3.0,2.0,"Colaba, Mumbai",28.4,25.6,26.7,89,19.8,13.7,227,1007.9,21.5
2020-07-28,42.0,41.0,1.0,7.0,3.0,2.0,"Colaba, Mumbai",28.4,26.1,27.2,87,15.8,9.9,253,1006.6,10.0
2020-07-29,51.0,47.25,1.0,4.0,3.0,2.0,"Colaba, Mumbai",28.5,26.0,27.0,89,16.2,8.2,253,1004.6,23.7
2020-07-30,29.0,53.5,4.0,5.0,3.0,2.0,"Colaba, Mumbai",28.0,25.7,26.7,91,19.1,10.1,233,1004.2,64.4
2020-07-31,30.0,59.75,4.0,6.0,3.0,2.0,"Colaba, Mumbai",28.8,26.2,27.3,88,16.8,11.3,206,1004.0,11.8
2020-08-01,30.0,32.5,1.0,5.0,2.0,2.0,"Colaba, Mumbai",29.0,26.1,27.6,87,21.9,15.2,188,1003.3,3.0
2020-08-02,28.0,32.5,1.0,4.0,2.0,2.0,"Colaba, Mumbai",29.5,26.4,27.7,85,30.0,20.1,176,1002.4,0.8
2020-08-03,24.0,32.5,1.0,4.0,2.0,2.0,"Colaba, Mumbai",27.8,26.3,26.8,90,39.8,24.0,214,1000.2,54.2
2020-08-04,30.0,32.5,2.0,4.0,2.0,2.0,"Colaba, Mumbai",27.5,26.7,27.0,89,48.6,35.5,232,996.8,147.7
2020-08-05,46.0,91.0,3.0,4.0,3.0,2.0,"Colaba, Mumbai",27.2,26.2,26.7,91,42.0,28.4,258,995.1,142.1
2020-08-06,38.0,29.0,2.0,4.0,2.0,2.0,"Colaba, Mumbai",28.2,26.6,27.4,88,47.6,34.2,241,995.6,46.1
2020-08-07,50.0,31.0,1.0,4.0,2.0,2.0,"Colaba, Mumbai",28.6,26.5,27.3,88,36.2,29.3,223,1001.5,12.8
2020-08-08,48.0,34.0,2.0,4.0,2.0,1.0,"Colaba, Mumbai",28.9,26.2,27.4,86,32.9,26.1,231,1004.7,9.6
2020-08-09,53.0,28.0,2.0,5.0,3.0,1.0,"Colaba, Mumbai",28.5,26.0,27.4,85,25.2,20.6,239,1004.2,5.8
2020-08-10,217.0,30.0,2.0,4.0,2.0,1.0,"Colaba, Mumbai",27.2,25.8,26.4,91,20.6,17.6,228,1004.1,15.3
2020-08-11,206.75,24.0,2.0,4.0,2.0,1.0,"Colaba, Mumbai",27.0,25.6,26.3,91,23.1,19.2,231,1005.7,27.0
2020-08-12,196.5,26.0,1.0,4.0,2.0,1.0,"Colaba, Mumbai",27.8,25.9,26.5,90,26.4,23.1,239,1006.8,23.3
2020-08-13,186.25,25.0,1.0,5.0,2.0,1.0,"Colaba, Mumbai",27.3,25.9,26.3,90,29.2,23.6,240,1004.8,30.0
2020-08-14,51.0,29.0,1.0,4.0,2.0,1.0,"Colaba, Mumbai",26.5,25.6,25.9,92,29.8,25.9,227,1002.8,55.1
2020-08-15,51.0,30.0,1.0,4.0,2.0,1.0,"Colaba, Mumbai",26.8,25.6,26.1,91,28.7,24.5,233,1002.7,50.5
2020-08-16,51.0,28.0,1.0,5.0,2.0,1.0,"Colaba, Mumbai",26.8,25.9,26.3,91,25.6,22.4,242,1003.6,35.3
2020-08-17,51.0,23.0,1.0,5.0,2.0,1.0,"Colaba, Mumbai",26.5,25.5,26.0,90,26.9,21.8,239,1003.4,35.2
2020-08-18,51.0,22.0,1.0,4.0,2.0,2.0,"Colaba, Mumbai",26.6,25.7,26.1,91,24.6,20.6,229,1004.7,18.4
2020-08-19,51.0,22.0,1.0,5.0,3.0,2.0,"Colaba, Mumbai",28.2,25.6,26.6,89,28.9,21.2,240,1004.2,13.6
2020-08-20,51.0,21.0,1.0,4.0,2.0,2.0,"Colaba, Mumbai",27.3,25.7,26.2,91,23.2,19.3,238,1003.3,44.5
2020-08-21,51.0,59.0,1.0,4.0,2.0,2.0,"Colaba, Mumbai",27.2,25.4,26.2,92,25.8,22.1,230,1004.3,40.5
2020-08-22,94.0,25.0,1.0,4.0,2.5,2.0,"Colaba, Mumbai",27.5,26.0,26.6,90,27.1,21.7,231,1005.2,12.6
2020-08-23,46.0,26.0,1.0,4.0,3.0,2.0,"Colaba, Mumbai",27.7,25.5,26.7,88,29.7,24.7,228,1005.7,8.2
2020-08-24,48.0,25.0,1.0,4.0,2.0,2.0,"Colaba, Mumbai",28.4,25.7,27.0,86,30.2,24.1,227,1006.3,8.0
2020-08-25,52.0,22.0,1.0,4.0,2.0,2.0,"Colaba, Mumbai",28.5,26.0,27.1,85,27.1,19.7,225,1008.6,4.5
2020-08-26,47.0,25.0,1.0,4.0,3.0,2.0,"Colaba, Mumbai",28.7,25.8,27.0,85,23.1,16.2,217,1008.9,4.0
2020-08-27,51.0,21.0,1.0,5.0,3.0,3.0,"Colaba, Mumbai",27.4,25.3,26.2,90,19.4,14.0,219,1007.9,9.3
2020-08-28,43.0,21.0,1.0,5.0,3.0,3.0,"Colaba, Mumbai",26.8,25.6,25.9,92,21.9,17.0,220,1006.1,29.5
2020-08-29,49.0,20.0,1.0,4.0,3.0,3.0,"Colaba, Mumbai",26.1,25.5,25.7,92,22.7,18.4,226,1005.5,31.9
2020-08-30,47.0,23.0,1.0,4.0,3.0,3.0,"Colaba, Mumbai",26.8,25.6,26.0,91,27.4,21.6,215,1005.7,17.6
2020-08-31,49.0,23.0,1.4,6.0,3.0,3.0,"Colaba, Mumbai",27.1,25.4,26.3,89,24.1,19.0,218,1007.6,10.1
2020-09-01,52.0,32.0,1.7999999999999998,8.0,2.0,3.0,"Colaba, Mumbai",27.7,25.2,26.3,90,13.7,9.7,235,1009.1,2.6
2020-09-02,62.0,38.0,2.2,9.0,3.0,4.0,"Colaba, Mumbai",28.8,25.6,27.1,88,19.4,7.7,316,1008.4,1.1
2020-09-03,70.0,40.0,4.0,15.0,3.0,5.0,"Colaba, Mumbai",29.6,25.8,27.6,87,16.7,9.2,340,1007.3,1.5
2020-09-04,96.0,41.0,3.0,10.0,3.0,4.0,"Colaba, Mumbai",30.6,25.8,28.1,88,14.8,7.5,339,1006.6,0.8
2020-09-05,101.0,48.0,2.7142857142857144,9.0,2.0,4.0,"Colaba, Mumbai",30.1,25.5,28.0,87,14.5,7.9,304,1006.0,0.5
2020-09-06,126.0,25.0,2.428571428571429,8.0,2.0,3.0,"Colaba, Mumbai",30.2,26.8,28.1,91,14.5,6.5,327,1005.2,13.0
2020-09-07,58.0,26.0,2.142857142857143,8.0,2.0,3.0,"Colaba, Mumbai",28.8,26.3,27.5,87,20.9,7.8,200,1006.7,5.0
2020-09-08,60.0,33.0,4.0,10.0,3.0,3.0,"Colaba, Mumbai",29.0,25.4,27.2,89,15.6,8.2,333,1007.2,9.4
2020-09-09,83.0,25.0,4.0,8.0,2.0,3.0,"Colaba, Mumbai",29.5,26.8,28.0,89,16.3,7.5,325,1005.6,4.0
2020-09-10,69.0,39.0,4.0,16.0,2.0,4.0,"Colaba, Mumbai",28.9,26.4,27.6,87,13.1,7.9,229,1003.9,1.7
2020-09-11,106.0,41.0,1.0,9.0,2.0,3.0,"Colaba, Mumbai",28.5,26.3,27.3,90,14.4,7.8,305,1003.2,20.5
2020-09-12,43.0,22.0,1.0,5.0,2.0,2.0,"Colaba, Mumbai",28.5,25.6,26.9,87,41.8,21.1,199,1004.1,7.2
2020-09-13,50.0,19.0,1.1111111111111112,6.0,1.0,2.0,"Colaba, Mumbai",28.1,26.1,27.3,82,27.5,19.1,226,1007.0,6.7
2020-09-14,53.0,17.0,1.2222222222222223,6.0,1.0,2.0,"Colaba, Mumbai",28.1,25.9,26.8,88,14.5,10.7,218,1006.6,7.1
2020-09-15,49.0,22.0,1.3333333333333333,8.0,1.0,3.0,"Colaba, Mumbai",28.1,25.4,26.5,89,13.6,8.7,199,1006.4,9.6
2020-09-16,54.0,23.0,4.0,7.0,2.0,3.0,"Colaba, Mumbai",28.0,25.6,26.6,89,13.0,5.7,246,1006.6,8.3
2020-09-17,58.0,21.0,4.0,9.0,3.0,3.0,"Colaba, Mumbai",27.9,25.9,26.9,88,16.9,6.6,261,1007.0,9.6
2020-09-18,57.0,26.0,4.0,8.0,2.0,4.0,"Colaba, Mumbai",27.5,25.6,26.6,83,9.8,6.0,267,1006.3,12.2
2020-09-19,67.0,24.0,4.0,10.0,5.0,5.0,"Colaba, Mumbai",29.0,25.6,27.3,87,14.2,5.9,288,1003.9,7.8
2020-09-20,70.0,25.0,4.0,11.0,4.0,5.0,"Colaba, Mumbai",28.9,26.0,27.3,89,18.2,6.6,325,1002.0,7.1
2020-09-21,74.0,25.0,2.0,10.0,5.0,5.0,"Colaba, Mumbai",29.3,25.8,27.5,90,14.9,6.5,264,1000.6,11.6
2020-09-22,71.0,18.0,3.0,5.0,4.0,4.0,"Colaba, Mumbai",28.6,26.1,26.9,90,19.4,7.7,213,1001.0,19.2
2020-09-23,51.0,17.0,1.0,9.0,3.0,4.0,"Colaba, Mumbai",27.0,26.2,26.5,91,36.5,18.9,246,1003.2,128.7
2020-09-24,49.0,22.0,1.0,7.0,2.0,3.0,"Colaba, Mumbai",28.6,25.9,27.0,89,15.6,10.4,214,1007.0,9.5
2020-09-25,60.0,28.0,1.0,5.0,2.0,3.0,"Colaba, Mumbai",28.2,26.1,27.0,87,18.2,9.8,248,1007.7,5.3
2020-09-26,56.0,29.0,1.0,6.0,3.0,4.0,"Colaba, Mumbai",29.1,25.7,27.1,81,16.6,10.3,270,1007.6,3.1
2020-09-27,63.0,29.0,1.0,8.0,3.0,4.0,"Colaba, Mumbai",27.8,25.3,26.4,87,12.2,7.8,237,1008.8,2.2
2020-09-28,65.0,108.0,1.0,8.0,3.0,4.0,"Colaba, Mumbai",27.7,25.2,26.6,86,12.3,5.2,255,1009.3,1.5
2020-09-29,70.0,27.0,1.0,11.0,2.0,4.0,"Colaba, Mumbai",28.1,25.0,26.8,87,14.5,6.1,312,1008.6,1.3
2020-09-30,82.0,34.0,2.0,9.0,2.0,4.0,"Colaba, Mumbai",28.4,24.9,26.9,84,16.6,7.4,313,1007.7,1.3
2020-10-01,75.0,36.0,1.0,10.0,2.0,4.0,"Colaba, Mumbai",28.8,24.7,27.0,84,16.3,7.7,320,1008.3,2.0
2020-10-02,93.0,42.0,1.0,14.0,3.0,5.0,"Colaba, Mumbai",29.5,25.9,27.5,85,15.5,6.9,334,1008.2,1.2
2020-10-03,118.0,22.0,1.0,10.0,2.0,5.0,"Colaba, Mumbai",29.3,25.3,27.3,89,13.9,6.7,307,1008.3,2.4
2020-10-04,76.0,24.0,1.5,7.0,2.0,4.0,"Colaba, Mumbai",27.6,25.7,26.6,89,13.3,6.1,217,1009.7,5.3
2020-10-05,73.0,36.0,2.0,11.0,4.0,4.0,"Colaba, Mumbai",28.2,25.7,26.9,88,14.5,6.4,295,1009.4,2.8
2020-10-06,99.0,42.0,3.0,15.0,3.0,5.0,"Colaba, Mumbai",30.2,25.4,27.4,87,17.2,8.1,343,1008.5,0.3
2020-10-07,114.0,43.0,2.0,10.0,3.0,4.0,"Colaba, Mumbai",29.8,25.8,27.9,89,17.0,7.7,329,1009.0,0.5
2020-10-08,123.0,49.0,3.0,13.0,2.0,6.0,"Colaba, Mumbai",30.4,26.8,28.4,86,15.8,7.9,331,1008.2,0.3
2020-10-09,154.0,48.0,8.0,12.0,3.0,7.0,"Colaba, Mumbai",31.4,27.0,29.0,83,15.5,6.9,340,1007.3,0.0
2020-10-10,149.0,37.0,11.0,11.0,2.0,6.0,"Colaba, Mumbai",30.2,26.8,28.5,86,16.9,8.0,180,1007.1,6.8
2020-10-11,127.0,39.0,11.0,9.0,2.0,5.0,"Colaba, Mumbai",29.0,26.7,27.7,89,11.0,6.8,166,1005.8,5.0
2020-10-12,130.0,37.0,7.0,10.0,2.0,5.0,"Colaba, Mumbai",30.0,26.1,27.9,87,12.0,5.5,340,1003.6,3.7
2020-10-13,115.0,35.0,8.0,16.0,2.0,6.0,"Colaba, Mumbai",30.2,26.5,28.2,88,11.2,5.6,183,1003.0,3.9
2020-10-14,112.0,23.0,9.0,11.0,2.0,6.0,"Colaba, Mumbai",29.1,26.2,27.8,91,11.1,4.5,185,1003.3,8.2
2020-10-15,80.0,26.0,8.0,12.0,1.0,5.0,"Colaba, Mumbai",30.8,26.0,28.0,88,18.6,10.7,348,1000.9,50.5
2020-10-16,73.0,30.0,7.0,5.0,1.0,4.0,"Colaba, Mumbai",30.3,26.4,28.0,79,25.9,16.3,134,1001.4,0.3
2020-10-17,75.0,32.0,5.0,6.0,1.0,4.0,"Colaba, Mumbai",30.0,26.2,27.8,78,25.2,18.8,168,1005.1,0.7
2020-10-18,71.0,64.0,3.0,7.0,2.0,5.0,"Colaba, Mumbai",28.7,26.3,27.3,83,17.8,10.2,183,1007.6,0.3
2020-10-19,97.0,64.0,6.0,11.0,3.0,6.0,"Colaba, Mumbai",29.0,26.2,27.3,86,16.2,6.6,267,1008.0,5.2
2020-10-20,102.0,64.0,10.0,13.0,2.0,6.0,"Colaba, Mumbai",29.9,25.6,27.4,89,15.0,7.0,344,1007.3,6.0
2020-10-21,140.0,64.0,8.0,22.0,3.0,7.0,"Colaba, Mumbai",29.9,25.5,27.3,88,15.7,7.2,4,1007.7,5.2
2020-10-22,127.0,64.0,13.0,16.0,3.0,6.0,"Colaba, Mumbai",29.5,24.9,26.9,89,16.6,8.1,8,1006.8,18.0
2020-10-23,101.5,192.0,6.0,6.0,3.0,6.0,"Colaba, Mumbai",29.9,24.7,27.4,86,13.6,5.3,328,1006.8,1.1
2020-10-24,109.80555555555556,240.0,11.0,10.0,4.0,7.0,"Colaba, Mumbai",28.2,26.0,27.0,89,13.0,7.4,192,1008.4,3.0
2020-10-25,118.11111111111111,88.0,12.0,16.0,3.0,7.0,"Colaba, Mumbai",29.0,25.1,27.2,89,14.5,6.7,249,1010.1,2.8
2020-10-26,126.41666666666669,45.0,7.0,23.0,4.0,7.0,"Colaba, Mumbai",30.7,25.6,27.9,83,13.8,6.6,341,1011.2,0.0
2020-10-27,102.0,58.0,6.0,24.0,4.0,8.0,"Colaba, Mumbai",30.9,25.2,27.8,77,13.8,8.5,360,1010.2,0.0
2020-10-28,102.0,57.0,6.0,22.33333333333333,4.666666666666667,8.0,"Colaba, Mumbai",31.4,24.2,27.6,79,14.0,7.5,344,1010.7,0.0
2020-10-30,102.0,55.0,6.0,19.0,6.0,8.0,"Colaba, Mumbai",30.9,23.5,26.9,80,15.7,8.5,350,1011.0,0.0
2020-10-31,102.0,52.0,3.0,30.0,5.0,8.0,"Colaba, Mumbai",30.4,22.8,26.8,74,15.4,8.2,348,1011.0,0.0
2020-11-01,129.5,59.0,4.0,28.0,5.0,10.0,"Colaba, Mumbai",30.4,23.5,26.8,76,14.9,8.4,342,1011.7,0.0
2020-11-02,129.5,61.0,5.0,22.0,5.0,9.0,"Colaba, Mumbai",31.6,24.5,27.8,76,12.7,6.4,4,1012.4,0.0
2020-11-03,129.5,62.0,6.0,30.0,7.0,10.0,"Colaba, Mumbai",32.8,24.6,28.3,70,16.5,9.4,7,1012.1,0.0
2020-11-04,129.5,64.0,6.0,31.0,5.0,10.0,"Colaba, Mumbai",32.4,23.8,27.5,71,16.0,8.4,9,1011.8,0.0
2020-11-05,129.5,58.5,5.0,25.5,6.0,9.5,"Colaba, Mumbai",33.3,23.1,27.3,65,15.5,9.8,27,1012.2,0.0
2020-11-06,129.5,53.0,4.0,20.0,7.0,9.0,"Colaba, Mumbai",32.8,23.2,27.1,60,19.9,10.9,28,1013.6,0.0
2020-11-07,129.5,53.0,4.0,26.0,11.0,9.0,"Colaba, Mumbai",33.0,22.0,26.8,61,18.2,10.8,21,1014.1,0.0
2020-11-08,129.5,57.0,3.0,33.0,8.0,9.0,"Colaba, Mumbai",33.7,23.6,27.8,61,14.2,9.4,44,1014.0,0.0
2020-11-09,129.5,73.0,3.0,29.0,11.0,8.0,"Colaba, Mumbai",32.2,22.5,26.8,64,15.7,8.9,4,1013.4,0.0
2020-11-10,251.0,57.0,2.0,33.0,12.0,9.0,"Colaba, Mumbai",32.4,21.1,26.0,61,17.5,9.5,53,1011.4,0.0
2020-11-11,350.0,56.0,3.0,29.0,13.0,9.0,"Colaba, Mumbai",31.9,20.8,25.6,60,19.5,10.0,43,1011.9,0.0
2020-11-12,284.3333333333333,76.0,1.0,33.0,11.0,10.0,"Colaba, Mumbai",31.8,20.5,25.4,56,17.8,11.1,20,1012.9,0.0
2020-11-13,218.66666666666663,41.0,3.0,29.0,12.0,9.0,"Colaba, Mumbai",32.0,21.3,26.3,66,20.1,11.2,4,1011.9,0.0
2020-11-14,153.0,45.0,4.0,24.0,8.0,10.0,"Colaba, Mumbai",32.8,23.2,27.6,71,17.7,10.1,10,1010.4,0.0
2020-11-15,182.0,76.0,4.0,17.0,7.0,9.0,"Colaba, Mumbai",31.7,24.4,27.8,72,16.5,10.0,341,1010.5,0.0
2020-11-16,185.0,68.0,3.0,21.0,9.0,9.0,"Colaba, Mumbai",32.5,24.5,28.1,67,22.2,11.1,350,1010.8,0.0
2020-11-17,171.0,100.0,2.0,25.0,9.0,11.0,"Colaba, Mumbai",33.3,25.4,28.5,65,22.5,11.1,356,1009.9,0.0
2020-11-18,162.0,65.0,2.0,24.0,11.0,10.0,"Colaba, Mumbai",30.1,24.7,27.4,73,13.9,8.2,333,1009.8,0.0
2020-11-19,128.0,85.0,3.0,27.0,11.0,9.0,"Colaba, Mumbai",31.9,25.7,27.9,68,19.6,10.9,349,1010.1,0.0
2020-11-20,144.0,61.0,3.0,20.0,8.0,9.0,"Colaba, Mumbai",30.7,24.8,27.3,64,18.3,11.9,349,1011.3,0.0
2020-11-21,131.0,69.0,2.0,26.0,9.0,10.0,"Colaba, Mumbai",30.3,23.7,26.6,65,18.5,10.5,337,1011.9,0.0
2020-11-22,118.0,60.0,2.0,23.0,9.0,9.0,"Colaba, Mumbai",30.4,21.8,25.7,75,19.3,8.4,333,1012.6,0.0
2020-11-23,99.0,69.0,2.0,21.0,9.0,9.0,"Colaba, Mumbai",30.2,22.1,25.8,73,20.9,9.6,332,1013.0,0.0
2020-11-24,116.0,87.0,2.0,29.0,11.0,12.0,"Colaba, Mumbai",30.4,22.8,25.9,67,18.1,8.9,331,1011.8,0.0
2020-11-25,157.0,84.0,2.0,32.0,11.0,12.0,"Colaba, Mumbai",30.3,23.3,26.4,71,19.8,8.5,333,1011.0,0.0
2020-11-26,161.0,61.0,2.0,28.0,17.0,8.0,"Colaba, Mumbai",30.7,22.0,26.3,65,23.3,12.6,345,1011.4,0.0
2020-11-27,138.0,58.0,2.0,24.0,20.0,8.0,"Colaba, Mumbai",32.5,23.7,27.6,46,24.3,14.2,35,1012.7,0.0
2020-11-28,121.0,38.0,2.0,16.0,6.0,7.0,"Colaba, Mumbai",32.0,23.5,27.2,53,17.4,13.1,56,1013.1,0.0
2020-11-29,76.0,62.0,2.0,27.0,9.0,10.0,"Colaba, Mumbai",30.8,24.5,27.1,69,16.1,9.4,14,1013.0,0.0
2020-11-30,135.0,65.0,1.0,24.0,11.0,10.0,"Colaba, Mumbai",31.4,23.1,26.9,70,18.4,9.2,345,1013.2,0.0
2020-12-01,145.0,71.0,1.0,24.0,12.0,10.0,"Colaba, Mumbai",32.8,24.6,27.9,67,18.6,10.0,348,1013.0,0.0
2020-12-02,156.0,64.0,1.0,24.0,12.0,10.0,"Colaba, Mumbai",32.5,24.0,27.3,68,22.6,11.3,351,1011.9,0.0
2020-12-03,149.0,67.0,2.0,33.0,15.0,11.0,"Colaba, Mumbai",31.9,21.9,26.4,66,20.4,10.1,8,1011.5,0.0
2020-12-04,151.0,68.0,1.0,36.0,14.0,11.0,"Colaba, Mumbai",31.9,20.8,25.7,68,16.4,8.3,12,1010.6,0.0
2020-12-05,157.0,62.0,1.0,39.0,15.0,10.0,"Colaba, Mumbai",32.3,20.0,25.5,66,16.1,8.1,6,1011.1,0.0
2020-12-06,149.0,55.0,2.0,26.0,8.0,9.0,"Colaba, Mumbai",32.8,20.2,25.8,57,18.1,9.5,28,1012.2,0.0
2020-12-07,148.0,53.0,2.0,25.0,6.0,7.0,"Colaba, Mumbai",33.3,20.7,26.1,55,19.9,10.0,39,1013.5,0.0
2020-12-08,117.0,57.0,1.0,31.0,4.0,8.0,"Colaba, Mumbai",32.6,21.1,26.0,59,17.6,10.6,12,1013.4,0.0
2020-12-09,128.0,58.0,2.0,24.0,5.0,8.0,"Colaba, Mumbai",32.0,22.0,26.4,63,16.6,8.8,3,1012.1,0.0
2020-12-10,128.0,67.0,2.0,27.0,6.0,11.0,"Colaba, Mumbai",30.5,23.5,27.2,70,15.5,7.2,333,1011.5,0.0
2020-12-11,145.0,55.0,2.0,18.0,7.0,8.0,"Colaba, Mumbai",27.9,24.6,25.9,72,15.1,8.5,348,1012.5,1.8
2020-12-12,110.0,56.0,2.0,23.0,4.0,7.0,"Colaba, Mumbai",30.2,23.4,25.8,77,19.1,9.7,2,1011.6,1.6
2020-12-13,118.0,46.0,2.0,18.0,4.0,6.0,"Colaba, Mumbai",28.8,22.9,25.3,75,17.4,9.4,3,1010.8,0.0
2020-12-14,81.0,61.0,1.0,23.0,5.0,7.0,"Colaba, Mumbai",27.1,23.0,24.2,86,12.4,7.7,10,1011.3,28.1
2020-12-15,128.0,66.0,2.0,20.0,5.0,8.0,"Colaba, Mumbai",29.0,22.4,25.0,81,22.5,14.2,349,1012.5,0.0
2020-12-16,148.0,64.0,2.0,19.0,6.0,8.0,"Colaba, Mumbai",28.8,22.3,25.0,79,20.9,13.0,350,1013.7,0.0
2020-12-17,156.0,64.0,2.0,21.0,7.0,8.0,"Colaba, Mumbai",29.8,22.3,25.3,77,20.8,12.0,352,1013.8,0.0
2020-12-18,157.0,57.0,2.0,26.0,5.0,7.0,"Colaba, Mumbai",30.3,21.8,25.1,76,17.6,10.2,355,1013.4,0.0
2020-12-19,144.0,56.0,2.0,28.0,10.0,7.0,"Colaba, Mumbai",31.7,21.2,25.7,67,20.2,11.6,16,1013.8,0.0
2020-12-20,140.0,48.0,2.0,27.0,7.0,6.0,"Colaba, Mumbai",30.9,21.4,25.2,61,20.6,11.5,21,1014.5,0.0
2020-12-21,124.0,51.0,2.0,36.0,9.0,8.0,"Colaba, Mumbai",30.9,19.9,24.4,59,17.1,9.4,36,1013.4,0.0
2020-12-22,130.0,62.0,2.0,40.0,8.0,9.0,"Colaba, Mumbai",30.5,18.2,23.4,63,16.2,9.1,16,1012.2,0.0
2020-12-23,141.0,58.0,3.0,32.0,8.0,9.0,"Colaba, Mumbai",29.0,17.4,23.5,66,14.2,8.1,352,1011.1,0.0
2020-12-24,119.0,62.0,3.0,34.0,5.0,11.0,"Colaba, Mumbai",30.6,18.4,23.6,65,19.4,10.6,356,1010.0,0.0
2020-12-25,138.0,68.0,3.0,29.0,9.0,11.0,"Colaba, Mumbai",31.9,19.7,25.2,65,14.8,8.8,20,1010.5,0.0
2020-12-26,140.0,69.0,1.0,29.0,14.0,10.0,"Colaba, Mumbai",30.6,20.4,24.9,70,16.5,8.4,338,1011.9,0.0
2020-12-27,163.0,55.0,2.333333333333333,19.0,9.0,6.0,"Colaba, Mumbai",29.5,21.1,24.8,71,23.1,13.3,340,1012.0,0.0
2020-12-28,118.0,95.0,3.6666666666666665,26.0,7.0,7.0,"Colaba, Mumbai",28.0,20.4,23.5,53,25.1,16.0,346,1012.1,0.0
2020-12-29,159.0,71.0,5.0,27.0,7.0,11.0,"Colaba, Mumbai",27.0,17.8,22.3,61,20.2,10.5,338,1011.3,0.0
2020-12-30,156.0,99.0,6.0,34.0,5.0,13.0,"Colaba, Mumbai",28.2,19.2,23.1,68,21.9,12.0,342,1011.4,0.0
2020-12-31,161.0,217.0,4.0,26.0,1.0,14.0,"Colaba, Mumbai",31.2,19.6,24.6,69,17.3,11.0,350,1010.9,0.0
2021-01-01,162.0,74.0,4.0,12.0,2.333333333333333,12.0,"Colaba, Mumbai",30.8,21.4,25.4,72,19.8,9.0,322,1011.3,0.0
2021-01-02,198.0,63.0,5.0,16.0,3.6666666666666665,10.0,"Colaba, Mumbai",28.2,22.9,25.0,76,16.7,9.2,328,1012.1,0.0
2021-01-03,180.5,72.0,6.0,20.0,5.0,14.0,"Colaba, Mumbai",27.8,21.7,24.4,71,19.2,10.3,334,1010.7,0.0
2021-01-04,163.0,71.0,7.0,14.0,5.0,12.0,"Colaba, Mumbai",27.4,21.5,24.1,68,18.1,9.8,326,1010.6,0.1
2021-01-05,160.0,78.0,6.0,16.0,5.0,14.0,"Colaba, Mumbai",28.1,21.7,24.2,68,23.2,13.2,342,1011.7,0.2
2021-01-06,161.0,75.0,6.0,21.0,6.0,13.0,"Colaba, Mumbai",28.8,22.1,24.6,63,23.7,15.4,342,1011.2,0.0
2021-01-07,151.0,74.0,3.0,17.0,4.0,15.0,"Colaba, Mumbai",28.9,22.3,25.2,72,19.4,8.8,340,1009.2,0.2
2021-01-08,155.0,68.0,1.0,14.0,3.0,13.0,"Colaba, Mumbai",28.8,23.2,25.3,84,13.0,8.4,341,1008.6,2.2
2021-01-09,141.0,66.0,2.0,12.0,4.0,14.0,"Colaba, Mumbai",29.8,23.4,25.9,79,17.1,9.8,354,1009.3,0.0
2021-01-10,152.0,69.0,3.0,16.0,4.0,14.0,"Colaba, Mumbai",30.4,24.3,26.8,77,15.1,8.5,354,1009.9,0.0
2021-01-11,147.0,71.0,10.5,17.0,4.0,14.0,"Colaba, Mumbai",30.9,24.0,26.8,74,17.4,9.2,335,1011.0,0.0
2021-01-12,154.0,98.0,18.0,11.0,6.0,12.0,"Colaba, Mumbai",31.8,24.2,27.2,70,24.0,12.6,349,1011.5,0.0
2021-01-13,156.0,65.0,9.5,12.0,5.0,14.0,"Colaba, Mumbai",31.7,22.8,26.8,63,20.0,12.1,349,1011.3,0.0
2021-01-14,126.0,45.0,1.0,14.0,5.0,8.0,"Colaba, Mumbai",30.2,22.4,25.2,70,24.2,12.3,341,1010.7,0.0
2021-01-15,87.0,52.0,4.0,27.0,3.0,8.0,"Colaba, Mumbai",28.1,21.1,24.1,75,21.1,10.7,328,1010.3,0.0
2021-01-16,101.0,49.0,2.0,14.0,1.0,8.0,"Colaba, Mumbai",28.0,19.3,23.1,73,20.9,9.8,334,1009.4,0.0
2021-01-17,93.0,33.0,76.0,9.0,1.0,6.0,"Colaba, Mumbai",27.7,19.9,23.7,78,16.6,8.3,325,1009.9,0.0
2021-01-18,61.0,52.0,67.0,20.0,1.0,9.0,"Colaba, Mumbai",28.5,21.4,24.5,74,20.9,11.7,334,1011.4,0.0
2021-01-19,99.0,60.0,58.0,27.0,3.0,12.0,"Colaba, Mumbai",29.4,21.7,25.3,62,19.6,12.8,334,1011.5,0.0
2021-01-20,126.0,62.0,4.0,17.0,4.0,9.0,"Colaba, Mumbai",30.1,20.8,24.8,59,19.9,11.8,338,1012.4,0.0
2021-01-21,121.0,71.0,4.0,26.0,4.0,10.0,"Colaba, Mumbai",28.3,20.2,23.3,66,19.6,10.7,334,1012.4,0.0
2021-01-22,141.0,72.0,5.0,23.0,7.0,11.0,"Colaba, Mumbai",28.9,19.3,23.2,76,21.7,10.1,333,1011.6,0.0
2021-01-23,140.0,57.0,3.0,15.0,5.0,8.0,"Colaba, Mumbai",30.1,20.6,24.3,69,23.0,12.5,334,1011.7,0.0
2021-01-24,107.0,68.0,4.0,21.0,5.0,8.0,"Colaba, Mumbai",28.9,19.9,24.0,64,21.5,12.3,336,1012.7,0.0
2021-01-25,129.0,68.0,4.0,21.0,4.0,10.0,"Colaba, Mumbai",28.5,17.7,22.8,64,21.4,11.8,336,1013.2,0.0
2021-01-26,126.0,64.0,5.0,22.0,3.0,11.0,"Colaba, Mumbai",27.3,18.5,22.3,70,22.2,11.2,336,1012.9,0.0
2021-01-27,119.0,65.0,5.0,24.0,4.0,12.0,"Colaba, Mumbai",26.6,17.2,21.8,73,20.0,10.2,334,1012.5,0.0
2021-01-28,121.0,61.0,4.0,31.0,3.0,12.0,"Colaba, Mumbai",27.2,17.9,21.9,73,22.2,11.4,334,1012.8,0.0
2021-01-29,123.0,66.0,4.0,31.0,6.0,13.0,"Colaba, Mumbai",27.6,18.2,22.7,65,19.3,10.6,336,1013.4,0.0
2021-01-30,126.0,60.0,3.0,31.0,4.0,14.0,"Colaba, Mumbai",29.4,17.6,23.2,65,23.7,11.2,338,1012.8,0.0
2021-01-31,114.0,60.0,3.0,25.0,3.0,12.0,"Colaba, Mumbai",30.4,19.1,23.8,63,22.7,11.2,341,1013.0,0.0
2021-02-01,111.0,64.0,3.0,27.0,6.0,11.0,"Colaba, Mumbai",31.8,20.9,25.6,57,21.6,12.2,349,1014.3,0.0
2021-02-02,132.0,59.0,1.0,38.0,8.0,13.0,"Colaba, Mumbai",32.1,21.6,26.1,52,22.1,11.7,356,1014.5,0.0
2021-02-03,117.0,66.0,1.0,34.0,11.0,13.0,"Colaba, Mumbai",30.3,19.4,24.8,57,19.2,8.5,330,1013.9,0.0
2021-02-04,134.0,58.0,1.0,18.0,9.0,11.0,"Colaba, Mumbai",29.8,20.4,24.5,62,23.8,12.6,340,1013.7,0.0
2021-02-05,111.0,54.0,1.0,27.0,10.0,10.0,"Colaba, Mumbai",29.4,20.3,24.4,55,24.7,14.9,339,1013.5,0.0
2021-02-06,99.0,50.0,1.0,24.0,10.0,9.0,"Colaba, Mumbai",30.9,19.9,24.8,49,24.6,14.2,358,1012.6,0.0
2021-02-07,94.0,55.0,1.5,27.0,10.0,11.0,"Colaba, Mumbai",32.6,21.0,25.8,43,22.9,15.0,17,1013.1,0.0
2021-02-08,119.0,61.0,2.0,32.0,10.0,11.0,"Colaba, Mumbai",32.4,18.7,24.9,48,24.5,12.4,3,1013.7,0.0
2021-02-09,125.0,108.0,1.9166666666666667,28.0,5.0,13.0,"Colaba, Mumbai",32.0,18.5,24.2,56,19.3,10.5,352,1012.7,0.0
2021-02-10,126.0,111.0,1.8333333333333333,35.0,7.0,16.0,"Colaba, Mumbai",29.8,18.1,23.8,61,20.5,9.8,336,1011.7,0.0
2021-02-11,199.0,66.0,1.75,24.0,6.0,16.0,"Colaba, Mumbai",31.2,18.2,24.4,60,19.8,10.7,342,1010.5,0.0
2021-02-12,128.0,56.0,4.0,21.0,7.0,12.0,"Colaba, Mumbai",29.5,19.8,24.6,65,21.3,11.6,324,1011.2,0.0
2021-02-13,115.0,43.0,4.0,11.0,4.0,8.0,"Colaba, Mumbai",29.8,19.4,24.4,67,24.6,12.0,329,1012.5,0.0
2021-02-14,83.0,77.0,4.0,8.0,3.0,6.0,"Colaba, Mumbai",29.6,20.5,24.2,71,24.7,12.5,329,1012.8,0.0
2021-02-15,159.0,35.0,4.0,10.0,4.0,7.0,"Colaba, Mumbai",28.2,20.8,24.2,73,26.0,14.1,328,1012.1,0.0
2021-02-16,74.0,39.0,4.0,11.0,3.0,7.0,"Colaba, Mumbai",27.4,20.9,23.7,79,27.0,13.0,330,1011.8,0.0
2021-02-17,85.0,61.0,4.0,20.0,3.0,12.0,"Colaba, Mumbai",28.4,20.9,24.1,77,27.2,12.7,334,1011.4,0.0
2021-02-18,176.0,32.0,4.0,17.0,4.0,8.0,"Colaba, Mumbai",30.5,20.6,25.1,69,18.2,7.5,331,1011.8,1.1
2021-02-19,74.0,36.0,4.0,18.0,4.0,8.0,"Colaba, Mumbai",31.7,21.5,25.6,64,19.4,11.4,39,1013.5,0.1
2021-02-20,80.0,43.0,1.0,20.0,7.0,10.0,"Colaba, Mumbai",32.0,20.8,25.7,58,25.2,10.5,15,1013.5,0.0
2021-02-21,89.0,52.0,1.3333333333333333,23.0,10.0,11.0,"Colaba, Mumbai",33.9,22.3,27.2,47,22.7,13.2,42,1013.0,0.0
2021-02-22,114.0,58.0,1.6666666666666663,17.0,12.0,11.0,"Colaba, Mumbai",32.2,22.5,26.6,61,22.0,10.0,318,1013.4,0.0
2021-02-23,128.0,66.0,2.0,23.0,10.0,14.0,"Colaba, Mumbai",30.7,22.1,26.4,62,20.9,9.1,320,1012.2,0.0
2021-02-24,137.0,55.0,1.5,15.0,8.0,12.0,"Colaba, Mumbai",32.0,22.6,27.3,61,22.2,8.9,321,1010.8,0.0
2021-02-25,107.0,45.0,1.0,11.0,10.0,10.0,"Colaba, Mumbai",32.4,24.0,27.4,54,26.0,14.2,331,1011.4,0.0
2021-02-26,87.0,41.0,1.0,10.0,9.0,6.0,"Colaba, Mumbai",29.8,22.6,26.1,66,23.2,13.4,320,1010.8,0.0
2021-02-27,73.0,46.0,1.25,13.0,6.0,9.0,"Colaba, Mumbai",30.5,21.5,26.0,70,26.5,13.5,329,1009.7,0.0
2021-02-28,94.0,56.0,1.5,13.0,8.0,12.0,"Colaba, Mumbai",33.4,22.2,27.4,58,25.1,12.7,338,1009.4,0.0
2021-03-01,114.0,56.0,1.75,15.0,11.0,12.0,"Colaba, Mumbai",34.3,24.3,28.3,50,26.1,14.4,337,1011.6,0.0
2021-03-02,124.0,53.0,4.0,20.0,13.0,11.0,"Colaba, Mumbai",32.9,22.1,27.6,48,28.3,13.3,333,1012.5,0.0
2021-03-03,111.0,59.0,4.0,23.0,14.0,13.0,"Colaba, Mumbai",35.2,22.0,27.8,44,25.2,12.8,335,1010.9,0.0
2021-03-04,123.0,52.0,4.0,15.0,14.0,14.0,"Colaba, Mumbai",36.1,21.5,28.5,42,25.7,13.0,340,1010.4,0.0
2021-03-05,116.0,44.0,4.0,9.0,11.0,11.0,"Colaba, Mumbai",35.3,21.8,28.0,48,24.3,11.7,330,1011.4,0.0
2021-03-06,101.0,41.0,4.0,12.0,12.0,9.0,"Colaba, Mumbai",30.1,23.6,26.4,79,20.0,10.2,267,1012.5,0.0
2021-03-07,97.0,37.0,4.0,12.0,29.0,9.0,"Colaba, Mumbai",32.1,21.1,26.4,68,22.2,11.3,333,1011.8,0.0
2021-03-08,82.0,49.0,4.0,16.0,46.0,9.0,"Colaba, Mumbai",31.6,21.8,26.2,64,23.9,12.1,327,1011.5,0.0
2021-03-09,106.0,47.0,4.0,15.0,54.0,10.0,"Colaba, Mumbai",34.2,23.0,27.6,59,27.5,13.9,337,1011.3,0.0
2021-03-10,94.0,40.0,4.0,8.0,54.0,7.0,"Colaba, Mumbai",31.7,23.7,27.2,63,24.5,13.2,321,1011.4,0.0
2021-03-11,81.0,34.0,4.0,9.0,48.0,7.0,"Colaba, Mumbai",30.5,23.1,26.3,72,26.2,12.8,323,1011.7,0.0
2021-03-12,75.0,59.0,4.0,13.0,51.0,10.0,"Colaba, Mumbai",32.0,21.8,26.6,65,27.2,13.0,332,1012.6,0.0
2021-03-13,124.0,55.0,4.0,14.0,55.0,10.0,"Colaba, Mumbai",34.3,24.8,28.4,51,24.6,14.6,338,1012.1,0.0
2021-03-14,113.0,54.0,5.0,13.0,22.0,12.0,"Colaba, Mumbai",33.2,24.6,28.4,48,21.7,12.2,328,1010.2,0.0
2021-03-15,115.0,51.0,5.045454545454546,13.0,35.0,9.0,"Colaba, Mumbai",33.8,24.3,28.6,49,25.7,14.4,332,1009.7,0.0
2021-03-16,122.0,58.0,5.090909090909091,15.0,48.0,10.0,"Colaba, Mumbai",32.9,23.7,28.2,55,26.0,14.0,330,1010.1,0.0
2021-03-17,131.0,47.0,5.136363636363637,9.0,61.0,8.0,"Colaba, Mumbai",33.6,23.1,28.5,56,25.8,12.4,329,1008.8,0.0
2021-03-18,110.0,115.0,4.0,10.0,31.0,7.0,"Colaba, Mumbai",31.4,23.6,27.8,62,22.2,13.1,315,1009.1,0.0
2021-03-19,183.0,47.0,4.0,6.0,20.0,4.0,"Colaba, Mumbai",31.7,23.5,27.1,67,26.8,13.5,324,1010.1,0.0
2021-03-20,134.0,45.0,4.0,11.0,42.0,6.0,"Colaba, Mumbai",30.4,22.4,26.2,76,20.6,10.2,320,1008.8,0.0
2021-03-21,122.0,44.0,4.0,11.0,33.0,6.0,"Colaba, Mumbai",31.1,22.9,26.9,75,18.1,8.4,306,1008.2,0.0
2021-03-22,107.0,53.0,4.0,15.0,45.0,7.0,"Colaba, Mumbai",32.6,23.5,27.7,71,19.4,10.0,320,1010.1,0.0
2021-03-23,124.0,67.0,4.0,22.0,40.0,10.0,"Colaba, Mumbai",33.3,24.3,28.5,54,26.5,13.2,333,1010.7,0.0
2021-03-24,139.0,56.0,4.0,26.0,25.0,12.0,"Colaba, Mumbai",34.5,24.7,29.5,51,20.2,12.0,335,1010.6,0.0
2021-03-25,137.0,56.0,4.0,24.0,31.0,12.0,"Colaba, Mumbai",37.3,24.8,30.6,37,27.5,15.1,344,1009.7,0.0
2021-03-26,127.0,63.0,4.0,29.0,57.0,14.0,"Colaba, Mumbai",35.7,22.8,30.1,36,24.5,14.6,338,1008.7,0.0
2021-03-27,139.0,49.0,4.0,11.0,49.0,8.0,"Colaba, Mumbai",37.7,24.1,30.0,38,26.7,13.3,336,1007.7,0.0
2021-03-28,127.0,44.0,4.0,6.0,41.0,6.0,"Colaba, Mumbai",31.8,23.3,27.7,64,21.0,10.5,273,1007.9,0.0
2021-03-29,139.5,41.0,4.0,6.0,9.0,13.0,"Colaba, Mumbai",31.4,24.8,27.8,78,26.5,10.3,289,1008.0,0.0
2021-03-30,152.0,70.0,4.0,5.0,9.0,13.0,"Colaba, Mumbai",30.4,23.4,26.7,79,16.0,9.9,241,1008.3,0.0
2021-03-31,88.0,158.0,4.0,4.0,34.0,8.0,"Colaba, Mumbai",30.2,22.7,26.6,81,19.8,8.9,300,1007.5,0.0
2021-04-01,132.0,84.0,4.0,5.0,49.0,6.0,"Colaba, Mumbai",30.7,24.2,27.1,79,19.9,9.3,251,1007.1,0.0
2021-04-02,130.0,45.0,4.0,5.0,39.0,6.0,"Colaba, Mumbai",30.2,24.3,26.9,77,17.7,9.6,228,1007.4,0.1
2021-04-03,122.0,26.0,4.0,4.0,27.0,4.0,"Colaba, Mumbai",29.6,24.9,27.2,74,20.3,9.7,233,1008.4,0.0
2021-04-04,93.0,196.0,4.0,4.0,51.0,5.0,"Colaba, Mumbai",30.3,24.7,27.3,76,22.7,9.8,275,1010.2,0.0
2021-04-05,80.0,179.88888888888889,4.0,6.0,40.0,6.0,"Colaba, Mumbai",31.0,24.0,27.4,81,24.6,11.4,319,1010.0,0.0
2021-04-06,108.0,163.77777777777777,4.0,4.0,33.0,6.0,"Colaba, Mumbai",32.9,24.4,28.4,67,29.0,13.9,323,1009.0,0.0
2021-04-07,191.0,147.66666666666669,4.0,4.0,40.0,6.0,"Colaba, Mumbai",32.7,24.3,28.1,70,24.3,12.2,322,1009.8,0.0
2021-04-08,88.0,58.0,4.0,4.0,36.0,7.0,"Colaba, Mumbai",31.0,24.9,28.1,80,19.7,9.4,278,1008.8,0.0
2021-04-09,99.0,58.0,4.0,3.0,31.666666666666668,4.0,"Colaba, Mumbai",31.4,24.7,28.0,78,22.8,10.6,301,1008.2,0.0
2021-04-10,107.0,58.0,4.0,3.0,27.333333333333336,5.0,"Colaba, Mumbai",31.7,24.4,28.1,77,20.8,8.6,298,1009.3,0.0
2021-04-11,109.0,58.0,4.0,5.0,23.0,6.0,"Colaba, Mumbai",33.2,24.8,28.7,76,21.6,9.0,296,1010.2,0.0
2021-04-12,102.0,58.0,4.0,7.0,33.0,5.0,"Colaba, Mumbai",32.3,25.6,29.0,75,22.0,9.8,287,1011.2,0.0
2021-04-13,142.0,51.0,4.0,3.0,37.0,3.0,"Colaba, Mumbai",35.4,25.3,29.7,70,20.6,10.3,311,1010.2,0.0
2021-04-14,140.1216216216216,52.0,4.0,3.0,36.19444444444444,4.0,"Colaba, Mumbai",35.0,26.4,29.9,69,20.6,7.3,280,1009.9,0.0
2021-04-15,138.24324324324326,33.0,4.0,3.0,35.388888888888886,3.0,"Colaba, Mumbai",33.0,26.1,28.9,76,22.0,9.5,273,1009.9,0.0
2021-04-16,136.36486486486487,76.0,4.0,3.0,34.583333333333336,3.0,"Colaba, Mumbai",31.6,24.5,28.1,77,26.4,11.8,310,1009.8,0.0
2021-04-17,91.0,81.0,4.0,3.0,4.5,3.0,"Colaba, Mumbai",32.0,25.1,28.5,79,26.0,12.3,321,1010.3,0.0
2021-04-18,91.0,79.0,4.0,2.0,4.5,2.0,"Colaba, Mumbai",33.6,25.6,29.4,77,22.8,11.0,310,1010.5,0.0
2021-04-19,91.0,46.0,4.0,2.0,4.5,2.0,"Colaba, Mumbai",31.9,25.4,28.8,78,20.2,11.7,256,1009.5,0.0
2021-04-20,91.0,30.0,4.0,2.0,4.5,2.0,"Colaba, Mumbai",31.5,26.0,28.6,77,16.7,9.7,271,1008.9,0.0
2021-04-21,91.0,28.0,4.0,2.0,4.5,2.0,"Colaba, Mumbai",31.6,25.5,28.4,77,21.6,9.9,296,1010.2,0.1
2021-04-22,91.0,31.0,4.0,3.0,4.5,3.0,"Colaba, Mumbai",32.6,25.4,28.4,77,27.0,13.8,331,1010.1,0.0
2021-04-23,91.0,30.0,4.0,3.0,4.5,3.0,"Colaba, Mumbai",32.6,24.7,28.3,72,23.7,11.6,310,1010.1,0.0
2021-04-24,91.0,98.0,4.0,3.0,4.5,3.0,"Colaba, Mumbai",31.6,24.7,27.9,78,24.8,11.3,316,1009.6,0.0
2021-04-25,91.0,188.0,4.0,2.0,4.5,4.0,"Colaba, Mumbai",32.7,24.7,28.9,79,24.5,12.8,315,1008.2,0.0
2021-05-19,72.75,88.0,8.0,6.0,8.0,8.0,"Colaba, Mumbai",29.0,26.3,27.6,87,34.9,21.1,210,1004.6,15.1
2021-05-20,72.5,98.0,10.0,6.0,5.0,6.0,"Colaba, Mumbai",30.5,26.7,28.4,82,15.1,8.8,229,1006.6,1.2
2021-05-21,155.0,97.0,7.0,4.0,5.0,5.0,"Colaba, Mumbai",30.5,26.6,28.6,81,13.0,7.3,248,1007.4,0.5
2021-05-22,108.0,95.0,7.0,4.0,2.0,3.0,"Colaba, Mumbai",30.5,27.8,29.0,76,16.9,8.9,255,1007.0,1.8
2021-05-23,93.0,93.0,6.0,3.0,1.0,2.0,"Colaba, Mumbai",31.0,27.8,29.1,78,16.4,8.9,291,1007.9,2.2
2021-05-24,87.0,93.0,6.0,4.0,1.0,1.0,"Colaba, Mumbai",30.9,27.4,29.0,81,22.1,13.0,309,1008.7,1.1
2021-05-25,90.0,92.0,6.0,3.0,1.0,1.0,"Colaba, Mumbai",30.9,27.8,29.2,77,23.4,15.7,303,1006.9,1.5
2021-05-26,65.0,98.52941176470588,6.0,3.0,1.0,1.25,"Colaba, Mumbai",30.9,27.8,29.4,70,18.9,15.2,272,1006.1,0.0
2021-06-10,25.625,196.4705882352941,6.0,3.0,4.0,5.0,"Colaba, Mumbai",28.4,26.3,27.3,88,20.3,16.8,233,1005.2,30.6
2021-06-11,23.0,203.0,6.0,4.0,4.0,4.0,"Colaba, Mumbai",28.6,26.5,27.4,88,23.9,19.8,225,1004.3,23.5
2021-06-12,60.0,25.0,6.0,4.0,4.0,2.0,"Colaba, Mumbai",28.7,26.0,27.1,89,19.9,15.0,239,1004.1,16.1
2021-06-13,49.0,46.0,6.0,3.0,1.0,2.0,"Colaba, Mumbai",28.9,26.6,27.5,88,20.2,15.2,232,1004.0,10.0
2021-06-14,72.0,31.0,6.0,2.0,3.333333333333333,3.0,"Colaba, Mumbai",28.8,26.4,27.4,89,21.8,15.8,222,1002.9,6.4
2021-06-15,58.0,32.0,6.0,2.0,5.666666666666667,3.0,"Colaba, Mumbai",28.0,26.2,27.0,88,23.5,18.2,216,1001.9,7.5
2021-06-16,53.0,63.0,6.0,2.0,8.0,3.0,"Colaba, Mumbai",27.3,26.0,26.7,91,24.0,20.2,216,1002.3,16.8
2021-06-17,96.0,68.0,6.0,2.0,11.0,2.0,"Colaba, Mumbai",27.4,25.6,26.4,90,26.9,22.0,212,1003.5,20.1
2021-06-18,96.0,49.0,6.0,4.0,4.0,4.0,"Colaba, Mumbai",27.7,25.5,26.4,89,31.3,23.3,226,1004.5,21.3
2021-06-19,76.0,93.0,6.0,1.0,1.0,2.0,"Colaba, Mumbai",26.8,25.4,26.0,89,25.3,22.6,221,1006.5,18.2
2021-06-20,122.0,81.0,6.0,3.0,1.0,3.0,"Colaba, Mumbai",28.9,25.6,26.9,87,24.6,19.0,230,1007.3,9.6
2021-06-21,107.0,61.0,6.0,2.0,1.0,3.0,"Colaba, Mumbai",29.0,25.5,27.4,85,17.7,14.6,239,1007.9,6.9
2021-06-22,76.0,58.0,6.0,2.0,1.0,3.0,"Colaba, Mumbai",28.7,26.2,27.6,85,15.7,12.7,252,1007.5,4.8
2021-06-23,73.0,49.0,6.0,2.0,1.0,4.0,"Colaba, Mumbai",28.0,26.5,27.1,88,16.5,11.9,233,1007.2,5.7
2021-06-24,168.0,34.0,6.0,3.0,15.0,5.0,"Colaba, Mumbai",27.5,25.4,26.6,90,20.4,15.0,228,1007.6,9.4
2021-06-25,59.0,55.0,6.0,3.0,4.0,7.0,"Colaba, Mumbai",26.7,25.8,26.3,92,16.4,13.6,247,1006.7,28.7
2021-06-26,69.0,42.0,6.0,3.0,1.0,2.0,"Colaba, Mumbai",29.5,26.1,27.8,82,19.1,13.5,271,1006.5,2.6
2021-06-27,62.0,16.0,6.0,5.0,31.0,9.0,"Colaba, Mumbai",28.4,26.6,27.5,84,17.8,8.6,298,1008.0,9.3
2021-06-28,62.0,27.0,6.0,4.0,16.0,5.0,"Colaba, Mumbai",27.5,25.6,26.4,89,11.5,6.3,294,1007.2,21.9
2021-06-29,54.0,28.0,6.0,3.0,9.0,4.0,"Colaba, Mumbai",29.2,25.8,27.5,86,16.3,10.0,222,1006.6,2.1
2021-06-30,38.0,44.0,6.0,3.0,13.0,6.0,"Colaba, Mumbai",28.7,26.6,27.7,88,17.8,13.0,233,1006.6,3.9
2021-07-01,43.5,70.0,6.0,3.0,12.0,4.0,"Colaba, Mumbai",29.7,27.5,28.5,79,24.0,17.4,246,1005.0,4.4
2021-07-02,49.0,42.0,6.0,3.0,9.0,3.0,"Colaba, Mumbai",29.9,27.1,28.3,80,24.1,20.7,227,1005.5,1.8
2021-07-03,113.0,41.0,6.0,3.0,6.0,2.0,"Colaba, Mumbai",29.6,26.6,28.0,84,20.3,15.7,228,1006.5,3.1
2021-07-04,66.0,41.0,6.0,3.0,6.0,2.0,"Colaba, Mumbai",28.8,26.9,27.9,85,14.3,10.6,241,1007.1,2.6
2021-07-05,71.0,51.0,6.0,3.0,6.0,3.0,"Colaba, Mumbai",29.0,26.6,27.9,85,14.1,7.7,256,1006.9,1.7
2021-07-06,74.0,52.0,6.0,4.0,5.0,2.0,"Colaba, Mumbai",29.3,26.2,28.0,85,15.2,6.7,266,1005.7,1.0
2021-07-07,78.0,54.0,6.0,4.0,4.0,3.0,"Colaba, Mumbai",29.6,26.5,28.4,83,15.5,9.0,290,1005.6,1.5
2021-07-08,66.0,34.0,6.0,4.0,5.0,3.0,"Colaba, Mumbai",28.9,26.8,27.6,88,16.2,10.6,260,1005.6,9.8
2021-07-09,94.0,32.0,6.0,5.0,6.0,4.0,"Colaba, Mumbai",28.7,26.7,27.5,86,15.0,9.7,253,1003.7,5.5
2021-07-10,63.0,23.0,6.0,5.0,7.0,4.0,"Colaba, Mumbai",27.0,26.1,26.5,91,17.8,8.7,263,1002.7,54.8
2021-07-11,69.0,37.0,6.0,3.0,3.0,4.0,"Colaba, Mumbai",28.8,25.9,27.2,88,16.2,8.7,237,1001.3,17.8
2021-07-12,50.0,22.0,6.0,4.0,11.0,5.0,"Colaba, Mumbai",28.3,26.0,27.0,90,40.2,21.9,231,999.5,46.3
2021-07-13,81.0,47.0,6.0,3.0,49.0,4.0,"Colaba, Mumbai",28.1,26.1,26.8,90,26.7,20.6,235,1001.4,41.9
2021-07-14,53.0,17.0,6.0,3.0,3.0,8.0,"Colaba, Mumbai",27.4,26.0,26.4,91,26.4,19.5,244,1002.3,38.7
2021-07-15,47.0,17.0,6.0,3.0,8.0,6.0,"Colaba, Mumbai",28.0,26.0,26.9,88,26.5,16.6,241,1001.0,34.0
2021-07-16,58.0,22.0,5.942857142857143,3.0,4.0,4.0,"Colaba, Mumbai",28.4,25.6,26.7,90,34.6,20.2,226,1003.8,36.9
2021-07-17,54.0,23.0,5.885714285714286,3.0,3.0,5.0,"Colaba, Mumbai",27.9,26.0,27.0,89,30.8,16.8,256,1005.5,39.4
2021-07-18,62.0,36.0,5.828571428571428,3.0,14.0,5.0,"Colaba, Mumbai",27.9,26.3,27.0,90,23.6,19.0,285,1004.7,22.7
2021-07-19,117.0,95.0,4.0,3.0,5.0,5.0,"Colaba, Mumbai",27.4,26.0,26.5,92,24.9,20.5,268,1004.2,56.6
2021-07-20,94.0,71.0,4.0,3.0,1.0,5.0,"Colaba, Mumbai",27.6,26.0,26.5,90,24.6,21.5,246,1006.2,28.2
2021-07-21,97.0,66.0,4.0,3.0,3.0,4.0,"Colaba, Mumbai",27.3,26.0,26.7,89,36.5,29.0,254,1005.0,33.4
2021-07-22,90.0,55.0,4.0,3.0,3.0,5.0,"Colaba, Mumbai",27.6,26.2,26.9,87,37.4,28.9,265,1002.3,23.7
2021-07-23,88.0,47.0,4.0,2.0,3.0,8.0,"Colaba, Mumbai",27.1,25.6,26.2,89,27.8,23.8,258,1002.3,22.7
2021-07-24,81.0,43.0,4.0,2.0,2.0,6.0,"Colaba, Mumbai",28.1,25.9,26.8,88,27.2,19.9,259,1003.7,11.8
2021-07-25,120.0,81.0,4.0,3.0,2.0,5.0,"Colaba, Mumbai",28.5,25.6,26.5,90,26.8,21.2,249,1004.7,14.7
2021-07-26,90.0,48.0,4.0,3.0,2.0,5.0,"Colaba, Mumbai",28.4,25.4,26.7,87,30.1,25.1,244,1005.1,12.0
2021-07-27,111.0,76.0,4.0,3.0,2.0,5.0,"Colaba, Mumbai",28.1,25.6,26.9,85,29.4,25.3,234,1004.5,7.9
2021-07-28,75.0,41.0,4.0,2.0,2.0,4.0,"Colaba, Mumbai",28.3,26.4,27.3,83,32.5,27.1,235,1004.9,11.8
2021-07-29,80.0,44.0,4.0,3.0,1.0,6.0,"Colaba, Mumbai",28.7,26.3,27.2,84,33.7,27.7,240,1006.1,9.8
2021-07-30,78.0,42.0,4.0,3.0,1.0,5.0,"Colaba, Mumbai",28.2,26.5,27.4,83,31.8,27.1,249,1006.8,10.7
2021-07-31,74.0,39.0,4.0,3.0,1.0,6.0,"Colaba, Mumbai",28.7,26.6,27.5,81,32.7,28.7,257,1007.8,3.1
2021-08-01,65.0,39.0,4.0,3.0,2.0,5.0,"Colaba, Mumbai",28.1,26.3,27.2,80,33.5,28.8,255,1006.6,3.9
2021-08-02,65.0,36.0,4.0,3.0,2.0,6.0,"Colaba, Mumbai",27.9,25.9,26.8,84,27.7,24.3,249,1006.7,5.8
2021-08-03,64.0,30.0,4.0,3.0,12.0,6.0,"Colaba, Mumbai",27.1,25.3,26.3,89,26.1,22.9,242,1007.9,9.9
2021-08-04,71.0,37.0,4.0,3.0,10.0,5.0,"Colaba, Mumbai",27.4,25.7,26.7,87,27.1,23.7,244,1007.9,4.4
2021-08-05,75.0,41.0,4.0,2.0,7.0,5.0,"Colaba, Mumbai",28.2,25.7,26.9,86,26.7,22.3,253,1006.1,4.7
2021-08-06,83.0,48.0,4.0,2.0,7.5,9.0,"Colaba, Mumbai",28.2,26.3,27.1,85,24.9,19.5,256,1005.3,4.9
2021-08-07,88.0,48.0,4.0,2.0,8.0,13.0,"Colaba, Mumbai",28.0,25.6,26.7,88,17.1,14.0,245,1006.1,3.7
2021-08-08,84.0,44.0,4.0,2.0,7.0,8.0,"Colaba, Mumbai",27.7,25.2,26.5,89,15.0,11.6,218,1007.3,2.9
2021-08-09,79.0,37.0,4.0,2.0,7.0,11.0,"Colaba, Mumbai",28.0,25.7,26.9,86,19.7,12.7,223,1008.4,3.6
2021-08-10,81.0,36.0,4.0,2.0,7.0,14.0,"Colaba, Mumbai",27.7,25.8,26.6,87,18.8,12.7,232,1008.4,4.2
2021-08-11,70.0,29.0,4.0,2.0,7.0,10.0,"Colaba, Mumbai",27.8,25.6,26.6,86,17.9,13.5,250,1008.4,6.5
2021-08-12,75.0,38.0,4.0,2.0,9.0,13.0,"Colaba, Mumbai",28.1,25.6,26.8,86,17.4,13.9,261,1009.1,4.3
2021-08-13,73.0,37.0,4.0,2.0,7.0,7.0,"Colaba, Mumbai",27.8,25.9,26.7,86,20.2,15.3,257,1008.1,3.5
2021-08-14,68.0,29.0,4.0,2.0,7.0,9.0,"Colaba, Mumbai",27.1,25.1,26.2,88,19.6,15.7,246,1006.5,8.7
2021-08-15,61.0,27.0,4.0,2.0,16.0,17.0,"Colaba, Mumbai",27.0,24.6,25.9,89,17.4,12.3,236,1006.6,7.2
2021-08-16,69.0,27.0,4.0,3.0,19.0,15.0,"Colaba, Mumbai",27.6,25.3,26.4,88,14.0,9.4,237,1007.7,3.3
2021-08-17,67.0,26.0,4.0,2.0,19.0,11.0,"Colaba, Mumbai",26.6,25.6,26.1,89,10.9,6.8,243,1007.8,12.8
2021-08-18,66.0,21.0,4.0,2.0,19.0,13.0,"Colaba, Mumbai",26.1,25.4,25.8,93,13.4,8.9,262,1006.3,15.5
2021-08-19,67.0,19.0,4.0,2.0,19.0,11.0,"Colaba, Mumbai",26.0,25.2,25.5,92,17.6,11.8,263,1006.0,26.8
2021-08-20,62.0,19.0,2.0,2.0,19.0,8.0,"Colaba, Mumbai",27.3,25.4,26.1,87,17.7,11.3,268,1006.4,26.1
2021-08-21,55.0,16.0,1.0,2.0,15.0,6.0,"Colaba, Mumbai",25.9,25.1,25.5,92,23.8,15.2,243,1007.5,56.9
2021-08-22,59.0,19.0,3.0,2.0,10.0,5.0,"Colaba, Mumbai",27.2,25.3,26.2,89,15.3,11.4,222,1008.0,2.7
2021-08-23,64.0,27.0,4.0,2.0,7.0,5.0,"Colaba, Mumbai",28.4,25.2,26.6,87,16.3,10.1,212,1007.9,2.2
2021-08-24,61.0,23.0,4.0,2.0,10.0,6.0,"Colaba, Mumbai",28.1,25.6,26.8,88,15.5,9.7,226,1007.8,1.3
2021-08-25,92.0,61.0,5.0,2.0,10.0,6.0,"Colaba, Mumbai",27.7,26.0,26.8,87,18.4,9.9,243,1006.9,2.0
2021-08-26,50.0,21.0,6.0,2.0,9.0,5.0,"Colaba, Mumbai",27.7,26.0,26.7,87,18.8,12.2,229,1005.4,3.2
2021-08-27,55.0,26.0,6.0,2.0,7.0,5.0,"Colaba, Mumbai",28.0,25.7,26.6,87,12.9,10.3,226,1004.9,2.5
2021-08-28,75.0,49.0,6.0,2.0,7.0,5.0,"Colaba, Mumbai",27.8,25.6,26.6,85,15.9,9.3,222,1004.0,0.8
2021-08-29,177.0,47.0,6.0,2.0,7.0,5.0,"Colaba, Mumbai",28.0,25.0,26.8,86,13.4,7.0,262,1003.7,1.1
2021-08-30,122.0,48.0,6.0,2.0,6.0,5.0,"Colaba, Mumbai",27.1,26.1,26.8,87,14.8,9.2,300,1005.1,6.5
2021-08-31,54.0,43.0,6.0,2.0,6.0,5.0,"Colaba, Mumbai",26.8,25.6,26.1,90,18.5,12.4,288,1005.1,41.5
2021-09-01,48.0,23.0,6.0,2.0,9.0,16.0,"Colaba, Mumbai",27.3,25.6,26.3,90,21.1,16.9,235,1005.7,18.7
2021-09-02,33.0,16.0,6.0,2.0,10.0,8.0,"Colaba, Mumbai",27.7,25.6,26.6,88,25.6,20.7,217,1005.6,6.8
2021-09-03,43.0,16.0,6.0,2.0,10.0,10.0,"Colaba, Mumbai",27.1,25.3,26.2,90,21.4,17.0,214,1005.4,10.5
2021-09-04,45.0,20.0,6.0,2.0,10.0,9.0,"Colaba, Mumbai",27.6,25.3,26.3,90,15.9,12.3,235,1005.9,17.1
2021-09-05,51.0,29.0,6.0,2.0,9.0,9.0,"Colaba, Mumbai",27.1,25.6,26.2,91,13.7,10.0,255,1006.1,11.7
2021-09-06,46.0,24.0,6.0,2.0,7.0,7.0,"Colaba, Mumbai",27.8,25.6,26.6,88,18.1,11.3,288,1005.2,8.4
2021-09-07,42.0,17.0,6.0,3.0,7.0,8.0,"Colaba, Mumbai",27.0,25.3,26.1,91,14.4,6.9,329,1003.4,33.6
2021-09-08,31.0,12.0,6.0,2.0,9.0,5.0,"Colaba, Mumbai",27.7,25.8,26.6,89,38.1,26.8,237,1002.6,94.7
2021-09-09,45.0,18.0,6.0,2.0,6.0,6.0,"Colaba, Mumbai",28.3,25.9,27.0,87,34.3,27.2,234,1006.2,7.5
2021-09-10,43.0,26.0,6.0,2.0,9.0,13.0,"Colaba, Mumbai",27.6,25.4,26.6,88,28.2,23.3,227,1006.5,9.5
2021-09-11,41.0,24.0,6.0,2.0,12.0,13.0,"Colaba, Mumbai",27.4,25.8,26.4,91,29.1,23.1,222,1004.3,56.6
2021-09-12,34.0,13.0,6.0,2.0,10.0,7.0,"Colaba, Mumbai",27.5,25.8,26.5,90,24.7,19.2,242,1002.6,54.3
2021-09-13,52.0,38.0,6.0,4.0,10.0,18.0,"Colaba, Mumbai",27.3,26.2,26.7,89,27.0,23.4,257,1002.0,18.6
2021-09-14,71.0,59.0,6.0,2.0,10.0,14.0,"Colaba, Mumbai",28.2,26.5,27.1,84,25.8,22.8,247,1003.0,5.7
2021-09-15,68.0,55.0,6.0,2.0,10.0,13.0,"Colaba, Mumbai",27.6,25.7,26.7,86,26.6,22.9,214,1004.3,6.2
2021-09-16,66.0,50.0,6.0,2.0,8.0,5.0,"Colaba, Mumbai",28.5,25.7,26.8,84,26.2,21.3,210,1005.6,3.1
2021-09-17,92.0,77.0,6.0,2.0,7.0,12.0,"Colaba, Mumbai",28.3,25.9,27.0,83,23.4,17.0,219,1006.0,2.7
2021-09-18,48.0,31.0,6.0,2.0,12.0,9.0,"Colaba, Mumbai",27.2,25.6,26.3,88,20.2,15.4,209,1007.7,3.6
2021-09-20,43.0,21.0,6.0,2.0,12.0,12.0,"Colaba, Mumbai",27.4,25.4,26.6,89,14.4,10.3,244,1008.8,7.5
2021-09-21,40.0,14.0,6.0,2.0,13.0,12.0,"Colaba, Mumbai",27.2,25.7,26.2,90,15.1,11.6,266,1007.8,15.7
2021-09-22,39.0,22.0,6.0,2.0,13.0,11.0,"Colaba, Mumbai",26.8,25.1,26.0,92,18.0,11.9,279,1006.2,16.4
2021-09-23,62.0,34.0,6.0,2.0,11.0,9.0,"Colaba, Mumbai",27.1,25.2,26.3,90,15.8,8.2,237,1006.2,5.5
2021-09-24,52.0,34.0,6.0,2.0,10.0,14.0,"Colaba, Mumbai",28.2,25.5,26.9,86,16.5,10.1,228,1007.2,2.5
2021-09-25,59.0,33.0,6.0,2.0,11.0,10.0,"Colaba, Mumbai",27.9,25.0,26.6,86,14.3,8.6,237,1007.5,1.6
2021-09-26,51.0,30.0,6.0,2.0,9.0,6.0,"Colaba, Mumbai",28.1,25.4,26.7,85,14.8,6.5,283,1005.7,3.2
2021-09-27,42.0,17.0,6.0,2.0,6.0,6.0,"Colaba, Mumbai",26.8,25.3,26.2,87,11.0,6.2,287,1004.3,5.7
2021-09-28,37.0,15.0,5.0,2.0,11.0,15.0,"Colaba, Mumbai",26.7,25.0,25.9,90,19.9,12.0,230,1003.7,13.3
2021-09-29,32.0,16.0,6.0,2.0,11.0,6.0,"Colaba, Mumbai",27.9,25.5,26.5,89,28.3,24.8,212,1004.6,31.4
2021-09-30,40.0,18.0,6.0,1.0,9.0,18.0,"Colaba, Mumbai",27.8,25.3,26.6,88,24.6,20.0,186,1007.9,5.0
2021-10-01,93.0,47.0,6.0,2.0,9.0,9.0,"Colaba, Mumbai",28.7,25.5,27.1,88,16.3,9.0,201,1008.7,0.4
2021-10-02,80.0,63.0,6.0,2.0,13.0,12.0,"Colaba, Mumbai",28.9,25.3,27.2,88,17.0,7.8,348,1008.3,1.7
2021-10-03,101.0,50.0,6.0,3.0,22.0,20.0,"Colaba, Mumbai",30.2,25.6,27.7,88,18.9,9.3,337,1007.7,0.0
2021-10-04,107.0,47.0,6.0,3.0,34.0,24.0,"Colaba, Mumbai",30.5,26.5,28.1,87,18.6,9.6,333,1007.1,0.4
2021-10-05,89.0,96.0,6.0,2.0,23.0,17.0,"Colaba, Mumbai",30.7,26.4,28.2,87,19.6,10.5,346,1007.2,0.1
2021-10-06,173.0,39.0,6.0,2.0,1.0,19.0,"Colaba, Mumbai",31.1,26.5,28.4,88,13.0,7.2,25,1006.5,5.5
2021-10-07,96.0,21.0,6.0,2.0,1.5,8.0,"Colaba, Mumbai",31.7,26.3,28.5,86,13.1,7.3,11,1005.7,0.8
2021-10-08,62.0,42.0,6.0,2.0,2.0,8.0,"Colaba, Mumbai",29.2,25.4,27.2,87,16.9,10.6,176,1007.0,8.4
2021-10-09,94.0,31.0,6.0,2.0,11.0,9.0,"Colaba, Mumbai",28.7,26.2,27.3,86,14.8,8.2,187,1008.4,3.6
2021-10-10,43.0,50.0,6.0,2.0,11.0,9.0,"Colaba, Mumbai",28.9,26.2,27.4,85,11.4,6.5,196,1008.4,5.4
2021-10-11,82.0,54.0,6.0,2.0,7.0,6.0,"Colaba, Mumbai",29.0,25.3,26.9,88,15.7,6.3,341,1006.9,10.5
2021-10-12,98.0,64.0,6.0,2.0,5.0,7.0,"Colaba, Mumbai",29.7,25.3,27.7,87,14.1,6.4,355,1006.2,0.0
2021-10-13,120.0,125.0,6.0,3.0,4.0,9.0,"Colaba, Mumbai",30.8,25.9,28.1,87,15.2,5.9,338,1005.9,0.4
2021-10-14,185.0,95.0,6.0,3.0,2.0,9.0,"Colaba, Mumbai",31.1,26.0,28.6,81,19.8,9.2,343,1005.4,0.0
2021-10-15,149.0,83.0,6.0,3.0,1.5,7.0,"Colaba, Mumbai",32.5,25.2,28.4,72,21.4,10.0,0,1003.4,0.0
2021-10-16,136.0,98.0,6.0,3.0,1.0,8.0,"Colaba, Mumbai",31.2,25.0,27.8,71,20.3,11.1,346,1002.7,0.0
2021-10-17,146.0,65.0,6.0,2.0,1.2222222222222223,5.0,"Colaba, Mumbai",30.4,24.8,27.6,73,19.0,10.3,318,1003.8,0.0
2021-10-18,85.0,58.0,6.0,2.0,1.4444444444444444,5.0,"Colaba, Mumbai",30.1,26.1,28.2,79,20.8,12.7,294,1007.0,1.0
2021-10-19,84.0,58.5,6.0,3.0,1.6666666666666663,6.0,"Colaba, Mumbai",29.3,25.2,27.2,79,14.4,8.1,306,1010.8,0.8
2021-10-20,90.0,55.8,6.0,3.0,4.0,7.0,"Colaba, Mumbai",29.6,24.4,26.6,84,21.0,10.7,345,1012.7,0.0
2021-10-21,125.0,53.1,6.0,4.0,4.0,9.0,"Colaba, Mumbai",30.9,23.7,27.1,80,20.6,10.8,349,1012.4,0.0
2021-10-22,146.0,50.4,6.0,2.0,4.0,6.0,"Colaba, Mumbai",32.1,23.6,27.4,73,16.5,10.3,348,1012.3,0.0
2021-10-23,95.0,60.0,6.0,2.0,4.0,5.0,"Colaba, Mumbai",30.9,23.8,26.8,77,20.4,11.6,344,1012.7,0.0
2021-10-24,48.0,45.0,7.0,2.0,4.0,5.0,"Colaba, Mumbai",29.3,23.6,26.3,80,19.4,10.5,348,1013.3,0.0
2021-10-25,84.0,72.0,6.0,3.0,3.0,10.0,"Colaba, Mumbai",30.1,23.6,26.4,80,22.9,12.8,350,1012.4,0.0
2021-10-26,140.0,79.0,6.0,3.0,4.0,12.0,"Colaba, Mumbai",31.5,23.6,27.1,75,18.3,10.4,346,1010.8,0.0
2021-10-27,140.0,82.0,6.0,3.0,7.0,19.0,"Colaba, Mumbai",32.8,23.5,27.5,67,24.3,12.4,358,1011.1,0.0
2021-10-28,155.0,83.0,6.0,4.0,8.0,19.0,"Colaba, Mumbai",33.4,23.5,27.8,62,24.5,13.6,21,1011.5,0.0
2021-10-29,164.0,193.0,6.0,4.0,9.0,11.0,"Colaba, Mumbai",33.0,24.3,27.7,50,24.4,15.3,20,1012.5,0.0
2021-10-30,167.0,93.0,6.0,4.0,9.0,10.0,"Colaba, Mumbai",32.8,24.2,27.5,50,22.0,15.4,11,1012.8,0.0
2021-10-31,157.0,123.0,6.0,4.0,8.0,11.0,"Colaba, Mumbai",32.2,24.3,27.4,58,21.4,11.9,0,1011.8,0.0
2021-11-01,184.0,130.0,6.0,4.0,14.0,23.0,"Colaba, Mumbai",31.4,23.2,27.1,70,16.7,8.6,342,1010.5,0.0
2021-11-02,199.0,204.0,6.0,5.0,18.0,19.0,"Colaba, Mumbai",32.5,23.6,27.6,70,16.1,9.5,357,1010.0,0.0
2021-11-03,189.0,87.0,6.0,4.0,12.0,21.0,"Colaba, Mumbai",33.0,24.3,27.8,64,27.1,11.8,358,1010.1,0.0
2021-11-04,171.0,87.0,6.0,4.0,8.333333333333334,13.0,"Colaba, Mumbai",31.7,25.1,27.8,64,17.4,9.1,354,1009.7,0.0
2021-11-05,151.0,51.0,6.0,3.0,4.666666666666667,8.0,"Colaba, Mumbai",31.8,24.2,27.8,73,17.5,10.8,329,1009.6,12.1
2021-11-06,94.0,65.0,6.0,3.0,1.0,10.0,"Colaba, Mumbai",30.4,24.3,26.6,80,17.4,8.8,22,1009.1,0.3
2021-11-07,119.0,114.0,6.0,3.0,27.0,23.0,"Colaba, Mumbai",29.3,24.2,26.6,77,13.8,8.2,2,1008.6,0.0
2021-11-08,185.0,124.0,6.0,3.0,31.0,23.0,"Colaba, Mumbai",31.2,23.6,27.0,70,17.7,10.3,344,1010.1,0.0
2021-11-09,193.0,104.0,6.0,4.0,28.0,14.0,"Colaba, Mumbai",32.4,21.8,26.3,65,19.3,10.6,8,1011.0,0.0
2021-11-10,177.0,202.0,6.0,5.0,24.0,16.0,"Colaba, Mumbai",32.3,22.0,26.3,59,22.8,13.4,12,1010.3,0.0
2021-11-11,167.0,118.0,6.0,4.0,32.0,22.0,"Colaba, Mumbai",32.3,21.6,26.3,52,21.5,14.4,23,1008.8,0.0
2021-11-12,186.0,97.0,6.0,4.0,28.0,24.0,"Colaba, Mumbai",31.5,22.4,26.4,51,25.1,14.3,2,1008.4,0.0
2021-11-13,173.0,100.0,6.0,4.0,28.0,24.0,"Colaba, Mumbai",32.0,24.3,27.2,60,22.1,13.3,352,1008.2,0.0
2021-11-14,176.0,101.0,6.0,3.0,28.0,19.0,"Colaba, Mumbai",31.8,24.1,27.6,69,19.8,11.3,346,1007.9,0.0
2021-11-15,177.0,97.0,6.0,3.0,24.0,20.0,"Colaba, Mumbai",31.8,24.8,27.7,67,24.2,12.6,341,1006.6,0.0
2021-11-16,176.0,50.0,6.0,2.0,25.0,20.0,"Colaba, Mumbai",33.1,24.9,28.0,70,21.3,11.8,352,1006.0,0.0
2021-11-17,123.0,38.0,6.0,2.0,26.0,15.0,"Colaba, Mumbai",31.6,24.5,27.6,77,18.7,8.1,57,1007.6,3.0
2021-11-18,79.0,65.0,6.0,3.0,23.0,9.0,"Colaba, Mumbai",29.6,23.9,26.4,84,14.7,6.9,353,1008.1,5.0
2021-11-19,119.0,69.0,6.0,3.0,25.0,11.0,"Colaba, Mumbai",31.0,24.0,26.8,85,16.6,7.1,9,1005.8,0.8
2021-11-20,138.0,26.0,6.0,2.0,22.0,1.0,"Colaba, Mumbai",32.1,24.8,27.9,80,14.3,8.0,32,1005.0,0.5
2021-11-21,50.0,33.0,6.0,2.0,19.0,5.0,"Colaba, Mumbai",32.6,25.3,27.6,80,20.7,10.5,119,1007.8,5.0
2021-11-22,55.0,47.0,6.0,2.0,17.0,2.0,"Colaba, Mumbai",28.6,25.3,27.0,85,12.3,7.2,315,1011.2,0.8
2021-11-23,88.0,71.0,6.0,2.0,17.0,4.0,"Colaba, Mumbai",30.1,25.1,27.3,86,19.5,8.9,334,1010.6,0.0
2021-11-24,135.0,81.0,6.0,3.0,17.0,6.0,"Colaba, Mumbai",31.5,25.8,28.0,81,20.3,10.0,345,1010.3,0.0
2021-11-25,153.0,90.0,6.0,3.0,18.0,8.0,"Colaba, Mumbai",32.6,25.0,27.9,75,18.3,9.2,352,1010.8,0.0
2021-11-26,159.0,87.0,6.0,3.0,19.0,7.0,"Colaba, Mumbai",32.2,23.8,27.4,73,16.5,8.7,350,1011.4,0.0
2021-11-27,159.0,84.0,6.0,3.0,15.0,5.0,"Colaba, Mumbai",32.5,23.4,27.0,72,19.5,9.2,1,1011.2,0.0
2021-11-28,148.0,72.0,6.0,4.0,15.0,4.0,"Colaba, Mumbai",32.3,22.8,26.5,67,16.2,9.0,27,1011.9,0.0
2021-11-29,139.0,87.0,6.0,4.0,15.0,4.0,"Colaba, Mumbai",32.4,22.0,26.3,62,16.6,10.0,39,1012.0,0.0
2021-11-30,156.0,68.0,6.0,4.0,14.0,5.0,"Colaba, Mumbai",32.2,24.3,27.3,64,16.1,8.2,25,1011.1,0.1
2021-12-01,140.0,43.0,6.0,3.0,13.0,4.0,"Colaba, Mumbai",25.0,21.0,23.2,83,23.8,12.5,30,1011.2,41.4
2021-12-02,81.0,62.0,6.0,2.0,16.0,12.0,"Colaba, Mumbai",25.3,20.1,22.7,89,29.1,14.2,89,1010.0,62.3
2021-12-03,116.0,64.0,6.0,2.0,15.0,6.0,"Colaba, Mumbai",26.8,22.5,24.6,88,11.3,7.0,134,1011.4,1.6
2021-12-04,117.0,55.0,6.0,2.0,15.0,5.0,"Colaba, Mumbai",27.4,22.2,24.6,88,12.9,6.7,101,1011.9,0.4
2021-12-05,89.0,85.0,6.0,3.0,10.0,7.0,"Colaba, Mumbai",26.5,21.8,24.1,88,9.2,5.7,3,1012.5,0.0
2021-12-06,146.0,99.0,6.0,4.0,7.0,13.0,"Colaba, Mumbai",28.8,21.8,24.8,82,17.0,9.3,0,1012.2,0.0
2021-12-07,171.0,101.0,6.0,4.0,6.0,12.0,"Colaba, Mumbai",29.8,22.3,25.5,75,16.4,10.3,13,1012.3,0.0
2021-12-08,170.0,167.0,6.0,3.0,7.0,7.0,"Colaba, Mumbai",30.9,22.2,25.8,70,18.2,10.8,21,1012.4,0.0
2021-12-09,164.0,98.0,6.0,3.0,8.0,8.0,"Colaba, Mumbai",29.8,23.0,25.9,70,17.0,11.0,7,1013.8,0.0
2021-12-10,164.0,150.0,6.0,3.0,8.5,7.5,"Colaba, Mumbai",31.0,22.8,25.9,70,17.2,11.0,21,1014.4,0.0
2021-12-11,220.0,98.0,6.0,3.0,9.0,7.0,"Colaba, Mumbai",30.8,22.2,25.5,74,17.7,9.6,14,1013.9,0.0
2021-12-12,158.0,91.0,6.0,3.0,10.0,7.0,"Colaba, Mumbai",31.6,21.5,25.5,73,16.4,9.8,30,1013.8,0.0
2021-12-13,145.0,87.0,6.0,3.0,10.0,6.0,"Colaba, Mumbai",29.1,21.4,24.7,73,16.2,8.4,353,1013.4,0.0
2021-12-14,167.0,94.0,6.0,3.0,11.0,6.0,"Colaba, Mumbai",28.5,20.0,23.6,75,19.5,11.1,351,1013.2,0.0
2021-12-15,160.0,113.0,6.0,3.0,9.0,8.0,"Colaba, Mumbai",27.2,19.8,23.3,79,16.1,9.3,343,1013.4,0.0
2021-12-16,174.0,112.0,6.0,4.0,10.0,9.0,"Colaba, Mumbai",27.9,20.4,23.6,81,18.4,9.6,345,1014.2,0.0
2021-12-17,175.0,116.0,6.0,4.0,12.0,10.0,"Colaba, Mumbai",27.9,21.0,23.9,77,18.7,11.1,347,1014.7,0.0
2021-12-18,177.0,98.0,6.0,3.0,13.0,8.0,"Colaba, Mumbai",29.0,19.9,24.1,73,17.9,10.0,353,1014.4,0.0
2021-12-19,161.0,96.0,6.0,4.0,11.0,7.0,"Colaba, Mumbai",29.9,20.1,24.0,71,19.3,10.6,18,1014.9,0.0
2021-12-20,166.0,109.0,6.0,4.0,11.0,8.0,"Colaba, Mumbai",29.7,19.6,23.6,73,17.4,9.3,4,1014.8,0.0
2021-12-21,169.0,110.0,6.0,4.0,9.0,9.0,"Colaba, Mumbai",28.0,18.8,23.1,75,14.8,7.5,348,1014.7,0.0
2021-12-22,168.0,101.0,6.0,4.0,9.0,8.0,"Colaba, Mumbai",27.6,18.8,23.3,76,14.8,8.6,333,1013.3,0.0
2021-12-23,160.0,72.0,6.0,3.0,11.0,5.0,"Colaba, Mumbai",27.4,19.5,22.9,77,14.5,8.4,343,1012.8,0.0
2021-12-24,117.0,67.0,6.0,3.0,7.0,5.0,"Colaba, Mumbai",25.9,18.9,22.2,84,16.1,8.7,340,1013.3,0.0
2021-12-25,123.0,93.0,6.0,4.0,7.0,7.0,"Colaba, Mumbai",25.8,18.3,21.9,83,16.1,9.1,350,1014.0,0.0
2021-12-26,159.0,98.0,6.0,4.0,7.0,9.0,"Colaba, Mumbai",27.8,18.2,22.7,79,19.4,10.9,348,1014.5,0.0
2021-12-27,160.0,102.0,6.0,4.0,11.0,8.0,"Colaba, Mumbai",28.7,19.0,23.2,75,15.8,9.1,351,1014.1,0.0
2021-12-28,162.0,74.0,6.0,3.0,7.0,6.0,"Colaba, Mumbai",27.7,19.1,23.0,76,22.7,11.1,341,1013.5,0.0
2021-12-29,130.0,85.0,6.0,4.0,5.0,7.0,"Colaba, Mumbai",27.4,20.0,23.0,69,22.0,14.9,353,1013.8,0.0
2021-12-30,149.0,82.0,6.0,4.0,5.0,6.0,"Colaba, Mumbai",29.9,19.1,23.5,69,23.0,11.6,8,1014.5,0.0
2021-12-31,144.0,78.0,6.0,3.0,10.0,6.0,"Colaba, Mumbai",31.1,21.5,25.0,68,18.4,12.1,29,1015.3,0.0
2022-01-01,138.0,83.0,6.0,3.0,11.0,7.0,"Colaba, Mumbai",31.0,20.7,24.9,68,17.0,10.9,20,1015.8,0.0
2022-01-02,145.0,84.0,6.0,3.0,12.0,8.0,"Colaba, Mumbai",30.1,21.2,24.9,68,15.8,9.3,4,1014.5,0.0
2022-01-03,149.0,101.0,6.0,5.0,15.0,11.0,"Colaba, Mumbai",30.4,21.7,25.0,71,16.6,8.8,357,1013.9,0.0
2022-01-04,167.0,96.0,6.0,3.0,15.0,9.0,"Colaba, Mumbai",31.0,21.1,24.9,74,16.9,8.3,355,1013.9,0.0
2022-01-05,155.0,80.0,6.0,3.0,21.0,6.0,"Colaba, Mumbai",27.8,21.0,24.3,80,18.9,8.2,326,1013.5,0.0
2022-01-06,136.0,89.0,6.0,3.0,20.0,7.0,"Colaba, Mumbai",27.6,21.0,23.7,81,18.4,9.7,341,1013.0,0.0
2022-01-07,141.0,59.0,6.0,3.0,19.0,4.0,"Colaba, Mumbai",26.7,19.7,23.4,80,17.3,7.4,295,1012.5,0.0
2022-01-08,96.0,50.0,7.0,2.0,22.0,4.0,"Colaba, Mumbai",24.3,21.4,22.6,86,12.3,7.3,6,1013.8,3.7
2022-01-09,71.0,58.0,7.0,3.0,15.0,5.0,"Colaba, Mumbai",25.4,19.6,22.0,60,24.1,15.5,346,1013.8,0.0
2022-01-10,85.0,78.0,6.0,4.0,8.5,7.0,"Colaba, Mumbai",24.2,17.1,20.1,58,24.9,14.2,349,1014.0,0.0
2022-01-11,129.0,70.0,6.0,4.0,2.0,6.0,"Colaba, Mumbai",24.2,16.0,20.0,73,16.1,8.8,344,1013.5,0.0
2022-01-12,115.0,79.5,6.0,4.0,4.0,6.5,"Colaba, Mumbai",24.7,17.5,21.0,70,21.4,12.6,345,1013.1,0.0
2022-01-13,136.5,89.0,6.0,4.0,6.0,7.0,"Colaba, Mumbai",25.4,17.0,21.0,74,17.5,7.8,337,1012.3,0.0
2022-01-14,158.0,85.0,7.0,3.0,9.0,7.0,"Colaba, Mumbai",25.5,18.1,21.8,77,17.7,8.9,340,1012.3,0.0
2022-01-15,154.0,83.0,6.0,4.0,9.0,8.0,"Colaba, Mumbai",28.6,18.7,22.7,70,23.8,11.7,2,1012.8,0.0
2022-01-16,150.0,89.0,7.0,4.0,5.0,7.0,"Colaba, Mumbai",31.2,19.5,24.2,62,21.7,11.9,30,1013.1,0.0
2022-01-17,157.0,92.0,6.0,4.0,4.25,8.0,"Colaba, Mumbai",30.4,20.5,24.6,67,17.4,10.7,359,1015.0,0.0
2022-01-18,158.0,97.0,6.0,4.0,3.5,8.0,"Colaba, Mumbai",28.7,20.6,24.1,69,20.1,11.5,346,1014.8,0.0
2022-01-19,160.0,67.0,6.0,3.0,2.75,6.0,"Colaba, Mumbai",28.4,19.6,23.5,71,18.2,10.3,340,1013.4,0.0
2022-01-20,119.0,76.0,7.0,3.0,2.0,6.0,"Colaba, Mumbai",27.1,19.5,22.9,70,17.2,10.3,329,1011.9,0.0
2022-01-21,118.0,64.0,7.0,2.0,3.0,5.0,"Colaba, Mumbai",26.8,19.7,22.7,84,16.3,8.3,337,1011.7,0.0
2022-01-22,99.0,136.5,6.0,2.0,3.0,3.0,"Colaba, Mumbai",26.4,20.5,23.6,81,22.7,13.0,273,1010.3,1.9
2022-01-23,302.0,209.0,6.0,2.0,3.0,4.0,"Colaba, Mumbai",23.7,18.9,21.9,60,23.2,18.8,316,1011.5,0.4
2022-01-24,203.0,213.0,6.0,3.0,3.0,6.0,"Colaba, Mumbai",24.0,15.8,19.6,57,27.5,14.5,1,1012.5,0.0
2022-01-25,218.0,133.0,6.0,3.0,1.0,6.0,"Colaba, Mumbai",25.1,15.2,20.0,58,20.5,12.8,352,1012.1,0.0
2022-01-26,176.0,129.0,6.0,4.0,3.0,9.0,"Colaba, Mumbai",26.9,16.6,21.1,59,22.2,13.1,352,1011.9,0.0
2022-01-27,174.0,89.0,5.2,7.0,7.0,5.0,"Colaba, Mumbai",29.0,17.5,22.2,60,24.6,10.7,357,1012.1,0.0
2022-01-28,155.0,95.0,4.4,8.0,2.0,5.0,"Colaba, Mumbai",30.4,19.0,23.7,51,20.7,13.5,17,1013.0,0.0
2022-01-29,156.0,96.0,3.6,13.0,2.0,5.5,"Colaba, Mumbai",30.8,17.5,23.1,56,20.8,11.2,5,1014.0,0.0
2022-01-30,157.5,97.0,4.0,18.0,2.0,6.0,"Colaba, Mumbai",29.2,17.2,22.6,60,18.6,9.7,342,1012.8,0.0
2022-01-31,159.0,81.0,2.0,18.0,1.0,5.0,"Colaba, Mumbai",28.5,18.1,22.5,60,19.6,11.0,340,1012.0,0.0
2022-02-01,143.0,94.0,1.8571428571428568,15.0,1.0,6.0,"Colaba, Mumbai",29.0,16.8,21.8,69,22.2,12.3,341,1011.2,0.0
2022-02-02,160.0,81.0,1.7142857142857144,10.0,3.0,7.0,"Colaba, Mumbai",27.4,17.6,22.0,79,21.0,10.5,325,1011.3,0.0
2022-02-03,134.0,123.0,1.5714285714285714,7.0,3.0,2.0,"Colaba, Mumbai",25.6,18.2,22.1,85,14.0,7.8,262,1011.3,0.0
2022-02-04,161.0,227.0,4.0,19.0,4.0,5.0,"Colaba, Mumbai",25.3,19.1,22.4,76,14.3,8.0,291,1011.0,0.0
2022-02-05,208.0,148.0,4.0,15.0,4.0,5.0,"Colaba, Mumbai",27.2,16.6,21.6,72,21.6,10.8,341,1011.4,0.0
2022-02-06,172.0,169.0,4.0,8.0,1.0,3.0,"Colaba, Mumbai",26.8,18.3,22.1,71,22.1,11.2,323,1013.1,0.0
2022-02-07,200.0,70.0,1.0,10.0,1.0,3.0,"Colaba, Mumbai",25.8,18.9,21.9,81,23.5,11.9,330,1014.4,0.0
2022-02-08,101.0,89.0,1.0,13.0,1.0,4.0,"Colaba, Mumbai",25.4,18.8,21.8,80,19.0,10.5,324,1013.6,0.0
2022-02-09,144.0,97.0,1.0,17.0,3.0,6.0,"Colaba, Mumbai",26.2,18.6,22.0,79,20.9,12.0,343,1013.2,0.0
2022-02-10,146.0,102.0,1.0,20.0,3.0,5.0,"Colaba, Mumbai",29.6,19.0,23.6,58,26.7,13.8,342,1012.4,0.0
2022-02-11,148.0,91.0,4.0,19.0,2.0,6.0,"Colaba, Mumbai",32.1,20.7,25.3,50,26.8,15.0,2,1011.8,0.0
2022-02-12,153.0,100.0,4.0,20.0,2.0,8.0,"Colaba, Mumbai",29.9,20.1,24.3,54,22.8,12.2,340,1011.6,0.0
2022-02-13,144.0,80.0,4.0,19.0,2.0,6.0,"Colaba, Mumbai",29.6,19.0,23.7,62,22.3,11.4,334,1010.1,0.0
2022-02-14,122.0,59.0,4.0,6.0,2.0,3.0,"Colaba, Mumbai",28.8,19.2,23.8,55,22.2,12.9,343,1010.6,0.0
2022-02-15,89.0,62.0,4.0,11.0,2.0,3.0,"Colaba, Mumbai",27.0,19.7,23.0,65,19.9,12.0,333,1010.8,0.0
2022-02-16,81.0,57.0,1.0,12.0,3.0,4.0,"Colaba, Mumbai",26.1,19.3,22.3,80,19.2,10.2,331,1009.3,0.0
2022-02-17,94.0,74.0,1.0,13.0,2.0,5.0,"Colaba, Mumbai",26.4,18.1,21.9,81,15.2,7.6,322,1008.1,0.0
2022-02-18,118.0,94.0,1.0,15.0,5.0,6.0,"Colaba, Mumbai",27.1,19.0,23.2,78,17.0,7.9,284,1009.0,0.0
2022-02-19,143.0,73.0,1.0,12.0,2.0,5.0,"Colaba, Mumbai",28.8,19.1,23.7,75,20.3,10.7,324,1011.0,0.0
2022-02-20,126.0,92.0,4.0,17.0,1.0,7.0,"Colaba, Mumbai",30.4,20.1,24.4,64,22.9,12.2,335,1010.8,0.0
2022-02-21,140.0,88.0,1.0,16.0,4.0,4.0,"Colaba, Mumbai",30.4,18.7,23.9,57,25.6,13.1,334,1010.0,0.0
2022-02-22,116.0,81.0,1.0,13.0,2.0,6.0,"Colaba, Mumbai",29.2,18.7,23.5,68,23.4,11.0,330,1010.9,0.0
2022-02-23,126.0,91.0,1.0,13.0,1.0,6.0,"Colaba, Mumbai",29.3,18.9,24.1,67,21.0,11.7,334,1012.2,0.0
2022-02-24,149.0,132.0,1.0,15.0,4.0,7.0,"Colaba, Mumbai",29.3,21.1,25.3,62,23.1,11.9,323,1013.6,0.0
2022-02-25,173.0,111.0,1.0,15.0,1.0,6.0,"Colaba, Mumbai",29.9,21.1,25.2,58,26.0,12.7,322,1012.9,0.0
2022-02-26,165.0,97.0,1.0,16.0,3.0,5.0,"Colaba, Mumbai",29.9,20.5,24.7,64,24.8,13.2,331,1012.8,0.0
2022-02-27,152.0,110.0,1.0,17.0,5.0,5.0,"Colaba, Mumbai",30.1,20.3,25.1,56,25.8,13.2,328,1013.0,0.0
2022-02-28,164.0,108.0,1.0,16.0,2.0,6.0,"Colaba, Mumbai",31.1,19.9,25.3,53,25.3,12.2,330,1012.5,0.0
2022-03-01,166.0,121.0,2.0,16.0,1.0,7.0,"Colaba, Mumbai",31.2,20.4,25.6,54,22.7,12.1,335,1012.5,0.0
2022-03-02,174.0,111.0,1.0,18.0,3.0,8.0,"Colaba, Mumbai",33.2,22.1,26.9,52,25.9,12.4,334,1011.5,0.0
2022-03-03,164.0,99.0,1.0,19.0,3.0,7.0,"Colaba, Mumbai",34.4,22.1,27.5,46,27.6,15.9,341,1011.3,0.0
2022-03-04,146.0,107.0,1.0,22.0,4.0,8.0,"Colaba, Mumbai",33.7,23.8,27.5,41,28.1,17.2,342,1011.8,0.0
2022-03-05,158.0,106.0,1.0,21.0,3.0,8.0,"Colaba, Mumbai",33.0,21.4,26.3,53,25.8,12.1,331,1010.8,0.0
2022-03-06,160.0,93.0,2.0,13.0,3.0,8.0,"Colaba, Mumbai",32.7,22.5,27.1,53,23.1,11.4,322,1009.8,0.0
2022-03-07,167.0,117.0,1.6666666666666667,20.0,11.0,8.0,"Colaba, Mumbai",31.2,24.5,27.5,56,19.5,11.1,320,1010.1,0.0
2022-03-08,166.0,110.0,1.3333333333333337,21.0,12.0,10.0,"Colaba, Mumbai",35.9,25.1,28.8,54,25.2,14.2,352,1010.0,0.0
2022-03-09,176.0,141.0,1.0,18.0,10.0,9.0,"Colaba, Mumbai",33.0,24.5,28.2,57,18.4,10.8,337,1010.1,0.0
2022-03-10,173.0,114.0,1.0,18.0,5.0,9.0,"Colaba, Mumbai",33.3,23.4,27.8,58,22.2,11.2,342,1009.8,0.0
2022-03-11,163.0,86.0,1.0,20.0,10.0,8.0,"Colaba, Mumbai",32.2,23.5,28.3,52,19.3,10.5,327,1009.6,0.0
2022-03-12,151.0,103.0,1.0,17.0,8.0,9.0,"Colaba, Mumbai",35.5,22.9,28.1,57,22.6,10.3,317,1009.2,0.0
2022-03-13,154.0,100.0,1.0,16.0,9.0,6.0,"Colaba, Mumbai",35.5,22.6,28.7,52,27.0,13.8,338,1009.4,0.0
2022-03-14,151.0,133.0,1.0,22.0,10.0,9.0,"Colaba, Mumbai",35.0,22.1,28.7,41,25.8,12.9,338,1009.8,0.0
2022-03-15,169.0,92.0,1.0,14.0,7.0,7.0,"Colaba, Mumbai",34.4,22.8,29.0,47,25.1,14.0,333,1008.5,0.0
2022-03-16,157.0,93.0,1.0,11.0,20.0,7.0,"Colaba, Mumbai",34.0,23.4,29.3,49,28.4,14.8,335,1007.2,0.0
2022-03-17,158.0,89.0,1.0,7.0,10.0,7.0,"Colaba, Mumbai",32.9,23.8,29.2,50,25.6,13.1,313,1006.3,0.0
2022-03-18,149.0,65.0,1.0,6.0,17.0,6.0,"Colaba, Mumbai",33.8,23.3,28.9,58,29.9,15.1,322,1006.0,0.0
2022-03-19,120.0,74.0,1.0,5.0,14.0,4.0,"Colaba, Mumbai",31.0,24.0,27.6,74,20.2,10.3,255,1006.4,0.0
2022-03-20,114.0,105.0,2.0,7.0,14.0,5.0,"Colaba, Mumbai",30.1,24.1,27.1,78,31.1,11.1,268,1007.1,0.0
2022-03-21,152.0,93.0,1.0,10.0,19.0,5.0,"Colaba, Mumbai",30.0,22.8,26.7,76,27.5,12.0,319,1007.9,0.0
2022-03-22,151.0,111.0,1.0,13.0,17.0,6.0,"Colaba, Mumbai",34.0,24.0,29.3,49,30.6,15.5,337,1007.2,0.0
2022-03-23,151.0,103.0,1.0,7.0,10.0,5.0,"Colaba, Mumbai",37.4,26.3,30.5,35,31.4,16.6,342,1006.3,0.0
2022-03-24,152.0,81.0,1.0,10.0,9.0,5.0,"Colaba, Mumbai",32.5,24.9,28.1,52,17.0,9.6,285,1006.8,0.0
2022-03-25,109.0,68.0,1.0,6.0,8.0,4.0,"Colaba, Mumbai",30.9,24.3,27.2,76,23.7,9.4,286,1008.4,0.0
2022-03-26,94.0,73.0,1.0,6.0,8.0,4.0,"Colaba, Mumbai",31.3,23.9,27.5,79,24.8,8.8,289,1010.5,0.0
2022-03-27,107.0,56.0,1.0,4.0,7.0,4.0,"Colaba, Mumbai",31.4,24.3,27.6,78,23.8,9.1,291,1010.7,0.0
2022-03-28,112.0,79.0,1.0,6.0,10.0,5.0,"Colaba, Mumbai",31.5,24.3,27.6,82,22.8,10.8,295,1009.9,0.0
2022-03-29,138.0,78.0,1.0,6.0,7.0,4.0,"Colaba, Mumbai",32.6,23.5,28.2,70,23.2,12.7,313,1008.5,0.0
2022-03-30,119.0,80.0,1.0,5.0,4.0,4.0,"Colaba, Mumbai",32.9,23.9,28.1,70,22.7,11.0,317,1008.3,0.0
2022-03-31,106.0,166.0,1.0,5.0,4.0,5.0,"Colaba, Mumbai",31.2,22.7,26.7,75,19.0,9.1,309,1009.1,0.0
2022-04-01,193.0,138.0,1.0,4.0,3.0,4.0,"Colaba, Mumbai",32.0,22.5,26.6,78,22.1,10.2,307,1009.1,0.0
2022-04-02,168.0,115.0,1.0,4.0,2.0,4.0,"Colaba, Mumbai",30.2,23.3,26.9,79,21.4,8.3,267,1010.0,0.0
2022-04-03,150.0,89.0,1.0,4.0,2.0,4.0,"Colaba, Mumbai",30.8,23.5,27.2,80,25.0,10.3,291,1009.3,0.1
2022-04-04,124.0,72.0,1.0,3.0,4.0,4.0,"Colaba, Mumbai",31.0,24.7,27.9,82,26.1,10.5,272,1009.6,0.0
2022-04-05,96.0,68.0,1.0,3.0,2.0,4.0,"Colaba, Mumbai",31.4,25.0,28.2,82,25.8,11.0,273,1011.3,0.0
2022-04-06,85.0,62.0,1.0,5.0,3.0,4.0,"Colaba, Mumbai",31.2,25.1,28.1,81,22.1,11.2,262,1011.6,0.0
2022-04-07,77.0,63.0,1.0,4.0,5.0,5.0,"Colaba, Mumbai",31.6,25.2,28.3,81,21.0,9.4,263,1010.3,0.0
2022-04-08,88.0,54.0,1.0,3.0,5.0,4.0,"Colaba, Mumbai",32.0,24.3,28.2,81,23.9,11.3,239,1008.7,0.0
2022-04-09,91.0,54.0,1.0,3.0,5.5,3.0,"Colaba, Mumbai",31.1,26.3,28.4,82,19.6,11.4,219,1008.5,0.0
2022-04-10,88.0,56.0,1.0,5.0,6.0,2.0,"Colaba, Mumbai",31.7,26.1,28.7,75,21.7,11.0,251,1008.5,0.0
2022-04-11,95.0,72.0,1.0,8.0,6.0,1.0,"Colaba, Mumbai",31.4,26.0,28.5,75,26.4,9.9,282,1007.6,0.0
2022-04-12,110.0,76.0,1.0,6.0,6.0,1.0,"Colaba, Mumbai",32.7,24.8,28.6,75,25.6,12.3,319,1006.2,0.0
2022-04-13,117.0,57.0,1.0,4.0,5.0,1.125,"Colaba, Mumbai",34.2,24.5,29.3,69,26.5,13.2,323,1005.4,0.0
2022-04-14,94.0,59.0,1.0,3.0,4.0,1.25,"Colaba, Mumbai",31.4,25.3,28.6,78,20.1,10.8,274,1006.5,0.0
2022-04-15,91.0,66.0,1.0,4.0,3.0,1.375,"Colaba, Mumbai",31.3,25.4,28.3,76,20.8,9.6,260,1007.3,0.0
2022-04-16,111.0,61.0,1.0,3.0,2.0,4.0,"Colaba, Mumbai",30.8,23.8,27.5,78,21.0,10.4,267,1006.5,0.0
2022-04-17,86.0,58.0,1.0,4.0,2.0,4.0,"Colaba, Mumbai",31.1,24.6,27.9,76,21.9,10.9,259,1007.4,0.1
2022-04-18,84.0,65.0,1.0,4.0,6.0,4.0,"Colaba, Mumbai",30.9,25.3,28.2,75,25.3,9.9,279,1009.5,0.0
2022-04-19,105.0,63.0,1.1428571428571428,4.0,8.0,4.0,"Colaba, Mumbai",31.5,24.8,28.2,78,25.1,12.0,306,1010.8,0.0
2022-04-20,104.0,82.0,1.2857142857142856,9.0,9.0,2.0,"Colaba, Mumbai",32.5,25.9,29.3,76,25.3,13.8,323,1008.5,0.0
2022-04-21,137.0,79.0,1.4285714285714286,7.0,7.0,2.0,"Colaba, Mumbai",38.0,27.7,31.8,50,32.9,17.7,335,1006.1,0.0
2022-04-22,141.0,79.0,4.0,7.0,7.333333333333333,3.0,"Colaba, Mumbai",35.4,27.1,30.9,61,25.6,12.0,321,1006.8,0.0
2022-04-23,141.0,61.0,4.0,4.0,7.666666666666667,4.0,"Colaba, Mumbai",35.6,26.9,30.6,72,19.8,9.9,276,1007.7,0.0
2022-04-24,96.0,79.0,4.0,8.0,8.0,5.0,"Colaba, Mumbai",32.7,27.3,29.9,79,19.8,12.2,246,1008.2,0.0
2022-04-25,129.0,57.0,2.0,5.0,8.0,3.0,"Colaba, Mumbai",35.5,25.3,30.5,63,25.2,12.4,324,1006.5,0.0
2022-04-26,97.0,63.0,1.0,6.0,10.0,1.0,"Colaba, Mumbai",33.2,26.9,30.1,68,21.9,12.8,282,1007.4,0.0
2022-04-27,101.0,64.0,1.0,6.0,9.0,1.0,"Colaba, Mumbai",34.6,26.6,30.7,63,29.7,14.1,326,1006.0,0.0
2022-04-28,94.0,56.0,1.0,4.0,9.0,1.0,"Colaba, Mumbai",35.0,26.7,30.7,65,21.1,10.8,271,1006.6,0.0
2022-04-29,82.0,50.0,1.0,5.0,12.0,1.0,"Colaba, Mumbai",32.4,28.1,30.0,78,19.6,15.3,244,1008.6,0.0
2022-04-30,82.0,42.0,4.0,3.0,10.0,4.0,"Colaba, Mumbai",32.2,26.3,29.2,78,20.9,11.4,234,1007.2,0.0
2022-05-01,64.0,49.0,1.0,3.0,10.0,4.0,"Colaba, Mumbai",32.0,26.5,29.4,79,17.8,10.6,244,1006.2,0.0
2022-05-02,75.0,63.0,8.0,3.0,5.0,4.0,"Colaba, Mumbai",31.8,28.3,29.8,76,20.5,11.9,245,1006.4,0.0
2022-05-03,97.0,72.0,15.0,4.0,7.0,4.0,"Colaba, Mumbai",32.3,28.0,30.0,75,20.6,10.7,268,1007.1,0.0
2022-05-04,115.0,71.0,22.0,3.0,6.0,4.0,"Colaba, Mumbai",31.9,27.3,29.3,77,22.9,11.3,295,1008.1,0.0
2022-05-05,111.0,106.0,4.0,3.0,5.0,4.0,"Colaba, Mumbai",32.6,26.2,28.9,80,25.6,13.3,316,1008.0,0.0
2022-05-06,156.0,117.0,36.0,3.0,3.0,4.0,"Colaba, Mumbai",32.4,26.6,29.1,78,25.0,13.6,317,1007.4,0.2
2022-05-07,166.0,83.0,29.0,4.0,6.0,4.0,"Colaba, Mumbai",32.5,26.6,29.3,80,24.7,12.5,305,1006.8,0.0
2022-05-08,141.0,71.0,1.0,3.0,5.0,4.0,"Colaba, Mumbai",32.7,26.7,29.7,80,30.0,12.8,307,1005.0,0.0
2022-05-09,109.0,68.0,3.0,4.0,7.0,1.0,"Colaba, Mumbai",32.2,27.5,29.6,80,26.0,13.9,297,1004.1,0.0
2022-05-10,116.0,72.0,32.0,4.0,8.0,2.0,"Colaba, Mumbai",32.2,28.4,29.9,75,26.2,14.6,296,1003.9,0.0
2022-05-11,119.0,70.0,27.0,3.0,5.0,1.0,"Colaba, Mumbai",32.0,27.8,29.7,76,20.8,12.6,268,1003.7,0.0
2022-05-12,118.0,77.0,18.0,3.0,5.0,1.0217391304347827,"Colaba, Mumbai",32.0,28.7,29.9,72,19.4,16.2,250,1004.7,0.0
2022-05-13,125.0,89.0,1.0,4.0,4.0,1.0434782608695652,"Colaba, Mumbai",31.7,28.6,29.8,72,19.7,15.2,242,1004.5,0.0
2022-05-14,149.0,70.0,3.0,3.0,6.0,1.065217391304348,"Colaba, Mumbai",31.9,28.5,29.8,72,18.2,13.6,247,1004.9,0.0
2022-05-15,116.0,77.0,7.0,3.0,5.0,4.0,"Colaba, Mumbai",32.5,28.5,29.9,73,19.5,14.3,268,1006.0,0.0
2022-05-16,123.0,122.0,1.0,4.0,7.0,4.0,"Colaba, Mumbai",32.2,27.9,29.7,74,24.8,13.6,291,1005.3,0.0
2022-05-17,166.0,162.0,1.0,4.0,7.0,4.0,"Colaba, Mumbai",32.0,28.4,29.8,73,19.5,12.3,276,1004.5,0.0
2022-05-18,177.0,149.0,4.0,4.0,6.0,4.0,"Colaba, Mumbai",31.7,27.7,29.5,73,22.8,11.8,281,1004.8,0.0
2022-05-19,167.0,109.0,1.0,4.0,3.0,4.0,"Colaba, Mumbai",31.6,28.0,29.5,73,23.3,13.4,284,1005.2,0.0
2022-05-20,158.0,84.0,1.0,4.0,3.0,4.0,"Colaba, Mumbai",31.6,28.2,29.6,69,20.3,15.5,248,1006.3,0.1
2022-05-21,137.0,62.0,1.0,3.0,6.0,4.0,"Colaba, Mumbai",32.0,28.8,30.1,65,22.7,17.9,237,1006.1,0.1
2022-05-22,109.0,51.0,1.0,3.0,4.0,4.0,"Colaba, Mumbai",32.3,29.0,30.2,67,23.5,22.0,246,1004.3,0.4
2022-05-23,70.0,55.0,1.0,3.0,3.0,4.0,"Colaba, Mumbai",32.5,28.9,30.3,70,23.5,21.1,244,1003.5,0.9
2022-05-24,76.0,59.0,18.0,3.0,4.0,4.0,"Colaba, Mumbai",32.1,28.6,30.2,70,23.4,18.4,256,1006.1,0.2
2022-05-25,80.0,58.0,35.0,3.0,4.0,4.0,"Colaba, Mumbai",31.9,28.0,29.6,72,19.6,13.3,280,1008.3,1.2
2022-05-26,80.0,50.0,38.0,3.0,4.0,4.0,"Colaba, Mumbai",32.0,28.3,30.0,66,19.5,13.9,266,1008.1,0.0
2022-05-27,64.0,44.0,1.0,3.0,4.0,4.0,"Colaba, Mumbai",32.8,28.7,30.4,62,20.6,16.2,255,1007.8,0.0
2022-05-28,56.0,50.0,1.0,3.0,4.0,4.0,"Colaba, Mumbai",32.7,28.9,30.5,61,20.8,17.0,255,1006.8,0.0
2022-05-29,65.0,45.0,1.0,3.0,3.0,4.0,"Colaba, Mumbai",32.6,29.2,30.5,62,21.6,17.1,259,1006.9,0.0
2022-05-30,65.0,46.0,1.0,3.0,3.0,4.0,"Colaba, Mumbai",32.3,28.7,30.2,64,20.6,15.3,267,1006.6,0.0
2022-05-31,81.0,47.0,1.0,3.0,3.0,4.0,"Colaba, Mumbai",32.5,28.5,29.9,67,22.4,15.1,280,1005.9,0.0
2022-06-01,94.0,48.0,1.0,3.0,3.0,3.0,"Colaba, Mumbai",32.0,28.5,29.8,68,23.0,14.5,283,1006.1,0.0
2022-06-02,106.0,43.5,1.0,3.0,3.0,3.0,"Colaba, Mumbai",31.8,28.2,29.7,70,22.7,14.2,278,1006.3,0.0
2022-06-03,104.0,43.5,1.0,3.0,3.0,3.0,"Colaba, Mumbai",31.4,28.0,29.3,72,21.6,14.7,282,1006.0,0.0
2022-06-04,75.0,43.5,1.0,4.0,3.0,3.0,"Colaba, Mumbai",32.0,27.9,29.7,72,20.5,13.9,288,1005.6,0.0
2022-06-05,65.0,43.5,1.0,3.0,4.0,3.0,"Colaba, Mumbai",31.8,27.8,29.6,73,21.6,11.5,279,1005.4,0.0
2022-06-06,74.0,53.0,1.0,4.0,4.0,3.0,"Colaba, Mumbai",31.5,28.2,29.6,71,20.1,11.6,255,1005.9,0.2
2022-06-07,69.0,35.0,1.0,4.0,8.0,3.0,"Colaba, Mumbai",32.1,28.5,29.8,73,20.0,11.2,240,1006.1,0.4
2022-06-08,55.0,35.714285714285715,1.0,4.0,7.142857142857143,3.0,"Colaba, Mumbai",31.2,27.5,29.3,79,18.8,14.1,240,1005.9,2.3
2022-06-14,49.66666666666666,40.0,1.0,4.0,2.0,3.0,"Colaba, Mumbai",30.2,25.6,28.2,80,24.8,20.3,200,1006.6,2.7
2022-06-16,47.888888888888886,27.0,1.0,2.0,14.0,3.0,"Colaba, Mumbai",30.0,26.2,28.0,81,23.7,15.9,208,1005.7,4.5
2022-06-17,47.0,37.0,1.0,3.0,18.0,3.0,"Colaba, Mumbai",29.6,26.3,28.0,82,21.6,16.7,208,1005.1,3.1
2022-06-18,78.0,34.166666666666664,1.0,3.1666666666666665,17.166666666666668,3.0,"Colaba, Mumbai",29.8,26.6,28.4,80,24.3,18.1,205,1005.2,6.1
2022-06-23,48.0,20.0,1.0,4.0,13.0,3.0,"Colaba, Mumbai",28.3,24.9,26.5,87,14.0,10.3,166,1004.9,27.8
2022-06-24,42.0,14.0,1.0,4.0,13.0,3.0,"Colaba, Mumbai",29.7,25.8,27.0,86,24.9,15.6,155,1003.1,17.7
2022-06-25,13.0,14.0,1.0,3.0,13.0,3.0,"Colaba, Mumbai",28.9,25.7,26.8,87,25.3,19.6,146,1000.3,14.4
2022-06-26,25.0,20.333333333333336,1.0,4.0,14.0,3.0,"Colaba, Mumbai",28.0,25.7,26.4,88,31.3,24.2,161,1000.5,16.6
2022-06-27,14.0,26.666666666666668,1.0,4.0,12.5,3.0,"Colaba, Mumbai",28.3,25.8,26.6,88,24.7,20.7,201,1003.1,35.9
2022-06-28,33.5,33.0,1.0,4.0,11.0,3.0,"Colaba, Mumbai",28.2,25.8,26.6,87,21.5,17.9,203,1004.6,10.0
2022-06-29,53.0,24.0,1.0,4.0,11.0,3.0,"Colaba, Mumbai",28.2,25.9,26.9,87,23.2,17.2,217,1003.5,15.6
2022-06-30,28.0,34.0,1.0,5.0,10.0,3.0,"Colaba, Mumbai",27.7,25.3,26.3,89,20.9,16.0,220,1003.4,46.5
2022-07-01,48.0,62.0,1.0,3.0,16.0,2.0,"Colaba, Mumbai",26.5,24.9,25.9,91,21.2,16.8,222,1004.0,63.3
2022-07-02,88.0,55.0,1.0,3.0,13.0,2.0,"Colaba, Mumbai",27.8,25.3,26.2,89,23.3,17.6,231,1002.7,27.3
2022-07-03,74.0,39.0,1.0,3.0,12.0,2.0,"Colaba, Mumbai",27.6,25.1,26.4,88,25.1,19.3,215,1002.4,21.2
2022-07-04,50.0,39.0,1.0,3.0,13.0,2.0,"Colaba, Mumbai",27.2,25.4,26.2,89,23.8,18.3,226,1002.3,38.7
2022-07-05,53.0,37.0,1.0,3.0,11.0,2.0,"Colaba, Mumbai",26.6,25.6,26.1,90,25.0,20.4,244,1001.0,49.4
2022-07-06,49.0,47.0,1.0,3.0,10.0,2.0,"Colaba, Mumbai",27.1,25.4,26.0,90,24.1,20.5,223,1002.3,40.8
2022-07-07,72.0,55.0,1.0,3.0,10.0,2.0,"Colaba, Mumbai",27.4,25.9,26.5,88,26.8,22.4,247,1005.2,39.8
2022-07-08,80.0,51.0,1.0,3.0,19.0,2.0,"Colaba, Mumbai",28.7,25.8,26.7,86,28.5,22.9,264,1004.7,23.5
2022-07-09,84.0,52.0,1.0,2.0,22.0,2.0,"Colaba, Mumbai",27.3,24.1,25.7,90,27.7,20.2,263,1003.4,43.0
2022-07-10,71.0,50.0,1.0,3.0,15.0,2.0,"Colaba, Mumbai",26.7,24.2,25.5,90,24.5,19.1,269,1004.4,42.8
2022-07-11,67.0,46.0,4.0,3.0,17.0,2.0,"Colaba, Mumbai",25.9,24.1,25.0,91,28.1,20.5,270,1005.9,86.9
2022-07-12,59.0,47.0,1.0,2.0,19.0,2.0,"Colaba, Mumbai",25.9,24.4,25.1,91,25.9,20.6,269,1005.5,68.5
2022-07-13,62.0,50.5,1.0,2.5,25.5,2.0,"Colaba, Mumbai",26.1,24.5,25.4,90,35.0,26.5,262,1002.1,69.7
2022-07-14,87.0,54.0,1.0,3.0,32.0,2.0,"Colaba, Mumbai",26.2,25.0,25.7,90,35.7,29.8,238,999.3,58.9
2022-07-15,112.0,42.0,1.0,3.0,27.0,2.0,"Colaba, Mumbai",28.2,25.8,26.6,85,40.4,34.2,230,999.6,23.3
2022-07-16,68.0,38.0,1.0,2.0,27.0,2.0,"Colaba, Mumbai",27.9,25.8,26.7,86,35.4,30.0,228,1001.0,26.5
2022-07-17,51.0,45.0,1.0,2.0,37.0,2.0,"Colaba, Mumbai",28.5,26.0,27.1,84,26.9,21.3,236,1004.0,15.8
2022-07-18,55.0,46.0,1.0,2.0,36.0,2.0,"Colaba, Mumbai",26.3,24.2,25.6,90,21.6,17.5,243,1005.1,31.2
2022-07-19,78.0,35.0,1.0,3.0,47.0,2.0,"Colaba, Mumbai",26.3,24.4,25.6,90,22.4,16.5,243,1005.8,32.0
2022-07-20,52.0,32.0,1.0,3.0,43.0,2.0,"Colaba, Mumbai",27.7,25.4,26.4,86,19.1,15.5,243,1006.6,12.2
2022-07-21,49.0,42.0,1.0,2.0,1.0,2.0,"Colaba, Mumbai",27.7,25.5,26.6,84,20.4,13.7,249,1006.9,6.5
2022-07-22,63.0,40.0,1.0,2.0,5.25,2.0,"Colaba, Mumbai",29.0,25.4,27.1,82,21.9,13.4,268,1007.4,4.1
2022-07-23,57.0,34.0,1.0,2.0,9.5,2.0,"Colaba, Mumbai",26.8,25.2,26.0,87,19.5,15.8,256,1005.7,27.7
2022-07-24,51.0,35.0,1.0,3.0,13.75,2.0,"Colaba, Mumbai",26.5,25.3,25.7,89,22.7,16.5,240,1005.0,22.0
2022-07-25,50.0,30.0,1.0,3.0,18.0,2.0,"Colaba, Mumbai",28.0,25.2,26.5,85,20.0,15.4,228,1006.3,10.2
2022-07-26,45.0,27.0,1.0,3.0,37.0,2.0,"Colaba, Mumbai",27.2,25.7,26.5,85,17.3,12.1,226,1008.1,5.5
2022-07-27,38.0,33.0,1.0,4.0,39.0,2.0,"Colaba, Mumbai",28.2,25.3,26.5,86,14.0,6.3,247,1008.0,6.4
2022-07-28,44.0,40.0,1.0,4.0,19.0,2.0,"Colaba, Mumbai",28.8,25.2,27.2,86,17.5,7.6,307,1008.7,1.4
2022-07-29,49.0,36.0,1.0,3.0,11.0,2.0,"Colaba, Mumbai",29.2,25.6,27.4,86,18.1,10.0,328,1008.2,2.4
2022-07-30,39.0,41.0,1.0,3.0,10.0,2.0,"Colaba, Mumbai",29.1,26.5,27.7,83,17.9,10.2,306,1007.3,1.4
2022-07-31,44.0,39.0,1.0,3.0,8.0,2.0,"Colaba, Mumbai",29.0,26.0,27.6,83,18.7,10.9,290,1005.8,2.3
2022-08-01,46.0,45.0,1.0,3.0,10.0,3.0,"Colaba, Mumbai",28.8,26.0,27.4,83,18.0,11.2,287,1006.0,1.4
2022-08-02,53.0,32.0,1.0,4.0,11.0,3.0,"Colaba, Mumbai",29.0,26.0,27.4,83,17.8,10.4,291,1005.0,2.4
2022-08-03,50.0,27.0,1.0,4.0,6.0,3.0,"Colaba, Mumbai",28.8,25.8,27.3,84,15.6,8.5,282,1004.1,9.0
2022-08-04,37.0,23.0,1.0,3.0,7.0,3.0,"Colaba, Mumbai",28.5,25.7,27.1,87,15.2,5.9,262,1003.0,11.0
2022-08-05,29.0,18.0,1.0,3.0,7.0,3.0,"Colaba, Mumbai",26.7,25.9,26.3,90,18.4,9.2,212,1001.6,25.2
2022-08-06,21.0,16.0,1.0,3.0,4.0,3.0,"Colaba, Mumbai",27.7,25.6,26.3,88,19.2,11.6,226,1000.4,20.4
2022-08-07,16.0,18.0,1.0,4.0,3.0,3.0,"Colaba, Mumbai",27.7,25.5,26.4,90,18.6,12.4,223,999.8,64.3
2022-08-08,16.0,37.0,1.0,3.0,4.0,3.0,"Colaba, Mumbai",27.2,25.9,26.4,89,40.6,15.8,243,998.4,55.2
2022-08-09,23.0,40.0,1.0,3.0,1.0,3.0,"Colaba, Mumbai",27.1,25.7,26.2,89,38.2,34.0,237,997.8,92.6
2022-08-10,31.0,46.0,1.0,3.0,1.5,3.0,"Colaba, Mumbai",27.3,25.8,26.4,87,40.3,35.3,231,997.4,36.9
2022-08-11,39.0,44.0,7.0,3.0,2.0,3.0,"Colaba, Mumbai",28.0,25.7,26.6,85,42.3,36.0,227,998.9,23.4
2022-08-12,47.0,40.0,1.0,3.0,14.0,2.857142857142857,"Colaba, Mumbai",28.0,25.3,26.7,82,42.8,37.7,225,1002.2,17.3
2022-08-13,47.0,35.0,1.0,2.0,5.0,2.7142857142857144,"Colaba, Mumbai",28.4,25.4,26.8,83,32.2,28.8,230,1004.2,17.8
2022-08-14,48.0,34.0,1.0,2.0,1.0,2.571428571428572,"Colaba, Mumbai",28.4,25.1,27.0,80,32.8,28.8,237,1005.8,15.8
2022-08-15,48.0,30.0,1.0,3.0,14.5,3.0,"Colaba, Mumbai",27.0,24.7,26.0,87,27.9,24.1,243,1006.1,33.5
2022-08-16,48.0,31.0,1.0,3.0,28.0,3.0,"Colaba, Mumbai",26.8,25.2,25.8,88,35.0,28.9,230,1005.3,66.8
2022-08-17,56.0,33.0,1.0,3.0,39.0,3.0,"Colaba, Mumbai",27.7,25.0,26.3,85,31.7,27.5,222,1006.5,23.8
2022-08-18,54.0,31.0,1.0,3.0,13.0,3.0,"Colaba, Mumbai",27.8,25.0,26.5,83,29.4,24.7,231,1007.0,7.6
2022-08-19,54.0,30.0,1.0,3.0,11.0,3.0,"Colaba, Mumbai",27.9,25.3,26.4,85,26.4,20.3,233,1007.4,13.9
2022-08-20,51.0,32.0,1.0,2.0,2.0,3.0,"Colaba, Mumbai",27.9,25.5,26.5,85,23.9,18.1,252,1007.2,6.2
2022-08-21,45.0,32.0,1.0,2.0,1.9230769230769231,3.0,"Colaba, Mumbai",27.9,25.4,26.5,85,23.5,19.2,262,1006.1,4.7
2022-08-22,49.0,31.0,1.0,3.0,1.8461538461538465,3.0,"Colaba, Mumbai",27.6,25.5,26.4,85,26.2,22.3,262,1004.9,5.6
2022-08-23,56.0,30.0,1.0,3.0,1.7692307692307692,3.0,"Colaba, Mumbai",28.1,25.3,26.4,85,27.2,22.6,246,1005.0,8.0
2022-08-24,48.0,33.0,1.0,3.0,4.0,3.0,"Colaba, Mumbai",27.9,25.2,26.3,85,24.7,19.7,242,1007.6,9.0
2022-08-25,47.0,42.0,1.0,4.0,4.0,1.0,"Colaba, Mumbai",27.4,24.8,26.0,86,18.2,13.1,231,1007.5,7.0
2022-08-26,65.0,55.0,1.0,3.0,4.0,2.0,"Colaba, Mumbai",27.8,24.6,26.3,84,16.4,10.0,241,1007.5,2.1
2022-08-27,74.0,48.0,1.0,4.0,4.0,2.0,"Colaba, Mumbai",28.1,25.0,26.5,83,17.7,9.8,274,1007.8,2.0
2022-08-28,64.0,42.0,1.0,6.0,4.0,2.0,"Colaba, Mumbai",28.0,25.1,26.4,84,18.5,9.3,294,1007.4,2.3
2022-08-29,63.0,58.0,1.0,5.0,4.0,2.0,"Colaba, Mumbai",28.6,24.8,26.6,84,18.1,8.5,314,1008.5,1.1
2022-08-30,84.0,58.0,1.0,4.0,4.0,2.0,"Colaba, Mumbai",29.2,25.7,27.3,85,19.9,11.2,333,1008.5,1.9
2022-08-31,79.0,32.0,1.0,12.0,4.0,2.0,"Colaba, Mumbai",29.2,25.5,27.5,87,18.5,9.3,327,1006.9,16.6
2022-09-01,50.0,50.0,1.0,10.88888888888889,4.0,6.0,"Colaba, Mumbai",28.6,25.2,26.8,87,17.2,6.5,348,1006.8,6.2
2022-09-02,99.0,41.0,1.0,9.77777777777778,1.0,6.0,"Colaba, Mumbai",29.9,25.3,27.5,87,15.8,7.4,346,1007.0,5.7
2022-09-03,75.0,34.0,1.0,8.666666666666668,1.0,3.0,"Colaba, Mumbai",29.7,25.8,27.7,85,16.1,10.1,216,1007.4,1.0
2022-09-04,58.0,32.0,1.0,7.0,1.1666666666666667,2.0,"Colaba, Mumbai",28.2,26.0,27.0,88,15.5,9.5,260,1007.7,10.7
2022-09-05,43.0,30.0,1.0,7.0,1.3333333333333333,2.0,"Colaba, Mumbai",29.0,26.1,27.5,84,16.7,10.0,298,1007.6,5.1
2022-09-06,42.0,43.0,1.0,7.0,1.5,3.0,"Colaba, Mumbai",28.5,25.4,27.2,84,14.0,6.9,319,1007.1,3.2
2022-09-07,50.0,32.0,1.0,7.0,4.0,4.0,"Colaba, Mumbai",29.8,25.7,27.2,87,16.3,8.5,356,1006.8,22.4
2022-09-08,68.0,29.0,1.0,7.0,4.0,4.0,"Colaba, Mumbai",28.5,25.3,26.6,90,12.1,7.8,356,1005.5,30.4
2022-09-09,60.0,20.0,1.0,2.0,2.0,3.0,"Colaba, Mumbai",29.5,25.0,27.1,87,17.1,7.7,183,1004.3,19.3
2022-09-10,32.0,29.0,1.0,2.2,2.0,4.0,"Colaba, Mumbai",29.1,25.8,26.9,87,13.7,7.4,174,1004.4,10.0
2022-09-11,52.0,20.0,1.0,2.4,2.0,3.0,"Colaba, Mumbai",29.1,25.2,26.7,88,14.3,6.5,325,1002.2,21.7
2022-09-12,28.0,18.0,1.0,2.6,2.0,3.0,"Colaba, Mumbai",28.1,25.2,26.4,89,19.7,8.1,228,1001.0,33.0
2022-09-13,28.0,21.0,1.0,7.0,1.0,2.0,"Colaba, Mumbai",27.0,25.3,26.2,89,27.2,19.0,245,1002.9,62.6
2022-09-14,23.0,27.0,1.0,3.0,1.0,2.0,"Colaba, Mumbai",27.7,25.5,26.2,88,31.6,25.2,227,1006.0,66.0
2022-09-15,36.0,26.0,1.0,2.0,1.0,3.0,"Colaba, Mumbai",27.6,25.4,26.4,87,33.8,28.4,234,1007.3,57.3
2022-09-16,31.0,26.0,1.0,2.0,1.0,2.6666666666666665,"Colaba, Mumbai",26.2,24.9,25.7,90,29.6,22.0,245,1006.4,95.8
2022-09-17,33.0,29.0,1.0,3.0,1.0,2.333333333333333,"Colaba, Mumbai",27.4,24.7,25.6,88,23.2,15.2,219,1006.8,22.8
2022-09-18,40.0,27.0,1.0,4.0,1.0,2.0,"Colaba, Mumbai",26.6,24.2,25.2,90,17.0,11.5,244,1008.6,64.0
2022-09-19,50.0,34.0,1.0,4.0,4.0,2.0,"Colaba, Mumbai",27.7,24.5,26.0,83,19.8,9.1,258,1009.1,5.3
2022-09-20,56.0,34.0,1.0,5.0,4.0,2.0,"Colaba, Mumbai",26.4,24.6,25.5,85,15.5,6.4,281,1008.8,8.6
2022-09-21,51.0,34.0,1.0,7.0,4.0,2.0,"Colaba, Mumbai",27.0,24.5,25.4,87,16.0,7.1,269,1008.8,13.4
2022-09-22,52.0,32.0,1.0,3.0,1.0,2.0,"Colaba, Mumbai",25.8,24.7,25.1,88,17.3,8.1,235,1009.2,20.5
2022-09-23,47.0,21.0,1.0,3.0,2.333333333333333,3.0,"Colaba, Mumbai",27.6,24.5,26.1,82,20.8,12.0,212,1009.1,3.9
2022-09-24,33.0,19.5,1.0,7.0,3.6666666666666665,3.5,"Colaba, Mumbai",27.1,24.5,25.5,86,18.7,12.4,209,1008.5,5.6
2022-09-25,21.5,18.0,1.0,11.0,5.0,4.0,"Colaba, Mumbai",27.3,24.5,25.8,85,12.5,8.3,232,1008.3,4.5
2022-09-26,10.0,33.0,1.0,14.0,3.0,5.0,"Colaba, Mumbai",27.6,24.0,25.9,84,16.0,7.4,272,1010.0,5.0
2022-09-27,46.0,45.0,4.0,17.0,3.0,6.0,"Colaba, Mumbai",27.8,24.2,26.2,84,13.7,6.4,294,1008.8,2.4
2022-09-28,66.0,49.0,4.0,11.0,3.0,4.0,"Colaba, Mumbai",28.0,24.3,26.3,86,17.1,7.9,288,1007.8,0.1
2022-09-29,71.0,48.0,1.0,6.0,2.857142857142857,3.0,"Colaba, Mumbai",27.8,24.4,26.1,88,15.8,6.9,334,1007.6,2.9
2022-09-30,71.0,43.0,1.0,6.0,2.7142857142857144,4.0,"Colaba, Mumbai",28.8,24.8,26.7,88,16.6,8.2,333,1008.1,1.8
2022-10-01,72.0,22.0,1.0,4.0,2.571428571428572,3.0,"Colaba, Mumbai",28.0,23.6,26.1,88,16.8,8.2,315,1008.9,6.8
2022-10-02,31.0,34.0,1.0,5.0,4.0,3.0,"Colaba, Mumbai",28.6,24.2,26.5,86,16.6,7.6,321,1009.0,1.7
2022-10-03,48.0,48.0,1.0,6.0,4.0,4.0,"Colaba, Mumbai",28.6,24.6,26.5,86,19.9,9.9,334,1009.4,1.4
2022-10-04,67.0,48.0,1.0,5.0,4.0,4.0,"Colaba, Mumbai",29.3,24.9,27.2,85,21.1,11.1,339,1009.2,0.1
2022-10-05,64.0,33.0,1.0,5.0,4.0,4.0,"Colaba, Mumbai",29.8,25.3,27.3,88,22.7,9.0,351,1008.1,1.4
2022-10-06,43.0,30.0,1.0,5.0,4.0,4.0,"Colaba, Mumbai",29.6,24.9,27.5,85,21.3,11.4,314,1006.3,3.6
2022-10-07,52.0,21.0,1.0,4.0,4.0,3.0,"Colaba, Mumbai",27.1,24.4,26.1,86,22.5,10.5,295,1005.3,34.3
2022-10-08,35.0,22.0,1.0,4.0,4.0,3.0,"Colaba, Mumbai",27.3,25.1,26.1,86,21.4,15.0,235,1007.5,38.3
2022-10-09,31.0,40.0,1.0,7.0,4.0,4.0,"Colaba, Mumbai",28.8,25.5,26.9,84,14.4,9.5,214,1009.0,1.7
2022-10-10,64.0,40.0,1.0,7.0,4.0,5.0,"Colaba, Mumbai",29.5,24.8,27.1,86,14.8,7.1,348,1009.9,0.4
2022-10-11,62.0,45.0,1.0,12.0,4.0,6.0,"Colaba, Mumbai",29.7,25.0,26.8,88,14.3,6.0,8,1008.8,10.7
2022-10-12,87.0,62.0,1.0,15.0,1.0,9.0,"Colaba, Mumbai",28.1,24.5,26.0,88,11.8,6.4,41,1009.5,19.9
2022-10-13,116.0,55.0,1.0,15.0,4.0,8.0,"Colaba, Mumbai",29.3,24.3,26.6,89,9.7,4.9,43,1009.5,3.0
2022-10-14,105.0,58.0,1.0,17.0,3.0,9.0,"Colaba, Mumbai",30.6,24.9,26.8,86,11.5,6.2,78,1009.4,14.6
2022-10-15,109.0,68.0,1.0,16.0,2.0,7.0,"Colaba, Mumbai",31.6,24.5,27.5,78,13.5,7.7,8,1008.3,0.7
2022-10-16,107.0,72.125,4.0,16.875,2.0,7.375,"Colaba, Mumbai",31.8,24.9,27.8,70,18.7,12.7,27,1009.3,0.1
2022-10-23,147.25,101.0,1.0,23.0,2.0,10.0,"Colaba, Mumbai",31.3,23.2,26.7,72,14.1,8.9,13,1013.0,0.0
2022-10-24,153.0,97.0,1.0,13.0,2.0,9.0,"Colaba, Mumbai",30.4,21.6,26.0,74,15.5,8.5,351,1011.2,0.0
2022-10-25,155.0,96.0,1.0,18.0,2.0,10.0,"Colaba, Mumbai",29.7,22.4,25.9,77,14.3,7.8,346,1011.3,0.0
2022-10-26,153.0,98.0,1.0,21.0,2.0,9.0,"Colaba, Mumbai",30.3,22.2,25.7,75,16.4,8.9,0,1012.7,0.0
2022-10-27,150.0,95.0,1.0,19.0,2.0,10.0,"Colaba, Mumbai",30.2,22.0,25.7,75,16.6,8.5,3,1012.5,0.0
2022-10-28,143.0,95.0,1.0,24.0,2.0,10.0,"Colaba, Mumbai",31.3,21.9,26.1,69,15.5,9.0,44,1011.9,0.0
2022-10-29,137.0,78.0,1.0,23.0,2.0,8.0,"Colaba, Mumbai",31.8,21.8,25.9,66,14.1,8.4,53,1011.7,0.0
2022-10-30,127.0,83.0,1.0,18.0,2.0,9.0,"Colaba, Mumbai",31.8,20.7,25.8,65,16.1,9.7,21,1012.0,0.0
2022-10-31,142.0,100.0,4.0,25.0,2.0,10.0,"Colaba, Mumbai",31.8,21.2,25.6,67,18.4,8.9,25,1011.6,0.0
2022-11-01,152.0,94.0,4.0,21.0,3.0,10.0,"Colaba, Mumbai",31.4,21.5,25.8,63,18.2,9.4,35,1012.3,0.0
2022-11-02,152.0,96.0,4.0,24.0,3.0,10.0,"Colaba, Mumbai",31.4,21.7,25.8,69,21.5,11.3,11,1011.6,0.0
2022-11-03,147.0,100.0,1.0,29.0,4.0,11.0,"Colaba, Mumbai",32.7,21.0,26.3,61,15.5,10.8,26,1011.2,0.0
2022-11-04,149.0,91.0,1.0,36.0,5.0,10.0,"Colaba, Mumbai",33.3,21.3,26.2,63,17.2,9.5,28,1011.9,0.0
2022-11-05,149.0,94.0,1.0,51.0,6.0,10.0,"Colaba, Mumbai",33.2,21.0,26.3,61,15.7,8.8,10,1013.0,0.0
2022-11-06,151.0,99.0,1.0,54.66666666666666,7.0,11.0,"Colaba, Mumbai",32.2,21.1,25.9,67,16.3,9.3,1,1013.4,0.0
2022-11-07,161.0,113.0,1.0,58.333333333333336,9.0,12.0,"Colaba, Mumbai",31.3,20.8,25.5,71,15.7,8.2,359,1013.2,0.0
2022-11-08,176.0,112.0,1.0,62.0,10.0,12.0,"Colaba, Mumbai",31.8,21.5,26.1,66,19.1,10.4,358,1012.9,0.0
2022-11-09,176.0,134.0,1.0,59.5,12.0,13.0,"Colaba, Mumbai",31.3,22.2,26.2,63,20.7,9.6,350,1012.7,0.0
2022-11-10,176.0,94.0,1.0,57.0,8.0,10.0,"Colaba, Mumbai",32.4,21.6,26.2,63,24.3,9.9,8,1013.0,0.0
2022-11-11,176.0,94.0,1.0,54.0,7.0,9.0,"Colaba, Mumbai",32.7,21.2,26.5,59,19.4,10.8,26,1013.2,0.0
2022-11-12,129.5,97.0,1.0,52.0,7.0,9.0,"Colaba, Mumbai",32.7,22.4,26.7,60,21.8,12.4,17,1012.9,0.0
2022-11-13,129.5,118.0,1.0,56.0,7.0,13.0,"Colaba, Mumbai",32.7,22.6,26.7,59,20.4,11.8,14,1011.9,0.0
2022-11-14,129.5,126.0,1.0,63.0,8.0,14.0,"Colaba, Mumbai",31.7,21.8,26.1,72,17.3,8.7,353,1012.1,0.0
2022-11-15,129.5,111.0,1.0,56.0,7.0,12.0,"Colaba, Mumbai",31.0,22.2,26.1,72,16.5,9.1,344,1012.7,0.0
2022-11-16,129.5,100.0,1.0,62.0,7.0,10.0,"Colaba, Mumbai",31.8,21.7,26.2,66,17.2,9.5,350,1011.9,0.0
2022-11-17,129.5,80.0,1.0,51.0,7.0,8.0,"Colaba, Mumbai",32.0,22.1,26.0,60,21.5,11.1,6,1011.8,0.0
2022-11-18,129.5,88.0,1.0,64.0,7.0,9.0,"Colaba, Mumbai",31.4,21.9,25.7,52,22.2,12.5,11,1012.2,0.0
2022-11-19,129.5,88.0,1.0,60.0,6.0,9.0,"Colaba, Mumbai",31.2,21.3,25.5,51,19.8,12.0,20,1012.1,0.0
2022-11-20,129.5,80.0,1.0,48.0,6.0,8.0,"Colaba, Mumbai",30.0,19.8,24.5,55,21.9,11.5,18,1011.2,0.0
2022-11-21,129.5,90.0,1.0,64.0,5.0,10.0,"Colaba, Mumbai",29.4,18.6,23.7,59,18.4,10.7,358,1011.1,0.0
2022-11-22,129.5,100.0,1.0,60.0,5.0,11.0,"Colaba, Mumbai",30.2,19.5,24.1,63,18.4,10.9,355,1011.0,0.0
2022-11-23,129.5,108.0,1.0,58.0,5.0,12.0,"Colaba, Mumbai",30.9,21.7,25.4,59,20.9,11.6,356,1011.0,0.0
2022-11-24,129.5,128.0,1.0,64.0,6.0,14.0,"Colaba, Mumbai",30.6,20.9,25.3,63,19.1,10.0,347,1010.7,0.0
2022-11-25,129.5,128.0,1.0,70.0,7.0,14.0,"Colaba, Mumbai",31.2,21.3,26.0,66,14.6,8.1,346,1011.2,0.0
2022-11-26,129.5,125.0,1.0,61.0,8.0,14.0,"Colaba, Mumbai",31.7,22.7,26.4,70,16.2,8.5,350,1010.4,0.0
2022-11-27,129.5,94.0,1.0,44.0,9.0,12.0,"Colaba, Mumbai",29.7,22.5,26.2,71,15.9,8.3,327,1008.7,0.0
2022-11-28,129.5,93.0,1.0,43.0,8.0,11.0,"Colaba, Mumbai",29.8,21.1,25.1,68,18.2,9.6,332,1009.6,0.0
2022-11-29,129.5,117.0,1.0,67.0,9.0,13.0,"Colaba, Mumbai",29.2,19.9,24.3,72,16.3,9.4,335,1010.5,0.0
2022-11-30,129.5,94.0,1.0,42.0,9.0,11.0,"Colaba, Mumbai",31.2,21.1,26.0,67,15.9,8.1,348,1011.1,0.0
2022-12-01,145.0,116.0,1.0,53.5,9.0,14.0,"Colaba, Mumbai",31.8,22.1,25.9,63,18.1,9.2,10,1011.0,0.0
2022-12-02,145.0,112.0,1.0,65.0,10.0,13.0,"Colaba, Mumbai",31.3,19.7,25.3,64,15.1,8.7,358,1010.4,0.0
2022-12-03,145.0,161.0,1.0,66.0,11.0,14.0,"Colaba, Mumbai",30.6,20.9,25.4,64,20.4,10.2,346,1010.6,0.0
2022-12-04,145.0,120.0,1.0,51.0,10.0,14.0,"Colaba, Mumbai",31.7,22.4,26.4,69,14.7,8.2,346,1011.2,0.0
2022-12-05,145.0,149.0,1.0,49.66666666666666,11.0,16.0,"Colaba, Mumbai",31.1,23.6,26.7,71,16.5,8.9,342,1012.1,0.0
2022-12-07,145.0,110.0,1.0,47.0,11.0,11.0,"Colaba, Mumbai",31.4,22.8,26.3,71,20.9,10.2,337,1011.2,0.0
2022-12-08,145.0,79.0,1.0,50.0,9.0,8.0,"Colaba, Mumbai",30.9,21.2,25.8,68,20.3,11.0,349,1011.0,0.0
2022-12-09,145.0,88.0,1.0,68.0,8.0,11.0,"Colaba, Mumbai",30.5,20.4,24.6,58,21.1,11.1,8,1009.5,0.0
2022-12-10,145.0,107.0,1.0,64.0,8.0,12.0,"Colaba, Mumbai",30.8,18.7,24.0,63,19.2,9.7,359,1009.2,0.0
2022-12-11,145.0,95.0,1.0,60.0,9.0,11.0,"Colaba, Mumbai",30.2,19.6,24.7,64,19.7,8.8,349,1009.8,0.0
2022-12-12,145.0,83.0,1.0,62.0,11.0,10.0,"Colaba, Mumbai",31.8,22.1,26.7,68,18.2,9.0,354,1009.3,0.0
2022-12-13,145.0,78.0,1.0,44.0,12.0,11.0,"Colaba, Mumbai",32.4,24.7,27.9,67,16.2,10.2,40,1009.7,0.0
2022-12-14,145.0,76.0,1.0,42.0,12.0,12.0,"Colaba, Mumbai",31.4,25.6,27.8,68,18.9,8.8,37,1010.8,0.0
2022-12-15,145.0,110.0,1.0,44.4,12.0,15.0,"Colaba, Mumbai",30.6,24.5,27.0,73,15.4,8.6,351,1010.8,0.0
2022-12-19,145.0,87.0,1.0,54.0,14.0,11.0,"Colaba, Mumbai",30.8,23.9,26.8,61,20.8,11.2,350,1009.9,0.0
2022-12-20,145.0,107.0,1.0,50.333333333333336,15.0,13.0,"Colaba, Mumbai",29.7,22.6,26.0,60,19.0,11.1,343,1009.5,0.0
2022-12-21,145.0,128.0,1.0,46.66666666666666,15.0,14.0,"Colaba, Mumbai",30.3,21.0,25.5,67,18.1,8.8,346,1010.1,0.0
2022-12-22,145.0,86.0,1.0,43.0,14.0,9.0,"Colaba, Mumbai",30.3,20.7,25.0,70,18.6,9.6,338,1010.1,0.0
2022-12-23,145.0,94.0,1.0,66.0,13.0,11.0,"Colaba, Mumbai",29.3,21.7,24.7,64,22.0,12.4,338,1010.9,0.0
2022-12-24,145.0,102.0,1.0,59.0,13.0,11.0,"Colaba, Mumbai",28.7,19.9,23.2,53,20.9,12.9,347,1011.9,0.0
2022-12-25,145.0,108.0,1.0,64.0,13.0,13.0,"Colaba, Mumbai",27.0,17.1,22.0,66,15.5,7.5,334,1012.1,0.0
2022-12-26,145.0,125.0,1.0,56.0,13.0,14.0,"Colaba, Mumbai",27.4,16.7,22.1,75,18.3,9.3,343,1013.1,0.0
2022-12-27,145.0,122.0,1.0,15.0,8.0,14.0,"Colaba, Mumbai",29.1,18.7,23.6,70,19.3,10.6,340,1013.9,0.0
2022-12-28,145.0,131.0,1.0,11.0,9.0,13.0,"Colaba, Mumbai",29.8,19.3,24.0,70,19.6,11.0,337,1014.7,0.0
2022-12-29,145.0,117.0,1.0,15.0,9.0,12.0,"Colaba, Mumbai",30.1,19.6,24.2,69,20.6,10.1,334,1015.9,0.0
2022-12-30,145.0,94.0,1.0,12.0,8.0,10.0,"Colaba, Mumbai",30.0,19.0,24.3,68,20.0,10.7,335,1016.9,0.0
2022-12-31,145.0,85.0,1.0,11.0,7.0,9.0,"Colaba, Mumbai",29.0,20.1,23.8,66,21.9,12.3,340,1016.4,0.0
2023-01-02,129.0,100.0,1.0,17.0,7.0,12.0,"Colaba, Mumbai",28.7,17.9,22.8,71,19.5,11.0,344,1015.2,0.0
2023-01-03,129.0,111.0,1.0,13.0,8.0,12.0,"Colaba, Mumbai",28.6,18.1,22.8,71,20.6,11.4,339,1015.0,0.0
2023-01-04,129.0,106.0,1.0,18.0,8.0,12.0,"Colaba, Mumbai",28.0,18.1,22.8,73,18.4,9.4,338,1013.8,0.0
2023-01-05,129.0,124.0,1.0,12.0,8.0,13.0,"Colaba, Mumbai",28.8,20.3,23.9,75,16.6,8.8,330,1014.4,0.0
2023-01-06,129.0,142.0,1.0,13.0,8.0,13.0,"Colaba, Mumbai",30.8,20.9,25.4,68,18.0,10.8,337,1015.9,0.0
2023-01-07,129.0,125.0,1.0,13.0,8.0,12.0,"Colaba, Mumbai",31.7,22.7,26.0,66,18.6,11.7,7,1015.8,0.0
2023-01-08,129.0,128.0,1.0,11.0,9.0,11.0,"Colaba, Mumbai",31.0,21.4,25.4,63,22.7,11.5,348,1014.9,0.0
2023-01-09,129.0,82.0,1.0,10.0,9.0,9.0,"Colaba, Mumbai",30.4,19.1,24.0,59,21.0,10.9,350,1015.9,0.0
2023-01-10,129.0,88.0,1.0,10.0,9.0,10.0,"Colaba, Mumbai",30.6,17.6,23.4,57,21.4,10.7,353,1015.3,0.0
2023-01-11,129.0,112.0,1.0,15.0,9.0,12.0,"Colaba, Mumbai",28.3,16.9,22.7,66,17.1,8.8,336,1013.6,0.0
2023-01-13,129.0,184.0,1.0,9.0,8.0,6.0,"Colaba, Mumbai",26.4,20.1,22.5,76,24.0,12.7,345,1014.0,0.0
2023-01-14,129.0,88.0,1.0,9.0,8.0,7.0,"Colaba, Mumbai",25.7,16.9,21.0,66,21.7,12.8,345,1013.9,0.0
2023-01-15,129.0,108.0,1.0,18.0,8.0,10.0,"Colaba, Mumbai",25.4,16.2,20.6,68,21.9,10.6,336,1012.3,0.0
2023-01-16,129.0,118.0,1.0,15.0,8.0,11.0,"Colaba, Mumbai",25.1,15.5,20.4,78,16.4,9.1,336,1012.4,0.0
2023-01-17,129.0,130.0,1.0,17.0,9.0,13.0,"Colaba, Mumbai",26.2,16.4,20.9,75,17.1,9.1,334,1012.8,0.0
2023-01-18,129.0,134.0,1.0,18.0,10.0,14.0,"Colaba, Mumbai",28.6,16.6,22.0,75,14.8,7.9,335,1013.6,0.0
2023-01-19,176.0,127.0,4.0,9.0,9.0,14.0,"Colaba, Mumbai",27.1,16.3,22.3,75,14.2,7.5,328,1013.6,0.0
2023-01-20,156.0,104.0,4.0,6.333333333333334,8.0,11.0,"Colaba, Mumbai",27.0,17.5,21.7,75,18.9,9.4,334,1013.5,0.0
2023-01-21,157.0,96.0,4.0,3.666666666666667,9.0,11.0,"Colaba, Mumbai",26.7,17.8,21.9,72,20.9,11.2,335,1013.8,0.0
2023-01-22,139.0,82.0,4.0,1.0,9.0,8.0,"Colaba, Mumbai",26.5,19.0,22.0,61,25.7,13.2,344,1013.2,0.0
2023-01-23,149.0,93.0,4.0,1.0,8.0,9.0,"Colaba, Mumbai",25.5,17.6,21.4,58,26.3,14.6,338,1012.7,0.0
2023-01-24,150.0,89.0,4.0,1.0,8.0,9.0,"Colaba, Mumbai",25.4,17.6,21.1,61,26.2,14.0,339,1013.0,0.0
2023-01-25,160.0,101.0,4.0,1.0,8.0,9.0,"Colaba, Mumbai",26.3,18.2,21.4,58,29.2,16.9,342,1012.8,0.0
2023-01-26,169.0,112.0,4.0,1.0,8.0,11.0,"Colaba, Mumbai",26.8,18.7,22.4,61,23.7,15.1,340,1012.3,0.0
2023-01-27,172.0,115.0,4.0,1.0,9.0,13.0,"Colaba, Mumbai",32.5,20.5,24.7,69,19.1,10.8,343,1011.3,0.0
2023-01-28,156.0,102.0,4.0,1.0,11.0,13.0,"Colaba, Mumbai",29.5,20.1,24.0,78,21.5,10.0,241,1010.5,0.0
2023-01-29,149.0,88.0,4.0,1.0,10.0,11.0,"Colaba, Mumbai",25.4,21.9,23.4,88,18.4,8.2,293,1010.3,1.6
2023-01-30,150.0,85.0,4.0,1.0,9.0,10.0,"Colaba, Mumbai",27.7,20.9,23.5,79,25.5,14.3,336,1012.8,0.0
2023-01-31,168.0,104.0,4.0,1.0,9.0,11.0,"Colaba, Mumbai",29.7,21.4,25.0,66,25.7,15.7,344,1012.5,0.0
2023-02-01,162.0,96.0,4.0,1.0,9.0,10.0,"Colaba, Mumbai",33.2,23.0,26.7,55,24.2,12.7,26,1011.8,0.0
2023-02-02,154.0,89.0,4.0,1.0,9.0,10.0,"Colaba, Mumbai",33.6,23.3,26.9,54,25.0,16.7,15,1012.0,0.0
2023-02-03,156.0,99.0,4.0,1.0,9.0,11.0,"Colaba, Mumbai",31.6,21.1,25.1,58,21.8,11.0,342,1012.7,0.0
2023-02-04,161.0,106.0,4.0,1.0,10.0,13.0,"Colaba, Mumbai",30.7,19.7,24.5,60,21.3,11.8,337,1011.6,0.0
2023-02-05,169.0,113.0,4.0,1.0,10.0,14.0,"Colaba, Mumbai",29.9,19.8,24.4,65,15.5,8.3,322,1010.9,0.0
2023-02-06,157.0,90.0,4.0,1.0,9.0,11.0,"Colaba, Mumbai",28.7,18.5,23.8,68,21.8,12.4,330,1011.5,0.0
2023-02-07,140.0,84.0,4.0,2.0,9.0,8.0,"Colaba, Mumbai",30.6,19.6,24.2,63,24.8,13.1,339,1011.3,0.0
2023-02-08,170.0,115.0,4.0,1.8571428571428568,8.0,12.0,"Colaba, Mumbai",30.5,18.2,24.2,63,23.5,12.6,341,1011.2,0.0
2023-02-09,177.0,124.0,4.0,1.7142857142857144,10.0,14.0,"Colaba, Mumbai",32.7,19.4,25.3,57,23.0,11.2,341,1011.4,0.0
2023-02-10,163.0,98.0,4.0,1.5714285714285714,9.0,10.0,"Colaba, Mumbai",30.6,18.9,24.3,62,22.5,12.6,331,1013.0,0.0
2023-02-11,139.0,82.0,4.0,10.0,11.0,9.0,"Colaba, Mumbai",31.2,18.1,24.3,55,25.0,13.9,339,1013.8,0.0
2023-02-12,155.0,94.0,4.0,10.0,11.0,13.0,"Colaba, Mumbai",31.8,18.1,25.3,50,24.5,14.4,353,1013.6,0.0
2023-02-13,138.0,84.0,4.0,10.0,10.0,8.0,"Colaba, Mumbai",33.1,22.1,26.5,45,27.2,14.8,357,1013.4,0.0
2023-02-14,162.0,111.0,4.0,1.0,10.0,13.0,"Colaba, Mumbai",32.3,20.0,25.2,48,23.5,11.1,348,1013.3,0.0
2023-02-15,172.0,128.0,4.0,1.0,11.0,15.0,"Colaba, Mumbai",32.1,18.3,25.1,51,24.5,11.7,343,1011.6,0.0
2023-02-16,161.0,124.0,4.0,1.125,11.0,12.0,"Colaba, Mumbai",33.8,19.5,26.2,48,28.9,13.6,352,1011.9,0.0
2023-02-17,171.0,133.0,4.0,1.25,11.0,13.0,"Colaba, Mumbai",33.0,21.4,26.8,44,29.5,15.3,346,1012.3,0.0
2023-02-18,165.0,115.0,4.0,1.375,15.0,12.0,"Colaba, Mumbai",33.9,19.5,26.4,42,25.4,12.5,355,1011.9,0.0
2023-02-19,166.0,123.0,4.0,10.0,14.0,13.0,"Colaba, Mumbai",34.5,18.8,25.7,53,21.1,10.4,348,1011.8,0.0
2023-02-20,155.0,85.0,4.0,10.0,12.0,11.0,"Colaba, Mumbai",29.3,19.8,25.4,66,17.3,8.3,286,1012.3,0.0
2023-02-21,152.0,108.0,4.0,10.0,12.0,12.0,"Colaba, Mumbai",30.9,19.7,25.3,66,23.7,12.0,325,1012.9,0.0
2023-02-22,117.0,74.0,4.0,10.0,12.0,9.0,"Colaba, Mumbai",29.5,20.0,24.5,67,24.2,13.4,333,1012.6,0.0
2023-02-23,160.0,94.0,4.0,2.0,13.0,12.0,"Colaba, Mumbai",32.1,20.6,25.6,52,26.2,14.0,334,1011.5,0.0
2023-02-24,158.0,96.0,4.0,2.0,12.0,13.0,"Colaba, Mumbai",33.0,21.6,26.6,48,26.6,13.3,337,1012.5,0.0
2023-02-25,157.0,97.0,4.0,2.0,13.0,12.0,"Colaba, Mumbai",33.0,21.8,27.0,44,25.1,14.9,338,1014.2,0.0
2023-02-26,164.0,107.0,4.0,2.0,14.0,13.0,"Colaba, Mumbai",33.6,21.0,26.4,46,25.5,13.6,340,1014.6,0.0
2023-02-27,159.0,100.0,4.0,10.0,13.0,13.0,"Colaba, Mumbai",33.8,21.9,26.7,46,24.2,13.4,339,1014.3,0.0
2023-02-28,144.0,93.0,4.0,10.0,11.0,11.0,"Colaba, Mumbai",31.8,20.3,25.5,54,20.8,11.6,328,1014.6,0.0
2023-03-01,153.0,101.0,4.0,8.0,12.0,14.0,"Colaba, Mumbai",32.0,20.7,26.0,56,21.9,12.5,332,1015.0,0.0
2023-03-02,172.0,116.0,4.0,8.0,12.0,15.0,"Colaba, Mumbai",33.9,21.9,27.2,51,22.2,11.2,334,1015.0,0.0
2023-03-03,172.0,105.0,4.0,8.0,12.0,16.0,"Colaba, Mumbai",32.6,21.7,27.2,60,20.5,8.7,314,1015.5,0.0
2023-03-04,191.0,130.0,4.0,2.0,13.0,20.0,"Colaba, Mumbai",32.7,22.6,27.5,63,18.9,9.2,311,1015.1,0.0
2023-03-05,194.0,140.0,4.0,7.0,13.0,20.0,"Colaba, Mumbai",34.6,23.0,28.2,59,19.6,9.7,310,1014.7,0.0
2023-03-06,177.0,123.0,4.0,4.0,11.0,21.0,"Colaba, Mumbai",36.1,24.3,29.6,45,23.1,13.8,36,1013.5,0.0
2023-03-07,123.0,79.0,4.0,2.0,9.0,11.0,"Colaba, Mumbai",35.5,24.2,28.7,48,26.0,13.6,81,1013.4,0.0
2023-03-11,151.0,88.0,4.0,1.5,8.0,13.0,"Colaba, Mumbai",35.6,22.2,28.7,44,22.7,12.1,342,1011.4,0.0
2023-03-12,170.0,117.0,4.0,1.375,8.0,18.0,"Colaba, Mumbai",36.2,23.4,28.7,46,24.8,10.4,325,1011.0,0.0
2023-03-13,178.0,106.0,4.0,1.25,8.0,21.0,"Colaba, Mumbai",35.9,24.5,28.8,56,19.3,9.2,295,1010.0,0.0
2023-03-14,167.0,103.0,4.0,8.0,8.0,15.0,"Colaba, Mumbai",35.9,23.8,28.2,66,21.3,11.5,317,1008.9,0.0
2023-03-15,145.0,77.0,4.0,1.0,8.0,12.0,"Colaba, Mumbai",33.2,23.8,28.1,64,20.3,9.8,323,1007.8,0.0
2023-03-16,146.0,66.0,4.0,2.0,8.0,12.0,"Colaba, Mumbai",31.7,23.0,26.8,70,21.7,8.9,161,1009.5,11.2
2023-03-17,141.0,68.0,4.0,2.0,8.0,21.0,"Colaba, Mumbai",30.0,22.7,26.6,75,18.5,9.8,261,1010.1,1.1
2023-03-18,118.0,70.0,4.0,2.0,8.0,29.0,"Colaba, Mumbai",30.2,24.0,27.0,79,21.0,11.9,298,1008.9,0.0
2023-03-19,97.0,57.0,4.0,2.0,8.0,12.0,"Colaba, Mumbai",29.1,23.2,26.2,74,20.1,10.0,269,1009.0,0.3
2023-03-20,76.0,49.0,5.0,2.0,7.0,9.0,"Colaba, Mumbai",28.9,23.9,26.2,69,19.0,10.4,295,1008.8,0.3
2023-03-21,64.0,42.0,4.0,2.0,7.0,15.0,"Colaba, Mumbai",28.3,21.6,25.5,73,17.7,8.7,276,1009.6,0.7
2023-03-22,68.0,41.0,4.0,2.0,7.0,22.0,"Colaba, Mumbai",29.7,23.0,26.3,73,17.1,9.2,306,1010.5,0.2
2023-03-23,78.0,42.0,4.0,2.0,7.0,21.0,"Colaba, Mumbai",29.7,23.2,26.2,73,20.1,10.0,313,1010.6,1.6
2023-03-29,80.0,72.0,4.0,5.75,6.0,22.8,"Colaba, Mumbai",29.4,22.1,25.7,79,18.8,10.2,312,1010.8,0.0
2023-03-31,81.0,56.0,28.0,7.0,7.0,23.4,"Colaba, Mumbai",28.8,24.2,26.5,74,18.2,9.4,300,1009.9,0.4
2023-04-02,63.0,50.0,4.0,3.0,7.0,24.0,"Colaba, Mumbai",29.6,22.5,26.0,77,25.8,11.9,309,1010.2,0.0
2023-04-03,54.0,46.0,4.0,1.0,6.0,20.166666666666668,"Colaba, Mumbai",29.5,23.3,26.2,77,24.8,11.2,311,1009.7,0.0
2023-04-04,55.0,54.0,4.0,1.0,7.0,16.333333333333332,"Colaba, Mumbai",30.2,23.6,26.5,80,25.9,12.8,325,1010.2,0.0
2023-04-05,74.0,74.0,4.0,1.0,6.0,12.5,"Colaba, Mumbai",30.4,22.5,26.7,82,24.2,12.6,315,1009.9,0.0
2023-04-06,108.0,92.0,5.0,1.0,6.0,4.0,"Colaba, Mumbai",32.7,23.8,28.0,73,25.0,14.6,333,1009.7,0.0
2023-04-07,121.0,88.0,4.0,1.0,6.0,4.0,"Colaba, Mumbai",33.5,25.7,29.6,57,25.7,16.2,337,1010.4,0.0
2023-04-08,145.0,102.0,4.0,1.0,7.0,1.0,"Colaba, Mumbai",33.7,26.2,29.4,60,21.2,11.1,309,1012.0,0.0
2023-04-09,176.0,87.0,4.0,1.0,7.0,3.0,"Colaba, Mumbai",34.6,25.6,29.4,63,26.6,10.7,323,1012.4,0.0
2023-04-10,136.0,76.0,4.0,1.0,6.0,4.0,"Colaba, Mumbai",35.2,26.1,30.0,63,23.8,13.2,324,1010.7,0.0
2023-04-11,102.0,68.0,4.0,1.0,6.0,5.0,"Colaba, Mumbai",33.9,26.5,29.7,64,25.5,14.0,320,1011.0,0.0
2023-04-12,100.0,81.0,4.0,1.0,6.0,5.0,"Colaba, Mumbai",34.7,26.6,30.4,57,28.8,16.5,329,1010.5,0.0
2023-04-13,149.0,72.0,4.0,1.0,6.0,5.0,"Colaba, Mumbai",34.4,27.5,30.6,53,26.4,16.0,332,1010.1,0.0
2023-04-14,100.0,63.0,4.0,1.0,9.0,4.0,"Colaba, Mumbai",34.7,26.5,30.0,61,25.0,14.5,328,1009.9,0.0
2023-04-15,93.0,60.0,4.0,1.0,7.0,6.0,"Colaba, Mumbai",34.3,25.7,29.1,65,25.2,11.0,324,1010.0,0.0
2023-04-16,67.0,60.0,4.0,1.0,7.0,3.0,"Colaba, Mumbai",33.5,24.1,28.5,73,25.6,12.9,323,1008.9,0.0
2023-04-17,73.0,70.0,4.0,1.0,7.0,2.8,"Colaba, Mumbai",33.4,25.1,28.6,73,26.1,13.0,327,1008.9,0.0
2023-04-18,103.0,89.0,4.0,1.0,7.0,2.6,"Colaba, Mumbai",36.4,26.6,31.3,53,27.9,17.0,343,1009.2,0.0
2023-04-19,118.0,57.0,5.0,2.0,7.0,2.4,"Colaba, Mumbai",35.5,27.9,31.9,50,28.1,16.8,330,1007.0,0.0
2023-04-20,55.0,52.0,4.0,1.6666666666666667,6.0,4.0,"Colaba, Mumbai",34.4,26.6,29.9,64,26.2,14.0,313,1005.9,0.0
2023-04-21,59.0,46.0,4.0,1.3333333333333337,6.0,4.0,"Colaba, Mumbai",31.6,24.9,28.1,73,21.8,11.2,312,1006.7,0.0
2023-04-22,63.0,53.0,4.0,1.0,6.0,4.0,"Colaba, Mumbai",30.8,24.5,27.6,80,21.2,10.4,286,1007.2,0.1
2023-04-23,67.0,54.0,4.0,1.0,6.0,4.0,"Colaba, Mumbai",31.2,24.6,27.9,76,22.5,11.6,300,1007.4,0.0
2023-04-24,106.0,65.0,4.0,2.0,6.0,4.0,"Colaba, Mumbai",31.3,25.0,28.0,79,25.8,11.7,308,1007.6,0.0
2023-04-25,103.0,60.0,4.0,2.0,5.0,4.0,"Colaba, Mumbai",31.8,25.6,28.4,82,22.7,10.5,269,1007.7,0.0
2023-04-26,83.0,60.0,4.0,1.0,5.0,1.0,"Colaba, Mumbai",30.7,26.8,28.5,75,23.1,14.0,235,1008.3,0.0
2023-04-27,84.0,42.0,4.0,1.0,5.0,7.0,"Colaba, Mumbai",31.2,25.2,28.2,75,23.5,10.2,306,1008.4,0.0
2023-04-28,60.0,43.0,4.0,1.0,6.0,13.0,"Colaba, Mumbai",31.3,26.1,28.5,73,19.6,10.8,311,1009.2,0.0
2023-04-29,61.0,39.0,5.0,1.0,5.0,15.0,"Colaba, Mumbai",31.2,26.6,28.3,71,22.1,10.1,297,1008.7,0.4
2023-04-30,52.0,38.0,5.0,1.0,5.0,26.0,"Colaba, Mumbai",30.9,25.0,28.1,71,21.5,9.6,298,1007.3,0.0
2023-05-01,49.0,33.0,6.0,1.0,5.0,28.5,"Colaba, Mumbai",30.9,25.4,28.2,69,17.0,9.1,282,1007.2,1.7
2023-05-02,46.0,46.0,5.0,1.0,5.0,31.0,"Colaba, Mumbai",30.8,25.6,28.6,66,18.4,8.6,277,1007.8,1.0
2023-05-03,62.0,50.0,4.0,1.0,5.0,26.33333333333333,"Colaba, Mumbai",31.1,26.7,28.6,68,18.8,10.1,290,1009.2,0.0
2023-05-04,77.0,52.0,4.0,1.0,5.0,21.666666666666664,"Colaba, Mumbai",31.3,25.5,28.2,73,20.9,9.6,302,1008.7,1.1
2023-05-05,69.0,48.0,4.0,1.0,4.0,17.0,"Colaba, Mumbai",31.5,25.4,28.4,75,22.1,10.0,293,1008.0,0.1
2023-05-06,71.0,48.0,4.0,1.0,3.5,4.0,"Colaba, Mumbai",31.4,25.7,28.6,77,24.3,11.9,307,1008.0,0.4
2023-05-07,74.0,49.0,4.0,1.0,3.0,4.0,"Colaba, Mumbai",29.8,25.7,27.9,80,17.7,9.1,313,1008.2,6.9
2023-05-08,67.0,58.0,4.0,1.0,2.0,3.0,"Colaba, Mumbai",31.9,27.8,29.6,74,21.2,11.9,296,1007.4,0.2
2023-05-09,70.0,72.0,4.0,1.0,2.0,4.0,"Colaba, Mumbai",32.6,27.6,29.9,76,21.5,10.5,295,1007.7,0.0
2023-05-10,83.0,74.0,4.0,1.0,1.0,5.0,"Colaba, Mumbai",33.0,27.9,30.1,80,24.1,10.6,290,1006.7,0.0
2023-05-11,109.0,121.0,12.0,4.0,5.0,2.0,"Colaba, Mumbai",33.5,27.2,30.2,79,20.2,10.4,238,1006.9,0.0
2023-05-12,136.0,128.0,5.0,1.0,1.0,4.0,"Colaba, Mumbai",32.7,27.9,30.0,81,20.9,12.2,225,1007.6,0.0
2023-05-13,122.0,37.0,4.0,1.0,1.0,2.0,"Colaba, Mumbai",32.6,28.1,30.1,78,19.8,14.4,229,1008.4,0.0
2023-05-14,52.0,58.0,4.0,1.0,1.0,4.0,"Colaba, Mumbai",32.6,27.9,30.0,76,18.4,11.3,251,1007.9,0.0
2023-05-15,88.0,90.0,19.0,19.0,4.0,4.0,"Colaba, Mumbai",32.6,28.3,30.2,75,20.5,12.9,268,1008.7,0.6
2023-05-16,128.0,53.0,4.0,16.75,1.0,3.0,"Colaba, Mumbai",33.1,28.1,30.5,70,18.1,11.3,274,1010.1,0.3
2023-05-17,76.0,39.0,4.0,14.5,3.0,2.0,"Colaba, Mumbai",32.8,27.7,30.1,73,24.6,12.7,296,1010.2,0.0
2023-05-18,61.0,46.0,4.0,12.25,4.0,13.0,"Colaba, Mumbai",32.9,27.5,29.9,76,26.3,14.3,316,1011.4,0.0
2023-05-19,54.0,45.66666666666666,4.0,4.0,3.0,12.833333333333334,"Colaba, Mumbai",33.1,27.2,29.8,79,25.8,15.4,318,1009.9,0.2
2023-05-21,57.333333333333336,45.0,4.0,4.0,1.0,12.5,"Colaba, Mumbai",32.4,28.1,29.9,72,21.7,12.5,299,1010.1,0.0
2023-05-22,59.0,60.0,4.0,4.0,1.0,12.333333333333334,"Colaba, Mumbai",32.4,27.6,29.7,75,19.7,11.8,305,1010.7,0.1
2023-05-23,81.0,50.0,4.0,1.0,1.0,4.0,"Colaba, Mumbai",33.1,26.9,29.6,78,25.4,14.0,317,1010.6,0.0
2023-05-24,85.0,64.0,4.0,1.0,1.0,12.0,"Colaba, Mumbai",32.6,27.8,30.1,75,20.9,13.2,281,1010.2,0.0
2023-05-25,64.0,78.0,4.0,2.0,1.3333333333333333,25.0,"Colaba, Mumbai",32.7,28.5,30.6,66,21.7,14.5,261,1010.8,0.0
2023-05-26,89.0,51.0,4.0,1.75,1.6666666666666663,27.0,"Colaba, Mumbai",32.5,29.2,30.6,66,23.1,16.8,261,1011.1,1.5
2023-05-27,62.0,53.0,4.0,1.5,2.0,31.0,"Colaba, Mumbai",33.3,28.8,30.9,62,20.5,14.5,259,1010.1,0.0
2023-05-28,70.0,78.0,4.0,1.25,1.0,33.0,"Colaba, Mumbai",33.3,28.7,31.0,67,19.8,13.5,286,1009.1,0.0
2023-05-29,110.0,64.0,8.0,1.0,1.0,34.0,"Colaba, Mumbai",32.9,28.4,30.3,75,26.7,12.5,303,1008.6,0.0
2023-05-30,107.0,53.0,4.0,3.0,5.0,35.0,"Colaba, Mumbai",33.1,27.4,30.2,80,22.6,11.6,300,1008.6,0.0
2023-05-31,60.0,54.0,4.0,3.0,23.0,34.333333333333336,"Colaba, Mumbai",33.9,28.2,30.5,79,26.4,14.8,316,1008.1,0.0
2023-06-01,54.0,48.0,4.0,2.0,25.0,33.666666666666664,"Colaba, Mumbai",33.0,27.7,30.0,81,23.7,12.4,295,1008.1,0.0
2023-06-02,54.0,34.0,4.0,2.0,27.0,33.0,"Colaba, Mumbai",32.9,28.4,30.5,72,19.6,12.0,288,1009.0,0.0
2023-06-03,44.0,41.0,4.0,2.0,29.0,3.0,"Colaba, Mumbai",34.1,29.3,31.3,67,20.0,14.4,275,1008.3,0.1
2023-06-04,47.0,40.0,4.0,2.0,4.0,3.0,"Colaba, Mumbai",32.8,28.9,30.8,72,19.3,13.0,276,1008.1,1.9
2023-06-05,57.0,46.0,4.0,1.6666666666666667,4.0,3.0,"Colaba, Mumbai",32.7,28.9,30.5,72,21.3,13.7,270,1007.6,0.8
2023-06-06,69.0,48.0,4.0,1.3333333333333337,4.0,3.0,"Colaba, Mumbai",33.5,29.0,30.8,69,17.7,12.6,263,1007.2,0.5
2023-06-07,132.0,45.5,4.0,1.0,4.0,3.0,"Colaba, Mumbai",33.1,29.1,30.9,69,18.7,13.1,240,1006.9,0.0
2023-06-08,189.0,43.0,4.0,1.5,39.0,29.0,"Colaba, Mumbai",33.4,29.8,31.2,69,19.0,14.4,217,1007.2,0.5
2023-06-09,140.0,38.0,4.0,2.0,23.0,1.0,"Colaba, Mumbai",32.6,28.6,30.6,76,33.5,20.3,196,1005.2,1.4
2023-06-10,27.0,56.0,4.0,1.0,52.0,1.0,"Colaba, Mumbai",33.0,28.2,30.3,75,34.9,25.9,185,1003.6,3.7
2023-06-11,44.0,69.0,4.0,1.0,62.0,1.0,"Colaba, Mumbai",32.7,26.2,29.7,73,35.7,26.9,174,1003.0,4.6
2023-06-12,61.0,56.0,4.0,1.5,62.0,1.0,"Colaba, Mumbai",32.4,26.7,28.8,78,44.1,32.1,181,1002.8,13.2
2023-06-13,54.0,45.0,4.0,2.0,62.0,1.0,"Colaba, Mumbai",31.0,26.5,28.4,80,38.1,31.4,184,1004.4,4.8
2023-06-14,50.0,42.0,4.0,3.625,62.0,1.0,"Colaba, Mumbai",30.1,25.6,28.6,78,36.4,29.3,191,1006.3,2.5
2023-06-15,47.0,42.0,4.0,5.25,4.0,1.0,"Colaba, Mumbai",31.8,28.3,29.9,74,35.5,32.2,203,1006.3,3.0
2023-06-16,44.0,45.0,4.0,6.875,62.0,1.0,"Colaba, Mumbai",31.2,27.6,29.5,75,38.3,32.9,214,1005.6,4.4
2023-06-17,53.0,47.0,4.0,4.0,59.0,1.0,"Colaba, Mumbai",31.4,27.6,29.2,79,28.3,23.9,230,1006.6,6.2
2023-06-18,50.0,50.0,4.0,4.0,62.0,1.0,"Colaba, Mumbai",30.9,27.6,29.2,79,23.2,18.8,247,1007.1,4.1
2023-06-19,56.0,54.0,4.0,4.0,62.0,1.0,"Colaba, Mumbai",30.9,27.8,29.4,78,20.6,17.3,249,1006.1,2.0
2023-06-20,58.0,53.0,4.0,4.0,59.0,1.0,"Colaba, Mumbai",30.8,27.9,29.2,79,21.3,15.2,249,1005.3,1.6
2023-06-21,58.0,53.0,4.0,15.0,39.0,1.0,"Colaba, Mumbai",31.1,28.0,29.3,80,21.4,14.3,242,1005.6,1.5
2023-06-22,58.0,47.0,4.0,22.0,15.0,1.0,"Colaba, Mumbai",31.1,27.8,29.5,77,19.7,15.0,244,1005.8,3.2
2023-06-23,57.0,32.0,4.0,23.0,12.0,1.0,"Colaba, Mumbai",30.2,27.1,28.5,81,21.2,14.8,217,1005.5,3.7
2023-06-24,47.0,31.666666666666668,4.0,16.0,16.0,2.0,"Colaba, Mumbai",28.5,25.4,27.0,86,19.2,12.7,218,1004.4,22.5
2023-06-25,45.0,31.33333333333333,4.0,17.0,15.4,2.0,"Colaba, Mumbai",27.5,25.6,26.6,89,20.1,13.4,220,1004.4,18.1
2023-06-26,53.0,31.0,4.0,17.0,14.8,2.0,"Colaba, Mumbai",27.1,25.3,26.0,89,20.1,16.1,215,1005.8,22.3
2023-06-27,43.0,28.0,4.0,15.0,14.2,2.0,"Colaba, Mumbai",27.2,25.2,26.2,90,22.7,15.8,224,1005.4,21.6
2023-06-28,39.0,32.0,4.0,17.0,4.0,2.0,"Colaba, Mumbai",27.9,25.9,26.6,89,23.6,18.1,236,1005.9,49.3
2023-06-29,44.0,34.0,4.0,14.0,4.0,2.0,"Colaba, Mumbai",27.3,25.8,26.3,90,23.3,18.7,244,1006.2,51.6
2023-06-30,45.0,38.0,4.0,12.0,4.0,2.0,"Colaba, Mumbai",26.9,25.6,26.3,90,29.8,23.0,247,1006.2,55.0
2023-07-01,48.0,35.0,4.0,16.0,4.0,2.0,"Colaba, Mumbai",28.1,25.7,26.5,89,24.8,19.4,233,1006.9,32.3
2023-07-02,41.0,31.0,4.0,14.0,4.0,2.0,"Colaba, Mumbai",28.2,25.7,26.8,88,22.7,18.4,231,1006.1,49.6
2023-07-03,37.0,29.0,4.0,18.0,4.0,2.0,"Colaba, Mumbai",28.9,26.2,27.3,88,20.4,15.0,233,1004.3,12.1
2023-07-04,43.0,31.0,4.0,43.0,10.0,2.0,"Colaba, Mumbai",28.6,25.6,27.0,89,17.4,12.7,235,1002.7,52.3
2023-07-05,48.0,28.0,4.0,20.0,21.0,2.0,"Colaba, Mumbai",28.2,25.6,26.8,88,15.6,11.5,226,1001.0,18.0
2023-07-06,42.0,31.0,4.0,23.0,4.0,2.0,"Colaba, Mumbai",27.3,25.4,26.0,91,28.1,15.3,225,1002.2,102.1
2023-07-07,44.0,52.0,4.0,30.0,4.0,2.0,"Colaba, Mumbai",28.0,25.6,26.6,89,30.9,24.3,235,1003.3,58.7
2023-07-08,64.0,51.0,4.0,32.0,4.0,2.0,"Colaba, Mumbai",29.2,25.5,27.6,84,31.7,26.4,234,1005.1,13.2
2023-07-09,57.0,50.0,4.0,34.0,4.0,2.0,"Colaba, Mumbai",29.0,25.9,27.7,82,29.3,24.1,232,1005.9,8.4
2023-07-10,54.0,46.0,4.0,38.0,4.0,2.0,"Colaba, Mumbai",28.9,26.5,27.7,81,23.5,20.1,237,1006.5,4.2
2023-07-11,54.0,43.0,4.0,39.0,4.0,2.0,"Colaba, Mumbai",29.4,25.9,27.7,82,21.5,16.3,253,1006.7,5.7
2023-07-12,45.0,34.0,4.0,39.0,1.0,3.0,"Colaba, Mumbai",27.2,25.2,26.3,89,14.5,8.9,232,1005.9,9.8
2023-07-13,44.0,26.0,4.0,37.0,10.0,2.0,"Colaba, Mumbai",27.3,25.0,26.3,89,19.1,13.8,216,1005.5,12.0
2023-07-14,42.0,42.0,4.0,32.0,14.0,2.0,"Colaba, Mumbai",27.3,25.5,26.4,89,22.3,15.8,244,1006.8,30.5
2023-07-15,50.0,35.0,4.0,33.0,17.0,2.0,"Colaba, Mumbai",27.5,25.6,26.3,89,17.1,13.0,246,1007.5,16.3
2023-07-16,43.0,24.0,4.0,40.0,18.0,2.0,"Colaba, Mumbai",27.6,25.1,25.9,90,18.5,11.9,237,1006.7,23.3
2023-07-17,33.0,37.0,4.0,43.0,19.0,2.0,"Colaba, Mumbai",27.5,24.8,26.1,89,23.2,17.1,241,1005.4,59.9
2023-07-18,38.0,44.0,4.0,42.0,21.0,2.0,"Colaba, Mumbai",26.7,25.7,26.1,90,27.7,22.8,254,1004.2,61.0
2023-07-19,51.0,48.0,4.0,44.0,11.0,2.0,"Colaba, Mumbai",27.5,25.6,26.4,90,25.4,22.1,261,1002.1,43.8
2023-07-20,57.0,33.0,4.0,48.0,1.0,2.0,"Colaba, Mumbai",27.8,25.9,26.8,86,27.8,21.3,260,1002.5,21.9
2023-07-21,49.0,47.0,4.0,51.0,15.0,2.0,"Colaba, Mumbai",27.7,25.8,26.6,89,23.5,18.5,254,1004.2,43.1
2023-07-22,49.0,23.0,4.0,45.2,7.0,3.0,"Colaba, Mumbai",26.5,25.2,26.1,90,23.9,20.8,256,1004.9,43.6
2023-07-23,28.0,40.0,4.0,39.4,8.5,2.0,"Colaba, Mumbai",27.8,25.5,26.4,89,31.7,24.3,248,1003.8,35.4
2023-07-24,43.0,41.0,4.0,33.599999999999994,10.0,3.0,"Colaba, Mumbai",27.8,25.6,26.3,89,29.8,23.7,245,1004.2,60.7
2023-07-25,45.0,27.0,4.0,5.0,11.5,2.0,"Colaba, Mumbai",27.2,25.3,26.1,90,22.5,19.2,248,1006.0,52.9
2023-07-26,35.0,32.0,4.0,22.0,13.0,2.0,"Colaba, Mumbai",26.9,25.3,26.0,91,28.4,21.0,258,1007.0,85.2
2023-07-27,43.0,35.0,4.0,21.416666666666668,13.0,3.0,"Colaba, Mumbai",27.3,25.7,26.2,89,24.5,22.7,267,1007.4,89.0
2023-07-28,44.0,44.0,4.0,20.83333333333333,13.0,2.0,"Colaba, Mumbai",26.9,25.2,25.9,90,24.0,19.6,268,1007.6,51.5
2023-07-29,45.0,42.0,4.0,20.25,13.0,2.0,"Colaba, Mumbai",28.4,25.5,26.9,84,26.2,21.2,256,1007.8,11.0
2023-07-30,45.0,44.0,4.0,5.0,10.0,2.0,"Colaba, Mumbai",28.6,25.7,27.1,83,28.0,21.8,251,1007.0,10.4
2023-07-31,49.0,37.0,4.0,5.0,10.0,2.0,"Colaba, Mumbai",28.2,25.9,26.9,85,27.3,20.9,251,1006.5,14.1
2023-08-01,41.0,48.0,4.0,4.0,10.0,2.0,"Colaba, Mumbai",28.8,25.5,27.0,84,27.9,22.2,250,1006.6,8.9
2023-08-02,47.0,47.0,4.0,4.0,10.0,2.0,"Colaba, Mumbai",28.4,24.3,26.8,84,28.9,22.6,247,1007.2,10.3
2023-08-03,54.0,42.0,4.0,4.0,10.0,3.0,"Colaba, Mumbai",28.5,26.3,27.2,83,28.7,24.9,250,1006.6,4.0
2023-08-04,53.0,49.0,4.0,4.0,11.0,3.0,"Colaba, Mumbai",28.3,26.7,27.3,85,27.2,23.6,250,1007.5,3.2
2023-08-05,50.0,50.0,4.0,4.0,10.0,3.0,"Colaba, Mumbai",28.9,25.8,27.4,83,25.9,22.7,248,1009.4,4.2
2023-08-06,47.42857142857143,50.0,4.0,4.0,12.0,3.0,"Colaba, Mumbai",28.5,26.4,27.4,83,25.1,22.6,252,1009.0,2.6
2023-08-07,44.85714285714286,50.0,4.0,4.0,13.0,3.0,"Colaba, Mumbai",28.7,26.0,27.4,83,28.3,23.5,247,1007.3,2.4
2023-08-08,42.285714285714285,47.0,4.0,4.0,13.0,3.0,"Colaba, Mumbai",28.8,26.3,27.4,83,26.0,21.2,246,1007.6,3.2
2023-08-11,51.0,44.0,4.0,4.0,13.0,4.0,"Colaba, Mumbai",28.8,25.9,27.4,81,16.5,13.1,264,1009.8,3.2
2023-08-12,32.0,43.0,4.0,4.0,13.0,4.0,"Colaba, Mumbai",27.2,24.5,26.1,86,20.7,12.4,248,1009.8,7.2
2023-08-13,35.0,44.0,4.0,4.0,13.0,4.0,"Colaba, Mumbai",28.8,25.7,27.2,82,26.1,19.5,255,1008.1,4.1
2023-08-14,56.0,40.0,4.0,4.0,13.0,4.0,"Colaba, Mumbai",29.2,26.2,27.6,80,26.2,21.3,238,1008.3,2.1
2023-08-15,40.0,35.0,4.0,4.0,13.0,3.0,"Colaba, Mumbai",27.9,26.4,27.1,82,21.0,16.2,232,1008.9,3.8
2023-08-16,38.0,23.0,4.0,4.0,13.0,3.0,"Colaba, Mumbai",28.8,25.5,27.1,84,21.6,13.6,260,1009.4,4.1
2023-08-17,34.0,16.0,4.0,4.0,13.0,3.0,"Colaba, Mumbai",29.2,25.5,27.1,82,21.8,14.5,284,1009.6,2.1
2023-08-18,28.0,16.0,4.0,4.0,13.0,3.0,"Colaba, Mumbai",28.8,25.9,27.3,81,19.1,15.1,291,1008.3,2.6
2023-08-19,42.0,16.0,4.0,4.0,13.0,3.0,"Colaba, Mumbai",28.5,25.8,27.1,83,20.3,16.5,294,1007.1,2.4
2023-08-20,41.0,16.0,4.0,4.0,13.0,4.0,"Colaba, Mumbai",27.8,24.8,26.3,87,16.7,11.6,295,1007.2,9.7
2023-08-21,44.0,16.0,4.0,4.0,13.0,4.0,"Colaba, Mumbai",28.6,25.1,26.7,85,17.9,10.5,283,1007.6,3.4
2023-08-22,36.0,16.0,4.0,4.0,13.0,3.0,"Colaba, Mumbai",28.1,25.4,26.6,85,19.5,11.0,261,1007.6,2.5
2023-08-23,31.0,16.0,4.0,4.0,13.0,3.0,"Colaba, Mumbai",29.2,25.4,27.3,81,22.3,14.6,246,1007.4,3.6
2023-08-24,26.0,16.0,4.0,4.0,13.0,3.0,"Colaba, Mumbai",28.3,25.8,26.7,85,23.0,16.2,227,1006.6,5.6
2023-08-25,29.0,16.0,4.0,4.0,13.0,3.0,"Colaba, Mumbai",28.0,25.4,26.7,86,21.7,16.5,222,1006.6,7.4
2023-08-26,20.0,16.0,4.0,4.0,13.0,3.0,"Colaba, Mumbai",27.5,24.4,26.3,87,21.3,16.4,229,1008.1,18.6
2023-08-27,23.0,16.0,4.0,4.0,13.0,3.0,"Colaba, Mumbai",27.2,24.2,25.7,89,17.0,12.0,223,1009.2,13.9
2023-08-28,31.0,16.0,4.0,4.0,13.0,3.0,"Colaba, Mumbai",27.1,24.9,25.9,87,20.2,12.1,221,1008.7,5.0
2023-08-29,43.0,16.0,4.0,4.0,13.0,4.0,"Colaba, Mumbai",28.2,25.2,26.6,86,13.1,8.1,240,1008.4,3.2
2023-08-30,57.0,37.0,4.0,4.0,13.0,3.0,"Colaba, Mumbai",29.1,24.7,26.7,87,14.7,7.2,275,1009.1,1.0
2023-08-31,52.0,59.0,4.0,1.0,13.0,3.0,"Colaba, Mumbai",29.7,25.1,27.3,86,16.5,7.5,318,1008.9,0.2
2023-09-01,31.0,59.833333333333336,4.0,1.0,13.0,4.0,"Colaba, Mumbai",30.2,24.2,27.2,86,19.6,7.7,322,1008.7,1.2
2023-09-02,16.0,60.66666666666666,4.0,1.0,13.0,4.0,"Colaba, Mumbai",28.5,25.1,26.5,89,13.0,5.6,321,1008.7,4.4
2023-09-03,30.0,61.5,4.0,1.0,13.0,3.0,"Colaba, Mumbai",29.0,25.1,27.0,86,18.1,8.1,306,1007.8,10.6
2023-09-04,15.0,27.5,4.0,7.0,13.0,3.0,"Colaba, Mumbai",29.4,24.2,26.9,84,18.8,9.2,316,1006.6,1.7
2023-09-05,22.0,27.5,4.0,7.0,13.0,3.0,"Colaba, Mumbai",29.1,25.0,27.1,82,18.4,10.9,310,1006.1,2.2
2023-09-06,26.33333333333333,64.0,4.0,7.0,9.0,3.0,"Colaba, Mumbai",29.9,26.3,27.9,80,18.6,12.0,296,1006.0,0.4
2023-09-07,30.666666666666664,68.0,4.0,7.0,6.0,3.0,"Colaba, Mumbai",28.3,24.8,27.1,85,21.5,14.3,281,1005.9,12.5
2023-09-08,35.0,36.0,4.0,7.0,6.0,3.0,"Colaba, Mumbai",28.2,26.2,26.9,88,23.9,17.5,292,1006.1,39.8
2023-09-09,53.0,26.0,4.0,7.0,6.0,3.0,"Colaba, Mumbai",28.6,25.7,27.0,89,20.2,12.6,281,1006.3,11.3
2023-09-10,36.0,28.0,4.0,7.0,6.0,3.0,"Colaba, Mumbai",28.8,25.6,27.1,88,19.1,11.3,253,1006.2,5.5
2023-09-11,41.0,29.0,4.0,7.0,6.0,2.0,"Colaba, Mumbai",28.7,24.8,26.3,89,15.8,9.7,256,1007.0,3.8
2023-09-12,54.0,27.0,4.0,7.0,5.0,3.0,"Colaba, Mumbai",29.1,24.7,27.0,85,19.5,10.6,256,1007.6,6.6
2023-09-13,51.0,27.0,4.0,1.0,5.0,3.0,"Colaba, Mumbai",28.0,25.2,26.5,87,12.6,8.3,242,1007.1,4.7
2023-09-14,50.0,27.0,4.0,2.0,7.0,3.0,"Colaba, Mumbai",28.4,24.9,26.7,85,14.7,9.0,222,1007.2,1.6
2023-09-15,49.0,26.0,4.0,2.057142857142857,7.0,3.0,"Colaba, Mumbai",29.1,24.9,27.3,82,17.4,10.0,241,1007.0,2.0
2023-09-16,36.0,34.0,4.0,2.1142857142857143,8.0,3.0,"Colaba, Mumbai",28.5,25.1,27.3,83,23.5,17.2,253,1006.6,7.3
2023-09-17,45.0,28.0,4.0,2.1714285714285717,7.0,3.0,"Colaba, Mumbai",29.2,25.7,27.4,82,24.8,20.6,241,1005.6,6.5
2023-09-18,34.0,28.0,4.0,7.0,6.0,3.0,"Colaba, Mumbai",27.5,25.1,26.2,88,25.3,18.9,217,1005.7,24.6
2023-09-19,32.0,17.0,4.0,7.0,6.0,3.0,"Colaba, Mumbai",28.2,25.5,26.6,87,23.7,20.4,204,1007.0,12.4
2023-09-20,19.0,16.0,4.0,7.0,6.0,3.0,"Colaba, Mumbai",28.2,25.9,26.6,88,23.2,18.8,205,1007.6,12.1
2023-09-21,20.0,17.0,4.0,7.0,5.0,5.0,"Colaba, Mumbai",28.0,25.6,26.7,89,17.1,12.0,219,1007.9,17.5
2023-09-22,27.0,24.0,4.0,7.0,6.0,5.0,"Colaba, Mumbai",28.1,25.2,26.5,90,12.5,8.7,186,1008.2,15.6
2023-09-23,41.0,18.0,4.0,7.0,5.0,4.0,"Colaba, Mumbai",27.9,25.4,26.3,91,17.6,7.0,210,1008.8,28.2
2023-09-24,41.0,23.0,4.0,7.0,6.0,4.0,"Colaba, Mumbai",27.6,24.9,26.3,89,12.0,7.2,229,1009.2,15.1
2023-09-25,44.0,20.0,4.0,7.0,7.0,3.0,"Colaba, Mumbai",28.3,24.8,26.5,88,15.8,7.6,263,1008.2,18.1
2023-09-26,47.0,39.0,4.0,7.0,8.0,4.0,"Colaba, Mumbai",28.9,24.8,26.6,89,14.5,6.8,271,1007.9,3.7
2023-09-27,85.0,53.0,4.0,7.0,8.0,5.0,"Colaba, Mumbai",29.0,24.4,26.3,90,16.5,7.3,344,1007.3,23.3
2023-09-28,118.0,55.0,4.0,7.0,9.0,5.0,"Colaba, Mumbai",30.1,24.5,26.8,91,21.8,8.1,339,1005.9,9.6
2023-09-29,116.0,50.0,4.0,7.0,9.0,4.0,"Colaba, Mumbai",30.7,25.9,27.6,91,12.4,6.3,42,1005.3,23.5
2023-09-30,106.0,53.0,4.0,7.0,9.0,5.0,"Colaba, Mumbai",32.2,25.5,28.0,89,19.0,6.6,32,1004.9,10.9
2023-10-01,99.25,53.0,4.0,8.5,9.0,5.0,"Colaba, Mumbai",30.7,26.9,28.5,88,18.2,8.3,279,1005.5,1.5
2023-10-02,92.5,60.0,4.0,8.5,8.0,4.0,"Colaba, Mumbai",29.0,24.4,27.5,87,15.4,9.8,240,1008.8,6.9
2023-10-03,85.75,67.0,4.0,8.5,8.0,3.0,"Colaba, Mumbai",29.6,26.1,27.6,82,13.9,7.0,289,1010.2,0.3
2023-10-04,79.0,70.0,4.0,8.5,6.0,3.0,"Colaba, Mumbai",29.3,24.3,27.2,85,15.7,7.4,282,1010.8,2.6
2023-10-05,96.0,69.0,4.0,8.5,3.0,3.0,"Colaba, Mumbai",30.4,24.7,27.3,86,17.5,9.2,326,1010.4,0.1
2023-10-06,100.0,60.0,4.0,8.5,3.0,3.0,"Colaba, Mumbai",29.9,25.0,27.2,85,18.6,9.2,334,1009.6,0.4
2023-10-07,99.0,67.0,4.0,8.5,3.0,3.0,"Colaba, Mumbai",30.4,24.6,27.3,86,19.6,10.7,348,1009.7,0.1
2023-10-08,104.0,65.0,4.0,8.5,3.0,3.0,"Colaba, Mumbai",31.5,25.0,27.8,83,19.5,10.9,348,1010.4,0.0
2023-10-09,138.0,74.0,4.0,8.5,4.0,4.0,"Colaba, Mumbai",32.3,24.3,28.1,80,17.5,10.7,341,1011.6,0.0
2023-10-10,89.0,53.0,4.0,8.5,4.0,4.0,"Colaba, Mumbai",32.0,23.7,27.7,76,21.3,11.8,347,1011.7,0.0
2023-10-11,70.0,45.0,4.0,8.5,4.0,3.0,"Colaba, Mumbai",31.4,24.8,27.7,79,21.5,12.5,345,1011.6,0.0
2023-10-12,103.0,53.0,4.0,8.5,4.0,5.0,"Colaba, Mumbai",31.4,24.2,28.0,84,18.4,10.8,336,1011.6,0.0
2023-10-13,142.0,70.0,4.0,8.5,4.0,5.0,"Colaba, Mumbai",32.8,25.8,28.7,85,19.5,9.1,334,1011.9,0.0
2023-10-14,169.0,96.0,4.0,8.5,4.0,6.0,"Colaba, Mumbai",32.0,25.0,28.4,86,16.6,7.9,326,1012.0,0.0
2023-10-15,162.0,87.0,4.0,8.5,5.0,5.0,"Colaba, Mumbai",33.3,25.5,28.8,85,18.7,9.0,342,1010.5,0.6
2023-10-16,173.0,89.0,4.0,8.5,5.0,6.0,"Colaba, Mumbai",32.4,24.9,28.8,74,17.3,7.5,341,1010.3,0.5
2023-10-17,166.0,91.0,4.0,8.5,5.0,6.0,"Colaba, Mumbai",31.6,25.4,28.2,78,13.1,7.5,315,1011.6,0.0
2023-10-18,164.0,89.0,4.0,8.5,5.0,5.0,"Colaba, Mumbai",33.7,24.9,28.9,75,20.8,9.7,348,1012.2,0.0
2023-10-19,157.0,72.0,8.0,4.0,6.0,5.0,"Colaba, Mumbai",33.5,25.4,28.9,64,15.7,9.2,347,1012.0,0.0
2023-10-20,166.0,105.0,4.0,4.0,8.0,6.0,"Colaba, Mumbai",33.8,24.1,28.7,69,12.5,8.3,354,1011.7,0.0
2023-10-21,171.0,96.0,4.0,4.766666666666667,12.0,7.0,"Colaba, Mumbai",34.6,24.5,29.3,68,15.5,7.8,42,1012.3,0.1
2023-10-22,178.0,108.0,4.0,5.533333333333333,13.0,7.0,"Colaba, Mumbai",33.4,24.7,28.9,70,17.1,8.1,345,1012.9,0.0
2023-10-23,176.0,103.0,4.0,6.3,9.0,11.0,"Colaba, Mumbai",34.2,24.4,28.7,68,20.5,9.3,353,1011.6,0.0
2023-10-24,175.0,120.0,4.0,8.5,4.0,19.0,"Colaba, Mumbai",34.1,23.4,28.7,63,17.9,8.9,358,1011.2,0.0
2023-10-25,164.0,103.0,4.0,8.5,3.0,25.0,"Colaba, Mumbai",33.9,23.1,28.2,63,18.0,9.6,349,1012.6,0.0
2023-10-26,155.0,83.0,4.0,8.5,3.0,26.0,"Colaba, Mumbai",34.2,22.6,28.1,59,21.9,10.1,358,1012.9,0.0
2023-10-27,153.0,63.0,4.0,8.5,4.0,27.0,"Colaba, Mumbai",34.3,21.8,27.7,56,20.9,10.4,359,1011.6,0.0
2023-10-28,159.0,112.0,4.0,8.5,4.0,27.0,"Colaba, Mumbai",34.1,21.5,27.4,60,18.8,10.0,6,1011.2,0.0
2023-10-29,160.0,110.0,4.0,8.5,4.0,28.0,"Colaba, Mumbai",34.6,22.1,27.6,56,19.1,10.1,14,1010.8,0.0
2023-10-30,159.0,96.0,4.0,8.5,4.0,27.0,"Colaba, Mumbai",34.7,21.8,27.8,62,16.5,8.2,15,1010.7,0.0
2023-10-31,171.0,118.0,4.0,8.5,4.0,29.0,"Colaba, Mumbai",34.4,22.4,28.1,63,18.4,9.0,8,1011.3,0.0
2023-11-01,172.0,112.0,4.0,10.0,4.0,28.0,"Colaba, Mumbai",33.9,22.4,27.7,60,17.2,9.0,351,1012.1,0.0
2023-11-02,173.0,113.0,4.0,10.0,3.0,35.0,"Colaba, Mumbai",33.7,22.5,27.6,62,19.6,9.8,357,1011.3,0.0
2023-11-03,172.0,110.0,4.0,10.0,4.0,30.0,"Colaba, Mumbai",34.6,23.2,28.2,59,22.0,11.6,9,1009.6,0.0
2023-11-04,170.0,109.0,4.0,10.0,4.0,7.0,"Colaba, Mumbai",35.4,23.7,28.6,59,19.1,9.4,17,1009.1,0.0
2023-11-05,174.0,109.0,4.0,10.0,5.0,8.0,"Colaba, Mumbai",34.6,23.4,28.8,63,15.5,9.2,1,1010.6,0.0
2023-11-06,157.0,102.0,4.0,10.0,5.0,8.0,"Colaba, Mumbai",35.0,23.7,28.6,60,21.1,9.6,4,1011.7,0.0
2023-11-07,89.0,118.0,4.0,10.0,5.0,8.0,"Colaba, Mumbai",33.6,22.5,27.6,59,22.6,9.9,353,1011.7,0.0
2023-11-08,52.0,84.0,4.0,10.0,6.0,7.0,"Colaba, Mumbai",31.6,24.8,28.0,74,22.8,9.7,204,1011.6,0.0
2023-11-09,56.0,80.0,4.0,10.0,6.0,6.0,"Colaba, Mumbai",33.1,24.8,28.5,77,15.3,6.5,333,1012.2,0.1
2023-11-10,39.0,55.0,4.0,10.0,6.0,5.0,"Colaba, Mumbai",32.3,25.3,28.4,74,18.9,7.6,102,1013.5,0.1
2023-11-11,51.0,63.0,4.0,10.0,6.0,7.0,"Colaba, Mumbai",34.8,24.5,29.3,64,21.1,10.7,6,1013.6,0.0
2023-11-19,120.0,70.0,5.0,27.0,7.0,8.0,"Colaba, Mumbai",32.0,21.5,27.0,65,19.5,10.5,343,1011.9,0.0
2023-11-20,92.0,58.0,7.0,26.0,6.0,8.0,"Colaba, Mumbai",33.7,23.3,28.1,62,18.1,8.9,343,1012.2,0.0
2023-11-22,108.0,66.0,3.0,20.0,5.0,6.0,"Colaba, Mumbai",33.3,23.4,27.7,52,20.2,11.4,358,1011.4,0.0
2023-11-23,122.0,72.0,4.0,24.0,5.0,7.0,"Colaba, Mumbai",32.8,22.6,27.2,54,19.9,11.1,351,1009.6,0.0
2023-11-24,151.0,96.0,4.0,33.0,6.0,10.0,"Colaba, Mumbai",33.8,22.5,27.7,61,16.3,8.3,3,1009.5,0.0
2023-11-25,83.0,44.0,4.0,26.0,7.0,8.0,"Colaba, Mumbai",32.8,23.4,27.9,70,14.3,8.9,34,1011.3,0.0
2023-11-26,25.0,18.0,4.0,15.0,6.0,5.0,"Colaba, Mumbai",30.5,24.1,27.2,79,22.7,8.3,210,1011.8,2.1
2023-11-27,22.0,23.0,4.0,4.0,7.0,1.0,"Colaba, Mumbai",30.0,23.7,26.3,77,16.6,7.6,334,1011.2,1.4
2023-11-28,53.0,44.0,4.0,5.0,7.0,1.0,"Colaba, Mumbai",29.7,23.3,26.0,73,17.6,9.7,334,1010.3,0.0
2023-11-29,77.0,58.0,4.0,5.0,7.0,1.0,"Colaba, Mumbai",28.6,20.9,24.8,72,17.1,9.3,333,1011.2,0.0
2023-11-30,88.0,64.0,4.0,6.0,7.0,1.0,"Colaba, Mumbai",29.5,21.0,25.0,78,19.4,9.7,335,1011.8,0.0
2023-12-01,127.0,86.0,4.0,7.0,7.0,2.0,"Colaba, Mumbai",29.2,22.2,25.2,80,17.1,8.6,330,1011.5,0.0
2023-12-02,120.0,78.0,4.0,7.0,8.0,2.0,"Colaba, Mumbai",30.8,21.0,25.8,77,16.5,7.7,339,1010.3,0.0
2023-12-03,131.0,88.0,4.0,9.0,8.0,2.0,"Colaba, Mumbai",32.9,23.5,27.6,69,19.7,10.2,352,1010.4,0.0
2023-12-04,131.0,86.0,4.0,8.0,9.0,2.0,"Colaba, Mumbai",32.9,24.0,27.9,68,21.7,10.8,342,1009.7,0.1
2023-12-05,132.0,78.0,4.0,6.0,9.0,2.0,"Colaba, Mumbai",32.3,24.8,27.8,65,21.7,13.2,348,1008.7,0.0
2023-12-07,101.0,66.0,4.0,5.0,5.0,1.0,"Colaba, Mumbai",31.0,22.3,26.1,68,20.1,11.2,348,1010.7,0.0
2023-12-08,107.0,67.0,4.0,5.0,5.0,1.0,"Colaba, Mumbai",31.4,21.6,26.1,67,20.1,10.3,351,1011.3,0.0
2023-12-09,110.0,74.0,4.0,6.0,5.0,1.0,"Colaba, Mumbai",32.0,21.9,26.3,64,20.5,10.6,351,1012.2,0.0
2023-12-10,111.0,71.0,4.0,6.0,5.0,1.0,"Colaba, Mumbai",32.4,22.3,26.6,62,18.4,10.4,353,1011.2,0.0
2023-12-11,121.0,79.0,4.0,7.0,5.0,2.0,"Colaba, Mumbai",32.1,21.8,26.7,57,17.9,11.0,349,1011.6,0.0
2023-12-12,108.0,73.0,4.0,6.0,5.0,2.0,"Colaba, Mumbai",31.2,21.0,25.6,57,19.8,10.7,345,1011.0,0.0
2023-12-14,100.0,64.0,3.0,5.0,3.0,1.0,"Colaba, Mumbai",32.0,21.1,26.4,60,15.2,7.7,38,1012.7,0.0
2023-12-15,125.0,81.0,4.0,7.0,2.0,2.0,"Colaba, Mumbai",31.7,20.9,26.1,55,14.9,9.7,8,1013.8,0.0
2023-12-16,118.0,74.0,4.0,7.0,1.5,1.0,"Colaba, Mumbai",31.7,20.1,25.4,56,21.0,10.9,7,1013.3,0.0
2023-12-17,132.0,75.0,4.0,6.0,1.0,1.0,"Colaba, Mumbai",32.0,21.3,25.9,56,20.5,11.4,18,1012.3,0.0
2023-12-18,140.0,75.0,4.0,5.0,1.0,1.0,"Colaba, Mumbai",32.7,22.9,27.2,50,18.1,12.0,57,1012.9,0.0
2023-12-19,129.0,75.0,5.0,6.0,1.0,1.0,"Colaba, Mumbai",32.5,23.8,27.0,53,17.5,11.1,43,1013.8,0.0
2023-12-20,109.0,71.0,5.0,5.0,1.0,1.0,"Colaba, Mumbai",32.6,21.5,25.9,51,20.0,10.8,27,1013.9,0.0
2023-12-21,126.0,73.0,6.0,6.0,1.0,2.0,"Colaba, Mumbai",32.8,21.7,26.2,56,20.3,10.7,9,1012.8,0.0
2023-12-22,158.0,98.0,5.0,11.0,1.0,3.0,"Colaba, Mumbai",31.0,21.1,26.0,64,14.3,7.7,345,1012.9,0.0
2023-12-23,152.0,85.0,6.0,9.0,2.0,2.0,"Colaba, Mumbai",32.6,20.5,25.9,63,21.6,10.1,347,1013.6,0.0
2023-12-24,149.0,82.0,4.0,8.0,3.0,2.0,"Colaba, Mumbai",31.9,20.4,25.5,58,17.4,8.9,350,1014.7,0.0
2023-12-25,152.0,82.0,4.0,9.0,2.0,2.0,"Colaba, Mumbai",32.1,19.8,25.3,60,19.1,10.1,4,1014.7,0.0
2023-12-26,159.0,88.0,4.0,10.0,2.0,2.0,"Colaba, Mumbai",32.5,19.0,25.6,59,15.4,8.9,351,1014.7,0.0
2023-12-27,161.0,89.0,4.0,10.0,3.0,3.0,"Colaba, Mumbai",33.4,19.9,26.3,55,20.6,10.9,351,1014.8,0.0
2023-12-28,166.0,99.0,4.0,10.0,4.0,2.0,"Colaba, Mumbai",31.7,20.7,25.9,63,17.7,10.1,350,1013.2,0.0
2023-12-29,173.0,107.0,4.0,11.0,5.0,3.0,"Colaba, Mumbai",32.4,20.8,25.7,66,15.2,8.2,341,1013.2,0.0
2023-12-30,165.0,103.0,4.0,11.0,3.0,3.0,"Colaba, Mumbai",31.5,19.8,25.1,70,15.4,8.5,345,1013.0,0.0
2023-12-31,143.0,78.0,3.0,8.0,4.0,2.0,"Colaba, Mumbai",31.5,19.9,25.5,64,16.1,8.8,343,1012.4,0.0
2024-01-01,154.0,74.0,3.0,8.0,4.0,2.0,"Colaba, Mumbai",31.2,20.7,25.4,66,17.6,9.6,340,1012.6,0.0
2024-01-02,153.0,76.0,4.0,9.0,3.0,2.0,"Colaba, Mumbai",30.5,20.2,24.9,67,22.4,11.0,337,1012.1,0.0
2024-01-03,147.0,81.0,4.0,10.0,6.0,2.0,"Colaba, Mumbai",29.9,20.1,24.4,64,20.7,11.3,337,1011.5,0.0
2024-01-04,162.0,74.0,3.0,9.0,6.0,2.0,"Colaba, Mumbai",28.9,19.5,23.7,73,20.1,12.7,333,1011.9,0.0
2024-01-05,159.0,69.0,4.0,8.0,7.0,2.0,"Colaba, Mumbai",29.4,18.3,23.2,73,18.6,10.2,341,1012.2,0.0
2024-01-06,150.0,73.0,4.0,8.0,7.0,2.0,"Colaba, Mumbai",31.4,19.9,25.1,61,22.8,13.0,338,1011.9,0.0
2024-01-07,151.0,66.0,4.0,7.0,7.0,2.0,"Colaba, Mumbai",31.2,21.5,25.5,64,18.7,10.3,353,1012.0,0.0
2024-01-08,122.0,79.0,4.0,8.0,7.0,2.0,"Colaba, Mumbai",32.2,22.0,26.7,57,19.1,11.7,3,1012.0,0.0
2024-01-09,133.0,49.0,4.0,6.0,7.0,1.0,"Colaba, Mumbai",30.0,23.2,26.3,69,16.8,7.1,322,1012.7,0.1
2024-01-10,79.0,75.0,4.0,7.0,7.0,2.0,"Colaba, Mumbai",29.8,22.4,26.0,71,13.5,8.5,43,1013.1,1.5
2024-01-11,141.0,71.0,4.0,7.0,7.0,2.0,"Colaba, Mumbai",32.4,22.9,27.1,66,20.6,11.6,352,1013.2,0.1
2024-01-12,132.0,71.0,4.0,8.0,7.0,2.0,"Colaba, Mumbai",33.5,23.1,27.6,62,21.5,11.0,353,1012.5,0.0
2024-01-13,140.0,55.5,4.0,6.0,6.5,1.5,"Colaba, Mumbai",32.7,21.1,26.6,63,19.0,10.6,340,1013.4,0.0
2024-01-14,94.5,40.0,4.0,4.0,6.0,1.0,"Colaba, Mumbai",32.5,21.4,26.5,49,21.2,12.3,347,1014.1,0.0
2024-01-15,49.0,68.0,6.0,6.0,2.0,1.0,"Colaba, Mumbai",30.1,20.2,24.8,42,22.5,13.2,351,1014.0,0.0
2024-01-16,84.0,50.0,5.0,6.0,2.0,1.0,"Colaba, Mumbai",28.4,17.3,22.5,58,19.0,10.4,339,1012.0,0.0
2024-01-17,101.0,48.0,5.0,6.0,3.0,1.0,"Colaba, Mumbai",27.5,17.0,22.3,66,16.4,9.5,337,1011.5,0.0
2024-01-18,202.0,201.0,4.0,8.0,2.0,2.0,"Colaba, Mumbai",27.4,17.5,22.4,67,19.1,9.6,332,1012.9,0.0
2024-01-19,167.5,179.0,5.0,7.0,2.0,2.0,"Colaba, Mumbai",27.4,17.5,22.3,71,15.3,8.5,333,1012.6,0.0
2024-01-20,133.0,75.0,5.0,7.0,2.0,2.0,"Colaba, Mumbai",28.2,18.8,23.1,65,23.4,12.1,340,1013.7,0.0
2024-01-21,108.0,67.0,5.0,8.0,2.0,2.0,"Colaba, Mumbai",29.6,18.3,23.9,53,20.6,10.7,346,1013.3,0.0
2024-01-22,110.0,60.0,5.0,6.0,2.0,1.0,"Colaba, Mumbai",29.1,17.7,23.4,56,20.0,10.2,337,1013.9,0.0
2024-01-23,87.0,61.0,5.0,6.0,2.0,2.0,"Colaba, Mumbai",29.6,19.7,24.0,38,26.8,16.9,349,1014.4,0.0
2024-01-24,86.0,63.0,5.0,7.0,2.0,2.0,"Colaba, Mumbai",30.4,18.9,24.0,38,22.2,15.4,355,1013.9,0.0
2024-01-25,90.0,72.0,5.0,9.0,2.0,2.0,"Colaba, Mumbai",30.3,18.0,23.8,45,18.3,10.5,351,1014.8,0.0
2024-01-26,120.0,78.0,4.0,10.0,2.0,3.0,"Colaba, Mumbai",31.2,17.7,24.1,50,18.1,9.8,344,1015.7,0.0
2024-01-27,130.0,73.0,5.0,9.0,2.0,2.0,"Colaba, Mumbai",32.1,19.4,25.2,48,18.1,10.9,349,1015.8,0.0
2024-01-28,114.0,65.0,5.0,8.0,2.0,2.0,"Colaba, Mumbai",32.0,18.8,25.1,47,20.5,11.0,345,1015.4,0.0
2024-01-29,113.0,65.0,4.0,8.0,2.0,2.0,"Colaba, Mumbai",31.8,19.6,25.3,43,24.0,13.5,340,1015.3,0.0
2024-01-30,108.0,57.0,4.0,6.0,2.0,2.0,"Colaba, Mumbai",31.1,19.7,24.7,49,21.8,12.4,337,1014.4,0.0
2024-01-31,102.0,53.0,4.0,6.0,2.0,1.0,"Colaba, Mumbai",29.2,19.7,23.9,63,20.8,11.8,329,1014.3,0.0
2024-02-01,93.0,45.0,4.0,6.0,2.0,2.0,"Colaba, Mumbai",28.0,19.1,23.1,69,22.1,11.0,328,1015.4,0.0
2024-02-02,72.0,59.0,4.0,8.0,2.0,2.0,"Colaba, Mumbai",29.8,19.2,23.8,67,22.7,12.8,344,1015.3,0.0
2024-02-03,90.0,76.0,4.0,9.0,3.0,2.0,"Colaba, Mumbai",34.0,20.3,26.3,51,24.8,12.0,356,1014.3,0.0
2024-02-04,132.0,66.0,4.0,8.0,5.0,2.0,"Colaba, Mumbai",32.3,20.7,26.2,55,15.6,8.5,329,1015.1,0.0
2024-02-05,119.0,70.0,4.0,7.0,4.0,2.0,"Colaba, Mumbai",31.8,22.1,26.4,54,20.9,12.7,333,1015.6,0.0
2024-02-06,113.0,70.0,4.0,6.0,4.0,2.0,"Colaba, Mumbai",31.8,21.3,25.9,56,21.8,13.2,333,1015.4,0.0
2024-02-07,105.0,68.0,4.0,7.0,5.0,2.0,"Colaba, Mumbai",32.2,21.6,26.2,57,26.3,16.2,340,1015.9,0.0
2024-02-08,92.0,67.0,4.0,7.0,3.0,2.0,"Colaba, Mumbai",31.9,20.9,25.9,52,26.2,15.5,342,1015.0,0.0
2024-02-09,107.0,84.0,5.0,7.0,3.0,2.0,"Colaba, Mumbai",31.0,19.0,24.7,52,24.8,14.3,334,1014.6,0.0
2024-02-10,98.0,67.0,4.0,7.0,3.0,2.0,"Colaba, Mumbai",30.9,18.9,24.5,42,26.3,14.6,339,1015.6,0.0
2024-02-11,93.0,75.0,4.0,8.0,3.0,2.0,"Colaba, Mumbai",30.9,18.1,24.2,45,24.2,13.4,335,1015.8,0.0
2024-02-12,114.0,73.0,4.0,9.0,4.0,2.0,"Colaba, Mumbai",30.8,18.3,24.3,53,17.2,10.8,330,1015.3,0.0
2024-02-13,109.0,75.0,3.0,7.0,4.0,2.0,"Colaba, Mumbai",31.6,19.1,24.9,41,24.2,13.8,338,1015.1,0.0
2024-02-14,104.0,86.0,4.0,8.0,4.0,2.0,"Colaba, Mumbai",32.8,20.9,25.8,39,25.9,15.5,342,1014.5,0.0
2024-02-15,130.0,103.0,4.0,10.0,5.0,2.0,"Colaba, Mumbai",32.3,20.1,25.9,45,23.5,13.2,338,1013.5,0.0
2024-02-16,154.0,116.0,4.0,11.0,5.0,3.0,"Colaba, Mumbai",32.8,20.5,26.0,58,19.5,8.4,308,1013.4,0.0
2024-02-17,154.0,59.0,4.0,7.0,7.0,2.0,"Colaba, Mumbai",32.2,20.1,26.4,60,16.3,8.5,308,1012.3,0.0
2024-02-18,94.0,61.0,4.0,7.0,6.0,2.0,"Colaba, Mumbai",34.4,20.0,26.8,56,23.4,11.9,333,1011.4,0.0
2024-02-19,90.0,43.0,4.0,5.0,5.0,1.0,"Colaba, Mumbai",32.1,19.6,25.9,50,21.9,13.1,329,1012.2,0.0
2024-02-20,38.0,29.0,4.0,5.0,5.0,1.0,"Colaba, Mumbai",31.4,20.4,25.5,61,27.0,13.9,337,1013.1,0.0
2024-02-21,25.0,50.0,4.0,5.0,5.0,1.0,"Colaba, Mumbai",28.8,19.5,24.1,76,20.6,10.8,320,1013.1,0.0
2024-02-22,45.0,62.0,4.0,6.0,4.0,1.0,"Colaba, Mumbai",28.7,21.2,24.5,77,21.7,12.5,324,1013.5,0.3
2024-02-23,50.0,67.0,4.0,7.0,4.0,2.0,"Colaba, Mumbai",30.1,19.2,24.6,63,25.7,14.1,346,1013.2,0.0
2024-02-24,61.0,70.0,4.0,7.0,2.0,2.0,"Colaba, Mumbai",31.7,19.4,24.9,34,29.5,16.5,347,1012.4,0.0
2024-02-25,77.0,95.0,4.0,10.0,3.0,3.0,"Colaba, Mumbai",33.5,18.2,25.5,30,21.2,12.4,349,1010.7,0.0
2024-02-26,116.0,75.0,4.0,9.0,3.083333333333333,3.0,"Colaba, Mumbai",33.0,19.0,26.0,54,19.8,9.8,297,1010.1,0.0
2024-02-27,124.0,62.0,3.0,7.0,3.1666666666666665,2.0,"Colaba, Mumbai",33.3,21.7,27.5,53,24.1,11.8,325,1011.8,0.0
2024-02-28,108.0,76.0,3.0,10.0,3.25,3.0,"Colaba, Mumbai",34.3,22.8,27.8,42,23.5,11.6,332,1011.3,0.0
2024-02-29,134.0,64.0,4.0,8.0,5.0,2.0,"Colaba, Mumbai",33.8,23.6,28.2,52,21.2,11.1,323,1010.8,0.0
2024-03-01,111.0,34.0,4.0,6.0,8.0,2.0,"Colaba, Mumbai",33.8,23.7,27.5,60,21.7,12.4,320,1012.0,0.0
2024-03-02,56.0,26.0,4.0,5.0,8.0,1.0,"Colaba, Mumbai",29.5,23.0,26.0,76,20.7,10.6,301,1012.8,0.0
2024-03-03,29.0,28.0,4.0,6.0,8.0,1.0,"Colaba, Mumbai",28.0,21.0,24.7,73,20.9,15.3,324,1013.4,0.0
2024-03-04,33.0,52.0,4.0,7.0,8.0,2.0,"Colaba, Mumbai",28.5,18.5,23.1,61,22.6,13.5,340,1013.7,0.0
2024-03-05,80.0,48.0,3.0,7.0,8.0,2.0,"Colaba, Mumbai",30.0,18.2,23.9,47,24.7,11.7,333,1012.9,0.0
2024-03-06,70.0,52.0,3.0,7.0,8.0,2.0,"Colaba, Mumbai",30.9,18.1,24.5,34,25.5,13.3,333,1012.7,0.0
2024-03-07,80.0,54.0,4.0,7.0,8.0,2.0,"Colaba, Mumbai",32.4,20.4,26.4,38,26.0,14.8,333,1012.1,0.0
2024-03-08,71.0,57.0,3.0,8.0,8.0,2.0,"Colaba, Mumbai",34.7,21.6,27.9,30,30.4,16.3,341,1012.0,0.0
2024-03-09,85.0,40.0,3.0,7.0,8.0,2.0,"Colaba, Mumbai",34.8,21.9,28.0,30,25.5,14.0,334,1012.0,0.0
2024-03-10,61.0,42.0,4.0,8.0,8.0,2.0,"Colaba, Mumbai",32.5,20.3,26.8,35,24.2,15.8,327,1013.1,0.0
2024-03-11,72.0,49.0,3.0,7.0,8.0,2.0,"Colaba, Mumbai",34.0,20.5,27.4,46,27.5,15.8,332,1014.2,0.0
2024-03-12,78.0,227.0,3.0,7.0,8.0,2.0,"Colaba, Mumbai",34.6,21.7,28.0,45,24.5,14.3,335,1013.3,0.0
2024-03-13,61.0,178.66666666666669,4.0,6.0,8.0,2.0,"Colaba, Mumbai",31.4,21.7,26.5,63,26.0,15.6,328,1013.1,0.0
2024-03-14,44.0,130.33333333333334,4.0,6.0,8.0,2.0,"Colaba, Mumbai",31.0,20.7,25.6,70,26.8,13.9,331,1013.4,0.0
2024-03-15,53.5,82.0,4.0,6.0,8.0,2.0,"Colaba, Mumbai",29.6,20.2,24.5,73,18.9,10.9,321,1012.5,0.0
2024-03-16,63.0,62.0,3.5,6.0,8.0,2.0,"Colaba, Mumbai",30.3,19.4,24.7,74,21.4,11.8,317,1012.3,0.0
2024-03-17,67.0,52.0,3.0,7.0,8.0,2.0,"Colaba, Mumbai",31.3,20.4,25.3,75,20.5,11.0,316,1012.4,0.0
2024-03-18,66.0,50.0,3.0,7.0,8.0,2.0,"Colaba, Mumbai",30.7,22.1,26.0,79,19.3,9.9,298,1012.2,0.0
2024-03-19,77.0,50.0,3.0,8.0,8.0,2.0,"Colaba, Mumbai",32.6,22.2,26.6,69,23.4,11.9,325,1012.0,0.0
2024-03-20,82.0,59.0,4.0,9.0,5.0,2.0,"Colaba, Mumbai",37.9,21.0,29.0,31,28.3,15.2,342,1010.8,0.0
2024-03-21,91.0,95.0,4.0,8.0,4.833333333333333,2.0,"Colaba, Mumbai",37.0,22.1,29.4,30,22.2,10.9,335,1009.3,0.0
2024-03-22,109.0,43.0,4.0,8.0,4.666666666666667,2.0,"Colaba, Mumbai",32.3,22.5,27.2,71,20.2,10.3,257,1009.2,0.0
2024-03-23,76.0,46.0,4.0,6.0,4.5,2.0,"Colaba, Mumbai",32.3,21.2,26.7,71,21.5,11.1,312,1009.5,0.0
2024-03-24,55.0,39.0,4.0,7.0,8.0,2.0,"Colaba, Mumbai",31.7,21.7,26.8,74,21.7,12.6,319,1010.9,0.0
2024-03-25,59.0,42.0,4.0,7.0,8.0,2.0,"Colaba, Mumbai",32.2,22.4,27.4,72,22.8,13.9,324,1011.2,0.0
2024-03-26,58.0,35.0,5.0,6.0,4.0,2.0,"Colaba, Mumbai",33.4,21.8,27.6,71,25.2,12.5,321,1011.0,0.0
2024-03-27,52.0,31.0,4.0,7.0,4.0,2.0,"Colaba, Mumbai",32.5,22.9,27.5,79,24.7,10.7,305,1012.4,0.0
2024-03-28,74.0,38.0,4.0,7.0,4.0,2.0,"Colaba, Mumbai",32.5,23.3,27.7,78,19.8,10.0,312,1011.2,0.0
2024-03-29,90.0,60.0,4.0,7.0,4.0,2.0,"Colaba, Mumbai",34.6,23.6,28.6,69,22.8,11.7,316,1010.0,0.0
2024-03-30,88.0,53.0,4.0,6.0,4.0,2.0,"Colaba, Mumbai",33.9,24.3,28.5,66,26.5,15.1,324,1011.4,0.0
2024-03-31,72.0,68.0,4.0,6.0,3.0,2.0,"Colaba, Mumbai",33.8,23.6,29.0,55,27.5,15.8,329,1012.2,0.0
2024-04-01,96.0,63.5,4.0,6.5,3.5,2.0,"Colaba, Mumbai",33.5,24.7,28.4,66,22.6,14.2,323,1009.8,0.0
2024-04-02,100.5,59.0,4.0,7.0,4.0,2.0,"Colaba, Mumbai",32.3,22.0,27.3,71,21.1,11.0,313,1008.6,0.0
2024-04-03,105.0,32.0,4.0,7.0,4.0,2.0,"Colaba, Mumbai",32.7,21.8,27.2,71,23.2,11.1,313,1009.5,0.0
2024-04-04,63.0,77.0,4.0,7.0,4.0,2.0,"Colaba, Mumbai",32.8,22.6,27.8,70,23.5,14.8,321,1009.9,0.0
2024-04-05,117.0,67.5,4.0,7.0,4.0,2.0,"Colaba, Mumbai",35.0,23.6,29.3,61,28.0,17.0,327,1009.0,0.0
2024-04-06,103.5,58.0,4.0,7.0,4.0,2.0,"Colaba, Mumbai",36.4,25.3,30.9,44,29.6,18.6,333,1007.9,0.0
2024-04-07,90.0,50.0,4.0,6.0,4.0,2.0,"Colaba, Mumbai",36.3,25.9,30.1,46,27.8,16.6,325,1008.0,0.0
2024-04-08,86.0,71.0,4.0,7.0,4.0,2.0,"Colaba, Mumbai",32.8,22.2,27.7,67,21.5,11.4,311,1008.6,0.0
2024-04-09,104.0,64.0,4.0,6.0,4.0,2.0,"Colaba, Mumbai",33.9,21.9,27.8,74,22.1,11.0,305,1008.9,0.0
2024-04-10,88.0,59.0,4.0,7.0,4.0,2.0,"Colaba, Mumbai",32.8,23.3,27.7,77,22.6,11.7,298,1009.0,0.0
2024-04-11,89.0,57.0,4.0,7.0,4.0,2.0,"Colaba, Mumbai",32.6,23.1,27.8,73,21.4,10.2,304,1009.3,0.0
2024-04-12,80.0,55.0,4.0,7.0,4.0,2.0,"Colaba, Mumbai",33.3,23.8,27.9,66,19.3,11.1,304,1009.3,0.0
2024-04-13,71.0,54.0,4.0,7.0,4.0,2.0,"Colaba, Mumbai",31.1,22.7,26.9,72,19.7,10.1,303,1009.9,0.0
2024-04-14,80.0,72.0,4.0,7.0,4.0,2.0,"Colaba, Mumbai",32.1,22.1,27.4,80,25.4,12.0,317,1010.4,0.0
2024-04-15,112.0,80.0,4.0,8.0,4.0,2.0,"Colaba, Mumbai",35.9,25.0,30.9,65,24.0,12.9,323,1009.6,0.0
2024-04-16,125.0,125.0,4.0,8.0,6.0,2.0,"Colaba, Mumbai",41.0,28.1,33.8,48,22.9,14.5,334,1008.0,0.0
2024-04-17,117.0,62.0,4.0,9.0,5.0,2.0,"Colaba, Mumbai",32.6,28.3,30.5,68,21.8,13.1,219,1008.4,0.0
2024-04-18,109.0,61.0,4.0,7.0,4.0,2.0,"Colaba, Mumbai",33.9,27.5,30.4,74,23.1,12.3,268,1008.0,0.0
2024-04-19,84.0,87.0,4.0,7.0,4.0,2.0,"Colaba, Mumbai",35.4,26.7,30.7,66,28.8,13.4,299,1006.6,0.0
2024-04-20,68.0,48.0,4.0,7.0,4.0,2.0,"Colaba, Mumbai",35.4,26.3,30.6,59,29.0,14.5,322,1007.0,0.0
2024-04-21,56.0,50.0,4.0,7.0,4.0,2.0,"Colaba, Mumbai",33.8,25.2,29.8,60,28.0,15.7,324,1007.7,0.0
2024-04-22,61.0,61.0,4.0,7.0,4.0,2.0,"Colaba, Mumbai",34.2,26.2,29.9,65,26.7,15.4,324,1008.4,0.0
2024-04-23,68.0,67.0,4.0,7.0,4.0,2.0,"Colaba, Mumbai",34.2,24.7,29.3,67,26.1,14.4,321,1007.3,0.0
2024-04-24,67.0,72.0,4.0,7.0,4.0,2.0,"Colaba, Mumbai",33.6,24.0,29.1,72,24.9,13.9,317,1006.5,0.0
2024-04-25,64.0,76.0,4.0,7.0,4.0,2.0,"Colaba, Mumbai",34.2,25.2,29.5,68,27.8,15.4,318,1006.9,0.0
2024-04-26,74.5,80.0,4.0,7.0,4.0,2.0,"Colaba, Mumbai",34.9,26.2,30.2,64,23.8,15.0,320,1006.8,0.0
2024-04-27,85.0,93.0,4.0,7.0,4.0,2.0,"Colaba, Mumbai",35.6,26.3,31.1,59,27.8,16.5,326,1006.6,0.0
2024-04-28,106.0,84.0,4.0,7.0,4.0,2.0,"Colaba, Mumbai",39.1,27.1,33.1,46,30.4,18.3,333,1006.4,0.0
2024-04-29,91.0,83.0,4.0,7.0,4.0,2.0,"Colaba, Mumbai",37.9,26.7,32.6,43,28.8,17.5,328,1007.7,0.0
2024-04-30,92.0,69.0,4.0,7.0,4.0,2.0,"Colaba, Mumbai",37.2,26.1,31.8,53,29.3,15.8,321,1006.7,0.0
2024-05-01,65.0,71.0,4.0,7.0,4.0,2.0,"Colaba, Mumbai",34.1,25.6,29.6,64,21.8,11.8,299,1006.0,0.0
2024-05-02,72.0,125.0,4.0,7.0,4.0,2.0,"Colaba, Mumbai",32.6,24.6,28.7,70,22.1,10.1,276,1006.3,0.0
2024-05-03,133.0,56.0,4.0,7.0,4.0,2.0,"Colaba, Mumbai",32.7,23.6,28.1,77,22.3,10.7,299,1007.5,0.0
2024-05-04,75.0,50.0,4.0,7.0,4.0,2.0,"Colaba, Mumbai",32.7,24.2,28.8,80,23.7,12.0,300,1008.3,0.0
2024-05-05,71.0,47.0,4.0,6.0,3.0,2.0,"Colaba, Mumbai",34.4,25.4,29.9,74,25.5,12.2,304,1006.5,0.0
2024-05-06,61.0,54.0,4.0,6.0,4.0,2.0,"Colaba, Mumbai",33.0,26.1,29.4,77,22.2,11.8,302,1007.5,0.0
2024-05-07,64.0,46.0,4.0,6.0,4.0,2.0,"Colaba, Mumbai",32.7,25.8,29.4,76,21.6,12.0,272,1008.5,0.0
2024-05-08,59.0,45.0,4.0,6.0,3.0,2.0,"Colaba, Mumbai",32.5,26.8,29.7,74,26.8,12.4,281,1007.9,0.0
2024-05-09,61.0,43.0,4.0,6.0,4.0,2.0,"Colaba, Mumbai",32.7,26.4,29.6,77,21.9,10.7,292,1007.2,0.0
2024-05-10,64.0,49.0,4.0,6.0,4.0,2.0,"Colaba, Mumbai",32.8,26.4,29.6,76,21.8,12.3,294,1008.2,0.0
2024-05-11,59.0,44.5,4.0,6.0,3.5,2.0,"Colaba, Mumbai",33.4,26.7,29.9,77,25.7,13.8,314,1008.8,0.0
2024-05-12,57.0,40.0,4.0,6.0,3.0,2.0,"Colaba, Mumbai",33.5,27.4,30.4,74,24.4,14.5,318,1008.8,0.0
2024-05-13,55.0,52.0,4.0,8.0,4.0,2.0,"Colaba, Mumbai",34.4,28.0,30.5,73,25.6,11.3,330,1008.3,2.0
2024-05-14,114.0,39.0,4.0,9.0,5.0,3.0,"Colaba, Mumbai",36.2,27.9,31.2,65,25.7,13.9,316,1007.6,0.0
2024-05-15,85.0,32.0,4.0,7.0,4.0,2.0,"Colaba, Mumbai",35.1,27.0,31.1,70,22.7,12.0,301,1007.9,0.0
2024-05-16,93.0,47.0,4.0,8.0,4.0,2.0,"Colaba, Mumbai",37.8,27.3,31.7,71,19.9,8.3,225,1008.0,0.1
2024-05-17,81.0,52.0,4.0,7.0,4.0,2.0,"Colaba, Mumbai",35.3,28.7,31.3,70,19.0,10.0,245,1007.1,0.0
2024-05-18,74.0,58.0,4.0,7.0,4.0,2.0,"Colaba, Mumbai",34.2,27.9,31.0,80,18.7,9.4,261,1005.1,0.0
2024-05-19,72.0,47.0,4.0,7.0,4.0,2.0,"Colaba, Mumbai",33.9,26.9,30.8,76,21.4,10.2,257,1003.3,1.8
2024-05-20,56.0,51.0,4.0,7.0,4.0,2.0,"Colaba, Mumbai",34.5,29.5,31.5,74,22.3,13.7,248,1003.6,0.0
2024-05-21,60.0,46.0,4.0,7.0,4.0,2.0,"Colaba, Mumbai",35.1,29.0,31.6,75,23.5,12.3,268,1003.4,0.2
2024-05-22,63.0,46.0,4.0,7.0,4.0,2.0,"Colaba, Mumbai",34.1,29.3,31.4,77,20.6,13.8,271,1003.0,0.4
2024-05-23,68.0,34.0,4.0,7.0,4.0,2.0,"Colaba, Mumbai",33.8,28.4,31.0,78,27.1,12.5,266,1002.2,0.0
2024-05-24,69.0,34.0,4.0,7.0,4.0,2.0,"Colaba, Mumbai",34.1,28.4,31.0,76,20.2,12.9,263,1002.2,0.2
2024-05-25,67.0,42.0,4.0,7.0,4.0,2.0,"Colaba, Mumbai",33.5,28.9,30.9,72,20.2,14.9,270,1003.5,1.4
2024-05-26,71.0,56.0,4.0,7.0,4.0,2.0,"Colaba, Mumbai",33.4,29.2,31.1,69,22.4,17.7,272,1004.4,0.5
2024-05-27,67.0,53.0,4.0,7.0,4.0,2.0,"Colaba, Mumbai",33.3,29.7,30.9,71,22.0,17.7,265,1004.1,0.4
2024-05-28,63.0,73.0,4.0,6.0,4.0,2.0,"Colaba, Mumbai",33.6,29.2,31.2,68,22.6,18.6,256,1004.5,0.7
2024-05-29,88.0,69.0,4.0,6.0,3.0,2.0,"Colaba, Mumbai",33.7,29.3,31.4,64,24.3,19.9,244,1004.6,0.5
2024-05-30,106.0,67.0,4.0,6.0,3.0,2.0,"Colaba, Mumbai",34.7,29.0,31.6,65,19.6,15.2,256,1005.5,1.3
2024-05-31,102.0,50.0,4.0,7.0,4.0,2.0,"Colaba, Mumbai",33.7,28.2,30.7,80,20.5,11.9,268,1006.2,1.4
2024-06-01,63.0,57.0,4.0,6.5,4.0,2.0,"Colaba, Mumbai",33.7,28.1,31.0,74,19.6,13.2,263,1006.0,0.9
2024-06-02,85.0,64.0,4.0,6.0,4.0,2.0,"Colaba, Mumbai",34.1,28.5,31.3,70,19.1,12.3,266,1006.3,0.8
2024-06-03,84.0,68.0,4.0,7.0,4.0,2.0,"Colaba, Mumbai",33.9,29.0,31.5,69,16.6,9.9,267,1006.5,0.7
2024-06-04,85.0,53.0,4.0,7.0,4.0,2.0,"Colaba, Mumbai",32.9,27.8,29.9,77,19.2,10.3,203,1007.1,5.8
2024-06-05,72.0,53.0,4.0,7.0,4.0,2.0,"Colaba, Mumbai",33.3,26.0,29.5,78,17.2,9.7,206,1007.4,4.1
2024-06-06,82.0,57.0,4.0,7.0,4.0,2.0,"Colaba, Mumbai",32.8,26.2,29.6,80,18.8,8.3,255,1007.9,2.8
2024-06-07,78.0,50.0,4.0,7.0,4.0,2.0,"Colaba, Mumbai",33.1,28.0,30.3,74,18.9,11.3,297,1006.2,5.4
2024-06-08,70.0,29.0,4.0,7.0,4.0,2.0,"Colaba, Mumbai",34.6,26.8,30.0,74,23.6,13.2,303,1004.9,2.9
2024-06-09,58.0,42.0,4.0,7.0,4.0,2.0,"Colaba, Mumbai",31.4,26.4,28.8,81,15.4,9.3,291,1004.8,23.8
2024-06-10,75.83333333333333,55.0,4.0,7.0,4.0,2.0,"Colaba, Mumbai",29.4,26.1,27.3,86,16.3,7.5,249,1006.3,32.2
2024-06-11,93.66666666666666,90.0,4.0,6.0,4.0,2.0,"Colaba, Mumbai",29.9,25.9,27.8,87,15.0,8.8,237,1006.7,9.2
2024-06-12,111.5,44.0,4.0,6.0,4.0,2.0,"Colaba, Mumbai",29.8,26.2,27.8,86,17.4,11.1,217,1007.6,7.1
2024-06-13,61.0,45.0,4.0,6.0,4.0,2.0,"Colaba, Mumbai",29.4,26.5,27.7,86,20.0,11.8,218,1007.2,11.3
2024-06-14,61.0,32.0,4.0,6.0,4.0,2.0,"Colaba, Mumbai",28.5,25.9,27.1,86,19.9,12.4,204,1006.4,15.8
2024-06-15,165.0,39.5,4.0,6.5,4.0,2.0,"Colaba, Mumbai",29.4,25.9,27.7,83,21.6,16.6,191,1005.5,3.8
2024-06-16,115.5,47.0,4.0,7.0,4.0,2.0,"Colaba, Mumbai",30.7,26.2,28.5,81,15.9,10.7,210,1005.8,1.3
2024-06-17,66.0,53.0,4.0,8.0,4.0,2.0,"Colaba, Mumbai",31.2,26.6,28.3,84,20.4,13.1,202,1006.1,9.3
2024-06-18,81.0,45.0,4.0,6.0,4.0,2.0,"Colaba, Mumbai",29.5,26.4,27.5,87,23.8,16.6,211,1005.9,23.6
2024-06-19,63.0,62.0,4.0,6.0,4.0,2.0,"Colaba, Mumbai",29.6,26.2,27.6,84,22.0,16.7,217,1004.0,17.3
2024-06-20,63.0,76.0,4.0,6.0,4.0,2.0,"Colaba, Mumbai",28.9,26.4,27.4,87,22.3,17.7,211,1003.1,58.5
2024-06-21,67.0,71.0,4.0,6.0,4.0,2.0,"Colaba, Mumbai",30.9,25.5,27.8,86,22.3,17.1,219,1003.6,16.3
2024-06-22,78.0,53.0,4.0,6.0,4.0,2.0,"Colaba, Mumbai",29.7,25.4,27.6,85,18.7,14.0,205,1002.5,5.3
2024-06-23,64.0,41.0,4.0,6.0,4.0,2.0,"Colaba, Mumbai",29.4,26.1,27.9,86,19.7,13.5,206,1001.4,5.0
2024-06-24,51.0,24.0,4.0,7.0,4.0,2.0,"Colaba, Mumbai",29.3,26.5,27.8,86,19.8,11.0,203,999.6,15.0
2024-06-25,40.0,27.0,4.0,7.0,4.0,2.0,"Colaba, Mumbai",30.5,26.5,28.3,85,35.0,21.4,178,998.0,5.2
2024-06-26,30.0,25.0,4.0,6.0,3.0,2.0,"Colaba, Mumbai",30.1,27.2,28.2,86,33.2,25.9,206,998.0,24.2
2024-06-27,29.0,49.0,4.0,6.0,3.0,2.0,"Colaba, Mumbai",28.8,26.6,27.4,88,31.6,25.7,211,1000.6,104.8
2024-06-28,48.0,60.0,4.0,6.0,3.0,2.0,"Colaba, Mumbai",28.3,26.3,27.3,88,30.8,26.7,206,1001.9,42.0
2024-06-29,57.0,59.0,4.0,6.0,3.0,2.0,"Colaba, Mumbai",29.8,26.1,27.6,86,29.9,23.4,198,1003.0,15.4
2024-06-30,58.0,54.0,4.0,6.0,3.0,2.0,"Colaba, Mumbai",29.4,26.5,27.8,86,34.9,23.6,212,1003.4,16.5
2024-07-01,51.0,73.0,4.0,6.0,3.0,2.0,"Colaba, Mumbai",30.6,27.2,28.5,81,39.0,34.5,222,1002.3,10.6
2024-07-02,57.0,69.0,4.0,6.0,3.0,2.0,"Colaba, Mumbai",30.2,27.0,28.9,81,36.7,30.2,233,1001.6,8.2
2024-07-03,54.0,58.0,4.0,6.0,3.0,2.0,"Colaba, Mumbai",30.2,27.0,28.9,84,31.5,26.6,227,1002.7,6.4
2024-07-04,43.0,56.0,4.0,6.0,3.0,2.0,"Colaba, Mumbai",29.0,26.7,27.9,85,28.2,22.4,225,1004.0,8.9
2024-07-05,33.0,70.0,4.0,6.0,3.0,2.0,"Colaba, Mumbai",28.7,25.9,27.5,87,25.7,22.0,223,1002.2,18.3
2024-07-06,47.66666666666666,123.0,4.0,6.0,3.0,2.0,"Colaba, Mumbai",29.5,26.1,27.7,85,29.0,24.0,232,1001.3,17.8
2024-07-07,62.33333333333333,87.0,4.0,6.0,4.0,2.0,"Colaba, Mumbai",29.2,25.9,27.4,88,24.1,18.1,227,1002.4,12.2
2024-07-08,77.0,21.0,4.0,8.0,4.0,2.0,"Colaba, Mumbai",28.4,25.9,26.9,89,21.4,12.0,215,1002.5,24.0
2024-07-09,24.0,20.0,4.0,7.5,4.0,2.0,"Colaba, Mumbai",27.2,25.6,26.3,91,26.9,14.0,223,1003.4,81.9
2024-07-10,22.5,19.0,4.0,7.0,4.0,2.0,"Colaba, Mumbai",28.7,25.6,26.8,87,23.1,17.8,208,1006.1,27.1
2024-07-11,21.0,25.0,4.0,7.0,4.0,2.0,"Colaba, Mumbai",28.8,24.9,26.6,90,24.0,17.5,229,1005.8,40.6
2024-07-12,28.0,194.0,4.0,7.0,4.0,2.0,"Colaba, Mumbai",27.0,25.6,26.3,91,22.5,18.1,247,1003.9,72.6
2024-07-13,132.0,100.0,4.0,7.0,4.0,2.0,"Colaba, Mumbai",27.0,25.6,26.2,91,31.6,22.3,243,1003.4,78.8
2024-07-14,69.0,6.0,4.0,7.0,4.0,2.0,"Colaba, Mumbai",26.8,24.7,25.7,92,27.2,15.9,256,1001.8,62.2
2024-07-15,6.0,45.0,4.0,7.0,4.0,2.0,"Colaba, Mumbai",28.0,24.9,26.5,89,16.2,10.6,243,1001.1,13.2
2024-07-16,34.0,36.66666666666667,4.0,7.0,4.0,2.0,"Colaba, Mumbai",28.6,25.4,26.8,89,23.0,16.7,216,1000.3,16.8
2024-07-18,26.0,20.0,4.0,7.0,4.0,2.0,"Colaba, Mumbai",28.0,25.9,26.6,90,30.0,22.9,236,1002.6,46.1
2024-07-19,22.0,19.0,4.0,7.0,4.0,2.0,"Colaba, Mumbai",27.3,26.1,26.5,90,31.3,25.0,236,1000.8,48.4
2024-07-20,21.0,14.0,4.0,7.0,4.0,2.0,"Colaba, Mumbai",27.6,26.1,26.5,89,31.7,25.9,233,1001.4,100.0
2024-07-21,17.0,23.0,4.0,7.0,4.0,2.0,"Colaba, Mumbai",27.2,26.0,26.6,89,31.1,26.0,238,1001.8,52.3
2024-07-22,26.0,13.0,4.0,7.0,4.0,2.0,"Colaba, Mumbai",27.2,26.2,26.5,89,32.1,27.3,238,1003.7,52.4
2024-07-23,15.0,29.0,4.0,7.0,4.0,2.0,"Colaba, Mumbai",26.8,25.7,26.4,89,32.4,28.9,242,1004.6,44.1
2024-07-24,33.0,17.0,4.0,7.0,4.0,2.0,"Colaba, Mumbai",27.1,25.8,26.5,89,36.2,30.5,247,1002.2,56.7
2024-07-25,20.0,27.0,4.0,7.0,4.0,2.0,"Colaba, Mumbai",27.6,25.3,26.5,88,34.7,30.0,261,1001.2,85.4
2024-07-26,30.0,25.0,4.0,7.0,4.0,2.0,"Colaba, Mumbai",28.4,25.5,27.0,87,29.7,24.6,255,1002.5,26.5
2024-07-27,27.0,42.0,4.0,7.0,4.0,2.0,"Colaba, Mumbai",28.7,26.5,27.4,83,31.2,28.1,257,1003.3,9.1
2024-07-28,45.0,26.0,4.0,7.0,4.0,2.0,"Colaba, Mumbai",29.0,26.1,27.2,86,28.8,24.6,259,1001.0,14.6
2024-07-29,29.0,44.0,4.0,7.0,4.0,2.0,"Colaba, Mumbai",27.6,26.0,26.6,89,29.0,23.2,247,999.8,28.3
2024-07-30,46.0,23.0,4.0,7.0,4.0,2.0,"Colaba, Mumbai",28.1,25.4,26.8,88,24.5,19.7,241,1003.0,16.1
2024-07-31,25.0,16.0,4.0,7.0,4.0,2.0,"Colaba, Mumbai",28.3,25.3,26.9,88,22.4,18.2,247,1005.4,27.1
2024-08-01,19.0,11.0,4.0,7.0,4.0,2.0,"Colaba, Mumbai",28.9,25.4,27.0,86,28.3,22.3,243,1005.2,15.3
2024-08-02,13.0,11.0,4.0,7.0,4.0,2.0,"Colaba, Mumbai",28.0,25.6,26.5,86,31.7,27.0,240,1004.8,22.1
2024-08-03,13.0,11.0,4.0,7.0,4.0,2.0,"Colaba, Mumbai",27.4,25.7,26.5,86,32.3,28.9,243,1005.0,30.5
2024-08-04,12.0,10.0,4.0,11.0,4.0,2.0,"Colaba, Mumbai",27.0,25.8,26.4,87,30.6,26.7,244,1005.5,37.3
2024-08-05,12.0,10.0,4.0,16.0,4.0,2.0,"Colaba, Mumbai",28.6,26.2,27.2,84,26.2,23.0,230,1006.4,8.1
2024-08-06,11.0,9.0,4.0,17.0,4.0,2.0,"Colaba, Mumbai",28.5,25.9,27.2,84,22.8,19.1,236,1006.5,4.8
2024-08-07,11.0,11.0,4.0,16.0,4.0,2.0,"Colaba, Mumbai",28.5,25.7,27.0,84,19.9,16.8,252,1006.6,7.4
2024-08-08,13.0,9.0,4.0,17.0,4.0,2.0,"Colaba, Mumbai",28.5,25.9,26.9,84,19.4,15.4,246,1007.5,4.6
2024-08-09,10.0,21.0,4.0,13.0,3.0,1.0,"Colaba, Mumbai",27.7,25.4,26.3,88,18.6,14.0,250,1008.5,18.0
2024-08-10,23.0,79.0,4.0,9.0,2.0,1.0,"Colaba, Mumbai",28.3,25.3,26.8,86,20.5,13.0,255,1008.3,4.3
2024-08-11,57.0,42.0,4.0,9.0,2.0,1.0,"Colaba, Mumbai",28.7,26.5,27.3,83,21.9,17.0,255,1006.7,1.2
2024-08-12,47.0,43.0,4.0,8.0,2.0,1.0,"Colaba, Mumbai",28.7,25.9,27.3,84,21.8,14.3,247,1006.4,2.5
2024-08-13,48.0,44.0,4.0,9.0,2.0,1.0,"Colaba, Mumbai",28.7,25.8,27.1,85,18.4,10.4,252,1007.0,4.1
2024-08-14,49.0,47.0,4.0,9.0,2.0,1.0,"Colaba, Mumbai",29.0,25.7,27.1,85,17.4,7.8,285,1006.9,0.6
2024-08-15,52.0,42.0,4.0,9.0,3.0,1.0,"Colaba, Mumbai",29.3,25.7,27.4,84,19.1,7.5,291,1005.9,0.9
2024-08-16,47.0,52.0,4.0,8.0,3.0,1.0,"Colaba, Mumbai",29.3,25.9,27.6,84,17.7,8.7,266,1004.9,0.5
2024-08-17,58.0,57.0,4.0,8.0,3.0,1.0,"Colaba, Mumbai",29.4,25.8,27.6,85,13.9,7.0,284,1005.9,0.6
2024-08-18,74.0,48.0,4.0,9.0,3.0,1.0,"Colaba, Mumbai",29.9,25.8,27.7,86,14.9,8.2,324,1006.5,1.8
2024-08-19,65.0,64.0,4.0,9.0,3.0,1.0,"Colaba, Mumbai",29.2,25.4,27.3,89,17.8,8.7,348,1005.9,20.4
2024-08-20,67.0,47.0,4.0,9.0,3.0,1.0,"Colaba, Mumbai",28.6,25.2,26.5,91,13.8,7.1,348,1005.5,20.7
2024-08-21,73.0,34.0,4.0,8.0,3.0,1.0,"Colaba, Mumbai",30.2,25.7,27.7,88,18.6,8.8,337,1005.4,0.3
2024-08-22,60.0,24.0,4.0,9.0,2.0,1.0,"Colaba, Mumbai",29.5,26.2,28.0,86,17.3,11.1,206,1004.9,1.9
2024-08-23,41.0,20.0,4.0,8.0,3.0,1.0,"Colaba, Mumbai",28.3,26.3,27.1,89,20.0,12.9,177,1005.5,18.4
2024-08-24,45.0,31.0,4.0,9.0,3.0,1.0,"Colaba, Mumbai",26.6,25.4,26.0,92,22.3,15.3,270,1006.5,67.0
2024-08-25,58.0,34.0,4.0,9.0,2.0,1.0,"Colaba, Mumbai",27.9,25.2,26.3,87,28.0,23.8,256,1005.6,30.5
2024-08-26,59.0,33.0,4.0,9.0,2.0,1.0,"Colaba, Mumbai",27.3,24.8,26.4,86,32.0,28.1,251,1003.9,19.9
2024-08-27,59.0,37.0,4.0,9.0,2.0,1.0,"Colaba, Mumbai",27.5,25.1,26.2,86,33.1,28.0,220,1004.8,16.6
2024-08-28,62.0,42.0,4.0,9.0,2.0,1.0,"Colaba, Mumbai",28.8,25.5,27.0,85,34.6,28.0,224,1005.6,16.3
2024-08-29,67.0,36.0,4.0,9.0,2.0,1.0,"Colaba, Mumbai",28.8,26.3,27.4,84,27.2,23.6,224,1004.8,5.9
2024-08-30,61.0,28.0,4.0,9.0,2.0,1.0,"Colaba, Mumbai",28.5,25.3,27.0,85,20.6,16.9,216,1005.9,6.8
2024-08-31,54.0,56.0,4.0,8.0,2.0,1.0,"Colaba, Mumbai",28.4,25.5,27.1,85,14.0,9.6,242,1007.2,2.3
2024-09-01,50.0,84.0,4.0,8.0,2.0,1.0,"Colaba, Mumbai",27.7,25.7,26.9,85,14.6,9.9,290,1006.9,2.3
2024-09-02,81.0,46.0,4.0,9.0,2.0,1.0,"Colaba, Mumbai",27.5,25.2,26.3,89,21.3,14.8,299,1005.6,28.3
2024-09-03,69.0,45.0,4.0,9.0,2.0,1.0,"Colaba, Mumbai",27.6,24.8,26.2,89,17.1,12.5,265,1006.4,15.1
2024-09-04,69.0,45.0,4.0,9.0,2.0,1.0,"Colaba, Mumbai",28.2,25.3,26.4,87,21.9,15.2,256,1007.4,12.5
2024-09-05,69.0,42.0,4.0,9.0,2.0,1.0,"Colaba, Mumbai",28.2,25.5,26.6,88,25.7,18.5,263,1006.0,24.6
2024-09-06,66.0,26.0,4.0,9.0,2.0,1.0,"Colaba, Mumbai",28.3,25.5,26.6,86,23.4,15.0,262,1006.9,14.8
2024-09-07,52.0,24.0,4.0,9.0,2.0,1.0,"Colaba, Mumbai",27.8,25.3,26.5,86,18.4,12.2,251,1007.6,8.3
2024-09-08,51.0,15.0,4.0,9.0,2.0,1.0,"Colaba, Mumbai",28.3,25.2,26.7,86,16.0,10.7,236,1007.6,5.7
2024-09-09,40.0,13.0,4.0,9.0,3.0,1.0,"Colaba, Mumbai",28.7,25.4,26.8,85,17.4,10.0,247,1005.3,2.8
2024-09-10,37.0,18.0,4.0,9.0,2.0,1.0,"Colaba, Mumbai",28.5,25.3,26.7,86,18.6,11.3,245,1004.5,6.5
2024-09-11,43.0,28.0,4.0,9.0,2.0,1.0,"Colaba, Mumbai",27.9,25.0,26.4,85,20.5,13.9,222,1005.6,4.3
2024-09-12,55.0,40.0,4.0,9.0,2.0,1.0,"Colaba, Mumbai",28.1,25.1,26.5,85,19.0,14.8,228,1007.4,8.2
2024-09-13,64.0,28.0,4.0,9.0,2.0,1.0,"Colaba, Mumbai",28.4,25.1,26.5,83,20.9,14.0,227,1007.8,4.9
2024-09-14,55.0,29.0,4.0,9.0,2.0,1.0,"Colaba, Mumbai",28.2,23.9,25.4,87,19.0,12.3,221,1007.7,8.3
2024-09-15,55.0,47.0,4.0,9.0,3.0,1.0,"Colaba, Mumbai",27.2,23.8,25.3,87,14.7,9.0,227,1008.2,4.4
2024-09-16,74.0,45.0,4.0,9.0,3.0,1.0,"Colaba, Mumbai",28.3,24.0,26.1,88,15.6,9.4,221,1008.7,3.0
2024-09-17,68.0,38.0,4.0,9.0,3.0,1.0,"Colaba, Mumbai",28.7,23.4,26.2,85,16.3,7.8,314,1008.9,0.5
2024-09-18,63.0,42.0,4.0,9.0,3.0,1.0,"Colaba, Mumbai",29.0,23.9,26.5,83,14.1,7.7,234,1007.0,1.0
2024-09-19,66.0,46.142857142857146,4.0,9.571428571428571,3.7142857142857135,1.7142857142857144,"Colaba, Mumbai",29.3,24.9,27.1,82,13.6,7.2,241,1007.4,0.6
2024-09-25,52.285714285714285,71.0,4.0,13.0,8.0,6.0,"Colaba, Mumbai",27.7,24.5,26.2,92,22.2,11.3,326,1004.2,37.8
2024-09-26,50.0,27.0,4.0,11.0,8.0,5.0,"Colaba, Mumbai",26.8,24.8,25.8,93,21.3,10.2,238,1003.2,73.7
2024-09-27,15.0,28.0,4.0,11.0,8.0,5.0,"Colaba, Mumbai",27.1,25.8,26.3,89,31.4,26.1,248,1004.8,46.7
2024-09-28,15.0,33.0,4.0,11.0,8.0,5.0,"Colaba, Mumbai",28.1,25.7,26.8,85,21.1,14.8,237,1008.0,5.4
2024-09-29,14.0,46.0,4.0,12.0,8.0,5.0,"Colaba, Mumbai",28.8,25.5,26.9,86,16.2,10.2,242,1010.0,3.0
2024-09-30,33.0,58.0,4.0,12.0,8.0,6.0,"Colaba, Mumbai",29.7,24.7,27.3,88,16.3,7.8,318,1010.1,1.4
2024-10-01,65.0,74.0,4.0,13.0,8.0,6.0,"Colaba, Mumbai",31.2,25.3,27.9,89,16.8,8.5,337,1008.0,0.1
2024-10-02,87.0,51.0,4.0,12.0,8.0,6.0,"Colaba, Mumbai",30.4,26.3,27.9,91,15.3,6.8,256,1008.8,1.1
2024-10-03,53.0,36.0,4.0,12.0,8.0,5.0,"Colaba, Mumbai",29.7,25.6,27.7,87,16.6,7.6,261,1009.2,1.8
2024-10-04,31.0,33.0,4.0,12.0,8.0,5.0,"Colaba, Mumbai",29.5,25.7,27.6,83,15.2,7.1,276,1009.2,2.9
2024-10-05,27.0,52.0,4.0,12.0,8.0,6.0,"Colaba, Mumbai",29.0,24.7,26.8,86,16.0,6.7,315,1009.6,0.9
2024-10-06,55.0,57.0,4.0,14.0,8.0,6.0,"Colaba, Mumbai",31.1,24.6,27.0,87,17.9,8.4,5,1009.6,25.5
2024-10-07,88.0,60.0,4.0,13.0,8.0,6.0,"Colaba, Mumbai",30.9,25.1,28.1,85,13.4,8.5,333,1009.7,0.0
2024-10-08,97.0,47.0,4.0,13.0,8.0,6.0,"Colaba, Mumbai",31.2,25.9,28.5,86,16.4,7.9,241,1009.9,0.0
2024-10-09,77.0,37.0,4.0,13.0,8.0,6.0,"Colaba, Mumbai",28.7,25.3,26.9,88,18.8,6.8,75,1008.7,7.6
2024-10-10,65.0,29.0,4.0,13.0,8.0,6.0,"Colaba, Mumbai",29.3,24.8,26.9,85,16.9,8.9,55,1006.8,4.6
2024-10-11,51.0,40.0,4.0,14.0,8.0,6.0,"Colaba, Mumbai",31.3,25.3,27.6,83,19.7,9.0,113,1006.4,10.1
2024-10-12,51.0,38.0,4.0,14.0,8.0,6.0,"Colaba, Mumbai",31.2,24.7,27.6,85,14.2,6.5,150,1007.5,2.2
2024-10-13,51.0,32.0,4.0,12.0,8.0,5.0,"Colaba, Mumbai",30.1,25.5,27.6,85,13.8,7.2,162,1008.7,0.9
2024-10-14,51.0,38.0,4.0,6.0,8.0,3.0,"Colaba, Mumbai",31.0,24.6,27.0,87,17.8,8.0,39,1009.1,3.6
2024-10-15,51.0,49.0,4.0,7.0,8.0,3.0,"Colaba, Mumbai",29.1,24.7,26.8,87,14.5,6.9,161,1009.3,0.1
2024-10-16,64.0,72.0,4.0,7.0,7.0,3.0,"Colaba, Mumbai",30.4,24.6,27.3,87,14.0,7.3,62,1008.6,15.5
2024-10-17,73.0,54.0,4.0,6.0,4.0,3.0,"Colaba, Mumbai",28.9,25.8,27.3,90,13.4,7.2,290,1007.8,4.1
2024-10-18,56.0,29.0,4.0,6.0,4.0,3.0,"Colaba, Mumbai",31.4,24.9,27.8,85,15.4,9.4,159,1007.6,22.3
2024-10-19,15.0,36.0,4.0,6.0,4.0,3.0,"Colaba, Mumbai",29.6,24.5,26.5,89,15.0,6.7,112,1010.1,6.9
2024-10-20,33.0,32.0,4.0,6.0,4.0,3.0,"Colaba, Mumbai",29.3,24.5,26.5,87,9.7,5.9,106,1011.0,8.0
2024-10-21,35.0,83.0,4.0,7.0,4.0,3.0,"Colaba, Mumbai",30.0,24.2,27.1,84,10.2,5.7,97,1010.9,14.1
2024-10-22,76.0,44.0,4.0,7.0,4.0,3.0,"Colaba, Mumbai",30.1,24.2,26.8,87,13.9,7.3,21,1010.8,3.5
2024-10-23,65.0,75.0,4.0,7.0,4.0,3.0,"Colaba, Mumbai",31.5,24.7,27.5,85,15.9,8.6,358,1010.2,0.0
2024-10-24,102.0,67.0,4.0,7.0,4.0,3.0,"Colaba, Mumbai",32.2,25.0,28.3,77,16.6,8.2,5,1009.8,0.0
2024-10-25,106.0,96.0,4.0,8.0,4.0,3.0,"Colaba, Mumbai",30.6,23.1,27.0,77,14.3,8.1,339,1009.9,0.0
2024-10-26,115.0,75.0,4.0,8.0,4.0,4.0,"Colaba, Mumbai",32.5,22.0,26.9,71,20.3,9.8,357,1010.1,0.0
2024-10-27,125.0,90.0,4.0,8.0,4.0,3.0,"Colaba, Mumbai",31.1,22.3,26.9,80,17.1,8.6,342,1009.0,0.0
2024-10-28,115.0,88.0,4.0,7.0,4.0,3.0,"Colaba, Mumbai",31.5,23.6,27.4,83,15.3,7.7,329,1007.5,0.0
2024-10-29,99.0,122.0,4.0,7.0,4.0,3.0,"Colaba, Mumbai",30.5,25.2,27.8,88,14.9,7.0,270,1008.8,0.1
2024-10-30,188.0,207.0,4.0,8.0,4.0,3.0,"Colaba, Mumbai",32.2,24.8,27.8,84,13.3,6.7,5,1009.6,0.0
2024-10-31,171.0,83.0,4.0,7.0,4.0,3.0,"Colaba, Mumbai",32.2,24.8,28.4,77,16.8,7.9,343,1010.2,0.0
2024-11-01,108.0,86.0,4.0,7.0,4.0,3.0,"Colaba, Mumbai",31.0,25.0,28.3,84,15.5,8.3,249,1011.6,0.1
2024-11-02,113.0,77.0,4.0,7.0,4.0,3.0,"Colaba, Mumbai",32.8,25.0,28.4,76,21.3,8.9,356,1011.8,0.0
2024-11-03,98.0,101.0,4.0,8.0,4.0,3.0,"Colaba, Mumbai",34.0,22.9,28.1,67,16.3,9.0,3,1011.5,0.0
2024-11-04,115.0,98.0,4.0,8.0,4.0,3.0,"Colaba, Mumbai",34.1,23.3,28.1,63,20.0,9.8,14,1010.7,0.0
2024-11-05,107.0,109.0,4.0,8.0,4.0,3.0,"Colaba, Mumbai",34.4,23.2,28.5,62,16.5,8.9,44,1011.3,0.0
2024-11-06,111.0,88.0,4.0,8.0,4.0,3.0,"Colaba, Mumbai",33.6,23.0,28.2,62,20.3,10.0,350,1012.2,0.0
2024-11-07,102.0,75.0,4.0,8.0,4.0,3.0,"Colaba, Mumbai",33.4,21.4,27.5,60,17.5,9.0,359,1012.0,0.0
2024-11-08,101.0,90.0,4.0,8.0,4.0,3.0,"Colaba, Mumbai",33.7,22.6,27.8,60,16.2,9.1,16,1011.7,0.0
2024-11-09,103.0,78.0,4.0,8.0,4.0,3.0,"Colaba, Mumbai",34.1,22.2,28.1,59,20.5,11.2,20,1011.8,0.0
2024-11-10,117.0,84.0,4.0,8.0,4.0,3.0,"Colaba, Mumbai",33.7,22.7,28.0,57,21.8,11.1,8,1011.8,0.0
2024-11-11,134.0,80.0,4.0,8.0,4.0,3.0,"Colaba, Mumbai",33.3,23.0,28.1,48,21.8,11.7,23,1011.7,0.0
2024-11-12,127.0,73.0,4.0,7.0,4.0,3.0,"Colaba, Mumbai",33.5,22.4,28.0,55,15.2,9.4,24,1011.0,0.0
2024-11-13,119.0,79.0,4.0,8.0,4.0,3.0,"Colaba, Mumbai",34.5,23.5,28.6,50,14.1,9.4,24,1009.4,0.0
2024-11-14,122.0,87.0,4.0,8.0,4.0,3.0,"Colaba, Mumbai",34.9,23.5,29.2,49,10.8,7.1,33,1010.3,0.0
2024-11-15,115.0,101.0,4.0,8.0,4.0,3.0,"Colaba, Mumbai",33.3,25.4,29.1,60,11.9,6.6,280,1011.4,0.2
2024-11-16,135.0,107.0,4.0,8.0,4.0,3.0,"Colaba, Mumbai",33.8,26.2,29.5,63,15.9,7.7,338,1010.6,0.2
2024-11-17,134.0,93.0,4.0,8.0,4.0,3.0,"Colaba, Mumbai",35.6,26.2,29.9,58,16.5,8.7,16,1010.2,0.0
2024-11-18,119.0,99.0,4.0,8.0,4.0,3.0,"Colaba, Mumbai",34.8,24.6,29.0,54,12.8,7.9,21,1011.2,0.0
2024-11-19,115.0,96.0,4.0,8.0,4.0,3.0,"Colaba, Mumbai",33.7,22.5,27.8,48,15.4,7.5,25,1012.4,0.0
2024-11-20,122.0,101.0,4.0,8.0,4.0,4.0,"Colaba, Mumbai",32.8,22.0,27.1,51,15.2,9.0,40,1012.0,0.0
2024-11-21,132.0,140.0,4.0,8.0,4.0,4.0,"Colaba, Mumbai",32.6,22.1,26.9,51,14.7,8.4,13,1011.7,0.0
2024-11-22,152.0,101.0,4.0,9.0,4.0,4.0,"Colaba, Mumbai",32.4,21.7,26.8,54,13.2,7.7,346,1011.3,0.0
2024-11-23,148.0,111.0,4.0,9.0,4.0,4.0,"Colaba, Mumbai",31.2,22.7,26.7,57,11.3,6.9,1,1012.1,0.0
2024-11-24,155.0,96.0,4.0,9.0,4.0,4.0,"Colaba, Mumbai",32.6,22.3,27.1,57,14.3,6.7,354,1012.2,0.0
2024-11-25,143.0,75.0,4.0,8.0,4.0,3.0,"Colaba, Mumbai",32.8,21.9,27.0,54,14.6,8.0,18,1011.8,0.0
2024-11-26,127.0,69.0,4.0,8.0,4.0,3.0,"Colaba, Mumbai",32.3,21.3,26.5,47,15.9,8.6,28,1011.7,0.0
2024-11-27,113.0,74.0,4.0,8.0,4.0,3.0,"Colaba, Mumbai",32.5,21.0,26.4,43,14.1,8.9,22,1010.9,0.0
2024-11-28,135.0,74.0,4.0,8.0,4.0,4.0,"Colaba, Mumbai",31.9,20.3,26.5,38,11.5,8.3,45,1010.9,0.0
2024-11-29,110.0,84.0,4.0,8.0,4.0,4.0,"Colaba, Mumbai",31.2,20.8,25.5,43,16.5,9.9,11,1011.2,0.0
2024-11-30,120.0,98.0,4.0,9.0,4.0,4.0,"Colaba, Mumbai",31.1,20.1,25.4,44,13.4,8.9,8,1009.9,0.0
2024-12-01,145.0,106.0,4.0,10.0,4.0,4.0,"Colaba, Mumbai",32.3,21.4,26.1,52,15.3,8.8,358,1008.0,0.0
2024-12-02,153.0,80.0,4.0,8.0,4.0,4.0,"Colaba, Mumbai",33.3,23.5,27.8,57,15.4,8.6,356,1007.4,0.0
2024-12-03,127.0,79.0,4.0,8.0,4.0,4.0,"Colaba, Mumbai",33.1,25.8,29.0,59,17.0,10.1,9,1008.8,0.2
2024-12-04,123.0,89.0,4.0,8.0,4.0,4.0,"Colaba, Mumbai",34.2,26.4,29.3,66,16.5,9.0,15,1009.7,0.1
2024-12-05,137.0,96.0,4.0,9.0,4.0,4.0,"Colaba, Mumbai",33.8,25.9,29.2,70,12.2,8.6,324,1010.7,0.0
2024-12-06,144.0,76.0,4.0,8.0,4.0,3.0,"Colaba, Mumbai",32.3,25.7,28.7,65,14.0,7.7,330,1010.6,0.0
2024-12-07,106.0,71.0,4.0,7.0,4.0,3.0,"Colaba, Mumbai",32.7,24.8,27.9,51,17.9,9.8,339,1010.5,0.0
2024-12-08,90.0,73.0,4.0,7.0,4.0,3.0,"Colaba, Mumbai",31.2,21.9,25.9,42,14.8,10.4,353,1011.2,0.0
2024-12-09,91.0,79.0,4.0,7.0,4.0,3.0,"Colaba, Mumbai",31.2,20.9,25.2,35,17.1,12.2,5,1011.4,0.0
2024-12-10,94.0,93.0,4.0,8.0,4.0,4.0,"Colaba, Mumbai",31.0,20.4,25.2,49,13.2,8.6,355,1011.1,0.0
2024-12-11,119.0,90.0,4.0,8.0,4.0,4.0,"Colaba, Mumbai",33.2,21.9,26.6,57,13.4,8.0,10,1011.4,0.0
2024-12-12,123.0,78.0,4.0,8.0,4.0,3.0,"Colaba, Mumbai",31.0,21.4,25.7,59,16.0,8.4,345,1011.3,0.0
2024-12-13,105.0,83.0,4.0,8.0,4.0,3.0,"Colaba, Mumbai",32.2,21.1,26.1,51,14.8,9.7,18,1011.7,0.0
2024-12-14,108.0,84.0,4.0,8.0,4.0,4.0,"Colaba, Mumbai",32.8,20.5,26.1,44,12.5,8.7,37,1012.6,0.0
2024-12-15,112.0,85.0,4.0,8.0,4.0,4.0,"Colaba, Mumbai",32.9,19.9,25.7,46,12.2,7.6,22,1013.5,0.0
2024-12-16,117.0,103.0,4.0,9.0,4.0,4.0,"Colaba, Mumbai",32.1,19.8,25.3,46,13.5,7.3,6,1012.5,0.0
2024-12-17,131.0,112.0,4.0,9.0,4.0,4.0,"Colaba, Mumbai",30.4,18.3,24.3,53,14.1,6.3,337,1011.4,0.0
2024-12-18,146.0,116.0,4.0,9.0,4.0,4.0,"Colaba, Mumbai",31.5,18.8,24.5,58,12.3,6.5,346,1010.7,0.0
2024-12-19,149.0,108.0,4.0,8.0,4.0,4.0,"Colaba, Mumbai",29.4,18.7,23.9,69,13.7,6.2,327,1010.7,0.0
2024-12-20,144.0,128.0,4.0,8.0,4.0,4.0,"Colaba, Mumbai",27.8,20.3,23.5,71,15.1,7.1,326,1010.9,0.0
2024-12-21,158.0,101.0,4.0,8.0,4.0,3.0,"Colaba, Mumbai",27.3,19.6,23.7,74,12.4,5.3,259,1011.2,0.0
2024-12-22,129.0,89.0,4.0,8.0,4.0,3.0,"Colaba, Mumbai",27.3,21.4,24.2,77,13.0,6.7,315,1011.8,0.1
2024-12-23,128.0,95.0,4.0,8.0,4.0,4.0,"Colaba, Mumbai",27.3,21.5,24.1,71,16.2,9.7,337,1012.1,0.0
2024-12-24,144.0,93.0,4.0,8.0,4.0,4.0,"Colaba, Mumbai",28.4,21.1,24.2,59,18.3,11.1,342,1012.2,0.0
2024-12-25,151.0,82.0,4.0,8.0,4.0,4.0,"Colaba, Mumbai",28.6,20.9,24.2,60,16.9,10.8,339,1013.0,0.0
2024-12-26,148.0,69.0,4.0,9.0,4.0,4.0,"Colaba, Mumbai",29.2,22.2,25.1,67,15.0,9.2,333,1014.5,0.0
2024-12-27,143.0,78.0,4.0,8.0,4.0,4.0,"Colaba, Mumbai",28.2,22.4,24.9,68,16.6,9.6,334,1014.8,0.0
2024-12-28,163.0,74.0,4.0,9.0,4.0,4.0,"Colaba, Mumbai",29.6,22.3,25.2,68,15.0,8.0,349,1014.9,0.9
2024-12-29,160.0,67.66666666666667,4.0,8.666666666666666,4.0,4.0,"Colaba, Mumbai",30.2,22.8,26.0,67,14.7,9.6,345,1014.6,0.0
2024-12-31,134.66666666666666,55.0,4.0,8.0,4.0,4.0,"Colaba, Mumbai",32.4,23.4,27.4,59,15.4,8.4,344,1014.6,0.0
2025-01-01,122.0,89.0,4.0,8.0,4.0,4.0,"Colaba, Mumbai",31.9,23.1,27.0,61,15.5,9.0,344,1013.5,0.0
2025-01-02,126.0,87.0,4.0,8.0,4.0,3.0,"Colaba, Mumbai",32.3,22.0,26.9,58,17.1,8.9,351,1013.4,0.0
2025-01-03,114.0,83.0,4.0,8.0,4.0,4.0,"Colaba, Mumbai",33.9,21.6,26.8,52,15.2,8.8,12,1013.3,0.0
2025-01-04,113.0,95.0,4.0,8.0,4.0,3.0,"Colaba, Mumbai",32.5,20.6,25.7,48,13.3,6.6,351,1012.3,0.0
2025-01-05,134.0,79.0,4.0,8.0,4.0,3.0,"Colaba, Mumbai",29.1,22.1,24.9,59,16.3,8.5,330,1012.2,0.0
2025-01-06,109.0,89.0,4.0,8.0,4.0,4.0,"Colaba, Mumbai",30.1,20.5,24.3,57,18.8,12.9,345,1012.5,0.0
2025-01-07,129.0,90.0,4.0,8.0,4.0,4.0,"Colaba, Mumbai",31.0,19.2,24.7,52,18.2,10.6,351,1012.2,0.0
2025-01-08,126.0,95.0,4.0,8.0,4.0,3.0,"Colaba, Mumbai",30.3,20.5,25.3,54,14.5,9.1,357,1011.7,0.0
2025-01-09,120.0,112.0,4.0,8.0,4.0,4.0,"Colaba, Mumbai",31.8,21.3,25.8,47,13.1,8.9,14,1012.2,0.0
2025-01-10,146.0,80.0,4.0,8.0,4.0,4.0,"Colaba, Mumbai",30.7,21.0,25.4,52,12.4,6.9,347,1013.5,0.0
2025-01-11,124.0,79.0,4.0,8.0,4.0,4.0,"Colaba, Mumbai",28.6,21.3,24.4,62,17.2,9.1,335,1013.9,0.0
2025-01-12,124.0,88.0,4.0,9.0,4.0,4.0,"Colaba, Mumbai",29.9,21.2,24.6,59,17.7,11.1,344,1013.8,0.0
2025-01-13,133.0,97.0,4.0,10.0,4.0,4.0,"Colaba, Mumbai",32.7,22.1,26.2,56,17.0,9.8,6,1011.7,0.0
2025-01-14,145.0,84.0,4.0,9.0,4.0,4.0,"Colaba, Mumbai",32.0,22.0,26.3,59,14.2,8.1,350,1012.1,0.0
2025-01-15,149.0,71.0,4.0,9.0,4.0,4.0,"Colaba, Mumbai",29.8,22.4,25.3,67,18.6,8.1,334,1013.5,0.0
2025-01-16,135.0,93.0,4.0,9.0,4.0,4.0,"Colaba, Mumbai",29.6,20.8,24.8,65,19.1,12.1,342,1014.0,0.0
2025-01-17,100.0,94.0,4.0,9.0,4.0,4.0,"Colaba, Mumbai",32.8,23.1,26.6,59,18.0,10.3,353,1012.1,0.0
2025-01-18,87.0,79.0,4.0,9.0,4.0,4.0,"Colaba, Mumbai",34.0,23.0,27.4,48,16.7,9.5,28,1011.6,0.0
2025-01-19,98.0,63.0,4.0,9.0,4.0,4.0,"Colaba, Mumbai",32.7,22.1,26.7,47,17.0,9.0,355,1012.5,0.0
2025-01-20,92.0,84.0,4.0,9.0,4.0,4.0,"Colaba, Mumbai",32.5,21.8,26.7,45,15.7,8.0,339,1011.9,0.0
2025-01-21,96.0,99.0,4.0,9.0,4.0,4.0,"Colaba, Mumbai",30.9,21.9,26.0,51,14.5,7.5,327,1010.9,0.0
2025-01-22,103.0,58.0,4.0,8.0,4.0,4.0,"Colaba, Mumbai",31.1,21.4,25.9,52,17.7,8.6,334,1010.6,0.0
2025-01-23,70.0,60.0,4.0,8.0,4.0,4.0,"Colaba, Mumbai",30.5,22.3,25.6,49,19.8,13.5,343,1010.9,0.0
2025-01-24,78.0,68.0,4.0,9.0,4.0,4.0,"Colaba, Mumbai",31.2,21.3,26.1,48,12.4,8.5,339,1009.9,0.0
2025-01-25,99.0,71.0,4.0,10.0,4.0,4.0,"Colaba, Mumbai",32.3,22.6,27.0,56,12.6,6.7,325,1010.7,0.0
2025-01-26,110.0,58.0,4.0,9.0,4.0,4.0,"Colaba, Mumbai",32.6,22.7,27.2,58,14.8,7.8,329,1010.6,0.0
2025-01-27,99.0,55.0,4.0,8.0,4.0,4.0,"Colaba, Mumbai",31.9,22.4,26.8,55,16.1,8.4,325,1009.9,0.0
2025-01-28,77.0,48.0,4.0,8.0,4.0,3.0,"Colaba, Mumbai",30.2,22.0,25.7,55,13.4,6.5,312,1010.2,0.0
2025-01-29,68.0,55.0,4.0,8.0,4.0,3.0,"Colaba, Mumbai",30.4,21.0,25.1,56,15.3,7.8,325,1012.0,0.0
2025-01-30,85.0,38.0,4.0,7.0,4.0,3.0,"Colaba, Mumbai",30.6,21.0,25.6,51,13.4,8.0,327,1010.8,0.0
2025-01-31,37.0,45.0,4.0,7.0,4.0,3.0,"Colaba, Mumbai",29.1,21.3,24.8,58,15.7,9.5,327,1010.8,0.0
2025-02-01,52.0,90.0,4.0,8.0,4.0,4.0,"Colaba, Mumbai",28.8,20.6,24.1,56,17.7,9.4,339,1011.7,0.0
2025-02-02,60.0,80.0,4.0,9.0,4.0,4.0,"Colaba, Mumbai",30.7,21.1,25.3,44,16.2,10.3,336,1011.5,0.0
2025-02-03,60.0,120.0,4.0,8.0,4.0,4.0,"Colaba, Mumbai",28.9,21.4,25.0,50,19.9,10.0,328,1011.9,0.0
2025-02-04,50.0,69.0,4.0,8.0,4.0,4.0,"Colaba, Mumbai",29.5,21.0,25.0,51,17.7,10.6,332,1012.9,0.0
2025-02-05,54.0,63.0,4.0,9.0,4.0,4.0,"Colaba, Mumbai",31.4,21.5,25.3,37,21.6,14.0,343,1011.8,0.0
2025-02-06,69.0,74.0,4.0,10.0,4.0,4.0,"Colaba, Mumbai",31.4,20.3,25.8,42,15.4,9.2,333,1010.6,0.0
2025-02-07,91.0,81.0,4.0,10.0,4.0,5.0,"Colaba, Mumbai",32.9,22.6,27.2,54,12.9,6.1,316,1011.6,0.0
2025-02-08,105.0,69.0,4.0,9.0,4.0,4.0,"Colaba, Mumbai",32.3,22.4,27.1,58,15.8,7.3,324,1011.7,0.0
2025-02-09,83.0,63.0,4.0,9.0,4.0,4.0,"Colaba, Mumbai",32.3,23.4,27.7,47,17.9,9.8,327,1011.2,0.0
2025-02-10,67.0,57.0,4.0,9.0,4.0,4.0,"Colaba, Mumbai",33.0,23.9,27.6,44,18.0,11.2,328,1012.5,0.0
2025-02-11,67.0,218.0,4.0,8.0,4.0,4.0,"Colaba, Mumbai",32.2,22.3,26.4,46,18.5,10.3,332,1013.3,0.0
2025-02-12,62.0,86.0,4.0,9.0,4.0,4.0,"Colaba, Mumbai",33.1,21.1,26.2,47,17.8,11.3,341,1013.3,0.0
2025-02-13,78.0,70.0,4.0,10.0,4.0,4.0,"Colaba, Mumbai",34.2,22.0,27.6,39,18.3,11.7,344,1012.4,0.0
2025-02-14,69.0,56.0,4.0,8.0,4.0,4.0,"Colaba, Mumbai",33.9,23.4,28.6,34,23.6,12.8,346,1011.9,0.0
2025-02-15,57.0,61.0,4.0,9.0,4.0,4.0,"Colaba, Mumbai",34.1,23.1,28.8,30,20.9,10.6,343,1011.2,0.0
2025-02-16,60.0,56.0,4.0,8.0,4.0,4.0,"Colaba, Mumbai",34.6,22.5,27.8,34,19.0,10.2,333,1011.8,0.0
2025-02-17,50.0,61.0,4.0,8.0,4.0,4.0,"Colaba, Mumbai",33.7,21.7,27.3,43,19.8,10.4,334,1012.5,0.0
2025-02-18,57.0,49.0,4.0,9.0,4.0,4.0,"Colaba, Mumbai",34.2,23.7,28.3,38,20.8,11.3,340,1012.3,0.0
2025-02-19,59.0,53.0,4.0,9.0,4.0,4.0,"Colaba, Mumbai",33.1,23.8,28.3,37,19.7,11.5,334,1011.4,0.0
2025-02-20,61.0,55.0,4.0,9.0,4.0,4.0,"Colaba, Mumbai",34.5,23.1,28.5,38,21.7,12.8,341,1011.7,0.0
2025-02-21,54.0,51.0,4.0,9.0,4.0,4.0,"Colaba, Mumbai",36.0,24.9,30.0,32,19.2,13.9,360,1012.7,0.0
2025-02-22,58.0,56.0,4.0,9.0,4.0,4.0,"Colaba, Mumbai",34.1,25.1,29.3,35,21.3,12.0,342,1013.1,0.0
2025-02-23,65.0,49.0,4.0,9.0,4.0,4.0,"Colaba, Mumbai",34.7,23.8,29.4,35,17.6,10.2,342,1013.3,0.0
2025-02-24,58.0,57.0,4.0,10.0,4.0,4.0,"Colaba, Mumbai",35.9,25.0,29.7,34,17.4,11.0,342,1013.2,0.0
2025-02-25,67.0,63.0,4.0,10.0,4.0,5.0,"Colaba, Mumbai",36.7,25.1,29.7,35,17.9,8.1,348,1013.8,0.0
2025-02-26,82.0,73.0,4.0,11.0,4.0,5.0,"Colaba, Mumbai",36.5,23.4,28.8,49,18.6,6.5,303,1014.1,0.0
2025-02-27,83.0,78.0,4.0,9.0,4.0,4.0,"Colaba, Mumbai",34.6,24.7,29.0,46,16.8,7.0,292,1012.8,0.0
2025-02-28,68.0,64.0,4.0,8.0,4.0,4.0,"Colaba, Mumbai",33.2,24.3,28.7,53,18.4,8.8,322,1011.5,0.0
2025-03-01,47.0,64.0,4.0,8.0,4.0,4.0,"Colaba, Mumbai",33.3,25.4,29.3,40,18.9,11.9,330,1010.9,0.0
2025-03-02,56.0,56.0,4.0,8.0,4.0,4.0,"Colaba, Mumbai",36.0,25.3,29.6,35,19.8,12.5,335,1010.2,0.0
2025-03-03,59.0,46.0,4.0,8.0,4.0,4.0,"Colaba, Mumbai",36.0,25.0,29.7,38,21.2,13.4,343,1010.5,0.0
2025-03-04,61.0,46.0,4.0,8.0,4.0,4.0,"Colaba, Mumbai",35.8,25.8,29.7,38,22.0,14.5,344,1011.1,0.0
2025-03-05,56.0,42.0,4.0,8.0,4.0,4.0,"Colaba, Mumbai",36.1,24.8,29.8,31,19.6,13.2,341,1010.8,0.0
2025-03-06,52.0,48.0,4.0,10.0,8.0,4.0,"Colaba, Mumbai",34.6,23.5,28.9,25,20.5,10.9,343,1011.5,0.0
2025-03-07,66.0,44.0,4.0,8.0,8.0,4.0,"Colaba, Mumbai",35.4,24.8,29.4,26,20.2,10.5,339,1009.8,0.0
2025-03-08,56.0,49.0,4.0,8.0,8.0,4.0,"Colaba, Mumbai",35.0,24.0,28.9,36,17.0,9.7,321,1008.4,0.0
2025-03-09,43.0,87.0,4.0,9.0,8.0,4.0,"Colaba, Mumbai",35.1,23.1,28.5,50,19.3,7.6,323,1008.5,0.0
2025-03-10,64.0,97.0,4.0,11.0,8.0,4.0,"Colaba, Mumbai",37.6,25.3,30.5,37,19.9,7.3,303,1009.8,0.0
2025-03-11,72.0,91.0,4.0,10.0,8.0,4.0,"Colaba, Mumbai",35.7,25.5,29.9,52,16.9,7.0,288,1010.9,0.0
2025-03-12,71.0,82.0,4.0,9.0,8.0,4.0,"Colaba, Mumbai",35.9,25.6,30.1,51,17.5,6.9,299,1009.8,0.0
2025-03-13,63.0,66.0,4.0,8.0,8.0,4.0,"Colaba, Mumbai",33.3,25.4,29.1,64,15.3,7.8,284,1009.2,0.0
2025-03-14,56.0,53.0,4.0,8.0,4.0,4.0,"Colaba, Mumbai",34.0,24.5,29.1,60,17.1,7.7,302,1009.7,0.0
2025-03-15,34.0,61.0,4.0,8.0,4.0,3.6666666666666665,"Colaba, Mumbai",34.4,25.2,29.3,54,18.7,10.0,323,1010.4,0.0
2025-03-16,39.0,67.0,4.0,8.0,4.0,3.333333333333333,"Colaba, Mumbai",33.0,25.7,29.2,52,18.1,10.7,329,1010.9,0.0
2025-03-17,46.0,59.0,4.0,7.0,4.0,3.0,"Colaba, Mumbai",33.1,25.3,28.8,57,19.6,10.8,327,1010.9,0.0
2025-03-18,30.0,61.5,4.0,8.0,4.0,3.0,"Colaba, Mumbai",32.8,23.9,28.0,64,19.2,9.3,318,1010.3,0.0
2025-03-19,41.0,82.0,5.0,8.0,4.0,4.0,"Colaba, Mumbai",31.6,23.9,27.8,63,19.1,9.9,319,1011.5,0.0
2025-03-20,42.0,102.5,5.0,7.0,4.0,3.0,"Colaba, Mumbai",34.6,24.1,29.3,43,20.5,10.6,331,1012.8,0.0
2025-03-21,32.0,123.0,4.0,9.0,4.0,4.0,"Colaba, Mumbai",32.4,25.5,28.2,57,20.9,12.5,325,1013.5,0.0
2025-03-22,41.0,71.0,4.0,9.0,4.0,4.0,"Colaba, Mumbai",32.3,23.0,27.5,65,19.5,8.1,318,1012.4,0.0
2025-03-23,47.0,62.0,4.0,9.0,4.0,4.0,"Colaba, Mumbai",32.9,24.0,28.3,70,17.8,6.7,279,1011.9,0.0
2025-03-24,56.0,57.0,4.0,9.0,4.0,4.0,"Colaba, Mumbai",32.0,24.8,28.2,76,21.0,8.2,281,1011.8,0.0
2025-03-25,57.0,43.0,4.0,9.0,4.0,4.0,"Colaba, Mumbai",32.7,24.7,28.6,67,19.2,8.9,302,1009.1,0.0
2025-03-26,39.0,35.0,5.0,8.0,4.0,4.0,"Colaba, Mumbai",31.2,24.5,27.7,74,17.4,8.3,294,1008.6,0.0
2025-03-27,22.0,49.0,4.0,9.0,4.0,4.0,"Colaba, Mumbai",30.5,24.4,27.3,75,18.8,8.8,313,1009.7,0.0
2025-03-28,34.0,61.0,4.0,10.0,4.0,4.0,"Colaba, Mumbai",32.0,24.1,28.6,61,20.1,10.9,330,1008.4,0.0
2025-03-29,52.0,65.0,4.0,9.0,4.0,4.0,"Colaba, Mumbai",35.6,27.0,30.9,31,19.3,11.0,329,1006.9,0.0
2025-03-30,47.0,65.0,4.0,9.0,4.0,4.0,"Colaba, Mumbai",36.3,27.2,31.4,42,21.9,10.4,313,1007.3,0.0
2025-03-31,45.0,55.0,4.0,9.0,4.0,4.0,"Colaba, Mumbai",36.6,26.0,31.0,48,19.2,9.1,307,1007.6,0.0
2025-04-01,45.0,63.0,4.0,10.0,4.0,4.0,"Colaba, Mumbai",38.4,26.2,31.7,44,17.6,9.1,323,1006.8,0.0
2025-04-02,60.0,53.0,4.0,9.0,4.0,4.0,"Colaba, Mumbai",36.1,28.2,31.4,44,16.4,7.1,243,1007.4,0.0
2025-04-03,48.0,57.0,4.0,9.0,4.0,4.0,"Colaba, Mumbai",31.4,27.3,29.1,77,14.1,8.7,220,1010.7,0.8
2025-04-04,43.0,58.0,4.0,10.0,4.0,4.0,"Colaba, Mumbai",32.2,26.3,29.0,77,17.3,8.9,288,1011.8,1.1
2025-04-05,50.0,46.0,4.0,9.0,4.0,4.0,"Colaba, Mumbai",35.0,25.1,29.8,63,21.6,9.8,316,1009.7,0.0
2025-04-06,37.0,65.0,4.0,9.0,4.0,4.0,"Colaba, Mumbai",33.9,25.3,29.6,64,19.1,7.0,269,1008.7,0.0
2025-04-07,71.0,49.0,4.0,9.0,4.0,4.0,"Colaba, Mumbai",35.5,25.1,30.3,62,21.7,9.4,306,1008.3,0.0
2025-04-08,43.0,52.0,4.0,9.0,4.0,4.0,"Colaba, Mumbai",36.5,26.4,31.1,49,25.0,8.7,316,1008.9,0.0
2025-04-09,43.0,41.0,4.0,9.0,4.0,4.0,"Colaba, Mumbai",33.7,26.0,30.2,60,18.5,9.2,255,1008.5,0.0
2025-04-10,27.0,37.0,4.0,9.0,4.0,4.0,"Colaba, Mumbai",32.4,26.8,29.4,76,14.2,10.9,203,1007.3,0.0
2025-04-11,20.0,36.0,4.0,9.0,4.0,4.0,"Colaba, Mumbai",31.8,26.0,28.8,76,17.8,11.6,212,1007.2,0.0
2025-04-12,22.0,39.0,4.0,9.0,4.0,4.0,"Colaba, Mumbai",31.6,25.6,28.7,77,16.3,8.3,226,1008.9,0.1
2025-04-13,23.0,40.0,4.0,9.0,4.0,4.0,"Colaba, Mumbai",32.1,25.6,28.8,75,18.6,9.2,301,1010.1,0.0
2025-04-14,19.0,49.0,4.0,9.0,4.0,4.0,"Colaba, Mumbai",36.1,25.0,30.2,62,21.7,11.8,326,1008.7,0.0
2025-04-15,26.0,45.0,4.0,9.0,4.0,4.0,"Colaba, Mumbai",34.6,26.0,30.1,62,20.0,10.2,314,1008.1,0.0
2025-04-16,91.0,36.0,4.0,9.0,4.0,4.0,"Colaba, Mumbai",32.4,25.8,29.1,75,18.1,8.9,279,1008.2,0.0
2025-04-17,91.0,31.0,4.0,9.0,4.0,4.0,"Colaba, Mumbai",31.4,25.8,28.6,79,17.6,8.7,265,1008.1,0.1
2025-04-18,91.0,34.0,4.0,9.0,4.0,4.0,"Colaba, Mumbai",31.5,26.1,28.8,77,17.2,8.9,258,1007.6,0.0
2025-04-19,91.0,49.0,4.0,9.0,4.0,4.0,"Colaba, Mumbai",31.8,26.4,29.1,76,18.2,10.2,252,1008.0,0.0
2025-04-20,91.0,52.0,4.0,9.0,4.0,4.0,"Colaba, Mumbai",32.1,25.8,29.1,72,17.1,9.6,280,1008.2,0.0
2025-04-21,91.0,53.36842105263158,4.0,9.0,4.0,4.0,"Colaba, Mumbai",32.2,26.2,29.2,74,18.2,9.9,302,1009.6,0.0
2025-04-22,91.0,54.73684210526316,4.0,9.0,4.0,4.0,"Colaba, Mumbai",33.5,25.9,29.8,70,19.6,8.9,302,1009.7,0.0
2025-04-23,91.0,56.10526315789474,4.0,9.0,4.0,4.0,"Colaba, Mumbai",33.9,26.8,30.2,72,21.3,8.9,257,1008.2,0.0
2025-04-24,91.0,58.0,4.0,9.0,4.0,4.0,"Colaba, Mumbai",32.6,26.9,29.5,75,16.1,9.7,242,1007.5,0.0
2025-04-25,91.0,58.0,4.0,9.0,4.0,4.0,"Colaba, Mumbai",33.1,26.7,29.6,72,16.8,8.5,279,1008.0,0.0
2025-04-26,91.0,58.0,4.0,9.0,4.0,4.0,"Colaba, Mumbai",32.7,26.6,29.4,72,17.8,7.8,273,1007.8,0.0
2025-04-27,91.0,58.0,4.0,9.0,4.0,4.0,"Colaba, Mumbai",32.3,26.2,29.2,76,18.0,8.8,286,1008.1,0.0
2025-04-28,91.0,58.0,4.0,9.0,4.0,4.0,"Colaba, Mumbai",32.1,26.6,29.2,76,17.8,9.8,246,1007.3,0.0
2025-04-29,91.0,58.0,4.0,9.0,4.0,4.0,"Colaba, Mumbai",32.0,26.6,29.2,77,16.2,8.8,236,1006.8,0.0
2025-04-30,91.0,58.0,4.0,9.0,4.0,4.0,"Colaba, Mumbai",32.2,26.5,29.5,76,17.5,9.4,261,1007.8,0.2
2025-05-01,74.5,53.0,4.0,9.0,4.0,4.0,"Colaba, Mumbai",32.7,26.1,29.6,76,22.4,8.1,276,1008.2,0.0
2025-05-02,74.5,53.0,4.0,9.0,4.0,4.0,"Colaba, Mumbai",33.4,26.0,29.8,72,16.6,8.9,275,1008.3,0.0
2025-05-03,74.5,53.0,4.0,9.0,4.0,4.0,"Colaba, Mumbai",32.4,26.5,29.7,69,18.2,9.8,235,1008.2,0.0
2025-05-04,74.5,53.0,4.0,9.0,4.0,4.0,"Colaba, Mumbai",32.6,27.2,30.0,68,16.7,9.5,254,1007.8,0.0
2025-05-05,74.5,53.0,4.0,9.0,4.0,4.0,"Colaba, Mumbai",32.4,27.9,30.1,71,16.3,9.4,248,1007.4,0.0
2025-05-06,74.5,53.0,4.0,9.0,4.0,4.0,"Colaba, Mumbai",32.2,23.6,28.8,73,18.8,9.7,252,1008.4,3.3
2025-05-07,74.5,53.0,4.0,9.0,4.0,4.0,"Colaba, Mumbai",31.8,25.3,27.9,74,18.4,10.7,220,1007.5,2.2
2025-05-08,74.5,53.0,4.0,9.0,4.0,4.0,"Colaba, Mumbai",29.1,22.7,26.7,80,16.8,11.2,208,1007.4,11.0
2025-05-09,74.5,53.0,4.0,9.0,4.0,4.0,"Colaba, Mumbai",28.7,25.3,27.2,81,17.6,12.0,200,1008.3,1.6
2025-05-10,68.58333333333333,53.0,4.0,9.0,4.0,4.0,"Colaba, Mumbai",30.5,25.2,28.3,79,14.1,7.7,225,1008.2,0.1
2025-05-11,62.66666666666667,53.0,4.0,9.0,4.0,4.0,"Colaba, Mumbai",32.1,26.1,29.2,75,13.4,6.4,253,1007.5,0.4
2025-05-12,56.75,53.0,4.0,9.0,4.0,4.0,"Colaba, Mumbai",33.0,27.4,30.3,70,14.6,7.7,258,1006.5,0.3
2025-05-13,72.75,53.0,4.0,9.0,4.0,4.0,"Colaba, Mumbai",33.2,28.1,30.7,68,14.4,6.7,293,1006.6,0.3
2025-05-14,72.75,53.0,4.0,9.0,4.0,4.0,"Colaba, Mumbai",32.8,25.4,30.0,71,14.1,8.0,297,1007.1,1.7
2025-05-15,39.0,53.0,4.0,9.0,4.0,4.0,"Colaba, Mumbai",32.9,28.0,30.5,71,15.7,7.6,284,1007.1,1.7
2025-05-16,14.0,53.0,4.0,9.0,4.0,4.0,"Colaba, Mumbai",33.0,29.0,30.8,66,15.1,8.4,240,1006.9,0.5
2025-05-17,16.0,53.0,4.0,9.0,4.0,4.0,"Colaba, Mumbai",32.1,28.5,30.5,68,15.5,8.6,232,1006.6,1.8
2025-05-18,12.0,53.0,4.0,9.0,4.0,4.0,"Colaba, Mumbai",33.8,28.9,31.1,62,16.0,7.7,257,1005.8,0.2
2025-05-19,16.0,53.0,4.0,9.0,4.0,4.0,"Colaba, Mumbai",31.9,29.0,30.4,69,17.6,8.4,303,1004.8,0.5
2025-05-20,17.0,53.0,4.0,9.0,4.0,4.0,"Colaba, Mumbai",33.9,28.7,30.5,74,13.6,7.2,310,1004.1,4.3
2025-05-21,17.0,53.0,4.0,9.0,4.0,4.0,"Colaba, Mumbai",31.6,26.8,29.1,83,14.3,6.7,325,1003.3,2.2
2025-05-22,22.0,53.0,4.0,9.0,4.0,4.0,"Colaba, Mumbai",31.6,26.3,28.8,80,20.9,9.1,324,1002.0,5.0
2025-05-23,42.0,53.0,4.0,10.0,4.0,4.0,"Colaba, Mumbai",32.3,26.4,28.8,85,14.3,5.4,330,999.5,3.1
2025-05-24,44.0,53.0,4.0,9.0,4.0,4.0,"Colaba, Mumbai",32.2,26.5,29.0,84,15.9,8.8,341,999.3,4.8
2025-05-25,46.0,53.0,4.0,9.0,4.0,4.0,"Colaba, Mumbai",28.4,24.1,26.6,90,13.0,5.7,333,1001.8,20.8
2025-05-26,84.0,53.0,4.0,11.5,4.0,5.0,"Colaba, Mumbai",27.9,24.9,26.3,92,25.0,10.8,356,1002.0,61.3
2025-05-27,69.5,53.0,4.0,14.0,4.0,6.0,"Colaba, Mumbai",29.9,25.8,27.4,88,13.7,5.8,228,1001.9,8.8
2025-05-28,55.0,104.0,4.0,13.0,4.0,6.0,"Colaba, Mumbai",28.3,26.0,27.0,90,14.5,8.6,211,1002.3,14.0
2025-05-29,66.0,102.0,4.0,11.0,4.0,5.0,"Colaba, Mumbai",31.2,26.8,29.0,85,19.9,11.3,250,1000.8,5.9
2025-05-30,102.0,35.0,4.0,11.0,4.0,5.0,"Colaba, Mumbai",31.4,28.3,29.7,78,21.5,18.2,250,1002.1,1.2
2025-05-31,57.0,105.0,4.0,11.0,4.0,5.0,"Colaba, Mumbai",31.0,27.6,29.3,79,22.0,17.4,232,1005.5,4.2
2025-06-01,80.0,212.0,4.0,11.0,4.0,5.0,"Colaba, Mumbai",29.2,26.1,27.4,85,22.1,16.5,202,1006.0,7.3
2025-06-02,150.0,70.0,4.0,11.0,4.0,5.0,"Colaba, Mumbai",30.5,25.8,27.8,83,22.3,16.7,203,1005.0,8.7
2025-06-03,85.0,34.0,4.0,11.0,4.0,5.0,"Colaba, Mumbai",30.3,25.7,27.5,84,23.1,17.2,196,1005.3,11.0
2025-06-04,56.0,63.0,4.0,12.0,4.0,5.0,"Colaba, Mumbai",28.8,24.7,27.0,84,18.3,11.1,181,1006.5,3.7
2025-06-05,96.0,40.0,4.0,11.0,4.0,5.0,"Colaba, Mumbai",29.8,25.3,27.9,83,12.0,6.6,192,1008.5,0.4
2025-06-06,72.0,36.0,4.0,11.0,4.0,5.0,"Colaba, Mumbai",30.1,26.7,28.3,84,11.0,5.1,260,1009.3,4.8
2025-06-07,63.5,32.0,4.0,11.0,4.0,5.0,"Colaba, Mumbai",29.4,25.6,27.8,86,11.4,5.4,253,1009.5,9.0
2025-06-08,55.0,58.4,4.0,11.0,4.0,5.0,"Colaba, Mumbai",30.1,26.8,28.6,82,15.6,8.6,276,1008.8,4.4
2025-06-12,113.4,164.0,4.0,11.0,4.0,5.0,"Colaba, Mumbai",31.6,28.8,30.1,77,25.4,17.7,308,1002.2,3.2
2025-06-13,128.0,143.0,4.0,11.0,4.0,5.0,"Colaba, Mumbai",30.1,25.4,28.3,86,20.7,12.3,336,1001.6,33.9
2025-06-14,121.0,237.0,4.0,11.0,4.0,5.0,"Colaba, Mumbai",30.4,25.6,27.6,90,15.7,8.0,331,1000.3,68.9
2025-06-15,156.0,19.0,4.0,11.0,4.0,5.0,"Colaba, Mumbai",29.4,25.5,26.8,92,17.9,9.4,150,997.8,62.6
2025-06-16,31.0,125.0,4.0,10.0,4.0,5.0,"Colaba, Mumbai",27.5,25.7,26.4,91,34.6,26.0,250,998.8,100.7
2025-06-17,124.0,160.0,4.0,10.0,4.0,5.0,"Colaba, Mumbai",29.2,26.0,27.5,85,29.0,24.3,223,1001.7,13.8
2025-06-18,133.0,42.0,4.0,10.0,4.0,5.0,"Colaba, Mumbai",28.6,26.3,27.2,88,32.3,25.1,249,1002.6,97.0
2025-06-19,108.0,86.0,4.0,10.0,4.0,5.0,"Colaba, Mumbai",28.5,24.6,26.7,89,28.5,21.1,249,1003.5,77.3
2025-06-20,73.0,60.0,4.0,10.0,4.0,5.0,"Colaba, Mumbai",29.5,26.2,27.6,84,24.4,20.0,229,1004.9,10.8
2025-06-21,88.0,60.0,4.0,10.0,4.0,5.0,"Colaba, Mumbai",29.4,24.9,27.6,85,22.7,17.5,228,1005.3,12.1
2025-06-22,88.0,129.0,4.0,10.0,4.0,5.0,"Colaba, Mumbai",29.2,25.9,27.6,83,25.0,20.7,234,1004.4,16.4
2025-06-23,102.0,95.5,4.0,10.0,4.0,5.0,"Colaba, Mumbai",28.5,26.0,27.0,86,28.4,22.7,240,1002.9,48.7
2025-06-24,190.0,62.0,4.0,10.0,4.0,5.0,"Colaba, Mumbai",29.2,25.5,27.0,87,27.8,19.9,241,1002.0,31.8
2025-06-25,94.0,56.5,4.0,10.0,4.0,5.0,"Colaba, Mumbai",29.7,26.7,28.4,81,29.0,23.8,244,1001.4,7.4
2025-06-26,165.5,51.0,4.0,10.0,4.0,5.0,"Colaba, Mumbai",28.6,25.7,27.0,87,23.6,18.2,230,1001.8,30.4
2025-06-27,237.0,42.0,4.0,10.0,4.0,5.0,"Colaba, Mumbai",28.3,25.3,27.4,83,26.6,22.2,226,1002.5,13.8
2025-06-28,68.0,31.0,4.0,11.0,4.0,5.0,"Colaba, Mumbai",29.2,25.8,27.6,80,29.7,25.3,229,1003.9,18.5
2025-06-29,60.0,124.0,4.0,11.0,4.0,5.0,"Colaba, Mumbai",28.5,25.3,27.4,83,26.0,21.3,230,1004.2,21.0
2025-06-30,61.0,32.0,4.0,11.0,4.0,5.0,"Colaba, Mumbai",29.5,24.7,27.1,83,26.1,21.3,243,1003.9,27.5
2025-07-01,64.0,32.0,4.0,11.0,4.0,5.0,"Colaba, Mumbai",28.7,24.7,27.0,85,23.5,18.4,244,1004.2,38.9
2025-07-02,56.0,36.0,4.0,11.0,4.0,5.0,"Colaba, Mumbai",28.6,25.4,26.8,87,23.7,19.5,247,1003.5,44.4
2025-07-03,60.0,36.0,4.0,11.0,4.0,5.0,"Colaba, Mumbai",28.3,25.0,26.6,86,25.5,20.4,230,1003.6,23.1
2025-07-04,64.0,39.0,4.0,11.0,4.0,5.0,"Colaba, Mumbai",28.2,25.4,26.9,84,26.3,22.5,229,1004.5,17.1
2025-07-05,62.0,42.0,4.0,11.0,4.0,5.0,"Colaba, Mumbai",27.6,26.1,26.8,85,27.2,23.4,241,1004.3,29.9
2025-07-06,61.0,42.0,4.0,11.0,4.0,5.0,"Colaba, Mumbai",28.1,25.5,26.7,86,31.8,22.9,241,1003.7,26.1
2025-07-07,64.0,42.0,4.0,11.0,4.0,5.0,"Colaba, Mumbai",28.7,26.0,27.2,84,25.2,21.2,243,1004.1,8.8
2025-07-08,63.0,45.0,4.0,11.0,4.0,5.0,"Colaba, Mumbai",28.4,26.9,27.8,82,25.8,22.2,244,1004.7,1.3
2025-07-09,64.0,44.0,4.0,11.0,4.0,5.0,"Colaba, Mumbai",27.7,25.4,26.9,86,22.8,16.1,245,1005.1,9.1
2025-07-10,64.0,45.0,4.0,11.0,4.0,5.0,"Colaba, Mumbai",28.8,25.3,27.1,84,17.2,11.9,234,1005.3,8.0
2025-07-11,58.0,39.0,4.0,11.0,4.0,5.0,"Colaba, Mumbai",28.1,25.4,26.9,86,16.2,11.7,234,1005.5,6.2
2025-07-12,53.0,35.0,4.0,11.0,4.0,5.0,"Colaba, Mumbai",29.2,25.3,27.2,85,18.9,13.0,250,1006.0,4.4
2025-07-13,53.0,21.0,4.0,11.0,4.0,5.0,"Colaba, Mumbai",28.3,25.6,26.8,85,17.8,13.5,242,1005.7,13.3
2025-07-14,37.0,37.0,4.0,11.0,4.0,5.0,"Colaba, Mumbai",27.3,25.2,26.4,89,25.6,18.1,242,1004.2,52.2
2025-07-15,54.0,43.0,4.0,11.0,4.0,5.0,"Colaba, Mumbai",27.5,25.6,26.6,87,17.4,13.6,249,1003.8,17.9
2025-07-16,67.0,43.0,4.0,11.0,4.0,5.0,"Colaba, Mumbai",29.2,26.0,27.5,84,18.1,13.3,260,1004.1,11.1
2025-07-17,61.0,50.0,5.0,9.0,4.0,4.0,"Colaba, Mumbai",29.0,25.9,27.5,85,12.4,8.9,245,1004.8,3.5
2025-07-18,60.0,61.0,4.0,8.0,4.0,3.0,"Colaba, Mumbai",29.2,26.0,27.7,83,13.4,9.9,253,1005.1,2.3
2025-07-19,66.0,50.0,4.0,8.0,4.0,3.0,"Colaba, Mumbai",28.1,25.2,27.1,85,15.9,10.6,238,1003.1,4.2
2025-07-20,47.0,60.0,5.0,8.0,4.0,3.0,"Colaba, Mumbai",27.8,25.1,26.5,87,16.4,13.0,226,1002.3,12.4
2025-07-21,48.0,57.0,4.0,8.0,4.0,3.0,"Colaba, Mumbai",27.7,25.8,26.5,89,14.5,11.3,232,1003.5,25.6
2025-07-22,85.0,41.0,4.0,8.0,4.0,3.0,"Colaba, Mumbai",27.8,25.7,26.6,88,18.0,11.6,252,1004.2,24.7
2025-07-23,50.0,52.0,4.0,8.0,4.0,3.0,"Colaba, Mumbai",27.7,25.2,26.5,86,20.0,15.0,251,1003.1,20.0
2025-07-24,51.0,56.0,4.0,8.0,4.0,3.0,"Colaba, Mumbai",27.1,25.3,26.3,87,21.5,17.0,238,1001.7,17.8
2025-07-25,47.0,58.0,5.0,7.0,4.0,3.0,"Colaba, Mumbai",27.5,26.1,26.6,88,24.6,20.6,249,1001.2,38.3
2025-07-26,60.0,62.0,4.0,7.0,4.0,3.0,"Colaba, Mumbai",27.6,25.3,26.5,86,25.4,22.9,257,1002.3,25.0
2025-07-27,61.0,61.0,4.0,7.0,4.0,3.0,"Colaba, Mumbai",28.3,25.2,26.9,83,31.0,27.1,250,1003.6,13.0
2025-07-28,61.0,59.0,4.0,7.0,4.0,3.0,"Colaba, Mumbai",28.2,26.0,26.9,82,29.9,26.9,249,1004.8,8.2
2025-07-29,54.0,69.0,4.0,8.0,4.0,3.0,"Colaba, Mumbai",27.9,26.1,26.7,84,29.6,26.4,254,1005.3,8.0
2025-07-30,64.0,68.0,4.0,7.0,4.0,3.0,"Colaba, Mumbai",27.5,25.9,26.7,85,28.4,23.6,248,1004.9,8.1
2025-07-31,66.0,63.0,4.0,7.0,4.0,3.0,"Colaba, Mumbai",27.6,26.1,26.9,84,24.8,22.1,238,1005.5,3.8
2025-08-01,63.0,50.0,5.0,7.0,4.0,3.0,"Colaba, Mumbai",28.4,25.8,27.1,82,22.4,17.4,242,1006.2,2.9
2025-08-02,61.0,49.0,5.0,7.0,4.0,3.0,"Colaba, Mumbai",28.0,25.4,26.6,86,16.9,12.2,246,1006.4,6.4
2025-08-03,51.0,56.0,4.0,8.0,4.0,3.0,"Colaba, Mumbai",27.9,25.2,26.6,85,13.9,9.8,227,1007.2,3.9
2025-08-04,57.0,52.0,4.0,8.0,4.0,3.0,"Colaba, Mumbai",28.7,25.1,27.0,84,14.3,8.7,249,1008.3,3.9
2025-08-05,57.0,50.0,4.0,8.0,4.0,3.0,"Colaba, Mumbai",28.7,25.6,27.1,83,16.2,8.3,266,1007.8,4.5
2025-08-06,52.0,42.0,4.0,8.0,4.0,3.0,"Colaba, Mumbai",29.2,25.7,27.4,83,15.6,7.7,294,1007.4,1.3
2025-08-07,59.0,46.0,4.0,8.0,4.0,3.0,"Colaba, Mumbai",28.1,26.0,27.1,86,13.4,6.2,291,1007.2,1.7
2025-08-08,65.0,51.0,4.0,8.0,4.0,3.0,"Colaba, Mumbai",28.1,26.1,26.9,86,9.2,4.6,272,1007.9,3.1
2025-08-09,78.0,44.0,4.0,8.0,4.0,3.0,"Colaba, Mumbai",28.3,25.1,26.8,86,10.3,5.6,239,1009.4,0.9
2025-08-10,60.0,43.0,4.0,8.0,4.0,3.0,"Colaba, Mumbai",28.1,25.4,26.7,84,14.0,6.5,235,1008.6,4.4
2025-08-11,65.0,34.0,4.0,7.0,4.0,3.0,"Colaba, Mumbai",28.2,25.4,26.8,83,16.6,9.5,248,1008.4,6.4
2025-08-12,53.0,60.0,4.0,8.0,4.0,3.5,"Colaba, Mumbai",28.5,25.2,26.8,83,18.2,10.3,257,1007.1,6.2
2025-08-13,50.0,41.0,5.0,9.0,4.0,4.0,"Colaba, Mumbai",27.9,25.3,26.4,86,13.9,9.4,246,1005.1,9.8
2025-08-14,198.0,16.0,4.0,8.0,4.0,4.0,"Colaba, Mumbai",27.3,25.3,26.0,89,16.4,10.5,222,1004.4,50.5
2025-08-15,32.0,33.0,4.0,8.0,4.0,4.0,"Colaba, Mumbai",27.3,25.3,26.2,88,17.1,12.8,245,1003.8,49.6
2025-08-16,51.0,21.0,4.0,8.0,4.0,3.0,"Colaba, Mumbai",26.5,24.8,25.7,91,16.7,11.6,245,1002.6,38.7
2025-08-17,42.0,23.0,4.0,8.0,4.0,4.0,"Colaba, Mumbai",27.9,25.4,26.4,87,23.7,15.5,237,1001.4,15.6
2025-08-18,50.0,20.0,4.0,8.0,4.0,4.0,"Colaba, Mumbai",26.7,25.5,25.7,91,27.2,22.4,243,1003.7,117.6
2025-08-19,48.0,20.0,4.0,8.0,4.0,3.0,"Colaba, Mumbai",26.5,25.3,25.8,90,35.5,27.7,251,1002.5,128.8
2025-08-20,61.0,20.0,4.0,8.0,4.0,3.0,"Colaba, Mumbai",26.9,25.1,25.9,88,32.3,27.6,243,1003.8,60.2
2025-08-21,60.0,21.0,5.0,8.0,4.0,3.0,"Colaba, Mumbai",28.0,25.6,26.7,84,28.6,24.2,234,1007.0,29.1
2025-08-22,56.0,18.0,5.0,8.0,4.0,4.0,"Colaba, Mumbai",28.2,25.8,27.0,81,25.1,21.6,240,1007.9,3.9
2025-08-23,58.0,14.0,5.0,8.0,4.0,3.0,"Colaba, Mumbai",28.3,24.9,26.8,80,28.7,23.3,241,1007.1,10.1
2025-08-24,54.0,12.0,4.0,8.0,4.0,3.0,"Colaba, Mumbai",28.5,25.8,26.9,81,26.5,24.0,239,1007.7,4.5
2025-08-25,48.0,16.0,4.0,8.0,4.0,4.0,"Colaba, Mumbai",26.9,25.0,25.8,86,26.0,20.9,243,1007.1,24.0
2025-08-26,54.0,17.0,4.0,8.0,4.0,4.0,"Colaba, Mumbai",27.9,25.0,26.6,85,20.7,16.3,254,1006.7,14.4
2025-08-27,53.0,21.0,4.0,8.0,4.0,4.0,"Colaba, Mumbai",28.3,25.4,26.7,85,14.2,10.0,278,1005.5,7.0
2025-08-28,64.0,14.0,4.0,8.0,4.0,4.0,"Colaba, Mumbai",28.4,25.4,26.7,88,12.4,9.0,281,1004.6,16.6
2025-08-29,52.0,11.0,4.0,8.0,4.0,4.0,"Colaba, Mumbai",28.0,25.7,26.5,87,14.3,9.9,236,1004.5,7.4
2025-08-30,46.0,12.0,4.0,8.0,4.0,3.0,"Colaba, Mumbai",28.1,25.3,26.6,85,13.1,10.3,228,1006.4,3.5
2025-08-31,62.0,12.0,4.0,8.0,4.0,3.0,"Colaba, Mumbai",27.7,25.3,26.5,86,20.9,14.4,247,1006.8,9.5
2025-09-01,57.0,17.0,4.0,8.0,4.0,4.0,"Colaba, Mumbai",28.0,25.4,26.6,84,24.1,19.1,256,1005.3,10.4
2025-09-02,59.0,18.0,4.0,8.0,4.0,3.0,"Colaba, Mumbai",28.2,25.4,26.8,85,17.7,15.7,270,1005.0,4.9
2025-09-03,65.0,13.0,4.0,8.0,4.0,4.0,"Colaba, Mumbai",28.7,24.9,27.0,83,19.6,13.8,280,1005.3,4.0
2025-09-04,63.0,10.0,4.0,8.0,4.0,4.0,"Colaba, Mumbai",26.3,25.2,25.9,87,14.9,11.6,278,1005.7,15.7
2025-09-05,68.0,7.0,4.0,8.0,4.0,4.0,"Colaba, Mumbai",27.4,25.1,26.2,88,17.5,12.8,258,1006.2,15.6
2025-09-06,55.0,9.0,4.0,8.0,4.0,4.0,"Colaba, Mumbai",26.7,25.2,26.0,85,21.9,16.8,238,1007.3,15.8
2025-09-07,82.0,8.0,4.0,8.0,4.0,4.0,"Colaba, Mumbai",28.1,24.9,26.4,84,20.9,16.2,227,1007.6,11.4
2025-09-08,52.0,16.0,4.0,8.0,4.0,4.0,"Colaba, Mumbai",27.5,24.6,26.2,86,19.2,14.1,204,1007.4,5.8
2025-09-09,57.0,17.0,4.0,8.0,4.0,4.0,"Colaba, Mumbai",28.5,24.6,26.5,87,11.2,8.5,196,1009.0,0.7
2025-09-10,68.0,10.0,4.0,8.0,4.0,4.0,"Colaba, Mumbai",29.1,24.7,26.8,85,13.4,6.1,286,1009.7,0.4
2025-09-11,56.0,11.0,4.0,8.0,4.0,4.0,"Colaba, Mumbai",28.5,24.6,26.7,83,12.6,6.0,286,1009.5,1.4
2025-09-12,54.0,8.0,4.0,8.0,4.0,4.0,"Colaba, Mumbai",29.1,25.0,27.1,81,14.0,5.9,311,1009.3,0.4
2025-09-13,61.0,11.0,4.0,8.0,4.0,4.0,"Colaba, Mumbai",28.6,25.2,26.6,87,15.8,7.1,322,1008.9,12.4
2025-09-14,84.0,15.0,4.0,8.0,4.0,4.0,"Colaba, Mumbai",28.9,25.0,26.5,87,16.8,8.3,323,1008.6,16.3
2025-09-15,53.0,39.0,4.0,8.0,4.0,4.0,"Colaba, Mumbai",27.4,25.2,26.1,90,18.7,10.2,305,1008.0,72.3
2025-09-16,53.0,26.0,4.0,8.0,4.0,4.0,"Colaba, Mumbai",27.7,25.3,26.3,89,12.9,6.8,285,1007.8,7.8
2025-09-17,39.0,32.0,4.0,8.0,4.0,4.0,"Colaba, Mumbai",28.0,24.8,26.4,89,11.1,4.6,255,1007.6,15.2
2025-09-18,44.0,32.0,4.0,8.0,4.0,4.0,"Colaba, Mumbai",27.6,24.7,26.2,90,10.1,4.9,274,1007.5,9.9
2025-09-19,47.0,36.0,4.0,8.0,4.0,4.0,"Colaba, Mumbai",28.4,24.9,26.3,89,13.3,7.3,242,1008.5,11.9
2025-09-20,46.0,28.0,4.0,8.0,4.0,4.0,"Colaba, Mumbai",28.7,25.0,26.6,88,13.0,7.2,238,1008.7,14.8
2025-09-21,41.0,36.0,4.0,8.0,4.0,4.0,"Colaba, Mumbai",28.7,25.0,26.4,88,14.6,6.0,276,1008.3,15.4
2025-09-22,50.0,50.0,4.0,8.0,4.0,4.0,"Colaba, Mumbai",28.2,24.5,26.0,90,13.9,6.8,284,1009.1,19.5
2025-09-23,58.89473684210526,46.66666666666666,4.0,8.0,4.0,4.0,"Colaba, Mumbai",28.6,24.8,26.5,85,17.5,6.6,269,1009.5,9.1
2025-09-24,67.78947368421052,43.333333333333336,5.0,8.0,4.0,4.0,"Colaba, Mumbai",28.3,24.6,26.9,81,12.6,7.4,267,1008.0,1.5
2025-09-25,76.6842105263158,40.0,4.0,8.0,4.0,4.0,"Colaba, Mumbai",27.9,24.6,26.4,84,11.0,6.1,253,1007.3,3.4
2025-09-26,50.0,36.0,4.0,8.0,4.0,4.0,"Colaba, Mumbai",29.2,24.5,26.7,86,13.7,4.8,313,1007.3,3.3
2025-09-27,50.0,30.0,4.0,8.0,4.0,4.0,"Colaba, Mumbai",28.4,24.7,26.4,85,17.5,10.9,289,1007.3,17.4
2025-09-28,50.0,41.0,5.0,8.0,4.0,4.0,"Colaba, Mumbai",26.7,25.6,26.1,89,34.8,26.5,273,1003.8,122.1
2025-09-29,50.0,42.0,5.0,8.0,4.0,4.0,"Colaba, Mumbai",28.5,25.5,26.8,78,29.4,22.4,227,1004.3,16.9
2025-09-30,50.0,44.0,4.0,8.0,4.0,4.0,"Colaba, Mumbai",27.4,24.3,25.7,85,23.7,18.7,194,1005.4,9.4
2025-10-01,102.0,38.0,5.0,8.0,4.0,4.0,"Colaba, Mumbai",28.3,24.2,25.8,87,24.3,17.9,185,1005.0,13.2
2025-10-02,102.0,34.0,4.0,8.0,4.0,4.0,"Colaba, Mumbai",27.8,24.4,26.0,87,24.6,16.7,181,1007.0,5.2
2025-10-03,102.0,39.0,4.0,8.0,4.0,4.0,"Colaba, Mumbai",28.5,25.1,26.6,86,18.8,12.8,187,1009.7,4.2
2025-10-04,102.0,48.0,4.0,8.0,4.0,4.0,"Colaba, Mumbai",28.5,25.0,26.7,86,14.4,8.8,200,1011.0,3.7
2025-10-05,102.0,55.0,4.0,8.0,4.0,4.0,"Colaba, Mumbai",27.8,24.7,26.4,85,11.5,7.7,200,1011.1,1.0
2025-10-06,102.0,39.0,4.0,8.0,4.0,4.0,"Colaba, Mumbai",28.1,24.7,26.2,84,13.9,7.7,217,1011.7,2.0
2025-10-07,102.0,55.0,5.0,8.0,4.0,4.0,"Colaba, Mumbai",28.6,24.6,26.3,86,13.3,5.8,249,1011.7,1.7
2025-10-08,102.0,68.0,4.0,9.0,4.0,4.0,"Colaba, Mumbai",29.4,24.9,27.0,84,14.8,7.0,333,1011.4,0.2
2025-10-09,102.0,84.0,4.0,9.0,4.0,4.0,"Colaba, Mumbai",31.0,25.2,27.9,78,12.1,7.2,349,1011.5,0.0
2025-10-10,102.0,133.0,4.0,9.0,4.0,4.0,"Colaba, Mumbai",32.7,24.7,28.2,66,12.3,7.8,359,1010.1,0.0
2025-10-11,219.0,79.0,4.0,9.0,4.0,4.0,"Colaba, Mumbai",33.5,25.0,28.8,62,14.5,7.1,343,1009.8,0.1
2025-10-12,158.0,71.0,4.0,9.0,4.0,4.0,"Colaba, Mumbai",34.4,25.1,29.3,59,14.5,7.4,341,1009.4,0.1
2025-10-13,156.0,75.0,4.0,9.0,4.0,4.0,"Colaba, Mumbai",33.8,25.3,29.4,56,14.6,7.8,337,1009.8,0.0
2025-10-14,153.0,73.0,4.0,9.0,4.0,4.0,"Colaba, Mumbai",34.4,24.8,29.3,56,15.0,8.2,341,1008.0,0.0
2025-10-15,155.0,61.0,4.0,9.0,4.0,4.0,"Colaba, Mumbai",34.0,25.1,28.8,61,15.1,4.9,65,1007.4,1.3
2025-10-16,126.0,120.0,4.0,9.0,4.0,4.0,"Colaba, Mumbai",34.4,26.4,29.2,73,13.0,6.0,66,1007.9,9.8
2025-10-17,154.0,93.0,4.0,9.0,4.0,4.0,"Colaba, Mumbai",34.9,26.1,30.3,66,14.2,8.3,16,1008.9,0.0
2025-10-18,162.0,79.0,4.0,9.0,4.0,4.0,"Colaba, Mumbai",34.4,26.6,30.3,62,13.1,6.6,16,1008.8,0.3
2025-10-19,155.0,92.0,4.0,9.0,4.0,4.0,"Colaba, Mumbai",35.0,26.7,30.3,62,13.5,7.7,1,1007.5,0.4
2025-10-20,144.0,104.0,4.0,9.0,4.0,4.0,"Colaba, Mumbai",34.7,26.5,30.3,61,16.5,8.7,8,1006.8,0.1
2025-10-21,138.0,70.0,4.0,9.0,4.0,4.0,"Colaba, Mumbai",33.9,26.1,29.5,63,13.6,7.5,43,1008.0,7.5
2025-10-22,87.0,65.0,3.0,9.0,4.0,4.0,"Colaba, Mumbai",33.3,26.2,29.4,72,13.7,6.8,43,1008.4,1.0
2025-10-23,87.0,34.0,4.0,9.0,4.0,4.0,"Colaba, Mumbai",35.0,26.9,30.5,67,15.4,8.2,46,1007.1,3.5
2025-10-24,63.0,30.0,4.0,9.0,4.0,4.0,"Colaba, Mumbai",33.3,27.2,29.5,72,18.3,8.0,139,1007.0,5.8
2025-10-25,62.0,54.0,4.0,9.0,4.0,4.0,"Colaba, Mumbai",29.8,25.5,27.3,83,16.6,9.4,138,1006.7,16.5
2025-10-26,93.0,101.0,4.0,9.0,4.0,4.0,"Colaba, Mumbai",27.0,24.3,25.5,91,19.4,10.8,130,1006.7,40.6
2025-10-27,140.0,78.0,4.0,9.0,4.0,4.0,"Colaba, Mumbai",30.3,24.2,26.3,86,24.9,13.8,155,1006.5,11.3
2025-10-28,124.0,45.0,4.0,9.0,4.0,4.0,"Colaba, Mumbai",31.6,25.5,27.7,77,20.5,15.3,150,1005.7,0.2
2025-10-29,74.0,40.0,4.0,9.0,4.0,4.0,"Colaba, Mumbai",30.8,26.1,27.5,79,24.2,12.2,161,1005.1,0.0
2025-10-30,63.0,35.0,4.0,9.0,4.0,4.0,"Colaba, Mumbai",28.7,24.8,26.7,82,23.7,15.9,162,1006.9,13.6
2025-10-31,56.0,30.0,4.0,9.0,4.0,4.0,"Colaba, Mumbai",29.2,24.8,26.8,83,26.6,19.3,164,1008.3,11.1
2025-11-01,48.0,28.0,4.0,9.0,4.0,4.0,"Colaba, Mumbai",28.3,25.1,26.6,88,21.3,15.8,173,1010.3,4.9
2025-11-02,42.0,32.0,4.0,9.0,4.0,4.0,"Colaba, Mumbai",27.6,25.4,26.3,88,18.9,13.2,186,1012.4,5.4
2025-11-03,48.0,28.0,4.0,9.0,4.0,4.0,"Colaba, Mumbai",28.4,24.0,26.2,88,13.6,8.4,203,1012.4,2.2
2025-11-04,42.0,30.0,4.0,9.0,4.0,4.0,"Colaba, Mumbai",28.1,24.9,26.1,87,14.9,6.3,243,1011.8,2.1
2025-11-05,45.0,38.0,4.0,9.0,4.0,4.0,"Colaba, Mumbai",28.4,23.6,25.9,82,10.4,5.6,328,1011.1,0.5
2025-11-06,62.0,50.0,4.0,9.0,4.0,4.0,"Colaba, Mumbai",29.0,23.4,26.0,82,14.0,6.9,349,1011.6,0.3
2025-11-07,86.0,40.0,4.0,9.0,4.0,4.0,"Colaba, Mumbai",31.2,24.1,26.9,74,15.2,7.3,343,1012.3,0.0
2025-11-08,65.0,38.0,4.0,9.0,4.0,4.0,"Colaba, Mumbai",33.6,23.1,27.7,57,11.7,8.5,20,1013.3,0.0
2025-11-09,61.0,43.0,4.0,9.0,4.0,4.0,"Colaba, Mumbai",31.6,22.6,26.6,54,13.5,8.0,327,1012.8,0.0
2025-11-10,70.0,49.0,4.0,9.0,4.0,4.0,"Colaba, Mumbai",31.5,21.7,26.4,58,12.9,6.4,213,1012.2,0.0
2025-11-11,88.0,45.0,4.0,10.0,4.0,4.0,"Colaba, Mumbai",31.8,21.7,26.6,60,14.1,6.7,345,1013.0,0.0
2025-11-12,74.0,49.0,4.0,10.0,4.0,4.0,"Colaba, Mumbai",32.7,21.9,27.3,46,13.1,7.8,16,1013.4,0.0
2025-11-13,79.0,52.0,4.0,10.0,4.0,4.0,"Colaba, Mumbai",33.5,22.5,27.5,47,13.1,8.3,15,1013.8,0.0
2025-11-14,87.0,52.0,4.0,9.0,4.0,4.0,"Colaba, Mumbai",32.8,21.9,27.0,51,12.6,7.3,14,1013.2,0.0
2025-11-15,87.0,52.0,4.0,10.0,4.0,4.0,"Colaba, Mumbai",32.9,21.7,26.8,48,13.9,8.4,46,1013.8,0.0
2025-11-16,88.0,53.0,4.0,9.0,4.0,4.0,"Colaba, Mumbai",32.9,21.1,26.5,46,14.6,9.2,41,1015.0,0.0
2025-11-17,89.0,51.0,4.0,10.0,4.0,4.0,"Colaba, Mumbai",32.5,20.8,25.9,47,17.3,9.6,27,1014.6,0.0
2025-11-18,87.0,56.0,4.0,10.0,4.0,5.0,"Colaba, Mumbai",32.1,20.1,25.4,49,16.9,9.0,25,1012.9,0.0
2025-11-19,96.0,52.0,4.0,10.0,4.0,5.0,"Colaba, Mumbai",32.6,19.5,25.8,47,12.8,9.1,22,1012.8,0.0
2025-11-20,86.0,56.0,4.0,10.0,4.0,5.0,"Colaba, Mumbai",32.5,21.0,26.2,50,12.5,8.0,357,1013.1,0.0
2025-11-21,99.0,60.0,4.0,10.0,4.0,5.0,"Colaba, Mumbai",33.4,20.9,26.5,53,12.8,8.3,19,1013.9,0.0
2025-11-22,110.0,65.0,4.0,10.0,4.0,5.0,"Colaba, Mumbai",32.3,23.1,27.3,56,11.5,7.2,348,1013.1,0.0
2025-11-23,118.0,82.0,4.0,10.0,4.0,5.0,"Colaba, Mumbai",31.7,24.5,27.6,62,13.7,6.1,323,1013.1,0.0
2025-11-24,127.33333333333331,99.0,4.0,11.0,4.0,5.0,"Colaba, Mumbai",32.4,24.0,27.6,65,15.2,6.6,327,1013.1,0.0
2025-11-25,136.66666666666666,116.0,4.0,11.0,4.0,5.0,"Colaba, Mumbai",32.3,24.4,27.8,65,10.8,6.3,325,1012.8,0.0
2025-11-26,146.0,60.0,4.0,10.0,4.0,4.0,"Colaba, Mumbai",31.8,24.5,27.6,68,13.9,5.8,297,1013.0,0.0
2025-11-27,111.0,61.0,4.0,10.0,4.0,5.0,"Colaba, Mumbai",32.7,24.0,27.6,63,15.4,7.9,354,1013.6,0.0
2025-11-28,113.0,53.0,4.0,10.0,4.0,4.0,"Colaba, Mumbai",33.1,23.5,27.5,58,15.1,8.2,346,1013.0,0.0
2025-11-29,92.0,55.0,4.0,10.0,4.0,4.0,"Colaba, Mumbai",32.3,23.2,27.1,52,11.7,7.9,25,1011.9,0.0
2025-11-30,93.0,59.0,4.0,10.0,4.0,5.0,"Colaba, Mumbai",31.9,20.8,25.6,50,15.8,7.7,353,1011.7,0.0
2025-12-01,91.0,79.0,4.0,10.0,4.0,5.0,"Colaba, Mumbai",32.5,20.5,25.6,51,15.1,8.0,6,1011.5,0.0
2025-12-02,101.0,82.0,4.0,11.0,4.0,5.0,"Colaba, Mumbai",32.2,20.7,25.8,55,13.2,6.8,344,1011.6,0.0
2025-12-03,108.0,77.57142857142857,4.0,11.0,4.571428571428571,5.571428571428571,"Colaba, Mumbai",33.1,20.9,26.5,48,14.5,8.6,11,1012.5,0.0
2025-12-09,82.28571428571428,51.0,4.0,11.0,8.0,9.0,"Colaba, Mumbai",33.2,20.8,26.6,38,13.6,7.4,21,1014.1,0.0
2025-12-10,78.0,73.0,4.0,11.0,8.0,9.0,"Colaba, Mumbai",32.9,21.0,26.4,35,15.7,8.1,5,1014.9,0.0
2025-12-11,100.0,78.0,4.0,10.0,8.0,10.0,"Colaba, Mumbai",32.5,20.3,25.7,39,13.9,8.3,12,1014.3,0.0
2025-12-12,109.0,91.0,4.0,10.0,8.0,10.0,"Colaba, Mumbai",32.2,19.3,25.1,44,14.7,8.3,6,1013.3,0.0
2025-12-13,132.0,82.0,4.0,10.0,8.0,10.0,"Colaba, Mumbai",32.4,19.9,25.3,50,14.4,7.1,357,1013.2,0.0
2025-12-14,106.0,85.0,4.0,10.0,8.0,10.0,"Colaba, Mumbai",31.7,20.5,25.8,46,15.1,8.3,18,1013.8,0.0
2025-12-15,107.0,81.0,4.0,10.0,8.0,10.0,"Colaba, Mumbai",32.3,20.1,26.0,43,14.9,8.1,27,1013.7,0.0
2025-12-16,355.0,100.0,4.0,10.0,8.0,10.0,"Colaba, Mumbai",32.5,20.4,25.6,46,15.8,10.2,48,1013.3,0.0
2025-12-17,344.6,101.0,4.0,10.0,8.0,10.0,"Colaba, Mumbai",32.4,20.9,26.2,49,15.5,8.4,3,1014.3,0.0
2025-12-25,261.4,85.0,4.0,10.0,8.0,10.0,"Colaba, Mumbai",31.3,19.4,24.9,52,14.3,8.1,10,1012.7,0.0
2025-12-26,251.0,78.0,4.0,10.0,8.0,10.0,"Colaba, Mumbai",30.8,19.6,25.0,50,16.9,7.4,350,1012.5,0.0
2025-12-27,115.0,85.0,4.0,10.0,8.0,11.0,"Colaba, Mumbai",31.6,20.2,25.3,50,14.3,8.3,4,1012.7,0.0
2025-12-28,116.0,84.71428571428571,4.0,10.0,8.0,11.0,"Colaba, Mumbai",30.8,20.4,25.2,51,14.4,7.9,355,1013.4,0.0
2026-01-03,106.57142857142856,83.0,4.0,9.0,8.0,11.0,"Colaba, Mumbai",30.0,20.9,24.9,64,14.1,8.3,337,1013.6,0.0
2026-01-04,105.0,82.0,4.0,9.0,8.0,11.0,"Colaba, Mumbai",30.3,22.1,25.8,64,15.5,9.9,340,1014.2,0.0
2026-01-05,104.0,79.0,4.0,9.0,8.0,10.0,"Colaba, Mumbai",31.0,22.5,26.0,59,14.1,8.1,328,1015.1,0.0
2026-01-06,99.0,94.0,4.0,9.0,8.0,10.0,"Colaba, Mumbai",30.8,21.8,25.7,61,15.2,7.9,14,1015.7,0.0
2026-01-07,121.0,82.0,4.0,9.0,8.0,10.0,"Colaba, Mumbai",30.8,20.5,25.0,58,15.5,8.0,350,1015.8,0.0
2026-01-08,105.0,73.0,4.0,9.0,8.0,10.0,"Colaba, Mumbai",29.7,19.6,24.3,53,15.2,7.9,346,1016.0,0.0
2026-01-09,92.0,73.0,4.0,9.0,8.0,10.0,"Colaba, Mumbai",31.1,18.7,24.2,48,16.3,8.8,350,1015.5,0.0
2026-01-10,92.0,77.0,4.0,9.0,8.0,10.0,"Colaba, Mumbai",29.9,19.5,24.0,50,19.0,10.4,351,1015.0,0.0
2026-01-11,95.0,71.0,4.0,9.0,8.0,11.0,"Colaba, Mumbai",31.2,19.6,24.7,48,16.1,10.0,354,1015.4,0.0
2026-01-12,89.0,76.0,4.0,9.0,8.0,11.0,"Colaba, Mumbai",31.3,20.5,25.4,47,13.9,8.2,355,1015.6,0.0
2026-01-13,97.0,79.0,4.0,9.0,8.0,10.0,"Colaba, Mumbai",30.1,22.6,26.3,51,10.8,5.7,316,1015.8,0.0
2026-01-14,100.0,63.0,4.0,9.0,8.0,10.0,"Colaba, Mumbai",31.1,23.1,26.1,57,17.6,9.0,332,1014.5,0.0
2026-01-15,78.0,74.0,4.0,9.0,8.0,10.0,"Colaba, Mumbai",29.7,20.1,24.5,51,15.2,9.0,337,1013.8,0.0
2026-01-16,96.0,62.0,4.0,9.0,8.0,10.0,"Colaba, Mumbai",29.6,20.0,24.3,67,13.6,7.4,318,1013.4,0.0
2026-01-17,79.0,53.0,4.0,9.0,8.0,10.0,"Colaba, Mumbai",29.1,20.0,24.0,69,15.4,8.2,304,1013.0,0.0
2026-01-18,67.0,52.0,4.0,9.0,8.0,10.0,"Colaba, Mumbai",26.5,20.6,23.2,72,16.0,8.5,328,1012.3,0.0
2026-01-19,64.0,65.0,4.0,9.0,8.0,10.0,"Colaba, Mumbai",27.6,18.8,22.9,64,18.6,10.5,343,1013.4,0.0
2026-01-20,80.0,87.0,4.0,9.0,8.0,11.0,"Colaba, Mumbai",27.7,18.8,23.3,58,12.9,8.0,337,1012.8,0.0
2026-01-21,110.0,82.0,4.0,9.0,8.0,11.0,"Colaba, Mumbai",29.5,19.9,24.4,65,17.1,5.5,258,1013.2,0.0
2026-01-22,111.0,60.0,4.0,9.0,8.0,10.0,"Colaba, Mumbai",28.8,20.9,24.6,65,16.8,7.2,281,1013.9,0.0
2026-01-23,97.0,49.0,4.0,9.0,8.0,10.0,"Colaba, Mumbai",27.7,21.2,24.0,73,19.4,8.8,332,1015.3,0.0
2026-01-24,85.0,69.0,4.0,9.0,8.0,11.0,"Colaba, Mumbai",28.6,19.9,23.6,61,18.1,9.8,337,1016.3,0.0
2026-01-25,127.0,90.0,4.0,9.0,8.0,11.0,"Colaba, Mumbai",29.5,19.7,24.1,64,12.5,7.7,339,1014.5,0.0
2026-01-26,156.0,57.0,4.0,9.0,8.0,10.0,"Colaba, Mumbai",30.0,20.5,25.0,67,10.4,6.6,309,1014.6,0.0
2026-01-27,103.0,44.0,4.0,9.0,8.0,10.0,"Colaba, Mumbai",27.6,22.2,24.2,74,18.1,10.7,329,1016.6,0.3
2026-01-28,76.0,61.0,4.0,9.0,8.0,11.0,"Colaba, Mumbai",29.5,20.3,24.0,62,15.8,10.5,345,1015.9,0.0
2026-01-29,108.0,77.0,4.0,9.0,8.0,11.0,"Colaba, Mumbai",31.5,20.9,25.3,50,13.9,6.9,331,1013.8,0.0
2026-01-30,138.0,70.0,4.0,9.0,8.0,11.0,"Colaba, Mumbai",30.0,23.1,25.7,70,15.8,6.1,231,1014.2,0.0
2026-01-31,129.0,81.0,4.0,9.0,8.0,11.0,"Colaba, Mumbai",28.6,22.6,25.0,82,16.8,7.3,312,1014.9,0.0
2026-02-01,137.0,92.0,4.0,10.0,8.0,11.0,"Colaba, Mumbai",31.5,22.0,25.8,69,15.9,8.5,333,1014.9,0.0
2026-02-02,157.0,94.0,4.0,10.0,8.0,12.0,"Colaba, Mumbai",32.5,21.8,26.5,56,16.0,7.4,321,1014.5,0.0
2026-02-03,158.0,79.0,4.0,10.0,8.0,11.0,"Colaba, Mumbai",31.6,22.4,26.4,51,15.4,7.4,330,1014.4,0.0
2026-02-04,146.0,80.0,4.0,10.0,8.0,11.0,"Colaba, Mumbai",32.8,22.6,26.9,52,15.5,7.1,330,1014.5,0.0
2026-02-05,140.0,79.0,4.0,10.0,8.0,11.0,"Colaba, Mumbai",32.7,23.1,27.3,50,16.3,7.9,316,1015.3,0.0
2026-02-06,144.0,76.71428571428571,4.0,10.0,8.0,11.0,"Colaba, Mumbai",33.7,22.9,27.5,47,18.9,9.7,345,1015.7,0.0
2026-02-07,338.0,74.42857142857143,4.0,10.0,8.0,12.0,"Colaba, Mumbai",32.8,22.2,27.1,43,15.5,8.4,333,1014.7,0.0
2026-02-12,150.5,63.0,4.0,10.0,8.0,11.0,"Colaba, Mumbai",31.4,22.6,26.9,53,16.2,7.7,306,1014.1,0.0
2026-02-13,113.0,82.0,4.0,10.0,8.0,11.0,"Colaba, Mumbai",31.8,22.6,26.7,56,14.7,6.8,317,1013.2,0.0
2026-02-14,150.0,71.0,4.0,10.0,8.0,11.0,"Colaba, Mumbai",33.2,22.8,27.4,53,17.1,7.7,321,1012.4,0.0
2026-02-15,127.0,57.0,4.0,10.0,8.0,11.0,"Colaba, Mumbai",33.3,23.2,28.1,46,14.9,7.6,329,1012.3,0.0
2026-02-16,101.0,42.0,4.0,10.0,8.0,11.0,"Colaba, Mumbai",31.6,23.6,26.9,47,17.1,8.3,320,1010.8,0.0
2026-02-17,76.0,35.0,4.0,10.0,8.0,10.0,"Colaba, Mumbai",30.4,23.2,26.0,59,18.0,10.5,327,1011.1,0.0
2026-02-18,65.0,35.0,4.0,10.0,8.0,10.0,"Colaba, Mumbai",28.4,22.2,24.9,67,18.9,10.1,327,1011.6,0.0
