date,pm25,pm10,o3,no2,so2,co,location,temperature_2m_max,temperature_2m_min,temperature_2m_mean,relative_humidity_2m_mean,wind_speed_10m_max,wind_speed_10m_mean,wind_direction_10m_dominant,pressure_msl_mean,precipitation_sum
2019-12-02,135.0,75.0,9.0,23.0,1.0,6.0,"Chhatrapati Shivaji Intl. Airport (T2), Mumbai",33.4,24.2,28.0,65,13.6,9.5,25,1011.3,0.0
2019-12-03,92.0,92.0,7.5,16.0,9.0,9.0,"Chhatrapati Shivaji Intl. Airport (T2), Mumbai",32.2,24.5,27.7,67,14.2,9.7,75,1011.6,0.1
2019-12-04,145.0,125.0,6.0,10.0,3.0,9.0,"Chhatrapati Shivaji Intl. Airport (T2), Mumbai",31.6,24.8,27.4,71,11.6,9.5,27,1012.5,0.0
2019-12-05,175.0,116.0,15.0,17.0,4.0,10.0,"Chhatrapati Shivaji Intl. Airport (T2), Mumbai",29.5,25.5,27.6,74,16.4,8.1,45,1014.1,3.4
2019-12-06,170.0,108.0,17.0,19.0,6.0,10.0,"Chhatrapati Shivaji Intl. Airport (T2), Mumbai",32.5,25.2,28.0,61,19.5,10.7,29,1013.5,0.0
2019-12-07,161.0,113.0,16.0,23.0,5.0,10.0,"Chhatrapati Shivaji Intl. Airport (T2), Mumbai",31.5,23.0,26.4,61,17.7,10.2,13,1012.7,0.0
2019-12-08,171.0,104.0,15.0,23.0,5.0,11.0,"Chhatrapati Shivaji Intl. Airport (T2), Mumbai",31.5,22.4,26.0,64,14.7,9.3,16,1013.1,0.0
2019-12-09,166.0,109.0,14.0,26.0,4.0,12.0,"Chhatrapati Shivaji Intl. Airport (T2), Mumbai",32.0,22.1,26.5,69,14.7,9.0,7,1012.8,0.0
2019-12-10,166.0,127.0,9.0,22.0,4.0,15.0,"Chhatrapati Shivaji Intl. Airport (T2), Mumbai",31.5,22.5,26.6,75,14.7,7.8,344,1011.7,0.0
2019-12-11,177.0,127.0,13.0,20.0,4.0,14.0,"Chhatrapati Shivaji Intl. Airport (T2), Mumbai",30.2,22.4,26.1,77,13.7,8.0,337,1010.7,0.0
2019-12-12,174.0,101.0,11.0,19.0,3.0,10.0,"Chhatrapati Shivaji Intl. Airport (T2), Mumbai",29.5,22.2,25.6,74,15.0,7.9,322,1010.6,0.0
2019-12-13,147.0,99.0,11.0,18.0,4.0,9.0,"Chhatrapati Shivaji Intl. Airport (T2), Mumbai",28.8,21.7,24.6,78,20.8,10.7,350,1012.6,0.0
2019-12-14,146.0,109.0,10.0,19.0,4.0,11.0,"Chhatrapati Shivaji Intl. Airport (T2), Mumbai",29.2,19.9,24.1,67,19.9,11.9,349,1014.5,0.0
2019-12-15,165.0,123.0,7.0,18.0,4.0,14.0,"Chhatrapati Shivaji Intl. Airport (T2), Mumbai",28.7,20.4,24.2,65,17.2,11.7,346,1013.3,0.0
2019-12-16,175.0,119.0,12.0,16.0,4.0,12.0,"Chhatrapati Shivaji Intl. Airport (T2), Mumbai",30.0,21.0,24.8,70,19.1,10.7,348,1012.7,0.0
2019-12-17,167.0,107.0,12.0,18.0,5.0,11.0,"Chhatrapati Shivaji Intl. Airport (T2), Mumbai",31.2,21.9,25.4,71,18.1,10.9,8,1013.4,0.0
2019-12-18,162.0,101.0,14.0,19.0,4.0,10.0,"Chhatrapati Shivaji Intl. Airport (T2), Mumbai",31.9,21.9,25.8,66,16.8,10.5,24,1014.1,0.0
2019-12-19,160.0,129.0,11.0,24.0,5.0,13.0,"Chhatrapati Shivaji Intl. Airport (T2), Mumbai",31.2,21.0,25.3,67,17.4,10.0,360,1013.0,0.0
2019-12-20,176.0,142.0,9.0,17.0,5.0,16.0,"Chhatrapati Shivaji Intl. Airport (T2), Mumbai",30.6,20.9,25.2,71,14.9,8.2,349,1012.0,0.0
2019-12-21,178.0,132.0,12.0,15.0,6.0,14.0,"Chhatrapati Shivaji Intl. Airport (T2), Mumbai",30.5,21.8,25.6,72,15.7,8.9,352,1011.6,0.0
2019-12-22,181.0,123.0,11.0,14.0,6.0,13.0,"Chhatrapati Shivaji Intl. Airport (T2), Mumbai",31.6,21.8,26.3,65,13.0,9.1,40,1011.2,0.0
2019-12-23,177.0,145.0,14.0,20.0,5.0,14.0,"Chhatrapati Shivaji Intl. Airport (T2), Mumbai",31.4,23.1,26.5,70,10.9,6.7,350,1011.0,0.0
2019-12-24,193.0,160.0,8.0,18.0,5.0,15.0,"Chhatrapati Shivaji Intl. Airport (T2), Mumbai",30.5,22.6,26.1,76,12.0,7.2,343,1012.1,0.0
2019-12-25,207.0,127.0,9.0,15.0,5.0,13.0,"Chhatrapati Shivaji Intl. Airport (T2), Mumbai",31.2,24.2,26.7,70,20.0,12.0,353,1012.3,0.1
2019-12-26,178.0,128.0,8.0,17.0,5.0,13.0,"Chhatrapati Shivaji Intl. Airport (T2), Mumbai",29.9,23.0,25.7,64,19.4,11.7,348,1012.4,0.8
2019-12-27,176.0,114.0,10.0,15.0,4.0,10.0,"Chhatrapati Shivaji Intl. Airport (T2), Mumbai",29.5,19.1,24.2,69,19.4,9.6,352,1011.4,0.0
2019-12-28,167.0,110.0,11.0,15.0,5.0,9.0,"Chhatrapati Shivaji Intl. Airport (T2), Mumbai",31.2,20.9,24.8,66,20.0,11.4,25,1011.0,0.0
2019-12-29,167.0,120.0,13.333333333333334,17.333333333333332,5.0,10.333333333333334,"Chhatrapati Shivaji Intl. Airport (T2), Mumbai",29.8,21.5,24.7,68,16.3,9.0,7,1011.8,0.1
2019-12-31,181.0,140.0,18.0,22.0,5.0,13.0,"Chhatrapati Shivaji Intl. Airport (T2), Mumbai",27.3,17.9,22.4,64,19.1,10.6,350,1013.1,0.0
2020-01-01,188.0,135.0,11.0,25.0,3.0,10.0,"Chhatrapati Shivaji Intl. Airport (T2), Mumbai",25.9,15.6,20.9,75,13.2,8.1,350,1013.7,0.0
2020-01-02,194.0,128.0,13.0,24.0,3.0,10.0,"Chhatrapati Shivaji Intl. Airport (T2), Mumbai",26.6,17.6,21.9,77,16.1,8.9,337,1015.8,0.0
2020-01-03,178.0,195.0,13.0,24.0,3.0,10.0,"Chhatrapati Shivaji Intl. Airport (T2), Mumbai",26.5,18.5,21.8,75,23.5,12.6,348,1015.2,0.0
2020-01-04,183.0,117.0,12.0,16.0,3.0,10.0,"Chhatrapati Shivaji Intl. Airport (T2), Mumbai",25.9,18.2,21.6,67,21.4,14.3,345,1013.5,0.0
2020-01-05,172.0,107.0,9.0,21.0,5.0,9.0,"Chhatrapati Shivaji Intl. Airport (T2), Mumbai",29.6,18.4,23.1,66,16.8,11.4,30,1012.7,0.0
2020-01-06,163.0,122.0,8.0,23.0,13.0,14.0,"Chhatrapati Shivaji Intl. Airport (T2), Mumbai",30.6,20.7,24.6,63,17.1,12.5,28,1013.4,0.0
2020-01-07,171.0,106.0,7.0,12.0,2.0,9.0,"Chhatrapati Shivaji Intl. Airport (T2), Mumbai",28.0,20.3,23.9,76,18.9,9.3,313,1012.9,0.0
2020-01-08,157.0,106.0,13.0,23.0,3.0,8.0,"Chhatrapati Shivaji Intl. Airport (T2), Mumbai",27.4,20.9,23.8,76,17.3,10.8,330,1013.1,0.0
2020-01-09,160.0,219.0,15.0,20.0,4.0,9.0,"Chhatrapati Shivaji Intl. Airport (T2), Mumbai",27.6,19.2,22.6,59,23.4,14.3,349,1013.5,0.0
2020-01-10,217.0,141.0,10.0,17.0,5.0,11.0,"Chhatrapati Shivaji Intl. Airport (T2), Mumbai",30.8,19.0,23.7,61,19.1,11.5,21,1012.5,0.0
2020-01-11,170.0,140.0,10.0,14.0,4.0,14.0,"Chhatrapati Shivaji Intl. Airport (T2), Mumbai",32.0,21.0,25.3,66,15.5,10.4,39,1013.1,0.0
2020-01-12,176.0,100.0,5.0,12.0,2.0,8.0,"Chhatrapati Shivaji Intl. Airport (T2), Mumbai",30.0,20.4,24.8,73,17.3,8.1,319,1013.2,0.0
2020-01-13,207.0,94.0,7.0,11.0,2.0,7.0,"Chhatrapati Shivaji Intl. Airport (T2), Mumbai",27.6,21.7,23.9,84,17.0,8.1,324,1012.2,0.4
2020-01-14,118.0,91.0,7.0,16.0,2.0,6.0,"Chhatrapati Shivaji Intl. Airport (T2), Mumbai",26.8,20.8,23.1,79,21.5,12.4,348,1012.2,0.2
2020-01-15,109.0,82.0,8.0,16.0,2.0,5.0,"Chhatrapati Shivaji Intl. Airport (T2), Mumbai",25.3,19.3,21.9,63,22.0,14.1,338,1012.8,0.0
2020-01-16,109.0,107.0,9.0,19.0,3.0,8.0,"Chhatrapati Shivaji Intl. Airport (T2), Mumbai",24.2,17.1,20.3,64,21.1,12.7,348,1014.3,0.0
2020-01-17,148.0,135.0,10.0,26.0,4.0,10.0,"Chhatrapati Shivaji Intl. Airport (T2), Mumbai",24.5,15.9,19.4,56,24.4,14.8,350,1014.6,0.0
2020-01-18,174.0,157.0,8.0,16.0,4.0,15.0,"Chhatrapati Shivaji Intl. Airport (T2), Mumbai",27.8,15.3,21.3,62,17.9,11.9,350,1013.1,0.0
2020-01-19,185.0,141.0,10.0,22.0,5.0,16.0,"Chhatrapati Shivaji Intl. Airport (T2), Mumbai",29.0,17.9,23.0,64,16.8,10.7,342,1013.0,0.0
2020-01-20,174.0,165.0,6.0,14.0,5.0,18.0,"Chhatrapati Shivaji Intl. Airport (T2), Mumbai",30.8,18.4,23.5,71,16.6,9.1,346,1013.0,0.0
2020-01-21,179.0,145.0,6.0,27.0,4.0,14.0,"Chhatrapati Shivaji Intl. Airport (T2), Mumbai",29.2,18.9,23.5,73,16.6,9.1,328,1014.0,0.0
2020-01-22,162.0,151.0,8.0,19.0,4.0,13.0,"Chhatrapati Shivaji Intl. Airport (T2), Mumbai",30.6,19.0,24.3,65,18.7,10.0,345,1014.7,0.0
2020-01-23,170.0,129.0,7.0,18.0,4.0,11.0,"Chhatrapati Shivaji Intl. Airport (T2), Mumbai",31.8,21.6,25.6,62,22.2,13.5,351,1013.7,0.0
2020-01-24,162.0,164.0,8.0,21.0,5.0,16.0,"Chhatrapati Shivaji Intl. Airport (T2), Mumbai",31.8,21.0,25.3,66,19.6,10.9,355,1013.3,0.0
2020-01-25,179.0,167.0,10.0,19.0,5.0,17.0,"Chhatrapati Shivaji Intl. Airport (T2), Mumbai",30.5,20.4,25.1,64,20.3,11.2,343,1013.2,0.0
2020-01-26,186.0,95.0,6.0,18.0,3.0,9.0,"Chhatrapati Shivaji Intl. Airport (T2), Mumbai",30.4,19.6,24.4,71,15.5,8.9,327,1011.7,0.0
2020-01-27,128.0,76.0,6.0,13.0,2.0,6.0,"Chhatrapati Shivaji Intl. Airport (T2), Mumbai",28.0,20.2,23.7,77,15.1,8.7,302,1011.6,0.0
2020-01-28,84.0,95.0,8.0,20.0,1.0,4.0,"Chhatrapati Shivaji Intl. Airport (T2), Mumbai",26.5,19.9,22.8,79,18.8,9.7,305,1012.8,1.0
2020-01-29,80.0,124.0,12.0,23.0,3.0,8.0,"Chhatrapati Shivaji Intl. Airport (T2), Mumbai",24.6,18.4,21.8,63,21.9,13.3,337,1015.5,0.0
2020-01-30,146.0,137.0,9.0,27.0,4.0,10.0,"Chhatrapati Shivaji Intl. Airport (T2), Mumbai",27.5,15.9,21.0,59,21.1,11.2,347,1014.5,0.0
2020-01-31,160.0,148.0,10.0,26.0,4.0,12.0,"Chhatrapati Shivaji Intl. Airport (T2), Mumbai",26.1,15.9,21.1,62,20.7,11.0,337,1012.4,0.0
2020-02-01,168.0,154.0,17.0,16.0,5.0,14.0,"Chhatrapati Shivaji Intl. Airport (T2), Mumbai",28.1,17.6,22.3,61,22.2,12.1,338,1012.0,0.0
2020-02-02,170.0,136.0,10.0,16.0,3.0,13.0,"Chhatrapati Shivaji Intl. Airport (T2), Mumbai",29.3,18.4,23.0,73,15.2,7.7,328,1013.5,0.0
2020-02-03,174.0,130.0,13.0,22.0,4.0,10.0,"Chhatrapati Shivaji Intl. Airport (T2), Mumbai",27.0,17.9,22.7,81,14.1,6.7,289,1014.3,0.0
2020-02-04,167.0,105.0,8.0,25.0,5.0,11.0,"Chhatrapati Shivaji Intl. Airport (T2), Mumbai",28.0,19.6,23.2,70,19.1,11.1,343,1013.2,0.0
2020-02-05,162.0,122.0,13.0,25.0,4.0,8.0,"Chhatrapati Shivaji Intl. Airport (T2), Mumbai",29.2,18.4,23.1,52,20.0,11.5,339,1012.9,0.0
2020-02-06,143.0,121.0,11.0,25.0,5.0,9.0,"Chhatrapati Shivaji Intl. Airport (T2), Mumbai",27.2,19.0,22.6,61,18.7,11.1,335,1013.0,0.0
2020-02-07,145.0,121.0,12.0,20.0,4.0,9.0,"Chhatrapati Shivaji Intl. Airport (T2), Mumbai",26.7,17.5,21.5,59,22.9,12.5,334,1014.0,0.0
2020-02-08,162.0,110.0,13.0,16.0,6.0,6.0,"Chhatrapati Shivaji Intl. Airport (T2), Mumbai",29.4,17.1,22.7,63,25.8,14.1,349,1013.9,0.0
2020-02-09,165.0,103.0,8.0,19.0,5.0,7.0,"Chhatrapati Shivaji Intl. Airport (T2), Mumbai",30.9,20.8,24.7,52,27.4,15.7,14,1013.8,0.0
2020-02-10,153.0,112.0,7.5,21.0,11.0,9.0,"Chhatrapati Shivaji Intl. Airport (T2), Mumbai",31.8,21.9,25.8,56,19.6,14.3,22,1012.7,0.0
2020-02-11,157.0,175.0,7.0,24.0,4.0,11.0,"Chhatrapati Shivaji Intl. Airport (T2), Mumbai",33.2,22.4,26.8,59,17.3,12.2,11,1012.8,0.0
2020-02-12,179.0,135.0,8.0,14.0,4.0,13.0,"Chhatrapati Shivaji Intl. Airport (T2), Mumbai",34.5,23.0,27.9,56,17.1,11.7,30,1014.3,0.0
2020-02-13,161.0,130.0,12.0,21.0,4.0,9.0,"Chhatrapati Shivaji Intl. Airport (T2), Mumbai",34.1,23.5,27.9,54,23.1,12.1,3,1014.5,0.0
2020-02-14,150.0,125.0,13.0,22.0,5.0,10.0,"Chhatrapati Shivaji Intl. Airport (T2), Mumbai",33.0,23.7,27.7,43,22.2,15.6,353,1012.9,0.0
2020-02-15,150.0,144.0,15.0,25.0,6.0,11.0,"Chhatrapati Shivaji Intl. Airport (T2), Mumbai",31.0,21.9,25.6,46,22.3,12.8,338,1012.3,0.0
2020-02-16,167.0,170.0,14.0,18.0,5.0,15.0,"Chhatrapati Shivaji Intl. Airport (T2), Mumbai",31.4,20.8,25.1,61,17.9,11.2,332,1012.8,0.0
2020-02-17,178.0,167.0,22.0,37.0,8.0,15.0,"Chhatrapati Shivaji Intl. Airport (T2), Mumbai",33.7,20.6,26.2,61,16.3,9.0,325,1013.2,0.0
2020-02-18,174.0,208.0,23.0,36.0,7.0,14.0,"Chhatrapati Shivaji Intl. Airport (T2), Mumbai",34.3,22.0,27.1,57,19.3,9.4,342,1012.7,0.0
2020-02-19,178.0,130.0,14.0,35.0,3.0,10.0,"Chhatrapati Shivaji Intl. Airport (T2), Mumbai",31.9,21.2,26.1,69,16.3,8.9,318,1012.1,0.0
2020-02-20,157.0,101.0,13.0,26.0,2.0,7.0,"Chhatrapati Shivaji Intl. Airport (T2), Mumbai",30.8,20.7,25.1,74,19.2,10.9,331,1011.7,0.0
2020-02-21,131.0,134.0,21.0,26.5,6.0,11.0,"Chhatrapati Shivaji Intl. Airport (T2), Mumbai",30.5,21.2,25.0,70,20.4,10.9,332,1013.8,0.0
2020-02-22,164.0,160.0,24.0,27.0,7.0,12.0,"Chhatrapati Shivaji Intl. Airport (T2), Mumbai",32.2,20.8,25.7,58,18.6,11.6,337,1014.6,0.0
2020-02-23,170.0,155.0,30.0,27.5,6.0,15.0,"Chhatrapati Shivaji Intl. Airport (T2), Mumbai",32.9,21.4,26.5,51,20.7,12.7,336,1013.3,0.0
2020-02-24,179.0,138.0,22.0,28.0,4.0,8.0,"Chhatrapati Shivaji Intl. Airport (T2), Mumbai",31.2,20.0,25.6,54,22.1,12.9,333,1011.3,0.0
2020-02-25,127.0,105.0,27.0,34.0,7.0,6.0,"Chhatrapati Shivaji Intl. Airport (T2), Mumbai",34.3,23.0,27.2,38,25.7,16.6,359,1010.4,0.0
2020-02-26,122.0,115.0,40.0,35.0,11.0,8.0,"Chhatrapati Shivaji Intl. Airport (T2), Mumbai",34.5,22.9,27.1,37,22.2,14.0,10,1011.0,0.0
2020-02-27,146.0,157.0,26.0,36.0,9.0,15.0,"Chhatrapati Shivaji Intl. Airport (T2), Mumbai",35.5,20.2,26.3,47,18.2,10.9,7,1011.1,0.0
2020-02-28,168.0,141.0,17.0,37.0,6.0,12.0,"Chhatrapati Shivaji Intl. Airport (T2), Mumbai",32.2,20.0,25.6,54,19.4,10.2,336,1009.8,0.0
2020-02-29,158.0,104.0,16.0,28.0,1.0,6.0,"Chhatrapati Shivaji Intl. Airport (T2), Mumbai",31.4,20.2,25.5,61,22.4,10.8,324,1009.6,0.0
2020-03-01,140.0,111.0,14.0,21.0,2.0,8.0,"Chhatrapati Shivaji Intl. Airport (T2), Mumbai",29.6,20.7,25.0,69,21.2,12.8,328,1010.8,0.0
2020-03-02,134.0,104.0,5.0,30.0,1.9090909090909087,6.0,"Chhatrapati Shivaji Intl. Airport (T2), Mumbai",29.0,20.5,24.4,78,15.8,8.7,302,1011.7,0.0
2020-03-03,114.0,102.0,13.0,25.0,1.818181818181818,5.0,"Chhatrapati Shivaji Intl. Airport (T2), Mumbai",28.5,20.6,24.4,80,15.7,8.5,290,1012.2,0.1
2020-03-04,113.0,93.0,13.0,18.0,1.7272727272727273,4.0,"Chhatrapati Shivaji Intl. Airport (T2), Mumbai",28.0,21.0,24.5,76,18.0,9.4,303,1011.9,0.0
2020-03-05,97.0,89.0,9.0,15.0,7.0,3.0,"Chhatrapati Shivaji Intl. Airport (T2), Mumbai",28.1,21.2,24.4,75,18.8,9.9,283,1010.7,0.0
2020-03-06,77.0,108.0,16.0,21.0,7.0,4.0,"Chhatrapati Shivaji Intl. Airport (T2), Mumbai",28.4,22.0,24.9,68,20.3,10.4,263,1010.7,0.0
2020-03-07,89.0,97.0,22.0,22.0,7.0,4.0,"Chhatrapati Shivaji Intl. Airport (T2), Mumbai",27.8,20.8,24.0,65,18.2,10.9,322,1012.6,0.0
2020-03-08,91.0,106.0,18.0,25.0,7.0,6.0,"Chhatrapati Shivaji Intl. Airport (T2), Mumbai",28.0,18.8,23.3,67,18.6,10.0,324,1012.4,0.0
2020-03-09,122.0,103.0,13.0,14.0,7.0,8.0,"Chhatrapati Shivaji Intl. Airport (T2), Mumbai",28.5,19.1,23.7,74,19.0,10.1,321,1011.3,0.0
2020-03-10,122.0,67.0,11.0,19.0,7.0,3.0,"Chhatrapati Shivaji Intl. Airport (T2), Mumbai",28.0,20.6,24.5,75,15.6,8.4,299,1011.2,0.0
2020-03-11,59.0,78.0,14.0,19.0,7.0,3.0,"Chhatrapati Shivaji Intl. Airport (T2), Mumbai",28.0,22.4,24.6,65,21.1,10.9,310,1012.0,0.0
2020-03-12,66.0,97.0,24.0,24.0,1.0,3.0,"Chhatrapati Shivaji Intl. Airport (T2), Mumbai",27.2,20.4,23.6,71,20.1,11.9,329,1013.7,0.0
2020-03-13,84.0,106.0,31.0,26.0,2.0,5.0,"Chhatrapati Shivaji Intl. Airport (T2), Mumbai",28.5,18.6,23.2,62,27.1,15.3,342,1014.0,0.0
2020-03-14,110.0,135.0,36.0,25.0,6.0,12.0,"Chhatrapati Shivaji Intl. Airport (T2), Mumbai",31.8,19.2,24.7,50,27.7,16.0,350,1012.0,0.0
2020-03-15,151.0,145.0,27.0,38.0,9.0,13.0,"Chhatrapati Shivaji Intl. Airport (T2), Mumbai",34.0,18.5,26.2,40,18.1,10.7,352,1010.1,0.0
2020-03-16,157.0,155.0,31.0,30.0,8.0,15.0,"Chhatrapati Shivaji Intl. Airport (T2), Mumbai",35.7,20.2,27.3,45,21.1,10.8,345,1010.6,0.0
2020-03-17,163.0,137.0,11.0,20.0,5.0,14.0,"Chhatrapati Shivaji Intl. Airport (T2), Mumbai",34.0,22.0,27.3,54,20.5,10.7,325,1011.6,0.0
2020-03-18,146.0,87.0,3.0,6.0,1.0,6.0,"Chhatrapati Shivaji Intl. Airport (T2), Mumbai",32.9,23.1,27.5,57,16.4,11.2,318,1011.9,0.0
2020-03-19,101.0,91.0,2.0,5.0,1.0,5.0,"Chhatrapati Shivaji Intl. Airport (T2), Mumbai",31.4,21.2,26.0,67,18.5,10.6,325,1011.8,0.0
2020-03-20,79.0,154.0,3.0,5.0,1.0,4.0,"Chhatrapati Shivaji Intl. Airport (T2), Mumbai",29.4,21.9,25.4,76,14.8,8.5,292,1012.0,0.0
2020-03-21,79.0,51.0,3.0,6.0,1.0,2.0,"Chhatrapati Shivaji Intl. Airport (T2), Mumbai",29.3,20.9,25.0,78,18.5,10.3,310,1011.9,0.0
2020-03-22,64.0,57.0,3.0,6.0,1.0,3.0,"Chhatrapati Shivaji Intl. Airport (T2), Mumbai",30.1,22.0,25.9,78,23.7,12.9,332,1011.4,0.0
2020-03-23,75.0,74.0,3.0,6.0,7.0,4.0,"Chhatrapati Shivaji Intl. Airport (T2), Mumbai",32.9,23.2,27.5,72,21.6,12.2,330,1010.1,0.0
2020-03-24,115.0,62.0,2.0,4.0,7.0,3.0,"Chhatrapati Shivaji Intl. Airport (T2), Mumbai",32.5,23.2,28.3,65,22.7,10.9,324,1008.3,0.0
2020-03-25,95.0,55.0,3.0,5.0,7.0,3.0,"Chhatrapati Shivaji Intl. Airport (T2), Mumbai",32.0,25.4,28.2,75,15.7,7.8,242,1008.4,0.0
2020-03-26,89.0,58.0,3.0,5.0,7.0,2.0,"Chhatrapati Shivaji Intl. Airport (T2), Mumbai",31.9,24.6,28.0,80,18.3,8.5,241,1009.5,0.0
2020-03-27,86.0,54.0,3.0,7.0,7.0,3.0,"Chhatrapati Shivaji Intl. Airport (T2), Mumbai",33.2,24.8,28.6,65,25.0,14.0,336,1011.4,0.0
2020-03-28,97.0,56.0,3.0,6.0,7.0,2.0,"Chhatrapati Shivaji Intl. Airport (T2), Mumbai",34.1,25.4,28.8,55,28.3,17.3,335,1011.0,0.0
2020-03-29,91.0,55.0,2.0,5.0,7.0,3.0,"Chhatrapati Shivaji Intl. Airport (T2), Mumbai",34.4,24.4,28.6,56,24.5,15.5,337,1009.4,0.0
2020-03-30,86.0,53.0,3.0,5.0,7.0,3.0,"Chhatrapati Shivaji Intl. Airport (T2), Mumbai",33.0,24.5,28.2,63,18.0,11.7,319,1009.8,0.0
2020-03-31,95.0,53.0,3.0,6.0,7.0,2.0,"Chhatrapati Shivaji Intl. Airport (T2), Mumbai",32.1,23.8,27.6,67,22.4,12.3,323,1010.9,0.0
2020-04-01,99.17647058823528,61.0,3.0,6.0,7.0,2.0,"Chhatrapati Shivaji Intl. Airport (T2), Mumbai",32.0,22.9,27.4,70,23.7,13.7,330,1010.5,0.0
2020-04-02,103.3529411764706,67.0,2.0,5.0,7.0,2.0,"Chhatrapati Shivaji Intl. Airport (T2), Mumbai",34.5,23.7,28.3,64,22.7,13.5,327,1008.7,0.0
2020-04-03,107.52941176470588,62.0,2.0,4.0,7.0,2.0,"Chhatrapati Shivaji Intl. Airport (T2), Mumbai",32.4,24.2,28.0,71,22.2,11.8,321,1009.2,0.0
2020-04-04,88.0,52.0,3.0,6.0,7.0,2.0,"Chhatrapati Shivaji Intl. Airport (T2), Mumbai",32.2,23.5,27.6,72,22.1,11.2,315,1009.8,0.0
2020-04-05,88.0,29.0,2.0,3.0,7.0,1.0,"Chhatrapati Shivaji Intl. Airport (T2), Mumbai",32.2,22.8,27.3,77,18.2,8.7,287,1010.7,0.0
2020-04-06,88.0,57.0,3.0,4.0,7.0,1.0,"Chhatrapati Shivaji Intl. Airport (T2), Mumbai",30.9,23.1,27.2,80,17.4,10.5,230,1011.6,0.0
2020-04-07,88.0,73.0,2.0,4.0,7.0,1.0,"Chhatrapati Shivaji Intl. Airport (T2), Mumbai",30.9,23.5,26.8,80,16.4,8.5,281,1010.8,0.0
2020-04-08,88.0,69.0,3.0,5.0,7.0,2.0,"Chhatrapati Shivaji Intl. Airport (T2), Mumbai",31.1,22.8,27.2,76,18.5,10.1,275,1011.7,0.0
2020-04-09,88.0,62.0,2.0,7.0,7.0,2.0,"Chhatrapati Shivaji Intl. Airport (T2), Mumbai",31.3,22.5,26.8,77,23.5,11.1,320,1011.1,0.0
2020-04-10,88.0,59.0,3.0,6.0,7.0,2.0,"Chhatrapati Shivaji Intl. Airport (T2), Mumbai",31.8,23.1,27.5,76,23.0,10.9,322,1010.6,0.0
2020-04-11,88.0,55.0,2.0,5.0,7.0,2.0,"Chhatrapati Shivaji Intl. Airport (T2), Mumbai",33.3,24.6,28.9,71,20.1,9.9,320,1011.3,0.0
2020-04-12,88.0,54.0,2.0,6.0,7.0,2.0,"Chhatrapati Shivaji Intl. Airport (T2), Mumbai",33.2,25.5,29.0,75,18.4,9.2,254,1010.6,0.0
2020-04-13,88.0,57.0,2.0,9.0,7.0,2.0,"Chhatrapati Shivaji Intl. Airport (T2), Mumbai",33.2,25.3,28.7,80,19.0,9.9,223,1009.3,0.0
2020-04-14,88.0,48.0,2.0,8.0,7.0,2.0,"Chhatrapati Shivaji Intl. Airport (T2), Mumbai",34.4,24.9,29.5,75,22.4,10.1,271,1009.0,0.0
2020-04-15,88.0,42.0,2.0,4.0,7.0,1.0,"Chhatrapati Shivaji Intl. Airport (T2), Mumbai",34.5,25.5,29.7,75,20.3,10.1,250,1009.9,0.0
2020-04-16,88.0,35.0,2.0,4.0,7.0,1.0,"Chhatrapati Shivaji Intl. Airport (T2), Mumbai",32.3,26.6,29.1,81,18.6,11.7,212,1009.5,0.0
2020-04-17,88.0,13.0,3.0,6.0,7.0,1.0,"Chhatrapati Shivaji Intl. Airport (T2), Mumbai",32.1,26.9,29.0,78,18.3,9.8,245,1009.0,0.0
2020-04-18,88.0,49.0,2.0,6.0,7.0,1.0,"Chhatrapati Shivaji Intl. Airport (T2), Mumbai",33.3,26.0,29.3,77,20.8,8.4,280,1009.3,0.0
2020-04-19,88.0,58.0,2.0,6.0,7.0,2.0,"Chhatrapati Shivaji Intl. Airport (T2), Mumbai",34.0,26.8,30.1,71,22.8,11.4,305,1008.9,0.0
2020-04-20,88.0,40.0,2.0,4.0,7.0,2.0,"Chhatrapati Shivaji Intl. Airport (T2), Mumbai",36.7,25.5,31.0,58,24.8,13.1,330,1008.2,0.0
2020-04-21,88.0,72.0,2.0,4.0,7.0,1.0,"Chhatrapati Shivaji Intl. Airport (T2), Mumbai",33.4,24.5,28.7,73,19.2,9.7,304,1009.3,0.0
2020-04-22,88.0,39.0,2.0,4.0,7.0,1.0,"Chhatrapati Shivaji Intl. Airport (T2), Mumbai",32.3,25.0,28.8,80,22.3,9.2,272,1008.7,0.0
2020-04-23,88.0,35.0,2.0,3.0,7.0,1.0,"Chhatrapati Shivaji Intl. Airport (T2), Mumbai",33.0,26.6,29.4,75,20.2,10.5,271,1009.0,0.0
2020-04-24,88.0,25.0,2.0,5.0,7.0,1.0,"Chhatrapati Shivaji Intl. Airport (T2), Mumbai",33.1,25.4,29.0,79,19.9,10.0,285,1008.1,0.0
2020-04-25,88.0,30.0,2.0,6.0,7.0,1.0,"Chhatrapati Shivaji Intl. Airport (T2), Mumbai",32.7,26.1,29.1,74,17.5,9.5,267,1009.2,0.0
2020-04-26,88.0,36.0,2.0,4.0,7.0,1.0,"Chhatrapati Shivaji Intl. Airport (T2), Mumbai",32.3,24.5,28.4,78,23.1,11.3,304,1009.4,0.0
2020-04-27,88.0,38.0,2.0,7.0,7.0,1.0,"Chhatrapati Shivaji Intl. Airport (T2), Mumbai",32.0,25.8,28.7,75,21.3,9.5,294,1010.6,0.1
2020-04-28,88.0,38.0,2.0,4.0,7.0,1.0,"Chhatrapati Shivaji Intl. Airport (T2), Mumbai",33.5,25.2,29.3,75,27.2,13.2,327,1009.0,0.0
2020-04-29,88.0,17.0,2.0,3.0,7.0,1.0,"Chhatrapati Shivaji Intl. Airport (T2), Mumbai",33.3,26.1,29.8,77,18.5,9.5,270,1008.7,0.0
2020-04-30,88.0,12.0,2.0,5.0,7.0,1.0,"Chhatrapati Shivaji Intl. Airport (T2), Mumbai",32.5,27.8,29.8,77,18.1,11.3,256,1010.1,0.0
2020-05-01,72.0,12.0,2.0,5.0,7.0,1.0,"Chhatrapati Shivaji Intl. Airport (T2), Mumbai",32.5,28.2,29.7,76,18.3,11.6,282,1010.2,0.1
2020-05-02,72.0,16.0,2.0,4.0,7.0,1.0,"Chhatrapati Shivaji Intl. Airport (T2), Mumbai",32.8,27.4,29.7,78,21.7,11.5,299,1008.8,0.0
2020-05-03,72.0,17.0,2.0,4.0,7.0,1.0,"Chhatrapati Shivaji Intl. Airport (T2), Mumbai",32.8,27.7,29.7,77,20.8,11.8,309,1008.5,0.0
2020-05-04,237.0,24.0,2.0,5.0,7.0,1.0,"Chhatrapati Shivaji Intl. Airport (T2), Mumbai",32.5,25.8,29.2,80,20.0,10.9,301,1009.4,0.0
2020-05-05,39.0,38.0,3.0,4.0,1.0,1.0,"Chhatrapati Shivaji Intl. Airport (T2), Mumbai",33.0,26.1,29.6,79,22.8,11.0,308,1008.6,0.0
2020-05-06,37.0,29.0,2.0,2.0,1.0,2.0,"Chhatrapati Shivaji Intl. Airport (T2), Mumbai",34.0,26.6,29.8,80,23.0,10.1,294,1007.5,0.0
2020-05-07,38.0,30.6,2.0,3.5,1.0,1.9375,"Chhatrapati Shivaji Intl. Airport (T2), Mumbai",32.7,25.4,28.9,81,20.5,9.8,279,1008.3,0.0
2020-05-11,51.6,37.0,2.0,9.5,1.0,1.6875,"Chhatrapati Shivaji Intl. Airport (T2), Mumbai",34.1,26.6,29.8,76,23.0,10.2,311,1008.6,0.0
2020-05-12,55.0,15.0,2.0,11.0,7.0,1.625,"Chhatrapati Shivaji Intl. Airport (T2), Mumbai",33.2,26.1,29.1,77,20.8,10.1,314,1008.0,0.0
2020-05-13,38.0,13.0,2.0,10.0,7.0,3.0,"Chhatrapati Shivaji Intl. Airport (T2), Mumbai",33.1,26.3,29.5,79,20.1,10.3,298,1007.4,0.0
2020-05-14,39.0,41.0,2.0,11.0,7.0,3.0,"Chhatrapati Shivaji Intl. Airport (T2), Mumbai",33.2,26.9,30.0,77,24.3,11.8,313,1006.6,0.0
2020-05-15,26.0,77.0,2.0,10.0,7.0,3.0,"Chhatrapati Shivaji Intl. Airport (T2), Mumbai",33.2,27.9,30.3,75,23.6,12.8,314,1006.7,0.0
2020-05-16,102.0,79.0,2.0,9.0,7.0,3.0,"Chhatrapati Shivaji Intl. Airport (T2), Mumbai",32.6,28.4,30.3,75,19.1,10.8,306,1006.7,0.0
2020-05-17,45.0,63.0,2.0,11.0,7.0,3.0,"Chhatrapati Shivaji Intl. Airport (T2), Mumbai",32.8,27.8,30.0,75,21.7,11.8,305,1006.2,0.0
2020-05-18,53.0,47.0,2.0,8.0,7.0,3.0,"Chhatrapati Shivaji Intl. Airport (T2), Mumbai",32.5,28.5,30.2,73,23.0,15.6,308,1005.7,0.0
2020-05-19,26.0,33.0,3.0,8.0,7.0,3.0,"Chhatrapati Shivaji Intl. Airport (T2), Mumbai",32.5,28.1,29.9,72,19.4,13.3,295,1005.2,0.1
2020-05-20,65.0,104.0,2.0,9.0,7.0,3.0,"Chhatrapati Shivaji Intl. Airport (T2), Mumbai",32.6,27.8,29.8,71,17.4,11.2,267,1005.3,0.0
2020-05-21,85.0,175.0,2.0,9.0,7.0,3.0,"Chhatrapati Shivaji Intl. Airport (T2), Mumbai",32.8,27.8,29.8,72,18.6,10.9,269,1006.5,0.0
2020-05-22,78.0,19.0,2.0,7.0,7.0,1.0,"Chhatrapati Shivaji Intl. Airport (T2), Mumbai",32.8,27.1,29.8,74,17.7,10.3,275,1007.7,0.0
2020-05-23,39.0,20.0,2.0,6.0,7.0,1.0,"Chhatrapati Shivaji Intl. Airport (T2), Mumbai",33.2,26.3,29.5,78,22.1,12.2,299,1007.4,0.0
2020-05-24,38.0,50.0,2.0,7.0,7.0,1.0,"Chhatrapati Shivaji Intl. Airport (T2), Mumbai",32.8,28.1,30.1,75,21.3,12.2,300,1007.9,0.0
2020-05-25,31.0,41.0,2.0,4.0,7.0,1.0,"Chhatrapati Shivaji Intl. Airport (T2), Mumbai",32.9,28.1,30.1,76,18.9,10.8,300,1008.4,0.2
2020-05-26,27.0,20.0,2.0,4.0,1.0,1.0,"Chhatrapati Shivaji Intl. Airport (T2), Mumbai",32.8,28.0,30.0,76,18.0,10.8,276,1008.5,0.0
2020-05-27,29.0,25.0,2.0,3.0,1.0,1.0,"Chhatrapati Shivaji Intl. Airport (T2), Mumbai",33.0,28.1,30.0,74,17.5,12.2,274,1008.1,0.2
2020-05-28,28.0,24.0,2.0,2.0,1.0,1.0,"Chhatrapati Shivaji Intl. Airport (T2), Mumbai",32.8,28.4,30.4,70,17.7,13.6,261,1007.3,0.0
2020-05-29,57.0,28.0,2.0,3.0,1.0,1.0,"Chhatrapati Shivaji Intl. Airport (T2), Mumbai",33.5,28.5,30.5,72,18.7,12.8,263,1007.3,0.3
2020-05-30,47.0,8.0,2.0,5.0,1.0,1.0,"Chhatrapati Shivaji Intl. Airport (T2), Mumbai",33.5,27.5,30.3,75,17.5,10.2,290,1007.7,0.4
2020-05-31,31.0,22.0,3.0,2.0,1.0,1.0,"Chhatrapati Shivaji Intl. Airport (T2), Mumbai",34.6,28.2,30.8,71,23.4,14.0,307,1007.8,0.3
2020-06-01,68.0,44.0,2.0,14.0,1.0,2.0,"Chhatrapati Shivaji Intl. Airport (T2), Mumbai",31.2,27.0,29.0,78,13.8,6.3,238,1008.2,6.9
2020-06-02,66.0,116.0,3.0,12.0,1.0,1.0,"Chhatrapati Shivaji Intl. Airport (T2), Mumbai",30.1,25.9,27.9,81,19.7,11.1,42,1005.2,11.6
2020-06-03,36.0,84.25,2.0,7.0,9.0,1.0,"Chhatrapati Shivaji Intl. Airport (T2), Mumbai",28.5,25.1,26.4,85,58.6,32.1,2,997.6,144.5
2020-06-04,78.0,52.5,2.0,8.0,14.0,2.0,"Chhatrapati Shivaji Intl. Airport (T2), Mumbai",29.0,26.6,27.6,84,21.5,14.8,229,1005.1,10.0
2020-06-05,68.0,190.0,2.0,6.0,17.0,1.8,"Chhatrapati Shivaji Intl. Airport (T2), Mumbai",29.8,26.2,27.5,86,25.2,17.9,194,1006.4,7.9
2020-06-06,56.0,173.83333333333334,2.0,6.0,18.0,1.6,"Chhatrapati Shivaji Intl. Airport (T2), Mumbai",29.0,25.7,27.1,87,23.3,18.1,196,1006.1,8.2
2020-06-07,74.0,157.66666666666666,2.0,9.0,17.0,1.4,"Chhatrapati Shivaji Intl. Airport (T2), Mumbai",28.9,26.0,27.2,87,23.3,17.1,197,1006.3,5.4
2020-06-08,74.0,141.5,2.0,5.0,19.0,2.0,"Chhatrapati Shivaji Intl. Airport (T2), Mumbai",28.5,25.7,27.0,87,19.3,13.9,206,1006.6,8.0
2020-06-09,61.0,53.0,2.0,4.0,20.0,1.0,"Chhatrapati Shivaji Intl. Airport (T2), Mumbai",29.0,26.2,27.5,89,14.5,11.3,211,1006.5,4.8
2020-06-10,51.0,53.0,2.0,4.0,21.0,2.0,"Chhatrapati Shivaji Intl. Airport (T2), Mumbai",29.9,26.6,27.7,90,14.6,9.7,225,1005.5,9.7
2020-06-11,41.0,93.0,1.5,10.0,24.0,3.0,"Chhatrapati Shivaji Intl. Airport (T2), Mumbai",29.0,26.5,27.5,89,15.3,9.9,215,1003.4,8.1
2020-06-12,61.0,64.0,1.0,11.0,19.0,2.0,"Chhatrapati Shivaji Intl. Airport (T2), Mumbai",28.8,26.4,27.5,88,12.8,9.1,196,1001.3,4.2
2020-06-13,86.0,14.0,1.0,11.0,4.0,2.0,"Chhatrapati Shivaji Intl. Airport (T2), Mumbai",28.5,26.0,27.2,89,13.3,8.7,202,1001.2,12.0
2020-06-14,30.0,24.0,1.0,14.0,5.0,3.0,"Chhatrapati Shivaji Intl. Airport (T2), Mumbai",29.8,26.0,27.8,88,15.6,10.8,188,1002.7,4.6
2020-06-15,45.0,12.0,1.0,13.0,4.0,3.0,"Chhatrapati Shivaji Intl. Airport (T2), Mumbai",29.6,26.5,27.5,90,14.8,9.9,210,1002.5,19.4
2020-06-16,88.0,20.0,1.0,13.0,4.0,2.0,"Chhatrapati Shivaji Intl. Airport (T2), Mumbai",28.4,26.5,27.2,89,15.5,11.2,214,1001.7,27.9
2020-06-17,44.0,17.0,1.0,12.0,4.0,2.0,"Chhatrapati Shivaji Intl. Airport (T2), Mumbai",28.7,25.8,26.9,91,20.6,15.7,178,1001.8,18.9
2020-06-18,31.0,38.0,1.0,11.0,4.0,2.0,"Chhatrapati Shivaji Intl. Airport (T2), Mumbai",28.2,25.9,26.9,90,27.2,20.7,201,1003.8,30.1
2020-06-19,48.0,26.0,1.0,11.0,4.0,1.0,"Chhatrapati Shivaji Intl. Airport (T2), Mumbai",28.9,26.5,27.5,90,20.5,17.0,203,1005.7,5.3
2020-06-20,32.0,25.0,1.0,11.0,4.0,1.0,"Chhatrapati Shivaji Intl. Airport (T2), Mumbai",29.0,26.8,27.6,89,19.4,14.9,200,1006.4,4.9
2020-06-21,26.0,26.0,1.0,11.0,5.0,2.0,"Chhatrapati Shivaji Intl. Airport (T2), Mumbai",28.4,26.0,27.1,91,19.1,15.6,203,1005.5,9.9
2020-06-22,33.0,43.625,1.0,13.0,4.0,2.0,"Chhatrapati Shivaji Intl. Airport (T2), Mumbai",28.6,26.0,27.2,89,20.5,16.4,201,1003.8,5.8
2020-06-23,33.0,61.25,1.0,13.0,4.0,2.0,"Chhatrapati Shivaji Intl. Airport (T2), Mumbai",29.0,25.9,27.2,87,28.0,22.2,186,1004.5,4.9
2020-06-24,37.0,78.875,1.0,11.0,5.0,2.0,"Chhatrapati Shivaji Intl. Airport (T2), Mumbai",29.3,26.0,27.7,86,21.7,17.3,187,1005.1,3.0
2020-06-25,51.0,53.0,1.0,11.0,5.0,2.0,"Chhatrapati Shivaji Intl. Airport (T2), Mumbai",30.0,26.2,28.1,85,18.1,12.3,199,1004.5,10.2
2020-06-26,56.0,53.0,1.0,11.0,5.0,2.0,"Chhatrapati Shivaji Intl. Airport (T2), Mumbai",29.5,26.6,28.0,87,12.7,7.7,203,1004.2,10.5
2020-06-27,48.0,53.0,1.0,10.0,6.0,2.0,"Chhatrapati Shivaji Intl. Airport (T2), Mumbai",29.9,26.8,28.2,85,15.9,10.0,209,1004.6,5.2
2020-06-28,36.0,53.0,1.0,11.0,6.0,2.0,"Chhatrapati Shivaji Intl. Airport (T2), Mumbai",30.1,26.4,28.1,86,18.2,10.6,213,1004.6,14.9
2020-06-29,33.0,167.0,1.0,8.0,7.0,1.0,"Chhatrapati Shivaji Intl. Airport (T2), Mumbai",28.1,26.2,27.2,89,11.6,7.8,219,1004.0,17.9
2020-06-30,26.0,92.0,1.0,2.0,7.0,1.0,"Chhatrapati Shivaji Intl. Airport (T2), Mumbai",28.3,26.4,27.3,89,18.1,11.3,181,1002.6,18.2
2020-07-01,26.0,17.0,1.0,1.0,7.0,1.0,"Chhatrapati Shivaji Intl. Airport (T2), Mumbai",28.6,26.1,27.1,90,22.5,16.9,187,1003.5,12.3
2020-07-02,46.0,11.0,1.0,1.0,7.0,2.0,"Chhatrapati Shivaji Intl. Airport (T2), Mumbai",29.4,26.0,27.2,89,20.8,15.1,208,1003.3,18.1
2020-07-03,27.0,11.0,1.0,1.0,8.0,2.0,"Chhatrapati Shivaji Intl. Airport (T2), Mumbai",29.4,26.1,27.1,89,20.2,14.7,245,1002.6,34.2
2020-07-04,32.0,23.0,1.0,3.0,7.0,1.0,"Chhatrapati Shivaji Intl. Airport (T2), Mumbai",27.4,26.0,26.7,92,35.5,20.1,250,1000.5,169.8
2020-07-05,47.0,20.0,1.0,5.0,6.0,1.0,"Chhatrapati Shivaji Intl. Airport (T2), Mumbai",28.1,26.2,26.9,90,28.9,23.7,230,1000.7,59.5
2020-07-06,51.0,28.6,1.0,4.0,5.0,1.0,"Chhatrapati Shivaji Intl. Airport (T2), Mumbai",28.9,26.0,27.3,88,37.7,30.0,221,999.6,24.9
2020-07-07,34.0,37.2,1.0,2.0,6.0,1.0,"Chhatrapati Shivaji Intl. Airport (T2), Mumbai",28.0,26.1,27.1,91,28.2,23.8,225,1000.7,41.8
2020-07-08,28.0,45.8,1.0,2.0,6.0,1.0,"Chhatrapati Shivaji Intl. Airport (T2), Mumbai",28.2,25.7,26.9,91,24.7,19.3,210,1004.2,26.4
2020-07-09,30.0,48.0,1.0,2.0,6.0,1.0,"Chhatrapati Shivaji Intl. Airport (T2), Mumbai",28.0,26.2,26.9,91,20.9,17.2,204,1004.3,10.7
2020-07-10,26.0,48.0,1.0,2.0,6.0,1.0,"Chhatrapati Shivaji Intl. Airport (T2), Mumbai",28.4,26.1,27.0,90,23.5,18.3,207,1004.7,12.3
2020-07-11,28.0,48.0,1.0,1.0,6.0,2.0,"Chhatrapati Shivaji Intl. Airport (T2), Mumbai",27.9,25.5,26.7,90,23.7,18.1,212,1004.8,10.9
2020-07-12,33.0,48.0,1.0,1.0,7.0,3.0,"Chhatrapati Shivaji Intl. Airport (T2), Mumbai",28.0,25.8,26.7,90,19.0,15.4,215,1005.0,19.3
2020-07-13,43.0,48.0,1.0,1.0,7.0,3.0,"Chhatrapati Shivaji Intl. Airport (T2), Mumbai",27.9,25.8,26.6,91,18.2,13.4,230,1004.3,34.6
2020-07-14,46.0,48.0,1.0,1.0,7.0,2.0,"Chhatrapati Shivaji Intl. Airport (T2), Mumbai",28.4,25.8,26.7,91,15.9,11.0,243,1003.7,35.7
2020-07-15,29.0,48.0,1.0,1.0,8.0,2.0,"Chhatrapati Shivaji Intl. Airport (T2), Mumbai",27.3,25.6,26.3,92,19.8,11.9,255,1002.0,45.5
2020-07-16,34.0,48.0,1.0,3.0,7.0,2.0,"Chhatrapati Shivaji Intl. Airport (T2), Mumbai",27.5,25.6,26.2,92,28.0,19.0,213,999.2,45.8
2020-07-17,35.0,48.0,1.0,2.0,8.0,1.0,"Chhatrapati Shivaji Intl. Airport (T2), Mumbai",28.0,25.6,26.6,91,30.1,22.6,193,999.2,22.7
2020-07-18,33.0,48.0,1.0,1.0,8.0,1.0,"Chhatrapati Shivaji Intl. Airport (T2), Mumbai",28.0,25.9,26.7,91,26.1,21.0,186,1003.0,11.7
2020-07-19,28.0,48.0,1.0,1.0,10.0,2.0,"Chhatrapati Shivaji Intl. Airport (T2), Mumbai",28.8,25.7,27.2,89,18.2,12.5,207,1005.7,6.3
2020-07-20,35.0,149.0,1.0,1.0,10.0,2.0,"Chhatrapati Shivaji Intl. Airport (T2), Mumbai",28.1,26.3,27.1,91,14.3,10.7,205,1004.2,5.5
2020-07-21,83.0,47.0,1.0,1.0,10.0,2.0,"Chhatrapati Shivaji Intl. Airport (T2), Mumbai",28.6,26.0,27.0,89,16.2,12.3,196,1004.8,5.9
2020-07-22,51.0,41.0,1.0,1.0,9.0,2.0,"Chhatrapati Shivaji Intl. Airport (T2), Mumbai",29.2,26.2,27.6,88,14.8,9.1,205,1006.0,2.7
2020-07-23,38.0,50.0,1.0,1.0,10.0,4.0,"Chhatrapati Shivaji Intl. Airport (T2), Mumbai",28.9,26.0,27.3,90,9.7,6.6,225,1005.4,5.2
2020-07-24,60.0,45.0,1.0,2.0,9.0,3.0,"Chhatrapati Shivaji Intl. Airport (T2), Mumbai",27.8,26.0,26.8,90,11.5,6.6,201,1006.0,18.9
2020-07-25,51.0,30.0,1.0,2.0,8.0,2.0,"Chhatrapati Shivaji Intl. Airport (T2), Mumbai",28.3,25.9,27.0,88,17.1,11.0,196,1006.1,7.6
2020-07-26,49.0,28.0,1.0,1.6666666666666667,8.0,2.0,"Chhatrapati Shivaji Intl. Airport (T2), Mumbai",28.6,25.4,26.9,87,18.7,12.3,182,1007.0,10.8
2020-07-27,41.0,35.0,1.0,1.3333333333333337,8.0,4.0,"Chhatrapati Shivaji Intl. Airport (T2), Mumbai",28.5,25.3,26.6,90,17.2,12.0,227,1007.9,21.4
2020-07-28,65.0,46.0,1.0,1.0,9.0,5.0,"Chhatrapati Shivaji Intl. Airport (T2), Mumbai",28.4,25.9,27.0,89,14.8,8.8,254,1006.6,7.5
2020-07-29,74.0,35.0,1.0,1.0,9.0,4.0,"Chhatrapati Shivaji Intl. Airport (T2), Mumbai",28.7,25.9,26.9,90,14.9,7.4,257,1004.6,27.4
2020-07-30,45.0,35.0,1.0,1.0,9.0,4.0,"Chhatrapati Shivaji Intl. Airport (T2), Mumbai",28.0,25.5,26.5,92,15.9,8.5,239,1004.3,107.7
2020-07-31,43.0,38.0,1.0,2.0,9.0,2.0,"Chhatrapati Shivaji Intl. Airport (T2), Mumbai",28.8,26.0,27.2,89,15.4,10.0,205,1004.0,9.2
2020-08-01,38.0,35.0,1.0,2.0,8.0,1.0,"Chhatrapati Shivaji Intl. Airport (T2), Mumbai",29.2,25.9,27.5,88,20.0,13.8,186,1003.3,3.1
2020-08-02,36.0,22.0,1.0,3.0,7.0,1.0,"Chhatrapati Shivaji Intl. Airport (T2), Mumbai",29.6,26.1,27.6,86,26.8,18.6,174,1002.4,1.7
2020-08-03,30.0,28.0,1.0,3.0,7.0,1.0,"Chhatrapati Shivaji Intl. Airport (T2), Mumbai",28.0,26.0,26.7,90,34.4,20.3,212,1000.2,37.3
2020-08-04,31.0,33.0,1.0,3.0,7.0,1.0,"Chhatrapati Shivaji Intl. Airport (T2), Mumbai",27.2,26.5,26.8,90,45.9,32.1,232,996.7,153.3
2020-08-05,39.0,29.0,1.0,4.0,6.0,1.0,"Chhatrapati Shivaji Intl. Airport (T2), Mumbai",26.9,26.0,26.5,92,40.2,25.3,259,995.1,144.1
2020-08-06,39.0,41.0,1.0,3.0,6.0,1.0,"Chhatrapati Shivaji Intl. Airport (T2), Mumbai",28.1,26.5,27.2,89,48.1,30.8,241,995.5,55.4
2020-08-07,47.0,49.0,1.0,2.0,6.0,1.0,"Chhatrapati Shivaji Intl. Airport (T2), Mumbai",28.4,26.2,27.1,89,32.1,26.1,223,1001.5,12.5
2020-08-08,50.0,57.0,1.0,1.0,6.0,1.0,"Chhatrapati Shivaji Intl. Airport (T2), Mumbai",28.9,25.9,27.2,86,30.4,23.6,232,1004.7,8.9
2020-08-09,57.0,53.0,1.0,1.0,7.0,1.0,"Chhatrapati Shivaji Intl. Airport (T2), Mumbai",28.5,25.8,27.2,86,23.1,18.5,241,1004.2,5.0
2020-08-10,59.0,50.0,1.0,1.0,7.0,1.0,"Chhatrapati Shivaji Intl. Airport (T2), Mumbai",27.0,25.5,26.2,92,17.4,15.3,228,1004.1,15.0
2020-08-11,54.0,41.0,1.0,1.0,6.0,1.0,"Chhatrapati Shivaji Intl. Airport (T2), Mumbai",26.9,25.4,26.1,91,19.9,17.0,231,1005.7,27.5
2020-08-12,41.0,48.0,67.0,1.0,5.0,1.0,"Chhatrapati Shivaji Intl. Airport (T2), Mumbai",27.6,25.5,26.3,91,25.1,20.8,240,1006.8,27.5
2020-08-13,49.0,105.0,1.0,4.0,7.0,2.083333333333333,"Chhatrapati Shivaji Intl. Airport (T2), Mumbai",27.4,25.5,26.2,91,26.7,21.3,241,1004.8,28.5
2020-08-14,62.0,59.0,1.0,4.0,1.0,3.1666666666666665,"Chhatrapati Shivaji Intl. Airport (T2), Mumbai",26.3,25.4,25.7,92,27.6,22.9,228,1002.8,57.1
2020-08-15,139.0,61.0,1.0,2.0,2.0,4.25,"Chhatrapati Shivaji Intl. Airport (T2), Mumbai",26.8,25.4,25.9,92,25.6,21.6,234,1002.7,48.6
2020-08-16,63.0,56.0,1.0,3.0,2.0,3.0,"Chhatrapati Shivaji Intl. Airport (T2), Mumbai",27.2,25.8,26.2,91,23.9,20.0,244,1003.5,34.6
2020-08-17,56.0,44.0,1.0,2.0,3.0,3.0,"Chhatrapati Shivaji Intl. Airport (T2), Mumbai",26.5,25.3,25.8,91,23.2,19.2,240,1003.4,33.4
2020-08-18,51.0,45.0,1.0,2.0,4.0,3.0,"Chhatrapati Shivaji Intl. Airport (T2), Mumbai",26.7,25.4,25.9,92,22.5,18.3,230,1004.7,17.5
2020-08-19,42.0,77.0,1.0,1.0,4.0,3.0,"Chhatrapati Shivaji Intl. Airport (T2), Mumbai",28.3,25.4,26.4,90,27.1,19.0,241,1004.2,12.1
2020-08-20,51.0,61.0,1.0,1.0,3.0,3.0,"Chhatrapati Shivaji Intl. Airport (T2), Mumbai",27.4,25.4,26.0,92,20.8,17.1,240,1003.3,36.8
2020-08-21,50.0,68.0,1.0,1.0,3.0,3.0,"Chhatrapati Shivaji Intl. Airport (T2), Mumbai",27.2,25.2,26.1,92,22.8,19.5,231,1004.3,42.8
2020-08-22,40.0,41.0,1.0,2.0,2.0,3.0,"Chhatrapati Shivaji Intl. Airport (T2), Mumbai",27.5,25.6,26.4,91,24.6,19.4,231,1005.2,14.1
2020-08-23,45.0,46.0,1.0,2.0,2.0,3.0,"Chhatrapati Shivaji Intl. Airport (T2), Mumbai",27.9,25.2,26.5,89,27.2,22.4,228,1005.7,8.6
2020-08-24,48.0,44.0,2.0,1.0,3.0,14.0,"Chhatrapati Shivaji Intl. Airport (T2), Mumbai",28.6,25.5,26.9,87,27.9,22.1,229,1006.3,8.0
2020-08-25,47.0,203.0,2.0,2.0,10.0,11.833333333333334,"Chhatrapati Shivaji Intl. Airport (T2), Mumbai",28.6,25.8,27.0,86,25.8,18.0,226,1008.6,3.6
2020-08-26,212.0,45.0,1.0,1.0,5.0,9.666666666666668,"Chhatrapati Shivaji Intl. Airport (T2), Mumbai",28.9,25.5,26.9,86,21.7,14.7,217,1008.9,4.7
2020-08-27,43.0,31.0,1.0,1.0,5.0,7.5,"Chhatrapati Shivaji Intl. Airport (T2), Mumbai",27.4,25.1,26.0,91,17.6,12.4,218,1007.9,9.8
2020-08-28,49.0,39.0,1.0,1.0,6.0,3.0,"Chhatrapati Shivaji Intl. Airport (T2), Mumbai",26.9,25.3,25.7,92,20.1,15.0,221,1006.1,29.7
2020-08-29,56.0,33.0,1.0,1.0,5.0,3.0,"Chhatrapati Shivaji Intl. Airport (T2), Mumbai",26.0,25.1,25.5,93,21.0,16.0,226,1005.5,34.5
2020-08-30,49.0,36.0,1.0,1.0,4.0,1.0,"Chhatrapati Shivaji Intl. Airport (T2), Mumbai",26.5,25.3,25.8,92,24.1,19.0,216,1005.7,21.6
2020-08-31,42.0,43.0,1.0,1.0,5.0,1.5,"Chhatrapati Shivaji Intl. Airport (T2), Mumbai",27.2,25.1,26.2,90,21.8,16.9,219,1007.7,14.4
2020-09-01,59.0,65.0,1.0,3.0,6.0,2.0,"Chhatrapati Shivaji Intl. Airport (T2), Mumbai",27.9,24.9,26.2,91,13.0,8.9,237,1009.1,3.7
2020-09-02,83.0,75.0,1.0,4.0,5.0,1.5,"Chhatrapati Shivaji Intl. Airport (T2), Mumbai",29.0,25.4,27.0,87,18.3,7.3,317,1008.4,2.4
2020-09-03,68.0,84.0,1.0,7.0,5.0,1.0,"Chhatrapati Shivaji Intl. Airport (T2), Mumbai",29.7,25.8,27.5,87,15.0,8.4,338,1007.4,1.2
2020-09-04,104.0,191.0,2.0,9.0,5.0,1.0,"Chhatrapati Shivaji Intl. Airport (T2), Mumbai",30.9,25.5,28.0,88,13.2,6.4,338,1006.6,3.3
2020-09-05,130.0,53.0,1.0,7.0,6.0,2.0,"Chhatrapati Shivaji Intl. Airport (T2), Mumbai",30.3,25.2,28.0,88,13.5,7.1,313,1006.1,0.6
2020-09-06,67.0,87.0,1.0,7.0,5.0,1.0,"Chhatrapati Shivaji Intl. Airport (T2), Mumbai",30.2,26.9,28.0,91,13.6,6.0,327,1005.3,10.1
2020-09-07,67.0,67.0,1.0,4.0,5.0,1.0,"Chhatrapati Shivaji Intl. Airport (T2), Mumbai",28.8,26.2,27.4,88,19.8,7.2,201,1006.7,2.7
2020-09-08,77.0,163.0,1.0,5.0,5.0,1.0,"Chhatrapati Shivaji Intl. Airport (T2), Mumbai",29.2,25.1,27.1,89,14.3,7.5,328,1007.3,12.4
2020-09-09,166.0,63.0,1.0,5.0,5.0,1.0,"Chhatrapati Shivaji Intl. Airport (T2), Mumbai",29.8,26.5,27.9,89,14.3,7.0,329,1005.7,5.1
2020-09-10,81.0,133.0,1.0,7.0,6.0,5.0,"Chhatrapati Shivaji Intl. Airport (T2), Mumbai",29.0,25.9,27.4,89,12.5,6.7,236,1003.9,4.8
2020-09-11,99.0,109.0,1.0,5.0,5.0,5.0,"Chhatrapati Shivaji Intl. Airport (T2), Mumbai",28.6,26.0,27.1,91,13.4,7.1,311,1003.3,27.5
2020-09-12,65.0,41.0,1.0,3.0,4.0,5.0,"Chhatrapati Shivaji Intl. Airport (T2), Mumbai",28.8,25.2,26.7,88,39.3,18.7,194,1004.1,5.4
2020-09-13,57.0,52.0,1.0,2.0,5.0,5.0,"Chhatrapati Shivaji Intl. Airport (T2), Mumbai",28.1,26.0,27.1,83,25.2,17.3,226,1007.0,6.4
2020-09-14,71.0,53.0,1.0,3.0,6.0,1.0,"Chhatrapati Shivaji Intl. Airport (T2), Mumbai",28.2,25.8,26.7,89,13.3,9.6,220,1006.7,7.7
2020-09-15,79.0,53.5,1.0,4.0,5.5,3.0,"Chhatrapati Shivaji Intl. Airport (T2), Mumbai",28.2,25.2,26.4,90,12.0,7.8,198,1006.4,8.7
2020-09-16,71.5,54.0,1.0,5.0,5.0,5.0,"Chhatrapati Shivaji Intl. Airport (T2), Mumbai",28.1,25.0,26.4,90,11.7,5.5,249,1006.7,9.3
2020-09-17,64.0,61.0,1.0,3.5,6.0,6.0,"Chhatrapati Shivaji Intl. Airport (T2), Mumbai",27.9,25.7,26.7,89,14.9,5.9,264,1007.0,10.6
2020-09-18,83.0,231.0,1.0,2.0,7.0,8.0,"Chhatrapati Shivaji Intl. Airport (T2), Mumbai",27.6,25.4,26.4,85,10.0,5.8,254,1006.3,12.4
2020-09-19,101.0,56.0,1.0,5.0,6.0,8.0,"Chhatrapati Shivaji Intl. Airport (T2), Mumbai",29.0,25.2,27.1,88,13.5,5.7,302,1004.0,4.4
2020-09-20,85.0,109.0,1.0,3.0,7.0,8.0,"Chhatrapati Shivaji Intl. Airport (T2), Mumbai",29.0,25.5,27.1,91,17.5,6.3,329,1002.1,4.7
2020-09-21,101.0,95.0,1.0,2.0,7.0,8.0,"Chhatrapati Shivaji Intl. Airport (T2), Mumbai",29.7,25.6,27.3,92,13.8,6.0,280,1000.6,16.3
2020-09-22,109.0,183.0,1.0,5.0,6.0,4.0,"Chhatrapati Shivaji Intl. Airport (T2), Mumbai",28.8,25.9,26.8,92,14.6,6.2,212,1001.1,17.6
2020-09-23,161.0,103.0,1.0,3.0,6.0,6.0,"Chhatrapati Shivaji Intl. Airport (T2), Mumbai",26.7,25.5,26.2,93,31.5,15.1,244,1003.2,150.2
2020-09-24,146.66666666666666,90.0,1.0,1.0,7.0,7.0,"Chhatrapati Shivaji Intl. Airport (T2), Mumbai",28.7,25.5,26.8,90,14.3,9.2,213,1007.1,7.8
2020-09-25,132.33333333333334,104.0,1.0,4.0,6.0,5.0,"Chhatrapati Shivaji Intl. Airport (T2), Mumbai",28.0,25.9,26.8,88,16.9,8.8,250,1007.7,6.4
2020-09-26,118.0,70.0,1.0,2.0,6.0,6.0,"Chhatrapati Shivaji Intl. Airport (T2), Mumbai",29.1,25.5,26.9,82,15.6,9.6,273,1007.6,2.5
2020-09-27,45.0,77.0,1.0,3.0,6.0,7.0,"Chhatrapati Shivaji Intl. Airport (T2), Mumbai",27.7,25.0,26.3,88,11.9,6.8,239,1008.8,2.5
2020-09-28,71.0,91.0,1.0,5.0,7.0,8.0,"Chhatrapati Shivaji Intl. Airport (T2), Mumbai",28.0,25.0,26.4,87,11.5,5.0,258,1009.4,3.0
2020-09-29,74.0,90.0,1.0,4.0,7.0,7.0,"Chhatrapati Shivaji Intl. Airport (T2), Mumbai",28.6,24.8,26.6,87,13.4,5.6,319,1008.6,0.9
2020-09-30,77.0,89.0,1.0,4.0,6.0,6.0,"Chhatrapati Shivaji Intl. Airport (T2), Mumbai",28.7,24.7,26.7,85,15.1,6.7,312,1007.8,1.2
2020-10-01,91.0,122.0,1.0,6.0,6.0,7.0,"Chhatrapati Shivaji Intl. Airport (T2), Mumbai",29.0,24.6,26.9,84,15.3,7.3,320,1008.3,1.8
2020-10-02,113.0,84.0,1.0,7.0,6.0,6.0,"Chhatrapati Shivaji Intl. Airport (T2), Mumbai",29.6,25.5,27.3,87,15.0,6.6,331,1008.3,1.5
2020-10-03,98.0,50.0,1.0,6.0,6.0,6.0,"Chhatrapati Shivaji Intl. Airport (T2), Mumbai",29.2,25.0,27.1,90,13.8,6.2,313,1008.4,2.8
2020-10-04,73.0,52.0,1.0,4.0,7.0,7.0,"Chhatrapati Shivaji Intl. Airport (T2), Mumbai",27.8,25.4,26.4,90,12.0,5.7,223,1009.8,9.0
2020-10-05,67.0,86.0,1.0,5.0,7.0,9.0,"Chhatrapati Shivaji Intl. Airport (T2), Mumbai",28.4,25.2,26.8,88,13.6,6.0,299,1009.4,2.3
2020-10-06,74.0,116.0,1.0,9.0,7.0,9.0,"Chhatrapati Shivaji Intl. Airport (T2), Mumbai",30.2,24.6,27.1,88,16.1,7.6,344,1008.6,0.7
2020-10-07,126.0,156.0,1.0,9.0,6.0,9.0,"Chhatrapati Shivaji Intl. Airport (T2), Mumbai",30.3,25.4,27.7,89,15.4,7.1,330,1009.1,0.7
2020-10-08,202.0,150.0,2.0,11.0,6.0,10.0,"Chhatrapati Shivaji Intl. Airport (T2), Mumbai",30.9,26.5,28.3,86,14.3,7.7,334,1008.2,0.0
2020-10-09,160.0,122.0,1.0,6.0,7.0,12.0,"Chhatrapati Shivaji Intl. Airport (T2), Mumbai",31.8,26.5,28.9,81,15.0,7.2,355,1007.3,0.9
2020-10-10,172.0,97.0,1.3333333333333333,7.333333333333333,9.666666666666666,11.0,"Chhatrapati Shivaji Intl. Airport (T2), Mumbai",30.5,26.5,28.3,87,14.3,7.2,170,1007.2,7.2
2020-10-12,155.8,47.0,2.0,10.0,15.0,9.0,"Chhatrapati Shivaji Intl. Airport (T2), Mumbai",30.2,26.0,27.8,87,10.8,5.4,343,1003.7,2.9
2020-10-13,147.7,74.0,2.0,6.0,16.0,11.0,"Chhatrapati Shivaji Intl. Airport (T2), Mumbai",30.5,26.0,28.1,90,9.6,4.6,177,1003.1,5.0
2020-10-14,139.6,49.0,1.0,7.0,15.0,10.0,"Chhatrapati Shivaji Intl. Airport (T2), Mumbai",29.6,26.1,27.7,91,10.1,4.2,172,1003.4,6.8
2020-10-15,91.0,56.0,1.0,4.0,15.0,10.0,"Chhatrapati Shivaji Intl. Airport (T2), Mumbai",30.9,25.8,28.0,88,16.0,10.2,349,1001.0,28.4
2020-10-16,91.0,64.0,1.0,7.0,14.0,6.0,"Chhatrapati Shivaji Intl. Airport (T2), Mumbai",30.4,25.9,27.8,79,24.0,15.3,132,1001.5,0.3
2020-10-17,91.0,68.0,1.0,1.0,15.0,7.0,"Chhatrapati Shivaji Intl. Airport (T2), Mumbai",29.9,26.0,27.6,79,23.1,17.5,166,1005.2,1.1
2020-10-18,91.0,69.0,1.0,1.0,15.0,7.0,"Chhatrapati Shivaji Intl. Airport (T2), Mumbai",28.9,26.0,27.1,85,16.1,9.6,179,1007.6,0.4
2020-10-19,91.0,82.0,1.0,11.0,14.0,9.0,"Chhatrapati Shivaji Intl. Airport (T2), Mumbai",29.0,25.5,27.0,89,14.2,5.9,280,1008.0,4.8
2020-10-20,91.0,76.0,22.0,8.0,14.0,9.0,"Chhatrapati Shivaji Intl. Airport (T2), Mumbai",30.0,25.1,27.2,90,14.5,6.4,341,1007.4,4.6
2020-10-21,91.0,85.5,12.5,9.0,14.0,10.5,"Chhatrapati Shivaji Intl. Airport (T2), Mumbai",30.5,25.2,27.2,88,13.8,6.4,5,1007.8,8.7
2020-10-22,88.66666666666667,95.0,3.0,10.0,14.0,12.0,"Chhatrapati Shivaji Intl. Airport (T2), Mumbai",29.4,24.6,26.8,90,15.5,7.7,8,1006.9,15.4
2020-10-23,86.33333333333333,110.0,32.0,4.0,15.0,14.0,"Chhatrapati Shivaji Intl. Airport (T2), Mumbai",30.0,24.4,27.1,88,11.6,5.1,336,1006.8,1.3
2020-10-24,84.0,110.0,36.0,10.0,14.0,12.5,"Chhatrapati Shivaji Intl. Airport (T2), Mumbai",28.4,25.8,27.1,90,10.4,6.3,190,1008.4,2.8
2020-10-25,91.0,110.0,40.0,16.0,13.0,11.0,"Chhatrapati Shivaji Intl. Airport (T2), Mumbai",29.2,24.8,27.1,90,12.0,6.2,280,1010.2,3.9
2020-10-26,91.0,105.0,42.0,10.0,14.0,12.0,"Chhatrapati Shivaji Intl. Airport (T2), Mumbai",31.0,25.4,27.7,83,14.3,6.8,2,1011.2,0.0
2020-10-27,91.0,111.0,75.0,14.0,15.0,14.0,"Chhatrapati Shivaji Intl. Airport (T2), Mumbai",31.1,24.7,27.4,76,12.4,8.2,8,1010.3,0.0
2020-10-28,91.0,102.0,65.0,14.0,14.0,13.0,"Chhatrapati Shivaji Intl. Airport (T2), Mumbai",31.5,23.6,27.3,79,11.2,6.8,346,1010.7,0.0
2020-10-29,91.0,100.0,55.0,17.0,14.0,12.0,"Chhatrapati Shivaji Intl. Airport (T2), Mumbai",30.1,23.4,26.9,81,11.8,6.8,351,1011.3,0.0
2020-10-30,70.0,100.0,40.0,15.0,14.0,13.0,"Chhatrapati Shivaji Intl. Airport (T2), Mumbai",31.2,22.8,26.6,78,13.0,8.0,356,1011.1,0.0
2020-10-31,62.0,88.0,38.0,15.0,14.0,13.0,"Chhatrapati Shivaji Intl. Airport (T2), Mumbai",30.8,21.5,26.3,74,13.2,7.7,354,1011.1,0.0
2020-11-01,60.0,114.0,52.0,29.0,14.0,16.0,"Chhatrapati Shivaji Intl. Airport (T2), Mumbai",30.6,22.8,26.5,76,13.0,7.7,346,1011.8,0.0
2020-11-02,75.0,122.0,61.0,22.0,14.0,14.0,"Chhatrapati Shivaji Intl. Airport (T2), Mumbai",32.0,23.6,27.6,75,10.7,6.2,9,1012.5,0.0
2020-11-03,125.0,122.0,47.0,18.0,15.0,16.0,"Chhatrapati Shivaji Intl. Airport (T2), Mumbai",33.1,24.0,28.0,67,14.5,8.6,15,1012.2,0.0
2020-11-04,143.0,100.0,74.0,15.0,15.0,13.0,"Chhatrapati Shivaji Intl. Airport (T2), Mumbai",32.7,23.0,27.3,69,13.0,8.1,13,1011.9,0.0
2020-11-05,128.0,96.0,64.0,16.0,13.0,11.0,"Chhatrapati Shivaji Intl. Airport (T2), Mumbai",33.0,22.4,27.0,63,13.1,9.2,28,1012.3,0.0
2020-11-06,115.0,112.0,62.0,18.0,13.0,14.0,"Chhatrapati Shivaji Intl. Airport (T2), Mumbai",32.8,22.4,26.7,57,16.2,10.8,31,1013.8,0.0
2020-11-07,131.0,100.0,63.5,16.0,13.0,13.0,"Chhatrapati Shivaji Intl. Airport (T2), Mumbai",33.1,21.4,26.4,57,15.5,10.6,29,1014.2,0.0
2020-11-08,120.0,98.0,65.0,16.0,14.0,13.0,"Chhatrapati Shivaji Intl. Airport (T2), Mumbai",33.7,23.0,27.6,57,13.6,9.8,48,1014.0,0.0
2020-11-09,127.0,135.0,65.0,20.0,13.0,12.0,"Chhatrapati Shivaji Intl. Airport (T2), Mumbai",32.3,22.0,26.6,60,13.3,8.2,5,1013.5,0.0
2020-11-10,164.0,116.0,43.0,23.0,11.0,13.0,"Chhatrapati Shivaji Intl. Airport (T2), Mumbai",32.3,20.3,25.7,57,14.3,9.2,48,1011.4,0.0
2020-11-11,140.0,139.0,75.0,24.0,9.0,13.0,"Chhatrapati Shivaji Intl. Airport (T2), Mumbai",32.0,20.1,25.2,56,17.3,9.6,45,1011.9,0.0
2020-11-12,165.0,113.0,49.0,15.0,10.0,17.0,"Chhatrapati Shivaji Intl. Airport (T2), Mumbai",31.9,20.0,25.3,51,15.4,11.4,27,1013.0,0.0
2020-11-13,233.0,119.0,40.0,15.0,10.0,13.0,"Chhatrapati Shivaji Intl. Airport (T2), Mumbai",32.5,20.4,26.2,62,17.2,10.8,14,1012.0,0.0
2020-11-14,129.0,86.0,50.0,15.0,10.0,12.0,"Chhatrapati Shivaji Intl. Airport (T2), Mumbai",33.4,22.7,27.5,68,14.9,9.9,24,1010.4,0.0
2020-11-15,108.0,152.0,53.0,18.0,10.0,13.0,"Chhatrapati Shivaji Intl. Airport (T2), Mumbai",32.2,24.2,27.8,71,14.8,9.5,342,1010.6,0.0
2020-11-16,142.0,194.0,42.0,15.0,6.0,12.0,"Chhatrapati Shivaji Intl. Airport (T2), Mumbai",33.1,24.1,28.1,65,18.3,10.5,354,1010.9,0.0
2020-11-17,209.0,164.0,52.0,18.0,7.0,12.0,"Chhatrapati Shivaji Intl. Airport (T2), Mumbai",33.8,25.1,28.6,63,18.4,10.6,358,1010.0,0.0
2020-11-18,159.0,103.0,47.0,18.0,7.0,12.0,"Chhatrapati Shivaji Intl. Airport (T2), Mumbai",30.8,24.4,27.5,71,12.5,8.1,333,1009.9,0.1
2020-11-19,155.0,136.0,41.0,19.0,7.0,13.0,"Chhatrapati Shivaji Intl. Airport (T2), Mumbai",32.2,25.4,27.8,66,18.0,10.3,351,1010.2,0.0
2020-11-20,152.0,143.0,43.0,11.0,7.0,14.0,"Chhatrapati Shivaji Intl. Airport (T2), Mumbai",31.0,24.3,27.3,61,16.3,11.0,350,1011.4,0.0
2020-11-21,164.0,113.0,70.0,26.0,6.0,12.0,"Chhatrapati Shivaji Intl. Airport (T2), Mumbai",31.0,22.6,26.6,62,16.4,10.0,341,1012.0,0.0
2020-11-22,140.0,88.0,23.0,16.0,7.0,12.0,"Chhatrapati Shivaji Intl. Airport (T2), Mumbai",30.9,21.0,25.6,74,16.7,8.0,336,1012.7,0.0
2020-11-23,98.0,138.0,45.0,19.0,7.0,12.0,"Chhatrapati Shivaji Intl. Airport (T2), Mumbai",30.6,21.1,25.7,73,17.6,9.2,333,1013.0,0.0
2020-11-24,161.0,138.0,66.0,23.0,8.0,16.0,"Chhatrapati Shivaji Intl. Airport (T2), Mumbai",31.0,21.6,25.7,66,16.0,8.7,336,1011.9,0.0
2020-11-25,155.0,130.0,65.0,23.0,8.0,15.0,"Chhatrapati Shivaji Intl. Airport (T2), Mumbai",31.0,22.8,26.3,68,17.4,8.0,335,1011.0,0.0
2020-11-26,150.0,93.0,49.0,17.0,5.0,9.0,"Chhatrapati Shivaji Intl. Airport (T2), Mumbai",31.4,21.3,26.2,63,21.5,12.1,350,1011.4,0.0
2020-11-27,136.0,131.0,48.0,16.0,5.0,9.0,"Chhatrapati Shivaji Intl. Airport (T2), Mumbai",33.0,23.5,27.6,43,22.6,13.7,39,1012.8,0.0
2020-11-28,196.0,80.0,33.0,11.0,9.0,11.0,"Chhatrapati Shivaji Intl. Airport (T2), Mumbai",32.3,23.2,27.1,51,15.6,11.9,50,1013.2,0.0
2020-11-29,105.0,88.0,48.0,20.0,9.0,12.0,"Chhatrapati Shivaji Intl. Airport (T2), Mumbai",31.6,24.2,27.2,65,14.3,9.2,24,1013.1,0.0
2020-11-30,115.0,93.0,72.0,15.0,9.0,12.0,"Chhatrapati Shivaji Intl. Airport (T2), Mumbai",32.0,22.9,27.0,67,16.0,9.2,347,1013.3,0.0
2020-12-01,114.0,113.0,58.0,24.0,8.0,12.0,"Chhatrapati Shivaji Intl. Airport (T2), Mumbai",33.0,24.4,28.0,64,16.8,9.4,347,1013.1,0.0
2020-12-02,135.0,111.0,75.0,20.0,8.0,12.0,"Chhatrapati Shivaji Intl. Airport (T2), Mumbai",32.8,23.6,27.3,66,19.5,10.5,356,1012.0,0.0
2020-12-03,130.0,157.0,61.0,11.0,9.0,10.0,"Chhatrapati Shivaji Intl. Airport (T2), Mumbai",32.5,21.5,26.4,62,17.3,9.7,14,1011.5,0.0
2020-12-04,167.0,124.0,60.0,9.0,26.0,8.0,"Chhatrapati Shivaji Intl. Airport (T2), Mumbai",32.4,20.2,25.7,64,14.0,8.0,21,1010.7,0.0
2020-12-05,141.0,101.0,59.0,17.0,9.0,11.0,"Chhatrapati Shivaji Intl. Airport (T2), Mumbai",32.8,19.2,25.5,62,14.3,8.1,13,1011.2,0.0
2020-12-06,108.0,116.0,59.0,18.0,8.0,11.0,"Chhatrapati Shivaji Intl. Airport (T2), Mumbai",32.8,20.0,25.6,51,15.3,9.3,31,1012.3,0.0
2020-12-07,126.0,121.0,53.0,12.0,7.0,11.0,"Chhatrapati Shivaji Intl. Airport (T2), Mumbai",33.3,20.2,25.9,49,17.2,9.8,43,1013.6,0.0
2020-12-08,130.0,114.0,38.0,17.0,4.0,12.0,"Chhatrapati Shivaji Intl. Airport (T2), Mumbai",33.0,20.7,26.0,53,15.3,10.4,23,1013.4,0.0
2020-12-09,126.0,114.0,38.0,17.0,5.0,12.0,"Chhatrapati Shivaji Intl. Airport (T2), Mumbai",32.7,21.6,26.4,58,14.7,8.7,15,1012.1,0.0
2020-12-10,137.0,113.0,24.0,12.0,4.0,10.0,"Chhatrapati Shivaji Intl. Airport (T2), Mumbai",31.0,24.3,27.3,66,14.5,7.2,338,1011.6,0.0
2020-12-11,137.0,103.0,18.0,10.0,4.0,11.0,"Chhatrapati Shivaji Intl. Airport (T2), Mumbai",28.0,24.4,25.8,71,15.0,8.9,348,1012.6,1.0
2020-12-12,124.0,84.0,21.0,7.0,4.0,8.0,"Chhatrapati Shivaji Intl. Airport (T2), Mumbai",30.4,23.0,25.6,77,17.7,8.9,360,1011.7,1.3
2020-12-13,104.0,73.0,11.0,7.0,3.0,7.0,"Chhatrapati Shivaji Intl. Airport (T2), Mumbai",28.9,22.6,25.1,75,15.4,9.1,1,1010.9,0.0
2020-12-14,89.0,116.0,25.0,13.0,4.0,11.0,"Chhatrapati Shivaji Intl. Airport (T2), Mumbai",27.4,22.5,24.1,86,11.2,7.2,3,1011.4,22.5
2020-12-15,142.0,132.0,24.0,15.0,4.0,12.0,"Chhatrapati Shivaji Intl. Airport (T2), Mumbai",29.2,21.9,24.8,80,21.0,13.1,348,1012.6,0.0
2020-12-16,157.0,139.0,27.0,15.0,4.0,14.0,"Chhatrapati Shivaji Intl. Airport (T2), Mumbai",29.2,21.9,24.9,79,19.4,12.2,350,1013.7,0.0
2020-12-17,158.0,129.0,33.0,17.0,3.0,13.0,"Chhatrapati Shivaji Intl. Airport (T2), Mumbai",30.2,21.5,25.2,76,19.5,11.4,354,1013.9,0.0
2020-12-18,150.0,113.0,45.0,14.0,2.0,10.0,"Chhatrapati Shivaji Intl. Airport (T2), Mumbai",30.8,21.2,25.0,74,15.3,9.9,0,1013.5,0.0
2020-12-19,135.0,104.0,49.0,12.0,3.0,8.0,"Chhatrapati Shivaji Intl. Airport (T2), Mumbai",31.9,20.5,25.4,66,18.4,11.1,20,1014.0,0.0
2020-12-20,129.0,108.0,51.0,15.0,2.0,9.0,"Chhatrapati Shivaji Intl. Airport (T2), Mumbai",31.0,21.0,25.0,58,17.9,11.7,27,1014.6,0.0
2020-12-21,122.0,121.0,49.0,15.0,5.0,11.0,"Chhatrapati Shivaji Intl. Airport (T2), Mumbai",31.1,18.8,24.1,55,16.9,9.8,35,1013.4,0.0
2020-12-22,127.0,128.0,40.0,17.0,4.0,14.0,"Chhatrapati Shivaji Intl. Airport (T2), Mumbai",30.9,17.1,23.2,58,14.1,8.9,24,1012.3,0.0
2020-12-23,141.0,141.0,56.0,18.0,4.0,13.0,"Chhatrapati Shivaji Intl. Airport (T2), Mumbai",29.4,16.5,23.2,62,13.0,7.9,357,1011.1,0.0
2020-12-24,145.0,151.0,53.0,19.0,6.0,15.0,"Chhatrapati Shivaji Intl. Airport (T2), Mumbai",31.0,17.4,23.5,62,16.4,10.0,359,1010.1,0.0
2020-12-25,151.0,146.0,41.0,23.0,4.0,15.0,"Chhatrapati Shivaji Intl. Airport (T2), Mumbai",32.5,18.9,25.1,60,12.8,8.7,22,1010.6,0.0
2020-12-26,154.0,139.0,46.0,22.0,5.0,12.0,"Chhatrapati Shivaji Intl. Airport (T2), Mumbai",31.5,19.8,25.0,65,14.3,8.4,352,1012.0,0.0
2020-12-27,158.0,126.0,38.0,18.0,3.0,9.0,"Chhatrapati Shivaji Intl. Airport (T2), Mumbai",30.0,20.8,24.8,68,20.9,12.9,342,1012.1,0.0
2020-12-28,132.0,156.0,32.0,21.0,4.0,11.0,"Chhatrapati Shivaji Intl. Airport (T2), Mumbai",28.2,19.7,23.2,50,23.1,15.4,347,1012.2,0.0
2020-12-29,156.0,174.0,25.0,18.0,4.0,15.0,"Chhatrapati Shivaji Intl. Airport (T2), Mumbai",27.5,16.5,22.0,61,18.7,10.3,340,1011.4,0.0
2020-12-30,164.0,161.0,41.0,20.0,4.0,14.0,"Chhatrapati Shivaji Intl. Airport (T2), Mumbai",28.7,18.2,22.9,65,20.4,11.3,343,1011.5,0.0
2020-12-31,159.0,148.0,40.0,20.0,5.0,14.0,"Chhatrapati Shivaji Intl. Airport (T2), Mumbai",32.0,19.0,24.5,67,15.3,10.6,358,1011.0,0.0
2021-01-01,161.0,170.0,32.0,16.0,4.0,13.0,"Chhatrapati Shivaji Intl. Airport (T2), Mumbai",31.6,20.8,25.4,70,17.3,8.5,329,1011.4,0.0
2021-01-02,170.0,152.0,44.0,18.0,2.0,12.0,"Chhatrapati Shivaji Intl. Airport (T2), Mumbai",28.9,22.6,25.0,75,16.2,8.7,330,1012.1,0.0
2021-01-03,164.0,149.0,40.0,21.0,4.0,12.0,"Chhatrapati Shivaji Intl. Airport (T2), Mumbai",28.3,21.5,24.3,69,18.0,10.0,336,1010.7,0.0
2021-01-04,162.0,213.0,43.5,21.0,3.0,10.0,"Chhatrapati Shivaji Intl. Airport (T2), Mumbai",28.0,21.2,24.0,66,16.6,9.1,329,1010.6,0.0
2021-01-05,217.0,175.0,47.0,26.0,2.0,15.0,"Chhatrapati Shivaji Intl. Airport (T2), Mumbai",28.4,21.1,24.0,67,20.9,12.2,343,1011.8,0.4
2021-01-06,172.0,167.0,29.0,26.0,15.0,15.0,"Chhatrapati Shivaji Intl. Airport (T2), Mumbai",29.1,21.6,24.5,61,21.8,14.6,343,1011.3,0.0
2021-01-07,196.0,160.0,14.0,11.0,11.0,17.0,"Chhatrapati Shivaji Intl. Airport (T2), Mumbai",29.4,21.6,25.2,71,17.6,7.9,339,1009.3,0.2
2021-01-08,251.0,192.0,22.0,11.0,8.0,15.0,"Chhatrapati Shivaji Intl. Airport (T2), Mumbai",28.9,22.9,25.2,84,11.5,7.8,342,1008.7,2.8
2021-01-09,218.0,146.0,32.0,11.0,8.0,15.0,"Chhatrapati Shivaji Intl. Airport (T2), Mumbai",30.2,22.9,25.9,78,16.1,9.6,352,1009.3,0.2
2021-01-10,157.0,133.0,40.0,12.0,10.0,15.0,"Chhatrapati Shivaji Intl. Airport (T2), Mumbai",31.0,23.9,26.9,76,14.3,8.0,358,1010.0,0.0
2021-01-11,150.0,132.0,44.0,16.0,10.0,13.0,"Chhatrapati Shivaji Intl. Airport (T2), Mumbai",31.3,23.8,26.9,73,16.1,8.9,341,1011.1,0.0
2021-01-12,144.0,138.0,35.0,14.0,8.0,13.0,"Chhatrapati Shivaji Intl. Airport (T2), Mumbai",32.7,24.0,27.3,68,20.7,11.9,353,1011.6,0.0
2021-01-13,136.0,130.0,50.0,21.0,6.0,11.0,"Chhatrapati Shivaji Intl. Airport (T2), Mumbai",32.2,22.5,26.9,62,18.9,11.9,353,1011.4,0.0
2021-01-14,145.0,109.0,36.0,17.0,6.0,9.0,"Chhatrapati Shivaji Intl. Airport (T2), Mumbai",30.5,21.5,24.8,70,20.1,10.7,344,1010.9,0.0
2021-01-15,120.0,123.0,44.0,20.0,6.0,10.0,"Chhatrapati Shivaji Intl. Airport (T2), Mumbai",28.3,20.3,23.7,75,19.1,10.1,329,1010.4,0.0
2021-01-16,131.0,129.0,47.0,18.0,6.0,11.0,"Chhatrapati Shivaji Intl. Airport (T2), Mumbai",28.4,18.1,22.7,73,18.6,9.3,337,1009.5,0.0
2021-01-17,145.0,94.0,30.0,17.0,6.0,10.0,"Chhatrapati Shivaji Intl. Airport (T2), Mumbai",28.1,19.0,23.4,78,14.7,8.1,329,1009.9,0.0
2021-01-18,99.0,141.0,37.0,18.0,8.0,14.0,"Chhatrapati Shivaji Intl. Airport (T2), Mumbai",28.8,20.4,24.2,74,18.1,11.1,336,1011.5,0.0
2021-01-19,151.0,140.0,30.0,19.0,7.0,13.0,"Chhatrapati Shivaji Intl. Airport (T2), Mumbai",29.9,21.0,25.2,61,17.2,12.2,336,1011.6,0.0
2021-01-20,138.0,137.0,51.0,24.0,8.0,12.0,"Chhatrapati Shivaji Intl. Airport (T2), Mumbai",30.4,20.1,24.7,57,18.1,11.6,341,1012.5,0.0
2021-01-21,150.0,162.0,47.0,24.0,7.0,13.0,"Chhatrapati Shivaji Intl. Airport (T2), Mumbai",28.8,19.5,23.0,65,17.6,10.4,337,1012.4,0.0
2021-01-22,165.0,181.0,47.0,29.0,8.0,17.0,"Chhatrapati Shivaji Intl. Airport (T2), Mumbai",29.6,18.3,23.0,75,18.6,9.7,337,1011.7,0.0
2021-01-23,168.0,130.0,57.0,28.0,8.0,16.0,"Chhatrapati Shivaji Intl. Airport (T2), Mumbai",30.6,20.0,24.1,68,20.1,12.0,336,1011.8,0.0
2021-01-24,142.0,169.0,41.0,37.0,4.0,10.0,"Chhatrapati Shivaji Intl. Airport (T2), Mumbai",29.4,19.1,23.8,62,19.6,12.0,338,1012.7,0.0
2021-01-25,160.0,153.0,62.0,34.0,3.0,10.0,"Chhatrapati Shivaji Intl. Airport (T2), Mumbai",29.0,16.6,22.5,64,19.1,11.4,338,1013.3,0.0
2021-01-26,159.0,152.0,44.0,36.0,4.0,15.0,"Chhatrapati Shivaji Intl. Airport (T2), Mumbai",28.0,17.6,22.0,70,20.4,10.8,339,1012.9,0.0
2021-01-27,157.0,165.0,47.0,24.0,4.0,16.0,"Chhatrapati Shivaji Intl. Airport (T2), Mumbai",27.1,16.9,21.5,71,18.4,9.8,336,1012.5,0.0
2021-01-28,162.0,230.0,43.0,25.0,6.0,16.0,"Chhatrapati Shivaji Intl. Airport (T2), Mumbai",27.5,17.0,21.6,71,20.0,11.2,337,1012.9,0.0
2021-01-29,163.0,152.0,34.0,25.0,7.0,18.0,"Chhatrapati Shivaji Intl. Airport (T2), Mumbai",28.2,16.6,22.4,63,17.9,9.9,338,1013.5,0.0
2021-01-30,147.0,136.0,36.0,22.0,7.0,15.0,"Chhatrapati Shivaji Intl. Airport (T2), Mumbai",30.0,17.3,23.1,63,19.9,10.6,343,1012.9,0.0
2021-01-31,140.0,132.0,39.0,19.0,7.0,14.0,"Chhatrapati Shivaji Intl. Airport (T2), Mumbai",30.9,17.9,23.5,62,19.2,10.8,346,1013.1,0.0
2021-02-01,144.0,123.0,39.0,17.0,8.0,13.0,"Chhatrapati Shivaji Intl. Airport (T2), Mumbai",32.6,20.5,25.7,53,19.7,11.9,356,1014.4,0.0
2021-02-02,130.0,133.0,39.0,16.0,12.0,13.0,"Chhatrapati Shivaji Intl. Airport (T2), Mumbai",32.9,21.5,26.3,47,17.9,11.2,2,1014.6,0.0
2021-02-03,129.0,130.0,45.0,19.0,9.0,13.0,"Chhatrapati Shivaji Intl. Airport (T2), Mumbai",31.2,19.0,24.9,53,16.6,8.4,336,1013.9,0.0
2021-02-04,145.0,116.0,40.0,19.0,7.0,10.0,"Chhatrapati Shivaji Intl. Airport (T2), Mumbai",30.2,20.0,24.3,60,21.1,12.2,342,1013.8,0.0
2021-02-05,122.0,196.0,43.0,21.0,8.0,9.0,"Chhatrapati Shivaji Intl. Airport (T2), Mumbai",29.9,20.1,24.3,53,22.7,14.2,340,1013.6,0.0
2021-02-06,171.0,94.0,47.0,19.0,6.0,6.0,"Chhatrapati Shivaji Intl. Airport (T2), Mumbai",31.4,19.3,24.7,45,21.3,12.8,2,1012.7,0.0
2021-02-07,96.0,104.0,54.0,21.0,8.0,8.0,"Chhatrapati Shivaji Intl. Airport (T2), Mumbai",32.8,20.9,25.8,39,19.6,15.1,24,1013.2,0.0
2021-02-08,108.0,141.0,32.0,30.0,12.0,16.0,"Chhatrapati Shivaji Intl. Airport (T2), Mumbai",32.7,18.6,24.9,41,22.0,12.1,7,1013.7,0.0
2021-02-09,133.0,158.0,2.0,18.0,11.0,16.0,"Chhatrapati Shivaji Intl. Airport (T2), Mumbai",32.7,17.2,24.1,49,17.1,10.5,358,1012.8,0.0
2021-02-10,153.0,164.0,24.000000000000004,26.0,10.0,15.0,"Chhatrapati Shivaji Intl. Airport (T2), Mumbai",30.9,17.5,23.6,57,18.4,9.7,339,1011.7,0.0
2021-02-11,154.0,176.0,46.0,14.0,9.0,19.0,"Chhatrapati Shivaji Intl. Airport (T2), Mumbai",32.2,18.0,24.6,55,16.5,10.1,346,1010.6,0.0
2021-02-12,158.0,115.0,27.0,23.0,26.0,11.0,"Chhatrapati Shivaji Intl. Airport (T2), Mumbai",30.3,19.2,24.5,61,19.5,11.2,328,1011.3,0.0
2021-02-13,184.0,105.0,28.0,20.0,2.0,8.0,"Chhatrapati Shivaji Intl. Airport (T2), Mumbai",30.3,18.9,24.3,66,22.0,11.8,330,1012.6,0.0
2021-02-14,158.66666666666666,89.0,24.0,17.0,3.0,7.0,"Chhatrapati Shivaji Intl. Airport (T2), Mumbai",30.1,20.0,24.2,70,21.8,11.9,331,1012.9,0.0
2021-02-15,133.33333333333331,79.0,17.0,11.0,2.0,6.0,"Chhatrapati Shivaji Intl. Airport (T2), Mumbai",28.6,20.6,24.2,72,23.4,13.6,330,1012.1,0.0
2021-02-16,108.0,92.0,23.0,15.0,3.0,6.0,"Chhatrapati Shivaji Intl. Airport (T2), Mumbai",27.8,20.4,23.6,79,24.2,12.4,331,1011.9,0.0
2021-02-17,97.0,147.0,47.0,17.0,5.0,11.0,"Chhatrapati Shivaji Intl. Airport (T2), Mumbai",28.8,20.1,24.0,76,24.7,12.0,335,1011.5,0.0
2021-02-18,147.0,86.0,38.0,19.0,4.0,6.0,"Chhatrapati Shivaji Intl. Airport (T2), Mumbai",31.4,20.5,25.3,66,15.6,7.6,350,1011.9,1.0
2021-02-19,95.0,103.0,31.0,17.0,7.0,8.0,"Chhatrapati Shivaji Intl. Airport (T2), Mumbai",32.0,21.5,25.5,62,19.0,10.6,36,1013.6,0.1
2021-02-20,113.0,86.0,38.0,19.0,4.0,6.0,"Chhatrapati Shivaji Intl. Airport (T2), Mumbai",32.3,20.2,25.6,55,25.3,10.9,22,1013.6,0.0
2021-02-21,100.0,101.0,46.0,17.0,5.0,9.0,"Chhatrapati Shivaji Intl. Airport (T2), Mumbai",34.0,22.0,27.1,45,21.3,13.2,38,1013.1,0.0
2021-02-22,69.0,130.0,61.0,15.0,6.0,12.0,"Chhatrapati Shivaji Intl. Airport (T2), Mumbai",33.1,22.3,26.8,57,20.5,10.0,330,1013.5,0.0
2021-02-23,130.0,157.0,48.0,16.0,10.0,18.0,"Chhatrapati Shivaji Intl. Airport (T2), Mumbai",31.7,21.8,26.6,61,18.7,8.9,325,1012.2,0.0
2021-02-24,146.0,132.0,30.0,8.0,8.0,14.0,"Chhatrapati Shivaji Intl. Airport (T2), Mumbai",33.0,21.8,27.1,60,19.4,8.7,327,1010.9,0.0
2021-02-25,137.0,96.0,25.0,16.0,7.0,9.0,"Chhatrapati Shivaji Intl. Airport (T2), Mumbai",33.0,23.0,27.5,54,24.0,13.9,332,1011.5,0.0
2021-02-26,103.0,89.0,23.0,16.0,4.0,7.0,"Chhatrapati Shivaji Intl. Airport (T2), Mumbai",30.3,21.8,26.1,66,20.7,12.3,324,1010.9,0.0
2021-02-27,93.0,99.0,38.0,20.0,4.0,8.0,"Chhatrapati Shivaji Intl. Airport (T2), Mumbai",31.2,20.8,26.1,69,24.2,12.7,331,1009.8,0.0
2021-02-28,115.0,118.0,32.0,22.0,7.0,11.0,"Chhatrapati Shivaji Intl. Airport (T2), Mumbai",34.3,21.7,27.6,56,21.8,12.0,339,1009.4,0.0
2021-03-01,135.0,131.0,34.0,17.0,9.0,13.0,"Chhatrapati Shivaji Intl. Airport (T2), Mumbai",35.1,24.0,28.4,49,23.2,13.9,339,1011.8,0.0
2021-03-02,138.0,125.0,55.0,28.0,10.0,11.0,"Chhatrapati Shivaji Intl. Airport (T2), Mumbai",34.4,22.0,28.0,44,25.0,12.8,336,1012.6,0.0
2021-03-03,142.0,139.0,43.0,21.0,10.0,12.0,"Chhatrapati Shivaji Intl. Airport (T2), Mumbai",36.2,22.3,28.3,40,21.9,12.1,339,1010.9,0.0
2021-03-04,116.0,156.0,35.0,18.0,10.0,18.0,"Chhatrapati Shivaji Intl. Airport (T2), Mumbai",36.3,21.8,28.9,36,23.3,12.2,345,1010.4,0.0
2021-03-05,130.0,93.0,27.0,12.0,6.0,7.0,"Chhatrapati Shivaji Intl. Airport (T2), Mumbai",36.6,21.8,28.2,43,19.2,11.6,341,1011.5,0.0
2021-03-06,136.0,100.0,25.0,7.0,6.0,9.0,"Chhatrapati Shivaji Intl. Airport (T2), Mumbai",31.4,22.4,26.2,78,18.2,9.6,276,1012.6,0.0
2021-03-07,116.0,160.0,16.0,12.0,7.0,9.0,"Chhatrapati Shivaji Intl. Airport (T2), Mumbai",32.8,21.0,26.4,67,19.9,10.7,337,1011.8,0.0
2021-03-08,149.0,118.0,33.0,13.0,7.0,8.0,"Chhatrapati Shivaji Intl. Airport (T2), Mumbai",32.3,21.4,26.2,64,21.1,11.6,330,1011.6,0.0
2021-03-09,122.0,123.0,23.0,13.0,8.0,12.0,"Chhatrapati Shivaji Intl. Airport (T2), Mumbai",34.8,22.7,27.7,57,24.2,13.1,339,1011.4,0.0
2021-03-10,122.0,95.0,13.0,7.0,7.0,6.0,"Chhatrapati Shivaji Intl. Airport (T2), Mumbai",32.7,23.8,27.4,62,21.0,12.3,324,1011.5,0.0
2021-03-11,101.0,94.0,21.0,9.0,7.0,6.0,"Chhatrapati Shivaji Intl. Airport (T2), Mumbai",31.0,22.6,26.3,71,23.2,12.2,327,1011.8,0.0
2021-03-12,89.0,123.0,53.0,15.0,7.0,8.0,"Chhatrapati Shivaji Intl. Airport (T2), Mumbai",32.7,21.9,26.7,64,24.2,12.4,335,1012.7,0.0
2021-03-13,122.0,129.0,48.0,19.0,6.0,9.0,"Chhatrapati Shivaji Intl. Airport (T2), Mumbai",35.7,24.4,28.7,48,21.3,14.1,341,1012.2,0.0
2021-03-14,141.0,137.0,52.0,18.0,26.0,12.0,"Chhatrapati Shivaji Intl. Airport (T2), Mumbai",34.6,23.5,28.7,46,20.2,12.0,332,1010.3,0.0
2021-03-15,143.0,137.0,31.0,17.0,2.0,12.0,"Chhatrapati Shivaji Intl. Airport (T2), Mumbai",34.6,24.0,28.8,46,23.7,13.8,335,1009.8,0.0
2021-03-16,128.0,144.0,35.0,10.0,2.0,10.0,"Chhatrapati Shivaji Intl. Airport (T2), Mumbai",33.8,23.3,28.4,53,23.5,13.6,333,1010.2,0.0
2021-03-17,139.0,119.0,24.0,8.0,2.0,10.0,"Chhatrapati Shivaji Intl. Airport (T2), Mumbai",34.7,23.0,28.7,53,23.2,11.9,334,1008.9,0.0
2021-03-18,119.0,150.0,30.0,8.0,2.0,7.0,"Chhatrapati Shivaji Intl. Airport (T2), Mumbai",32.5,23.6,27.9,59,19.5,12.3,320,1009.1,0.0
2021-03-19,165.0,129.0,11.0,5.0,1.0,4.0,"Chhatrapati Shivaji Intl. Airport (T2), Mumbai",32.2,23.4,27.2,65,24.2,12.8,327,1010.2,0.0
2021-03-20,142.0,115.0,23.0,6.0,1.0,5.0,"Chhatrapati Shivaji Intl. Airport (T2), Mumbai",31.1,22.1,26.3,75,18.0,9.5,321,1008.9,0.0
2021-03-21,139.0,109.0,21.0,8.0,3.0,7.0,"Chhatrapati Shivaji Intl. Airport (T2), Mumbai",32.0,22.1,26.9,74,15.6,8.0,308,1008.2,0.0
2021-03-22,116.0,116.0,34.0,17.0,4.0,8.0,"Chhatrapati Shivaji Intl. Airport (T2), Mumbai",33.8,23.3,27.8,70,18.0,9.3,323,1010.2,0.0
2021-03-23,122.0,134.0,42.0,20.0,4.0,12.0,"Chhatrapati Shivaji Intl. Airport (T2), Mumbai",33.8,23.5,28.6,52,23.7,12.1,334,1010.8,0.0
2021-03-24,148.0,136.0,26.0,19.0,4.0,10.0,"Chhatrapati Shivaji Intl. Airport (T2), Mumbai",35.5,24.9,29.7,49,17.9,11.1,337,1010.7,0.0
2021-03-25,135.0,157.0,38.0,19.0,7.0,14.0,"Chhatrapati Shivaji Intl. Airport (T2), Mumbai",38.2,25.0,30.9,32,25.3,14.4,346,1009.8,0.0
2021-03-26,147.0,142.0,46.0,21.0,8.0,16.0,"Chhatrapati Shivaji Intl. Airport (T2), Mumbai",36.5,25.0,30.5,31,22.5,13.7,341,1008.8,0.0
2021-03-27,144.0,126.0,20.0,13.0,6.0,13.0,"Chhatrapati Shivaji Intl. Airport (T2), Mumbai",38.6,24.4,30.5,32,24.2,12.7,343,1007.8,0.0
2021-03-28,136.0,83.0,17.0,8.0,4.0,5.0,"Chhatrapati Shivaji Intl. Airport (T2), Mumbai",33.7,23.1,28.1,59,18.3,9.7,277,1007.9,0.0
2021-03-29,96.0,85.0,10.0,3.0,5.0,3.0,"Chhatrapati Shivaji Intl. Airport (T2), Mumbai",32.5,24.4,27.8,78,24.3,10.0,296,1008.1,0.0
2021-03-30,65.0,36.0,8.0,3.0,6.0,4.0,"Chhatrapati Shivaji Intl. Airport (T2), Mumbai",31.4,23.5,26.8,78,14.4,9.3,241,1008.3,0.0
2021-03-31,75.0,86.0,9.0,2.0,5.0,3.0,"Chhatrapati Shivaji Intl. Airport (T2), Mumbai",30.9,22.2,26.6,81,19.2,8.8,302,1007.5,0.0
2021-04-01,113.0,105.0,13.0,2.0,6.0,2.0,"Chhatrapati Shivaji Intl. Airport (T2), Mumbai",31.6,24.2,27.3,78,18.1,8.7,252,1007.1,0.0
2021-04-02,110.0,86.0,9.0,4.0,3.0,1.0,"Chhatrapati Shivaji Intl. Airport (T2), Mumbai",31.0,24.2,27.0,76,16.0,9.1,227,1007.4,0.1
2021-04-03,67.0,73.0,10.0,6.0,1.0,1.0,"Chhatrapati Shivaji Intl. Airport (T2), Mumbai",30.4,24.0,27.1,75,17.9,8.8,231,1008.4,0.0
2021-04-04,92.0,56.0,8.0,4.0,2.0,3.0,"Chhatrapati Shivaji Intl. Airport (T2), Mumbai",31.0,24.4,27.3,76,21.1,9.0,282,1010.2,0.0
2021-04-05,82.0,90.0,16.0,12.0,3.0,6.0,"Chhatrapati Shivaji Intl. Airport (T2), Mumbai",31.7,23.6,27.4,80,22.7,11.1,322,1010.1,0.0
2021-04-06,101.0,80.0,13.0,6.0,3.0,5.0,"Chhatrapati Shivaji Intl. Airport (T2), Mumbai",33.9,23.8,28.5,66,24.7,13.1,325,1009.0,0.0
2021-04-07,88.0,65.0,10.0,4.0,3.0,3.0,"Chhatrapati Shivaji Intl. Airport (T2), Mumbai",33.3,23.7,28.1,70,21.7,11.6,326,1009.9,0.0
2021-04-08,54.0,69.0,12.0,5.0,3.0,3.0,"Chhatrapati Shivaji Intl. Airport (T2), Mumbai",31.5,24.5,27.9,80,18.2,8.7,281,1008.8,0.0
2021-04-09,93.0,85.0,16.0,4.0,5.0,3.0,"Chhatrapati Shivaji Intl. Airport (T2), Mumbai",32.0,24.3,28.1,77,20.8,10.1,304,1008.3,0.0
2021-04-10,79.0,74.0,24.0,4.0,5.0,4.0,"Chhatrapati Shivaji Intl. Airport (T2), Mumbai",32.3,24.0,28.0,77,18.8,8.2,297,1009.4,0.0
2021-04-11,41.0,123.0,29.0,6.0,4.0,4.0,"Chhatrapati Shivaji Intl. Airport (T2), Mumbai",34.1,24.5,28.9,75,18.2,8.2,297,1010.2,0.0
2021-04-12,108.0,67.0,17.0,6.0,16.0,5.0,"Chhatrapati Shivaji Intl. Airport (T2), Mumbai",33.3,24.9,29.1,74,19.2,9.6,294,1011.2,0.0
2021-04-13,98.0,41.0,32.0,6.0,1.0,3.0,"Chhatrapati Shivaji Intl. Airport (T2), Mumbai",36.1,24.9,29.9,67,20.2,9.9,319,1010.3,0.0
2021-04-14,114.0,45.0,25.0,9.0,1.0714285714285714,2.0,"Chhatrapati Shivaji Intl. Airport (T2), Mumbai",35.3,27.0,30.0,68,18.8,6.8,289,1010.0,0.0
2021-04-15,83.0,64.0,12.0,8.0,1.1428571428571428,2.0,"Chhatrapati Shivaji Intl. Airport (T2), Mumbai",34.0,25.5,29.0,75,19.4,8.9,274,1010.0,0.0
2021-04-16,75.0,61.0,11.0,7.0,1.2142857142857142,2.0,"Chhatrapati Shivaji Intl. Airport (T2), Mumbai",32.0,24.5,28.1,76,23.5,11.0,312,1009.8,0.0
2021-04-17,77.0,60.0,15.0,9.0,7.0,3.0,"Chhatrapati Shivaji Intl. Airport (T2), Mumbai",32.3,24.5,28.4,79,22.0,11.3,323,1010.3,0.0
2021-04-18,89.0,37.0,12.0,8.0,7.0,2.0,"Chhatrapati Shivaji Intl. Airport (T2), Mumbai",34.2,24.8,29.5,76,19.5,10.3,313,1010.6,0.0
2021-04-19,79.0,28.0,7.0,5.0,7.0,1.0,"Chhatrapati Shivaji Intl. Airport (T2), Mumbai",32.6,24.8,28.7,78,18.3,10.8,263,1009.6,0.0
2021-04-20,65.0,44.0,8.0,5.0,7.0,2.0,"Chhatrapati Shivaji Intl. Airport (T2), Mumbai",32.0,25.6,28.5,78,14.9,8.7,275,1008.9,0.0
2021-04-21,71.0,61.0,11.0,8.0,7.0,2.0,"Chhatrapati Shivaji Intl. Airport (T2), Mumbai",32.0,25.3,28.3,77,20.0,9.3,298,1010.2,0.0
2021-04-22,82.0,59.0,9.0,10.0,7.0,2.0,"Chhatrapati Shivaji Intl. Airport (T2), Mumbai",32.8,25.1,28.3,77,23.4,12.5,331,1010.2,0.0
2021-04-23,72.0,42.0,15.0,7.0,7.0,2.0,"Chhatrapati Shivaji Intl. Airport (T2), Mumbai",33.3,24.1,28.2,72,21.5,10.7,311,1010.1,0.0
2021-04-24,77.0,37.0,14.0,7.0,7.0,2.0,"Chhatrapati Shivaji Intl. Airport (T2), Mumbai",32.2,23.9,27.7,77,22.2,10.9,320,1009.6,0.0
2021-04-25,83.0,105.0,21.0,10.0,7.0,2.0,"Chhatrapati Shivaji Intl. Airport (T2), Mumbai",33.6,24.2,29.0,78,23.9,12.4,320,1008.2,0.0
2021-04-26,139.0,117.0,19.0,9.0,7.0,1.0,"Chhatrapati Shivaji Intl. Airport (T2), Mumbai",33.4,26.8,29.9,79,17.4,8.2,259,1008.0,0.0
2021-04-27,139.0,62.0,10.0,8.0,7.0,2.0,"Chhatrapati Shivaji Intl. Airport (T2), Mumbai",33.7,26.9,29.7,75,17.4,8.7,255,1009.0,0.0
2021-04-28,98.0,17.0,8.0,6.0,7.0,2.0,"Chhatrapati Shivaji Intl. Airport (T2), Mumbai",34.2,25.8,29.7,75,21.6,9.5,296,1009.9,0.0
2021-04-29,73.0,29.0,9.0,6.0,7.0,2.0,"Chhatrapati Shivaji Intl. Airport (T2), Mumbai",34.0,26.5,29.6,79,22.1,9.8,307,1009.4,0.0
2021-04-30,76.0,46.0,9.0,8.0,7.0,2.0,"Chhatrapati Shivaji Intl. Airport (T2), Mumbai",32.4,26.3,29.2,79,16.6,8.7,298,1008.5,0.0
2021-05-01,72.0,57.0,11.0,7.0,7.0,1.0,"Chhatrapati Shivaji Intl. Airport (T2), Mumbai",34.2,27.0,30.0,74,20.9,10.7,322,1007.5,0.0
2021-05-02,78.0,63.0,26.0,10.0,7.0,3.0,"Chhatrapati Shivaji Intl. Airport (T2), Mumbai",33.6,27.8,30.2,77,15.9,8.9,280,1008.0,0.0
2021-05-03,90.0,44.0,14.0,10.0,7.0,1.0,"Chhatrapati Shivaji Intl. Airport (T2), Mumbai",34.3,26.8,30.2,75,19.3,9.1,308,1007.7,0.0
2021-05-04,76.0,20.0,8.0,8.0,7.0,1.0,"Chhatrapati Shivaji Intl. Airport (T2), Mumbai",33.6,26.6,30.0,73,20.3,10.4,313,1007.5,0.0
2021-05-05,73.0,44.0,6.0,5.0,7.0,1.0,"Chhatrapati Shivaji Intl. Airport (T2), Mumbai",33.3,26.9,30.0,75,20.8,10.2,301,1007.4,0.0
2021-05-06,67.0,53.0,10.0,6.0,7.0,1.0,"Chhatrapati Shivaji Intl. Airport (T2), Mumbai",32.8,27.0,29.6,79,18.3,9.7,285,1008.0,0.0
2021-05-07,69.0,44.0,7.0,3.0,7.0,1.0,"Chhatrapati Shivaji Intl. Airport (T2), Mumbai",32.9,26.8,29.8,78,20.0,9.2,296,1008.8,0.0
2021-05-08,66.0,24.0,8.0,5.0,7.0,1.0,"Chhatrapati Shivaji Intl. Airport (T2), Mumbai",33.3,26.8,29.8,78,19.8,9.4,296,1007.7,0.0
2021-05-09,58.0,34.0,6.0,4.0,7.0,1.0,"Chhatrapati Shivaji Intl. Airport (T2), Mumbai",32.9,27.5,29.9,77,17.7,8.8,267,1007.0,0.0
2021-05-10,59.0,45.0,4.0,4.0,7.0,1.0,"Chhatrapati Shivaji Intl. Airport (T2), Mumbai",33.2,27.5,29.7,73,20.1,9.3,287,1006.9,0.0
2021-05-11,55.0,45.0,5.0,3.0,3.0,1.0,"Chhatrapati Shivaji Intl. Airport (T2), Mumbai",32.7,26.8,29.5,73,19.0,11.0,294,1007.5,0.0
2021-05-12,55.0,53.0,8.0,4.5,2.5,1.0,"Chhatrapati Shivaji Intl. Airport (T2), Mumbai",32.5,27.4,29.5,69,19.3,11.1,290,1006.2,0.0
2021-05-13,60.5,61.0,11.0,6.0,2.0,1.0,"Chhatrapati Shivaji Intl. Airport (T2), Mumbai",32.0,27.3,29.3,66,18.1,9.8,284,1005.4,0.0
2021-05-14,66.0,81.0,23.0,11.0,2.0,2.0,"Chhatrapati Shivaji Intl. Airport (T2), Mumbai",33.2,25.9,29.3,73,24.2,11.5,324,1003.5,0.0
2021-05-15,97.0,56.0,17.0,7.0,2.0,1.0,"Chhatrapati Shivaji Intl. Airport (T2), Mumbai",35.2,27.5,31.3,65,28.0,17.2,343,1000.3,0.0
2021-05-16,51.0,35.0,9.0,6.0,2.0,1.0,"Chhatrapati Shivaji Intl. Airport (T2), Mumbai",36.2,27.1,31.0,62,25.7,17.1,68,998.1,7.0
2021-05-17,38.0,50.0,5.0,5.0,2.0,1.0,"Chhatrapati Shivaji Intl. Airport (T2), Mumbai",27.5,26.2,26.8,88,61.9,44.0,155,996.4,199.9
2021-05-18,55.0,50.0,10.0,5.0,4.0,1.0,"Chhatrapati Shivaji Intl. Airport (T2), Mumbai",28.6,26.5,27.4,88,47.5,35.0,194,1002.4,22.6
2021-05-19,61.0,110.0,10.0,4.0,6.0,2.0,"Chhatrapati Shivaji Intl. Airport (T2), Mumbai",29.1,26.0,27.5,88,28.0,17.8,213,1004.6,15.2
2021-05-20,112.0,96.0,8.0,5.0,4.0,2.0,"Chhatrapati Shivaji Intl. Airport (T2), Mumbai",30.6,26.3,28.3,83,14.1,8.1,234,1006.6,1.0
2021-05-21,99.0,76.0,7.0,4.0,3.0,1.0,"Chhatrapati Shivaji Intl. Airport (T2), Mumbai",30.7,26.2,28.4,82,12.1,6.7,251,1007.5,0.3
2021-05-22,79.0,68.0,7.0,5.0,3.0,1.0,"Chhatrapati Shivaji Intl. Airport (T2), Mumbai",30.5,27.5,28.7,78,15.5,7.6,259,1007.1,1.2
2021-05-23,75.0,67.0,4.0,3.0,3.0,1.0,"Chhatrapati Shivaji Intl. Airport (T2), Mumbai",30.8,27.4,28.8,79,16.4,8.4,294,1007.9,1.6
2021-05-24,68.0,71.0,6.0,4.0,3.0,1.0,"Chhatrapati Shivaji Intl. Airport (T2), Mumbai",30.9,27.1,28.8,81,20.2,11.8,310,1008.7,1.8
2021-05-25,71.0,60.0,8.0,5.0,2.0,1.0,"Chhatrapati Shivaji Intl. Airport (T2), Mumbai",30.9,27.4,29.0,78,21.9,14.6,302,1007.0,1.7
2021-05-26,62.0,54.0,6.0,3.0,2.0,3.0,"Chhatrapati Shivaji Intl. Airport (T2), Mumbai",31.0,27.4,29.2,71,17.3,13.9,271,1006.1,0.0
2021-05-27,57.0,55.0,6.0,3.0,3.0,3.0,"Chhatrapati Shivaji Intl. Airport (T2), Mumbai",31.5,28.4,29.6,72,20.7,16.9,256,1006.1,4.8
2021-05-28,58.0,59.0,6.0,2.0,4.0,3.0,"Chhatrapati Shivaji Intl. Airport (T2), Mumbai",31.0,27.5,29.2,79,17.7,12.6,251,1006.4,3.6
2021-05-29,62.0,62.0,6.0,3.0,4.0,3.0,"Chhatrapati Shivaji Intl. Airport (T2), Mumbai",30.9,26.6,28.8,82,16.0,9.0,238,1007.4,2.8
2021-05-30,66.0,61.0,3.0,2.0,4.0,1.0,"Chhatrapati Shivaji Intl. Airport (T2), Mumbai",30.7,27.3,28.9,82,16.5,10.8,207,1007.4,3.3
2021-05-31,69.0,51.0,7.0,2.0,6.0,1.0,"Chhatrapati Shivaji Intl. Airport (T2), Mumbai",30.3,27.0,28.5,85,15.6,11.3,208,1005.5,3.5
2021-06-01,58.0,44.0,3.0,2.0,6.0,1.0,"Chhatrapati Shivaji Intl. Airport (T2), Mumbai",30.5,26.9,28.2,86,19.5,12.2,195,1005.7,7.4
2021-06-02,48.0,51.0,12.0,8.0,4.0,1.0,"Chhatrapati Shivaji Intl. Airport (T2), Mumbai",29.8,26.5,28.1,86,13.3,7.7,198,1006.5,11.1
2021-06-03,55.0,47.0,7.0,8.0,4.0,1.0,"Chhatrapati Shivaji Intl. Airport (T2), Mumbai",30.8,26.8,28.8,84,14.0,7.4,209,1007.1,1.3
2021-06-04,49.0,63.0,10.0,9.0,4.0,2.0,"Chhatrapati Shivaji Intl. Airport (T2), Mumbai",31.0,26.9,28.6,84,12.7,8.4,193,1007.9,5.2
2021-06-05,62.0,43.0,8.0,5.0,3.0,1.6666666666666667,"Chhatrapati Shivaji Intl. Airport (T2), Mumbai",29.1,25.9,27.3,86,12.2,8.3,185,1007.2,7.7
2021-06-06,49.0,39.0,5.0,3.0,3.0,1.3333333333333337,"Chhatrapati Shivaji Intl. Airport (T2), Mumbai",29.4,25.5,27.4,84,15.9,9.2,213,1007.5,9.7
2021-06-07,48.0,106.0,18.0,2.0,5.0,1.0,"Chhatrapati Shivaji Intl. Airport (T2), Mumbai",29.2,26.0,27.4,87,15.8,11.2,211,1007.9,10.5
2021-06-08,103.0,26.0,15.5,1.0,6.0,1.0,"Chhatrapati Shivaji Intl. Airport (T2), Mumbai",28.4,26.0,27.0,91,14.5,10.6,228,1007.0,25.1
2021-06-09,41.0,28.0,13.0,4.0,19.0,1.0,"Chhatrapati Shivaji Intl. Airport (T2), Mumbai",28.2,25.8,26.8,90,17.3,12.8,249,1005.9,24.0
2021-06-10,38.0,32.0,13.0,2.0,8.0,7.0,"Chhatrapati Shivaji Intl. Airport (T2), Mumbai",28.0,26.0,27.0,89,17.7,14.7,233,1005.2,24.0
2021-06-11,46.0,24.0,17.0,3.0,7.0,1.0,"Chhatrapati Shivaji Intl. Airport (T2), Mumbai",28.2,26.2,27.1,89,22.0,17.6,224,1004.3,19.6
2021-06-12,32.0,37.0,16.0,4.0,8.0,1.0,"Chhatrapati Shivaji Intl. Airport (T2), Mumbai",28.6,25.7,27.0,90,18.0,13.3,240,1004.1,15.7
2021-06-13,48.0,58.0,14.0,3.0,8.0,1.0,"Chhatrapati Shivaji Intl. Airport (T2), Mumbai",28.9,26.2,27.4,89,19.0,13.5,232,1004.0,9.6
2021-06-14,70.0,48.0,12.0,3.0,9.0,2.0,"Chhatrapati Shivaji Intl. Airport (T2), Mumbai",29.0,26.1,27.3,90,19.3,14.3,222,1002.9,5.2
2021-06-15,59.0,40.0,12.0,8.0,5.0,3.0,"Chhatrapati Shivaji Intl. Airport (T2), Mumbai",28.2,25.9,26.8,89,21.0,16.4,215,1001.9,9.2
2021-06-16,60.5,59.0,12.0,10.0,2.0,2.0,"Chhatrapati Shivaji Intl. Airport (T2), Mumbai",27.2,25.5,26.4,91,22.1,17.9,216,1002.3,13.7
2021-06-17,76.0,73.0,12.0,5.0,4.0,1.0,"Chhatrapati Shivaji Intl. Airport (T2), Mumbai",27.3,25.5,26.2,90,24.0,19.6,213,1003.5,18.5
2021-06-18,91.0,51.0,12.0,2.0,5.0,1.0,"Chhatrapati Shivaji Intl. Airport (T2), Mumbai",27.3,25.1,26.1,90,26.6,20.1,226,1004.5,15.9
2021-06-19,65.0,107.0,12.0,2.0,4.0,1.5,"Chhatrapati Shivaji Intl. Airport (T2), Mumbai",26.9,25.0,25.8,90,22.7,19.6,221,1006.5,18.5
2021-06-20,133.0,87.0,12.0,3.0,6.0,2.0,"Chhatrapati Shivaji Intl. Airport (T2), Mumbai",28.9,25.1,26.7,88,24.8,17.3,233,1007.3,10.3
2021-06-21,108.0,75.0,12.0,3.0,2.0,1.0,"Chhatrapati Shivaji Intl. Airport (T2), Mumbai",29.1,25.1,27.3,85,16.9,13.1,243,1007.9,5.6
2021-06-22,83.0,76.0,12.0,1.0,5.0,1.3333333333333333,"Chhatrapati Shivaji Intl. Airport (T2), Mumbai",28.6,26.0,27.4,86,15.1,11.3,254,1007.6,5.9
2021-06-23,83.0,59.0,12.0,1.0,7.0,1.6666666666666663,"Chhatrapati Shivaji Intl. Airport (T2), Mumbai",28.1,26.2,27.0,89,15.2,10.5,234,1007.2,5.6
2021-06-24,70.0,45.0,12.0,1.0,6.0,2.0,"Chhatrapati Shivaji Intl. Airport (T2), Mumbai",27.5,25.4,26.4,90,19.1,12.9,230,1007.6,8.7
2021-06-25,58.0,64.0,13.0,3.0,7.0,2.0,"Chhatrapati Shivaji Intl. Airport (T2), Mumbai",26.7,25.5,26.0,92,16.3,12.2,247,1006.7,36.7
2021-06-26,76.0,53.0,12.0,4.0,5.0,1.0,"Chhatrapati Shivaji Intl. Airport (T2), Mumbai",29.4,25.6,27.6,82,18.3,12.3,271,1006.5,3.5
2021-06-27,64.0,52.0,12.0,5.0,5.0,2.0,"Chhatrapati Shivaji Intl. Airport (T2), Mumbai",28.5,26.2,27.2,85,15.4,8.0,302,1008.1,9.3
2021-06-28,62.0,46.0,13.0,3.0,5.0,2.0,"Chhatrapati Shivaji Intl. Airport (T2), Mumbai",27.4,25.0,26.1,90,10.6,5.8,297,1007.2,19.2
2021-06-29,58.0,48.0,13.0,2.0,6.0,2.0,"Chhatrapati Shivaji Intl. Airport (T2), Mumbai",29.2,25.6,27.4,88,14.8,8.8,222,1006.6,3.0
2021-06-30,59.0,54.0,12.0,1.0,8.0,2.0,"Chhatrapati Shivaji Intl. Airport (T2), Mumbai",28.9,26.4,27.5,89,16.1,11.4,235,1006.7,4.8
2021-07-01,57.0,53.0,12.0,1.0,7.0,1.75,"Chhatrapati Shivaji Intl. Airport (T2), Mumbai",29.8,27.2,28.3,80,22.8,16.1,248,1005.1,2.9
2021-07-02,59.0,56.0,12.0,2.0,5.0,1.5,"Chhatrapati Shivaji Intl. Airport (T2), Mumbai",29.9,27.0,28.1,81,22.6,18.6,226,1005.5,1.8
2021-07-03,61.0,56.0,13.0,3.0,5.0,1.25,"Chhatrapati Shivaji Intl. Airport (T2), Mumbai",29.5,26.4,27.9,85,18.5,14.0,228,1006.6,1.8
2021-07-04,60.0,64.0,13.0,3.0,4.0,1.0,"Chhatrapati Shivaji Intl. Airport (T2), Mumbai",29.1,26.4,27.7,86,13.0,9.7,242,1007.1,2.3
2021-07-05,71.0,69.0,13.0,11.0,5.0,2.0,"Chhatrapati Shivaji Intl. Airport (T2), Mumbai",29.1,26.3,27.7,87,13.0,6.9,258,1006.9,1.2
2021-07-06,77.0,70.0,12.0,11.0,5.0,1.0,"Chhatrapati Shivaji Intl. Airport (T2), Mumbai",29.6,26.1,27.8,86,13.8,6.1,267,1005.8,1.0
2021-07-07,77.0,57.0,12.0,7.0,4.0,1.5,"Chhatrapati Shivaji Intl. Airport (T2), Mumbai",29.6,26.4,28.2,84,14.2,8.5,293,1005.7,2.2
2021-07-08,66.0,50.0,13.0,12.0,6.0,2.0,"Chhatrapati Shivaji Intl. Airport (T2), Mumbai",29.1,26.5,27.6,88,14.9,9.9,260,1005.6,8.9
2021-07-09,56.0,30.0,12.0,8.0,6.0,1.0,"Chhatrapati Shivaji Intl. Airport (T2), Mumbai",29.1,26.5,27.4,86,13.8,8.3,260,1003.7,4.1
2021-07-10,53.0,30.5,12.5,4.5,5.0,1.0,"Chhatrapati Shivaji Intl. Airport (T2), Mumbai",26.8,25.9,26.3,92,16.1,8.0,266,1002.7,85.5
2021-07-11,46.0,31.0,13.0,1.0,4.0,1.0,"Chhatrapati Shivaji Intl. Airport (T2), Mumbai",28.8,25.9,27.1,88,14.7,7.2,233,1001.4,13.7
2021-07-12,39.0,38.0,12.0,1.0,10.0,6.0,"Chhatrapati Shivaji Intl. Airport (T2), Mumbai",28.3,25.8,26.9,91,36.8,19.7,231,999.5,41.0
2021-07-13,45.0,26.0,12.0,1.3333333333333333,7.0,2.0,"Chhatrapati Shivaji Intl. Airport (T2), Mumbai",28.1,25.8,26.6,91,23.7,18.2,235,1001.4,34.6
2021-07-14,41.0,25.0,28.0,1.6666666666666663,6.0,2.0,"Chhatrapati Shivaji Intl. Airport (T2), Mumbai",27.3,25.6,26.2,91,23.1,16.9,244,1002.3,34.9
2021-07-15,36.0,88.0,19.0,2.0,7.0,2.0,"Chhatrapati Shivaji Intl. Airport (T2), Mumbai",28.0,25.6,26.8,88,23.2,14.5,240,1001.0,22.4
2021-07-16,101.0,23.0,10.0,2.3076923076923075,8.0,2.0,"Chhatrapati Shivaji Intl. Airport (T2), Mumbai",28.4,25.4,26.5,91,31.5,17.8,224,1003.7,31.8
2021-07-17,33.0,40.0,1.0,2.6153846153846154,7.0,1.0,"Chhatrapati Shivaji Intl. Airport (T2), Mumbai",27.6,25.8,26.8,90,26.6,14.6,255,1005.6,40.6
2021-07-18,53.0,42.0,24.0,2.923076923076923,8.0,2.0,"Chhatrapati Shivaji Intl. Airport (T2), Mumbai",28.2,26.0,26.9,90,21.6,17.6,286,1004.7,32.9
2021-07-19,58.0,51.0,20.0,4.5,7.0,2.1666666666666665,"Chhatrapati Shivaji Intl. Airport (T2), Mumbai",27.4,25.8,26.3,92,22.0,18.3,270,1004.2,55.2
2021-07-20,59.0,51.44444444444444,18.0,4.5,6.333333333333333,2.333333333333333,"Chhatrapati Shivaji Intl. Airport (T2), Mumbai",27.5,25.6,26.4,91,23.4,19.3,246,1006.2,29.1
2021-07-28,62.55555555555556,55.0,2.0,6.0,1.0,3.6666666666666665,"Chhatrapati Shivaji Intl. Airport (T2), Mumbai",28.3,26.0,27.1,83,30.6,24.8,236,1004.9,12.4
2021-07-29,63.0,54.0,3.0,5.0,2.0,2.416666666666667,"Chhatrapati Shivaji Intl. Airport (T2), Mumbai",28.8,26.1,27.0,84,31.3,25.2,241,1006.0,11.3
2021-07-30,60.0,51.0,2.0,3.0,2.0,4.0,"Chhatrapati Shivaji Intl. Airport (T2), Mumbai",28.1,26.3,27.2,83,29.5,24.8,249,1006.8,8.4
2021-07-31,56.0,49.0,2.0,1.0,4.0,12.0,"Chhatrapati Shivaji Intl. Airport (T2), Mumbai",28.6,26.2,27.3,82,30.8,26.0,258,1007.8,2.7
2021-08-01,52.0,48.0,2.0,3.0,5.0,12.0,"Chhatrapati Shivaji Intl. Airport (T2), Mumbai",28.2,26.1,27.0,81,31.0,26.2,255,1006.6,3.1
2021-08-02,51.0,42.0,2.0,2.0,3.0,12.0,"Chhatrapati Shivaji Intl. Airport (T2), Mumbai",28.0,25.6,26.6,84,25.3,21.8,250,1006.7,4.7
2021-08-03,86.0,48.0,2.0,2.0,3.0,12.0,"Chhatrapati Shivaji Intl. Airport (T2), Mumbai",27.2,25.0,26.2,89,24.4,20.6,243,1007.9,9.8
2021-08-04,58.0,53.0,2.0,2.0,3.0,12.0,"Chhatrapati Shivaji Intl. Airport (T2), Mumbai",27.4,25.4,26.5,87,24.0,21.1,246,1007.9,5.6
2021-08-05,64.0,58.0,2.0,2.0,3.0,13.0,"Chhatrapati Shivaji Intl. Airport (T2), Mumbai",28.4,25.5,26.8,86,24.2,20.3,254,1006.1,5.9
2021-08-06,66.0,60.0,2.0,3.0,3.0,13.0,"Chhatrapati Shivaji Intl. Airport (T2), Mumbai",28.1,25.9,26.9,86,23.4,17.5,257,1005.4,3.9
2021-08-07,68.0,59.0,2.0,1.0,4.0,13.0,"Chhatrapati Shivaji Intl. Airport (T2), Mumbai",28.1,25.2,26.6,88,14.9,12.3,248,1006.2,4.0
2021-08-08,68.0,59.0,3.0,2.0,3.0,12.0,"Chhatrapati Shivaji Intl. Airport (T2), Mumbai",27.9,25.0,26.4,90,13.4,10.1,217,1007.4,3.0
2021-08-09,66.0,53.0,2.0,2.0,3.0,12.0,"Chhatrapati Shivaji Intl. Airport (T2), Mumbai",28.1,25.5,26.8,87,17.9,11.3,223,1008.5,4.2
2021-08-10,58.0,48.0,2.0,3.0,3.0,13.0,"Chhatrapati Shivaji Intl. Airport (T2), Mumbai",27.8,25.5,26.5,88,17.4,11.5,232,1008.4,4.2
2021-08-11,54.0,56.0,2.0,8.0,3.0,14.0,"Chhatrapati Shivaji Intl. Airport (T2), Mumbai",28.0,25.1,26.4,87,16.7,12.5,251,1008.4,5.5
2021-08-12,67.0,49.0,2.0,11.0,3.0,13.0,"Chhatrapati Shivaji Intl. Airport (T2), Mumbai",28.0,25.4,26.7,86,16.7,12.7,261,1009.2,3.9
2021-08-13,56.0,42.0,3.0,11.0,3.0,13.0,"Chhatrapati Shivaji Intl. Airport (T2), Mumbai",27.9,25.6,26.6,86,18.4,13.8,257,1008.1,3.7
2021-08-14,53.0,39.0,2.0,13.0,4.0,15.0,"Chhatrapati Shivaji Intl. Airport (T2), Mumbai",27.0,24.8,26.0,89,19.1,14.4,248,1006.5,9.1
2021-08-15,90.0,50.0,3.0,14.0,5.0,17.0,"Chhatrapati Shivaji Intl. Airport (T2), Mumbai",27.1,24.4,25.8,90,14.6,11.1,236,1006.6,6.7
2021-08-16,63.0,53.0,3.0,13.0,5.0,15.0,"Chhatrapati Shivaji Intl. Airport (T2), Mumbai",27.6,25.0,26.2,89,12.4,8.5,238,1007.8,3.9
2021-08-17,62.0,38.0,3.0,12.0,5.0,16.0,"Chhatrapati Shivaji Intl. Airport (T2), Mumbai",26.6,25.3,25.9,91,9.8,5.8,241,1007.8,13.7
2021-08-18,53.0,41.0,3.0,15.0,7.0,17.0,"Chhatrapati Shivaji Intl. Airport (T2), Mumbai",26.3,25.1,25.6,93,12.0,7.8,264,1006.3,21.8
2021-08-19,88.0,44.0,2.0,15.0,8.0,19.0,"Chhatrapati Shivaji Intl. Airport (T2), Mumbai",25.7,24.9,25.3,93,16.2,10.5,266,1006.0,33.4
2021-08-20,57.0,32.0,3.0,14.0,7.0,16.0,"Chhatrapati Shivaji Intl. Airport (T2), Mumbai",27.1,25.0,25.8,88,15.6,10.5,270,1006.4,26.8
2021-08-21,35.0,57.0,4.0,12.0,6.0,15.0,"Chhatrapati Shivaji Intl. Airport (T2), Mumbai",25.8,24.7,25.3,92,22.0,13.8,249,1007.5,71.7
2021-08-22,57.0,55.0,3.0,11.0,6.0,14.0,"Chhatrapati Shivaji Intl. Airport (T2), Mumbai",27.4,25.1,26.1,89,13.6,10.0,224,1008.0,3.1
2021-08-23,54.0,50.0,2.0,10.0,6.0,14.0,"Chhatrapati Shivaji Intl. Airport (T2), Mumbai",28.5,24.8,26.4,88,14.8,9.3,212,1007.9,2.3
2021-08-24,49.0,48.0,3.0,11.0,6.0,15.0,"Chhatrapati Shivaji Intl. Airport (T2), Mumbai",28.4,25.3,26.7,90,14.9,8.6,228,1007.9,1.4
2021-08-25,46.0,45.0,3.0,11.0,5.0,14.0,"Chhatrapati Shivaji Intl. Airport (T2), Mumbai",27.9,25.2,26.7,88,16.6,9.1,245,1007.0,1.6
2021-08-26,40.0,55.0,3.0,11.0,5.0,15.0,"Chhatrapati Shivaji Intl. Airport (T2), Mumbai",27.8,25.8,26.6,87,17.0,11.1,233,1005.4,3.4
2021-08-27,56.0,73.0,3.0,11.0,5.0,15.0,"Chhatrapati Shivaji Intl. Airport (T2), Mumbai",28.0,25.4,26.5,89,12.3,9.2,226,1004.9,2.1
2021-08-28,72.0,67.0,3.0,12.0,5.0,16.0,"Chhatrapati Shivaji Intl. Airport (T2), Mumbai",27.8,25.0,26.5,87,14.5,8.1,220,1004.0,0.6
2021-08-29,72.0,71.0,3.0,10.0,6.0,17.0,"Chhatrapati Shivaji Intl. Airport (T2), Mumbai",28.2,24.8,26.6,87,12.2,6.4,262,1003.8,1.4
2021-08-30,77.0,45.0,3.0,12.0,5.0,17.0,"Chhatrapati Shivaji Intl. Airport (T2), Mumbai",27.1,25.9,26.6,88,14.5,8.4,304,1005.2,6.0
2021-08-31,59.0,36.0,3.0,11.0,6.0,16.0,"Chhatrapati Shivaji Intl. Airport (T2), Mumbai",26.6,25.4,25.9,91,17.1,11.3,290,1005.1,49.1
2021-09-01,44.0,34.0,3.0,10.0,5.0,14.0,"Chhatrapati Shivaji Intl. Airport (T2), Mumbai",27.4,25.2,26.1,91,18.9,15.1,235,1005.7,17.2
2021-09-02,42.0,72.0,3.0,11.0,5.0,15.0,"Chhatrapati Shivaji Intl. Airport (T2), Mumbai",27.9,25.5,26.5,89,23.8,18.4,218,1005.6,7.1
2021-09-03,82.0,38.0,3.0,11.0,5.0,16.0,"Chhatrapati Shivaji Intl. Airport (T2), Mumbai",27.2,25.1,26.1,91,19.1,14.9,213,1005.4,13.7
2021-09-04,51.0,51.0,3.0,14.0,7.0,18.0,"Chhatrapati Shivaji Intl. Airport (T2), Mumbai",27.8,25.1,26.2,91,14.5,11.0,235,1005.9,16.6
2021-09-05,64.0,48.0,3.0,13.0,7.0,17.0,"Chhatrapati Shivaji Intl. Airport (T2), Mumbai",27.2,25.3,26.1,91,12.3,9.0,256,1006.1,10.1
2021-09-06,52.0,41.0,3.0,12.0,7.0,17.0,"Chhatrapati Shivaji Intl. Airport (T2), Mumbai",27.9,25.3,26.5,89,16.8,10.0,291,1005.3,7.9
2021-09-07,54.0,28.0,3.0,11.0,6.0,15.0,"Chhatrapati Shivaji Intl. Airport (T2), Mumbai",27.1,25.2,26.0,92,13.3,6.4,334,1003.4,32.0
2021-09-08,34.0,35.0,3.0,8.0,5.0,13.0,"Chhatrapati Shivaji Intl. Airport (T2), Mumbai",27.6,25.3,26.4,90,34.9,23.1,239,1002.6,146.8
2021-09-09,36.0,40.0,3.0,8.0,5.0,13.0,"Chhatrapati Shivaji Intl. Airport (T2), Mumbai",28.4,25.7,26.8,88,32.1,24.5,235,1006.2,6.9
2021-09-10,43.0,34.0,3.0,8.0,4.0,13.0,"Chhatrapati Shivaji Intl. Airport (T2), Mumbai",27.8,25.2,26.5,89,26.2,20.8,228,1006.5,9.9
2021-09-11,36.0,26.0,3.0,10.0,4.0,14.0,"Chhatrapati Shivaji Intl. Airport (T2), Mumbai",27.5,25.6,26.3,92,25.3,20.4,224,1004.3,53.6
2021-09-12,35.0,47.0,4.0,10.0,4.0,14.0,"Chhatrapati Shivaji Intl. Airport (T2), Mumbai",27.5,25.5,26.4,91,21.4,16.7,244,1002.6,45.3
2021-09-13,48.0,66.0,3.0,10.0,3.0,14.0,"Chhatrapati Shivaji Intl. Airport (T2), Mumbai",26.9,26.0,26.4,90,25.0,21.4,259,1002.0,27.4
2021-09-14,73.0,68.0,3.0,9.0,2.0,13.0,"Chhatrapati Shivaji Intl. Airport (T2), Mumbai",28.4,26.0,26.8,85,25.5,20.6,248,1003.0,6.0
2021-09-15,74.0,65.0,3.0,8.0,2.0,13.0,"Chhatrapati Shivaji Intl. Airport (T2), Mumbai",27.6,25.4,26.5,87,24.1,20.7,214,1004.3,6.0
2021-09-16,71.0,57.0,3.0,7.0,1.0,13.0,"Chhatrapati Shivaji Intl. Airport (T2), Mumbai",28.5,25.5,26.7,85,24.5,19.4,211,1005.6,4.4
2021-09-17,63.0,50.0,4.0,9.0,2.0,13.0,"Chhatrapati Shivaji Intl. Airport (T2), Mumbai",28.4,25.5,26.7,84,21.6,15.4,220,1006.0,3.3
2021-09-18,53.0,38.0,3.0,10.0,2.0,14.0,"Chhatrapati Shivaji Intl. Airport (T2), Mumbai",27.3,25.2,26.2,89,17.9,13.7,208,1007.7,3.3
2021-09-19,45.0,34.0,3.0,10.0,3.0,15.0,"Chhatrapati Shivaji Intl. Airport (T2), Mumbai",27.1,25.2,26.2,91,17.1,11.3,211,1009.5,6.4
2021-09-20,41.0,29.0,3.0,11.0,4.0,15.0,"Chhatrapati Shivaji Intl. Airport (T2), Mumbai",27.5,25.2,26.4,90,13.1,9.3,245,1008.8,10.2
2021-09-21,36.0,47.0,3.0,15.0,5.0,17.0,"Chhatrapati Shivaji Intl. Airport (T2), Mumbai",27.2,25.4,26.0,91,14.5,10.5,267,1007.8,17.8
2021-09-22,54.0,58.0,5.0,15.0,6.0,19.0,"Chhatrapati Shivaji Intl. Airport (T2), Mumbai",26.8,25.0,25.8,92,16.8,11.0,280,1006.2,19.7
2021-09-23,69.0,211.0,8.0,8.0,6.0,17.0,"Chhatrapati Shivaji Intl. Airport (T2), Mumbai",27.2,25.0,26.2,91,14.5,7.0,241,1006.2,6.6
2021-09-24,70.0,55.0,3.0,17.0,6.0,17.0,"Chhatrapati Shivaji Intl. Airport (T2), Mumbai",28.5,25.2,26.7,87,15.0,8.5,232,1007.2,2.0
2021-09-25,75.0,59.0,3.0,11.0,5.0,16.0,"Chhatrapati Shivaji Intl. Airport (T2), Mumbai",28.1,24.5,26.4,87,13.4,8.0,236,1007.5,2.2
2021-09-26,65.0,52.0,3.0,13.0,5.0,17.0,"Chhatrapati Shivaji Intl. Airport (T2), Mumbai",28.1,25.2,26.5,85,14.1,6.5,285,1005.7,2.8
2021-09-27,62.0,43.0,3.0,13.0,4.0,16.0,"Chhatrapati Shivaji Intl. Airport (T2), Mumbai",26.6,25.0,25.9,89,9.6,5.5,291,1004.4,5.2
2021-09-28,54.0,29.0,4.0,9.0,2.0,13.0,"Chhatrapati Shivaji Intl. Airport (T2), Mumbai",26.5,24.5,25.7,91,17.6,10.4,232,1003.7,14.3
2021-09-29,36.0,40.0,3.0,9.0,2.0,14.0,"Chhatrapati Shivaji Intl. Airport (T2), Mumbai",27.8,25.2,26.3,89,24.9,22.6,212,1004.6,30.7
2021-09-30,50.0,66.0,3.0,10.0,3.0,15.0,"Chhatrapati Shivaji Intl. Airport (T2), Mumbai",27.8,25.0,26.4,89,23.1,18.6,184,1007.9,4.4
2021-10-01,71.0,75.0,7.0,12.0,3.0,17.0,"Chhatrapati Shivaji Intl. Airport (T2), Mumbai",29.0,25.2,27.0,89,15.1,8.4,194,1008.8,0.2
2021-10-02,84.0,71.0,10.0,14.0,3.0,17.0,"Chhatrapati Shivaji Intl. Airport (T2), Mumbai",28.7,24.9,26.9,89,16.4,7.3,346,1008.4,0.8
2021-10-03,84.0,72.0,10.0,12.0,3.0,17.0,"Chhatrapati Shivaji Intl. Airport (T2), Mumbai",30.4,25.1,27.5,89,17.8,8.7,337,1007.8,0.2
2021-10-04,86.0,68.0,10.0,12.0,2.0,16.0,"Chhatrapati Shivaji Intl. Airport (T2), Mumbai",30.5,26.2,28.0,88,16.5,9.4,334,1007.2,0.0
2021-10-05,75.0,68.0,10.0,14.0,3.0,17.0,"Chhatrapati Shivaji Intl. Airport (T2), Mumbai",30.8,26.1,28.0,88,17.7,9.7,346,1007.3,0.9
2021-10-06,79.0,63.0,12.0,16.0,5.0,18.0,"Chhatrapati Shivaji Intl. Airport (T2), Mumbai",31.3,26.4,28.3,88,12.5,6.7,21,1006.5,7.4
2021-10-07,77.0,53.0,4.0,12.0,5.0,16.0,"Chhatrapati Shivaji Intl. Airport (T2), Mumbai",31.9,26.0,28.3,87,12.1,6.2,356,1005.8,2.4
2021-10-08,60.0,50.0,4.0,12.0,5.0,15.0,"Chhatrapati Shivaji Intl. Airport (T2), Mumbai",29.2,25.2,27.1,88,15.3,9.6,172,1007.0,6.8
2021-10-09,50.0,57.0,4.0,11.0,6.0,17.0,"Chhatrapati Shivaji Intl. Airport (T2), Mumbai",28.5,25.9,27.0,89,13.3,7.3,180,1008.4,5.2
2021-10-10,65.0,67.0,8.0,13.0,6.0,18.0,"Chhatrapati Shivaji Intl. Airport (T2), Mumbai",29.1,25.9,27.2,87,10.1,5.9,188,1008.4,6.2
2021-10-11,80.0,79.0,9.0,14.0,7.0,19.0,"Chhatrapati Shivaji Intl. Airport (T2), Mumbai",29.2,25.0,26.8,89,15.3,5.7,341,1007.0,14.6
2021-10-12,98.0,89.0,18.0,16.0,7.0,19.0,"Chhatrapati Shivaji Intl. Airport (T2), Mumbai",30.1,25.1,27.6,88,12.7,6.0,354,1006.3,0.7
2021-10-13,109.0,116.0,16.0,16.0,7.0,22.0,"Chhatrapati Shivaji Intl. Airport (T2), Mumbai",30.9,25.1,28.1,85,12.8,5.6,345,1005.9,1.6
2021-10-14,139.0,116.0,28.0,17.0,6.0,20.0,"Chhatrapati Shivaji Intl. Airport (T2), Mumbai",31.9,25.5,28.6,80,18.7,8.8,348,1005.5,0.7
2021-10-15,131.0,138.0,28.0,21.0,5.0,19.0,"Chhatrapati Shivaji Intl. Airport (T2), Mumbai",32.9,24.6,28.2,69,18.6,9.9,6,1003.5,0.0
2021-10-16,169.0,114.0,28.0,24.0,5.0,19.0,"Chhatrapati Shivaji Intl. Airport (T2), Mumbai",31.5,24.1,27.5,70,20.0,10.2,345,1002.8,0.0
2021-10-17,135.0,78.0,15.0,19.0,3.0,15.0,"Chhatrapati Shivaji Intl. Airport (T2), Mumbai",30.5,24.5,27.3,73,17.4,9.9,321,1003.9,0.0
2021-10-18,79.0,120.0,12.0,12.0,19.0,18.0,"Chhatrapati Shivaji Intl. Airport (T2), Mumbai",30.0,25.2,27.8,80,19.9,12.2,295,1007.0,1.1
2021-10-19,126.0,85.0,19.0,7.0,2.0,17.0,"Chhatrapati Shivaji Intl. Airport (T2), Mumbai",29.2,24.6,26.7,82,13.8,7.4,303,1010.9,0.5
2021-10-20,93.0,101.0,28.0,10.0,1.0,18.0,"Chhatrapati Shivaji Intl. Airport (T2), Mumbai",29.6,23.5,26.3,84,18.6,10.0,347,1012.8,0.0
2021-10-21,120.0,110.0,22.0,9.0,2.0,21.0,"Chhatrapati Shivaji Intl. Airport (T2), Mumbai",31.2,22.9,26.8,80,18.1,9.6,350,1012.5,0.0
2021-10-22,129.0,89.0,27.0,10.0,2.0,19.0,"Chhatrapati Shivaji Intl. Airport (T2), Mumbai",32.1,22.2,27.1,73,15.0,9.3,348,1012.4,0.0
2021-10-23,104.0,64.0,15.0,7.0,1.6666666666666667,15.0,"Chhatrapati Shivaji Intl. Airport (T2), Mumbai",31.0,23.1,26.6,77,18.1,10.9,345,1012.8,0.0
2021-10-24,70.0,64.0,14.0,8.0,1.3333333333333337,16.0,"Chhatrapati Shivaji Intl. Airport (T2), Mumbai",29.5,22.9,26.0,80,17.2,9.2,345,1013.4,0.0
2021-10-25,68.0,98.0,23.0,12.0,1.0,18.0,"Chhatrapati Shivaji Intl. Airport (T2), Mumbai",30.3,22.8,26.1,80,20.2,11.4,349,1012.5,0.0
2021-10-26,119.0,93.0,31.0,12.0,2.0,18.0,"Chhatrapati Shivaji Intl. Airport (T2), Mumbai",32.0,22.9,26.9,74,16.3,9.4,348,1010.9,0.0
2021-10-27,117.0,98.0,36.0,14.0,2.0,18.0,"Chhatrapati Shivaji Intl. Airport (T2), Mumbai",33.1,23.0,27.3,64,20.2,10.5,2,1011.2,0.0
2021-10-28,120.0,133.0,32.0,14.0,2.0,17.0,"Chhatrapati Shivaji Intl. Airport (T2), Mumbai",33.6,23.4,27.7,58,21.6,13.5,29,1011.6,0.0
2021-10-29,142.0,134.0,47.0,16.0,2.0,17.0,"Chhatrapati Shivaji Intl. Airport (T2), Mumbai",33.3,23.9,27.6,46,21.2,14.5,29,1012.7,0.0
2021-10-30,148.0,112.0,58.0,19.0,4.0,20.0,"Chhatrapati Shivaji Intl. Airport (T2), Mumbai",33.0,24.0,27.5,46,19.6,14.6,21,1012.9,0.0
2021-10-31,137.0,131.0,59.0,19.0,2.0,22.0,"Chhatrapati Shivaji Intl. Airport (T2), Mumbai",32.5,24.1,27.5,53,18.1,11.9,8,1011.9,0.0
2021-11-01,156.0,131.0,45.0,19.0,3.0,23.0,"Chhatrapati Shivaji Intl. Airport (T2), Mumbai",32.1,22.5,27.0,67,14.3,8.1,348,1010.6,0.0
2021-11-02,157.0,113.0,37.0,15.0,2.0,21.0,"Chhatrapati Shivaji Intl. Airport (T2), Mumbai",33.2,23.3,27.6,67,14.2,9.4,9,1010.1,0.0
2021-11-03,144.0,143.0,38.0,15.0,1.0,19.0,"Chhatrapati Shivaji Intl. Airport (T2), Mumbai",33.7,23.7,27.9,60,21.1,11.2,8,1010.2,0.0
2021-11-04,148.0,127.0,32.0,13.0,2.0,19.0,"Chhatrapati Shivaji Intl. Airport (T2), Mumbai",32.3,24.8,27.9,60,15.8,9.2,7,1009.8,0.0
2021-11-05,144.0,86.0,14.0,10.0,2.0,18.0,"Chhatrapati Shivaji Intl. Airport (T2), Mumbai",32.2,24.2,28.0,70,17.1,9.7,28,1009.6,1.6
2021-11-06,116.0,87.0,31.0,9.0,1.6666666666666667,15.0,"Chhatrapati Shivaji Intl. Airport (T2), Mumbai",31.2,23.8,26.5,80,15.3,8.4,41,1009.2,0.1
2021-11-07,110.0,108.0,37.0,23.0,1.3333333333333337,18.0,"Chhatrapati Shivaji Intl. Airport (T2), Mumbai",29.2,24.0,26.5,76,13.0,8.1,22,1008.6,0.0
2021-11-08,141.0,119.0,33.0,15.0,1.0,20.0,"Chhatrapati Shivaji Intl. Airport (T2), Mumbai",31.6,23.6,26.8,69,16.8,9.9,2,1010.1,0.0
2021-11-09,145.0,110.0,43.0,17.0,1.0,18.0,"Chhatrapati Shivaji Intl. Airport (T2), Mumbai",32.4,21.5,26.0,61,18.3,10.2,20,1011.1,0.0
2021-11-10,136.0,114.0,45.0,19.0,1.0,20.0,"Chhatrapati Shivaji Intl. Airport (T2), Mumbai",32.2,21.5,26.0,56,20.9,13.1,20,1010.4,0.0
2021-11-11,141.0,111.0,45.0,21.0,1.0,20.0,"Chhatrapati Shivaji Intl. Airport (T2), Mumbai",32.5,21.2,26.2,48,18.7,13.9,34,1008.9,0.0
2021-11-12,135.0,116.0,40.0,21.0,1.0,21.0,"Chhatrapati Shivaji Intl. Airport (T2), Mumbai",32.0,21.7,26.3,48,22.6,12.6,8,1008.5,0.0
2021-11-13,147.0,116.0,31.0,18.0,1.0,20.0,"Chhatrapati Shivaji Intl. Airport (T2), Mumbai",32.7,23.4,27.2,57,19.8,12.3,357,1008.3,0.0
2021-11-14,151.0,124.0,27.0,18.0,2.0,21.0,"Chhatrapati Shivaji Intl. Airport (T2), Mumbai",32.5,23.9,27.6,66,18.1,11.3,355,1008.0,0.0
2021-11-15,154.0,148.0,23.5,15.0,1.0,20.0,"Chhatrapati Shivaji Intl. Airport (T2), Mumbai",32.5,24.6,27.9,65,21.9,13.1,347,1006.7,0.0
2021-11-16,209.0,84.0,20.0,10.0,1.0,18.0,"Chhatrapati Shivaji Intl. Airport (T2), Mumbai",33.5,24.6,28.2,68,19.2,10.9,5,1006.1,0.0
2021-11-17,113.0,64.0,13.0,7.0,2.0,18.0,"Chhatrapati Shivaji Intl. Airport (T2), Mumbai",32.2,24.5,27.5,76,16.9,7.2,39,1007.7,2.1
2021-11-18,78.0,77.0,21.0,11.0,1.0,14.0,"Chhatrapati Shivaji Intl. Airport (T2), Mumbai",30.0,23.8,26.4,85,13.4,7.0,41,1008.2,2.2
2021-11-19,96.0,87.0,14.0,8.0,2.0,12.0,"Chhatrapati Shivaji Intl. Airport (T2), Mumbai",31.4,23.5,26.7,85,15.4,7.2,10,1005.9,0.7
2021-11-20,108.0,52.0,9.0,7.0,1.6666666666666667,8.0,"Chhatrapati Shivaji Intl. Airport (T2), Mumbai",32.5,24.5,27.8,79,12.2,7.7,37,1005.1,1.1
2021-11-21,60.0,56.0,1.0,7.0,1.3333333333333337,9.0,"Chhatrapati Shivaji Intl. Airport (T2), Mumbai",32.8,25.2,27.6,81,16.7,9.6,119,1007.8,7.9
2021-11-22,70.0,139.0,5.0,9.0,1.0,10.0,"Chhatrapati Shivaji Intl. Airport (T2), Mumbai",28.7,24.9,26.7,86,10.2,6.7,337,1011.3,2.3
2021-11-23,76.0,102.5,10.0,9.0,1.0,12.0,"Chhatrapati Shivaji Intl. Airport (T2), Mumbai",30.5,24.6,27.1,86,17.3,8.3,335,1010.7,0.0
2021-11-24,127.0,115.0,8.0,13.0,3.0,16.0,"Chhatrapati Shivaji Intl. Airport (T2), Mumbai",31.7,25.5,27.9,81,16.6,9.2,346,1010.3,0.0
2021-11-25,136.0,107.0,22.0,18.0,3.0,14.0,"Chhatrapati Shivaji Intl. Airport (T2), Mumbai",32.6,24.6,27.8,74,16.7,9.0,355,1010.9,0.0
2021-11-26,136.0,107.0,30.0,17.0,3.0,14.0,"Chhatrapati Shivaji Intl. Airport (T2), Mumbai",32.5,23.0,27.2,71,15.0,8.0,353,1011.5,0.0
2021-11-27,138.0,112.0,32.0,13.0,4.0,14.0,"Chhatrapati Shivaji Intl. Airport (T2), Mumbai",32.6,22.1,26.7,72,16.3,8.7,8,1011.4,0.0
2021-11-28,133.0,104.0,32.0,15.0,3.0,11.0,"Chhatrapati Shivaji Intl. Airport (T2), Mumbai",32.2,21.6,26.0,64,16.1,8.7,30,1012.0,0.0
2021-11-29,121.0,118.0,29.0,15.0,3.0,12.0,"Chhatrapati Shivaji Intl. Airport (T2), Mumbai",32.5,21.4,26.0,55,15.1,10.2,42,1012.1,0.0
2021-11-30,141.0,79.0,11.0,10.0,1.0,12.0,"Chhatrapati Shivaji Intl. Airport (T2), Mumbai",32.5,23.8,27.1,58,15.0,8.8,40,1011.2,0.0
2021-12-01,114.0,65.0,6.0,8.0,2.0,12.0,"Chhatrapati Shivaji Intl. Airport (T2), Mumbai",24.7,20.6,23.0,82,20.3,10.8,34,1011.3,41.4
2021-12-02,92.0,90.0,3.0,7.0,3.0,15.0,"Chhatrapati Shivaji Intl. Airport (T2), Mumbai",24.8,19.2,22.3,89,26.9,12.9,79,1010.1,56.7
2021-12-03,115.0,93.0,7.0,6.0,4.0,16.0,"Chhatrapati Shivaji Intl. Airport (T2), Mumbai",27.0,22.0,24.2,89,10.4,6.6,113,1011.4,0.8
2021-12-04,117.0,97.0,7.0,7.0,5.0,17.0,"Chhatrapati Shivaji Intl. Airport (T2), Mumbai",27.6,21.4,24.2,88,11.3,6.4,99,1012.0,0.1
2021-12-05,117.0,109.0,16.0,12.0,3.0,14.0,"Chhatrapati Shivaji Intl. Airport (T2), Mumbai",26.7,20.9,23.8,88,11.8,5.8,10,1012.5,0.2
2021-12-06,129.0,140.0,24.0,14.0,3.0,15.0,"Chhatrapati Shivaji Intl. Airport (T2), Mumbai",29.0,21.0,24.4,82,16.3,9.1,3,1012.3,0.0
2021-12-07,159.0,137.0,25.0,15.0,4.0,16.0,"Chhatrapati Shivaji Intl. Airport (T2), Mumbai",30.1,22.0,25.4,73,15.5,10.4,24,1012.4,0.0
2021-12-08,158.0,127.0,21.0,17.0,3.0,15.0,"Chhatrapati Shivaji Intl. Airport (T2), Mumbai",31.0,22.1,25.6,67,16.2,10.9,27,1012.5,0.0
2021-12-09,156.0,125.0,27.0,15.0,3.0,14.0,"Chhatrapati Shivaji Intl. Airport (T2), Mumbai",29.9,22.7,25.7,68,16.3,10.8,11,1013.9,0.0
2021-12-10,150.0,117.0,24.0,29.0,3.0,13.0,"Chhatrapati Shivaji Intl. Airport (T2), Mumbai",31.2,22.2,25.8,67,15.8,11.2,31,1014.4,0.0
2021-12-11,146.0,117.0,24.0,16.0,3.0,14.0,"Chhatrapati Shivaji Intl. Airport (T2), Mumbai",31.0,22.1,25.4,71,14.6,10.0,25,1014.0,0.0
2021-12-12,147.0,115.0,27.0,15.0,3.0,14.0,"Chhatrapati Shivaji Intl. Airport (T2), Mumbai",31.6,21.0,25.1,71,13.5,9.2,38,1013.9,0.0
2021-12-13,135.0,107.0,18.0,16.0,4.0,14.0,"Chhatrapati Shivaji Intl. Airport (T2), Mumbai",29.3,20.7,24.3,71,15.7,8.2,357,1013.5,0.0
2021-12-14,128.0,131.0,25.0,22.0,3.0,14.0,"Chhatrapati Shivaji Intl. Airport (T2), Mumbai",28.5,19.3,23.5,73,17.1,10.4,354,1013.3,0.0
2021-12-15,157.0,147.0,27.0,21.0,4.0,17.0,"Chhatrapati Shivaji Intl. Airport (T2), Mumbai",27.3,19.0,22.9,80,14.3,9.1,346,1013.4,0.0
2021-12-16,163.0,150.0,23.0,20.0,4.0,17.0,"Chhatrapati Shivaji Intl. Airport (T2), Mumbai",28.1,19.6,23.3,81,16.7,9.3,349,1014.3,0.0
2021-12-17,165.0,142.0,28.0,21.0,4.0,16.0,"Chhatrapati Shivaji Intl. Airport (T2), Mumbai",28.0,20.3,23.6,76,17.0,10.4,348,1014.8,0.0
2021-12-18,161.0,126.0,38.0,19.0,3.0,14.0,"Chhatrapati Shivaji Intl. Airport (T2), Mumbai",29.4,18.9,23.6,72,15.9,9.5,357,1014.6,0.0
2021-12-19,156.0,129.0,37.0,21.0,2.0,14.0,"Chhatrapati Shivaji Intl. Airport (T2), Mumbai",29.8,19.6,23.6,68,17.0,10.4,22,1015.0,0.0
2021-12-20,232.0,136.0,41.0,23.0,2.0,16.0,"Chhatrapati Shivaji Intl. Airport (T2), Mumbai",29.9,18.5,23.2,70,14.7,8.9,12,1014.9,0.0
2021-12-21,160.0,145.0,27.0,23.0,3.0,17.0,"Chhatrapati Shivaji Intl. Airport (T2), Mumbai",28.6,17.8,22.9,73,13.0,7.4,357,1014.7,0.0
2021-12-22,163.0,139.0,35.0,21.0,3.0,17.0,"Chhatrapati Shivaji Intl. Airport (T2), Mumbai",28.0,17.9,22.9,76,12.5,8.0,339,1013.3,0.0
2021-12-23,159.0,92.0,21.0,14.0,2.0,14.0,"Chhatrapati Shivaji Intl. Airport (T2), Mumbai",28.0,18.2,22.5,75,12.9,7.9,346,1012.9,0.0
2021-12-24,112.0,94.0,24.0,12.0,3.0,13.0,"Chhatrapati Shivaji Intl. Airport (T2), Mumbai",26.2,17.6,21.7,83,14.6,8.1,343,1013.4,0.0
2021-12-25,120.0,124.0,21.0,16.0,3.0,14.0,"Chhatrapati Shivaji Intl. Airport (T2), Mumbai",26.2,17.5,21.5,82,14.8,8.4,352,1014.1,0.0
2021-12-26,155.0,138.0,24.0,17.0,4.0,17.0,"Chhatrapati Shivaji Intl. Airport (T2), Mumbai",28.2,18.5,22.6,78,17.8,10.3,350,1014.6,0.0
2021-12-27,159.0,133.0,21.0,13.0,3.0,17.0,"Chhatrapati Shivaji Intl. Airport (T2), Mumbai",29.4,17.9,23.0,73,13.8,9.0,357,1014.2,0.0
2021-12-28,155.0,101.0,22.0,11.0,1.0,12.0,"Chhatrapati Shivaji Intl. Airport (T2), Mumbai",28.0,18.4,22.8,75,21.5,11.1,343,1013.6,0.0
2021-12-29,119.0,109.0,24.0,12.0,1.0,12.0,"Chhatrapati Shivaji Intl. Airport (T2), Mumbai",27.5,19.5,22.8,66,20.8,13.9,352,1013.9,0.0
2021-12-30,142.0,109.0,28.0,10.0,1.0,12.0,"Chhatrapati Shivaji Intl. Airport (T2), Mumbai",30.0,18.8,23.2,66,20.8,11.5,15,1014.6,0.0
2021-12-31,138.0,100.0,23.0,10.0,2.0,13.0,"Chhatrapati Shivaji Intl. Airport (T2), Mumbai",31.4,20.9,24.8,66,16.3,12.0,37,1015.4,0.0
2022-01-01,129.0,104.0,23.0,10.0,2.0,14.0,"Chhatrapati Shivaji Intl. Airport (T2), Mumbai",31.3,20.4,24.8,64,13.9,10.7,28,1015.8,0.0
2022-01-02,134.0,109.0,29.0,12.0,2.0,14.0,"Chhatrapati Shivaji Intl. Airport (T2), Mumbai",30.6,20.5,24.8,65,14.1,9.2,10,1014.6,0.0
2022-01-03,140.0,117.0,37.0,15.0,1.0,15.0,"Chhatrapati Shivaji Intl. Airport (T2), Mumbai",30.9,21.4,25.0,68,13.8,9.0,9,1014.0,0.0
2022-01-04,149.0,136.0,29.0,13.0,4.0,17.0,"Chhatrapati Shivaji Intl. Airport (T2), Mumbai",31.2,20.4,24.7,73,15.1,8.6,3,1013.9,0.0
2022-01-05,161.0,101.0,18.0,11.0,3.0,12.0,"Chhatrapati Shivaji Intl. Airport (T2), Mumbai",28.5,20.4,24.1,80,17.3,8.0,328,1013.5,0.0
2022-01-06,131.0,114.0,25.0,11.0,3.0,12.0,"Chhatrapati Shivaji Intl. Airport (T2), Mumbai",27.9,20.5,23.5,80,16.5,9.3,344,1013.1,0.0
2022-01-07,143.0,98.0,10.0,9.0,3.0,11.0,"Chhatrapati Shivaji Intl. Airport (T2), Mumbai",27.4,19.6,23.2,79,15.5,7.0,301,1012.5,0.0
2022-01-08,125.0,61.0,21.0,13.0,7.333333333333333,9.0,"Chhatrapati Shivaji Intl. Airport (T2), Mumbai",24.5,21.0,22.5,85,12.1,7.3,357,1013.8,2.3
2022-01-09,66.0,78.0,33.0,16.0,11.666666666666666,9.0,"Chhatrapati Shivaji Intl. Airport (T2), Mumbai",25.4,18.8,21.7,58,22.0,14.9,347,1013.9,0.0
2022-01-10,82.0,132.0,34.0,25.0,16.0,13.0,"Chhatrapati Shivaji Intl. Airport (T2), Mumbai",24.2,16.0,19.6,57,23.1,13.6,348,1014.0,0.0
2022-01-11,147.0,108.0,29.0,18.0,4.0,15.0,"Chhatrapati Shivaji Intl. Airport (T2), Mumbai",24.5,14.8,19.6,72,15.2,8.7,348,1013.6,0.0
2022-01-12,136.0,120.0,32.0,13.0,5.0,9.0,"Chhatrapati Shivaji Intl. Airport (T2), Mumbai",25.0,16.4,20.7,68,18.4,12.1,345,1013.2,0.0
2022-01-13,153.0,128.0,25.0,13.0,4.0,10.0,"Chhatrapati Shivaji Intl. Airport (T2), Mumbai",25.9,15.6,20.6,72,15.4,7.5,341,1012.3,0.0
2022-01-14,156.0,180.0,22.0,10.0,4.0,9.0,"Chhatrapati Shivaji Intl. Airport (T2), Mumbai",25.8,17.2,21.4,76,16.1,9.3,345,1012.3,0.0
2022-01-15,199.0,101.0,28.0,13.0,4.0,8.0,"Chhatrapati Shivaji Intl. Airport (T2), Mumbai",28.8,18.0,22.5,67,20.5,11.3,8,1012.9,0.0
2022-01-16,125.0,103.0,19.0,10.0,5.0,9.0,"Chhatrapati Shivaji Intl. Airport (T2), Mumbai",31.4,19.0,24.0,59,18.7,11.7,38,1013.2,0.0
2022-01-17,140.0,114.0,22.0,11.0,5.0,10.0,"Chhatrapati Shivaji Intl. Airport (T2), Mumbai",30.7,20.3,24.5,65,14.8,10.2,8,1015.1,0.0
2022-01-18,143.0,121.0,28.0,12.0,6.0,12.0,"Chhatrapati Shivaji Intl. Airport (T2), Mumbai",29.0,20.0,24.1,67,19.0,11.0,351,1014.9,0.0
2022-01-19,147.0,94.0,24.0,6.0,5.0,9.0,"Chhatrapati Shivaji Intl. Airport (T2), Mumbai",29.2,18.8,23.6,69,17.2,9.9,343,1013.5,0.0
2022-01-20,118.0,87.0,9.0,4.0,5.0,8.0,"Chhatrapati Shivaji Intl. Airport (T2), Mumbai",27.5,19.0,22.7,70,16.1,10.1,332,1012.0,0.0
2022-01-21,103.0,80.0,5.0,5.0,7.0,6.0,"Chhatrapati Shivaji Intl. Airport (T2), Mumbai",27.1,18.8,22.4,84,14.2,8.0,336,1011.8,0.0
2022-01-22,94.0,96.5,20.0,9.0,4.0,2.0,"Chhatrapati Shivaji Intl. Airport (T2), Mumbai",26.6,20.2,23.5,81,22.7,11.8,279,1010.3,1.0
2022-01-23,262.0,113.0,27.0,13.0,2.0,3.0,"Chhatrapati Shivaji Intl. Airport (T2), Mumbai",23.3,17.6,21.5,60,22.4,16.8,316,1011.6,0.4
2022-01-24,177.0,231.0,28.0,19.0,4.0,6.0,"Chhatrapati Shivaji Intl. Airport (T2), Mumbai",24.2,14.3,19.1,57,25.5,12.8,1,1012.5,0.0
2022-01-25,170.0,161.0,36.0,18.0,3.0,8.0,"Chhatrapati Shivaji Intl. Airport (T2), Mumbai",25.4,14.2,19.7,56,18.8,11.5,353,1012.1,0.0
2022-01-26,164.0,149.0,29.0,20.0,6.0,11.0,"Chhatrapati Shivaji Intl. Airport (T2), Mumbai",27.2,15.8,21.0,55,19.9,12.2,355,1011.9,0.0
2022-01-27,158.0,114.0,31.0,18.0,7.0,8.0,"Chhatrapati Shivaji Intl. Airport (T2), Mumbai",29.2,16.9,22.1,53,20.5,10.6,3,1012.2,0.0
2022-01-28,132.0,111.0,36.0,22.0,6.0,8.0,"Chhatrapati Shivaji Intl. Airport (T2), Mumbai",30.6,18.5,23.6,45,17.8,13.6,26,1013.1,0.0
2022-01-29,131.0,121.0,38.0,21.0,5.0,11.0,"Chhatrapati Shivaji Intl. Airport (T2), Mumbai",31.0,17.1,23.0,49,17.2,11.0,11,1014.0,0.0
2022-01-30,144.0,227.0,1.0,20.0,10.0,9.0,"Chhatrapati Shivaji Intl. Airport (T2), Mumbai",29.9,16.2,22.3,56,15.2,9.9,352,1012.9,0.0
2022-01-31,171.0,101.0,10.0,19.0,6.0,7.0,"Chhatrapati Shivaji Intl. Airport (T2), Mumbai",29.2,16.8,22.4,56,17.3,10.7,341,1012.1,0.0
2022-02-01,124.0,127.0,22.0,14.0,6.0,11.0,"Chhatrapati Shivaji Intl. Airport (T2), Mumbai",29.4,16.0,21.8,65,20.1,12.1,344,1011.3,0.0
2022-02-02,154.0,125.0,13.0,9.0,6.0,9.0,"Chhatrapati Shivaji Intl. Airport (T2), Mumbai",27.9,16.5,21.8,78,18.1,10.3,330,1011.4,0.0
2022-02-03,130.0,168.0,16.0,9.0,6.0,5.0,"Chhatrapati Shivaji Intl. Airport (T2), Mumbai",26.2,17.0,21.8,85,13.1,7.5,265,1011.4,0.0
2022-02-04,157.0,187.0,28.0,14.0,6.0,8.0,"Chhatrapati Shivaji Intl. Airport (T2), Mumbai",26.0,18.6,22.2,75,12.7,7.7,299,1011.0,0.0
2022-02-05,168.0,159.0,37.0,17.0,6.0,9.0,"Chhatrapati Shivaji Intl. Airport (T2), Mumbai",27.6,15.6,21.3,70,19.2,10.3,347,1011.5,0.0
2022-02-06,163.0,120.0,17.0,14.0,4.0,6.0,"Chhatrapati Shivaji Intl. Airport (T2), Mumbai",27.5,17.5,21.9,69,19.4,10.3,325,1013.1,0.0
2022-02-07,141.0,75.0,11.0,11.0,2.0,4.0,"Chhatrapati Shivaji Intl. Airport (T2), Mumbai",26.0,18.2,21.6,81,21.9,11.4,332,1014.4,0.0
2022-02-08,86.0,93.0,9.0,12.0,3.0,5.0,"Chhatrapati Shivaji Intl. Airport (T2), Mumbai",25.6,18.2,21.6,80,17.3,10.0,325,1013.7,0.0
2022-02-09,109.0,131.0,18.0,17.0,5.0,10.0,"Chhatrapati Shivaji Intl. Airport (T2), Mumbai",26.4,17.7,21.7,79,19.3,11.6,345,1013.2,0.0
2022-02-10,145.0,112.0,27.0,19.0,4.0,8.0,"Chhatrapati Shivaji Intl. Airport (T2), Mumbai",30.2,18.5,23.6,56,24.0,13.5,346,1012.5,0.0
2022-02-11,122.0,110.0,27.0,21.0,4.0,9.0,"Chhatrapati Shivaji Intl. Airport (T2), Mumbai",32.2,20.9,25.4,45,21.7,14.5,9,1011.9,0.0
2022-02-12,129.0,123.0,31.0,22.0,5.0,11.0,"Chhatrapati Shivaji Intl. Airport (T2), Mumbai",30.8,20.0,24.5,50,21.0,11.9,347,1011.7,0.0
2022-02-13,143.0,108.0,22.0,23.0,5.0,9.0,"Chhatrapati Shivaji Intl. Airport (T2), Mumbai",30.2,18.5,23.7,59,19.5,10.7,337,1010.2,0.0
2022-02-14,128.0,85.0,10.0,20.0,4.0,7.0,"Chhatrapati Shivaji Intl. Airport (T2), Mumbai",29.0,18.6,23.6,53,19.5,11.9,345,1010.7,0.0
2022-02-15,95.0,77.0,8.0,13.0,3.0,6.0,"Chhatrapati Shivaji Intl. Airport (T2), Mumbai",27.2,19.0,22.9,65,17.3,11.3,332,1010.9,0.0
2022-02-16,85.0,85.0,13.0,14.0,4.0,8.0,"Chhatrapati Shivaji Intl. Airport (T2), Mumbai",26.5,18.7,22.1,80,16.5,9.4,332,1009.4,0.0
2022-02-17,99.0,102.0,14.0,18.0,6.0,11.0,"Chhatrapati Shivaji Intl. Airport (T2), Mumbai",26.9,17.6,21.9,81,14.0,6.8,323,1008.2,0.0
2022-02-18,118.0,116.0,14.0,30.0,7.0,12.0,"Chhatrapati Shivaji Intl. Airport (T2), Mumbai",28.1,18.4,23.1,78,14.6,6.8,284,1009.1,0.0
2022-02-19,137.0,97.0,26.0,26.0,5.0,8.0,"Chhatrapati Shivaji Intl. Airport (T2), Mumbai",29.6,18.9,23.7,75,17.9,9.9,327,1011.1,0.0
2022-02-20,122.0,135.0,30.0,31.0,7.0,14.0,"Chhatrapati Shivaji Intl. Airport (T2), Mumbai",31.0,19.4,24.4,63,20.2,11.7,339,1010.8,0.0
2022-02-21,146.0,118.0,19.0,26.0,7.0,10.0,"Chhatrapati Shivaji Intl. Airport (T2), Mumbai",31.2,17.9,23.9,55,22.9,12.8,338,1010.1,0.0
2022-02-22,127.0,117.0,9.0,26.0,7.0,12.0,"Chhatrapati Shivaji Intl. Airport (T2), Mumbai",30.4,18.4,23.5,65,21.8,10.6,334,1010.9,0.0
2022-02-23,134.0,141.0,24.0,34.0,6.0,14.0,"Chhatrapati Shivaji Intl. Airport (T2), Mumbai",29.9,18.5,24.1,65,18.9,11.2,338,1012.3,0.0
2022-02-24,151.33333333333334,167.0,25.0,38.0,7.0,13.0,"Chhatrapati Shivaji Intl. Airport (T2), Mumbai",30.2,20.1,25.2,61,20.1,11.5,328,1013.6,0.0
2022-02-25,168.66666666666666,145.0,18.0,34.0,6.0,10.0,"Chhatrapati Shivaji Intl. Airport (T2), Mumbai",30.7,20.6,25.3,56,22.9,12.5,325,1013.0,0.0
2022-02-26,186.0,125.0,26.0,25.0,7.0,11.0,"Chhatrapati Shivaji Intl. Airport (T2), Mumbai",30.5,20.0,24.7,62,21.8,12.6,334,1012.9,0.0
2022-02-27,142.0,147.0,27.0,28.5,9.0,14.0,"Chhatrapati Shivaji Intl. Airport (T2), Mumbai",31.1,19.9,25.2,54,24.2,12.3,332,1013.1,0.0
2022-02-28,185.0,133.0,27.0,32.0,8.0,10.0,"Chhatrapati Shivaji Intl. Airport (T2), Mumbai",32.3,20.0,25.5,49,21.3,11.4,332,1012.6,0.0
2022-03-01,154.0,145.0,27.0,33.5,8.0,14.0,"Chhatrapati Shivaji Intl. Airport (T2), Mumbai",32.5,21.0,25.9,51,18.9,11.0,337,1012.6,0.0
2022-03-02,154.0,158.0,33.0,35.0,9.0,14.0,"Chhatrapati Shivaji Intl. Airport (T2), Mumbai",34.5,21.6,27.0,50,22.4,12.0,339,1011.6,0.0
2022-03-03,154.0,124.0,28.0,28.0,8.0,9.0,"Chhatrapati Shivaji Intl. Airport (T2), Mumbai",35.3,21.6,27.7,43,24.7,15.4,345,1011.5,0.0
2022-03-04,122.0,124.0,20.0,28.0,12.0,10.0,"Chhatrapati Shivaji Intl. Airport (T2), Mumbai",34.5,23.8,27.6,37,24.7,16.2,343,1011.9,0.0
2022-03-05,131.0,134.0,30.0,28.0,11.0,14.0,"Chhatrapati Shivaji Intl. Airport (T2), Mumbai",34.2,20.8,26.6,48,23.7,11.5,337,1010.9,0.0
2022-03-06,144.0,133.0,30.0,31.0,9.0,14.0,"Chhatrapati Shivaji Intl. Airport (T2), Mumbai",34.2,22.5,27.3,51,20.4,11.0,327,1009.8,0.0
2022-03-07,152.0,138.0,34.0,28.0,9.0,11.0,"Chhatrapati Shivaji Intl. Airport (T2), Mumbai",32.2,24.2,27.7,54,16.0,10.6,326,1010.1,0.0
2022-03-08,153.0,130.0,24.0,25.0,9.0,12.0,"Chhatrapati Shivaji Intl. Airport (T2), Mumbai",36.0,25.2,29.0,52,23.2,13.7,354,1010.1,0.0
2022-03-09,149.0,196.0,31.0,27.0,8.0,12.0,"Chhatrapati Shivaji Intl. Airport (T2), Mumbai",34.0,24.5,28.4,54,16.9,10.1,342,1010.1,0.1
2022-03-10,201.0,144.0,25.0,29.0,8.0,13.0,"Chhatrapati Shivaji Intl. Airport (T2), Mumbai",33.8,23.1,28.1,54,19.0,10.6,346,1009.9,0.0
2022-03-11,155.0,95.0,43.0,25.0,6.0,6.0,"Chhatrapati Shivaji Intl. Airport (T2), Mumbai",33.2,24.0,28.4,51,16.5,9.7,330,1009.6,0.0
2022-03-12,109.0,123.0,29.0,27.0,8.0,10.0,"Chhatrapati Shivaji Intl. Airport (T2), Mumbai",36.3,22.8,28.6,52,18.0,10.1,334,1009.3,0.0
2022-03-13,134.0,129.0,22.0,31.0,8.0,12.0,"Chhatrapati Shivaji Intl. Airport (T2), Mumbai",36.2,22.5,29.0,47,23.3,12.5,342,1009.5,0.0
2022-03-14,135.0,178.0,36.0,28.0,23.0,12.0,"Chhatrapati Shivaji Intl. Airport (T2), Mumbai",36.0,22.8,29.1,36,21.5,12.7,346,1009.9,0.0
2022-03-15,158.0,138.0,21.0,31.0,9.0,11.0,"Chhatrapati Shivaji Intl. Airport (T2), Mumbai",36.0,23.8,29.6,43,22.2,13.5,337,1008.6,0.0
2022-03-16,143.0,161.0,23.0,31.0,17.0,12.0,"Chhatrapati Shivaji Intl. Airport (T2), Mumbai",35.3,23.2,29.9,45,26.0,14.3,338,1007.2,0.0
2022-03-17,151.0,118.0,27.0,21.0,5.0,9.0,"Chhatrapati Shivaji Intl. Airport (T2), Mumbai",35.5,24.5,29.8,44,23.5,12.8,328,1006.4,0.0
2022-03-18,140.0,114.0,22.0,15.0,2.0,5.0,"Chhatrapati Shivaji Intl. Airport (T2), Mumbai",34.8,22.8,29.2,54,27.1,14.1,327,1006.1,0.0
2022-03-19,157.0,90.0,3.0,5.0,1.0,3.0,"Chhatrapati Shivaji Intl. Airport (T2), Mumbai",32.0,23.5,27.7,71,20.8,10.1,277,1006.4,0.0
2022-03-20,108.0,129.0,9.0,5.0,4.0,5.0,"Chhatrapati Shivaji Intl. Airport (T2), Mumbai",30.2,24.0,27.0,79,26.9,9.8,268,1007.2,0.0
2022-03-21,144.0,130.0,17.0,20.0,6.0,9.0,"Chhatrapati Shivaji Intl. Airport (T2), Mumbai",30.5,22.5,26.8,75,24.2,11.6,321,1008.0,0.0
2022-03-22,141.0,142.0,21.0,27.0,7.0,8.0,"Chhatrapati Shivaji Intl. Airport (T2), Mumbai",34.2,24.5,29.3,46,26.5,14.7,339,1007.3,0.0
2022-03-23,138.0,142.0,28.0,26.0,5.0,8.0,"Chhatrapati Shivaji Intl. Airport (T2), Mumbai",38.0,26.1,30.9,31,28.0,16.2,345,1006.4,0.0
2022-03-24,151.0,84.0,7.0,16.0,4.0,5.0,"Chhatrapati Shivaji Intl. Airport (T2), Mumbai",33.7,24.9,28.5,46,20.1,9.5,301,1006.9,0.0
2022-03-25,98.0,84.0,5.0,15.0,3.0,5.0,"Chhatrapati Shivaji Intl. Airport (T2), Mumbai",32.0,23.8,27.4,74,21.6,8.5,287,1008.4,0.0
2022-03-26,102.0,84.0,7.0,9.0,2.0,3.0,"Chhatrapati Shivaji Intl. Airport (T2), Mumbai",32.4,23.3,27.5,78,22.2,8.4,291,1010.6,0.0
2022-03-27,101.0,96.0,3.0,9.0,2.0,3.0,"Chhatrapati Shivaji Intl. Airport (T2), Mumbai",32.3,23.6,27.6,77,21.2,8.9,296,1010.8,0.0
2022-03-28,117.0,144.0,4.0,10.0,4.0,5.0,"Chhatrapati Shivaji Intl. Airport (T2), Mumbai",32.3,24.2,27.6,81,20.7,9.7,297,1009.9,0.0
2022-03-29,126.0,102.0,1.0,7.0,4.0,5.0,"Chhatrapati Shivaji Intl. Airport (T2), Mumbai",33.5,23.2,28.4,68,20.4,11.5,318,1008.6,0.0
2022-03-30,111.0,107.0,3.0,6.0,5.0,6.0,"Chhatrapati Shivaji Intl. Airport (T2), Mumbai",33.8,22.8,28.2,69,19.4,10.5,321,1008.4,0.0
2022-03-31,121.0,173.0,5.0,5.0,7.0,6.0,"Chhatrapati Shivaji Intl. Airport (T2), Mumbai",31.9,22.0,26.6,74,17.4,8.8,318,1009.2,0.0
2022-04-01,165.0,146.0,8.0,11.0,5.0,3.0,"Chhatrapati Shivaji Intl. Airport (T2), Mumbai",33.0,22.1,26.7,76,19.1,9.2,311,1009.1,0.0
2022-04-02,158.0,124.0,9.0,12.0,4.0,4.0,"Chhatrapati Shivaji Intl. Airport (T2), Mumbai",31.0,23.3,27.0,79,19.4,7.6,273,1010.1,0.0
2022-04-03,150.0,99.0,5.0,9.0,4.0,3.0,"Chhatrapati Shivaji Intl. Airport (T2), Mumbai",31.5,23.0,27.2,80,23.4,9.7,302,1009.4,0.0
2022-04-04,120.0,86.0,2.0,8.0,3.0,3.0,"Chhatrapati Shivaji Intl. Airport (T2), Mumbai",32.0,25.0,27.9,81,23.9,9.7,276,1009.6,0.0
2022-04-05,102.0,83.0,3.0,9.0,4.0,3.0,"Chhatrapati Shivaji Intl. Airport (T2), Mumbai",32.2,24.6,28.2,82,22.5,10.1,275,1011.3,0.0
2022-04-06,97.0,79.0,6.0,10.0,3.0,5.0,"Chhatrapati Shivaji Intl. Airport (T2), Mumbai",32.0,24.9,28.2,81,19.8,10.6,265,1011.7,0.0
2022-04-07,107.0,205.0,3.0,9.0,3.0,4.0,"Chhatrapati Shivaji Intl. Airport (T2), Mumbai",32.5,25.2,28.4,80,18.9,8.4,265,1010.4,0.0
2022-04-08,88.0,185.0,2.0,4.0,9.0,3.0,"Chhatrapati Shivaji Intl. Airport (T2), Mumbai",33.4,24.4,28.4,80,21.3,9.9,240,1008.7,0.0
2022-04-09,81.0,59.0,3.0,6.0,18.0,2.0,"Chhatrapati Shivaji Intl. Airport (T2), Mumbai",32.0,26.0,28.6,81,17.4,10.1,216,1008.6,0.0
2022-04-10,77.0,239.0,54.0,10.0,27.0,3.0,"Chhatrapati Shivaji Intl. Airport (T2), Mumbai",32.6,26.0,28.8,74,19.6,9.9,255,1008.6,0.0
2022-04-11,84.0,92.0,2.0,5.0,15.0,7.0,"Chhatrapati Shivaji Intl. Airport (T2), Mumbai",32.5,25.5,28.6,75,23.4,9.2,286,1007.6,0.0
2022-04-12,107.0,98.0,5.0,9.0,9.0,6.0,"Chhatrapati Shivaji Intl. Airport (T2), Mumbai",33.6,24.0,28.7,73,22.7,11.4,321,1006.3,0.0
2022-04-13,104.0,68.0,11.0,6.0,7.0,4.0,"Chhatrapati Shivaji Intl. Airport (T2), Mumbai",34.8,24.2,29.3,69,23.1,12.4,326,1005.5,0.0
2022-04-14,120.0,66.0,1.0,6.0,4.0,1.0,"Chhatrapati Shivaji Intl. Airport (T2), Mumbai",32.0,25.2,28.5,78,18.0,9.9,278,1006.5,0.0
2022-04-15,76.0,79.0,4.199999999999999,6.0,4.0,2.0,"Chhatrapati Shivaji Intl. Airport (T2), Mumbai",32.0,25.4,28.3,75,18.9,8.8,264,1007.3,0.0
2022-04-16,88.0,74.0,7.399999999999999,7.0,3.0,1.0,"Chhatrapati Shivaji Intl. Airport (T2), Mumbai",31.5,23.4,27.5,79,19.6,9.9,267,1006.5,0.0
2022-04-17,82.0,191.0,10.6,6.0,3.0,2.0,"Chhatrapati Shivaji Intl. Airport (T2), Mumbai",32.0,24.7,28.1,75,19.9,10.1,259,1007.4,0.0
2022-04-18,80.0,151.0,3.0,6.0,5.0,3.0,"Chhatrapati Shivaji Intl. Airport (T2), Mumbai",31.5,24.8,28.1,77,23.8,9.3,285,1009.6,0.0
2022-04-19,86.0,111.0,17.0,9.0,5.0,5.0,"Chhatrapati Shivaji Intl. Airport (T2), Mumbai",32.2,24.8,28.2,78,23.4,11.4,309,1010.9,0.0
2022-04-20,192.0,108.0,6.0,15.0,6.0,9.0,"Chhatrapati Shivaji Intl. Airport (T2), Mumbai",32.9,25.1,29.1,76,22.5,12.8,324,1008.6,0.0
2022-04-21,127.0,165.0,8.0,19.0,5.0,7.0,"Chhatrapati Shivaji Intl. Airport (T2), Mumbai",38.3,28.1,32.0,47,29.8,17.0,338,1006.2,0.0
2022-04-22,131.0,158.0,9.0,12.0,3.0,6.0,"Chhatrapati Shivaji Intl. Airport (T2), Mumbai",36.3,26.8,31.2,58,21.3,11.7,326,1006.9,0.0
2022-04-23,122.0,75.0,1.0,6.0,16.0,3.0,"Chhatrapati Shivaji Intl. Airport (T2), Mumbai",37.0,26.3,30.9,69,17.7,9.1,285,1007.8,0.0
2022-04-24,89.0,128.0,7.0,18.0,29.0,6.0,"Chhatrapati Shivaji Intl. Airport (T2), Mumbai",33.9,27.0,30.0,78,17.3,10.9,247,1008.3,0.0
2022-04-25,104.0,107.0,2.0,10.0,3.0,4.0,"Chhatrapati Shivaji Intl. Airport (T2), Mumbai",36.5,25.4,30.8,60,23.7,12.0,330,1006.6,0.0
2022-04-26,83.0,84.0,2.0,11.0,1.0,5.0,"Chhatrapati Shivaji Intl. Airport (T2), Mumbai",33.9,26.3,30.1,68,19.2,12.0,286,1007.4,0.0
2022-04-27,87.0,116.0,5.0,10.0,1.0,6.0,"Chhatrapati Shivaji Intl. Airport (T2), Mumbai",35.4,25.9,30.9,61,24.0,13.5,330,1006.1,0.0
2022-04-28,98.0,68.0,3.0,6.0,5.0,6.0,"Chhatrapati Shivaji Intl. Airport (T2), Mumbai",36.2,26.4,31.0,62,19.5,9.8,287,1006.7,0.0
2022-04-29,78.0,64.0,1.0,5.0,4.0,4.0,"Chhatrapati Shivaji Intl. Airport (T2), Mumbai",33.3,27.8,30.1,77,17.0,14.0,244,1008.6,0.0
2022-04-30,73.0,52.0,1.0,3.0,4.0,3.0,"Chhatrapati Shivaji Intl. Airport (T2), Mumbai",33.0,25.7,29.3,77,18.7,10.3,236,1007.2,0.0
2022-05-01,63.0,60.0,1.0,4.0,8.0,3.0,"Chhatrapati Shivaji Intl. Airport (T2), Mumbai",33.0,26.2,29.5,79,16.7,9.7,246,1006.2,0.0
2022-05-02,132.0,70.0,1.0,3.0,4.5,2.0,"Chhatrapati Shivaji Intl. Airport (T2), Mumbai",32.6,27.9,29.9,76,19.8,10.9,248,1006.4,0.0
2022-05-03,78.0,80.0,1.0,5.0,1.0,2.0,"Chhatrapati Shivaji Intl. Airport (T2), Mumbai",32.9,27.2,29.9,76,19.6,9.8,271,1007.2,0.0
2022-05-04,90.0,85.0,1.0,6.0,6.0,3.0,"Chhatrapati Shivaji Intl. Airport (T2), Mumbai",32.7,26.9,29.3,76,21.3,10.4,293,1008.2,0.0
2022-05-05,93.0,123.0,1.0,5.0,4.0,4.0,"Chhatrapati Shivaji Intl. Airport (T2), Mumbai",33.1,25.6,28.9,79,23.4,12.2,318,1008.1,0.0
2022-05-06,138.0,127.0,1.0,7.0,1.0,3.0,"Chhatrapati Shivaji Intl. Airport (T2), Mumbai",32.8,26.4,29.1,77,22.5,12.4,316,1007.5,0.1
2022-05-07,147.0,100.0,1.0,8.0,1.0,3.0,"Chhatrapati Shivaji Intl. Airport (T2), Mumbai",33.0,26.1,29.3,79,22.9,11.7,306,1006.9,0.0
2022-05-08,118.0,81.0,1.0,5.0,2.0,3.0,"Chhatrapati Shivaji Intl. Airport (T2), Mumbai",33.2,26.3,29.6,80,26.7,12.0,308,1005.0,0.0
2022-05-09,89.0,80.0,1.0,7.0,2.0,3.0,"Chhatrapati Shivaji Intl. Airport (T2), Mumbai",32.6,26.9,29.5,80,24.6,13.0,298,1004.2,0.0
2022-05-10,89.0,81.0,1.0,5.0,2.0,2.0,"Chhatrapati Shivaji Intl. Airport (T2), Mumbai",32.7,28.0,29.9,75,24.5,13.5,297,1003.9,0.0
2022-05-11,90.0,78.0,7.0,6.0,2.0,2.0,"Chhatrapati Shivaji Intl. Airport (T2), Mumbai",32.5,27.5,29.7,76,19.8,11.6,270,1003.8,0.0
2022-05-12,86.0,89.0,7.0,4.0,3.0,2.0,"Chhatrapati Shivaji Intl. Airport (T2), Mumbai",32.6,28.5,29.9,71,18.4,14.8,251,1004.8,0.0
2022-05-13,93.0,100.0,8.0,4.0,4.0,2.0,"Chhatrapati Shivaji Intl. Airport (T2), Mumbai",32.1,28.2,29.8,71,18.5,13.7,242,1004.5,0.0
2022-05-14,123.0,78.0,7.0,2.0,5.0,2.0,"Chhatrapati Shivaji Intl. Airport (T2), Mumbai",32.3,28.1,29.8,71,17.1,12.4,250,1005.0,0.0
2022-05-15,90.0,96.0,8.0,7.0,3.0,3.0,"Chhatrapati Shivaji Intl. Airport (T2), Mumbai",32.9,28.1,29.9,72,18.1,12.8,270,1006.0,0.0
2022-05-16,108.0,140.0,8.0,5.0,4.0,3.0,"Chhatrapati Shivaji Intl. Airport (T2), Mumbai",32.7,27.3,29.7,74,23.3,12.2,294,1005.4,0.0
2022-05-17,152.0,187.0,8.0,6.0,4.0,3.0,"Chhatrapati Shivaji Intl. Airport (T2), Mumbai",32.8,27.9,29.8,73,18.2,11.1,277,1004.5,0.0
2022-05-18,167.0,164.0,8.0,6.0,4.0,3.0,"Chhatrapati Shivaji Intl. Airport (T2), Mumbai",32.3,27.4,29.4,72,20.2,10.7,281,1004.8,0.0
2022-05-19,161.0,119.0,8.0,5.0,3.0,2.0,"Chhatrapati Shivaji Intl. Airport (T2), Mumbai",32.2,27.5,29.5,73,21.9,12.4,286,1005.2,0.0
2022-05-20,143.0,98.0,8.0,5.0,3.0,1.0,"Chhatrapati Shivaji Intl. Airport (T2), Mumbai",32.0,27.9,29.6,68,19.6,14.1,248,1006.3,0.1
2022-05-21,109.0,69.0,7.0,3.0,4.0,2.0,"Chhatrapati Shivaji Intl. Airport (T2), Mumbai",32.5,28.5,30.2,64,21.6,16.6,239,1006.1,0.1
2022-05-22,76.0,58.0,8.0,4.0,3.0,1.0,"Chhatrapati Shivaji Intl. Airport (T2), Mumbai",32.5,28.8,30.2,66,22.9,20.3,246,1004.3,1.0
2022-05-23,63.0,64.0,7.0,4.0,2.0,1.0,"Chhatrapati Shivaji Intl. Airport (T2), Mumbai",32.8,28.6,30.2,69,22.6,19.6,244,1003.6,2.7
2022-05-24,71.0,68.0,7.0,4.0,3.0,2.0,"Chhatrapati Shivaji Intl. Airport (T2), Mumbai",32.6,28.3,30.2,69,22.0,16.8,257,1006.1,0.4
2022-05-25,72.0,72.0,7.0,3.0,4.0,3.0,"Chhatrapati Shivaji Intl. Airport (T2), Mumbai",32.4,27.6,29.7,70,18.7,12.4,282,1008.4,0.6
2022-05-26,71.0,61.0,7.0,3.0,4.0,2.0,"Chhatrapati Shivaji Intl. Airport (T2), Mumbai",32.8,27.9,30.1,64,18.4,13.0,270,1008.1,0.0
2022-05-27,63.0,54.0,8.0,3.0,4.0,2.0,"Chhatrapati Shivaji Intl. Airport (T2), Mumbai",33.2,28.5,30.4,61,20.1,15.0,257,1007.8,0.0
2022-05-28,53.0,48.0,8.0,4.0,4.0,2.0,"Chhatrapati Shivaji Intl. Airport (T2), Mumbai",33.0,28.6,30.4,61,20.2,15.7,256,1006.9,0.0
2022-05-29,48.0,62.0,8.0,4.0,5.0,3.0,"Chhatrapati Shivaji Intl. Airport (T2), Mumbai",33.1,28.9,30.5,61,20.6,15.9,259,1006.9,0.1
2022-05-30,62.0,81.0,8.0,7.0,3.0,2.0,"Chhatrapati Shivaji Intl. Airport (T2), Mumbai",32.6,28.2,30.1,64,20.3,14.1,267,1006.6,0.1
2022-05-31,80.0,77.0,8.0,5.0,3.0,2.0,"Chhatrapati Shivaji Intl. Airport (T2), Mumbai",32.8,28.1,30.0,66,21.4,13.7,283,1006.0,0.0
2022-06-01,77.0,77.0,8.0,5.0,3.0,2.0,"Chhatrapati Shivaji Intl. Airport (T2), Mumbai",32.2,28.2,29.8,67,21.3,13.4,284,1006.1,0.0
2022-06-02,80.0,82.0,7.0,5.0,3.0,2.0,"Chhatrapati Shivaji Intl. Airport (T2), Mumbai",32.2,27.9,29.7,69,21.1,13.2,281,1006.3,0.0
2022-06-03,87.0,69.0,7.0,5.0,3.0,2.0,"Chhatrapati Shivaji Intl. Airport (T2), Mumbai",31.8,27.6,29.3,71,20.3,13.5,282,1006.1,0.0
2022-06-04,70.0,64.0,8.0,6.0,3.0,2.0,"Chhatrapati Shivaji Intl. Airport (T2), Mumbai",32.4,27.6,29.7,71,18.9,12.8,288,1005.6,0.0
2022-06-05,62.0,59.0,8.0,5.0,3.0,1.0,"Chhatrapati Shivaji Intl. Airport (T2), Mumbai",32.3,27.5,29.6,72,20.6,10.5,278,1005.5,0.0
2022-06-06,62.0,58.0,8.0,4.0,3.0,2.0,"Chhatrapati Shivaji Intl. Airport (T2), Mumbai",32.1,27.6,29.7,71,17.9,10.4,256,1005.9,0.0
2022-06-07,61.0,41.0,7.0,6.0,2.0,1.0,"Chhatrapati Shivaji Intl. Airport (T2), Mumbai",32.7,27.9,29.7,73,18.2,9.9,244,1006.2,1.0
2022-06-08,38.0,38.0,8.0,5.0,3.0,2.0,"Chhatrapati Shivaji Intl. Airport (T2), Mumbai",31.8,27.1,29.3,78,17.8,12.9,244,1005.9,2.5
2022-06-09,41.0,46.0,8.0,6.0,3.0,3.0,"Chhatrapati Shivaji Intl. Airport (T2), Mumbai",31.0,26.6,28.9,78,16.9,10.8,240,1004.8,7.3
2022-06-10,50.0,20.0,7.0,5.0,16.0,9.0,"Chhatrapati Shivaji Intl. Airport (T2), Mumbai",30.8,26.5,28.1,81,18.7,12.2,199,1004.8,13.8
2022-06-11,31.0,31.0,7.0,5.0,3.0,2.0,"Chhatrapati Shivaji Intl. Airport (T2), Mumbai",29.8,25.6,27.2,84,23.0,15.9,199,1005.4,25.2
2022-06-12,39.0,41.0,7.0,6.0,3.0,2.0,"Chhatrapati Shivaji Intl. Airport (T2), Mumbai",28.4,25.7,26.7,85,25.3,17.0,188,1005.3,15.9
2022-06-13,46.0,53.0,7.0,5.0,3.0,2.0,"Chhatrapati Shivaji Intl. Airport (T2), Mumbai",29.6,25.1,27.5,83,26.3,19.6,189,1006.5,8.0
2022-06-14,54.0,49.0,7.0,4.0,3.0,1.0,"Chhatrapati Shivaji Intl. Airport (T2), Mumbai",30.5,25.5,28.2,80,22.9,18.7,198,1006.7,2.5
2022-06-15,54.0,47.0,7.0,3.0,3.0,2.0,"Chhatrapati Shivaji Intl. Airport (T2), Mumbai",30.0,26.2,28.2,80,21.0,15.0,223,1006.1,6.1
2022-06-16,59.0,49.0,7.0,3.0,3.0,2.0,"Chhatrapati Shivaji Intl. Airport (T2), Mumbai",30.1,25.8,27.9,82,20.1,13.6,209,1005.7,5.1
2022-06-17,57.0,48.0,7.0,4.0,3.0,2.0,"Chhatrapati Shivaji Intl. Airport (T2), Mumbai",29.8,26.0,27.9,83,19.8,14.7,206,1005.1,3.0
2022-06-18,55.0,31.0,7.0,4.0,4.0,2.0,"Chhatrapati Shivaji Intl. Airport (T2), Mumbai",29.8,26.5,28.3,81,22.4,16.3,204,1005.2,6.6
2022-06-19,39.0,48.0,7.0,4.0,4.0,2.0,"Chhatrapati Shivaji Intl. Airport (T2), Mumbai",28.4,25.3,26.9,86,22.0,17.4,211,1005.8,36.7
2022-06-20,39.0,30.0,8.0,5.0,4.0,3.0,"Chhatrapati Shivaji Intl. Airport (T2), Mumbai",26.7,25.1,26.0,91,18.4,14.3,227,1004.8,54.8
2022-06-21,40.0,43.0,8.0,4.0,4.0,4.0,"Chhatrapati Shivaji Intl. Airport (T2), Mumbai",27.9,24.8,26.1,89,21.0,15.6,203,1002.7,23.0
2022-06-22,57.0,45.0,8.0,5.0,4.0,3.0,"Chhatrapati Shivaji Intl. Airport (T2), Mumbai",29.2,25.0,26.5,88,19.2,13.4,184,1003.9,26.9
2022-06-23,51.0,39.0,8.0,4.0,5.0,4.0,"Chhatrapati Shivaji Intl. Airport (T2), Mumbai",28.6,24.7,26.3,89,12.9,9.5,160,1005.0,46.8
2022-06-24,54.0,36.0,8.0,8.0,5.0,4.0,"Chhatrapati Shivaji Intl. Airport (T2), Mumbai",29.9,25.5,26.7,88,22.7,13.7,151,1003.2,17.5
2022-06-25,42.0,27.0,8.0,10.0,4.0,2.0,"Chhatrapati Shivaji Intl. Airport (T2), Mumbai",29.3,25.5,26.7,87,22.9,17.9,143,1000.3,15.6
2022-06-26,32.0,33.0,8.0,7.0,4.0,2.0,"Chhatrapati Shivaji Intl. Airport (T2), Mumbai",28.0,25.3,26.2,89,29.5,22.5,158,1000.6,15.7
2022-06-27,41.0,45.0,8.0,4.0,5.0,3.0,"Chhatrapati Shivaji Intl. Airport (T2), Mumbai",28.3,25.4,26.4,88,23.2,18.4,199,1003.1,31.7
2022-06-28,65.0,55.0,8.0,1.0,6.0,6.0,"Chhatrapati Shivaji Intl. Airport (T2), Mumbai",28.1,25.5,26.5,88,20.0,15.8,203,1004.6,10.0
2022-06-29,70.0,27.0,8.0,3.0,5.0,4.0,"Chhatrapati Shivaji Intl. Airport (T2), Mumbai",28.4,25.6,26.7,88,19.4,15.1,217,1003.5,16.0
2022-06-30,47.0,32.0,8.0,2.0,5.0,5.0,"Chhatrapati Shivaji Intl. Airport (T2), Mumbai",27.8,25.4,26.2,90,20.2,14.1,221,1003.4,41.6
2022-07-01,53.0,59.0,7.0,3.0,5.0,3.0,"Chhatrapati Shivaji Intl. Airport (T2), Mumbai",26.4,24.9,25.7,92,18.6,14.9,222,1004.0,43.4
2022-07-02,70.0,56.0,8.0,5.0,4.0,1.0,"Chhatrapati Shivaji Intl. Airport (T2), Mumbai",27.5,25.1,26.1,89,21.1,15.9,232,1002.7,23.9
2022-07-03,64.0,36.0,7.0,2.0,5.0,3.0,"Chhatrapati Shivaji Intl. Airport (T2), Mumbai",27.2,24.9,26.2,89,23.1,16.9,217,1002.4,20.5
2022-07-04,50.0,33.0,7.0,2.0,6.0,4.0,"Chhatrapati Shivaji Intl. Airport (T2), Mumbai",27.0,25.1,26.0,89,20.6,15.9,227,1002.3,28.2
2022-07-05,28.0,32.0,9.0,2.0,5.0,3.0,"Chhatrapati Shivaji Intl. Airport (T2), Mumbai",26.5,25.2,25.8,91,21.1,17.4,245,1001.0,55.5
2022-07-06,36.75,46.0,12.0,2.0,5.0,3.0,"Chhatrapati Shivaji Intl. Airport (T2), Mumbai",26.7,25.4,25.8,90,20.7,17.7,225,1002.3,35.6
2022-07-07,45.5,56.0,53.0,1.0,5.0,3.0,"Chhatrapati Shivaji Intl. Airport (T2), Mumbai",27.0,25.6,26.2,89,21.9,19.1,248,1005.2,37.2
2022-07-08,54.25,53.0,62.0,2.0,5.0,3.0,"Chhatrapati Shivaji Intl. Airport (T2), Mumbai",28.6,25.2,26.4,86,25.9,20.5,265,1004.7,25.0
2022-07-09,63.0,53.0,34.5,1.0,5.0,3.0,"Chhatrapati Shivaji Intl. Airport (T2), Mumbai",26.9,24.5,25.6,90,24.2,18.3,266,1003.4,37.8
2022-07-10,64.0,50.0,7.0,3.0,5.0,3.0,"Chhatrapati Shivaji Intl. Airport (T2), Mumbai",26.2,24.2,25.1,91,22.0,16.1,273,1004.4,52.5
2022-07-11,62.0,43.0,8.0,3.0,5.0,3.0,"Chhatrapati Shivaji Intl. Airport (T2), Mumbai",25.5,23.2,24.8,92,25.0,18.0,270,1005.9,79.9
2022-07-12,56.0,43.0,8.0,3.0,4.0,2.0,"Chhatrapati Shivaji Intl. Airport (T2), Mumbai",25.9,23.8,24.8,92,22.8,18.1,270,1005.4,65.0
2022-07-13,55.0,43.0,9.0,5.0,4.0,3.0,"Chhatrapati Shivaji Intl. Airport (T2), Mumbai",25.9,24.4,25.2,90,32.1,23.4,263,1002.1,68.3
2022-07-14,52.0,54.0,24.0,6.0,4.0,2.0,"Chhatrapati Shivaji Intl. Airport (T2), Mumbai",26.0,24.9,25.5,90,32.2,26.2,238,999.2,60.2
2022-07-15,74.0,48.0,8.0,6.0,4.0,2.0,"Chhatrapati Shivaji Intl. Airport (T2), Mumbai",28.0,25.6,26.4,86,34.6,29.9,231,999.6,25.3
2022-07-16,63.0,49.0,8.0,4.0,5.0,2.0,"Chhatrapati Shivaji Intl. Airport (T2), Mumbai",28.0,25.6,26.6,86,32.5,26.2,227,1000.9,24.8
2022-07-17,59.0,51.0,8.0,5.0,4.0,2.0,"Chhatrapati Shivaji Intl. Airport (T2), Mumbai",28.8,25.7,26.9,85,23.0,18.6,236,1004.0,10.3
2022-07-18,62.0,54.0,8.0,5.0,3.0,2.0,"Chhatrapati Shivaji Intl. Airport (T2), Mumbai",26.1,24.4,25.3,91,18.5,15.0,243,1005.1,30.3
2022-07-19,66.0,45.0,8.0,5.0,3.0,3.0,"Chhatrapati Shivaji Intl. Airport (T2), Mumbai",26.5,24.3,25.5,90,21.1,14.5,246,1005.8,34.3
2022-07-20,59.0,47.0,8.0,6.0,3.0,3.0,"Chhatrapati Shivaji Intl. Airport (T2), Mumbai",27.6,25.0,26.2,86,18.5,13.7,247,1006.6,13.4
2022-07-21,59.0,54.0,8.0,6.0,3.0,3.0,"Chhatrapati Shivaji Intl. Airport (T2), Mumbai",27.9,25.1,26.5,84,18.8,12.8,249,1006.9,6.0
2022-07-22,61.0,51.0,8.0,6.0,3.0,3.0,"Chhatrapati Shivaji Intl. Airport (T2), Mumbai",28.9,25.2,26.8,83,20.4,12.5,269,1007.4,4.8
2022-07-23,61.0,43.0,8.0,6.0,3.0,2.0,"Chhatrapati Shivaji Intl. Airport (T2), Mumbai",26.9,24.8,25.8,88,19.1,14.2,258,1005.8,28.2
2022-07-24,54.0,45.0,8.0,6.0,3.0,2.0,"Chhatrapati Shivaji Intl. Airport (T2), Mumbai",26.4,24.9,25.5,89,19.5,14.3,243,1005.0,25.8
2022-07-25,55.0,47.0,8.0,7.0,3.0,2.0,"Chhatrapati Shivaji Intl. Airport (T2), Mumbai",28.0,24.9,26.3,86,18.8,13.5,228,1006.3,10.2
2022-07-26,59.0,44.0,8.0,6.0,4.0,4.0,"Chhatrapati Shivaji Intl. Airport (T2), Mumbai",27.4,25.4,26.3,87,15.8,10.6,227,1008.1,4.1
2022-07-27,59.0,67.0,8.0,8.0,4.0,7.0,"Chhatrapati Shivaji Intl. Airport (T2), Mumbai",28.3,25.1,26.4,87,12.2,5.6,245,1008.1,6.5
2022-07-28,77.0,80.0,8.0,7.0,4.0,5.0,"Chhatrapati Shivaji Intl. Airport (T2), Mumbai",28.8,24.5,27.0,86,16.3,7.2,309,1008.8,2.5
2022-07-29,72.0,67.0,9.0,6.0,4.0,4.0,"Chhatrapati Shivaji Intl. Airport (T2), Mumbai",29.3,25.5,27.3,86,17.4,9.2,328,1008.3,1.1
2022-07-30,65.0,66.0,8.0,7.0,3.0,3.0,"Chhatrapati Shivaji Intl. Airport (T2), Mumbai",29.2,26.0,27.5,84,16.8,9.4,306,1007.3,0.2
2022-07-31,69.0,54.0,8.0,7.0,7.0,3.0,"Chhatrapati Shivaji Intl. Airport (T2), Mumbai",29.0,25.6,27.4,84,17.3,9.9,289,1005.9,2.0
2022-08-01,59.0,57.0,9.0,8.0,15.0,3.0,"Chhatrapati Shivaji Intl. Airport (T2), Mumbai",29.0,25.9,27.2,83,17.4,10.2,287,1006.0,2.1
2022-08-02,62.0,53.0,11.0,8.0,17.0,4.0,"Chhatrapati Shivaji Intl. Airport (T2), Mumbai",29.1,25.8,27.3,83,16.7,9.0,291,1005.0,2.8
2022-08-03,63.0,54.0,9.0,8.0,17.0,4.0,"Chhatrapati Shivaji Intl. Airport (T2), Mumbai",28.9,25.5,27.2,85,15.2,7.6,284,1004.1,10.3
2022-08-04,59.0,42.0,9.0,9.0,11.0,4.0,"Chhatrapati Shivaji Intl. Airport (T2), Mumbai",28.5,25.4,27.0,87,13.3,5.2,272,1003.0,13.6
2022-08-05,49.0,30.0,13.0,11.0,6.0,4.0,"Chhatrapati Shivaji Intl. Airport (T2), Mumbai",27.1,25.6,26.1,90,15.1,7.7,216,1001.6,27.2
2022-08-06,42.0,29.0,8.0,11.0,5.0,4.0,"Chhatrapati Shivaji Intl. Airport (T2), Mumbai",27.5,25.2,26.1,89,17.1,9.9,229,1000.5,33.7
2022-08-07,48.0,24.0,7.0,11.0,4.0,4.0,"Chhatrapati Shivaji Intl. Airport (T2), Mumbai",27.6,25.6,26.3,90,16.1,10.1,222,999.8,56.5
2022-08-08,38.0,33.0,7.0,9.0,2.5,2.0,"Chhatrapati Shivaji Intl. Airport (T2), Mumbai",27.2,25.6,26.2,89,35.1,11.9,244,998.4,32.6
2022-08-09,48.0,36.0,8.0,7.0,1.0,1.0,"Chhatrapati Shivaji Intl. Airport (T2), Mumbai",26.7,25.3,26.0,89,35.5,29.0,238,997.8,71.3
2022-08-10,51.0,47.0,7.0,6.0,4.0,1.0,"Chhatrapati Shivaji Intl. Airport (T2), Mumbai",27.3,25.5,26.1,88,36.6,30.8,231,997.3,37.6
2022-08-11,61.0,42.0,7.0,7.0,2.0,1.0,"Chhatrapati Shivaji Intl. Airport (T2), Mumbai",28.0,25.6,26.5,85,37.7,32.1,227,998.8,23.1
2022-08-12,56.0,44.0,7.0,5.0,2.0,1.0,"Chhatrapati Shivaji Intl. Airport (T2), Mumbai",28.0,25.1,26.5,84,39.5,33.6,225,1002.2,16.1
2022-08-13,57.0,44.0,7.0,4.0,2.0,1.0,"Chhatrapati Shivaji Intl. Airport (T2), Mumbai",28.5,25.1,26.6,83,29.8,25.8,230,1004.2,13.1
2022-08-14,55.0,41.0,7.0,3.0,2.0,1.0,"Chhatrapati Shivaji Intl. Airport (T2), Mumbai",28.1,24.8,26.8,81,29.6,25.4,237,1005.8,11.0
2022-08-15,54.0,34.0,7.0,4.0,2.0,1.0,"Chhatrapati Shivaji Intl. Airport (T2), Mumbai",26.8,24.8,25.7,88,24.8,21.1,243,1006.1,29.0
2022-08-16,50.0,35.0,7.0,6.0,1.0,1.0,"Chhatrapati Shivaji Intl. Airport (T2), Mumbai",26.1,24.9,25.5,89,31.9,25.2,231,1005.3,64.1
2022-08-17,47.0,36.0,12.0,4.0,1.0,1.0,"Chhatrapati Shivaji Intl. Airport (T2), Mumbai",27.4,24.9,26.0,86,29.8,24.4,222,1006.5,19.3
2022-08-18,50.0,40.0,7.0,1.0,2.0,2.0,"Chhatrapati Shivaji Intl. Airport (T2), Mumbai",27.7,24.9,26.4,84,27.3,21.7,232,1007.0,10.5
2022-08-19,52.0,36.0,7.0,1.0,2.0,3.0,"Chhatrapati Shivaji Intl. Airport (T2), Mumbai",27.9,25.2,26.1,85,24.7,18.1,234,1007.4,11.9
2022-08-20,51.0,41.0,10.0,2.0,1.0,2.0,"Chhatrapati Shivaji Intl. Airport (T2), Mumbai",27.9,25.2,26.3,86,21.7,16.3,253,1007.3,6.2
2022-08-21,52.0,41.0,8.0,2.0,1.0,2.0,"Chhatrapati Shivaji Intl. Airport (T2), Mumbai",27.7,25.2,26.3,85,21.3,17.1,262,1006.1,5.8
2022-08-22,53.0,39.0,9.0,1.0,2.0,2.0,"Chhatrapati Shivaji Intl. Airport (T2), Mumbai",27.1,25.1,26.2,86,23.4,19.9,264,1004.9,9.1
2022-08-23,49.0,40.0,7.0,1.3333333333333333,3.0,2.0,"Chhatrapati Shivaji Intl. Airport (T2), Mumbai",28.0,25.0,26.2,86,24.8,19.9,248,1005.0,7.9
2022-08-24,56.0,45.0,7.0,1.6666666666666663,3.0,3.0,"Chhatrapati Shivaji Intl. Airport (T2), Mumbai",27.9,24.8,26.1,86,22.9,17.7,244,1007.6,7.8
2022-08-25,56.0,64.0,7.0,2.0,3.0,4.0,"Chhatrapati Shivaji Intl. Airport (T2), Mumbai",27.5,24.9,25.9,87,17.1,11.5,232,1007.5,6.1
2022-08-26,70.0,77.0,7.0,2.0,3.0,4.0,"Chhatrapati Shivaji Intl. Airport (T2), Mumbai",27.9,24.3,26.1,85,15.2,8.7,241,1007.5,2.2
2022-08-27,77.0,73.0,7.0,3.0,3.0,3.0,"Chhatrapati Shivaji Intl. Airport (T2), Mumbai",28.0,24.7,26.3,83,16.6,8.9,275,1007.8,1.8
2022-08-28,73.0,77.0,7.0,3.0,2.0,4.0,"Chhatrapati Shivaji Intl. Airport (T2), Mumbai",28.0,24.5,26.2,85,17.6,8.3,296,1007.5,2.0
2022-08-29,79.0,96.0,7.0,3.0,2.0,4.0,"Chhatrapati Shivaji Intl. Airport (T2), Mumbai",28.6,24.4,26.3,85,16.7,7.8,315,1008.6,1.2
2022-08-30,92.0,85.0,11.0,5.0,2.0,3.0,"Chhatrapati Shivaji Intl. Airport (T2), Mumbai",29.4,25.2,27.1,86,18.3,10.2,332,1008.5,0.6
2022-08-31,95.0,51.0,9.0,8.0,2.0,3.0,"Chhatrapati Shivaji Intl. Airport (T2), Mumbai",29.5,25.1,27.4,88,18.0,8.7,328,1007.0,18.7
2022-09-01,61.0,72.0,11.0,6.0,2.0,5.0,"Chhatrapati Shivaji Intl. Airport (T2), Mumbai",28.9,25.0,26.7,88,16.0,6.2,350,1006.9,1.7
2022-09-02,81.0,69.0,9.0,4.0,4.0,6.0,"Chhatrapati Shivaji Intl. Airport (T2), Mumbai",30.4,25.1,27.4,87,13.6,6.4,350,1007.1,10.0
2022-09-03,84.0,49.0,7.0,1.0,4.0,5.0,"Chhatrapati Shivaji Intl. Airport (T2), Mumbai",29.9,25.6,27.6,87,15.4,9.0,216,1007.5,0.9
2022-09-04,64.0,56.0,10.0,3.0,3.0,4.0,"Chhatrapati Shivaji Intl. Airport (T2), Mumbai",28.5,26.0,27.0,88,14.8,8.4,265,1007.7,9.9
2022-09-05,64.0,68.0,7.0,2.0,4.0,5.0,"Chhatrapati Shivaji Intl. Airport (T2), Mumbai",29.0,26.0,27.3,83,15.8,9.2,299,1007.7,1.8
2022-09-06,70.0,64.0,7.0,5.0,3.0,5.0,"Chhatrapati Shivaji Intl. Airport (T2), Mumbai",29.0,25.5,27.0,84,13.3,6.4,320,1007.1,4.9
2022-09-07,74.0,42.0,7.0,8.0,4.0,5.0,"Chhatrapati Shivaji Intl. Airport (T2), Mumbai",30.1,25.3,27.1,88,15.6,7.6,351,1006.8,20.1
2022-09-08,62.0,43.0,7.0,7.0,4.0,6.0,"Chhatrapati Shivaji Intl. Airport (T2), Mumbai",28.5,24.9,26.5,90,12.0,7.5,354,1005.5,39.7
2022-09-09,61.0,46.0,17.0,6.0,3.0,5.0,"Chhatrapati Shivaji Intl. Airport (T2), Mumbai",29.6,25.0,27.0,88,13.7,6.8,180,1004.4,27.0
2022-09-10,64.0,52.0,10.0,6.0,3.0,5.0,"Chhatrapati Shivaji Intl. Airport (T2), Mumbai",29.5,25.5,26.8,89,11.7,6.6,178,1004.5,13.2
2022-09-11,69.0,32.0,30.0,8.0,2.0,4.0,"Chhatrapati Shivaji Intl. Airport (T2), Mumbai",29.2,24.9,26.5,88,13.0,6.0,337,1002.2,25.5
2022-09-12,48.0,24.0,9.0,5.0,3.0,4.0,"Chhatrapati Shivaji Intl. Airport (T2), Mumbai",28.5,25.0,26.2,89,17.7,7.3,219,1001.0,21.8
2022-09-13,44.0,22.0,12.0,7.0,2.0,1.0,"Chhatrapati Shivaji Intl. Airport (T2), Mumbai",26.6,25.0,26.0,90,24.1,16.1,245,1002.9,51.7
2022-09-14,41.0,29.0,11.0,8.0,1.0,1.0,"Chhatrapati Shivaji Intl. Airport (T2), Mumbai",27.5,25.3,26.0,89,27.3,21.9,229,1006.0,81.9
2022-09-15,42.0,30.0,9.0,5.0,2.0,4.0,"Chhatrapati Shivaji Intl. Airport (T2), Mumbai",27.8,25.3,26.2,88,30.5,24.9,235,1007.3,68.7
2022-09-16,48.0,30.0,9.0,2.0,4.0,3.0,"Chhatrapati Shivaji Intl. Airport (T2), Mumbai",26.1,24.6,25.5,91,25.9,19.2,248,1006.4,96.6
2022-09-17,41.0,25.0,10.0,2.0,3.0,4.0,"Chhatrapati Shivaji Intl. Airport (T2), Mumbai",27.4,24.2,25.3,90,20.2,12.6,222,1006.8,36.6
2022-09-18,41.0,41.0,10.0,2.0,3.0,5.0,"Chhatrapati Shivaji Intl. Airport (T2), Mumbai",26.5,24.0,25.0,90,16.0,9.7,251,1008.6,61.8
2022-09-19,57.0,52.0,10.0,2.0,3.0,6.0,"Chhatrapati Shivaji Intl. Airport (T2), Mumbai",27.8,24.1,25.9,83,19.2,8.4,266,1009.1,2.9
2022-09-20,65.0,52.0,10.0,1.0,3.0,5.0,"Chhatrapati Shivaji Intl. Airport (T2), Mumbai",26.2,24.3,25.1,88,13.2,5.9,288,1008.9,15.0
2022-09-21,59.0,57.0,10.0,3.0,3.0,6.0,"Chhatrapati Shivaji Intl. Airport (T2), Mumbai",27.0,24.2,25.2,88,15.2,6.6,272,1008.9,12.3
2022-09-22,71.0,59.0,9.0,5.0,3.0,6.0,"Chhatrapati Shivaji Intl. Airport (T2), Mumbai",25.7,24.2,24.9,90,14.4,7.2,240,1009.2,18.0
2022-09-23,69.0,41.0,9.0,3.0,2.0,4.0,"Chhatrapati Shivaji Intl. Airport (T2), Mumbai",28.0,24.0,25.9,83,18.7,11.0,212,1009.1,4.0
2022-09-24,52.0,44.0,9.0,3.0,2.0,3.0,"Chhatrapati Shivaji Intl. Airport (T2), Mumbai",27.2,24.2,25.4,87,17.2,10.9,207,1008.5,5.2
2022-09-25,48.0,76.0,9.0,3.0,3.0,6.0,"Chhatrapati Shivaji Intl. Airport (T2), Mumbai",27.4,24.2,25.7,86,12.1,7.2,232,1008.4,4.7
2022-09-26,63.0,89.0,9.0,1.0,5.0,9.0,"Chhatrapati Shivaji Intl. Airport (T2), Mumbai",27.8,23.5,25.7,85,14.7,6.8,272,1010.1,3.0
2022-09-27,82.0,73.0,9.0,2.0,5.0,10.0,"Chhatrapati Shivaji Intl. Airport (T2), Mumbai",28.0,23.8,25.9,86,13.1,6.5,298,1008.8,0.9
2022-09-28,83.0,77.0,9.0,3.0,5.0,9.0,"Chhatrapati Shivaji Intl. Airport (T2), Mumbai",28.0,24.3,26.0,87,15.7,7.0,291,1007.8,2.3
2022-09-29,91.0,81.0,9.0,4.0,5.0,9.0,"Chhatrapati Shivaji Intl. Airport (T2), Mumbai",28.0,24.0,25.9,89,15.3,6.5,338,1007.7,2.0
2022-09-30,90.0,81.0,9.0,4.0,4.0,7.0,"Chhatrapati Shivaji Intl. Airport (T2), Mumbai",29.0,24.4,26.5,89,15.5,7.7,335,1008.2,2.2
2022-10-01,87.0,71.0,10.0,2.0,4.0,6.0,"Chhatrapati Shivaji Intl. Airport (T2), Mumbai",27.9,23.2,25.9,89,16.1,7.9,312,1008.9,10.3
2022-10-02,66.0,89.0,9.0,6.0,3.0,6.0,"Chhatrapati Shivaji Intl. Airport (T2), Mumbai",28.5,24.0,26.2,87,16.3,7.2,325,1009.1,0.7
2022-10-03,75.0,107.0,9.0,8.0,2.0,5.0,"Chhatrapati Shivaji Intl. Airport (T2), Mumbai",28.6,24.2,26.3,87,18.9,9.3,336,1009.5,0.6
2022-10-04,91.0,80.0,14.0,8.0,2.0,4.0,"Chhatrapati Shivaji Intl. Airport (T2), Mumbai",29.4,24.4,26.9,86,19.7,10.5,337,1009.3,0.0
2022-10-05,79.0,64.0,15.0,7.0,2.0,4.0,"Chhatrapati Shivaji Intl. Airport (T2), Mumbai",30.0,24.9,27.2,88,20.2,8.7,345,1008.1,2.4
2022-10-06,63.0,45.0,10.0,7.0,2.0,5.0,"Chhatrapati Shivaji Intl. Airport (T2), Mumbai",29.5,25.3,27.4,86,22.1,10.9,314,1006.4,3.5
2022-10-07,62.0,32.0,9.0,6.0,3.0,5.0,"Chhatrapati Shivaji Intl. Airport (T2), Mumbai",27.0,24.4,25.8,87,18.1,9.2,306,1005.3,27.7
2022-10-08,44.0,44.0,9.0,3.0,3.0,4.0,"Chhatrapati Shivaji Intl. Airport (T2), Mumbai",27.3,24.8,25.8,87,17.6,12.4,235,1007.5,31.9
2022-10-09,54.0,73.0,9.0,6.0,2.0,6.0,"Chhatrapati Shivaji Intl. Airport (T2), Mumbai",28.9,25.1,26.7,85,13.0,8.4,217,1009.1,1.1
2022-10-10,75.0,84.0,10.0,5.0,3.0,6.0,"Chhatrapati Shivaji Intl. Airport (T2), Mumbai",29.8,24.2,26.8,86,12.9,6.4,344,1010.0,0.2
2022-10-11,84.0,70.0,10.0,4.0,4.0,7.0,"Chhatrapati Shivaji Intl. Airport (T2), Mumbai",29.9,24.4,26.7,88,12.4,5.6,7,1008.9,11.1
2022-10-12,81.0,72.0,9.0,5.0,4.0,10.0,"Chhatrapati Shivaji Intl. Airport (T2), Mumbai",28.2,24.0,25.8,89,11.0,5.6,38,1009.6,13.8
2022-10-13,87.0,65.0,9.0,9.0,3.0,8.0,"Chhatrapati Shivaji Intl. Airport (T2), Mumbai",29.6,23.9,26.4,90,9.8,4.6,43,1009.6,2.1
2022-10-14,78.0,92.0,10.0,7.0,3.0,8.0,"Chhatrapati Shivaji Intl. Airport (T2), Mumbai",30.5,24.5,26.5,87,10.8,5.9,76,1009.5,14.5
2022-10-15,88.0,111.0,12.0,10.0,3.0,7.0,"Chhatrapati Shivaji Intl. Airport (T2), Mumbai",31.9,24.0,27.4,76,13.4,7.7,18,1008.4,0.9
2022-10-16,100.0,113.75,11.75,10.125,3.125,7.25,"Chhatrapati Shivaji Intl. Airport (T2), Mumbai",32.0,24.5,27.6,67,15.6,11.7,39,1009.4,0.0
2022-10-23,138.5,133.0,10.0,11.0,4.0,9.0,"Chhatrapati Shivaji Intl. Airport (T2), Mumbai",31.4,22.7,26.3,67,13.8,8.4,25,1013.1,0.0
2022-10-24,144.0,193.0,13.0,18.0,4.0,11.0,"Chhatrapati Shivaji Intl. Airport (T2), Mumbai",30.6,20.4,25.4,71,12.5,7.5,355,1011.3,0.0
2022-10-25,176.0,187.0,13.0,19.0,3.0,10.0,"Chhatrapati Shivaji Intl. Airport (T2), Mumbai",30.0,21.3,25.4,77,13.1,7.5,353,1011.4,0.0
2022-10-26,147.0,205.0,14.0,24.0,2.0,9.0,"Chhatrapati Shivaji Intl. Airport (T2), Mumbai",30.5,20.9,25.2,74,14.8,8.7,5,1012.7,0.0
2022-10-27,147.0,168.0,15.0,24.0,3.0,8.0,"Chhatrapati Shivaji Intl. Airport (T2), Mumbai",30.6,21.0,25.2,72,13.6,8.0,13,1012.6,0.0
2022-10-28,142.0,162.0,15.0,20.0,3.0,8.0,"Chhatrapati Shivaji Intl. Airport (T2), Mumbai",31.1,20.6,25.6,68,11.4,7.8,46,1012.0,0.0
2022-10-29,138.0,113.0,16.0,23.0,2.0,5.0,"Chhatrapati Shivaji Intl. Airport (T2), Mumbai",31.8,20.5,25.5,61,11.8,8.4,56,1011.8,0.0
2022-10-30,113.0,160.0,16.0,18.0,2.0,9.0,"Chhatrapati Shivaji Intl. Airport (T2), Mumbai",31.8,20.2,25.6,59,14.6,10.0,29,1012.1,0.0
2022-10-31,134.0,206.0,18.0,15.0,2.0,9.0,"Chhatrapati Shivaji Intl. Airport (T2), Mumbai",31.8,20.5,25.3,61,16.6,9.2,33,1011.7,0.0
2022-11-01,141.0,149.0,18.0,16.0,2.0,10.0,"Chhatrapati Shivaji Intl. Airport (T2), Mumbai",31.5,21.0,25.4,58,16.4,9.4,41,1012.4,0.0
2022-11-02,145.0,163.0,17.0,16.0,2.0,8.0,"Chhatrapati Shivaji Intl. Airport (T2), Mumbai",31.5,21.1,25.5,64,15.5,10.5,21,1011.7,0.0
2022-11-03,127.0,177.0,16.0,16.0,3.0,9.0,"Chhatrapati Shivaji Intl. Airport (T2), Mumbai",33.2,20.6,26.0,57,14.6,11.3,37,1011.3,0.0
2022-11-04,120.0,116.0,17.0,17.0,3.0,8.0,"Chhatrapati Shivaji Intl. Airport (T2), Mumbai",33.4,21.0,26.2,56,15.7,10.1,37,1012.0,0.0
2022-11-05,117.0,132.0,15.0,14.0,4.0,12.0,"Chhatrapati Shivaji Intl. Airport (T2), Mumbai",33.3,21.0,26.3,55,15.7,8.8,24,1013.1,0.0
2022-11-06,135.0,135.0,15.0,16.0,4.0,13.0,"Chhatrapati Shivaji Intl. Airport (T2), Mumbai",33.0,21.0,25.9,59,14.2,9.1,12,1013.5,0.0
2022-11-07,148.0,137.0,15.0,16.0,4.0,14.0,"Chhatrapati Shivaji Intl. Airport (T2), Mumbai",31.8,19.8,25.3,65,13.2,7.8,10,1013.3,0.0
2022-11-08,147.0,152.0,16.0,20.0,4.0,14.0,"Chhatrapati Shivaji Intl. Airport (T2), Mumbai",32.2,21.0,26.0,63,15.3,9.1,2,1013.0,0.0
2022-11-09,155.0,127.0,16.0,19.0,4.0,12.0,"Chhatrapati Shivaji Intl. Airport (T2), Mumbai",31.7,21.1,26.1,61,17.7,8.9,351,1012.8,0.0
2022-11-10,141.0,107.0,17.0,18.0,3.0,8.0,"Chhatrapati Shivaji Intl. Airport (T2), Mumbai",32.4,21.4,25.9,61,20.3,9.4,15,1013.1,0.0
2022-11-11,121.0,111.0,19.0,20.0,3.0,7.0,"Chhatrapati Shivaji Intl. Airport (T2), Mumbai",33.0,21.0,26.4,55,18.6,11.0,33,1013.3,0.0
2022-11-12,133.0,115.0,19.0,18.0,3.0,8.0,"Chhatrapati Shivaji Intl. Airport (T2), Mumbai",33.0,22.0,26.6,57,18.6,12.2,27,1013.0,0.0
2022-11-13,138.0,134.0,22.0,23.0,3.0,11.0,"Chhatrapati Shivaji Intl. Airport (T2), Mumbai",32.8,22.0,26.6,57,16.4,11.4,24,1012.0,0.0
2022-11-14,156.0,153.0,20.0,22.0,4.0,16.0,"Chhatrapati Shivaji Intl. Airport (T2), Mumbai",32.5,21.5,26.2,66,14.7,8.6,7,1012.2,0.0
2022-11-15,161.0,139.0,16.0,20.0,5.0,15.0,"Chhatrapati Shivaji Intl. Airport (T2), Mumbai",31.5,21.6,26.2,69,13.3,8.0,348,1012.7,0.0
2022-11-16,153.0,122.0,16.0,18.0,4.0,10.0,"Chhatrapati Shivaji Intl. Airport (T2), Mumbai",32.2,21.5,26.2,63,16.4,9.5,351,1012.0,0.0
2022-11-17,136.0,88.0,18.0,18.0,3.0,7.0,"Chhatrapati Shivaji Intl. Airport (T2), Mumbai",32.3,21.5,26.0,57,18.4,10.9,14,1011.9,0.0
2022-11-18,94.0,102.0,19.0,18.0,2.0,9.0,"Chhatrapati Shivaji Intl. Airport (T2), Mumbai",31.7,21.6,25.7,48,17.6,11.9,22,1012.3,0.0
2022-11-19,110.0,96.0,20.0,19.0,2.0,8.0,"Chhatrapati Shivaji Intl. Airport (T2), Mumbai",31.4,20.8,25.3,47,15.9,11.9,31,1012.2,0.0
2022-11-20,107.0,104.0,19.0,22.0,1.0,8.0,"Chhatrapati Shivaji Intl. Airport (T2), Mumbai",30.2,19.5,24.3,49,20.4,11.5,30,1011.4,0.0
2022-11-21,116.0,128.0,17.0,25.0,1.5,12.0,"Chhatrapati Shivaji Intl. Airport (T2), Mumbai",29.8,18.3,23.6,51,16.5,10.8,11,1011.2,0.0
2022-11-22,146.0,143.0,19.0,24.0,2.0,13.0,"Chhatrapati Shivaji Intl. Airport (T2), Mumbai",30.8,18.8,24.1,56,17.1,10.3,2,1011.1,0.0
2022-11-23,147.0,162.0,16.0,26.0,3.0,16.0,"Chhatrapati Shivaji Intl. Airport (T2), Mumbai",31.4,21.4,25.5,54,19.1,11.2,3,1011.1,0.0
2022-11-24,161.0,159.0,16.0,24.0,3.0,16.0,"Chhatrapati Shivaji Intl. Airport (T2), Mumbai",31.3,20.6,25.4,59,16.1,9.7,356,1010.8,0.0
2022-11-25,161.0,160.0,17.0,25.0,3.0,16.0,"Chhatrapati Shivaji Intl. Airport (T2), Mumbai",31.9,21.0,26.0,63,13.1,7.9,355,1011.3,0.0
2022-11-26,164.0,149.0,15.0,21.0,4.0,17.0,"Chhatrapati Shivaji Intl. Airport (T2), Mumbai",32.1,22.4,26.5,67,13.8,8.2,356,1010.4,0.0
2022-11-27,161.0,128.0,13.0,16.0,4.0,16.0,"Chhatrapati Shivaji Intl. Airport (T2), Mumbai",30.6,22.0,26.2,69,14.8,8.1,330,1008.7,0.0
2022-11-28,138.0,131.0,14.0,19.0,4.0,16.0,"Chhatrapati Shivaji Intl. Airport (T2), Mumbai",30.2,20.4,24.9,68,16.1,9.5,337,1009.7,0.0
2022-11-29,149.0,142.0,18.0,21.0,3.0,15.0,"Chhatrapati Shivaji Intl. Airport (T2), Mumbai",29.8,19.5,24.2,71,13.6,8.9,338,1010.6,0.0
2022-11-30,155.0,180.0,19.0,27.0,3.0,16.0,"Chhatrapati Shivaji Intl. Airport (T2), Mumbai",32.1,20.6,25.9,66,15.0,8.0,357,1011.2,0.0
2022-12-01,167.0,155.0,17.0,24.0,1.0,15.0,"Chhatrapati Shivaji Intl. Airport (T2), Mumbai",32.5,21.0,25.8,61,14.6,9.0,26,1011.1,0.0
2022-12-02,160.0,154.0,16.0,22.0,4.0,17.0,"Chhatrapati Shivaji Intl. Airport (T2), Mumbai",32.0,19.5,25.1,61,14.0,8.5,6,1010.5,0.0
2022-12-03,158.0,154.0,14.0,22.0,3.0,17.0,"Chhatrapati Shivaji Intl. Airport (T2), Mumbai",31.0,20.0,25.2,62,17.9,9.9,353,1010.7,0.0
2022-12-04,163.0,165.0,12.0,21.0,3.0,19.0,"Chhatrapati Shivaji Intl. Airport (T2), Mumbai",32.3,22.0,26.5,65,13.0,8.3,351,1011.2,0.0
2022-12-05,168.0,161.0,14.0,16.0,3.0,17.0,"Chhatrapati Shivaji Intl. Airport (T2), Mumbai",31.7,22.9,26.8,69,14.6,8.5,346,1012.2,0.0
2022-12-06,168.0,163.0,14.0,16.0,3.0,16.0,"Chhatrapati Shivaji Intl. Airport (T2), Mumbai",32.2,23.5,26.9,69,18.3,9.6,342,1011.8,0.0
2022-12-07,168.0,142.0,15.0,12.0,3.0,14.0,"Chhatrapati Shivaji Intl. Airport (T2), Mumbai",32.0,22.5,26.5,68,18.7,10.0,341,1011.3,0.0
2022-12-08,157.0,107.0,28.0,15.0,3.0,10.0,"Chhatrapati Shivaji Intl. Airport (T2), Mumbai",31.2,21.0,25.8,64,18.4,10.7,355,1011.1,0.0
2022-12-09,120.0,121.0,16.0,17.0,1.0,12.0,"Chhatrapati Shivaji Intl. Airport (T2), Mumbai",30.3,20.1,24.5,51,19.8,11.1,11,1009.6,0.0
2022-12-10,131.0,133.0,15.0,20.0,2.0,15.0,"Chhatrapati Shivaji Intl. Airport (T2), Mumbai",31.4,18.0,23.8,57,17.6,9.6,6,1009.2,0.0
2022-12-11,144.0,110.0,15.0,16.0,2.0,11.0,"Chhatrapati Shivaji Intl. Airport (T2), Mumbai",30.9,18.6,24.7,57,17.6,9.0,359,1009.8,0.0
2022-12-12,131.0,103.0,11.0,12.0,4.0,11.0,"Chhatrapati Shivaji Intl. Airport (T2), Mumbai",31.9,21.8,26.5,63,16.8,8.6,359,1009.4,0.0
2022-12-13,123.0,89.0,10.0,13.0,6.0,9.0,"Chhatrapati Shivaji Intl. Airport (T2), Mumbai",32.4,24.2,27.7,67,14.6,9.4,39,1009.8,0.0
2022-12-14,105.0,92.0,11.0,16.0,2.0,11.0,"Chhatrapati Shivaji Intl. Airport (T2), Mumbai",32.1,25.5,28.0,66,15.5,8.5,50,1010.9,0.2
2022-12-15,108.0,104.0,13.0,21.0,2.5,12.0,"Chhatrapati Shivaji Intl. Airport (T2), Mumbai",31.6,24.4,27.2,71,13.6,8.5,15,1010.9,0.0
2022-12-16,123.0,110.0,12.0,21.0,3.0,12.0,"Chhatrapati Shivaji Intl. Airport (T2), Mumbai",33.3,23.6,27.5,69,15.9,9.0,351,1010.5,0.0
2022-12-17,131.0,101.0,13.0,18.0,3.0,10.0,"Chhatrapati Shivaji Intl. Airport (T2), Mumbai",33.5,23.8,27.6,68,16.9,9.7,356,1011.2,0.0
2022-12-18,123.0,111.0,14.0,18.0,3.0,10.0,"Chhatrapati Shivaji Intl. Airport (T2), Mumbai",33.3,24.8,28.0,63,20.5,11.3,360,1010.9,0.0
2022-12-19,114.0,117.0,15.0,20.0,3.0,12.0,"Chhatrapati Shivaji Intl. Airport (T2), Mumbai",31.3,23.6,26.9,59,17.1,10.9,360,1010.0,0.0
2022-12-20,134.0,128.0,18.0,22.0,3.0,14.0,"Chhatrapati Shivaji Intl. Airport (T2), Mumbai",30.4,21.4,25.9,57,16.9,10.1,344,1009.6,0.0
2022-12-21,147.0,155.0,16.0,23.0,3.0,17.0,"Chhatrapati Shivaji Intl. Airport (T2), Mumbai",31.0,20.2,25.3,62,15.4,8.5,352,1010.2,0.0
2022-12-22,159.0,151.0,16.0,20.0,5.0,16.0,"Chhatrapati Shivaji Intl. Airport (T2), Mumbai",31.0,20.1,24.9,67,15.9,9.3,342,1010.1,0.0
2022-12-23,154.0,119.0,15.0,18.0,5.0,11.0,"Chhatrapati Shivaji Intl. Airport (T2), Mumbai",29.5,21.0,24.4,62,20.4,12.0,339,1011.0,0.0
2022-12-24,124.0,128.0,19.0,17.0,3.0,12.0,"Chhatrapati Shivaji Intl. Airport (T2), Mumbai",28.8,19.1,22.7,52,19.2,12.7,347,1012.0,0.0
2022-12-25,144.0,135.0,18.0,18.0,2.0,14.0,"Chhatrapati Shivaji Intl. Airport (T2), Mumbai",27.5,16.4,21.6,66,14.0,7.4,337,1012.1,0.0
2022-12-26,154.0,150.0,15.0,20.0,2.25,17.0,"Chhatrapati Shivaji Intl. Airport (T2), Mumbai",28.0,16.1,21.7,73,15.9,9.2,347,1013.2,0.0
2022-12-27,161.0,148.0,12.0,13.0,2.5,16.0,"Chhatrapati Shivaji Intl. Airport (T2), Mumbai",29.6,17.5,23.2,69,17.8,10.6,345,1014.0,0.0
2022-12-28,152.0,150.0,12.0,17.0,2.75,18.0,"Chhatrapati Shivaji Intl. Airport (T2), Mumbai",30.2,18.1,23.7,69,17.3,10.6,343,1014.8,0.0
2022-12-29,151.0,152.0,16.0,23.0,3.0,17.0,"Chhatrapati Shivaji Intl. Airport (T2), Mumbai",30.6,18.4,23.9,68,16.9,9.9,340,1016.0,0.0
2022-12-30,160.0,138.0,14.0,19.0,2.6666666666666665,15.0,"Chhatrapati Shivaji Intl. Airport (T2), Mumbai",30.5,18.3,24.1,66,17.6,10.2,340,1017.0,0.0
2022-12-31,135.0,106.0,19.0,17.0,2.333333333333333,11.0,"Chhatrapati Shivaji Intl. Airport (T2), Mumbai",29.4,19.5,23.6,65,20.3,12.4,342,1016.5,0.0
2023-01-01,126.0,133.0,14.0,21.0,2.0,14.0,"Chhatrapati Shivaji Intl. Airport (T2), Mumbai",27.3,16.4,21.8,67,18.4,11.3,341,1016.2,0.0
2023-01-02,148.0,148.0,14.0,25.0,1.875,16.0,"Chhatrapati Shivaji Intl. Airport (T2), Mumbai",29.1,16.5,22.5,70,16.9,10.6,349,1015.3,0.0
2023-01-03,156.0,149.0,25.0,17.0,1.75,16.0,"Chhatrapati Shivaji Intl. Airport (T2), Mumbai",29.1,17.0,22.7,69,19.0,11.3,344,1015.1,0.0
2023-01-04,158.0,153.0,17.0,15.0,1.625,16.0,"Chhatrapati Shivaji Intl. Airport (T2), Mumbai",28.6,17.1,22.5,71,16.8,9.3,341,1013.9,0.0
2023-01-05,161.0,145.0,14.0,10.0,7.0,16.0,"Chhatrapati Shivaji Intl. Airport (T2), Mumbai",29.8,19.4,23.9,71,14.8,8.4,342,1014.5,0.0
2023-01-06,155.0,128.0,16.0,16.0,7.0,13.0,"Chhatrapati Shivaji Intl. Airport (T2), Mumbai",31.6,20.4,25.4,65,15.3,10.5,359,1016.0,0.0
2023-01-07,156.0,117.0,15.0,15.0,7.0,11.0,"Chhatrapati Shivaji Intl. Airport (T2), Mumbai",32.0,22.4,26.1,63,16.7,11.4,19,1015.9,0.0
2023-01-08,135.0,98.0,14.0,15.0,7.0,11.0,"Chhatrapati Shivaji Intl. Airport (T2), Mumbai",31.4,21.3,25.4,60,19.0,11.4,355,1015.0,0.0
2023-01-09,101.0,127.0,15.0,20.0,1.0,13.0,"Chhatrapati Shivaji Intl. Airport (T2), Mumbai",30.7,18.9,24.1,52,18.7,10.6,354,1016.0,0.0
2023-01-10,131.0,151.0,17.0,20.0,6.0,17.0,"Chhatrapati Shivaji Intl. Airport (T2), Mumbai",31.1,17.1,23.3,51,17.9,10.1,359,1015.4,0.0
2023-01-11,154.0,109.0,15.0,27.0,8.0,10.0,"Chhatrapati Shivaji Intl. Airport (T2), Mumbai",29.4,16.1,22.6,60,15.6,8.8,343,1013.7,0.0
2023-01-12,114.0,153.0,10.0,13.0,14.0,7.0,"Chhatrapati Shivaji Intl. Airport (T2), Mumbai",28.1,16.7,22.0,72,19.2,11.4,333,1013.0,0.0
2023-01-13,126.0,158.0,16.0,19.0,18.0,9.0,"Chhatrapati Shivaji Intl. Airport (T2), Mumbai",26.5,19.5,22.2,76,22.2,12.1,343,1014.1,0.0
2023-01-14,147.0,146.0,18.0,17.0,18.0,14.0,"Chhatrapati Shivaji Intl. Airport (T2), Mumbai",26.0,15.8,20.6,65,20.3,12.0,344,1013.9,0.0
2023-01-15,156.0,147.0,17.0,25.0,17.0,15.0,"Chhatrapati Shivaji Intl. Airport (T2), Mumbai",25.8,14.8,20.1,69,19.7,10.2,339,1012.3,0.0
2023-01-16,156.0,180.0,18.0,25.0,11.0,17.0,"Chhatrapati Shivaji Intl. Airport (T2), Mumbai",25.7,14.6,20.1,76,14.5,9.1,341,1012.5,0.0
2023-01-17,165.0,183.0,23.0,24.0,16.0,19.0,"Chhatrapati Shivaji Intl. Airport (T2), Mumbai",27.0,15.9,20.8,75,15.2,8.8,338,1012.9,0.0
2023-01-18,167.0,192.0,14.0,18.0,9.0,24.0,"Chhatrapati Shivaji Intl. Airport (T2), Mumbai",29.2,15.1,21.9,72,13.7,8.0,345,1013.7,0.0
2023-01-19,168.0,139.0,13.0,19.0,9.0,10.0,"Chhatrapati Shivaji Intl. Airport (T2), Mumbai",28.0,16.3,22.2,72,12.5,7.0,330,1013.6,0.0
2023-01-20,139.0,119.0,15.0,29.0,10.0,14.0,"Chhatrapati Shivaji Intl. Airport (T2), Mumbai",27.5,16.9,21.7,73,16.6,9.2,336,1013.6,0.0
2023-01-21,135.0,114.0,18.0,29.0,9.0,14.0,"Chhatrapati Shivaji Intl. Airport (T2), Mumbai",27.2,17.7,21.9,70,18.9,10.6,337,1013.9,0.0
2023-01-22,123.0,119.0,16.0,34.0,11.0,14.0,"Chhatrapati Shivaji Intl. Airport (T2), Mumbai",26.9,18.0,21.7,61,23.3,12.7,343,1013.3,0.0
2023-01-23,134.0,125.0,16.0,36.0,10.0,14.0,"Chhatrapati Shivaji Intl. Airport (T2), Mumbai",25.7,16.7,21.0,56,24.2,14.0,339,1012.7,0.0
2023-01-24,144.0,138.0,18.0,36.5,7.0,14.0,"Chhatrapati Shivaji Intl. Airport (T2), Mumbai",25.5,16.7,20.7,58,24.2,13.3,339,1013.0,0.0
2023-01-25,154.0,152.0,19.0,37.0,7.0,4.0,"Chhatrapati Shivaji Intl. Airport (T2), Mumbai",26.5,17.3,21.1,55,26.7,16.1,343,1012.9,0.0
2023-01-26,162.0,158.0,13.0,7.0,7.0,11.0,"Chhatrapati Shivaji Intl. Airport (T2), Mumbai",27.2,18.0,22.3,58,21.7,14.9,341,1012.4,0.0
2023-01-27,164.0,155.0,13.0,3.0,7.0,20.0,"Chhatrapati Shivaji Intl. Airport (T2), Mumbai",32.5,20.4,24.9,66,16.9,10.6,351,1011.3,0.0
2023-01-28,110.0,109.0,12.0,2.0,6.0,12.0,"Chhatrapati Shivaji Intl. Airport (T2), Mumbai",30.8,19.6,24.2,75,18.5,9.4,232,1010.5,0.0
2023-01-29,133.0,112.0,14.0,14.0,7.0,13.0,"Chhatrapati Shivaji Intl. Airport (T2), Mumbai",25.9,21.5,23.3,89,17.2,7.7,283,1010.3,1.0
2023-01-30,124.0,136.0,14.0,35.0,6.0,15.0,"Chhatrapati Shivaji Intl. Airport (T2), Mumbai",28.0,20.0,23.4,79,23.2,13.2,337,1012.9,0.0
2023-01-31,148.0,122.0,14.0,33.0,7.0,15.0,"Chhatrapati Shivaji Intl. Airport (T2), Mumbai",30.4,21.2,25.1,65,22.2,15.0,346,1012.6,0.0
2023-02-01,138.0,109.0,15.0,19.0,7.0,12.0,"Chhatrapati Shivaji Intl. Airport (T2), Mumbai",33.5,23.1,26.9,53,21.8,13.2,29,1011.9,0.0
2023-02-02,120.0,152.0,17.0,16.0,7.0,18.0,"Chhatrapati Shivaji Intl. Airport (T2), Mumbai",33.9,23.2,27.0,52,19.9,15.8,24,1012.1,0.0
2023-02-03,140.0,150.0,17.0,17.0,7.0,18.0,"Chhatrapati Shivaji Intl. Airport (T2), Mumbai",32.2,21.0,25.4,54,18.7,10.6,348,1012.8,0.0
2023-02-04,155.0,151.0,16.0,16.0,7.0,21.0,"Chhatrapati Shivaji Intl. Airport (T2), Mumbai",31.6,18.6,24.7,56,18.3,10.8,342,1011.7,0.0
2023-02-05,147.0,135.0,18.0,16.0,7.0,15.0,"Chhatrapati Shivaji Intl. Airport (T2), Mumbai",30.9,19.7,24.4,62,12.9,7.7,329,1010.9,0.0
2023-02-06,152.0,125.0,14.0,13.0,7.0,13.0,"Chhatrapati Shivaji Intl. Airport (T2), Mumbai",29.4,17.9,23.8,66,20.4,12.4,334,1011.6,0.0
2023-02-07,121.0,165.0,13.0,19.0,7.0,19.0,"Chhatrapati Shivaji Intl. Airport (T2), Mumbai",31.3,19.2,24.4,61,22.7,13.0,342,1011.3,0.0
2023-02-08,158.0,192.0,18.0,15.0,7.0,18.5,"Chhatrapati Shivaji Intl. Airport (T2), Mumbai",31.1,17.5,24.4,60,19.1,11.6,344,1011.3,0.0
2023-02-09,155.0,144.0,14.0,12.0,8.0,18.0,"Chhatrapati Shivaji Intl. Airport (T2), Mumbai",33.7,19.2,25.4,53,18.9,10.6,347,1011.5,0.0
2023-02-10,144.0,118.0,15.0,7.0,7.0,15.0,"Chhatrapati Shivaji Intl. Airport (T2), Mumbai",31.5,18.5,24.5,57,20.5,12.0,335,1013.1,0.0
2023-02-11,117.0,127.0,16.0,12.0,6.0,17.0,"Chhatrapati Shivaji Intl. Airport (T2), Mumbai",31.7,17.8,24.3,51,22.4,13.5,341,1013.9,0.0
2023-02-12,134.0,103.0,17.0,10.0,7.0,11.0,"Chhatrapati Shivaji Intl. Airport (T2), Mumbai",32.7,17.6,25.4,46,21.3,13.3,354,1013.7,0.0
2023-02-13,102.0,135.0,17.0,14.0,7.0,17.0,"Chhatrapati Shivaji Intl. Airport (T2), Mumbai",33.8,21.9,26.8,39,24.0,14.0,4,1013.5,0.0
2023-02-14,136.0,153.0,15.0,16.0,3.0,20.0,"Chhatrapati Shivaji Intl. Airport (T2), Mumbai",33.0,19.8,25.4,42,20.1,11.2,357,1013.4,0.0
2023-02-15,144.0,156.0,14.0,13.0,3.0,19.0,"Chhatrapati Shivaji Intl. Airport (T2), Mumbai",33.1,17.8,25.2,45,21.5,11.3,349,1011.7,0.0
2023-02-16,140.0,172.0,15.0,16.0,4.0,19.0,"Chhatrapati Shivaji Intl. Airport (T2), Mumbai",34.9,20.6,26.9,37,25.3,13.1,4,1012.0,0.0
2023-02-17,152.0,154.0,17.0,13.0,4.0,19.0,"Chhatrapati Shivaji Intl. Airport (T2), Mumbai",34.2,21.6,27.3,37,23.4,14.4,355,1012.4,0.0
2023-02-18,136.0,169.0,24.0,12.0,4.0,21.0,"Chhatrapati Shivaji Intl. Airport (T2), Mumbai",34.9,19.1,26.9,36,22.2,12.7,4,1012.0,0.0
2023-02-19,148.0,149.0,12.0,10.0,3.0,21.0,"Chhatrapati Shivaji Intl. Airport (T2), Mumbai",35.6,18.5,26.1,43,19.0,10.2,358,1011.8,0.0
2023-02-20,150.0,151.0,12.0,11.0,3.0,21.0,"Chhatrapati Shivaji Intl. Airport (T2), Mumbai",30.9,19.1,25.5,63,16.2,8.1,289,1012.4,0.0
2023-02-21,141.0,111.0,10.0,10.0,4.0,14.0,"Chhatrapati Shivaji Intl. Airport (T2), Mumbai",32.0,19.0,25.4,64,20.9,11.7,330,1013.0,0.0
2023-02-22,113.0,149.0,14.0,18.0,4.0,19.0,"Chhatrapati Shivaji Intl. Airport (T2), Mumbai",30.0,19.4,24.6,68,22.2,12.8,334,1012.7,0.0
2023-02-23,150.0,170.0,16.0,22.0,4.0,23.0,"Chhatrapati Shivaji Intl. Airport (T2), Mumbai",32.8,19.9,25.6,51,22.6,13.3,338,1011.6,0.0
2023-02-24,154.0,169.0,17.0,16.0,3.0,21.0,"Chhatrapati Shivaji Intl. Airport (T2), Mumbai",34.2,21.1,27.0,44,23.0,12.8,338,1012.5,0.0
2023-02-25,151.0,156.0,17.0,20.0,4.0,21.0,"Chhatrapati Shivaji Intl. Airport (T2), Mumbai",33.8,21.6,27.3,40,22.5,14.1,339,1014.3,0.0
2023-02-26,154.0,142.0,13.0,21.0,3.0,20.0,"Chhatrapati Shivaji Intl. Airport (T2), Mumbai",34.8,20.4,26.7,41,22.6,13.1,343,1014.7,0.0
2023-02-27,145.0,147.0,11.0,14.0,4.0,19.0,"Chhatrapati Shivaji Intl. Airport (T2), Mumbai",34.8,22.0,27.1,42,21.9,13.2,342,1014.4,0.0
2023-02-28,144.0,147.0,9.0,16.0,3.0,20.0,"Chhatrapati Shivaji Intl. Airport (T2), Mumbai",33.2,19.5,25.8,50,18.9,11.1,334,1014.7,0.0
2023-03-01,145.0,186.0,9.0,23.0,3.0,21.0,"Chhatrapati Shivaji Intl. Airport (T2), Mumbai",32.7,20.4,26.1,53,18.5,11.5,335,1015.1,0.0
2023-03-02,160.0,215.0,9.0,26.0,4.0,22.0,"Chhatrapati Shivaji Intl. Airport (T2), Mumbai",35.1,21.4,27.4,47,19.6,10.9,339,1015.1,0.0
2023-03-03,171.0,246.0,9.0,27.0,4.0,23.0,"Chhatrapati Shivaji Intl. Airport (T2), Mumbai",33.7,21.2,27.3,56,17.2,8.7,325,1015.5,0.0
2023-03-04,174.0,209.0,9.0,24.0,4.0,24.0,"Chhatrapati Shivaji Intl. Airport (T2), Mumbai",34.2,21.9,27.7,62,15.9,8.6,320,1015.2,0.0
2023-03-05,171.0,205.0,9.0,22.0,4.0,20.0,"Chhatrapati Shivaji Intl. Airport (T2), Mumbai",36.2,22.6,28.8,56,18.7,9.5,313,1014.7,0.0
2023-03-06,152.0,90.0,9.0,13.0,4.0,12.0,"Chhatrapati Shivaji Intl. Airport (T2), Mumbai",36.3,24.4,29.7,43,21.2,14.1,39,1013.6,0.1
2023-03-07,96.0,101.0,9.0,15.0,4.0,16.0,"Chhatrapati Shivaji Intl. Airport (T2), Mumbai",36.0,23.9,28.8,46,23.4,12.6,81,1013.4,0.0
2023-03-08,114.0,104.0,9.0,17.0,3.0,15.0,"Chhatrapati Shivaji Intl. Airport (T2), Mumbai",35.2,23.0,28.0,49,20.5,12.1,345,1013.4,0.0
2023-03-09,112.0,104.0,9.0,19.0,4.0,13.0,"Chhatrapati Shivaji Intl. Airport (T2), Mumbai",36.5,23.1,29.2,34,22.4,12.8,356,1012.7,0.0
2023-03-10,98.0,124.0,9.0,22.0,4.0,17.0,"Chhatrapati Shivaji Intl. Airport (T2), Mumbai",35.2,24.1,28.9,32,23.3,14.8,348,1012.1,0.0
2023-03-11,128.0,131.0,9.0,23.0,4.0,18.0,"Chhatrapati Shivaji Intl. Airport (T2), Mumbai",36.8,22.0,29.1,39,22.4,12.2,351,1011.5,0.0
2023-03-12,149.0,134.0,9.0,21.0,4.0,20.0,"Chhatrapati Shivaji Intl. Airport (T2), Mumbai",37.7,23.1,29.3,40,21.5,10.6,339,1011.0,0.0
2023-03-13,151.0,127.0,9.0,23.0,4.0,17.0,"Chhatrapati Shivaji Intl. Airport (T2), Mumbai",37.3,24.1,29.2,50,16.1,8.4,322,1010.0,0.0
2023-03-14,147.0,118.0,9.0,21.0,4.0,15.0,"Chhatrapati Shivaji Intl. Airport (T2), Mumbai",36.5,23.1,28.5,63,17.6,10.7,333,1009.0,0.0
2023-03-15,134.0,96.0,9.0,17.0,4.0,11.0,"Chhatrapati Shivaji Intl. Airport (T2), Mumbai",34.7,23.3,28.4,60,20.2,9.8,329,1007.9,0.0
2023-03-16,109.0,91.0,9.0,16.0,3.0,12.0,"Chhatrapati Shivaji Intl. Airport (T2), Mumbai",32.3,22.8,27.0,67,20.5,9.0,148,1009.6,13.3
2023-03-17,105.0,89.0,9.0,15.0,4.0,11.0,"Chhatrapati Shivaji Intl. Airport (T2), Mumbai",30.6,22.4,26.7,76,16.3,9.1,257,1010.1,0.7
2023-03-18,104.0,74.0,9.0,11.0,4.0,9.0,"Chhatrapati Shivaji Intl. Airport (T2), Mumbai",30.8,24.1,27.0,79,18.9,10.8,301,1009.0,0.0
2023-03-19,79.0,70.0,9.0,10.0,4.0,9.0,"Chhatrapati Shivaji Intl. Airport (T2), Mumbai",29.8,22.7,26.2,74,18.8,9.5,272,1009.0,0.0
2023-03-20,69.0,66.0,9.0,11.0,4.0,9.0,"Chhatrapati Shivaji Intl. Airport (T2), Mumbai",29.5,23.2,26.2,67,17.4,9.5,298,1008.9,0.0
2023-03-21,65.0,85.0,9.0,9.0,4.0,11.0,"Chhatrapati Shivaji Intl. Airport (T2), Mumbai",29.0,21.8,25.7,72,16.4,7.9,273,1009.6,0.7
2023-03-22,85.0,69.0,9.0,7.0,4.0,10.0,"Chhatrapati Shivaji Intl. Airport (T2), Mumbai",30.0,22.5,26.2,72,15.8,8.6,310,1010.5,0.0
2023-03-23,66.0,71.0,9.0,3.0,4.0,11.0,"Chhatrapati Shivaji Intl. Airport (T2), Mumbai",30.1,22.8,26.2,73,18.6,9.4,313,1010.7,0.4
2023-03-24,73.0,78.0,9.0,10.0,4.0,9.0,"Chhatrapati Shivaji Intl. Airport (T2), Mumbai",30.2,22.4,26.1,75,22.2,11.0,325,1010.7,0.0
2023-03-25,71.0,81.0,9.0,10.0,4.0,11.0,"Chhatrapati Shivaji Intl. Airport (T2), Mumbai",29.7,21.0,25.1,69,23.7,12.4,334,1011.8,0.0
2023-03-26,80.0,86.0,9.0,10.0,4.0,11.0,"Chhatrapati Shivaji Intl. Airport (T2), Mumbai",29.5,20.4,24.9,69,20.8,12.3,328,1011.5,0.0
2023-03-27,90.0,97.0,9.0,10.0,4.0,11.0,"Chhatrapati Shivaji Intl. Airport (T2), Mumbai",29.8,20.9,25.3,76,19.9,10.7,312,1011.1,0.0
2023-03-28,103.0,97.0,9.0,10.0,4.0,11.0,"Chhatrapati Shivaji Intl. Airport (T2), Mumbai",29.9,22.4,25.7,78,19.8,10.4,315,1010.4,0.0
2023-03-29,102.0,83.0,9.0,8.0,4.0,10.0,"Chhatrapati Shivaji Intl. Airport (T2), Mumbai",29.9,21.9,25.6,79,17.6,9.6,313,1010.9,0.0
2023-03-30,85.0,77.0,9.0,7.0,4.0,9.0,"Chhatrapati Shivaji Intl. Airport (T2), Mumbai",29.5,22.7,26.1,75,15.6,7.7,284,1010.4,0.2
2023-03-31,69.0,74.66666666666667,9.0,7.666666666666667,4.0,9.333333333333334,"Chhatrapati Shivaji Intl. Airport (T2), Mumbai",29.4,23.7,26.4,75,16.5,8.7,302,1010.0,0.4
2023-04-02,71.0,70.0,9.0,9.0,4.0,10.0,"Chhatrapati Shivaji Intl. Airport (T2), Mumbai",30.0,22.1,26.0,77,23.8,11.2,309,1010.2,0.0
2023-04-03,72.0,74.0,9.0,9.0,4.0,11.0,"Chhatrapati Shivaji Intl. Airport (T2), Mumbai",30.1,22.7,26.2,77,23.4,10.8,312,1009.8,0.0
2023-04-04,71.0,77.0,9.0,10.0,4.0,11.0,"Chhatrapati Shivaji Intl. Airport (T2), Mumbai",30.8,23.0,26.5,80,23.7,12.0,328,1010.3,0.0
2023-04-05,79.0,97.0,9.0,14.0,4.0,12.0,"Chhatrapati Shivaji Intl. Airport (T2), Mumbai",31.0,21.9,26.6,82,22.8,11.7,318,1010.0,0.0
2023-04-06,100.0,127.0,9.0,18.0,4.0,13.0,"Chhatrapati Shivaji Intl. Airport (T2), Mumbai",33.0,23.4,28.1,72,21.6,13.0,335,1009.8,0.0
2023-04-07,128.0,141.0,9.0,20.0,4.0,21.0,"Chhatrapati Shivaji Intl. Airport (T2), Mumbai",34.1,25.3,29.7,55,23.2,15.5,338,1010.5,0.0
2023-04-08,144.0,116.0,9.0,20.0,4.0,16.0,"Chhatrapati Shivaji Intl. Airport (T2), Mumbai",35.0,25.6,29.6,56,17.1,10.3,322,1012.1,0.0
2023-04-09,127.0,120.0,9.0,21.0,4.0,14.0,"Chhatrapati Shivaji Intl. Airport (T2), Mumbai",35.8,25.6,29.7,58,23.8,10.4,331,1012.4,0.0
2023-04-10,129.0,101.0,9.0,21.0,4.0,12.0,"Chhatrapati Shivaji Intl. Airport (T2), Mumbai",35.9,26.0,30.2,61,21.6,12.3,329,1010.8,0.0
2023-04-11,103.0,108.0,9.0,21.0,4.0,12.0,"Chhatrapati Shivaji Intl. Airport (T2), Mumbai",34.9,26.5,30.0,62,22.7,13.8,325,1011.1,0.0
2023-04-12,106.0,125.0,9.0,26.0,4.0,15.0,"Chhatrapati Shivaji Intl. Airport (T2), Mumbai",35.7,26.6,30.7,55,25.0,15.7,331,1010.6,0.0
2023-04-13,132.0,100.0,9.0,20.0,4.0,13.0,"Chhatrapati Shivaji Intl. Airport (T2), Mumbai",35.2,27.2,30.8,51,22.4,14.4,335,1010.2,0.0
2023-04-14,102.0,92.0,9.0,16.0,4.0,12.0,"Chhatrapati Shivaji Intl. Airport (T2), Mumbai",35.2,26.6,30.1,60,21.7,14.2,331,1010.0,0.0
2023-04-15,91.0,91.0,9.0,12.0,4.0,13.0,"Chhatrapati Shivaji Intl. Airport (T2), Mumbai",35.2,25.1,29.1,63,21.9,10.3,327,1010.1,0.0
2023-04-16,88.0,81.0,9.0,13.0,4.0,11.0,"Chhatrapati Shivaji Intl. Airport (T2), Mumbai",34.0,24.0,28.6,72,22.5,12.1,325,1009.0,0.0
2023-04-17,82.0,104.0,9.0,18.0,4.0,13.0,"Chhatrapati Shivaji Intl. Airport (T2), Mumbai",34.0,24.5,28.7,72,23.3,11.8,328,1009.0,0.0
2023-04-18,101.0,112.0,9.0,21.0,4.0,14.0,"Chhatrapati Shivaji Intl. Airport (T2), Mumbai",37.2,26.2,31.5,51,24.0,15.6,345,1009.3,0.0
2023-04-19,119.0,88.0,9.0,16.0,4.0,12.0,"Chhatrapati Shivaji Intl. Airport (T2), Mumbai",36.5,28.2,32.3,47,24.1,16.1,332,1007.1,0.0
2023-04-20,88.0,73.0,9.0,10.0,4.0,10.0,"Chhatrapati Shivaji Intl. Airport (T2), Mumbai",34.9,26.2,30.1,62,23.3,13.8,318,1005.9,0.0
2023-04-21,69.0,57.0,9.0,10.0,4.0,9.0,"Chhatrapati Shivaji Intl. Airport (T2), Mumbai",32.3,24.1,28.0,73,19.7,10.6,315,1006.8,0.0
2023-04-22,54.0,62.0,9.0,9.0,4.0,9.0,"Chhatrapati Shivaji Intl. Airport (T2), Mumbai",31.6,23.8,27.7,79,19.1,9.6,288,1007.3,0.0
2023-04-23,62.0,66.0,9.0,11.0,4.0,10.0,"Chhatrapati Shivaji Intl. Airport (T2), Mumbai",31.5,24.4,27.9,76,21.7,11.1,301,1007.5,0.0
2023-04-24,78.0,83.0,9.0,14.0,4.0,10.0,"Chhatrapati Shivaji Intl. Airport (T2), Mumbai",32.3,24.5,28.1,79,22.5,11.0,313,1007.7,0.0
2023-04-25,85.0,72.0,9.0,12.0,4.0,9.0,"Chhatrapati Shivaji Intl. Airport (T2), Mumbai",32.7,25.1,28.6,79,21.3,9.6,274,1007.7,0.0
2023-04-26,76.0,72.0,9.0,13.0,4.0,10.0,"Chhatrapati Shivaji Intl. Airport (T2), Mumbai",31.4,25.9,28.5,75,21.0,12.5,235,1008.3,0.0
2023-04-27,71.0,63.0,9.0,11.0,4.0,10.0,"Chhatrapati Shivaji Intl. Airport (T2), Mumbai",31.9,25.2,28.3,73,21.7,9.6,305,1008.5,0.0
2023-04-28,60.0,58.0,9.0,10.0,4.0,10.0,"Chhatrapati Shivaji Intl. Airport (T2), Mumbai",31.9,25.5,28.4,74,18.2,10.0,311,1009.3,0.0
2023-04-29,56.0,60.0,9.0,9.0,4.0,9.0,"Chhatrapati Shivaji Intl. Airport (T2), Mumbai",31.6,26.0,28.2,71,20.1,9.4,299,1008.8,0.4
2023-04-30,56.0,51.0,9.0,11.0,3.0,9.0,"Chhatrapati Shivaji Intl. Airport (T2), Mumbai",31.5,24.4,28.0,72,19.5,8.9,297,1007.4,0.5
2023-05-01,52.0,53.0,9.0,11.0,4.0,9.0,"Chhatrapati Shivaji Intl. Airport (T2), Mumbai",31.6,24.7,28.0,69,15.9,8.3,284,1007.3,2.1
2023-05-02,54.0,63.0,10.0,11.0,3.0,10.0,"Chhatrapati Shivaji Intl. Airport (T2), Mumbai",31.5,25.1,28.4,68,16.6,8.0,278,1007.9,0.7
2023-05-03,62.0,68.0,9.0,11.0,4.0,10.0,"Chhatrapati Shivaji Intl. Airport (T2), Mumbai",31.8,25.5,28.5,68,18.6,9.5,291,1009.3,0.0
2023-05-04,60.0,63.0,9.0,10.0,4.0,10.0,"Chhatrapati Shivaji Intl. Airport (T2), Mumbai",31.6,24.8,28.1,74,18.7,9.0,306,1008.7,0.5
2023-05-05,54.0,69.0,9.0,10.0,19.0,10.0,"Chhatrapati Shivaji Intl. Airport (T2), Mumbai",32.3,25.0,28.4,75,20.1,9.2,294,1008.0,0.4
2023-05-06,57.0,60.0,9.0,9.0,8.0,10.0,"Chhatrapati Shivaji Intl. Airport (T2), Mumbai",31.9,25.1,28.5,77,22.4,11.4,309,1008.0,0.1
2023-05-07,54.0,57.0,9.0,8.0,3.0,10.0,"Chhatrapati Shivaji Intl. Airport (T2), Mumbai",30.0,25.4,27.8,80,16.4,8.3,311,1008.3,8.2
2023-05-08,48.0,70.0,9.0,10.0,7.0,10.0,"Chhatrapati Shivaji Intl. Airport (T2), Mumbai",32.2,27.5,29.5,74,19.7,10.9,298,1007.5,0.5
2023-05-09,63.0,93.0,9.0,12.0,23.0,10.0,"Chhatrapati Shivaji Intl. Airport (T2), Mumbai",33.0,27.7,30.0,75,19.8,9.8,300,1007.7,0.0
2023-05-10,85.0,84.0,9.0,15.0,28.0,10.0,"Chhatrapati Shivaji Intl. Airport (T2), Mumbai",34.0,27.2,30.2,79,21.9,9.6,296,1006.8,0.0
2023-05-11,88.0,80.0,9.0,13.0,29.0,10.0,"Chhatrapati Shivaji Intl. Airport (T2), Mumbai",34.5,26.3,30.4,79,18.9,9.0,239,1006.9,0.0
2023-05-12,84.0,61.0,9.0,11.0,29.0,9.0,"Chhatrapati Shivaji Intl. Airport (T2), Mumbai",34.0,27.5,30.2,80,18.3,10.8,225,1007.6,0.0
2023-05-13,68.0,65.5,9.0,11.0,29.0,9.0,"Chhatrapati Shivaji Intl. Airport (T2), Mumbai",33.3,27.7,30.2,77,18.0,12.8,233,1008.5,0.0
2023-05-14,61.0,70.0,9.0,11.0,29.0,9.0,"Chhatrapati Shivaji Intl. Airport (T2), Mumbai",33.2,27.2,30.0,76,17.4,10.5,254,1008.0,0.0
2023-05-15,54.0,62.0,9.0,11.0,29.0,9.0,"Chhatrapati Shivaji Intl. Airport (T2), Mumbai",33.2,28.2,30.3,74,19.1,12.1,271,1008.7,0.5
2023-05-16,50.0,67.0,9.0,12.0,30.0,9.0,"Chhatrapati Shivaji Intl. Airport (T2), Mumbai",33.6,27.7,30.5,71,17.3,10.9,276,1010.2,0.3
2023-05-17,54.0,59.0,9.0,10.0,30.0,9.0,"Chhatrapati Shivaji Intl. Airport (T2), Mumbai",33.4,27.4,30.1,72,22.7,11.8,298,1010.3,0.0
2023-05-18,45.0,56.0,9.0,11.0,30.0,9.0,"Chhatrapati Shivaji Intl. Airport (T2), Mumbai",33.2,27.1,29.8,76,24.4,13.2,316,1011.4,0.1
2023-05-19,46.0,57.66666666666666,9.0,10.666666666666666,30.0,9.333333333333334,"Chhatrapati Shivaji Intl. Airport (T2), Mumbai",33.5,26.8,29.8,78,23.2,14.1,318,1010.0,0.2
2023-05-21,50.0,61.0,9.0,10.0,30.0,10.0,"Chhatrapati Shivaji Intl. Airport (T2), Mumbai",32.9,27.6,29.9,72,19.9,11.4,301,1010.1,0.0
2023-05-22,52.0,64.0,9.0,10.0,30.0,9.0,"Chhatrapati Shivaji Intl. Airport (T2), Mumbai",33.0,27.0,29.7,75,18.5,10.8,305,1010.8,0.0
2023-05-23,55.0,61.0,9.0,9.0,30.0,9.0,"Chhatrapati Shivaji Intl. Airport (T2), Mumbai",33.5,26.4,29.6,77,22.9,13.0,317,1010.7,0.0
2023-05-24,51.0,49.0,9.0,9.0,30.0,9.0,"Chhatrapati Shivaji Intl. Airport (T2), Mumbai",33.3,27.2,30.1,74,19.9,11.9,284,1010.3,0.0
2023-05-25,35.0,52.0,9.0,10.0,30.0,9.0,"Chhatrapati Shivaji Intl. Airport (T2), Mumbai",33.2,28.2,30.6,65,20.7,13.6,263,1010.8,0.0
2023-05-26,46.0,50.0,9.0,8.0,30.0,10.0,"Chhatrapati Shivaji Intl. Airport (T2), Mumbai",32.7,29.0,30.6,65,21.6,15.8,265,1011.1,2.0
2023-05-27,42.0,54.0,9.0,8.0,23.0,10.0,"Chhatrapati Shivaji Intl. Airport (T2), Mumbai",33.7,28.2,30.9,62,19.1,13.9,260,1010.1,0.0
2023-05-28,52.0,67.0,9.0,12.0,16.0,10.0,"Chhatrapati Shivaji Intl. Airport (T2), Mumbai",33.8,28.2,30.9,66,18.8,12.5,286,1009.1,0.0
2023-05-29,55.0,69.0,9.0,12.0,11.0,9.0,"Chhatrapati Shivaji Intl. Airport (T2), Mumbai",33.6,27.9,30.3,75,24.0,11.4,304,1008.6,0.0
2023-05-30,57.0,71.0,9.0,13.0,3.0,10.0,"Chhatrapati Shivaji Intl. Airport (T2), Mumbai",33.8,27.2,30.3,79,20.3,10.8,302,1008.6,0.0
2023-05-31,60.0,66.0,9.0,10.0,9.0,10.0,"Chhatrapati Shivaji Intl. Airport (T2), Mumbai",34.5,27.9,30.6,78,24.7,13.9,317,1008.2,0.0
2023-06-01,60.0,61.0,10.0,8.0,6.0,10.0,"Chhatrapati Shivaji Intl. Airport (T2), Mumbai",33.5,27.0,30.0,80,21.9,11.6,296,1008.2,0.0
2023-06-02,51.0,49.0,9.0,9.0,18.0,9.0,"Chhatrapati Shivaji Intl. Airport (T2), Mumbai",33.4,28.0,30.5,72,18.2,11.3,290,1009.1,0.0
2023-06-03,40.0,58.0,9.0,8.0,16.0,9.0,"Chhatrapati Shivaji Intl. Airport (T2), Mumbai",34.5,29.0,31.3,67,18.7,13.1,280,1008.3,0.1
2023-06-04,47.0,63.0,9.0,8.0,14.0,9.0,"Chhatrapati Shivaji Intl. Airport (T2), Mumbai",33.6,29.0,30.9,70,19.1,12.3,278,1008.2,0.8
2023-06-05,54.0,70.0,9.0,8.0,12.0,9.0,"Chhatrapati Shivaji Intl. Airport (T2), Mumbai",33.2,28.5,30.6,71,19.6,12.6,270,1007.6,0.4
2023-06-06,67.0,70.0,9.0,8.0,6.0,9.0,"Chhatrapati Shivaji Intl. Airport (T2), Mumbai",33.8,28.8,30.8,69,17.1,11.7,266,1007.2,0.1
2023-06-07,61.0,53.0,9.0,9.0,6.0,9.0,"Chhatrapati Shivaji Intl. Airport (T2), Mumbai",33.5,28.6,30.9,69,16.9,12.0,242,1007.0,0.0
2023-06-08,47.0,32.0,9.0,11.0,6.0,8.0,"Chhatrapati Shivaji Intl. Airport (T2), Mumbai",34.0,29.4,31.2,68,16.9,12.6,217,1007.2,0.8
2023-06-09,28.0,81.0,9.0,13.0,4.0,9.0,"Chhatrapati Shivaji Intl. Airport (T2), Mumbai",33.0,28.1,30.6,76,29.3,18.3,194,1005.3,4.0
2023-06-10,69.0,62.0,9.0,12.0,4.0,9.0,"Chhatrapati Shivaji Intl. Airport (T2), Mumbai",33.2,27.6,30.2,74,32.5,24.3,183,1003.7,3.6
2023-06-11,51.0,59.0,9.0,10.0,4.0,9.0,"Chhatrapati Shivaji Intl. Airport (T2), Mumbai",32.7,25.6,29.6,73,32.4,25.3,173,1003.0,3.8
2023-06-12,57.0,54.0,9.0,8.0,4.0,9.0,"Chhatrapati Shivaji Intl. Airport (T2), Mumbai",32.2,26.3,28.7,78,42.6,30.0,178,1002.8,5.3
2023-06-13,56.0,51.0,9.0,7.0,4.0,8.0,"Chhatrapati Shivaji Intl. Airport (T2), Mumbai",31.0,26.3,28.3,80,36.3,29.1,183,1004.4,5.6
2023-06-14,57.0,53.0,9.0,7.0,6.0,8.0,"Chhatrapati Shivaji Intl. Airport (T2), Mumbai",30.2,25.8,28.5,79,33.8,27.0,190,1006.3,2.8
2023-06-15,51.0,54.0,9.0,7.0,6.0,8.0,"Chhatrapati Shivaji Intl. Airport (T2), Mumbai",31.9,28.1,29.8,74,33.7,29.5,202,1006.3,2.8
2023-06-16,53.0,56.0,9.0,7.0,6.0,8.0,"Chhatrapati Shivaji Intl. Airport (T2), Mumbai",31.3,27.2,29.4,75,37.5,30.2,214,1005.6,4.6
2023-06-17,58.0,59.0,9.0,7.0,6.0,9.0,"Chhatrapati Shivaji Intl. Airport (T2), Mumbai",31.4,27.2,29.1,79,26.1,21.9,230,1006.6,6.6
2023-06-18,62.0,68.0,9.0,7.0,6.0,9.0,"Chhatrapati Shivaji Intl. Airport (T2), Mumbai",31.1,27.6,29.1,79,22.8,17.7,250,1007.1,4.6
2023-06-19,66.0,73.0,9.0,7.0,6.0,10.0,"Chhatrapati Shivaji Intl. Airport (T2), Mumbai",31.4,27.7,29.4,77,20.0,16.0,248,1006.2,2.4
2023-06-20,69.0,71.0,9.0,7.0,6.0,9.0,"Chhatrapati Shivaji Intl. Airport (T2), Mumbai",31.5,27.5,29.3,78,20.4,14.0,251,1005.3,1.1
2023-06-21,70.0,64.0,9.0,6.0,6.0,9.0,"Chhatrapati Shivaji Intl. Airport (T2), Mumbai",31.5,27.5,29.3,79,19.6,13.0,244,1005.6,2.9
2023-06-22,66.0,49.0,9.0,6.0,6.0,8.0,"Chhatrapati Shivaji Intl. Airport (T2), Mumbai",31.5,27.5,29.5,76,18.7,13.6,246,1005.8,1.9
2023-06-23,51.0,46.5,7.25,5.5,6.0,8.5,"Chhatrapati Shivaji Intl. Airport (T2), Mumbai",30.8,26.6,28.6,81,19.3,13.1,217,1005.5,2.9
2023-06-26,51.75,39.0,2.0,4.0,6.0,10.0,"Chhatrapati Shivaji Intl. Airport (T2), Mumbai",26.7,25.2,25.8,91,18.9,14.1,218,1005.8,23.2
2023-06-27,52.0,28.0,2.0,4.0,6.0,10.0,"Chhatrapati Shivaji Intl. Airport (T2), Mumbai",27.0,24.6,25.9,91,20.9,13.7,224,1005.5,23.2
2023-06-28,30.0,27.0,2.0,5.0,6.0,10.0,"Chhatrapati Shivaji Intl. Airport (T2), Mumbai",27.8,25.6,26.3,90,20.4,15.6,236,1006.0,45.7
2023-06-29,30.0,27.0,2.0,6.0,6.0,9.0,"Chhatrapati Shivaji Intl. Airport (T2), Mumbai",26.8,25.4,26.0,91,20.5,16.5,246,1006.3,50.0
2023-06-30,30.0,37.0,2.0,4.0,6.0,9.0,"Chhatrapati Shivaji Intl. Airport (T2), Mumbai",26.8,25.2,26.1,91,27.3,20.7,247,1006.2,55.8
2023-07-01,41.0,31.0,2.0,2.0,6.0,9.0,"Chhatrapati Shivaji Intl. Airport (T2), Mumbai",28.2,24.9,26.3,90,23.1,17.3,235,1006.9,40.5
2023-07-02,32.0,33.0,2.0,3.0,6.0,11.0,"Chhatrapati Shivaji Intl. Airport (T2), Mumbai",28.4,25.4,26.7,89,20.5,16.0,231,1006.1,34.7
2023-07-03,36.0,30.0,2.0,4.0,6.0,10.0,"Chhatrapati Shivaji Intl. Airport (T2), Mumbai",28.9,26.0,27.2,88,17.7,13.2,232,1004.3,8.6
2023-07-04,46.0,42.0,2.0,5.0,6.0,11.0,"Chhatrapati Shivaji Intl. Airport (T2), Mumbai",29.2,25.4,26.9,89,16.8,11.5,236,1002.7,48.3
2023-07-05,56.0,27.0,2.0,5.0,6.0,9.0,"Chhatrapati Shivaji Intl. Airport (T2), Mumbai",28.3,25.1,26.6,90,14.5,10.4,223,1001.0,35.9
2023-07-06,37.0,27.0,10.0,6.0,6.0,9.0,"Chhatrapati Shivaji Intl. Airport (T2), Mumbai",27.0,24.9,25.7,93,24.5,13.9,217,1002.2,97.5
2023-07-07,38.0,56.0,12.0,5.0,6.0,8.0,"Chhatrapati Shivaji Intl. Airport (T2), Mumbai",27.8,25.5,26.3,90,26.8,20.8,233,1003.3,50.7
2023-07-08,69.0,50.0,6.499999999999999,4.0,6.0,8.0,"Chhatrapati Shivaji Intl. Airport (T2), Mumbai",29.7,25.5,27.6,84,29.3,23.8,236,1005.0,13.0
2023-07-09,61.0,57.0,1.0,4.0,6.0,8.0,"Chhatrapati Shivaji Intl. Airport (T2), Mumbai",29.2,25.3,27.5,82,27.4,21.8,233,1005.9,10.8
2023-07-10,64.0,62.0,1.0,4.0,6.0,9.0,"Chhatrapati Shivaji Intl. Airport (T2), Mumbai",28.7,26.0,27.5,82,22.7,18.0,238,1006.5,3.5
2023-07-11,70.0,61.0,4.0,2.0,6.0,9.0,"Chhatrapati Shivaji Intl. Airport (T2), Mumbai",29.5,25.4,27.7,82,20.4,15.1,255,1006.8,4.3
2023-07-12,67.0,55.0,4.0,3.0,6.0,9.0,"Chhatrapati Shivaji Intl. Airport (T2), Mumbai",27.0,25.1,26.1,90,12.8,7.4,236,1005.9,12.2
2023-07-13,66.0,38.0,4.0,3.0,6.0,10.0,"Chhatrapati Shivaji Intl. Airport (T2), Mumbai",27.3,24.6,26.1,90,18.2,11.6,217,1005.6,10.9
2023-07-14,55.0,51.0,4.0,2.0,6.0,10.0,"Chhatrapati Shivaji Intl. Airport (T2), Mumbai",27.4,25.2,26.2,90,21.0,13.8,244,1006.8,32.7
2023-07-15,65.0,45.0,5.0,2.0,6.0,9.0,"Chhatrapati Shivaji Intl. Airport (T2), Mumbai",27.4,24.9,26.1,89,17.6,11.4,250,1007.5,16.7
2023-07-16,56.0,28.0,5.0,3.0,6.0,10.0,"Chhatrapati Shivaji Intl. Airport (T2), Mumbai",27.9,24.6,25.7,91,16.8,10.2,241,1006.7,30.5
2023-07-17,45.0,34.0,6.0,4.0,6.0,9.0,"Chhatrapati Shivaji Intl. Airport (T2), Mumbai",27.4,24.6,25.8,91,19.7,15.0,242,1005.4,63.8
2023-07-18,49.0,40.0,9.0,5.0,6.0,9.0,"Chhatrapati Shivaji Intl. Airport (T2), Mumbai",26.4,25.4,25.9,91,25.3,20.2,255,1004.2,67.7
2023-07-19,59.0,48.0,5.0,5.0,6.0,10.0,"Chhatrapati Shivaji Intl. Airport (T2), Mumbai",27.2,25.5,26.2,91,23.7,19.6,263,1002.1,44.8
2023-07-20,61.0,36.0,6.0,3.0,6.0,10.0,"Chhatrapati Shivaji Intl. Airport (T2), Mumbai",27.9,25.5,26.4,88,24.1,18.9,262,1002.5,36.4
2023-07-21,52.0,46.0,7.0,3.0,6.0,10.0,"Chhatrapati Shivaji Intl. Airport (T2), Mumbai",27.5,25.4,26.4,89,21.3,16.4,255,1004.2,40.9
2023-07-22,58.0,27.0,7.0,2.0,6.0,9.0,"Chhatrapati Shivaji Intl. Airport (T2), Mumbai",26.4,25.0,25.9,91,21.3,18.1,257,1004.9,42.7
2023-07-23,44.0,37.0,9.0,3.0,6.0,10.0,"Chhatrapati Shivaji Intl. Airport (T2), Mumbai",27.7,25.4,26.2,90,28.1,21.4,248,1003.8,34.8
2023-07-24,47.0,43.0,16.0,3.0,6.0,10.0,"Chhatrapati Shivaji Intl. Airport (T2), Mumbai",28.1,25.2,26.1,89,26.8,21.1,245,1004.2,58.2
2023-07-25,55.0,27.0,9.0,2.0,6.0,10.0,"Chhatrapati Shivaji Intl. Airport (T2), Mumbai",27.1,25.1,25.9,90,21.1,17.0,249,1006.0,44.1
2023-07-26,42.0,27.0,7.0,3.0,6.0,9.0,"Chhatrapati Shivaji Intl. Airport (T2), Mumbai",27.0,24.8,25.8,91,26.3,18.4,261,1007.0,93.9
2023-07-27,44.0,39.0,7.0,2.0,6.0,9.0,"Chhatrapati Shivaji Intl. Airport (T2), Mumbai",27.1,25.2,26.0,90,22.0,20.0,267,1007.4,90.9
2023-07-28,49.0,40.0,6.0,2.0,6.0,10.0,"Chhatrapati Shivaji Intl. Airport (T2), Mumbai",27.0,25.0,25.7,91,21.7,17.7,270,1007.6,49.8
2023-07-29,55.0,43.0,6.0,1.0,6.0,9.0,"Chhatrapati Shivaji Intl. Airport (T2), Mumbai",28.8,25.3,26.8,84,23.9,19.2,257,1007.8,12.3
2023-07-30,55.0,47.0,6.0,2.0,6.0,9.0,"Chhatrapati Shivaji Intl. Airport (T2), Mumbai",28.8,25.6,27.0,83,25.6,19.6,252,1007.0,9.3
2023-07-31,56.0,46.0,6.0,2.0,6.0,9.0,"Chhatrapati Shivaji Intl. Airport (T2), Mumbai",28.5,25.5,26.8,85,26.6,19.0,252,1006.5,9.9
2023-08-01,61.0,53.0,8.0,4.0,5.0,10.0,"Chhatrapati Shivaji Intl. Airport (T2), Mumbai",28.9,25.2,27.0,84,25.3,20.5,251,1006.6,6.1
2023-08-02,63.0,52.0,7.0,3.0,5.0,10.0,"Chhatrapati Shivaji Intl. Airport (T2), Mumbai",28.6,24.5,26.8,84,27.7,20.8,248,1007.2,15.1
2023-08-03,64.0,51.0,4.0,2.0,5.0,9.0,"Chhatrapati Shivaji Intl. Airport (T2), Mumbai",28.8,25.9,27.1,84,27.2,22.5,250,1006.6,6.3
2023-08-04,61.0,55.0,4.0,3.0,5.0,10.0,"Chhatrapati Shivaji Intl. Airport (T2), Mumbai",28.4,26.5,27.2,85,25.3,21.4,250,1007.5,2.5
2023-08-05,67.0,55.0,4.0,3.0,5.0,9.0,"Chhatrapati Shivaji Intl. Airport (T2), Mumbai",29.3,25.6,27.3,83,23.7,20.6,249,1009.4,3.8
2023-08-06,68.0,57.0,4.0,3.0,5.0,10.0,"Chhatrapati Shivaji Intl. Airport (T2), Mumbai",28.8,26.2,27.2,83,23.4,20.7,253,1009.0,2.8
2023-08-07,66.0,61.0,4.0,3.0,5.0,10.0,"Chhatrapati Shivaji Intl. Airport (T2), Mumbai",29.0,25.9,27.3,83,26.9,21.5,247,1007.3,2.2
2023-08-08,70.0,61.0,4.0,2.0,5.0,10.0,"Chhatrapati Shivaji Intl. Airport (T2), Mumbai",29.0,26.0,27.4,83,24.7,19.4,246,1007.6,2.3
2023-08-09,70.0,59.0,4.0,3.0,5.0,10.0,"Chhatrapati Shivaji Intl. Airport (T2), Mumbai",29.0,25.7,27.2,83,20.2,16.3,251,1009.6,3.0
2023-08-10,68.0,52.0,5.0,3.0,4.0,10.0,"Chhatrapati Shivaji Intl. Airport (T2), Mumbai",28.4,25.9,26.6,85,15.2,13.3,250,1010.4,7.3
2023-08-11,65.0,55.0,5.0,3.0,3.0,10.0,"Chhatrapati Shivaji Intl. Airport (T2), Mumbai",29.0,25.5,27.2,82,15.9,12.3,264,1009.8,3.7
2023-08-12,66.0,50.0,5.0,3.0,3.0,10.0,"Chhatrapati Shivaji Intl. Airport (T2), Mumbai",27.2,24.1,25.9,86,18.8,11.2,251,1009.8,5.4
2023-08-13,63.0,52.0,5.0,3.0,3.0,10.0,"Chhatrapati Shivaji Intl. Airport (T2), Mumbai",29.2,25.4,27.1,82,24.7,17.8,254,1008.1,5.0
2023-08-14,63.0,41.0,6.0,3.0,3.0,10.0,"Chhatrapati Shivaji Intl. Airport (T2), Mumbai",29.4,25.8,27.4,80,24.8,19.2,239,1008.3,2.6
2023-08-15,56.0,53.0,5.0,3.0,2.0,10.0,"Chhatrapati Shivaji Intl. Airport (T2), Mumbai",28.2,26.2,27.0,83,18.7,14.4,233,1008.9,3.5
2023-08-16,58.0,51.0,4.0,4.0,3.0,10.0,"Chhatrapati Shivaji Intl. Airport (T2), Mumbai",29.0,25.1,27.0,84,20.9,12.6,263,1009.4,4.5
2023-08-17,60.0,49.0,6.0,3.0,3.0,11.0,"Chhatrapati Shivaji Intl. Airport (T2), Mumbai",29.3,25.0,26.8,83,20.7,13.7,285,1009.7,3.5
2023-08-18,54.0,56.0,4.0,4.0,3.0,10.0,"Chhatrapati Shivaji Intl. Airport (T2), Mumbai",28.9,25.6,27.1,81,18.9,13.9,291,1008.3,2.0
2023-08-19,62.0,52.0,5.0,4.0,2.0,8.0,"Chhatrapati Shivaji Intl. Airport (T2), Mumbai",28.7,25.6,26.8,84,19.5,15.1,294,1007.1,4.1
2023-08-20,61.0,49.0,6.0,3.0,2.0,9.0,"Chhatrapati Shivaji Intl. Airport (T2), Mumbai",27.9,25.0,26.1,88,17.1,11.2,296,1007.2,10.5
2023-08-21,60.0,38.0,4.0,3.0,2.0,9.0,"Chhatrapati Shivaji Intl. Airport (T2), Mumbai",28.7,24.6,26.5,86,16.3,10.4,284,1007.6,3.8
2023-08-22,56.0,39.0,4.0,2.0,2.0,8.0,"Chhatrapati Shivaji Intl. Airport (T2), Mumbai",28.7,25.0,26.4,86,18.8,10.2,264,1007.6,6.1
2023-08-23,52.0,35.0,5.0,2.0,2.0,7.0,"Chhatrapati Shivaji Intl. Airport (T2), Mumbai",29.4,25.1,27.2,82,21.1,13.4,246,1007.4,3.8
2023-08-24,50.0,36.0,5.0,2.0,2.0,9.0,"Chhatrapati Shivaji Intl. Airport (T2), Mumbai",28.8,25.6,26.6,85,21.2,14.6,229,1006.6,6.5
2023-08-25,46.0,29.0,5.0,2.0,2.0,9.0,"Chhatrapati Shivaji Intl. Airport (T2), Mumbai",28.5,24.9,26.7,86,19.5,14.7,223,1006.6,6.2
2023-08-26,38.0,27.0,6.0,2.0,2.0,8.0,"Chhatrapati Shivaji Intl. Airport (T2), Mumbai",27.9,24.3,26.1,88,20.2,14.9,228,1008.1,14.3
2023-08-27,46.5,40.0,5.5,4.0,2.0,8.0,"Chhatrapati Shivaji Intl. Airport (T2), Mumbai",27.8,24.1,25.7,89,16.6,10.5,228,1009.3,15.1
2023-08-28,55.0,52.0,5.0,6.0,2.0,8.0,"Chhatrapati Shivaji Intl. Airport (T2), Mumbai",27.5,24.8,25.8,88,17.1,10.7,222,1008.8,4.1
2023-08-29,60.0,64.0,8.0,3.0,2.0,9.0,"Chhatrapati Shivaji Intl. Airport (T2), Mumbai",28.6,24.9,26.5,86,11.1,7.3,246,1008.5,3.6
2023-08-30,72.0,72.0,9.0,5.0,2.0,11.0,"Chhatrapati Shivaji Intl. Airport (T2), Mumbai",29.3,24.4,26.7,86,13.8,6.8,276,1009.1,0.7
2023-08-31,80.0,67.0,11.0,5.0,2.0,9.0,"Chhatrapati Shivaji Intl. Airport (T2), Mumbai",30.0,24.7,27.2,85,15.2,7.3,319,1009.0,0.7
2023-09-01,73.0,57.0,7.0,2.0,2.0,10.0,"Chhatrapati Shivaji Intl. Airport (T2), Mumbai",30.5,24.1,27.1,86,18.8,7.5,323,1008.8,1.2
2023-09-02,69.0,63.0,5.0,2.0,2.0,10.0,"Chhatrapati Shivaji Intl. Airport (T2), Mumbai",28.7,24.9,26.5,89,12.3,5.2,297,1008.8,2.6
2023-09-03,76.0,78.0,5.0,7.0,2.0,10.0,"Chhatrapati Shivaji Intl. Airport (T2), Mumbai",29.1,25.0,26.9,86,17.6,7.7,306,1007.8,10.0
2023-09-04,85.0,67.0,8.0,4.0,2.0,11.0,"Chhatrapati Shivaji Intl. Airport (T2), Mumbai",29.5,23.9,26.9,84,17.7,8.6,313,1006.7,2.2
2023-09-05,79.0,65.0,5.0,4.0,2.0,12.0,"Chhatrapati Shivaji Intl. Airport (T2), Mumbai",29.1,24.7,27.0,83,17.2,10.3,309,1006.1,2.4
2023-09-06,75.0,44.0,6.0,2.0,2.0,12.0,"Chhatrapati Shivaji Intl. Airport (T2), Mumbai",29.9,26.0,27.8,81,17.7,11.2,296,1006.0,1.0
2023-09-07,65.0,49.0,5.0,5.0,2.0,13.0,"Chhatrapati Shivaji Intl. Airport (T2), Mumbai",28.3,25.0,27.0,84,19.7,13.5,283,1005.9,10.2
2023-09-08,67.0,53.0,4.0,3.0,1.0,14.0,"Chhatrapati Shivaji Intl. Airport (T2), Mumbai",28.1,25.6,26.7,89,22.7,16.1,292,1006.2,50.6
2023-09-09,70.0,41.0,4.0,2.0,1.0,11.0,"Chhatrapati Shivaji Intl. Airport (T2), Mumbai",29.0,25.5,26.9,88,18.1,12.2,286,1006.3,15.9
2023-09-10,54.0,48.0,5.0,5.0,1.0,12.0,"Chhatrapati Shivaji Intl. Airport (T2), Mumbai",29.0,25.5,27.1,88,18.4,10.7,259,1006.2,5.5
2023-09-11,60.0,54.0,4.0,2.0,1.0,11.0,"Chhatrapati Shivaji Intl. Airport (T2), Mumbai",28.8,25.0,26.3,88,14.4,9.0,257,1007.1,4.7
2023-09-12,63.0,49.0,4.0,3.0,1.0,12.0,"Chhatrapati Shivaji Intl. Airport (T2), Mumbai",29.1,24.6,26.9,85,19.1,10.1,257,1007.6,4.7
2023-09-13,58.0,42.0,9.0,1.0,1.0,13.0,"Chhatrapati Shivaji Intl. Airport (T2), Mumbai",28.4,25.0,26.5,87,12.8,7.7,245,1007.1,3.6
2023-09-14,59.0,56.0,5.0,3.0,1.0,14.0,"Chhatrapati Shivaji Intl. Airport (T2), Mumbai",28.8,24.0,26.6,86,13.4,8.1,221,1007.3,2.2
2023-09-15,72.0,41.0,4.0,2.0,1.0,12.0,"Chhatrapati Shivaji Intl. Airport (T2), Mumbai",29.3,24.8,27.2,82,16.6,8.7,247,1007.1,2.1
2023-09-16,56.0,38.0,5.0,2.0,1.0,11.0,"Chhatrapati Shivaji Intl. Airport (T2), Mumbai",28.5,25.0,27.0,84,20.6,15.0,256,1006.6,7.3
2023-09-17,56.0,33.0,6.0,3.0,1.0,11.0,"Chhatrapati Shivaji Intl. Airport (T2), Mumbai",29.2,25.3,27.2,82,23.0,18.5,241,1005.6,8.2
2023-09-18,54.0,37.0,7.0,3.0,1.0,11.0,"Chhatrapati Shivaji Intl. Airport (T2), Mumbai",27.2,24.5,25.9,90,22.2,16.3,219,1005.7,30.9
2023-09-19,57.0,28.0,6.0,2.0,1.0,13.0,"Chhatrapati Shivaji Intl. Airport (T2), Mumbai",28.4,25.2,26.3,88,22.3,17.9,205,1007.0,12.3
2023-09-20,53.0,33.0,8.0,3.0,1.0,12.0,"Chhatrapati Shivaji Intl. Airport (T2), Mumbai",28.1,25.5,26.5,89,21.7,16.6,204,1007.6,11.1
2023-09-21,56.0,36.0,5.0,1.0,1.0,14.0,"Chhatrapati Shivaji Intl. Airport (T2), Mumbai",28.1,25.5,26.5,90,16.3,10.3,216,1007.9,20.7
2023-09-22,61.0,49.0,5.0,1.0,1.0,14.0,"Chhatrapati Shivaji Intl. Airport (T2), Mumbai",28.1,24.9,26.4,91,11.5,7.6,180,1008.3,14.9
2023-09-23,65.0,44.0,5.0,1.0,1.0,13.0,"Chhatrapati Shivaji Intl. Airport (T2), Mumbai",28.5,25.1,26.1,91,16.0,6.2,213,1008.9,35.3
2023-09-24,68.0,53.0,5.0,3.0,1.0,14.0,"Chhatrapati Shivaji Intl. Airport (T2), Mumbai",28.1,24.4,26.2,90,11.4,6.6,230,1009.3,15.3
2023-09-25,67.0,57.0,8.0,4.0,1.0,14.0,"Chhatrapati Shivaji Intl. Airport (T2), Mumbai",28.4,24.4,26.3,89,15.0,6.8,268,1008.2,17.7
2023-09-26,75.0,55.0,15.0,5.0,1.0,14.0,"Chhatrapati Shivaji Intl. Airport (T2), Mumbai",29.0,24.2,26.4,89,13.4,6.3,267,1007.9,4.4
2023-09-27,76.0,63.0,19.0,6.0,1.0,16.0,"Chhatrapati Shivaji Intl. Airport (T2), Mumbai",29.1,24.1,26.1,91,17.0,6.9,341,1007.3,21.0
2023-09-28,89.0,63.0,23.0,8.0,1.0,16.0,"Chhatrapati Shivaji Intl. Airport (T2), Mumbai",30.0,24.0,26.6,91,20.2,7.5,343,1006.0,22.6
2023-09-29,84.0,64.0,21.0,8.0,1.0,14.0,"Chhatrapati Shivaji Intl. Airport (T2), Mumbai",30.5,25.6,27.4,91,12.4,6.3,47,1005.4,25.9
2023-09-30,79.0,65.0,30.0,8.0,1.0,15.0,"Chhatrapati Shivaji Intl. Airport (T2), Mumbai",32.5,24.9,27.9,88,15.3,6.8,35,1005.0,13.2
2023-10-01,91.0,76.0,20.0,9.0,1.0,14.0,"Chhatrapati Shivaji Intl. Airport (T2), Mumbai",30.9,26.8,28.4,89,17.5,8.1,289,1005.6,0.8
2023-10-02,95.0,85.0,10.0,8.0,1.0,13.0,"Chhatrapati Shivaji Intl. Airport (T2), Mumbai",29.1,24.1,27.3,87,13.0,8.9,242,1008.9,3.2
2023-10-03,95.0,88.0,21.0,10.0,1.0,14.0,"Chhatrapati Shivaji Intl. Airport (T2), Mumbai",29.6,25.5,27.3,83,12.9,6.7,290,1010.2,0.1
2023-10-04,95.0,92.0,28.0,8.0,1.0,15.0,"Chhatrapati Shivaji Intl. Airport (T2), Mumbai",29.9,23.9,27.1,85,14.5,6.5,286,1010.9,2.9
2023-10-05,96.0,87.0,17.0,9.0,1.0,15.0,"Chhatrapati Shivaji Intl. Airport (T2), Mumbai",30.5,24.1,27.1,86,15.8,8.6,327,1010.5,0.1
2023-10-06,94.0,84.0,20.0,14.0,1.0,12.0,"Chhatrapati Shivaji Intl. Airport (T2), Mumbai",29.9,24.6,27.1,85,16.8,8.5,333,1009.7,0.7
2023-10-07,96.0,88.0,37.0,17.0,1.0,7.0,"Chhatrapati Shivaji Intl. Airport (T2), Mumbai",30.4,24.1,27.0,86,18.1,10.0,349,1009.7,0.2
2023-10-08,103.0,98.0,35.0,20.0,1.0,10.0,"Chhatrapati Shivaji Intl. Airport (T2), Mumbai",31.5,24.6,27.6,84,18.0,10.8,348,1010.5,0.3
2023-10-09,124.0,78.0,23.0,19.0,1.0,8.0,"Chhatrapati Shivaji Intl. Airport (T2), Mumbai",32.3,23.8,27.9,80,16.4,11.0,342,1011.7,0.0
2023-10-10,86.0,65.0,17.0,20.0,1.0,10.0,"Chhatrapati Shivaji Intl. Airport (T2), Mumbai",31.9,23.7,27.7,76,19.4,11.4,347,1011.8,0.0
2023-10-11,67.0,96.0,47.0,24.0,1.0,11.0,"Chhatrapati Shivaji Intl. Airport (T2), Mumbai",31.2,24.9,27.6,81,20.3,12.4,345,1011.7,0.0
2023-10-12,119.0,107.0,59.0,22.0,1.0,12.0,"Chhatrapati Shivaji Intl. Airport (T2), Mumbai",31.5,23.9,27.9,84,16.6,10.5,336,1011.7,0.0
2023-10-13,144.0,110.0,61.0,22.0,1.0,12.0,"Chhatrapati Shivaji Intl. Airport (T2), Mumbai",33.1,25.6,28.7,84,17.2,8.4,335,1012.0,0.0
2023-10-14,146.0,99.0,44.0,21.0,1.0,8.0,"Chhatrapati Shivaji Intl. Airport (T2), Mumbai",32.6,24.9,28.4,85,14.2,7.3,330,1012.0,0.0
2023-10-15,132.0,117.0,42.0,21.0,1.0,11.0,"Chhatrapati Shivaji Intl. Airport (T2), Mumbai",33.4,25.2,28.7,85,19.2,8.6,342,1010.6,0.7
2023-10-16,151.0,114.0,60.0,16.0,4.0,11.0,"Chhatrapati Shivaji Intl. Airport (T2), Mumbai",33.0,23.9,28.6,71,15.5,7.4,347,1010.4,0.0
2023-10-17,150.0,123.0,51.0,8.0,4.0,12.0,"Chhatrapati Shivaji Intl. Airport (T2), Mumbai",32.2,25.0,28.3,75,9.5,6.8,352,1011.6,1.0
2023-10-18,150.0,112.0,66.0,11.0,4.0,11.0,"Chhatrapati Shivaji Intl. Airport (T2), Mumbai",33.8,24.3,28.7,73,18.1,9.0,354,1012.3,0.0
2023-10-19,126.0,120.0,63.0,9.0,4.0,12.0,"Chhatrapati Shivaji Intl. Airport (T2), Mumbai",33.8,24.6,28.8,63,16.1,9.3,350,1012.1,0.0
2023-10-20,145.0,104.0,46.0,8.0,4.0,10.0,"Chhatrapati Shivaji Intl. Airport (T2), Mumbai",34.3,23.8,28.6,67,10.8,7.8,16,1011.8,0.0
2023-10-21,134.0,118.0,29.0,9.0,4.0,12.0,"Chhatrapati Shivaji Intl. Airport (T2), Mumbai",34.9,24.0,29.1,67,12.3,8.0,53,1012.3,0.1
2023-10-22,152.0,125.0,12.0,9.0,4.0,14.0,"Chhatrapati Shivaji Intl. Airport (T2), Mumbai",33.7,23.8,28.7,71,14.5,7.7,350,1012.9,0.0
2023-10-23,154.0,118.0,19.0,8.0,4.0,15.0,"Chhatrapati Shivaji Intl. Airport (T2), Mumbai",34.8,23.8,28.6,67,18.7,8.7,356,1011.7,0.0
2023-10-24,142.0,118.0,22.0,10.0,4.0,14.0,"Chhatrapati Shivaji Intl. Airport (T2), Mumbai",34.4,23.3,28.6,61,16.5,8.5,1,1011.2,0.0
2023-10-25,140.0,113.0,21.0,11.0,4.0,12.0,"Chhatrapati Shivaji Intl. Airport (T2), Mumbai",33.9,22.5,28.0,60,16.4,8.9,356,1012.7,0.0
2023-10-26,133.0,113.0,22.0,7.0,1.0,11.0,"Chhatrapati Shivaji Intl. Airport (T2), Mumbai",34.1,22.8,27.8,58,19.9,9.3,3,1013.1,0.0
2023-10-27,127.0,132.0,8.0,14.0,1.0,13.0,"Chhatrapati Shivaji Intl. Airport (T2), Mumbai",34.3,21.2,27.5,55,20.7,10.5,6,1011.7,0.0
2023-10-28,148.0,110.0,10.0,7.0,1.0,11.0,"Chhatrapati Shivaji Intl. Airport (T2), Mumbai",34.2,21.1,27.2,56,16.6,9.9,15,1011.3,0.0
2023-10-29,135.0,122.0,13.0,13.0,1.0,13.0,"Chhatrapati Shivaji Intl. Airport (T2), Mumbai",34.7,21.4,27.3,54,19.1,10.6,26,1010.9,0.0
2023-10-30,141.0,130.0,10.0,14.0,1.0,15.0,"Chhatrapati Shivaji Intl. Airport (T2), Mumbai",34.8,21.1,27.4,59,14.7,7.6,27,1010.8,0.0
2023-10-31,153.0,120.0,8.0,10.0,1.0,14.0,"Chhatrapati Shivaji Intl. Airport (T2), Mumbai",34.6,21.6,27.9,59,14.9,8.2,18,1011.4,0.0
2023-11-01,145.0,125.0,8.0,9.0,1.0,13.0,"Chhatrapati Shivaji Intl. Airport (T2), Mumbai",34.0,22.2,27.5,58,14.8,8.9,5,1012.2,0.0
2023-11-02,147.0,126.0,7.0,9.0,1.0,13.0,"Chhatrapati Shivaji Intl. Airport (T2), Mumbai",34.0,21.9,27.5,58,17.2,9.8,4,1011.4,0.0
2023-11-03,150.0,129.0,7.0,6.0,1.0,13.0,"Chhatrapati Shivaji Intl. Airport (T2), Mumbai",34.5,22.6,27.9,57,19.9,11.3,11,1009.7,0.0
2023-11-04,144.0,122.0,8.0,11.0,1.0,14.0,"Chhatrapati Shivaji Intl. Airport (T2), Mumbai",35.3,23.6,28.5,54,14.6,8.8,31,1009.2,0.0
2023-11-05,150.0,132.0,9.0,13.0,1.0,14.0,"Chhatrapati Shivaji Intl. Airport (T2), Mumbai",35.1,22.8,28.8,59,15.5,9.2,17,1010.7,0.0
2023-11-06,155.0,123.0,7.0,9.0,1.0,14.0,"Chhatrapati Shivaji Intl. Airport (T2), Mumbai",35.3,22.9,28.5,56,17.1,9.6,22,1011.8,0.0
2023-11-07,149.0,111.0,2.0,5.0,1.0,12.0,"Chhatrapati Shivaji Intl. Airport (T2), Mumbai",34.2,22.1,27.6,56,19.1,9.6,1,1011.8,0.0
2023-11-08,127.0,92.0,5.0,10.0,1.0,10.0,"Chhatrapati Shivaji Intl. Airport (T2), Mumbai",32.7,23.7,27.9,69,20.2,9.0,195,1011.7,0.0
2023-11-09,116.0,74.0,5.0,6.0,1.0,8.0,"Chhatrapati Shivaji Intl. Airport (T2), Mumbai",33.5,24.0,28.4,76,13.7,6.0,338,1012.2,0.0
2023-11-10,89.0,88.0,5.111111111111111,6.222222222222222,1.0,11.0,"Chhatrapati Shivaji Intl. Airport (T2), Mumbai",33.0,24.8,28.2,73,13.8,7.1,82,1013.5,1.1
2023-11-11,111.0,88.25,5.222222222222222,6.444444444444445,1.0,11.25,"Chhatrapati Shivaji Intl. Airport (T2), Mumbai",35.0,24.0,29.1,64,18.5,9.6,10,1013.7,0.0
2023-11-18,100.5,90.0,6.0,8.0,1.0,13.0,"Chhatrapati Shivaji Intl. Airport (T2), Mumbai",33.7,21.1,26.7,62,13.8,8.3,5,1012.0,0.0
2023-11-19,99.0,81.0,2.0,8.666666666666666,1.0,17.0,"Chhatrapati Shivaji Intl. Airport (T2), Mumbai",32.3,20.8,26.9,63,17.5,9.5,348,1012.0,0.0
2023-11-20,86.0,82.0,5.5,9.333333333333334,1.0,11.5,"Chhatrapati Shivaji Intl. Airport (T2), Mumbai",34.2,23.5,28.0,61,16.0,8.3,348,1012.2,0.0
2023-11-21,83.5,83.0,9.0,10.0,1.0,6.0,"Chhatrapati Shivaji Intl. Airport (T2), Mumbai",34.2,24.2,28.6,59,20.2,10.2,359,1012.1,0.0
2023-11-22,81.0,92.0,11.0,7.0,1.0,10.0,"Chhatrapati Shivaji Intl. Airport (T2), Mumbai",33.6,23.2,27.7,50,18.4,11.3,3,1011.4,0.0
2023-11-23,100.0,136.0,7.0,9.5,1.0,21.0,"Chhatrapati Shivaji Intl. Airport (T2), Mumbai",33.2,22.0,27.1,54,18.1,10.2,352,1009.7,0.0
2023-11-24,151.0,78.0,3.0,12.0,1.0,11.0,"Chhatrapati Shivaji Intl. Airport (T2), Mumbai",34.4,21.9,27.6,60,15.2,8.2,12,1009.6,0.0
2023-11-25,83.0,76.0,2.6666666666666665,5.0,1.0,10.0,"Chhatrapati Shivaji Intl. Airport (T2), Mumbai",33.5,23.1,27.9,67,12.0,8.9,58,1011.4,0.0
2023-11-26,84.0,40.0,2.333333333333333,5.5,1.0,5.0,"Chhatrapati Shivaji Intl. Airport (T2), Mumbai",31.1,23.9,27.0,78,19.0,7.6,213,1011.8,2.4
2023-11-27,41.0,57.0,2.0,6.0,1.0,7.0,"Chhatrapati Shivaji Intl. Airport (T2), Mumbai",30.3,23.4,26.1,77,14.9,7.1,332,1011.3,0.9
2023-11-28,59.0,90.0,3.0,9.0,1.0,9.0,"Chhatrapati Shivaji Intl. Airport (T2), Mumbai",30.0,22.9,25.8,73,16.6,9.7,336,1010.4,0.0
2023-11-29,75.0,78.0,5.0,11.0,3.0,8.0,"Chhatrapati Shivaji Intl. Airport (T2), Mumbai",28.8,20.5,24.6,72,15.3,8.8,333,1011.3,0.0
2023-11-30,87.0,104.0,6.0,4.0,8.0,11.0,"Chhatrapati Shivaji Intl. Airport (T2), Mumbai",29.7,20.5,24.7,79,17.8,9.3,337,1011.8,0.0
2023-12-01,131.0,102.0,5.0,10.0,8.0,12.0,"Chhatrapati Shivaji Intl. Airport (T2), Mumbai",29.6,21.6,25.0,80,15.8,8.0,332,1011.6,0.3
2023-12-02,122.0,105.0,7.0,10.0,9.0,13.0,"Chhatrapati Shivaji Intl. Airport (T2), Mumbai",31.6,20.5,25.7,77,14.8,7.3,345,1010.3,0.0
2023-12-03,122.0,98.0,5.0,9.0,8.0,12.0,"Chhatrapati Shivaji Intl. Airport (T2), Mumbai",33.3,23.4,27.4,68,17.0,9.5,357,1010.5,0.0
2023-12-04,122.0,103.0,5.0,6.0,9.0,12.0,"Chhatrapati Shivaji Intl. Airport (T2), Mumbai",33.2,23.4,27.6,70,19.7,10.4,345,1009.8,0.3
2023-12-05,130.0,103.0,5.5,7.0,8.5,9.0,"Chhatrapati Shivaji Intl. Airport (T2), Mumbai",32.8,24.6,27.7,65,19.4,12.3,353,1008.8,0.0
2023-12-06,130.0,103.0,6.0,8.0,8.0,6.0,"Chhatrapati Shivaji Intl. Airport (T2), Mumbai",31.5,23.0,26.6,66,18.8,10.2,355,1009.9,0.0
2023-12-07,130.0,85.0,4.0,10.0,8.0,10.0,"Chhatrapati Shivaji Intl. Airport (T2), Mumbai",31.3,22.2,26.0,67,17.5,10.9,356,1010.8,0.0
2023-12-08,99.0,93.0,5.0,10.0,8.0,12.0,"Chhatrapati Shivaji Intl. Airport (T2), Mumbai",31.8,21.1,26.0,66,18.8,10.2,355,1011.4,0.0
2023-12-09,105.0,88.0,5.0,10.0,8.0,12.0,"Chhatrapati Shivaji Intl. Airport (T2), Mumbai",32.3,21.5,26.2,63,18.4,10.3,358,1012.3,0.0
2023-12-10,101.0,91.0,3.0,7.0,9.0,14.0,"Chhatrapati Shivaji Intl. Airport (T2), Mumbai",32.8,21.8,26.4,62,16.3,9.8,358,1011.3,0.0
2023-12-11,109.0,95.0,8.0,8.0,9.0,11.0,"Chhatrapati Shivaji Intl. Airport (T2), Mumbai",32.2,21.1,26.4,58,16.6,10.5,352,1011.7,0.0
2023-12-12,110.0,97.5,8.0,10.5,9.0,11.0,"Chhatrapati Shivaji Intl. Airport (T2), Mumbai",31.2,20.4,25.3,58,18.8,10.5,346,1011.1,0.0
2023-12-13,112.0,100.0,8.0,13.0,9.0,11.0,"Chhatrapati Shivaji Intl. Airport (T2), Mumbai",30.9,19.5,24.9,62,17.4,8.9,346,1011.7,0.0
2023-12-14,114.0,129.0,1.0,13.0,10.0,19.0,"Chhatrapati Shivaji Intl. Airport (T2), Mumbai",32.5,20.4,26.0,59,11.6,7.5,51,1012.8,0.0
2023-12-15,145.0,103.0,7.0,13.0,10.0,14.0,"Chhatrapati Shivaji Intl. Airport (T2), Mumbai",31.9,20.6,25.9,53,15.1,9.3,16,1013.9,0.0
2023-12-16,117.0,97.0,7.0,6.0,9.0,10.0,"Chhatrapati Shivaji Intl. Airport (T2), Mumbai",31.7,19.4,25.1,56,18.8,10.8,9,1013.4,0.0
2023-12-17,115.0,97.0,9.0,4.0,9.0,9.0,"Chhatrapati Shivaji Intl. Airport (T2), Mumbai",32.1,20.7,25.7,56,17.7,11.0,19,1012.4,0.0
2023-12-18,113.0,97.0,6.0,4.0,9.0,9.0,"Chhatrapati Shivaji Intl. Airport (T2), Mumbai",32.9,22.8,27.0,51,16.7,12.0,59,1013.0,0.0
2023-12-19,117.0,86.0,7.0,2.0,10.0,10.0,"Chhatrapati Shivaji Intl. Airport (T2), Mumbai",32.6,23.6,26.9,52,15.8,11.8,46,1013.9,0.0
2023-12-20,96.0,143.0,7.0,15.0,9.0,16.0,"Chhatrapati Shivaji Intl. Airport (T2), Mumbai",32.6,21.0,25.7,48,17.1,10.1,27,1014.0,0.0
2023-12-21,149.0,127.0,5.0,19.0,11.0,23.0,"Chhatrapati Shivaji Intl. Airport (T2), Mumbai",33.0,21.5,26.2,53,16.1,10.0,15,1012.9,0.0
2023-12-22,135.0,82.0,8.0,11.0,11.0,17.0,"Chhatrapati Shivaji Intl. Airport (T2), Mumbai",31.5,20.7,25.7,63,12.5,7.6,350,1013.0,0.0
2023-12-23,84.0,85.0,10.0,11.0,11.0,18.0,"Chhatrapati Shivaji Intl. Airport (T2), Mumbai",33.1,20.5,25.9,61,18.4,9.7,354,1013.6,0.0
2023-12-24,90.0,74.0,9.0,15.0,10.0,14.0,"Chhatrapati Shivaji Intl. Airport (T2), Mumbai",32.8,19.8,25.4,55,15.1,8.1,1,1014.8,0.0
2023-12-25,80.0,93.0,11.0,15.0,11.0,22.0,"Chhatrapati Shivaji Intl. Airport (T2), Mumbai",32.8,18.9,25.0,54,16.0,9.5,5,1014.8,0.0
2023-12-26,101.0,95.0,6.0,13.0,11.0,23.0,"Chhatrapati Shivaji Intl. Airport (T2), Mumbai",33.1,18.9,25.4,55,13.6,8.6,356,1014.8,0.0
2023-12-27,102.0,111.0,8.0,14.0,11.0,21.0,"Chhatrapati Shivaji Intl. Airport (T2), Mumbai",33.8,19.8,26.0,55,16.9,10.5,356,1014.9,0.0
2023-12-28,143.0,96.0,8.0,9.0,11.0,19.0,"Chhatrapati Shivaji Intl. Airport (T2), Mumbai",32.3,20.0,25.7,61,15.7,9.6,355,1013.3,0.0
2023-12-29,108.0,95.0,2.0,11.5,12.0,24.0,"Chhatrapati Shivaji Intl. Airport (T2), Mumbai",33.1,20.3,25.7,64,13.6,8.0,350,1013.3,0.0
2023-12-30,100.0,74.0,8.0,14.0,11.0,13.0,"Chhatrapati Shivaji Intl. Airport (T2), Mumbai",32.0,19.5,25.1,69,14.0,8.2,347,1013.0,0.0
2023-12-31,78.0,80.0,9.0,14.0,10.0,16.0,"Chhatrapati Shivaji Intl. Airport (T2), Mumbai",31.9,19.5,25.3,64,14.4,8.4,346,1012.5,0.0
2024-01-01,90.0,82.0,7.0,12.0,10.0,14.0,"Chhatrapati Shivaji Intl. Airport (T2), Mumbai",31.6,20.0,25.2,66,15.9,9.0,344,1012.7,0.0
2024-01-02,92.0,81.0,6.0,8.0,10.0,14.0,"Chhatrapati Shivaji Intl. Airport (T2), Mumbai",31.0,19.9,24.7,67,20.0,10.4,340,1012.2,0.0
2024-01-03,89.0,92.0,4.0,9.0,10.0,18.0,"Chhatrapati Shivaji Intl. Airport (T2), Mumbai",30.1,19.4,24.2,65,18.7,10.9,339,1011.6,0.0
2024-01-04,108.0,82.0,5.0,14.0,10.0,14.0,"Chhatrapati Shivaji Intl. Airport (T2), Mumbai",28.9,19.0,23.4,75,18.6,12.3,336,1012.0,0.0
2024-01-05,90.0,87.0,1.0,11.0,10.0,16.0,"Chhatrapati Shivaji Intl. Airport (T2), Mumbai",29.8,18.0,23.1,73,17.6,10.0,343,1012.3,0.0
2024-01-06,96.0,82.0,5.0,7.0,10.0,17.0,"Chhatrapati Shivaji Intl. Airport (T2), Mumbai",31.8,19.4,25.0,61,21.4,12.8,341,1012.0,0.0
2024-01-07,92.0,67.0,5.0,10.0,9.0,12.0,"Chhatrapati Shivaji Intl. Airport (T2), Mumbai",31.7,20.9,25.3,64,17.3,9.8,357,1012.1,0.0
2024-01-08,69.0,117.0,2.0,3.0,10.0,15.0,"Chhatrapati Shivaji Intl. Airport (T2), Mumbai",32.8,21.5,26.6,57,17.6,11.0,9,1012.1,0.0
2024-01-09,125.0,47.0,4.0,15.0,10.0,8.0,"Chhatrapati Shivaji Intl. Airport (T2), Mumbai",30.7,22.8,26.2,70,12.7,7.0,329,1012.8,0.7
2024-01-10,47.0,70.0,5.0,2.0,10.0,10.0,"Chhatrapati Shivaji Intl. Airport (T2), Mumbai",30.5,21.9,25.7,71,11.5,7.8,34,1013.1,0.7
2024-01-11,77.0,74.0,6.0,6.0,11.0,15.0,"Chhatrapati Shivaji Intl. Airport (T2), Mumbai",32.8,22.5,27.0,66,17.6,10.7,355,1013.3,0.8
2024-01-12,77.0,83.0,5.0,13.0,11.0,19.0,"Chhatrapati Shivaji Intl. Airport (T2), Mumbai",34.2,22.8,27.5,61,18.3,10.7,358,1012.6,0.0
2024-01-13,89.0,77.0,4.0,11.5,11.0,19.0,"Chhatrapati Shivaji Intl. Airport (T2), Mumbai",32.9,20.6,26.6,62,18.4,10.5,346,1013.5,0.0
2024-01-14,76.0,47.0,3.0,10.0,9.0,6.0,"Chhatrapati Shivaji Intl. Airport (T2), Mumbai",32.7,21.2,26.3,50,19.7,12.0,347,1014.2,0.0
2024-01-15,33.0,59.0,7.0,11.0,9.0,9.0,"Chhatrapati Shivaji Intl. Airport (T2), Mumbai",30.0,20.0,24.6,42,20.9,12.7,351,1014.1,0.0
2024-01-16,56.0,62.0,5.0,9.0,9.0,10.0,"Chhatrapati Shivaji Intl. Airport (T2), Mumbai",28.4,17.7,22.4,57,17.4,10.2,342,1012.1,0.0
2024-01-17,64.0,64.0,3.0,11.0,9.0,10.0,"Chhatrapati Shivaji Intl. Airport (T2), Mumbai",27.5,16.5,22.0,65,15.5,9.3,338,1011.6,0.0
2024-01-18,66.0,76.0,1.0,8.0,9.0,12.0,"Chhatrapati Shivaji Intl. Airport (T2), Mumbai",27.9,17.0,22.2,66,17.1,9.3,340,1012.9,0.0
2024-01-19,83.0,106.0,7.0,15.0,9.0,15.0,"Chhatrapati Shivaji Intl. Airport (T2), Mumbai",27.7,16.7,22.1,70,13.2,8.2,343,1012.7,0.0
2024-01-20,128.0,74.0,6.0,7.0,9.0,12.0,"Chhatrapati Shivaji Intl. Airport (T2), Mumbai",28.4,18.1,22.8,65,21.9,12.2,343,1013.8,0.0
2024-01-21,77.0,74.0,9.0,16.0,9.0,12.0,"Chhatrapati Shivaji Intl. Airport (T2), Mumbai",30.2,17.5,23.8,52,18.4,10.7,352,1013.4,0.0
2024-01-22,81.0,71.0,4.0,10.0,9.0,11.0,"Chhatrapati Shivaji Intl. Airport (T2), Mumbai",29.8,17.2,23.2,53,18.3,9.8,341,1014.0,0.0
2024-01-23,67.0,67.0,6.0,6.0,9.0,11.0,"Chhatrapati Shivaji Intl. Airport (T2), Mumbai",29.7,19.4,23.7,39,24.9,16.4,350,1014.5,0.0
2024-01-24,65.0,66.0,7.0,13.0,9.0,10.0,"Chhatrapati Shivaji Intl. Airport (T2), Mumbai",30.5,18.5,23.8,39,21.3,14.7,355,1014.0,0.0
2024-01-25,64.0,72.0,9.0,14.0,10.0,16.0,"Chhatrapati Shivaji Intl. Airport (T2), Mumbai",31.1,18.0,23.7,43,15.6,10.1,358,1014.9,0.0
2024-01-26,75.0,67.0,5.0,11.5,9.0,15.0,"Chhatrapati Shivaji Intl. Airport (T2), Mumbai",32.0,17.0,23.8,48,15.7,9.4,353,1015.7,0.0
2024-01-27,71.0,74.0,5.0,9.0,11.0,16.0,"Chhatrapati Shivaji Intl. Airport (T2), Mumbai",32.7,18.3,24.8,47,16.2,10.6,359,1015.9,0.0
2024-01-28,73.0,76.0,7.0,5.0,10.0,16.0,"Chhatrapati Shivaji Intl. Airport (T2), Mumbai",32.7,17.5,24.8,47,18.3,10.9,351,1015.5,0.0
2024-01-29,80.0,76.0,9.0,3.0,10.0,16.0,"Chhatrapati Shivaji Intl. Airport (T2), Mumbai",32.0,19.7,25.2,43,22.4,13.1,342,1015.4,0.0
2024-01-30,77.0,69.0,5.0,12.0,9.0,12.0,"Chhatrapati Shivaji Intl. Airport (T2), Mumbai",31.4,19.5,24.6,49,20.4,12.4,340,1014.5,0.0
2024-01-31,69.0,64.0,1.0,4.0,9.0,14.0,"Chhatrapati Shivaji Intl. Airport (T2), Mumbai",29.5,19.2,23.7,64,19.4,11.7,334,1014.4,0.0
2024-02-01,66.0,53.0,6.0,8.5,9.0,9.0,"Chhatrapati Shivaji Intl. Airport (T2), Mumbai",28.2,18.9,22.9,70,20.4,10.8,331,1015.4,0.0
2024-02-02,49.0,85.0,1.0,13.0,9.0,13.0,"Chhatrapati Shivaji Intl. Airport (T2), Mumbai",30.1,18.9,23.7,68,21.1,12.3,346,1015.4,0.0
2024-02-03,81.0,84.0,9.0,14.0,9.0,18.0,"Chhatrapati Shivaji Intl. Airport (T2), Mumbai",34.2,20.0,26.4,49,22.2,11.7,358,1014.3,0.0
2024-02-04,87.0,81.0,5.0,14.0,10.0,19.0,"Chhatrapati Shivaji Intl. Airport (T2), Mumbai",33.5,20.0,26.2,55,13.1,7.9,340,1015.2,0.0
2024-02-05,83.0,83.0,4.0,9.0,10.0,19.0,"Chhatrapati Shivaji Intl. Airport (T2), Mumbai",32.2,21.7,26.3,54,18.6,12.4,335,1015.7,0.0
2024-02-06,83.0,76.0,5.0,13.0,9.0,10.0,"Chhatrapati Shivaji Intl. Airport (T2), Mumbai",32.0,21.1,25.8,57,19.9,12.9,336,1015.5,0.0
2024-02-07,74.0,72.0,4.0,10.0,9.0,12.0,"Chhatrapati Shivaji Intl. Airport (T2), Mumbai",32.4,21.4,26.1,58,24.0,15.9,340,1016.0,0.0
2024-02-08,72.0,76.0,5.0,11.0,9.0,14.0,"Chhatrapati Shivaji Intl. Airport (T2), Mumbai",32.2,20.9,25.8,53,24.5,14.9,343,1015.1,0.0
2024-02-09,75.0,72.0,8.0,12.0,8.0,12.0,"Chhatrapati Shivaji Intl. Airport (T2), Mumbai",31.0,18.6,24.6,52,23.1,13.6,336,1014.7,0.0
2024-02-10,68.0,72.0,9.0,14.0,9.0,13.0,"Chhatrapati Shivaji Intl. Airport (T2), Mumbai",30.9,20.1,24.7,41,24.4,14.2,339,1015.7,0.0
2024-02-11,71.0,81.0,10.0,7.0,9.0,18.0,"Chhatrapati Shivaji Intl. Airport (T2), Mumbai",31.0,18.2,24.1,45,22.2,13.1,338,1015.9,0.0
2024-02-12,84.0,72.0,5.0,15.0,9.0,15.0,"Chhatrapati Shivaji Intl. Airport (T2), Mumbai",31.5,17.9,24.3,53,15.0,10.2,334,1015.3,0.0
2024-02-13,77.0,77.0,8.0,13.0,8.0,12.0,"Chhatrapati Shivaji Intl. Airport (T2), Mumbai",31.8,19.8,24.9,42,22.3,13.3,340,1015.2,0.0
2024-02-14,75.0,80.0,8.0,11.0,9.0,14.0,"Chhatrapati Shivaji Intl. Airport (T2), Mumbai",33.0,20.5,25.6,39,23.7,15.2,342,1014.6,0.0
2024-02-15,85.0,97.0,6.0,17.0,9.0,21.0,"Chhatrapati Shivaji Intl. Airport (T2), Mumbai",32.7,20.0,25.9,44,20.9,12.9,341,1013.6,0.0
2024-02-16,99.0,95.0,6.0,15.0,10.0,24.0,"Chhatrapati Shivaji Intl. Airport (T2), Mumbai",34.5,19.6,26.2,56,17.2,8.1,317,1013.4,0.0
2024-02-17,98.0,62.0,2.0,15.0,9.0,11.0,"Chhatrapati Shivaji Intl. Airport (T2), Mumbai",33.5,19.6,26.3,58,14.5,8.0,321,1012.4,0.0
2024-02-18,63.0,65.0,4.0,10.0,10.0,14.0,"Chhatrapati Shivaji Intl. Airport (T2), Mumbai",34.8,20.6,26.8,55,21.7,11.4,335,1011.5,0.0
2024-02-19,62.0,62.0,3.0,13.0,9.0,9.0,"Chhatrapati Shivaji Intl. Airport (T2), Mumbai",32.3,19.4,25.8,50,20.6,12.6,334,1012.3,0.0
2024-02-20,51.0,41.0,2.0,7.0,9.0,9.0,"Chhatrapati Shivaji Intl. Airport (T2), Mumbai",31.5,20.3,25.4,62,25.3,13.5,338,1013.2,0.0
2024-02-21,35.0,51.0,3.0,8.0,8.0,9.0,"Chhatrapati Shivaji Intl. Airport (T2), Mumbai",28.8,19.2,24.0,76,19.3,10.0,319,1013.2,0.1
2024-02-22,49.0,57.0,3.0,3.0,8.0,11.0,"Chhatrapati Shivaji Intl. Airport (T2), Mumbai",28.6,20.5,24.2,78,19.6,11.4,325,1013.6,0.2
2024-02-23,54.0,67.0,7.0,5.0,9.0,13.0,"Chhatrapati Shivaji Intl. Airport (T2), Mumbai",30.1,18.6,24.4,63,24.9,13.4,346,1013.3,0.0
2024-02-24,64.0,77.0,9.0,14.0,9.0,17.0,"Chhatrapati Shivaji Intl. Airport (T2), Mumbai",31.8,19.6,24.8,35,27.8,16.2,348,1012.5,0.0
2024-02-25,71.0,82.0,12.0,8.0,9.0,21.0,"Chhatrapati Shivaji Intl. Airport (T2), Mumbai",34.3,18.8,25.6,29,19.0,11.9,352,1010.8,0.0
2024-02-26,83.0,88.0,7.0,13.0,10.0,22.0,"Chhatrapati Shivaji Intl. Airport (T2), Mumbai",34.8,18.5,26.3,47,17.3,9.1,303,1010.2,0.0
2024-02-27,90.0,75.0,7.0,28.0,10.0,14.0,"Chhatrapati Shivaji Intl. Airport (T2), Mumbai",34.0,20.9,27.4,51,21.4,11.0,331,1011.9,0.0
2024-02-28,71.0,74.0,8.0,21.0,10.0,15.0,"Chhatrapati Shivaji Intl. Airport (T2), Mumbai",35.2,22.5,27.9,41,21.9,10.7,334,1011.4,0.0
2024-02-29,74.0,105.0,9.0,15.0,11.0,18.0,"Chhatrapati Shivaji Intl. Airport (T2), Mumbai",34.4,22.5,28.2,53,19.0,10.6,326,1010.9,0.0
2024-03-01,102.0,49.0,2.0,7.0,12.0,8.0,"Chhatrapati Shivaji Intl. Airport (T2), Mumbai",33.8,23.1,27.4,60,19.6,11.6,323,1012.1,0.0
2024-03-02,51.0,48.0,3.0,8.0,10.0,6.0,"Chhatrapati Shivaji Intl. Airport (T2), Mumbai",30.1,22.0,25.9,77,19.4,9.9,301,1012.9,0.0
2024-03-03,41.0,48.0,5.0,11.0,9.0,8.0,"Chhatrapati Shivaji Intl. Airport (T2), Mumbai",28.0,20.5,24.5,73,18.9,14.4,324,1013.5,0.2
2024-03-04,40.0,73.0,8.0,13.0,9.0,13.0,"Chhatrapati Shivaji Intl. Airport (T2), Mumbai",28.4,18.0,22.8,62,21.2,12.8,340,1013.8,0.0
2024-03-05,72.0,76.0,9.0,19.0,10.0,17.0,"Chhatrapati Shivaji Intl. Airport (T2), Mumbai",30.5,17.5,23.8,46,23.0,11.5,337,1012.9,0.0
2024-03-06,74.0,72.0,8.0,15.0,10.0,14.0,"Chhatrapati Shivaji Intl. Airport (T2), Mumbai",31.0,18.3,24.4,35,23.7,12.7,334,1012.8,0.0
2024-03-07,71.0,82.0,7.0,13.0,9.0,12.0,"Chhatrapati Shivaji Intl. Airport (T2), Mumbai",32.7,20.0,26.3,39,24.2,14.1,335,1012.2,0.0
2024-03-08,71.0,78.0,9.0,10.0,9.0,15.0,"Chhatrapati Shivaji Intl. Airport (T2), Mumbai",35.0,21.3,27.8,30,27.9,15.4,343,1012.2,0.0
2024-03-09,78.0,102.0,2.0,12.0,9.0,15.0,"Chhatrapati Shivaji Intl. Airport (T2), Mumbai",35.0,20.6,27.8,31,23.2,13.7,337,1012.1,0.0
2024-03-10,76.0,92.0,2.0,4.0,9.0,17.0,"Chhatrapati Shivaji Intl. Airport (T2), Mumbai",32.8,21.0,26.8,36,21.1,14.7,328,1013.2,0.0
2024-03-11,82.0,82.0,9.0,15.0,11.0,12.0,"Chhatrapati Shivaji Intl. Airport (T2), Mumbai",34.5,20.4,27.4,47,25.5,14.9,334,1014.3,0.0
2024-03-12,73.0,65.0,3.0,12.0,9.0,10.0,"Chhatrapati Shivaji Intl. Airport (T2), Mumbai",34.8,21.9,28.0,45,22.2,13.6,337,1013.5,0.0
2024-03-13,59.0,51.0,4.0,4.0,9.0,9.0,"Chhatrapati Shivaji Intl. Airport (T2), Mumbai",31.5,21.6,26.3,64,24.2,14.7,330,1013.3,0.0
2024-03-14,150.0,67.0,6.5,9.0,9.0,9.0,"Chhatrapati Shivaji Intl. Airport (T2), Mumbai",31.0,20.8,25.5,71,23.9,13.5,332,1013.5,0.0
2024-03-15,112.0,83.0,9.0,14.0,9.0,9.0,"Chhatrapati Shivaji Intl. Airport (T2), Mumbai",30.0,19.8,24.4,74,16.9,10.1,322,1012.6,0.0
2024-03-16,74.0,68.0,6.0,13.5,8.0,8.5,"Chhatrapati Shivaji Intl. Airport (T2), Mumbai",30.4,19.0,24.5,75,20.2,11.0,321,1012.4,0.0
2024-03-17,68.0,65.0,3.0,13.0,9.0,8.0,"Chhatrapati Shivaji Intl. Airport (T2), Mumbai",31.6,20.0,25.2,75,18.8,10.0,319,1012.4,0.0
2024-03-18,63.0,73.0,6.0,10.0,10.0,9.0,"Chhatrapati Shivaji Intl. Airport (T2), Mumbai",31.5,21.9,25.9,79,17.6,9.0,302,1012.2,0.0
2024-03-19,68.0,83.0,8.0,13.0,11.0,16.0,"Chhatrapati Shivaji Intl. Airport (T2), Mumbai",33.0,22.0,26.6,68,21.4,11.0,329,1012.0,0.0
2024-03-20,76.0,87.0,10.0,12.0,10.0,16.0,"Chhatrapati Shivaji Intl. Airport (T2), Mumbai",38.0,21.2,29.0,31,22.4,13.8,345,1010.9,0.0
2024-03-21,82.0,72.0,3.0,12.0,10.0,15.0,"Chhatrapati Shivaji Intl. Airport (T2), Mumbai",37.8,22.3,29.6,27,18.9,10.0,344,1009.4,0.0
2024-03-22,75.0,65.0,5.0,9.0,9.0,12.0,"Chhatrapati Shivaji Intl. Airport (T2), Mumbai",33.8,22.0,27.2,68,18.0,9.6,262,1009.3,0.0
2024-03-23,66.0,55.0,2.0,5.0,9.0,9.0,"Chhatrapati Shivaji Intl. Airport (T2), Mumbai",33.2,20.7,26.8,68,18.7,10.3,319,1009.5,0.0
2024-03-24,56.0,58.0,4.0,4.0,9.0,14.0,"Chhatrapati Shivaji Intl. Airport (T2), Mumbai",31.8,21.3,26.7,75,18.9,11.7,322,1010.9,0.0
2024-03-25,64.0,51.0,3.0,6.0,9.0,9.0,"Chhatrapati Shivaji Intl. Airport (T2), Mumbai",32.5,22.2,27.3,73,20.3,12.8,328,1011.3,0.0
2024-03-26,50.0,52.0,1.0,5.0,9.0,8.0,"Chhatrapati Shivaji Intl. Airport (T2), Mumbai",34.2,21.1,27.5,71,22.2,11.7,324,1011.0,0.0
2024-03-27,56.0,88.0,1.0,3.0,9.0,10.0,"Chhatrapati Shivaji Intl. Airport (T2), Mumbai",33.1,22.1,27.4,79,22.3,10.1,309,1012.5,0.0
2024-03-28,102.0,92.0,1.0,1.0,9.0,11.0,"Chhatrapati Shivaji Intl. Airport (T2), Mumbai",33.0,22.7,27.6,78,18.4,9.6,316,1011.2,0.0
2024-03-29,114.0,112.0,1.0,10.0,8.0,10.0,"Chhatrapati Shivaji Intl. Airport (T2), Mumbai",34.7,23.2,28.5,69,19.9,11.2,320,1010.0,0.0
2024-03-30,131.0,102.0,3.0,6.0,9.0,10.0,"Chhatrapati Shivaji Intl. Airport (T2), Mumbai",34.2,23.5,28.4,66,24.0,14.5,327,1011.5,0.0
2024-03-31,111.0,108.0,3.0,7.0,8.0,9.0,"Chhatrapati Shivaji Intl. Airport (T2), Mumbai",34.0,23.6,28.9,55,24.0,15.2,332,1012.3,0.0
2024-04-01,129.0,101.0,3.0,6.0,8.0,9.5,"Chhatrapati Shivaji Intl. Airport (T2), Mumbai",33.8,24.4,28.3,68,20.0,13.6,325,1009.9,0.0
2024-04-02,131.5,94.0,3.0,5.0,8.0,10.0,"Chhatrapati Shivaji Intl. Airport (T2), Mumbai",33.2,21.3,27.3,72,19.0,10.4,317,1008.7,0.0
2024-04-03,134.0,75.0,2.0,1.0,8.0,11.0,"Chhatrapati Shivaji Intl. Airport (T2), Mumbai",33.4,21.5,27.1,70,20.6,10.5,318,1009.6,0.0
2024-04-04,107.0,91.0,4.0,2.0,11.0,8.0,"Chhatrapati Shivaji Intl. Airport (T2), Mumbai",32.9,22.1,27.6,71,21.4,13.5,324,1010.1,0.0
2024-04-05,119.0,87.5,4.0,3.0,10.0,8.0,"Chhatrapati Shivaji Intl. Airport (T2), Mumbai",35.4,23.1,29.2,62,26.7,16.0,330,1009.1,0.0
2024-04-06,106.5,84.0,4.0,4.0,9.0,8.0,"Chhatrapati Shivaji Intl. Airport (T2), Mumbai",36.8,25.8,31.0,44,28.4,18.6,335,1008.0,0.0
2024-04-07,94.0,56.0,2.0,4.0,7.0,9.0,"Chhatrapati Shivaji Intl. Airport (T2), Mumbai",36.5,25.8,30.0,47,26.0,16.4,327,1008.1,0.0
2024-04-08,83.0,75.0,2.0,4.0,8.0,8.0,"Chhatrapati Shivaji Intl. Airport (T2), Mumbai",33.3,21.9,27.7,67,19.8,10.6,316,1008.6,0.0
2024-04-09,103.0,69.0,2.0,7.0,7.0,9.0,"Chhatrapati Shivaji Intl. Airport (T2), Mumbai",34.2,21.7,27.7,74,19.0,10.1,308,1009.0,0.0
2024-04-10,97.0,67.0,3.0,5.0,8.0,9.0,"Chhatrapati Shivaji Intl. Airport (T2), Mumbai",33.3,23.2,27.6,77,20.2,10.8,299,1009.1,0.0
2024-04-11,88.0,62.0,2.5,5.5,8.0,8.0,"Chhatrapati Shivaji Intl. Airport (T2), Mumbai",33.5,22.6,27.8,73,18.8,9.6,308,1009.4,0.0
2024-04-12,81.0,57.0,2.0,6.0,8.0,7.0,"Chhatrapati Shivaji Intl. Airport (T2), Mumbai",33.8,23.1,27.7,67,17.6,10.3,306,1009.4,0.0
2024-04-13,74.0,64.0,2.0,4.0,8.0,8.0,"Chhatrapati Shivaji Intl. Airport (T2), Mumbai",31.5,22.5,26.7,73,17.7,9.5,305,1010.0,0.0
2024-04-14,82.0,86.0,3.0,3.0,11.0,12.0,"Chhatrapati Shivaji Intl. Airport (T2), Mumbai",32.6,21.6,27.3,79,23.8,11.4,320,1010.5,0.0
2024-04-15,117.0,95.0,3.0,9.0,11.0,15.0,"Chhatrapati Shivaji Intl. Airport (T2), Mumbai",36.3,24.4,31.0,65,21.7,12.3,326,1009.7,0.0
2024-04-16,136.0,66.0,3.0,9.0,9.0,8.0,"Chhatrapati Shivaji Intl. Airport (T2), Mumbai",41.3,27.8,34.0,47,21.6,14.0,338,1008.1,0.0
2024-04-17,100.0,75.0,2.0,9.0,8.0,8.0,"Chhatrapati Shivaji Intl. Airport (T2), Mumbai",33.8,27.9,30.8,66,18.2,11.5,223,1008.4,0.0
2024-04-18,109.0,68.0,2.0,8.0,8.0,7.0,"Chhatrapati Shivaji Intl. Airport (T2), Mumbai",34.3,27.0,30.5,73,21.3,11.1,276,1008.1,0.0
2024-04-19,92.0,85.0,2.0,4.0,7.0,8.0,"Chhatrapati Shivaji Intl. Airport (T2), Mumbai",35.7,26.5,30.9,64,26.7,12.4,307,1006.6,0.0
2024-04-20,118.0,60.0,2.0,9.0,7.0,7.0,"Chhatrapati Shivaji Intl. Airport (T2), Mumbai",35.7,26.1,30.5,59,27.0,14.0,326,1007.1,0.0
2024-04-21,74.0,62.0,2.0,10.0,6.0,7.0,"Chhatrapati Shivaji Intl. Airport (T2), Mumbai",34.0,24.3,29.6,61,26.0,14.9,327,1007.8,0.0
2024-04-22,76.0,71.0,2.0,8.0,7.0,8.0,"Chhatrapati Shivaji Intl. Airport (T2), Mumbai",34.2,25.8,29.7,66,24.4,14.6,325,1008.5,0.0
2024-04-23,92.0,74.0,2.0,6.0,7.0,8.0,"Chhatrapati Shivaji Intl. Airport (T2), Mumbai",34.3,24.2,29.2,68,23.5,13.6,322,1007.4,0.0
2024-04-24,100.0,79.0,1.0,5.0,8.0,7.0,"Chhatrapati Shivaji Intl. Airport (T2), Mumbai",33.8,23.8,29.0,72,22.3,13.2,319,1006.6,0.0
2024-04-25,93.0,82.0,1.5,6.0,8.0,8.0,"Chhatrapati Shivaji Intl. Airport (T2), Mumbai",34.3,24.6,29.4,68,25.5,14.4,319,1007.0,0.0
2024-04-26,102.5,85.0,2.0,7.0,8.0,9.0,"Chhatrapati Shivaji Intl. Airport (T2), Mumbai",35.2,25.7,30.1,65,22.1,13.9,322,1006.9,0.0
2024-04-27,112.0,103.0,4.0,9.0,8.0,10.0,"Chhatrapati Shivaji Intl. Airport (T2), Mumbai",36.1,26.0,31.0,60,23.4,15.7,329,1006.7,0.0
2024-04-28,129.0,95.0,3.0,7.0,8.0,10.0,"Chhatrapati Shivaji Intl. Airport (T2), Mumbai",39.3,27.0,33.0,47,27.2,17.7,334,1006.5,0.0
2024-04-29,119.0,94.0,3.0,6.0,8.0,9.0,"Chhatrapati Shivaji Intl. Airport (T2), Mumbai",38.2,26.8,32.6,44,26.6,16.8,331,1007.8,0.0
2024-04-30,122.0,76.0,2.0,4.0,8.0,7.0,"Chhatrapati Shivaji Intl. Airport (T2), Mumbai",37.6,25.8,31.8,53,27.0,15.0,325,1006.8,0.0
2024-05-01,99.0,76.0,2.0,5.0,7.0,6.0,"Chhatrapati Shivaji Intl. Airport (T2), Mumbai",34.5,25.0,29.5,64,20.0,11.4,302,1006.0,0.0
2024-05-02,105.0,80.0,2.0,15.0,8.0,7.0,"Chhatrapati Shivaji Intl. Airport (T2), Mumbai",33.4,24.2,28.7,69,20.5,9.3,280,1006.3,0.0
2024-05-03,109.0,66.0,2.0,3.0,7.0,7.0,"Chhatrapati Shivaji Intl. Airport (T2), Mumbai",33.2,23.2,28.0,77,20.2,9.9,303,1007.6,0.0
2024-05-04,86.0,58.0,2.0,10.0,7.0,7.0,"Chhatrapati Shivaji Intl. Airport (T2), Mumbai",33.2,24.0,28.8,80,21.9,11.2,303,1008.3,0.0
2024-05-05,77.0,57.0,1.0,4.0,7.0,6.0,"Chhatrapati Shivaji Intl. Airport (T2), Mumbai",34.7,24.9,29.8,74,23.5,11.6,310,1006.6,0.0
2024-05-06,74.0,62.0,2.0,9.0,7.0,6.0,"Chhatrapati Shivaji Intl. Airport (T2), Mumbai",33.2,25.5,29.2,78,20.7,11.1,305,1007.6,0.0
2024-05-07,78.0,62.0,2.0,5.0,7.0,6.0,"Chhatrapati Shivaji Intl. Airport (T2), Mumbai",33.3,25.5,29.3,77,20.4,11.5,276,1008.5,0.0
2024-05-08,75.0,55.0,1.0,5.0,7.0,6.0,"Chhatrapati Shivaji Intl. Airport (T2), Mumbai",33.0,26.5,29.6,74,24.4,11.4,284,1008.0,0.0
2024-05-09,65.0,58.0,1.0,1.0,7.0,6.0,"Chhatrapati Shivaji Intl. Airport (T2), Mumbai",32.8,26.2,29.6,77,20.3,10.2,294,1007.2,0.0
2024-05-10,79.0,78.0,1.0,3.0,7.0,7.0,"Chhatrapati Shivaji Intl. Airport (T2), Mumbai",33.2,26.1,29.5,76,19.9,11.5,296,1008.3,0.0
2024-05-11,87.0,107.0,1.0,7.0,8.5,8.5,"Chhatrapati Shivaji Intl. Airport (T2), Mumbai",33.5,26.3,29.7,78,23.9,13.2,316,1008.9,0.0
2024-05-12,79.5,136.0,1.0,11.0,10.0,10.0,"Chhatrapati Shivaji Intl. Airport (T2), Mumbai",33.8,27.1,30.3,75,22.4,13.3,319,1008.9,0.0
2024-05-13,72.0,210.0,3.0,4.0,7.0,12.0,"Chhatrapati Shivaji Intl. Airport (T2), Mumbai",34.8,27.5,30.4,73,22.5,10.9,331,1008.4,1.8
2024-05-14,136.0,99.0,1.0,5.666666666666667,9.0,17.0,"Chhatrapati Shivaji Intl. Airport (T2), Mumbai",37.5,27.5,31.3,64,23.7,12.9,319,1007.7,0.0
2024-05-15,147.0,83.0,2.0,7.333333333333334,8.0,8.0,"Chhatrapati Shivaji Intl. Airport (T2), Mumbai",36.0,26.7,31.3,69,21.1,11.4,306,1008.0,0.0
2024-05-16,86.0,61.0,3.0,9.0,8.0,8.0,"Chhatrapati Shivaji Intl. Airport (T2), Mumbai",38.9,27.1,32.3,66,18.1,7.1,267,1008.0,0.1
2024-05-17,82.0,62.0,2.0,5.0,7.0,6.0,"Chhatrapati Shivaji Intl. Airport (T2), Mumbai",36.2,28.3,31.5,67,17.3,9.4,254,1007.2,0.0
2024-05-18,85.0,61.0,2.0,1.0,7.0,6.0,"Chhatrapati Shivaji Intl. Airport (T2), Mumbai",34.7,27.6,31.1,79,17.3,8.5,265,1005.1,0.0
2024-05-19,80.0,46.0,1.0,1.0,7.0,5.0,"Chhatrapati Shivaji Intl. Airport (T2), Mumbai",34.1,26.5,30.8,77,19.3,9.6,261,1003.3,5.6
2024-05-20,63.0,59.0,1.0,2.0,7.0,6.0,"Chhatrapati Shivaji Intl. Airport (T2), Mumbai",35.1,29.1,31.5,74,21.2,12.4,251,1003.7,0.0
2024-05-21,76.0,55.0,4.0,1.0,7.0,6.0,"Chhatrapati Shivaji Intl. Airport (T2), Mumbai",35.3,28.5,31.7,75,21.9,11.4,272,1003.4,0.1
2024-05-22,73.0,55.0,4.0,2.142857142857143,7.0,5.0,"Chhatrapati Shivaji Intl. Airport (T2), Mumbai",34.5,28.9,31.4,77,18.7,12.8,274,1003.0,0.3
2024-05-23,76.0,54.0,4.0,3.2857142857142856,7.0,6.0,"Chhatrapati Shivaji Intl. Airport (T2), Mumbai",34.2,28.0,31.0,78,24.2,11.9,268,1002.2,0.0
2024-05-24,73.0,57.0,4.0,4.428571428571429,7.0,6.0,"Chhatrapati Shivaji Intl. Airport (T2), Mumbai",34.7,28.1,30.9,76,18.4,11.9,266,1002.3,0.2
2024-05-25,74.0,56.0,4.0,6.0,6.0,5.0,"Chhatrapati Shivaji Intl. Airport (T2), Mumbai",33.7,28.5,30.8,73,19.4,14.1,272,1003.6,0.7
2024-05-26,76.0,58.0,4.0,6.0,7.0,5.0,"Chhatrapati Shivaji Intl. Airport (T2), Mumbai",33.4,29.0,31.1,69,21.3,16.5,274,1004.5,0.5
2024-05-27,81.0,55.0,4.0,6.0,7.0,4.0,"Chhatrapati Shivaji Intl. Airport (T2), Mumbai",33.5,29.2,30.8,72,21.3,16.4,268,1004.2,0.5
2024-05-28,72.0,62.0,4.0,6.0,6.0,4.0,"Chhatrapati Shivaji Intl. Airport (T2), Mumbai",33.7,28.9,31.1,70,21.3,17.1,258,1004.5,0.6
2024-05-29,82.0,62.0,5.0,6.0,7.0,5.0,"Chhatrapati Shivaji Intl. Airport (T2), Mumbai",34.0,29.1,31.4,64,23.4,18.4,245,1004.6,0.4
2024-05-30,86.0,55.0,5.0,6.0,7.0,5.0,"Chhatrapati Shivaji Intl. Airport (T2), Mumbai",34.5,29.0,31.6,65,19.2,14.4,259,1005.5,0.2
2024-05-31,72.0,55.0,5.0,6.0,8.0,5.0,"Chhatrapati Shivaji Intl. Airport (T2), Mumbai",34.3,28.0,30.7,79,19.5,11.2,269,1006.3,0.6
2024-06-01,64.0,44.0,5.0,6.0,7.0,5.0,"Chhatrapati Shivaji Intl. Airport (T2), Mumbai",34.0,27.5,30.9,74,18.7,12.0,266,1006.1,0.8
2024-06-02,65.0,62.0,5.0,6.0,8.0,5.0,"Chhatrapati Shivaji Intl. Airport (T2), Mumbai",34.5,28.0,31.2,69,17.9,11.3,271,1006.3,0.3
2024-06-03,79.0,62.0,5.0,6.0,8.0,5.0,"Chhatrapati Shivaji Intl. Airport (T2), Mumbai",34.2,28.6,31.5,70,15.5,9.3,273,1006.5,0.7
2024-06-04,78.0,51.0,42.0,17.0,8.0,6.0,"Chhatrapati Shivaji Intl. Airport (T2), Mumbai",33.5,27.8,30.0,77,15.9,9.1,211,1007.1,4.8
2024-06-05,69.0,54.0,21.5,15.0,6.0,6.0,"Chhatrapati Shivaji Intl. Airport (T2), Mumbai",33.8,26.5,29.5,78,16.5,9.5,213,1007.4,6.7
2024-06-06,72.0,61.0,1.0,22.0,6.0,6.0,"Chhatrapati Shivaji Intl. Airport (T2), Mumbai",34.1,26.5,29.8,78,17.3,7.9,264,1008.0,1.2
2024-06-07,80.0,179.0,1.0,30.0,7.0,6.0,"Chhatrapati Shivaji Intl. Airport (T2), Mumbai",33.5,28.0,30.4,74,18.0,11.6,302,1006.2,1.1
2024-06-08,81.0,37.0,1.0,5.0,7.0,7.0,"Chhatrapati Shivaji Intl. Airport (T2), Mumbai",34.3,26.5,29.9,74,20.0,12.1,305,1005.0,6.3
2024-06-09,65.0,35.0,1.0,10.0,7.0,8.0,"Chhatrapati Shivaji Intl. Airport (T2), Mumbai",31.6,26.0,28.7,81,13.6,8.4,290,1004.9,23.0
2024-06-10,64.0,35.0,4.0,10.0,7.0,7.0,"Chhatrapati Shivaji Intl. Airport (T2), Mumbai",29.8,25.7,27.1,87,14.7,7.5,246,1006.3,33.2
2024-06-11,58.0,36.0,4.0,8.0,6.0,5.0,"Chhatrapati Shivaji Intl. Airport (T2), Mumbai",30.2,25.6,27.7,87,13.5,7.6,246,1006.8,10.8
2024-06-12,54.0,29.0,4.0,7.0,6.0,5.0,"Chhatrapati Shivaji Intl. Airport (T2), Mumbai",30.0,25.6,27.7,86,16.1,10.2,219,1007.6,14.3
2024-06-13,44.0,32.0,4.0,11.0,6.0,6.0,"Chhatrapati Shivaji Intl. Airport (T2), Mumbai",30.0,26.2,27.5,86,17.7,10.5,216,1007.2,13.6
2024-06-14,52.0,36.0,4.0,13.0,7.0,7.0,"Chhatrapati Shivaji Intl. Airport (T2), Mumbai",29.2,25.8,27.0,86,18.3,11.3,200,1006.4,8.6
2024-06-15,53.0,43.0,4.0,7.0,7.0,7.0,"Chhatrapati Shivaji Intl. Airport (T2), Mumbai",29.8,25.8,27.7,83,18.9,14.8,188,1005.6,2.2
2024-06-16,63.0,34.0,4.0,13.0,6.0,4.0,"Chhatrapati Shivaji Intl. Airport (T2), Mumbai",31.0,26.1,28.5,81,15.0,9.8,210,1005.8,1.4
2024-06-17,56.0,51.0,4.0,1.0,7.0,10.0,"Chhatrapati Shivaji Intl. Airport (T2), Mumbai",31.5,26.5,28.3,83,18.6,11.7,202,1006.1,7.4
2024-06-18,70.0,41.0,4.0,6.0,7.0,6.0,"Chhatrapati Shivaji Intl. Airport (T2), Mumbai",29.8,26.1,27.3,87,20.8,14.6,212,1005.9,30.3
2024-06-19,62.0,39.0,3.0,6.333333333333333,7.0,11.0,"Chhatrapati Shivaji Intl. Airport (T2), Mumbai",29.2,26.0,27.4,85,18.9,14.6,218,1004.0,23.3
2024-06-20,59.0,34.0,4.0,6.666666666666667,7.0,8.0,"Chhatrapati Shivaji Intl. Airport (T2), Mumbai",28.5,26.1,27.2,88,20.7,15.3,213,1003.1,48.6
2024-06-21,65.0,51.0,4.0,7.0,7.0,9.0,"Chhatrapati Shivaji Intl. Airport (T2), Mumbai",31.1,24.9,27.7,86,20.9,15.0,220,1003.6,22.9
2024-06-22,75.0,46.0,4.0,10.0,7.0,8.0,"Chhatrapati Shivaji Intl. Airport (T2), Mumbai",30.2,25.3,27.5,85,16.8,12.1,209,1002.5,5.3
2024-06-23,68.0,36.0,4.0,5.0,7.0,5.0,"Chhatrapati Shivaji Intl. Airport (T2), Mumbai",29.8,25.8,27.8,86,16.6,11.2,208,1001.5,4.2
2024-06-24,58.0,36.0,4.0,11.0,7.0,6.0,"Chhatrapati Shivaji Intl. Airport (T2), Mumbai",29.6,26.0,27.7,86,18.0,9.4,199,999.7,11.3
2024-06-25,52.0,24.0,4.0,14.0,7.0,5.0,"Chhatrapati Shivaji Intl. Airport (T2), Mumbai",30.6,26.1,28.1,85,31.7,19.1,174,998.0,6.8
2024-06-26,42.0,24.0,4.0,14.0,6.0,2.0,"Chhatrapati Shivaji Intl. Airport (T2), Mumbai",30.5,26.9,27.9,87,29.9,22.9,204,998.0,23.0
2024-06-27,43.0,36.0,4.0,12.0,6.0,2.0,"Chhatrapati Shivaji Intl. Airport (T2), Mumbai",28.8,26.5,27.1,90,27.5,22.4,211,1000.6,98.7
2024-06-28,59.0,49.0,4.0,10.0,6.0,2.0,"Chhatrapati Shivaji Intl. Airport (T2), Mumbai",28.2,26.0,27.1,89,27.8,23.6,206,1001.9,45.3
2024-06-29,66.0,49.0,4.0,13.0,6.0,2.0,"Chhatrapati Shivaji Intl. Airport (T2), Mumbai",30.0,25.9,27.5,87,26.2,20.4,198,1003.0,21.3
2024-06-30,64.0,53.0,4.0,16.0,6.0,1.0,"Chhatrapati Shivaji Intl. Airport (T2), Mumbai",29.4,26.2,27.7,87,30.6,20.8,212,1003.4,21.3
2024-07-01,67.0,54.0,5.0,10.0,5.0,1.0,"Chhatrapati Shivaji Intl. Airport (T2), Mumbai",30.6,26.8,28.2,82,36.4,30.7,223,1002.3,16.3
2024-07-02,71.0,51.0,5.0,3.0,5.0,1.0,"Chhatrapati Shivaji Intl. Airport (T2), Mumbai",30.4,26.1,28.6,82,32.0,26.8,233,1001.7,8.1
2024-07-03,63.0,48.0,5.0,3.0,5.0,1.0,"Chhatrapati Shivaji Intl. Airport (T2), Mumbai",30.0,26.3,28.6,84,28.6,24.0,228,1002.7,8.9
2024-07-04,63.0,38.0,5.0,4.0,5.0,1.0,"Chhatrapati Shivaji Intl. Airport (T2), Mumbai",29.0,26.5,27.8,85,24.3,19.6,227,1004.0,8.7
2024-07-05,54.0,74.0,5.0,4.0,5.0,1.0,"Chhatrapati Shivaji Intl. Airport (T2), Mumbai",29.1,25.9,27.4,87,23.0,19.6,225,1002.2,12.2
2024-07-06,74.0,40.0,5.0,5.0,5.0,1.0,"Chhatrapati Shivaji Intl. Airport (T2), Mumbai",29.5,25.8,27.6,85,26.7,21.6,234,1001.3,17.6
2024-07-07,63.0,35.0,5.0,7.0,6.0,2.0,"Chhatrapati Shivaji Intl. Airport (T2), Mumbai",29.2,25.6,27.3,88,20.9,15.7,229,1002.4,11.8
2024-07-08,57.0,28.0,4.0,6.0,7.0,2.0,"Chhatrapati Shivaji Intl. Airport (T2), Mumbai",28.5,25.7,26.8,89,17.2,10.1,218,1002.5,20.7
2024-07-09,59.0,36.0,3.6,7.5,6.5,2.5,"Chhatrapati Shivaji Intl. Airport (T2), Mumbai",27.0,25.5,26.1,92,22.1,11.2,224,1003.4,80.2
2024-07-10,60.5,44.0,3.2,9.0,6.0,3.0,"Chhatrapati Shivaji Intl. Airport (T2), Mumbai",28.8,25.2,26.6,88,21.3,15.3,208,1006.1,36.0
2024-07-11,62.0,41.0,2.8,7.0,6.0,2.0,"Chhatrapati Shivaji Intl. Airport (T2), Mumbai",28.8,24.6,26.4,90,21.6,15.5,231,1005.8,39.1
2024-07-12,59.0,25.0,4.0,6.0,7.0,2.0,"Chhatrapati Shivaji Intl. Airport (T2), Mumbai",26.9,25.2,26.0,92,21.0,15.8,247,1003.9,83.3
2024-07-13,46.0,44.0,2.0,6.0,6.0,2.0,"Chhatrapati Shivaji Intl. Airport (T2), Mumbai",26.5,25.2,25.9,92,27.6,19.7,244,1003.4,76.7
2024-07-14,58.0,46.0,4.0,8.0,6.0,3.0,"Chhatrapati Shivaji Intl. Airport (T2), Mumbai",26.5,24.5,25.6,93,24.5,12.9,255,1001.8,50.5
2024-07-15,63.0,36.0,4.0,9.0,7.0,3.0,"Chhatrapati Shivaji Intl. Airport (T2), Mumbai",28.0,24.9,26.4,89,14.8,9.5,239,1001.1,10.2
2024-07-16,53.0,37.0,5.0,5.0,6.0,1.0,"Chhatrapati Shivaji Intl. Airport (T2), Mumbai",29.0,25.2,26.6,90,20.0,14.7,214,1000.4,17.6
2024-07-17,53.0,15.0,5.0,7.0,6.0,2.0,"Chhatrapati Shivaji Intl. Airport (T2), Mumbai",27.6,25.8,26.5,90,23.9,17.8,228,1002.0,45.3
2024-07-18,37.0,36.0,5.0,5.0,6.0,2.0,"Chhatrapati Shivaji Intl. Airport (T2), Mumbai",28.1,25.7,26.4,91,26.4,20.0,236,1002.6,57.6
2024-07-19,50.0,30.0,5.0,5.0,6.0,2.0,"Chhatrapati Shivaji Intl. Airport (T2), Mumbai",27.3,25.6,26.2,91,26.9,22.0,234,1000.8,48.3
2024-07-20,49.0,26.0,5.0,5.0,5.0,2.0,"Chhatrapati Shivaji Intl. Airport (T2), Mumbai",27.7,25.9,26.3,90,27.5,22.7,232,1001.4,87.0
2024-07-21,45.0,38.0,5.0,5.0,6.0,1.0,"Chhatrapati Shivaji Intl. Airport (T2), Mumbai",27.1,25.9,26.4,90,27.2,22.7,238,1001.8,48.9
2024-07-22,56.0,35.0,4.5,6.0,6.0,2.0,"Chhatrapati Shivaji Intl. Airport (T2), Mumbai",26.9,25.7,26.3,90,28.1,23.9,237,1003.7,54.7
2024-07-23,55.0,43.0,4.0,6.0,5.0,2.0,"Chhatrapati Shivaji Intl. Airport (T2), Mumbai",26.5,25.5,26.2,90,29.0,25.3,242,1004.6,42.1
2024-07-24,60.0,37.0,3.5,5.0,6.0,1.0,"Chhatrapati Shivaji Intl. Airport (T2), Mumbai",27.0,25.5,26.2,90,32.4,27.7,248,1002.2,54.4
2024-07-25,55.0,53.0,3.0,5.0,6.0,1.0,"Chhatrapati Shivaji Intl. Airport (T2), Mumbai",27.4,25.1,26.2,89,33.6,26.9,261,1001.2,74.2
2024-07-26,68.0,54.0,3.0,5.0,6.0,1.0,"Chhatrapati Shivaji Intl. Airport (T2), Mumbai",28.5,25.3,26.7,87,27.7,22.8,255,1002.5,22.9
2024-07-27,67.0,60.0,3.0,6.0,5.0,2.0,"Chhatrapati Shivaji Intl. Airport (T2), Mumbai",28.8,25.8,27.2,83,29.3,25.1,258,1003.3,8.2
2024-07-28,79.0,55.0,3.5,6.0,6.0,2.0,"Chhatrapati Shivaji Intl. Airport (T2), Mumbai",29.2,26.0,27.0,87,27.1,22.0,260,1001.0,19.0
2024-07-29,75.0,55.0,4.0,4.0,5.0,1.0,"Chhatrapati Shivaji Intl. Airport (T2), Mumbai",27.7,25.6,26.4,89,25.4,20.1,247,999.8,34.2
2024-07-30,70.0,52.0,4.5,4.0,5.0,1.0,"Chhatrapati Shivaji Intl. Airport (T2), Mumbai",28.1,25.2,26.6,89,23.2,17.3,241,1003.0,17.4
2024-07-31,62.0,54.0,4.0,4.0,5.0,1.0,"Chhatrapati Shivaji Intl. Airport (T2), Mumbai",28.6,24.9,26.8,88,20.8,16.0,248,1005.4,22.1
2024-08-01,62.0,38.0,3.0,4.0,5.0,1.0,"Chhatrapati Shivaji Intl. Airport (T2), Mumbai",29.4,25.1,26.9,86,26.3,20.1,245,1005.1,15.8
2024-08-02,55.0,39.0,3.0,3.0,5.0,1.0,"Chhatrapati Shivaji Intl. Airport (T2), Mumbai",28.3,25.3,26.4,86,29.2,23.9,241,1004.8,28.2
2024-08-03,55.0,43.0,3.0,3.0,5.0,1.0,"Chhatrapati Shivaji Intl. Airport (T2), Mumbai",27.5,25.6,26.3,87,30.2,25.9,244,1005.0,24.5
2024-08-04,57.0,43.0,3.0,4.0,5.0,1.0,"Chhatrapati Shivaji Intl. Airport (T2), Mumbai",27.0,25.5,26.2,88,27.8,23.5,245,1005.5,39.4
2024-08-05,58.0,43.0,3.0,5.0,5.0,1.0,"Chhatrapati Shivaji Intl. Airport (T2), Mumbai",28.9,25.6,27.1,84,24.0,20.8,231,1006.4,5.8
2024-08-06,55.0,87.0,3.0,5.0,6.0,1.0,"Chhatrapati Shivaji Intl. Airport (T2), Mumbai",28.6,25.5,27.0,84,20.0,17.2,237,1006.5,5.2
2024-08-07,118.0,58.0,3.0,4.0,5.0,1.0,"Chhatrapati Shivaji Intl. Airport (T2), Mumbai",28.8,25.3,26.9,85,19.2,15.5,253,1006.6,5.6
2024-08-08,64.0,47.0,9.0,4.0,5.0,1.0,"Chhatrapati Shivaji Intl. Airport (T2), Mumbai",28.6,25.5,26.8,83,18.8,14.3,248,1007.5,4.2
2024-08-09,56.0,43.0,9.0,5.0,5.0,1.0,"Chhatrapati Shivaji Intl. Airport (T2), Mumbai",27.8,25.1,26.1,88,16.0,12.6,252,1008.5,15.5
2024-08-10,52.0,39.0,9.0,4.0,6.0,1.0,"Chhatrapati Shivaji Intl. Airport (T2), Mumbai",28.1,25.0,26.7,85,18.7,11.7,259,1008.3,4.7
2024-08-11,50.0,56.0,9.0,4.0,5.0,1.0,"Chhatrapati Shivaji Intl. Airport (T2), Mumbai",29.2,25.9,27.2,82,20.4,15.8,255,1006.7,2.4
2024-08-12,61.0,53.0,9.0,5.0,6.0,1.0,"Chhatrapati Shivaji Intl. Airport (T2), Mumbai",28.9,25.7,27.1,84,21.5,13.1,248,1006.5,2.9
2024-08-13,62.0,68.0,9.0,6.0,7.0,2.0,"Chhatrapati Shivaji Intl. Airport (T2), Mumbai",28.8,25.4,27.0,85,16.9,9.5,254,1007.0,3.6
2024-08-14,69.0,64.0,9.0,6.0,7.0,2.0,"Chhatrapati Shivaji Intl. Airport (T2), Mumbai",29.1,25.5,27.1,85,16.1,7.2,286,1007.0,1.9
2024-08-15,65.0,63.0,9.0,6.0,11.0,2.0,"Chhatrapati Shivaji Intl. Airport (T2), Mumbai",29.4,25.4,27.3,84,18.1,7.3,288,1006.0,1.2
2024-08-16,65.0,60.0,9.0,5.0,12.0,1.0,"Chhatrapati Shivaji Intl. Airport (T2), Mumbai",29.5,25.8,27.5,84,16.6,8.2,266,1004.9,0.9
2024-08-17,67.0,71.0,9.0,6.0,9.0,2.0,"Chhatrapati Shivaji Intl. Airport (T2), Mumbai",29.6,25.6,27.5,85,13.1,6.6,281,1006.0,0.5
2024-08-18,75.0,65.0,9.0,7.0,13.0,2.0,"Chhatrapati Shivaji Intl. Airport (T2), Mumbai",29.9,25.5,27.6,86,13.7,7.6,324,1006.6,2.9
2024-08-19,77.0,40.0,9.0,9.0,18.0,3.0,"Chhatrapati Shivaji Intl. Airport (T2), Mumbai",29.0,25.5,27.1,89,15.9,7.9,345,1005.9,16.7
2024-08-20,69.0,54.0,9.0,9.0,11.0,3.0,"Chhatrapati Shivaji Intl. Airport (T2), Mumbai",28.6,25.0,26.3,91,13.1,6.1,350,1005.6,28.8
2024-08-21,79.0,51.0,9.0,8.0,9.0,3.0,"Chhatrapati Shivaji Intl. Airport (T2), Mumbai",30.3,25.3,27.6,87,17.3,8.4,337,1005.5,0.2
2024-08-22,72.0,49.0,15.0,6.0,7.0,2.0,"Chhatrapati Shivaji Intl. Airport (T2), Mumbai",30.0,25.9,27.9,86,15.8,9.6,206,1005.0,4.7
2024-08-23,56.0,63.0,12.0,11.0,10.0,4.0,"Chhatrapati Shivaji Intl. Airport (T2), Mumbai",28.5,25.9,26.9,90,18.1,11.6,174,1005.5,16.0
2024-08-24,54.0,28.0,12.0,4.0,4.0,1.0,"Chhatrapati Shivaji Intl. Airport (T2), Mumbai",26.5,25.2,25.8,92,20.9,13.8,274,1006.5,61.7
2024-08-25,52.0,37.0,3.0,4.0,4.0,1.0,"Chhatrapati Shivaji Intl. Airport (T2), Mumbai",27.6,24.7,26.1,88,26.0,21.4,259,1005.5,28.0
2024-08-26,60.0,32.0,3.0,4.0,3.0,1.0,"Chhatrapati Shivaji Intl. Airport (T2), Mumbai",27.0,24.4,26.1,87,28.1,25.2,252,1003.9,22.6
2024-08-27,52.0,37.0,3.0,4.0,3.0,1.0,"Chhatrapati Shivaji Intl. Airport (T2), Mumbai",27.5,24.8,26.0,87,31.1,25.1,222,1004.7,17.9
2024-08-28,59.0,38.0,2.0,4.0,3.0,1.0,"Chhatrapati Shivaji Intl. Airport (T2), Mumbai",28.9,25.0,26.8,85,32.1,25.2,225,1005.5,14.4
2024-08-29,59.0,129.0,3.0,15.0,8.0,5.0,"Chhatrapati Shivaji Intl. Airport (T2), Mumbai",29.0,26.1,27.3,84,25.3,21.3,225,1004.8,5.1
2024-08-30,61.0,146.0,3.0,4.0,13.0,1.0,"Chhatrapati Shivaji Intl. Airport (T2), Mumbai",29.0,25.1,26.9,85,19.8,15.2,216,1006.0,6.5
2024-08-31,47.0,100.5,3.0,3.0,3.0,1.0,"Chhatrapati Shivaji Intl. Airport (T2), Mumbai",28.9,25.2,27.0,85,12.9,8.8,246,1007.2,2.1
2024-09-01,62.0,55.0,3.0,6.0,6.0,2.0,"Chhatrapati Shivaji Intl. Airport (T2), Mumbai",27.8,25.3,26.7,85,13.2,8.9,292,1006.9,2.3
2024-09-02,77.0,46.0,3.0,2.0,4.0,1.5,"Chhatrapati Shivaji Intl. Airport (T2), Mumbai",27.2,24.9,26.1,90,19.5,13.5,298,1005.7,29.6
2024-09-03,65.0,43.0,2.0,2.0,3.0,1.0,"Chhatrapati Shivaji Intl. Airport (T2), Mumbai",27.2,24.8,26.0,89,16.0,11.1,268,1006.5,13.0
2024-09-04,65.0,37.0,3.0,2.0,3.0,1.0,"Chhatrapati Shivaji Intl. Airport (T2), Mumbai",28.3,25.1,26.3,88,19.4,13.6,258,1007.4,17.1
2024-09-05,59.0,46.0,3.0,2.0,3.0,1.0,"Chhatrapati Shivaji Intl. Airport (T2), Mumbai",28.2,25.2,26.3,88,23.4,16.9,264,1006.0,27.9
2024-09-06,62.0,41.0,3.0,2.0,3.0,1.0,"Chhatrapati Shivaji Intl. Airport (T2), Mumbai",28.4,25.0,26.5,86,21.3,13.6,261,1006.9,14.7
2024-09-07,56.0,42.0,3.0,2.0,3.0,1.0,"Chhatrapati Shivaji Intl. Airport (T2), Mumbai",28.3,25.1,26.4,87,17.2,10.8,254,1007.6,10.0
2024-09-08,56.0,38.0,2.0,2.0,3.0,1.0,"Chhatrapati Shivaji Intl. Airport (T2), Mumbai",28.7,24.9,26.5,86,14.9,9.4,237,1007.6,4.2
2024-09-09,43.0,35.0,3.0,2.0,3.0,1.0,"Chhatrapati Shivaji Intl. Airport (T2), Mumbai",28.8,25.0,26.7,85,16.4,8.8,250,1005.3,2.0
2024-09-10,51.0,41.0,3.0,2.0,3.0,1.0,"Chhatrapati Shivaji Intl. Airport (T2), Mumbai",28.5,25.0,26.6,86,17.6,10.2,248,1004.5,3.9
2024-09-11,55.0,45.0,3.0,2.0,3.0,1.0,"Chhatrapati Shivaji Intl. Airport (T2), Mumbai",28.1,24.9,26.3,86,18.5,12.1,224,1005.6,4.6
2024-09-12,63.0,50.0,3.0,2.0,3.0,1.0,"Chhatrapati Shivaji Intl. Airport (T2), Mumbai",28.4,24.9,26.3,86,17.9,13.1,231,1007.4,8.2
2024-09-13,66.0,45.0,3.0,2.0,3.0,1.0,"Chhatrapati Shivaji Intl. Airport (T2), Mumbai",28.6,24.6,26.3,83,19.2,12.2,228,1007.8,4.5
2024-09-14,53.0,44.0,3.0,4.0,3.0,1.0,"Chhatrapati Shivaji Intl. Airport (T2), Mumbai",27.9,23.8,25.2,87,16.7,10.7,221,1007.7,9.1
2024-09-15,68.0,61.0,3.0,5.0,3.0,1.0,"Chhatrapati Shivaji Intl. Airport (T2), Mumbai",27.4,23.5,25.3,87,13.4,7.9,229,1008.3,3.9
2024-09-16,84.0,61.0,3.0,4.0,3.0,1.0,"Chhatrapati Shivaji Intl. Airport (T2), Mumbai",28.7,23.8,26.1,87,14.6,8.4,226,1008.8,2.4
2024-09-17,75.0,66.0,3.0,4.0,3.0,1.0,"Chhatrapati Shivaji Intl. Airport (T2), Mumbai",28.9,23.1,26.0,84,15.6,7.4,318,1009.0,0.2
2024-09-18,93.0,68.0,2.0,3.0,3.0,1.0,"Chhatrapati Shivaji Intl. Airport (T2), Mumbai",29.2,23.4,26.2,83,13.0,7.1,248,1007.0,0.8
2024-09-19,88.0,68.0,3.0,4.0,3.0,1.0,"Chhatrapati Shivaji Intl. Airport (T2), Mumbai",29.5,24.5,27.1,81,12.8,6.4,257,1007.4,1.0
2024-09-20,94.0,62.0,3.0,3.0,3.0,1.0,"Chhatrapati Shivaji Intl. Airport (T2), Mumbai",28.4,23.3,26.3,87,15.9,6.8,217,1007.8,5.2
2024-09-21,73.0,64.0,3.0,3.0,3.0,1.0,"Chhatrapati Shivaji Intl. Airport (T2), Mumbai",29.7,23.9,27.0,83,15.8,6.9,317,1008.5,1.9
2024-09-22,77.0,66.0,3.0,3.0,2.0,1.0,"Chhatrapati Shivaji Intl. Airport (T2), Mumbai",29.6,25.0,27.3,83,18.5,9.7,331,1007.7,2.2
2024-09-23,89.0,40.0,3.0,3.0,3.0,1.0,"Chhatrapati Shivaji Intl. Airport (T2), Mumbai",28.9,26.0,27.3,87,17.6,10.0,334,1006.6,5.7
2024-09-24,55.0,56.0,3.0,4.0,3.0,1.0,"Chhatrapati Shivaji Intl. Airport (T2), Mumbai",29.0,24.7,26.4,91,22.7,10.3,343,1004.9,23.1
2024-09-25,123.0,29.0,2.0,4.0,2.0,1.0,"Chhatrapati Shivaji Intl. Airport (T2), Mumbai",28.0,24.3,25.9,92,20.6,10.1,328,1004.2,36.4
2024-09-26,43.0,22.0,3.0,3.0,2.0,1.0,"Chhatrapati Shivaji Intl. Airport (T2), Mumbai",26.5,24.5,25.6,94,18.7,8.7,233,1003.2,48.0
2024-09-27,32.0,23.0,3.0,3.0,3.0,1.0,"Chhatrapati Shivaji Intl. Airport (T2), Mumbai",26.8,25.5,26.0,90,28.1,23.6,250,1004.8,61.7
2024-09-28,33.0,32.0,3.0,3.0,2.0,1.0,"Chhatrapati Shivaji Intl. Airport (T2), Mumbai",28.0,24.9,26.6,86,17.9,13.0,239,1008.0,5.8
2024-09-29,42.0,53.0,3.0,6.0,3.0,2.0,"Chhatrapati Shivaji Intl. Airport (T2), Mumbai",28.6,25.0,26.6,88,14.8,8.8,246,1010.1,4.6
2024-09-30,70.0,77.0,3.0,5.0,3.0,2.0,"Chhatrapati Shivaji Intl. Airport (T2), Mumbai",29.7,24.7,27.1,88,15.2,7.3,322,1010.1,1.6
2024-10-01,74.0,84.0,3.0,5.0,3.0,1.0,"Chhatrapati Shivaji Intl. Airport (T2), Mumbai",31.5,25.0,27.9,89,15.7,8.3,340,1008.1,0.6
2024-10-02,74.0,61.0,3.0,3.0,3.0,1.0,"Chhatrapati Shivaji Intl. Airport (T2), Mumbai",30.7,26.0,27.9,91,15.0,6.3,277,1008.8,1.3
2024-10-03,74.0,57.0,3.0,3.0,2.0,1.0,"Chhatrapati Shivaji Intl. Airport (T2), Mumbai",30.0,25.4,27.5,87,15.7,7.2,266,1009.3,1.4
2024-10-04,74.0,71.0,3.0,3.0,3.0,1.0,"Chhatrapati Shivaji Intl. Airport (T2), Mumbai",29.5,25.2,27.2,86,14.4,6.7,285,1009.2,1.4
2024-10-05,74.0,63.0,3.0,4.0,3.0,1.0,"Chhatrapati Shivaji Intl. Airport (T2), Mumbai",29.5,24.3,26.6,86,14.7,6.6,321,1009.7,1.1
2024-10-06,74.0,83.0,3.0,6.0,3.0,2.0,"Chhatrapati Shivaji Intl. Airport (T2), Mumbai",31.2,24.3,26.9,86,17.9,8.2,3,1009.7,21.4
2024-10-07,74.0,86.0,3.0,6.0,3.0,2.0,"Chhatrapati Shivaji Intl. Airport (T2), Mumbai",31.6,24.8,28.1,84,13.7,7.9,353,1009.8,0.6
2024-10-08,71.0,45.0,3.0,5.0,3.0,2.0,"Chhatrapati Shivaji Intl. Airport (T2), Mumbai",32.2,25.2,28.4,85,14.1,7.4,234,1010.0,0.0
2024-10-09,62.0,41.0,3.0,5.0,3.0,1.0,"Chhatrapati Shivaji Intl. Airport (T2), Mumbai",29.1,25.0,26.8,88,18.9,6.3,88,1008.7,6.4
2024-10-10,57.5,30.0,3.0,4.0,3.0,1.0,"Chhatrapati Shivaji Intl. Airport (T2), Mumbai",29.6,24.4,26.7,86,15.9,7.5,62,1006.9,6.4
2024-10-11,53.0,46.0,3.0,5.0,3.0,1.0,"Chhatrapati Shivaji Intl. Airport (T2), Mumbai",31.5,25.0,27.4,83,15.7,7.8,111,1006.4,22.0
2024-10-12,52.0,54.0,3.0,5.0,3.0,2.0,"Chhatrapati Shivaji Intl. Airport (T2), Mumbai",31.4,24.2,27.5,86,11.5,6.1,98,1007.6,0.7
2024-10-13,64.0,55.0,3.0,5.0,3.0,1.0,"Chhatrapati Shivaji Intl. Airport (T2), Mumbai",30.6,24.8,27.4,86,10.9,6.9,148,1008.7,2.0
2024-10-14,76.0,50.0,3.0,5.0,3.0,1.0,"Chhatrapati Shivaji Intl. Airport (T2), Mumbai",31.5,24.1,26.8,87,16.0,7.2,40,1009.2,5.2
2024-10-15,52.0,62.0,3.0,6.0,3.0,2.0,"Chhatrapati Shivaji Intl. Airport (T2), Mumbai",29.6,24.4,26.7,87,11.9,6.4,153,1009.4,0.0
2024-10-16,58.0,66.0,3.0,6.0,3.0,2.0,"Chhatrapati Shivaji Intl. Airport (T2), Mumbai",30.7,24.6,27.2,88,12.5,6.4,80,1008.6,8.6
2024-10-17,59.0,55.0,3.0,4.0,3.0,1.0,"Chhatrapati Shivaji Intl. Airport (T2), Mumbai",29.0,25.2,27.1,91,12.3,7.0,314,1007.9,2.9
2024-10-18,54.0,40.0,3.0,4.0,3.0,1.0,"Chhatrapati Shivaji Intl. Airport (T2), Mumbai",31.9,24.7,27.7,85,13.4,7.9,159,1007.7,12.4
2024-10-19,47.0,48.0,3.0,4.0,3.0,1.0,"Chhatrapati Shivaji Intl. Airport (T2), Mumbai",30.0,24.0,26.3,88,12.1,6.3,113,1010.2,7.9
2024-10-20,50.0,47.0,3.0,4.0,3.0,1.0,"Chhatrapati Shivaji Intl. Airport (T2), Mumbai",29.8,24.0,26.4,87,8.2,5.6,107,1011.0,6.8
2024-10-21,48.0,159.0,3.0,35.0,3.4,13.0,"Chhatrapati Shivaji Intl. Airport (T2), Mumbai",30.4,23.9,26.9,85,8.8,5.5,93,1011.0,13.3
2024-10-22,76.0,143.0,3.0,35.0,3.8,13.0,"Chhatrapati Shivaji Intl. Airport (T2), Mumbai",30.3,23.5,26.6,87,12.3,6.5,23,1010.9,7.3
2024-10-23,116.0,86.0,3.0,5.0,4.2,1.0,"Chhatrapati Shivaji Intl. Airport (T2), Mumbai",31.4,24.1,27.3,85,14.8,8.0,1,1010.3,0.0
2024-10-24,74.0,82.0,3.0,5.0,4.0,2.0,"Chhatrapati Shivaji Intl. Airport (T2), Mumbai",32.5,24.5,28.1,75,14.9,8.1,12,1009.9,0.0
2024-10-25,65.0,88.0,3.0,7.0,5.0,2.0,"Chhatrapati Shivaji Intl. Airport (T2), Mumbai",31.1,22.5,27.0,74,12.5,8.0,355,1010.0,0.0
2024-10-26,69.0,84.0,3.0,8.0,5.0,3.0,"Chhatrapati Shivaji Intl. Airport (T2), Mumbai",32.5,22.0,26.9,68,17.0,9.5,2,1010.2,0.0
2024-10-27,69.0,78.0,3.0,8.0,5.0,3.0,"Chhatrapati Shivaji Intl. Airport (T2), Mumbai",31.6,22.0,26.9,78,15.9,8.7,343,1009.0,0.0
2024-10-28,67.0,67.0,3.0,6.0,5.0,2.0,"Chhatrapati Shivaji Intl. Airport (T2), Mumbai",31.8,23.0,27.1,83,16.2,7.8,336,1007.6,0.0
2024-10-29,60.0,75.0,3.0,7.0,5.0,2.0,"Chhatrapati Shivaji Intl. Airport (T2), Mumbai",31.2,24.5,27.6,87,13.7,6.3,287,1008.8,0.0
2024-10-30,66.0,74.0,7.0,9.0,6.0,3.0,"Chhatrapati Shivaji Intl. Airport (T2), Mumbai",32.7,24.0,27.7,83,12.5,6.4,13,1009.7,0.0
2024-10-31,77.0,87.0,3.0,6.0,5.0,2.0,"Chhatrapati Shivaji Intl. Airport (T2), Mumbai",32.4,24.1,28.3,75,15.2,7.5,343,1010.3,0.0
2024-11-01,75.0,118.0,3.0,7.0,5.0,2.0,"Chhatrapati Shivaji Intl. Airport (T2), Mumbai",31.2,24.5,27.9,82,14.1,7.8,266,1011.7,0.3
2024-11-02,101.0,91.0,3.0,7.0,5.0,2.0,"Chhatrapati Shivaji Intl. Airport (T2), Mumbai",33.0,24.1,28.0,76,17.5,8.1,358,1011.9,0.0
2024-11-03,77.0,101.0,3.0,7.0,5.0,2.0,"Chhatrapati Shivaji Intl. Airport (T2), Mumbai",34.2,22.2,28.0,65,16.6,8.8,14,1011.6,0.0
2024-11-04,85.0,95.0,3.0,7.0,5.0,2.0,"Chhatrapati Shivaji Intl. Airport (T2), Mumbai",34.0,22.8,27.9,60,19.7,9.2,24,1010.8,0.0
2024-11-05,77.0,171.0,3.0,7.0,5.0,2.0,"Chhatrapati Shivaji Intl. Airport (T2), Mumbai",34.3,22.6,28.2,60,15.8,9.0,49,1011.4,0.0
2024-11-06,77.0,103.0,3.0,7.0,5.0,2.0,"Chhatrapati Shivaji Intl. Airport (T2), Mumbai",33.7,22.0,27.9,61,17.7,9.2,355,1012.3,0.0
2024-11-07,74.0,141.0,3.0,8.0,5.0,3.0,"Chhatrapati Shivaji Intl. Airport (T2), Mumbai",33.5,21.6,27.4,57,16.1,9.1,10,1012.1,0.0
2024-11-08,90.0,104.0,3.0,7.0,5.0,2.0,"Chhatrapati Shivaji Intl. Airport (T2), Mumbai",33.8,22.2,27.7,58,17.2,10.2,25,1011.8,0.0
2024-11-09,89.0,91.0,3.0,7.0,5.0,2.0,"Chhatrapati Shivaji Intl. Airport (T2), Mumbai",34.1,22.0,27.7,58,17.9,10.5,31,1011.9,0.0
2024-11-10,97.0,90.0,3.0,7.0,5.0,2.0,"Chhatrapati Shivaji Intl. Airport (T2), Mumbai",33.7,21.6,27.6,56,20.3,10.4,11,1011.9,0.0
2024-11-11,97.0,93.0,3.0,7.0,5.0,2.0,"Chhatrapati Shivaji Intl. Airport (T2), Mumbai",33.3,22.9,27.9,47,20.6,12.0,26,1011.8,0.0
2024-11-12,100.0,87.0,3.0,8.0,5.0,2.0,"Chhatrapati Shivaji Intl. Airport (T2), Mumbai",33.5,22.2,27.8,53,17.9,9.2,36,1011.1,0.0
2024-11-13,94.0,93.0,3.0,8.0,5.0,2.0,"Chhatrapati Shivaji Intl. Airport (T2), Mumbai",34.8,23.4,28.5,49,12.6,8.6,31,1009.4,0.0
2024-11-14,97.0,89.0,3.0,8.0,5.0,3.0,"Chhatrapati Shivaji Intl. Airport (T2), Mumbai",35.4,23.0,29.1,46,10.7,7.2,33,1010.4,0.0
2024-11-15,96.0,98.0,3.0,8.0,5.0,3.0,"Chhatrapati Shivaji Intl. Airport (T2), Mumbai",33.9,25.1,29.0,58,10.5,6.2,350,1011.5,0.3
2024-11-16,104.0,89.0,3.0,7.0,5.0,2.0,"Chhatrapati Shivaji Intl. Airport (T2), Mumbai",34.3,25.4,29.2,65,14.2,6.8,343,1010.7,0.0
2024-11-17,99.0,88.0,3.0,7.0,5.0,2.0,"Chhatrapati Shivaji Intl. Airport (T2), Mumbai",35.8,25.7,29.7,58,14.5,7.7,3,1010.3,0.0
2024-11-18,93.0,86.0,3.0,7.0,5.0,2.0,"Chhatrapati Shivaji Intl. Airport (T2), Mumbai",34.8,24.2,28.9,52,12.3,7.9,21,1011.3,0.0
2024-11-19,92.0,82.0,3.0,6.0,5.0,2.0,"Chhatrapati Shivaji Intl. Airport (T2), Mumbai",33.8,22.0,27.6,45,14.1,8.0,22,1012.5,0.0
2024-11-20,92.0,92.0,3.0,7.0,5.0,2.0,"Chhatrapati Shivaji Intl. Airport (T2), Mumbai",33.0,22.0,26.9,47,13.5,8.5,33,1012.1,0.0
2024-11-21,99.0,102.0,3.0,8.0,5.0,3.0,"Chhatrapati Shivaji Intl. Airport (T2), Mumbai",33.0,21.4,26.7,49,12.8,7.7,15,1011.8,0.0
2024-11-22,108.0,109.0,3.0,10.0,5.0,3.0,"Chhatrapati Shivaji Intl. Airport (T2), Mumbai",32.7,20.9,26.5,54,12.6,7.1,346,1011.3,0.0
2024-11-23,114.0,107.0,3.0,9.0,5.0,3.0,"Chhatrapati Shivaji Intl. Airport (T2), Mumbai",32.0,21.6,26.5,56,10.1,6.3,353,1012.2,0.0
2024-11-24,115.0,102.0,3.0,8.0,5.0,3.0,"Chhatrapati Shivaji Intl. Airport (T2), Mumbai",33.0,21.6,26.9,56,12.0,6.1,349,1012.3,0.0
2024-11-25,109.0,92.0,3.0,7.0,5.0,2.0,"Chhatrapati Shivaji Intl. Airport (T2), Mumbai",32.8,21.4,26.7,54,13.0,7.6,18,1011.9,0.0
2024-11-26,97.0,89.0,3.0,7.0,6.0,2.0,"Chhatrapati Shivaji Intl. Airport (T2), Mumbai",32.3,20.7,26.3,45,13.5,7.9,31,1011.8,0.0
2024-11-27,93.0,103.0,3.0,6.0,6.0,2.0,"Chhatrapati Shivaji Intl. Airport (T2), Mumbai",32.6,20.4,26.2,42,13.1,8.5,28,1011.0,0.0
2024-11-28,91.0,85.0,3.0,7.0,6.0,2.0,"Chhatrapati Shivaji Intl. Airport (T2), Mumbai",32.1,19.9,26.4,35,11.3,8.3,45,1011.0,0.0
2024-11-29,91.0,91.0,3.0,8.0,7.0,2.0,"Chhatrapati Shivaji Intl. Airport (T2), Mumbai",31.4,20.2,25.3,42,14.4,8.8,18,1011.2,0.0
2024-11-30,96.0,94.0,3.0,9.0,6.0,3.0,"Chhatrapati Shivaji Intl. Airport (T2), Mumbai",31.4,19.9,25.1,43,12.2,8.5,16,1009.9,0.0
2024-12-01,103.0,101.0,2.0,10.0,6.0,3.0,"Chhatrapati Shivaji Intl. Airport (T2), Mumbai",32.5,20.5,25.8,52,13.3,8.3,5,1008.1,0.0
2024-12-02,109.0,80.0,2.0,7.0,6.0,2.0,"Chhatrapati Shivaji Intl. Airport (T2), Mumbai",33.8,22.8,27.6,57,12.3,7.7,6,1007.5,0.0
2024-12-03,92.0,87.0,3.0,7.0,6.0,2.0,"Chhatrapati Shivaji Intl. Airport (T2), Mumbai",33.5,25.6,28.9,59,14.5,9.0,17,1008.9,0.2
2024-12-04,93.0,90.0,3.0,8.0,5.0,3.0,"Chhatrapati Shivaji Intl. Airport (T2), Mumbai",34.2,26.5,29.4,66,13.4,7.7,23,1009.8,0.2
2024-12-05,96.0,100.0,3.0,10.0,7.0,3.0,"Chhatrapati Shivaji Intl. Airport (T2), Mumbai",34.2,25.8,29.2,69,10.4,7.0,335,1010.7,0.0
2024-12-06,102.0,109.0,3.0,8.0,7.0,2.0,"Chhatrapati Shivaji Intl. Airport (T2), Mumbai",32.7,25.2,28.5,65,12.8,7.1,336,1010.8,0.0
2024-12-07,108.0,91.0,3.0,8.0,7.0,2.0,"Chhatrapati Shivaji Intl. Airport (T2), Mumbai",32.8,24.3,27.6,51,15.6,9.8,343,1010.6,0.0
2024-12-08,92.0,86.0,3.0,7.0,6.0,2.0,"Chhatrapati Shivaji Intl. Airport (T2), Mumbai",31.1,21.1,25.4,44,13.5,9.9,353,1011.3,0.0
2024-12-09,87.0,91.0,3.0,8.0,7.0,2.0,"Chhatrapati Shivaji Intl. Airport (T2), Mumbai",30.9,20.4,24.9,36,16.2,11.9,3,1011.5,0.0
2024-12-10,91.0,95.0,3.0,9.0,9.0,3.0,"Chhatrapati Shivaji Intl. Airport (T2), Mumbai",31.4,20.4,25.1,48,11.0,7.4,5,1011.2,0.0
2024-12-11,96.0,103.0,3.0,10.0,9.0,3.0,"Chhatrapati Shivaji Intl. Airport (T2), Mumbai",33.5,21.1,26.3,57,12.3,7.4,18,1011.5,0.0
2024-12-12,101.0,85.0,3.0,7.0,8.0,2.0,"Chhatrapati Shivaji Intl. Airport (T2), Mumbai",31.1,20.5,25.3,60,14.5,7.8,350,1011.4,0.0
2024-12-13,88.0,92.0,3.0,7.0,7.0,2.0,"Chhatrapati Shivaji Intl. Airport (T2), Mumbai",32.2,21.2,25.9,51,12.0,8.8,24,1011.8,0.0
2024-12-14,95.0,92.0,3.0,8.0,7.0,3.0,"Chhatrapati Shivaji Intl. Airport (T2), Mumbai",32.8,20.1,25.9,43,11.5,8.1,42,1012.7,0.0
2024-12-15,96.0,104.0,3.0,11.0,8.0,4.0,"Chhatrapati Shivaji Intl. Airport (T2), Mumbai",33.2,19.0,25.5,44,10.3,6.9,29,1013.6,0.0
2024-12-16,102.0,111.0,2.0,13.0,8.0,4.0,"Chhatrapati Shivaji Intl. Airport (T2), Mumbai",32.3,18.3,24.9,44,11.9,6.4,4,1012.6,0.0
2024-12-17,110.0,109.0,3.0,11.0,8.0,4.0,"Chhatrapati Shivaji Intl. Airport (T2), Mumbai",30.8,17.8,24.0,49,12.3,5.7,343,1011.5,0.0
2024-12-18,111.0,114.0,3.0,12.0,8.0,4.0,"Chhatrapati Shivaji Intl. Airport (T2), Mumbai",32.2,18.2,24.3,56,10.6,6.2,356,1010.7,0.0
2024-12-19,116.0,124.0,3.0,10.0,8.0,3.0,"Chhatrapati Shivaji Intl. Airport (T2), Mumbai",29.6,17.9,23.6,69,11.4,5.6,333,1010.8,0.0
2024-12-20,136.0,120.0,3.0,9.0,8.0,3.0,"Chhatrapati Shivaji Intl. Airport (T2), Mumbai",28.1,19.5,23.3,72,13.2,6.8,331,1011.0,0.0
2024-12-21,124.0,103.0,3.0,8.0,7.0,3.0,"Chhatrapati Shivaji Intl. Airport (T2), Mumbai",27.9,19.2,23.5,75,10.5,5.1,285,1011.3,0.0
2024-12-22,112.0,101.0,3.0,8.0,7.0,3.0,"Chhatrapati Shivaji Intl. Airport (T2), Mumbai",27.8,20.9,24.0,77,12.0,6.2,318,1011.9,0.0
2024-12-23,104.0,111.0,3.0,9.0,7.0,3.0,"Chhatrapati Shivaji Intl. Airport (T2), Mumbai",27.3,21.1,23.8,71,14.7,8.8,339,1012.2,0.0
2024-12-24,110.0,120.0,3.0,9.0,7.0,3.0,"Chhatrapati Shivaji Intl. Airport (T2), Mumbai",28.5,20.6,23.9,60,16.1,10.4,343,1012.3,0.0
2024-12-25,118.0,118.0,3.0,10.0,7.0,3.0,"Chhatrapati Shivaji Intl. Airport (T2), Mumbai",28.7,20.3,24.0,61,14.1,10.0,342,1013.1,0.0
2024-12-26,118.0,109.0,3.0,10.0,7.0,3.0,"Chhatrapati Shivaji Intl. Airport (T2), Mumbai",29.5,21.5,24.9,68,12.9,8.3,338,1014.6,0.0
2024-12-27,107.0,124.0,3.0,10.0,7.0,3.0,"Chhatrapati Shivaji Intl. Airport (T2), Mumbai",28.2,21.7,24.7,70,14.5,9.0,337,1014.9,0.0
2024-12-28,127.0,105.0,2.0,10.0,7.0,3.0,"Chhatrapati Shivaji Intl. Airport (T2), Mumbai",29.9,21.7,25.0,68,14.0,7.1,350,1015.0,0.3
2024-12-29,107.0,103.66666666666669,2.0,10.666666666666666,7.0,3.333333333333333,"Chhatrapati Shivaji Intl. Airport (T2), Mumbai",30.4,22.1,25.7,69,12.3,8.6,347,1014.7,0.0
2024-12-31,102.33333333333331,101.0,2.0,12.0,7.0,4.0,"Chhatrapati Shivaji Intl. Airport (T2), Mumbai",33.2,22.8,27.2,59,12.4,7.8,351,1014.7,0.0
2025-01-01,100.0,98.0,3.0,9.0,7.0,3.0,"Chhatrapati Shivaji Intl. Airport (T2), Mumbai",32.4,22.4,26.8,61,12.9,8.3,350,1013.6,0.0
2025-01-02,98.0,94.0,3.0,9.0,7.0,3.0,"Chhatrapati Shivaji Intl. Airport (T2), Mumbai",32.8,21.2,26.7,58,15.1,8.3,357,1013.5,0.0
2025-01-03,93.0,111.0,3.0,12.0,7.0,4.0,"Chhatrapati Shivaji Intl. Airport (T2), Mumbai",33.3,21.1,26.4,52,13.7,7.7,7,1013.4,0.0
2025-01-04,103.0,113.0,3.0,11.0,7.0,4.0,"Chhatrapati Shivaji Intl. Airport (T2), Mumbai",32.9,19.3,25.3,48,11.9,5.8,352,1012.4,0.0
2025-01-05,108.0,100.0,3.0,8.0,6.0,3.0,"Chhatrapati Shivaji Intl. Airport (T2), Mumbai",29.2,21.2,24.4,62,13.5,7.9,334,1012.3,0.0
2025-01-06,98.0,114.0,3.0,9.0,6.0,3.0,"Chhatrapati Shivaji Intl. Airport (T2), Mumbai",29.9,20.0,23.9,59,16.5,12.3,347,1012.6,0.0
2025-01-07,109.0,137.0,3.0,8.0,7.0,3.0,"Chhatrapati Shivaji Intl. Airport (T2), Mumbai",31.4,18.5,24.4,53,16.6,9.4,354,1012.3,0.0
2025-01-08,195.0,102.0,3.0,9.0,6.0,3.0,"Chhatrapati Shivaji Intl. Airport (T2), Mumbai",30.6,20.0,25.1,54,11.6,8.5,6,1011.8,0.0
2025-01-09,103.0,110.0,2.0,11.0,7.0,4.0,"Chhatrapati Shivaji Intl. Airport (T2), Mumbai",32.0,20.4,25.5,46,11.8,8.3,23,1012.3,0.0
2025-01-10,114.0,114.0,3.0,10.0,6.0,3.0,"Chhatrapati Shivaji Intl. Airport (T2), Mumbai",31.3,20.4,25.2,51,9.6,6.1,4,1013.6,0.0
2025-01-11,106.0,105.0,3.0,9.0,6.0,3.0,"Chhatrapati Shivaji Intl. Airport (T2), Mumbai",28.5,20.5,24.0,63,15.2,8.5,338,1014.0,0.0
2025-01-12,103.0,125.0,3.0,9.0,6.0,3.0,"Chhatrapati Shivaji Intl. Airport (T2), Mumbai",30.0,20.6,24.4,60,15.7,10.6,347,1013.9,0.0
2025-01-13,119.0,107.0,3.0,9.0,6.0,3.0,"Chhatrapati Shivaji Intl. Airport (T2), Mumbai",32.7,22.0,26.1,55,14.0,9.1,16,1011.8,0.0
2025-01-14,106.0,124.0,3.0,12.0,7.0,4.0,"Chhatrapati Shivaji Intl. Airport (T2), Mumbai",32.9,21.6,26.2,57,12.0,7.2,11,1012.2,0.0
2025-01-15,119.0,124.0,3.0,10.0,6.0,4.0,"Chhatrapati Shivaji Intl. Airport (T2), Mumbai",30.1,21.9,25.0,67,16.0,7.3,338,1013.6,0.0
2025-01-16,119.0,123.0,3.0,12.0,6.0,4.0,"Chhatrapati Shivaji Intl. Airport (T2), Mumbai",29.7,20.2,24.5,66,16.9,11.4,344,1014.1,0.0
2025-01-17,117.0,104.0,3.0,9.0,6.0,3.0,"Chhatrapati Shivaji Intl. Airport (T2), Mumbai",33.3,22.9,26.4,60,14.9,9.1,1,1012.2,0.0
2025-01-18,101.0,110.0,3.0,10.0,7.0,3.0,"Chhatrapati Shivaji Intl. Airport (T2), Mumbai",34.0,22.2,27.2,46,14.9,8.5,30,1011.7,0.0
2025-01-19,106.0,113.0,3.0,11.0,7.0,4.0,"Chhatrapati Shivaji Intl. Airport (T2), Mumbai",33.2,21.0,26.4,46,13.1,7.4,359,1012.6,0.0
2025-01-20,107.0,118.0,3.0,12.0,7.0,4.0,"Chhatrapati Shivaji Intl. Airport (T2), Mumbai",33.2,20.9,26.4,46,12.8,6.8,345,1012.1,0.0
2025-01-21,112.0,136.0,3.0,13.0,7.0,5.0,"Chhatrapati Shivaji Intl. Airport (T2), Mumbai",31.4,20.9,25.8,51,12.0,6.9,336,1011.0,0.0
2025-01-22,128.0,113.0,3.0,10.0,7.0,3.0,"Chhatrapati Shivaji Intl. Airport (T2), Mumbai",31.4,20.4,25.6,53,15.0,8.2,338,1010.7,0.0
2025-01-23,107.0,119.0,3.0,12.0,7.0,4.0,"Chhatrapati Shivaji Intl. Airport (T2), Mumbai",30.5,21.7,25.3,50,17.6,13.0,345,1011.0,0.0
2025-01-24,112.0,121.0,3.0,13.0,7.0,4.0,"Chhatrapati Shivaji Intl. Airport (T2), Mumbai",31.7,20.4,25.8,49,12.1,7.6,343,1010.0,0.0
2025-01-25,117.0,116.0,3.0,13.0,7.0,5.0,"Chhatrapati Shivaji Intl. Airport (T2), Mumbai",33.2,22.0,26.8,57,10.9,6.3,339,1010.8,0.0
2025-01-26,113.0,115.0,3.0,15.0,7.0,5.0,"Chhatrapati Shivaji Intl. Airport (T2), Mumbai",33.5,21.8,27.0,59,11.2,7.1,339,1010.7,0.0
2025-01-27,111.0,104.5,3.0,11.5,6.5,4.0,"Chhatrapati Shivaji Intl. Airport (T2), Mumbai",32.5,21.6,26.7,56,13.3,7.8,333,1010.0,0.0
2025-01-28,100.0,94.0,3.0,8.0,6.0,3.0,"Chhatrapati Shivaji Intl. Airport (T2), Mumbai",30.5,21.2,25.4,57,11.8,6.3,324,1010.3,0.0
2025-01-29,89.0,123.0,2.0,11.0,6.0,4.0,"Chhatrapati Shivaji Intl. Airport (T2), Mumbai",30.8,20.5,24.8,58,12.7,7.5,333,1012.1,0.0
2025-01-30,113.0,97.0,2.0,8.0,5.0,2.0,"Chhatrapati Shivaji Intl. Airport (T2), Mumbai",31.4,20.1,25.4,52,11.7,7.6,334,1010.9,0.0
2025-01-31,91.0,94.0,2.0,7.0,5.0,2.0,"Chhatrapati Shivaji Intl. Airport (T2), Mumbai",29.5,20.5,24.5,59,13.6,8.6,332,1010.8,0.0
2025-02-01,93.0,100.0,3.0,8.0,5.0,2.0,"Chhatrapati Shivaji Intl. Airport (T2), Mumbai",29.1,19.9,23.8,58,15.7,8.7,343,1011.8,0.0
2025-02-02,98.0,105.0,3.0,9.0,5.0,3.0,"Chhatrapati Shivaji Intl. Airport (T2), Mumbai",30.9,20.5,25.0,45,14.3,9.7,339,1011.6,0.0
2025-02-03,99.0,99.0,3.0,8.0,5.0,3.0,"Chhatrapati Shivaji Intl. Airport (T2), Mumbai",28.9,20.7,24.7,52,17.1,9.4,333,1012.0,0.0
2025-02-04,94.0,119.0,3.0,9.0,5.0,3.0,"Chhatrapati Shivaji Intl. Airport (T2), Mumbai",29.7,20.1,24.6,53,15.0,9.5,335,1013.0,0.0
2025-02-05,112.0,110.0,3.0,12.0,9.0,4.0,"Chhatrapati Shivaji Intl. Airport (T2), Mumbai",31.5,20.9,25.0,38,19.1,13.3,345,1011.9,0.0
2025-02-06,107.0,113.0,3.0,13.0,8.0,5.0,"Chhatrapati Shivaji Intl. Airport (T2), Mumbai",31.8,19.3,25.5,43,12.6,8.3,339,1010.7,0.0
2025-02-07,111.0,120.0,3.0,15.0,8.0,5.0,"Chhatrapati Shivaji Intl. Airport (T2), Mumbai",34.3,22.2,27.2,53,10.9,5.9,334,1011.7,0.0
2025-02-08,116.0,185.0,2.0,13.0,8.0,5.0,"Chhatrapati Shivaji Intl. Airport (T2), Mumbai",33.2,21.9,27.2,55,12.6,6.4,337,1011.8,0.0
2025-02-09,108.0,118.0,3.0,12.0,8.0,4.0,"Chhatrapati Shivaji Intl. Airport (T2), Mumbai",33.0,22.6,27.5,48,14.2,9.0,334,1011.3,0.0
2025-02-10,135.0,118.0,3.0,10.0,8.0,4.0,"Chhatrapati Shivaji Intl. Airport (T2), Mumbai",33.5,23.2,27.4,46,15.0,10.6,334,1012.6,0.0
2025-02-11,99.0,162.0,3.0,11.0,7.0,4.0,"Chhatrapati Shivaji Intl. Airport (T2), Mumbai",32.3,21.7,26.2,47,15.9,9.9,337,1013.4,0.0
2025-02-12,98.0,72.0,3.0,11.0,8.0,4.0,"Chhatrapati Shivaji Intl. Airport (T2), Mumbai",33.2,20.4,26.0,49,15.4,10.6,344,1013.4,0.0
2025-02-13,101.0,77.0,3.0,15.0,8.0,5.0,"Chhatrapati Shivaji Intl. Airport (T2), Mumbai",34.8,21.5,27.5,40,15.7,10.8,349,1012.5,0.0
2025-02-14,110.0,70.0,2.0,11.0,8.0,4.0,"Chhatrapati Shivaji Intl. Airport (T2), Mumbai",34.7,22.5,28.5,35,18.8,11.7,350,1012.0,0.0
2025-02-15,98.0,71.0,2.0,12.0,8.0,4.0,"Chhatrapati Shivaji Intl. Airport (T2), Mumbai",35.2,22.0,28.7,31,17.5,9.5,346,1011.3,0.0
2025-02-16,99.0,67.0,3.0,9.0,7.0,3.0,"Chhatrapati Shivaji Intl. Airport (T2), Mumbai",35.1,21.6,27.5,35,16.0,9.2,337,1011.9,0.0
2025-02-17,91.0,70.0,3.0,11.0,8.0,4.0,"Chhatrapati Shivaji Intl. Airport (T2), Mumbai",34.2,20.8,27.1,44,17.3,9.4,340,1012.6,0.0
2025-02-18,97.0,76.0,3.0,16.0,9.0,6.0,"Chhatrapati Shivaji Intl. Airport (T2), Mumbai",34.8,23.4,28.2,39,18.5,11.0,344,1012.4,0.0
2025-02-19,110.0,70.0,3.0,10.0,7.0,3.0,"Chhatrapati Shivaji Intl. Airport (T2), Mumbai",33.4,23.2,28.0,38,17.8,10.8,338,1011.5,0.0
2025-02-20,97.0,71.0,3.0,11.0,8.0,4.0,"Chhatrapati Shivaji Intl. Airport (T2), Mumbai",34.7,22.2,28.3,39,18.5,12.1,345,1011.8,0.0
2025-02-21,99.0,71.0,3.0,11.0,8.0,4.0,"Chhatrapati Shivaji Intl. Airport (T2), Mumbai",36.7,24.6,30.0,31,16.9,12.4,3,1012.8,0.0
2025-02-22,99.0,76.0,3.0,16.0,8.0,6.0,"Chhatrapati Shivaji Intl. Airport (T2), Mumbai",34.9,24.5,29.2,34,17.7,10.5,345,1013.3,0.0
2025-02-23,110.0,67.0,3.0,11.0,7.0,4.0,"Chhatrapati Shivaji Intl. Airport (T2), Mumbai",35.7,23.6,29.6,34,15.4,9.6,348,1013.4,0.0
2025-02-24,93.0,70.0,3.0,12.0,7.0,4.0,"Chhatrapati Shivaji Intl. Airport (T2), Mumbai",36.8,24.2,29.7,33,14.4,10.0,354,1013.2,0.0
2025-02-25,98.0,73.0,3.0,13.0,4.0,5.0,"Chhatrapati Shivaji Intl. Airport (T2), Mumbai",37.5,24.7,29.8,34,14.6,7.3,355,1013.9,0.0
2025-02-26,104.0,70.0,3.0,11.0,4.0,4.0,"Chhatrapati Shivaji Intl. Airport (T2), Mumbai",37.2,22.9,29.0,46,14.8,5.4,312,1014.1,0.0
2025-02-27,97.0,77.0,3.0,14.0,5.0,5.0,"Chhatrapati Shivaji Intl. Airport (T2), Mumbai",35.8,23.9,29.2,44,15.0,6.5,306,1012.8,0.0
2025-02-28,111.0,69.0,2.0,11.0,12.0,4.0,"Chhatrapati Shivaji Intl. Airport (T2), Mumbai",33.4,24.1,28.8,51,14.9,7.9,329,1011.6,0.0
2025-03-01,95.0,70.0,3.0,11.0,12.0,4.0,"Chhatrapati Shivaji Intl. Airport (T2), Mumbai",33.7,24.5,29.0,42,16.1,10.7,335,1011.0,0.0
2025-03-02,98.0,71.0,3.0,10.0,21.0,3.0,"Chhatrapati Shivaji Intl. Airport (T2), Mumbai",36.2,24.6,29.3,36,17.1,11.7,337,1010.3,0.0
2025-03-03,99.0,73.0,3.0,10.0,14.5,3.0,"Chhatrapati Shivaji Intl. Airport (T2), Mumbai",36.2,24.3,29.5,39,17.7,12.2,346,1010.6,0.0
2025-03-04,103.0,69.0,3.0,10.0,8.0,3.0,"Chhatrapati Shivaji Intl. Airport (T2), Mumbai",35.8,24.9,29.4,39,19.0,13.4,346,1011.2,0.0
2025-03-05,95.0,121.0,3.0,10.0,7.0,3.0,"Chhatrapati Shivaji Intl. Airport (T2), Mumbai",36.8,24.2,29.6,31,16.9,12.0,345,1010.9,0.0
2025-03-06,124.0,74.0,3.0,13.0,8.0,4.0,"Chhatrapati Shivaji Intl. Airport (T2), Mumbai",35.0,22.5,28.6,25,16.5,9.9,347,1011.6,0.0
2025-03-07,107.0,74.0,3.0,13.0,7.0,5.0,"Chhatrapati Shivaji Intl. Airport (T2), Mumbai",36.9,24.5,29.4,25,16.8,9.9,344,1009.9,0.0
2025-03-08,105.0,174.0,3.0,11.0,7.0,4.0,"Chhatrapati Shivaji Intl. Airport (T2), Mumbai",36.0,23.5,28.9,35,14.9,9.4,331,1008.5,0.0
2025-03-09,149.0,145.0,3.0,14.0,7.0,5.0,"Chhatrapati Shivaji Intl. Airport (T2), Mumbai",35.6,22.9,28.5,48,15.0,6.8,331,1008.6,0.0
2025-03-10,112.5,116.0,3.0,17.0,8.0,6.0,"Chhatrapati Shivaji Intl. Airport (T2), Mumbai",39.0,24.2,30.7,35,17.4,6.8,315,1009.9,0.0
2025-03-11,117.0,75.0,3.0,14.0,7.0,5.0,"Chhatrapati Shivaji Intl. Airport (T2), Mumbai",37.4,25.5,30.5,44,15.4,6.4,293,1011.0,0.0
2025-03-12,107.0,71.0,3.0,12.0,8.0,4.0,"Chhatrapati Shivaji Intl. Airport (T2), Mumbai",37.0,25.1,30.2,50,14.4,6.3,311,1009.9,0.0
2025-03-13,100.0,70.0,3.0,11.0,7.0,4.0,"Chhatrapati Shivaji Intl. Airport (T2), Mumbai",34.2,24.8,29.4,62,13.2,7.4,301,1009.3,0.0
2025-03-14,98.0,61.0,3.0,9.0,7.0,3.0,"Chhatrapati Shivaji Intl. Airport (T2), Mumbai",34.7,24.2,29.3,57,15.0,7.4,316,1009.8,0.0
2025-03-15,80.0,63.0,3.0,9.0,7.0,3.0,"Chhatrapati Shivaji Intl. Airport (T2), Mumbai",35.5,24.8,29.3,54,15.7,9.4,331,1010.5,0.0
2025-03-16,84.0,113.0,3.0,9.0,7.0,3.0,"Chhatrapati Shivaji Intl. Airport (T2), Mumbai",33.2,25.1,29.0,53,15.9,10.2,334,1011.0,0.0
2025-03-17,110.0,62.0,3.0,8.0,7.0,3.0,"Chhatrapati Shivaji Intl. Airport (T2), Mumbai",33.5,24.8,28.7,58,17.3,9.9,333,1011.0,0.0
2025-03-18,82.0,63.0,3.0,9.0,8.0,3.0,"Chhatrapati Shivaji Intl. Airport (T2), Mumbai",33.2,23.0,27.9,65,15.9,8.4,322,1010.4,0.0
2025-03-19,83.0,64.0,3.0,9.0,7.0,3.0,"Chhatrapati Shivaji Intl. Airport (T2), Mumbai",32.3,23.1,27.6,64,16.2,9.0,322,1011.6,0.0
2025-03-20,85.0,61.0,3.0,8.0,7.0,3.0,"Chhatrapati Shivaji Intl. Airport (T2), Mumbai",35.1,23.1,29.0,45,18.0,9.7,336,1013.0,0.0
2025-03-21,81.0,60.0,3.0,8.0,7.0,3.0,"Chhatrapati Shivaji Intl. Airport (T2), Mumbai",32.4,25.2,28.0,58,18.2,11.8,327,1013.6,0.0
2025-03-22,79.0,212.0,2.0,9.0,7.0,3.0,"Chhatrapati Shivaji Intl. Airport (T2), Mumbai",32.7,22.5,27.4,65,17.0,7.7,328,1012.5,0.0
2025-03-23,159.0,65.0,3.0,9.0,8.0,3.0,"Chhatrapati Shivaji Intl. Airport (T2), Mumbai",33.8,23.7,28.4,68,14.4,5.7,289,1012.0,0.0
2025-03-24,87.0,68.0,3.0,11.0,7.0,4.0,"Chhatrapati Shivaji Intl. Airport (T2), Mumbai",32.9,24.6,28.3,75,17.4,7.3,286,1011.9,0.0
2025-03-25,94.0,61.0,3.0,8.0,7.0,3.0,"Chhatrapati Shivaji Intl. Airport (T2), Mumbai",33.2,24.5,28.6,67,16.7,8.3,308,1009.2,0.0
2025-03-26,80.0,60.0,2.0,8.0,7.0,3.0,"Chhatrapati Shivaji Intl. Airport (T2), Mumbai",31.5,23.9,27.7,73,15.2,7.6,295,1008.6,0.0
2025-03-27,78.0,64.0,3.0,9.0,8.0,3.0,"Chhatrapati Shivaji Intl. Airport (T2), Mumbai",30.8,24.3,27.1,76,16.5,8.3,318,1009.8,0.0
2025-03-28,87.0,71.0,3.0,12.0,7.0,4.0,"Chhatrapati Shivaji Intl. Airport (T2), Mumbai",32.5,23.6,28.5,61,17.3,10.0,335,1008.5,0.0
2025-03-29,99.0,70.0,3.0,13.0,7.0,4.0,"Chhatrapati Shivaji Intl. Airport (T2), Mumbai",36.2,26.4,30.9,31,16.2,10.5,334,1007.0,0.0
2025-03-30,97.0,65.0,3.0,11.0,7.0,4.0,"Chhatrapati Shivaji Intl. Airport (T2), Mumbai",37.7,26.6,31.5,39,18.2,9.4,321,1007.4,0.0
2025-03-31,87.0,65.0,3.0,11.0,8.0,4.0,"Chhatrapati Shivaji Intl. Airport (T2), Mumbai",37.0,25.5,31.2,44,16.0,8.8,323,1007.7,0.0
2025-04-01,89.0,68.0,3.0,12.0,8.0,4.0,"Chhatrapati Shivaji Intl. Airport (T2), Mumbai",38.8,25.9,31.7,44,14.5,8.0,330,1006.9,0.0
2025-04-02,93.0,64.0,3.0,11.0,7.0,4.0,"Chhatrapati Shivaji Intl. Airport (T2), Mumbai",37.4,27.8,31.8,41,15.3,6.3,252,1007.4,0.0
2025-04-03,87.0,64.0,3.0,10.0,7.0,3.0,"Chhatrapati Shivaji Intl. Airport (T2), Mumbai",32.5,27.2,29.4,73,12.1,7.4,220,1010.8,0.6
2025-04-04,87.0,66.0,3.0,13.0,10.0,4.0,"Chhatrapati Shivaji Intl. Airport (T2), Mumbai",33.2,26.4,29.2,76,15.4,8.2,294,1011.9,1.0
2025-04-05,89.0,64.0,3.0,12.0,7.0,4.0,"Chhatrapati Shivaji Intl. Airport (T2), Mumbai",35.4,24.7,29.7,63,18.5,8.9,323,1009.8,0.0
2025-04-06,86.0,66.0,3.0,14.0,12.0,5.0,"Chhatrapati Shivaji Intl. Airport (T2), Mumbai",35.7,24.8,30.0,59,16.1,5.9,286,1008.7,0.0
2025-04-07,89.0,67.0,3.0,16.0,13.0,6.0,"Chhatrapati Shivaji Intl. Airport (T2), Mumbai",36.4,24.9,30.7,57,19.1,8.6,320,1008.4,0.0
2025-04-08,91.0,247.0,3.0,11.0,8.0,4.0,"Chhatrapati Shivaji Intl. Airport (T2), Mumbai",36.5,26.0,31.1,49,19.9,8.3,328,1008.9,0.0
2025-04-09,172.0,59.0,3.0,8.0,8.0,3.0,"Chhatrapati Shivaji Intl. Airport (T2), Mumbai",34.6,26.1,30.4,58,16.2,7.5,266,1008.5,0.0
2025-04-10,77.0,197.0,3.0,8.0,8.0,3.0,"Chhatrapati Shivaji Intl. Airport (T2), Mumbai",33.2,26.6,29.4,74,12.4,8.9,204,1007.3,0.0
2025-04-11,148.0,78.0,3.0,8.0,7.0,2.0,"Chhatrapati Shivaji Intl. Airport (T2), Mumbai",33.0,25.5,29.0,73,14.5,9.5,209,1007.2,0.0
2025-04-12,85.0,60.0,3.0,7.0,8.0,2.0,"Chhatrapati Shivaji Intl. Airport (T2), Mumbai",32.2,25.6,28.8,75,14.7,7.6,229,1009.0,0.1
2025-04-13,79.0,60.0,2.0,7.0,8.0,2.0,"Chhatrapati Shivaji Intl. Airport (T2), Mumbai",32.7,25.5,28.9,75,16.1,8.2,307,1010.2,0.0
2025-04-14,79.0,125.0,2.0,8.0,8.0,3.0,"Chhatrapati Shivaji Intl. Airport (T2), Mumbai",36.4,24.5,30.1,62,19.3,11.2,332,1008.8,0.0
2025-04-15,120.0,60.0,2.0,6.0,8.0,2.0,"Chhatrapati Shivaji Intl. Airport (T2), Mumbai",35.1,25.5,30.0,62,16.9,9.2,320,1008.2,0.0
2025-04-16,79.0,58.0,3.0,6.0,8.0,2.0,"Chhatrapati Shivaji Intl. Airport (T2), Mumbai",33.0,25.6,29.1,74,15.4,7.7,283,1008.2,0.0
2025-04-17,76.0,58.0,2.0,6.0,8.0,2.0,"Chhatrapati Shivaji Intl. Airport (T2), Mumbai",32.4,25.6,28.8,78,15.7,7.4,270,1008.1,0.0
2025-04-18,75.0,58.0,3.0,7.0,8.0,2.0,"Chhatrapati Shivaji Intl. Airport (T2), Mumbai",32.3,26.0,28.9,76,14.9,7.6,265,1007.6,0.0
2025-04-19,74.0,60.0,3.0,9.0,8.0,3.0,"Chhatrapati Shivaji Intl. Airport (T2), Mumbai",32.7,26.0,29.2,75,15.9,8.9,258,1008.0,0.0
2025-04-20,79.0,59.0,3.0,8.0,8.0,3.0,"Chhatrapati Shivaji Intl. Airport (T2), Mumbai",33.0,25.3,29.2,72,14.5,8.3,287,1008.3,0.0
2025-04-21,78.0,65.0,3.0,9.0,8.0,3.0,"Chhatrapati Shivaji Intl. Airport (T2), Mumbai",32.7,25.9,29.1,74,15.3,8.8,306,1009.7,0.0
2025-04-22,88.0,65.0,3.0,9.0,7.0,3.0,"Chhatrapati Shivaji Intl. Airport (T2), Mumbai",34.3,25.4,29.8,70,16.8,7.9,312,1009.7,0.0
2025-04-23,88.0,62.0,3.0,9.0,7.0,3.0,"Chhatrapati Shivaji Intl. Airport (T2), Mumbai",34.8,26.5,30.2,72,16.7,7.4,264,1008.3,0.0
2025-04-24,82.0,60.0,3.0,9.0,8.0,3.0,"Chhatrapati Shivaji Intl. Airport (T2), Mumbai",33.3,26.7,29.7,74,14.4,8.3,248,1007.5,0.0
2025-04-25,79.0,59.0,2.0,8.0,7.0,3.0,"Chhatrapati Shivaji Intl. Airport (T2), Mumbai",33.7,26.3,29.6,71,14.9,7.4,289,1008.0,0.0
2025-04-26,77.0,61.0,2.0,9.0,8.0,3.0,"Chhatrapati Shivaji Intl. Airport (T2), Mumbai",33.2,26.2,29.4,71,15.6,7.0,276,1007.8,0.0
2025-04-27,80.0,60.0,2.0,8.0,8.0,3.0,"Chhatrapati Shivaji Intl. Airport (T2), Mumbai",33.3,25.9,29.3,74,15.6,8.0,295,1008.2,0.0
2025-04-28,79.0,61.0,3.0,8.0,7.0,3.0,"Chhatrapati Shivaji Intl. Airport (T2), Mumbai",32.8,26.1,29.3,75,16.1,8.5,250,1007.4,0.0
2025-04-29,80.0,59.0,2.0,8.0,8.0,3.0,"Chhatrapati Shivaji Intl. Airport (T2), Mumbai",32.8,26.3,29.4,76,14.1,7.8,236,1006.8,0.0
2025-04-30,78.0,59.0,2.0,8.0,8.0,3.0,"Chhatrapati Shivaji Intl. Airport (T2), Mumbai",33.0,26.3,29.6,75,15.2,8.1,267,1007.9,0.0
2025-05-01,77.0,59.0,3.0,9.0,8.0,3.0,"Chhatrapati Shivaji Intl. Airport (T2), Mumbai",33.3,26.0,29.8,75,18.4,7.3,283,1008.3,0.0
2025-05-02,77.0,57.0,3.0,8.0,8.0,3.0,"Chhatrapati Shivaji Intl. Airport (T2), Mumbai",34.5,26.0,30.0,68,14.4,7.6,283,1008.4,0.0
2025-05-03,74.0,57.0,3.0,8.0,8.0,3.0,"Chhatrapati Shivaji Intl. Airport (T2), Mumbai",33.2,25.7,29.8,68,15.6,8.5,241,1008.2,0.0
2025-05-04,73.0,58.0,3.0,8.0,8.0,3.0,"Chhatrapati Shivaji Intl. Airport (T2), Mumbai",32.9,26.7,30.0,68,15.4,8.6,255,1007.9,0.0
2025-05-05,76.0,58.0,3.0,8.0,8.0,3.0,"Chhatrapati Shivaji Intl. Airport (T2), Mumbai",33.5,27.8,30.2,70,14.6,8.2,251,1007.5,0.0
2025-05-06,74.0,56.5,3.0,8.5,8.0,3.0,"Chhatrapati Shivaji Intl. Airport (T2), Mumbai",32.8,23.3,28.7,73,15.9,8.4,246,1008.4,6.3
2025-05-07,72.0,55.0,3.0,9.0,8.0,3.0,"Chhatrapati Shivaji Intl. Airport (T2), Mumbai",32.3,25.4,27.9,73,17.6,9.6,220,1007.6,3.0
2025-05-08,70.0,55.0,3.0,9.0,8.0,3.0,"Chhatrapati Shivaji Intl. Airport (T2), Mumbai",29.4,22.7,26.6,81,14.3,9.4,206,1007.5,9.3
2025-05-09,70.0,56.0,3.0,9.0,8.0,3.0,"Chhatrapati Shivaji Intl. Airport (T2), Mumbai",28.5,25.0,27.1,82,15.2,9.6,196,1008.4,2.0
2025-05-10,72.0,57.0,3.0,9.0,8.0,3.0,"Chhatrapati Shivaji Intl. Airport (T2), Mumbai",30.9,24.5,28.0,81,11.5,6.5,225,1008.3,0.5
2025-05-11,73.0,56.0,3.0,9.0,8.0,3.0,"Chhatrapati Shivaji Intl. Airport (T2), Mumbai",32.5,25.8,29.1,76,12.0,5.7,258,1007.6,0.4
2025-05-12,71.0,90.0,3.0,8.0,7.0,3.0,"Chhatrapati Shivaji Intl. Airport (T2), Mumbai",33.6,27.1,30.3,70,13.1,6.8,261,1006.6,1.6
2025-05-13,93.0,65.0,3.0,7.0,8.0,2.0,"Chhatrapati Shivaji Intl. Airport (T2), Mumbai",33.8,27.6,30.5,70,13.1,6.2,302,1006.7,1.7
2025-05-14,87.0,62.0,3.0,6.0,8.0,2.0,"Chhatrapati Shivaji Intl. Airport (T2), Mumbai",33.2,24.7,29.9,72,12.3,7.1,306,1007.2,0.6
2025-05-15,81.5,59.0,3.0,5.0,8.0,2.0,"Chhatrapati Shivaji Intl. Airport (T2), Mumbai",33.2,27.8,30.5,70,14.3,6.7,291,1007.2,1.8
2025-05-16,76.0,57.0,3.0,5.0,8.0,2.0,"Chhatrapati Shivaji Intl. Airport (T2), Mumbai",33.8,28.9,31.0,65,14.1,7.8,245,1007.0,1.0
2025-05-17,74.0,58.0,3.0,5.0,8.0,2.0,"Chhatrapati Shivaji Intl. Airport (T2), Mumbai",32.5,28.5,30.6,66,13.3,7.7,236,1006.6,0.9
2025-05-18,75.0,59.0,3.0,6.0,8.0,2.0,"Chhatrapati Shivaji Intl. Airport (T2), Mumbai",34.4,28.7,31.2,61,14.7,7.0,258,1005.9,0.0
2025-05-19,76.0,60.0,3.0,7.0,8.0,2.0,"Chhatrapati Shivaji Intl. Airport (T2), Mumbai",32.3,28.4,30.3,69,16.2,6.8,308,1004.9,0.2
2025-05-20,78.0,58.0,3.0,7.0,8.0,3.0,"Chhatrapati Shivaji Intl. Airport (T2), Mumbai",34.3,28.3,30.2,75,13.2,6.7,318,1004.1,8.7
2025-05-21,75.0,57.0,3.0,7.0,8.0,2.0,"Chhatrapati Shivaji Intl. Airport (T2), Mumbai",31.5,26.5,29.0,83,10.7,5.8,332,1003.3,1.1
2025-05-22,72.0,62.0,3.0,8.0,8.0,3.0,"Chhatrapati Shivaji Intl. Airport (T2), Mumbai",31.8,25.8,28.5,82,18.3,7.8,336,1002.1,21.2
2025-05-23,83.0,63.0,3.0,9.0,8.0,3.0,"Chhatrapati Shivaji Intl. Airport (T2), Mumbai",32.5,26.2,28.7,86,13.2,4.6,330,999.6,2.2
2025-05-24,84.0,58.0,2.0,7.0,8.0,2.0,"Chhatrapati Shivaji Intl. Airport (T2), Mumbai",32.1,25.6,28.8,84,12.0,7.9,343,999.4,8.9
2025-05-25,76.0,58.0,2.0,7.0,8.0,2.0,"Chhatrapati Shivaji Intl. Airport (T2), Mumbai",28.5,23.9,26.5,91,11.6,6.1,325,1001.8,27.3
2025-05-26,75.0,57.0,3.0,6.0,8.0,2.0,"Chhatrapati Shivaji Intl. Airport (T2), Mumbai",27.8,25.0,26.2,93,21.3,9.8,352,1002.0,54.0
2025-05-27,73.0,58.0,2.0,7.0,8.0,2.0,"Chhatrapati Shivaji Intl. Airport (T2), Mumbai",29.8,25.6,27.3,89,13.0,6.0,275,1001.9,9.1
2025-05-28,76.0,60.0,3.0,6.0,8.0,2.0,"Chhatrapati Shivaji Intl. Airport (T2), Mumbai",27.8,25.9,26.9,90,13.5,8.0,212,1002.4,11.5
2025-05-29,80.0,61.0,3.0,5.0,8.0,1.0,"Chhatrapati Shivaji Intl. Airport (T2), Mumbai",31.4,26.5,28.9,86,17.8,9.8,257,1000.9,5.6
2025-05-30,80.0,59.0,3.0,5.0,8.0,1.0,"Chhatrapati Shivaji Intl. Airport (T2), Mumbai",31.5,28.2,29.6,78,17.8,15.6,251,1002.1,1.8
2025-05-31,77.0,57.0,3.0,5.0,8.0,2.0,"Chhatrapati Shivaji Intl. Airport (T2), Mumbai",31.0,27.5,29.2,80,20.0,14.7,233,1005.5,3.5
2025-06-01,74.0,58.0,3.0,5.0,8.0,2.0,"Chhatrapati Shivaji Intl. Airport (T2), Mumbai",29.2,25.7,27.3,85,19.1,13.5,200,1006.0,11.1
2025-06-02,75.0,59.0,3.0,5.0,8.0,2.0,"Chhatrapati Shivaji Intl. Airport (T2), Mumbai",30.6,25.6,27.8,83,19.9,14.4,202,1004.9,8.8
2025-06-03,77.0,57.0,3.0,6.0,8.0,2.0,"Chhatrapati Shivaji Intl. Airport (T2), Mumbai",30.1,25.4,27.4,84,20.9,14.4,197,1005.3,12.8
2025-06-04,73.0,64.0,3.0,7.0,8.0,2.0,"Chhatrapati Shivaji Intl. Airport (T2), Mumbai",29.2,24.2,27.0,85,14.6,9.5,177,1006.5,4.5
2025-06-05,85.0,63.0,3.0,8.0,8.0,2.0,"Chhatrapati Shivaji Intl. Airport (T2), Mumbai",30.2,24.7,27.8,83,10.0,5.4,186,1008.5,1.6
2025-06-06,84.0,58.0,3.0,7.0,8.0,2.0,"Chhatrapati Shivaji Intl. Airport (T2), Mumbai",30.2,26.5,28.3,83,10.0,4.6,271,1009.4,4.7
2025-06-07,74.0,60.0,3.0,8.0,8.0,2.0,"Chhatrapati Shivaji Intl. Airport (T2), Mumbai",29.6,25.2,27.7,86,10.1,4.9,257,1009.5,8.1
2025-06-08,79.0,60.0,3.0,6.0,8.0,2.0,"Chhatrapati Shivaji Intl. Airport (T2), Mumbai",30.2,26.4,28.4,82,14.0,7.7,281,1008.8,4.4
2025-06-09,78.0,58.0,3.0,6.0,8.0,2.0,"Chhatrapati Shivaji Intl. Airport (T2), Mumbai",30.8,27.2,29.0,77,18.8,10.8,297,1007.8,2.0
2025-06-10,76.0,56.0,3.0,6.0,8.0,2.0,"Chhatrapati Shivaji Intl. Airport (T2), Mumbai",30.5,27.1,28.8,80,17.5,10.5,297,1005.8,0.8
2025-06-11,72.0,56.0,3.0,6.0,8.0,2.0,"Chhatrapati Shivaji Intl. Airport (T2), Mumbai",31.8,27.8,29.7,77,17.1,11.9,304,1004.2,0.8
2025-06-12,72.0,57.0,3.0,6.0,8.0,2.0,"Chhatrapati Shivaji Intl. Airport (T2), Mumbai",31.5,28.6,30.0,78,23.7,16.0,309,1002.3,2.8
2025-06-13,74.0,58.0,3.0,6.0,8.0,2.0,"Chhatrapati Shivaji Intl. Airport (T2), Mumbai",30.5,25.4,28.3,86,19.9,11.7,331,1001.7,29.6
2025-06-14,74.0,56.0,3.0,7.0,8.0,2.0,"Chhatrapati Shivaji Intl. Airport (T2), Mumbai",30.5,25.4,27.5,90,13.1,7.0,336,1000.4,58.0
2025-06-15,71.0,53.0,3.0,6.0,8.0,2.0,"Chhatrapati Shivaji Intl. Airport (T2), Mumbai",29.6,25.2,26.7,93,15.3,7.7,154,997.8,55.5
2025-06-16,65.0,54.333333333333336,2.6666666666666665,6.0,8.0,2.0,"Chhatrapati Shivaji Intl. Airport (T2), Mumbai",27.1,25.7,26.2,92,28.8,21.6,250,998.7,100.9
2025-06-18,70.33333333333333,57.0,2.0,6.0,8.0,2.0,"Chhatrapati Shivaji Intl. Airport (T2), Mumbai",28.4,25.9,27.0,89,26.4,21.1,249,1002.6,86.1
2025-06-19,73.0,56.0,3.0,6.0,8.0,2.0,"Chhatrapati Shivaji Intl. Airport (T2), Mumbai",28.4,24.4,26.4,91,23.7,17.5,246,1003.5,65.8
2025-06-20,71.0,56.0,3.0,6.0,8.0,2.0,"Chhatrapati Shivaji Intl. Airport (T2), Mumbai",29.5,26.0,27.6,84,20.5,17.0,230,1004.9,11.3
2025-06-21,72.0,57.0,3.0,6.0,8.0,2.0,"Chhatrapati Shivaji Intl. Airport (T2), Mumbai",30.0,24.9,27.6,85,20.4,15.7,231,1005.3,10.0
2025-06-22,73.0,57.0,3.0,6.0,8.0,2.0,"Chhatrapati Shivaji Intl. Airport (T2), Mumbai",29.1,25.7,27.4,84,23.1,17.6,234,1004.4,15.8
2025-06-23,73.0,57.0,3.0,6.0,8.0,2.0,"Chhatrapati Shivaji Intl. Airport (T2), Mumbai",28.3,25.5,26.8,87,24.8,19.0,240,1002.9,51.2
2025-06-24,74.0,58.0,3.0,6.0,8.0,2.0,"Chhatrapati Shivaji Intl. Airport (T2), Mumbai",29.1,25.4,27.0,87,24.0,17.5,244,1002.0,26.7
2025-06-25,75.0,58.0,3.0,6.0,8.0,2.0,"Chhatrapati Shivaji Intl. Airport (T2), Mumbai",30.0,26.4,28.1,82,24.1,19.9,244,1001.4,10.0
2025-06-26,74.0,58.5,3.0,6.5,8.0,2.0,"Chhatrapati Shivaji Intl. Airport (T2), Mumbai",28.6,25.2,26.7,89,18.1,15.1,230,1001.8,25.0
2025-06-27,75.0,59.0,3.0,7.0,8.0,2.0,"Chhatrapati Shivaji Intl. Airport (T2), Mumbai",28.8,24.9,27.2,83,22.4,18.5,224,1002.5,13.9
2025-06-28,76.0,57.0,3.0,7.0,8.0,2.0,"Chhatrapati Shivaji Intl. Airport (T2), Mumbai",29.4,25.6,27.3,81,26.0,21.2,229,1003.9,21.5
2025-06-29,73.0,56.0,3.0,7.0,8.0,2.0,"Chhatrapati Shivaji Intl. Airport (T2), Mumbai",28.9,25.7,27.3,84,22.0,17.7,230,1004.1,18.1
2025-06-30,72.0,57.0,3.0,7.0,8.0,2.0,"Chhatrapati Shivaji Intl. Airport (T2), Mumbai",29.1,24.8,26.9,84,23.4,18.0,244,1003.9,22.2
2025-07-01,73.0,57.0,3.0,7.0,8.0,2.0,"Chhatrapati Shivaji Intl. Airport (T2), Mumbai",28.8,24.5,26.8,86,19.2,15.8,244,1004.2,34.3
2025-07-02,72.0,56.0,3.0,7.0,8.0,2.0,"Chhatrapati Shivaji Intl. Airport (T2), Mumbai",28.7,25.0,26.5,88,19.5,15.9,247,1003.5,40.8
2025-07-03,72.0,56.0,3.0,7.0,8.0,2.0,"Chhatrapati Shivaji Intl. Airport (T2), Mumbai",28.2,24.8,26.4,87,22.6,17.1,231,1003.6,26.3
2025-07-04,72.0,57.0,3.0,7.0,8.0,2.0,"Chhatrapati Shivaji Intl. Airport (T2), Mumbai",28.0,25.5,26.7,85,21.7,18.7,229,1004.5,20.2
2025-07-05,73.0,58.0,3.0,7.0,8.0,2.0,"Chhatrapati Shivaji Intl. Airport (T2), Mumbai",27.5,25.8,26.6,86,23.4,19.6,241,1004.3,37.9
2025-07-06,74.0,57.0,3.0,7.0,8.0,2.0,"Chhatrapati Shivaji Intl. Airport (T2), Mumbai",27.5,25.5,26.4,87,26.5,19.4,240,1003.7,31.3
2025-07-07,73.0,58.0,3.0,7.0,8.0,2.0,"Chhatrapati Shivaji Intl. Airport (T2), Mumbai",28.5,25.5,27.0,85,22.8,17.7,243,1004.1,7.6
2025-07-08,76.0,58.0,3.0,7.0,8.0,2.0,"Chhatrapati Shivaji Intl. Airport (T2), Mumbai",28.6,26.4,27.5,83,23.0,18.6,244,1004.7,3.7
2025-07-09,75.0,59.0,3.0,7.0,8.0,2.0,"Chhatrapati Shivaji Intl. Airport (T2), Mumbai",27.5,25.6,26.7,87,18.9,13.3,246,1005.1,15.4
2025-07-10,76.0,81.0,3.0,7.0,8.0,3.0,"Chhatrapati Shivaji Intl. Airport (T2), Mumbai",29.0,24.8,27.0,85,14.4,10.5,237,1005.3,6.5
2025-07-11,86.0,57.0,3.0,7.0,8.0,3.0,"Chhatrapati Shivaji Intl. Airport (T2), Mumbai",28.0,25.0,26.7,86,12.9,9.9,235,1005.5,6.1
2025-07-12,74.0,56.0,3.0,7.0,8.0,2.0,"Chhatrapati Shivaji Intl. Airport (T2), Mumbai",29.3,25.1,27.1,85,17.0,10.7,251,1006.0,4.9
2025-07-13,71.0,54.0,3.0,7.0,8.0,3.0,"Chhatrapati Shivaji Intl. Airport (T2), Mumbai",28.5,25.4,26.7,86,15.7,11.5,242,1005.7,14.7
2025-07-14,68.0,79.0,3.0,8.0,8.0,3.0,"Chhatrapati Shivaji Intl. Airport (T2), Mumbai",27.5,24.6,26.1,90,21.7,14.7,242,1004.2,51.0
2025-07-15,86.0,57.0,3.0,7.0,8.0,3.0,"Chhatrapati Shivaji Intl. Airport (T2), Mumbai",27.6,25.1,26.5,87,14.8,11.9,250,1003.8,15.8
2025-07-16,74.0,58.0,3.0,7.0,8.0,3.0,"Chhatrapati Shivaji Intl. Airport (T2), Mumbai",29.1,25.5,27.3,85,16.0,11.1,263,1004.1,7.9
2025-07-17,74.0,57.0,3.0,8.0,8.0,3.0,"Chhatrapati Shivaji Intl. Airport (T2), Mumbai",29.3,25.5,27.4,85,11.2,7.7,247,1004.8,4.1
2025-07-18,74.0,57.0,3.0,8.0,8.0,3.0,"Chhatrapati Shivaji Intl. Airport (T2), Mumbai",29.5,25.5,27.6,83,12.1,8.4,256,1005.1,2.7
2025-07-19,72.0,55.0,3.0,8.0,8.0,3.0,"Chhatrapati Shivaji Intl. Airport (T2), Mumbai",28.3,24.9,27.0,85,13.3,9.3,242,1003.1,6.3
2025-07-20,70.0,55.0,3.0,9.0,8.0,3.0,"Chhatrapati Shivaji Intl. Airport (T2), Mumbai",28.0,24.9,26.3,88,14.3,11.0,223,1002.3,12.3
2025-07-21,69.0,55.0,3.0,8.0,8.0,3.0,"Chhatrapati Shivaji Intl. Airport (T2), Mumbai",28.0,25.5,26.4,89,12.9,9.2,234,1003.5,17.7
2025-07-22,69.0,56.0,3.0,9.0,8.0,3.0,"Chhatrapati Shivaji Intl. Airport (T2), Mumbai",28.0,25.2,26.5,88,14.7,10.2,251,1004.3,18.4
2025-07-23,71.0,55.0,3.0,8.0,8.0,3.0,"Chhatrapati Shivaji Intl. Airport (T2), Mumbai",28.0,24.7,26.3,87,17.3,12.9,251,1003.1,18.6
2025-07-24,70.0,54.0,3.0,8.0,8.0,3.0,"Chhatrapati Shivaji Intl. Airport (T2), Mumbai",27.4,24.9,26.1,87,19.8,14.2,237,1001.7,14.9
2025-07-25,68.0,55.0,3.0,8.0,8.0,3.0,"Chhatrapati Shivaji Intl. Airport (T2), Mumbai",27.1,25.6,26.3,89,20.5,17.3,249,1001.3,40.3
2025-07-26,70.0,57.0,3.0,8.0,8.0,3.0,"Chhatrapati Shivaji Intl. Airport (T2), Mumbai",28.0,25.5,26.4,86,22.4,19.7,255,1002.3,17.4
2025-07-27,73.0,56.0,3.0,8.0,8.0,3.0,"Chhatrapati Shivaji Intl. Airport (T2), Mumbai",28.1,25.2,26.8,83,28.2,23.4,250,1003.5,10.5
2025-07-28,71.0,56.0,2.0,8.0,8.0,3.0,"Chhatrapati Shivaji Intl. Airport (T2), Mumbai",28.3,25.6,26.7,82,25.0,22.7,249,1004.9,8.8
2025-07-29,72.0,57.0,3.0,8.0,8.0,3.0,"Chhatrapati Shivaji Intl. Airport (T2), Mumbai",27.5,25.6,26.5,84,26.4,22.2,254,1005.3,8.6
2025-07-30,74.0,57.0,3.0,8.0,8.0,3.0,"Chhatrapati Shivaji Intl. Airport (T2), Mumbai",27.2,25.6,26.5,87,24.6,20.4,247,1004.9,7.8
2025-07-31,74.0,58.0,3.0,8.0,8.0,3.0,"Chhatrapati Shivaji Intl. Airport (T2), Mumbai",27.6,25.9,26.8,85,21.3,19.0,238,1005.4,3.9
2025-08-01,75.0,56.0,3.0,8.0,8.0,3.0,"Chhatrapati Shivaji Intl. Airport (T2), Mumbai",28.4,25.5,27.0,83,18.5,15.0,243,1006.2,4.1
2025-08-02,71.0,56.0,3.0,8.0,8.0,3.0,"Chhatrapati Shivaji Intl. Airport (T2), Mumbai",28.3,25.1,26.5,86,15.3,10.8,247,1006.4,8.7
2025-08-03,71.0,58.0,3.0,8.0,8.0,3.0,"Chhatrapati Shivaji Intl. Airport (T2), Mumbai",28.1,24.9,26.5,86,12.3,8.7,226,1007.2,4.0
2025-08-04,74.0,56.0,3.0,9.0,8.0,3.0,"Chhatrapati Shivaji Intl. Airport (T2), Mumbai",28.6,25.0,26.9,85,13.0,7.7,250,1008.3,3.5
2025-08-05,71.0,60.0,3.0,9.0,8.0,3.0,"Chhatrapati Shivaji Intl. Airport (T2), Mumbai",28.9,25.0,27.0,84,13.9,7.2,268,1007.9,4.3
2025-08-06,78.0,57.0,3.0,9.0,8.0,3.0,"Chhatrapati Shivaji Intl. Airport (T2), Mumbai",29.2,25.1,27.2,84,14.3,6.6,297,1007.4,1.2
2025-08-07,73.0,58.0,3.0,10.0,8.0,3.0,"Chhatrapati Shivaji Intl. Airport (T2), Mumbai",27.9,25.8,26.9,87,11.6,5.2,292,1007.2,3.2
2025-08-08,75.0,58.0,3.0,9.0,8.0,3.0,"Chhatrapati Shivaji Intl. Airport (T2), Mumbai",28.1,25.8,26.8,86,8.3,4.2,273,1007.9,2.9
2025-08-09,75.0,57.0,3.0,9.0,8.0,3.0,"Chhatrapati Shivaji Intl. Airport (T2), Mumbai",28.5,24.8,26.7,86,9.6,4.9,241,1009.4,1.6
2025-08-10,73.0,57.0,3.0,9.0,8.0,3.0,"Chhatrapati Shivaji Intl. Airport (T2), Mumbai",28.1,25.0,26.5,86,12.7,4.9,238,1008.7,3.2
2025-08-11,74.0,56.0,2.0,9.0,8.0,3.0,"Chhatrapati Shivaji Intl. Airport (T2), Mumbai",28.2,25.0,26.6,84,15.0,8.1,254,1008.4,4.3
2025-08-12,71.0,54.0,3.0,9.0,8.0,3.0,"Chhatrapati Shivaji Intl. Airport (T2), Mumbai",28.6,24.9,26.6,83,15.9,9.0,258,1007.1,5.0
2025-08-13,69.0,54.0,3.0,9.0,8.0,3.0,"Chhatrapati Shivaji Intl. Airport (T2), Mumbai",28.2,25.0,26.1,87,11.9,8.1,247,1005.1,15.4
2025-08-14,67.0,53.0,3.0,9.0,8.0,3.0,"Chhatrapati Shivaji Intl. Airport (T2), Mumbai",27.2,25.1,25.9,89,13.1,8.8,218,1004.4,38.9
2025-08-15,66.0,53.0,3.0,10.0,8.0,3.0,"Chhatrapati Shivaji Intl. Airport (T2), Mumbai",27.2,25.1,26.1,89,14.4,10.9,243,1003.8,35.8
2025-08-16,66.0,53.0,2.0,10.0,8.0,3.0,"Chhatrapati Shivaji Intl. Airport (T2), Mumbai",26.5,24.7,25.4,92,14.2,9.4,246,1002.6,34.2
2025-08-17,67.0,53.0,3.0,9.0,8.0,3.0,"Chhatrapati Shivaji Intl. Airport (T2), Mumbai",28.0,25.1,26.2,88,20.1,12.7,234,1001.4,16.3
2025-08-18,66.0,52.0,3.0,9.0,8.0,3.0,"Chhatrapati Shivaji Intl. Airport (T2), Mumbai",26.0,25.1,25.4,92,23.6,18.8,242,1003.6,127.0
2025-08-19,65.0,53.0,3.0,9.0,8.0,3.0,"Chhatrapati Shivaji Intl. Airport (T2), Mumbai",26.2,25.0,25.5,91,30.3,23.4,249,1002.5,136.5
2025-08-20,67.0,54.0,3.0,9.0,8.0,3.0,"Chhatrapati Shivaji Intl. Airport (T2), Mumbai",26.5,24.8,25.6,89,27.4,23.5,242,1003.7,61.5
2025-08-21,68.0,55.0,3.0,9.0,8.0,3.0,"Chhatrapati Shivaji Intl. Airport (T2), Mumbai",28.0,25.2,26.6,85,25.3,20.5,235,1007.0,26.0
2025-08-22,69.0,54.0,3.0,9.0,8.0,3.0,"Chhatrapati Shivaji Intl. Airport (T2), Mumbai",28.2,25.5,26.9,81,22.1,18.5,240,1007.9,4.5
2025-08-23,68.0,55.0,3.0,9.0,8.0,3.0,"Chhatrapati Shivaji Intl. Airport (T2), Mumbai",28.3,24.6,26.6,81,25.0,20.1,241,1007.1,10.4
2025-08-24,69.0,54.0,3.0,9.0,8.0,3.0,"Chhatrapati Shivaji Intl. Airport (T2), Mumbai",28.5,25.4,26.7,82,24.1,20.6,239,1007.7,6.7
2025-08-25,67.0,54.0,3.0,9.0,8.0,3.0,"Chhatrapati Shivaji Intl. Airport (T2), Mumbai",26.8,24.6,25.5,87,22.3,17.6,243,1007.1,23.2
2025-08-26,68.0,55.0,3.0,10.0,8.0,3.0,"Chhatrapati Shivaji Intl. Airport (T2), Mumbai",27.8,24.9,26.4,85,17.5,14.0,255,1006.7,14.9
2025-08-27,70.0,56.0,2.0,10.0,8.0,4.0,"Chhatrapati Shivaji Intl. Airport (T2), Mumbai",28.4,25.0,26.5,85,12.6,8.9,277,1005.5,7.6
2025-08-28,71.0,55.0,3.0,11.0,8.0,4.0,"Chhatrapati Shivaji Intl. Airport (T2), Mumbai",28.3,25.1,26.5,88,11.4,7.9,286,1004.6,16.3
2025-08-29,70.0,54.0,3.0,10.0,8.0,4.0,"Chhatrapati Shivaji Intl. Airport (T2), Mumbai",28.0,25.4,26.4,88,12.2,8.7,239,1004.6,7.5
2025-08-30,68.0,55.0,2.0,10.0,8.0,3.0,"Chhatrapati Shivaji Intl. Airport (T2), Mumbai",28.4,25.0,26.5,86,12.0,8.9,228,1006.5,2.8
2025-08-31,69.0,55.0,3.0,9.0,8.0,3.0,"Chhatrapati Shivaji Intl. Airport (T2), Mumbai",27.6,25.0,26.4,86,18.2,12.4,245,1006.9,10.0
2025-09-01,69.0,55.0,3.0,10.0,8.0,3.0,"Chhatrapati Shivaji Intl. Airport (T2), Mumbai",27.8,25.1,26.4,85,21.1,16.4,257,1005.3,6.7
2025-09-02,69.0,56.0,2.0,10.0,8.0,3.0,"Chhatrapati Shivaji Intl. Airport (T2), Mumbai",28.2,24.9,26.6,86,15.4,13.5,272,1005.1,5.7
2025-09-03,72.0,55.0,3.0,11.0,8.0,4.0,"Chhatrapati Shivaji Intl. Airport (T2), Mumbai",28.7,24.7,26.8,83,16.2,12.0,283,1005.4,4.8
2025-09-04,70.0,56.0,3.0,10.0,8.0,4.0,"Chhatrapati Shivaji Intl. Airport (T2), Mumbai",26.1,24.8,25.6,88,12.4,9.8,279,1005.7,17.2
2025-09-05,72.0,54.0,3.0,10.0,8.0,4.0,"Chhatrapati Shivaji Intl. Airport (T2), Mumbai",27.4,24.9,25.9,89,17.6,11.6,260,1006.2,18.2
2025-09-06,68.0,56.0,3.0,10.0,8.0,4.0,"Chhatrapati Shivaji Intl. Airport (T2), Mumbai",26.5,24.8,25.7,87,19.8,14.6,237,1007.3,24.9
2025-09-07,71.0,57.0,3.0,11.0,8.0,4.0,"Chhatrapati Shivaji Intl. Airport (T2), Mumbai",28.1,24.7,26.2,84,17.8,13.8,229,1007.5,9.2
2025-09-08,72.0,58.0,3.0,11.0,8.0,4.0,"Chhatrapati Shivaji Intl. Airport (T2), Mumbai",27.8,24.2,26.1,86,17.1,12.1,205,1007.4,5.5
2025-09-09,76.0,61.0,3.0,11.0,8.0,4.0,"Chhatrapati Shivaji Intl. Airport (T2), Mumbai",28.9,24.1,26.4,87,10.4,7.4,189,1009.0,0.7
2025-09-10,80.0,60.0,2.0,11.0,8.0,4.0,"Chhatrapati Shivaji Intl. Airport (T2), Mumbai",29.5,24.5,26.7,84,11.9,5.7,295,1009.7,0.3
2025-09-11,78.0,58.0,3.0,11.0,8.0,4.0,"Chhatrapati Shivaji Intl. Airport (T2), Mumbai",28.9,24.2,26.6,82,11.5,5.6,290,1009.5,1.5
2025-09-12,75.0,58.0,3.0,12.0,8.0,4.0,"Chhatrapati Shivaji Intl. Airport (T2), Mumbai",29.3,24.8,26.9,82,12.9,5.4,313,1009.4,1.2
2025-09-13,76.0,56.0,2.0,11.0,8.0,4.0,"Chhatrapati Shivaji Intl. Airport (T2), Mumbai",28.6,25.0,26.5,88,14.6,6.6,321,1009.0,12.7
2025-09-14,72.0,56.0,2.0,12.0,8.0,4.0,"Chhatrapati Shivaji Intl. Airport (T2), Mumbai",29.0,24.8,26.5,87,15.6,8.3,322,1008.7,12.2
2025-09-15,71.0,57.0,3.0,13.0,8.0,5.0,"Chhatrapati Shivaji Intl. Airport (T2), Mumbai",27.1,24.9,25.9,90,16.2,9.4,304,1008.1,65.5
2025-09-16,74.0,54.0,3.0,11.0,8.0,4.0,"Chhatrapati Shivaji Intl. Airport (T2), Mumbai",27.8,25.2,26.1,90,11.8,6.2,282,1007.8,5.2
2025-09-17,68.0,53.0,2.0,11.0,8.0,4.0,"Chhatrapati Shivaji Intl. Airport (T2), Mumbai",28.2,24.6,26.3,90,9.9,4.3,255,1007.7,25.7
2025-09-18,188.0,53.285714285714285,3.0,11.0,8.0,4.0,"Chhatrapati Shivaji Intl. Airport (T2), Mumbai",27.8,24.6,26.1,90,9.8,4.3,290,1007.6,10.4
2025-09-19,65.0,53.57142857142857,3.0,11.0,8.0,4.0,"Chhatrapati Shivaji Intl. Airport (T2), Mumbai",28.2,24.6,26.1,90,11.7,6.3,250,1008.6,8.2
2025-09-20,65.0,53.85714285714285,2.0,11.0,8.0,4.0,"Chhatrapati Shivaji Intl. Airport (T2), Mumbai",29.0,24.6,26.4,88,11.3,6.2,243,1008.7,12.3
2025-09-21,65.0,55.0,3.0,11.0,8.0,4.0,"Chhatrapati Shivaji Intl. Airport (T2), Mumbai",28.6,24.8,26.2,90,13.5,5.4,282,1008.3,15.7
2025-09-22,65.0,55.0,3.0,11.0,8.0,4.0,"Chhatrapati Shivaji Intl. Airport (T2), Mumbai",28.3,24.0,25.8,90,12.7,6.1,292,1009.1,17.0
2025-09-23,65.0,55.0,3.0,11.0,8.0,4.0,"Chhatrapati Shivaji Intl. Airport (T2), Mumbai",28.7,24.5,26.3,86,16.4,6.1,270,1009.5,10.7
2025-09-24,65.0,55.0,3.0,11.0,8.0,4.0,"Chhatrapati Shivaji Intl. Airport (T2), Mumbai",28.6,25.0,26.8,82,11.7,7.3,272,1008.1,2.5
2025-09-25,70.0,60.0,3.0,12.0,8.0,4.0,"Chhatrapati Shivaji Intl. Airport (T2), Mumbai",28.1,24.2,26.2,85,10.2,5.0,258,1007.4,3.1
2025-09-26,79.0,57.0,3.0,12.0,8.0,4.0,"Chhatrapati Shivaji Intl. Airport (T2), Mumbai",29.1,24.2,26.6,86,12.7,4.8,324,1007.3,3.0
2025-09-27,73.0,54.0,3.0,11.0,8.0,4.0,"Chhatrapati Shivaji Intl. Airport (T2), Mumbai",28.2,24.5,26.2,86,14.9,10.1,291,1007.4,14.1
2025-09-28,68.0,56.0,2.0,11.0,8.0,4.0,"Chhatrapati Shivaji Intl. Airport (T2), Mumbai",26.5,25.4,25.8,90,31.7,23.2,278,1003.8,125.7
2025-09-29,72.0,55.0,3.0,12.0,8.0,4.0,"Chhatrapati Shivaji Intl. Airport (T2), Mumbai",28.3,25.2,26.5,79,26.5,19.1,229,1004.2,15.8
2025-09-30,70.0,55.0,3.0,12.0,8.0,4.0,"Chhatrapati Shivaji Intl. Airport (T2), Mumbai",27.5,24.0,25.5,85,20.8,15.9,192,1005.4,11.2
2025-10-01,70.0,54.0,3.0,12.0,8.0,4.0,"Chhatrapati Shivaji Intl. Airport (T2), Mumbai",28.5,24.0,25.7,87,21.6,15.6,184,1005.0,12.0
2025-10-02,69.0,55.0,3.0,12.0,8.0,4.0,"Chhatrapati Shivaji Intl. Airport (T2), Mumbai",27.9,24.2,25.9,88,22.3,14.7,178,1007.0,4.1
2025-10-03,70.0,142.0,3.0,12.0,8.0,4.0,"Chhatrapati Shivaji Intl. Airport (T2), Mumbai",28.6,24.6,26.5,86,15.9,10.9,183,1009.7,2.4
2025-10-04,118.0,105.0,3.0,12.0,8.0,4.0,"Chhatrapati Shivaji Intl. Airport (T2), Mumbai",28.8,24.6,26.7,86,12.4,7.5,199,1011.0,3.1
2025-10-05,99.0,58.0,3.0,12.0,8.0,4.0,"Chhatrapati Shivaji Intl. Airport (T2), Mumbai",28.1,24.3,26.3,85,10.7,6.7,200,1011.1,0.7
2025-10-06,76.0,57.0,3.0,12.0,8.0,4.0,"Chhatrapati Shivaji Intl. Airport (T2), Mumbai",28.4,24.5,26.1,84,12.5,7.0,216,1011.7,1.1
2025-10-07,74.0,60.0,3.0,13.0,8.0,4.0,"Chhatrapati Shivaji Intl. Airport (T2), Mumbai",28.9,24.1,26.1,86,13.2,5.1,273,1011.8,2.1
2025-10-08,79.0,68.0,3.0,14.0,8.0,5.0,"Chhatrapati Shivaji Intl. Airport (T2), Mumbai",29.4,24.5,26.8,85,13.2,6.4,334,1011.5,0.3
2025-10-09,94.0,72.0,3.0,14.0,8.0,5.0,"Chhatrapati Shivaji Intl. Airport (T2), Mumbai",31.6,24.6,27.7,77,10.9,6.5,353,1011.6,0.0
2025-10-10,101.0,75.0,2.0,14.0,8.0,5.0,"Chhatrapati Shivaji Intl. Airport (T2), Mumbai",33.0,24.0,28.0,66,10.7,6.9,1,1010.2,0.1
2025-10-11,108.0,73.0,3.0,14.0,8.0,5.0,"Chhatrapati Shivaji Intl. Airport (T2), Mumbai",33.8,24.5,28.5,63,12.9,6.4,349,1009.9,0.1
2025-10-12,104.0,114.0,3.0,15.0,8.0,6.0,"Chhatrapati Shivaji Intl. Airport (T2), Mumbai",34.8,24.5,29.0,59,12.2,6.8,348,1009.5,0.1
2025-10-13,120.0,212.0,3.0,15.0,8.0,5.0,"Chhatrapati Shivaji Intl. Airport (T2), Mumbai",34.5,24.5,29.2,56,14.1,7.7,350,1009.9,0.0
2025-10-14,170.0,87.0,4.0,12.0,8.0,4.0,"Chhatrapati Shivaji Intl. Airport (T2), Mumbai",35.2,24.1,29.2,55,14.1,7.6,343,1008.1,0.0
2025-10-15,202.0,92.71428571428572,3.0,6.0,8.0,2.0,"Chhatrapati Shivaji Intl. Airport (T2), Mumbai",34.9,24.5,29.2,57,7.5,4.3,58,1007.5,1.5
2025-10-16,91.0,98.42857142857144,3.0,6.0,8.0,2.0,"Chhatrapati Shivaji Intl. Airport (T2), Mumbai",35.0,26.3,29.5,69,16.6,6.0,61,1008.0,6.2
2025-10-17,101.66666666666669,104.14285714285714,3.0,6.0,8.0,2.0,"Chhatrapati Shivaji Intl. Airport (T2), Mumbai",36.0,26.0,30.6,63,12.4,8.0,18,1009.0,0.1
2025-10-18,112.33333333333331,85.75,3.0,6.0,8.0,2.0,"Chhatrapati Shivaji Intl. Airport (T2), Mumbai",35.7,26.6,30.5,59,12.2,6.3,9,1008.9,1.1
2025-10-19,123.0,85.75,3.0,7.0,8.0,2.0,"Chhatrapati Shivaji Intl. Airport (T2), Mumbai",35.2,26.4,30.3,61,11.7,7.5,11,1007.6,0.5
2025-10-20,91.0,85.75,3.0,6.0,8.0,2.0,"Chhatrapati Shivaji Intl. Airport (T2), Mumbai",35.0,26.0,30.2,60,14.3,8.0,12,1006.9,0.2
2025-10-21,91.0,127.0,3.0,6.0,8.0,2.0,"Chhatrapati Shivaji Intl. Airport (T2), Mumbai",34.3,26.1,29.6,62,11.6,6.9,46,1008.1,5.9
2025-10-22,155.0,82.0,3.0,6.0,8.0,2.0,"Chhatrapati Shivaji Intl. Airport (T2), Mumbai",33.9,26.0,29.2,74,11.2,6.3,41,1008.5,4.8
2025-10-23,117.0,72.0,2.0,6.0,8.0,2.0,"Chhatrapati Shivaji Intl. Airport (T2), Mumbai",34.5,26.4,29.9,71,13.8,7.7,43,1007.2,6.1
2025-10-24,102.0,47.0,3.0,6.0,8.0,2.0,"Chhatrapati Shivaji Intl. Airport (T2), Mumbai",33.0,27.0,29.5,72,13.7,6.7,128,1007.0,8.7
2025-10-25,65.0,51.0,3.0,6.0,8.0,2.0,"Chhatrapati Shivaji Intl. Airport (T2), Mumbai",30.1,25.2,27.1,84,14.4,8.3,138,1006.8,13.8
2025-10-26,70.0,40.0,3.0,6.0,8.0,2.0,"Chhatrapati Shivaji Intl. Airport (T2), Mumbai",26.8,24.0,25.2,92,17.8,9.8,128,1006.7,34.3
2025-10-27,57.0,51.0,3.0,6.0,8.0,2.0,"Chhatrapati Shivaji Intl. Airport (T2), Mumbai",30.4,23.7,26.0,88,20.5,12.3,151,1006.5,13.3
2025-10-28,71.0,59.0,2.0,5.0,8.0,2.0,"Chhatrapati Shivaji Intl. Airport (T2), Mumbai",31.7,25.3,27.5,77,16.8,13.2,146,1005.8,0.4
2025-10-29,79.0,43.0,2.0,6.0,8.0,2.0,"Chhatrapati Shivaji Intl. Airport (T2), Mumbai",30.9,25.9,27.4,79,18.5,10.3,153,1005.2,0.1
2025-10-30,61.0,45.0,3.0,6.0,8.0,2.0,"Chhatrapati Shivaji Intl. Airport (T2), Mumbai",28.6,24.6,26.4,83,20.2,13.4,157,1007.0,11.5
2025-10-31,62.0,39.0,3.0,6.0,8.0,2.0,"Chhatrapati Shivaji Intl. Airport (T2), Mumbai",29.1,24.4,26.6,83,24.2,17.1,161,1008.4,8.6
2025-11-01,55.0,47.0,3.0,6.0,8.0,2.0,"Chhatrapati Shivaji Intl. Airport (T2), Mumbai",28.4,25.0,26.5,88,19.2,13.8,170,1010.3,3.1
2025-11-02,64.0,42.0,3.0,6.0,8.0,2.0,"Chhatrapati Shivaji Intl. Airport (T2), Mumbai",27.6,25.1,26.2,89,16.2,11.2,183,1012.4,4.2
2025-11-03,59.0,59.0,3.0,6.0,8.0,2.0,"Chhatrapati Shivaji Intl. Airport (T2), Mumbai",28.6,23.9,26.1,88,12.2,7.5,201,1012.5,2.5
2025-11-04,78.0,62.0,3.0,6.0,8.0,2.0,"Chhatrapati Shivaji Intl. Airport (T2), Mumbai",28.1,24.4,25.8,87,13.0,5.5,241,1011.9,1.6
2025-11-05,83.0,82.0,3.0,6.0,8.0,2.0,"Chhatrapati Shivaji Intl. Airport (T2), Mumbai",28.5,23.4,25.7,82,9.0,5.1,334,1011.1,0.1
2025-11-06,115.0,99.0,3.0,6.0,8.0,2.0,"Chhatrapati Shivaji Intl. Airport (T2), Mumbai",29.1,22.9,25.7,82,12.3,6.3,348,1011.7,0.6
2025-11-07,137.0,83.0,3.0,6.0,8.0,2.0,"Chhatrapati Shivaji Intl. Airport (T2), Mumbai",31.4,23.8,26.7,74,12.3,6.3,346,1012.4,0.0
2025-11-08,117.0,79.0,3.0,7.0,8.0,2.0,"Chhatrapati Shivaji Intl. Airport (T2), Mumbai",33.3,22.5,27.2,58,11.3,7.9,19,1013.4,0.0
2025-11-09,111.0,92.0,3.0,7.0,8.0,2.0,"Chhatrapati Shivaji Intl. Airport (T2), Mumbai",31.4,21.2,26.0,57,12.0,6.9,329,1012.9,0.0
2025-11-10,129.0,104.0,2.0,7.0,8.0,2.0,"Chhatrapati Shivaji Intl. Airport (T2), Mumbai",32.2,20.6,26.1,58,11.1,5.7,258,1012.3,0.0
2025-11-11,146.0,94.0,3.0,6.0,8.0,2.0,"Chhatrapati Shivaji Intl. Airport (T2), Mumbai",32.0,21.4,26.4,59,12.7,6.4,346,1013.1,0.0
2025-11-12,135.0,88.0,3.0,6.0,8.0,2.0,"Chhatrapati Shivaji Intl. Airport (T2), Mumbai",32.8,21.2,26.9,46,13.4,7.4,18,1013.5,0.0
2025-11-13,124.0,94.0,3.0,7.0,8.0,2.0,"Chhatrapati Shivaji Intl. Airport (T2), Mumbai",33.3,21.9,27.2,46,13.6,8.1,16,1013.9,0.0
2025-11-14,131.0,94.0,3.0,7.0,8.0,2.0,"Chhatrapati Shivaji Intl. Airport (T2), Mumbai",33.1,21.2,26.8,49,10.8,6.8,15,1013.2,0.0
2025-11-15,132.0,89.0,3.0,7.0,8.0,2.0,"Chhatrapati Shivaji Intl. Airport (T2), Mumbai",33.2,20.9,26.4,47,11.8,7.2,30,1013.8,0.0
2025-11-16,124.0,89.0,2.0,6.0,8.0,2.0,"Chhatrapati Shivaji Intl. Airport (T2), Mumbai",33.1,20.8,26.3,43,12.9,8.3,39,1015.1,0.0
2025-11-17,126.0,100.0,3.0,7.0,8.0,2.0,"Chhatrapati Shivaji Intl. Airport (T2), Mumbai",32.4,20.9,25.8,44,15.9,9.6,30,1014.7,0.0
2025-11-18,137.0,97.0,3.0,7.0,8.0,2.0,"Chhatrapati Shivaji Intl. Airport (T2), Mumbai",32.2,19.6,25.2,45,14.4,8.7,28,1013.0,0.0
2025-11-19,138.0,100.0,2.0,7.0,8.0,2.0,"Chhatrapati Shivaji Intl. Airport (T2), Mumbai",32.8,18.7,25.5,45,12.3,8.5,21,1012.9,0.0
2025-11-20,137.0,103.0,3.0,7.0,8.0,2.0,"Chhatrapati Shivaji Intl. Airport (T2), Mumbai",32.9,19.8,25.9,49,12.0,7.4,2,1013.2,0.0
2025-11-21,143.0,110.0,2.0,8.0,8.0,3.0,"Chhatrapati Shivaji Intl. Airport (T2), Mumbai",33.8,20.0,26.2,51,11.2,7.4,17,1014.0,0.0
2025-11-22,147.0,110.5,2.5,7.5,8.0,2.5,"Chhatrapati Shivaji Intl. Airport (T2), Mumbai",33.2,22.4,27.2,55,9.5,6.3,342,1013.2,0.0
2025-11-23,150.0,111.0,3.0,7.0,8.0,2.0,"Chhatrapati Shivaji Intl. Airport (T2), Mumbai",32.7,23.9,27.5,61,11.6,5.7,333,1013.2,0.0
2025-11-24,153.0,118.0,3.0,7.0,8.0,2.0,"Chhatrapati Shivaji Intl. Airport (T2), Mumbai",32.8,23.5,27.5,64,12.2,6.3,333,1013.2,0.0
2025-11-25,155.0,126.0,3.0,8.0,8.0,3.0,"Chhatrapati Shivaji Intl. Airport (T2), Mumbai",33.0,23.8,27.5,66,9.2,5.8,334,1012.9,0.0
2025-11-26,159.0,92.0,3.0,6.0,8.0,2.0,"Chhatrapati Shivaji Intl. Airport (T2), Mumbai",32.6,24.2,27.6,67,11.0,5.0,306,1013.1,0.0
2025-11-27,132.0,106.0,2.0,6.0,8.0,2.0,"Chhatrapati Shivaji Intl. Airport (T2), Mumbai",33.7,23.6,27.6,62,13.3,7.1,360,1013.6,0.0
2025-11-28,148.0,93.0,3.0,6.0,8.0,2.0,"Chhatrapati Shivaji Intl. Airport (T2), Mumbai",33.2,22.6,27.2,59,12.1,7.1,357,1013.1,0.0
2025-11-29,128.0,88.0,3.0,6.0,8.0,2.0,"Chhatrapati Shivaji Intl. Airport (T2), Mumbai",32.9,23.2,27.2,49,11.6,7.4,38,1011.9,0.0
2025-11-30,125.0,96.0,2.0,6.0,8.0,2.0,"Chhatrapati Shivaji Intl. Airport (T2), Mumbai",32.0,20.4,25.4,49,13.3,7.3,6,1011.8,0.0
2025-12-01,136.0,125.0,3.0,10.0,8.0,3.0,"Chhatrapati Shivaji Intl. Airport (T2), Mumbai",32.5,19.6,25.3,49,13.4,7.4,11,1011.6,0.0
2025-12-02,159.0,120.66666666666669,3.0,8.5,8.0,2.5,"Chhatrapati Shivaji Intl. Airport (T2), Mumbai",32.2,19.9,25.4,54,12.9,6.6,350,1011.7,0.0
2025-12-03,277.0,116.33333333333331,3.0,7.0,8.0,2.0,"Chhatrapati Shivaji Intl. Airport (T2), Mumbai",33.3,20.1,26.1,49,12.3,8.0,18,1012.6,0.0
2025-12-04,395.0,112.0,2.0,9.0,8.0,3.0,"Chhatrapati Shivaji Intl. Airport (T2), Mumbai",33.7,21.9,27.2,47,13.8,9.3,27,1013.5,0.0
2025-12-05,155.0,88.0,3.0,7.0,8.0,2.0,"Chhatrapati Shivaji Intl. Airport (T2), Mumbai",34.1,23.1,28.0,48,13.1,9.6,34,1014.4,0.0
2025-12-06,124.0,100.5,3.0,7.0,8.0,2.0,"Chhatrapati Shivaji Intl. Airport (T2), Mumbai",33.0,23.3,27.3,49,13.0,9.2,23,1015.0,0.0
2025-12-07,254.5,113.0,3.0,7.0,8.0,2.0,"Chhatrapati Shivaji Intl. Airport (T2), Mumbai",33.5,21.8,26.7,46,13.0,8.6,24,1014.8,0.0
2025-12-08,385.0,90.0,3.0,5.0,8.0,2.0,"Chhatrapati Shivaji Intl. Airport (T2), Mumbai",33.7,20.9,26.4,50,13.3,7.1,8,1014.6,0.0
2025-12-09,373.25,81.0,3.0,5.0,8.0,2.0,"Chhatrapati Shivaji Intl. Airport (T2), Mumbai",33.1,20.2,26.5,34,11.4,7.5,32,1014.2,0.0
2025-12-10,361.5,88.0,3.0,5.0,8.0,2.0,"Chhatrapati Shivaji Intl. Airport (T2), Mumbai",33.2,20.7,26.2,34,12.5,7.8,20,1015.0,0.0
2025-12-11,349.75,98.0,2.0,5.0,8.0,2.0,"Chhatrapati Shivaji Intl. Airport (T2), Mumbai",33.0,20.4,25.6,36,12.1,8.2,23,1014.4,0.0
2025-12-16,135.0,103.0,3.0,14.5,8.0,12.0,"Chhatrapati Shivaji Intl. Airport (T2), Mumbai",32.8,19.5,25.5,42,14.4,9.1,47,1013.3,0.0
2025-12-17,135.0,87.0,3.0,14.5,8.0,12.0,"Chhatrapati Shivaji Intl. Airport (T2), Mumbai",33.1,20.5,26.1,47,12.2,7.3,11,1014.4,0.0
2025-12-18,135.0,71.0,3.0,14.5,8.0,12.0,"Chhatrapati Shivaji Intl. Airport (T2), Mumbai",33.1,20.0,25.9,45,11.9,7.1,9,1014.6,0.0
2025-12-19,135.0,81.33333333333333,3.0,14.5,8.0,12.0,"Chhatrapati Shivaji Intl. Airport (T2), Mumbai",33.2,19.6,25.2,42,15.6,7.9,11,1013.1,0.0
2025-12-21,135.0,102.0,3.0,14.5,8.0,12.0,"Chhatrapati Shivaji Intl. Airport (T2), Mumbai",32.4,19.2,24.9,39,12.6,8.1,23,1012.5,0.0
2025-12-22,135.0,77.0,3.0,14.5,8.0,12.0,"Chhatrapati Shivaji Intl. Airport (T2), Mumbai",31.6,18.5,24.5,40,14.8,7.2,359,1012.8,0.0
2025-12-23,135.0,81.0,3.0,14.5,8.0,12.0,"Chhatrapati Shivaji Intl. Airport (T2), Mumbai",32.3,19.9,25.2,45,15.7,8.6,11,1012.2,0.0
2025-12-27,135.0,97.0,3.0,14.5,8.0,12.0,"Chhatrapati Shivaji Intl. Airport (T2), Mumbai",32.0,19.7,25.0,48,13.4,8.1,12,1012.8,0.0
2025-12-28,135.0,88.25,3.0,14.5,8.0,12.0,"Chhatrapati Shivaji Intl. Airport (T2), Mumbai",31.5,20.0,24.9,48,12.0,7.6,6,1013.4,0.0
2025-12-31,135.0,62.0,3.0,14.5,8.0,12.0,"Chhatrapati Shivaji Intl. Airport (T2), Mumbai",28.8,18.1,23.2,72,13.4,5.7,299,1011.9,0.0
2026-01-01,103.0,79.0,3.0,14.0,8.0,11.0,"Chhatrapati Shivaji Intl. Airport (T2), Mumbai",28.0,20.0,23.5,76,13.6,7.4,332,1012.2,0.9
2026-01-02,139.0,109.0,2.0,14.0,8.0,11.0,"Chhatrapati Shivaji Intl. Airport (T2), Mumbai",28.5,20.1,23.8,75,14.3,8.2,340,1013.6,0.0
2026-01-03,161.0,105.0,2.0,14.0,8.0,11.0,"Chhatrapati Shivaji Intl. Airport (T2), Mumbai",30.2,20.2,24.5,66,12.1,7.5,342,1013.7,0.0
2026-01-04,162.0,87.0,3.0,14.0,8.0,11.0,"Chhatrapati Shivaji Intl. Airport (T2), Mumbai",30.4,21.4,25.4,66,12.2,8.7,344,1014.3,0.0
2026-01-05,153.0,87.0,2.0,14.0,8.0,11.0,"Chhatrapati Shivaji Intl. Airport (T2), Mumbai",31.6,21.9,25.8,60,12.3,7.3,334,1015.2,0.0
2026-01-06,148.0,99.0,3.0,14.0,8.0,11.0,"Chhatrapati Shivaji Intl. Airport (T2), Mumbai",31.4,21.5,25.5,60,13.4,7.2,15,1015.8,0.0
2026-01-07,159.0,90.0,3.0,14.0,8.0,11.0,"Chhatrapati Shivaji Intl. Airport (T2), Mumbai",31.0,19.6,24.7,59,12.8,7.1,354,1015.9,0.0
2026-01-08,147.0,91.0,3.0,14.0,8.0,11.0,"Chhatrapati Shivaji Intl. Airport (T2), Mumbai",30.5,19.0,24.1,52,13.4,7.4,352,1016.1,0.0
2026-01-09,151.0,87.0,3.0,14.0,8.0,11.0,"Chhatrapati Shivaji Intl. Airport (T2), Mumbai",31.4,17.9,23.8,48,13.5,7.7,358,1015.6,0.0
2026-01-10,148.0,91.0,3.0,14.0,8.0,11.0,"Chhatrapati Shivaji Intl. Airport (T2), Mumbai",30.1,19.0,23.6,51,16.3,9.3,354,1015.1,0.0
2026-01-11,152.0,78.0,3.0,14.0,8.0,11.0,"Chhatrapati Shivaji Intl. Airport (T2), Mumbai",31.5,18.8,24.3,50,14.1,8.8,358,1015.5,0.0
2026-01-12,136.0,88.0,3.0,14.0,8.0,11.0,"Chhatrapati Shivaji Intl. Airport (T2), Mumbai",32.2,20.1,25.3,44,11.3,7.2,10,1015.7,0.0
2026-01-13,151.0,94.0,3.0,14.0,7.0,11.0,"Chhatrapati Shivaji Intl. Airport (T2), Mumbai",31.4,22.0,26.4,49,9.0,5.2,327,1015.8,0.0
2026-01-14,155.0,82.0,3.0,14.0,7.0,11.0,"Chhatrapati Shivaji Intl. Airport (T2), Mumbai",31.1,22.3,25.9,58,15.9,8.9,337,1014.6,0.0
2026-01-15,147.0,96.0,3.0,14.0,8.0,11.0,"Chhatrapati Shivaji Intl. Airport (T2), Mumbai",29.8,18.9,24.1,53,13.1,8.1,339,1013.9,0.0
2026-01-16,158.0,77.0,3.0,14.0,8.0,11.0,"Chhatrapati Shivaji Intl. Airport (T2), Mumbai",30.0,19.0,24.0,68,11.1,6.5,322,1013.4,0.0
2026-01-17,136.0,62.0,3.0,14.0,8.0,11.0,"Chhatrapati Shivaji Intl. Airport (T2), Mumbai",29.6,18.9,23.6,71,12.6,7.2,307,1013.0,0.0
2026-01-18,106.0,68.0,2.0,14.0,8.0,11.0,"Chhatrapati Shivaji Intl. Airport (T2), Mumbai",26.5,19.6,22.8,74,14.5,7.6,329,1012.4,0.0
2026-01-19,119.0,79.0,3.0,14.0,8.0,11.0,"Chhatrapati Shivaji Intl. Airport (T2), Mumbai",27.7,18.1,22.6,65,16.7,9.7,345,1013.5,0.0
2026-01-20,138.0,107.0,3.0,14.0,8.0,11.0,"Chhatrapati Shivaji Intl. Airport (T2), Mumbai",28.1,17.8,22.9,60,11.4,7.4,339,1012.9,0.0
2026-01-21,163.0,91.0,3.0,14.0,8.0,11.0,"Chhatrapati Shivaji Intl. Airport (T2), Mumbai",31.0,19.2,24.6,61,13.7,5.2,266,1013.2,0.0
2026-01-22,152.0,70.0,3.0,14.0,8.0,11.0,"Chhatrapati Shivaji Intl. Airport (T2), Mumbai",30.2,20.5,24.7,63,14.5,6.6,279,1013.9,0.0
2026-01-23,133.0,72.0,3.0,14.0,8.0,11.0,"Chhatrapati Shivaji Intl. Airport (T2), Mumbai",28.1,20.4,23.7,74,17.1,7.9,335,1015.4,0.0
2026-01-24,141.0,86.0,3.0,14.0,8.0,11.0,"Chhatrapati Shivaji Intl. Airport (T2), Mumbai",28.8,18.8,23.2,63,15.2,8.6,340,1016.4,0.0
2026-01-25,157.0,94.0,3.0,14.0,7.0,11.0,"Chhatrapati Shivaji Intl. Airport (T2), Mumbai",30.0,19.0,23.7,65,10.6,6.8,345,1014.6,0.0
2026-01-26,162.0,72.0,3.0,14.0,8.0,11.0,"Chhatrapati Shivaji Intl. Airport (T2), Mumbai",31.0,19.8,24.8,67,8.8,5.8,317,1014.6,0.0
2026-01-27,142.0,66.0,2.0,14.0,8.0,11.0,"Chhatrapati Shivaji Intl. Airport (T2), Mumbai",27.5,21.8,23.9,76,16.4,9.8,334,1016.7,0.4
2026-01-28,124.0,86.0,3.0,14.0,8.0,11.0,"Chhatrapati Shivaji Intl. Airport (T2), Mumbai",29.8,19.8,23.8,63,13.6,9.7,349,1016.0,0.0
2026-01-29,157.0,94.0,2.0,14.0,8.0,11.0,"Chhatrapati Shivaji Intl. Airport (T2), Mumbai",32.5,19.7,25.1,50,11.2,6.1,338,1013.9,0.0
2026-01-30,161.0,81.0,3.0,14.0,8.0,11.0,"Chhatrapati Shivaji Intl. Airport (T2), Mumbai",31.5,23.0,26.0,65,13.6,5.6,225,1014.3,0.0
2026-01-31,152.0,91.0,3.0,14.0,8.0,11.0,"Chhatrapati Shivaji Intl. Airport (T2), Mumbai",28.8,22.0,25.0,82,14.9,6.6,321,1015.0,0.0
2026-02-01,160.0,104.0,3.0,16.0,8.0,11.0,"Chhatrapati Shivaji Intl. Airport (T2), Mumbai",31.8,21.2,25.5,71,13.1,7.8,338,1015.0,0.0
2026-02-02,167.0,108.0,3.0,16.0,8.0,11.0,"Chhatrapati Shivaji Intl. Airport (T2), Mumbai",33.2,21.5,26.4,55,12.4,6.5,327,1014.6,0.0
2026-02-03,169.0,164.0,2.0,16.0,8.0,11.0,"Chhatrapati Shivaji Intl. Airport (T2), Mumbai",32.2,21.6,26.2,51,12.7,6.9,337,1014.5,0.0
2026-02-04,180.0,164.0,2.0,16.0,8.0,11.0,"Chhatrapati Shivaji Intl. Airport (T2), Mumbai",33.8,21.9,26.8,50,14.2,6.9,348,1014.6,0.0
2026-02-05,179.0,123.0,3.0,16.0,8.0,11.0,"Chhatrapati Shivaji Intl. Airport (T2), Mumbai",33.8,22.5,27.3,48,14.0,7.6,335,1015.4,0.0
2026-02-06,169.0,94.0,3.0,16.0,8.0,11.0,"Chhatrapati Shivaji Intl. Airport (T2), Mumbai",33.7,22.1,27.2,47,18.1,8.8,353,1015.8,0.0
2026-02-07,157.0,117.0,3.0,16.0,8.0,11.0,"Chhatrapati Shivaji Intl. Airport (T2), Mumbai",33.2,21.6,26.9,43,13.2,7.9,341,1014.8,0.0
2026-02-08,168.0,110.2,2.8,16.0,8.0,11.0,"Chhatrapati Shivaji Intl. Airport (T2), Mumbai",33.5,21.9,27.2,43,12.3,7.7,342,1013.1,0.0
2026-02-12,153.6,83.0,2.0,16.0,8.0,11.0,"Chhatrapati Shivaji Intl. Airport (T2), Mumbai",32.7,22.0,26.8,53,13.7,7.0,318,1014.1,0.0
2026-02-13,150.0,104.0,2.0,16.0,8.0,11.0,"Chhatrapati Shivaji Intl. Airport (T2), Mumbai",33.0,21.9,26.6,55,12.1,6.0,326,1013.3,0.0
2026-02-14,161.0,97.0,3.0,16.0,8.0,11.0,"Chhatrapati Shivaji Intl. Airport (T2), Mumbai",34.5,22.1,27.3,53,14.4,7.0,332,1012.5,0.0
2026-02-15,155.0,83.0,2.0,16.0,8.0,11.0,"Chhatrapati Shivaji Intl. Airport (T2), Mumbai",34.5,23.0,28.0,44,14.7,7.9,339,1012.4,0.0
2026-02-16,147.0,70.0,2.0,16.0,8.0,11.0,"Chhatrapati Shivaji Intl. Airport (T2), Mumbai",32.0,22.8,26.7,48,13.7,7.5,327,1010.9,0.0
2026-02-17,120.0,70.0,2.0,16.0,8.0,11.0,"Chhatrapati Shivaji Intl. Airport (T2), Mumbai",30.3,22.6,25.7,61,14.9,9.9,332,1011.1,0.0
