date,pm25,pm10,o3,no2,so2,co,location,temperature_2m_max,temperature_2m_min,temperature_2m_mean,relative_humidity_2m_mean,wind_speed_10m_max,wind_speed_10m_mean,wind_direction_10m_dominant,pressure_msl_mean,precipitation_sum
2021-12-27,163.0,16.0,16.0,13.0,2.0,33.0,"Deonar, Mumbai",28.7,19.0,23.2,75,15.8,9.1,351,1014.1,0.0
2021-12-28,36.0,50.0,6.0,12.0,2.0,30.0,"Deonar, Mumbai",27.6,19.1,23.0,76,22.7,11.1,341,1013.5,0.0
2021-12-29,88.0,96.0,14.0,14.0,10.0,32.0,"Deonar, Mumbai",27.4,20.0,23.0,69,22.0,14.9,353,1013.8,0.0
2021-12-30,159.0,102.0,7.0,15.0,3.0,34.0,"Deonar, Mumbai",29.9,19.1,23.5,69,23.0,11.6,8,1014.5,0.0
2021-12-31,163.0,89.0,17.0,17.0,4.0,35.0,"Deonar, Mumbai",31.1,21.5,25.0,68,18.4,12.1,29,1015.3,0.0
2022-01-01,154.0,94.0,16.0,16.0,3.0,36.0,"Deonar, Mumbai",31.0,20.7,24.9,68,17.0,10.9,20,1015.8,0.0
2022-01-02,157.0,100.0,24.0,13.0,8.0,37.0,"Deonar, Mumbai",30.0,21.1,24.9,68,15.8,9.3,4,1014.5,0.0
2022-01-03,159.0,111.0,14.0,14.0,7.0,38.0,"Deonar, Mumbai",30.4,21.7,25.0,71,16.6,8.8,357,1013.9,0.0
2022-01-04,168.0,110.0,12.0,17.0,11.0,38.0,"Deonar, Mumbai",31.0,21.1,24.9,74,16.9,8.3,355,1013.9,0.0
2022-01-05,168.0,89.0,9.0,9.0,4.0,36.0,"Deonar, Mumbai",27.8,21.0,24.3,80,18.9,8.2,326,1013.5,0.0
2022-01-06,151.0,99.0,10.0,10.0,11.0,36.0,"Deonar, Mumbai",27.5,21.0,23.7,81,18.4,9.7,341,1013.0,0.0
2022-01-07,162.0,76.0,2.0,9.0,14.0,35.0,"Deonar, Mumbai",26.7,19.7,23.4,80,17.3,7.4,295,1012.5,0.0
2022-01-08,139.0,54.0,13.0,6.0,6.0,32.0,"Deonar, Mumbai",24.2,21.4,22.6,86,12.3,7.3,6,1013.8,3.7
2022-01-09,94.0,63.0,11.0,11.0,8.0,29.0,"Deonar, Mumbai",25.4,19.6,22.0,60,24.1,15.5,346,1013.8,0.0
2022-01-10,110.0,90.0,8.0,14.0,8.0,34.0,"Deonar, Mumbai",24.1,17.1,20.1,58,24.9,14.2,349,1014.0,0.0
2022-01-11,156.0,82.0,8.0,14.0,16.0,35.0,"Deonar, Mumbai",24.1,15.9,20.0,73,16.1,8.8,344,1013.5,0.0
2022-01-12,144.0,98.0,8.0,9.0,9.5,39.0,"Deonar, Mumbai",24.6,17.5,21.0,70,21.4,12.6,345,1013.1,0.0
2022-01-13,162.0,100.0,12.0,14.0,3.0,21.0,"Deonar, Mumbai",25.4,17.0,21.0,74,17.5,7.8,337,1012.3,0.0
2022-01-14,159.0,100.0,11.0,14.0,2.0,5.0,"Deonar, Mumbai",25.5,18.1,21.8,77,17.7,8.9,340,1012.3,0.0
2022-01-15,162.0,92.0,23.0,6.0,2.0,5.0,"Deonar, Mumbai",28.6,18.6,22.7,70,23.8,11.7,2,1012.8,0.0
2022-01-16,153.0,91.0,20.0,17.0,12.0,12.0,"Deonar, Mumbai",31.2,19.5,24.2,62,21.7,11.9,30,1013.1,0.0
2022-01-17,154.0,102.0,23.0,15.0,7.0,2.0,"Deonar, Mumbai",30.4,20.5,24.6,67,17.4,10.7,359,1015.0,0.0
2022-01-18,161.0,100.0,21.0,8.0,2.0,2.0,"Deonar, Mumbai",28.6,20.6,24.1,69,20.1,11.5,346,1014.8,0.0
2022-01-19,159.0,92.0,22.0,11.0,2.0,3.0,"Deonar, Mumbai",28.4,19.5,23.5,71,18.2,10.3,340,1013.4,0.0
2022-01-20,150.0,71.0,20.0,9.0,2.0,3.0,"Deonar, Mumbai",27.1,19.5,22.9,70,17.2,10.3,329,1011.9,0.0
2022-01-21,125.0,67.0,15.0,11.0,1.6666666666666667,2.0,"Deonar, Mumbai",26.8,19.6,22.7,84,16.3,8.3,337,1011.7,0.0
2022-01-22,122.0,155.0,22.0,4.0,1.3333333333333337,1.0,"Deonar, Mumbai",26.4,20.5,23.6,81,22.7,13.0,273,1010.3,1.9
2022-01-23,363.0,243.0,20.0,6.0,1.0,3.0,"Deonar, Mumbai",23.6,18.9,21.9,60,23.2,18.8,316,1011.5,0.4
2022-01-24,247.0,164.0,23.0,6.0,3.0,9.333333333333334,"Deonar, Mumbai",24.0,15.8,19.6,57,27.5,14.5,1,1012.5,0.0
2022-01-25,205.0,143.0,19.0,9.0,1.0,15.666666666666668,"Deonar, Mumbai",25.0,15.2,20.0,58,20.5,12.8,352,1012.1,0.0
2022-01-26,192.0,123.0,18.0,14.0,7.0,22.0,"Deonar, Mumbai",26.9,16.6,21.1,59,22.2,13.1,352,1011.9,0.0
2022-01-27,178.0,104.0,17.0,13.0,10.0,21.0,"Deonar, Mumbai",29.0,17.5,22.2,60,24.6,10.7,357,1012.1,0.0
2022-01-28,166.0,106.0,19.0,16.0,15.0,25.0,"Deonar, Mumbai",30.4,19.0,23.6,51,20.7,13.5,17,1013.0,0.0
2022-01-29,167.0,103.0,13.0,21.0,11.0,22.0,"Deonar, Mumbai",30.8,17.5,23.1,56,20.8,11.2,5,1014.0,0.0
2022-01-30,165.0,104.0,21.0,19.0,14.0,16.0,"Deonar, Mumbai",29.1,17.2,22.6,60,18.6,9.7,342,1012.8,0.0
2022-01-31,165.0,106.0,14.0,27.0,16.0,15.0,"Deonar, Mumbai",28.5,18.0,22.5,60,19.6,11.0,340,1012.0,0.0
2022-02-01,163.0,110.0,16.0,25.0,27.0,14.0,"Deonar, Mumbai",29.0,16.8,21.8,69,22.2,12.3,341,1011.2,0.0
2022-02-02,170.0,93.0,19.0,16.0,18.0,13.0,"Deonar, Mumbai",27.4,17.6,22.0,79,21.0,10.5,325,1011.3,0.0
2022-02-03,153.0,126.0,22.0,10.0,2.0,6.0,"Deonar, Mumbai",25.5,18.2,22.0,85,14.0,7.8,262,1011.3,0.0
2022-02-04,179.0,160.0,21.0,9.0,5.5,9.0,"Deonar, Mumbai",25.3,19.0,22.3,76,14.3,8.0,291,1011.0,0.0
2022-02-05,204.0,143.0,10.0,12.0,9.0,23.0,"Deonar, Mumbai",27.2,16.5,21.5,72,21.6,10.8,341,1011.4,0.0
2022-02-06,191.0,102.0,23.0,14.0,7.0,25.0,"Deonar, Mumbai",26.8,18.2,22.1,71,22.1,11.2,323,1013.1,0.0
2022-02-07,167.0,71.0,25.0,5.0,5.5,10.0,"Deonar, Mumbai",25.8,18.9,21.9,81,23.5,11.9,330,1014.4,0.0
2022-02-08,133.0,79.0,27.0,12.0,4.0,12.0,"Deonar, Mumbai",25.4,18.8,21.8,80,19.0,10.5,324,1013.6,0.0
2022-02-09,145.0,100.0,15.0,13.0,2.5,14.0,"Deonar, Mumbai",26.2,18.5,22.0,79,20.9,12.0,343,1013.2,0.0
2022-02-10,164.0,98.0,14.0,6.0,1.0,13.0,"Deonar, Mumbai",29.5,19.0,23.5,58,26.7,13.8,342,1012.4,0.0
2022-02-11,160.0,97.0,23.0,8.0,1.0,15.0,"Deonar, Mumbai",32.0,20.6,25.3,50,26.8,15.0,2,1011.8,0.0
2022-02-12,159.0,107.0,13.0,15.0,1.0,18.0,"Deonar, Mumbai",29.9,20.0,24.3,54,22.8,12.2,340,1011.6,0.0
2022-02-13,165.0,89.0,24.0,15.0,3.0,17.5,"Deonar, Mumbai",29.6,19.0,23.7,62,22.3,11.4,334,1010.1,0.0
2022-02-14,153.0,66.0,22.0,12.0,1.0,17.0,"Deonar, Mumbai",28.8,19.2,23.8,55,22.2,12.9,343,1010.6,0.0
2022-02-15,123.0,59.0,11.0,8.0,1.0,20.0,"Deonar, Mumbai",27.0,19.7,23.0,65,19.9,12.0,333,1010.8,0.0
2022-02-16,111.0,72.0,11.0,16.0,2.0,21.0,"Deonar, Mumbai",26.1,19.2,22.3,80,19.2,10.2,331,1009.3,0.0
2022-02-17,132.0,91.0,11.0,9.0,1.0,21.0,"Deonar, Mumbai",26.4,18.1,21.9,81,15.2,7.6,322,1008.1,0.0
2022-02-18,160.0,137.0,10.0,18.0,1.0,23.0,"Deonar, Mumbai",27.1,19.0,23.2,78,17.0,7.9,284,1009.0,0.0
2022-02-19,151.0,83.0,11.0,5.0,1.0,21.0,"Deonar, Mumbai",28.8,19.1,23.6,75,20.3,10.7,324,1011.0,0.0
2022-02-20,147.0,95.0,21.0,9.0,1.0,23.0,"Deonar, Mumbai",30.4,20.0,24.4,64,22.9,12.2,335,1010.8,0.0
2022-02-21,159.0,94.0,10.0,16.0,2.0,23.0,"Deonar, Mumbai",30.4,18.7,23.9,57,25.6,13.1,334,1010.0,0.0
2022-02-22,147.0,89.0,16.0,18.0,1.0,24.0,"Deonar, Mumbai",29.2,18.6,23.5,68,23.4,11.0,330,1010.9,0.0
2022-02-23,153.0,114.0,9.0,13.0,1.0,27.0,"Deonar, Mumbai",29.2,18.9,24.1,67,21.0,11.7,334,1012.2,0.0
2022-02-24,173.0,130.0,19.0,11.0,1.0,25.0,"Deonar, Mumbai",29.3,21.0,25.2,62,23.1,11.9,323,1013.6,0.0
2022-02-25,184.0,130.0,9.0,13.0,1.0,25.0,"Deonar, Mumbai",29.9,21.0,25.2,58,26.0,12.7,322,1012.9,0.0
2022-02-26,184.0,105.0,14.0,17.0,3.0,26.0,"Deonar, Mumbai",29.9,20.5,24.6,64,24.8,13.2,331,1012.8,0.0
2022-02-27,168.0,113.0,10.0,10.0,1.0,27.0,"Deonar, Mumbai",30.0,20.2,25.1,56,25.8,13.2,328,1013.0,0.0
2022-02-28,173.0,110.0,15.0,16.0,2.0,27.0,"Deonar, Mumbai",31.1,19.9,25.3,53,25.3,12.2,330,1012.5,0.0
2022-03-01,170.0,126.0,20.0,15.0,4.0,29.0,"Deonar, Mumbai",31.2,20.4,25.6,54,22.7,12.1,335,1012.5,0.0
2022-03-02,179.0,115.0,22.0,21.0,6.0,30.0,"Deonar, Mumbai",33.2,22.0,26.8,52,25.9,12.4,334,1011.5,0.0
2022-03-03,172.0,102.0,14.0,14.0,2.0,26.0,"Deonar, Mumbai",34.3,22.0,27.5,46,27.6,15.9,341,1011.3,0.0
2022-03-04,162.0,103.0,20.0,16.0,5.0,28.0,"Deonar, Mumbai",33.7,23.8,27.4,41,28.1,17.2,342,1011.8,0.0
2022-03-05,164.0,110.0,20.0,13.0,1.0,30.0,"Deonar, Mumbai",33.0,21.4,26.3,53,25.8,12.1,331,1010.8,0.0
2022-03-06,169.0,104.0,19.0,10.0,6.0,29.0,"Deonar, Mumbai",32.7,22.5,27.1,53,23.1,11.4,322,1009.8,0.0
2022-03-07,166.0,122.0,16.0,11.0,4.0,30.0,"Deonar, Mumbai",31.1,24.5,27.5,56,19.5,11.1,320,1010.1,0.0
2022-03-08,177.0,112.0,15.0,18.0,3.0,23.0,"Deonar, Mumbai",35.8,25.0,28.8,54,25.2,14.2,352,1010.0,0.0
2022-03-09,170.0,112.0,15.0,16.0,2.0,14.0,"Deonar, Mumbai",33.0,24.5,28.2,57,18.4,10.8,337,1010.1,0.0
2022-03-10,171.0,108.0,16.0,14.0,3.0,12.0,"Deonar, Mumbai",33.2,23.4,27.7,58,22.2,11.2,342,1009.8,0.0
2022-03-11,167.0,84.0,9.0,7.0,3.0,11.0,"Deonar, Mumbai",32.2,23.5,28.3,52,19.3,10.5,327,1009.6,0.0
2022-03-12,147.0,106.0,8.0,16.0,4.0,12.0,"Deonar, Mumbai",35.5,22.9,28.1,57,22.6,10.3,317,1009.2,0.0
2022-03-13,165.0,99.0,14.0,17.0,8.0,12.0,"Deonar, Mumbai",35.5,22.6,28.7,52,27.0,13.8,338,1009.4,0.0
2022-03-14,160.0,115.0,14.0,10.0,5.0,15.0,"Deonar, Mumbai",35.0,22.1,28.7,41,25.8,12.9,338,1009.8,0.0
2022-03-15,173.0,110.0,7.0,19.0,3.0,16.0,"Deonar, Mumbai",34.4,22.8,29.0,47,25.1,14.0,333,1008.5,0.0
2022-03-16,166.0,114.0,9.0,12.0,4.0,18.0,"Deonar, Mumbai",34.0,23.4,29.3,49,28.4,14.8,335,1007.2,0.0
2022-03-17,171.0,105.0,10.0,7.0,4.0,18.0,"Deonar, Mumbai",32.9,23.8,29.2,50,25.6,13.1,313,1006.3,0.0
2022-03-18,162.0,67.0,4.0,9.0,2.0,15.0,"Deonar, Mumbai",33.8,23.3,28.9,58,29.9,15.1,322,1006.0,0.0
2022-03-19,127.0,72.0,9.0,4.0,1.0,15.0,"Deonar, Mumbai",31.0,24.0,27.6,74,20.2,10.3,255,1006.4,0.0
2022-03-20,140.0,97.0,7.0,5.0,2.0,17.0,"Deonar, Mumbai",30.0,24.1,27.1,78,31.1,11.1,268,1007.1,0.0
2022-03-21,164.0,114.0,7.0,19.0,6.0,20.0,"Deonar, Mumbai",30.0,22.8,26.7,76,27.5,12.0,319,1007.9,0.0
2022-03-22,171.0,116.0,2.0,11.0,8.0,19.0,"Deonar, Mumbai",34.0,24.0,29.2,49,30.6,15.5,337,1007.2,0.0
2022-03-23,172.0,63.0,3.0,11.0,5.0,18.0,"Deonar, Mumbai",37.3,26.3,30.5,35,31.4,16.6,342,1006.3,0.0
2022-03-24,106.0,74.0,3.5,11.0,3.0,18.0,"Deonar, Mumbai",32.5,24.9,28.1,52,17.0,9.6,285,1006.8,0.0
2022-03-25,141.0,77.0,4.0,10.0,1.0,17.0,"Deonar, Mumbai",30.9,24.2,27.2,76,23.7,9.4,286,1008.4,0.0
2022-03-26,142.0,69.0,4.5,7.0,2.0,17.0,"Deonar, Mumbai",31.3,23.9,27.5,79,24.8,8.8,289,1010.5,0.0
2022-03-27,133.0,76.0,5.0,13.0,1.0,16.0,"Deonar, Mumbai",31.4,24.3,27.5,78,23.8,9.1,291,1010.7,0.0
2022-03-28,145.0,82.0,22.0,19.0,3.0,16.0,"Deonar, Mumbai",31.5,24.3,27.5,82,22.8,10.8,295,1009.9,0.0
2022-03-29,147.0,79.0,21.0,11.0,4.0,16.0,"Deonar, Mumbai",32.5,23.5,28.2,70,23.2,12.7,313,1008.5,0.0
2022-03-30,145.0,77.0,22.0,15.0,3.5,16.0,"Deonar, Mumbai",32.9,23.9,28.0,70,22.7,11.0,317,1008.3,0.0
2022-03-31,139.0,140.0,11.0,12.0,3.0,17.0,"Deonar, Mumbai",31.2,22.6,26.7,75,19.0,9.1,309,1009.1,0.0
2022-04-01,193.0,116.0,11.0,11.0,2.0,17.0,"Deonar, Mumbai",32.0,22.5,26.6,78,22.1,10.2,307,1009.1,0.0
2022-04-02,177.5,92.0,11.0,10.0,1.0,17.0,"Deonar, Mumbai",30.2,23.3,26.9,79,21.4,8.3,267,1010.0,0.0
2022-04-03,162.0,81.0,12.0,9.0,1.5,17.0,"Deonar, Mumbai",30.8,23.5,27.2,80,25.0,10.3,291,1009.3,0.1
2022-04-04,149.0,69.0,22.0,9.0,2.0,18.0,"Deonar, Mumbai",31.0,24.6,27.9,82,26.1,10.5,272,1009.6,0.0
2022-04-05,135.0,70.0,22.0,8.0,1.0,18.0,"Deonar, Mumbai",31.4,25.0,28.2,82,25.8,11.0,273,1011.3,0.0
2022-04-06,137.0,65.0,22.0,9.0,1.0,19.0,"Deonar, Mumbai",31.2,25.1,28.1,81,22.1,11.2,262,1011.6,0.0
2022-04-07,124.0,60.0,12.0,8.0,2.0,20.0,"Deonar, Mumbai",31.6,25.2,28.3,81,21.0,9.4,263,1010.3,0.0
2022-04-08,112.0,55.0,25.0,6.0,2.0,21.0,"Deonar, Mumbai",32.0,24.2,28.2,81,23.9,11.3,239,1008.7,0.0
2022-04-09,101.0,49.0,24.0,10.0,3.0,22.0,"Deonar, Mumbai",31.0,26.2,28.4,82,19.6,11.4,219,1008.5,0.0
2022-04-10,87.0,58.0,22.0,8.0,1.0,23.0,"Deonar, Mumbai",31.6,26.1,28.7,75,21.7,11.0,251,1008.5,0.0
2022-04-11,109.0,79.0,12.0,11.0,1.0,26.0,"Deonar, Mumbai",31.4,26.0,28.5,75,26.4,9.9,282,1007.6,0.0
2022-04-12,141.0,74.0,22.0,13.0,3.0,26.0,"Deonar, Mumbai",32.7,24.8,28.5,75,25.6,12.3,319,1006.2,0.0
2022-04-13,127.0,60.0,23.0,10.0,1.0,26.0,"Deonar, Mumbai",34.2,24.5,29.3,69,26.5,13.2,323,1005.4,0.0
2022-04-14,111.0,55.0,22.0,9.0,4.0,25.0,"Deonar, Mumbai",31.4,25.3,28.5,78,20.1,10.8,274,1006.5,0.0
2022-04-15,100.0,63.0,11.0,10.0,3.6666666666666665,24.0,"Deonar, Mumbai",31.2,25.4,28.3,76,20.8,9.6,260,1007.3,0.0
2022-04-16,118.0,62.0,22.0,11.0,3.333333333333333,23.0,"Deonar, Mumbai",30.8,23.8,27.5,78,21.0,10.4,267,1006.5,0.0
2022-04-17,117.0,51.0,49.0,9.0,3.0,21.0,"Deonar, Mumbai",31.1,24.6,27.9,76,21.9,10.9,259,1007.4,0.1
2022-04-18,96.0,60.0,21.0,3.0,1.0,19.0,"Deonar, Mumbai",30.9,25.3,28.2,75,25.3,9.9,279,1009.5,0.0
2022-04-19,113.0,63.0,11.0,2.5,1.0,20.0,"Deonar, Mumbai",31.5,24.8,28.2,78,25.1,12.0,306,1010.8,0.0
2022-04-20,123.0,90.0,21.0,2.0,25.0,22.0,"Deonar, Mumbai",32.5,25.9,29.3,76,25.3,13.8,323,1008.5,0.0
2022-04-21,155.0,90.0,21.0,1.5,23.33333333333333,22.0,"Deonar, Mumbai",38.0,27.6,31.8,50,32.9,17.7,335,1006.1,0.0
2022-04-22,152.0,81.0,12.0,1.0,21.666666666666668,22.0,"Deonar, Mumbai",35.4,27.1,30.9,61,25.6,12.0,321,1006.8,0.0
2022-04-23,149.0,62.0,11.0,1.0,20.0,20.0,"Deonar, Mumbai",35.5,26.9,30.6,72,19.8,9.9,276,1007.7,0.0
2022-04-24,118.0,76.0,21.0,1.0,7.5,22.0,"Deonar, Mumbai",32.7,27.3,29.9,79,19.8,12.2,246,1008.2,0.0
2022-04-25,137.0,57.0,21.0,1.0,7.5,21.0,"Deonar, Mumbai",35.5,25.3,30.5,63,25.2,12.4,324,1006.5,0.0
2022-04-26,109.0,67.0,20.0,1.0,7.5,21.0,"Deonar, Mumbai",33.2,26.9,30.1,68,21.9,12.8,282,1007.4,0.0
2022-04-27,123.0,67.0,21.0,1.0,7.5,20.0,"Deonar, Mumbai",34.5,26.5,30.7,63,29.7,14.1,326,1006.0,0.0
2022-04-28,122.0,55.0,21.0,1.0,7.5,19.0,"Deonar, Mumbai",35.0,26.6,30.7,65,21.1,10.8,271,1006.6,0.0
2022-04-29,101.0,55.0,21.0,1.0,7.5,20.0,"Deonar, Mumbai",32.4,28.1,30.0,78,19.6,15.3,244,1008.6,0.0
2022-04-30,104.0,44.0,11.0,1.0,7.5,19.0,"Deonar, Mumbai",32.2,26.2,29.2,78,20.9,11.4,234,1007.2,0.0
2022-05-01,83.0,51.0,21.0,1.0,5.0,19.0,"Deonar, Mumbai",32.0,26.5,29.4,79,17.8,10.6,244,1006.2,0.0
2022-05-02,94.0,56.0,15.0,1.0,5.0,19.0,"Deonar, Mumbai",31.8,28.3,29.8,76,20.5,11.9,245,1006.4,0.0
2022-05-03,101.0,64.0,10.0,1.0,2.0,19.0,"Deonar, Mumbai",32.2,28.0,30.0,75,20.6,10.7,268,1007.1,0.0
2022-05-04,122.0,67.0,21.0,2.0,5.0,19.0,"Deonar, Mumbai",31.9,27.3,29.3,77,22.9,11.3,295,1008.1,0.0
2022-05-05,128.0,92.0,10.0,1.0,5.0,20.0,"Deonar, Mumbai",32.5,26.2,28.9,80,25.6,13.3,316,1008.0,0.0
2022-05-06,156.0,103.0,21.0,1.0,5.0,20.0,"Deonar, Mumbai",32.3,26.6,29.1,78,25.0,13.6,317,1007.4,0.2
2022-05-07,167.0,83.0,17.0,1.0,2.0,19.0,"Deonar, Mumbai",32.5,26.6,29.2,80,24.7,12.5,305,1006.8,0.0
2022-05-08,154.0,64.0,10.0,1.0,2.0,18.0,"Deonar, Mumbai",32.7,26.7,29.6,80,30.0,12.8,307,1005.0,0.0
2022-05-09,124.0,60.0,20.0,1.0,5.0,17.0,"Deonar, Mumbai",32.2,27.5,29.6,80,26.0,13.9,297,1004.1,0.0
2022-05-10,114.0,63.0,11.0,1.0,2.0,17.0,"Deonar, Mumbai",32.2,28.4,29.9,75,26.2,14.6,296,1003.9,0.0
2022-05-11,123.0,62.0,11.0,1.0,2.0,16.0,"Deonar, Mumbai",32.0,27.8,29.7,76,20.8,12.6,268,1003.7,0.0
2022-05-12,118.0,70.0,10.0,1.0,2.0,15.0,"Deonar, Mumbai",32.0,28.6,29.8,72,19.4,16.2,250,1004.7,0.0
2022-05-13,135.0,82.0,11.0,1.0,2.0,15.0,"Deonar, Mumbai",31.6,28.6,29.8,72,19.7,15.2,242,1004.5,0.0
2022-05-14,152.0,64.0,14.0,1.0,3.0,15.0,"Deonar, Mumbai",31.9,28.5,29.8,72,18.2,13.6,247,1004.9,0.0
2022-05-15,118.0,69.0,22.0,1.0,2.0,15.0,"Deonar, Mumbai",32.5,28.5,29.9,73,19.5,14.3,268,1006.0,0.0
2022-05-16,128.0,110.0,11.0,1.0,5.0,14.0,"Deonar, Mumbai",32.2,27.9,29.7,74,24.8,13.6,291,1005.3,0.0
2022-05-17,170.0,138.0,11.0,29.0,22.0,14.0,"Deonar, Mumbai",32.0,28.4,29.8,73,19.5,12.3,276,1004.5,0.0
2022-05-18,186.0,130.0,11.0,28.5,18.2,16.0,"Deonar, Mumbai",31.7,27.7,29.5,73,22.8,11.8,281,1004.8,0.0
2022-05-19,182.0,96.0,11.0,28.0,14.4,12.0,"Deonar, Mumbai",31.6,28.0,29.5,73,23.3,13.4,284,1005.2,0.0
2022-05-20,163.0,78.0,11.0,27.5,10.6,10.4,"Deonar, Mumbai",31.6,28.1,29.6,69,20.3,15.5,248,1006.3,0.1
2022-05-21,150.0,60.0,21.0,27.0,5.0,8.8,"Deonar, Mumbai",32.0,28.8,30.1,65,22.7,17.9,237,1006.1,0.1
2022-05-22,111.0,42.0,11.0,23.0,3.0,7.2,"Deonar, Mumbai",32.2,29.0,30.2,67,23.5,22.0,246,1004.3,0.4
2022-05-23,80.0,48.0,11.0,20.0,2.5,7.0,"Deonar, Mumbai",32.5,28.9,30.3,70,23.5,21.1,244,1003.5,0.9
2022-05-24,87.0,49.0,11.0,17.0,2.0,4.0,"Deonar, Mumbai",32.0,28.5,30.2,70,23.4,18.4,256,1006.1,0.2
2022-05-25,90.0,54.0,10.0,17.0,1.0,8.0,"Deonar, Mumbai",31.9,28.0,29.6,72,19.6,13.3,280,1008.3,1.2
2022-05-26,97.0,45.0,21.0,16.0,1.0,7.0,"Deonar, Mumbai",32.0,28.2,30.0,66,19.5,13.9,266,1008.1,0.0
2022-05-27,82.0,34.0,21.0,12.0,1.0,7.0,"Deonar, Mumbai",32.8,28.7,30.4,62,20.6,16.2,255,1007.8,0.0
2022-05-28,67.0,36.0,11.0,16.0,1.0,7.0,"Deonar, Mumbai",32.7,28.9,30.5,61,20.8,17.0,255,1006.8,0.0
2022-05-29,69.0,46.0,11.0,16.0,1.0,7.0,"Deonar, Mumbai",32.5,29.1,30.5,62,21.6,17.1,259,1006.9,0.0
2022-05-30,84.0,52.75,21.0,14.0,1.0,7.0,"Deonar, Mumbai",32.3,28.7,30.2,64,20.6,15.3,267,1006.6,0.0
2022-05-31,95.75,59.5,11.0,13.0,5.0,6.0,"Deonar, Mumbai",32.5,28.5,29.9,67,22.4,15.1,280,1005.9,0.0
2022-06-01,107.5,66.25,21.0,10.0,2.375,7.0,"Deonar, Mumbai",32.0,28.5,29.8,68,23.0,14.5,283,1006.1,0.0
2022-06-02,119.25,73.0,5.0,12.0,2.375,9.0,"Deonar, Mumbai",31.8,28.2,29.7,70,22.7,14.2,278,1006.3,0.0
2022-06-03,131.0,49.0,17.0,9.0,1.0,9.0,"Deonar, Mumbai",31.4,28.0,29.3,72,21.6,14.7,282,1006.0,0.0
2022-06-04,87.0,43.0,25.0,13.0,3.0,9.0,"Deonar, Mumbai",32.0,27.9,29.6,72,20.5,13.9,288,1005.6,0.0
2022-06-05,79.0,41.0,13.0,11.0,1.0,8.0,"Deonar, Mumbai",31.8,27.8,29.6,73,21.6,11.5,279,1005.4,0.0
2022-06-06,79.0,40.0,14.0,10.0,1.0,9.0,"Deonar, Mumbai",31.5,28.1,29.6,71,20.1,11.6,255,1005.9,0.2
2022-06-07,76.0,21.0,24.0,11.0,1.0,9.0,"Deonar, Mumbai",32.0,28.5,29.8,73,20.0,11.2,240,1006.1,0.4
2022-06-08,50.0,23.0,26.0,12.0,1.0,9.0,"Deonar, Mumbai",31.1,27.5,29.3,79,18.8,14.1,240,1005.9,2.3
2022-06-09,51.0,40.0,12.0,13.0,1.0,11.0,"Deonar, Mumbai",30.5,27.1,28.7,80,18.1,11.8,237,1004.8,15.1
2022-06-10,77.0,16.0,11.0,6.0,1.0,9.0,"Deonar, Mumbai",30.4,26.9,28.0,82,20.9,14.0,200,1004.7,10.9
2022-06-11,39.0,17.0,11.0,7.0,1.0,9.0,"Deonar, Mumbai",29.5,25.9,27.3,83,25.8,18.2,201,1005.3,22.6
2022-06-12,41.0,26.0,21.0,7.0,2.0,9.0,"Deonar, Mumbai",28.4,25.9,26.8,85,27.7,19.3,189,1005.3,12.0
2022-06-13,55.0,33.0,6.0,6.0,1.875,10.0,"Deonar, Mumbai",29.5,25.5,27.6,82,28.3,22.1,190,1006.4,7.4
2022-06-14,65.0,26.0,7.0,12.0,1.75,10.0,"Deonar, Mumbai",30.2,25.5,28.2,80,24.8,20.3,200,1006.6,2.7
2022-06-15,56.0,34.0,7.0,12.0,1.625,11.0,"Deonar, Mumbai",29.9,26.4,28.4,79,23.1,17.2,223,1006.0,3.5
2022-06-16,66.0,37.0,13.0,4.0,2.375,11.0,"Deonar, Mumbai",30.0,26.2,28.0,81,23.7,15.9,208,1005.7,4.5
2022-06-17,70.0,29.0,6.0,12.0,2.375,10.0,"Deonar, Mumbai",29.6,26.2,28.0,82,21.6,16.7,208,1005.1,3.1
2022-06-18,61.0,13.0,7.0,11.0,2.375,11.0,"Deonar, Mumbai",29.8,26.5,28.4,80,24.3,18.1,205,1005.2,6.1
2022-06-19,31.0,12.0,6.0,4.0,2.375,11.0,"Deonar, Mumbai",28.5,25.8,27.1,85,24.5,19.6,211,1005.7,28.0
2022-06-20,31.0,14.0,13.0,5.0,1.0,11.0,"Deonar, Mumbai",26.7,25.8,26.3,90,21.8,16.7,226,1004.8,50.7
2022-06-21,35.0,23.0,6.0,5.0,1.25,12.0,"Deonar, Mumbai",27.8,24.9,26.3,88,23.7,17.6,202,1002.7,29.4
2022-06-22,52.0,26.0,9.0,6.0,1.5,12.0,"Deonar, Mumbai",29.0,25.0,26.6,87,22.2,15.6,184,1003.8,22.4
2022-06-23,56.0,30.0,8.0,11.0,1.75,13.0,"Deonar, Mumbai",28.2,24.9,26.5,87,14.0,10.3,166,1004.9,27.8
2022-06-24,59.0,18.0,23.0,4.0,2.0,13.0,"Deonar, Mumbai",29.6,25.8,27.0,86,24.9,15.6,155,1003.1,17.7
2022-06-25,41.0,11.0,12.0,11.0,2.0,12.0,"Deonar, Mumbai",28.9,25.7,26.8,87,25.3,19.6,146,1000.3,14.4
2022-06-26,26.0,17.0,9.0,11.0,2.0,13.0,"Deonar, Mumbai",28.0,25.6,26.4,88,31.3,24.2,161,1000.5,16.6
2022-06-27,41.0,13.0,7.0,3.0,2.0,13.0,"Deonar, Mumbai",28.3,25.8,26.6,88,24.7,20.7,201,1003.1,35.9
2022-06-28,33.0,14.666666666666666,8.666666666666666,3.333333333333333,2.0,13.666666666666666,"Deonar, Mumbai",28.1,25.8,26.6,87,21.5,17.9,203,1004.6,10.0
2022-06-30,38.333333333333336,18.0,12.0,4.0,2.0,15.0,"Deonar, Mumbai",27.7,25.3,26.3,89,20.9,16.0,220,1003.4,46.5
2022-07-01,41.0,40.0,7.0,4.0,2.5,10.0,"Deonar, Mumbai",26.5,24.9,25.9,91,21.2,16.8,222,1004.0,63.3
2022-07-02,78.0,37.0,7.0,5.0,2.0,9.0,"Deonar, Mumbai",27.8,25.2,26.2,89,23.3,17.6,231,1002.7,27.3
2022-07-03,72.0,22.0,5.0,4.0,2.0,8.0,"Deonar, Mumbai",27.5,25.1,26.4,88,25.1,19.3,215,1002.4,21.2
2022-07-04,51.0,16.0,3.0,3.0,1.0,7.0,"Deonar, Mumbai",27.1,25.4,26.2,89,23.8,18.3,226,1002.3,38.7
2022-07-05,37.0,18.0,6.0,4.0,1.0,6.0,"Deonar, Mumbai",26.5,25.6,26.1,90,25.0,20.4,244,1001.0,49.4
2022-07-06,40.0,33.0,7.0,9.0,1.0,6.0,"Deonar, Mumbai",27.1,25.4,26.0,90,24.1,20.5,223,1002.3,40.8
2022-07-07,66.0,37.0,3.0,6.0,1.0,6.0,"Deonar, Mumbai",27.4,25.9,26.5,88,26.8,22.4,247,1005.2,39.8
2022-07-08,73.0,36.84285714285714,2.9857142857142858,5.942857142857143,1.0,6.026666666666666,"Deonar, Mumbai",28.7,25.8,26.7,86,28.5,22.9,264,1004.7,23.5
2022-09-15,50.32857142857143,26.0,2.0,2.0,1.0,7.866666666666667,"Deonar, Mumbai",27.6,25.4,26.4,87,33.8,28.4,234,1007.3,57.3
2022-09-16,50.0,23.0,2.0,4.0,1.0,7.893333333333333,"Deonar, Mumbai",26.2,24.9,25.7,90,29.6,22.0,245,1006.4,95.8
2022-09-17,45.0,26.666666666666668,2.0,4.333333333333333,1.0,5.0,"Deonar, Mumbai",27.4,24.6,25.5,88,23.2,15.2,219,1006.8,22.8
2022-09-19,55.66666666666666,34.0,2.0,5.0,1.0,5.0,"Deonar, Mumbai",27.6,24.5,26.0,83,19.8,9.1,258,1009.1,5.3
2022-09-20,61.0,40.0,2.0,5.0,1.0,8.0,"Deonar, Mumbai",26.4,24.5,25.5,85,15.5,6.4,281,1008.8,8.6
2022-09-21,71.0,37.0,5.0,4.0,7.0,6.0,"Deonar, Mumbai",27.0,24.5,25.4,87,16.0,7.1,269,1008.8,13.4
2022-09-22,68.0,39.25,5.25,3.75,6.0,5.75,"Deonar, Mumbai",25.8,24.7,25.1,88,17.3,8.1,235,1009.2,20.5
2022-09-25,77.0,46.0,6.0,3.0,3.0,5.0,"Deonar, Mumbai",27.3,24.5,25.8,85,12.5,8.3,232,1008.3,4.5
2022-09-26,80.0,51.5,8.5,3.75,3.25,4.75,"Deonar, Mumbai",27.6,24.0,25.9,84,16.0,7.4,272,1010.0,5.0
2022-09-29,113.0,68.0,16.0,6.0,4.0,4.0,"Deonar, Mumbai",27.8,24.4,26.1,88,15.8,6.9,334,1007.6,2.9
2022-09-30,124.0,62.0,11.0,8.0,5.0,7.0,"Deonar, Mumbai",28.8,24.8,26.6,88,16.6,8.2,333,1008.1,1.8
2022-10-01,106.0,63.0,10.5,9.0,3.0,17.0,"Deonar, Mumbai",28.0,23.5,26.1,88,16.8,8.2,315,1008.9,6.8
2022-10-02,115.0,53.0,10.0,6.0,3.0,7.0,"Deonar, Mumbai",28.5,24.2,26.5,86,16.6,7.6,321,1009.0,1.7
2022-10-03,89.0,60.0,20.0,3.0,5.0,8.0,"Deonar, Mumbai",28.5,24.5,26.5,86,19.9,9.9,334,1009.4,1.4
2022-10-04,105.0,47.33333333333333,14.666666666666668,3.0,4.333333333333333,9.666666666666666,"Deonar, Mumbai",29.3,24.9,27.2,85,21.1,11.1,339,1009.2,0.1
2022-10-06,65.0,22.0,4.0,3.0,3.0,13.0,"Deonar, Mumbai",29.5,24.9,27.5,85,21.3,11.4,314,1006.3,3.6
2022-10-07,45.0,14.0,11.0,2.0,2.0,12.0,"Deonar, Mumbai",27.1,24.4,26.1,86,22.5,10.5,295,1005.3,34.3
2022-10-08,31.0,29.0,8.5,2.5,2.0,10.0,"Deonar, Mumbai",27.2,25.0,26.1,86,21.4,15.0,235,1007.5,38.3
2022-10-09,53.5,44.0,6.0,3.0,2.0,8.0,"Deonar, Mumbai",28.8,25.5,26.9,84,14.4,9.5,214,1009.0,1.7
2022-10-10,76.0,47.5,8.5,3.0,2.0,13.0,"Deonar, Mumbai",29.5,24.8,27.1,86,14.8,7.1,348,1009.9,0.4
2022-10-11,79.5,51.0,11.0,3.0,2.0,18.0,"Deonar, Mumbai",29.6,25.0,26.8,88,14.3,6.0,8,1008.8,10.7
2022-10-12,83.0,55.0,19.0,2.5,4.0,12.5,"Deonar, Mumbai",28.1,24.5,26.0,88,11.8,6.4,41,1009.5,19.9
2022-10-13,83.0,59.0,27.0,2.0,6.0,7.0,"Deonar, Mumbai",29.3,24.2,26.6,89,9.7,4.9,43,1009.5,3.0
2022-10-14,83.0,74.0,31.0,1.0,8.0,10.0,"Deonar, Mumbai",30.5,24.9,26.8,86,11.5,6.2,78,1009.4,14.6
2022-10-15,111.0,93.0,17.0,7.0,3.0,9.0,"Deonar, Mumbai",31.5,24.5,27.5,78,13.5,7.7,8,1008.3,0.7
2022-10-16,135.0,96.125,20.444444444444443,6.875,4.0,9.625,"Deonar, Mumbai",31.8,24.9,27.8,70,18.7,12.7,27,1009.3,0.1
2022-10-23,163.875,118.0,44.55555555555556,6.0,11.0,14.0,"Deonar, Mumbai",31.2,23.2,26.7,72,14.1,8.9,13,1013.0,0.0
2022-10-24,168.0,177.0,48.0,7.0,13.0,14.0,"Deonar, Mumbai",30.4,21.5,25.9,74,15.5,8.5,351,1011.2,0.0
2022-10-25,191.0,116.0,40.0,8.0,8.0,14.0,"Deonar, Mumbai",29.7,22.4,25.9,77,14.3,7.8,346,1011.3,0.0
2022-10-26,161.0,139.0,44.0,9.0,12.0,15.0,"Deonar, Mumbai",30.2,22.1,25.7,75,16.4,8.9,0,1012.7,0.0
2022-10-27,173.0,97.0,45.0,10.0,8.0,14.0,"Deonar, Mumbai",30.2,22.0,25.7,75,16.6,8.5,3,1012.5,0.0
2022-10-28,152.0,104.0,38.0,9.0,9.0,14.0,"Deonar, Mumbai",31.3,21.9,26.1,69,15.5,9.0,44,1011.9,0.0
2022-10-29,157.0,99.0,41.0,10.0,11.0,14.0,"Deonar, Mumbai",31.8,21.8,25.9,66,14.1,8.4,53,1011.7,0.0
2022-10-30,151.0,99.0,45.0,12.0,13.0,15.0,"Deonar, Mumbai",31.8,20.7,25.8,65,16.1,9.7,21,1012.0,0.0
2022-10-31,156.0,111.0,43.0,13.0,9.0,17.0,"Deonar, Mumbai",31.8,21.2,25.6,67,18.4,8.9,25,1011.6,0.0
2022-11-01,157.0,115.0,50.0,12.0,9.0,18.0,"Deonar, Mumbai",31.4,21.5,25.8,63,18.2,9.4,35,1012.3,0.0
2022-11-02,165.0,108.0,42.0,13.0,8.0,18.0,"Deonar, Mumbai",31.4,21.7,25.8,69,21.5,11.3,11,1011.6,0.0
2022-11-03,162.0,115.0,43.0,11.0,7.0,19.0,"Deonar, Mumbai",32.7,21.0,26.3,61,15.5,10.8,26,1011.2,0.0
2022-11-04,165.0,111.0,47.0,12.0,10.0,19.0,"Deonar, Mumbai",33.3,21.2,26.2,63,17.2,9.5,28,1011.9,0.0
2022-11-05,163.0,116.0,58.0,10.0,13.0,24.0,"Deonar, Mumbai",33.2,21.0,26.3,61,15.7,8.8,10,1013.0,0.0
2022-11-06,168.0,112.0,53.0,11.0,13.0,22.0,"Deonar, Mumbai",32.2,21.1,25.9,67,16.3,9.3,1,1013.4,0.0
2022-11-07,168.0,123.0,45.0,11.0,11.0,13.0,"Deonar, Mumbai",31.3,20.8,25.5,71,15.7,8.2,359,1013.2,0.0
2022-11-08,174.0,129.0,48.0,12.0,12.0,13.0,"Deonar, Mumbai",31.8,21.5,26.1,66,19.1,10.4,358,1012.9,0.0
2022-11-09,177.0,117.0,45.0,12.0,13.0,9.0,"Deonar, Mumbai",31.3,22.2,26.2,63,20.7,9.6,350,1012.7,0.0
2022-11-10,166.0,122.0,42.0,12.0,18.0,9.0,"Deonar, Mumbai",32.3,21.5,26.2,63,24.3,9.9,8,1013.0,0.0
2022-11-11,171.0,121.0,46.0,12.0,11.0,9.0,"Deonar, Mumbai",32.7,21.1,26.5,59,19.4,10.8,26,1013.2,0.0
2022-11-12,171.0,115.0,54.0,11.0,15.0,9.0,"Deonar, Mumbai",32.7,22.4,26.7,60,21.8,12.4,17,1012.9,0.0
2022-11-13,166.0,130.0,61.0,9.0,15.0,11.0,"Deonar, Mumbai",32.7,22.6,26.7,59,20.4,11.8,14,1011.9,0.0
2022-11-14,176.0,141.0,55.0,3.0,9.0,14.0,"Deonar, Mumbai",31.6,21.8,26.1,72,17.3,8.7,353,1012.1,0.0
2022-11-15,183.0,130.0,37.0,5.0,6.0,11.0,"Deonar, Mumbai",31.0,22.1,26.1,72,16.5,9.1,344,1012.7,0.0
2022-11-16,176.0,111.0,64.0,4.0,5.0,12.0,"Deonar, Mumbai",31.8,21.6,26.2,66,17.2,9.5,350,1011.9,0.0
2022-11-17,164.0,101.0,65.0,4.0,4.0,10.0,"Deonar, Mumbai",32.0,22.1,26.0,60,21.5,11.1,6,1011.8,0.0
2022-11-18,156.0,120.0,64.0,4.0,1.0,12.0,"Deonar, Mumbai",31.4,21.9,25.7,52,22.2,12.5,11,1012.2,0.0
2022-11-19,169.0,107.0,60.5,4.0,5.0,13.0,"Deonar, Mumbai",31.1,21.3,25.5,51,19.8,12.0,20,1012.1,0.0
2022-11-20,161.0,120.0,57.0,5.0,4.0,11.0,"Deonar, Mumbai",30.0,19.8,24.5,55,21.9,11.5,18,1011.2,0.0
2022-11-21,169.0,142.0,59.0,5.0,5.0,15.0,"Deonar, Mumbai",29.4,18.6,23.7,59,18.4,10.7,358,1011.1,0.0
2022-11-22,184.0,172.0,55.0,5.0,4.0,16.0,"Deonar, Mumbai",30.1,19.5,24.1,63,18.4,10.9,355,1011.0,0.0
2022-11-23,197.0,151.0,59.0,6.0,4.0,18.0,"Deonar, Mumbai",30.9,21.7,25.4,59,20.9,11.6,356,1011.0,0.0
2022-11-24,190.0,161.0,58.0,6.0,6.0,18.0,"Deonar, Mumbai",30.6,20.9,25.3,63,19.1,10.0,347,1010.7,0.0
2022-11-25,196.0,168.0,49.0,6.0,2.0,20.0,"Deonar, Mumbai",31.1,21.3,26.0,66,14.6,8.1,346,1011.2,0.0
2022-11-26,201.0,162.0,62.0,5.0,6.0,19.0,"Deonar, Mumbai",31.7,22.7,26.4,70,16.2,8.5,350,1010.4,0.0
2022-11-27,197.0,116.0,46.0,4.0,3.0,17.0,"Deonar, Mumbai",29.7,22.5,26.2,71,15.9,8.3,327,1008.7,0.0
2022-11-28,170.0,132.0,53.0,6.0,1.0,19.0,"Deonar, Mumbai",29.8,21.0,25.1,68,18.2,9.6,332,1009.6,0.0
2022-11-29,180.0,160.0,57.0,6.0,2.0,19.0,"Deonar, Mumbai",29.1,19.9,24.3,72,16.3,9.4,335,1010.5,0.0
2022-11-30,193.0,168.0,60.0,6.0,3.0,20.0,"Deonar, Mumbai",31.1,21.0,26.0,67,15.9,8.1,348,1011.1,0.0
2022-12-01,200.0,156.0,58.0,6.0,5.0,19.0,"Deonar, Mumbai",31.8,22.1,25.9,63,18.1,9.2,10,1011.0,0.0
2022-12-02,193.0,160.0,59.0,6.0,5.0,21.0,"Deonar, Mumbai",31.2,19.6,25.2,64,15.1,8.7,358,1010.4,0.0
2022-12-03,195.0,168.0,55.0,7.0,4.0,21.0,"Deonar, Mumbai",30.6,20.9,25.3,64,20.4,10.2,346,1010.6,0.0
2022-12-04,202.0,173.0,59.0,6.0,3.0,22.0,"Deonar, Mumbai",31.6,22.4,26.4,69,14.7,8.2,346,1011.2,0.0
2022-12-05,211.0,173.0,63.0,6.0,5.0,21.0,"Deonar, Mumbai",31.0,23.5,26.7,71,16.5,8.9,342,1012.1,0.0
2022-12-06,240.0,160.0,62.0,7.0,12.0,21.0,"Deonar, Mumbai",31.4,23.9,26.7,72,20.2,9.8,337,1011.7,0.0
2022-12-07,220.0,143.0,61.0,6.0,5.0,19.0,"Deonar, Mumbai",31.4,22.8,26.3,71,20.9,10.2,337,1011.2,0.0
2022-12-08,201.0,122.0,59.0,6.0,4.0,19.0,"Deonar, Mumbai",30.9,21.2,25.8,68,20.3,11.0,349,1011.0,0.0
2022-12-09,185.0,133.0,63.5,6.0,4.0,20.0,"Deonar, Mumbai",30.5,20.4,24.6,58,21.1,11.1,8,1009.5,0.0
2022-12-10,196.0,135.0,68.0,6.0,8.0,21.0,"Deonar, Mumbai",30.8,18.7,24.0,63,19.2,9.7,359,1009.2,0.0
2022-12-11,199.0,117.0,47.0,6.0,7.0,21.0,"Deonar, Mumbai",30.2,19.5,24.7,64,19.7,8.8,349,1009.8,0.0
2022-12-12,182.0,124.0,29.0,7.0,7.0,22.0,"Deonar, Mumbai",31.8,22.0,26.7,68,18.2,9.0,354,1009.3,0.0
2022-12-13,191.0,101.0,37.0,6.0,9.0,21.0,"Deonar, Mumbai",32.4,24.7,27.9,67,16.2,10.2,40,1009.7,0.0
2022-12-14,166.0,100.0,47.0,6.0,3.0,21.0,"Deonar, Mumbai",31.4,25.5,27.8,68,18.9,8.8,37,1010.8,0.0
2022-12-15,172.0,113.0,58.0,7.0,7.0,23.0,"Deonar, Mumbai",30.6,24.5,27.0,73,15.4,8.6,351,1010.8,0.0
2022-12-16,181.0,113.0,60.0,6.0,6.0,22.0,"Deonar, Mumbai",32.8,24.0,27.3,70,18.2,9.5,345,1010.4,0.0
2022-12-17,181.0,122.0,59.0,6.0,5.0,23.0,"Deonar, Mumbai",33.0,24.0,27.5,71,20.5,10.6,350,1011.1,0.0
2022-12-18,187.0,108.0,57.0,6.0,8.0,21.0,"Deonar, Mumbai",32.8,25.0,27.8,66,22.8,11.8,352,1010.8,0.0
2022-12-19,176.0,128.0,52.0,6.0,8.0,24.0,"Deonar, Mumbai",30.8,23.9,26.8,61,20.8,11.2,350,1009.9,0.0
2022-12-20,192.0,152.0,56.0,6.0,8.0,25.0,"Deonar, Mumbai",29.6,22.6,26.0,60,19.0,11.1,343,1009.5,0.0
2022-12-21,214.0,155.0,61.0,8.0,6.0,27.0,"Deonar, Mumbai",30.3,21.0,25.5,67,18.1,8.8,346,1010.1,0.0
2022-12-22,218.0,156.0,67.0,8.0,6.0,27.0,"Deonar, Mumbai",30.2,20.7,25.0,70,18.6,9.6,338,1010.1,0.0
2022-12-23,218.0,116.0,59.0,10.0,12.0,34.0,"Deonar, Mumbai",29.3,21.6,24.7,64,22.0,12.4,338,1010.9,0.0
2022-12-24,183.0,144.0,62.0,13.0,20.0,30.0,"Deonar, Mumbai",28.6,19.9,23.1,53,20.9,12.9,347,1011.9,0.0
2022-12-25,209.0,142.0,57.0,12.0,13.0,14.0,"Deonar, Mumbai",27.0,17.0,22.0,66,15.5,7.5,334,1012.1,0.0
2022-12-26,209.0,162.0,65.0,9.0,4.0,6.0,"Deonar, Mumbai",27.4,16.6,22.1,75,18.3,9.3,343,1013.1,0.0
2022-12-27,230.0,155.0,56.0,9.0,6.0,10.0,"Deonar, Mumbai",29.0,18.7,23.6,70,19.3,10.6,340,1013.9,0.0
2022-12-28,222.0,149.0,50.0,10.0,5.0,9.0,"Deonar, Mumbai",29.8,19.3,24.0,70,19.6,11.0,337,1014.7,0.0
2022-12-29,216.0,187.0,58.0,11.0,4.0,8.0,"Deonar, Mumbai",30.0,19.6,24.1,69,20.6,10.1,334,1015.9,0.0
2022-12-30,244.0,153.0,58.0,12.0,5.0,9.0,"Deonar, Mumbai",30.0,19.0,24.3,68,20.0,10.7,335,1016.9,0.0
2022-12-31,221.0,116.0,64.0,13.0,7.0,9.0,"Deonar, Mumbai",29.0,20.1,23.8,66,21.9,12.3,340,1016.4,0.0
2023-01-01,184.0,135.0,65.0,17.0,10.0,10.0,"Deonar, Mumbai",27.0,16.8,22.2,68,20.4,11.4,338,1016.1,0.0
2023-01-02,200.0,159.0,37.0,18.0,8.0,11.0,"Deonar, Mumbai",28.6,17.9,22.8,71,19.5,11.0,344,1015.2,0.0
2023-01-03,225.0,167.0,5.0,16.0,13.0,21.0,"Deonar, Mumbai",28.6,18.1,22.8,71,20.6,11.4,339,1015.0,0.0
2023-01-04,237.0,166.16666666666666,5.5,18.0,12.571428571428571,19.166666666666668,"Deonar, Mumbai",28.0,18.0,22.8,72,18.4,9.4,338,1013.8,0.0
2023-01-09,226.16666666666663,162.0,8.0,28.0,10.428571428571429,10.0,"Deonar, Mumbai",30.4,19.1,24.0,59,21.0,10.9,350,1015.9,0.0
2023-01-10,224.0,149.0,61.0,22.0,10.0,18.0,"Deonar, Mumbai",30.6,17.6,23.4,57,21.4,10.7,353,1015.3,0.0
2023-01-11,213.0,134.0,62.0,20.0,9.0,18.0,"Deonar, Mumbai",28.2,16.9,22.7,66,17.1,8.8,336,1013.6,0.0
2023-01-12,199.0,139.0,34.0,13.0,12.0,12.0,"Deonar, Mumbai",27.5,17.2,22.3,72,21.7,11.7,330,1013.0,0.0
2023-01-13,213.0,158.0,58.0,16.0,7.0,11.0,"Deonar, Mumbai",26.4,20.0,22.5,76,24.0,12.7,345,1014.0,0.0
2023-01-14,228.0,149.0,58.5,18.0,11.0,15.0,"Deonar, Mumbai",25.7,16.9,21.0,66,21.7,12.8,345,1013.9,0.0
2023-01-15,216.0,161.0,59.0,24.0,10.166666666666666,21.0,"Deonar, Mumbai",25.4,16.1,20.6,68,21.9,10.6,336,1012.3,0.0
2023-01-16,232.0,181.0,59.0,23.0,9.333333333333334,21.0,"Deonar, Mumbai",25.1,15.4,20.4,78,16.4,9.1,336,1012.4,0.0
2023-01-17,254.0,184.0,60.0,17.0,8.5,25.0,"Deonar, Mumbai",26.2,16.4,20.9,75,17.1,9.1,334,1012.8,0.0
2023-01-18,251.0,191.0,57.0,20.0,5.375,27.0,"Deonar, Mumbai",28.5,16.5,22.0,75,14.8,7.9,335,1013.6,0.0
2023-01-19,260.0,169.0,64.0,17.0,5.375,24.0,"Deonar, Mumbai",27.0,16.2,22.2,75,14.2,7.5,328,1013.6,0.0
2023-01-20,240.0,150.0,52.0,16.0,6.0,24.0,"Deonar, Mumbai",27.0,17.5,21.7,75,18.9,9.4,334,1013.5,0.0
2023-01-21,217.0,127.0,49.0,14.0,7.0,18.0,"Deonar, Mumbai",26.6,17.8,21.9,72,20.9,11.2,335,1013.8,0.0
2023-01-22,194.0,140.0,47.0,16.0,6.0,12.0,"Deonar, Mumbai",26.5,19.0,22.0,61,25.7,13.2,344,1013.2,0.0
2023-01-23,205.0,144.0,44.0,15.0,6.0,12.0,"Deonar, Mumbai",25.5,17.6,21.3,58,26.3,14.6,338,1012.7,0.0
2023-01-24,208.0,151.0,53.0,16.0,5.0,13.0,"Deonar, Mumbai",25.4,17.5,21.1,61,26.2,14.0,339,1013.0,0.0
2023-01-25,214.0,170.0,65.0,17.0,6.0,14.0,"Deonar, Mumbai",26.2,18.2,21.4,58,29.2,16.9,342,1012.8,0.0
2023-01-26,237.0,185.0,59.0,16.0,5.0,18.0,"Deonar, Mumbai",26.8,18.7,22.4,61,23.7,15.1,340,1012.3,0.0
2023-01-27,249.0,161.0,40.0,16.0,10.0,18.0,"Deonar, Mumbai",32.5,20.5,24.7,69,19.1,10.8,343,1011.3,0.0
2023-01-28,225.0,117.0,39.0,13.0,4.0,14.0,"Deonar, Mumbai",29.5,20.1,24.0,78,21.5,10.0,241,1010.5,0.0
2023-01-29,187.0,127.0,43.0,14.0,4.0,14.0,"Deonar, Mumbai",25.4,21.9,23.4,88,18.4,8.2,293,1010.3,1.6
2023-01-30,197.0,161.0,52.0,15.0,4.0,13.0,"Deonar, Mumbai",27.6,20.9,23.5,79,25.5,14.3,336,1012.8,0.0
2023-01-31,213.0,144.0,42.0,13.0,6.0,19.0,"Deonar, Mumbai",29.7,21.4,25.0,66,25.7,15.7,344,1012.5,0.0
2023-02-01,205.0,120.0,50.0,13.0,7.0,14.0,"Deonar, Mumbai",33.2,23.0,26.7,55,24.2,12.7,26,1011.8,0.0
2023-02-02,188.0,144.0,54.0,15.0,7.0,17.0,"Deonar, Mumbai",33.6,23.3,26.9,54,25.0,16.7,15,1012.0,0.0
2023-02-03,210.0,147.0,63.0,16.0,6.0,18.0,"Deonar, Mumbai",31.5,21.0,25.1,58,21.8,11.0,342,1012.7,0.0
2023-02-04,212.0,136.0,62.0,15.0,5.0,21.0,"Deonar, Mumbai",30.6,19.6,24.4,60,21.3,11.8,337,1011.6,0.0
2023-02-05,203.0,149.0,64.0,17.0,7.0,18.0,"Deonar, Mumbai",29.9,19.8,24.4,65,15.5,8.3,322,1010.9,0.0
2023-02-06,212.0,134.0,38.0,15.0,6.0,17.0,"Deonar, Mumbai",28.7,18.5,23.8,68,21.8,12.4,330,1011.5,0.0
2023-02-07,199.0,163.0,51.0,17.0,6.0,19.0,"Deonar, Mumbai",30.6,19.6,24.1,63,24.8,13.1,339,1011.3,0.0
2023-02-08,229.0,158.0,59.0,17.0,9.0,23.0,"Deonar, Mumbai",30.5,18.1,24.2,63,23.5,12.6,341,1011.2,0.0
2023-02-09,224.0,153.0,50.0,16.0,6.0,24.0,"Deonar, Mumbai",32.7,19.4,25.3,57,23.0,11.2,341,1011.4,0.0
2023-02-10,212.0,143.0,40.0,14.0,6.0,24.0,"Deonar, Mumbai",30.5,18.9,24.3,62,22.5,12.6,331,1013.0,0.0
2023-02-11,206.0,143.66666666666666,43.333333333333336,15.0,6.666666666666667,23.33333333333333,"Deonar, Mumbai",31.2,18.0,24.3,55,25.0,13.9,339,1013.8,0.0
2023-02-13,209.33333333333331,145.0,50.0,17.0,8.0,22.0,"Deonar, Mumbai",33.1,22.1,26.5,45,27.2,14.8,357,1013.4,0.0
2023-02-14,211.0,151.0,46.0,18.0,13.0,25.0,"Deonar, Mumbai",32.2,20.0,25.2,48,23.5,11.1,348,1013.3,0.0
2023-02-15,216.0,173.0,34.0,18.0,10.0,24.0,"Deonar, Mumbai",32.1,18.2,25.1,51,24.5,11.7,343,1011.6,0.0
2023-02-16,234.0,163.0,35.0,19.0,15.0,28.0,"Deonar, Mumbai",33.8,19.5,26.2,48,28.9,13.6,352,1011.9,0.0
2023-02-17,228.0,149.0,33.0,18.0,8.0,26.0,"Deonar, Mumbai",33.0,21.4,26.8,44,29.5,15.3,346,1012.3,0.0
2023-02-18,214.0,143.0,51.0,18.0,9.0,28.0,"Deonar, Mumbai",33.9,19.5,26.4,42,25.4,12.5,355,1011.9,0.0
2023-02-19,208.0,140.0,34.0,19.0,9.0,30.0,"Deonar, Mumbai",34.5,18.8,25.7,53,21.1,10.4,348,1011.8,0.0
2023-02-20,204.0,144.0,30.0,19.0,6.0,24.0,"Deonar, Mumbai",29.3,19.8,25.4,66,17.3,8.3,286,1012.3,0.0
2023-02-21,212.0,112.0,21.0,18.0,5.0,4.0,"Deonar, Mumbai",30.9,19.6,25.3,66,23.7,12.0,325,1012.9,0.0
2023-02-22,182.0,147.0,36.0,20.0,6.0,8.0,"Deonar, Mumbai",29.5,20.0,24.5,67,24.2,13.4,333,1012.6,0.0
2023-02-23,213.0,176.0,39.0,20.0,7.0,7.0,"Deonar, Mumbai",32.1,20.6,25.5,52,26.2,14.0,334,1011.5,0.0
2023-02-24,236.0,164.0,31.0,20.0,7.0,6.0,"Deonar, Mumbai",33.0,21.6,26.6,48,26.6,13.3,337,1012.5,0.0
2023-02-25,226.0,149.0,32.0,19.0,7.0,6.0,"Deonar, Mumbai",33.0,21.8,27.0,44,25.1,14.9,338,1014.2,0.0
2023-02-26,215.0,147.0,23.0,19.0,6.0,5.0,"Deonar, Mumbai",33.6,21.0,26.4,46,25.5,13.6,340,1014.6,0.0
2023-02-27,213.0,148.0,30.0,20.0,8.0,6.0,"Deonar, Mumbai",33.8,21.9,26.7,46,24.2,13.4,339,1014.3,0.0
2023-02-28,214.0,159.0,21.0,20.0,7.0,8.0,"Deonar, Mumbai",31.8,20.2,25.5,54,20.8,11.6,328,1014.6,0.0
2023-03-01,225.0,167.0,30.0,21.0,7.0,7.0,"Deonar, Mumbai",32.0,20.6,26.0,56,21.9,12.5,332,1015.0,0.0
2023-03-02,230.0,196.0,27.0,22.0,11.0,8.0,"Deonar, Mumbai",33.9,21.9,27.2,51,22.2,11.2,334,1015.0,0.0
2023-03-03,255.0,186.94444444444449,25.944444444444443,21.33333333333333,10.666666666666666,7.944444444444445,"Deonar, Mumbai",32.6,21.6,27.2,60,20.5,8.7,314,1015.5,0.0
2023-03-20,81.22222222222223,33.0,8.0,10.0,5.0,7.0,"Deonar, Mumbai",28.9,23.9,26.2,69,19.0,10.4,295,1008.8,0.3
2023-03-21,71.0,40.25,9.25,10.25,4.25,6.0,"Deonar, Mumbai",28.2,21.5,25.5,73,17.7,8.7,276,1009.6,0.7
2023-03-24,116.0,62.0,13.0,11.0,2.0,3.0,"Deonar, Mumbai",29.9,23.1,26.3,75,23.8,11.8,325,1010.6,0.0
2023-03-25,131.0,79.0,17.0,12.0,2.0,1.0,"Deonar, Mumbai",29.4,21.6,25.3,70,26.0,13.0,332,1011.7,0.0
2023-03-26,158.0,75.0,17.0,12.0,3.0,5.0,"Deonar, Mumbai",29.3,21.3,25.2,69,23.1,13.2,329,1011.5,0.0
2023-03-27,155.0,98.0,18.0,13.0,4.0,6.0,"Deonar, Mumbai",29.3,21.9,25.5,77,22.3,11.6,313,1011.1,0.0
2023-03-28,173.0,91.0,17.0,12.0,4.0,11.0,"Deonar, Mumbai",29.5,22.7,25.8,78,22.1,11.5,318,1010.3,0.0
2023-03-29,169.0,84.0,14.0,10.0,2.0,8.0,"Deonar, Mumbai",29.4,22.1,25.7,79,18.8,10.2,312,1010.8,0.0
2023-03-30,164.0,60.0,9.0,8.0,5.0,1.0,"Deonar, Mumbai",29.0,23.1,26.3,73,15.9,8.3,282,1010.4,0.2
2023-03-31,134.0,64.66666666666667,10.666666666666666,8.333333333333334,5.333333333333333,3.333333333333333,"Deonar, Mumbai",28.8,24.1,26.5,74,18.2,9.4,300,1009.9,0.4
2023-04-02,145.33333333333334,74.0,14.0,9.0,6.0,8.0,"Deonar, Mumbai",29.6,22.5,26.0,77,25.8,11.9,309,1010.2,0.0
2023-04-03,151.0,73.0,15.0,8.0,12.0,5.0,"Deonar, Mumbai",29.5,23.3,26.2,77,24.8,11.2,311,1009.7,0.0
2023-04-04,153.0,76.0,17.0,8.0,12.0,8.0,"Deonar, Mumbai",30.1,23.6,26.5,80,25.9,12.8,325,1010.2,0.0
2023-04-05,154.0,95.0,28.0,8.0,12.0,6.0,"Deonar, Mumbai",30.4,22.5,26.7,82,24.2,12.6,315,1009.9,0.0
2023-04-06,169.0,112.0,30.0,6.0,15.0,4.0,"Deonar, Mumbai",32.7,23.8,28.0,73,25.0,14.6,333,1009.7,0.0
2023-04-07,181.0,109.76470588235294,28.823529411764707,5.882352941176471,14.882352941176473,4.176470588235294,"Deonar, Mumbai",33.5,25.6,29.6,57,25.7,16.2,337,1010.4,0.0
2023-04-23,156.52941176470588,74.0,10.0,4.0,13.0,7.0,"Deonar, Mumbai",31.1,24.6,27.9,76,22.5,11.6,300,1007.4,0.0
2023-04-24,155.0,76.0,22.0,2.0,12.0,2.0,"Deonar, Mumbai",31.3,25.0,28.0,79,25.8,11.7,308,1007.6,0.0
2023-04-25,153.0,67.0,15.0,2.0,13.0,8.0,"Deonar, Mumbai",31.8,25.5,28.4,82,22.7,10.5,269,1007.7,0.0
2023-04-26,140.0,70.0,11.0,2.0,11.0,12.0,"Deonar, Mumbai",30.7,26.8,28.5,75,23.1,14.0,235,1008.3,0.0
2023-04-27,141.0,64.0,24.0,2.0,11.0,5.0,"Deonar, Mumbai",31.1,25.1,28.2,75,23.5,10.2,306,1008.4,0.0
2023-04-28,136.0,64.0,22.0,2.0,12.0,6.0,"Deonar, Mumbai",31.2,26.0,28.5,73,19.6,10.8,311,1009.2,0.0
2023-04-29,137.0,60.0,15.0,2.0,12.0,6.0,"Deonar, Mumbai",31.1,26.6,28.3,71,22.1,10.1,297,1008.7,0.4
2023-04-30,125.0,56.0,27.0,2.0,12.0,6.0,"Deonar, Mumbai",30.9,25.0,28.1,71,21.5,9.6,298,1007.3,0.0
2023-05-01,120.0,60.0,21.0,2.0,10.0,5.0,"Deonar, Mumbai",30.9,25.4,28.2,69,17.0,9.1,282,1007.2,1.7
2023-05-02,131.0,65.0,15.0,2.0,12.0,5.0,"Deonar, Mumbai",30.8,25.6,28.6,66,18.4,8.6,277,1007.8,1.0
2023-05-03,142.0,65.0,24.0,2.0,13.0,5.0,"Deonar, Mumbai",31.1,26.7,28.6,68,18.8,10.1,290,1009.2,0.0
2023-05-04,137.0,70.0,17.0,3.0,11.0,5.0,"Deonar, Mumbai",31.2,25.5,28.2,73,20.9,9.6,302,1008.7,1.1
2023-05-05,147.0,72.0,11.0,3.0,13.0,4.0,"Deonar, Mumbai",31.5,25.4,28.4,75,22.1,10.0,293,1008.0,0.1
2023-05-06,148.0,70.0,13.0,2.0,9.0,4.0,"Deonar, Mumbai",31.4,25.7,28.5,77,24.3,11.9,307,1008.0,0.4
2023-05-07,144.0,68.0,15.0,5.0,13.0,6.0,"Deonar, Mumbai",29.8,25.7,27.9,80,17.7,9.1,313,1008.2,6.9
2023-05-08,138.0,78.0,18.0,9.0,10.0,15.0,"Deonar, Mumbai",31.9,27.8,29.5,74,21.2,11.9,296,1007.4,0.2
2023-05-09,156.0,87.0,24.0,27.0,11.0,17.0,"Deonar, Mumbai",32.6,27.6,29.9,76,21.5,10.5,295,1007.7,0.0
2023-05-10,165.0,91.0,25.0,30.0,16.0,33.0,"Deonar, Mumbai",33.0,27.9,30.1,80,24.1,10.6,290,1006.7,0.0
2023-05-11,169.0,81.0,28.0,24.0,17.0,29.0,"Deonar, Mumbai",33.5,27.1,30.2,79,20.2,10.4,238,1006.9,0.0
2023-05-12,162.0,70.0,21.0,21.0,15.0,22.0,"Deonar, Mumbai",32.7,27.9,30.0,81,20.9,12.2,225,1007.6,0.0
2023-05-13,152.0,66.0,16.0,19.33333333333333,15.0,19.0,"Deonar, Mumbai",32.5,28.1,30.1,78,19.8,14.4,229,1008.4,0.0
2023-05-15,134.66666666666666,58.0,6.0,16.0,15.0,13.0,"Deonar, Mumbai",32.5,28.3,30.2,75,20.5,12.9,268,1008.7,0.6
2023-05-16,126.0,60.0,18.0,15.0,12.0,8.0,"Deonar, Mumbai",33.1,28.1,30.5,70,18.1,11.3,274,1010.1,0.3
2023-05-17,126.0,60.0,17.0,14.0,9.0,8.0,"Deonar, Mumbai",32.8,27.7,30.1,73,24.6,12.7,296,1010.2,0.0
2023-05-18,127.0,55.0,19.0,14.0,13.0,7.0,"Deonar, Mumbai",32.8,27.5,29.9,76,26.3,14.3,316,1011.4,0.0
2023-05-19,118.0,56.0,17.666666666666668,13.666666666666666,11.666666666666666,6.666666666666667,"Deonar, Mumbai",33.1,27.2,29.8,79,25.8,15.4,318,1009.9,0.2
2023-05-21,123.33333333333331,58.0,15.0,13.0,9.0,6.0,"Deonar, Mumbai",32.3,28.1,29.9,72,21.7,12.5,299,1010.1,0.0
2023-05-22,126.0,66.0,17.0,13.0,13.0,5.0,"Deonar, Mumbai",32.4,27.6,29.7,75,19.7,11.8,305,1010.7,0.1
2023-05-23,141.0,55.0,14.0,13.0,11.0,5.0,"Deonar, Mumbai",33.1,26.9,29.6,78,25.4,14.0,317,1010.6,0.0
2023-05-24,115.0,44.0,12.0,13.0,12.0,6.0,"Deonar, Mumbai",32.6,27.8,30.1,75,20.9,13.2,281,1010.2,0.0
2023-05-25,93.0,45.0,11.0,12.0,14.0,4.0,"Deonar, Mumbai",32.7,28.5,30.6,66,21.7,14.5,261,1010.8,0.0
2023-05-26,99.0,48.0,12.0,10.0,11.0,3.333333333333333,"Deonar, Mumbai",32.5,29.1,30.6,66,23.1,16.8,261,1011.1,1.5
2023-05-27,101.0,48.0,15.0,10.0,12.0,2.666666666666667,"Deonar, Mumbai",33.3,28.8,30.9,62,20.5,14.5,259,1010.1,0.0
2023-05-28,99.0,53.0,17.0,10.0,10.0,2.0,"Deonar, Mumbai",33.3,28.7,30.9,67,19.8,13.5,286,1009.1,0.0
2023-05-29,114.0,65.0,32.0,10.0,10.0,3.0,"Deonar, Mumbai",32.9,28.4,30.3,75,26.7,12.5,303,1008.6,0.0
2023-05-30,135.0,68.0,25.0,10.0,12.0,15.0,"Deonar, Mumbai",33.0,27.4,30.2,80,22.6,11.6,300,1008.6,0.0
2023-05-31,141.0,62.0,21.0,10.0,9.0,7.0,"Deonar, Mumbai",33.8,28.1,30.5,79,26.4,14.8,316,1008.1,0.0
2023-06-01,134.0,53.0,14.0,10.0,10.0,7.0,"Deonar, Mumbai",33.0,27.6,30.0,81,23.7,12.4,295,1008.1,0.0
2023-06-02,113.0,56.0,12.25,10.5,8.5,14.0,"Deonar, Mumbai",32.9,28.4,30.5,72,19.6,12.0,288,1009.0,0.0
2023-06-05,141.5,65.0,7.0,12.0,4.0,35.0,"Deonar, Mumbai",32.7,28.9,30.5,72,21.3,13.7,270,1007.6,0.8
2023-06-06,151.0,55.0,13.0,11.0,14.0,42.0,"Deonar, Mumbai",33.5,29.0,30.8,69,17.7,12.6,263,1007.2,0.5
2023-06-07,118.0,42.0,18.0,11.0,13.0,37.0,"Deonar, Mumbai",33.0,29.0,30.9,69,18.7,13.1,240,1006.9,0.0
2023-06-08,88.0,35.0,15.0,12.0,16.0,41.0,"Deonar, Mumbai",33.3,29.8,31.1,69,19.0,14.4,217,1007.2,0.5
2023-06-09,77.0,42.0,14.0,12.0,17.0,40.0,"Deonar, Mumbai",32.5,28.5,30.6,76,33.5,20.3,196,1005.2,1.4
2023-06-10,87.0,50.0,11.0,12.0,13.0,39.0,"Deonar, Mumbai",33.0,28.1,30.3,75,34.9,25.9,185,1003.6,3.7
2023-06-11,103.0,50.0,9.0,11.0,14.0,41.0,"Deonar, Mumbai",32.7,26.1,29.7,73,35.7,26.9,174,1003.0,4.6
2023-06-12,102.0,46.0,6.0,12.0,13.0,39.0,"Deonar, Mumbai",32.3,26.7,28.8,78,44.1,32.1,181,1002.8,13.2
2023-06-13,98.0,47.0,3.0,13.0,18.0,24.0,"Deonar, Mumbai",31.0,26.5,28.4,80,38.1,31.4,184,1004.4,4.8
2023-06-14,100.0,42.0,7.0,10.0,19.0,19.0,"Deonar, Mumbai",30.0,25.6,28.6,78,36.4,29.3,191,1006.3,2.5
2023-06-15,89.0,48.0,6.0,10.0,13.0,25.0,"Deonar, Mumbai",31.8,28.2,29.8,74,35.5,32.2,203,1006.3,3.0
2023-06-16,100.0,50.0,10.0,9.0,17.0,29.0,"Deonar, Mumbai",31.1,27.5,29.5,75,38.3,32.9,214,1005.6,4.4
2023-06-17,106.0,55.0,9.0,8.0,11.0,27.0,"Deonar, Mumbai",31.4,27.5,29.2,79,28.3,23.9,230,1006.6,6.2
2023-06-18,116.0,55.0,11.0,8.0,13.0,29.0,"Deonar, Mumbai",30.9,27.6,29.2,79,23.2,18.8,247,1007.1,4.1
2023-06-19,118.0,60.0,13.0,8.0,10.0,31.0,"Deonar, Mumbai",30.9,27.8,29.4,78,20.6,17.3,249,1006.1,2.0
2023-06-20,132.0,58.0,10.0,9.0,12.0,19.0,"Deonar, Mumbai",30.8,27.9,29.2,79,21.3,15.2,249,1005.3,1.6
2023-06-21,125.0,55.0,9.0,10.0,12.0,19.0,"Deonar, Mumbai",31.0,28.0,29.3,80,21.4,14.3,242,1005.6,1.5
2023-06-22,120.0,51.0,6.0,9.0,10.0,15.0,"Deonar, Mumbai",31.0,27.8,29.5,77,19.7,15.0,244,1005.8,3.2
2023-06-23,108.0,53.2,5.8,9.4,12.4,12.4,"Deonar, Mumbai",30.1,27.0,28.5,81,21.2,14.8,217,1005.5,3.7
2023-06-27,112.8,62.0,5.0,11.0,22.0,2.0,"Deonar, Mumbai",27.1,25.1,26.2,90,22.7,15.8,224,1005.4,21.6
2023-06-28,114.0,26.0,4.0,10.0,10.0,1.0,"Deonar, Mumbai",27.9,25.9,26.6,89,23.6,18.1,236,1005.9,49.3
2023-06-29,65.0,20.0,3.0,10.0,12.0,1.0,"Deonar, Mumbai",27.3,25.8,26.3,90,23.3,18.7,244,1006.2,51.6
2023-06-30,51.0,31.0,2.0,11.0,17.0,1.0,"Deonar, Mumbai",26.9,25.5,26.3,90,29.8,23.0,247,1006.2,55.0
2023-07-01,74.0,29.0,4.0,12.0,11.0,1.0,"Deonar, Mumbai",28.1,25.7,26.5,89,24.8,19.4,233,1006.9,32.3
2023-07-02,68.0,28.0,6.0,17.0,11.0,3.0,"Deonar, Mumbai",28.1,25.6,26.8,88,22.7,18.4,231,1006.1,49.6
2023-07-03,66.0,24.0,4.0,30.0,7.0,4.0,"Deonar, Mumbai",28.9,26.2,27.3,88,20.4,15.0,233,1004.3,12.1
2023-07-04,59.0,35.0,8.0,9.0,6.0,3.0,"Deonar, Mumbai",28.6,25.6,27.0,89,17.4,12.7,235,1002.7,52.3
2023-07-05,77.0,24.0,8.0,8.0,6.0,3.0,"Deonar, Mumbai",28.2,25.5,26.8,88,15.6,11.5,226,1001.0,18.0
2023-07-06,58.0,22.0,6.0,7.0,7.0,4.0,"Deonar, Mumbai",27.3,25.4,26.0,91,28.1,15.3,225,1002.2,102.1
2023-07-07,53.0,46.0,6.0,7.0,5.0,3.0,"Deonar, Mumbai",28.0,25.6,26.6,89,30.9,24.3,235,1003.3,58.7
2023-07-08,99.0,43.0,6.0,7.0,7.0,3.0,"Deonar, Mumbai",29.1,25.5,27.6,84,31.7,26.4,234,1005.1,13.2
2023-07-09,90.0,47.0,7.0,7.0,5.0,3.0,"Deonar, Mumbai",29.0,25.9,27.7,82,29.3,24.1,232,1005.9,8.4
2023-07-10,97.0,52.0,7.0,7.0,5.0,3.0,"Deonar, Mumbai",28.9,26.5,27.7,81,23.5,20.1,237,1006.5,4.2
2023-07-11,109.0,55.0,5.0,5.0,4.0,4.0,"Deonar, Mumbai",29.4,25.9,27.7,82,21.5,16.3,253,1006.7,5.7
2023-07-12,118.0,6.0,4.0,1.0,7.0,3.0,"Deonar, Mumbai",27.2,25.2,26.3,89,14.5,8.9,232,1005.9,9.8
2023-07-13,18.0,16.0,3.0,1.0,6.0,3.0,"Deonar, Mumbai",27.3,25.0,26.3,89,19.1,13.8,216,1005.5,12.0
2023-07-14,45.0,48.0,4.0,1.0,6.0,4.0,"Deonar, Mumbai",27.2,25.5,26.3,89,22.3,15.8,244,1006.8,30.5
2023-07-15,103.0,42.0,5.0,1.0,5.0,3.0,"Deonar, Mumbai",27.5,25.6,26.3,89,17.1,13.0,246,1007.5,16.3
2023-07-16,88.0,27.0,2.0,1.0,4.0,3.0,"Deonar, Mumbai",27.6,25.1,25.9,90,18.5,11.9,237,1006.7,23.3
2023-07-17,65.0,31.0,4.0,1.0,4.0,4.0,"Deonar, Mumbai",27.5,24.8,26.1,89,23.2,17.1,241,1005.4,59.9
2023-07-18,73.0,40.0,5.0,1.0,6.0,4.0,"Deonar, Mumbai",26.7,25.7,26.1,90,27.7,22.8,254,1004.2,61.0
2023-07-19,91.0,52.0,4.0,1.0,4.0,4.0,"Deonar, Mumbai",27.5,25.6,26.4,90,25.4,22.1,261,1002.1,43.8
2023-07-20,118.0,33.0,4.0,2.0,5.0,1.0,"Deonar, Mumbai",27.8,25.9,26.8,86,27.8,21.3,260,1002.5,21.9
2023-07-21,78.0,27.666666666666668,4.0,1.6666666666666667,4.666666666666667,1.6666666666666663,"Deonar, Mumbai",27.6,25.8,26.6,89,23.5,18.5,254,1004.2,43.1
2023-07-23,55.33333333333333,17.0,4.0,1.0,4.0,3.0,"Deonar, Mumbai",27.8,25.5,26.4,89,31.7,24.3,248,1003.8,35.4
2023-07-24,44.0,41.0,2.0,1.0,6.0,3.0,"Deonar, Mumbai",27.8,25.5,26.3,89,29.8,23.7,245,1004.2,60.7
2023-07-25,88.0,26.0,1.0,1.0,5.0,4.0,"Deonar, Mumbai",27.1,25.2,26.1,90,22.5,19.2,248,1006.0,52.9
2023-07-26,63.0,29.0,3.0,2.0,7.0,5.0,"Deonar, Mumbai",26.9,25.2,26.0,91,28.4,21.0,258,1007.0,85.2
2023-07-27,72.0,35.0,2.0,2.0,5.0,6.0,"Deonar, Mumbai",27.2,25.6,26.2,89,24.5,22.7,267,1007.4,89.0
2023-07-28,79.0,37.0,3.0,2.75,4.5,6.25,"Deonar, Mumbai",26.9,25.1,25.9,90,24.0,19.6,268,1007.6,51.5
2023-07-31,88.0,43.0,6.0,5.0,3.0,7.0,"Deonar, Mumbai",28.2,25.9,26.9,85,27.3,20.9,251,1006.5,14.1
2023-08-01,91.0,46.0,7.0,4.0,4.0,12.0,"Deonar, Mumbai",28.8,25.5,27.0,84,27.9,22.2,250,1006.6,8.9
2023-08-02,96.0,50.0,6.0,4.0,3.0,13.0,"Deonar, Mumbai",28.4,24.2,26.8,84,28.9,22.6,247,1007.2,10.3
2023-08-03,104.0,46.0,6.0,4.0,3.0,13.0,"Deonar, Mumbai",28.5,26.3,27.2,83,28.7,24.9,250,1006.6,4.0
2023-08-04,95.0,49.0,7.0,4.0,3.0,13.0,"Deonar, Mumbai",28.2,26.7,27.3,85,27.2,23.6,250,1007.5,3.2
2023-08-05,105.0,51.0,9.0,3.0,2.0,13.0,"Deonar, Mumbai",28.9,25.8,27.4,83,25.9,22.7,248,1009.4,4.2
2023-08-06,108.0,50.0,7.0,3.0,4.0,13.0,"Deonar, Mumbai",28.5,26.4,27.4,83,25.1,22.6,252,1009.0,2.6
2023-08-07,103.0,50.0,7.0,2.0,3.0,10.0,"Deonar, Mumbai",28.6,26.0,27.4,83,28.3,23.5,247,1007.3,2.4
2023-08-08,107.0,51.0,6.0,2.0,3.0,10.0,"Deonar, Mumbai",28.8,26.2,27.4,83,26.0,21.2,246,1007.6,3.2
2023-08-09,109.0,47.0,7.0,2.0,3.0,7.0,"Deonar, Mumbai",28.9,26.1,27.4,83,20.9,17.5,251,1009.6,1.7
2023-08-10,102.0,46.0,7.0,2.0,5.0,8.0,"Deonar, Mumbai",28.2,25.6,26.8,85,18.5,14.5,247,1010.3,4.8
2023-08-11,98.0,47.0,6.0,2.0,3.0,6.0,"Deonar, Mumbai",28.8,25.9,27.4,81,16.5,13.1,264,1009.8,3.2
2023-08-12,100.0,46.0,8.0,2.0,2.0,8.0,"Deonar, Mumbai",27.1,24.5,26.1,86,20.7,12.4,248,1009.8,7.2
2023-08-13,96.0,46.0,5.0,2.0,4.0,6.0,"Deonar, Mumbai",28.8,25.6,27.2,82,26.1,19.5,255,1008.1,4.1
2023-08-14,99.0,39.0,5.0,2.0,6.0,9.0,"Deonar, Mumbai",29.1,26.1,27.6,80,26.2,21.3,238,1008.3,2.1
2023-08-15,84.0,40.0,6.0,2.0,2.0,7.0,"Deonar, Mumbai",27.9,26.4,27.1,82,21.0,16.2,232,1008.9,3.8
2023-08-16,85.0,38.0,6.0,3.0,2.0,8.0,"Deonar, Mumbai",28.8,25.5,27.1,84,21.6,13.6,260,1009.4,4.1
2023-08-17,82.0,33.0,5.0,2.0,3.0,8.0,"Deonar, Mumbai",29.1,25.5,27.1,82,21.8,14.5,284,1009.6,2.1
2023-08-18,74.0,40.0,5.0,2.0,4.0,6.0,"Deonar, Mumbai",28.8,25.9,27.3,81,19.1,15.1,291,1008.3,2.6
2023-08-19,85.0,43.5,3.0,2.0,3.5,6.0,"Deonar, Mumbai",28.5,25.8,27.1,83,20.3,16.5,294,1007.1,2.4
2023-08-20,90.5,47.0,1.0,2.0,3.0,6.0,"Deonar, Mumbai",27.8,24.8,26.3,87,16.7,11.6,295,1007.2,9.7
2023-08-21,96.0,32.0,3.0,2.0,1.0,11.0,"Deonar, Mumbai",28.5,25.1,26.6,85,17.9,10.5,283,1007.6,3.4
2023-08-22,72.0,31.0,4.0,2.0,2.0,12.0,"Deonar, Mumbai",28.1,25.4,26.6,85,19.5,11.0,261,1007.6,2.5
2023-08-23,70.0,29.0,3.0,2.0,3.0,19.0,"Deonar, Mumbai",29.2,25.4,27.3,81,22.3,14.6,246,1007.4,3.6
2023-08-24,67.0,32.0,5.0,2.0,3.0,21.0,"Deonar, Mumbai",28.2,25.8,26.7,85,23.0,16.2,227,1006.6,5.6
2023-08-25,70.0,24.0,4.0,2.0,3.0,23.0,"Deonar, Mumbai",28.0,25.4,26.7,86,21.7,16.5,222,1006.6,7.4
2023-08-26,57.0,24.0,5.0,2.0,2.0,20.0,"Deonar, Mumbai",27.5,24.4,26.3,87,21.3,16.4,229,1008.1,18.6
2023-08-27,57.0,35.0,4.0,2.0,2.0,23.0,"Deonar, Mumbai",27.2,24.1,25.7,89,17.0,12.0,223,1009.2,13.9
2023-08-28,79.0,53.0,10.0,2.0,3.0,14.0,"Deonar, Mumbai",27.1,24.9,25.9,87,20.2,12.1,221,1008.7,5.0
2023-08-29,111.0,60.0,13.0,3.0,2.0,12.0,"Deonar, Mumbai",28.2,25.2,26.5,86,13.1,8.1,240,1008.4,3.2
2023-08-30,130.0,67.0,15.0,3.0,2.0,13.0,"Deonar, Mumbai",29.0,24.6,26.7,87,14.7,7.2,275,1009.1,1.0
2023-08-31,144.0,65.0,16.0,3.0,2.0,11.0,"Deonar, Mumbai",29.7,25.0,27.3,86,16.5,7.5,318,1008.9,0.2
2023-09-01,142.0,54.0,7.0,3.0,3.0,14.0,"Deonar, Mumbai",30.1,24.1,27.2,86,19.6,7.7,322,1008.7,1.2
2023-09-02,117.0,56.0,3.0,8.0,3.0,15.0,"Deonar, Mumbai",28.5,25.1,26.5,89,13.0,5.6,321,1008.7,4.4
2023-09-03,121.0,64.0,11.0,6.0,4.0,16.0,"Deonar, Mumbai",29.0,25.1,27.0,86,18.1,8.1,306,1007.8,10.6
2023-09-04,136.0,70.0,11.0,2.0,3.0,10.0,"Deonar, Mumbai",29.4,24.1,26.9,84,18.8,9.2,316,1006.6,1.7
2023-09-05,146.0,61.0,4.0,3.0,2.0,10.0,"Deonar, Mumbai",29.0,25.0,27.1,82,18.4,10.9,310,1006.1,2.2
2023-09-06,130.0,43.0,3.0,4.0,3.0,9.0,"Deonar, Mumbai",29.9,26.3,27.9,80,18.6,12.0,296,1006.0,0.4
2023-09-07,94.0,41.0,3.0,1.0,2.0,5.0,"Deonar, Mumbai",28.2,24.8,27.1,85,21.5,14.3,281,1005.9,12.5
2023-09-08,91.0,48.0,5.0,1.0,2.0,5.0,"Deonar, Mumbai",28.2,26.1,26.8,88,23.9,17.5,292,1006.1,39.8
2023-09-09,101.0,38.0,8.0,2.5,2.0,5.0,"Deonar, Mumbai",28.6,25.6,26.9,89,20.2,12.6,281,1006.3,11.3
2023-09-10,84.0,42.0,9.0,4.0,2.0,5.0,"Deonar, Mumbai",28.8,25.5,27.1,88,19.1,11.3,253,1006.2,5.5
2023-09-11,88.0,46.0,9.0,2.0,2.0,4.0,"Deonar, Mumbai",28.6,24.8,26.3,89,15.8,9.7,256,1007.0,3.8
2023-09-12,96.0,45.0,11.0,4.0,3.0,5.0,"Deonar, Mumbai",29.1,24.6,27.0,85,19.5,10.6,256,1007.6,6.6
2023-09-13,92.0,45.5,7.0,6.0,2.0,7.5,"Deonar, Mumbai",28.0,25.2,26.5,87,12.6,8.3,242,1007.1,4.7
2023-09-14,94.0,46.0,3.0,8.0,1.0,10.0,"Deonar, Mumbai",28.4,24.9,26.7,85,14.7,9.0,222,1007.2,1.6
2023-09-15,96.0,39.0,5.0,9.0,4.0,8.0,"Deonar, Mumbai",29.1,24.9,27.3,82,17.4,10.0,241,1007.0,2.0
2023-09-16,83.0,39.0,7.0,8.0,3.0,8.0,"Deonar, Mumbai",28.5,25.1,27.3,83,23.5,17.2,253,1006.6,7.3
2023-09-17,83.0,41.0,6.0,7.0,4.0,7.0,"Deonar, Mumbai",29.2,25.7,27.4,82,24.8,20.6,241,1005.6,6.5
2023-09-18,84.0,32.0,6.0,8.0,4.0,8.0,"Deonar, Mumbai",27.5,25.1,26.2,88,25.3,18.9,217,1005.7,24.6
2023-09-19,72.0,30.0,4.0,7.0,4.0,8.0,"Deonar, Mumbai",28.2,25.5,26.6,87,23.7,20.4,204,1007.0,12.4
2023-09-20,67.0,25.0,10.0,5.0,3.0,9.0,"Deonar, Mumbai",28.2,25.9,26.6,88,23.2,18.8,205,1007.6,12.1
2023-09-21,57.0,29.0,2.0,3.0,2.0,8.0,"Deonar, Mumbai",28.0,25.6,26.7,89,17.1,12.0,219,1007.9,17.5
2023-09-22,65.0,38.0,4.0,10.0,3.0,9.0,"Deonar, Mumbai",28.0,25.1,26.5,90,12.5,8.7,186,1008.2,15.6
2023-09-23,81.0,43.0,6.0,10.0,2.0,10.0,"Deonar, Mumbai",27.9,25.4,26.3,91,17.6,7.0,210,1008.8,28.2
2023-09-24,93.0,56.0,3.0,9.0,6.0,9.0,"Deonar, Mumbai",27.5,24.9,26.3,89,12.0,7.2,229,1009.2,15.1
2023-09-25,100.0,56.0,1.0,10.0,5.785714285714286,9.0,"Deonar, Mumbai",28.2,24.8,26.4,88,15.8,7.6,263,1008.2,18.1
2023-09-26,121.0,60.84615384615385,2.8461538461538463,9.846153846153848,5.571428571428571,11.076923076923077,"Deonar, Mumbai",28.9,24.8,26.6,89,14.5,6.8,271,1007.9,3.7
2023-10-08,159.76923076923077,119.0,25.0,8.0,3.0,36.0,"Deonar, Mumbai",31.5,25.0,27.8,83,19.5,10.9,348,1010.4,0.0
2023-10-09,163.0,94.0,32.0,9.0,2.0,32.333333333333336,"Deonar, Mumbai",32.3,24.3,28.1,80,17.5,10.7,341,1011.6,0.0
2023-10-10,146.0,85.0,20.0,9.0,3.0,28.666666666666668,"Deonar, Mumbai",32.0,23.7,27.7,76,21.3,11.8,347,1011.7,0.0
2023-10-11,137.0,105.0,34.0,15.0,4.0,25.0,"Deonar, Mumbai",31.4,24.8,27.6,79,21.5,12.5,345,1011.6,0.0
2023-10-12,149.0,130.0,63.0,8.0,5.0,39.0,"Deonar, Mumbai",31.4,24.2,28.0,84,18.4,10.8,336,1011.6,0.0
2023-10-13,170.0,133.0,53.0,9.0,4.0,42.0,"Deonar, Mumbai",32.8,25.8,28.7,85,19.5,9.1,334,1011.9,0.0
2023-10-14,170.0,118.0,48.0,6.0,3.0,37.0,"Deonar, Mumbai",32.0,25.0,28.4,86,16.6,7.9,326,1012.0,0.0
2023-10-15,162.0,133.0,52.0,7.0,3.0,38.0,"Deonar, Mumbai",33.3,25.5,28.7,85,18.7,9.0,342,1010.5,0.6
2023-10-16,169.0,130.0,52.0,8.0,3.0,40.0,"Deonar, Mumbai",32.4,24.9,28.8,74,17.3,7.5,341,1010.3,0.5
2023-10-17,168.0,135.0,49.0,7.0,3.0,34.0,"Deonar, Mumbai",31.6,25.4,28.2,78,13.1,7.5,315,1011.6,0.0
2023-10-18,170.0,126.0,44.0,9.0,5.0,31.0,"Deonar, Mumbai",33.7,24.9,28.9,75,20.8,9.7,348,1012.2,0.0
2023-10-19,165.0,138.0,63.0,7.0,4.0,22.0,"Deonar, Mumbai",33.5,25.4,28.9,64,15.7,9.2,347,1012.0,0.0
2023-10-20,172.0,108.0,39.0,7.0,5.0,13.0,"Deonar, Mumbai",33.8,24.0,28.7,69,12.5,8.3,354,1011.7,0.0
2023-10-21,152.0,143.0,54.0,6.0,4.0,2.0,"Deonar, Mumbai",34.5,24.5,29.3,68,15.5,7.8,42,1012.3,0.1
2023-10-22,179.0,142.0,57.0,5.0,4.0,2.0,"Deonar, Mumbai",33.3,24.7,28.9,70,17.1,8.1,345,1012.9,0.0
2023-10-23,178.0,156.0,57.0,7.0,4.0,4.0,"Deonar, Mumbai",34.2,24.4,28.7,68,20.5,9.3,353,1011.6,0.0
2023-10-24,186.0,154.0,3.0,7.0,3.0,6.0,"Deonar, Mumbai",34.1,23.4,28.7,63,17.9,8.9,358,1011.2,0.0
2023-10-25,185.0,126.5,10.5,6.5,3.5,7.0,"Deonar, Mumbai",33.9,23.0,28.2,63,18.0,9.6,349,1012.6,0.0
2023-10-26,169.5,99.0,18.0,6.0,4.0,8.0,"Deonar, Mumbai",34.2,22.6,28.1,59,21.9,10.1,358,1012.9,0.0
2023-10-27,154.0,127.0,2.0,7.0,4.0,17.0,"Deonar, Mumbai",34.2,21.8,27.6,56,20.9,10.4,359,1011.6,0.0
2023-10-28,172.0,108.66666666666666,21.666666666666668,7.0,4.0,15.333333333333334,"Deonar, Mumbai",34.0,21.5,27.4,60,18.8,10.0,6,1011.2,0.0
2023-10-30,158.0,72.0,61.0,7.0,4.0,12.0,"Deonar, Mumbai",34.7,21.8,27.7,62,16.5,8.2,15,1010.7,0.0
2023-10-31,151.0,76.0,49.0,7.0,5.0,14.0,"Deonar, Mumbai",34.4,22.4,28.1,63,18.4,9.0,8,1011.3,0.0
2023-11-01,151.0,94.0,50.0,6.0,4.0,10.0,"Deonar, Mumbai",33.8,22.4,27.7,60,17.2,9.0,351,1012.1,0.0
2023-11-02,158.0,129.0,44.0,7.0,5.0,11.0,"Deonar, Mumbai",33.7,22.5,27.5,62,19.6,9.8,357,1011.3,0.0
2023-11-03,182.0,130.0,41.0,9.0,7.0,14.0,"Deonar, Mumbai",34.6,23.2,28.1,59,22.0,11.6,9,1009.6,0.0
2023-11-04,184.0,134.0,43.0,10.0,4.0,15.0,"Deonar, Mumbai",35.3,23.6,28.5,59,19.1,9.4,17,1009.1,0.0
2023-11-05,185.0,137.0,45.0,6.0,4.0,14.0,"Deonar, Mumbai",34.5,23.4,28.8,63,15.5,9.2,1,1010.6,0.0
2023-11-06,187.0,110.0,37.0,6.0,5.0,10.0,"Deonar, Mumbai",35.0,23.6,28.6,60,21.1,9.6,4,1011.7,0.0
2023-11-07,164.0,76.0,25.0,6.0,4.0,11.0,"Deonar, Mumbai",33.6,22.5,27.6,59,22.6,9.9,353,1011.7,0.0
2023-11-08,138.0,67.0,37.0,5.0,3.0,11.0,"Deonar, Mumbai",31.6,24.8,28.0,74,22.8,9.7,204,1011.6,0.0
2023-11-09,132.0,50.0,34.0,4.0,3.0,10.0,"Deonar, Mumbai",33.0,24.8,28.5,77,15.3,6.5,333,1012.2,0.1
2023-11-10,97.0,64.0,32.0,5.0,2.0,11.0,"Deonar, Mumbai",32.2,25.3,28.4,74,18.9,7.6,102,1013.5,0.1
2023-11-11,126.0,66.75,30.0,5.125,2.25,11.25,"Deonar, Mumbai",34.8,24.5,29.3,64,21.1,10.7,6,1013.6,0.0
2023-11-18,154.0,86.0,16.0,6.0,4.0,13.0,"Deonar, Mumbai",33.2,22.0,27.0,64,15.5,8.5,353,1011.9,0.0
2023-11-19,158.0,83.0,3.0,7.0,1.0,14.0,"Deonar, Mumbai",32.0,21.5,27.0,65,19.5,10.5,343,1011.9,0.0
2023-11-20,151.0,85.0,5.0,7.0,1.0,13.5,"Deonar, Mumbai",33.7,23.2,28.0,62,18.1,8.9,343,1012.2,0.0
2023-11-21,154.5,87.0,7.0,7.0,1.0,13.0,"Deonar, Mumbai",33.7,24.4,28.6,61,21.4,10.3,349,1012.0,0.0
2023-11-22,158.0,104.0,10.666666666666666,2.0,1.0,12.0,"Deonar, Mumbai",33.3,23.4,27.7,52,20.2,11.4,358,1011.4,0.0
2023-11-23,168.0,123.0,14.333333333333332,2.0,1.0,13.0,"Deonar, Mumbai",32.8,22.6,27.2,54,19.9,11.1,351,1009.6,0.0
2023-11-24,178.0,66.0,18.0,2.0,6.0,11.0,"Deonar, Mumbai",33.8,22.5,27.6,61,16.3,8.3,3,1009.5,0.0
2023-11-25,131.0,48.0,11.0,4.5,4.0,8.666666666666666,"Deonar, Mumbai",32.8,23.4,27.9,70,14.3,8.9,34,1011.3,0.0
2023-11-26,99.0,30.0,4.0,7.0,2.0,6.333333333333333,"Deonar, Mumbai",30.5,24.1,27.2,79,22.7,8.3,210,1011.8,2.1
2023-11-27,67.0,64.0,21.0,8.0,5.0,4.0,"Deonar, Mumbai",30.0,23.7,26.3,77,16.6,7.6,334,1011.2,1.4
2023-11-28,121.0,81.0,18.0,8.0,3.0,4.0,"Deonar, Mumbai",29.6,23.2,26.0,73,17.6,9.7,334,1010.3,0.0
2023-11-29,153.0,80.0,21.0,6.0,9.0,4.0,"Deonar, Mumbai",28.5,20.9,24.8,72,17.1,9.3,333,1011.2,0.0
2023-11-30,153.0,87.0,25.0,8.0,11.0,4.0,"Deonar, Mumbai",29.5,21.0,25.0,78,19.4,9.7,335,1011.8,0.0
2023-12-01,158.0,90.33333333333331,28.666666666666668,8.333333333333334,8.333333333333334,5.0,"Deonar, Mumbai",29.2,22.2,25.2,80,17.1,8.6,330,1011.5,0.0
2023-12-03,162.0,97.0,36.0,9.0,3.0,7.0,"Deonar, Mumbai",32.9,23.5,27.6,69,19.7,10.2,352,1010.4,0.0
2023-12-04,164.0,96.0,15.0,6.0,2.0,11.0,"Deonar, Mumbai",32.8,24.0,27.9,68,21.7,10.8,342,1009.7,0.1
2023-12-05,163.0,99.0,30.0,7.0,8.0,10.0,"Deonar, Mumbai",32.3,24.8,27.8,65,21.7,13.2,348,1008.7,0.0
2023-12-06,165.0,88.0,18.0,7.0,2.0,9.0,"Deonar, Mumbai",31.2,22.2,26.5,67,20.9,10.1,345,1009.8,0.0
2023-12-07,158.0,90.5,15.0,8.0,2.5,10.0,"Deonar, Mumbai",31.0,22.3,26.1,68,20.1,11.2,348,1010.7,0.0
2023-12-08,159.0,93.0,12.0,9.0,3.0,11.0,"Deonar, Mumbai",31.4,21.6,26.1,67,20.1,10.3,351,1011.3,0.0
2023-12-09,160.0,93.0,21.0,2.0,3.0,11.0,"Deonar, Mumbai",32.0,21.9,26.3,64,20.5,10.6,351,1012.2,0.0
2023-12-10,160.0,95.0,10.0,12.0,10.0,14.0,"Deonar, Mumbai",32.4,22.3,26.6,62,18.4,10.4,353,1011.2,0.0
2023-12-11,162.0,95.33333333333331,14.0,12.666666666666666,7.333333333333334,13.333333333333334,"Deonar, Mumbai",32.0,21.8,26.7,57,17.9,11.0,349,1011.6,0.0
2023-12-13,161.33333333333334,96.0,22.0,14.0,2.0,12.0,"Deonar, Mumbai",30.5,20.5,25.2,62,19.5,9.1,341,1011.6,0.0
2023-12-14,161.0,121.0,1.0,19.0,7.0,13.0,"Deonar, Mumbai",32.0,21.1,26.4,60,15.2,7.7,38,1012.7,0.0
2023-12-15,177.0,104.0,21.0,22.0,7.0,13.0,"Deonar, Mumbai",31.6,20.9,26.1,55,14.9,9.7,8,1013.8,0.0
2023-12-16,167.0,104.0,36.0,13.0,7.0,12.0,"Deonar, Mumbai",31.6,20.1,25.3,56,21.0,10.9,7,1013.3,0.0
2023-12-17,167.0,94.0,22.0,11.0,3.0,11.0,"Deonar, Mumbai",32.0,21.2,25.9,56,20.5,11.4,18,1012.3,0.0
2023-12-18,162.0,97.0,17.0,2.0,2.0,10.0,"Deonar, Mumbai",32.7,22.9,27.2,50,18.1,12.0,57,1012.9,0.0
2023-12-19,164.0,99.0,18.0,9.0,2.0,12.0,"Deonar, Mumbai",32.5,23.8,27.0,53,17.5,11.1,43,1013.8,0.0
2023-12-20,165.0,125.0,24.0,15.0,8.0,13.0,"Deonar, Mumbai",32.5,21.5,25.9,51,20.0,10.8,27,1013.9,0.0
2023-12-21,180.0,140.0,8.0,3.0,6.0,19.0,"Deonar, Mumbai",32.8,21.6,26.2,56,20.3,10.7,9,1012.8,0.0
2023-12-22,188.0,140.82758620689654,8.241379310344827,3.0,5.862068965517241,18.82758620689655,"Deonar, Mumbai",31.0,21.1,26.0,64,14.3,7.7,345,1012.9,0.0
2024-01-19,227.5862068965517,164.0,15.0,3.0,2.0,14.0,"Deonar, Mumbai",27.4,17.5,22.3,71,15.3,8.5,333,1012.6,0.0
2024-01-20,229.0,194.0,17.5,5.5,4.5,11.0,"Deonar, Mumbai",28.2,18.8,23.1,65,23.4,12.1,340,1013.7,0.0
2024-01-21,238.5,224.0,20.0,8.0,7.0,8.0,"Deonar, Mumbai",29.5,18.2,23.8,53,20.6,10.7,346,1013.3,0.0
2024-01-22,248.0,185.0,7.0,8.0,3.0,7.0,"Deonar, Mumbai",29.0,17.7,23.4,56,20.0,10.2,337,1013.9,0.0
2024-01-23,210.0,131.0,10.0,7.0,3.0,8.0,"Deonar, Mumbai",29.6,19.6,23.9,38,26.8,16.9,349,1014.4,0.0
2024-01-24,177.0,143.0,11.0,7.0,4.0,8.0,"Deonar, Mumbai",30.4,18.9,24.0,38,22.2,15.4,355,1013.9,0.0
2024-01-25,179.0,203.0,27.0,7.0,10.0,9.0,"Deonar, Mumbai",30.2,18.0,23.8,45,18.3,10.5,351,1014.8,0.0
2024-01-26,199.0,192.0,6.0,7.0,1.0,7.0,"Deonar, Mumbai",31.2,17.6,24.0,50,18.1,9.8,344,1015.7,0.0
2024-01-27,199.0,161.0,8.0,7.0,9.0,11.0,"Deonar, Mumbai",32.0,19.4,25.1,48,18.1,10.9,349,1015.8,0.0
2024-01-28,176.0,156.0,17.0,7.0,10.0,15.0,"Deonar, Mumbai",32.0,18.8,25.1,46,20.5,11.0,345,1015.4,0.0
2024-01-29,184.0,155.45882352941177,16.96470588235294,6.988235294117647,10.03529411764706,15.105882352941176,"Deonar, Mumbai",31.8,19.5,25.3,43,24.0,13.5,340,1015.3,0.0
2024-04-22,183.01176470588237,110.0,14.0,6.0,13.0,24.0,"Deonar, Mumbai",34.2,26.1,29.9,65,26.7,15.4,324,1008.4,0.0
2024-04-23,183.0,88.0,22.0,6.0,12.0,9.0,"Deonar, Mumbai",34.2,24.6,29.3,67,26.1,14.4,321,1007.3,0.0
2024-04-24,185.0,79.0,23.0,4.0,18.0,7.0,"Deonar, Mumbai",33.6,24.0,29.1,72,24.9,13.9,317,1006.5,0.0
2024-04-25,115.0,60.0,6.0,3.0,20.0,7.065989847715736,"Deonar, Mumbai",34.2,25.1,29.5,68,27.8,15.4,318,1006.9,0.0
2024-04-26,89.0,79.0,15.0,3.6666666666666665,18.0,7.131979695431472,"Deonar, Mumbai",34.8,26.2,30.2,64,23.8,15.0,320,1006.8,0.0
2024-04-28,123.0,117.0,33.0,5.0,14.0,7.263959390862944,"Deonar, Mumbai",39.0,27.0,33.1,46,30.4,18.3,333,1006.4,0.0
2024-04-29,140.0,107.0,33.0,3.0,13.0,17.0,"Deonar, Mumbai",37.9,26.7,32.6,43,28.8,17.5,328,1007.7,0.0
2024-04-30,136.0,88.0,24.0,3.0,13.714285714285714,17.0,"Deonar, Mumbai",37.2,26.0,31.8,53,29.3,15.8,321,1006.7,0.0
2024-05-01,116.0,86.0,28.0,3.0,14.428571428571429,7.0,"Deonar, Mumbai",34.1,25.6,29.6,64,21.8,11.8,299,1006.0,0.0
2024-05-02,114.0,93.0,23.0,3.0,15.142857142857142,7.0,"Deonar, Mumbai",32.5,24.6,28.7,70,22.1,10.1,276,1006.3,0.0
2024-05-03,113.0,77.0,18.0,5.0,5.0,7.0,"Deonar, Mumbai",32.7,23.5,28.1,77,22.3,10.7,299,1007.5,0.0
2024-05-04,119.0,73.0,21.0,5.0,5.0,7.0,"Deonar, Mumbai",32.7,24.1,28.8,80,23.7,12.0,300,1008.3,0.0
2024-05-05,108.0,60.0,11.0,4.0,5.0,7.0,"Deonar, Mumbai",34.3,25.4,29.9,74,25.5,12.2,304,1006.5,0.0
2024-05-06,73.0,71.0,15.0,4.0,18.0,7.0,"Deonar, Mumbai",33.0,26.1,29.3,77,22.2,11.8,302,1007.5,0.0
2024-05-07,81.0,66.0,15.0,3.0,9.0,7.0,"Deonar, Mumbai",32.7,25.8,29.4,76,21.6,12.0,272,1008.5,0.0
2024-05-08,84.0,55.0,14.0,3.0,4.0,7.0,"Deonar, Mumbai",32.5,26.8,29.6,74,26.8,12.4,281,1007.9,0.0
2024-05-09,62.0,58.0,12.0,3.0,4.0,7.0,"Deonar, Mumbai",32.7,26.4,29.6,77,21.9,10.7,292,1007.2,0.0
2024-05-10,53.0,76.0,7.0,3.0,6.0,7.0,"Deonar, Mumbai",32.8,26.4,29.6,76,21.8,12.3,294,1008.2,0.0
2024-05-11,80.0,70.0,4.5,3.0,6.5,7.0,"Deonar, Mumbai",33.3,26.6,29.9,77,25.7,13.8,314,1008.8,0.0
2024-05-12,95.5,64.0,2.0,3.0,7.0,7.0,"Deonar, Mumbai",33.5,27.4,30.4,74,24.4,14.5,318,1008.8,0.0
2024-05-13,111.0,88.0,34.0,5.0,6.0,7.0,"Deonar, Mumbai",34.3,28.0,30.5,73,25.6,11.3,330,1008.3,2.0
2024-05-14,155.0,106.0,24.5,9.0,6.0,7.0,"Deonar, Mumbai",36.2,27.9,31.2,65,25.7,13.9,316,1007.6,0.0
2024-05-15,177.0,77.0,15.0,4.0,4.0,7.0,"Deonar, Mumbai",35.0,27.0,31.1,70,22.7,12.0,301,1007.9,0.0
2024-05-16,103.0,67.0,65.0,3.0,46.0,7.0,"Deonar, Mumbai",37.8,27.3,31.7,71,19.9,8.3,225,1008.0,0.1
2024-05-17,126.0,69.0,30.0,2.0,4.0,7.0,"Deonar, Mumbai",35.2,28.6,31.3,70,19.0,10.0,245,1007.1,0.0
2024-05-18,135.0,69.0,23.0,2.0,5.0,7.0,"Deonar, Mumbai",34.2,27.9,31.0,80,18.7,9.4,261,1005.1,0.0
2024-05-19,106.0,55.0,19.0,2.0,4.0,7.0,"Deonar, Mumbai",33.8,26.9,30.8,76,21.4,10.2,257,1003.3,1.8
2024-05-20,78.0,63.0,21.0,2.0,4.0,7.0,"Deonar, Mumbai",34.5,29.5,31.5,74,22.3,13.7,248,1003.6,0.0
2024-05-21,85.0,56.0,15.0,2.0,3.0,7.0,"Deonar, Mumbai",35.0,29.0,31.6,75,23.5,12.3,268,1003.4,0.2
2024-05-22,79.0,67.0,17.0,3.0,4.0,7.0,"Deonar, Mumbai",34.1,29.2,31.4,77,20.6,13.8,271,1003.0,0.4
2024-05-23,106.0,64.0,18.0,2.0,3.0,7.0,"Deonar, Mumbai",33.8,28.4,31.0,78,27.1,12.5,266,1002.2,0.0
2024-05-24,134.0,63.0,15.0,2.0,3.0,7.0,"Deonar, Mumbai",34.0,28.4,31.0,76,20.2,12.9,263,1002.2,0.2
2024-05-25,100.0,59.0,15.0,1.0,2.0,7.0,"Deonar, Mumbai",33.5,28.9,30.9,72,20.2,14.9,270,1003.5,1.4
2024-05-26,84.0,71.0,11.0,2.0,4.0,7.0,"Deonar, Mumbai",33.4,29.2,31.1,69,22.4,17.7,272,1004.4,0.5
2024-05-27,87.0,59.0,14.0,1.0,6.0,7.0,"Deonar, Mumbai",33.2,29.6,30.9,71,22.0,17.7,265,1004.1,0.4
2024-05-28,57.0,73.0,15.0,2.0,6.0,7.0,"Deonar, Mumbai",33.5,29.2,31.2,68,22.6,18.6,256,1004.5,0.7
2024-05-29,97.0,68.0,16.0,1.0,5.0,7.0,"Deonar, Mumbai",33.7,29.3,31.4,64,24.3,19.9,244,1004.6,0.5
2024-05-30,103.0,59.0,18.0,2.0,5.0,7.0,"Deonar, Mumbai",34.7,29.0,31.6,65,19.6,15.2,256,1005.5,1.3
2024-05-31,89.0,55.0,19.0,2.0,8.0,7.0,"Deonar, Mumbai",33.7,28.1,30.6,80,20.5,11.9,268,1006.2,1.4
2024-06-01,65.0,50.0,19.0,2.0,7.0,11.0,"Deonar, Mumbai",33.7,28.0,31.0,74,19.6,13.2,263,1006.0,0.9
2024-06-02,48.0,69.0,17.0,2.0,4.0,11.0,"Deonar, Mumbai",34.0,28.5,31.2,70,19.1,12.3,266,1006.3,0.8
2024-06-03,107.0,73.0,17.0,1.0,5.0,11.0,"Deonar, Mumbai",33.9,29.0,31.5,69,16.6,9.9,267,1006.5,0.7
2024-06-04,132.0,57.0,11.0,2.0,5.0,11.0,"Deonar, Mumbai",32.8,27.8,29.9,77,19.2,10.3,203,1007.1,5.8
2024-06-05,142.0,55.0,9.5,1.0,2.0,11.0,"Deonar, Mumbai",33.3,26.0,29.5,78,17.2,9.7,206,1007.4,4.1
2024-06-06,89.0,65.0,8.0,1.0,2.0,11.0,"Deonar, Mumbai",32.8,26.2,29.6,80,18.8,8.3,255,1007.9,2.8
2024-06-07,69.0,57.0,13.0,2.0,2.0,11.0,"Deonar, Mumbai",33.1,28.0,30.3,74,18.9,11.3,297,1006.2,5.4
2024-06-08,76.0,54.0,8.0,2.0,3.0,11.0,"Deonar, Mumbai",34.6,26.8,30.0,74,23.6,13.2,303,1004.9,2.9
2024-06-09,55.0,26.0,16.0,2.0,4.0,11.0,"Deonar, Mumbai",31.4,26.4,28.8,81,15.4,9.3,291,1004.8,23.8
2024-06-10,68.0,34.0,7.0,2.0,3.0,11.0,"Deonar, Mumbai",29.4,26.0,27.3,86,16.3,7.5,249,1006.3,32.2
2024-06-11,68.0,34.0,6.0,2.0,20.0,11.0,"Deonar, Mumbai",29.9,25.9,27.8,87,15.0,8.8,237,1006.7,9.2
2024-06-12,47.0,34.0,7.0,2.0,9.0,11.0,"Deonar, Mumbai",29.8,26.2,27.8,86,17.4,11.1,217,1007.6,7.1
2024-06-13,43.0,30.0,5.0,2.0,11.0,11.0,"Deonar, Mumbai",29.4,26.5,27.6,86,20.0,11.8,218,1007.2,11.3
2024-06-14,46.0,33.0,8.0,2.0,7.0,11.0,"Deonar, Mumbai",28.5,25.9,27.1,86,19.9,12.4,204,1006.4,15.8
2024-06-15,55.0,43.0,5.0,2.0,3.0,11.0,"Deonar, Mumbai",29.4,25.9,27.7,83,21.6,16.6,191,1005.5,3.8
2024-06-16,58.0,35.0,2.0,2.0,7.0,11.0,"Deonar, Mumbai",30.7,26.1,28.5,81,15.9,10.7,210,1005.8,1.3
2024-06-17,54.0,44.0,2.0,2.0,3.0,11.0,"Deonar, Mumbai",31.1,26.6,28.3,84,20.4,13.1,202,1006.1,9.3
2024-06-18,67.0,40.0,6.0,2.0,2.0,11.0,"Deonar, Mumbai",29.5,26.4,27.5,87,23.8,16.6,211,1005.9,23.6
2024-06-19,76.0,44.0,1.0,3.0,2.0,11.0,"Deonar, Mumbai",29.5,26.1,27.6,84,22.0,16.7,217,1004.0,17.3
2024-06-20,74.0,50.0,5.0,2.0,2.0,11.0,"Deonar, Mumbai",28.9,26.4,27.4,87,22.3,17.7,211,1003.1,58.5
2024-06-21,63.0,37.0,5.0,3.0,2.0,11.0,"Deonar, Mumbai",30.9,25.5,27.8,86,22.3,17.1,219,1003.6,16.3
2024-06-22,62.0,56.0,3.0,2.0,3.0,11.0,"Deonar, Mumbai",29.7,25.4,27.6,85,18.7,14.0,205,1002.5,5.3
2024-06-23,78.0,46.25,3.75,2.0,2.75,11.0,"Deonar, Mumbai",29.4,26.1,27.8,86,19.7,13.5,206,1001.4,5.0
2024-06-26,60.75,17.0,6.0,2.0,2.0,11.0,"Deonar, Mumbai",30.0,27.2,28.2,86,33.2,25.9,206,998.0,24.2
2024-06-27,55.0,29.0,5.0,2.0,2.0,11.0,"Deonar, Mumbai",28.8,26.6,27.4,88,31.6,25.7,211,1000.6,104.8
2024-06-28,57.0,46.0,2.0,2.0,4.0,11.0,"Deonar, Mumbai",28.3,26.2,27.3,88,30.8,26.7,206,1001.9,42.0
2024-06-29,63.0,44.0,3.0,2.0,4.0,11.0,"Deonar, Mumbai",29.8,26.1,27.6,86,29.9,23.4,198,1003.0,15.4
2024-06-30,61.0,49.0,38.0,2.0,21.0,11.0,"Deonar, Mumbai",29.4,26.5,27.8,86,34.9,23.6,212,1003.4,16.5
2024-07-01,51.0,50.0,6.0,2.0,9.0,4.0,"Deonar, Mumbai",30.5,27.2,28.5,81,39.0,34.5,222,1002.3,10.6
2024-07-02,62.0,50.0,5.0,2.0,34.0,4.0,"Deonar, Mumbai",30.1,27.0,28.8,81,36.7,30.2,233,1001.6,8.2
2024-07-03,57.0,50.0,7.0,3.0,20.0,4.0,"Deonar, Mumbai",30.1,27.0,28.8,84,31.5,26.6,227,1002.7,6.4
2024-07-04,57.0,37.0,7.0,2.0,16.0,4.0,"Deonar, Mumbai",29.0,26.7,27.9,85,28.2,22.4,225,1004.0,8.9
2024-07-05,49.0,50.0,8.0,3.0,5.0,4.0,"Deonar, Mumbai",28.6,25.9,27.5,87,25.7,22.0,223,1002.2,18.3
2024-07-06,70.0,33.0,3.0,9.0,53.0,4.0,"Deonar, Mumbai",29.5,26.0,27.7,85,29.0,24.0,232,1001.3,17.8
2024-07-07,37.0,28.0,7.0,5.0,12.0,4.0,"Deonar, Mumbai",29.1,25.9,27.4,88,24.1,18.1,227,1002.4,12.2
2024-07-08,83.0,20.0,4.0,3.0,8.333333333333334,4.0,"Deonar, Mumbai",28.4,25.9,26.9,89,21.4,12.0,215,1002.5,24.0
2024-07-09,65.0,32.0,3.0,3.5,4.666666666666667,4.0,"Deonar, Mumbai",27.2,25.5,26.3,91,26.9,14.0,223,1003.4,81.9
2024-07-10,68.5,44.0,2.0,4.0,1.0,4.0,"Deonar, Mumbai",28.6,25.6,26.8,87,23.1,17.8,208,1006.1,27.1
2024-07-11,72.0,37.0,3.0,2.0,6.0,4.0,"Deonar, Mumbai",28.8,24.9,26.6,90,24.0,17.5,229,1005.8,40.6
2024-07-12,74.0,35.0,5.0,2.0,29.0,4.0,"Deonar, Mumbai",27.0,25.6,26.3,91,22.5,18.1,247,1003.9,72.6
2024-07-13,83.0,59.0,5.0,1.0,8.0,4.0,"Deonar, Mumbai",27.0,25.5,26.2,91,31.6,22.3,243,1003.4,78.8
2024-07-14,56.5,53.0,5.0,2.0,12.0,4.0,"Deonar, Mumbai",26.8,24.6,25.7,92,27.2,15.9,256,1001.8,62.2
2024-07-15,34.0,47.0,5.0,2.0,10.0,4.0,"Deonar, Mumbai",28.0,24.9,26.4,89,16.2,10.6,243,1001.1,13.2
2024-07-16,142.0,34.0,5.0,1.0,8.0,4.0,"Deonar, Mumbai",28.6,25.4,26.8,89,23.0,16.7,216,1000.3,16.8
2024-07-17,72.0,67.0,4.0,2.0,10.0,4.0,"Deonar, Mumbai",27.8,26.2,26.8,88,25.5,21.0,229,1002.0,34.3
2024-07-18,54.0,24.0,5.0,4.0,8.2,4.0,"Deonar, Mumbai",28.0,25.9,26.6,90,30.0,22.9,236,1002.6,46.1
2024-07-19,36.0,20.0,7.0,5.0,6.4,4.0,"Deonar, Mumbai",27.2,26.0,26.5,90,31.3,25.0,236,1000.8,48.4
2024-07-20,45.0,19.0,8.0,2.0,4.6,4.0,"Deonar, Mumbai",27.5,26.1,26.5,89,31.7,25.9,233,1001.4,100.0
2024-07-21,54.0,30.0,7.0,2.0,2.5,4.0,"Deonar, Mumbai",27.1,26.0,26.6,89,31.1,26.0,238,1001.8,52.3
2024-07-22,53.0,20.0,11.0,3.0,1.0,4.0,"Deonar, Mumbai",27.2,26.1,26.5,89,32.1,27.3,238,1003.7,52.4
2024-07-23,38.0,32.0,8.0,3.0,2.0,4.0,"Deonar, Mumbai",26.8,25.6,26.4,89,32.4,28.9,242,1004.6,44.1
2024-07-24,42.0,20.0,12.0,2.0,2.0,4.0,"Deonar, Mumbai",27.1,25.8,26.5,89,36.2,30.5,247,1002.2,56.7
2024-07-25,27.0,34.0,6.0,2.0,1.0,4.0,"Deonar, Mumbai",27.6,25.3,26.5,88,34.7,30.0,261,1001.2,85.4
2024-07-26,44.0,29.0,7.0,2.0,1.0,4.0,"Deonar, Mumbai",28.4,25.5,27.0,87,29.7,24.6,255,1002.5,26.5
2024-07-27,37.0,48.0,8.0,2.0,1.0,4.0,"Deonar, Mumbai",28.6,26.5,27.4,83,31.2,28.1,257,1003.3,9.1
2024-07-28,47.0,38.0,7.0,2.0,1.0,4.0,"Deonar, Mumbai",29.0,26.1,27.2,86,28.8,24.6,259,1001.0,14.6
2024-07-29,45.0,44.0,6.0,3.0,1.0,4.0,"Deonar, Mumbai",27.6,26.0,26.6,89,29.0,23.2,247,999.8,28.3
2024-07-30,44.0,33.0,9.0,3.0,1.0,4.0,"Deonar, Mumbai",28.1,25.4,26.8,88,24.5,19.7,241,1003.0,16.1
2024-07-31,50.0,32.0,8.0,3.0,1.0,4.0,"Deonar, Mumbai",28.3,25.2,26.9,88,22.4,18.2,247,1005.4,27.1
2024-08-01,48.0,23.0,7.0,3.0,1.0,6.0,"Deonar, Mumbai",28.9,25.4,27.0,86,28.3,22.3,243,1005.2,15.3
2024-08-02,31.0,24.0,6.0,2.0,8.0,6.0,"Deonar, Mumbai",28.0,25.6,26.5,86,31.7,27.0,240,1004.8,22.1
2024-08-03,24.0,26.0,5.0,3.0,4.0,6.0,"Deonar, Mumbai",27.4,25.6,26.5,86,32.3,28.9,243,1005.0,30.5
2024-08-04,27.0,27.0,6.0,3.0,10.0,6.0,"Deonar, Mumbai",27.0,25.8,26.4,87,30.6,26.7,244,1005.5,37.3
2024-08-05,47.0,28.0,5.0,4.0,8.0,6.0,"Deonar, Mumbai",28.5,26.2,27.2,84,26.2,23.0,230,1006.4,8.1
2024-08-06,61.0,30.0,6.0,6.0,12.0,6.0,"Deonar, Mumbai",28.5,25.9,27.2,84,22.8,19.1,236,1006.5,4.8
2024-08-07,49.0,34.0,7.0,6.0,14.0,6.0,"Deonar, Mumbai",28.5,25.7,27.0,84,19.9,16.8,252,1006.6,7.4
2024-08-08,68.0,36.0,6.0,6.0,21.0,6.0,"Deonar, Mumbai",28.5,25.9,26.9,84,19.4,15.4,246,1007.5,4.6
2024-08-09,54.0,28.0,6.0,6.0,35.0,6.0,"Deonar, Mumbai",27.7,25.4,26.3,88,18.6,14.0,250,1008.5,18.0
2024-08-10,35.0,29.0,7.0,6.0,38.0,6.0,"Deonar, Mumbai",28.2,25.2,26.8,86,20.5,13.0,255,1008.3,4.3
2024-08-11,41.0,31.0,7.0,6.0,21.0,6.0,"Deonar, Mumbai",28.7,26.5,27.3,83,21.9,17.0,255,1006.7,1.2
2024-08-12,39.0,35.0,6.0,7.0,2.0,6.0,"Deonar, Mumbai",28.6,25.9,27.2,84,21.8,14.3,247,1006.4,2.5
2024-08-13,41.0,41.0,9.0,7.0,2.0,6.0,"Deonar, Mumbai",28.7,25.8,27.1,85,18.4,10.4,252,1007.0,4.1
2024-08-14,46.0,41.0,9.0,7.0,2.0,6.0,"Deonar, Mumbai",29.0,25.6,27.1,85,17.4,7.8,285,1006.9,0.6
2024-08-15,46.0,40.0,9.0,7.0,2.0,6.0,"Deonar, Mumbai",29.2,25.7,27.4,84,19.1,7.5,291,1005.9,0.9
2024-08-16,44.0,41.0,10.0,8.0,2.0,6.0,"Deonar, Mumbai",29.3,25.9,27.6,84,17.7,8.7,266,1004.9,0.5
2024-08-17,47.0,56.0,12.0,8.0,3.0,6.0,"Deonar, Mumbai",29.4,25.8,27.6,85,13.9,7.0,284,1005.9,0.6
2024-08-18,63.0,45.0,11.0,8.0,2.0,6.0,"Deonar, Mumbai",29.9,25.8,27.7,86,14.9,8.2,324,1006.5,1.8
2024-08-19,61.0,42.0,13.0,10.0,2.0,6.0,"Deonar, Mumbai",29.2,25.4,27.2,89,17.8,8.7,348,1005.9,20.4
2024-08-20,57.0,53.0,22.0,8.0,2.0,6.0,"Deonar, Mumbai",28.6,25.1,26.5,91,13.8,7.1,348,1005.5,20.7
2024-08-21,78.0,49.0,13.0,10.0,2.0,6.0,"Deonar, Mumbai",30.2,25.6,27.7,88,18.6,8.8,337,1005.4,0.3
2024-08-22,60.0,18.0,7.0,7.0,7.0,6.0,"Deonar, Mumbai",29.5,26.2,28.0,86,17.3,11.1,206,1004.9,1.9
2024-08-23,27.0,20.0,5.0,8.0,3.0,6.0,"Deonar, Mumbai",28.2,26.2,27.0,89,20.0,12.9,177,1005.5,18.4
2024-08-24,33.0,24.0,7.0,6.0,3.0,6.0,"Deonar, Mumbai",26.5,25.4,26.0,92,22.3,15.3,270,1006.5,67.0
2024-08-25,28.0,32.0,7.0,6.0,5.0,6.0,"Deonar, Mumbai",27.9,25.1,26.3,87,28.0,23.8,256,1005.6,30.5
2024-08-26,22.0,26.0,6.0,6.0,7.0,6.0,"Deonar, Mumbai",27.2,24.8,26.4,86,32.0,28.1,251,1003.9,19.9
2024-08-27,28.0,32.0,6.0,7.0,16.0,6.0,"Deonar, Mumbai",27.5,25.0,26.2,86,33.1,28.0,220,1004.8,16.6
2024-08-28,35.0,30.0,27.0,7.0,12.0,6.0,"Deonar, Mumbai",28.8,25.5,26.9,85,34.6,28.0,224,1005.6,16.3
2024-08-29,45.0,34.0,5.0,7.0,4.0,6.0,"Deonar, Mumbai",28.8,26.3,27.4,84,27.2,23.6,224,1004.8,5.9
2024-08-30,41.0,29.0,9.0,6.0,3.0,6.0,"Deonar, Mumbai",28.5,25.3,27.0,85,20.6,16.9,216,1005.9,6.8
2024-08-31,35.0,35.0,9.0,6.0,5.0,6.0,"Deonar, Mumbai",28.4,25.5,27.1,85,14.0,9.6,242,1007.2,2.3
2024-09-01,38.0,36.0,6.0,6.0,5.0,5.0,"Deonar, Mumbai",27.6,25.7,26.8,85,14.6,9.9,290,1006.9,2.3
2024-09-02,44.0,40.0,8.0,6.0,4.0,5.0,"Deonar, Mumbai",27.5,25.1,26.3,89,21.3,14.8,299,1005.6,28.3
2024-09-03,44.0,34.0,8.0,6.0,4.0,5.0,"Deonar, Mumbai",27.6,24.8,26.2,89,17.1,12.5,265,1006.4,15.1
2024-09-04,32.0,28.0,7.0,6.0,4.0,5.0,"Deonar, Mumbai",28.2,25.2,26.4,87,21.9,15.2,256,1007.4,12.5
2024-09-05,31.0,41.0,8.0,7.0,4.0,5.0,"Deonar, Mumbai",28.1,25.5,26.5,88,25.7,18.5,263,1006.0,24.6
2024-09-06,43.0,30.0,9.0,6.0,5.0,5.0,"Deonar, Mumbai",28.2,25.5,26.6,86,23.4,15.0,262,1006.9,14.8
2024-09-07,38.0,33.0,9.0,6.0,4.0,5.0,"Deonar, Mumbai",27.8,25.3,26.5,86,18.4,12.2,251,1007.6,8.3
2024-09-08,38.0,33.0,10.0,6.0,5.0,5.0,"Deonar, Mumbai",28.2,25.1,26.6,86,16.0,10.7,236,1007.6,5.7
2024-09-09,37.0,29.0,8.0,6.0,5.0,5.0,"Deonar, Mumbai",28.6,25.4,26.8,85,17.4,10.0,247,1005.3,2.8
2024-09-10,37.0,31.0,10.0,7.0,4.0,5.0,"Deonar, Mumbai",28.5,25.3,26.7,86,18.6,11.3,245,1004.5,6.5
2024-09-11,42.0,42.0,8.0,6.0,4.0,5.0,"Deonar, Mumbai",27.9,25.0,26.4,85,20.5,13.9,222,1005.6,4.3
2024-09-12,40.0,48.0,9.0,5.0,4.0,5.0,"Deonar, Mumbai",28.0,25.0,26.5,85,19.0,14.8,228,1007.4,8.2
2024-09-13,33.0,36.0,9.0,7.0,5.0,5.0,"Deonar, Mumbai",28.4,25.0,26.5,83,20.9,14.0,227,1007.8,4.9
2024-09-14,37.0,26.0,11.0,9.0,4.0,5.0,"Deonar, Mumbai",28.2,23.9,25.3,87,19.0,12.3,221,1007.7,8.3
2024-09-15,38.0,62.0,14.0,8.0,6.0,5.0,"Deonar, Mumbai",27.2,23.8,25.3,87,14.7,9.0,227,1008.2,4.4
2024-09-16,98.0,58.0,18.0,8.0,5.0,5.0,"Deonar, Mumbai",28.2,24.0,26.1,88,15.6,9.4,221,1008.7,3.0
2024-09-17,80.0,67.0,19.0,7.0,6.0,5.0,"Deonar, Mumbai",28.7,23.4,26.2,85,16.3,7.8,314,1008.9,0.5
2024-09-18,121.0,61.0,14.0,13.0,6.0,5.0,"Deonar, Mumbai",29.0,23.9,26.4,83,14.1,7.7,234,1007.0,1.0
2024-09-19,70.0,63.0,12.0,16.0,8.0,5.0,"Deonar, Mumbai",29.3,24.9,27.1,82,13.6,7.2,241,1007.4,0.6
2024-09-20,88.0,60.0,12.0,15.0,8.0,5.0,"Deonar, Mumbai",28.0,23.4,26.4,87,15.0,7.4,201,1007.7,6.1
2024-09-21,69.0,54.333333333333336,11.333333333333334,16.666666666666668,7.666666666666667,5.0,"Deonar, Mumbai",29.6,24.1,27.0,84,16.7,7.7,312,1008.4,4.9
2024-09-23,61.66666666666666,43.0,10.0,20.0,7.0,5.0,"Deonar, Mumbai",28.8,26.1,27.4,87,18.3,10.2,336,1006.6,11.5
2024-09-24,58.0,23.0,18.0,16.0,6.0,5.0,"Deonar, Mumbai",29.1,25.0,26.6,90,24.3,10.5,344,1004.8,22.9
2024-09-25,48.0,17.0,15.0,7.0,6.0,5.0,"Deonar, Mumbai",27.6,24.5,26.1,92,22.2,11.3,326,1004.2,37.8
2024-09-26,40.0,12.0,10.0,7.0,2.0,5.0,"Deonar, Mumbai",26.8,24.8,25.8,93,21.3,10.2,238,1003.2,73.7
2024-09-27,26.0,17.0,9.0,7.0,4.0,5.0,"Deonar, Mumbai",27.1,25.8,26.3,89,31.4,26.1,248,1004.8,46.7
2024-09-28,36.0,27.0,13.0,7.0,6.0,5.0,"Deonar, Mumbai",28.1,25.6,26.7,85,21.1,14.8,237,1008.0,5.4
2024-09-29,42.0,33.0,23.0,8.0,3.0,5.0,"Deonar, Mumbai",28.8,25.5,26.9,86,16.2,10.2,242,1010.0,3.0
2024-09-30,41.0,66.0,30.0,9.0,4.0,5.0,"Deonar, Mumbai",29.7,24.6,27.2,87,16.3,7.8,318,1010.1,1.4
2024-10-01,110.0,80.0,30.0,8.0,3.0,9.0,"Deonar, Mumbai",31.2,25.2,27.9,89,16.8,8.5,337,1008.0,0.1
2024-10-02,145.0,50.0,17.0,6.0,3.0,9.0,"Deonar, Mumbai",30.4,26.2,27.9,91,15.3,6.8,256,1008.8,1.1
2024-10-03,77.0,42.0,12.0,7.0,2.0,9.0,"Deonar, Mumbai",29.7,25.6,27.7,87,16.6,7.6,261,1009.2,1.8
2024-10-04,56.0,52.0,19.0,7.0,4.0,9.0,"Deonar, Mumbai",29.5,25.7,27.5,83,15.2,7.1,276,1009.2,2.9
2024-10-05,61.0,56.0,25.0,7.0,4.0,9.0,"Deonar, Mumbai",29.0,24.7,26.8,86,16.0,6.7,315,1009.6,0.9
2024-10-06,61.0,77.0,36.0,11.0,4.0,9.0,"Deonar, Mumbai",31.1,24.5,27.0,87,17.9,8.4,5,1009.6,25.5
2024-10-07,121.0,97.0,32.0,10.0,4.0,9.0,"Deonar, Mumbai",30.9,25.0,28.1,85,13.4,8.5,333,1009.7,0.0
2024-10-08,149.0,57.0,15.0,9.0,4.0,9.0,"Deonar, Mumbai",31.1,25.9,28.5,86,16.4,7.9,241,1009.9,0.0
2024-10-09,96.0,55.0,17.0,8.0,8.0,9.0,"Deonar, Mumbai",28.7,25.2,26.9,88,18.8,6.8,75,1008.7,7.6
2024-10-10,103.0,43.0,22.0,7.0,4.0,9.0,"Deonar, Mumbai",29.2,24.8,26.9,85,16.9,8.9,55,1006.8,4.6
2024-10-11,78.0,65.0,1.0,12.0,5.0,9.0,"Deonar, Mumbai",31.3,25.3,27.6,83,19.7,9.0,113,1006.4,10.1
2024-10-12,145.0,48.0,26.0,9.0,4.0,9.0,"Deonar, Mumbai",31.1,24.7,27.6,85,14.2,6.5,150,1007.5,2.2
2024-10-13,76.0,40.0,33.0,8.0,4.0,9.0,"Deonar, Mumbai",30.0,25.5,27.6,85,13.8,7.2,162,1008.7,0.9
2024-10-14,64.0,50.0,28.0,10.0,5.0,9.0,"Deonar, Mumbai",31.0,24.5,27.0,87,17.8,8.0,39,1009.1,3.6
2024-10-15,77.0,72.0,37.0,11.0,6.0,9.0,"Deonar, Mumbai",29.0,24.6,26.8,87,14.5,6.9,161,1009.3,0.1
2024-10-16,119.0,71.0,21.0,11.0,4.0,9.0,"Deonar, Mumbai",30.4,24.6,27.3,87,14.0,7.3,62,1008.6,15.5
2024-10-17,135.0,73.0,16.0,8.0,4.0,9.0,"Deonar, Mumbai",28.9,25.8,27.3,90,13.4,7.2,290,1007.8,4.1
2024-10-18,105.0,35.0,14.0,7.0,5.0,9.0,"Deonar, Mumbai",31.4,24.9,27.7,85,15.4,9.4,159,1007.6,22.3
2024-10-19,85.0,61.0,3.0,8.0,5.0,9.0,"Deonar, Mumbai",29.6,24.5,26.4,89,15.0,6.7,112,1010.1,6.9
2024-10-20,92.0,69.0,6.333333333333334,9.75,5.0,9.0,"Deonar, Mumbai",29.3,24.5,26.5,87,9.7,5.9,106,1011.0,8.0
2024-10-22,131.33333333333334,85.0,13.0,13.25,5.0,9.0,"Deonar, Mumbai",30.0,24.2,26.8,87,13.9,7.3,21,1010.8,3.5
2024-10-23,151.0,94.0,26.0,15.0,5.0,9.0,"Deonar, Mumbai",31.5,24.6,27.5,85,15.9,8.6,358,1010.2,0.0
2024-10-24,152.0,112.0,39.0,10.0,8.0,9.0,"Deonar, Mumbai",32.2,25.0,28.2,77,16.6,8.2,5,1009.8,0.0
2024-10-25,167.0,86.0,35.0,11.0,7.0,9.0,"Deonar, Mumbai",30.5,23.0,27.0,77,14.3,8.1,339,1009.9,0.0
2024-10-26,156.0,101.0,46.0,10.0,8.0,9.0,"Deonar, Mumbai",32.5,22.0,26.9,71,20.3,9.8,357,1010.1,0.0
2024-10-27,168.0,113.0,35.0,10.0,7.0,9.0,"Deonar, Mumbai",31.0,22.3,26.9,80,17.1,8.6,342,1009.0,0.0
2024-10-28,160.0,89.0,26.0,7.0,6.0,9.0,"Deonar, Mumbai",31.5,23.5,27.4,83,15.3,7.7,329,1007.5,0.0
2024-10-29,145.0,103.0,31.0,10.0,8.0,9.0,"Deonar, Mumbai",30.5,25.1,27.8,88,14.9,7.0,270,1008.8,0.1
2024-10-30,153.0,116.0,34.0,9.0,10.0,9.0,"Deonar, Mumbai",32.2,24.8,27.8,84,13.3,6.7,5,1009.6,0.0
2024-10-31,170.0,127.0,29.0,9.0,14.0,9.0,"Deonar, Mumbai",32.2,24.8,28.4,77,16.8,7.9,343,1010.2,0.0
2024-11-01,196.0,191.0,30.0,10.0,10.0,11.625,"Deonar, Mumbai",31.0,25.0,28.3,84,15.5,8.3,249,1011.6,0.1
2024-11-02,231.0,187.0,27.0,9.0,10.0,11.625,"Deonar, Mumbai",32.8,25.0,28.3,76,21.3,8.9,356,1011.8,0.0
2024-11-03,212.0,111.0,25.0,11.0,8.0,11.625,"Deonar, Mumbai",34.0,22.9,28.1,67,16.3,9.0,3,1011.5,0.0
2024-11-04,161.0,114.0,35.0,10.0,9.0,11.625,"Deonar, Mumbai",34.1,23.3,28.1,63,20.0,9.8,14,1010.7,0.0
2024-11-05,159.0,116.0,33.0,10.0,11.0,11.625,"Deonar, Mumbai",34.3,23.1,28.5,62,16.5,8.9,44,1011.3,0.0
2024-11-06,153.0,132.0,35.0,10.0,13.0,11.625,"Deonar, Mumbai",33.5,23.0,28.2,62,20.3,10.0,350,1012.2,0.0
2024-11-07,168.0,153.0,28.0,13.0,14.0,20.0,"Deonar, Mumbai",33.4,21.4,27.4,60,17.5,9.0,359,1012.0,0.0
2024-11-08,171.0,129.0,27.0,11.0,11.0,12.0,"Deonar, Mumbai",33.7,22.6,27.8,60,16.2,9.1,16,1011.7,0.0
2024-11-09,165.0,145.0,29.0,10.0,13.0,12.0,"Deonar, Mumbai",34.1,22.2,28.1,59,20.5,11.2,20,1011.8,0.0
2024-11-10,175.0,130.0,28.0,12.0,17.0,11.0,"Deonar, Mumbai",33.7,22.7,27.9,57,21.8,11.1,8,1011.8,0.0
2024-11-11,175.0,132.0,22.0,11.0,17.0,14.0,"Deonar, Mumbai",33.3,23.0,28.1,48,21.8,11.7,23,1011.7,0.0
2024-11-12,174.0,114.0,26.0,12.0,17.0,13.0,"Deonar, Mumbai",33.5,22.4,28.0,55,15.2,9.4,24,1011.0,0.0
2024-11-13,163.0,108.0,27.0,11.0,22.0,12.0,"Deonar, Mumbai",34.5,23.5,28.6,50,14.1,9.4,24,1009.4,0.0
2024-11-14,151.0,100.0,48.0,12.0,17.5,17.0,"Deonar, Mumbai",34.8,23.5,29.2,49,10.8,7.1,33,1010.3,0.0
2024-11-15,144.0,111.0,24.0,28.0,13.0,15.0,"Deonar, Mumbai",33.2,25.4,29.1,60,11.9,6.6,280,1011.4,0.2
2024-11-16,157.0,111.0,30.0,2.0,11.0,20.0,"Deonar, Mumbai",33.8,26.2,29.5,63,15.9,7.7,338,1010.6,0.2
2024-11-17,164.0,95.0,23.0,7.0,13.0,26.0,"Deonar, Mumbai",35.6,26.2,29.9,58,16.5,8.7,16,1010.2,0.0
2024-11-18,138.0,89.0,42.0,11.0,5.0,12.0,"Deonar, Mumbai",34.8,24.6,29.0,54,12.8,7.9,21,1011.2,0.0
2024-11-19,154.0,88.0,31.0,12.0,6.0,10.0,"Deonar, Mumbai",33.7,22.5,27.8,48,15.4,7.5,25,1012.4,0.0
2024-11-20,163.0,93.0,40.0,15.0,2.0,10.0,"Deonar, Mumbai",32.8,22.0,27.0,51,15.2,9.0,40,1012.0,0.0
2024-11-21,162.0,94.0,26.0,20.0,6.0,11.0,"Deonar, Mumbai",32.6,22.0,26.9,51,14.7,8.4,13,1011.7,0.0
2024-11-22,164.0,109.0,33.0,21.0,6.0,13.0,"Deonar, Mumbai",32.3,21.7,26.8,54,13.2,7.7,346,1011.3,0.0
2024-11-23,176.0,124.0,3.0,22.0,2.0,18.0,"Deonar, Mumbai",31.2,22.7,26.7,57,11.3,6.9,1,1012.1,0.0
2024-11-24,184.0,115.5,6.5,20.25,3.5,15.75,"Deonar, Mumbai",32.6,22.3,27.1,57,14.3,6.7,354,1012.2,0.0
2024-11-27,156.25,90.0,17.0,15.0,8.0,9.0,"Deonar, Mumbai",32.5,21.0,26.4,43,14.1,8.9,22,1010.9,0.0
2024-11-28,147.0,98.0,17.0,17.0,6.0,12.0,"Deonar, Mumbai",31.9,20.3,26.5,38,11.5,8.3,45,1010.9,0.0
2024-11-29,162.0,93.0,17.0,18.0,7.0,10.0,"Deonar, Mumbai",31.2,20.8,25.5,43,16.5,9.9,11,1011.2,0.0
2024-11-30,161.0,103.0,17.0,18.0,7.0,10.0,"Deonar, Mumbai",31.0,20.1,25.4,44,13.4,8.9,8,1009.9,0.0
2024-12-01,170.0,101.0,30.0,15.0,37.0,13.0,"Deonar, Mumbai",32.3,21.4,26.1,52,15.3,8.8,358,1008.0,0.0
2024-12-02,174.0,87.0,21.0,7.0,2.0,9.0,"Deonar, Mumbai",33.2,23.5,27.7,57,15.4,8.6,356,1007.4,0.0
2024-12-03,157.0,79.0,24.0,8.0,1.0,14.0,"Deonar, Mumbai",33.0,25.8,29.0,59,17.0,10.1,9,1008.8,0.2
2024-12-04,144.0,85.0,28.0,15.0,3.0,14.0,"Deonar, Mumbai",34.2,26.4,29.3,66,16.5,9.0,15,1009.7,0.1
2024-12-05,158.0,87.0,24.0,13.0,1.0,14.0,"Deonar, Mumbai",33.8,25.9,29.2,70,12.2,8.6,324,1010.7,0.0
2024-12-06,161.0,89.75,26.666666666666668,14.333333333333334,1.5833333333333337,14.0,"Deonar, Mumbai",32.2,25.6,28.7,65,14.0,7.7,330,1010.6,0.0
2024-12-17,158.25,120.0,56.0,29.0,8.0,14.0,"Deonar, Mumbai",30.4,18.2,24.3,53,14.1,6.3,337,1011.4,0.0
2024-12-18,158.0,118.0,61.0,23.0,7.0,14.0,"Deonar, Mumbai",31.5,18.8,24.5,58,12.3,6.5,346,1010.7,0.0
2024-12-19,186.0,110.0,42.0,19.0,1.0,14.0,"Deonar, Mumbai",29.4,18.6,23.9,69,13.7,6.2,327,1010.7,0.0
2024-12-20,174.0,100.0,39.0,17.0,6.0,14.0,"Deonar, Mumbai",27.8,20.2,23.5,71,15.1,7.1,326,1010.9,0.0
2024-12-21,154.0,94.0,26.0,12.0,5.0,14.0,"Deonar, Mumbai",27.3,19.6,23.7,74,12.4,5.3,259,1011.2,0.0
2024-12-22,157.0,88.0,29.0,13.0,4.0,14.0,"Deonar, Mumbai",27.3,21.4,24.2,77,13.0,6.7,315,1011.8,0.1
2024-12-23,165.0,100.0,33.0,17.0,3.0,14.0,"Deonar, Mumbai",27.3,21.5,24.1,71,16.2,9.7,337,1012.1,0.0
2024-12-24,167.0,110.0,32.0,18.0,4.0,14.0,"Deonar, Mumbai",28.4,21.0,24.2,59,18.3,11.1,342,1012.2,0.0
2024-12-25,174.0,112.0,34.0,21.0,7.0,14.0,"Deonar, Mumbai",28.5,20.9,24.2,60,16.9,10.8,339,1013.0,0.0
2024-12-26,175.0,101.0,33.0,18.0,3.0,14.0,"Deonar, Mumbai",29.1,22.1,25.1,67,15.0,9.2,333,1014.5,0.0
2024-12-27,166.0,102.0,26.0,17.0,4.0,14.0,"Deonar, Mumbai",28.2,22.4,24.9,68,16.6,9.6,334,1014.8,0.0
2024-12-28,171.0,98.0,33.0,13.0,3.0,14.0,"Deonar, Mumbai",29.5,22.3,25.2,68,15.0,8.0,349,1014.9,0.9
2024-12-29,147.0,101.0,33.75,17.333333333333332,3.333333333333333,14.0,"Deonar, Mumbai",30.2,22.8,26.0,67,14.7,9.6,345,1014.6,0.0
2024-12-31,160.33333333333334,107.0,35.25,26.0,4.0,14.0,"Deonar, Mumbai",32.3,23.4,27.4,59,15.4,8.4,344,1014.6,0.0
2025-01-01,167.0,86.0,36.0,17.0,5.0,14.0,"Deonar, Mumbai",31.9,23.0,27.0,61,15.5,9.0,344,1013.5,0.0
2025-01-02,139.0,91.0,35.0,19.0,7.0,14.0,"Deonar, Mumbai",32.2,22.0,26.9,58,17.1,8.9,351,1013.4,0.0
2025-01-03,134.0,129.0,32.5,20.0,8.0,14.0,"Deonar, Mumbai",33.9,21.6,26.8,52,15.2,8.8,12,1013.3,0.0
2025-01-04,163.0,124.66666666666669,30.0,20.666666666666668,7.25,14.0,"Deonar, Mumbai",32.5,20.6,25.7,48,13.3,6.6,351,1012.3,0.0
2025-01-06,161.0,116.0,25.0,22.0,5.75,14.0,"Deonar, Mumbai",30.0,20.5,24.3,57,18.8,12.9,345,1012.5,0.0
2025-01-07,160.0,111.0,36.0,18.0,5.0,14.0,"Deonar, Mumbai",31.0,19.2,24.7,52,18.2,10.6,351,1012.2,0.0
2025-01-08,161.0,107.0,39.0,18.0,5.0,14.0,"Deonar, Mumbai",30.2,20.5,25.3,54,14.5,9.1,357,1011.7,0.0
2025-01-09,156.0,125.0,36.0,21.0,6.0,14.0,"Deonar, Mumbai",31.8,21.3,25.8,47,13.1,8.9,14,1012.2,0.0
2025-01-10,168.0,160.0,16.0,19.0,2.0,13.909090909090908,"Deonar, Mumbai",30.7,21.0,25.4,52,12.4,6.9,347,1013.5,0.0
2025-01-11,157.0,195.0,37.0,16.0,2.0,13.818181818181818,"Deonar, Mumbai",28.6,21.2,24.3,62,17.2,9.1,335,1013.9,0.0
2025-01-12,157.0,230.0,32.0,15.0,4.0,13.727272727272728,"Deonar, Mumbai",29.9,21.2,24.6,59,17.7,11.1,344,1013.8,0.0
2025-01-13,159.0,102.0,33.0,15.0,3.0,13.0,"Deonar, Mumbai",32.7,22.0,26.2,56,17.0,9.8,6,1011.7,0.0
2025-01-14,178.0,102.33333333333331,31.0,16.0,5.0,13.0,"Deonar, Mumbai",32.0,22.0,26.3,59,14.2,8.1,350,1012.1,0.0
2025-01-15,179.0,102.66666666666669,32.0,17.0,5.0,13.0,"Deonar, Mumbai",29.8,22.4,25.3,67,18.6,8.1,334,1013.5,0.0
2025-01-16,185.0,103.0,30.0,16.0,5.0,13.0,"Deonar, Mumbai",29.6,20.8,24.8,65,19.1,12.1,342,1014.0,0.0
2025-01-17,175.0,138.0,33.0,16.0,6.0,13.0,"Deonar, Mumbai",32.8,23.1,26.6,59,18.0,10.3,353,1012.1,0.0
2025-01-18,168.0,152.0,46.0,18.0,10.0,13.0,"Deonar, Mumbai",34.0,23.0,27.4,48,16.7,9.5,28,1011.6,0.0
2025-01-19,179.0,161.0,41.0,21.0,11.0,13.0,"Deonar, Mumbai",32.7,22.1,26.7,47,17.0,9.0,355,1012.5,0.0
2025-01-20,176.0,146.0,38.0,21.0,6.0,13.0,"Deonar, Mumbai",32.5,21.8,26.6,45,15.7,8.0,339,1011.9,0.0
2025-01-21,177.0,165.0,40.0,21.0,13.0,15.0,"Deonar, Mumbai",30.9,21.9,26.0,51,14.5,7.5,327,1010.9,0.0
2025-01-22,187.0,160.0,32.0,21.0,13.0,10.0,"Deonar, Mumbai",31.1,21.4,25.9,52,17.7,8.6,334,1010.6,0.0
2025-01-23,180.0,152.0,45.0,22.0,10.0,11.0,"Deonar, Mumbai",30.5,22.3,25.6,49,19.8,13.5,343,1010.9,0.0
2025-01-24,173.0,171.0,43.0,23.0,13.0,19.0,"Deonar, Mumbai",31.1,21.3,26.1,48,12.4,8.5,339,1009.9,0.0
2025-01-25,185.0,161.0,48.0,21.0,12.0,20.0,"Deonar, Mumbai",32.3,22.5,26.9,56,12.6,6.7,325,1010.7,0.0
2025-01-26,182.0,140.0,39.0,22.0,13.0,11.0,"Deonar, Mumbai",32.6,22.6,27.2,58,14.8,7.8,329,1010.6,0.0
2025-01-27,172.0,133.0,33.0,22.0,17.0,11.0,"Deonar, Mumbai",31.9,22.4,26.8,55,16.1,8.4,325,1009.9,0.0
2025-01-28,164.0,126.0,27.0,21.0,15.0,17.0,"Deonar, Mumbai",30.1,22.0,25.7,55,13.4,6.5,312,1010.2,0.0
2025-01-29,149.0,147.0,42.0,20.0,15.0,29.0,"Deonar, Mumbai",30.4,21.0,25.1,56,15.3,7.8,325,1012.0,0.0
2025-01-30,187.0,136.0,31.5,20.0,12.0,19.5,"Deonar, Mumbai",30.6,21.0,25.6,51,13.4,8.0,327,1010.8,0.0
2025-01-31,169.5,125.0,21.0,20.0,9.0,10.0,"Deonar, Mumbai",29.0,21.2,24.8,58,15.7,9.5,327,1010.8,0.0
2025-02-01,152.0,130.0,30.0,18.0,13.0,6.0,"Deonar, Mumbai",28.8,20.6,24.1,56,17.7,9.4,339,1011.7,0.0
2025-02-02,157.0,127.0,23.0,23.0,13.0,15.0,"Deonar, Mumbai",30.6,21.1,25.3,44,16.2,10.3,336,1011.5,0.0
2025-02-03,153.0,132.0,22.0,21.0,16.0,14.0,"Deonar, Mumbai",28.9,21.4,25.0,50,19.9,10.0,328,1011.9,0.0
2025-02-04,160.0,124.0,30.0,21.0,5.0,5.0,"Deonar, Mumbai",29.5,21.0,25.0,51,17.7,10.6,332,1012.9,0.0
2025-02-05,146.0,134.0,53.0,19.0,11.0,9.0,"Deonar, Mumbai",31.4,21.5,25.3,37,21.6,14.0,343,1011.8,0.0
2025-02-06,154.0,159.0,40.0,25.0,17.0,13.0,"Deonar, Mumbai",31.4,20.3,25.8,42,15.4,9.2,333,1010.6,0.0
2025-02-07,174.0,173.0,25.0,25.0,24.0,19.0,"Deonar, Mumbai",32.8,22.5,27.2,54,12.9,6.1,316,1011.6,0.0
2025-02-08,185.0,147.0,25.0,22.0,13.5,14.0,"Deonar, Mumbai",32.3,22.4,27.1,58,15.8,7.3,324,1011.7,0.0
2025-02-09,163.0,121.0,25.0,19.0,3.0,9.0,"Deonar, Mumbai",32.3,23.4,27.7,47,17.9,9.8,327,1011.2,0.0
2025-02-10,141.0,136.0,23.0,21.0,8.0,16.0,"Deonar, Mumbai",33.0,23.9,27.5,44,18.0,11.2,328,1012.5,0.0
2025-02-11,169.0,127.0,27.0,21.0,6.0,15.357142857142858,"Deonar, Mumbai",32.2,22.2,26.4,46,18.5,10.3,332,1013.3,0.0
2025-02-12,167.0,129.0,27.0,19.0,10.0,14.714285714285715,"Deonar, Mumbai",33.1,21.0,26.2,47,17.8,11.3,341,1013.3,0.0
2025-02-13,161.0,173.0,16.5,28.0,24.0,14.071428571428571,"Deonar, Mumbai",34.2,22.0,27.6,39,18.3,11.7,344,1012.4,0.0
2025-02-14,173.0,161.0,6.0,28.0,5.0,14.857142857142858,"Deonar, Mumbai",33.9,23.4,28.6,34,23.6,12.8,346,1011.9,0.0
2025-02-15,168.0,140.0,24.0,20.0,23.0,14.857142857142858,"Deonar, Mumbai",34.1,23.1,28.8,30,20.9,10.6,343,1011.2,0.0
2025-02-16,162.0,127.0,20.0,21.0,15.0,14.857142857142858,"Deonar, Mumbai",34.6,22.5,27.8,34,19.0,10.2,333,1011.8,0.0
2025-02-17,149.0,157.0,6.0,28.0,22.0,14.857142857142858,"Deonar, Mumbai",33.7,21.6,27.3,43,19.8,10.4,334,1012.5,0.0
2025-02-18,224.0,170.0,23.0,23.0,38.0,14.857142857142858,"Deonar, Mumbai",34.2,23.7,28.3,38,20.8,11.3,340,1012.3,0.0
2025-02-19,185.0,249.0,8.0,27.0,7.0,14.857142857142858,"Deonar, Mumbai",33.1,23.8,28.3,37,19.7,11.5,334,1011.4,0.0
2025-02-20,202.0,85.0,15.0,19.0,18.0,14.857142857142858,"Deonar, Mumbai",34.5,23.1,28.4,38,21.7,12.8,341,1011.7,0.0
2025-02-21,141.0,99.33333333333331,12.333333333333334,21.666666666666668,16.0,14.857142857142858,"Deonar, Mumbai",36.0,24.9,30.0,32,19.2,13.9,360,1012.7,0.0
2025-02-23,135.0,128.0,7.0,27.0,12.0,14.857142857142858,"Deonar, Mumbai",34.7,23.8,29.4,35,17.6,10.2,342,1013.3,0.0
2025-02-24,132.0,141.0,17.0,19.0,23.0,7.0,"Deonar, Mumbai",35.8,25.0,29.7,34,17.4,11.0,342,1013.2,0.0
2025-02-25,151.0,146.0,21.0,22.0,22.0,10.0,"Deonar, Mumbai",36.7,25.0,29.7,35,17.9,8.1,348,1013.8,0.0
2025-02-26,165.0,152.0,19.0,22.0,33.0,16.0,"Deonar, Mumbai",36.5,23.4,28.8,49,18.6,6.5,303,1014.1,0.0
2025-02-27,174.0,155.0,21.0,23.0,17.0,14.0,"Deonar, Mumbai",34.5,24.7,29.0,46,16.8,7.0,292,1012.8,0.0
2025-02-28,167.0,159.0,22.0,18.0,18.0,7.0,"Deonar, Mumbai",33.2,24.2,28.7,53,18.4,8.8,322,1011.5,0.0
2025-03-01,170.0,135.0,17.0,17.0,19.0,7.0,"Deonar, Mumbai",33.2,25.4,29.3,40,18.9,11.9,330,1010.9,0.0
2025-03-02,143.0,144.0,15.0,17.0,13.0,10.0,"Deonar, Mumbai",36.0,25.2,29.6,35,19.8,12.5,335,1010.2,0.0
2025-03-03,158.0,155.0,12.0,18.0,15.0,6.0,"Deonar, Mumbai",36.0,25.0,29.7,38,21.2,13.4,343,1010.5,0.0
2025-03-04,153.0,137.0,1.0,12.0,11.0,3.0,"Deonar, Mumbai",35.8,25.8,29.7,38,22.0,14.5,344,1011.1,0.0
2025-03-05,126.0,133.0,10.0,4.0,15.0,7.0,"Deonar, Mumbai",36.1,24.8,29.8,31,19.6,13.2,341,1010.8,0.0
2025-03-06,149.0,146.0,30.0,10.0,15.5,11.0,"Deonar, Mumbai",34.6,23.5,28.9,25,20.5,10.9,343,1011.5,0.0
2025-03-07,140.0,148.0,11.0,23.0,16.0,15.0,"Deonar, Mumbai",35.4,24.8,29.4,26,20.2,10.5,339,1009.8,0.0
2025-03-08,165.0,114.0,7.0,15.0,16.0,12.0,"Deonar, Mumbai",35.0,24.0,28.8,36,17.0,9.7,321,1008.4,0.0
2025-03-09,129.0,157.0,23.5,21.0,16.0,16.0,"Deonar, Mumbai",35.0,23.0,28.5,50,19.3,7.6,323,1008.5,0.0
2025-03-10,175.0,161.0,40.0,22.0,19.0,17.0,"Deonar, Mumbai",37.6,25.3,30.5,37,19.9,7.3,303,1009.8,0.0
2025-03-11,173.0,142.0,47.0,21.0,8.0,12.0,"Deonar, Mumbai",35.7,25.5,29.9,52,16.9,7.0,288,1010.9,0.0
2025-03-12,167.0,117.0,33.0,14.0,16.0,5.0,"Deonar, Mumbai",35.8,25.6,30.1,51,17.5,6.9,299,1009.8,0.0
2025-03-13,147.0,110.0,30.0,12.0,2.0,8.0,"Deonar, Mumbai",33.2,25.4,29.1,64,15.3,7.8,284,1009.2,0.0
2025-03-14,157.0,84.0,23.0,12.0,1.0,4.0,"Deonar, Mumbai",34.0,24.5,29.1,60,17.1,7.7,302,1009.7,0.0
2025-03-15,94.0,99.0,22.0,12.0,2.0,5.0,"Deonar, Mumbai",34.4,25.1,29.3,54,18.7,10.0,323,1010.4,0.0
2025-03-16,123.0,96.36363636363636,21.375,11.636363636363637,3.666666666666667,5.208333333333333,"Deonar, Mumbai",33.0,25.6,29.1,52,18.1,10.7,329,1010.9,0.0
2025-03-26,59.36363636363637,70.0,15.125,8.0,20.33333333333333,7.291666666666666,"Deonar, Mumbai",31.2,24.5,27.7,74,17.4,8.3,294,1008.6,0.0
2025-03-27,53.0,95.0,14.5,11.0,22.0,7.5,"Deonar, Mumbai",30.5,24.4,27.3,75,18.8,8.8,313,1009.7,0.0
2025-03-28,109.0,148.0,14.75,20.0,4.0,12.0,"Deonar, Mumbai",32.0,24.0,28.6,61,20.1,10.9,330,1008.4,0.0
2025-03-29,156.0,139.0,14.75,17.0,4.0,12.0,"Deonar, Mumbai",35.5,27.0,30.9,31,19.3,11.0,329,1006.9,0.0
2025-03-30,149.0,98.0,14.75,12.0,4.0,12.0,"Deonar, Mumbai",36.2,27.2,31.4,42,21.9,10.4,313,1007.3,0.0
2025-03-31,122.0,87.0,14.75,12.0,4.0,12.0,"Deonar, Mumbai",36.5,26.0,31.0,48,19.2,9.1,307,1007.6,0.0
2025-04-01,89.0,111.0,21.0,9.0,7.5,17.0,"Deonar, Mumbai",38.3,26.2,31.7,44,17.6,9.1,323,1006.8,0.0
2025-04-02,147.0,91.0,21.0,10.0,7.5,17.0,"Deonar, Mumbai",36.1,28.2,31.4,44,16.4,7.1,243,1007.4,0.0
2025-04-03,130.0,185.0,21.0,11.0,7.5,17.0,"Deonar, Mumbai",31.4,27.2,29.1,77,14.1,8.7,220,1010.7,0.8
2025-04-04,127.0,136.0,21.0,15.0,7.5,17.0,"Deonar, Mumbai",32.2,26.3,28.9,77,17.3,8.9,288,1011.8,1.1
2025-04-05,152.0,96.0,21.0,11.0,7.5,17.0,"Deonar, Mumbai",35.0,25.0,29.8,63,21.6,9.8,316,1009.7,0.0
2025-04-06,126.0,103.0,21.0,14.0,7.5,17.0,"Deonar, Mumbai",33.8,25.3,29.6,64,19.1,7.0,269,1008.7,0.0
2025-04-07,124.0,112.0,21.0,15.0,7.5,17.0,"Deonar, Mumbai",35.5,25.0,30.3,62,21.7,9.4,306,1008.3,0.0
2025-04-08,137.0,103.0,7.0,9.0,42.0,10.0,"Deonar, Mumbai",36.5,26.4,31.0,49,25.0,8.7,316,1008.9,0.0
2025-04-09,97.0,76.0,9.0,6.0,4.0,5.0,"Deonar, Mumbai",33.7,26.0,30.2,60,18.5,9.2,255,1008.5,0.0
2025-04-10,84.0,75.0,6.0,9.0,9.0,6.0,"Deonar, Mumbai",32.3,26.8,29.4,76,14.2,10.9,203,1007.3,0.0
2025-04-11,64.0,77.0,7.0,7.0,3.0,6.0,"Deonar, Mumbai",31.8,26.0,28.8,76,17.8,11.6,212,1007.2,0.0
2025-04-12,83.0,84.0,9.0,7.0,2.0,4.0,"Deonar, Mumbai",31.5,25.6,28.7,77,16.3,8.3,226,1008.9,0.1
2025-04-13,86.0,90.0,17.0,8.0,2.0,7.0,"Deonar, Mumbai",32.1,25.5,28.7,75,18.6,9.2,301,1010.1,0.0
2025-04-14,111.0,99.0,11.0,9.0,2.0,4.0,"Deonar, Mumbai",36.1,25.0,30.2,62,21.7,11.8,326,1008.7,0.0
2025-04-15,101.0,93.0,11.0,8.0,2.0,5.0,"Deonar, Mumbai",34.6,26.0,30.1,62,20.0,10.2,314,1008.1,0.0
2025-04-16,112.0,92.6875,10.875,7.8125,1.9375,5.0,"Deonar, Mumbai",32.3,25.8,29.1,75,18.1,8.9,279,1008.2,0.0
2025-05-01,93.25,88.0,9.0,5.0,1.0,5.0,"Deonar, Mumbai",32.7,26.1,29.6,76,22.4,8.1,276,1008.2,0.0
2025-05-02,92.0,81.8,8.0,5.4,9.6,5.4,"Deonar, Mumbai",33.3,26.0,29.8,72,16.6,8.9,275,1008.3,0.0
2025-05-06,64.0,57.0,4.0,7.0,44.0,7.0,"Deonar, Mumbai",32.2,23.5,28.7,73,18.8,9.7,252,1008.4,3.3
2025-05-07,57.0,46.0,9.0,7.0,2.0,7.0,"Deonar, Mumbai",31.8,25.3,27.9,74,18.4,10.7,220,1007.5,2.2
2025-05-08,52.0,37.0,9.0,8.0,4.0,5.5,"Deonar, Mumbai",29.0,22.6,26.7,80,16.8,11.2,208,1007.4,11.0
2025-05-09,41.0,52.0,9.0,6.0,2.0,4.0,"Deonar, Mumbai",28.6,25.3,27.2,81,17.6,12.0,200,1008.3,1.6
2025-05-10,30.0,58.0,13.0,7.0,1.0,7.0,"Deonar, Mumbai",30.5,25.2,28.2,79,14.1,7.7,225,1008.2,0.1
2025-05-11,67.0,47.0,4.0,6.4,1.0,2.0,"Deonar, Mumbai",32.1,26.0,29.1,75,13.4,6.4,253,1007.5,0.4
2025-05-12,24.0,68.0,5.0,5.8,1.0,4.0,"Deonar, Mumbai",33.0,27.4,30.2,70,14.6,7.7,258,1006.5,0.3
2025-05-13,62.0,125.0,10.0,5.2,1.0,8.0,"Deonar, Mumbai",33.2,28.1,30.7,68,14.4,6.7,293,1006.6,0.3
2025-05-14,144.0,77.0,3.0,5.0,5.0,6.0,"Deonar, Mumbai",32.8,25.4,30.0,71,14.1,8.0,297,1007.1,1.7
2025-05-15,48.0,71.0,5.0,4.0,5.0,5.0,"Deonar, Mumbai",32.8,28.0,30.5,71,15.7,7.6,284,1007.1,1.7
2025-05-16,60.0,67.0,4.0,5.0,1.0,5.0,"Deonar, Mumbai",33.0,29.0,30.8,66,15.1,8.4,240,1006.9,0.5
2025-05-17,59.0,75.0,6.0,5.0,2.0,6.0,"Deonar, Mumbai",32.1,28.5,30.4,68,15.5,8.6,232,1006.6,1.8
2025-05-18,65.0,81.0,6.0,6.0,2.0,5.0,"Deonar, Mumbai",33.8,28.9,31.1,62,16.0,7.7,257,1005.8,0.2
2025-05-19,75.0,85.0,9.0,3.5,2.0,7.0,"Deonar, Mumbai",31.9,29.0,30.3,69,17.6,8.4,303,1004.8,0.5
2025-05-20,82.0,70.0,12.0,1.0,2.0,6.0,"Deonar, Mumbai",33.8,28.6,30.5,74,13.6,7.2,310,1004.1,4.3
2025-05-21,70.0,53.0,16.0,10.0,3.0,6.0,"Deonar, Mumbai",31.5,26.8,29.1,83,14.3,6.7,325,1003.3,2.2
2025-05-22,65.0,88.0,14.0,12.0,2.0,6.0,"Deonar, Mumbai",31.6,26.3,28.7,80,20.9,9.1,324,1002.0,5.0
2025-05-23,98.0,109.0,14.0,13.0,2.0,4.0,"Deonar, Mumbai",32.2,26.4,28.8,85,14.3,5.4,330,999.5,3.1
2025-05-24,129.0,75.0,2.0,9.0,2.0,6.0,"Deonar, Mumbai",32.2,26.5,29.0,84,15.9,8.8,341,999.3,4.8
2025-05-25,88.0,51.0,2.0,8.0,2.0,8.0,"Deonar, Mumbai",28.4,24.1,26.6,90,13.0,5.7,333,1001.8,20.8
2025-05-26,35.0,50.0,7.0,8.0,2.0,5.0,"Deonar, Mumbai",27.9,24.9,26.3,92,25.0,10.8,356,1002.0,61.3
2025-05-27,66.0,69.0,8.0,9.0,2.0,4.0,"Deonar, Mumbai",29.9,25.8,27.4,88,13.7,5.8,228,1001.9,8.8
2025-05-28,73.0,66.28571428571429,7.952380952380952,8.857142857142858,2.0,3.857142857142857,"Deonar, Mumbai",28.2,26.0,27.0,90,14.5,8.6,211,1002.3,14.0
2025-06-17,36.80952380952381,12.0,7.0,6.0,2.0,1.0,"Deonar, Mumbai",29.2,26.0,27.5,85,29.0,24.3,223,1001.7,13.8
2025-06-18,35.0,34.0,2.0,3.0,2.0,3.0,"Deonar, Mumbai",28.6,26.2,27.2,88,32.3,25.1,249,1002.6,97.0
2025-06-19,30.0,62.0,2.0,1.0,1.0,1.0,"Deonar, Mumbai",28.5,24.6,26.6,89,28.5,21.1,249,1003.5,77.3
2025-06-20,24.0,62.0,3.0,2.0,1.0,1.6666666666666663,"Deonar, Mumbai",29.5,26.2,27.6,84,24.4,20.0,229,1004.9,10.8
2025-06-21,37.0,58.0,2.0,1.0,1.0,2.333333333333333,"Deonar, Mumbai",29.4,24.9,27.6,85,22.7,17.5,228,1005.3,12.1
2025-06-22,57.0,61.0,2.0,3.0,2.0,3.0,"Deonar, Mumbai",29.2,25.9,27.6,83,25.0,20.7,234,1004.4,16.4
2025-06-23,38.0,65.0,2.0,3.0,1.0,3.0,"Deonar, Mumbai",28.5,26.0,27.0,86,28.4,22.7,240,1002.9,48.7
2025-06-24,56.0,74.0,3.0,2.0,1.0,2.0,"Deonar, Mumbai",29.2,25.5,27.0,87,27.8,19.9,241,1002.0,31.8
2025-06-25,58.0,69.0,2.0,3.0,1.0,2.0,"Deonar, Mumbai",29.7,26.7,28.3,81,29.0,23.8,244,1001.4,7.4
2025-06-26,50.0,67.0,2.0,3.0,1.0,3.0,"Deonar, Mumbai",28.6,25.6,27.0,87,23.6,18.2,230,1001.8,30.4
2025-06-27,33.0,71.0,1.0,5.0,1.0,2.0,"Deonar, Mumbai",28.3,25.2,27.3,83,26.6,22.2,226,1002.5,13.8
2025-06-28,72.0,67.0,1.5,4.0,1.5,2.0,"Deonar, Mumbai",29.1,25.8,27.6,80,29.7,25.3,229,1003.9,18.5
2025-06-29,56.5,63.0,2.0,3.0,2.0,2.0,"Deonar, Mumbai",28.5,25.3,27.4,83,26.0,21.3,230,1004.2,21.0
2025-06-30,41.0,57.0,16.0,3.0,2.0,6.0,"Deonar, Mumbai",29.5,24.7,27.1,83,26.1,21.3,243,1003.9,27.5
2025-07-01,29.0,59.0,9.0,4.0,2.0,6.0,"Deonar, Mumbai",28.7,24.6,27.0,85,23.5,18.4,244,1004.2,38.9
2025-07-02,38.0,58.0,2.0,2.0,1.0,8.0,"Deonar, Mumbai",28.6,25.4,26.8,87,23.7,19.5,247,1003.5,44.4
2025-07-03,40.0,65.0,2.0,2.0,26.0,4.0,"Deonar, Mumbai",28.2,25.0,26.6,86,25.5,20.4,230,1003.6,23.1
2025-07-04,47.0,65.0,1.0,3.0,2.0,1.0,"Deonar, Mumbai",28.1,25.4,26.9,84,26.3,22.5,229,1004.5,17.1
2025-07-05,37.0,68.0,2.0,1.0,2.0,3.0,"Deonar, Mumbai",27.6,26.1,26.8,85,27.2,23.4,241,1004.3,29.9
2025-07-06,49.0,68.0,1.0,2.0,2.0,4.0,"Deonar, Mumbai",28.0,25.5,26.7,86,31.8,22.9,241,1003.7,26.1
2025-07-07,41.0,70.0,1.0,2.0,2.0,3.0,"Deonar, Mumbai",28.6,26.0,27.2,84,25.2,21.2,243,1004.1,8.8
2025-07-08,45.0,78.0,1.0,3.0,2.0,3.0,"Deonar, Mumbai",28.4,26.9,27.8,82,25.8,22.2,244,1004.7,1.3
2025-07-09,56.0,78.0,2.0,3.0,1.0,3.0,"Deonar, Mumbai",27.6,25.4,26.9,86,22.8,16.1,245,1005.1,9.1
2025-07-10,53.0,72.0,2.0,3.0,1.0,4.0,"Deonar, Mumbai",28.8,25.3,27.1,84,17.2,11.9,234,1005.3,8.0
2025-07-11,55.0,69.0,3.0,3.0,1.0,4.0,"Deonar, Mumbai",28.0,25.4,26.8,86,16.2,11.7,234,1005.5,6.2
2025-07-12,95.0,68.0,2.0,3.0,1.0,4.0,"Deonar, Mumbai",29.1,25.2,27.2,85,18.9,13.0,250,1006.0,4.4
2025-07-13,58.0,40.0,2.0,3.0,1.0,5.0,"Deonar, Mumbai",28.3,25.5,26.8,85,17.8,13.5,242,1005.7,13.3
2025-07-14,21.0,61.0,2.0,4.0,1.0,5.0,"Deonar, Mumbai",27.3,25.2,26.4,89,25.6,18.1,242,1004.2,52.2
2025-07-15,47.0,79.0,2.0,3.0,1.0,5.0,"Deonar, Mumbai",27.5,25.5,26.6,87,17.4,13.6,249,1003.8,17.9
2025-07-16,30.0,75.0,4.0,3.0,1.0,4.0,"Deonar, Mumbai",29.2,26.0,27.5,84,18.1,13.3,260,1004.1,11.1
2025-07-17,38.0,65.0,3.0,3.0,1.0,3.0,"Deonar, Mumbai",29.0,25.9,27.5,85,12.4,8.9,245,1004.8,3.5
2025-07-18,43.0,65.0,3.0,3.0,1.0,2.0,"Deonar, Mumbai",29.1,26.0,27.7,83,13.4,9.9,253,1005.1,2.3
2025-07-19,59.0,50.0,1.0,3.0,1.0,4.0,"Deonar, Mumbai",28.1,25.2,27.1,85,15.9,10.6,238,1003.1,4.2
2025-07-20,45.0,45.0,1.25,5.0,1.0,7.0,"Deonar, Mumbai",27.8,25.0,26.5,87,16.4,13.0,226,1002.3,12.4
2025-07-21,41.0,40.0,1.5,4.0,1.0,3.0,"Deonar, Mumbai",27.7,25.8,26.5,89,14.5,11.3,232,1003.5,25.6
2025-07-22,37.0,41.0,1.75,4.0,1.0,6.0,"Deonar, Mumbai",27.8,25.7,26.6,88,18.0,11.6,252,1004.2,24.7
2025-07-23,43.0,55.0,2.0,4.0,1.0,6.0,"Deonar, Mumbai",27.6,25.1,26.5,86,20.0,15.0,251,1003.1,20.0
2025-07-24,46.0,50.0,1.0,4.0,1.0,6.0,"Deonar, Mumbai",27.1,25.3,26.3,87,21.5,17.0,238,1001.7,17.8
2025-07-25,37.0,52.0,3.0,3.0,1.0,6.0,"Deonar, Mumbai",27.5,26.1,26.6,88,24.6,20.6,249,1001.2,38.3
2025-07-26,48.0,64.0,3.0,2.0,1.0,3.0,"Deonar, Mumbai",27.6,25.3,26.5,86,25.4,22.9,257,1002.3,25.0
2025-07-27,65.0,60.0,12.0,2.0,1.0,6.0,"Deonar, Mumbai",28.3,25.1,26.9,83,31.0,27.1,250,1003.6,13.0
2025-07-28,75.0,63.0,2.0,4.0,2.0,8.0,"Deonar, Mumbai",28.2,26.0,26.9,82,29.9,26.9,249,1004.8,8.2
2025-07-29,57.0,66.0,2.0,3.0,1.0,2.0,"Deonar, Mumbai",27.9,26.0,26.7,84,29.6,26.4,254,1005.3,8.0
2025-07-30,53.0,70.0,2.0,2.0,1.0,3.0,"Deonar, Mumbai",27.5,25.9,26.7,85,28.4,23.6,248,1004.9,8.1
2025-07-31,66.0,57.0,63.0,2.0,1.0,10.0,"Deonar, Mumbai",27.6,26.1,26.9,84,24.8,22.1,238,1005.5,3.8
2025-08-01,45.0,58.0,2.0,3.0,1.0,6.0,"Deonar, Mumbai",28.4,25.8,27.0,82,22.4,17.4,242,1006.2,2.9
2025-08-02,48.0,61.0,3.0,3.0,1.0,5.0,"Deonar, Mumbai",28.0,25.4,26.6,86,16.9,12.2,246,1006.4,6.4
2025-08-03,55.0,61.0,3.0,3.0,17.0,5.0,"Deonar, Mumbai",27.9,25.2,26.6,85,13.9,9.8,227,1007.2,3.9
2025-08-04,45.0,63.0,3.0,3.0,1.0,7.0,"Deonar, Mumbai",28.6,25.1,27.0,84,14.3,8.7,249,1008.3,3.9
2025-08-05,45.0,71.0,3.0,6.0,1.0,11.0,"Deonar, Mumbai",28.7,25.5,27.1,83,16.2,8.3,266,1007.8,4.5
2025-08-06,40.0,60.0,3.0,5.0,1.0,11.0,"Deonar, Mumbai",29.2,25.7,27.4,83,15.6,7.7,294,1007.4,1.3
2025-08-07,53.0,59.0,2.5,5.0,2.0,4.0,"Deonar, Mumbai",28.0,26.0,27.1,86,13.4,6.2,291,1007.2,1.7
2025-08-08,56.0,60.0,2.0,4.0,1.0,5.0,"Deonar, Mumbai",28.0,26.1,26.9,86,9.2,4.6,272,1007.9,3.1
2025-08-09,59.0,58.0,1.0,3.0,1.0,6.0,"Deonar, Mumbai",28.2,25.0,26.8,86,10.3,5.6,239,1009.4,0.9
2025-08-10,65.0,57.0,2.0,3.0,2.0,6.0,"Deonar, Mumbai",28.0,25.4,26.7,84,14.0,6.5,235,1008.6,4.4
2025-08-11,49.0,52.0,2.0,3.0,1.0,5.0,"Deonar, Mumbai",28.1,25.4,26.8,83,16.6,9.5,248,1008.4,6.4
2025-08-12,22.0,41.0,1.0,4.0,1.0,6.0,"Deonar, Mumbai",28.5,25.2,26.7,83,18.2,10.3,257,1007.1,6.2
2025-08-13,12.0,34.0,3.0,4.0,2.0,6.0,"Deonar, Mumbai",27.9,25.3,26.3,86,13.9,9.4,246,1005.1,9.8
2025-08-14,20.0,34.0,2.0,4.0,1.0,6.0,"Deonar, Mumbai",27.2,25.2,26.0,89,16.4,10.5,222,1004.4,50.5
2025-08-15,39.0,29.0,1.0,5.0,2.0,6.0,"Deonar, Mumbai",27.2,25.3,26.2,88,17.1,12.8,245,1003.8,49.6
2025-08-16,29.0,31.0,1.0,3.0,2.0,5.0,"Deonar, Mumbai",26.5,24.8,25.6,91,16.7,11.6,245,1002.6,38.7
2025-08-17,57.0,33.0,1.0,4.0,2.0,5.0,"Deonar, Mumbai",27.9,25.4,26.4,87,23.7,15.5,237,1001.4,15.6
2025-08-18,24.0,33.0,3.0,2.0,2.0,3.0,"Deonar, Mumbai",26.7,25.5,25.7,91,27.2,22.4,243,1003.7,117.6
2025-08-19,20.0,45.0,2.0,2.0,2.0,3.0,"Deonar, Mumbai",26.5,25.2,25.8,90,35.5,27.7,251,1002.5,128.8
2025-08-20,22.0,49.0,2.0,1.0,2.0,3.0,"Deonar, Mumbai",26.9,25.1,25.9,88,32.3,27.6,243,1003.8,60.2
2025-08-21,29.0,45.0,2.0,2.0,3.0,5.0,"Deonar, Mumbai",28.0,25.6,26.7,84,28.6,24.2,234,1007.0,29.1
2025-08-22,20.0,50.0,2.0,2.0,2.0,5.0,"Deonar, Mumbai",28.2,25.8,27.0,81,25.1,21.6,240,1007.9,3.9
2025-08-23,27.0,57.0,2.0,2.0,1.0,2.0,"Deonar, Mumbai",28.2,24.9,26.8,80,28.7,23.3,241,1007.1,10.1
2025-08-24,92.0,45.0,1.0,3.0,2.0,1.5,"Deonar, Mumbai",28.5,25.8,26.9,81,26.5,24.0,239,1007.7,4.5
2025-08-25,13.0,49.0,1.5,4.0,2.0,1.0,"Deonar, Mumbai",26.9,25.0,25.8,86,26.0,20.9,243,1007.1,24.0
2025-08-26,26.0,57.0,2.0,3.0,1.0,1.0,"Deonar, Mumbai",27.9,25.0,26.5,85,20.7,16.3,254,1006.7,14.4
2025-08-27,41.0,62.0,2.333333333333333,3.0,1.0,1.0,"Deonar, Mumbai",28.2,25.4,26.7,85,14.2,10.0,278,1005.5,7.0
2025-08-28,55.0,46.0,2.6666666666666665,5.0,1.0,2.0,"Deonar, Mumbai",28.4,25.4,26.7,88,12.4,9.0,281,1004.6,16.6
2025-08-29,48.0,48.0,3.0,4.0,1.0,1.0,"Deonar, Mumbai",28.0,25.7,26.5,87,14.3,9.9,236,1004.5,7.4
2025-08-30,39.0,53.0,2.0,3.0,1.0,3.0,"Deonar, Mumbai",28.0,25.3,26.6,85,13.1,10.3,228,1006.4,3.5
2025-08-31,38.0,55.0,1.0,3.0,1.0,3.0,"Deonar, Mumbai",27.7,25.3,26.5,86,20.9,14.4,247,1006.8,9.5
2025-09-01,38.0,56.0,2.0,3.0,2.0,2.0,"Deonar, Mumbai",28.0,25.4,26.6,84,24.1,19.1,256,1005.3,10.4
2025-09-02,44.0,63.0,3.0,3.0,1.0,2.0,"Deonar, Mumbai",28.1,25.4,26.8,85,17.7,15.7,270,1005.0,4.9
2025-09-03,43.0,60.0,2.0,5.0,1.0,1.0,"Deonar, Mumbai",28.6,24.9,26.9,83,19.6,13.8,280,1005.3,4.0
2025-09-04,49.0,67.0,1.0,5.0,1.0,1.3333333333333333,"Deonar, Mumbai",26.3,25.2,25.9,87,14.9,11.6,278,1005.7,15.7
2025-09-05,51.0,50.0,1.0,4.0,1.0,1.6666666666666663,"Deonar, Mumbai",27.4,25.0,26.2,88,17.5,12.8,258,1006.2,15.6
2025-09-06,37.0,58.0,1.0,3.0,1.0,2.0,"Deonar, Mumbai",26.7,25.1,26.0,85,21.9,16.8,238,1007.3,15.8
2025-09-07,41.0,57.0,14.0,4.0,19.0,4.0,"Deonar, Mumbai",28.0,24.9,26.4,84,20.9,16.2,227,1007.6,11.4
2025-09-08,44.0,68.0,3.0,3.0,1.0,6.0,"Deonar, Mumbai",27.5,24.6,26.2,86,19.2,14.1,204,1007.4,5.8
2025-09-09,50.0,83.0,5.0,5.0,2.0,3.0,"Deonar, Mumbai",28.5,24.5,26.5,87,11.2,8.5,196,1009.0,0.7
2025-09-10,80.0,74.0,3.0,4.0,1.0,2.0,"Deonar, Mumbai",29.1,24.6,26.8,85,13.4,6.1,286,1009.7,0.4
2025-09-11,72.0,66.0,1.0,4.0,1.0,4.0,"Deonar, Mumbai",28.5,24.5,26.7,83,12.6,6.0,286,1009.5,1.4
2025-09-12,53.0,75.0,2.0,5.0,1.0,5.0,"Deonar, Mumbai",29.0,25.0,27.0,81,14.0,5.9,311,1009.3,0.4
2025-09-13,65.0,61.0,5.0,6.0,1.0,4.0,"Deonar, Mumbai",28.5,25.1,26.6,87,15.8,7.1,322,1008.9,12.4
2025-09-14,69.0,46.0,1.0,6.0,1.0,4.0,"Deonar, Mumbai",28.9,25.0,26.5,87,16.8,8.3,323,1008.6,16.3
2025-09-15,41.0,52.0,2.5,6.0,1.0,2.0,"Deonar, Mumbai",27.4,25.2,26.1,90,18.7,10.2,305,1008.0,72.3
2025-09-16,43.0,49.0,4.0,4.0,1.0,3.0,"Deonar, Mumbai",27.7,25.3,26.3,89,12.9,6.8,285,1007.8,7.8
2025-09-17,40.0,50.0,2.0,4.0,1.0,5.0,"Deonar, Mumbai",28.0,24.8,26.4,89,11.1,4.6,255,1007.6,15.2
2025-09-18,34.0,47.0,2.0,4.0,1.0,3.0,"Deonar, Mumbai",27.6,24.7,26.2,90,10.1,4.9,274,1007.5,9.9
2025-09-19,38.0,60.0,2.0,4.0,2.0,4.0,"Deonar, Mumbai",28.4,24.9,26.3,89,13.3,7.3,242,1008.5,11.9
2025-09-20,49.0,47.0,2.0,3.0,1.0,4.0,"Deonar, Mumbai",28.6,25.0,26.6,88,13.0,7.2,238,1008.7,14.8
2025-09-21,45.0,48.0,2.0,4.0,1.0,8.0,"Deonar, Mumbai",28.6,25.0,26.3,88,14.6,6.0,276,1008.3,15.4
2025-09-22,41.0,55.0,2.0,5.0,2.0,6.0,"Deonar, Mumbai",28.1,24.5,25.9,90,13.9,6.8,284,1009.1,19.5
2025-09-23,56.0,59.0,2.0,4.0,1.0,5.0,"Deonar, Mumbai",28.5,24.8,26.5,85,17.5,6.6,269,1009.5,9.1
2025-09-24,54.0,65.0,3.0,5.0,2.0,4.0,"Deonar, Mumbai",28.2,24.6,26.9,81,12.6,7.4,267,1008.0,1.5
2025-09-25,64.0,79.0,5.0,7.0,2.0,7.0,"Deonar, Mumbai",27.9,24.5,26.4,84,11.0,6.1,253,1007.3,3.4
2025-09-26,79.0,60.0,5.0,7.0,2.0,7.0,"Deonar, Mumbai",29.1,24.5,26.7,86,13.7,4.8,313,1007.3,3.3
2025-09-27,59.0,40.0,5.0,6.0,2.0,3.0,"Deonar, Mumbai",28.4,24.6,26.4,85,17.5,10.9,289,1007.3,17.4
2025-09-28,37.0,52.0,4.0,7.0,1.0,3.0,"Deonar, Mumbai",26.6,25.5,26.1,89,34.8,26.5,273,1003.8,122.1
2025-09-29,50.0,38.0,2.0,7.0,1.0,3.0,"Deonar, Mumbai",28.5,25.5,26.7,78,29.4,22.4,227,1004.3,16.9
2025-09-30,29.0,47.0,2.0,7.0,2.0,4.0,"Deonar, Mumbai",27.4,24.3,25.6,85,23.7,18.7,194,1005.4,9.4
2025-10-01,44.0,39.0,2.0,6.0,3.0,3.0,"Deonar, Mumbai",28.3,24.1,25.8,87,24.3,17.9,185,1005.0,13.2
2025-10-02,30.0,38.0,1.0,5.0,5.0,3.0,"Deonar, Mumbai",27.8,24.4,26.0,87,24.6,16.7,181,1007.0,5.2
2025-10-03,33.0,44.0,2.0,5.0,3.0,3.333333333333333,"Deonar, Mumbai",28.5,25.1,26.6,86,18.8,12.8,187,1009.7,4.2
2025-10-04,33.0,71.0,2.0,6.0,2.5,3.6666666666666665,"Deonar, Mumbai",28.5,25.0,26.7,86,14.4,8.8,200,1011.0,3.7
2025-10-05,62.0,57.0,33.0,7.0,2.0,4.0,"Deonar, Mumbai",27.8,24.6,26.4,85,11.5,7.7,200,1011.1,1.0
2025-10-06,41.0,54.0,2.0,5.0,11.0,6.0,"Deonar, Mumbai",28.0,24.7,26.2,84,13.9,7.7,217,1011.7,2.0
2025-10-07,44.0,100.0,8.0,6.0,20.0,6.0,"Deonar, Mumbai",28.5,24.6,26.3,86,13.3,5.8,249,1011.7,1.7
2025-10-08,87.0,122.0,16.0,10.0,1.0,8.0,"Deonar, Mumbai",29.4,24.9,26.9,84,14.8,7.0,333,1011.4,0.2
2025-10-09,131.0,125.0,18.0,10.0,1.0,6.0,"Deonar, Mumbai",31.0,25.1,27.8,78,12.1,7.2,349,1011.5,0.0
2025-10-10,151.0,164.0,17.0,11.0,2.0,8.0,"Deonar, Mumbai",32.7,24.6,28.2,66,12.3,7.8,359,1010.1,0.0
2025-10-11,146.0,147.0,17.0,10.0,2.0,7.0,"Deonar, Mumbai",33.5,25.0,28.8,62,14.5,7.1,343,1009.8,0.1
2025-10-12,162.0,137.0,17.0,13.0,1.0,9.0,"Deonar, Mumbai",34.4,25.0,29.3,59,14.5,7.4,341,1009.4,0.1
2025-10-13,154.0,165.0,17.0,13.0,2.0,11.0,"Deonar, Mumbai",33.8,25.3,29.4,56,14.6,7.8,337,1009.8,0.0
2025-10-14,152.0,159.0,14.0,12.0,1.0,9.0,"Deonar, Mumbai",34.4,24.8,29.3,56,15.0,8.2,341,1008.0,0.0
2025-10-15,151.0,122.0,15.0,9.0,1.0,6.0,"Deonar, Mumbai",34.0,25.0,28.8,61,15.1,4.9,65,1007.4,1.3
2025-10-16,122.0,99.0,13.0,9.0,1.0,5.0,"Deonar, Mumbai",34.3,26.4,29.2,73,13.0,6.0,66,1007.9,9.8
2025-10-17,106.0,139.0,19.0,9.0,1.0,7.0,"Deonar, Mumbai",34.8,26.0,30.2,66,14.2,8.3,16,1008.9,0.0
2025-10-18,156.0,158.0,16.0,9.0,1.0,8.0,"Deonar, Mumbai",34.4,26.6,30.3,62,13.1,6.6,16,1008.8,0.3
2025-10-19,169.0,206.0,14.0,8.0,1.0,9.0,"Deonar, Mumbai",35.0,26.6,30.3,62,13.5,7.7,1,1007.5,0.4
2025-10-20,186.0,173.0,13.0,4.0,2.0,6.0,"Deonar, Mumbai",34.7,26.5,30.3,61,16.5,8.7,8,1006.8,0.1
2025-10-21,169.0,97.0,10.0,6.0,1.0,5.0,"Deonar, Mumbai",33.9,26.0,29.5,63,13.6,7.5,43,1008.0,7.5
2025-10-22,125.0,93.0,7.0,4.0,1.0,4.0,"Deonar, Mumbai",33.2,26.1,29.4,72,13.7,6.8,43,1008.4,1.0
2025-10-23,103.0,62.0,6.0,6.0,1.0,4.0,"Deonar, Mumbai",35.0,26.9,30.5,67,15.4,8.2,46,1007.1,3.5
2025-10-24,57.0,50.0,2.0,5.0,2.0,5.0,"Deonar, Mumbai",33.3,27.1,29.5,72,18.3,8.0,139,1007.0,5.8
2025-10-25,46.0,63.0,7.0,4.0,2.0,5.0,"Deonar, Mumbai",29.8,25.5,27.2,83,16.6,9.4,138,1006.7,16.5
2025-10-26,57.0,48.0,2.0,4.0,2.0,6.0,"Deonar, Mumbai",27.0,24.2,25.5,91,19.4,10.8,130,1006.7,40.6
2025-10-27,42.0,59.0,4.0,5.0,2.0,6.0,"Deonar, Mumbai",30.3,24.1,26.3,86,24.9,13.8,155,1006.5,11.3
2025-10-28,61.0,72.0,5.0,6.0,3.0,6.0,"Deonar, Mumbai",31.5,25.5,27.6,77,20.5,15.3,150,1005.7,0.2
2025-10-29,78.0,54.0,7.0,5.0,1.0,4.0,"Deonar, Mumbai",30.8,26.1,27.5,79,24.2,12.2,161,1005.1,0.0
2025-10-30,62.0,57.0,1.0,6.0,1.0,6.0,"Deonar, Mumbai",28.7,24.8,26.7,82,23.7,15.9,162,1006.9,13.6
2025-10-31,47.0,51.0,4.0,5.0,7.25,7.0,"Deonar, Mumbai",29.1,24.8,26.8,83,26.6,19.3,164,1008.3,11.1
2025-11-01,44.0,48.0,2.0,6.0,13.5,5.0,"Deonar, Mumbai",28.2,25.1,26.6,88,21.3,15.8,173,1010.3,4.9
2025-11-02,33.0,45.0,30.0,5.0,19.75,6.0,"Deonar, Mumbai",27.5,25.4,26.3,88,18.9,13.2,186,1012.4,5.4
2025-11-03,23.0,71.0,4.0,8.0,26.0,10.0,"Deonar, Mumbai",28.4,24.0,26.2,88,13.6,8.4,203,1012.4,2.2
2025-11-04,73.0,88.0,10.0,7.0,1.0,7.0,"Deonar, Mumbai",28.0,24.9,26.1,87,14.9,6.3,243,1011.8,2.1
2025-11-05,80.0,119.0,14.0,10.0,2.0,5.0,"Deonar, Mumbai",28.4,23.6,25.9,82,10.4,5.6,328,1011.1,0.5
2025-11-06,113.0,150.0,20.0,15.0,2.0,6.0,"Deonar, Mumbai",29.0,23.4,26.0,82,14.0,6.9,349,1011.6,0.3
2025-11-07,147.0,128.0,15.0,13.0,2.0,5.0,"Deonar, Mumbai",31.1,24.0,26.9,74,15.2,7.3,343,1012.3,0.0
2025-11-08,121.0,118.0,13.0,13.0,2.0,4.0,"Deonar, Mumbai",33.5,23.0,27.7,57,11.7,8.5,20,1013.3,0.0
2025-11-09,119.0,135.0,19.0,12.0,2.0,7.0,"Deonar, Mumbai",31.5,22.6,26.6,54,13.5,8.0,327,1012.8,0.0
2025-11-10,134.0,138.0,21.0,13.0,2.0,9.0,"Deonar, Mumbai",31.5,21.6,26.4,58,12.9,6.4,213,1012.2,0.0
2025-11-11,138.0,155.0,17.0,14.0,2.0,7.0,"Deonar, Mumbai",31.8,21.6,26.6,60,14.1,6.7,345,1013.0,0.0
2025-11-12,157.0,174.0,16.0,16.0,3.0,9.0,"Deonar, Mumbai",32.7,21.9,27.2,46,13.1,7.8,16,1013.4,0.0
2025-11-13,158.0,177.0,16.0,17.0,2.0,10.0,"Deonar, Mumbai",33.5,22.5,27.5,47,13.1,8.3,15,1013.8,0.0
2025-11-14,161.0,170.0,16.0,17.0,2.0,10.0,"Deonar, Mumbai",32.8,21.9,27.0,51,12.6,7.3,14,1013.2,0.0
2025-11-15,159.0,174.0,15.0,16.0,2.0,8.0,"Deonar, Mumbai",32.9,21.6,26.8,48,13.9,8.4,46,1013.8,0.0
2025-11-16,159.0,185.0,15.0,16.0,2.0,11.0,"Deonar, Mumbai",32.8,21.1,26.5,46,14.6,9.2,41,1015.0,0.0
2025-11-17,161.0,220.0,12.0,23.0,2.0,13.0,"Deonar, Mumbai",32.5,20.8,25.9,47,17.3,9.6,27,1014.6,0.0
2025-11-18,177.0,204.0,16.0,15.0,3.0,8.0,"Deonar, Mumbai",32.0,20.0,25.4,49,16.9,9.0,25,1012.9,0.0
2025-11-19,172.0,204.0,15.0,16.0,3.0,10.0,"Deonar, Mumbai",32.5,19.5,25.8,47,12.8,9.1,22,1012.8,0.0
2025-11-20,166.0,199.0,16.0,18.0,2.0,12.0,"Deonar, Mumbai",32.5,21.0,26.1,50,12.5,8.0,357,1013.1,0.0
2025-11-21,173.0,203.0,13.0,18.0,2.0,13.0,"Deonar, Mumbai",33.3,20.9,26.4,53,12.8,8.3,19,1013.9,0.0
2025-11-22,172.0,199.0,16.0,14.0,2.0,15.0,"Deonar, Mumbai",32.3,23.1,27.3,56,11.5,7.2,348,1013.1,0.0
2025-11-23,177.0,179.0,14.0,14.0,2.0,14.0,"Deonar, Mumbai",31.7,24.5,27.5,62,13.7,6.1,323,1013.1,0.0
2025-11-24,171.0,137.0,14.0,14.0,1.0,13.0,"Deonar, Mumbai",32.3,24.0,27.6,65,15.2,6.6,327,1013.1,0.0
2025-11-25,152.0,141.0,15.0,13.0,1.0,11.0,"Deonar, Mumbai",32.3,24.4,27.8,65,10.8,6.3,325,1012.8,0.0
2025-11-26,68.0,149.0,13.0,15.0,1.0,11.0,"Deonar, Mumbai",31.8,24.5,27.6,67,13.9,5.8,297,1013.0,0.0
2025-11-27,153.0,145.0,10.0,14.0,2.0,11.0,"Deonar, Mumbai",32.7,24.0,27.6,63,15.4,7.9,354,1013.6,0.0
2025-11-28,159.0,106.0,9.0,13.0,2.0,8.0,"Deonar, Mumbai",33.0,23.5,27.5,58,15.1,8.2,346,1013.0,0.0
2025-11-29,127.0,110.0,9.0,13.0,2.0,9.0,"Deonar, Mumbai",32.3,23.2,27.1,52,11.7,7.9,25,1011.9,0.0
2025-11-30,159.0,97.0,14.0,17.0,16.0,12.0,"Deonar, Mumbai",31.9,20.8,25.5,50,15.8,7.7,353,1011.7,0.0
2025-12-01,122.0,109.0,10.0,16.0,2.0,11.0,"Deonar, Mumbai",32.5,20.5,25.6,51,15.1,8.0,6,1011.5,0.0
2025-12-02,149.0,111.0,52.0,14.0,3.0,11.0,"Deonar, Mumbai",32.2,20.6,25.8,55,13.2,6.8,344,1011.6,0.0
2025-12-03,159.0,118.0,10.0,13.0,2.0,9.0,"Deonar, Mumbai",33.0,20.9,26.5,48,14.5,8.6,11,1012.5,0.0
2025-12-04,167.0,106.0,12.0,12.0,2.0,8.0,"Deonar, Mumbai",33.6,22.4,27.4,49,16.1,9.5,23,1013.4,0.0
2025-12-05,153.0,91.0,12.0,13.0,2.0,6.0,"Deonar, Mumbai",34.1,23.1,28.1,49,14.3,9.4,31,1014.3,0.0
2025-12-06,141.0,93.0,13.0,14.0,2.0,6.0,"Deonar, Mumbai",32.9,23.6,27.5,50,15.7,9.6,17,1014.9,0.0
2025-12-07,141.0,101.0,11.0,16.0,2.0,9.0,"Deonar, Mumbai",33.0,22.2,26.8,49,14.3,9.2,17,1014.7,0.0
2025-12-08,137.0,97.0,12.0,13.0,1.0,6.0,"Deonar, Mumbai",33.4,21.3,26.6,51,16.0,7.6,1,1014.6,0.0
2025-12-09,134.0,86.0,8.0,16.0,3.0,5.0,"Deonar, Mumbai",33.2,20.8,26.6,38,13.6,7.4,21,1014.1,0.0
2025-12-10,112.0,87.0,9.0,17.0,3.0,6.0,"Deonar, Mumbai",32.8,21.0,26.3,35,15.7,8.1,5,1014.9,0.0
2025-12-11,113.0,91.0,11.0,20.0,2.0,6.0,"Deonar, Mumbai",32.5,20.2,25.6,39,13.9,8.3,12,1014.3,0.0
2025-12-12,128.0,94.0,10.0,20.0,2.0,7.0,"Deonar, Mumbai",32.2,19.3,25.1,44,14.7,8.3,6,1013.3,0.0
2025-12-13,134.0,96.0,11.0,20.0,3.0,8.0,"Deonar, Mumbai",32.3,19.9,25.3,50,14.4,7.1,357,1013.2,0.0
2025-12-14,139.0,94.0,8.0,18.0,3.0,9.0,"Deonar, Mumbai",31.6,20.5,25.8,46,15.1,8.3,18,1013.8,0.0
2025-12-15,135.0,92.0,10.0,17.0,2.0,6.0,"Deonar, Mumbai",32.3,20.0,26.0,43,14.9,8.1,27,1013.7,0.0
2025-12-16,137.0,102.0,11.0,22.0,3.0,7.0,"Deonar, Mumbai",32.5,20.4,25.6,45,15.8,10.2,48,1013.3,0.0
2025-12-17,155.0,109.0,9.0,22.0,3.0,10.0,"Deonar, Mumbai",32.3,20.9,26.2,49,15.5,8.4,3,1014.3,0.0
2025-12-18,158.0,92.0,9.0,19.0,3.0,6.0,"Deonar, Mumbai",32.6,20.7,26.1,49,14.3,8.0,1,1014.5,0.0
2025-12-19,137.0,88.0,6.0,17.0,2.0,7.0,"Deonar, Mumbai",32.2,19.9,25.1,46,16.1,8.1,3,1013.1,0.0
2025-12-20,116.0,104.0,6.5,14.0,2.0,8.0,"Deonar, Mumbai",32.5,19.6,25.1,44,17.1,7.6,6,1011.5,0.0
2025-12-21,146.0,91.0,7.0,23.0,4.0,11.0,"Deonar, Mumbai",32.5,20.6,25.4,43,15.0,9.7,38,1012.4,0.0
2025-12-22,121.0,91.0,7.0,17.0,3.0,7.0,"Deonar, Mumbai",31.5,20.0,25.0,45,17.4,8.2,360,1012.7,0.0
2025-12-23,127.0,83.0,6.0,15.0,2.0,6.0,"Deonar, Mumbai",31.9,20.5,25.3,47,15.4,8.5,360,1012.1,0.0
2025-12-24,113.0,94.0,8.0,17.0,3.0,9.0,"Deonar, Mumbai",31.8,20.8,25.2,47,15.2,9.3,7,1012.1,0.0
2025-12-25,131.0,98.0,9.0,17.0,2.0,8.0,"Deonar, Mumbai",31.3,19.4,24.9,52,14.3,8.1,10,1012.7,0.0
2025-12-26,151.0,103.0,7.0,18.0,2.0,8.0,"Deonar, Mumbai",30.8,19.5,24.9,50,16.9,7.4,350,1012.5,0.0
2025-12-27,146.0,104.0,9.0,17.0,3.0,9.0,"Deonar, Mumbai",31.5,20.1,25.3,50,14.3,8.3,4,1012.7,0.0
2025-12-28,152.0,96.0,7.75,15.25,2.5,8.75,"Deonar, Mumbai",30.8,20.4,25.1,51,14.4,7.9,355,1013.4,0.0
2025-12-31,119.0,72.0,4.0,10.0,1.0,8.0,"Deonar, Mumbai",28.0,19.1,23.5,72,15.0,6.2,295,1011.9,0.2
2026-01-01,108.0,83.0,7.0,12.0,2.0,9.0,"Deonar, Mumbai",27.5,20.9,23.7,76,15.7,8.1,325,1012.1,0.8
2026-01-02,132.0,96.0,6.0,15.0,2.0,11.0,"Deonar, Mumbai",28.0,20.9,24.1,74,16.7,9.1,335,1013.5,0.0
2026-01-03,154.0,115.0,8.0,13.0,2.0,13.0,"Deonar, Mumbai",30.0,20.9,24.9,64,14.1,8.3,337,1013.6,0.0
2026-01-04,164.0,105.0,8.0,13.0,3.0,12.0,"Deonar, Mumbai",30.3,22.1,25.8,64,15.5,9.9,340,1014.2,0.0
2026-01-05,160.0,107.0,8.0,13.0,3.0,12.0,"Deonar, Mumbai",31.0,22.5,26.0,59,14.1,8.1,328,1015.1,0.0
2026-01-06,159.0,105.0,23.0,14.0,12.0,12.0,"Deonar, Mumbai",30.8,21.8,25.6,61,15.2,7.9,14,1015.7,0.0
2026-01-07,148.0,100.0,12.0,16.0,1.0,11.0,"Deonar, Mumbai",30.8,20.5,25.0,58,15.5,8.0,350,1015.8,0.0
2026-01-08,143.0,107.0,2.0,27.0,1.0,13.0,"Deonar, Mumbai",29.6,19.6,24.3,53,15.2,7.9,346,1016.0,0.0
2026-01-09,145.0,98.0,6.0,16.0,1.0,8.0,"Deonar, Mumbai",31.1,18.7,24.1,48,16.3,8.8,350,1015.5,0.0
2026-01-10,146.0,98.0,7.0,16.0,2.0,9.0,"Deonar, Mumbai",29.9,19.5,24.0,50,19.0,10.4,351,1015.0,0.0
2026-01-11,150.0,93.0,11.0,21.0,1.0,7.0,"Deonar, Mumbai",31.1,19.6,24.7,48,16.1,10.0,354,1015.4,0.0
2026-01-12,140.0,94.0,7.0,16.0,1.0,9.0,"Deonar, Mumbai",31.2,20.5,25.4,47,13.9,8.2,355,1015.6,0.0
2026-01-13,142.0,96.0,8.0,14.0,1.0,8.0,"Deonar, Mumbai",30.0,22.6,26.3,51,10.8,5.7,316,1015.8,0.0
2026-01-14,144.0,92.0,7.0,13.0,1.0,7.0,"Deonar, Mumbai",31.0,23.0,26.1,57,17.6,9.0,332,1014.5,0.0
2026-01-15,139.0,94.0,8.0,13.0,2.0,7.0,"Deonar, Mumbai",29.6,20.1,24.5,51,15.2,9.0,337,1013.8,0.0
2026-01-16,146.0,80.0,7.0,10.0,1.0,7.0,"Deonar, Mumbai",29.5,20.0,24.3,67,13.6,7.4,318,1013.4,0.0
2026-01-17,123.0,71.0,5.0,8.0,1.0,5.0,"Deonar, Mumbai",29.1,20.0,24.0,69,15.4,8.2,304,1013.0,0.0
2026-01-18,115.0,76.0,5.0,8.0,2.0,6.0,"Deonar, Mumbai",26.5,20.5,23.2,72,16.0,8.5,328,1012.3,0.0
2026-01-19,115.0,86.0,18.0,13.0,2.0,5.0,"Deonar, Mumbai",27.6,18.8,22.9,64,18.6,10.5,343,1013.4,0.0
2026-01-20,123.0,103.0,7.0,13.0,4.0,10.0,"Deonar, Mumbai",27.7,18.8,23.3,58,12.9,8.0,337,1012.8,0.0
2026-01-21,148.0,101.0,6.0,11.0,3.0,8.0,"Deonar, Mumbai",29.5,19.9,24.4,65,17.1,5.5,258,1013.2,0.0
2026-01-22,154.0,93.0,5.0,9.0,1.0,8.0,"Deonar, Mumbai",28.8,20.9,24.6,65,16.8,7.2,281,1013.9,0.0
2026-01-23,137.0,87.0,6.5,5.0,2.0,11.0,"Deonar, Mumbai",27.7,21.1,24.0,73,19.4,8.8,332,1015.3,0.0
2026-01-24,141.0,96.0,8.0,14.0,2.0,5.0,"Deonar, Mumbai",28.5,19.9,23.6,61,18.1,9.8,337,1016.3,0.0
2026-01-25,147.0,103.0,8.0,10.0,2.0,8.0,"Deonar, Mumbai",29.5,19.7,24.0,64,12.5,7.7,339,1014.5,0.0
2026-01-26,157.0,75.0,5.0,8.0,1.0,7.0,"Deonar, Mumbai",30.0,20.5,25.0,67,10.4,6.6,309,1014.6,0.0
2026-01-27,119.0,71.0,6.0,11.0,2.0,6.0,"Deonar, Mumbai",27.5,22.2,24.2,74,18.1,10.7,329,1016.6,0.3
2026-01-28,94.0,94.0,8.0,15.0,2.0,9.0,"Deonar, Mumbai",29.5,20.2,24.0,62,15.8,10.5,345,1015.9,0.0
2026-01-29,137.0,103.0,9.0,10.0,3.0,11.0,"Deonar, Mumbai",31.5,20.9,25.3,50,13.9,6.9,331,1013.8,0.0
2026-01-30,156.0,92.0,10.0,6.0,2.0,9.0,"Deonar, Mumbai",30.0,23.1,25.7,70,15.8,6.1,231,1014.2,0.0
2026-01-31,149.0,94.0,11.0,9.0,1.0,5.0,"Deonar, Mumbai",28.5,22.5,25.0,82,16.8,7.3,312,1014.9,0.0
2026-02-01,154.0,103.0,9.0,13.0,3.0,8.0,"Deonar, Mumbai",31.5,22.0,25.8,69,15.9,8.5,333,1014.9,0.0
2026-02-02,160.0,115.0,4.0,9.0,1.0,10.0,"Deonar, Mumbai",32.5,21.8,26.5,56,16.0,7.4,321,1014.5,0.0
2026-02-03,165.0,1.0,7.0,15.0,2.0,11.0,"Deonar, Mumbai",31.5,22.4,26.4,51,15.4,7.4,330,1014.4,0.0
2026-02-04,146.0,56.0,6.0,10.0,3.0,9.0,"Deonar, Mumbai",32.8,22.6,26.9,52,15.5,7.1,330,1014.5,0.0
2026-02-05,147.0,86.0,24.0,14.0,2.0,7.0,"Deonar, Mumbai",32.7,23.1,27.3,50,16.3,7.9,316,1015.3,0.0
2026-02-06,117.0,111.0,16.0,16.0,3.0,12.0,"Deonar, Mumbai",33.7,22.9,27.5,47,18.9,9.7,345,1015.7,0.0
2026-02-07,141.0,113.0,15.666666666666666,15.0,3.0,15.0,"Deonar, Mumbai",32.8,22.2,27.1,43,15.5,8.4,333,1014.7,0.0
2026-02-08,151.0,110.0,15.333333333333334,15.6,2.6,14.0,"Deonar, Mumbai",32.8,22.5,27.3,44,14.3,8.2,328,1013.1,0.0
2026-02-12,136.6,98.0,14.0,18.0,1.0,10.0,"Deonar, Mumbai",31.4,22.6,26.9,53,16.2,7.7,306,1014.1,0.0
2026-02-13,133.0,108.0,33.0,16.0,1.0,9.0,"Deonar, Mumbai",31.8,22.6,26.7,56,14.7,6.8,317,1013.2,0.0
2026-02-14,153.0,105.0,26.0,15.0,1.0,8.0,"Deonar, Mumbai",33.2,22.8,27.4,53,17.1,7.7,321,1012.4,0.0
2026-02-15,142.0,100.0,26.0,15.0,1.0,8.0,"Deonar, Mumbai",33.3,23.1,28.0,46,14.9,7.6,329,1012.3,0.0
2026-02-16,130.0,86.0,19.0,12.0,1.0,7.0,"Deonar, Mumbai",31.5,23.5,26.9,47,17.1,8.3,320,1010.8,0.0
2026-02-17,113.0,71.0,14.0,8.0,1.0,4.0,"Deonar, Mumbai",30.4,23.1,26.0,59,18.0,10.5,327,1011.1,0.0
2026-02-18,89.0,71.0,14.0,8.0,1.0,4.0,"Deonar, Mumbai",28.4,22.1,24.9,67,18.9,10.1,327,1011.6,0.0
