date,pm25,pm10,o3,no2,so2,co,location,temperature_2m_max,temperature_2m_min,temperature_2m_mean,relative_humidity_2m_mean,wind_speed_10m_max,wind_speed_10m_mean,wind_direction_10m_dominant,pressure_msl_mean,precipitation_sum
2021-12-27,140.0,84.0,20.0,8.0,1.0,26.0,"Khindipada-Bhandup West, Mumbai",31.4,16.6,22.9,70,10.8,7.5,7,1014.1,0.0
2021-12-28,152.0,64.0,16.0,11.0,3.0,26.0,"Khindipada-Bhandup West, Mumbai",30.0,16.9,22.8,72,15.6,8.2,335,1013.5,0.0
2021-12-29,116.0,78.0,13.0,8.0,2.0,26.0,"Khindipada-Bhandup West, Mumbai",29.0,17.9,22.6,64,12.9,9.9,355,1013.8,0.0
2021-12-30,138.0,83.0,12.0,7.0,2.0,26.0,"Khindipada-Bhandup West, Mumbai",31.2,18.1,23.2,64,15.1,9.6,28,1014.6,0.0
2021-12-31,148.0,67.0,16.0,7.0,2.0,26.0,"Khindipada-Bhandup West, Mumbai",32.2,20.0,24.9,65,12.9,9.6,40,1015.5,0.0
2022-01-01,118.0,71.0,13.0,2.0,1.0,24.0,"Khindipada-Bhandup West, Mumbai",32.2,19.2,24.7,63,11.2,8.6,26,1015.9,0.0
2022-01-02,125.0,74.0,15.0,2.0,2.0,24.0,"Khindipada-Bhandup West, Mumbai",31.8,19.5,24.7,64,11.7,8.2,13,1014.6,0.0
2022-01-03,133.0,78.0,23.0,6.0,1.0,25.0,"Khindipada-Bhandup West, Mumbai",32.3,20.7,25.0,66,12.4,8.3,15,1014.0,0.0
2022-01-04,136.0,92.0,9.0,8.0,12.0,14.0,"Khindipada-Bhandup West, Mumbai",32.5,19.5,24.8,70,12.9,7.4,5,1013.9,0.0
2022-01-05,154.0,80.0,9.0,3.0,20.0,12.8,"Khindipada-Bhandup West, Mumbai",30.3,19.1,24.3,77,13.8,6.4,315,1013.5,0.0
2022-01-06,138.0,107.0,14.0,6.0,4.0,11.6,"Khindipada-Bhandup West, Mumbai",29.2,19.6,23.3,79,13.9,7.8,336,1013.1,0.0
2022-01-07,170.0,79.0,8.0,3.0,3.0,10.4,"Khindipada-Bhandup West, Mumbai",29.0,18.2,22.9,78,13.7,7.0,324,1012.5,0.0
2022-01-08,144.0,59.0,10.0,2.0,2.0,8.0,"Khindipada-Bhandup West, Mumbai",25.2,19.8,22.0,86,10.0,5.3,10,1013.8,2.1
2022-01-09,105.5,39.0,12.0,1.0,1.0,8.0,"Khindipada-Bhandup West, Mumbai",26.6,17.0,21.2,57,16.3,10.4,338,1013.8,0.0
2022-01-10,67.0,78.0,13.0,1.0,1.0,24.0,"Khindipada-Bhandup West, Mumbai",25.7,13.6,18.8,57,18.3,10.3,342,1014.0,0.0
2022-01-11,141.0,74.0,12.0,1.0,1.0,26.0,"Khindipada-Bhandup West, Mumbai",26.2,13.6,19.8,70,12.4,6.7,325,1013.5,0.0
2022-01-12,125.0,93.0,15.0,3.0,6.0,30.0,"Khindipada-Bhandup West, Mumbai",26.9,13.9,20.3,68,15.5,9.5,341,1013.1,0.0
2022-01-13,154.0,70.0,17.0,3.0,7.0,29.0,"Khindipada-Bhandup West, Mumbai",27.5,13.9,20.4,72,14.9,7.4,343,1012.2,0.0
2022-01-14,133.0,76.0,15.0,10.0,2.0,28.0,"Khindipada-Bhandup West, Mumbai",27.6,15.9,21.4,73,14.1,7.7,338,1012.2,0.0
2022-01-15,140.0,65.0,24.0,7.0,3.0,28.0,"Khindipada-Bhandup West, Mumbai",30.0,17.1,22.6,65,16.6,10.2,11,1012.8,0.0
2022-01-16,113.0,72.0,23.0,5.0,3.0,29.0,"Khindipada-Bhandup West, Mumbai",32.2,18.7,24.3,56,14.0,10.1,44,1013.2,0.0
2022-01-17,127.0,72.0,29.0,1.0,5.0,32.0,"Khindipada-Bhandup West, Mumbai",32.2,19.5,24.8,61,14.1,9.6,16,1015.1,0.0
2022-01-18,130.0,82.0,25.0,1.0,2.0,28.0,"Khindipada-Bhandup West, Mumbai",31.0,19.1,24.4,62,15.4,9.4,354,1014.9,0.0
2022-01-19,141.0,63.0,30.0,5.0,3.0,28.0,"Khindipada-Bhandup West, Mumbai",32.5,17.6,23.8,64,15.4,9.0,347,1013.4,0.0
2022-01-20,113.0,55.0,14.0,9.0,3.0,26.0,"Khindipada-Bhandup West, Mumbai",29.6,16.8,22.6,67,14.3,8.3,328,1011.9,0.0
2022-01-21,99.0,48.0,10.0,12.0,1.0,24.0,"Khindipada-Bhandup West, Mumbai",28.6,16.5,22.0,83,13.7,7.6,331,1011.7,0.0
2022-01-22,90.0,111.5,15.0,9.0,2.0,24.0,"Khindipada-Bhandup West, Mumbai",27.2,18.5,22.8,82,22.0,9.9,271,1010.3,1.6
2022-01-23,360.0,175.0,29.0,8.0,3.0,25.0,"Khindipada-Bhandup West, Mumbai",23.4,15.2,21.0,60,17.4,12.3,312,1011.5,0.1
2022-01-24,217.0,140.0,14.0,12.0,2.0,27.0,"Khindipada-Bhandup West, Mumbai",25.4,11.8,17.9,59,20.1,10.2,6,1012.5,0.0
2022-01-25,191.0,120.0,20.0,2.0,3.0,27.0,"Khindipada-Bhandup West, Mumbai",27.0,11.1,18.7,56,15.9,9.7,355,1012.1,0.0
2022-01-26,177.0,95.0,16.0,4.0,5.0,28.0,"Khindipada-Bhandup West, Mumbai",28.9,13.9,20.8,52,15.5,9.8,358,1011.9,0.0
2022-01-27,163.0,56.0,28.0,11.0,4.0,29.0,"Khindipada-Bhandup West, Mumbai",30.9,15.7,22.4,49,16.6,9.8,14,1012.1,0.0
2022-01-28,106.0,43.0,29.5,7.0,4.0,29.5,"Khindipada-Bhandup West, Mumbai",31.8,17.7,23.8,42,15.4,12.0,26,1013.1,0.0
2022-01-29,82.5,30.0,31.0,3.0,4.0,30.0,"Khindipada-Bhandup West, Mumbai",32.3,16.2,23.0,46,14.2,9.8,16,1014.0,0.0
2022-01-30,59.0,29.0,33.0,3.0,4.0,29.0,"Khindipada-Bhandup West, Mumbai",32.3,14.6,22.7,51,12.5,8.6,358,1012.8,0.0
2022-01-31,60.0,23.0,23.0,12.0,5.0,28.0,"Khindipada-Bhandup West, Mumbai",31.9,14.7,22.1,52,15.2,8.8,339,1012.0,0.0
2022-02-01,51.0,33.0,17.0,1.0,2.0,27.0,"Khindipada-Bhandup West, Mumbai",32.0,12.9,21.6,64,17.6,10.3,346,1011.2,0.0
2022-02-02,67.0,27.0,16.0,1.0,5.0,29.0,"Khindipada-Bhandup West, Mumbai",31.2,15.6,22.0,74,15.3,8.6,324,1011.3,0.0
2022-02-03,58.0,36.0,10.0,1.0,2.0,24.0,"Khindipada-Bhandup West, Mumbai",28.0,15.6,21.5,84,14.8,7.0,274,1011.3,0.0
2022-02-04,74.0,106.0,16.0,1.0,2.0,25.0,"Khindipada-Bhandup West, Mumbai",27.8,17.1,22.2,73,11.3,6.5,306,1010.9,0.0
2022-02-05,162.0,112.0,37.0,11.0,5.0,25.0,"Khindipada-Bhandup West, Mumbai",29.9,13.8,21.4,66,16.7,8.4,345,1011.4,0.0
2022-02-06,174.0,83.0,22.0,3.0,2.0,26.0,"Khindipada-Bhandup West, Mumbai",30.2,14.9,21.9,67,15.8,8.9,322,1013.0,0.0
2022-02-07,151.0,55.0,16.0,2.0,2.0,24.0,"Khindipada-Bhandup West, Mumbai",28.0,15.9,21.5,79,18.8,9.7,326,1014.4,0.0
2022-02-08,103.0,68.0,20.0,2.0,2.0,25.0,"Khindipada-Bhandup West, Mumbai",27.1,16.1,21.2,80,16.2,9.0,323,1013.6,0.0
2022-02-09,126.0,81.0,18.0,10.0,3.0,26.0,"Khindipada-Bhandup West, Mumbai",28.2,15.8,21.5,76,17.4,9.5,342,1013.2,0.0
2022-02-10,148.0,66.0,17.0,4.0,2.0,25.0,"Khindipada-Bhandup West, Mumbai",32.2,16.6,23.7,52,19.6,10.9,354,1012.4,0.0
2022-02-11,120.0,65.0,32.0,2.0,3.0,26.0,"Khindipada-Bhandup West, Mumbai",34.1,20.6,26.1,39,18.2,13.5,19,1011.8,0.0
2022-02-12,120.0,70.0,42.0,2.0,3.0,28.0,"Khindipada-Bhandup West, Mumbai",33.5,19.1,25.0,45,18.9,10.3,352,1011.6,0.0
2022-02-13,128.0,59.0,26.0,2.0,2.0,24.0,"Khindipada-Bhandup West, Mumbai",33.1,16.8,23.8,55,17.6,9.8,338,1010.1,0.0
2022-02-14,107.0,51.0,11.0,2.0,1.0,20.0,"Khindipada-Bhandup West, Mumbai",31.0,16.5,23.7,50,18.6,10.4,336,1010.6,0.0
2022-02-15,93.0,40.0,10.0,1.0,3.0,19.0,"Khindipada-Bhandup West, Mumbai",29.4,16.1,22.5,59,15.3,9.7,327,1010.8,0.0
2022-02-16,77.0,44.0,7.0,10.0,2.0,20.0,"Khindipada-Bhandup West, Mumbai",28.6,16.2,21.8,76,14.9,8.3,333,1009.3,0.0
2022-02-17,83.0,55.0,9.0,1.0,1.0,21.0,"Khindipada-Bhandup West, Mumbai",29.2,16.6,22.2,77,12.7,5.4,296,1008.1,0.0
2022-02-18,98.0,58.0,11.0,5.0,2.0,22.0,"Khindipada-Bhandup West, Mumbai",30.7,16.5,23.2,73,14.1,5.8,273,1009.0,0.0
2022-02-19,106.0,61.0,30.0,1.0,1.0,22.0,"Khindipada-Bhandup West, Mumbai",33.3,17.4,24.4,68,15.1,8.1,322,1011.0,0.0
2022-02-20,111.0,71.0,27.0,10.0,1.0,23.0,"Khindipada-Bhandup West, Mumbai",33.9,16.5,24.5,57,19.3,10.6,338,1010.7,0.0
2022-02-21,132.0,88.0,43.0,3.0,1.0,22.0,"Khindipada-Bhandup West, Mumbai",34.3,15.6,24.4,46,21.4,11.2,341,1010.0,0.0
2022-02-22,157.0,70.0,26.0,11.0,2.0,23.0,"Khindipada-Bhandup West, Mumbai",34.0,16.7,24.1,58,18.4,9.1,331,1010.9,0.0
2022-02-23,133.0,75.0,15.0,1.0,1.6666666666666667,21.0,"Khindipada-Bhandup West, Mumbai",33.5,16.8,25.2,57,15.2,8.9,332,1012.2,0.0
2022-02-24,134.0,117.0,27.0,1.0,1.3333333333333337,22.0,"Khindipada-Bhandup West, Mumbai",34.2,18.2,25.7,52,16.4,9.1,319,1013.5,0.0
2022-02-25,175.0,91.0,18.0,2.0,1.0,21.0,"Khindipada-Bhandup West, Mumbai",34.5,17.8,25.7,49,19.4,9.8,316,1012.9,0.0
2022-02-26,155.0,68.0,30.0,11.0,2.0,21.0,"Khindipada-Bhandup West, Mumbai",33.8,17.8,25.1,54,19.5,10.8,329,1012.8,0.0
2022-02-27,128.0,57.0,43.0,1.0,1.0,20.0,"Khindipada-Bhandup West, Mumbai",34.8,17.1,25.5,47,20.2,9.9,327,1013.0,0.0
2022-02-28,99.0,30.0,27.0,11.0,3.0,23.0,"Khindipada-Bhandup West, Mumbai",36.0,17.6,26.0,41,17.8,10.0,332,1012.5,0.0
2022-03-01,61.0,7.0,35.0,12.0,2.0,24.0,"Khindipada-Bhandup West, Mumbai",36.5,18.6,26.4,43,17.3,9.6,336,1012.5,0.0
2022-03-02,16.0,35.0,34.0,12.0,2.0,21.0,"Khindipada-Bhandup West, Mumbai",38.0,19.0,27.6,43,18.7,10.0,340,1011.5,0.0
2022-03-03,66.0,62.0,14.0,12.0,3.0,21.0,"Khindipada-Bhandup West, Mumbai",37.9,21.0,28.3,36,21.9,11.9,348,1011.3,0.0
2022-03-04,111.0,77.0,30.0,11.0,3.0,22.0,"Khindipada-Bhandup West, Mumbai",37.2,22.6,28.5,30,22.5,12.5,345,1011.8,0.0
2022-03-05,140.0,73.0,15.0,12.0,1.0,20.0,"Khindipada-Bhandup West, Mumbai",37.7,20.1,27.6,41,19.7,9.9,345,1010.8,0.0
2022-03-06,132.0,84.0,19.0,12.0,5.0,24.0,"Khindipada-Bhandup West, Mumbai",38.0,19.9,28.0,43,19.2,9.4,325,1009.7,0.0
2022-03-07,148.0,95.0,11.0,4.0,1.0,22.0,"Khindipada-Bhandup West, Mumbai",35.7,22.6,29.0,42,13.0,8.1,310,1010.0,0.0
2022-03-08,161.0,80.0,18.0,1.0,1.0,23.0,"Khindipada-Bhandup West, Mumbai",37.3,25.2,29.9,44,15.6,10.6,347,1010.1,0.0
2022-03-09,138.0,83.0,34.0,1.0,3.0,21.0,"Khindipada-Bhandup West, Mumbai",37.2,23.0,29.2,47,13.6,6.9,10,1010.1,0.0
2022-03-10,147.0,78.0,18.0,11.0,4.0,23.0,"Khindipada-Bhandup West, Mumbai",37.1,21.8,28.9,46,17.3,9.6,356,1009.8,0.0
2022-03-11,144.0,53.0,23.0,13.0,3.0,18.0,"Khindipada-Bhandup West, Mumbai",36.8,22.8,29.4,41,15.2,8.0,320,1009.5,0.0
2022-03-12,94.0,71.0,15.0,1.0,1.0,19.0,"Khindipada-Bhandup West, Mumbai",38.8,21.6,29.2,45,18.9,9.1,352,1009.2,0.0
2022-03-13,126.0,68.0,16.0,11.0,1.0,19.0,"Khindipada-Bhandup West, Mumbai",39.5,20.8,30.0,38,20.2,11.6,1,1009.4,0.0
2022-03-14,126.0,92.0,24.0,17.0,4.0,21.0,"Khindipada-Bhandup West, Mumbai",39.4,22.6,30.6,26,20.3,11.2,356,1009.7,0.0
2022-03-15,157.0,75.0,25.0,10.0,1.0,13.0,"Khindipada-Bhandup West, Mumbai",40.1,21.1,30.3,34,21.9,11.1,339,1008.5,0.0
2022-03-16,139.0,91.0,31.0,25.0,1.0,12.0,"Khindipada-Bhandup West, Mumbai",40.7,21.4,31.0,36,22.0,11.6,339,1007.1,0.0
2022-03-17,156.0,82.0,15.0,1.0,1.0,13.0,"Khindipada-Bhandup West, Mumbai",41.0,22.7,31.6,31,22.0,10.6,335,1006.2,0.0
2022-03-18,147.0,59.0,10.0,9.0,1.0,11.0,"Khindipada-Bhandup West, Mumbai",37.9,21.2,30.3,45,23.5,11.0,321,1006.0,0.0
2022-03-19,114.0,66.0,7.0,1.0,1.0,13.0,"Khindipada-Bhandup West, Mumbai",35.5,21.7,28.3,63,19.8,9.0,277,1006.3,0.0
2022-03-20,128.0,90.0,31.0,3.0,1.0,10.0,"Khindipada-Bhandup West, Mumbai",31.9,23.1,27.1,77,22.6,8.6,253,1007.1,0.0
2022-03-21,158.0,78.0,27.0,1.0,3.0,14.0,"Khindipada-Bhandup West, Mumbai",34.0,21.1,27.2,69,19.9,9.0,311,1007.9,0.0
2022-03-22,148.0,66.0,22.0,1.0,4.0,16.0,"Khindipada-Bhandup West, Mumbai",38.5,22.6,30.0,40,20.2,10.5,338,1007.2,0.0
2022-03-23,124.0,68.16666666666667,26.08333333333333,1.0,4.285714285714286,14.428571428571429,"Khindipada-Bhandup West, Mumbai",40.7,24.5,31.8,24,22.5,12.2,347,1006.3,0.0
2022-03-28,149.0,79.0,46.5,1.0,5.714285714285714,6.571428571428573,"Khindipada-Bhandup West, Mumbai",35.5,23.4,28.5,74,17.6,8.2,296,1009.9,0.0
2022-03-29,154.0,76.0,50.58333333333333,4.0,6.0,5.0,"Khindipada-Bhandup West, Mumbai",37.4,22.4,29.5,59,18.3,10.0,314,1008.5,0.0
2022-03-30,145.0,73.0,21.833333333333336,1.0,6.0,5.0,"Khindipada-Bhandup West, Mumbai",37.3,21.5,28.8,63,17.2,9.2,323,1008.3,0.0
2022-03-31,130.0,123.0,21.833333333333336,1.0,1.0,5.0,"Khindipada-Bhandup West, Mumbai",35.5,20.1,27.1,68,16.4,8.4,318,1009.1,0.0
2022-04-01,181.0,117.0,19.0,1.0,1.0,8.0,"Khindipada-Bhandup West, Mumbai",36.7,20.5,27.0,72,17.6,7.9,311,1009.0,0.0
2022-04-02,177.0,96.0,19.0,1.0,5.0,8.0,"Khindipada-Bhandup West, Mumbai",33.7,22.1,27.4,75,18.0,7.1,267,1010.0,0.0
2022-04-03,164.0,80.0,71.0,1.0,5.0,4.0,"Khindipada-Bhandup West, Mumbai",35.3,21.7,27.6,75,20.9,8.0,306,1009.3,0.0
2022-04-04,152.0,69.0,64.0,1.0,1.0,7.0,"Khindipada-Bhandup West, Mumbai",35.5,23.6,28.5,77,21.4,8.3,275,1009.5,0.0
2022-04-05,135.0,66.0,62.064516129032256,1.0,1.0,28.0,"Khindipada-Bhandup West, Mumbai",34.6,24.1,28.8,78,19.8,9.0,269,1011.2,0.0
2022-04-06,130.0,65.0,60.12903225806451,3.0,3.0,29.33333333333333,"Khindipada-Bhandup West, Mumbai",34.5,24.0,28.7,78,16.9,9.0,259,1011.6,0.0
2022-04-07,120.0,61.0,58.193548387096776,1.0,1.0,30.666666666666668,"Khindipada-Bhandup West, Mumbai",35.5,24.7,29.1,76,16.6,7.4,261,1010.3,0.0
2022-04-08,115.0,56.0,19.0,11.0,3.0,32.0,"Khindipada-Bhandup West, Mumbai",36.8,23.0,28.9,75,18.9,8.5,244,1008.6,0.0
2022-04-09,103.0,46.0,19.0,1.0,5.0,32.0,"Khindipada-Bhandup West, Mumbai",34.8,24.3,29.0,76,16.0,8.2,224,1008.5,0.0
2022-04-10,85.0,53.0,19.0,1.0,1.0,31.0,"Khindipada-Bhandup West, Mumbai",35.3,24.3,29.2,71,17.3,8.9,251,1008.5,0.0
2022-04-11,101.0,58.0,19.0,1.0,1.0,29.0,"Khindipada-Bhandup West, Mumbai",35.6,23.3,29.0,70,20.8,8.2,282,1007.5,0.0
2022-04-12,112.0,73.0,19.0,1.0,2.0,14.0,"Khindipada-Bhandup West, Mumbai",36.9,23.1,29.4,68,20.8,9.3,317,1006.2,0.0
2022-04-13,138.0,58.0,19.0,3.0,2.0,9.0,"Khindipada-Bhandup West, Mumbai",39.2,23.3,30.4,61,21.2,9.8,318,1005.4,0.0
2022-04-14,110.0,49.0,19.0,1.0,1.0,12.0,"Khindipada-Bhandup West, Mumbai",34.2,23.7,29.1,73,16.5,8.6,273,1006.4,0.0
2022-04-15,93.0,58.0,19.0,1.0,1.3333333333333333,10.0,"Khindipada-Bhandup West, Mumbai",34.7,25.2,29.0,71,17.3,7.7,255,1007.2,0.0
2022-04-16,112.0,56.0,19.0,1.0,1.6666666666666663,10.0,"Khindipada-Bhandup West, Mumbai",33.9,22.0,27.6,77,17.8,8.8,262,1006.4,0.0
2022-04-17,106.0,53.0,19.0,1.0,2.0,10.0,"Khindipada-Bhandup West, Mumbai",34.5,23.5,28.4,74,18.3,8.5,251,1007.3,0.0
2022-04-18,101.0,54.0,19.0,1.0,1.6666666666666667,10.0,"Khindipada-Bhandup West, Mumbai",33.7,23.1,28.1,76,20.2,8.6,283,1009.5,0.0
2022-04-19,104.0,60.0,19.0,1.0,1.3333333333333337,11.0,"Khindipada-Bhandup West, Mumbai",34.5,22.9,28.4,75,20.2,9.3,304,1010.8,0.0
2022-04-20,114.0,70.0,19.0,1.0,1.0,13.0,"Khindipada-Bhandup West, Mumbai",36.1,23.9,29.9,70,18.3,9.9,314,1008.5,0.0
2022-04-21,126.0,87.0,19.0,1.0,1.0,14.0,"Khindipada-Bhandup West, Mumbai",41.5,26.9,33.2,39,26.0,13.9,341,1006.0,0.0
2022-04-22,154.0,79.0,19.0,1.0,1.0,12.0,"Khindipada-Bhandup West, Mumbai",40.5,25.3,32.5,47,18.8,9.2,319,1006.7,0.0
2022-04-23,147.0,59.0,19.0,1.0,1.0,11.0,"Khindipada-Bhandup West, Mumbai",41.5,25.0,31.7,60,16.9,7.9,285,1007.7,0.2
2022-04-24,114.0,64.0,19.0,1.0,1.0,10.0,"Khindipada-Bhandup West, Mumbai",36.7,26.1,30.6,72,15.6,8.7,255,1008.2,0.0
2022-04-25,122.0,52.0,19.0,1.0,1.0,11.0,"Khindipada-Bhandup West, Mumbai",40.4,25.0,31.9,54,19.9,10.3,328,1006.5,0.0
2022-04-26,98.0,47.0,19.0,1.0,2.0,11.0,"Khindipada-Bhandup West, Mumbai",36.5,25.1,30.7,63,18.2,9.5,271,1007.3,0.0
2022-04-27,92.0,67.0,19.0,1.0,1.8333333333333333,10.0,"Khindipada-Bhandup West, Mumbai",39.0,23.8,31.8,54,19.3,10.4,327,1005.9,0.0
2022-04-28,129.0,57.0,19.0,1.0,1.6666666666666667,12.0,"Khindipada-Bhandup West, Mumbai",40.7,25.9,31.9,54,18.2,8.6,286,1006.5,0.0
2022-04-29,110.0,39.0,19.0,1.0,1.5,10.0,"Khindipada-Bhandup West, Mumbai",35.8,26.6,30.5,74,15.9,10.7,249,1008.5,0.0
2022-04-30,75.0,40.0,19.0,1.0,3.0,10.0,"Khindipada-Bhandup West, Mumbai",35.2,24.3,29.5,74,17.3,9.3,245,1007.1,0.0
2022-05-01,77.0,46.0,14.0,1.0,2.0,10.0,"Khindipada-Bhandup West, Mumbai",35.5,25.5,29.8,76,16.6,9.4,242,1006.1,0.0
2022-05-02,85.0,56.0,14.0,1.0,1.0,10.0,"Khindipada-Bhandup West, Mumbai",34.5,26.1,30.0,75,17.9,9.4,245,1006.3,0.0
2022-05-03,104.0,57.0,14.0,1.0,1.0,10.0,"Khindipada-Bhandup West, Mumbai",34.7,26.5,30.2,74,18.8,8.4,262,1007.1,0.0
2022-05-04,109.0,67.0,14.0,1.0,1.3333333333333333,9.0,"Khindipada-Bhandup West, Mumbai",34.9,26.2,29.8,74,18.3,8.4,291,1008.1,0.0
2022-05-05,130.0,88.0,4.0,3.0,1.6666666666666663,8.0,"Khindipada-Bhandup West, Mumbai",35.5,24.5,29.1,77,20.0,10.0,318,1008.0,0.0
2022-05-06,146.0,98.0,18.0,6.0,2.0,6.0,"Khindipada-Bhandup West, Mumbai",34.9,25.1,29.4,75,20.3,10.0,315,1007.4,0.0
2022-05-07,164.0,74.0,63.0,5.0,1.0,8.0,"Khindipada-Bhandup West, Mumbai",35.2,24.2,29.5,76,20.6,9.4,298,1006.8,0.0
2022-05-08,145.0,65.0,40.0,4.0,1.0,7.0,"Khindipada-Bhandup West, Mumbai",35.5,24.6,29.9,77,22.3,9.7,296,1004.9,0.0
2022-05-09,125.0,64.0,53.0,11.0,1.2,7.0,"Khindipada-Bhandup West, Mumbai",34.7,25.5,29.9,77,21.7,10.3,287,1004.1,0.0
2022-05-10,126.0,57.0,68.0,4.0,1.4,8.0,"Khindipada-Bhandup West, Mumbai",34.7,27.0,30.2,74,23.3,10.2,293,1003.8,0.0
2022-05-11,112.0,61.5,79.5,7.0,1.6,8.5,"Khindipada-Bhandup West, Mumbai",34.1,25.6,29.8,76,18.6,10.1,261,1003.6,0.0
2022-05-12,121.5,66.0,91.0,10.0,2.0,9.0,"Khindipada-Bhandup West, Mumbai",34.0,27.7,30.2,69,18.2,12.3,249,1004.7,0.0
2022-05-13,131.0,88.0,82.0,13.0,2.0,7.0,"Khindipada-Bhandup West, Mumbai",33.6,27.5,30.0,70,17.6,11.4,238,1004.4,0.0
2022-05-14,158.0,62.0,74.0,10.0,1.6666666666666667,7.0,"Khindipada-Bhandup West, Mumbai",34.2,26.4,29.9,71,16.7,10.4,248,1004.9,0.0
2022-05-15,119.0,72.0,63.0,10.0,1.3333333333333337,9.0,"Khindipada-Bhandup West, Mumbai",34.3,26.8,30.1,71,17.0,10.0,266,1005.9,0.0
2022-05-16,138.0,104.0,81.0,9.0,1.0,9.0,"Khindipada-Bhandup West, Mumbai",34.5,26.6,30.0,72,20.5,9.9,288,1005.3,0.0
2022-05-17,168.0,124.0,86.0,9.0,2.0,8.0,"Khindipada-Bhandup West, Mumbai",34.8,26.5,30.0,73,17.0,9.0,273,1004.4,0.0
2022-05-18,180.0,128.0,44.0,8.0,1.875,7.0,"Khindipada-Bhandup West, Mumbai",34.3,26.2,29.7,72,19.3,9.3,277,1004.7,0.0
2022-05-19,183.0,96.0,65.0,7.0,1.75,7.0,"Khindipada-Bhandup West, Mumbai",34.3,25.9,29.8,72,20.8,10.2,283,1005.1,0.0
2022-05-20,164.0,74.0,64.0,6.0,1.625,7.0,"Khindipada-Bhandup West, Mumbai",33.4,26.8,29.9,67,18.3,11.6,247,1006.2,0.0
2022-05-21,143.0,53.0,67.0,6.0,2.0,8.0,"Khindipada-Bhandup West, Mumbai",33.8,28.0,30.4,63,21.4,14.3,239,1006.0,0.0
2022-05-22,99.0,43.0,70.0,1.0,2.0,7.0,"Khindipada-Bhandup West, Mumbai",33.8,28.5,30.4,65,22.1,17.4,245,1004.2,0.7
2022-05-23,83.0,47.0,74.0,2.0,2.0,7.0,"Khindipada-Bhandup West, Mumbai",34.0,28.1,30.5,67,22.1,16.8,243,1003.5,0.2
2022-05-24,89.0,57.0,78.0,7.0,2.0,9.0,"Khindipada-Bhandup West, Mumbai",33.8,27.8,30.5,67,20.8,14.2,255,1006.0,0.3
2022-05-25,108.0,55.0,83.0,7.0,1.0,9.0,"Khindipada-Bhandup West, Mumbai",34.2,26.0,29.8,69,17.5,10.6,283,1008.3,0.2
2022-05-26,102.0,38.0,87.0,2.0,1.0,8.0,"Khindipada-Bhandup West, Mumbai",34.3,26.4,30.1,65,17.7,10.5,268,1008.0,0.1
2022-05-27,73.0,34.0,39.0,7.0,1.0,8.0,"Khindipada-Bhandup West, Mumbai",34.5,27.1,30.5,60,20.2,12.6,256,1007.7,0.0
2022-05-28,68.0,35.0,61.0,1.0,1.0,8.0,"Khindipada-Bhandup West, Mumbai",34.0,27.5,30.5,60,19.9,13.1,255,1006.8,0.0
2022-05-29,69.0,49.0,43.0,7.0,1.0,7.0,"Khindipada-Bhandup West, Mumbai",34.3,28.2,30.6,60,19.1,13.3,257,1006.8,0.0
2022-05-30,91.0,59.0,65.0,7.0,1.0,8.0,"Khindipada-Bhandup West, Mumbai",33.7,26.9,30.1,64,19.1,11.3,264,1006.5,0.0
2022-05-31,112.0,60.0,44.0,7.0,1.0,8.0,"Khindipada-Bhandup West, Mumbai",34.5,26.8,30.1,66,20.0,10.7,281,1005.8,0.0
2022-06-01,115.0,64.0,44.0,2.0,1.5,7.0,"Khindipada-Bhandup West, Mumbai",34.0,27.6,30.1,66,19.1,10.9,280,1006.0,0.0
2022-06-02,123.0,65.0,58.0,8.0,2.0,9.0,"Khindipada-Bhandup West, Mumbai",34.2,27.2,30.0,68,19.3,10.5,276,1006.2,0.0
2022-06-03,128.0,62.0,42.0,8.0,1.75,7.0,"Khindipada-Bhandup West, Mumbai",33.8,26.4,29.6,70,18.7,10.8,278,1006.0,0.0
2022-06-04,115.0,41.0,53.0,22.0,1.5,7.333333333333333,"Khindipada-Bhandup West, Mumbai",34.2,26.4,30.0,70,17.3,10.6,281,1005.5,0.0
2022-06-05,78.0,44.0,50.5,38.0,1.25,7.666666666666667,"Khindipada-Bhandup West, Mumbai",34.3,26.5,30.0,71,19.1,9.0,272,1005.4,0.0
2022-06-06,83.0,42.0,48.0,54.0,1.0,8.0,"Khindipada-Bhandup West, Mumbai",34.1,26.2,29.9,69,17.5,8.8,256,1005.9,0.0
2022-06-07,83.0,27.0,34.0,1.0,2.0,9.0,"Khindipada-Bhandup West, Mumbai",34.8,26.1,29.8,72,17.1,9.2,253,1006.1,2.5
2022-06-08,58.0,52.0,19.0,1.0,2.5,7.5,"Khindipada-Bhandup West, Mumbai",33.5,26.8,29.7,76,14.8,10.7,245,1005.8,3.7
2022-06-09,95.0,23.0,59.0,11.0,3.0,6.0,"Khindipada-Bhandup West, Mumbai",32.9,26.4,29.2,77,15.5,9.3,241,1004.7,4.5
2022-06-10,45.0,44.0,69.0,8.0,1.0,7.0,"Khindipada-Bhandup West, Mumbai",31.5,26.2,28.2,80,15.6,9.6,201,1004.7,10.6
2022-06-11,78.0,17.0,69.0,10.0,4.0,11.0,"Khindipada-Bhandup West, Mumbai",30.5,25.4,27.0,85,19.6,13.1,197,1005.4,12.4
2022-06-12,37.0,21.0,82.0,8.0,1.0,14.0,"Khindipada-Bhandup West, Mumbai",28.9,25.1,26.6,86,22.4,13.7,189,1005.3,8.1
2022-06-13,44.0,25.0,79.0,8.0,1.0,15.0,"Khindipada-Bhandup West, Mumbai",30.6,24.6,27.4,82,24.3,15.3,191,1006.5,5.0
2022-06-14,51.0,153.0,59.0,1.0,1.0,17.0,"Khindipada-Bhandup West, Mumbai",31.2,25.2,28.2,80,20.4,14.9,201,1006.6,1.7
2022-06-15,177.0,26.0,60.0,7.0,6.0,19.0,"Khindipada-Bhandup West, Mumbai",30.9,25.8,27.9,82,18.6,11.7,221,1006.0,4.7
2022-06-16,54.0,22.0,68.0,1.0,5.0,17.0,"Khindipada-Bhandup West, Mumbai",31.0,25.1,27.8,82,17.1,11.3,208,1005.7,6.6
2022-06-17,48.0,16.0,77.0,2.0,1.0,18.0,"Khindipada-Bhandup West, Mumbai",30.4,25.6,27.8,83,17.8,12.2,206,1005.1,3.3
2022-06-18,38.0,15.666666666666666,75.5,2.0,1.5,19.5,"Khindipada-Bhandup West, Mumbai",30.3,25.9,28.2,81,20.2,13.4,203,1005.2,14.9
2022-06-19,37.0,15.333333333333334,74.0,2.0,2.0,21.0,"Khindipada-Bhandup West, Mumbai",29.1,25.2,26.9,87,19.7,14.2,210,1005.7,20.0
2022-06-20,36.0,15.0,65.0,1.0,1.0,10.0,"Khindipada-Bhandup West, Mumbai",27.6,24.5,25.6,92,14.8,10.3,218,1004.8,43.8
2022-06-21,35.0,19.0,68.0,2.0,2.0,1.0,"Khindipada-Bhandup West, Mumbai",28.1,23.7,25.7,90,21.4,13.2,194,1002.7,16.8
2022-06-22,44.0,26.0,17.0,1.0,3.0,2.0,"Khindipada-Bhandup West, Mumbai",29.9,24.4,26.3,89,17.9,10.3,182,1003.9,24.7
2022-06-23,55.0,22.0,80.0,1.0,1.0,2.0,"Khindipada-Bhandup West, Mumbai",29.5,24.1,26.2,89,9.7,6.7,170,1005.0,37.9
2022-06-24,50.0,20.0,73.0,1.0,1.0,2.0,"Khindipada-Bhandup West, Mumbai",30.4,24.8,26.4,89,15.9,9.1,147,1003.3,16.0
2022-06-26,42.66666666666666,16.0,59.0,1.0,1.0,2.0,"Khindipada-Bhandup West, Mumbai",28.1,24.9,26.0,89,23.0,16.6,159,1000.6,22.8
2022-06-27,39.0,7.0,32.0,1.0,1.0,2.0,"Khindipada-Bhandup West, Mumbai",28.0,24.9,26.0,90,19.9,14.7,194,1003.1,19.2
2022-06-28,18.0,9.0,35.0,1.0,1.0,2.0,"Khindipada-Bhandup West, Mumbai",28.5,25.0,26.3,89,17.8,13.0,200,1004.6,9.5
2022-06-29,22.5,11.0,38.0,1.0,1.0,2.0,"Khindipada-Bhandup West, Mumbai",28.9,25.3,26.5,89,17.0,12.4,212,1003.5,16.4
2022-06-30,27.0,14.0,67.0,6.0,2.0,2.0,"Khindipada-Bhandup West, Mumbai",27.6,24.9,25.9,91,17.0,10.8,211,1003.3,24.5
2022-07-01,30.0,20.0,68.5,3.5,2.0,1.5,"Khindipada-Bhandup West, Mumbai",26.0,24.5,25.3,94,15.8,11.1,213,1004.1,47.0
2022-07-02,43.5,26.0,70.0,1.0,2.0,1.0,"Khindipada-Bhandup West, Mumbai",28.0,24.6,25.8,91,17.9,11.9,222,1002.6,20.7
2022-07-03,57.0,20.0,68.0,2.0,1.0,2.0,"Khindipada-Bhandup West, Mumbai",28.0,24.3,25.9,90,20.7,13.0,208,1002.4,21.2
2022-07-04,42.0,9.0,4.0,2.5,1.0,4.0,"Khindipada-Bhandup West, Mumbai",26.9,24.5,25.6,91,18.1,11.9,217,1002.3,26.9
2022-07-05,21.0,21.0,7.0,3.0,1.0,2.0,"Khindipada-Bhandup West, Mumbai",25.9,24.7,25.4,93,17.0,12.4,239,1001.0,44.2
2022-07-06,45.0,12.0,4.0,2.0,1.0,2.0,"Khindipada-Bhandup West, Mumbai",26.4,24.8,25.3,93,17.4,13.4,217,1002.3,32.9
2022-07-07,26.0,39.0,4.0,3.0,1.7857142857142858,2.0,"Khindipada-Bhandup West, Mumbai",26.6,24.6,25.7,92,17.4,13.1,242,1005.3,32.5
2022-07-08,75.0,37.0,4.333333333333333,3.333333333333333,1.7857142857142858,2.5,"Khindipada-Bhandup West, Mumbai",27.4,24.2,25.6,91,18.8,13.5,258,1004.8,23.1
2022-07-10,68.33333333333333,33.0,5.0,4.0,1.7857142857142858,3.5,"Khindipada-Bhandup West, Mumbai",25.5,23.5,24.4,93,17.6,9.9,268,1004.4,62.0
2022-07-11,65.0,30.666666666666668,5.0,3.625,1.7857142857142858,4.0,"Khindipada-Bhandup West, Mumbai",25.5,23.0,24.4,94,16.6,12.5,258,1005.8,69.1
2022-07-13,60.333333333333336,26.0,5.0,2.875,1.7857142857142858,5.0,"Khindipada-Bhandup West, Mumbai",25.6,24.0,24.7,93,26.7,17.1,258,1002.0,63.8
2022-07-14,58.0,24.5,5.0,2.5,1.7857142857142858,6.5,"Khindipada-Bhandup West, Mumbai",25.5,24.3,25.0,92,24.2,20.1,234,999.2,54.4
2022-07-15,55.5,23.0,5.0,2.0,1.7857142857142858,8.0,"Khindipada-Bhandup West, Mumbai",27.9,25.2,26.0,88,27.9,22.9,228,999.6,28.7
2022-07-16,53.0,24.0,4.5,2.0,1.7857142857142858,6.666666666666667,"Khindipada-Bhandup West, Mumbai",28.3,25.0,26.2,89,26.5,19.4,221,1000.9,23.4
2022-07-17,52.5,25.0,4.0,2.0,1.7857142857142858,5.333333333333334,"Khindipada-Bhandup West, Mumbai",29.0,25.0,26.6,86,20.5,14.2,231,1004.0,10.0
2022-07-18,52.0,24.0,9.0,1.0,1.7857142857142858,4.0,"Khindipada-Bhandup West, Mumbai",25.9,24.1,25.0,92,17.9,10.8,234,1005.1,24.7
2022-07-19,51.0,18.0,3.0,2.0,1.7857142857142858,6.0,"Khindipada-Bhandup West, Mumbai",26.2,23.5,25.1,92,17.2,10.9,239,1005.8,24.7
2022-07-20,39.0,19.33333333333333,3.333333333333333,2.333333333333333,1.7857142857142858,5.333333333333333,"Khindipada-Bhandup West, Mumbai",27.8,24.5,25.8,89,15.0,9.8,237,1006.6,12.5
2022-07-22,45.66666666666666,22.0,4.0,3.0,1.7857142857142858,4.0,"Khindipada-Bhandup West, Mumbai",29.2,24.8,26.5,85,17.8,9.4,263,1007.4,3.2
2022-07-23,49.0,17.0,4.0,2.0,1.7857142857142858,2.0,"Khindipada-Bhandup West, Mumbai",27.0,24.2,25.4,89,16.2,10.4,250,1005.7,18.6
2022-07-24,39.0,17.0,4.0,2.0,1.7857142857142858,2.0,"Khindipada-Bhandup West, Mumbai",26.4,24.4,25.1,92,16.4,10.3,234,1005.0,20.8
2022-07-25,40.0,16.0,4.0,2.0,1.7857142857142858,2.0,"Khindipada-Bhandup West, Mumbai",28.2,24.2,25.9,88,15.9,10.0,218,1006.4,10.0
2022-07-26,37.0,16.0,5.0,4.0,1.7857142857142858,3.0,"Khindipada-Bhandup West, Mumbai",28.0,24.7,26.0,89,14.1,8.4,218,1008.1,4.0
2022-07-27,37.0,33.0,4.0,4.0,1.7857142857142858,4.0,"Khindipada-Bhandup West, Mumbai",29.1,24.8,26.2,88,10.4,4.7,230,1008.0,10.3
2022-07-28,65.0,39.0,2.0,2.0,1.7857142857142858,2.0,"Khindipada-Bhandup West, Mumbai",29.6,24.0,26.7,88,14.4,6.3,300,1008.7,5.0
2022-07-29,73.0,25.0,4.0,1.0,1.7857142857142858,1.0,"Khindipada-Bhandup West, Mumbai",30.0,24.9,27.1,86,14.8,7.3,327,1008.2,2.2
2022-07-30,55.0,20.0,8.0,1.0,1.7857142857142858,1.0,"Khindipada-Bhandup West, Mumbai",30.1,25.0,27.3,84,15.6,7.7,304,1007.3,0.8
2022-07-31,44.0,21.0,3.0,2.0,1.7857142857142858,1.0,"Khindipada-Bhandup West, Mumbai",29.7,25.2,27.3,85,15.5,8.0,282,1005.8,2.1
2022-08-01,46.0,24.0,4.0,1.0,2.0,1.0,"Khindipada-Bhandup West, Mumbai",29.7,24.9,27.0,85,16.4,8.1,279,1006.0,2.2
2022-08-02,51.0,22.0,2.0,7.0,2.0,1.0,"Khindipada-Bhandup West, Mumbai",30.1,25.1,27.2,84,14.7,6.5,284,1005.0,2.5
2022-08-03,48.0,9.0,1.0,5.0,2.0,2.0,"Khindipada-Bhandup West, Mumbai",29.3,25.4,27.2,84,13.4,5.6,274,1004.0,5.3
2022-08-04,23.0,15.0,2.0,6.5,2.0,3.0,"Khindipada-Bhandup West, Mumbai",29.5,25.1,27.0,87,12.2,4.7,251,1003.0,12.2
2022-08-05,35.0,21.0,3.0,8.0,2.0,4.0,"Khindipada-Bhandup West, Mumbai",27.3,24.8,25.8,92,13.8,6.5,200,1001.6,26.0
2022-08-06,47.0,21.8,3.2,7.2,2.0,4.4,"Khindipada-Bhandup West, Mumbai",27.6,24.6,25.9,90,14.7,8.1,213,1000.4,25.7
2022-08-10,52.6,25.0,4.0,4.0,2.0,6.0,"Khindipada-Bhandup West, Mumbai",27.5,25.0,25.9,89,30.3,24.1,227,997.3,26.2
2022-08-11,54.0,22.2,3.8,3.4,2.0,6.4,"Khindipada-Bhandup West, Mumbai",27.9,25.1,26.1,88,29.6,24.7,222,998.8,23.7
2022-08-15,32.400000000000006,11.0,3.0,1.0,1.0,8.0,"Khindipada-Bhandup West, Mumbai",26.3,23.9,25.1,91,19.5,15.2,239,1006.1,26.9
2022-08-16,27.0,11.0,2.0,1.0,1.0,14.0,"Khindipada-Bhandup West, Mumbai",26.0,24.3,25.0,91,23.1,18.7,226,1005.3,50.5
2022-08-17,25.0,12.0,3.0,1.0,1.0,16.0,"Khindipada-Bhandup West, Mumbai",27.4,24.4,25.5,88,27.2,18.4,217,1006.5,19.2
2022-08-18,29.0,16.0,3.0,1.0,1.0,16.0,"Khindipada-Bhandup West, Mumbai",28.0,24.5,26.1,86,23.3,16.1,228,1007.0,10.6
2022-08-19,36.0,11.0,4.0,1.0,2.0,18.0,"Khindipada-Bhandup West, Mumbai",28.3,24.5,25.8,87,21.9,13.8,229,1007.4,12.0
2022-08-20,26.0,13.0,4.0,1.0,3.0,17.0,"Khindipada-Bhandup West, Mumbai",28.2,24.8,26.1,87,19.6,12.2,249,1007.2,7.5
2022-08-21,31.0,16.0,4.0,1.0,1.0,17.0,"Khindipada-Bhandup West, Mumbai",28.1,24.5,26.0,86,18.8,12.8,257,1006.1,5.1
2022-08-22,37.0,11.0,4.0,1.0,1.5,17.0,"Khindipada-Bhandup West, Mumbai",27.1,24.5,25.8,88,18.4,14.0,260,1004.9,7.5
2022-08-23,27.0,12.0,3.0,1.0,2.0,17.0,"Khindipada-Bhandup West, Mumbai",27.5,24.6,25.7,88,20.1,14.8,244,1005.0,6.4
2022-08-24,29.0,18.0,4.0,1.0,2.0,11.0,"Khindipada-Bhandup West, Mumbai",27.8,24.2,25.8,87,18.7,13.2,237,1007.6,9.6
2022-08-25,40.0,20.0,3.0,1.0,2.0,9.0,"Khindipada-Bhandup West, Mumbai",28.0,24.3,25.6,88,15.0,9.0,223,1007.5,6.2
2022-08-26,44.0,36.0,4.0,1.0,1.9833333333333332,5.0,"Khindipada-Bhandup West, Mumbai",28.7,23.9,26.0,86,14.1,7.4,235,1007.5,1.5
2022-08-27,70.0,25.0,3.0,1.5,1.9666666666666663,5.0,"Khindipada-Bhandup West, Mumbai",28.7,24.4,26.2,84,15.6,7.2,266,1007.8,2.2
2022-08-28,53.0,44.0,7.0,2.0,1.95,9.0,"Khindipada-Bhandup West, Mumbai",28.8,23.5,26.1,86,15.8,6.8,288,1007.4,1.0
2022-08-29,84.0,57.0,3.0,2.0,2.0,10.0,"Khindipada-Bhandup West, Mumbai",29.2,24.1,26.5,85,15.3,6.2,307,1008.5,2.0
2022-08-30,110.0,51.0,6.0,2.0,2.0,11.0,"Khindipada-Bhandup West, Mumbai",30.4,24.0,26.9,85,16.8,7.8,328,1008.5,1.1
2022-08-31,91.0,22.0,14.0,1.0,2.0,12.0,"Khindipada-Bhandup West, Mumbai",30.6,24.9,27.3,88,14.8,6.2,318,1006.9,14.6
2022-09-01,46.0,45.0,14.0,2.0,2.0,14.0,"Khindipada-Bhandup West, Mumbai",29.8,24.3,26.5,88,14.6,5.0,351,1006.9,12.6
2022-09-02,86.0,35.0,23.0,2.0,2.0,12.0,"Khindipada-Bhandup West, Mumbai",31.9,24.6,27.5,86,10.9,4.5,6,1007.1,16.2
2022-09-03,69.0,22.0,7.0,2.0,2.0,13.0,"Khindipada-Bhandup West, Mumbai",31.0,24.6,27.4,87,14.0,6.9,219,1007.4,3.3
2022-09-04,47.0,16.0,3.0,1.0,2.0,12.0,"Khindipada-Bhandup West, Mumbai",29.5,25.5,26.7,89,12.5,6.5,249,1007.7,11.0
2022-09-05,37.0,18.0,2.0,1.0,2.0,12.0,"Khindipada-Bhandup West, Mumbai",29.7,25.6,27.2,85,14.0,6.4,293,1007.6,2.0
2022-09-06,39.0,32.0,5.0,1.0,2.0,13.0,"Khindipada-Bhandup West, Mumbai",30.0,25.2,26.9,85,11.5,4.5,316,1007.1,8.2
2022-09-07,63.0,12.0,18.0,2.0,2.0,16.0,"Khindipada-Bhandup West, Mumbai",31.2,24.7,26.8,89,11.7,5.9,2,1006.8,11.4
2022-09-08,27.0,16.0,15.0,2.0,2.0,15.0,"Khindipada-Bhandup West, Mumbai",29.4,24.2,26.5,91,11.0,5.7,345,1005.5,25.1
2022-09-09,34.0,22.0,8.0,1.0,2.0,16.0,"Khindipada-Bhandup West, Mumbai",30.4,24.8,27.0,88,10.2,4.6,178,1004.4,20.1
2022-09-10,45.0,24.0,10.0,2.0,2.0,18.0,"Khindipada-Bhandup West, Mumbai",30.4,24.5,26.6,90,10.7,4.7,183,1004.5,15.6
2022-09-11,50.0,10.0,17.0,2.0,2.0,17.0,"Khindipada-Bhandup West, Mumbai",29.9,24.2,26.4,90,9.3,4.6,340,1002.2,20.8
2022-09-12,23.0,5.0,7.0,2.0,2.0,17.0,"Khindipada-Bhandup West, Mumbai",29.5,24.4,26.0,91,15.5,6.2,207,1001.0,23.1
2022-09-13,10.0,7.0,7.0,2.0,2.0,15.0,"Khindipada-Bhandup West, Mumbai",26.5,24.6,25.6,93,18.5,11.7,233,1002.9,29.2
2022-09-14,16.0,9.0,22.0,2.0,2.0,12.0,"Khindipada-Bhandup West, Mumbai",27.5,24.9,25.7,90,23.2,16.8,223,1005.9,35.5
2022-09-15,20.0,8.0,10.0,2.0,2.0,12.0,"Khindipada-Bhandup West, Mumbai",27.6,24.8,25.7,91,25.6,18.4,230,1007.3,24.1
2022-09-16,17.0,8.0,6.0,1.0,2.0,22.0,"Khindipada-Bhandup West, Mumbai",26.0,24.1,25.1,93,20.9,14.4,244,1006.3,53.4
2022-09-17,18.0,7.0,5.0,2.0,2.0,24.0,"Khindipada-Bhandup West, Mumbai",27.6,23.6,24.9,91,17.1,9.9,205,1006.8,45.3
2022-09-18,15.0,15.0,8.0,1.0,2.0,20.0,"Khindipada-Bhandup West, Mumbai",25.9,23.6,24.6,93,13.3,7.7,235,1008.6,49.0
2022-09-19,34.0,21.0,9.5,1.0,2.0,12.0,"Khindipada-Bhandup West, Mumbai",28.0,23.1,25.4,86,16.8,7.1,251,1009.1,1.8
2022-09-20,47.0,19.0,11.0,1.0,2.0,5.0,"Khindipada-Bhandup West, Mumbai",26.2,23.1,24.5,91,10.8,5.1,245,1008.9,7.2
2022-09-21,41.0,18.0,4.0,1.0,2.0,3.0,"Khindipada-Bhandup West, Mumbai",27.2,23.5,24.8,91,14.1,5.7,249,1008.8,6.5
2022-09-22,40.0,30.0,4.0,1.0,2.0,4.0,"Khindipada-Bhandup West, Mumbai",25.2,23.5,24.3,93,13.4,6.0,217,1009.2,13.3
2022-09-23,59.0,16.0,4.0,1.0,2.0,5.0,"Khindipada-Bhandup West, Mumbai",28.2,23.2,25.4,86,17.3,9.8,200,1009.1,2.8
2022-09-24,34.0,15.0,4.0,1.0,2.0,5.0,"Khindipada-Bhandup West, Mumbai",27.5,23.6,25.3,88,14.8,9.5,199,1008.5,3.1
2022-09-25,33.0,30.0,18.0,1.0,2.0,8.0,"Khindipada-Bhandup West, Mumbai",28.8,23.6,25.6,87,10.9,6.4,215,1008.3,2.8
2022-09-26,58.0,49.0,44.0,1.0,2.0,15.0,"Khindipada-Bhandup West, Mumbai",28.7,23.2,25.5,87,13.1,5.6,270,1010.0,3.2
2022-09-27,86.0,29.0,42.77777777777778,1.0,2.0,10.0,"Khindipada-Bhandup West, Mumbai",29.1,23.2,25.6,88,13.4,5.4,282,1008.8,2.2
2022-09-28,58.0,26.0,41.55555555555556,1.0,2.0,5.0,"Khindipada-Bhandup West, Mumbai",28.6,23.6,25.8,88,13.6,5.6,280,1007.8,2.9
2022-09-29,55.0,44.0,40.333333333333336,1.0,2.0,5.0,"Khindipada-Bhandup West, Mumbai",28.9,23.2,25.8,88,13.7,5.0,336,1007.7,2.8
2022-09-30,87.0,39.0,7.0,5.0,2.0,6.0,"Khindipada-Bhandup West, Mumbai",30.0,23.5,26.3,89,12.3,5.5,335,1008.2,1.7
2022-10-01,72.0,17.0,18.0,4.0,3.0,6.0,"Khindipada-Bhandup West, Mumbai",28.8,23.1,25.7,90,11.9,5.8,310,1008.9,5.8
2022-10-02,38.0,29.0,18.0,5.0,3.0,3.0,"Khindipada-Bhandup West, Mumbai",29.4,23.4,25.9,88,14.7,6.2,329,1009.0,0.5
2022-10-03,60.0,45.0,18.0,5.0,3.0,4.0,"Khindipada-Bhandup West, Mumbai",29.2,23.1,25.9,87,15.8,7.7,331,1009.4,0.0
2022-10-04,86.0,40.0,18.0,5.0,3.0,8.0,"Khindipada-Bhandup West, Mumbai",30.3,23.4,26.4,86,15.3,7.4,340,1009.3,1.3
2022-10-05,77.0,25.0,18.0,5.0,3.0,7.0,"Khindipada-Bhandup West, Mumbai",30.6,23.1,26.5,89,14.0,6.0,6,1008.1,2.5
2022-10-06,52.0,27.0,18.0,5.0,3.0,9.0,"Khindipada-Bhandup West, Mumbai",30.3,23.6,26.7,88,16.2,7.1,305,1006.4,4.2
2022-10-07,57.0,11.0,18.0,5.0,3.0,7.0,"Khindipada-Bhandup West, Mumbai",27.2,23.5,25.3,90,14.4,6.9,268,1005.3,28.3
2022-10-08,25.0,15.0,18.0,1.0,3.0,7.0,"Khindipada-Bhandup West, Mumbai",27.4,24.1,25.3,89,14.3,8.7,217,1007.5,34.5
2022-10-09,34.0,33.0,18.0,1.0,3.0,7.0,"Khindipada-Bhandup West, Mumbai",29.1,24.0,26.4,87,11.8,7.5,205,1009.1,0.5
2022-10-10,68.0,32.0,18.0,5.0,3.0,8.0,"Khindipada-Bhandup West, Mumbai",30.9,23.3,26.4,87,12.5,5.3,353,1009.9,0.5
2022-10-11,63.0,33.0,18.0,1.0,3.0,8.0,"Khindipada-Bhandup West, Mumbai",30.7,24.1,26.5,88,10.6,4.8,23,1008.9,10.6
2022-10-12,64.0,41.0,18.0,5.0,3.0,9.0,"Khindipada-Bhandup West, Mumbai",29.4,23.5,25.6,90,10.0,4.3,27,1009.5,17.8
2022-10-13,60.0,31.0,18.0,5.0,3.0,8.0,"Khindipada-Bhandup West, Mumbai",30.8,23.2,26.3,89,8.8,4.1,49,1009.5,4.3
2022-10-14,55.0,31.0,18.0,5.0,3.0,6.0,"Khindipada-Bhandup West, Mumbai",31.0,23.8,26.1,88,11.5,4.7,77,1009.5,29.1
2022-10-15,54.0,41.0,18.0,5.0,3.0,1.0,"Khindipada-Bhandup West, Mumbai",32.5,23.1,27.3,73,13.0,7.3,32,1008.4,0.2
2022-10-16,65.0,42.25,18.0,5.0,3.0,1.0,"Khindipada-Bhandup West, Mumbai",32.8,23.8,27.6,64,11.5,9.3,42,1009.4,0.0
2022-10-23,86.875,51.0,11.0,5.0,3.0,1.0,"Khindipada-Bhandup West, Mumbai",32.2,21.5,25.7,65,8.7,7.6,33,1013.1,0.0
2022-10-24,90.0,111.0,28.0,5.0,1.0,3.0,"Khindipada-Bhandup West, Mumbai",31.8,19.0,24.8,70,12.6,6.6,2,1011.3,0.0
2022-10-25,163.0,67.0,24.0,5.0,1.3333333333333333,2.0,"Khindipada-Bhandup West, Mumbai",31.0,19.6,24.6,78,12.4,6.8,2,1011.4,0.0
2022-10-26,121.0,82.0,16.0,5.0,1.6666666666666663,2.0,"Khindipada-Bhandup West, Mumbai",32.0,19.5,24.9,69,13.2,7.3,12,1012.7,0.0
2022-10-27,144.0,92.0,23.0,5.0,2.0,2.0,"Khindipada-Bhandup West, Mumbai",31.8,19.5,24.9,68,14.3,7.1,26,1012.5,0.0
2022-10-28,156.0,80.0,23.0,4.0,6.0,8.0,"Khindipada-Bhandup West, Mumbai",31.1,19.5,24.8,67,9.8,7.3,38,1012.0,0.0
2022-10-29,142.0,62.0,25.0,4.0,6.0,7.571428571428571,"Khindipada-Bhandup West, Mumbai",32.2,19.1,24.9,61,12.4,7.4,57,1011.9,0.0
2022-10-30,108.0,85.0,37.0,5.0,6.0,7.142857142857143,"Khindipada-Bhandup West, Mumbai",32.4,19.3,25.0,57,13.4,9.1,31,1012.1,0.0
2022-10-31,142.0,89.0,27.0,5.0,6.0,6.714285714285714,"Khindipada-Bhandup West, Mumbai",32.0,19.0,24.7,63,15.2,8.4,39,1011.7,0.0
2022-11-01,145.0,87.0,37.0,5.0,6.0,6.0,"Khindipada-Bhandup West, Mumbai",31.9,19.6,24.6,58,11.4,8.8,41,1012.4,0.0
2022-11-02,139.0,85.0,32.0,5.0,6.0,6.0,"Khindipada-Bhandup West, Mumbai",32.7,19.8,25.3,62,13.5,9.0,26,1011.7,0.0
2022-11-03,145.0,84.0,21.0,5.0,6.0,6.0,"Khindipada-Bhandup West, Mumbai",34.0,19.1,25.5,55,12.7,9.8,39,1011.4,0.0
2022-11-04,139.0,73.0,21.0,5.0,5.0,5.0,"Khindipada-Bhandup West, Mumbai",34.3,19.5,25.9,55,13.1,9.5,38,1012.1,0.0
2022-11-05,120.0,81.5,23.5,5.0,5.0,7.0,"Khindipada-Bhandup West, Mumbai",34.9,20.0,26.3,51,12.6,8.1,34,1013.1,0.0
2022-11-06,134.5,90.0,26.0,5.0,5.0,9.0,"Khindipada-Bhandup West, Mumbai",34.7,19.4,25.8,56,12.9,8.4,23,1013.5,0.0
2022-11-07,149.0,69.0,27.0,5.0,6.0,8.703703703703704,"Khindipada-Bhandup West, Mumbai",33.5,17.8,24.9,62,11.7,7.2,19,1013.3,0.0
2022-11-08,124.0,89.0,30.0,5.0,6.0,8.407407407407408,"Khindipada-Bhandup West, Mumbai",33.8,19.4,25.8,60,12.1,7.1,13,1012.9,0.0
2022-11-09,148.0,88.0,28.0,5.0,6.0,8.11111111111111,"Khindipada-Bhandup West, Mumbai",34.0,20.1,26.3,55,14.5,7.5,8,1012.8,0.0
2022-11-10,149.0,89.0,24.0,5.0,5.0,6.0,"Khindipada-Bhandup West, Mumbai",33.9,20.1,25.9,57,15.0,9.6,33,1013.1,0.0
2022-11-11,148.0,91.0,34.0,5.0,5.0,6.0,"Khindipada-Bhandup West, Mumbai",34.0,19.9,26.5,50,18.6,10.8,46,1013.3,0.0
2022-11-12,147.0,77.0,37.0,5.0,6.0,6.0,"Khindipada-Bhandup West, Mumbai",34.2,20.9,26.6,52,15.2,10.3,33,1013.0,0.0
2022-11-13,133.0,115.0,48.0,5.0,5.0,6.0,"Khindipada-Bhandup West, Mumbai",33.7,20.9,26.4,55,14.9,9.2,25,1012.0,0.0
2022-11-14,171.0,115.0,43.0,5.0,5.0,6.0,"Khindipada-Bhandup West, Mumbai",34.2,20.5,26.3,63,14.6,8.2,11,1012.2,0.0
2022-11-15,170.0,106.0,34.0,5.0,5.0,6.0,"Khindipada-Bhandup West, Mumbai",33.5,19.5,26.2,67,13.4,7.0,352,1012.7,0.0
2022-11-16,159.0,110.0,33.0,5.0,5.0,6.0,"Khindipada-Bhandup West, Mumbai",33.7,20.3,26.2,58,13.3,8.7,6,1012.0,0.0
2022-11-17,165.0,84.0,27.0,5.0,5.0,6.0,"Khindipada-Bhandup West, Mumbai",33.3,20.4,25.9,54,15.8,10.4,24,1011.9,0.0
2022-11-18,142.0,80.0,29.0,5.0,6.0,6.0,"Khindipada-Bhandup West, Mumbai",32.7,20.5,25.5,44,14.3,10.7,30,1012.3,0.0
2022-11-19,134.0,74.0,38.0,4.0,6.0,6.0,"Khindipada-Bhandup West, Mumbai",32.0,19.3,24.9,44,13.6,10.2,31,1012.3,0.0
2022-11-20,130.0,101.0,37.0,5.0,6.0,6.0,"Khindipada-Bhandup West, Mumbai",31.1,18.2,23.8,48,13.7,10.4,35,1011.4,0.0
2022-11-21,150.0,108.0,42.0,4.0,6.0,6.0,"Khindipada-Bhandup West, Mumbai",31.0,17.0,23.2,50,14.2,9.4,19,1011.2,0.0
2022-11-22,167.0,106.0,36.0,5.0,6.0,6.0,"Khindipada-Bhandup West, Mumbai",32.5,17.5,24.0,53,13.2,9.1,12,1011.0,0.0
2022-11-23,161.0,107.0,38.0,5.0,5.0,6.0,"Khindipada-Bhandup West, Mumbai",33.5,20.9,25.9,49,15.5,9.7,9,1011.1,0.0
2022-11-24,164.0,120.0,40.0,5.0,5.0,6.0,"Khindipada-Bhandup West, Mumbai",33.7,20.0,25.8,53,14.3,8.2,6,1010.8,0.0
2022-11-25,176.0,126.0,38.0,5.0,5.0,6.0,"Khindipada-Bhandup West, Mumbai",34.0,19.7,26.5,59,12.4,7.3,1,1011.2,0.0
2022-11-26,177.0,118.0,39.0,5.0,5.0,6.0,"Khindipada-Bhandup West, Mumbai",33.9,21.6,26.9,63,12.9,7.3,359,1010.4,0.0
2022-11-27,176.0,99.0,26.0,5.0,5.0,6.0,"Khindipada-Bhandup West, Mumbai",33.2,21.0,26.5,65,13.6,6.9,331,1008.6,0.0
2022-11-28,155.0,76.0,54.0,5.0,6.0,6.0,"Khindipada-Bhandup West, Mumbai",32.2,19.6,25.0,63,13.4,7.4,332,1009.6,0.0
2022-11-29,123.0,120.0,46.0,5.0,6.0,6.0,"Khindipada-Bhandup West, Mumbai",32.5,18.0,24.7,66,11.6,6.7,333,1010.5,0.0
2022-11-30,169.0,231.0,38.0,5.0,6.0,6.0,"Khindipada-Bhandup West, Mumbai",34.0,19.5,26.2,62,13.0,7.0,13,1011.1,0.0
2022-12-01,221.0,145.0,68.0,5.0,5.0,6.0,"Khindipada-Bhandup West, Mumbai",33.8,19.5,25.8,58,12.5,7.4,27,1011.1,0.0
2022-12-02,190.0,120.0,32.0,3.0,5.0,6.0,"Khindipada-Bhandup West, Mumbai",33.8,17.5,24.9,57,12.0,8.1,13,1010.5,0.0
2022-12-03,171.0,104.0,28.0,5.0,5.0,1.0,"Khindipada-Bhandup West, Mumbai",33.6,18.8,25.5,57,15.1,8.0,1,1010.6,0.0
2022-12-04,162.0,163.0,30.0,5.0,5.0,5.0,"Khindipada-Bhandup West, Mumbai",34.5,20.8,26.9,61,12.2,7.4,353,1011.2,0.0
2022-12-05,199.0,134.0,37.0,5.0,6.0,2.0,"Khindipada-Bhandup West, Mumbai",33.8,21.9,27.2,65,12.1,7.5,349,1012.1,0.2
2022-12-06,182.0,157.0,26.0,7.0,5.0,4.0,"Khindipada-Bhandup West, Mumbai",34.3,22.5,27.4,65,16.3,8.7,346,1011.8,0.0
2022-12-07,195.0,123.0,23.0,7.0,5.0,1.0,"Khindipada-Bhandup West, Mumbai",34.2,21.4,26.9,62,17.5,8.9,350,1011.2,0.0
2022-12-08,174.0,102.0,22.0,8.0,5.0,1.0,"Khindipada-Bhandup West, Mumbai",33.1,20.4,26.1,60,17.4,9.7,360,1011.0,0.0
2022-12-09,158.0,109.0,28.0,9.0,4.0,1.0,"Khindipada-Bhandup West, Mumbai",31.9,18.6,24.5,46,16.6,9.3,11,1009.6,0.0
2022-12-10,163.0,93.0,32.0,8.0,4.0,1.0,"Khindipada-Bhandup West, Mumbai",33.5,16.2,23.6,53,13.4,8.5,12,1009.2,0.0
2022-12-11,155.0,98.0,26.0,10.0,5.0,1.0,"Khindipada-Bhandup West, Mumbai",33.1,17.8,24.7,55,15.8,8.4,0,1009.8,0.0
2022-12-12,152.0,87.0,18.0,10.0,4.0,2.0,"Khindipada-Bhandup West, Mumbai",33.6,21.2,27.1,58,15.3,7.1,19,1009.3,0.0
2022-12-13,150.0,58.0,22.0,8.0,6.0,1.0,"Khindipada-Bhandup West, Mumbai",33.8,23.4,27.9,66,11.1,6.9,53,1009.8,0.0
2022-12-14,101.0,56.0,28.0,10.0,6.0,1.0,"Khindipada-Bhandup West, Mumbai",33.5,24.9,28.1,65,9.5,7.0,57,1010.9,0.0
2022-12-15,101.0,69.0,35.0,11.0,7.0,2.0,"Khindipada-Bhandup West, Mumbai",33.6,23.8,27.5,69,12.1,7.8,16,1010.8,0.0
2022-12-16,120.0,116.0,34.0,11.0,6.0,6.0,"Khindipada-Bhandup West, Mumbai",35.0,22.6,27.7,66,13.5,7.4,0,1010.4,0.0
2022-12-17,170.0,80.0,32.0,10.0,5.0,9.0,"Khindipada-Bhandup West, Mumbai",35.0,23.0,28.0,64,13.6,8.5,11,1011.1,0.0
2022-12-18,135.0,90.0,29.0,11.0,5.0,6.0,"Khindipada-Bhandup West, Mumbai",35.0,24.1,28.3,58,17.9,10.0,9,1010.8,0.0
2022-12-19,151.0,90.0,27.0,11.0,6.0,5.0,"Khindipada-Bhandup West, Mumbai",33.5,22.9,27.2,54,15.0,9.2,9,1009.9,0.0
2022-12-20,146.0,103.0,37.0,10.0,6.0,6.0,"Khindipada-Bhandup West, Mumbai",32.8,20.2,26.2,51,14.3,9.0,350,1009.5,0.0
2022-12-21,161.0,105.0,41.0,10.0,7.0,6.0,"Khindipada-Bhandup West, Mumbai",33.7,19.0,25.5,57,13.9,7.7,354,1010.1,0.0
2022-12-22,164.0,110.0,33.0,10.0,7.0,5.0,"Khindipada-Bhandup West, Mumbai",33.7,18.5,25.1,63,13.6,7.6,344,1010.1,0.0
2022-12-23,169.0,105.0,26.0,11.0,6.0,3.0,"Khindipada-Bhandup West, Mumbai",31.8,18.1,24.0,61,16.3,9.4,328,1010.9,0.0
2022-12-24,159.0,87.0,39.0,10.0,6.0,4.0,"Khindipada-Bhandup West, Mumbai",30.4,15.6,22.0,51,14.3,9.8,342,1011.9,0.0
2022-12-25,150.0,96.0,43.0,10.0,7.0,5.0,"Khindipada-Bhandup West, Mumbai",29.5,15.9,21.2,66,11.2,5.8,333,1012.1,0.0
2022-12-26,150.0,106.0,39.0,6.0,6.0,5.0,"Khindipada-Bhandup West, Mumbai",30.3,14.2,21.5,71,12.5,7.4,341,1013.1,0.0
2022-12-27,167.0,103.0,28.0,1.0,5.0,3.0,"Khindipada-Bhandup West, Mumbai",32.2,15.7,23.2,66,13.4,8.4,345,1013.9,0.0
2022-12-28,161.0,106.0,22.0,1.0,6.0,7.0,"Khindipada-Bhandup West, Mumbai",33.1,16.5,23.9,64,15.1,8.7,344,1014.8,0.0
2022-12-29,160.0,108.0,37.0,7.0,7.0,12.0,"Khindipada-Bhandup West, Mumbai",33.4,17.0,24.2,63,14.7,8.3,336,1015.9,0.0
2022-12-30,166.0,81.0,24.0,13.0,5.0,7.0,"Khindipada-Bhandup West, Mumbai",33.3,16.8,24.1,64,14.8,8.1,340,1016.9,0.0
2022-12-31,144.0,70.0,37.0,10.0,5.0,6.0,"Khindipada-Bhandup West, Mumbai",31.6,16.8,23.4,62,17.1,10.0,338,1016.5,0.0
2023-01-01,128.0,112.0,29.0,14.0,5.0,8.0,"Khindipada-Bhandup West, Mumbai",29.5,16.0,21.7,66,14.1,8.5,335,1016.1,0.0
2023-01-02,167.0,104.0,35.0,15.0,5.0,9.0,"Khindipada-Bhandup West, Mumbai",31.9,14.2,22.7,65,13.0,8.8,353,1015.2,0.0
2023-01-03,164.0,106.0,36.0,16.0,5.0,10.0,"Khindipada-Bhandup West, Mumbai",31.8,15.3,22.6,66,15.8,9.3,346,1015.0,0.0
2023-01-04,167.0,122.0,37.0,16.0,6.0,12.0,"Khindipada-Bhandup West, Mumbai",31.0,15.7,22.6,67,14.2,8.0,341,1013.8,0.0
2023-01-05,177.0,128.0,31.0,13.0,4.0,12.0,"Khindipada-Bhandup West, Mumbai",32.5,18.4,24.3,68,15.5,7.4,344,1014.4,0.0
2023-01-06,181.0,114.0,25.0,12.0,4.0,12.0,"Khindipada-Bhandup West, Mumbai",33.5,19.2,25.7,63,14.0,8.9,19,1015.9,0.0
2023-01-07,169.0,88.0,25.0,7.0,5.0,9.0,"Khindipada-Bhandup West, Mumbai",33.3,21.8,26.5,60,12.9,9.3,27,1015.9,0.0
2023-01-08,152.0,90.0,23.0,7.0,5.0,5.0,"Khindipada-Bhandup West, Mumbai",32.8,20.6,25.6,55,16.9,10.1,3,1014.9,0.0
2023-01-09,141.0,97.0,30.0,14.0,5.0,7.0,"Khindipada-Bhandup West, Mumbai",32.2,18.1,24.3,46,17.8,9.9,0,1016.0,0.0
2023-01-10,157.0,117.0,37.0,17.0,5.0,9.0,"Khindipada-Bhandup West, Mumbai",33.0,16.5,23.6,45,15.3,9.0,11,1015.4,0.0
2023-01-11,169.0,92.0,22.0,12.0,4.0,7.0,"Khindipada-Bhandup West, Mumbai",32.0,14.8,22.4,57,13.2,7.9,345,1013.6,0.0
2023-01-12,149.0,106.0,15.0,41.0,5.0,6.0,"Khindipada-Bhandup West, Mumbai",30.2,14.4,21.8,68,16.2,9.5,330,1013.0,0.0
2023-01-13,151.0,115.0,27.0,45.0,5.0,6.0,"Khindipada-Bhandup West, Mumbai",28.0,17.1,21.6,75,18.7,9.4,342,1014.0,0.0
2023-01-14,175.0,99.0,28.0,59.0,5.0,9.0,"Khindipada-Bhandup West, Mumbai",28.1,13.8,20.0,65,16.7,9.6,337,1013.9,0.0
2023-01-15,164.0,122.0,30.0,35.5,5.0,10.0,"Khindipada-Bhandup West, Mumbai",28.2,12.5,20.2,65,15.4,8.7,335,1012.2,0.0
2023-01-16,178.0,122.0,33.0,12.0,6.0,13.0,"Khindipada-Bhandup West, Mumbai",28.3,13.2,20.3,72,11.0,7.2,326,1012.4,0.0
2023-01-17,178.0,166.0,43.0,11.0,7.0,13.0,"Khindipada-Bhandup West, Mumbai",29.9,13.7,21.0,70,12.5,6.8,323,1012.8,0.0
2023-01-18,203.0,118.0,28.0,11.0,5.0,12.0,"Khindipada-Bhandup West, Mumbai",32.2,14.4,22.0,69,11.9,6.8,333,1013.6,0.0
2023-01-19,174.0,118.0,21.0,12.0,5.0,10.0,"Khindipada-Bhandup West, Mumbai",31.2,13.4,21.9,71,11.0,5.9,320,1013.6,0.0
2023-01-20,169.0,101.0,26.0,10.0,6.0,9.0,"Khindipada-Bhandup West, Mumbai",30.0,14.9,21.3,70,13.7,7.7,325,1013.6,0.0
2023-01-21,151.0,91.0,25.0,6.0,5.0,6.0,"Khindipada-Bhandup West, Mumbai",30.0,15.6,21.7,67,15.8,8.3,323,1013.8,0.0
2023-01-22,152.0,106.0,23.0,7.0,5.0,6.0,"Khindipada-Bhandup West, Mumbai",29.2,15.2,21.1,58,19.2,10.4,338,1013.2,0.0
2023-01-23,164.0,118.0,28.0,6.0,5.0,6.0,"Khindipada-Bhandup West, Mumbai",27.9,14.1,20.6,55,19.4,10.6,327,1012.6,0.0
2023-01-24,169.0,132.0,32.0,5.0,6.0,6.0,"Khindipada-Bhandup West, Mumbai",27.6,14.5,20.2,56,20.2,10.9,331,1012.9,0.0
2023-01-25,183.0,113.0,37.0,7.0,6.0,9.0,"Khindipada-Bhandup West, Mumbai",28.9,14.6,20.8,53,21.1,12.1,337,1012.8,0.0
2023-01-26,170.0,113.0,34.0,9.0,5.0,10.0,"Khindipada-Bhandup West, Mumbai",30.3,16.2,22.9,54,17.9,10.5,336,1012.2,0.0
2023-01-27,170.0,102.0,22.0,13.0,6.0,12.0,"Khindipada-Bhandup West, Mumbai",35.5,20.0,26.0,60,16.9,9.9,358,1011.2,0.0
2023-01-28,157.0,98.0,22.0,9.0,6.0,12.0,"Khindipada-Bhandup West, Mumbai",34.0,18.2,24.9,69,16.4,8.1,210,1010.4,0.0
2023-01-29,161.0,138.0,26.0,6.0,7.0,10.0,"Khindipada-Bhandup West, Mumbai",27.8,20.7,23.4,86,16.2,7.7,255,1010.2,2.1
2023-01-30,181.0,198.0,32.0,8.0,4.0,10.0,"Khindipada-Bhandup West, Mumbai",30.9,18.6,23.6,75,18.9,10.2,335,1012.8,0.0
2023-01-31,215.0,190.0,29.0,8.0,4.0,9.0,"Khindipada-Bhandup West, Mumbai",33.1,20.9,26.0,57,18.4,11.9,350,1012.5,0.0
2023-02-01,204.0,124.0,33.0,3.0,4.0,10.0,"Khindipada-Bhandup West, Mumbai",34.5,23.0,27.7,47,16.8,11.0,42,1011.9,0.0
2023-02-02,171.0,121.0,45.0,7.0,5.0,9.0,"Khindipada-Bhandup West, Mumbai",35.2,22.9,27.7,47,16.3,12.5,25,1012.1,0.0
2023-02-03,167.0,151.0,45.0,24.0,4.0,11.0,"Khindipada-Bhandup West, Mumbai",34.7,20.4,26.3,47,17.4,9.2,359,1012.7,0.0
2023-02-04,188.0,107.0,46.0,19.0,5.0,11.0,"Khindipada-Bhandup West, Mumbai",34.7,17.3,25.4,49,16.8,9.4,349,1011.6,0.0
2023-02-05,163.0,125.0,62.0,16.0,5.0,11.0,"Khindipada-Bhandup West, Mumbai",34.0,16.5,24.8,55,12.6,7.5,331,1010.8,0.0
2023-02-06,166.0,130.0,34.0,23.0,4.0,9.0,"Khindipada-Bhandup West, Mumbai",32.5,16.5,24.2,59,16.8,9.8,327,1011.5,0.0
2023-02-07,173.0,141.0,45.0,24.0,5.0,11.0,"Khindipada-Bhandup West, Mumbai",34.0,16.4,24.2,58,19.4,11.1,346,1011.2,0.0
2023-02-08,186.0,125.0,13.0,10.0,5.0,13.0,"Khindipada-Bhandup West, Mumbai",35.2,16.0,25.2,52,16.6,9.9,352,1011.2,0.0
2023-02-09,178.0,127.0,57.0,8.0,3.0,11.0,"Khindipada-Bhandup West, Mumbai",37.1,18.2,26.5,44,16.6,9.5,352,1011.4,0.0
2023-02-10,178.0,97.0,43.0,6.0,4.0,7.0,"Khindipada-Bhandup West, Mumbai",35.3,17.0,25.0,49,17.3,10.0,331,1013.0,0.0
2023-02-11,153.0,81.0,40.0,5.0,4.0,8.0,"Khindipada-Bhandup West, Mumbai",35.5,15.3,24.8,44,18.4,10.6,339,1013.8,0.0
2023-02-12,142.0,112.0,37.0,4.0,4.0,8.0,"Khindipada-Bhandup West, Mumbai",36.6,15.4,26.1,40,17.6,10.4,8,1013.6,0.0
2023-02-13,156.0,116.0,45.0,6.0,4.0,10.0,"Khindipada-Bhandup West, Mumbai",36.8,21.6,27.8,33,19.5,12.3,10,1013.4,0.0
2023-02-14,172.0,147.0,48.0,7.0,4.0,11.0,"Khindipada-Bhandup West, Mumbai",36.2,19.1,26.2,35,17.6,10.0,5,1013.3,0.0
2023-02-15,189.0,127.0,35.0,8.0,4.0,10.0,"Khindipada-Bhandup West, Mumbai",36.8,17.0,26.0,37,18.9,10.0,358,1011.6,0.0
2023-02-16,177.0,127.0,43.0,7.0,5.0,9.0,"Khindipada-Bhandup West, Mumbai",38.5,20.1,28.0,30,23.1,11.6,13,1011.9,0.0
2023-02-17,175.0,101.0,42.0,5.0,3.0,12.0,"Khindipada-Bhandup West, Mumbai",38.5,20.5,28.4,30,20.7,12.1,6,1012.3,0.0
2023-02-18,162.0,89.0,47.0,6.0,4.0,11.0,"Khindipada-Bhandup West, Mumbai",38.3,19.4,28.0,30,19.8,11.7,11,1011.9,0.0
2023-02-19,155.0,109.0,59.0,10.0,4.0,14.0,"Khindipada-Bhandup West, Mumbai",38.5,18.9,27.0,36,15.8,9.0,17,1011.8,0.0
2023-02-20,169.0,114.0,44.0,7.0,5.0,12.0,"Khindipada-Bhandup West, Mumbai",34.9,18.1,25.9,56,15.0,7.0,260,1012.3,0.0
2023-02-21,173.0,82.0,36.0,5.0,5.0,10.0,"Khindipada-Bhandup West, Mumbai",35.5,17.3,25.9,56,18.8,10.0,327,1012.9,0.0
2023-02-22,144.0,140.0,45.0,7.0,5.0,12.0,"Khindipada-Bhandup West, Mumbai",33.7,17.4,25.0,58,18.7,10.5,329,1012.6,0.0
2023-02-23,186.0,143.0,47.0,7.0,5.0,12.0,"Khindipada-Bhandup West, Mumbai",37.3,16.0,26.1,42,17.6,9.9,335,1011.5,0.0
2023-02-24,186.0,239.0,38.0,9.0,4.0,11.0,"Khindipada-Bhandup West, Mumbai",38.2,17.0,27.4,36,18.2,10.2,338,1012.4,0.0
2023-02-25,226.0,120.0,48.0,6.0,4.0,11.0,"Khindipada-Bhandup West, Mumbai",38.2,18.9,27.8,32,20.1,11.2,342,1014.2,0.0
2023-02-26,172.0,127.0,39.0,6.0,5.0,11.0,"Khindipada-Bhandup West, Mumbai",38.1,17.0,27.2,34,19.2,10.6,344,1014.6,0.0
2023-02-27,172.0,109.0,54.0,8.0,5.0,12.0,"Khindipada-Bhandup West, Mumbai",37.8,18.5,27.6,33,19.6,11.1,343,1014.3,0.0
2023-02-28,167.0,146.0,37.0,9.0,5.0,12.0,"Khindipada-Bhandup West, Mumbai",36.8,17.6,26.5,41,16.3,9.2,328,1014.6,0.0
2023-03-01,185.0,113.0,58.0,7.0,4.0,13.0,"Khindipada-Bhandup West, Mumbai",36.5,17.8,26.7,44,16.9,9.6,337,1015.0,0.0
2023-03-02,169.0,152.0,60.0,8.0,5.0,15.0,"Khindipada-Bhandup West, Mumbai",38.1,20.1,28.2,38,17.6,8.8,347,1015.0,0.0
2023-03-03,194.0,131.0,58.0,10.0,4.0,17.0,"Khindipada-Bhandup West, Mumbai",38.0,20.2,28.0,47,17.4,7.7,312,1015.4,0.0
2023-03-04,180.0,129.0,58.0,8.0,4.0,17.0,"Khindipada-Bhandup West, Mumbai",37.7,21.0,28.4,53,14.4,7.8,305,1015.1,0.0
2023-03-05,177.0,153.0,39.0,7.0,5.0,15.0,"Khindipada-Bhandup West, Mumbai",39.2,21.0,29.3,50,19.3,8.5,308,1014.6,0.0
2023-03-06,187.0,75.0,36.0,4.0,4.0,12.0,"Khindipada-Bhandup West, Mumbai",36.8,23.8,29.8,39,20.5,12.3,45,1013.7,0.1
2023-03-07,128.0,88.0,54.0,2.0,5.0,12.0,"Khindipada-Bhandup West, Mumbai",36.8,23.6,29.4,37,22.2,10.4,79,1013.4,0.0
2023-03-08,143.0,162.0,33.0,1.0,4.0,10.0,"Khindipada-Bhandup West, Mumbai",37.5,21.0,28.5,43,15.9,9.6,350,1013.3,0.0
2023-03-09,179.0,111.0,33.0,1.0,4.0,8.0,"Khindipada-Bhandup West, Mumbai",38.5,21.6,29.5,30,23.7,11.1,1,1012.6,0.0
2023-03-10,153.0,113.0,39.0,1.0,4.0,11.0,"Khindipada-Bhandup West, Mumbai",37.8,23.5,29.5,26,22.7,13.3,352,1012.1,0.0
2023-03-11,164.0,94.0,54.0,1.0,4.0,12.0,"Khindipada-Bhandup West, Mumbai",39.5,21.5,29.9,33,18.9,9.9,1,1011.5,0.0
2023-03-12,155.0,108.0,48.0,1.0,4.0,13.0,"Khindipada-Bhandup West, Mumbai",40.0,22.5,29.9,35,19.3,9.3,2,1010.9,0.0
2023-03-13,164.0,97.0,53.0,1.0,3.0,14.0,"Khindipada-Bhandup West, Mumbai",39.9,23.4,29.9,45,17.8,8.1,290,1009.9,0.2
2023-03-14,156.0,93.0,52.0,1.0,5.0,14.0,"Khindipada-Bhandup West, Mumbai",38.2,22.6,29.6,54,17.0,9.2,348,1008.9,0.0
2023-03-15,144.0,78.0,27.5,1.0,3.0,15.0,"Khindipada-Bhandup West, Mumbai",37.4,22.5,29.2,49,17.9,7.7,347,1007.8,0.1
2023-03-16,137.0,69.0,3.0,1.0,4.0,15.0,"Khindipada-Bhandup West, Mumbai",34.8,22.0,27.3,64,15.3,8.5,132,1009.5,20.2
2023-03-17,123.0,72.0,10.0,1.0,4.0,14.0,"Khindipada-Bhandup West, Mumbai",32.8,21.2,26.6,74,14.8,7.9,244,1010.1,1.5
2023-03-18,120.0,48.0,17.0,1.0,4.0,13.0,"Khindipada-Bhandup West, Mumbai",32.7,23.0,27.1,76,17.0,8.5,295,1008.9,0.0
2023-03-19,86.0,45.0,19.0,1.0,3.0,11.0,"Khindipada-Bhandup West, Mumbai",31.6,21.0,26.0,72,18.4,9.3,258,1008.9,0.0
2023-03-20,84.0,33.0,21.0,5.0,4.0,13.0,"Khindipada-Bhandup West, Mumbai",31.5,21.6,26.4,65,17.0,8.5,300,1008.8,0.0
2023-03-21,67.0,37.0,21.0,17.0,4.0,14.0,"Khindipada-Bhandup West, Mumbai",30.5,21.0,25.4,72,16.0,7.6,275,1009.5,0.6
2023-03-22,73.0,41.0,18.0,15.0,4.0,14.0,"Khindipada-Bhandup West, Mumbai",31.6,20.7,25.9,71,16.0,8.3,314,1010.5,0.0
2023-03-23,78.0,49.0,14.0,11.0,4.0,13.0,"Khindipada-Bhandup West, Mumbai",31.9,21.0,26.1,70,18.0,8.8,313,1010.6,0.0
2023-03-24,89.0,59.0,29.0,11.0,4.0,13.0,"Khindipada-Bhandup West, Mumbai",32.2,20.2,26.0,73,20.2,10.2,325,1010.6,0.0
2023-03-25,105.0,56.0,30.0,8.0,4.0,13.0,"Khindipada-Bhandup West, Mumbai",31.5,19.2,25.1,65,21.0,10.4,337,1011.7,0.0
2023-03-26,99.0,69.0,30.0,7.0,4.0,13.0,"Khindipada-Bhandup West, Mumbai",31.1,17.5,24.2,69,18.4,10.6,329,1011.5,0.0
2023-03-27,122.0,78.0,32.0,7.0,4.0,14.0,"Khindipada-Bhandup West, Mumbai",31.9,18.5,25.0,75,17.8,8.9,315,1011.0,0.0
2023-03-28,143.0,73.0,31.0,8.0,4.0,13.0,"Khindipada-Bhandup West, Mumbai",32.3,20.6,25.8,74,17.3,8.3,311,1010.3,0.0
2023-03-29,140.0,51.0,21.0,7.0,4.0,13.0,"Khindipada-Bhandup West, Mumbai",31.8,20.9,25.8,76,16.5,8.1,306,1010.8,0.0
2023-03-30,96.0,47.0,16.0,7.0,5.0,15.0,"Khindipada-Bhandup West, Mumbai",30.9,20.9,25.8,74,16.2,8.1,278,1010.3,0.1
2023-03-31,92.0,52.66666666666666,18.33333333333333,7.0,4.333333333333333,14.0,"Khindipada-Bhandup West, Mumbai",31.3,23.0,26.6,72,16.5,7.4,298,1009.9,0.3
2023-04-02,110.66666666666669,64.0,23.0,7.0,3.0,12.0,"Khindipada-Bhandup West, Mumbai",32.2,21.0,26.1,73,21.1,9.3,308,1010.1,0.0
2023-04-03,120.0,49.0,27.0,7.0,4.0,12.0,"Khindipada-Bhandup West, Mumbai",32.2,21.4,26.4,75,20.6,9.0,311,1009.7,0.0
2023-04-04,89.0,54.0,27.0,8.0,4.0,10.0,"Khindipada-Bhandup West, Mumbai",33.6,21.1,26.8,75,20.5,9.7,323,1010.2,0.0
2023-04-05,98.0,87.0,44.0,8.0,3.0,11.0,"Khindipada-Bhandup West, Mumbai",34.0,21.8,27.3,75,19.7,9.5,315,1009.9,0.0
2023-04-06,142.0,104.0,44.0,8.0,4.0,12.0,"Khindipada-Bhandup West, Mumbai",36.6,21.8,28.7,64,16.7,10.1,333,1009.7,0.0
2023-04-07,166.0,95.0,60.0,11.0,3.0,15.0,"Khindipada-Bhandup West, Mumbai",38.0,24.5,30.8,47,18.4,10.5,334,1010.4,0.0
2023-04-08,160.0,76.0,54.0,11.0,3.0,13.0,"Khindipada-Bhandup West, Mumbai",37.8,24.2,30.5,47,15.2,8.6,335,1012.0,0.0
2023-04-09,141.0,98.0,60.0,6.0,4.0,13.0,"Khindipada-Bhandup West, Mumbai",38.8,24.7,30.6,50,21.1,9.1,332,1012.3,0.0
2023-04-10,162.0,79.0,49.0,5.0,4.0,11.0,"Khindipada-Bhandup West, Mumbai",39.2,24.8,31.3,50,18.5,9.6,320,1010.7,0.0
2023-04-11,138.0,100.0,44.0,5.0,5.0,10.0,"Khindipada-Bhandup West, Mumbai",39.2,24.7,30.9,54,20.7,10.5,317,1011.0,0.0
2023-04-12,150.0,81.0,52.0,4.0,4.0,14.0,"Khindipada-Bhandup West, Mumbai",39.7,24.8,31.9,46,22.2,11.8,326,1010.5,0.0
2023-04-13,132.0,72.0,44.0,4.0,3.0,12.0,"Khindipada-Bhandup West, Mumbai",38.2,25.8,31.9,42,18.3,10.9,331,1010.1,0.0
2023-04-14,132.0,63.0,31.0,4.0,5.0,10.0,"Khindipada-Bhandup West, Mumbai",39.0,24.6,31.0,49,19.1,10.5,323,1009.9,0.3
2023-04-15,116.0,56.0,29.0,4.0,4.0,11.0,"Khindipada-Bhandup West, Mumbai",38.0,23.4,29.9,56,19.9,9.3,314,1009.9,0.0
2023-04-16,102.0,65.0,36.0,3.0,5.0,10.0,"Khindipada-Bhandup West, Mumbai",37.8,22.1,29.5,62,20.3,9.6,315,1008.8,0.0
2023-04-17,118.0,85.0,34.0,4.0,6.0,7.0,"Khindipada-Bhandup West, Mumbai",38.2,22.4,29.5,64,18.8,9.6,325,1008.9,0.0
2023-04-18,138.0,101.0,38.0,4.0,4.0,1.0,"Khindipada-Bhandup West, Mumbai",41.0,24.1,32.6,43,18.8,11.9,343,1009.2,0.0
2023-04-19,158.0,72.0,28.0,3.0,4.0,2.0,"Khindipada-Bhandup West, Mumbai",40.8,27.0,33.8,35,20.7,11.5,328,1006.9,0.0
2023-04-20,133.0,53.0,21.0,2.0,5.0,3.0,"Khindipada-Bhandup West, Mumbai",38.5,25.3,30.8,56,20.6,10.9,311,1005.8,0.0
2023-04-21,102.0,33.0,18.0,2.0,5.0,10.0,"Khindipada-Bhandup West, Mumbai",35.0,23.4,28.8,65,18.7,9.8,312,1006.6,0.0
2023-04-22,66.0,37.0,18.0,2.0,4.0,11.0,"Khindipada-Bhandup West, Mumbai",33.8,23.0,27.8,74,18.1,8.5,273,1007.2,0.0
2023-04-23,70.0,48.0,23.0,2.0,4.0,12.0,"Khindipada-Bhandup West, Mumbai",33.8,23.4,28.0,74,18.1,9.4,296,1007.4,0.0
2023-04-24,88.0,60.0,33.0,1.0,4.0,12.0,"Khindipada-Bhandup West, Mumbai",35.6,22.8,28.5,74,20.6,8.9,307,1007.6,0.2
2023-04-25,112.0,56.0,20.0,4.0,5.0,10.0,"Khindipada-Bhandup West, Mumbai",36.7,23.9,29.2,74,18.0,8.3,270,1007.6,0.0
2023-04-26,98.0,61.0,25.0,4.0,3.0,11.0,"Khindipada-Bhandup West, Mumbai",33.8,24.7,28.7,73,18.5,10.5,231,1008.2,0.0
2023-04-27,113.0,47.0,25.0,3.0,4.0,11.0,"Khindipada-Bhandup West, Mumbai",34.3,23.6,28.6,71,18.2,8.3,297,1008.4,0.0
2023-04-28,86.0,36.0,22.0,5.0,3.0,11.0,"Khindipada-Bhandup West, Mumbai",33.8,24.2,28.7,70,17.0,8.2,297,1009.2,0.3
2023-04-29,71.0,31.0,17.0,6.0,3.0,12.0,"Khindipada-Bhandup West, Mumbai",33.2,24.6,28.1,73,18.3,7.9,288,1008.7,1.5
2023-04-30,61.0,28.0,24.0,4.0,4.0,10.0,"Khindipada-Bhandup West, Mumbai",33.4,24.4,28.1,70,18.9,8.0,293,1007.3,0.6
2023-05-01,59.0,29.0,20.0,4.0,3.0,11.0,"Khindipada-Bhandup West, Mumbai",33.3,23.2,27.8,68,15.8,7.4,270,1007.2,0.7
2023-05-02,59.0,31.0,25.0,3.0,5.0,11.0,"Khindipada-Bhandup West, Mumbai",33.3,23.9,28.5,68,16.2,7.0,275,1007.8,0.4
2023-05-03,63.0,24.0,3.0,4.0,1.0,9.0,"Khindipada-Bhandup West, Mumbai",33.6,24.5,28.5,68,17.5,8.5,292,1009.2,0.0
2023-05-04,55.0,24.2375,3.04375,3.98125,1.01875,8.98125,"Khindipada-Bhandup West, Mumbai",33.3,23.6,28.2,72,15.6,7.9,305,1008.6,0.1
2023-10-10,113.63125,62.0,10.0,1.0,4.0,6.0,"Khindipada-Bhandup West, Mumbai",33.4,23.1,27.5,74,14.8,8.3,344,1011.7,0.0
2023-10-11,114.0,70.0,24.0,1.0,2.0,7.0,"Khindipada-Bhandup West, Mumbai",32.5,23.6,27.3,80,16.0,9.2,336,1011.6,1.4
2023-10-12,126.0,90.0,33.0,1.0,2.0,9.0,"Khindipada-Bhandup West, Mumbai",33.1,23.0,27.8,84,13.7,7.2,327,1011.6,0.8
2023-10-13,153.0,79.0,30.0,1.0,3.0,6.0,"Khindipada-Bhandup West, Mumbai",34.8,24.5,28.8,80,13.0,5.7,339,1012.0,0.0
2023-10-14,137.0,75.0,22.0,1.0,2.0,6.0,"Khindipada-Bhandup West, Mumbai",34.8,24.0,28.4,82,12.0,5.6,341,1012.0,0.0
2023-10-15,132.0,97.0,22.0,1.0,3.0,7.0,"Khindipada-Bhandup West, Mumbai",35.2,23.9,28.6,81,11.2,6.5,350,1010.6,0.2
2023-10-16,156.0,83.0,33.0,1.0,3.0,8.0,"Khindipada-Bhandup West, Mumbai",34.5,23.0,28.6,70,12.3,5.9,347,1010.4,0.1
2023-10-17,141.0,97.0,22.0,1.0,3.0,10.0,"Khindipada-Bhandup West, Mumbai",33.7,24.5,28.4,72,8.1,5.9,6,1011.6,2.6
2023-10-18,158.0,77.0,24.0,1.0,3.0,7.0,"Khindipada-Bhandup West, Mumbai",34.9,23.3,28.7,71,14.6,8.0,5,1012.3,0.0
2023-10-19,133.0,82.0,32.0,1.0,2.0,8.0,"Khindipada-Bhandup West, Mumbai",35.3,24.2,28.7,64,12.7,7.0,356,1012.0,0.0
2023-10-20,146.0,75.0,32.0,1.0,3.0,7.0,"Khindipada-Bhandup West, Mumbai",35.8,23.5,28.8,66,9.5,6.2,35,1011.8,0.0
2023-10-21,121.0,79.0,30.0,1.0,3.0,8.0,"Khindipada-Bhandup West, Mumbai",35.2,23.5,28.8,70,11.8,6.6,51,1012.4,0.3
2023-10-22,118.0,94.0,26.0,1.0,3.0,8.0,"Khindipada-Bhandup West, Mumbai",34.8,23.6,28.7,70,11.1,5.8,7,1012.9,0.0
2023-10-23,137.0,78.0,27.0,1.0,3.0,6.0,"Khindipada-Bhandup West, Mumbai",35.8,23.1,28.6,66,15.6,7.4,9,1011.7,0.0
2023-10-24,117.0,75.0,35.0,1.0,3.0,7.0,"Khindipada-Bhandup West, Mumbai",35.4,22.0,28.3,61,16.3,7.8,16,1011.2,0.0
2023-10-25,112.0,83.0,24.0,1.0,3.0,5.0,"Khindipada-Bhandup West, Mumbai",35.2,22.3,28.1,57,15.3,7.9,13,1012.7,0.0
2023-10-26,123.0,81.0,24.0,1.0,3.0,3.0,"Khindipada-Bhandup West, Mumbai",34.9,21.5,27.4,59,18.5,8.8,15,1013.1,0.0
2023-10-27,122.0,82.0,26.0,1.0,4.0,1.0,"Khindipada-Bhandup West, Mumbai",34.6,20.4,27.0,56,17.4,9.7,11,1011.8,0.0
2023-10-28,124.0,84.0,20.0,1.6666666666666663,4.0,2.333333333333333,"Khindipada-Bhandup West, Mumbai",35.0,20.0,26.9,57,16.2,8.5,21,1011.3,0.0
2023-10-30,128.66666666666666,88.0,8.0,3.0,4.0,5.0,"Khindipada-Bhandup West, Mumbai",35.9,20.5,27.4,60,12.0,6.8,47,1010.7,0.0
2023-10-31,131.0,87.0,9.0,1.0,4.0,3.0,"Khindipada-Bhandup West, Mumbai",35.3,20.6,27.7,60,12.7,7.6,35,1011.4,0.0
2023-11-01,129.0,85.0,7.0,1.0,4.0,4.0,"Khindipada-Bhandup West, Mumbai",35.2,21.0,27.2,59,14.0,8.3,21,1012.1,0.0
2023-11-02,121.0,89.0,22.0,1.0,4.0,6.0,"Khindipada-Bhandup West, Mumbai",35.0,20.6,27.2,59,14.0,8.6,14,1011.4,0.0
2023-11-03,135.0,84.0,19.0,1.0,5.0,6.0,"Khindipada-Bhandup West, Mumbai",35.6,21.4,27.7,57,15.6,9.3,18,1009.7,0.0
2023-11-04,123.0,79.0,10.0,1.0,4.0,8.0,"Khindipada-Bhandup West, Mumbai",36.2,22.4,28.2,55,13.3,9.1,42,1009.2,0.0
2023-11-05,119.0,86.0,9.0,1.0,4.0,9.0,"Khindipada-Bhandup West, Mumbai",36.0,21.5,28.7,58,12.9,8.1,31,1010.7,0.0
2023-11-06,127.0,80.0,8.0,1.0,4.0,8.0,"Khindipada-Bhandup West, Mumbai",36.1,21.6,28.3,55,14.3,8.7,38,1011.8,0.0
2023-11-07,120.0,71.0,14.0,1.0,4.0,9.0,"Khindipada-Bhandup West, Mumbai",35.5,20.8,27.6,54,15.1,8.6,18,1011.8,0.0
2023-11-08,130.0,74.0,45.0,1.0,3.0,10.0,"Khindipada-Bhandup West, Mumbai",34.7,21.6,27.9,68,14.8,6.9,183,1011.6,0.6
2023-11-09,135.0,42.0,25.0,1.0,2.0,7.0,"Khindipada-Bhandup West, Mumbai",35.0,23.2,28.3,77,10.7,5.1,81,1012.2,0.7
2023-11-10,81.0,57.0,7.0,2.0,1.0,6.0,"Khindipada-Bhandup West, Mumbai",33.9,23.8,27.8,75,10.5,6.0,79,1013.5,11.5
2023-11-11,98.0,58.75,22.875,1.875,1.125,6.625,"Khindipada-Bhandup West, Mumbai",35.9,23.1,28.9,65,13.8,8.2,27,1013.7,0.0
2023-11-18,125.125,71.0,134.0,1.0,2.0,11.0,"Khindipada-Bhandup West, Mumbai",34.5,19.9,26.2,65,12.4,7.3,16,1012.0,0.0
2023-11-19,129.0,68.0,88.0,1.0,2.0,10.0,"Khindipada-Bhandup West, Mumbai",34.2,19.4,26.6,66,15.3,7.8,350,1011.9,0.0
2023-11-20,124.0,75.5,55.5,1.0,2.5,10.0,"Khindipada-Bhandup West, Mumbai",35.8,22.0,28.0,61,15.6,7.1,359,1012.2,0.0
2023-11-21,137.0,83.0,23.0,1.0,3.0,10.0,"Khindipada-Bhandup West, Mumbai",35.1,23.1,28.4,59,18.5,9.2,14,1012.0,0.0
2023-11-22,150.0,82.0,23.0,1.0,1.0,10.0,"Khindipada-Bhandup West, Mumbai",34.5,22.4,27.5,51,16.4,9.8,12,1011.4,0.0
2023-11-23,143.0,90.0,9.0,1.0,2.0,12.0,"Khindipada-Bhandup West, Mumbai",34.7,20.4,26.9,55,12.7,7.6,4,1009.7,0.0
2023-11-24,156.0,67.0,7.0,1.0,3.0,12.0,"Khindipada-Bhandup West, Mumbai",35.5,20.8,27.5,61,13.5,7.7,30,1009.6,0.0
2023-11-25,121.0,49.0,80.0,1.0,1.0,11.0,"Khindipada-Bhandup West, Mumbai",34.6,21.9,27.8,68,11.0,7.5,55,1011.4,0.2
2023-11-26,91.0,38.0,12.0,1.0,2.0,10.0,"Khindipada-Bhandup West, Mumbai",32.3,23.3,26.8,78,17.7,6.9,189,1011.8,2.2
2023-11-27,71.0,42.0,15.0,1.0,2.0,10.0,"Khindipada-Bhandup West, Mumbai",31.8,22.4,26.0,78,12.5,6.2,329,1011.3,1.5
2023-11-28,78.0,56.0,20.0,1.0,1.0,11.0,"Khindipada-Bhandup West, Mumbai",31.0,21.6,25.6,75,12.9,6.8,325,1010.3,0.0
2023-11-29,99.0,65.0,25.0,1.0,2.0,11.0,"Khindipada-Bhandup West, Mumbai",30.1,19.7,24.4,74,12.9,7.0,313,1011.3,0.0
2023-11-30,119.0,77.0,25.0,5.0,2.0,13.0,"Khindipada-Bhandup West, Mumbai",30.9,19.5,24.6,80,15.1,7.2,323,1011.8,0.0
2023-12-01,129.0,86.0,25.0,1.0,2.0,13.0,"Khindipada-Bhandup West, Mumbai",31.0,20.5,24.7,82,13.9,6.7,317,1011.6,0.0
2023-12-02,152.0,72.0,30.0,1.0,1.0,13.0,"Khindipada-Bhandup West, Mumbai",33.3,19.9,25.9,76,13.4,6.3,336,1010.3,0.0
2023-12-03,134.0,84.0,17.0,1.0,1.0,13.0,"Khindipada-Bhandup West, Mumbai",35.2,22.3,27.6,68,14.7,8.4,5,1010.4,0.4
2023-12-04,147.0,93.0,18.0,1.0,2.0,13.0,"Khindipada-Bhandup West, Mumbai",34.3,22.0,27.8,67,15.9,8.0,350,1009.8,0.0
2023-12-05,157.0,80.5,18.0,1.0,2.0,12.0,"Khindipada-Bhandup West, Mumbai",34.2,23.9,28.0,62,16.8,10.4,7,1008.7,0.0
2023-12-06,137.5,68.0,18.0,1.0,2.0,11.0,"Khindipada-Bhandup West, Mumbai",32.6,22.4,26.6,65,16.3,8.7,6,1009.8,0.0
2023-12-07,118.0,70.0,22.0,1.0,1.0,11.0,"Khindipada-Bhandup West, Mumbai",32.5,21.6,26.0,66,15.5,9.3,1,1010.7,0.0
2023-12-08,126.0,70.0,19.0,1.0,1.0,11.0,"Khindipada-Bhandup West, Mumbai",33.0,20.0,25.8,65,14.7,8.7,5,1011.3,0.0
2023-12-09,128.0,64.0,22.0,1.0,2.0,11.0,"Khindipada-Bhandup West, Mumbai",33.4,20.3,26.1,63,14.8,8.9,12,1012.3,0.0
2023-12-10,116.0,67.0,13.0,1.0,2.0,12.0,"Khindipada-Bhandup West, Mumbai",33.8,20.9,26.4,61,13.2,8.0,7,1011.3,0.0
2023-12-11,123.0,72.0,20.0,1.0,1.0,12.0,"Khindipada-Bhandup West, Mumbai",33.5,20.1,26.3,58,14.5,8.3,0,1011.6,0.0
2023-12-12,125.0,80.5,20.0,1.0,1.5,12.0,"Khindipada-Bhandup West, Mumbai",32.5,18.5,24.8,63,16.9,8.4,345,1011.0,0.0
2023-12-13,140.0,89.0,20.0,1.0,2.0,12.0,"Khindipada-Bhandup West, Mumbai",32.5,17.6,24.9,64,14.4,7.3,345,1011.7,0.0
2023-12-14,155.0,81.0,14.0,1.0,1.0,12.0,"Khindipada-Bhandup West, Mumbai",33.3,19.1,25.6,61,10.7,6.9,54,1012.8,0.0
2023-12-15,144.0,73.0,22.0,1.0,2.0,10.0,"Khindipada-Bhandup West, Mumbai",32.3,19.2,25.2,58,13.3,8.1,26,1013.9,0.0
2023-12-16,134.0,77.0,18.0,1.0,2.0,10.0,"Khindipada-Bhandup West, Mumbai",32.2,17.9,24.3,59,12.7,8.7,20,1013.5,0.0
2023-12-17,140.0,89.0,20.0,1.0,2.0,10.0,"Khindipada-Bhandup West, Mumbai",33.0,19.0,25.3,54,12.4,8.8,39,1012.4,0.0
2023-12-18,153.0,96.0,17.0,1.0,1.0,10.0,"Khindipada-Bhandup West, Mumbai",32.9,22.0,26.9,51,14.3,10.7,62,1013.1,0.0
2023-12-19,159.0,80.0,19.0,1.0,2.0,10.0,"Khindipada-Bhandup West, Mumbai",32.8,23.0,27.0,48,13.5,9.9,54,1013.9,0.0
2023-12-20,138.0,110.0,26.0,10.0,2.0,11.0,"Khindipada-Bhandup West, Mumbai",33.2,19.9,25.4,49,12.2,8.7,33,1014.0,0.0
2023-12-21,166.0,99.0,23.0,1.0,1.0,11.0,"Khindipada-Bhandup West, Mumbai",34.3,20.6,26.1,53,13.5,8.0,12,1012.9,0.0
2023-12-22,154.0,101.5,26.5,1.0,1.25,10.5,"Khindipada-Bhandup West, Mumbai",32.7,19.5,25.7,63,11.2,6.2,349,1012.9,0.0
2023-12-25,163.0,109.0,37.0,1.0,2.0,9.0,"Khindipada-Bhandup West, Mumbai",34.3,17.8,24.9,54,14.3,7.9,8,1014.8,0.0
2023-12-26,166.0,101.0,27.0,1.0,2.0,10.0,"Khindipada-Bhandup West, Mumbai",34.8,17.5,25.2,59,12.1,7.3,358,1014.7,0.0
2023-12-27,159.0,101.0,32.0,1.0,2.0,11.0,"Khindipada-Bhandup West, Mumbai",35.5,17.4,26.0,56,13.7,8.8,12,1014.8,0.0
2023-12-28,161.0,101.0,29.0,1.0,2.0,11.0,"Khindipada-Bhandup West, Mumbai",34.2,18.3,25.6,61,14.5,7.3,357,1013.2,0.0
2023-12-29,160.0,78.0,8.0,1.0,2.0,12.0,"Khindipada-Bhandup West, Mumbai",34.8,18.7,25.5,66,12.3,7.0,10,1013.3,0.0
2023-12-30,137.0,70.0,32.0,1.0,2.0,9.0,"Khindipada-Bhandup West, Mumbai",34.3,18.1,25.1,69,11.9,6.6,348,1013.0,0.0
2023-12-31,131.0,61.0,33.0,1.0,2.0,11.0,"Khindipada-Bhandup West, Mumbai",33.8,18.0,25.1,65,14.1,7.3,353,1012.4,0.0
2024-01-01,113.0,64.0,27.0,1.0,2.0,11.0,"Khindipada-Bhandup West, Mumbai",33.7,19.1,25.1,67,14.0,7.5,353,1012.7,0.0
2024-01-02,114.0,63.0,27.0,1.0,2.0,10.0,"Khindipada-Bhandup West, Mumbai",33.0,17.8,24.4,68,15.3,8.5,339,1012.1,0.0
2024-01-03,111.0,50.0,25.0,1.0,3.0,12.0,"Khindipada-Bhandup West, Mumbai",32.2,17.3,23.8,67,14.6,8.0,332,1011.5,0.0
2024-01-04,86.0,67.0,22.0,1.0,2.0,10.0,"Khindipada-Bhandup West, Mumbai",31.0,16.5,23.1,74,15.4,8.8,320,1011.9,0.0
2024-01-05,116.0,89.0,16.0,1.0,1.0,9.0,"Khindipada-Bhandup West, Mumbai",31.5,16.1,22.8,73,14.9,8.1,342,1012.2,0.0
2024-01-06,152.0,82.0,29.0,1.0,2.0,12.0,"Khindipada-Bhandup West, Mumbai",33.5,17.9,24.8,61,19.2,10.2,339,1011.9,0.0
2024-01-07,149.0,77.0,28.0,1.0,2.0,7.0,"Khindipada-Bhandup West, Mumbai",33.3,19.4,25.2,65,17.2,8.4,359,1012.0,0.0
2024-01-08,136.0,75.0,17.0,1.0,1.0,9.0,"Khindipada-Bhandup West, Mumbai",34.4,20.4,26.6,58,17.3,9.2,8,1012.0,0.0
2024-01-09,131.0,50.0,26.0,1.0,2.0,9.0,"Khindipada-Bhandup West, Mumbai",32.5,21.8,25.9,70,12.7,5.6,287,1012.7,0.5
2024-01-10,92.0,75.0,15.0,1.0,2.0,13.0,"Khindipada-Bhandup West, Mumbai",31.0,21.4,25.4,74,11.7,6.3,63,1013.2,2.1
2024-01-11,139.0,81.0,30.0,1.0,2.0,11.0,"Khindipada-Bhandup West, Mumbai",34.2,22.0,27.1,65,14.0,8.2,5,1013.3,0.0
2024-01-12,145.0,84.0,24.0,1.0,2.0,12.666666666666666,"Khindipada-Bhandup West, Mumbai",35.8,21.9,27.8,59,14.7,9.0,10,1012.6,0.0
2024-01-13,151.0,69.0,8.0,1.0,1.0,14.333333333333334,"Khindipada-Bhandup West, Mumbai",35.5,20.0,27.1,59,18.6,8.2,347,1013.4,0.0
2024-01-14,126.0,52.0,17.0,1.0,3.0,16.0,"Khindipada-Bhandup West, Mumbai",34.2,19.5,26.2,51,17.1,9.6,348,1014.2,0.0
2024-01-15,96.0,63.0,31.0,1.0,4.0,24.0,"Khindipada-Bhandup West, Mumbai",31.0,18.0,24.0,44,18.3,10.1,351,1014.1,0.0
2024-01-16,113.0,79.0,25.0,1.0,1.0,15.0,"Khindipada-Bhandup West, Mumbai",30.2,14.4,21.6,63,15.5,8.4,338,1012.0,0.0
2024-01-17,143.0,71.0,23.0,1.0,1.0,8.0,"Khindipada-Bhandup West, Mumbai",28.8,14.2,21.4,70,13.6,7.2,325,1011.5,0.0
2024-01-18,132.0,83.0,18.0,1.0,1.0,9.0,"Khindipada-Bhandup West, Mumbai",29.4,15.4,21.6,71,15.9,7.3,341,1012.9,0.0
2024-01-19,151.0,96.0,32.0,1.0,1.0,11.0,"Khindipada-Bhandup West, Mumbai",29.7,14.9,21.9,72,11.0,7.2,342,1012.6,0.0
2024-01-20,158.0,80.0,27.0,1.0,1.0,11.0,"Khindipada-Bhandup West, Mumbai",30.2,16.2,22.5,68,17.5,9.0,332,1013.7,0.0
2024-01-21,141.0,86.0,33.0,1.0,1.0,15.0,"Khindipada-Bhandup West, Mumbai",31.8,15.8,23.6,54,14.5,9.1,1,1013.3,0.0
2024-01-22,153.0,63.0,23.0,1.0,1.2222222222222223,8.0,"Khindipada-Bhandup West, Mumbai",31.5,16.2,23.2,56,15.6,8.3,340,1013.9,0.0
2024-01-23,114.0,87.0,25.0,1.0,1.4444444444444444,9.0,"Khindipada-Bhandup West, Mumbai",30.8,17.0,23.4,40,19.6,12.3,352,1014.4,0.0
2024-01-24,150.0,82.0,25.0,1.0,1.6666666666666663,8.0,"Khindipada-Bhandup West, Mumbai",31.8,16.3,23.6,39,15.2,10.5,5,1013.9,0.0
2024-01-25,144.0,82.0,30.0,1.0,4.0,10.0,"Khindipada-Bhandup West, Mumbai",32.8,16.8,23.7,44,13.4,9.0,13,1014.8,0.0
2024-01-26,146.0,78.0,19.0,3.0,4.0,10.0,"Khindipada-Bhandup West, Mumbai",34.2,15.7,23.8,50,13.5,8.2,4,1015.7,0.0
2024-01-27,138.0,73.0,21.0,1.0,4.0,7.0,"Khindipada-Bhandup West, Mumbai",35.0,17.0,24.8,49,13.2,8.3,12,1015.8,0.0
2024-01-28,134.0,78.0,20.0,1.0,4.0,8.0,"Khindipada-Bhandup West, Mumbai",34.7,15.9,24.8,50,16.7,9.1,355,1015.4,0.0
2024-01-29,138.0,77.0,19.0,1.0,4.0,9.0,"Khindipada-Bhandup West, Mumbai",33.8,16.5,24.8,47,17.8,10.3,344,1015.4,0.0
2024-01-30,133.0,88.0,66.0,1.0,3.0,27.0,"Khindipada-Bhandup West, Mumbai",33.3,16.6,24.0,52,16.8,9.8,340,1014.4,0.0
2024-01-31,155.0,77.0,10.0,1.0,2.0,22.0,"Khindipada-Bhandup West, Mumbai",32.0,17.7,23.5,60,17.1,8.5,323,1014.3,0.0
2024-02-01,140.0,73.0,15.0,2.0,1.0,12.5,"Khindipada-Bhandup West, Mumbai",29.9,16.8,22.4,71,19.2,9.0,327,1015.3,0.0
2024-02-02,131.0,85.0,20.0,3.0,1.0,3.0,"Khindipada-Bhandup West, Mumbai",31.7,16.5,23.4,67,19.5,9.8,349,1015.3,0.0
2024-02-03,154.0,92.0,34.0,6.0,1.0,3.0,"Khindipada-Bhandup West, Mumbai",36.5,18.8,26.6,48,18.6,9.8,9,1014.3,0.0
2024-02-04,157.0,87.0,45.0,55.0,1.0,1.0,"Khindipada-Bhandup West, Mumbai",36.4,18.7,26.6,53,12.8,7.4,348,1015.1,0.0
2024-02-05,151.0,82.0,41.0,34.0,4.0,4.0,"Khindipada-Bhandup West, Mumbai",35.0,20.0,26.7,51,15.8,9.2,332,1015.6,0.0
2024-02-06,147.0,94.0,28.0,20.0,4.0,5.0,"Khindipada-Bhandup West, Mumbai",35.0,18.1,26.0,53,16.1,9.7,330,1015.4,0.0
2024-02-07,157.0,79.0,6.0,3.0,4.0,7.0,"Khindipada-Bhandup West, Mumbai",35.3,18.5,26.3,54,20.5,11.7,336,1015.9,0.0
2024-02-08,136.0,79.0,8.0,2.0,4.0,2.0,"Khindipada-Bhandup West, Mumbai",34.8,18.4,26.0,50,20.9,11.1,346,1015.0,0.0
2024-02-09,146.0,70.0,9.0,1.0,4.0,1.0,"Khindipada-Bhandup West, Mumbai",33.8,16.4,24.7,52,19.9,10.6,329,1014.5,0.0
2024-02-10,128.0,67.0,10.0,3.0,4.0,1.0,"Khindipada-Bhandup West, Mumbai",33.5,16.8,24.5,42,20.4,11.2,338,1015.6,0.0
2024-02-11,122.0,75.0,11.0,3.0,4.0,1.0,"Khindipada-Bhandup West, Mumbai",33.7,15.1,23.9,47,18.4,10.1,334,1015.8,0.0
2024-02-12,125.0,74.0,11.0,3.0,4.0,2.0,"Khindipada-Bhandup West, Mumbai",34.2,15.6,24.3,50,14.0,8.1,326,1015.2,0.0
2024-02-13,130.0,83.0,50.0,1.0,4.0,2.0,"Khindipada-Bhandup West, Mumbai",33.8,16.0,24.4,44,19.4,10.4,336,1015.1,0.0
2024-02-14,146.0,90.0,49.0,2.0,4.0,4.0,"Khindipada-Bhandup West, Mumbai",35.2,17.6,25.8,39,18.8,11.5,345,1014.5,0.0
2024-02-15,153.0,91.0,44.0,2.25,4.0,8.0,"Khindipada-Bhandup West, Mumbai",35.7,18.0,26.4,41,17.3,9.7,341,1013.5,0.0
2024-02-16,155.0,89.0,18.0,2.5,4.0,12.0,"Khindipada-Bhandup West, Mumbai",37.8,18.1,27.1,52,16.5,7.4,302,1013.3,0.0
2024-02-17,151.0,70.0,9.0,2.75,4.0,5.0,"Khindipada-Bhandup West, Mumbai",37.5,18.6,27.2,54,15.6,6.9,311,1012.3,0.0
2024-02-18,131.0,61.0,12.0,3.0,4.0,5.0,"Khindipada-Bhandup West, Mumbai",37.4,18.9,27.0,53,18.8,9.6,336,1011.4,0.0
2024-02-19,110.0,63.0,8.0,2.0,4.0,5.0,"Khindipada-Bhandup West, Mumbai",34.6,17.6,25.9,49,17.8,10.1,329,1012.2,0.0
2024-02-20,115.0,42.0,4.0,2.0,4.0,4.0,"Khindipada-Bhandup West, Mumbai",33.8,17.9,25.2,59,21.7,11.0,333,1013.1,0.0
2024-02-21,76.0,56.0,7.0,2.0,4.0,6.0,"Khindipada-Bhandup West, Mumbai",30.4,17.5,23.7,77,17.9,8.9,313,1013.1,0.0
2024-02-22,103.0,55.0,4.0,2.0,4.0,5.0,"Khindipada-Bhandup West, Mumbai",30.5,19.0,24.0,77,17.9,9.2,318,1013.5,0.0
2024-02-23,100.0,69.0,10.0,3.0,4.0,5.0,"Khindipada-Bhandup West, Mumbai",32.3,16.5,24.1,61,21.4,10.4,348,1013.2,0.0
2024-02-24,128.0,59.0,14.0,5.0,4.0,1.0,"Khindipada-Bhandup West, Mumbai",33.8,16.8,24.3,37,22.8,12.3,347,1012.4,0.0
2024-02-25,107.0,90.0,22.0,7.0,4.0,7.0,"Khindipada-Bhandup West, Mumbai",36.2,15.7,25.3,30,14.3,9.5,3,1010.7,0.0
2024-02-26,154.0,99.0,18.0,7.0,4.0,8.0,"Khindipada-Bhandup West, Mumbai",37.5,17.1,26.7,46,15.5,8.3,286,1010.1,0.0
2024-02-27,158.0,92.0,9.0,7.0,1.0,1.0,"Khindipada-Bhandup West, Mumbai",36.8,20.0,28.0,47,20.2,9.5,330,1011.8,0.0
2024-02-28,157.0,86.0,16.0,4.0,1.0,9.0,"Khindipada-Bhandup West, Mumbai",38.3,20.6,28.4,40,17.7,8.4,336,1011.3,0.0
2024-02-29,151.0,48.0,21.0,6.0,1.0,7.0,"Khindipada-Bhandup West, Mumbai",38.2,20.9,28.7,49,16.4,7.8,315,1010.8,0.0
2024-03-01,87.0,44.0,6.0,4.333333333333333,1.0,11.0,"Khindipada-Bhandup West, Mumbai",36.3,22.7,28.1,56,17.3,9.5,316,1012.0,0.0
2024-03-02,80.0,39.0,7.0,2.6666666666666665,1.0,8.0,"Khindipada-Bhandup West, Mumbai",32.2,20.5,26.0,76,18.3,8.7,296,1012.8,0.0
2024-03-03,75.0,40.0,10.0,1.0,1.0,7.0,"Khindipada-Bhandup West, Mumbai",29.4,18.6,24.5,73,16.3,10.9,313,1013.4,0.2
2024-03-04,75.0,65.0,8.0,5.0,1.0,9.0,"Khindipada-Bhandup West, Mumbai",30.8,15.4,22.4,64,17.0,10.3,338,1013.7,0.0
2024-03-05,114.0,68.0,9.0,1.0,1.0,3.0,"Khindipada-Bhandup West, Mumbai",33.3,15.1,23.5,51,18.4,9.4,329,1012.8,0.0
2024-03-06,119.0,99.0,10.0,19.0,1.0,4.0,"Khindipada-Bhandup West, Mumbai",33.8,16.1,24.2,37,20.9,10.4,321,1012.7,0.0
2024-03-07,155.0,69.0,65.0,10.0,1.0,1.0,"Khindipada-Bhandup West, Mumbai",36.1,17.1,26.5,35,20.7,11.5,334,1012.1,0.0
2024-03-08,128.0,74.0,63.0,1.0,3.0,4.0,"Khindipada-Bhandup West, Mumbai",37.7,18.9,28.0,30,24.0,12.1,347,1012.1,0.0
2024-03-09,132.0,66.0,54.0,2.0,3.0,3.0,"Khindipada-Bhandup West, Mumbai",37.7,19.4,28.5,28,19.9,10.6,337,1012.0,0.0
2024-03-10,121.0,62.0,47.0,1.0,3.0,2.0,"Khindipada-Bhandup West, Mumbai",36.1,17.9,26.9,31,19.6,11.5,322,1013.1,0.0
2024-03-11,105.0,76.0,10.0,3.0,3.0,1.0,"Khindipada-Bhandup West, Mumbai",37.5,18.0,27.7,41,23.2,11.9,331,1014.2,0.0
2024-03-12,137.0,63.0,8.0,1.0,1.0,2.0,"Khindipada-Bhandup West, Mumbai",37.9,20.0,28.5,42,19.6,10.6,335,1013.3,0.0
2024-03-13,114.0,50.0,6.0,1.0,1.0,1.0,"Khindipada-Bhandup West, Mumbai",34.2,19.1,26.5,60,20.7,11.0,322,1013.1,0.0
2024-03-14,93.0,44.5,5.75,2.75,1.0,1.25,"Khindipada-Bhandup West, Mumbai",33.5,18.5,25.6,64,20.0,10.5,328,1013.4,0.0
2024-03-16,149.0,33.5,5.25,6.25,1.0,1.75,"Khindipada-Bhandup West, Mumbai",33.2,17.5,24.7,73,16.9,8.9,316,1012.3,0.0
2024-03-17,103.0,28.0,5.0,8.0,1.0,2.0,"Khindipada-Bhandup West, Mumbai",35.0,18.0,25.5,72,15.6,8.4,323,1012.3,0.0
2024-03-18,57.0,38.5,5.75,5.375,3.0,3.75,"Khindipada-Bhandup West, Mumbai",34.4,20.8,26.4,75,16.7,7.6,308,1012.1,0.0
2024-03-19,87.0,49.0,6.5,5.375,3.0,5.5,"Khindipada-Bhandup West, Mumbai",36.2,20.8,27.4,61,22.8,10.1,330,1011.9,0.0
2024-03-21,115.66666666666669,70.0,8.0,15.0,1.0,9.0,"Khindipada-Bhandup West, Mumbai",40.5,20.1,29.7,27,20.0,9.2,349,1009.3,0.0
2024-03-22,130.0,65.0,21.0,15.0,2.0,11.0,"Khindipada-Bhandup West, Mumbai",37.0,20.9,27.7,60,17.7,8.0,265,1009.2,0.0
2024-03-23,115.0,56.0,10.0,15.0,2.0,7.0,"Khindipada-Bhandup West, Mumbai",37.0,19.0,27.4,65,17.6,8.2,311,1009.4,0.0
2024-03-24,102.0,52.0,10.0,14.0,2.0,6.0,"Khindipada-Bhandup West, Mumbai",34.7,20.3,27.2,71,15.9,9.8,316,1010.8,0.0
2024-03-25,94.0,40.0,11.0,5.0,2.0,4.0,"Khindipada-Bhandup West, Mumbai",35.9,20.0,27.7,68,17.4,10.4,322,1011.2,0.0
2024-03-26,77.0,59.0,9.0,11.0,2.0,4.0,"Khindipada-Bhandup West, Mumbai",38.7,19.9,28.3,67,21.2,9.7,319,1010.9,0.0
2024-03-27,107.0,51.0,9.0,20.0,1.0,4.0,"Khindipada-Bhandup West, Mumbai",36.8,21.3,28.1,74,21.1,7.7,301,1012.4,0.0
2024-03-28,92.0,47.0,4.0,2.0,2.0,5.0,"Khindipada-Bhandup West, Mumbai",36.2,21.3,28.1,74,16.8,7.1,304,1011.1,0.0
2024-03-29,82.0,2.0,10.0,5.0,1.0,4.0,"Khindipada-Bhandup West, Mumbai",38.3,22.8,29.3,66,18.0,8.7,310,1009.9,0.0
2024-03-30,13.0,2.0,12.0,2.0,1.0,3.0,"Khindipada-Bhandup West, Mumbai",37.7,22.8,29.3,60,21.9,11.0,323,1011.4,0.0
2024-03-31,13.0,38.0,13.0,2.0,1.0,4.0,"Khindipada-Bhandup West, Mumbai",38.0,21.9,29.6,51,21.6,11.7,325,1012.2,0.0
2024-04-01,71.0,60.0,12.0,2.0,1.0,3.5,"Khindipada-Bhandup West, Mumbai",37.3,23.1,29.0,61,17.5,10.1,317,1009.8,0.0
2024-04-02,108.0,82.0,11.0,2.0,1.0,3.0,"Khindipada-Bhandup West, Mumbai",37.0,19.9,27.6,69,17.4,8.6,321,1008.6,0.0
2024-04-03,145.0,42.0,6.0,3.0,2.0,3.5,"Khindipada-Bhandup West, Mumbai",36.3,20.6,27.7,68,19.1,8.4,312,1009.5,0.0
2024-04-04,76.0,63.0,6.0,5.0,3.0,4.0,"Khindipada-Bhandup West, Mumbai",36.2,20.4,28.1,68,18.5,11.5,325,1010.0,0.0
2024-04-05,112.0,55.5,6.0,4.0,2.0,3.0,"Khindipada-Bhandup West, Mumbai",38.9,21.1,29.9,58,23.4,12.6,329,1009.0,0.0
2024-04-06,98.0,48.0,6.0,3.0,1.0,2.0,"Khindipada-Bhandup West, Mumbai",39.6,24.0,31.8,39,24.7,14.8,336,1007.9,0.0
2024-04-07,84.0,40.0,2.0,2.0,2.0,1.0,"Khindipada-Bhandup West, Mumbai",38.9,23.0,30.3,45,23.5,13.1,323,1008.0,0.0
2024-04-08,76.0,57.0,6.0,1.5,2.0,4.0,"Khindipada-Bhandup West, Mumbai",37.0,20.0,27.9,66,17.3,8.7,321,1008.5,0.0
2024-04-09,103.0,57.0,9.0,1.0,2.0,3.0,"Khindipada-Bhandup West, Mumbai",37.2,20.8,28.1,70,17.7,9.1,310,1008.9,0.0
2024-04-10,105.0,52.0,9.0,2.0,2.0,3.0,"Khindipada-Bhandup West, Mumbai",36.7,22.0,28.2,73,17.9,8.6,297,1009.0,0.0
2024-04-11,96.0,44.0,8.0,2.5,2.0,2.5,"Khindipada-Bhandup West, Mumbai",36.8,21.6,28.4,68,17.7,8.0,304,1009.3,0.0
2024-04-12,82.5,36.0,7.0,3.0,2.0,2.0,"Khindipada-Bhandup West, Mumbai",36.2,22.4,28.2,63,14.5,8.4,292,1009.3,0.0
2024-04-13,69.0,42.0,6.0,3.5,2.0,2.0,"Khindipada-Bhandup West, Mumbai",33.9,20.9,26.9,71,16.2,7.5,297,1009.9,0.0
2024-04-14,78.0,57.0,12.0,4.0,2.0,6.0,"Khindipada-Bhandup West, Mumbai",36.0,20.6,27.8,77,21.0,9.2,321,1010.4,0.0
2024-04-15,106.0,74.0,11.0,5.0,1.5,6.0,"Khindipada-Bhandup West, Mumbai",41.4,23.6,32.4,56,18.8,9.3,321,1009.5,0.0
2024-04-16,131.0,65.0,3.0,11.0,1.0,7.0,"Khindipada-Bhandup West, Mumbai",43.8,27.3,35.2,42,16.6,9.3,337,1008.0,0.0
2024-04-17,117.0,63.0,9.0,7.0,1.5,6.0,"Khindipada-Bhandup West, Mumbai",36.5,26.9,31.8,60,15.8,9.4,225,1008.3,0.0
2024-04-18,104.0,50.0,6.0,3.0,2.0,5.0,"Khindipada-Bhandup West, Mumbai",36.6,26.2,31.2,69,19.0,9.0,277,1008.0,0.0
2024-04-19,91.0,69.0,5.0,2.0,1.0,5.0,"Khindipada-Bhandup West, Mumbai",39.0,25.1,31.4,61,25.0,10.3,304,1006.5,1.2
2024-04-20,128.0,42.0,7.0,2.0,1.5,1.0,"Khindipada-Bhandup West, Mumbai",38.8,25.4,31.4,55,23.7,11.2,318,1006.9,0.0
2024-04-21,76.0,40.0,9.0,3.0,2.0,2.0,"Khindipada-Bhandup West, Mumbai",36.8,23.4,30.3,57,24.0,12.0,320,1007.7,0.0
2024-04-22,73.0,49.0,8.0,2.0,2.0,5.0,"Khindipada-Bhandup West, Mumbai",36.8,24.0,30.2,62,20.5,11.4,318,1008.4,0.0
2024-04-23,90.0,56.0,10.0,2.0,1.0,7.0,"Khindipada-Bhandup West, Mumbai",37.1,23.1,29.6,65,20.6,11.0,316,1007.3,0.0
2024-04-24,98.0,49.0,7.0,3.0,2.0,5.0,"Khindipada-Bhandup West, Mumbai",37.3,22.4,29.5,68,20.3,10.5,313,1006.5,0.0
2024-04-25,86.0,53.0,9.5,3.0,2.5,5.5,"Khindipada-Bhandup West, Mumbai",37.2,23.6,30.0,65,23.3,11.2,310,1006.9,0.0
2024-04-26,95.5,57.0,12.0,3.0,3.0,6.0,"Khindipada-Bhandup West, Mumbai",38.6,24.3,30.9,60,20.1,11.4,315,1006.8,0.0
2024-04-27,105.0,78.0,13.0,3.0,2.0,6.0,"Khindipada-Bhandup West, Mumbai",39.7,25.0,32.1,53,22.1,11.7,321,1006.6,0.0
2024-04-28,132.0,65.0,11.0,3.0,2.0,4.0,"Khindipada-Bhandup West, Mumbai",43.4,25.3,34.3,40,25.1,13.2,331,1006.3,0.0
2024-04-29,118.0,65.0,10.0,3.0,3.0,5.0,"Khindipada-Bhandup West, Mumbai",41.3,25.9,33.7,38,21.7,12.8,324,1007.7,0.0
2024-04-30,118.0,63.0,7.0,2.0,3.0,6.0,"Khindipada-Bhandup West, Mumbai",41.5,24.8,32.8,46,21.9,12.2,323,1006.7,0.0
2024-05-01,116.0,64.0,8.0,2.0,2.0,8.0,"Khindipada-Bhandup West, Mumbai",37.0,25.1,30.2,60,18.1,8.9,289,1005.9,0.0
2024-05-02,114.0,67.0,7.0,2.0,2.0,8.0,"Khindipada-Bhandup West, Mumbai",36.0,22.5,28.7,70,17.8,8.5,256,1006.2,0.0
2024-05-03,122.0,50.0,6.0,2.0,3.0,4.0,"Khindipada-Bhandup West, Mumbai",36.0,21.6,28.2,75,18.8,7.9,296,1007.5,0.0
2024-05-04,92.0,44.0,7.0,1.0,2.0,4.0,"Khindipada-Bhandup West, Mumbai",35.9,23.3,29.3,77,18.7,8.7,295,1008.2,0.0
2024-05-05,79.0,38.0,4.0,2.0,3.0,5.0,"Khindipada-Bhandup West, Mumbai",37.3,24.0,30.4,71,21.8,10.0,300,1006.4,0.0
2024-05-06,71.0,54.0,6.0,1.0,2.0,3.0,"Khindipada-Bhandup West, Mumbai",35.5,24.1,29.6,74,19.5,9.5,296,1007.4,0.0
2024-05-07,96.0,41.0,6.0,1.0,1.0,3.0,"Khindipada-Bhandup West, Mumbai",35.7,24.7,29.7,75,18.1,9.9,267,1008.4,0.0
2024-05-08,76.0,24.0,14.0,1.0,6.0,5.0,"Khindipada-Bhandup West, Mumbai",35.0,24.4,29.7,75,21.2,9.2,279,1007.9,0.0
2024-05-09,53.0,31.0,4.0,2.0,1.0,1.0,"Khindipada-Bhandup West, Mumbai",34.5,24.6,29.7,77,18.0,9.1,282,1007.1,0.1
2024-05-10,63.0,39.0,3.0,2.0,1.0,2.0,"Khindipada-Bhandup West, Mumbai",35.0,25.8,29.9,75,18.9,9.7,291,1008.2,0.0
2024-05-11,72.0,26.5,22.0,2.5,1.0,2.0,"Khindipada-Bhandup West, Mumbai",35.7,25.2,30.2,75,21.0,10.6,310,1008.8,0.0
2024-05-12,53.5,14.0,41.0,3.0,1.0,2.0,"Khindipada-Bhandup West, Mumbai",36.3,26.2,30.8,72,20.0,10.0,316,1008.8,0.0
2024-05-13,35.0,45.0,76.0,5.0,1.0,2.0,"Khindipada-Bhandup West, Mumbai",37.8,26.4,31.1,68,19.9,7.0,334,1008.3,2.1
2024-05-14,79.0,61.0,3.0,4.0,2.0,1.0,"Khindipada-Bhandup West, Mumbai",40.9,26.5,31.9,62,19.7,10.5,320,1007.6,0.5
2024-05-15,109.0,58.0,4.0,1.0,1.0,10.0,"Khindipada-Bhandup West, Mumbai",38.7,26.3,32.0,65,18.9,9.2,290,1007.8,0.0
2024-05-16,102.0,55.0,11.0,4.0,2.0,9.0,"Khindipada-Bhandup West, Mumbai",40.3,27.0,33.1,60,15.0,6.0,105,1007.9,1.8
2024-05-17,98.0,52.0,4.0,2.0,2.0,5.0,"Khindipada-Bhandup West, Mumbai",38.3,27.4,32.0,64,16.5,7.7,264,1007.0,0.0
2024-05-18,94.0,54.0,4.0,3.0,2.0,1.0,"Khindipada-Bhandup West, Mumbai",37.2,26.8,31.8,75,15.4,7.4,256,1005.0,0.0
2024-05-19,95.0,40.0,4.0,1.0,2.0,1.0,"Khindipada-Bhandup West, Mumbai",36.6,26.2,31.3,75,17.4,8.6,262,1003.2,2.0
2024-05-20,75.0,42.0,4.0,2.0,1.0,4.0,"Khindipada-Bhandup West, Mumbai",37.5,27.6,32.0,72,20.5,10.4,246,1003.5,0.0
2024-05-21,79.0,48.0,30.0,2.0,1.0,5.0,"Khindipada-Bhandup West, Mumbai",38.1,27.6,32.4,72,18.3,9.1,265,1003.3,0.0
2024-05-22,89.0,50.0,8.0,1.0,1.1428571428571428,2.0,"Khindipada-Bhandup West, Mumbai",36.8,27.6,31.9,76,16.9,10.0,263,1002.9,0.2
2024-05-23,89.0,42.0,7.0,14.0,1.2857142857142856,2.0,"Khindipada-Bhandup West, Mumbai",36.0,27.2,31.4,77,20.7,9.9,258,1002.1,0.0
2024-05-24,79.0,40.0,6.0,3.0,1.4285714285714286,1.0,"Khindipada-Bhandup West, Mumbai",37.0,27.4,31.4,74,18.2,10.7,265,1002.1,0.1
2024-05-25,74.0,48.0,6.0,2.0,2.0,1.0,"Khindipada-Bhandup West, Mumbai",35.2,27.1,31.1,72,18.7,11.7,269,1003.5,0.4
2024-05-26,84.0,54.0,6.0,1.0,2.0,2.0,"Khindipada-Bhandup West, Mumbai",34.6,28.5,31.4,68,19.4,13.9,272,1004.4,0.1
2024-05-27,93.0,42.0,6.0,1.5,2.0,1.0,"Khindipada-Bhandup West, Mumbai",34.5,28.8,30.9,72,19.5,13.6,264,1004.1,0.3
2024-05-28,77.0,37.0,5.0,2.0,2.0,5.0,"Khindipada-Bhandup West, Mumbai",34.8,28.4,31.3,69,20.5,14.7,259,1004.4,0.5
2024-05-29,52.0,45.0,6.0,1.0,2.0,5.0,"Khindipada-Bhandup West, Mumbai",35.3,28.6,31.6,64,22.9,15.9,244,1004.5,0.0
2024-05-30,80.0,36.0,7.0,1.0,1.0,4.0,"Khindipada-Bhandup West, Mumbai",35.8,28.0,31.8,64,18.8,12.5,257,1005.4,0.1
2024-05-31,70.0,32.0,6.0,1.0,2.0,1.0,"Khindipada-Bhandup West, Mumbai",36.2,27.5,31.2,75,19.8,10.4,266,1006.2,0.6
2024-06-01,65.0,12.0,7.0,1.0,1.0,3.0,"Khindipada-Bhandup West, Mumbai",35.7,27.0,31.2,72,17.3,10.1,263,1006.0,0.8
2024-06-02,33.0,44.0,6.0,1.0,1.0,5.0,"Khindipada-Bhandup West, Mumbai",36.1,26.8,31.4,69,17.6,10.2,273,1006.2,0.6
2024-06-03,81.0,47.0,13.0,2.0,2.0,5.0,"Khindipada-Bhandup West, Mumbai",36.0,27.9,31.5,70,15.4,7.8,267,1006.4,3.6
2024-06-04,82.0,36.0,4.0,1.0,9.0,2.0,"Khindipada-Bhandup West, Mumbai",34.5,27.1,30.0,77,13.9,7.8,217,1007.1,2.7
2024-06-05,72.0,33.0,3.0,1.0,4.0,2.0,"Khindipada-Bhandup West, Mumbai",34.8,26.1,29.2,80,18.0,7.2,224,1007.4,3.5
2024-06-06,61.0,27.0,6.0,1.0,3.0,3.0,"Khindipada-Bhandup West, Mumbai",35.2,26.1,29.6,80,14.4,6.2,270,1007.9,2.6
2024-06-07,58.0,35.0,8.0,1.0,2.6,7.0,"Khindipada-Bhandup West, Mumbai",34.5,27.2,30.2,75,17.0,8.4,298,1006.2,1.1
2024-06-08,48.0,53.0,4.0,1.0,2.2,9.0,"Khindipada-Bhandup West, Mumbai",34.9,25.8,29.8,74,16.5,9.9,307,1005.0,3.3
2024-06-09,65.0,15.0,2.0,5.0,1.8,2.0,"Khindipada-Bhandup West, Mumbai",32.2,25.1,28.3,83,14.7,6.9,276,1004.8,15.5
2024-06-10,29.0,17.0,5.0,2.0,1.2159090909090908,6.0,"Khindipada-Bhandup West, Mumbai",30.3,24.8,26.8,89,11.5,6.2,230,1006.3,26.0
2024-06-11,31.0,12.0,5.0,2.0,1.0,7.0,"Khindipada-Bhandup West, Mumbai",30.8,25.0,27.1,90,12.9,7.5,203,1006.8,15.9
2024-06-12,26.0,18.0,6.0,1.0,1.0,9.0,"Khindipada-Bhandup West, Mumbai",30.2,25.0,27.2,88,13.8,8.7,209,1007.6,17.0
2024-06-13,34.0,16.0,6.0,2.0,1.0,8.0,"Khindipada-Bhandup West, Mumbai",31.0,25.5,27.3,87,14.8,9.7,202,1007.2,13.9
2024-06-14,31.0,21.0,8.0,3.0,1.0,9.0,"Khindipada-Bhandup West, Mumbai",30.6,24.9,26.7,88,17.4,10.7,191,1006.4,7.6
2024-06-15,39.0,36.0,8.0,3.0,1.2159090909090908,9.0,"Khindipada-Bhandup West, Mumbai",30.2,24.9,27.4,85,17.7,12.3,186,1005.5,1.4
2024-06-16,55.0,22.0,4.0,1.0,1.2159090909090908,6.0,"Khindipada-Bhandup West, Mumbai",32.0,25.5,28.3,82,13.4,8.1,206,1005.7,3.7
2024-06-17,37.0,23.0,2.0,3.0,1.2159090909090908,9.0,"Khindipada-Bhandup West, Mumbai",32.2,26.0,28.1,85,15.1,9.6,195,1006.1,9.0
2024-06-18,41.0,15.0,4.0,2.0,1.2159090909090908,2.0,"Khindipada-Bhandup West, Mumbai",30.4,25.5,27.0,89,17.8,12.2,204,1005.9,18.1
2024-06-19,29.0,29.0,2.0,2.0,1.0,8.0,"Khindipada-Bhandup West, Mumbai",29.2,25.0,26.8,89,17.6,10.7,204,1004.0,25.8
2024-06-20,48.0,22.0,5.0,2.0,1.0909090909090908,2.0,"Khindipada-Bhandup West, Mumbai",28.4,25.5,26.6,91,17.9,12.3,200,1003.1,32.9
2024-06-21,39.0,12.0,4.0,2.0,1.181818181818182,2.0,"Khindipada-Bhandup West, Mumbai",31.5,24.2,27.5,87,19.2,12.4,217,1003.6,10.9
2024-06-22,26.0,25.0,9.0,2.0,1.2727272727272727,4.0,"Khindipada-Bhandup West, Mumbai",31.0,24.6,27.3,87,15.4,10.5,202,1002.5,5.2
2024-06-23,42.0,18.0,9.0,1.0,1.2159090909090908,2.0,"Khindipada-Bhandup West, Mumbai",30.8,25.2,27.4,88,13.2,8.7,200,1001.4,8.4
2024-06-24,34.0,23.0,8.0,1.0,1.2159090909090908,4.0,"Khindipada-Bhandup West, Mumbai",30.0,25.1,27.4,88,13.6,7.8,190,999.7,15.2
2024-06-25,41.0,17.0,6.0,2.0,1.2159090909090908,3.0,"Khindipada-Bhandup West, Mumbai",31.0,25.5,27.9,86,25.2,15.2,171,998.0,13.6
2024-06-26,32.0,11.0,6.0,2.0,1.2159090909090908,2.0,"Khindipada-Bhandup West, Mumbai",30.5,26.5,27.6,89,27.9,17.8,197,998.0,23.3
2024-06-27,24.0,24.0,4.0,2.0,1.2159090909090908,3.0,"Khindipada-Bhandup West, Mumbai",28.5,26.0,26.8,91,23.8,17.5,205,1000.6,90.0
2024-06-28,40.0,34.0,6.0,1.0,1.2159090909090908,2.0,"Khindipada-Bhandup West, Mumbai",28.4,25.4,26.6,91,21.7,17.8,199,1001.9,40.9
2024-06-29,53.0,34.0,6.0,1.0,1.2159090909090908,1.0,"Khindipada-Bhandup West, Mumbai",29.8,24.8,26.9,90,24.0,15.9,194,1003.1,17.3
2024-06-30,53.0,27.0,4.0,1.0,2.0,3.0,"Khindipada-Bhandup West, Mumbai",29.5,25.5,27.1,90,19.9,15.4,206,1003.4,20.9
2024-07-01,44.0,45.0,8.0,1.0,1.8571428571428568,1.0,"Khindipada-Bhandup West, Mumbai",30.9,25.5,27.6,85,31.1,22.8,218,1002.3,12.9
2024-07-02,64.0,40.0,4.0,1.0,1.7142857142857144,1.0,"Khindipada-Bhandup West, Mumbai",30.5,25.4,28.1,85,25.6,20.4,231,1001.7,10.5
2024-07-03,58.0,36.0,4.0,1.0,1.5714285714285714,1.0,"Khindipada-Bhandup West, Mumbai",29.7,25.6,27.9,87,23.4,17.3,222,1002.7,11.9
2024-07-04,54.0,28.0,3.0,1.0,1.7857142857142858,1.0,"Khindipada-Bhandup West, Mumbai",29.2,25.6,27.3,88,18.3,14.4,219,1004.0,9.9
2024-07-05,46.0,41.0,5.0,1.0,1.7857142857142858,1.0,"Khindipada-Bhandup West, Mumbai",29.3,25.5,26.9,89,19.6,14.9,218,1002.2,16.9
2024-07-06,60.0,38.0,4.0,1.0,1.7857142857142858,1.0,"Khindipada-Bhandup West, Mumbai",29.4,25.0,27.1,88,22.5,16.2,226,1001.3,17.9
2024-07-07,57.0,24.0,3.0,1.0,1.0,3.0,"Khindipada-Bhandup West, Mumbai",28.6,25.0,26.6,91,15.2,11.8,217,1002.4,12.8
2024-07-08,40.0,12.0,2.0,2.0,2.0,5.0,"Khindipada-Bhandup West, Mumbai",29.0,24.8,26.4,91,12.6,8.3,201,1002.5,17.5
2024-07-09,24.0,9.5,2.0,1.5,1.6666666666666667,4.5,"Khindipada-Bhandup West, Mumbai",27.0,24.6,25.5,94,15.8,10.0,197,1003.4,91.7
2024-07-10,20.0,7.0,2.0,1.0,1.3333333333333337,4.0,"Khindipada-Bhandup West, Mumbai",29.5,24.8,26.4,90,19.3,12.7,202,1006.1,25.2
2024-07-11,16.0,14.0,3.0,1.0,1.0,2.0,"Khindipada-Bhandup West, Mumbai",28.8,23.5,25.8,93,17.4,12.2,216,1005.8,27.5
2024-07-12,26.0,13.0,3.0,1.0,2.0,2.0,"Khindipada-Bhandup West, Mumbai",26.5,24.8,25.6,94,18.0,11.5,241,1003.9,49.8
2024-07-13,26.0,27.0,3.0,1.0,1.0,2.0,"Khindipada-Bhandup West, Mumbai",26.3,24.8,25.6,93,22.7,15.1,240,1003.4,64.4
2024-07-14,44.0,36.0,7.0,1.0,1.0,3.0,"Khindipada-Bhandup West, Mumbai",26.5,24.3,25.2,95,18.5,8.6,240,1001.8,45.2
2024-07-15,55.0,25.5,5.0,1.0,1.0,2.5,"Khindipada-Bhandup West, Mumbai",29.0,24.5,26.2,90,13.6,7.9,226,1001.1,12.8
2024-07-16,41.5,15.0,3.0,1.0,1.0,2.0,"Khindipada-Bhandup West, Mumbai",30.1,24.8,26.4,91,17.9,11.2,206,1000.3,13.4
2024-07-17,28.0,7.0,3.0,15.0,2.0,1.5,"Khindipada-Bhandup West, Mumbai",27.9,25.0,26.2,92,19.1,12.8,221,1002.0,38.7
2024-07-18,18.0,13.0,4.0,1.0,1.0,1.0,"Khindipada-Bhandup West, Mumbai",28.2,25.0,26.1,92,21.2,15.0,231,1002.6,53.6
2024-07-19,27.0,7.0,5.0,1.0,2.0,1.0,"Khindipada-Bhandup West, Mumbai",27.4,25.4,26.0,93,22.2,16.3,227,1000.8,50.3
2024-07-20,19.0,11.0,5.0,1.0,1.0,1.0,"Khindipada-Bhandup West, Mumbai",27.7,25.5,26.0,92,23.2,16.8,228,1001.3,84.1
2024-07-21,23.0,20.0,5.0,2.0,1.0,1.0,"Khindipada-Bhandup West, Mumbai",27.0,25.4,26.1,92,21.9,16.7,233,1001.8,35.1
2024-07-22,37.0,17.0,4.0,2.0,2.0,1.0,"Khindipada-Bhandup West, Mumbai",26.6,25.2,25.9,93,21.8,17.6,233,1003.7,35.3
2024-07-23,33.0,19.0,4.0,1.0,1.0,2.0,"Khindipada-Bhandup West, Mumbai",26.2,25.4,25.8,92,24.8,19.3,239,1004.5,36.0
2024-07-24,36.0,14.0,7.0,1.0,2.0,1.0,"Khindipada-Bhandup West, Mumbai",26.6,25.1,25.8,92,23.9,21.1,245,1002.1,39.0
2024-07-25,28.0,31.0,3.0,1.0,2.0,1.0,"Khindipada-Bhandup West, Mumbai",26.9,25.2,25.8,91,24.6,20.6,259,1001.2,61.4
2024-07-26,51.0,28.0,3.0,1.0,2.0,1.0,"Khindipada-Bhandup West, Mumbai",28.6,24.6,26.3,89,24.5,17.4,251,1002.5,31.1
2024-07-27,47.0,36.0,4.0,1.0,2.0,1.0,"Khindipada-Bhandup West, Mumbai",28.9,25.2,26.8,86,25.4,19.2,256,1003.2,7.8
2024-07-28,56.0,32.0,4.0,1.0,1.7857142857142858,1.0,"Khindipada-Bhandup West, Mumbai",29.2,25.5,26.5,90,22.3,15.8,257,1001.0,15.3
2024-07-29,51.0,31.0,3.0,1.0,1.7857142857142858,1.0,"Khindipada-Bhandup West, Mumbai",27.8,25.0,25.9,92,20.0,14.3,244,999.8,33.0
2024-07-30,51.0,22.0,3.0,2.0,1.7857142857142858,2.0,"Khindipada-Bhandup West, Mumbai",28.5,24.9,26.4,90,20.1,13.3,235,1003.0,20.7
2024-07-31,39.0,19.0,14.0,2.0,2.0,1.0,"Khindipada-Bhandup West, Mumbai",29.1,24.4,26.5,89,18.2,12.6,243,1005.4,23.0
2024-08-01,35.0,15.0,3.0,1.0,1.0,1.25,"Khindipada-Bhandup West, Mumbai",29.4,24.5,26.7,87,22.1,15.2,241,1005.1,20.8
2024-08-02,29.0,16.0,2.0,1.0,1.0,1.5,"Khindipada-Bhandup West, Mumbai",28.5,24.4,26.1,88,23.6,17.8,238,1004.7,20.4
2024-08-03,31.0,26.0,2.0,1.0,1.0,1.75,"Khindipada-Bhandup West, Mumbai",27.7,24.9,26.0,89,24.7,19.3,241,1005.0,21.9
2024-08-04,45.0,29.0,2.0,2.0,1.0,2.0,"Khindipada-Bhandup West, Mumbai",27.4,25.1,25.8,91,21.8,17.2,241,1005.5,41.6
2024-08-05,46.0,15.0,2.0,2.0,1.0,3.0,"Khindipada-Bhandup West, Mumbai",29.6,25.2,26.7,86,22.0,16.3,229,1006.3,6.5
2024-08-06,30.0,14.0,3.0,2.0,2.0,1.0,"Khindipada-Bhandup West, Mumbai",29.5,25.0,26.7,86,18.9,13.5,236,1006.4,5.7
2024-08-07,28.0,16.0,3.0,2.0,2.0,2.0,"Khindipada-Bhandup West, Mumbai",29.1,25.0,26.8,86,18.9,12.3,252,1006.6,7.0
2024-08-08,30.0,16.0,7.0,2.0,2.0,4.0,"Khindipada-Bhandup West, Mumbai",28.9,24.8,26.5,86,16.8,10.5,243,1007.5,5.6
2024-08-09,30.0,14.0,8.0,2.0,2.0,5.0,"Khindipada-Bhandup West, Mumbai",27.2,24.6,25.7,90,13.0,9.0,242,1008.5,16.0
2024-08-10,29.0,12.0,9.0,1.0,2.0,5.0,"Khindipada-Bhandup West, Mumbai",28.5,24.4,26.3,87,17.4,8.7,248,1008.2,8.6
2024-08-11,24.0,19.0,8.0,2.0,2.0,6.0,"Khindipada-Bhandup West, Mumbai",29.7,25.1,26.9,85,18.7,11.6,251,1006.7,3.0
2024-08-12,36.0,15.0,4.0,2.0,2.0,5.0,"Khindipada-Bhandup West, Mumbai",29.2,25.0,26.7,86,19.6,10.3,242,1006.5,6.0
2024-08-13,29.0,16.0,3.0,2.0,2.0,2.0,"Khindipada-Bhandup West, Mumbai",29.1,24.4,26.6,88,15.2,7.7,244,1007.0,3.3
2024-08-14,31.0,18.0,5.0,2.0,2.0,2.0,"Khindipada-Bhandup West, Mumbai",30.1,25.0,27.0,86,15.1,5.9,275,1006.9,4.5
2024-08-15,34.0,17.0,5.0,2.0,2.0,2.0,"Khindipada-Bhandup West, Mumbai",30.2,24.4,27.1,86,16.8,6.1,275,1005.9,2.0
2024-08-16,33.0,18.0,5.0,2.0,2.0,2.0,"Khindipada-Bhandup West, Mumbai",30.1,24.6,27.2,86,15.5,7.1,263,1004.9,1.0
2024-08-17,34.0,28.0,4.0,2.0,2.0,3.0,"Khindipada-Bhandup West, Mumbai",30.8,25.0,27.5,86,12.1,5.6,273,1005.9,1.0
2024-08-18,47.0,26.0,4.0,2.0,2.0,5.0,"Khindipada-Bhandup West, Mumbai",30.5,24.8,27.5,87,12.6,5.7,321,1006.6,2.9
2024-08-19,44.0,27.0,5.0,4.0,2.0,7.0,"Khindipada-Bhandup West, Mumbai",29.6,24.8,27.0,90,13.5,6.2,335,1005.9,26.4
2024-08-20,44.0,25.0,7.0,3.0,2.0,6.0,"Khindipada-Bhandup West, Mumbai",29.3,24.8,26.3,91,11.9,5.0,340,1005.5,34.0
2024-08-21,43.0,27.0,11.0,3.0,2.0,7.0,"Khindipada-Bhandup West, Mumbai",31.0,24.8,27.5,88,15.0,6.2,329,1005.4,0.5
2024-08-22,45.0,10.0,4.0,3.333333333333333,2.0,5.0,"Khindipada-Bhandup West, Mumbai",30.9,25.0,27.7,86,13.0,7.6,209,1004.9,6.9
2024-08-23,22.0,14.333333333333332,6.333333333333334,3.6666666666666665,2.0,5.333333333333333,"Khindipada-Bhandup West, Mumbai",29.1,25.5,26.7,91,13.9,9.0,176,1005.5,15.3
2024-08-24,29.666666666666668,18.666666666666664,8.666666666666668,4.0,2.0,5.666666666666667,"Khindipada-Bhandup West, Mumbai",26.2,24.8,25.3,95,17.3,10.0,262,1006.5,58.2
2024-08-25,37.333333333333336,23.0,11.0,1.0,2.0,6.0,"Khindipada-Bhandup West, Mumbai",27.1,24.2,25.5,91,21.3,15.6,251,1005.5,33.4
2024-08-26,45.0,16.0,14.0,1.5,2.0,6.0,"Khindipada-Bhandup West, Mumbai",26.4,24.0,25.6,90,23.8,18.4,247,1003.8,21.2
2024-08-27,34.0,25.0,14.0,2.0,2.0,6.0,"Khindipada-Bhandup West, Mumbai",28.0,23.5,25.5,90,26.5,19.6,217,1004.8,26.2
2024-08-28,46.0,42.0,4.0,3.0,2.0,3.0,"Khindipada-Bhandup West, Mumbai",29.1,24.3,26.3,87,28.3,19.4,219,1005.5,16.6
2024-08-29,68.0,32.0,10.0,2.0,2.0,2.0,"Khindipada-Bhandup West, Mumbai",28.8,25.0,26.8,87,23.4,15.7,215,1004.8,5.0
2024-08-30,52.0,23.0,6.0,2.0,2.0,3.0,"Khindipada-Bhandup West, Mumbai",29.2,24.3,26.6,87,17.8,12.2,211,1005.9,5.4
2024-08-31,41.0,28.0,5.0,1.0,2.0,4.0,"Khindipada-Bhandup West, Mumbai",29.9,24.9,26.7,87,11.3,7.0,238,1007.2,4.2
2024-09-01,48.0,21.0,5.0,1.0,2.0,7.0,"Khindipada-Bhandup West, Mumbai",27.9,24.5,26.3,88,12.1,6.5,287,1006.9,1.4
2024-09-02,40.0,20.0,8.0,1.0,2.0,6.0,"Khindipada-Bhandup West, Mumbai",26.8,24.4,25.6,92,16.5,9.2,292,1005.6,27.9
2024-09-03,37.0,28.0,11.0,1.0,2.0,6.0,"Khindipada-Bhandup West, Mumbai",27.4,24.2,25.6,91,13.9,8.0,252,1006.4,13.8
2024-09-04,47.0,26.0,7.0,1.0,2.0,6.0,"Khindipada-Bhandup West, Mumbai",28.6,24.5,26.1,89,17.7,10.5,250,1007.3,8.4
2024-09-05,41.0,29.0,6.0,1.0,2.0,5.0,"Khindipada-Bhandup West, Mumbai",28.5,24.5,26.1,90,20.0,12.8,258,1005.9,16.9
2024-09-06,41.0,24.0,5.0,1.0,2.0,4.0,"Khindipada-Bhandup West, Mumbai",28.4,24.6,26.1,89,18.7,10.3,254,1006.9,14.1
2024-09-07,36.0,21.0,6.0,1.0,2.0,5.0,"Khindipada-Bhandup West, Mumbai",29.0,24.5,26.1,89,15.5,8.3,244,1007.6,7.3
2024-09-08,30.0,17.0,5.0,2.0,2.0,4.0,"Khindipada-Bhandup West, Mumbai",29.6,24.3,26.3,88,14.2,8.1,227,1007.6,3.3
2024-09-09,25.0,24.0,6.0,3.0,2.0,7.0,"Khindipada-Bhandup West, Mumbai",29.1,24.5,26.4,87,16.5,7.6,240,1005.3,3.8
2024-09-10,35.0,16.0,8.0,1.0,2.0,7.0,"Khindipada-Bhandup West, Mumbai",28.7,24.5,26.3,88,15.3,8.2,238,1004.5,4.9
2024-09-11,24.0,37.0,4.0,2.0,2.0,8.0,"Khindipada-Bhandup West, Mumbai",28.5,24.3,26.0,88,16.1,10.0,216,1005.5,5.4
2024-09-12,56.0,29.0,6.0,1.0,2.0,9.0,"Khindipada-Bhandup West, Mumbai",28.8,24.2,25.9,88,18.0,10.7,225,1007.4,7.3
2024-09-13,42.0,16.0,6.0,1.0,2.0,8.0,"Khindipada-Bhandup West, Mumbai",28.8,23.8,25.7,87,17.1,10.0,215,1007.8,3.7
2024-09-14,24.0,16.0,8.0,4.0,2.0,10.0,"Khindipada-Bhandup West, Mumbai",27.6,23.3,24.9,89,14.8,9.5,210,1007.7,6.6
2024-09-15,24.0,37.0,5.0,1.0,2.0,12.0,"Khindipada-Bhandup West, Mumbai",28.1,23.1,25.2,88,13.6,7.4,221,1008.2,2.9
2024-09-16,53.0,33.0,8.0,1.0,1.0,10.0,"Khindipada-Bhandup West, Mumbai",29.6,23.2,25.8,88,13.7,8.2,212,1008.7,1.0
2024-09-17,48.0,29.0,11.0,1.0,1.0,8.0,"Khindipada-Bhandup West, Mumbai",29.5,22.1,25.5,87,15.2,6.2,318,1008.9,0.1
2024-09-18,43.0,33.0,10.0,1.0,1.0,8.5,"Khindipada-Bhandup West, Mumbai",29.6,22.4,25.9,86,11.9,5.5,264,1007.0,1.0
2024-09-19,46.5,37.0,9.0,1.0,1.0,9.0,"Khindipada-Bhandup West, Mumbai",29.7,23.8,26.4,86,12.3,5.5,248,1007.4,1.4
2024-09-20,50.0,27.0,6.0,1.0,2.0,6.0,"Khindipada-Bhandup West, Mumbai",29.0,23.5,25.9,89,10.1,5.4,228,1007.8,8.7
2024-09-21,41.0,35.0,5.0,2.0,2.0,3.0,"Khindipada-Bhandup West, Mumbai",30.1,23.3,26.6,86,15.0,6.4,297,1008.4,2.0
2024-09-22,52.0,34.0,9.0,2.0,2.0,5.0,"Khindipada-Bhandup West, Mumbai",30.1,24.0,26.8,86,15.8,7.6,336,1007.7,1.6
2024-09-23,49.0,21.0,8.0,3.5,2.0,12.0,"Khindipada-Bhandup West, Mumbai",29.8,24.8,26.8,91,14.4,6.6,331,1006.6,10.1
2024-09-24,41.0,11.0,9.0,5.0,2.0,1.0,"Khindipada-Bhandup West, Mumbai",29.9,23.9,26.1,92,18.6,6.9,352,1004.9,38.3
2024-09-25,26.0,10.0,8.0,10.0,1.0,4.0,"Khindipada-Bhandup West, Mumbai",28.4,23.9,25.7,94,15.8,6.7,333,1004.2,48.2
2024-09-26,25.0,7.0,7.0,9.0,1.0,4.0,"Khindipada-Bhandup West, Mumbai",26.6,24.1,25.3,95,14.5,6.7,207,1003.1,30.1
2024-09-27,21.0,8.0,6.0,6.0,1.0,3.0,"Khindipada-Bhandup West, Mumbai",26.5,25.1,25.7,92,21.3,18.2,245,1004.6,60.4
2024-09-28,23.0,16.0,7.0,8.0,1.0,4.0,"Khindipada-Bhandup West, Mumbai",28.5,24.6,26.2,88,16.7,9.9,233,1008.0,6.7
2024-09-29,34.0,23.0,10.0,7.0,2.0,4.0,"Khindipada-Bhandup West, Mumbai",29.1,24.1,26.2,90,14.6,8.2,225,1010.1,3.7
2024-09-30,42.0,57.0,10.0,4.0,2.0,2.0,"Khindipada-Bhandup West, Mumbai",30.4,24.1,26.8,89,12.7,5.9,312,1010.1,2.1
2024-10-01,80.0,60.0,24.0,5.0,3.0,9.0,"Khindipada-Bhandup West, Mumbai",32.9,24.4,27.8,88,12.6,5.9,338,1008.1,0.2
2024-10-02,83.0,30.0,8.0,3.0,3.0,6.0,"Khindipada-Bhandup West, Mumbai",31.8,25.3,27.8,90,13.8,4.9,265,1008.8,1.9
2024-10-03,51.0,21.0,12.0,3.0,3.0,5.0,"Khindipada-Bhandup West, Mumbai",30.5,24.8,27.3,88,15.7,6.1,258,1009.2,1.8
2024-10-04,40.0,20.0,8.0,6.0,3.0,1.0,"Khindipada-Bhandup West, Mumbai",30.0,24.6,26.9,88,13.3,5.8,281,1009.2,1.5
2024-10-05,38.0,26.0,11.0,4.0,1.0,1.0,"Khindipada-Bhandup West, Mumbai",30.5,23.6,26.5,88,14.6,5.7,317,1009.7,0.4
2024-10-06,45.0,53.0,19.0,8.0,1.0,3.0,"Khindipada-Bhandup West, Mumbai",32.3,23.8,26.9,87,11.9,6.0,14,1009.7,2.9
2024-10-07,75.0,64.0,22.0,13.0,1.0,4.0,"Khindipada-Bhandup West, Mumbai",33.7,24.4,28.3,83,12.7,6.4,13,1009.7,0.1
2024-10-08,88.0,44.0,12.0,9.0,1.0,1.0,"Khindipada-Bhandup West, Mumbai",34.3,24.1,28.3,83,12.2,5.4,267,1009.9,0.0
2024-10-09,65.0,41.0,13.0,10.0,1.0,1.0,"Khindipada-Bhandup West, Mumbai",29.9,24.5,26.7,89,15.5,5.0,91,1008.7,6.2
2024-10-10,62.0,20.0,14.0,10.0,1.0,2.0,"Khindipada-Bhandup West, Mumbai",30.7,23.5,26.6,88,10.3,5.9,61,1006.9,15.5
2024-10-11,38.0,32.0,16.0,9.0,1.0,4.0,"Khindipada-Bhandup West, Mumbai",32.0,23.9,27.1,85,12.1,5.9,96,1006.4,19.5
2024-10-12,53.0,35.0,15.0,9.0,1.0,5.0,"Khindipada-Bhandup West, Mumbai",32.1,23.4,27.3,87,9.6,4.8,101,1007.6,7.4
2024-10-13,55.0,24.0,17.0,12.0,1.0,2.0,"Khindipada-Bhandup West, Mumbai",31.5,23.9,27.3,87,9.3,5.7,159,1008.7,12.7
2024-10-14,43.0,31.0,17.0,11.0,3.0,1.0,"Khindipada-Bhandup West, Mumbai",32.8,23.7,26.7,88,14.0,4.9,21,1009.2,18.8
2024-10-15,50.0,44.0,18.0,64.0,1.0,3.0,"Khindipada-Bhandup West, Mumbai",30.5,24.0,26.7,89,9.3,5.0,161,1009.3,0.4
2024-10-16,65.0,47.0,18.0,12.0,9.0,6.0,"Khindipada-Bhandup West, Mumbai",31.8,24.1,27.0,88,11.1,5.0,168,1008.6,10.8
2024-10-17,69.0,44.0,22.0,18.333333333333336,8.428571428571429,3.0,"Khindipada-Bhandup West, Mumbai",29.1,24.7,26.7,92,11.1,5.2,306,1007.8,1.6
2024-10-18,65.0,15.0,7.0,24.666666666666668,7.857142857142858,2.0,"Khindipada-Bhandup West, Mumbai",33.2,24.4,27.6,86,14.1,5.1,143,1007.7,16.0
2024-10-19,33.0,25.0,25.0,31.0,7.285714285714286,2.0,"Khindipada-Bhandup West, Mumbai",31.0,23.8,26.2,90,10.9,5.2,119,1010.2,19.2
2024-10-20,44.0,21.0,19.0,15.0,3.0,2.0,"Khindipada-Bhandup West, Mumbai",30.5,23.7,26.3,88,7.2,4.3,91,1011.0,6.4
2024-10-21,38.0,36.0,20.0,11.0,3.0,5.0,"Khindipada-Bhandup West, Mumbai",31.0,23.1,26.7,88,8.6,3.9,63,1011.0,10.8
2024-10-22,57.0,43.0,14.0,8.0,3.0,3.0,"Khindipada-Bhandup West, Mumbai",31.4,23.2,26.5,88,11.8,4.8,37,1010.9,9.5
2024-10-23,63.0,56.0,16.0,9.0,5.0,2.0,"Khindipada-Bhandup West, Mumbai",32.3,23.8,27.1,86,13.2,6.6,5,1010.2,0.0
2024-10-24,79.0,62.0,16.0,3.0,5.0,2.0,"Khindipada-Bhandup West, Mumbai",33.0,23.9,28.0,73,11.9,6.9,24,1009.9,0.3
2024-10-25,84.0,64.0,17.0,22.0,5.0,4.0,"Khindipada-Bhandup West, Mumbai",32.9,22.0,26.9,74,12.3,6.7,1,1009.9,0.0
2024-10-26,88.0,67.0,48.0,35.0,8.0,7.0,"Khindipada-Bhandup West, Mumbai",33.4,21.1,26.7,68,14.3,8.9,11,1010.2,0.0
2024-10-27,92.0,73.0,41.0,5.0,7.0,7.0,"Khindipada-Bhandup West, Mumbai",32.8,21.2,26.5,80,14.4,7.3,342,1009.0,0.0
2024-10-28,102.0,62.0,42.0,5.0,4.0,6.0,"Khindipada-Bhandup West, Mumbai",33.2,22.0,26.8,85,12.7,6.1,326,1007.5,0.0
2024-10-29,87.0,67.0,19.0,11.0,2.0,5.0,"Khindipada-Bhandup West, Mumbai",33.0,24.0,27.7,85,11.3,5.3,314,1008.8,1.3
2024-10-30,93.0,71.0,18.0,42.0,2.0,5.0,"Khindipada-Bhandup West, Mumbai",33.5,22.9,27.5,81,11.3,5.6,25,1009.7,0.0
2024-10-31,98.0,64.0,43.0,40.0,2.0,4.0,"Khindipada-Bhandup West, Mumbai",33.7,23.4,28.1,75,13.0,6.3,337,1010.3,0.3
2024-11-01,88.0,95.0,17.0,37.0,4.0,5.0,"Khindipada-Bhandup West, Mumbai",33.1,23.6,27.8,80,11.9,5.3,282,1011.6,0.0
2024-11-02,117.0,68.0,31.0,33.0,4.0,4.0,"Khindipada-Bhandup West, Mumbai",34.4,23.2,28.0,73,13.9,6.0,5,1011.9,0.0
2024-11-03,94.0,70.0,31.0,31.0,4.0,4.0,"Khindipada-Bhandup West, Mumbai",34.8,21.7,27.8,63,14.3,8.2,34,1011.6,0.0
2024-11-04,97.0,73.0,18.0,26.0,3.0,5.0,"Khindipada-Bhandup West, Mumbai",34.5,21.9,27.6,62,15.3,9.1,34,1010.8,0.0
2024-11-05,101.0,76.0,18.0,17.0,4.0,4.0,"Khindipada-Bhandup West, Mumbai",34.4,21.5,27.8,63,14.8,8.4,48,1011.4,0.0
2024-11-06,105.0,76.0,36.0,10.0,6.0,3.0,"Khindipada-Bhandup West, Mumbai",34.9,21.2,27.7,61,15.3,7.8,15,1012.2,0.0
2024-11-07,105.0,74.0,18.0,11.0,4.0,4.0,"Khindipada-Bhandup West, Mumbai",34.5,20.9,27.1,57,13.5,8.7,24,1012.1,0.0
2024-11-08,103.0,74.0,18.0,12.0,3.0,5.0,"Khindipada-Bhandup West, Mumbai",34.0,21.1,27.2,62,15.9,10.0,33,1011.8,0.0
2024-11-09,102.0,72.0,34.0,11.0,5.0,3.0,"Khindipada-Bhandup West, Mumbai",34.2,20.8,27.1,60,17.5,9.1,37,1011.9,0.0
2024-11-10,100.0,74.0,17.0,11.0,5.0,3.0,"Khindipada-Bhandup West, Mumbai",34.0,20.5,26.9,59,14.9,8.9,26,1011.9,0.0
2024-11-11,103.0,65.0,27.0,9.0,4.0,4.0,"Khindipada-Bhandup West, Mumbai",33.5,21.3,27.2,50,19.0,10.8,24,1011.8,0.0
2024-11-12,90.0,68.0,17.0,14.0,10.0,3.0,"Khindipada-Bhandup West, Mumbai",33.7,21.0,27.2,56,12.5,8.0,42,1011.1,0.0
2024-11-13,93.0,64.0,37.0,14.0,6.0,3.0,"Khindipada-Bhandup West, Mumbai",35.5,21.5,27.9,51,9.7,7.1,43,1009.5,0.0
2024-11-14,88.0,68.0,22.0,15.0,6.0,9.0,"Khindipada-Bhandup West, Mumbai",36.0,21.0,28.3,49,10.4,7.1,39,1010.4,0.0
2024-11-15,94.0,86.0,31.0,19.0,6.0,5.0,"Khindipada-Bhandup West, Mumbai",35.0,23.4,28.5,62,10.1,4.9,17,1011.5,0.8
2024-11-16,121.0,76.0,17.0,20.0,4.0,4.0,"Khindipada-Bhandup West, Mumbai",35.5,23.8,28.8,67,11.3,5.2,359,1010.7,0.0
2024-11-17,105.0,65.0,16.0,19.0,5.0,3.0,"Khindipada-Bhandup West, Mumbai",36.7,24.3,29.5,59,9.9,6.4,33,1010.2,0.0
2024-11-18,90.0,67.0,21.0,10.0,3.0,2.0,"Khindipada-Bhandup West, Mumbai",34.9,22.6,28.4,51,12.8,7.4,35,1011.3,0.0
2024-11-19,93.0,75.0,23.0,5.0,6.0,3.0,"Khindipada-Bhandup West, Mumbai",33.8,20.0,26.8,50,11.8,7.5,33,1012.5,0.0
2024-11-20,103.0,80.0,22.0,24.0,5.0,4.0,"Khindipada-Bhandup West, Mumbai",33.6,20.4,26.2,50,11.2,6.6,31,1012.1,0.0
2024-11-21,111.0,83.0,23.0,14.0,5.0,5.0,"Khindipada-Bhandup West, Mumbai",33.8,19.5,25.9,54,10.4,6.2,21,1011.8,0.0
2024-11-22,118.0,93.0,33.0,7.0,5.0,6.0,"Khindipada-Bhandup West, Mumbai",34.0,18.9,25.9,59,10.1,5.8,1,1011.3,0.0
2024-11-23,133.0,92.0,23.0,6.0,3.0,6.0,"Khindipada-Bhandup West, Mumbai",33.3,19.4,25.9,60,9.6,5.0,343,1012.2,0.0
2024-11-24,131.0,86.0,19.0,5.0,6.0,4.0,"Khindipada-Bhandup West, Mumbai",33.8,19.8,26.4,60,9.8,5.0,23,1012.3,0.0
2024-11-25,121.0,72.0,19.0,5.0,4.0,3.0,"Khindipada-Bhandup West, Mumbai",33.0,19.6,25.9,58,12.0,6.5,37,1012.0,0.0
2024-11-26,99.0,69.0,35.0,5.0,8.0,2.0,"Khindipada-Bhandup West, Mumbai",32.9,18.9,25.6,46,12.0,7.1,41,1011.9,0.0
2024-11-27,95.0,69.0,38.0,4.0,5.0,1.0,"Khindipada-Bhandup West, Mumbai",33.2,18.5,25.4,46,11.1,7.2,33,1011.1,0.0
2024-11-28,95.0,64.0,19.0,26.0,6.0,2.0,"Khindipada-Bhandup West, Mumbai",32.8,18.5,25.5,41,12.8,8.5,57,1011.1,0.0
2024-11-29,88.0,70.0,24.0,23.0,7.0,1.0,"Khindipada-Bhandup West, Mumbai",32.0,17.9,24.4,46,10.1,6.8,37,1011.3,0.0
2024-11-30,97.0,77.0,43.0,13.0,6.0,5.0,"Khindipada-Bhandup West, Mumbai",32.7,18.4,24.6,46,10.4,7.0,26,1009.9,0.0
2024-12-01,108.0,77.0,108.0,12.0,33.0,6.0,"Khindipada-Bhandup West, Mumbai",34.0,18.8,25.4,55,11.3,7.0,14,1008.1,0.0
2024-12-02,101.0,74.0,10.0,9.0,5.0,5.0,"Khindipada-Bhandup West, Mumbai",34.9,21.7,27.5,57,11.1,7.0,23,1007.5,0.0
2024-12-03,102.0,74.0,13.0,13.5,6.0,4.0,"Khindipada-Bhandup West, Mumbai",34.8,24.9,29.0,59,11.9,7.9,34,1008.9,0.4
2024-12-04,103.0,76.0,20.0,18.0,3.0,6.0,"Khindipada-Bhandup West, Mumbai",35.4,26.0,29.7,64,8.8,6.2,52,1009.8,0.1
2024-12-05,105.0,69.0,14.0,17.0,5.0,6.0,"Khindipada-Bhandup West, Mumbai",35.9,25.2,29.6,66,9.6,5.2,358,1010.7,0.4
2024-12-06,95.0,68.0,15.0,12.0,3.0,2.0,"Khindipada-Bhandup West, Mumbai",35.0,24.0,28.8,64,11.2,5.4,331,1010.7,0.0
2024-12-07,94.0,73.0,13.333333333333334,12.666666666666666,2.6666666666666665,3.666666666666667,"Khindipada-Bhandup West, Mumbai",34.0,22.8,27.5,52,12.5,6.7,337,1010.6,0.0
2024-12-09,109.33333333333331,83.0,10.0,14.0,2.0,7.0,"Khindipada-Bhandup West, Mumbai",31.4,18.5,23.9,43,11.9,8.7,8,1011.5,0.0
2024-12-10,117.0,78.0,16.0,13.0,7.0,3.0,"Khindipada-Bhandup West, Mumbai",33.2,19.4,25.0,50,8.9,6.5,23,1011.1,0.0
2024-12-11,108.0,72.0,15.0,15.0,4.0,6.0,"Khindipada-Bhandup West, Mumbai",34.5,19.8,26.0,58,9.8,6.3,18,1011.5,0.0
2024-12-12,100.0,64.0,13.0,11.0,5.0,1.0,"Khindipada-Bhandup West, Mumbai",32.9,18.8,25.1,62,11.6,6.7,1,1011.4,0.0
2024-12-13,88.0,73.0,15.0,11.0,4.0,5.0,"Khindipada-Bhandup West, Mumbai",32.7,20.1,25.6,50,10.6,7.8,44,1011.8,0.0
2024-12-14,101.0,71.0,17.0,11.0,8.0,3.0,"Khindipada-Bhandup West, Mumbai",33.4,19.0,25.4,45,10.1,7.8,51,1012.7,0.0
2024-12-15,97.0,64.0,14.0,12.0,5.0,3.0,"Khindipada-Bhandup West, Mumbai",34.5,17.5,25.1,44,9.6,6.6,38,1013.6,0.0
2024-12-16,87.0,83.0,18.0,17.0,5.0,6.0,"Khindipada-Bhandup West, Mumbai",33.8,16.0,24.2,47,10.1,5.8,13,1012.6,0.0
2024-12-17,117.0,91.0,26.0,15.0,6.0,8.0,"Khindipada-Bhandup West, Mumbai",33.0,15.6,23.4,56,10.1,4.4,351,1011.4,0.0
2024-12-18,130.0,90.0,26.0,16.0,7.0,7.0,"Khindipada-Bhandup West, Mumbai",33.7,16.6,23.7,62,8.8,5.1,1,1010.7,0.0
2024-12-19,126.0,97.0,19.0,11.0,5.0,6.0,"Khindipada-Bhandup West, Mumbai",31.6,16.4,23.0,73,9.0,4.2,322,1010.7,0.0
2024-12-20,134.0,128.0,18.0,17.0,4.0,9.0,"Khindipada-Bhandup West, Mumbai",30.0,17.6,22.8,74,11.5,4.6,313,1010.9,0.0
2024-12-21,152.0,99.0,13.0,12.0,5.0,5.0,"Khindipada-Bhandup West, Mumbai",29.8,17.6,23.2,77,10.0,3.6,276,1011.2,0.0
2024-12-22,130.0,81.0,12.0,11.0,1.0,4.0,"Khindipada-Bhandup West, Mumbai",29.1,19.5,23.7,79,11.4,5.5,300,1011.8,0.0
2024-12-23,114.0,91.0,14.0,11.0,3.0,4.0,"Khindipada-Bhandup West, Mumbai",28.3,19.8,23.6,73,12.2,6.0,316,1012.1,0.0
2024-12-24,127.0,100.0,15.0,11.0,4.0,6.0,"Khindipada-Bhandup West, Mumbai",30.4,19.2,23.9,62,13.1,6.2,327,1012.2,0.0
2024-12-25,141.0,101.0,16.0,12.0,5.0,6.0,"Khindipada-Bhandup West, Mumbai",30.5,19.0,24.0,63,11.7,6.2,326,1013.0,0.0
2024-12-26,139.0,78.0,15.0,10.0,3.0,3.0,"Khindipada-Bhandup West, Mumbai",31.5,20.6,25.2,68,10.6,5.2,312,1014.5,0.0
2024-12-27,107.0,117.0,15.0,11.0,5.0,8.0,"Khindipada-Bhandup West, Mumbai",30.0,20.2,24.7,70,12.4,5.9,315,1014.8,0.0
2024-12-28,154.0,88.0,12.0,9.0,4.0,5.0,"Khindipada-Bhandup West, Mumbai",31.4,20.8,25.2,71,9.3,4.9,343,1014.9,0.3
2024-12-29,124.0,80.33333333333333,10.333333333333334,9.333333333333334,3.333333333333333,3.666666666666667,"Khindipada-Bhandup West, Mumbai",32.6,21.2,26.1,67,10.1,6.3,350,1014.6,0.0
2024-12-31,100.0,65.0,7.0,10.0,2.0,1.0,"Khindipada-Bhandup West, Mumbai",35.1,21.7,27.4,60,11.2,6.4,358,1014.7,0.0
2025-01-01,88.0,75.0,17.0,11.0,4.0,4.0,"Khindipada-Bhandup West, Mumbai",34.2,21.2,27.0,60,11.7,6.9,7,1013.6,0.0
2025-01-02,100.0,67.0,15.0,10.0,4.0,3.0,"Khindipada-Bhandup West, Mumbai",34.8,20.1,26.6,59,11.5,6.5,11,1013.5,0.0
2025-01-03,93.0,68.0,55.0,12.0,6.0,2.0,"Khindipada-Bhandup West, Mumbai",35.2,19.6,26.2,54,9.9,6.3,19,1013.4,0.0
2025-01-04,95.0,83.0,48.0,11.0,6.0,4.0,"Khindipada-Bhandup West, Mumbai",34.8,17.2,24.7,52,10.8,5.5,4,1012.3,0.0
2025-01-05,115.0,81.0,17.0,9.0,5.0,4.0,"Khindipada-Bhandup West, Mumbai",31.5,18.5,24.0,61,10.0,5.0,318,1012.2,0.0
2025-01-06,112.0,88.0,17.0,10.0,21.0,4.0,"Khindipada-Bhandup West, Mumbai",31.7,18.2,23.9,57,10.7,7.8,342,1012.6,0.0
2025-01-07,125.0,85.0,19.0,10.0,6.0,5.0,"Khindipada-Bhandup West, Mumbai",33.0,16.6,24.4,52,13.6,6.0,16,1012.2,0.0
2025-01-08,118.0,84.0,18.0,8.0,7.0,4.0,"Khindipada-Bhandup West, Mumbai",32.6,19.0,25.3,54,11.5,7.7,20,1011.8,0.0
2025-01-09,118.0,84.0,28.0,10.0,5.0,4.0,"Khindipada-Bhandup West, Mumbai",33.2,18.5,25.0,50,10.8,6.7,22,1012.3,0.0
2025-01-10,119.0,93.0,8.0,11.0,5.0,8.0,"Khindipada-Bhandup West, Mumbai",32.2,17.6,24.2,58,9.0,4.9,1,1013.6,0.0
2025-01-11,133.0,88.5,10.0,9.5,3.0,5.5,"Khindipada-Bhandup West, Mumbai",30.3,18.6,23.8,64,12.4,6.4,330,1014.0,0.0
2025-01-12,124.0,84.0,12.0,8.0,1.0,3.0,"Khindipada-Bhandup West, Mumbai",31.7,19.1,24.3,60,13.1,7.3,345,1013.8,0.0
2025-01-13,115.0,94.0,18.0,6.0,3.0,4.0,"Khindipada-Bhandup West, Mumbai",34.9,21.2,26.4,55,12.6,7.9,31,1011.8,0.0
2025-01-14,133.0,103.0,18.0,7.0,7.0,8.0,"Khindipada-Bhandup West, Mumbai",34.8,20.8,26.0,59,10.3,6.3,33,1012.1,0.0
2025-01-15,140.0,109.0,15.0,6.0,4.0,5.0,"Khindipada-Bhandup West, Mumbai",31.5,20.5,24.9,70,13.3,5.3,314,1013.5,0.0
2025-01-16,149.0,94.0,11.0,6.0,6.0,4.0,"Khindipada-Bhandup West, Mumbai",32.2,19.0,24.9,65,13.3,7.3,339,1014.0,0.0
2025-01-17,132.0,81.0,28.0,5.0,5.0,1.0,"Khindipada-Bhandup West, Mumbai",35.2,22.0,26.9,58,13.6,7.6,21,1012.1,0.0
2025-01-18,114.0,84.0,19.0,6.0,8.0,2.0,"Khindipada-Bhandup West, Mumbai",34.8,20.2,26.7,49,10.5,6.9,36,1011.7,0.0
2025-01-19,117.0,87.0,19.0,7.0,6.0,3.0,"Khindipada-Bhandup West, Mumbai",35.2,19.0,26.1,49,11.9,6.1,4,1012.6,0.0
2025-01-20,123.0,91.0,18.0,10.0,5.0,5.0,"Khindipada-Bhandup West, Mumbai",35.4,19.5,26.5,47,12.0,5.9,355,1012.0,0.0
2025-01-21,129.0,90.0,15.0,10.285714285714286,4.0,5.0,"Khindipada-Bhandup West, Mumbai",33.9,18.9,26.0,51,11.1,5.2,337,1010.9,0.0
2025-01-22,128.0,83.0,33.0,10.571428571428571,4.0,2.0,"Khindipada-Bhandup West, Mumbai",34.0,19.0,25.8,54,11.9,5.8,329,1010.6,0.0
2025-01-23,117.0,92.0,20.0,10.857142857142858,6.0,3.0,"Khindipada-Bhandup West, Mumbai",32.9,20.3,25.9,48,12.1,8.6,340,1010.9,0.0
2025-01-24,131.0,98.0,17.0,7.5,6.0,6.0,"Khindipada-Bhandup West, Mumbai",34.0,18.8,26.1,51,9.2,5.3,335,1009.9,0.0
2025-01-25,138.0,87.0,29.0,7.5,5.0,4.0,"Khindipada-Bhandup West, Mumbai",35.5,21.0,27.1,57,10.0,5.6,327,1010.7,0.0
2025-01-26,122.0,68.0,23.0,7.5,3.0,7.0,"Khindipada-Bhandup West, Mumbai",36.4,20.4,27.4,57,11.6,5.5,338,1010.6,0.0
2025-01-27,94.0,73.0,32.0,12.0,6.0,3.0,"Khindipada-Bhandup West, Mumbai",35.7,20.0,27.1,54,12.0,5.5,327,1009.9,0.0
2025-01-28,101.0,63.0,19.0,8.0,4.0,3.0,"Khindipada-Bhandup West, Mumbai",33.2,18.9,25.6,56,9.0,4.4,298,1010.2,0.0
2025-01-29,86.0,85.0,35.0,12.0,10.0,4.0,"Khindipada-Bhandup West, Mumbai",33.5,18.2,24.8,61,11.2,5.6,318,1012.0,0.0
2025-01-30,117.0,65.0,12.0,9.0,3.0,1.0,"Khindipada-Bhandup West, Mumbai",34.3,17.9,25.5,54,8.8,4.7,305,1010.8,0.0
2025-01-31,90.0,67.0,16.0,9.0,7.0,2.0,"Khindipada-Bhandup West, Mumbai",32.4,18.6,24.6,56,11.3,6.0,313,1010.7,0.0
2025-02-01,94.0,79.0,23.0,8.0,5.0,2.0,"Khindipada-Bhandup West, Mumbai",31.4,17.9,23.7,60,12.5,6.4,327,1011.7,0.0
2025-02-02,111.0,78.0,17.0,10.0,6.0,3.0,"Khindipada-Bhandup West, Mumbai",33.8,18.4,25.2,45,12.0,6.0,323,1011.5,0.0
2025-02-03,110.0,61.0,39.0,23.0,5.0,2.0,"Khindipada-Bhandup West, Mumbai",31.5,19.0,24.8,52,14.8,6.4,308,1011.9,0.0
2025-02-04,86.0,68.0,26.0,48.0,7.0,1.0,"Khindipada-Bhandup West, Mumbai",32.5,18.6,24.8,52,12.2,6.9,321,1012.9,0.0
2025-02-05,94.0,86.0,58.0,34.0,22.0,2.0,"Khindipada-Bhandup West, Mumbai",34.1,19.5,25.6,37,14.1,8.9,342,1011.8,0.0
2025-02-06,121.0,93.0,30.0,39.0,4.0,6.0,"Khindipada-Bhandup West, Mumbai",35.3,17.9,26.0,44,10.6,5.1,332,1010.6,0.0
2025-02-07,132.0,87.0,49.0,27.0,4.0,5.0,"Khindipada-Bhandup West, Mumbai",37.0,21.1,27.5,55,11.3,5.1,330,1011.6,0.0
2025-02-08,122.0,71.0,24.0,20.0,2.0,3.0,"Khindipada-Bhandup West, Mumbai",36.1,20.4,27.6,55,11.2,5.1,334,1011.7,0.0
2025-02-09,99.0,65.0,26.0,14.0,4.0,4.0,"Khindipada-Bhandup West, Mumbai",36.5,20.6,28.0,46,13.1,6.3,321,1011.1,0.0
2025-02-10,90.0,69.0,48.0,11.0,6.0,3.0,"Khindipada-Bhandup West, Mumbai",36.3,21.1,27.7,42,13.9,7.7,323,1012.5,0.0
2025-02-11,96.0,73.0,49.0,17.0,8.0,2.0,"Khindipada-Bhandup West, Mumbai",35.5,19.5,26.5,46,13.5,6.7,324,1013.3,0.0
2025-02-12,101.0,67.0,5.0,15.0,2.0,2.0,"Khindipada-Bhandup West, Mumbai",35.8,18.0,26.4,45,10.1,7.3,347,1013.3,0.0
2025-02-13,93.0,70.5,14.0,13.0,3.5,2.0,"Khindipada-Bhandup West, Mumbai",37.8,19.4,27.9,38,12.3,7.8,358,1012.4,0.0
2025-02-14,98.0,74.0,23.0,11.0,5.0,2.0,"Khindipada-Bhandup West, Mumbai",37.8,20.9,29.1,33,14.7,8.7,0,1012.0,0.0
2025-02-15,103.0,69.0,51.0,17.0,21.0,2.0,"Khindipada-Bhandup West, Mumbai",38.2,19.7,29.0,31,15.4,7.4,355,1011.2,0.0
2025-02-16,96.0,68.0,27.0,15.0,17.0,1.0,"Khindipada-Bhandup West, Mumbai",37.5,18.8,27.4,35,13.9,6.7,335,1011.8,0.0
2025-02-17,96.0,76.0,23.0,18.0,24.0,7.0,"Khindipada-Bhandup West, Mumbai",37.3,18.8,27.3,45,14.0,6.9,337,1012.5,0.0
2025-02-18,106.0,68.0,30.0,20.0,6.0,15.0,"Khindipada-Bhandup West, Mumbai",37.8,21.0,28.4,37,15.5,7.6,341,1012.3,0.0
2025-02-19,94.0,78.0,45.0,31.0,3.0,2.0,"Khindipada-Bhandup West, Mumbai",36.0,20.6,28.2,37,14.3,7.7,339,1011.4,0.0
2025-02-20,109.0,66.0,50.0,28.0,3.0,2.0,"Khindipada-Bhandup West, Mumbai",37.2,20.0,28.7,37,14.2,8.6,349,1011.7,0.0
2025-02-21,91.0,86.0,28.0,7.0,4.0,4.0,"Khindipada-Bhandup West, Mumbai",38.8,23.6,30.6,30,14.3,9.8,11,1012.8,0.0
2025-02-22,121.0,77.0,27.0,6.0,4.0,6.0,"Khindipada-Bhandup West, Mumbai",38.3,22.4,29.6,34,13.7,8.1,342,1013.2,0.0
2025-02-23,108.0,72.0,55.0,7.0,3.0,3.0,"Khindipada-Bhandup West, Mumbai",39.0,21.6,30.0,32,12.8,7.9,348,1013.3,0.0
2025-02-24,99.0,77.0,69.0,11.0,3.0,1.0,"Khindipada-Bhandup West, Mumbai",39.3,22.6,30.1,31,13.8,7.7,0,1013.2,0.0
2025-02-25,108.0,76.0,81.0,9.0,6.0,2.0,"Khindipada-Bhandup West, Mumbai",39.9,23.2,30.0,33,14.9,6.6,8,1013.8,0.0
2025-02-26,107.0,78.0,68.0,8.0,4.0,4.0,"Khindipada-Bhandup West, Mumbai",39.9,21.6,29.3,44,13.6,4.8,335,1014.1,0.0
2025-02-27,109.0,80.0,64.0,6.0,7.0,4.0,"Khindipada-Bhandup West, Mumbai",38.3,22.0,29.3,46,14.0,5.8,288,1012.8,0.0
2025-02-28,113.0,75.0,72.0,6.0,9.0,5.0,"Khindipada-Bhandup West, Mumbai",36.7,22.4,29.4,46,12.2,6.0,318,1011.5,0.0
2025-03-01,104.0,71.0,48.0,5.0,4.0,4.0,"Khindipada-Bhandup West, Mumbai",37.0,23.0,29.7,36,13.2,7.1,318,1010.9,0.0
2025-03-02,99.0,77.0,28.0,5.0,15.0,6.0,"Khindipada-Bhandup West, Mumbai",38.8,22.9,29.8,33,14.1,8.6,338,1010.3,0.0
2025-03-03,108.0,78.0,21.0,3.0,1.0,2.0,"Khindipada-Bhandup West, Mumbai",39.2,22.5,30.2,36,15.0,8.6,342,1010.5,0.0
2025-03-04,109.0,80.0,18.0,9.0,1.0,2.0,"Khindipada-Bhandup West, Mumbai",38.5,23.1,30.2,35,15.9,10.4,352,1011.1,0.0
2025-03-05,113.0,74.0,74.0,11.0,2.0,3.0,"Khindipada-Bhandup West, Mumbai",39.5,23.0,30.4,27,13.7,9.2,352,1010.8,0.0
2025-03-06,103.0,83.0,38.0,13.0,4.0,7.0,"Khindipada-Bhandup West, Mumbai",38.0,20.1,28.9,24,14.5,7.9,349,1011.5,0.0
2025-03-07,117.0,89.0,14.0,14.0,1.0,12.0,"Khindipada-Bhandup West, Mumbai",39.8,21.5,29.6,24,14.2,7.4,352,1009.8,0.0
2025-03-08,127.0,88.33333333333333,21.666666666666668,13.666666666666666,6.333333333333333,10.0,"Khindipada-Bhandup West, Mumbai",39.1,20.4,29.0,33,15.1,7.5,324,1008.4,0.0
2025-03-10,121.66666666666669,87.0,37.0,13.0,17.0,6.0,"Khindipada-Bhandup West, Mumbai",42.2,22.8,31.2,34,14.6,5.9,319,1009.8,0.0
2025-03-11,119.0,82.0,42.0,9.0,5.0,5.0,"Khindipada-Bhandup West, Mumbai",40.6,24.5,31.1,42,15.3,5.4,287,1010.9,0.0
2025-03-12,115.0,76.0,76.0,8.0,3.0,4.0,"Khindipada-Bhandup West, Mumbai",40.4,23.3,30.7,48,13.6,5.3,299,1009.8,0.0
2025-03-13,103.0,81.0,25.0,9.0,1.0,6.0,"Khindipada-Bhandup West, Mumbai",37.7,23.1,30.0,57,12.7,6.2,301,1009.2,0.0
2025-03-14,112.0,46.0,20.0,4.0,2.0,3.5,"Khindipada-Bhandup West, Mumbai",37.5,23.0,29.9,54,14.4,5.9,306,1009.7,0.0
2025-03-15,67.0,55.0,24.0,3.0,2.0,1.0,"Khindipada-Bhandup West, Mumbai",38.5,22.6,29.6,51,14.5,7.2,324,1010.4,0.0
2025-03-16,76.0,64.0,48.0,3.0,2.0,2.0,"Khindipada-Bhandup West, Mumbai",36.3,23.4,29.5,49,13.0,7.2,321,1010.9,0.0
2025-03-17,88.0,59.0,45.0,3.0,1.0,1.0,"Khindipada-Bhandup West, Mumbai",36.8,23.1,29.1,54,14.6,7.3,322,1010.9,0.0
2025-03-18,81.0,62.0,39.0,4.0,1.0,2.0,"Khindipada-Bhandup West, Mumbai",36.6,21.4,28.2,61,13.5,5.5,311,1010.3,0.0
2025-03-19,85.0,59.0,39.0,5.0,1.0,3.0,"Khindipada-Bhandup West, Mumbai",35.3,21.8,27.9,61,13.1,6.0,309,1011.5,0.0
2025-03-20,81.0,63.0,14.0,2.0,1.3333333333333333,3.0,"Khindipada-Bhandup West, Mumbai",37.3,21.5,29.1,44,16.6,7.9,333,1012.9,0.0
2025-03-21,85.0,39.0,10.0,5.0,1.6666666666666663,3.0,"Khindipada-Bhandup West, Mumbai",35.2,23.0,28.0,58,15.3,7.5,316,1013.5,0.0
2025-03-22,60.0,46.66666666666666,21.0,5.75,2.0,3.0,"Khindipada-Bhandup West, Mumbai",36.2,20.6,27.5,64,16.3,5.8,326,1012.4,0.0
2025-03-24,76.66666666666666,62.0,43.0,7.25,3.0,3.0,"Khindipada-Bhandup West, Mumbai",37.4,23.4,28.9,70,16.8,5.2,285,1011.7,0.0
2025-03-25,85.0,48.0,43.0,8.0,3.0,3.0,"Khindipada-Bhandup West, Mumbai",36.0,22.6,28.8,64,15.4,6.6,301,1009.1,0.0
2025-03-26,68.0,24.0,28.0,9.0,1.0,4.0,"Khindipada-Bhandup West, Mumbai",34.2,22.4,27.9,71,14.1,6.2,286,1008.5,0.0
2025-03-27,45.0,79.0,12.0,20.0,3.0,6.0,"Khindipada-Bhandup West, Mumbai",33.0,22.7,27.2,74,15.0,6.3,302,1009.7,0.0
2025-03-28,110.0,88.0,35.0,12.0,5.0,4.0,"Khindipada-Bhandup West, Mumbai",36.0,22.2,29.0,60,14.6,7.3,328,1008.4,0.0
2025-03-29,125.0,86.0,83.0,16.0,6.0,6.0,"Khindipada-Bhandup West, Mumbai",39.8,24.1,31.7,26,14.3,7.0,316,1006.8,0.0
2025-03-30,121.0,73.0,41.0,16.0,3.0,7.0,"Khindipada-Bhandup West, Mumbai",41.3,24.9,32.4,32,16.5,6.4,311,1007.2,0.0
2025-03-31,100.0,85.0,21.0,19.0,5.0,7.0,"Khindipada-Bhandup West, Mumbai",40.1,24.4,32.0,41,15.2,6.2,304,1007.5,0.0
2025-04-01,119.0,77.0,52.0,18.0,4.0,8.0,"Khindipada-Bhandup West, Mumbai",41.3,25.3,32.3,42,14.1,6.0,328,1006.9,0.0
2025-04-02,108.0,60.0,73.0,14.0,25.0,5.0,"Khindipada-Bhandup West, Mumbai",40.3,26.8,32.7,38,15.0,6.0,244,1007.3,0.0
2025-04-03,83.0,68.0,25.0,8.0,2.0,4.0,"Khindipada-Bhandup West, Mumbai",34.7,26.4,30.1,67,10.8,6.3,236,1010.6,0.5
2025-04-04,94.0,77.0,25.0,11.0,5.0,5.0,"Khindipada-Bhandup West, Mumbai",36.1,26.3,29.8,72,12.5,5.6,298,1011.8,0.5
2025-04-05,106.0,64.0,24.0,11.0,2.0,3.0,"Khindipada-Bhandup West, Mumbai",39.3,23.1,30.4,60,17.7,7.0,316,1009.6,0.0
2025-04-06,89.0,70.0,49.0,6.0,4.0,1.0,"Khindipada-Bhandup West, Mumbai",38.8,22.5,29.8,61,16.9,5.6,298,1008.6,0.0
2025-04-07,97.0,73.0,64.0,4.0,7.0,6.0,"Khindipada-Bhandup West, Mumbai",39.9,23.0,30.9,55,15.1,6.7,313,1008.2,0.0
2025-04-08,101.0,60.0,17.0,10.0,4.0,7.0,"Khindipada-Bhandup West, Mumbai",40.9,23.4,31.5,49,17.7,6.2,313,1008.8,0.0
2025-04-09,83.0,54.0,11.0,10.0,3.333333333333333,5.0,"Khindipada-Bhandup West, Mumbai",38.0,23.9,30.9,55,13.6,5.6,274,1008.4,0.0
2025-04-10,74.0,40.0,11.0,9.0,2.666666666666667,3.0,"Khindipada-Bhandup West, Mumbai",35.8,25.1,29.5,73,11.4,6.9,209,1007.2,0.0
2025-04-11,61.0,40.0,12.0,7.0,2.0,1.0,"Khindipada-Bhandup West, Mumbai",35.7,24.1,29.4,69,12.5,7.1,218,1007.1,0.0
2025-04-12,60.0,47.0,13.0,7.0,2.0,1.0,"Khindipada-Bhandup West, Mumbai",34.2,24.5,29.0,74,13.9,7.0,229,1008.9,0.0
2025-04-13,69.0,36.0,37.0,5.0,2.0,1.0,"Khindipada-Bhandup West, Mumbai",35.2,24.5,29.2,74,13.6,6.0,306,1010.1,0.0
2025-04-14,57.0,45.0,16.0,10.0,2.0,1.0,"Khindipada-Bhandup West, Mumbai",39.7,23.2,30.6,61,16.6,8.4,332,1008.7,0.0
2025-04-15,65.0,48.0,12.0,11.0,5.0,10.0,"Khindipada-Bhandup West, Mumbai",37.9,23.5,30.3,62,15.8,6.4,309,1008.0,0.0
2025-04-16,68.0,41.0,12.0,11.0,4.0,11.0,"Khindipada-Bhandup West, Mumbai",35.5,24.4,29.5,72,13.0,5.8,273,1008.1,0.0
2025-04-17,62.0,39.0,15.0,9.0,4.0,12.0,"Khindipada-Bhandup West, Mumbai",34.9,24.9,29.3,75,14.3,6.5,255,1008.0,0.0
2025-04-18,59.0,38.0,14.0,8.0,5.0,12.0,"Khindipada-Bhandup West, Mumbai",34.5,25.1,29.3,73,12.7,6.0,258,1007.5,0.0
2025-04-19,59.0,51.0,17.0,7.0,4.0,10.0,"Khindipada-Bhandup West, Mumbai",35.2,24.4,29.5,74,13.8,7.1,253,1007.9,0.0
2025-04-20,73.0,48.0,31.0,6.0,4.0,11.0,"Khindipada-Bhandup West, Mumbai",35.8,24.1,29.5,70,13.2,6.3,291,1008.2,0.0
2025-04-21,69.0,73.0,39.0,6.0,5.0,10.0,"Khindipada-Bhandup West, Mumbai",35.4,24.5,29.5,74,13.6,6.0,296,1009.6,0.0
2025-04-22,102.0,75.0,22.0,7.0,4.0,13.0,"Khindipada-Bhandup West, Mumbai",38.2,24.2,30.6,66,14.7,5.6,295,1009.6,0.0
2025-04-23,104.0,57.0,36.0,7.0,5.0,15.0,"Khindipada-Bhandup West, Mumbai",38.2,24.8,31.0,67,15.6,5.8,260,1008.1,0.0
2025-04-24,78.0,45.0,14.0,6.0,4.0,11.0,"Khindipada-Bhandup West, Mumbai",36.0,25.0,30.1,71,12.9,6.5,253,1007.4,0.0
2025-04-25,65.0,46.0,26.0,6.0,4.0,10.0,"Khindipada-Bhandup West, Mumbai",36.0,25.0,30.1,68,13.2,6.3,278,1007.9,0.0
2025-04-26,66.0,51.0,18.0,5.0,4.0,12.0,"Khindipada-Bhandup West, Mumbai",36.1,25.0,29.9,69,13.4,5.6,272,1007.7,0.0
2025-04-27,73.0,56.0,15.0,6.0,4.0,14.0,"Khindipada-Bhandup West, Mumbai",36.7,25.0,30.0,70,14.5,6.1,287,1008.0,0.0
2025-04-28,77.0,54.0,23.0,5.0,3.0,11.0,"Khindipada-Bhandup West, Mumbai",35.4,25.0,29.7,74,14.2,6.5,249,1007.2,0.0
2025-04-29,74.0,47.0,24.0,5.0,4.0,9.0,"Khindipada-Bhandup West, Mumbai",34.8,25.3,29.8,74,13.1,6.6,238,1006.7,0.0
2025-04-30,67.0,41.0,26.0,4.0,3.0,9.0,"Khindipada-Bhandup West, Mumbai",35.5,25.1,30.1,73,13.8,6.6,262,1007.7,0.0
2025-05-01,61.0,41.0,15.0,5.0,3.0,9.0,"Khindipada-Bhandup West, Mumbai",36.0,25.2,30.3,71,15.8,5.6,274,1008.2,0.0
2025-05-02,61.0,31.0,26.0,4.0,3.0,6.0,"Khindipada-Bhandup West, Mumbai",37.6,24.8,30.7,64,12.8,5.8,280,1008.2,0.0
2025-05-03,52.0,35.0,20.0,4.0,4.0,8.0,"Khindipada-Bhandup West, Mumbai",35.7,24.4,30.1,66,13.9,6.9,251,1008.1,0.0
2025-05-04,57.0,48.0,19.0,4.0,25.0,9.0,"Khindipada-Bhandup West, Mumbai",34.3,25.2,30.0,69,14.4,7.3,249,1007.8,0.0
2025-05-05,63.0,38.0,11.0,4.0,3.0,7.0,"Khindipada-Bhandup West, Mumbai",35.8,26.8,30.7,67,12.4,6.8,244,1007.3,0.0
2025-05-06,58.0,27.0,9.0,8.0,5.0,12.0,"Khindipada-Bhandup West, Mumbai",34.8,22.2,29.1,71,15.4,7.4,238,1008.3,6.2
2025-05-07,48.0,21.0,15.0,12.0,4.0,17.0,"Khindipada-Bhandup West, Mumbai",33.8,24.6,28.2,73,16.1,7.8,218,1007.5,1.3
2025-05-08,41.0,28.0,13.0,12.0,3.0,15.0,"Khindipada-Bhandup West, Mumbai",30.8,22.4,26.4,83,12.2,7.1,206,1007.4,5.9
2025-05-09,49.0,26.0,14.0,12.0,3.0,15.0,"Khindipada-Bhandup West, Mumbai",29.9,24.2,27.0,83,13.0,7.1,197,1008.3,3.0
2025-05-10,46.0,29.0,20.0,12.0,3.0,15.0,"Khindipada-Bhandup West, Mumbai",32.5,23.9,28.1,80,10.3,5.5,242,1008.2,0.4
2025-05-11,50.0,30.0,8.0,11.0,3.0,15.0,"Khindipada-Bhandup West, Mumbai",35.2,24.9,29.4,75,10.5,4.6,252,1007.5,3.2
2025-05-12,50.0,33.0,18.0,10.0,3.0,16.0,"Khindipada-Bhandup West, Mumbai",35.6,26.5,30.5,70,11.5,5.2,259,1006.5,1.1
2025-05-13,53.0,59.0,21.0,13.0,4.0,17.0,"Khindipada-Bhandup West, Mumbai",35.2,26.4,30.1,75,11.1,4.6,296,1006.6,3.3
2025-05-14,82.0,54.0,14.0,12.0,4.0,16.0,"Khindipada-Bhandup West, Mumbai",34.3,24.1,29.5,77,10.3,4.9,298,1007.1,5.6
2025-05-15,75.0,42.0,14.0,7.0,3.0,15.0,"Khindipada-Bhandup West, Mumbai",35.5,27.0,30.3,73,11.5,5.0,288,1007.1,3.9
2025-05-16,62.0,41.0,7.0,7.0,3.0,15.0,"Khindipada-Bhandup West, Mumbai",35.5,27.8,31.0,67,13.8,6.1,244,1006.9,1.0
2025-05-17,61.0,37.0,16.0,6.0,3.0,15.0,"Khindipada-Bhandup West, Mumbai",33.3,27.6,30.3,72,11.1,5.9,236,1006.5,0.9
2025-05-18,58.0,45.0,8.0,6.0,3.0,15.0,"Khindipada-Bhandup West, Mumbai",35.8,27.0,30.9,68,13.3,5.4,264,1005.8,0.0
2025-05-19,66.0,44.0,9.0,4.0,3.0,16.0,"Khindipada-Bhandup West, Mumbai",34.3,27.0,30.3,71,14.1,5.4,302,1004.8,0.1
2025-05-20,65.0,28.0,17.0,52.0,3.0,10.0,"Khindipada-Bhandup West, Mumbai",35.2,27.2,30.0,79,10.6,4.4,330,1004.1,6.8
2025-05-21,48.0,14.0,19.0,56.0,2.0,2.0,"Khindipada-Bhandup West, Mumbai",32.2,26.0,28.8,85,7.5,3.5,263,1003.3,2.7
2025-05-22,30.0,34.0,12.0,17.0,1.0,6.0,"Khindipada-Bhandup West, Mumbai",33.2,25.2,28.8,81,14.8,5.3,319,1002.0,3.2
2025-05-23,56.0,49.0,9.0,16.0,2.0,7.0,"Khindipada-Bhandup West, Mumbai",35.0,25.6,29.1,81,7.6,3.6,21,999.6,0.9
2025-05-24,69.0,50.0,15.0,11.0,4.0,4.0,"Khindipada-Bhandup West, Mumbai",34.2,25.6,29.2,79,9.2,4.5,352,999.3,5.5
2025-05-25,74.0,40.0,8.0,7.0,3.0,2.0,"Khindipada-Bhandup West, Mumbai",28.5,23.7,25.9,94,9.9,4.0,240,1001.8,21.1
2025-05-26,59.0,46.333333333333336,7.666666666666667,5.0,3.25,2.0,"Khindipada-Bhandup West, Mumbai",26.9,24.0,25.4,97,13.3,7.5,59,1002.1,55.5
2025-05-28,49.66666666666666,59.0,7.0,1.0,3.75,2.0,"Khindipada-Bhandup West, Mumbai",28.7,24.6,26.6,91,12.6,7.2,193,1002.3,7.7
2025-05-29,45.0,49.0,5.0,1.6,4.0,2.0,"Khindipada-Bhandup West, Mumbai",32.3,26.0,28.7,86,15.5,8.5,240,1000.8,2.9
2025-06-02,45.0,33.0,7.0,4.0,2.0,2.0,"Khindipada-Bhandup West, Mumbai",31.4,24.8,27.6,84,17.0,11.7,202,1004.9,3.7
2025-06-03,45.0,21.0,9.0,3.0,3.0,4.0,"Khindipada-Bhandup West, Mumbai",30.6,24.5,27.0,86,17.1,11.3,199,1005.3,10.1
2025-06-04,45.0,49.0,9.0,2.0,4.0,7.0,"Khindipada-Bhandup West, Mumbai",30.5,23.4,26.8,85,10.8,7.3,180,1006.5,5.0
2025-06-05,45.0,48.0,8.0,3.0,4.0,7.0,"Khindipada-Bhandup West, Mumbai",31.7,24.0,27.7,81,9.6,3.9,219,1008.5,1.4
2025-06-06,45.0,32.0,14.0,2.0,3.0,8.0,"Khindipada-Bhandup West, Mumbai",31.8,25.2,28.2,85,8.8,4.3,257,1009.3,2.1
2025-06-07,45.0,45.0,7.0,2.0,4.0,8.0,"Khindipada-Bhandup West, Mumbai",31.1,24.8,27.6,88,8.8,4.8,232,1009.5,13.5
2025-06-08,45.0,43.0,16.0,3.0,4.0,8.0,"Khindipada-Bhandup West, Mumbai",31.0,25.5,28.2,85,12.2,5.7,264,1008.8,3.6
2025-06-09,45.0,27.0,5.0,6.0,2.0,2.0,"Khindipada-Bhandup West, Mumbai",31.4,25.7,28.7,81,16.5,7.1,287,1007.8,0.5
2025-06-10,45.0,21.0,6.0,11.0,2.333333333333333,3.0,"Khindipada-Bhandup West, Mumbai",31.5,26.1,28.7,82,15.8,6.9,288,1005.7,0.5
2025-06-12,45.0,25.0,7.0,14.0,3.0,3.0,"Khindipada-Bhandup West, Mumbai",32.5,28.1,29.8,79,19.8,10.9,305,1002.3,3.4
2025-06-13,45.0,62.0,6.0,14.0,1.0,2.0,"Khindipada-Bhandup West, Mumbai",31.7,25.4,28.2,87,13.8,7.1,333,1001.7,39.4
2025-06-15,45.0,8.0,11.0,15.0,1.0,5.0,"Khindipada-Bhandup West, Mumbai",30.2,24.6,26.3,95,11.4,5.3,171,997.9,55.8
2025-06-16,45.0,35.0,6.0,9.0,1.0,2.0,"Khindipada-Bhandup West, Mumbai",26.5,24.9,25.7,95,20.2,14.1,240,998.6,91.4
2025-06-17,45.0,14.0,16.0,8.0,1.0,3.0,"Khindipada-Bhandup West, Mumbai",29.6,25.0,27.2,87,20.1,14.0,210,1001.6,12.9
2025-06-18,45.0,21.0,6.0,7.0,1.2159090909090908,3.0,"Khindipada-Bhandup West, Mumbai",28.3,25.2,26.6,92,20.2,14.6,241,1002.5,74.7
2025-06-19,45.0,24.0,5.0,8.0,1.2159090909090908,1.0,"Khindipada-Bhandup West, Mumbai",27.6,23.5,25.6,95,16.0,11.2,237,1003.4,50.1
2025-06-20,45.0,29.0,5.0,7.0,1.0,1.0,"Khindipada-Bhandup West, Mumbai",30.2,24.6,27.2,86,17.5,11.7,221,1004.8,11.0
2025-06-21,45.0,27.0,6.0,7.0,1.0,1.0,"Khindipada-Bhandup West, Mumbai",30.0,24.5,27.2,87,17.0,10.8,217,1005.3,12.6
2025-06-22,45.0,22.0,9.0,9.0,1.0,1.5,"Khindipada-Bhandup West, Mumbai",29.5,24.7,26.9,87,18.8,11.0,217,1004.4,12.6
2025-06-23,45.0,30.0,12.0,8.0,1.0,2.0,"Khindipada-Bhandup West, Mumbai",28.1,24.9,26.3,90,21.2,13.2,234,1002.9,33.6
2025-06-24,45.0,17.0,8.0,17.0,1.0,1.0,"Khindipada-Bhandup West, Mumbai",28.7,24.9,26.5,90,18.2,10.9,233,1001.9,25.6
2025-06-25,45.0,22.0,7.0,36.5,1.2159090909090908,13.0,"Khindipada-Bhandup West, Mumbai",30.1,25.3,27.7,84,18.9,13.4,239,1001.4,8.0
2025-06-26,45.0,34.0,10.0,56.0,1.2159090909090908,9.0,"Khindipada-Bhandup West, Mumbai",28.5,24.7,26.1,91,15.2,9.7,213,1001.8,22.1
2025-06-27,45.0,35.0,9.0,17.0,1.0,3.0,"Khindipada-Bhandup West, Mumbai",29.2,24.2,26.7,86,18.9,12.7,213,1002.5,12.9
2025-06-28,45.0,27.0,9.0,10.0,1.0,3.0,"Khindipada-Bhandup West, Mumbai",29.8,24.9,26.8,84,21.2,14.3,219,1003.9,19.1
2025-06-29,45.0,21.0,8.0,14.0,1.0,1.0,"Khindipada-Bhandup West, Mumbai",28.9,24.8,26.6,87,15.0,11.2,218,1004.1,11.4
2025-06-30,45.0,32.0,9.0,16.0,1.0,1.0,"Khindipada-Bhandup West, Mumbai",29.0,24.0,26.3,87,20.0,12.5,233,1003.9,19.8
2025-07-01,44.0,23.0,7.0,10.0,1.0,1.1428571428571428,"Khindipada-Bhandup West, Mumbai",29.0,24.0,26.4,89,16.9,9.8,235,1004.2,25.8
2025-07-02,44.0,21.0,22.0,6.0,27.0,1.2857142857142856,"Khindipada-Bhandup West, Mumbai",28.8,24.3,26.0,91,16.2,10.8,241,1003.5,40.4
2025-07-03,44.0,26.0,9.0,11.0,14.0,1.4285714285714286,"Khindipada-Bhandup West, Mumbai",28.5,24.1,26.0,89,18.0,12.1,223,1003.6,16.6
2025-07-04,44.0,25.0,5.0,9.0,1.0,2.0,"Khindipada-Bhandup West, Mumbai",28.4,24.7,26.4,87,19.4,13.3,223,1004.5,20.8
2025-07-05,44.0,30.0,9.0,5.0,1.0833333333333333,2.0,"Khindipada-Bhandup West, Mumbai",28.0,24.5,26.2,89,17.3,12.8,233,1004.3,24.6
2025-07-06,44.0,32.0,8.0,5.0,1.1666666666666667,2.0,"Khindipada-Bhandup West, Mumbai",27.0,24.6,25.8,91,19.0,12.7,233,1003.7,33.7
2025-07-07,44.0,36.0,5.0,7.0,1.25,2.0,"Khindipada-Bhandup West, Mumbai",28.6,24.7,26.5,87,14.6,10.8,234,1004.1,7.1
2025-07-08,44.0,36.0,7.0,7.0,1.7857142857142858,2.0,"Khindipada-Bhandup West, Mumbai",29.0,25.6,27.1,85,17.5,11.6,239,1004.7,4.3
2025-07-09,44.0,35.0,5.0,5.0,1.7857142857142858,2.0,"Khindipada-Bhandup West, Mumbai",28.5,25.3,26.1,89,13.0,7.8,236,1005.1,21.2
2025-07-10,44.0,37.0,5.0,5.0,1.7857142857142858,1.0,"Khindipada-Bhandup West, Mumbai",29.5,24.1,26.6,88,13.0,7.4,210,1005.3,7.0
2025-07-11,44.0,36.0,5.0,4.0,1.7857142857142858,1.0,"Khindipada-Bhandup West, Mumbai",28.3,24.5,26.3,89,9.9,6.5,224,1005.4,16.8
2025-07-12,44.0,29.0,9.0,4.0,1.7857142857142858,2.0,"Khindipada-Bhandup West, Mumbai",29.8,24.2,26.8,87,14.0,7.7,237,1006.0,4.7
2025-07-13,44.0,21.0,5.0,5.0,1.7857142857142858,1.0,"Khindipada-Bhandup West, Mumbai",28.9,24.5,26.4,88,15.5,8.1,227,1005.7,13.2
2025-07-14,44.0,12.0,4.0,6.0,1.7857142857142858,2.0,"Khindipada-Bhandup West, Mumbai",27.8,24.1,25.7,92,16.9,10.4,232,1004.2,32.5
2025-07-15,44.0,29.0,8.0,4.0,1.7857142857142858,2.0,"Khindipada-Bhandup West, Mumbai",28.3,24.6,26.3,89,12.6,7.9,236,1003.7,16.9
2025-07-16,44.0,35.0,6.0,4.0,2.0,2.0,"Khindipada-Bhandup West, Mumbai",29.6,24.6,27.1,88,13.7,7.5,252,1004.0,4.4
2025-07-17,44.0,35.0,5.0,4.0,2.0,2.0,"Khindipada-Bhandup West, Mumbai",30.0,24.9,27.3,86,9.6,5.6,235,1004.8,4.4
2025-07-18,44.0,35.0,5.0,4.0,2.0,2.0,"Khindipada-Bhandup West, Mumbai",30.0,25.0,27.3,86,11.3,5.9,243,1005.1,1.9
2025-07-19,44.0,32.0,5.0,5.0,1.0,2.0,"Khindipada-Bhandup West, Mumbai",29.2,24.5,26.7,88,11.5,7.0,219,1003.0,7.5
2025-07-20,44.0,17.0,4.0,8.0,4.0,3.0,"Khindipada-Bhandup West, Mumbai",28.5,24.4,26.1,90,13.0,8.7,212,1002.3,10.3
2025-07-21,44.0,5.0,10.0,7.0,2.0,2.0,"Khindipada-Bhandup West, Mumbai",28.4,24.9,26.0,92,10.3,6.5,213,1003.5,31.1
2025-07-22,44.0,14.0,6.0,6.0,2.0,3.0,"Khindipada-Bhandup West, Mumbai",28.9,24.7,26.2,91,12.0,6.8,231,1004.2,17.9
2025-07-23,44.0,12.0,5.0,4.0,1.0,2.0,"Khindipada-Bhandup West, Mumbai",28.2,24.4,26.0,89,13.7,8.1,239,1003.0,13.1
2025-07-24,44.0,25.0,7.0,3.0,2.0,2.0,"Khindipada-Bhandup West, Mumbai",27.7,24.0,25.7,90,14.4,9.3,221,1001.7,17.7
2025-07-25,44.0,16.0,5.0,2.0,2.0,2.0,"Khindipada-Bhandup West, Mumbai",27.5,24.9,25.8,92,16.1,11.1,241,1001.2,23.6
2025-07-26,44.0,22.0,5.0,2.0,1.0,2.0,"Khindipada-Bhandup West, Mumbai",28.1,24.6,26.0,89,16.6,13.2,248,1002.2,16.3
2025-07-27,44.0,28.0,5.0,3.0,2.0,2.0,"Khindipada-Bhandup West, Mumbai",28.5,24.5,26.5,85,23.5,16.8,247,1003.4,10.7
2025-07-28,44.0,27.0,9.0,2.0,2.0,2.0,"Khindipada-Bhandup West, Mumbai",28.6,24.8,26.3,84,21.3,16.1,247,1004.8,12.3
2025-07-29,44.0,27.0,8.0,4.0,1.0,2.0,"Khindipada-Bhandup West, Mumbai",28.4,24.6,26.2,86,21.6,15.2,251,1005.2,7.9
2025-07-30,44.0,37.0,9.0,3.0,2.0,1.0,"Khindipada-Bhandup West, Mumbai",27.2,25.1,26.2,89,18.0,14.1,243,1004.8,6.1
2025-07-31,44.0,40.0,10.0,3.0,2.0,2.0,"Khindipada-Bhandup West, Mumbai",28.1,25.4,26.6,86,17.8,13.8,235,1005.4,3.5
2025-08-01,36.0,40.0,9.0,4.0,3.0,2.0,"Khindipada-Bhandup West, Mumbai",29.0,24.9,26.8,84,14.3,10.5,239,1006.2,5.4
2025-08-02,36.0,27.0,5.0,6.0,1.0,2.0,"Khindipada-Bhandup West, Mumbai",29.0,24.4,26.3,87,13.3,7.8,236,1006.4,7.4
2025-08-03,36.0,25.0,10.0,3.0,2.0,1.0,"Khindipada-Bhandup West, Mumbai",28.8,24.2,26.4,87,10.8,7.0,217,1007.2,3.6
2025-08-04,36.0,30.0,13.0,2.0,2.5,2.0,"Khindipada-Bhandup West, Mumbai",29.3,24.2,26.7,87,11.3,5.9,236,1008.3,2.5
2025-08-05,36.0,22.0,12.0,2.0,3.0,2.0,"Khindipada-Bhandup West, Mumbai",29.8,24.4,26.8,85,12.5,5.4,255,1007.8,3.6
2025-08-06,36.0,30.0,10.0,6.0,2.0,2.0,"Khindipada-Bhandup West, Mumbai",30.0,24.4,27.0,87,12.4,4.6,279,1007.4,0.7
2025-08-07,36.0,23.0,7.0,2.0,3.0,2.0,"Khindipada-Bhandup West, Mumbai",27.9,25.2,26.6,90,10.1,3.6,292,1007.2,2.3
2025-08-08,36.0,30.0,12.0,2.0,3.0,2.0,"Khindipada-Bhandup West, Mumbai",28.5,25.2,26.5,90,7.5,3.5,229,1007.9,1.7
2025-08-09,36.0,29.0,9.0,1.0,2.0,2.0,"Khindipada-Bhandup West, Mumbai",29.0,24.0,26.5,88,8.1,4.3,209,1009.4,3.0
2025-08-10,36.0,24.0,12.0,2.0,3.0,2.0,"Khindipada-Bhandup West, Mumbai",28.4,24.0,25.9,90,11.1,5.8,183,1008.7,4.7
2025-08-11,36.0,24.0,4.0,1.0,2.0,2.0,"Khindipada-Bhandup West, Mumbai",29.0,24.0,26.2,88,13.4,6.6,230,1008.4,3.6
2025-08-12,36.0,16.0,2.0,3.0,3.0,2.0,"Khindipada-Bhandup West, Mumbai",28.8,24.1,26.4,86,14.0,7.0,243,1007.0,4.5
2025-08-13,36.0,15.0,6.0,4.0,4.0,2.0,"Khindipada-Bhandup West, Mumbai",28.5,24.3,25.8,90,9.9,5.7,227,1005.1,17.1
2025-08-14,36.0,14.0,5.0,2.0,2.0,2.0,"Khindipada-Bhandup West, Mumbai",27.4,24.5,25.6,92,12.0,6.8,190,1004.4,11.1
2025-08-15,36.0,8.0,4.0,1.0,2.0,2.0,"Khindipada-Bhandup West, Mumbai",27.2,24.6,25.6,93,10.7,7.0,223,1003.8,29.6
2025-08-16,36.0,5.0,5.0,3.0,3.0,2.0,"Khindipada-Bhandup West, Mumbai",26.4,24.2,24.9,96,12.9,6.6,216,1002.6,27.1
2025-08-17,36.0,10.0,3.0,1.0,2.0,2.0,"Khindipada-Bhandup West, Mumbai",28.9,24.4,26.0,89,16.3,8.6,216,1001.3,9.6
2025-08-18,36.0,7.0,7.0,1.0,2.0,3.0,"Khindipada-Bhandup West, Mumbai",25.5,24.4,24.8,96,18.2,12.3,231,1003.6,111.7
2025-08-19,36.0,9.0,5.0,1.0,2.0,3.0,"Khindipada-Bhandup West, Mumbai",25.6,24.5,25.0,95,23.3,15.9,241,1002.4,117.4
2025-08-20,36.0,18.0,9.0,2.0,2.0,2.0,"Khindipada-Bhandup West, Mumbai",26.0,24.1,25.0,93,21.7,15.8,236,1003.7,43.7
2025-08-21,36.0,23.0,6.0,1.0,1.0,2.0,"Khindipada-Bhandup West, Mumbai",28.7,24.5,26.2,87,20.3,14.6,231,1007.0,13.3
2025-08-22,36.0,20.0,11.0,1.0,1.0,2.0,"Khindipada-Bhandup West, Mumbai",28.7,24.7,26.5,84,18.1,12.9,237,1007.9,6.9
2025-08-23,36.0,20.0,11.0,1.0,1.0,2.0,"Khindipada-Bhandup West, Mumbai",28.8,23.8,26.3,82,21.7,13.9,238,1007.1,6.8
2025-08-24,36.0,19.0,4.0,1.0,2.0,2.0,"Khindipada-Bhandup West, Mumbai",29.0,24.5,26.4,83,20.2,14.7,237,1007.7,6.2
2025-08-25,36.0,13.0,4.0,1.0,3.0,2.0,"Khindipada-Bhandup West, Mumbai",26.6,23.8,25.0,90,17.6,11.9,236,1007.0,18.2
2025-08-26,36.0,21.0,6.0,1.0,1.0,2.0,"Khindipada-Bhandup West, Mumbai",28.0,24.2,26.0,88,14.6,9.7,248,1006.6,12.9
2025-08-27,36.0,25.0,8.0,1.0,2.0,2.0,"Khindipada-Bhandup West, Mumbai",29.1,24.5,26.3,88,12.3,5.8,264,1005.5,10.5
2025-08-28,36.0,27.0,4.0,3.0,1.0,2.0,"Khindipada-Bhandup West, Mumbai",28.4,24.3,26.1,92,9.9,5.9,269,1004.6,12.9
2025-08-29,36.0,15.0,8.0,3.0,6.0,2.0,"Khindipada-Bhandup West, Mumbai",28.8,24.5,26.1,90,9.3,5.9,230,1004.5,18.7
2025-08-30,36.0,21.0,6.0,1.0,2.0,2.0,"Khindipada-Bhandup West, Mumbai",29.1,24.0,26.3,88,11.4,6.9,218,1006.4,1.9
2025-08-31,36.0,23.0,5.0,1.0,1.0,2.0,"Khindipada-Bhandup West, Mumbai",28.5,24.6,26.2,88,15.1,9.0,239,1006.8,7.6
2025-09-01,41.0,27.0,6.0,1.0,3.0,2.0,"Khindipada-Bhandup West, Mumbai",28.0,24.3,26.1,87,17.9,11.0,250,1005.3,10.7
2025-09-02,41.0,28.0,7.0,1.0,2.0,2.0,"Khindipada-Bhandup West, Mumbai",29.0,24.1,26.4,86,14.3,9.7,268,1005.0,4.8
2025-09-03,41.0,36.0,5.0,1.0,2.0,1.0,"Khindipada-Bhandup West, Mumbai",29.0,24.0,26.5,84,14.6,7.7,280,1005.3,5.0
2025-09-04,41.0,24.0,5.0,2.0,3.0,2.0,"Khindipada-Bhandup West, Mumbai",25.6,23.9,24.9,94,8.4,5.7,250,1005.7,13.8
2025-09-05,41.0,28.0,7.0,1.0,3.0,1.0,"Khindipada-Bhandup West, Mumbai",27.5,24.3,25.3,93,18.0,8.0,238,1006.1,14.9
2025-09-06,41.0,16.0,9.0,2.0,1.0,1.0,"Khindipada-Bhandup West, Mumbai",26.3,24.3,25.2,91,15.9,9.8,227,1007.2,20.6
2025-09-07,41.0,28.0,42.0,3.0,33.0,2.0,"Khindipada-Bhandup West, Mumbai",28.6,24.0,25.9,87,14.9,10.6,220,1007.5,9.0
2025-09-08,41.0,28.0,6.0,3.5,25.0,2.0,"Khindipada-Bhandup West, Mumbai",28.4,23.4,25.8,87,14.8,9.4,200,1007.4,4.0
2025-09-09,41.0,37.0,14.0,4.0,17.0,2.0,"Khindipada-Bhandup West, Mumbai",30.0,23.0,26.2,86,9.2,5.7,198,1009.0,0.0
2025-09-10,41.0,47.0,6.0,1.0,9.0,1.0,"Khindipada-Bhandup West, Mumbai",30.5,23.8,26.6,85,10.6,4.4,294,1009.7,0.3
2025-09-11,41.0,37.0,6.0,1.0,1.0,1.0,"Khindipada-Bhandup West, Mumbai",29.5,23.2,26.4,85,10.3,3.8,280,1009.5,0.3
2025-09-12,41.0,25.0,5.0,2.0,2.0,2.0,"Khindipada-Bhandup West, Mumbai",29.6,24.0,26.6,85,10.3,3.7,308,1009.4,3.8
2025-09-13,41.0,29.0,6.0,2.0,1.0,2.0,"Khindipada-Bhandup West, Mumbai",28.6,24.5,26.2,90,11.9,4.4,309,1008.9,9.5
2025-09-14,41.0,25.0,8.0,2.0,2.0,2.0,"Khindipada-Bhandup West, Mumbai",29.7,24.2,26.1,90,14.2,5.0,317,1008.7,11.9
2025-09-15,41.0,13.0,2.0,4.0,3.0,3.0,"Khindipada-Bhandup West, Mumbai",27.5,24.5,25.7,92,12.4,6.0,278,1008.0,29.4
2025-09-16,41.0,24.0,12.0,4.0,3.0,2.0,"Khindipada-Bhandup West, Mumbai",28.5,24.6,25.7,92,10.9,4.0,257,1007.8,12.9
2025-09-17,41.0,31.0,11.0,2.0,1.0,2.0,"Khindipada-Bhandup West, Mumbai",29.0,24.0,26.0,92,8.8,3.9,195,1007.7,32.2
2025-09-18,41.0,22.0,3.0,2.0,2.0,3.0,"Khindipada-Bhandup West, Mumbai",29.2,24.2,25.8,93,8.3,3.6,240,1007.6,12.5
2025-09-19,41.0,17.0,4.0,2.0,1.0,3.0,"Khindipada-Bhandup West, Mumbai",28.4,24.0,25.8,92,9.9,4.9,234,1008.5,23.0
2025-09-20,41.0,31.0,7.0,2.0,1.0,3.0,"Khindipada-Bhandup West, Mumbai",29.8,24.0,26.1,90,8.8,5.1,216,1008.7,13.4
2025-09-21,41.0,19.0,3.0,3.0,4.0,3.0,"Khindipada-Bhandup West, Mumbai",29.1,23.9,25.8,91,10.5,4.7,255,1008.3,17.3
2025-09-22,41.0,15.0,4.0,3.0,2.0,3.0,"Khindipada-Bhandup West, Mumbai",29.2,23.3,25.3,94,10.3,4.1,259,1009.1,23.3
2025-09-23,41.0,27.0,4.0,2.0,1.0,8.0,"Khindipada-Bhandup West, Mumbai",29.0,23.8,25.9,89,14.0,5.6,237,1009.5,10.7
2025-09-24,41.0,20.0,10.0,2.0,1.0,11.0,"Khindipada-Bhandup West, Mumbai",29.0,24.0,26.4,84,11.2,4.3,257,1008.0,3.2
2025-09-25,41.0,21.0,8.0,2.0,2.0,11.0,"Khindipada-Bhandup West, Mumbai",28.8,23.8,26.1,87,9.4,3.9,250,1007.3,1.9
2025-09-26,41.0,36.0,3.0,3.0,2.0,4.0,"Khindipada-Bhandup West, Mumbai",29.8,23.5,26.1,89,11.4,4.2,340,1007.3,4.4
2025-09-27,41.0,16.0,11.0,1.0,2.0,4.0,"Khindipada-Bhandup West, Mumbai",29.0,23.8,25.7,91,12.3,6.3,287,1007.4,19.2
2025-09-28,41.0,12.0,10.0,2.0,1.5,4.0,"Khindipada-Bhandup West, Mumbai",25.6,24.4,25.1,94,22.8,15.2,279,1003.7,121.8
2025-09-29,41.0,16.0,1.0,6.0,1.0,5.0,"Khindipada-Bhandup West, Mumbai",28.5,23.9,25.8,83,18.9,12.9,219,1004.2,14.6
2025-09-30,41.0,12.0,3.0,5.0,3.0,6.0,"Khindipada-Bhandup West, Mumbai",27.9,23.3,25.1,88,16.1,11.7,189,1005.4,6.8
2025-10-01,84.0,20.0,9.0,3.0,2.0,5.0,"Khindipada-Bhandup West, Mumbai",29.0,23.1,25.4,89,17.5,11.8,183,1005.0,9.1
2025-10-02,84.0,16.0,8.0,3.0,2.0,6.0,"Khindipada-Bhandup West, Mumbai",28.7,23.5,25.7,89,17.9,9.9,185,1006.9,3.4
2025-10-03,84.0,15.0,10.0,2.0,1.5,4.0,"Khindipada-Bhandup West, Mumbai",29.6,23.7,26.3,88,12.5,7.1,185,1009.7,2.0
2025-10-04,84.0,20.0,4.0,2.0,1.0,5.0,"Khindipada-Bhandup West, Mumbai",29.8,24.1,26.4,89,10.3,5.6,190,1011.0,2.2
2025-10-05,84.0,28.0,12.0,2.0,2.0,5.0,"Khindipada-Bhandup West, Mumbai",28.6,23.4,25.8,88,9.8,5.6,199,1011.1,2.5
2025-10-06,84.0,29.0,4.0,2.0,1.0,4.0,"Khindipada-Bhandup West, Mumbai",29.2,23.4,25.9,87,11.4,6.0,208,1011.7,0.7
2025-10-07,84.0,30.0,17.0,3.0,26.0,4.0,"Khindipada-Bhandup West, Mumbai",29.5,23.4,25.9,88,11.8,4.8,254,1011.8,2.6
2025-10-08,84.0,41.0,24.0,3.5,21.833333333333336,4.0,"Khindipada-Bhandup West, Mumbai",30.5,23.7,26.5,87,10.3,4.4,328,1011.4,1.5
2025-10-09,84.0,73.0,13.0,4.0,17.666666666666668,8.0,"Khindipada-Bhandup West, Mumbai",32.8,23.8,27.5,78,9.6,4.7,347,1011.5,0.4
2025-10-10,84.0,87.0,13.0,4.0,13.5,9.0,"Khindipada-Bhandup West, Mumbai",33.4,23.5,27.6,69,8.3,5.5,8,1010.2,0.1
2025-10-11,84.0,108.0,16.0,4.0,3.0,8.0,"Khindipada-Bhandup West, Mumbai",33.9,23.4,27.7,69,10.2,5.4,5,1009.9,0.1
2025-10-12,84.0,100.0,31.0,5.0,3.0,8.0,"Khindipada-Bhandup West, Mumbai",35.0,22.8,28.3,65,10.1,5.9,9,1009.4,0.0
2025-10-13,84.0,93.0,27.0,6.0,1.0,8.0,"Khindipada-Bhandup West, Mumbai",35.8,23.3,28.8,60,10.7,6.9,10,1009.9,0.0
2025-10-14,84.0,90.0,13.0,7.0,1.0,8.0,"Khindipada-Bhandup West, Mumbai",37.0,22.5,28.9,57,8.9,6.1,30,1008.1,0.0
2025-10-15,84.0,89.0,17.0,6.0,1.6666666666666663,8.0,"Khindipada-Bhandup West, Mumbai",35.8,23.0,28.6,65,9.9,5.2,74,1007.5,3.0
2025-10-16,84.0,75.5,21.0,5.0,2.333333333333333,8.0,"Khindipada-Bhandup West, Mumbai",35.3,25.1,28.9,74,17.0,5.4,56,1008.0,4.8
2025-10-17,84.0,62.0,36.0,5.0,3.0,7.0,"Khindipada-Bhandup West, Mumbai",36.5,25.0,30.4,64,10.2,7.5,36,1009.0,0.0
2025-10-18,84.0,71.0,26.0,5.0,3.0,7.0,"Khindipada-Bhandup West, Mumbai",36.5,25.3,30.1,62,10.6,5.5,32,1008.8,0.2
2025-10-19,84.0,79.0,15.0,5.0,5.0,9.0,"Khindipada-Bhandup West, Mumbai",36.0,25.2,30.0,63,10.2,6.7,32,1007.6,0.5
2025-10-20,84.0,97.0,15.0,4.0,3.0,7.0,"Khindipada-Bhandup West, Mumbai",36.2,24.9,30.2,60,10.7,6.7,40,1006.9,0.0
2025-10-21,84.0,77.0,28.0,4.0,3.0,6.0,"Khindipada-Bhandup West, Mumbai",35.3,25.5,29.1,66,9.8,5.9,56,1008.1,6.4
2025-10-22,84.0,51.0,9.0,3.0,4.0,6.0,"Khindipada-Bhandup West, Mumbai",35.2,25.3,28.7,77,10.7,5.8,48,1008.5,6.4
2025-10-23,84.0,48.0,7.0,5.0,6.0,6.0,"Khindipada-Bhandup West, Mumbai",34.7,25.6,29.5,74,11.9,6.7,66,1007.2,3.9
2025-10-24,84.0,58.0,6.0,4.0,4.0,7.0,"Khindipada-Bhandup West, Mumbai",32.4,26.1,28.9,76,11.5,4.4,98,1007.0,9.4
2025-10-25,84.0,23.0,6.0,4.0,5.0,6.0,"Khindipada-Bhandup West, Mumbai",30.3,24.7,26.7,88,12.5,5.7,121,1006.8,16.0
2025-10-26,84.0,28.0,7.0,5.0,5.0,6.0,"Khindipada-Bhandup West, Mumbai",26.8,23.6,24.9,95,12.5,6.6,122,1006.8,25.1
2025-10-27,84.0,22.0,7.0,5.0,4.0,6.0,"Khindipada-Bhandup West, Mumbai",31.1,23.1,25.7,90,12.7,7.6,152,1006.5,10.5
2025-10-28,84.0,36.0,18.0,5.0,4.0,6.0,"Khindipada-Bhandup West, Mumbai",32.3,24.2,27.4,78,12.8,8.4,145,1005.8,0.6
2025-10-29,84.0,57.0,15.0,5.0,4.0,6.0,"Khindipada-Bhandup West, Mumbai",31.6,25.0,27.5,79,8.7,6.2,160,1005.2,1.5
2025-10-30,84.0,33.0,4.0,4.0,4.0,5.0,"Khindipada-Bhandup West, Mumbai",29.1,24.0,26.1,85,12.7,7.8,157,1007.0,6.0
2025-10-31,84.0,37.0,7.0,5.0,2.0,6.0,"Khindipada-Bhandup West, Mumbai",29.9,24.0,26.5,84,16.8,11.5,165,1008.4,5.8
2025-11-01,123.5,26.0,4.0,5.0,3.0,7.0,"Khindipada-Bhandup West, Mumbai",29.4,23.3,26.2,89,15.0,9.7,172,1010.3,8.4
2025-11-02,123.5,28.0,12.0,4.0,5.0,7.0,"Khindipada-Bhandup West, Mumbai",28.6,24.1,25.8,91,13.4,7.7,183,1012.4,4.9
2025-11-03,123.5,24.0,14.0,2.0,5.0,5.0,"Khindipada-Bhandup West, Mumbai",29.3,23.2,25.9,89,11.3,5.8,206,1012.4,2.0
2025-11-04,123.5,37.0,14.0,2.0,4.0,5.0,"Khindipada-Bhandup West, Mumbai",28.5,23.5,25.5,89,10.5,4.1,235,1011.9,1.1
2025-11-05,123.5,37.0,13.0,3.0,4.5,5.0,"Khindipada-Bhandup West, Mumbai",29.2,22.7,25.3,84,8.4,3.9,318,1011.1,0.2
2025-11-06,123.5,73.0,16.0,4.5,5.0,7.0,"Khindipada-Bhandup West, Mumbai",29.9,22.0,25.3,84,9.6,3.8,333,1011.6,0.8
2025-11-07,123.5,91.0,13.0,6.0,6.0,7.0,"Khindipada-Bhandup West, Mumbai",32.2,22.5,26.2,77,12.2,4.5,338,1012.4,0.0
2025-11-08,123.5,81.0,23.0,5.0,4.0,6.0,"Khindipada-Bhandup West, Mumbai",33.2,21.5,26.3,64,9.8,6.1,32,1013.4,0.0
2025-11-09,123.5,62.0,26.0,10.0,6.0,15.0,"Khindipada-Bhandup West, Mumbai",31.8,19.5,24.8,67,9.4,4.8,315,1012.8,0.0
2025-11-10,123.5,78.0,21.0,11.0,6.0,7.0,"Khindipada-Bhandup West, Mumbai",32.9,18.8,25.1,66,8.7,4.3,359,1012.2,0.0
2025-11-11,123.5,95.0,33.0,8.0,4.0,6.0,"Khindipada-Bhandup West, Mumbai",33.2,19.8,25.8,63,10.8,5.4,0,1013.0,0.0
2025-11-12,123.5,110.0,20.0,8.0,5.0,5.0,"Khindipada-Bhandup West, Mumbai",33.2,19.5,26.0,52,8.5,6.4,37,1013.5,0.0
2025-11-13,123.5,109.0,17.0,9.0,5.0,6.0,"Khindipada-Bhandup West, Mumbai",33.8,20.2,26.3,52,10.0,7.4,27,1013.9,0.0
2025-11-14,123.5,106.0,17.0,8.0,4.0,6.0,"Khindipada-Bhandup West, Mumbai",34.1,19.6,26.2,52,9.8,6.1,30,1013.2,0.0
2025-11-15,123.5,60.0,32.0,7.0,4.0,5.0,"Khindipada-Bhandup West, Mumbai",33.7,19.0,25.7,51,10.8,6.2,35,1013.9,0.0
2025-11-16,123.5,73.0,36.0,9.0,5.0,6.0,"Khindipada-Bhandup West, Mumbai",33.2,19.2,25.5,46,11.0,7.4,38,1015.2,0.0
2025-11-17,123.5,89.0,23.0,8.0,5.0,6.0,"Khindipada-Bhandup West, Mumbai",32.7,19.4,25.1,48,12.6,7.7,32,1014.7,0.0
2025-11-18,123.5,85.0,29.0,9.0,2.0,5.0,"Khindipada-Bhandup West, Mumbai",32.5,18.2,24.5,48,10.9,7.0,36,1013.0,0.0
2025-11-19,123.5,107.0,26.0,9.0,3.0,6.0,"Khindipada-Bhandup West, Mumbai",33.7,16.8,24.7,49,10.0,6.7,14,1012.9,0.0
2025-11-20,123.5,95.0,51.0,10.0,3.0,6.0,"Khindipada-Bhandup West, Mumbai",34.2,18.0,25.2,53,10.0,6.1,18,1013.2,0.0
2025-11-21,123.5,93.0,76.0,12.0,4.0,7.0,"Khindipada-Bhandup West, Mumbai",35.3,18.8,25.9,52,9.0,6.1,17,1014.0,0.0
2025-11-22,123.5,84.0,31.0,9.0,3.0,7.0,"Khindipada-Bhandup West, Mumbai",35.2,20.8,27.0,57,9.7,5.7,332,1013.1,0.0
2025-11-23,123.5,75.0,57.0,10.0,3.0,8.0,"Khindipada-Bhandup West, Mumbai",35.0,22.0,27.5,63,11.1,4.8,329,1013.1,0.0
2025-11-24,123.5,88.0,24.0,10.0,1.0,8.0,"Khindipada-Bhandup West, Mumbai",35.3,21.9,27.5,65,10.5,4.9,332,1013.1,0.1
2025-11-25,123.5,78.0,28.0,8.0,1.0,1.0,"Khindipada-Bhandup West, Mumbai",35.0,22.4,27.6,67,9.2,4.7,318,1012.9,0.1
2025-11-26,123.5,90.0,29.0,8.0,3.0,4.0,"Khindipada-Bhandup West, Mumbai",34.7,22.8,27.5,68,10.8,4.3,288,1013.0,0.1
2025-11-27,123.5,95.0,22.0,8.0,2.0,5.0,"Khindipada-Bhandup West, Mumbai",35.3,22.2,27.6,61,8.3,5.2,27,1013.6,0.0
2025-11-28,123.5,92.0,18.0,6.0,4.0,5.0,"Khindipada-Bhandup West, Mumbai",34.4,21.2,27.1,56,12.0,6.2,25,1013.1,0.0
2025-11-29,123.5,84.0,18.0,8.0,4.0,6.0,"Khindipada-Bhandup West, Mumbai",34.3,21.8,27.3,44,10.7,7.1,55,1011.9,0.0
2025-11-30,123.5,83.0,53.0,7.0,4.0,7.0,"Khindipada-Bhandup West, Mumbai",33.4,18.5,24.8,52,9.6,5.8,22,1011.8,0.0
2025-12-01,140.0,90.0,25.0,8.0,3.0,6.0,"Khindipada-Bhandup West, Mumbai",33.5,17.8,24.7,54,12.1,6.2,10,1011.6,0.0
2025-12-02,140.0,90.0,48.0,7.0,5.0,6.0,"Khindipada-Bhandup West, Mumbai",33.5,18.4,25.1,54,8.6,5.3,11,1011.7,0.0
2025-12-03,140.0,94.0,22.0,6.0,4.0,5.0,"Khindipada-Bhandup West, Mumbai",34.0,18.4,25.6,51,9.8,6.8,30,1012.6,0.0
2025-12-04,140.0,90.0,41.0,6.0,4.0,4.0,"Khindipada-Bhandup West, Mumbai",34.2,20.9,26.9,48,10.8,7.9,32,1013.6,0.0
2025-12-05,140.0,86.0,23.0,8.0,5.0,4.0,"Khindipada-Bhandup West, Mumbai",34.8,22.1,27.8,48,9.8,8.2,46,1014.5,0.0
2025-12-06,140.0,78.0,64.0,7.0,4.0,5.0,"Khindipada-Bhandup West, Mumbai",34.0,22.3,27.2,49,11.5,7.9,26,1015.0,0.0
2025-12-07,140.0,78.0,45.0,9.0,6.0,5.0,"Khindipada-Bhandup West, Mumbai",35.0,20.8,26.6,46,10.9,7.3,27,1014.8,0.0
2025-12-08,140.0,82.0,35.0,10.333333333333334,4.5,5.0,"Khindipada-Bhandup West, Mumbai",35.3,19.4,26.1,50,9.7,5.6,18,1014.6,0.0
2025-12-09,140.0,80.0,25.0,11.666666666666666,3.0,5.0,"Khindipada-Bhandup West, Mumbai",34.3,18.7,26.1,35,8.9,6.9,44,1014.2,0.0
2025-12-10,140.0,78.0,66.0,13.0,19.0,5.0,"Khindipada-Bhandup West, Mumbai",34.5,18.1,25.2,41,9.2,6.5,35,1015.0,0.0
2025-12-11,140.0,58.0,28.0,25.0,5.0,7.0,"Khindipada-Bhandup West, Mumbai",34.0,18.1,24.8,40,10.3,7.2,37,1014.4,0.0
2025-12-12,140.0,69.0,53.0,38.0,5.0,5.0,"Khindipada-Bhandup West, Mumbai",33.8,16.9,24.1,45,10.8,5.8,15,1013.4,0.0
2025-12-13,140.0,61.0,33.0,25.0,5.0,7.0,"Khindipada-Bhandup West, Mumbai",34.4,17.2,24.5,50,10.8,5.5,356,1013.2,0.0
2025-12-14,140.0,66.0,39.0,21.0,4.0,6.0,"Khindipada-Bhandup West, Mumbai",33.7,17.0,24.8,48,11.6,6.1,10,1013.9,0.0
2025-12-15,140.0,68.0,24.0,20.0,5.0,5.0,"Khindipada-Bhandup West, Mumbai",33.4,17.8,25.0,45,10.1,6.7,45,1013.8,0.0
2025-12-16,140.0,83.0,57.0,17.0,5.0,7.0,"Khindipada-Bhandup West, Mumbai",33.4,17.4,24.6,47,10.4,6.6,39,1013.4,0.0
2025-12-17,140.0,85.0,20.0,16.0,4.0,8.0,"Khindipada-Bhandup West, Mumbai",34.5,18.9,25.6,50,9.4,5.8,17,1014.4,0.0
2025-12-18,140.0,68.0,27.0,17.0,3.0,5.0,"Khindipada-Bhandup West, Mumbai",35.1,18.6,25.6,47,9.7,6.1,19,1014.6,0.0
2025-12-19,140.0,74.0,31.0,18.0,5.0,3.0,"Khindipada-Bhandup West, Mumbai",35.6,17.6,24.9,42,11.8,7.5,21,1013.1,0.0
2025-12-20,140.0,67.0,35.0,17.0,5.0,2.0,"Khindipada-Bhandup West, Mumbai",34.8,17.5,24.5,41,12.3,7.1,27,1011.6,0.0
2025-12-21,140.0,68.0,97.0,17.0,6.0,1.0,"Khindipada-Bhandup West, Mumbai",33.2,16.7,24.1,41,9.3,5.6,11,1012.5,0.0
2025-12-22,140.0,63.0,29.0,16.0,5.0,1.0,"Khindipada-Bhandup West, Mumbai",33.0,16.0,23.9,44,12.1,6.2,5,1012.8,0.0
2025-12-23,140.0,69.0,29.0,14.0,5.0,3.0,"Khindipada-Bhandup West, Mumbai",33.8,17.9,24.6,47,12.6,7.4,20,1012.2,0.0
2025-12-24,140.0,57.0,17.0,15.0,4.0,3.0,"Khindipada-Bhandup West, Mumbai",33.1,19.0,24.6,47,13.4,7.1,19,1012.1,0.0
2025-12-25,140.0,63.0,24.0,17.0,4.0,2.0,"Khindipada-Bhandup West, Mumbai",31.8,17.2,24.0,52,10.8,6.1,6,1012.7,0.0
2025-12-26,140.0,79.0,20.0,18.0,4.0,3.0,"Khindipada-Bhandup West, Mumbai",32.6,17.1,24.2,51,11.9,5.8,12,1012.6,0.0
2025-12-27,140.0,83.0,24.0,15.0,5.0,2.0,"Khindipada-Bhandup West, Mumbai",32.5,17.1,24.1,54,10.3,5.7,11,1012.8,0.0
2025-12-28,140.0,75.0,26.2,14.6,4.333333333333333,2.4,"Khindipada-Bhandup West, Mumbai",31.8,17.5,23.5,58,9.1,5.4,8,1013.4,0.0
2026-01-01,137.0,75.0,35.0,13.0,1.666666666666667,4.0,"Khindipada-Bhandup West, Mumbai",29.5,18.9,23.2,77,13.2,5.3,318,1012.1,1.2
2026-01-02,137.0,75.0,19.0,12.0,1.0,2.0,"Khindipada-Bhandup West, Mumbai",31.0,18.8,23.8,74,11.8,5.2,325,1013.6,0.0
2026-01-03,137.0,71.0,31.0,11.0,15.500000000000002,3.0,"Khindipada-Bhandup West, Mumbai",31.4,18.5,24.1,70,9.7,4.5,330,1013.6,0.0
2026-01-04,137.0,86.0,64.0,10.0,30.0,3.0,"Khindipada-Bhandup West, Mumbai",31.6,20.2,25.3,67,9.2,5.0,340,1014.2,0.0
2026-01-05,137.0,79.0,23.0,14.0,1.0,3.0,"Khindipada-Bhandup West, Mumbai",32.5,20.2,25.0,66,11.6,5.4,351,1015.1,0.0
2026-01-06,137.0,85.0,36.0,11.0,1.0,6.0,"Khindipada-Bhandup West, Mumbai",32.0,19.8,24.6,66,11.4,4.8,8,1015.7,0.0
2026-01-07,137.0,84.0,21.0,10.0,1.0,2.0,"Khindipada-Bhandup West, Mumbai",31.9,18.0,23.5,67,13.4,5.3,354,1015.9,0.0
2026-01-08,137.0,75.0,39.0,8.0,1.0,2.0,"Khindipada-Bhandup West, Mumbai",31.1,16.7,22.8,60,13.8,5.8,349,1016.1,0.0
2026-01-09,137.0,77.0,46.0,9.0,2.0,3.0,"Khindipada-Bhandup West, Mumbai",31.6,15.5,22.7,56,9.0,6.1,28,1015.5,0.0
2026-01-10,137.0,84.0,21.0,9.0,4.0,2.0,"Khindipada-Bhandup West, Mumbai",31.0,16.3,22.7,58,14.0,6.7,356,1015.1,0.0
2026-01-11,137.0,72.0,47.0,9.0,4.0,2.0,"Khindipada-Bhandup West, Mumbai",32.0,15.9,23.5,56,8.7,5.9,18,1015.4,0.0
2026-01-12,137.0,71.0,24.0,11.0,2.0,3.0,"Khindipada-Bhandup West, Mumbai",33.0,18.0,24.3,52,10.1,5.6,10,1015.6,0.0
2026-01-13,137.0,72.0,20.0,9.0,4.0,2.0,"Khindipada-Bhandup West, Mumbai",32.8,19.8,25.8,57,10.9,5.0,269,1015.8,0.0
2026-01-14,137.0,64.0,46.0,8.0,3.0,2.0,"Khindipada-Bhandup West, Mumbai",32.8,20.8,25.9,58,12.0,5.8,332,1014.5,0.0
2026-01-15,137.0,57.0,29.0,13.0,2.0,4.0,"Khindipada-Bhandup West, Mumbai",32.2,16.6,23.9,57,10.2,4.9,322,1013.8,0.0
2026-01-16,137.0,69.0,36.0,6.0,2.5,1.0,"Khindipada-Bhandup West, Mumbai",32.2,17.1,23.5,70,10.5,4.9,292,1013.4,0.0
2026-01-17,137.0,47.0,31.0,6.0,3.0,1.0,"Khindipada-Bhandup West, Mumbai",31.9,17.5,23.3,71,10.6,5.4,303,1013.0,0.0
2026-01-18,137.0,51.0,17.0,6.0,4.0,1.0,"Khindipada-Bhandup West, Mumbai",27.6,18.1,22.4,76,11.6,5.6,311,1012.3,0.0
2026-01-19,137.0,54.0,23.0,9.0,5.0,2.0,"Khindipada-Bhandup West, Mumbai",29.0,16.2,22.0,67,14.1,6.6,336,1013.4,0.0
2026-01-20,137.0,60.0,24.0,11.0,4.0,2.0,"Khindipada-Bhandup West, Mumbai",30.1,16.1,22.7,64,10.9,4.6,310,1012.8,0.0
2026-01-21,137.0,76.0,45.0,11.0,3.0,2.0,"Khindipada-Bhandup West, Mumbai",32.5,17.7,24.2,66,15.6,4.3,250,1013.1,0.0
2026-01-22,137.0,72.0,17.0,6.0,1.0,1.0,"Khindipada-Bhandup West, Mumbai",32.7,18.8,24.6,64,15.9,6.0,243,1013.8,0.0
2026-01-23,137.0,60.0,38.0,7.0,3.0,1.0,"Khindipada-Bhandup West, Mumbai",29.8,18.9,23.4,75,14.8,5.3,319,1015.3,0.0
2026-01-24,137.0,55.0,24.0,10.0,3.0,5.0,"Khindipada-Bhandup West, Mumbai",30.2,16.9,22.8,69,12.0,5.3,325,1016.4,0.0
2026-01-25,137.0,70.0,26.0,10.0,3.0,5.0,"Khindipada-Bhandup West, Mumbai",31.1,17.2,23.4,70,9.0,4.4,330,1014.6,0.0
2026-01-26,137.0,74.0,16.0,5.0,1.0,2.0,"Khindipada-Bhandup West, Mumbai",32.4,18.5,24.7,70,11.8,5.9,271,1014.5,0.0
2026-01-27,137.0,54.0,21.0,6.0,4.0,2.0,"Khindipada-Bhandup West, Mumbai",29.1,20.7,23.8,75,13.8,6.6,312,1016.6,0.8
2026-01-28,137.0,45.0,27.0,10.0,5.0,4.0,"Khindipada-Bhandup West, Mumbai",31.5,18.7,23.9,63,9.8,6.1,344,1015.9,0.0
2026-01-29,137.0,66.0,22.0,11.0,2.0,5.0,"Khindipada-Bhandup West, Mumbai",34.0,18.4,24.7,58,10.3,4.2,315,1013.8,0.0
2026-01-30,137.0,81.0,23.0,8.0,2.0,3.0,"Khindipada-Bhandup West, Mumbai",33.5,21.6,25.9,67,12.4,5.0,218,1014.2,0.0
2026-01-31,137.0,69.0,16.0,5.0,3.0,2.0,"Khindipada-Bhandup West, Mumbai",31.0,21.2,25.0,80,12.2,4.3,291,1014.9,0.0
2026-02-01,131.0,66.0,50.0,9.0,4.0,4.0,"Khindipada-Bhandup West, Mumbai",33.5,20.0,25.4,71,13.3,4.9,329,1014.9,0.0
2026-02-02,131.0,87.0,15.0,16.0,4.0,5.0,"Khindipada-Bhandup West, Mumbai",34.8,19.8,26.3,55,12.8,5.5,337,1014.5,0.0
2026-02-03,131.0,90.0,26.0,13.0,6.0,1.0,"Khindipada-Bhandup West, Mumbai",33.4,20.0,25.7,56,11.8,5.3,331,1014.4,0.0
2026-02-04,131.0,62.0,51.0,13.0,8.0,6.0,"Khindipada-Bhandup West, Mumbai",34.7,20.0,26.2,55,12.0,5.5,354,1014.5,0.0
2026-02-05,131.0,76.0,23.0,10.0,5.0,1.0,"Khindipada-Bhandup West, Mumbai",34.7,20.8,26.6,53,12.2,5.9,358,1015.4,0.0
2026-02-06,131.0,88.0,44.0,7.0,4.0,1.0,"Khindipada-Bhandup West, Mumbai",34.5,20.1,26.6,52,13.5,7.5,4,1015.8,0.0
2026-02-07,131.0,61.0,6.0,16.0,3.0,4.0,"Khindipada-Bhandup West, Mumbai",34.9,19.2,26.5,48,13.0,6.0,346,1014.7,0.0
2026-02-08,131.0,83.0,9.8,14.6,3.2,3.8,"Khindipada-Bhandup West, Mumbai",34.5,19.9,26.4,50,11.1,6.2,338,1013.1,0.0
2026-02-12,131.0,75.8,25.0,9.0,4.0,3.0,"Khindipada-Bhandup West, Mumbai",35.1,20.1,26.4,58,13.7,5.4,298,1014.1,0.0
2026-02-13,131.0,74.0,59.0,10.0,4.0,4.0,"Khindipada-Bhandup West, Mumbai",35.7,20.2,26.5,59,13.8,4.9,310,1013.2,0.0
2026-02-14,131.0,79.0,23.0,12.0,6.0,4.0,"Khindipada-Bhandup West, Mumbai",35.8,19.9,27.1,56,13.1,5.3,340,1012.4,0.0
2026-02-15,131.0,71.0,31.0,10.0,5.0,4.0,"Khindipada-Bhandup West, Mumbai",36.3,20.9,27.9,47,14.6,5.9,332,1012.3,0.0
2026-02-16,131.0,72.0,46.0,8.0,3.0,2.0,"Khindipada-Bhandup West, Mumbai",33.8,20.5,26.3,53,11.0,4.9,302,1010.8,0.0
2026-02-17,131.0,61.0,31.0,6.0,2.0,2.0,"Khindipada-Bhandup West, Mumbai",32.5,20.6,25.3,62,13.2,6.6,311,1011.0,0.0
2026-02-18,131.0,49.0,31.0,6.0,2.0,2.0,"Khindipada-Bhandup West, Mumbai",30.5,20.1,24.4,71,13.8,6.0,309,1011.6,0.0
