date,pm25,pm10,o3,no2,so2,co,location,temperature_2m_max,temperature_2m_min,temperature_2m_mean,relative_humidity_2m_mean,wind_speed_10m_max,wind_speed_10m_mean,wind_direction_10m_dominant,pressure_msl_mean,precipitation_sum
2019-12-02,153.0,97.0,21.0,30.0,57.0,4.0,"Kurla, Mumbai",33.4,24.2,28.0,65,13.6,9.5,25,1011.3,0.0
2019-12-03,99.0,95.0,33.0,29.0,59.0,4.0,"Kurla, Mumbai",32.2,24.5,27.7,67,14.2,9.7,75,1011.6,0.1
2019-12-04,134.0,105.0,26.0,26.0,63.0,5.0,"Kurla, Mumbai",31.6,24.8,27.4,71,11.6,9.5,27,1012.5,0.0
2019-12-05,149.0,104.0,107.0,23.0,62.0,6.0,"Kurla, Mumbai",29.5,25.5,27.6,74,16.4,8.1,45,1014.1,3.4
2019-12-06,164.0,179.0,45.0,24.0,62.0,5.0,"Kurla, Mumbai",32.5,25.2,28.0,61,19.5,10.7,29,1013.5,0.0
2019-12-07,193.0,120.0,45.0,28.0,62.0,6.0,"Kurla, Mumbai",31.5,23.0,26.4,61,17.7,10.2,13,1012.7,0.0
2019-12-08,169.0,114.0,41.0,30.0,63.0,6.0,"Kurla, Mumbai",31.5,22.4,26.0,64,14.7,9.3,16,1013.1,0.0
2019-12-09,163.0,122.0,36.0,36.0,57.0,7.0,"Kurla, Mumbai",32.0,22.1,26.5,69,14.7,9.0,7,1012.8,0.0
2019-12-10,165.0,143.0,25.0,40.0,65.0,8.0,"Kurla, Mumbai",31.5,22.5,26.6,75,14.7,7.8,344,1011.7,0.0
2019-12-11,177.0,150.0,33.0,37.0,74.0,8.0,"Kurla, Mumbai",30.2,22.4,26.1,77,13.7,8.0,337,1010.7,0.0
2019-12-12,177.0,106.0,36.0,25.0,82.0,4.0,"Kurla, Mumbai",29.5,22.2,25.6,74,15.0,7.9,322,1010.6,0.0
2019-12-13,150.0,106.0,30.0,27.0,82.0,4.0,"Kurla, Mumbai",28.8,21.7,24.6,78,20.8,10.7,350,1012.6,0.0
2019-12-14,146.0,150.0,32.0,33.0,87.0,6.0,"Kurla, Mumbai",29.2,19.9,24.1,67,19.9,11.9,349,1014.5,0.0
2019-12-15,164.0,133.0,33.0,31.0,101.0,7.0,"Kurla, Mumbai",28.7,20.4,24.2,65,17.2,11.7,346,1013.3,0.0
2019-12-16,171.0,118.0,40.0,24.0,107.0,6.0,"Kurla, Mumbai",30.0,21.0,24.8,70,19.1,10.7,348,1012.7,0.0
2019-12-17,166.0,105.0,41.0,24.0,106.0,5.0,"Kurla, Mumbai",31.2,21.9,25.4,71,18.1,10.9,8,1013.4,0.0
2019-12-18,161.0,105.0,36.0,25.0,101.0,5.0,"Kurla, Mumbai",31.9,21.9,25.8,66,16.8,10.5,24,1014.1,0.0
2019-12-19,158.0,155.0,34.0,42.0,116.0,8.0,"Kurla, Mumbai",31.2,21.0,25.3,67,17.4,10.0,360,1013.0,0.0
2019-12-20,178.0,136.0,38.0,35.0,132.0,8.0,"Kurla, Mumbai",30.6,20.9,25.2,71,14.9,8.2,349,1012.0,0.0
2019-12-21,175.0,134.0,40.0,33.0,120.0,9.0,"Kurla, Mumbai",30.5,21.8,25.6,72,15.7,8.9,352,1011.6,0.0
2019-12-22,177.0,146.0,27.0,35.0,109.0,8.0,"Kurla, Mumbai",31.6,21.8,26.3,65,13.0,9.1,40,1011.2,0.0
2019-12-23,175.0,176.0,25.0,43.0,104.0,10.0,"Kurla, Mumbai",31.4,23.1,26.5,70,10.9,6.7,350,1011.0,0.0
2019-12-24,191.0,152.0,32.0,34.0,51.0,9.0,"Kurla, Mumbai",30.5,22.6,26.1,76,12.0,7.2,343,1012.1,0.0
2019-12-25,199.0,123.0,32.0,28.0,33.0,6.0,"Kurla, Mumbai",31.2,24.2,26.7,70,20.0,12.0,353,1012.3,0.1
2019-12-26,168.0,124.0,33.0,31.0,18.5,7.0,"Kurla, Mumbai",29.9,23.0,25.7,64,19.4,11.7,348,1012.4,0.8
2019-12-27,170.0,111.0,33.0,25.0,4.0,5.0,"Kurla, Mumbai",29.5,19.1,24.2,69,19.4,9.6,352,1011.4,0.0
2019-12-28,168.0,121.0,32.0,29.0,4.0,5.0,"Kurla, Mumbai",31.2,20.9,24.8,66,20.0,11.4,25,1011.0,0.0
2019-12-31,177.3333333,134.0,49.0,34.0,5.0,7.0,"Kurla, Mumbai",27.3,17.9,22.4,64,19.1,10.6,350,1013.1,0.0
2020-01-01,183.0,137.0,34.0,31.0,2.0,5.0,"Kurla, Mumbai",25.9,15.6,20.9,75,13.2,8.1,350,1013.7,0.0
2020-01-02,190.0,124.0,45.0,24.0,2.0,4.0,"Kurla, Mumbai",26.6,17.6,21.9,77,16.1,8.9,337,1015.8,0.0
2020-01-03,176.0,131.0,41.0,28.0,2.0,4.0,"Kurla, Mumbai",26.5,18.5,21.8,75,23.5,12.6,348,1015.2,0.0
2020-01-04,182.0,125.0,38.0,26.0,2.0,6.0,"Kurla, Mumbai",25.9,18.2,21.6,67,21.4,14.3,345,1013.5,0.0
2020-01-05,173.0,108.0,42.0,28.0,15.0,5.0,"Kurla, Mumbai",29.6,18.4,23.1,66,16.8,11.4,30,1012.7,0.0
2020-01-06,160.0,130.0,31.0,35.0,2.0,7.0,"Kurla, Mumbai",30.6,20.7,24.6,63,17.1,12.5,28,1013.4,0.0
2020-01-07,185.0,133.0,24.0,20.0,1.0,3.0,"Kurla, Mumbai",28.0,20.3,23.9,76,18.9,9.3,313,1012.9,0.0
2020-01-08,168.0,113.0,43.0,28.0,1.0,4.0,"Kurla, Mumbai",27.4,20.9,23.8,76,17.3,10.8,330,1013.1,0.0
2020-01-09,137.0,110.0,43.0,28.0,3.0,6.0,"Kurla, Mumbai",27.6,19.2,22.6,59,23.4,14.3,349,1013.5,0.0
2020-01-10,226.0,117.0,39.0,34.0,3.0,7.0,"Kurla, Mumbai",30.8,19.0,23.7,61,19.1,11.5,21,1012.5,0.0
2020-01-11,302.0,137.0,33.0,32.0,2.0,8.0,"Kurla, Mumbai",32.0,21.0,25.3,66,15.5,10.4,39,1013.1,0.0
2020-01-12,161.0,94.0,16.0,20.0,1.666666667,3.0,"Kurla, Mumbai",30.0,20.4,24.8,73,17.3,8.1,319,1013.2,0.0
2020-01-13,130.0,81.0,29.0,17.0,1.333333333,2.0,"Kurla, Mumbai",27.6,21.7,23.9,84,17.0,8.1,324,1012.2,0.4
2020-01-14,71.0,86.0,31.0,22.0,1.0,2.0,"Kurla, Mumbai",26.8,20.8,23.1,79,21.5,12.4,348,1012.2,0.2
2020-01-15,97.0,84.0,34.0,18.0,2.0,1.0,"Kurla, Mumbai",25.3,19.3,21.9,63,22.0,14.1,338,1012.8,0.0
2020-01-16,106.0,100.0,37.0,27.0,3.0,3.0,"Kurla, Mumbai",24.2,17.1,20.3,64,21.1,12.7,348,1014.3,0.0
2020-01-17,137.0,135.0,37.0,40.0,3.0,6.0,"Kurla, Mumbai",24.5,15.9,19.4,56,24.4,14.8,350,1014.6,0.0
2020-01-18,172.0,161.0,55.0,33.0,2.0,10.0,"Kurla, Mumbai",27.8,15.3,21.3,62,17.9,11.9,350,1013.1,0.0
2020-01-19,180.0,134.0,73.0,37.0,2.0,10.0,"Kurla, Mumbai",29.0,17.9,23.0,64,16.8,10.7,342,1013.0,0.0
2020-01-20,171.0,152.0,38.0,37.0,2.0,10.0,"Kurla, Mumbai",30.8,18.4,23.5,71,16.6,9.1,346,1013.0,0.0
2020-01-21,164.0,176.0,38.0,27.0,3.0,10.0,"Kurla, Mumbai",29.2,18.9,23.5,73,16.6,9.1,328,1014.0,0.0
2020-01-22,161.0,140.0,48.0,33.0,2.0,7.0,"Kurla, Mumbai",30.6,19.0,24.3,65,18.7,10.0,345,1014.7,0.0
2020-01-23,168.0,128.0,44.0,31.0,2.0,6.0,"Kurla, Mumbai",31.8,21.6,25.6,62,22.2,13.5,351,1013.7,0.0
2020-01-24,150.0,161.0,46.0,37.0,2.0,10.0,"Kurla, Mumbai",31.8,21.0,25.3,66,19.6,10.9,355,1013.3,0.0
2020-01-25,168.0,163.0,50.0,38.0,2.0,12.0,"Kurla, Mumbai",30.5,20.4,25.1,64,20.3,11.2,343,1013.2,0.0
2020-01-26,178.0,153.0,21.0,25.0,2.0,3.0,"Kurla, Mumbai",30.4,19.6,24.4,71,15.5,8.9,327,1011.7,0.0
2020-01-27,141.0,103.0,25.0,19.0,2.0,1.0,"Kurla, Mumbai",28.0,20.2,23.7,77,15.1,8.7,302,1011.6,0.0
2020-01-28,80.0,82.0,35.0,15.0,2.0,2.0,"Kurla, Mumbai",26.5,19.9,22.8,79,18.8,9.7,305,1012.8,1.0
2020-01-29,71.0,114.0,54.0,27.0,2.0,3.0,"Kurla, Mumbai",24.6,18.4,21.8,63,21.9,13.3,337,1015.5,0.0
2020-01-30,147.0,138.0,39.0,34.0,3.0,5.0,"Kurla, Mumbai",27.5,15.9,21.0,59,21.1,11.2,347,1014.5,0.0
2020-01-31,165.0,150.0,49.0,36.0,2.0,8.0,"Kurla, Mumbai",26.1,15.9,21.1,62,20.7,11.0,337,1012.4,0.0
2020-02-01,167.0,160.0,52.0,35.0,2.0,11.0,"Kurla, Mumbai",28.1,17.6,22.3,61,22.2,12.1,338,1012.0,0.0
2020-02-02,169.0,128.0,37.0,33.0,1.5,7.0,"Kurla, Mumbai",29.3,18.4,23.0,73,15.2,7.7,328,1013.5,0.0
2020-02-03,165.0,117.0,55.0,26.0,1.0,4.0,"Kurla, Mumbai",27.0,17.9,22.7,81,14.1,6.7,289,1014.3,0.0
2020-02-04,159.0,137.0,46.0,37.0,3.0,5.0,"Kurla, Mumbai",28.0,19.6,23.2,70,19.1,11.1,343,1013.2,0.0
2020-02-05,162.0,120.0,50.0,29.0,2.0,3.0,"Kurla, Mumbai",29.2,18.4,23.1,52,20.0,11.5,339,1012.9,0.0
2020-02-06,142.0,122.0,49.0,29.0,3.0,3.0,"Kurla, Mumbai",27.2,19.0,22.6,61,18.7,11.1,335,1013.0,0.0
2020-02-07,148.0,116.0,48.0,26.0,2.0,3.0,"Kurla, Mumbai",26.7,17.5,21.5,59,22.9,12.5,334,1014.0,0.0
2020-02-08,160.0,101.0,46.0,18.0,3.0,3.0,"Kurla, Mumbai",29.4,17.1,22.7,63,25.8,14.1,349,1013.9,0.0
2020-02-09,161.0,95.0,45.0,19.0,3.0,3.0,"Kurla, Mumbai",30.9,20.8,24.7,52,27.4,15.7,14,1013.8,0.0
2020-02-10,146.0,135.0,36.0,26.0,4.0,5.0,"Kurla, Mumbai",31.8,21.9,25.8,56,19.6,14.3,22,1012.7,0.0
2020-02-11,181.0,104.0,39.0,26.0,2.0,6.0,"Kurla, Mumbai",33.2,22.4,26.8,59,17.3,12.2,11,1012.8,0.0
2020-02-12,149.0,114.0,35.0,30.0,3.0,8.0,"Kurla, Mumbai",34.5,23.0,27.9,56,17.1,11.7,30,1014.3,0.0
2020-02-13,157.0,117.0,43.0,27.0,3.0,5.0,"Kurla, Mumbai",34.1,23.5,27.9,54,23.1,12.1,3,1014.5,0.0
2020-02-14,149.0,184.0,36.0,27.0,10.0,5.0,"Kurla, Mumbai",33.0,23.7,27.7,43,22.2,15.6,353,1012.9,0.0
2020-02-15,202.0,136.0,57.0,34.0,5.0,6.0,"Kurla, Mumbai",31.0,21.9,25.6,46,22.3,12.8,338,1012.3,0.0
2020-02-16,164.0,237.0,42.0,38.0,24.0,10.0,"Kurla, Mumbai",31.4,20.8,25.1,61,17.9,11.2,332,1012.8,0.0
2020-02-17,214.0,169.0,54.0,38.0,5.0,8.0,"Kurla, Mumbai",33.7,20.6,26.2,61,16.3,9.0,325,1013.2,0.0
2020-02-18,169.0,215.0,44.0,34.0,30.0,9.0,"Kurla, Mumbai",34.3,22.0,27.1,57,19.3,9.4,342,1012.7,0.0
2020-02-19,223.0,127.0,26.0,33.0,12.0,6.0,"Kurla, Mumbai",31.9,21.2,26.1,69,16.3,8.9,318,1012.1,0.0
2020-02-20,151.0,95.0,18.0,28.0,11.0,4.0,"Kurla, Mumbai",30.8,20.7,25.1,74,19.2,10.9,331,1011.7,0.0
2020-02-21,127.0,135.0,39.0,41.0,13.0,6.0,"Kurla, Mumbai",30.5,21.2,25.0,70,20.4,10.9,332,1013.8,0.0
2020-02-22,160.0,161.0,49.0,41.0,15.0,8.0,"Kurla, Mumbai",32.2,20.8,25.7,58,18.6,11.6,337,1014.6,0.0
2020-02-23,169.0,171.0,45.0,46.0,15.0,9.0,"Kurla, Mumbai",32.9,21.4,26.5,51,20.7,12.7,336,1013.3,0.0
2020-02-24,178.0,108.0,38.0,22.0,14.0,4.0,"Kurla, Mumbai",31.2,20.0,25.6,54,22.1,12.9,333,1011.3,0.0
2020-02-25,131.0,101.0,50.0,25.0,15.0,3.0,"Kurla, Mumbai",34.3,23.0,27.2,38,25.7,16.6,359,1010.4,0.0
2020-02-26,124.0,115.0,75.0,35.0,19.0,5.0,"Kurla, Mumbai",34.5,22.9,27.1,37,22.2,14.0,10,1011.0,0.0
2020-02-27,142.0,137.0,46.0,44.0,17.0,9.0,"Kurla, Mumbai",35.5,20.2,26.3,47,18.2,10.9,7,1011.1,0.0
2020-02-28,159.0,142.0,33.0,40.0,26.0,8.0,"Kurla, Mumbai",32.2,20.0,25.6,54,19.4,10.2,336,1009.8,0.0
2020-02-29,142.0,106.0,20.0,27.0,32.0,3.0,"Kurla, Mumbai",31.4,20.2,25.5,61,22.4,10.8,324,1009.6,0.0
2020-03-01,95.0,124.0,12.0,24.0,41.0,5.0,"Kurla, Mumbai",29.6,20.7,25.0,69,21.2,12.8,328,1010.8,0.0
2020-03-02,131.0,110.0,17.0,23.0,42.0,2.0,"Kurla, Mumbai",29.0,20.5,24.4,78,15.8,8.7,302,1011.7,0.0
2020-03-03,115.0,105.0,15.0,20.0,46.0,1.0,"Kurla, Mumbai",28.5,20.6,24.4,80,15.7,8.5,290,1012.2,0.1
2020-03-04,92.0,91.0,16.0,16.0,48.0,1.0,"Kurla, Mumbai",28.0,21.0,24.5,76,18.0,9.4,303,1011.9,0.0
2020-03-05,69.0,120.0,9.0,14.0,41.0,1.0,"Kurla, Mumbai",28.1,21.2,24.4,75,18.8,9.9,283,1010.7,0.0
2020-03-06,59.0,108.0,23.0,15.0,4.0,1.0,"Kurla, Mumbai",28.4,22.0,24.9,68,20.3,10.4,263,1010.7,0.0
2020-03-07,35.0,102.0,28.0,19.0,7.0,1.0,"Kurla, Mumbai",27.8,20.8,24.0,65,18.2,10.9,322,1012.6,0.0
2020-03-08,87.0,116.0,22.0,21.0,13.0,2.0,"Kurla, Mumbai",28.0,18.8,23.3,67,18.6,10.0,324,1012.4,0.0
2020-03-09,149.0,122.0,18.0,13.0,22.0,4.0,"Kurla, Mumbai",28.5,19.1,23.7,74,19.0,10.1,321,1011.3,0.0
2020-03-10,108.0,80.0,18.0,14.0,23.0,2.5,"Kurla, Mumbai",28.0,20.6,24.5,75,15.6,8.4,299,1011.2,0.0
2020-03-11,54.0,82.0,19.0,16.0,19.0,1.0,"Kurla, Mumbai",28.0,22.4,24.6,65,21.1,10.9,310,1012.0,0.0
2020-03-12,66.0,95.0,39.0,16.0,3.0,1.0,"Kurla, Mumbai",27.2,20.4,23.6,71,20.1,11.9,329,1013.7,0.0
2020-03-13,72.0,103.0,49.0,19.0,5.0,3.0,"Kurla, Mumbai",28.5,18.6,23.2,62,27.1,15.3,342,1014.0,0.0
2020-03-14,95.0,160.0,72.0,25.0,5.0,8.0,"Kurla, Mumbai",31.8,19.2,24.7,50,27.7,16.0,350,1012.0,0.0
2020-03-15,143.0,202.0,68.0,37.0,6.0,9.0,"Kurla, Mumbai",34.0,18.5,26.2,40,18.1,10.7,352,1010.1,0.0
2020-03-16,152.0,183.0,45.0,32.0,126.0,13.0,"Kurla, Mumbai",35.7,20.2,27.3,45,21.1,10.8,345,1010.6,0.0
2020-03-17,193.0,163.0,23.0,34.0,81.0,8.0,"Kurla, Mumbai",34.0,22.0,27.3,54,20.5,10.7,325,1011.6,0.0
2020-03-18,138.0,107.0,23.0,22.0,39.0,3.0,"Kurla, Mumbai",32.9,23.1,27.5,57,16.4,11.2,318,1011.9,0.0
2020-03-19,99.0,129.0,9.0,16.0,26.0,2.0,"Kurla, Mumbai",31.4,21.2,26.0,67,18.5,10.6,325,1011.8,0.0
2020-03-20,92.0,76.0,17.0,12.0,37.0,2.0,"Kurla, Mumbai",29.4,21.9,25.4,76,14.8,8.5,292,1012.0,0.0
2020-03-21,71.0,56.0,19.0,4.0,30.0,1.5,"Kurla, Mumbai",29.3,20.9,25.0,78,18.5,10.3,310,1011.9,0.0
2020-03-22,59.0,63.0,25.0,5.0,28.0,1.0,"Kurla, Mumbai",30.1,22.0,25.9,78,23.7,12.9,332,1011.4,0.0
2020-03-23,79.0,79.0,30.0,8.0,9.0,2.0,"Kurla, Mumbai",32.9,23.2,27.5,72,21.6,12.2,330,1010.1,0.0
2020-03-24,109.0,66.0,17.0,5.0,9.0,2.0,"Kurla, Mumbai",32.5,23.2,28.3,65,22.7,10.9,324,1008.3,0.0
2020-03-25,90.0,60.0,19.0,6.0,18.0,1.0,"Kurla, Mumbai",32.0,25.4,28.2,75,15.7,7.8,242,1008.4,0.0
2020-03-26,90.0,64.0,25.0,3.0,5.0,1.0,"Kurla, Mumbai",31.9,24.6,28.0,80,18.3,8.5,241,1009.5,0.0
2020-03-27,82.0,62.0,37.0,5.0,5.0,1.0,"Kurla, Mumbai",33.2,24.8,28.6,65,25.0,14.0,336,1011.4,0.0
2020-03-28,88.0,61.0,44.0,4.0,5.0,1.0,"Kurla, Mumbai",34.1,25.4,28.8,55,28.3,17.3,335,1011.0,0.0
2020-03-29,76.0,61.0,31.0,5.0,4.0,1.0,"Kurla, Mumbai",34.4,24.4,28.6,56,24.5,15.5,337,1009.4,0.0
2020-03-30,74.0,61.0,26.0,5.0,4.0,2.0,"Kurla, Mumbai",33.0,24.5,28.2,63,18.0,11.7,319,1009.8,0.0
2020-03-31,78.0,57.0,27.0,4.0,2.0,1.0,"Kurla, Mumbai",32.1,23.8,27.6,67,22.4,12.3,323,1010.9,0.0
2020-04-01,66.0,67.0,37.0,4.0,2.0,1.0,"Kurla, Mumbai",32.0,22.9,27.4,70,23.7,13.7,330,1010.5,0.0
2020-04-02,225.0,70.0,21.0,2.0,1.75,1.0,"Kurla, Mumbai",34.5,23.7,28.3,64,22.7,13.5,327,1008.7,0.0
2020-04-03,824.0,66.0,18.0,4.0,1.5,1.0,"Kurla, Mumbai",32.4,24.2,28.0,71,22.2,11.8,321,1009.2,0.0
2020-04-04,824.0,64.0,22.0,3.0,1.25,1.0,"Kurla, Mumbai",32.2,23.5,27.6,72,22.1,11.2,315,1009.8,0.0
2020-04-05,824.0,56.0,11.0,3.0,1.0,1.0,"Kurla, Mumbai",32.2,22.8,27.3,77,18.2,8.7,287,1010.7,0.0
2020-04-06,824.0,68.0,9.0,2.0,1.0,1.0,"Kurla, Mumbai",30.9,23.1,27.2,80,17.4,10.5,230,1011.6,0.0
2020-04-07,824.0,77.0,10.0,3.0,3.0,1.0,"Kurla, Mumbai",30.9,23.5,26.8,80,16.4,8.5,281,1010.8,0.0
2020-04-08,824.0,75.0,10.0,4.0,9.0,1.0,"Kurla, Mumbai",31.1,22.8,27.2,76,18.5,10.1,275,1011.7,0.0
2020-04-09,824.0,68.0,16.0,2.0,8.0,1.0,"Kurla, Mumbai",31.3,22.5,26.8,77,23.5,11.1,320,1011.1,0.0
2020-04-10,824.0,73.0,18.0,3.0,8.0,1.0,"Kurla, Mumbai",31.8,23.1,27.5,76,23.0,10.9,322,1010.6,0.0
2020-04-11,824.0,64.0,13.0,3.0,2.0,1.0,"Kurla, Mumbai",33.3,24.6,28.9,71,20.1,9.9,320,1011.3,0.0
2020-04-12,824.0,62.0,11.0,2.0,1.954545455,1.0,"Kurla, Mumbai",33.2,25.5,29.0,75,18.4,9.2,254,1010.6,0.0
2020-04-13,824.0,62.0,10.0,2.0,1.909090909,1.0,"Kurla, Mumbai",33.2,25.3,28.7,80,19.0,9.9,223,1009.3,0.0
2020-04-14,824.0,57.0,12.0,2.0,1.863636364,1.0,"Kurla, Mumbai",34.4,24.9,29.5,75,22.4,10.1,271,1009.0,0.0
2020-04-15,824.0,53.0,8.0,2.0,1.818181818,1.0,"Kurla, Mumbai",34.5,25.5,29.7,75,20.3,10.1,250,1009.9,0.0
2020-04-16,824.0,52.0,7.0,1.0,1.772727273,1.0,"Kurla, Mumbai",32.3,26.6,29.1,81,18.6,11.7,212,1009.5,0.0
2020-04-17,824.0,50.0,8.0,1.0,1.727272727,1.0,"Kurla, Mumbai",32.1,26.9,29.0,78,18.3,9.8,245,1009.0,0.0
2020-04-18,824.0,57.0,10.0,3.0,1.681818182,1.0,"Kurla, Mumbai",33.3,26.0,29.3,77,20.8,8.4,280,1009.3,0.0
2020-04-19,824.0,67.0,9.0,6.0,1.636363636,1.0,"Kurla, Mumbai",34.0,26.8,30.1,71,22.8,11.4,305,1008.9,0.0
2020-04-20,824.0,53.0,8.0,3.0,1.590909091,1.0,"Kurla, Mumbai",36.7,25.5,31.0,58,24.8,13.1,330,1008.2,0.0
2020-04-21,824.0,51.0,8.0,1.0,1.545454545,1.0,"Kurla, Mumbai",33.4,24.5,28.7,73,19.2,9.7,304,1009.3,0.0
2020-04-22,824.0,55.0,8.0,1.0,1.5,1.0,"Kurla, Mumbai",32.3,25.0,28.8,80,22.3,9.2,272,1008.7,0.0
2020-04-23,824.0,47.0,6.0,1.0,1.454545455,1.0,"Kurla, Mumbai",33.0,26.6,29.4,75,20.2,10.5,271,1009.0,0.0
2020-04-24,824.0,46.0,8.0,1.0,1.409090909,1.0,"Kurla, Mumbai",33.1,25.4,29.0,79,19.9,10.0,285,1008.1,0.0
2020-04-25,824.0,53.0,10.0,2.0,1.363636364,1.0,"Kurla, Mumbai",32.7,26.1,29.1,74,17.5,9.5,267,1009.2,0.0
2020-04-26,824.0,45.0,9.0,1.0,1.318181818,1.0,"Kurla, Mumbai",32.3,24.5,28.4,78,23.1,11.3,304,1009.4,0.0
2020-04-27,824.0,50.0,35.0,1.0,1.272727273,1.0,"Kurla, Mumbai",32.0,25.8,28.7,75,21.3,9.5,294,1010.6,0.1
2020-04-28,824.0,56.0,195.0,1.0,1.227272727,1.0,"Kurla, Mumbai",33.5,25.2,29.3,75,27.2,13.2,327,1009.0,0.0
2020-05-03,259.0,43.0,73.0,1.0,1.0,1.0,"Kurla, Mumbai",32.8,27.7,29.7,77,20.8,11.8,309,1008.5,0.0
2020-05-04,146.0,47.0,5.0,1.0,6.0,2.0,"Kurla, Mumbai",32.5,25.8,29.2,80,20.0,10.9,301,1009.4,0.0
2020-05-05,34.0,57.0,7.0,1.0,10.0,2.0,"Kurla, Mumbai",33.0,26.1,29.6,79,22.8,11.0,308,1008.6,0.0
2020-05-06,33.0,66.0,8.0,3.0,15.0,2.0,"Kurla, Mumbai",34.0,26.6,29.8,80,23.0,10.1,294,1007.5,0.0
2020-05-07,54.0,68.0,6.0,3.0,32.0,1.0,"Kurla, Mumbai",32.7,25.4,28.9,81,20.5,9.8,279,1008.3,0.0
2020-05-08,42.0,64.0,9.0,4.0,39.0,1.0,"Kurla, Mumbai",32.8,26.5,29.3,77,18.8,8.7,283,1008.5,0.0
2020-05-09,47.0,58.0,6.0,2.0,45.0,2.0,"Kurla, Mumbai",32.6,27.2,29.5,76,20.6,9.6,298,1008.7,0.0
2020-05-10,36.0,65.0,8.0,4.0,48.0,2.0,"Kurla, Mumbai",33.4,26.4,29.5,78,23.5,10.5,308,1008.2,0.0
2020-05-11,40.0,57.0,7.0,2.0,50.0,2.0,"Kurla, Mumbai",34.1,26.6,29.8,76,23.0,10.2,311,1008.6,0.0
2020-05-12,37.0,71.0,7.0,3.0,29.0,2.0,"Kurla, Mumbai",33.2,26.1,29.1,77,20.8,10.1,314,1008.0,0.0
2020-05-13,48.0,76.0,6.0,2.0,5.0,2.0,"Kurla, Mumbai",33.1,26.3,29.5,79,20.1,10.3,298,1007.4,0.0
2020-05-14,56.0,67.0,12.0,2.0,9.0,1.0,"Kurla, Mumbai",33.2,26.9,30.0,77,24.3,11.8,313,1006.6,0.0
2020-05-15,48.0,88.0,8.0,2.0,10.0,1.0,"Kurla, Mumbai",33.2,27.9,30.3,75,23.6,12.8,314,1006.7,0.0
2020-05-16,76.0,89.0,10.0,2.0,11.0,1.0,"Kurla, Mumbai",32.6,28.4,30.3,75,19.1,10.8,306,1006.7,0.0
2020-05-17,78.0,71.0,9.0,3.0,11.0,1.0,"Kurla, Mumbai",32.8,27.8,30.0,75,21.7,11.8,305,1006.2,0.0
2020-05-18,63.0,67.0,8.0,4.0,10.0,1.0,"Kurla, Mumbai",32.5,28.5,30.2,73,23.0,15.6,308,1005.7,0.0
2020-05-19,49.0,52.0,10.0,4.0,12.0,1.0,"Kurla, Mumbai",32.5,28.1,29.9,72,19.4,13.3,295,1005.2,0.1
2020-05-20,36.0,51.0,9.0,3.0,11.0,1.0,"Kurla, Mumbai",32.6,27.8,29.8,71,17.4,11.2,267,1005.3,0.0
2020-05-21,32.0,54.0,8.0,4.0,12.0,1.0,"Kurla, Mumbai",32.8,27.8,29.8,72,18.6,10.9,269,1006.5,0.0
2020-05-22,39.0,62.0,9.0,3.0,8.0,1.0,"Kurla, Mumbai",32.8,27.1,29.8,74,17.7,10.3,275,1007.7,0.0
2020-05-23,52.0,53.0,7.0,3.0,6.0,1.0,"Kurla, Mumbai",33.2,26.3,29.5,78,22.1,12.2,299,1007.4,0.0
2020-05-24,38.0,52.0,8.0,1.0,2.0,1.0,"Kurla, Mumbai",32.8,28.1,30.1,75,21.3,12.2,300,1007.9,0.0
2020-05-25,38.0,69.0,5.0,4.0,2.0,1.0,"Kurla, Mumbai",32.9,28.1,30.1,76,18.9,10.8,300,1008.4,0.2
2020-05-26,46.0,66.0,5.0,4.0,2.0,1.0,"Kurla, Mumbai",32.8,28.0,30.0,76,18.0,10.8,276,1008.5,0.0
2020-05-27,42.0,64.0,5.0,3.0,2.0,1.0,"Kurla, Mumbai",33.0,28.1,30.0,74,17.5,12.2,274,1008.1,0.2
2020-05-28,44.0,53.0,3.0,4.0,2.0,1.0,"Kurla, Mumbai",32.8,28.4,30.4,70,17.7,13.6,261,1007.3,0.0
2020-05-29,28.0,70.0,4.0,2.0,1.0,1.0,"Kurla, Mumbai",33.5,28.5,30.5,72,18.7,12.8,263,1007.3,0.3
2020-05-30,48.0,60.0,5.0,2.0,1.0,1.0,"Kurla, Mumbai",33.5,27.5,30.3,75,17.5,10.2,290,1007.7,0.4
2020-05-31,38.0,62.0,3.0,7.0,5.0,2.0,"Kurla, Mumbai",34.6,28.2,30.8,71,23.4,14.0,307,1007.8,0.3
2020-06-01,70.0,51.0,12.0,8.0,5.0,3.0,"Kurla, Mumbai",31.2,27.0,29.0,78,13.8,6.3,238,1008.2,6.9
2020-06-02,76.0,9.0,9.0,4.0,9.0,1.0,"Kurla, Mumbai",30.1,25.9,27.9,81,19.7,11.1,42,1005.2,11.6
2020-06-03,32.0,29.0,8.0,10.0,8.0,2.0,"Kurla, Mumbai",28.5,25.1,26.4,85,58.6,32.1,2,997.6,144.5
2020-06-04,46.0,31.0,19.0,8.0,8.0,2.0,"Kurla, Mumbai",29.0,26.6,27.6,84,21.5,14.8,229,1005.1,10.0
2020-06-05,39.0,38.0,5.0,6.0,9.0,1.0,"Kurla, Mumbai",29.8,26.2,27.5,86,25.2,17.9,194,1006.4,7.9
2020-06-06,42.0,46.0,5.0,11.0,8.0,1.0,"Kurla, Mumbai",29.0,25.7,27.1,87,23.3,18.1,196,1006.1,8.2
2020-06-07,42.0,34.0,10.0,9.0,9.0,1.0,"Kurla, Mumbai",28.9,26.0,27.2,87,23.3,17.1,197,1006.3,5.4
2020-06-08,30.0,47.0,5.0,8.0,10.0,1.0,"Kurla, Mumbai",28.5,25.7,27.0,87,19.3,13.9,206,1006.6,8.0
2020-06-09,38.0,54.0,3.0,5.0,13.0,1.0,"Kurla, Mumbai",29.0,26.2,27.5,89,14.5,11.3,211,1006.5,4.8
2020-06-10,45.0,45.0,5.0,6.0,14.0,1.0,"Kurla, Mumbai",29.9,26.6,27.7,90,14.6,9.7,225,1005.5,9.7
2020-06-11,38.0,42.0,4.0,7.0,16.0,2.0,"Kurla, Mumbai",29.0,26.5,27.5,89,15.3,9.9,215,1003.4,8.1
2020-06-12,44.0,47.0,4.0,7.0,16.0,2.0,"Kurla, Mumbai",28.8,26.4,27.5,88,12.8,9.1,196,1001.3,4.2
2020-06-13,41.0,35.0,4.0,10.0,17.0,2.0,"Kurla, Mumbai",28.5,26.0,27.2,89,13.3,8.7,202,1001.2,12.0
2020-06-14,41.0,36.0,4.0,9.0,19.0,2.0,"Kurla, Mumbai",29.8,26.0,27.8,88,15.6,10.8,188,1002.7,4.6
2020-06-15,41.0,34.0,7.0,9.0,20.0,2.0,"Kurla, Mumbai",29.6,26.5,27.5,90,14.8,9.9,210,1002.5,19.4
2020-06-16,40.0,25.0,5.0,9.0,18.0,1.0,"Kurla, Mumbai",28.4,26.5,27.2,89,15.5,11.2,214,1001.7,27.9
2020-06-17,26.0,26.0,3.0,9.0,20.0,2.0,"Kurla, Mumbai",28.7,25.8,26.9,91,20.6,15.7,178,1001.8,18.9
2020-06-18,32.0,60.0,2.0,6.0,20.0,2.0,"Kurla, Mumbai",28.2,25.9,26.9,90,27.2,20.7,201,1003.8,30.1
2020-06-19,64.0,59.0,3.0,4.0,21.0,2.0,"Kurla, Mumbai",28.9,26.5,27.5,90,20.5,17.0,203,1005.7,5.3
2020-06-20,54.0,45.0,3.0,5.0,20.0,1.0,"Kurla, Mumbai",29.0,26.8,27.6,89,19.4,14.9,200,1006.4,4.9
2020-06-21,38.0,54.0,1.0,4.0,22.0,2.0,"Kurla, Mumbai",28.4,26.0,27.1,91,19.1,15.6,203,1005.5,9.9
2020-06-22,60.0,33.0,2.0,15.0,21.28,1.0,"Kurla, Mumbai",28.6,26.0,27.2,89,20.5,16.4,201,1003.8,5.8
2020-06-23,41.0,37.0,1.0,1.0,20.56,2.0,"Kurla, Mumbai",29.0,25.9,27.2,87,28.0,22.2,186,1004.5,4.9
2020-06-24,40.0,65.0,1.0,1.0,19.84,2.0,"Kurla, Mumbai",29.3,26.0,27.7,86,21.7,17.3,187,1005.1,3.0
2020-06-25,60.0,69.0,1.0,1.0,19.12,2.0,"Kurla, Mumbai",30.0,26.2,28.1,85,18.1,12.3,199,1004.5,10.2
2020-06-26,74.0,85.0,1.0,1.0,18.4,2.0,"Kurla, Mumbai",29.5,26.6,28.0,87,12.7,7.7,203,1004.2,10.5
2020-06-27,85.0,58.0,1.0,1.0,17.68,2.0,"Kurla, Mumbai",29.9,26.8,28.2,85,15.9,10.0,209,1004.6,5.2
2020-06-28,71.0,49.0,2.0,1.0,16.96,2.0,"Kurla, Mumbai",30.1,26.4,28.1,86,18.2,10.6,213,1004.6,14.9
2020-06-29,53.0,16.0,1.0,1.0,16.24,1.0,"Kurla, Mumbai",28.1,26.2,27.2,89,11.6,7.8,219,1004.0,17.9
2020-06-30,14.0,26.0,1.0,1.0,15.52,1.0,"Kurla, Mumbai",28.3,26.4,27.3,89,18.1,11.3,181,1002.6,18.2
2020-07-01,23.0,27.0,1.0,1.0,14.8,1.0,"Kurla, Mumbai",28.6,26.1,27.1,90,22.5,16.9,187,1003.5,12.3
2020-07-02,27.0,16.0,1.0,1.0,14.08,1.0,"Kurla, Mumbai",29.4,26.0,27.2,89,20.8,15.1,208,1003.3,18.1
2020-07-03,23.0,15.0,2.0,1.0,13.36,1.0,"Kurla, Mumbai",29.4,26.1,27.1,89,20.2,14.7,245,1002.6,34.2
2020-07-04,21.0,31.0,2.0,1.0,12.64,1.0,"Kurla, Mumbai",27.4,26.0,26.7,92,35.5,20.1,250,1000.5,169.8
2020-07-05,32.0,48.0,2.0,1.0,11.92,1.0,"Kurla, Mumbai",28.1,26.2,26.9,90,28.9,23.7,230,1000.7,59.5
2020-07-06,39.0,30.0,1.0,2.0,11.2,1.0,"Kurla, Mumbai",28.9,26.0,27.3,88,37.7,30.0,221,999.6,24.9
2020-07-07,34.0,66.0,1.0,4.0,10.48,2.0,"Kurla, Mumbai",28.0,26.1,27.1,91,28.2,23.8,225,1000.7,41.8
2020-07-08,50.0,63.0,2.0,6.0,9.76,1.0,"Kurla, Mumbai",28.2,25.7,26.9,91,24.7,19.3,210,1004.2,26.4
2020-07-09,54.0,66.0,2.0,4.0,9.04,1.0,"Kurla, Mumbai",28.0,26.2,26.9,91,20.9,17.2,204,1004.3,10.7
2020-07-10,46.0,48.0,2.0,5.0,8.32,1.0,"Kurla, Mumbai",28.4,26.1,27.0,90,23.5,18.3,207,1004.7,12.3
2020-07-11,40.0,22.0,2.0,7.0,7.6,1.0,"Kurla, Mumbai",27.9,25.5,26.7,90,23.7,18.1,212,1004.8,10.9
2020-07-12,39.0,32.0,2.0,7.0,6.88,2.0,"Kurla, Mumbai",28.0,25.8,26.7,90,19.0,15.4,215,1005.0,19.3
2020-07-13,47.0,28.0,1.0,9.0,6.16,2.0,"Kurla, Mumbai",27.9,25.8,26.6,91,18.2,13.4,230,1004.3,34.6
2020-07-14,39.0,19.0,2.0,10.0,5.44,1.0,"Kurla, Mumbai",28.4,25.8,26.7,91,15.9,11.0,243,1003.7,35.7
2020-07-15,35.0,18.0,3.0,12.0,4.72,1.0,"Kurla, Mumbai",27.3,25.6,26.3,92,19.8,11.9,255,1002.0,45.5
2020-07-16,22.0,23.0,2.0,9.0,4.0,1.0,"Kurla, Mumbai",27.5,25.6,26.2,92,28.0,19.0,213,999.2,45.8
2020-07-17,35.0,39.0,2.0,9.0,3.0,1.0,"Kurla, Mumbai",28.0,25.6,26.6,91,30.1,22.6,193,999.2,22.7
2020-07-18,49.0,51.0,2.0,7.0,2.0,1.0,"Kurla, Mumbai",28.0,25.9,26.7,91,26.1,21.0,186,1003.0,11.7
2020-07-19,56.0,55.0,2.0,6.0,1.0,1.0,"Kurla, Mumbai",28.8,25.7,27.2,89,18.2,12.5,207,1005.7,6.3
2020-07-20,271.0,120.0,2.0,9.0,4.0,1.0,"Kurla, Mumbai",28.1,26.3,27.1,91,14.3,10.7,205,1004.2,5.5
2020-07-21,125.0,49.0,1.0,8.0,8.0,1.0,"Kurla, Mumbai",28.6,26.0,27.0,89,16.2,12.3,196,1004.8,5.9
2020-07-22,32.0,23.0,2.0,6.0,8.0,2.0,"Kurla, Mumbai",29.2,26.2,27.6,88,14.8,9.1,205,1006.0,2.7
2020-07-23,38.0,49.0,2.0,14.0,8.0,3.0,"Kurla, Mumbai",28.9,26.0,27.3,90,9.7,6.6,225,1005.4,5.2
2020-07-24,48.0,37.0,2.0,8.0,6.0,1.0,"Kurla, Mumbai",27.8,26.0,26.8,90,11.5,6.6,201,1006.0,18.9
2020-07-25,38.0,23.0,2.0,12.0,6.0,1.0,"Kurla, Mumbai",28.3,25.9,27.0,88,17.1,11.0,196,1006.1,7.6
2020-07-26,31.0,29.0,2.0,7.0,6.0,1.0,"Kurla, Mumbai",28.6,25.4,26.9,87,18.7,12.3,182,1007.0,10.8
2020-07-27,26.0,24.0,1.0,9.0,6.0,4.0,"Kurla, Mumbai",28.5,25.3,26.6,90,17.2,12.0,227,1007.9,21.4
2020-07-28,40.0,28.0,2.0,9.0,4.0,4.0,"Kurla, Mumbai",28.4,25.9,27.0,89,14.8,8.8,254,1006.6,7.5
2020-07-29,9.0,45.0,2.0,8.0,7.0,3.0,"Kurla, Mumbai",28.7,25.9,26.9,90,14.9,7.4,257,1004.6,27.4
2020-07-30,36.0,50.0,2.0,9.0,5.0,2.0,"Kurla, Mumbai",28.0,25.5,26.5,92,15.9,8.5,239,1004.3,107.7
2020-07-31,48.0,24.0,2.0,8.0,4.0,1.0,"Kurla, Mumbai",28.8,26.0,27.2,89,15.4,10.0,205,1004.0,9.2
2020-08-01,26.0,22.0,4.0,6.0,2.0,1.0,"Kurla, Mumbai",29.2,25.9,27.5,88,20.0,13.8,186,1003.3,3.1
2020-08-02,6.0,20.0,4.0,7.0,3.0,1.0,"Kurla, Mumbai",29.6,26.1,27.6,86,26.8,18.6,174,1002.4,1.7
2020-08-03,3.0,19.0,10.0,7.0,4.0,1.0,"Kurla, Mumbai",28.0,26.0,26.7,90,34.4,20.3,212,1000.2,37.3
2020-08-04,9.0,24.0,9.0,7.0,5.0,1.0,"Kurla, Mumbai",27.2,26.5,26.8,90,45.9,32.1,232,996.7,153.3
2020-08-05,21.0,124.0,9.0,8.0,3.0,1.0,"Kurla, Mumbai",26.9,26.0,26.5,92,40.2,25.3,259,995.1,144.1
2020-08-06,14.0,37.0,8.0,8.0,4.0,1.0,"Kurla, Mumbai",28.1,26.5,27.2,89,48.1,30.8,241,995.5,55.4
2020-08-07,38.0,60.0,3.0,7.0,4.0,1.0,"Kurla, Mumbai",28.4,26.2,27.1,89,32.1,26.1,223,1001.5,12.5
2020-08-08,43.0,53.0,3.0,7.0,4.0,1.0,"Kurla, Mumbai",28.9,25.9,27.2,86,30.4,23.6,232,1004.7,8.9
2020-08-09,39.0,60.0,4.0,9.0,5.0,1.0,"Kurla, Mumbai",28.5,25.8,27.2,86,23.1,18.5,241,1004.2,5.0
2020-08-10,47.0,146.0,5.0,5.0,7.0,5.0,"Kurla, Mumbai",27.0,25.5,26.2,92,17.4,15.3,228,1004.1,15.0
2020-08-11,88.0,47.0,2.0,8.0,13.0,1.0,"Kurla, Mumbai",26.9,25.4,26.1,91,19.9,17.0,231,1005.7,27.5
2020-08-12,164.0,44.0,2.0,10.0,5.0,1.0,"Kurla, Mumbai",27.6,25.5,26.3,91,25.1,20.8,240,1006.8,27.5
2020-08-13,98.0,48.0,3.0,10.0,3.0,1.0,"Kurla, Mumbai",27.4,25.5,26.2,91,26.7,21.3,241,1004.8,28.5
2020-08-14,44.0,34.0,4.0,7.0,3.0,1.0,"Kurla, Mumbai",26.3,25.4,25.7,92,27.6,22.9,228,1002.8,57.1
2020-08-15,33.0,48.0,3.0,6.0,3.0,1.0,"Kurla, Mumbai",26.8,25.4,25.9,92,25.6,21.6,234,1002.7,48.6
2020-08-16,38.0,45.0,3.0,5.0,2.0,1.0,"Kurla, Mumbai",27.2,25.8,26.2,91,23.9,20.0,244,1003.5,34.6
2020-08-17,36.0,41.0,2.0,11.0,1.0,1.0,"Kurla, Mumbai",26.5,25.3,25.8,91,23.2,19.2,240,1003.4,33.4
2020-08-18,37.0,35.0,2.0,8.0,3.0,1.0,"Kurla, Mumbai",26.7,25.4,25.9,92,22.5,18.3,230,1004.7,17.5
2020-08-19,36.0,45.0,2.0,8.0,6.0,1.0,"Kurla, Mumbai",28.3,25.4,26.4,90,27.1,19.0,241,1004.2,12.1
2020-08-20,50.0,49.0,2.0,8.0,7.0,1.0,"Kurla, Mumbai",27.4,25.4,26.0,92,20.8,17.1,240,1003.3,36.8
2020-08-21,49.0,44.0,2.0,7.0,7.0,1.0,"Kurla, Mumbai",27.2,25.2,26.1,92,22.8,19.5,231,1004.3,42.8
2020-08-22,44.0,50.0,2.0,3.0,6.5,1.0,"Kurla, Mumbai",27.5,25.6,26.4,91,24.6,19.4,231,1005.2,14.1
2020-08-23,23.0,56.0,2.0,7.0,6.0,1.0,"Kurla, Mumbai",27.9,25.2,26.5,89,27.2,22.4,228,1005.7,8.6
2020-08-24,38.0,56.0,2.0,9.0,6.0,1.0,"Kurla, Mumbai",28.6,25.5,26.9,87,27.9,22.1,229,1006.3,8.0
2020-08-25,44.0,58.0,2.0,14.0,6.0,1.0,"Kurla, Mumbai",28.6,25.8,27.0,86,25.8,18.0,226,1008.6,3.6
2020-08-26,44.0,68.0,2.0,10.0,4.0,1.0,"Kurla, Mumbai",28.9,25.5,26.9,86,21.7,14.7,217,1008.9,4.7
2020-08-27,44.0,40.0,1.0,11.0,4.0,1.0,"Kurla, Mumbai",27.4,25.1,26.0,91,17.6,12.4,218,1007.9,9.8
2020-08-28,37.0,29.0,2.0,10.0,5.0,1.0,"Kurla, Mumbai",26.9,25.3,25.7,92,20.1,15.0,221,1006.1,29.7
2020-08-29,49.0,37.0,2.0,11.0,6.0,1.0,"Kurla, Mumbai",26.0,25.1,25.5,93,21.0,16.0,226,1005.5,34.5
2020-08-30,43.0,31.0,2.0,8.0,4.0,1.0,"Kurla, Mumbai",26.5,25.3,25.8,92,24.1,19.0,216,1005.7,21.6
2020-08-31,33.0,45.0,2.0,8.0,3.0,2.0,"Kurla, Mumbai",27.2,25.1,26.2,90,21.8,16.9,219,1007.7,14.4
2020-09-01,52.0,57.0,4.0,9.0,3.0,4.0,"Kurla, Mumbai",27.9,24.9,26.2,91,13.0,8.9,237,1009.1,3.7
2020-09-02,70.0,63.0,5.0,9.0,5.0,1.0,"Kurla, Mumbai",29.0,25.4,27.0,87,18.3,7.3,317,1008.4,2.4
2020-09-03,58.0,65.0,11.0,17.0,5.0,2.0,"Kurla, Mumbai",29.7,25.8,27.5,87,15.0,8.4,338,1007.4,1.2
2020-09-04,85.0,61.0,13.0,16.0,7.0,2.0,"Kurla, Mumbai",30.9,25.5,28.0,88,13.2,6.4,338,1006.6,3.3
2020-09-05,101.0,86.0,11.0,10.0,7.0,3.0,"Kurla, Mumbai",30.3,25.2,28.0,88,13.5,7.1,313,1006.1,0.6
2020-09-06,139.0,42.0,10.0,13.0,8.0,1.0,"Kurla, Mumbai",30.2,26.9,28.0,91,13.6,6.0,327,1005.3,10.1
2020-09-07,46.0,51.0,4.0,13.0,9.0,1.0,"Kurla, Mumbai",28.8,26.2,27.4,88,19.8,7.2,201,1006.7,2.7
2020-09-08,53.0,47.0,7.0,9.0,10.0,2.0,"Kurla, Mumbai",29.2,25.1,27.1,89,14.3,7.5,328,1007.3,12.4
2020-09-09,76.0,49.0,8.0,13.0,11.0,1.0,"Kurla, Mumbai",29.8,26.5,27.9,89,14.3,7.0,329,1005.7,5.1
2020-09-10,64.0,64.0,9.0,15.0,11.0,1.0,"Kurla, Mumbai",29.0,25.9,27.4,89,12.5,6.7,236,1003.9,4.8
2020-09-11,79.0,31.0,4.0,7.0,10.0,1.0,"Kurla, Mumbai",28.6,26.0,27.1,91,13.4,7.1,311,1003.3,27.5
2020-09-13,46.0,44.0,3.0,10.0,9.0,2.0,"Kurla, Mumbai",28.1,26.0,27.1,83,25.2,17.3,226,1007.0,6.4
2020-09-14,65.0,47.33333333,3.0,9.0,8.666666667,2.25,"Kurla, Mumbai",28.2,25.8,26.7,89,13.3,9.6,220,1006.7,7.7
2020-09-16,52.0,54.0,3.0,11.0,8.0,2.75,"Kurla, Mumbai",28.1,25.0,26.4,90,11.7,5.5,249,1006.7,9.3
2020-09-17,62.0,55.0,2.0,5.0,9.0,3.0,"Kurla, Mumbai",27.9,25.7,26.7,89,14.9,5.9,264,1007.0,10.6
2020-09-18,104.0,64.0,2.0,10.0,8.0,4.0,"Kurla, Mumbai",27.6,25.4,26.4,85,10.0,5.8,254,1006.3,12.4
2020-09-20,79.0,54.0,4.0,9.0,11.0,4.0,"Kurla, Mumbai",29.0,25.5,27.1,91,17.5,6.3,329,1002.1,4.7
2020-09-21,84.0,69.0,4.5,11.0,10.5,2.5,"Kurla, Mumbai",29.7,25.6,27.3,92,13.8,6.0,280,1000.6,16.3
2020-09-22,90.0,34.0,5.0,9.0,10.0,1.0,"Kurla, Mumbai",28.8,25.9,26.8,92,14.6,6.2,212,1001.1,17.6
2020-09-23,61.0,45.0,3.0,13.0,8.0,2.0,"Kurla, Mumbai",26.7,25.5,26.2,93,31.5,15.1,244,1003.2,150.2
2020-09-24,67.0,29.0,2.0,10.0,9.0,2.0,"Kurla, Mumbai",28.7,25.5,26.8,90,14.3,9.2,213,1007.1,7.8
2020-09-29,65.8,79.0,5.0,14.0,7.0,2.0,"Kurla, Mumbai",28.6,24.8,26.6,87,13.4,5.6,319,1008.6,0.9
2020-09-30,68.0,74.0,5.0,15.0,8.0,2.0,"Kurla, Mumbai",28.7,24.7,26.7,85,15.1,6.7,312,1007.8,1.2
2020-10-01,72.0,67.0,8.0,14.0,8.0,3.0,"Kurla, Mumbai",29.0,24.6,26.9,84,15.3,7.3,320,1008.3,1.8
2020-10-02,92.0,79.0,6.0,16.0,7.0,3.0,"Kurla, Mumbai",29.6,25.5,27.3,87,15.0,6.6,331,1008.3,1.5
2020-10-03,115.0,61.0,7.0,16.0,7.0,3.0,"Kurla, Mumbai",29.2,25.0,27.1,90,13.8,6.2,313,1008.4,2.8
2020-10-04,95.0,55.0,500.0,17.0,8.0,3.0,"Kurla, Mumbai",27.8,25.4,26.4,90,12.0,5.7,223,1009.8,9.0
2020-10-05,78.0,70.0,313.0,15.0,7.0,4.0,"Kurla, Mumbai",28.4,25.2,26.8,88,13.6,6.0,299,1009.4,2.3
2020-10-06,102.0,95.0,9.0,19.0,6.0,4.0,"Kurla, Mumbai",30.2,24.6,27.1,88,16.1,7.6,344,1008.6,0.7
2020-10-07,136.0,90.0,7.0,18.0,7.0,5.0,"Kurla, Mumbai",30.3,25.4,27.7,89,15.4,7.1,330,1009.1,0.7
2020-10-08,134.0,100.0,17.0,18.0,6.0,5.0,"Kurla, Mumbai",30.9,26.5,28.3,86,14.3,7.7,334,1008.2,0.0
2020-10-09,149.0,113.0,10.0,23.0,6.0,6.0,"Kurla, Mumbai",31.8,26.5,28.9,81,15.0,7.2,355,1007.3,0.9
2020-10-10,152.0,77.0,6.0,22.0,7.0,5.0,"Kurla, Mumbai",30.5,26.5,28.3,87,14.3,7.2,170,1007.2,7.2
2020-10-11,127.0,100.0,4.0,17.0,7.0,4.0,"Kurla, Mumbai",29.4,26.6,27.6,90,9.1,6.1,164,1005.8,3.3
2020-10-12,171.0,88.0,19.0,21.0,40.0,4.0,"Kurla, Mumbai",30.2,26.0,27.8,87,10.8,5.4,343,1003.7,2.9
2020-10-13,137.0,83.0,6.0,25.0,10.0,4.0,"Kurla, Mumbai",30.5,26.0,28.1,90,9.6,4.6,177,1003.1,5.0
2020-10-14,137.0,41.0,5.0,16.0,8.0,3.0,"Kurla, Mumbai",29.6,26.1,27.7,91,10.1,4.2,172,1003.4,6.8
2020-10-15,85.0,40.0,4.0,20.0,17.0,2.0,"Kurla, Mumbai",30.9,25.8,28.0,88,16.0,10.2,349,1001.0,28.4
2020-10-16,79.0,61.0,4.0,12.0,8.0,1.0,"Kurla, Mumbai",30.4,25.9,27.8,79,24.0,15.3,132,1001.5,0.3
2020-10-17,59.0,73.0,4.0,17.0,6.0,2.0,"Kurla, Mumbai",29.9,26.0,27.6,79,23.1,17.5,166,1005.2,1.1
2020-10-18,49.0,81.0,3.0,15.0,5.0,3.0,"Kurla, Mumbai",28.9,26.0,27.1,85,16.1,9.6,179,1007.6,0.4
2020-10-19,63.0,71.0,4.0,14.0,5.0,4.0,"Kurla, Mumbai",29.0,25.5,27.0,89,14.2,5.9,280,1008.0,4.8
2020-10-20,64.0,72.0,6.0,17.0,7.0,4.0,"Kurla, Mumbai",30.0,25.1,27.2,90,14.5,6.4,341,1007.4,4.6
2020-10-21,68.0,66.0,7.0,18.0,5.0,5.0,"Kurla, Mumbai",30.5,25.2,27.2,88,13.8,6.4,5,1007.8,8.7
2020-10-22,126.0,140.0,4.0,13.0,5.0,6.0,"Kurla, Mumbai",29.4,24.6,26.8,90,15.5,7.7,8,1006.9,15.4
2020-10-23,163.0,95.0,3.0,13.0,5.0,6.0,"Kurla, Mumbai",30.0,24.4,27.1,88,11.6,5.1,336,1006.8,1.3
2020-10-24,131.0,72.0,11.0,14.0,3.0,4.0,"Kurla, Mumbai",28.4,25.8,27.1,90,10.4,6.3,190,1008.4,2.8
2020-10-25,77.0,73.0,13.0,25.0,2.0,5.0,"Kurla, Mumbai",29.2,24.8,27.1,90,12.0,6.2,280,1010.2,3.9
2020-10-26,125.0,105.0,18.0,31.0,2.0,7.0,"Kurla, Mumbai",31.0,25.4,27.7,83,14.3,6.8,2,1011.2,0.0
2020-10-27,142.0,103.0,31.0,33.0,2.0,7.0,"Kurla, Mumbai",31.1,24.7,27.4,76,12.4,8.2,8,1010.3,0.0
2020-10-28,147.0,125.0,29.0,30.0,4.0,7.0,"Kurla, Mumbai",31.5,23.6,27.3,79,11.2,6.8,346,1010.7,0.0
2020-10-29,161.0,115.0,89.0,27.0,3.0,6.0,"Kurla, Mumbai",30.1,23.4,26.9,81,11.8,6.8,351,1011.3,0.0
2020-10-30,129.0,428.0,23.0,30.0,4.0,7.0,"Kurla, Mumbai",31.2,22.8,26.6,78,13.0,8.0,356,1011.1,0.0
2020-10-31,141.0,344.3333333,21.0,31.0,3.0,7.0,"Kurla, Mumbai",30.8,21.5,26.3,74,13.2,7.7,354,1011.1,0.0
2020-11-01,134.0,260.6666667,32.0,35.0,3.0,9.0,"Kurla, Mumbai",30.6,22.8,26.5,76,13.0,7.7,346,1011.8,0.0
2020-11-02,162.0,177.0,25.0,37.0,3.0,9.0,"Kurla, Mumbai",32.0,23.6,27.6,75,10.7,6.2,9,1012.5,0.0
2020-11-03,169.0,132.0,30.0,39.0,3.0,10.0,"Kurla, Mumbai",33.1,24.0,28.0,67,14.5,8.6,15,1012.2,0.0
2020-11-04,161.0,106.0,37.0,27.0,3.0,8.0,"Kurla, Mumbai",32.7,23.0,27.3,69,13.0,8.1,13,1011.9,0.0
2020-11-05,163.0,98.0,37.0,27.0,3.0,6.0,"Kurla, Mumbai",33.0,22.4,27.0,63,13.1,9.2,28,1012.3,0.0
2020-11-06,158.0,134.0,31.0,37.0,4.0,9.0,"Kurla, Mumbai",32.8,22.4,26.7,57,16.2,10.8,31,1013.8,0.0
2020-11-07,158.0,104.0,44.0,26.0,4.0,8.0,"Kurla, Mumbai",33.1,21.4,26.4,57,15.5,10.6,29,1014.2,0.0
2020-11-08,157.0,101.0,39.0,28.0,4.0,8.0,"Kurla, Mumbai",33.7,23.0,27.6,57,13.6,9.8,48,1014.0,0.0
2020-11-09,160.0,145.0,35.0,38.0,4.0,8.0,"Kurla, Mumbai",32.3,22.0,26.6,60,13.3,8.2,5,1013.5,0.0
2020-11-10,218.0,112.0,43.0,30.0,4.0,7.0,"Kurla, Mumbai",32.3,20.3,25.7,57,14.3,9.2,48,1011.4,0.0
2020-11-11,166.0,139.0,44.0,29.0,3.0,7.0,"Kurla, Mumbai",32.0,20.1,25.2,56,17.3,9.6,45,1011.9,0.0
2020-11-12,223.0,168.0,29.0,36.0,2.0,8.0,"Kurla, Mumbai",31.9,20.0,25.3,51,15.4,11.4,27,1013.0,0.0
2020-11-13,189.0,156.0,30.0,27.0,3.0,5.0,"Kurla, Mumbai",32.5,20.4,26.2,62,17.2,10.8,14,1012.0,0.0
2020-11-14,182.0,101.0,31.0,23.0,3.0,6.0,"Kurla, Mumbai",33.4,22.7,27.5,68,14.9,9.9,24,1010.4,0.0
2020-11-15,174.0,162.0,33.0,22.0,3.0,5.0,"Kurla, Mumbai",32.2,24.2,27.8,71,14.8,9.5,342,1010.6,0.0
2020-11-16,198.0,136.0,29.0,26.0,4.0,6.0,"Kurla, Mumbai",33.1,24.1,28.1,65,18.3,10.5,354,1010.9,0.0
2020-11-17,194.0,152.0,26.0,31.0,4.0,6.0,"Kurla, Mumbai",33.8,25.1,28.6,63,18.4,10.6,358,1010.0,0.0
2020-11-18,246.0,156.0,33.0,30.0,4.0,6.0,"Kurla, Mumbai",30.8,24.4,27.5,71,12.5,8.1,333,1009.9,0.1
2020-11-19,193.0,195.0,32.0,36.0,4.0,6.0,"Kurla, Mumbai",32.2,25.4,27.8,66,18.0,10.3,351,1010.2,0.0
2020-11-20,193.0,141.0,24.0,36.0,4.0,7.0,"Kurla, Mumbai",31.0,24.3,27.3,61,16.3,11.0,350,1011.4,0.0
2020-11-21,195.0,126.0,40.0,36.0,5.0,7.0,"Kurla, Mumbai",31.0,22.6,26.6,62,16.4,10.0,341,1012.0,0.0
2020-11-22,174.0,110.0,17.0,31.0,5.0,6.0,"Kurla, Mumbai",30.9,21.0,25.6,74,16.7,8.0,336,1012.7,0.0
2020-11-23,150.0,177.0,27.0,43.0,4.0,7.0,"Kurla, Mumbai",30.6,21.1,25.7,73,17.6,9.2,333,1013.0,0.0
2020-11-24,198.0,151.0,43.0,47.0,5.0,11.0,"Kurla, Mumbai",31.0,21.6,25.7,66,16.0,8.7,336,1011.9,0.0
2020-11-25,182.0,147.0,45.0,32.0,6.0,9.0,"Kurla, Mumbai",31.0,22.8,26.3,68,17.4,8.0,335,1011.0,0.0
2020-11-26,185.0,101.0,35.0,16.0,5.0,4.0,"Kurla, Mumbai",31.4,21.3,26.2,63,21.5,12.1,350,1011.4,0.0
2020-11-27,153.0,138.0,90.0,18.0,4.0,5.0,"Kurla, Mumbai",33.0,23.5,27.6,43,22.6,13.7,39,1012.8,0.0
2020-11-28,207.0,86.0,31.0,23.0,2.0,3.0,"Kurla, Mumbai",32.3,23.2,27.1,51,15.6,11.9,50,1013.2,0.0
2020-11-29,119.0,124.0,46.0,39.0,21.0,6.0,"Kurla, Mumbai",31.6,24.2,27.2,65,14.3,9.2,24,1013.1,0.0
2020-11-30,162.0,116.0,52.0,38.0,11.0,6.0,"Kurla, Mumbai",32.0,22.9,27.0,67,16.0,9.2,347,1013.3,0.0
2020-12-01,162.0,131.0,54.0,36.0,1.0,6.0,"Kurla, Mumbai",33.0,24.4,28.0,64,16.8,9.4,347,1013.1,0.0
2020-12-02,171.0,121.0,60.0,45.0,23.0,6.0,"Kurla, Mumbai",32.8,23.6,27.3,66,19.5,10.5,356,1012.0,0.0
2020-12-03,167.0,147.0,59.0,52.0,1.0,8.0,"Kurla, Mumbai",32.5,21.5,26.4,62,17.3,9.7,14,1011.5,0.0
2020-12-04,171.0,134.0,73.0,46.0,2.0,9.0,"Kurla, Mumbai",32.4,20.2,25.7,64,14.0,8.0,21,1010.7,0.0
2020-12-05,171.0,111.0,55.0,37.0,1.0,6.0,"Kurla, Mumbai",32.8,19.2,25.5,62,14.3,8.1,13,1011.2,0.0
2020-12-06,154.0,114.0,70.0,36.0,5.0,7.0,"Kurla, Mumbai",32.8,20.0,25.6,51,15.3,9.3,31,1012.3,0.0
2020-12-07,164.0,128.0,61.0,43.0,7.0,9.0,"Kurla, Mumbai",33.3,20.2,25.9,49,17.2,9.8,43,1013.6,0.0
2020-12-08,162.0,132.0,40.0,42.0,6.0,8.0,"Kurla, Mumbai",33.0,20.7,26.0,53,15.3,10.4,23,1013.4,0.0
2020-12-09,166.0,146.0,40.0,44.0,6.0,6.0,"Kurla, Mumbai",32.7,21.6,26.4,58,14.7,8.7,15,1012.1,0.0
2020-12-10,171.0,106.0,22.0,27.0,6.0,5.0,"Kurla, Mumbai",31.0,24.3,27.3,66,14.5,7.2,338,1011.6,0.0
2020-12-11,169.0,98.0,25.0,24.0,7.0,5.0,"Kurla, Mumbai",28.0,24.4,25.8,71,15.0,8.9,348,1012.6,1.0
2020-12-12,163.0,81.0,24.0,19.0,7.0,4.0,"Kurla, Mumbai",30.4,23.0,25.6,77,17.7,8.9,360,1011.7,1.3
2020-12-13,159.0,69.0,11.0,21.0,7.0,4.0,"Kurla, Mumbai",28.9,22.6,25.1,75,15.4,9.1,1,1010.9,0.0
2020-12-14,142.0,128.0,25.0,33.0,9.0,4.0,"Kurla, Mumbai",27.4,22.5,24.1,86,11.2,7.2,3,1011.4,22.5
2020-12-15,179.0,127.0,27.0,31.0,9.0,5.0,"Kurla, Mumbai",29.2,21.9,24.8,80,21.0,13.1,348,1012.6,0.0
2020-12-16,185.0,158.0,85.0,25.0,18.0,10.0,"Kurla, Mumbai",29.2,21.9,24.9,79,19.4,12.2,350,1013.7,0.0
2020-12-17,214.0,128.0,4.0,6.0,11.0,8.0,"Kurla, Mumbai",30.2,21.5,25.2,76,19.5,11.4,354,1013.9,0.0
2020-12-18,183.0,100.0,20.0,6.0,11.0,7.0,"Kurla, Mumbai",30.8,21.2,25.0,74,15.3,9.9,0,1013.5,0.0
2020-12-19,170.0,97.0,42.0,8.0,11.0,4.0,"Kurla, Mumbai",31.9,20.5,25.4,66,18.4,11.1,20,1014.0,0.0
2020-12-20,167.0,90.0,47.0,11.0,12.0,5.0,"Kurla, Mumbai",31.0,21.0,25.0,58,17.9,11.7,27,1014.6,0.0
2020-12-21,158.0,117.0,51.0,14.0,13.0,7.0,"Kurla, Mumbai",31.1,18.8,24.1,55,16.9,9.8,35,1013.4,0.0
2020-12-22,219.0,136.0,45.0,11.0,12.0,9.0,"Kurla, Mumbai",30.9,17.1,23.2,58,14.1,8.9,24,1012.3,0.0
2020-12-23,173.0,153.0,51.0,13.0,12.0,9.0,"Kurla, Mumbai",29.4,16.5,23.2,62,13.0,7.9,357,1011.1,0.0
2020-12-24,181.0,150.0,57.0,12.0,13.0,11.0,"Kurla, Mumbai",31.0,17.4,23.5,62,16.4,10.0,359,1010.1,0.0
2020-12-25,184.0,162.0,61.0,12.0,13.0,9.0,"Kurla, Mumbai",32.5,18.9,25.1,60,12.8,8.7,22,1010.6,0.0
2020-12-26,185.0,193.0,51.0,11.0,13.0,9.0,"Kurla, Mumbai",31.5,19.8,25.0,65,14.3,8.4,352,1012.0,0.0
2020-12-27,223.0,136.0,40.0,9.0,13.0,4.0,"Kurla, Mumbai",30.0,20.8,24.8,68,20.9,12.9,342,1012.1,0.0
2020-12-28,158.0,169.0,33.0,12.0,15.0,7.0,"Kurla, Mumbai",28.2,19.7,23.2,50,23.1,15.4,347,1012.2,0.0
2020-12-29,176.0,180.0,35.0,11.0,16.0,9.0,"Kurla, Mumbai",27.5,16.5,22.0,61,18.7,10.3,340,1011.4,0.0
2020-12-30,189.0,166.0,49.0,10.0,18.0,8.0,"Kurla, Mumbai",28.7,18.2,22.9,65,20.4,11.3,343,1011.5,0.0
2020-12-31,190.0,190.0,39.0,9.0,18.0,10.0,"Kurla, Mumbai",32.0,19.0,24.5,67,15.3,10.6,358,1011.0,0.0
2021-01-01,207.0,225.0,89.0,10.0,18.0,8.0,"Kurla, Mumbai",31.6,20.8,25.4,70,17.3,8.5,329,1011.4,0.0
2021-01-02,226.0,171.0,43.0,8.0,18.0,7.0,"Kurla, Mumbai",28.9,22.6,25.0,75,16.2,8.7,330,1012.1,0.0
2021-01-03,200.0,185.0,45.0,10.0,19.0,8.0,"Kurla, Mumbai",28.3,21.5,24.3,69,18.0,10.0,336,1010.7,0.0
2021-01-04,200.0,164.0,48.0,11.0,18.0,7.0,"Kurla, Mumbai",28.0,21.2,24.0,66,16.6,9.1,329,1010.6,0.0
2021-01-05,203.0,228.0,15.0,11.0,19.0,8.0,"Kurla, Mumbai",28.4,21.1,24.0,67,20.9,12.2,343,1011.8,0.4
2021-01-06,226.0,169.0,40.0,12.0,19.0,9.0,"Kurla, Mumbai",29.1,21.6,24.5,61,21.8,14.6,343,1011.3,0.0
2021-01-07,210.0,184.0,9.0,7.0,17.0,9.0,"Kurla, Mumbai",29.4,21.6,25.2,71,17.6,7.9,339,1009.3,0.2
2021-01-08,212.0,193.0,19.0,7.0,16.0,9.0,"Kurla, Mumbai",28.9,22.9,25.2,84,11.5,7.8,342,1008.7,2.8
2021-01-09,200.0,182.0,30.0,7.0,15.0,9.0,"Kurla, Mumbai",30.2,22.9,25.9,78,16.1,9.6,352,1009.3,0.2
2021-01-10,445.0,152.0,49.0,8.0,15.0,8.0,"Kurla, Mumbai",31.0,23.9,26.9,76,14.3,8.0,358,1010.0,0.0
2021-01-11,220.0,150.0,43.0,21.0,16.0,8.0,"Kurla, Mumbai",31.3,23.8,26.9,73,16.1,8.9,341,1011.1,0.0
2021-01-12,180.0,136.0,37.0,35.0,16.0,5.0,"Kurla, Mumbai",32.7,24.0,27.3,68,20.7,11.9,353,1011.6,0.0
2021-01-13,182.0,282.0,50.0,42.0,17.0,10.0,"Kurla, Mumbai",32.2,22.5,26.9,62,18.9,11.9,353,1011.4,0.0
2021-01-14,232.0,164.0,41.0,28.0,17.0,4.0,"Kurla, Mumbai",30.5,21.5,24.8,70,20.1,10.7,344,1010.9,0.0
2021-01-15,159.0,146.0,41.0,31.0,17.0,6.0,"Kurla, Mumbai",28.3,20.3,23.7,75,19.1,10.1,329,1010.4,0.0
2021-01-16,167.0,150.0,45.0,40.0,17.0,7.0,"Kurla, Mumbai",28.4,18.1,22.7,73,18.6,9.3,337,1009.5,0.0
2021-01-17,170.0,227.0,31.0,32.0,16.0,4.0,"Kurla, Mumbai",28.1,19.0,23.4,78,14.7,8.1,329,1009.9,0.0
2021-01-18,140.0,156.0,32.66666667,50.0,20.0,11.0,"Kurla, Mumbai",28.8,20.4,24.2,74,18.1,11.1,336,1011.5,0.0
2021-01-19,172.0,142.0,34.33333333,47.0,18.0,8.0,"Kurla, Mumbai",29.9,21.0,25.2,61,17.2,12.2,336,1011.6,0.0
2021-01-20,199.0,143.0,36.0,41.0,21.0,6.0,"Kurla, Mumbai",30.4,20.1,24.7,57,18.1,11.6,341,1012.5,0.0
2021-01-21,179.0,186.0,43.0,51.0,24.0,9.0,"Kurla, Mumbai",28.8,19.5,23.0,65,17.6,10.4,337,1012.4,0.0
2021-01-22,185.0,264.0,54.0,55.0,25.0,10.0,"Kurla, Mumbai",29.6,18.3,23.0,75,18.6,9.7,337,1011.7,0.0
2021-01-23,201.0,157.0,35.0,40.0,23.0,5.0,"Kurla, Mumbai",30.6,20.0,24.1,68,20.1,12.0,336,1011.8,0.0
2021-01-24,155.0,169.0,125.0,42.0,23.0,5.0,"Kurla, Mumbai",29.4,19.1,23.8,62,19.6,12.0,338,1012.7,0.0
2021-01-25,173.0,136.0,57.0,31.0,23.0,6.0,"Kurla, Mumbai",29.0,16.6,22.5,64,19.1,11.4,338,1013.3,0.0
2021-01-26,160.0,139.0,37.0,45.0,23.0,8.0,"Kurla, Mumbai",28.0,17.6,22.0,70,20.4,10.8,339,1012.9,0.0
2021-01-27,178.0,165.0,39.0,46.0,23.0,9.0,"Kurla, Mumbai",27.1,16.9,21.5,71,18.4,9.8,336,1012.5,0.0
2021-01-28,192.0,149.0,42.0,52.0,23.0,10.0,"Kurla, Mumbai",27.5,17.0,21.6,71,20.0,11.2,337,1012.9,0.0
2021-01-29,182.0,152.0,30.0,45.0,19.0,10.0,"Kurla, Mumbai",28.2,16.6,22.4,63,17.9,9.9,338,1013.5,0.0
2021-01-30,179.0,178.0,32.0,42.0,15.0,11.0,"Kurla, Mumbai",30.0,17.3,23.1,63,19.9,10.6,343,1012.9,0.0
2021-01-31,167.0,140.0,32.0,42.0,18.0,8.0,"Kurla, Mumbai",30.9,17.9,23.5,62,19.2,10.8,346,1013.1,0.0
2021-02-01,170.0,121.0,34.0,39.0,23.0,6.0,"Kurla, Mumbai",32.6,20.5,25.7,53,19.7,11.9,356,1014.4,0.0
2021-02-02,156.0,158.0,23.0,55.0,22.0,9.0,"Kurla, Mumbai",32.9,21.5,26.3,47,17.9,11.2,2,1014.6,0.0
2021-02-03,168.0,145.0,39.0,49.0,20.0,8.0,"Kurla, Mumbai",31.2,19.0,24.9,53,16.6,8.4,336,1013.9,0.0
2021-02-04,171.0,166.0,35.0,35.0,21.0,7.0,"Kurla, Mumbai",30.2,20.0,24.3,60,21.1,12.2,342,1013.8,0.0
2021-02-05,153.0,217.0,41.0,32.0,22.0,9.0,"Kurla, Mumbai",29.9,20.1,24.3,53,22.7,14.2,340,1013.6,0.0
2021-02-06,200.0,93.0,36.0,22.0,22.0,4.0,"Kurla, Mumbai",31.4,19.3,24.7,45,21.3,12.8,2,1012.7,0.0
2021-02-07,213.0,106.0,146.0,29.0,24.0,4.0,"Kurla, Mumbai",32.8,20.9,25.8,39,19.6,15.1,24,1013.2,0.0
2021-02-08,127.0,125.0,57.0,55.0,26.0,7.0,"Kurla, Mumbai",32.7,18.6,24.9,41,22.0,12.1,7,1013.7,0.0
2021-02-09,149.0,164.0,41.0,44.0,25.0,10.0,"Kurla, Mumbai",32.7,17.2,24.1,49,17.1,10.5,358,1012.8,0.0
2021-02-10,176.0,194.0,40.0,50.0,24.0,12.0,"Kurla, Mumbai",30.9,17.5,23.6,57,18.4,9.7,339,1011.7,0.0
2021-02-11,179.0,204.0,38.0,56.0,24.0,11.0,"Kurla, Mumbai",32.2,18.0,24.6,55,16.5,10.1,346,1010.6,0.0
2021-02-12,205.0,122.0,22.0,43.0,31.0,5.0,"Kurla, Mumbai",30.3,19.2,24.5,61,19.5,11.2,328,1011.3,0.0
2021-02-13,166.0,109.0,24.0,31.0,21.0,4.0,"Kurla, Mumbai",30.3,18.9,24.3,66,22.0,11.8,330,1012.6,0.0
2021-02-14,235.0,96.0,20.0,26.0,22.0,2.0,"Kurla, Mumbai",30.1,20.0,24.2,70,21.8,11.9,331,1012.9,0.0
2021-02-15,171.0,84.0,18.0,19.0,22.0,1.0,"Kurla, Mumbai",28.6,20.6,24.2,72,23.4,13.6,330,1012.1,0.0
2021-02-16,104.0,94.0,24.0,23.0,22.0,2.0,"Kurla, Mumbai",27.8,20.4,23.6,79,24.2,12.4,331,1011.9,0.0
2021-02-17,104.0,155.0,32.0,38.0,23.0,6.0,"Kurla, Mumbai",28.8,20.1,24.0,76,24.7,12.0,335,1011.5,0.0
2021-02-18,161.0,92.0,37.0,29.0,23.0,4.0,"Kurla, Mumbai",31.4,20.5,25.3,66,15.6,7.6,350,1011.9,1.0
2021-02-19,114.0,98.0,31.0,29.0,24.0,5.0,"Kurla, Mumbai",32.0,21.5,25.5,62,19.0,10.6,36,1013.6,0.1
2021-02-20,120.0,79.0,42.0,17.0,25.0,2.0,"Kurla, Mumbai",32.3,20.2,25.6,55,25.3,10.9,22,1013.6,0.0
2021-02-21,119.0,109.0,41.0,32.0,25.0,4.0,"Kurla, Mumbai",34.0,22.0,27.1,45,21.3,13.2,38,1013.1,0.0
2021-02-22,137.0,155.0,68.0,46.0,25.0,7.0,"Kurla, Mumbai",33.1,22.3,26.8,57,20.5,10.0,330,1013.5,0.0
2021-02-23,170.0,162.0,46.0,50.0,26.0,10.0,"Kurla, Mumbai",31.7,21.8,26.6,61,18.7,8.9,325,1012.2,0.0
2021-02-24,175.0,141.0,31.0,42.0,27.0,7.0,"Kurla, Mumbai",33.0,21.8,27.1,60,19.4,8.7,327,1010.9,0.0
2021-02-25,150.0,104.0,29.0,32.0,24.0,3.0,"Kurla, Mumbai",33.0,23.0,27.5,54,24.0,13.9,332,1011.5,0.0
2021-02-26,117.0,110.0,21.0,34.0,23.0,3.0,"Kurla, Mumbai",30.3,21.8,26.1,66,20.7,12.3,324,1010.9,0.0
2021-02-27,118.0,107.0,43.0,29.0,26.0,2.0,"Kurla, Mumbai",31.2,20.8,26.1,69,24.2,12.7,331,1009.8,0.0
2021-02-28,128.0,149.0,39.0,42.0,27.0,7.0,"Kurla, Mumbai",34.3,21.7,27.6,56,21.8,12.0,339,1009.4,0.0
2021-03-01,146.0,163.0,34.0,41.0,27.0,8.0,"Kurla, Mumbai",35.1,24.0,28.4,49,23.2,13.9,339,1011.8,0.0
2021-03-02,138.0,125.0,63.0,43.0,28.0,5.0,"Kurla, Mumbai",34.4,22.0,28.0,44,25.0,12.8,336,1012.6,0.0
2021-03-03,155.0,136.0,48.0,48.0,27.0,8.0,"Kurla, Mumbai",36.2,22.3,28.3,40,21.9,12.1,339,1010.9,0.0
2021-03-04,159.0,135.0,31.0,50.0,26.0,9.0,"Kurla, Mumbai",36.3,21.8,28.9,36,23.3,12.2,345,1010.4,0.0
2021-03-05,160.0,98.0,12.0,31.0,22.0,3.0,"Kurla, Mumbai",36.6,21.8,28.2,43,19.2,11.6,341,1011.5,0.0
2021-03-06,169.0,95.0,21.0,27.0,23.0,5.0,"Kurla, Mumbai",31.4,22.4,26.2,78,18.2,9.6,276,1012.6,0.0
2021-03-07,127.0,110.0,13.0,29.0,23.0,5.0,"Kurla, Mumbai",32.8,21.0,26.4,67,19.9,10.7,337,1011.8,0.0
2021-03-08,130.0,112.0,32.0,30.0,23.0,4.0,"Kurla, Mumbai",32.3,21.4,26.2,64,21.1,11.6,330,1011.6,0.0
2021-03-09,140.0,144.0,19.0,37.0,23.0,5.0,"Kurla, Mumbai",34.8,22.7,27.7,57,24.2,13.1,339,1011.4,0.0
2021-03-10,146.0,98.0,9.0,23.0,22.0,2.0,"Kurla, Mumbai",32.7,23.8,27.4,62,21.0,12.3,324,1011.5,0.0
2021-03-11,125.0,99.0,20.0,26.0,23.0,3.0,"Kurla, Mumbai",31.0,22.6,26.3,71,23.2,12.2,327,1011.8,0.0
2021-03-12,116.0,255.0,40.0,30.0,26.0,4.0,"Kurla, Mumbai",32.7,21.9,26.7,64,24.2,12.4,335,1012.7,0.0
2021-03-13,157.0,411.25,40.0,41.0,26.0,5.0,"Kurla, Mumbai",35.7,24.4,28.7,48,21.3,14.1,341,1012.2,0.0
2021-03-14,158.0,567.5,41.0,34.0,26.0,6.0,"Kurla, Mumbai",34.6,23.5,28.7,46,20.2,12.0,332,1010.3,0.0
2021-03-15,152.0,723.75,37.0,39.0,26.0,8.0,"Kurla, Mumbai",34.6,24.0,28.8,46,23.7,13.8,335,1009.8,0.0
2021-03-16,147.0,880.0,54.0,31.0,27.0,5.0,"Kurla, Mumbai",33.8,23.3,28.4,53,23.5,13.6,333,1010.2,0.0
2021-03-17,153.0,128.0,19.0,37.0,24.0,4.0,"Kurla, Mumbai",34.7,23.0,28.7,53,23.2,11.9,334,1008.9,0.0
2021-03-18,141.0,134.0,17.0,26.0,24.0,2.0,"Kurla, Mumbai",32.5,23.6,27.9,59,19.5,12.3,320,1009.1,0.0
2021-03-19,130.0,173.0,8.0,19.0,23.0,1.0,"Kurla, Mumbai",32.2,23.4,27.2,65,24.2,12.8,327,1010.2,0.0
2021-03-20,128.0,132.0,23.0,25.0,22.0,2.0,"Kurla, Mumbai",31.1,22.1,26.3,75,18.0,9.5,321,1008.9,0.0
2021-03-21,137.0,118.0,22.0,24.0,22.0,3.0,"Kurla, Mumbai",32.0,22.1,26.9,74,15.6,8.0,308,1008.2,0.0
2021-03-22,135.0,141.0,38.0,33.0,23.0,5.0,"Kurla, Mumbai",33.8,23.3,27.8,70,18.0,9.3,323,1010.2,0.0
2021-03-23,154.0,213.0,57.0,39.0,28.0,6.0,"Kurla, Mumbai",33.8,23.5,28.6,52,23.7,12.1,334,1010.8,0.0
2021-03-24,198.0,145.0,47.0,35.0,28.0,7.0,"Kurla, Mumbai",35.5,24.9,29.7,49,17.9,11.1,337,1010.7,0.0
2021-03-25,163.0,124.0,59.0,28.0,35.0,5.0,"Kurla, Mumbai",38.2,25.0,30.9,32,25.3,14.4,346,1009.8,0.0
2021-03-26,157.0,172.0,92.0,51.0,47.0,10.0,"Kurla, Mumbai",36.5,25.0,30.5,31,22.5,13.7,341,1008.8,0.0
2021-03-27,146.0,162.0,17.0,37.0,38.0,6.0,"Kurla, Mumbai",38.6,24.4,30.5,32,24.2,12.7,343,1007.8,0.0
2021-03-28,159.0,98.0,18.0,12.0,27.0,2.0,"Kurla, Mumbai",33.7,23.1,28.1,59,18.3,9.7,277,1007.9,0.0
2021-03-29,112.0,80.0,9.0,14.0,25.0,4.0,"Kurla, Mumbai",32.5,24.4,27.8,78,24.3,10.0,296,1008.1,0.0
2021-03-30,57.0,103.0,4.0,13.0,23.0,6.0,"Kurla, Mumbai",31.4,23.5,26.8,78,14.4,9.3,241,1008.3,0.0
2021-03-31,61.0,133.0,3.0,11.0,20.0,3.5,"Kurla, Mumbai",30.9,22.2,26.6,81,19.2,8.8,302,1007.5,0.0
2021-04-01,90.0,184.0,7.0,15.0,20.0,1.0,"Kurla, Mumbai",31.6,24.2,27.3,78,18.1,8.7,252,1007.1,0.0
2021-04-02,106.0,137.0,5.0,18.0,18.0,3.0,"Kurla, Mumbai",31.0,24.2,27.0,76,16.0,9.1,227,1007.4,0.1
2021-04-03,83.0,101.0,8.0,12.0,19.0,2.0,"Kurla, Mumbai",30.4,24.0,27.1,75,17.9,8.8,231,1008.4,0.0
2021-04-04,62.0,102.0,5.0,13.0,18.0,3.0,"Kurla, Mumbai",31.0,24.4,27.3,76,21.1,9.0,282,1010.2,0.0
2021-04-05,65.0,125.0,19.0,23.0,19.0,5.0,"Kurla, Mumbai",31.7,23.6,27.4,80,22.7,11.1,322,1010.1,0.0
2021-04-06,109.0,128.0,11.0,20.0,17.0,4.0,"Kurla, Mumbai",33.9,23.8,28.5,66,24.7,13.1,325,1009.0,0.0
2021-04-07,95.0,103.0,4.0,19.0,15.0,3.0,"Kurla, Mumbai",33.3,23.7,28.1,70,21.7,11.6,326,1009.9,0.0
2021-04-08,70.0,129.0,7.0,21.0,15.0,3.0,"Kurla, Mumbai",31.5,24.5,27.9,80,18.2,8.7,281,1008.8,0.0
2021-04-09,97.0,130.0,10.0,19.0,15.0,3.0,"Kurla, Mumbai",32.0,24.3,28.1,77,20.8,10.1,304,1008.3,0.0
2021-04-10,105.0,83.0,21.0,15.0,15.0,3.0,"Kurla, Mumbai",32.3,24.0,28.0,77,18.8,8.2,297,1009.4,0.0
2021-04-11,81.0,95.0,9.0,21.0,15.0,4.0,"Kurla, Mumbai",34.1,24.5,28.9,75,18.2,8.2,297,1010.2,0.0
2021-04-12,91.0,170.0,142.0,20.0,16.0,4.0,"Kurla, Mumbai",33.3,24.9,29.1,74,19.2,9.6,294,1011.2,0.0
2021-04-13,114.0,94.0,16.0,18.0,15.0,3.0,"Kurla, Mumbai",36.1,24.9,29.9,67,20.2,9.9,319,1010.3,0.0
2021-04-14,91.0,76.0,5.0,23.0,15.0,4.0,"Kurla, Mumbai",35.3,27.0,30.0,68,18.8,6.8,289,1010.0,0.0
2021-04-15,91.0,79.0,6.0,16.0,17.0,3.0,"Kurla, Mumbai",34.0,25.5,29.0,75,19.4,8.9,274,1010.0,0.0
2021-04-16,78.0,68.0,7.0,13.0,18.0,3.0,"Kurla, Mumbai",32.0,24.5,28.1,76,23.5,11.0,312,1009.8,0.0
2021-04-17,64.0,71.0,9.0,14.0,19.0,3.0,"Kurla, Mumbai",32.3,24.5,28.4,79,22.0,11.3,323,1010.3,0.0
2021-04-18,76.0,72.0,4.0,13.0,19.0,2.0,"Kurla, Mumbai",34.2,24.8,29.5,76,19.5,10.3,313,1010.6,0.0
2021-04-19,76.0,67.0,4.0,15.0,19.0,2.0,"Kurla, Mumbai",32.6,24.8,28.7,78,18.3,10.8,263,1009.6,0.0
2021-04-20,56.0,83.0,2.0,16.0,20.0,2.0,"Kurla, Mumbai",32.0,25.6,28.5,78,14.9,8.7,275,1008.9,0.0
2021-04-21,62.0,66.0,12.0,10.0,21.0,3.0,"Kurla, Mumbai",32.0,25.3,28.3,77,20.0,9.3,298,1010.2,0.0
2021-04-22,65.0,84.0,10.0,16.0,24.0,2.0,"Kurla, Mumbai",32.8,25.1,28.3,77,23.4,12.5,331,1010.2,0.0
2021-04-23,71.0,81.0,10.0,14.0,26.0,2.0,"Kurla, Mumbai",33.3,24.1,28.2,72,21.5,10.7,311,1010.1,0.0
2021-04-24,72.0,84.0,9.0,14.0,34.0,3.0,"Kurla, Mumbai",32.2,23.9,27.7,77,22.2,10.9,320,1009.6,0.0
2021-04-25,73.0,138.0,6.0,13.0,11.0,3.0,"Kurla, Mumbai",33.6,24.2,29.0,78,23.9,12.4,320,1008.2,0.0
2021-04-26,123.0,142.0,4.0,18.0,4.0,2.0,"Kurla, Mumbai",33.4,26.8,29.9,79,17.4,8.2,259,1008.0,0.0
2021-04-27,105.0,109.0,5.0,15.0,5.0,2.0,"Kurla, Mumbai",33.7,26.9,29.7,75,17.4,8.7,255,1009.0,0.0
2021-04-28,96.0,80.0,4.0,13.0,5.0,2.0,"Kurla, Mumbai",34.2,25.8,29.7,75,21.6,9.5,296,1009.9,0.0
2021-04-29,193.0,97.0,2.0,10.0,5.0,3.0,"Kurla, Mumbai",34.0,26.5,29.6,79,22.1,9.8,307,1009.4,0.0
2021-04-30,824.0,73.0,4.0,11.0,5.0,2.0,"Kurla, Mumbai",32.4,26.3,29.2,79,16.6,8.7,298,1008.5,0.0
2021-05-01,824.0,79.0,4.0,16.0,5.0,3.0,"Kurla, Mumbai",34.2,27.0,30.0,74,20.9,10.7,322,1007.5,0.0
2021-05-02,824.0,116.0,18.0,19.0,5.0,3.0,"Kurla, Mumbai",33.6,27.8,30.2,77,15.9,8.9,280,1008.0,0.0
2021-05-03,824.0,112.0,8.0,17.0,6.0,2.0,"Kurla, Mumbai",34.3,26.8,30.2,75,19.3,9.1,308,1007.7,0.0
2021-05-04,824.0,99.0,2.0,12.0,6.0,2.0,"Kurla, Mumbai",33.6,26.6,30.0,73,20.3,10.4,313,1007.5,0.0
2021-05-05,725.1666667,106.0,1.5,9.0,6.0,2.0,"Kurla, Mumbai",33.3,26.9,30.0,75,20.8,10.2,301,1007.4,0.0
2021-05-06,626.3333333,119.0,1.0,13.0,7.0,2.0,"Kurla, Mumbai",32.8,27.0,29.6,79,18.3,9.7,285,1008.0,0.0
2021-05-07,527.5,88.0,1.0,12.0,7.0,2.0,"Kurla, Mumbai",32.9,26.8,29.8,78,20.0,9.2,296,1008.8,0.0
2021-05-08,428.6666667,93.0,1.0,11.0,8.0,2.0,"Kurla, Mumbai",33.3,26.8,29.8,78,19.8,9.4,296,1007.7,0.0
2021-05-09,329.8333333,167.0,2.0,9.0,10.0,1.0,"Kurla, Mumbai",32.9,27.5,29.9,77,17.7,8.8,267,1007.0,0.0
2021-05-10,231.0,89.0,1.5,8.0,23.0,2.0,"Kurla, Mumbai",33.2,27.5,29.7,73,20.1,9.3,287,1006.9,0.0
2021-05-11,88.0,76.0,1.0,10.0,28.0,1.0,"Kurla, Mumbai",32.7,26.8,29.5,73,19.0,11.0,294,1007.5,0.0
2021-05-12,84.0,72.0,2.0,10.0,34.0,1.0,"Kurla, Mumbai",32.5,27.4,29.5,69,19.3,11.1,290,1006.2,0.0
2021-05-13,81.0,57.0,5.0,8.0,37.0,2.0,"Kurla, Mumbai",32.0,27.3,29.3,66,18.1,9.8,284,1005.4,0.0
2021-05-14,71.0,55.0,20.0,10.0,40.0,3.0,"Kurla, Mumbai",33.2,25.9,29.3,73,24.2,11.5,324,1003.5,0.0
2021-05-15,110.0,35.0,9.0,8.0,42.0,2.0,"Kurla, Mumbai",35.2,27.5,31.3,65,28.0,17.2,343,1000.3,0.0
2021-05-16,61.0,22.0,3.0,4.0,40.0,1.0,"Kurla, Mumbai",36.2,27.1,31.0,62,25.7,17.1,68,998.1,7.0
2021-05-17,32.0,30.0,1.0,4.0,21.0,1.0,"Kurla, Mumbai",27.5,26.2,26.8,88,61.9,44.0,155,996.4,199.9
2021-05-18,57.0,36.0,1.0,10.0,7.0,2.0,"Kurla, Mumbai",28.6,26.5,27.4,88,47.5,35.0,194,1002.4,22.6
2021-05-19,65.0,83.0,4.5,14.0,10.0,3.0,"Kurla, Mumbai",29.1,26.0,27.5,88,28.0,17.8,213,1004.6,15.2
2021-05-20,100.0,82.0,8.0,10.0,6.0,3.0,"Kurla, Mumbai",30.6,26.3,28.3,83,14.1,8.1,234,1006.6,1.0
2021-05-21,106.0,74.0,8.0,11.0,9.0,2.0,"Kurla, Mumbai",30.7,26.2,28.4,82,12.1,6.7,251,1007.5,0.3
2021-05-22,102.0,61.0,8.0,8.0,11.0,1.0,"Kurla, Mumbai",30.5,27.5,28.7,78,15.5,7.6,259,1007.1,1.2
2021-05-23,83.0,62.0,8.0,6.0,7.0,1.0,"Kurla, Mumbai",30.8,27.4,28.8,79,16.4,8.4,294,1007.9,1.6
2021-05-24,80.0,62.0,8.0,14.0,4.0,1.0,"Kurla, Mumbai",30.9,27.1,28.8,81,20.2,11.8,310,1008.7,1.8
2021-05-25,86.0,75.0,8.0,12.0,4.0,1.0,"Kurla, Mumbai",30.9,27.4,29.0,78,21.9,14.6,302,1007.0,1.7
2021-05-26,85.0,63.0,8.0,11.0,4.0,2.0,"Kurla, Mumbai",31.0,27.4,29.2,71,17.3,13.9,271,1006.1,0.0
2021-05-27,75.0,65.0,10.0,11.0,5.0,1.0,"Kurla, Mumbai",31.5,28.4,29.6,72,20.7,16.9,256,1006.1,4.8
2021-05-28,70.0,48.0,10.0,15.0,8.0,2.0,"Kurla, Mumbai",31.0,27.5,29.2,79,17.7,12.6,251,1006.4,3.6
2021-05-29,72.0,64.0,10.0,7.0,6.0,2.0,"Kurla, Mumbai",30.9,26.6,28.8,82,16.0,9.0,238,1007.4,2.8
2021-05-30,78.0,48.0,10.0,12.0,5.0,3.0,"Kurla, Mumbai",30.7,27.3,28.9,82,16.5,10.8,207,1007.4,3.3
2021-05-31,81.0,46.0,10.0,9.0,5.0,2.0,"Kurla, Mumbai",30.3,27.0,28.5,85,15.6,11.3,208,1005.5,3.5
2021-06-01,69.0,88.0,10.0,10.0,6.0,4.0,"Kurla, Mumbai",30.5,26.9,28.2,86,19.5,12.2,195,1005.7,7.4
2021-06-02,78.0,54.0,11.0,14.0,6.0,3.0,"Kurla, Mumbai",29.8,26.5,28.1,86,13.3,7.7,198,1006.5,11.1
2021-06-03,71.0,40.0,10.0,14.0,5.0,2.0,"Kurla, Mumbai",30.8,26.8,28.8,84,14.0,7.4,209,1007.1,1.3
2021-06-04,64.0,51.0,11.0,22.0,5.0,3.0,"Kurla, Mumbai",31.0,26.9,28.6,84,12.7,8.4,193,1007.9,5.2
2021-06-05,87.0,48.0,10.0,20.0,5.0,2.0,"Kurla, Mumbai",29.1,25.9,27.3,86,12.2,8.3,185,1007.2,7.7
2021-06-06,71.0,36.0,10.0,14.0,4.0,2.0,"Kurla, Mumbai",29.4,25.5,27.4,84,15.9,9.2,213,1007.5,9.7
2021-06-07,63.0,33.0,10.0,15.0,5.0,3.0,"Kurla, Mumbai",29.2,26.0,27.4,87,15.8,11.2,211,1007.9,10.5
2021-06-08,62.0,57.0,11.0,12.0,20.0,7.0,"Kurla, Mumbai",28.4,26.0,27.0,91,14.5,10.6,228,1007.0,25.1
2021-06-09,88.0,55.0,10.0,20.0,9.0,19.0,"Kurla, Mumbai",28.2,25.8,26.8,90,17.3,12.8,249,1005.9,24.0
2021-06-10,81.0,18.0,10.0,13.0,9.0,12.0,"Kurla, Mumbai",28.0,26.0,27.0,89,17.7,14.7,233,1005.2,24.0
2021-06-11,48.0,20.0,10.0,16.0,8.0,1.0,"Kurla, Mumbai",28.2,26.2,27.1,89,22.0,17.6,224,1004.3,19.6
2021-06-12,50.0,30.0,10.0,11.0,4.0,1.0,"Kurla, Mumbai",28.6,25.7,27.0,90,18.0,13.3,240,1004.1,15.7
2021-06-13,54.0,158.0,81.0,13.0,5.0,6.0,"Kurla, Mumbai",28.9,26.2,27.4,89,19.0,13.5,232,1004.0,9.6
2021-06-14,157.0,48.0,11.0,6.0,3.0,1.0,"Kurla, Mumbai",29.0,26.1,27.3,90,19.3,14.3,222,1002.9,5.2
2021-06-15,96.0,21.0,11.0,10.0,3.0,1.0,"Kurla, Mumbai",28.2,25.9,26.8,89,21.0,16.4,215,1001.9,9.2
2021-06-16,50.0,75.0,7.0,10.0,10.0,2.0,"Kurla, Mumbai",27.2,25.5,26.4,91,22.1,17.9,216,1002.3,13.7
2021-06-17,96.0,59.0,7.0,11.0,2.0,1.0,"Kurla, Mumbai",27.3,25.5,26.2,90,24.0,19.6,213,1003.5,18.5
2021-06-18,95.0,46.0,3.0,15.0,2.0,1.0,"Kurla, Mumbai",27.3,25.1,26.1,90,26.6,20.1,226,1004.5,15.9
2021-06-19,89.0,82.0,3.0,11.0,3.0,1.0,"Kurla, Mumbai",26.9,25.0,25.8,90,22.7,19.6,221,1006.5,18.5
2021-06-20,135.0,70.0,3.0,11.0,3.0,1.0,"Kurla, Mumbai",28.9,25.1,26.7,88,24.8,17.3,233,1007.3,10.3
2021-06-21,114.0,86.0,3.0,9.0,4.0,1.0,"Kurla, Mumbai",29.1,25.1,27.3,85,16.9,13.1,243,1007.9,5.6
2021-06-22,103.0,91.0,3.0,10.0,3.0,1.0,"Kurla, Mumbai",28.6,26.0,27.4,86,15.1,11.3,254,1007.6,5.9
2021-06-23,103.0,69.0,3.0,8.0,4.0,2.0,"Kurla, Mumbai",28.1,26.2,27.0,89,15.2,10.5,234,1007.2,5.6
2021-06-24,95.0,39.0,3.0,14.0,5.0,2.0,"Kurla, Mumbai",27.5,25.4,26.4,90,19.1,12.9,230,1007.6,8.7
2021-06-25,69.0,79.0,3.0,11.0,5.0,1.0,"Kurla, Mumbai",26.7,25.5,26.0,92,16.3,12.2,247,1006.7,36.7
2021-06-26,115.0,38.0,3.0,10.0,4.0,2.0,"Kurla, Mumbai",29.4,25.6,27.6,82,18.3,12.3,271,1006.5,3.5
2021-06-27,66.0,48.0,3.0,12.0,12.0,5.0,"Kurla, Mumbai",28.5,26.2,27.2,85,15.4,8.0,302,1008.1,9.3
2021-06-28,83.0,93.0,3.0,12.0,4.0,4.0,"Kurla, Mumbai",27.4,25.0,26.1,90,10.6,5.8,297,1007.2,19.2
2021-06-29,84.0,60.0,3.0,9.0,4.0,4.0,"Kurla, Mumbai",29.2,25.6,27.4,88,14.8,8.8,222,1006.6,3.0
2021-06-30,82.0,100.0,3.0,9.0,4.0,3.0,"Kurla, Mumbai",28.9,26.4,27.5,89,16.1,11.4,235,1006.7,4.8
2021-07-01,95.0,83.0,3.0,12.0,4.0,1.0,"Kurla, Mumbai",29.8,27.2,28.3,80,22.8,16.1,248,1005.1,2.9
2021-07-02,90.0,85.0,3.0,6.0,3.0,1.0,"Kurla, Mumbai",29.9,27.0,28.1,81,22.6,18.6,226,1005.5,1.8
2021-07-03,81.0,63.0,3.0,6.0,3.0,1.0,"Kurla, Mumbai",29.5,26.4,27.9,85,18.5,14.0,228,1006.6,1.8
2021-07-04,72.0,70.0,3.0,7.0,4.0,1.0,"Kurla, Mumbai",29.1,26.4,27.7,86,13.0,9.7,242,1007.1,2.3
2021-07-05,90.0,60.0,3.0,6.0,3.0,2.0,"Kurla, Mumbai",29.1,26.3,27.7,87,13.0,6.9,258,1006.9,1.2
2021-07-06,102.0,71.0,3.0,6.0,4.0,1.0,"Kurla, Mumbai",29.6,26.1,27.8,86,13.8,6.1,267,1005.8,1.0
2021-07-07,69.0,48.0,3.0,8.0,3.0,3.0,"Kurla, Mumbai",29.6,26.4,28.2,84,14.2,8.5,293,1005.7,2.2
2021-07-08,60.0,56.0,3.0,8.0,4.0,2.0,"Kurla, Mumbai",29.1,26.5,27.6,88,14.9,9.9,260,1005.6,8.9
2021-07-09,66.0,48.0,3.0,15.0,3.0,2.0,"Kurla, Mumbai",29.1,26.5,27.4,86,13.8,8.3,260,1003.7,4.1
2021-07-10,64.0,56.0,3.0,8.0,4.0,2.0,"Kurla, Mumbai",26.8,25.9,26.3,92,16.1,8.0,266,1002.7,85.5
2021-07-11,49.0,131.0,3.0,9.0,3.0,2.0,"Kurla, Mumbai",28.8,25.9,27.1,88,14.7,7.2,233,1001.4,13.7
2021-07-12,49.0,25.0,3.0,11.0,16.0,3.0,"Kurla, Mumbai",28.3,25.8,26.9,91,36.8,19.7,231,999.5,41.0
2021-07-13,51.0,30.0,3.0,6.0,6.0,3.0,"Kurla, Mumbai",28.1,25.8,26.6,91,23.7,18.2,235,1001.4,34.6
2021-07-14,45.0,31.0,3.0,5.0,7.0,2.0,"Kurla, Mumbai",27.3,25.6,26.2,91,23.1,16.9,244,1002.3,34.9
2021-07-15,42.0,68.0,3.0,5.0,7.0,2.0,"Kurla, Mumbai",28.0,25.6,26.8,88,23.2,14.5,240,1001.0,22.4
2021-07-16,43.0,45.0,6.0,7.0,9.0,2.0,"Kurla, Mumbai",28.4,25.4,26.5,91,31.5,17.8,224,1003.7,31.8
2021-07-17,51.0,11.0,3.0,3.0,10.0,1.0,"Kurla, Mumbai",27.6,25.8,26.8,90,26.6,14.6,255,1005.6,40.6
2021-07-18,37.0,136.0,4.0,4.0,176.0,2.0,"Kurla, Mumbai",28.2,26.0,26.9,90,21.6,17.6,286,1004.7,32.9
2021-07-19,192.0,54.0,3.0,1.0,146.0,2.0,"Kurla, Mumbai",27.4,25.8,26.3,92,22.0,18.3,270,1004.2,55.2
2021-07-20,62.0,35.0,3.0,1.0,127.0,1.0,"Kurla, Mumbai",27.5,25.6,26.4,91,23.4,19.3,246,1006.2,29.1
2021-07-21,50.0,49.0,3.0,1.5,104.0,1.0,"Kurla, Mumbai",27.2,25.7,26.5,90,34.8,26.0,255,1005.0,36.7
2021-07-22,63.0,53.0,3.0,2.0,89.0,1.0,"Kurla, Mumbai",27.2,26.0,26.6,88,34.0,26.0,266,1002.3,18.5
2021-07-23,71.0,49.0,3.0,1.0,77.0,1.0,"Kurla, Mumbai",26.8,25.4,26.0,90,25.3,20.9,259,1002.3,28.2
2021-07-24,68.0,46.0,3.0,1.0,71.0,1.0,"Kurla, Mumbai",27.8,25.5,26.5,88,24.2,17.6,261,1003.7,13.1
2021-07-25,67.0,58.0,3.0,2.5,69.0,1.0,"Kurla, Mumbai",28.3,25.4,26.4,90,23.9,18.7,251,1004.7,15.3
2021-07-26,76.0,56.0,3.0,4.0,67.0,1.0,"Kurla, Mumbai",28.5,25.1,26.6,88,28.7,22.7,244,1005.0,12.5
2021-07-27,120.0,53.0,3.0,6.0,65.0,1.0,"Kurla, Mumbai",28.0,25.2,26.7,86,27.2,22.8,235,1004.5,8.4
2021-07-28,60.0,50.0,3.0,7.0,63.0,1.0,"Kurla, Mumbai",28.3,26.0,27.1,83,30.6,24.8,236,1004.9,12.4
2021-07-29,63.0,62.0,3.0,6.0,61.0,1.0,"Kurla, Mumbai",28.8,26.1,27.0,84,31.3,25.2,241,1006.0,11.3
2021-07-30,72.0,49.0,3.0,6.0,59.0,1.0,"Kurla, Mumbai",28.1,26.3,27.2,83,29.5,24.8,249,1006.8,8.4
2021-07-31,58.0,45.0,3.0,5.0,59.0,1.0,"Kurla, Mumbai",28.6,26.2,27.3,82,30.8,26.0,258,1007.8,2.7
2021-08-01,56.0,47.0,4.0,5.0,57.0,1.0,"Kurla, Mumbai",28.2,26.1,27.0,81,31.0,26.2,255,1006.6,3.1
2021-08-02,63.0,94.0,2.0,6.0,55.0,1.0,"Kurla, Mumbai",28.0,25.6,26.6,84,25.3,21.8,250,1006.7,4.7
2021-08-03,113.0,64.0,5.0,6.0,43.0,1.0,"Kurla, Mumbai",27.2,25.0,26.2,89,24.4,20.6,243,1007.9,9.8
2021-08-04,54.0,90.0,2.0,9.0,10.0,2.0,"Kurla, Mumbai",27.4,25.4,26.5,87,24.0,21.1,246,1007.9,5.6
2021-08-05,69.0,97.5,2.5,9.0,10.0,2.5,"Kurla, Mumbai",28.4,25.5,26.8,86,24.2,20.3,254,1006.1,5.9
2021-08-06,79.0,105.0,3.0,9.0,10.0,3.0,"Kurla, Mumbai",28.1,25.9,26.9,86,23.4,17.5,257,1005.4,3.9
2021-08-07,76.0,94.0,3.0,9.0,8.0,1.0,"Kurla, Mumbai",28.1,25.2,26.6,88,14.9,12.3,248,1006.2,4.0
2021-08-08,90.0,84.0,4.0,9.0,8.0,1.0,"Kurla, Mumbai",27.9,25.0,26.4,90,13.4,10.1,217,1007.4,3.0
2021-08-09,73.0,101.0,4.0,39.0,3.0,2.0,"Kurla, Mumbai",28.1,25.5,26.8,87,17.9,11.3,223,1008.5,4.2
2021-08-10,81.0,79.0,3.0,13.0,2.0,1.0,"Kurla, Mumbai",27.8,25.5,26.5,88,17.4,11.5,232,1008.4,4.2
2021-08-11,71.0,64.0,3.0,12.0,12.0,2.0,"Kurla, Mumbai",28.0,25.1,26.4,87,16.7,12.5,251,1008.4,5.5
2021-08-12,73.0,63.0,4.0,12.0,13.0,2.0,"Kurla, Mumbai",28.0,25.4,26.7,86,16.7,12.7,261,1009.2,3.9
2021-08-13,66.0,83.0,4.0,15.0,12.0,2.0,"Kurla, Mumbai",27.9,25.6,26.6,86,18.4,13.8,257,1008.1,3.7
2021-08-14,80.0,30.0,3.0,9.0,14.0,4.0,"Kurla, Mumbai",27.0,24.8,26.0,89,19.1,14.4,248,1006.5,9.1
2021-08-15,66.0,49.0,5.0,13.0,15.0,3.0,"Kurla, Mumbai",27.1,24.4,25.8,90,14.6,11.1,236,1006.6,6.7
2021-08-16,79.0,63.0,4.0,15.0,14.0,2.0,"Kurla, Mumbai",27.6,25.0,26.2,89,12.4,8.5,238,1007.8,3.9
2021-08-17,80.0,47.0,3.0,15.0,15.0,3.0,"Kurla, Mumbai",26.6,25.3,25.9,91,9.8,5.8,241,1007.8,13.7
2021-08-18,75.0,40.0,3.0,12.0,15.0,2.0,"Kurla, Mumbai",26.3,25.1,25.6,93,12.0,7.8,264,1006.3,21.8
2021-08-19,72.0,44.0,5.0,13.0,15.0,3.0,"Kurla, Mumbai",25.7,24.9,25.3,93,16.2,10.5,266,1006.0,33.4
2021-08-20,76.0,67.0,5.0,16.0,13.0,2.0,"Kurla, Mumbai",27.1,25.0,25.8,88,15.6,10.5,270,1006.4,26.8
2021-08-21,63.0,80.0,4.0,23.0,12.0,6.0,"Kurla, Mumbai",25.8,24.7,25.3,92,22.0,13.8,249,1007.5,71.7
2021-08-22,75.0,68.0,6.0,7.0,13.0,3.0,"Kurla, Mumbai",27.4,25.1,26.1,89,13.6,10.0,224,1008.0,3.1
2021-08-23,71.0,56.0,4.0,5.0,13.0,3.0,"Kurla, Mumbai",28.5,24.8,26.4,88,14.8,9.3,212,1007.9,2.3
2021-09-06,86.35714286,76.0,3.0,9.0,13.0,3.0,"Kurla, Mumbai",27.9,25.3,26.5,89,16.8,10.0,291,1005.3,7.9
2021-09-07,89.0,44.0,3.707692308,14.0,12.0,3.046153846,"Kurla, Mumbai",27.1,25.2,26.0,92,13.3,6.4,334,1003.4,32.0
2021-09-08,62.0,73.0,4.415384615,9.0,14.0,3.092307692,"Kurla, Mumbai",27.6,25.3,26.4,90,34.9,23.1,239,1002.6,146.8
2021-09-09,65.0,77.0,5.123076923,9.0,12.0,3.138461538,"Kurla, Mumbai",28.4,25.7,26.8,88,32.1,24.5,235,1006.2,6.9
2021-09-10,65.0,60.0,5.830769231,8.0,18.0,3.184615385,"Kurla, Mumbai",27.8,25.2,26.5,89,26.2,20.8,228,1006.5,9.9
2021-09-11,69.0,88.0,6.538461538,12.0,14.0,3.230769231,"Kurla, Mumbai",27.5,25.6,26.3,92,25.3,20.4,224,1004.3,53.6
2021-09-12,74.0,151.0,7.246153846,9.0,14.0,3.276923077,"Kurla, Mumbai",27.5,25.5,26.4,91,21.4,16.7,244,1002.6,45.3
2021-09-13,59.0,201.0,7.953846154,11.0,11.0,3.323076923,"Kurla, Mumbai",26.9,26.0,26.4,90,25.0,21.4,259,1002.0,27.4
2021-09-14,107.0,112.0,8.661538462,10.0,16.0,3.369230769,"Kurla, Mumbai",28.4,26.0,26.8,85,25.5,20.6,248,1003.0,6.0
2021-09-15,96.0,104.0,9.369230769,8.0,14.0,3.415384615,"Kurla, Mumbai",27.6,25.4,26.5,87,24.1,20.7,214,1004.3,6.0
2021-09-16,85.0,159.0,10.07692308,6.0,16.0,3.461538462,"Kurla, Mumbai",28.5,25.5,26.7,85,24.5,19.4,211,1005.6,4.4
2021-09-17,143.0,56.0,10.78461538,7.0,14.0,3.507692308,"Kurla, Mumbai",28.4,25.5,26.7,84,21.6,15.4,220,1006.0,3.3
2021-09-18,66.0,293.0,11.49230769,5.0,20.0,3.553846154,"Kurla, Mumbai",27.3,25.2,26.2,89,17.9,13.7,208,1007.7,3.3
2021-09-19,71.0,47.0,12.2,4.0,13.0,3.6,"Kurla, Mumbai",27.1,25.2,26.2,91,17.1,11.3,211,1009.5,6.4
2021-09-20,37.0,215.0,12.90769231,12.0,24.5,3.646153846,"Kurla, Mumbai",27.5,25.2,26.4,90,13.1,9.3,245,1008.8,10.2
2021-09-21,184.0,114.0,13.61538462,11.0,36.0,3.692307692,"Kurla, Mumbai",27.2,25.4,26.0,91,14.5,10.5,267,1007.8,17.8
2021-09-22,92.0,172.0,14.32307692,11.0,3.0,3.738461538,"Kurla, Mumbai",26.8,25.0,25.8,92,16.8,11.0,280,1006.2,19.7
2021-09-23,100.0,178.0,15.03076923,8.0,6.0,3.784615385,"Kurla, Mumbai",27.2,25.0,26.2,91,14.5,7.0,241,1006.2,6.6
2021-09-24,95.0,107.0,15.73846154,13.0,4.75,3.830769231,"Kurla, Mumbai",28.5,25.2,26.7,87,15.0,8.5,232,1007.2,2.0
2021-09-25,99.0,127.0,16.44615385,7.0,3.5,3.876923077,"Kurla, Mumbai",28.1,24.5,26.4,87,13.4,8.0,236,1007.5,2.2
2021-09-26,82.0,220.0,17.15384615,8.0,2.25,3.923076923,"Kurla, Mumbai",28.1,25.2,26.5,85,14.1,6.5,285,1005.7,2.8
2021-09-27,86.0,604.0,17.86153846,12.0,1.0,3.969230769,"Kurla, Mumbai",26.6,25.0,25.9,89,9.6,5.5,291,1004.4,5.2
2021-09-28,194.0,114.0,18.56923077,9.0,1.8,4.015384615,"Kurla, Mumbai",26.5,24.5,25.7,91,17.6,10.4,232,1003.7,14.3
2021-09-29,67.0,208.0,19.27692308,8.0,2.6,4.061538462,"Kurla, Mumbai",27.8,25.2,26.3,89,24.9,22.6,212,1004.6,30.7
2021-09-30,57.0,136.0,19.98461538,9.0,3.4,4.107692308,"Kurla, Mumbai",27.8,25.0,26.4,89,23.1,18.6,184,1007.9,4.4
2021-10-01,76.0,74.0,20.69230769,8.0,4.2,4.153846154,"Kurla, Mumbai",29.0,25.2,27.0,89,15.1,8.4,194,1008.8,0.2
2021-10-02,87.0,255.0,21.4,12.0,5.0,4.2,"Kurla, Mumbai",28.7,24.9,26.9,89,16.4,7.3,346,1008.4,0.8
2021-10-03,120.0,73.0,22.10769231,10.0,5.8,4.246153846,"Kurla, Mumbai",30.4,25.1,27.5,89,17.8,8.7,337,1007.8,0.2
2021-10-04,125.0,73.0,22.81538462,10.0,6.6,4.292307692,"Kurla, Mumbai",30.5,26.2,28.0,88,16.5,9.4,334,1007.2,0.0
2021-10-05,104.0,52.0,23.52307692,16.0,7.4,4.338461538,"Kurla, Mumbai",30.8,26.1,28.0,88,17.7,9.7,346,1007.3,0.9
2021-10-06,102.0,142.0,24.23076923,14.0,8.2,4.384615385,"Kurla, Mumbai",31.3,26.4,28.3,88,12.5,6.7,21,1006.5,7.4
2021-10-07,105.0,59.0,24.93846154,12.0,9.0,4.430769231,"Kurla, Mumbai",31.9,26.0,28.3,87,12.1,6.2,356,1005.8,2.4
2021-10-08,154.0,53.0,25.64615385,10.0,9.8,4.476923077,"Kurla, Mumbai",29.2,25.2,27.1,88,15.3,9.6,172,1007.0,6.8
2021-10-09,70.0,88.0,26.35384615,13.0,10.6,4.523076923,"Kurla, Mumbai",28.5,25.9,27.0,89,13.3,7.3,180,1008.4,5.2
2021-10-10,90.0,55.0,27.06153846,12.0,11.4,4.569230769,"Kurla, Mumbai",29.1,25.9,27.2,87,10.1,5.9,188,1008.4,6.2
2021-10-11,101.0,67.0,27.76923077,21.0,12.2,4.615384615,"Kurla, Mumbai",29.2,25.0,26.8,89,15.3,5.7,341,1007.0,14.6
2021-10-12,195.0,149.0,28.47692308,20.0,13.0,4.661538462,"Kurla, Mumbai",30.1,25.1,27.6,88,12.7,6.0,354,1006.3,0.7
2021-10-13,142.0,123.0,29.18461538,20.0,13.8,4.707692308,"Kurla, Mumbai",30.9,25.1,28.1,85,12.8,5.6,345,1005.9,1.6
2021-10-14,167.0,96.0,29.89230769,39.0,14.6,4.753846154,"Kurla, Mumbai",31.9,25.5,28.6,80,18.7,8.8,348,1005.5,0.7
2021-10-15,153.0,95.0,30.6,31.0,15.4,4.8,"Kurla, Mumbai",32.9,24.6,28.2,69,18.6,9.9,6,1003.5,0.0
2021-10-16,149.0,153.0,31.30769231,32.0,16.2,4.846153846,"Kurla, Mumbai",31.5,24.1,27.5,70,20.0,10.2,345,1002.8,0.0
2021-10-17,158.0,114.0,32.01538462,24.0,17.0,4.892307692,"Kurla, Mumbai",30.5,24.5,27.3,73,17.4,9.9,321,1003.9,0.0
2021-10-18,120.0,131.0,32.72307692,11.0,37.0,4.938461538,"Kurla, Mumbai",30.0,25.2,27.8,80,19.9,12.2,295,1007.0,1.1
2021-10-19,102.0,80.0,33.43076923,10.0,34.4,4.984615385,"Kurla, Mumbai",29.2,24.6,26.7,82,13.8,7.4,303,1010.9,0.5
2021-10-25,296.3333333,516.0,37.67692308,17.0,18.8,5.261538462,"Kurla, Mumbai",30.3,22.8,26.1,80,20.2,11.4,349,1012.5,0.0
2021-10-28,231.0,110.0,39.8,46.0,11.0,5.4,"Kurla, Mumbai",33.6,23.4,27.7,58,21.6,13.5,29,1011.6,0.0
2021-10-29,179.0,96.0,40.50769231,34.0,11.0,5.446153846,"Kurla, Mumbai",33.3,23.9,27.6,46,21.2,14.5,29,1012.7,0.0
2021-10-30,135.0,104.0,41.21538462,40.0,11.0,5.492307692,"Kurla, Mumbai",33.0,24.0,27.5,46,19.6,14.6,21,1012.9,0.0
2021-10-31,160.0,200.0,41.92307692,58.0,11.0,5.538461538,"Kurla, Mumbai",32.5,24.1,27.5,53,18.1,11.9,8,1011.9,0.0
2021-11-01,180.0,202.0,42.63076923,42.0,11.0,5.584615385,"Kurla, Mumbai",32.1,22.5,27.0,67,14.3,8.1,348,1010.6,0.0
2021-11-02,178.0,109.0,43.33846154,35.0,11.0,5.630769231,"Kurla, Mumbai",33.2,23.3,27.6,67,14.2,9.4,9,1010.1,0.0
2021-11-03,174.0,149.0,44.04615385,31.0,11.0,5.676923077,"Kurla, Mumbai",33.7,23.7,27.9,60,21.1,11.2,8,1010.2,0.0
2021-11-04,202.0,168.0,44.75384615,28.0,11.0,5.723076923,"Kurla, Mumbai",32.3,24.8,27.9,60,15.8,9.2,7,1009.8,0.0
2021-11-05,197.0,79.0,45.46153846,29.0,11.0,5.769230769,"Kurla, Mumbai",32.2,24.2,28.0,70,17.1,9.7,28,1009.6,1.6
2021-11-06,165.0,90.0,46.16923077,29.0,11.0,5.815384615,"Kurla, Mumbai",31.2,23.8,26.5,80,15.3,8.4,41,1009.2,0.1
2021-11-07,152.0,163.0,46.87692308,34.0,11.0,5.861538462,"Kurla, Mumbai",29.2,24.0,26.5,76,13.0,8.1,22,1008.6,0.0
2021-11-08,176.0,111.0,47.58461538,36.0,11.0,5.907692308,"Kurla, Mumbai",31.6,23.6,26.8,69,16.8,9.9,2,1010.1,0.0
2021-11-09,168.0,98.0,48.29230769,33.0,11.0,5.953846154,"Kurla, Mumbai",32.4,21.5,26.0,61,18.3,10.2,20,1011.1,0.0
2021-11-10,161.0,110.0,49.0,34.0,11.0,6.0,"Kurla, Mumbai",32.2,21.5,26.0,56,20.9,13.1,20,1010.4,0.0
2021-11-11,167.0,111.0,41.0,36.0,11.0,7.0,"Kurla, Mumbai",32.5,21.2,26.2,48,18.7,13.9,34,1008.9,0.0
2021-11-12,163.0,129.0,39.0,31.0,10.0,7.0,"Kurla, Mumbai",32.0,21.7,26.3,48,22.6,12.6,8,1008.5,0.0
2021-11-13,173.0,154.0,33.0,30.0,10.0,8.0,"Kurla, Mumbai",32.7,23.4,27.2,57,19.8,12.3,357,1008.3,0.0
2021-11-14,199.0,141.0,29.0,34.0,10.0,9.0,"Kurla, Mumbai",32.5,23.9,27.6,66,18.1,11.3,355,1008.0,0.0
2021-11-15,182.0,114.0,29.0,28.0,10.0,7.0,"Kurla, Mumbai",32.5,24.6,27.9,65,21.9,13.1,347,1006.7,0.0
2021-11-16,176.0,101.0,17.0,30.0,10.0,6.0,"Kurla, Mumbai",33.5,24.6,28.2,68,19.2,10.9,5,1006.1,0.0
2021-11-17,149.0,86.0,12.0,26.0,10.0,5.0,"Kurla, Mumbai",32.2,24.5,27.5,76,16.9,7.2,39,1007.7,2.1
2021-11-18,122.0,125.0,21.0,31.0,10.0,5.0,"Kurla, Mumbai",30.0,23.8,26.4,85,13.4,7.0,41,1008.2,2.2
2021-11-19,129.0,125.0,6.0,29.0,10.0,6.0,"Kurla, Mumbai",31.4,23.5,26.7,85,15.4,7.2,10,1005.9,0.7
2021-11-20,281.0,47.0,3.0,21.0,10.0,4.0,"Kurla, Mumbai",32.5,24.5,27.8,79,12.2,7.7,37,1005.1,1.1
2021-11-21,121.0,51.0,3.0,24.0,10.0,5.0,"Kurla, Mumbai",32.8,25.2,27.6,81,16.7,9.6,119,1007.8,7.9
2021-11-22,79.0,73.0,23.0,28.0,10.0,4.0,"Kurla, Mumbai",28.7,24.9,26.7,86,10.2,6.7,337,1011.3,2.3
2021-11-23,104.0,121.0,12.0,27.0,10.0,6.0,"Kurla, Mumbai",30.5,24.6,27.1,86,17.3,8.3,335,1010.7,0.0
2021-11-24,155.0,108.0,29.0,25.0,11.0,8.0,"Kurla, Mumbai",31.7,25.5,27.9,81,16.6,9.2,346,1010.3,0.0
2021-11-25,162.0,102.0,38.0,28.0,10.0,6.0,"Kurla, Mumbai",32.6,24.6,27.8,74,16.7,9.0,355,1010.9,0.0
2021-11-26,161.0,107.0,40.0,28.0,11.0,7.0,"Kurla, Mumbai",32.5,23.0,27.2,71,15.0,8.0,353,1011.5,0.0
2021-11-27,163.0,104.0,40.0,24.0,10.0,8.0,"Kurla, Mumbai",32.6,22.1,26.7,72,16.3,8.7,8,1011.4,0.0
2021-11-28,163.0,90.0,42.0,22.0,10.0,6.0,"Kurla, Mumbai",32.2,21.6,26.0,64,16.1,8.7,30,1012.0,0.0
2021-11-29,157.0,100.0,38.0,24.0,10.0,7.0,"Kurla, Mumbai",32.5,21.4,26.0,55,15.1,10.2,42,1012.1,0.0
2021-11-30,163.0,70.0,24.0,15.0,11.0,6.0,"Kurla, Mumbai",32.5,23.8,27.1,58,15.0,8.8,40,1011.2,0.0
2021-12-01,153.0,56.0,25.0,15.0,9.0,6.0,"Kurla, Mumbai",24.7,20.6,23.0,82,20.3,10.8,34,1011.3,41.4
2021-12-02,132.0,86.0,15.0,24.0,2.0,7.0,"Kurla, Mumbai",24.8,19.2,22.3,89,26.9,12.9,79,1010.1,56.7
2021-12-03,150.0,109.0,2.0,21.0,1.0,12.0,"Kurla, Mumbai",27.0,22.0,24.2,89,10.4,6.6,113,1011.4,0.8
2021-12-04,156.0,98.0,8.0,21.0,2.0,10.0,"Kurla, Mumbai",27.6,21.4,24.2,88,11.3,6.4,99,1012.0,0.1
2021-12-05,145.0,96.0,27.0,22.0,1.0,6.0,"Kurla, Mumbai",26.7,20.9,23.8,88,11.8,5.8,10,1012.5,0.2
2021-12-06,159.0,122.0,45.0,23.0,15.0,9.0,"Kurla, Mumbai",29.0,21.0,24.4,82,16.3,9.1,3,1012.3,0.0
2021-12-07,183.0,122.0,33.0,24.0,23.0,8.0,"Kurla, Mumbai",30.1,22.0,25.4,73,15.5,10.4,24,1012.4,0.0
2021-12-08,181.0,122.0,33.0,27.0,26.0,7.0,"Kurla, Mumbai",31.0,22.1,25.6,67,16.2,10.9,27,1012.5,0.0
2021-12-09,179.0,113.0,39.0,25.0,28.0,7.0,"Kurla, Mumbai",29.9,22.7,25.7,68,16.3,10.8,11,1013.9,0.0
2021-12-10,173.0,109.0,39.5,24.0,35.0,7.5,"Kurla, Mumbai",31.2,22.2,25.8,67,15.8,11.2,31,1014.4,0.0
2021-12-11,231.0,128.0,40.0,29.0,36.0,8.0,"Kurla, Mumbai",31.0,22.1,25.4,71,14.6,10.0,25,1014.0,0.0
2021-12-12,173.0,117.0,36.0,27.0,36.0,9.0,"Kurla, Mumbai",31.6,21.0,25.1,71,13.5,9.2,38,1013.9,0.0
2021-12-13,162.0,139.0,28.0,28.0,36.0,7.0,"Kurla, Mumbai",29.3,20.7,24.3,71,15.7,8.2,357,1013.5,0.0
2021-12-14,164.0,152.0,33.0,37.0,36.0,8.0,"Kurla, Mumbai",28.5,19.3,23.5,73,17.1,10.4,354,1013.3,0.0
2021-12-15,182.0,166.0,35.0,42.0,36.0,11.0,"Kurla, Mumbai",27.3,19.0,22.9,80,14.3,9.1,346,1013.4,0.0
2021-12-16,196.0,172.0,33.0,40.0,36.0,10.0,"Kurla, Mumbai",28.1,19.6,23.3,81,16.7,9.3,349,1014.3,0.0
2021-12-17,197.0,168.0,38.0,36.0,36.0,10.0,"Kurla, Mumbai",28.0,20.3,23.6,76,17.0,10.4,348,1014.8,0.0
2021-12-18,191.0,141.0,50.0,31.0,36.0,8.0,"Kurla, Mumbai",29.4,18.9,23.6,72,15.9,9.5,357,1014.6,0.0
2021-12-19,182.0,127.0,49.0,26.0,36.0,8.0,"Kurla, Mumbai",29.8,19.6,23.6,68,17.0,10.4,22,1015.0,0.0
2021-12-20,180.0,170.0,42.0,38.0,36.0,8.0,"Kurla, Mumbai",29.9,18.5,23.2,70,14.7,8.9,12,1014.9,0.0
2021-12-21,187.0,134.0,22.0,36.0,36.0,11.0,"Kurla, Mumbai",28.6,17.8,22.9,73,13.0,7.4,357,1014.7,0.0
2021-12-22,193.0,209.0,36.0,47.0,36.0,8.0,"Kurla, Mumbai",28.0,17.9,22.9,76,12.5,8.0,339,1013.3,0.0
2021-12-23,188.0,134.0,21.0,28.0,36.0,7.0,"Kurla, Mumbai",28.0,18.2,22.5,75,12.9,7.9,346,1012.9,0.0
2021-12-24,160.0,128.0,29.0,26.0,36.0,7.0,"Kurla, Mumbai",26.2,17.6,21.7,83,14.6,8.1,343,1013.4,0.0
2021-12-25,158.0,138.0,33.0,32.0,36.0,8.0,"Kurla, Mumbai",26.2,17.5,21.5,82,14.8,8.4,352,1014.1,0.0
2021-12-26,184.0,201.0,27.0,37.0,36.0,10.0,"Kurla, Mumbai",28.2,18.5,22.6,78,17.8,10.3,350,1014.6,0.0
2021-12-27,185.0,153.0,30.0,33.0,27.0,8.0,"Kurla, Mumbai",29.4,17.9,23.0,73,13.8,9.0,357,1014.2,0.0
2021-12-28,179.0,107.0,33.0,24.0,8.0,6.0,"Kurla, Mumbai",28.0,18.4,22.8,75,21.5,11.1,343,1013.6,0.0
2021-12-29,154.0,106.0,34.0,21.0,7.0,5.0,"Kurla, Mumbai",27.5,19.5,22.8,66,20.8,13.9,352,1013.9,0.0
2021-12-30,169.0,130.0,34.0,19.0,8.0,7.0,"Kurla, Mumbai",30.0,18.8,23.2,66,20.8,11.5,15,1014.6,0.0
2021-12-31,196.0,95.0,46.0,18.0,11.0,8.0,"Kurla, Mumbai",31.4,20.9,24.8,66,16.3,12.0,37,1015.4,0.0
2022-01-02,192.0,128.0,22.0,46.0,7.0,10.0,"Kurla, Mumbai",30.6,20.5,24.8,65,14.1,9.2,10,1014.6,0.0
2022-01-03,169.0,123.0,38.0,34.0,7.0,9.0,"Kurla, Mumbai",30.9,21.4,25.0,68,13.8,9.0,9,1014.0,0.0
2022-01-04,172.0,130.0,28.0,32.0,7.0,11.0,"Kurla, Mumbai",31.2,20.4,24.7,73,15.1,8.6,3,1013.9,0.0
2022-01-05,186.0,108.0,20.0,23.0,7.0,6.0,"Kurla, Mumbai",28.5,20.4,24.1,80,17.3,8.0,328,1013.5,0.0
2022-01-06,169.0,124.0,19.0,31.0,7.0,8.0,"Kurla, Mumbai",27.9,20.5,23.5,80,16.5,9.3,344,1013.1,0.0
2022-01-07,175.0,99.0,16.0,23.0,7.0,6.0,"Kurla, Mumbai",27.4,19.6,23.2,79,15.5,7.0,301,1012.5,0.0
2022-01-08,159.0,68.0,28.0,12.0,7.0,3.0,"Kurla, Mumbai",24.5,21.0,22.5,85,12.1,7.3,357,1013.8,2.3
2022-01-09,97.0,94.0,26.0,23.0,8.0,4.0,"Kurla, Mumbai",25.4,18.8,21.7,58,22.0,14.9,347,1013.9,0.0
2022-01-10,127.0,120.0,45.0,37.0,8.0,6.0,"Kurla, Mumbai",24.2,16.0,19.6,57,23.1,13.6,348,1014.0,0.0
2022-01-11,176.0,111.0,34.0,29.0,8.0,6.0,"Kurla, Mumbai",24.5,14.8,19.6,72,15.2,8.7,348,1013.6,0.0
2022-01-12,165.0,130.0,41.0,28.0,8.0,7.0,"Kurla, Mumbai",25.0,16.4,20.7,68,18.4,12.1,345,1013.2,0.0
2022-01-13,179.0,146.0,31.0,31.0,14.0,8.0,"Kurla, Mumbai",25.9,15.6,20.6,72,15.4,7.5,341,1012.3,0.0
2022-01-14,183.0,122.0,31.0,24.0,21.0,7.0,"Kurla, Mumbai",25.8,17.2,21.4,76,16.1,9.3,345,1012.3,0.0
2022-01-15,171.0,108.0,37.0,20.0,21.0,7.0,"Kurla, Mumbai",28.8,18.0,22.5,67,20.5,11.3,8,1012.9,0.0
2022-01-16,162.0,102.0,38.0,22.0,47.0,6.0,"Kurla, Mumbai",31.4,19.0,24.0,59,18.7,11.7,38,1013.2,0.0
2022-01-17,162.0,126.0,34.0,28.0,45.0,8.0,"Kurla, Mumbai",30.7,20.3,24.5,65,14.8,10.2,8,1015.1,0.0
2022-01-18,169.0,139.0,36.0,40.0,28.0,8.0,"Kurla, Mumbai",29.0,20.0,24.1,67,19.0,11.0,351,1014.9,0.0
2022-01-19,177.0,134.0,32.0,31.0,32.0,7.0,"Kurla, Mumbai",29.2,18.8,23.6,69,17.2,9.9,343,1013.5,0.0
2022-01-20,159.0,101.0,16.0,23.0,41.0,5.0,"Kurla, Mumbai",27.5,19.0,22.7,70,16.1,10.1,332,1012.0,0.0
2022-01-21,135.0,108.0,11.0,17.0,34.0,4.0,"Kurla, Mumbai",27.1,18.8,22.4,84,14.2,8.0,336,1011.8,0.0
2022-01-22,155.0,459.0,29.0,15.0,36.0,1.0,"Kurla, Mumbai",26.6,20.2,23.5,81,22.7,11.8,279,1010.3,1.0
2022-01-23,824.0,238.0,37.0,17.0,28.0,3.0,"Kurla, Mumbai",23.3,17.6,21.5,60,22.4,16.8,316,1011.6,0.4
2022-01-24,161.0,225.0,31.0,32.0,16.5,6.0,"Kurla, Mumbai",24.2,14.3,19.1,57,25.5,12.8,1,1012.5,0.0
2022-01-25,173.0,167.0,50.0,24.0,5.0,7.0,"Kurla, Mumbai",25.4,14.2,19.7,56,18.8,11.5,353,1012.1,0.0
2022-01-26,169.0,535.0,44.0,30.0,9.0,8.0,"Kurla, Mumbai",27.2,15.8,21.0,55,19.9,12.2,355,1011.9,0.0
2022-01-27,166.0,319.0,44.0,22.0,41.0,5.0,"Kurla, Mumbai",29.2,16.9,22.1,53,20.5,10.6,3,1012.2,0.0
2022-01-28,173.0,113.0,55.0,26.0,61.0,7.0,"Kurla, Mumbai",30.6,18.5,23.6,45,17.8,13.6,26,1013.1,0.0
2022-01-29,150.0,129.0,52.0,41.0,48.0,9.0,"Kurla, Mumbai",31.0,17.1,23.0,49,17.2,11.0,11,1014.0,0.0
2022-01-30,160.0,144.0,41.0,40.0,31.0,12.0,"Kurla, Mumbai",29.9,16.2,22.3,56,15.2,9.9,352,1012.9,0.0
2022-01-31,172.0,223.0,30.0,39.0,33.0,9.0,"Kurla, Mumbai",29.2,16.8,22.4,56,17.3,10.7,341,1012.1,0.0
2022-02-01,246.0,238.0,29.0,37.0,37.0,9.0,"Kurla, Mumbai",29.4,16.0,21.8,65,20.1,12.1,344,1011.3,0.0
2022-02-02,206.0,209.0,4.0,20.0,38.0,6.0,"Kurla, Mumbai",27.9,16.5,21.8,78,18.1,10.3,330,1011.4,0.0
2022-02-03,193.0,249.0,25.0,3.0,11.0,4.0,"Kurla, Mumbai",26.2,17.0,21.8,85,13.1,7.5,265,1011.4,0.0
2022-02-04,183.0,181.0,46.0,9.0,15.0,8.0,"Kurla, Mumbai",26.0,18.6,22.2,75,12.7,7.7,299,1011.0,0.0
2022-02-06,145.0,144.0,28.0,21.0,9.0,3.0,"Kurla, Mumbai",27.5,17.5,21.9,69,19.4,10.3,325,1013.1,0.0
2022-02-07,121.0,104.0,32.0,19.0,10.0,3.0,"Kurla, Mumbai",26.0,18.2,21.6,81,21.9,11.4,332,1014.4,0.0
2022-02-08,117.0,112.0,40.0,20.0,2.0,4.0,"Kurla, Mumbai",25.6,18.2,21.6,80,17.3,10.0,325,1013.7,0.0
2022-02-09,144.0,122.0,57.0,28.0,16.0,6.0,"Kurla, Mumbai",26.4,17.7,21.7,79,19.3,11.6,345,1013.2,0.0
2022-02-10,161.0,104.0,65.0,22.0,20.0,5.0,"Kurla, Mumbai",30.2,18.5,23.6,56,24.0,13.5,346,1012.5,0.0
2022-02-11,141.0,117.0,61.0,33.0,25.0,7.0,"Kurla, Mumbai",32.2,20.9,25.4,45,21.7,14.5,9,1011.9,0.0
2022-02-12,154.0,176.0,65.0,35.0,22.0,8.0,"Kurla, Mumbai",30.8,20.0,24.5,50,21.0,11.9,347,1011.7,0.0
2022-02-13,175.0,104.0,50.0,23.0,19.0,6.0,"Kurla, Mumbai",30.2,18.5,23.7,59,19.5,10.7,337,1010.2,0.0
2022-02-14,140.0,95.0,36.0,21.0,27.0,4.0,"Kurla, Mumbai",29.0,18.6,23.6,53,19.5,11.9,345,1010.7,0.0
2022-02-15,104.0,115.0,27.0,22.0,55.0,5.0,"Kurla, Mumbai",27.2,19.0,22.9,65,17.3,11.3,332,1010.9,0.0
2022-02-16,101.0,126.0,30.0,27.0,62.0,5.0,"Kurla, Mumbai",26.5,18.7,22.1,80,16.5,9.4,332,1009.4,0.0
2022-02-17,122.0,138.0,34.0,31.0,39.0,7.0,"Kurla, Mumbai",26.9,17.6,21.9,81,14.0,6.8,323,1008.2,0.0
2022-02-18,145.0,180.0,40.0,41.0,15.0,9.0,"Kurla, Mumbai",28.1,18.4,23.1,78,14.6,6.8,284,1009.1,0.0
2022-02-19,165.0,127.0,55.0,25.0,22.0,5.0,"Kurla, Mumbai",29.6,18.9,23.7,75,17.9,9.9,327,1011.1,0.0
2022-02-20,153.0,138.0,48.0,40.0,12.0,10.0,"Kurla, Mumbai",31.0,19.4,24.4,63,20.2,11.7,339,1010.8,0.0
2022-02-21,164.0,129.0,43.0,34.0,3.0,4.0,"Kurla, Mumbai",31.2,17.9,23.9,55,22.9,12.8,338,1010.1,0.0
2022-02-22,143.0,159.0,32.0,36.0,9.0,9.0,"Kurla, Mumbai",30.4,18.4,23.5,65,21.8,10.6,334,1010.9,0.0
2022-02-23,184.0,199.0,83.0,41.0,23.0,14.0,"Kurla, Mumbai",29.9,18.5,24.1,65,18.9,11.2,338,1012.3,0.0
2022-02-24,177.0,262.0,64.0,47.0,28.0,8.0,"Kurla, Mumbai",30.2,20.1,25.2,61,20.1,11.5,328,1013.6,0.0
2022-02-25,219.0,208.0,45.0,37.0,28.0,8.0,"Kurla, Mumbai",30.7,20.6,25.3,56,22.9,12.5,325,1013.0,0.0
2022-02-26,219.0,206.0,17.0,35.0,30.0,9.0,"Kurla, Mumbai",30.5,20.0,24.7,62,21.8,12.6,334,1012.9,0.0
2022-02-27,300.0,282.0,71.0,47.0,55.0,7.0,"Kurla, Mumbai",31.1,19.9,25.2,54,24.2,12.3,332,1013.1,0.0
2022-02-28,290.0,172.0,42.0,33.0,52.0,8.0,"Kurla, Mumbai",32.3,20.0,25.5,49,21.3,11.4,332,1012.6,0.0
2022-03-01,260.0,362.0,124.0,43.0,69.0,9.0,"Kurla, Mumbai",32.5,21.0,25.9,51,18.9,11.0,337,1012.6,0.0
2022-03-02,234.0,212.0,76.0,38.0,69.0,8.0,"Kurla, Mumbai",34.5,21.6,27.0,50,22.4,12.0,339,1011.6,0.0
2022-03-03,246.0,127.0,67.0,29.0,46.0,7.0,"Kurla, Mumbai",35.3,21.6,27.7,43,24.7,15.4,345,1011.5,0.0
2022-03-04,135.0,149.0,72.0,42.0,6.0,10.0,"Kurla, Mumbai",34.5,23.8,27.6,37,24.7,16.2,343,1011.9,0.0
2022-03-05,158.0,135.0,73.0,37.0,5.0,9.0,"Kurla, Mumbai",34.2,20.8,26.6,48,23.7,11.5,337,1010.9,0.0
2022-03-06,166.0,175.0,52.0,48.0,7.0,10.0,"Kurla, Mumbai",34.2,22.5,27.3,51,20.4,11.0,327,1009.8,0.0
2022-03-07,171.0,155.0,80.0,33.0,7.0,8.0,"Kurla, Mumbai",32.2,24.2,27.7,54,16.0,10.6,326,1010.1,0.0
2022-03-08,171.0,127.0,58.0,33.0,8.0,8.0,"Kurla, Mumbai",36.0,25.2,29.0,52,23.2,13.7,354,1010.1,0.0
2022-03-09,170.0,142.0,76.0,35.0,6.0,9.0,"Kurla, Mumbai",34.0,24.5,28.4,54,16.9,10.1,342,1010.1,0.1
2022-03-10,168.0,148.0,66.0,35.0,7.0,9.0,"Kurla, Mumbai",33.8,23.1,28.1,54,19.0,10.6,346,1009.9,0.0
2022-03-11,169.0,110.0,81.0,33.0,6.0,6.0,"Kurla, Mumbai",33.2,24.0,28.4,51,16.5,9.7,330,1009.6,0.0
2022-03-12,142.0,167.0,72.0,29.0,6.0,7.0,"Kurla, Mumbai",36.3,22.8,28.6,52,18.0,10.1,334,1009.3,0.0
2022-03-13,150.0,141.0,66.0,35.0,5.923076923,8.0,"Kurla, Mumbai",36.2,22.5,29.0,47,23.3,12.5,342,1009.5,0.0
2022-03-14,142.0,153.0,90.0,34.0,5.846153846,8.0,"Kurla, Mumbai",36.0,22.8,29.1,36,21.5,12.7,346,1009.9,0.0
2022-03-15,160.0,155.0,66.0,39.0,5.769230769,7.0,"Kurla, Mumbai",36.0,23.8,29.6,43,22.2,13.5,337,1008.6,0.0
2022-03-16,153.0,154.0,73.0,37.0,5.692307692,8.0,"Kurla, Mumbai",35.3,23.2,29.9,45,26.0,14.3,338,1007.2,0.0
2022-03-17,162.0,121.0,68.0,19.0,5.615384615,7.0,"Kurla, Mumbai",35.5,24.5,29.8,44,23.5,12.8,328,1006.4,0.0
2022-03-18,155.0,99.0,29.0,25.0,5.538461538,4.0,"Kurla, Mumbai",34.8,22.8,29.2,54,27.1,14.1,327,1006.1,0.0
2022-03-19,119.0,103.0,21.0,18.0,5.461538462,4.0,"Kurla, Mumbai",32.0,23.5,27.7,71,20.8,10.1,277,1006.4,0.0
2022-03-20,109.0,127.0,34.0,21.0,5.384615385,4.0,"Kurla, Mumbai",30.2,24.0,27.0,79,26.9,9.8,268,1007.2,0.0
2022-03-21,123.0,127.0,59.0,30.0,5.307692308,7.0,"Kurla, Mumbai",30.5,22.5,26.8,75,24.2,11.6,321,1008.0,0.0
2022-03-22,149.0,157.0,58.0,30.0,5.230769231,6.0,"Kurla, Mumbai",34.2,24.5,29.3,46,26.5,14.7,339,1007.3,0.0
2022-03-23,138.0,178.0,45.0,39.0,5.153846154,7.0,"Kurla, Mumbai",38.0,26.1,30.9,31,28.0,16.2,345,1006.4,0.0
2022-03-24,160.0,104.0,26.0,24.0,5.076923077,4.0,"Kurla, Mumbai",33.7,24.9,28.5,46,20.1,9.5,301,1006.9,0.0
2022-03-25,108.0,103.0,25.0,23.0,5.0,3.0,"Kurla, Mumbai",32.0,23.8,27.4,74,21.6,8.5,287,1008.4,0.0
2022-03-26,106.0,114.0,25.0,17.0,5.0,2.0,"Kurla, Mumbai",32.4,23.3,27.5,78,22.2,8.4,291,1010.6,0.0
2022-03-27,676.0,120.0,22.0,17.0,5.0,3.0,"Kurla, Mumbai",32.3,23.6,27.6,77,21.2,8.9,296,1010.8,0.0
2022-03-28,211.0,122.0,26.0,23.0,6.0,4.0,"Kurla, Mumbai",32.3,24.2,27.6,81,20.7,9.7,297,1009.9,0.0
2022-03-29,105.0,173.0,24.0,22.0,7.0,3.0,"Kurla, Mumbai",33.5,23.2,28.4,68,20.4,11.5,318,1008.6,0.0
2022-03-30,104.0,108.0,22.0,22.0,10.0,5.0,"Kurla, Mumbai",33.8,22.8,28.2,69,19.4,10.5,321,1008.4,0.0
2022-03-31,110.0,229.0,22.0,19.0,16.0,4.0,"Kurla, Mumbai",31.9,22.0,26.6,74,17.4,8.8,318,1009.2,0.0
2022-04-03,117.0,113.0,19.0,20.0,19.0,2.0,"Kurla, Mumbai",31.5,23.0,27.2,80,23.4,9.7,302,1009.4,0.0
2022-04-07,76.75,85.0,19.0,16.0,20.0,2.0,"Kurla, Mumbai",32.5,25.2,28.4,80,18.9,8.4,265,1010.4,0.0
2022-04-08,74.0,75.0,18.0,12.0,20.0,1.0,"Kurla, Mumbai",33.4,24.4,28.4,80,21.3,9.9,240,1008.7,0.0
2022-04-09,78.0,80.0,20.0,11.0,21.0,1.5,"Kurla, Mumbai",32.0,26.0,28.6,81,17.4,10.1,216,1008.6,0.0
2022-04-10,87.0,93.0,22.0,15.0,21.0,2.0,"Kurla, Mumbai",32.6,26.0,28.8,74,19.6,9.9,255,1008.6,0.0
2022-04-11,83.0,109.0,26.0,18.0,21.0,4.0,"Kurla, Mumbai",32.5,25.5,28.6,75,23.4,9.2,286,1007.6,0.0
2022-04-12,118.0,123.0,26.0,18.0,21.0,4.0,"Kurla, Mumbai",33.6,24.0,28.7,73,22.7,11.4,321,1006.3,0.0
2022-04-13,95.0,83.0,22.0,14.0,21.0,2.0,"Kurla, Mumbai",34.8,24.2,29.3,69,23.1,12.4,326,1005.5,0.0
2022-04-14,76.0,90.0,22.0,14.0,21.0,2.0,"Kurla, Mumbai",32.0,25.2,28.5,78,18.0,9.9,278,1006.5,0.0
2022-04-15,72.0,112.0,20.0,12.0,15.0,2.0,"Kurla, Mumbai",32.0,25.4,28.3,75,18.9,8.8,264,1007.3,0.0
2022-04-16,147.0,88.0,14.0,5.0,5.0,3.0,"Kurla, Mumbai",31.5,23.4,27.5,79,19.6,9.9,267,1006.5,0.0
2022-04-17,78.0,87.0,144.0,5.0,5.0,6.0,"Kurla, Mumbai",32.0,24.7,28.1,75,19.9,10.1,259,1007.4,0.0
2022-04-18,76.0,75.0,16.0,5.0,4.0,1.0,"Kurla, Mumbai",31.5,24.8,28.1,77,23.8,9.3,285,1009.6,0.0
2022-04-19,73.0,76.0,16.0,6.0,4.0,2.0,"Kurla, Mumbai",32.2,24.8,28.2,78,23.4,11.4,309,1010.9,0.0
2022-04-20,88.0,91.0,16.0,11.0,4.0,4.0,"Kurla, Mumbai",32.9,25.1,29.1,76,22.5,12.8,324,1008.6,0.0
2022-04-21,142.0,90.0,16.0,13.0,4.0,3.0,"Kurla, Mumbai",38.3,28.1,32.0,47,29.8,17.0,338,1006.2,0.0
2022-04-22,139.0,83.0,16.0,11.0,5.0,3.0,"Kurla, Mumbai",36.3,26.8,31.2,58,21.3,11.7,326,1006.9,0.0
2022-04-23,134.0,69.0,16.0,7.0,4.0,3.0,"Kurla, Mumbai",37.0,26.3,30.9,69,17.7,9.1,285,1007.8,0.0
2022-04-24,95.0,88.0,16.0,10.0,5.0,3.0,"Kurla, Mumbai",33.9,27.0,30.0,78,17.3,10.9,247,1008.3,0.0
2022-04-25,119.0,158.0,16.0,8.0,5.0,2.0,"Kurla, Mumbai",36.5,25.4,30.8,60,23.7,12.0,330,1006.6,0.0
2022-04-26,295.0,117.0,16.0,8.0,5.0,2.0,"Kurla, Mumbai",33.9,26.3,30.1,68,19.2,12.0,286,1007.4,0.0
2022-04-27,107.0,88.0,16.0,9.0,5.0,2.0,"Kurla, Mumbai",35.4,25.9,30.9,61,24.0,13.5,330,1006.1,0.0
2022-04-28,108.0,56.0,16.0,6.0,5.0,2.0,"Kurla, Mumbai",36.2,26.4,31.0,62,19.5,9.8,287,1006.7,0.0
2022-04-29,73.0,64.0,16.0,5.0,5.0,2.0,"Kurla, Mumbai",33.3,27.8,30.1,77,17.0,14.0,244,1008.6,0.0
2022-04-30,82.0,43.0,16.0,3.0,5.0,1.0,"Kurla, Mumbai",33.0,25.7,29.3,77,18.7,10.3,236,1007.2,0.0
2022-05-01,57.0,62.0,16.0,3.0,4.0,1.0,"Kurla, Mumbai",33.0,26.2,29.5,79,16.7,9.7,246,1006.2,0.0
2022-05-02,65.0,54.0,16.0,3.0,4.0,1.0,"Kurla, Mumbai",32.6,27.9,29.9,76,19.8,10.9,248,1006.4,0.0
2022-05-03,67.0,82.0,16.0,5.0,4.0,1.0,"Kurla, Mumbai",32.9,27.2,29.9,76,19.6,9.8,271,1007.2,0.0
2022-05-04,68.0,72.0,16.0,3.0,4.0,1.0,"Kurla, Mumbai",32.7,26.9,29.3,76,21.3,10.4,293,1008.2,0.0
2022-05-05,70.0,91.0,16.0,2.0,4.0,1.0,"Kurla, Mumbai",33.1,25.6,28.9,79,23.4,12.2,318,1008.1,0.0
2022-05-06,112.0,95.0,16.0,3.0,4.0,1.0,"Kurla, Mumbai",32.8,26.4,29.1,77,22.5,12.4,316,1007.5,0.1
2022-05-07,120.0,82.0,16.0,3.0,4.0,1.0,"Kurla, Mumbai",33.0,26.1,29.3,79,22.9,11.7,306,1006.9,0.0
2022-05-08,89.0,67.0,16.0,2.0,4.0,1.0,"Kurla, Mumbai",33.2,26.3,29.6,80,26.7,12.0,308,1005.0,0.0
2022-05-09,66.0,70.0,16.0,2.0,4.0,1.0,"Kurla, Mumbai",32.6,26.9,29.5,80,24.6,13.0,298,1004.2,0.0
2022-05-10,66.0,67.0,16.0,1.0,4.0,1.0,"Kurla, Mumbai",32.7,28.0,29.9,75,24.5,13.5,297,1003.9,0.0
2022-05-11,71.0,78.0,16.0,2.0,4.0,1.0,"Kurla, Mumbai",32.5,27.5,29.7,76,19.8,11.6,270,1003.8,0.0
2022-05-12,84.0,94.0,16.0,1.0,4.0,1.0,"Kurla, Mumbai",32.6,28.5,29.9,71,18.4,14.8,251,1004.8,0.0
2022-05-13,88.0,99.0,16.0,1.0,5.0,1.0,"Kurla, Mumbai",32.1,28.2,29.8,71,18.5,13.7,242,1004.5,0.0
2022-05-14,117.0,81.0,16.0,1.0,5.0,1.0,"Kurla, Mumbai",32.3,28.1,29.8,71,17.1,12.4,250,1005.0,0.0
2022-05-15,82.0,111.0,16.0,3.0,5.0,1.0,"Kurla, Mumbai",32.9,28.1,29.9,72,18.1,12.8,270,1006.0,0.0
2022-05-16,88.0,106.0,16.0,2.0,5.0,1.0,"Kurla, Mumbai",32.7,27.3,29.7,74,23.3,12.2,294,1005.4,0.0
2022-05-17,126.0,134.0,16.0,3.0,4.0,1.0,"Kurla, Mumbai",32.8,27.9,29.8,73,18.2,11.1,277,1004.5,0.0
2022-05-18,155.0,127.0,16.0,2.0,4.0,1.0,"Kurla, Mumbai",32.3,27.4,29.4,72,20.2,10.7,281,1004.8,0.0
2022-05-19,146.0,119.0,16.0,1.0,5.0,1.0,"Kurla, Mumbai",32.2,27.5,29.5,73,21.9,12.4,286,1005.2,0.0
2022-05-20,120.0,105.0,16.0,1.0,5.0,1.0,"Kurla, Mumbai",32.0,27.9,29.6,68,19.6,14.1,248,1006.3,0.1
2022-05-21,111.0,84.0,16.0,1.0,5.0,1.0,"Kurla, Mumbai",32.5,28.5,30.2,64,21.6,16.6,239,1006.1,0.1
2022-05-22,80.0,66.0,16.0,1.0,5.0,1.0,"Kurla, Mumbai",32.5,28.8,30.2,66,22.9,20.3,246,1004.3,1.0
2022-05-23,65.0,76.0,16.0,1.0,6.0,1.0,"Kurla, Mumbai",32.8,28.6,30.2,69,22.6,19.6,244,1003.6,2.7
2022-05-24,73.0,72.0,16.0,1.0,6.0,1.0,"Kurla, Mumbai",32.6,28.3,30.2,69,22.0,16.8,257,1006.1,0.4
2022-05-25,75.0,79.0,16.0,1.0,6.0,1.0,"Kurla, Mumbai",32.4,27.6,29.7,70,18.7,12.4,282,1008.4,0.6
2022-05-26,71.0,77.0,16.0,1.0,6.0,1.0,"Kurla, Mumbai",32.8,27.9,30.1,64,18.4,13.0,270,1008.1,0.0
2022-05-27,64.0,70.0,16.0,1.0,6.0,1.0,"Kurla, Mumbai",33.2,28.5,30.4,61,20.1,15.0,257,1007.8,0.0
2022-05-28,58.0,69.0,16.0,1.0,6.0,1.0,"Kurla, Mumbai",33.0,28.6,30.4,61,20.2,15.7,256,1006.9,0.0
2022-05-29,63.0,83.0,16.0,1.0,6.0,1.0,"Kurla, Mumbai",33.1,28.9,30.5,61,20.6,15.9,259,1006.9,0.1
2022-05-30,74.0,97.0,16.0,3.0,6.0,1.0,"Kurla, Mumbai",32.6,28.2,30.1,64,20.3,14.1,267,1006.6,0.1
2022-05-31,82.0,77.0,16.0,2.0,5.0,1.0,"Kurla, Mumbai",32.8,28.1,30.0,66,21.4,13.7,283,1006.0,0.0
2022-06-01,76.0,79.0,16.0,1.5,5.0,1.0,"Kurla, Mumbai",32.2,28.2,29.8,67,21.3,13.4,284,1006.1,0.0
2022-06-02,73.0,87.0,16.0,1.0,5.0,1.0,"Kurla, Mumbai",32.2,27.9,29.7,69,21.1,13.2,281,1006.3,0.0
2022-06-03,85.0,71.0,16.0,1.0,5.0,1.0,"Kurla, Mumbai",31.8,27.6,29.3,71,20.3,13.5,282,1006.1,0.0
2022-06-04,68.0,65.0,16.0,1.0,6.0,1.0,"Kurla, Mumbai",32.4,27.6,29.7,71,18.9,12.8,288,1005.6,0.0
2022-06-05,64.0,64.0,16.0,1.0,6.0,1.0,"Kurla, Mumbai",32.3,27.5,29.6,72,20.6,10.5,278,1005.5,0.0
2022-06-06,78.0,55.0,16.0,1.0,6.0,1.0,"Kurla, Mumbai",32.1,27.6,29.7,71,17.9,10.4,256,1005.9,0.0
2022-06-07,56.0,62.0,16.0,1.0,6.0,1.0,"Kurla, Mumbai",32.7,27.9,29.7,73,18.2,9.9,244,1006.2,1.0
2022-06-08,54.0,51.0,16.0,2.0,6.0,1.0,"Kurla, Mumbai",31.8,27.1,29.3,78,17.8,12.9,244,1005.9,2.5
2022-06-09,56.0,40.0,16.0,1.0,6.0,2.0,"Kurla, Mumbai",31.0,26.6,28.9,78,16.9,10.8,240,1004.8,7.3
2022-06-10,57.0,20.0,16.0,1.0,6.0,1.0,"Kurla, Mumbai",30.8,26.5,28.1,81,18.7,12.2,199,1004.8,13.8
2022-06-11,28.0,9.0,16.0,1.0,7.0,1.0,"Kurla, Mumbai",29.8,25.6,27.2,84,23.0,15.9,199,1005.4,25.2
2022-06-12,21.0,25.0,16.0,1.0,7.0,1.0,"Kurla, Mumbai",28.4,25.7,26.7,85,25.3,17.0,188,1005.3,15.9
2022-06-13,39.0,30.0,16.0,3.0,6.0,1.0,"Kurla, Mumbai",29.6,25.1,27.5,83,26.3,19.6,189,1006.5,8.0
2022-06-14,48.0,31.0,16.0,2.909090909,7.0,1.0,"Kurla, Mumbai",30.5,25.5,28.2,80,22.9,18.7,198,1006.7,2.5
2022-06-15,60.0,26.0,16.0,2.818181818,7.0,2.0,"Kurla, Mumbai",30.0,26.2,28.2,80,21.0,15.0,223,1006.1,6.1
2022-06-16,58.0,24.0,16.0,2.727272727,7.0,2.0,"Kurla, Mumbai",30.1,25.8,27.9,82,20.1,13.6,209,1005.7,5.1
2022-06-17,56.0,20.0,16.0,2.636363636,7.0,1.0,"Kurla, Mumbai",29.8,26.0,27.9,83,19.8,14.7,206,1005.1,3.0
2022-06-18,50.0,11.0,16.0,2.545454545,7.0,1.0,"Kurla, Mumbai",29.8,26.5,28.3,81,22.4,16.3,204,1005.2,6.6
2022-06-19,37.0,10.0,16.0,2.454545455,7.0,1.0,"Kurla, Mumbai",28.4,25.3,26.9,86,22.0,17.4,211,1005.8,36.7
2022-06-20,35.0,9.0,16.0,2.363636364,7.0,1.0,"Kurla, Mumbai",26.7,25.1,26.0,91,18.4,14.3,227,1004.8,54.8
2022-06-21,30.0,15.0,16.0,2.272727273,7.0,2.0,"Kurla, Mumbai",27.9,24.8,26.1,89,21.0,15.6,203,1002.7,23.0
2022-06-22,45.0,19.0,16.0,2.181818182,7.0,2.0,"Kurla, Mumbai",29.2,25.0,26.5,88,19.2,13.4,184,1003.9,26.9
2022-06-23,54.0,13.0,16.0,2.090909091,8.0,2.0,"Kurla, Mumbai",28.6,24.7,26.3,89,12.9,9.5,160,1005.0,46.8
2022-06-24,46.0,8.0,16.0,2.0,8.0,2.0,"Kurla, Mumbai",29.9,25.5,26.7,88,22.7,13.7,151,1003.2,17.5
2022-06-25,29.0,9.0,16.0,1.0,8.0,1.5,"Kurla, Mumbai",29.3,25.5,26.7,87,22.9,17.9,143,1000.3,15.6
2022-06-26,34.0,15.0,16.0,1.04,8.0,1.0,"Kurla, Mumbai",28.0,25.3,26.2,89,29.5,22.5,158,1000.6,15.7
2022-06-27,42.0,16.0,16.0,1.08,8.0,1.0,"Kurla, Mumbai",28.3,25.4,26.4,88,23.2,18.4,199,1003.1,31.7
2022-06-28,50.0,30.0,16.0,1.12,8.0,4.0,"Kurla, Mumbai",28.1,25.5,26.5,88,20.0,15.8,203,1004.6,10.0
2022-06-29,80.0,20.0,16.0,1.16,8.0,2.0,"Kurla, Mumbai",28.4,25.6,26.7,88,19.4,15.1,217,1003.5,16.0
2022-06-30,52.0,5.0,16.0,1.2,8.0,2.0,"Kurla, Mumbai",27.8,25.4,26.2,90,20.2,14.1,221,1003.4,41.6
2022-07-01,56.0,13.25,16.0,1.24,8.0,2.0,"Kurla, Mumbai",26.4,24.9,25.7,92,18.6,14.9,222,1004.0,43.4
2022-07-02,86.0,21.5,16.0,1.28,8.0,2.0,"Kurla, Mumbai",27.5,25.1,26.1,89,21.1,15.9,232,1002.7,23.9
2022-07-03,69.0,29.75,16.0,1.32,8.0,2.0,"Kurla, Mumbai",27.2,24.9,26.2,89,23.1,16.9,217,1002.4,20.5
2022-07-04,51.0,38.0,16.0,1.36,8.0,1.0,"Kurla, Mumbai",27.0,25.1,26.0,89,20.6,15.9,227,1002.3,28.2
2022-07-05,35.0,39.25,16.0,1.4,8.0,2.0,"Kurla, Mumbai",26.5,25.2,25.8,91,21.1,17.4,245,1001.0,55.5
2022-07-08,52.33333333,43.0,16.0,1.52,45.0,1.625,"Kurla, Mumbai",28.6,25.2,26.4,86,25.9,20.5,265,1004.7,25.0
2022-07-09,59.0,44.25,16.0,1.56,51.0,1.5,"Kurla, Mumbai",26.9,24.5,25.6,90,24.2,18.3,266,1003.4,37.8
2022-07-10,40.0,45.5,16.0,1.6,53.0,1.375,"Kurla, Mumbai",26.2,24.2,25.1,91,22.0,16.1,273,1004.4,52.5
2022-07-11,20.0,46.75,16.0,1.64,54.0,1.25,"Kurla, Mumbai",25.5,23.2,24.8,92,25.0,18.0,270,1005.9,79.9
2022-07-12,37.0,48.0,16.0,1.68,54.0,1.125,"Kurla, Mumbai",25.9,23.8,24.8,92,22.8,18.1,270,1005.4,65.0
2022-07-13,54.0,13.0,16.0,1.72,54.0,1.0,"Kurla, Mumbai",25.9,24.4,25.2,90,32.1,23.4,263,1002.1,68.3
2022-07-14,51.0,23.0,16.0,1.76,55.0,1.0,"Kurla, Mumbai",26.0,24.9,25.5,90,32.2,26.2,238,999.2,60.2
2022-07-15,62.0,23.0,16.0,1.8,55.0,1.0,"Kurla, Mumbai",28.0,25.6,26.4,86,34.6,29.9,231,999.6,25.3
2022-07-16,64.0,27.0,16.0,1.84,55.0,1.0,"Kurla, Mumbai",28.0,25.6,26.6,86,32.5,26.2,227,1000.9,24.8
2022-07-17,70.0,25.0,16.0,1.88,57.0,1.0,"Kurla, Mumbai",28.8,25.7,26.9,85,23.0,18.6,236,1004.0,10.3
2022-07-18,60.0,32.0,16.0,1.92,58.0,1.0,"Kurla, Mumbai",26.1,24.4,25.3,91,18.5,15.0,243,1005.1,30.3
2022-07-19,65.0,27.0,16.0,1.96,59.0,1.0,"Kurla, Mumbai",26.5,24.3,25.5,90,21.1,14.5,246,1005.8,34.3
2022-07-20,67.0,32.0,16.0,2.0,38.0,1.0,"Kurla, Mumbai",27.6,25.0,26.2,86,18.5,13.7,247,1006.6,13.4
2022-07-21,67.0,25.0,16.0,2.0,12.0,1.0,"Kurla, Mumbai",27.9,25.1,26.5,84,18.8,12.8,249,1006.9,6.0
2022-07-22,64.0,32.0,16.0,2.0,12.0,1.0,"Kurla, Mumbai",28.9,25.2,26.8,83,20.4,12.5,269,1007.4,4.8
2022-07-24,68.5,33.0,16.0,3.0,11.0,1.0,"Kurla, Mumbai",26.4,24.9,25.5,89,19.5,14.3,243,1005.0,25.8
2022-07-25,70.0,38.0,16.0,3.0,13.0,1.0,"Kurla, Mumbai",28.0,24.9,26.3,86,18.8,13.5,228,1006.3,10.2
2022-07-26,70.0,252.0,16.0,3.0,18.0,1.0,"Kurla, Mumbai",27.4,25.4,26.3,87,15.8,10.6,227,1008.1,4.1
2022-07-27,80.0,95.0,16.0,3.0,19.0,2.0,"Kurla, Mumbai",28.3,25.1,26.4,87,12.2,5.6,245,1008.1,6.5
2022-07-28,65.0,191.0,16.0,3.0,20.0,1.833333333,"Kurla, Mumbai",28.8,24.5,27.0,86,16.3,7.2,309,1008.8,2.5
2022-07-29,71.0,177.0,16.0,3.0,22.0,1.666666667,"Kurla, Mumbai",29.3,25.5,27.3,86,17.4,9.2,328,1008.3,1.1
2022-07-30,68.0,265.0,16.0,3.0,23.0,1.5,"Kurla, Mumbai",29.2,26.0,27.5,84,16.8,9.4,306,1007.3,0.2
2022-07-31,76.0,308.0,16.0,3.0,23.0,1.333333333,"Kurla, Mumbai",29.0,25.6,27.4,84,17.3,9.9,289,1005.9,2.0
2022-08-01,66.0,151.0,16.0,3.0,23.0,1.166666667,"Kurla, Mumbai",29.0,25.9,27.2,83,17.4,10.2,287,1006.0,2.1
2022-08-02,64.0,499.0,16.0,3.0,23.0,1.0,"Kurla, Mumbai",29.1,25.8,27.3,83,16.7,9.0,291,1005.0,2.8
2022-08-03,95.0,351.0,16.0,3.0,24.0,1.0,"Kurla, Mumbai",28.9,25.5,27.2,85,15.2,7.6,284,1004.1,10.3
2022-08-04,73.0,596.0,16.0,3.0,25.0,1.0,"Kurla, Mumbai",28.5,25.4,27.0,87,13.3,5.2,272,1003.0,13.6
2022-08-05,104.0,595.0,16.0,2.0,24.0,1.0,"Kurla, Mumbai",27.1,25.6,26.1,90,15.1,7.7,216,1001.6,27.2
2022-08-06,78.0,700.0,16.0,3.0,24.0,1.0,"Kurla, Mumbai",27.5,25.2,26.1,89,17.1,9.9,229,1000.5,33.7
2022-08-07,99.0,727.0,16.0,3.0,25.0,1.0,"Kurla, Mumbai",27.6,25.6,26.3,90,16.1,10.1,222,999.8,56.5
2022-08-08,71.0,320.0,16.0,3.0,25.0,1.0,"Kurla, Mumbai",27.2,25.6,26.2,89,35.1,11.9,244,998.4,32.6
2022-08-09,125.0,375.0,16.0,4.0,25.0,1.0,"Kurla, Mumbai",26.7,25.3,26.0,89,35.5,29.0,238,997.8,71.3
2022-08-10,179.0,388.0,16.0,3.0,26.0,1.0,"Kurla, Mumbai",27.3,25.5,26.1,88,36.6,30.8,231,997.3,37.6
2022-08-11,166.0,92.0,17.0,3.0,18.0,1.0,"Kurla, Mumbai",28.0,25.6,26.5,85,37.7,32.1,227,998.8,23.1
2022-08-12,59.0,49.0,14.0,3.0,6.0,1.0,"Kurla, Mumbai",28.0,25.1,26.5,84,39.5,33.6,225,1002.2,16.1
2022-08-13,69.0,37.0,14.0,3.0,6.0,1.0,"Kurla, Mumbai",28.5,25.1,26.6,83,29.8,25.8,230,1004.2,13.1
2022-08-14,62.0,16.0,14.0,3.0,6.0,1.0,"Kurla, Mumbai",28.1,24.8,26.8,81,29.6,25.4,237,1005.8,11.0
2022-08-15,42.0,26.0,14.0,3.0,6.0,1.0,"Kurla, Mumbai",26.8,24.8,25.7,88,24.8,21.1,243,1006.1,29.0
2022-08-16,44.0,40.0,14.0,2.0,6.0,1.0,"Kurla, Mumbai",26.1,24.9,25.5,89,31.9,25.2,231,1005.3,64.1
2022-08-17,50.0,52.0,14.0,3.0,6.0,1.0,"Kurla, Mumbai",27.4,24.9,26.0,86,29.8,24.4,222,1006.5,19.3
2022-08-18,68.0,49.0,14.0,2.0,6.0,1.0,"Kurla, Mumbai",27.7,24.9,26.4,84,27.3,21.7,232,1007.0,10.5
2022-08-19,66.0,38.0,14.0,2.0,6.0,1.0,"Kurla, Mumbai",27.9,25.2,26.1,85,24.7,18.1,234,1007.4,11.9
2022-08-20,61.0,30.0,14.0,2.0,6.0,1.0,"Kurla, Mumbai",27.9,25.2,26.3,86,21.7,16.3,253,1007.3,6.2
2022-08-21,62.0,22.0,14.0,2.0,6.0,1.0,"Kurla, Mumbai",27.7,25.2,26.3,85,21.3,17.1,262,1006.1,5.8
2022-08-22,65.0,21.0,14.0,3.0,5.0,1.0,"Kurla, Mumbai",27.1,25.1,26.2,86,23.4,19.9,264,1004.9,9.1
2022-08-23,58.0,27.0,14.0,2.0,5.0,1.0,"Kurla, Mumbai",28.0,25.0,26.2,86,24.8,19.9,248,1005.0,7.9
2022-08-24,60.0,35.0,14.0,2.0,5.0,1.0,"Kurla, Mumbai",27.9,24.8,26.1,86,22.9,17.7,244,1007.6,7.8
2022-08-25,62.0,44.0,14.0,2.0,5.0,1.0,"Kurla, Mumbai",27.5,24.9,25.9,87,17.1,11.5,232,1007.5,6.1
2022-08-26,70.0,65.0,14.0,2.0,5.0,1.0,"Kurla, Mumbai",27.9,24.3,26.1,85,15.2,8.7,241,1007.5,2.2
2022-08-27,86.0,61.0,14.0,2.0,5.0,1.0,"Kurla, Mumbai",28.0,24.7,26.3,83,16.6,8.9,275,1007.8,1.8
2022-08-28,89.0,45.0,14.0,2.0,5.0,1.0,"Kurla, Mumbai",28.0,24.5,26.2,85,17.6,8.3,296,1007.5,2.0
2022-08-29,80.0,41.0,14.0,3.0,5.0,1.0,"Kurla, Mumbai",28.6,24.4,26.3,85,16.7,7.8,315,1008.6,1.2
2022-08-30,90.0,40.0,14.0,3.0,5.0,1.0,"Kurla, Mumbai",29.4,25.2,27.1,86,18.3,10.2,332,1008.5,0.6
2022-08-31,95.0,29.0,14.0,3.0,6.0,1.0,"Kurla, Mumbai",29.5,25.1,27.4,88,18.0,8.7,328,1007.0,18.7
2022-09-01,75.0,50.0,14.0,3.0,6.0,2.0,"Kurla, Mumbai",28.9,25.0,26.7,88,16.0,6.2,350,1006.9,1.7
2022-09-02,118.0,39.0,14.0,3.0,6.0,3.0,"Kurla, Mumbai",30.4,25.1,27.4,87,13.6,6.4,350,1007.1,10.0
2022-09-03,105.0,27.0,14.0,3.0,6.0,1.0,"Kurla, Mumbai",29.9,25.6,27.6,87,15.4,9.0,216,1007.5,0.9
2022-09-04,69.0,26.0,14.0,2.0,6.0,1.0,"Kurla, Mumbai",28.5,26.0,27.0,88,14.8,8.4,265,1007.7,9.9
2022-09-05,64.0,28.0,14.0,3.0,6.0,1.0,"Kurla, Mumbai",29.0,26.0,27.3,83,15.8,9.2,299,1007.7,1.8
2022-09-06,65.0,26.0,14.0,3.0,6.0,1.0,"Kurla, Mumbai",29.0,25.5,27.0,84,13.3,6.4,320,1007.1,4.9
2022-09-07,72.0,32.0,14.0,4.0,6.0,1.0,"Kurla, Mumbai",30.1,25.3,27.1,88,15.6,7.6,351,1006.8,20.1
2022-09-08,82.0,19.0,14.0,3.0,6.0,2.0,"Kurla, Mumbai",28.5,24.9,26.5,90,12.0,7.5,354,1005.5,39.7
2022-09-09,75.0,35.0,14.0,3.0,6.0,2.0,"Kurla, Mumbai",29.6,25.0,27.0,88,13.7,6.8,180,1004.4,27.0
2022-09-10,70.0,40.0,14.0,3.0,6.0,2.0,"Kurla, Mumbai",29.5,25.5,26.8,89,11.7,6.6,178,1004.5,13.2
2022-09-11,101.0,22.0,14.0,3.0,6.0,1.0,"Kurla, Mumbai",29.2,24.9,26.5,88,13.0,6.0,337,1002.2,25.5
2022-09-12,57.0,20.0,14.0,3.0,6.0,1.0,"Kurla, Mumbai",28.5,25.0,26.2,89,17.7,7.3,219,1001.0,21.8
2022-09-13,58.0,15.0,14.0,3.0,6.0,1.0,"Kurla, Mumbai",26.6,25.0,26.0,90,24.1,16.1,245,1002.9,51.7
2022-09-14,46.0,17.0,14.0,3.0,6.0,1.333333333,"Kurla, Mumbai",27.5,25.3,26.0,89,27.3,21.9,229,1006.0,81.9
2022-09-15,52.0,17.0,15.0,2.0,6.0,1.666666667,"Kurla, Mumbai",27.8,25.3,26.2,88,30.5,24.9,235,1007.3,68.7
2022-09-16,46.0,20.0,14.75,2.0,6.0,2.0,"Kurla, Mumbai",26.1,24.6,25.5,91,25.9,19.2,248,1006.4,96.6
2022-09-17,52.0,19.0,14.5,3.0,6.0,2.333333333,"Kurla, Mumbai",27.4,24.2,25.3,90,20.2,12.6,222,1006.8,36.6
2022-09-18,55.0,23.0,14.25,3.0,6.0,2.666666667,"Kurla, Mumbai",26.5,24.0,25.0,90,16.0,9.7,251,1008.6,61.8
2022-09-19,70.0,32.0,14.0,2.0,6.0,3.0,"Kurla, Mumbai",27.8,24.1,25.9,83,19.2,8.4,266,1009.1,2.9
2022-09-20,74.0,24.0,14.0,2.0,6.0,2.666666667,"Kurla, Mumbai",26.2,24.3,25.1,88,13.2,5.9,288,1008.9,15.0
2022-09-21,69.0,24.0,14.0,2.0,6.0,2.333333333,"Kurla, Mumbai",27.0,24.2,25.2,88,15.2,6.6,272,1008.9,12.3
2022-09-22,77.0,36.0,14.0,2.0,6.0,2.0,"Kurla, Mumbai",25.7,24.2,24.9,90,14.4,7.2,240,1009.2,18.0
2022-09-23,84.0,24.0,14.0,3.0,6.0,1.0,"Kurla, Mumbai",28.0,24.0,25.9,83,18.7,11.0,212,1009.1,4.0
2022-09-24,52.0,19.0,14.0,2.0,6.0,1.0,"Kurla, Mumbai",27.2,24.2,25.4,87,17.2,10.9,207,1008.5,5.2
2022-09-25,50.0,23.0,15.0,2.0,6.0,2.0,"Kurla, Mumbai",27.4,24.2,25.7,86,12.1,7.2,232,1008.4,4.7
2022-09-26,62.0,32.0,14.0,2.0,6.0,3.0,"Kurla, Mumbai",27.8,23.5,25.7,85,14.7,6.8,272,1010.1,3.0
2022-09-27,75.0,35.0,14.0,2.0,6.0,4.0,"Kurla, Mumbai",28.0,23.8,25.9,86,13.1,6.5,298,1008.8,0.9
2022-09-28,90.0,64.0,14.0,4.0,6.0,2.0,"Kurla, Mumbai",28.0,24.3,26.0,87,15.7,7.0,291,1007.8,2.3
2022-09-29,105.0,35.0,16.0,7.0,6.0,2.0,"Kurla, Mumbai",28.0,24.0,25.9,89,15.3,6.5,338,1007.7,2.0
2022-09-30,100.0,41.0,16.0,8.0,6.0,2.0,"Kurla, Mumbai",29.0,24.4,26.5,89,15.5,7.7,335,1008.2,2.2
2022-10-01,98.0,27.0,15.0,5.0,6.0,1.0,"Kurla, Mumbai",27.9,23.2,25.9,89,16.1,7.9,312,1008.9,10.3
2022-10-02,65.0,20.0,17.0,6.0,6.0,1.0,"Kurla, Mumbai",28.5,24.0,26.2,87,16.3,7.2,325,1009.1,0.7
2022-10-03,61.0,30.0,20.0,6.0,6.0,1.0,"Kurla, Mumbai",28.6,24.2,26.3,87,18.9,9.3,336,1009.5,0.6
2022-10-04,83.0,24.0,19.0,6.0,6.0,1.333333333,"Kurla, Mumbai",29.4,24.4,26.9,86,19.7,10.5,337,1009.3,0.0
2022-10-05,73.0,35.0,16.0,7.0,6.0,1.666666667,"Kurla, Mumbai",30.0,24.9,27.2,88,20.2,8.7,345,1008.1,2.4
2022-10-06,76.0,30.0,16.0,8.0,4.0,2.0,"Kurla, Mumbai",29.5,25.3,27.4,86,22.1,10.9,314,1006.4,3.5
2022-10-07,74.0,14.0,20.0,9.0,4.117647059,1.5,"Kurla, Mumbai",27.0,24.4,25.8,87,18.1,9.2,306,1005.3,27.7
2022-10-08,46.0,30.0,17.0,8.0,4.235294118,1.0,"Kurla, Mumbai",27.3,24.8,25.8,87,17.6,12.4,235,1007.5,31.9
2022-10-09,65.0,30.0,20.0,9.0,4.352941176,2.0,"Kurla, Mumbai",28.9,25.1,26.7,85,13.0,8.4,217,1009.1,1.1
2022-10-10,78.0,30.0,19.0,10.0,4.470588235,1.0,"Kurla, Mumbai",29.8,24.2,26.8,86,12.9,6.4,344,1010.0,0.2
2022-10-11,82.0,38.0,23.0,11.0,4.588235294,3.0,"Kurla, Mumbai",29.9,24.4,26.7,88,12.4,5.6,7,1008.9,11.1
2022-10-12,89.0,44.0,20.0,12.0,4.705882353,5.0,"Kurla, Mumbai",28.2,24.0,25.8,89,11.0,5.6,38,1009.6,13.8
2022-10-13,117.0,45.0,29.0,11.0,4.823529412,3.0,"Kurla, Mumbai",29.6,23.9,26.4,90,9.8,4.6,43,1009.6,2.1
2022-10-14,102.0,42.0,29.0,10.0,4.941176471,5.0,"Kurla, Mumbai",30.5,24.5,26.5,87,10.8,5.9,76,1009.5,14.5
2022-10-15,108.0,44.0,35.0,9.0,5.058823529,3.0,"Kurla, Mumbai",31.9,24.0,27.4,76,13.4,7.7,18,1008.4,0.9
2022-10-23,152.625,60.0,16.0,13.0,6.0,4.0,"Kurla, Mumbai",31.4,22.7,26.3,67,13.8,8.4,25,1013.1,0.0
2022-10-24,158.0,73.0,33.0,24.0,6.0,4.0,"Kurla, Mumbai",30.6,20.4,25.4,71,12.5,7.5,355,1011.3,0.0
2022-10-25,172.0,61.0,40.0,23.0,6.0,5.0,"Kurla, Mumbai",30.0,21.3,25.4,77,13.1,7.5,353,1011.4,0.0
2022-10-26,149.0,64.0,40.0,31.0,6.0,5.0,"Kurla, Mumbai",30.5,20.9,25.2,74,14.8,8.7,5,1012.7,0.0
2022-10-27,146.0,55.0,44.0,25.0,6.0,3.0,"Kurla, Mumbai",30.6,21.0,25.2,72,13.6,8.0,13,1012.6,0.0
2022-10-28,141.0,57.0,44.0,26.0,6.0,4.0,"Kurla, Mumbai",31.1,20.6,25.6,68,11.4,7.8,46,1012.0,0.0
2022-10-29,145.0,53.0,43.0,24.0,6.0,3.0,"Kurla, Mumbai",31.8,20.5,25.5,61,11.8,8.4,56,1011.8,0.0
2022-10-30,137.0,53.0,47.0,29.0,6.0,4.0,"Kurla, Mumbai",31.8,20.2,25.6,59,14.6,10.0,29,1012.1,0.0
2022-10-31,138.0,59.5,50.0,31.0,6.0,5.0,"Kurla, Mumbai",31.8,20.5,25.3,61,16.6,9.2,33,1011.7,0.0
2022-11-01,152.0,66.0,52.0,28.0,6.0,5.0,"Kurla, Mumbai",31.5,21.0,25.4,58,16.4,9.4,41,1012.4,0.0
2022-11-02,160.0,64.0,42.0,33.0,6.0,5.0,"Kurla, Mumbai",31.5,21.1,25.5,64,15.5,10.5,21,1011.7,0.0
2022-11-03,153.0,65.0,45.0,33.0,6.0,6.0,"Kurla, Mumbai",33.2,20.6,26.0,57,14.6,11.3,37,1011.3,0.0
2022-11-04,151.0,63.0,48.0,26.0,6.0,5.0,"Kurla, Mumbai",33.4,21.0,26.2,56,15.7,10.1,37,1012.0,0.0
2022-11-06,172.5,144.0,49.0,25.0,6.0,3.0,"Kurla, Mumbai",33.0,21.0,25.9,59,14.2,9.1,12,1013.5,0.0
2022-11-07,202.0,146.0,23.0,15.0,6.0,6.0,"Kurla, Mumbai",31.8,19.8,25.3,65,13.2,7.8,10,1013.3,0.0
2022-11-08,80.0,159.0,26.0,14.0,6.0,7.0,"Kurla, Mumbai",32.2,21.0,26.0,63,15.3,9.1,2,1013.0,0.0
2022-11-09,99.0,142.0,30.0,12.0,6.0,6.0,"Kurla, Mumbai",31.7,21.1,26.1,61,17.7,8.9,351,1012.8,0.0
2022-11-10,85.0,126.0,36.0,12.0,6.0,4.0,"Kurla, Mumbai",32.4,21.4,25.9,61,20.3,9.4,15,1013.1,0.0
2022-11-11,77.0,125.0,41.0,12.0,6.0,3.0,"Kurla, Mumbai",33.0,21.0,26.4,55,18.6,11.0,33,1013.3,0.0
2022-11-12,78.0,126.0,42.0,11.0,6.0,3.0,"Kurla, Mumbai",33.0,22.0,26.6,57,18.6,12.2,27,1013.0,0.0
2022-11-13,81.0,175.0,38.0,15.0,6.0,6.0,"Kurla, Mumbai",32.8,22.0,26.6,57,16.4,11.4,24,1012.0,0.0
2022-11-14,112.0,174.0,32.0,16.0,6.0,9.0,"Kurla, Mumbai",32.5,21.5,26.2,66,14.7,8.6,7,1012.2,0.0
2022-11-15,122.0,165.0,29.0,14.0,6.0,8.0,"Kurla, Mumbai",31.5,21.6,26.2,69,13.3,8.0,348,1012.7,0.0
2022-11-16,110.0,125.0,36.0,12.0,6.0,4.0,"Kurla, Mumbai",32.2,21.5,26.2,63,16.4,9.5,351,1012.0,0.0
2022-11-17,75.0,107.0,40.0,12.0,6.0,2.0,"Kurla, Mumbai",32.3,21.5,26.0,57,18.4,10.9,14,1011.9,0.0
2022-11-18,51.0,115.0,45.0,12.0,6.0,4.0,"Kurla, Mumbai",31.7,21.6,25.7,48,17.6,11.9,22,1012.3,0.0
2022-11-19,60.0,117.0,46.0,11.0,6.0,3.0,"Kurla, Mumbai",31.4,20.8,25.3,47,15.9,11.9,31,1012.2,0.0
2022-11-20,56.0,123.0,47.0,12.0,6.0,3.0,"Kurla, Mumbai",30.2,19.5,24.3,49,20.4,11.5,30,1011.4,0.0
2022-11-21,65.0,147.0,39.0,16.0,6.0,6.0,"Kurla, Mumbai",29.8,18.3,23.6,51,16.5,10.8,11,1011.2,0.0
2022-11-22,83.0,151.0,44.0,15.0,6.0,7.0,"Kurla, Mumbai",30.8,18.8,24.1,56,17.1,10.3,2,1011.1,0.0
2022-11-23,86.0,189.0,36.0,19.0,6.0,9.0,"Kurla, Mumbai",31.4,21.4,25.5,54,19.1,11.2,3,1011.1,0.0
2022-11-24,106.0,177.0,31.0,24.0,6.0,9.0,"Kurla, Mumbai",31.3,20.6,25.4,59,16.1,9.7,356,1010.8,0.0
2022-11-25,117.0,185.0,31.0,27.0,6.0,10.0,"Kurla, Mumbai",31.9,21.0,26.0,63,13.1,7.9,355,1011.3,0.0
2022-11-26,139.0,190.0,27.0,26.0,6.0,10.0,"Kurla, Mumbai",32.1,22.4,26.5,67,13.8,8.2,356,1010.4,0.0
2022-11-27,136.0,150.0,22.0,21.0,6.0,8.0,"Kurla, Mumbai",30.6,22.0,26.2,69,14.8,8.1,330,1008.7,0.0
2022-11-28,110.0,177.0,26.0,27.0,6.0,7.0,"Kurla, Mumbai",30.2,20.4,24.9,68,16.1,9.5,337,1009.7,0.0
2022-11-29,113.0,160.0,39.0,25.0,6.0,8.0,"Kurla, Mumbai",29.8,19.5,24.2,71,13.6,8.9,338,1010.6,0.0
2022-11-30,125.0,168.3333333,33.0,24.0,6.0,9.0,"Kurla, Mumbai",32.1,20.6,25.9,66,15.0,8.0,357,1011.2,0.0
2022-12-01,169.0,176.6666667,39.0,13.0,6.0,9.0,"Kurla, Mumbai",32.5,21.0,25.8,61,14.6,9.0,26,1011.1,0.0
2022-12-02,138.0,185.0,36.0,40.0,6.0,7.0,"Kurla, Mumbai",32.0,19.5,25.1,61,14.0,8.5,6,1010.5,0.0
2022-12-03,169.0,182.0,29.0,35.0,6.0,8.0,"Kurla, Mumbai",31.0,20.0,25.2,62,17.9,9.9,353,1010.7,0.0
2022-12-04,149.0,187.0,31.0,31.0,6.0,10.0,"Kurla, Mumbai",32.3,22.0,26.5,65,13.0,8.3,351,1011.2,0.0
2022-12-05,154.0,193.0,34.0,40.0,6.0,10.0,"Kurla, Mumbai",31.7,22.9,26.8,69,14.6,8.5,346,1012.2,0.0
2022-12-06,155.0,220.0,30.0,39.0,6.0,10.0,"Kurla, Mumbai",32.2,23.5,26.9,69,18.3,9.6,342,1011.8,0.0
2022-12-07,160.0,179.0,35.0,31.0,6.0,7.0,"Kurla, Mumbai",32.0,22.5,26.5,68,18.7,10.0,341,1011.3,0.0
2022-12-08,127.0,123.0,33.0,29.0,6.0,3.0,"Kurla, Mumbai",31.2,21.0,25.8,64,18.4,10.7,355,1011.1,0.0
2022-12-09,102.0,132.0,36.0,34.0,6.0,6.0,"Kurla, Mumbai",30.3,20.1,24.5,51,19.8,11.1,11,1009.6,0.0
2022-12-10,95.0,192.0,38.0,38.0,6.0,8.0,"Kurla, Mumbai",31.4,18.0,23.8,57,17.6,9.6,6,1009.2,0.0
2022-12-11,105.0,135.0,35.0,36.0,6.0,8.0,"Kurla, Mumbai",30.9,18.6,24.7,57,17.6,9.0,359,1009.8,0.0
2022-12-12,121.0,109.0,25.0,25.0,6.0,5.0,"Kurla, Mumbai",31.9,21.8,26.5,63,16.8,8.6,359,1009.4,0.0
2022-12-13,92.0,145.0,23.0,27.0,6.0,4.0,"Kurla, Mumbai",32.4,24.2,27.7,67,14.6,9.4,39,1009.8,0.0
2022-12-14,83.0,128.0,26.0,34.0,6.0,4.0,"Kurla, Mumbai",32.1,25.5,28.0,66,15.5,8.5,50,1010.9,0.2
2022-12-15,99.0,133.0,36.0,39.0,6.0,5.0,"Kurla, Mumbai",31.6,24.4,27.2,71,13.6,8.5,15,1010.9,0.0
2022-12-16,90.0,141.0,33.0,32.0,6.0,4.0,"Kurla, Mumbai",33.3,23.6,27.5,69,15.9,9.0,351,1010.5,0.0
2022-12-17,88.0,139.0,35.0,26.0,6.0,4.0,"Kurla, Mumbai",33.5,23.8,27.6,68,16.9,9.7,356,1011.2,0.0
2022-12-18,98.0,125.0,38.0,29.0,6.0,3.0,"Kurla, Mumbai",33.3,24.8,28.0,63,20.5,11.3,360,1010.9,0.0
2022-12-19,117.5,153.0,38.0,40.0,6.0,5.0,"Kurla, Mumbai",31.3,23.6,26.9,59,17.1,10.9,360,1010.0,0.0
2022-12-20,137.0,262.0,38.0,47.0,6.0,8.0,"Kurla, Mumbai",30.4,21.4,25.9,57,16.9,10.1,344,1009.6,0.0
2022-12-21,167.0,201.0,40.0,52.0,6.0,9.0,"Kurla, Mumbai",31.0,20.2,25.3,62,15.4,8.5,352,1010.2,0.0
2022-12-22,145.0,262.0,39.0,55.0,6.0,8.0,"Kurla, Mumbai",31.0,20.1,24.9,67,15.9,9.3,342,1010.1,0.0
2022-12-23,140.0,143.0,39.0,35.0,6.0,4.0,"Kurla, Mumbai",29.5,21.0,24.4,62,20.4,12.0,339,1011.0,0.0
2022-12-24,84.0,173.0,42.0,47.0,6.0,6.0,"Kurla, Mumbai",28.8,19.1,22.7,52,19.2,12.7,347,1012.0,0.0
2022-12-25,101.0,194.0,45.0,49.0,6.0,8.0,"Kurla, Mumbai",27.5,16.4,21.6,66,14.0,7.4,337,1012.1,0.0
2022-12-26,111.0,218.0,41.0,54.0,6.0,10.0,"Kurla, Mumbai",28.0,16.1,21.7,73,15.9,9.2,347,1013.2,0.0
2022-12-27,124.0,210.0,34.0,54.0,6.0,10.0,"Kurla, Mumbai",29.6,17.5,23.2,69,17.8,10.6,345,1014.0,0.0
2022-12-28,119.0,212.0,33.0,51.0,6.0,11.0,"Kurla, Mumbai",30.2,18.1,23.7,69,17.3,10.6,343,1014.8,0.0
2022-12-29,118.0,209.0,46.0,52.0,6.0,10.0,"Kurla, Mumbai",30.6,18.4,23.9,68,16.9,9.9,340,1016.0,0.0
2022-12-30,118.0,201.0,40.0,42.0,6.0,8.0,"Kurla, Mumbai",30.5,18.3,24.1,66,17.6,10.2,340,1017.0,0.0
2022-12-31,102.0,137.0,48.0,31.0,6.0,4.0,"Kurla, Mumbai",29.4,19.5,23.6,65,20.3,12.4,342,1016.5,0.0
2023-01-01,81.0,157.0,44.0,41.0,6.0,7.0,"Kurla, Mumbai",27.3,16.4,21.8,67,18.4,11.3,341,1016.2,0.0
2023-01-02,94.0,191.0,38.0,42.0,6.0,7.0,"Kurla, Mumbai",29.1,16.5,22.5,70,16.9,10.6,349,1015.3,0.0
2023-01-03,144.0,221.0,36.0,40.0,6.0,9.0,"Kurla, Mumbai",29.1,17.0,22.7,69,19.0,11.3,344,1015.1,0.0
2023-01-04,95.0,182.0,30.0,43.0,6.0,7.0,"Kurla, Mumbai",28.6,17.1,22.5,71,16.8,9.3,341,1013.9,0.0
2023-01-05,99.0,157.0,32.0,35.0,6.0,7.0,"Kurla, Mumbai",29.8,19.4,23.9,71,14.8,8.4,342,1014.5,0.0
2023-01-06,95.0,141.0,32.0,34.0,6.0,6.0,"Kurla, Mumbai",31.6,20.4,25.4,65,15.3,10.5,359,1016.0,0.0
2023-01-07,114.0,108.0,41.0,26.0,6.0,5.0,"Kurla, Mumbai",32.0,22.4,26.1,63,16.7,11.4,19,1015.9,0.0
2023-01-08,81.0,107.0,38.0,30.0,6.0,4.0,"Kurla, Mumbai",31.4,21.3,25.4,60,19.0,11.4,355,1015.0,0.0
2023-01-09,64.0,111.0,42.0,40.0,6.0,6.0,"Kurla, Mumbai",30.7,18.9,24.1,52,18.7,10.6,354,1016.0,0.0
2023-01-10,69.0,154.0,42.0,56.0,6.0,10.0,"Kurla, Mumbai",31.1,17.1,23.3,51,17.9,10.1,359,1015.4,0.0
2023-01-11,91.0,155.0,38.0,40.0,6.0,6.0,"Kurla, Mumbai",29.4,16.1,22.6,60,15.6,8.8,343,1013.7,0.0
2023-01-12,83.0,172.4,25.0,18.0,6.0,4.0,"Kurla, Mumbai",28.1,16.7,22.0,72,19.2,11.4,333,1013.0,0.0
2023-01-13,67.0,189.8,40.0,19.0,6.0,2.0,"Kurla, Mumbai",26.5,19.5,22.2,76,22.2,12.1,343,1014.1,0.0
2023-01-14,77.0,207.2,44.0,28.0,6.0,6.0,"Kurla, Mumbai",26.0,15.8,20.6,65,20.3,12.0,344,1013.9,0.0
2023-01-15,92.0,224.6,40.0,23.0,6.0,8.0,"Kurla, Mumbai",25.8,14.8,20.1,69,19.7,10.2,339,1012.3,0.0
2023-01-16,126.0,242.0,41.0,21.0,6.0,10.0,"Kurla, Mumbai",25.7,14.6,20.1,76,14.5,9.1,341,1012.5,0.0
2023-01-17,142.0,189.0,60.0,22.0,6.0,11.0,"Kurla, Mumbai",27.0,15.9,20.8,75,15.2,8.8,338,1012.9,0.0
2023-01-18,107.0,203.0,38.0,25.0,6.0,14.0,"Kurla, Mumbai",29.2,15.1,21.9,72,13.7,8.0,345,1013.7,0.0
2023-01-19,111.0,178.0,33.0,20.0,6.0,9.0,"Kurla, Mumbai",28.0,16.3,22.2,72,12.5,7.0,330,1013.6,0.0
2023-01-20,93.0,140.0,40.0,17.0,6.0,5.0,"Kurla, Mumbai",27.5,16.9,21.7,73,16.6,9.2,336,1013.6,0.0
2023-01-21,96.0,135.0,42.0,13.0,6.0,4.0,"Kurla, Mumbai",27.2,17.7,21.9,70,18.9,10.6,337,1013.9,0.0
2023-01-22,68.0,131.0,43.0,15.0,6.0,5.0,"Kurla, Mumbai",26.9,18.0,21.7,61,23.3,12.7,343,1013.3,0.0
2023-01-23,74.0,155.0,43.0,14.0,6.0,5.0,"Kurla, Mumbai",25.7,16.7,21.0,56,24.2,14.0,339,1012.7,0.0
2023-01-24,88.0,143.0,52.0,14.0,6.0,5.0,"Kurla, Mumbai",25.5,16.7,20.7,58,24.2,13.3,339,1013.0,0.0
2023-01-25,91.0,145.0,65.0,14.0,6.0,7.0,"Kurla, Mumbai",26.5,17.3,21.1,55,26.7,16.1,343,1012.9,0.0
2023-01-26,93.0,156.0,40.0,18.0,6.0,11.0,"Kurla, Mumbai",27.2,18.0,22.3,58,21.7,14.9,341,1012.4,0.0
2023-01-27,105.0,195.0,27.0,16.0,6.0,12.0,"Kurla, Mumbai",32.5,20.4,24.9,66,16.9,10.6,351,1011.3,0.0
2023-01-28,105.0,114.0,26.0,12.0,6.0,5.0,"Kurla, Mumbai",30.8,19.6,24.2,75,18.5,9.4,232,1010.5,0.0
2023-01-29,75.0,108.0,37.0,11.0,6.0,4.0,"Kurla, Mumbai",25.9,21.5,23.3,89,17.2,7.7,283,1010.3,1.0
2023-01-30,87.0,129.0,42.0,14.0,6.0,6.0,"Kurla, Mumbai",28.0,20.0,23.4,79,23.2,13.2,337,1012.9,0.0
2023-01-31,85.0,141.0,37.0,16.0,6.0,6.0,"Kurla, Mumbai",30.4,21.2,25.1,65,22.2,15.0,346,1012.6,0.0
2023-02-01,96.0,109.0,40.0,17.0,6.0,5.0,"Kurla, Mumbai",33.5,23.1,26.9,53,21.8,13.2,29,1011.9,0.0
2023-02-02,72.0,132.0,46.0,21.0,6.0,7.0,"Kurla, Mumbai",33.9,23.2,27.0,52,19.9,15.8,24,1012.1,0.0
2023-02-03,96.0,159.0,44.0,18.0,6.0,9.0,"Kurla, Mumbai",32.2,21.0,25.4,54,18.7,10.6,348,1012.8,0.0
2023-02-04,104.0,193.0,15.0,21.0,6.0,19.0,"Kurla, Mumbai",31.6,18.6,24.7,56,18.3,10.8,342,1011.7,0.0
2023-02-05,151.0,160.0,49.0,16.0,6.0,5.0,"Kurla, Mumbai",30.9,19.7,24.4,62,12.9,7.7,329,1010.9,0.0
2023-02-06,90.0,148.0,36.0,11.0,6.0,3.0,"Kurla, Mumbai",29.4,17.9,23.8,66,20.4,12.4,334,1011.6,0.0
2023-02-07,72.0,189.0,36.0,18.0,6.0,10.0,"Kurla, Mumbai",31.3,19.2,24.4,61,22.7,13.0,342,1011.3,0.0
2023-02-08,117.0,184.0,61.0,19.0,6.0,11.0,"Kurla, Mumbai",31.1,17.5,24.4,60,19.1,11.6,344,1011.3,0.0
2023-02-09,112.0,177.0,38.0,18.0,6.0,9.0,"Kurla, Mumbai",33.7,19.2,25.4,53,18.9,10.6,347,1011.5,0.0
2023-02-10,101.0,158.0,39.0,16.0,6.0,7.0,"Kurla, Mumbai",31.5,18.5,24.5,57,20.5,12.0,335,1013.1,0.0
2023-02-11,77.0,150.0,46.0,15.0,6.0,7.0,"Kurla, Mumbai",31.7,17.8,24.3,51,22.4,13.5,341,1013.9,0.0
2023-02-12,77.0,111.0,48.0,15.0,6.0,3.0,"Kurla, Mumbai",32.7,17.6,25.4,46,21.3,13.3,354,1013.7,0.0
2023-02-13,45.0,156.0,57.0,18.0,6.0,7.0,"Kurla, Mumbai",33.8,21.9,26.8,39,24.0,14.0,4,1013.5,0.0
2023-02-14,71.0,197.0,46.0,23.0,6.0,12.0,"Kurla, Mumbai",33.0,19.8,25.4,42,20.1,11.2,357,1013.4,0.0
2023-02-15,94.0,159.0,44.0,25.0,6.0,9.0,"Kurla, Mumbai",33.1,17.8,25.2,45,21.5,11.3,349,1011.7,0.0
2023-02-16,79.0,184.0,49.0,27.0,6.0,10.0,"Kurla, Mumbai",34.9,20.6,26.9,37,25.3,13.1,4,1012.0,0.0
2023-02-17,98.0,160.0,49.0,26.0,6.0,7.0,"Kurla, Mumbai",34.2,21.6,27.3,37,23.4,14.4,355,1012.4,0.0
2023-02-18,86.0,177.0,66.0,30.0,6.0,11.0,"Kurla, Mumbai",34.9,19.1,26.9,36,22.2,12.7,4,1012.0,0.0
2023-02-19,91.0,187.0,31.0,24.0,6.0,11.0,"Kurla, Mumbai",35.6,18.5,26.1,43,19.0,10.2,358,1011.8,0.0
2023-02-20,94.0,223.0,30.0,25.0,6.0,11.0,"Kurla, Mumbai",30.9,19.1,25.5,63,16.2,8.1,289,1012.4,0.0
2023-02-21,100.0,140.0,22.0,13.0,6.0,4.0,"Kurla, Mumbai",32.0,19.0,25.4,64,20.9,11.7,330,1013.0,0.0
2023-02-22,80.0,201.0,41.0,18.0,6.0,9.0,"Kurla, Mumbai",30.0,19.4,24.6,68,22.2,12.8,334,1012.7,0.0
2023-02-23,104.0,267.0,48.0,18.0,6.0,12.0,"Kurla, Mumbai",32.8,19.9,25.6,51,22.6,13.3,338,1011.6,0.0
2023-02-24,108.0,240.0,53.0,18.0,6.0,9.0,"Kurla, Mumbai",34.2,21.1,27.0,44,23.0,12.8,338,1012.5,0.0
2023-02-25,97.0,248.0,51.0,18.0,6.0,9.0,"Kurla, Mumbai",33.8,21.6,27.3,40,22.5,14.1,339,1014.3,0.0
2023-02-26,105.0,160.0,41.0,18.0,6.0,8.0,"Kurla, Mumbai",34.8,20.4,26.7,41,22.6,13.1,343,1014.7,0.0
2023-02-27,89.0,218.0,42.0,20.0,6.0,10.0,"Kurla, Mumbai",34.8,22.0,27.1,42,21.9,13.2,342,1014.4,0.0
2023-02-28,103.0,160.0,38.0,18.0,6.0,10.0,"Kurla, Mumbai",33.2,19.5,25.8,50,18.9,11.1,334,1014.7,0.0
2023-03-01,89.0,175.0,56.0,20.0,6.0,12.0,"Kurla, Mumbai",32.7,20.4,26.1,53,18.5,11.5,335,1015.1,0.0
2023-03-02,100.0,213.0,50.0,24.0,6.0,16.0,"Kurla, Mumbai",35.1,21.4,27.4,47,19.6,10.9,339,1015.1,0.0
2023-03-03,135.0,270.0,41.0,24.0,6.0,18.0,"Kurla, Mumbai",33.7,21.2,27.3,56,17.2,8.7,325,1015.5,0.0
2023-03-04,143.0,184.0,44.0,19.0,6.0,13.0,"Kurla, Mumbai",34.2,21.9,27.7,62,15.9,8.6,320,1015.2,0.0
2023-03-05,123.0,231.0,44.0,14.0,8.0,10.0,"Kurla, Mumbai",36.2,22.6,28.8,56,18.7,9.5,313,1014.7,0.0
2023-03-06,107.0,92.0,32.0,7.0,12.0,4.0,"Kurla, Mumbai",36.3,24.4,29.7,43,21.2,14.1,39,1013.6,0.1
2023-03-07,72.0,120.0,43.0,15.0,12.0,5.0,"Kurla, Mumbai",36.0,23.9,28.8,46,23.4,12.6,81,1013.4,0.0
2023-03-08,91.0,95.0,46.0,12.0,12.0,5.0,"Kurla, Mumbai",35.2,23.0,28.0,49,20.5,12.1,345,1013.4,0.0
2023-03-09,60.0,94.0,43.0,12.0,12.0,4.0,"Kurla, Mumbai",36.5,23.1,29.2,34,22.4,12.8,356,1012.7,0.0
2023-03-10,57.0,134.0,49.0,16.0,12.0,9.0,"Kurla, Mumbai",35.2,24.1,28.9,32,23.3,14.8,348,1012.1,0.0
2023-03-11,80.0,143.0,54.0,17.0,12.0,10.0,"Kurla, Mumbai",36.8,22.0,29.1,39,22.4,12.2,351,1011.5,0.0
2023-03-12,94.0,154.0,41.0,19.0,12.0,10.0,"Kurla, Mumbai",37.7,23.1,29.3,40,21.5,10.6,339,1011.0,0.0
2023-03-13,96.0,141.0,57.0,17.0,12.0,7.0,"Kurla, Mumbai",37.3,24.1,29.2,50,16.1,8.4,322,1010.0,0.0
2023-03-14,92.0,136.0,31.0,16.0,12.0,6.0,"Kurla, Mumbai",36.5,23.1,28.5,63,17.6,10.7,333,1009.0,0.0
2023-03-15,83.0,105.0,22.0,10.0,12.0,4.0,"Kurla, Mumbai",34.7,23.3,28.4,60,20.2,9.8,329,1007.9,0.0
2023-03-16,67.0,102.0,20.0,12.0,12.0,5.0,"Kurla, Mumbai",32.3,22.8,27.0,67,20.5,9.0,148,1009.6,13.3
2023-03-17,65.0,109.0,19.0,10.0,12.0,3.0,"Kurla, Mumbai",30.6,22.4,26.7,76,16.3,9.1,257,1010.1,0.7
2023-03-18,62.0,92.0,18.0,9.0,12.0,2.0,"Kurla, Mumbai",30.8,24.1,27.0,79,18.9,10.8,301,1009.0,0.0
2023-03-19,50.0,98.0,18.0,9.0,12.0,2.0,"Kurla, Mumbai",29.8,22.7,26.2,74,18.8,9.5,272,1009.0,0.0
2023-03-20,46.0,79.0,16.0,10.0,12.0,2.0,"Kurla, Mumbai",29.5,23.2,26.2,67,17.4,9.5,298,1008.9,0.0
2023-03-21,45.0,95.0,17.0,10.0,12.0,4.0,"Kurla, Mumbai",29.0,21.8,25.7,72,16.4,7.9,273,1009.6,0.7
2023-03-22,48.0,80.0,16.0,8.0,12.0,3.0,"Kurla, Mumbai",30.0,22.5,26.2,72,15.8,8.6,310,1010.5,0.0
2023-03-23,40.0,69.0,16.0,8.0,12.0,3.0,"Kurla, Mumbai",30.1,22.8,26.2,73,18.6,9.4,313,1010.7,0.4
2023-03-24,38.0,91.0,26.0,9.0,12.0,1.0,"Kurla, Mumbai",30.2,22.4,26.1,75,22.2,11.0,325,1010.7,0.0
2023-03-25,39.0,86.0,26.0,10.0,12.0,2.0,"Kurla, Mumbai",29.7,21.0,25.1,69,23.7,12.4,334,1011.8,0.0
2023-03-26,44.0,91.0,22.0,11.0,12.0,3.0,"Kurla, Mumbai",29.5,20.4,24.9,69,20.8,12.3,328,1011.5,0.0
2023-03-27,51.0,125.0,22.0,11.0,12.0,3.0,"Kurla, Mumbai",29.8,20.9,25.3,76,19.9,10.7,312,1011.1,0.0
2023-03-28,62.0,105.0,21.0,9.0,12.0,2.0,"Kurla, Mumbai",29.9,22.4,25.7,78,19.8,10.4,315,1010.4,0.0
2023-03-29,76.0,93.0,18.0,9.0,12.0,2.0,"Kurla, Mumbai",29.9,21.9,25.6,79,17.6,9.6,313,1010.9,0.0
2023-03-30,49.0,97.0,17.0,8.0,12.0,1.0,"Kurla, Mumbai",29.5,22.7,26.1,75,15.6,7.7,284,1010.4,0.2
2023-04-02,44.33333333,84.0,20.0,8.0,12.0,2.0,"Kurla, Mumbai",30.0,22.1,26.0,77,23.8,11.2,309,1010.2,0.0
2023-04-03,42.0,78.0,18.0,8.0,12.0,2.0,"Kurla, Mumbai",30.1,22.7,26.2,77,23.4,10.8,312,1009.8,0.0
2023-04-04,47.0,84.0,17.0,8.0,12.0,2.0,"Kurla, Mumbai",30.8,23.0,26.5,80,23.7,12.0,328,1010.3,0.0
2023-04-05,48.0,123.0,33.0,9.0,12.0,3.0,"Kurla, Mumbai",31.0,21.9,26.6,82,22.8,11.7,318,1010.0,0.0
2023-04-06,71.0,140.0,32.0,10.0,12.0,5.0,"Kurla, Mumbai",33.0,23.4,28.1,72,21.6,13.0,335,1009.8,0.0
2023-04-07,78.0,161.0,34.0,15.0,12.0,10.0,"Kurla, Mumbai",34.1,25.3,29.7,55,23.2,15.5,338,1010.5,0.0
2023-04-08,91.0,136.0,35.0,14.0,12.0,10.0,"Kurla, Mumbai",35.0,25.6,29.6,56,17.1,10.3,322,1012.1,0.0
2023-04-09,81.0,122.0,34.0,11.0,12.0,5.0,"Kurla, Mumbai",35.8,25.6,29.7,58,23.8,10.4,331,1012.4,0.0
2023-04-10,82.0,113.0,27.0,10.0,12.0,4.0,"Kurla, Mumbai",35.9,26.0,30.2,61,21.6,12.3,329,1010.8,0.0
2023-04-11,74.0,123.0,34.0,10.0,12.0,3.0,"Kurla, Mumbai",34.9,26.5,30.0,62,22.7,13.8,325,1011.1,0.0
2023-04-12,68.0,148.0,26.0,14.0,12.0,6.0,"Kurla, Mumbai",35.7,26.6,30.7,55,25.0,15.7,331,1010.6,0.0
2023-04-13,96.0,124.0,22.0,11.0,12.0,4.0,"Kurla, Mumbai",35.2,27.2,30.8,51,22.4,14.4,335,1010.2,0.0
2023-04-14,79.0,120.0,19.0,10.0,12.0,4.0,"Kurla, Mumbai",35.2,26.6,30.1,60,21.7,14.2,331,1010.0,0.0
2023-04-15,73.0,105.0,20.0,8.0,12.0,4.0,"Kurla, Mumbai",35.2,25.1,29.1,63,21.9,10.3,327,1010.1,0.0
2023-04-16,59.0,104.0,18.0,8.0,12.0,3.0,"Kurla, Mumbai",34.0,24.0,28.6,72,22.5,12.1,325,1009.0,0.0
2023-04-17,62.0,102.0,27.0,10.0,12.0,4.0,"Kurla, Mumbai",34.0,24.5,28.7,72,23.3,11.8,328,1009.0,0.0
2023-04-18,73.0,121.0,34.0,11.0,12.0,5.0,"Kurla, Mumbai",37.2,26.2,31.5,51,24.0,15.6,345,1009.3,0.0
2023-04-19,84.0,116.0,23.0,9.0,12.0,2.0,"Kurla, Mumbai",36.5,28.2,32.3,47,24.1,16.1,332,1007.1,0.0
2023-04-20,71.0,97.0,18.0,8.0,12.0,2.0,"Kurla, Mumbai",34.9,26.2,30.1,62,23.3,13.8,318,1005.9,0.0
2023-04-21,52.0,101.0,16.0,7.0,12.0,1.0,"Kurla, Mumbai",32.3,24.1,28.0,73,19.7,10.6,315,1006.8,0.0
2023-04-22,55.0,102.0,18.0,7.0,12.0,1.0,"Kurla, Mumbai",31.6,23.8,27.7,79,19.1,9.6,288,1007.3,0.0
2023-04-23,53.0,87.0,17.0,7.0,12.0,2.0,"Kurla, Mumbai",31.5,24.4,27.9,76,21.7,11.1,301,1007.5,0.0
2023-04-24,51.0,116.0,18.0,8.0,12.0,3.0,"Kurla, Mumbai",32.3,24.5,28.1,79,22.5,11.0,313,1007.7,0.0
2023-04-25,76.0,107.0,16.0,7.0,12.0,2.0,"Kurla, Mumbai",32.7,25.1,28.6,79,21.3,9.6,274,1007.7,0.0
2023-04-26,71.0,85.0,16.0,6.0,12.0,2.0,"Kurla, Mumbai",31.4,25.9,28.5,75,21.0,12.5,235,1008.3,0.0
2023-04-27,113.0,91.0,15.0,5.0,12.0,2.0,"Kurla, Mumbai",31.9,25.2,28.3,73,21.7,9.6,305,1008.5,0.0
2023-04-28,385.0,143.0,15.0,5.0,12.0,2.0,"Kurla, Mumbai",31.9,25.5,28.4,74,18.2,10.0,311,1009.3,0.0
2023-04-29,94.0,111.0,15.0,5.0,12.0,2.0,"Kurla, Mumbai",31.6,26.0,28.2,71,20.1,9.4,299,1008.8,0.4
2023-04-30,88.0,65.0,16.0,5.0,12.0,1.0,"Kurla, Mumbai",31.5,24.4,28.0,72,19.5,8.9,297,1007.4,0.5
2023-05-01,42.0,101.0,15.0,6.0,12.0,1.0,"Kurla, Mumbai",31.6,24.7,28.0,69,15.9,8.3,284,1007.3,2.1
2023-05-02,93.0,105.0,15.0,6.0,12.0,1.0,"Kurla, Mumbai",31.5,25.1,28.4,68,16.6,8.0,278,1007.9,0.7
2023-05-03,100.0,98.0,15.0,6.0,12.0,2.0,"Kurla, Mumbai",31.8,25.5,28.5,68,18.6,9.5,291,1009.3,0.0
2023-05-04,112.0,108.0,15.0,6.0,12.0,2.0,"Kurla, Mumbai",31.6,24.8,28.1,74,18.7,9.0,306,1008.7,0.5
2023-05-05,102.0,108.0,15.0,6.0,12.0,1.0,"Kurla, Mumbai",32.3,25.0,28.4,75,20.1,9.2,294,1008.0,0.4
2023-05-06,68.0,118.0,15.0,5.0,12.0,1.0,"Kurla, Mumbai",31.9,25.1,28.5,77,22.4,11.4,309,1008.0,0.1
2023-05-07,88.0,100.0,15.0,5.0,12.0,1.0,"Kurla, Mumbai",30.0,25.4,27.8,80,16.4,8.3,311,1008.3,8.2
2023-05-08,64.0,124.0,15.0,5.0,12.0,2.0,"Kurla, Mumbai",32.2,27.5,29.5,74,19.7,10.9,298,1007.5,0.5
2023-05-09,88.0,128.0,16.0,6.0,12.0,2.0,"Kurla, Mumbai",33.0,27.7,30.0,75,19.8,9.8,300,1007.7,0.0
2023-05-10,107.0,162.0,15.0,6.0,12.0,3.0,"Kurla, Mumbai",34.0,27.2,30.2,79,21.9,9.6,296,1006.8,0.0
2023-05-11,206.0,140.0,16.0,5.0,12.0,3.0,"Kurla, Mumbai",34.5,26.3,30.4,79,18.9,9.0,239,1006.9,0.0
2023-05-12,124.0,109.0,16.0,5.0,12.0,2.0,"Kurla, Mumbai",34.0,27.5,30.2,80,18.3,10.8,225,1007.6,0.0
2023-05-14,129.0,139.0,16.0,4.0,12.0,2.0,"Kurla, Mumbai",33.2,27.2,30.0,76,17.4,10.5,254,1008.0,0.0
2023-05-15,132.0,106.0,16.0,3.0,12.0,2.0,"Kurla, Mumbai",33.2,28.2,30.3,74,19.1,12.1,271,1008.7,0.5
2023-05-16,113.0,117.0,16.0,4.0,12.0,2.0,"Kurla, Mumbai",33.6,27.7,30.5,71,17.3,10.9,276,1010.2,0.3
2023-05-17,77.0,114.0,16.0,4.0,12.0,2.0,"Kurla, Mumbai",33.4,27.4,30.1,72,22.7,11.8,298,1010.3,0.0
2023-05-18,91.0,99.0,16.0,4.0,12.0,2.0,"Kurla, Mumbai",33.2,27.1,29.8,76,24.4,13.2,316,1011.4,0.1
2023-05-21,44.0,95.0,16.0,4.0,12.0,2.0,"Kurla, Mumbai",32.9,27.6,29.9,72,19.9,11.4,301,1010.1,0.0
2023-05-22,40.0,116.0,16.0,4.0,12.0,2.0,"Kurla, Mumbai",33.0,27.0,29.7,75,18.5,10.8,305,1010.8,0.0
2023-05-23,40.0,120.0,16.0,4.0,12.0,2.0,"Kurla, Mumbai",33.5,26.4,29.6,77,22.9,13.0,317,1010.7,0.0
2023-05-24,38.0,119.0,16.0,4.0,12.0,2.0,"Kurla, Mumbai",33.3,27.2,30.1,74,19.9,11.9,284,1010.3,0.0
2023-05-25,44.0,118.0,16.0,4.0,12.0,2.0,"Kurla, Mumbai",33.2,28.2,30.6,65,20.7,13.6,263,1010.8,0.0
2023-05-26,122.0,100.0,16.0,4.0,12.0,2.0,"Kurla, Mumbai",32.7,29.0,30.6,65,21.6,15.8,265,1011.1,2.0
2023-05-27,41.0,105.0,15.0,4.0,12.0,1.0,"Kurla, Mumbai",33.7,28.2,30.9,62,19.1,13.9,260,1010.1,0.0
2023-05-28,34.0,93.0,16.0,5.0,12.0,2.0,"Kurla, Mumbai",33.8,28.2,30.9,66,18.8,12.5,286,1009.1,0.0
2023-05-29,24.0,107.0,16.0,4.0,12.0,2.0,"Kurla, Mumbai",33.6,27.9,30.3,75,24.0,11.4,304,1008.6,0.0
2023-05-30,35.0,99.0,16.0,5.0,12.0,2.0,"Kurla, Mumbai",33.8,27.2,30.3,79,20.3,10.8,302,1008.6,0.0
2023-05-31,35.0,87.0,16.0,5.0,12.0,2.0,"Kurla, Mumbai",34.5,27.9,30.6,78,24.7,13.9,317,1008.2,0.0
2023-06-01,34.0,113.0,16.0,4.0,12.0,2.0,"Kurla, Mumbai",33.5,27.0,30.0,80,21.9,11.6,296,1008.2,0.0
2023-06-02,39.0,108.0,17.0,4.0,12.0,2.0,"Kurla, Mumbai",33.4,28.0,30.5,72,18.2,11.3,290,1009.1,0.0
2023-06-03,41.0,101.0,16.0,4.0,12.0,2.0,"Kurla, Mumbai",34.5,29.0,31.3,67,18.7,13.1,280,1008.3,0.1
2023-06-04,32.0,90.0,16.0,4.0,12.0,2.0,"Kurla, Mumbai",33.6,29.0,30.9,70,19.1,12.3,278,1008.2,0.8
2023-06-05,57.0,105.0,16.0,4.0,12.0,2.0,"Kurla, Mumbai",33.2,28.5,30.6,71,19.6,12.6,270,1007.6,0.4
2023-06-06,55.0,131.0,16.0,4.0,12.0,2.0,"Kurla, Mumbai",33.8,28.8,30.8,69,17.1,11.7,266,1007.2,0.1
2023-06-07,47.0,83.0,17.0,5.0,12.0,2.0,"Kurla, Mumbai",33.5,28.6,30.9,69,16.9,12.0,242,1007.0,0.0
2023-06-08,93.0,71.0,14.0,6.0,12.0,1.0,"Kurla, Mumbai",34.0,29.4,31.2,68,16.9,12.6,217,1007.2,0.8
2023-06-09,91.0,68.0,14.0,5.0,12.0,1.0,"Kurla, Mumbai",33.0,28.1,30.6,76,29.3,18.3,194,1005.3,4.0
2023-06-10,33.0,79.0,15.0,5.0,12.0,1.0,"Kurla, Mumbai",33.2,27.6,30.2,74,32.5,24.3,183,1003.7,3.6
2023-06-11,42.0,66.0,14.0,5.0,12.0,1.0,"Kurla, Mumbai",32.7,25.6,29.6,73,32.4,25.3,173,1003.0,3.8
2023-06-12,45.0,56.0,14.0,5.0,12.0,1.0,"Kurla, Mumbai",32.2,26.3,28.7,78,42.6,30.0,178,1002.8,5.3
2023-06-13,50.0,62.0,14.0,4.0,12.0,1.0,"Kurla, Mumbai",31.0,26.3,28.3,80,36.3,29.1,183,1004.4,5.6
2023-06-14,46.0,51.0,14.0,4.0,12.0,1.0,"Kurla, Mumbai",30.2,25.8,28.5,79,33.8,27.0,190,1006.3,2.8
2023-06-15,19.0,65.0,15.0,4.0,12.0,1.0,"Kurla, Mumbai",31.9,28.1,29.8,74,33.7,29.5,202,1006.3,2.8
2023-06-16,17.0,80.0,15.0,5.0,12.0,2.0,"Kurla, Mumbai",31.3,27.2,29.4,75,37.5,30.2,214,1005.6,4.6
2023-06-17,65.0,97.0,15.0,4.0,12.0,3.0,"Kurla, Mumbai",31.4,27.2,29.1,79,26.1,21.9,230,1006.6,6.6
2023-06-18,43.0,95.0,15.0,5.0,12.0,2.0,"Kurla, Mumbai",31.1,27.6,29.1,79,22.8,17.7,250,1007.1,4.6
2023-06-19,53.0,114.0,15.0,5.0,12.0,2.0,"Kurla, Mumbai",31.4,27.7,29.4,77,20.0,16.0,248,1006.2,2.4
2023-06-20,51.0,112.0,15.0,5.0,12.0,2.0,"Kurla, Mumbai",31.5,27.5,29.3,78,20.4,14.0,251,1005.3,1.1
2023-06-21,62.0,110.0,15.0,5.0,12.0,2.0,"Kurla, Mumbai",31.5,27.5,29.3,79,19.6,13.0,244,1005.6,2.9
2023-06-22,54.0,98.0,15.0,5.0,12.0,2.0,"Kurla, Mumbai",31.5,27.5,29.5,76,18.7,13.6,246,1005.8,1.9
2023-06-23,46.0,54.0,15.0,5.0,12.0,3.0,"Kurla, Mumbai",30.8,26.6,28.6,81,19.3,13.1,217,1005.5,2.9
2023-06-24,37.0,24.0,15.0,5.0,12.0,4.0,"Kurla, Mumbai",29.2,25.1,27.0,86,17.7,11.0,218,1004.4,20.7
2023-06-25,14.0,55.0,15.0,4.0,12.0,3.0,"Kurla, Mumbai",27.5,25.5,26.4,88,18.3,11.7,220,1004.5,32.9
2023-06-26,31.0,55.0,15.0,5.0,12.0,4.0,"Kurla, Mumbai",26.7,25.2,25.8,91,18.9,14.1,218,1005.8,23.2
2023-06-27,34.0,51.0,15.0,5.0,12.0,4.0,"Kurla, Mumbai",27.0,24.6,25.9,91,20.9,13.7,224,1005.5,23.2
2023-06-28,43.0,43.0,16.0,4.0,12.0,4.0,"Kurla, Mumbai",27.8,25.6,26.3,90,20.4,15.6,236,1006.0,45.7
2023-06-29,81.0,48.0,15.0,4.0,12.0,3.0,"Kurla, Mumbai",26.8,25.4,26.0,91,20.5,16.5,246,1006.3,50.0
2023-06-30,36.0,55.0,16.0,4.0,12.0,3.0,"Kurla, Mumbai",26.8,25.2,26.1,91,27.3,20.7,247,1006.2,55.8
2023-07-01,31.0,48.0,16.0,4.0,12.0,4.0,"Kurla, Mumbai",28.2,24.9,26.3,90,23.1,17.3,235,1006.9,40.5
2023-07-02,19.0,45.0,16.0,3.0,12.0,4.0,"Kurla, Mumbai",28.4,25.4,26.7,89,20.5,16.0,231,1006.1,34.7
2023-07-03,21.0,34.0,15.0,4.0,12.0,4.0,"Kurla, Mumbai",28.9,26.0,27.2,88,17.7,13.2,232,1004.3,8.6
2023-07-04,21.0,40.0,16.0,4.0,12.0,4.0,"Kurla, Mumbai",29.2,25.4,26.9,89,16.8,11.5,236,1002.7,48.3
2023-07-05,24.0,41.0,16.0,5.0,12.0,3.0,"Kurla, Mumbai",28.3,25.1,26.6,90,14.5,10.4,223,1001.0,35.9
2023-07-06,22.0,47.0,16.0,4.0,12.0,3.0,"Kurla, Mumbai",27.0,24.9,25.7,93,24.5,13.9,217,1002.2,97.5
2023-07-07,35.0,68.0,16.0,4.0,12.0,3.0,"Kurla, Mumbai",27.8,25.5,26.3,90,26.8,20.8,233,1003.3,50.7
2023-07-08,59.0,69.0,16.0,4.0,12.0,2.0,"Kurla, Mumbai",29.7,25.5,27.6,84,29.3,23.8,236,1005.0,13.0
2023-07-09,79.0,63.0,16.0,4.0,12.0,2.0,"Kurla, Mumbai",29.2,25.3,27.5,82,27.4,21.8,233,1005.9,10.8
2023-07-10,70.0,75.0,16.0,4.0,12.0,3.0,"Kurla, Mumbai",28.7,26.0,27.5,82,22.7,18.0,238,1006.5,3.5
2023-07-11,67.0,83.0,16.0,4.0,12.0,4.0,"Kurla, Mumbai",29.5,25.4,27.7,82,20.4,15.1,255,1006.8,4.3
2023-07-12,88.0,81.0,15.0,4.0,12.0,4.0,"Kurla, Mumbai",27.0,25.1,26.1,90,12.8,7.4,236,1005.9,12.2
2023-07-13,100.0,53.0,16.0,4.0,12.0,4.0,"Kurla, Mumbai",27.3,24.6,26.1,90,18.2,11.6,217,1005.6,10.9
2023-07-14,66.0,69.0,15.0,4.0,12.0,4.0,"Kurla, Mumbai",27.4,25.2,26.2,90,21.0,13.8,244,1006.8,32.7
2023-07-15,60.0,67.0,16.0,4.0,12.0,3.0,"Kurla, Mumbai",27.4,24.9,26.1,89,17.6,11.4,250,1007.5,16.7
2023-07-16,54.0,53.0,16.0,4.0,12.0,3.0,"Kurla, Mumbai",27.9,24.6,25.7,91,16.8,10.2,241,1006.7,30.5
2023-07-17,46.0,46.0,16.0,6.0,12.0,2.0,"Kurla, Mumbai",27.4,24.6,25.8,91,19.7,15.0,242,1005.4,63.8
2023-07-18,36.0,43.0,16.0,5.0,12.0,2.0,"Kurla, Mumbai",26.4,25.4,25.9,91,25.3,20.2,255,1004.2,67.7
2023-07-19,39.0,48.0,15.0,4.0,12.0,3.0,"Kurla, Mumbai",27.2,25.5,26.2,91,23.7,19.6,263,1002.1,44.8
2023-07-20,42.0,38.0,17.0,4.0,12.0,3.0,"Kurla, Mumbai",27.9,25.5,26.4,88,24.1,18.9,262,1002.5,36.4
2023-07-21,41.0,36.0,15.0,5.0,12.0,3.0,"Kurla, Mumbai",27.5,25.4,26.4,89,21.3,16.4,255,1004.2,40.9
2023-07-22,38.0,41.0,16.0,4.0,12.0,3.0,"Kurla, Mumbai",26.4,25.0,25.9,91,21.3,18.1,257,1004.9,42.7
2023-07-23,41.0,40.0,15.0,5.0,12.0,3.0,"Kurla, Mumbai",27.7,25.4,26.2,90,28.1,21.4,248,1003.8,34.8
2023-07-24,41.0,47.0,16.0,4.0,12.0,3.0,"Kurla, Mumbai",28.1,25.2,26.1,89,26.8,21.1,245,1004.2,58.2
2023-07-25,49.0,33.0,16.0,4.0,12.0,3.0,"Kurla, Mumbai",27.1,25.1,25.9,90,21.1,17.0,249,1006.0,44.1
2023-07-26,38.0,40.0,16.0,5.0,12.0,3.0,"Kurla, Mumbai",27.0,24.8,25.8,91,26.3,18.4,261,1007.0,93.9
2023-07-27,44.0,37.0,16.0,4.0,12.0,3.0,"Kurla, Mumbai",27.1,25.2,26.0,90,22.0,20.0,267,1007.4,90.9
2023-07-28,46.0,53.0,16.0,3.0,12.0,4.0,"Kurla, Mumbai",27.0,25.0,25.7,91,21.7,17.7,270,1007.6,49.8
2023-07-29,63.0,58.0,16.0,3.0,12.0,4.0,"Kurla, Mumbai",28.8,25.3,26.8,84,23.9,19.2,257,1007.8,12.3
2023-07-30,70.0,60.0,16.0,3.0,12.0,4.0,"Kurla, Mumbai",28.8,25.6,27.0,83,25.6,19.6,252,1007.0,9.3
2023-07-31,76.0,56.0,16.0,3.0,12.0,3.0,"Kurla, Mumbai",28.5,25.5,26.8,85,26.6,19.0,252,1006.5,9.9
2023-08-01,72.0,71.0,15.0,3.0,12.0,3.0,"Kurla, Mumbai",28.9,25.2,27.0,84,25.3,20.5,251,1006.6,6.1
2023-08-02,85.0,71.0,16.0,3.0,12.0,3.0,"Kurla, Mumbai",28.6,24.5,26.8,84,27.7,20.8,248,1007.2,15.1
2023-08-03,84.0,70.0,15.0,3.0,12.0,4.0,"Kurla, Mumbai",28.8,25.9,27.1,84,27.2,22.5,250,1006.6,6.3
2023-08-04,80.0,71.0,15.0,3.0,12.0,3.0,"Kurla, Mumbai",28.4,26.5,27.2,85,25.3,21.4,250,1007.5,2.5
2023-08-05,82.0,78.0,15.0,3.0,12.0,3.0,"Kurla, Mumbai",29.3,25.6,27.3,83,23.7,20.6,249,1009.4,3.8
2023-08-06,83.0,76.0,16.0,3.0,12.0,3.0,"Kurla, Mumbai",28.8,26.2,27.2,83,23.4,20.7,253,1009.0,2.8
2023-08-07,74.0,89.0,16.0,3.0,12.0,3.0,"Kurla, Mumbai",29.0,25.9,27.3,83,26.9,21.5,247,1007.3,2.2
2023-08-08,95.0,79.0,16.0,3.0,12.0,3.0,"Kurla, Mumbai",29.0,26.0,27.4,83,24.7,19.4,246,1007.6,2.3
2023-08-09,84.0,72.0,15.0,3.0,12.0,4.0,"Kurla, Mumbai",29.0,25.7,27.2,83,20.2,16.3,251,1009.6,3.0
2023-08-10,88.0,83.0,15.0,2.0,12.0,3.0,"Kurla, Mumbai",28.4,25.9,26.6,85,15.2,13.3,250,1010.4,7.3
2023-08-11,130.0,76.0,15.0,3.0,12.0,3.0,"Kurla, Mumbai",29.0,25.5,27.2,82,15.9,12.3,264,1009.8,3.7
2023-08-12,88.0,73.0,15.0,3.0,12.0,3.0,"Kurla, Mumbai",27.2,24.1,25.9,86,18.8,11.2,251,1009.8,5.4
2023-08-13,75.0,111.0,15.0,3.0,12.0,4.0,"Kurla, Mumbai",29.2,25.4,27.1,82,24.7,17.8,254,1008.1,5.0
2023-08-14,100.0,63.0,15.0,2.0,12.0,4.0,"Kurla, Mumbai",29.4,25.8,27.4,80,24.8,19.2,239,1008.3,2.6
2023-08-15,66.0,65.0,15.0,3.0,12.0,4.0,"Kurla, Mumbai",28.2,26.2,27.0,83,18.7,14.4,233,1008.9,3.5
2023-08-16,64.0,74.0,15.0,3.0,12.0,3.0,"Kurla, Mumbai",29.0,25.1,27.0,84,20.9,12.6,263,1009.4,4.5
2023-08-17,78.0,73.0,15.0,3.0,12.0,3.0,"Kurla, Mumbai",29.3,25.0,26.8,83,20.7,13.7,285,1009.7,3.5
2023-08-18,81.0,73.0,15.0,3.0,12.0,4.0,"Kurla, Mumbai",28.9,25.6,27.1,81,18.9,13.9,291,1008.3,2.0
2023-08-19,76.0,69.0,15.0,3.0,12.0,4.0,"Kurla, Mumbai",28.7,25.6,26.8,84,19.5,15.1,294,1007.1,4.1
2023-08-20,73.0,75.0,15.0,3.0,12.0,4.0,"Kurla, Mumbai",27.9,25.0,26.1,88,17.1,11.2,296,1007.2,10.5
2023-08-21,80.0,58.0,15.0,2.0,12.0,5.0,"Kurla, Mumbai",28.7,24.6,26.5,86,16.3,10.4,284,1007.6,3.8
2023-08-22,61.0,73.0,15.0,3.0,12.0,5.0,"Kurla, Mumbai",28.7,25.0,26.4,86,18.8,10.2,264,1007.6,6.1
2023-08-23,86.0,66.0,15.0,2.0,12.0,5.0,"Kurla, Mumbai",29.4,25.1,27.2,82,21.1,13.4,246,1007.4,3.8
2023-08-24,70.0,72.0,15.0,2.0,12.0,5.0,"Kurla, Mumbai",28.8,25.6,26.6,85,21.2,14.6,229,1006.6,6.5
2023-08-25,75.0,60.0,15.0,2.0,12.0,5.0,"Kurla, Mumbai",28.5,24.9,26.7,86,19.5,14.7,223,1006.6,6.2
2023-08-26,70.0,55.0,15.0,2.0,12.0,5.0,"Kurla, Mumbai",27.9,24.3,26.1,88,20.2,14.9,228,1008.1,14.3
2023-08-27,64.0,49.0,15.0,2.0,12.0,4.5,"Kurla, Mumbai",27.8,24.1,25.7,89,16.6,10.5,228,1009.3,15.1
2023-08-28,56.0,73.0,15.0,2.0,12.0,4.0,"Kurla, Mumbai",27.5,24.8,25.8,88,17.1,10.7,222,1008.8,4.1
2023-08-29,82.0,85.0,15.0,3.0,12.0,5.0,"Kurla, Mumbai",28.6,24.9,26.5,86,11.1,7.3,246,1008.5,3.6
2023-08-30,93.0,70.0,15.0,3.0,12.0,6.0,"Kurla, Mumbai",29.3,24.4,26.7,86,13.8,6.8,276,1009.1,0.7
2023-08-31,86.0,74.0,15.0,4.0,12.0,5.0,"Kurla, Mumbai",30.0,24.7,27.2,85,15.2,7.3,319,1009.0,0.7
2023-09-01,85.0,64.0,15.0,3.0,12.0,5.0,"Kurla, Mumbai",30.5,24.1,27.1,86,18.8,7.5,323,1008.8,1.2
2023-09-03,92.0,90.0,15.0,4.0,12.0,5.0,"Kurla, Mumbai",29.1,25.0,26.9,86,17.6,7.7,306,1007.8,10.0
2023-09-04,109.0,89.0,15.0,3.0,12.0,5.0,"Kurla, Mumbai",29.5,23.9,26.9,84,17.7,8.6,313,1006.7,2.2
2023-09-05,104.0,109.0,15.0,3.0,12.0,4.0,"Kurla, Mumbai",29.1,24.7,27.0,83,17.2,10.3,309,1006.1,2.4
2023-09-06,109.0,59.0,15.0,3.0,12.0,6.0,"Kurla, Mumbai",29.9,26.0,27.8,81,17.7,11.2,296,1006.0,1.0
2023-09-07,77.0,61.0,15.0,3.0,12.0,5.0,"Kurla, Mumbai",28.3,25.0,27.0,84,19.7,13.5,283,1005.9,10.2
2023-09-08,65.0,65.0,15.0,3.0,12.0,5.0,"Kurla, Mumbai",28.1,25.6,26.7,89,22.7,16.1,292,1006.2,50.6
2023-09-09,67.0,81.0,15.0,3.0,12.0,5.0,"Kurla, Mumbai",29.0,25.5,26.9,88,18.1,12.2,286,1006.3,15.9
2023-09-10,83.0,83.0,15.0,3.0,12.0,5.0,"Kurla, Mumbai",29.0,25.5,27.1,88,18.4,10.7,259,1006.2,5.5
2023-09-11,88.0,95.0,15.0,2.0,12.0,5.0,"Kurla, Mumbai",28.8,25.0,26.3,88,14.4,9.0,257,1007.1,4.7
2023-09-12,101.0,79.0,15.0,3.0,12.0,5.0,"Kurla, Mumbai",29.1,24.6,26.9,85,19.1,10.1,257,1007.6,4.7
2023-09-13,73.0,36.0,15.0,3.0,12.0,6.0,"Kurla, Mumbai",28.4,25.0,26.5,87,12.8,7.7,245,1007.1,3.6
2023-09-14,29.0,71.0,15.0,3.0,12.0,7.0,"Kurla, Mumbai",28.8,24.0,26.6,86,13.4,8.1,221,1007.3,2.2
2023-09-15,71.0,129.0,15.0,3.0,12.0,5.0,"Kurla, Mumbai",29.3,24.8,27.2,82,16.6,8.7,247,1007.1,2.1
2023-09-16,115.0,78.0,15.0,2.0,12.0,5.0,"Kurla, Mumbai",28.5,25.0,27.0,84,20.6,15.0,256,1006.6,7.3
2023-09-17,73.0,58.0,15.0,3.0,12.0,5.0,"Kurla, Mumbai",29.2,25.3,27.2,82,23.0,18.5,241,1005.6,8.2
2023-09-18,44.0,48.0,15.0,3.0,12.0,5.0,"Kurla, Mumbai",27.2,24.5,25.9,90,22.2,16.3,219,1005.7,30.9
2023-09-19,39.0,38.0,15.0,3.0,12.0,6.0,"Kurla, Mumbai",28.4,25.2,26.3,88,22.3,17.9,205,1007.0,12.3
2023-09-20,28.0,45.0,15.0,2.0,12.0,5.0,"Kurla, Mumbai",28.1,25.5,26.5,89,21.7,16.6,204,1007.6,11.1
2023-09-21,34.0,29.0,15.0,3.0,12.0,6.0,"Kurla, Mumbai",28.1,25.5,26.5,90,16.3,10.3,216,1007.9,20.7
2023-09-22,21.0,45.0,15.0,2.0,12.0,7.0,"Kurla, Mumbai",28.1,24.9,26.4,91,11.5,7.6,180,1008.3,14.9
2023-09-23,37.0,48.0,15.0,2.0,12.0,7.0,"Kurla, Mumbai",28.5,25.1,26.1,91,16.0,6.2,213,1008.9,35.3
2023-09-24,43.0,58.0,15.0,3.0,12.0,6.0,"Kurla, Mumbai",28.1,24.4,26.2,90,11.4,6.6,230,1009.3,15.3
2023-09-25,59.0,69.0,16.0,3.0,12.0,6.0,"Kurla, Mumbai",28.4,24.4,26.3,89,15.0,6.8,268,1008.2,17.7
2023-09-26,73.0,50.0,15.0,4.0,12.0,7.0,"Kurla, Mumbai",29.0,24.2,26.4,89,13.4,6.3,267,1007.9,4.4
2023-09-27,57.0,57.0,15.0,3.0,12.0,8.0,"Kurla, Mumbai",29.1,24.1,26.1,91,17.0,6.9,341,1007.3,21.0
2023-09-28,70.0,58.0,14.0,4.0,12.0,8.0,"Kurla, Mumbai",30.0,24.0,26.6,91,20.2,7.5,343,1006.0,22.6
2023-09-29,80.0,51.0,15.0,4.0,12.0,7.0,"Kurla, Mumbai",30.5,25.6,27.4,91,12.4,6.3,47,1005.4,25.9
2023-09-30,71.0,79.0,15.0,4.0,12.0,7.0,"Kurla, Mumbai",32.5,24.9,27.9,88,15.3,6.8,35,1005.0,13.2
2023-10-01,107.0,85.0,15.0,4.0,12.0,7.0,"Kurla, Mumbai",30.9,26.8,28.4,89,17.5,8.1,289,1005.6,0.8
2023-10-02,133.0,90.0,15.0,4.0,12.0,6.0,"Kurla, Mumbai",29.1,24.1,27.3,87,13.0,8.9,242,1008.9,3.2
2023-10-03,118.0,83.0,15.0,4.0,12.0,6.0,"Kurla, Mumbai",29.6,25.5,27.3,83,12.9,6.7,290,1010.2,0.1
2023-10-04,106.0,95.0,15.0,4.0,12.0,5.0,"Kurla, Mumbai",29.9,23.9,27.1,85,14.5,6.5,286,1010.9,2.9
2023-10-05,108.0,94.0,15.0,5.0,12.0,6.0,"Kurla, Mumbai",30.5,24.1,27.1,86,15.8,8.6,327,1010.5,0.1
2023-10-06,122.0,81.0,15.0,5.0,12.0,6.0,"Kurla, Mumbai",29.9,24.6,27.1,85,16.8,8.5,333,1009.7,0.7
2023-10-07,109.0,82.0,18.0,5.0,12.0,6.0,"Kurla, Mumbai",30.4,24.1,27.0,86,18.1,10.0,349,1009.7,0.2
2023-10-08,120.0,109.0,17.0,5.0,12.0,7.0,"Kurla, Mumbai",31.5,24.6,27.6,84,18.0,10.8,348,1010.5,0.3
2023-10-09,148.0,70.0,14.0,5.0,12.0,2.0,"Kurla, Mumbai",32.3,23.8,27.9,80,16.4,11.0,342,1011.7,0.0
2023-10-10,82.0,70.0,14.0,5.0,12.0,2.0,"Kurla, Mumbai",31.9,23.7,27.7,76,19.4,11.4,347,1011.8,0.0
2023-10-11,70.0,94.0,15.0,5.0,12.0,4.0,"Kurla, Mumbai",31.2,24.9,27.6,81,20.3,12.4,345,1011.7,0.0
2023-10-12,95.0,110.0,15.0,6.0,12.0,5.0,"Kurla, Mumbai",31.5,23.9,27.9,84,16.6,10.5,336,1011.7,0.0
2023-10-13,117.0,115.0,16.0,5.0,12.0,6.0,"Kurla, Mumbai",33.1,25.6,28.7,84,17.2,8.4,335,1012.0,0.0
2023-10-14,122.0,98.0,14.0,5.0,12.0,3.0,"Kurla, Mumbai",32.6,24.9,28.4,85,14.2,7.3,330,1012.0,0.0
2023-10-15,112.0,108.0,15.0,5.0,12.0,5.0,"Kurla, Mumbai",33.4,25.2,28.7,85,19.2,8.6,342,1010.6,0.7
2023-10-16,131.0,112.0,16.0,5.0,12.0,6.0,"Kurla, Mumbai",33.0,23.9,28.6,71,15.5,7.4,347,1010.4,0.0
2023-10-17,150.0,103.0,14.0,5.0,12.0,5.0,"Kurla, Mumbai",32.2,25.0,28.3,75,9.5,6.8,352,1011.6,1.0
2023-10-18,159.0,101.0,17.0,6.0,12.0,4.0,"Kurla, Mumbai",33.8,24.3,28.7,73,18.1,9.0,354,1012.3,0.0
2023-10-19,140.0,122.0,18.0,8.0,12.0,5.0,"Kurla, Mumbai",33.8,24.6,28.8,63,16.1,9.3,350,1012.1,0.0
2023-10-20,158.0,106.0,19.0,8.0,12.0,5.0,"Kurla, Mumbai",34.3,23.8,28.6,67,10.8,7.8,16,1011.8,0.0
2023-10-21,146.0,125.0,21.0,9.0,12.0,6.0,"Kurla, Mumbai",34.9,24.0,29.1,67,12.3,8.0,53,1012.3,0.1
2023-10-22,156.0,126.0,18.0,8.0,12.0,6.0,"Kurla, Mumbai",33.7,23.8,28.7,71,14.5,7.7,350,1012.9,0.0
2023-10-23,159.0,117.0,24.0,9.0,12.0,7.0,"Kurla, Mumbai",34.8,23.8,28.6,67,18.7,8.7,356,1011.7,0.0
2023-10-24,159.0,117.0,23.0,9.0,12.0,7.0,"Kurla, Mumbai",34.4,23.3,28.6,61,16.5,8.5,1,1011.2,0.0
2023-10-25,154.0,123.0,25.0,9.0,12.0,6.0,"Kurla, Mumbai",33.9,22.5,28.0,60,16.4,8.9,356,1012.7,0.0
2023-10-26,158.0,102.0,29.0,9.0,12.0,5.0,"Kurla, Mumbai",34.1,22.8,27.8,58,19.9,9.3,3,1013.1,0.0
2023-10-27,145.0,112.0,33.0,9.0,12.0,6.0,"Kurla, Mumbai",34.3,21.2,27.5,55,20.7,10.5,6,1011.7,0.0
2023-10-28,145.0,105.0,34.0,9.0,12.0,5.0,"Kurla, Mumbai",34.2,21.1,27.2,56,16.6,9.9,15,1011.3,0.0
2023-10-29,142.0,109.0,41.0,10.0,12.0,6.0,"Kurla, Mumbai",34.7,21.4,27.3,54,19.1,10.6,26,1010.9,0.0
2023-10-30,139.0,114.0,36.0,11.0,12.0,7.0,"Kurla, Mumbai",34.8,21.1,27.4,59,14.7,7.6,27,1010.8,0.0
2023-10-31,145.0,109.0,32.0,8.0,12.0,6.0,"Kurla, Mumbai",34.6,21.6,27.9,59,14.9,8.2,18,1011.4,0.0
2023-11-01,147.0,104.0,34.0,9.0,12.0,5.0,"Kurla, Mumbai",34.0,22.2,27.5,58,14.8,8.9,5,1012.2,0.0
2023-11-02,144.0,120.0,18.0,9.0,12.0,5.0,"Kurla, Mumbai",34.0,21.9,27.5,58,17.2,9.8,4,1011.4,0.0
2023-11-03,166.0,103.0,16.0,9.0,12.0,5.0,"Kurla, Mumbai",34.5,22.6,27.9,57,19.9,11.3,11,1009.7,0.0
2023-11-04,165.0,120.0,14.0,9.0,12.0,7.0,"Kurla, Mumbai",35.3,23.6,28.5,54,14.6,8.8,31,1009.2,0.0
2023-11-05,164.0,126.0,15.0,10.0,12.0,6.0,"Kurla, Mumbai",35.1,22.8,28.8,59,15.5,9.2,17,1010.7,0.0
2023-11-06,92.0,115.0,14.0,10.0,12.0,5.0,"Kurla, Mumbai",35.3,22.9,28.5,56,17.1,9.6,22,1011.8,0.0
2023-11-07,82.0,102.0,16.0,7.0,12.0,5.0,"Kurla, Mumbai",34.2,22.1,27.6,56,19.1,9.6,1,1011.8,0.0
2023-11-08,71.0,93.0,15.0,8.0,12.0,4.0,"Kurla, Mumbai",32.7,23.7,27.9,69,20.2,9.0,195,1011.7,0.0
2023-11-09,65.0,45.0,14.0,8.0,12.0,3.0,"Kurla, Mumbai",33.5,24.0,28.4,76,13.7,6.0,338,1012.2,0.0
2023-11-10,97.0,55.0,14.0,7.0,13.0,5.0,"Kurla, Mumbai",33.0,24.8,28.2,73,13.8,7.1,82,1013.5,1.1
2023-11-18,122.0,90.0,14.0,10.0,12.0,5.0,"Kurla, Mumbai",33.7,21.1,26.7,62,13.8,8.3,5,1012.0,0.0
2023-11-19,124.0,81.0,14.0,8.0,12.0,6.0,"Kurla, Mumbai",32.3,20.8,26.9,63,17.5,9.5,348,1012.0,0.0
2023-11-21,111.0,75.0,19.0,9.0,12.0,2.0,"Kurla, Mumbai",34.2,24.2,28.6,59,20.2,10.2,359,1012.1,0.0
2023-11-22,108.0,98.0,16.0,9.0,12.0,4.0,"Kurla, Mumbai",33.6,23.2,27.7,50,18.4,11.3,3,1011.4,0.0
2023-11-23,130.0,130.0,14.0,9.0,13.0,10.0,"Kurla, Mumbai",33.2,22.0,27.1,54,18.1,10.2,352,1009.7,0.0
2023-11-24,154.0,113.0,14.0,11.0,12.0,4.0,"Kurla, Mumbai",34.4,21.9,27.6,60,15.2,8.2,12,1009.6,0.0
2023-11-25,139.0,95.0,15.0,8.0,12.0,4.0,"Kurla, Mumbai",33.5,23.1,27.9,67,12.0,8.9,58,1011.4,0.0
2023-11-26,123.0,105.0,13.0,6.0,12.0,2.0,"Kurla, Mumbai",31.1,23.9,27.0,78,19.0,7.6,213,1011.8,2.4
2023-11-27,131.0,60.0,14.0,9.0,12.0,2.0,"Kurla, Mumbai",30.3,23.4,26.1,77,14.9,7.1,332,1011.3,0.9
2023-11-28,94.0,88.0,14.0,8.0,12.0,5.0,"Kurla, Mumbai",30.0,22.9,25.8,73,16.6,9.7,336,1010.4,0.0
2023-11-29,192.0,83.0,14.0,9.0,12.0,4.0,"Kurla, Mumbai",28.8,20.5,24.6,72,15.3,8.8,333,1011.3,0.0
2023-11-30,131.0,94.0,14.0,7.0,12.0,5.0,"Kurla, Mumbai",29.7,20.5,24.7,79,17.8,9.3,337,1011.8,0.0
2023-12-01,104.0,114.0,14.0,12.0,12.0,6.0,"Kurla, Mumbai",29.6,21.6,25.0,80,15.8,8.0,332,1011.6,0.3
2023-12-02,87.0,100.0,14.0,9.0,12.0,8.0,"Kurla, Mumbai",31.6,20.5,25.7,77,14.8,7.3,345,1010.3,0.0
2023-12-03,75.0,97.0,15.0,9.0,12.0,7.0,"Kurla, Mumbai",33.3,23.4,27.4,68,17.0,9.5,357,1010.5,0.0
2023-12-04,75.0,79.0,15.0,10.0,12.0,3.0,"Kurla, Mumbai",33.2,23.4,27.6,70,19.7,10.4,345,1009.8,0.3
2023-12-06,128.5,63.0,15.0,8.0,12.0,3.0,"Kurla, Mumbai",31.5,23.0,26.6,66,18.8,10.2,355,1009.9,0.0
2023-12-07,112.0,94.0,14.0,10.0,12.0,4.0,"Kurla, Mumbai",31.3,22.2,26.0,67,17.5,10.9,356,1010.8,0.0
2023-12-08,155.0,89.0,14.0,9.0,12.0,6.0,"Kurla, Mumbai",31.8,21.1,26.0,66,18.8,10.2,355,1011.4,0.0
2023-12-10,163.5,120.0,14.0,10.0,13.0,7.0,"Kurla, Mumbai",32.8,21.8,26.4,62,16.3,9.8,358,1011.3,0.0
2023-12-11,172.0,89.0,15.0,8.0,12.0,6.0,"Kurla, Mumbai",32.2,21.1,26.4,58,16.6,10.5,352,1011.7,0.0
2023-12-13,153.0,81.0,14.0,11.0,12.0,5.0,"Kurla, Mumbai",30.9,19.5,24.9,62,17.4,8.9,346,1011.7,0.0
2023-12-14,150.0,95.0,14.0,8.0,12.0,9.0,"Kurla, Mumbai",32.5,20.4,26.0,59,11.6,7.5,51,1012.8,0.0
2023-12-15,165.0,77.0,14.0,11.0,13.0,7.0,"Kurla, Mumbai",31.9,20.6,25.9,53,15.1,9.3,16,1013.9,0.0
2023-12-17,155.0,78.0,18.0,11.0,13.0,4.0,"Kurla, Mumbai",32.1,20.7,25.7,56,17.7,11.0,19,1012.4,0.0
2023-12-18,155.0,71.0,17.0,10.0,12.0,3.0,"Kurla, Mumbai",32.9,22.8,27.0,51,16.7,12.0,59,1013.0,0.0
2023-12-19,143.0,66.0,17.0,10.0,12.0,4.0,"Kurla, Mumbai",32.6,23.6,26.9,52,15.8,11.8,46,1013.9,0.0
2023-12-20,135.0,107.0,15.0,15.0,12.0,7.0,"Kurla, Mumbai",32.6,21.0,25.7,48,17.1,10.1,27,1014.0,0.0
2023-12-21,171.0,272.0,14.0,10.0,12.0,14.0,"Kurla, Mumbai",33.0,21.5,26.2,53,16.1,10.0,15,1012.9,0.0
2023-12-22,263.0,72.0,14.0,14.0,12.0,8.0,"Kurla, Mumbai",31.5,20.7,25.7,63,12.5,7.6,350,1013.0,0.0
2023-12-23,146.0,73.0,17.0,10.0,12.0,9.0,"Kurla, Mumbai",33.1,20.5,25.9,61,18.4,9.7,354,1013.6,0.0
2023-12-24,148.0,102.0,14.0,16.0,12.0,7.0,"Kurla, Mumbai",32.8,19.8,25.4,55,15.1,8.1,1,1014.8,0.0
2023-12-25,173.0,94.0,14.0,12.0,12.0,11.0,"Kurla, Mumbai",32.8,18.9,25.0,54,16.0,9.5,5,1014.8,0.0
2023-12-26,165.0,82.0,14.0,10.0,12.0,11.0,"Kurla, Mumbai",33.1,18.9,25.4,55,13.6,8.6,356,1014.8,0.0
2023-12-27,158.0,91.0,15.0,10.0,13.0,10.0,"Kurla, Mumbai",33.8,19.8,26.0,55,16.9,10.5,356,1014.9,0.0
2023-12-28,164.0,90.0,14.0,9.0,12.0,11.0,"Kurla, Mumbai",32.3,20.0,25.7,61,15.7,9.6,355,1013.3,0.0
2023-12-29,164.0,85.0,14.0,6.0,13.0,14.0,"Kurla, Mumbai",33.1,20.3,25.7,64,13.6,8.0,350,1013.3,0.0
2023-12-30,161.0,75.0,15.0,11.0,12.0,7.0,"Kurla, Mumbai",32.0,19.5,25.1,69,14.0,8.2,347,1013.0,0.0
2023-12-31,149.0,70.0,15.0,9.0,12.0,8.0,"Kurla, Mumbai",31.9,19.5,25.3,64,14.4,8.4,346,1012.5,0.0
2024-01-01,147.0,72.0,16.0,9.0,12.0,7.0,"Kurla, Mumbai",31.6,20.0,25.2,66,15.9,9.0,344,1012.7,0.0
2024-01-02,149.0,79.0,14.0,9.0,12.0,7.0,"Kurla, Mumbai",31.0,19.9,24.7,67,20.0,10.4,340,1012.2,0.0
2024-01-03,149.0,85.0,14.0,10.0,12.0,9.0,"Kurla, Mumbai",30.1,19.4,24.2,65,18.7,10.9,339,1011.6,0.0
2024-01-04,160.0,77.0,14.0,9.0,12.0,7.0,"Kurla, Mumbai",28.9,19.0,23.4,75,18.6,12.3,336,1012.0,0.0
2024-01-05,151.0,78.0,13.0,9.0,12.0,7.0,"Kurla, Mumbai",29.8,18.0,23.1,73,17.6,10.0,343,1012.3,0.0
2024-01-06,155.0,75.0,12.91666667,9.0,12.0,8.0,"Kurla, Mumbai",31.8,19.4,25.0,61,21.4,12.8,341,1012.0,0.0
2024-01-07,151.0,64.0,12.83333333,10.0,12.0,5.0,"Kurla, Mumbai",31.7,20.9,25.3,64,17.3,9.8,357,1012.1,0.0
2024-01-08,133.0,74.0,12.75,8.0,12.0,7.0,"Kurla, Mumbai",32.8,21.5,26.6,57,17.6,11.0,9,1012.1,0.0
2024-01-09,153.0,54.0,12.66666667,11.0,12.0,5.0,"Kurla, Mumbai",30.7,22.8,26.2,70,12.7,7.0,329,1012.8,0.7
2024-01-10,109.0,61.0,12.58333333,10.0,12.0,6.0,"Kurla, Mumbai",30.5,21.9,25.7,71,11.5,7.8,34,1013.1,0.7
2024-01-11,126.0,72.0,12.5,11.0,12.0,7.0,"Kurla, Mumbai",32.8,22.5,27.0,66,17.6,10.7,355,1013.3,0.8
2024-01-12,146.0,75.0,12.41666667,10.0,12.0,11.0,"Kurla, Mumbai",34.2,22.8,27.5,61,18.3,10.7,358,1012.6,0.0
2024-01-13,152.0,59.0,12.33333333,7.0,12.0,9.0,"Kurla, Mumbai",32.9,20.6,26.6,62,18.4,10.5,346,1013.5,0.0
2024-01-14,117.0,52.0,12.25,8.0,13.0,1.0,"Kurla, Mumbai",32.7,21.2,26.3,50,19.7,12.0,347,1014.2,0.0
2024-01-15,102.0,56.0,12.16666667,11.0,12.0,3.0,"Kurla, Mumbai",30.0,20.0,24.6,42,20.9,12.7,351,1014.1,0.0
2024-01-16,119.0,61.0,12.08333333,10.0,12.0,4.0,"Kurla, Mumbai",28.4,17.7,22.4,57,17.4,10.2,342,1012.1,0.0
2024-01-17,126.0,70.0,12.0,8.0,12.0,5.0,"Kurla, Mumbai",27.5,16.5,22.0,65,15.5,9.3,338,1011.6,0.0
2024-01-18,140.0,65.0,11.0,8.0,12.0,5.0,"Kurla, Mumbai",27.9,17.0,22.2,66,17.1,9.3,340,1012.9,0.0
2024-01-19,133.0,82.0,14.0,10.0,12.0,8.0,"Kurla, Mumbai",27.7,16.7,22.1,70,13.2,8.2,343,1012.7,0.0
2024-01-20,156.0,64.0,19.0,8.0,12.0,6.0,"Kurla, Mumbai",28.4,18.1,22.8,65,21.9,12.2,343,1013.8,0.0
2024-01-21,135.0,81.0,13.0,10.0,12.0,7.0,"Kurla, Mumbai",30.2,17.5,23.8,52,18.4,10.7,352,1013.4,0.0
2024-01-22,157.0,65.0,16.0,8.0,12.0,5.0,"Kurla, Mumbai",29.8,17.2,23.2,53,18.3,9.8,341,1014.0,0.0
2024-01-23,123.0,60.0,20.0,8.0,12.0,4.0,"Kurla, Mumbai",29.7,19.4,23.7,39,24.9,16.4,350,1014.5,0.0
2024-01-24,121.0,63.0,14.0,12.0,12.0,9.0,"Kurla, Mumbai",30.5,18.5,23.8,39,21.3,14.7,355,1014.0,0.0
2024-01-25,125.0,68.0,15.0,9.0,12.0,8.0,"Kurla, Mumbai",31.1,18.0,23.7,43,15.6,10.1,358,1014.9,0.0
2024-01-26,138.0,60.0,13.0,10.0,12.0,5.0,"Kurla, Mumbai",32.0,17.0,23.8,48,15.7,9.4,353,1015.7,0.0
2024-01-27,121.0,69.0,14.0,9.0,12.0,5.0,"Kurla, Mumbai",32.7,18.3,24.8,47,16.2,10.6,359,1015.9,0.0
2024-01-28,137.0,67.0,18.0,8.0,12.0,6.0,"Kurla, Mumbai",32.7,17.5,24.8,47,18.3,10.9,351,1015.5,0.0
2024-01-29,137.0,67.0,12.0,8.0,12.0,7.0,"Kurla, Mumbai",32.0,19.7,25.2,43,22.4,13.1,342,1015.4,0.0
2024-01-30,139.0,77.0,18.0,11.0,12.0,4.0,"Kurla, Mumbai",31.4,19.5,24.6,49,20.4,12.4,340,1014.5,0.0
2024-01-31,153.0,64.0,12.0,8.0,12.0,4.0,"Kurla, Mumbai",29.5,19.2,23.7,64,19.4,11.7,334,1014.4,0.0
2024-02-01,130.0,46.0,23.0,8.0,13.0,3.0,"Kurla, Mumbai",28.2,18.9,22.9,70,20.4,10.8,331,1015.4,0.0
2024-02-02,95.0,65.0,16.0,11.0,12.0,5.0,"Kurla, Mumbai",30.1,18.9,23.7,68,21.1,12.3,346,1015.4,0.0
2024-02-03,137.0,77.0,15.0,10.0,12.0,8.0,"Kurla, Mumbai",34.2,20.0,26.4,49,22.2,11.7,358,1014.3,0.0
2024-02-04,152.0,79.0,15.0,11.0,12.0,10.0,"Kurla, Mumbai",33.5,20.0,26.2,55,13.1,7.9,340,1015.2,0.0
2024-02-05,155.0,73.0,12.0,8.0,12.0,8.0,"Kurla, Mumbai",32.2,21.7,26.3,54,18.6,12.4,335,1015.7,0.0
2024-02-06,148.0,70.0,21.0,10.0,12.0,3.0,"Kurla, Mumbai",32.0,21.1,25.8,57,19.9,12.9,336,1015.5,0.0
2024-02-07,138.0,64.0,21.0,8.0,12.0,4.0,"Kurla, Mumbai",32.4,21.4,26.1,58,24.0,15.9,340,1016.0,0.0
2024-02-08,134.0,76.0,16.0,13.0,12.0,4.0,"Kurla, Mumbai",32.2,20.9,25.8,53,24.5,14.9,343,1015.1,0.0
2024-02-09,150.0,69.0,14.0,11.0,12.0,5.0,"Kurla, Mumbai",31.0,18.6,24.6,52,23.1,13.6,336,1014.7,0.0
2024-02-10,138.0,69.0,16.0,10.0,12.0,5.0,"Kurla, Mumbai",30.9,20.1,24.7,41,24.4,14.2,339,1015.7,0.0
2024-02-11,141.0,75.0,13.0,8.0,12.0,9.0,"Kurla, Mumbai",31.0,18.2,24.1,45,22.2,13.1,338,1015.9,0.0
2024-02-12,151.0,79.0,13.0,7.0,13.0,6.0,"Kurla, Mumbai",31.5,17.9,24.3,53,15.0,10.2,334,1015.3,0.0
2024-02-13,156.0,68.0,14.0,10.0,12.0,4.0,"Kurla, Mumbai",31.8,19.8,24.9,42,22.3,13.3,340,1015.2,0.0
2024-02-14,138.0,77.0,16.0,10.0,12.0,5.0,"Kurla, Mumbai",33.0,20.5,25.6,39,23.7,15.2,342,1014.6,0.0
2024-02-15,152.0,88.0,15.0,11.0,12.0,9.0,"Kurla, Mumbai",32.7,20.0,25.9,44,20.9,12.9,341,1013.6,0.0
2024-02-16,162.0,91.0,14.0,10.0,13.0,11.0,"Kurla, Mumbai",34.5,19.6,26.2,56,17.2,8.1,317,1013.4,0.0
2024-02-17,164.0,71.0,13.0,11.0,12.0,3.0,"Kurla, Mumbai",33.5,19.6,26.3,58,14.5,8.0,321,1012.4,0.0
2024-02-18,150.0,74.0,12.0,10.0,12.0,5.0,"Kurla, Mumbai",34.8,20.6,26.8,55,21.7,11.4,335,1011.5,0.0
2024-02-19,144.0,72.0,11.0,10.0,12.0,2.0,"Kurla, Mumbai",32.3,19.4,25.8,50,20.6,12.6,334,1012.3,0.0
2024-02-20,136.0,43.0,11.0,6.0,12.0,1.0,"Kurla, Mumbai",31.5,20.3,25.4,62,25.3,13.5,338,1013.2,0.0
2024-02-21,87.0,44.0,11.0,7.0,12.0,2.0,"Kurla, Mumbai",28.8,19.2,24.0,76,19.3,10.0,319,1013.2,0.1
2024-02-22,92.0,50.0,15.0,7.0,12.0,3.0,"Kurla, Mumbai",28.6,20.5,24.2,78,19.6,11.4,325,1013.6,0.2
2024-02-23,97.0,385.0,26.0,5.0,12.0,3.0,"Kurla, Mumbai",30.1,18.6,24.4,63,24.9,13.4,346,1013.3,0.0
2024-02-24,345.0,71.0,20.0,8.0,12.0,5.0,"Kurla, Mumbai",31.8,19.6,24.8,35,27.8,16.2,348,1012.5,0.0
2024-02-25,141.0,74.0,12.0,11.0,12.0,10.0,"Kurla, Mumbai",34.3,18.8,25.6,29,19.0,11.9,352,1010.8,0.0
2024-02-26,152.0,83.0,11.0,18.0,12.0,8.0,"Kurla, Mumbai",34.8,18.5,26.3,47,17.3,9.1,303,1010.2,0.0
2024-02-27,159.0,149.0,23.0,17.0,12.0,6.0,"Kurla, Mumbai",34.0,20.9,27.4,51,21.4,11.0,331,1011.9,0.0
2024-02-28,200.0,73.0,18.0,7.0,13.0,6.0,"Kurla, Mumbai",35.2,22.5,27.9,41,21.9,10.7,334,1011.4,0.0
2024-02-29,147.0,76.0,15.0,7.0,13.0,8.0,"Kurla, Mumbai",34.4,22.5,28.2,53,19.0,10.6,326,1010.9,0.0
2024-03-01,154.0,56.0,12.0,5.0,12.0,1.0,"Kurla, Mumbai",33.8,23.1,27.4,60,19.6,11.6,323,1012.1,0.0
2024-03-02,117.0,49.0,16.0,4.0,12.0,1.0,"Kurla, Mumbai",30.1,22.0,25.9,77,19.4,9.9,301,1012.9,0.0
2024-03-03,97.0,40.0,17.5,5.0,12.0,1.0,"Kurla, Mumbai",28.0,20.5,24.5,73,18.9,14.4,324,1013.5,0.2
2024-03-04,86.0,60.0,19.0,5.0,12.0,3.0,"Kurla, Mumbai",28.4,18.0,22.8,62,21.2,12.8,340,1013.8,0.0
2024-03-05,121.0,70.0,20.5,5.0,12.0,5.0,"Kurla, Mumbai",30.5,17.5,23.8,46,23.0,11.5,337,1012.9,0.0
2024-03-06,136.0,68.0,22.0,6.0,12.0,4.0,"Kurla, Mumbai",31.0,18.3,24.4,35,23.7,12.7,334,1012.8,0.0
2024-03-07,139.0,77.0,23.5,6.0,12.0,3.0,"Kurla, Mumbai",32.7,20.0,26.3,39,24.2,14.1,335,1012.2,0.0
2024-03-08,142.0,72.0,25.0,6.0,12.0,5.0,"Kurla, Mumbai",35.0,21.3,27.8,30,27.9,15.4,343,1012.2,0.0
2024-03-09,142.0,65.0,13.0,6.0,12.0,5.0,"Kurla, Mumbai",35.0,20.6,27.8,31,23.2,13.7,337,1012.1,0.0
2024-03-10,134.0,60.0,11.0,5.0,12.0,6.0,"Kurla, Mumbai",32.8,21.0,26.8,36,21.1,14.7,328,1013.2,0.0
2024-03-11,122.0,54.0,27.0,6.0,12.0,3.0,"Kurla, Mumbai",34.5,20.4,27.4,47,25.5,14.9,334,1014.3,0.0
2024-03-12,112.0,56.0,16.0,8.0,12.0,2.0,"Kurla, Mumbai",34.8,21.9,28.0,45,22.2,13.6,337,1013.5,0.0
2024-03-13,116.0,32.0,19.0,5.0,12.0,1.0,"Kurla, Mumbai",31.5,21.6,26.3,64,24.2,14.7,330,1013.3,0.0
2024-03-15,113.0,83.0,15.0,11.0,12.0,2.0,"Kurla, Mumbai",30.0,19.8,24.4,74,16.9,10.1,322,1012.6,0.0
2024-03-16,156.0,66.0,15.0,7.0,12.0,2.0,"Kurla, Mumbai",30.4,19.0,24.5,75,20.2,11.0,321,1012.4,0.0
2024-03-17,128.0,71.0,15.0,7.0,12.0,2.0,"Kurla, Mumbai",31.6,20.0,25.2,75,18.8,10.0,319,1012.4,0.0
2024-03-18,129.0,76.0,15.0,9.0,12.0,3.0,"Kurla, Mumbai",31.5,21.9,25.9,79,17.6,9.0,302,1012.2,0.0
2024-03-19,142.0,62.0,23.0,7.0,12.0,5.0,"Kurla, Mumbai",33.0,22.0,26.6,68,21.4,11.0,329,1012.0,0.0
2024-03-20,124.0,71.0,15.0,11.0,12.0,6.0,"Kurla, Mumbai",38.0,21.2,29.0,31,22.4,13.8,345,1010.9,0.0
2024-03-21,141.0,70.0,11.0,9.0,12.0,7.0,"Kurla, Mumbai",37.8,22.3,29.6,27,18.9,10.0,344,1009.4,0.0
2024-03-22,145.0,66.0,11.0,8.0,12.0,4.0,"Kurla, Mumbai",33.8,22.0,27.2,68,18.0,9.6,262,1009.3,0.0
2024-03-23,132.0,50.0,11.0,7.0,12.0,2.0,"Kurla, Mumbai",33.2,20.7,26.8,68,18.7,10.3,319,1009.5,0.0
2024-03-24,104.0,45.0,13.0,6.0,12.0,5.0,"Kurla, Mumbai",31.8,21.3,26.7,75,18.9,11.7,322,1010.9,0.0
2024-03-25,92.0,46.0,11.0,7.0,13.0,2.0,"Kurla, Mumbai",32.5,22.2,27.3,73,20.3,12.8,328,1011.3,0.0
2024-03-26,92.0,78.0,11.0,6.0,12.0,2.0,"Kurla, Mumbai",34.2,21.1,27.5,71,22.2,11.7,324,1011.0,0.0
2024-03-27,134.0,94.0,11.0,6.0,12.0,2.0,"Kurla, Mumbai",33.1,22.1,27.4,79,22.3,10.1,309,1012.5,0.0
2024-03-28,136.0,74.0,11.0,5.0,12.0,2.0,"Kurla, Mumbai",33.0,22.7,27.6,78,18.4,9.6,316,1011.2,0.0
2024-03-29,116.0,127.0,11.0,10.0,12.0,2.0,"Kurla, Mumbai",34.7,23.2,28.5,69,19.9,11.2,320,1010.0,0.0
2024-03-30,165.0,89.0,11.0,7.0,12.0,2.0,"Kurla, Mumbai",34.2,23.5,28.4,66,24.0,14.5,327,1011.5,0.0
2024-03-31,133.0,137.0,12.0,9.0,12.0,2.0,"Kurla, Mumbai",34.0,23.6,28.9,55,24.0,15.2,332,1012.3,0.0
2024-04-02,131.0,86.0,13.0,5.0,12.0,2.0,"Kurla, Mumbai",33.2,21.3,27.3,72,19.0,10.4,317,1008.7,0.0
2024-04-03,93.0,57.0,14.0,5.0,13.0,2.0,"Kurla, Mumbai",33.4,21.5,27.1,70,20.6,10.5,318,1009.6,0.0
2024-04-04,61.0,116.0,18.0,6.0,12.0,1.0,"Kurla, Mumbai",32.9,22.1,27.6,71,21.4,13.5,324,1010.1,0.0
2024-04-06,105.0,76.0,16.0,5.0,13.0,1.0,"Kurla, Mumbai",36.8,25.8,31.0,44,28.4,18.6,335,1008.0,0.0
2024-04-07,82.0,57.0,12.0,5.0,12.0,1.0,"Kurla, Mumbai",36.5,25.8,30.0,47,26.0,16.4,327,1008.1,0.0
2024-04-08,62.0,81.0,14.0,5.0,12.0,1.0,"Kurla, Mumbai",33.3,21.9,27.7,67,19.8,10.6,316,1008.6,0.0
2024-04-09,87.0,75.0,12.0,5.0,12.0,1.0,"Kurla, Mumbai",34.2,21.7,27.7,74,19.0,10.1,308,1009.0,0.0
2024-04-10,81.0,72.0,16.0,5.0,12.0,2.0,"Kurla, Mumbai",33.3,23.2,27.6,77,20.2,10.8,299,1009.1,0.0
2024-04-12,74.5,65.0,12.0,5.0,12.0,1.333333333,"Kurla, Mumbai",33.8,23.1,27.7,67,17.6,10.3,306,1009.4,0.0
2024-04-13,71.0,70.0,13.0,5.0,12.0,1.0,"Kurla, Mumbai",31.5,22.5,26.7,73,17.7,9.5,305,1010.0,0.0
2024-04-14,76.0,73.0,19.0,5.0,12.0,2.0,"Kurla, Mumbai",32.6,21.6,27.3,79,23.8,11.4,320,1010.5,0.0
2024-04-15,80.0,91.0,22.0,6.0,12.0,5.0,"Kurla, Mumbai",36.3,24.4,31.0,65,21.7,12.3,326,1009.7,0.0
2024-04-16,100.0,74.0,13.0,5.0,12.0,3.0,"Kurla, Mumbai",41.3,27.8,34.0,47,21.6,14.0,338,1008.1,0.0
2024-04-17,80.0,202.0,13.0,6.0,12.0,2.0,"Kurla, Mumbai",33.8,27.9,30.8,66,18.2,11.5,223,1008.4,0.0
2024-04-18,120.0,103.0,11.0,5.0,12.0,2.0,"Kurla, Mumbai",34.3,27.0,30.5,73,21.3,11.1,276,1008.1,0.0
2024-04-19,99.0,71.0,14.0,5.0,12.0,1.0,"Kurla, Mumbai",35.7,26.5,30.9,64,26.7,12.4,307,1006.6,0.0
2024-04-20,77.0,76.0,13.0,5.0,12.0,2.0,"Kurla, Mumbai",35.7,26.1,30.5,59,27.0,14.0,326,1007.1,0.0
2024-04-21,82.0,63.0,15.0,5.0,12.0,1.0,"Kurla, Mumbai",34.0,24.3,29.6,61,26.0,14.9,327,1007.8,0.0
2024-04-22,68.0,74.0,14.0,5.0,12.0,1.0,"Kurla, Mumbai",34.2,25.8,29.7,66,24.4,14.6,325,1008.5,0.0
2024-04-23,80.0,70.0,13.0,5.0,12.0,1.0,"Kurla, Mumbai",34.3,24.2,29.2,68,23.5,13.6,322,1007.4,0.0
2024-04-24,75.0,88.0,13.0,5.0,12.0,1.0,"Kurla, Mumbai",33.8,23.8,29.0,72,22.3,13.2,319,1006.6,0.0
2024-04-26,90.5,79.0,12.0,7.0,12.0,2.0,"Kurla, Mumbai",35.2,25.7,30.1,65,22.1,13.9,322,1006.9,0.0
2024-04-27,86.0,70.0,13.0,6.0,12.0,2.0,"Kurla, Mumbai",36.1,26.0,31.0,60,23.4,15.7,329,1006.7,0.0
2024-04-28,76.0,124.0,16.0,6.0,12.0,2.0,"Kurla, Mumbai",39.3,27.0,33.0,47,27.2,17.7,334,1006.5,0.0
2024-04-29,128.0,82.0,18.0,5.0,12.0,1.0,"Kurla, Mumbai",38.2,26.8,32.6,44,26.6,16.8,331,1007.8,0.0
2024-04-30,88.0,66.0,13.0,5.0,12.0,1.0,"Kurla, Mumbai",37.6,25.8,31.8,53,27.0,15.0,325,1006.8,0.0
2024-05-01,71.0,70.0,12.0,5.0,12.0,1.0,"Kurla, Mumbai",34.5,25.0,29.5,64,20.0,11.4,302,1006.0,0.0
2024-05-02,75.0,95.0,11.0,5.0,12.0,1.0,"Kurla, Mumbai",33.4,24.2,28.7,69,20.5,9.3,280,1006.3,0.0
2024-05-03,103.0,96.0,11.0,4.0,13.0,1.0,"Kurla, Mumbai",33.2,23.2,28.0,77,20.2,9.9,303,1007.6,0.0
2024-05-04,103.0,79.0,11.0,4.0,12.0,1.0,"Kurla, Mumbai",33.2,24.0,28.8,80,21.9,11.2,303,1008.3,0.0
2024-05-05,85.0,86.0,11.0,4.0,12.0,1.0,"Kurla, Mumbai",34.7,24.9,29.8,74,23.5,11.6,310,1006.6,0.0
2024-05-06,92.0,78.0,11.0,3.0,12.0,1.0,"Kurla, Mumbai",33.2,25.5,29.2,78,20.7,11.1,305,1007.6,0.0
2024-05-07,84.0,85.0,11.0,4.0,12.0,1.0,"Kurla, Mumbai",33.3,25.5,29.3,77,20.4,11.5,276,1008.5,0.0
2024-05-08,91.0,72.0,12.0,4.0,12.0,1.0,"Kurla, Mumbai",33.0,26.5,29.6,74,24.4,11.4,284,1008.0,0.0
2024-05-09,78.0,88.0,11.0,4.0,12.0,1.0,"Kurla, Mumbai",32.8,26.2,29.6,77,20.3,10.2,294,1007.2,0.0
2024-05-10,96.0,105.0,11.0,4.0,12.0,1.0,"Kurla, Mumbai",33.2,26.1,29.5,76,19.9,11.5,296,1008.3,0.0
2024-05-11,116.0,97.0,12.0,5.0,12.0,1.0,"Kurla, Mumbai",33.5,26.3,29.7,78,23.9,13.2,316,1008.9,0.0
2024-05-12,105.0,83.0,11.0,5.0,13.0,5.0,"Kurla, Mumbai",33.8,27.1,30.3,75,22.4,13.3,319,1008.9,0.0
2024-05-13,89.0,82.0,16.0,6.0,12.0,4.0,"Kurla, Mumbai",34.8,27.5,30.4,73,22.5,10.9,331,1008.4,1.8
2024-05-14,92.0,87.0,11.0,6.0,13.0,6.0,"Kurla, Mumbai",37.5,27.5,31.3,64,23.7,12.9,319,1007.7,0.0
2024-05-15,93.0,55.0,16.0,6.0,12.0,3.0,"Kurla, Mumbai",36.0,26.7,31.3,69,21.1,11.4,306,1008.0,0.0
2024-05-16,82.0,74.0,14.0,5.0,12.0,2.0,"Kurla, Mumbai",38.9,27.1,32.3,66,18.1,7.1,267,1008.0,0.1
2024-05-17,103.0,127.0,11.0,5.0,12.0,1.0,"Kurla, Mumbai",36.2,28.3,31.5,67,17.3,9.4,254,1007.2,0.0
2024-05-18,151.0,95.0,11.0,5.0,12.0,2.0,"Kurla, Mumbai",34.7,27.6,31.1,79,17.3,8.5,265,1005.1,0.0
2024-05-19,124.0,72.0,11.0,5.0,12.0,1.0,"Kurla, Mumbai",34.1,26.5,30.8,77,19.3,9.6,261,1003.3,5.6
2024-05-20,107.0,50.0,11.0,5.0,12.0,1.0,"Kurla, Mumbai",35.1,29.1,31.5,74,21.2,12.4,251,1003.7,0.0
2024-05-21,89.0,80.0,11.0,5.0,12.0,1.0,"Kurla, Mumbai",35.3,28.5,31.7,75,21.9,11.4,272,1003.4,0.1
2024-05-22,121.0,102.0,11.0,4.0,12.0,1.0,"Kurla, Mumbai",34.5,28.9,31.4,77,18.7,12.8,274,1003.0,0.3
2024-05-23,146.0,74.0,11.0,4.0,12.0,1.0,"Kurla, Mumbai",34.2,28.0,31.0,78,24.2,11.9,268,1002.2,0.0
2024-05-24,118.0,67.0,11.0,4.0,12.0,1.0,"Kurla, Mumbai",34.7,28.1,30.9,76,18.4,11.9,266,1002.3,0.2
2024-05-25,113.0,73.0,11.0,4.0,12.0,1.0,"Kurla, Mumbai",33.7,28.5,30.8,73,19.4,14.1,272,1003.6,0.7
2024-05-26,119.0,209.0,11.0,5.0,12.0,2.0,"Kurla, Mumbai",33.4,29.0,31.1,69,21.3,16.5,274,1004.5,0.5
2024-05-27,147.0,153.0,11.0,4.0,12.0,1.0,"Kurla, Mumbai",33.5,29.2,30.8,72,21.3,16.4,268,1004.2,0.5
2024-05-28,145.0,78.0,11.0,5.0,12.0,1.0,"Kurla, Mumbai",33.7,28.9,31.1,70,21.3,17.1,258,1004.5,0.6
2024-05-29,67.0,74.0,11.0,4.0,12.0,1.0,"Kurla, Mumbai",34.0,29.1,31.4,64,23.4,18.4,245,1004.6,0.4
2024-05-30,72.0,106.0,11.0,4.0,12.0,1.0,"Kurla, Mumbai",34.5,29.0,31.6,65,19.2,14.4,259,1005.5,0.2
2024-05-31,78.0,68.0,11.0,5.0,12.0,1.0,"Kurla, Mumbai",34.3,28.0,30.7,79,19.5,11.2,269,1006.3,0.6
2024-06-01,52.0,66.0,11.0,5.0,13.0,1.0,"Kurla, Mumbai",34.0,27.5,30.9,74,18.7,12.0,266,1006.1,0.8
2024-06-02,38.0,70.0,11.0,4.0,12.0,1.0,"Kurla, Mumbai",34.5,28.0,31.2,69,17.9,11.3,271,1006.3,0.3
2024-06-03,72.0,71.0,11.0,4.0,12.0,1.0,"Kurla, Mumbai",34.2,28.6,31.5,70,15.5,9.3,273,1006.5,0.7
2024-06-04,57.0,71.0,11.0,4.0,12.0,1.0,"Kurla, Mumbai",33.5,27.8,30.0,77,15.9,9.1,211,1007.1,4.8
2024-06-05,48.0,70.0,11.0,4.0,12.0,1.0,"Kurla, Mumbai",33.8,26.5,29.5,78,16.5,9.5,213,1007.4,6.7
2024-06-06,41.0,69.0,11.0,4.0,12.0,1.0,"Kurla, Mumbai",34.1,26.5,29.8,78,17.3,7.9,264,1008.0,1.2
2024-06-07,47.0,73.0,11.0,4.0,12.0,1.0,"Kurla, Mumbai",33.5,28.0,30.4,74,18.0,11.6,302,1006.2,1.1
2024-06-08,56.0,67.0,11.0,4.0,13.0,2.0,"Kurla, Mumbai",34.3,26.5,29.9,74,20.0,12.1,305,1005.0,6.3
2024-06-09,21.0,372.0,12.0,3.0,12.0,3.0,"Kurla, Mumbai",31.6,26.0,28.7,81,13.6,8.4,290,1004.9,23.0
2024-06-10,125.0,676.0,13.0,3.0,13.0,4.0,"Kurla, Mumbai",29.8,25.7,27.1,87,14.7,7.5,246,1006.3,33.2
2024-06-11,173.0,75.0,11.0,3.0,12.0,1.0,"Kurla, Mumbai",30.2,25.6,27.7,87,13.5,7.6,246,1006.8,10.8
2024-06-12,41.0,66.0,11.0,3.0,12.0,1.0,"Kurla, Mumbai",30.0,25.6,27.7,86,16.1,10.2,219,1007.6,14.3
2024-06-13,38.0,68.0,11.0,3.0,13.0,1.0,"Kurla, Mumbai",30.0,26.2,27.5,86,17.7,10.5,216,1007.2,13.6
2024-06-14,42.0,68.0,11.0,3.0,12.0,1.0,"Kurla, Mumbai",29.2,25.8,27.0,86,18.3,11.3,200,1006.4,8.6
2024-06-15,21.0,74.0,11.0,3.0,12.0,2.0,"Kurla, Mumbai",29.8,25.8,27.7,83,18.9,14.8,188,1005.6,2.2
2024-06-16,120.0,69.0,11.0,3.0,12.0,2.0,"Kurla, Mumbai",31.0,26.1,28.5,81,15.0,9.8,210,1005.8,1.4
2024-06-17,39.0,71.0,11.0,3.0,12.0,3.0,"Kurla, Mumbai",31.5,26.5,28.3,83,18.6,11.7,202,1006.1,7.4
2024-06-18,75.0,70.0,11.0,3.0,12.0,1.0,"Kurla, Mumbai",29.8,26.1,27.3,87,20.8,14.6,212,1005.9,30.3
2024-06-19,31.0,737.0,11.0,3.0,13.0,4.0,"Kurla, Mumbai",29.2,26.0,27.4,85,18.9,14.6,218,1004.0,23.3
2024-06-20,45.0,405.5,11.0,3.0,12.0,1.0,"Kurla, Mumbai",28.5,26.1,27.2,88,20.7,15.3,213,1003.1,48.6
2024-06-21,38.0,74.0,11.0,3.0,12.0,2.0,"Kurla, Mumbai",31.1,24.9,27.7,86,20.9,15.0,220,1003.6,22.9
2024-06-22,22.0,71.0,11.0,3.0,12.0,3.0,"Kurla, Mumbai",30.2,25.3,27.5,85,16.8,12.1,209,1002.5,5.3
2024-06-23,34.0,67.0,11.0,3.0,12.0,1.0,"Kurla, Mumbai",29.8,25.8,27.8,86,16.6,11.2,208,1001.5,4.2
2024-06-24,26.0,66.0,11.0,3.0,12.0,1.0,"Kurla, Mumbai",29.6,26.0,27.7,86,18.0,9.4,199,999.7,11.3
2024-06-25,16.0,65.0,11.0,3.0,12.0,1.0,"Kurla, Mumbai",30.6,26.1,28.1,85,31.7,19.1,174,998.0,6.8
2024-06-26,11.0,66.0,11.0,3.0,12.0,1.0,"Kurla, Mumbai",30.5,26.9,27.9,87,29.9,22.9,204,998.0,23.0
2024-06-27,10.0,68.0,11.0,3.0,12.0,1.0,"Kurla, Mumbai",28.8,26.5,27.1,90,27.5,22.4,211,1000.6,98.7
2024-06-28,17.0,69.0,11.0,3.0,12.0,1.0,"Kurla, Mumbai",28.2,26.0,27.1,89,27.8,23.6,206,1001.9,45.3
2024-06-29,21.0,69.0,11.0,3.0,12.0,1.0,"Kurla, Mumbai",30.0,25.9,27.5,87,26.2,20.4,198,1003.0,21.3
2024-06-30,24.0,68.0,11.0,3.0,12.0,1.0,"Kurla, Mumbai",29.4,26.2,27.7,87,30.6,20.8,212,1003.4,21.3
2024-07-01,22.0,70.0,11.0,3.0,12.0,1.0,"Kurla, Mumbai",30.6,26.8,28.2,82,36.4,30.7,223,1002.3,16.3
2024-07-02,30.0,68.0,11.0,3.0,12.0,1.0,"Kurla, Mumbai",30.4,26.1,28.6,82,32.0,26.8,233,1001.7,8.1
2024-07-03,21.0,68.0,11.0,3.0,12.0,1.0,"Kurla, Mumbai",30.0,26.3,28.6,84,28.6,24.0,228,1002.7,8.9
2024-07-04,172.0,67.0,11.0,3.0,12.0,1.0,"Kurla, Mumbai",29.0,26.5,27.8,85,24.3,19.6,227,1004.0,8.7
2024-07-05,323.0,65.0,11.0,3.0,12.0,1.666666667,"Kurla, Mumbai",29.1,25.9,27.4,87,23.0,19.6,225,1002.2,12.2
2024-07-06,23.0,53.0,11.0,3.0,12.0,2.333333333,"Kurla, Mumbai",29.5,25.8,27.6,85,26.7,21.6,234,1001.3,17.6
2024-07-07,18.0,149.0,11.0,3.0,12.0,3.0,"Kurla, Mumbai",29.2,25.6,27.3,88,20.9,15.7,229,1002.4,11.8
2024-07-10,65.0,57.0,11.0,3.0,12.0,2.0,"Kurla, Mumbai",28.8,25.2,26.6,88,21.3,15.3,208,1006.1,36.0
2024-07-11,55.0,51.0,11.0,3.0,12.0,3.0,"Kurla, Mumbai",28.8,24.6,26.4,90,21.6,15.5,231,1005.8,39.1
2024-07-12,50.0,23.0,11.0,3.0,13.0,2.0,"Kurla, Mumbai",26.9,25.2,26.0,92,21.0,15.8,247,1003.9,83.3
2024-07-14,39.5,35.0,12.0,3.0,13.0,3.0,"Kurla, Mumbai",26.5,24.5,25.6,93,24.5,12.9,255,1001.8,50.5
2024-07-15,46.0,47.0,11.0,3.0,12.0,3.0,"Kurla, Mumbai",28.0,24.9,26.4,89,14.8,9.5,239,1001.1,10.2
2024-07-16,47.0,55.0,11.0,3.0,12.0,2.0,"Kurla, Mumbai",29.0,25.2,26.6,90,20.0,14.7,214,1000.4,17.6
2024-07-17,60.0,33.0,11.0,3.0,13.0,1.0,"Kurla, Mumbai",27.6,25.8,26.5,90,23.9,17.8,228,1002.0,45.3
2024-07-18,36.0,59.0,11.0,3.0,13.0,1.0,"Kurla, Mumbai",28.1,25.7,26.4,91,26.4,20.0,236,1002.6,57.6
2024-07-19,63.0,31.0,11.0,3.0,12.0,1.333333333,"Kurla, Mumbai",27.3,25.6,26.2,91,26.9,22.0,234,1000.8,48.3
2024-07-21,45.0,46.0,11.0,3.0,12.0,2.0,"Kurla, Mumbai",27.1,25.9,26.4,90,27.2,22.7,238,1001.8,48.9
2024-07-22,53.0,42.0,11.0,3.0,12.0,1.0,"Kurla, Mumbai",26.9,25.7,26.3,90,28.1,23.9,237,1003.7,54.7
2024-07-23,55.0,53.0,11.0,3.0,12.0,1.0,"Kurla, Mumbai",26.5,25.5,26.2,90,29.0,25.3,242,1004.6,42.1
2024-07-24,63.0,40.0,11.0,3.0,12.0,1.0,"Kurla, Mumbai",27.0,25.5,26.2,90,32.4,27.7,248,1002.2,54.4
2024-07-25,47.0,66.0,11.0,3.0,12.0,1.0,"Kurla, Mumbai",27.4,25.1,26.2,89,33.6,26.9,261,1001.2,74.2
2024-07-26,63.0,57.0,11.0,3.0,12.0,1.0,"Kurla, Mumbai",28.5,25.3,26.7,87,27.7,22.8,255,1002.5,22.9
2024-07-27,58.0,102.0,11.0,3.0,12.0,1.0,"Kurla, Mumbai",28.8,25.8,27.2,83,29.3,25.1,258,1003.3,8.2
2024-07-28,77.0,61.0,11.0,3.0,12.0,1.0,"Kurla, Mumbai",29.2,26.0,27.0,87,27.1,22.0,260,1001.0,19.0
2024-07-29,61.0,65.0,11.0,3.0,12.0,1.0,"Kurla, Mumbai",27.7,25.6,26.4,89,25.4,20.1,247,999.8,34.2
2024-07-30,63.0,65.0,11.0,4.0,12.0,1.0,"Kurla, Mumbai",28.1,25.2,26.6,89,23.2,17.3,241,1003.0,17.4
2024-07-31,67.0,68.0,11.0,5.0,12.0,1.0,"Kurla, Mumbai",28.6,24.9,26.8,88,20.8,16.0,248,1005.4,22.1
2024-08-01,107.0,56.0,11.0,4.0,12.0,1.0,"Kurla, Mumbai",29.4,25.1,26.9,86,26.3,20.1,245,1005.1,15.8
2024-08-02,59.0,49.0,11.0,5.0,12.0,1.0,"Kurla, Mumbai",28.3,25.3,26.4,86,29.2,23.9,241,1004.8,28.2
2024-08-03,54.0,49.0,11.0,5.0,12.0,1.0,"Kurla, Mumbai",27.5,25.6,26.3,87,30.2,25.9,244,1005.0,24.5
2024-08-04,55.0,48.0,11.0,4.0,9.0,1.0,"Kurla, Mumbai",27.0,25.5,26.2,88,27.8,23.5,245,1005.5,39.4
2024-08-05,54.0,49.0,11.0,4.0,7.0,1.0,"Kurla, Mumbai",28.9,25.6,27.1,84,24.0,20.8,231,1006.4,5.8
2024-08-06,53.0,49.0,11.0,4.0,7.0,1.0,"Kurla, Mumbai",28.6,25.5,27.0,84,20.0,17.2,237,1006.5,5.2
2024-08-07,53.0,57.0,11.0,4.0,7.0,1.0,"Kurla, Mumbai",28.8,25.3,26.9,85,19.2,15.5,253,1006.6,5.6
2024-08-08,56.0,56.0,11.0,4.0,7.0,1.0,"Kurla, Mumbai",28.6,25.5,26.8,83,18.8,14.3,248,1007.5,4.2
2024-08-09,55.0,48.0,11.0,4.0,7.0,1.0,"Kurla, Mumbai",27.8,25.1,26.1,88,16.0,12.6,252,1008.5,15.5
2024-08-10,49.0,54.0,11.0,4.0,7.0,1.0,"Kurla, Mumbai",28.1,25.0,26.7,85,18.7,11.7,259,1008.3,4.7
2024-08-11,54.0,45.0,5.0,4.0,7.0,1.0,"Kurla, Mumbai",29.2,25.9,27.2,82,20.4,15.8,255,1006.7,2.4
2024-08-12,59.0,51.0,5.0,4.0,7.0,1.0,"Kurla, Mumbai",28.9,25.7,27.1,84,21.5,13.1,248,1006.5,2.9
2024-08-13,63.0,50.0,5.0,5.0,7.0,1.0,"Kurla, Mumbai",28.8,25.4,27.0,85,16.9,9.5,254,1007.0,3.6
2024-08-14,56.0,29.0,5.0,5.0,7.0,1.0,"Kurla, Mumbai",29.1,25.5,27.1,85,16.1,7.2,286,1007.0,1.9
2024-08-15,49.0,49.0,5.0,4.0,7.0,1.0,"Kurla, Mumbai",29.4,25.4,27.3,84,18.1,7.3,288,1006.0,1.2
2024-08-16,63.0,47.0,5.0,4.0,7.0,1.0,"Kurla, Mumbai",29.5,25.8,27.5,84,16.6,8.2,266,1004.9,0.9
2024-08-17,58.0,43.0,5.0,5.0,7.0,1.0,"Kurla, Mumbai",29.6,25.6,27.5,85,13.1,6.6,281,1006.0,0.5
2024-08-18,53.0,41.0,5.0,5.0,7.0,1.0,"Kurla, Mumbai",29.9,25.5,27.6,86,13.7,7.6,324,1006.6,2.9
2024-08-19,59.0,35.0,5.0,4.0,7.0,3.0,"Kurla, Mumbai",29.0,25.5,27.1,89,15.9,7.9,345,1005.9,16.7
2024-08-20,56.0,41.0,5.0,5.0,7.0,3.0,"Kurla, Mumbai",28.6,25.0,26.3,91,13.1,6.1,350,1005.6,28.8
2024-08-21,62.0,53.0,6.0,4.0,7.0,2.0,"Kurla, Mumbai",30.3,25.3,27.6,87,17.3,8.4,337,1005.5,0.2
2024-08-22,67.0,24.0,5.0,4.0,7.0,1.0,"Kurla, Mumbai",30.0,25.9,27.9,86,15.8,9.6,206,1005.0,4.7
2024-08-23,37.0,43.0,5.0,4.0,7.0,2.0,"Kurla, Mumbai",28.5,25.9,26.9,90,18.1,11.6,174,1005.5,16.0
2024-08-24,37.0,22.0,5.0,4.0,7.0,1.923076923,"Kurla, Mumbai",26.5,25.2,25.8,92,20.9,13.8,274,1006.5,61.7
2024-08-25,43.0,22.0,5.0,4.0,7.0,1.846153846,"Kurla, Mumbai",27.6,24.7,26.1,88,26.0,21.4,259,1005.5,28.0
2024-08-26,43.0,19.0,5.0,4.0,7.0,1.769230769,"Kurla, Mumbai",27.0,24.4,26.1,87,28.1,25.2,252,1003.9,22.6
2024-08-27,39.0,21.0,5.0,4.0,7.0,1.692307692,"Kurla, Mumbai",27.5,24.8,26.0,87,31.1,25.1,222,1004.7,17.9
2024-08-28,42.0,29.0,5.0,4.0,7.0,1.615384615,"Kurla, Mumbai",28.9,25.0,26.8,85,32.1,25.2,225,1005.5,14.4
2024-08-29,51.0,28.0,5.0,4.0,7.0,1.538461538,"Kurla, Mumbai",29.0,26.1,27.3,84,25.3,21.3,225,1004.8,5.1
2024-08-30,43.0,41.0,5.0,4.0,7.0,1.461538462,"Kurla, Mumbai",29.0,25.1,26.9,85,19.8,15.2,216,1006.0,6.5
2024-08-31,59.0,36.0,5.0,4.0,7.0,1.384615385,"Kurla, Mumbai",28.9,25.2,27.0,85,12.9,8.8,246,1007.2,2.1
2024-09-01,55.0,34.0,6.0,4.0,7.0,1.307692308,"Kurla, Mumbai",27.8,25.3,26.7,85,13.2,8.9,292,1006.9,2.3
2024-09-02,52.0,31.0,5.0,4.0,7.0,1.230769231,"Kurla, Mumbai",27.2,24.9,26.1,90,19.5,13.5,298,1005.7,29.6
2024-09-03,47.0,25.0,5.0,4.0,7.0,1.153846154,"Kurla, Mumbai",27.2,24.8,26.0,89,16.0,11.1,268,1006.5,13.0
2024-09-04,38.0,24.0,5.0,4.0,7.0,1.076923077,"Kurla, Mumbai",28.3,25.1,26.3,88,19.4,13.6,258,1007.4,17.1
2024-09-05,37.0,28.0,5.0,4.0,7.0,1.0,"Kurla, Mumbai",28.2,25.2,26.3,88,23.4,16.9,264,1006.0,27.9
2024-09-06,43.0,23.0,5.0,4.0,7.0,1.0,"Kurla, Mumbai",28.4,25.0,26.5,86,21.3,13.6,261,1006.9,14.7
2024-09-07,34.0,22.0,6.0,4.0,7.0,1.0,"Kurla, Mumbai",28.3,25.1,26.4,87,17.2,10.8,254,1007.6,10.0
2024-09-08,34.0,26.0,5.0,5.0,7.0,1.0,"Kurla, Mumbai",28.7,24.9,26.5,86,14.9,9.4,237,1007.6,4.2
2024-09-09,41.0,27.0,5.0,4.0,7.0,1.0,"Kurla, Mumbai",28.8,25.0,26.7,85,16.4,8.8,250,1005.3,2.0
2024-09-10,43.0,27.0,5.0,4.0,7.0,1.0,"Kurla, Mumbai",28.5,25.0,26.6,86,17.6,10.2,248,1004.5,3.9
2024-09-11,42.0,31.0,5.0,4.0,7.0,1.0,"Kurla, Mumbai",28.1,24.9,26.3,86,18.5,12.1,224,1005.6,4.6
2024-09-12,48.0,39.0,5.0,4.0,7.0,2.0,"Kurla, Mumbai",28.4,24.9,26.3,86,17.9,13.1,231,1007.4,8.2
2024-09-13,58.0,47.0,5.0,4.0,7.0,1.0,"Kurla, Mumbai",28.6,24.6,26.3,83,19.2,12.2,228,1007.8,4.5
2024-09-14,67.0,34.0,6.0,5.0,7.0,3.0,"Kurla, Mumbai",27.9,23.8,25.2,87,16.7,10.7,221,1007.7,9.1
2024-09-15,51.0,55.0,6.0,4.0,7.0,5.0,"Kurla, Mumbai",27.4,23.5,25.3,87,13.4,7.9,229,1008.3,3.9
2024-09-16,78.0,47.0,6.0,4.0,7.0,4.0,"Kurla, Mumbai",28.7,23.8,26.1,87,14.6,8.4,226,1008.8,2.4
2024-09-17,68.0,56.0,5.0,5.0,7.0,1.0,"Kurla, Mumbai",28.9,23.1,26.0,84,15.6,7.4,318,1009.0,0.2
2024-09-18,79.0,62.0,5.0,5.0,7.0,1.0,"Kurla, Mumbai",29.2,23.4,26.2,83,13.0,7.1,248,1007.0,0.8
2024-09-19,93.0,59.0,6.0,5.0,7.0,2.0,"Kurla, Mumbai",29.5,24.5,27.1,81,12.8,6.4,257,1007.4,1.0
2024-09-20,88.0,53.0,5.0,5.0,7.0,1.0,"Kurla, Mumbai",28.4,23.3,26.3,87,15.9,6.8,217,1007.8,5.2
2024-09-21,77.0,42.0,5.0,5.0,7.0,1.0,"Kurla, Mumbai",29.7,23.9,27.0,83,15.8,6.9,317,1008.5,1.9
2024-09-22,62.0,49.0,6.0,5.0,7.0,1.0,"Kurla, Mumbai",29.6,25.0,27.3,83,18.5,9.7,331,1007.7,2.2
2024-09-23,72.0,36.0,5.0,5.0,7.0,1.0,"Kurla, Mumbai",28.9,26.0,27.3,87,17.6,10.0,334,1006.6,5.7
2024-09-24,52.0,28.0,5.0,4.0,7.0,2.0,"Kurla, Mumbai",29.0,24.7,26.4,91,22.7,10.3,343,1004.9,23.1
2024-09-25,40.0,23.0,5.0,4.0,7.0,1.0,"Kurla, Mumbai",28.0,24.3,25.9,92,20.6,10.1,328,1004.2,36.4
2024-09-26,34.0,19.0,5.0,4.0,7.0,1.0,"Kurla, Mumbai",26.5,24.5,25.6,94,18.7,8.7,233,1003.2,48.0
2024-09-27,28.0,29.0,6.0,4.0,7.0,1.0,"Kurla, Mumbai",26.8,25.5,26.0,90,28.1,23.6,250,1004.8,61.7
2024-09-28,45.0,34.0,6.0,4.0,7.0,2.0,"Kurla, Mumbai",28.0,24.9,26.6,86,17.9,13.0,239,1008.0,5.8
2024-09-29,51.0,39.0,6.0,5.0,7.0,3.0,"Kurla, Mumbai",28.6,25.0,26.6,88,14.8,8.8,246,1010.1,4.6
2024-09-30,58.0,56.0,6.0,5.0,7.0,3.0,"Kurla, Mumbai",29.7,24.7,27.1,88,15.2,7.3,322,1010.1,1.6
2024-10-01,85.0,827.0,5.0,5.0,7.0,3.0,"Kurla, Mumbai",31.5,25.0,27.9,89,15.7,8.3,340,1008.1,0.6
2024-10-02,409.0,653.0,5.0,5.0,7.0,1.0,"Kurla, Mumbai",30.7,26.0,27.9,91,15.0,6.3,277,1008.8,1.3
2024-10-03,116.0,41.0,6.0,5.0,7.0,2.0,"Kurla, Mumbai",30.0,25.4,27.5,87,15.7,7.2,266,1009.3,1.4
2024-10-04,59.0,38.0,5.0,5.0,7.0,2.0,"Kurla, Mumbai",29.5,25.2,27.2,86,14.4,6.7,285,1009.2,1.4
2024-10-05,58.0,45.0,6.0,5.0,7.0,1.0,"Kurla, Mumbai",29.5,24.3,26.6,86,14.7,6.6,321,1009.7,1.1
2024-10-06,61.0,72.0,6.0,6.0,7.0,4.0,"Kurla, Mumbai",31.2,24.3,26.9,86,17.9,8.2,3,1009.7,21.4
2024-10-07,88.0,77.0,6.0,6.0,7.0,3.0,"Kurla, Mumbai",31.6,24.8,28.1,84,13.7,7.9,353,1009.8,0.6
2024-10-08,94.0,57.0,5.0,6.0,7.0,4.0,"Kurla, Mumbai",32.2,25.2,28.4,85,14.1,7.4,234,1010.0,0.0
2024-10-09,90.0,48.0,6.0,6.0,7.0,2.0,"Kurla, Mumbai",29.1,25.0,26.8,88,18.9,6.3,88,1008.7,6.4
2024-10-10,78.0,37.0,6.0,6.0,7.0,2.0,"Kurla, Mumbai",29.6,24.4,26.7,86,15.9,7.5,62,1006.9,6.4
2024-10-11,68.0,36.0,6.0,5.0,7.0,3.0,"Kurla, Mumbai",31.5,25.0,27.4,83,15.7,7.8,111,1006.4,22.0
2024-10-12,67.0,39.0,6.0,5.0,7.0,4.0,"Kurla, Mumbai",31.4,24.2,27.5,86,11.5,6.1,98,1007.6,0.7
2024-10-13,69.0,27.0,6.0,5.0,7.0,4.0,"Kurla, Mumbai",30.6,24.8,27.4,86,10.9,6.9,148,1008.7,2.0
2024-10-14,58.0,39.0,6.0,5.0,7.0,4.0,"Kurla, Mumbai",31.5,24.1,26.8,87,16.0,7.2,40,1009.2,5.2
2024-10-15,70.0,52.0,6.0,5.0,7.0,6.0,"Kurla, Mumbai",29.6,24.4,26.7,87,11.9,6.4,153,1009.4,0.0
2024-10-16,83.0,53.0,6.0,5.0,7.0,5.0,"Kurla, Mumbai",30.7,24.6,27.2,88,12.5,6.4,80,1008.6,8.6
2024-10-17,86.0,46.0,5.0,5.0,7.0,2.0,"Kurla, Mumbai",29.0,25.2,27.1,91,12.3,7.0,314,1007.9,2.9
2024-10-18,78.0,29.0,6.0,5.0,7.0,2.0,"Kurla, Mumbai",31.9,24.7,27.7,85,13.4,7.9,159,1007.7,12.4
2024-10-19,61.0,33.0,6.0,7.0,7.0,2.0,"Kurla, Mumbai",30.0,24.0,26.3,88,12.1,6.3,113,1010.2,7.9
2024-10-20,64.0,25.0,6.0,6.0,7.0,1.0,"Kurla, Mumbai",29.8,24.0,26.4,87,8.2,5.6,107,1011.0,6.8
2024-10-21,57.0,69.0,6.0,6.0,7.0,1.0,"Kurla, Mumbai",30.4,23.9,26.9,85,8.8,5.5,93,1011.0,13.3
2024-10-22,83.0,113.0,6.0,6.0,7.0,1.0,"Kurla, Mumbai",30.3,23.5,26.6,87,12.3,6.5,23,1010.9,7.3
2024-10-23,109.0,157.0,6.0,7.0,7.0,1.0,"Kurla, Mumbai",31.4,24.1,27.3,85,14.8,8.0,1,1010.3,0.0
2024-10-24,135.0,82.0,6.0,7.0,7.0,3.0,"Kurla, Mumbai",32.5,24.5,28.1,75,14.9,8.1,12,1009.9,0.0
2024-10-25,129.0,75.0,6.0,7.0,7.0,2.0,"Kurla, Mumbai",31.1,22.5,27.0,74,12.5,8.0,355,1010.0,0.0
2024-10-26,123.0,90.0,6.0,7.0,7.0,3.0,"Kurla, Mumbai",32.5,22.0,26.9,68,17.0,9.5,2,1010.2,0.0
2024-10-27,142.0,83.0,6.0,5.0,7.0,3.0,"Kurla, Mumbai",31.6,22.0,26.9,78,15.9,8.7,343,1009.0,0.0
2024-10-28,129.0,65.0,5.0,3.0,7.0,1.0,"Kurla, Mumbai",31.8,23.0,27.1,83,16.2,7.8,336,1007.6,0.0
2024-10-29,110.0,81.0,5.0,3.0,7.0,2.0,"Kurla, Mumbai",31.2,24.5,27.6,87,13.7,6.3,287,1008.8,0.0
2024-10-30,128.0,93.0,6.0,3.0,7.0,3.0,"Kurla, Mumbai",32.7,24.0,27.7,83,12.5,6.4,13,1009.7,0.0
2024-10-31,134.0,96.0,5.0,3.0,7.0,2.0,"Kurla, Mumbai",32.4,24.1,28.3,75,15.2,7.5,343,1010.3,0.0
2024-11-01,131.0,131.0,5.0,3.0,7.0,2.0,"Kurla, Mumbai",31.2,24.5,27.9,82,14.1,7.8,266,1011.7,0.3
2024-11-02,145.0,83.0,5.0,3.0,7.0,2.0,"Kurla, Mumbai",33.0,24.1,28.0,76,17.5,8.1,358,1011.9,0.0
2024-11-03,123.0,87.0,5.0,3.0,7.0,2.0,"Kurla, Mumbai",34.2,22.2,28.0,65,16.6,8.8,14,1011.6,0.0
2024-11-04,128.0,76.0,5.0,3.0,7.0,2.0,"Kurla, Mumbai",34.0,22.8,27.9,60,19.7,9.2,24,1010.8,0.0
2024-11-05,124.0,74.0,5.0,3.0,7.0,2.0,"Kurla, Mumbai",34.3,22.6,28.2,60,15.8,9.0,49,1011.4,0.0
2024-11-06,121.0,82.0,5.0,3.0,7.0,2.0,"Kurla, Mumbai",33.7,22.0,27.9,61,17.7,9.2,355,1012.3,0.0
2024-11-07,140.0,87.0,5.0,3.0,7.0,3.0,"Kurla, Mumbai",33.5,21.6,27.4,57,16.1,9.1,10,1012.1,0.0
2024-11-08,147.0,82.0,5.0,3.0,7.0,3.0,"Kurla, Mumbai",33.8,22.2,27.7,58,17.2,10.2,25,1011.8,0.0
2024-11-09,140.0,83.0,5.0,3.0,7.0,3.0,"Kurla, Mumbai",34.1,22.0,27.7,58,17.9,10.5,31,1011.9,0.0
2024-11-10,141.0,81.0,5.0,3.0,7.0,2.0,"Kurla, Mumbai",33.7,21.6,27.6,56,20.3,10.4,11,1011.9,0.0
2024-11-11,139.0,83.0,5.0,3.0,7.0,2.0,"Kurla, Mumbai",33.3,22.9,27.9,47,20.6,12.0,26,1011.8,0.0
2024-11-12,142.0,75.0,5.0,3.0,7.0,2.0,"Kurla, Mumbai",33.5,22.2,27.8,53,17.9,9.2,36,1011.1,0.0
2024-11-13,134.0,83.0,11.0,2.0,15.0,3.0,"Kurla, Mumbai",34.8,23.4,28.5,49,12.6,8.6,31,1009.4,0.0
2024-11-14,125.0,78.0,11.0,5.0,14.0,8.0,"Kurla, Mumbai",35.4,23.0,29.1,46,10.7,7.2,33,1010.4,0.0
2024-11-15,78.0,86.0,11.0,4.0,14.0,7.0,"Kurla, Mumbai",33.9,25.1,29.0,58,10.5,6.2,350,1011.5,0.3
2024-11-16,87.0,88.0,11.0,4.0,14.0,6.0,"Kurla, Mumbai",34.3,25.4,29.2,65,14.2,6.8,343,1010.7,0.0
2024-11-17,90.0,79.0,11.0,3.0,14.0,6.0,"Kurla, Mumbai",35.8,25.7,29.7,58,14.5,7.7,3,1010.3,0.0
2024-11-18,79.0,77.0,11.0,3.0,14.0,5.0,"Kurla, Mumbai",34.8,24.2,28.9,52,12.3,7.9,21,1011.3,0.0
2024-11-19,77.0,80.0,11.0,3.0,14.0,4.0,"Kurla, Mumbai",33.8,22.0,27.6,45,14.1,8.0,22,1012.5,0.0
2024-11-20,80.0,84.0,11.0,3.0,14.0,4.0,"Kurla, Mumbai",33.0,22.0,26.9,47,13.5,8.5,33,1012.1,0.0
2024-11-21,85.0,90.0,11.0,4.0,14.0,6.0,"Kurla, Mumbai",33.0,21.4,26.7,49,12.8,7.7,15,1011.8,0.0
2024-11-22,93.0,98.0,11.0,5.0,14.0,8.0,"Kurla, Mumbai",32.7,20.9,26.5,54,12.6,7.1,346,1011.3,0.0
2024-11-23,102.0,101.0,11.0,5.0,14.0,8.0,"Kurla, Mumbai",32.0,21.6,26.5,56,10.1,6.3,353,1012.2,0.0
2024-11-24,106.0,94.0,11.0,4.0,14.0,6.0,"Kurla, Mumbai",33.0,21.6,26.9,56,12.0,6.1,349,1012.3,0.0
2024-11-25,97.0,80.0,11.0,3.0,14.0,5.0,"Kurla, Mumbai",32.8,21.4,26.7,54,13.0,7.6,18,1011.9,0.0
2024-11-26,81.0,76.0,11.0,3.0,14.0,4.0,"Kurla, Mumbai",32.3,20.7,26.3,45,13.5,7.9,31,1011.8,0.0
2024-11-27,76.0,75.0,11.0,3.0,14.0,4.0,"Kurla, Mumbai",32.6,20.4,26.2,42,13.1,8.5,28,1011.0,0.0
2024-11-28,74.0,70.0,11.0,3.0,14.0,4.0,"Kurla, Mumbai",32.1,19.9,26.4,35,11.3,8.3,45,1011.0,0.0
2024-11-29,69.0,76.0,11.0,3.0,14.0,5.0,"Kurla, Mumbai",31.4,20.2,25.3,42,14.4,8.8,18,1011.2,0.0
2024-11-30,76.0,83.0,11.0,4.0,14.0,7.0,"Kurla, Mumbai",31.4,19.9,25.1,43,12.2,8.5,16,1009.9,0.0
2024-12-01,84.0,88.0,11.0,5.0,14.0,10.0,"Kurla, Mumbai",32.5,20.5,25.8,52,13.3,8.3,5,1008.1,0.0
2024-12-02,90.0,77.0,11.0,3.0,14.0,4.0,"Kurla, Mumbai",33.8,22.8,27.6,57,12.3,7.7,6,1007.5,0.0
2024-12-03,77.0,74.0,11.0,3.0,14.0,4.0,"Kurla, Mumbai",33.5,25.6,28.9,59,14.5,9.0,17,1008.9,0.2
2024-12-04,73.0,79.0,11.0,3.0,14.0,6.0,"Kurla, Mumbai",34.2,26.5,29.4,66,13.4,7.7,23,1009.8,0.2
2024-12-05,80.0,80.0,11.0,4.0,14.0,6.0,"Kurla, Mumbai",34.2,25.8,29.2,69,10.4,7.0,335,1010.7,0.0
2024-12-06,80.0,257.0,11.0,3.0,14.0,5.0,"Kurla, Mumbai",32.7,25.2,28.5,65,12.8,7.1,336,1010.8,0.0
2024-12-07,128.0,168.5,11.0,2.0,14.0,4.0,"Kurla, Mumbai",32.8,24.3,27.6,51,15.6,9.8,343,1010.6,0.0
2024-12-08,104.5,80.0,11.0,2.0,14.0,3.0,"Kurla, Mumbai",31.1,21.1,25.4,44,13.5,9.9,353,1011.3,0.0
2024-12-09,81.0,77.0,11.0,3.0,14.0,5.0,"Kurla, Mumbai",30.9,20.4,24.9,36,16.2,11.9,3,1011.5,0.0
2024-12-10,78.0,78.0,11.0,3.0,14.0,6.0,"Kurla, Mumbai",31.4,20.4,25.1,48,11.0,7.4,5,1011.2,0.0
2024-12-11,79.0,82.0,11.0,4.0,14.0,8.0,"Kurla, Mumbai",33.5,21.1,26.3,57,12.3,7.4,18,1011.5,0.0
2024-12-12,83.0,70.0,11.0,3.0,14.0,4.0,"Kurla, Mumbai",31.1,20.5,25.3,60,14.5,7.8,350,1011.4,0.0
2024-12-13,69.0,75.0,11.0,3.0,14.0,5.0,"Kurla, Mumbai",32.2,21.2,25.9,51,12.0,8.8,24,1011.8,0.0
2024-12-14,74.0,74.0,11.0,3.0,14.0,6.0,"Kurla, Mumbai",32.8,20.1,25.9,43,11.5,8.1,42,1012.7,0.0
2024-12-15,73.0,77.0,11.0,5.0,14.0,8.0,"Kurla, Mumbai",33.2,19.0,25.5,44,10.3,6.9,29,1013.6,0.0
2024-12-16,77.0,93.0,11.0,4.0,14.0,7.0,"Kurla, Mumbai",32.3,18.3,24.9,44,11.9,6.4,4,1012.6,0.0
2024-12-17,95.0,94.0,11.0,5.0,14.0,9.0,"Kurla, Mumbai",30.8,17.8,24.0,49,12.3,5.7,343,1011.5,0.0
2024-12-18,97.0,95.0,11.0,5.0,14.0,10.0,"Kurla, Mumbai",32.2,18.2,24.3,56,10.6,6.2,356,1010.7,0.0
2024-12-19,98.0,92.0,11.0,4.0,14.0,6.0,"Kurla, Mumbai",29.6,17.9,23.6,69,11.4,5.6,333,1010.8,0.0
2024-12-20,95.0,106.0,11.0,4.0,14.0,7.0,"Kurla, Mumbai",28.1,19.5,23.3,72,13.2,6.8,331,1011.0,0.0
2024-12-21,111.0,90.0,11.0,3.0,14.0,6.0,"Kurla, Mumbai",27.9,19.2,23.5,75,10.5,5.1,285,1011.3,0.0
2024-12-22,93.0,80.0,11.0,3.0,14.0,6.0,"Kurla, Mumbai",27.8,20.9,24.0,77,12.0,6.2,318,1011.9,0.0
2024-12-23,80.0,80.0,11.0,3.0,14.0,5.0,"Kurla, Mumbai",27.3,21.1,23.8,71,14.7,8.8,339,1012.2,0.0
2024-12-24,86.0,91.0,11.0,4.0,14.0,6.0,"Kurla, Mumbai",28.5,20.6,23.9,60,16.1,10.4,343,1012.3,0.0
2024-12-25,97.0,96.0,11.0,4.0,14.0,7.0,"Kurla, Mumbai",28.7,20.3,24.0,61,14.1,10.0,342,1013.1,0.0
2024-12-26,100.0,89.0,11.0,4.0,14.0,7.0,"Kurla, Mumbai",29.5,21.5,24.9,68,12.9,8.3,338,1014.6,0.0
2024-12-27,91.0,105.0,11.0,4.0,14.0,7.0,"Kurla, Mumbai",28.2,21.7,24.7,70,14.5,9.0,337,1014.9,0.0
2024-12-28,112.0,87.0,11.0,4.0,14.0,7.0,"Kurla, Mumbai",29.9,21.7,25.0,68,14.0,7.1,350,1015.0,0.3
2024-12-31,81.0,78.0,11.0,5.0,14.0,7.0,"Kurla, Mumbai",33.2,22.8,27.2,59,12.4,7.8,351,1014.7,0.0
2025-01-01,77.0,75.0,11.0,4.0,14.0,6.0,"Kurla, Mumbai",32.4,22.4,26.8,61,12.9,8.3,350,1013.6,0.0
2025-01-02,75.0,72.0,11.0,4.0,14.0,7.0,"Kurla, Mumbai",32.8,21.2,26.7,58,15.1,8.3,357,1013.5,0.0
2025-01-03,71.0,79.0,11.0,5.0,14.0,8.0,"Kurla, Mumbai",33.3,21.1,26.4,52,13.7,7.7,7,1013.4,0.0
2025-01-04,80.0,90.0,11.0,5.0,14.0,10.0,"Kurla, Mumbai",32.9,19.3,25.3,48,11.9,5.8,352,1012.4,0.0
2025-01-05,92.0,77.0,11.0,3.0,14.0,5.0,"Kurla, Mumbai",29.2,21.2,24.4,62,13.5,7.9,334,1012.3,0.0
2025-01-06,77.0,85.0,11.0,4.0,13.0,8.0,"Kurla, Mumbai",29.9,20.0,23.9,59,16.5,12.3,347,1012.6,0.0
2025-01-07,87.0,79.0,11.0,3.0,14.0,6.0,"Kurla, Mumbai",31.4,18.5,24.4,53,16.6,9.4,354,1012.3,0.0
2025-01-08,79.0,78.0,11.0,4.0,14.0,6.0,"Kurla, Mumbai",30.6,20.0,25.1,54,11.6,8.5,6,1011.8,0.0
2025-01-09,78.0,87.0,11.0,5.0,14.0,10.0,"Kurla, Mumbai",32.0,20.4,25.5,46,11.8,8.3,23,1012.3,0.0
2025-01-10,89.0,75.0,11.0,4.0,14.0,8.5,"Kurla, Mumbai",31.3,20.4,25.2,51,9.6,6.1,4,1013.6,0.0
2025-01-11,83.0,82.0,11.0,4.0,14.0,7.0,"Kurla, Mumbai",28.5,20.5,24.0,63,15.2,8.5,338,1014.0,0.0
2025-01-12,80.0,82.0,11.0,4.0,14.0,6.0,"Kurla, Mumbai",30.0,20.6,24.4,60,15.7,10.6,347,1013.9,0.0
2025-01-13,83.0,82.0,11.0,2.0,14.0,3.0,"Kurla, Mumbai",32.7,22.0,26.1,55,14.0,9.1,16,1011.8,0.0
2025-01-14,82.0,89.0,11.0,2.0,14.0,2.0,"Kurla, Mumbai",32.9,21.6,26.2,57,12.0,7.2,11,1012.2,0.0
2025-01-15,91.0,90.0,11.0,2.0,14.0,2.0,"Kurla, Mumbai",30.1,21.9,25.0,67,16.0,7.3,338,1013.6,0.0
2025-01-16,93.0,84.0,11.0,1.0,14.0,2.0,"Kurla, Mumbai",29.7,20.2,24.5,66,16.9,11.4,344,1014.1,0.0
2025-01-17,86.0,79.0,11.0,1.0,14.0,1.0,"Kurla, Mumbai",33.3,22.9,26.4,60,14.9,9.1,1,1012.2,0.0
2025-01-18,79.0,85.0,11.0,1.0,14.0,2.0,"Kurla, Mumbai",34.0,22.2,27.2,46,14.9,8.5,30,1011.7,0.0
2025-01-19,86.0,91.0,11.0,1.0,14.0,2.0,"Kurla, Mumbai",33.2,21.0,26.4,46,13.1,7.4,359,1012.6,0.0
2025-01-20,93.0,99.0,11.0,1.0,14.0,2.0,"Kurla, Mumbai",33.2,20.9,26.4,46,12.8,6.8,345,1012.1,0.0
2025-01-21,104.0,111.0,11.0,2.0,14.0,2.0,"Kurla, Mumbai",31.4,20.9,25.8,51,12.0,6.9,336,1011.0,0.0
2025-01-22,119.0,94.0,11.0,1.0,14.0,1.0,"Kurla, Mumbai",31.4,20.4,25.6,53,15.0,8.2,338,1010.7,0.0
2025-01-23,97.0,100.0,11.0,2.0,14.0,2.0,"Kurla, Mumbai",30.5,21.7,25.3,50,17.6,13.0,345,1011.0,0.0
2025-01-24,105.0,112.0,11.0,2.0,14.0,3.0,"Kurla, Mumbai",31.7,20.4,25.8,49,12.1,7.6,343,1010.0,0.0
2025-01-26,111.0,97.0,11.0,1.0,14.0,2.0,"Kurla, Mumbai",33.5,21.8,27.0,59,11.2,7.1,339,1010.7,0.0
2025-01-27,102.0,98.0,11.0,2.0,14.0,2.0,"Kurla, Mumbai",32.5,21.6,26.7,56,13.3,7.8,333,1010.0,0.0
2025-01-28,102.0,84.0,11.0,1.0,14.0,2.0,"Kurla, Mumbai",30.5,21.2,25.4,57,11.8,6.3,324,1010.3,0.0
2025-01-29,85.0,103.0,11.0,2.0,14.0,2.0,"Kurla, Mumbai",30.8,20.5,24.8,58,12.7,7.5,333,1012.1,0.0
2025-01-30,109.0,72.0,11.0,1.0,14.0,1.0,"Kurla, Mumbai",31.4,20.1,25.4,52,11.7,7.6,334,1010.9,0.0
2025-01-31,71.0,74.0,11.0,1.0,14.0,1.0,"Kurla, Mumbai",29.5,20.5,24.5,59,13.6,8.6,332,1010.8,0.0
2025-02-01,74.0,82.0,11.0,1.0,14.0,1.0,"Kurla, Mumbai",29.1,19.9,23.8,58,15.7,8.7,343,1011.8,0.0
2025-02-02,83.0,85.0,11.0,1.0,14.0,1.0,"Kurla, Mumbai",30.9,20.5,25.0,45,14.3,9.7,339,1011.6,0.0
2025-02-03,86.0,78.0,11.0,1.0,14.0,1.0,"Kurla, Mumbai",28.9,20.7,24.7,52,17.1,9.4,333,1012.0,0.0
2025-02-04,78.0,74.0,11.0,1.0,14.0,1.0,"Kurla, Mumbai",29.7,20.1,24.6,53,15.0,9.5,335,1013.0,0.0
2025-02-05,74.0,90.0,11.0,1.0,14.0,2.0,"Kurla, Mumbai",31.5,20.9,25.0,38,19.1,13.3,345,1011.9,0.0
2025-02-06,92.0,315.0,11.0,2.0,14.0,3.0,"Kurla, Mumbai",31.8,19.3,25.5,43,12.6,8.3,339,1010.7,0.0
2025-02-07,200.0,91.0,11.0,2.0,14.0,3.0,"Kurla, Mumbai",34.3,22.2,27.2,53,10.9,5.9,334,1011.7,0.0
2025-02-08,151.0,86.0,11.0,2.0,14.0,3.0,"Kurla, Mumbai",33.2,21.9,27.2,55,12.6,6.4,337,1011.8,0.0
2025-02-09,144.0,76.0,11.0,1.0,14.0,2.0,"Kurla, Mumbai",33.0,22.6,27.5,48,14.2,9.0,334,1011.3,0.0
2025-02-10,131.0,77.0,11.0,1.0,14.0,1.0,"Kurla, Mumbai",33.5,23.2,27.4,46,15.0,10.6,334,1012.6,0.0
2025-02-11,133.0,74.0,11.0,1.0,14.0,1.0,"Kurla, Mumbai",32.3,21.7,26.2,47,15.9,9.9,337,1013.4,0.0
2025-02-12,129.0,86.0,11.0,1.0,14.0,1.0,"Kurla, Mumbai",33.2,20.4,26.0,49,15.4,10.6,344,1013.4,0.0
2025-02-13,138.0,79.0,11.0,2.0,14.0,2.0,"Kurla, Mumbai",34.8,21.5,27.5,40,15.7,10.8,349,1012.5,0.0
2025-02-14,140.0,89.0,11.0,1.0,14.0,1.0,"Kurla, Mumbai",34.7,22.5,28.5,35,18.8,11.7,350,1012.0,0.0
2025-02-15,147.0,79.0,11.0,1.0,14.0,2.0,"Kurla, Mumbai",35.2,22.0,28.7,31,17.5,9.5,346,1011.3,0.0
2025-02-16,138.0,73.0,11.0,1.0,14.0,1.0,"Kurla, Mumbai",35.1,21.6,27.5,35,16.0,9.2,337,1011.9,0.0
2025-02-17,127.0,83.0,11.0,1.0,14.0,2.0,"Kurla, Mumbai",34.2,20.8,27.1,44,17.3,9.4,340,1012.6,0.0
2025-02-18,139.0,88.0,11.0,1.0,14.0,2.0,"Kurla, Mumbai",34.8,23.4,28.2,39,18.5,11.0,344,1012.4,0.0
2025-02-19,145.0,82.0,11.0,1.0,14.0,1.0,"Kurla, Mumbai",33.4,23.2,28.0,38,17.8,10.8,338,1011.5,0.0
2025-02-20,140.0,73.0,11.0,1.0,14.0,1.0,"Kurla, Mumbai",34.7,22.2,28.3,39,18.5,12.1,345,1011.8,0.0
2025-02-21,128.0,71.0,11.0,1.0,14.0,1.0,"Kurla, Mumbai",36.7,24.6,30.0,31,16.9,12.4,3,1012.8,0.0
2025-02-23,135.0,86.0,11.0,1.0,14.0,1.0,"Kurla, Mumbai",35.7,23.6,29.6,34,15.4,9.6,348,1013.4,0.0
2025-02-24,146.0,91.0,11.0,1.0,14.0,2.0,"Kurla, Mumbai",36.8,24.2,29.7,33,14.4,10.0,354,1013.2,0.0
2025-02-25,150.0,92.0,11.0,1.0,14.0,2.0,"Kurla, Mumbai",37.5,24.7,29.8,34,14.6,7.3,355,1013.9,0.0
2025-02-26,152.0,97.0,11.0,2.0,14.0,2.0,"Kurla, Mumbai",37.2,22.9,29.0,46,14.8,5.4,312,1014.1,0.0
2025-02-27,155.0,98.0,11.0,1.0,14.0,2.0,"Kurla, Mumbai",35.8,23.9,29.2,44,15.0,6.5,306,1012.8,0.0
2025-02-28,155.0,85.0,11.0,1.0,14.0,1.0,"Kurla, Mumbai",33.4,24.1,28.8,51,14.9,7.9,329,1011.6,0.0
2025-03-01,145.0,86.0,11.0,1.0,14.0,1.0,"Kurla, Mumbai",33.7,24.5,29.0,42,16.1,10.7,335,1011.0,0.0
2025-03-02,143.0,89.0,11.0,1.0,14.0,1.0,"Kurla, Mumbai",36.2,24.6,29.3,36,17.1,11.7,337,1010.3,0.0
2025-03-03,146.0,91.0,11.0,1.0,14.0,1.0,"Kurla, Mumbai",36.2,24.3,29.5,39,17.7,12.2,346,1010.6,0.0
2025-03-04,151.0,84.0,11.0,1.0,14.0,1.0,"Kurla, Mumbai",35.8,24.9,29.4,39,19.0,13.4,346,1011.2,0.0
2025-03-05,146.0,98.0,11.0,1.0,14.0,1.0,"Kurla, Mumbai",36.8,24.2,29.6,31,16.9,12.0,345,1010.9,0.0
2025-03-06,154.0,111.0,11.0,2.0,14.0,2.0,"Kurla, Mumbai",35.0,22.5,28.6,25,16.5,9.9,347,1011.6,0.0
2025-03-07,160.0,112.0,11.0,2.0,14.0,2.0,"Kurla, Mumbai",36.9,24.5,29.4,25,16.8,9.9,344,1009.9,0.0
2025-03-08,161.0,226.0,11.0,1.0,14.0,1.0,"Kurla, Mumbai",36.0,23.5,28.9,35,14.9,9.4,331,1008.5,0.0
2025-03-09,200.0,208.6666667,11.0,2.0,14.0,2.0,"Kurla, Mumbai",35.6,22.9,28.5,48,15.0,6.8,331,1008.6,0.0
2025-03-10,175.3333333,191.3333333,11.0,2.0,14.0,4.0,"Kurla, Mumbai",39.0,24.2,30.7,35,17.4,6.8,315,1009.9,0.0
2025-03-11,150.6666667,174.0,11.0,2.0,14.0,3.0,"Kurla, Mumbai",37.4,25.5,30.5,44,15.4,6.4,293,1011.0,0.0
2025-03-12,126.0,98.0,11.0,1.0,14.0,1.0,"Kurla, Mumbai",37.0,25.1,30.2,50,14.4,6.3,311,1009.9,0.0
2025-03-13,112.0,85.0,11.0,1.0,14.0,1.0,"Kurla, Mumbai",34.2,24.8,29.4,62,13.2,7.4,301,1009.3,0.0
2025-03-14,116.0,70.0,11.0,1.0,14.0,1.0,"Kurla, Mumbai",34.7,24.2,29.3,57,15.0,7.4,316,1009.8,0.0
2025-03-15,84.0,72.0,11.0,1.0,14.0,1.0,"Kurla, Mumbai",35.5,24.8,29.3,54,15.7,9.4,331,1010.5,0.0
2025-03-16,88.0,79.0,11.0,1.0,14.0,1.0,"Kurla, Mumbai",33.2,25.1,29.0,53,15.9,10.2,334,1011.0,0.0
2025-03-17,93.0,74.0,11.0,1.0,14.0,1.0,"Kurla, Mumbai",33.5,24.8,28.7,58,17.3,9.9,333,1011.0,0.0
2025-03-18,90.0,68.0,11.0,1.0,14.0,1.0,"Kurla, Mumbai",33.2,23.0,27.9,65,15.9,8.4,322,1010.4,0.0
2025-03-19,90.0,81.0,11.0,1.0,14.0,1.0,"Kurla, Mumbai",32.3,23.1,27.6,64,16.2,9.0,322,1011.6,0.0
2025-03-20,103.0,68.0,11.0,1.0,14.0,1.0,"Kurla, Mumbai",35.1,23.1,29.0,45,18.0,9.7,336,1013.0,0.0
2025-03-21,87.0,69.0,11.0,1.0,14.0,1.0,"Kurla, Mumbai",32.4,25.2,28.0,58,18.2,11.8,327,1013.6,0.0
2025-03-22,87.0,77.0,11.0,1.0,14.0,1.0,"Kurla, Mumbai",32.7,22.5,27.4,65,17.0,7.7,328,1012.5,0.0
2025-03-23,95.0,74.0,11.0,1.0,14.0,1.0,"Kurla, Mumbai",33.8,23.7,28.4,68,14.4,5.7,289,1012.0,0.0
2025-03-24,94.0,86.0,11.0,1.0,14.0,1.0,"Kurla, Mumbai",32.9,24.6,28.3,75,17.4,7.3,286,1011.9,0.0
2025-03-25,102.0,72.0,11.0,1.0,14.0,1.0,"Kurla, Mumbai",33.2,24.5,28.6,67,16.7,8.3,308,1009.2,0.0
2025-03-26,85.0,66.0,11.0,1.0,14.0,1.0,"Kurla, Mumbai",31.5,23.9,27.7,73,15.2,7.6,295,1008.6,0.0
2025-03-27,83.0,77.0,11.0,1.0,14.0,1.0,"Kurla, Mumbai",30.8,24.3,27.1,76,16.5,8.3,318,1009.8,0.0
2025-03-28,90.0,103.0,11.0,1.0,14.0,1.0,"Kurla, Mumbai",32.5,23.6,28.5,61,17.3,10.0,335,1008.5,0.0
2025-03-29,107.0,97.0,11.0,1.0,14.0,1.0,"Kurla, Mumbai",36.2,26.4,30.9,31,16.2,10.5,334,1007.0,0.0
2025-03-30,103.0,85.0,11.0,1.0,14.0,1.0,"Kurla, Mumbai",37.7,26.6,31.5,39,18.2,9.4,321,1007.4,0.0
2025-03-31,94.0,79.0,11.0,1.0,14.0,1.0,"Kurla, Mumbai",37.0,25.5,31.2,44,16.0,8.8,323,1007.7,0.0
2025-04-01,90.0,88.0,11.0,1.0,14.0,1.0,"Kurla, Mumbai",38.8,25.9,31.7,44,14.5,8.0,330,1006.9,0.0
2025-04-02,97.0,97.0,11.0,1.0,14.0,1.0,"Kurla, Mumbai",37.4,27.8,31.8,41,15.3,6.3,252,1007.4,0.0
2025-04-03,105.0,99.0,11.0,1.0,14.0,1.0,"Kurla, Mumbai",32.5,27.2,29.4,73,12.1,7.4,220,1010.8,0.6
2025-04-04,98.0,89.0,11.0,1.0,14.0,1.0,"Kurla, Mumbai",33.2,26.4,29.2,76,15.4,8.2,294,1011.9,1.0
2025-04-05,95.0,87.0,11.0,1.0,14.0,1.0,"Kurla, Mumbai",35.4,24.7,29.7,63,18.5,8.9,323,1009.8,0.0
2025-04-06,91.0,100.0,11.0,1.0,14.0,1.0,"Kurla, Mumbai",35.7,24.8,30.0,59,16.1,5.9,286,1008.7,0.0
2025-04-07,107.0,84.0,11.0,1.0,14.0,1.0,"Kurla, Mumbai",36.4,24.9,30.7,57,19.1,8.6,320,1008.4,0.0
2025-04-08,95.0,81.0,11.0,1.0,14.0,1.0,"Kurla, Mumbai",36.5,26.0,31.1,49,19.9,8.3,328,1008.9,0.0
2025-04-09,93.0,91.0,11.0,1.0,14.0,1.0,"Kurla, Mumbai",34.6,26.1,30.4,58,16.2,7.5,266,1008.5,0.0
2025-04-10,89.0,71.0,11.0,1.0,14.0,1.0,"Kurla, Mumbai",33.2,26.6,29.4,74,12.4,8.9,204,1007.3,0.0
2025-04-11,83.0,71.0,11.0,1.0,14.0,1.0,"Kurla, Mumbai",33.0,25.5,29.0,73,14.5,9.5,209,1007.2,0.0
2025-04-12,84.0,70.0,11.0,1.0,14.0,1.0,"Kurla, Mumbai",32.2,25.6,28.8,75,14.7,7.6,229,1009.0,0.1
2025-04-14,139.5,78.0,11.0,1.0,14.0,1.0,"Kurla, Mumbai",36.4,24.5,30.1,62,19.3,11.2,332,1008.8,0.0
2025-04-15,185.0,75.0,11.0,1.0,14.0,1.0,"Kurla, Mumbai",35.1,25.5,30.0,62,16.9,9.2,320,1008.2,0.0
2025-04-16,268.0,72.0,11.0,1.0,14.0,1.0,"Kurla, Mumbai",33.0,25.6,29.1,74,15.4,7.7,283,1008.2,0.0
2025-04-17,250.6666667,73.0,11.0,1.0,14.0,1.0,"Kurla, Mumbai",32.4,25.6,28.8,78,15.7,7.4,270,1008.1,0.0
2025-04-18,233.3333333,69.0,11.0,1.0,13.0,1.0,"Kurla, Mumbai",32.3,26.0,28.9,76,14.9,7.6,265,1007.6,0.0
2025-04-19,216.0,76.0,11.0,1.0,13.03703704,1.0,"Kurla, Mumbai",32.7,26.0,29.2,75,15.9,8.9,258,1008.0,0.0
2025-04-20,198.6666667,72.0,11.0,1.0,13.07407407,1.0,"Kurla, Mumbai",33.0,25.3,29.2,72,14.5,8.3,287,1008.3,0.0
2025-04-21,181.3333333,92.0,11.0,1.0,13.11111111,1.0,"Kurla, Mumbai",32.7,25.9,29.1,74,15.3,8.8,306,1009.7,0.0
2025-04-22,164.0,86.0,11.0,1.0,13.14814815,1.0,"Kurla, Mumbai",34.3,25.4,29.8,70,16.8,7.9,312,1009.7,0.0
2025-04-23,145.0,77.0,11.0,1.0,13.18518519,1.0,"Kurla, Mumbai",34.8,26.5,30.2,72,16.7,7.4,264,1008.3,0.0
2025-04-24,134.0,80.0,11.0,1.0,13.22222222,1.0,"Kurla, Mumbai",33.3,26.7,29.7,74,14.4,8.3,248,1007.5,0.0
2025-04-25,134.0,77.0,11.0,1.0,13.25925926,1.0,"Kurla, Mumbai",33.7,26.3,29.6,71,14.9,7.4,289,1008.0,0.0
2025-04-26,134.0,77.0,11.0,1.0,13.2962963,1.0,"Kurla, Mumbai",33.2,26.2,29.4,71,15.6,7.0,276,1007.8,0.0
2025-04-27,129.0,73.0,11.0,1.0,13.33333333,1.0,"Kurla, Mumbai",33.3,25.9,29.3,74,15.6,8.0,295,1008.2,0.0
2025-04-28,126.0,71.0,11.0,1.0,13.37037037,1.0,"Kurla, Mumbai",32.8,26.1,29.3,75,16.1,8.5,250,1007.4,0.0
2025-04-29,123.0,70.0,11.0,1.0,13.40740741,1.0,"Kurla, Mumbai",32.8,26.3,29.4,76,14.1,7.8,236,1006.8,0.0
2025-04-30,120.0,61.0,11.0,1.0,13.44444444,1.0,"Kurla, Mumbai",33.0,26.3,29.6,75,15.2,8.1,267,1007.9,0.0
2025-05-04,144.5,143.0,11.0,1.0,13.59259259,1.0,"Kurla, Mumbai",32.9,26.7,30.0,68,15.4,8.6,255,1007.9,0.0
2025-05-05,158.0,84.0,11.0,1.0,13.62962963,1.0,"Kurla, Mumbai",33.5,27.8,30.2,70,14.6,8.2,251,1007.5,0.0
2025-05-06,126.0,53.0,11.0,1.0,13.66666667,1.0,"Kurla, Mumbai",32.8,23.3,28.7,73,15.9,8.4,246,1008.4,6.3
2025-05-07,92.0,52.0,11.0,1.0,13.7037037,1.0,"Kurla, Mumbai",32.3,25.4,27.9,73,17.6,9.6,220,1007.6,3.0
2025-05-08,89.0,55.0,11.0,1.0,13.74074074,1.0,"Kurla, Mumbai",29.4,22.7,26.6,81,14.3,9.4,206,1007.5,9.3
2025-05-09,94.0,57.0,11.0,1.0,13.77777778,1.0,"Kurla, Mumbai",28.5,25.0,27.1,82,15.2,9.6,196,1008.4,2.0
2025-05-10,99.0,58.0,11.0,1.0,13.81481481,1.0,"Kurla, Mumbai",30.9,24.5,28.0,81,11.5,6.5,225,1008.3,0.5
2025-05-11,100.0,56.0,11.0,1.0,13.85185185,1.0,"Kurla, Mumbai",32.5,25.8,29.1,76,12.0,5.7,258,1007.6,0.4
2025-05-12,98.0,59.0,11.0,1.0,13.88888889,1.0,"Kurla, Mumbai",33.6,27.1,30.3,70,13.1,6.8,261,1006.6,1.6
2025-05-13,102.0,68.0,11.0,1.0,13.92592593,1.0,"Kurla, Mumbai",33.8,27.6,30.5,70,13.1,6.2,302,1006.7,1.7
2025-05-14,119.0,60.0,11.0,1.0,13.96296296,1.0,"Kurla, Mumbai",33.2,24.7,29.9,72,12.3,7.1,306,1007.2,0.6
2025-05-15,102.0,71.0,11.0,1.0,14.0,1.0,"Kurla, Mumbai",33.2,27.8,30.5,70,14.3,6.7,291,1007.2,1.8
2025-05-16,123.0,292.0,11.0,1.0,14.0,1.0,"Kurla, Mumbai",33.8,28.9,31.0,65,14.1,7.8,245,1007.0,1.0
2025-05-17,216.0,226.3333333,11.0,1.0,14.0,1.0,"Kurla, Mumbai",32.5,28.5,30.6,66,13.3,7.7,236,1006.6,0.9
2025-05-18,183.6666667,160.6666667,11.0,1.0,14.0,1.0,"Kurla, Mumbai",34.4,28.7,31.2,61,14.7,7.0,258,1005.9,0.0
2025-05-19,151.3333333,95.0,11.0,1.0,14.0,1.0,"Kurla, Mumbai",32.3,28.4,30.3,69,16.2,6.8,308,1004.9,0.2
2025-05-20,119.0,54.0,11.0,1.0,14.0,1.0,"Kurla, Mumbai",34.3,28.3,30.2,75,13.2,6.7,318,1004.1,8.7
2025-05-21,94.0,49.0,11.0,1.0,14.0,1.0,"Kurla, Mumbai",31.5,26.5,29.0,83,10.7,5.8,332,1003.3,1.1
2025-05-22,86.0,64.0,11.0,1.0,14.0,1.0,"Kurla, Mumbai",31.8,25.8,28.5,82,18.3,7.8,336,1002.1,21.2
2025-05-23,111.0,62.0,11.0,1.0,14.0,1.0,"Kurla, Mumbai",32.5,26.2,28.7,86,13.2,4.6,330,999.6,2.2
2025-05-24,106.0,56.0,11.0,1.0,14.0,1.0,"Kurla, Mumbai",32.1,25.6,28.8,84,12.0,7.9,343,999.4,8.9
2025-05-25,94.0,51.0,11.0,1.0,14.0,1.0,"Kurla, Mumbai",28.5,23.9,26.5,91,11.6,6.1,325,1001.8,27.3
2025-05-26,88.0,61.0,11.0,1.0,14.0,1.0,"Kurla, Mumbai",27.8,25.0,26.2,93,21.3,9.8,352,1002.0,54.0
2025-05-27,104.0,56.0,11.0,1.0,14.0,1.0,"Kurla, Mumbai",29.8,25.6,27.3,89,13.0,6.0,275,1001.9,9.1
2025-05-28,96.0,81.0,11.0,1.0,14.0,1.0,"Kurla, Mumbai",27.8,25.9,26.9,90,13.5,8.0,212,1002.4,11.5
2025-05-29,143.0,77.0,11.0,1.0,14.0,1.0,"Kurla, Mumbai",31.4,26.5,28.9,86,17.8,9.8,257,1000.9,5.6
2025-05-30,136.0,76.0,11.0,1.0,14.0,1.0,"Kurla, Mumbai",31.5,28.2,29.6,78,17.8,15.6,251,1002.1,1.8
2025-05-31,133.0,66.0,11.0,1.0,14.0,1.0,"Kurla, Mumbai",31.0,27.5,29.2,80,20.0,14.7,233,1005.5,3.5
2025-06-01,114.0,64.0,11.0,1.0,14.0,1.0,"Kurla, Mumbai",29.2,25.7,27.3,85,19.1,13.5,200,1006.0,11.1
2025-06-02,111.0,72.0,11.0,1.0,14.0,1.0,"Kurla, Mumbai",30.6,25.6,27.8,83,19.9,14.4,202,1004.9,8.8
2025-06-03,124.0,50.0,11.0,1.0,14.0,1.0,"Kurla, Mumbai",30.1,25.4,27.4,84,20.9,14.4,197,1005.3,12.8
2025-06-04,87.0,66.0,11.0,1.0,14.0,1.0,"Kurla, Mumbai",29.2,24.2,27.0,85,14.6,9.5,177,1006.5,4.5
2025-06-05,115.0,72.0,11.0,1.0,14.0,1.0,"Kurla, Mumbai",30.2,24.7,27.8,83,10.0,5.4,186,1008.5,1.6
2025-06-06,126.0,56.0,11.0,1.0,14.0,1.0,"Kurla, Mumbai",30.2,26.5,28.3,83,10.0,4.6,271,1009.4,4.7
2025-06-08,105.5,67.0,11.0,1.0,14.0,1.0,"Kurla, Mumbai",30.2,26.4,28.4,82,14.0,7.7,281,1008.8,4.4
2025-06-09,115.0,61.0,11.0,1.0,14.0,1.0,"Kurla, Mumbai",30.8,27.2,29.0,77,18.8,10.8,297,1007.8,2.0
2025-06-10,104.0,57.0,11.0,1.0,14.0,1.0,"Kurla, Mumbai",30.5,27.1,28.8,80,17.5,10.5,297,1005.8,0.8
2025-06-11,97.0,57.0,11.0,1.0,14.0,1.0,"Kurla, Mumbai",31.8,27.8,29.7,77,17.1,11.9,304,1004.2,0.8
2025-06-12,96.0,53.0,11.0,1.0,14.0,1.0,"Kurla, Mumbai",31.5,28.6,30.0,78,23.7,16.0,309,1002.3,2.8
2025-06-13,92.0,56.0,11.0,1.0,14.0,1.0,"Kurla, Mumbai",30.5,25.4,28.3,86,19.9,11.7,331,1001.7,29.6
2025-06-14,96.0,50.0,11.0,1.0,14.0,1.0,"Kurla, Mumbai",30.5,25.4,27.5,90,13.1,7.0,336,1000.4,58.0
2025-06-15,86.0,52.0,11.0,1.0,14.0,1.0,"Kurla, Mumbai",29.6,25.2,26.7,93,15.3,7.7,154,997.8,55.5
2025-06-16,90.0,65.0,11.0,1.0,14.0,1.0,"Kurla, Mumbai",27.1,25.7,26.2,92,28.8,21.6,250,998.7,100.9
2025-06-17,113.0,57.0,11.0,1.0,14.0,1.0,"Kurla, Mumbai",29.5,25.7,27.5,85,25.0,20.9,223,1001.7,17.5
2025-06-18,99.0,60.0,11.0,1.0,14.0,1.0,"Kurla, Mumbai",28.4,25.9,27.0,89,26.4,21.1,249,1002.6,86.1
2025-06-19,103.0,63.0,11.0,1.0,14.0,1.0,"Kurla, Mumbai",28.4,24.4,26.4,91,23.7,17.5,246,1003.5,65.8
2025-06-20,109.0,70.0,11.0,1.0,14.0,1.0,"Kurla, Mumbai",29.5,26.0,27.6,84,20.5,17.0,230,1004.9,11.3
2025-06-21,122.0,69.0,11.0,1.0,14.0,1.0,"Kurla, Mumbai",30.0,24.9,27.6,85,20.4,15.7,231,1005.3,10.0
2025-06-22,121.0,70.0,11.0,1.0,14.0,1.0,"Kurla, Mumbai",29.1,25.7,27.4,84,23.1,17.6,234,1004.4,15.8
2025-06-23,122.0,73.0,11.0,1.0,14.0,1.0,"Kurla, Mumbai",28.3,25.5,26.8,87,24.8,19.0,240,1002.9,51.2
2025-06-24,125.0,73.0,11.0,1.0,14.0,1.0,"Kurla, Mumbai",29.1,25.4,27.0,87,24.0,17.5,244,1002.0,26.7
2025-06-25,129.0,74.0,11.0,1.0,14.0,1.0,"Kurla, Mumbai",30.0,26.4,28.1,82,24.1,19.9,244,1001.4,10.0
2025-06-26,129.0,68.0,11.0,1.0,14.0,1.0,"Kurla, Mumbai",28.6,25.2,26.7,89,18.1,15.1,230,1001.8,25.0
2025-06-27,117.0,73.0,11.0,1.0,14.0,1.0,"Kurla, Mumbai",28.8,24.9,27.2,83,22.4,18.5,224,1002.5,13.9
2025-06-28,127.0,69.0,11.0,1.0,14.0,1.0,"Kurla, Mumbai",29.4,25.6,27.3,81,26.0,21.2,229,1003.9,21.5
2025-06-29,121.0,69.0,11.0,1.0,14.0,1.0,"Kurla, Mumbai",28.9,25.7,27.3,84,22.0,17.7,230,1004.1,18.1
2025-06-30,120.0,64.0,11.0,1.0,14.0,1.0,"Kurla, Mumbai",29.1,24.8,26.9,84,23.4,18.0,244,1003.9,22.2
2025-07-01,111.0,59.0,11.0,1.0,14.0,1.0,"Kurla, Mumbai",28.8,24.5,26.8,86,19.2,15.8,244,1004.2,34.3
2025-07-02,101.0,58.0,11.0,1.0,14.0,1.0,"Kurla, Mumbai",28.7,25.0,26.5,88,19.5,15.9,247,1003.5,40.8
2025-07-03,100.0,61.0,11.0,1.0,14.0,1.0,"Kurla, Mumbai",28.2,24.8,26.4,87,22.6,17.1,231,1003.6,26.3
2025-07-04,104.0,62.0,11.0,1.0,14.0,1.0,"Kurla, Mumbai",28.0,25.5,26.7,85,21.7,18.7,229,1004.5,20.2
2025-07-05,107.0,62.0,11.0,1.0,14.0,1.0,"Kurla, Mumbai",27.5,25.8,26.6,86,23.4,19.6,241,1004.3,37.9
2025-07-06,107.0,65.0,11.0,1.0,14.0,1.0,"Kurla, Mumbai",27.5,25.5,26.4,87,26.5,19.4,240,1003.7,31.3
2025-07-07,112.0,66.0,11.0,1.0,14.0,1.0,"Kurla, Mumbai",28.5,25.5,27.0,85,22.8,17.7,243,1004.1,7.6
2025-07-08,114.0,63.0,11.0,1.0,14.0,1.0,"Kurla, Mumbai",28.6,26.4,27.5,83,23.0,18.6,244,1004.7,3.7
2025-07-09,109.0,67.0,11.0,1.0,14.0,1.0,"Kurla, Mumbai",27.5,25.6,26.7,87,18.9,13.3,246,1005.1,15.4
2025-07-10,116.0,64.0,11.0,1.0,14.0,1.0,"Kurla, Mumbai",29.0,24.8,27.0,85,14.4,10.5,237,1005.3,6.5
2025-07-11,109.0,61.0,11.0,1.0,14.0,1.0,"Kurla, Mumbai",28.0,25.0,26.7,86,12.9,9.9,235,1005.5,6.1
2025-07-12,105.0,60.0,11.0,1.0,14.0,1.0,"Kurla, Mumbai",29.3,25.1,27.1,85,17.0,10.7,251,1006.0,4.9
2025-07-13,102.0,53.0,11.0,1.0,14.0,1.0,"Kurla, Mumbai",28.5,25.4,26.7,86,15.7,11.5,242,1005.7,14.7
2025-07-14,91.0,57.0,11.0,1.0,14.0,1.0,"Kurla, Mumbai",27.5,24.6,26.1,90,21.7,14.7,242,1004.2,51.0
2025-07-15,97.0,62.0,11.0,1.0,14.0,1.0,"Kurla, Mumbai",27.6,25.1,26.5,87,14.8,11.9,250,1003.8,15.8
2025-07-16,107.0,60.0,11.0,1.0,14.0,1.0,"Kurla, Mumbai",29.1,25.5,27.3,85,16.0,11.1,263,1004.1,7.9
2025-07-17,102.0,62.0,11.0,1.0,14.0,1.0,"Kurla, Mumbai",29.3,25.5,27.4,85,11.2,7.7,247,1004.8,4.1
2025-07-18,106.0,65.0,11.0,1.0,14.0,1.0,"Kurla, Mumbai",29.5,25.5,27.6,83,12.1,8.4,256,1005.1,2.7
2025-07-19,111.0,53.0,11.0,1.0,14.0,1.0,"Kurla, Mumbai",28.3,24.9,27.0,85,13.3,9.3,242,1003.1,6.3
2025-07-20,92.0,47.0,11.0,1.0,14.0,1.0,"Kurla, Mumbai",28.0,24.9,26.3,88,14.3,11.0,223,1002.3,12.3
2025-07-21,83.0,45.0,11.0,1.0,14.0,1.142857143,"Kurla, Mumbai",28.0,25.5,26.4,89,12.9,9.2,234,1003.5,17.7
2025-07-22,81.0,102.0,11.0,1.0,14.0,1.285714286,"Kurla, Mumbai",28.0,25.2,26.5,88,14.7,10.2,251,1004.3,18.4
2025-07-23,110.0,68.0,11.0,1.0,14.0,1.428571429,"Kurla, Mumbai",28.0,24.7,26.3,87,17.3,12.9,251,1003.1,18.6
2025-07-24,96.0,47.0,11.0,1.0,14.0,1.571428571,"Kurla, Mumbai",27.4,24.9,26.1,87,19.8,14.2,237,1001.7,14.9
2025-07-25,83.0,48.0,11.0,1.0,14.0,1.714285714,"Kurla, Mumbai",27.1,25.6,26.3,89,20.5,17.3,249,1001.3,40.3
2025-07-26,84.0,50.0,11.0,1.0,14.0,1.857142857,"Kurla, Mumbai",28.0,25.5,26.4,86,22.4,19.7,255,1002.3,17.4
2025-07-27,86.0,57.0,11.0,2.0,14.0,2.0,"Kurla, Mumbai",28.1,25.2,26.8,83,28.2,23.4,250,1003.5,10.5
2025-07-28,97.0,55.0,11.0,1.0,14.0,1.978723404,"Kurla, Mumbai",28.3,25.6,26.7,82,25.0,22.7,249,1004.9,8.8
2025-07-29,94.0,59.0,11.0,1.0,14.0,1.957446809,"Kurla, Mumbai",27.5,25.6,26.5,84,26.4,22.2,254,1005.3,8.6
2025-07-30,101.0,59.0,11.0,1.0,14.0,1.936170213,"Kurla, Mumbai",27.2,25.6,26.5,87,24.6,20.4,247,1004.9,7.8
2025-07-31,100.0,65.0,11.0,1.0,14.0,1.914893617,"Kurla, Mumbai",27.6,25.9,26.8,85,21.3,19.0,238,1005.4,3.9
2025-08-01,112.0,56.0,11.0,1.0,14.0,1.893617021,"Kurla, Mumbai",28.4,25.5,27.0,83,18.5,15.0,243,1006.2,4.1
2025-08-02,97.0,56.0,11.0,1.0,14.0,1.872340426,"Kurla, Mumbai",28.3,25.1,26.5,86,15.3,10.8,247,1006.4,8.7
2025-08-03,96.0,57.0,11.0,1.0,14.0,1.85106383,"Kurla, Mumbai",28.1,24.9,26.5,86,12.3,8.7,226,1007.2,4.0
2025-08-04,96.0,56.0,11.0,1.0,14.0,1.829787234,"Kurla, Mumbai",28.6,25.0,26.9,85,13.0,7.7,250,1008.3,3.5
2025-08-05,96.0,66.0,11.0,1.0,14.0,1.808510638,"Kurla, Mumbai",28.9,25.0,27.0,84,13.9,7.2,268,1007.9,4.3
2025-08-06,114.0,54.0,11.0,1.0,14.0,1.787234043,"Kurla, Mumbai",29.2,25.1,27.2,84,14.3,6.6,297,1007.4,1.2
2025-08-07,93.0,56.0,11.0,1.0,14.0,1.765957447,"Kurla, Mumbai",27.9,25.8,26.9,87,11.6,5.2,292,1007.2,3.2
2025-08-08,97.0,61.0,11.0,1.0,14.0,1.744680851,"Kurla, Mumbai",28.1,25.8,26.8,86,8.3,4.2,273,1007.9,2.9
2025-08-09,105.0,54.0,11.0,1.0,14.0,1.723404255,"Kurla, Mumbai",28.5,24.8,26.7,86,9.6,4.9,241,1009.4,1.6
2025-08-10,94.0,61.0,11.0,1.0,14.0,1.70212766,"Kurla, Mumbai",28.1,25.0,26.5,86,12.7,4.9,238,1008.7,3.2
2025-08-11,105.0,63.0,11.0,1.0,14.0,1.680851064,"Kurla, Mumbai",28.2,25.0,26.6,84,15.0,8.1,254,1008.4,4.3
2025-08-12,109.0,57.0,11.0,1.0,14.0,1.659574468,"Kurla, Mumbai",28.6,24.9,26.6,83,15.9,9.0,258,1007.1,5.0
2025-08-13,97.0,47.0,11.0,1.0,14.0,1.638297872,"Kurla, Mumbai",28.2,25.0,26.1,87,11.9,8.1,247,1005.1,15.4
2025-08-14,83.0,45.0,11.0,1.0,14.0,1.617021277,"Kurla, Mumbai",27.2,25.1,25.9,89,13.1,8.8,218,1004.4,38.9
2025-08-15,81.0,44.0,11.0,1.0,14.0,1.595744681,"Kurla, Mumbai",27.2,25.1,26.1,89,14.4,10.9,243,1003.8,35.8
2025-08-16,80.0,47.0,12.0,1.0,14.0,1.574468085,"Kurla, Mumbai",26.5,24.7,25.4,92,14.2,9.4,246,1002.6,34.2
2025-08-17,83.0,46.0,11.0,1.0,14.0,1.553191489,"Kurla, Mumbai",28.0,25.1,26.2,88,20.1,12.7,234,1001.4,16.3
2025-08-18,81.0,45.0,11.0,1.0,14.0,1.531914894,"Kurla, Mumbai",26.0,25.1,25.4,92,23.6,18.8,242,1003.6,127.0
2025-08-19,80.0,51.0,11.0,1.0,14.0,1.510638298,"Kurla, Mumbai",26.2,25.0,25.5,91,30.3,23.4,249,1002.5,136.5
2025-08-20,88.0,151.0,11.0,1.0,14.0,1.489361702,"Kurla, Mumbai",26.5,24.8,25.6,89,27.4,23.5,242,1003.7,61.5
2025-08-21,140.0,89.0,11.0,1.0,14.0,1.468085106,"Kurla, Mumbai",28.0,25.2,26.6,85,25.3,20.5,235,1007.0,26.0
2025-08-22,128.0,63.0,11.0,1.0,14.0,1.446808511,"Kurla, Mumbai",28.2,25.5,26.9,81,22.1,18.5,240,1007.9,4.5
2025-08-23,108.0,62.0,11.0,1.0,14.0,1.425531915,"Kurla, Mumbai",28.3,24.6,26.6,81,25.0,20.1,241,1007.1,10.4
2025-08-24,106.0,56.0,11.0,1.0,14.0,1.404255319,"Kurla, Mumbai",28.5,25.4,26.7,82,24.1,20.6,239,1007.7,6.7
2025-08-25,96.0,59.0,11.0,1.0,14.0,1.382978723,"Kurla, Mumbai",26.8,24.6,25.5,87,22.3,17.6,243,1007.1,23.2
2025-08-26,100.0,56.0,11.0,1.0,14.0,1.361702128,"Kurla, Mumbai",27.8,24.9,26.4,85,17.5,14.0,255,1006.7,14.9
2025-08-27,95.0,57.0,11.0,1.0,14.0,1.340425532,"Kurla, Mumbai",28.4,25.0,26.5,85,12.6,8.9,277,1005.5,7.6
2025-08-28,97.0,50.0,11.0,1.0,14.0,1.319148936,"Kurla, Mumbai",28.3,25.1,26.5,88,11.4,7.9,286,1004.6,16.3
2025-08-29,87.0,50.0,11.0,1.0,14.0,1.29787234,"Kurla, Mumbai",28.0,25.4,26.4,88,12.2,8.7,239,1004.6,7.5
2025-08-30,87.0,56.0,11.0,1.0,14.0,1.276595745,"Kurla, Mumbai",28.4,25.0,26.5,86,12.0,8.9,228,1006.5,2.8
2025-08-31,95.0,57.0,11.0,1.0,14.0,1.255319149,"Kurla, Mumbai",27.6,25.0,26.4,86,18.2,12.4,245,1006.9,10.0
2025-09-01,98.0,62.0,12.0,1.0,14.0,1.234042553,"Kurla, Mumbai",27.8,25.1,26.4,85,21.1,16.4,257,1005.3,6.7
2025-09-02,107.0,62.0,11.0,1.0,14.0,1.212765957,"Kurla, Mumbai",28.2,24.9,26.6,86,15.4,13.5,272,1005.1,5.7
2025-09-03,107.0,61.0,11.0,1.0,14.0,1.191489362,"Kurla, Mumbai",28.7,24.7,26.8,83,16.2,12.0,283,1005.4,4.8
2025-09-04,105.0,64.0,11.0,1.0,14.0,1.170212766,"Kurla, Mumbai",26.1,24.8,25.6,88,12.4,9.8,279,1005.7,17.2
2025-09-05,110.0,55.0,11.0,1.0,14.0,1.14893617,"Kurla, Mumbai",27.4,24.9,25.9,89,17.6,11.6,260,1006.2,18.2
2025-09-06,94.0,60.0,11.0,1.0,14.0,1.127659574,"Kurla, Mumbai",26.5,24.8,25.7,87,19.8,14.6,237,1007.3,24.9
2025-09-07,103.0,57.0,11.0,1.0,14.0,1.106382979,"Kurla, Mumbai",28.1,24.7,26.2,84,17.8,13.8,229,1007.5,9.2
2025-09-08,98.0,63.0,11.0,1.0,14.0,1.085106383,"Kurla, Mumbai",27.8,24.2,26.1,86,17.1,12.1,205,1007.4,5.5
2025-09-09,108.0,69.0,11.0,1.0,14.0,1.063829787,"Kurla, Mumbai",28.9,24.1,26.4,87,10.4,7.4,189,1009.0,0.7
2025-09-10,119.0,70.0,11.0,1.0,14.0,1.042553191,"Kurla, Mumbai",29.5,24.5,26.7,84,11.9,5.7,295,1009.7,0.3
2025-09-11,122.0,61.0,11.0,1.0,14.0,1.021276596,"Kurla, Mumbai",28.9,24.2,26.6,82,11.5,5.6,290,1009.5,1.5
2025-09-12,104.0,64.0,11.0,1.0,14.0,1.0,"Kurla, Mumbai",29.3,24.8,26.9,82,12.9,5.4,313,1009.4,1.2
2025-09-13,110.0,53.0,11.0,1.0,14.0,1.0,"Kurla, Mumbai",28.6,25.0,26.5,88,14.6,6.6,321,1009.0,12.7
2025-09-14,90.0,52.0,11.0,1.0,14.0,1.0,"Kurla, Mumbai",29.0,24.8,26.5,87,15.6,8.3,322,1008.7,12.2
2025-09-15,90.0,55.0,11.0,1.0,14.0,1.0,"Kurla, Mumbai",27.1,24.9,25.9,90,16.2,9.4,304,1008.1,65.5
2025-09-16,93.0,52.0,11.0,1.0,14.0,1.0,"Kurla, Mumbai",27.8,25.2,26.1,90,11.8,6.2,282,1007.8,5.2
2025-09-17,89.0,52.0,11.0,1.0,14.0,1.0,"Kurla, Mumbai",28.2,24.6,26.3,90,9.9,4.3,255,1007.7,25.7
2025-09-18,90.0,53.0,11.0,1.0,14.0,1.0,"Kurla, Mumbai",27.8,24.6,26.1,90,9.8,4.3,290,1007.6,10.4
2025-09-21,94.33333333,56.0,11.0,1.0,14.0,1.0,"Kurla, Mumbai",28.6,24.8,26.2,90,13.5,5.4,282,1008.3,15.7
2025-09-22,96.0,56.0,11.0,1.0,14.0,1.0,"Kurla, Mumbai",28.3,24.0,25.8,90,12.7,6.1,292,1009.1,17.0
2025-09-23,98.0,60.0,11.0,1.0,14.0,1.0,"Kurla, Mumbai",28.7,24.5,26.3,86,16.4,6.1,270,1009.5,10.7
2025-09-24,102.0,56.0,11.0,1.0,14.0,1.0,"Kurla, Mumbai",28.6,25.0,26.8,82,11.7,7.3,272,1008.1,2.5
2025-09-25,96.0,60.0,11.0,1.0,14.0,1.0,"Kurla, Mumbai",28.1,24.2,26.2,85,10.2,5.0,258,1007.4,3.1
2025-09-26,103.0,60.0,11.0,1.0,14.0,1.0,"Kurla, Mumbai",29.1,24.2,26.6,86,12.7,4.8,324,1007.3,3.0
2025-09-27,102.0,52.0,11.0,1.0,14.0,1.0,"Kurla, Mumbai",28.2,24.5,26.2,86,14.9,10.1,291,1007.4,14.1
2025-09-28,89.0,58.0,11.0,1.0,14.0,1.0,"Kurla, Mumbai",26.5,25.4,25.8,90,31.7,23.2,278,1003.8,125.7
2025-09-29,101.0,49.0,11.0,1.0,14.0,1.0,"Kurla, Mumbai",28.3,25.2,26.5,79,26.5,19.1,229,1004.2,15.8
2025-09-30,84.0,49.0,11.0,1.0,14.0,1.0,"Kurla, Mumbai",27.5,24.0,25.5,85,20.8,15.9,192,1005.4,11.2
2025-10-01,84.0,50.0,11.0,1.0,14.0,1.0,"Kurla, Mumbai",28.5,24.0,25.7,87,21.6,15.6,184,1005.0,12.0
2025-10-02,88.0,52.0,12.0,1.0,14.0,1.0,"Kurla, Mumbai",27.9,24.2,25.9,88,22.3,14.7,178,1007.0,4.1
2025-10-03,90.0,54.0,11.0,1.0,14.0,1.0,"Kurla, Mumbai",28.6,24.6,26.5,86,15.9,10.9,183,1009.7,2.4
2025-10-04,92.0,62.0,11.0,1.0,14.0,1.0,"Kurla, Mumbai",28.8,24.6,26.7,86,12.4,7.5,199,1011.0,3.1
2025-10-05,106.0,60.0,11.0,1.0,14.0,1.0,"Kurla, Mumbai",28.1,24.3,26.3,85,10.7,6.7,200,1011.1,0.7
2025-10-06,103.0,58.0,11.0,1.0,14.0,1.0,"Kurla, Mumbai",28.4,24.5,26.1,84,12.5,7.0,216,1011.7,1.1
2025-10-07,100.0,62.0,11.0,1.0,14.0,1.0,"Kurla, Mumbai",28.9,24.1,26.1,86,13.2,5.1,273,1011.8,2.1
2025-10-08,107.0,80.0,11.0,1.0,14.0,1.0,"Kurla, Mumbai",29.4,24.5,26.8,85,13.2,6.4,334,1011.5,0.3
2025-10-09,136.0,94.0,11.0,2.0,14.0,2.0,"Kurla, Mumbai",31.6,24.6,27.7,77,10.9,6.5,353,1011.6,0.0
2025-10-10,153.0,97.0,11.0,1.0,14.0,2.0,"Kurla, Mumbai",33.0,24.0,28.0,66,10.7,6.9,1,1010.2,0.1
2025-10-12,153.5,88.0,11.0,1.0,14.0,1.0,"Kurla, Mumbai",34.8,24.5,29.0,59,12.2,6.8,348,1009.5,0.1
2025-10-14,147.0,84.0,11.0,2.0,14.0,3.0,"Kurla, Mumbai",35.2,24.1,29.2,55,14.1,7.6,343,1008.1,0.0
2025-10-15,143.0,99.0,11.0,3.0,14.0,4.0,"Kurla, Mumbai",34.9,24.5,29.2,57,7.5,4.3,58,1007.5,1.5
2025-10-16,138.0,69.0,11.0,2.0,14.0,3.0,"Kurla, Mumbai",35.0,26.3,29.5,69,16.6,6.0,61,1008.0,6.2
2025-10-17,114.0,76.0,11.0,1.0,14.0,2.0,"Kurla, Mumbai",36.0,26.0,30.6,63,12.4,8.0,18,1009.0,0.1
2025-10-18,131.0,80.0,11.0,1.0,14.0,1.0,"Kurla, Mumbai",35.7,26.6,30.5,59,12.2,6.3,9,1008.9,1.1
2025-10-19,137.0,91.0,11.0,1.0,14.0,1.0,"Kurla, Mumbai",35.2,26.4,30.3,61,11.7,7.5,11,1007.6,0.5
2025-10-20,146.0,87.0,11.0,1.0,14.0,1.0,"Kurla, Mumbai",35.0,26.0,30.2,60,14.3,8.0,12,1006.9,0.2
2025-10-21,136.0,67.0,11.0,1.0,14.0,1.0,"Kurla, Mumbai",34.3,26.1,29.6,62,11.6,6.9,46,1008.1,5.9
2025-10-22,114.0,65.0,11.0,1.0,14.0,1.0,"Kurla, Mumbai",33.9,26.0,29.2,74,11.2,6.3,41,1008.5,4.8
2025-10-23,109.0,66.0,11.0,1.0,14.0,1.0,"Kurla, Mumbai",34.5,26.4,29.9,71,13.8,7.7,43,1007.2,6.1
2025-10-24,102.0,51.0,11.0,1.0,14.0,1.0,"Kurla, Mumbai",33.0,27.0,29.5,72,13.7,6.7,128,1007.0,8.7
2025-10-25,87.0,50.0,11.0,1.0,14.0,1.0,"Kurla, Mumbai",30.1,25.2,27.1,84,14.4,8.3,138,1006.8,13.8
2025-10-26,87.0,48.0,11.0,1.0,14.0,1.0,"Kurla, Mumbai",26.8,24.0,25.2,92,17.8,9.8,128,1006.7,34.3
2025-10-27,83.0,52.0,11.0,1.0,14.0,1.0,"Kurla, Mumbai",30.4,23.7,26.0,88,20.5,12.3,151,1006.5,13.3
2025-10-28,90.0,56.0,11.0,1.0,14.0,1.0,"Kurla, Mumbai",31.7,25.3,27.5,77,16.8,13.2,146,1005.8,0.4
2025-10-29,96.0,51.0,11.0,1.0,14.0,1.0,"Kurla, Mumbai",30.9,25.9,27.4,79,18.5,10.3,153,1005.2,0.1
2025-10-30,89.0,51.0,11.0,1.0,14.0,1.0,"Kurla, Mumbai",28.6,24.6,26.4,83,20.2,13.4,157,1007.0,11.5
2025-10-31,88.0,51.0,11.0,1.0,14.0,1.0,"Kurla, Mumbai",29.1,24.4,26.6,83,24.2,17.1,161,1008.4,8.6
2025-11-01,89.0,50.0,11.0,1.0,14.0,1.0,"Kurla, Mumbai",28.4,25.0,26.5,88,19.2,13.8,170,1010.3,3.1
2025-11-02,86.0,55.0,11.0,1.0,14.0,1.0,"Kurla, Mumbai",27.6,25.1,26.2,89,16.2,11.2,183,1012.4,4.2
2025-11-03,95.0,63.0,11.0,1.0,14.0,1.0,"Kurla, Mumbai",28.6,23.9,26.1,88,12.2,7.5,201,1012.5,2.5
2025-11-04,107.0,67.0,11.0,1.0,14.0,1.0,"Kurla, Mumbai",28.1,24.4,25.8,87,13.0,5.5,241,1011.9,1.6
2025-11-05,111.0,69.0,11.0,1.0,14.0,1.0,"Kurla, Mumbai",28.5,23.4,25.7,82,9.0,5.1,334,1011.1,0.1
2025-11-06,120.0,79.0,11.0,1.0,14.0,1.0,"Kurla, Mumbai",29.1,22.9,25.7,82,12.3,6.3,348,1011.7,0.6
2025-11-07,140.0,69.0,11.0,1.0,14.0,1.0,"Kurla, Mumbai",31.4,23.8,26.7,74,12.3,6.3,346,1012.4,0.0
2025-11-08,121.0,73.0,11.0,1.0,14.0,1.0,"Kurla, Mumbai",33.3,22.5,27.2,58,11.3,7.9,19,1013.4,0.0
2025-11-09,129.0,79.0,11.0,1.0,14.0,1.0,"Kurla, Mumbai",31.4,21.2,26.0,57,12.0,6.9,329,1012.9,0.0
2025-11-10,137.0,82.0,11.0,2.0,14.0,2.0,"Kurla, Mumbai",32.2,20.6,26.1,58,11.1,5.7,258,1012.3,0.0
2025-11-11,143.0,80.0,11.0,2.0,13.0,2.0,"Kurla, Mumbai",32.0,21.4,26.4,59,12.7,6.4,346,1013.1,0.0
2025-11-12,139.0,76.0,11.0,2.0,14.0,2.0,"Kurla, Mumbai",32.8,21.2,26.9,46,13.4,7.4,18,1013.5,0.0
2025-11-13,132.0,81.0,11.0,2.0,14.0,2.0,"Kurla, Mumbai",33.3,21.9,27.2,46,13.6,8.1,16,1013.9,0.0
2025-11-14,139.0,83.0,11.0,2.0,14.0,2.0,"Kurla, Mumbai",33.1,21.2,26.8,49,10.8,6.8,15,1013.2,0.0
2025-11-15,141.0,80.0,11.0,2.0,14.0,2.0,"Kurla, Mumbai",33.2,20.9,26.4,47,11.8,7.2,30,1013.8,0.0
2025-11-16,136.0,76.0,11.0,2.0,14.0,2.0,"Kurla, Mumbai",33.1,20.8,26.3,43,12.9,8.3,39,1015.1,0.0
2025-11-17,133.0,80.0,11.0,1.0,14.0,2.0,"Kurla, Mumbai",32.4,20.9,25.8,44,15.9,9.6,30,1014.7,0.0
2025-11-18,141.0,80.0,11.0,2.0,14.0,2.0,"Kurla, Mumbai",32.2,19.6,25.2,45,14.4,8.7,28,1013.0,0.0
2025-11-19,140.0,79.0,11.0,2.0,14.0,2.0,"Kurla, Mumbai",32.8,18.7,25.5,45,12.3,8.5,21,1012.9,0.0
2025-11-20,136.0,83.0,11.0,2.0,14.0,2.0,"Kurla, Mumbai",32.9,19.8,25.9,49,12.0,7.4,2,1013.2,0.0
2025-11-21,142.0,90.0,11.0,2.0,14.0,3.0,"Kurla, Mumbai",33.8,20.0,26.2,51,11.2,7.4,17,1014.0,0.0
2025-11-22,148.0,93.0,11.0,2.0,14.0,3.0,"Kurla, Mumbai",33.2,22.4,27.2,55,9.5,6.3,342,1013.2,0.0
2025-11-23,152.0,90.0,11.0,2.0,14.0,3.0,"Kurla, Mumbai",32.7,23.9,27.5,61,11.6,5.7,333,1013.2,0.0
2025-11-24,151.0,102.0,11.0,2.0,14.0,4.0,"Kurla, Mumbai",32.8,23.5,27.5,64,12.2,6.3,333,1013.2,0.0
2025-11-25,158.0,97.0,11.0,2.0,14.0,3.0,"Kurla, Mumbai",33.0,23.8,27.5,66,9.2,5.8,334,1012.9,0.0
2025-11-26,154.0,93.0,11.0,2.0,14.0,3.0,"Kurla, Mumbai",32.6,24.2,27.6,67,11.0,5.0,306,1013.1,0.0
2025-11-27,151.0,85.0,11.0,2.0,14.0,4.0,"Kurla, Mumbai",33.7,23.6,27.6,62,13.3,7.1,360,1013.6,0.0
2025-11-28,147.0,74.0,11.0,2.0,14.0,3.0,"Kurla, Mumbai",33.2,22.6,27.2,59,12.1,7.1,357,1013.1,0.0
2025-11-29,129.0,71.0,11.0,2.0,14.0,3.0,"Kurla, Mumbai",32.9,23.2,27.2,49,11.6,7.4,38,1011.9,0.0
2025-11-30,124.0,75.0,11.0,2.0,14.0,3.0,"Kurla, Mumbai",32.0,20.4,25.4,49,13.3,7.3,6,1011.8,0.0
2025-12-01,132.0,80.0,11.0,2.0,14.0,3.0,"Kurla, Mumbai",32.5,19.6,25.3,49,13.4,7.4,11,1011.6,0.0
2025-12-02,137.0,79.0,11.0,3.0,14.0,4.0,"Kurla, Mumbai",32.2,19.9,25.4,54,12.9,6.6,350,1011.7,0.0
2025-12-03,139.0,77.0,11.0,2.0,14.0,3.0,"Kurla, Mumbai",33.3,20.1,26.1,49,12.3,8.0,18,1012.6,0.0
2025-12-04,135.0,76.0,11.0,2.0,14.0,3.0,"Kurla, Mumbai",33.7,21.9,27.2,47,13.8,9.3,27,1013.5,0.0
2025-12-05,133.0,73.0,11.0,2.0,14.0,2.0,"Kurla, Mumbai",34.1,23.1,28.0,48,13.1,9.6,34,1014.4,0.0
2025-12-06,128.0,79.0,11.0,2.0,14.0,3.0,"Kurla, Mumbai",33.0,23.3,27.3,49,13.0,9.2,23,1015.0,0.0
2025-12-07,136.0,83.0,11.0,2.0,14.0,3.0,"Kurla, Mumbai",33.5,21.8,26.7,46,13.0,8.6,24,1014.8,0.0
2025-12-08,144.0,72.0,11.0,2.0,14.0,3.0,"Kurla, Mumbai",33.7,20.9,26.4,50,13.3,7.1,8,1014.6,0.0
2025-12-09,125.0,62.0,11.0,2.0,14.0,2.0,"Kurla, Mumbai",33.1,20.2,26.5,34,11.4,7.5,32,1014.2,0.0
2025-12-10,106.0,72.0,11.0,2.0,14.0,2.0,"Kurla, Mumbai",33.2,20.7,26.2,34,12.5,7.8,20,1015.0,0.0
2025-12-11,124.0,82.0,11.0,2.0,14.0,2.0,"Kurla, Mumbai",33.0,20.4,25.6,36,12.1,8.2,23,1014.4,0.0
2025-12-12,142.0,88.0,11.0,2.0,14.0,2.0,"Kurla, Mumbai",32.3,18.9,24.8,42,12.1,7.4,8,1013.4,0.0
2025-12-13,145.0,90.0,11.0,2.0,14.0,2.0,"Kurla, Mumbai",33.0,19.1,25.1,46,13.3,6.7,360,1013.3,0.0
2025-12-14,148.0,81.0,11.0,2.0,14.0,2.0,"Kurla, Mumbai",32.4,19.7,25.5,43,14.2,7.7,17,1013.9,0.0
2025-12-15,138.0,82.0,11.0,1.0,14.0,2.0,"Kurla, Mumbai",32.5,19.7,25.7,42,12.4,7.9,33,1013.8,0.0
2025-12-16,140.0,82.0,11.0,2.0,14.0,2.0,"Kurla, Mumbai",32.8,19.5,25.5,42,14.4,9.1,47,1013.3,0.0
2025-12-17,142.0,83.0,11.0,2.0,14.0,3.0,"Kurla, Mumbai",33.1,20.5,26.1,47,12.2,7.3,11,1014.4,0.0
2025-12-18,147.0,79.0,11.0,2.0,14.0,2.0,"Kurla, Mumbai",33.1,20.0,25.9,45,11.9,7.1,9,1014.6,0.0
2025-12-23,146.4,111.0,11.0,2.0,14.0,2.0,"Kurla, Mumbai",32.3,19.9,25.2,45,15.7,8.6,11,1012.2,0.0
2025-12-24,148.0,82.0,11.0,2.0,14.0,2.0,"Kurla, Mumbai",32.2,20.8,25.2,44,14.8,9.3,17,1012.2,0.0
2025-12-25,143.0,86.0,11.0,2.0,14.0,3.0,"Kurla, Mumbai",31.5,19.1,24.7,48,13.7,7.9,15,1012.7,0.0
2025-12-26,147.0,84.0,11.0,2.0,14.0,3.0,"Kurla, Mumbai",31.3,19.0,24.7,48,15.1,7.4,357,1012.6,0.0
2025-12-27,142.0,84.0,11.0,2.0,14.0,2.0,"Kurla, Mumbai",32.0,19.7,25.0,48,13.4,8.1,12,1012.8,0.0
2025-12-31,122.25,68.0,11.0,1.0,14.0,2.0,"Kurla, Mumbai",28.8,18.1,23.2,72,13.4,5.7,299,1011.9,0.0
2026-01-01,116.0,81.0,11.0,2.0,14.0,2.0,"Kurla, Mumbai",28.0,20.0,23.5,76,13.6,7.4,332,1012.2,0.9
2026-01-02,142.0,88.0,11.0,2.0,14.0,2.0,"Kurla, Mumbai",28.5,20.1,23.8,75,14.3,8.2,340,1013.6,0.0
2026-01-03,149.0,94.0,11.0,2.0,14.0,3.0,"Kurla, Mumbai",30.2,20.2,24.5,66,12.1,7.5,342,1013.7,0.0
2026-01-04,154.0,85.0,11.0,2.0,14.0,2.0,"Kurla, Mumbai",30.4,21.4,25.4,66,12.2,8.7,344,1014.3,0.0
2026-01-05,146.0,91.0,11.0,2.0,14.0,3.0,"Kurla, Mumbai",31.6,21.9,25.8,60,12.3,7.3,334,1015.2,0.0
2026-01-06,150.0,89.0,11.0,2.0,14.0,2.0,"Kurla, Mumbai",31.4,21.5,25.5,60,13.4,7.2,15,1015.8,0.0
2026-01-07,150.0,86.0,11.0,2.0,14.0,2.0,"Kurla, Mumbai",31.0,19.6,24.7,59,12.8,7.1,354,1015.9,0.0
2026-01-08,148.0,86.0,11.0,2.0,14.0,2.0,"Kurla, Mumbai",30.5,19.0,24.1,52,13.4,7.4,352,1016.1,0.0
2026-01-09,146.0,83.0,11.0,2.0,14.0,2.0,"Kurla, Mumbai",31.4,17.9,23.8,48,13.5,7.7,358,1015.6,0.0
2026-01-10,142.0,87.0,11.0,2.0,14.0,2.0,"Kurla, Mumbai",30.1,19.0,23.6,51,16.3,9.3,354,1015.1,0.0
2026-01-11,148.0,81.0,11.0,2.0,14.0,2.0,"Kurla, Mumbai",31.5,18.8,24.3,50,14.1,8.8,358,1015.5,0.0
2026-01-12,138.0,86.0,11.0,2.0,14.0,2.0,"Kurla, Mumbai",32.2,20.1,25.3,44,11.3,7.2,10,1015.7,0.0
2026-01-13,148.0,93.0,11.0,2.0,14.0,3.0,"Kurla, Mumbai",31.4,22.0,26.4,49,9.0,5.2,327,1015.8,0.0
2026-01-14,151.0,86.0,11.0,2.0,14.0,2.0,"Kurla, Mumbai",31.1,22.3,25.9,58,15.9,8.9,337,1014.6,0.0
2026-01-15,148.0,103.0,11.0,2.0,14.0,3.0,"Kurla, Mumbai",29.8,18.9,24.1,53,13.1,8.1,339,1013.9,0.0
2026-01-16,158.0,90.0,11.0,2.0,14.0,2.0,"Kurla, Mumbai",30.0,19.0,24.0,68,11.1,6.5,322,1013.4,0.0
2026-01-17,150.0,74.0,11.0,1.0,14.0,1.0,"Kurla, Mumbai",29.6,18.9,23.6,71,12.6,7.2,307,1013.0,0.0
2026-01-18,131.0,74.0,11.0,1.0,14.0,1.0,"Kurla, Mumbai",26.5,19.6,22.8,74,14.5,7.6,329,1012.4,0.0
2026-01-19,130.0,87.0,11.0,1.0,14.0,2.0,"Kurla, Mumbai",27.7,18.1,22.6,65,16.7,9.7,345,1013.5,0.0
2026-01-20,145.0,101.0,11.0,2.0,14.0,3.0,"Kurla, Mumbai",28.1,17.8,22.9,60,11.4,7.4,339,1012.9,0.0
2026-01-21,157.0,100.0,11.0,2.0,14.0,3.0,"Kurla, Mumbai",31.0,19.2,24.6,61,13.7,5.2,266,1013.2,0.0
2026-01-22,157.0,79.0,11.0,1.0,14.0,1.0,"Kurla, Mumbai",30.2,20.5,24.7,63,14.5,6.6,279,1013.9,0.0
2026-01-23,139.0,79.0,11.0,2.0,14.0,2.0,"Kurla, Mumbai",28.1,20.4,23.7,74,17.1,7.9,335,1015.4,0.0
2026-01-24,136.0,93.0,11.0,2.0,14.0,2.0,"Kurla, Mumbai",28.8,18.8,23.2,63,15.2,8.6,340,1016.4,0.0
2026-01-25,156.0,93.0,11.0,2.0,14.0,3.0,"Kurla, Mumbai",30.0,19.0,23.7,65,10.6,6.8,345,1014.6,0.0
2026-01-26,156.0,70.0,11.0,1.0,14.0,1.0,"Kurla, Mumbai",31.0,19.8,24.8,67,8.8,5.8,317,1014.6,0.0
2026-01-27,125.0,62.0,11.0,1.0,14.0,1.0,"Kurla, Mumbai",27.5,21.8,23.9,76,16.4,9.8,334,1016.7,0.4
2026-01-28,105.0,82.0,11.0,2.0,14.0,2.0,"Kurla, Mumbai",29.8,19.8,23.8,63,13.6,9.7,349,1016.0,0.0
2026-01-29,143.0,93.0,11.0,2.0,14.0,3.0,"Kurla, Mumbai",32.5,19.7,25.1,50,11.2,6.1,338,1013.9,0.0
2026-01-30,155.0,75.0,11.0,2.0,14.0,2.0,"Kurla, Mumbai",31.5,23.0,26.0,65,13.6,5.6,225,1014.3,0.0
2026-02-01,145.5,91.0,11.0,2.0,14.0,2.0,"Kurla, Mumbai",31.8,21.2,25.5,71,13.1,7.8,338,1015.0,0.0
2026-02-02,154.0,104.0,11.0,2.0,14.0,4.0,"Kurla, Mumbai",33.2,21.5,26.4,55,12.4,6.5,327,1014.6,0.0
2026-02-03,162.0,94.0,11.0,2.0,14.0,2.0,"Kurla, Mumbai",32.2,21.6,26.2,51,12.7,6.9,337,1014.5,0.0
2026-02-04,156.0,85.0,11.0,2.0,14.0,2.0,"Kurla, Mumbai",33.8,21.9,26.8,50,14.2,6.9,348,1014.6,0.0
2026-02-05,137.0,75.0,11.0,2.0,14.0,2.0,"Kurla, Mumbai",33.8,22.5,27.3,48,14.0,7.6,335,1015.4,0.0
2026-02-06,122.0,76.0,11.0,2.0,14.0,2.0,"Kurla, Mumbai",33.7,22.1,27.2,47,18.1,8.8,353,1015.8,0.0
2026-02-07,116.0,78.0,11.0,3.0,14.0,4.0,"Kurla, Mumbai",33.2,21.6,26.9,43,13.2,7.9,341,1014.8,0.0
2026-02-12,141.8,89.0,11.0,2.0,14.0,2.0,"Kurla, Mumbai",32.7,22.0,26.8,53,13.7,7.0,318,1014.1,0.0
2026-02-13,145.0,93.0,11.0,2.0,14.0,3.0,"Kurla, Mumbai",33.0,21.9,26.6,55,12.1,6.0,326,1013.3,0.0
2026-02-14,146.0,96.0,11.0,2.0,14.0,4.0,"Kurla, Mumbai",34.5,22.1,27.3,53,14.4,7.0,332,1012.5,0.0
2026-02-15,147.0,94.0,11.0,2.0,14.0,4.0,"Kurla, Mumbai",34.5,23.0,28.0,44,14.7,7.9,339,1012.4,0.0
2026-02-16,150.0,73.0,11.0,2.0,14.0,4.0,"Kurla, Mumbai",32.0,22.8,26.7,48,13.7,7.5,327,1010.9,0.0
