date,pm25,pm10,o3,no2,so2,co,location,temperature_2m_max,temperature_2m_min,temperature_2m_mean,relative_humidity_2m_mean,wind_speed_10m_max,wind_speed_10m_mean,wind_direction_10m_dominant,pressure_msl_mean,precipitation_sum
2019-12-02,149.0,169.0,13.0,32.0,21.0,9.0,"Mahape, Navi Mumbai",34.2,23.9,28.6,58,12.1,7.9,62,1011.2,0.1
2019-12-03,116.0,132.0,19.0,20.0,8.0,7.0,"Mahape, Navi Mumbai",33.4,23.9,28.2,61,11.7,7.2,91,1011.5,0.5
2019-12-04,200.0,123.0,19.0,21.0,6.0,7.0,"Mahape, Navi Mumbai",33.0,24.3,27.9,67,12.3,7.2,82,1012.4,0.0
2019-12-05,172.0,96.0,30.0,19.0,9.0,4.0,"Mahape, Navi Mumbai",29.6,25.0,27.5,73,12.3,6.5,44,1014.1,2.7
2019-12-06,166.0,112.0,26.0,25.0,9.0,7.0,"Mahape, Navi Mumbai",33.7,24.4,28.5,55,11.9,8.8,44,1013.4,0.0
2019-12-07,167.0,111.0,43.0,23.0,11.0,7.0,"Mahape, Navi Mumbai",32.7,22.1,26.5,59,14.0,7.3,18,1012.6,0.0
2019-12-08,175.0,104.0,50.0,26.0,11.0,7.0,"Mahape, Navi Mumbai",33.0,21.6,26.4,59,13.9,6.7,17,1012.9,0.0
2019-12-09,168.0,128.0,46.0,25.0,6.0,10.0,"Mahape, Navi Mumbai",33.6,22.3,27.1,63,13.0,6.4,6,1012.6,0.0
2019-12-10,166.0,135.0,46.0,29.0,9.0,11.0,"Mahape, Navi Mumbai",33.4,22.6,27.3,68,14.3,5.4,351,1011.6,0.0
2019-12-11,182.0,131.0,47.0,27.0,9.0,9.0,"Mahape, Navi Mumbai",32.3,21.9,26.6,71,11.6,6.1,332,1010.6,0.0
2019-12-12,182.0,197.0,18.0,29.0,10.0,9.0,"Mahape, Navi Mumbai",31.6,21.9,25.9,69,13.8,6.3,322,1010.5,0.0
2019-12-13,228.0,93.0,45.0,22.0,8.0,6.0,"Mahape, Navi Mumbai",30.9,21.0,24.9,71,16.5,7.2,359,1012.4,0.0
2019-12-14,154.0,90.0,47.0,22.0,9.0,7.0,"Mahape, Navi Mumbai",31.5,18.1,23.9,65,14.8,8.2,354,1014.3,0.0
2019-12-15,155.0,95.0,38.0,23.0,9.0,7.0,"Mahape, Navi Mumbai",31.6,19.2,24.5,62,13.1,7.5,352,1013.1,0.0
2019-12-16,166.0,99.0,23.0,20.0,9.0,9.0,"Mahape, Navi Mumbai",32.2,20.2,25.2,67,14.0,7.1,2,1012.5,0.0
2019-12-17,155.0,104.0,34.0,20.0,9.0,9.0,"Mahape, Navi Mumbai",32.9,21.1,26.0,66,13.1,8.2,28,1013.3,0.0
2019-12-18,156.0,90.0,35.0,21.0,9.0,7.0,"Mahape, Navi Mumbai",32.7,21.2,26.3,60,12.3,8.3,31,1014.0,0.0
2019-12-19,154.0,115.0,44.0,31.0,8.0,11.0,"Mahape, Navi Mumbai",33.0,20.4,25.9,60,13.5,7.0,19,1012.8,0.0
2019-12-20,174.0,127.0,29.0,28.0,9.0,12.0,"Mahape, Navi Mumbai",32.9,20.5,25.9,63,13.2,6.9,3,1011.9,0.0
2019-12-21,178.0,116.0,25.0,26.0,9.0,13.0,"Mahape, Navi Mumbai",32.7,21.5,26.2,63,11.8,6.4,11,1011.4,0.0
2019-12-22,177.0,129.0,25.0,31.0,10.0,14.0,"Mahape, Navi Mumbai",32.5,21.6,26.9,60,10.2,6.4,55,1011.1,0.0
2019-12-23,181.0,138.0,30.0,35.0,10.0,13.0,"Mahape, Navi Mumbai",33.1,22.8,27.0,66,13.2,5.7,276,1010.9,0.0
2019-12-24,197.0,127.0,37.0,20.0,9.0,10.0,"Mahape, Navi Mumbai",32.5,22.5,26.8,70,12.1,5.6,322,1011.9,0.0
2019-12-25,196.0,103.0,34.0,17.0,10.0,9.0,"Mahape, Navi Mumbai",32.8,23.8,27.6,65,13.1,9.0,1,1012.1,0.1
2019-12-26,169.0,116.0,31.0,24.0,9.0,10.0,"Mahape, Navi Mumbai",32.0,22.6,26.3,61,13.5,7.3,351,1012.2,0.8
2019-12-27,175.0,92.0,30.0,21.0,8.0,8.0,"Mahape, Navi Mumbai",31.6,18.5,24.4,63,13.6,7.0,14,1011.3,0.0
2019-12-28,163.0,93.0,36.0,23.0,12.0,8.0,"Mahape, Navi Mumbai",32.6,20.5,25.4,61,11.6,8.1,45,1010.9,0.0
2019-12-29,164.0,103.66666666666669,47.0,25.666666666666668,11.666666666666666,9.666666666666666,"Mahape, Navi Mumbai",31.1,21.0,25.3,65,14.5,7.2,343,1011.7,0.3
2019-12-31,197.3333333333333,125.0,69.0,31.0,11.0,13.0,"Mahape, Navi Mumbai",29.0,16.8,22.2,66,13.9,7.1,344,1013.0,0.0
2020-01-01,214.0,113.0,53.0,25.0,7.0,10.0,"Mahape, Navi Mumbai",27.8,14.7,20.8,71,10.6,6.2,338,1013.6,0.0
2020-01-02,185.0,102.0,47.0,21.0,8.0,9.0,"Mahape, Navi Mumbai",28.8,16.0,21.8,74,13.7,6.6,336,1015.7,0.0
2020-01-03,176.0,112.5,53.0,18.0,7.0,9.0,"Mahape, Navi Mumbai",28.9,17.0,21.7,74,16.2,7.6,1,1015.1,0.0
2020-01-04,175.0,108.0,29.0,18.0,9.0,14.0,"Mahape, Navi Mumbai",28.4,16.5,21.5,67,17.4,8.2,352,1013.4,0.0
2020-01-05,171.0,96.0,28.5,27.0,17.0,9.0,"Mahape, Navi Mumbai",31.2,17.6,23.5,63,10.8,8.5,43,1012.6,0.0
2020-01-06,160.0,137.0,28.0,21.0,5.0,8.0,"Mahape, Navi Mumbai",33.2,19.6,25.4,59,16.3,10.1,42,1013.2,0.0
2020-01-07,197.0,89.0,31.0,20.0,2.0,7.0,"Mahape, Navi Mumbai",30.1,20.0,24.7,70,15.9,7.8,265,1012.8,0.0
2020-01-08,152.0,85.0,43.0,19.0,3.0,6.0,"Mahape, Navi Mumbai",29.6,20.7,24.5,68,15.0,7.2,313,1013.0,0.0
2020-01-09,279.0,90.0,27.0,22.0,4.0,8.0,"Mahape, Navi Mumbai",30.2,18.4,23.0,55,17.1,9.4,1,1013.3,0.0
2020-01-10,157.0,123.0,34.0,27.0,4.0,10.0,"Mahape, Navi Mumbai",32.9,18.0,24.4,56,11.9,7.7,36,1012.3,0.0
2020-01-11,157.0,117.0,38.0,28.0,4.0,11.0,"Mahape, Navi Mumbai",33.9,20.0,26.2,61,15.1,8.1,50,1013.0,0.0
2020-01-12,171.0,95.0,26.0,20.0,2.0,9.0,"Mahape, Navi Mumbai",32.8,20.2,25.7,65,15.9,6.6,302,1013.1,0.0
2020-01-13,216.0,77.0,29.0,14.0,2.0,5.0,"Mahape, Navi Mumbai",30.3,20.9,24.6,76,16.6,7.1,311,1012.0,0.0
2020-01-14,139.0,68.0,35.0,19.0,3.0,5.0,"Mahape, Navi Mumbai",30.0,19.5,23.6,73,17.2,8.4,347,1012.1,0.0
2020-01-15,114.0,71.0,34.0,19.0,2.0,5.0,"Mahape, Navi Mumbai",28.3,17.9,22.1,59,16.9,8.6,325,1012.7,0.0
2020-01-16,125.0,141.0,40.0,20.0,3.0,6.0,"Mahape, Navi Mumbai",26.3,15.9,20.3,59,16.6,9.2,349,1014.2,0.0
2020-01-17,138.0,126.75,56.0,24.0,5.0,10.0,"Mahape, Navi Mumbai",27.0,13.6,19.0,53,16.8,9.5,358,1014.5,0.0
2020-01-18,169.0,112.5,55.0,23.0,6.0,10.0,"Mahape, Navi Mumbai",31.1,14.2,21.8,59,14.0,8.3,1,1012.9,0.0
2020-01-19,166.0,123.0,53.0,35.0,6.0,15.0,"Mahape, Navi Mumbai",33.0,17.5,24.2,59,13.8,7.8,356,1012.8,0.0
2020-01-20,171.0,142.0,55.0,33.0,5.0,16.0,"Mahape, Navi Mumbai",34.3,18.4,25.0,62,14.8,7.0,359,1012.8,0.0
2020-01-21,191.0,142.0,44.0,25.0,6.0,12.0,"Mahape, Navi Mumbai",32.5,18.6,24.8,63,15.6,6.4,329,1013.8,0.0
2020-01-22,163.0,91.0,33.0,22.0,6.0,8.0,"Mahape, Navi Mumbai",34.0,19.1,25.5,60,16.6,7.8,357,1014.5,0.0
2020-01-23,152.0,162.0,45.0,20.0,5.0,10.0,"Mahape, Navi Mumbai",35.2,21.1,27.0,54,18.4,10.8,7,1013.5,0.0
2020-01-24,202.0,115.0,50.0,27.0,5.0,11.0,"Mahape, Navi Mumbai",35.3,20.9,26.9,56,18.2,8.1,4,1013.1,0.0
2020-01-25,170.0,119.0,63.0,31.0,6.0,14.0,"Mahape, Navi Mumbai",35.2,20.9,26.8,53,15.5,8.2,358,1013.0,0.0
2020-01-26,175.0,107.0,39.0,20.0,3.0,11.0,"Mahape, Navi Mumbai",34.5,20.1,26.2,58,13.9,6.9,327,1011.5,0.0
2020-01-27,151.0,80.0,19.0,17.0,2.0,7.0,"Mahape, Navi Mumbai",30.8,19.8,24.4,70,14.6,6.8,269,1011.5,0.0
2020-01-28,118.0,75.0,33.0,15.0,1.0,6.0,"Mahape, Navi Mumbai",28.4,18.9,23.0,77,15.6,6.9,279,1012.7,0.4
2020-01-29,90.0,96.0,51.0,23.0,5.0,8.0,"Mahape, Navi Mumbai",27.0,17.0,21.9,61,17.3,9.0,340,1015.4,0.0
2020-01-30,147.0,116.0,58.0,30.0,5.0,11.0,"Mahape, Navi Mumbai",29.9,14.8,21.1,56,16.1,8.0,356,1014.4,0.0
2020-01-31,164.0,149.0,56.0,26.0,7.0,13.0,"Mahape, Navi Mumbai",29.7,15.4,21.9,57,15.0,6.9,329,1012.2,0.0
2020-02-01,179.0,149.0,67.0,31.0,7.0,16.0,"Mahape, Navi Mumbai",31.9,16.0,23.1,57,17.4,7.9,346,1011.8,0.0
2020-02-02,183.0,120.0,49.0,25.0,4.0,11.0,"Mahape, Navi Mumbai",32.8,17.8,24.0,67,16.6,6.1,233,1013.3,0.0
2020-02-03,182.0,117.0,57.0,25.0,4.0,11.0,"Mahape, Navi Mumbai",30.6,17.6,23.4,74,14.1,5.7,243,1014.2,0.0
2020-02-04,172.0,106.0,68.0,25.0,8.0,10.0,"Mahape, Navi Mumbai",31.9,19.2,24.0,64,14.8,7.0,347,1013.1,0.0
2020-02-05,159.0,119.0,58.0,28.0,9.0,13.0,"Mahape, Navi Mumbai",32.8,17.8,23.9,45,16.7,8.0,342,1012.7,0.0
2020-02-06,163.0,118.0,49.0,24.0,7.0,13.0,"Mahape, Navi Mumbai",30.9,17.0,23.1,48,13.7,7.5,326,1012.8,0.0
2020-02-07,160.0,106.0,34.0,22.0,6.0,10.0,"Mahape, Navi Mumbai",29.9,16.3,21.7,54,19.9,7.5,324,1013.9,0.0
2020-02-08,166.0,98.0,43.0,20.0,7.0,9.0,"Mahape, Navi Mumbai",32.5,16.5,23.7,53,23.9,11.1,356,1013.6,0.0
2020-02-09,165.0,84.0,55.0,16.0,7.0,8.0,"Mahape, Navi Mumbai",33.8,19.9,25.7,46,19.3,10.7,31,1013.6,0.0
2020-02-10,146.0,95.0,59.5,25.0,14.0,9.0,"Mahape, Navi Mumbai",34.3,21.6,27.1,49,16.6,10.6,21,1012.5,0.0
2020-02-11,158.0,176.0,64.0,22.0,12.0,8.0,"Mahape, Navi Mumbai",35.1,22.3,28.2,52,17.8,10.3,29,1012.6,0.0
2020-02-12,209.0,111.0,53.5,27.0,13.0,11.0,"Mahape, Navi Mumbai",35.0,23.8,29.3,49,15.1,9.2,47,1014.2,0.0
2020-02-13,159.0,91.0,43.0,22.0,12.0,5.0,"Mahape, Navi Mumbai",35.8,24.0,29.1,47,19.5,8.9,13,1014.4,0.0
2020-02-14,151.0,101.0,60.0,24.0,13.0,6.0,"Mahape, Navi Mumbai",35.6,23.1,28.7,37,19.7,11.8,3,1012.7,0.0
2020-02-15,156.0,133.0,79.0,35.0,15.0,13.0,"Mahape, Navi Mumbai",35.0,21.8,27.1,37,17.9,8.6,344,1012.1,0.0
2020-02-16,175.0,184.0,57.0,41.0,15.0,18.0,"Mahape, Navi Mumbai",36.2,19.5,26.5,45,16.7,6.9,329,1012.5,0.0
2020-02-17,200.0,172.0,68.0,38.0,17.0,15.0,"Mahape, Navi Mumbai",38.2,20.9,28.3,50,18.4,7.1,336,1012.9,0.0
2020-02-18,187.0,167.0,67.0,39.0,17.0,14.0,"Mahape, Navi Mumbai",38.2,22.4,28.8,47,19.6,7.6,346,1012.5,0.0
2020-02-19,193.0,157.0,45.0,29.0,13.0,14.0,"Mahape, Navi Mumbai",36.2,22.2,28.1,53,15.6,6.6,321,1011.9,0.0
2020-02-20,180.0,103.0,41.0,21.0,10.0,9.0,"Mahape, Navi Mumbai",35.0,20.4,26.6,59,16.1,8.0,333,1011.5,0.0
2020-02-21,148.0,118.0,58.0,28.0,14.0,10.0,"Mahape, Navi Mumbai",35.2,20.0,26.4,53,18.2,8.3,340,1013.6,0.0
2020-02-22,164.0,127.0,73.0,32.0,16.0,11.0,"Mahape, Navi Mumbai",36.9,19.0,27.0,47,17.6,7.8,340,1014.4,0.0
2020-02-23,168.0,137.0,73.0,34.0,14.0,11.0,"Mahape, Navi Mumbai",37.5,20.2,27.8,42,16.7,8.6,346,1013.0,0.0
2020-02-24,183.0,101.0,30.0,20.0,12.0,7.0,"Mahape, Navi Mumbai",36.0,19.9,27.1,42,18.4,8.5,332,1011.1,0.0
2020-02-25,131.0,119.0,32.0,30.0,19.0,10.0,"Mahape, Navi Mumbai",36.5,22.6,28.4,30,16.3,13.1,9,1010.2,0.0
2020-02-26,134.0,118.0,68.0,40.0,20.0,11.0,"Mahape, Navi Mumbai",37.0,22.0,28.2,29,19.3,9.2,20,1010.8,0.0
2020-02-27,151.0,140.0,73.0,45.0,21.0,13.0,"Mahape, Navi Mumbai",37.8,20.1,27.9,34,19.9,8.7,29,1010.9,0.0
2020-02-28,170.0,149.0,50.0,39.0,15.0,14.0,"Mahape, Navi Mumbai",36.3,20.1,27.1,40,19.2,8.9,317,1009.6,0.0
2020-02-29,164.0,118.0,41.0,22.0,12.0,10.0,"Mahape, Navi Mumbai",35.5,19.5,26.9,43,19.4,8.6,323,1009.4,0.0
2020-03-01,154.0,97.0,6.0,21.0,3.0,9.0,"Mahape, Navi Mumbai",34.8,20.5,26.6,51,18.8,8.5,328,1010.5,0.0
2020-03-02,112.0,106.0,11.0,24.0,3.0,9.0,"Mahape, Navi Mumbai",32.9,19.6,25.6,62,15.3,7.6,272,1011.6,0.0
2020-03-03,140.0,105.0,29.0,19.0,6.0,8.0,"Mahape, Navi Mumbai",30.8,20.0,25.0,75,15.2,7.2,264,1012.1,0.0
2020-03-04,141.0,89.0,27.0,17.0,5.0,6.0,"Mahape, Navi Mumbai",31.0,20.4,24.8,71,17.2,6.9,284,1011.8,0.0
2020-03-05,121.0,131.0,11.0,15.0,6.0,8.0,"Mahape, Navi Mumbai",30.9,20.7,24.9,70,19.0,8.1,263,1010.6,0.0
2020-03-06,149.0,100.0,30.0,16.0,5.0,6.0,"Mahape, Navi Mumbai",29.5,20.5,24.9,67,18.9,9.3,239,1010.7,0.3
2020-03-07,113.0,101.0,40.0,20.0,8.0,7.0,"Mahape, Navi Mumbai",30.3,20.2,24.5,63,15.8,8.3,334,1012.5,0.0
2020-03-08,122.0,108.0,36.0,20.0,6.0,8.0,"Mahape, Navi Mumbai",32.0,17.8,24.1,60,16.9,7.6,315,1012.3,0.0
2020-03-09,137.0,96.0,20.0,13.0,5.0,8.0,"Mahape, Navi Mumbai",32.2,18.2,24.8,63,16.9,7.8,303,1011.1,0.0
2020-03-10,120.0,64.0,26.0,14.0,4.0,6.0,"Mahape, Navi Mumbai",30.5,19.8,25.2,68,15.8,8.3,278,1011.1,0.0
2020-03-11,74.0,74.0,26.0,18.0,5.0,6.0,"Mahape, Navi Mumbai",30.8,21.0,25.2,63,17.3,8.1,299,1011.8,0.0
2020-03-12,89.0,82.0,37.0,20.0,6.0,7.0,"Mahape, Navi Mumbai",30.1,20.1,24.3,63,16.7,9.1,322,1013.5,0.0
2020-03-13,100.0,114.0,42.0,24.0,9.0,10.0,"Mahape, Navi Mumbai",32.0,18.1,23.8,49,21.0,10.5,356,1013.9,0.0
2020-03-14,131.0,124.0,70.0,28.0,13.0,15.0,"Mahape, Navi Mumbai",35.5,17.8,25.6,37,18.0,11.3,1,1011.7,0.0
2020-03-15,150.0,130.0,46.0,34.0,16.0,17.0,"Mahape, Navi Mumbai",38.2,18.5,27.8,30,18.5,8.1,356,1009.8,0.0
2020-03-16,151.0,139.0,61.0,27.0,20.0,16.0,"Mahape, Navi Mumbai",39.0,20.8,29.2,35,22.3,9.3,344,1010.4,0.0
2020-03-17,164.0,120.0,55.0,27.0,14.0,15.0,"Mahape, Navi Mumbai",39.2,21.4,29.2,38,20.8,9.0,333,1011.4,0.0
2020-03-18,153.0,103.0,37.0,24.0,9.0,13.0,"Mahape, Navi Mumbai",38.2,23.1,29.3,44,17.3,8.3,308,1011.7,0.0
2020-03-19,123.0,94.0,22.0,14.0,7.0,10.0,"Mahape, Navi Mumbai",35.6,20.9,27.5,52,15.9,8.1,319,1011.6,0.0
2020-03-20,105.0,71.0,29.0,11.0,6.0,9.0,"Mahape, Navi Mumbai",33.1,22.1,26.5,62,14.9,6.7,261,1011.8,0.0
2020-03-21,99.0,53.0,27.0,4.0,4.0,6.0,"Mahape, Navi Mumbai",32.9,20.1,25.9,71,16.7,7.6,305,1011.7,0.0
2020-03-22,79.0,114.0,36.0,10.0,10.5,9.0,"Mahape, Navi Mumbai",35.8,21.5,27.6,65,20.5,9.5,328,1011.2,0.0
2020-03-23,121.0,87.0,35.0,16.0,17.0,11.0,"Mahape, Navi Mumbai",38.7,21.9,29.1,57,19.6,8.9,334,1009.9,0.0
2020-03-24,147.0,69.0,21.0,10.0,4.0,8.0,"Mahape, Navi Mumbai",38.3,23.2,30.0,52,19.3,7.6,286,1008.0,0.0
2020-03-25,114.0,61.0,29.0,8.0,4.0,8.0,"Mahape, Navi Mumbai",34.7,25.5,29.3,70,18.1,8.6,218,1008.2,0.0
2020-03-26,117.0,63.0,31.0,7.0,4.0,8.0,"Mahape, Navi Mumbai",34.5,24.9,29.1,72,17.3,6.9,240,1009.3,0.5
2020-03-27,114.0,58.0,41.0,7.0,4.0,8.0,"Mahape, Navi Mumbai",37.2,25.0,30.5,53,18.2,9.1,333,1011.1,0.0
2020-03-28,107.0,62.0,45.0,10.0,5.0,9.0,"Mahape, Navi Mumbai",38.0,25.6,30.8,42,20.5,10.1,337,1010.7,0.0
2020-03-29,106.0,64.0,42.0,14.0,5.0,9.0,"Mahape, Navi Mumbai",39.2,23.5,30.4,45,19.5,9.0,329,1009.1,0.0
2020-03-30,109.0,61.0,35.0,10.0,5.0,9.0,"Mahape, Navi Mumbai",38.5,23.6,30.0,46,18.0,7.5,282,1009.6,0.0
2020-03-31,107.0,61.0,35.0,9.0,5.0,9.0,"Mahape, Navi Mumbai",37.6,23.4,29.5,53,18.2,8.4,315,1010.7,0.0
2020-04-01,100.0,76.0,40.0,11.0,5.0,10.0,"Mahape, Navi Mumbai",37.5,21.8,29.2,54,18.3,8.9,323,1010.2,0.0
2020-04-02,129.0,79.0,31.0,12.0,5.0,9.0,"Mahape, Navi Mumbai",39.7,22.0,29.8,49,20.3,8.9,321,1008.5,0.0
2020-04-03,116.0,75.0,35.0,11.0,5.0,10.0,"Mahape, Navi Mumbai",38.3,23.1,29.7,58,18.9,7.9,307,1009.0,0.0
2020-04-04,119.0,70.0,41.0,6.0,5.0,9.0,"Mahape, Navi Mumbai",37.5,23.0,29.2,60,17.0,8.0,300,1009.5,0.0
2020-04-05,121.0,56.0,20.0,2.0,4.0,7.0,"Mahape, Navi Mumbai",36.6,22.0,29.0,64,17.3,7.6,250,1010.5,0.0
2020-04-06,79.0,68.0,23.0,1.0,4.0,8.0,"Mahape, Navi Mumbai",33.7,23.1,28.2,75,16.7,9.6,221,1011.5,0.0
2020-04-07,93.0,78.0,18.0,1.0,4.0,8.0,"Mahape, Navi Mumbai",34.2,23.3,27.9,73,17.0,7.1,252,1010.6,0.0
2020-04-08,100.0,75.0,19.0,1.0,5.0,8.0,"Mahape, Navi Mumbai",34.2,21.4,27.4,70,17.7,8.5,251,1011.6,0.0
2020-04-09,100.0,73.0,26.0,1.0,4.0,8.0,"Mahape, Navi Mumbai",36.1,22.5,28.6,61,20.4,7.3,306,1010.9,0.0
2020-04-10,101.0,67.0,12.0,1.9,4.0,7.0,"Mahape, Navi Mumbai",38.2,22.3,29.1,63,20.4,8.0,310,1010.3,0.0
2020-04-11,100.0,69.11111111111111,12.666666666666666,2.8,4.111111111111111,7.555555555555555,"Mahape, Navi Mumbai",39.8,23.7,30.7,58,16.6,7.2,290,1011.1,0.0
2020-04-19,138.22222222222223,86.0,18.0,10.0,5.0,12.0,"Mahape, Navi Mumbai",40.3,26.5,32.0,58,20.0,8.7,291,1008.6,0.0
2020-04-20,143.0,62.0,20.0,8.0,6.0,10.0,"Mahape, Navi Mumbai",41.3,25.4,32.6,43,22.5,10.5,331,1007.9,0.0
2020-04-21,71.0,56.0,20.0,6.0,4.0,9.0,"Mahape, Navi Mumbai",37.8,24.1,30.2,55,18.1,7.4,278,1009.1,0.0
2020-04-22,62.0,55.0,16.0,6.0,4.0,9.0,"Mahape, Navi Mumbai",35.5,24.2,29.6,72,18.0,7.7,243,1008.5,0.0
2020-04-23,61.0,50.0,13.0,4.0,4.0,9.0,"Mahape, Navi Mumbai",36.4,25.5,30.3,71,17.8,8.8,243,1008.8,0.0
2020-04-24,59.0,50.0,17.0,5.0,4.0,9.0,"Mahape, Navi Mumbai",37.0,24.9,30.1,71,18.0,7.7,263,1008.0,0.0
2020-04-25,41.0,51.0,20.0,5.0,4.0,8.0,"Mahape, Navi Mumbai",35.8,25.2,29.9,70,17.0,8.4,249,1009.0,0.0
2020-04-26,43.0,202.0,14.0,4.0,4.0,9.0,"Mahape, Navi Mumbai",35.9,23.5,29.4,69,20.1,8.2,290,1009.2,0.0
2020-04-27,48.0,51.0,20.0,4.0,4.0,9.0,"Mahape, Navi Mumbai",35.0,25.0,29.5,70,17.8,7.6,268,1010.5,0.0
2020-04-28,51.0,60.0,15.0,6.0,4.0,9.0,"Mahape, Navi Mumbai",39.7,24.5,31.0,63,22.7,9.3,333,1008.7,0.0
2020-04-29,66.0,55.0,13.0,5.0,3.0,9.0,"Mahape, Navi Mumbai",36.3,26.2,30.9,67,16.3,9.1,243,1008.5,0.0
2020-04-30,64.0,46.0,13.0,3.0,3.0,8.0,"Mahape, Navi Mumbai",35.3,27.3,30.8,72,16.1,10.2,240,1009.9,0.0
2020-05-01,40.0,44.0,12.0,3.0,2.0,8.0,"Mahape, Navi Mumbai",35.5,28.1,30.8,72,18.0,9.0,263,1010.0,0.1
2020-05-02,26.0,82.0,13.0,2.0,28.0,8.0,"Mahape, Navi Mumbai",36.5,26.8,30.8,72,18.8,8.0,285,1008.6,0.0
2020-05-03,24.0,39.0,11.0,3.0,38.0,8.0,"Mahape, Navi Mumbai",37.3,27.0,31.0,69,17.7,7.8,299,1008.2,0.0
2020-05-04,27.0,49.0,16.0,5.0,3.0,9.0,"Mahape, Navi Mumbai",36.8,25.9,30.4,73,19.4,8.6,281,1009.2,0.0
2020-05-05,44.0,65.0,16.0,5.0,3.0,9.0,"Mahape, Navi Mumbai",37.4,25.8,30.9,72,18.3,7.2,286,1008.4,0.0
2020-05-06,51.0,96.0,8.0,5.0,38.0,10.0,"Mahape, Navi Mumbai",37.8,26.0,31.2,70,19.1,7.6,272,1007.3,0.0
2020-05-07,131.0,54.0,14.0,4.0,27.0,9.0,"Mahape, Navi Mumbai",35.8,24.6,29.9,72,18.0,8.0,268,1008.1,0.0
2020-05-08,37.0,51.0,15.0,4.0,3.0,9.0,"Mahape, Navi Mumbai",35.9,25.8,30.2,72,18.0,7.4,266,1008.4,0.0
2020-05-09,32.0,51.0,13.0,3.0,3.0,9.0,"Mahape, Navi Mumbai",36.3,26.5,30.6,69,17.8,6.7,281,1008.5,0.0
2020-05-10,39.0,58.0,15.0,5.0,3.0,9.0,"Mahape, Navi Mumbai",38.3,25.3,30.7,70,19.8,7.4,295,1008.0,0.0
2020-05-11,49.0,53.0,14.0,4.0,3.0,9.0,"Mahape, Navi Mumbai",39.5,25.9,31.1,64,20.0,7.7,304,1008.3,0.0
2020-05-12,31.0,56.0,12.0,4.0,3.0,9.0,"Mahape, Navi Mumbai",37.5,25.4,30.4,67,18.3,7.6,297,1007.8,0.0
2020-05-13,30.0,52.0,12.0,5.0,3.0,8.0,"Mahape, Navi Mumbai",36.3,25.8,30.5,71,18.2,8.1,276,1007.2,0.0
2020-05-14,35.0,56.0,16.0,4.0,3.0,8.0,"Mahape, Navi Mumbai",37.7,27.0,31.5,68,20.0,7.8,294,1006.4,0.0
2020-05-15,36.0,81.0,11.0,7.0,3.0,9.0,"Mahape, Navi Mumbai",37.8,27.5,31.8,66,19.2,8.5,305,1006.4,0.4
2020-05-16,72.0,84.0,12.0,3.0,3.0,8.0,"Mahape, Navi Mumbai",35.8,28.0,31.3,69,16.3,6.6,275,1006.5,0.0
2020-05-17,74.0,63.0,12.0,4.0,3.0,9.0,"Mahape, Navi Mumbai",36.3,27.6,31.2,69,17.6,7.5,282,1006.0,0.0
2020-05-18,57.0,49.0,10.0,3.0,3.0,8.0,"Mahape, Navi Mumbai",35.7,27.8,31.2,68,17.3,8.8,293,1005.5,0.3
2020-05-19,36.0,43.0,13.0,5.0,3.0,9.0,"Mahape, Navi Mumbai",35.7,27.8,30.7,68,18.5,8.8,279,1005.0,0.1
2020-05-20,24.0,37.0,13.0,5.0,3.0,9.0,"Mahape, Navi Mumbai",35.2,27.0,30.6,68,16.7,9.4,253,1005.1,0.0
2020-05-21,17.0,36.0,13.0,4.0,3.0,10.0,"Mahape, Navi Mumbai",36.2,27.3,30.7,68,17.7,8.6,255,1006.3,0.0
2020-05-22,22.0,43.0,15.0,5.0,3.0,10.0,"Mahape, Navi Mumbai",35.7,26.9,30.7,69,17.7,8.3,261,1007.5,0.1
2020-05-23,27.0,39.0,14.0,3.0,3.0,9.0,"Mahape, Navi Mumbai",37.6,25.8,30.7,70,18.6,8.4,287,1007.2,0.0
2020-05-24,18.0,43.0,13.0,4.0,3.0,10.0,"Mahape, Navi Mumbai",36.8,27.5,31.2,70,17.7,8.1,272,1007.7,0.0
2020-05-25,22.0,47.0,12.0,5.0,3.0,10.0,"Mahape, Navi Mumbai",36.8,27.5,31.2,70,17.0,7.5,268,1008.3,0.0
2020-05-26,22.0,41.0,11.0,4.0,3.0,10.0,"Mahape, Navi Mumbai",35.5,27.4,30.8,72,16.5,9.2,244,1008.3,0.4
2020-05-27,23.0,40.0,11.0,4.0,3.0,11.0,"Mahape, Navi Mumbai",36.2,27.2,30.9,69,17.6,9.4,258,1007.9,0.2
2020-05-28,20.0,28.0,9.0,3.0,3.0,13.0,"Mahape, Navi Mumbai",35.7,27.9,31.1,67,18.0,11.1,248,1007.1,0.0
2020-05-29,17.0,26.0,9.0,2.0,3.0,12.0,"Mahape, Navi Mumbai",36.0,28.1,31.3,68,18.4,10.6,251,1007.1,0.8
2020-05-30,10.0,33.0,11.0,2.0,3.0,12.0,"Mahape, Navi Mumbai",36.7,27.5,31.3,69,18.0,8.5,278,1007.5,0.1
2020-05-31,16.0,42.0,21.0,9.0,3.0,14.0,"Mahape, Navi Mumbai",38.6,27.8,31.8,67,19.6,8.9,303,1007.6,0.4
2020-06-01,21.0,51.0,17.0,9.0,4.0,15.0,"Mahape, Navi Mumbai",32.0,26.9,29.4,76,11.0,6.4,197,1008.1,2.5
2020-06-02,36.0,48.6,6.0,7.0,64.0,25.0,"Mahape, Navi Mumbai",31.8,25.6,28.0,80,16.8,9.7,34,1005.1,10.3
2020-06-03,46.0,46.2,15.0,15.0,22.0,31.0,"Mahape, Navi Mumbai",27.2,25.0,26.0,87,48.1,25.5,5,997.0,86.4
2020-06-04,56.0,43.8,15.0,11.0,4.0,25.0,"Mahape, Navi Mumbai",29.5,25.6,27.1,86,15.4,11.4,214,1005.1,6.9
2020-06-05,46.0,48.6,6.0,7.0,3.0,24.0,"Mahape, Navi Mumbai",31.1,25.1,27.6,85,19.2,14.1,198,1006.4,3.8
2020-06-06,29.0,39.0,6.0,8.0,4.0,24.0,"Mahape, Navi Mumbai",29.9,25.0,27.1,86,20.9,15.1,199,1006.1,6.3
2020-06-07,36.0,27.0,23.0,11.0,4.0,23.0,"Mahape, Navi Mumbai",30.0,25.5,27.3,86,18.8,14.1,199,1006.3,3.9
2020-06-08,25.0,32.0,6.0,9.0,14.0,15.0,"Mahape, Navi Mumbai",29.4,25.2,27.0,87,16.8,12.3,204,1006.6,7.2
2020-06-09,24.0,35.0,5.0,6.0,5.0,1.0,"Mahape, Navi Mumbai",30.0,25.4,27.4,87,15.5,11.0,201,1006.5,4.4
2020-06-10,30.0,26.0,4.0,10.0,7.0,1.0,"Mahape, Navi Mumbai",30.9,26.0,27.8,88,14.6,9.5,213,1005.5,10.8
2020-06-11,13.0,28.0,10.0,9.0,7.0,1.0,"Mahape, Navi Mumbai",30.0,26.0,27.5,88,14.6,9.2,210,1003.3,11.2
2020-06-12,25.0,60.0,6.0,10.0,7.0,1.0,"Mahape, Navi Mumbai",29.8,25.7,27.5,87,10.2,8.0,192,1001.2,4.4
2020-06-13,139.0,30.0,6.0,9.0,7.0,1.0,"Mahape, Navi Mumbai",29.6,25.5,27.2,89,12.4,8.2,204,1001.1,12.7
2020-06-14,53.0,27.0,7.0,11.0,7.0,2.0,"Mahape, Navi Mumbai",30.6,25.7,27.8,87,15.3,9.8,195,1002.6,5.4
2020-06-15,29.0,32.0,7.0,13.0,7.0,2.0,"Mahape, Navi Mumbai",29.6,26.0,27.4,90,15.5,10.0,201,1002.5,14.3
2020-06-16,39.0,26.0,4.0,12.0,12.0,1.0,"Mahape, Navi Mumbai",28.6,25.7,27.1,89,16.9,10.7,202,1001.7,18.5
2020-06-17,29.0,14.0,8.0,9.0,4.0,2.0,"Mahape, Navi Mumbai",29.4,25.2,26.6,90,16.8,12.6,178,1001.8,14.0
2020-06-18,30.0,77.0,2.0,9.0,5.0,2.0,"Mahape, Navi Mumbai",28.4,25.0,26.3,92,23.9,16.0,191,1003.8,28.5
2020-06-19,98.0,52.0,2.0,7.0,3.0,2.0,"Mahape, Navi Mumbai",29.7,25.6,27.4,90,18.5,14.6,201,1005.7,5.2
2020-06-20,59.0,37.0,2.0,6.0,4.0,1.0,"Mahape, Navi Mumbai",29.8,26.1,27.4,89,16.1,12.8,199,1006.4,4.6
2020-06-21,45.0,43.0,1.0,7.0,4.0,2.0,"Mahape, Navi Mumbai",28.8,25.8,27.0,90,19.9,14.2,204,1005.5,9.3
2020-06-22,49.0,40.0,2.0,10.0,4.0,2.0,"Mahape, Navi Mumbai",29.4,25.6,27.2,88,19.8,15.0,202,1003.8,5.6
2020-06-23,49.0,30.0,3.0,10.0,4.0,1.0,"Mahape, Navi Mumbai",30.5,25.4,27.5,84,25.1,17.2,194,1004.4,4.4
2020-06-24,30.0,40.0,5.0,8.0,4.0,2.0,"Mahape, Navi Mumbai",30.5,25.8,27.9,84,18.1,13.1,198,1005.0,1.4
2020-06-25,53.0,43.0,10.0,7.0,4.0,1.0,"Mahape, Navi Mumbai",30.8,25.5,28.2,84,17.4,10.1,200,1004.4,4.8
2020-06-26,53.0,55.0,6.0,6.0,4.0,1.0,"Mahape, Navi Mumbai",31.0,25.9,28.0,86,12.5,6.4,191,1004.1,5.7
2020-06-27,65.0,36.0,3.0,6.0,4.0,1.0,"Mahape, Navi Mumbai",30.5,26.1,28.2,85,13.0,8.3,206,1004.5,2.9
2020-06-28,46.0,23.0,3.0,6.0,4.0,1.0,"Mahape, Navi Mumbai",31.1,25.7,28.1,85,15.7,9.3,205,1004.6,7.0
2020-06-29,25.0,21.0,2.0,8.0,4.0,2.0,"Mahape, Navi Mumbai",28.6,25.7,27.0,90,10.7,6.8,197,1004.0,17.1
2020-06-30,22.0,16.0,2.0,5.0,4.0,1.0,"Mahape, Navi Mumbai",29.2,25.8,27.1,89,13.8,9.1,180,1002.6,13.1
2020-07-01,16.0,18.0,1.5,6.0,4.0,2.0,"Mahape, Navi Mumbai",30.1,25.5,27.0,89,19.5,13.3,189,1003.5,8.7
2020-07-02,16.0,17.0,1.0,9.0,4.0,3.0,"Mahape, Navi Mumbai",29.4,25.3,27.1,89,18.1,13.1,198,1003.3,13.1
2020-07-03,29.0,8.0,1.0,8.0,4.0,2.0,"Mahape, Navi Mumbai",30.4,25.7,27.1,90,16.9,11.8,225,1002.5,42.9
2020-07-04,17.0,20.5,1.0,5.0,4.0,1.0,"Mahape, Navi Mumbai",27.7,25.6,26.4,93,29.4,16.3,227,1000.6,117.8
2020-07-05,23.0,33.0,3.0,5.0,4.0,1.5,"Mahape, Navi Mumbai",27.4,25.6,26.4,93,23.2,19.3,221,1000.8,59.4
2020-07-06,60.0,65.0,5.0,11.0,6.0,2.0,"Mahape, Navi Mumbai",29.0,25.8,27.0,89,30.6,24.7,212,999.7,22.6
2020-07-07,60.0,28.0,2.0,9.0,3.0,3.0,"Mahape, Navi Mumbai",28.4,25.9,26.7,92,25.8,21.0,215,1000.8,44.9
2020-07-08,138.0,30.0,2.0,7.0,4.0,3.0,"Mahape, Navi Mumbai",28.3,25.6,26.8,91,21.5,16.5,205,1004.2,22.8
2020-07-09,76.0,32.0,2.0,6.0,4.0,2.0,"Mahape, Navi Mumbai",28.4,25.6,26.6,92,18.2,14.6,199,1004.4,10.9
2020-07-10,110.0,31.0,2.0,6.0,46.0,3.0,"Mahape, Navi Mumbai",29.2,25.7,26.8,90,21.4,15.5,200,1004.7,9.0
2020-07-11,64.0,17.0,3.0,7.0,3.0,3.0,"Mahape, Navi Mumbai",28.6,25.3,26.6,90,21.0,16.2,209,1004.8,9.6
2020-07-12,114.0,25.0,4.0,7.0,4.0,5.0,"Mahape, Navi Mumbai",28.6,25.4,26.5,91,16.8,13.2,208,1005.0,15.1
2020-07-13,109.0,22.0,2.0,9.0,4.0,4.0,"Mahape, Navi Mumbai",28.8,25.2,26.4,92,16.4,11.4,214,1004.2,38.1
2020-07-14,44.0,12.0,2.0,10.0,4.0,4.0,"Mahape, Navi Mumbai",29.3,25.0,26.4,92,13.8,8.9,210,1003.7,40.4
2020-07-15,31.0,55.0,3.0,10.0,39.0,3.0,"Mahape, Navi Mumbai",26.8,25.2,25.9,94,12.1,8.6,222,1002.0,45.8
2020-07-16,65.0,11.0,3.0,7.0,5.0,3.0,"Mahape, Navi Mumbai",28.4,25.1,26.0,92,24.0,16.4,202,999.3,51.2
2020-07-17,26.0,23.0,3.0,8.0,4.0,3.0,"Mahape, Navi Mumbai",28.9,25.1,26.4,90,26.1,18.4,188,999.3,19.0
2020-07-18,41.0,33.0,4.0,7.0,4.0,3.0,"Mahape, Navi Mumbai",29.2,25.4,26.8,89,21.9,17.0,189,1003.0,7.1
2020-07-19,49.0,41.0,4.0,8.0,4.0,4.0,"Mahape, Navi Mumbai",29.2,25.2,27.0,89,15.1,11.5,200,1005.7,4.9
2020-07-20,59.0,45.0,3.0,8.0,4.0,4.0,"Mahape, Navi Mumbai",29.1,25.6,27.0,90,12.7,9.6,203,1004.2,4.7
2020-07-21,58.0,33.0,6.0,6.0,4.0,4.0,"Mahape, Navi Mumbai",29.4,25.5,27.0,88,13.7,10.1,197,1004.8,3.2
2020-07-22,45.0,65.0,3.0,8.0,5.0,6.0,"Mahape, Navi Mumbai",30.2,25.3,27.4,88,13.2,6.8,205,1006.0,4.5
2020-07-23,68.0,32.0,5.0,7.0,4.0,5.0,"Mahape, Navi Mumbai",29.0,25.8,27.2,89,9.4,6.5,208,1005.4,5.7
2020-07-24,60.0,31.0,3.0,7.0,4.0,5.0,"Mahape, Navi Mumbai",27.8,25.2,26.3,93,9.7,5.8,176,1006.0,21.7
2020-07-25,46.0,22.0,2.0,7.0,4.0,4.0,"Mahape, Navi Mumbai",29.6,25.0,26.8,88,15.8,8.3,204,1006.1,4.9
2020-07-26,44.0,18.0,4.0,8.0,4.0,6.0,"Mahape, Navi Mumbai",29.2,24.4,26.7,88,16.3,9.0,191,1007.0,10.0
2020-07-27,37.0,27.0,5.0,10.0,5.0,6.0,"Mahape, Navi Mumbai",28.9,25.1,26.4,90,15.8,10.8,206,1007.9,12.9
2020-07-28,63.0,36.0,4.0,6.0,5.0,6.0,"Mahape, Navi Mumbai",28.9,25.4,26.9,90,11.8,7.4,225,1006.6,10.7
2020-07-29,64.0,35.0,5.0,8.0,5.0,6.0,"Mahape, Navi Mumbai",29.4,25.2,26.7,92,14.2,7.2,214,1004.6,31.4
2020-07-30,41.0,34.0,4.0,8.0,5.0,5.0,"Mahape, Navi Mumbai",28.4,24.7,26.2,92,17.4,9.3,206,1004.3,43.5
2020-07-31,49.0,29.0,3.0,7.0,4.0,4.0,"Mahape, Navi Mumbai",29.5,25.4,27.0,89,13.8,9.5,197,1004.0,6.2
2020-08-01,29.0,20.0,4.0,5.0,4.0,3.0,"Mahape, Navi Mumbai",30.1,25.4,27.5,88,18.6,10.2,191,1003.3,3.3
2020-08-02,12.0,13.0,3.0,7.0,4.0,4.0,"Mahape, Navi Mumbai",30.9,25.8,27.7,84,22.7,14.0,182,1002.4,3.5
2020-08-03,14.0,12.0,3.0,7.0,4.0,4.0,"Mahape, Navi Mumbai",29.0,25.8,26.5,91,31.0,17.4,201,1000.3,45.3
2020-08-04,20.0,14.0,4.0,8.0,4.0,4.0,"Mahape, Navi Mumbai",26.8,25.9,26.3,92,36.4,25.8,218,996.9,125.0
2020-08-05,14.0,15.0,6.0,11.0,4.0,5.0,"Mahape, Navi Mumbai",26.7,25.8,26.3,93,34.9,18.5,246,995.1,151.3
2020-08-06,22.0,25.0,5.0,9.0,4.0,5.0,"Mahape, Navi Mumbai",28.2,26.3,26.9,90,36.2,24.5,230,995.6,43.3
2020-08-07,32.0,32.0,2.0,9.0,5.0,5.0,"Mahape, Navi Mumbai",28.4,25.6,26.7,91,28.0,22.5,215,1001.7,15.8
2020-08-08,40.0,44.0,3.0,7.0,5.0,5.0,"Mahape, Navi Mumbai",29.4,25.5,26.9,88,26.4,19.4,222,1004.8,11.9
2020-08-09,46.0,39.0,2.0,8.0,6.0,6.0,"Mahape, Navi Mumbai",28.4,25.6,26.8,88,21.0,14.4,226,1004.3,8.5
2020-08-10,49.0,40.0,2.0,10.0,6.0,9.0,"Mahape, Navi Mumbai",27.4,25.2,25.9,92,17.1,13.6,218,1004.1,16.2
2020-08-11,58.0,25.0,3.0,9.0,6.0,5.0,"Mahape, Navi Mumbai",26.3,25.2,25.8,93,18.6,14.9,220,1005.7,27.2
2020-08-12,33.0,30.0,2.0,7.0,6.0,5.0,"Mahape, Navi Mumbai",27.1,25.1,25.8,93,22.1,17.3,228,1006.9,23.5
2020-08-13,40.0,24.0,2.0,11.0,6.0,6.0,"Mahape, Navi Mumbai",27.1,25.1,25.8,92,22.2,17.0,231,1004.9,30.9
2020-08-14,45.0,32.0,3.0,9.0,6.0,6.0,"Mahape, Navi Mumbai",26.0,25.0,25.4,94,23.7,20.7,223,1002.9,51.9
2020-08-15,47.0,37.0,3.0,7.0,6.0,5.0,"Mahape, Navi Mumbai",26.1,25.1,25.6,94,20.6,18.6,224,1002.7,49.0
2020-08-16,48.0,29.0,3.0,8.0,6.0,7.0,"Mahape, Navi Mumbai",26.7,25.0,25.7,93,18.8,15.9,230,1003.6,34.9
2020-08-17,37.0,22.0,2.0,9.0,7.0,7.0,"Mahape, Navi Mumbai",26.3,25.0,25.5,93,19.1,15.5,227,1003.4,32.2
2020-08-18,37.0,22.0,2.0,8.0,7.0,7.0,"Mahape, Navi Mumbai",27.3,25.0,25.7,93,18.8,16.0,221,1004.7,16.7
2020-08-19,30.0,22.0,3.0,7.0,7.0,7.0,"Mahape, Navi Mumbai",28.4,25.0,26.2,91,22.3,16.3,231,1004.2,11.7
2020-08-20,28.0,14.0,2.0,8.0,7.0,7.0,"Mahape, Navi Mumbai",27.0,25.0,25.7,93,18.2,14.5,228,1003.4,33.2
2020-08-21,27.0,21.0,2.0,7.0,7.0,5.0,"Mahape, Navi Mumbai",27.1,25.0,25.8,94,19.9,16.4,221,1004.4,42.4
2020-08-22,19.0,21.0,2.0,5.0,7.5,5.0,"Mahape, Navi Mumbai",27.9,25.3,26.2,92,23.0,17.3,223,1005.3,19.5
2020-08-23,27.5,30.0,2.0,7.0,8.0,6.0,"Mahape, Navi Mumbai",27.6,25.0,26.1,91,25.5,18.9,219,1005.8,10.6
2020-08-24,36.0,35.0,2.0,7.0,7.0,7.0,"Mahape, Navi Mumbai",28.9,25.1,26.5,89,25.9,18.8,220,1006.4,10.7
2020-08-25,41.0,33.0,3.0,7.0,8.0,7.0,"Mahape, Navi Mumbai",29.3,25.3,26.7,88,24.5,15.3,217,1008.6,6.7
2020-08-26,42.0,33.0,2.0,6.0,8.0,7.0,"Mahape, Navi Mumbai",29.5,25.0,26.7,86,20.0,12.7,210,1008.9,4.5
2020-08-27,35.0,57.0,2.0,9.0,8.0,8.0,"Mahape, Navi Mumbai",27.6,24.9,25.9,91,17.3,11.1,214,1007.9,9.0
2020-08-28,33.0,12.0,2.0,10.0,8.0,9.0,"Mahape, Navi Mumbai",26.8,24.9,25.5,93,20.4,13.2,213,1006.2,29.9
2020-08-29,33.0,15.0,2.0,8.0,8.0,7.0,"Mahape, Navi Mumbai",26.2,24.6,25.3,94,17.1,13.8,215,1005.5,35.7
2020-08-30,105.5,19.0,3.0,8.0,8.0,9.0,"Mahape, Navi Mumbai",27.0,24.8,25.4,93,24.0,16.6,205,1005.7,16.6
2020-08-31,178.0,34.0,4.0,7.0,8.0,9.0,"Mahape, Navi Mumbai",27.9,24.5,25.9,91,19.7,14.6,209,1007.7,13.5
2020-09-01,54.0,42.0,6.0,5.0,9.0,7.0,"Mahape, Navi Mumbai",28.6,24.6,26.3,90,12.0,8.0,218,1009.1,3.9
2020-09-02,72.0,46.0,7.0,8.0,8.0,6.0,"Mahape, Navi Mumbai",30.5,24.1,27.0,87,12.8,5.7,319,1008.3,2.5
2020-09-03,71.0,46.0,13.0,11.0,8.0,8.0,"Mahape, Navi Mumbai",31.0,24.9,27.3,87,7.8,5.2,360,1007.3,2.0
2020-09-04,85.0,49.0,19.0,12.0,8.0,8.0,"Mahape, Navi Mumbai",32.2,24.9,28.0,86,10.7,4.8,55,1006.6,19.6
2020-09-05,94.0,63.0,10.0,10.0,9.0,9.0,"Mahape, Navi Mumbai",31.8,24.7,28.2,87,10.5,4.4,216,1005.9,3.6
2020-09-06,129.0,37.0,6.0,9.0,8.0,9.0,"Mahape, Navi Mumbai",31.5,26.5,28.0,90,7.9,4.9,202,1005.2,16.1
2020-09-07,85.0,63.0,7.0,9.0,9.0,14.0,"Mahape, Navi Mumbai",29.5,25.5,27.3,88,12.3,5.6,217,1006.7,7.3
2020-09-08,104.0,61.5,8.0,10.5,8.5,15.0,"Mahape, Navi Mumbai",30.6,24.5,27.1,89,11.9,5.5,109,1007.2,15.5
2020-09-09,83.5,60.0,9.0,12.0,8.0,16.0,"Mahape, Navi Mumbai",30.9,25.5,28.0,89,9.7,4.9,338,1005.6,11.9
2020-09-10,63.0,22.0,7.25,9.0,8.0,21.0,"Mahape, Navi Mumbai",30.0,25.6,27.6,88,10.5,5.9,210,1003.8,4.8
2020-09-11,60.25,26.0,5.5,6.0,8.0,15.0,"Mahape, Navi Mumbai",30.3,25.6,27.2,91,14.2,4.6,283,1003.2,21.4
2020-09-12,57.5,13.0,3.75,9.0,8.0,14.0,"Mahape, Navi Mumbai",29.5,24.8,26.7,88,29.2,15.9,186,1004.3,12.5
2020-09-13,54.75,38.0,2.0,7.0,8.0,19.0,"Mahape, Navi Mumbai",28.5,25.2,26.6,86,19.5,14.0,207,1007.0,8.5
2020-09-14,52.0,30.0,1.8,8.0,8.0,17.0,"Mahape, Navi Mumbai",28.8,25.0,26.3,90,12.5,8.7,199,1006.7,8.3
2020-09-15,59.0,34.5,1.6,9.0,8.0,14.0,"Mahape, Navi Mumbai",28.9,24.5,26.1,90,13.0,7.1,194,1006.4,6.8
2020-09-18,80.0,48.0,1.0,12.0,8.0,6.0,"Mahape, Navi Mumbai",28.0,24.9,26.3,87,9.0,5.0,223,1006.3,7.0
2020-09-19,87.0,61.0,4.0,11.0,8.0,7.0,"Mahape, Navi Mumbai",30.1,24.5,26.9,87,10.9,4.4,253,1003.9,8.2
2020-09-20,120.0,94.0,4.0,15.0,9.0,9.0,"Mahape, Navi Mumbai",30.0,24.9,26.8,91,11.0,4.3,325,1002.0,8.6
2020-09-21,163.0,87.0,2.0,17.0,9.0,8.0,"Mahape, Navi Mumbai",31.4,25.0,27.2,90,11.4,3.8,234,1000.6,16.6
2020-09-22,144.0,10.0,2.0,16.0,8.0,6.0,"Mahape, Navi Mumbai",29.6,25.2,26.7,91,15.3,5.3,198,1001.0,29.4
2020-09-23,40.0,75.0,2.0,13.0,9.0,8.0,"Mahape, Navi Mumbai",26.5,25.5,26.0,94,23.9,13.2,227,1003.2,111.8
2020-09-24,115.0,53.0,1.0,12.0,9.0,10.0,"Mahape, Navi Mumbai",29.2,24.8,26.8,90,13.9,9.2,204,1007.0,6.2
2020-09-25,85.0,63.0,1.0,11.0,10.0,9.0,"Mahape, Navi Mumbai",28.1,25.2,26.5,90,13.4,7.7,220,1007.7,7.7
2020-09-26,97.0,57.0,1.0,9.0,10.0,8.0,"Mahape, Navi Mumbai",29.8,24.5,26.6,84,14.4,7.4,245,1007.6,2.3
2020-09-27,84.0,59.0,2.0,7.0,9.0,7.0,"Mahape, Navi Mumbai",28.4,24.4,26.1,88,11.4,7.3,218,1008.8,1.4
2020-09-28,98.0,68.0,2.0,7.0,9.0,9.0,"Mahape, Navi Mumbai",28.5,23.7,26.1,88,12.0,4.9,212,1009.3,2.3
2020-09-29,113.0,82.0,2.0,23.0,11.0,10.0,"Mahape, Navi Mumbai",29.5,23.9,26.5,87,10.4,4.6,306,1008.5,1.2
2020-09-30,135.0,61.0,3.0,19.0,9.0,6.0,"Mahape, Navi Mumbai",29.8,23.9,26.8,84,12.7,4.8,305,1007.7,0.7
2020-10-01,88.0,66.0,6.0,13.0,9.0,6.0,"Mahape, Navi Mumbai",29.8,24.0,26.7,83,12.4,5.3,319,1008.2,1.3
2020-10-02,118.0,63.0,9.0,12.5,9.0,5.0,"Mahape, Navi Mumbai",30.7,24.3,27.1,84,10.5,4.7,11,1008.2,1.5
2020-10-03,111.0,64.66666666666667,7.0,12.0,9.0,6.666666666666667,"Mahape, Navi Mumbai",30.6,24.5,27.0,89,10.7,4.4,300,1008.3,3.4
2020-10-05,107.66666666666669,68.0,3.0,11.0,9.0,10.0,"Mahape, Navi Mumbai",29.6,24.5,26.7,88,11.6,5.4,260,1009.3,1.2
2020-10-06,106.0,71.0,5.5,9.0,15.0,7.0,"Mahape, Navi Mumbai",31.5,23.9,27.4,85,11.6,5.3,7,1008.5,2.1
2020-10-07,131.0,83.0,8.0,11.0,9.0,4.0,"Mahape, Navi Mumbai",31.9,24.6,27.8,86,10.7,4.7,343,1009.0,1.6
2020-10-08,148.0,78.0,10.0,11.0,9.0,5.0,"Mahape, Navi Mumbai",32.7,25.4,28.4,84,12.2,4.9,335,1008.1,0.3
2020-10-09,150.0,120.0,12.0,17.0,10.0,8.0,"Mahape, Navi Mumbai",33.7,26.0,29.2,78,10.1,5.2,8,1007.2,0.8
2020-10-10,195.0,68.0,5.0,17.0,9.0,8.0,"Mahape, Navi Mumbai",32.0,25.8,28.2,84,11.0,5.8,188,1007.1,9.4
2020-10-11,135.0,61.0,4.25,16.0,9.0,8.5,"Mahape, Navi Mumbai",29.9,26.0,27.3,89,6.5,4.1,154,1005.8,4.7
2020-10-14,93.0,40.0,2.0,13.0,9.0,10.0,"Mahape, Navi Mumbai",30.3,25.1,27.3,90,7.2,2.9,160,1003.3,9.4
2020-10-15,79.0,47.0,3.0,12.0,10.0,8.0,"Mahape, Navi Mumbai",31.6,24.5,27.5,87,15.2,8.2,12,1000.9,33.2
2020-10-16,80.0,69.0,3.0,13.0,9.0,6.0,"Mahape, Navi Mumbai",31.0,25.0,27.7,78,20.7,11.7,148,1001.4,0.8
2020-10-17,88.0,88.0,4.0,11.0,9.0,4.0,"Mahape, Navi Mumbai",30.9,25.5,27.6,78,15.5,11.1,178,1005.1,4.9
2020-10-18,119.0,68.0,6.0,10.0,9.0,6.0,"Mahape, Navi Mumbai",30.2,25.0,26.9,85,12.9,7.5,189,1007.6,4.2
2020-10-19,112.0,70.0,4.0,10.0,9.0,6.0,"Mahape, Navi Mumbai",30.0,25.3,27.0,88,11.2,4.4,214,1008.0,5.2
2020-10-20,133.0,64.0,6.0,9.0,10.0,6.0,"Mahape, Navi Mumbai",31.2,24.5,27.2,89,8.7,5.7,36,1007.3,7.0
2020-10-21,133.0,59.0,6.0,10.0,11.0,6.0,"Mahape, Navi Mumbai",31.5,24.5,27.1,88,8.1,4.3,28,1007.7,16.6
2020-10-22,128.0,89.0,8.0,9.0,10.0,5.0,"Mahape, Navi Mumbai",31.4,24.2,26.6,90,11.5,5.0,6,1006.8,15.6
2020-10-23,147.0,121.0,6.0,13.0,11.0,12.0,"Mahape, Navi Mumbai",31.4,24.1,27.3,86,6.6,3.3,281,1006.8,1.8
2020-10-24,179.0,67.0,5.0,8.0,10.0,6.0,"Mahape, Navi Mumbai",29.1,24.7,26.8,90,11.3,6.3,184,1008.4,1.6
2020-10-25,137.0,64.0,5.0,11.0,9.0,6.0,"Mahape, Navi Mumbai",30.0,23.5,26.9,89,8.3,4.5,175,1010.1,6.3
2020-10-26,129.0,82.0,15.0,22.0,10.0,7.0,"Mahape, Navi Mumbai",32.4,24.1,27.7,82,9.1,5.1,94,1011.1,0.0
2020-10-27,130.0,88.0,19.0,20.0,11.0,8.0,"Mahape, Navi Mumbai",33.0,24.5,27.7,73,10.8,5.6,10,1010.2,0.0
2020-10-28,152.0,101.0,28.0,24.0,12.0,10.0,"Mahape, Navi Mumbai",33.3,23.2,27.5,75,9.7,5.4,9,1010.6,0.0
2020-10-29,164.0,87.0,16.0,22.0,11.0,8.0,"Mahape, Navi Mumbai",32.0,21.9,27.1,75,8.8,5.0,347,1011.2,0.0
2020-10-30,146.0,77.0,20.0,18.0,12.0,8.0,"Mahape, Navi Mumbai",32.8,22.2,26.7,74,11.1,6.2,12,1011.0,0.0
2020-10-31,131.0,87.0,31.0,19.0,11.0,8.0,"Mahape, Navi Mumbai",33.0,20.5,26.3,67,11.0,6.3,10,1011.0,0.0
2020-11-01,150.0,110.0,34.0,20.0,11.0,11.0,"Mahape, Navi Mumbai",32.9,21.8,26.5,68,10.8,5.8,0,1011.7,0.0
2020-11-02,170.0,106.0,22.0,18.0,11.0,11.0,"Mahape, Navi Mumbai",33.3,23.2,27.7,70,8.7,4.7,22,1012.4,0.1
2020-11-03,169.0,146.0,31.0,21.0,38.0,12.0,"Mahape, Navi Mumbai",34.5,23.0,28.4,61,11.4,7.5,26,1012.1,0.0
2020-11-04,218.0,89.0,25.0,20.0,65.0,12.2,"Mahape, Navi Mumbai",34.2,22.6,27.7,61,10.8,5.9,27,1011.7,0.0
2020-11-05,161.0,122.0,25.0,22.0,68.0,12.4,"Mahape, Navi Mumbai",34.1,21.6,27.3,55,10.7,6.7,41,1012.2,0.0
2020-11-06,182.0,119.0,22.0,21.0,68.0,12.6,"Mahape, Navi Mumbai",33.6,21.2,26.7,52,13.3,8.2,38,1013.7,0.0
2020-11-07,162.0,85.0,27.0,19.0,68.0,9.0,"Mahape, Navi Mumbai",34.1,19.5,26.6,52,10.0,7.5,42,1014.1,0.0
2020-11-08,156.0,89.0,31.0,22.0,68.0,9.0,"Mahape, Navi Mumbai",34.4,22.0,27.7,54,13.2,8.4,54,1013.9,0.0
2020-11-09,156.0,105.0,23.0,26.0,68.0,9.0,"Mahape, Navi Mumbai",33.6,20.8,26.9,51,13.3,7.3,25,1013.4,0.0
2020-11-10,169.0,158.0,30.0,22.0,68.0,9.0,"Mahape, Navi Mumbai",33.2,19.2,25.9,47,11.3,7.2,65,1011.4,0.0
2020-11-11,227.0,160.0,37.0,23.0,66.0,9.0,"Mahape, Navi Mumbai",32.9,18.6,25.0,46,11.2,7.4,53,1011.9,0.0
2020-11-12,167.0,129.0,20.0,17.0,31.0,9.0,"Mahape, Navi Mumbai",33.5,18.4,25.4,44,10.2,7.9,39,1012.9,0.0
2020-11-13,164.0,238.0,17.0,17.0,13.0,14.0,"Mahape, Navi Mumbai",34.8,20.4,27.1,55,14.3,8.0,24,1011.8,0.0
2020-11-14,155.0,95.0,25.0,9.0,10.0,14.571428571428571,"Mahape, Navi Mumbai",35.1,22.9,28.7,59,11.5,6.8,44,1010.3,0.0
2020-11-15,186.0,91.0,17.0,6.0,10.0,15.142857142857142,"Mahape, Navi Mumbai",34.8,24.9,29.0,62,13.8,7.2,345,1010.4,0.0
2020-11-16,164.0,100.0,14.0,8.0,8.0,15.714285714285714,"Mahape, Navi Mumbai",35.8,24.0,29.4,56,12.0,8.1,25,1010.8,0.0
2020-11-17,163.0,141.0,27.0,8.0,9.0,9.0,"Mahape, Navi Mumbai",36.0,25.4,29.7,56,14.8,8.2,22,1009.8,0.0
2020-11-18,171.0,110.0,30.0,5.0,17.0,9.0,"Mahape, Navi Mumbai",33.2,24.1,28.6,63,11.4,6.5,294,1009.8,0.2
2020-11-19,240.0,103.0,34.0,7.0,9.0,9.0,"Mahape, Navi Mumbai",34.0,25.2,28.9,60,12.2,7.4,2,1010.0,0.0
2020-11-20,201.0,125.0,27.0,9.0,9.0,18.0,"Mahape, Navi Mumbai",34.0,24.8,28.5,55,13.4,8.4,5,1011.3,0.1
2020-11-21,161.0,104.0,41.0,12.0,5.0,7.0,"Mahape, Navi Mumbai",34.3,23.2,27.7,55,13.7,7.1,352,1011.8,0.0
2020-11-22,170.0,88.0,23.0,12.0,6.0,7.0,"Mahape, Navi Mumbai",34.3,21.1,26.7,64,14.7,6.3,342,1012.5,0.0
2020-11-23,136.0,87.0,37.0,9.0,35.0,2.0,"Mahape, Navi Mumbai",34.2,21.0,27.0,59,17.0,7.5,339,1012.9,0.0
2020-11-24,160.0,99.5,44.0,17.0,54.0,10.0,"Mahape, Navi Mumbai",33.8,21.4,26.7,58,16.2,6.0,331,1011.7,0.0
2020-11-25,176.0,105.0,35.0,9.0,9.0,5.0,"Mahape, Navi Mumbai",33.8,23.0,27.2,60,13.3,5.7,21,1010.9,0.0
2020-11-26,175.0,229.0,24.0,10.0,5.0,12.0,"Mahape, Navi Mumbai",34.0,20.4,27.0,54,16.5,9.2,2,1011.3,0.0
2020-11-27,166.0,203.2,23.6,10.6,11.4,11.0,"Mahape, Navi Mumbai",33.7,22.6,27.6,41,19.5,13.2,39,1012.7,0.0
2020-12-01,165.2,100.0,22.0,13.0,37.0,7.0,"Mahape, Navi Mumbai",35.0,24.1,29.0,57,14.7,6.8,10,1013.0,0.0
2020-12-02,165.0,107.0,33.0,15.0,43.0,7.0,"Mahape, Navi Mumbai",34.8,23.5,28.3,57,16.6,8.3,17,1011.9,0.0
2020-12-03,167.0,132.0,47.0,18.0,10.0,10.0,"Mahape, Navi Mumbai",34.2,20.4,26.8,56,14.8,7.4,19,1011.4,0.0
2020-12-04,176.0,125.0,68.0,13.0,9.0,14.0,"Mahape, Navi Mumbai",34.2,19.4,26.1,54,9.9,6.2,39,1010.6,0.0
2020-12-05,169.0,126.0,21.0,11.0,16.0,9.0,"Mahape, Navi Mumbai",34.5,18.6,26.0,51,9.1,6.2,38,1011.1,0.0
2020-12-06,184.0,139.0,26.0,9.0,17.0,9.0,"Mahape, Navi Mumbai",34.2,18.5,25.9,44,10.4,8.0,59,1012.2,0.0
2020-12-07,184.0,113.0,31.0,19.0,10.0,9.0,"Mahape, Navi Mumbai",34.1,19.7,26.1,44,9.8,7.8,45,1013.5,0.0
2020-12-08,161.0,110.0,28.0,30.0,4.0,9.0,"Mahape, Navi Mumbai",35.0,19.5,26.4,47,12.1,7.7,36,1013.3,0.0
2020-12-09,162.0,146.0,28.0,33.0,9.0,10.0,"Mahape, Navi Mumbai",35.0,21.2,27.5,51,15.4,6.8,24,1012.0,0.0
2020-12-10,214.0,93.0,13.0,22.0,20.0,5.0,"Mahape, Navi Mumbai",33.8,24.0,28.4,57,14.3,5.2,309,1011.4,0.0
2020-12-11,171.0,79.0,13.0,18.0,9.0,3.0,"Mahape, Navi Mumbai",28.5,24.4,26.2,68,10.6,5.0,350,1012.4,2.1
2020-12-12,161.0,74.0,14.0,14.0,6.0,3.0,"Mahape, Navi Mumbai",31.9,22.8,26.3,71,12.5,7.6,19,1011.6,0.6
2020-12-13,158.0,65.0,4.0,14.0,3.0,4.0,"Mahape, Navi Mumbai",30.6,23.1,25.7,69,13.0,7.7,15,1010.8,0.1
2020-12-14,154.0,91.0,28.0,22.0,1.0,5.0,"Mahape, Navi Mumbai",28.0,22.5,24.2,84,8.6,5.5,13,1011.3,23.4
2020-12-15,175.0,104.0,20.0,24.0,1.0,7.0,"Mahape, Navi Mumbai",31.5,21.4,25.4,78,14.0,9.5,358,1012.4,0.0
2020-12-16,182.0,109.0,14.0,25.0,2.0,6.0,"Mahape, Navi Mumbai",32.0,21.2,25.7,74,13.3,8.9,0,1013.6,0.0
2020-12-17,182.0,97.0,24.0,32.0,3.0,6.0,"Mahape, Navi Mumbai",32.5,21.2,25.8,71,14.4,9.0,7,1013.7,0.0
2020-12-18,164.0,105.0,23.0,34.0,4.0,8.0,"Mahape, Navi Mumbai",33.2,20.5,25.8,68,12.8,7.9,18,1013.4,0.0
2020-12-19,170.0,96.0,26.0,38.0,5.0,7.0,"Mahape, Navi Mumbai",32.9,19.8,25.8,60,12.0,8.4,31,1013.9,0.0
2020-12-20,168.0,129.0,23.0,37.0,6.0,8.0,"Mahape, Navi Mumbai",32.2,19.8,25.2,51,11.7,8.2,38,1014.5,0.0
2020-12-21,192.0,123.0,31.0,38.0,8.0,9.0,"Mahape, Navi Mumbai",32.2,17.6,24.1,46,10.2,7.4,46,1013.4,0.0
2020-12-22,162.0,247.0,27.0,39.0,9.0,14.0,"Mahape, Navi Mumbai",32.5,15.7,23.5,46,11.2,7.1,40,1012.2,0.0
2020-12-23,184.0,155.0,36.0,40.0,5.0,12.0,"Mahape, Navi Mumbai",32.1,15.9,23.7,48,10.1,6.5,10,1011.0,0.0
2020-12-24,176.0,237.0,37.0,41.0,6.0,18.0,"Mahape, Navi Mumbai",33.5,17.9,24.6,50,12.5,7.7,27,1009.9,0.0
2020-12-25,235.0,136.0,42.0,35.0,7.0,12.0,"Mahape, Navi Mumbai",34.5,18.2,25.8,52,9.4,6.8,53,1010.5,0.0
2020-12-26,194.0,116.0,39.0,20.0,3.0,8.0,"Mahape, Navi Mumbai",34.5,19.6,26.2,54,14.6,6.3,10,1011.8,0.0
2020-12-27,186.0,87.0,29.0,36.0,4.0,4.0,"Mahape, Navi Mumbai",33.8,20.8,26.2,59,18.0,9.0,343,1011.9,0.0
2020-12-28,150.0,120.0,41.0,38.0,6.0,7.0,"Mahape, Navi Mumbai",31.5,18.6,23.9,45,15.3,9.9,353,1012.0,0.0
2020-12-29,166.0,125.0,28.0,40.0,4.0,7.0,"Mahape, Navi Mumbai",31.2,15.8,22.5,55,13.6,7.2,342,1011.2,0.0
2020-12-30,172.0,126.0,24.0,22.0,3.0,11.0,"Mahape, Navi Mumbai",32.7,17.8,23.9,62,17.4,7.7,347,1011.3,0.0
2020-12-31,181.0,178.0,16.0,30.0,12.0,14.0,"Mahape, Navi Mumbai",34.5,19.0,25.8,60,13.1,7.9,35,1010.8,0.0
2021-01-01,355.0,141.0,21.0,37.0,2.0,12.0,"Mahape, Navi Mumbai",34.0,21.0,26.4,65,18.1,7.0,286,1011.3,0.0
2021-01-02,213.0,135.0,39.0,24.0,2.0,9.0,"Mahape, Navi Mumbai",31.7,22.9,26.2,69,14.5,6.9,294,1012.0,0.0
2021-01-03,201.0,137.0,38.0,34.0,3.0,11.0,"Mahape, Navi Mumbai",32.1,21.0,25.3,63,14.8,6.8,317,1010.5,0.0
2021-01-04,195.0,141.0,40.0,26.0,3.0,10.0,"Mahape, Navi Mumbai",30.1,21.2,25.0,62,13.2,7.2,292,1010.5,0.0
2021-01-05,207.0,144.0,37.0,26.0,19.0,11.0,"Mahape, Navi Mumbai",31.5,21.6,25.4,63,17.0,7.4,347,1011.6,0.6
2021-01-06,214.0,145.0,47.0,26.0,13.0,11.0,"Mahape, Navi Mumbai",32.3,21.8,26.0,57,15.6,8.8,351,1011.1,0.0
2021-01-07,208.0,161.0,11.0,29.0,20.0,10.0,"Mahape, Navi Mumbai",32.5,22.0,26.6,67,8.4,5.0,40,1009.1,0.2
2021-01-08,233.0,105.0,19.0,21.0,4.0,10.0,"Mahape, Navi Mumbai",30.4,23.4,26.1,81,8.2,4.6,9,1008.6,6.0
2021-01-09,176.0,108.0,22.0,24.0,5.0,10.0,"Mahape, Navi Mumbai",32.1,22.8,26.7,76,13.0,7.2,18,1009.2,0.6
2021-01-10,181.0,119.0,22.0,21.0,5.0,11.0,"Mahape, Navi Mumbai",33.0,23.7,27.6,72,10.0,6.1,34,1009.9,0.8
2021-01-11,178.0,108.0,29.0,20.0,6.0,9.0,"Mahape, Navi Mumbai",34.6,23.1,27.8,67,14.5,6.8,2,1010.9,0.0
2021-01-12,169.0,91.0,26.0,20.0,7.0,7.0,"Mahape, Navi Mumbai",35.5,23.5,28.4,63,17.1,9.1,3,1011.4,0.0
2021-01-13,151.0,108.0,44.0,32.0,8.0,10.0,"Mahape, Navi Mumbai",35.0,22.9,27.8,53,14.2,9.2,14,1011.2,0.0
2021-01-14,169.0,163.0,35.0,43.0,8.0,10.0,"Mahape, Navi Mumbai",34.3,21.2,26.4,59,17.4,8.7,347,1010.6,0.0
2021-01-15,200.0,159.5,43.0,37.0,7.0,11.0,"Mahape, Navi Mumbai",31.5,18.9,24.2,65,14.6,7.8,313,1010.2,0.0
2021-01-16,183.0,156.0,47.0,31.5,10.0,14.0,"Mahape, Navi Mumbai",31.9,17.2,23.7,62,15.6,6.9,326,1009.3,0.0
2021-01-17,194.0,115.0,36.0,26.0,7.0,12.0,"Mahape, Navi Mumbai",32.0,19.2,24.9,64,13.4,4.9,280,1009.8,0.0
2021-01-18,160.0,133.0,36.0,35.0,9.0,12.0,"Mahape, Navi Mumbai",33.2,19.9,25.6,61,15.5,6.8,334,1011.3,0.0
2021-01-19,174.0,109.0,30.0,28.0,5.0,10.0,"Mahape, Navi Mumbai",33.8,20.5,26.5,54,14.7,7.0,328,1011.4,0.0
2021-01-20,158.0,146.0,43.0,45.0,8.0,14.0,"Mahape, Navi Mumbai",33.8,20.2,25.7,50,15.6,8.1,350,1012.3,0.0
2021-01-21,189.0,190.0,46.0,38.0,8.0,15.0,"Mahape, Navi Mumbai",32.5,16.9,23.5,59,14.2,6.9,336,1012.3,0.0
2021-01-22,224.0,157.0,47.0,38.0,7.0,15.0,"Mahape, Navi Mumbai",34.0,17.5,24.7,64,17.1,6.3,338,1011.5,0.0
2021-01-23,219.0,126.0,36.0,23.0,8.0,11.0,"Mahape, Navi Mumbai",34.7,18.2,25.3,61,16.1,7.8,340,1011.6,0.0
2021-01-24,168.0,208.0,41.0,32.0,8.0,12.0,"Mahape, Navi Mumbai",33.3,18.0,24.5,56,16.1,8.3,344,1012.6,0.0
2021-01-25,177.0,139.0,54.0,26.0,8.0,11.0,"Mahape, Navi Mumbai",33.0,16.2,23.3,55,14.5,7.8,339,1013.1,0.0
2021-01-26,181.0,151.0,51.0,34.0,8.0,14.0,"Mahape, Navi Mumbai",32.0,16.4,22.7,64,15.2,7.6,334,1012.7,0.0
2021-01-27,188.0,171.0,54.0,38.0,9.0,14.0,"Mahape, Navi Mumbai",31.4,15.8,22.3,66,12.7,6.9,322,1012.3,0.0
2021-01-28,199.0,166.0,57.0,33.0,11.0,14.0,"Mahape, Navi Mumbai",31.9,15.1,22.7,64,14.5,7.2,330,1012.7,0.0
2021-01-29,215.0,176.0,33.0,39.0,11.0,15.0,"Mahape, Navi Mumbai",32.6,15.9,23.2,57,13.5,7.3,340,1013.3,0.0
2021-01-30,210.0,124.0,41.0,38.0,12.0,13.0,"Mahape, Navi Mumbai",33.8,16.7,24.4,50,19.3,8.3,346,1012.7,0.0
2021-01-31,172.0,123.0,24.0,34.0,12.0,13.0,"Mahape, Navi Mumbai",34.2,17.9,25.2,48,18.7,8.4,357,1012.9,0.0
2021-02-01,176.0,137.0,20.0,33.0,11.0,17.0,"Mahape, Navi Mumbai",35.8,20.5,27.3,43,15.3,9.5,23,1014.2,0.0
2021-02-02,168.0,168.0,31.0,43.0,11.0,18.0,"Mahape, Navi Mumbai",35.8,21.1,27.7,39,14.5,8.4,29,1014.4,0.0
2021-02-03,181.0,145.0,45.0,38.0,12.0,16.0,"Mahape, Navi Mumbai",34.0,18.1,25.7,43,19.9,8.0,316,1013.7,0.0
2021-02-04,186.0,123.0,34.0,28.0,11.0,13.0,"Mahape, Navi Mumbai",33.7,18.4,25.2,49,17.6,8.5,353,1013.5,0.0
2021-02-05,173.0,93.0,32.0,19.0,10.0,9.0,"Mahape, Navi Mumbai",33.0,19.3,25.0,44,20.7,9.8,345,1013.4,0.0
2021-02-06,155.0,132.0,35.0,22.0,10.0,10.0,"Mahape, Navi Mumbai",34.1,18.5,25.8,38,14.3,10.0,20,1012.5,0.0
2021-02-07,202.0,115.0,69.0,31.0,10.0,14.0,"Mahape, Navi Mumbai",34.9,19.9,26.7,33,13.4,10.1,33,1013.1,0.0
2021-02-08,164.0,145.0,45.0,46.0,14.0,14.0,"Mahape, Navi Mumbai",35.0,18.1,25.9,32,18.3,8.6,29,1013.6,0.0
2021-02-09,179.0,191.0,48.0,35.0,17.0,15.0,"Mahape, Navi Mumbai",35.7,17.7,25.5,36,18.9,7.6,9,1012.6,0.0
2021-02-10,225.0,115.5,38.0,46.0,14.0,24.0,"Mahape, Navi Mumbai",35.0,16.8,24.9,43,16.2,7.5,337,1011.5,0.0
2021-02-11,309.0,115.5,34.0,46.0,21.0,27.0,"Mahape, Navi Mumbai",35.9,18.3,26.0,41,18.6,7.9,358,1010.4,0.0
2021-02-12,308.0,185.0,26.0,46.0,19.0,16.0,"Mahape, Navi Mumbai",34.5,19.0,25.4,49,16.5,8.2,330,1011.1,0.0
2021-02-13,228.0,235.0,3.0,29.0,18.0,16.0,"Mahape, Navi Mumbai",34.6,18.4,25.7,55,20.3,8.4,331,1012.4,0.0
2021-02-14,257.0,169.0,24.0,34.0,10.0,10.0,"Mahape, Navi Mumbai",34.9,19.2,25.8,58,19.8,8.0,333,1012.6,0.0
2021-02-15,229.0,103.0,16.0,32.0,9.0,7.0,"Mahape, Navi Mumbai",33.2,19.3,25.1,62,18.8,8.5,323,1011.9,0.0
2021-02-16,164.0,112.0,26.0,25.0,8.0,7.0,"Mahape, Navi Mumbai",32.2,19.4,24.4,70,19.8,8.2,330,1011.7,0.0
2021-02-17,174.0,207.0,33.0,45.0,13.0,13.0,"Mahape, Navi Mumbai",33.3,18.9,24.8,67,19.7,7.7,340,1011.3,0.0
2021-02-18,254.0,86.0,26.0,28.0,9.0,8.0,"Mahape, Navi Mumbai",35.0,20.9,26.1,62,12.8,5.8,165,1011.8,1.0
2021-02-19,143.0,81.0,18.0,26.0,10.0,8.0,"Mahape, Navi Mumbai",33.3,21.0,26.5,51,14.9,7.6,84,1013.4,0.1
2021-02-20,139.0,90.0,23.0,29.0,13.0,10.0,"Mahape, Navi Mumbai",34.7,20.4,26.9,41,15.5,9.1,68,1013.4,0.0
2021-02-21,151.0,97.0,39.0,31.0,14.0,9.0,"Mahape, Navi Mumbai",35.1,21.5,27.9,39,17.4,11.1,60,1013.1,0.0
2021-02-22,163.0,127.0,67.0,40.0,14.0,12.0,"Mahape, Navi Mumbai",36.8,21.8,28.1,47,20.2,6.7,328,1013.3,0.0
2021-02-23,179.0,143.0,52.0,45.0,17.0,13.0,"Mahape, Navi Mumbai",35.8,21.6,28.3,49,19.1,6.9,286,1012.0,0.0
2021-02-24,188.0,124.0,44.0,34.0,17.0,11.0,"Mahape, Navi Mumbai",37.2,22.1,28.9,46,19.1,7.6,312,1010.7,0.0
2021-02-25,173.0,109.0,32.0,29.0,13.0,10.0,"Mahape, Navi Mumbai",37.5,22.5,29.0,41,22.1,10.3,341,1011.2,0.0
2021-02-26,146.0,147.0,28.0,34.0,13.0,11.0,"Mahape, Navi Mumbai",35.4,21.8,27.9,46,17.7,8.6,318,1010.6,0.0
2021-02-27,167.0,126.0,12.0,43.0,13.0,12.0,"Mahape, Navi Mumbai",37.3,20.0,27.9,51,18.6,8.9,344,1009.6,0.0
2021-02-28,164.0,98.0,35.0,23.0,15.0,7.0,"Mahape, Navi Mumbai",39.0,21.2,29.2,42,21.7,9.2,344,1009.2,0.0
2021-03-01,159.0,117.0,28.0,28.0,15.0,9.0,"Mahape, Navi Mumbai",39.6,24.0,30.3,35,23.1,10.2,349,1011.5,0.0
2021-03-02,146.0,138.0,47.0,41.0,18.0,13.0,"Mahape, Navi Mumbai",39.5,22.2,30.1,31,23.4,10.0,345,1012.3,0.0
2021-03-03,182.0,204.0,43.0,39.0,17.0,16.0,"Mahape, Navi Mumbai",40.3,21.4,30.1,26,20.1,8.8,355,1010.7,0.0
2021-03-04,187.0,193.0,49.0,37.0,20.0,16.0,"Mahape, Navi Mumbai",40.3,22.1,31.1,24,23.0,9.5,1,1010.2,0.0
2021-03-05,200.0,132.0,19.0,35.0,9.0,10.0,"Mahape, Navi Mumbai",39.9,22.0,30.1,33,22.9,9.9,7,1011.3,0.0
2021-03-06,174.0,125.0,25.0,29.0,11.0,11.0,"Mahape, Navi Mumbai",35.7,21.4,27.6,67,17.9,8.3,233,1012.4,0.0
2021-03-07,148.0,126.0,24.0,23.0,13.0,13.0,"Mahape, Navi Mumbai",37.3,20.6,28.1,53,21.1,9.3,338,1011.6,0.0
2021-03-08,162.0,148.0,36.0,30.0,14.0,11.0,"Mahape, Navi Mumbai",37.8,20.6,27.9,43,19.8,8.9,334,1011.3,0.0
2021-03-09,171.0,115.0,33.0,42.0,14.0,12.0,"Mahape, Navi Mumbai",39.5,20.9,29.1,41,22.5,9.9,346,1011.2,0.0
2021-03-10,162.0,122.0,17.0,32.0,12.0,9.0,"Mahape, Navi Mumbai",38.7,22.5,29.3,41,22.3,8.9,325,1011.2,0.0
2021-03-11,151.0,108.0,22.0,26.0,12.0,6.0,"Mahape, Navi Mumbai",35.8,22.4,28.2,52,19.8,8.4,312,1011.5,0.0
2021-03-12,192.0,106.0,32.0,24.0,13.0,6.0,"Mahape, Navi Mumbai",37.8,21.1,28.3,48,20.5,9.0,334,1012.4,0.0
2021-03-13,154.0,142.0,46.0,33.0,16.0,12.0,"Mahape, Navi Mumbai",39.5,22.7,29.9,35,23.4,9.8,350,1012.0,0.0
2021-03-14,169.0,147.0,43.0,28.0,15.0,13.0,"Mahape, Navi Mumbai",38.7,22.8,30.1,34,19.1,8.5,325,1010.1,0.0
2021-03-15,172.0,142.0,30.0,15.0,11.0,11.0,"Mahape, Navi Mumbai",39.0,22.5,30.1,32,20.6,9.6,336,1009.6,0.0
2021-03-16,161.0,129.0,32.0,28.0,15.0,10.0,"Mahape, Navi Mumbai",39.0,22.7,30.3,31,20.9,10.3,339,1009.9,0.0
2021-03-17,161.0,142.0,31.0,42.0,14.0,13.0,"Mahape, Navi Mumbai",39.8,23.2,30.4,36,21.3,9.6,344,1008.7,0.0
2021-03-18,176.0,133.0,21.0,26.0,14.0,4.0,"Mahape, Navi Mumbai",37.6,23.5,29.9,40,17.6,9.0,308,1008.9,0.0
2021-03-19,157.0,132.0,13.0,13.0,9.0,7.0,"Mahape, Navi Mumbai",36.8,23.4,28.7,47,19.8,9.6,326,1009.9,0.0
2021-03-20,147.0,140.0,32.0,23.0,9.0,10.0,"Mahape, Navi Mumbai",36.6,21.5,27.8,58,16.5,7.0,303,1008.7,0.0
2021-03-21,162.0,121.0,29.0,21.0,24.0,10.0,"Mahape, Navi Mumbai",36.3,21.4,28.3,62,15.5,7.1,263,1008.0,0.0
2021-03-22,191.0,131.0,41.0,32.0,29.0,10.0,"Mahape, Navi Mumbai",38.5,22.0,29.1,58,17.4,7.8,316,1010.0,0.0
2021-03-23,165.0,125.0,48.0,35.0,14.0,10.0,"Mahape, Navi Mumbai",38.6,23.8,30.2,42,20.1,8.8,327,1010.5,0.0
2021-03-24,170.0,102.0,25.0,30.0,14.0,18.0,"Mahape, Navi Mumbai",39.5,24.5,31.3,37,18.3,8.4,347,1010.5,0.0
2021-03-25,140.0,102.0,41.0,30.0,16.0,9.0,"Mahape, Navi Mumbai",41.1,24.3,32.2,23,23.8,12.3,359,1009.6,0.0
2021-03-26,147.0,120.0,65.0,41.0,20.0,13.0,"Mahape, Navi Mumbai",41.5,23.0,32.4,21,21.1,11.7,353,1008.5,0.0
2021-03-27,161.0,152.0,18.0,30.0,15.0,13.0,"Mahape, Navi Mumbai",42.6,24.0,33.0,21,25.1,10.5,357,1007.5,0.0
2021-03-28,170.0,93.0,21.0,14.0,7.0,7.0,"Mahape, Navi Mumbai",37.8,23.1,30.0,43,19.2,8.9,248,1007.7,0.0
2021-03-29,142.0,69.0,13.0,20.0,7.0,5.0,"Mahape, Navi Mumbai",38.0,24.2,29.4,65,20.8,7.0,274,1007.8,0.0
2021-03-30,89.0,81.0,17.0,16.0,7.0,4.0,"Mahape, Navi Mumbai",34.7,22.7,27.9,68,15.0,8.0,231,1008.2,0.0
2021-03-31,104.0,106.0,10.0,14.0,7.0,3.0,"Mahape, Navi Mumbai",35.2,21.9,27.5,74,17.4,7.1,285,1007.4,0.0
2021-04-01,107.0,122.0,13.0,17.0,8.0,3.0,"Mahape, Navi Mumbai",34.9,24.0,28.1,74,17.0,8.4,224,1007.0,0.0
2021-04-02,113.0,97.0,11.0,15.0,8.0,3.0,"Mahape, Navi Mumbai",33.6,24.1,27.9,71,16.9,9.2,213,1007.3,0.0
2021-04-03,93.0,84.0,18.0,11.0,6.0,2.0,"Mahape, Navi Mumbai",32.9,22.5,27.6,72,17.6,8.4,225,1008.3,0.0
2021-04-04,88.0,74.0,16.0,12.0,6.0,4.0,"Mahape, Navi Mumbai",35.3,23.8,28.4,68,17.4,7.0,258,1010.1,0.0
2021-04-05,83.0,94.0,29.0,17.0,11.0,6.0,"Mahape, Navi Mumbai",37.2,23.4,29.0,68,18.9,7.3,314,1009.9,0.0
2021-04-06,129.0,106.0,24.0,21.0,11.0,7.0,"Mahape, Navi Mumbai",40.2,23.2,30.2,52,23.9,9.9,333,1008.8,0.0
2021-04-07,130.0,103.0,10.0,17.0,10.0,7.0,"Mahape, Navi Mumbai",38.4,23.6,30.1,51,20.1,8.5,320,1009.6,0.0
2021-04-08,115.0,93.0,20.0,18.0,7.0,5.0,"Mahape, Navi Mumbai",35.0,23.2,29.0,69,15.6,7.6,246,1008.6,0.0
2021-04-09,105.0,97.0,20.0,13.0,6.0,4.0,"Mahape, Navi Mumbai",36.5,24.0,29.3,66,17.7,7.4,279,1008.1,0.0
2021-04-10,99.0,81.0,28.0,11.0,6.0,4.0,"Mahape, Navi Mumbai",37.1,24.2,29.8,63,17.3,6.4,265,1009.1,0.0
2021-04-11,104.0,84.0,24.0,19.0,6.0,5.0,"Mahape, Navi Mumbai",39.0,24.6,30.5,64,18.0,7.1,268,1010.0,0.0
2021-04-12,109.0,94.0,24.0,21.0,9.0,7.0,"Mahape, Navi Mumbai",37.8,25.2,31.0,63,16.6,7.4,274,1011.0,0.0
2021-04-13,132.0,70.0,22.0,18.0,6.0,5.0,"Mahape, Navi Mumbai",40.5,25.7,32.1,53,15.8,7.5,314,1010.0,0.0
2021-04-14,99.0,81.5,25.0,18.0,6.0,5.0,"Mahape, Navi Mumbai",38.2,25.4,31.1,61,18.4,6.1,256,1009.8,0.0
2021-04-15,116.0,78.75,16.0,12.0,6.0,5.0,"Mahape, Navi Mumbai",36.7,25.4,29.8,69,18.4,7.3,246,1009.8,0.0
2021-04-16,111.0,76.0,10.0,12.0,4.0,4.0,"Mahape, Navi Mumbai",37.2,23.9,29.2,67,19.2,7.6,301,1009.6,0.0
2021-04-17,88.0,74.0,16.0,13.0,4.0,4.0,"Mahape, Navi Mumbai",37.0,23.3,29.6,67,21.0,8.5,322,1010.1,0.3
2021-04-18,120.0,77.0,6.0,16.0,3.0,3.0,"Mahape, Navi Mumbai",39.5,23.8,31.0,61,18.9,7.2,298,1010.3,0.0
2021-04-19,105.0,64.0,7.0,12.0,3.0,2.0,"Mahape, Navi Mumbai",36.0,24.3,29.8,68,17.7,9.3,242,1009.4,0.0
2021-04-20,80.0,135.0,5.0,9.0,15.0,5.0,"Mahape, Navi Mumbai",36.1,25.2,29.6,71,16.2,8.1,250,1008.7,0.0
2021-04-21,166.0,239.0,16.0,11.0,3.0,4.0,"Mahape, Navi Mumbai",35.8,24.6,29.3,69,17.6,7.9,269,1010.1,0.0
2021-04-22,88.0,70.0,20.0,13.0,4.0,4.0,"Mahape, Navi Mumbai",38.8,24.5,29.7,65,21.4,9.3,334,1010.0,0.0
2021-04-23,89.0,66.0,14.0,11.0,4.0,4.0,"Mahape, Navi Mumbai",37.8,23.8,29.6,59,19.3,8.4,305,1009.9,0.0
2021-04-24,83.0,77.0,17.0,12.0,3.0,5.0,"Mahape, Navi Mumbai",36.3,22.5,28.9,66,18.7,8.1,315,1009.4,0.0
2021-04-25,101.0,105.0,11.0,16.0,3.0,5.0,"Mahape, Navi Mumbai",40.2,23.6,30.6,67,19.4,8.1,304,1008.0,0.0
2021-04-26,128.0,115.0,10.0,15.0,3.0,4.0,"Mahape, Navi Mumbai",37.2,26.9,31.1,71,16.7,6.9,219,1007.8,2.0
2021-04-27,110.0,99.0,3.0,17.0,3.0,7.0,"Mahape, Navi Mumbai",37.5,25.9,30.9,70,15.7,7.4,234,1008.8,0.0
2021-04-28,123.0,71.0,10.0,13.0,3.0,4.0,"Mahape, Navi Mumbai",37.5,25.5,30.9,68,19.7,7.4,267,1009.7,0.0
2021-04-29,82.0,68.0,6.0,15.0,3.0,5.0,"Mahape, Navi Mumbai",38.8,26.6,31.3,67,18.8,5.9,283,1009.2,0.0
2021-04-30,92.0,65.0,14.0,11.0,4.0,5.0,"Mahape, Navi Mumbai",36.4,26.5,30.7,70,14.3,6.4,274,1008.2,0.8
2021-05-01,88.0,62.0,15.0,12.0,3.0,5.0,"Mahape, Navi Mumbai",38.7,26.7,31.3,66,17.2,6.0,317,1007.3,1.0
2021-05-02,97.0,73.0,28.0,18.0,4.0,6.0,"Mahape, Navi Mumbai",36.0,27.1,31.1,68,12.3,6.9,248,1007.9,0.2
2021-05-03,131.0,64.0,15.0,14.0,3.0,6.0,"Mahape, Navi Mumbai",38.8,26.9,31.6,66,17.7,6.8,295,1007.4,0.1
2021-05-04,88.0,66.0,13.0,13.0,3.0,5.0,"Mahape, Navi Mumbai",37.7,25.8,31.4,63,19.7,7.6,294,1007.2,0.0
2021-05-05,106.0,51.0,4.0,8.0,3.0,4.0,"Mahape, Navi Mumbai",37.7,25.8,31.1,66,19.1,7.5,288,1007.2,0.0
2021-05-06,77.0,55.0,7.0,9.0,3.0,4.0,"Mahape, Navi Mumbai",36.8,26.4,30.9,71,16.9,7.7,249,1007.7,0.4
2021-05-07,80.0,49.0,10.0,8.0,3.0,3.0,"Mahape, Navi Mumbai",37.2,27.0,31.2,69,17.4,7.2,270,1008.6,0.0
2021-05-08,80.0,56.0,4.0,6.0,3.0,3.0,"Mahape, Navi Mumbai",38.2,26.5,31.5,68,17.4,7.2,275,1007.5,0.0
2021-05-09,65.0,47.0,6.0,5.0,3.0,3.0,"Mahape, Navi Mumbai",36.2,27.6,31.2,70,17.5,7.7,246,1006.8,0.0
2021-05-10,56.0,37.0,2.0,4.0,2.0,3.0,"Mahape, Navi Mumbai",37.0,27.1,30.9,65,19.1,7.4,273,1006.7,0.0
2021-05-11,61.0,34.0,4.0,5.0,3.0,3.0,"Mahape, Navi Mumbai",36.0,27.0,30.5,68,18.1,8.3,285,1007.3,0.0
2021-05-12,58.0,52.0,4.0,5.0,3.0,4.0,"Mahape, Navi Mumbai",35.0,26.7,30.2,66,19.2,9.1,277,1006.1,0.0
2021-05-13,61.0,84.0,5.0,5.0,21.0,4.0,"Mahape, Navi Mumbai",34.9,26.5,30.2,63,17.0,8.2,267,1005.2,0.1
2021-05-14,98.0,110.0,18.0,12.0,4.0,6.0,"Mahape, Navi Mumbai",37.5,25.9,30.7,63,19.6,8.5,321,1003.3,0.1
2021-05-15,143.0,41.0,5.0,9.0,17.0,5.0,"Mahape, Navi Mumbai",39.6,28.2,33.4,52,23.4,12.9,348,1000.0,0.0
2021-05-16,33.0,122.0,3.0,6.0,62.0,9.0,"Mahape, Navi Mumbai",36.9,27.2,31.7,59,26.8,15.5,72,998.0,7.7
2021-05-17,120.0,43.0,3.333333333333333,3.0,23.0,24.0,"Mahape, Navi Mumbai",27.3,26.2,26.6,87,42.2,30.8,146,996.8,120.6
2021-05-18,10.0,48.0,3.6666666666666665,8.0,3.0,26.0,"Mahape, Navi Mumbai",29.4,26.2,27.6,85,34.4,26.9,193,1002.4,10.9
2021-05-19,24.0,101.0,4.0,8.0,3.0,26.0,"Mahape, Navi Mumbai",29.0,25.5,27.0,89,22.7,16.6,206,1004.6,13.5
2021-05-20,57.0,91.0,4.0,6.0,19.0,25.0,"Mahape, Navi Mumbai",31.6,25.5,28.0,83,13.8,8.6,211,1006.6,0.5
2021-05-21,55.0,78.0,4.0,6.0,5.0,25.0,"Mahape, Navi Mumbai",32.3,25.5,28.3,80,13.3,6.9,226,1007.3,0.0
2021-05-22,106.0,63.0,2.0,4.0,3.0,23.0,"Mahape, Navi Mumbai",31.1,26.1,28.4,80,14.2,7.2,224,1007.0,1.1
2021-05-23,85.0,57.0,4.0,3.0,3.0,23.0,"Mahape, Navi Mumbai",31.4,26.3,28.6,80,10.0,5.4,276,1007.9,3.6
2021-05-24,76.0,58.0,2.0,3.0,3.0,22.0,"Mahape, Navi Mumbai",32.2,26.4,28.9,80,16.9,8.1,302,1008.6,0.9
2021-05-25,72.0,66.0,1.0,6.0,3.0,23.0,"Mahape, Navi Mumbai",32.1,26.0,29.1,79,18.2,8.6,304,1006.9,0.9
2021-05-26,70.0,66.0,2.75,6.0,3.0,22.0,"Mahape, Navi Mumbai",32.3,25.9,29.2,71,15.8,9.9,258,1006.0,0.0
2021-05-27,77.0,123.0,4.5,6.0,30.0,24.0,"Mahape, Navi Mumbai",32.5,27.9,29.7,71,18.5,12.4,250,1006.1,1.6
2021-05-28,133.0,63.0,6.25,7.0,4.0,24.0,"Mahape, Navi Mumbai",32.2,26.8,29.1,79,17.7,10.0,227,1006.4,2.7
2021-05-29,76.0,55.0,8.0,6.0,4.0,23.0,"Mahape, Navi Mumbai",32.2,26.5,29.2,79,16.3,8.7,222,1007.3,0.8
2021-05-30,72.0,54.0,12.0,9.0,4.0,26.0,"Mahape, Navi Mumbai",31.9,26.7,29.0,79,15.8,10.2,201,1007.3,4.6
2021-05-31,87.0,47.0,4.0,7.0,4.0,24.0,"Mahape, Navi Mumbai",31.6,26.5,28.7,82,16.8,11.1,202,1005.5,2.7
2021-06-01,70.0,44.0,7.0,10.0,4.0,25.0,"Mahape, Navi Mumbai",31.2,26.6,28.5,83,16.3,9.9,197,1005.7,4.2
2021-06-02,76.0,41.0,6.0,14.0,4.0,24.0,"Mahape, Navi Mumbai",30.6,25.8,28.3,84,13.3,6.9,204,1006.5,1.6
2021-06-03,72.0,46.0,5.0,15.0,4.0,24.0,"Mahape, Navi Mumbai",32.2,26.0,29.0,81,13.5,6.8,208,1007.0,2.6
2021-06-04,81.0,65.0,3.0,18.0,4.0,26.0,"Mahape, Navi Mumbai",32.8,25.7,28.7,81,12.5,7.3,201,1007.9,3.1
2021-06-05,104.0,48.0,1.0,12.0,3.0,24.0,"Mahape, Navi Mumbai",29.4,24.9,27.1,85,10.0,6.2,175,1007.2,6.1
2021-06-06,73.0,42.0,15.500000000000002,9.0,4.0,25.0,"Mahape, Navi Mumbai",29.9,25.1,27.2,84,15.6,8.4,205,1007.5,7.9
2021-06-07,66.0,50.0,30.0,9.0,4.0,25.0,"Mahape, Navi Mumbai",29.9,25.5,27.4,86,14.8,10.3,204,1007.9,5.4
2021-06-08,69.0,23.0,4.0,8.0,4.0,24.0,"Mahape, Navi Mumbai",29.6,25.6,27.0,89,14.7,10.5,213,1006.9,15.1
2021-06-09,60.0,23.0,3.0,11.0,4.0,24.0,"Mahape, Navi Mumbai",28.5,25.4,26.5,91,15.7,10.1,224,1005.9,19.0
2021-06-10,63.0,102.0,2.0,9.0,14.0,15.0,"Mahape, Navi Mumbai",28.3,25.0,26.4,91,17.1,11.8,207,1005.2,20.3
2021-06-11,147.0,18.0,6.2,9.0,3.0,2.0,"Mahape, Navi Mumbai",28.9,25.8,26.7,91,18.7,13.4,207,1004.3,18.5
2021-06-12,50.0,33.0,10.4,10.0,4.0,1.0,"Mahape, Navi Mumbai",29.5,24.6,26.7,90,16.9,11.3,217,1004.1,16.2
2021-06-13,66.0,55.0,14.6,9.0,4.0,2.0,"Mahape, Navi Mumbai",29.6,25.8,27.3,88,17.1,12.1,220,1004.0,8.8
2021-06-14,86.0,42.0,8.5,8.0,4.0,3.0,"Mahape, Navi Mumbai",29.8,25.8,27.3,89,18.9,13.5,213,1002.9,7.3
2021-06-15,72.0,34.0,23.0,10.0,4.0,3.0,"Mahape, Navi Mumbai",28.1,25.5,26.7,89,17.9,14.4,210,1001.9,7.5
2021-06-16,66.0,39.0,1.0,11.0,5.0,4.0,"Mahape, Navi Mumbai",27.5,24.6,25.7,92,19.0,15.4,190,1002.4,17.1
2021-06-17,79.0,58.0,2.0,11.0,4.0,3.0,"Mahape, Navi Mumbai",26.5,23.2,25.2,93,23.0,16.6,192,1003.6,19.7
2021-06-18,106.0,41.0,2.0,12.0,4.0,3.0,"Mahape, Navi Mumbai",27.1,24.9,25.9,90,23.4,17.0,218,1004.5,22.6
2021-06-19,81.0,84.0,2.0,10.0,4.0,3.0,"Mahape, Navi Mumbai",26.6,24.5,25.4,91,23.7,17.1,213,1006.6,14.6
2021-06-20,133.0,67.0,1.0,10.0,21.0,4.0,"Mahape, Navi Mumbai",28.4,25.0,26.2,89,23.7,15.6,214,1007.4,12.1
2021-06-21,120.0,93.0,3.0,10.0,40.0,4.0,"Mahape, Navi Mumbai",29.1,24.9,26.7,88,15.9,11.2,217,1007.9,7.3
2021-06-22,115.0,62.0,1.0,8.0,6.0,5.0,"Mahape, Navi Mumbai",29.1,25.5,27.0,88,14.7,8.8,230,1007.6,5.8
2021-06-23,103.0,48.0,80.0,8.0,4.0,4.0,"Mahape, Navi Mumbai",28.6,25.5,26.8,90,14.0,9.2,211,1007.2,6.3
2021-06-24,89.0,34.0,2.0,12.0,4.0,6.0,"Mahape, Navi Mumbai",26.8,25.5,25.9,91,17.9,12.5,211,1007.7,9.7
2021-06-25,83.0,47.0,4.0,7.0,4.0,3.0,"Mahape, Navi Mumbai",26.9,25.1,25.8,93,14.4,10.2,228,1006.7,31.6
2021-06-26,75.0,37.0,2.0,10.0,4.0,6.0,"Mahape, Navi Mumbai",29.7,25.0,27.1,85,15.0,9.1,243,1006.5,5.1
2021-06-27,105.0,44.0,3.0,10.0,4.0,6.0,"Mahape, Navi Mumbai",29.4,25.0,26.7,88,10.5,4.8,227,1008.0,15.0
2021-06-28,91.0,48.0,2.0,13.0,4.0,6.0,"Mahape, Navi Mumbai",27.8,24.8,26.0,91,11.2,4.6,207,1007.2,15.9
2021-06-29,80.0,42.0,4.0,8.0,4.0,6.0,"Mahape, Navi Mumbai",30.3,25.0,27.3,87,14.5,9.3,210,1006.5,1.2
2021-06-30,74.0,51.0,1.0,8.0,4.0,6.0,"Mahape, Navi Mumbai",29.6,25.6,27.4,88,14.3,9.8,217,1006.7,4.4
2021-07-01,79.0,50.0,2.0,7.0,4.0,5.0,"Mahape, Navi Mumbai",30.2,26.2,27.9,82,20.6,12.2,226,1005.1,3.6
2021-07-02,71.0,51.0,1.0,3.0,4.0,4.0,"Mahape, Navi Mumbai",30.2,26.1,27.8,83,20.7,14.2,217,1005.5,3.3
2021-07-03,69.0,46.0,3.0,2.0,4.0,4.0,"Mahape, Navi Mumbai",30.1,25.7,27.6,86,17.2,11.9,214,1006.5,2.7
2021-07-04,72.0,77.0,5.0,2.0,4.0,4.0,"Mahape, Navi Mumbai",29.9,25.8,27.6,87,13.0,7.7,221,1007.1,3.3
2021-07-05,143.0,56.0,4.0,3.0,4.0,4.0,"Mahape, Navi Mumbai",29.9,25.9,27.6,87,12.6,6.0,230,1006.9,2.8
2021-07-06,88.0,55.0,5.0,2.0,4.0,4.0,"Mahape, Navi Mumbai",30.5,25.6,27.8,85,12.0,4.8,234,1005.7,0.6
2021-07-07,90.0,42.0,2.0,2.0,5.0,8.0,"Mahape, Navi Mumbai",30.8,25.7,28.1,85,12.6,5.7,273,1005.6,4.9
2021-07-08,94.0,42.0,2.0,4.0,4.0,6.0,"Mahape, Navi Mumbai",29.8,26.2,27.4,89,13.2,7.2,237,1005.6,12.3
2021-07-09,91.0,59.0,2.0,3.0,4.0,6.0,"Mahape, Navi Mumbai",28.9,25.6,27.0,88,12.4,7.7,216,1003.8,5.8
2021-07-10,127.0,23.0,1.0,2.0,4.0,5.0,"Mahape, Navi Mumbai",27.2,24.8,26.0,93,14.3,7.9,211,1002.7,57.5
2021-07-11,56.0,25.0,1.0,4.0,4.0,5.0,"Mahape, Navi Mumbai",29.9,25.0,26.9,89,14.5,8.0,192,1001.3,4.5
2021-07-12,65.0,84.0,1.0,6.0,10.0,6.0,"Mahape, Navi Mumbai",29.0,25.3,26.7,91,26.0,17.2,206,999.6,33.2
2021-07-13,89.0,19.0,1.0,7.0,16.0,5.0,"Mahape, Navi Mumbai",27.8,25.5,26.4,92,19.7,14.8,220,1001.5,32.3
2021-07-14,62.0,24.0,1.0,10.0,22.0,5.0,"Mahape, Navi Mumbai",27.1,25.3,26.1,93,19.1,13.1,228,1002.4,27.1
2021-07-15,63.0,16.0,1.0,10.0,12.0,5.0,"Mahape, Navi Mumbai",29.0,25.5,26.6,89,17.4,11.6,220,1001.0,17.0
2021-07-16,57.0,58.0,14.0,8.0,4.0,4.0,"Mahape, Navi Mumbai",28.6,25.2,26.4,91,24.8,15.3,210,1003.8,27.2
2021-07-17,86.0,43.0,1.0,7.0,3.0,5.0,"Mahape, Navi Mumbai",28.4,25.5,26.6,91,20.0,10.7,225,1005.6,22.7
2021-07-18,118.0,32.0,1.0,9.0,3.0,7.0,"Mahape, Navi Mumbai",28.6,25.7,26.8,91,17.4,11.0,270,1004.7,33.7
2021-07-19,67.0,39.0,1.0,8.0,3.0,6.0,"Mahape, Navi Mumbai",27.5,25.5,26.1,94,19.4,13.3,255,1004.2,41.6
2021-07-20,69.0,87.0,1.0,5.0,6.0,5.0,"Mahape, Navi Mumbai",27.9,25.5,26.2,92,18.2,15.3,232,1006.3,33.2
2021-07-21,126.0,44.0,1.0,5.0,4.0,3.0,"Mahape, Navi Mumbai",27.5,25.3,26.1,92,25.5,20.0,246,1005.1,42.2
2021-07-22,65.0,42.0,1.0,6.0,5.0,4.0,"Mahape, Navi Mumbai",26.8,25.4,26.0,91,24.5,16.8,255,1002.4,24.4
2021-07-23,71.0,32.0,1.0,5.0,4.0,3.0,"Mahape, Navi Mumbai",26.0,25.0,25.4,93,18.5,13.1,242,1002.4,37.4
2021-07-24,57.0,34.0,1.0,5.0,4.0,4.0,"Mahape, Navi Mumbai",28.4,25.0,26.3,91,16.8,13.3,243,1003.7,14.9
2021-07-25,56.0,37.0,1.0,6.0,5.0,4.0,"Mahape, Navi Mumbai",28.1,24.9,25.9,91,21.5,16.6,240,1004.7,16.4
2021-07-26,131.0,56.0,1.0,7.0,5.0,4.0,"Mahape, Navi Mumbai",28.3,24.8,26.2,89,24.1,18.8,236,1005.1,13.1
2021-07-27,117.0,38.0,1.0,8.0,6.0,5.0,"Mahape, Navi Mumbai",27.7,24.8,26.1,89,25.4,18.7,225,1004.6,10.8
2021-07-28,69.0,39.0,1.0,8.0,7.0,5.0,"Mahape, Navi Mumbai",27.6,25.4,26.5,88,22.0,18.3,224,1005.0,18.6
2021-07-29,71.0,43.0,1.0,9.0,7.0,5.0,"Mahape, Navi Mumbai",28.7,25.5,26.6,87,25.4,19.8,232,1006.1,12.3
2021-07-30,68.0,36.0,2.0,7.0,7.0,4.0,"Mahape, Navi Mumbai",28.1,25.8,26.8,86,24.0,17.9,238,1006.9,10.7
2021-07-31,64.0,29.0,2.0,6.0,6.0,4.0,"Mahape, Navi Mumbai",29.0,25.9,27.2,83,25.1,19.6,250,1007.8,3.2
2021-08-01,60.0,60.0,1.0,7.0,7.0,5.0,"Mahape, Navi Mumbai",28.4,25.4,26.7,83,26.6,19.8,249,1006.6,4.1
2021-08-02,96.0,27.0,1.0,7.0,7.0,5.0,"Mahape, Navi Mumbai",28.1,25.2,26.3,87,20.2,16.1,241,1006.7,6.4
2021-08-03,66.0,31.0,1.0,7.0,7.0,3.0,"Mahape, Navi Mumbai",27.6,24.8,25.9,91,19.8,16.5,230,1007.9,12.3
2021-08-04,67.0,48.0,1.0,6.0,8.0,4.0,"Mahape, Navi Mumbai",27.4,24.9,26.1,89,20.8,17.3,234,1007.9,7.3
2021-08-05,67.0,49.0,2.0,6.0,8.5,4.0,"Mahape, Navi Mumbai",28.9,25.0,26.6,87,20.0,16.1,243,1006.1,5.6
2021-08-06,71.5,39.0,3.0,6.0,9.0,3.0,"Mahape, Navi Mumbai",28.8,25.3,26.7,87,19.1,13.6,243,1005.3,3.8
2021-08-07,76.0,51.0,3.0,9.0,10.0,5.0,"Mahape, Navi Mumbai",28.5,25.0,26.5,88,13.9,10.7,227,1006.1,4.3
2021-08-08,93.0,123.0,2.0,9.0,9.0,5.0,"Mahape, Navi Mumbai",28.5,24.6,26.4,89,13.4,10.1,212,1007.3,4.0
2021-08-09,148.0,53.0,2.0,10.0,10.0,5.0,"Mahape, Navi Mumbai",28.9,25.0,26.7,87,16.2,10.2,216,1008.4,3.4
2021-08-10,88.0,41.0,3.0,8.0,9.0,4.0,"Mahape, Navi Mumbai",28.1,24.9,26.3,89,14.8,9.9,217,1008.4,4.4
2021-08-11,89.0,40.0,2.0,9.0,10.0,8.0,"Mahape, Navi Mumbai",28.4,24.8,26.3,88,14.1,9.7,232,1008.4,7.8
2021-08-12,91.0,34.0,3.0,7.0,11.0,6.0,"Mahape, Navi Mumbai",28.5,24.9,26.4,88,13.0,9.3,241,1009.1,4.9
2021-08-13,81.0,27.0,3.0,8.0,10.0,7.0,"Mahape, Navi Mumbai",28.3,25.0,26.3,88,15.5,10.4,241,1008.1,4.9
2021-08-14,80.0,16.0,6.0,8.0,10.0,7.0,"Mahape, Navi Mumbai",27.8,24.6,25.7,90,15.2,11.2,229,1006.6,14.7
2021-08-15,78.0,23.0,2.0,6.0,12.0,7.0,"Mahape, Navi Mumbai",27.9,24.3,25.7,90,14.5,10.3,220,1006.6,9.9
2021-08-16,96.0,150.0,3.0,10.0,14.0,10.0,"Mahape, Navi Mumbai",28.5,24.5,26.1,89,12.3,7.9,222,1007.7,5.7
2021-08-17,144.0,40.0,2.0,7.0,15.0,8.0,"Mahape, Navi Mumbai",26.2,24.5,25.3,93,8.0,5.4,197,1007.9,21.1
2021-08-18,84.0,34.0,2.0,8.0,14.0,10.0,"Mahape, Navi Mumbai",26.4,24.7,25.3,94,10.3,6.9,227,1006.2,24.7
2021-08-19,85.0,35.0,5.0,8.0,14.0,10.0,"Mahape, Navi Mumbai",25.6,24.5,25.0,94,12.6,8.7,239,1006.0,32.0
2021-08-20,79.0,32.0,2.0,9.0,13.0,8.0,"Mahape, Navi Mumbai",27.7,24.4,25.5,89,12.6,7.7,231,1006.4,34.1
2021-08-21,70.0,57.0,2.0,8.0,12.0,8.0,"Mahape, Navi Mumbai",26.0,24.4,25.0,94,17.7,11.1,219,1007.5,42.7
2021-08-22,85.0,59.0,2.0,8.0,10.0,7.0,"Mahape, Navi Mumbai",27.8,24.0,25.8,90,13.8,9.6,206,1008.0,4.0
2021-08-23,66.0,121.0,10.0,9.0,11.0,6.0,"Mahape, Navi Mumbai",29.0,24.1,26.4,87,14.2,8.4,207,1007.8,1.4
2021-08-24,141.0,66.0,6.0,6.0,12.0,7.0,"Mahape, Navi Mumbai",29.0,24.6,26.6,88,12.9,7.9,214,1007.8,2.6
2021-08-25,96.0,65.0,5.0,6.0,12.0,9.0,"Mahape, Navi Mumbai",28.6,24.9,26.5,89,14.7,8.6,218,1006.9,1.9
2021-08-26,90.0,71.0,6.0,8.0,12.0,8.0,"Mahape, Navi Mumbai",28.3,24.8,26.2,90,15.7,10.2,208,1005.4,3.5
2021-08-27,90.0,73.0,6.0,6.0,13.0,7.0,"Mahape, Navi Mumbai",28.8,24.8,26.4,88,11.4,8.9,212,1004.9,3.3
2021-08-28,110.0,71.0,7.0,4.0,11.0,7.0,"Mahape, Navi Mumbai",28.8,24.5,26.4,86,12.8,7.7,215,1003.9,1.5
2021-08-29,111.0,70.0,8.0,6.0,10.0,9.0,"Mahape, Navi Mumbai",28.9,24.0,26.5,88,12.1,6.0,230,1003.7,1.5
2021-08-30,122.0,38.0,3.0,10.0,7.0,8.0,"Mahape, Navi Mumbai",27.4,25.1,26.4,90,10.9,5.7,265,1005.1,8.6
2021-08-31,89.0,37.0,1.0,9.0,7.0,8.0,"Mahape, Navi Mumbai",26.3,25.0,25.6,93,12.6,7.0,266,1005.1,38.8
2021-09-01,72.0,62.0,2.0,9.0,6.0,7.0,"Mahape, Navi Mumbai",27.6,25.0,26.0,91,18.5,13.5,219,1005.7,21.1
2021-09-02,116.0,62.0,4.0,11.0,7.0,8.0,"Mahape, Navi Mumbai",28.3,24.9,26.2,90,19.2,16.0,201,1005.7,9.5
2021-09-03,124.0,42.0,3.0,9.0,6.0,8.0,"Mahape, Navi Mumbai",28.0,24.6,26.0,91,18.5,13.5,203,1005.4,10.6
2021-09-04,97.0,46.0,5.0,6.0,7.0,9.0,"Mahape, Navi Mumbai",28.3,24.5,26.1,92,14.3,9.7,218,1005.9,18.4
2021-09-05,105.0,39.0,4.0,8.0,6.0,7.0,"Mahape, Navi Mumbai",28.0,25.0,26.0,92,12.2,7.9,232,1006.1,12.9
2021-09-06,87.0,38.0,3.0,12.0,6.0,9.0,"Mahape, Navi Mumbai",28.7,25.0,26.4,90,13.8,6.7,254,1005.2,13.9
2021-09-07,103.0,24.0,2.0,14.0,6.0,7.0,"Mahape, Navi Mumbai",27.5,25.0,25.9,92,6.6,3.4,293,1003.3,23.8
2021-09-08,68.0,32.0,1.0,8.0,5.0,6.0,"Mahape, Navi Mumbai",27.7,25.0,26.0,92,29.0,18.1,222,1002.7,153.5
2021-09-09,68.0,32.0,2.0,6.0,5.0,5.0,"Mahape, Navi Mumbai",28.5,25.2,26.5,90,27.0,20.0,225,1006.3,12.3
2021-09-10,62.0,63.0,1.0,7.0,5.0,6.0,"Mahape, Navi Mumbai",27.6,24.8,26.1,91,20.6,17.8,218,1006.6,12.5
2021-09-11,59.0,24.0,3.0,11.0,5.0,6.0,"Mahape, Navi Mumbai",28.0,25.0,26.0,92,23.5,18.5,215,1004.3,40.8
2021-09-12,65.0,36.0,2.0,10.0,5.0,6.0,"Mahape, Navi Mumbai",27.9,25.2,26.2,92,20.3,15.1,232,1002.5,34.1
2021-09-13,68.0,65.0,2.0,7.0,5.0,5.0,"Mahape, Navi Mumbai",26.9,25.6,26.1,92,20.3,15.9,242,1002.1,26.0
2021-09-14,83.0,73.0,1.0,8.0,5.0,7.0,"Mahape, Navi Mumbai",28.5,25.7,26.5,88,22.3,15.7,235,1003.0,6.5
2021-09-15,185.0,64.0,2.0,7.0,5.0,6.0,"Mahape, Navi Mumbai",27.8,24.9,26.2,88,21.1,17.1,203,1004.4,7.5
2021-09-16,110.0,66.0,1.0,8.0,5.0,7.0,"Mahape, Navi Mumbai",29.0,24.5,26.4,86,23.2,15.8,203,1005.6,3.9
2021-09-17,86.0,62.0,2.0,8.0,5.0,7.0,"Mahape, Navi Mumbai",28.8,24.6,26.4,87,19.9,13.1,208,1006.0,3.9
2021-09-18,78.0,34.0,2.0,7.0,5.0,6.0,"Mahape, Navi Mumbai",27.8,24.5,25.9,90,17.3,12.0,199,1007.8,3.6
2021-09-19,61.0,35.0,2.0,7.0,5.0,8.0,"Mahape, Navi Mumbai",27.9,24.9,26.0,91,15.7,10.8,202,1009.5,8.3
2021-09-20,67.0,30.0,2.0,6.0,5.0,8.0,"Mahape, Navi Mumbai",28.2,24.9,26.2,91,12.3,7.8,221,1008.8,9.4
2021-09-21,67.0,40.0,4.0,5.0,6.0,11.0,"Mahape, Navi Mumbai",27.4,25.1,25.9,92,13.4,8.3,243,1007.8,20.1
2021-09-22,95.0,65.0,8.0,8.0,7.0,12.0,"Mahape, Navi Mumbai",26.9,24.6,25.5,93,10.8,7.4,254,1006.2,18.7
2021-09-23,128.0,198.0,7.0,9.0,6.0,10.0,"Mahape, Navi Mumbai",28.1,24.6,26.0,91,14.0,7.3,213,1006.2,12.2
2021-09-24,107.0,71.0,9.0,11.0,6.0,10.0,"Mahape, Navi Mumbai",29.0,24.7,26.5,87,14.7,9.0,214,1007.2,3.5
2021-09-25,119.0,61.0,9.0,8.0,6.0,10.0,"Mahape, Navi Mumbai",28.9,24.4,26.5,86,12.9,7.4,221,1007.5,1.8
2021-09-26,108.0,60.0,10.0,7.0,6.0,12.0,"Mahape, Navi Mumbai",29.0,24.3,26.3,88,11.4,5.4,244,1005.7,2.0
2021-09-27,112.0,52.0,4.0,6.0,6.0,9.0,"Mahape, Navi Mumbai",26.9,24.1,25.5,92,7.3,4.0,212,1004.4,5.5
2021-09-28,197.0,51.0,1.0,8.0,5.0,7.0,"Mahape, Navi Mumbai",26.5,24.2,25.3,93,16.2,10.0,204,1003.7,14.2
2021-09-29,101.0,42.0,9.0,6.0,5.0,7.0,"Mahape, Navi Mumbai",28.0,25.2,26.3,90,22.7,18.7,206,1004.6,25.3
2021-09-30,65.0,61.0,8.0,6.0,5.0,8.0,"Mahape, Navi Mumbai",29.0,24.8,26.6,88,18.5,13.8,192,1007.9,2.9
2021-10-01,99.0,59.0,4.0,5.0,5.0,7.0,"Mahape, Navi Mumbai",30.2,24.5,27.3,85,13.7,6.3,205,1008.7,1.6
2021-10-02,103.0,62.0,18.0,6.0,5.0,8.0,"Mahape, Navi Mumbai",30.0,24.5,26.9,89,9.8,4.5,352,1008.3,1.8
2021-10-03,119.0,61.0,8.0,6.0,5.0,7.0,"Mahape, Navi Mumbai",31.9,24.5,27.7,88,10.4,5.6,336,1007.7,1.4
2021-10-04,118.0,57.0,12.0,6.0,6.0,7.0,"Mahape, Navi Mumbai",32.5,25.0,28.0,87,11.3,5.9,339,1007.1,1.0
2021-10-05,112.0,52.0,10.0,7.0,10.0,6.0,"Mahape, Navi Mumbai",32.1,25.2,28.2,87,12.8,6.0,358,1007.1,0.3
2021-10-06,98.0,79.0,6.0,20.0,7.0,12.0,"Mahape, Navi Mumbai",32.3,26.0,28.3,87,9.7,4.9,50,1006.4,9.3
2021-10-07,153.0,107.0,5.0,11.0,6.0,9.0,"Mahape, Navi Mumbai",33.0,25.4,28.4,85,14.5,5.8,93,1005.7,3.3
2021-10-08,161.0,47.0,7.0,10.0,5.0,7.0,"Mahape, Navi Mumbai",30.5,24.6,26.9,89,12.7,7.1,179,1007.0,11.3
2021-10-09,92.0,42.0,7.0,11.0,6.0,7.0,"Mahape, Navi Mumbai",29.4,24.9,26.7,90,10.5,5.4,186,1008.4,11.3
2021-10-10,104.0,81.0,6.0,12.0,18.0,9.0,"Mahape, Navi Mumbai",30.1,25.1,27.1,87,11.4,4.4,207,1008.4,5.4
2021-10-11,149.0,44.0,7.0,15.0,2.0,5.0,"Mahape, Navi Mumbai",29.9,24.8,26.6,90,11.0,4.0,0,1006.9,12.3
2021-10-12,130.0,55.0,19.0,17.0,1.0,5.0,"Mahape, Navi Mumbai",31.2,24.2,27.5,85,8.7,3.9,4,1006.2,0.2
2021-10-13,173.0,63.0,8.0,14.0,1.0,5.0,"Mahape, Navi Mumbai",31.9,24.2,27.7,83,8.5,4.6,288,1005.9,1.8
2021-10-14,154.0,64.0,11.0,16.0,1.0,6.0,"Mahape, Navi Mumbai",34.2,24.4,28.7,73,14.8,7.3,354,1005.3,0.0
2021-10-15,137.0,64.0,22.0,18.0,1.0,6.0,"Mahape, Navi Mumbai",34.0,23.6,28.2,65,12.4,8.1,16,1003.4,0.0
2021-10-16,138.0,77.0,35.0,23.0,1.0,9.0,"Mahape, Navi Mumbai",33.6,23.2,27.4,67,12.4,6.9,8,1002.7,0.0
2021-10-17,165.0,63.0,23.0,19.0,1.0,7.0,"Mahape, Navi Mumbai",32.1,23.0,27.1,75,12.6,6.5,304,1003.7,0.0
2021-10-18,124.0,54.0,15.0,12.0,1.0,6.0,"Mahape, Navi Mumbai",31.5,24.0,27.4,79,16.3,9.7,250,1007.0,0.5
2021-10-19,130.0,54.0,12.0,12.0,1.0,6.0,"Mahape, Navi Mumbai",30.2,24.0,26.9,79,10.3,5.6,282,1010.8,1.5
2021-10-20,124.0,57.0,19.0,16.0,2.0,7.0,"Mahape, Navi Mumbai",32.2,22.8,26.3,80,15.1,7.0,4,1012.7,0.0
2021-10-21,147.0,77.0,17.0,19.0,4.0,10.0,"Mahape, Navi Mumbai",33.5,21.7,26.8,75,13.0,6.9,7,1012.4,0.0
2021-10-22,86.0,77.0,16.0,15.0,4.0,8.0,"Mahape, Navi Mumbai",33.2,21.8,26.7,68,10.0,6.7,12,1012.3,0.0
2021-10-23,141.0,67.0,19.0,10.0,3.0,6.0,"Mahape, Navi Mumbai",32.9,21.8,26.3,70,13.6,7.5,359,1012.6,0.0
2021-10-24,120.0,62.0,12.0,10.0,4.0,6.0,"Mahape, Navi Mumbai",31.4,22.0,25.8,76,14.4,7.5,2,1013.3,0.0
2021-10-25,115.0,73.0,14.0,15.0,3.0,7.0,"Mahape, Navi Mumbai",32.3,22.0,26.3,73,15.8,8.0,0,1012.4,0.0
2021-10-26,130.0,108.0,13.0,19.0,4.0,7.0,"Mahape, Navi Mumbai",33.8,22.0,27.1,67,14.5,7.1,4,1010.7,0.0
2021-10-27,155.0,68.0,16.0,21.0,5.0,7.0,"Mahape, Navi Mumbai",34.5,22.3,27.6,57,19.4,9.5,28,1011.0,0.0
2021-10-28,214.0,55.0,16.0,23.0,4.0,7.0,"Mahape, Navi Mumbai",34.2,21.9,27.5,55,19.0,10.8,27,1011.5,0.0
2021-10-29,131.0,57.0,22.0,21.0,4.0,7.0,"Mahape, Navi Mumbai",33.8,22.8,27.5,42,15.3,10.4,31,1012.5,0.0
2021-10-30,143.0,94.0,43.0,21.0,5.0,9.0,"Mahape, Navi Mumbai",34.6,23.0,28.0,40,15.8,11.2,20,1012.7,0.0
2021-10-31,162.0,186.0,54.0,21.0,5.0,12.0,"Mahape, Navi Mumbai",35.3,23.1,28.1,49,15.8,7.8,10,1011.7,0.0
2021-11-01,211.0,94.0,15.0,27.0,6.0,11.0,"Mahape, Navi Mumbai",34.8,22.2,27.9,59,17.3,7.0,338,1010.4,0.0
2021-11-02,163.0,118.0,17.0,20.0,6.0,9.0,"Mahape, Navi Mumbai",35.0,23.3,28.6,59,13.0,6.6,28,1010.0,0.0
2021-11-03,193.0,93.0,26.0,19.0,5.0,9.0,"Mahape, Navi Mumbai",36.0,23.5,28.6,54,20.1,8.6,12,1010.0,0.0
2021-11-04,179.0,86.0,24.0,16.0,6.0,8.0,"Mahape, Navi Mumbai",35.1,24.4,28.9,55,9.8,5.6,44,1009.7,0.3
2021-11-05,172.0,56.0,8.0,11.0,6.0,8.0,"Mahape, Navi Mumbai",34.3,24.9,28.8,64,12.5,7.2,29,1009.6,0.7
2021-11-06,151.0,71.0,16.0,15.0,6.0,8.0,"Mahape, Navi Mumbai",34.5,24.1,27.2,75,16.5,7.0,47,1009.1,2.5
2021-11-07,159.0,147.0,25.0,23.0,6.0,11.0,"Mahape, Navi Mumbai",31.1,23.5,26.8,71,13.4,6.1,346,1008.5,0.0
2021-11-08,196.0,161.0,18.0,24.0,7.0,13.0,"Mahape, Navi Mumbai",34.3,22.6,27.2,65,14.8,7.4,10,1010.0,0.0
2021-11-09,217.0,97.0,17.0,35.0,8.0,13.0,"Mahape, Navi Mumbai",34.2,19.9,26.4,52,14.1,8.4,31,1011.0,0.0
2021-11-10,164.0,107.0,20.0,34.0,8.0,12.0,"Mahape, Navi Mumbai",34.2,20.3,26.2,47,14.0,9.4,31,1010.3,0.0
2021-11-11,169.0,125.0,21.0,32.0,9.0,13.0,"Mahape, Navi Mumbai",34.0,20.0,26.3,41,15.5,10.5,33,1008.8,0.0
2021-11-12,203.0,96.0,21.0,28.0,7.0,13.0,"Mahape, Navi Mumbai",34.7,21.0,27.0,41,18.6,10.6,15,1008.3,0.0
2021-11-13,119.5,96.0,17.0,24.0,8.5,13.0,"Mahape, Navi Mumbai",35.9,23.5,28.4,50,17.3,9.7,7,1008.1,0.0
2021-11-14,119.5,96.0,13.0,20.0,10.0,13.0,"Mahape, Navi Mumbai",35.5,24.1,29.0,58,14.7,7.9,359,1007.8,0.1
2021-11-15,119.5,106.0,11.0,20.0,10.0,12.0,"Mahape, Navi Mumbai",36.1,24.4,29.0,58,19.5,9.0,357,1006.4,0.0
2021-11-16,186.0,97.0,5.0,25.0,7.0,12.0,"Mahape, Navi Mumbai",36.9,24.6,29.4,61,18.3,7.9,12,1005.9,0.1
2021-11-17,171.0,94.0,14.0,15.0,6.0,9.0,"Mahape, Navi Mumbai",34.8,24.2,28.1,72,18.2,6.7,104,1007.6,11.3
2021-11-18,160.0,104.0,16.0,18.0,8.0,11.0,"Mahape, Navi Mumbai",31.7,23.6,26.5,85,11.6,5.9,137,1008.1,22.5
2021-11-19,133.0,55.0,5.0,15.0,10.0,9.0,"Mahape, Navi Mumbai",32.7,23.1,27.1,85,10.0,5.2,29,1005.8,1.0
2021-11-20,128.0,35.0,5.0,13.0,7.0,7.0,"Mahape, Navi Mumbai",34.0,24.1,27.7,78,11.3,6.5,51,1005.0,0.7
2021-11-21,73.0,92.0,8.0,14.0,11.0,11.0,"Mahape, Navi Mumbai",33.8,25.1,27.6,80,20.4,6.9,112,1007.8,4.7
2021-11-22,118.0,60.0,14.0,11.0,10.0,10.0,"Mahape, Navi Mumbai",30.1,24.5,26.8,84,10.8,5.3,328,1011.2,2.4
2021-11-23,125.0,78.0,14.0,14.0,11.0,12.0,"Mahape, Navi Mumbai",32.2,24.0,27.3,83,13.0,5.9,346,1010.6,0.1
2021-11-24,165.0,68.0,20.0,22.0,8.0,10.0,"Mahape, Navi Mumbai",33.8,24.5,28.2,78,14.7,6.1,356,1010.2,0.0
2021-11-25,161.0,144.0,18.0,25.0,9.0,12.0,"Mahape, Navi Mumbai",34.1,24.1,28.4,68,13.2,7.0,13,1010.8,0.0
2021-11-26,183.0,89.0,17.0,21.0,11.0,14.0,"Mahape, Navi Mumbai",33.7,22.2,27.3,67,12.3,6.9,19,1011.3,0.0
2021-11-27,165.0,85.0,15.0,21.0,10.0,14.0,"Mahape, Navi Mumbai",33.8,21.8,27.0,64,13.0,7.5,21,1011.2,0.0
2021-11-28,159.0,79.0,19.0,24.0,10.0,12.0,"Mahape, Navi Mumbai",33.0,20.4,26.0,54,14.1,7.6,44,1011.9,0.0
2021-11-29,163.0,95.0,15.0,25.0,10.0,11.0,"Mahape, Navi Mumbai",33.2,19.9,25.9,53,12.7,7.8,62,1012.0,0.0
2021-11-30,164.0,59.0,8.0,19.0,9.0,12.0,"Mahape, Navi Mumbai",33.5,22.8,27.3,57,11.3,6.7,61,1011.1,0.0
2021-12-01,161.0,189.0,4.0,14.0,11.0,14.0,"Mahape, Navi Mumbai",24.8,20.2,22.7,81,20.0,9.7,15,1011.3,33.6
2021-12-02,214.0,62.0,21.0,15.0,11.0,15.0,"Mahape, Navi Mumbai",26.0,19.5,22.6,87,21.1,9.5,77,1010.1,36.8
2021-12-03,149.0,71.0,15.0,18.0,12.0,16.0,"Mahape, Navi Mumbai",28.1,22.1,24.5,88,9.2,4.6,345,1011.4,2.8
2021-12-04,158.0,57.0,14.0,13.0,11.0,15.0,"Mahape, Navi Mumbai",28.8,20.6,24.1,87,9.8,5.1,120,1012.0,0.9
2021-12-05,143.0,55.0,23.0,14.0,10.0,13.0,"Mahape, Navi Mumbai",27.6,20.0,23.6,86,10.0,6.1,314,1012.5,0.0
2021-12-06,161.0,63.0,23.0,21.0,9.0,15.0,"Mahape, Navi Mumbai",29.9,20.6,24.5,78,10.3,6.8,11,1012.2,0.0
2021-12-07,179.0,62.0,17.0,25.0,10.0,15.0,"Mahape, Navi Mumbai",31.6,20.6,25.4,70,11.6,7.6,29,1012.3,0.0
2021-12-08,184.0,61.0,31.0,21.0,10.0,15.0,"Mahape, Navi Mumbai",32.0,20.1,25.5,65,13.2,7.1,34,1012.5,0.0
2021-12-09,179.0,83.0,16.0,17.0,10.0,13.0,"Mahape, Navi Mumbai",31.9,22.6,26.1,62,13.0,9.3,26,1013.8,0.0
2021-12-10,168.0,117.0,17.0,17.5,11.0,16.0,"Mahape, Navi Mumbai",32.5,21.5,26.1,64,11.7,7.6,32,1014.3,0.0
2021-12-11,169.5,99.0,18.0,18.0,12.0,16.0,"Mahape, Navi Mumbai",32.8,21.4,25.7,65,9.0,6.7,36,1013.9,0.0
2021-12-12,171.0,120.0,24.5,18.5,12.0,16.0,"Mahape, Navi Mumbai",32.5,20.2,25.5,65,10.0,6.9,42,1013.8,0.0
2021-12-13,166.0,141.0,31.0,19.0,12.0,16.0,"Mahape, Navi Mumbai",31.9,20.2,25.0,62,12.5,7.0,16,1013.3,0.0
2021-12-14,161.0,106.0,46.0,20.0,13.0,18.0,"Mahape, Navi Mumbai",30.5,18.6,23.6,68,12.5,7.7,4,1013.2,0.0
2021-12-15,186.0,129.0,49.0,19.0,15.0,22.0,"Mahape, Navi Mumbai",30.0,18.2,23.3,74,11.1,6.3,351,1013.3,0.0
2021-12-16,216.0,130.0,9.0,24.0,14.0,21.0,"Mahape, Navi Mumbai",30.6,19.2,23.9,76,12.9,6.4,353,1014.2,0.0
2021-12-17,207.0,103.0,33.0,18.0,13.0,17.0,"Mahape, Navi Mumbai",31.2,19.9,24.6,69,13.3,7.3,357,1014.6,0.0
2021-12-18,190.0,95.0,23.0,11.0,12.0,15.0,"Mahape, Navi Mumbai",31.7,18.3,24.4,63,12.9,7.7,10,1014.4,0.0
2021-12-19,188.0,159.0,25.5,18.5,17.0,17.0,"Mahape, Navi Mumbai",31.4,18.5,24.1,61,12.8,7.4,34,1014.9,0.0
2021-12-20,231.5,223.0,28.0,26.0,22.0,19.0,"Mahape, Navi Mumbai",31.6,17.6,23.8,62,12.5,6.8,27,1014.8,0.0
2021-12-21,275.0,144.0,39.0,20.0,25.0,22.0,"Mahape, Navi Mumbai",31.2,17.6,23.3,66,12.6,6.1,2,1014.6,0.0
2021-12-22,211.0,108.0,55.0,22.0,25.0,22.0,"Mahape, Navi Mumbai",31.2,17.3,23.3,69,12.0,6.4,350,1013.2,0.0
2021-12-23,205.0,181.0,3.0,17.0,25.0,22.0,"Mahape, Navi Mumbai",31.5,17.5,22.8,69,11.6,6.9,0,1012.8,0.0
2021-12-24,211.0,82.0,26.0,10.0,19.0,17.0,"Mahape, Navi Mumbai",29.3,16.6,21.6,75,12.4,7.0,349,1013.3,0.0
2021-12-25,162.0,97.0,42.0,17.0,22.0,19.0,"Mahape, Navi Mumbai",29.5,17.0,21.9,78,11.6,6.5,3,1014.0,0.0
2021-12-26,177.0,154.0,38.0,19.0,25.0,22.0,"Mahape, Navi Mumbai",31.2,17.0,22.9,74,12.7,7.3,360,1014.4,0.0
2021-12-27,211.0,106.0,38.0,18.0,26.0,20.0,"Mahape, Navi Mumbai",32.2,18.0,24.0,65,11.9,7.1,8,1014.1,0.0
2021-12-28,184.0,66.0,20.0,15.0,22.0,15.0,"Mahape, Navi Mumbai",31.4,17.8,23.3,67,12.6,7.6,351,1013.4,0.0
2021-12-29,143.0,76.0,13.0,17.0,22.0,17.0,"Mahape, Navi Mumbai",29.8,18.0,23.1,60,12.6,9.9,9,1013.7,0.0
2021-12-30,168.0,68.0,17.0,15.0,24.0,17.0,"Mahape, Navi Mumbai",32.1,17.9,23.9,60,11.5,8.0,49,1014.4,0.0
2021-12-31,166.0,67.0,24.0,16.0,25.0,20.0,"Mahape, Navi Mumbai",32.8,19.9,25.4,60,13.0,7.9,49,1015.3,0.0
2022-01-01,165.0,67.0,23.0,16.0,24.0,19.0,"Mahape, Navi Mumbai",32.7,19.6,25.5,58,12.4,8.1,24,1015.7,0.0
2022-01-02,165.0,86.0,28.0,20.0,25.0,21.0,"Mahape, Navi Mumbai",32.5,20.1,25.6,59,12.4,7.4,22,1014.5,0.0
2022-01-03,170.0,153.0,30.0,25.0,28.0,24.0,"Mahape, Navi Mumbai",33.0,21.2,25.8,61,13.8,7.5,26,1013.9,0.0
2022-01-04,183.0,125.0,36.0,24.0,29.0,25.0,"Mahape, Navi Mumbai",33.5,20.4,25.8,64,14.8,6.2,21,1013.8,0.0
2022-01-05,208.0,98.0,28.0,14.0,26.0,21.0,"Mahape, Navi Mumbai",31.3,20.3,25.1,71,13.0,6.3,260,1013.4,0.0
2022-01-06,182.0,147.0,24.0,18.0,28.0,22.0,"Mahape, Navi Mumbai",30.1,19.6,24.0,75,13.9,7.4,342,1013.0,0.0
2022-01-07,224.0,99.0,14.0,14.0,29.0,20.0,"Mahape, Navi Mumbai",29.9,19.1,23.8,73,15.5,6.5,289,1012.4,0.0
2022-01-08,158.0,76.0,25.0,11.0,22.0,16.0,"Mahape, Navi Mumbai",24.4,20.1,22.0,87,12.3,5.4,41,1013.8,9.0
2022-01-09,132.0,77.0,13.0,19.0,20.0,18.0,"Mahape, Navi Mumbai",27.6,17.4,21.9,58,14.3,9.4,343,1013.7,0.0
2022-01-10,115.0,116.0,42.0,22.0,22.0,21.0,"Mahape, Navi Mumbai",26.9,14.4,19.5,53,16.4,8.7,353,1013.9,0.0
2022-01-11,147.0,155.0,32.0,20.0,24.0,20.0,"Mahape, Navi Mumbai",27.0,14.1,20.2,65,12.6,5.5,311,1013.5,0.0
2022-01-12,174.0,115.0,35.0,20.0,23.0,21.0,"Mahape, Navi Mumbai",27.7,15.1,20.8,68,16.5,8.0,347,1013.0,0.0
2022-01-13,151.0,130.0,32.0,19.0,24.0,23.0,"Mahape, Navi Mumbai",28.2,14.8,21.1,71,15.8,5.9,335,1012.2,0.0
2022-01-14,152.0,110.0,19.0,18.0,24.0,22.0,"Mahape, Navi Mumbai",28.6,16.9,22.4,69,14.8,5.8,339,1012.2,0.0
2022-01-15,126.0,98.0,20.0,17.0,25.0,22.0,"Mahape, Navi Mumbai",31.1,17.2,23.4,61,16.1,8.5,14,1012.7,0.0
2022-01-16,118.0,105.0,20.0,21.0,25.0,23.0,"Mahape, Navi Mumbai",32.5,18.6,24.9,52,13.7,9.0,54,1013.1,0.0
2022-01-17,136.0,101.0,26.0,20.0,24.0,22.0,"Mahape, Navi Mumbai",33.1,19.8,25.7,56,11.2,8.0,25,1014.9,0.0
2022-01-18,137.0,111.5,38.0,23.0,24.0,23.0,"Mahape, Navi Mumbai",32.4,19.6,25.2,59,15.0,8.1,1,1014.8,0.0
2022-01-19,156.0,160.0,34.0,22.0,23.0,26.0,"Mahape, Navi Mumbai",33.6,18.8,24.8,57,14.8,7.7,4,1013.3,0.0
2022-01-20,201.0,91.0,22.0,13.0,27.0,22.0,"Mahape, Navi Mumbai",30.9,17.5,23.3,62,13.4,6.8,346,1011.9,0.0
2022-01-21,125.0,92.0,10.0,11.0,27.0,21.0,"Mahape, Navi Mumbai",30.0,17.8,23.0,73,14.6,6.7,324,1011.6,0.0
2022-01-22,119.0,101.75,24.0,11.0,22.0,18.0,"Mahape, Navi Mumbai",28.0,18.6,23.0,80,20.6,9.4,258,1010.3,1.1
2022-01-23,297.0,111.5,19.0,20.0,15.0,19.0,"Mahape, Navi Mumbai",24.8,16.7,21.3,61,16.0,10.2,314,1011.5,0.2
2022-01-24,185.0,181.0,28.0,30.0,10.0,17.0,"Mahape, Navi Mumbai",25.7,13.2,18.8,52,17.2,8.9,8,1012.5,0.0
2022-01-25,178.0,157.0,37.0,23.0,10.0,19.0,"Mahape, Navi Mumbai",27.8,12.6,19.6,52,16.7,8.5,360,1012.0,0.0
2022-01-26,174.0,143.0,29.0,32.0,11.0,20.0,"Mahape, Navi Mumbai",30.1,14.9,21.6,50,17.0,9.3,2,1011.7,0.0
2022-01-27,166.0,99.0,25.0,30.0,11.0,17.0,"Mahape, Navi Mumbai",32.0,15.5,23.2,48,16.5,8.7,22,1012.0,0.0
2022-01-28,135.0,168.0,35.0,37.0,12.0,20.0,"Mahape, Navi Mumbai",32.3,17.5,24.4,41,15.3,10.1,34,1013.0,0.0
2022-01-29,177.0,119.0,41.0,33.0,11.0,20.0,"Mahape, Navi Mumbai",33.0,16.6,24.0,39,14.7,8.3,23,1013.9,0.0
2022-01-30,139.0,123.0,41.0,29.0,11.0,20.0,"Mahape, Navi Mumbai",33.5,16.5,23.7,44,14.2,7.7,3,1012.7,0.0
2022-01-31,139.0,150.0,30.0,34.0,10.0,22.0,"Mahape, Navi Mumbai",33.0,15.9,22.9,48,15.1,7.9,2,1011.9,0.0
2022-02-01,146.0,152.0,43.0,32.0,10.0,23.0,"Mahape, Navi Mumbai",33.5,15.6,22.9,55,17.6,9.0,2,1011.1,0.0
2022-02-02,179.0,142.0,21.0,26.0,10.0,23.0,"Mahape, Navi Mumbai",32.9,16.3,23.1,68,14.6,7.2,328,1011.2,0.0
2022-02-03,151.0,162.0,25.0,20.0,10.0,18.0,"Mahape, Navi Mumbai",29.0,16.6,22.1,78,14.9,6.8,248,1011.3,0.0
2022-02-04,158.0,181.0,39.0,31.0,10.0,18.0,"Mahape, Navi Mumbai",28.5,18.4,22.5,71,12.6,5.5,266,1010.9,0.0
2022-02-05,160.0,161.0,49.0,32.0,10.0,20.0,"Mahape, Navi Mumbai",31.2,15.0,22.0,63,17.2,7.6,346,1011.3,0.0
2022-02-06,157.0,137.0,31.0,22.0,8.0,19.0,"Mahape, Navi Mumbai",32.0,15.9,23.3,60,16.8,7.6,312,1012.9,0.0
2022-02-07,165.0,105.0,23.0,18.0,8.0,17.0,"Mahape, Navi Mumbai",29.9,17.3,22.4,74,17.4,7.8,324,1014.3,0.0
2022-02-08,136.0,175.0,18.0,20.0,13.0,20.0,"Mahape, Navi Mumbai",28.5,17.4,21.9,75,15.7,8.1,326,1013.6,0.0
2022-02-09,206.0,119.0,27.0,28.0,9.0,19.0,"Mahape, Navi Mumbai",29.8,16.7,22.2,71,17.1,8.4,353,1013.1,0.0
2022-02-10,137.0,90.0,26.0,25.0,10.0,16.0,"Mahape, Navi Mumbai",33.4,17.4,24.5,49,21.2,9.4,6,1012.2,0.0
2022-02-11,98.0,90.0,48.0,20.0,10.0,17.0,"Mahape, Navi Mumbai",34.9,20.0,26.6,37,18.7,11.1,16,1011.7,0.0
2022-02-12,94.0,107.0,45.0,26.0,10.0,19.0,"Mahape, Navi Mumbai",34.5,19.1,25.8,40,20.3,9.0,358,1011.4,0.0
2022-02-13,117.0,104.0,31.0,26.0,9.0,19.0,"Mahape, Navi Mumbai",34.4,19.0,25.4,45,20.5,8.6,334,1010.0,0.0
2022-02-14,116.0,94.0,26.0,22.0,9.0,18.0,"Mahape, Navi Mumbai",32.5,17.9,24.7,44,19.5,10.3,348,1010.5,0.0
2022-02-15,97.0,97.0,23.0,20.0,9.0,19.0,"Mahape, Navi Mumbai",30.9,18.0,23.6,46,15.5,8.6,337,1010.7,0.0
2022-02-16,100.0,100.0,24.0,24.0,10.0,20.0,"Mahape, Navi Mumbai",30.2,17.5,22.9,66,15.3,7.3,323,1009.2,0.0
2022-02-17,108.0,129.0,24.0,30.0,12.0,23.0,"Mahape, Navi Mumbai",30.9,17.0,23.1,69,14.1,5.7,271,1008.0,0.0
2022-02-18,123.0,123.0,30.0,31.0,11.0,23.0,"Mahape, Navi Mumbai",31.4,16.5,23.7,63,15.0,5.9,244,1008.9,0.0
2022-02-19,121.0,120.0,33.0,27.0,10.0,22.0,"Mahape, Navi Mumbai",34.8,18.2,25.4,59,15.9,7.5,326,1010.9,0.0
2022-02-20,116.0,116.0,2.0,38.0,9.0,23.0,"Mahape, Navi Mumbai",35.3,18.1,25.5,52,19.7,9.5,352,1010.6,0.0
2022-02-21,121.0,107.0,46.0,16.0,14.0,18.0,"Mahape, Navi Mumbai",35.8,17.1,25.4,38,22.5,9.9,351,1009.8,0.0
2022-02-22,161.0,137.0,44.0,29.0,11.0,24.0,"Mahape, Navi Mumbai",35.8,17.0,25.1,49,15.6,7.9,337,1010.7,0.0
2022-02-23,123.0,198.0,51.0,41.0,13.0,32.0,"Mahape, Navi Mumbai",35.7,17.6,26.2,54,15.2,7.8,328,1012.1,0.0
2022-02-24,151.0,175.0,47.0,34.0,12.0,24.0,"Mahape, Navi Mumbai",35.3,18.5,27.1,42,17.3,8.1,322,1013.4,0.0
2022-02-25,135.0,181.0,38.0,34.0,12.0,26.0,"Mahape, Navi Mumbai",36.4,19.2,26.5,43,19.7,8.8,326,1012.8,0.0
2022-02-26,128.0,134.0,9.0,28.0,15.0,24.0,"Mahape, Navi Mumbai",35.8,19.4,26.4,42,20.3,9.4,339,1012.7,0.0
2022-02-27,132.0,145.0,40.0,30.0,12.0,24.0,"Mahape, Navi Mumbai",36.5,19.6,26.9,37,19.9,9.4,336,1012.9,0.0
2022-02-28,101.0,154.0,10.0,42.0,11.0,24.0,"Mahape, Navi Mumbai",37.0,19.5,27.1,34,19.0,9.2,339,1012.4,0.0
2022-03-01,134.0,224.0,54.0,32.0,13.0,25.0,"Mahape, Navi Mumbai",37.5,20.1,27.4,36,20.0,9.1,339,1012.3,0.0
2022-03-02,127.0,223.4333333333333,39.0,38.0,14.0,26.0,"Mahape, Navi Mumbai",39.0,20.3,28.5,38,26.5,8.8,339,1011.3,0.0
2022-03-03,130.0,222.86666666666667,41.0,23.0,12.0,20.0,"Mahape, Navi Mumbai",39.1,21.8,29.2,31,26.8,11.0,355,1011.2,0.0
2022-03-04,80.0,222.3,41.0,33.0,12.0,22.0,"Mahape, Navi Mumbai",38.4,23.2,29.5,27,24.7,12.5,353,1011.6,0.0
2022-03-05,92.0,105.5,40.0,33.0,13.0,24.0,"Mahape, Navi Mumbai",38.7,22.4,28.9,34,24.2,9.1,337,1010.6,0.0
2022-03-06,110.0,105.5,33.0,44.0,14.0,27.0,"Mahape, Navi Mumbai",38.8,21.4,28.7,38,22.1,8.8,331,1009.6,0.0
2022-03-07,127.0,105.5,68.0,37.0,13.0,26.0,"Mahape, Navi Mumbai",36.5,24.0,29.6,38,17.4,7.6,282,1009.9,0.0
2022-03-08,137.0,105.5,28.0,36.0,11.0,27.0,"Mahape, Navi Mumbai",38.2,25.6,30.5,41,18.4,8.9,354,1009.9,0.0
2022-03-09,145.0,105.5,24.0,37.0,14.0,25.0,"Mahape, Navi Mumbai",37.8,23.2,29.8,44,18.1,6.8,32,1010.0,0.0
2022-03-10,180.0,105.5,22.0,36.25,14.333333333333334,30.666666666666668,"Mahape, Navi Mumbai",38.2,23.0,30.0,40,19.0,7.5,348,1009.7,0.0
2022-03-12,160.66666666666666,105.5,18.0,34.75,15.0,42.0,"Mahape, Navi Mumbai",39.3,23.0,29.7,42,21.4,7.7,335,1009.1,0.0
2022-03-13,151.0,105.5,22.0,34.0,17.0,29.0,"Mahape, Navi Mumbai",40.4,22.0,30.8,36,23.6,10.6,360,1009.2,0.0
2022-03-14,151.0,105.5,19.5,39.5,20.0,32.5,"Mahape, Navi Mumbai",40.5,22.0,31.1,23,24.5,9.8,355,1009.6,0.0
2022-03-15,154.0,105.5,17.0,45.0,23.0,36.0,"Mahape, Navi Mumbai",41.2,22.8,31.4,28,22.7,9.7,350,1008.3,0.0
2022-03-16,157.0,105.5,39.0,39.0,21.0,33.0,"Mahape, Navi Mumbai",41.7,23.7,32.0,26,24.1,10.8,347,1007.0,0.0
2022-03-17,170.0,105.5,36.0,28.0,11.0,29.0,"Mahape, Navi Mumbai",41.0,24.0,32.3,27,24.5,10.0,334,1006.1,0.0
2022-03-18,186.0,105.5,17.0,25.0,11.0,28.0,"Mahape, Navi Mumbai",40.0,22.3,31.4,40,22.8,9.4,304,1005.8,0.0
2022-03-19,166.0,105.5,16.0,35.0,9.0,27.0,"Mahape, Navi Mumbai",36.5,23.0,29.0,60,19.1,8.4,233,1006.2,0.0
2022-03-20,129.0,105.5,15.0,23.0,66.0,26.0,"Mahape, Navi Mumbai",33.6,23.6,27.9,71,23.7,8.1,236,1007.0,0.0
2022-03-21,214.0,105.5,32.0,33.0,33.0,25.0,"Mahape, Navi Mumbai",35.5,22.0,27.8,68,17.6,7.2,306,1007.8,0.0
2022-03-22,153.0,105.5,2.0,29.0,17.0,26.0,"Mahape, Navi Mumbai",40.3,23.4,30.8,35,24.4,9.9,348,1007.0,0.0
2022-03-23,128.0,105.5,1.0,43.0,13.0,28.0,"Mahape, Navi Mumbai",41.8,24.8,32.4,22,22.9,10.4,357,1006.2,0.0
2022-03-24,218.0,105.5,1.0,28.0,28.0,25.0,"Mahape, Navi Mumbai",36.9,26.0,30.2,37,20.0,7.7,247,1006.7,0.0
2022-03-25,107.0,105.5,1.0,19.0,32.0,24.0,"Mahape, Navi Mumbai",37.7,23.8,29.3,60,20.2,7.3,276,1008.2,0.0
2022-03-26,96.0,105.5,1.0,14.0,48.0,25.0,"Mahape, Navi Mumbai",36.8,24.1,29.2,67,19.8,7.2,271,1010.3,0.0
2022-03-27,99.0,105.5,19.5,30.0,52.66666666666666,21.4,"Mahape, Navi Mumbai",37.8,23.7,29.3,66,17.5,6.9,275,1010.6,0.0
2022-03-28,143.0,105.5,19.5,23.0,57.333333333333336,17.8,"Mahape, Navi Mumbai",37.3,24.5,29.6,70,17.6,7.3,277,1009.7,0.0
2022-03-29,136.0,105.5,19.5,28.0,62.0,14.2,"Mahape, Navi Mumbai",39.3,23.1,30.5,54,17.4,8.7,312,1008.3,0.0
2022-03-30,118.0,105.5,19.5,20.0,59.0,9.0,"Mahape, Navi Mumbai",39.3,23.3,30.3,46,18.7,7.4,316,1008.1,0.0
2022-03-31,123.0,207.0,19.5,24.0,61.0,7.0,"Mahape, Navi Mumbai",37.3,21.9,28.5,56,15.1,7.4,298,1009.0,0.0
2022-04-01,163.0,156.0,13.0,16.0,42.33333333333333,6.0,"Mahape, Navi Mumbai",38.4,21.1,27.7,69,18.1,7.4,300,1008.9,0.0
2022-04-02,164.0,135.0,1.0,14.0,23.666666666666664,7.0,"Mahape, Navi Mumbai",34.5,23.2,28.0,74,16.6,6.7,249,1009.9,0.0
2022-04-03,159.0,128.0,1.0,18.0,5.0,7.0,"Mahape, Navi Mumbai",37.5,22.1,28.4,70,18.4,7.4,281,1009.2,0.0
2022-04-04,151.0,93.0,1.0,17.0,13.0,6.0,"Mahape, Navi Mumbai",37.0,24.1,29.2,72,20.6,7.9,257,1009.4,0.0
2022-04-05,128.0,92.0,1.0,15.0,15.0,5.0,"Mahape, Navi Mumbai",35.9,24.8,29.5,74,21.3,8.2,249,1011.1,0.0
2022-04-06,125.0,95.0,1.0,16.0,19.0,7.0,"Mahape, Navi Mumbai",36.2,25.2,29.6,73,15.7,8.8,234,1011.5,0.0
2022-04-07,165.0,78.0,1.0,17.0,3.0,6.0,"Mahape, Navi Mumbai",36.7,25.0,29.8,73,17.3,7.3,244,1010.2,0.0
2022-04-08,113.0,75.0,1.0,15.0,4.333333333333333,5.0,"Mahape, Navi Mumbai",37.7,24.1,29.6,72,19.1,8.7,232,1008.5,0.0
2022-04-09,116.0,69.0,7.0,10.0,5.666666666666666,4.0,"Mahape, Navi Mumbai",35.3,24.5,29.4,74,17.1,9.2,221,1008.4,0.0
2022-04-10,171.0,150.0,13.0,3.0,7.0,6.0,"Mahape, Navi Mumbai",36.3,25.4,29.8,69,17.0,8.8,237,1008.4,0.0
2022-04-11,226.0,113.0,12.666666666666666,8.0,7.0,9.0,"Mahape, Navi Mumbai",37.2,24.2,29.6,67,20.1,7.6,262,1007.4,0.0
2022-04-12,146.0,118.0,12.333333333333334,16.0,7.0,10.0,"Mahape, Navi Mumbai",39.2,23.2,30.6,59,21.7,8.3,319,1006.0,0.0
2022-04-13,147.0,156.0,12.0,15.0,7.0,10.0,"Mahape, Navi Mumbai",41.8,24.3,31.5,51,22.1,9.0,325,1005.2,0.0
2022-04-14,159.0,127.0,12.0,16.0,7.0,7.5,"Mahape, Navi Mumbai",35.5,24.7,29.7,68,17.3,8.8,253,1006.3,0.0
2022-04-15,144.5,98.0,12.0,17.0,7.0,5.0,"Mahape, Navi Mumbai",35.7,25.4,29.5,69,17.5,7.7,239,1007.2,0.0
2022-04-16,130.0,98.0,12.0,16.0,7.0,5.0,"Mahape, Navi Mumbai",34.9,23.0,28.2,72,18.4,8.2,249,1006.4,0.0
2022-04-17,130.0,83.0,12.0,15.0,7.0,5.0,"Mahape, Navi Mumbai",35.4,23.8,28.8,70,18.6,8.8,236,1007.3,0.0
2022-04-18,108.0,84.0,12.0,13.0,48.0,5.0,"Mahape, Navi Mumbai",34.7,24.0,28.6,73,19.3,8.3,258,1009.4,0.0
2022-04-19,209.0,104.0,13.0,17.0,48.0,7.0,"Mahape, Navi Mumbai",36.3,23.8,29.2,69,18.8,7.7,293,1010.7,0.0
2022-04-20,143.0,129.0,12.0,29.0,51.0,10.0,"Mahape, Navi Mumbai",37.8,24.0,30.8,63,16.9,8.4,320,1008.3,0.0
2022-04-21,139.0,156.0,12.0,29.0,47.0,13.0,"Mahape, Navi Mumbai",42.7,28.5,34.3,32,23.9,12.0,354,1005.9,0.0
2022-04-22,183.0,116.0,12.0,21.5,37.0,10.0,"Mahape, Navi Mumbai",41.7,26.1,33.4,41,23.7,8.2,306,1006.6,0.0
2022-04-23,168.66666666666666,81.0,12.0,14.0,27.0,5.0,"Mahape, Navi Mumbai",41.7,26.6,32.5,57,19.8,8.3,246,1007.6,0.1
2022-04-24,154.33333333333334,104.0,12.0,27.0,17.0,9.0,"Mahape, Navi Mumbai",37.5,27.0,31.3,67,17.8,9.1,243,1008.1,0.0
2022-04-25,140.0,86.0,12.0,22.0,17.0,8.0,"Mahape, Navi Mumbai",42.4,24.8,32.7,47,22.7,9.3,332,1006.3,0.0
2022-04-26,123.0,145.0,12.0,22.0,18.0,11.0,"Mahape, Navi Mumbai",37.8,25.2,31.5,53,16.8,8.1,257,1007.2,0.0
2022-04-27,186.0,173.0,12.0,28.0,19.0,14.0,"Mahape, Navi Mumbai",42.2,25.1,33.0,42,21.4,9.0,334,1005.7,0.0
2022-04-28,162.0,105.0,12.0,14.0,18.0,7.0,"Mahape, Navi Mumbai",42.5,26.3,32.6,47,19.1,9.2,258,1006.4,0.0
2022-04-29,153.0,124.0,12.0,16.0,19.0,9.0,"Mahape, Navi Mumbai",36.8,26.9,31.2,70,15.9,10.6,234,1008.4,0.0
2022-04-30,180.0,62.0,12.0,10.0,16.0,5.0,"Mahape, Navi Mumbai",35.6,25.0,30.0,71,18.4,9.3,236,1007.1,0.0
2022-05-01,83.0,67.0,12.0,9.0,17.0,6.0,"Mahape, Navi Mumbai",36.2,25.7,30.2,74,17.0,9.6,233,1006.1,0.0
2022-05-02,95.0,81.0,12.0,9.0,18.0,5.0,"Mahape, Navi Mumbai",35.1,26.8,30.5,73,18.6,9.3,235,1006.3,0.0
2022-05-03,111.0,85.0,12.0,9.0,18.0,6.0,"Mahape, Navi Mumbai",35.5,26.4,30.5,72,18.6,8.3,251,1007.0,0.0
2022-05-04,113.0,88.0,12.0,9.0,18.0,6.0,"Mahape, Navi Mumbai",36.3,26.3,30.4,70,18.1,7.3,282,1008.0,0.0
2022-05-05,114.0,120.0,12.0,9.0,18.0,6.0,"Mahape, Navi Mumbai",37.7,24.9,29.9,72,20.1,8.5,316,1007.8,0.4
2022-05-06,138.0,129.0,12.0,12.0,18.0,7.0,"Mahape, Navi Mumbai",36.8,25.6,30.1,70,20.2,8.9,313,1007.3,0.0
2022-05-07,154.0,111.0,12.0,10.0,18.0,7.0,"Mahape, Navi Mumbai",36.9,24.7,30.1,72,20.2,7.9,285,1006.7,0.0
2022-05-08,149.0,82.0,12.0,8.0,18.0,6.0,"Mahape, Navi Mumbai",37.2,25.0,30.6,72,22.2,7.4,286,1004.8,0.0
2022-05-09,109.0,75.0,12.0,8.0,18.0,5.0,"Mahape, Navi Mumbai",36.2,25.9,30.4,73,21.8,9.3,276,1004.0,0.0
2022-05-10,92.0,89.0,12.0,10.0,19.0,8.0,"Mahape, Navi Mumbai",36.3,27.7,30.8,71,20.2,9.0,283,1003.8,0.0
2022-05-11,112.0,83.0,12.0,11.0,14.0,6.0,"Mahape, Navi Mumbai",35.2,26.0,30.3,73,20.3,10.0,249,1003.6,0.0
2022-05-12,96.0,93.0,12.0,9.0,10.0,6.0,"Mahape, Navi Mumbai",34.2,28.1,30.6,67,17.7,13.2,240,1004.6,0.0
2022-05-13,108.0,111.0,12.0,6.0,12.0,7.0,"Mahape, Navi Mumbai",34.0,28.0,30.4,69,18.8,12.1,232,1004.4,0.0
2022-05-14,140.0,90.0,12.0,5.0,11.0,6.0,"Mahape, Navi Mumbai",34.4,26.8,30.2,70,17.8,10.7,235,1004.8,0.0
2022-05-15,124.0,93.0,12.0,5.0,11.0,6.0,"Mahape, Navi Mumbai",35.2,27.7,30.7,69,17.1,10.1,253,1005.9,0.0
2022-05-16,127.0,139.0,12.0,5.0,11.0,7.0,"Mahape, Navi Mumbai",35.9,27.3,30.7,69,19.2,8.2,283,1005.2,0.0
2022-05-17,155.0,186.0,12.0,6.0,11.0,7.0,"Mahape, Navi Mumbai",35.5,26.5,30.4,71,17.5,8.6,259,1004.3,0.0
2022-05-18,175.0,166.0,13.0,6.0,11.0,6.0,"Mahape, Navi Mumbai",34.8,26.9,30.3,69,18.5,8.8,269,1004.7,0.0
2022-05-19,166.0,133.0,12.0,6.0,14.0,7.0,"Mahape, Navi Mumbai",35.5,26.9,30.5,69,20.4,9.5,271,1005.0,0.0
2022-05-20,159.0,102.0,12.0,6.0,13.0,7.0,"Mahape, Navi Mumbai",33.9,27.7,30.3,65,19.2,12.5,240,1006.2,0.3
2022-05-21,137.0,72.0,12.0,4.0,14.0,7.0,"Mahape, Navi Mumbai",34.0,28.1,30.7,62,22.6,15.0,232,1006.0,0.1
2022-05-22,96.0,61.0,12.0,4.0,13.0,7.0,"Mahape, Navi Mumbai",34.5,28.7,30.8,63,22.4,18.0,240,1004.2,0.3
2022-05-23,72.0,66.0,12.0,5.0,13.0,8.0,"Mahape, Navi Mumbai",34.3,28.4,30.8,66,22.5,17.2,237,1003.5,1.3
2022-05-24,91.0,74.0,12.0,5.0,13.0,7.0,"Mahape, Navi Mumbai",34.5,28.1,30.9,65,20.9,14.3,249,1006.0,0.3
2022-05-25,82.0,76.0,12.0,5.0,14.0,7.0,"Mahape, Navi Mumbai",35.2,27.0,30.3,67,17.4,9.3,271,1008.2,0.5
2022-05-26,103.0,61.0,12.0,4.0,14.0,8.0,"Mahape, Navi Mumbai",35.2,27.1,30.5,63,19.2,10.1,255,1007.9,0.1
2022-05-27,83.0,59.0,12.0,5.0,18.0,8.0,"Mahape, Navi Mumbai",34.9,27.5,30.9,59,20.4,12.5,248,1007.7,0.0
2022-05-28,86.0,61.0,12.0,5.0,17.0,8.0,"Mahape, Navi Mumbai",34.7,27.8,30.9,59,20.3,13.1,248,1006.7,0.0
2022-05-29,69.0,67.0,12.0,5.0,12.0,9.0,"Mahape, Navi Mumbai",34.8,28.2,30.9,58,19.8,13.3,252,1006.8,0.0
2022-05-30,78.0,70.0,12.0,5.0,12.0,8.0,"Mahape, Navi Mumbai",34.2,27.8,30.6,61,18.6,11.3,258,1006.5,0.0
2022-05-31,85.0,71.0,12.0,5.0,12.0,8.0,"Mahape, Navi Mumbai",36.3,27.2,30.7,63,19.4,9.9,270,1005.7,0.0
2022-06-01,83.0,73.0,12.0,6.0,12.0,7.0,"Mahape, Navi Mumbai",35.7,28.1,30.7,63,20.6,10.3,273,1005.9,0.1
2022-06-02,87.0,77.0,12.0,6.0,13.0,9.0,"Mahape, Navi Mumbai",35.1,27.9,30.6,65,19.9,10.1,266,1006.1,0.0
2022-06-03,106.0,63.0,16.0,8.0,13.0,7.0,"Mahape, Navi Mumbai",34.8,26.9,30.2,66,17.9,10.0,272,1005.9,0.0
2022-06-04,82.0,61.0,12.0,7.0,12.0,7.0,"Mahape, Navi Mumbai",35.2,27.3,30.7,66,16.6,9.6,274,1005.4,0.0
2022-06-05,76.0,65.0,12.0,9.0,12.0,8.0,"Mahape, Navi Mumbai",35.2,27.1,30.5,68,19.1,8.3,265,1005.3,0.0
2022-06-06,74.0,65.0,12.0,10.0,12.0,8.0,"Mahape, Navi Mumbai",34.7,27.4,30.5,66,18.2,9.0,249,1005.8,0.0
2022-06-07,83.0,45.0,12.0,8.0,12.0,8.0,"Mahape, Navi Mumbai",35.7,27.4,30.2,70,18.4,9.5,241,1006.0,5.6
2022-06-08,52.0,51.0,12.0,10.0,12.0,8.0,"Mahape, Navi Mumbai",34.4,27.0,30.1,73,14.7,11.2,234,1005.7,3.5
2022-06-09,56.0,36.0,12.0,13.0,12.0,12.0,"Mahape, Navi Mumbai",33.5,26.8,29.6,75,16.2,10.1,232,1004.6,4.8
2022-06-10,57.16666666666666,34.0,12.0,10.0,12.0,10.0,"Mahape, Navi Mumbai",31.6,26.5,28.5,78,15.8,10.7,201,1004.7,14.7
2022-06-14,61.833333333333336,58.0,12.0,8.0,12.0,10.0,"Mahape, Navi Mumbai",32.0,25.4,28.8,76,22.7,15.7,204,1006.6,1.0
2022-06-15,63.0,55.53333333333333,12.0,8.0,13.0,13.0,"Mahape, Navi Mumbai",31.5,26.3,28.5,77,20.9,13.5,216,1006.0,9.1
2022-06-16,59.0,53.06666666666666,12.0,7.0,12.0,12.0,"Mahape, Navi Mumbai",31.9,25.2,28.4,78,20.5,13.1,210,1005.7,3.5
2022-06-17,58.142857142857146,50.6,12.0,9.0,12.0,12.0,"Mahape, Navi Mumbai",31.7,26.1,28.4,78,20.1,13.5,209,1005.0,3.1
2022-06-18,57.285714285714285,48.6,12.0,8.0,12.0,12.0,"Mahape, Navi Mumbai",32.0,26.4,28.9,76,21.4,14.7,209,1005.2,1.4
2022-06-21,54.71428571428572,48.6,12.0,11.0,13.0,14.0,"Mahape, Navi Mumbai",28.7,23.6,25.7,88,22.7,15.3,188,1002.8,15.4
2022-06-22,65.0,48.6,12.0,12.0,13.0,14.0,"Mahape, Navi Mumbai",30.3,24.4,26.5,87,17.7,10.9,186,1003.9,22.5
2022-06-23,65.0,48.6,12.0,11.0,13.0,14.0,"Mahape, Navi Mumbai",29.9,24.4,26.4,88,10.8,6.3,182,1005.0,32.5
2022-06-24,65.0,48.6,12.0,14.0,13.0,12.0,"Mahape, Navi Mumbai",30.4,25.2,26.7,87,16.0,9.1,160,1003.2,16.8
2022-06-25,65.0,48.6,12.0,11.0,13.0,11.0,"Mahape, Navi Mumbai",30.1,24.9,26.7,86,18.7,14.3,154,1000.4,11.7
2022-06-26,65.0,48.6,12.0,11.0,13.0,14.0,"Mahape, Navi Mumbai",28.6,25.4,26.3,87,22.1,16.6,163,1000.7,28.5
2022-06-27,65.0,48.6,12.0,11.0,13.0,18.0,"Mahape, Navi Mumbai",28.1,25.0,26.1,89,21.4,16.7,194,1003.2,14.9
2022-06-28,65.0,48.6,12.0,10.0,13.0,18.0,"Mahape, Navi Mumbai",28.9,24.5,26.4,88,18.7,14.1,195,1004.7,3.7
2022-06-29,65.0,21.0,12.0,11.0,13.0,18.0,"Mahape, Navi Mumbai",29.0,25.4,26.6,88,18.6,14.0,203,1003.5,6.4
2022-06-30,47.0,30.0,12.0,10.0,14.0,17.0,"Mahape, Navi Mumbai",27.9,24.5,25.8,91,18.9,12.2,198,1003.4,28.9
2022-07-01,76.0,53.0,12.0,9.0,13.0,16.0,"Mahape, Navi Mumbai",26.0,25.0,25.3,93,17.7,12.7,203,1004.1,29.3
2022-07-02,75.0,50.0,12.0,9.0,13.0,11.0,"Mahape, Navi Mumbai",27.6,24.3,25.7,91,17.9,13.1,207,1002.8,19.7
2022-07-03,67.0,24.0,12.0,9.0,13.0,14.0,"Mahape, Navi Mumbai",27.7,24.2,25.9,89,21.7,15.2,200,1002.5,15.2
2022-07-04,42.0,23.0,12.0,13.0,14.0,14.0,"Mahape, Navi Mumbai",27.0,24.5,25.6,91,19.5,14.0,204,1002.4,25.7
2022-07-05,35.0,32.0,12.0,12.0,14.0,16.0,"Mahape, Navi Mumbai",26.0,24.9,25.4,93,18.4,13.8,229,1001.1,39.1
2022-07-06,64.0,38.0,12.0,9.0,14.0,16.0,"Mahape, Navi Mumbai",26.5,24.9,25.4,92,18.5,15.1,207,1002.4,39.7
2022-07-07,66.0,50.0,12.0,11.0,14.0,16.0,"Mahape, Navi Mumbai",26.8,25.0,25.8,91,19.0,13.8,233,1005.4,26.5
2022-07-08,80.0,56.0,12.0,8.0,14.0,14.0,"Mahape, Navi Mumbai",27.6,24.2,25.5,91,18.2,12.0,247,1004.9,29.1
2022-07-09,77.0,49.5,12.0,8.75,14.0,13.75,"Mahape, Navi Mumbai",27.2,23.4,24.9,92,17.1,11.8,239,1003.6,41.8
2022-07-12,40.25,30.0,12.0,11.0,14.0,13.0,"Mahape, Navi Mumbai",25.6,23.5,24.3,94,15.9,10.9,254,1005.5,68.8
2022-07-13,28.0,41.0,12.0,10.0,14.0,13.0,"Mahape, Navi Mumbai",25.6,23.9,24.8,93,26.7,16.7,251,1002.2,60.3
2022-07-14,44.0,49.0,12.0,10.0,14.0,13.0,"Mahape, Navi Mumbai",25.6,24.3,25.1,92,27.0,21.4,229,999.4,68.3
2022-07-15,43.0,41.0,12.0,8.0,14.0,13.0,"Mahape, Navi Mumbai",27.5,25.1,26.1,88,28.7,24.7,223,999.8,29.2
2022-07-16,37.0,42.0,12.0,7.0,13.0,13.0,"Mahape, Navi Mumbai",28.0,25.2,26.1,89,29.0,21.3,219,1001.1,27.2
2022-07-17,44.0,46.0,12.0,9.0,15.0,16.0,"Mahape, Navi Mumbai",28.8,25.1,26.5,87,20.1,15.7,224,1004.1,13.8
2022-07-18,45.0,50.0,12.0,8.0,14.0,17.0,"Mahape, Navi Mumbai",25.9,24.0,25.0,92,15.8,11.7,227,1005.2,26.1
2022-07-19,49.0,44.0,12.0,9.0,14.0,19.0,"Mahape, Navi Mumbai",26.5,24.0,25.2,91,18.2,12.2,224,1005.8,23.6
2022-07-20,40.0,45.0,12.0,9.0,14.0,18.0,"Mahape, Navi Mumbai",27.9,24.2,25.8,89,15.9,11.1,222,1006.6,11.0
2022-07-21,41.0,51.0,12.0,9.0,14.0,18.0,"Mahape, Navi Mumbai",28.2,24.2,26.0,87,17.3,9.4,226,1007.0,4.8
2022-07-22,48.0,49.0,12.0,6.0,14.0,21.0,"Mahape, Navi Mumbai",29.7,24.5,26.6,85,17.4,8.8,246,1007.4,2.6
2022-07-23,42.0,40.0,12.0,7.0,13.0,23.0,"Mahape, Navi Mumbai",27.2,24.4,25.5,90,15.2,10.3,233,1005.8,19.1
2022-07-24,33.0,47.0,12.0,7.0,14.0,22.0,"Mahape, Navi Mumbai",26.3,24.6,25.2,91,17.1,11.9,222,1005.0,14.3
2022-07-25,42.0,53.0,12.0,8.0,14.0,23.0,"Mahape, Navi Mumbai",28.0,24.4,25.8,88,17.1,11.9,207,1006.4,8.3
2022-07-26,51.0,54.0,12.0,9.0,14.0,21.0,"Mahape, Navi Mumbai",27.7,24.6,26.0,88,15.5,10.1,208,1008.1,3.9
2022-07-27,74.0,80.0,12.0,7.0,15.0,25.0,"Mahape, Navi Mumbai",29.8,24.7,26.2,88,10.1,5.4,214,1008.0,8.4
2022-07-28,98.0,70.0,12.0,3.0,15.0,32.0,"Mahape, Navi Mumbai",29.8,23.9,26.8,87,12.3,5.4,287,1008.7,4.3
2022-07-29,84.0,60.0,12.0,5.0,14.0,22.0,"Mahape, Navi Mumbai",30.8,24.7,27.3,85,12.2,6.8,337,1008.2,4.7
2022-07-30,71.0,60.0,12.0,4.0,14.0,11.0,"Mahape, Navi Mumbai",30.5,24.9,27.5,83,14.3,6.4,304,1007.3,0.9
2022-07-31,60.0,54.0,12.0,5.0,14.0,9.0,"Mahape, Navi Mumbai",30.1,25.1,27.6,82,14.1,6.9,275,1005.8,2.5
2022-08-01,57.0,68.0,12.0,6.0,14.0,2.0,"Mahape, Navi Mumbai",29.6,25.0,27.1,84,14.5,7.5,267,1006.0,2.1
2022-08-02,79.0,55.0,12.0,5.0,14.0,4.0,"Mahape, Navi Mumbai",30.2,25.0,27.1,84,14.8,5.7,269,1005.0,2.8
2022-08-03,75.0,41.0,12.0,6.0,14.0,3.0,"Mahape, Navi Mumbai",29.5,25.2,27.3,85,11.7,5.5,251,1004.0,8.0
2022-08-04,45.0,53.0,12.0,8.0,14.0,5.0,"Mahape, Navi Mumbai",29.0,25.0,26.9,88,12.6,4.9,208,1003.0,19.0
2022-08-05,57.0,35.0,12.0,9.0,14.0,4.0,"Mahape, Navi Mumbai",27.2,24.5,25.6,93,14.3,8.7,189,1001.6,25.4
2022-08-06,40.0,34.0,12.0,9.0,14.0,4.0,"Mahape, Navi Mumbai",29.0,24.4,25.9,90,14.8,10.6,196,1000.4,26.1
2022-08-07,35.0,27.0,12.0,12.0,14.0,2.0,"Mahape, Navi Mumbai",28.9,24.6,26.0,90,14.8,10.3,198,999.9,30.4
2022-08-08,32.0,27.0,12.0,9.0,14.0,1.0,"Mahape, Navi Mumbai",28.2,25.3,26.0,91,25.6,11.1,216,998.4,29.5
2022-08-09,32.0,24.0,12.0,10.0,19.0,2.0,"Mahape, Navi Mumbai",26.1,25.0,25.6,91,29.9,24.6,226,997.9,111.7
2022-08-10,45.0,36.0,12.0,6.0,18.125,1.0,"Mahape, Navi Mumbai",27.3,25.1,25.9,90,31.3,26.2,223,997.5,25.7
2022-08-11,35.0,30.0,12.0,6.0,17.25,1.0,"Mahape, Navi Mumbai",27.9,25.1,26.0,88,33.4,27.3,219,999.1,27.7
2022-08-12,29.0,38.0,12.0,5.0,16.375,2.0,"Mahape, Navi Mumbai",28.0,24.3,26.3,85,35.1,27.2,218,1002.4,18.5
2022-08-13,35.125,35.0,12.0,7.5,8.0,1.0,"Mahape, Navi Mumbai",28.6,24.8,26.3,85,26.0,20.6,223,1004.3,16.8
2022-08-14,41.25,32.0,12.0,10.0,8.0,1.0,"Mahape, Navi Mumbai",28.8,24.2,26.4,83,25.4,19.6,229,1005.9,11.3
2022-08-15,47.375,24.0,12.0,12.5,8.0,1.0,"Mahape, Navi Mumbai",26.1,24.4,25.1,91,22.1,16.0,231,1006.2,40.8
2022-08-16,58.0,29.0,3.0,15.0,8.0,4.0,"Mahape, Navi Mumbai",26.0,24.5,25.1,91,26.6,20.4,221,1005.4,63.0
2022-08-17,58.0,32.0,3.0,12.0,12.0,3.0,"Mahape, Navi Mumbai",27.3,24.5,25.5,88,26.4,19.8,214,1006.6,24.8
2022-08-18,58.0,35.0,3.0,8.0,11.181818181818182,2.0,"Mahape, Navi Mumbai",28.2,24.5,26.2,86,23.3,17.0,221,1007.1,16.0
2022-08-19,58.0,28.0,5.0,8.0,10.363636363636363,4.0,"Mahape, Navi Mumbai",27.9,24.2,25.8,87,21.8,14.3,218,1007.5,14.2
2022-08-20,78.0,41.0,5.0,9.0,9.545454545454543,2.0,"Mahape, Navi Mumbai",28.6,24.8,26.2,86,19.7,12.5,240,1007.2,5.2
2022-08-21,44.0,37.0,5.0,11.0,8.0,2.0,"Mahape, Navi Mumbai",28.4,24.8,26.2,86,19.4,12.3,249,1006.1,4.2
2022-08-22,38.0,40.0,5.0,15.0,8.0,3.0,"Mahape, Navi Mumbai",26.8,24.9,25.7,88,18.4,13.3,248,1005.0,7.4
2022-08-23,46.0,38.0,5.0,17.0,8.0,3.0,"Mahape, Navi Mumbai",27.5,24.7,25.8,87,20.2,15.2,234,1005.1,6.7
2022-08-24,50.0,39.0,5.0,17.0,8.0,4.0,"Mahape, Navi Mumbai",27.9,24.4,25.8,87,18.9,14.0,226,1007.7,11.3
2022-08-25,52.0,67.0,5.0,18.0,8.0,7.0,"Mahape, Navi Mumbai",28.5,24.0,25.6,88,16.1,10.1,210,1007.5,5.1
2022-08-26,84.0,95.0,5.0,16.0,8.0,7.0,"Mahape, Navi Mumbai",28.8,24.0,26.0,85,14.2,8.0,226,1007.5,1.7
2022-08-27,109.0,86.0,5.0,15.0,8.0,7.0,"Mahape, Navi Mumbai",28.9,23.9,26.3,84,14.9,6.8,247,1007.8,2.6
2022-08-28,114.0,82.0,5.0,16.0,3.0,7.0,"Mahape, Navi Mumbai",29.0,23.4,26.2,85,14.7,6.5,272,1007.4,1.3
2022-08-29,99.0,93.0,5.0,17.0,3.6666666666666665,6.0,"Mahape, Navi Mumbai",29.9,24.1,26.6,84,14.4,5.3,304,1008.5,0.8
2022-08-30,121.0,87.0,5.0,19.0,4.333333333333333,6.0,"Mahape, Navi Mumbai",31.0,24.0,27.0,85,15.8,6.7,335,1008.4,1.3
2022-08-31,112.0,38.0,5.0,21.0,5.0,4.0,"Mahape, Navi Mumbai",30.8,24.9,27.2,88,11.4,4.5,318,1006.9,9.0
2022-09-01,51.0,64.0,5.0,22.0,4.0,3.0,"Mahape, Navi Mumbai",30.4,24.1,26.5,88,9.1,4.2,66,1006.8,8.2
2022-09-02,82.0,58.66666666666666,5.0,21.33333333333333,3.0,3.0,"Mahape, Navi Mumbai",32.2,24.1,27.4,86,10.4,4.8,100,1007.0,7.1
2022-09-04,68.0,48.0,5.0,20.0,1.0,3.0,"Mahape, Navi Mumbai",29.5,25.5,26.7,89,10.5,6.9,220,1007.7,10.3
2022-09-05,61.0,61.0,5.0,15.0,1.0,4.0,"Mahape, Navi Mumbai",29.8,25.5,27.2,84,12.1,5.2,288,1007.6,3.8
2022-09-06,74.0,56.0,5.0,21.0,1.0,5.0,"Mahape, Navi Mumbai",30.2,25.0,26.9,85,9.4,4.0,308,1007.1,14.6
2022-09-07,61.0,31.0,5.0,22.0,1.0,5.0,"Mahape, Navi Mumbai",30.8,24.5,26.6,89,9.3,5.7,27,1006.8,16.2
2022-09-08,45.0,44.0,5.0,27.0,2.0,6.0,"Mahape, Navi Mumbai",29.8,24.6,26.5,91,8.6,4.7,345,1005.4,21.5
2022-09-09,53.0,55.0,5.0,27.0,5.0,8.0,"Mahape, Navi Mumbai",30.0,24.9,26.9,90,9.2,4.6,197,1004.3,7.9
2022-09-10,83.0,57.0,5.0,26.0,3.5,7.0,"Mahape, Navi Mumbai",29.6,24.4,26.4,91,11.0,4.9,189,1004.5,19.1
2022-09-11,76.5,59.0,5.0,25.0,2.0,6.0,"Mahape, Navi Mumbai",29.7,24.4,26.4,90,8.2,4.6,345,1002.2,16.0
2022-09-12,70.0,43.0,5.0,24.0,1.6666666666666667,5.5,"Mahape, Navi Mumbai",29.5,24.2,26.2,90,16.3,7.3,211,1000.9,20.0
2022-09-13,60.5,27.0,5.0,23.0,1.3333333333333337,5.0,"Mahape, Navi Mumbai",26.5,24.8,25.7,92,20.1,13.7,223,1003.0,30.5
2022-09-14,51.0,31.0,5.0,21.0,1.0,5.0,"Mahape, Navi Mumbai",28.0,25.0,25.9,90,24.5,19.0,216,1006.0,29.9
2022-09-15,53.0,25.0,5.0,25.0,9.0,6.0,"Mahape, Navi Mumbai",27.8,24.9,25.8,90,26.3,19.5,220,1007.4,34.3
2022-09-16,52.0,30.0,5.0,23.857142857142858,8.0,2.0,"Mahape, Navi Mumbai",26.0,24.5,25.2,93,21.0,15.6,232,1006.4,39.4
2022-09-17,52.42857142857143,17.0,5.0,22.714285714285715,7.0,2.75,"Mahape, Navi Mumbai",27.5,23.0,24.8,91,20.0,12.3,189,1006.9,40.6
2022-09-20,53.71428571428572,67.0,5.0,19.285714285714285,4.0,5.0,"Mahape, Navi Mumbai",26.6,23.5,24.8,89,10.5,6.6,208,1008.9,8.6
2022-09-21,54.142857142857146,48.0,5.0,9.0,7.0,5.0,"Mahape, Navi Mumbai",27.4,23.5,24.8,90,14.4,6.5,217,1008.8,5.2
2022-09-22,64.0,74.0,5.0,17.0,2.0,6.0,"Mahape, Navi Mumbai",25.5,23.5,24.3,92,13.2,7.7,193,1009.2,15.1
2022-09-23,55.0,60.0,5.0,17.0,1.0,4.0,"Mahape, Navi Mumbai",28.2,23.2,25.3,84,18.1,11.8,195,1009.2,2.9
2022-09-24,55.0,63.0,5.0,15.0,1.0,4.0,"Mahape, Navi Mumbai",27.9,23.8,25.4,87,16.1,11.4,200,1008.5,3.1
2022-09-25,60.0,64.0,5.0,13.0,1.0,3.0,"Mahape, Navi Mumbai",28.5,23.5,25.6,86,12.0,7.4,205,1008.3,6.1
2022-09-26,71.0,81.0,5.0,11.0,2.0,6.0,"Mahape, Navi Mumbai",28.6,23.5,25.6,86,13.4,5.5,254,1010.0,5.7
2022-09-27,93.0,82.0,5.0,13.0,2.0,5.0,"Mahape, Navi Mumbai",29.0,22.8,25.6,87,11.6,5.2,244,1008.8,3.9
2022-09-28,95.0,77.0,5.0,12.0,4.0,3.0,"Mahape, Navi Mumbai",28.4,23.5,25.9,87,13.7,5.7,265,1007.8,1.2
2022-09-29,96.0,87.0,5.0,14.0,6.0,4.0,"Mahape, Navi Mumbai",29.0,23.4,25.8,89,10.9,4.4,78,1007.6,9.5
2022-09-30,113.0,81.0,5.0,17.0,5.0,5.0,"Mahape, Navi Mumbai",30.5,23.9,26.4,88,10.5,4.4,8,1008.1,6.1
2022-10-01,97.0,68.0,5.0,7.0,5.0,5.0,"Mahape, Navi Mumbai",29.1,23.1,25.5,88,10.0,5.3,283,1008.8,8.6
2022-10-02,77.0,67.0,5.0,7.0,5.0,3.0,"Mahape, Navi Mumbai",29.5,23.1,25.9,87,12.5,5.0,323,1009.0,0.5
2022-10-03,76.0,79.0,5.0,11.0,5.0,3.0,"Mahape, Navi Mumbai",29.8,22.9,26.0,86,14.1,6.9,343,1009.4,0.4
2022-10-04,102.0,74.0,5.0,12.0,4.0,3.0,"Mahape, Navi Mumbai",30.8,23.1,26.4,86,10.8,6.6,4,1009.2,1.6
2022-10-05,86.0,79.0,5.0,12.0,7.0,6.0,"Mahape, Navi Mumbai",30.8,23.5,26.4,88,11.9,5.7,41,1008.1,3.4
2022-10-06,98.0,62.0,6.0,18.0,5.0,6.0,"Mahape, Navi Mumbai",30.9,23.4,26.2,89,10.5,4.5,260,1006.4,25.9
2022-10-07,81.0,36.0,6.0,17.0,8.0,4.0,"Mahape, Navi Mumbai",27.2,23.1,25.1,90,12.6,8.0,216,1005.3,26.4
2022-10-08,47.0,56.0,6.0,15.0,2.0,6.0,"Mahape, Navi Mumbai",27.2,24.2,25.4,89,19.0,10.9,206,1007.6,35.1
2022-10-09,58.0,66.0,6.0,9.0,1.0,4.0,"Mahape, Navi Mumbai",29.5,24.1,26.4,84,13.0,8.8,197,1009.1,1.5
2022-10-10,74.0,74.0,6.0,7.0,3.0,4.0,"Mahape, Navi Mumbai",31.1,23.0,26.5,86,11.5,4.8,20,1009.9,1.5
2022-10-11,85.0,53.0,6.0,18.0,2.0,4.0,"Mahape, Navi Mumbai",31.0,23.8,26.5,89,8.4,4.3,30,1008.8,16.1
2022-10-12,64.0,63.0,6.0,12.0,3.0,4.0,"Mahape, Navi Mumbai",29.6,23.8,25.8,90,6.5,3.7,36,1009.5,25.7
2022-10-13,72.0,59.0,6.0,16.0,3.0,4.0,"Mahape, Navi Mumbai",31.3,23.4,26.2,90,8.3,4.2,40,1009.5,12.5
2022-10-14,73.0,63.0,6.0,15.0,4.0,5.0,"Mahape, Navi Mumbai",30.9,23.9,26.1,88,10.4,4.6,74,1009.4,36.0
2022-10-15,71.0,78.0,6.0,18.0,6.0,4.0,"Mahape, Navi Mumbai",32.5,23.4,27.2,76,9.2,6.2,21,1008.3,0.5
2022-10-16,86.0,81.125,6.0,17.5,6.25,4.75,"Mahape, Navi Mumbai",33.0,23.3,27.7,68,10.2,7.6,28,1009.3,0.0
2022-10-23,137.625,103.0,6.0,14.0,8.0,10.0,"Mahape, Navi Mumbai",32.5,20.9,25.6,64,8.6,6.9,27,1013.0,0.0
2022-10-24,145.0,112.0,6.0,16.0,7.0,7.0,"Mahape, Navi Mumbai",31.5,19.3,25.0,67,10.5,6.3,14,1011.2,0.0
2022-10-25,161.0,89.0,6.0,15.0,7.0,6.0,"Mahape, Navi Mumbai",31.4,19.9,24.7,73,10.7,6.8,13,1011.3,0.0
2022-10-26,116.0,100.0,6.0,24.0,9.0,9.0,"Mahape, Navi Mumbai",31.9,19.8,24.9,68,12.0,7.2,17,1012.6,0.0
2022-10-27,115.0,100.0,6.0,29.0,8.0,7.0,"Mahape, Navi Mumbai",32.0,19.2,25.2,66,10.5,5.9,27,1012.4,0.0
2022-10-28,113.0,96.0,6.0,29.0,8.0,8.0,"Mahape, Navi Mumbai",31.6,19.0,25.0,64,9.0,6.6,36,1011.9,0.0
2022-10-29,109.0,94.0,6.0,28.0,8.0,7.0,"Mahape, Navi Mumbai",32.3,18.6,25.1,59,11.2,6.9,64,1011.8,0.0
2022-10-30,104.0,143.0,6.0,33.0,7.0,12.0,"Mahape, Navi Mumbai",32.8,18.9,25.0,58,10.0,7.5,35,1012.0,0.0
2022-10-31,141.0,127.0,6.0,30.0,8.0,11.0,"Mahape, Navi Mumbai",32.2,18.9,24.8,57,13.1,8.2,43,1011.6,0.0
2022-11-01,160.0,112.0,6.0,23.0,7.0,10.0,"Mahape, Navi Mumbai",32.0,19.4,24.9,57,10.4,7.6,51,1012.3,0.0
2022-11-02,153.0,105.0,6.0,25.0,9.0,9.0,"Mahape, Navi Mumbai",32.9,20.0,25.5,61,11.7,7.8,25,1011.6,0.0
2022-11-03,146.0,128.0,6.0,26.0,11.0,14.0,"Mahape, Navi Mumbai",34.2,19.5,25.5,57,10.3,8.2,37,1011.2,0.0
2022-11-04,138.0,148.0,6.0,27.0,9.0,14.0,"Mahape, Navi Mumbai",34.3,19.6,25.9,56,10.5,7.6,43,1011.9,0.0
2022-11-05,127.0,114.0,6.0,23.0,9.0,12.0,"Mahape, Navi Mumbai",34.8,19.4,26.3,50,11.7,7.2,50,1013.0,0.0
2022-11-06,116.0,141.0,6.0,27.0,8.0,14.0,"Mahape, Navi Mumbai",35.0,19.4,26.0,55,9.8,7.0,31,1013.4,0.0
2022-11-07,144.0,150.0,5.0,33.0,7.0,12.0,"Mahape, Navi Mumbai",33.6,18.5,25.7,56,11.0,6.2,10,1013.2,0.0
2022-11-08,145.0,133.0,6.0,27.0,8.0,11.0,"Mahape, Navi Mumbai",34.2,20.1,26.3,55,14.3,7.5,19,1012.8,0.0
2022-11-09,148.0,143.0,18.0,27.0,14.0,9.0,"Mahape, Navi Mumbai",34.2,21.2,26.7,53,12.0,7.2,20,1012.7,0.0
2022-11-10,147.0,123.0,18.0,32.0,19.0,6.0,"Mahape, Navi Mumbai",34.2,20.5,26.4,49,18.3,8.6,41,1013.0,0.0
2022-11-11,141.0,117.0,11.0,33.0,22.0,4.0,"Mahape, Navi Mumbai",34.0,19.7,26.5,50,16.4,10.1,43,1013.2,0.0
2022-11-12,134.0,114.0,11.0,32.0,18.0,6.0,"Mahape, Navi Mumbai",34.0,21.0,26.8,52,12.4,8.8,32,1012.9,0.0
2022-11-13,128.0,140.0,11.0,33.0,19.0,9.0,"Mahape, Navi Mumbai",33.8,21.1,26.6,53,12.7,8.1,36,1011.9,0.0
2022-11-14,150.0,97.5,10.0,36.0,61.0,23.0,"Mahape, Navi Mumbai",34.4,20.4,26.6,61,14.9,6.6,23,1012.0,0.0
2022-11-15,175.0,97.875,10.25,34.75,54.375,19.0,"Mahape, Navi Mumbai",33.8,21.0,26.8,63,13.4,6.4,358,1012.6,0.0
2022-11-18,129.25,99.0,11.0,31.0,34.5,7.0,"Mahape, Navi Mumbai",32.8,20.2,25.7,43,12.7,9.2,28,1012.2,0.0
2022-11-19,114.0,108.5,11.0,29.0,27.875,6.5,"Mahape, Navi Mumbai",32.2,19.3,25.1,43,15.7,8.6,31,1012.1,0.0
2022-11-20,111.0,118.0,11.0,27.0,9.0,6.0,"Mahape, Navi Mumbai",31.1,18.0,24.2,46,12.8,8.8,32,1011.3,0.0
2022-11-21,108.0,162.0,11.0,27.0,9.0,7.0,"Mahape, Navi Mumbai",31.1,16.6,23.4,48,13.0,7.6,23,1011.1,0.0
2022-11-22,139.0,152.0,11.0,27.0,8.0,10.0,"Mahape, Navi Mumbai",33.0,18.1,24.6,50,12.5,7.8,17,1010.9,0.0
2022-11-23,130.0,145.0,11.0,27.0,8.0,10.0,"Mahape, Navi Mumbai",34.2,20.5,26.3,49,16.3,8.3,8,1011.0,0.0
2022-11-24,143.0,172.0,11.0,27.0,8.0,11.0,"Mahape, Navi Mumbai",34.1,20.0,26.3,52,14.1,7.0,8,1010.6,0.0
2022-11-25,154.0,174.0,11.0,27.0,10.0,12.0,"Mahape, Navi Mumbai",34.2,21.0,26.9,58,15.2,6.3,344,1011.1,0.0
2022-11-26,174.0,150.0,11.0,27.0,10.0,10.0,"Mahape, Navi Mumbai",34.4,22.8,27.6,62,12.7,6.1,346,1010.3,0.0
2022-11-27,162.0,106.0,11.0,27.0,10.0,8.0,"Mahape, Navi Mumbai",33.2,22.0,27.1,63,13.7,5.9,334,1008.6,0.0
2022-11-28,117.0,145.0,11.0,27.0,10.0,11.0,"Mahape, Navi Mumbai",32.8,20.0,25.4,58,14.5,6.8,347,1009.5,0.0
2022-11-29,145.0,162.0,11.0,27.0,9.0,12.0,"Mahape, Navi Mumbai",33.4,18.5,25.3,60,12.9,6.0,351,1010.4,0.0
2022-11-30,155.0,235.0,11.0,27.0,10.0,19.0,"Mahape, Navi Mumbai",34.5,20.8,26.6,58,12.2,6.2,25,1011.0,0.0
2022-12-01,158.0,152.0,11.0,27.0,10.0,21.0,"Mahape, Navi Mumbai",34.0,20.1,26.4,51,10.9,6.3,37,1011.0,0.0
2022-12-02,152.0,166.0,11.0,27.0,11.0,26.0,"Mahape, Navi Mumbai",34.2,18.2,25.6,52,12.7,6.8,14,1010.4,0.0
2022-12-03,141.0,149.0,11.0,27.0,10.0,26.0,"Mahape, Navi Mumbai",34.2,20.8,26.5,51,14.5,7.4,5,1010.5,0.0
2022-12-04,152.0,153.0,11.0,27.0,10.0,26.0,"Mahape, Navi Mumbai",34.3,22.5,27.5,59,12.9,6.3,7,1011.1,0.0
2022-12-05,160.0,139.0,11.0,27.0,10.0,23.0,"Mahape, Navi Mumbai",34.0,22.8,27.8,63,11.8,6.5,348,1012.0,0.0
2022-12-06,157.0,127.0,11.0,27.0,10.0,28.0,"Mahape, Navi Mumbai",35.0,23.4,28.1,61,17.7,6.9,345,1011.6,0.0
2022-12-07,144.0,124.0,11.0,27.0,10.0,23.0,"Mahape, Navi Mumbai",34.7,22.0,27.6,58,15.3,7.7,4,1011.1,0.0
2022-12-08,142.0,120.0,10.0,27.0,11.0,28.0,"Mahape, Navi Mumbai",33.5,20.1,26.5,57,14.0,8.5,7,1010.9,0.0
2022-12-09,115.0,142.0,10.0,27.0,12.0,31.0,"Mahape, Navi Mumbai",32.7,17.8,24.6,47,15.3,7.1,25,1009.5,0.0
2022-12-10,125.0,121.0,10.0,27.0,12.0,31.0,"Mahape, Navi Mumbai",33.6,16.2,24.0,49,11.6,6.8,18,1009.1,0.0
2022-12-11,125.0,127.0,10.0,27.0,12.0,31.0,"Mahape, Navi Mumbai",33.7,18.8,25.4,53,17.5,6.9,356,1009.7,0.0
2022-12-12,127.0,98.0,11.0,27.0,13.0,21.0,"Mahape, Navi Mumbai",34.0,22.3,27.6,58,9.9,6.2,38,1009.2,0.4
2022-12-13,114.0,96.0,11.0,27.0,14.0,4.0,"Mahape, Navi Mumbai",34.2,24.2,28.3,62,10.9,6.7,70,1009.7,0.0
2022-12-14,99.0,103.0,12.0,27.0,14.0,6.0,"Mahape, Navi Mumbai",33.8,25.0,28.1,66,10.5,6.4,57,1010.8,0.1
2022-12-15,109.0,105.0,15.0,24.0,14.0,6.0,"Mahape, Navi Mumbai",33.9,23.6,27.8,66,12.1,7.3,36,1010.7,0.0
2022-12-16,119.0,87.0,11.0,27.0,14.0,3.0,"Mahape, Navi Mumbai",35.5,23.2,28.2,61,13.4,6.5,7,1010.3,0.0
2022-12-17,101.0,90.0,11.0,27.0,14.0,2.0,"Mahape, Navi Mumbai",35.0,23.4,28.5,61,13.8,7.6,16,1011.0,0.0
2022-12-18,115.0,92.0,11.0,27.0,14.0,4.0,"Mahape, Navi Mumbai",35.5,23.9,28.5,58,19.8,8.5,4,1010.7,0.0
2022-12-19,103.0,136.0,11.0,27.0,15.0,8.0,"Mahape, Navi Mumbai",34.2,22.6,27.4,53,16.0,7.8,3,1009.8,0.0
2022-12-20,113.0,166.0,11.0,27.0,15.0,10.0,"Mahape, Navi Mumbai",33.7,20.2,26.4,48,14.7,7.7,352,1009.4,0.0
2022-12-21,149.0,144.0,11.0,27.0,15.0,9.0,"Mahape, Navi Mumbai",34.5,19.2,26.1,51,14.1,6.9,356,1010.0,0.0
2022-12-22,150.0,140.0,11.0,27.0,14.0,11.0,"Mahape, Navi Mumbai",34.5,20.0,26.0,57,14.9,7.0,345,1009.9,0.0
2022-12-23,147.0,107.0,11.0,27.0,13.0,9.0,"Mahape, Navi Mumbai",32.5,19.1,24.8,59,15.1,7.0,341,1010.8,0.0
2022-12-24,115.0,121.0,11.0,27.0,13.0,14.0,"Mahape, Navi Mumbai",30.9,16.6,22.2,52,12.8,8.7,5,1011.8,0.0
2022-12-25,140.0,170.0,11.0,27.0,13.0,20.0,"Mahape, Navi Mumbai",30.0,15.2,21.3,59,11.6,6.2,344,1012.0,0.0
2022-12-26,159.0,176.0,11.0,27.0,13.0,19.0,"Mahape, Navi Mumbai",31.1,14.9,21.9,65,11.6,7.1,357,1013.1,0.0
2022-12-27,158.0,161.0,11.0,27.0,12.0,19.0,"Mahape, Navi Mumbai",33.2,17.8,24.4,59,13.0,7.4,355,1013.8,0.0
2022-12-28,140.0,176.0,11.0,27.0,13.0,26.0,"Mahape, Navi Mumbai",34.2,19.0,25.0,56,13.5,7.6,358,1014.6,0.0
2022-12-29,140.0,154.0,11.0,27.0,13.0,22.0,"Mahape, Navi Mumbai",34.5,18.6,25.4,54,14.4,7.3,355,1015.8,0.0
2022-12-30,144.0,101.0,11.0,27.0,13.0,10.0,"Mahape, Navi Mumbai",34.6,18.7,25.3,57,16.1,7.2,351,1016.8,0.0
2022-12-31,104.0,106.0,11.0,27.0,14.0,14.0,"Mahape, Navi Mumbai",32.9,18.0,24.2,57,15.1,8.4,354,1016.4,0.0
2023-01-01,111.0,124.0,11.0,27.0,14.0,15.5,"Mahape, Navi Mumbai",30.8,15.2,21.9,63,13.5,7.1,354,1016.0,0.0
2023-01-02,116.0,142.0,11.0,27.0,14.0,17.0,"Mahape, Navi Mumbai",33.2,15.9,23.5,61,13.2,7.6,1,1015.1,0.0
2023-01-03,121.0,132.0,11.0,27.0,14.0,19.0,"Mahape, Navi Mumbai",33.2,16.5,23.5,61,15.5,7.5,350,1014.9,0.0
2023-01-04,122.0,140.0,10.0,27.0,15.0,21.0,"Mahape, Navi Mumbai",31.9,16.8,23.4,65,14.4,6.9,335,1013.7,0.0
2023-01-05,132.0,160.0,10.0,27.0,15.0,25.0,"Mahape, Navi Mumbai",33.5,19.6,25.2,64,17.5,6.9,323,1014.3,0.0
2023-01-06,126.0,157.0,10.0,27.0,14.0,26.0,"Mahape, Navi Mumbai",33.8,20.6,26.5,57,11.7,7.9,47,1015.8,0.0
2023-01-07,133.0,112.0,11.0,27.0,14.0,26.0,"Mahape, Navi Mumbai",33.4,22.1,26.9,56,10.2,7.8,33,1015.8,0.0
2023-01-08,125.0,121.0,11.0,27.0,14.0,24.0,"Mahape, Navi Mumbai",33.0,20.6,26.1,51,17.6,8.6,13,1014.8,0.0
2023-01-09,97.0,130.0,12.0,27.0,14.0,15.0,"Mahape, Navi Mumbai",32.8,17.7,24.6,45,17.2,8.3,8,1015.8,0.0
2023-01-10,105.0,145.0,12.0,27.0,15.0,10.0,"Mahape, Navi Mumbai",33.5,16.3,24.2,41,15.4,7.7,17,1015.3,0.0
2023-01-11,153.0,164.0,12.0,27.0,14.0,14.0,"Mahape, Navi Mumbai",32.7,15.5,23.1,50,12.6,7.1,349,1013.5,0.0
2023-01-12,170.0,131.0,13.0,27.0,14.0,10.0,"Mahape, Navi Mumbai",31.1,15.4,22.3,60,16.7,8.2,344,1012.8,0.0
2023-01-13,156.0,154.0,12.0,27.0,15.0,3.0,"Mahape, Navi Mumbai",29.1,17.8,22.6,70,16.8,8.0,349,1014.0,0.0
2023-01-14,151.0,155.0,12.0,27.0,16.0,7.0,"Mahape, Navi Mumbai",29.2,14.9,20.6,64,15.0,7.6,341,1013.8,0.0
2023-01-15,163.0,127.0,12.0,27.0,16.0,7.0,"Mahape, Navi Mumbai",29.5,13.8,20.8,61,14.6,7.4,339,1012.1,0.0
2023-01-16,161.0,157.0,12.0,27.0,16.0,17.0,"Mahape, Navi Mumbai",29.2,14.0,21.2,66,10.6,5.3,300,1012.3,0.0
2023-01-17,165.0,177.0,11.0,17.0,15.0,22.0,"Mahape, Navi Mumbai",30.9,13.5,21.9,63,11.9,6.4,332,1012.7,0.0
2023-01-18,167.0,197.0,11.0,17.0,15.0,21.0,"Mahape, Navi Mumbai",33.0,15.6,23.0,59,13.5,5.8,321,1013.5,0.0
2023-01-19,202.0,212.0,12.0,17.0,16.0,28.0,"Mahape, Navi Mumbai",32.0,14.1,22.9,59,11.8,6.0,308,1013.5,0.0
2023-01-20,157.0,205.0,11.0,17.0,16.0,28.0,"Mahape, Navi Mumbai",31.3,15.8,22.8,58,13.4,6.7,328,1013.5,0.0
2023-01-21,146.0,149.0,11.0,17.0,16.0,23.0,"Mahape, Navi Mumbai",31.1,16.1,22.2,62,15.0,7.6,332,1013.7,0.0
2023-01-22,114.0,102.0,11.0,17.0,17.0,18.0,"Mahape, Navi Mumbai",30.2,16.1,21.7,53,18.1,8.8,345,1013.1,0.0
2023-01-23,113.0,102.0,11.0,17.0,17.0,18.0,"Mahape, Navi Mumbai",29.2,14.7,21.2,54,17.5,8.7,332,1012.5,0.0
2023-01-24,133.0,125.0,12.0,17.0,17.0,17.0,"Mahape, Navi Mumbai",28.8,14.6,20.9,53,18.9,8.9,337,1012.9,0.0
2023-01-25,144.0,130.0,11.0,17.0,17.0,19.0,"Mahape, Navi Mumbai",30.4,15.6,21.6,49,18.9,9.8,347,1012.7,0.0
2023-01-26,142.0,126.0,11.0,17.0,17.0,16.0,"Mahape, Navi Mumbai",31.7,17.5,23.7,52,17.3,8.8,341,1012.1,0.0
2023-01-27,147.0,133.0,12.0,17.0,15.0,20.0,"Mahape, Navi Mumbai",36.2,20.3,26.6,57,18.2,9.0,5,1011.1,0.0
2023-01-28,137.0,149.0,13.0,18.0,15.0,26.0,"Mahape, Navi Mumbai",34.5,18.9,25.4,66,20.9,8.2,200,1010.4,0.0
2023-01-29,134.0,114.0,13.0,17.0,16.0,17.0,"Mahape, Navi Mumbai",28.5,20.9,23.9,82,16.6,6.9,245,1010.2,2.5
2023-01-30,114.0,103.0,12.0,17.0,15.0,19.0,"Mahape, Navi Mumbai",31.8,19.3,24.3,73,17.7,8.5,343,1012.7,0.0
2023-01-31,142.0,108.0,13.0,17.0,15.0,16.0,"Mahape, Navi Mumbai",34.2,21.0,26.4,55,18.5,10.9,357,1012.3,0.0
2023-02-01,126.0,97.0,13.0,18.0,14.0,18.0,"Mahape, Navi Mumbai",34.3,23.1,28.0,45,15.0,9.7,34,1011.8,0.0
2023-02-02,127.0,100.0,11.0,18.0,14.0,19.0,"Mahape, Navi Mumbai",35.5,23.0,28.1,45,16.1,10.2,36,1011.9,0.0
2023-02-03,146.0,123.0,11.0,18.0,14.0,27.0,"Mahape, Navi Mumbai",35.2,20.4,26.7,44,19.6,7.7,11,1012.6,0.0
2023-02-04,150.0,118.0,12.0,18.0,15.0,30.0,"Mahape, Navi Mumbai",35.3,18.6,26.3,43,17.4,7.9,355,1011.4,0.0
2023-02-05,139.0,127.0,12.0,17.0,15.0,30.0,"Mahape, Navi Mumbai",34.5,19.0,25.5,48,13.0,6.8,331,1010.8,0.0
2023-02-06,168.0,165.0,12.0,18.0,15.0,36.0,"Mahape, Navi Mumbai",33.9,17.0,25.6,49,16.7,7.7,337,1011.4,0.0
2023-02-07,148.0,148.0,12.0,18.0,15.0,34.0,"Mahape, Navi Mumbai",34.7,18.0,25.0,48,18.4,9.3,1,1011.1,0.0
2023-02-08,154.0,138.0,12.0,17.0,17.0,35.0,"Mahape, Navi Mumbai",36.4,17.5,26.0,50,17.6,8.0,358,1011.0,0.0
2023-02-09,147.0,154.0,12.0,17.0,23.0,42.0,"Mahape, Navi Mumbai",37.5,18.8,27.0,41,19.3,8.1,351,1011.3,0.0
2023-02-10,113.0,137.0,11.0,17.0,22.0,49.0,"Mahape, Navi Mumbai",36.8,18.4,26.2,41,18.0,8.8,348,1012.8,0.0
2023-02-11,113.0,139.0,12.0,17.0,24.0,49.0,"Mahape, Navi Mumbai",36.9,17.0,25.7,41,18.9,10.4,355,1013.7,0.0
2023-02-13,92.0,132.0,11.0,17.0,24.0,49.0,"Mahape, Navi Mumbai",37.7,21.0,28.0,31,20.2,10.1,13,1013.2,0.0
2023-02-14,115.0,130.0,12.0,17.0,24.0,49.0,"Mahape, Navi Mumbai",37.2,19.0,26.6,32,19.3,8.0,4,1013.2,0.0
2023-02-15,113.0,132.0,12.0,17.0,25.0,10.0,"Mahape, Navi Mumbai",38.0,18.1,26.9,31,18.8,8.0,0,1011.5,0.0
2023-02-16,116.0,133.0,11.0,17.0,22.0,49.0,"Mahape, Navi Mumbai",39.2,18.6,28.4,28,17.7,9.8,16,1011.8,0.0
2023-02-17,110.0,111.0,12.0,18.0,15.0,38.0,"Mahape, Navi Mumbai",39.4,21.0,29.1,26,21.8,11.5,12,1012.1,0.0
2023-02-18,108.0,126.0,12.0,18.0,15.0,39.0,"Mahape, Navi Mumbai",39.0,19.8,28.4,26,21.0,9.3,18,1011.8,0.0
2023-02-19,115.0,125.0,12.0,18.0,15.0,42.0,"Mahape, Navi Mumbai",39.2,18.7,27.6,33,19.1,7.2,34,1011.7,0.0
2023-02-20,142.0,165.0,12.0,17.0,15.0,42.66666666666666,"Mahape, Navi Mumbai",35.2,22.0,27.4,42,15.9,6.5,239,1012.2,0.0
2023-02-21,134.0,144.0,12.0,18.0,15.0,43.333333333333336,"Mahape, Navi Mumbai",37.2,18.7,27.2,47,18.2,8.7,336,1012.7,0.0
2023-02-22,122.0,129.0,12.0,18.0,15.0,44.0,"Mahape, Navi Mumbai",36.0,18.1,26.0,44,17.4,9.1,342,1012.4,0.0
2023-02-23,131.0,148.0,12.0,18.0,16.0,10.0,"Mahape, Navi Mumbai",38.6,18.0,27.2,37,19.9,9.5,347,1011.4,0.0
2023-02-24,126.0,131.0,12.0,18.0,15.0,10.0,"Mahape, Navi Mumbai",38.8,19.1,28.3,30,21.7,9.6,352,1012.3,0.0
2023-02-25,147.0,185.0,12.0,18.0,15.0,46.0,"Mahape, Navi Mumbai",38.8,20.7,28.7,26,17.9,10.5,0,1014.0,0.0
2023-02-27,116.0,152.0,12.0,20.0,13.0,13.0,"Mahape, Navi Mumbai",38.5,21.5,28.6,28,20.5,10.2,351,1014.2,0.0
2023-02-28,140.0,172.0,12.0,18.0,14.0,13.0,"Mahape, Navi Mumbai",37.5,18.5,27.2,34,19.6,8.8,333,1014.4,0.0
2023-03-01,136.0,120.0,12.0,18.0,15.0,17.0,"Mahape, Navi Mumbai",37.6,19.9,27.9,34,24.3,9.7,347,1014.9,0.0
2023-03-02,141.0,168.0,12.0,18.0,15.0,18.0,"Mahape, Navi Mumbai",39.2,21.8,29.1,34,20.6,7.7,356,1014.8,0.0
2023-03-03,152.0,189.0,12.0,18.0,15.0,20.0,"Mahape, Navi Mumbai",38.7,21.2,28.7,41,22.0,7.6,282,1015.3,0.0
2023-03-04,162.0,234.0,12.0,18.0,15.0,25.0,"Mahape, Navi Mumbai",38.0,21.6,29.0,47,18.7,7.3,264,1015.0,0.0
2023-03-05,156.0,191.0,12.0,18.0,15.0,20.0,"Mahape, Navi Mumbai",39.2,23.2,29.8,43,20.9,7.8,275,1014.5,0.0
2023-03-06,128.0,188.0,12.0,18.0,16.0,14.0,"Mahape, Navi Mumbai",37.2,24.2,30.3,36,18.3,12.6,43,1013.6,0.3
2023-03-07,79.0,82.0,12.0,18.0,16.0,10.0,"Mahape, Navi Mumbai",36.2,24.0,29.8,34,22.2,11.5,85,1013.4,0.0
2023-03-08,97.0,88.0,12.0,18.0,16.0,9.0,"Mahape, Navi Mumbai",38.1,22.0,29.3,37,14.5,8.6,6,1013.2,0.0
2023-03-09,92.0,90.0,12.0,18.0,16.0,8.0,"Mahape, Navi Mumbai",39.0,23.6,30.3,27,22.4,12.1,356,1012.5,0.0
2023-03-10,83.0,93.0,12.0,18.0,16.0,8.0,"Mahape, Navi Mumbai",38.3,23.4,29.9,24,26.1,12.7,356,1011.9,0.0
2023-03-11,108.0,112.0,12.0,18.0,17.0,12.0,"Mahape, Navi Mumbai",39.5,22.9,30.4,31,20.4,8.2,27,1011.3,0.0
2023-03-12,129.0,133.0,12.0,18.0,17.0,15.0,"Mahape, Navi Mumbai",39.8,24.3,30.5,34,24.0,9.7,47,1010.8,0.0
2023-03-13,131.0,134.0,12.0,18.0,18.0,17.0,"Mahape, Navi Mumbai",39.6,25.9,30.7,42,22.7,8.2,227,1009.8,0.0
2023-03-14,141.0,141.0,12.0,18.0,18.0,17.0,"Mahape, Navi Mumbai",39.2,23.2,30.3,49,15.6,7.5,335,1008.8,0.0
2023-03-15,133.0,131.0,12.0,18.0,22.0,17.0,"Mahape, Navi Mumbai",36.9,23.8,29.5,51,17.3,7.1,6,1007.8,0.0
2023-03-16,103.0,104.0,12.0,17.0,33.0,11.0,"Mahape, Navi Mumbai",36.0,23.4,27.8,61,20.3,8.4,179,1009.5,16.9
2023-03-17,97.0,104.0,12.0,17.0,33.0,5.0,"Mahape, Navi Mumbai",32.8,21.9,27.2,68,13.8,7.7,231,1010.0,2.2
2023-03-18,120.0,90.0,11.0,17.0,33.0,10.0,"Mahape, Navi Mumbai",34.0,23.2,27.8,72,16.5,7.7,281,1008.8,0.0
2023-03-20,53.0,90.0,12.0,17.0,36.0,1.0,"Mahape, Navi Mumbai",32.5,22.6,26.8,61,18.1,8.1,289,1008.7,0.0
2023-03-21,77.0,90.0,12.0,17.0,39.0,3.0,"Mahape, Navi Mumbai",31.2,21.7,25.8,67,16.6,7.3,257,1009.5,0.3
2023-03-23,71.66666666666667,90.0,10.0,18.0,11.0,12.0,"Mahape, Navi Mumbai",32.4,21.8,26.6,65,18.8,8.2,304,1010.5,0.0
2023-03-24,69.0,64.0,13.0,17.0,10.0,4.0,"Mahape, Navi Mumbai",33.7,21.5,26.8,67,19.7,9.5,323,1010.5,0.0
2023-03-25,84.0,73.0,12.0,17.0,11.0,4.0,"Mahape, Navi Mumbai",33.0,20.9,25.9,62,19.7,9.0,328,1011.6,0.0
2023-03-26,111.0,91.0,12.0,17.0,11.0,6.0,"Mahape, Navi Mumbai",32.7,19.2,25.2,62,18.8,9.4,334,1011.4,0.0
2023-03-27,111.0,85.0,12.0,17.0,11.0,5.0,"Mahape, Navi Mumbai",33.5,19.9,25.8,70,17.9,8.1,308,1011.0,0.0
2023-03-28,124.0,99.0,12.0,17.0,11.0,4.0,"Mahape, Navi Mumbai",33.6,21.3,26.6,68,17.1,7.7,308,1010.2,0.0
2023-03-29,132.0,107.0,12.0,18.0,11.0,2.0,"Mahape, Navi Mumbai",33.0,21.0,26.4,70,17.4,7.6,293,1010.7,0.0
2023-03-30,109.0,95.0,12.0,18.0,11.0,5.0,"Mahape, Navi Mumbai",31.6,20.6,26.1,71,16.2,7.7,257,1010.3,0.1
2023-03-31,67.0,73.0,13.0,18.0,11.0,7.0,"Mahape, Navi Mumbai",32.2,23.8,27.2,67,16.6,7.2,284,1009.8,0.4
2023-04-03,92.5,81.0,12.0,17.0,11.0,4.0,"Mahape, Navi Mumbai",33.8,22.2,26.9,70,19.9,8.0,300,1009.6,0.0
2023-04-04,101.0,82.0,13.0,18.0,11.0,2.0,"Mahape, Navi Mumbai",35.9,22.3,27.8,69,20.3,8.6,316,1010.0,0.0
2023-04-05,101.0,90.0,12.0,17.0,11.0,3.0,"Mahape, Navi Mumbai",36.0,21.3,27.9,69,19.6,8.7,310,1009.7,0.0
2023-04-06,104.0,93.5,11.5,17.0,11.0,5.5,"Mahape, Navi Mumbai",38.7,22.8,29.9,55,17.2,10.3,340,1009.5,0.0
2023-04-07,106.0,97.0,11.0,17.0,11.0,8.0,"Mahape, Navi Mumbai",40.3,25.1,31.6,42,17.4,9.1,339,1010.2,0.1
2023-04-08,108.0,111.0,11.0,17.0,11.0,10.0,"Mahape, Navi Mumbai",39.2,25.6,31.4,43,16.9,7.8,246,1011.9,0.5
2023-04-09,107.0,121.0,12.0,17.0,11.0,12.0,"Mahape, Navi Mumbai",40.0,25.8,31.8,44,21.9,7.3,325,1012.2,0.0
2023-04-10,123.0,114.0,12.0,17.0,11.0,10.0,"Mahape, Navi Mumbai",40.8,26.1,32.6,42,20.9,8.6,316,1010.5,0.0
2023-04-11,127.0,95.0,12.0,17.0,11.0,8.0,"Mahape, Navi Mumbai",40.8,25.8,32.0,50,22.9,8.7,306,1010.8,0.0
2023-04-12,116.0,117.0,11.0,17.0,11.0,13.0,"Mahape, Navi Mumbai",41.5,26.1,32.8,41,24.0,10.5,331,1010.3,0.0
2023-04-13,126.0,134.0,12.0,17.0,11.0,14.0,"Mahape, Navi Mumbai",40.2,27.0,33.3,34,20.4,10.7,335,1009.9,0.0
2023-04-14,136.0,112.0,12.0,17.0,11.0,12.0,"Mahape, Navi Mumbai",40.7,25.8,32.3,41,20.8,9.6,327,1009.7,0.0
2023-04-15,138.0,98.5,12.0,17.0,11.0,10.0,"Mahape, Navi Mumbai",39.5,25.1,31.5,45,21.5,8.3,300,1009.8,0.0
2023-04-16,116.0,85.0,12.0,17.0,11.0,8.0,"Mahape, Navi Mumbai",39.5,23.2,30.7,51,20.7,8.6,307,1008.7,0.0
2023-04-17,94.0,101.0,11.0,18.0,11.0,10.0,"Mahape, Navi Mumbai",40.5,24.5,31.0,53,19.8,9.1,321,1008.7,0.0
2023-04-18,119.0,119.0,11.0,22.0,11.0,13.0,"Mahape, Navi Mumbai",42.8,25.8,33.4,38,20.9,11.3,346,1009.1,0.0
2023-04-19,141.0,91.0,12.0,19.0,11.0,7.0,"Mahape, Navi Mumbai",42.5,27.8,34.5,28,23.5,11.0,336,1006.7,0.0
2023-04-20,110.0,80.0,12.0,17.0,11.0,8.0,"Mahape, Navi Mumbai",39.5,26.1,31.6,46,22.3,8.9,293,1005.7,0.0
2023-04-21,87.0,56.0,12.0,17.0,11.0,6.0,"Mahape, Navi Mumbai",36.2,24.1,29.8,55,19.1,8.9,306,1006.5,0.0
2023-04-22,64.0,65.0,12.0,17.0,11.0,7.0,"Mahape, Navi Mumbai",34.8,23.6,28.5,69,18.8,7.8,264,1007.1,0.0
2023-04-23,69.0,71.0,13.0,18.0,11.0,8.0,"Mahape, Navi Mumbai",34.8,24.0,28.6,70,18.3,7.8,285,1007.3,0.8
2023-04-24,86.0,83.0,12.0,17.0,11.0,7.0,"Mahape, Navi Mumbai",37.4,23.0,29.2,68,20.4,8.1,291,1007.4,0.6
2023-04-25,126.0,79.0,12.0,17.0,11.0,6.0,"Mahape, Navi Mumbai",37.8,23.6,29.6,71,19.1,8.4,246,1007.5,0.0
2023-04-26,100.0,74.0,12.0,17.0,11.0,6.0,"Mahape, Navi Mumbai",34.2,25.5,29.2,71,19.5,10.8,230,1008.2,0.0
2023-04-27,96.0,75.0,12.0,17.0,11.0,8.0,"Mahape, Navi Mumbai",35.5,24.8,29.3,68,18.1,7.5,293,1008.3,1.1
2023-04-28,91.0,87.0,12.0,17.0,11.0,8.0,"Mahape, Navi Mumbai",35.5,25.4,29.5,64,17.8,8.0,279,1009.0,0.1
2023-04-29,99.0,63.0,12.0,17.0,11.0,7.0,"Mahape, Navi Mumbai",34.3,24.1,28.6,67,18.2,7.7,270,1008.6,0.7
2023-04-30,71.0,51.0,11.0,17.0,11.0,8.0,"Mahape, Navi Mumbai",34.1,23.9,28.6,67,19.6,8.3,294,1007.2,0.2
2023-05-01,58.0,59.0,11.5,22.0,11.0,7.5,"Mahape, Navi Mumbai",33.9,24.4,28.6,61,16.8,7.0,267,1007.1,0.6
2023-05-02,63.0,67.0,12.0,27.0,11.0,7.0,"Mahape, Navi Mumbai",34.0,25.1,29.0,61,18.2,7.5,261,1007.7,0.1
2023-05-03,68.0,61.0,8.0,30.0,11.0,7.0,"Mahape, Navi Mumbai",34.2,25.0,29.0,64,17.4,7.9,276,1009.1,0.0
2023-05-04,83.0,61.0,2.0,30.0,11.0,7.0,"Mahape, Navi Mumbai",34.5,24.4,28.8,67,14.5,7.1,285,1008.5,0.9
2023-05-05,75.0,58.0,1.5,27.0,11.0,6.0,"Mahape, Navi Mumbai",35.1,24.1,29.0,68,16.9,7.3,278,1007.9,0.6
2023-05-06,70.0,59.0,1.0,27.0,11.0,6.0,"Mahape, Navi Mumbai",34.5,24.4,29.3,70,20.2,8.3,293,1007.8,0.0
2023-05-07,75.0,58.0,1.0,32.0,11.0,6.0,"Mahape, Navi Mumbai",31.9,25.0,28.0,79,14.1,5.9,286,1008.2,9.4
2023-05-08,71.0,63.0,1.0,28.0,11.0,6.0,"Mahape, Navi Mumbai",35.9,27.2,30.4,69,17.6,6.7,283,1007.3,1.2
2023-05-09,79.0,93.0,1.0,28.0,11.0,9.0,"Mahape, Navi Mumbai",35.5,26.6,30.8,71,16.6,6.7,286,1007.5,1.3
2023-05-10,116.0,92.0,1.0,29.0,11.0,9.0,"Mahape, Navi Mumbai",38.6,26.9,31.8,69,19.8,8.5,279,1006.5,0.0
2023-05-11,125.0,90.0,1.0,27.0,11.0,11.0,"Mahape, Navi Mumbai",38.2,26.1,31.7,70,17.2,8.2,232,1006.7,0.0
2023-05-12,129.0,68.0,1.0,27.0,11.0,9.0,"Mahape, Navi Mumbai",36.6,26.5,31.0,75,16.5,9.1,220,1007.4,0.0
2023-05-13,90.0,56.0,1.0,27.0,11.0,8.0,"Mahape, Navi Mumbai",35.3,26.6,30.8,73,17.4,11.2,226,1008.3,0.0
2023-05-14,70.0,58.0,1.0,29.0,11.0,7.0,"Mahape, Navi Mumbai",36.2,26.4,30.7,71,17.3,10.2,238,1007.8,0.0
2023-05-15,78.0,54.0,1.0,27.0,11.0,7.0,"Mahape, Navi Mumbai",36.0,27.1,30.9,69,18.4,9.5,255,1008.6,0.1
2023-05-16,77.0,58.0,3.0,27.0,11.0,8.0,"Mahape, Navi Mumbai",35.9,27.0,31.0,67,17.5,8.9,262,1010.0,0.1
2023-05-17,82.0,55.0,3.0,27.0,11.0,8.0,"Mahape, Navi Mumbai",37.1,27.8,31.2,66,19.9,8.0,290,1010.1,0.1
2023-05-18,73.0,56.0,3.0,30.0,11.0,8.0,"Mahape, Navi Mumbai",36.8,26.6,30.7,71,19.3,9.0,311,1011.2,0.0
2023-05-19,77.0,57.333333333333336,5.0,28.666666666666668,11.0,7.666666666666667,"Mahape, Navi Mumbai",38.0,26.5,30.8,72,19.9,9.5,314,1009.8,0.0
2023-05-21,75.0,60.0,9.0,26.0,11.0,7.0,"Mahape, Navi Mumbai",35.8,26.9,30.5,69,18.6,8.3,292,1010.0,0.1
2023-05-22,74.0,63.0,3.0,25.0,11.0,8.0,"Mahape, Navi Mumbai",35.7,26.1,30.5,68,15.9,8.4,292,1010.6,0.0
2023-05-23,73.0,62.0,8.0,26.0,11.0,8.0,"Mahape, Navi Mumbai",37.5,25.6,30.6,69,19.9,9.0,314,1010.5,0.0
2023-05-24,78.0,54.0,21.0,26.0,10.0,8.0,"Mahape, Navi Mumbai",36.5,27.0,30.9,69,18.3,8.7,270,1010.1,0.0
2023-05-25,71.0,55.0,23.0,29.0,9.0,9.0,"Mahape, Navi Mumbai",35.2,26.9,31.1,63,20.2,11.0,251,1010.7,0.0
2023-05-26,73.0,59.0,23.0,24.0,10.0,10.0,"Mahape, Navi Mumbai",34.4,26.9,30.7,66,20.5,12.8,242,1011.1,1.5
2023-05-27,65.0,52.0,25.0,24.0,10.0,10.0,"Mahape, Navi Mumbai",35.7,27.0,31.3,60,20.0,11.4,245,1010.0,0.0
2023-05-28,60.0,54.0,31.0,23.0,10.0,10.0,"Mahape, Navi Mumbai",36.1,26.9,31.5,64,17.7,9.2,276,1009.0,0.0
2023-05-29,68.0,73.0,27.0,23.0,10.0,13.0,"Mahape, Navi Mumbai",37.5,27.3,31.4,69,21.8,8.3,289,1008.4,0.0
2023-05-30,85.0,76.0,30.0,27.0,10.0,10.0,"Mahape, Navi Mumbai",37.5,26.5,31.6,72,16.9,8.0,273,1008.4,0.0
2023-05-31,104.0,77.0,29.0,23.0,10.0,12.0,"Mahape, Navi Mumbai",39.3,26.7,31.8,71,21.1,8.9,313,1007.9,0.0
2023-06-01,94.0,60.0,27.0,23.0,10.0,10.0,"Mahape, Navi Mumbai",37.5,26.0,31.1,72,18.6,8.3,272,1007.9,0.0
2023-06-02,65.0,47.0,23.0,23.0,10.0,9.0,"Mahape, Navi Mumbai",36.0,27.1,31.1,70,18.0,9.0,276,1008.9,0.0
2023-06-03,47.0,59.0,25.0,23.0,10.0,10.0,"Mahape, Navi Mumbai",36.8,28.4,32.0,63,16.6,9.5,271,1008.2,0.2
2023-06-04,58.0,62.0,25.0,25.0,10.0,10.0,"Mahape, Navi Mumbai",35.0,28.5,31.3,68,15.9,8.6,261,1008.0,1.9
2023-06-05,77.0,67.0,33.0,23.0,10.0,11.0,"Mahape, Navi Mumbai",35.3,28.1,31.2,68,17.8,10.0,256,1007.5,0.0
2023-06-06,82.0,66.0,24.0,23.0,10.0,11.0,"Mahape, Navi Mumbai",36.8,27.9,31.6,65,17.5,9.3,252,1007.1,0.0
2023-06-07,74.0,59.0,23.0,23.0,10.0,12.0,"Mahape, Navi Mumbai",35.8,27.9,31.5,66,18.0,10.8,232,1006.8,0.0
2023-06-08,65.0,47.0,23.0,23.0,10.0,12.0,"Mahape, Navi Mumbai",36.5,28.4,31.7,65,19.5,11.8,219,1007.1,0.1
2023-06-09,46.0,53.0,23.0,23.0,10.0,11.0,"Mahape, Navi Mumbai",35.8,28.5,31.5,69,22.7,13.8,205,1005.1,4.1
2023-06-10,26.0,62.0,23.0,23.0,10.0,11.0,"Mahape, Navi Mumbai",37.0,28.5,31.9,64,30.3,18.1,194,1003.5,4.1
2023-06-11,20.0,61.5,23.0,23.0,10.0,11.0,"Mahape, Navi Mumbai",35.4,27.6,31.1,63,29.0,20.2,180,1002.9,1.9
2023-06-12,50.0,61.0,23.0,23.0,10.0,11.0,"Mahape, Navi Mumbai",35.5,27.0,30.4,68,34.3,22.7,188,1002.7,2.4
2023-06-13,56.0,59.0,23.0,23.0,10.0,12.0,"Mahape, Navi Mumbai",34.5,26.0,29.5,72,33.8,23.6,191,1004.2,4.1
2023-06-14,112.0,56.0,23.0,23.0,10.0,12.0,"Mahape, Navi Mumbai",32.8,25.6,28.8,76,31.4,22.0,195,1006.3,8.2
2023-06-15,71.0,55.0,23.0,26.0,10.0,11.0,"Mahape, Navi Mumbai",33.8,26.2,29.8,72,31.3,23.6,201,1006.4,3.1
2023-06-16,88.0,63.0,23.0,24.0,10.0,12.0,"Mahape, Navi Mumbai",32.5,27.0,29.5,74,34.0,25.5,211,1005.6,5.6
2023-06-17,79.0,63.0,23.0,24.0,10.0,10.0,"Mahape, Navi Mumbai",32.7,25.9,29.0,79,25.9,18.7,221,1006.6,4.9
2023-06-18,68.0,63.0,24.0,24.0,10.0,11.0,"Mahape, Navi Mumbai",32.2,26.2,28.9,79,19.7,13.7,231,1007.1,4.0
2023-06-19,75.0,65.0,24.0,24.0,10.0,11.0,"Mahape, Navi Mumbai",32.9,26.9,29.8,75,20.2,12.9,240,1006.1,1.1
2023-06-20,80.0,65.0,25.0,24.0,10.0,11.0,"Mahape, Navi Mumbai",33.1,27.0,29.6,76,20.4,11.5,238,1005.2,1.0
2023-06-21,63.0,68.0,24.0,25.0,10.0,12.0,"Mahape, Navi Mumbai",33.2,26.5,29.6,77,19.6,11.4,230,1005.5,1.5
2023-06-22,79.0,64.0,26.0,25.0,10.0,13.0,"Mahape, Navi Mumbai",33.4,27.0,29.9,74,18.5,11.1,232,1005.7,1.1
2023-06-23,92.0,42.0,26.0,26.0,10.0,13.0,"Mahape, Navi Mumbai",33.0,26.5,29.2,77,19.1,13.0,215,1005.4,1.6
2023-06-24,57.0,34.0,24.0,24.0,10.0,14.0,"Mahape, Navi Mumbai",30.6,24.9,27.0,85,18.0,10.8,210,1004.4,18.3
2023-06-25,81.0,40.0,27.0,27.0,10.0,12.0,"Mahape, Navi Mumbai",28.3,24.8,25.9,91,17.3,11.7,196,1004.5,14.9
2023-06-26,62.0,35.0,11.0,25.0,10.0,15.0,"Mahape, Navi Mumbai",26.6,24.4,25.3,92,18.2,12.4,190,1005.8,20.1
2023-06-27,51.0,33.0,11.0,27.0,10.0,15.0,"Mahape, Navi Mumbai",27.5,24.5,25.4,92,17.4,12.3,194,1005.5,21.6
2023-06-28,46.0,24.0,11.0,28.0,10.0,14.0,"Mahape, Navi Mumbai",28.2,25.0,26.1,92,17.7,12.7,216,1006.0,35.1
2023-06-29,30.0,19.0,11.0,24.0,10.0,11.0,"Mahape, Navi Mumbai",27.0,25.1,25.7,92,19.4,12.4,224,1006.3,45.0
2023-06-30,13.0,21.0,11.0,27.0,9.666666666666666,11.0,"Mahape, Navi Mumbai",27.0,24.9,25.9,92,23.1,16.2,234,1006.2,45.2
2023-07-02,18.33333333333333,25.0,11.0,33.0,9.0,11.0,"Mahape, Navi Mumbai",28.7,24.4,26.1,91,19.6,13.5,205,1006.2,34.3
2023-07-03,21.0,33.0,11.0,30.0,9.0,11.0,"Mahape, Navi Mumbai",29.9,24.9,27.0,89,17.6,11.5,204,1004.3,17.0
2023-07-04,46.0,40.0,11.0,29.0,9.0,5.0,"Mahape, Navi Mumbai",29.8,25.0,26.9,90,16.4,10.6,213,1002.7,17.2
2023-07-05,59.0,22.0,10.0,30.0,9.0,5.0,"Mahape, Navi Mumbai",28.5,24.5,26.4,90,14.9,10.7,200,1001.0,23.1
2023-07-06,34.0,23.0,10.0,32.0,9.0,5.0,"Mahape, Navi Mumbai",27.0,23.9,25.2,93,20.4,14.4,194,1002.3,74.1
2023-07-07,38.0,61.0,11.0,32.0,9.0,11.0,"Mahape, Navi Mumbai",27.5,25.4,26.2,91,23.3,17.3,223,1003.3,46.6
2023-07-08,65.0,46.0,11.0,33.0,8.0,10.0,"Mahape, Navi Mumbai",29.5,25.3,26.9,86,25.6,18.9,222,1005.2,19.4
2023-07-09,54.0,55.0,11.0,32.0,8.0,11.0,"Mahape, Navi Mumbai",29.5,25.0,27.0,85,25.2,17.1,217,1006.1,12.4
2023-07-10,57.0,60.0,12.0,32.0,8.0,13.0,"Mahape, Navi Mumbai",29.0,24.7,27.0,84,20.2,13.6,218,1006.6,6.0
2023-07-11,66.0,68.0,13.0,32.0,8.0,11.0,"Mahape, Navi Mumbai",30.0,25.0,27.0,86,17.3,10.9,217,1006.8,6.2
2023-07-12,64.0,51.0,12.0,33.0,8.0,11.0,"Mahape, Navi Mumbai",27.5,24.5,25.8,92,11.9,9.1,196,1005.9,6.8
2023-07-13,65.0,36.0,10.0,42.0,8.0,8.0,"Mahape, Navi Mumbai",28.2,24.0,25.9,90,20.1,12.6,195,1005.6,13.9
2023-07-14,58.0,39.0,10.0,35.5,8.0,12.0,"Mahape, Navi Mumbai",27.9,24.1,25.9,91,17.9,11.3,213,1006.8,28.1
2023-07-15,57.5,42.0,10.0,29.0,8.0,16.0,"Mahape, Navi Mumbai",27.9,24.7,25.8,91,16.5,9.9,212,1007.5,13.7
2023-07-16,57.0,27.0,10.0,28.0,8.0,11.0,"Mahape, Navi Mumbai",28.6,24.5,25.6,91,16.6,10.5,209,1006.7,18.3
2023-07-17,41.0,28.0,11.0,30.0,8.0,8.0,"Mahape, Navi Mumbai",27.5,24.2,25.5,92,18.7,12.8,212,1005.5,34.9
2023-07-18,44.0,35.0,10.0,30.0,8.0,7.0,"Mahape, Navi Mumbai",26.7,25.0,25.8,93,23.1,15.6,240,1004.2,37.3
2023-07-19,46.0,24.0,12.0,34.0,8.0,21.0,"Mahape, Navi Mumbai",27.3,25.2,26.0,92,18.3,13.8,245,1002.1,31.6
2023-07-20,57.0,26.0,12.0,32.0,8.0,16.0,"Mahape, Navi Mumbai",28.3,25.1,26.2,89,19.6,13.5,244,1002.6,34.2
2023-07-21,46.0,35.0,12.0,31.0,8.0,12.0,"Mahape, Navi Mumbai",27.5,25.0,26.1,91,17.4,12.5,235,1004.2,27.1
2023-07-22,56.0,25.0,11.0,30.0,8.0,12.0,"Mahape, Navi Mumbai",27.2,24.9,25.8,92,18.2,13.0,240,1004.9,34.1
2023-07-23,43.0,41.0,13.0,30.0,8.0,13.0,"Mahape, Navi Mumbai",28.4,25.1,26.1,91,23.7,16.1,235,1003.9,29.4
2023-07-24,48.0,37.0,11.0,36.0,8.0,13.0,"Mahape, Navi Mumbai",27.6,25.0,25.9,91,22.2,15.5,231,1004.3,42.6
2023-07-25,49.0,26.0,14.0,32.0,8.0,12.0,"Mahape, Navi Mumbai",27.4,25.0,25.8,91,17.9,13.2,233,1006.1,33.6
2023-07-26,42.0,27.0,12.0,28.9,8.0,11.666666666666666,"Mahape, Navi Mumbai",27.2,24.5,25.8,92,19.2,13.4,243,1007.0,37.9
2023-07-27,38.0,38.0,11.0,25.8,8.0,11.333333333333334,"Mahape, Navi Mumbai",27.1,25.0,25.8,91,19.5,14.0,254,1007.4,74.2
2023-07-28,46.0,44.0,15.0,22.7,8.0,11.0,"Mahape, Navi Mumbai",27.4,24.3,25.4,93,18.1,11.5,252,1007.6,49.3
2023-07-29,55.0,48.0,40.0,10.0,7.0,10.5,"Mahape, Navi Mumbai",28.1,24.6,26.1,88,20.3,12.5,240,1007.8,14.3
2023-07-30,51.0,49.0,37.0,10.0,8.0,10.0,"Mahape, Navi Mumbai",28.8,24.9,26.5,86,22.5,13.8,236,1007.1,10.2
2023-07-31,53.0,48.0,60.0,10.0,7.0,16.0,"Mahape, Navi Mumbai",28.6,25.0,26.4,87,22.5,14.2,236,1006.5,12.0
2023-08-01,51.0,54.0,13.0,8.0,8.0,9.0,"Mahape, Navi Mumbai",29.7,25.2,26.6,86,22.1,15.1,237,1006.6,10.7
2023-08-02,65.0,54.0,17.0,8.0,8.0,12.0,"Mahape, Navi Mumbai",29.0,23.4,26.2,86,20.9,15.1,231,1007.3,13.3
2023-08-03,57.0,63.0,16.0,8.0,7.0,13.0,"Mahape, Navi Mumbai",29.2,25.4,26.8,85,23.4,17.2,240,1006.7,6.1
2023-08-04,64.0,76.0,25.0,1.0,7.0,12.0,"Mahape, Navi Mumbai",29.0,25.8,26.8,87,20.9,14.5,233,1007.5,4.8
2023-08-05,69.0,131.0,17.0,1.0,7.0,5.0,"Mahape, Navi Mumbai",29.6,25.0,26.9,85,21.1,15.7,237,1009.4,6.3
2023-08-06,73.0,100.0,52.0,1.0,7.0,10.0,"Mahape, Navi Mumbai",29.5,25.9,27.1,84,21.7,15.7,242,1009.0,3.1
2023-08-07,84.0,94.0,68.0,1.0,7.0,10.0,"Mahape, Navi Mumbai",29.3,25.5,27.1,83,25.4,17.2,240,1007.3,5.2
2023-08-08,86.0,98.0,25.0,1.0,7.0,13.0,"Mahape, Navi Mumbai",29.6,25.5,27.3,83,23.7,15.0,235,1007.6,4.8
2023-08-09,79.0,68.0,32.0,1.0,7.0,12.0,"Mahape, Navi Mumbai",29.5,25.1,27.0,85,17.6,11.5,232,1009.6,4.1
2023-08-10,63.0,73.0,44.0,8.0,7.0,7.0,"Mahape, Navi Mumbai",29.5,24.6,26.4,87,15.4,9.7,228,1010.4,6.9
2023-08-11,62.0,69.0,53.0,8.0,7.0,10.0,"Mahape, Navi Mumbai",30.0,24.4,26.9,85,14.2,8.1,235,1009.8,4.2
2023-08-12,61.0,68.0,43.0,8.0,7.0,7.0,"Mahape, Navi Mumbai",28.4,24.5,25.8,87,17.8,9.2,223,1009.7,4.7
2023-08-13,54.0,75.0,72.0,8.0,8.0,6.0,"Mahape, Navi Mumbai",29.6,24.6,26.7,85,21.1,12.4,236,1008.2,6.4
2023-08-14,60.0,60.0,38.0,8.0,7.0,4.0,"Mahape, Navi Mumbai",29.9,25.4,27.1,82,23.0,14.3,227,1008.3,3.7
2023-08-15,54.0,66.0,82.0,8.0,7.0,2.0,"Mahape, Navi Mumbai",28.4,25.8,26.7,84,16.9,11.6,219,1008.9,4.8
2023-08-16,58.0,62.0,55.0,8.0,7.0,8.0,"Mahape, Navi Mumbai",29.7,24.6,26.7,85,17.5,9.5,233,1009.4,3.9
2023-08-17,55.0,78.0,51.0,1.0,7.0,1.0,"Mahape, Navi Mumbai",30.2,24.0,26.8,83,17.7,8.7,268,1009.6,3.0
2023-08-18,57.0,79.0,38.0,1.0,7.0,4.0,"Mahape, Navi Mumbai",29.8,24.3,26.9,83,17.6,8.2,283,1008.3,1.6
2023-08-19,63.0,69.0,35.0,1.0,7.0,6.0,"Mahape, Navi Mumbai",29.4,25.0,26.6,86,15.6,8.1,283,1007.1,4.0
2023-08-20,56.0,138.0,74.0,1.0,7.0,11.0,"Mahape, Navi Mumbai",28.0,24.5,25.8,89,12.7,6.3,243,1007.2,5.9
2023-08-21,87.0,81.0,53.333333333333336,8.0,7.0,24.0,"Mahape, Navi Mumbai",29.6,24.3,26.3,87,13.4,8.0,234,1007.6,4.1
2023-08-22,72.0,70.0,32.66666666666667,8.0,7.0,22.0,"Mahape, Navi Mumbai",29.2,24.2,26.2,88,15.2,8.6,226,1007.6,3.7
2023-08-23,69.0,67.0,12.0,1.0,7.0,15.0,"Mahape, Navi Mumbai",30.0,24.5,26.8,84,19.7,11.2,218,1007.4,1.9
2023-08-24,58.0,67.0,13.0,1.1666666666666667,7.0,11.0,"Mahape, Navi Mumbai",28.3,24.4,26.2,87,20.4,13.1,209,1006.6,6.8
2023-08-25,64.0,33.0,22.0,1.3333333333333333,7.0,4.0,"Mahape, Navi Mumbai",28.5,24.6,26.2,88,20.2,13.2,209,1006.6,8.4
2023-08-26,39.0,45.0,20.9,1.5,8.0,4.25,"Mahape, Navi Mumbai",28.3,24.4,25.8,89,20.5,12.3,212,1008.1,14.7
2023-08-29,72.75,81.0,17.6,2.0,11.0,5.0,"Mahape, Navi Mumbai",29.4,24.4,26.5,86,10.8,7.1,212,1008.4,2.0
2023-08-30,84.0,82.0,16.5,1.8888888888888888,7.0,4.0,"Mahape, Navi Mumbai",30.5,24.0,27.0,85,11.1,5.9,248,1009.0,1.0
2023-08-31,96.0,72.0,5.0,1.7777777777777777,8.0,6.0,"Mahape, Navi Mumbai",31.4,23.8,27.2,85,12.8,5.5,303,1008.8,1.2
2023-09-01,84.0,63.0,5.0,1.6666666666666667,7.0,13.0,"Mahape, Navi Mumbai",32.0,24.0,27.3,86,15.0,4.9,317,1008.7,4.5
2023-09-02,72.0,79.0,5.0,9.0,7.0,5.0,"Mahape, Navi Mumbai",30.0,24.4,26.5,90,10.9,4.5,262,1008.7,10.7
2023-09-03,82.0,88.0,5.0,9.0,7.0,5.0,"Mahape, Navi Mumbai",29.6,24.4,26.8,87,14.2,6.0,283,1007.7,16.7
2023-09-04,87.0,81.0,11.0,9.0,7.0,3.0,"Mahape, Navi Mumbai",30.1,23.5,26.7,83,15.8,6.3,309,1006.6,2.4
2023-09-05,79.0,89.0,38.0,9.0,7.0,8.0,"Mahape, Navi Mumbai",30.3,23.8,26.9,84,14.8,6.6,306,1006.0,0.5
2023-09-06,90.0,46.0,3.0,9.0,7.0,2.0,"Mahape, Navi Mumbai",31.1,24.6,27.8,82,15.3,6.3,289,1005.9,0.3
2023-09-07,55.0,47.0,9.0,1.0,8.0,21.0,"Mahape, Navi Mumbai",29.0,25.0,26.5,88,16.2,8.8,243,1005.9,11.2
2023-09-08,62.0,53.0,24.0,1.0,7.0,10.0,"Mahape, Navi Mumbai",28.2,25.2,26.1,92,17.6,8.2,270,1006.1,45.5
2023-09-09,65.0,62.0,46.0,1.0,7.0,6.0,"Mahape, Navi Mumbai",29.6,24.9,26.4,90,14.2,9.0,239,1006.3,13.9
2023-09-10,63.0,56.0,51.0,1.0,7.0,3.0,"Mahape, Navi Mumbai",30.0,24.4,26.7,88,14.7,10.1,209,1006.2,3.5
2023-09-11,55.0,74.0,39.0,1.0,7.0,9.0,"Mahape, Navi Mumbai",29.9,23.8,25.9,90,14.1,9.4,206,1007.0,6.3
2023-09-12,67.0,71.0,10.0,1.0,7.0,15.0,"Mahape, Navi Mumbai",29.9,23.7,26.6,86,16.8,10.5,212,1007.6,2.6
2023-09-13,66.0,48.0,10.0,1.0,7.0,17.0,"Mahape, Navi Mumbai",29.1,24.5,26.3,88,12.6,8.8,201,1007.1,3.1
2023-09-14,56.0,65.0,35.0,1.0,7.0,22.0,"Mahape, Navi Mumbai",29.5,24.3,26.5,86,14.1,8.3,202,1007.2,4.3
2023-09-15,67.0,62.0,28.0,1.0,7.0,17.0,"Mahape, Navi Mumbai",29.6,24.3,26.9,85,15.0,8.3,219,1007.0,1.1
2023-09-16,66.0,49.0,16.0,1.0,7.0,12.0,"Mahape, Navi Mumbai",28.5,24.8,26.4,88,15.3,9.7,230,1006.7,7.8
2023-09-17,57.0,40.0,13.0,1.0,8.0,9.0,"Mahape, Navi Mumbai",29.1,24.4,26.5,85,20.8,14.5,221,1005.7,6.5
2023-09-18,52.0,37.0,12.0,1.0,7.0,6.0,"Mahape, Navi Mumbai",28.0,23.9,25.4,91,21.7,14.4,197,1005.7,22.4
2023-09-19,46.0,34.0,16.0,1.0,7.0,11.0,"Mahape, Navi Mumbai",28.5,24.1,26.0,89,21.4,16.0,193,1007.0,9.2
2023-09-20,48.0,47.0,40.0,1.0,7.0,15.0,"Mahape, Navi Mumbai",28.7,24.9,26.3,89,19.4,14.8,195,1007.6,9.0
2023-09-21,48.0,40.0,15.0,1.0,7.0,25.0,"Mahape, Navi Mumbai",29.0,24.7,26.4,90,14.7,10.1,198,1007.9,13.1
2023-09-22,54.0,47.0,19.0,1.0,7.0,27.0,"Mahape, Navi Mumbai",28.4,24.8,26.1,92,9.0,6.4,180,1008.3,17.5
2023-09-23,67.0,49.0,14.0,1.0,7.0,26.0,"Mahape, Navi Mumbai",28.8,24.3,25.7,92,15.1,6.2,186,1008.9,44.0
2023-09-24,62.0,49.66666666666666,18.0,1.0,7.0,25.666666666666668,"Mahape, Navi Mumbai",29.2,23.8,25.9,90,10.5,6.9,183,1009.2,22.7
2023-09-26,70.66666666666667,51.0,26.0,1.0,7.0,25.0,"Mahape, Navi Mumbai",30.0,23.5,26.3,89,8.7,4.9,225,1007.8,8.8
2023-09-27,75.0,58.0,17.0,1.0,7.0,25.0,"Mahape, Navi Mumbai",29.9,24.0,25.9,92,11.9,4.9,354,1007.2,23.7
2023-09-28,90.0,53.0,26.0,1.0,7.0,17.0,"Mahape, Navi Mumbai",31.5,23.9,26.9,90,12.0,5.4,13,1005.9,4.6
2023-09-29,70.0,56.0,28.0,1.0,7.0,1.0,"Mahape, Navi Mumbai",32.0,24.9,27.5,91,14.5,5.5,48,1005.3,24.5
2023-09-30,77.0,68.0,12.0,1.0,7.0,5.0,"Mahape, Navi Mumbai",32.8,24.5,27.7,89,11.2,5.7,37,1004.9,11.0
2023-10-01,85.0,76.0,45.0,1.0,7.0,5.0,"Mahape, Navi Mumbai",31.7,25.6,27.6,90,11.1,6.5,175,1005.5,1.0
2023-10-02,84.0,89.0,80.0,1.0,7.0,2.0,"Mahape, Navi Mumbai",30.0,24.4,27.2,87,11.0,7.0,214,1008.8,3.5
2023-10-03,89.0,98.0,64.0,1.0,7.0,6.0,"Mahape, Navi Mumbai",31.1,24.9,27.5,85,9.8,4.6,256,1010.1,0.8
2023-10-04,99.0,98.0,83.0,1.0,7.0,3.0,"Mahape, Navi Mumbai",31.6,24.4,27.1,87,11.4,5.1,255,1010.7,1.4
2023-10-05,110.0,96.0,83.0,1.0,10.0,5.0,"Mahape, Navi Mumbai",32.4,23.5,27.1,86,12.6,6.4,354,1010.4,0.0
2023-10-06,107.0,89.0,70.0,1.0,9.0,3.0,"Mahape, Navi Mumbai",31.5,24.0,27.0,85,13.4,6.2,345,1009.5,0.2
2023-10-07,102.0,93.0,27.0,1.0,8.833333333333334,5.0,"Mahape, Navi Mumbai",32.2,23.9,27.2,86,10.9,6.6,3,1009.6,0.0
2023-10-08,96.0,109.0,50.0,1.0,8.666666666666666,4.0,"Mahape, Navi Mumbai",33.8,23.0,27.7,82,7.9,5.4,1,1010.3,0.0
2023-10-09,123.0,97.0,73.0,1.0,8.5,5.0,"Mahape, Navi Mumbai",34.5,23.6,28.1,79,8.2,6.3,12,1011.6,0.0
2023-10-10,103.0,84.0,37.0,1.0,9.0,3.0,"Mahape, Navi Mumbai",33.8,22.7,27.5,74,12.4,8.2,11,1011.6,0.0
2023-10-11,86.0,101.0,55.0,1.0,9.0,5.0,"Mahape, Navi Mumbai",33.2,23.0,27.4,76,12.3,7.8,2,1011.5,0.0
2023-10-12,116.0,121.0,73.0,1.0,8.0,7.0,"Mahape, Navi Mumbai",34.2,23.0,28.1,81,11.4,6.0,348,1011.5,0.5
2023-10-13,150.0,124.0,71.0,12.0,9.0,9.0,"Mahape, Navi Mumbai",35.5,24.0,28.9,80,12.5,5.6,353,1011.8,0.0
2023-10-14,146.0,116.0,50.0,12.0,9.0,7.0,"Mahape, Navi Mumbai",35.2,24.0,28.7,79,12.1,5.8,352,1011.9,0.0
2023-10-15,143.0,118.0,69.0,1.0,9.0,8.0,"Mahape, Navi Mumbai",35.0,23.9,28.6,77,11.1,6.2,18,1010.5,0.0
2023-10-16,151.0,120.0,53.0,1.0,9.0,8.0,"Mahape, Navi Mumbai",34.3,23.9,29.1,64,12.3,6.1,357,1010.2,0.4
2023-10-17,147.0,121.0,45.0,1.0,9.0,8.0,"Mahape, Navi Mumbai",33.5,24.5,28.5,73,8.7,5.5,85,1011.5,1.8
2023-10-18,145.0,100.0,38.0,1.0,9.0,5.0,"Mahape, Navi Mumbai",35.0,23.5,29.1,71,14.1,7.2,2,1012.1,0.0
2023-10-19,127.0,125.0,68.0,12.0,9.0,7.0,"Mahape, Navi Mumbai",35.6,24.5,28.9,62,9.7,6.4,18,1011.9,0.0
2023-10-20,144.0,114.0,81.0,1.0,9.0,6.0,"Mahape, Navi Mumbai",36.0,24.1,29.0,64,8.9,6.0,52,1011.7,0.0
2023-10-21,138.0,117.0,61.0,1.0,9.0,9.0,"Mahape, Navi Mumbai",35.4,24.2,29.0,66,11.4,6.3,29,1012.3,0.2
2023-10-22,137.0,162.0,73.0,1.0,9.0,9.0,"Mahape, Navi Mumbai",34.9,25.0,29.1,66,13.9,6.4,16,1012.8,0.0
2023-10-23,148.0,116.0,53.0,1.0,9.0,7.0,"Mahape, Navi Mumbai",35.8,23.8,28.8,63,18.4,7.4,12,1011.6,0.0
2023-10-24,125.0,125.0,69.0,1.0,9.0,7.0,"Mahape, Navi Mumbai",35.2,23.0,28.4,59,15.3,6.9,18,1011.1,0.0
2023-10-25,133.0,123.0,69.0,1.0,9.0,8.0,"Mahape, Navi Mumbai",35.5,21.8,28.1,56,15.4,7.5,15,1012.6,0.0
2023-10-26,125.0,117.0,69.0,1.0,9.0,8.0,"Mahape, Navi Mumbai",35.1,21.8,27.8,54,15.8,8.4,23,1012.9,0.0
2023-10-27,120.0,136.0,66.5,1.0,9.0,8.0,"Mahape, Navi Mumbai",34.8,20.0,27.3,51,16.5,8.7,19,1011.6,0.0
2023-10-28,127.0,115.0,64.0,1.0,9.0,8.0,"Mahape, Navi Mumbai",35.2,20.1,27.3,51,12.6,7.6,23,1011.2,0.0
2023-10-29,111.0,146.0,35.0,1.0,9.0,10.0,"Mahape, Navi Mumbai",35.5,20.9,27.5,51,13.7,7.9,30,1010.8,0.0
2023-10-30,132.0,150.0,17.0,1.0,9.0,10.0,"Mahape, Navi Mumbai",36.0,21.0,28.1,54,10.1,6.1,64,1010.6,0.0
2023-10-31,137.0,207.0,70.0,1.0,9.0,12.0,"Mahape, Navi Mumbai",35.6,21.2,28.2,56,13.6,6.8,33,1011.3,0.0
2023-11-01,151.0,132.0,68.0,1.0,9.0,8.0,"Mahape, Navi Mumbai",35.1,21.1,27.6,57,13.7,7.3,20,1012.0,0.0
2023-11-02,141.0,161.0,62.0,1.0,9.0,8.0,"Mahape, Navi Mumbai",34.9,21.3,27.5,56,14.0,7.7,21,1011.3,0.0
2023-11-03,148.0,144.0,58.5,1.0,9.0,7.0,"Mahape, Navi Mumbai",35.7,22.1,28.1,54,15.5,8.3,19,1009.6,0.0
2023-11-04,143.0,183.0,55.0,1.0,9.0,11.0,"Mahape, Navi Mumbai",36.2,22.6,28.7,54,11.2,7.4,48,1009.0,0.0
2023-11-05,157.0,183.0,57.0,1.0,9.0,11.0,"Mahape, Navi Mumbai",36.0,23.1,29.0,56,13.8,6.8,33,1010.6,0.0
2023-11-06,145.0,80.0,21.0,1.0,9.0,9.0,"Mahape, Navi Mumbai",36.3,22.8,28.6,54,11.5,7.6,40,1011.7,0.0
2023-11-07,48.0,113.0,15.0,6.500000000000001,9.0,10.0,"Mahape, Navi Mumbai",35.6,21.4,27.9,53,17.1,7.9,17,1011.7,0.0
2023-11-08,53.0,90.0,15.0,12.0,9.0,10.0,"Mahape, Navi Mumbai",35.7,23.0,28.4,66,13.3,6.5,196,1011.5,1.0
2023-11-09,79.0,70.0,16.0,18.0,9.0,9.0,"Mahape, Navi Mumbai",36.3,23.6,28.8,74,14.1,4.8,118,1012.1,0.3
2023-11-10,92.0,85.0,10.0,12.0,10.0,12.0,"Mahape, Navi Mumbai",34.2,25.0,28.3,73,15.6,6.2,100,1013.4,2.7
2023-11-11,107.0,90.75,12.125,12.125,10.0,11.875,"Mahape, Navi Mumbai",35.9,23.9,29.2,63,15.7,7.9,30,1013.6,0.0
2023-11-18,102.625,131.0,27.0,13.0,10.0,11.0,"Mahape, Navi Mumbai",34.8,20.9,26.7,61,13.8,6.4,9,1011.9,0.0
2023-11-19,102.0,148.0,15.0,13.0,10.0,12.0,"Mahape, Navi Mumbai",35.3,20.8,27.5,59,15.7,7.7,358,1011.8,0.0
2023-11-20,119.0,108.0,11.0,13.0,10.0,10.0,"Mahape, Navi Mumbai",36.3,22.8,28.8,56,14.8,6.8,42,1012.0,0.0
2023-11-21,103.0,68.0,7.0,13.0,10.0,8.0,"Mahape, Navi Mumbai",35.3,23.6,28.8,56,17.6,8.4,17,1011.9,0.0
2023-11-22,87.0,80.0,7.0,13.0,10.0,9.0,"Mahape, Navi Mumbai",34.6,22.1,27.5,51,15.0,8.7,16,1011.3,0.0
2023-11-23,98.0,101.0,17.0,13.0,10.0,17.0,"Mahape, Navi Mumbai",35.1,21.5,27.3,54,14.5,7.8,8,1009.6,0.0
2023-11-24,317.0,171.0,18.0,13.0,10.0,14.0,"Mahape, Navi Mumbai",35.9,21.9,28.0,55,12.6,6.6,57,1009.4,0.0
2023-11-25,121.0,108.0,14.0,13.0,10.0,12.0,"Mahape, Navi Mumbai",34.9,22.6,28.5,64,10.2,6.4,61,1011.3,0.2
2023-11-26,136.0,41.0,9.0,13.0,10.0,6.0,"Mahape, Navi Mumbai",32.8,23.9,27.4,76,19.9,7.8,167,1011.7,2.0
2023-11-27,61.0,70.0,14.0,13.0,10.0,9.0,"Mahape, Navi Mumbai",32.0,22.5,26.5,75,13.2,7.2,344,1011.2,2.3
2023-11-28,85.0,105.0,19.0,13.0,10.0,10.0,"Mahape, Navi Mumbai",31.5,22.6,26.1,73,11.1,6.1,332,1010.2,0.0
2023-11-29,139.0,94.0,26.0,13.0,10.0,11.0,"Mahape, Navi Mumbai",31.1,20.0,25.2,69,12.3,6.2,309,1011.2,0.0
2023-11-30,104.0,157.0,17.0,13.0,10.0,12.0,"Mahape, Navi Mumbai",32.0,20.4,25.3,76,14.1,6.8,326,1011.7,0.0
2023-12-01,126.0,160.0,34.0,13.0,10.0,14.0,"Mahape, Navi Mumbai",32.0,20.9,25.4,77,13.5,5.7,275,1011.5,0.0
2023-12-02,205.0,88.0,33.0,13.0,10.0,16.0,"Mahape, Navi Mumbai",34.1,20.6,26.5,73,16.9,6.9,344,1010.2,0.0
2023-12-03,145.0,93.0,19.0,13.0,10.0,14.0,"Mahape, Navi Mumbai",36.1,23.0,28.2,65,16.1,7.9,25,1010.3,0.1
2023-12-04,152.0,108.0,16.0,13.0,10.0,11.0,"Mahape, Navi Mumbai",34.9,23.2,28.5,63,16.5,8.0,4,1009.6,0.2
2023-12-05,148.0,87.0,15.5,13.0,10.0,11.0,"Mahape, Navi Mumbai",35.0,24.2,28.5,59,17.1,10.0,7,1008.6,0.0
2023-12-06,128.0,66.0,15.0,13.0,10.0,11.0,"Mahape, Navi Mumbai",33.3,22.0,26.9,63,15.2,7.1,5,1009.7,0.0
2023-12-07,108.0,81.0,28.0,13.0,10.0,12.0,"Mahape, Navi Mumbai",33.0,21.6,26.3,64,16.4,7.7,4,1010.6,0.0
2023-12-08,136.0,77.0,17.0,13.0,10.0,12.0,"Mahape, Navi Mumbai",33.7,20.7,26.4,62,13.3,7.2,12,1011.2,0.0
2023-12-09,112.0,81.0,42.0,13.0,10.0,12.0,"Mahape, Navi Mumbai",34.3,20.9,26.7,60,15.0,7.7,15,1012.1,0.0
2023-12-10,122.0,72.0,42.0,13.0,10.0,14.0,"Mahape, Navi Mumbai",34.4,21.2,27.1,57,14.2,7.5,8,1011.1,0.0
2023-12-11,109.0,104.0,30.0,13.0,10.0,15.0,"Mahape, Navi Mumbai",34.0,21.6,27.1,54,11.1,7.2,13,1011.5,0.0
2023-12-12,170.0,59.0,21.0,13.0,10.0,12.0,"Mahape, Navi Mumbai",33.2,20.5,26.0,57,15.3,7.5,358,1010.9,0.0
2023-12-13,77.0,89.0,27.0,13.0,10.0,13.0,"Mahape, Navi Mumbai",33.2,19.5,25.6,58,14.2,6.3,2,1011.5,0.0
2023-12-14,109.0,118.0,28.0,13.0,10.0,19.0,"Mahape, Navi Mumbai",33.4,20.0,26.1,55,10.6,6.3,70,1012.7,0.0
2023-12-15,146.0,112.0,37.0,13.0,10.0,14.0,"Mahape, Navi Mumbai",32.6,20.1,25.8,52,9.8,6.8,46,1013.8,0.0
2023-12-16,143.0,87.0,27.0,13.0,10.0,12.0,"Mahape, Navi Mumbai",32.1,18.8,24.8,52,14.0,8.2,25,1013.4,0.0
2023-12-17,108.0,72.0,16.0,13.0,10.0,11.0,"Mahape, Navi Mumbai",33.1,19.9,25.9,51,12.0,9.7,42,1012.3,0.0
2023-12-18,99.0,86.0,33.0,13.0,10.0,11.0,"Mahape, Navi Mumbai",32.8,21.9,27.0,51,14.4,10.2,61,1013.0,0.0
2023-12-19,118.0,105.0,28.0,13.0,10.0,12.0,"Mahape, Navi Mumbai",32.8,22.8,27.0,50,12.0,8.3,50,1013.8,0.0
2023-12-20,99.0,127.0,25.0,13.0,10.0,16.0,"Mahape, Navi Mumbai",33.3,19.9,25.6,50,12.5,6.9,40,1013.9,0.0
2023-12-21,123.0,151.0,29.0,13.0,10.0,14.0,"Mahape, Navi Mumbai",34.9,20.5,26.7,52,15.4,7.0,27,1012.8,0.0
2023-12-22,135.0,97.0,20.0,13.0,10.0,6.0,"Mahape, Navi Mumbai",33.7,20.0,26.5,58,10.0,5.7,355,1012.8,0.0
2023-12-23,113.0,111.0,27.0,13.0,10.0,7.0,"Mahape, Navi Mumbai",35.5,19.9,26.5,54,15.7,8.1,14,1013.5,0.0
2023-12-24,139.0,82.0,22.0,13.0,10.0,6.0,"Mahape, Navi Mumbai",35.6,18.6,25.9,50,11.6,6.2,28,1014.6,0.0
2023-12-25,99.0,124.0,26.0,13.0,10.0,7.0,"Mahape, Navi Mumbai",35.0,18.2,25.6,51,13.9,6.2,13,1014.7,0.0
2023-12-26,138.0,101.0,16.0,13.0,10.0,6.0,"Mahape, Navi Mumbai",35.3,18.2,26.1,52,12.3,6.2,7,1014.6,0.0
2023-12-27,146.0,132.0,22.0,13.0,10.0,6.0,"Mahape, Navi Mumbai",36.0,20.1,27.2,50,14.1,7.9,21,1014.7,0.0
2023-12-28,140.0,132.0,27.0,13.0,10.0,9.0,"Mahape, Navi Mumbai",35.0,19.5,26.4,56,15.8,6.6,3,1013.1,0.0
2023-12-29,156.0,111.0,19.0,13.0,10.0,8.0,"Mahape, Navi Mumbai",35.4,20.3,26.4,60,13.0,6.3,8,1013.2,0.0
2023-12-30,142.0,95.0,20.0,13.0,10.0,6.0,"Mahape, Navi Mumbai",34.8,19.8,26.0,61,12.6,6.3,356,1012.9,0.0
2023-12-31,109.0,153.0,17.0,13.0,10.0,6.0,"Mahape, Navi Mumbai",34.8,20.2,26.3,57,17.6,6.9,354,1012.2,0.0
2024-01-01,135.0,129.0,18.0,13.0,10.0,6.0,"Mahape, Navi Mumbai",34.7,20.5,26.2,60,18.0,7.0,351,1012.5,0.0
2024-01-02,149.0,140.0,16.0,13.0,10.0,6.0,"Mahape, Navi Mumbai",34.0,19.8,25.4,63,14.9,7.9,347,1012.0,0.0
2024-01-03,149.0,123.0,14.0,13.0,10.0,7.0,"Mahape, Navi Mumbai",33.2,19.4,24.8,64,14.2,7.0,343,1011.4,0.0
2024-01-04,147.0,89.0,19.0,13.0,10.0,6.0,"Mahape, Navi Mumbai",32.2,18.0,23.8,70,15.0,7.3,327,1011.7,0.0
2024-01-05,121.0,113.0,16.0,13.0,10.0,7.0,"Mahape, Navi Mumbai",32.4,17.4,23.5,69,13.2,7.7,359,1012.1,0.0
2024-01-06,132.0,97.0,16.0,13.0,10.0,6.0,"Mahape, Navi Mumbai",34.0,18.9,25.5,59,19.5,9.7,350,1011.8,0.0
2024-01-07,124.0,90.0,16.0,13.0,10.0,6.0,"Mahape, Navi Mumbai",34.2,20.5,25.9,61,16.9,7.2,19,1011.9,0.0
2024-01-08,113.0,106.0,15.0,13.0,10.0,7.0,"Mahape, Navi Mumbai",34.9,21.2,27.2,56,14.9,7.9,56,1011.9,0.0
2024-01-09,140.0,64.0,8.0,13.0,10.0,5.0,"Mahape, Navi Mumbai",33.2,22.9,26.7,66,11.2,4.6,197,1012.6,0.8
2024-01-10,74.0,116.0,8.0,13.0,10.0,6.0,"Mahape, Navi Mumbai",30.4,21.9,25.2,77,16.6,6.8,67,1013.1,11.5
2024-01-11,179.0,104.0,15.0,13.0,10.0,6.0,"Mahape, Navi Mumbai",34.5,22.5,27.4,64,13.8,8.1,11,1013.2,0.0
2024-01-12,123.0,177.0,16.0,13.0,10.0,8.0,"Mahape, Navi Mumbai",36.0,22.2,28.1,58,14.3,8.5,17,1012.4,0.0
2024-01-13,154.0,79.0,10.0,13.0,10.0,6.0,"Mahape, Navi Mumbai",36.2,20.4,27.6,56,16.1,7.3,356,1013.3,0.0
2024-01-14,96.0,57.0,9.0,13.0,10.0,4.0,"Mahape, Navi Mumbai",35.0,20.9,27.0,49,15.0,9.0,2,1014.0,0.0
2024-01-15,55.0,97.0,15.0,13.0,10.0,6.0,"Mahape, Navi Mumbai",31.6,18.9,24.4,41,16.2,10.0,9,1014.0,0.0
2024-01-16,97.0,134.0,15.0,13.0,10.0,6.0,"Mahape, Navi Mumbai",31.2,15.7,22.4,58,15.0,6.8,349,1012.0,0.0
2024-01-17,128.0,224.0,15.0,13.0,10.0,6.0,"Mahape, Navi Mumbai",29.7,15.8,22.3,64,13.7,6.2,330,1011.4,0.0
2024-01-18,146.0,121.0,14.0,13.0,10.0,7.0,"Mahape, Navi Mumbai",30.0,16.1,22.3,64,15.1,6.4,352,1012.8,0.0
2024-01-19,126.0,181.0,16.0,13.0,10.0,7.0,"Mahape, Navi Mumbai",30.5,16.4,22.9,65,10.4,5.9,315,1012.5,0.0
2024-01-20,170.0,79.0,13.0,13.0,10.0,5.0,"Mahape, Navi Mumbai",31.2,17.1,23.4,68,15.6,7.0,341,1013.6,0.0
2024-01-21,88.0,110.0,21.0,13.0,10.0,6.0,"Mahape, Navi Mumbai",32.7,17.0,24.1,54,13.6,7.5,7,1013.2,0.0
2024-01-22,145.0,133.0,28.0,13.0,10.0,6.0,"Mahape, Navi Mumbai",32.3,17.1,23.8,54,16.7,7.1,331,1013.8,0.0
2024-01-23,98.0,137.0,19.0,13.0,10.0,6.0,"Mahape, Navi Mumbai",31.4,17.6,23.7,39,17.3,10.8,1,1014.3,0.0
2024-01-24,95.0,81.0,28.0,13.0,10.0,6.0,"Mahape, Navi Mumbai",32.0,17.1,23.8,38,12.6,10.1,15,1013.8,0.0
2024-01-25,71.0,86.0,25.0,13.0,10.0,7.0,"Mahape, Navi Mumbai",33.2,16.7,24.0,43,14.7,8.3,18,1014.7,0.0
2024-01-26,79.0,85.0,21.0,13.0,10.0,8.0,"Mahape, Navi Mumbai",34.8,17.0,24.7,45,14.9,7.6,7,1015.6,0.0
2024-01-27,77.0,113.0,23.0,13.0,10.0,8.0,"Mahape, Navi Mumbai",35.3,18.6,25.9,42,14.1,8.3,18,1015.7,0.0
2024-01-28,84.0,175.0,24.0,13.0,10.0,6.0,"Mahape, Navi Mumbai",35.2,19.2,26.3,41,17.1,8.6,4,1015.3,0.0
2024-01-29,98.0,137.0,21.0,13.0,10.0,7.0,"Mahape, Navi Mumbai",34.5,18.6,25.8,41,18.4,9.2,1,1015.2,0.0
2024-01-30,100.0,123.0,16.0,13.0,10.0,7.0,"Mahape, Navi Mumbai",34.0,18.0,25.0,48,16.4,8.4,355,1014.3,0.0
2024-01-31,173.0,111.5,15.0,13.0,10.0,9.0,"Mahape, Navi Mumbai",33.0,17.1,24.1,56,16.2,7.4,336,1014.2,0.0
2024-02-01,147.0,115.0,9.0,13.0,10.0,5.0,"Mahape, Navi Mumbai",31.0,17.7,23.5,59,19.1,8.0,336,1015.2,0.0
2024-02-02,92.0,93.0,9.0,13.0,10.0,8.0,"Mahape, Navi Mumbai",32.7,18.0,24.2,61,18.2,8.7,359,1015.2,0.0
2024-02-03,102.0,106.0,16.0,13.0,10.0,8.0,"Mahape, Navi Mumbai",36.8,19.6,27.4,46,18.1,8.9,22,1014.2,0.0
2024-02-04,106.0,194.0,18.0,13.0,10.0,8.0,"Mahape, Navi Mumbai",37.0,20.1,27.5,48,14.2,6.9,339,1015.0,0.0
2024-02-05,132.0,160.0,18.0,13.0,10.0,8.0,"Mahape, Navi Mumbai",36.4,20.5,27.4,48,15.1,8.1,351,1015.5,0.0
2024-02-06,123.0,105.0,11.0,13.0,10.0,6.0,"Mahape, Navi Mumbai",36.4,19.0,26.8,50,15.5,8.6,350,1015.2,0.0
2024-02-07,123.0,89.0,13.0,13.0,10.0,7.0,"Mahape, Navi Mumbai",36.3,19.0,26.7,52,18.2,10.3,355,1015.7,0.0
2024-02-08,94.0,153.0,14.0,13.0,10.0,8.0,"Mahape, Navi Mumbai",36.0,19.9,26.6,47,18.8,10.1,358,1014.9,0.0
2024-02-09,135.0,99.0,12.0,13.0,10.0,7.0,"Mahape, Navi Mumbai",35.3,17.9,25.9,48,18.9,8.4,340,1014.4,0.0
2024-02-10,97.0,103.0,11.0,13.0,10.0,6.0,"Mahape, Navi Mumbai",35.2,18.4,25.2,39,19.1,9.2,354,1015.5,0.0
2024-02-11,207.0,89.0,12.0,14.0,10.0,6.0,"Mahape, Navi Mumbai",35.2,16.5,24.5,44,17.1,8.8,353,1015.6,0.0
2024-02-12,268.0,120.0,13.0,13.0,10.0,8.0,"Mahape, Navi Mumbai",34.9,16.1,24.7,48,14.8,7.6,342,1015.1,0.0
2024-02-13,104.0,96.0,12.0,13.0,10.0,7.0,"Mahape, Navi Mumbai",35.1,17.2,25.0,41,17.9,9.1,355,1015.0,0.0
2024-02-14,99.0,97.0,12.0,13.0,10.0,7.0,"Mahape, Navi Mumbai",36.2,18.7,26.4,37,18.8,10.3,1,1014.4,0.0
2024-02-15,109.0,113.0,14.0,13.0,10.0,10.0,"Mahape, Navi Mumbai",37.2,19.3,26.9,39,20.6,9.2,355,1013.3,0.0
2024-02-16,138.0,124.0,12.0,13.0,10.0,10.0,"Mahape, Navi Mumbai",38.0,20.1,28.0,46,21.5,7.2,269,1013.2,0.0
2024-02-17,157.0,75.0,14.0,13.0,10.0,8.0,"Mahape, Navi Mumbai",38.2,20.2,28.3,46,21.3,7.8,251,1012.1,0.0
2024-02-18,134.0,122.0,16.0,13.0,10.0,8.0,"Mahape, Navi Mumbai",37.9,19.2,27.9,42,15.9,8.2,347,1011.3,0.0
2024-02-19,140.0,90.0,14.0,13.0,10.0,7.0,"Mahape, Navi Mumbai",36.2,18.9,27.0,41,16.4,8.8,345,1012.0,0.0
2024-02-20,112.0,116.0,13.0,13.0,10.0,7.0,"Mahape, Navi Mumbai",35.5,19.0,26.1,46,19.1,10.0,349,1013.0,0.0
2024-02-21,108.0,95.0,12.0,13.0,10.0,7.0,"Mahape, Navi Mumbai",31.9,19.0,24.8,66,17.2,8.1,315,1013.0,0.0
2024-02-22,108.0,170.0,9.0,13.0,10.0,8.0,"Mahape, Navi Mumbai",32.3,20.0,24.9,72,16.8,8.6,319,1013.4,0.0
2024-02-23,142.0,152.0,8.0,13.0,10.0,8.0,"Mahape, Navi Mumbai",33.3,18.4,24.8,54,20.7,9.5,3,1013.1,0.0
2024-02-24,105.0,76.0,7.0,13.0,10.0,7.0,"Mahape, Navi Mumbai",34.9,17.6,25.0,31,20.4,11.1,2,1012.2,0.0
2024-02-25,68.0,206.0,15.0,13.0,10.0,11.0,"Mahape, Navi Mumbai",36.5,17.2,25.8,28,14.0,8.7,12,1010.6,0.0
2024-02-26,128.0,149.0,11.0,13.0,10.0,10.0,"Mahape, Navi Mumbai",38.0,19.0,27.8,40,17.7,7.7,247,1010.0,0.0
2024-02-27,158.0,115.0,14.0,13.0,10.0,8.0,"Mahape, Navi Mumbai",37.8,21.8,29.2,42,20.7,9.2,344,1011.6,0.0
2024-02-28,124.0,180.0,9.0,14.0,10.0,8.0,"Mahape, Navi Mumbai",38.9,22.0,29.7,33,19.8,8.6,353,1011.2,0.0
2024-02-29,132.0,106.0,13.0,13.0,10.0,9.0,"Mahape, Navi Mumbai",39.9,21.8,29.7,42,21.5,7.5,321,1010.6,0.0
2024-03-01,130.0,97.0,13.0,13.0,10.0,6.0,"Mahape, Navi Mumbai",37.9,24.2,29.3,48,18.1,8.2,316,1011.9,0.0
2024-03-02,113.0,75.0,13.0,13.0,10.0,5.0,"Mahape, Navi Mumbai",33.5,22.0,26.8,70,17.8,7.8,285,1012.7,0.0
2024-03-03,64.0,62.0,16.0,13.0,10.0,6.0,"Mahape, Navi Mumbai",30.8,19.6,25.3,70,15.5,9.4,309,1013.3,0.1
2024-03-04,143.0,142.0,27.0,13.0,10.0,9.0,"Mahape, Navi Mumbai",32.7,17.0,23.5,59,14.8,8.3,347,1013.6,0.0
2024-03-05,164.0,175.0,19.0,13.0,10.0,10.0,"Mahape, Navi Mumbai",35.0,16.4,24.8,47,16.4,7.8,324,1012.7,0.0
2024-03-06,130.0,147.0,18.0,13.0,10.0,10.0,"Mahape, Navi Mumbai",35.6,18.1,25.9,31,20.2,8.4,333,1012.5,0.0
2024-03-07,114.0,105.0,11.0,13.0,10.0,7.0,"Mahape, Navi Mumbai",37.5,18.0,27.0,30,21.7,10.6,346,1011.9,0.0
2024-03-08,82.0,97.0,13.0,13.0,10.0,8.0,"Mahape, Navi Mumbai",38.6,20.9,28.9,27,23.1,12.2,2,1011.9,0.0
2024-03-09,83.0,196.0,18.0,13.0,10.0,10.0,"Mahape, Navi Mumbai",38.7,21.1,29.0,26,20.8,10.5,347,1011.8,0.0
2024-03-10,117.0,184.0,17.0,13.0,10.0,10.0,"Mahape, Navi Mumbai",37.8,19.2,27.5,29,18.8,9.6,339,1013.0,0.0
2024-03-11,132.0,110.0,19.0,13.0,10.0,10.0,"Mahape, Navi Mumbai",39.0,19.5,28.4,31,24.5,11.2,349,1014.0,0.0
2024-03-12,96.0,78.0,29.0,13.0,10.0,8.0,"Mahape, Navi Mumbai",39.2,20.8,29.2,34,21.0,10.2,345,1013.2,0.0
2024-03-13,86.0,183.0,22.0,13.0,10.0,9.0,"Mahape, Navi Mumbai",36.2,20.0,27.2,50,20.4,9.9,334,1013.0,0.0
2024-03-14,139.0,144.5,15.5,13.0,10.0,8.5,"Mahape, Navi Mumbai",35.4,19.0,26.3,57,19.8,9.4,336,1013.3,0.0
2024-03-15,147.5,106.0,9.0,13.0,10.0,8.0,"Mahape, Navi Mumbai",34.2,18.4,25.2,65,14.1,7.3,315,1012.4,0.0
2024-03-16,156.0,103.0,12.5,13.0,10.0,9.0,"Mahape, Navi Mumbai",35.5,18.0,25.5,68,14.9,7.5,313,1012.1,0.0
2024-03-17,143.0,88.0,16.0,13.0,10.0,7.0,"Mahape, Navi Mumbai",36.8,19.2,26.7,66,13.9,7.3,311,1012.2,0.0
2024-03-18,130.0,95.0,17.0,13.0,10.0,8.0,"Mahape, Navi Mumbai",36.0,21.4,27.4,70,15.3,7.5,305,1012.0,0.0
2024-03-19,113.0,228.0,24.0,13.0,10.0,11.0,"Mahape, Navi Mumbai",37.7,21.8,28.1,57,22.2,9.6,340,1011.8,0.0
2024-03-20,134.0,182.0,23.0,13.0,10.0,10.0,"Mahape, Navi Mumbai",40.6,20.2,29.7,26,24.3,12.0,358,1010.6,0.0
2024-03-21,132.0,176.0,20.0,13.0,10.0,11.0,"Mahape, Navi Mumbai",40.9,21.8,30.5,22,22.6,9.1,350,1009.2,0.0
2024-03-22,147.0,188.0,25.0,13.0,10.0,9.0,"Mahape, Navi Mumbai",38.0,23.0,28.8,50,18.4,7.4,244,1009.1,0.0
2024-03-23,146.0,87.0,20.0,13.0,10.0,8.0,"Mahape, Navi Mumbai",38.5,21.0,28.4,61,18.6,8.0,305,1009.2,0.0
2024-03-24,108.0,94.0,24.0,13.0,10.0,10.0,"Mahape, Navi Mumbai",37.0,20.9,28.6,60,15.3,7.9,318,1010.6,0.0
2024-03-25,114.0,79.0,18.0,13.0,10.0,8.0,"Mahape, Navi Mumbai",38.6,21.2,29.2,57,18.2,8.9,325,1010.9,0.0
2024-03-26,100.0,82.0,16.0,13.0,10.0,8.0,"Mahape, Navi Mumbai",40.2,21.4,29.7,58,20.7,8.4,322,1010.7,0.0
2024-03-27,114.0,110.0,15.0,13.0,10.0,9.0,"Mahape, Navi Mumbai",39.0,22.5,29.2,69,21.3,6.6,273,1012.2,0.0
2024-03-28,119.0,87.0,11.0,13.0,10.0,9.0,"Mahape, Navi Mumbai",38.6,22.7,29.2,71,14.6,5.3,278,1011.0,0.0
2024-03-29,108.0,112.0,13.0,13.0,10.0,9.0,"Mahape, Navi Mumbai",40.0,23.5,30.5,62,19.0,7.3,302,1009.7,0.0
2024-03-30,122.0,156.0,18.0,13.0,10.0,9.0,"Mahape, Navi Mumbai",40.2,23.3,30.4,54,22.2,9.7,328,1011.2,0.1
2024-03-31,149.0,94.0,30.0,13.0,10.0,9.0,"Mahape, Navi Mumbai",40.2,23.9,30.9,44,23.1,9.8,334,1012.0,0.1
2024-04-01,107.0,103.0,20.5,13.0,10.0,9.5,"Mahape, Navi Mumbai",39.8,23.0,30.0,49,17.0,8.6,320,1009.6,0.0
2024-04-02,122.0,112.0,11.0,13.0,10.0,10.0,"Mahape, Navi Mumbai",38.9,21.0,28.7,61,16.1,7.2,312,1008.5,0.0
2024-04-03,137.0,174.0,13.0,13.0,10.0,10.0,"Mahape, Navi Mumbai",38.5,21.2,28.9,60,17.9,7.5,303,1009.3,0.0
2024-04-04,137.0,116.0,15.0,13.0,11.0,9.0,"Mahape, Navi Mumbai",38.9,21.9,29.6,59,17.9,9.5,329,1009.7,0.0
2024-04-05,112.0,114.0,14.5,13.0,10.5,9.0,"Mahape, Navi Mumbai",41.0,23.0,31.0,50,22.5,10.4,339,1008.8,0.0
2024-04-06,97.0,112.0,14.0,13.0,10.0,9.0,"Mahape, Navi Mumbai",41.2,24.8,32.4,35,24.3,13.1,350,1007.7,0.0
2024-04-07,82.0,53.0,21.0,16.0,9.0,13.0,"Mahape, Navi Mumbai",40.0,24.8,31.0,36,23.1,10.7,334,1007.8,0.0
2024-04-08,74.0,45.0,30.0,30.0,9.0,23.0,"Mahape, Navi Mumbai",39.1,22.1,29.3,51,16.9,7.7,329,1008.4,0.0
2024-04-09,98.0,36.0,26.0,30.0,9.0,23.0,"Mahape, Navi Mumbai",39.2,22.1,29.3,64,17.4,8.4,305,1008.7,0.0
2024-04-10,96.0,49.0,27.0,31.0,9.0,24.0,"Mahape, Navi Mumbai",38.2,22.5,29.0,69,18.0,7.2,284,1008.9,0.0
2024-04-11,106.0,68.5,25.5,31.0,9.0,22.5,"Mahape, Navi Mumbai",38.5,22.7,29.5,62,17.6,6.9,295,1009.1,0.0
2024-04-12,107.0,88.0,24.0,31.0,9.0,21.0,"Mahape, Navi Mumbai",37.6,22.5,29.1,55,15.6,7.7,277,1009.1,0.0
2024-04-13,108.0,75.0,26.0,30.0,9.0,22.0,"Mahape, Navi Mumbai",35.5,21.8,27.8,64,16.3,7.2,282,1009.8,0.0
2024-04-14,83.0,91.0,26.0,31.0,9.0,24.0,"Mahape, Navi Mumbai",39.0,21.2,29.1,68,19.1,7.7,320,1010.2,0.0
2024-04-15,120.0,116.0,24.0,30.0,9.0,27.0,"Mahape, Navi Mumbai",43.2,24.4,33.3,54,20.5,8.4,318,1009.3,0.1
2024-04-16,150.0,75.0,15.0,31.0,9.0,23.0,"Mahape, Navi Mumbai",44.1,27.8,35.5,40,15.3,7.9,355,1007.8,0.0
2024-04-17,118.0,102.0,23.0,31.0,9.0,23.0,"Mahape, Navi Mumbai",37.1,28.0,32.4,57,17.8,10.7,220,1008.2,0.0
2024-04-18,166.0,88.0,25.0,30.0,9.0,23.0,"Mahape, Navi Mumbai",37.9,26.9,32.1,65,19.6,8.3,263,1007.8,0.0
2024-04-19,245.0,95.0,24.0,31.0,9.0,22.0,"Mahape, Navi Mumbai",40.3,25.7,32.3,57,24.3,8.9,295,1006.3,0.0
2024-04-20,138.0,65.0,24.0,30.0,9.0,23.0,"Mahape, Navi Mumbai",40.5,26.3,32.4,51,23.7,9.8,310,1006.7,0.0
2024-04-21,74.0,110.0,25.0,31.0,9.0,23.0,"Mahape, Navi Mumbai",38.8,24.7,31.5,49,24.2,10.5,324,1007.5,0.0
2024-04-22,98.0,80.0,24.0,30.0,9.0,23.0,"Mahape, Navi Mumbai",38.8,24.9,31.4,54,19.1,9.4,314,1008.2,0.0
2024-04-23,99.0,168.0,21.0,31.0,9.0,26.0,"Mahape, Navi Mumbai",39.3,24.1,30.8,57,19.5,8.6,318,1007.1,0.0
2024-04-24,149.0,93.0,23.0,31.0,9.0,22.0,"Mahape, Navi Mumbai",39.8,23.6,30.9,58,18.2,8.0,307,1006.3,0.0
2024-04-25,100.0,92.0,24.0,30.5,9.0,22.5,"Mahape, Navi Mumbai",39.7,24.9,31.0,60,22.2,9.0,308,1006.7,0.0
2024-04-26,107.0,91.0,25.0,30.0,9.0,23.0,"Mahape, Navi Mumbai",40.5,25.1,32.2,51,21.5,10.2,318,1006.6,0.0
2024-04-27,114.0,102.0,22.0,31.0,9.0,25.0,"Mahape, Navi Mumbai",42.5,25.2,33.1,46,23.6,9.9,327,1006.4,0.0
2024-04-28,121.0,196.0,24.0,31.0,8.0,23.0,"Mahape, Navi Mumbai",44.8,26.4,35.0,35,28.8,11.7,338,1006.1,0.0
2024-04-29,193.0,124.0,24.0,30.0,9.0,25.0,"Mahape, Navi Mumbai",43.1,26.6,34.7,31,21.6,10.1,327,1007.5,0.0
2024-04-30,109.0,79.0,24.0,30.0,9.0,24.0,"Mahape, Navi Mumbai",43.3,25.6,33.8,38,21.4,12.1,326,1006.4,0.0
2024-05-01,78.0,93.0,20.0,30.0,9.0,24.0,"Mahape, Navi Mumbai",39.0,25.1,31.1,53,17.3,7.8,272,1005.8,0.0
2024-05-02,91.0,97.0,21.0,30.0,9.0,25.0,"Mahape, Navi Mumbai",37.0,23.9,29.6,65,17.1,8.5,233,1006.1,0.0
2024-05-03,112.0,89.0,22.0,30.0,9.0,24.0,"Mahape, Navi Mumbai",38.0,22.4,29.3,69,18.5,7.3,282,1007.3,0.0
2024-05-04,107.0,73.0,25.0,30.0,9.0,24.0,"Mahape, Navi Mumbai",37.7,23.1,30.2,73,16.9,6.8,273,1008.1,0.0
2024-05-05,93.0,111.0,23.0,30.0,9.0,24.0,"Mahape, Navi Mumbai",39.4,24.5,31.4,66,21.1,8.4,291,1006.3,0.0
2024-05-06,126.0,95.0,21.0,30.0,9.0,23.0,"Mahape, Navi Mumbai",37.6,25.9,30.7,67,18.0,8.1,282,1007.3,0.0
2024-05-07,112.0,73.0,23.0,30.0,9.0,23.0,"Mahape, Navi Mumbai",37.0,25.3,30.4,72,18.5,9.1,255,1008.3,0.2
2024-05-08,87.0,70.0,25.0,30.0,9.0,22.0,"Mahape, Navi Mumbai",36.5,25.0,30.5,71,19.2,8.1,267,1007.8,0.0
2024-05-09,80.0,56.0,21.0,30.0,9.0,22.0,"Mahape, Navi Mumbai",36.0,25.5,30.4,73,16.4,8.3,267,1007.0,0.0
2024-05-10,62.0,77.0,20.0,31.0,9.0,23.0,"Mahape, Navi Mumbai",36.5,25.8,30.6,71,18.7,8.6,280,1008.0,0.1
2024-05-11,77.0,66.5,22.0,30.5,9.0,23.0,"Mahape, Navi Mumbai",37.6,26.1,31.3,69,18.8,8.5,308,1008.7,0.0
2024-05-12,74.5,56.0,24.0,30.0,9.0,23.0,"Mahape, Navi Mumbai",38.3,27.1,31.8,66,19.8,7.7,311,1008.6,2.4
2024-05-13,72.0,86.0,22.0,31.0,9.0,28.0,"Mahape, Navi Mumbai",37.5,27.5,31.6,63,18.1,5.4,1,1008.2,6.3
2024-05-14,112.0,72.0,20.0,30.0,9.0,30.0,"Mahape, Navi Mumbai",41.0,26.7,32.7,58,20.4,9.4,326,1007.4,1.1
2024-05-15,89.0,88.0,20.0,31.0,9.0,2.0,"Mahape, Navi Mumbai",39.9,27.5,33.0,58,16.9,8.1,274,1007.7,0.0
2024-05-16,126.0,91.0,19.0,31.0,8.0,2.0,"Mahape, Navi Mumbai",40.2,27.0,32.8,59,16.5,6.9,116,1007.9,0.5
2024-05-17,124.0,87.0,18.0,30.0,9.0,7.0,"Mahape, Navi Mumbai",38.8,27.5,32.3,61,16.5,7.2,241,1006.9,0.0
2024-05-18,112.0,84.0,15.0,30.0,9.0,6.333333333333333,"Mahape, Navi Mumbai",38.3,27.4,32.3,72,14.2,7.2,230,1004.9,0.0
2024-05-19,104.0,84.0,15.0,30.0,9.0,5.666666666666667,"Mahape, Navi Mumbai",38.0,26.9,32.1,71,15.7,8.1,239,1003.1,1.6
2024-05-20,111.0,111.0,18.0,25.0,9.0,5.0,"Mahape, Navi Mumbai",38.5,28.4,32.6,69,17.7,11.1,227,1003.4,0.0
2024-05-21,149.0,86.0,21.0,15.0,9.0,3.0,"Mahape, Navi Mumbai",39.5,28.1,33.0,69,18.4,9.1,234,1003.2,0.0
2024-05-22,118.0,92.0,21.0,15.0,9.0,3.0,"Mahape, Navi Mumbai",38.0,28.0,32.6,73,16.7,9.6,237,1002.8,0.4
2024-05-23,137.0,81.0,16.0,15.0,9.0,3.0,"Mahape, Navi Mumbai",37.5,27.6,32.0,74,20.5,9.9,237,1002.0,0.0
2024-05-24,114.0,94.0,18.0,15.0,9.0,3.0,"Mahape, Navi Mumbai",38.4,27.7,32.2,70,18.4,11.0,250,1002.0,0.4
2024-05-25,122.0,110.0,18.0,14.0,9.0,3.0,"Mahape, Navi Mumbai",36.7,27.8,31.7,69,19.7,11.0,257,1003.3,0.5
2024-05-26,128.0,97.0,26.0,15.0,9.0,6.0,"Mahape, Navi Mumbai",36.3,28.9,32.0,65,18.7,13.1,265,1004.3,0.4
2024-05-27,137.0,106.0,36.0,15.0,9.0,4.0,"Mahape, Navi Mumbai",35.4,29.0,31.3,69,18.5,12.8,257,1004.0,0.1
2024-05-28,124.0,108.0,18.0,15.0,9.0,3.0,"Mahape, Navi Mumbai",35.8,28.4,31.8,66,20.5,14.4,251,1004.3,0.2
2024-05-29,134.0,138.0,6.0,15.0,9.0,5.0,"Mahape, Navi Mumbai",35.8,28.9,31.9,62,23.2,16.2,238,1004.4,0.1
2024-05-30,124.0,94.0,9.0,15.0,9.0,5.0,"Mahape, Navi Mumbai",36.8,28.4,32.2,63,18.9,12.1,247,1005.3,0.3
2024-05-31,100.0,69.0,6.0,15.0,9.0,4.0,"Mahape, Navi Mumbai",37.3,28.1,31.8,73,19.8,10.6,251,1006.1,1.1
2024-06-01,80.0,55.0,3.0,16.0,9.0,4.0,"Mahape, Navi Mumbai",37.2,27.5,31.9,70,17.7,9.6,253,1005.9,1.0
2024-06-02,53.0,76.0,7.0,15.0,9.0,4.0,"Mahape, Navi Mumbai",37.2,27.6,32.0,66,17.3,9.7,257,1006.1,0.8
2024-06-03,74.0,79.0,7.0,15.0,9.0,5.0,"Mahape, Navi Mumbai",36.5,28.4,32.1,66,15.8,7.6,240,1006.3,3.5
2024-06-04,76.0,128.0,6.0,15.0,9.0,5.0,"Mahape, Navi Mumbai",35.0,27.3,30.0,76,16.6,8.4,196,1007.0,6.8
2024-06-05,116.0,79.0,5.0,15.0,9.0,6.0,"Mahape, Navi Mumbai",34.9,26.5,29.4,78,20.3,8.9,204,1007.3,2.9
2024-06-06,63.0,61.0,5.0,14.0,9.0,4.0,"Mahape, Navi Mumbai",35.4,25.9,29.6,79,13.2,5.9,232,1007.8,5.7
2024-06-07,68.0,67.0,5.0,15.0,9.0,4.0,"Mahape, Navi Mumbai",34.8,27.1,30.3,76,15.7,7.6,286,1006.1,1.2
2024-06-08,76.0,105.0,4.0,15.0,9.0,5.0,"Mahape, Navi Mumbai",35.2,26.2,30.2,72,15.9,9.2,327,1004.8,2.0
2024-06-09,108.0,45.0,2.0,15.0,9.0,5.0,"Mahape, Navi Mumbai",31.7,25.5,28.5,81,14.4,6.8,268,1004.8,12.6
2024-06-10,65.0,47.5,2.0,15.0,6.0,3.0,"Mahape, Navi Mumbai",30.1,25.0,26.9,89,9.2,5.5,198,1006.3,22.3
2024-06-11,117.0,63.0,3.0,15.0,5.0,2.0,"Mahape, Navi Mumbai",30.5,25.3,27.1,88,13.7,8.3,184,1006.8,11.9
2024-06-12,66.0,49.0,2.0,15.0,6.0,2.0,"Mahape, Navi Mumbai",30.4,25.1,27.4,86,14.6,9.7,203,1007.6,15.0
2024-06-13,58.0,47.0,3.0,15.0,6.0,2.0,"Mahape, Navi Mumbai",30.6,25.2,27.4,86,16.4,11.5,195,1007.2,16.7
2024-06-14,54.0,49.0,2.0,15.0,6.0,2.0,"Mahape, Navi Mumbai",30.3,24.5,26.8,86,19.5,12.5,192,1006.4,8.4
2024-06-15,55.0,57.0,3.0,15.0,5.0,2.0,"Mahape, Navi Mumbai",30.1,25.0,27.6,83,19.2,12.9,192,1005.5,2.8
2024-06-16,62.0,42.0,7.0,15.0,6.0,2.0,"Mahape, Navi Mumbai",31.9,25.3,28.3,81,13.8,8.7,201,1005.7,4.9
2024-06-17,60.0,76.0,11.0,15.0,5.0,2.0,"Mahape, Navi Mumbai",32.2,26.0,28.2,84,15.3,10.6,192,1006.1,6.3
2024-06-18,78.0,45.0,8.0,15.0,5.0,2.0,"Mahape, Navi Mumbai",30.7,25.7,27.1,88,20.9,13.3,200,1005.9,29.6
2024-06-19,60.0,49.0,9.0,15.0,6.0,4.0,"Mahape, Navi Mumbai",29.0,25.0,26.8,88,20.0,12.4,192,1004.1,17.0
2024-06-20,71.0,58.0,9.0,15.0,6.0,3.0,"Mahape, Navi Mumbai",28.9,25.0,26.6,90,18.6,14.8,190,1003.2,34.4
2024-06-21,77.0,36.0,12.0,15.0,6.0,2.0,"Mahape, Navi Mumbai",31.2,24.8,27.6,87,19.6,14.0,209,1003.6,7.2
2024-06-22,65.0,50.0,11.0,15.0,6.0,3.0,"Mahape, Navi Mumbai",31.2,24.4,27.1,86,16.4,12.3,192,1002.5,4.9
2024-06-23,75.0,49.0,8.0,15.0,6.0,3.0,"Mahape, Navi Mumbai",30.8,25.5,27.5,85,15.7,10.3,197,1001.4,5.0
2024-06-24,93.0,67.0,7.0,15.0,6.0,2.0,"Mahape, Navi Mumbai",30.4,25.7,27.8,86,15.0,10.0,194,999.6,8.2
2024-06-25,82.0,31.0,8.0,14.0,6.0,2.0,"Mahape, Navi Mumbai",31.9,26.0,28.3,83,25.1,15.8,177,998.0,7.5
2024-06-26,56.0,22.0,7.0,12.0,6.0,2.0,"Mahape, Navi Mumbai",30.5,26.5,27.9,87,26.7,19.3,195,998.1,23.9
2024-06-27,43.0,40.0,8.0,12.0,6.0,3.0,"Mahape, Navi Mumbai",29.0,25.5,26.9,91,26.8,19.6,198,1000.7,47.8
2024-06-28,75.0,44.0,8.0,12.0,6.0,2.0,"Mahape, Navi Mumbai",28.2,25.2,26.7,91,23.1,19.3,197,1001.9,35.9
2024-06-29,62.0,52.0,8.0,12.0,6.0,2.0,"Mahape, Navi Mumbai",29.9,25.1,27.0,89,25.9,17.7,190,1003.1,12.1
2024-06-30,67.0,47.0,7.0,12.0,6.0,1.0,"Mahape, Navi Mumbai",29.1,25.3,27.0,89,21.3,17.3,197,1003.4,21.1
2024-07-01,59.0,128.0,5.0,12.0,5.0,1.0,"Mahape, Navi Mumbai",31.1,25.5,27.6,85,32.9,24.0,211,1002.4,13.4
2024-07-02,149.0,52.0,7.0,12.0,6.0,2.0,"Mahape, Navi Mumbai",30.9,25.4,28.0,84,26.2,20.5,219,1001.8,10.4
2024-07-03,62.0,55.0,7.0,12.0,6.0,2.0,"Mahape, Navi Mumbai",29.9,25.4,27.3,88,23.0,18.1,203,1002.9,9.7
2024-07-04,65.0,49.0,7.0,12.0,6.0,2.0,"Mahape, Navi Mumbai",28.0,25.9,26.9,89,20.9,16.0,205,1004.1,10.8
2024-07-05,57.0,55.0,8.0,12.0,6.0,2.0,"Mahape, Navi Mumbai",29.4,25.2,26.7,89,23.3,16.3,208,1002.4,20.7
2024-07-06,71.0,40.0,8.0,12.0,6.0,2.0,"Mahape, Navi Mumbai",29.5,24.8,27.0,88,22.8,17.5,214,1001.4,23.6
2024-07-07,60.0,59.0,8.0,12.0,6.0,3.0,"Mahape, Navi Mumbai",28.6,24.3,26.4,91,16.6,13.1,200,1002.5,14.2
2024-07-08,76.0,28.0,9.0,12.0,6.0,3.0,"Mahape, Navi Mumbai",28.9,24.5,26.3,91,14.3,10.5,185,1002.5,22.0
2024-07-09,53.0,41.0,8.5,12.0,6.0,3.0,"Mahape, Navi Mumbai",27.1,24.5,25.6,93,16.0,12.0,193,1003.5,119.5
2024-07-10,71.5,54.0,8.0,12.0,6.0,3.0,"Mahape, Navi Mumbai",29.2,24.6,26.5,89,19.7,14.6,198,1006.1,12.0
2024-07-11,90.0,187.0,9.0,12.0,3.0,2.0,"Mahape, Navi Mumbai",29.1,23.7,25.8,92,18.1,13.5,204,1005.8,25.9
2024-07-12,170.0,35.0,4.0,12.0,2.0,2.0,"Mahape, Navi Mumbai",26.6,24.9,25.8,93,19.8,11.9,227,1004.0,44.7
2024-07-13,124.66666666666666,33.0,3.5,12.0,2.5,2.5,"Mahape, Navi Mumbai",26.8,24.8,25.8,92,22.1,15.8,231,1003.4,57.3
2024-07-14,79.33333333333333,31.0,3.0,12.0,3.0,3.0,"Mahape, Navi Mumbai",26.1,24.0,25.3,94,16.2,9.7,229,1001.8,51.5
2024-07-15,34.0,34.0,3.0,12.0,3.0,2.0,"Mahape, Navi Mumbai",28.9,24.5,26.3,90,15.2,8.7,211,1001.1,15.9
2024-07-16,57.0,37.0,3.0,12.0,3.0,2.0,"Mahape, Navi Mumbai",30.4,24.9,26.7,89,19.6,12.7,202,1000.3,9.8
2024-07-17,56.0,25.0,4.0,12.0,3.0,2.0,"Mahape, Navi Mumbai",27.6,25.0,26.2,91,19.6,14.6,212,1002.0,23.5
2024-07-18,42.0,32.0,4.0,12.0,3.0,2.0,"Mahape, Navi Mumbai",28.0,25.4,26.2,91,21.1,15.9,225,1002.7,50.9
2024-07-19,56.0,29.0,4.0,12.0,4.0,2.0,"Mahape, Navi Mumbai",27.2,25.4,26.1,92,21.7,17.1,222,1000.9,54.3
2024-07-20,46.0,23.0,4.0,12.0,4.0,2.0,"Mahape, Navi Mumbai",27.8,25.5,26.1,91,24.2,18.0,223,1001.4,81.6
2024-07-21,43.0,33.0,4.0,12.0,3.0,2.0,"Mahape, Navi Mumbai",27.8,25.6,26.3,91,24.1,18.3,227,1001.9,22.4
2024-07-22,58.0,39.0,4.0,12.0,3.0,2.0,"Mahape, Navi Mumbai",26.6,25.4,26.0,92,23.0,18.9,228,1003.8,39.7
2024-07-23,65.0,151.0,4.0,8.0,3.0,2.0,"Mahape, Navi Mumbai",26.4,25.6,25.9,92,25.6,20.8,234,1004.7,35.5
2024-07-24,246.0,147.0,4.0,6.0,4.0,2.0,"Mahape, Navi Mumbai",26.9,25.2,25.9,91,24.2,21.8,239,1002.2,40.0
2024-07-25,103.0,54.0,4.0,6.0,3.0,2.0,"Mahape, Navi Mumbai",27.0,25.3,25.8,91,23.8,19.5,252,1001.3,56.3
2024-07-26,79.0,56.0,4.0,6.0,3.0,2.0,"Mahape, Navi Mumbai",28.8,24.5,26.2,89,23.4,15.8,240,1002.6,34.3
2024-07-27,78.0,57.0,4.0,6.0,4.0,2.0,"Mahape, Navi Mumbai",29.1,25.4,26.8,86,24.7,18.3,249,1003.4,11.1
2024-07-28,87.0,55.0,4.0,6.0,4.0,2.0,"Mahape, Navi Mumbai",30.0,25.5,26.6,89,21.0,14.6,246,1001.1,17.1
2024-07-29,81.0,54.0,4.0,6.0,3.0,2.0,"Mahape, Navi Mumbai",27.7,25.2,26.0,91,20.3,14.7,234,999.8,32.5
2024-07-30,77.0,50.0,4.0,6.0,3.0,2.0,"Mahape, Navi Mumbai",28.4,24.9,26.4,90,19.7,14.3,225,1003.1,14.7
2024-07-31,76.0,51.0,4.0,6.0,3.0,2.0,"Mahape, Navi Mumbai",28.2,24.5,26.5,89,18.2,12.6,229,1005.4,28.2
2024-08-01,67.0,36.0,4.0,6.0,3.0,2.0,"Mahape, Navi Mumbai",29.0,24.6,26.6,88,21.3,15.0,226,1005.2,20.3
2024-08-02,58.0,35.0,4.0,6.0,2.0,2.0,"Mahape, Navi Mumbai",28.1,24.7,26.1,89,21.9,17.1,228,1004.8,37.2
2024-08-03,53.0,37.0,4.0,6.0,3.0,2.0,"Mahape, Navi Mumbai",27.6,24.9,26.1,89,25.8,19.3,233,1005.1,24.6
2024-08-04,52.0,50.0,4.0,6.0,2.0,2.0,"Mahape, Navi Mumbai",27.3,25.3,25.9,90,20.6,17.8,234,1005.6,41.5
2024-08-05,87.0,50.0,4.0,6.0,3.0,3.0,"Mahape, Navi Mumbai",29.2,25.2,26.7,86,22.8,16.9,222,1006.4,8.5
2024-08-06,56.0,82.0,5.0,6.0,3.0,2.0,"Mahape, Navi Mumbai",29.4,25.1,26.8,85,18.5,14.0,227,1006.5,6.3
2024-08-07,90.0,54.0,4.0,6.0,2.0,3.0,"Mahape, Navi Mumbai",29.7,25.2,26.9,85,17.7,12.0,239,1006.6,5.6
2024-08-08,62.0,59.0,5.0,6.0,2.0,3.0,"Mahape, Navi Mumbai",29.0,25.0,26.5,86,16.5,10.7,224,1007.5,4.4
2024-08-09,91.0,85.0,4.0,6.0,2.0,3.0,"Mahape, Navi Mumbai",26.9,24.4,25.7,91,14.3,9.1,220,1008.5,20.9
2024-08-10,56.0,41.0,5.0,6.0,2.0,2.0,"Mahape, Navi Mumbai",29.2,24.2,26.4,88,16.9,9.0,225,1008.3,4.8
2024-08-11,43.0,49.0,6.0,6.0,2.0,2.0,"Mahape, Navi Mumbai",29.2,25.0,26.8,85,19.0,10.6,237,1006.7,4.3
2024-08-12,50.0,61.0,6.0,6.0,3.0,3.0,"Mahape, Navi Mumbai",29.2,25.0,26.8,86,17.2,10.5,228,1006.5,3.3
2024-08-13,66.0,63.0,8.0,6.0,2.0,3.0,"Mahape, Navi Mumbai",29.6,24.4,26.8,86,15.0,8.5,223,1007.0,2.9
2024-08-14,64.0,60.0,9.0,6.0,3.0,3.0,"Mahape, Navi Mumbai",29.9,25.3,27.1,85,15.0,5.7,257,1006.9,2.0
2024-08-15,54.0,57.0,12.0,6.0,3.0,3.0,"Mahape, Navi Mumbai",30.6,24.5,27.3,84,16.6,5.7,264,1005.9,0.5
2024-08-16,57.0,62.0,10.0,6.0,3.0,3.0,"Mahape, Navi Mumbai",30.5,24.8,27.4,85,15.5,6.9,242,1004.8,1.3
2024-08-17,63.0,63.0,15.0,6.0,3.0,3.0,"Mahape, Navi Mumbai",31.1,25.0,27.7,84,11.7,5.0,255,1005.9,1.0
2024-08-18,63.0,70.0,10.0,6.0,3.0,3.0,"Mahape, Navi Mumbai",30.4,25.0,27.8,85,10.0,4.7,327,1006.5,2.2
2024-08-19,60.0,48.0,6.0,6.0,3.0,4.0,"Mahape, Navi Mumbai",30.5,25.0,27.1,91,11.6,5.4,344,1005.8,28.6
2024-08-20,69.0,56.0,12.0,6.0,3.0,3.0,"Mahape, Navi Mumbai",30.0,24.8,26.7,91,10.6,4.2,358,1005.4,23.6
2024-08-21,75.0,59.0,7.0,6.0,3.0,4.0,"Mahape, Navi Mumbai",31.7,24.8,27.8,87,12.3,5.5,333,1005.3,1.4
2024-08-22,83.0,79.0,6.0,6.0,3.0,3.0,"Mahape, Navi Mumbai",30.9,25.5,27.8,85,14.0,8.5,209,1004.9,6.6
2024-08-23,39.0,31.0,4.0,6.0,3.0,3.0,"Mahape, Navi Mumbai",28.8,25.5,26.7,90,15.0,10.3,181,1005.5,17.8
2024-08-24,40.0,27.0,4.0,6.0,3.0,3.0,"Mahape, Navi Mumbai",26.2,24.5,25.3,95,15.9,9.6,236,1006.5,53.4
2024-08-25,33.0,43.0,4.0,6.0,3.0,2.0,"Mahape, Navi Mumbai",26.9,24.4,25.3,91,19.0,15.0,239,1005.6,32.4
2024-08-26,42.0,30.0,4.0,6.0,3.0,2.0,"Mahape, Navi Mumbai",26.5,23.9,25.6,90,23.5,17.5,236,1004.0,20.5
2024-08-27,61.0,41.0,4.0,6.0,3.0,3.0,"Mahape, Navi Mumbai",27.9,23.5,25.4,89,28.8,21.1,207,1004.9,22.8
2024-08-28,42.0,100.0,4.0,6.0,3.0,3.0,"Mahape, Navi Mumbai",28.9,24.1,26.0,88,28.5,20.7,210,1005.7,22.8
2024-08-29,94.0,42.0,5.0,6.0,3.0,3.0,"Mahape, Navi Mumbai",28.5,24.8,26.5,88,23.1,16.7,205,1005.0,9.8
2024-08-30,46.0,75.0,11.0,6.0,3.0,3.0,"Mahape, Navi Mumbai",28.8,24.1,26.5,87,19.1,13.1,202,1006.0,5.6
2024-08-31,76.0,86.0,7.0,6.0,3.0,4.0,"Mahape, Navi Mumbai",29.5,24.9,26.7,87,11.0,7.6,211,1007.2,5.1
2024-09-01,68.0,49.0,5.0,6.0,3.0,3.0,"Mahape, Navi Mumbai",28.1,24.8,26.4,88,10.4,5.4,257,1006.9,1.4
2024-09-02,51.0,50.0,5.0,6.0,3.0,3.0,"Mahape, Navi Mumbai",26.9,24.7,25.7,92,14.8,7.2,283,1005.7,30.4
2024-09-03,52.0,43.0,7.0,6.0,3.0,3.0,"Mahape, Navi Mumbai",27.5,24.4,25.8,91,14.7,7.9,233,1006.5,11.3
2024-09-04,44.0,43.0,5.0,6.0,3.0,3.0,"Mahape, Navi Mumbai",28.5,24.6,26.2,88,17.8,10.6,234,1007.4,7.7
2024-09-05,47.0,48.0,6.0,6.0,3.0,3.0,"Mahape, Navi Mumbai",28.9,24.6,26.3,89,18.4,12.1,247,1006.0,17.0
2024-09-06,49.0,48.0,5.0,6.0,3.0,4.0,"Mahape, Navi Mumbai",29.2,24.6,26.2,89,18.7,10.2,242,1006.9,12.9
2024-09-07,35.0,38.0,7.0,6.0,3.0,3.0,"Mahape, Navi Mumbai",29.0,24.1,26.1,89,15.1,8.8,220,1007.6,6.6
2024-09-08,41.0,46.0,5.0,6.0,3.0,4.0,"Mahape, Navi Mumbai",29.4,24.1,26.4,87,15.0,9.7,210,1007.6,2.3
2024-09-09,47.0,62.0,5.0,6.0,4.0,4.0,"Mahape, Navi Mumbai",29.8,24.6,26.5,86,15.8,8.5,219,1005.3,2.7
2024-09-10,64.0,51.0,6.0,6.0,3.0,4.0,"Mahape, Navi Mumbai",28.6,25.0,26.3,89,14.2,9.2,212,1004.5,5.4
2024-09-11,47.0,49.0,5.0,6.0,3.0,4.0,"Mahape, Navi Mumbai",28.5,24.5,26.1,87,17.6,11.8,206,1005.6,4.3
2024-09-12,47.0,62.0,6.0,6.0,3.0,3.0,"Mahape, Navi Mumbai",28.8,24.3,26.1,87,18.4,12.5,212,1007.4,5.6
2024-09-13,53.0,51.0,5.0,6.0,3.0,4.0,"Mahape, Navi Mumbai",28.7,23.8,25.8,86,17.7,11.7,205,1007.9,3.8
2024-09-14,49.0,41.0,6.0,6.0,3.0,4.0,"Mahape, Navi Mumbai",27.6,23.1,25.0,89,15.5,11.1,201,1007.7,5.2
2024-09-15,44.0,92.0,6.0,6.0,3.0,5.0,"Mahape, Navi Mumbai",28.4,23.2,25.3,88,13.9,9.1,202,1008.2,1.8
2024-09-16,97.0,63.0,9.0,6.0,3.0,4.0,"Mahape, Navi Mumbai",29.2,23.0,26.0,86,13.7,8.7,201,1008.7,1.6
2024-09-17,65.0,97.0,10.0,6.0,3.0,4.0,"Mahape, Navi Mumbai",30.0,21.5,25.5,86,14.0,6.0,322,1008.9,0.2
2024-09-18,71.0,91.0,7.0,6.0,3.0,5.0,"Mahape, Navi Mumbai",29.5,22.1,25.9,84,11.7,5.5,221,1007.0,0.9
2024-09-19,83.0,81.0,7.0,6.0,3.0,4.0,"Mahape, Navi Mumbai",30.2,24.0,26.7,83,11.5,5.6,208,1007.3,1.7
2024-09-20,75.0,68.0,7.0,6.0,3.0,4.0,"Mahape, Navi Mumbai",28.9,23.4,25.9,88,10.6,6.0,204,1007.7,4.3
2024-09-21,82.0,73.0,7.0,6.0,3.0,4.0,"Mahape, Navi Mumbai",30.3,23.6,26.9,83,12.4,5.8,276,1008.4,2.9
2024-09-22,69.0,60.0,7.0,6.0,3.0,4.0,"Mahape, Navi Mumbai",30.9,24.2,27.0,84,13.5,7.1,352,1007.6,1.5
2024-09-23,67.0,40.0,5.0,6.0,4.0,4.0,"Mahape, Navi Mumbai",30.3,25.1,26.8,90,13.6,5.5,354,1006.6,10.6
2024-09-24,47.0,32.0,5.0,6.0,4.0,5.0,"Mahape, Navi Mumbai",30.5,23.8,26.1,91,14.3,5.6,350,1004.8,31.3
2024-09-25,50.0,35.0,5.0,6.0,4.0,4.0,"Mahape, Navi Mumbai",28.1,24.5,26.0,93,13.0,4.9,339,1004.1,49.5
2024-09-26,47.0,33.0,4.0,6.0,4.0,4.0,"Mahape, Navi Mumbai",26.9,24.5,25.6,94,15.6,7.5,203,1003.1,41.3
2024-09-27,62.0,68.0,4.0,6.0,3.0,4.0,"Mahape, Navi Mumbai",26.8,25.4,25.9,91,22.0,18.3,234,1004.8,40.5
2024-09-28,65.0,37.0,6.0,6.0,2.0,4.0,"Mahape, Navi Mumbai",29.1,25.0,26.4,87,17.5,11.3,214,1008.0,5.4
2024-09-29,38.0,98.0,10.0,6.0,5.0,5.0,"Mahape, Navi Mumbai",29.1,24.3,26.4,88,14.5,9.3,211,1010.1,3.0
2024-09-30,99.0,96.0,8.0,6.0,3.0,5.0,"Mahape, Navi Mumbai",31.0,23.9,27.1,87,11.1,5.3,309,1010.0,1.4
2024-10-01,104.0,129.0,8.0,6.0,3.0,5.0,"Mahape, Navi Mumbai",33.2,23.9,27.9,87,11.5,4.8,343,1008.0,0.0
2024-10-02,140.0,60.0,8.0,6.0,3.0,4.0,"Mahape, Navi Mumbai",32.3,25.5,27.8,90,13.5,5.2,203,1008.8,3.2
2024-10-03,69.0,75.0,8.0,6.0,3.0,5.0,"Mahape, Navi Mumbai",30.6,25.0,27.4,87,15.1,6.2,231,1009.2,1.5
2024-10-04,79.0,63.0,8.0,6.0,3.0,4.0,"Mahape, Navi Mumbai",30.5,24.6,27.1,87,12.4,5.7,240,1009.1,1.1
2024-10-05,64.0,57.0,6.0,6.0,3.0,7.0,"Mahape, Navi Mumbai",30.7,23.5,26.7,86,11.6,5.0,310,1009.6,1.8
2024-10-06,64.0,91.0,9.0,6.0,15.8,9.0,"Mahape, Navi Mumbai",32.3,23.8,26.8,87,9.8,5.9,24,1009.6,6.1
2024-10-07,112.0,69.0,8.0,6.0,28.6,10.0,"Mahape, Navi Mumbai",34.4,24.5,28.6,80,11.0,5.6,26,1009.6,0.2
2024-10-08,60.0,44.0,7.0,6.0,41.4,10.0,"Mahape, Navi Mumbai",34.6,24.5,28.8,79,11.9,4.6,221,1009.8,0.0
2024-10-09,38.0,37.0,6.0,6.0,9.0,5.0,"Mahape, Navi Mumbai",29.6,24.9,26.9,88,14.1,4.9,68,1008.6,8.7
2024-10-10,28.0,27.0,6.0,6.0,67.0,4.0,"Mahape, Navi Mumbai",30.5,24.0,26.7,87,11.5,5.7,58,1006.8,23.5
2024-10-11,21.0,50.0,5.0,6.0,67.0,4.0,"Mahape, Navi Mumbai",32.8,24.1,27.3,84,12.8,5.3,104,1006.4,23.0
2024-10-12,55.0,55.0,7.0,6.0,67.0,5.0,"Mahape, Navi Mumbai",32.8,23.8,27.6,86,9.3,4.9,123,1007.5,12.0
2024-10-13,59.0,53.0,6.0,6.0,67.0,5.0,"Mahape, Navi Mumbai",32.0,24.5,27.4,86,11.2,6.0,163,1008.6,21.6
2024-10-14,57.0,63.0,6.0,6.0,67.0,5.0,"Mahape, Navi Mumbai",32.7,23.9,27.0,87,9.6,4.1,19,1009.1,13.2
2024-10-15,65.0,72.0,7.0,6.0,58.14285714285714,5.0,"Mahape, Navi Mumbai",30.5,24.1,26.8,87,10.7,5.0,176,1009.3,0.3
2024-10-16,66.0,67.0,7.0,6.0,49.285714285714285,5.0,"Mahape, Navi Mumbai",31.9,24.3,27.2,88,9.1,4.9,230,1008.5,12.1
2024-10-17,65.0,61.0,5.0,6.0,40.42857142857143,5.0,"Mahape, Navi Mumbai",29.7,24.9,26.8,91,9.6,4.5,283,1007.8,2.8
2024-10-18,55.0,50.0,7.0,6.0,9.0,5.0,"Mahape, Navi Mumbai",33.7,24.9,27.9,85,12.6,5.1,165,1007.6,19.1
2024-10-19,54.0,48.0,7.0,6.0,9.0,5.0,"Mahape, Navi Mumbai",30.6,24.0,26.4,89,9.7,5.3,103,1010.1,12.9
2024-10-20,53.0,52.0,7.0,6.0,9.0,5.0,"Mahape, Navi Mumbai",30.5,24.0,26.3,88,9.4,4.0,98,1010.9,12.5
2024-10-21,55.0,80.0,7.0,6.0,5.0,5.0,"Mahape, Navi Mumbai",31.1,23.6,26.8,86,9.1,3.9,49,1010.9,31.1
2024-10-22,74.0,71.0,8.0,6.0,5.0,5.0,"Mahape, Navi Mumbai",31.8,23.2,26.6,87,9.4,4.8,55,1010.8,7.2
2024-10-23,63.0,79.0,8.0,6.0,5.0,5.0,"Mahape, Navi Mumbai",32.6,24.0,27.4,85,11.7,6.0,11,1010.1,0.2
2024-10-24,70.0,87.0,10.0,6.0,5.0,5.0,"Mahape, Navi Mumbai",32.8,24.0,28.0,75,10.3,5.7,18,1009.8,0.7
2024-10-25,99.0,84.0,9.0,6.0,5.0,5.0,"Mahape, Navi Mumbai",33.5,22.2,27.0,73,13.7,5.6,357,1009.8,0.0
2024-10-26,91.0,82.0,10.0,6.0,5.0,6.0,"Mahape, Navi Mumbai",32.8,21.0,26.6,70,15.3,8.3,9,1010.0,0.0
2024-10-27,76.0,81.0,9.0,6.0,5.0,6.0,"Mahape, Navi Mumbai",33.2,21.1,26.7,77,13.2,5.9,351,1008.9,0.0
2024-10-28,73.0,80.0,9.0,6.0,5.0,6.0,"Mahape, Navi Mumbai",33.8,22.5,27.2,82,12.8,5.3,319,1007.4,0.0
2024-10-29,70.0,76.0,9.0,6.0,5.0,5.0,"Mahape, Navi Mumbai",33.2,23.6,27.9,84,12.5,5.0,250,1008.7,0.2
2024-10-30,71.0,84.0,10.0,6.0,5.0,5.0,"Mahape, Navi Mumbai",33.7,23.0,27.7,80,11.7,5.6,11,1009.6,0.0
2024-10-31,97.0,77.0,7.0,6.0,5.0,5.0,"Mahape, Navi Mumbai",34.5,23.7,28.4,73,12.0,5.9,341,1010.1,0.8
2024-11-01,93.0,106.0,9.0,6.0,5.0,5.0,"Mahape, Navi Mumbai",33.3,24.0,28.1,80,12.6,5.2,226,1011.5,0.0
2024-11-02,122.0,118.0,11.0,6.0,5.0,5.0,"Mahape, Navi Mumbai",34.8,23.9,28.2,72,14.1,5.8,13,1011.8,0.0
2024-11-03,125.0,98.0,8.0,6.0,5.0,5.0,"Mahape, Navi Mumbai",35.2,22.1,28.1,60,10.7,7.0,40,1011.5,0.0
2024-11-04,108.0,111.0,10.0,6.0,5.0,5.0,"Mahape, Navi Mumbai",34.7,22.4,28.0,59,15.0,8.0,28,1010.6,0.0
2024-11-05,111.0,104.0,8.0,6.0,5.0,5.0,"Mahape, Navi Mumbai",34.6,22.5,28.0,59,11.7,6.8,50,1011.3,0.0
2024-11-06,104.0,104.0,14.0,6.0,5.0,5.0,"Mahape, Navi Mumbai",34.7,22.0,28.0,57,15.3,7.5,19,1012.1,0.0
2024-11-07,105.0,158.0,17.0,6.0,5.0,5.0,"Mahape, Navi Mumbai",34.5,21.1,27.2,57,14.7,7.4,24,1012.0,0.0
2024-11-08,112.0,98.0,20.0,6.0,5.0,6.0,"Mahape, Navi Mumbai",34.2,21.9,27.4,58,9.7,7.3,34,1011.7,0.0
2024-11-09,111.0,131.0,19.0,6.0,5.0,6.0,"Mahape, Navi Mumbai",34.7,21.2,27.3,58,15.2,7.8,26,1011.8,0.0
2024-11-10,122.0,108.0,17.0,6.0,5.0,6.0,"Mahape, Navi Mumbai",34.3,20.9,27.2,55,17.9,8.2,23,1011.8,0.0
2024-11-11,122.0,100.0,15.0,6.0,4.0,6.0,"Mahape, Navi Mumbai",33.5,21.9,27.6,47,17.2,9.5,21,1011.7,0.0
2024-11-12,110.0,86.0,23.0,6.0,5.0,6.0,"Mahape, Navi Mumbai",34.2,21.4,28.0,50,11.0,8.4,36,1011.0,0.0
2024-11-13,105.0,79.0,20.0,6.0,5.0,6.0,"Mahape, Navi Mumbai",35.3,22.5,28.8,46,11.4,7.1,42,1009.3,0.0
2024-11-14,94.0,86.0,13.0,6.0,5.0,6.0,"Mahape, Navi Mumbai",35.3,22.7,29.2,45,9.8,7.5,35,1010.3,0.0
2024-11-15,103.0,96.0,17.0,6.0,5.0,6.0,"Mahape, Navi Mumbai",34.8,25.6,29.8,54,10.1,5.2,45,1011.3,0.4
2024-11-16,128.0,84.0,7.0,6.0,5.0,6.0,"Mahape, Navi Mumbai",35.3,25.4,29.9,61,10.0,6.4,7,1010.6,0.4
2024-11-17,112.0,80.0,5.0,6.0,5.0,6.0,"Mahape, Navi Mumbai",36.1,25.4,30.3,54,9.4,6.9,40,1010.1,0.0
2024-11-18,98.0,86.0,50.0,6.0,5.0,6.0,"Mahape, Navi Mumbai",34.6,23.9,29.2,47,11.7,8.0,30,1011.2,0.0
2024-11-19,102.0,85.0,32.0,6.0,5.0,6.0,"Mahape, Navi Mumbai",33.5,21.5,27.7,44,11.2,7.7,36,1012.4,0.0
2024-11-20,100.0,96.0,10.0,6.0,5.0,6.0,"Mahape, Navi Mumbai",33.2,21.0,27.1,45,9.3,6.5,48,1012.0,0.0
2024-11-21,110.0,105.0,9.0,6.0,5.0,6.0,"Mahape, Navi Mumbai",33.3,21.1,27.1,46,9.8,6.1,34,1011.7,0.0
2024-11-22,114.0,134.0,9.0,6.0,5.0,6.0,"Mahape, Navi Mumbai",33.5,21.1,27.3,49,10.1,5.8,17,1011.2,0.0
2024-11-23,134.0,107.0,9.0,6.0,5.0,6.0,"Mahape, Navi Mumbai",33.0,21.2,27.2,51,9.0,5.8,6,1012.1,0.0
2024-11-24,120.0,102.0,10.0,6.0,5.0,6.0,"Mahape, Navi Mumbai",33.3,22.2,27.7,50,9.8,5.9,33,1012.2,0.0
2024-11-25,108.0,95.0,10.0,6.0,5.0,6.0,"Mahape, Navi Mumbai",32.8,21.3,27.3,48,10.1,7.3,32,1011.9,0.0
2024-11-26,105.0,103.0,14.0,17.0,6.0,5.0,"Mahape, Navi Mumbai",32.7,20.5,26.8,38,9.7,7.5,41,1011.7,0.0
2024-11-27,102.0,98.0,10.0,30.0,9.0,3.0,"Mahape, Navi Mumbai",32.8,19.9,26.6,37,10.7,7.6,38,1010.9,0.0
2024-11-28,89.0,94.0,9.0,30.0,9.0,3.0,"Mahape, Navi Mumbai",32.4,19.0,26.2,38,12.0,8.9,46,1011.0,0.0
2024-11-29,88.0,151.0,9.0,30.0,9.0,4.0,"Mahape, Navi Mumbai",31.9,19.2,25.6,39,11.3,8.2,36,1011.2,0.0
2024-11-30,136.0,98.0,9.0,30.0,9.0,3.0,"Mahape, Navi Mumbai",32.7,19.2,25.7,41,11.2,7.2,27,1009.8,0.0
2024-12-01,109.0,105.0,9.0,30.0,9.0,3.0,"Mahape, Navi Mumbai",33.5,20.5,26.8,47,10.4,7.3,17,1007.9,0.0
2024-12-02,116.0,84.0,9.0,30.0,9.0,3.0,"Mahape, Navi Mumbai",34.8,23.2,28.7,53,10.1,6.8,24,1007.4,0.0
2024-12-03,102.0,89.0,9.0,30.0,9.0,3.0,"Mahape, Navi Mumbai",34.8,25.6,29.8,56,10.0,7.8,25,1008.8,0.5
2024-12-04,106.0,113.0,10.0,30.0,9.0,3.0,"Mahape, Navi Mumbai",35.6,26.9,30.4,60,10.2,5.9,30,1009.7,0.3
2024-12-05,121.0,113.0,9.0,30.0,9.0,3.0,"Mahape, Navi Mumbai",35.9,26.2,30.4,62,10.7,6.2,359,1010.6,0.4
2024-12-06,124.0,89.0,10.0,30.0,9.0,3.0,"Mahape, Navi Mumbai",35.3,26.2,30.0,60,11.8,6.3,344,1010.5,0.0
2024-12-07,106.0,87.0,9.0,30.0,9.0,3.0,"Mahape, Navi Mumbai",34.0,24.3,28.7,48,12.0,7.4,3,1010.4,0.0
2024-12-08,98.0,81.0,9.0,30.0,9.0,3.0,"Mahape, Navi Mumbai",31.4,20.9,25.7,47,11.1,7.8,12,1011.2,0.0
2024-12-09,92.0,94.0,9.0,30.0,9.0,3.0,"Mahape, Navi Mumbai",30.8,18.9,24.2,43,12.3,10.3,17,1011.5,0.0
2024-12-10,92.0,99.0,9.0,30.0,9.0,3.0,"Mahape, Navi Mumbai",33.7,19.6,25.9,49,11.1,6.8,17,1010.9,0.0
2024-12-11,111.0,102.0,9.0,30.0,9.0,3.0,"Mahape, Navi Mumbai",34.1,21.1,27.1,53,9.4,6.7,18,1011.4,0.0
2024-12-12,106.0,90.0,9.0,30.0,9.0,3.0,"Mahape, Navi Mumbai",33.0,20.6,26.5,55,12.6,7.6,9,1011.3,0.0
2024-12-13,97.0,97.0,9.0,30.0,9.0,3.0,"Mahape, Navi Mumbai",32.3,20.2,26.4,46,10.3,8.2,29,1011.7,0.0
2024-12-14,110.0,108.0,9.0,30.0,9.0,3.0,"Mahape, Navi Mumbai",33.3,19.3,26.1,42,10.3,7.6,37,1012.6,0.0
2024-12-15,130.0,132.0,9.0,30.0,9.0,4.0,"Mahape, Navi Mumbai",34.0,18.5,26.1,40,9.6,7.1,30,1013.5,0.0
2024-12-16,132.0,171.0,9.0,30.0,9.0,4.0,"Mahape, Navi Mumbai",33.5,17.7,25.6,41,10.1,6.1,19,1012.5,0.0
2024-12-17,144.0,119.0,9.0,30.0,9.0,4.0,"Mahape, Navi Mumbai",33.0,18.2,25.4,44,10.6,4.8,10,1011.3,0.0
2024-12-18,154.0,123.0,9.0,30.0,9.0,4.0,"Mahape, Navi Mumbai",33.8,19.0,25.7,48,9.7,6.0,7,1010.6,0.0
2024-12-19,155.0,113.0,9.0,30.0,9.0,4.0,"Mahape, Navi Mumbai",32.5,18.2,25.0,58,10.2,5.1,333,1010.6,0.0
2024-12-20,155.0,178.0,9.0,30.0,9.0,4.0,"Mahape, Navi Mumbai",30.6,19.0,24.1,69,10.8,4.4,310,1010.9,0.0
2024-12-21,169.0,108.0,9.0,30.0,9.0,4.0,"Mahape, Navi Mumbai",29.6,20.0,24.5,68,9.9,4.8,221,1011.1,0.0
2024-12-22,147.0,96.0,9.0,30.0,9.0,3.0,"Mahape, Navi Mumbai",28.8,21.1,24.6,73,11.5,6.2,295,1011.7,0.0
2024-12-23,148.0,117.0,9.0,30.0,9.0,3.0,"Mahape, Navi Mumbai",28.8,21.0,24.5,71,11.9,6.7,330,1012.0,0.2
2024-12-24,148.0,114.0,9.0,30.0,9.0,3.0,"Mahape, Navi Mumbai",31.1,20.6,24.8,59,14.6,7.2,349,1012.1,0.0
2024-12-25,137.0,103.0,9.0,30.0,9.0,4.0,"Mahape, Navi Mumbai",31.9,20.5,25.3,57,12.8,6.7,345,1012.9,0.0
2024-12-26,152.0,82.0,9.0,30.0,9.0,3.0,"Mahape, Navi Mumbai",32.5,22.6,26.4,61,10.7,5.3,324,1014.4,0.1
2024-12-27,130.0,99.0,9.0,30.0,9.0,3.0,"Mahape, Navi Mumbai",31.4,22.0,25.9,65,12.1,5.9,319,1014.6,0.0
2024-12-28,151.0,95.75,9.0,30.0,9.0,3.5,"Mahape, Navi Mumbai",31.6,22.6,26.3,65,9.6,6.8,2,1014.8,0.2
2024-12-31,142.0,86.0,9.0,30.0,9.0,5.0,"Mahape, Navi Mumbai",35.0,23.3,28.7,53,11.8,7.3,10,1014.5,0.0
2025-01-01,139.0,83.0,9.0,30.0,9.0,4.0,"Mahape, Navi Mumbai",34.6,22.8,28.2,55,13.1,7.8,8,1013.4,0.0
2025-01-02,125.0,92.0,10.0,30.0,9.0,4.0,"Mahape, Navi Mumbai",35.1,22.0,27.9,53,12.4,8.0,17,1013.3,0.0
2025-01-03,136.0,103.0,10.0,30.0,9.0,4.0,"Mahape, Navi Mumbai",35.4,21.1,27.8,46,11.6,6.8,30,1013.2,0.0
2025-01-04,152.0,103.0,9.0,30.0,9.0,4.0,"Mahape, Navi Mumbai",34.9,19.5,26.7,41,12.1,6.2,21,1012.2,0.0
2025-01-05,154.0,85.0,9.0,30.0,9.0,4.0,"Mahape, Navi Mumbai",32.6,20.7,25.9,52,9.9,4.9,319,1012.1,0.0
2025-01-06,132.0,85.0,9.0,30.0,9.0,4.0,"Mahape, Navi Mumbai",32.0,19.5,25.1,51,11.9,8.4,360,1012.4,0.0
2025-01-07,132.0,85.0,9.0,30.0,9.0,4.0,"Mahape, Navi Mumbai",33.5,18.8,25.8,45,15.1,8.4,13,1012.1,0.0
2025-01-08,134.0,91.0,9.0,30.0,9.0,4.0,"Mahape, Navi Mumbai",33.6,19.9,26.5,48,13.4,8.2,12,1011.6,0.0
2025-01-09,134.0,106.0,9.0,30.0,9.0,4.0,"Mahape, Navi Mumbai",33.6,20.4,26.7,40,10.9,6.8,29,1012.2,0.0
2025-01-10,154.0,101.0,9.0,30.0,9.0,4.0,"Mahape, Navi Mumbai",32.9,20.0,26.3,44,12.8,6.3,342,1013.5,0.0
2025-01-11,140.5,91.0,9.0,30.0,9.0,4.0,"Mahape, Navi Mumbai",31.3,21.5,25.5,51,12.6,7.1,348,1013.8,0.0
2025-01-12,127.0,88.0,9.0,30.0,9.0,4.0,"Mahape, Navi Mumbai",32.3,19.9,25.5,53,13.2,8.0,359,1013.7,0.0
2025-01-13,131.0,93.0,9.0,30.0,9.0,4.0,"Mahape, Navi Mumbai",34.8,22.0,27.4,50,15.1,8.1,20,1011.6,0.0
2025-01-14,141.0,111.0,9.0,30.0,9.0,5.0,"Mahape, Navi Mumbai",34.7,22.7,27.6,51,13.0,7.4,10,1012.0,0.0
2025-01-15,157.0,104.0,9.0,30.0,9.0,4.0,"Mahape, Navi Mumbai",33.3,22.6,26.9,59,14.5,6.5,320,1013.3,0.0
2025-01-16,151.0,114.0,9.0,30.0,9.0,4.0,"Mahape, Navi Mumbai",33.2,20.4,26.2,60,14.2,8.7,355,1013.8,0.0
2025-01-17,146.0,90.0,9.0,30.0,9.0,4.0,"Mahape, Navi Mumbai",35.8,23.2,28.4,50,11.7,8.1,26,1011.9,0.0
2025-01-18,137.0,92.0,9.0,30.0,9.0,4.0,"Mahape, Navi Mumbai",34.8,22.5,28.5,39,11.5,7.7,32,1011.6,0.0
2025-01-19,142.0,142.0,9.0,30.0,9.0,5.0,"Mahape, Navi Mumbai",35.2,21.0,27.8,41,12.1,6.6,7,1012.5,0.0
2025-01-20,163.0,144.0,9.0,30.0,9.0,5.0,"Mahape, Navi Mumbai",35.6,21.7,28.0,40,12.9,6.6,1,1011.8,0.0
2025-01-21,169.0,112.0,9.0,30.0,9.0,4.0,"Mahape, Navi Mumbai",34.7,21.2,27.7,44,12.6,6.5,347,1010.8,0.0
2025-01-22,158.0,94.0,9.0,30.0,9.0,4.0,"Mahape, Navi Mumbai",34.8,21.6,27.4,47,11.9,6.9,341,1010.5,0.0
2025-01-23,145.0,95.0,9.0,30.0,9.0,4.0,"Mahape, Navi Mumbai",33.7,21.8,27.0,45,12.3,9.4,356,1010.7,0.0
2025-01-24,135.0,134.0,9.0,30.0,9.0,5.0,"Mahape, Navi Mumbai",35.3,21.1,27.8,42,12.0,7.3,352,1009.7,0.0
2025-01-25,164.0,84.0,9.0,30.0,9.0,4.0,"Mahape, Navi Mumbai",36.3,23.2,29.2,46,13.2,6.9,339,1010.5,0.0
2025-01-26,133.0,98.0,9.0,30.0,9.0,5.0,"Mahape, Navi Mumbai",37.0,23.0,29.4,47,14.1,6.8,354,1010.4,0.0
2025-01-27,147.0,126.0,9.0,30.0,9.0,5.0,"Mahape, Navi Mumbai",36.7,23.0,29.2,46,14.3,6.4,342,1009.7,0.0
2025-01-28,163.0,115.0,9.0,30.0,9.0,5.0,"Mahape, Navi Mumbai",34.5,21.8,27.7,44,9.3,4.7,289,1010.1,0.0
2025-01-29,151.0,105.0,9.0,30.0,9.0,5.0,"Mahape, Navi Mumbai",34.8,20.6,26.8,52,10.9,5.6,330,1011.8,0.0
2025-01-30,154.0,99.0,9.0,30.0,9.0,5.0,"Mahape, Navi Mumbai",34.6,20.0,27.2,47,11.7,5.8,317,1010.7,0.0
2025-01-31,142.0,96.0,9.0,30.0,9.0,4.0,"Mahape, Navi Mumbai",33.5,21.1,26.4,45,11.2,5.8,322,1010.6,0.0
2025-02-01,143.0,81.0,9.0,30.0,9.0,4.0,"Mahape, Navi Mumbai",32.6,18.8,25.2,54,12.4,6.6,341,1011.5,0.0
2025-02-02,127.0,90.0,9.0,30.0,9.0,4.0,"Mahape, Navi Mumbai",34.8,20.3,26.8,41,12.5,6.8,341,1011.4,0.0
2025-02-03,141.0,87.0,9.0,30.0,9.0,4.0,"Mahape, Navi Mumbai",33.2,21.9,26.7,43,13.5,6.3,317,1011.7,0.0
2025-02-04,134.0,88.0,9.0,30.0,9.0,5.0,"Mahape, Navi Mumbai",33.8,21.0,26.4,44,13.6,7.0,339,1012.8,0.0
2025-02-05,135.0,96.0,9.0,30.0,9.0,5.0,"Mahape, Navi Mumbai",34.8,21.1,26.7,33,14.3,9.5,357,1011.7,0.0
2025-02-06,143.0,102.0,9.0,30.0,9.0,5.0,"Mahape, Navi Mumbai",36.3,20.5,27.8,37,13.1,6.7,350,1010.4,0.0
2025-02-07,150.0,115.0,9.0,30.0,9.0,6.0,"Mahape, Navi Mumbai",37.5,23.5,29.6,43,14.9,6.3,310,1011.4,0.0
2025-02-08,158.0,94.0,9.0,30.0,9.0,5.0,"Mahape, Navi Mumbai",37.3,23.6,29.7,45,11.9,6.3,334,1011.5,0.0
2025-02-09,137.0,79.0,8.0,30.0,9.0,5.0,"Mahape, Navi Mumbai",37.2,23.9,30.0,38,14.3,7.2,340,1011.0,0.0
2025-02-10,121.0,85.0,8.0,30.0,9.0,5.0,"Mahape, Navi Mumbai",37.2,23.6,29.4,33,16.2,8.1,338,1012.3,0.0
2025-02-11,131.0,88.0,8.0,30.0,9.0,5.0,"Mahape, Navi Mumbai",36.3,22.0,28.2,36,14.8,7.2,343,1013.1,0.0
2025-02-12,134.0,82.0,8.0,30.0,9.0,5.0,"Mahape, Navi Mumbai",36.3,20.2,27.8,37,10.9,8.2,3,1013.1,0.0
2025-02-13,125.0,88.0,8.0,30.0,9.0,5.0,"Mahape, Navi Mumbai",38.0,21.2,29.1,34,12.8,9.8,8,1012.2,0.0
2025-02-14,142.0,97.0,8.0,30.0,9.0,6.0,"Mahape, Navi Mumbai",38.1,23.0,30.1,29,16.6,10.6,8,1011.8,0.0
2025-02-15,145.0,98.0,8.0,30.0,9.0,5.0,"Mahape, Navi Mumbai",38.5,23.1,30.5,25,17.1,9.4,10,1011.1,0.0
2025-02-16,146.0,90.0,8.0,30.0,9.0,5.0,"Mahape, Navi Mumbai",37.7,22.4,29.3,26,16.1,8.6,356,1011.6,0.0
2025-02-17,138.0,96.0,8.0,30.0,9.0,5.0,"Mahape, Navi Mumbai",37.8,22.3,29.2,31,14.7,8.4,355,1012.3,0.0
2025-02-18,143.0,96.0,8.0,30.0,9.0,5.0,"Mahape, Navi Mumbai",38.3,22.8,29.6,33,17.1,9.0,1,1012.2,0.0
2025-02-19,146.0,102.0,8.0,30.0,9.0,6.0,"Mahape, Navi Mumbai",36.7,23.1,29.7,32,14.9,9.4,358,1011.2,0.0
2025-02-20,150.0,77.0,8.0,30.0,9.0,5.0,"Mahape, Navi Mumbai",37.5,22.5,29.8,31,14.6,9.9,4,1011.6,0.0
2025-02-21,121.0,88.0,8.0,30.0,9.0,5.0,"Mahape, Navi Mumbai",38.7,24.2,31.2,28,15.0,11.1,7,1012.6,0.0
2025-02-22,132.0,88.0,8.0,30.0,9.0,5.0,"Mahape, Navi Mumbai",39.1,24.7,31.0,29,17.2,9.2,348,1013.0,0.0
2025-02-23,133.0,88.0,8.0,30.0,9.0,5.0,"Mahape, Navi Mumbai",39.3,24.1,31.2,28,14.3,8.8,1,1013.1,0.0
2025-02-24,133.0,104.0,8.0,30.0,9.0,5.0,"Mahape, Navi Mumbai",39.5,25.0,31.4,26,17.1,9.3,360,1013.0,0.0
2025-02-25,146.0,105.0,8.0,30.0,9.0,5.0,"Mahape, Navi Mumbai",40.0,24.8,31.3,28,18.1,7.2,11,1013.7,0.0
2025-02-26,152.0,117.0,8.0,30.0,9.0,6.0,"Mahape, Navi Mumbai",39.9,24.3,30.9,37,17.5,5.5,310,1013.9,0.0
2025-02-27,160.0,110.5,8.0,30.0,9.0,5.5,"Mahape, Navi Mumbai",38.3,25.0,31.0,36,16.6,7.2,294,1012.6,0.0
2025-02-28,152.5,104.0,8.0,30.0,9.0,5.0,"Mahape, Navi Mumbai",38.0,25.5,31.2,38,13.9,6.5,329,1011.3,0.0
2025-03-01,145.0,84.0,8.0,30.0,9.0,5.0,"Mahape, Navi Mumbai",38.0,25.6,31.2,30,15.0,7.9,330,1010.7,0.0
2025-03-02,132.0,92.0,8.0,30.0,9.0,5.0,"Mahape, Navi Mumbai",39.2,24.7,31.1,28,16.4,9.5,357,1010.1,0.0
2025-03-03,149.0,92.0,8.0,30.0,9.0,5.0,"Mahape, Navi Mumbai",39.8,24.5,31.5,30,15.5,10.4,358,1010.3,0.0
2025-03-04,141.0,101.0,8.016949152542374,30.0,9.0,5.0,"Mahape, Navi Mumbai",39.5,25.4,31.7,30,17.6,12.4,4,1010.9,0.0
2025-03-05,140.0,88.0,8.033898305084746,30.0,9.0,5.0,"Mahape, Navi Mumbai",39.8,24.6,31.5,25,16.3,10.5,0,1010.6,0.0
2025-03-06,134.0,149.0,8.05084745762712,30.0,9.0,9.0,"Mahape, Navi Mumbai",39.0,23.1,30.5,20,16.2,9.3,354,1011.3,0.0
2025-03-07,174.0,172.0,19.5,30.0,9.0,6.0,"Mahape, Navi Mumbai",39.8,23.9,31.0,21,17.3,8.6,3,1009.7,0.0
2025-03-08,170.0,109.0,19.5,30.0,9.0,6.0,"Mahape, Navi Mumbai",39.7,23.3,30.9,25,15.7,8.1,339,1008.2,0.0
2025-03-09,145.0,99.0,19.5,30.0,9.0,6.0,"Mahape, Navi Mumbai",40.7,24.2,31.3,30,18.7,7.1,349,1008.3,0.0
2025-03-10,148.0,118.0,19.5,30.0,9.0,7.0,"Mahape, Navi Mumbai",42.5,25.5,32.7,29,17.9,7.0,317,1009.6,0.0
2025-03-11,193.0,112.0,19.5,30.0,9.0,6.0,"Mahape, Navi Mumbai",41.3,27.0,32.6,36,17.8,6.0,273,1010.7,0.0
2025-03-12,150.0,112.0,19.5,30.0,9.0,6.0,"Mahape, Navi Mumbai",40.5,26.4,32.3,40,15.8,6.8,289,1009.6,0.0
2025-03-13,149.0,90.0,19.5,30.0,9.0,6.0,"Mahape, Navi Mumbai",38.3,26.1,31.5,49,13.4,6.1,281,1009.0,0.0
2025-03-14,121.0,78.0,19.5,30.0,9.0,6.0,"Mahape, Navi Mumbai",38.6,25.0,31.4,47,14.5,5.6,288,1009.5,0.0
2025-03-15,105.0,110.0,19.5,30.0,9.0,6.0,"Mahape, Navi Mumbai",39.2,25.5,31.4,36,15.6,7.8,335,1010.2,0.0
2025-03-16,144.0,98.0,19.5,30.0,9.0,6.0,"Mahape, Navi Mumbai",38.2,25.7,31.1,39,14.4,7.6,338,1010.7,0.0
2025-03-17,135.0,111.0,19.5,30.0,9.0,5.0,"Mahape, Navi Mumbai",37.8,25.5,30.8,40,15.5,7.9,337,1010.7,0.0
2025-03-18,138.0,86.0,19.5,30.0,9.0,5.0,"Mahape, Navi Mumbai",38.0,24.0,29.9,46,13.9,5.6,310,1010.1,0.0
2025-03-19,123.0,93.0,19.5,30.0,9.0,5.0,"Mahape, Navi Mumbai",36.5,24.5,29.6,48,13.1,6.2,319,1011.3,0.0
2025-03-20,124.0,82.0,19.5,30.0,9.0,5.0,"Mahape, Navi Mumbai",38.2,25.1,30.9,29,18.7,9.5,344,1012.7,0.0
2025-03-21,116.0,74.0,19.5,30.0,9.0,5.0,"Mahape, Navi Mumbai",36.3,24.9,29.1,48,15.6,7.9,335,1013.4,0.0
2025-03-22,102.0,80.0,19.5,30.0,9.0,5.0,"Mahape, Navi Mumbai",37.7,23.4,29.2,50,17.2,6.6,343,1012.3,0.0
2025-03-23,113.0,77.0,19.5,30.0,9.0,5.0,"Mahape, Navi Mumbai",38.7,23.8,30.0,56,15.1,6.0,239,1011.7,0.0
2025-03-24,107.0,109.0,19.5,30.0,9.0,6.0,"Mahape, Navi Mumbai",38.2,24.7,30.0,62,16.7,6.2,263,1011.6,0.0
2025-03-25,150.0,101.0,19.5,30.0,9.0,6.0,"Mahape, Navi Mumbai",38.0,25.0,30.4,54,15.3,6.0,285,1008.9,0.0
2025-03-26,122.5,93.0,19.5,30.0,9.0,6.0,"Mahape, Navi Mumbai",35.5,24.5,29.1,64,14.5,6.5,261,1008.4,0.0
2025-03-27,95.0,88.0,19.5,30.0,9.0,6.0,"Mahape, Navi Mumbai",34.5,25.0,28.7,64,14.2,6.0,302,1009.5,0.0
2025-03-28,117.0,106.0,19.5,30.0,9.0,7.0,"Mahape, Navi Mumbai",37.8,24.0,30.2,53,15.1,7.9,341,1008.2,0.0
2025-03-29,146.0,115.0,19.5,30.0,9.0,7.0,"Mahape, Navi Mumbai",40.7,26.5,33.0,23,15.6,7.6,324,1006.7,0.0
2025-03-30,148.0,74.0,19.5,30.0,9.0,6.0,"Mahape, Navi Mumbai",41.9,27.1,33.3,28,17.6,6.5,304,1007.1,0.0
2025-03-31,102.0,95.0,19.5,30.0,9.0,6.0,"Mahape, Navi Mumbai",41.2,26.1,33.1,39,16.7,6.4,249,1007.4,0.0
2025-04-01,120.0,83.0,13.0,30.0,9.0,7.0,"Mahape, Navi Mumbai",41.4,26.7,33.2,37,13.9,7.2,332,1006.7,0.0
2025-04-02,118.0,70.0,13.0,30.0,9.0,6.0,"Mahape, Navi Mumbai",40.4,29.2,33.6,34,15.7,6.9,226,1007.1,0.0
2025-04-03,95.0,61.0,13.0,30.0,9.0,6.0,"Mahape, Navi Mumbai",34.6,27.5,30.5,63,11.8,7.4,221,1010.5,0.8
2025-04-04,79.0,86.0,13.0,30.0,9.0,7.0,"Mahape, Navi Mumbai",36.6,26.9,30.5,67,12.1,5.9,292,1011.6,1.7
2025-04-05,122.0,102.0,13.0,30.0,9.0,7.0,"Mahape, Navi Mumbai",41.2,25.0,31.9,48,21.3,7.6,320,1009.4,0.0
2025-04-06,132.0,80.0,13.0,30.0,9.0,7.0,"Mahape, Navi Mumbai",40.2,25.6,31.6,51,16.2,6.4,252,1008.4,0.0
2025-04-07,114.0,97.0,13.0,30.0,9.0,7.0,"Mahape, Navi Mumbai",41.8,24.9,32.6,48,15.7,6.6,303,1008.1,0.0
2025-04-08,135.0,71.0,13.0,30.0,9.0,7.0,"Mahape, Navi Mumbai",42.0,26.6,33.5,33,19.9,6.9,313,1008.6,0.0
2025-04-09,97.0,57.0,13.0,30.0,9.0,6.0,"Mahape, Navi Mumbai",39.8,26.4,32.3,46,14.1,7.4,223,1008.3,0.0
2025-04-10,72.0,57.0,13.0,30.0,9.0,6.0,"Mahape, Navi Mumbai",36.5,25.6,30.1,68,11.9,9.0,202,1007.2,0.0
2025-04-11,72.0,63.0,13.0,30.0,9.0,6.0,"Mahape, Navi Mumbai",35.1,25.4,29.6,69,14.1,8.8,210,1007.0,0.0
2025-04-12,83.0,69.0,13.0,31.0,9.0,6.0,"Mahape, Navi Mumbai",34.1,25.2,29.4,71,14.4,8.6,209,1008.8,0.0
2025-04-13,92.0,101.0,13.0,31.0,9.0,6.0,"Mahape, Navi Mumbai",36.9,25.2,30.1,69,13.3,5.7,305,1009.9,0.0
2025-04-14,123.5,133.0,13.0,31.0,9.0,6.0,"Mahape, Navi Mumbai",40.8,25.5,32.0,51,16.8,9.4,348,1008.5,0.0
2025-04-15,155.0,72.0,13.0,30.0,9.0,6.0,"Mahape, Navi Mumbai",39.5,27.4,32.2,47,16.2,6.5,317,1007.8,0.0
2025-04-16,98.0,64.0,13.0,30.0,9.0,6.0,"Mahape, Navi Mumbai",36.4,26.5,30.8,62,13.2,5.6,248,1008.0,0.0
2025-04-17,77.0,73.0,13.0,30.0,9.0,6.0,"Mahape, Navi Mumbai",35.0,25.0,29.8,72,14.4,6.9,231,1007.9,0.0
2025-04-18,93.0,56.0,13.0,30.0,9.0,6.0,"Mahape, Navi Mumbai",34.8,25.2,29.9,70,12.9,6.0,235,1007.4,0.0
2025-04-19,70.0,68.0,13.0,30.0,9.0,6.0,"Mahape, Navi Mumbai",35.8,25.4,30.1,68,13.2,7.9,232,1007.8,0.0
2025-04-20,91.0,61.0,13.0,30.0,9.0,6.0,"Mahape, Navi Mumbai",35.8,26.5,30.6,62,13.0,6.6,289,1008.0,0.0
2025-04-21,79.0,82.0,13.0,30.0,9.0,7.0,"Mahape, Navi Mumbai",36.2,26.5,30.6,67,13.5,6.3,298,1009.4,0.0
2025-04-22,118.0,83.0,13.0,30.0,9.0,7.0,"Mahape, Navi Mumbai",39.7,26.0,31.8,58,15.3,6.6,292,1009.4,0.0
2025-04-23,118.0,76.0,13.0,30.0,9.0,6.0,"Mahape, Navi Mumbai",39.2,26.2,32.0,60,15.9,6.8,229,1008.0,0.0
2025-04-24,104.0,77.0,13.0,30.0,9.0,6.0,"Mahape, Navi Mumbai",36.2,26.1,31.0,64,13.3,7.7,229,1007.3,0.0
2025-04-25,106.0,69.0,13.0,31.0,9.0,6.0,"Mahape, Navi Mumbai",37.1,26.0,31.1,61,12.8,6.7,254,1007.8,0.0
2025-04-26,87.0,68.0,13.0,31.0,9.0,6.0,"Mahape, Navi Mumbai",37.2,26.0,30.8,61,13.0,6.0,247,1007.6,0.0
2025-04-27,91.0,62.0,13.0,31.0,9.0,6.0,"Mahape, Navi Mumbai",37.8,26.6,31.1,63,14.6,6.2,262,1007.9,0.0
2025-04-28,80.0,65.0,13.0,30.0,9.0,7.0,"Mahape, Navi Mumbai",36.2,25.4,30.4,69,14.5,7.2,228,1007.1,0.0
2025-04-29,86.0,62.0,13.0,30.0,9.0,7.0,"Mahape, Navi Mumbai",35.0,26.0,30.3,71,13.9,7.7,227,1006.6,0.0
2025-04-30,80.0,56.0,13.0,30.0,9.0,7.0,"Mahape, Navi Mumbai",36.4,25.6,30.7,69,13.1,7.1,235,1007.6,0.0
2025-05-01,70.0,64.0,12.0,31.0,9.0,7.0,"Mahape, Navi Mumbai",37.0,25.7,31.2,66,14.2,5.6,248,1008.0,0.0
2025-05-02,84.0,57.0,12.0,31.0,9.0,7.0,"Mahape, Navi Mumbai",38.1,26.5,31.7,59,12.6,5.8,265,1008.1,0.0
2025-05-03,71.0,55.0,12.0,30.0,9.0,7.0,"Mahape, Navi Mumbai",35.2,27.2,30.9,59,15.1,8.1,235,1008.0,0.0
2025-05-04,67.0,69.0,12.0,31.0,9.0,7.0,"Mahape, Navi Mumbai",34.7,26.0,30.5,66,14.0,8.1,230,1007.7,0.0
2025-05-05,87.0,69.0,12.0,26.0,9.0,7.0,"Mahape, Navi Mumbai",35.8,27.1,31.1,64,13.1,7.5,226,1007.3,0.0
2025-05-06,84.0,65.0,12.0,16.0,9.0,7.0,"Mahape, Navi Mumbai",34.7,23.0,29.4,69,15.7,7.7,232,1008.3,4.4
2025-05-07,78.0,79.0,12.0,16.0,9.0,7.0,"Mahape, Navi Mumbai",34.2,25.6,28.4,71,15.3,8.9,212,1007.4,1.1
2025-05-08,77.0,47.0,12.0,17.0,9.0,7.0,"Mahape, Navi Mumbai",30.6,22.6,26.8,79,15.1,8.7,208,1007.4,9.9
2025-05-09,58.0,57.0,12.0,16.0,9.0,7.0,"Mahape, Navi Mumbai",29.9,24.6,27.6,78,15.8,8.6,207,1008.3,0.9
2025-05-10,72.0,53.0,12.0,17.0,9.0,7.0,"Mahape, Navi Mumbai",33.0,24.8,28.8,75,13.7,6.5,239,1008.1,0.5
2025-05-11,67.0,53.0,12.0,17.0,9.0,7.0,"Mahape, Navi Mumbai",36.0,26.1,30.4,67,12.5,5.5,221,1007.4,1.5
2025-05-12,65.0,69.0,12.0,17.0,9.0,7.0,"Mahape, Navi Mumbai",36.1,27.3,31.1,64,11.6,6.3,226,1006.4,1.6
2025-05-13,93.0,64.0,12.0,16.0,9.0,7.0,"Mahape, Navi Mumbai",36.0,28.0,31.4,64,11.9,5.0,280,1006.5,1.2
2025-05-14,84.0,62.0,12.0,17.0,9.0,7.0,"Mahape, Navi Mumbai",35.3,24.6,30.7,67,10.6,5.3,297,1006.9,2.6
2025-05-15,81.0,59.0,12.0,17.0,9.0,7.0,"Mahape, Navi Mumbai",36.0,28.5,31.2,67,12.1,5.2,280,1007.0,5.2
2025-05-16,75.0,60.0,12.0,17.0,9.0,7.0,"Mahape, Navi Mumbai",34.4,28.7,31.1,66,14.4,7.3,213,1006.8,5.9
2025-05-17,78.0,57.0,12.0,16.0,9.0,7.0,"Mahape, Navi Mumbai",33.9,27.7,30.7,68,11.8,7.2,216,1006.5,2.9
2025-05-18,72.0,58.0,12.0,17.0,9.0,7.0,"Mahape, Navi Mumbai",36.5,27.8,31.6,61,12.8,6.6,237,1005.6,0.0
2025-05-19,73.0,66.0,12.0,16.0,9.0,7.0,"Mahape, Navi Mumbai",35.4,28.8,31.4,63,11.9,5.3,313,1004.6,0.7
2025-05-20,89.0,60.0,12.0,17.0,9.0,8.0,"Mahape, Navi Mumbai",35.5,27.9,30.3,75,10.0,4.9,63,1004.0,4.0
2025-05-21,78.0,74.0,12.0,17.0,9.0,7.0,"Mahape, Navi Mumbai",32.7,26.4,29.3,80,10.3,4.6,268,1003.2,0.4
2025-05-22,95.0,74.0,12.0,17.0,9.0,7.0,"Mahape, Navi Mumbai",35.3,25.8,29.5,75,14.0,5.9,298,1001.9,2.1
2025-05-23,100.0,66.0,12.0,17.0,9.0,8.0,"Mahape, Navi Mumbai",35.0,25.9,29.3,81,10.7,4.8,27,999.5,3.1
2025-05-24,87.0,57.0,12.0,16.0,9.0,8.0,"Mahape, Navi Mumbai",34.0,26.3,29.6,78,13.6,6.3,19,999.2,2.5
2025-05-25,72.0,65.0,12.0,16.5,9.0,7.5,"Mahape, Navi Mumbai",27.7,24.4,25.8,93,9.2,5.4,177,1001.8,17.1
2025-05-26,77.0,73.0,12.0,17.0,9.0,7.0,"Mahape, Navi Mumbai",26.8,24.5,25.5,95,15.2,7.8,73,1002.1,61.4
2025-05-27,82.0,58.0,12.0,16.0,9.0,8.0,"Mahape, Navi Mumbai",31.1,24.1,26.8,88,12.6,6.7,169,1001.9,5.8
2025-05-28,74.0,93.0,12.0,16.0,9.0,5.0,"Mahape, Navi Mumbai",29.0,24.0,26.6,89,13.7,9.0,179,1002.3,9.2
2025-05-29,114.0,60.0,12.0,17.0,9.0,3.0,"Mahape, Navi Mumbai",32.9,26.1,28.9,83,14.5,9.4,217,1000.8,1.7
2025-05-30,76.0,75.66666666666667,12.0,17.0,9.0,3.333333333333333,"Mahape, Navi Mumbai",32.1,27.4,29.6,79,16.7,11.5,235,1002.0,1.1
2025-06-01,91.33333333333331,107.0,8.5,17.0,9.0,4.0,"Mahape, Navi Mumbai",30.5,25.1,27.1,86,17.4,12.7,193,1006.0,6.2
2025-06-02,99.0,78.0,8.5,17.0,9.0,3.0,"Mahape, Navi Mumbai",31.4,25.0,27.8,82,18.5,13.1,203,1004.9,3.0
2025-06-03,86.0,47.0,8.5,16.0,9.0,3.0,"Mahape, Navi Mumbai",31.4,24.9,27.5,83,19.3,12.7,197,1005.3,9.3
2025-06-04,59.0,70.0,8.5,16.0,9.0,4.0,"Mahape, Navi Mumbai",30.2,24.1,27.0,82,12.6,8.7,183,1006.5,3.1
2025-06-05,91.0,75.0,8.5,17.0,9.0,3.0,"Mahape, Navi Mumbai",31.6,24.7,28.1,77,9.5,5.3,183,1008.5,1.8
2025-06-06,97.0,55.0,8.5,16.0,9.0,3.0,"Mahape, Navi Mumbai",31.8,25.9,28.4,82,8.6,5.1,190,1009.3,6.5
2025-06-07,70.0,57.0,8.5,16.0,9.0,3.0,"Mahape, Navi Mumbai",31.4,25.2,27.7,85,9.5,5.8,201,1009.4,12.5
2025-06-08,72.0,56.0,8.5,16.0,9.0,4.0,"Mahape, Navi Mumbai",31.5,25.9,28.4,83,9.8,6.9,216,1008.7,6.0
2025-06-09,69.0,53.0,8.5,17.0,9.0,4.0,"Mahape, Navi Mumbai",31.8,25.9,29.0,79,14.4,7.6,269,1007.7,0.9
2025-06-10,67.0,64.0,8.5,16.0,9.0,3.0,"Mahape, Navi Mumbai",31.8,26.9,29.1,79,14.7,6.8,282,1005.6,0.9
2025-06-11,78.0,47.0,8.5,17.0,9.0,4.0,"Mahape, Navi Mumbai",32.8,27.4,29.9,77,13.7,6.8,292,1004.0,0.2
2025-06-12,57.0,55.0,8.5,17.0,9.0,4.0,"Mahape, Navi Mumbai",32.3,28.0,30.0,79,16.7,9.1,309,1002.2,3.3
2025-06-13,71.0,57.0,8.5,16.0,9.0,4.0,"Mahape, Navi Mumbai",32.2,25.5,28.1,88,11.7,7.1,2,1001.6,51.4
2025-06-14,72.0,43.0,8.5,17.0,9.0,4.0,"Mahape, Navi Mumbai",31.9,25.4,27.7,90,8.0,5.3,7,1000.3,53.8
2025-06-15,53.0,30.0,8.5,14.0,10.0,4.0,"Mahape, Navi Mumbai",30.9,24.9,26.5,94,12.2,6.1,184,997.8,52.2
2025-06-16,32.0,60.0,8.5,12.0,9.0,3.0,"Mahape, Navi Mumbai",26.2,25.1,25.8,95,23.4,16.1,231,998.8,92.9
2025-06-17,71.0,34.0,8.5,12.0,9.0,4.0,"Mahape, Navi Mumbai",29.5,24.3,26.7,88,21.4,16.3,202,1001.8,17.6
2025-06-18,39.0,41.0,8.5,12.0,9.0,4.0,"Mahape, Navi Mumbai",28.5,25.5,26.8,90,22.6,16.0,232,1002.6,73.5
2025-06-19,49.0,76.0,8.5,12.0,9.0,3.0,"Mahape, Navi Mumbai",27.2,24.4,25.7,94,18.6,12.2,231,1003.6,58.1
2025-06-20,95.0,53.0,8.5,12.0,10.0,4.0,"Mahape, Navi Mumbai",30.1,24.5,27.1,86,19.7,13.9,208,1005.0,10.2
2025-06-21,64.0,71.0,8.5,12.0,9.5,4.0,"Mahape, Navi Mumbai",30.1,24.1,26.6,88,18.2,13.3,196,1005.4,14.0
2025-06-22,75.0,89.0,8.5,12.0,9.0,4.0,"Mahape, Navi Mumbai",28.8,24.3,26.6,88,17.4,12.9,207,1004.6,17.7
2025-06-23,86.0,47.0,8.5,12.0,10.0,4.0,"Mahape, Navi Mumbai",29.0,24.7,26.3,89,19.4,14.3,220,1003.0,46.1
2025-06-24,57.0,48.0,8.5,12.0,9.0,4.0,"Mahape, Navi Mumbai",29.0,24.6,26.1,91,16.6,12.1,212,1002.0,26.4
2025-06-25,58.0,48.0,8.5,12.0,9.0,4.0,"Mahape, Navi Mumbai",30.2,25.5,27.8,83,18.8,14.4,227,1001.5,8.4
2025-06-26,58.0,47.0,8.5,12.0,9.0,4.0,"Mahape, Navi Mumbai",28.1,24.0,26.0,91,18.0,12.5,200,1001.9,23.6
2025-06-27,57.0,50.0,8.5,12.0,9.0,4.0,"Mahape, Navi Mumbai",28.2,24.7,26.5,87,21.0,14.6,206,1002.6,22.9
2025-06-28,61.0,45.0,8.5,12.0,9.0,4.0,"Mahape, Navi Mumbai",29.4,24.1,26.5,85,25.7,16.6,213,1004.1,16.7
2025-06-29,55.0,47.0,10.0,12.0,9.0,4.0,"Mahape, Navi Mumbai",28.6,24.5,26.2,88,16.6,13.5,203,1004.3,16.4
2025-06-30,57.0,47.0,7.0,12.0,9.0,4.0,"Mahape, Navi Mumbai",28.5,24.4,26.2,87,19.4,13.3,219,1004.1,24.0
2025-07-01,58.0,38.0,7.0,12.0,9.0,4.0,"Mahape, Navi Mumbai",28.4,24.2,26.3,89,17.7,10.5,217,1004.3,21.6
2025-07-02,46.0,62.0,7.0,12.0,9.0,4.0,"Mahape, Navi Mumbai",28.5,24.8,26.1,90,15.9,12.0,230,1003.6,41.3
2025-07-03,63.0,44.0,11.0,12.0,9.0,4.0,"Mahape, Navi Mumbai",28.7,24.0,26.0,89,19.1,14.2,211,1003.7,20.8
2025-07-04,53.0,43.0,7.0,12.0,9.0,4.0,"Mahape, Navi Mumbai",29.0,24.8,26.4,87,20.9,16.0,217,1004.6,18.4
2025-07-05,52.0,44.0,7.0,12.0,9.0,4.0,"Mahape, Navi Mumbai",27.9,24.9,26.2,89,18.1,14.6,224,1004.4,22.1
2025-07-06,54.0,51.0,7.0,12.0,9.0,4.0,"Mahape, Navi Mumbai",27.4,24.8,25.8,91,20.7,14.0,225,1003.8,24.7
2025-07-07,62.0,60.0,15.0,12.0,9.0,17.0,"Mahape, Navi Mumbai",28.0,24.5,26.4,87,17.8,12.3,222,1004.2,9.9
2025-07-08,71.0,81.0,11.0,12.0,9.0,21.0,"Mahape, Navi Mumbai",28.9,25.9,27.0,85,17.6,11.5,218,1004.8,7.3
2025-07-09,85.0,104.0,9.0,12.0,9.0,4.0,"Mahape, Navi Mumbai",28.9,25.0,26.1,89,13.0,10.3,203,1005.2,8.8
2025-07-10,95.0,67.0,9.0,12.0,9.0,4.0,"Mahape, Navi Mumbai",29.5,24.5,26.6,88,13.9,10.3,193,1005.3,3.3
2025-07-11,78.0,57.0,8.0,12.0,9.0,4.0,"Mahape, Navi Mumbai",28.7,24.9,26.5,88,12.7,8.5,198,1005.4,11.0
2025-07-12,68.0,44.0,9.0,12.0,9.0,4.0,"Mahape, Navi Mumbai",30.2,24.2,26.9,86,14.6,9.4,216,1006.0,4.2
2025-07-13,54.0,33.0,8.0,12.0,9.0,4.0,"Mahape, Navi Mumbai",28.6,24.5,26.4,87,16.7,10.3,209,1005.7,9.7
2025-07-14,37.0,44.0,11.0,12.0,9.0,5.0,"Mahape, Navi Mumbai",27.5,24.1,25.8,92,19.3,12.1,223,1004.3,47.2
2025-07-15,54.0,50.0,10.0,12.0,10.0,5.0,"Mahape, Navi Mumbai",28.4,24.8,26.4,89,12.7,9.4,216,1003.8,21.1
2025-07-16,62.0,69.0,8.0,12.0,10.0,4.0,"Mahape, Navi Mumbai",30.4,24.9,27.4,86,13.9,8.8,229,1004.0,2.7
2025-07-17,80.0,58.0,7.0,12.0,10.0,5.0,"Mahape, Navi Mumbai",30.1,25.1,27.5,85,9.3,6.9,210,1004.8,3.0
2025-07-18,73.0,52.0,7.0,12.0,10.0,5.0,"Mahape, Navi Mumbai",30.3,25.3,27.6,84,10.5,7.3,213,1005.1,1.4
2025-07-19,64.0,42.0,10.0,12.0,10.0,5.0,"Mahape, Navi Mumbai",29.5,24.7,26.7,87,12.0,9.4,198,1003.1,5.5
2025-07-20,50.0,51.0,8.0,12.0,10.0,5.0,"Mahape, Navi Mumbai",28.6,24.5,26.3,89,13.4,10.5,206,1002.3,11.1
2025-07-21,59.0,35.0,7.0,12.0,10.0,4.0,"Mahape, Navi Mumbai",27.9,24.6,26.0,92,11.2,8.1,194,1003.5,48.7
2025-07-22,42.0,35.0,7.0,12.0,10.0,5.0,"Mahape, Navi Mumbai",28.7,24.8,26.2,91,13.1,8.0,209,1004.2,20.4
2025-07-23,42.0,43.0,8.0,12.0,10.0,5.0,"Mahape, Navi Mumbai",27.4,24.8,25.9,90,13.4,8.8,217,1003.1,11.3
2025-07-24,53.0,34.0,7.0,12.0,10.0,4.0,"Mahape, Navi Mumbai",27.4,24.0,25.6,91,15.5,11.2,211,1001.8,15.6
2025-07-25,42.0,40.0,7.0,12.0,10.0,5.0,"Mahape, Navi Mumbai",27.4,25.1,26.1,91,15.5,12.6,234,1001.3,19.7
2025-07-26,49.0,46.0,6.0,12.0,10.0,5.0,"Mahape, Navi Mumbai",27.5,24.6,25.9,90,17.5,14.0,240,1002.3,17.6
2025-07-27,56.0,48.0,9.0,12.0,10.0,4.0,"Mahape, Navi Mumbai",28.6,24.5,26.5,85,24.7,17.6,238,1003.6,14.7
2025-07-28,58.0,47.0,6.0,12.0,10.0,4.0,"Mahape, Navi Mumbai",28.5,24.8,26.3,85,21.6,16.6,238,1004.9,10.7
2025-07-29,57.0,50.0,7.0,12.0,10.0,5.0,"Mahape, Navi Mumbai",27.5,24.8,26.2,86,19.8,15.0,241,1005.3,9.2
2025-07-30,61.0,54.0,7.0,12.0,10.0,5.0,"Mahape, Navi Mumbai",27.6,25.2,26.3,87,17.6,14.2,235,1004.9,5.8
2025-07-31,66.0,54.0,7.0,12.0,10.0,5.0,"Mahape, Navi Mumbai",28.7,25.1,26.7,85,19.0,14.8,226,1005.5,5.3
2025-08-01,67.0,49.0,7.0,12.0,10.0,4.0,"Mahape, Navi Mumbai",28.8,24.6,26.8,84,15.1,11.6,225,1006.2,4.5
2025-08-02,59.0,50.0,7.0,12.0,10.0,5.0,"Mahape, Navi Mumbai",29.4,24.5,26.4,87,12.7,9.1,216,1006.4,4.8
2025-08-03,60.0,54.0,7.0,12.0,10.0,5.0,"Mahape, Navi Mumbai",28.6,24.5,26.5,86,11.4,8.7,203,1007.2,2.3
2025-08-04,66.0,55.0,6.0,12.0,10.0,4.0,"Mahape, Navi Mumbai",29.8,24.6,27.0,84,10.5,7.3,209,1008.2,1.5
2025-08-05,69.0,57.0,4.0,12.0,10.0,5.0,"Mahape, Navi Mumbai",29.9,24.8,27.2,83,11.7,6.1,230,1007.8,1.8
2025-08-06,71.0,44.0,4.0,12.0,10.0,4.0,"Mahape, Navi Mumbai",30.5,24.9,27.4,85,11.3,4.7,256,1007.3,0.9
2025-08-07,54.0,55.0,7.0,12.0,10.0,5.0,"Mahape, Navi Mumbai",28.9,25.8,27.2,86,9.5,4.3,261,1007.1,1.6
2025-08-08,70.0,50.0,7.0,12.0,10.0,4.0,"Mahape, Navi Mumbai",28.5,25.2,26.6,88,7.5,4.7,185,1007.9,2.4
2025-08-09,62.0,44.0,5.0,12.0,10.0,5.0,"Mahape, Navi Mumbai",29.1,24.0,26.4,87,8.6,5.7,176,1009.4,1.6
2025-08-10,55.0,51.0,5.0,12.0,10.0,5.0,"Mahape, Navi Mumbai",28.4,24.2,25.8,89,11.2,7.9,174,1008.7,7.7
2025-08-11,63.0,50.0,2.0,12.0,10.0,5.0,"Mahape, Navi Mumbai",28.8,24.0,26.2,86,13.1,8.7,197,1008.4,4.3
2025-08-12,61.0,47.0,7.0,12.0,10.0,4.0,"Mahape, Navi Mumbai",29.0,24.2,26.6,84,12.7,8.5,216,1007.1,3.1
2025-08-13,58.0,41.0,7.0,12.0,10.0,5.0,"Mahape, Navi Mumbai",28.3,24.8,26.0,89,10.1,7.2,198,1005.1,16.8
2025-08-14,50.0,32.0,3.0,12.0,10.0,5.0,"Mahape, Navi Mumbai",27.5,24.6,25.6,92,12.3,8.3,187,1004.4,8.5
2025-08-15,35.0,29.0,11.0,12.0,10.0,5.0,"Mahape, Navi Mumbai",27.5,24.6,25.8,92,13.8,8.6,207,1003.8,25.1
2025-08-16,30.0,38.0,4.0,12.0,10.0,5.0,"Mahape, Navi Mumbai",27.0,24.3,25.2,93,14.4,8.7,202,1002.6,26.8
2025-08-17,47.0,30.0,15.0,12.0,10.0,5.0,"Mahape, Navi Mumbai",28.4,24.5,26.0,90,17.7,11.1,206,1001.4,9.6
2025-08-18,32.0,30.0,9.0,12.0,10.0,5.0,"Mahape, Navi Mumbai",25.8,24.7,25.1,95,19.9,13.8,226,1003.7,94.2
2025-08-19,33.0,36.0,6.0,12.0,10.0,8.0,"Mahape, Navi Mumbai",26.0,24.6,25.2,94,22.6,17.3,237,1002.6,106.0
2025-08-20,43.0,41.0,4.0,12.0,10.0,12.0,"Mahape, Navi Mumbai",25.9,24.4,25.1,93,22.4,17.7,232,1003.8,50.4
2025-08-21,50.0,41.0,4.0,12.0,10.0,9.0,"Mahape, Navi Mumbai",29.0,24.6,26.2,87,21.2,16.1,224,1007.1,18.4
2025-08-22,50.0,44.0,4.0,12.0,10.0,13.0,"Mahape, Navi Mumbai",28.7,24.6,26.2,85,18.9,14.4,224,1008.0,8.2
2025-08-23,43.0,43.0,4.0,12.0,10.0,9.0,"Mahape, Navi Mumbai",29.0,23.9,26.5,82,20.7,14.8,228,1007.1,9.6
2025-08-24,26.0,38.0,4.0,12.0,10.0,5.0,"Mahape, Navi Mumbai",28.5,24.5,26.3,83,20.5,15.3,229,1007.8,6.4
2025-08-25,23.0,41.0,5.0,12.0,10.0,4.0,"Mahape, Navi Mumbai",26.3,24.2,25.1,90,18.6,13.7,228,1007.1,16.1
2025-08-26,24.0,40.0,4.0,12.0,10.0,5.0,"Mahape, Navi Mumbai",28.2,24.4,26.1,87,15.3,10.2,232,1006.7,16.1
2025-08-27,24.0,51.0,6.0,12.0,10.0,5.0,"Mahape, Navi Mumbai",29.0,24.5,26.4,86,12.3,6.3,236,1005.5,13.7
2025-08-28,40.0,37.0,8.0,12.0,10.0,4.0,"Mahape, Navi Mumbai",29.3,24.5,26.4,90,9.6,5.7,234,1004.5,15.9
2025-08-29,23.0,39.0,4.0,12.0,10.0,4.0,"Mahape, Navi Mumbai",28.8,24.6,26.2,89,10.7,7.4,205,1004.5,8.7
2025-08-30,24.0,42.0,4.0,12.0,10.0,4.0,"Mahape, Navi Mumbai",29.5,24.1,26.5,86,11.1,8.6,203,1006.4,0.7
2025-08-31,24.0,40.0,4.0,12.0,10.0,5.0,"Mahape, Navi Mumbai",28.3,25.0,26.3,87,14.7,10.1,224,1006.8,5.4
2025-09-01,24.0,41.0,4.0,12.0,10.0,5.0,"Mahape, Navi Mumbai",28.0,24.4,26.1,87,17.6,11.6,235,1005.3,8.0
2025-09-02,24.0,52.0,4.0,12.0,10.0,5.0,"Mahape, Navi Mumbai",29.1,24.8,26.6,86,13.2,9.5,253,1005.0,4.8
2025-09-03,27.0,46.0,4.0,12.0,10.0,5.0,"Mahape, Navi Mumbai",29.2,24.0,26.7,83,13.0,6.9,255,1005.3,4.3
2025-09-04,25.0,41.0,6.0,12.0,10.0,6.0,"Mahape, Navi Mumbai",25.9,24.2,25.2,92,8.4,6.2,213,1005.7,12.8
2025-09-05,23.0,35.0,6.0,12.0,10.0,5.0,"Mahape, Navi Mumbai",28.0,24.5,25.6,92,15.9,9.0,212,1006.1,11.5
2025-09-06,19.0,39.0,4.0,12.0,10.0,6.0,"Mahape, Navi Mumbai",26.9,24.4,25.5,90,17.6,11.6,216,1007.2,14.3
2025-09-07,20.0,69.0,4.0,12.0,10.0,6.0,"Mahape, Navi Mumbai",28.4,24.0,25.8,87,15.9,12.0,205,1007.6,9.4
2025-09-08,42.0,58.0,4.0,12.0,10.0,2.0,"Mahape, Navi Mumbai",28.5,23.5,25.9,86,15.9,11.3,193,1007.4,1.8
2025-09-09,29.0,74.0,4.0,12.0,10.0,2.0,"Mahape, Navi Mumbai",30.1,23.8,26.7,82,9.1,6.2,192,1009.0,0.0
2025-09-10,36.0,72.0,4.0,12.0,10.0,2.0,"Mahape, Navi Mumbai",30.9,23.6,27.1,81,10.6,4.5,273,1009.6,0.2
2025-09-11,42.0,60.0,4.0,12.0,10.0,1.0,"Mahape, Navi Mumbai",29.9,23.5,26.7,84,8.5,4.3,220,1009.4,0.9
2025-09-12,34.0,65.0,4.0,12.0,10.0,2.0,"Mahape, Navi Mumbai",30.3,24.1,26.9,83,9.0,4.2,12,1009.3,4.6
2025-09-13,44.0,42.0,4.0,12.0,10.0,3.0,"Mahape, Navi Mumbai",29.4,24.6,26.5,88,9.7,3.4,325,1008.9,10.3
2025-09-14,24.0,35.0,4.0,12.0,10.0,2.0,"Mahape, Navi Mumbai",30.2,24.3,26.1,90,12.3,4.3,345,1008.6,27.8
2025-09-15,19.0,51.0,4.0,12.0,11.0,2.0,"Mahape, Navi Mumbai",28.3,24.5,26.0,91,11.6,5.2,264,1008.0,49.3
2025-09-16,28.0,47.0,4.0,12.0,11.0,2.0,"Mahape, Navi Mumbai",28.5,24.6,25.8,92,11.0,4.1,208,1007.8,24.3
2025-09-17,24.0,45.0,4.0,12.0,11.0,2.0,"Mahape, Navi Mumbai",28.6,24.1,26.2,91,8.5,4.5,187,1007.6,18.3
2025-09-18,25.0,44.0,4.0,12.0,11.0,2.0,"Mahape, Navi Mumbai",29.1,23.9,25.8,92,8.3,4.1,187,1007.5,24.2
2025-09-19,26.0,51.0,4.0,12.0,11.0,2.0,"Mahape, Navi Mumbai",28.5,24.2,25.9,91,8.6,5.2,205,1008.5,21.6
2025-09-20,26.0,42.0,4.0,12.0,11.0,2.0,"Mahape, Navi Mumbai",29.5,24.1,26.2,90,9.1,6.3,194,1008.7,12.7
2025-09-21,23.0,43.0,4.0,12.0,11.0,3.0,"Mahape, Navi Mumbai",29.0,24.0,25.9,91,9.0,5.0,208,1008.3,13.4
2025-09-22,22.0,48.0,4.0,12.0,11.0,2.0,"Mahape, Navi Mumbai",29.0,23.6,25.5,92,9.1,3.9,210,1009.1,40.4
2025-09-23,25.0,52.0,4.0,12.0,11.0,3.0,"Mahape, Navi Mumbai",28.6,24.0,26.1,89,14.2,6.4,207,1009.5,9.2
2025-09-24,28.0,82.0,4.0,12.0,11.0,1.0,"Mahape, Navi Mumbai",28.9,24.2,26.5,84,9.8,5.0,196,1008.0,2.9
2025-09-25,49.0,93.0,4.0,12.0,11.0,1.0,"Mahape, Navi Mumbai",29.0,23.8,26.3,85,9.5,6.0,199,1007.3,1.5
2025-09-26,61.0,56.0,4.0,12.0,11.0,1.0,"Mahape, Navi Mumbai",30.0,23.6,26.1,88,8.1,4.5,73,1007.3,6.4
2025-09-27,38.0,33.0,6.0,12.0,11.0,1.0,"Mahape, Navi Mumbai",29.2,23.7,25.8,90,11.5,6.0,252,1007.3,10.6
2025-09-28,18.0,38.0,4.0,12.0,11.0,2.0,"Mahape, Navi Mumbai",25.8,24.4,25.1,94,23.1,13.3,263,1003.8,136.1
2025-09-29,21.0,37.0,4.0,12.0,11.0,2.0,"Mahape, Navi Mumbai",28.8,24.0,25.9,84,20.0,14.5,205,1004.4,19.9
2025-09-30,17.0,41.0,4.0,12.0,11.0,2.0,"Mahape, Navi Mumbai",27.9,23.4,25.2,88,19.1,13.7,191,1005.4,5.6
2025-10-01,18.0,38.0,4.0,12.0,11.0,2.0,"Mahape, Navi Mumbai",29.4,23.3,25.6,87,18.4,13.4,184,1005.0,4.9
2025-10-02,18.0,45.0,4.0,12.0,11.0,4.0,"Mahape, Navi Mumbai",29.2,24.0,26.1,87,19.5,11.4,186,1006.9,2.6
2025-10-03,20.0,51.0,4.0,12.0,11.0,3.0,"Mahape, Navi Mumbai",30.0,24.2,26.6,87,13.3,8.7,186,1009.6,1.6
2025-10-04,24.0,59.0,4.0,12.0,11.0,7.0,"Mahape, Navi Mumbai",29.9,24.4,26.5,87,11.5,7.0,184,1011.0,3.8
2025-10-05,28.0,55.0,4.0,12.0,11.0,6.0,"Mahape, Navi Mumbai",28.4,23.5,26.0,86,9.8,7.0,186,1011.1,4.3
2025-10-06,26.0,69.0,4.0,12.0,11.0,7.0,"Mahape, Navi Mumbai",29.2,23.9,26.1,83,12.7,7.9,196,1011.7,2.1
2025-10-07,37.0,83.0,4.0,12.0,11.0,1.0,"Mahape, Navi Mumbai",29.7,23.6,26.3,84,10.8,5.0,208,1011.7,1.6
2025-10-08,44.0,78.0,4.0,12.0,11.0,2.0,"Mahape, Navi Mumbai",31.5,23.8,27.0,83,10.5,4.7,349,1011.3,0.0
2025-10-09,44.0,85.0,4.0,12.0,10.0,3.0,"Mahape, Navi Mumbai",32.8,24.4,28.2,75,9.4,5.2,2,1011.4,0.0
2025-10-10,47.0,99.0,4.0,12.0,10.0,2.0,"Mahape, Navi Mumbai",33.7,24.1,28.5,65,9.4,6.3,12,1010.1,0.0
2025-10-11,59.0,93.0,4.0,12.0,11.0,3.0,"Mahape, Navi Mumbai",34.4,24.4,28.7,62,10.7,6.2,4,1009.7,0.0
2025-10-12,48.0,86.0,4.0,12.0,11.0,3.0,"Mahape, Navi Mumbai",35.2,24.4,29.4,58,10.1,6.1,26,1009.3,0.0
2025-10-13,46.0,98.0,4.0,12.0,10.0,2.0,"Mahape, Navi Mumbai",35.7,24.6,29.7,54,11.2,7.0,20,1009.7,0.0
2025-10-14,62.0,86.0,4.0,12.0,11.0,2.0,"Mahape, Navi Mumbai",35.9,23.7,29.6,53,8.9,6.3,38,1008.0,0.0
2025-10-15,52.0,71.0,4.0,12.0,10.0,3.0,"Mahape, Navi Mumbai",34.8,24.1,28.4,66,11.5,6.4,58,1007.4,2.8
2025-10-16,43.0,60.0,4.0,12.0,10.0,2.0,"Mahape, Navi Mumbai",34.2,25.7,28.7,77,9.4,6.0,61,1008.0,18.1
2025-10-17,37.0,67.0,4.0,12.0,10.0,2.0,"Mahape, Navi Mumbai",35.4,25.5,30.2,67,8.9,7.1,36,1008.9,0.0
2025-10-18,41.0,74.0,4.0,12.0,10.0,2.0,"Mahape, Navi Mumbai",34.5,25.5,29.9,64,10.6,5.9,51,1008.8,0.6
2025-10-19,49.0,75.0,4.0,12.0,10.0,3.0,"Mahape, Navi Mumbai",35.8,25.8,30.6,59,11.1,6.9,31,1007.5,0.3
2025-10-20,88.0,68.0,4.0,12.0,10.0,2.0,"Mahape, Navi Mumbai",36.3,25.9,30.9,55,9.9,7.2,37,1006.8,0.0
2025-10-21,55.0,57.0,4.0,12.0,10.0,3.0,"Mahape, Navi Mumbai",34.8,25.9,29.3,66,11.1,5.9,54,1008.1,6.3
2025-10-22,42.0,64.0,4.0,12.0,10.0,2.0,"Mahape, Navi Mumbai",34.8,26.0,28.9,75,10.3,6.4,45,1008.4,6.8
2025-10-23,41.0,53.0,4.0,12.0,10.0,12.0,"Mahape, Navi Mumbai",34.9,26.4,30.1,69,11.3,6.4,51,1007.1,4.7
2025-10-24,34.0,45.0,4.0,12.0,10.0,16.0,"Mahape, Navi Mumbai",32.5,26.0,28.8,77,11.6,5.2,131,1007.0,16.0
2025-10-25,25.0,34.0,4.0,13.0,11.0,4.0,"Mahape, Navi Mumbai",30.8,25.0,26.9,86,13.1,6.1,132,1006.8,23.3
2025-10-26,19.0,41.0,4.0,12.0,10.0,9.0,"Mahape, Navi Mumbai",27.6,24.2,25.4,93,14.1,6.4,129,1006.7,32.7
2025-10-27,22.0,49.0,4.0,12.0,10.0,11.0,"Mahape, Navi Mumbai",31.5,23.5,26.1,88,14.1,7.4,166,1006.5,12.0
2025-10-28,25.0,69.0,4.0,12.0,10.0,13.0,"Mahape, Navi Mumbai",32.8,25.4,28.0,75,13.2,9.3,156,1005.8,0.1
2025-10-29,44.0,53.0,4.0,12.0,10.0,3.0,"Mahape, Navi Mumbai",32.3,25.8,28.2,74,12.8,7.5,175,1005.1,0.6
2025-10-30,28.0,48.0,4.0,12.0,10.0,2.0,"Mahape, Navi Mumbai",30.1,24.4,26.6,82,13.0,9.6,166,1007.0,6.0
2025-10-31,25.0,44.0,4.0,12.0,10.0,3.0,"Mahape, Navi Mumbai",30.2,24.9,27.0,80,17.2,13.2,171,1008.4,4.1
2025-11-01,24.0,43.0,4.0,12.0,10.0,2.0,"Mahape, Navi Mumbai",29.5,23.8,26.4,87,16.1,11.4,176,1010.3,6.5
2025-11-02,21.0,46.0,4.0,12.0,10.0,3.0,"Mahape, Navi Mumbai",29.2,24.5,26.1,89,16.3,9.2,189,1012.4,3.9
2025-11-03,24.0,52.0,4.0,12.0,10.0,3.0,"Mahape, Navi Mumbai",29.4,22.8,26.3,87,11.6,7.1,198,1012.4,1.3
2025-11-04,27.0,61.0,4.0,12.0,10.0,3.0,"Mahape, Navi Mumbai",29.1,23.9,26.1,86,10.8,5.7,210,1011.8,4.8
2025-11-05,32.0,69.0,4.0,12.0,10.0,23.0,"Mahape, Navi Mumbai",29.7,23.0,25.8,82,8.6,4.0,319,1011.0,0.6
2025-11-06,36.0,76.0,4.0,12.0,10.0,13.0,"Mahape, Navi Mumbai",30.0,22.9,26.0,81,8.1,3.7,7,1011.6,0.4
2025-11-07,35.5,83.0,4.0,12.0,10.0,3.0,"Mahape, Navi Mumbai",32.7,23.2,27.0,75,11.9,4.2,342,1012.3,0.0
2025-11-08,35.0,90.0,4.0,12.0,10.0,3.0,"Mahape, Navi Mumbai",33.2,22.4,27.4,55,10.1,8.6,35,1013.3,0.0
2025-11-09,34.0,97.0,4.0,12.0,9.0,3.0,"Mahape, Navi Mumbai",32.3,21.4,26.3,55,9.7,6.5,346,1012.7,0.0
2025-11-10,43.0,87.0,4.0,12.0,9.0,3.0,"Mahape, Navi Mumbai",32.5,20.6,26.3,52,7.4,4.8,93,1012.2,0.0
2025-11-11,44.0,85.0,4.0,12.0,9.0,3.0,"Mahape, Navi Mumbai",32.9,21.2,26.6,55,11.1,5.7,38,1013.0,0.0
2025-11-12,43.0,89.0,4.0,12.0,9.0,3.0,"Mahape, Navi Mumbai",32.8,21.0,26.9,47,12.8,7.8,30,1013.4,0.0
2025-11-13,45.0,127.0,4.0,12.0,9.0,3.0,"Mahape, Navi Mumbai",33.5,21.3,27.2,46,10.3,8.0,26,1013.8,0.0
2025-11-14,60.0,86.0,4.0,12.0,9.0,27.0,"Mahape, Navi Mumbai",33.7,21.2,27.4,43,8.9,6.2,37,1013.1,0.0
2025-11-15,42.0,97.0,4.0,12.0,10.0,30.0,"Mahape, Navi Mumbai",33.3,20.6,26.9,40,10.5,6.1,44,1013.8,0.0
2025-11-16,46.0,85.0,4.0,12.0,9.0,2.0,"Mahape, Navi Mumbai",32.9,20.0,26.4,41,10.7,7.5,35,1015.1,0.0
2025-11-17,46.0,96.0,4.0,12.0,10.0,3.0,"Mahape, Navi Mumbai",32.9,20.2,25.9,43,12.8,7.4,34,1014.6,0.0
2025-11-18,46.0,96.0,4.0,12.0,9.0,3.0,"Mahape, Navi Mumbai",32.2,19.0,25.3,44,11.3,7.2,35,1013.0,0.0
2025-11-19,46.0,107.0,4.0,12.0,9.0,3.0,"Mahape, Navi Mumbai",33.4,18.0,25.7,43,11.0,6.4,22,1012.8,0.0
2025-11-20,61.0,112.0,4.0,12.0,9.0,3.0,"Mahape, Navi Mumbai",33.8,20.0,26.5,44,10.7,6.3,27,1013.1,0.0
2025-11-21,53.0,114.0,4.0,12.0,9.0,2.0,"Mahape, Navi Mumbai",35.0,19.9,27.2,46,9.4,6.0,26,1013.9,0.0
2025-11-22,62.0,93.0,4.0,12.0,9.0,11.0,"Mahape, Navi Mumbai",34.8,22.5,28.3,50,10.7,6.5,344,1013.0,0.0
2025-11-23,51.0,90.0,4.0,12.0,9.0,28.0,"Mahape, Navi Mumbai",35.0,24.2,29.1,53,10.5,5.9,352,1013.0,0.0
2025-11-24,56.0,89.0,4.0,12.0,9.0,26.0,"Mahape, Navi Mumbai",35.5,24.4,29.2,56,13.6,5.7,347,1013.0,0.1
2025-11-25,56.0,98.0,4.0,12.0,9.0,12.0,"Mahape, Navi Mumbai",35.1,24.4,29.1,59,10.2,6.1,349,1012.7,0.0
2025-11-26,61.0,99.0,4.0,12.0,9.0,21.0,"Mahape, Navi Mumbai",34.8,24.9,28.9,59,13.5,5.3,270,1012.9,0.1
2025-11-27,57.0,95.0,4.0,12.0,9.0,24.0,"Mahape, Navi Mumbai",35.1,23.6,28.8,52,8.1,5.2,47,1013.5,0.0
2025-11-28,54.0,112.0,4.0,12.0,9.0,5.0,"Mahape, Navi Mumbai",34.1,23.2,28.4,49,13.4,6.9,26,1013.0,0.0
2025-11-29,70.0,79.0,3.0,12.0,10.0,2.0,"Mahape, Navi Mumbai",34.0,22.2,27.8,43,12.8,8.2,53,1011.9,0.0
2025-11-30,51.0,133.0,4.0,12.0,9.0,3.0,"Mahape, Navi Mumbai",33.5,19.8,26.1,43,11.1,6.7,33,1011.7,0.0
2025-12-01,66.0,103.0,4.0,12.0,10.0,3.0,"Mahape, Navi Mumbai",33.7,19.5,26.2,43,9.5,6.2,22,1011.5,0.0
2025-12-02,54.0,95.0,4.0,12.0,9.0,3.0,"Mahape, Navi Mumbai",33.5,20.5,26.8,42,8.6,6.3,22,1011.5,0.0
2025-12-03,51.0,89.0,4.0,12.0,9.0,4.0,"Mahape, Navi Mumbai",33.9,20.4,27.0,42,8.8,6.8,30,1012.5,0.0
2025-12-04,50.0,88.0,5.0,12.0,9.0,4.0,"Mahape, Navi Mumbai",34.0,21.5,27.8,44,10.1,8.0,34,1013.4,0.0
2025-12-05,50.0,91.0,4.0,12.0,9.0,4.0,"Mahape, Navi Mumbai",34.3,22.7,28.5,45,10.9,8.1,35,1014.3,0.0
2025-12-06,47.0,87.0,4.0,12.0,9.0,3.0,"Mahape, Navi Mumbai",33.8,22.9,28.0,45,9.7,7.4,26,1014.9,0.0
2025-12-07,46.0,97.0,4.0,12.0,9.0,4.0,"Mahape, Navi Mumbai",34.8,21.6,27.6,42,9.7,6.7,39,1014.7,0.0
2025-12-08,52.0,95.0,4.0,12.0,9.0,4.0,"Mahape, Navi Mumbai",35.0,20.6,27.5,43,11.7,5.7,21,1014.5,0.0
2025-12-09,50.0,93.0,4.0,12.0,9.0,4.0,"Mahape, Navi Mumbai",34.4,20.1,27.2,31,10.5,7.7,38,1014.1,0.0
2025-12-10,37.0,110.0,4.0,12.0,9.0,3.0,"Mahape, Navi Mumbai",34.6,20.4,27.1,28,10.7,7.7,33,1014.9,0.0
2025-12-11,53.0,86.0,4.0,12.0,9.0,4.0,"Mahape, Navi Mumbai",33.8,19.6,26.2,33,10.6,7.9,40,1014.3,0.0
2025-12-12,36.0,106.0,4.0,12.0,9.0,4.0,"Mahape, Navi Mumbai",33.8,18.4,25.7,36,12.3,6.1,23,1013.3,0.0
2025-12-13,44.0,108.0,4.0,12.0,9.0,4.0,"Mahape, Navi Mumbai",34.2,19.3,26.3,39,12.4,5.8,20,1013.1,0.0
2025-12-14,45.0,128.0,4.0,12.0,8.0,4.0,"Mahape, Navi Mumbai",33.8,19.2,26.4,39,10.9,6.1,28,1013.8,0.0
2025-12-15,47.0,116.0,4.0,12.0,8.0,3.0,"Mahape, Navi Mumbai",32.9,19.2,26.2,41,10.0,7.3,39,1013.7,0.0
2025-12-16,51.0,111.0,4.0,12.0,8.0,4.0,"Mahape, Navi Mumbai",34.0,18.8,26.1,38,10.8,7.5,56,1013.3,0.0
2025-12-17,58.0,98.0,4.0,12.0,8.0,4.0,"Mahape, Navi Mumbai",34.9,20.4,27.2,42,11.5,6.1,15,1014.3,0.0
2025-12-18,107.0,72.0,4.0,12.0,8.0,3.0,"Mahape, Navi Mumbai",35.5,19.7,27.2,39,8.7,6.3,23,1014.5,0.0
2025-12-19,148.0,71.0,4.0,12.0,8.0,4.0,"Mahape, Navi Mumbai",35.8,19.1,26.2,35,11.8,7.4,25,1013.0,0.0
2025-12-20,130.0,68.0,4.0,12.0,8.0,4.0,"Mahape, Navi Mumbai",34.7,18.9,26.0,33,15.0,7.2,28,1011.5,0.0
2025-12-21,117.0,74.0,4.0,12.0,8.0,3.0,"Mahape, Navi Mumbai",33.5,19.0,25.8,31,9.3,5.8,33,1012.4,0.0
2025-12-22,141.0,88.0,4.0,12.0,8.0,3.0,"Mahape, Navi Mumbai",33.4,18.2,25.5,36,13.5,6.4,21,1012.7,0.0
2025-12-23,140.0,79.0,4.0,12.0,8.0,2.0,"Mahape, Navi Mumbai",34.0,19.8,26.2,39,11.9,7.5,32,1012.1,0.0
2025-12-24,124.0,90.0,4.0,12.0,8.0,3.0,"Mahape, Navi Mumbai",33.9,20.1,26.1,39,12.8,6.9,29,1012.0,0.0
2025-12-25,132.0,98.0,4.0,12.0,8.0,3.0,"Mahape, Navi Mumbai",32.7,18.9,25.7,41,11.4,6.1,20,1012.6,0.0
2025-12-26,137.0,98.0,4.0,12.0,8.0,3.0,"Mahape, Navi Mumbai",32.8,19.4,26.0,40,11.5,5.9,29,1012.4,0.0
2025-12-27,139.0,102.0,4.0,12.0,9.0,3.0,"Mahape, Navi Mumbai",33.2,19.5,26.1,41,10.5,6.3,21,1012.7,0.0
2025-12-28,137.0,93.25,4.0,12.0,9.0,3.0,"Mahape, Navi Mumbai",32.8,20.4,26.0,41,10.4,6.0,14,1013.3,0.0
2025-12-31,125.75,67.0,4.0,12.0,9.0,3.0,"Mahape, Navi Mumbai",30.5,18.1,24.0,66,12.5,4.6,311,1011.8,0.0
2026-01-01,122.0,78.0,4.0,12.0,8.0,3.0,"Mahape, Navi Mumbai",30.5,20.9,24.7,66,15.3,6.3,319,1012.0,0.2
2026-01-02,143.0,97.0,4.0,12.0,8.0,3.0,"Mahape, Navi Mumbai",31.8,20.6,25.3,67,12.5,6.0,333,1013.4,0.0
2026-01-03,154.0,90.0,4.0,12.0,9.0,3.0,"Mahape, Navi Mumbai",32.7,20.5,26.1,59,10.9,6.2,341,1013.5,0.0
2026-01-04,157.0,91.0,4.0,12.0,8.0,3.0,"Mahape, Navi Mumbai",33.0,22.2,27.3,54,11.4,7.2,354,1014.1,0.0
2026-01-05,151.0,111.0,4.0,12.0,8.0,3.0,"Mahape, Navi Mumbai",33.8,22.8,27.2,51,13.1,6.7,352,1015.0,0.0
2026-01-06,162.0,106.0,4.0,12.0,8.0,3.0,"Mahape, Navi Mumbai",32.9,22.1,26.6,52,12.5,6.1,18,1015.6,0.0
2026-01-07,156.0,98.0,4.0,12.0,8.0,3.0,"Mahape, Navi Mumbai",33.5,20.0,26.0,53,12.7,6.5,2,1015.8,0.0
2026-01-08,141.0,86.0,4.0,12.0,8.0,3.0,"Mahape, Navi Mumbai",32.7,19.6,25.3,45,13.7,6.8,360,1015.9,0.0
2026-01-09,128.0,84.0,4.0,12.0,8.0,3.0,"Mahape, Navi Mumbai",32.8,18.5,25.2,40,11.5,7.5,34,1015.4,0.0
2026-01-10,120.0,84.0,4.0,12.0,8.0,3.0,"Mahape, Navi Mumbai",32.7,19.6,25.1,44,15.7,8.5,11,1014.9,0.0
2026-01-11,123.0,88.0,4.0,12.0,8.0,3.0,"Mahape, Navi Mumbai",33.7,19.2,25.8,42,11.0,7.7,30,1015.3,0.0
2026-01-12,119.0,136.0,4.0,12.0,8.0,3.0,"Mahape, Navi Mumbai",33.8,20.4,26.4,41,16.2,7.4,351,1015.5,0.0
2026-01-13,127.0,88.0,4.0,12.0,8.0,2.0,"Mahape, Navi Mumbai",33.0,22.6,27.8,44,13.4,6.6,287,1015.7,0.0
2026-01-14,122.0,80.0,4.0,12.0,8.0,3.0,"Mahape, Navi Mumbai",33.5,23.5,27.8,48,13.9,6.6,350,1014.4,0.0
2026-01-15,108.0,99.0,4.0,12.0,8.0,3.0,"Mahape, Navi Mumbai",33.3,19.6,25.9,48,10.3,6.2,348,1013.6,0.0
2026-01-16,149.0,87.0,4.0,12.0,8.0,3.0,"Mahape, Navi Mumbai",33.5,19.8,25.8,57,11.3,5.7,291,1013.2,0.0
2026-01-17,134.0,75.0,4.0,12.0,8.0,3.0,"Mahape, Navi Mumbai",32.3,19.2,25.0,62,10.5,5.6,303,1012.8,0.0
2026-01-18,129.0,78.0,4.0,12.0,8.0,3.0,"Mahape, Navi Mumbai",28.5,20.3,23.9,66,11.2,5.9,313,1012.2,0.0
2026-01-19,129.0,92.0,4.0,12.0,8.0,3.0,"Mahape, Navi Mumbai",29.5,18.5,23.2,60,14.7,7.3,349,1013.3,0.0
2026-01-20,140.0,103.0,4.0,12.0,8.0,3.0,"Mahape, Navi Mumbai",30.9,18.2,24.1,56,11.8,5.3,321,1012.7,0.0
2026-01-21,151.0,93.0,4.0,12.0,8.0,3.0,"Mahape, Navi Mumbai",33.8,19.8,25.8,53,18.3,4.9,224,1013.0,0.0
2026-01-22,135.0,65.0,4.0,12.0,8.0,3.0,"Mahape, Navi Mumbai",33.0,21.4,26.2,51,18.3,7.0,234,1013.7,0.0
2026-01-23,126.0,56.0,4.0,12.0,8.0,3.0,"Mahape, Navi Mumbai",30.6,21.3,25.1,63,14.7,6.3,324,1015.2,0.0
2026-01-24,100.0,64.0,4.0,12.0,8.0,3.0,"Mahape, Navi Mumbai",32.2,19.5,24.6,59,15.5,6.9,339,1016.2,0.0
2026-01-25,116.0,65.0,4.0,12.0,8.0,3.0,"Mahape, Navi Mumbai",32.5,19.6,25.3,57,12.0,6.3,339,1014.4,0.0
2026-01-26,125.0,73.0,4.0,19.0,8.0,3.0,"Mahape, Navi Mumbai",32.5,21.1,26.5,59,13.9,7.6,263,1014.4,0.0
2026-01-27,106.0,101.0,4.0,30.0,8.0,3.0,"Mahape, Navi Mumbai",30.0,22.3,25.2,67,12.8,6.5,314,1016.5,0.1
2026-01-28,95.0,106.0,4.0,30.0,7.0,3.0,"Mahape, Navi Mumbai",32.5,19.7,25.2,56,9.9,6.8,354,1015.7,0.0
2026-01-29,110.0,128.0,4.0,30.0,8.0,3.0,"Mahape, Navi Mumbai",35.0,21.0,26.8,45,10.6,5.3,312,1013.7,0.0
2026-01-30,135.0,116.0,4.0,30.0,8.0,3.0,"Mahape, Navi Mumbai",33.5,23.9,27.4,58,15.3,6.0,208,1014.1,0.0
2026-01-31,135.0,97.0,6.0,31.0,8.0,3.0,"Mahape, Navi Mumbai",32.6,21.8,26.6,70,14.6,5.2,278,1014.7,0.0
2026-02-01,119.0,124.0,4.0,30.0,7.0,2.0,"Mahape, Navi Mumbai",35.1,21.9,27.3,61,13.5,5.6,348,1014.7,0.0
2026-02-02,227.0,174.0,4.0,30.0,8.0,2.0,"Mahape, Navi Mumbai",35.2,22.8,28.3,44,12.4,5.8,357,1014.3,0.0
2026-02-03,175.0,106.0,4.0,30.0,8.0,2.0,"Mahape, Navi Mumbai",35.1,22.6,28.2,40,15.4,6.5,335,1014.3,0.0
2026-02-04,123.0,113.0,4.0,30.0,7.0,3.0,"Mahape, Navi Mumbai",35.5,22.8,28.6,41,11.9,6.1,4,1014.4,0.0
2026-02-05,118.0,99.0,4.0,30.0,7.0,3.0,"Mahape, Navi Mumbai",35.9,23.5,28.9,39,13.7,7.0,6,1015.2,0.0
2026-02-06,110.0,97.0,4.0,31.0,7.0,3.0,"Mahape, Navi Mumbai",35.8,23.1,29.0,37,14.2,8.2,13,1015.6,0.0
2026-02-07,110.0,92.0,4.0,31.0,8.0,3.0,"Mahape, Navi Mumbai",35.5,22.4,28.7,35,14.4,7.8,356,1014.5,0.0
2026-02-08,92.0,90.8,4.0,30.8,7.8,3.0,"Mahape, Navi Mumbai",35.5,22.8,28.8,36,14.2,7.9,346,1012.9,0.0
2026-02-12,96.8,86.0,4.0,30.0,7.0,10.0,"Mahape, Navi Mumbai",35.8,23.2,28.6,45,16.3,6.5,308,1013.9,0.0
2026-02-13,98.0,101.0,4.0,30.0,7.0,10.0,"Mahape, Navi Mumbai",36.0,23.1,28.7,43,16.3,6.5,325,1013.0,0.0
2026-02-14,105.0,91.0,4.0,31.0,7.0,10.0,"Mahape, Navi Mumbai",36.8,22.9,29.4,40,16.3,6.7,356,1012.2,0.0
2026-02-15,93.0,110.0,4.0,30.0,7.0,10.0,"Mahape, Navi Mumbai",36.5,23.9,29.7,35,14.3,6.6,339,1012.1,0.0
2026-02-16,102.0,105.0,4.0,30.0,8.0,10.0,"Mahape, Navi Mumbai",35.9,23.4,28.8,37,15.0,6.4,309,1010.6,0.0
2026-02-17,100.0,85.0,4.0,31.0,8.0,10.0,"Mahape, Navi Mumbai",34.2,22.9,27.3,49,13.6,6.0,315,1010.9,0.0
2026-02-18,81.0,85.0,4.0,31.0,8.0,10.0,"Mahape, Navi Mumbai",32.4,22.2,26.0,59,13.2,6.2,309,1011.4,0.0
