date,pm25,pm10,o3,no2,so2,co,location,temperature_2m_max,temperature_2m_min,temperature_2m_mean,relative_humidity_2m_mean,wind_speed_10m_max,wind_speed_10m_mean,wind_direction_10m_dominant,pressure_msl_mean,precipitation_sum
2021-12-27,147.0,102.0,5.0,20.0,16.0,7.0,"Mulund West, Mumbai",31.4,16.6,22.9,70,10.8,7.5,7,1014.1,0.0
2021-12-28,162.0,79.0,6.0,17.0,16.0,6.0,"Mulund West, Mumbai",30.0,16.9,22.8,72,15.6,8.2,335,1013.5,0.0
2021-12-29,131.0,94.0,5.0,16.0,15.0,5.0,"Mulund West, Mumbai",29.0,17.9,22.6,64,12.9,9.9,355,1013.8,0.0
2021-12-30,162.0,84.5,5.0,20.0,19.0,7.0,"Mulund West, Mumbai",31.2,18.1,23.2,64,15.1,9.6,28,1014.6,0.0
2021-12-31,241.0,75.0,5.0,16.0,16.0,8.0,"Mulund West, Mumbai",32.2,20.0,24.9,65,12.9,9.6,40,1015.5,0.0
2022-01-01,149.0,140.0,10.6,18.0,27.0,7.0,"Mulund West, Mumbai",32.2,19.2,24.7,63,11.2,8.6,26,1015.9,0.0
2022-01-02,164.0,161.0,16.2,21.0,20.0,9.0,"Mulund West, Mumbai",31.8,19.5,24.7,64,11.7,8.2,13,1014.6,0.0
2022-01-03,170.0,109.0,21.8,20.0,19.0,8.0,"Mulund West, Mumbai",32.3,20.7,25.0,66,12.4,8.3,15,1014.0,0.0
2022-01-04,167.0,122.0,5.0,20.0,19.0,10.0,"Mulund West, Mumbai",32.5,19.5,24.8,70,12.9,7.4,5,1013.9,0.0
2022-01-05,176.0,147.0,33.0,19.0,22.0,7.0,"Mulund West, Mumbai",30.3,19.1,24.3,77,13.8,6.4,315,1013.5,0.0
2022-01-06,162.0,144.0,27.4,18.0,25.0,8.0,"Mulund West, Mumbai",29.2,19.6,23.3,79,13.9,7.8,336,1013.1,0.0
2022-01-07,229.0,132.0,21.8,18.0,23.0,7.0,"Mulund West, Mumbai",29.0,18.2,22.9,78,13.7,7.0,324,1012.5,0.0
2022-01-08,154.0,45.0,16.2,15.0,33.75,4.0,"Mulund West, Mumbai",25.2,19.8,22.0,86,10.0,5.3,10,1013.8,2.1
2022-01-09,75.0,195.0,5.0,16.0,44.5,5.0,"Mulund West, Mumbai",26.6,17.0,21.2,57,16.3,10.4,338,1013.8,0.0
2022-01-10,206.0,95.0,5.0,20.0,55.25,8.0,"Mulund West, Mumbai",25.7,13.6,18.8,57,18.3,10.3,342,1014.0,0.0
2022-01-11,202.0,101.0,7.0,15.0,66.0,7.0,"Mulund West, Mumbai",26.2,13.6,19.8,70,12.4,6.7,325,1013.5,0.0
2022-01-12,158.0,113.0,7.0,16.16666667,25.0,8.0,"Mulund West, Mumbai",26.9,13.9,20.3,68,15.5,9.5,341,1013.1,0.0
2022-01-13,171.0,98.0,6.0,17.33333333,45.0,9.0,"Mulund West, Mumbai",27.5,13.9,20.4,72,14.9,7.4,343,1012.2,0.0
2022-01-14,166.0,91.0,6.0,18.5,14.0,8.0,"Mulund West, Mumbai",27.6,15.9,21.4,73,14.1,7.7,338,1012.2,0.0
2022-01-15,167.0,75.0,6.0,7.0,20.0,8.0,"Mulund West, Mumbai",30.0,17.1,22.6,65,16.6,10.2,11,1012.8,0.0
2022-01-16,156.0,123.0,6.0,7.0,25.0,8.0,"Mulund West, Mumbai",32.2,18.7,24.3,56,14.0,10.1,44,1013.2,0.0
2022-01-17,192.0,95.0,5.0,22.0,18.0,9.0,"Mulund West, Mumbai",32.2,19.5,24.8,61,14.1,9.6,16,1015.1,0.0
2022-01-18,159.0,114.0,4.0,15.0,33.0,9.0,"Mulund West, Mumbai",31.0,19.1,24.4,62,15.4,9.4,354,1014.9,0.0
2022-01-19,159.0,85.0,4.0,21.0,64.0,10.0,"Mulund West, Mumbai",32.5,17.6,23.8,64,15.4,9.0,347,1013.4,0.0
2022-01-20,141.0,105.0,4.0,18.0,86.0,7.0,"Mulund West, Mumbai",29.6,16.8,22.6,67,14.3,8.3,328,1011.9,0.0
2022-01-21,116.0,73.0,4.0,17.0,61.0,7.0,"Mulund West, Mumbai",28.6,16.5,22.0,83,13.7,7.6,331,1011.7,0.0
2022-01-22,101.0,77.5,4.0,17.0,93.0,4.0,"Mulund West, Mumbai",27.2,18.5,22.8,82,22.0,9.9,271,1010.3,1.6
2022-01-23,210.0,82.0,5.0,14.0,80.5,6.0,"Mulund West, Mumbai",23.4,15.2,21.0,60,17.4,12.3,312,1011.5,0.1
2022-01-24,230.0,177.0,5.0,20.0,68.0,7.0,"Mulund West, Mumbai",25.4,11.8,17.9,59,20.1,10.2,6,1012.5,0.0
2022-01-25,165.0,82.0,4.75,20.0,95.0,7.0,"Mulund West, Mumbai",27.0,11.1,18.7,56,15.9,9.7,355,1012.1,0.0
2022-01-26,165.0,117.0,4.5,11.0,37.0,9.0,"Mulund West, Mumbai",28.9,13.9,20.8,52,15.5,9.8,358,1011.9,0.0
2022-01-27,152.0,86.0,4.25,14.0,75.0,5.0,"Mulund West, Mumbai",30.9,15.7,22.4,49,16.6,9.8,14,1012.1,0.0
2022-01-28,132.0,82.0,4.0,22.0,113.0,5.0,"Mulund West, Mumbai",31.8,17.7,23.8,42,15.4,12.0,26,1013.1,0.0
2022-01-29,332.0,91.0,4.0,21.0,33.0,5.0,"Mulund West, Mumbai",32.3,16.2,23.0,46,14.2,9.8,16,1014.0,0.0
2022-01-30,146.0,103.0,4.0,21.0,25.0,6.0,"Mulund West, Mumbai",32.3,14.6,22.7,51,12.5,8.6,358,1012.8,0.0
2022-01-31,160.0,91.0,4.0,21.0,17.0,9.0,"Mulund West, Mumbai",31.9,14.7,22.1,52,15.2,8.8,339,1012.0,0.0
2022-02-01,149.0,146.0,4.0,25.0,9.0,7.0,"Mulund West, Mumbai",32.0,12.9,21.6,64,17.6,10.3,346,1011.2,0.0
2022-02-02,169.0,105.0,4.0,26.0,1.0,7.0,"Mulund West, Mumbai",31.2,15.6,22.0,74,15.3,8.6,324,1011.3,0.0
2022-02-03,156.0,141.0,4.0,21.0,4.0,3.0,"Mulund West, Mumbai",28.0,15.6,21.5,84,14.8,7.0,274,1011.3,0.0
2022-02-04,151.0,150.0,4.0,25.0,7.0,4.0,"Mulund West, Mumbai",27.8,17.1,22.2,73,11.3,6.5,306,1010.9,0.0
2022-02-05,163.0,130.0,4.0,25.0,5.0,5.0,"Mulund West, Mumbai",29.9,13.8,21.4,66,16.7,8.4,345,1011.4,0.0
2022-02-06,165.0,186.0,4.0,25.0,3.0,5.0,"Mulund West, Mumbai",30.2,14.9,21.9,67,15.8,8.9,322,1013.0,0.0
2022-02-07,183.0,80.0,4.0,22.0,5.285714286,4.0,"Mulund West, Mumbai",28.0,15.9,21.5,79,18.8,9.7,326,1014.4,0.0
2022-02-08,121.0,78.0,5.0,20.0,7.571428571,4.0,"Mulund West, Mumbai",27.1,16.1,21.2,80,16.2,9.0,323,1013.6,0.0
2022-02-09,126.0,169.0,7.333333333,25.0,9.857142857,6.0,"Mulund West, Mumbai",28.2,15.8,21.5,76,17.4,9.5,342,1013.2,0.0
2022-02-10,162.0,114.0,9.666666667,24.27272727,5.0,9.0,"Mulund West, Mumbai",32.2,16.6,23.7,52,19.6,10.9,354,1012.4,0.0
2022-02-11,166.0,110.0,12.0,23.54545455,5.0,8.5,"Mulund West, Mumbai",34.1,20.6,26.1,39,18.2,13.5,19,1011.8,0.0
2022-02-20,197.5,74.0,33.0,17.0,35.0,4.0,"Mulund West, Mumbai",33.9,16.5,24.5,57,19.3,10.6,338,1010.7,0.0
2022-02-21,201.0,157.0,34.0,9.0,16.0,5.0,"Mulund West, Mumbai",34.3,15.6,24.4,46,21.4,11.2,341,1010.0,0.0
2022-02-22,169.0,86.0,28.0,1.0,16.0,5.0,"Mulund West, Mumbai",34.0,16.7,24.1,58,18.4,9.1,331,1010.9,0.0
2022-02-23,131.0,144.0,34.5,4.0,17.0,9.0,"Mulund West, Mumbai",33.5,16.8,25.2,57,15.2,8.9,332,1012.2,0.0
2022-02-24,159.0,130.0,41.0,3.0,11.0,7.0,"Mulund West, Mumbai",34.2,18.2,25.7,52,16.4,9.1,319,1013.5,0.0
2022-02-25,164.0,162.0,20.0,2.0,11.0,7.0,"Mulund West, Mumbai",34.5,17.8,25.7,49,19.4,9.8,316,1012.9,0.0
2022-02-26,179.0,68.0,9.0,7.0,26.0,7.0,"Mulund West, Mumbai",33.8,17.8,25.1,54,19.5,10.8,329,1012.8,0.0
2022-02-27,134.0,230.0,12.5,1.0,20.0,4.0,"Mulund West, Mumbai",34.8,17.1,25.5,47,20.2,9.9,327,1013.0,0.0
2022-02-28,226.0,191.0,16.0,9.0,49.0,8.0,"Mulund West, Mumbai",36.0,17.6,26.0,41,17.8,10.0,332,1012.5,0.0
2022-03-01,239.0,119.0,28.0,7.0,78.0,7.0,"Mulund West, Mumbai",36.5,18.6,26.4,43,17.3,9.6,336,1012.5,0.0
2022-03-02,162.0,94.0,30.0,6.0,61.0,6.0,"Mulund West, Mumbai",38.0,19.0,27.6,43,18.7,10.0,340,1011.5,0.0
2022-03-03,145.0,79.0,28.0,6.0,60.0,3.0,"Mulund West, Mumbai",37.9,21.0,28.3,36,21.9,11.9,348,1011.3,0.0
2022-03-04,101.0,130.0,31.0,7.0,63.0,6.0,"Mulund West, Mumbai",37.2,22.6,28.5,30,22.5,12.5,345,1011.8,0.0
2022-03-05,175.0,94.0,28.0,7.0,52.0,7.0,"Mulund West, Mumbai",37.7,20.1,27.6,41,19.7,9.9,345,1010.8,0.0
2022-03-06,152.0,106.0,34.0,12.0,61.0,9.0,"Mulund West, Mumbai",38.0,19.9,28.0,43,19.2,9.4,325,1009.7,0.0
2022-03-07,163.0,110.0,32.55555556,15.0,68.0,9.0,"Mulund West, Mumbai",35.7,22.6,29.0,42,13.0,8.1,310,1010.0,0.0
2022-03-08,167.0,150.0,31.11111111,13.0,58.0,9.0,"Mulund West, Mumbai",37.3,25.2,29.9,44,15.6,10.6,347,1010.1,0.0
2022-03-09,198.0,98.0,29.66666667,12.0,47.0,8.0,"Mulund West, Mumbai",37.2,23.0,29.2,47,13.6,6.9,10,1010.1,0.0
2022-03-10,162.0,100.0,3.96875,13.0,60.0,7.0,"Mulund West, Mumbai",37.1,21.8,28.9,46,17.3,9.6,356,1009.8,0.0
2022-03-11,157.0,114.0,3.96875,14.0,82.0,6.0,"Mulund West, Mumbai",36.8,22.8,29.4,41,15.2,8.0,320,1009.5,0.0
2022-03-12,170.0,93.0,3.96875,12.0,53.0,7.0,"Mulund West, Mumbai",38.8,21.6,29.2,45,18.9,9.1,352,1009.2,0.0
2022-03-13,137.0,110.0,3.96875,12.0,54.0,8.0,"Mulund West, Mumbai",39.5,20.8,30.0,38,20.2,11.6,1,1009.4,0.0
2022-03-14,140.0,112.0,3.96875,15.0,78.0,6.0,"Mulund West, Mumbai",39.4,22.6,30.6,26,20.3,11.2,356,1009.7,0.0
2022-03-15,176.0,155.0,3.96875,13.0,102.0,9.0,"Mulund West, Mumbai",40.1,21.1,30.3,34,21.9,11.1,339,1008.5,0.0
2022-03-16,204.0,129.0,3.96875,18.0,86.0,11.0,"Mulund West, Mumbai",40.7,21.4,31.0,36,22.0,11.6,339,1007.1,0.0
2022-03-17,174.0,117.0,3.96875,9.0,54.0,12.0,"Mulund West, Mumbai",41.0,22.7,31.6,31,22.0,10.6,335,1006.2,0.0
2022-03-18,174.0,105.0,3.96875,9.0,62.0,5.0,"Mulund West, Mumbai",37.9,21.2,30.3,45,23.5,11.0,321,1006.0,0.0
2022-03-19,140.0,93.0,3.96875,8.0,52.0,6.0,"Mulund West, Mumbai",35.5,21.7,28.3,63,19.8,9.0,277,1006.3,0.0
2022-03-20,111.0,119.0,3.96875,8.0,36.33333333,6.0,"Mulund West, Mumbai",31.9,23.1,27.1,77,22.6,8.6,253,1007.1,0.0
2022-03-21,123.0,110.0,3.96875,4.0,20.66666667,8.0,"Mulund West, Mumbai",34.0,21.1,27.2,69,19.9,9.0,311,1007.9,0.0
2022-03-22,153.0,107.0,3.96875,2.0,5.0,6.0,"Mulund West, Mumbai",38.5,22.6,30.0,40,20.2,10.5,338,1007.2,0.0
2022-03-23,138.0,114.0,3.96875,3.0,4.0,8.0,"Mulund West, Mumbai",40.7,24.5,31.8,24,22.5,12.2,347,1006.3,0.0
2022-03-24,162.0,89.0,8.0,2.0,5.0,6.0,"Mulund West, Mumbai",36.2,23.4,29.4,40,19.1,8.4,288,1006.7,0.0
2022-03-25,120.0,84.0,14.0,2.0,4.0,6.0,"Mulund West, Mumbai",36.3,22.6,28.2,65,20.9,7.7,291,1008.3,0.0
2022-03-26,106.0,86.0,14.0,3.0,4.0,5.0,"Mulund West, Mumbai",35.4,22.5,28.2,73,19.7,7.5,288,1010.4,0.0
2022-03-27,104.0,97.0,18.0,4.0,5.0,8.0,"Mulund West, Mumbai",36.2,23.1,28.4,71,19.0,7.5,296,1010.7,0.0
2022-03-28,120.0,138.0,22.0,2.0,5.0,4.0,"Mulund West, Mumbai",35.5,23.4,28.5,74,17.6,8.2,296,1009.9,0.0
2022-03-29,184.0,92.0,20.0,3.0,5.0,4.0,"Mulund West, Mumbai",37.4,22.4,29.5,59,18.3,10.0,314,1008.5,0.0
2022-03-30,112.0,94.0,14.0,5.0,5.0,5.0,"Mulund West, Mumbai",37.3,21.5,28.8,63,17.2,9.2,323,1008.3,0.0
2022-03-31,118.0,137.0,20.0,3.0,7.0,4.0,"Mulund West, Mumbai",35.5,20.1,27.1,68,16.4,8.4,318,1009.1,0.0
2022-04-01,152.0,162.0,14.0,3.0,8.0,3.0,"Mulund West, Mumbai",36.7,20.5,27.0,72,17.6,7.9,311,1009.0,0.0
2022-04-02,173.0,146.0,12.0,2.0,8.0,2.0,"Mulund West, Mumbai",33.7,22.1,27.4,75,18.0,7.1,267,1010.0,0.0
2022-04-03,158.0,161.0,11.0,3.0,7.0,2.0,"Mulund West, Mumbai",35.3,21.7,27.6,75,20.9,8.0,306,1009.3,0.0
2022-04-04,179.0,89.0,4.0,5.0,6.0,2.0,"Mulund West, Mumbai",35.5,23.6,28.5,77,21.4,8.3,275,1009.5,0.0
2022-04-05,93.0,122.0,3.0,4.0,6.0,3.0,"Mulund West, Mumbai",34.6,24.1,28.8,78,19.8,9.0,269,1011.2,0.0
2022-04-06,135.0,113.0,4.0,5.0,6.0,4.0,"Mulund West, Mumbai",34.5,24.0,28.7,78,16.9,9.0,259,1011.6,0.0
2022-04-07,143.0,85.0,5.0,5.0,6.0,4.0,"Mulund West, Mumbai",35.5,24.7,29.1,76,16.6,7.4,261,1010.3,0.0
2022-04-08,106.0,65.0,3.0,3.0,5.0,3.0,"Mulund West, Mumbai",36.8,23.0,28.9,75,18.9,8.5,244,1008.6,0.0
2022-04-09,88.0,69.5,4.0,1.0,5.5,3.0,"Mulund West, Mumbai",34.8,24.3,29.0,76,16.0,8.2,224,1008.5,0.0
2022-04-10,90.0,74.0,5.0,4.0,6.0,3.0,"Mulund West, Mumbai",35.3,24.3,29.2,71,17.3,8.9,251,1008.5,0.0
2022-04-11,93.0,133.0,10.0,6.0,7.0,3.0,"Mulund West, Mumbai",35.6,23.3,29.0,70,20.8,8.2,282,1007.5,0.0
2022-04-12,106.0,97.0,10.0,5.0,8.0,3.0,"Mulund West, Mumbai",36.9,23.1,29.4,68,20.8,9.3,317,1006.2,0.0
2022-04-13,116.0,74.0,9.0,7.0,8.0,4.0,"Mulund West, Mumbai",39.2,23.3,30.4,61,21.2,9.8,318,1005.4,0.0
2022-04-14,101.0,69.0,11.0,7.0,8.0,3.0,"Mulund West, Mumbai",34.2,23.7,29.1,73,16.5,8.6,273,1006.4,0.0
2022-04-15,86.0,74.0,8.0,7.0,8.0,3.0,"Mulund West, Mumbai",34.7,25.2,29.0,71,17.3,7.7,255,1007.2,0.0
2022-04-16,89.0,99.0,7.0,7.0,9.0,2.0,"Mulund West, Mumbai",33.9,22.0,27.6,77,17.8,8.8,262,1006.4,0.0
2022-04-17,78.0,123.0,5.5,7.0,8.0,2.0,"Mulund West, Mumbai",34.5,23.5,28.4,74,18.3,8.5,251,1007.3,0.0
2022-04-18,139.0,101.0,4.0,6.0,8.0,2.0,"Mulund West, Mumbai",33.7,23.1,28.1,76,20.2,8.6,283,1009.5,0.0
2022-04-19,73.0,105.0,17.0,6.0,7.0,3.0,"Mulund West, Mumbai",34.5,22.9,28.4,75,20.2,9.3,304,1010.8,0.0
2022-04-20,131.0,83.0,20.0,4.0,7.0,4.0,"Mulund West, Mumbai",36.1,23.9,29.9,70,18.3,9.9,314,1008.5,0.0
2022-04-21,134.0,95.0,20.0,7.0,8.0,5.0,"Mulund West, Mumbai",41.5,26.9,33.2,39,26.0,13.9,341,1006.0,0.0
2022-04-22,142.0,92.0,19.66666667,7.0,8.666666667,4.333333333,"Mulund West, Mumbai",40.5,25.3,32.5,47,18.8,9.2,319,1006.7,0.0
2022-04-23,136.0,89.0,19.33333333,8.0,9.333333333,3.666666667,"Mulund West, Mumbai",41.5,25.0,31.7,60,16.9,7.9,285,1007.7,0.2
2022-04-24,170.0,86.0,19.0,5.0,10.0,3.0,"Mulund West, Mumbai",36.7,26.1,30.6,72,15.6,8.7,255,1008.2,0.0
2022-04-25,105.0,120.0,8.0,6.0,9.0,4.0,"Mulund West, Mumbai",40.4,25.0,31.9,54,19.9,10.3,328,1006.5,0.0
2022-04-26,128.0,121.0,13.0,5.0,10.0,4.0,"Mulund West, Mumbai",36.5,25.1,30.7,63,18.2,9.5,271,1007.3,0.0
2022-04-27,162.0,116.0,12.0,6.0,9.0,5.0,"Mulund West, Mumbai",39.0,23.8,31.8,54,19.3,10.4,327,1005.9,0.0
2022-04-28,141.0,125.0,4.0,7.0,7.0,3.0,"Mulund West, Mumbai",40.7,25.9,31.9,54,18.2,8.6,286,1006.5,0.0
2022-04-29,131.0,95.0,5.0,6.0,8.0,3.0,"Mulund West, Mumbai",35.8,26.6,30.5,74,15.9,10.7,249,1008.5,0.0
2022-04-30,114.0,58.0,3.0,7.0,7.0,2.0,"Mulund West, Mumbai",35.2,24.3,29.5,74,17.3,9.3,245,1007.1,0.0
2022-05-01,69.0,59.0,4.0,8.0,7.0,2.0,"Mulund West, Mumbai",35.5,25.5,29.8,76,16.6,9.4,242,1006.1,0.0
2022-05-02,75.0,68.0,3.0,8.0,7.0,2.0,"Mulund West, Mumbai",34.5,26.1,30.0,75,17.9,9.4,245,1006.3,0.0
2022-05-03,79.0,74.0,15.0,8.0,7.0,3.0,"Mulund West, Mumbai",34.7,26.5,30.2,74,18.8,8.4,262,1007.1,0.0
2022-05-04,84.0,72.0,12.0,8.0,7.0,2.0,"Mulund West, Mumbai",34.9,26.2,29.8,74,18.3,8.4,291,1008.1,0.0
2022-05-05,84.0,98.0,3.0,7.0,7.0,3.0,"Mulund West, Mumbai",35.5,24.5,29.1,77,20.0,10.0,318,1008.0,0.0
2022-05-06,102.0,109.0,3.0,8.0,7.0,3.0,"Mulund West, Mumbai",34.9,25.1,29.4,75,20.3,10.0,315,1007.4,0.0
2022-05-07,119.0,87.0,3.0,7.0,7.0,3.0,"Mulund West, Mumbai",35.2,24.2,29.5,76,20.6,9.4,298,1006.8,0.0
2022-05-08,104.0,71.0,3.0,8.0,7.0,2.0,"Mulund West, Mumbai",35.5,24.6,29.9,77,22.3,9.7,296,1004.9,0.0
2022-05-09,78.0,72.0,4.0,8.0,7.0,2.0,"Mulund West, Mumbai",34.7,25.5,29.9,77,21.7,10.3,287,1004.1,0.0
2022-05-10,73.0,69.0,4.0,8.0,7.0,3.0,"Mulund West, Mumbai",34.7,27.0,30.2,74,23.3,10.2,293,1003.8,0.0
2022-05-11,77.0,74.0,6.0,8.0,7.0,3.0,"Mulund West, Mumbai",34.1,25.6,29.8,76,18.6,10.1,261,1003.6,0.0
2022-05-12,75.0,82.0,4.5,8.0,7.0,3.0,"Mulund West, Mumbai",34.0,27.7,30.2,69,18.2,12.3,249,1004.7,0.0
2022-05-13,89.0,90.0,3.0,7.0,7.0,3.0,"Mulund West, Mumbai",33.6,27.5,30.0,70,17.6,11.4,238,1004.4,0.0
2022-05-14,108.0,74.0,3.045627376,9.0,8.0,3.0,"Mulund West, Mumbai",34.2,26.4,29.9,71,16.7,10.4,248,1004.9,0.0
2022-05-15,87.0,80.0,3.091254753,5.0,7.0,3.0,"Mulund West, Mumbai",34.3,26.8,30.1,71,17.0,10.0,266,1005.9,0.0
2022-05-16,85.0,117.0,3.136882129,7.0,6.0,3.0,"Mulund West, Mumbai",34.5,26.6,30.0,72,20.5,9.9,288,1005.3,0.0
2022-05-17,122.0,145.0,6.0,6.0,5.0,3.0,"Mulund West, Mumbai",34.8,26.5,30.0,73,17.0,9.0,273,1004.4,0.0
2022-05-18,149.0,135.0,6.0,7.0,11.0,3.0,"Mulund West, Mumbai",34.3,26.2,29.7,72,19.3,9.3,277,1004.7,0.0
2022-05-19,143.0,105.0,6.0,7.0,12.0,3.0,"Mulund West, Mumbai",34.3,25.9,29.8,72,20.8,10.2,283,1005.1,0.0
2022-05-20,111.0,86.0,6.0,7.0,8.0,2.0,"Mulund West, Mumbai",33.4,26.8,29.9,67,18.3,11.6,247,1006.2,0.0
2022-05-21,101.0,67.0,6.0,8.0,8.0,2.0,"Mulund West, Mumbai",33.8,28.0,30.4,63,21.4,14.3,239,1006.0,0.0
2022-05-22,68.0,56.0,6.0,7.0,7.0,2.0,"Mulund West, Mumbai",33.8,28.5,30.4,65,22.1,17.4,245,1004.2,0.7
2022-05-23,66.0,59.0,6.0,6.0,7.0,2.0,"Mulund West, Mumbai",34.0,28.1,30.5,67,22.1,16.8,243,1003.5,0.2
2022-05-24,68.0,66.0,6.0,7.0,8.0,2.0,"Mulund West, Mumbai",33.8,27.8,30.5,67,20.8,14.2,255,1006.0,0.3
2022-05-25,66.0,67.0,6.0,7.0,7.0,3.0,"Mulund West, Mumbai",34.2,26.0,29.8,69,17.5,10.6,283,1008.3,0.2
2022-05-26,69.0,52.0,6.0,6.0,7.0,3.0,"Mulund West, Mumbai",34.3,26.4,30.1,65,17.7,10.5,268,1008.0,0.1
2022-05-27,66.0,49.0,6.0,7.0,7.0,2.0,"Mulund West, Mumbai",34.5,27.1,30.5,60,20.2,12.6,256,1007.7,0.0
2022-05-28,57.0,57.0,6.0,6.0,6.0,2.0,"Mulund West, Mumbai",34.0,27.5,30.5,60,19.9,13.1,255,1006.8,0.0
2022-05-29,62.0,62.0,6.0,6.0,6.0,2.0,"Mulund West, Mumbai",34.3,28.2,30.6,60,19.1,13.3,257,1006.8,0.0
2022-05-30,77.0,61.0,6.0,7.0,6.0,2.0,"Mulund West, Mumbai",33.7,26.9,30.1,64,19.1,11.3,264,1006.5,0.0
2022-05-31,62.0,63.0,6.0,6.0,6.0,2.0,"Mulund West, Mumbai",34.5,26.8,30.1,66,20.0,10.7,281,1005.8,0.0
2022-06-01,65.0,66.0,3.0,7.0,5.0,2.0,"Mulund West, Mumbai",34.0,27.6,30.1,66,19.1,10.9,280,1006.0,0.0
2022-06-02,70.0,74.0,3.0,7.0,6.0,3.0,"Mulund West, Mumbai",34.2,27.2,30.0,68,19.3,10.5,276,1006.2,0.0
2022-06-03,75.0,63.0,3.0,8.0,5.0,3.0,"Mulund West, Mumbai",33.8,26.4,29.6,70,18.7,10.8,278,1006.0,0.0
2022-06-04,59.0,56.0,3.0,6.0,5.0,2.0,"Mulund West, Mumbai",34.2,26.4,30.0,70,17.3,10.6,281,1005.5,0.0
2022-06-05,57.0,59.0,3.0,7.0,5.0,3.0,"Mulund West, Mumbai",34.3,26.5,30.0,71,19.1,9.0,272,1005.4,0.0
2022-06-06,63.0,54.0,3.0,7.0,7.0,3.0,"Mulund West, Mumbai",34.1,26.2,29.9,69,17.5,8.8,256,1005.9,0.0
2022-06-07,62.0,47.0,3.0,6.0,7.0,3.0,"Mulund West, Mumbai",34.8,26.1,29.8,72,17.1,9.2,253,1006.1,2.5
2022-06-08,46.0,51.0,3.0,7.0,7.0,3.0,"Mulund West, Mumbai",33.5,26.8,29.7,76,14.8,10.7,245,1005.8,3.7
2022-06-09,50.0,46.0,3.0,7.0,7.0,4.0,"Mulund West, Mumbai",32.9,26.4,29.2,77,15.5,9.3,241,1004.7,4.5
2022-06-10,65.0,31.0,3.0,8.0,7.0,3.0,"Mulund West, Mumbai",31.5,26.2,28.2,80,15.6,9.6,201,1004.7,10.6
2022-06-11,43.0,32.0,3.0,9.0,8.0,4.0,"Mulund West, Mumbai",30.5,25.4,27.0,85,19.6,13.1,197,1005.4,12.4
2022-06-12,44.0,45.0,3.0,8.0,7.0,3.0,"Mulund West, Mumbai",28.9,25.1,26.6,86,22.4,13.7,189,1005.3,8.1
2022-06-13,51.0,56.0,3.0,8.0,8.0,3.0,"Mulund West, Mumbai",30.6,24.6,27.4,82,24.3,15.3,191,1006.5,5.0
2022-06-14,66.0,60.0,3.0,8.0,7.0,3.0,"Mulund West, Mumbai",31.2,25.2,28.2,80,20.4,14.9,201,1006.6,1.7
2022-06-15,56.0,52.0,3.0,8.0,7.0,4.0,"Mulund West, Mumbai",30.9,25.8,27.9,82,18.6,11.7,221,1006.0,4.7
2022-06-16,65.0,54.0,3.0,8.0,8.0,5.0,"Mulund West, Mumbai",31.0,25.1,27.8,82,17.1,11.3,208,1005.7,6.6
2022-06-17,70.0,60.0,3.0,8.0,7.0,4.0,"Mulund West, Mumbai",30.4,25.6,27.8,83,17.8,12.2,206,1005.1,3.3
2022-06-18,68.0,35.0,3.0,8.0,7.0,4.0,"Mulund West, Mumbai",30.3,25.9,28.2,81,20.2,13.4,203,1005.2,14.9
2022-06-19,56.0,34.0,3.0,9.0,7.0,4.0,"Mulund West, Mumbai",29.1,25.2,26.9,87,19.7,14.2,210,1005.7,20.0
2022-06-20,49.0,32.0,3.0,8.0,7.0,4.0,"Mulund West, Mumbai",27.6,24.5,25.6,92,14.8,10.3,218,1004.8,43.8
2022-06-21,55.0,49.0,3.0,8.0,7.0,5.0,"Mulund West, Mumbai",28.1,23.7,25.7,90,21.4,13.2,194,1002.7,16.8
2022-06-22,69.0,51.0,3.0,9.0,7.0,6.0,"Mulund West, Mumbai",29.9,24.4,26.3,89,17.9,10.3,182,1003.9,24.7
2022-06-23,72.0,41.0,3.0,8.0,7.0,5.0,"Mulund West, Mumbai",29.5,24.1,26.2,89,9.7,6.7,170,1005.0,37.9
2022-06-24,64.0,37.0,3.0,17.0,9.0,4.0,"Mulund West, Mumbai",30.4,24.8,26.4,89,15.9,9.1,147,1003.3,16.0
2022-06-25,43.0,28.0,3.0,12.0,10.0,3.0,"Mulund West, Mumbai",30.2,24.7,26.6,87,17.6,13.5,146,1000.4,5.3
2022-06-26,37.0,30.0,3.0,10.0,10.0,5.0,"Mulund West, Mumbai",28.1,24.9,26.0,89,23.0,16.6,159,1000.6,22.8
2022-06-27,64.0,35.5,3.0,8.0,9.5,6.0,"Mulund West, Mumbai",28.0,24.9,26.0,90,19.9,14.7,194,1003.1,19.2
2022-06-28,70.5,41.0,3.0,6.0,9.0,7.0,"Mulund West, Mumbai",28.5,25.0,26.3,89,17.8,13.0,200,1004.6,9.5
2022-06-29,77.0,31.0,3.0,5.0,9.0,6.0,"Mulund West, Mumbai",28.9,25.3,26.5,89,17.0,12.4,212,1003.5,16.4
2022-06-30,65.0,32.0,3.0,6.0,8.0,6.0,"Mulund West, Mumbai",27.6,24.9,25.9,91,17.0,10.8,211,1003.3,24.5
2022-07-01,62.0,58.0,3.0,5.0,9.0,6.0,"Mulund West, Mumbai",26.0,24.5,25.3,94,15.8,11.1,213,1004.1,47.0
2022-07-02,62.0,45.0,3.0,6.0,9.0,6.0,"Mulund West, Mumbai",28.0,24.6,25.8,91,17.9,11.9,222,1002.6,20.7
2022-07-03,57.0,32.0,3.0,5.0,8.0,5.0,"Mulund West, Mumbai",28.0,24.3,25.9,90,20.7,13.0,208,1002.4,21.2
2022-07-04,54.0,27.0,3.0,4.0,8.0,6.0,"Mulund West, Mumbai",26.9,24.5,25.6,91,18.1,11.9,217,1002.3,26.9
2022-07-05,52.0,32.0,3.0,6.0,9.0,6.0,"Mulund West, Mumbai",25.9,24.7,25.4,93,17.0,12.4,239,1001.0,44.2
2022-07-06,64.0,49.0,3.0,7.0,7.0,6.0,"Mulund West, Mumbai",26.4,24.8,25.3,93,17.4,13.4,217,1002.3,32.9
2022-07-07,70.0,50.0,3.0,5.0,5.0,5.0,"Mulund West, Mumbai",26.6,24.6,25.7,92,17.4,13.1,242,1005.3,32.5
2022-07-08,70.0,49.0,3.0,5.0,5.0,5.0,"Mulund West, Mumbai",27.4,24.2,25.6,91,18.8,13.5,258,1004.8,23.1
2022-07-09,67.0,39.0,3.0,6.0,5.0,5.0,"Mulund West, Mumbai",26.5,24.0,25.0,92,18.8,12.2,263,1003.4,41.2
2022-07-10,60.0,32.0,3.0,4.0,5.0,6.0,"Mulund West, Mumbai",25.5,23.5,24.4,93,17.6,9.9,268,1004.4,62.0
2022-07-11,64.0,37.0,3.0,3.0,5.0,5.0,"Mulund West, Mumbai",25.5,23.0,24.4,94,16.6,12.5,258,1005.8,69.1
2022-07-12,61.0,36.0,3.0,3.0,4.0,4.0,"Mulund West, Mumbai",25.5,23.2,24.3,94,19.6,12.5,263,1005.4,64.5
2022-07-13,57.0,38.0,3.0,4.0,5.0,5.0,"Mulund West, Mumbai",25.6,24.0,24.7,93,26.7,17.1,258,1002.0,63.8
2022-07-14,60.0,56.0,3.0,3.0,5.0,6.0,"Mulund West, Mumbai",25.5,24.3,25.0,92,24.2,20.1,234,999.2,54.4
2022-07-15,75.0,46.0,3.0,4.0,4.0,5.0,"Mulund West, Mumbai",27.9,25.2,26.0,88,27.9,22.9,228,999.6,28.7
2022-07-16,68.0,40.0,3.0,4.0,5.0,5.0,"Mulund West, Mumbai",28.3,25.0,26.2,89,26.5,19.4,221,1000.9,23.4
2022-07-17,64.0,43.0,3.0,5.0,5.0,6.0,"Mulund West, Mumbai",29.0,25.0,26.6,86,20.5,14.2,231,1004.0,10.0
2022-07-18,70.0,46.0,3.0,4.0,4.0,6.0,"Mulund West, Mumbai",25.9,24.1,25.0,92,17.9,10.8,234,1005.1,24.7
2022-07-19,66.0,41.0,3.0,4.0,4.0,5.0,"Mulund West, Mumbai",26.2,23.5,25.1,92,17.2,10.9,239,1005.8,24.7
2022-07-20,65.0,43.0,3.0,5.0,5.0,6.0,"Mulund West, Mumbai",27.8,24.5,25.8,89,15.0,9.8,237,1006.6,12.5
2022-07-21,67.0,68.0,3.0,4.0,4.0,6.0,"Mulund West, Mumbai",28.2,24.3,26.1,86,17.2,9.4,239,1006.9,7.5
2022-07-22,68.0,46.0,3.0,4.0,4.0,5.0,"Mulund West, Mumbai",29.2,24.8,26.5,85,17.8,9.4,263,1007.4,3.2
2022-07-23,63.0,35.0,3.0,4.0,4.0,5.0,"Mulund West, Mumbai",27.0,24.2,25.4,89,16.2,10.4,250,1005.7,18.6
2022-07-24,58.0,45.0,3.0,5.0,5.0,6.0,"Mulund West, Mumbai",26.4,24.4,25.1,92,16.4,10.3,234,1005.0,20.8
2022-07-25,65.0,43.0,3.0,4.0,4.0,5.0,"Mulund West, Mumbai",28.2,24.2,25.9,88,15.9,10.0,218,1006.4,10.0
2022-07-26,69.0,38.0,3.0,5.0,4.0,6.0,"Mulund West, Mumbai",28.0,24.7,26.0,89,14.1,8.4,218,1008.1,4.0
2022-07-27,72.0,58.0,3.0,5.0,6.0,8.0,"Mulund West, Mumbai",29.1,24.8,26.2,88,10.4,4.7,230,1008.0,10.3
2022-07-28,82.0,52.0,3.0,3.0,7.0,4.0,"Mulund West, Mumbai",29.6,24.0,26.7,88,14.4,6.3,300,1008.7,5.0
2022-07-29,69.0,48.0,3.0,3.0,7.0,5.0,"Mulund West, Mumbai",30.0,24.9,27.1,86,14.8,7.3,327,1008.2,2.2
2022-07-30,60.0,52.0,3.0,4.0,7.0,4.0,"Mulund West, Mumbai",30.1,25.0,27.3,84,15.6,7.7,304,1007.3,0.8
2022-07-31,61.0,50.0,3.0,6.0,8.0,5.0,"Mulund West, Mumbai",29.7,25.2,27.3,85,15.5,8.0,282,1005.8,2.1
2022-08-01,51.0,49.0,3.0,3.0,6.0,6.0,"Mulund West, Mumbai",29.7,24.9,27.0,85,16.4,8.1,279,1006.0,2.2
2022-08-02,66.0,48.0,3.0,4.0,6.0,6.0,"Mulund West, Mumbai",30.1,25.1,27.2,84,14.7,6.5,284,1005.0,2.5
2022-08-03,77.0,39.0,3.0,4.0,6.0,6.0,"Mulund West, Mumbai",29.3,25.4,27.2,84,13.4,5.6,274,1004.0,5.3
2022-08-04,67.0,38.0,3.0,4.0,7.0,6.0,"Mulund West, Mumbai",29.5,25.1,27.0,87,12.2,4.7,251,1003.0,12.2
2022-08-05,66.0,37.0,3.0,4.0,7.0,6.0,"Mulund West, Mumbai",27.3,24.8,25.8,92,13.8,6.5,200,1001.6,26.0
2022-08-06,67.0,29.0,3.0,4.0,6.0,6.0,"Mulund West, Mumbai",27.6,24.6,25.9,90,14.7,8.1,213,1000.4,25.7
2022-08-07,57.0,30.0,3.0,4.0,6.0,6.0,"Mulund West, Mumbai",28.4,24.9,25.9,92,12.9,8.1,200,999.8,47.5
2022-08-08,58.0,24.0,3.0,3.0,6.0,6.0,"Mulund West, Mumbai",28.4,25.1,26.0,92,22.2,7.7,226,998.3,23.5
2022-08-09,46.0,33.0,3.0,2.0,7.0,6.0,"Mulund West, Mumbai",26.2,25.0,25.6,91,27.9,21.5,231,997.7,60.5
2022-08-10,59.0,40.0,3.0,2.0,7.0,6.0,"Mulund West, Mumbai",27.5,25.0,25.9,89,30.3,24.1,227,997.3,26.2
2022-08-11,63.0,44.0,3.0,2.0,7.0,6.0,"Mulund West, Mumbai",27.9,25.1,26.1,88,29.6,24.7,222,998.8,23.7
2022-08-12,63.0,40.0,3.0,1.0,6.0,5.0,"Mulund West, Mumbai",27.9,24.6,26.1,86,33.5,25.7,223,1002.2,14.3
2022-08-13,59.0,37.0,3.0,1.0,5.0,6.0,"Mulund West, Mumbai",28.8,24.6,26.4,85,26.1,19.6,228,1004.2,12.1
2022-08-14,58.0,32.0,3.0,4.0,8.0,8.0,"Mulund West, Mumbai",28.4,24.4,26.4,83,24.8,19.0,235,1005.8,8.4
2022-08-15,54.0,35.0,3.0,3.0,7.0,6.0,"Mulund West, Mumbai",26.3,23.9,25.1,91,19.5,15.2,239,1006.1,26.9
2022-08-16,56.0,34.0,3.0,1.0,6.0,6.0,"Mulund West, Mumbai",26.0,24.3,25.0,91,23.1,18.7,226,1005.3,50.5
2022-08-17,54.0,39.0,3.0,1.0,7.0,6.0,"Mulund West, Mumbai",27.4,24.4,25.5,88,27.2,18.4,217,1006.5,19.2
2022-08-18,62.0,39.0,3.0,1.0,6.0,6.0,"Mulund West, Mumbai",28.0,24.5,26.1,86,23.3,16.1,228,1007.0,10.6
2022-08-19,55.0,32.0,3.0,1.0,6.0,7.0,"Mulund West, Mumbai",28.3,24.5,25.8,87,21.9,13.8,229,1007.4,12.0
2022-08-20,59.0,43.0,3.0,2.0,6.0,5.0,"Mulund West, Mumbai",28.2,24.8,26.1,87,19.6,12.2,249,1007.2,7.5
2022-08-21,57.0,38.0,3.0,1.0,6.0,5.0,"Mulund West, Mumbai",28.1,24.5,26.0,86,18.8,12.8,257,1006.1,5.1
2022-08-22,52.0,46.0,3.0,1.0,6.0,6.0,"Mulund West, Mumbai",27.1,24.5,25.8,88,18.4,14.0,260,1004.9,7.5
2022-08-23,48.0,37.0,3.0,1.0,6.0,7.0,"Mulund West, Mumbai",27.5,24.6,25.7,88,20.1,14.8,244,1005.0,6.4
2022-08-24,56.0,45.0,3.0,2.0,5.0,7.0,"Mulund West, Mumbai",27.8,24.2,25.8,87,18.7,13.2,237,1007.6,9.6
2022-08-25,63.0,45.0,3.0,2.0,6.0,7.0,"Mulund West, Mumbai",28.0,24.3,25.6,88,15.0,9.0,223,1007.5,6.2
2022-08-26,68.0,75.0,3.0,1.0,5.0,7.0,"Mulund West, Mumbai",28.7,23.9,26.0,86,14.1,7.4,235,1007.5,1.5
2022-08-27,82.0,66.0,3.0,1.0,3.0,7.0,"Mulund West, Mumbai",28.7,24.4,26.2,84,15.6,7.2,266,1007.8,2.2
2022-08-28,75.0,69.0,3.0,3.0,3.0,8.0,"Mulund West, Mumbai",28.8,23.5,26.1,86,15.8,6.8,288,1007.4,1.0
2022-08-29,91.0,68.0,3.0,2.0,1.0,7.0,"Mulund West, Mumbai",29.2,24.1,26.5,85,15.3,6.2,307,1008.5,2.0
2022-08-30,86.0,62.0,3.0,4.0,1.0,6.0,"Mulund West, Mumbai",30.4,24.0,26.9,85,16.8,7.8,328,1008.5,1.1
2022-08-31,94.0,34.0,3.0,3.0,3.0,6.0,"Mulund West, Mumbai",30.6,24.9,27.3,88,14.8,6.2,318,1006.9,14.6
2022-09-01,73.0,52.0,3.0,2.0,7.0,14.0,"Mulund West, Mumbai",29.8,24.3,26.5,88,14.6,5.0,351,1006.9,12.6
2022-09-02,91.0,67.0,3.0,1.0,6.0,8.0,"Mulund West, Mumbai",31.9,24.6,27.5,86,10.9,4.5,6,1007.1,16.2
2022-09-03,107.0,85.0,3.0,2.0,3.5,7.0,"Mulund West, Mumbai",31.0,24.6,27.4,87,14.0,6.9,219,1007.4,3.3
2022-09-04,77.0,48.0,3.0,2.0,1.0,6.0,"Mulund West, Mumbai",29.5,25.5,26.7,89,12.5,6.5,249,1007.7,11.0
2022-09-05,63.0,35.0,3.0,3.0,5.0,6.0,"Mulund West, Mumbai",29.7,25.6,27.2,85,14.0,6.4,293,1007.6,2.0
2022-09-06,59.0,47.0,3.0,3.0,7.0,6.0,"Mulund West, Mumbai",30.0,25.2,26.9,85,11.5,4.5,316,1007.1,8.2
2022-09-07,66.0,40.0,3.0,2.0,7.0,7.0,"Mulund West, Mumbai",31.2,24.7,26.8,89,11.7,5.9,2,1006.8,11.4
2022-09-08,72.0,45.0,3.0,2.0,7.0,8.0,"Mulund West, Mumbai",29.4,24.2,26.5,91,11.0,5.7,345,1005.5,25.1
2022-09-09,83.0,58.0,3.0,3.0,7.0,9.0,"Mulund West, Mumbai",30.4,24.8,27.0,88,10.2,4.6,178,1004.4,20.1
2022-09-10,109.0,49.0,3.0,4.0,8.0,9.0,"Mulund West, Mumbai",30.4,24.5,26.6,90,10.7,4.7,183,1004.5,15.6
2022-09-11,105.0,32.0,3.0,3.0,7.0,8.0,"Mulund West, Mumbai",29.9,24.2,26.4,90,9.3,4.6,340,1002.2,20.8
2022-09-12,53.0,21.0,3.0,2.0,7.0,8.0,"Mulund West, Mumbai",29.5,24.4,26.0,91,15.5,6.2,207,1001.0,23.1
2022-09-13,40.0,34.0,3.0,4.0,8.0,8.0,"Mulund West, Mumbai",26.5,24.6,25.6,93,18.5,11.7,233,1002.9,29.2
2022-09-14,55.0,31.0,3.0,2.0,7.0,7.0,"Mulund West, Mumbai",27.5,24.9,25.7,90,23.2,16.8,223,1005.9,35.5
2022-09-15,47.0,21.0,3.0,2.0,7.0,8.0,"Mulund West, Mumbai",27.6,24.8,25.7,91,25.6,18.4,230,1007.3,24.1
2022-09-16,41.0,25.42857143,3.0,2.0,6.857142857,8.142857143,"Mulund West, Mumbai",26.0,24.1,25.1,93,20.9,14.4,244,1006.3,53.4
2022-09-17,53.0,29.85714286,3.0,2.0,6.714285714,8.285714286,"Mulund West, Mumbai",27.6,23.6,24.9,91,17.1,9.9,205,1006.8,45.3
2022-09-18,45.0,34.28571429,3.0,2.0,6.571428571,8.428571429,"Mulund West, Mumbai",25.9,23.6,24.6,93,13.3,7.7,235,1008.6,49.0
2022-09-19,69.0,44.0,3.0,2.0,7.0,6.0,"Mulund West, Mumbai",28.0,23.1,25.4,86,16.8,7.1,251,1009.1,1.8
2022-09-20,89.0,44.0,3.0,2.0,7.0,6.0,"Mulund West, Mumbai",26.2,23.1,24.5,91,10.8,5.1,245,1008.9,7.2
2022-09-21,87.0,44.0,3.0,2.0,7.0,6.0,"Mulund West, Mumbai",27.2,23.5,24.8,91,14.1,5.7,249,1008.8,6.5
2022-09-22,80.0,52.0,3.0,3.0,6.0,9.0,"Mulund West, Mumbai",25.2,23.5,24.3,93,13.4,6.0,217,1009.2,13.3
2022-09-23,123.0,64.0,3.0,2.0,6.0,8.0,"Mulund West, Mumbai",28.2,23.2,25.4,86,17.3,9.8,200,1009.1,2.8
2022-09-24,121.0,60.0,3.0,2.0,6.0,8.0,"Mulund West, Mumbai",27.5,23.6,25.3,88,14.8,9.5,199,1008.5,3.1
2022-09-25,119.0,58.0,3.0,3.0,6.0,9.0,"Mulund West, Mumbai",28.8,23.6,25.6,87,10.9,6.4,215,1008.3,2.8
2022-09-26,117.0,56.0,3.0,3.0,6.0,9.0,"Mulund West, Mumbai",28.7,23.2,25.5,87,13.1,5.6,270,1010.0,3.2
2022-09-27,72.0,67.0,3.0,3.0,7.0,9.0,"Mulund West, Mumbai",29.1,23.2,25.6,88,13.4,5.4,282,1008.8,2.2
2022-09-28,87.0,55.0,3.0,2.0,6.0,8.0,"Mulund West, Mumbai",28.6,23.6,25.8,88,13.6,5.6,280,1007.8,2.9
2022-09-29,90.0,51.5,3.0,1.666666667,6.0,10.5,"Mulund West, Mumbai",28.9,23.2,25.8,88,13.7,5.0,336,1007.7,2.8
2022-09-30,76.5,48.0,3.0,1.333333333,6.0,13.0,"Mulund West, Mumbai",30.0,23.5,26.3,89,12.3,5.5,335,1008.2,1.7
2022-10-01,63.0,42.0,3.0,1.0,6.0,13.0,"Mulund West, Mumbai",28.8,23.1,25.7,90,11.9,5.8,310,1008.9,5.8
2022-10-02,64.0,46.0,3.0,1.0,6.0,12.0,"Mulund West, Mumbai",29.4,23.4,25.9,88,14.7,6.2,329,1009.0,0.5
2022-10-03,63.0,66.0,3.0,1.0,6.0,11.0,"Mulund West, Mumbai",29.2,23.1,25.9,87,15.8,7.7,331,1009.4,0.0
2022-10-04,83.0,55.0,3.0,1.0,6.0,10.0,"Mulund West, Mumbai",30.3,23.4,26.4,86,15.3,7.4,340,1009.3,1.3
2022-10-05,81.0,59.0,3.0,1.0,6.0,11.0,"Mulund West, Mumbai",30.6,23.1,26.5,89,14.0,6.0,6,1008.1,2.5
2022-10-06,72.0,54.0,3.0,2.0,6.0,11.0,"Mulund West, Mumbai",30.3,23.6,26.7,88,16.2,7.1,305,1006.4,4.2
2022-10-07,81.0,40.0,3.0,19.0,6.0,4.0,"Mulund West, Mumbai",27.2,23.5,25.3,90,14.4,6.9,268,1005.3,28.3
2022-10-08,63.0,58.0,3.0,16.0,6.0,4.0,"Mulund West, Mumbai",27.4,24.1,25.3,89,14.3,8.7,217,1007.5,34.5
2022-10-09,67.0,68.0,3.0,14.0,6.0,5.0,"Mulund West, Mumbai",29.1,24.0,26.4,87,11.8,7.5,205,1009.1,0.5
2022-10-10,95.0,58.0,3.0,14.0,6.0,4.0,"Mulund West, Mumbai",30.9,23.3,26.4,87,12.5,5.3,353,1009.9,0.5
2022-10-11,82.0,60.0,3.0,10.0,6.0,4.0,"Mulund West, Mumbai",30.7,24.1,26.5,88,10.6,4.8,23,1008.9,10.6
2022-10-12,86.0,53.0,3.0,12.0,6.0,5.0,"Mulund West, Mumbai",29.4,23.5,25.6,90,10.0,4.3,27,1009.5,17.8
2022-10-13,86.0,53.0,3.0,10.0,6.0,4.0,"Mulund West, Mumbai",30.8,23.2,26.3,89,8.8,4.1,49,1009.5,4.3
2022-10-14,92.0,63.0,3.0,12.0,6.0,5.0,"Mulund West, Mumbai",31.0,23.8,26.1,88,11.5,4.7,77,1009.5,29.1
2022-10-15,102.0,57.0,3.0,13.0,6.0,3.0,"Mulund West, Mumbai",32.5,23.1,27.3,73,13.0,7.3,32,1008.4,0.2
2022-10-16,95.0,56.375,3.0,13.125,6.125,3.0,"Mulund West, Mumbai",32.8,23.8,27.6,64,11.5,9.3,42,1009.4,0.0
2022-10-23,107.25,52.0,3.0,14.0,7.0,3.0,"Mulund West, Mumbai",32.2,21.5,25.7,65,8.7,7.6,33,1013.1,0.0
2022-10-24,109.0,118.0,3.0,16.0,6.0,6.0,"Mulund West, Mumbai",31.8,19.0,24.8,70,12.6,6.6,2,1011.3,0.0
2022-10-25,189.0,96.0,3.0,16.0,6.0,4.0,"Mulund West, Mumbai",31.0,19.6,24.6,78,12.4,6.8,2,1011.4,0.0
2022-10-26,163.0,97.0,3.0,13.0,6.0,5.0,"Mulund West, Mumbai",32.0,19.5,24.9,69,13.2,7.3,12,1012.7,0.0
2022-10-27,156.0,92.0,3.0,14.0,6.0,6.0,"Mulund West, Mumbai",31.8,19.5,24.9,68,14.3,7.1,26,1012.5,0.0
2022-10-28,155.0,89.0,3.0,14.0,6.0,5.0,"Mulund West, Mumbai",31.1,19.5,24.8,67,9.8,7.3,38,1012.0,0.0
2022-10-29,157.0,88.0,3.0,11.0,6.0,4.0,"Mulund West, Mumbai",32.2,19.1,24.9,61,12.4,7.4,57,1011.9,0.0
2022-10-30,143.0,118.0,3.0,11.0,6.0,6.0,"Mulund West, Mumbai",32.4,19.3,25.0,57,13.4,9.1,31,1012.1,0.0
2022-10-31,158.0,83.0,3.0,14.0,6.0,4.0,"Mulund West, Mumbai",32.0,19.0,24.7,63,15.2,8.4,39,1011.7,0.0
2022-11-01,157.0,92.0,3.0,11.0,6.0,6.0,"Mulund West, Mumbai",31.9,19.6,24.6,58,11.4,8.8,41,1012.4,0.0
2022-11-02,164.0,100.0,3.0,14.0,6.0,5.0,"Mulund West, Mumbai",32.7,19.8,25.3,62,13.5,9.0,26,1011.7,0.0
2022-11-03,160.0,116.0,3.0,14.0,7.0,5.0,"Mulund West, Mumbai",34.0,19.1,25.5,55,12.7,9.8,39,1011.4,0.0
2022-11-04,146.0,100.0,3.0,13.0,6.0,8.0,"Mulund West, Mumbai",34.3,19.5,25.9,55,13.1,9.5,38,1012.1,0.0
2022-11-05,144.0,96.0,3.0,13.0,6.0,6.0,"Mulund West, Mumbai",34.9,20.0,26.3,51,12.6,8.1,34,1013.1,0.0
2022-11-06,153.0,91.0,3.0,15.0,6.0,6.0,"Mulund West, Mumbai",34.7,19.4,25.8,56,12.9,8.4,23,1013.5,0.0
2022-11-07,155.0,122.0,3.0,13.0,6.0,7.0,"Mulund West, Mumbai",33.5,17.8,24.9,62,11.7,7.2,19,1013.3,0.0
2022-11-08,162.0,122.0,3.0,15.0,6.0,9.0,"Mulund West, Mumbai",33.8,19.4,25.8,60,12.1,7.1,13,1012.9,0.0
2022-11-09,167.0,103.0,3.0,13.0,6.0,7.0,"Mulund West, Mumbai",34.0,20.1,26.3,55,14.5,7.5,8,1012.8,0.0
2022-11-10,163.0,93.0,3.0,12.0,6.0,6.0,"Mulund West, Mumbai",33.9,20.1,25.9,57,15.0,9.6,33,1013.1,0.0
2022-11-11,150.0,94.0,3.0,14.0,6.0,5.0,"Mulund West, Mumbai",34.0,19.9,26.5,50,18.6,10.8,46,1013.3,0.0
2022-11-12,157.0,99.0,3.0,10.0,6.0,6.0,"Mulund West, Mumbai",34.2,20.9,26.6,52,15.2,10.3,33,1013.0,0.0
2022-11-13,161.0,114.0,3.0,14.0,6.0,8.0,"Mulund West, Mumbai",33.7,20.9,26.4,55,14.9,9.2,25,1012.0,0.0
2022-11-14,172.0,90.0,3.0,17.0,7.0,10.0,"Mulund West, Mumbai",34.2,20.5,26.3,63,14.6,8.2,11,1012.2,0.0
2022-11-15,168.0,88.5,3.0,14.5,6.5,7.5,"Mulund West, Mumbai",33.5,19.5,26.2,67,13.4,7.0,352,1012.7,0.0
2022-11-16,160.0,87.0,3.0,12.0,6.0,5.0,"Mulund West, Mumbai",33.7,20.3,26.2,58,13.3,8.7,6,1012.0,0.0
2022-11-17,152.0,77.0,3.0,12.0,6.0,4.0,"Mulund West, Mumbai",33.3,20.4,25.9,54,15.8,10.4,24,1011.9,0.0
2022-11-18,128.0,72.0,3.0,12.0,6.0,4.0,"Mulund West, Mumbai",32.7,20.5,25.5,44,14.3,10.7,30,1012.3,0.0
2022-11-19,143.0,81.0,3.0,12.0,6.0,8.0,"Mulund West, Mumbai",32.0,19.3,24.9,44,13.6,10.2,31,1012.3,0.0
2022-11-20,147.0,97.0,3.0,14.0,6.0,7.0,"Mulund West, Mumbai",31.1,18.2,23.8,48,13.7,10.4,35,1011.4,0.0
2022-11-21,159.0,161.0,3.0,23.0,6.0,9.0,"Mulund West, Mumbai",31.0,17.0,23.2,50,14.2,9.4,19,1011.2,0.0
2022-11-22,179.0,151.0,3.0,17.0,6.0,8.0,"Mulund West, Mumbai",32.5,17.5,24.0,53,13.2,9.1,12,1011.0,0.0
2022-11-23,176.0,151.0,3.0,15.0,6.0,8.0,"Mulund West, Mumbai",33.5,20.9,25.9,49,15.5,9.7,9,1011.1,0.0
2022-11-24,187.0,211.0,3.0,11.0,6.0,10.0,"Mulund West, Mumbai",33.7,20.0,25.8,53,14.3,8.2,6,1010.8,0.0
2022-11-25,203.0,210.0,3.0,10.0,6.0,9.0,"Mulund West, Mumbai",34.0,19.7,26.5,59,12.4,7.3,1,1011.2,0.0
2022-11-26,202.0,117.0,3.0,9.0,6.0,9.0,"Mulund West, Mumbai",33.9,21.6,26.9,63,12.9,7.3,359,1010.4,0.0
2022-11-27,185.0,83.0,3.0,8.0,6.0,6.0,"Mulund West, Mumbai",33.2,21.0,26.5,65,13.6,6.9,331,1008.6,0.0
2022-11-28,151.0,152.0,3.0,10.0,6.0,7.0,"Mulund West, Mumbai",32.2,19.6,25.0,63,13.4,7.4,332,1009.6,0.0
2022-11-29,162.0,130.0,3.0,10.0,6.0,8.0,"Mulund West, Mumbai",32.5,18.0,24.7,66,11.6,6.7,333,1010.5,0.0
2022-11-30,179.0,126.0,3.0,9.0,6.0,10.0,"Mulund West, Mumbai",34.0,19.5,26.2,62,13.0,7.0,13,1011.1,0.0
2022-12-01,179.0,133.0,6.5,10.0,6.0,10.0,"Mulund West, Mumbai",33.8,19.5,25.8,58,12.5,7.4,27,1011.1,0.0
2022-12-02,185.0,122.0,6.5,9.0,6.0,9.0,"Mulund West, Mumbai",33.8,17.5,24.9,57,12.0,8.1,13,1010.5,0.0
2022-12-03,191.0,124.0,6.5,8.0,6.0,10.0,"Mulund West, Mumbai",33.6,18.8,25.5,57,15.1,8.0,1,1010.6,0.0
2022-12-04,189.0,128.0,6.5,10.0,6.0,10.0,"Mulund West, Mumbai",34.5,20.8,26.9,61,12.2,7.4,353,1011.2,0.0
2022-12-05,192.0,145.0,6.5,9.0,6.0,10.0,"Mulund West, Mumbai",33.8,21.9,27.2,65,12.1,7.5,349,1012.1,0.2
2022-12-06,199.0,118.0,6.5,7.0,6.0,8.0,"Mulund West, Mumbai",34.3,22.5,27.4,65,16.3,8.7,346,1011.8,0.0
2022-12-07,197.0,112.0,6.5,7.0,6.0,8.0,"Mulund West, Mumbai",34.2,21.4,26.9,62,17.5,8.9,350,1011.2,0.0
2022-12-08,177.0,96.0,6.5,7.0,6.0,6.0,"Mulund West, Mumbai",33.1,20.4,26.1,60,17.4,9.7,360,1011.0,0.0
2022-12-09,166.0,97.0,6.5,8.0,6.0,8.0,"Mulund West, Mumbai",31.9,18.6,24.5,46,16.6,9.3,11,1009.6,0.0
2022-12-10,159.0,97.0,6.5,8.0,6.0,8.0,"Mulund West, Mumbai",33.5,16.2,23.6,53,13.4,8.5,12,1009.2,0.0
2022-12-11,165.0,109.0,6.5,8.0,6.0,8.0,"Mulund West, Mumbai",33.1,17.8,24.7,55,15.8,8.4,0,1009.8,0.0
2022-12-12,162.0,120.0,6.5,7.0,6.0,8.0,"Mulund West, Mumbai",33.6,21.2,27.1,58,15.3,7.1,19,1009.3,0.0
2022-12-13,148.0,84.0,6.5,7.0,6.0,6.0,"Mulund West, Mumbai",33.8,23.4,27.9,66,11.1,6.9,53,1009.8,0.0
2022-12-14,144.0,99.0,6.5,7.0,6.0,7.0,"Mulund West, Mumbai",33.5,24.9,28.1,65,9.5,7.0,57,1010.9,0.0
2022-12-15,140.0,89.0,6.5,7.0,6.0,8.0,"Mulund West, Mumbai",33.6,23.8,27.5,69,12.1,7.8,16,1010.8,0.0
2022-12-16,154.0,79.0,6.5,7.0,6.0,6.0,"Mulund West, Mumbai",35.0,22.6,27.7,66,13.5,7.4,0,1010.4,0.0
2022-12-17,151.0,79.0,6.5,10.0,6.0,5.0,"Mulund West, Mumbai",35.0,23.0,28.0,64,13.6,8.5,11,1011.1,0.0
2022-12-18,149.0,103.0,6.5,12.0,7.0,6.0,"Mulund West, Mumbai",35.0,24.1,28.3,58,17.9,10.0,9,1010.8,0.0
2022-12-19,151.0,82.0,6.5,7.0,6.0,9.0,"Mulund West, Mumbai",33.5,22.9,27.2,54,15.0,9.2,9,1009.9,0.0
2022-12-20,155.0,130.0,6.5,11.0,6.0,9.0,"Mulund West, Mumbai",32.8,20.2,26.2,51,14.3,9.0,350,1009.5,0.0
2022-12-21,175.0,215.0,6.5,8.0,6.0,11.0,"Mulund West, Mumbai",33.7,19.0,25.5,57,13.9,7.7,354,1010.1,0.0
2022-12-22,193.0,122.0,6.5,7.0,6.0,10.0,"Mulund West, Mumbai",33.7,18.5,25.1,63,13.6,7.6,344,1010.1,0.0
2022-12-23,169.0,101.0,6.5,7.0,6.0,7.0,"Mulund West, Mumbai",31.8,18.1,24.0,61,16.3,9.4,328,1010.9,0.0
2022-12-24,127.0,118.0,6.5,8.0,6.0,10.0,"Mulund West, Mumbai",30.4,15.6,22.0,51,14.3,9.8,342,1011.9,0.0
2022-12-25,177.0,166.0,6.5,8.0,6.0,12.0,"Mulund West, Mumbai",29.5,15.9,21.2,66,11.2,5.8,333,1012.1,0.0
2022-12-26,183.0,167.0,6.5,7.0,6.0,10.0,"Mulund West, Mumbai",30.3,14.2,21.5,71,12.5,7.4,341,1013.1,0.0
2022-12-27,181.0,144.0,6.5,7.0,6.0,12.0,"Mulund West, Mumbai",32.2,15.7,23.2,66,13.4,8.4,345,1013.9,0.0
2022-12-28,167.0,128.0,6.5,7.0,6.0,10.0,"Mulund West, Mumbai",33.1,16.5,23.9,64,15.1,8.7,344,1014.8,0.0
2022-12-29,175.0,135.0,6.5,8.0,6.0,10.0,"Mulund West, Mumbai",33.4,17.0,24.2,63,14.7,8.3,336,1015.9,0.0
2022-12-30,173.0,101.0,6.5,8.0,6.0,8.0,"Mulund West, Mumbai",33.3,16.8,24.1,64,14.8,8.1,340,1016.9,0.0
2022-12-31,164.0,74.0,6.5,7.0,6.0,8.0,"Mulund West, Mumbai",31.6,16.8,23.4,62,17.1,10.0,338,1016.5,0.0
2023-01-01,155.0,204.0,5.0,10.0,6.0,10.0,"Mulund West, Mumbai",29.5,16.0,21.7,66,14.1,8.5,335,1016.1,0.0
2023-01-02,176.0,131.0,5.0,8.0,6.0,10.0,"Mulund West, Mumbai",31.9,14.2,22.7,65,13.0,8.8,353,1015.2,0.0
2023-01-03,185.0,124.0,5.0,6.0,6.0,9.0,"Mulund West, Mumbai",31.8,15.3,22.6,66,15.8,9.3,346,1015.0,0.0
2023-01-04,176.0,228.0,5.0,9.0,6.0,9.0,"Mulund West, Mumbai",31.0,15.7,22.6,67,14.2,8.0,341,1013.8,0.0
2023-01-05,210.0,156.0,5.0,6.0,9.0,7.0,"Mulund West, Mumbai",32.5,18.4,24.3,68,15.5,7.4,344,1014.4,0.0
2023-01-06,187.0,118.0,5.0,5.0,6.0,5.0,"Mulund West, Mumbai",33.5,19.2,25.7,63,14.0,8.9,19,1015.9,0.0
2023-01-07,181.0,82.0,5.0,6.0,6.0,4.0,"Mulund West, Mumbai",33.3,21.8,26.5,60,12.9,9.3,27,1015.9,0.0
2023-01-08,161.0,79.0,5.0,5.0,6.0,4.0,"Mulund West, Mumbai",32.8,20.6,25.6,55,16.9,10.1,3,1014.9,0.0
2023-01-09,140.0,112.0,5.0,5.0,6.0,7.0,"Mulund West, Mumbai",32.2,18.1,24.3,46,17.8,9.9,0,1016.0,0.0
2023-01-10,163.0,133.0,5.0,7.0,6.0,8.0,"Mulund West, Mumbai",33.0,16.5,23.6,45,15.3,9.0,11,1015.4,0.0
2023-01-11,178.0,93.0,5.0,10.0,6.0,5.0,"Mulund West, Mumbai",32.0,14.8,22.4,57,13.2,7.9,345,1013.6,0.0
2023-01-12,149.0,64.0,5.0,7.0,6.0,3.0,"Mulund West, Mumbai",30.2,14.4,21.8,68,16.2,9.5,330,1013.0,0.0
2023-01-13,88.0,82.0,5.0,7.0,6.0,8.0,"Mulund West, Mumbai",28.0,17.1,21.6,75,18.7,9.4,342,1014.0,0.0
2023-01-14,158.0,122.0,5.0,8.0,6.0,8.0,"Mulund West, Mumbai",28.1,13.8,20.0,65,16.7,9.6,337,1013.9,0.0
2023-01-15,182.0,237.0,5.0,9.0,6.0,8.0,"Mulund West, Mumbai",28.2,12.5,20.2,65,15.4,8.7,335,1012.2,0.0
2023-01-16,196.0,180.0,5.0,9.0,6.0,10.0,"Mulund West, Mumbai",28.3,13.2,20.3,72,11.0,7.2,326,1012.4,0.0
2023-01-17,197.0,190.0,5.0,8.0,6.0,10.0,"Mulund West, Mumbai",29.9,13.7,21.0,70,12.5,6.8,323,1012.8,0.0
2023-01-18,203.0,216.0,5.0,7.0,6.0,11.0,"Mulund West, Mumbai",32.2,14.4,22.0,69,11.9,6.8,333,1013.6,0.0
2023-01-19,202.0,161.0,5.0,7.0,5.0,10.0,"Mulund West, Mumbai",31.2,13.4,21.9,71,11.0,5.9,320,1013.6,0.0
2023-01-20,181.0,125.0,5.0,8.0,5.0,8.0,"Mulund West, Mumbai",30.0,14.9,21.3,70,13.7,7.7,325,1013.6,0.0
2023-01-21,167.0,86.0,5.0,7.0,5.0,6.0,"Mulund West, Mumbai",30.0,15.6,21.7,67,15.8,8.3,323,1013.8,0.0
2023-01-22,152.0,93.0,5.0,7.0,5.0,7.0,"Mulund West, Mumbai",29.2,15.2,21.1,58,19.2,10.4,338,1013.2,0.0
2023-01-23,206.0,101.0,5.0,7.0,5.0,7.0,"Mulund West, Mumbai",27.9,14.1,20.6,55,19.4,10.6,327,1012.6,0.0
2023-01-24,165.0,106.0,5.0,6.0,5.0,5.0,"Mulund West, Mumbai",27.6,14.5,20.2,56,20.2,10.9,331,1012.9,0.0
2023-01-25,170.0,115.0,5.0,8.0,5.0,8.0,"Mulund West, Mumbai",28.9,14.6,20.8,53,21.1,12.1,337,1012.8,0.0
2023-01-26,182.0,159.0,5.0,7.0,5.0,9.0,"Mulund West, Mumbai",30.3,16.2,22.9,54,17.9,10.5,336,1012.2,0.0
2023-01-27,181.0,128.0,5.0,5.0,5.0,9.0,"Mulund West, Mumbai",35.5,20.0,26.0,60,16.9,9.9,358,1011.2,0.0
2023-01-28,172.0,111.0,5.0,3.0,5.0,7.0,"Mulund West, Mumbai",34.0,18.2,24.9,69,16.4,8.1,210,1010.4,0.0
2023-01-29,175.0,86.0,5.0,4.0,5.0,6.0,"Mulund West, Mumbai",27.8,20.7,23.4,86,16.2,7.7,255,1010.2,2.1
2023-01-30,162.0,105.0,5.0,4.0,5.0,6.0,"Mulund West, Mumbai",30.9,18.6,23.6,75,18.9,10.2,335,1012.8,0.0
2023-01-31,173.0,93.0,15.0,3.0,4.0,5.0,"Mulund West, Mumbai",33.1,20.9,26.0,57,18.4,11.9,350,1012.5,0.0
2023-02-01,165.0,105.3333333,18.0,4.0,4.0,5.0,"Mulund West, Mumbai",34.5,23.0,27.7,47,16.8,11.0,42,1011.9,0.0
2023-02-02,159.0,117.6666667,21.0,7.0,4.0,7.0,"Mulund West, Mumbai",35.2,22.9,27.7,47,16.3,12.5,25,1012.1,0.0
2023-02-03,156.0,130.0,24.0,10.0,4.0,8.0,"Mulund West, Mumbai",34.7,20.4,26.3,47,17.4,9.2,359,1012.7,0.0
2023-02-04,167.0,98.0,21.0,4.0,4.0,7.0,"Mulund West, Mumbai",34.7,17.3,25.4,49,16.8,9.4,349,1011.6,0.0
2023-02-05,160.0,105.0,27.0,6.0,4.0,8.0,"Mulund West, Mumbai",34.0,16.5,24.8,55,12.6,7.5,331,1010.8,0.0
2023-02-06,165.0,95.0,17.0,5.0,4.0,6.0,"Mulund West, Mumbai",32.5,16.5,24.2,59,16.8,9.8,327,1011.5,0.0
2023-02-07,149.0,128.0,25.0,6.0,4.0,8.0,"Mulund West, Mumbai",34.0,16.4,24.2,58,19.4,11.1,346,1011.2,0.0
2023-02-08,174.0,117.0,30.0,6.0,4.0,8.0,"Mulund West, Mumbai",35.2,16.0,25.2,52,16.6,9.9,352,1011.2,0.0
2023-02-09,162.0,100.0,24.0,6.0,4.0,6.0,"Mulund West, Mumbai",37.1,18.2,26.5,44,16.6,9.5,352,1011.4,0.0
2023-02-10,153.0,86.0,19.0,5.0,4.0,6.0,"Mulund West, Mumbai",35.3,17.0,25.0,49,17.3,10.0,331,1013.0,0.0
2023-02-11,135.0,90.0,13.0,5.0,4.0,6.0,"Mulund West, Mumbai",35.5,15.3,24.8,44,18.4,10.6,339,1013.8,0.0
2023-02-12,144.0,74.0,19.0,5.0,4.0,3.0,"Mulund West, Mumbai",36.6,15.4,26.1,40,17.6,10.4,8,1013.6,0.0
2023-02-13,129.0,92.5,21.0,6.0,4.0,5.5,"Mulund West, Mumbai",36.8,21.6,27.8,33,19.5,12.3,10,1013.4,0.0
2023-02-14,144.0,111.0,23.0,7.0,4.0,8.0,"Mulund West, Mumbai",36.2,19.1,26.2,35,17.6,10.0,5,1013.3,0.0
2023-02-15,159.0,93.0,27.0,6.0,4.0,8.0,"Mulund West, Mumbai",36.8,17.0,26.0,37,18.9,10.0,358,1011.6,0.0
2023-02-16,153.0,140.0,18.0,7.0,4.0,9.0,"Mulund West, Mumbai",38.5,20.1,28.0,30,23.1,11.6,13,1011.9,0.0
2023-02-17,165.0,90.0,30.0,6.0,4.0,5.0,"Mulund West, Mumbai",38.5,20.5,28.4,30,20.7,12.1,6,1012.3,0.0
2023-02-18,149.0,84.0,21.0,6.0,4.0,5.0,"Mulund West, Mumbai",38.3,19.4,28.0,30,19.8,11.7,11,1011.9,0.0
2023-02-19,149.0,110.0,18.0,7.0,4.0,9.0,"Mulund West, Mumbai",38.5,18.9,27.0,36,15.8,9.0,17,1011.8,0.0
2023-02-20,165.0,107.0,17.0,5.0,4.0,8.0,"Mulund West, Mumbai",34.9,18.1,25.9,56,15.0,7.0,260,1012.3,0.0
2023-02-21,157.0,93.0,16.0,5.0,4.0,8.0,"Mulund West, Mumbai",35.5,17.3,25.9,56,18.8,10.0,327,1012.9,0.0
2023-02-22,149.0,89.0,22.0,6.0,4.0,8.0,"Mulund West, Mumbai",33.7,17.4,25.0,58,18.7,10.5,329,1012.6,0.0
2023-02-23,163.0,114.0,25.0,6.0,4.0,8.0,"Mulund West, Mumbai",37.3,16.0,26.1,42,17.6,9.9,335,1011.5,0.0
2023-02-24,164.0,97.0,25.0,6.0,4.0,8.0,"Mulund West, Mumbai",38.2,17.0,27.4,36,18.2,10.2,338,1012.4,0.0
2023-02-25,160.0,96.0,28.0,6.0,4.0,7.0,"Mulund West, Mumbai",38.2,18.9,27.8,32,20.1,11.2,342,1014.2,0.0
2023-02-26,160.0,93.0,21.0,6.0,4.0,7.0,"Mulund West, Mumbai",38.1,17.0,27.2,34,19.2,10.6,344,1014.6,0.0
2023-02-27,155.0,106.0,20.0,7.0,4.0,9.0,"Mulund West, Mumbai",37.8,18.5,27.6,33,19.6,11.1,343,1014.3,0.0
2023-02-28,161.0,104.0,16.0,7.0,4.0,10.0,"Mulund West, Mumbai",36.8,17.6,26.5,41,16.3,9.2,328,1014.6,0.0
2023-03-01,161.0,121.0,21.0,8.0,4.0,10.0,"Mulund West, Mumbai",36.5,17.8,26.7,44,16.9,9.6,337,1015.0,0.0
2023-03-02,171.0,143.0,20.0,8.0,4.0,12.0,"Mulund West, Mumbai",38.1,20.1,28.2,38,17.6,8.8,347,1015.0,0.0
2023-03-03,182.0,197.0,16.0,7.0,4.0,12.0,"Mulund West, Mumbai",38.0,20.2,28.0,47,17.4,7.7,312,1015.4,0.0
2023-03-04,212.0,128.0,17.0,8.0,4.0,9.0,"Mulund West, Mumbai",37.7,21.0,28.4,53,14.4,7.8,305,1015.1,0.0
2023-03-05,183.0,148.0,15.0,7.0,4.0,8.0,"Mulund West, Mumbai",39.2,21.0,29.3,50,19.3,8.5,308,1014.6,0.0
2023-03-06,176.0,71.0,10.0,7.0,4.0,5.0,"Mulund West, Mumbai",36.8,23.8,29.8,39,20.5,12.3,45,1013.7,0.1
2023-03-07,144.0,76.0,9.0,7.0,4.0,5.0,"Mulund West, Mumbai",36.8,23.6,29.4,37,22.2,10.4,79,1013.4,0.0
2023-03-08,149.0,73.0,8.0,7.0,4.0,4.0,"Mulund West, Mumbai",37.5,21.0,28.5,43,15.9,9.6,350,1013.3,0.0
2023-03-09,134.0,66.0,4.0,6.0,4.0,3.0,"Mulund West, Mumbai",38.5,21.6,29.5,30,23.7,11.1,1,1012.6,0.0
2023-03-10,112.0,90.0,4.0,7.0,4.0,5.0,"Mulund West, Mumbai",37.8,23.5,29.5,26,22.7,13.3,352,1012.1,0.0
2023-03-11,155.0,100.0,4.0,8.0,4.0,6.0,"Mulund West, Mumbai",39.5,21.5,29.9,33,18.9,9.9,1,1011.5,0.0
2023-03-12,164.0,109.0,4.0,8.0,4.0,8.0,"Mulund West, Mumbai",40.0,22.5,29.9,35,19.3,9.3,2,1010.9,0.0
2023-03-13,171.0,100.0,3.9375,8.0,4.0,7.0,"Mulund West, Mumbai",39.9,23.4,29.9,45,17.8,8.1,290,1009.9,0.2
2023-03-14,165.0,113.0,3.875,7.0,4.0,7.0,"Mulund West, Mumbai",38.2,22.6,29.6,54,17.0,9.2,348,1008.9,0.0
2023-03-15,170.0,98.0,3.8125,5.0,6.0,5.0,"Mulund West, Mumbai",37.4,22.5,29.2,49,17.9,7.7,347,1007.8,0.1
2023-03-16,156.0,88.0,3.96875,6.0,6.0,5.0,"Mulund West, Mumbai",34.8,22.0,27.3,64,15.3,8.5,132,1009.5,20.2
2023-03-17,155.0,91.33333333,3.96875,6.0,6.0,4.0,"Mulund West, Mumbai",32.8,21.2,26.6,74,14.8,7.9,244,1010.1,1.5
2023-03-18,155.0,94.66666667,3.96875,5.0,6.0,2.0,"Mulund West, Mumbai",32.7,23.0,27.1,76,17.0,8.5,295,1008.9,0.0
2023-03-19,100.0,98.0,3.96875,4.0,6.0,2.0,"Mulund West, Mumbai",31.6,21.0,26.0,72,18.4,9.3,258,1008.9,0.0
2023-03-20,91.0,89.5,3.96875,5.0,6.0,4.0,"Mulund West, Mumbai",31.5,21.6,26.4,65,17.0,8.5,300,1008.8,0.0
2023-03-21,101.0,89.5,3.96875,5.0,6.0,4.0,"Mulund West, Mumbai",30.5,21.0,25.4,72,16.0,7.6,275,1009.5,0.6
2023-03-22,104.0,108.0,3.96875,4.0,6.0,4.0,"Mulund West, Mumbai",31.6,20.7,25.9,71,16.0,8.3,314,1010.5,0.0
2023-03-23,85.0,60.0,3.96875,3.0,6.0,4.0,"Mulund West, Mumbai",31.9,21.0,26.1,70,18.0,8.8,313,1010.6,0.0
2023-03-24,83.0,58.0,3.96875,4.0,6.0,3.0,"Mulund West, Mumbai",32.2,20.2,26.0,73,20.2,10.2,325,1010.6,0.0
2023-03-25,80.0,62.0,3.96875,5.0,5.0,3.0,"Mulund West, Mumbai",31.5,19.2,25.1,65,21.0,10.4,337,1011.7,0.0
2023-03-26,93.0,76.0,3.96875,5.0,6.0,4.0,"Mulund West, Mumbai",31.1,17.5,24.2,69,18.4,10.6,329,1011.5,0.0
2023-03-27,116.0,90.0,3.96875,5.0,6.0,4.0,"Mulund West, Mumbai",31.9,18.5,25.0,75,17.8,8.9,315,1011.0,0.0
2023-03-28,130.0,81.0,3.96875,5.0,6.0,4.0,"Mulund West, Mumbai",32.3,20.6,25.8,74,17.3,8.3,311,1010.3,0.0
2023-03-29,122.0,69.0,3.96875,4.0,6.0,4.0,"Mulund West, Mumbai",31.8,20.9,25.8,76,16.5,8.1,306,1010.8,0.0
2023-03-30,103.0,58.0,3.96875,4.0,5.0,4.0,"Mulund West, Mumbai",30.9,20.9,25.8,74,16.2,8.1,278,1010.3,0.1
2023-03-31,87.0,60.0,3.96875,4.0,5.333333333,3.666666667,"Mulund West, Mumbai",31.3,23.0,26.6,72,16.5,7.4,298,1009.9,0.3
2023-04-02,92.33333333,64.0,4.0,4.0,6.0,3.0,"Mulund West, Mumbai",32.2,21.0,26.1,73,21.1,9.3,308,1010.1,0.0
2023-04-03,95.0,64.0,4.0,4.0,6.0,3.0,"Mulund West, Mumbai",32.2,21.4,26.4,75,20.6,9.0,311,1009.7,0.0
2023-04-04,95.0,67.0,4.0,4.0,6.0,4.0,"Mulund West, Mumbai",33.6,21.1,26.8,75,20.5,9.7,323,1010.2,0.0
2023-04-05,90.0,88.0,4.0,4.0,6.0,4.0,"Mulund West, Mumbai",34.0,21.8,27.3,75,19.7,9.5,315,1009.9,0.0
2023-04-06,124.0,99.0,4.0,5.0,6.0,5.0,"Mulund West, Mumbai",36.6,21.8,28.7,64,16.7,10.1,333,1009.7,0.0
2023-04-07,154.0,115.0,4.0,6.0,5.0,9.0,"Mulund West, Mumbai",38.0,24.5,30.8,47,18.4,10.5,334,1010.4,0.0
2023-04-08,164.0,85.0,4.0,4.0,5.0,7.0,"Mulund West, Mumbai",37.8,24.2,30.5,47,15.2,8.6,335,1012.0,0.0
2023-04-09,156.0,92.0,4.0,4.0,5.0,6.0,"Mulund West, Mumbai",38.8,24.7,30.6,50,21.1,9.1,332,1012.3,0.0
2023-04-10,155.0,86.0,4.0,4.0,5.0,5.0,"Mulund West, Mumbai",39.2,24.8,31.3,50,18.5,9.6,320,1010.7,0.0
2023-04-11,140.0,81.0,4.0,4.0,5.0,5.0,"Mulund West, Mumbai",39.2,24.7,30.9,54,20.7,10.5,317,1011.0,0.0
2023-04-12,142.0,94.0,4.0,4.0,5.0,4.0,"Mulund West, Mumbai",39.7,24.8,31.9,46,22.2,11.8,326,1010.5,0.0
2023-04-13,148.0,76.0,2.0,4.0,5.0,5.0,"Mulund West, Mumbai",38.2,25.8,31.9,42,18.3,10.9,331,1010.1,0.0
2023-04-14,129.0,68.0,2.583333333,4.0,5.0,3.0,"Mulund West, Mumbai",39.0,24.6,31.0,49,19.1,10.5,323,1009.9,0.3
2023-04-15,113.0,61.0,3.166666667,4.0,5.0,4.0,"Mulund West, Mumbai",38.0,23.4,29.9,56,19.9,9.3,314,1009.9,0.0
2023-04-16,96.0,70.0,3.75,4.0,5.0,3.0,"Mulund West, Mumbai",37.8,22.1,29.5,62,20.3,9.6,315,1008.8,0.0
2023-04-17,107.0,64.0,4.0,4.0,5.0,3.0,"Mulund West, Mumbai",38.2,22.4,29.5,64,18.8,9.6,325,1008.9,0.0
2023-04-18,113.0,73.0,4.0,4.0,5.0,4.0,"Mulund West, Mumbai",41.0,24.1,32.6,43,18.8,11.9,343,1009.2,0.0
2023-04-19,136.0,60.0,4.0,4.0,5.0,3.0,"Mulund West, Mumbai",40.8,27.0,33.8,35,20.7,11.5,328,1006.9,0.0
2023-04-20,97.0,55.0,4.0,3.0,5.0,3.0,"Mulund West, Mumbai",38.5,25.3,30.8,56,20.6,10.9,311,1005.8,0.0
2023-04-21,79.0,46.0,4.0,3.0,5.0,2.0,"Mulund West, Mumbai",35.0,23.4,28.8,65,18.7,9.8,312,1006.6,0.0
2023-04-22,69.0,51.0,4.0,3.0,5.0,2.0,"Mulund West, Mumbai",33.8,23.0,27.8,74,18.1,8.5,273,1007.2,0.0
2023-04-23,74.0,53.0,4.0,3.0,5.0,3.0,"Mulund West, Mumbai",33.8,23.4,28.0,74,18.1,9.4,296,1007.4,0.0
2023-04-24,85.0,74.0,4.0,4.0,5.0,3.0,"Mulund West, Mumbai",35.6,22.8,28.5,74,20.6,8.9,307,1007.6,0.2
2023-04-25,118.0,64.0,9.0,4.0,5.0,2.0,"Mulund West, Mumbai",36.7,23.9,29.2,74,18.0,8.3,270,1007.6,0.0
2023-04-26,102.0,62.0,11.0,4.0,5.0,3.0,"Mulund West, Mumbai",33.8,24.7,28.7,73,18.5,10.5,231,1008.2,0.0
2023-04-27,95.0,49.0,5.0,5.0,5.0,3.0,"Mulund West, Mumbai",34.3,23.6,28.6,71,18.2,8.3,297,1008.4,0.0
2023-04-28,77.0,54.0,6.0,8.0,5.0,4.0,"Mulund West, Mumbai",33.8,24.2,28.7,70,17.0,8.2,297,1009.2,0.3
2023-04-29,88.0,47.0,4.0,8.0,5.0,3.0,"Mulund West, Mumbai",33.2,24.6,28.1,73,18.3,7.9,288,1008.7,1.5
2023-04-30,77.0,39.0,7.0,8.0,5.0,3.0,"Mulund West, Mumbai",33.4,24.4,28.1,70,18.9,8.0,293,1007.3,0.6
2023-05-01,72.0,45.0,6.0,8.0,5.0,4.0,"Mulund West, Mumbai",33.3,23.2,27.8,68,15.8,7.4,270,1007.2,0.7
2023-05-02,78.0,50.0,13.0,7.0,5.0,3.0,"Mulund West, Mumbai",33.3,23.9,28.5,68,16.2,7.0,275,1007.8,0.4
2023-05-03,82.0,50.0,7.0,8.0,5.0,3.0,"Mulund West, Mumbai",33.6,24.5,28.5,68,17.5,8.5,292,1009.2,0.0
2023-05-04,90.0,54.0,8.0,8.0,4.0,4.0,"Mulund West, Mumbai",33.3,23.6,28.2,72,15.6,7.9,305,1008.6,0.1
2023-05-05,91.0,51.0,10.0,9.0,3.0,3.0,"Mulund West, Mumbai",34.2,23.4,28.5,72,17.0,7.8,290,1007.9,0.0
2023-05-06,84.0,48.0,9.0,9.0,3.0,3.0,"Mulund West, Mumbai",33.5,23.7,28.7,74,20.6,9.8,303,1007.9,0.8
2023-05-07,86.0,52.0,11.0,10.0,3.0,3.0,"Mulund West, Mumbai",30.6,25.0,27.7,81,15.2,6.6,296,1008.3,10.1
2023-05-08,82.0,62.0,10.0,10.0,3.0,3.0,"Mulund West, Mumbai",34.5,26.9,29.9,72,18.6,8.2,292,1007.3,0.8
2023-05-09,92.0,76.0,11.0,12.0,3.0,4.0,"Mulund West, Mumbai",34.8,27.0,30.4,73,17.7,7.8,297,1007.6,0.4
2023-05-10,118.0,75.0,10.0,12.0,2.0,5.0,"Mulund West, Mumbai",37.0,26.5,30.9,74,19.9,8.4,292,1006.7,0.0
2023-05-11,121.0,74.0,9.0,12.0,3.0,6.0,"Mulund West, Mumbai",37.5,25.5,31.0,75,18.5,7.6,240,1006.8,0.0
2023-05-12,122.0,57.0,3.0,12.0,3.0,3.0,"Mulund West, Mumbai",36.5,25.6,30.6,77,15.0,8.7,228,1007.5,0.0
2023-05-13,96.0,53.0,5.5,11.5,3.5,3.0,"Mulund West, Mumbai",35.3,26.7,30.6,74,16.2,10.7,236,1008.4,0.0
2023-05-14,90.5,49.0,8.0,11.0,4.0,3.0,"Mulund West, Mumbai",35.2,25.0,30.0,74,17.1,10.1,251,1007.8,0.0
2023-05-15,85.0,53.0,10.5,9.0,4.0,3.0,"Mulund West, Mumbai",35.1,26.6,30.4,73,17.7,10.0,267,1008.6,0.3
2023-05-16,83.0,49.0,6.0,10.0,5.0,3.0,"Mulund West, Mumbai",35.0,26.3,30.5,71,17.4,9.6,269,1010.1,0.4
2023-05-17,72.0,43.0,6.0,10.0,5.0,3.0,"Mulund West, Mumbai",35.7,27.4,30.5,70,20.1,9.3,294,1010.2,0.2
2023-05-18,70.0,45.0,18.0,7.0,5.0,3.0,"Mulund West, Mumbai",35.3,25.8,29.9,76,21.7,10.7,312,1011.3,0.0
2023-05-19,68.0,49.66666667,16.33333333,6.666666667,5.0,3.0,"Mulund West, Mumbai",35.8,26.0,30.1,76,20.8,10.6,313,1009.9,0.0
2023-05-21,74.0,59.0,13.0,6.0,5.0,3.0,"Mulund West, Mumbai",34.7,26.2,30.0,72,19.0,9.2,297,1010.1,0.0
2023-05-22,77.0,59.0,2.0,10.0,5.0,3.0,"Mulund West, Mumbai",34.7,25.5,29.8,73,17.1,8.9,300,1010.7,0.0
2023-05-23,74.0,55.0,30.0,13.0,6.0,3.0,"Mulund West, Mumbai",35.8,25.1,29.8,75,20.8,10.3,312,1010.6,0.0
2023-05-24,68.0,49.0,8.0,9.0,5.0,3.0,"Mulund West, Mumbai",35.5,26.0,30.4,73,18.6,9.3,283,1010.1,0.0
2023-05-25,67.0,59.0,6.0,5.0,5.0,3.0,"Mulund West, Mumbai",34.5,27.0,30.6,66,19.7,11.0,261,1010.7,0.0
2023-05-26,69.0,57.0,8.0,4.0,5.0,4.0,"Mulund West, Mumbai",34.0,28.2,30.7,64,20.9,12.6,261,1011.1,0.9
2023-05-27,71.0,54.0,15.0,5.5,6.0,5.0,"Mulund West, Mumbai",35.2,26.5,30.9,62,19.1,11.6,258,1010.0,0.0
2023-05-28,71.0,51.0,22.0,7.0,7.0,6.0,"Mulund West, Mumbai",35.2,26.4,30.9,66,18.2,10.3,284,1009.1,0.0
2023-05-29,71.0,57.0,14.0,9.0,5.0,5.0,"Mulund West, Mumbai",36.0,27.0,30.7,73,20.9,8.8,298,1008.5,0.0
2023-05-30,79.0,61.0,14.0,9.0,5.0,4.0,"Mulund West, Mumbai",36.2,26.3,31.0,75,18.7,9.0,293,1008.5,0.0
2023-05-31,84.0,54.0,14.0,7.0,5.0,4.0,"Mulund West, Mumbai",37.3,26.2,31.0,75,21.9,10.8,316,1008.1,0.0
2023-06-01,70.0,45.0,7.0,6.0,4.0,4.0,"Mulund West, Mumbai",36.2,25.8,30.3,76,18.9,9.2,288,1008.0,0.0
2023-06-02,62.0,39.0,8.0,7.0,5.0,4.0,"Mulund West, Mumbai",35.2,26.5,30.6,72,17.9,10.2,285,1009.0,0.0
2023-06-03,54.0,47.0,7.0,7.0,4.0,4.0,"Mulund West, Mumbai",35.9,27.8,31.5,66,16.9,10.4,278,1008.3,0.0
2023-06-04,51.0,49.0,7.0,6.0,4.0,4.0,"Mulund West, Mumbai",34.8,28.0,31.0,70,17.1,9.6,273,1008.1,3.0
2023-06-05,67.0,59.0,7.0,7.0,4.0,4.0,"Mulund West, Mumbai",34.7,27.4,30.7,71,18.0,10.5,264,1007.5,0.2
2023-06-06,62.0,56.0,7.0,6.0,5.0,4.0,"Mulund West, Mumbai",35.3,27.4,31.0,68,16.6,9.7,263,1007.1,0.0
2023-06-07,76.0,54.0,10.0,6.0,5.0,4.0,"Mulund West, Mumbai",35.2,27.0,31.1,69,16.6,10.4,242,1006.8,0.0
2023-06-08,71.0,46.0,10.0,6.0,4.0,4.0,"Mulund West, Mumbai",36.1,27.7,31.5,67,16.8,10.5,223,1007.2,0.4
2023-06-09,56.0,62.0,11.0,7.0,4.0,4.0,"Mulund West, Mumbai",34.8,27.3,30.9,73,22.9,14.1,200,1005.2,3.5
2023-06-10,66.0,43.0,9.0,8.0,6.0,4.0,"Mulund West, Mumbai",35.5,28.2,31.0,70,28.0,18.1,191,1003.6,2.6
2023-06-11,75.0,61.0,7.0,8.0,5.0,4.0,"Mulund West, Mumbai",33.9,26.8,30.3,68,25.6,19.6,178,1003.0,4.4
2023-06-12,69.0,47.0,5.0,8.0,5.0,5.0,"Mulund West, Mumbai",33.8,25.1,29.3,74,36.9,22.2,184,1002.8,7.4
2023-06-13,69.0,45.0,5.0,8.0,5.0,4.0,"Mulund West, Mumbai",32.3,25.6,28.6,78,33.5,23.1,189,1004.3,8.1
2023-06-14,69.0,50.0,5.0,8.0,5.0,4.0,"Mulund West, Mumbai",31.9,25.0,28.4,78,31.2,21.4,195,1006.3,3.5
2023-06-15,67.0,53.0,6.0,8.0,5.0,4.0,"Mulund West, Mumbai",32.8,27.0,29.7,74,31.1,23.5,201,1006.3,3.2
2023-06-16,69.0,56.0,5.0,8.0,5.0,5.0,"Mulund West, Mumbai",32.2,26.8,29.4,75,33.9,24.9,213,1005.5,5.2
2023-06-17,72.0,54.0,6.0,8.0,5.0,4.0,"Mulund West, Mumbai",32.2,26.0,28.9,79,24.5,17.9,227,1006.5,5.3
2023-06-18,70.0,66.0,6.0,8.0,5.0,4.0,"Mulund West, Mumbai",31.9,26.6,29.0,79,20.6,13.8,246,1007.0,4.4
2023-06-19,87.0,81.0,4.0,9.0,5.0,4.0,"Mulund West, Mumbai",32.7,27.1,29.6,75,19.7,13.1,248,1006.1,0.3
2023-06-20,133.0,75.0,4.0,8.0,4.0,4.0,"Mulund West, Mumbai",33.0,26.9,29.5,76,19.5,11.5,251,1005.2,1.0
2023-06-21,128.0,82.0,3.0,7.0,4.0,4.0,"Mulund West, Mumbai",32.8,26.1,29.4,78,19.0,10.6,243,1005.6,2.0
2023-06-22,122.0,62.0,3.0,7.0,4.0,4.0,"Mulund West, Mumbai",33.0,26.8,29.7,75,17.8,10.9,244,1005.7,3.0
2023-06-23,132.0,122.0,3.0,7.0,4.0,6.0,"Mulund West, Mumbai",32.5,26.1,28.9,79,17.2,11.3,216,1005.4,2.2
2023-06-24,156.0,93.0,5.333333333,8.0,6.666666667,7.333333333,"Mulund West, Mumbai",30.2,24.9,26.8,86,16.9,9.0,213,1004.4,25.3
2023-06-26,100.6666667,35.0,10.0,10.0,12.0,10.0,"Mulund West, Mumbai",26.4,24.7,25.4,93,17.2,10.6,206,1005.8,26.1
2023-06-27,73.0,25.0,2.0,10.0,5.0,13.0,"Mulund West, Mumbai",27.4,24.4,25.5,93,15.1,10.2,209,1005.4,23.7
2023-06-28,63.0,37.0,3.0,8.0,4.0,12.0,"Mulund West, Mumbai",27.8,24.9,25.9,93,17.4,11.6,228,1005.9,45.3
2023-06-29,73.0,15.0,1.0,8.0,5.0,12.0,"Mulund West, Mumbai",26.6,24.9,25.6,93,18.3,12.1,238,1006.2,39.7
2023-06-30,41.0,26.0,1.0,8.0,5.0,12.0,"Mulund West, Mumbai",26.7,24.8,25.7,93,21.5,15.8,242,1006.1,43.7
2023-07-01,61.0,28.0,1.0,8.0,5.0,11.0,"Mulund West, Mumbai",27.8,24.5,25.8,92,19.2,12.6,228,1006.9,44.0
2023-07-02,57.0,34.0,1.0,8.0,4.0,12.0,"Mulund West, Mumbai",28.7,24.9,26.3,91,17.9,11.8,220,1006.1,29.2
2023-07-03,98.0,23.0,1.0,8.0,4.0,13.0,"Mulund West, Mumbai",29.2,25.2,26.9,90,15.3,10.3,220,1004.3,11.0
2023-07-04,62.0,29.0,1.0,8.0,4.0,13.0,"Mulund West, Mumbai",29.5,25.0,26.8,90,15.6,9.6,228,1002.7,31.4
2023-07-05,68.0,20.0,1.0,8.0,4.0,11.0,"Mulund West, Mumbai",28.7,24.3,26.3,91,14.0,9.3,211,1001.0,34.8
2023-07-06,52.0,26.0,1.0,8.0,4.0,12.0,"Mulund West, Mumbai",26.5,23.8,25.1,95,19.6,12.6,195,1002.2,63.1
2023-07-07,55.0,41.0,1.0,8.0,4.0,12.0,"Mulund West, Mumbai",27.2,25.2,26.0,92,22.9,15.8,227,1003.2,42.2
2023-07-08,78.0,38.0,1.0,8.0,4.0,11.0,"Mulund West, Mumbai",30.0,25.0,27.1,85,25.8,18.1,233,1005.0,12.1
2023-07-09,71.0,40.0,1.0,8.0,4.0,12.0,"Mulund West, Mumbai",29.8,25.1,27.1,85,23.4,16.7,228,1005.9,10.5
2023-07-10,69.0,42.0,1.0,8.0,4.0,12.0,"Mulund West, Mumbai",29.0,25.0,27.1,84,21.0,13.2,233,1006.5,4.9
2023-07-11,70.0,47.0,1.0,8.0,4.0,12.0,"Mulund West, Mumbai",30.1,25.0,27.2,84,18.6,10.3,249,1006.7,7.0
2023-07-12,74.0,40.0,1.0,8.0,4.0,13.0,"Mulund West, Mumbai",27.2,24.6,25.6,93,10.2,6.7,202,1005.9,7.7
2023-07-13,78.0,23.0,1.0,8.0,4.0,12.0,"Mulund West, Mumbai",28.0,24.1,25.9,91,16.8,10.5,203,1005.5,12.0
2023-07-14,64.0,40.0,1.0,9.0,4.0,12.0,"Mulund West, Mumbai",27.9,24.5,25.9,92,18.1,10.3,232,1006.8,23.8
2023-07-15,65.83333333,33.0,1.0,9.0,4.0,12.0,"Mulund West, Mumbai",27.0,24.2,25.7,92,13.4,8.7,238,1007.5,14.0
2023-07-16,67.66666667,17.0,1.0,8.0,4.0,12.0,"Mulund West, Mumbai",28.8,24.1,25.5,92,14.6,8.6,228,1006.7,20.3
2023-07-17,69.5,15.0,1.0,8.0,4.0,11.0,"Mulund West, Mumbai",27.0,24.2,25.5,93,17.9,11.5,230,1005.4,46.8
2023-07-18,64.5,21.0,1.0,8.0,4.0,11.0,"Mulund West, Mumbai",26.2,25.0,25.6,93,22.4,15.8,249,1004.1,48.4
2023-07-19,64.5,34.0,3.0,7.0,5.0,10.0,"Mulund West, Mumbai",27.5,25.1,25.9,92,19.8,14.5,256,1002.0,29.9
2023-07-20,75.0,27.0,3.0,7.0,5.0,10.0,"Mulund West, Mumbai",28.0,24.9,25.9,91,19.5,14.2,255,1002.5,46.8
2023-07-21,76.0,26.0,3.0,7.0,6.0,9.0,"Mulund West, Mumbai",27.2,25.0,26.0,91,17.4,12.0,248,1004.2,33.9
2023-07-22,71.0,22.0,3.0,7.0,6.0,9.0,"Mulund West, Mumbai",26.6,24.9,25.6,93,17.8,13.0,252,1004.8,36.7
2023-07-23,67.0,25.0,3.0,7.0,6.0,10.0,"Mulund West, Mumbai",27.8,24.9,25.9,91,22.5,15.6,242,1003.8,24.7
2023-07-24,65.0,25.0,3.0,7.0,6.0,10.0,"Mulund West, Mumbai",28.1,25.0,25.8,91,21.9,15.3,240,1004.2,42.5
2023-07-25,70.0,18.0,3.0,7.0,6.0,10.0,"Mulund West, Mumbai",27.1,24.5,25.6,92,18.0,12.7,244,1006.0,36.6
2023-07-26,60.0,18.0,3.0,7.0,6.0,9.0,"Mulund West, Mumbai",27.0,24.2,25.7,92,20.5,13.0,256,1006.9,53.0
2023-07-27,60.0,24.0,3.0,7.0,6.0,10.0,"Mulund West, Mumbai",26.6,24.8,25.7,92,18.9,14.8,262,1007.3,88.5
2023-07-28,65.0,27.0,3.0,6.0,6.0,10.0,"Mulund West, Mumbai",27.1,24.5,25.3,93,18.4,12.9,265,1007.5,48.2
2023-07-29,69.0,37.0,3.0,6.0,6.0,10.0,"Mulund West, Mumbai",28.4,24.6,26.2,87,19.7,13.5,254,1007.8,10.9
2023-07-30,74.0,31.0,3.0,6.0,6.0,9.0,"Mulund West, Mumbai",29.0,25.0,26.6,86,22.0,14.6,249,1007.0,8.1
2023-07-31,65.0,45.0,3.0,6.0,6.0,9.0,"Mulund West, Mumbai",28.6,25.0,26.3,88,23.0,14.1,248,1006.4,11.9
2023-08-01,68.0,50.0,3.0,6.0,6.0,10.0,"Mulund West, Mumbai",29.2,25.1,26.6,86,23.4,15.5,248,1006.5,8.7
2023-08-02,73.0,37.0,3.0,6.0,6.0,10.0,"Mulund West, Mumbai",28.9,24.5,26.4,86,24.4,16.1,243,1007.2,7.7
2023-08-03,74.0,45.0,3.0,6.0,6.0,11.0,"Mulund West, Mumbai",29.0,25.3,26.8,85,24.1,17.6,247,1006.6,6.7
2023-08-04,79.0,43.0,3.0,6.0,6.0,10.0,"Mulund West, Mumbai",28.5,25.9,26.8,88,22.2,15.6,246,1007.4,3.4
2023-08-05,76.0,49.0,3.0,6.0,6.0,9.0,"Mulund West, Mumbai",29.5,25.0,27.0,85,21.6,15.9,247,1009.3,5.2
2023-08-06,78.0,61.0,3.0,6.0,5.0,10.0,"Mulund West, Mumbai",29.1,25.8,26.9,85,22.7,16.5,252,1008.9,6.2
2023-08-07,80.0,55.0,3.0,6.0,5.0,10.0,"Mulund West, Mumbai",29.2,25.3,27.0,84,25.7,17.6,247,1007.3,6.6
2023-08-08,78.0,57.0,3.0,6.0,5.0,9.0,"Mulund West, Mumbai",29.4,25.5,27.2,83,23.8,15.7,244,1007.5,4.6
2023-08-09,80.0,39.0,3.0,6.0,5.0,9.0,"Mulund West, Mumbai",29.5,25.2,26.9,85,18.9,12.4,249,1009.6,3.4
2023-08-10,71.0,49.0,3.0,6.0,5.0,9.0,"Mulund West, Mumbai",28.8,25.0,26.3,87,14.5,9.7,248,1010.3,6.6
2023-08-11,70.0,55.0,3.0,6.0,5.0,9.0,"Mulund West, Mumbai",29.5,24.5,26.9,84,15.2,8.6,259,1009.8,3.3
2023-08-12,76.0,44.0,3.0,6.0,5.0,9.0,"Mulund West, Mumbai",28.2,23.8,25.7,88,17.0,8.9,243,1009.7,4.9
2023-08-13,68.0,52.0,3.0,8.0,5.0,9.0,"Mulund West, Mumbai",29.8,24.6,26.8,84,22.9,13.5,250,1008.1,3.4
2023-08-14,75.0,46.0,3.0,6.0,5.0,9.0,"Mulund West, Mumbai",29.7,25.4,27.1,82,23.0,14.8,238,1008.3,3.5
2023-08-15,72.0,42.0,3.0,7.0,5.0,9.0,"Mulund West, Mumbai",28.6,25.4,26.7,84,17.3,11.0,231,1008.9,4.6
2023-08-16,67.0,51.0,3.0,7.0,5.0,10.0,"Mulund West, Mumbai",29.5,24.4,26.6,86,19.5,9.6,254,1009.4,8.2
2023-08-17,72.0,44.0,3.0,7.0,5.0,9.0,"Mulund West, Mumbai",29.7,23.7,26.5,85,19.8,10.6,281,1009.6,2.1
2023-08-18,66.0,51.0,3.0,6.0,5.0,9.0,"Mulund West, Mumbai",29.5,24.5,26.7,84,17.0,10.0,290,1008.3,1.8
2023-08-19,69.0,46.0,3.0,6.0,5.0,9.0,"Mulund West, Mumbai",29.3,25.0,26.5,86,17.6,10.8,289,1007.1,5.9
2023-08-20,67.0,55.0,3.0,7.0,5.0,10.0,"Mulund West, Mumbai",28.2,24.2,25.6,90,13.7,7.9,285,1007.2,8.2
2023-08-21,73.0,23.0,3.0,7.0,5.0,10.0,"Mulund West, Mumbai",29.2,24.1,26.2,88,14.8,8.3,271,1007.5,3.8
2023-08-22,66.0,47.0,3.0,6.0,5.0,11.0,"Mulund West, Mumbai",29.4,24.2,26.1,89,17.3,8.5,252,1007.6,6.0
2023-08-23,68.0,33.0,3.0,7.0,5.0,10.0,"Mulund West, Mumbai",29.9,24.3,26.8,85,19.8,9.9,238,1007.4,3.8
2023-08-24,59.0,25.0,3.0,7.0,5.0,11.0,"Mulund West, Mumbai",28.9,24.6,26.3,87,19.6,11.3,222,1006.6,6.3
2023-08-25,62.0,28.0,3.0,7.0,5.0,10.0,"Mulund West, Mumbai",28.8,24.3,26.4,88,17.7,11.9,220,1006.5,8.8
2023-08-26,59.0,30.0,3.0,7.0,5.0,9.0,"Mulund West, Mumbai",28.9,24.4,25.8,89,19.4,11.6,221,1008.1,15.3
2023-08-27,60.0,41.0,3.0,7.0,5.0,9.5,"Mulund West, Mumbai",28.0,23.4,25.4,90,16.4,9.1,221,1009.3,17.9
2023-08-28,69.0,52.0,3.0,7.0,5.0,10.0,"Mulund West, Mumbai",28.4,24.2,25.6,89,16.9,9.2,215,1008.7,4.5
2023-08-29,76.0,56.0,3.0,7.0,5.0,11.0,"Mulund West, Mumbai",29.6,24.1,26.4,86,10.5,6.3,237,1008.4,2.2
2023-08-30,91.0,53.0,3.0,7.0,5.0,10.0,"Mulund West, Mumbai",30.1,24.0,26.6,87,13.0,6.0,282,1009.1,1.7
2023-08-31,88.0,53.0,3.0,7.0,5.0,9.0,"Mulund West, Mumbai",30.9,23.6,26.9,87,14.4,6.4,319,1008.9,0.7
2023-09-01,84.0,38.0,3.0,7.0,5.0,11.0,"Mulund West, Mumbai",31.6,24.0,27.2,86,16.9,6.2,326,1008.8,1.2
2023-09-02,76.0,48.0,3.0,7.0,5.0,12.0,"Mulund West, Mumbai",29.6,24.6,26.5,90,12.1,4.8,273,1008.7,2.8
2023-09-03,93.0,54.0,3.0,7.0,5.0,10.0,"Mulund West, Mumbai",29.2,24.5,26.7,87,16.0,6.6,295,1007.8,10.5
2023-09-04,92.0,58.0,3.0,7.0,5.0,10.0,"Mulund West, Mumbai",29.9,23.5,26.6,85,16.3,7.4,307,1006.6,2.0
2023-09-05,95.0,56.0,3.0,7.0,5.0,10.0,"Mulund West, Mumbai",29.6,23.6,26.7,86,15.9,8.1,306,1006.1,2.1
2023-09-06,85.0,32.0,3.0,7.0,5.0,12.0,"Mulund West, Mumbai",30.7,24.5,27.5,83,16.2,8.7,293,1006.0,0.3
2023-09-07,73.0,29.0,3.0,7.0,5.0,12.0,"Mulund West, Mumbai",29.0,24.4,26.7,86,19.1,9.6,275,1005.8,9.4
2023-09-08,75.0,36.0,3.0,7.0,5.0,12.0,"Mulund West, Mumbai",28.0,25.0,26.2,92,19.3,10.7,286,1006.1,45.7
2023-09-09,73.0,35.0,3.0,7.0,5.0,11.0,"Mulund West, Mumbai",29.6,24.5,26.5,90,16.1,9.6,278,1006.2,13.2
2023-09-10,64.0,37.0,3.0,7.0,5.0,11.0,"Mulund West, Mumbai",29.8,24.9,26.7,89,16.3,8.7,242,1006.2,7.0
2023-09-11,70.0,44.0,3.0,7.0,5.0,11.0,"Mulund West, Mumbai",29.7,24.4,26.1,91,13.7,7.2,241,1007.0,2.9
2023-09-12,73.0,40.0,3.0,8.0,5.0,11.0,"Mulund West, Mumbai",29.5,23.8,26.5,88,17.7,8.9,245,1007.6,2.6
2023-09-13,70.0,33.0,3.0,8.0,5.0,12.0,"Mulund West, Mumbai",29.3,24.5,26.1,89,12.3,7.0,224,1007.1,3.4
2023-09-14,74.0,44.0,3.0,8.0,5.0,13.0,"Mulund West, Mumbai",29.8,23.5,26.2,88,13.8,7.3,216,1007.2,3.4
2023-09-15,83.0,35.0,3.0,8.0,5.0,13.0,"Mulund West, Mumbai",29.7,24.2,26.7,85,15.5,7.6,238,1007.0,2.9
2023-09-16,66.0,36.0,3.0,8.0,5.0,12.0,"Mulund West, Mumbai",28.5,24.9,26.4,87,17.3,10.1,251,1006.6,8.5
2023-09-17,72.0,37.0,3.0,7.0,5.0,12.0,"Mulund West, Mumbai",29.3,24.6,26.8,84,21.7,14.2,235,1005.6,6.9
2023-09-18,66.0,25.0,3.0,7.0,5.0,10.0,"Mulund West, Mumbai",27.6,24.1,25.3,92,17.7,12.6,210,1005.7,27.3
2023-09-19,60.0,23.0,3.0,7.0,5.0,7.0,"Mulund West, Mumbai",28.5,24.5,26.0,90,20.1,14.7,201,1007.0,12.8
2023-09-20,65.0,29.0,3.0,6.0,5.0,2.0,"Mulund West, Mumbai",28.5,24.8,26.2,91,17.9,12.9,198,1007.6,10.6
2023-09-21,64.0,21.0,3.0,6.0,5.0,3.0,"Mulund West, Mumbai",29.0,25.0,26.3,92,13.5,8.3,206,1007.9,20.9
2023-09-22,72.0,33.0,3.0,6.0,5.0,5.0,"Mulund West, Mumbai",28.5,24.5,26.1,92,8.5,6.0,171,1008.3,18.3
2023-09-23,92.0,33.0,3.0,6.0,5.0,4.0,"Mulund West, Mumbai",29.6,24.1,25.6,93,12.9,5.7,193,1008.9,43.4
2023-09-24,84.0,29.0,3.0,6.0,5.0,4.0,"Mulund West, Mumbai",29.1,24.0,25.9,92,10.2,5.7,196,1009.2,20.1
2023-09-25,87.0,38.0,3.0,6.0,5.0,3.0,"Mulund West, Mumbai",28.8,23.6,26.1,91,12.2,6.1,233,1008.2,22.1
2023-09-26,91.0,41.0,3.0,7.0,5.0,3.0,"Mulund West, Mumbai",29.9,23.1,26.2,90,11.9,5.5,257,1007.9,4.7
2023-09-27,89.0,51.0,3.0,7.0,5.0,4.0,"Mulund West, Mumbai",30.0,23.8,25.8,93,15.8,5.7,337,1007.3,21.4
2023-09-28,135.0,56.0,3.0,6.0,5.0,3.0,"Mulund West, Mumbai",31.6,23.6,26.5,91,16.6,5.9,1,1006.0,18.5
2023-09-29,111.0,44.0,3.0,6.0,5.0,3.0,"Mulund West, Mumbai",31.7,24.9,27.4,91,10.0,5.2,51,1005.4,17.9
2023-09-30,106.0,148.0,3.0,6.0,5.0,5.0,"Mulund West, Mumbai",33.3,24.5,27.8,89,12.6,5.7,36,1005.0,11.9
2023-10-01,167.0,72.0,3.0,7.0,5.0,6.0,"Mulund West, Mumbai",31.5,26.0,27.9,90,13.7,5.6,247,1005.6,0.3
2023-10-02,139.0,74.0,3.0,6.0,5.0,4.0,"Mulund West, Mumbai",30.0,24.0,27.1,89,10.8,6.5,243,1008.8,2.6
2023-10-03,116.0,75.0,3.0,7.0,5.0,3.0,"Mulund West, Mumbai",30.4,24.8,27.1,87,11.9,5.5,284,1010.2,0.9
2023-10-04,116.0,71.0,3.0,7.0,5.0,3.0,"Mulund West, Mumbai",31.2,24.2,26.9,88,12.4,5.9,278,1010.8,1.0
2023-10-05,114.0,68.0,3.0,7.0,5.0,2.0,"Mulund West, Mumbai",31.5,23.8,27.0,87,14.0,7.1,334,1010.4,0.1
2023-10-06,118.0,64.0,3.0,6.0,5.0,3.0,"Mulund West, Mumbai",30.9,24.1,26.9,86,15.2,6.8,331,1009.6,0.8
2023-10-07,119.0,65.0,3.0,7.0,5.0,4.0,"Mulund West, Mumbai",31.6,23.7,27.0,86,15.1,7.5,344,1009.7,0.1
2023-10-08,134.0,71.0,3.0,7.0,5.0,4.0,"Mulund West, Mumbai",33.2,23.5,27.6,83,11.2,7.0,339,1010.4,0.6
2023-10-09,150.0,55.0,3.0,7.0,5.0,4.0,"Mulund West, Mumbai",34.0,23.1,27.9,79,12.7,7.7,338,1011.6,0.0
2023-10-10,109.0,50.0,3.0,7.0,5.0,3.0,"Mulund West, Mumbai",33.4,23.1,27.5,74,14.8,8.3,344,1011.7,0.0
2023-10-11,92.0,68.0,3.0,8.0,5.0,4.0,"Mulund West, Mumbai",32.5,23.6,27.3,80,16.0,9.2,336,1011.6,1.4
2023-10-12,134.0,223.0,3.0,8.0,5.0,7.0,"Mulund West, Mumbai",33.1,23.0,27.8,84,13.7,7.2,327,1011.6,0.8
2023-10-13,181.0,90.0,3.0,8.0,5.0,6.0,"Mulund West, Mumbai",34.8,24.5,28.8,80,13.0,5.7,339,1012.0,0.0
2023-10-14,165.0,78.0,3.0,7.0,5.0,4.0,"Mulund West, Mumbai",34.8,24.0,28.4,82,12.0,5.6,341,1012.0,0.0
2023-10-15,163.0,92.0,3.0,7.0,5.0,5.0,"Mulund West, Mumbai",35.2,23.9,28.6,81,11.2,6.5,350,1010.6,0.2
2023-10-16,172.0,104.0,3.0,8.0,5.0,5.0,"Mulund West, Mumbai",34.5,23.0,28.6,70,12.3,5.9,347,1010.4,0.1
2023-10-17,173.0,101.0,3.0,7.0,5.0,6.0,"Mulund West, Mumbai",33.7,24.5,28.4,72,8.1,5.9,6,1011.6,2.6
2023-10-18,174.0,78.0,3.0,8.0,5.0,3.0,"Mulund West, Mumbai",34.9,23.3,28.7,71,14.6,8.0,5,1012.3,0.0
2023-10-19,147.0,95.0,3.0,7.0,5.0,5.0,"Mulund West, Mumbai",35.3,24.2,28.7,64,12.7,7.0,356,1012.0,0.0
2023-10-20,161.0,89.0,3.0,7.0,5.0,5.0,"Mulund West, Mumbai",35.8,23.5,28.8,66,9.5,6.2,35,1011.8,0.0
2023-10-21,164.0,94.0,3.0,6.0,5.0,7.0,"Mulund West, Mumbai",35.2,23.5,28.8,70,11.8,6.6,51,1012.4,0.3
2023-10-22,171.0,99.0,3.0,6.0,5.0,7.0,"Mulund West, Mumbai",34.8,23.6,28.7,70,11.1,5.8,7,1012.9,0.0
2023-10-23,175.0,87.0,3.0,6.0,5.0,5.0,"Mulund West, Mumbai",35.8,23.1,28.6,66,15.6,7.4,9,1011.7,0.0
2023-10-24,161.0,86.0,3.0,7.0,5.0,5.0,"Mulund West, Mumbai",35.4,22.0,28.3,61,16.3,7.8,16,1011.2,0.0
2023-10-25,159.0,91.0,3.0,7.0,5.0,6.0,"Mulund West, Mumbai",35.2,22.3,28.1,57,15.3,7.9,13,1012.7,0.0
2023-10-26,158.0,94.0,3.0,8.0,5.0,5.0,"Mulund West, Mumbai",34.9,21.5,27.4,59,18.5,8.8,15,1013.1,0.0
2023-10-27,157.0,91.0,3.0,7.0,5.0,6.0,"Mulund West, Mumbai",34.6,20.4,27.0,56,17.4,9.7,11,1011.8,0.0
2023-10-28,152.0,94.0,3.0,7.0,5.0,6.0,"Mulund West, Mumbai",35.0,20.0,26.9,57,16.2,8.5,21,1011.3,0.0
2023-10-29,162.0,93.0,3.0,7.0,5.0,6.0,"Mulund West, Mumbai",35.3,20.2,27.0,55,15.8,9.2,30,1010.9,0.0
2023-10-30,161.0,110.0,3.0,8.0,5.0,7.0,"Mulund West, Mumbai",35.9,20.5,27.4,60,12.0,6.8,47,1010.7,0.0
2023-10-31,171.0,101.0,3.0,8.0,5.0,7.0,"Mulund West, Mumbai",35.3,20.6,27.7,60,12.7,7.6,35,1011.4,0.0
2023-11-01,173.0,94.0,3.0,8.0,6.0,7.0,"Mulund West, Mumbai",35.2,21.0,27.2,59,14.0,8.3,21,1012.1,0.0
2023-11-02,174.0,97.0,3.0,8.0,6.0,6.0,"Mulund West, Mumbai",35.0,20.6,27.2,59,14.0,8.6,14,1011.4,0.0
2023-11-03,172.0,93.0,3.0,8.0,6.0,6.0,"Mulund West, Mumbai",35.6,21.4,27.7,57,15.6,9.3,18,1009.7,0.0
2023-11-04,170.0,99.0,3.0,8.0,6.0,7.0,"Mulund West, Mumbai",36.2,22.4,28.2,55,13.3,9.1,42,1009.2,0.0
2023-11-05,177.0,105.0,3.0,8.0,6.0,7.0,"Mulund West, Mumbai",36.0,21.5,28.7,58,12.9,8.1,31,1010.7,0.0
2023-11-06,164.0,92.0,3.0,8.0,6.0,7.0,"Mulund West, Mumbai",36.1,21.6,28.3,55,14.3,8.7,38,1011.8,0.0
2023-11-07,90.0,93.0,3.0,8.0,6.0,7.0,"Mulund West, Mumbai",35.5,20.8,27.6,54,15.1,8.6,18,1011.8,0.0
2023-11-08,77.0,85.0,3.0,8.0,6.0,6.0,"Mulund West, Mumbai",34.7,21.6,27.9,68,14.8,6.9,183,1011.6,0.6
2023-11-09,62.0,50.0,3.0,8.0,6.0,5.0,"Mulund West, Mumbai",35.0,23.2,28.3,77,10.7,5.1,81,1012.2,0.7
2023-11-10,56.0,40.0,3.0,7.0,6.0,5.0,"Mulund West, Mumbai",33.9,23.8,27.8,75,10.5,6.0,79,1013.5,11.5
2023-11-11,59.0,44.5,3.0,7.125,5.875,6.0,"Mulund West, Mumbai",35.9,23.1,28.9,65,13.8,8.2,27,1013.7,0.0
2023-11-18,136.875,76.0,3.0,8.0,5.0,13.0,"Mulund West, Mumbai",34.5,19.9,26.2,65,12.4,7.3,16,1012.0,0.0
2023-11-19,148.0,66.0,3.0,8.0,5.0,13.14285714,"Mulund West, Mumbai",34.2,19.4,26.6,66,15.3,7.8,350,1011.9,0.0
2023-11-20,157.0,79.5,3.0,8.5,5.0,13.28571429,"Mulund West, Mumbai",35.8,22.0,28.0,61,15.6,7.1,359,1012.2,0.0
2023-11-21,208.0,93.0,3.0,9.0,5.0,13.42857143,"Mulund West, Mumbai",35.1,23.1,28.4,59,18.5,9.2,14,1012.0,0.0
2023-11-22,259.0,78.0,3.0,8.0,5.0,6.0,"Mulund West, Mumbai",34.5,22.4,27.5,51,16.4,9.8,12,1011.4,0.0
2023-11-23,154.0,90.0,3.0,8.0,5.0,6.0,"Mulund West, Mumbai",34.7,20.4,26.9,55,12.7,7.6,4,1009.7,0.0
2023-11-24,164.0,79.0,3.0,8.0,5.0,6.0,"Mulund West, Mumbai",35.5,20.8,27.5,61,13.5,7.7,30,1009.6,0.0
2023-11-25,120.0,53.0,3.0,7.0,5.0,14.0,"Mulund West, Mumbai",34.6,21.9,27.8,68,11.0,7.5,55,1011.4,0.2
2023-11-26,96.0,55.0,3.0,7.0,5.0,5.0,"Mulund West, Mumbai",32.3,23.3,26.8,78,17.7,6.9,189,1011.8,2.2
2023-11-27,74.0,46.0,3.0,7.0,5.0,5.0,"Mulund West, Mumbai",31.8,22.4,26.0,78,12.5,6.2,329,1011.3,1.5
2023-11-28,83.0,56.0,3.0,8.0,5.0,6.0,"Mulund West, Mumbai",31.0,21.6,25.6,75,12.9,6.8,325,1010.3,0.0
2023-11-29,111.0,66.0,3.0,8.0,5.0,6.0,"Mulund West, Mumbai",30.1,19.7,24.4,74,12.9,7.0,313,1011.3,0.0
2023-11-30,129.0,79.0,3.0,8.0,5.0,7.0,"Mulund West, Mumbai",30.9,19.5,24.6,80,15.1,7.2,323,1011.8,0.0
2023-12-01,149.0,97.0,3.0,8.0,5.0,7.0,"Mulund West, Mumbai",31.0,20.5,24.7,82,13.9,6.7,317,1011.6,0.0
2023-12-02,152.0,82.0,3.0,8.0,5.0,7.0,"Mulund West, Mumbai",33.3,19.9,25.9,76,13.4,6.3,336,1010.3,0.0
2023-12-03,143.0,74.0,3.0,8.0,5.0,8.0,"Mulund West, Mumbai",35.2,22.3,27.6,68,14.7,8.4,5,1010.4,0.4
2023-12-04,142.0,140.0,3.0,8.0,5.0,8.0,"Mulund West, Mumbai",34.3,22.0,27.8,67,15.9,8.0,350,1009.8,0.0
2023-12-05,183.0,98.5,3.0,8.0,5.0,8.0,"Mulund West, Mumbai",34.2,23.9,28.0,62,16.8,10.4,7,1008.7,0.0
2023-12-06,158.0,57.0,3.0,8.0,5.0,8.0,"Mulund West, Mumbai",32.6,22.4,26.6,65,16.3,8.7,6,1009.8,0.0
2023-12-07,133.0,66.0,3.0,8.0,5.0,8.0,"Mulund West, Mumbai",32.5,21.6,26.0,66,15.5,9.3,1,1010.7,0.0
2023-12-08,131.0,121.0,3.0,8.0,5.0,8.0,"Mulund West, Mumbai",33.0,20.0,25.8,65,14.7,8.7,5,1011.3,0.0
2023-12-09,154.0,59.0,3.0,8.0,5.0,8.0,"Mulund West, Mumbai",33.4,20.3,26.1,63,14.8,8.9,12,1012.3,0.0
2023-12-10,158.0,66.0,3.0,8.0,5.0,8.0,"Mulund West, Mumbai",33.8,20.9,26.4,61,13.2,8.0,7,1011.3,0.0
2023-12-11,126.0,76.0,3.0,8.0,5.0,8.0,"Mulund West, Mumbai",33.5,20.1,26.3,58,14.5,8.3,0,1011.6,0.0
2023-12-12,136.0,76.5,3.0,7.5,5.0,8.0,"Mulund West, Mumbai",32.5,18.5,24.8,63,16.9,8.4,345,1011.0,0.0
2023-12-13,137.5,77.0,3.0,7.0,5.0,8.0,"Mulund West, Mumbai",32.5,17.6,24.9,64,14.4,7.3,345,1011.7,0.0
2023-12-14,139.0,75.0,3.0,7.0,5.0,8.0,"Mulund West, Mumbai",33.3,19.1,25.6,61,10.7,6.9,54,1012.8,0.0
2023-12-15,143.0,68.0,35.0,8.0,5.0,7.0,"Mulund West, Mumbai",32.3,19.2,25.2,58,13.3,8.1,26,1013.9,0.0
2023-12-16,132.0,71.0,3.0,8.0,5.0,8.0,"Mulund West, Mumbai",32.2,17.9,24.3,59,12.7,8.7,20,1013.5,0.0
2023-12-17,140.0,74.0,3.0,8.0,5.0,8.0,"Mulund West, Mumbai",33.0,19.0,25.3,54,12.4,8.8,39,1012.4,0.0
2023-12-18,150.0,76.0,3.0,8.0,5.0,7.0,"Mulund West, Mumbai",32.9,22.0,26.9,51,14.3,10.7,62,1013.1,0.0
2023-12-19,145.0,64.0,3.0,9.0,5.0,7.0,"Mulund West, Mumbai",32.8,23.0,27.0,48,13.5,9.9,54,1013.9,0.0
2023-12-20,115.0,120.0,3.0,10.0,5.0,7.0,"Mulund West, Mumbai",33.2,19.9,25.4,49,12.2,8.7,33,1014.0,0.0
2023-12-21,155.0,90.0,3.0,9.0,5.0,7.0,"Mulund West, Mumbai",34.3,20.6,26.1,53,13.5,8.0,12,1012.9,0.0
2023-12-22,154.0,99.0,3.0,10.0,5.0,7.0,"Mulund West, Mumbai",32.7,19.5,25.7,63,11.2,6.2,349,1012.9,0.0
2023-12-23,160.0,89.0,3.0,9.0,5.0,8.0,"Mulund West, Mumbai",34.8,19.0,25.9,60,15.2,8.6,4,1013.6,0.0
2023-12-24,158.0,81.0,3.0,10.0,5.0,8.0,"Mulund West, Mumbai",35.0,18.0,25.4,55,11.1,7.3,19,1014.8,0.0
2023-12-25,149.0,107.0,3.0,10.0,5.0,8.0,"Mulund West, Mumbai",34.3,17.8,24.9,54,14.3,7.9,8,1014.8,0.0
2023-12-26,164.0,100.0,3.0,10.0,5.0,8.0,"Mulund West, Mumbai",34.8,17.5,25.2,59,12.1,7.3,358,1014.7,0.0
2023-12-27,168.0,98.0,3.0,10.0,5.0,8.0,"Mulund West, Mumbai",35.5,17.4,26.0,56,13.7,8.8,12,1014.8,0.0
2023-12-28,152.0,90.0,3.0,10.0,5.0,8.0,"Mulund West, Mumbai",34.2,18.3,25.6,61,14.5,7.3,357,1013.2,0.0
2023-12-29,151.0,80.0,3.0,9.0,5.0,8.0,"Mulund West, Mumbai",34.8,18.7,25.5,66,12.3,7.0,10,1013.3,0.0
2023-12-30,156.0,64.0,3.0,10.0,5.0,8.0,"Mulund West, Mumbai",34.3,18.1,25.1,69,11.9,6.6,348,1013.0,0.0
2023-12-31,129.0,66.0,3.0,10.0,5.0,8.0,"Mulund West, Mumbai",33.8,18.0,25.1,65,14.1,7.3,353,1012.4,0.0
2024-01-01,146.0,69.0,3.0,9.0,5.0,8.0,"Mulund West, Mumbai",33.7,19.1,25.1,67,14.0,7.5,353,1012.7,0.0
2024-01-02,153.0,68.0,3.0,9.0,5.0,8.0,"Mulund West, Mumbai",33.0,17.8,24.4,68,15.3,8.5,339,1012.1,0.0
2024-01-03,149.0,73.0,3.0,9.0,5.0,8.0,"Mulund West, Mumbai",32.2,17.3,23.8,67,14.6,8.0,332,1011.5,0.0
2024-01-04,146.0,71.0,3.0,9.0,5.0,8.0,"Mulund West, Mumbai",31.0,16.5,23.1,74,15.4,8.8,320,1011.9,0.0
2024-01-05,142.0,62.0,3.0,10.0,5.0,8.0,"Mulund West, Mumbai",31.5,16.1,22.8,73,14.9,8.1,342,1012.2,0.0
2024-01-06,135.0,67.0,3.0,10.0,5.0,8.0,"Mulund West, Mumbai",33.5,17.9,24.8,61,19.2,10.2,339,1011.9,0.0
2024-01-07,144.0,80.0,3.0,10.0,5.0,5.0,"Mulund West, Mumbai",33.3,19.4,25.2,65,17.2,8.4,359,1012.0,0.0
2024-01-08,130.0,62.0,3.0,8.0,5.0,3.0,"Mulund West, Mumbai",34.4,20.4,26.6,58,17.3,9.2,8,1012.0,0.0
2024-01-09,129.0,39.0,3.0,7.0,5.0,3.0,"Mulund West, Mumbai",32.5,21.8,25.9,70,12.7,5.6,287,1012.7,0.5
2024-01-10,78.0,56.0,3.0,7.0,5.0,3.0,"Mulund West, Mumbai",31.0,21.4,25.4,74,11.7,6.3,63,1013.2,2.1
2024-01-11,124.0,74.0,3.0,8.0,5.0,3.0,"Mulund West, Mumbai",34.2,22.0,27.1,65,14.0,8.2,5,1013.3,0.0
2024-01-12,175.0,75.0,3.0,8.0,5.0,3.0,"Mulund West, Mumbai",35.8,21.9,27.8,59,14.7,9.0,10,1012.6,0.0
2024-01-13,68.0,67.0,3.0,8.0,5.0,3.0,"Mulund West, Mumbai",35.5,20.0,27.1,59,18.6,8.2,347,1013.4,0.0
2024-01-14,60.0,32.0,3.0,7.0,5.0,3.0,"Mulund West, Mumbai",34.2,19.5,26.2,51,17.1,9.6,348,1014.2,0.0
2024-01-15,20.0,60.0,3.0,8.0,5.0,3.0,"Mulund West, Mumbai",31.0,18.0,24.0,44,18.3,10.1,351,1014.1,0.0
2024-01-16,61.0,63.0,3.0,8.0,5.0,3.0,"Mulund West, Mumbai",30.2,14.4,21.6,63,15.5,8.4,338,1012.0,0.0
2024-01-17,89.0,61.0,3.0,8.0,5.0,3.0,"Mulund West, Mumbai",28.8,14.2,21.4,70,13.6,7.2,325,1011.5,0.0
2024-01-18,82.0,73.0,3.0,8.0,5.0,3.0,"Mulund West, Mumbai",29.4,15.4,21.6,71,15.9,7.3,341,1012.9,0.0
2024-01-19,106.0,74.0,3.0,8.0,5.0,3.0,"Mulund West, Mumbai",29.7,14.9,21.9,72,11.0,7.2,342,1012.6,0.0
2024-01-20,108.0,66.0,3.0,8.0,5.0,3.0,"Mulund West, Mumbai",30.2,16.2,22.5,68,17.5,9.0,332,1013.7,0.0
2024-01-21,92.0,76.0,3.0,8.0,5.0,3.0,"Mulund West, Mumbai",31.8,15.8,23.6,54,14.5,9.1,1,1013.3,0.0
2024-01-22,135.0,49.0,3.0,8.0,6.0,3.0,"Mulund West, Mumbai",31.5,16.2,23.2,56,15.6,8.3,340,1013.9,0.0
2024-01-23,122.0,62.0,3.0,8.0,5.0,3.0,"Mulund West, Mumbai",30.8,17.0,23.4,40,19.6,12.3,352,1014.4,0.0
2024-01-24,99.0,109.0,3.0,9.0,5.0,4.0,"Mulund West, Mumbai",31.8,16.3,23.6,39,15.2,10.5,5,1013.9,0.0
2024-01-25,76.0,70.0,3.0,9.0,5.0,5.0,"Mulund West, Mumbai",32.8,16.8,23.7,44,13.4,9.0,13,1014.8,0.0
2024-01-26,94.0,69.0,3.0,9.0,5.0,5.0,"Mulund West, Mumbai",34.2,15.7,23.8,50,13.5,8.2,4,1015.7,0.0
2024-01-27,86.0,61.0,2.0,9.0,5.0,5.0,"Mulund West, Mumbai",35.0,17.0,24.8,49,13.2,8.3,12,1015.8,0.0
2024-01-28,77.0,60.0,2.0,8.0,5.0,5.0,"Mulund West, Mumbai",34.7,15.9,24.8,50,16.7,9.1,355,1015.4,0.0
2024-01-29,84.0,71.0,3.0,9.0,5.0,5.0,"Mulund West, Mumbai",33.8,16.5,24.8,47,17.8,10.3,344,1015.4,0.0
2024-01-30,102.0,64.0,2.0,8.0,5.0,5.0,"Mulund West, Mumbai",33.3,16.6,24.0,52,16.8,9.8,340,1014.4,0.0
2024-01-31,82.0,62.0,2.0,8.0,5.0,5.0,"Mulund West, Mumbai",32.0,17.7,23.5,60,17.1,8.5,323,1014.3,0.0
2024-02-01,79.0,59.0,2.0,8.0,5.0,5.0,"Mulund West, Mumbai",29.9,16.8,22.4,71,19.2,9.0,327,1015.3,0.0
2024-02-02,69.0,70.0,2.0,8.0,5.0,5.0,"Mulund West, Mumbai",31.7,16.5,23.4,67,19.5,9.8,349,1015.3,0.0
2024-02-03,74.0,88.0,2.0,8.0,5.0,5.0,"Mulund West, Mumbai",36.5,18.8,26.6,48,18.6,9.8,9,1014.3,0.0
2024-02-04,108.0,70.0,3.0,8.0,5.0,5.0,"Mulund West, Mumbai",36.4,18.7,26.6,53,12.8,7.4,348,1015.1,0.0
2024-02-05,93.0,63.0,3.0,8.0,5.0,5.0,"Mulund West, Mumbai",35.0,20.0,26.7,51,15.8,9.2,332,1015.6,0.0
2024-02-06,76.0,70.0,2.0,8.0,5.0,5.0,"Mulund West, Mumbai",35.0,18.1,26.0,53,16.1,9.7,330,1015.4,0.0
2024-02-07,87.0,65.0,2.0,8.0,5.0,5.0,"Mulund West, Mumbai",35.3,18.5,26.3,54,20.5,11.7,336,1015.9,0.0
2024-02-08,73.0,73.0,2.0,8.0,5.0,5.0,"Mulund West, Mumbai",34.8,18.4,26.0,50,20.9,11.1,346,1015.0,0.0
2024-02-09,87.0,66.0,3.0,8.0,5.0,5.0,"Mulund West, Mumbai",33.8,16.4,24.7,52,19.9,10.6,329,1014.5,0.0
2024-02-10,80.0,67.0,2.0,8.0,5.0,5.0,"Mulund West, Mumbai",33.5,16.8,24.5,42,20.4,11.2,338,1015.6,0.0
2024-02-11,81.0,84.0,3.0,8.0,5.0,5.0,"Mulund West, Mumbai",33.7,15.1,23.9,47,18.4,10.1,334,1015.8,0.0
2024-02-12,119.0,64.0,3.0,8.0,5.0,5.0,"Mulund West, Mumbai",34.2,15.6,24.3,50,14.0,8.1,326,1015.2,0.0
2024-02-13,90.0,67.0,3.0,8.0,5.0,5.0,"Mulund West, Mumbai",33.8,16.0,24.4,44,19.4,10.4,336,1015.1,0.0
2024-02-14,92.0,79.0,3.0,8.0,5.0,5.0,"Mulund West, Mumbai",35.2,17.6,25.8,39,18.8,11.5,345,1014.5,0.0
2024-02-15,118.0,87.0,2.0,8.0,5.0,5.0,"Mulund West, Mumbai",35.7,18.0,26.4,41,17.3,9.7,341,1013.5,0.0
2024-02-16,116.0,90.0,3.0,9.0,5.0,5.0,"Mulund West, Mumbai",37.8,18.1,27.1,52,16.5,7.4,302,1013.3,0.0
2024-02-17,119.0,61.0,2.0,8.0,5.0,5.0,"Mulund West, Mumbai",37.5,18.6,27.2,54,15.6,6.9,311,1012.3,0.0
2024-02-18,85.0,58.0,3.0,8.0,5.0,5.0,"Mulund West, Mumbai",37.4,18.9,27.0,53,18.8,9.6,336,1011.4,0.0
2024-02-19,78.0,53.0,3.0,8.0,5.0,5.0,"Mulund West, Mumbai",34.6,17.6,25.9,49,17.8,10.1,329,1012.2,0.0
2024-02-20,58.0,39.0,3.0,7.0,5.0,5.0,"Mulund West, Mumbai",33.8,17.9,25.2,59,21.7,11.0,333,1013.1,0.0
2024-02-21,40.0,82.0,2.0,7.0,5.0,5.0,"Mulund West, Mumbai",30.4,17.5,23.7,77,17.9,8.9,313,1013.1,0.0
2024-02-22,71.0,56.0,2.0,7.0,5.0,5.0,"Mulund West, Mumbai",30.5,19.0,24.0,77,17.9,9.2,318,1013.5,0.0
2024-02-23,62.0,64.0,2.0,8.0,6.0,5.0,"Mulund West, Mumbai",32.3,16.5,24.1,61,21.4,10.4,348,1013.2,0.0
2024-02-24,78.0,53.0,3.0,8.0,5.0,5.0,"Mulund West, Mumbai",33.8,16.8,24.3,37,22.8,12.3,347,1012.4,0.0
2024-02-25,59.0,78.0,3.0,9.0,5.0,5.0,"Mulund West, Mumbai",36.2,15.7,25.3,30,14.3,9.5,3,1010.7,0.0
2024-02-26,92.0,105.0,3.0,9.0,5.0,5.0,"Mulund West, Mumbai",37.5,17.1,26.7,46,15.5,8.3,286,1010.1,0.0
2024-02-27,127.0,73.0,3.0,9.0,5.0,5.0,"Mulund West, Mumbai",36.8,20.0,28.0,47,20.2,9.5,330,1011.8,0.0
2024-02-28,78.0,165.0,2.0,8.0,5.0,5.0,"Mulund West, Mumbai",38.3,20.6,28.4,40,17.7,8.4,336,1011.3,0.0
2024-02-29,144.0,143.0,3.0,8.0,5.0,5.0,"Mulund West, Mumbai",38.2,20.9,28.7,49,16.4,7.8,315,1010.8,0.0
2024-03-01,134.0,56.0,3.0,7.0,5.0,5.0,"Mulund West, Mumbai",36.3,22.7,28.1,56,17.3,9.5,316,1012.0,0.0
2024-03-02,60.0,37.0,2.0,7.0,5.0,5.0,"Mulund West, Mumbai",32.2,20.5,26.0,76,18.3,8.7,296,1012.8,0.0
2024-03-03,41.0,50.0,3.0,8.0,5.0,5.0,"Mulund West, Mumbai",29.4,18.6,24.5,73,16.3,10.9,313,1013.4,0.2
2024-03-04,49.0,93.0,2.0,8.0,5.0,4.0,"Mulund West, Mumbai",30.8,15.4,22.4,64,17.0,10.3,338,1013.7,0.0
2024-03-05,75.0,73.0,2.0,8.0,5.0,4.0,"Mulund West, Mumbai",33.3,15.1,23.5,51,18.4,9.4,329,1012.8,0.0
2024-03-06,84.0,94.0,3.0,9.0,5.0,5.0,"Mulund West, Mumbai",33.8,16.1,24.2,37,20.9,10.4,321,1012.7,0.0
2024-03-07,104.0,61.0,3.0,8.0,5.0,5.0,"Mulund West, Mumbai",36.1,17.1,26.5,35,20.7,11.5,334,1012.1,0.0
2024-03-08,61.0,66.0,3.0,8.0,5.0,5.0,"Mulund West, Mumbai",37.7,18.9,28.0,30,24.0,12.1,347,1012.1,0.0
2024-03-09,75.0,60.0,3.0,8.0,5.0,5.0,"Mulund West, Mumbai",37.7,19.4,28.5,28,19.9,10.6,337,1012.0,0.0
2024-03-10,66.0,57.0,3.0,8.0,5.0,5.0,"Mulund West, Mumbai",36.1,17.9,26.9,31,19.6,11.5,322,1013.1,0.0
2024-03-11,71.0,58.0,3.0,8.0,5.0,5.0,"Mulund West, Mumbai",37.5,18.0,27.7,41,23.2,11.9,331,1014.2,0.0
2024-03-12,67.0,70.0,3.0,8.0,5.0,5.0,"Mulund West, Mumbai",37.9,20.0,28.5,42,19.6,10.6,335,1013.3,0.0
2024-03-13,67.0,59.0,2.0,7.0,5.0,5.0,"Mulund West, Mumbai",34.2,19.1,26.5,60,20.7,11.0,322,1013.1,0.0
2024-03-14,71.0,83.0,2.0,7.5,5.0,5.0,"Mulund West, Mumbai",33.5,18.5,25.6,64,20.0,10.5,328,1013.4,0.0
2024-03-15,71.5,107.0,2.0,8.0,5.0,5.0,"Mulund West, Mumbai",32.7,17.1,24.3,73,14.4,8.2,316,1012.5,0.0
2024-03-16,72.0,94.5,2.0,7.0,5.0,5.0,"Mulund West, Mumbai",33.2,17.5,24.7,73,16.9,8.9,316,1012.3,0.0
2024-03-17,73.0,82.0,2.0,7.0,5.0,5.0,"Mulund West, Mumbai",35.0,18.0,25.5,72,15.6,8.4,323,1012.3,0.0
2024-03-18,72.0,77.0,3.0,7.0,5.0,5.0,"Mulund West, Mumbai",34.4,20.8,26.4,75,16.7,7.6,308,1012.1,0.0
2024-03-19,74.0,74.0,2.0,7.0,5.0,6.0,"Mulund West, Mumbai",36.2,20.8,27.4,61,22.8,10.1,330,1011.9,0.0
2024-03-20,79.0,85.0,3.0,8.0,5.0,6.0,"Mulund West, Mumbai",39.9,19.0,29.2,31,23.2,12.3,349,1010.8,0.0
2024-03-21,87.0,86.0,2.0,8.0,5.0,6.0,"Mulund West, Mumbai",40.5,20.1,29.7,27,20.0,9.2,349,1009.3,0.0
2024-03-22,99.0,67.0,3.0,7.0,5.0,6.0,"Mulund West, Mumbai",37.0,20.9,27.7,60,17.7,8.0,265,1009.2,0.0
2024-03-23,79.0,60.0,2.0,7.0,5.0,6.0,"Mulund West, Mumbai",37.0,19.0,27.4,65,17.6,8.2,311,1009.4,0.0
2024-03-24,65.0,58.0,2.0,7.0,5.0,6.0,"Mulund West, Mumbai",34.7,20.3,27.2,71,15.9,9.8,316,1010.8,0.0
2024-03-25,83.0,71.0,3.0,7.0,5.0,6.0,"Mulund West, Mumbai",35.9,20.0,27.7,68,17.4,10.4,322,1011.2,0.0
2024-03-26,70.0,69.0,3.0,7.0,5.0,6.0,"Mulund West, Mumbai",38.7,19.9,28.3,67,21.2,9.7,319,1010.9,0.0
2024-03-27,66.0,78.0,3.0,7.0,5.0,6.0,"Mulund West, Mumbai",36.8,21.3,28.1,74,21.1,7.7,301,1012.4,0.0
2024-03-28,118.0,71.0,3.0,7.0,5.0,6.0,"Mulund West, Mumbai",36.2,21.3,28.1,74,16.8,7.1,304,1011.1,0.0
2024-03-29,113.0,91.0,2.0,7.0,5.0,6.0,"Mulund West, Mumbai",38.3,22.8,29.3,66,18.0,8.7,310,1009.9,0.0
2024-03-30,141.0,85.0,2.0,7.0,5.0,6.0,"Mulund West, Mumbai",37.7,22.8,29.3,60,21.9,11.0,323,1011.4,0.0
2024-03-31,112.0,101.0,3.0,7.0,5.0,6.0,"Mulund West, Mumbai",38.0,21.9,29.6,51,21.6,11.7,325,1012.2,0.0
2024-04-01,124.0,105.5,3.0,7.0,5.0,6.0,"Mulund West, Mumbai",37.3,23.1,29.0,61,17.5,10.1,317,1009.8,0.0
2024-04-02,128.0,110.0,3.0,7.0,5.0,6.0,"Mulund West, Mumbai",37.0,19.9,27.6,69,17.4,8.6,321,1008.6,0.0
2024-04-03,132.0,69.0,3.0,7.0,5.0,6.0,"Mulund West, Mumbai",36.3,20.6,27.7,68,19.1,8.4,312,1009.5,0.0
2024-04-04,90.0,100.0,3.0,8.0,5.0,6.0,"Mulund West, Mumbai",36.2,20.4,28.1,68,18.5,11.5,325,1010.0,0.0
2024-04-05,127.0,86.0,3.0,7.5,5.0,6.0,"Mulund West, Mumbai",38.9,21.1,29.9,58,23.4,12.6,329,1009.0,0.0
2024-04-06,108.5,72.0,3.0,7.0,5.0,6.0,"Mulund West, Mumbai",39.6,24.0,31.8,39,24.7,14.8,336,1007.9,0.0
2024-04-07,90.0,64.0,3.0,7.0,5.0,6.0,"Mulund West, Mumbai",38.9,23.0,30.3,45,23.5,13.1,323,1008.0,0.0
2024-04-08,99.0,75.0,2.0,7.0,5.0,6.0,"Mulund West, Mumbai",37.0,20.0,27.9,66,17.3,8.7,321,1008.5,0.0
2024-04-09,112.0,77.0,3.0,7.0,5.0,6.0,"Mulund West, Mumbai",37.2,20.8,28.1,70,17.7,9.1,310,1008.9,0.0
2024-04-10,121.0,77.0,2.0,7.0,5.0,6.0,"Mulund West, Mumbai",36.7,22.0,28.2,73,17.9,8.6,297,1009.0,0.0
2024-04-11,115.0,69.0,2.0,7.0,5.0,6.0,"Mulund West, Mumbai",36.8,21.6,28.4,68,17.7,8.0,304,1009.3,0.0
2024-04-12,101.5,61.0,2.0,7.0,5.0,6.0,"Mulund West, Mumbai",36.2,22.4,28.2,63,14.5,8.4,292,1009.3,0.0
2024-04-13,88.0,78.0,2.0,7.0,5.0,6.0,"Mulund West, Mumbai",33.9,20.9,26.9,71,16.2,7.5,297,1009.9,0.0
2024-04-14,119.0,84.0,3.0,7.0,5.0,6.0,"Mulund West, Mumbai",36.0,20.6,27.8,77,21.0,9.2,321,1010.4,0.0
2024-04-15,121.0,99.0,3.0,7.0,5.0,6.0,"Mulund West, Mumbai",41.4,23.6,32.4,56,18.8,9.3,321,1009.5,0.0
2024-04-16,157.0,149.0,3.0,7.0,5.0,6.0,"Mulund West, Mumbai",43.8,27.3,35.2,42,16.6,9.3,337,1008.0,0.0
2024-04-17,142.0,167.0,3.0,7.0,5.0,6.0,"Mulund West, Mumbai",36.5,26.9,31.8,60,15.8,9.4,225,1008.3,0.0
2024-04-18,149.0,69.0,3.0,7.0,5.0,6.0,"Mulund West, Mumbai",36.6,26.2,31.2,69,19.0,9.0,277,1008.0,0.0
2024-04-19,108.0,84.0,3.0,7.0,5.0,6.0,"Mulund West, Mumbai",39.0,25.1,31.4,61,25.0,10.3,304,1006.5,1.2
2024-04-20,97.0,54.0,4.0,7.0,5.0,6.0,"Mulund West, Mumbai",38.8,25.4,31.4,55,23.7,11.2,318,1006.9,0.0
2024-04-21,81.0,44.0,2.0,7.0,5.0,6.0,"Mulund West, Mumbai",36.8,23.4,30.3,57,24.0,12.0,320,1007.7,0.0
2024-04-22,71.0,79.0,4.0,8.0,5.0,6.0,"Mulund West, Mumbai",36.8,24.0,30.2,62,20.5,11.4,318,1008.4,0.0
2024-04-23,108.0,69.0,4.0,7.0,5.0,6.0,"Mulund West, Mumbai",37.1,23.1,29.6,65,20.6,11.0,316,1007.3,0.0
2024-04-24,95.0,69.0,5.0,7.0,5.0,6.0,"Mulund West, Mumbai",37.3,22.4,29.5,68,20.3,10.5,313,1006.5,0.0
2024-04-25,87.0,70.0,6.0,7.0,5.0,6.0,"Mulund West, Mumbai",37.2,23.6,30.0,65,23.3,11.2,310,1006.9,0.0
2024-04-26,94.5,71.0,7.0,7.0,5.0,6.0,"Mulund West, Mumbai",38.6,24.3,30.9,60,20.1,11.4,315,1006.8,0.0
2024-04-27,102.0,89.0,4.0,5.0,5.0,6.0,"Mulund West, Mumbai",39.7,25.0,32.1,53,22.1,11.7,321,1006.6,0.0
2024-04-28,136.0,79.0,4.0,5.0,5.0,6.0,"Mulund West, Mumbai",43.4,25.3,34.3,40,25.1,13.2,331,1006.3,0.0
2024-04-29,107.0,85.0,4.0,5.0,5.0,7.0,"Mulund West, Mumbai",41.3,25.9,33.7,38,21.7,12.8,324,1007.7,0.0
2024-04-30,115.0,76.0,11.0,5.0,5.0,7.0,"Mulund West, Mumbai",41.5,24.8,32.8,46,21.9,12.2,323,1006.7,0.0
2024-05-01,89.0,85.0,10.93333333,5.0,5.0,7.0,"Mulund West, Mumbai",37.0,25.1,30.2,60,18.1,8.9,289,1005.9,0.0
2024-05-02,99.0,97.0,10.86666667,5.0,5.0,7.0,"Mulund West, Mumbai",36.0,22.5,28.7,70,17.8,8.5,256,1006.2,0.0
2024-05-03,108.0,76.0,10.8,5.0,5.0,7.0,"Mulund West, Mumbai",36.0,21.6,28.2,75,18.8,7.9,296,1007.5,0.0
2024-05-04,97.0,64.0,6.0,5.0,5.0,7.0,"Mulund West, Mumbai",35.9,23.3,29.3,77,18.7,8.7,295,1008.2,0.0
2024-05-05,90.0,49.0,6.0,5.0,5.0,7.0,"Mulund West, Mumbai",37.3,24.0,30.4,71,21.8,10.0,300,1006.4,0.0
2024-05-06,71.0,71.0,6.0,5.0,5.0,7.0,"Mulund West, Mumbai",35.5,24.1,29.6,74,19.5,9.5,296,1007.4,0.0
2024-05-07,79.0,63.0,6.0,5.0,5.0,7.0,"Mulund West, Mumbai",35.7,24.7,29.7,75,18.1,9.9,267,1008.4,0.0
2024-05-08,71.0,55.0,6.0,5.0,5.0,7.0,"Mulund West, Mumbai",35.0,24.4,29.7,75,21.2,9.2,279,1007.9,0.0
2024-05-09,72.0,56.0,6.0,5.0,5.0,7.0,"Mulund West, Mumbai",34.5,24.6,29.7,77,18.0,9.1,282,1007.1,0.1
2024-05-10,70.0,60.0,6.0,5.0,5.0,7.0,"Mulund West, Mumbai",35.0,25.8,29.9,75,18.9,9.7,291,1008.2,0.0
2024-05-11,77.0,74.0,6.0,5.0,5.0,7.0,"Mulund West, Mumbai",35.7,25.2,30.2,75,21.0,10.6,310,1008.8,0.0
2024-05-12,79.0,88.0,6.0,5.0,5.0,7.0,"Mulund West, Mumbai",36.3,26.2,30.8,72,20.0,10.0,316,1008.8,0.0
2024-05-13,81.0,144.0,6.0,5.0,5.0,7.0,"Mulund West, Mumbai",37.8,26.4,31.1,68,19.9,7.0,334,1008.3,2.1
2024-05-14,191.0,63.0,6.0,5.0,5.0,7.0,"Mulund West, Mumbai",40.9,26.5,31.9,62,19.7,10.5,320,1007.6,0.5
2024-05-15,132.0,59.0,10.0,5.0,5.0,7.0,"Mulund West, Mumbai",38.7,26.3,32.0,65,18.9,9.2,290,1007.8,0.0
2024-05-16,128.0,59.0,6.5,5.0,5.0,7.0,"Mulund West, Mumbai",40.3,27.0,33.1,60,15.0,6.0,105,1007.9,1.8
2024-05-17,124.0,59.0,3.0,5.0,5.0,7.0,"Mulund West, Mumbai",38.3,27.4,32.0,64,16.5,7.7,264,1007.0,0.0
2024-05-18,104.0,69.0,3.0,7.0,5.0,7.0,"Mulund West, Mumbai",37.2,26.8,31.8,75,15.4,7.4,256,1005.0,0.0
2024-05-19,97.0,55.0,3.0,7.0,5.0,7.0,"Mulund West, Mumbai",36.6,26.2,31.3,75,17.4,8.6,262,1003.2,2.0
2024-05-20,78.0,71.0,3.0,7.0,5.0,7.0,"Mulund West, Mumbai",37.5,27.6,32.0,72,20.5,10.4,246,1003.5,0.0
2024-05-21,94.0,105.0,3.0,7.0,5.0,6.0,"Mulund West, Mumbai",38.1,27.6,32.4,72,18.3,9.1,265,1003.3,0.0
2024-05-22,124.0,67.0,3.0,6.0,5.0,6.0,"Mulund West, Mumbai",36.8,27.6,31.9,76,16.9,10.0,263,1002.9,0.2
2024-05-23,86.0,61.0,3.0,6.0,5.0,6.0,"Mulund West, Mumbai",36.0,27.2,31.4,77,20.7,9.9,258,1002.1,0.0
2024-05-24,79.0,57.0,3.0,6.0,5.0,6.0,"Mulund West, Mumbai",37.0,27.4,31.4,74,18.2,10.7,265,1002.1,0.1
2024-05-25,74.0,52.0,3.0,7.0,5.0,6.0,"Mulund West, Mumbai",35.2,27.1,31.1,72,18.7,11.7,269,1003.5,0.4
2024-05-26,75.0,61.0,3.0,7.0,5.0,6.0,"Mulund West, Mumbai",34.6,28.5,31.4,68,19.4,13.9,272,1004.4,0.1
2024-05-27,79.0,60.0,3.0,6.0,5.0,6.0,"Mulund West, Mumbai",34.5,28.8,30.9,72,19.5,13.6,264,1004.1,0.3
2024-05-28,72.0,73.0,3.0,7.0,5.0,6.0,"Mulund West, Mumbai",34.8,28.4,31.3,69,20.5,14.7,259,1004.4,0.5
2024-05-29,82.0,65.0,3.0,6.0,5.0,6.0,"Mulund West, Mumbai",35.3,28.6,31.6,64,22.9,15.9,244,1004.5,0.0
2024-05-30,81.0,58.0,3.0,6.0,5.0,6.0,"Mulund West, Mumbai",35.8,28.0,31.8,64,18.8,12.5,257,1005.4,0.1
2024-05-31,67.0,60.0,3.0,7.0,5.0,6.0,"Mulund West, Mumbai",36.2,27.5,31.2,75,19.8,10.4,266,1006.2,0.6
2024-06-01,60.0,54.0,3.0,7.0,5.0,6.0,"Mulund West, Mumbai",35.7,27.0,31.2,72,17.3,10.1,263,1006.0,0.8
2024-06-02,53.0,118.0,3.0,6.0,5.0,6.0,"Mulund West, Mumbai",36.1,26.8,31.4,69,17.6,10.2,273,1006.2,0.6
2024-06-03,134.0,50.0,3.0,6.0,4.0,6.0,"Mulund West, Mumbai",36.0,27.9,31.5,70,15.4,7.8,267,1006.4,3.6
2024-06-04,79.0,104.0,3.0,6.0,5.0,6.0,"Mulund West, Mumbai",34.5,27.1,30.0,77,13.9,7.8,217,1007.1,2.7
2024-06-05,113.0,105.0,3.0,7.0,5.0,6.0,"Mulund West, Mumbai",34.8,26.1,29.2,80,18.0,7.2,224,1007.4,3.5
2024-06-06,54.0,49.0,3.0,7.0,7.0,6.0,"Mulund West, Mumbai",35.2,26.1,29.6,80,14.4,6.2,270,1007.9,2.6
2024-06-07,42.0,43.0,3.0,7.0,7.0,6.0,"Mulund West, Mumbai",34.5,27.2,30.2,75,17.0,8.4,298,1006.2,1.1
2024-06-08,39.0,46.0,3.0,7.0,7.0,6.0,"Mulund West, Mumbai",34.9,25.8,29.8,74,16.5,9.9,307,1005.0,3.3
2024-06-09,34.0,33.0,3.0,7.0,7.0,6.0,"Mulund West, Mumbai",32.2,25.1,28.3,83,14.7,6.9,276,1004.8,15.5
2024-06-10,59.0,62.0,3.0,7.0,7.0,6.0,"Mulund West, Mumbai",30.3,24.8,26.8,89,11.5,6.2,230,1006.3,26.0
2024-06-11,45.0,56.0,3.0,7.0,7.0,6.0,"Mulund West, Mumbai",30.8,25.0,27.1,90,12.9,7.5,203,1006.8,15.9
2024-06-12,42.0,69.0,3.0,7.0,7.0,6.0,"Mulund West, Mumbai",30.2,25.0,27.2,88,13.8,8.7,209,1007.6,17.0
2024-06-13,39.0,50.0,3.0,7.0,7.0,6.0,"Mulund West, Mumbai",31.0,25.5,27.3,87,14.8,9.7,202,1007.2,13.9
2024-06-14,38.0,46.0,3.0,7.0,7.0,6.0,"Mulund West, Mumbai",30.6,24.9,26.7,88,17.4,10.7,191,1006.4,7.6
2024-06-15,38.0,54.0,3.0,7.0,7.0,6.0,"Mulund West, Mumbai",30.2,24.9,27.4,85,17.7,12.3,186,1005.5,1.4
2024-06-16,38.0,57.0,3.0,7.0,7.0,6.0,"Mulund West, Mumbai",32.0,25.5,28.3,82,13.4,8.1,206,1005.7,3.7
2024-06-17,47.0,45.0,3.0,7.0,7.0,6.0,"Mulund West, Mumbai",32.2,26.0,28.1,85,15.1,9.6,195,1006.1,9.0
2024-06-18,42.0,41.0,3.0,7.0,7.0,5.0,"Mulund West, Mumbai",30.4,25.5,27.0,89,17.8,12.2,204,1005.9,18.1
2024-06-19,55.0,46.0,3.0,7.0,7.0,5.0,"Mulund West, Mumbai",29.2,25.0,26.8,89,17.6,10.7,204,1004.0,25.8
2024-06-20,57.0,101.0,3.0,7.0,7.0,6.0,"Mulund West, Mumbai",28.4,25.5,26.6,91,17.9,12.3,200,1003.1,32.9
2024-06-21,45.0,20.0,3.0,6.0,7.0,5.0,"Mulund West, Mumbai",31.5,24.2,27.5,87,19.2,12.4,217,1003.6,10.9
2024-06-22,33.0,49.0,3.0,7.0,7.0,6.0,"Mulund West, Mumbai",31.0,24.6,27.3,87,15.4,10.5,202,1002.5,5.2
2024-06-23,52.0,39.0,3.0,7.0,7.0,6.0,"Mulund West, Mumbai",30.8,25.2,27.4,88,13.2,8.7,200,1001.4,8.4
2024-06-24,39.0,97.5,3.0,7.0,7.0,5.5,"Mulund West, Mumbai",30.0,25.1,27.4,88,13.6,7.8,190,999.7,15.2
2024-06-25,96.0,156.0,3.0,7.0,7.0,5.0,"Mulund West, Mumbai",31.0,25.5,27.9,86,25.2,15.2,171,998.0,13.6
2024-06-26,153.0,47.0,3.0,7.0,7.0,5.0,"Mulund West, Mumbai",30.5,26.5,27.6,89,27.9,17.8,197,998.0,23.3
2024-06-27,66.0,30.0,3.0,6.0,7.0,5.0,"Mulund West, Mumbai",28.5,26.0,26.8,91,23.8,17.5,205,1000.6,90.0
2024-06-28,54.0,72.0,3.0,6.0,7.0,6.0,"Mulund West, Mumbai",28.4,25.4,26.6,91,21.7,17.8,199,1001.9,40.9
2024-06-29,58.0,90.0,3.0,6.0,7.0,6.0,"Mulund West, Mumbai",29.8,24.8,26.9,90,24.0,15.9,194,1003.1,17.3
2024-06-30,115.0,51.0,3.0,6.0,7.0,6.0,"Mulund West, Mumbai",29.5,25.5,27.1,90,19.9,15.4,206,1003.4,20.9
2024-07-01,52.0,82.0,3.0,6.0,7.0,5.0,"Mulund West, Mumbai",30.9,25.5,27.6,85,31.1,22.8,218,1002.3,12.9
2024-07-02,100.0,63.0,3.0,6.0,7.0,5.0,"Mulund West, Mumbai",30.5,25.4,28.1,85,25.6,20.4,231,1001.7,10.5
2024-07-03,65.0,59.0,3.0,6.0,7.0,5.0,"Mulund West, Mumbai",29.7,25.6,27.9,87,23.4,17.3,222,1002.7,11.9
2024-07-04,51.0,46.0,3.0,6.0,7.0,5.0,"Mulund West, Mumbai",29.2,25.6,27.3,88,18.3,14.4,219,1004.0,9.9
2024-07-05,42.0,49.0,3.0,6.0,7.0,5.0,"Mulund West, Mumbai",29.3,25.5,26.9,89,19.6,14.9,218,1002.2,16.9
2024-07-06,42.0,61.0,3.0,6.0,7.0,5.0,"Mulund West, Mumbai",29.4,25.0,27.1,88,22.5,16.2,226,1001.3,17.9
2024-07-07,55.0,28.0,3.0,6.0,7.0,5.0,"Mulund West, Mumbai",28.6,25.0,26.6,91,15.2,11.8,217,1002.4,12.8
2024-07-08,32.0,12.0,3.0,6.0,7.0,5.0,"Mulund West, Mumbai",29.0,24.8,26.4,91,12.6,8.3,201,1002.5,17.5
2024-07-09,31.0,16.0,3.0,6.5,7.0,5.0,"Mulund West, Mumbai",27.0,24.6,25.5,94,15.8,10.0,197,1003.4,91.7
2024-07-10,33.5,20.0,3.0,7.0,7.0,5.0,"Mulund West, Mumbai",29.5,24.8,26.4,90,19.3,12.7,202,1006.1,25.2
2024-07-11,36.0,27.0,3.0,7.0,7.0,5.0,"Mulund West, Mumbai",28.8,23.5,25.8,93,17.4,12.2,216,1005.8,27.5
2024-07-12,40.0,14.0,3.0,7.0,7.0,5.0,"Mulund West, Mumbai",26.5,24.8,25.6,94,18.0,11.5,241,1003.9,49.8
2024-07-13,26.0,16.0,3.0,6.0,7.0,5.0,"Mulund West, Mumbai",26.3,24.8,25.6,93,22.7,15.1,240,1003.4,64.4
2024-07-14,22.0,44.0,3.0,6.0,7.0,5.0,"Mulund West, Mumbai",26.5,24.3,25.2,95,18.5,8.6,240,1001.8,45.2
2024-07-15,39.0,20.0,3.0,7.0,7.0,5.0,"Mulund West, Mumbai",29.0,24.5,26.2,90,13.6,7.9,226,1001.1,12.8
2024-07-16,37.0,30.0,3.0,7.0,7.0,5.0,"Mulund West, Mumbai",30.1,24.8,26.4,91,17.9,11.2,206,1000.3,13.4
2024-07-17,40.0,43.0,2.5,6.5,7.0,5.0,"Mulund West, Mumbai",27.9,25.0,26.2,92,19.1,12.8,221,1002.0,38.7
2024-07-18,52.0,56.0,2.0,6.0,7.0,5.0,"Mulund West, Mumbai",28.2,25.0,26.1,92,21.2,15.0,231,1002.6,53.6
2024-07-19,64.0,36.0,3.0,6.0,7.0,5.0,"Mulund West, Mumbai",27.4,25.4,26.0,93,22.2,16.3,227,1000.8,50.3
2024-07-20,24.0,14.0,3.0,6.0,7.0,5.0,"Mulund West, Mumbai",27.7,25.5,26.0,92,23.2,16.8,228,1001.3,84.1
2024-07-21,32.0,20.0,3.0,6.0,7.0,5.0,"Mulund West, Mumbai",27.0,25.4,26.1,92,21.9,16.7,233,1001.8,35.1
2024-07-22,30.0,18.0,3.0,6.0,7.0,5.0,"Mulund West, Mumbai",26.6,25.2,25.9,93,21.8,17.6,233,1003.7,35.3
2024-07-23,28.66666667,21.0,3.0,7.0,7.0,5.0,"Mulund West, Mumbai",26.2,25.4,25.8,92,24.8,19.3,239,1004.5,36.0
2024-07-24,27.33333333,16.0,3.0,6.0,7.0,5.0,"Mulund West, Mumbai",26.6,25.1,25.8,92,23.9,21.1,245,1002.1,39.0
2024-07-25,26.0,55.0,3.0,6.0,7.0,5.0,"Mulund West, Mumbai",26.9,25.2,25.8,91,24.6,20.6,259,1001.2,61.4
2024-07-26,38.0,51.0,3.0,6.0,7.0,5.0,"Mulund West, Mumbai",28.6,24.6,26.3,89,24.5,17.4,251,1002.5,31.1
2024-07-27,38.0,50.0,3.0,6.0,7.0,5.0,"Mulund West, Mumbai",28.9,25.2,26.8,86,25.4,19.2,256,1003.2,7.8
2024-07-28,43.0,42.0,3.0,6.0,7.0,5.0,"Mulund West, Mumbai",29.2,25.5,26.5,90,22.3,15.8,257,1001.0,15.3
2024-07-29,42.0,80.0,3.0,6.0,7.0,5.0,"Mulund West, Mumbai",27.8,25.0,25.9,92,20.0,14.3,244,999.8,33.0
2024-07-30,38.0,75.0,3.0,6.0,7.0,5.0,"Mulund West, Mumbai",28.5,24.9,26.4,90,20.1,13.3,235,1003.0,20.7
2024-07-31,36.0,34.0,3.0,6.0,7.0,5.0,"Mulund West, Mumbai",29.1,24.4,26.5,89,18.2,12.6,243,1005.4,23.0
2024-08-01,30.0,38.0,3.0,6.0,7.0,4.0,"Mulund West, Mumbai",29.4,24.5,26.7,87,22.1,15.2,241,1005.1,20.8
2024-08-02,36.0,85.0,3.0,6.0,7.0,4.0,"Mulund West, Mumbai",28.5,24.4,26.1,88,23.6,17.8,238,1004.7,20.4
2024-08-03,53.0,35.0,3.0,6.0,7.0,4.0,"Mulund West, Mumbai",27.7,24.9,26.0,89,24.7,19.3,241,1005.0,21.9
2024-08-04,29.0,34.0,3.0,6.0,7.0,4.0,"Mulund West, Mumbai",27.4,25.1,25.8,91,21.8,17.2,241,1005.5,41.6
2024-08-05,30.0,66.0,3.0,6.0,7.0,4.0,"Mulund West, Mumbai",29.6,25.2,26.7,86,22.0,16.3,229,1006.3,6.5
2024-08-06,46.0,83.0,3.0,6.0,7.0,4.0,"Mulund West, Mumbai",29.5,25.0,26.7,86,18.9,13.5,236,1006.4,5.7
2024-08-07,53.0,35.0,3.0,5.0,7.0,4.0,"Mulund West, Mumbai",29.1,25.0,26.8,86,18.9,12.3,252,1006.6,7.0
2024-08-08,25.0,39.0,3.0,5.0,7.0,4.0,"Mulund West, Mumbai",28.9,24.8,26.5,86,16.8,10.5,243,1007.5,5.6
2024-08-09,27.0,33.0,3.0,5.0,7.0,4.0,"Mulund West, Mumbai",27.2,24.6,25.7,90,13.0,9.0,242,1008.5,16.0
2024-08-10,27.0,33.0,3.0,5.0,7.0,5.0,"Mulund West, Mumbai",28.5,24.4,26.3,87,17.4,8.7,248,1008.2,8.6
2024-08-11,23.0,40.0,3.0,5.0,7.0,5.0,"Mulund West, Mumbai",29.7,25.1,26.9,85,18.7,11.6,251,1006.7,3.0
2024-08-12,28.0,41.0,3.0,5.0,7.0,5.0,"Mulund West, Mumbai",29.2,25.0,26.7,86,19.6,10.3,242,1006.5,6.0
2024-08-13,30.0,44.0,3.0,5.0,7.0,5.0,"Mulund West, Mumbai",29.1,24.4,26.6,88,15.2,7.7,244,1007.0,3.3
2024-08-14,30.0,34.0,3.0,5.0,7.0,5.0,"Mulund West, Mumbai",30.1,25.0,27.0,86,15.1,5.9,275,1006.9,4.5
2024-08-15,26.0,48.0,3.0,5.0,7.0,5.0,"Mulund West, Mumbai",30.2,24.4,27.1,86,16.8,6.1,275,1005.9,2.0
2024-08-16,32.0,39.0,3.0,5.0,7.0,5.0,"Mulund West, Mumbai",30.1,24.6,27.2,86,15.5,7.1,263,1004.9,1.0
2024-08-17,30.0,48.0,3.0,5.0,7.0,5.0,"Mulund West, Mumbai",30.8,25.0,27.5,86,12.1,5.6,273,1005.9,1.0
2024-08-18,34.0,89.0,3.0,5.0,7.0,5.0,"Mulund West, Mumbai",30.5,24.8,27.5,87,12.6,5.7,321,1006.6,2.9
2024-08-19,72.0,83.0,3.0,5.0,7.0,5.0,"Mulund West, Mumbai",29.6,24.8,27.0,90,13.5,6.2,335,1005.9,26.4
2024-08-20,121.0,49.0,3.0,5.0,7.0,5.0,"Mulund West, Mumbai",29.3,24.8,26.3,91,11.9,5.0,340,1005.5,34.0
2024-08-21,89.0,101.0,4.0,5.0,7.0,5.0,"Mulund West, Mumbai",31.0,24.8,27.5,88,15.0,6.2,329,1005.4,0.5
2024-08-22,123.0,30.0,3.0,5.0,7.0,5.0,"Mulund West, Mumbai",30.9,25.0,27.7,86,13.0,7.6,209,1004.9,6.9
2024-08-23,45.0,18.0,3.0,5.0,7.0,5.0,"Mulund West, Mumbai",29.1,25.5,26.7,91,13.9,9.0,176,1005.5,15.3
2024-08-24,38.0,25.0,3.0,6.0,7.0,4.0,"Mulund West, Mumbai",26.2,24.8,25.3,95,17.3,10.0,262,1006.5,58.2
2024-08-25,34.0,45.0,3.0,5.0,7.0,2.0,"Mulund West, Mumbai",27.1,24.2,25.5,91,21.3,15.6,251,1005.5,33.4
2024-08-26,45.0,33.0,3.0,5.0,7.0,1.0,"Mulund West, Mumbai",26.4,24.0,25.6,90,23.8,18.4,247,1003.8,21.2
2024-08-27,40.0,40.0,3.0,5.0,7.0,1.333333333,"Mulund West, Mumbai",28.0,23.5,25.5,90,26.5,19.6,217,1004.8,26.2
2024-08-28,46.0,48.0,3.0,5.0,7.0,1.666666667,"Mulund West, Mumbai",29.1,24.3,26.3,87,28.3,19.4,219,1005.5,16.6
2024-08-29,45.0,43.0,3.0,5.0,7.0,2.0,"Mulund West, Mumbai",28.8,25.0,26.8,87,23.4,15.7,215,1004.8,5.0
2024-08-30,45.0,35.0,3.0,5.0,7.0,2.0,"Mulund West, Mumbai",29.2,24.3,26.6,87,17.8,12.2,211,1005.9,5.4
2024-08-31,41.0,47.0,3.0,5.0,7.0,2.0,"Mulund West, Mumbai",29.9,24.9,26.7,87,11.3,7.0,238,1007.2,4.2
2024-09-01,39.0,45.0,3.0,5.0,7.0,2.0,"Mulund West, Mumbai",27.9,24.5,26.3,88,12.1,6.5,287,1006.9,1.4
2024-09-02,48.0,36.0,3.0,5.0,7.0,2.0,"Mulund West, Mumbai",26.8,24.4,25.6,92,16.5,9.2,292,1005.6,27.9
2024-09-03,46.0,57.0,3.0,5.0,6.0,2.0,"Mulund West, Mumbai",27.4,24.2,25.6,91,13.9,8.0,252,1006.4,13.8
2024-09-04,44.0,26.0,3.0,5.0,6.0,2.0,"Mulund West, Mumbai",28.6,24.5,26.1,89,17.7,10.5,250,1007.3,8.4
2024-09-05,42.0,36.0,3.0,5.0,6.0,2.0,"Mulund West, Mumbai",28.5,24.5,26.1,90,20.0,12.8,258,1005.9,16.9
2024-09-06,45.0,27.0,3.0,5.0,7.0,2.0,"Mulund West, Mumbai",28.4,24.6,26.1,89,18.7,10.3,254,1006.9,14.1
2024-09-07,42.0,41.0,3.0,5.0,7.0,2.0,"Mulund West, Mumbai",29.0,24.5,26.1,89,15.5,8.3,244,1007.6,7.3
2024-09-08,43.0,28.0,3.0,5.0,7.0,2.0,"Mulund West, Mumbai",29.6,24.3,26.3,88,14.2,8.1,227,1007.6,3.3
2024-09-09,40.0,41.0,3.0,5.0,7.0,2.0,"Mulund West, Mumbai",29.1,24.5,26.4,87,16.5,7.6,240,1005.3,3.8
2024-09-10,48.0,38.0,3.0,5.0,7.0,2.0,"Mulund West, Mumbai",28.7,24.5,26.3,88,15.3,8.2,238,1004.5,4.9
2024-09-11,47.0,43.0,3.0,5.0,7.0,2.0,"Mulund West, Mumbai",28.5,24.3,26.0,88,16.1,10.0,216,1005.5,5.4
2024-09-12,52.0,52.0,3.0,5.0,7.0,2.0,"Mulund West, Mumbai",28.8,24.2,25.9,88,18.0,10.7,225,1007.4,7.3
2024-09-13,57.0,32.0,3.0,6.0,7.0,2.0,"Mulund West, Mumbai",28.8,23.8,25.7,87,17.1,10.0,215,1007.8,3.7
2024-09-14,42.0,28.0,3.0,5.0,7.0,1.5,"Mulund West, Mumbai",27.6,23.3,24.9,89,14.8,9.5,210,1007.7,6.6
2024-09-15,49.0,127.0,3.0,5.0,6.0,1.0,"Mulund West, Mumbai",28.1,23.1,25.2,88,13.6,7.4,221,1008.2,2.9
2024-09-16,121.0,49.0,3.0,5.0,7.0,1.0,"Mulund West, Mumbai",29.6,23.2,25.8,88,13.7,8.2,212,1008.7,1.0
2024-09-17,64.0,66.0,3.0,5.0,6.0,1.0,"Mulund West, Mumbai",29.5,22.1,25.5,87,15.2,6.2,318,1008.9,0.1
2024-09-18,78.0,59.0,3.0,5.0,7.0,1.0,"Mulund West, Mumbai",29.6,22.4,25.9,86,11.9,5.5,264,1007.0,1.0
2024-09-19,60.0,53.0,3.0,5.0,7.0,1.0,"Mulund West, Mumbai",29.7,23.8,26.4,86,12.3,5.5,248,1007.4,1.4
2024-09-20,55.0,48.0,3.0,5.0,7.0,1.0,"Mulund West, Mumbai",29.0,23.5,25.9,89,10.1,5.4,228,1007.8,8.7
2024-09-21,52.0,43.0,3.0,5.0,7.0,1.0,"Mulund West, Mumbai",30.1,23.3,26.6,86,15.0,6.4,297,1008.4,2.0
2024-09-22,47.0,45.0,3.0,5.0,6.0,1.0,"Mulund West, Mumbai",30.1,24.0,26.8,86,15.8,7.6,336,1007.7,1.6
2024-09-23,56.0,41.0,3.0,5.0,7.0,1.0,"Mulund West, Mumbai",29.8,24.8,26.8,91,14.4,6.6,331,1006.6,10.1
2024-09-24,48.0,19.0,3.0,5.0,7.0,1.0,"Mulund West, Mumbai",29.9,23.9,26.1,92,18.6,6.9,352,1004.9,38.3
2024-09-25,124.0,231.0,3.0,5.0,7.0,1.0,"Mulund West, Mumbai",28.4,23.9,25.7,94,15.8,6.7,333,1004.2,48.2
2024-09-26,32.0,7.0,3.0,6.0,7.0,1.0,"Mulund West, Mumbai",26.6,24.1,25.3,95,14.5,6.7,207,1003.1,30.1
2024-09-27,15.0,43.0,3.0,5.0,7.0,1.0,"Mulund West, Mumbai",26.5,25.1,25.7,92,21.3,18.2,245,1004.6,60.4
2024-09-28,53.0,93.0,3.0,5.0,7.0,1.0,"Mulund West, Mumbai",28.5,24.6,26.2,88,16.7,9.9,233,1008.0,6.7
2024-09-29,30.0,69.0,3.0,5.0,6.0,1.0,"Mulund West, Mumbai",29.1,24.1,26.2,90,14.6,8.2,225,1010.1,3.7
2024-09-30,72.0,76.0,3.0,5.0,7.0,1.0,"Mulund West, Mumbai",30.4,24.1,26.8,89,12.7,5.9,312,1010.1,2.1
2024-10-01,78.0,135.0,3.0,5.0,7.0,1.0,"Mulund West, Mumbai",32.9,24.4,27.8,88,12.6,5.9,338,1008.1,0.2
2024-10-02,94.0,22.0,3.0,4.0,7.0,1.0,"Mulund West, Mumbai",31.8,25.3,27.8,90,13.8,4.9,265,1008.8,1.9
2024-10-03,20.0,31.0,3.0,4.0,7.0,1.0,"Mulund West, Mumbai",30.5,24.8,27.3,88,15.7,6.1,258,1009.2,1.8
2024-10-04,27.0,37.0,3.0,4.0,7.0,1.0,"Mulund West, Mumbai",30.0,24.6,26.9,88,13.3,5.8,281,1009.2,1.5
2024-10-05,30.0,35.0,3.0,4.0,7.0,1.0,"Mulund West, Mumbai",30.5,23.6,26.5,88,14.6,5.7,317,1009.7,0.4
2024-10-06,36.0,58.0,3.0,4.0,7.0,1.0,"Mulund West, Mumbai",32.3,23.8,26.9,87,11.9,6.0,14,1009.7,2.9
2024-10-07,57.0,59.0,3.0,4.0,6.0,1.0,"Mulund West, Mumbai",33.7,24.4,28.3,83,12.7,6.4,13,1009.7,0.1
2024-10-08,59.0,43.0,3.0,4.0,7.0,1.0,"Mulund West, Mumbai",34.3,24.1,28.3,83,12.2,5.4,267,1009.9,0.0
2024-10-09,49.0,46.0,3.0,4.0,6.0,1.0,"Mulund West, Mumbai",29.9,24.5,26.7,89,15.5,5.0,91,1008.7,6.2
2024-10-10,49.0,40.0,3.0,4.0,7.0,1.0,"Mulund West, Mumbai",30.7,23.5,26.6,88,10.3,5.9,61,1006.9,15.5
2024-10-11,38.0,43.0,3.0,4.0,7.0,1.0,"Mulund West, Mumbai",32.0,23.9,27.1,85,12.1,5.9,96,1006.4,19.5
2024-10-12,46.0,42.0,3.0,4.0,6.0,1.0,"Mulund West, Mumbai",32.1,23.4,27.3,87,9.6,4.8,101,1007.6,7.4
2024-10-13,46.0,42.0,3.0,4.0,6.0,1.0,"Mulund West, Mumbai",31.5,23.9,27.3,87,9.3,5.7,159,1008.7,12.7
2024-10-14,37.0,42.0,3.0,4.0,6.0,1.0,"Mulund West, Mumbai",32.8,23.7,26.7,88,14.0,4.9,21,1009.2,18.8
2024-10-15,35.0,39.0,3.0,4.0,7.0,1.0,"Mulund West, Mumbai",30.5,24.0,26.7,89,9.3,5.0,161,1009.3,0.4
2024-10-16,54.0,36.0,3.0,4.0,6.0,1.0,"Mulund West, Mumbai",31.8,24.1,27.0,88,11.1,5.0,168,1008.6,10.8
2024-10-17,54.0,33.0,3.0,4.0,6.0,1.0,"Mulund West, Mumbai",29.1,24.7,26.7,92,11.1,5.2,306,1007.8,1.6
2024-10-18,47.0,22.0,3.0,4.0,6.0,1.0,"Mulund West, Mumbai",33.2,24.4,27.6,86,14.1,5.1,143,1007.7,16.0
2024-10-19,29.0,25.0,3.0,4.0,6.0,1.0,"Mulund West, Mumbai",31.0,23.8,26.2,90,10.9,5.2,119,1010.2,19.2
2024-10-20,36.0,27.0,3.0,4.0,6.0,1.0,"Mulund West, Mumbai",30.5,23.7,26.3,88,7.2,4.3,91,1011.0,6.4
2024-10-21,38.0,30.0,3.0,4.0,6.0,1.0,"Mulund West, Mumbai",31.0,23.1,26.7,88,8.6,3.9,63,1011.0,10.8
2024-10-22,44.0,34.0,3.0,4.0,6.0,1.0,"Mulund West, Mumbai",31.4,23.2,26.5,88,11.8,4.8,37,1010.9,9.5
2024-10-23,49.0,43.0,3.0,4.0,6.0,1.0,"Mulund West, Mumbai",32.3,23.8,27.1,86,13.2,6.6,5,1010.2,0.0
2024-10-24,59.0,78.0,2.0,5.0,6.0,1.0,"Mulund West, Mumbai",33.0,23.9,28.0,73,11.9,6.9,24,1009.9,0.3
2024-10-25,85.0,58.0,3.0,5.0,6.0,1.0,"Mulund West, Mumbai",32.9,22.0,26.9,74,12.3,6.7,1,1009.9,0.0
2024-10-26,82.0,85.0,3.0,5.0,6.0,1.0,"Mulund West, Mumbai",33.4,21.1,26.7,68,14.3,8.9,11,1010.2,0.0
2024-10-27,134.0,131.0,3.0,5.0,6.0,1.0,"Mulund West, Mumbai",32.8,21.2,26.5,80,14.4,7.3,342,1009.0,0.0
2024-10-28,161.0,88.0,3.0,4.0,6.0,1.0,"Mulund West, Mumbai",33.2,22.0,26.8,85,12.7,6.1,326,1007.5,0.0
2024-10-29,142.0,99.0,3.0,4.0,6.0,1.0,"Mulund West, Mumbai",33.0,24.0,27.7,85,11.3,5.3,314,1008.8,1.3
2024-10-30,150.0,123.0,3.0,4.0,6.0,1.0,"Mulund West, Mumbai",33.5,22.9,27.5,81,11.3,5.6,25,1009.7,0.0
2024-10-31,157.0,139.0,3.0,4.0,6.0,1.0,"Mulund West, Mumbai",33.7,23.4,28.1,75,13.0,6.3,337,1010.3,0.3
2024-11-01,165.0,244.0,3.0,4.0,6.0,1.0,"Mulund West, Mumbai",33.1,23.6,27.8,80,11.9,5.3,282,1011.6,0.0
2024-11-02,194.0,95.0,3.0,4.0,6.0,1.0,"Mulund West, Mumbai",34.4,23.2,28.0,73,13.9,6.0,5,1011.9,0.0
2024-11-03,151.0,101.0,3.0,4.0,6.0,1.0,"Mulund West, Mumbai",34.8,21.7,27.8,63,14.3,8.2,34,1011.6,0.0
2024-11-04,155.0,88.0,3.0,4.0,6.0,1.0,"Mulund West, Mumbai",34.5,21.9,27.6,62,15.3,9.1,34,1010.8,0.0
2024-11-05,151.0,87.0,3.0,5.0,6.0,1.0,"Mulund West, Mumbai",34.4,21.5,27.8,63,14.8,8.4,48,1011.4,0.0
2024-11-06,146.0,85.0,3.0,5.0,6.0,1.0,"Mulund West, Mumbai",34.9,21.2,27.7,61,15.3,7.8,15,1012.2,0.0
2024-11-07,139.0,87.0,3.0,5.0,6.0,1.0,"Mulund West, Mumbai",34.5,20.9,27.1,57,13.5,8.7,24,1012.1,0.0
2024-11-08,137.0,127.0,3.0,5.0,6.0,1.0,"Mulund West, Mumbai",34.0,21.1,27.2,62,15.9,10.0,33,1011.8,0.0
2024-11-09,156.0,134.0,3.0,5.0,6.0,1.0,"Mulund West, Mumbai",34.2,20.8,27.1,60,17.5,9.1,37,1011.9,0.0
2024-11-10,161.0,117.0,3.0,5.0,6.0,1.0,"Mulund West, Mumbai",34.0,20.5,26.9,59,14.9,8.9,26,1011.9,0.0
2024-11-11,158.0,127.0,3.0,5.0,6.0,1.0,"Mulund West, Mumbai",33.5,21.3,27.2,50,19.0,10.8,24,1011.8,0.0
2024-11-12,158.0,81.0,3.0,5.0,6.0,1.0,"Mulund West, Mumbai",33.7,21.0,27.2,56,12.5,8.0,42,1011.1,0.0
2024-11-13,130.0,79.0,3.0,5.0,6.0,1.0,"Mulund West, Mumbai",35.5,21.5,27.9,51,9.7,7.1,43,1009.5,0.0
2024-11-14,124.0,83.0,3.0,5.0,6.0,1.0,"Mulund West, Mumbai",36.0,21.0,28.3,49,10.4,7.1,39,1010.4,0.0
2024-11-15,133.0,97.0,3.0,5.0,6.0,1.0,"Mulund West, Mumbai",35.0,23.4,28.5,62,10.1,4.9,17,1011.5,0.8
2024-11-16,152.0,90.0,3.0,5.0,6.0,1.0,"Mulund West, Mumbai",35.5,23.8,28.8,67,11.3,5.2,359,1010.7,0.0
2024-11-17,140.0,104.0,3.0,5.0,6.0,1.0,"Mulund West, Mumbai",36.7,24.3,29.5,59,9.9,6.4,33,1010.2,0.0
2024-11-18,131.0,78.0,3.0,5.0,6.0,1.0,"Mulund West, Mumbai",34.9,22.6,28.4,51,12.8,7.4,35,1011.3,0.0
2024-11-19,122.0,85.0,3.0,5.0,6.0,1.0,"Mulund West, Mumbai",33.8,20.0,26.8,50,11.8,7.5,33,1012.5,0.0
2024-11-20,135.0,89.0,3.0,5.0,6.0,1.0,"Mulund West, Mumbai",33.6,20.4,26.2,50,11.2,6.6,31,1012.1,0.0
2024-11-21,144.0,95.0,3.0,5.0,6.0,1.0,"Mulund West, Mumbai",33.8,19.5,25.9,54,10.4,6.2,21,1011.8,0.0
2024-11-22,149.0,102.0,3.0,5.0,6.0,1.0,"Mulund West, Mumbai",34.0,18.9,25.9,59,10.1,5.8,1,1011.3,0.0
2024-11-23,155.0,106.0,3.0,5.0,6.0,1.0,"Mulund West, Mumbai",33.3,19.4,25.9,60,9.6,5.0,343,1012.2,0.0
2024-11-24,157.0,97.0,3.0,5.0,6.0,1.0,"Mulund West, Mumbai",33.8,19.8,26.4,60,9.8,5.0,23,1012.3,0.0
2024-11-25,148.0,83.0,3.0,5.0,6.0,1.0,"Mulund West, Mumbai",33.0,19.6,25.9,58,12.0,6.5,37,1012.0,0.0
2024-11-26,132.0,80.0,3.0,5.0,6.0,1.0,"Mulund West, Mumbai",32.9,18.9,25.6,46,12.0,7.1,41,1011.9,0.0
2024-11-27,127.0,86.0,7.0,5.0,13.0,1.0,"Mulund West, Mumbai",33.2,18.5,25.4,46,11.1,7.2,33,1011.1,0.0
2024-11-28,141.0,85.0,7.0,5.0,25.0,1.0,"Mulund West, Mumbai",32.8,18.5,25.5,41,12.8,8.5,57,1011.1,0.0
2024-11-29,153.0,89.0,7.0,6.0,25.0,1.0,"Mulund West, Mumbai",32.0,17.9,24.4,46,10.1,6.8,37,1011.3,0.0
2024-11-30,164.0,149.0,7.0,5.0,25.0,1.0,"Mulund West, Mumbai",32.7,18.4,24.6,46,10.4,7.0,26,1009.9,0.0
2024-12-01,220.0,96.0,7.0,5.0,25.0,1.0,"Mulund West, Mumbai",34.0,18.8,25.4,55,11.3,7.0,14,1008.1,0.0
2024-12-02,157.0,85.0,7.0,5.0,25.0,1.0,"Mulund West, Mumbai",34.9,21.7,27.5,57,11.1,7.0,23,1007.5,0.0
2024-12-03,149.0,84.0,7.0,6.0,26.0,1.0,"Mulund West, Mumbai",34.8,24.9,29.0,59,11.9,7.9,34,1008.9,0.4
2024-12-04,145.0,90.0,7.0,6.0,26.0,1.0,"Mulund West, Mumbai",35.4,26.0,29.7,64,8.8,6.2,52,1009.8,0.1
2024-12-05,150.0,102.0,7.0,6.0,26.0,1.0,"Mulund West, Mumbai",35.9,25.2,29.6,66,9.6,5.2,358,1010.7,0.4
2024-12-06,160.0,104.0,7.0,5.0,25.0,1.0,"Mulund West, Mumbai",35.0,24.0,28.8,64,11.2,5.4,331,1010.7,0.0
2024-12-07,150.0,73.0,7.0,5.0,25.0,1.0,"Mulund West, Mumbai",34.0,22.8,27.5,52,12.5,6.7,337,1010.6,0.0
2024-12-08,128.0,75.0,7.0,5.0,25.0,1.0,"Mulund West, Mumbai",31.5,19.0,24.5,53,10.3,6.1,347,1011.3,0.0
2024-12-09,127.0,88.0,7.0,6.0,26.0,1.0,"Mulund West, Mumbai",31.4,18.5,23.9,43,11.9,8.7,8,1011.5,0.0
2024-12-10,131.0,84.0,7.0,6.0,26.0,1.0,"Mulund West, Mumbai",33.2,19.4,25.0,50,8.9,6.5,23,1011.1,0.0
2024-12-11,140.0,88.0,7.0,6.0,25.0,1.0,"Mulund West, Mumbai",34.5,19.8,26.0,58,9.8,6.3,18,1011.5,0.0
2024-12-12,147.0,75.0,7.0,6.0,25.0,1.0,"Mulund West, Mumbai",32.9,18.8,25.1,62,11.6,6.7,1,1011.4,0.0
2024-12-13,133.0,87.0,7.0,6.0,25.0,1.0,"Mulund West, Mumbai",32.7,20.1,25.6,50,10.6,7.8,44,1011.8,0.0
2024-12-14,162.0,99.0,7.0,6.0,25.0,1.0,"Mulund West, Mumbai",33.4,19.0,25.4,45,10.1,7.8,51,1012.7,0.0
2024-12-15,143.0,90.0,7.0,6.0,25.0,1.0,"Mulund West, Mumbai",34.5,17.5,25.1,44,9.6,6.6,38,1013.6,0.0
2024-12-16,144.0,105.0,7.0,6.0,25.0,1.0,"Mulund West, Mumbai",33.8,16.0,24.2,47,10.1,5.8,13,1012.6,0.0
2024-12-17,153.0,117.0,7.0,7.0,25.0,1.0,"Mulund West, Mumbai",33.0,15.6,23.4,56,10.1,4.4,351,1011.4,0.0
2024-12-18,156.0,124.0,7.0,6.0,25.0,1.0,"Mulund West, Mumbai",33.7,16.6,23.7,62,8.8,5.1,1,1010.7,0.0
2024-12-19,158.0,158.0,7.0,6.0,25.0,1.0,"Mulund West, Mumbai",31.6,16.4,23.0,73,9.0,4.2,322,1010.7,0.0
2024-12-20,157.0,110.0,7.0,6.0,25.0,1.0,"Mulund West, Mumbai",30.0,17.6,22.8,74,11.5,4.6,313,1010.9,0.0
2024-12-21,135.0,90.0,7.0,5.0,25.0,1.0,"Mulund West, Mumbai",29.8,17.6,23.2,77,10.0,3.6,276,1011.2,0.0
2024-12-22,117.0,98.0,7.0,5.0,25.0,1.0,"Mulund West, Mumbai",29.1,19.5,23.7,79,11.4,5.5,300,1011.8,0.0
2024-12-23,106.0,93.0,7.0,5.0,25.0,1.0,"Mulund West, Mumbai",28.3,19.8,23.6,73,12.2,6.0,316,1012.1,0.0
2024-12-24,144.0,95.0,7.0,5.0,26.0,1.0,"Mulund West, Mumbai",30.4,19.2,23.9,62,13.1,6.2,327,1012.2,0.0
2024-12-25,139.0,105.0,7.0,5.0,26.0,1.0,"Mulund West, Mumbai",30.5,19.0,24.0,63,11.7,6.2,326,1013.0,0.0
2024-12-26,152.0,87.0,7.0,5.0,25.0,1.0,"Mulund West, Mumbai",31.5,20.6,25.2,68,10.6,5.2,312,1014.5,0.0
2024-12-27,133.0,98.0,7.0,5.0,25.0,1.0,"Mulund West, Mumbai",30.0,20.2,24.7,70,12.4,5.9,315,1014.8,0.0
2024-12-28,155.0,84.0,7.0,5.0,25.0,1.0,"Mulund West, Mumbai",31.4,20.8,25.2,71,9.3,4.9,343,1014.9,0.3
2024-12-29,135.0,80.66666667,7.0,5.0,25.33333333,1.0,"Mulund West, Mumbai",32.6,21.2,26.1,67,10.1,6.3,350,1014.6,0.0
2024-12-31,115.0,74.0,7.0,5.0,26.0,1.0,"Mulund West, Mumbai",35.1,21.7,27.4,60,11.2,6.4,358,1014.7,0.0
2025-01-01,105.0,79.0,7.0,5.0,25.0,1.0,"Mulund West, Mumbai",34.2,21.2,27.0,60,11.7,6.9,7,1013.6,0.0
2025-01-02,119.0,92.0,7.0,5.0,25.0,1.0,"Mulund West, Mumbai",34.8,20.1,26.6,59,11.5,6.5,11,1013.5,0.0
2025-01-03,111.0,58.0,7.0,5.0,25.0,1.0,"Mulund West, Mumbai",35.2,19.6,26.2,54,9.9,6.3,19,1013.4,0.0
2025-01-04,85.0,102.0,7.0,5.0,25.0,1.0,"Mulund West, Mumbai",34.8,17.2,24.7,52,10.8,5.5,4,1012.3,0.0
2025-01-05,141.0,73.0,7.0,5.0,25.0,1.0,"Mulund West, Mumbai",31.5,18.5,24.0,61,10.0,5.0,318,1012.2,0.0
2025-01-06,112.0,82.0,7.0,5.0,25.0,1.0,"Mulund West, Mumbai",31.7,18.2,23.9,57,10.7,7.8,342,1012.6,0.0
2025-01-07,123.0,106.0,7.0,5.0,25.0,1.0,"Mulund West, Mumbai",33.0,16.6,24.4,52,13.6,6.0,16,1012.2,0.0
2025-01-08,137.0,130.0,7.0,5.0,25.0,1.0,"Mulund West, Mumbai",32.6,19.0,25.3,54,11.5,7.7,20,1011.8,0.0
2025-01-09,232.0,87.0,7.0,5.0,25.0,1.0,"Mulund West, Mumbai",33.2,18.5,25.0,50,10.8,6.7,22,1012.3,0.0
2025-01-10,143.0,90.0,7.0,6.0,25.0,1.0,"Mulund West, Mumbai",32.2,17.6,24.2,58,9.0,4.9,1,1013.6,0.0
2025-01-11,142.0,82.0,7.0,5.0,25.0,1.0,"Mulund West, Mumbai",30.3,18.6,23.8,64,12.4,6.4,330,1014.0,0.0
2025-01-12,128.0,89.0,7.0,5.0,25.0,1.0,"Mulund West, Mumbai",31.7,19.1,24.3,60,13.1,7.3,345,1013.8,0.0
2025-01-13,133.0,89.0,7.0,5.0,25.0,1.0,"Mulund West, Mumbai",34.9,21.2,26.4,55,12.6,7.9,31,1011.8,0.0
2025-01-14,143.0,101.0,7.0,5.0,25.0,1.0,"Mulund West, Mumbai",34.8,20.8,26.0,59,10.3,6.3,33,1012.1,0.0
2025-01-15,153.0,87.0,7.0,5.0,25.0,1.0,"Mulund West, Mumbai",31.5,20.5,24.9,70,13.3,5.3,314,1013.5,0.0
2025-01-16,151.0,87.0,7.0,5.0,25.0,1.0,"Mulund West, Mumbai",32.2,19.0,24.9,65,13.3,7.3,339,1014.0,0.0
2025-01-17,134.0,81.0,7.0,5.0,25.0,1.0,"Mulund West, Mumbai",35.2,22.0,26.9,58,13.6,7.6,21,1012.1,0.0
2025-01-18,122.0,79.0,7.0,5.0,25.0,1.0,"Mulund West, Mumbai",34.8,20.2,26.7,49,10.5,6.9,36,1011.7,0.0
2025-01-19,130.0,88.0,7.0,5.0,25.0,1.0,"Mulund West, Mumbai",35.2,19.0,26.1,49,11.9,6.1,4,1012.6,0.0
2025-01-20,137.0,99.0,7.0,5.0,25.0,1.0,"Mulund West, Mumbai",35.4,19.5,26.5,47,12.0,5.9,355,1012.0,0.0
2025-01-21,148.0,101.0,7.0,6.0,25.0,1.0,"Mulund West, Mumbai",33.9,18.9,26.0,51,11.1,5.2,337,1010.9,0.0
2025-01-22,151.0,82.0,7.0,5.0,25.0,1.0,"Mulund West, Mumbai",34.0,19.0,25.8,54,11.9,5.8,329,1010.6,0.0
2025-01-23,130.0,92.0,7.0,6.0,25.0,1.0,"Mulund West, Mumbai",32.9,20.3,25.9,48,12.1,8.6,340,1010.9,0.0
2025-01-24,123.0,106.0,7.0,6.0,25.0,1.0,"Mulund West, Mumbai",34.0,18.8,26.1,51,9.2,5.3,335,1009.9,0.0
2025-01-25,151.0,83.0,7.0,6.0,25.0,1.0,"Mulund West, Mumbai",35.5,21.0,27.1,57,10.0,5.6,327,1010.7,0.0
2025-01-26,127.0,103.0,7.0,6.0,25.0,1.0,"Mulund West, Mumbai",36.4,20.4,27.4,57,11.6,5.5,338,1010.6,0.0
2025-01-27,155.0,86.0,7.0,6.0,25.0,1.0,"Mulund West, Mumbai",35.7,20.0,27.1,54,12.0,5.5,327,1009.9,0.0
2025-01-28,115.0,74.0,7.0,5.0,25.0,1.0,"Mulund West, Mumbai",33.2,18.9,25.6,56,9.0,4.4,298,1010.2,0.0
2025-01-29,103.0,102.0,7.0,6.0,25.0,1.0,"Mulund West, Mumbai",33.5,18.2,24.8,61,11.2,5.6,318,1012.0,0.0
2025-01-30,133.0,107.0,7.0,5.0,26.0,1.0,"Mulund West, Mumbai",34.3,17.9,25.5,54,8.8,4.7,305,1010.8,0.0
2025-01-31,125.0,95.0,7.0,6.0,26.0,1.0,"Mulund West, Mumbai",32.4,18.6,24.6,56,11.3,6.0,313,1010.7,0.0
2025-02-01,94.0,108.0,7.0,6.0,27.0,1.0,"Mulund West, Mumbai",31.4,17.9,23.7,60,12.5,6.4,327,1011.7,0.0
2025-02-02,113.0,121.0,7.0,6.0,28.0,1.0,"Mulund West, Mumbai",33.8,18.4,25.2,45,12.0,6.0,323,1011.5,0.0
2025-02-03,132.0,72.0,7.0,8.0,27.0,1.0,"Mulund West, Mumbai",31.5,19.0,24.8,52,14.8,6.4,308,1011.9,0.0
2025-02-04,92.0,67.0,7.0,7.0,27.0,1.0,"Mulund West, Mumbai",32.5,18.6,24.8,52,12.2,6.9,321,1012.9,0.0
2025-02-05,81.0,98.0,7.0,7.0,27.0,1.0,"Mulund West, Mumbai",34.1,19.5,25.6,37,14.1,8.9,342,1011.8,0.0
2025-02-06,125.0,98.0,7.0,6.0,27.0,1.0,"Mulund West, Mumbai",35.3,17.9,26.0,44,10.6,5.1,332,1010.6,0.0
2025-02-07,140.0,92.0,7.0,6.0,27.0,1.0,"Mulund West, Mumbai",37.0,21.1,27.5,55,11.3,5.1,330,1011.6,0.0
2025-02-08,132.0,76.0,7.0,6.0,27.0,1.0,"Mulund West, Mumbai",36.1,20.4,27.6,55,11.2,5.1,334,1011.7,0.0
2025-02-09,108.0,68.0,7.0,6.0,27.0,1.0,"Mulund West, Mumbai",36.5,20.6,28.0,46,13.1,6.3,321,1011.1,0.0
2025-02-10,90.0,73.0,7.0,6.0,27.0,1.0,"Mulund West, Mumbai",36.3,21.1,27.7,42,13.9,7.7,323,1012.5,0.0
2025-02-11,100.0,72.0,7.0,6.0,27.0,1.0,"Mulund West, Mumbai",35.5,19.5,26.5,46,13.5,6.7,324,1013.3,0.0
2025-02-12,102.0,74.0,7.0,6.0,27.0,1.0,"Mulund West, Mumbai",35.8,18.0,26.4,45,10.1,7.3,347,1013.3,0.0
2025-02-13,94.0,81.0,7.0,6.0,27.0,1.0,"Mulund West, Mumbai",37.8,19.4,27.9,38,12.3,7.8,358,1012.4,0.0
2025-02-14,114.0,66.0,7.0,6.0,27.0,1.0,"Mulund West, Mumbai",37.8,20.9,29.1,33,14.7,8.7,0,1012.0,0.0
2025-02-15,79.0,71.0,7.0,6.0,27.0,1.0,"Mulund West, Mumbai",38.2,19.7,29.0,31,15.4,7.4,355,1011.2,0.0
2025-02-16,89.0,66.0,7.0,6.0,27.0,1.0,"Mulund West, Mumbai",37.5,18.8,27.4,35,13.9,6.7,335,1011.8,0.0
2025-02-17,81.0,75.0,7.0,6.0,27.0,1.0,"Mulund West, Mumbai",37.3,18.8,27.3,45,14.0,6.9,337,1012.5,0.0
2025-02-18,101.0,69.0,7.0,6.0,27.0,1.0,"Mulund West, Mumbai",37.8,21.0,28.4,37,15.5,7.6,341,1012.3,0.0
2025-02-19,90.0,72.0,7.0,6.0,27.0,1.0,"Mulund West, Mumbai",36.0,20.6,28.2,37,14.3,7.7,339,1011.4,0.0
2025-02-20,102.0,69.0,7.0,6.0,27.0,1.0,"Mulund West, Mumbai",37.2,20.0,28.7,37,14.2,8.6,349,1011.7,0.0
2025-02-21,84.0,72.0,7.0,6.0,27.0,1.0,"Mulund West, Mumbai",38.8,23.6,30.6,30,14.3,9.8,11,1012.8,0.0
2025-02-22,78.0,76.0,7.0,6.0,27.0,1.0,"Mulund West, Mumbai",38.3,22.4,29.6,34,13.7,8.1,342,1013.2,0.0
2025-02-23,93.0,73.0,7.0,6.0,26.0,1.0,"Mulund West, Mumbai",39.0,21.6,30.0,32,12.8,7.9,348,1013.3,0.0
2025-02-24,84.0,77.0,7.0,6.0,26.0,1.0,"Mulund West, Mumbai",39.3,22.6,30.1,31,13.8,7.7,0,1013.2,0.0
2025-02-25,90.0,79.0,7.0,6.0,26.0,1.0,"Mulund West, Mumbai",39.9,23.2,30.0,33,14.9,6.6,8,1013.8,0.0
2025-02-26,110.0,77.0,7.0,7.0,26.0,1.0,"Mulund West, Mumbai",39.9,21.6,29.3,44,13.6,4.8,335,1014.1,0.0
2025-02-27,114.0,79.0,7.0,6.0,26.0,1.0,"Mulund West, Mumbai",38.3,22.0,29.3,46,14.0,5.8,288,1012.8,0.0
2025-02-28,116.0,76.0,7.0,6.0,26.0,1.0,"Mulund West, Mumbai",36.7,22.4,29.4,46,12.2,6.0,318,1011.5,0.0
2025-03-01,99.0,65.0,7.0,5.0,26.0,1.0,"Mulund West, Mumbai",37.0,23.0,29.7,36,13.2,7.1,318,1010.9,0.0
2025-03-02,77.0,85.0,7.0,6.0,26.0,1.0,"Mulund West, Mumbai",38.8,22.9,29.8,33,14.1,8.6,338,1010.3,0.0
2025-03-03,99.0,78.0,7.0,6.0,27.0,1.0,"Mulund West, Mumbai",39.2,22.5,30.2,36,15.0,8.6,342,1010.5,0.0
2025-03-04,83.0,75.0,7.0,6.0,26.0,1.0,"Mulund West, Mumbai",38.5,23.1,30.2,35,15.9,10.4,352,1011.1,0.0
2025-03-05,71.0,68.0,7.0,6.0,26.0,1.0,"Mulund West, Mumbai",39.5,23.0,30.4,27,13.7,9.2,352,1010.8,0.0
2025-03-06,78.0,93.0,3.96875,6.0,26.0,5.0,"Mulund West, Mumbai",38.0,20.1,28.9,24,14.5,7.9,349,1011.5,0.0
2025-03-07,113.0,88.0,3.96875,7.0,26.0,5.0,"Mulund West, Mumbai",39.8,21.5,29.6,24,14.2,7.4,352,1009.8,0.0
2025-03-08,119.0,83.0,3.96875,7.0,26.0,5.0,"Mulund West, Mumbai",39.1,20.4,29.0,33,15.1,7.5,324,1008.4,0.0
2025-03-09,112.0,91.0,3.96875,7.0,26.0,5.0,"Mulund West, Mumbai",39.8,20.7,29.1,45,15.6,5.3,324,1008.5,0.0
2025-03-10,133.0,90.0,3.96875,7.0,26.0,5.0,"Mulund West, Mumbai",42.2,22.8,31.2,34,14.6,5.9,319,1009.8,0.0
2025-03-11,128.0,82.0,3.96875,6.0,26.0,5.0,"Mulund West, Mumbai",40.6,24.5,31.1,42,15.3,5.4,287,1010.9,0.0
2025-03-12,128.0,86.0,3.96875,6.0,26.0,5.0,"Mulund West, Mumbai",40.4,23.3,30.7,48,13.6,5.3,299,1009.8,0.0
2025-03-13,119.0,90.5,3.96875,6.0,26.0,5.0,"Mulund West, Mumbai",37.7,23.1,30.0,57,12.7,6.2,301,1009.2,0.0
2025-03-14,117.25,98.33333333,3.96875,6.0,26.0,5.0,"Mulund West, Mumbai",37.5,23.0,29.9,54,14.4,5.9,306,1009.7,0.0
2025-03-15,115.5,106.1666667,3.96875,6.0,26.0,5.0,"Mulund West, Mumbai",38.5,22.6,29.6,51,14.5,7.2,324,1010.4,0.0
2025-03-16,113.75,114.0,3.96875,5.0,26.0,5.0,"Mulund West, Mumbai",36.3,23.4,29.5,49,13.0,7.2,321,1010.9,0.0
2025-03-17,112.0,61.0,3.96875,5.0,26.0,5.0,"Mulund West, Mumbai",36.8,23.1,29.1,54,14.6,7.3,322,1010.9,0.0
2025-03-18,78.0,71.0,3.96875,5.0,26.0,5.0,"Mulund West, Mumbai",36.6,21.4,28.2,61,13.5,5.5,311,1010.3,0.0
2025-03-19,86.0,56.0,3.96875,5.0,26.0,5.0,"Mulund West, Mumbai",35.3,21.8,27.9,61,13.1,6.0,309,1011.5,0.0
2025-03-20,70.0,52.0,3.96875,5.0,26.0,5.0,"Mulund West, Mumbai",37.3,21.5,29.1,44,16.6,7.9,333,1012.9,0.0
2025-03-21,62.0,60.0,3.96875,5.0,26.0,5.0,"Mulund West, Mumbai",35.2,23.0,28.0,58,15.3,7.5,316,1013.5,0.0
2025-03-22,58.0,182.0,3.96875,5.0,26.0,5.0,"Mulund West, Mumbai",36.2,20.6,27.5,64,16.3,5.8,326,1012.4,0.0
2025-03-23,82.0,66.0,3.96875,5.0,26.0,5.0,"Mulund West, Mumbai",38.2,21.7,28.8,63,13.8,4.6,276,1011.8,0.0
2025-03-24,102.0,135.0,3.96875,6.0,26.0,5.0,"Mulund West, Mumbai",37.4,23.4,28.9,70,16.8,5.2,285,1011.7,0.0
2025-03-25,97.0,54.0,3.96875,5.0,26.0,5.0,"Mulund West, Mumbai",36.0,22.6,28.8,64,15.4,6.6,301,1009.1,0.0
2025-03-26,65.0,41.0,3.96875,5.0,26.0,5.0,"Mulund West, Mumbai",34.2,22.4,27.9,71,14.1,6.2,286,1008.5,0.0
2025-03-27,48.0,66.0,3.96875,5.0,26.0,5.0,"Mulund West, Mumbai",33.0,22.7,27.2,74,15.0,6.3,302,1009.7,0.0
2025-03-28,69.0,102.0,3.96875,6.0,26.0,5.0,"Mulund West, Mumbai",36.0,22.2,29.0,60,14.6,7.3,328,1008.4,0.0
2025-03-29,93.0,138.0,3.96875,6.0,26.0,5.0,"Mulund West, Mumbai",39.8,24.1,31.7,26,14.3,7.0,316,1006.8,0.0
2025-03-30,111.0,164.0,3.96875,6.0,26.0,5.0,"Mulund West, Mumbai",41.3,24.9,32.4,32,16.5,6.4,311,1007.2,0.0
2025-03-31,87.0,76.0,3.96875,5.0,26.0,5.0,"Mulund West, Mumbai",40.1,24.4,32.0,41,15.2,6.2,304,1007.5,0.0
2025-04-01,90.0,93.0,4.0,6.0,27.0,4.0,"Mulund West, Mumbai",41.3,25.3,32.3,42,14.1,6.0,328,1006.9,0.0
2025-04-02,112.0,90.85714286,4.0,5.925925926,26.85714286,4.0,"Mulund West, Mumbai",40.3,26.8,32.7,38,15.0,6.0,244,1007.3,0.0
2025-04-08,80.28571429,78.0,4.0,5.481481481,26.0,4.0,"Mulund West, Mumbai",40.9,23.4,31.5,49,17.7,6.2,313,1008.8,0.0
2025-04-09,75.0,48.0,4.0,5.407407407,26.0,4.0,"Mulund West, Mumbai",38.0,23.9,30.9,55,13.6,5.6,274,1008.4,0.0
2025-04-10,64.0,52.0,4.0,5.703703704,26.0,4.0,"Mulund West, Mumbai",35.8,25.1,29.5,73,11.4,6.9,209,1007.2,0.0
2025-04-11,56.0,41.0,4.0,5.703703704,26.0,4.0,"Mulund West, Mumbai",35.7,24.1,29.4,69,12.5,7.1,218,1007.1,0.0
2025-04-12,54.0,55.0,4.0,5.703703704,26.0,4.0,"Mulund West, Mumbai",34.2,24.5,29.0,74,13.9,7.0,229,1008.9,0.0
2025-04-13,57.0,44.0,4.0,5.703703704,26.0,4.0,"Mulund West, Mumbai",35.2,24.5,29.2,74,13.6,6.0,306,1010.1,0.0
2025-04-14,64.0,47.0,4.0,5.703703704,26.0,4.0,"Mulund West, Mumbai",39.7,23.2,30.6,61,16.6,8.4,332,1008.7,0.0
2025-04-15,62.0,57.0,4.0,5.703703704,25.0,4.0,"Mulund West, Mumbai",37.9,23.5,30.3,62,15.8,6.4,309,1008.0,0.0
2025-04-16,57.0,36.0,4.0,5.703703704,25.0,4.0,"Mulund West, Mumbai",35.5,24.4,29.5,72,13.0,5.8,273,1008.1,0.0
2025-04-17,52.0,53.0,4.0,5.703703704,26.0,4.0,"Mulund West, Mumbai",34.9,24.9,29.3,75,14.3,6.5,255,1008.0,0.0
2025-04-18,47.0,25.0,4.0,5.703703704,26.0,4.0,"Mulund West, Mumbai",34.5,25.1,29.3,73,12.7,6.0,258,1007.5,0.0
2025-04-19,42.0,30.0,4.0,5.703703704,25.83333333,4.0,"Mulund West, Mumbai",35.2,24.4,29.5,74,13.8,7.1,253,1007.9,0.0
2025-04-24,52.0,55.0,4.0,5.703703704,25.0,4.0,"Mulund West, Mumbai",36.0,25.0,30.1,71,12.9,6.5,253,1007.4,0.0
2025-04-25,54.0,56.0,4.0,5.703703704,26.0,4.0,"Mulund West, Mumbai",36.0,25.0,30.1,68,13.2,6.3,278,1007.9,0.0
2025-04-26,53.0,58.0,4.0,5.703703704,25.5,4.0,"Mulund West, Mumbai",36.1,25.0,29.9,69,13.4,5.6,272,1007.7,0.0
2025-04-27,56.0,60.0,4.0,5.703703704,25.0,4.0,"Mulund West, Mumbai",36.7,25.0,30.0,70,14.5,6.1,287,1008.0,0.0
2025-04-28,59.0,54.0,4.0,4.0,26.0,4.0,"Mulund West, Mumbai",35.4,25.0,29.7,74,14.2,6.5,249,1007.2,0.0
2025-04-29,57.0,59.0,4.0,4.0,24.0,4.0,"Mulund West, Mumbai",34.8,25.3,29.8,74,13.1,6.6,238,1006.7,0.0
2025-04-30,90.0,41.0,4.0,4.0,25.0,4.0,"Mulund West, Mumbai",35.5,25.1,30.1,73,13.8,6.6,262,1007.7,0.0
2025-05-01,52.0,43.0,6.0,4.0,26.0,3.0,"Mulund West, Mumbai",36.0,25.2,30.3,71,15.8,5.6,274,1008.2,0.0
2025-05-02,50.0,102.0,6.0,3.0,25.0,3.0,"Mulund West, Mumbai",37.6,24.8,30.7,64,12.8,5.8,280,1008.2,0.0
2025-05-03,65.0,39.0,6.0,4.0,26.0,3.0,"Mulund West, Mumbai",35.7,24.4,30.1,66,13.9,6.9,251,1008.1,0.0
2025-05-04,47.0,46.0,6.0,4.0,26.0,3.0,"Mulund West, Mumbai",34.3,25.2,30.0,69,14.4,7.3,249,1007.8,0.0
2025-05-05,54.0,44.0,6.0,4.0,26.0,3.0,"Mulund West, Mumbai",35.8,26.8,30.7,67,12.4,6.8,244,1007.3,0.0
2025-05-06,51.0,14.0,6.0,4.0,26.0,3.0,"Mulund West, Mumbai",34.8,22.2,29.1,71,15.4,7.4,238,1008.3,6.2
2025-05-07,39.0,36.0,6.0,4.0,26.0,3.0,"Mulund West, Mumbai",33.8,24.6,28.2,73,16.1,7.8,218,1007.5,1.3
2025-05-08,69.0,36.0,6.0,4.0,26.0,3.0,"Mulund West, Mumbai",30.8,22.4,26.4,83,12.2,7.1,206,1007.4,5.9
2025-05-09,36.0,36.0,6.0,4.0,26.0,3.0,"Mulund West, Mumbai",29.9,24.2,27.0,83,13.0,7.1,197,1008.3,3.0
2025-05-10,35.0,33.0,6.0,4.0,26.0,3.0,"Mulund West, Mumbai",32.5,23.9,28.1,80,10.3,5.5,242,1008.2,0.4
2025-05-11,44.0,38.0,6.0,4.0,26.0,3.0,"Mulund West, Mumbai",35.2,24.9,29.4,75,10.5,4.6,252,1007.5,3.2
2025-05-12,51.0,54.0,6.0,4.0,26.0,3.0,"Mulund West, Mumbai",35.6,26.5,30.5,70,11.5,5.2,259,1006.5,1.1
2025-05-13,89.0,155.0,6.0,4.0,26.0,3.0,"Mulund West, Mumbai",35.2,26.4,30.1,75,11.1,4.6,296,1006.6,3.3
2025-05-14,150.0,72.0,6.0,4.0,26.0,3.0,"Mulund West, Mumbai",34.3,24.1,29.5,77,10.3,4.9,298,1007.1,5.6
2025-05-15,127.0,64.0,6.0,4.0,26.0,3.0,"Mulund West, Mumbai",35.5,27.0,30.3,73,11.5,5.0,288,1007.1,3.9
2025-05-16,72.0,63.0,6.0,4.0,26.0,3.0,"Mulund West, Mumbai",35.5,27.8,31.0,67,13.8,6.1,244,1006.9,1.0
2025-05-17,128.0,102.0,6.0,4.0,26.0,3.0,"Mulund West, Mumbai",33.3,27.6,30.3,72,11.1,5.9,236,1006.5,0.9
2025-05-18,68.0,141.0,6.0,4.0,26.0,3.0,"Mulund West, Mumbai",35.8,27.0,30.9,68,13.3,5.4,264,1005.8,0.0
2025-05-19,113.3333333,180.0,6.0,4.0,26.0,3.0,"Mulund West, Mumbai",34.3,27.0,30.3,71,14.1,5.4,302,1004.8,0.1
2025-05-20,158.6666667,219.0,6.0,4.0,26.0,3.0,"Mulund West, Mumbai",35.2,27.2,30.0,79,10.6,4.4,330,1004.1,6.8
2025-05-21,204.0,34.0,6.0,4.0,26.0,3.0,"Mulund West, Mumbai",32.2,26.0,28.8,85,7.5,3.5,263,1003.3,2.7
2025-05-22,76.0,61.0,6.0,4.0,26.0,3.0,"Mulund West, Mumbai",33.2,25.2,28.8,81,14.8,5.3,319,1002.0,3.2
2025-05-23,156.0,63.0,6.0,4.0,25.0,3.0,"Mulund West, Mumbai",35.0,25.6,29.1,81,7.6,3.6,21,999.6,0.9
2025-05-24,129.0,49.0,6.0,4.0,26.0,3.0,"Mulund West, Mumbai",34.2,25.6,29.2,79,9.2,4.5,352,999.3,5.5
2025-05-25,92.0,28.0,6.0,4.0,26.0,3.0,"Mulund West, Mumbai",28.5,23.7,25.9,94,9.9,4.0,240,1001.8,21.1
2025-05-26,69.0,31.0,6.0,4.0,26.0,3.0,"Mulund West, Mumbai",26.9,24.0,25.4,97,13.3,7.5,59,1002.1,55.5
2025-05-27,84.0,45.0,6.0,4.0,26.0,3.0,"Mulund West, Mumbai",30.4,24.5,26.7,91,12.8,5.3,171,1001.9,6.1
2025-05-28,62.0,67.0,6.0,4.0,26.0,3.0,"Mulund West, Mumbai",28.7,24.6,26.6,91,12.6,7.2,193,1002.3,7.7
2025-05-29,95.0,68.0,6.0,4.0,26.0,3.0,"Mulund West, Mumbai",32.3,26.0,28.7,86,15.5,8.5,240,1000.8,2.9
2025-05-30,109.0,113.0,6.0,3.0,25.0,3.0,"Mulund West, Mumbai",31.9,27.6,29.5,79,15.8,10.8,247,1002.0,0.8
2025-05-31,110.0,43.0,6.0,4.0,26.0,3.0,"Mulund West, Mumbai",31.5,26.8,29.0,81,16.8,10.3,229,1005.4,2.8
2025-06-01,69.0,63.0,3.0,4.0,26.0,5.0,"Mulund West, Mumbai",29.9,25.0,27.0,87,16.1,10.4,191,1006.0,6.3
2025-06-02,77.0,46.0,3.0,4.0,26.0,5.0,"Mulund West, Mumbai",31.4,24.8,27.6,84,17.0,11.7,202,1004.9,3.7
2025-06-03,74.0,35.0,3.0,4.0,26.0,5.0,"Mulund West, Mumbai",30.6,24.5,27.0,86,17.1,11.3,199,1005.3,10.1
2025-06-04,70.0,60.0,3.0,4.0,25.0,5.0,"Mulund West, Mumbai",30.5,23.4,26.8,85,10.8,7.3,180,1006.5,5.0
2025-06-05,107.0,77.0,3.0,4.0,25.0,5.0,"Mulund West, Mumbai",31.7,24.0,27.7,81,9.6,3.9,219,1008.5,1.4
2025-06-06,122.0,51.0,3.0,4.0,26.0,5.0,"Mulund West, Mumbai",31.8,25.2,28.2,85,8.8,4.3,257,1009.3,2.1
2025-06-07,102.0,58.0,3.0,4.0,26.0,5.0,"Mulund West, Mumbai",31.1,24.8,27.6,88,8.8,4.8,232,1009.5,13.5
2025-06-08,96.0,63.0,3.0,4.0,26.0,5.0,"Mulund West, Mumbai",31.0,25.5,28.2,85,12.2,5.7,264,1008.8,3.6
2025-06-09,80.0,51.0,3.0,4.0,26.0,5.0,"Mulund West, Mumbai",31.4,25.7,28.7,81,16.5,7.1,287,1007.8,0.5
2025-06-10,71.0,36.0,3.0,4.0,26.0,5.0,"Mulund West, Mumbai",31.5,26.1,28.7,82,15.8,6.9,288,1005.7,0.5
2025-06-11,60.0,31.0,3.0,4.0,26.0,5.0,"Mulund West, Mumbai",32.7,26.8,29.6,79,15.5,7.5,295,1004.1,0.5
2025-06-12,55.0,71.0,3.0,4.0,25.0,5.0,"Mulund West, Mumbai",32.5,28.1,29.8,79,19.8,10.9,305,1002.3,3.4
2025-06-13,102.0,40.0,3.0,4.0,25.0,5.0,"Mulund West, Mumbai",31.7,25.4,28.2,87,13.8,7.1,333,1001.7,39.4
2025-06-14,74.0,24.0,3.0,4.0,25.5,5.0,"Mulund West, Mumbai",31.7,25.0,27.4,90,10.0,4.7,2,1000.4,66.5
2025-06-15,66.0,15.0,3.0,4.0,26.0,5.0,"Mulund West, Mumbai",30.2,24.6,26.3,95,11.4,5.3,171,997.9,55.8
2025-06-16,53.0,59.0,3.0,4.0,25.0,5.0,"Mulund West, Mumbai",26.5,24.9,25.7,95,20.2,14.1,240,998.6,91.4
2025-06-17,76.0,20.0,3.0,4.0,25.0,5.0,"Mulund West, Mumbai",29.6,25.0,27.2,87,20.1,14.0,210,1001.6,12.9
2025-06-18,59.0,32.0,3.0,4.0,25.0,5.0,"Mulund West, Mumbai",28.3,25.2,26.6,92,20.2,14.6,241,1002.5,74.7
2025-06-19,62.0,42.0,3.0,4.0,25.0,5.0,"Mulund West, Mumbai",27.6,23.5,25.6,95,16.0,11.2,237,1003.4,50.1
2025-06-20,63.0,49.0,3.0,4.0,25.0,5.0,"Mulund West, Mumbai",30.2,24.6,27.2,86,17.5,11.7,221,1004.8,11.0
2025-06-21,63.0,49.5,3.0,4.5,25.0,5.0,"Mulund West, Mumbai",30.0,24.5,27.2,87,17.0,10.8,217,1005.3,12.6
2025-06-22,69.0,50.0,3.0,5.0,25.0,5.0,"Mulund West, Mumbai",29.5,24.7,26.9,87,18.8,11.0,217,1004.4,12.6
2025-06-23,75.0,20.0,3.0,4.0,25.0,5.0,"Mulund West, Mumbai",28.1,24.9,26.3,90,21.2,13.2,234,1002.9,33.6
2025-06-24,68.0,72.0,3.0,4.0,25.0,5.0,"Mulund West, Mumbai",28.7,24.9,26.5,90,18.2,10.9,233,1001.9,25.6
2025-06-25,82.0,49.0,3.0,4.0,25.0,5.0,"Mulund West, Mumbai",30.1,25.3,27.7,84,18.9,13.4,239,1001.4,8.0
2025-06-26,75.0,56.0,3.0,4.0,25.0,5.0,"Mulund West, Mumbai",28.5,24.7,26.1,91,15.2,9.7,213,1001.8,22.1
2025-06-27,77.0,63.0,3.0,4.0,25.0,5.0,"Mulund West, Mumbai",29.2,24.2,26.7,86,18.9,12.7,213,1002.5,12.9
2025-06-28,83.0,55.0,3.0,4.0,25.0,5.0,"Mulund West, Mumbai",29.8,24.9,26.8,84,21.2,14.3,219,1003.9,19.1
2025-06-29,72.0,61.0,3.0,4.0,25.0,5.0,"Mulund West, Mumbai",28.9,24.8,26.6,87,15.0,11.2,218,1004.1,11.4
2025-06-30,76.0,57.0,3.0,4.0,25.0,5.0,"Mulund West, Mumbai",29.0,24.0,26.3,87,20.0,12.5,233,1003.9,19.8
2025-07-01,68.0,37.0,3.0,4.0,25.0,5.0,"Mulund West, Mumbai",29.0,24.0,26.4,89,16.9,9.8,235,1004.2,25.8
2025-07-02,64.0,40.0,3.0,4.0,25.0,5.0,"Mulund West, Mumbai",28.8,24.3,26.0,91,16.2,10.8,241,1003.5,40.4
2025-07-03,63.0,40.0,3.0,4.0,25.0,5.0,"Mulund West, Mumbai",28.5,24.1,26.0,89,18.0,12.1,223,1003.6,16.6
2025-07-04,69.0,44.0,3.0,4.0,25.0,5.0,"Mulund West, Mumbai",28.4,24.7,26.4,87,19.4,13.3,223,1004.5,20.8
2025-07-05,72.0,44.0,3.0,4.0,25.0,5.0,"Mulund West, Mumbai",28.0,24.5,26.2,89,17.3,12.8,233,1004.3,24.6
2025-07-06,68.0,49.0,3.0,4.0,25.0,5.0,"Mulund West, Mumbai",27.0,24.6,25.8,91,19.0,12.7,233,1003.7,33.7
2025-07-07,71.0,45.0,3.0,4.0,25.0,5.0,"Mulund West, Mumbai",28.6,24.7,26.5,87,14.6,10.8,234,1004.1,7.1
2025-07-08,64.0,57.0,3.0,4.0,25.0,5.0,"Mulund West, Mumbai",29.0,25.6,27.1,85,17.5,11.6,239,1004.7,4.3
2025-07-09,79.0,61.0,3.0,4.0,25.0,5.0,"Mulund West, Mumbai",28.5,25.3,26.1,89,13.0,7.8,236,1005.1,21.2
2025-07-10,73.0,44.0,3.0,4.0,25.0,5.0,"Mulund West, Mumbai",29.5,24.1,26.6,88,13.0,7.4,210,1005.3,7.0
2025-07-11,71.0,45.0,3.0,4.0,25.0,5.0,"Mulund West, Mumbai",28.3,24.5,26.3,89,9.9,6.5,224,1005.4,16.8
2025-07-12,67.0,30.0,3.0,4.0,25.0,5.0,"Mulund West, Mumbai",29.8,24.2,26.8,87,14.0,7.7,237,1006.0,4.7
2025-07-13,63.0,20.0,3.0,4.0,25.0,5.0,"Mulund West, Mumbai",28.9,24.5,26.4,88,15.5,8.1,227,1005.7,13.2
2025-07-14,54.0,26.0,3.0,4.0,24.0,5.0,"Mulund West, Mumbai",27.8,24.1,25.7,92,16.9,10.4,232,1004.2,32.5
2025-07-15,65.0,38.0,3.0,4.0,25.0,5.0,"Mulund West, Mumbai",28.3,24.6,26.3,89,12.6,7.9,236,1003.7,16.9
2025-07-16,66.0,47.0,3.0,4.0,24.0,1.0,"Mulund West, Mumbai",29.6,24.6,27.1,88,13.7,7.5,252,1004.0,4.4
2025-07-17,75.0,56.0,3.0,4.0,25.0,1.056603774,"Mulund West, Mumbai",30.0,24.9,27.3,86,9.6,5.6,235,1004.8,4.4
2025-07-18,72.0,110.0,3.0,4.0,25.0,1.113207547,"Mulund West, Mumbai",30.0,25.0,27.3,86,11.3,5.9,243,1005.1,1.9
2025-07-19,117.0,153.0,3.0,4.0,25.0,1.169811321,"Mulund West, Mumbai",29.2,24.5,26.7,88,11.5,7.0,219,1003.0,7.5
2025-07-20,64.0,196.0,3.0,4.0,25.0,5.0,"Mulund West, Mumbai",28.5,24.4,26.1,90,13.0,8.7,212,1002.3,10.3
2025-07-21,60.0,239.0,3.0,4.0,25.0,5.0,"Mulund West, Mumbai",28.4,24.9,26.0,92,10.3,6.5,213,1003.5,31.1
2025-07-22,62.0,45.0,3.0,4.0,25.0,5.0,"Mulund West, Mumbai",28.9,24.7,26.2,91,12.0,6.8,231,1004.2,17.9
2025-07-23,67.0,48.0,3.0,4.0,25.0,5.0,"Mulund West, Mumbai",28.2,24.4,26.0,89,13.7,8.1,239,1003.0,13.1
2025-07-24,73.0,242.0,3.0,4.0,25.0,5.0,"Mulund West, Mumbai",27.7,24.0,25.7,90,14.4,9.3,221,1001.7,17.7
2025-07-25,176.0,231.3333333,3.0,4.0,24.0,5.0,"Mulund West, Mumbai",27.5,24.9,25.8,92,16.1,11.1,241,1001.2,23.6
2025-07-26,161.0,220.6666667,3.0,4.0,25.0,5.0,"Mulund West, Mumbai",28.1,24.6,26.0,89,16.6,13.2,248,1002.2,16.3
2025-07-27,146.0,210.0,3.0,4.0,25.0,5.0,"Mulund West, Mumbai",28.5,24.5,26.5,85,23.5,16.8,247,1003.4,10.7
2025-07-28,131.0,45.0,3.0,4.0,25.0,5.0,"Mulund West, Mumbai",28.6,24.8,26.3,84,21.3,16.1,247,1004.8,12.3
2025-07-29,68.0,50.0,3.0,4.0,25.0,5.0,"Mulund West, Mumbai",28.4,24.6,26.2,86,21.6,15.2,251,1005.2,7.9
2025-07-30,72.0,55.0,3.0,4.0,25.0,5.0,"Mulund West, Mumbai",27.2,25.1,26.2,89,18.0,14.1,243,1004.8,6.1
2025-07-31,90.0,49.0,3.0,4.0,25.0,5.0,"Mulund West, Mumbai",28.1,25.4,26.6,86,17.8,13.8,235,1005.4,3.5
2025-08-01,113.0,47.0,3.0,4.0,25.0,6.0,"Mulund West, Mumbai",29.0,24.9,26.8,84,14.3,10.5,239,1006.2,5.4
2025-08-02,66.0,44.0,3.0,4.0,25.0,6.0,"Mulund West, Mumbai",29.0,24.4,26.3,87,13.3,7.8,236,1006.4,7.4
2025-08-03,65.0,41.0,3.0,4.0,25.0,6.0,"Mulund West, Mumbai",28.8,24.2,26.4,87,10.8,7.0,217,1007.2,3.6
2025-08-04,64.0,43.0,3.0,4.0,25.0,6.0,"Mulund West, Mumbai",29.3,24.2,26.7,87,11.3,5.9,236,1008.3,2.5
2025-08-05,65.0,47.0,3.0,4.0,25.0,6.0,"Mulund West, Mumbai",29.8,24.4,26.8,85,12.5,5.4,255,1007.8,3.6
2025-08-06,74.0,45.0,3.0,4.0,25.0,6.0,"Mulund West, Mumbai",30.0,24.4,27.0,87,12.4,4.6,279,1007.4,0.7
2025-08-07,69.0,51.0,3.0,4.0,25.0,6.0,"Mulund West, Mumbai",27.9,25.2,26.6,90,10.1,3.6,292,1007.2,2.3
2025-08-08,78.0,54.0,3.0,4.0,25.0,6.0,"Mulund West, Mumbai",28.5,25.2,26.5,90,7.5,3.5,229,1007.9,1.7
2025-08-09,84.0,51.0,3.0,4.0,25.0,6.0,"Mulund West, Mumbai",29.0,24.0,26.5,88,8.1,4.3,209,1009.4,3.0
2025-08-10,68.0,49.0,3.0,4.0,25.0,6.0,"Mulund West, Mumbai",28.4,24.0,25.9,90,11.1,5.8,183,1008.7,4.7
2025-08-11,71.0,41.0,3.0,4.0,25.0,6.0,"Mulund West, Mumbai",29.0,24.0,26.2,88,13.4,6.6,230,1008.4,3.6
2025-08-12,62.0,37.0,3.0,4.0,25.0,6.0,"Mulund West, Mumbai",28.8,24.1,26.4,86,14.0,7.0,243,1007.0,4.5
2025-08-13,59.0,45.0,3.0,4.0,25.0,6.0,"Mulund West, Mumbai",28.5,24.3,25.8,90,9.9,5.7,227,1005.1,17.1
2025-08-14,97.0,40.0,3.0,4.0,25.0,6.0,"Mulund West, Mumbai",27.4,24.5,25.6,92,12.0,6.8,190,1004.4,11.1
2025-08-15,55.0,31.0,3.0,4.0,25.0,6.0,"Mulund West, Mumbai",27.2,24.6,25.6,93,10.7,7.0,223,1003.8,29.6
2025-08-16,46.0,37.0,3.0,4.0,25.0,6.0,"Mulund West, Mumbai",26.4,24.2,24.9,96,12.9,6.6,216,1002.6,27.1
2025-08-17,58.0,38.0,3.0,4.0,25.0,6.0,"Mulund West, Mumbai",28.9,24.4,26.0,89,16.3,8.6,216,1001.3,9.6
2025-08-18,58.0,27.0,3.0,4.0,25.0,6.0,"Mulund West, Mumbai",25.5,24.4,24.8,96,18.2,12.3,231,1003.6,111.7
2025-08-19,48.0,38.0,3.0,4.0,24.0,6.0,"Mulund West, Mumbai",25.6,24.5,25.0,95,23.3,15.9,241,1002.4,117.4
2025-08-20,62.0,45.0,3.0,4.0,25.0,6.0,"Mulund West, Mumbai",26.0,24.1,25.0,93,21.7,15.8,236,1003.7,43.7
2025-08-21,65.0,37.0,3.0,4.0,25.0,6.0,"Mulund West, Mumbai",28.7,24.5,26.2,87,20.3,14.6,231,1007.0,13.3
2025-08-22,89.0,40.0,3.0,4.0,25.0,6.0,"Mulund West, Mumbai",28.7,24.7,26.5,84,18.1,12.9,237,1007.9,6.9
2025-08-23,63.0,36.0,3.0,4.0,25.0,6.0,"Mulund West, Mumbai",28.8,23.8,26.3,82,21.7,13.9,238,1007.1,6.8
2025-08-24,58.0,39.0,3.0,4.0,25.0,6.0,"Mulund West, Mumbai",29.0,24.5,26.4,83,20.2,14.7,237,1007.7,6.2
2025-08-25,60.0,40.0,3.0,4.0,25.0,6.0,"Mulund West, Mumbai",26.6,23.8,25.0,90,17.6,11.9,236,1007.0,18.2
2025-08-26,63.0,38.0,3.0,4.0,25.0,6.0,"Mulund West, Mumbai",28.0,24.2,26.0,88,14.6,9.7,248,1006.6,12.9
2025-08-27,60.0,47.0,3.0,4.0,24.0,6.0,"Mulund West, Mumbai",29.1,24.5,26.3,88,12.3,5.8,264,1005.5,10.5
2025-08-28,68.0,51.0,3.0,4.0,25.0,6.0,"Mulund West, Mumbai",28.4,24.3,26.1,92,9.9,5.9,269,1004.6,12.9
2025-08-29,75.0,43.0,3.0,4.0,25.0,6.0,"Mulund West, Mumbai",28.8,24.5,26.1,90,9.3,5.9,230,1004.5,18.7
2025-08-30,67.0,44.0,3.0,4.0,24.0,6.0,"Mulund West, Mumbai",29.1,24.0,26.3,88,11.4,6.9,218,1006.4,1.9
2025-08-31,67.0,46.0,3.0,4.0,25.0,6.0,"Mulund West, Mumbai",28.5,24.6,26.2,88,15.1,9.0,239,1006.8,7.6
2025-09-01,66.0,43.0,3.0,4.0,25.0,6.0,"Mulund West, Mumbai",28.0,24.3,26.1,87,17.9,11.0,250,1005.3,10.7
2025-09-02,66.0,45.0,3.0,4.0,24.0,6.0,"Mulund West, Mumbai",29.0,24.1,26.4,86,14.3,9.7,268,1005.0,4.8
2025-09-03,65.0,46.0,3.0,4.0,25.0,6.0,"Mulund West, Mumbai",29.0,24.0,26.5,84,14.6,7.7,280,1005.3,5.0
2025-09-04,67.0,47.0,3.0,4.0,24.0,6.0,"Mulund West, Mumbai",25.6,23.9,24.9,94,8.4,5.7,250,1005.7,13.8
2025-09-05,69.0,42.0,3.0,4.0,25.0,6.0,"Mulund West, Mumbai",27.5,24.3,25.3,93,18.0,8.0,238,1006.1,14.9
2025-09-06,66.0,60.0,3.0,4.0,25.0,6.0,"Mulund West, Mumbai",26.3,24.3,25.2,91,15.9,9.8,227,1007.2,20.6
2025-09-07,82.0,47.0,7.0,4.0,25.0,4.0,"Mulund West, Mumbai",28.6,24.0,25.9,87,14.9,10.6,220,1007.5,9.0
2025-09-08,80.0,53.0,7.0,4.0,25.0,4.0,"Mulund West, Mumbai",28.4,23.4,25.8,87,14.8,9.4,200,1007.4,4.0
2025-09-09,80.0,56.0,7.0,4.0,25.0,4.0,"Mulund West, Mumbai",30.0,23.0,26.2,86,9.2,5.7,198,1009.0,0.0
2025-09-10,92.0,44.0,7.0,4.0,25.0,4.0,"Mulund West, Mumbai",30.5,23.8,26.6,85,10.6,4.4,294,1009.7,0.3
2025-09-11,67.0,43.0,3.0,4.0,24.0,6.0,"Mulund West, Mumbai",29.5,23.2,26.4,85,10.3,3.8,280,1009.5,0.3
2025-09-12,64.0,60.0,3.0,4.0,25.0,6.0,"Mulund West, Mumbai",29.6,24.0,26.6,85,10.3,3.7,308,1009.4,3.8
2025-09-13,92.0,57.0,3.0,4.0,24.5,6.0,"Mulund West, Mumbai",28.6,24.5,26.2,90,11.9,4.4,309,1008.9,9.5
2025-09-14,84.0,41.0,3.0,4.0,24.0,6.0,"Mulund West, Mumbai",29.7,24.2,26.1,90,14.2,5.0,317,1008.7,11.9
2025-09-15,65.0,54.0,3.0,4.0,24.0,6.0,"Mulund West, Mumbai",27.5,24.5,25.7,92,12.4,6.0,278,1008.0,29.4
2025-09-16,82.0,47.0,3.0,4.0,24.0,6.0,"Mulund West, Mumbai",28.5,24.6,25.7,92,10.9,4.0,257,1007.8,12.9
2025-09-17,70.0,39.0,3.0,4.0,25.0,6.0,"Mulund West, Mumbai",29.0,24.0,26.0,92,8.8,3.9,195,1007.7,32.2
2025-09-18,58.0,46.0,3.0,4.0,25.0,6.0,"Mulund West, Mumbai",29.2,24.2,25.8,93,8.3,3.6,240,1007.6,12.5
2025-09-19,65.0,42.0,3.0,4.0,25.0,6.0,"Mulund West, Mumbai",28.4,24.0,25.8,92,9.9,4.9,234,1008.5,23.0
2025-09-20,68.0,43.0,3.0,4.0,24.0,6.0,"Mulund West, Mumbai",29.8,24.0,26.1,90,8.8,5.1,216,1008.7,13.4
2025-09-21,64.0,42.0,3.0,4.0,24.0,6.0,"Mulund West, Mumbai",29.1,23.9,25.8,91,10.5,4.7,255,1008.3,17.3
2025-09-22,63.0,47.0,3.0,4.0,24.0,6.0,"Mulund West, Mumbai",29.2,23.3,25.3,94,10.3,4.1,259,1009.1,23.3
2025-09-23,75.0,42.0,3.0,4.0,24.0,6.0,"Mulund West, Mumbai",29.0,23.8,25.9,89,14.0,5.6,237,1009.5,10.7
2025-09-24,66.0,44.0,3.0,4.0,24.0,6.0,"Mulund West, Mumbai",29.0,24.0,26.4,84,11.2,4.3,257,1008.0,3.2
2025-09-25,67.0,62.0,3.0,4.0,25.0,6.0,"Mulund West, Mumbai",28.8,23.8,26.1,87,9.4,3.9,250,1007.3,1.9
2025-09-26,86.0,52.0,3.0,4.0,24.0,6.0,"Mulund West, Mumbai",29.8,23.5,26.1,89,11.4,4.2,340,1007.3,4.4
2025-09-27,77.0,225.0,3.0,4.0,24.0,6.0,"Mulund West, Mumbai",29.0,23.8,25.7,91,12.3,6.3,287,1007.4,19.2
2025-09-28,167.0,208.3,3.0,4.0,25.0,6.0,"Mulund West, Mumbai",25.6,24.4,25.1,94,22.8,15.2,279,1003.7,121.8
2025-09-29,162.6666667,191.6,3.0,4.0,24.0,6.0,"Mulund West, Mumbai",28.5,23.9,25.8,83,18.9,12.9,219,1004.2,14.6
2025-09-30,158.3333333,174.9,3.0,4.0,24.0,6.0,"Mulund West, Mumbai",27.9,23.3,25.1,88,16.1,11.7,189,1005.4,6.8
2025-10-01,154.0,68.0,3.0,4.0,24.0,4.0,"Mulund West, Mumbai",29.0,23.1,25.4,89,17.5,11.8,183,1005.0,9.1
2025-10-02,116.0,68.0,3.0,4.0,24.0,4.0,"Mulund West, Mumbai",28.7,23.5,25.7,89,17.9,9.9,185,1006.9,3.4
2025-10-03,116.0,68.0,3.0,4.0,24.0,4.0,"Mulund West, Mumbai",29.6,23.7,26.3,88,12.5,7.1,185,1009.7,2.0
2025-10-04,116.0,68.0,3.0,4.0,24.0,4.0,"Mulund West, Mumbai",29.8,24.1,26.4,89,10.3,5.6,190,1011.0,2.2
2025-10-05,116.0,68.0,3.0,4.0,24.0,4.0,"Mulund West, Mumbai",28.6,23.4,25.8,88,9.8,5.6,199,1011.1,2.5
2025-10-06,116.0,68.0,3.0,4.0,24.0,4.0,"Mulund West, Mumbai",29.2,23.4,25.9,87,11.4,6.0,208,1011.7,0.7
2025-10-07,128.0,58.0,3.0,4.0,24.0,4.0,"Mulund West, Mumbai",29.5,23.4,25.9,88,11.8,4.8,254,1011.8,2.6
2025-10-08,86.0,82.0,3.0,4.0,24.0,4.0,"Mulund West, Mumbai",30.5,23.7,26.5,87,10.3,4.4,328,1011.4,1.5
2025-10-09,130.0,77.0,3.0,4.0,24.0,4.0,"Mulund West, Mumbai",32.8,23.8,27.5,78,9.6,4.7,347,1011.5,0.4
2025-10-10,144.0,164.0,3.0,4.0,24.0,4.0,"Mulund West, Mumbai",33.4,23.5,27.6,69,8.3,5.5,8,1010.2,0.1
2025-10-11,209.0,86.0,3.0,4.0,24.0,4.0,"Mulund West, Mumbai",33.9,23.4,27.7,69,10.2,5.4,5,1009.9,0.1
2025-10-12,150.0,87.0,3.0,4.0,24.0,4.0,"Mulund West, Mumbai",35.0,22.8,28.3,65,10.1,5.9,9,1009.4,0.0
2025-10-13,143.0,80.0,3.0,5.0,24.0,4.0,"Mulund West, Mumbai",35.8,23.3,28.8,60,10.7,6.9,10,1009.9,0.0
2025-10-14,143.0,99.0,3.0,4.0,24.0,4.0,"Mulund West, Mumbai",37.0,22.5,28.9,57,8.9,6.1,30,1008.1,0.0
2025-10-15,156.0,82.0,3.0,4.0,24.0,4.0,"Mulund West, Mumbai",35.8,23.0,28.6,65,9.9,5.2,74,1007.5,3.0
2025-10-16,126.0,64.0,3.0,4.0,24.0,4.0,"Mulund West, Mumbai",35.3,25.1,28.9,74,17.0,5.4,56,1008.0,4.8
2025-10-17,106.0,92.0,3.0,4.0,24.0,4.0,"Mulund West, Mumbai",36.5,25.0,30.4,64,10.2,7.5,36,1009.0,0.0
2025-10-18,151.0,104.0,3.0,5.0,24.5,4.0,"Mulund West, Mumbai",36.5,25.3,30.1,62,10.6,5.5,32,1008.8,0.2
2025-10-19,166.0,68.0,3.0,5.0,25.0,4.0,"Mulund West, Mumbai",36.0,25.2,30.0,63,10.2,6.7,32,1007.6,0.5
2025-10-20,237.0,193.0,3.0,4.0,24.0,4.0,"Mulund West, Mumbai",36.2,24.9,30.2,60,10.7,6.7,40,1006.9,0.0
2025-10-21,217.0,111.0,3.0,4.0,24.0,4.0,"Mulund West, Mumbai",35.3,25.5,29.1,66,9.8,5.9,56,1008.1,6.4
2025-10-22,146.0,101.0,3.0,4.0,24.0,4.0,"Mulund West, Mumbai",35.2,25.3,28.7,77,10.7,5.8,48,1008.5,6.4
2025-10-23,133.0,107.0,3.0,4.0,24.0,4.0,"Mulund West, Mumbai",34.7,25.6,29.5,74,11.9,6.7,66,1007.2,3.9
2025-10-24,117.0,44.0,3.0,4.0,25.0,4.0,"Mulund West, Mumbai",32.4,26.1,28.9,76,11.5,4.4,98,1007.0,9.4
2025-10-25,66.0,45.0,3.0,4.0,24.0,4.0,"Mulund West, Mumbai",30.3,24.7,26.7,88,12.5,5.7,121,1006.8,16.0
2025-10-26,71.0,38.0,3.0,4.0,24.0,4.0,"Mulund West, Mumbai",26.8,23.6,24.9,95,12.5,6.6,122,1006.8,25.1
2025-10-27,60.0,51.0,3.0,4.0,24.0,4.0,"Mulund West, Mumbai",31.1,23.1,25.7,90,12.7,7.6,152,1006.5,10.5
2025-10-28,78.0,60.0,3.0,4.0,24.0,4.0,"Mulund West, Mumbai",32.3,24.2,27.4,78,12.8,8.4,145,1005.8,0.6
2025-10-29,96.0,52.0,3.0,4.0,24.0,4.0,"Mulund West, Mumbai",31.6,25.0,27.5,79,8.7,6.2,160,1005.2,1.5
2025-10-30,79.0,48.0,3.0,5.0,24.0,4.0,"Mulund West, Mumbai",29.1,24.0,26.1,85,12.7,7.8,157,1007.0,6.0
2025-10-31,72.0,48.0,3.0,4.0,24.0,4.0,"Mulund West, Mumbai",29.9,24.0,26.5,84,16.8,11.5,165,1008.4,5.8
2025-11-01,71.0,44.0,3.0,4.0,24.0,6.0,"Mulund West, Mumbai",29.4,23.3,26.2,89,15.0,9.7,172,1010.3,8.4
2025-11-02,66.0,47.0,3.0,5.0,24.0,6.0,"Mulund West, Mumbai",28.6,24.1,25.8,91,13.4,7.7,183,1012.4,4.9
2025-11-03,72.0,56.0,3.0,5.0,24.0,6.0,"Mulund West, Mumbai",29.3,23.2,25.9,89,11.3,5.8,206,1012.4,2.0
2025-11-04,83.0,57.0,3.0,4.0,24.0,6.0,"Mulund West, Mumbai",28.5,23.5,25.5,89,10.5,4.1,235,1011.9,1.1
2025-11-05,89.0,73.0,3.0,4.0,24.0,6.0,"Mulund West, Mumbai",29.2,22.7,25.3,84,8.4,3.9,318,1011.1,0.2
2025-11-06,125.0,93.0,3.0,5.0,24.0,6.0,"Mulund West, Mumbai",29.9,22.0,25.3,84,9.6,3.8,333,1011.6,0.8
2025-11-07,143.0,65.0,3.0,5.0,24.0,6.0,"Mulund West, Mumbai",32.2,22.5,26.2,77,12.2,4.5,338,1012.4,0.0
2025-11-08,113.0,70.0,3.0,5.0,24.0,6.0,"Mulund West, Mumbai",33.2,21.5,26.3,64,9.8,6.1,32,1013.4,0.0
2025-11-09,116.0,88.0,3.0,5.0,24.0,6.0,"Mulund West, Mumbai",31.8,19.5,24.8,67,9.4,4.8,315,1012.8,0.0
2025-11-10,147.0,93.0,3.0,5.0,24.0,6.0,"Mulund West, Mumbai",32.9,18.8,25.1,66,8.7,4.3,359,1012.2,0.0
2025-11-11,155.0,94.0,3.0,5.0,24.0,6.0,"Mulund West, Mumbai",33.2,19.8,25.8,63,10.8,5.4,0,1013.0,0.0
2025-11-12,154.0,91.0,3.0,5.0,24.0,6.0,"Mulund West, Mumbai",33.2,19.5,26.0,52,8.5,6.4,37,1013.5,0.0
2025-11-13,150.0,90.0,3.0,5.0,24.0,6.0,"Mulund West, Mumbai",33.8,20.2,26.3,52,10.0,7.4,27,1013.9,0.0
2025-11-14,153.0,93.0,3.0,5.0,24.0,6.0,"Mulund West, Mumbai",34.1,19.6,26.2,52,9.8,6.1,30,1013.2,0.0
2025-11-15,153.0,98.0,3.0,5.0,24.0,6.0,"Mulund West, Mumbai",33.7,19.0,25.7,51,10.8,6.2,35,1013.9,0.0
2025-11-16,153.0,101.0,3.0,5.0,24.0,6.0,"Mulund West, Mumbai",33.2,19.2,25.5,46,11.0,7.4,38,1015.2,0.0
2025-11-17,159.0,112.0,3.0,5.0,24.0,6.0,"Mulund West, Mumbai",32.7,19.4,25.1,48,12.6,7.7,32,1014.7,0.0
2025-11-18,165.0,112.4285714,3.0,5.0,24.0,6.0,"Mulund West, Mumbai",32.5,18.2,24.5,48,10.9,7.0,36,1013.0,0.0
2025-11-24,169.2857143,115.0,3.0,5.0,24.0,6.0,"Mulund West, Mumbai",35.3,21.9,27.5,65,10.5,4.9,332,1013.1,0.1
2025-11-25,170.0,150.0,3.0,5.0,24.0,6.0,"Mulund West, Mumbai",35.0,22.4,27.6,67,9.2,4.7,318,1012.9,0.1
2025-11-26,186.0,123.0,3.0,5.0,24.0,6.0,"Mulund West, Mumbai",34.7,22.8,27.5,68,10.8,4.3,288,1013.0,0.1
2025-11-27,152.0,91.0,3.0,5.0,24.0,6.0,"Mulund West, Mumbai",35.3,22.2,27.6,61,8.3,5.2,27,1013.6,0.0
2025-11-28,119.0,79.0,3.0,5.0,24.0,6.0,"Mulund West, Mumbai",34.4,21.2,27.1,56,12.0,6.2,25,1013.1,0.0
2025-11-29,103.0,77.0,3.0,5.0,24.0,6.0,"Mulund West, Mumbai",34.3,21.8,27.3,44,10.7,7.1,55,1011.9,0.0
2025-11-30,103.0,75.0,3.0,6.0,25.0,6.0,"Mulund West, Mumbai",33.4,18.5,24.8,52,9.6,5.8,22,1011.8,0.0
2025-12-01,106.0,80.0,6.5,5.0,24.0,7.0,"Mulund West, Mumbai",33.5,17.8,24.7,54,12.1,6.2,10,1011.6,0.0
2025-12-02,112.0,82.0,6.5,6.0,24.0,7.0,"Mulund West, Mumbai",33.5,18.4,25.1,54,8.6,5.3,11,1011.7,0.0
2025-12-03,119.0,85.0,6.5,5.0,24.0,7.0,"Mulund West, Mumbai",34.0,18.4,25.6,51,9.8,6.8,30,1012.6,0.0
2025-12-04,126.0,77.0,6.5,5.0,24.0,7.0,"Mulund West, Mumbai",34.2,20.9,26.9,48,10.8,7.9,32,1013.6,0.0
2025-12-05,109.0,72.0,6.5,5.0,24.0,7.0,"Mulund West, Mumbai",34.8,22.1,27.8,48,9.8,8.2,46,1014.5,0.0
2025-12-06,101.0,76.0,6.5,5.0,24.0,7.0,"Mulund West, Mumbai",34.0,22.3,27.2,49,11.5,7.9,26,1015.0,0.0
2025-12-07,107.0,75.0,6.5,5.0,24.0,7.0,"Mulund West, Mumbai",35.0,20.8,26.6,46,10.9,7.3,27,1014.8,0.0
2025-12-08,112.0,95.5,6.5,5.0,24.0,7.0,"Mulund West, Mumbai",35.3,19.4,26.1,50,9.7,5.6,18,1014.6,0.0
2025-12-09,151.0,72.75,6.5,6.0,24.0,7.0,"Mulund West, Mumbai",34.3,18.7,26.1,35,8.9,6.9,44,1014.2,0.0
2025-12-10,131.5,50.0,6.5,5.0,24.0,7.0,"Mulund West, Mumbai",34.5,18.1,25.2,41,9.2,6.5,35,1015.0,0.0
2025-12-11,112.0,72.0,6.5,6.0,24.0,7.0,"Mulund West, Mumbai",34.0,18.1,24.8,40,10.3,7.2,37,1014.4,0.0
2025-12-12,96.0,67.0,6.5,5.0,24.0,7.0,"Mulund West, Mumbai",33.8,16.9,24.1,45,10.8,5.8,15,1013.4,0.0
2025-12-13,89.0,79.0,6.5,5.0,25.0,7.0,"Mulund West, Mumbai",34.4,17.2,24.5,50,10.8,5.5,356,1013.2,0.0
2025-12-14,113.0,77.0,6.5,5.0,25.0,7.0,"Mulund West, Mumbai",33.7,17.0,24.8,48,11.6,6.1,10,1013.9,0.0
2025-12-15,103.0,65.0,6.5,5.0,24.0,7.0,"Mulund West, Mumbai",33.4,17.8,25.0,45,10.1,6.7,45,1013.8,0.0
2025-12-16,87.0,76.0,6.5,5.0,25.0,7.0,"Mulund West, Mumbai",33.4,17.4,24.6,47,10.4,6.6,39,1013.4,0.0
2025-12-17,105.0,77.0,6.5,5.0,24.0,7.0,"Mulund West, Mumbai",34.5,18.9,25.6,50,9.4,5.8,17,1014.4,0.0
2025-12-18,109.0,76.0,6.5,5.0,24.0,7.0,"Mulund West, Mumbai",35.1,18.6,25.6,47,9.7,6.1,19,1014.6,0.0
2025-12-19,101.0,63.0,6.5,5.0,24.0,7.0,"Mulund West, Mumbai",35.6,17.6,24.9,42,11.8,7.5,21,1013.1,0.0
2025-12-20,81.0,56.0,6.5,5.0,24.0,7.0,"Mulund West, Mumbai",34.8,17.5,24.5,41,12.3,7.1,27,1011.6,0.0
2025-12-21,73.0,81.0,6.5,5.0,24.0,7.0,"Mulund West, Mumbai",33.2,16.7,24.1,41,9.3,5.6,11,1012.5,0.0
2025-12-22,110.0,48.0,6.5,6.0,24.0,7.0,"Mulund West, Mumbai",33.0,16.0,23.9,44,12.1,6.2,5,1012.8,0.0
2025-12-23,67.0,53.0,6.5,5.0,24.0,7.0,"Mulund West, Mumbai",33.8,17.9,24.6,47,12.6,7.4,20,1012.2,0.0
2025-12-24,67.0,81.5,6.5,5.5,24.0,7.0,"Mulund West, Mumbai",33.1,19.0,24.6,47,13.4,7.1,19,1012.1,0.0
2025-12-25,100.5,110.0,7.0,6.0,24.0,4.0,"Mulund West, Mumbai",31.8,17.2,24.0,52,10.8,6.1,6,1012.7,0.0
2025-12-26,134.0,113.0,7.0,6.0,24.0,4.0,"Mulund West, Mumbai",32.6,17.1,24.2,51,11.9,5.8,12,1012.6,0.0
2025-12-27,144.0,119.0,7.0,5.0,24.0,4.0,"Mulund West, Mumbai",32.5,17.1,24.1,54,10.3,5.7,11,1012.8,0.0
2025-12-28,146.0,111.25,7.0,5.0,24.0,4.0,"Mulund West, Mumbai",31.8,17.5,23.5,58,9.1,5.4,8,1013.4,0.0
2025-12-31,130.25,88.0,6.5,5.0,24.0,4.0,"Mulund West, Mumbai",29.5,16.5,22.2,77,12.1,4.0,310,1011.9,0.0
2026-01-01,125.0,73.0,5.0,4.0,24.0,4.0,"Mulund West, Mumbai",29.5,18.9,23.2,77,13.2,5.3,318,1012.1,1.2
2026-01-02,92.0,75.0,5.0,4.0,24.0,4.0,"Mulund West, Mumbai",31.0,18.8,23.8,74,11.8,5.2,325,1013.6,0.0
2026-01-03,87.0,83.0,5.0,5.0,24.0,4.0,"Mulund West, Mumbai",31.4,18.5,24.1,70,9.7,4.5,330,1013.6,0.0
2026-01-04,101.0,75.0,5.0,4.0,24.0,4.0,"Mulund West, Mumbai",31.6,20.2,25.3,67,9.2,5.0,340,1014.2,0.0
2026-01-05,92.0,82.0,5.0,4.0,24.0,4.0,"Mulund West, Mumbai",32.5,20.2,25.0,66,11.6,5.4,351,1015.1,0.0
2026-01-06,108.0,82.0,5.0,5.0,24.0,4.0,"Mulund West, Mumbai",32.0,19.8,24.6,66,11.4,4.8,8,1015.7,0.0
2026-01-07,100.0,92.0,5.0,5.0,24.0,4.0,"Mulund West, Mumbai",31.9,18.0,23.5,67,13.4,5.3,354,1015.9,0.0
2026-01-08,137.0,80.0,5.0,5.0,13.0,1.0,"Mulund West, Mumbai",31.1,16.7,22.8,60,13.8,5.8,349,1016.1,0.0
2026-01-09,145.0,73.0,5.0,5.0,9.0,1.0,"Mulund West, Mumbai",31.6,15.5,22.7,56,9.0,6.1,28,1015.5,0.0
2026-01-10,142.0,76.0,5.0,5.0,9.0,1.0,"Mulund West, Mumbai",31.0,16.3,22.7,58,14.0,6.7,356,1015.1,0.0
2026-01-11,140.0,136.0,5.0,5.0,9.0,1.0,"Mulund West, Mumbai",32.0,15.9,23.5,56,8.7,5.9,18,1015.4,0.0
2026-01-12,121.0,90.0,5.0,6.0,9.0,1.0,"Mulund West, Mumbai",33.0,18.0,24.3,52,10.1,5.6,10,1015.6,0.0
2026-01-13,143.0,70.0,5.0,5.0,9.0,1.0,"Mulund West, Mumbai",32.8,19.8,25.8,57,10.9,5.0,269,1015.8,0.0
2026-01-14,127.0,70.0,5.0,5.0,9.0,1.0,"Mulund West, Mumbai",32.8,20.8,25.9,58,12.0,5.8,332,1014.5,0.0
2026-01-15,123.0,84.0,5.0,6.0,9.0,1.0,"Mulund West, Mumbai",32.2,16.6,23.9,57,10.2,4.9,322,1013.8,0.0
2026-01-16,150.0,73.0,5.0,6.0,9.0,1.0,"Mulund West, Mumbai",32.2,17.1,23.5,70,10.5,4.9,292,1013.4,0.0
2026-01-17,129.0,56.0,5.0,5.0,9.0,1.0,"Mulund West, Mumbai",31.9,17.5,23.3,71,10.6,5.4,303,1013.0,0.0
2026-01-18,114.0,59.0,5.0,5.0,9.0,1.0,"Mulund West, Mumbai",27.6,18.1,22.4,76,11.6,5.6,311,1012.3,0.0
2026-01-19,108.0,69.0,5.0,5.0,9.0,1.0,"Mulund West, Mumbai",29.0,16.2,22.0,67,14.1,6.6,336,1013.4,0.0
2026-01-20,124.0,88.0,5.0,6.0,9.0,1.0,"Mulund West, Mumbai",30.1,16.1,22.7,64,10.9,4.6,310,1012.8,0.0
2026-01-21,158.0,82.0,5.0,6.0,9.0,1.0,"Mulund West, Mumbai",32.5,17.7,24.2,66,15.6,4.3,250,1013.1,0.0
2026-01-22,154.0,67.0,5.0,6.0,10.0,1.0,"Mulund West, Mumbai",32.7,18.8,24.6,64,15.9,6.0,243,1013.8,0.0
2026-01-23,119.0,56.0,5.0,6.0,9.0,1.0,"Mulund West, Mumbai",29.8,18.9,23.4,75,14.8,5.3,319,1015.3,0.0
2026-01-24,82.0,71.0,5.0,6.0,9.0,1.111111111,"Mulund West, Mumbai",30.2,16.9,22.8,69,12.0,5.3,325,1016.4,0.0
2026-01-25,114.0,75.0,5.0,6.0,9.0,1.222222222,"Mulund West, Mumbai",31.1,17.2,23.4,70,9.0,4.4,330,1014.6,0.0
2026-01-26,137.0,52.0,5.0,6.0,10.0,1.333333333,"Mulund West, Mumbai",32.4,18.5,24.7,70,11.8,5.9,271,1014.5,0.0
2026-01-27,85.0,50.0,5.0,6.0,9.0,4.0,"Mulund West, Mumbai",29.1,20.7,23.8,75,13.8,6.6,312,1016.6,0.8
2026-01-28,72.0,76.0,5.0,7.0,9.0,4.0,"Mulund West, Mumbai",31.5,18.7,23.9,63,9.8,6.1,344,1015.9,0.0
2026-01-29,106.0,82.0,5.0,7.0,10.0,4.0,"Mulund West, Mumbai",34.0,18.4,24.7,58,10.3,4.2,315,1013.8,0.0
2026-01-30,150.0,90.0,5.0,7.0,10.0,4.0,"Mulund West, Mumbai",33.5,21.6,25.9,67,12.4,5.0,218,1014.2,0.0
2026-01-31,157.0,79.0,5.0,7.0,10.0,4.0,"Mulund West, Mumbai",31.0,21.2,25.0,80,12.2,4.3,291,1014.9,0.0
2026-02-01,148.0,154.0,7.0,8.0,10.0,2.0,"Mulund West, Mumbai",33.5,20.0,25.4,71,13.3,4.9,329,1014.9,0.0
2026-02-02,166.0,92.0,7.0,6.0,10.0,1.933333333,"Mulund West, Mumbai",34.8,19.8,26.3,55,12.8,5.5,337,1014.5,0.0
2026-02-03,165.0,75.0,7.0,7.0,10.0,1.866666667,"Mulund West, Mumbai",33.4,20.0,25.7,56,11.8,5.3,331,1014.4,0.0
2026-02-04,131.0,81.0,7.0,6.0,9.0,1.8,"Mulund West, Mumbai",34.7,20.0,26.2,55,12.0,5.5,354,1014.5,0.0
2026-02-05,155.0,78.0,7.0,6.0,9.0,5.0,"Mulund West, Mumbai",34.7,20.8,26.6,53,12.2,5.9,358,1015.4,0.0
2026-02-06,130.0,61.0,7.0,6.0,9.142857143,5.0,"Mulund West, Mumbai",34.5,20.1,26.6,52,13.5,7.5,4,1015.8,0.0
2026-02-07,118.0,86.0,7.0,7.0,9.285714286,5.0,"Mulund West, Mumbai",34.9,19.2,26.5,48,13.0,6.0,346,1014.7,0.0
2026-02-08,138.0,83.4,7.0,6.8,9.428571429,5.0,"Mulund West, Mumbai",34.5,19.9,26.4,50,11.1,6.2,338,1013.1,0.0
2026-02-12,122.0,73.0,7.0,6.0,10.0,5.0,"Mulund West, Mumbai",35.1,20.1,26.4,58,13.7,5.4,298,1014.1,0.0
2026-02-13,118.0,82.0,7.0,6.0,9.0,5.0,"Mulund West, Mumbai",35.7,20.2,26.5,59,13.8,4.9,310,1013.2,0.0
2026-02-14,127.0,81.0,7.0,7.0,9.0,5.0,"Mulund West, Mumbai",35.8,19.9,27.1,56,13.1,5.3,340,1012.4,0.0
2026-02-15,120.0,78.0,7.0,7.0,9.0,5.0,"Mulund West, Mumbai",36.3,20.9,27.9,47,14.6,5.9,332,1012.3,0.0
2026-02-16,114.0,66.0,7.0,6.0,9.0,1.0,"Mulund West, Mumbai",33.8,20.5,26.3,53,11.0,4.9,302,1010.8,0.0
2026-02-17,106.0,53.0,7.0,6.0,9.0,1.0,"Mulund West, Mumbai",32.5,20.6,25.3,62,13.2,6.6,311,1011.0,0.0
2026-02-18,90.0,53.0,7.0,6.0,9.0,1.0,"Mulund West, Mumbai",30.5,20.1,24.4,71,13.8,6.0,309,1011.6,0.0
