date,pm25,pm10,o3,no2,so2,co,location,temperature_2m_max,temperature_2m_min,temperature_2m_mean,relative_humidity_2m_mean,wind_speed_10m_max,wind_speed_10m_mean,wind_direction_10m_dominant,pressure_msl_mean,precipitation_sum
2019-12-02,151.0,131.0,10.0,7.0,18.0,9.0,"Powai, Mumbai",34.5,23.5,28.4,61,10.8,7.7,44,1011.3,0.0
2019-12-03,169.0,66.0,12.0,5.0,1.0,6.0,"Powai, Mumbai",33.3,23.2,27.7,65,12.6,7.7,87,1011.6,0.2
2019-12-04,121.0,76.0,7.0,4.0,2.0,9.0,"Powai, Mumbai",32.8,23.8,27.4,70,12.3,8.5,37,1012.5,0.0
2019-12-05,152.0,87.0,15.0,5.0,1.0,6.0,"Powai, Mumbai",30.0,25.0,27.5,73,13.6,6.4,62,1014.1,1.3
2019-12-06,164.0,79.0,17.0,6.0,1.0,7.0,"Powai, Mumbai",33.7,24.8,28.2,57,14.8,8.8,42,1013.5,0.0
2019-12-07,154.0,87.0,19.0,5.0,1.0,7.0,"Powai, Mumbai",32.5,22.4,26.4,58,13.5,9.0,18,1012.7,0.0
2019-12-08,164.0,84.0,27.0,7.0,1.0,9.0,"Powai, Mumbai",32.5,21.4,26.0,61,14.2,7.9,18,1013.0,0.0
2019-12-09,160.0,82.0,22.0,6.0,1.0,9.0,"Powai, Mumbai",33.1,21.5,26.5,66,13.2,7.9,12,1012.8,0.0
2019-12-10,158.0,86.0,17.0,6.0,1.0,9.0,"Powai, Mumbai",33.0,21.7,26.6,72,12.8,6.8,348,1011.7,0.0
2019-12-11,165.0,79.0,28.0,6.0,2.0,8.0,"Powai, Mumbai",32.3,21.0,26.3,73,11.9,6.4,327,1010.7,0.0
2019-12-12,160.0,69.0,22.0,5.0,2.0,7.0,"Powai, Mumbai",31.0,20.9,25.4,72,13.8,6.6,313,1010.5,0.0
2019-12-13,133.0,63.0,44.0,8.0,2.0,6.0,"Powai, Mumbai",30.3,19.5,24.1,76,17.8,8.3,351,1012.5,0.0
2019-12-14,127.0,75.0,62.0,9.0,3.0,8.0,"Powai, Mumbai",30.8,16.8,23.3,68,16.6,9.7,346,1014.4,0.0
2019-12-15,151.0,85.0,51.0,10.0,3.0,9.0,"Powai, Mumbai",30.8,17.9,24.0,64,13.4,8.4,342,1013.2,0.0
2019-12-16,162.0,78.0,39.0,9.0,3.0,7.0,"Powai, Mumbai",31.5,19.2,24.6,69,14.6,8.5,350,1012.6,0.0
2019-12-17,153.0,78.0,50.0,11.0,5.0,8.0,"Powai, Mumbai",32.3,21.2,25.5,68,15.8,9.6,21,1013.4,0.0
2019-12-18,151.0,74.0,29.0,9.0,2.0,7.0,"Powai, Mumbai",32.7,21.1,25.9,62,12.2,8.7,31,1014.1,0.0
2019-12-19,148.0,89.0,40.0,11.0,3.0,9.0,"Powai, Mumbai",32.5,20.0,25.3,64,13.8,8.2,7,1012.9,0.0
2019-12-20,165.0,86.0,25.0,9.0,3.0,9.0,"Powai, Mumbai",32.3,19.8,25.2,68,12.1,7.3,357,1012.0,0.0
2019-12-21,162.0,90.0,29.0,8.0,3.0,9.0,"Powai, Mumbai",32.3,20.2,25.6,68,13.0,6.6,352,1011.5,0.0
2019-12-22,166.0,90.0,27.0,11.0,3.0,9.0,"Powai, Mumbai",32.3,20.6,26.4,63,10.6,7.5,44,1011.2,0.0
2019-12-23,166.0,106.0,41.0,11.0,3.0,10.0,"Powai, Mumbai",32.8,22.0,26.4,70,11.2,6.5,330,1010.9,0.0
2019-12-24,178.0,112.0,24.0,8.0,2.0,10.0,"Powai, Mumbai",32.1,21.5,26.3,74,10.5,6.3,339,1012.0,0.0
2019-12-25,185.0,77.0,24.0,6.0,2.0,7.0,"Powai, Mumbai",32.5,23.2,26.9,67,14.9,9.1,353,1012.3,0.2
2019-12-26,149.0,84.0,30.0,9.0,2.0,8.0,"Powai, Mumbai",31.4,21.8,25.9,61,15.0,8.0,338,1012.3,0.0
2019-12-27,159.0,82.0,32.0,7.0,3.0,7.0,"Powai, Mumbai",31.1,17.8,23.9,66,15.1,8.4,358,1011.4,0.0
2019-12-28,159.0,90.0,36.0,8.0,4.0,7.0,"Powai, Mumbai",32.3,20.1,24.8,64,14.5,9.7,33,1011.1,0.0
2019-12-29,161.0,92.33333333333331,38.333333333333336,9.333333333333334,4.0,7.666666666666667,"Powai, Mumbai",31.0,20.9,24.7,67,12.5,8.1,357,1011.8,0.2
2019-12-31,169.0,97.0,43.0,12.0,4.0,9.0,"Powai, Mumbai",28.5,16.8,21.7,65,15.3,8.4,339,1013.1,0.0
2020-01-01,173.0,101.0,37.0,8.0,3.0,7.0,"Powai, Mumbai",27.2,14.6,20.7,74,11.5,6.8,339,1013.7,0.0
2020-01-02,179.0,90.0,34.0,7.0,3.0,6.0,"Powai, Mumbai",28.2,16.8,21.7,77,14.3,7.1,331,1015.7,0.0
2020-01-03,170.0,89.0,35.0,6.0,2.0,8.0,"Powai, Mumbai",28.1,16.4,21.3,75,19.6,9.1,344,1015.1,0.0
2020-01-04,170.0,94.0,23.0,8.0,3.0,9.0,"Powai, Mumbai",27.5,15.4,21.1,68,17.3,9.9,339,1013.4,0.0
2020-01-05,164.0,119.0,37.0,8.0,3.0,8.0,"Powai, Mumbai",30.6,17.4,23.0,64,14.2,9.7,39,1012.7,0.0
2020-01-06,211.0,88.0,36.0,11.0,3.0,9.0,"Powai, Mumbai",32.8,19.8,24.9,60,13.9,10.8,34,1013.4,0.0
2020-01-07,162.0,60.0,39.0,3.0,4.0,6.0,"Powai, Mumbai",29.8,19.4,24.0,73,16.8,8.6,293,1012.8,0.0
2020-01-08,131.0,74.0,42.0,7.0,1.0,6.0,"Powai, Mumbai",28.9,20.0,23.7,72,15.3,8.9,314,1013.0,0.0
2020-01-09,144.0,83.0,33.0,8.0,1.0,6.0,"Powai, Mumbai",29.4,17.9,22.5,56,18.6,10.8,351,1013.4,0.0
2020-01-10,153.0,89.0,39.0,9.0,2.0,6.0,"Powai, Mumbai",32.4,18.2,23.9,58,13.8,10.1,31,1012.4,0.0
2020-01-11,156.0,88.0,44.0,10.0,2.0,8.0,"Powai, Mumbai",33.8,20.5,25.7,62,13.7,9.1,32,1013.1,0.0
2020-01-12,163.0,74.0,28.0,5.0,1.0,6.0,"Powai, Mumbai",32.5,19.5,25.2,69,14.8,7.2,314,1013.1,0.0
2020-01-13,138.0,57.0,32.0,4.0,1.0,4.0,"Powai, Mumbai",29.6,20.4,23.9,83,16.0,7.4,320,1012.1,0.3
2020-01-14,94.0,54.0,34.0,7.0,1.0,4.0,"Powai, Mumbai",29.0,19.0,23.0,76,18.1,9.4,339,1012.1,0.0
2020-01-15,81.0,53.0,33.0,5.0,1.0,3.0,"Powai, Mumbai",27.1,17.2,21.5,62,18.1,10.2,325,1012.7,0.0
2020-01-16,95.0,52.0,27.0,8.0,1.0,5.0,"Powai, Mumbai",25.4,14.5,19.6,64,17.9,10.7,342,1014.3,0.0
2020-01-17,109.0,95.0,28.0,13.0,2.0,8.0,"Powai, Mumbai",26.0,12.2,18.4,58,19.6,11.4,347,1014.6,0.0
2020-01-18,162.0,94.0,51.0,12.0,3.0,8.0,"Powai, Mumbai",30.2,12.6,21.0,61,14.6,8.7,349,1013.0,0.0
2020-01-19,160.0,93.0,54.0,15.0,5.0,8.0,"Powai, Mumbai",31.9,15.4,23.2,62,13.1,8.6,344,1012.9,0.0
2020-01-20,161.0,87.0,59.0,16.0,3.0,9.0,"Powai, Mumbai",33.5,17.2,24.2,66,15.2,8.2,355,1012.9,0.0
2020-01-21,154.0,75.0,49.0,11.0,3.0,6.0,"Powai, Mumbai",31.9,17.6,23.8,68,15.5,7.2,317,1013.9,0.0
2020-01-22,135.0,85.0,48.0,10.0,4.0,7.0,"Powai, Mumbai",33.2,17.9,24.6,63,14.1,8.4,347,1014.6,0.0
2020-01-23,153.0,79.0,47.0,10.0,3.0,7.0,"Powai, Mumbai",34.3,20.6,26.3,57,16.9,10.7,356,1013.6,0.0
2020-01-24,147.0,90.0,53.0,11.0,3.0,7.0,"Powai, Mumbai",34.5,20.5,26.1,60,15.8,9.7,3,1013.2,0.0
2020-01-25,157.0,91.0,69.0,11.0,3.0,8.0,"Powai, Mumbai",34.2,19.5,25.8,58,16.3,9.1,348,1013.1,0.0
2020-01-26,160.0,69.0,38.0,9.0,3.0,6.0,"Powai, Mumbai",33.8,19.1,25.3,64,12.5,7.6,323,1011.6,0.0
2020-01-27,123.0,53.0,22.0,6.0,2.0,4.0,"Powai, Mumbai",30.1,19.0,23.7,73,14.4,7.8,293,1011.5,0.0
2020-01-28,75.0,60.0,32.0,3.0,1.0,2.0,"Powai, Mumbai",27.8,20.5,23.0,79,16.8,7.6,294,1012.7,0.9
2020-01-29,65.0,80.0,57.0,10.0,3.0,5.0,"Powai, Mumbai",25.8,16.4,21.1,65,17.4,10.7,334,1015.4,0.0
2020-01-30,130.0,84.0,48.0,12.0,3.0,7.0,"Powai, Mumbai",29.2,13.2,20.4,59,17.3,9.9,351,1014.5,0.0
2020-01-31,148.0,87.0,58.0,10.0,3.0,7.0,"Powai, Mumbai",28.6,15.4,21.1,61,16.4,8.6,327,1012.3,0.0
2020-02-01,155.0,101.0,58.0,14.0,4.0,8.0,"Powai, Mumbai",30.9,15.3,22.5,57,17.9,9.3,337,1011.9,0.0
2020-02-02,163.0,93.0,50.0,8.0,2.0,8.0,"Powai, Mumbai",32.0,16.6,23.4,69,14.8,7.1,320,1013.4,0.0
2020-02-03,167.0,84.0,52.0,7.0,3.0,6.0,"Powai, Mumbai",29.8,16.9,22.7,79,13.3,5.8,277,1014.3,0.0
2020-02-04,156.0,84.0,49.0,11.0,4.0,6.0,"Powai, Mumbai",30.8,18.2,23.5,65,15.7,8.5,341,1013.1,0.0
2020-02-05,141.0,73.0,44.0,8.0,3.0,5.0,"Powai, Mumbai",31.9,15.7,23.1,47,16.5,9.5,336,1012.8,0.0
2020-02-06,117.0,75.0,39.0,11.0,4.0,6.0,"Powai, Mumbai",29.9,16.0,22.5,55,15.0,8.7,324,1012.9,0.0
2020-02-07,120.0,89.0,39.0,12.0,4.0,6.0,"Powai, Mumbai",28.9,15.0,21.0,58,19.2,9.9,324,1013.9,0.0
2020-02-08,155.0,86.0,33.0,6.0,6.0,5.0,"Powai, Mumbai",31.5,14.9,23.0,59,22.1,12.1,351,1013.8,0.0
2020-02-09,156.0,78.0,34.0,7.0,5.0,5.0,"Powai, Mumbai",32.8,20.2,25.2,48,19.4,13.1,20,1013.8,0.0
2020-02-10,136.0,117.0,35.5,10.0,5.0,9.0,"Powai, Mumbai",34.2,21.5,26.5,52,16.3,11.9,20,1012.7,0.0
2020-02-11,175.0,79.0,37.0,8.0,8.0,9.0,"Powai, Mumbai",35.0,22.1,27.6,54,14.2,10.2,15,1012.8,0.0
2020-02-12,140.0,78.0,35.0,10.0,4.0,10.0,"Powai, Mumbai",35.5,23.5,28.8,51,15.2,9.4,36,1014.3,0.0
2020-02-13,140.0,74.0,37.0,8.0,3.0,7.0,"Powai, Mumbai",35.5,23.6,28.6,48,20.5,11.2,12,1014.5,0.0
2020-02-14,124.0,83.0,38.0,13.0,3.0,9.0,"Powai, Mumbai",35.2,22.7,28.3,38,20.1,12.1,355,1012.8,0.0
2020-02-15,129.0,102.0,52.0,14.0,6.0,11.0,"Powai, Mumbai",34.2,20.5,26.2,41,17.8,9.5,334,1012.2,0.0
2020-02-16,155.0,133.0,46.0,11.0,5.0,11.0,"Powai, Mumbai",35.1,18.3,25.7,54,15.3,8.1,324,1012.7,0.0
2020-02-17,192.0,107.0,49.0,16.0,7.0,11.0,"Powai, Mumbai",37.4,19.2,27.2,55,16.3,8.5,326,1013.1,0.0
2020-02-18,163.0,102.0,45.0,13.0,6.0,12.0,"Powai, Mumbai",37.5,21.5,28.2,50,18.0,8.8,357,1012.6,0.0
2020-02-19,164.0,75.0,15.0,6.0,2.0,9.0,"Powai, Mumbai",35.5,20.1,27.0,60,15.4,7.4,316,1012.0,0.0
2020-02-20,134.0,58.0,14.0,5.0,2.0,8.0,"Powai, Mumbai",33.7,19.7,25.9,66,16.3,8.9,327,1011.6,0.0
2020-02-21,99.0,76.0,21.0,9.0,2.0,9.0,"Powai, Mumbai",33.8,19.0,25.4,61,17.6,9.4,327,1013.7,0.0
2020-02-22,126.0,95.0,24.0,8.0,3.0,11.0,"Powai, Mumbai",35.8,17.4,25.9,51,15.5,9.1,329,1014.5,0.0
2020-02-23,147.0,110.0,30.0,10.0,3.0,13.0,"Powai, Mumbai",36.8,19.1,27.1,45,17.1,10.0,331,1013.2,0.0
2020-02-24,170.0,77.0,15.0,6.0,3.0,9.0,"Powai, Mumbai",34.8,18.8,26.4,46,18.8,10.1,326,1011.2,0.0
2020-02-25,112.0,74.0,21.0,6.0,3.0,9.0,"Powai, Mumbai",36.1,22.4,27.7,33,21.1,13.8,4,1010.4,0.0
2020-02-26,104.0,85.0,33.0,9.0,4.0,10.0,"Powai, Mumbai",36.5,22.3,27.9,31,19.7,12.6,15,1011.0,0.0
2020-02-27,131.0,95.0,29.0,12.0,5.0,12.0,"Powai, Mumbai",37.3,19.5,27.1,40,16.2,9.7,15,1011.0,0.0
2020-02-28,148.0,82.0,21.0,8.0,4.0,11.0,"Powai, Mumbai",35.5,18.2,25.9,48,17.4,9.5,331,1009.7,0.0
2020-02-29,133.0,71.0,17.0,5.0,3.0,10.0,"Powai, Mumbai",34.2,18.3,25.6,53,19.1,9.7,319,1009.5,0.0
2020-03-01,121.0,76.0,12.0,8.0,3.0,9.0,"Powai, Mumbai",33.0,18.9,25.4,62,18.2,10.4,321,1010.7,0.0
2020-03-02,111.0,81.0,10.0,3.0,2.0,7.0,"Powai, Mumbai",31.7,19.0,24.7,72,14.8,8.0,292,1011.7,0.0
2020-03-03,114.0,82.0,9.0,4.0,2.0,8.0,"Powai, Mumbai",30.4,19.0,24.4,77,14.8,8.2,286,1012.1,0.0
2020-03-04,134.0,78.0,9.0,4.0,2.0,7.0,"Powai, Mumbai",29.8,19.8,24.4,75,17.2,8.3,301,1011.8,0.0
2020-03-05,110.5,75.0,7.0,3.0,2.0,6.0,"Powai, Mumbai",30.2,20.2,24.5,73,18.6,8.3,276,1010.6,0.0
2020-03-06,75.0,82.0,15.0,2.0,1.0,6.0,"Powai, Mumbai",29.3,20.0,24.5,71,18.7,8.8,255,1010.7,0.5
2020-03-07,82.0,73.0,16.0,3.0,1.0,6.0,"Powai, Mumbai",29.5,19.2,23.7,66,16.6,9.3,321,1012.6,0.0
2020-03-08,80.0,215.0,7.0,3.0,1.0,7.0,"Powai, Mumbai",30.8,17.2,23.3,65,16.6,9.1,323,1012.3,0.0
2020-03-09,102.0,67.0,2.0,1.0,1.0,7.0,"Powai, Mumbai",30.9,18.4,24.1,70,17.0,8.6,310,1011.2,0.0
2020-03-10,100.0,51.0,7.0,1.0,1.0,6.0,"Powai, Mumbai",29.2,19.1,24.4,74,14.7,8.1,289,1011.1,0.0
2020-03-11,57.0,55.0,10.0,2.0,1.0,6.0,"Powai, Mumbai",29.6,20.6,24.3,67,19.0,9.9,307,1011.9,0.0
2020-03-12,64.0,64.0,18.0,3.0,4.0,6.0,"Powai, Mumbai",28.9,18.8,23.5,68,17.6,10.5,325,1013.6,0.0
2020-03-13,78.0,77.0,20.0,4.0,4.0,7.0,"Powai, Mumbai",30.8,15.8,22.8,59,22.7,11.8,346,1013.9,0.0
2020-03-14,88.0,92.0,26.0,6.0,1.0,9.0,"Powai, Mumbai",34.4,17.1,24.8,46,21.1,12.0,353,1011.9,0.0
2020-03-15,125.0,97.0,34.0,9.0,2.0,9.0,"Powai, Mumbai",37.1,17.0,26.9,34,15.6,10.1,4,1010.0,0.0
2020-03-16,136.0,81.0,35.0,8.0,1.0,9.0,"Powai, Mumbai",38.7,19.6,28.0,40,19.2,10.2,348,1010.6,0.0
2020-03-17,121.0,71.0,24.0,8.0,1.0,9.0,"Powai, Mumbai",38.1,19.7,28.2,45,18.9,9.4,322,1011.5,0.0
2020-03-18,106.0,57.0,15.0,4.0,1.0,7.0,"Powai, Mumbai",37.2,21.6,28.4,49,15.9,8.9,310,1011.8,0.0
2020-03-19,82.0,50.0,10.0,2.0,1.0,6.0,"Powai, Mumbai",34.1,19.6,26.4,60,17.1,9.5,318,1011.7,0.0
2020-03-20,68.0,48.0,12.0,2.0,1.0,6.0,"Powai, Mumbai",31.7,21.3,25.7,72,14.5,7.4,276,1011.9,0.0
2020-03-21,72.0,40.0,11.0,1.5,1.0,5.0,"Powai, Mumbai",31.9,19.5,25.3,75,16.9,8.7,314,1011.8,0.0
2020-03-22,65.0,56.0,18.0,1.0,1.0,6.0,"Powai, Mumbai",33.3,20.9,26.3,73,20.2,10.1,325,1011.3,0.0
2020-03-23,88.0,67.0,19.0,1.0,1.0,7.0,"Powai, Mumbai",37.0,21.4,28.2,64,19.3,10.0,327,1010.0,0.0
2020-03-24,118.0,61.0,12.0,2.0,1.0,6.0,"Powai, Mumbai",36.4,23.5,29.5,56,19.5,8.6,312,1008.2,0.0
2020-03-25,100.0,57.0,15.0,2.0,1.0,6.0,"Powai, Mumbai",35.2,24.1,29.0,69,15.3,7.9,227,1008.2,0.0
2020-03-26,99.0,58.0,14.0,1.0,1.0,6.0,"Powai, Mumbai",34.4,23.7,28.7,75,16.7,7.2,240,1009.4,1.1
2020-03-27,87.0,52.0,18.0,1.0,1.0,6.0,"Powai, Mumbai",36.3,23.9,29.5,57,20.5,10.7,333,1011.2,0.1
2020-03-28,90.0,54.0,23.0,1.0,1.0,6.0,"Powai, Mumbai",37.2,24.3,29.9,47,21.1,12.1,331,1010.8,0.0
2020-03-29,82.0,51.0,19.0,1.0,4.0,6.0,"Powai, Mumbai",37.8,22.4,29.7,49,20.2,10.9,328,1009.2,0.0
2020-03-30,83.0,47.0,14.0,1.0,4.0,6.0,"Powai, Mumbai",37.6,23.7,29.3,52,16.6,8.5,300,1009.7,0.0
2020-03-31,80.0,46.0,17.0,1.0,4.0,6.0,"Powai, Mumbai",35.6,22.0,28.2,60,19.2,9.9,314,1010.8,0.0
2020-04-01,72.0,59.0,19.0,1.0,1.0,6.0,"Powai, Mumbai",35.8,21.0,28.3,60,18.9,10.6,320,1010.4,0.0
2020-04-02,89.0,67.0,14.0,1.0,1.0,6.0,"Powai, Mumbai",38.5,21.5,29.1,57,20.2,10.4,321,1008.6,0.0
2020-04-03,83.0,65.0,15.0,1.0,1.0,6.0,"Powai, Mumbai",36.2,22.4,28.8,64,20.5,9.4,316,1009.1,0.0
2020-04-04,90.0,62.0,19.0,1.0,1.0,6.0,"Powai, Mumbai",35.8,21.9,28.5,65,18.9,9.5,309,1009.7,0.0
2020-04-05,95.0,50.0,12.0,1.0,1.0,5.0,"Powai, Mumbai",35.9,22.4,28.2,70,17.3,7.8,277,1010.6,0.0
2020-04-06,73.0,59.0,10.0,1.0,1.0,5.0,"Powai, Mumbai",33.2,22.1,27.7,78,15.6,9.4,228,1011.5,0.0
2020-04-07,79.0,72.0,8.0,1.0,1.0,5.0,"Powai, Mumbai",33.7,23.3,27.7,74,16.5,7.5,272,1010.6,0.0
2020-04-08,88.0,70.0,8.0,1.0,1.0,5.0,"Powai, Mumbai",33.9,21.5,27.4,73,16.5,9.1,273,1011.6,0.0
2020-04-09,84.0,67.0,11.0,7.0,1.0,6.0,"Powai, Mumbai",34.3,21.8,27.4,71,20.9,9.1,317,1011.0,0.0
2020-04-10,83.0,68.0,13.0,1.0,1.0,7.0,"Powai, Mumbai",35.8,21.5,28.2,70,19.3,9.2,318,1010.5,0.0
2020-04-11,99.0,64.0,13.0,1.0,1.0,7.0,"Powai, Mumbai",37.0,23.6,29.8,64,17.9,7.9,308,1011.2,0.0
2020-04-12,88.0,60.0,13.0,1.0,1.0,9.0,"Powai, Mumbai",37.0,23.9,29.6,68,16.9,8.2,249,1010.4,0.0
2020-04-13,79.0,58.0,14.0,1.0,2.0,15.0,"Powai, Mumbai",37.4,24.0,29.6,75,18.2,8.4,232,1009.2,0.0
2020-04-14,84.0,51.0,14.0,1.0,2.0,14.857142857142858,"Powai, Mumbai",38.8,24.2,30.5,69,20.4,8.8,276,1008.9,0.0
2020-04-15,78.0,47.0,10.0,1.0,2.0,14.714285714285714,"Powai, Mumbai",39.3,23.8,30.6,69,19.8,9.5,266,1009.7,0.0
2020-04-16,69.0,49.0,11.0,1.0,2.0,14.571428571428571,"Powai, Mumbai",35.3,25.5,29.7,77,16.9,9.5,219,1009.3,0.0
2020-04-17,71.0,48.0,11.0,1.0,2.0,4.5,"Powai, Mumbai",34.5,25.7,29.6,75,16.0,8.1,247,1008.9,0.0
2020-04-18,64.0,57.0,13.0,1.0,2.0,4.5,"Powai, Mumbai",36.8,25.9,30.2,72,18.0,7.3,272,1009.2,0.0
2020-04-19,69.0,59.0,15.0,1.0,3.0,4.5,"Powai, Mumbai",38.7,25.7,31.1,64,19.6,9.2,300,1008.8,0.0
2020-04-20,80.0,52.0,11.0,1.0,2.0,14.0,"Powai, Mumbai",40.2,24.0,31.8,51,20.9,11.2,329,1008.0,0.0
2020-04-21,61.0,52.0,8.0,1.0,2.0,7.0,"Powai, Mumbai",36.5,23.8,29.4,66,17.6,8.2,299,1009.2,0.0
2020-04-22,59.0,53.0,14.0,7.0,1.0,4.0,"Powai, Mumbai",34.7,23.7,29.1,76,19.0,8.0,263,1008.6,0.0
2020-04-23,67.0,42.0,13.0,7.0,1.0,1.0,"Powai, Mumbai",35.8,25.5,29.8,74,18.9,9.6,262,1008.8,0.0
2020-04-24,56.0,44.0,18.0,7.0,1.0,1.0,"Powai, Mumbai",35.9,24.1,29.4,75,18.5,8.9,276,1008.0,0.0
2020-04-25,53.0,48.0,20.0,7.0,1.0,1.0,"Powai, Mumbai",35.2,24.4,29.2,74,16.0,9.1,260,1009.0,0.0
2020-04-26,56.0,44.0,16.0,7.0,1.0,1.0,"Powai, Mumbai",34.8,24.1,28.8,74,20.9,9.1,295,1009.3,0.0
2020-04-27,54.0,49.0,19.0,7.0,1.0,1.0,"Powai, Mumbai",34.0,25.0,29.0,75,18.7,8.8,281,1010.5,0.0
2020-04-28,61.0,56.0,17.0,7.0,1.0,1.0,"Powai, Mumbai",37.3,24.0,29.9,70,23.2,10.8,329,1008.9,0.0
2020-04-29,64.0,56.0,15.0,1.0,1.0,1.0,"Powai, Mumbai",35.7,25.1,30.2,72,15.4,8.2,263,1008.6,0.0
2020-04-30,63.0,186.0,14.0,1.0,1.0,1.0,"Powai, Mumbai",34.6,27.0,30.3,75,15.9,9.8,252,1009.9,0.0
2020-05-01,54.0,102.0,13.0,1.0,1.0,1.0,"Powai, Mumbai",34.7,27.7,30.2,74,17.2,9.5,275,1010.1,0.0
2020-05-02,45.0,18.0,14.0,1.0,1.0,1.0,"Powai, Mumbai",35.5,26.6,30.3,75,19.7,8.8,294,1008.7,0.0
2020-05-03,74.0,13.0,13.0,6.0,1.0,1.0,"Powai, Mumbai",35.7,26.8,30.2,74,18.7,9.0,302,1008.4,0.0
2020-05-04,41.0,8.0,13.0,1.0,1.0,1.0,"Powai, Mumbai",35.2,24.5,29.6,77,18.9,9.4,294,1009.3,0.0
2020-05-05,43.0,27.0,18.0,1.074074074074074,2.0,1.0,"Powai, Mumbai",35.5,25.5,30.0,77,20.5,9.1,300,1008.5,0.0
2020-05-06,42.0,9.0,17.0,1.148148148148148,19.0,1.0,"Powai, Mumbai",37.2,25.4,30.5,74,20.2,8.7,292,1007.4,0.0
2020-05-07,40.0,14.0,14.0,1.2222222222222223,21.0,1.0,"Powai, Mumbai",35.2,23.7,29.2,77,18.6,8.7,279,1008.2,0.0
2020-05-08,50.0,29.0,15.0,6.0,23.0,1.0,"Powai, Mumbai",35.0,25.5,29.7,75,17.5,7.7,279,1008.4,0.0
2020-05-09,46.0,25.0,13.0,6.0,24.0,1.0,"Powai, Mumbai",35.0,25.9,29.9,73,18.7,8.0,292,1008.6,0.0
2020-05-10,46.0,36.0,16.0,6.0,25.0,1.0,"Powai, Mumbai",36.5,25.3,30.1,74,21.0,8.2,299,1008.1,0.0
2020-05-11,57.0,41.0,13.0,6.0,26.0,1.0,"Powai, Mumbai",37.3,25.2,30.4,70,20.0,8.7,308,1008.5,0.0
2020-05-12,47.0,35.0,11.0,6.0,26.0,1.0,"Powai, Mumbai",36.0,24.3,29.6,72,19.3,8.4,306,1007.9,0.0
2020-05-13,48.0,24.0,13.0,6.0,26.0,1.0,"Powai, Mumbai",35.2,25.0,29.9,75,18.0,9.0,289,1007.3,0.0
2020-05-14,52.0,31.0,20.0,6.0,22.0,1.0,"Powai, Mumbai",35.9,26.4,30.6,73,21.7,9.4,305,1006.5,0.0
2020-05-15,58.0,68.0,12.0,6.0,11.5,1.0,"Powai, Mumbai",35.6,26.9,30.8,72,20.3,9.9,307,1006.6,0.0
2020-05-16,81.0,69.0,14.0,6.0,1.0,1.0,"Powai, Mumbai",34.5,27.4,30.6,73,16.4,8.0,293,1006.6,0.0
2020-05-17,91.0,37.0,13.0,6.0,2.0,1.0,"Powai, Mumbai",35.2,27.1,30.5,73,18.7,9.3,294,1006.1,0.0
2020-05-18,67.0,35.0,12.0,6.0,3.0,1.0,"Powai, Mumbai",34.7,27.9,30.7,70,18.9,11.3,302,1005.6,0.0
2020-05-19,52.0,25.0,8.0,6.0,5.0,1.0,"Powai, Mumbai",34.2,27.1,30.2,71,18.6,10.3,289,1005.1,0.0
2020-05-20,43.0,13.0,9.0,6.0,4.0,2.0,"Powai, Mumbai",34.4,26.2,30.0,70,17.1,9.8,264,1005.2,0.0
2020-05-21,35.0,53.0,8.0,6.0,3.0,1.0,"Powai, Mumbai",35.3,26.5,30.2,70,18.0,9.0,266,1006.4,0.0
2020-05-22,38.0,27.0,9.0,6.0,3.0,2.0,"Powai, Mumbai",34.6,26.5,30.0,73,16.9,9.0,269,1007.6,0.0
2020-05-23,43.0,22.0,7.0,6.0,2.0,2.0,"Powai, Mumbai",36.0,25.0,30.0,73,19.8,9.9,296,1007.3,0.0
2020-05-24,41.0,6.0,8.0,6.0,2.0,2.0,"Powai, Mumbai",35.2,26.8,30.6,73,19.0,8.7,291,1007.8,0.0
2020-05-25,37.0,14.0,7.0,6.0,2.0,2.0,"Powai, Mumbai",35.3,27.0,30.6,74,16.7,8.3,285,1008.3,0.0
2020-05-26,41.0,19.0,6.0,6.0,1.0,1.0,"Powai, Mumbai",34.8,26.6,30.4,74,16.6,8.8,267,1008.4,0.2
2020-05-27,37.0,16.0,7.0,6.0,1.0,2.0,"Powai, Mumbai",35.2,26.9,30.4,72,17.3,10.3,270,1008.0,0.1
2020-05-28,34.0,6.0,5.0,6.0,1.0,2.0,"Powai, Mumbai",34.6,27.8,30.7,68,17.4,11.4,260,1007.2,0.0
2020-05-29,20.0,14.0,4.0,6.0,1.0,1.0,"Powai, Mumbai",35.3,27.5,30.9,69,18.4,11.1,261,1007.2,0.9
2020-05-30,26.0,11.0,7.0,6.0,1.0,2.0,"Powai, Mumbai",35.6,27.0,30.8,72,17.8,9.1,286,1007.6,0.2
2020-05-31,29.0,30.0,4.0,3.0,1.0,2.0,"Powai, Mumbai",37.2,27.1,31.2,69,20.6,10.2,305,1007.7,0.1
2020-06-01,62.0,36.0,10.0,3.0,1.0,4.0,"Powai, Mumbai",32.7,26.8,29.5,76,11.9,5.5,222,1008.1,3.6
2020-06-02,84.0,10.0,7.0,1.0,1.0,2.0,"Powai, Mumbai",30.9,25.0,27.6,82,16.6,9.3,44,1005.2,9.1
2020-06-03,31.0,7.0,4.0,3.0,1.0,3.0,"Powai, Mumbai",27.4,24.6,25.8,87,49.2,26.3,5,997.6,122.9
2020-06-04,38.0,10.0,9.0,4.0,1.0,3.0,"Powai, Mumbai",29.5,25.8,27.1,87,14.8,11.0,224,1005.0,8.6
2020-06-05,40.0,17.0,2.0,3.0,1.0,2.0,"Powai, Mumbai",30.4,25.2,27.3,87,20.9,14.0,197,1006.4,8.0
2020-06-06,40.0,24.0,3.0,3.0,1.0,3.0,"Powai, Mumbai",29.5,25.0,26.9,88,20.2,14.7,198,1006.1,8.0
2020-06-07,50.0,6.0,5.0,4.0,1.0,3.0,"Powai, Mumbai",29.4,25.5,27.0,88,19.3,13.4,199,1006.3,5.3
2020-06-08,31.0,12.0,3.0,3.0,1.0,3.0,"Powai, Mumbai",28.9,25.3,26.7,89,16.1,11.1,205,1006.6,6.5
2020-06-09,35.0,17.0,2.0,2.0,1.0,3.0,"Powai, Mumbai",29.6,25.2,27.3,89,13.2,9.6,206,1006.5,7.2
2020-06-10,34.0,11.0,2.0,2.0,1.0,3.0,"Powai, Mumbai",30.5,26.0,27.6,90,13.3,8.4,220,1005.5,13.7
2020-06-11,25.0,8.0,2.0,3.0,1.0,3.0,"Powai, Mumbai",29.8,26.0,27.4,91,13.5,8.4,214,1003.3,13.5
2020-06-12,38.0,12.5,2.0,2.0,1.0,3.0,"Powai, Mumbai",29.4,25.6,27.3,89,10.0,7.0,192,1001.3,5.2
2020-06-13,35.0,17.0,3.0,2.0,1.0,3.0,"Powai, Mumbai",29.1,25.5,27.0,90,11.5,7.2,199,1001.1,14.9
2020-06-14,34.0,11.0,2.0,2.0,1.0,3.0,"Powai, Mumbai",30.6,25.5,27.6,89,13.8,8.8,192,1002.7,8.4
2020-06-15,36.0,5.0,6.0,2.0,1.0,4.0,"Powai, Mumbai",30.1,25.9,27.4,91,12.7,8.4,204,1002.5,22.9
2020-06-16,39.0,8.0,2.0,3.0,1.0,3.0,"Powai, Mumbai",28.5,25.9,27.0,90,13.9,9.2,209,1001.7,21.9
2020-06-17,20.0,10.0,1.5,4.0,1.0,4.0,"Powai, Mumbai",28.9,25.3,26.6,91,16.3,12.0,175,1001.8,13.7
2020-06-18,26.0,10.0,1.0,2.0,1.0,3.0,"Powai, Mumbai",28.4,25.4,26.5,92,23.8,15.7,197,1003.8,26.4
2020-06-19,49.0,22.0,2.0,1.0,1.0,2.0,"Powai, Mumbai",29.6,26.0,27.4,91,16.7,13.6,202,1005.7,6.1
2020-06-20,40.0,68.25,1.8,1.25,1.0,2.25,"Powai, Mumbai",29.5,26.1,27.4,91,15.4,11.9,199,1006.4,5.3
2020-06-23,25.75,207.0,1.2000000000000002,2.0,1.0,3.0,"Powai, Mumbai",29.8,25.3,27.1,87,24.0,17.3,190,1004.4,4.0
2020-06-24,21.0,35.0,1.0,1.0,1.0,3.0,"Powai, Mumbai",30.0,25.6,27.6,87,17.9,12.8,190,1005.1,2.5
2020-06-25,41.0,33.0,1.0,1.0,1.0,3.0,"Powai, Mumbai",30.5,25.5,28.0,86,16.3,9.5,200,1004.5,6.7
2020-06-26,46.0,49.0,1.0,1.0,1.0,3.0,"Powai, Mumbai",30.5,25.8,27.8,88,11.1,5.8,194,1004.1,9.9
2020-06-27,61.0,32.0,1.0,1.0,1.0,3.0,"Powai, Mumbai",30.3,26.3,28.1,87,13.0,7.9,209,1004.6,5.8
2020-06-28,46.0,15.0,1.0,1.0,1.0,2.0,"Powai, Mumbai",31.0,26.0,28.0,87,14.6,8.7,208,1004.6,14.7
2020-06-29,25.0,11.0,1.0,1.0,1.0,3.0,"Powai, Mumbai",28.4,25.9,26.8,91,10.0,6.0,202,1004.0,16.5
2020-06-30,17.0,13.0,36.0,2.0,1.0,3.0,"Powai, Mumbai",28.9,25.8,27.0,90,13.4,8.5,173,1002.6,11.2
2020-07-01,24.0,16.0,71.0,1.0,26.0,3.0,"Powai, Mumbai",29.5,25.4,26.8,91,18.2,12.7,186,1003.5,11.1
2020-07-02,24.0,13.0,1.0,1.0,19.0,3.0,"Powai, Mumbai",29.6,25.5,27.1,90,17.2,11.9,201,1003.2,14.9
2020-07-03,29.0,12.0,2.0,1.0,19.0,3.0,"Powai, Mumbai",30.1,25.8,27.0,91,16.0,11.2,237,1002.5,30.7
2020-07-04,24.0,23.0,1.0,1.0,18.0,2.0,"Powai, Mumbai",27.3,25.6,26.3,94,28.2,15.0,240,1000.5,151.0
2020-07-05,33.0,72.0,8.0,1.0,21.0,2.0,"Powai, Mumbai",27.3,25.8,26.4,93,22.5,18.2,227,1000.6,59.1
2020-07-06,106.0,23.0,7.0,1.0,20.0,3.0,"Powai, Mumbai",29.0,25.6,27.0,90,30.3,23.1,217,999.5,20.4
2020-07-07,28.0,26.0,2.0,1.0,19.0,3.0,"Powai, Mumbai",27.7,25.8,26.6,93,23.7,18.6,220,1000.7,34.5
2020-07-08,35.0,28.0,2.0,1.0,20.0,3.0,"Powai, Mumbai",28.3,25.4,26.7,92,21.1,15.3,207,1004.2,25.3
2020-07-09,34.0,33.0,2.0,1.0,20.0,2.0,"Powai, Mumbai",28.4,25.6,26.6,93,18.2,13.6,201,1004.3,12.3
2020-07-10,27.0,31.0,2.0,1.0,20.0,2.0,"Powai, Mumbai",29.0,25.7,26.7,92,19.5,14.5,204,1004.6,9.9
2020-07-11,33.0,17.0,1.0,1.0,20.0,3.0,"Powai, Mumbai",28.2,25.2,26.5,91,20.2,15.1,212,1004.8,10.4
2020-07-12,37.0,18.0,1.0,1.0,20.0,3.0,"Powai, Mumbai",28.6,25.4,26.4,92,16.1,11.9,212,1005.0,13.4
2020-07-13,33.0,20.0,1.0,2.0,20.0,4.0,"Powai, Mumbai",28.3,25.4,26.4,93,15.8,10.5,222,1004.2,34.5
2020-07-14,37.0,9.0,1.0,1.0,20.0,3.0,"Powai, Mumbai",28.9,25.2,26.5,93,14.5,8.3,228,1003.7,40.7
2020-07-15,25.0,10.0,2.0,1.0,20.0,3.0,"Powai, Mumbai",27.0,25.3,26.0,94,14.1,8.2,241,1002.0,30.7
2020-07-16,17.0,15.0,1.0,2.0,21.0,3.0,"Powai, Mumbai",27.4,25.1,25.9,94,20.5,14.6,205,999.2,50.5
2020-07-17,31.0,29.0,1.0,1.0,21.0,3.0,"Powai, Mumbai",28.0,25.0,26.3,91,27.2,18.3,189,999.2,21.5
2020-07-18,36.0,28.0,2.0,1.0,20.0,3.0,"Powai, Mumbai",28.2,25.2,26.5,92,20.9,16.6,188,1003.0,9.2
2020-07-19,163.0,32.0,1.0,1.0,18.0,3.0,"Powai, Mumbai",29.3,25.2,27.0,90,14.8,10.4,203,1005.7,4.9
2020-07-20,143.57142857142858,39.0,1.0,2.0,18.0,3.0,"Powai, Mumbai",28.8,25.8,26.9,92,11.9,8.9,204,1004.2,10.2
2020-07-21,124.14285714285714,27.0,1.0,2.0,18.0,3.0,"Powai, Mumbai",29.2,25.5,26.8,90,12.2,9.8,197,1004.8,3.8
2020-07-22,104.71428571428572,19.0,1.0,2.0,18.0,3.0,"Powai, Mumbai",30.0,25.4,27.4,89,12.6,6.7,206,1006.0,5.3
2020-07-23,52.0,31.0,1.0,3.0,18.0,5.0,"Powai, Mumbai",29.3,25.6,27.1,91,9.5,5.7,218,1005.4,11.1
2020-07-24,52.0,39.0,1.0,2.0,18.0,6.0,"Powai, Mumbai",27.8,25.4,26.5,91,11.0,5.2,188,1006.0,25.6
2020-07-25,52.0,9.0,1.0,2.0,1.0,3.0,"Powai, Mumbai",29.0,25.2,26.8,89,14.8,8.0,200,1006.1,8.4
2020-07-26,27.0,11.0,1.0,1.0,1.1428571428571428,3.0,"Powai, Mumbai",29.2,24.7,26.7,88,17.0,9.5,184,1007.0,12.2
2020-07-27,17.0,15.0,1.0,2.0,1.2857142857142856,4.0,"Powai, Mumbai",29.0,25.0,26.4,90,14.8,9.7,218,1007.9,16.9
2020-07-28,4.0,27.0,1.0,1.0,1.4285714285714286,6.0,"Powai, Mumbai",28.5,25.2,26.7,90,12.6,7.0,241,1006.6,10.6
2020-07-29,37.0,15.0,1.0,1.0,5.0,4.0,"Powai, Mumbai",29.0,25.4,26.7,91,13.4,6.0,243,1004.6,26.7
2020-07-30,5.0,18.0,3.0,1.0,5.0,4.0,"Powai, Mumbai",28.2,25.0,26.1,94,12.6,7.5,221,1004.3,66.1
2020-07-31,4.0,18.0,1.0,2.0,5.0,3.0,"Powai, Mumbai",29.4,25.5,27.0,90,12.4,8.4,198,1004.0,13.3
2020-08-01,5.0,17.0,1.0,4.0,2.0,3.0,"Powai, Mumbai",30.3,25.4,27.4,89,17.9,10.6,187,1003.3,2.1
2020-08-02,52.0,10.0,1.0,3.0,2.0,3.0,"Powai, Mumbai",30.5,25.6,27.5,86,23.2,14.0,178,1002.4,2.7
2020-08-03,16.0,9.0,2.0,1.0,2.0,3.0,"Powai, Mumbai",28.0,25.7,26.4,92,26.1,15.3,202,1000.2,21.3
2020-08-04,3.0,13.0,4.0,1.0,2.0,3.0,"Powai, Mumbai",26.9,25.9,26.4,92,41.4,25.2,226,996.6,151.5
2020-08-05,1.0,12.0,6.0,1.0,2.0,3.0,"Powai, Mumbai",26.6,25.6,26.1,94,34.0,18.7,255,995.0,160.8
2020-08-06,1.0,23.5,4.0,1.0,1.5,3.0,"Powai, Mumbai",28.1,26.0,26.8,90,40.2,23.9,236,995.4,62.2
2020-08-07,2.5,35.0,2.0,2.0,1.0,3.0,"Powai, Mumbai",28.3,25.6,26.7,91,26.0,21.0,220,1001.5,12.6
2020-08-08,4.0,42.0,2.0,1.0,1.0,3.0,"Powai, Mumbai",29.4,25.4,26.9,88,25.2,18.6,229,1004.7,8.6
2020-08-09,57.0,37.0,3.5,1.0,6.0,2.0,"Powai, Mumbai",28.4,25.5,26.8,88,19.3,13.9,237,1004.2,5.3
2020-08-10,47.0,80.0,5.0,1.0,21.0,1.6666666666666667,"Powai, Mumbai",27.6,25.0,25.9,93,15.5,12.1,223,1004.1,13.9
2020-08-11,208.0,23.0,5.0,1.0,2.0,1.3333333333333337,"Powai, Mumbai",26.5,25.1,25.8,93,16.6,13.3,226,1005.6,25.8
2020-08-12,159.75,26.0,1.0,2.0,1.0,1.0,"Powai, Mumbai",27.2,25.1,25.9,93,20.4,16.3,235,1006.8,24.2
2020-08-13,111.5,21.0,2.0,2.0,1.0,1.0,"Powai, Mumbai",27.6,25.1,25.9,92,22.6,16.4,238,1004.7,25.1
2020-08-14,63.25,29.0,2.0,1.0,1.0,1.0,"Powai, Mumbai",26.2,25.0,25.3,94,22.0,18.8,227,1002.8,48.0
2020-08-15,15.0,35.0,2.0,1.0,1.0,1.0,"Powai, Mumbai",26.4,25.0,25.6,94,20.1,16.6,229,1002.6,41.9
2020-08-16,32.0,25.0,1.0,1.0,1.0,1.0,"Powai, Mumbai",27.0,25.1,25.8,93,19.2,15.1,240,1003.5,30.1
2020-08-17,53.0,23.0,1.0,1.0,1.0,1.0,"Powai, Mumbai",26.8,24.9,25.5,93,17.7,14.6,236,1003.3,28.5
2020-08-18,28.0,21.0,1.0,1.0,1.0,1.0,"Powai, Mumbai",27.2,24.9,25.7,93,18.6,14.5,227,1004.7,15.6
2020-08-19,23.0,21.0,1.0,2.0,5.0,1.0,"Powai, Mumbai",28.5,24.9,26.2,91,23.0,15.2,238,1004.2,10.8
2020-08-20,18.0,15.0,1.0,1.0,5.0,1.0,"Powai, Mumbai",27.4,25.1,25.7,93,16.7,13.3,236,1003.3,26.9
2020-08-21,13.000000000000002,18.0,1.0,1.0,5.0,1.0,"Powai, Mumbai",27.3,24.9,25.7,94,18.2,15.2,228,1004.3,40.0
2020-08-22,8.0,23.0,1.0,1.0,5.0,2.0,"Powai, Mumbai",27.6,25.2,26.2,92,20.6,15.8,228,1005.2,15.1
2020-08-23,4.0,26.0,1.0,1.0,1.0,3.0,"Powai, Mumbai",28.0,25.0,26.3,90,22.8,17.8,224,1005.7,7.3
2020-08-24,60.0,26.0,1.0,2.0,1.0,1.0,"Powai, Mumbai",29.2,25.1,26.7,88,24.4,17.7,226,1006.3,7.0
2020-08-25,31.0,20.0,1.0,1.0,1.0,1.0,"Powai, Mumbai",29.2,25.2,26.7,88,23.3,14.3,224,1008.5,4.9
2020-08-26,9.0,23.0,1.0,1.0,1.0,1.0,"Powai, Mumbai",29.5,24.9,26.7,87,19.4,11.9,214,1008.9,3.7
2020-08-27,5.0,17.0,1.0,2.0,5.0,2.0,"Powai, Mumbai",27.6,24.8,25.8,93,15.6,9.9,216,1007.9,8.4
2020-08-28,1.0,14.0,1.0,2.0,5.0,2.0,"Powai, Mumbai",27.0,24.9,25.5,94,18.2,11.7,218,1006.1,26.1
2020-08-29,6.0,17.0,1.0,2.0,5.0,2.0,"Powai, Mumbai",25.8,24.5,25.2,95,16.1,12.4,222,1005.5,32.9
2020-08-30,9.0,22.0,1.0,1.0,5.0,1.0,"Powai, Mumbai",26.8,24.8,25.4,94,21.3,14.7,212,1005.6,16.0
2020-08-31,109.0,16.0,1.3333333333333333,1.0,5.0,1.0,"Powai, Mumbai",28.0,24.5,26.0,91,18.3,13.6,216,1007.6,12.5
2020-09-01,33.0,27.5,1.6666666666666663,1.0,5.0,1.5,"Powai, Mumbai",28.6,24.5,26.2,91,11.6,7.8,231,1009.1,3.7
2020-09-02,34.5,39.0,2.0,1.0,5.0,2.0,"Powai, Mumbai",29.9,24.5,26.8,88,15.5,6.0,316,1008.4,1.9
2020-09-03,36.0,49.0,6.0,2.0,5.0,4.0,"Powai, Mumbai",30.7,24.8,27.3,88,11.5,5.9,337,1007.4,3.6
2020-09-04,27.0,42.0,5.0,2.0,5.0,4.0,"Powai, Mumbai",32.1,25.0,28.0,87,10.3,4.6,344,1006.6,4.5
2020-09-05,41.0,57.0,3.0,2.0,5.0,5.0,"Powai, Mumbai",32.0,24.8,28.2,86,10.7,5.1,298,1006.0,1.8
2020-09-06,49.0,24.0,2.0,2.0,5.0,3.0,"Powai, Mumbai",30.5,26.5,28.1,90,10.6,4.8,298,1005.2,14.9
2020-09-07,53.0,30.0,1.0,2.0,1.0,3.0,"Powai, Mumbai",29.2,25.8,27.3,88,14.4,6.0,213,1006.7,3.0
2020-09-08,61.0,41.333333333333336,2.0,2.0,1.0,4.0,"Powai, Mumbai",30.5,24.5,27.1,90,13.2,6.1,312,1007.2,15.4
2020-09-09,37.0,52.66666666666667,2.0,3.0,1.0,4.0,"Powai, Mumbai",30.9,25.8,27.9,89,11.4,5.3,326,1005.7,9.4
2020-09-10,136.5,64.0,2.0,2.0,1.0,4.0,"Powai, Mumbai",29.9,25.9,27.5,89,9.7,5.4,231,1003.9,4.7
2020-09-11,236.0,17.0,1.0,2.0,1.0,2.0,"Powai, Mumbai",29.8,25.8,27.1,91,12.7,5.2,297,1003.3,30.0
2020-09-12,29.0,27.0,1.0,1.0,1.0,2.0,"Powai, Mumbai",29.5,24.7,26.6,88,29.6,15.3,183,1004.2,9.2
2020-09-13,51.0,31.0,1.0,1.0,1.0,3.0,"Powai, Mumbai",28.3,25.4,26.7,86,19.2,13.2,217,1006.9,6.1
2020-09-14,57.0,29.0,1.0,1.0,1.0,4.0,"Powai, Mumbai",28.8,25.1,26.3,91,11.4,7.4,211,1006.7,11.1
2020-09-15,60.0,27.0,1.0,1.0,1.0,4.0,"Powai, Mumbai",28.8,24.5,26.2,91,11.7,6.4,193,1006.4,18.1
2020-09-16,57.0,28.0,1.0,1.0,1.0,4.0,"Powai, Mumbai",28.5,24.7,26.3,91,11.1,4.9,230,1006.7,11.0
2020-09-17,57.0,37.0,1.0,1.0,1.0,5.0,"Powai, Mumbai",28.2,25.1,26.4,91,11.7,5.5,237,1007.0,15.9
2020-09-18,74.0,35.0,1.0,1.0,1.0,5.0,"Powai, Mumbai",28.0,24.9,26.3,87,9.7,5.1,235,1006.3,11.3
2020-09-19,75.0,31.0,1.0,1.0,1.0,4.0,"Powai, Mumbai",29.6,24.4,26.8,89,12.6,5.0,304,1004.0,5.6
2020-09-20,70.0,40.0,1.0,2.0,1.0,5.0,"Powai, Mumbai",29.6,25.1,26.8,91,14.7,5.3,329,1002.1,8.6
2020-09-21,83.0,41.0,1.0,3.0,1.0,6.0,"Powai, Mumbai",31.2,25.0,27.1,91,11.6,4.2,278,1000.6,19.6
2020-09-22,95.0,36.0,1.0,3.0,1.0,5.5,"Powai, Mumbai",29.8,25.1,26.7,92,12.0,5.0,205,1001.1,20.2
2020-09-23,76.5,31.0,1.0,3.0,1.0,5.0,"Powai, Mumbai",26.5,25.1,25.8,95,17.7,10.3,232,1003.2,120.7
2020-09-24,58.0,31.0,1.0,2.0,1.0,4.0,"Powai, Mumbai",29.3,24.9,26.7,91,12.8,8.0,207,1007.0,8.7
2020-09-25,57.0,38.0,1.0,1.0,1.0,2.0,"Powai, Mumbai",28.0,25.0,26.4,90,14.1,7.0,242,1007.7,7.8
2020-09-26,58.0,39.0,1.0,2.0,1.0,3.0,"Powai, Mumbai",29.7,24.5,26.6,84,14.8,7.4,266,1007.6,1.7
2020-09-27,67.0,44.0,2.0,3.0,1.0,4.0,"Powai, Mumbai",28.4,24.1,26.1,88,10.6,6.3,231,1008.8,2.0
2020-09-28,76.0,50.0,3.0,3.0,1.0,4.0,"Powai, Mumbai",28.7,24.3,26.3,88,9.7,4.3,241,1009.3,3.3
2020-09-29,82.0,48.0,3.0,3.0,5.0,3.0,"Powai, Mumbai",29.5,24.0,26.4,88,11.6,4.9,317,1008.6,0.3
2020-09-30,80.0,42.0,3.0,2.0,5.0,2.0,"Powai, Mumbai",29.7,23.9,26.6,85,13.4,5.7,312,1007.7,0.5
2020-10-01,212.0,51.0,4.0,2.0,9.0,3.0,"Powai, Mumbai",29.6,24.3,26.8,84,13.6,5.9,316,1008.3,0.6
2020-10-02,102.0,56.0,4.0,4.0,9.0,4.0,"Powai, Mumbai",30.6,24.5,27.0,86,11.6,5.4,342,1008.3,1.2
2020-10-03,112.0,35.0,3.0,5.0,9.0,4.0,"Powai, Mumbai",30.1,24.3,27.1,89,10.9,4.8,309,1008.3,2.3
2020-10-04,85.0,38.0,2.0,2.0,9.0,3.0,"Powai, Mumbai",28.5,24.2,26.3,90,10.8,4.6,226,1009.8,8.6
2020-10-05,74.0,54.0,4.0,2.0,9.0,3.0,"Powai, Mumbai",29.2,24.6,26.7,88,13.3,5.6,297,1009.4,1.0
2020-10-06,95.0,60.0,5.0,3.0,9.0,4.0,"Powai, Mumbai",31.4,24.0,27.1,86,14.3,6.7,351,1008.6,0.1
2020-10-07,121.0,70.0,4.0,4.0,9.0,5.0,"Powai, Mumbai",31.5,24.7,27.7,87,12.3,5.8,330,1009.1,1.0
2020-10-08,143.0,55.0,1.0,1.0,1.0,4.0,"Powai, Mumbai",32.4,25.6,28.3,83,12.5,6.2,333,1008.2,0.3
2020-10-09,117.0,75.0,3.0,8.0,1.0,7.0,"Powai, Mumbai",33.8,26.0,29.3,75,11.5,6.4,10,1007.3,0.3
2020-10-10,161.0,63.0,2.0,4.0,1.0,6.0,"Powai, Mumbai",31.5,26.0,28.2,84,10.2,5.6,174,1007.2,11.4
2020-10-11,138.0,77.0,1.0,7.0,2.0,8.0,"Powai, Mumbai",30.1,26.0,27.4,90,6.0,4.1,147,1005.8,4.5
2020-10-12,159.0,69.5,5.0,7.5,3.666666666666667,7.0,"Powai, Mumbai",31.1,25.2,27.7,86,10.0,4.9,339,1003.7,3.0
2020-10-13,140.5,62.0,9.0,8.0,5.333333333333334,6.0,"Powai, Mumbai",32.3,25.4,27.9,89,9.2,3.5,130,1003.1,5.2
2020-10-14,122.0,33.0,13.0,5.0,7.0,4.0,"Powai, Mumbai",30.4,25.5,27.5,91,6.9,3.1,140,1003.4,8.2
2020-10-15,81.0,34.0,5.0,6.0,6.0,5.0,"Powai, Mumbai",31.8,25.2,27.9,86,14.2,7.7,7,1001.0,28.5
2020-10-16,71.0,62.0,4.75,6.0,5.0,5.0,"Powai, Mumbai",31.0,25.1,27.7,78,20.5,12.6,136,1001.5,0.8
2020-10-17,85.0,59.333333333333336,4.5,5.0,4.0,4.666666666666667,"Powai, Mumbai",30.5,25.5,27.4,79,16.5,12.5,172,1005.2,3.9
2020-10-19,141.0,54.0,4.0,3.0,9.0,4.0,"Powai, Mumbai",30.1,25.3,26.8,89,12.0,4.8,287,1008.0,4.2
2020-10-20,169.0,52.0,4.0,5.0,1.0,5.0,"Powai, Mumbai",31.2,24.5,27.3,90,11.9,5.3,1,1007.3,5.1
2020-10-21,115.0,53.0,4.0,5.0,1.0,6.0,"Powai, Mumbai",31.4,24.7,27.2,88,11.2,4.6,9,1007.8,16.0
2020-10-22,120.0,51.0,12.0,5.0,1.0,5.0,"Powai, Mumbai",30.8,24.2,26.6,90,12.7,5.6,356,1006.9,20.4
2020-10-23,108.0,73.0,4.0,6.0,1.0,8.0,"Powai, Mumbai",31.2,24.1,27.2,87,8.4,4.0,333,1006.8,3.3
2020-10-24,145.0,68.0,6.0,6.0,9.0,6.5,"Powai, Mumbai",29.4,24.9,27.0,91,9.4,5.4,184,1008.4,1.4
2020-10-25,138.5,63.0,8.0,6.0,9.0,5.0,"Powai, Mumbai",30.4,23.9,26.9,90,10.2,5.1,342,1010.1,6.2
2020-10-26,132.0,63.0,12.0,9.0,9.0,6.0,"Powai, Mumbai",32.2,24.2,27.7,81,11.2,5.7,36,1011.2,0.0
2020-10-27,126.0,72.0,18.0,9.0,9.0,7.0,"Powai, Mumbai",32.8,24.0,27.5,72,11.1,6.7,9,1010.3,0.0
2020-10-28,145.0,73.0,20.0,9.0,9.0,7.0,"Powai, Mumbai",33.2,22.8,27.2,76,10.2,5.6,350,1010.7,0.0
2020-10-29,155.0,68.0,19.0,7.0,1.0,6.0,"Powai, Mumbai",31.9,22.0,26.9,78,10.2,5.7,2,1011.3,0.0
2020-10-30,141.0,61.0,16.0,8.0,1.0,6.0,"Powai, Mumbai",32.7,21.7,26.5,75,11.0,6.7,360,1011.1,0.0
2020-10-31,125.0,62.0,15.0,7.0,1.0,5.0,"Powai, Mumbai",32.8,20.5,26.1,70,12.6,6.5,3,1011.1,0.0
2020-11-01,129.0,82.0,26.0,10.0,1.0,8.0,"Powai, Mumbai",32.4,21.4,26.4,73,11.0,6.0,345,1011.8,0.0
2020-11-02,155.0,90.0,27.0,8.0,1.0,8.0,"Powai, Mumbai",33.2,22.8,27.4,73,8.9,5.3,14,1012.5,0.1
2020-11-03,165.0,86.0,36.0,10.0,1.0,9.0,"Powai, Mumbai",34.2,23.0,28.0,63,12.0,7.6,26,1012.2,0.0
2020-11-04,164.0,80.0,30.0,9.0,1.0,7.0,"Powai, Mumbai",34.0,22.1,27.4,64,12.0,7.1,21,1011.8,0.0
2020-11-05,158.0,75.0,28.0,9.0,1.0,7.0,"Powai, Mumbai",33.8,21.3,26.9,58,11.3,8.0,36,1012.3,0.0
2020-11-06,150.0,80.0,28.0,12.0,1.0,8.0,"Powai, Mumbai",33.3,21.0,26.3,56,13.4,9.6,35,1013.8,0.0
2020-11-07,160.0,76.0,29.0,7.0,1.0,6.0,"Powai, Mumbai",33.8,19.6,26.2,54,12.5,9.0,33,1014.2,0.0
2020-11-08,154.0,78.0,28.0,10.0,1.0,7.0,"Powai, Mumbai",34.3,22.0,27.5,54,12.7,8.9,46,1014.1,0.0
2020-11-09,152.0,83.0,33.0,13.0,1.0,8.0,"Powai, Mumbai",33.5,21.0,26.5,55,12.1,7.9,14,1013.5,0.0
2020-11-10,161.0,116.0,39.0,11.0,1.0,8.0,"Powai, Mumbai",33.0,19.0,25.3,55,12.4,8.2,44,1011.4,0.0
2020-11-11,189.0,112.0,42.0,9.0,1.0,8.0,"Powai, Mumbai",32.9,18.4,24.7,55,12.3,8.9,42,1012.0,0.0
2020-11-12,183.0,96.0,29.0,10.0,1.0,8.0,"Powai, Mumbai",33.0,18.6,25.0,48,13.8,9.6,30,1013.0,0.0
2020-11-13,163.0,90.0,34.0,9.0,1.0,7.0,"Powai, Mumbai",34.2,19.5,26.3,59,13.9,9.4,22,1012.0,0.0
2020-11-14,152.0,66.0,32.0,6.0,1.0,7.0,"Powai, Mumbai",35.0,22.0,27.9,63,13.0,8.7,35,1010.4,0.0
2020-11-15,140.0,100.0,35.0,6.0,1.0,6.0,"Powai, Mumbai",34.2,23.6,28.2,66,13.0,7.3,337,1010.6,0.0
2020-11-16,176.0,94.0,39.0,6.0,1.0,6.0,"Powai, Mumbai",35.3,23.0,28.6,60,15.3,8.9,7,1010.9,0.0
2020-11-17,161.0,111.0,43.0,10.0,1.0,8.0,"Powai, Mumbai",35.7,24.2,28.9,59,16.6,9.1,7,1009.9,0.0
2020-11-18,180.0,99.0,41.0,7.0,1.0,7.0,"Powai, Mumbai",32.8,23.4,27.9,66,11.2,7.3,319,1009.9,0.1
2020-11-19,183.0,100.0,44.0,11.0,1.0,7.0,"Powai, Mumbai",33.5,24.5,28.2,62,14.3,8.2,356,1010.1,0.1
2020-11-20,173.0,68.0,33.0,10.0,1.0,7.0,"Powai, Mumbai",33.3,23.7,27.7,57,13.1,8.6,352,1011.4,0.0
2020-11-21,170.0,79.0,54.0,10.0,1.0,8.0,"Powai, Mumbai",33.5,21.3,26.9,57,14.2,8.0,342,1011.9,0.0
2020-11-22,159.0,50.0,22.0,7.0,1.0,6.0,"Powai, Mumbai",33.4,19.9,25.9,69,14.8,7.4,336,1012.6,0.0
2020-11-23,107.0,74.0,33.0,11.0,1.0,7.0,"Powai, Mumbai",33.4,19.6,25.9,66,15.5,8.3,334,1013.0,0.0
2020-11-24,155.0,90.0,48.0,16.0,1.0,10.0,"Powai, Mumbai",33.2,20.2,25.9,62,15.5,6.7,331,1011.9,0.0
2020-11-25,167.0,89.0,36.0,11.0,1.0,6.0,"Powai, Mumbai",33.2,21.9,26.4,64,15.6,6.9,344,1011.0,0.0
2020-11-26,167.0,110.0,80.0,7.0,2.0,3.0,"Powai, Mumbai",33.2,19.5,26.3,59,19.1,10.1,352,1011.4,0.0
2020-11-27,174.0,70.0,14.0,10.0,24.0,4.0,"Powai, Mumbai",33.7,23.0,27.6,41,20.5,14.4,48,1012.8,0.0
2020-11-28,135.0,55.0,12.0,12.0,3.0,4.0,"Powai, Mumbai",33.5,22.5,27.3,49,16.6,11.6,59,1013.2,0.0
2020-11-29,103.0,93.0,14.0,5.0,2.0,5.0,"Powai, Mumbai",33.2,23.5,27.4,63,13.9,7.7,36,1013.1,0.0
2020-11-30,163.0,72.0,7.0,3.0,3.0,7.0,"Powai, Mumbai",33.8,21.8,27.3,65,14.9,7.7,356,1013.2,0.0
2020-12-01,159.0,81.0,27.0,8.0,3.0,7.0,"Powai, Mumbai",34.7,23.5,28.4,60,14.8,8.1,2,1013.1,0.0
2020-12-02,159.0,81.0,30.0,9.0,3.0,7.0,"Powai, Mumbai",34.4,22.6,27.6,61,16.9,9.3,8,1012.0,0.0
2020-12-03,157.0,78.0,28.0,9.0,3.0,6.0,"Powai, Mumbai",33.7,20.7,26.3,60,14.7,8.4,18,1011.5,0.0
2020-12-04,157.0,80.0,32.0,10.0,3.0,7.0,"Powai, Mumbai",33.8,19.2,25.7,60,11.7,7.3,36,1010.7,0.0
2020-12-05,156.0,71.0,17.0,10.0,3.0,6.0,"Powai, Mumbai",34.0,17.8,25.1,61,11.2,7.2,25,1011.2,0.0
2020-12-06,139.0,74.0,18.0,10.0,3.0,6.0,"Powai, Mumbai",33.8,18.3,25.2,49,11.8,8.4,45,1012.3,0.0
2020-12-07,141.0,69.0,23.0,10.0,4.0,5.0,"Powai, Mumbai",33.8,18.7,25.4,49,11.8,9.2,40,1013.6,0.0
2020-12-08,136.0,76.0,5.0,12.0,3.0,6.0,"Powai, Mumbai",34.5,19.5,25.7,50,13.4,9.2,27,1013.4,0.0
2020-12-09,147.0,88.0,35.0,17.0,2.0,9.0,"Powai, Mumbai",34.2,20.5,26.4,56,13.8,7.6,15,1012.1,0.0
2020-12-10,162.0,76.0,23.0,8.0,2.0,7.0,"Powai, Mumbai",33.0,23.4,27.6,62,13.3,6.0,321,1011.5,0.0
2020-12-11,158.0,70.0,24.0,7.0,2.0,7.0,"Powai, Mumbai",28.4,23.5,25.7,70,11.4,6.4,340,1012.5,0.8
2020-12-12,155.0,65.0,23.0,6.0,2.0,6.0,"Powai, Mumbai",31.5,22.2,25.7,75,12.7,6.4,10,1011.7,0.7
2020-12-13,146.0,52.0,14.0,8.0,2.0,6.0,"Powai, Mumbai",29.9,22.3,25.0,73,11.7,7.0,4,1010.9,0.0
2020-12-14,120.0,77.0,39.0,7.0,2.0,7.0,"Powai, Mumbai",28.0,22.0,23.8,86,8.3,5.5,4,1011.4,17.7
2020-12-15,162.0,90.0,39.0,8.0,2.0,7.0,"Powai, Mumbai",30.6,21.0,24.8,80,16.3,9.3,346,1012.6,0.0
2020-12-16,172.0,81.0,63.0,9.0,2.0,7.0,"Powai, Mumbai",31.1,20.8,25.1,76,14.5,8.7,349,1013.7,0.0
2020-12-17,166.0,82.0,36.0,11.0,2.0,7.0,"Powai, Mumbai",31.6,20.8,25.3,74,13.7,9.1,1,1013.9,0.0
2020-12-18,156.0,79.0,34.0,9.0,3.0,7.0,"Powai, Mumbai",32.2,20.1,25.0,72,12.3,8.3,13,1013.5,0.0
2020-12-19,160.0,79.0,39.0,8.0,3.0,6.0,"Powai, Mumbai",32.5,19.8,25.1,63,13.1,9.5,28,1014.0,0.0
2020-12-20,160.0,76.0,37.0,13.0,4.0,7.0,"Powai, Mumbai",31.5,20.0,24.7,56,14.6,10.2,29,1014.6,0.0
2020-12-21,146.0,73.0,41.0,13.0,4.0,6.0,"Powai, Mumbai",31.6,17.2,23.6,52,13.5,9.0,33,1013.5,0.0
2020-12-22,138.0,76.0,51.0,15.0,3.0,7.0,"Powai, Mumbai",32.0,15.2,22.7,55,11.0,8.0,28,1012.3,0.0
2020-12-23,152.0,89.0,54.0,16.0,4.0,8.0,"Powai, Mumbai",31.4,14.6,22.7,59,10.8,7.1,3,1011.1,0.0
2020-12-24,164.0,103.0,61.0,15.0,4.0,10.0,"Powai, Mumbai",32.8,15.3,23.5,59,13.5,8.4,14,1010.0,0.0
2020-12-25,173.0,97.0,51.0,14.0,4.0,9.0,"Powai, Mumbai",34.0,17.3,25.0,58,11.6,7.7,28,1010.6,0.0
2020-12-26,170.0,106.0,71.0,11.0,3.0,9.0,"Powai, Mumbai",33.8,18.9,25.3,61,14.1,7.4,359,1011.9,0.0
2020-12-27,180.0,84.0,42.0,7.0,3.0,5.0,"Powai, Mumbai",32.5,19.2,24.9,65,17.4,10.1,339,1012.1,0.0
2020-12-28,140.0,96.0,61.0,15.0,3.0,7.0,"Powai, Mumbai",30.2,17.4,23.0,47,17.3,10.7,342,1012.1,0.0
2020-12-29,159.0,109.0,57.0,16.0,3.0,6.0,"Powai, Mumbai",30.0,14.6,21.6,60,14.2,8.8,331,1011.3,0.0
2020-12-30,169.0,102.0,57.0,12.0,4.0,5.0,"Powai, Mumbai",31.1,15.7,22.7,66,15.0,8.8,339,1011.4,0.0
2020-12-31,172.0,107.0,57.0,13.0,4.0,7.0,"Powai, Mumbai",33.8,17.8,24.5,66,14.8,9.6,8,1011.0,0.0
2021-01-01,183.0,119.0,55.0,13.0,3.0,7.0,"Powai, Mumbai",33.3,19.9,25.5,69,15.2,7.5,317,1011.3,0.0
2021-01-02,196.0,115.0,67.0,12.0,4.0,6.0,"Powai, Mumbai",31.0,21.6,25.2,73,12.9,7.0,309,1012.0,0.0
2021-01-03,187.0,122.0,58.5,11.0,4.0,8.0,"Powai, Mumbai",30.8,20.1,24.4,68,13.7,7.3,328,1010.6,0.0
2021-01-04,190.0,118.0,50.0,10.0,4.0,7.0,"Powai, Mumbai",29.8,20.3,24.1,65,12.5,7.5,314,1010.6,0.1
2021-01-05,191.0,129.0,34.0,10.0,21.0,8.0,"Powai, Mumbai",30.4,19.9,24.2,67,17.6,8.1,339,1011.7,0.4
2021-01-06,203.0,127.0,68.0,17.0,1.0,7.0,"Powai, Mumbai",31.0,21.0,25.1,58,16.0,9.4,339,1011.2,0.1
2021-01-07,198.0,106.0,27.0,16.0,1.0,8.0,"Powai, Mumbai",32.0,20.6,26.0,68,11.8,5.4,352,1009.2,0.3
2021-01-08,182.0,87.0,40.0,7.0,1.0,6.0,"Powai, Mumbai",30.2,22.7,25.6,82,7.6,4.7,346,1008.7,3.8
2021-01-09,195.0,95.0,60.0,11.0,1.0,7.0,"Powai, Mumbai",31.9,22.2,26.5,76,13.8,7.7,355,1009.3,0.3
2021-01-10,170.0,85.0,64.0,6.0,3.0,6.0,"Powai, Mumbai",32.9,23.4,27.6,72,10.7,7.2,22,1010.0,0.0
2021-01-11,160.0,91.0,60.0,7.0,1.0,7.0,"Powai, Mumbai",34.1,23.4,27.7,67,13.8,7.3,351,1011.0,0.0
2021-01-12,163.0,147.0,43.0,9.0,1.0,4.0,"Powai, Mumbai",35.3,23.2,28.1,63,16.3,9.7,358,1011.6,0.0
2021-01-13,174.0,85.0,72.0,13.0,1.0,5.0,"Powai, Mumbai",34.8,22.4,27.6,55,15.3,10.2,6,1011.3,0.0
2021-01-14,159.0,245.0,50.0,9.0,1.0,4.0,"Powai, Mumbai",33.2,20.4,25.3,65,18.0,8.8,342,1010.8,0.0
2021-01-15,141.0,68.0,65.0,8.0,1.0,4.0,"Powai, Mumbai",30.4,18.6,23.6,69,16.0,8.6,320,1010.3,0.0
2021-01-16,145.0,70.0,68.0,12.0,1.0,5.0,"Powai, Mumbai",30.8,16.5,23.0,67,15.4,7.9,329,1009.4,0.0
2021-01-17,152.0,50.0,48.0,8.0,1.5,3.0,"Powai, Mumbai",30.9,17.5,23.8,71,13.0,6.0,314,1009.9,0.0
2021-01-18,107.0,65.0,69.0,13.0,2.0,4.0,"Powai, Mumbai",31.6,19.3,24.4,67,15.5,8.8,328,1011.4,0.0
2021-01-19,128.0,75.0,47.0,14.0,1.0,5.0,"Powai, Mumbai",32.7,20.2,25.6,55,14.1,8.2,322,1011.5,0.0
2021-01-20,145.0,90.0,83.0,13.0,2.0,6.0,"Powai, Mumbai",32.6,18.5,25.0,52,15.5,9.3,335,1012.4,0.0
2021-01-21,162.0,109.0,79.0,13.0,2.0,7.0,"Powai, Mumbai",31.4,16.2,22.6,64,15.0,8.2,325,1012.4,0.0
2021-01-22,184.0,96.0,82.0,14.0,2.0,6.0,"Powai, Mumbai",32.8,16.7,23.4,71,15.6,7.7,328,1011.6,0.0
2021-01-23,174.0,82.0,55.0,12.0,2.0,4.0,"Powai, Mumbai",33.5,17.9,24.3,64,15.6,9.1,326,1011.7,0.0
2021-01-24,148.0,116.0,74.0,14.0,1.0,6.0,"Powai, Mumbai",32.0,16.8,23.8,59,16.6,9.6,328,1012.7,0.0
2021-01-25,165.0,106.0,85.0,12.0,2.0,6.0,"Powai, Mumbai",31.6,15.1,22.7,60,14.9,8.5,326,1013.2,0.0
2021-01-26,173.0,94.0,84.0,12.0,1.0,7.0,"Powai, Mumbai",30.5,15.5,21.7,68,16.8,9.1,325,1012.8,0.0
2021-01-27,170.0,102.0,82.5,13.0,1.0,7.0,"Powai, Mumbai",29.9,15.8,21.4,70,14.3,7.6,318,1012.4,0.0
2021-01-28,175.0,95.0,81.0,14.0,1.0,7.0,"Powai, Mumbai",30.4,14.9,21.6,69,15.5,8.9,323,1012.8,0.0
2021-01-29,166.0,88.0,63.0,15.0,1.0,6.0,"Powai, Mumbai",31.2,14.9,22.2,60,13.6,8.9,334,1013.4,0.0
2021-01-30,155.0,77.0,70.0,12.0,2.0,5.0,"Powai, Mumbai",32.8,15.4,23.2,58,16.8,9.6,344,1012.8,0.0
2021-01-31,144.0,92.0,54.0,12.0,3.0,6.0,"Powai, Mumbai",33.2,16.0,23.9,57,15.8,9.4,347,1013.0,0.0
2021-02-01,162.0,86.0,49.0,13.0,3.0,9.0,"Powai, Mumbai",35.0,19.9,26.3,49,18.1,10.5,8,1014.3,0.0
2021-02-02,153.0,90.0,59.0,17.0,3.0,7.0,"Powai, Mumbai",35.1,21.0,26.8,43,16.6,9.9,13,1014.6,0.0
2021-02-03,161.0,85.0,75.0,5.0,3.0,5.0,"Powai, Mumbai",33.5,16.9,24.9,50,16.5,9.0,344,1013.8,0.0
2021-02-04,159.0,77.0,44.0,4.0,10.0,4.0,"Powai, Mumbai",32.5,17.2,24.3,56,16.6,9.4,340,1013.7,0.0
2021-02-05,147.0,146.0,34.0,9.0,4.0,3.0,"Powai, Mumbai",32.0,18.5,24.4,47,18.9,11.0,335,1013.5,0.0
2021-02-06,188.0,70.0,36.0,7.0,2.0,3.0,"Powai, Mumbai",33.2,18.1,25.0,42,18.2,10.9,11,1012.7,0.0
2021-02-07,130.0,75.0,44.0,11.0,4.0,4.0,"Powai, Mumbai",34.5,20.1,26.1,35,15.8,12.7,24,1013.2,0.0
2021-02-08,137.0,88.0,66.0,18.0,6.0,6.0,"Powai, Mumbai",34.5,18.3,25.2,37,17.8,10.9,15,1013.7,0.0
2021-02-09,150.0,95.0,85.0,18.0,5.0,7.0,"Powai, Mumbai",34.8,16.4,24.5,44,16.6,9.2,2,1012.7,0.0
2021-02-10,161.0,98.0,83.0,12.0,5.0,6.0,"Powai, Mumbai",34.2,15.1,23.9,50,15.8,8.3,338,1011.7,0.0
2021-02-11,165.0,101.0,70.5,17.0,8.0,8.0,"Powai, Mumbai",35.2,16.1,24.7,49,15.8,8.9,355,1010.5,0.0
2021-02-12,165.0,82.0,58.0,13.0,6.0,5.0,"Powai, Mumbai",33.3,17.0,24.6,56,16.8,9.0,323,1011.2,0.0
2021-02-13,146.0,73.0,60.0,8.0,5.0,4.0,"Powai, Mumbai",33.1,17.0,24.4,61,20.2,9.8,323,1012.5,0.0
2021-02-14,144.0,57.0,49.0,6.0,5.0,3.0,"Powai, Mumbai",33.2,18.2,24.6,65,19.0,9.8,325,1012.8,0.0
2021-02-15,110.0,49.0,31.0,5.0,3.0,3.0,"Powai, Mumbai",31.5,18.8,24.3,67,19.9,10.8,322,1012.0,0.0
2021-02-16,101.0,60.0,38.0,6.0,4.0,4.0,"Powai, Mumbai",30.1,18.1,23.6,76,20.5,9.9,329,1011.8,0.0
2021-02-17,129.0,99.0,48.0,13.0,6.0,5.0,"Powai, Mumbai",32.0,18.2,24.0,72,20.4,9.5,336,1011.4,0.0
2021-02-18,171.0,61.0,28.0,8.0,5.0,5.0,"Powai, Mumbai",33.9,20.2,26.0,61,12.4,6.8,217,1011.8,1.0
2021-02-19,125.0,66.0,19.0,8.0,5.0,5.0,"Powai, Mumbai",33.0,20.6,25.8,59,16.5,8.2,41,1013.6,0.0
2021-02-20,122.0,65.0,23.0,6.0,6.0,4.0,"Powai, Mumbai",34.1,19.6,26.1,47,16.2,9.2,51,1013.5,0.0
2021-02-21,129.0,73.0,37.0,8.0,7.0,6.0,"Powai, Mumbai",35.3,21.0,27.3,41,17.2,11.2,49,1013.1,0.0
2021-02-22,144.0,135.0,52.0,9.0,7.0,7.0,"Powai, Mumbai",35.7,20.6,27.3,51,17.3,8.0,337,1013.4,0.0
2021-02-23,201.0,89.0,39.0,11.0,6.0,9.0,"Powai, Mumbai",35.1,20.9,27.6,54,17.0,7.6,303,1012.1,0.0
2021-02-24,164.0,66.0,27.0,8.0,6.0,6.0,"Powai, Mumbai",36.1,20.8,27.9,52,16.6,7.9,316,1010.8,0.0
2021-02-25,141.0,62.0,20.0,6.0,5.0,5.0,"Powai, Mumbai",36.0,21.9,28.0,47,21.4,11.0,328,1011.4,0.0
2021-02-26,113.0,94.0,18.0,6.0,5.0,5.0,"Powai, Mumbai",33.5,20.1,26.7,58,18.1,10.5,317,1010.8,0.0
2021-02-27,114.0,70.0,20.0,5.0,5.0,6.0,"Powai, Mumbai",35.2,18.8,26.8,62,19.7,10.3,335,1009.7,0.0
2021-02-28,134.0,76.0,25.0,7.0,6.0,7.0,"Powai, Mumbai",37.7,20.1,28.4,49,19.3,9.8,335,1009.3,0.0
2021-03-01,147.0,72.0,19.0,7.0,6.0,7.0,"Powai, Mumbai",38.6,22.6,29.3,41,19.6,10.8,339,1011.6,0.0
2021-03-02,135.0,83.0,28.0,9.0,7.0,8.0,"Powai, Mumbai",38.7,21.0,29.0,35,21.8,11.1,338,1012.5,0.0
2021-03-03,156.0,91.0,21.0,9.0,7.0,10.0,"Powai, Mumbai",39.7,20.6,29.2,31,18.5,9.3,343,1010.8,0.0
2021-03-04,163.0,98.0,22.0,11.0,7.0,11.0,"Powai, Mumbai",39.3,20.3,30.0,28,19.4,10.4,350,1010.3,0.0
2021-03-05,158.0,92.0,16.0,7.0,6.0,8.0,"Powai, Mumbai",39.5,19.9,29.1,37,18.8,10.8,353,1011.4,0.0
2021-03-06,149.0,68.0,10.0,6.0,5.0,7.0,"Powai, Mumbai",34.8,21.1,27.0,72,17.3,8.1,269,1012.5,0.0
2021-03-07,118.0,54.0,22.0,10.0,5.0,7.0,"Powai, Mumbai",35.8,19.9,26.9,61,19.7,9.5,331,1011.8,0.0
2021-03-08,92.0,72.0,69.0,14.0,7.0,6.0,"Powai, Mumbai",36.1,18.9,26.6,56,19.1,10.2,326,1011.5,0.0
2021-03-09,125.0,80.0,74.0,17.0,8.0,8.0,"Powai, Mumbai",38.7,20.4,28.4,48,19.7,10.1,336,1011.3,0.0
2021-03-10,139.0,64.0,32.0,9.0,3.0,5.0,"Powai, Mumbai",36.8,22.3,28.0,52,20.4,10.2,320,1011.3,0.0
2021-03-11,104.0,52.0,39.0,8.0,2.0,5.0,"Powai, Mumbai",33.8,21.0,26.9,62,20.3,10.2,318,1011.6,0.0
2021-03-12,85.0,88.0,76.0,10.0,4.0,7.0,"Powai, Mumbai",36.0,20.6,27.4,55,20.2,10.1,328,1012.6,0.0
2021-03-13,146.0,93.0,77.5,14.0,7.0,8.0,"Powai, Mumbai",38.6,22.8,29.3,40,19.5,11.6,339,1012.1,0.0
2021-03-14,154.0,81.0,79.0,13.0,6.0,6.0,"Powai, Mumbai",38.0,22.0,29.4,38,17.8,9.4,326,1010.2,0.0
2021-03-15,139.0,69.0,34.0,8.0,14.0,4.0,"Powai, Mumbai",38.0,21.5,29.4,39,19.9,10.5,328,1009.7,0.0
2021-03-16,119.0,89.0,74.0,9.0,4.0,5.0,"Powai, Mumbai",37.5,21.0,29.1,44,18.7,11.2,331,1010.0,0.0
2021-03-17,135.0,88.0,69.0,10.0,4.0,5.0,"Powai, Mumbai",38.5,21.5,29.6,45,20.3,10.5,336,1008.8,0.0
2021-03-18,134.0,152.0,43.0,4.0,2.0,2.0,"Powai, Mumbai",36.0,22.2,28.7,50,17.4,9.9,313,1009.0,0.0
2021-03-19,176.0,116.0,32.0,6.0,1.5,1.0,"Powai, Mumbai",35.0,22.1,27.5,60,20.2,11.0,326,1010.0,0.0
2021-03-20,128.0,101.0,66.0,8.0,1.0,3.0,"Powai, Mumbai",34.7,20.1,26.7,69,15.6,7.8,316,1008.8,0.0
2021-03-21,138.0,86.0,65.0,10.0,1.0,4.0,"Powai, Mumbai",35.2,21.0,27.6,68,14.3,7.2,290,1008.1,0.0
2021-03-22,144.0,76.0,79.0,11.0,2.0,4.0,"Powai, Mumbai",37.2,21.2,28.1,64,15.8,8.1,321,1010.1,0.0
2021-03-23,142.0,90.0,65.5,13.0,4.0,6.0,"Powai, Mumbai",37.0,21.7,29.0,47,19.9,9.8,325,1010.7,0.0
2021-03-24,159.0,74.0,52.0,9.0,3.0,3.0,"Powai, Mumbai",38.8,23.1,30.5,41,16.5,9.2,335,1010.6,0.0
2021-03-25,118.0,91.0,80.0,14.0,3.0,5.0,"Powai, Mumbai",40.8,22.6,31.3,27,23.1,12.4,349,1009.7,0.0
2021-03-26,144.0,164.0,69.5,16.0,5.0,6.0,"Powai, Mumbai",40.7,24.0,31.7,24,19.8,11.0,346,1008.7,0.0
2021-03-27,179.0,105.0,59.0,16.0,3.0,7.0,"Powai, Mumbai",41.8,23.4,31.9,25,21.3,11.2,351,1007.7,0.0
2021-03-28,155.0,91.0,60.0,9.0,1.0,5.0,"Powai, Mumbai",37.7,21.5,28.7,50,17.7,9.3,269,1007.8,0.0
2021-03-29,141.0,54.0,31.0,5.0,1.0,1.0,"Powai, Mumbai",36.4,23.5,28.3,72,21.7,8.6,295,1008.0,0.0
2021-03-30,72.0,57.0,28.0,5.0,1.0,1.0,"Powai, Mumbai",34.0,22.4,27.5,72,14.5,8.8,243,1008.2,0.0
2021-03-31,135.0,103.0,25.0,6.0,1.0,1.0,"Powai, Mumbai",33.5,21.7,26.9,78,18.1,8.0,295,1007.4,0.0
2021-04-01,118.0,115.0,27.0,4.0,4.0,1.0,"Powai, Mumbai",34.2,23.5,27.8,75,17.0,7.9,240,1007.0,0.0
2021-04-02,119.0,91.0,26.0,5.0,4.0,1.0,"Powai, Mumbai",32.9,24.0,27.5,75,15.3,8.3,220,1007.4,0.0
2021-04-03,97.0,81.0,29.0,4.0,4.0,1.0,"Powai, Mumbai",32.2,22.9,27.3,76,16.2,7.7,229,1008.4,0.0
2021-04-04,85.0,66.0,59.0,3.0,4.0,2.0,"Powai, Mumbai",33.8,23.2,27.7,74,18.7,7.7,281,1010.1,0.0
2021-04-05,72.0,78.0,53.0,5.0,1.0,2.0,"Powai, Mumbai",34.8,23.6,28.1,75,19.7,8.7,318,1010.0,0.0
2021-04-06,95.0,72.0,41.0,5.0,1.0,1.0,"Powai, Mumbai",37.6,21.6,28.8,61,21.9,10.9,324,1009.0,0.0
2021-04-07,90.0,72.0,26.0,5.0,1.0,1.0,"Powai, Mumbai",36.2,21.9,28.7,63,19.4,10.2,321,1009.8,0.0
2021-04-08,87.0,84.0,35.0,5.0,1.0,1.0,"Powai, Mumbai",33.6,22.7,28.2,75,16.2,7.8,265,1008.7,0.0
2021-04-09,96.0,97.0,41.0,5.0,4.0,2.0,"Powai, Mumbai",34.8,23.5,28.5,72,18.6,8.8,296,1008.2,0.0
2021-04-10,111.0,74.0,45.0,4.0,4.0,2.0,"Powai, Mumbai",35.3,23.6,28.6,72,16.8,7.2,277,1009.2,0.0
2021-04-11,97.0,76.0,42.0,7.0,4.0,2.0,"Powai, Mumbai",37.7,23.8,29.6,68,15.9,7.4,282,1010.1,0.0
2021-04-12,104.0,75.0,46.0,7.0,1.0,3.0,"Powai, Mumbai",36.6,24.5,30.1,68,16.4,8.3,291,1011.1,0.0
2021-04-13,104.0,67.0,59.0,6.0,1.0,2.0,"Powai, Mumbai",39.0,24.4,30.9,59,18.2,8.2,320,1010.2,0.0
2021-04-14,93.0,62.0,57.0,5.0,1.0,2.0,"Powai, Mumbai",37.7,25.2,30.5,62,17.2,5.8,298,1009.9,0.0
2021-04-15,97.0,56.0,28.0,3.0,1.0,1.0,"Powai, Mumbai",36.5,24.6,29.5,71,17.5,7.5,263,1009.9,0.0
2021-04-16,81.0,53.0,27.0,3.0,4.0,1.0,"Powai, Mumbai",35.0,23.5,28.7,71,19.7,9.0,307,1009.7,0.0
2021-04-17,74.0,69.0,41.0,3.0,4.0,2.0,"Powai, Mumbai",34.9,22.9,28.7,74,19.4,9.6,321,1010.2,0.0
2021-04-18,105.0,68.0,26.0,4.0,4.0,1.0,"Powai, Mumbai",38.2,23.5,30.2,70,17.9,8.7,310,1010.5,0.0
2021-04-19,94.0,55.0,23.0,3.0,4.0,1.0,"Powai, Mumbai",35.2,23.7,29.0,73,17.5,9.7,260,1009.4,0.0
2021-04-20,76.0,52.0,22.0,2.0,4.0,1.0,"Powai, Mumbai",34.8,25.3,29.1,74,15.2,7.9,267,1008.8,0.0
2021-04-21,67.0,65.0,31.0,3.0,4.0,1.0,"Powai, Mumbai",34.2,24.4,28.7,75,18.3,8.0,292,1010.2,0.0
2021-04-22,82.0,59.0,31.0,3.0,4.0,1.0,"Powai, Mumbai",36.0,23.9,28.6,73,20.6,9.9,327,1010.1,0.0
2021-04-23,72.0,61.0,30.0,3.0,4.0,1.0,"Powai, Mumbai",36.2,22.4,28.6,68,19.4,9.7,313,1010.0,0.0
2021-04-24,75.0,67.0,35.0,3.0,1.0,2.0,"Powai, Mumbai",35.0,21.4,27.8,73,19.7,9.5,321,1009.5,0.0
2021-04-25,88.0,108.0,36.0,5.0,1.0,3.0,"Powai, Mumbai",37.8,23.4,29.9,72,21.1,9.8,317,1008.1,0.0
2021-04-26,135.0,120.0,32.0,5.0,1.0,2.0,"Powai, Mumbai",37.1,26.0,30.6,75,17.1,7.1,253,1007.9,0.9
2021-04-27,119.0,85.0,29.0,4.0,1.0,2.0,"Powai, Mumbai",36.5,25.5,30.3,73,15.8,7.7,248,1008.9,0.0
2021-04-28,96.0,59.0,23.0,3.0,1.0,2.0,"Powai, Mumbai",36.2,26.2,30.3,73,18.2,7.9,287,1009.8,0.5
2021-04-29,73.0,63.0,21.0,5.0,1.0,2.0,"Powai, Mumbai",37.4,25.6,30.4,73,19.0,7.2,303,1009.3,0.6
2021-04-30,91.0,55.0,26.0,3.0,1.0,2.0,"Powai, Mumbai",34.8,25.9,30.0,74,14.4,7.2,287,1008.3,0.0
2021-05-01,75.0,60.0,26.0,4.0,1.0,2.0,"Powai, Mumbai",36.7,26.5,30.7,70,15.7,7.4,318,1007.4,2.0
2021-05-02,90.0,70.0,59.0,6.0,2.0,4.0,"Powai, Mumbai",35.7,26.5,30.4,75,13.4,7.0,263,1007.9,1.3
2021-05-03,122.0,58.0,31.0,4.0,1.0,2.0,"Powai, Mumbai",37.2,26.8,30.9,70,17.3,7.1,305,1007.6,0.4
2021-05-04,85.0,52.0,20.0,2.0,1.0,2.0,"Powai, Mumbai",35.8,25.0,30.6,68,17.9,8.5,308,1007.3,0.0
2021-05-05,78.0,50.0,14.0,2.0,1.0,2.0,"Powai, Mumbai",36.2,25.3,30.4,71,19.2,8.5,297,1007.3,0.4
2021-05-06,73.0,55.0,22.0,3.0,1.0,2.0,"Powai, Mumbai",35.3,25.9,30.2,74,16.9,8.4,271,1007.8,0.0
2021-05-07,80.0,51.0,17.0,2.0,1.0,2.0,"Powai, Mumbai",35.6,26.0,30.4,73,18.0,8.0,285,1008.7,0.0
2021-05-08,73.0,52.0,17.0,2.0,1.0,1.0,"Powai, Mumbai",36.3,25.8,30.7,72,17.2,7.6,289,1007.6,0.0
2021-05-09,62.0,43.0,14.0,1.0,1.0,1.0,"Powai, Mumbai",35.2,26.9,30.5,73,17.3,8.1,253,1006.9,0.0
2021-05-10,52.0,34.0,9.0,1.0,1.0,1.0,"Powai, Mumbai",35.6,26.4,30.2,70,18.6,8.2,278,1006.8,0.0
2021-05-11,62.0,39.0,12.0,1.0,1.0,1.0,"Powai, Mumbai",34.6,26.4,29.8,72,17.8,8.9,287,1007.4,0.0
2021-05-12,59.0,52.0,15.0,2.0,1.0,2.0,"Powai, Mumbai",33.7,25.6,29.4,71,18.4,9.2,281,1006.1,0.0
2021-05-13,58.0,51.0,22.0,1.0,1.0,2.0,"Powai, Mumbai",33.5,25.7,29.4,67,17.1,8.7,277,1005.3,0.0
2021-05-14,62.0,99.0,36.0,4.0,2.0,3.0,"Powai, Mumbai",35.7,24.8,29.7,69,20.8,9.1,320,1003.4,0.0
2021-05-15,118.0,41.0,21.0,4.0,1.0,2.0,"Powai, Mumbai",36.5,27.5,32.1,60,23.2,13.1,340,1000.2,0.3
2021-05-16,103.0,23.0,12.0,3.0,1.0,1.0,"Powai, Mumbai",36.4,26.6,31.2,60,24.9,15.1,71,998.2,6.5
2021-05-17,102.5,43.0,5.0,3.0,2.0,2.0,"Powai, Mumbai",26.9,25.8,26.3,89,46.8,32.4,149,996.6,185.3
2021-05-18,102.0,53.25,16.0,5.0,2.0,3.0,"Powai, Mumbai",28.8,25.8,26.9,89,36.2,27.2,194,1002.4,21.0
2021-05-19,101.5,63.5,15.0,4.0,2.0,4.0,"Powai, Mumbai",29.2,25.5,27.1,89,21.4,14.8,213,1004.5,16.4
2021-05-20,64.5,73.75,13.0,3.0,2.0,2.0,"Powai, Mumbai",31.4,25.5,28.0,84,13.7,7.9,225,1006.6,1.8
2021-05-21,64.5,84.0,19.0,2.0,1.0,2.0,"Powai, Mumbai",32.0,25.1,28.1,83,12.0,6.5,246,1007.4,0.1
2021-05-22,100.0,60.0,19.0,2.0,1.0,2.0,"Powai, Mumbai",31.0,26.0,28.3,81,14.4,7.2,244,1007.0,0.6
2021-05-23,77.0,55.0,12.0,1.0,1.0,2.0,"Powai, Mumbai",31.0,26.0,28.4,82,13.4,6.6,290,1007.9,3.9
2021-05-24,72.0,61.0,15.0,1.0,1.0,1.0,"Powai, Mumbai",31.4,26.1,28.4,82,18.1,9.8,307,1008.7,1.6
2021-05-25,77.0,56.0,17.0,4.0,8.0,1.0,"Powai, Mumbai",31.3,26.0,28.7,80,19.5,10.8,302,1006.9,1.3
2021-05-26,68.0,51.0,14.0,2.0,8.0,1.0,"Powai, Mumbai",31.5,26.3,29.0,72,15.8,10.6,266,1006.0,0.0
2021-05-27,60.0,52.0,13.0,1.0,8.0,1.0,"Powai, Mumbai",31.9,27.9,29.4,72,18.8,12.7,259,1006.1,0.8
2021-05-28,60.0,50.0,12.0,1.0,8.0,2.0,"Powai, Mumbai",31.6,26.8,29.0,80,17.4,9.4,245,1006.4,1.9
2021-05-29,64.0,58.0,13.0,3.0,8.0,2.0,"Powai, Mumbai",31.8,26.4,28.8,82,15.2,8.5,228,1007.4,1.7
2021-05-30,74.0,50.0,10.0,6.0,1.0,4.0,"Powai, Mumbai",31.5,26.8,28.8,82,14.6,8.7,207,1007.3,4.7
2021-05-31,78.0,45.0,10.0,6.0,1.0,3.0,"Powai, Mumbai",31.1,26.5,28.4,86,15.0,10.1,202,1005.5,4.4
2021-06-01,69.0,67.0,12.0,6.0,1.0,3.0,"Powai, Mumbai",31.1,26.5,28.2,87,15.1,9.6,194,1005.7,5.2
2021-06-02,68.0,39.0,30.0,5.0,1.0,3.0,"Powai, Mumbai",30.2,25.6,28.0,87,12.5,6.5,202,1006.5,8.6
2021-06-03,65.0,37.0,19.0,7.0,1.0,3.0,"Powai, Mumbai",32.0,26.0,28.7,84,13.3,6.3,212,1007.1,3.6
2021-06-04,63.0,39.94444444444444,20.0,10.0,1.0,4.0,"Powai, Mumbai",31.5,25.9,28.4,85,11.4,6.7,196,1007.9,5.3
2021-06-05,83.0,42.888888888888886,16.0,4.0,1.0,3.0,"Powai, Mumbai",29.2,25.0,26.9,88,9.4,6.2,172,1007.2,6.2
2021-06-06,63.0,45.833333333333336,8.0,4.0,1.0,3.0,"Powai, Mumbai",29.4,24.8,26.9,86,15.0,7.6,205,1007.5,8.8
2021-06-07,62.0,40.0,9.0,5.0,1.0,3.0,"Powai, Mumbai",29.5,25.5,27.1,89,13.2,9.0,206,1007.9,7.5
2021-06-08,66.0,40.0,6.0,6.0,1.0,3.0,"Powai, Mumbai",28.7,25.5,26.8,92,13.4,9.2,221,1006.9,19.9
2021-06-09,49.0,40.0,7.0,6.0,1.0,3.0,"Powai, Mumbai",28.2,25.4,26.5,92,16.0,10.1,241,1005.9,19.4
2021-06-10,58.0,40.0,4.0,7.0,1.0,3.0,"Powai, Mumbai",28.1,25.4,26.6,91,16.3,11.2,226,1005.2,21.0
2021-06-11,54.0,40.0,10.0,4.0,1.0,3.0,"Powai, Mumbai",28.5,25.9,26.7,91,17.9,12.7,219,1004.3,16.7
2021-06-12,41.0,40.0,9.0,4.0,1.0,3.0,"Powai, Mumbai",29.3,25.0,26.6,92,15.9,10.5,228,1004.0,14.7
2021-06-13,52.0,40.0,9.0,2.0,1.0,3.0,"Powai, Mumbai",29.5,25.8,27.2,90,15.9,11.2,228,1004.0,8.5
2021-06-14,73.0,40.0,7.0,5.0,1.0,3.0,"Powai, Mumbai",29.7,25.8,27.2,91,17.1,12.1,219,1002.9,5.9
2021-06-15,66.0,40.0,6.0,7.0,2.0,4.0,"Powai, Mumbai",28.2,25.5,26.6,91,18.1,13.2,213,1001.8,8.9
2021-06-16,66.0,40.0,8.0,5.0,2.0,3.0,"Powai, Mumbai",27.1,25.1,25.9,94,18.8,14.1,207,1002.3,12.8
2021-06-17,78.0,40.0,11.0,3.0,2.0,3.0,"Powai, Mumbai",27.0,24.1,25.6,93,21.5,15.2,206,1003.5,18.3
2021-06-18,97.0,40.0,14.0,4.0,1.0,3.0,"Powai, Mumbai",27.2,24.6,25.8,91,21.7,15.9,223,1004.5,12.3
2021-06-19,76.0,40.0,10.0,3.0,1.0,3.0,"Powai, Mumbai",26.6,24.5,25.4,91,19.6,15.7,219,1006.5,14.1
2021-06-20,135.0,40.0,10.0,4.0,1.0,3.0,"Powai, Mumbai",29.0,24.8,26.4,89,22.8,14.2,227,1007.3,9.1
2021-06-21,120.0,90.0,9.0,2.0,1.0,1.0,"Powai, Mumbai",29.1,24.8,26.9,87,15.1,10.1,236,1007.9,5.6
2021-06-22,84.0,61.0,57.0,2.0,1.0,1.0,"Powai, Mumbai",28.9,25.2,27.0,88,12.6,8.3,246,1007.6,4.5
2021-06-23,80.0,48.0,11.0,3.0,2.0,1.0,"Powai, Mumbai",28.5,25.4,26.8,91,13.6,8.4,222,1007.2,4.2
2021-06-24,76.0,35.0,9.0,5.0,1.0,4.0,"Powai, Mumbai",26.9,25.4,26.0,92,16.0,10.4,221,1007.6,8.6
2021-06-25,101.0,54.0,11.0,3.0,2.0,7.0,"Powai, Mumbai",26.6,25.2,25.7,94,14.1,9.4,239,1006.6,30.6
2021-06-26,90.0,31.0,6.0,3.0,1.0,6.0,"Powai, Mumbai",29.5,24.8,27.1,85,16.6,9.6,259,1006.4,3.9
2021-06-27,62.0,36.0,12.0,4.0,2.0,6.0,"Powai, Mumbai",28.8,25.5,26.8,87,11.3,5.6,296,1008.0,11.8
2021-06-28,74.0,34.0,13.0,4.0,1.0,6.0,"Powai, Mumbai",27.6,24.2,25.8,92,10.8,4.2,258,1007.2,18.9
2021-06-29,70.0,38.0,8.0,4.0,1.0,7.0,"Powai, Mumbai",30.0,25.0,27.2,88,13.2,8.0,214,1006.6,1.8
2021-06-30,72.0,79.0,7.0,2.0,1.0,6.0,"Powai, Mumbai",29.4,25.7,27.3,90,14.0,9.1,229,1006.7,5.9
2021-07-01,63.0,45.0,8.0,1.0,1.0,5.0,"Powai, Mumbai",30.0,26.2,27.9,82,20.5,11.9,241,1005.0,2.9
2021-07-02,58.0,46.0,6.0,1.0,1.0,5.0,"Powai, Mumbai",30.1,26.2,27.8,83,20.4,14.3,224,1005.4,2.5
2021-07-03,58.0,45.0,7.0,1.0,1.0,5.0,"Powai, Mumbai",30.1,25.7,27.6,87,15.8,10.9,222,1006.5,2.0
2021-07-04,63.0,50.0,7.0,1.0,1.0,5.0,"Powai, Mumbai",29.9,26.0,27.6,87,12.1,7.6,236,1007.1,2.0
2021-07-05,71.0,54.0,5.0,1.0,1.0,5.0,"Powai, Mumbai",29.6,25.8,27.4,89,11.9,6.2,249,1006.9,1.6
2021-07-06,75.0,52.0,5.0,1.0,1.0,5.0,"Powai, Mumbai",30.5,25.8,27.8,86,12.6,5.4,261,1005.8,0.6
2021-07-07,78.0,35.0,3.0,3.0,2.0,6.0,"Powai, Mumbai",30.4,26.1,28.1,86,12.9,6.5,290,1005.7,5.0
2021-07-08,65.0,38.0,5.0,4.0,16.0,6.0,"Powai, Mumbai",29.5,26.2,27.5,89,13.5,7.6,252,1005.6,8.7
2021-07-09,70.0,30.0,6.0,4.0,14.928571428571429,6.0,"Powai, Mumbai",28.9,26.0,27.1,89,12.2,7.0,243,1003.7,3.4
2021-07-10,66.0,21.0,8.0,3.0,13.857142857142858,5.0,"Powai, Mumbai",26.9,25.5,26.0,94,13.0,6.2,244,1002.7,100.0
2021-07-11,49.0,26.0,10.0,3.0,12.785714285714285,6.0,"Powai, Mumbai",29.8,25.3,26.9,90,13.1,6.1,202,1001.3,6.5
2021-07-12,53.0,29.0,22.0,4.0,5.0,6.0,"Powai, Mumbai",28.6,25.4,26.6,93,27.5,15.3,214,999.5,37.5
2021-07-13,62.0,21.0,24.0,5.0,5.0,5.0,"Powai, Mumbai",27.8,25.5,26.3,93,18.7,13.9,227,1001.4,24.7
2021-07-14,53.0,20.0,29.0,4.0,5.0,6.0,"Powai, Mumbai",27.4,25.1,26.0,93,19.3,12.6,236,1002.3,26.5
2021-07-15,51.0,20.0,14.0,5.0,5.0,5.0,"Powai, Mumbai",28.6,25.3,26.6,90,17.2,10.6,229,1001.0,24.2
2021-07-16,47.0,16.0,13.0,4.0,5.0,5.0,"Powai, Mumbai",28.6,25.0,26.3,92,23.7,14.1,214,1003.7,22.2
2021-07-17,40.0,28.0,10.0,1.0,5.0,4.0,"Powai, Mumbai",28.0,25.3,26.5,92,21.5,10.3,242,1005.5,31.8
2021-07-18,50.0,30.0,8.0,2.0,5.0,5.0,"Powai, Mumbai",28.5,25.6,26.6,91,18.7,12.8,280,1004.7,28.0
2021-07-19,60.0,41.0,15.0,2.0,5.0,5.0,"Powai, Mumbai",27.5,25.5,26.0,93,17.7,13.6,265,1004.1,33.1
2021-07-20,58.0,38.0,9.0,2.0,5.0,5.0,"Powai, Mumbai",27.6,25.4,26.1,93,18.2,14.7,239,1006.1,26.7
2021-07-21,58.0,50.0,9.0,2.0,5.0,5.0,"Powai, Mumbai",27.0,25.1,26.1,92,26.6,20.0,253,1004.9,34.2
2021-07-22,98.0,48.0,15.0,3.0,1.0,5.0,"Powai, Mumbai",26.9,25.5,26.1,91,25.4,19.0,262,1002.2,16.1
2021-07-23,64.0,42.0,8.0,2.0,1.0,5.0,"Powai, Mumbai",26.1,25.0,25.5,93,19.9,14.4,254,1002.3,29.5
2021-07-24,60.0,47.0,9.0,2.0,1.0,5.0,"Powai, Mumbai",27.9,24.8,26.2,90,18.6,13.9,255,1003.6,12.9
2021-07-25,63.0,50.0,8.0,2.0,1.0,5.0,"Powai, Mumbai",27.6,25.0,25.9,92,19.1,14.9,248,1004.6,12.1
2021-07-26,66.0,44.0,10.0,3.0,5.0,5.0,"Powai, Mumbai",28.4,24.9,26.3,89,25.2,18.1,242,1005.0,11.3
2021-07-27,58.0,44.0,10.0,3.0,5.0,5.0,"Powai, Mumbai",28.0,24.8,26.2,88,23.6,18.0,232,1004.5,9.2
2021-07-28,59.0,47.0,9.0,3.0,5.0,5.0,"Powai, Mumbai",28.1,25.4,26.7,85,23.7,18.6,232,1004.8,13.7
2021-07-29,62.0,47.0,9.0,3.0,5.0,5.0,"Powai, Mumbai",28.8,25.5,26.7,86,26.4,19.7,238,1006.0,12.0
2021-07-30,62.0,42.0,8.0,2.0,5.0,4.0,"Powai, Mumbai",28.4,25.9,27.0,85,25.3,19.2,247,1006.8,9.1
2021-07-31,54.0,113.0,8.0,2.5,5.0,4.5,"Powai, Mumbai",29.0,25.5,27.1,83,25.9,20.8,256,1007.7,3.2
2021-08-01,48.0,184.0,8.0,3.0,5.0,5.0,"Powai, Mumbai",28.4,25.5,26.7,82,27.2,20.7,254,1006.5,4.1
2021-08-02,56.0,32.0,7.0,2.0,5.0,5.0,"Powai, Mumbai",28.1,24.9,26.3,86,20.3,16.6,248,1006.6,5.2
2021-08-03,47.0,44.0,7.0,2.0,5.0,5.0,"Powai, Mumbai",28.0,24.9,26.0,91,20.3,15.6,239,1007.8,9.4
2021-08-04,57.0,51.0,8.0,2.0,5.0,5.0,"Powai, Mumbai",27.5,24.8,26.1,89,19.5,16.5,243,1007.8,6.3
2021-08-05,62.0,41.0,8.0,3.0,5.0,5.0,"Powai, Mumbai",28.9,25.0,26.7,87,20.6,16.2,251,1006.0,5.8
2021-08-06,63.0,47.0,8.0,2.0,5.0,5.0,"Powai, Mumbai",28.6,25.3,26.7,87,21.0,13.8,253,1005.3,3.2
2021-08-07,64.0,44.0,5.0,3.0,5.0,6.0,"Powai, Mumbai",28.6,24.9,26.5,88,13.3,9.9,241,1006.1,3.2
2021-08-08,69.0,50.0,7.0,4.0,1.0,6.0,"Powai, Mumbai",28.5,24.6,26.3,91,12.3,8.8,216,1007.3,4.0
2021-08-09,72.0,42.0,10.0,4.0,1.0,6.0,"Powai, Mumbai",29.0,25.0,26.7,89,15.6,9.2,219,1008.4,3.3
2021-08-10,72.0,37.0,9.0,3.0,1.0,6.0,"Powai, Mumbai",28.0,24.9,26.3,90,15.2,9.3,224,1008.4,2.9
2021-08-11,65.0,41.0,7.0,4.0,1.0,6.0,"Powai, Mumbai",28.5,24.5,26.3,88,13.8,9.8,244,1008.4,5.7
2021-08-12,68.0,35.0,10.0,3.0,1.0,6.0,"Powai, Mumbai",28.4,25.0,26.5,88,14.5,9.5,256,1009.1,3.8
2021-08-13,59.0,32.0,8.0,4.0,1.0,6.0,"Powai, Mumbai",28.5,25.0,26.3,87,15.9,10.6,252,1008.0,4.2
2021-08-14,59.0,24.0,3.0,7.0,1.0,8.0,"Powai, Mumbai",27.6,24.5,25.8,90,15.0,10.9,241,1006.5,11.1
2021-08-15,62.0,34.0,4.0,6.0,1.0,8.0,"Powai, Mumbai",27.6,24.0,25.6,91,13.4,9.3,231,1006.6,7.2
2021-08-16,81.0,36.0,5.0,5.0,1.0,8.0,"Powai, Mumbai",28.2,24.5,26.1,90,11.5,7.3,231,1007.7,5.1
2021-08-17,69.0,28.0,4.0,5.0,1.0,7.0,"Powai, Mumbai",26.3,24.6,25.4,94,8.5,4.7,219,1007.8,16.4
2021-08-18,62.0,26.0,4.0,5.0,1.0,7.0,"Powai, Mumbai",26.4,24.7,25.3,95,9.4,6.3,249,1006.2,17.5
2021-08-19,64.0,26.0,6.0,6.0,1.0,7.0,"Powai, Mumbai",25.6,24.4,24.9,94,13.2,7.9,258,1006.0,32.7
2021-08-20,62.0,21.0,7.0,4.0,1.0,6.0,"Powai, Mumbai",27.5,24.4,25.4,90,13.7,8.4,257,1006.3,27.2
2021-08-21,54.0,40.0,4.0,5.0,1.0,8.0,"Powai, Mumbai",25.8,24.2,24.9,94,18.7,10.3,241,1007.4,63.6
2021-08-22,70.0,40.0,6.0,3.0,1.0,7.0,"Powai, Mumbai",28.0,24.2,25.9,91,12.5,8.3,217,1008.0,4.0
2021-08-23,65.0,38.0,7.0,3.0,1.0,6.0,"Powai, Mumbai",29.0,24.0,26.2,89,12.9,8.0,211,1007.9,2.0
2021-08-24,64.66666666666667,34.0,6.0,3.0,1.0,7.0,"Powai, Mumbai",29.1,24.7,26.5,90,12.8,7.5,223,1007.8,1.9
2021-08-25,64.33333333333333,32.0,5.0,3.0,1.0,7.0,"Powai, Mumbai",28.5,25.0,26.5,90,14.1,7.6,232,1006.9,1.5
2021-08-26,64.0,47.0,8.0,3.0,1.0,7.0,"Powai, Mumbai",28.4,24.6,26.2,90,14.9,8.7,225,1005.4,4.2
2021-08-27,74.0,56.0,10.0,2.0,1.0,7.0,"Powai, Mumbai",28.8,24.7,26.3,90,11.1,8.4,221,1004.9,2.1
2021-08-28,77.0,46.0,7.0,2.0,1.0,6.0,"Powai, Mumbai",28.7,24.4,26.2,89,12.8,7.0,222,1004.0,1.4
2021-08-29,68.0,46.0,5.0,3.0,1.0,7.0,"Powai, Mumbai",28.6,24.2,26.4,89,10.9,5.9,252,1003.7,2.0
2021-08-30,76.0,30.0,7.0,5.0,1.0,7.0,"Powai, Mumbai",27.2,25.5,26.3,89,12.9,6.7,293,1005.1,7.0
2021-08-31,71.0,27.0,6.0,5.0,1.0,7.0,"Powai, Mumbai",26.4,24.9,25.4,93,13.8,7.8,282,1005.1,42.0
2021-09-01,63.0,32.0,8.0,7.0,1.0,8.0,"Powai, Mumbai",27.8,24.8,25.9,92,16.6,12.2,229,1005.6,16.8
2021-09-02,65.0,26.0,7.0,8.0,1.0,8.0,"Powai, Mumbai",28.2,25.0,26.3,90,19.6,14.4,210,1005.6,6.8
2021-09-03,62.0,27.0,8.0,6.0,1.0,8.0,"Powai, Mumbai",27.8,24.6,25.9,92,16.0,12.0,206,1005.3,11.8
2021-09-04,64.0,31.0,5.0,4.0,1.0,7.0,"Powai, Mumbai",28.2,24.6,26.1,92,14.0,8.9,228,1005.9,15.5
2021-09-05,65.0,33.0,7.0,3.0,2.0,8.0,"Powai, Mumbai",27.8,25.0,26.0,92,12.6,7.7,246,1006.1,8.3
2021-09-06,68.0,28.0,11.0,4.0,1.0,7.0,"Powai, Mumbai",28.6,24.9,26.3,90,13.5,7.3,275,1005.2,13.0
2021-09-07,67.0,20.0,8.0,6.0,1.0,7.0,"Powai, Mumbai",27.2,24.9,25.8,93,7.6,4.3,338,1003.4,32.3
2021-09-08,49.0,26.0,6.0,3.0,1.0,6.0,"Powai, Mumbai",27.5,24.9,25.9,92,26.3,16.0,228,1002.5,164.5
2021-09-09,47.0,30.0,6.0,2.0,1.0,6.0,"Powai, Mumbai",28.6,25.2,26.6,90,26.1,18.7,232,1006.2,8.3
2021-09-10,49.0,25.0,5.0,3.0,1.0,6.0,"Powai, Mumbai",27.9,24.8,26.3,90,20.2,16.3,224,1006.5,10.8
2021-09-11,45.0,20.0,10.0,4.0,1.0,7.0,"Powai, Mumbai",27.8,25.1,26.0,93,23.1,17.1,222,1004.2,43.3
2021-09-12,53.0,36.0,9.0,3.0,2.0,6.0,"Powai, Mumbai",27.9,25.1,26.1,92,17.8,13.4,239,1002.5,25.3
2021-09-13,56.0,60.0,9.0,2.0,1.0,6.0,"Powai, Mumbai",26.8,25.5,26.0,92,19.8,16.0,254,1001.9,26.0
2021-09-14,73.0,59.0,6.0,4.0,1.0,6.0,"Powai, Mumbai",28.5,25.4,26.5,87,23.2,16.0,243,1002.9,6.2
2021-09-15,77.0,60.0,6.0,4.0,1.0,6.0,"Powai, Mumbai",28.0,24.9,26.2,89,19.4,16.2,209,1004.2,8.8
2021-09-16,76.0,48.0,7.0,3.0,1.0,7.0,"Powai, Mumbai",29.1,24.6,26.4,86,21.7,15.0,207,1005.6,4.2
2021-09-17,69.0,41.0,7.0,3.0,2.0,7.0,"Powai, Mumbai",28.8,24.8,26.4,86,19.5,12.0,216,1006.0,2.1
2021-09-18,64.0,29.0,6.0,3.0,1.0,7.0,"Powai, Mumbai",27.8,24.4,25.9,91,14.8,10.9,203,1007.7,3.9
2021-09-19,61.0,21.0,5.0,2.0,2.0,7.0,"Powai, Mumbai",27.9,24.8,26.0,92,14.6,9.3,203,1009.5,13.7
2021-09-20,48.0,15.0,5.0,2.0,2.0,6.0,"Powai, Mumbai",28.2,24.9,26.2,92,12.0,7.5,236,1008.8,13.3
2021-09-21,40.0,26.0,3.0,2.0,2.0,8.0,"Powai, Mumbai",27.2,25.0,25.8,93,14.5,8.3,257,1007.8,14.7
2021-09-22,54.0,40.0,4.0,1.0,2.0,10.0,"Powai, Mumbai",26.9,24.6,25.5,93,14.4,8.2,268,1006.2,13.5
2021-09-23,77.0,49.0,5.0,2.0,2.0,11.0,"Powai, Mumbai",28.0,24.4,26.0,92,10.9,6.2,229,1006.2,8.3
2021-09-24,91.0,48.0,5.0,1.0,2.0,10.0,"Powai, Mumbai",29.2,24.6,26.5,88,14.0,7.6,221,1007.2,1.4
2021-09-25,85.0,39.0,3.0,1.0,2.0,8.0,"Powai, Mumbai",28.4,24.4,26.3,88,12.6,7.0,231,1007.5,1.5
2021-09-26,68.0,35.0,3.0,1.0,2.0,9.0,"Powai, Mumbai",28.5,24.1,26.3,88,12.6,5.6,270,1005.7,1.6
2021-09-27,243.0,34.0,4.0,3.0,2.0,9.0,"Powai, Mumbai",26.6,24.8,25.5,93,7.6,3.5,282,1004.4,12.1
2021-09-28,188.0,27.0,6.0,4.0,2.0,7.0,"Powai, Mumbai",26.2,24.1,25.3,94,14.1,8.3,215,1003.7,14.5
2021-09-29,133.0,61.0,4.0,3.0,2.0,8.0,"Powai, Mumbai",27.7,24.9,26.0,91,21.6,17.8,210,1004.6,31.3
2021-09-30,78.0,47.0,5.0,3.0,2.0,9.0,"Powai, Mumbai",28.5,24.5,26.3,90,19.3,14.1,189,1007.9,3.4
2021-10-01,75.0,47.0,8.0,2.0,2.0,8.0,"Powai, Mumbai",30.1,24.2,26.9,88,13.4,6.4,210,1008.8,1.3
2021-10-02,82.0,50.0,24.0,3.0,2.0,9.0,"Powai, Mumbai",29.1,24.5,26.7,91,12.7,5.0,339,1008.4,1.1
2021-10-03,98.0,50.0,14.0,4.0,2.0,9.0,"Powai, Mumbai",31.6,24.0,27.4,88,13.3,6.3,329,1007.7,1.1
2021-10-04,103.0,47.0,14.0,5.0,2.0,8.0,"Powai, Mumbai",31.8,25.0,27.9,87,13.5,6.9,323,1007.2,0.7
2021-10-05,90.0,48.0,22.0,7.0,2.0,9.0,"Powai, Mumbai",32.2,25.4,28.1,87,14.0,6.9,342,1007.3,1.0
2021-10-06,91.0,73.0,10.0,5.0,47.0,10.0,"Powai, Mumbai",32.5,25.6,28.3,87,10.0,5.0,24,1006.5,4.6
2021-10-07,121.0,109.0,54.0,3.0,63.0,10.0,"Powai, Mumbai",32.8,25.5,28.4,85,11.4,5.1,44,1005.8,3.3
2021-10-08,137.0,38.0,3.0,3.0,48.0,10.0,"Powai, Mumbai",30.2,24.8,26.9,88,13.3,7.1,178,1007.1,11.9
2021-10-09,67.0,43.0,4.0,2.0,35.0,10.0,"Powai, Mumbai",29.0,24.8,26.6,90,11.3,5.4,179,1008.4,12.9
2021-10-10,78.0,47.0,4.0,2.0,27.0,11.0,"Powai, Mumbai",30.0,25.0,27.0,88,9.6,4.5,192,1008.4,8.4
2021-10-11,101.0,59.0,4.0,3.0,22.0,12.0,"Powai, Mumbai",30.3,24.7,26.6,90,12.4,4.2,331,1007.0,17.0
2021-10-12,129.0,64.0,7.0,4.0,18.0,11.0,"Powai, Mumbai",31.5,24.4,27.5,86,10.0,4.6,357,1006.3,0.7
2021-10-13,133.0,75.0,18.0,4.0,10.0,11.0,"Powai, Mumbai",32.2,24.7,27.9,83,8.1,4.5,346,1005.9,0.7
2021-10-14,149.0,82.0,27.0,5.0,1.0,10.0,"Powai, Mumbai",34.0,24.5,28.7,74,18.8,7.7,357,1005.4,0.0
2021-10-15,144.0,73.0,46.0,5.0,1.0,9.0,"Powai, Mumbai",34.0,23.9,28.3,64,15.6,9.4,16,1003.5,0.0
2021-10-16,122.0,88.0,53.0,7.0,1.0,11.0,"Powai, Mumbai",33.6,23.2,27.4,66,16.2,8.1,350,1002.8,0.0
2021-10-17,150.0,69.0,33.0,6.0,1.0,9.0,"Powai, Mumbai",31.7,22.5,26.9,74,14.4,8.2,313,1003.8,0.0
2021-10-18,110.0,60.0,25.0,3.0,1.0,9.0,"Powai, Mumbai",31.0,23.1,27.3,80,17.4,9.2,288,1007.0,0.5
2021-10-19,82.0,59.0,25.0,4.0,1.0,8.0,"Powai, Mumbai",29.9,24.2,26.7,81,12.1,6.5,294,1010.8,2.5
2021-10-20,98.0,73.0,38.0,7.0,1.0,9.0,"Powai, Mumbai",31.2,22.9,26.1,83,16.1,7.9,352,1012.8,0.0
2021-10-21,135.0,72.0,28.0,7.0,1.0,10.0,"Powai, Mumbai",33.2,22.3,26.7,76,13.5,7.4,355,1012.5,0.0
2021-10-22,135.0,59.0,34.0,4.0,1.0,9.0,"Powai, Mumbai",33.2,21.1,26.7,70,12.1,7.1,355,1012.3,0.0
2021-10-23,121.0,51.5,28.0,3.5,1.0,8.5,"Powai, Mumbai",32.4,21.5,26.1,75,14.9,8.5,347,1012.7,0.0
2021-10-24,94.0,44.0,22.0,3.0,1.0,8.0,"Powai, Mumbai",30.8,21.8,25.5,79,14.5,7.6,349,1013.4,0.0
2021-10-25,67.0,65.0,34.0,6.0,1.0,9.0,"Powai, Mumbai",31.6,21.6,25.8,77,17.7,8.4,349,1012.5,0.0
2021-10-26,123.0,68.0,35.0,9.0,1.0,10.0,"Powai, Mumbai",33.5,21.2,26.9,69,12.6,7.6,357,1010.8,0.0
2021-10-27,128.0,88.5,24.0,7.0,54.5,11.0,"Powai, Mumbai",34.2,21.8,27.2,61,17.4,10.5,19,1011.2,0.0
2021-10-28,138.5,109.0,13.0,5.0,108.0,12.0,"Powai, Mumbai",34.0,21.9,27.4,56,18.1,12.0,34,1011.6,0.0
2021-10-29,149.0,133.0,15.0,6.0,69.0,12.0,"Powai, Mumbai",33.7,23.0,27.5,43,16.4,12.5,34,1012.7,0.0
2021-10-30,168.0,85.0,18.0,7.0,56.0,13.0,"Powai, Mumbai",34.2,23.0,27.7,41,15.3,12.3,26,1012.9,0.0
2021-10-31,155.0,164.0,23.0,8.0,51.0,15.0,"Powai, Mumbai",34.5,23.6,27.8,49,14.8,9.8,13,1011.9,0.0
2021-11-01,197.0,151.0,42.0,7.0,20.0,13.0,"Powai, Mumbai",34.1,21.2,27.1,64,13.7,7.4,344,1010.6,0.0
2021-11-02,216.0,140.0,37.0,8.0,2.0,12.0,"Powai, Mumbai",34.8,22.4,27.8,64,12.7,7.6,24,1010.1,0.0
2021-11-03,212.0,90.0,40.0,7.0,5.0,12.0,"Powai, Mumbai",35.4,22.8,28.2,55,20.2,10.1,18,1010.1,0.0
2021-11-04,170.0,99.0,42.0,8.0,8.0,13.0,"Powai, Mumbai",34.6,24.0,28.5,55,14.2,8.1,25,1009.8,0.1
2021-11-05,183.0,65.0,13.0,6.0,8.0,13.0,"Powai, Mumbai",34.3,24.6,28.5,65,12.8,8.5,38,1009.6,0.4
2021-11-06,144.0,67.0,27.0,7.0,6.0,13.0,"Powai, Mumbai",33.3,23.3,26.7,79,11.8,6.7,51,1009.1,2.0
2021-11-07,146.0,148.0,44.0,8.0,1.0,13.0,"Powai, Mumbai",29.8,23.2,26.4,73,10.5,7.2,11,1008.6,0.0
2021-11-08,220.0,115.0,33.0,11.0,2.0,13.0,"Powai, Mumbai",33.5,22.5,26.7,66,14.3,8.5,15,1010.1,0.0
2021-11-09,190.0,109.0,34.0,8.0,2.0,13.0,"Powai, Mumbai",33.5,20.0,25.8,57,13.2,9.0,32,1011.1,0.0
2021-11-10,188.0,115.0,32.0,8.0,2.0,13.0,"Powai, Mumbai",33.2,20.3,25.7,52,15.6,10.5,28,1010.5,0.0
2021-11-11,191.0,139.0,37.0,10.0,2.0,13.0,"Powai, Mumbai",33.0,20.2,25.9,44,15.8,11.8,41,1009.0,0.0
2021-11-12,192.0,91.0,39.0,7.0,3.0,13.0,"Powai, Mumbai",33.5,20.8,26.4,45,17.9,11.0,18,1008.5,0.0
2021-11-13,168.0,90.0,36.0,8.0,4.0,14.0,"Powai, Mumbai",34.6,22.8,27.6,54,16.6,10.6,7,1008.3,0.0
2021-11-14,170.0,96.0,26.0,8.0,4.0,14.0,"Powai, Mumbai",34.7,23.5,28.2,62,16.1,9.6,2,1007.9,0.1
2021-11-15,171.0,90.0,21.0,6.0,5.0,13.0,"Powai, Mumbai",34.8,23.9,28.3,61,19.4,11.0,348,1006.6,0.0
2021-11-16,171.0,71.0,12.0,6.0,5.0,9.0,"Powai, Mumbai",35.5,24.0,28.7,63,16.7,9.3,16,1006.0,0.0
2021-11-17,147.0,51.0,4.0,2.0,4.0,5.0,"Powai, Mumbai",34.3,24.0,27.8,74,10.4,5.7,86,1007.7,5.9
2021-11-18,110.0,57.0,5.0,3.0,3.0,4.0,"Powai, Mumbai",31.2,23.3,26.3,85,10.0,5.9,98,1008.1,15.4
2021-11-19,122.0,58.0,4.0,2.0,3.0,4.0,"Powai, Mumbai",33.0,23.1,26.9,83,10.8,5.8,16,1005.9,6.6
2021-11-20,122.0,37.0,3.0,3.0,4.0,3.0,"Powai, Mumbai",33.5,24.0,27.8,78,10.3,6.8,56,1005.1,1.1
2021-11-21,71.0,43.0,2.0,1.0,4.0,4.0,"Powai, Mumbai",33.8,24.9,27.6,79,14.1,8.0,104,1007.9,7.8
2021-11-22,81.0,47.0,16.0,3.0,4.0,3.0,"Powai, Mumbai",29.6,24.4,26.4,87,9.5,5.6,334,1011.2,5.1
2021-11-23,89.0,109.0,4.0,3.0,5.0,4.0,"Powai, Mumbai",31.6,23.6,27.0,86,14.9,6.6,337,1010.6,0.5
2021-11-24,184.0,75.0,16.0,6.0,3.0,3.0,"Powai, Mumbai",33.2,24.5,28.0,78,13.5,6.7,348,1010.3,0.0
2021-11-25,155.0,72.0,21.0,7.0,2.0,3.0,"Powai, Mumbai",33.8,24.1,28.0,70,13.8,8.0,5,1010.9,0.0
2021-11-26,153.0,74.0,20.0,8.0,1.0,3.0,"Powai, Mumbai",33.5,22.5,27.1,68,11.6,7.0,9,1011.4,0.0
2021-11-27,153.0,80.0,21.0,9.0,1.0,3.0,"Powai, Mumbai",33.7,21.0,26.4,70,12.4,7.8,25,1011.4,0.0
2021-11-28,155.0,76.0,21.0,10.0,1.0,2.0,"Powai, Mumbai",32.8,20.8,25.6,59,10.5,8.1,44,1012.0,0.0
2021-11-29,151.0,88.0,18.0,11.0,1.0,4.0,"Powai, Mumbai",32.6,20.0,25.6,55,12.3,8.8,54,1012.1,0.0
2021-11-30,162.0,71.0,18.0,8.0,1.0,4.0,"Powai, Mumbai",33.1,22.7,26.9,57,13.3,8.4,55,1011.2,0.0
2021-12-01,152.0,52.0,20.0,9.0,1.0,3.0,"Powai, Mumbai",24.9,20.0,22.6,80,18.9,9.5,30,1011.4,39.8
2021-12-02,128.0,60.0,17.0,6.0,1.0,4.0,"Powai, Mumbai",25.2,19.0,21.9,90,24.2,10.3,59,1010.2,46.5
2021-12-03,139.0,215.0,14.0,7.0,1.0,5.0,"Powai, Mumbai",27.9,21.4,24.0,90,9.3,5.2,52,1011.4,1.4
2021-12-04,134.0,180.66666666666663,11.0,7.0,1.0,4.0,"Powai, Mumbai",28.6,20.4,23.9,88,10.8,5.7,85,1012.0,0.4
2021-12-05,129.0,146.33333333333331,21.0,6.0,1.0,4.0,"Powai, Mumbai",27.6,19.8,23.3,89,9.2,5.8,338,1012.5,0.1
2021-12-06,153.0,112.0,27.0,8.0,1.0,5.0,"Powai, Mumbai",30.0,20.2,24.3,79,13.8,7.3,11,1012.3,0.0
2021-12-07,177.0,102.0,29.0,10.0,1.0,5.0,"Powai, Mumbai",30.9,21.0,25.4,70,12.1,9.9,32,1012.4,0.0
2021-12-08,176.0,94.0,31.0,8.0,1.0,5.0,"Powai, Mumbai",31.6,21.2,25.5,64,13.6,9.3,26,1012.6,0.0
2021-12-09,173.0,91.0,26.0,8.0,1.0,4.0,"Powai, Mumbai",31.7,22.3,25.8,63,12.6,9.1,18,1013.9,0.0
2021-12-10,168.0,90.0,25.0,9.0,1.0,4.5,"Powai, Mumbai",32.0,21.4,25.7,65,14.5,9.6,33,1014.4,0.0
2021-12-11,166.0,86.0,24.0,8.0,3.5,5.0,"Powai, Mumbai",32.2,21.5,25.4,67,12.2,9.2,31,1014.0,0.0
2021-12-12,166.0,79.0,22.0,9.0,3.5,4.0,"Powai, Mumbai",32.0,20.4,24.9,69,11.7,8.1,40,1013.9,0.0
2021-12-13,149.0,68.0,39.0,8.0,3.5,1.0,"Powai, Mumbai",30.9,19.5,24.1,69,11.0,7.0,10,1013.4,0.0
2021-12-14,144.0,95.0,50.0,10.0,1.0,4.0,"Powai, Mumbai",29.8,17.6,23.1,72,13.6,8.4,358,1013.3,0.0
2021-12-15,173.0,106.0,48.0,10.0,1.0,10.0,"Powai, Mumbai",29.0,18.5,22.8,77,11.6,7.2,346,1013.4,0.0
2021-12-16,183.0,105.0,47.0,9.0,1.0,8.0,"Powai, Mumbai",29.6,18.5,23.3,79,12.8,6.7,349,1014.3,0.0
2021-12-17,181.0,107.0,44.0,9.0,1.0,7.0,"Powai, Mumbai",29.9,18.9,23.6,73,13.2,7.3,346,1014.7,0.0
2021-12-18,182.0,96.0,53.0,9.0,1.0,7.0,"Powai, Mumbai",30.8,18.0,23.5,70,12.9,8.6,6,1014.5,0.0
2021-12-19,176.0,103.0,48.0,9.0,1.0,6.0,"Powai, Mumbai",30.6,18.6,23.5,66,12.9,8.9,23,1015.0,0.0
2021-12-20,179.0,110.0,73.0,9.0,1.0,8.0,"Powai, Mumbai",30.8,17.5,23.0,68,12.1,8.1,24,1014.9,0.0
2021-12-21,184.0,103.0,35.0,9.0,1.0,8.0,"Powai, Mumbai",30.2,16.5,22.8,71,11.9,6.6,4,1014.7,0.0
2021-12-22,181.0,99.0,40.5,9.0,1.0,7.0,"Powai, Mumbai",30.0,15.9,22.6,75,10.5,6.5,338,1013.3,0.0
2021-12-23,176.0,73.0,46.0,7.0,1.0,5.0,"Powai, Mumbai",30.3,15.9,21.8,75,11.3,7.6,355,1012.9,0.0
2021-12-24,136.0,72.0,52.0,8.0,1.0,5.0,"Powai, Mumbai",28.0,15.9,20.9,82,13.4,7.7,342,1013.3,0.0
2021-12-25,143.0,97.0,59.0,7.0,1.0,7.0,"Powai, Mumbai",28.1,16.6,21.3,82,12.6,6.9,352,1014.1,0.0
2021-12-26,173.0,104.0,44.0,10.0,1.0,7.0,"Powai, Mumbai",30.1,17.0,22.4,77,14.3,7.8,352,1014.5,0.0
2021-12-27,171.0,101.0,52.0,11.0,1.0,8.0,"Powai, Mumbai",31.4,16.6,22.9,70,10.8,7.5,7,1014.1,0.0
2021-12-28,171.0,77.0,37.0,8.0,1.0,5.0,"Powai, Mumbai",30.0,16.9,22.8,72,15.6,8.2,335,1013.5,0.0
2021-12-29,141.0,95.0,35.0,8.0,1.0,6.0,"Powai, Mumbai",29.0,17.9,22.6,64,12.9,9.9,355,1013.8,0.0
2021-12-30,167.0,92.0,39.0,10.0,1.0,6.0,"Powai, Mumbai",31.2,18.1,23.2,64,15.1,9.6,28,1014.6,0.0
2021-12-31,166.0,79.0,41.0,6.0,1.0,5.0,"Powai, Mumbai",32.2,20.0,24.9,65,12.9,9.6,40,1015.5,0.0
2022-01-01,159.0,82.0,42.0,8.0,1.0,7.0,"Powai, Mumbai",32.2,19.2,24.7,63,11.2,8.6,26,1015.9,0.0
2022-01-02,162.0,85.0,49.0,9.0,1.0,6.0,"Powai, Mumbai",31.8,19.5,24.7,64,11.7,8.2,13,1014.6,0.0
2022-01-03,162.0,91.0,63.0,10.0,1.0,7.0,"Powai, Mumbai",32.3,20.7,25.0,66,12.4,8.3,15,1014.0,0.0
2022-01-04,167.0,107.0,67.0,13.0,1.0,9.0,"Powai, Mumbai",32.5,19.5,24.8,70,12.9,7.4,5,1013.9,0.0
2022-01-05,179.0,79.0,36.0,6.0,1.0,6.0,"Powai, Mumbai",30.3,19.1,24.3,77,13.8,6.4,315,1013.5,0.0
2022-01-06,162.0,100.0,52.0,10.0,1.0,8.0,"Powai, Mumbai",29.2,19.6,23.3,79,13.9,7.8,336,1013.1,0.0
2022-01-07,177.0,79.0,28.0,10.0,1.0,6.0,"Powai, Mumbai",29.0,18.2,22.9,78,13.7,7.0,324,1012.5,0.0
2022-01-08,155.0,45.0,41.0,4.0,1.0,3.0,"Powai, Mumbai",25.2,19.8,22.0,86,10.0,5.3,10,1013.8,2.1
2022-01-09,84.0,51.0,35.0,6.0,1.0,5.0,"Powai, Mumbai",26.6,17.0,21.2,57,16.3,10.4,338,1013.8,0.0
2022-01-10,102.0,89.0,70.0,14.0,1.0,6.0,"Powai, Mumbai",25.7,13.6,18.8,57,18.3,10.3,342,1014.0,0.0
2022-01-11,166.0,116.0,57.0,8.0,1.0,6.0,"Powai, Mumbai",26.2,13.6,19.8,70,12.4,6.7,325,1013.5,0.0
2022-01-12,183.0,93.0,66.0,10.0,1.0,8.0,"Powai, Mumbai",26.9,13.9,20.3,68,15.5,9.5,341,1013.1,0.0
2022-01-13,172.0,95.0,53.0,9.0,1.0,8.0,"Powai, Mumbai",27.5,13.9,20.4,72,14.9,7.4,343,1012.2,0.0
2022-01-14,174.0,84.0,42.0,7.0,1.0,7.0,"Powai, Mumbai",27.6,15.9,21.4,73,14.1,7.7,338,1012.2,0.0
2022-01-15,166.0,76.0,41.0,7.0,2.0,6.0,"Powai, Mumbai",30.0,17.1,22.6,65,16.6,10.2,11,1012.8,0.0
2022-01-16,156.0,83.0,38.0,7.0,2.0,7.0,"Powai, Mumbai",32.2,18.7,24.3,56,14.0,10.1,44,1013.2,0.0
2022-01-17,150.66666666666666,84.0,37.0,9.0,2.0,8.0,"Powai, Mumbai",32.2,19.5,24.8,61,14.1,9.6,16,1015.1,0.0
2022-01-18,145.33333333333334,91.0,53.0,11.0,3.0,8.0,"Powai, Mumbai",31.0,19.1,24.4,62,15.4,9.4,354,1014.9,0.0
2022-01-19,140.0,66.0,53.0,10.0,3.0,7.0,"Powai, Mumbai",32.5,17.6,23.8,64,15.4,9.0,347,1013.4,0.0
2022-01-20,133.0,60.0,28.0,9.0,2.0,7.0,"Powai, Mumbai",29.6,16.8,22.6,67,14.3,8.3,328,1011.9,0.0
2022-01-21,115.0,60.0,21.0,7.0,2.0,7.0,"Powai, Mumbai",28.6,16.5,22.0,83,13.7,7.6,331,1011.7,0.0
2022-01-22,102.0,152.5,38.0,2.0,1.0,4.0,"Powai, Mumbai",27.2,18.5,22.8,82,22.0,9.9,271,1010.3,1.6
2022-01-23,231.0,245.0,46.0,3.0,3.0,6.0,"Powai, Mumbai",23.4,15.2,21.0,60,17.4,12.3,312,1011.5,0.1
2022-01-24,197.0,163.0,49.0,10.0,3.0,7.0,"Powai, Mumbai",25.4,11.8,17.9,59,20.1,10.2,6,1012.5,0.0
2022-01-25,172.0,139.0,55.0,8.0,3.0,8.0,"Powai, Mumbai",27.0,11.1,18.7,56,15.9,9.7,355,1012.1,0.0
2022-01-26,168.0,113.0,54.0,9.0,3.0,8.0,"Powai, Mumbai",28.9,13.9,20.8,52,15.5,9.8,358,1011.9,0.0
2022-01-27,161.0,90.0,51.0,8.0,3.0,7.0,"Powai, Mumbai",30.9,15.7,22.4,49,16.6,9.8,14,1012.1,0.0
2022-01-28,143.0,83.0,68.0,11.0,3.0,7.0,"Powai, Mumbai",31.8,17.7,23.8,42,15.4,12.0,26,1013.1,0.0
2022-01-29,144.0,86.0,61.0,9.0,4.0,8.0,"Powai, Mumbai",32.3,16.2,23.0,46,14.2,9.8,16,1014.0,0.0
2022-01-30,148.0,84.0,62.0,12.0,5.0,9.0,"Powai, Mumbai",32.3,14.6,22.7,51,12.5,8.6,358,1012.8,0.0
2022-01-31,152.0,80.0,46.0,10.0,4.0,8.0,"Powai, Mumbai",31.9,14.7,22.1,52,15.2,8.8,339,1012.0,0.0
2022-02-01,144.0,96.0,60.0,11.0,4.0,9.0,"Powai, Mumbai",32.0,12.9,21.6,64,17.6,10.3,346,1011.2,0.0
2022-02-02,165.0,87.0,35.0,9.0,3.0,8.0,"Powai, Mumbai",31.2,15.6,22.0,74,15.3,8.6,324,1011.3,0.0
2022-02-03,148.0,136.0,70.0,5.0,3.0,6.0,"Powai, Mumbai",28.0,15.6,21.5,84,14.8,7.0,274,1011.3,0.0
2022-02-04,149.0,156.0,54.0,9.0,3.0,7.0,"Powai, Mumbai",27.8,17.1,22.2,73,11.3,6.5,306,1010.9,0.0
2022-02-05,168.0,136.0,73.0,10.0,4.0,9.0,"Powai, Mumbai",29.9,13.8,21.4,66,16.7,8.4,345,1011.4,0.0
2022-02-06,171.0,100.0,34.0,5.0,3.0,6.0,"Powai, Mumbai",30.2,14.9,21.9,67,15.8,8.9,322,1013.0,0.0
2022-02-07,151.0,68.0,25.0,5.0,3.0,6.0,"Powai, Mumbai",28.0,15.9,21.5,79,18.8,9.7,326,1014.4,0.0
2022-02-08,105.0,73.0,28.0,6.0,3.0,7.0,"Powai, Mumbai",27.1,16.1,21.2,80,16.2,9.0,323,1013.6,0.0
2022-02-09,129.0,92.0,39.0,8.0,4.0,8.0,"Powai, Mumbai",28.2,15.8,21.5,76,17.4,9.5,342,1013.2,0.0
2022-02-10,158.0,87.0,37.0,9.0,4.0,7.0,"Powai, Mumbai",32.2,16.6,23.7,52,19.6,10.9,354,1012.4,0.0
2022-02-11,143.0,81.0,43.0,11.0,4.0,9.0,"Powai, Mumbai",34.1,20.6,26.1,39,18.2,13.5,19,1011.8,0.0
2022-02-12,146.0,89.0,46.0,10.0,5.0,9.0,"Powai, Mumbai",33.5,19.1,25.0,45,18.9,10.3,352,1011.6,0.0
2022-02-13,159.0,70.0,29.0,7.0,5.0,7.0,"Powai, Mumbai",33.1,16.8,23.8,55,17.6,9.8,338,1010.1,0.0
2022-02-14,128.0,57.0,24.0,7.0,5.0,6.0,"Powai, Mumbai",31.0,16.5,23.7,50,18.6,10.4,336,1010.6,0.0
2022-02-15,92.0,55.0,20.0,8.0,5.0,7.0,"Powai, Mumbai",29.4,16.1,22.5,59,15.3,9.7,327,1010.8,0.0
2022-02-16,89.0,58.0,28.0,10.0,6.0,7.0,"Powai, Mumbai",28.6,16.2,21.8,76,14.9,8.3,333,1009.3,0.0
2022-02-17,107.0,72.0,28.0,14.0,7.0,9.0,"Powai, Mumbai",29.2,16.6,22.2,77,12.7,5.4,296,1008.1,0.0
2022-02-18,131.0,75.0,32.0,12.0,7.0,9.0,"Powai, Mumbai",30.7,16.5,23.2,73,14.1,5.8,273,1009.0,0.0
2022-02-19,138.0,73.0,37.0,7.0,7.0,8.0,"Powai, Mumbai",33.3,17.4,24.4,68,15.1,8.1,322,1011.0,0.0
2022-02-20,144.0,90.0,28.0,13.0,8.0,11.0,"Powai, Mumbai",33.9,16.5,24.5,57,19.3,10.6,338,1010.7,0.0
2022-02-21,148.0,79.0,41.0,11.0,9.0,8.0,"Powai, Mumbai",34.3,15.6,24.4,46,21.4,11.2,341,1010.0,0.0
2022-02-22,137.0,87.0,42.0,16.0,9.0,9.11111111111111,"Powai, Mumbai",34.0,16.7,24.1,58,18.4,9.1,331,1010.9,0.0
2022-02-23,144.0,99.0,72.0,16.0,10.0,10.22222222222222,"Powai, Mumbai",33.5,16.8,25.2,57,15.2,8.9,332,1012.2,0.0
2022-02-24,158.0,127.0,77.0,16.0,10.0,11.333333333333332,"Powai, Mumbai",34.2,18.2,25.7,52,16.4,9.1,319,1013.5,0.0
2022-02-25,164.0,109.0,44.0,14.0,9.0,6.0,"Powai, Mumbai",34.5,17.8,25.7,49,19.4,9.8,316,1012.9,0.0
2022-02-26,149.0,58.0,20.0,11.0,8.0,6.0,"Powai, Mumbai",33.8,17.8,25.1,54,19.5,10.8,329,1012.8,0.0
2022-02-27,107.0,102.0,72.0,14.0,82.0,6.0,"Powai, Mumbai",34.8,17.1,25.5,47,20.2,9.9,327,1013.0,0.0
2022-02-28,159.0,106.0,40.0,12.0,56.0,6.0,"Powai, Mumbai",36.0,17.6,26.0,41,17.8,10.0,332,1012.5,0.0
2022-03-01,164.0,107.0,55.0,14.0,30.0,5.0,"Powai, Mumbai",36.5,18.6,26.4,43,17.3,9.6,336,1012.5,0.0
2022-03-02,163.0,105.0,53.0,12.0,4.0,18.0,"Powai, Mumbai",38.0,19.0,27.6,43,18.7,10.0,340,1011.5,0.0
2022-03-03,158.0,80.0,39.0,10.0,4.0,16.0,"Powai, Mumbai",37.9,21.0,28.3,36,21.9,11.9,348,1011.3,0.0
2022-03-04,119.0,90.0,58.0,16.0,3.0,18.0,"Powai, Mumbai",37.2,22.6,28.5,30,22.5,12.5,345,1011.8,0.0
2022-03-05,148.0,98.0,55.0,16.0,3.0,17.6,"Powai, Mumbai",37.7,20.1,27.6,41,19.7,9.9,345,1010.8,0.0
2022-03-06,159.0,109.0,73.0,15.5,3.0,17.2,"Powai, Mumbai",38.0,19.9,28.0,43,19.2,9.4,325,1009.7,0.0
2022-03-07,166.0,115.0,80.0,15.0,3.0,16.8,"Powai, Mumbai",35.7,22.6,29.0,42,13.0,8.1,310,1010.0,0.0
2022-03-08,172.0,98.0,61.0,14.0,3.0,5.0,"Powai, Mumbai",37.3,25.2,29.9,44,15.6,10.6,347,1010.1,0.0
2022-03-09,167.0,95.0,61.0,15.0,3.0,16.0,"Powai, Mumbai",37.2,23.0,29.2,47,13.6,6.9,10,1010.1,0.0
2022-03-10,164.0,105.0,69.0,16.0,3.0,7.0,"Powai, Mumbai",37.1,21.8,28.9,46,17.3,9.6,356,1009.8,0.0
2022-03-11,175.0,98.66666666666669,62.66666666666666,14.333333333333334,2.6666666666666665,6.0,"Powai, Mumbai",36.8,22.8,29.4,41,15.2,8.0,320,1009.5,0.0
2022-03-13,142.33333333333334,86.0,50.0,11.0,2.0,4.0,"Powai, Mumbai",39.5,20.8,30.0,38,20.2,11.6,1,1009.4,0.0
2022-03-14,126.0,114.0,58.0,17.0,2.0,8.0,"Powai, Mumbai",39.4,22.6,30.6,26,20.3,11.2,356,1009.7,0.0
2022-03-15,152.0,99.0,61.0,15.0,2.0,6.0,"Powai, Mumbai",40.1,21.1,30.3,34,21.9,11.1,339,1008.5,0.0
2022-03-16,149.0,210.0,81.0,14.5,3.0,10.0,"Powai, Mumbai",40.7,21.4,31.0,36,22.0,11.6,339,1007.1,0.0
2022-03-17,92.0,106.0,64.0,14.0,2.0,7.0,"Powai, Mumbai",41.0,22.7,31.6,31,22.0,10.6,335,1006.2,0.0
2022-03-18,164.0,78.0,41.0,12.0,2.0,3.0,"Powai, Mumbai",37.9,21.2,30.3,45,23.5,11.0,321,1006.0,0.0
2022-03-19,120.0,86.0,24.0,13.0,2.0,3.0,"Powai, Mumbai",35.5,21.7,28.3,63,19.8,9.0,277,1006.3,0.0
2022-03-20,122.0,108.0,40.0,11.0,2.0,3.0,"Powai, Mumbai",31.9,23.1,27.1,77,22.6,8.6,253,1007.1,0.0
2022-03-21,135.0,105.0,54.0,19.0,2.0,4.0,"Powai, Mumbai",34.0,21.1,27.2,69,19.9,9.0,311,1007.9,0.0
2022-03-22,147.0,103.0,52.0,15.0,2.0,3.0,"Powai, Mumbai",38.5,22.6,30.0,40,20.2,10.5,338,1007.2,0.0
2022-03-23,126.0,121.0,70.0,15.0,1.0,6.0,"Powai, Mumbai",40.7,24.5,31.8,24,22.5,12.2,347,1006.3,0.0
2022-03-24,161.0,75.0,36.0,15.0,1.0,2.0,"Powai, Mumbai",36.2,23.4,29.4,40,19.1,8.4,288,1006.7,0.0
2022-03-25,110.0,76.0,38.0,17.0,1.0,2.0,"Powai, Mumbai",36.3,22.6,28.2,65,20.9,7.7,291,1008.3,0.0
2022-03-26,107.0,75.0,31.0,13.0,1.0,1.0,"Powai, Mumbai",35.4,22.5,28.2,73,19.7,7.5,288,1010.4,0.0
2022-03-27,103.0,85.0,33.0,15.0,1.0,2.0,"Powai, Mumbai",36.2,23.1,28.4,71,19.0,7.5,296,1010.7,0.0
2022-03-28,124.0,90.0,36.0,15.0,1.0,2.0,"Powai, Mumbai",35.5,23.4,28.5,74,17.6,8.2,296,1009.9,0.0
2022-03-29,125.0,94.0,33.0,16.0,1.0,3.0,"Powai, Mumbai",37.4,22.4,29.5,59,18.3,10.0,314,1008.5,0.0
2022-03-30,116.0,88.0,35.0,16.0,1.0,2.0,"Powai, Mumbai",37.3,21.5,28.8,63,17.2,9.2,323,1008.3,0.0
2022-03-31,111.0,154.0,30.0,14.0,1.0,2.0,"Powai, Mumbai",35.5,20.1,27.1,68,16.4,8.4,318,1009.1,0.0
2022-04-01,159.0,137.0,33.0,12.0,1.0,1.0,"Powai, Mumbai",36.7,20.5,27.0,72,17.6,7.9,311,1009.0,0.0
2022-04-02,158.0,102.0,14.0,10.0,1.0,1.0,"Powai, Mumbai",33.7,22.1,27.4,75,18.0,7.1,267,1010.0,0.0
2022-04-03,138.0,96.0,19.666666666666668,10.666666666666666,2.0,1.6666666666666663,"Powai, Mumbai",35.3,21.7,27.6,75,20.9,8.0,306,1009.3,0.0
2022-04-05,128.66666666666666,84.0,31.0,12.0,4.0,3.0,"Powai, Mumbai",34.6,24.1,28.8,78,19.8,9.0,269,1011.2,0.0
2022-04-06,124.0,73.0,45.0,13.0,4.0,4.0,"Powai, Mumbai",34.5,24.0,28.7,78,16.9,9.0,259,1011.6,0.0
2022-04-07,111.0,72.0,44.0,14.0,3.0,4.0,"Powai, Mumbai",35.5,24.7,29.1,76,16.6,7.4,261,1010.3,0.0
2022-04-08,108.0,67.0,21.0,12.0,3.0,3.0,"Powai, Mumbai",36.8,23.0,28.9,75,18.9,8.5,244,1008.6,0.0
2022-04-09,91.0,58.0,25.0,10.0,3.0,2.5,"Powai, Mumbai",34.8,24.3,29.0,76,16.0,8.2,224,1008.5,0.0
2022-04-10,89.0,66.0,29.0,12.0,3.0,2.0,"Powai, Mumbai",35.3,24.3,29.2,71,17.3,8.9,251,1008.5,0.0
2022-04-11,92.0,72.0,36.0,12.0,3.0,2.0,"Powai, Mumbai",35.6,23.3,29.0,70,20.8,8.2,282,1007.5,0.0
2022-04-12,100.0,85.0,32.0,12.0,3.0,2.0,"Powai, Mumbai",36.9,23.1,29.4,68,20.8,9.3,317,1006.2,0.0
2022-04-13,112.0,119.0,23.0,10.333333333333334,16.666666666666664,4.0,"Powai, Mumbai",39.2,23.3,30.4,61,21.2,9.8,318,1005.4,0.0
2022-04-15,165.33333333333334,187.0,5.0,7.0,44.0,8.0,"Powai, Mumbai",34.7,25.2,29.0,71,17.3,7.7,255,1007.2,0.0
2022-04-16,192.0,95.0,11.0,8.0,26.0,5.0,"Powai, Mumbai",33.9,22.0,27.6,77,17.8,8.8,262,1006.4,0.0
2022-04-17,101.0,80.0,12.0,8.0,13.0,4.0,"Powai, Mumbai",34.5,23.5,28.4,74,18.3,8.5,251,1007.3,0.0
2022-04-18,86.0,83.0,9.0,7.0,9.0,4.0,"Powai, Mumbai",33.7,23.1,28.1,76,20.2,8.6,283,1009.5,0.0
2022-04-19,83.0,96.0,17.0,9.0,8.0,4.0,"Powai, Mumbai",34.5,22.9,28.4,75,20.2,9.3,304,1010.8,0.0
2022-04-20,105.0,82.0,27.0,11.0,7.0,6.0,"Powai, Mumbai",36.1,23.9,29.9,70,18.3,9.9,314,1008.5,0.0
2022-04-21,121.0,122.0,31.0,12.0,7.0,7.0,"Powai, Mumbai",41.5,26.9,33.2,39,26.0,13.9,341,1006.0,0.0
2022-04-22,145.0,190.0,27.0,11.0,7.0,6.666666666666667,"Powai, Mumbai",40.5,25.3,32.5,47,18.8,9.2,319,1006.7,0.0
2022-04-23,165.0,202.0,23.0,9.0,6.0,6.333333333333333,"Powai, Mumbai",41.5,25.0,31.7,60,16.9,7.9,285,1007.7,0.2
2022-04-24,127.0,119.0,19.0,9.0,6.0,6.0,"Powai, Mumbai",36.7,26.1,30.6,72,15.6,8.7,255,1008.2,0.0
2022-04-25,109.0,102.0,17.0,11.0,6.0,4.0,"Powai, Mumbai",40.4,25.0,31.9,54,19.9,10.3,328,1006.5,0.0
2022-04-26,112.0,201.0,19.0,10.0,7.0,4.0,"Powai, Mumbai",36.5,25.1,30.7,63,18.2,9.5,271,1007.3,0.0
2022-04-27,108.0,160.0,22.0,12.0,7.0,5.0,"Powai, Mumbai",39.0,23.8,31.8,54,19.3,10.4,327,1005.9,0.0
2022-04-28,105.0,111.5,12.0,10.0,7.0,4.0,"Powai, Mumbai",40.7,25.9,31.9,54,18.2,8.6,286,1006.5,0.0
2022-04-29,124.0,63.0,12.0,9.0,7.0,5.0,"Powai, Mumbai",35.8,26.6,30.5,74,15.9,10.7,249,1008.5,0.0
2022-04-30,107.0,194.0,8.0,8.0,7.0,5.0,"Powai, Mumbai",35.2,24.3,29.5,74,17.3,9.3,245,1007.1,0.0
2022-05-01,117.0,51.0,4.0,8.0,8.0,5.0,"Powai, Mumbai",35.5,25.5,29.8,76,16.6,9.4,242,1006.1,0.0
2022-05-02,116.0,58.0,6.0,7.0,8.0,5.0,"Powai, Mumbai",34.5,26.1,30.0,75,17.9,9.4,245,1006.3,0.0
2022-05-03,132.0,65.0,12.0,7.0,8.0,5.0,"Powai, Mumbai",34.7,26.5,30.2,74,18.8,8.4,262,1007.1,0.0
2022-05-04,110.0,72.0,9.0,7.0,8.0,4.0,"Powai, Mumbai",34.9,26.2,29.8,74,18.3,8.4,291,1008.1,0.0
2022-05-05,100.0,89.0,8.0,7.0,8.0,5.0,"Powai, Mumbai",35.5,24.5,29.1,77,20.0,10.0,318,1008.0,0.0
2022-05-06,124.0,76.0,6.0,7.0,9.0,5.0,"Powai, Mumbai",34.9,25.1,29.4,75,20.3,10.0,315,1007.4,0.0
2022-05-07,119.0,74.5,6.5,7.5,8.5,4.0,"Powai, Mumbai",35.2,24.2,29.5,76,20.6,9.4,298,1006.8,0.0
2022-05-08,105.5,73.0,7.0,8.0,8.0,3.0,"Powai, Mumbai",35.5,24.6,29.9,77,22.3,9.7,296,1004.9,0.0
2022-05-09,92.0,68.0,5.0,7.0,9.0,3.0,"Powai, Mumbai",34.7,25.5,29.9,77,21.7,10.3,287,1004.1,0.0
2022-05-10,79.0,65.0,5.0,8.0,9.0,4.0,"Powai, Mumbai",34.7,27.0,30.2,74,23.3,10.2,293,1003.8,0.0
2022-05-11,87.0,63.0,4.0,9.0,9.0,4.0,"Powai, Mumbai",34.1,25.6,29.8,76,18.6,10.1,261,1003.6,0.0
2022-05-12,82.0,72.28571428571428,4.714285714285714,9.0,9.285714285714286,4.0,"Powai, Mumbai",34.0,27.7,30.2,69,18.2,12.3,249,1004.7,0.0
2022-05-18,146.28571428571428,128.0,9.0,9.0,11.0,4.0,"Powai, Mumbai",34.3,26.2,29.7,72,19.3,9.3,277,1004.7,0.0
2022-05-19,157.0,101.0,8.0,9.0,11.0,4.0,"Powai, Mumbai",34.3,25.9,29.8,72,20.8,10.2,283,1005.1,0.0
2022-05-20,134.0,81.0,7.0,8.0,11.0,4.0,"Powai, Mumbai",33.4,26.8,29.9,67,18.3,11.6,247,1006.2,0.0
2022-05-21,102.0,56.0,5.0,8.0,11.0,4.0,"Powai, Mumbai",33.8,28.0,30.4,63,21.4,14.3,239,1006.0,0.0
2022-05-22,72.0,45.0,5.0,8.0,12.0,4.0,"Powai, Mumbai",33.8,28.5,30.4,65,22.1,17.4,245,1004.2,0.7
2022-05-23,70.44444444444444,49.0,9.0,8.0,12.0,4.0,"Powai, Mumbai",34.0,28.1,30.5,67,22.1,16.8,243,1003.5,0.2
2022-05-24,68.88888888888889,54.0,7.0,7.0,13.0,4.0,"Powai, Mumbai",33.8,27.8,30.5,67,20.8,14.2,255,1006.0,0.3
2022-05-25,67.33333333333333,51.0,11.0,6.0,13.0,4.0,"Powai, Mumbai",34.2,26.0,29.8,69,17.5,10.6,283,1008.3,0.2
2022-05-26,64.5,43.0,6.0,7.0,14.0,5.0,"Powai, Mumbai",34.3,26.4,30.1,65,17.7,10.5,268,1008.0,0.1
2022-05-27,64.5,37.0,7.0,7.0,14.0,5.0,"Powai, Mumbai",34.5,27.1,30.5,60,20.2,12.6,256,1007.7,0.0
2022-05-28,64.5,45.0,10.0,7.0,15.0,5.0,"Powai, Mumbai",34.0,27.5,30.5,60,19.9,13.1,255,1006.8,0.0
2022-05-29,64.5,53.0,7.0,7.0,15.0,5.0,"Powai, Mumbai",34.3,28.2,30.6,60,19.1,13.3,257,1006.8,0.0
2022-05-30,64.5,56.0,7.0,7.0,15.0,5.0,"Powai, Mumbai",33.7,26.9,30.1,64,19.1,11.3,264,1006.5,0.0
2022-05-31,58.0,55.0,8.0,7.0,15.0,5.0,"Powai, Mumbai",34.5,26.8,30.1,66,20.0,10.7,281,1005.8,0.0
2022-06-01,65.0,59.0,6.0,7.0,16.0,5.0,"Powai, Mumbai",34.0,27.6,30.1,66,19.1,10.9,280,1006.0,0.0
2022-06-02,72.0,62.0,7.0,7.0,16.0,5.0,"Powai, Mumbai",34.2,27.2,30.0,68,19.3,10.5,276,1006.2,0.0
2022-06-03,75.0,51.0,6.0,7.0,16.0,5.0,"Powai, Mumbai",33.8,26.4,29.6,70,18.7,10.8,278,1006.0,0.0
2022-06-04,61.0,44.0,8.0,7.0,17.0,5.0,"Powai, Mumbai",34.2,26.4,30.0,70,17.3,10.6,281,1005.5,0.0
2022-06-05,53.0,46.0,7.0,8.0,17.0,5.0,"Powai, Mumbai",34.3,26.5,30.0,71,19.1,9.0,272,1005.4,0.0
2022-06-06,59.0,39.0,7.0,7.0,18.0,5.0,"Powai, Mumbai",34.1,26.2,29.9,69,17.5,8.8,256,1005.9,0.0
2022-06-07,51.0,24.0,6.0,8.0,18.0,5.0,"Powai, Mumbai",34.8,26.1,29.8,72,17.1,9.2,253,1006.1,2.5
2022-06-08,33.0,25.0,8.0,8.0,18.0,6.0,"Powai, Mumbai",33.5,26.8,29.7,76,14.8,10.7,245,1005.8,3.7
2022-06-09,34.0,36.0,11.0,11.0,19.0,8.0,"Powai, Mumbai",32.9,26.4,29.2,77,15.5,9.3,241,1004.7,4.5
2022-06-10,61.0,19.0,7.0,9.0,19.0,6.0,"Powai, Mumbai",31.5,26.2,28.2,80,15.6,9.6,201,1004.7,10.6
2022-06-11,31.0,25.0,5.0,11.0,20.0,7.0,"Powai, Mumbai",30.5,25.4,27.0,85,19.6,13.1,197,1005.4,12.4
2022-06-12,41.0,35.0,8.0,11.0,20.0,7.0,"Powai, Mumbai",28.9,25.1,26.6,86,22.4,13.7,189,1005.3,8.1
2022-06-13,52.0,42.0,7.0,9.0,20.0,7.0,"Powai, Mumbai",30.6,24.6,27.4,82,24.3,15.3,191,1006.5,5.0
2022-06-14,63.0,37.0,7.0,9.0,21.0,6.0,"Powai, Mumbai",31.2,25.2,28.2,80,20.4,14.9,201,1006.6,1.7
2022-06-15,54.0,34.0,4.0,8.0,21.0,6.0,"Powai, Mumbai",30.9,25.8,27.9,82,18.6,11.7,221,1006.0,4.7
2022-06-16,60.0,38.0,4.0,8.0,22.0,7.0,"Powai, Mumbai",31.0,25.1,27.8,82,17.1,11.3,208,1005.7,6.6
2022-06-17,61.0,39.0,4.0,10.0,22.0,7.0,"Powai, Mumbai",30.4,25.6,27.8,83,17.8,12.2,206,1005.1,3.3
2022-06-18,61.0,26.0,2.0,7.0,23.0,7.0,"Powai, Mumbai",30.3,25.9,28.2,81,20.2,13.4,203,1005.2,14.9
2022-06-19,58.0,22.0,2.0,9.0,23.0,7.0,"Powai, Mumbai",29.1,25.2,26.9,87,19.7,14.2,210,1005.7,20.0
2022-06-20,43.0,23.0,4.0,9.0,23.0,8.0,"Powai, Mumbai",27.6,24.5,25.6,92,14.8,10.3,218,1004.8,43.8
2022-06-21,49.0,32.0,6.0,9.0,23.0,8.0,"Powai, Mumbai",28.1,23.7,25.7,90,21.4,13.2,194,1002.7,16.8
2022-06-22,53.0,35.0,9.0,10.0,24.0,9.0,"Powai, Mumbai",29.9,24.4,26.3,89,17.9,10.3,182,1003.9,24.7
2022-06-23,55.0,28.0,5.0,10.0,24.0,9.0,"Powai, Mumbai",29.5,24.1,26.2,89,9.7,6.7,170,1005.0,37.9
2022-06-24,49.0,25.0,12.0,10.0,25.0,8.0,"Powai, Mumbai",30.4,24.8,26.4,89,15.9,9.1,147,1003.3,16.0
2022-06-25,31.0,19.0,10.0,11.0,25.0,7.0,"Powai, Mumbai",30.2,24.7,26.6,87,17.6,13.5,146,1000.4,5.3
2022-06-26,29.0,31.0,8.0,10.0,25.0,7.0,"Powai, Mumbai",28.1,24.9,26.0,89,23.0,16.6,159,1000.6,22.8
2022-06-27,45.0,28.0,2.0,9.0,25.0,9.0,"Powai, Mumbai",28.0,24.9,26.0,90,19.9,14.7,194,1003.1,19.2
2022-06-28,62.0,23.5,2.0,7.0,26.0,10.0,"Powai, Mumbai",28.5,25.0,26.3,89,17.8,13.0,200,1004.6,9.5
2022-06-29,64.0,19.0,4.0,10.0,26.0,8.0,"Powai, Mumbai",28.9,25.3,26.5,89,17.0,12.4,212,1003.5,16.4
2022-06-30,52.0,15.0,2.0,10.0,25.0,9.0,"Powai, Mumbai",27.6,24.9,25.9,91,17.0,10.8,211,1003.3,24.5
2022-07-01,44.0,45.0,4.0,9.0,25.0,7.0,"Powai, Mumbai",26.0,24.5,25.3,94,15.8,11.1,213,1004.1,47.0
2022-07-02,63.0,42.0,5.0,9.0,26.0,6.0,"Powai, Mumbai",28.0,24.6,25.8,91,17.9,11.9,222,1002.6,20.7
2022-07-03,55.0,21.0,4.0,9.0,27.0,7.0,"Powai, Mumbai",28.0,24.3,25.9,90,20.7,13.0,208,1002.4,21.2
2022-07-04,47.0,16.0,2.0,9.0,27.0,8.0,"Powai, Mumbai",26.9,24.5,25.6,91,18.1,11.9,217,1002.3,26.9
2022-07-05,44.0,23.0,5.0,10.0,26.0,7.0,"Powai, Mumbai",25.9,24.7,25.4,93,17.0,12.4,239,1001.0,44.2
2022-07-06,52.0,30.0,6.0,8.0,26.0,6.0,"Powai, Mumbai",26.4,24.8,25.3,93,17.4,13.4,217,1002.3,32.9
2022-07-07,54.0,41.0,4.0,8.0,26.0,7.0,"Powai, Mumbai",26.6,24.6,25.7,92,17.4,13.1,242,1005.3,32.5
2022-07-08,58.0,40.0,5.0,8.0,26.0,6.0,"Powai, Mumbai",27.4,24.2,25.6,91,18.8,13.5,258,1004.8,23.1
2022-07-09,53.0,38.0,6.0,8.0,26.0,6.0,"Powai, Mumbai",26.5,24.0,25.0,92,18.8,12.2,263,1003.4,41.2
2022-07-10,52.0,35.0,6.0,9.0,26.0,6.0,"Powai, Mumbai",25.5,23.5,24.4,93,17.6,9.9,268,1004.4,62.0
2022-07-11,52.0,26.0,7.0,8.0,26.0,7.0,"Powai, Mumbai",25.5,23.0,24.4,94,16.6,12.5,258,1005.8,69.1
2022-07-12,50.0,27.0,7.0,8.0,25.0,6.0,"Powai, Mumbai",25.5,23.2,24.3,94,19.6,12.5,263,1005.4,64.5
2022-07-13,46.0,27.0,7.0,9.0,13.0,6.0,"Powai, Mumbai",25.6,24.0,24.7,93,26.7,17.1,258,1002.0,63.8
2022-07-14,49.0,40.0,8.0,9.0,2.0,6.0,"Powai, Mumbai",25.5,24.3,25.0,92,24.2,20.1,234,999.2,54.4
2022-07-15,62.0,32.0,6.0,9.0,2.0,7.0,"Powai, Mumbai",27.9,25.2,26.0,88,27.9,22.9,228,999.6,28.7
2022-07-16,55.0,29.0,5.0,8.0,2.0,6.0,"Powai, Mumbai",28.3,25.0,26.2,89,26.5,19.4,221,1000.9,23.4
2022-07-17,52.0,32.0,6.0,8.0,2.0,7.0,"Powai, Mumbai",29.0,25.0,26.6,86,20.5,14.2,231,1004.0,10.0
2022-07-18,45.0,31.0,5.0,8.0,2.0,7.0,"Powai, Mumbai",25.9,24.1,25.0,92,17.9,10.8,234,1005.1,24.7
2022-07-19,47.0,25.0,4.0,8.0,2.0,7.0,"Powai, Mumbai",26.2,23.5,25.1,92,17.2,10.9,239,1005.8,24.7
2022-07-20,39.0,31.0,4.0,7.0,2.0,7.0,"Powai, Mumbai",27.8,24.5,25.8,89,15.0,9.8,237,1006.6,12.5
2022-07-21,39.0,39.0,3.0,7.5,2.7142857142857144,6.0,"Powai, Mumbai",28.2,24.3,26.1,86,17.2,9.4,239,1006.9,7.5
2022-07-22,52.0,29.0,5.75,8.0,3.428571428571429,6.0,"Powai, Mumbai",29.2,24.8,26.5,85,17.8,9.4,263,1007.4,3.2
2022-07-23,49.0,30.666666666666668,8.5,6.333333333333333,4.142857142857142,6.666666666666667,"Powai, Mumbai",27.0,24.2,25.4,89,16.2,10.4,250,1005.7,18.6
2022-07-25,53.66666666666666,34.0,14.0,3.0,5.0,8.0,"Powai, Mumbai",28.2,24.2,25.9,88,15.9,10.0,218,1006.4,10.0
2022-07-26,56.0,25.0,2.0,4.5,5.0,9.0,"Powai, Mumbai",28.0,24.7,26.0,89,14.1,8.4,218,1008.1,4.0
2022-07-27,59.0,39.0,8.0,6.0,7.0,9.0,"Powai, Mumbai",29.1,24.8,26.2,88,10.4,4.7,230,1008.0,10.3
2022-07-28,66.0,35.0,6.0,4.0,14.0,7.0,"Powai, Mumbai",29.6,24.0,26.7,88,14.4,6.3,300,1008.7,5.0
2022-07-29,50.0,31.0,6.0,3.0,14.0,7.0,"Powai, Mumbai",30.0,24.9,27.1,86,14.8,7.3,327,1008.2,2.2
2022-07-30,45.0,36.0,6.0,4.0,14.0,7.0,"Powai, Mumbai",30.1,25.0,27.3,84,15.6,7.7,304,1007.3,0.8
2022-07-31,45.0,34.0,4.0,3.0,14.0,7.0,"Powai, Mumbai",29.7,25.2,27.3,85,15.5,8.0,282,1005.8,2.1
2022-08-01,48.0,35.0,5.0,4.0,14.0,7.0,"Powai, Mumbai",29.7,24.9,27.0,85,16.4,8.1,279,1006.0,2.2
2022-08-02,51.0,31.0,1.0,4.0,15.0,8.0,"Powai, Mumbai",30.1,25.1,27.2,84,14.7,6.5,284,1005.0,2.5
2022-08-03,61.0,24.0,3.0,5.0,14.0,8.0,"Powai, Mumbai",29.3,25.4,27.2,84,13.4,5.6,274,1004.0,5.3
2022-08-04,51.0,28.0,5.0,7.0,14.0,9.0,"Powai, Mumbai",29.5,25.1,27.0,87,12.2,4.7,251,1003.0,12.2
2022-08-05,53.0,21.0,5.0,7.0,14.0,9.0,"Powai, Mumbai",27.3,24.8,25.8,92,13.8,6.5,200,1001.6,26.0
2022-08-06,50.0,31.0,5.0,7.0,4.0,3.0,"Powai, Mumbai",27.6,24.6,25.9,90,14.7,8.1,213,1000.4,25.7
2022-08-07,45.0,26.0,4.0,9.0,11.0,8.0,"Powai, Mumbai",28.4,24.9,25.9,92,12.9,8.1,200,999.8,47.5
2022-08-08,49.0,24.0,10.0,9.0,14.0,7.0,"Powai, Mumbai",28.4,25.1,26.0,92,22.2,7.7,226,998.3,23.5
2022-08-09,45.0,28.0,9.0,10.0,14.0,7.0,"Powai, Mumbai",26.2,25.0,25.6,91,27.9,21.5,231,997.7,60.5
2022-08-10,52.0,38.0,10.0,9.0,14.0,7.0,"Powai, Mumbai",27.5,25.0,25.9,89,30.3,24.1,227,997.3,26.2
2022-08-11,57.0,33.0,5.0,9.0,14.0,7.0,"Powai, Mumbai",27.9,25.1,26.1,88,29.6,24.7,222,998.8,23.7
2022-08-12,54.0,35.0,5.0,8.0,14.0,7.0,"Powai, Mumbai",27.9,24.6,26.1,86,33.5,25.7,223,1002.2,14.3
2022-08-13,55.0,33.0,6.0,9.0,14.0,7.0,"Powai, Mumbai",28.8,24.6,26.4,85,26.1,19.6,228,1004.2,12.1
2022-08-14,50.0,31.0,5.0,7.0,13.0,7.0,"Powai, Mumbai",28.4,24.4,26.4,83,24.8,19.0,235,1005.8,8.4
2022-08-15,49.5,27.0,4.0,8.0,13.0,7.0,"Powai, Mumbai",26.3,23.9,25.1,91,19.5,15.2,239,1006.1,26.9
2022-08-16,49.0,28.0,3.0,8.0,13.0,8.0,"Powai, Mumbai",26.0,24.3,25.0,91,23.1,18.7,226,1005.3,50.5
2022-08-17,48.5,30.0,5.0,8.0,13.0,8.0,"Powai, Mumbai",27.4,24.4,25.5,88,27.2,18.4,217,1006.5,19.2
2022-08-18,48.0,28.0,5.0,7.0,14.0,8.0,"Powai, Mumbai",28.0,24.5,26.1,86,23.3,16.1,228,1007.0,10.6
2022-08-19,45.0,24.0,4.0,8.0,14.0,9.0,"Powai, Mumbai",28.3,24.5,25.8,87,21.9,13.8,229,1007.4,12.0
2022-08-20,47.0,29.0,5.0,6.0,14.0,8.0,"Powai, Mumbai",28.2,24.8,26.1,87,19.6,12.2,249,1007.2,7.5
2022-08-21,45.0,29.0,5.0,7.0,14.0,8.0,"Powai, Mumbai",28.1,24.5,26.0,86,18.8,12.8,257,1006.1,5.1
2022-08-22,48.0,29.0,5.0,7.0,14.0,8.0,"Powai, Mumbai",27.1,24.5,25.8,88,18.4,14.0,260,1004.9,7.5
2022-08-23,47.0,30.0,5.0,7.0,14.0,8.0,"Powai, Mumbai",27.5,24.6,25.7,88,20.1,14.8,244,1005.0,6.4
2022-08-24,49.0,30.0,5.0,7.0,14.0,9.0,"Powai, Mumbai",27.8,24.2,25.8,87,18.7,13.2,237,1007.6,9.6
2022-08-25,55.0,35.0,4.0,8.0,13.0,10.0,"Powai, Mumbai",28.0,24.3,25.6,88,15.0,9.0,223,1007.5,6.2
2022-08-26,63.0,50.0,2.0,4.0,12.0,11.0,"Powai, Mumbai",28.7,23.9,26.0,86,14.1,7.4,235,1007.5,1.5
2022-08-27,72.0,41.0,1.0,3.0,12.0,9.0,"Powai, Mumbai",28.7,24.4,26.2,84,15.6,7.2,266,1007.8,2.2
2022-08-28,65.0,47.0,1.0,3.0,13.0,11.0,"Powai, Mumbai",28.8,23.5,26.1,86,15.8,6.8,288,1007.4,1.0
2022-08-29,77.0,51.0,2.0,4.0,13.0,10.0,"Powai, Mumbai",29.2,24.1,26.5,85,15.3,6.2,307,1008.5,2.0
2022-08-30,76.0,56.0,4.0,7.0,13.0,10.0,"Powai, Mumbai",30.4,24.0,26.9,85,16.8,7.8,328,1008.5,1.1
2022-08-31,85.0,29.0,6.0,8.0,13.0,10.0,"Powai, Mumbai",30.6,24.9,27.3,88,14.8,6.2,318,1006.9,14.6
2022-09-01,66.0,43.0,5.0,9.0,13.0,11.0,"Powai, Mumbai",29.8,24.3,26.5,88,14.6,5.0,351,1006.9,12.6
2022-09-02,86.0,47.0,2.0,9.0,14.0,12.0,"Powai, Mumbai",31.9,24.6,27.5,86,10.9,4.5,6,1007.1,16.2
2022-09-03,94.0,30.0,1.0,7.0,14.0,10.0,"Powai, Mumbai",31.0,24.6,27.4,87,14.0,6.9,219,1007.4,3.3
2022-09-04,66.0,27.0,2.333333333333333,4.0,14.0,9.0,"Powai, Mumbai",29.5,25.5,26.7,89,12.5,6.5,249,1007.7,11.0
2022-09-05,53.0,26.0,3.6666666666666665,4.0,14.0,9.0,"Powai, Mumbai",29.7,25.6,27.2,85,14.0,6.4,293,1007.6,2.0
2022-09-06,50.0,38.0,5.0,6.0,3.0,3.0,"Powai, Mumbai",30.0,25.2,26.9,85,11.5,4.5,316,1007.1,8.2
2022-09-07,54.0,35.0,3.0,11.0,11.0,9.0,"Powai, Mumbai",31.2,24.7,26.8,89,11.7,5.9,2,1006.8,11.4
2022-09-08,70.0,31.0,6.0,11.0,15.0,12.0,"Powai, Mumbai",29.4,24.2,26.5,91,11.0,5.7,345,1005.5,25.1
2022-09-09,76.0,33.0,2.0,10.0,15.0,12.0,"Powai, Mumbai",30.4,24.8,27.0,88,10.2,4.6,178,1004.4,20.1
2022-09-10,78.0,35.0,3.0,11.0,16.0,13.0,"Powai, Mumbai",30.4,24.5,26.6,90,10.7,4.7,183,1004.5,15.6
2022-09-11,84.0,25.0,2.0,9.0,16.0,11.0,"Powai, Mumbai",29.9,24.2,26.4,90,9.3,4.6,340,1002.2,20.8
2022-09-12,58.0,17.0,2.0,10.0,16.0,11.0,"Powai, Mumbai",29.5,24.4,26.0,91,15.5,6.2,207,1001.0,23.1
2022-09-13,41.0,19.0,2.0,10.0,16.0,10.0,"Powai, Mumbai",26.5,24.6,25.6,93,18.5,11.7,233,1002.9,29.2
2022-09-14,39.0,25.0,2.0,9.0,16.0,10.0,"Powai, Mumbai",27.5,24.9,25.7,90,23.2,16.8,223,1005.9,35.5
2022-09-15,45.0,14.0,3.0,8.0,16.0,10.0,"Powai, Mumbai",27.6,24.8,25.7,91,25.6,18.4,230,1007.3,24.1
2022-09-16,38.0,17.714285714285715,2.7142857142857144,7.0,17.142857142857142,10.142857142857142,"Powai, Mumbai",26.0,24.1,25.1,93,20.9,14.4,244,1006.3,53.4
2022-09-17,57.0,21.42857142857143,2.428571428571429,7.0,18.285714285714285,10.285714285714286,"Powai, Mumbai",27.6,23.6,24.9,91,17.1,9.9,205,1006.8,45.3
2022-09-18,43.0,25.142857142857142,2.142857142857143,5.0,19.428571428571427,10.428571428571429,"Powai, Mumbai",25.9,23.6,24.6,93,13.3,7.7,235,1008.6,49.0
2022-09-19,59.0,34.0,2.0,6.0,5.0,6.0,"Powai, Mumbai",28.0,23.1,25.4,86,16.8,7.1,251,1009.1,1.8
2022-09-20,72.0,34.0,2.0,5.0,5.0,6.0,"Powai, Mumbai",26.2,23.1,24.5,91,10.8,5.1,245,1008.9,7.2
2022-09-21,66.0,34.0,2.0,6.0,5.0,6.0,"Powai, Mumbai",27.2,23.5,24.8,91,14.1,5.7,249,1008.8,6.5
2022-09-22,69.0,40.0,1.0,7.0,24.0,11.0,"Powai, Mumbai",25.2,23.5,24.3,93,13.4,6.0,217,1009.2,13.3
2022-09-23,89.0,41.16666666666666,1.0,7.0,26.0,11.0,"Powai, Mumbai",28.2,23.2,25.4,86,17.3,9.8,200,1009.1,2.8
2022-09-24,57.0,42.333333333333336,1.0,6.0,26.0,11.0,"Powai, Mumbai",27.5,23.6,25.3,88,14.8,9.5,199,1008.5,3.1
2022-09-25,52.0,43.5,1.0,5.0,18.0,12.0,"Powai, Mumbai",28.8,23.6,25.6,87,10.9,6.4,215,1008.3,2.8
2022-09-26,70.0,34.0,1.0,5.0,10.0,12.0,"Powai, Mumbai",28.7,23.2,25.5,87,13.1,5.6,270,1010.0,3.2
2022-09-27,62.0,34.0,2.0,6.0,10.0,13.0,"Powai, Mumbai",29.1,23.2,25.6,88,13.4,5.4,282,1008.8,2.2
2022-09-28,76.0,47.0,3.0,7.0,10.0,10.0,"Powai, Mumbai",28.6,23.6,25.8,88,13.6,5.6,280,1007.8,2.9
2022-09-29,76.0,54.0,4.0,8.0,10.0,10.0,"Powai, Mumbai",28.9,23.2,25.8,88,13.7,5.0,336,1007.7,2.8
2022-09-30,91.0,48.0,3.0,8.0,10.0,12.0,"Powai, Mumbai",30.0,23.5,26.3,89,12.3,5.5,335,1008.2,1.7
2022-10-01,77.0,30.0,1.0,5.0,10.0,11.0,"Powai, Mumbai",28.8,23.1,25.7,90,11.9,5.8,310,1008.9,5.8
2022-10-02,41.0,32.0,2.0,5.0,10.0,10.0,"Powai, Mumbai",29.4,23.4,25.9,88,14.7,6.2,329,1009.0,0.5
2022-10-03,55.0,40.0,4.0,7.0,10.0,10.0,"Powai, Mumbai",29.2,23.1,25.9,87,15.8,7.7,331,1009.4,0.0
2022-10-04,69.0,39.0,4.0,8.0,10.0,10.0,"Powai, Mumbai",30.3,23.4,26.4,86,15.3,7.4,340,1009.3,1.3
2022-10-05,77.0,34.0,2.0,7.0,10.0,10.0,"Powai, Mumbai",30.6,23.1,26.5,89,14.0,6.0,6,1008.1,2.5
2022-10-06,64.0,22.0,4.0,7.0,2.0,3.0,"Powai, Mumbai",30.3,23.6,26.7,88,16.2,7.1,305,1006.4,4.2
2022-10-07,41.0,25.0,3.0,10.0,7.0,8.0,"Powai, Mumbai",27.2,23.5,25.3,90,14.4,6.9,268,1005.3,28.3
2022-10-08,49.0,34.0,2.0,7.0,10.0,11.0,"Powai, Mumbai",27.4,24.1,25.3,89,14.3,8.7,217,1007.5,34.5
2022-10-09,50.0,40.0,4.0,7.0,10.0,12.0,"Powai, Mumbai",29.1,24.0,26.4,87,11.8,7.5,205,1009.1,0.5
2022-10-10,70.0,41.0,3.0,7.0,10.0,11.0,"Powai, Mumbai",30.9,23.3,26.4,87,12.5,5.3,353,1009.9,0.5
2022-10-11,72.0,40.0,2.5,6.0,10.0,13.0,"Powai, Mumbai",30.7,24.1,26.5,88,10.6,4.8,23,1008.9,10.6
2022-10-12,78.0,54.0,2.0,11.0,10.0,15.0,"Powai, Mumbai",29.4,23.5,25.6,90,10.0,4.3,27,1009.5,17.8
2022-10-13,110.0,45.0,6.0,9.0,10.0,13.0,"Powai, Mumbai",30.8,23.2,26.3,89,8.8,4.1,49,1009.5,4.3
2022-10-14,92.0,44.0,5.0,9.0,10.0,13.0,"Powai, Mumbai",31.0,23.8,26.1,88,11.5,4.7,77,1009.5,29.1
2022-10-15,89.0,55.0,6.0,10.0,10.0,12.0,"Powai, Mumbai",32.5,23.1,27.3,73,13.0,7.3,32,1008.4,0.2
2022-10-16,99.0,56.5,5.5,9.5,10.0,12.25,"Powai, Mumbai",32.8,23.8,27.6,64,11.5,9.3,42,1009.4,0.0
2022-10-23,136.625,67.0,2.0,6.0,10.0,14.0,"Powai, Mumbai",32.2,21.5,25.7,65,8.7,7.6,33,1013.1,0.0
2022-10-24,142.0,75.0,8.0,11.0,10.0,13.0,"Powai, Mumbai",31.8,19.0,24.8,70,12.6,6.6,2,1011.3,0.0
2022-10-25,154.0,78.0,7.0,10.0,10.0,13.0,"Powai, Mumbai",31.0,19.6,24.6,78,12.4,6.8,2,1011.4,0.0
2022-10-26,149.0,87.0,7.0,12.0,10.0,14.0,"Powai, Mumbai",32.0,19.5,24.9,69,13.2,7.3,12,1012.7,0.0
2022-10-27,158.0,69.0,7.0,15.0,5.0,6.0,"Powai, Mumbai",31.8,19.5,24.9,68,14.3,7.1,26,1012.5,0.0
2022-10-28,130.0,76.0,8.0,12.0,5.0,6.0,"Powai, Mumbai",31.1,19.5,24.8,67,9.8,7.3,38,1012.0,0.0
2022-10-29,141.0,66.0,6.0,10.0,5.0,7.0,"Powai, Mumbai",32.2,19.1,24.9,61,12.4,7.4,57,1011.9,0.0
2022-10-30,140.0,71.5,8.0,11.0,5.0,6.5,"Powai, Mumbai",32.4,19.3,25.0,57,13.4,9.1,31,1012.1,0.0
2022-10-31,148.0,77.0,10.0,12.0,5.0,6.0,"Powai, Mumbai",32.0,19.0,24.7,63,15.2,8.4,39,1011.7,0.0
2022-11-01,156.0,79.0,12.0,12.0,5.0,7.0,"Powai, Mumbai",31.9,19.6,24.6,58,11.4,8.8,41,1012.4,0.0
2022-11-02,160.0,76.0,10.0,13.0,4.0,7.0,"Powai, Mumbai",32.7,19.8,25.3,62,13.5,9.0,26,1011.7,0.0
2022-11-03,147.0,72.0,8.0,12.0,4.0,6.0,"Powai, Mumbai",34.0,19.1,25.5,55,12.7,9.8,39,1011.4,0.0
2022-11-04,136.0,68.0,7.0,12.0,5.0,6.0,"Powai, Mumbai",34.3,19.5,25.9,55,13.1,9.5,38,1012.1,0.0
2022-11-05,136.0,79.0,10.0,12.0,5.0,7.0,"Powai, Mumbai",34.9,20.0,26.3,51,12.6,8.1,34,1013.1,0.0
2022-11-06,149.0,49.0,5.0,7.0,1.0,2.0,"Powai, Mumbai",34.7,19.4,25.8,56,12.9,8.4,23,1013.5,0.0
2022-11-07,74.0,71.0,12.0,13.0,3.0,6.0,"Powai, Mumbai",33.5,17.8,24.9,62,11.7,7.2,19,1013.3,0.0
2022-11-08,130.0,91.0,15.0,14.0,5.0,8.0,"Powai, Mumbai",33.8,19.4,25.8,60,12.1,7.1,13,1012.9,0.0
2022-11-09,165.0,84.0,11.0,13.0,4.0,7.0,"Powai, Mumbai",34.0,20.1,26.3,55,14.5,7.5,8,1012.8,0.0
2022-11-10,158.0,78.0,10.0,12.0,5.0,7.0,"Powai, Mumbai",33.9,20.1,25.9,57,15.0,9.6,33,1013.1,0.0
2022-11-11,157.0,83.0,11.0,12.0,4.0,7.0,"Powai, Mumbai",34.0,19.9,26.5,50,18.6,10.8,46,1013.3,0.0
2022-11-12,161.0,81.0,12.0,11.0,5.0,7.0,"Powai, Mumbai",34.2,20.9,26.6,52,15.2,10.3,33,1013.0,0.0
2022-11-13,162.0,95.0,22.0,13.0,5.0,7.0,"Powai, Mumbai",33.7,20.9,26.4,55,14.9,9.2,25,1012.0,0.0
2022-11-14,172.0,97.0,20.0,14.0,5.0,8.0,"Powai, Mumbai",34.2,20.5,26.3,63,14.6,8.2,11,1012.2,0.0
2022-11-15,176.0,89.0,16.0,13.0,5.0,8.0,"Powai, Mumbai",33.5,19.5,26.2,67,13.4,7.0,352,1012.7,0.0
2022-11-16,167.0,79.0,11.0,13.0,5.0,7.0,"Powai, Mumbai",33.7,20.3,26.2,58,13.3,8.7,6,1012.0,0.0
2022-11-17,154.0,63.0,9.0,11.0,5.0,6.0,"Powai, Mumbai",33.3,20.4,25.9,54,15.8,10.4,24,1011.9,0.0
2022-11-18,120.0,71.0,10.0,12.0,5.0,7.0,"Powai, Mumbai",32.7,20.5,25.5,44,14.3,10.7,30,1012.3,0.0
2022-11-19,144.0,68.0,13.0,12.0,4.0,7.0,"Powai, Mumbai",32.0,19.3,24.9,44,13.6,10.2,31,1012.3,0.0
2022-11-20,138.0,77.0,14.0,14.0,5.0,7.0,"Powai, Mumbai",31.1,18.2,23.8,48,13.7,10.4,35,1011.4,0.0
2022-11-21,153.0,86.0,15.0,16.0,4.0,8.0,"Powai, Mumbai",31.0,17.0,23.2,50,14.2,9.4,19,1011.2,0.0
2022-11-22,164.0,87.0,14.0,14.0,5.0,8.0,"Powai, Mumbai",32.5,17.5,24.0,53,13.2,9.1,12,1011.0,0.0
2022-11-23,164.0,101.0,14.0,16.0,5.0,8.0,"Powai, Mumbai",33.5,20.9,25.9,49,15.5,9.7,9,1011.1,0.0
2022-11-24,173.0,108.0,13.0,17.0,5.0,9.0,"Powai, Mumbai",33.7,20.0,25.8,53,14.3,8.2,6,1010.8,0.0
2022-11-25,177.0,111.0,4.0,13.0,4.0,9.0,"Powai, Mumbai",34.0,19.7,26.5,59,12.4,7.3,1,1011.2,0.0
2022-11-26,182.0,100.0,5.666666666666667,13.25,4.0,9.0,"Powai, Mumbai",33.9,21.6,26.9,63,12.9,7.3,359,1010.4,0.0
2022-11-27,178.0,69.0,7.333333333333334,13.5,4.0,8.0,"Powai, Mumbai",33.2,21.0,26.5,65,13.6,6.9,331,1008.6,0.0
2022-11-28,142.0,78.0,9.0,13.75,4.0,8.0,"Powai, Mumbai",32.2,19.6,25.0,63,13.4,7.4,332,1009.6,0.0
2022-11-29,148.0,99.0,31.0,14.0,7.0,9.0,"Powai, Mumbai",32.5,18.0,24.7,66,11.6,6.7,333,1010.5,0.0
2022-11-30,171.0,115.0,29.0,17.0,12.0,11.0,"Powai, Mumbai",34.0,19.5,26.2,62,13.0,7.0,13,1011.1,0.0
2022-12-01,185.0,104.0,30.0,15.0,8.0,9.0,"Powai, Mumbai",33.8,19.5,25.8,58,12.5,7.4,27,1011.1,0.0
2022-12-02,178.0,98.0,26.0,15.0,2.0,9.0,"Powai, Mumbai",33.8,17.5,24.9,57,12.0,8.1,13,1010.5,0.0
2022-12-03,177.0,110.0,25.0,15.0,2.0,10.0,"Powai, Mumbai",33.6,18.8,25.5,57,15.1,8.0,1,1010.6,0.0
2022-12-04,184.0,118.0,26.0,15.0,1.0,11.0,"Powai, Mumbai",34.5,20.8,26.9,61,12.2,7.4,353,1011.2,0.0
2022-12-05,193.0,118.0,29.0,15.0,2.0,10.0,"Powai, Mumbai",33.8,21.9,27.2,65,12.1,7.5,349,1012.1,0.2
2022-12-06,193.0,57.0,10.0,10.0,2.0,4.0,"Powai, Mumbai",34.3,22.5,27.4,65,16.3,8.7,346,1011.8,0.0
2022-12-07,97.0,96.0,22.0,14.0,2.0,9.0,"Powai, Mumbai",34.2,21.4,26.9,62,17.5,8.9,350,1011.2,0.0
2022-12-08,172.0,78.0,24.0,12.0,2.0,7.0,"Powai, Mumbai",33.1,20.4,26.1,60,17.4,9.7,360,1011.0,0.0
2022-12-09,149.0,82.0,25.0,15.0,2.0,6.0,"Powai, Mumbai",31.9,18.6,24.5,46,16.6,9.3,11,1009.6,0.0
2022-12-10,155.0,79.0,16.0,13.0,2.0,6.0,"Powai, Mumbai",33.5,16.2,23.6,53,13.4,8.5,12,1009.2,0.0
2022-12-11,162.0,85.0,22.0,16.0,2.0,6.0,"Powai, Mumbai",33.1,17.8,24.7,55,15.8,8.4,0,1009.8,0.0
2022-12-12,150.0,79.0,17.0,12.0,2.0,6.0,"Powai, Mumbai",33.6,21.2,27.1,58,15.3,7.1,19,1009.3,0.0
2022-12-13,144.0,64.0,22.0,12.0,2.0,6.0,"Powai, Mumbai",33.8,23.4,27.9,66,11.1,6.9,53,1009.8,0.0
2022-12-14,122.0,67.0,25.0,13.0,2.0,6.0,"Powai, Mumbai",33.5,24.9,28.1,65,9.5,7.0,57,1010.9,0.0
2022-12-15,129.0,69.0,30.0,13.0,2.0,6.0,"Powai, Mumbai",33.6,23.8,27.5,69,12.1,7.8,16,1010.8,0.0
2022-12-16,138.0,68.0,12.0,13.0,2.0,7.0,"Powai, Mumbai",35.0,22.6,27.7,66,13.5,7.4,0,1010.4,0.0
2022-12-17,141.0,70.0,17.0,13.0,2.0,6.666666666666667,"Powai, Mumbai",35.0,23.0,28.0,64,13.6,8.5,11,1011.1,0.0
2022-12-19,145.0,74.0,27.0,13.0,2.0,6.0,"Powai, Mumbai",33.5,22.9,27.2,54,15.0,9.2,9,1009.9,0.0
2022-12-20,147.0,86.0,28.0,13.0,2.0,7.0,"Powai, Mumbai",32.8,20.2,26.2,51,14.3,9.0,350,1009.5,0.0
2022-12-21,163.0,103.0,33.0,16.0,2.0,7.0,"Powai, Mumbai",33.7,19.0,25.5,57,13.9,7.7,354,1010.1,0.0
2022-12-22,172.0,97.0,31.0,15.0,3.0,7.0,"Powai, Mumbai",33.7,18.5,25.1,63,13.6,7.6,344,1010.1,0.0
2022-12-23,167.0,68.0,24.0,12.0,2.0,6.0,"Powai, Mumbai",31.8,18.1,24.0,61,16.3,9.4,328,1010.9,0.0
2022-12-24,124.0,93.0,31.0,17.0,2.0,7.0,"Powai, Mumbai",30.4,15.6,22.0,51,14.3,9.8,342,1011.9,0.0
2022-12-25,169.0,96.0,33.0,18.0,2.0,7.0,"Powai, Mumbai",29.5,15.9,21.2,66,11.2,5.8,333,1012.1,0.0
2022-12-26,172.0,93.0,33.0,16.0,2.0,7.0,"Powai, Mumbai",30.3,14.2,21.5,71,12.5,7.4,341,1013.1,0.0
2022-12-27,170.0,84.0,24.0,15.0,2.0,7.0,"Powai, Mumbai",32.2,15.7,23.2,66,13.4,8.4,345,1013.9,0.0
2022-12-28,159.0,87.0,23.0,16.0,2.0,7.0,"Powai, Mumbai",33.1,16.5,23.9,64,15.1,8.7,344,1014.8,0.0
2022-12-29,156.0,98.0,31.0,16.0,3.0,7.0,"Powai, Mumbai",33.4,17.0,24.2,63,14.7,8.3,336,1015.9,0.0
2022-12-30,171.0,82.0,26.0,15.0,3.0,6.0,"Powai, Mumbai",33.3,16.8,24.1,64,14.8,8.1,340,1016.9,0.0
2022-12-31,147.0,84.0,29.0,13.0,3.0,6.0,"Powai, Mumbai",31.6,16.8,23.4,62,17.1,10.0,338,1016.5,0.0
2023-01-01,162.0,90.0,27.0,15.0,3.0,7.0,"Powai, Mumbai",29.5,16.0,21.7,66,14.1,8.5,335,1016.1,0.0
2023-01-02,167.0,101.0,30.0,16.0,3.0,7.0,"Powai, Mumbai",31.9,14.2,22.7,65,13.0,8.8,353,1015.2,0.0
2023-01-03,173.0,99.0,30.0,15.0,3.0,7.0,"Powai, Mumbai",31.8,15.3,22.6,66,15.8,9.3,346,1015.0,0.0
2023-01-04,174.0,119.0,28.0,16.0,3.0,8.0,"Powai, Mumbai",31.0,15.7,22.6,67,14.2,8.0,341,1013.8,0.0
2023-01-05,184.0,107.0,25.0,14.0,3.0,7.0,"Powai, Mumbai",32.5,18.4,24.3,68,15.5,7.4,344,1014.4,0.0
2023-01-06,179.0,99.0,22.0,12.0,3.0,7.0,"Powai, Mumbai",33.5,19.2,25.7,63,14.0,8.9,19,1015.9,0.0
2023-01-07,175.0,86.0,23.0,11.0,3.0,6.0,"Powai, Mumbai",33.3,21.8,26.5,60,12.9,9.3,27,1015.9,0.0
2023-01-08,166.0,66.0,23.0,12.0,3.0,6.0,"Powai, Mumbai",32.8,20.6,25.6,55,16.9,10.1,3,1014.9,0.0
2023-01-09,127.0,77.0,24.0,15.0,3.0,6.0,"Powai, Mumbai",32.2,18.1,24.3,46,17.8,9.9,0,1016.0,0.0
2023-01-10,145.0,97.0,27.0,18.0,3.0,7.0,"Powai, Mumbai",33.0,16.5,23.6,45,15.3,9.0,11,1015.4,0.0
2023-01-11,169.0,75.0,25.0,15.0,3.0,6.0,"Powai, Mumbai",32.0,14.8,22.4,57,13.2,7.9,345,1013.6,0.0
2023-01-12,139.0,106.0,18.0,8.0,3.0,5.0,"Powai, Mumbai",30.2,14.4,21.8,68,16.2,9.5,330,1013.0,0.0
2023-01-13,124.0,119.0,23.0,13.0,3.0,6.0,"Powai, Mumbai",28.0,17.1,21.6,75,18.7,9.4,342,1014.0,0.0
2023-01-14,152.0,109.0,29.0,16.0,2.0,7.0,"Powai, Mumbai",28.1,13.8,20.0,65,16.7,9.6,337,1013.9,0.0
2023-01-15,172.0,113.0,31.0,17.0,3.0,8.0,"Powai, Mumbai",28.2,12.5,20.2,65,15.4,8.7,335,1012.2,0.0
2023-01-16,174.0,111.0,32.0,17.0,3.0,8.0,"Powai, Mumbai",28.3,13.2,20.3,72,11.0,7.2,326,1012.4,0.0
2023-01-17,180.0,115.0,34.0,18.0,3.0,8.0,"Powai, Mumbai",29.9,13.7,21.0,70,12.5,6.8,323,1012.8,0.0
2023-01-18,183.0,106.0,33.0,19.0,3.0,8.0,"Powai, Mumbai",32.2,14.4,22.0,69,11.9,6.8,333,1013.6,0.0
2023-01-19,178.0,86.0,26.0,17.0,3.0,7.0,"Powai, Mumbai",31.2,13.4,21.9,71,11.0,5.9,320,1013.6,0.0
2023-01-20,161.0,81.0,29.0,15.0,3.0,7.0,"Powai, Mumbai",30.0,14.9,21.3,70,13.7,7.7,325,1013.6,0.0
2023-01-21,147.0,78.0,27.0,13.0,3.0,6.0,"Powai, Mumbai",30.0,15.6,21.7,67,15.8,8.3,323,1013.8,0.0
2023-01-22,143.0,79.0,26.0,15.0,3.0,7.0,"Powai, Mumbai",29.2,15.2,21.1,58,19.2,10.4,338,1013.2,0.0
2023-01-23,152.0,77.0,26.0,13.0,3.0,6.0,"Powai, Mumbai",27.9,14.1,20.6,55,19.4,10.6,327,1012.6,0.0
2023-01-24,156.0,91.0,29.0,14.0,3.0,7.0,"Powai, Mumbai",27.6,14.5,20.2,56,20.2,10.9,331,1012.9,0.0
2023-01-25,168.0,105.0,31.0,15.0,3.0,7.0,"Powai, Mumbai",28.9,14.6,20.8,53,21.1,12.1,337,1012.8,0.0
2023-01-26,180.0,107.0,29.0,14.0,3.0,7.0,"Powai, Mumbai",30.3,16.2,22.9,54,17.9,10.5,336,1012.2,0.0
2023-01-27,179.0,106.0,24.0,16.0,3.0,8.0,"Powai, Mumbai",35.5,20.0,26.0,60,16.9,9.9,358,1011.2,0.0
2023-01-28,173.0,90.0,23.0,12.0,3.0,7.0,"Powai, Mumbai",34.0,18.2,24.9,69,16.4,8.1,210,1010.4,0.0
2023-01-29,166.0,78.0,27.0,10.0,3.0,6.0,"Powai, Mumbai",27.8,20.7,23.4,86,16.2,7.7,255,1010.2,2.1
2023-01-30,158.0,100.0,29.0,12.0,3.0,6.0,"Powai, Mumbai",30.9,18.6,23.6,75,18.9,10.2,335,1012.8,0.0
2023-01-31,175.0,90.0,24.0,12.0,4.0,5.0,"Powai, Mumbai",33.1,20.9,26.0,57,18.4,11.9,350,1012.5,0.0
2023-02-01,164.0,84.0,27.0,13.0,4.0,5.0,"Powai, Mumbai",34.5,23.0,27.7,47,16.8,11.0,42,1011.9,0.0
2023-02-02,159.0,82.0,30.0,13.0,4.0,5.0,"Powai, Mumbai",35.2,22.9,27.7,47,16.3,12.5,25,1012.1,0.0
2023-02-03,155.0,88.0,31.0,14.0,4.0,5.0,"Powai, Mumbai",34.7,20.4,26.3,47,17.4,9.2,359,1012.7,0.0
2023-02-04,160.0,86.0,15.0,19.0,4.0,6.0,"Powai, Mumbai",34.7,17.3,25.4,49,16.8,9.4,349,1011.6,0.0
2023-02-05,161.0,94.5,17.5,15.5,3.5,5.5,"Powai, Mumbai",34.0,16.5,24.8,55,12.6,7.5,331,1010.8,0.0
2023-02-06,166.0,103.0,20.0,12.0,3.0,5.0,"Powai, Mumbai",32.5,16.5,24.2,59,16.8,9.8,327,1011.5,0.0
2023-02-07,171.0,105.0,29.0,13.0,3.0,5.0,"Powai, Mumbai",34.0,16.4,24.2,58,19.4,11.1,346,1011.2,0.0
2023-02-08,168.0,99.0,39.0,16.0,4.0,5.0,"Powai, Mumbai",35.2,16.0,25.2,52,16.6,9.9,352,1011.2,0.0
2023-02-09,161.0,87.0,30.0,15.0,3.0,5.0,"Powai, Mumbai",37.1,18.2,26.5,44,16.6,9.5,352,1011.4,0.0
2023-02-10,155.0,72.0,25.0,13.0,4.0,4.0,"Powai, Mumbai",35.3,17.0,25.0,49,17.3,10.0,331,1013.0,0.0
2023-02-11,122.0,78.0,27.0,14.0,3.0,5.0,"Powai, Mumbai",35.5,15.3,24.8,44,18.4,10.6,339,1013.8,0.0
2023-02-12,134.0,78.0,26.0,12.0,3.0,5.0,"Powai, Mumbai",36.6,15.4,26.1,40,17.6,10.4,8,1013.6,0.0
2023-02-13,115.0,87.0,27.0,15.0,3.0,5.0,"Powai, Mumbai",36.8,21.6,27.8,33,19.5,12.3,10,1013.4,0.0
2023-02-14,136.0,92.0,29.0,16.0,3.0,5.0,"Powai, Mumbai",36.2,19.1,26.2,35,17.6,10.0,5,1013.3,0.0
2023-02-15,148.0,94.0,23.0,18.0,3.0,6.0,"Powai, Mumbai",36.8,17.0,26.0,37,18.9,10.0,358,1011.6,0.0
2023-02-16,156.0,95.0,24.0,17.0,4.0,5.0,"Powai, Mumbai",38.5,20.1,28.0,30,23.1,11.6,13,1011.9,0.0
2023-02-17,142.0,79.0,25.0,14.0,4.0,5.0,"Powai, Mumbai",38.5,20.5,28.4,30,20.7,12.1,6,1012.3,0.0
2023-02-18,130.0,87.0,33.0,15.0,3.0,5.0,"Powai, Mumbai",38.3,19.4,28.0,30,19.8,11.7,11,1011.9,0.0
2023-02-19,143.0,95.0,30.0,18.0,4.0,5.0,"Powai, Mumbai",38.5,18.9,27.0,36,15.8,9.0,17,1011.8,0.0
2023-02-20,160.0,94.0,23.0,16.0,4.0,6.0,"Powai, Mumbai",34.9,18.1,25.9,56,15.0,7.0,260,1012.3,0.0
2023-02-21,149.0,68.0,23.0,12.0,4.0,5.0,"Powai, Mumbai",35.5,17.3,25.9,56,18.8,10.0,327,1012.9,0.0
2023-02-22,116.0,93.0,25.0,15.0,4.0,5.0,"Powai, Mumbai",33.7,17.4,25.0,58,18.7,10.5,329,1012.6,0.0
2023-02-23,153.0,95.0,26.0,17.0,4.0,6.0,"Powai, Mumbai",37.3,16.0,26.1,42,17.6,9.9,335,1011.5,0.0
2023-02-24,157.0,84.0,25.0,16.0,4.0,5.0,"Powai, Mumbai",38.2,17.0,27.4,36,18.2,10.2,338,1012.4,0.0
2023-02-25,148.0,97.0,27.0,16.0,4.0,5.0,"Powai, Mumbai",38.2,18.9,27.8,32,20.1,11.2,342,1014.2,0.0
2023-02-26,158.0,84.0,23.0,16.0,4.0,5.0,"Powai, Mumbai",38.1,17.0,27.2,34,19.2,10.6,344,1014.6,0.0
2023-02-27,148.0,92.0,26.0,16.0,4.0,5.0,"Powai, Mumbai",37.8,18.5,27.6,33,19.6,11.1,343,1014.3,0.0
2023-02-28,149.0,89.0,21.0,15.0,4.0,5.0,"Powai, Mumbai",36.8,17.6,26.5,41,16.3,9.2,328,1014.6,0.0
2023-03-01,148.0,104.0,25.0,17.0,4.0,6.0,"Powai, Mumbai",36.5,17.8,26.7,44,16.9,9.6,337,1015.0,0.0
2023-03-02,167.0,117.0,24.0,19.0,4.0,6.0,"Powai, Mumbai",38.1,20.1,28.2,38,17.6,8.8,347,1015.0,0.0
2023-03-03,177.0,132.0,23.0,17.5,4.0,7.0,"Powai, Mumbai",38.0,20.2,28.0,47,17.4,7.7,312,1015.4,0.0
2023-03-04,194.0,129.0,24.0,16.0,4.0,7.0,"Powai, Mumbai",37.7,21.0,28.4,53,14.4,7.8,305,1015.1,0.0
2023-03-05,194.0,113.0,20.0,16.0,4.0,6.0,"Powai, Mumbai",39.2,21.0,29.3,50,19.3,8.5,308,1014.6,0.0
2023-03-06,172.0,70.0,19.0,13.0,4.0,5.0,"Powai, Mumbai",36.8,23.8,29.8,39,20.5,12.3,45,1013.7,0.1
2023-03-07,135.0,75.0,24.0,15.0,4.0,5.0,"Powai, Mumbai",36.8,23.6,29.4,37,22.2,10.4,79,1013.4,0.0
2023-03-08,150.0,74.0,18.0,14.0,4.0,5.0,"Powai, Mumbai",37.5,21.0,28.5,43,15.9,9.6,350,1013.3,0.0
2023-03-09,149.0,71.0,19.0,13.0,4.0,5.0,"Powai, Mumbai",38.5,21.6,29.5,30,23.7,11.1,1,1012.6,0.0
2023-03-10,136.0,84.0,21.0,14.0,5.0,6.0,"Powai, Mumbai",37.8,23.5,29.5,26,22.7,13.3,352,1012.1,0.0
2023-03-11,155.0,97.0,22.0,16.0,5.0,6.0,"Powai, Mumbai",39.5,21.5,29.9,33,18.9,9.9,1,1011.5,0.0
2023-03-12,166.0,108.0,21.0,16.0,5.0,7.0,"Powai, Mumbai",40.0,22.5,29.9,35,19.3,9.3,2,1010.9,0.0
2023-03-13,178.0,102.0,21.0,17.0,5.0,6.0,"Powai, Mumbai",39.9,23.4,29.9,45,17.8,8.1,290,1009.9,0.2
2023-03-14,171.0,92.0,21.0,16.0,5.0,6.0,"Powai, Mumbai",38.2,22.6,29.6,54,17.0,9.2,348,1008.9,0.0
2023-03-15,162.0,80.0,20.0,13.0,5.0,5.0,"Powai, Mumbai",37.4,22.5,29.2,49,17.9,7.7,347,1007.8,0.1
2023-03-16,150.0,57.0,19.0,13.0,4.0,5.0,"Powai, Mumbai",34.8,22.0,27.3,64,15.3,8.5,132,1009.5,20.2
2023-03-17,149.0,53.833333333333336,24.0,9.0,4.0,5.0,"Powai, Mumbai",32.8,21.2,26.6,74,14.8,7.9,244,1010.1,1.5
2023-03-18,139.0,50.66666666666666,12.0,6.0,4.0,5.0,"Powai, Mumbai",32.7,23.0,27.1,76,17.0,8.5,295,1008.9,0.0
2023-03-19,97.0,47.5,16.0,9.0,4.0,5.0,"Powai, Mumbai",31.6,21.0,26.0,72,18.4,9.3,258,1008.9,0.0
2023-03-20,75.0,76.0,15.0,6.0,4.0,5.0,"Powai, Mumbai",31.5,21.6,26.4,65,17.0,8.5,300,1008.8,0.0
2023-03-21,81.0,76.0,16.0,7.0,4.0,5.0,"Powai, Mumbai",30.5,21.0,25.4,72,16.0,7.6,275,1009.5,0.6
2023-03-22,82.0,38.0,16.0,6.0,4.0,5.0,"Powai, Mumbai",31.6,20.7,25.9,71,16.0,8.3,314,1010.5,0.0
2023-03-23,69.0,41.0,15.0,6.0,4.0,5.0,"Powai, Mumbai",31.9,21.0,26.1,70,18.0,8.8,313,1010.6,0.0
2023-03-24,70.0,47.0,22.0,6.0,4.0,5.0,"Powai, Mumbai",32.2,20.2,26.0,73,20.2,10.2,325,1010.6,0.0
2023-03-25,64.0,53.0,22.0,8.0,4.0,5.0,"Powai, Mumbai",31.5,19.2,25.1,65,21.0,10.4,337,1011.7,0.0
2023-03-26,80.0,64.0,22.0,9.0,4.0,5.0,"Powai, Mumbai",31.1,17.5,24.2,69,18.4,10.6,329,1011.5,0.0
2023-03-27,99.0,77.0,22.0,9.0,4.0,5.0,"Powai, Mumbai",31.9,18.5,25.0,75,17.8,8.9,315,1011.0,0.0
2023-03-28,107.0,67.0,22.0,7.0,4.0,5.0,"Powai, Mumbai",32.3,20.6,25.8,74,17.3,8.3,311,1010.3,0.0
2023-03-29,92.0,60.0,19.0,8.0,4.0,5.0,"Powai, Mumbai",31.8,20.9,25.8,76,16.5,8.1,306,1010.8,0.0
2023-03-30,89.0,48.0,15.0,7.0,4.0,5.0,"Powai, Mumbai",30.9,20.9,25.8,74,16.2,8.1,278,1010.3,0.1
2023-03-31,70.0,49.66666666666666,16.333333333333332,7.333333333333333,4.0,5.0,"Powai, Mumbai",31.3,23.0,26.6,72,16.5,7.4,298,1009.9,0.3
2023-04-02,74.66666666666667,53.0,19.0,8.0,4.0,5.0,"Powai, Mumbai",32.2,21.0,26.1,73,21.1,9.3,308,1010.1,0.0
2023-04-03,77.0,47.0,19.0,8.0,4.0,5.0,"Powai, Mumbai",32.2,21.4,26.4,75,20.6,9.0,311,1009.7,0.0
2023-04-04,69.0,57.0,19.0,8.0,4.0,5.0,"Powai, Mumbai",33.6,21.1,26.8,75,20.5,9.7,323,1010.2,0.0
2023-04-05,85.0,74.0,28.0,9.0,4.0,5.0,"Powai, Mumbai",34.0,21.8,27.3,75,19.7,9.5,315,1009.9,0.0
2023-04-06,111.0,91.0,30.0,12.0,4.0,5.0,"Powai, Mumbai",36.6,21.8,28.7,64,16.7,10.1,333,1009.7,0.0
2023-04-07,139.0,92.0,38.0,15.0,4.0,6.0,"Powai, Mumbai",38.0,24.5,30.8,47,18.4,10.5,334,1010.4,0.0
2023-04-08,153.0,81.0,34.0,12.0,4.0,5.0,"Powai, Mumbai",37.8,24.2,30.5,47,15.2,8.6,335,1012.0,0.0
2023-04-09,148.0,88.0,36.0,12.0,4.0,5.0,"Powai, Mumbai",38.8,24.7,30.6,50,21.1,9.1,332,1012.3,0.0
2023-04-10,146.0,78.0,31.0,12.0,4.0,5.0,"Powai, Mumbai",39.2,24.8,31.3,50,18.5,9.6,320,1010.7,0.0
2023-04-11,125.0,74.0,32.0,12.0,4.0,5.0,"Powai, Mumbai",39.2,24.7,30.9,54,20.7,10.5,317,1011.0,0.0
2023-04-12,126.0,82.0,33.0,16.0,4.0,5.0,"Powai, Mumbai",39.7,24.8,31.9,46,22.2,11.8,326,1010.5,0.0
2023-04-13,131.0,73.0,27.0,12.0,4.0,5.0,"Powai, Mumbai",38.2,25.8,31.9,42,18.3,10.9,331,1010.1,0.0
2023-04-14,108.0,65.0,23.0,11.0,4.0,5.0,"Powai, Mumbai",39.0,24.6,31.0,49,19.1,10.5,323,1009.9,0.3
2023-04-15,99.0,53.0,18.0,7.0,4.0,5.0,"Powai, Mumbai",38.0,23.4,29.9,56,19.9,9.3,314,1009.9,0.0
2023-04-16,85.0,72.0,24.0,11.0,4.0,5.0,"Powai, Mumbai",37.8,22.1,29.5,62,20.3,9.6,315,1008.8,0.0
2023-04-17,100.0,70.0,30.0,11.0,4.0,5.0,"Powai, Mumbai",38.2,22.4,29.5,64,18.8,9.6,325,1008.9,0.0
2023-04-18,103.0,78.0,30.0,14.0,4.0,5.0,"Powai, Mumbai",41.0,24.1,32.6,43,18.8,11.9,343,1009.2,0.0
2023-04-19,126.0,60.0,25.0,10.0,4.0,5.0,"Powai, Mumbai",40.8,27.0,33.8,35,20.7,11.5,328,1006.9,0.0
2023-04-20,84.0,50.0,19.0,8.0,4.0,5.0,"Powai, Mumbai",38.5,25.3,30.8,56,20.6,10.9,311,1005.8,0.0
2023-04-21,66.0,41.0,16.0,7.0,4.0,5.0,"Powai, Mumbai",35.0,23.4,28.8,65,18.7,9.8,312,1006.6,0.0
2023-04-22,60.0,51.0,17.0,7.0,4.0,5.0,"Powai, Mumbai",33.8,23.0,27.8,74,18.1,8.5,273,1007.2,0.0
2023-04-23,66.0,49.0,19.0,8.0,4.0,5.0,"Powai, Mumbai",33.8,23.4,28.0,74,18.1,9.4,296,1007.4,0.0
2023-04-24,76.0,67.0,24.0,9.0,4.0,5.0,"Powai, Mumbai",35.6,22.8,28.5,74,20.6,8.9,307,1007.6,0.2
2023-04-25,102.0,65.0,18.0,10.0,4.0,5.0,"Powai, Mumbai",36.7,23.9,29.2,74,18.0,8.3,270,1007.6,0.0
2023-04-26,90.0,57.0,17.0,8.0,4.0,5.0,"Powai, Mumbai",33.8,24.7,28.7,73,18.5,10.5,231,1008.2,0.0
2023-04-27,84.0,61.0,17.25,7.0,5.0,5.0,"Powai, Mumbai",34.3,23.6,28.6,71,18.2,8.3,297,1008.4,0.0
2023-04-28,61.0,55.66666666666666,17.5,7.333333333333333,4.666666666666667,5.0,"Powai, Mumbai",33.8,24.2,28.7,70,17.0,8.2,297,1009.2,0.3
2023-04-30,60.333333333333336,45.0,18.0,8.0,4.0,5.0,"Powai, Mumbai",33.4,24.4,28.1,70,18.9,8.0,293,1007.3,0.6
2023-05-01,60.0,43.0,17.0,8.0,4.0,5.0,"Powai, Mumbai",33.3,23.2,27.8,68,15.8,7.4,270,1007.2,0.7
2023-05-02,58.0,39.0,17.0,7.0,4.0,5.0,"Powai, Mumbai",33.3,23.9,28.5,68,16.2,7.0,275,1007.8,0.4
2023-05-03,64.0,43.0,18.0,7.0,4.0,5.0,"Powai, Mumbai",33.6,24.5,28.5,68,17.5,8.5,292,1009.2,0.0
2023-05-04,74.0,45.0,17.0,7.0,4.0,5.0,"Powai, Mumbai",33.3,23.6,28.2,72,15.6,7.9,305,1008.6,0.1
2023-05-05,75.0,42.0,17.0,7.0,4.0,5.0,"Powai, Mumbai",34.2,23.4,28.5,72,17.0,7.8,290,1007.9,0.0
2023-05-06,72.0,46.0,16.0,7.0,4.0,5.0,"Powai, Mumbai",33.5,23.7,28.7,74,20.6,9.8,303,1007.9,0.8
2023-05-07,77.0,48.0,16.0,7.0,4.0,5.0,"Powai, Mumbai",30.6,25.0,27.7,81,15.2,6.6,296,1008.3,10.1
2023-05-08,71.0,56.0,17.0,7.0,4.0,5.0,"Powai, Mumbai",34.5,26.9,29.9,72,18.6,8.2,292,1007.3,0.8
2023-05-09,72.0,76.0,19.0,9.0,4.0,5.0,"Powai, Mumbai",34.8,27.0,30.4,73,17.7,7.8,297,1007.6,0.4
2023-05-10,92.0,80.0,20.0,9.0,4.0,5.0,"Powai, Mumbai",37.0,26.5,30.9,74,19.9,8.4,292,1006.7,0.0
2023-05-11,106.0,76.0,19.0,10.0,4.0,5.0,"Powai, Mumbai",37.5,25.5,31.0,75,18.5,7.6,240,1006.8,0.0
2023-05-12,107.0,55.0,18.0,9.0,4.0,5.0,"Powai, Mumbai",36.5,25.6,30.6,77,15.0,8.7,228,1007.5,0.0
2023-05-13,75.0,33.0,16.0,7.0,4.0,5.0,"Powai, Mumbai",35.3,26.7,30.6,74,16.2,10.7,236,1008.4,0.0
2023-05-14,48.0,43.0,16.0,7.0,4.0,5.0,"Powai, Mumbai",35.2,25.0,30.0,74,17.1,10.1,251,1007.8,0.0
2023-05-15,65.0,47.0,15.0,7.0,4.0,5.0,"Powai, Mumbai",35.1,26.6,30.4,73,17.7,10.0,267,1008.6,0.3
2023-05-16,65.0,39.0,16.0,6.0,4.0,5.0,"Powai, Mumbai",35.0,26.3,30.5,71,17.4,9.6,269,1010.1,0.4
2023-05-17,61.0,39.0,16.0,6.0,4.0,5.0,"Powai, Mumbai",35.7,27.4,30.5,70,20.1,9.3,294,1010.2,0.2
2023-05-18,57.0,25.0,13.0,5.0,4.0,5.0,"Powai, Mumbai",35.3,25.8,29.9,76,21.7,10.7,312,1011.3,0.0
2023-05-19,40.0,32.666666666666664,14.0,5.666666666666667,3.6666666666666665,5.0,"Powai, Mumbai",35.8,26.0,30.1,76,20.8,10.6,313,1009.9,0.0
2023-05-21,52.66666666666667,48.0,16.0,7.0,3.0,5.0,"Powai, Mumbai",34.7,26.2,30.0,72,19.0,9.2,297,1010.1,0.0
2023-05-22,59.0,50.0,16.0,7.0,4.0,5.0,"Powai, Mumbai",34.7,25.5,29.8,73,17.1,8.9,300,1010.7,0.0
2023-05-23,62.0,43.0,15.0,7.0,4.0,5.0,"Powai, Mumbai",35.8,25.1,29.8,75,20.8,10.3,312,1010.6,0.0
2023-05-24,57.0,38.0,16.0,7.0,3.0,5.0,"Powai, Mumbai",35.5,26.0,30.4,73,18.6,9.3,283,1010.1,0.0
2023-05-25,55.0,44.0,15.0,7.0,4.0,5.0,"Powai, Mumbai",34.5,27.0,30.6,66,19.7,11.0,261,1010.7,0.0
2023-05-26,59.0,41.0,15.0,7.0,4.0,5.0,"Powai, Mumbai",34.0,28.2,30.7,64,20.9,12.6,261,1011.1,0.9
2023-05-27,57.0,34.0,15.0,6.0,4.0,5.0,"Powai, Mumbai",35.2,26.5,30.9,62,19.1,11.6,258,1010.0,0.0
2023-05-28,53.0,41.0,16.0,7.0,4.0,5.0,"Powai, Mumbai",35.2,26.4,30.9,66,18.2,10.3,284,1009.1,0.0
2023-05-29,57.0,48.0,20.0,8.0,3.0,5.0,"Powai, Mumbai",36.0,27.0,30.7,73,20.9,8.8,298,1008.5,0.0
2023-05-30,65.0,56.0,17.0,9.0,4.0,5.0,"Powai, Mumbai",36.2,26.3,31.0,75,18.7,9.0,293,1008.5,0.0
2023-05-31,70.0,49.0,17.0,8.0,4.0,5.0,"Powai, Mumbai",37.3,26.2,31.0,75,21.9,10.8,316,1008.1,0.0
2023-06-01,58.0,38.0,14.0,6.0,4.0,5.0,"Powai, Mumbai",36.2,25.8,30.3,76,18.9,9.2,288,1008.0,0.0
2023-06-02,52.0,27.0,15.0,6.0,4.0,5.0,"Powai, Mumbai",35.2,26.5,30.6,72,17.9,10.2,285,1009.0,0.0
2023-06-03,41.0,35.0,15.0,7.0,4.0,5.0,"Powai, Mumbai",35.9,27.8,31.5,66,16.9,10.4,278,1008.3,0.0
2023-06-04,47.0,40.0,15.0,7.0,4.0,5.0,"Powai, Mumbai",34.8,28.0,31.0,70,17.1,9.6,273,1008.1,3.0
2023-06-05,52.0,49.0,15.0,7.0,4.0,5.0,"Powai, Mumbai",34.7,27.4,30.7,71,18.0,10.5,264,1007.5,0.2
2023-06-06,61.0,54.0,15.0,6.0,4.0,5.0,"Powai, Mumbai",35.3,27.4,31.0,68,16.6,9.7,263,1007.1,0.0
2023-06-07,58.0,46.0,16.0,8.0,4.0,5.0,"Powai, Mumbai",35.2,27.0,31.1,69,16.6,10.4,242,1006.8,0.0
2023-06-08,55.0,36.0,16.0,9.0,3.0,5.0,"Powai, Mumbai",36.1,27.7,31.5,67,16.8,10.5,223,1007.2,0.4
2023-06-09,42.0,46.0,17.0,9.0,4.0,5.0,"Powai, Mumbai",34.8,27.3,30.9,73,22.9,14.1,200,1005.2,3.5
2023-06-10,47.0,52.0,15.0,9.0,4.0,5.0,"Powai, Mumbai",35.5,28.2,31.0,70,28.0,18.1,191,1003.6,2.6
2023-06-11,58.0,47.0,13.0,8.0,4.0,5.0,"Powai, Mumbai",33.9,26.8,30.3,68,25.6,19.6,178,1003.0,4.4
2023-06-12,85.0,50.0,14.0,6.0,3.0,5.0,"Powai, Mumbai",33.8,25.1,29.3,74,36.9,22.2,184,1002.8,7.4
2023-06-13,63.0,46.0,14.0,7.0,3.0,5.0,"Powai, Mumbai",32.3,25.6,28.6,78,33.5,23.1,189,1004.3,8.1
2023-06-14,56.0,52.0,14.0,7.0,3.0,5.0,"Powai, Mumbai",31.9,25.0,28.4,78,31.2,21.4,195,1006.3,3.5
2023-06-15,60.0,53.0,14.0,7.0,3.0,5.0,"Powai, Mumbai",32.8,27.0,29.7,74,31.1,23.5,201,1006.3,3.2
2023-06-16,60.0,52.0,15.0,8.0,3.0,5.0,"Powai, Mumbai",32.2,26.8,29.4,75,33.9,24.9,213,1005.5,5.2
2023-06-17,62.0,54.0,14.0,7.0,3.0,5.0,"Powai, Mumbai",32.2,26.0,28.9,79,24.5,17.9,227,1006.5,5.3
2023-06-18,62.0,55.0,14.0,7.0,3.0,5.0,"Powai, Mumbai",31.9,26.6,29.0,79,20.6,13.8,246,1007.0,4.4
2023-06-19,62.0,58.0,14.0,7.0,3.0,5.0,"Powai, Mumbai",32.7,27.1,29.6,75,19.7,13.1,248,1006.1,0.3
2023-06-20,65.0,56.0,14.0,6.0,3.0,5.0,"Powai, Mumbai",33.0,26.9,29.5,76,19.5,11.5,251,1005.2,1.0
2023-06-21,65.0,54.0,15.0,6.0,3.0,5.0,"Powai, Mumbai",32.8,26.1,29.4,78,19.0,10.6,243,1005.6,2.0
2023-06-22,63.0,46.0,14.0,7.0,3.0,5.0,"Powai, Mumbai",33.0,26.8,29.7,75,17.8,10.9,244,1005.7,3.0
2023-06-23,60.0,27.0,13.0,6.0,3.0,5.0,"Powai, Mumbai",32.5,26.1,28.9,79,17.2,11.3,216,1005.4,2.2
2023-06-24,55.0,24.0,14.0,5.0,3.0,5.0,"Powai, Mumbai",30.2,24.9,26.8,86,16.9,9.0,213,1004.4,25.3
2023-06-25,61.0,30.0,14.0,6.0,3.0,5.0,"Powai, Mumbai",27.6,25.0,26.0,91,16.3,9.6,209,1004.5,15.9
2023-06-26,55.0,23.0,14.0,6.0,3.0,5.0,"Powai, Mumbai",26.4,24.7,25.4,93,17.2,10.6,206,1005.8,26.1
2023-06-27,53.0,26.0,14.0,6.0,3.0,6.0,"Powai, Mumbai",27.4,24.4,25.5,93,15.1,10.2,209,1005.4,23.7
2023-06-28,62.0,23.0,14.0,7.0,3.0,5.0,"Powai, Mumbai",27.8,24.9,25.9,93,17.4,11.6,228,1005.9,45.3
2023-06-29,50.0,21.0,14.0,7.0,3.0,5.0,"Powai, Mumbai",26.6,24.9,25.6,93,18.3,12.1,238,1006.2,39.7
2023-06-30,44.0,29.0,14.0,7.0,3.0,5.0,"Powai, Mumbai",26.7,24.8,25.7,93,21.5,15.8,242,1006.1,43.7
2023-07-01,53.0,23.0,14.0,5.0,3.0,5.0,"Powai, Mumbai",27.8,24.5,25.8,92,19.2,12.6,228,1006.9,44.0
2023-07-02,45.0,24.0,14.0,6.0,3.0,5.0,"Powai, Mumbai",28.7,24.9,26.3,91,17.9,11.8,220,1006.1,29.2
2023-07-03,51.0,24.0,14.0,6.0,3.0,5.0,"Powai, Mumbai",29.2,25.2,26.9,90,15.3,10.3,220,1004.3,11.0
2023-07-04,55.0,31.0,13.0,7.0,3.0,6.0,"Powai, Mumbai",29.5,25.0,26.8,90,15.6,9.6,228,1002.7,31.4
2023-07-05,66.0,19.0,14.0,7.0,3.0,5.0,"Powai, Mumbai",28.7,24.3,26.3,91,14.0,9.3,211,1001.0,34.8
2023-07-06,46.0,21.0,14.0,8.0,3.0,5.0,"Powai, Mumbai",26.5,23.8,25.1,95,19.6,12.6,195,1002.2,63.1
2023-07-07,46.0,47.0,15.0,8.0,3.0,5.0,"Powai, Mumbai",27.2,25.2,26.0,92,22.9,15.8,227,1003.2,42.2
2023-07-08,72.0,42.0,14.0,7.0,3.0,5.0,"Powai, Mumbai",30.0,25.0,27.1,85,25.8,18.1,233,1005.0,12.1
2023-07-09,60.0,45.0,14.0,7.0,3.0,5.0,"Powai, Mumbai",29.8,25.1,27.1,85,23.4,16.7,228,1005.9,10.5
2023-07-10,58.0,43.0,14.0,6.0,3.0,5.0,"Powai, Mumbai",29.0,25.0,27.1,84,21.0,13.2,233,1006.5,4.9
2023-07-11,56.0,41.0,14.0,5.0,3.0,5.0,"Powai, Mumbai",30.1,25.0,27.2,84,18.6,10.3,249,1006.7,7.0
2023-07-12,52.0,32.5,13.5,5.5,3.0,5.0,"Powai, Mumbai",27.2,24.6,25.6,93,10.2,6.7,202,1005.9,7.7
2023-07-13,56.0,24.0,13.0,6.0,3.0,5.0,"Powai, Mumbai",28.0,24.1,25.9,91,16.8,10.5,203,1005.5,12.0
2023-07-14,60.0,37.0,14.0,6.0,3.0,5.0,"Powai, Mumbai",27.9,24.5,25.9,92,18.1,10.3,232,1006.8,23.8
2023-07-15,59.0,32.0,14.0,6.0,3.0,5.0,"Powai, Mumbai",27.0,24.2,25.7,92,13.4,8.7,238,1007.5,14.0
2023-07-16,50.0,18.0,14.0,5.0,3.0,5.0,"Powai, Mumbai",28.8,24.1,25.5,92,14.6,8.6,228,1006.7,20.3
2023-07-17,41.0,20.0,14.0,6.0,3.0,5.0,"Powai, Mumbai",27.0,24.2,25.5,93,17.9,11.5,230,1005.4,46.8
2023-07-18,46.0,26.0,15.0,7.0,3.0,5.0,"Powai, Mumbai",26.2,25.0,25.6,93,22.4,15.8,249,1004.1,48.4
2023-07-19,54.0,37.0,14.0,7.0,3.0,5.0,"Powai, Mumbai",27.5,25.1,25.9,92,19.8,14.5,256,1002.0,29.9
2023-07-20,63.0,25.0,14.0,7.0,3.0,5.0,"Powai, Mumbai",28.0,24.9,25.9,91,19.5,14.2,255,1002.5,46.8
2023-07-21,55.0,24.0,14.0,6.0,3.0,5.0,"Powai, Mumbai",27.2,25.0,26.0,91,17.4,12.0,248,1004.2,33.9
2023-07-22,51.0,22.0,15.0,6.0,3.0,5.0,"Powai, Mumbai",26.6,24.9,25.6,93,17.8,13.0,252,1004.8,36.7
2023-07-23,46.0,24.0,15.0,7.0,3.0,5.0,"Powai, Mumbai",27.8,24.9,25.9,91,22.5,15.6,242,1003.8,24.7
2023-07-24,45.0,27.0,14.0,7.0,3.0,5.0,"Powai, Mumbai",28.1,25.0,25.8,91,21.9,15.3,240,1004.2,42.5
2023-07-25,52.0,15.0,14.0,6.0,3.0,5.0,"Powai, Mumbai",27.1,24.5,25.6,92,18.0,12.7,244,1006.0,36.6
2023-07-26,39.0,18.0,14.0,7.0,3.0,5.0,"Powai, Mumbai",27.0,24.2,25.7,92,20.5,13.0,256,1006.9,53.0
2023-07-27,47.0,25.0,14.0,6.0,3.0,5.0,"Powai, Mumbai",26.6,24.8,25.7,92,18.9,14.8,262,1007.3,88.5
2023-07-28,47.0,30.0,14.0,5.0,3.0,5.0,"Powai, Mumbai",27.1,24.5,25.3,93,18.4,12.9,265,1007.5,48.2
2023-07-29,49.0,35.0,13.0,5.0,3.0,5.0,"Powai, Mumbai",28.4,24.6,26.2,87,19.7,13.5,254,1007.8,10.9
2023-07-30,50.0,32.0,14.0,6.0,3.0,5.0,"Powai, Mumbai",29.0,25.0,26.6,86,22.0,14.6,249,1007.0,8.1
2023-07-31,51.0,57.0,14.0,6.0,3.0,5.0,"Powai, Mumbai",28.6,25.0,26.3,88,23.0,14.1,248,1006.4,11.9
2023-08-01,47.0,47.0,14.0,7.0,3.0,5.0,"Powai, Mumbai",29.2,25.1,26.6,86,23.4,15.5,248,1006.5,8.7
2023-08-02,53.0,42.0,14.0,7.0,3.0,5.0,"Powai, Mumbai",28.9,24.5,26.4,86,24.4,16.1,243,1007.2,7.7
2023-08-03,53.0,46.0,14.0,7.0,3.0,5.0,"Powai, Mumbai",29.0,25.3,26.8,85,24.1,17.6,247,1006.6,6.7
2023-08-04,54.0,47.0,14.0,7.0,3.0,5.0,"Powai, Mumbai",28.5,25.9,26.8,88,22.2,15.6,246,1007.4,3.4
2023-08-05,54.0,48.0,14.0,7.0,3.0,5.0,"Powai, Mumbai",29.5,25.0,27.0,85,21.6,15.9,247,1009.3,5.2
2023-08-06,56.0,51.0,14.0,7.0,3.0,5.0,"Powai, Mumbai",29.1,25.8,26.9,85,22.7,16.5,252,1008.9,6.2
2023-08-07,53.0,50.0,14.0,7.0,3.0,5.0,"Powai, Mumbai",29.2,25.3,27.0,84,25.7,17.6,247,1007.3,6.6
2023-08-08,52.0,49.0,14.0,6.0,3.0,5.0,"Powai, Mumbai",29.4,25.5,27.2,83,23.8,15.7,244,1007.5,4.6
2023-08-09,55.0,44.0,14.0,6.0,3.0,5.0,"Powai, Mumbai",29.5,25.2,26.9,85,18.9,12.4,249,1009.6,3.4
2023-08-10,50.0,41.0,14.0,6.0,3.0,5.0,"Powai, Mumbai",28.8,25.0,26.3,87,14.5,9.7,248,1010.3,6.6
2023-08-11,48.0,42.0,14.0,6.0,3.0,5.0,"Powai, Mumbai",29.5,24.5,26.9,84,15.2,8.6,259,1009.8,3.3
2023-08-12,50.0,46.0,15.0,6.0,3.0,5.0,"Powai, Mumbai",28.2,23.8,25.7,88,17.0,8.9,243,1009.7,4.9
2023-08-13,51.0,46.0,14.0,7.0,3.0,5.0,"Powai, Mumbai",29.8,24.6,26.8,84,22.9,13.5,250,1008.1,3.4
2023-08-14,51.0,40.0,14.0,6.0,3.0,5.0,"Powai, Mumbai",29.7,25.4,27.1,82,23.0,14.8,238,1008.3,3.5
2023-08-15,52.0,38.0,14.0,6.0,3.0,5.0,"Powai, Mumbai",28.6,25.4,26.7,84,17.3,11.0,231,1008.9,4.6
2023-08-16,42.0,33.0,14.0,4.0,3.0,5.0,"Powai, Mumbai",29.5,24.4,26.6,86,19.5,9.6,254,1009.4,8.2
2023-08-17,42.0,31.0,14.0,4.0,3.0,5.0,"Powai, Mumbai",29.7,23.7,26.5,85,19.8,10.6,281,1009.6,2.1
2023-08-18,36.0,36.0,14.0,5.0,3.0,5.0,"Powai, Mumbai",29.5,24.5,26.7,84,17.0,10.0,290,1008.3,1.8
2023-08-19,48.0,36.0,14.0,5.0,3.0,5.0,"Powai, Mumbai",29.3,25.0,26.5,86,17.6,10.8,289,1007.1,5.9
2023-08-20,49.0,32.0,14.0,4.0,3.0,5.0,"Powai, Mumbai",28.2,24.2,25.6,90,13.7,7.9,285,1007.2,8.2
2023-08-21,42.0,24.0,14.0,4.0,3.0,5.0,"Powai, Mumbai",29.2,24.1,26.2,88,14.8,8.3,271,1007.5,3.8
2023-08-22,45.0,26.0,14.0,4.0,3.0,5.0,"Powai, Mumbai",29.4,24.2,26.1,89,17.3,8.5,252,1007.6,6.0
2023-08-23,47.0,24.0,14.0,5.0,3.0,5.0,"Powai, Mumbai",29.9,24.3,26.8,85,19.8,9.9,238,1007.4,3.8
2023-08-24,32.0,25.0,14.0,4.0,9.0,6.0,"Powai, Mumbai",28.9,24.6,26.3,87,19.6,11.3,222,1006.6,6.3
2023-08-25,38.0,22.0,12.142857142857142,5.0,13.0,7.0,"Powai, Mumbai",28.8,24.3,26.4,88,17.7,11.9,220,1006.5,8.8
2023-08-26,33.0,19.0,10.285714285714285,4.0,13.0,7.0,"Powai, Mumbai",28.9,24.4,25.8,89,19.4,11.6,221,1008.1,15.3
2023-08-27,40.0,30.5,8.428571428571427,4.0,13.5,7.0,"Powai, Mumbai",28.0,23.4,25.4,90,16.4,9.1,221,1009.3,17.9
2023-08-28,49.0,42.0,3.0,4.0,14.0,7.0,"Powai, Mumbai",28.4,24.2,25.6,89,16.9,9.2,215,1008.7,4.5
2023-08-29,58.0,45.0,3.0,4.0,13.0,7.0,"Powai, Mumbai",29.6,24.1,26.4,86,10.5,6.3,237,1008.4,2.2
2023-08-30,58.0,50.0,3.0,4.0,14.0,7.0,"Powai, Mumbai",30.1,24.0,26.6,87,13.0,6.0,282,1009.1,1.7
2023-08-31,68.0,50.0,1.0,5.0,13.0,7.0,"Powai, Mumbai",30.9,23.6,26.9,87,14.4,6.4,319,1008.9,0.7
2023-09-01,62.0,38.0,1.0,4.0,14.0,7.0,"Powai, Mumbai",31.6,24.0,27.2,86,16.9,6.2,326,1008.8,1.2
2023-09-02,68.0,42.0,1.0,3.0,14.0,7.0,"Powai, Mumbai",29.6,24.6,26.5,90,12.1,4.8,273,1008.7,2.8
2023-09-03,69.0,54.0,1.0,4.0,14.0,7.0,"Powai, Mumbai",29.2,24.5,26.7,87,16.0,6.6,295,1007.8,10.5
2023-09-04,75.0,52.0,2.0,4.0,14.0,7.0,"Powai, Mumbai",29.9,23.5,26.6,85,16.3,7.4,307,1006.6,2.0
2023-09-05,70.0,46.0,2.0,4.0,14.0,7.0,"Powai, Mumbai",29.6,23.6,26.7,86,15.9,8.1,306,1006.1,2.1
2023-09-06,64.0,32.0,2.0,4.0,14.0,8.0,"Powai, Mumbai",30.7,24.5,27.5,83,16.2,8.7,293,1006.0,0.3
2023-09-07,60.0,31.0,2.0,5.0,14.0,8.0,"Powai, Mumbai",29.0,24.4,26.7,86,19.1,9.6,275,1005.8,9.4
2023-09-08,57.0,32.0,2.0,4.0,14.0,8.0,"Powai, Mumbai",28.0,25.0,26.2,92,19.3,10.7,286,1006.1,45.7
2023-09-09,50.0,25.0,2.0,4.0,14.0,8.0,"Powai, Mumbai",29.6,24.5,26.5,90,16.1,9.6,278,1006.2,13.2
2023-09-10,40.0,27.0,2.0,4.0,14.0,8.0,"Powai, Mumbai",29.8,24.9,26.7,89,16.3,8.7,242,1006.2,7.0
2023-09-11,43.0,33.0,2.0,4.0,14.0,8.0,"Powai, Mumbai",29.7,24.4,26.1,91,13.7,7.2,241,1007.0,2.9
2023-09-12,49.0,29.0,2.0,4.0,14.0,8.0,"Powai, Mumbai",29.5,23.8,26.5,88,17.7,8.9,245,1007.6,2.6
2023-09-13,42.0,25.0,2.0,4.0,15.0,8.0,"Powai, Mumbai",29.3,24.5,26.1,89,12.3,7.0,224,1007.1,3.4
2023-09-14,51.0,36.0,2.0,4.0,15.0,8.0,"Powai, Mumbai",29.8,23.5,26.2,88,13.8,7.3,216,1007.2,3.4
2023-09-15,62.0,29.0,2.0,5.0,15.0,8.0,"Powai, Mumbai",29.7,24.2,26.7,85,15.5,7.6,238,1007.0,2.9
2023-09-16,42.0,33.0,2.0,6.0,15.0,8.0,"Powai, Mumbai",28.5,24.9,26.4,87,17.3,10.1,251,1006.6,8.5
2023-09-17,51.0,30.0,2.0,6.0,15.0,8.0,"Powai, Mumbai",29.3,24.6,26.8,84,21.7,14.2,235,1005.6,6.9
2023-09-18,50.0,31.0,2.0,5.0,15.0,8.0,"Powai, Mumbai",27.6,24.1,25.3,92,17.7,12.6,210,1005.7,27.3
2023-09-19,57.0,23.0,2.0,4.0,15.0,8.0,"Powai, Mumbai",28.5,24.5,26.0,90,20.1,14.7,201,1007.0,12.8
2023-09-20,48.0,25.0,2.0,5.0,15.0,8.0,"Powai, Mumbai",28.5,24.8,26.2,91,17.9,12.9,198,1007.6,10.6
2023-09-21,48.0,26.0,2.0,4.0,15.0,8.0,"Powai, Mumbai",29.0,25.0,26.3,92,13.5,8.3,206,1007.9,20.9
2023-09-22,58.0,33.0,2.0,3.0,16.0,9.0,"Powai, Mumbai",28.5,24.5,26.1,92,8.5,6.0,171,1008.3,18.3
2023-09-23,74.0,32.0,2.0,3.0,15.0,9.0,"Powai, Mumbai",29.6,24.1,25.6,93,12.9,5.7,193,1008.9,43.4
2023-09-24,77.0,30.0,2.0,4.0,15.0,8.0,"Powai, Mumbai",29.1,24.0,25.9,92,10.2,5.7,196,1009.2,20.1
2023-09-25,44.0,38.0,2.0,5.0,15.0,8.0,"Powai, Mumbai",28.8,23.6,26.1,91,12.2,6.1,233,1008.2,22.1
2023-09-26,71.0,35.0,2.0,6.0,15.0,8.0,"Powai, Mumbai",29.9,23.1,26.2,90,11.9,5.5,257,1007.9,4.7
2023-09-27,76.0,48.0,2.0,6.0,16.0,9.0,"Powai, Mumbai",30.0,23.8,25.8,93,15.8,5.7,337,1007.3,21.4
2023-09-28,107.0,45.0,2.0,7.0,15.0,9.0,"Powai, Mumbai",31.6,23.6,26.5,91,16.6,5.9,1,1006.0,18.5
2023-09-29,98.0,43.0,2.0,7.0,15.0,8.0,"Powai, Mumbai",31.7,24.9,27.4,91,10.0,5.2,51,1005.4,17.9
2023-09-30,92.0,55.0,2.0,9.0,15.0,8.0,"Powai, Mumbai",33.3,24.5,27.8,89,12.6,5.7,36,1005.0,11.9
2023-10-01,110.0,67.0,4.0,8.0,16.0,9.0,"Powai, Mumbai",31.5,26.0,27.9,90,13.7,5.6,247,1005.6,0.3
2023-10-02,113.0,62.0,4.0,6.0,15.0,8.0,"Powai, Mumbai",30.0,24.0,27.1,89,10.8,6.5,243,1008.8,2.6
2023-10-03,83.0,64.5,1.0,6.0,15.0,8.0,"Powai, Mumbai",30.4,24.8,27.1,87,11.9,5.5,284,1010.2,0.9
2023-10-04,93.0,67.0,9.0,6.0,15.0,8.0,"Powai, Mumbai",31.2,24.2,26.9,88,12.4,5.9,278,1010.8,1.0
2023-10-05,92.0,60.0,9.0,6.0,15.0,10.0,"Powai, Mumbai",31.5,23.8,27.0,87,14.0,7.1,334,1010.4,0.1
2023-10-06,104.0,57.0,9.0,6.0,15.0,12.0,"Powai, Mumbai",30.9,24.1,26.9,86,15.2,6.8,331,1009.6,0.8
2023-10-07,101.0,60.0,9.0,7.0,15.0,11.0,"Powai, Mumbai",31.6,23.7,27.0,86,15.1,7.5,344,1009.7,0.1
2023-10-08,122.0,68.0,10.0,8.0,15.0,8.0,"Powai, Mumbai",33.2,23.5,27.6,83,11.2,7.0,339,1010.4,0.6
2023-10-09,144.0,51.0,9.0,7.0,15.0,8.0,"Powai, Mumbai",34.0,23.1,27.9,79,12.7,7.7,338,1011.6,0.0
2023-10-10,107.0,43.0,10.0,7.0,14.0,8.0,"Powai, Mumbai",33.4,23.1,27.5,74,14.8,8.3,344,1011.7,0.0
2023-10-11,68.0,58.0,11.0,9.0,14.0,8.0,"Powai, Mumbai",32.5,23.6,27.3,80,16.0,9.2,336,1011.6,1.4
2023-10-12,108.0,84.0,23.0,9.0,12.0,7.0,"Powai, Mumbai",33.1,23.0,27.8,84,13.7,7.2,327,1011.6,0.8
2023-10-13,157.0,80.0,13.0,8.0,8.0,4.0,"Powai, Mumbai",34.8,24.5,28.8,80,13.0,5.7,339,1012.0,0.0
2023-10-14,157.0,73.0,12.0,7.0,7.0,3.0,"Powai, Mumbai",34.8,24.0,28.4,82,12.0,5.6,341,1012.0,0.0
2023-10-15,153.0,89.0,11.0,11.0,9.0,4.0,"Powai, Mumbai",35.2,23.9,28.6,81,11.2,6.5,350,1010.6,0.2
2023-10-16,159.0,88.0,14.0,9.0,9.0,5.0,"Powai, Mumbai",34.5,23.0,28.6,70,12.3,5.9,347,1010.4,0.1
2023-10-17,163.0,87.0,11.0,8.0,9.0,5.0,"Powai, Mumbai",33.7,24.5,28.4,72,8.1,5.9,6,1011.6,2.6
2023-10-18,163.0,68.0,13.0,9.0,9.0,3.0,"Powai, Mumbai",34.9,23.3,28.7,71,14.6,8.0,5,1012.3,0.0
2023-10-19,135.0,91.0,14.0,11.0,9.0,5.0,"Powai, Mumbai",35.3,24.2,28.7,64,12.7,7.0,356,1012.0,0.0
2023-10-20,158.0,83.0,14.0,10.0,9.0,5.0,"Powai, Mumbai",35.8,23.5,28.8,66,9.5,6.2,35,1011.8,0.0
2023-10-21,158.0,91.0,15.0,11.0,9.0,5.0,"Powai, Mumbai",35.2,23.5,28.8,70,11.8,6.6,51,1012.4,0.3
2023-10-22,166.0,81.0,13.0,9.0,10.0,5.0,"Powai, Mumbai",34.8,23.6,28.7,70,11.1,5.8,7,1012.9,0.0
2023-10-23,163.0,88.0,14.0,11.0,11.0,4.0,"Powai, Mumbai",35.8,23.1,28.6,66,15.6,7.4,9,1011.7,0.0
2023-10-24,158.0,86.0,17.0,9.0,11.0,5.0,"Powai, Mumbai",35.4,22.0,28.3,61,16.3,7.8,16,1011.2,0.0
2023-10-25,156.0,88.0,13.0,9.0,12.0,5.0,"Powai, Mumbai",35.2,22.3,28.1,57,15.3,7.9,13,1012.7,0.0
2023-10-26,150.0,88.0,13.0,8.0,12.0,5.0,"Powai, Mumbai",34.9,21.5,27.4,59,18.5,8.8,15,1013.1,0.0
2023-10-27,143.0,87.0,13.0,8.0,13.0,4.0,"Powai, Mumbai",34.6,20.4,27.0,56,17.4,9.7,11,1011.8,0.0
2023-10-28,146.0,88.0,14.0,8.0,13.0,4.0,"Powai, Mumbai",35.0,20.0,26.9,57,16.2,8.5,21,1011.3,0.0
2023-10-29,159.0,89.0,17.0,9.0,14.0,6.0,"Powai, Mumbai",35.3,20.2,27.0,55,15.8,9.2,30,1010.9,0.0
2023-10-30,157.0,94.0,15.0,9.0,14.0,6.0,"Powai, Mumbai",35.9,20.5,27.4,60,12.0,6.8,47,1010.7,0.0
2023-10-31,163.0,87.0,13.0,9.0,15.0,5.0,"Powai, Mumbai",35.3,20.6,27.7,60,12.7,7.6,35,1011.4,0.0
2023-11-01,161.0,91.0,14.0,9.0,16.0,5.0,"Powai, Mumbai",35.2,21.0,27.2,59,14.0,8.3,21,1012.1,0.0
2023-11-02,166.0,93.0,11.0,9.0,17.0,5.0,"Powai, Mumbai",35.0,20.6,27.2,59,14.0,8.6,14,1011.4,0.0
2023-11-03,166.0,87.0,12.0,9.0,17.0,5.0,"Powai, Mumbai",35.6,21.4,27.7,57,15.6,9.3,18,1009.7,0.0
2023-11-04,163.0,95.0,13.0,10.0,19.0,6.0,"Powai, Mumbai",36.2,22.4,28.2,55,13.3,9.1,42,1009.2,0.0
2023-11-05,169.0,96.0,13.0,10.0,20.0,6.0,"Powai, Mumbai",36.0,21.5,28.7,58,12.9,8.1,31,1010.7,0.0
2023-11-06,169.0,90.0,13.0,9.0,20.0,6.0,"Powai, Mumbai",36.1,21.6,28.3,55,14.3,8.7,38,1011.8,0.0
2023-11-07,163.0,71.0,11.0,10.0,21.0,5.0,"Powai, Mumbai",35.5,20.8,27.6,54,15.1,8.6,18,1011.8,0.0
2023-11-08,118.0,63.0,12.0,8.0,21.0,5.0,"Powai, Mumbai",34.7,21.6,27.9,68,14.8,6.9,183,1011.6,0.6
2023-11-09,114.0,55.0,15.0,8.0,21.0,4.0,"Powai, Mumbai",35.0,23.2,28.3,77,10.7,5.1,81,1012.2,0.7
2023-11-10,104.0,65.0,9.0,7.0,22.0,4.0,"Powai, Mumbai",33.9,23.8,27.8,75,10.5,6.0,79,1013.5,11.5
2023-11-11,148.0,65.625,9.875,7.25,22.375,4.25,"Powai, Mumbai",35.9,23.1,28.9,65,13.8,8.2,27,1013.7,0.0
2023-11-18,145.375,70.0,16.0,9.0,25.0,6.0,"Powai, Mumbai",34.5,19.9,26.2,65,12.4,7.3,16,1012.0,0.0
2023-11-19,145.0,63.0,11.0,7.0,25.0,6.0,"Powai, Mumbai",34.2,19.4,26.6,66,15.3,7.8,350,1011.9,0.0
2023-11-20,97.0,67.0,14.5,8.0,26.0,6.0,"Powai, Mumbai",35.8,22.0,28.0,61,15.6,7.1,359,1012.2,0.0
2023-11-21,100.5,71.0,18.0,9.0,27.0,6.0,"Powai, Mumbai",35.1,23.1,28.4,59,18.5,9.2,14,1012.0,0.0
2023-11-22,104.0,75.0,20.0,9.0,27.0,6.0,"Powai, Mumbai",34.5,22.4,27.5,51,16.4,9.8,12,1011.4,0.0
2023-11-23,120.0,90.0,11.0,9.0,29.0,7.0,"Powai, Mumbai",34.7,20.4,26.9,55,12.7,7.6,4,1009.7,0.0
2023-11-24,143.0,62.0,14.0,10.0,29.0,6.0,"Powai, Mumbai",35.5,20.8,27.5,61,13.5,7.7,30,1009.6,0.0
2023-11-25,90.0,50.0,12.0,9.0,29.0,6.0,"Powai, Mumbai",34.6,21.9,27.8,68,11.0,7.5,55,1011.4,0.2
2023-11-26,69.0,45.0,13.0,12.0,14.0,7.0,"Powai, Mumbai",32.3,23.3,26.8,78,17.7,6.9,189,1011.8,2.2
2023-11-27,41.0,45.0,12.0,6.0,14.0,5.0,"Powai, Mumbai",31.8,22.4,26.0,78,12.5,6.2,329,1011.3,1.5
2023-11-28,61.0,58.0,16.0,6.0,14.0,7.0,"Powai, Mumbai",31.0,21.6,25.6,75,12.9,6.8,325,1010.3,0.0
2023-11-29,79.0,64.0,18.0,8.0,14.0,6.0,"Powai, Mumbai",30.1,19.7,24.4,74,12.9,7.0,313,1011.3,0.0
2023-11-30,89.0,132.0,12.0,6.0,15.0,8.0,"Powai, Mumbai",30.9,19.5,24.6,80,15.1,7.2,323,1011.8,0.0
2023-12-01,142.0,81.0,21.0,10.0,14.0,9.0,"Powai, Mumbai",31.0,20.5,24.7,82,13.9,6.7,317,1011.6,0.0
2023-12-02,111.0,76.0,21.0,8.0,14.0,10.0,"Powai, Mumbai",33.3,19.9,25.9,76,13.4,6.3,336,1010.3,0.0
2023-12-03,109.0,77.0,16.0,8.0,15.0,9.0,"Powai, Mumbai",35.2,22.3,27.6,68,14.7,8.4,5,1010.4,0.4
2023-12-04,112.0,77.0,17.0,8.0,15.0,9.0,"Powai, Mumbai",34.3,22.0,27.8,67,15.9,8.0,350,1009.8,0.0
2023-12-05,113.0,70.5,16.0,7.5,15.0,8.5,"Powai, Mumbai",34.2,23.9,28.0,62,16.8,10.4,7,1008.7,0.0
2023-12-06,98.5,64.0,15.0,7.0,15.0,8.0,"Powai, Mumbai",32.6,22.4,26.6,65,16.3,8.7,6,1009.8,0.0
2023-12-07,84.0,73.0,16.0,9.0,15.0,8.0,"Powai, Mumbai",32.5,21.6,26.0,66,15.5,9.3,1,1010.7,0.0
2023-12-08,92.0,71.0,17.0,8.0,15.0,8.0,"Powai, Mumbai",33.0,20.0,25.8,65,14.7,8.7,5,1011.3,0.0
2023-12-09,96.0,68.0,17.0,8.0,15.0,8.0,"Powai, Mumbai",33.4,20.3,26.1,63,14.8,8.9,12,1012.3,0.0
2023-12-10,85.0,70.0,11.0,6.0,15.0,8.0,"Powai, Mumbai",33.8,20.9,26.4,61,13.2,8.0,7,1011.3,0.0
2023-12-11,102.0,75.0,15.0,7.0,16.0,8.0,"Powai, Mumbai",33.5,20.1,26.3,58,14.5,8.3,0,1011.6,0.0
2023-12-12,100.0,81.5,15.5,8.5,16.0,9.0,"Powai, Mumbai",32.5,18.5,24.8,63,16.9,8.4,345,1011.0,0.0
2023-12-13,107.5,88.0,16.0,10.0,16.0,10.0,"Powai, Mumbai",32.5,17.6,24.9,64,14.4,7.3,345,1011.7,0.0
2023-12-14,115.0,94.0,11.0,6.0,16.0,11.0,"Powai, Mumbai",33.3,19.1,25.6,61,10.7,6.9,54,1012.8,0.0
2023-12-15,131.0,73.0,16.0,9.0,16.0,7.0,"Powai, Mumbai",32.3,19.2,25.2,58,13.3,8.1,26,1013.9,0.0
2023-12-16,98.0,83.0,14.0,9.0,16.0,9.0,"Powai, Mumbai",32.2,17.9,24.3,59,12.7,8.7,20,1013.5,0.0
2023-12-17,118.0,88.0,17.0,11.0,15.0,9.0,"Powai, Mumbai",33.0,19.0,25.3,54,12.4,8.8,39,1012.4,0.0
2023-12-18,123.0,92.0,15.0,11.0,15.0,9.0,"Powai, Mumbai",32.9,22.0,26.9,51,14.3,10.7,62,1013.1,0.0
2023-12-19,118.0,76.0,12.0,9.0,15.0,10.0,"Powai, Mumbai",32.8,23.0,27.0,48,13.5,9.9,54,1013.9,0.0
2023-12-20,97.0,98.0,15.0,13.0,15.0,11.0,"Powai, Mumbai",33.2,19.9,25.4,49,12.2,8.7,33,1014.0,0.0
2023-12-21,124.0,90.0,15.0,10.0,16.0,12.0,"Powai, Mumbai",34.3,20.6,26.1,53,13.5,8.0,12,1012.9,0.0
2023-12-22,128.0,87.0,20.0,13.0,16.0,9.0,"Powai, Mumbai",32.7,19.5,25.7,63,11.2,6.2,349,1012.9,0.0
2023-12-23,223.0,96.0,18.0,10.0,16.0,7.0,"Powai, Mumbai",34.8,19.0,25.9,60,15.2,8.6,4,1013.6,0.0
2023-12-24,134.0,74.0,12.0,8.0,16.0,7.0,"Powai, Mumbai",35.0,18.0,25.4,55,11.1,7.3,19,1014.8,0.0
2023-12-25,119.0,99.0,22.0,10.0,16.0,7.0,"Powai, Mumbai",34.3,17.8,24.9,54,14.3,7.9,8,1014.8,0.0
2023-12-26,145.0,99.0,19.0,10.0,16.0,7.0,"Powai, Mumbai",34.8,17.5,25.2,59,12.1,7.3,358,1014.7,0.0
2023-12-27,145.0,112.0,19.0,9.0,16.0,8.0,"Powai, Mumbai",35.5,17.4,26.0,56,13.7,8.8,12,1014.8,0.0
2023-12-28,154.0,128.0,14.0,13.0,17.0,8.0,"Powai, Mumbai",34.2,18.3,25.6,61,14.5,7.3,357,1013.2,0.0
2023-12-29,157.0,95.0,9.0,6.0,16.0,9.0,"Powai, Mumbai",34.8,18.7,25.5,66,12.3,7.0,10,1013.3,0.0
2023-12-30,151.0,86.0,21.0,10.0,16.0,7.0,"Powai, Mumbai",34.3,18.1,25.1,69,11.9,6.6,348,1013.0,0.0
2023-12-31,120.0,96.0,20.0,9.0,16.0,7.0,"Powai, Mumbai",33.8,18.0,25.1,65,14.1,7.3,353,1012.4,0.0
2024-01-01,141.0,100.0,19.0,8.0,17.0,7.0,"Powai, Mumbai",33.7,19.1,25.1,67,14.0,7.5,353,1012.7,0.0
2024-01-02,151.0,96.0,18.0,9.0,17.0,7.0,"Powai, Mumbai",33.0,17.8,24.4,68,15.3,8.5,339,1012.1,0.0
2024-01-03,142.0,95.0,15.0,9.0,17.0,8.0,"Powai, Mumbai",32.2,17.3,23.8,67,14.6,8.0,332,1011.5,0.0
2024-01-04,141.0,97.0,16.0,9.0,17.0,7.0,"Powai, Mumbai",31.0,16.5,23.1,74,15.4,8.8,320,1011.9,0.0
2024-01-05,140.0,89.0,13.0,9.0,17.0,6.0,"Powai, Mumbai",31.5,16.1,22.8,73,14.9,8.1,342,1012.2,0.0
2024-01-06,141.0,99.0,18.0,8.0,17.0,8.0,"Powai, Mumbai",33.5,17.9,24.8,61,19.2,10.2,339,1011.9,0.0
2024-01-07,144.0,86.0,20.0,9.0,17.0,7.0,"Powai, Mumbai",33.3,19.4,25.2,65,17.2,8.4,359,1012.0,0.0
2024-01-08,113.0,87.0,13.0,7.0,17.0,6.0,"Powai, Mumbai",34.4,20.4,26.6,58,17.3,9.2,8,1012.0,0.0
2024-01-09,124.0,66.0,17.0,7.0,17.0,6.0,"Powai, Mumbai",32.5,21.8,25.9,70,12.7,5.6,287,1012.7,0.5
2024-01-10,79.0,93.0,13.0,10.0,18.0,6.0,"Powai, Mumbai",31.0,21.4,25.4,74,11.7,6.3,63,1013.2,2.1
2024-01-11,129.0,88.0,20.0,11.0,9.0,7.0,"Powai, Mumbai",34.2,22.0,27.1,65,14.0,8.2,5,1013.3,0.0
2024-01-12,116.0,87.0,24.0,8.0,5.0,7.0,"Powai, Mumbai",35.8,21.9,27.8,59,14.7,9.0,10,1012.6,0.0
2024-01-13,124.0,152.0,19.5,8.0,5.0,6.0,"Powai, Mumbai",35.5,20.0,27.1,59,18.6,8.2,347,1013.4,0.0
2024-01-14,134.0,217.0,15.0,8.0,5.0,5.0,"Powai, Mumbai",34.2,19.5,26.2,51,17.1,9.6,348,1014.2,0.0
2024-01-15,144.0,65.0,18.0,10.0,5.0,6.0,"Powai, Mumbai",31.0,18.0,24.0,44,18.3,10.1,351,1014.1,0.0
2024-01-16,83.0,68.0,18.0,10.0,5.0,6.0,"Powai, Mumbai",30.2,14.4,21.6,63,15.5,8.4,338,1012.0,0.0
2024-01-17,93.0,64.0,17.0,9.0,5.0,6.0,"Powai, Mumbai",28.8,14.2,21.4,70,13.6,7.2,325,1011.5,0.0
2024-01-18,89.0,81.0,12.0,10.0,5.0,7.0,"Powai, Mumbai",29.4,15.4,21.6,71,15.9,7.3,341,1012.9,0.0
2024-01-19,125.0,99.0,26.0,12.0,6.0,8.0,"Powai, Mumbai",29.7,14.9,21.9,72,11.0,7.2,342,1012.6,0.0
2024-01-20,138.0,89.0,23.0,11.0,6.0,7.5,"Powai, Mumbai",30.2,16.2,22.5,68,17.5,9.0,332,1013.7,0.0
2024-01-21,124.5,79.0,20.0,10.0,6.0,7.0,"Powai, Mumbai",31.8,15.8,23.6,54,14.5,9.1,1,1013.3,0.0
2024-01-22,111.0,53.0,15.0,9.0,6.0,6.0,"Powai, Mumbai",31.5,16.2,23.2,56,15.6,8.3,340,1013.9,0.0
2024-01-23,68.0,75.0,16.0,11.0,6.0,6.0,"Powai, Mumbai",30.8,17.0,23.4,40,19.6,12.3,352,1014.4,0.0
2024-01-24,88.0,73.0,15.0,11.0,7.0,6.0,"Powai, Mumbai",31.8,16.3,23.6,39,15.2,10.5,5,1013.9,0.0
2024-01-25,82.0,75.0,17.0,11.0,7.0,7.0,"Powai, Mumbai",32.8,16.8,23.7,44,13.4,9.0,13,1014.8,0.0
2024-01-26,97.0,74.0,11.0,11.0,7.0,7.0,"Powai, Mumbai",34.2,15.7,23.8,50,13.5,8.2,4,1015.7,0.0
2024-01-27,95.0,69.0,12.0,10.0,8.0,6.0,"Powai, Mumbai",35.0,17.0,24.8,49,13.2,8.3,12,1015.8,0.0
2024-01-28,85.0,69.0,12.0,10.0,8.0,6.0,"Powai, Mumbai",34.7,15.9,24.8,50,16.7,9.1,355,1015.4,0.0
2024-01-29,91.0,75.0,11.0,11.0,8.0,6.0,"Powai, Mumbai",33.8,16.5,24.8,47,17.8,10.3,344,1015.4,0.0
2024-01-30,100.0,83.0,19.0,11.0,8.0,7.0,"Powai, Mumbai",33.3,16.6,24.0,52,16.8,9.8,340,1014.4,0.0
2024-01-31,98.0,71.0,10.0,10.0,9.0,7.0,"Powai, Mumbai",32.0,17.7,23.5,60,17.1,8.5,323,1014.3,0.0
2024-02-01,83.0,73.0,10.0,9.0,10.0,6.0,"Powai, Mumbai",29.9,16.8,22.4,71,19.2,9.0,327,1015.3,0.0
2024-02-02,74.0,66.0,9.0,10.0,10.0,7.0,"Powai, Mumbai",31.7,16.5,23.4,67,19.5,9.8,349,1015.3,0.0
2024-02-03,81.0,91.0,21.0,9.0,10.0,7.0,"Powai, Mumbai",36.5,18.8,26.6,48,18.6,9.8,9,1014.3,0.0
2024-02-04,118.0,79.0,18.0,10.0,11.0,7.0,"Powai, Mumbai",36.4,18.7,26.6,53,12.8,7.4,348,1015.1,0.0
2024-02-05,97.0,70.0,14.0,8.0,11.0,6.0,"Powai, Mumbai",35.0,20.0,26.7,51,15.8,9.2,332,1015.6,0.0
2024-02-06,80.0,92.0,17.0,10.0,11.0,6.0,"Powai, Mumbai",35.0,18.1,26.0,53,16.1,9.7,330,1015.4,0.0
2024-02-07,96.0,75.0,16.0,9.0,11.0,6.0,"Powai, Mumbai",35.3,18.5,26.3,54,20.5,11.7,336,1015.9,0.0
2024-02-08,83.0,79.0,19.0,9.0,11.0,7.0,"Powai, Mumbai",34.8,18.4,26.0,50,20.9,11.1,346,1015.0,0.0
2024-02-09,92.0,69.0,18.0,10.0,11.0,6.0,"Powai, Mumbai",33.8,16.4,24.7,52,19.9,10.6,329,1014.5,0.0
2024-02-10,82.0,73.0,23.0,10.0,11.0,6.0,"Powai, Mumbai",33.5,16.8,24.5,42,20.4,11.2,338,1015.6,0.0
2024-02-11,86.0,75.0,29.0,11.0,12.0,6.0,"Powai, Mumbai",33.7,15.1,23.9,47,18.4,10.1,334,1015.8,0.0
2024-02-12,99.0,69.0,25.0,10.0,12.0,6.0,"Powai, Mumbai",34.2,15.6,24.3,50,14.0,8.1,326,1015.2,0.0
2024-02-13,88.0,79.0,19.0,10.0,12.0,6.0,"Powai, Mumbai",33.8,16.0,24.4,44,19.4,10.4,336,1015.1,0.0
2024-02-14,99.0,91.0,21.0,11.0,12.0,7.0,"Powai, Mumbai",35.2,17.6,25.8,39,18.8,11.5,345,1014.5,0.0
2024-02-15,109.0,101.0,38.0,6.0,8.0,5.0,"Powai, Mumbai",35.7,18.0,26.4,41,17.3,9.7,341,1013.5,0.0
2024-02-16,132.0,103.0,27.0,4.0,4.0,4.0,"Powai, Mumbai",37.8,18.1,27.1,52,16.5,7.4,302,1013.3,0.0
2024-02-17,133.0,76.0,27.0,9.0,6.0,5.0,"Powai, Mumbai",37.5,18.6,27.2,54,15.6,6.9,311,1012.3,0.0
2024-02-18,92.0,66.0,31.0,11.0,6.0,5.0,"Powai, Mumbai",37.4,18.9,27.0,53,18.8,9.6,336,1011.4,0.0
2024-02-19,81.0,63.0,24.0,10.0,6.0,5.0,"Powai, Mumbai",34.6,17.6,25.9,49,17.8,10.1,329,1012.2,0.0
2024-02-20,60.0,29.0,17.0,6.0,7.0,4.0,"Powai, Mumbai",33.8,17.9,25.2,59,21.7,11.0,333,1013.1,0.0
2024-02-21,41.0,55.0,15.0,8.0,7.0,4.0,"Powai, Mumbai",30.4,17.5,23.7,77,17.9,8.9,313,1013.1,0.0
2024-02-22,54.0,58.0,11.0,8.0,7.0,4.0,"Powai, Mumbai",30.5,19.0,24.0,77,17.9,9.2,318,1013.5,0.0
2024-02-23,67.0,69.0,25.0,10.0,7.0,4.0,"Powai, Mumbai",32.3,16.5,24.1,61,21.4,10.4,348,1013.2,0.0
2024-02-24,80.0,63.0,46.0,8.0,8.0,5.0,"Powai, Mumbai",33.8,16.8,24.3,37,22.8,12.3,347,1012.4,0.0
2024-02-25,66.0,97.0,52.0,16.0,9.0,7.0,"Powai, Mumbai",36.2,15.7,25.3,30,14.3,9.5,3,1010.7,0.0
2024-02-26,117.0,98.0,52.0,14.0,9.0,7.0,"Powai, Mumbai",37.5,17.1,26.7,46,15.5,8.3,286,1010.1,0.0
2024-02-27,119.0,94.0,58.0,12.0,10.0,6.0,"Powai, Mumbai",36.8,20.0,28.0,47,20.2,9.5,330,1011.8,0.0
2024-02-28,102.0,94.0,55.0,12.0,10.0,7.0,"Powai, Mumbai",38.3,20.6,28.4,40,17.7,8.4,336,1011.3,0.0
2024-02-29,105.0,182.0,62.0,13.0,10.0,7.0,"Powai, Mumbai",38.2,20.9,28.7,49,16.4,7.8,315,1010.8,0.0
2024-03-01,95.0,54.0,21.0,7.0,10.0,4.0,"Powai, Mumbai",36.3,22.7,28.1,56,17.3,9.5,316,1012.0,0.0
2024-03-02,57.0,46.0,21.0,6.0,10.0,4.0,"Powai, Mumbai",32.2,20.5,26.0,76,18.3,8.7,296,1012.8,0.0
2024-03-03,38.0,45.0,31.0,7.0,10.0,4.0,"Powai, Mumbai",29.4,18.6,24.5,73,16.3,10.9,313,1013.4,0.2
2024-03-04,41.0,76.0,44.0,10.0,11.0,5.0,"Powai, Mumbai",30.8,15.4,22.4,64,17.0,10.3,338,1013.7,0.0
2024-03-05,86.0,70.0,44.0,12.0,11.0,5.0,"Powai, Mumbai",33.3,15.1,23.5,51,18.4,9.4,329,1012.8,0.0
2024-03-06,77.0,99.0,53.0,15.0,11.0,6.0,"Powai, Mumbai",33.8,16.1,24.2,37,20.9,10.4,321,1012.7,0.0
2024-03-07,103.0,72.0,37.0,8.0,11.0,5.0,"Powai, Mumbai",36.1,17.1,26.5,35,20.7,11.5,334,1012.1,0.0
2024-03-08,69.0,72.0,46.0,11.0,12.0,5.0,"Powai, Mumbai",37.7,18.9,28.0,30,24.0,12.1,347,1012.1,0.0
2024-03-09,79.0,70.0,27.0,9.0,11.0,5.0,"Powai, Mumbai",37.7,19.4,28.5,28,19.9,10.6,337,1012.0,0.0
2024-03-10,77.0,57.0,20.0,9.0,12.0,5.0,"Powai, Mumbai",36.1,17.9,26.9,31,19.6,11.5,322,1013.1,0.0
2024-03-11,65.0,74.0,38.0,10.0,12.0,5.0,"Powai, Mumbai",37.5,18.0,27.7,41,23.2,11.9,331,1014.2,0.0
2024-03-12,74.0,75.0,25.0,12.0,13.0,5.0,"Powai, Mumbai",37.9,20.0,28.5,42,19.6,10.6,335,1013.3,0.0
2024-03-13,88.0,55.0,21.0,10.0,12.0,5.0,"Powai, Mumbai",34.2,19.1,26.5,60,20.7,11.0,322,1013.1,0.0
2024-03-14,61.0,80.0,28.5,9.5,12.0,5.0,"Powai, Mumbai",33.5,18.5,25.6,64,20.0,10.5,328,1013.4,0.0
2024-03-15,69.0,105.0,36.0,9.0,12.0,5.0,"Powai, Mumbai",32.7,17.1,24.3,73,14.4,8.2,316,1012.5,0.0
2024-03-16,77.0,87.0,32.5,8.0,12.0,5.0,"Powai, Mumbai",33.2,17.5,24.7,73,16.9,8.9,316,1012.3,0.0
2024-03-17,78.0,85.0,29.0,8.0,13.0,5.0,"Powai, Mumbai",35.0,18.0,25.5,72,15.6,8.4,323,1012.3,0.0
2024-03-18,73.0,85.0,35.0,9.0,13.0,5.0,"Powai, Mumbai",34.4,20.8,26.4,75,16.7,7.6,308,1012.1,0.0
2024-03-19,82.0,83.0,40.0,12.0,13.0,6.0,"Powai, Mumbai",36.2,20.8,27.4,61,22.8,10.1,330,1011.9,0.0
2024-03-20,91.0,91.0,55.0,12.0,14.0,7.0,"Powai, Mumbai",39.9,19.0,29.2,31,23.2,12.3,349,1010.8,0.0
2024-03-21,100.0,94.0,34.0,13.0,15.0,8.0,"Powai, Mumbai",40.5,20.1,29.7,27,20.0,9.2,349,1009.3,0.0
2024-03-22,115.0,81.0,50.0,9.0,14.0,6.0,"Powai, Mumbai",37.0,20.9,27.7,60,17.7,8.0,265,1009.2,0.0
2024-03-23,92.0,69.0,26.0,8.0,14.0,5.0,"Powai, Mumbai",37.0,19.0,27.4,65,17.6,8.2,311,1009.4,0.0
2024-03-24,68.0,64.0,24.0,8.0,14.0,6.0,"Powai, Mumbai",34.7,20.3,27.2,71,15.9,9.8,316,1010.8,0.0
2024-03-25,73.0,66.0,31.0,9.0,14.0,5.0,"Powai, Mumbai",35.9,20.0,27.7,68,17.4,10.4,322,1011.2,0.0
2024-03-26,61.0,74.0,26.0,10.0,14.0,5.0,"Powai, Mumbai",38.7,19.9,28.3,67,21.2,9.7,319,1010.9,0.0
2024-03-27,67.0,68.0,23.0,8.0,13.0,5.0,"Powai, Mumbai",36.8,21.3,28.1,74,21.1,7.7,301,1012.4,0.0
2024-03-28,74.0,68.0,14.0,8.0,13.0,5.0,"Powai, Mumbai",36.2,21.3,28.1,74,16.8,7.1,304,1011.1,0.0
2024-03-29,79.0,94.0,28.0,8.0,13.0,5.0,"Powai, Mumbai",38.3,22.8,29.3,66,18.0,8.7,310,1009.9,0.0
2024-03-30,103.0,75.0,31.0,8.0,14.0,5.0,"Powai, Mumbai",37.7,22.8,29.3,60,21.9,11.0,323,1011.4,0.0
2024-03-31,76.0,99.0,33.0,8.0,14.0,5.0,"Powai, Mumbai",38.0,21.9,29.6,51,21.6,11.7,325,1012.2,0.0
2024-04-01,89.0,99.5,32.0,8.5,13.5,5.0,"Powai, Mumbai",37.3,23.1,29.0,61,17.5,10.1,317,1009.8,0.0
2024-04-02,91.0,100.0,31.0,9.0,13.0,5.0,"Powai, Mumbai",37.0,19.9,27.6,69,17.4,8.6,321,1008.6,0.0
2024-04-03,93.0,58.0,19.0,7.0,13.0,5.0,"Powai, Mumbai",36.3,20.6,27.7,68,19.1,8.4,312,1009.5,0.0
2024-04-04,68.0,62.0,21.666666666666668,7.333333333333333,13.0,5.0,"Powai, Mumbai",36.2,20.4,28.1,68,18.5,11.5,325,1010.0,0.0
2024-04-05,89.0,66.0,24.33333333333333,7.666666666666667,13.0,5.0,"Powai, Mumbai",38.9,21.1,29.9,58,23.4,12.6,329,1009.0,0.0
2024-04-06,79.5,70.0,27.0,8.0,13.0,5.0,"Powai, Mumbai",39.6,24.0,31.8,39,24.7,14.8,336,1007.9,0.0
2024-04-07,70.0,53.0,14.0,7.0,12.0,5.0,"Powai, Mumbai",38.9,23.0,30.3,45,23.5,13.1,323,1008.0,0.0
2024-04-08,70.0,71.0,22.0,7.0,14.0,5.0,"Powai, Mumbai",37.0,20.0,27.9,66,17.3,8.7,321,1008.5,0.0
2024-04-09,79.0,70.0,27.0,8.0,14.0,5.0,"Powai, Mumbai",37.2,20.8,28.1,70,17.7,9.1,310,1008.9,0.0
2024-04-10,85.0,70.0,31.0,8.0,14.0,5.0,"Powai, Mumbai",36.7,22.0,28.2,73,17.9,8.6,297,1009.0,0.0
2024-04-11,77.0,62.5,28.5,7.0,13.5,5.0,"Powai, Mumbai",36.8,21.6,28.4,68,17.7,8.0,304,1009.3,0.0
2024-04-12,67.5,55.0,26.0,6.0,13.0,5.0,"Powai, Mumbai",36.2,22.4,28.2,63,14.5,8.4,292,1009.3,0.0
2024-04-13,58.0,56.0,23.0,6.0,14.0,5.0,"Powai, Mumbai",33.9,20.9,26.9,71,16.2,7.5,297,1009.9,0.0
2024-04-14,60.0,80.0,37.0,8.0,14.0,5.0,"Powai, Mumbai",36.0,20.6,27.8,77,21.0,9.2,321,1010.4,0.0
2024-04-15,97.0,96.0,38.0,11.0,15.0,7.0,"Powai, Mumbai",41.4,23.6,32.4,56,18.8,9.3,321,1009.5,0.0
2024-04-16,114.0,82.0,26.0,13.0,17.0,7.0,"Powai, Mumbai",43.8,27.3,35.2,42,16.6,9.3,337,1008.0,0.0
2024-04-17,98.0,80.0,26.0,10.0,17.0,6.0,"Powai, Mumbai",36.5,26.9,31.8,60,15.8,9.4,225,1008.3,0.0
2024-04-18,102.0,101.0,22.0,8.0,17.0,5.0,"Powai, Mumbai",36.6,26.2,31.2,69,19.0,9.0,277,1008.0,0.0
2024-04-19,99.0,84.0,19.0,6.0,15.0,5.0,"Powai, Mumbai",39.0,25.1,31.4,61,25.0,10.3,304,1006.5,1.2
2024-04-20,66.0,52.0,24.0,7.0,15.0,5.0,"Powai, Mumbai",38.8,25.4,31.4,55,23.7,11.2,318,1006.9,0.0
2024-04-21,54.0,54.0,26.0,7.0,15.0,5.0,"Powai, Mumbai",36.8,23.4,30.3,57,24.0,12.0,320,1007.7,0.0
2024-04-22,66.0,63.0,26.0,7.0,15.0,5.0,"Powai, Mumbai",36.8,24.0,30.2,62,20.5,11.4,318,1008.4,0.0
2024-04-23,64.0,66.0,25.0,7.0,15.0,5.0,"Powai, Mumbai",37.1,23.1,29.6,65,20.6,11.0,316,1007.3,0.0
2024-04-24,68.0,66.0,23.0,7.0,17.0,5.0,"Powai, Mumbai",37.3,22.4,29.5,68,20.3,10.5,313,1006.5,0.0
2024-04-25,60.0,70.0,27.5,7.0,17.5,5.0,"Powai, Mumbai",37.2,23.6,30.0,65,23.3,11.2,310,1006.9,0.0
2024-04-26,71.5,74.0,32.0,7.0,18.0,5.0,"Powai, Mumbai",38.6,24.3,30.9,60,20.1,11.4,315,1006.8,0.0
2024-04-27,83.0,94.0,33.0,8.0,20.0,6.0,"Powai, Mumbai",39.7,25.0,32.1,53,22.1,11.7,321,1006.6,0.0
2024-04-28,119.0,119.0,30.0,8.0,16.0,6.0,"Powai, Mumbai",43.4,25.3,34.3,40,25.1,13.2,331,1006.3,0.0
2024-04-29,101.0,75.0,34.0,8.0,16.0,6.0,"Powai, Mumbai",41.3,25.9,33.7,38,21.7,12.8,324,1007.7,0.0
2024-04-30,71.0,83.0,23.0,8.0,17.0,6.0,"Powai, Mumbai",41.5,24.8,32.8,46,21.9,12.2,323,1006.7,0.0
2024-05-01,63.0,85.0,29.0,8.0,16.0,5.0,"Powai, Mumbai",37.0,25.1,30.2,60,18.1,8.9,289,1005.9,0.0
2024-05-02,67.0,89.0,23.0,8.0,17.0,6.0,"Powai, Mumbai",36.0,22.5,28.7,70,17.8,8.5,256,1006.2,0.0
2024-05-03,72.0,68.0,18.0,7.0,17.0,5.0,"Powai, Mumbai",36.0,21.6,28.2,75,18.8,7.9,296,1007.5,0.0
2024-05-04,64.0,64.0,23.0,7.0,17.0,6.0,"Powai, Mumbai",35.9,23.3,29.3,77,18.7,8.7,295,1008.2,0.0
2024-05-05,67.0,53.0,13.0,6.0,16.0,5.0,"Powai, Mumbai",37.3,24.0,30.4,71,21.8,10.0,300,1006.4,0.0
2024-05-06,51.0,66.0,19.0,7.0,18.0,5.0,"Powai, Mumbai",35.5,24.1,29.6,74,19.5,9.5,296,1007.4,0.0
2024-05-07,56.0,57.0,17.0,7.0,16.0,5.0,"Powai, Mumbai",35.7,24.7,29.7,75,18.1,9.9,267,1008.4,0.0
2024-05-08,46.0,52.0,16.0,6.0,17.0,5.0,"Powai, Mumbai",35.0,24.4,29.7,75,21.2,9.2,279,1007.9,0.0
2024-05-09,50.0,52.0,15.0,6.0,17.0,5.0,"Powai, Mumbai",34.5,24.6,29.7,77,18.0,9.1,282,1007.1,0.1
2024-05-10,49.0,61.0,13.0,6.0,19.0,6.0,"Powai, Mumbai",35.0,25.8,29.9,75,18.9,9.7,291,1008.2,0.0
2024-05-11,57.0,56.0,14.0,6.0,18.0,5.5,"Powai, Mumbai",35.7,25.2,30.2,75,21.0,10.6,310,1008.8,0.0
2024-05-12,53.0,51.0,15.0,6.0,17.0,5.0,"Powai, Mumbai",36.3,26.2,30.8,72,20.0,10.0,316,1008.8,0.0
2024-05-13,49.0,85.0,46.0,11.0,16.0,8.0,"Powai, Mumbai",37.8,26.4,31.1,68,19.9,7.0,334,1008.3,2.1
2024-05-14,104.0,83.0,18.0,12.0,15.0,8.0,"Powai, Mumbai",40.9,26.5,31.9,62,19.7,10.5,320,1007.6,0.5
2024-05-15,113.0,72.0,34.0,6.0,16.0,7.0,"Powai, Mumbai",38.7,26.3,32.0,65,18.9,9.2,290,1007.8,0.0
2024-05-16,78.0,68.0,51.0,11.0,16.0,7.0,"Powai, Mumbai",40.3,27.0,33.1,60,15.0,6.0,105,1007.9,1.8
2024-05-17,80.0,64.0,26.0,7.0,15.0,6.0,"Powai, Mumbai",38.3,27.4,32.0,64,16.5,7.7,264,1007.0,0.0
2024-05-18,64.0,68.0,24.0,8.0,15.0,6.0,"Powai, Mumbai",37.2,26.8,31.8,75,15.4,7.4,256,1005.0,0.0
2024-05-19,63.0,55.0,21.0,7.0,15.0,6.0,"Powai, Mumbai",36.6,26.2,31.3,75,17.4,8.6,262,1003.2,2.0
2024-05-20,44.0,61.0,13.0,7.0,19.0,6.0,"Powai, Mumbai",37.5,27.6,32.0,72,20.5,10.4,246,1003.5,0.0
2024-05-21,57.0,66.0,14.0,7.0,18.0,6.0,"Powai, Mumbai",38.1,27.6,32.4,72,18.3,9.1,265,1003.3,0.0
2024-05-22,62.0,64.0,14.0,6.0,17.0,6.0,"Powai, Mumbai",36.8,27.6,31.9,76,16.9,10.0,263,1002.9,0.2
2024-05-23,65.0,59.0,14.0,6.0,18.0,6.0,"Powai, Mumbai",36.0,27.2,31.4,77,20.7,9.9,258,1002.1,0.0
2024-05-24,63.0,58.0,9.0,6.0,17.0,6.0,"Powai, Mumbai",37.0,27.4,31.4,74,18.2,10.7,265,1002.1,0.1
2024-05-25,61.0,57.0,9.0,6.0,17.0,6.0,"Powai, Mumbai",35.2,27.1,31.1,72,18.7,11.7,269,1003.5,0.4
2024-05-26,61.0,64.0,7.0,6.0,12.0,6.0,"Powai, Mumbai",34.6,28.5,31.4,68,19.4,13.9,272,1004.4,0.1
2024-05-27,64.0,57.0,2.0,6.0,5.0,6.0,"Powai, Mumbai",34.5,28.8,30.9,72,19.5,13.6,264,1004.1,0.3
2024-05-28,57.0,66.0,2.0,6.0,5.0,5.0,"Powai, Mumbai",34.8,28.4,31.3,69,20.5,14.7,259,1004.4,0.5
2024-05-29,61.0,58.0,1.0,6.0,5.0,5.0,"Powai, Mumbai",35.3,28.6,31.6,64,22.9,15.9,244,1004.5,0.0
2024-05-30,61.0,51.0,2.0,5.0,5.0,5.0,"Powai, Mumbai",35.8,28.0,31.8,64,18.8,12.5,257,1005.4,0.1
2024-05-31,54.0,53.0,2.0,6.0,5.0,5.0,"Powai, Mumbai",36.2,27.5,31.2,75,19.8,10.4,266,1006.2,0.6
2024-06-01,47.0,51.0,2.0,8.0,5.0,6.0,"Powai, Mumbai",35.7,27.0,31.2,72,17.3,10.1,263,1006.0,0.8
2024-06-02,47.0,56.0,2.0,5.0,5.0,6.0,"Powai, Mumbai",36.1,26.8,31.4,69,17.6,10.2,273,1006.2,0.6
2024-06-03,56.0,62.0,2.0,5.0,5.0,6.0,"Powai, Mumbai",36.0,27.9,31.5,70,15.4,7.8,267,1006.4,3.6
2024-06-04,63.0,48.0,1.0,5.0,5.0,6.0,"Powai, Mumbai",34.5,27.1,30.0,77,13.9,7.8,217,1007.1,2.7
2024-06-05,52.0,45.0,1.5,5.0,5.0,6.0,"Powai, Mumbai",34.8,26.1,29.2,80,18.0,7.2,224,1007.4,3.5
2024-06-06,50.0,55.0,2.0,5.0,5.0,6.0,"Powai, Mumbai",35.2,26.1,29.6,80,14.4,6.2,270,1007.9,2.6
2024-06-07,53.0,56.0,3.0,6.0,5.0,6.0,"Powai, Mumbai",34.5,27.2,30.2,75,17.0,8.4,298,1006.2,1.1
2024-06-08,57.0,29.0,2.0,4.0,5.0,6.0,"Powai, Mumbai",34.9,25.8,29.8,74,16.5,9.9,307,1005.0,3.3
2024-06-09,48.0,40.0,1.0,6.0,5.0,7.0,"Powai, Mumbai",32.2,25.1,28.3,83,14.7,6.9,276,1004.8,15.5
2024-06-10,77.0,37.0,1.0,6.0,5.0,7.0,"Powai, Mumbai",30.3,24.8,26.8,89,11.5,6.2,230,1006.3,26.0
2024-06-11,64.0,29.0,1.0,6.0,5.0,6.0,"Powai, Mumbai",30.8,25.0,27.1,90,12.9,7.5,203,1006.8,15.9
2024-06-12,44.0,37.0,1.0,5.0,5.0,7.0,"Powai, Mumbai",30.2,25.0,27.2,88,13.8,8.7,209,1007.6,17.0
2024-06-13,44.0,35.0,4.0,6.0,5.0,7.0,"Powai, Mumbai",31.0,25.5,27.3,87,14.8,9.7,202,1007.2,13.9
2024-06-14,43.0,46.0,1.0,6.0,5.0,7.0,"Powai, Mumbai",30.6,24.9,26.7,88,17.4,10.7,191,1006.4,7.6
2024-06-15,48.0,52.0,1.5,5.0,5.0,8.0,"Powai, Mumbai",30.2,24.9,27.4,85,17.7,12.3,186,1005.5,1.4
2024-06-16,57.0,43.0,2.0,6.0,5.0,6.0,"Powai, Mumbai",32.0,25.5,28.3,82,13.4,8.1,206,1005.7,3.7
2024-06-17,57.0,49.0,2.0,3.0,5.0,8.0,"Powai, Mumbai",32.2,26.0,28.1,85,15.1,9.6,195,1006.1,9.0
2024-06-18,61.0,112.0,2.0,5.0,5.0,7.0,"Powai, Mumbai",30.4,25.5,27.0,89,17.8,12.2,204,1005.9,18.1
2024-06-19,124.0,49.0,2.0,4.0,6.0,9.0,"Powai, Mumbai",29.2,25.0,26.8,89,17.6,10.7,204,1004.0,25.8
2024-06-20,87.0,40.0,2.0,5.0,5.0,7.0,"Powai, Mumbai",28.4,25.5,26.6,91,17.9,12.3,200,1003.1,32.9
2024-06-21,50.0,157.0,2.0,4.0,5.0,7.0,"Powai, Mumbai",31.5,24.2,27.5,87,19.2,12.4,217,1003.6,10.9
2024-06-22,227.0,39.0,2.0,4.0,5.0,9.0,"Powai, Mumbai",31.0,24.6,27.3,87,15.4,10.5,202,1002.5,5.2
2024-06-23,45.0,32.0,3.0,5.0,5.0,5.0,"Powai, Mumbai",30.8,25.2,27.4,88,13.2,8.7,200,1001.4,8.4
2024-06-24,50.0,32.0,2.0,5.0,5.0,2.0,"Powai, Mumbai",30.0,25.1,27.4,88,13.6,7.8,190,999.7,15.2
2024-06-25,44.0,22.0,2.0,6.0,5.0,2.0,"Powai, Mumbai",31.0,25.5,27.9,86,25.2,15.2,171,998.0,13.6
2024-06-26,34.0,19.0,2.0,6.0,5.0,2.0,"Powai, Mumbai",30.5,26.5,27.6,89,27.9,17.8,197,998.0,23.3
2024-06-27,37.0,29.0,2.0,6.0,5.0,2.0,"Powai, Mumbai",28.5,26.0,26.8,91,23.8,17.5,205,1000.6,90.0
2024-06-28,44.0,39.0,2.0,5.0,5.0,2.0,"Powai, Mumbai",28.4,25.4,26.6,91,21.7,17.8,199,1001.9,40.9
2024-06-29,52.0,44.0,2.0,5.0,5.0,2.0,"Powai, Mumbai",29.8,24.8,26.9,90,24.0,15.9,194,1003.1,17.3
2024-06-30,51.0,48.0,2.0,6.0,5.0,2.0,"Powai, Mumbai",29.5,25.5,27.1,90,19.9,15.4,206,1003.4,20.9
2024-07-01,50.0,51.0,2.0,6.0,5.0,2.0,"Powai, Mumbai",30.9,25.5,27.6,85,31.1,22.8,218,1002.3,12.9
2024-07-02,57.0,47.0,2.0,5.0,5.0,2.0,"Powai, Mumbai",30.5,25.4,28.1,85,25.6,20.4,231,1001.7,10.5
2024-07-03,50.0,43.0,2.0,5.0,5.0,2.0,"Powai, Mumbai",29.7,25.6,27.9,87,23.4,17.3,222,1002.7,11.9
2024-07-04,41.0,30.0,2.0,5.0,5.0,2.0,"Powai, Mumbai",29.2,25.6,27.3,88,18.3,14.4,219,1004.0,9.9
2024-07-05,26.0,48.0,2.0,6.0,5.0,2.0,"Powai, Mumbai",29.3,25.5,26.9,89,19.6,14.9,218,1002.2,16.9
2024-07-06,51.0,35.0,2.0,5.0,5.0,2.0,"Powai, Mumbai",29.4,25.0,27.1,88,22.5,16.2,226,1001.3,17.9
2024-07-07,47.0,20.0,2.0,4.0,5.0,3.0,"Powai, Mumbai",28.6,25.0,26.6,91,15.2,11.8,217,1002.4,12.8
2024-07-08,43.0,22.0,2.0,3.0,5.0,3.0,"Powai, Mumbai",29.0,24.8,26.4,91,12.6,8.3,201,1002.5,17.5
2024-07-09,48.0,24.5,2.0,4.0,5.0,3.0,"Powai, Mumbai",27.0,24.6,25.5,94,15.8,10.0,197,1003.4,91.7
2024-07-10,51.0,27.0,2.0,5.0,5.0,3.0,"Powai, Mumbai",29.5,24.8,26.4,90,19.3,12.7,202,1006.1,25.2
2024-07-11,54.0,29.0,2.0,5.0,5.0,3.0,"Powai, Mumbai",28.8,23.5,25.8,93,17.4,12.2,216,1005.8,27.5
2024-07-12,50.0,20.0,2.0,6.0,5.0,2.0,"Powai, Mumbai",26.5,24.8,25.6,94,18.0,11.5,241,1003.9,49.8
2024-07-13,34.0,22.0,2.0,4.0,5.0,2.0,"Powai, Mumbai",26.3,24.8,25.6,93,22.7,15.1,240,1003.4,64.4
2024-07-14,34.0,32.0,2.0,4.0,6.0,3.0,"Powai, Mumbai",26.5,24.3,25.2,95,18.5,8.6,240,1001.8,45.2
2024-07-15,72.0,29.0,2.0,2.0,6.0,3.0,"Powai, Mumbai",29.0,24.5,26.2,90,13.6,7.9,226,1001.1,12.8
2024-07-16,61.0,24.0,2.0,5.0,5.0,3.0,"Powai, Mumbai",30.1,24.8,26.4,91,17.9,11.2,206,1000.3,13.4
2024-07-17,40.0,16.0,2.0,4.0,5.0,3.0,"Powai, Mumbai",27.9,25.0,26.2,92,19.1,12.8,221,1002.0,38.7
2024-07-18,30.0,30.0,2.0,6.0,5.0,2.0,"Powai, Mumbai",28.2,25.0,26.1,92,21.2,15.0,231,1002.6,53.6
2024-07-19,47.0,22.0,2.0,6.0,5.0,3.0,"Powai, Mumbai",27.4,25.4,26.0,93,22.2,16.3,227,1000.8,50.3
2024-07-20,33.0,16.0,2.0,6.0,5.0,2.0,"Powai, Mumbai",27.7,25.5,26.0,92,23.2,16.8,228,1001.3,84.1
2024-07-21,29.0,29.0,3.0,6.0,5.0,2.0,"Powai, Mumbai",27.0,25.4,26.1,92,21.9,16.7,233,1001.8,35.1
2024-07-22,43.0,25.0,2.0,6.0,5.0,3.0,"Powai, Mumbai",26.6,25.2,25.9,93,21.8,17.6,233,1003.7,35.3
2024-07-23,21.0,29.0,3.0,6.0,5.0,3.0,"Powai, Mumbai",26.2,25.4,25.8,92,24.8,19.3,239,1004.5,36.0
2024-07-24,32.0,20.0,3.0,5.0,5.0,2.0,"Powai, Mumbai",26.6,25.1,25.8,92,23.9,21.1,245,1002.1,39.0
2024-07-25,34.0,42.0,2.0,5.0,5.0,2.0,"Powai, Mumbai",26.9,25.2,25.8,91,24.6,20.6,259,1001.2,61.4
2024-07-26,46.0,38.0,2.0,5.0,5.0,2.0,"Powai, Mumbai",28.6,24.6,26.3,89,24.5,17.4,251,1002.5,31.1
2024-07-27,45.0,46.0,2.0,5.0,5.0,3.0,"Powai, Mumbai",28.9,25.2,26.8,86,25.4,19.2,256,1003.2,7.8
2024-07-28,49.0,38.0,2.0,6.0,5.0,3.0,"Powai, Mumbai",29.2,25.5,26.5,90,22.3,15.8,257,1001.0,15.3
2024-07-29,48.0,37.0,2.0,5.0,5.0,3.0,"Powai, Mumbai",27.8,25.0,25.9,92,20.0,14.3,244,999.8,33.0
2024-07-30,43.0,28.0,2.0,5.0,5.0,3.0,"Powai, Mumbai",28.5,24.9,26.4,90,20.1,13.3,235,1003.0,20.7
2024-07-31,34.0,29.0,2.0,5.0,5.0,3.0,"Powai, Mumbai",29.1,24.4,26.5,89,18.2,12.6,243,1005.4,23.0
2024-08-01,36.0,25.0,2.0,5.0,5.0,2.0,"Powai, Mumbai",29.4,24.5,26.7,87,22.1,15.2,241,1005.1,20.8
2024-08-02,26.0,26.0,2.0,6.0,5.0,2.0,"Powai, Mumbai",28.5,24.4,26.1,88,23.6,17.8,238,1004.7,20.4
2024-08-03,34.0,30.0,2.0,5.0,5.0,2.0,"Powai, Mumbai",27.7,24.9,26.0,89,24.7,19.3,241,1005.0,21.9
2024-08-04,34.0,28.0,2.0,5.0,5.0,3.0,"Powai, Mumbai",27.4,25.1,25.8,91,21.8,17.2,241,1005.5,41.6
2024-08-05,39.0,25.0,2.0,4.0,5.0,3.0,"Powai, Mumbai",29.6,25.2,26.7,86,22.0,16.3,229,1006.3,6.5
2024-08-06,29.0,23.0,2.0,4.0,5.0,3.0,"Powai, Mumbai",29.5,25.0,26.7,86,18.9,13.5,236,1006.4,5.7
2024-08-07,32.0,28.0,2.0,4.0,5.0,3.0,"Powai, Mumbai",29.1,25.0,26.8,86,18.9,12.3,252,1006.6,7.0
2024-08-08,24.0,29.0,2.0,4.0,5.0,3.0,"Powai, Mumbai",28.9,24.8,26.5,86,16.8,10.5,243,1007.5,5.6
2024-08-09,31.0,22.0,2.0,3.0,5.0,3.0,"Powai, Mumbai",27.2,24.6,25.7,90,13.0,9.0,242,1008.5,16.0
2024-08-10,22.0,22.0,2.0,4.0,5.0,3.0,"Powai, Mumbai",28.5,24.4,26.3,87,17.4,8.7,248,1008.2,8.6
2024-08-11,26.0,43.0,2.0,4.0,5.0,3.0,"Powai, Mumbai",29.7,25.1,26.9,85,18.7,11.6,251,1006.7,3.0
2024-08-12,56.0,41.0,2.0,2.0,5.0,3.0,"Powai, Mumbai",29.2,25.0,26.7,86,19.6,10.3,242,1006.5,6.0
2024-08-13,58.0,42.0,2.0,2.0,5.0,3.0,"Powai, Mumbai",29.1,24.4,26.6,88,15.2,7.7,244,1007.0,3.3
2024-08-14,59.0,41.0,2.0,2.0,5.0,3.0,"Powai, Mumbai",30.1,25.0,27.0,86,15.1,5.9,275,1006.9,4.5
2024-08-15,56.0,43.0,2.0,2.0,5.0,3.0,"Powai, Mumbai",30.2,24.4,27.1,86,16.8,6.1,275,1005.9,2.0
2024-08-16,60.0,44.0,3.0,3.0,5.0,3.0,"Powai, Mumbai",30.1,24.6,27.2,86,15.5,7.1,263,1004.9,1.0
2024-08-17,65.0,50.0,2.0,3.0,5.0,3.0,"Powai, Mumbai",30.8,25.0,27.5,86,12.1,5.6,273,1005.9,1.0
2024-08-18,63.0,48.0,2.0,3.0,5.0,3.0,"Powai, Mumbai",30.5,24.8,27.5,87,12.6,5.7,321,1006.6,2.9
2024-08-19,65.0,48.0,2.0,3.0,5.0,3.0,"Powai, Mumbai",29.6,24.8,27.0,90,13.5,6.2,335,1005.9,26.4
2024-08-20,82.0,48.0,2.0,3.0,5.0,3.0,"Powai, Mumbai",29.3,24.8,26.3,91,11.9,5.0,340,1005.5,34.0
2024-08-21,82.0,52.0,2.0,5.0,5.0,3.0,"Powai, Mumbai",31.0,24.8,27.5,88,15.0,6.2,329,1005.4,0.5
2024-08-22,86.0,35.0,2.0,3.0,5.0,3.0,"Powai, Mumbai",30.9,25.0,27.7,86,13.0,7.6,209,1004.9,6.9
2024-08-23,51.0,31.0,2.0,3.0,5.0,3.0,"Powai, Mumbai",29.1,25.5,26.7,91,13.9,9.0,176,1005.5,15.3
2024-08-24,53.0,37.0,2.0,5.0,5.0,3.0,"Powai, Mumbai",26.2,24.8,25.3,95,17.3,10.0,262,1006.5,58.2
2024-08-25,46.0,47.0,2.0,6.0,5.0,3.0,"Powai, Mumbai",27.1,24.2,25.5,91,21.3,15.6,251,1005.5,33.4
2024-08-26,54.0,35.0,2.0,5.0,5.0,3.0,"Powai, Mumbai",26.4,24.0,25.6,90,23.8,18.4,247,1003.8,21.2
2024-08-27,52.5,40.0,2.0,5.0,5.0,3.0,"Powai, Mumbai",28.0,23.5,25.5,90,26.5,19.6,217,1004.8,26.2
2024-08-28,51.0,36.0,2.0,5.0,5.0,3.0,"Powai, Mumbai",29.1,24.3,26.3,87,28.3,19.4,219,1005.5,16.6
2024-08-29,40.0,51.0,2.0,5.0,5.0,2.0,"Powai, Mumbai",28.8,25.0,26.8,87,23.4,15.7,215,1004.8,5.0
2024-08-30,61.0,34.0,2.0,3.0,5.0,2.0,"Powai, Mumbai",29.2,24.3,26.6,87,17.8,12.2,211,1005.9,5.4
2024-08-31,46.0,33.0,2.0,2.0,5.0,2.0,"Powai, Mumbai",29.9,24.9,26.7,87,11.3,7.0,238,1007.2,4.2
2024-09-01,42.0,33.0,2.0,3.0,5.0,2.0,"Powai, Mumbai",27.9,24.5,26.3,88,12.1,6.5,287,1006.9,1.4
2024-09-02,43.0,34.0,2.0,4.0,5.0,2.0,"Powai, Mumbai",26.8,24.4,25.6,92,16.5,9.2,292,1005.6,27.9
2024-09-03,46.0,34.0,2.0,4.0,5.0,2.0,"Powai, Mumbai",27.4,24.2,25.6,91,13.9,8.0,252,1006.4,13.8
2024-09-04,45.0,31.0,2.0,4.0,5.0,2.0,"Powai, Mumbai",28.6,24.5,26.1,89,17.7,10.5,250,1007.3,8.4
2024-09-05,44.0,35.0,2.0,4.0,5.0,2.0,"Powai, Mumbai",28.5,24.5,26.1,90,20.0,12.8,258,1005.9,16.9
2024-09-06,47.0,30.0,2.0,3.0,5.0,2.0,"Powai, Mumbai",28.4,24.6,26.1,89,18.7,10.3,254,1006.9,14.1
2024-09-07,42.0,31.0,2.0,3.0,5.0,2.0,"Powai, Mumbai",29.0,24.5,26.1,89,15.5,8.3,244,1007.6,7.3
2024-09-08,41.0,29.0,2.0,2.0,5.0,2.0,"Powai, Mumbai",29.6,24.3,26.3,88,14.2,8.1,227,1007.6,3.3
2024-09-09,41.0,34.0,2.0,3.0,5.0,2.0,"Powai, Mumbai",29.1,24.5,26.4,87,16.5,7.6,240,1005.3,3.8
2024-09-10,47.0,33.0,2.0,4.0,5.0,2.0,"Powai, Mumbai",28.7,24.5,26.3,88,15.3,8.2,238,1004.5,4.9
2024-09-11,47.0,39.0,2.0,4.0,5.0,2.0,"Powai, Mumbai",28.5,24.3,26.0,88,16.1,10.0,216,1005.5,5.4
2024-09-12,50.0,41.0,2.0,3.0,5.0,2.0,"Powai, Mumbai",28.8,24.2,25.9,88,18.0,10.7,225,1007.4,7.3
2024-09-13,53.0,34.0,2.0,3.0,5.0,2.0,"Powai, Mumbai",28.8,23.8,25.7,87,17.1,10.0,215,1007.8,3.7
2024-09-14,46.0,31.0,2.0,3.0,5.0,2.0,"Powai, Mumbai",27.6,23.3,24.9,89,14.8,9.5,210,1007.7,6.6
2024-09-15,48.0,41.0,2.0,4.0,5.0,2.0,"Powai, Mumbai",28.1,23.1,25.2,88,13.6,7.4,221,1008.2,2.9
2024-09-16,60.0,36.0,2.0,3.0,5.0,2.0,"Powai, Mumbai",29.6,23.2,25.8,88,13.7,8.2,212,1008.7,1.0
2024-09-17,52.0,47.0,2.0,4.0,5.0,2.0,"Powai, Mumbai",29.5,22.1,25.5,87,15.2,6.2,318,1008.9,0.1
2024-09-18,64.0,45.0,2.0,3.0,5.0,2.0,"Powai, Mumbai",29.6,22.4,25.9,86,11.9,5.5,264,1007.0,1.0
2024-09-19,55.0,47.0,2.0,5.0,5.0,2.0,"Powai, Mumbai",29.7,23.8,26.4,86,12.3,5.5,248,1007.4,1.4
2024-09-20,58.0,38.0,2.0,3.0,5.0,2.0,"Powai, Mumbai",29.0,23.5,25.9,89,10.1,5.4,228,1007.8,8.7
2024-09-21,51.0,38.0,2.0,3.0,5.0,2.0,"Powai, Mumbai",30.1,23.3,26.6,86,15.0,6.4,297,1008.4,2.0
2024-09-22,49.0,40.0,2.0,4.0,5.0,2.0,"Powai, Mumbai",30.1,24.0,26.8,86,15.8,7.6,336,1007.7,1.6
2024-09-23,56.0,32.0,2.0,5.0,5.0,2.0,"Powai, Mumbai",29.8,24.8,26.8,91,14.4,6.6,331,1006.6,10.1
2024-09-24,50.0,27.0,2.0,5.0,5.0,2.0,"Powai, Mumbai",29.9,23.9,26.1,92,18.6,6.9,352,1004.9,38.3
2024-09-25,46.0,26.0,2.0,5.0,5.0,2.0,"Powai, Mumbai",28.4,23.9,25.7,94,15.8,6.7,333,1004.2,48.2
2024-09-26,42.0,24.0,2.0,7.0,5.0,2.0,"Powai, Mumbai",26.6,24.1,25.3,95,14.5,6.7,207,1003.1,30.1
2024-09-27,37.0,26.0,2.0,6.0,5.0,2.0,"Powai, Mumbai",26.5,25.1,25.7,92,21.3,18.2,245,1004.6,60.4
2024-09-28,41.0,37.0,1.0,4.0,5.0,2.0,"Powai, Mumbai",28.5,24.6,26.2,88,16.7,9.9,233,1008.0,6.7
2024-09-29,46.0,35.0,2.0,5.0,5.0,2.0,"Powai, Mumbai",29.1,24.1,26.2,90,14.6,8.2,225,1010.1,3.7
2024-09-30,51.0,46.0,2.0,5.0,5.0,2.0,"Powai, Mumbai",30.4,24.1,26.8,89,12.7,5.9,312,1010.1,2.1
2024-10-01,71.0,55.0,3.0,5.0,5.0,3.0,"Powai, Mumbai",32.9,24.4,27.8,88,12.6,5.9,338,1008.1,0.2
2024-10-02,90.0,42.0,2.0,4.0,5.0,2.0,"Powai, Mumbai",31.8,25.3,27.8,90,13.8,4.9,265,1008.8,1.9
2024-10-03,60.0,36.0,2.0,3.0,5.0,2.0,"Powai, Mumbai",30.5,24.8,27.3,88,15.7,6.1,258,1009.2,1.8
2024-10-04,50.0,38.0,2.0,3.0,5.0,2.0,"Powai, Mumbai",30.0,24.6,26.9,88,13.3,5.8,281,1009.2,1.5
2024-10-05,51.0,35.0,2.0,2.0,5.0,2.0,"Powai, Mumbai",30.5,23.6,26.5,88,14.6,5.7,317,1009.7,0.4
2024-10-06,51.0,57.0,3.0,7.0,5.0,3.0,"Powai, Mumbai",32.3,23.8,26.9,87,11.9,6.0,14,1009.7,2.9
2024-10-07,84.0,59.0,3.0,7.0,5.0,3.0,"Powai, Mumbai",33.7,24.4,28.3,83,12.7,6.4,13,1009.7,0.1
2024-10-08,90.0,49.0,2.0,6.0,5.0,3.0,"Powai, Mumbai",34.3,24.1,28.3,83,12.2,5.4,267,1009.9,0.0
2024-10-09,76.0,49.0,2.0,6.0,5.0,3.0,"Powai, Mumbai",29.9,24.5,26.7,89,15.5,5.0,91,1008.7,6.2
2024-10-10,71.0,39.0,3.0,5.0,5.0,3.0,"Powai, Mumbai",30.7,23.5,26.6,88,10.3,5.9,61,1006.9,15.5
2024-10-11,59.0,41.0,3.0,6.0,5.0,3.0,"Powai, Mumbai",32.0,23.9,27.1,85,12.1,5.9,96,1006.4,19.5
2024-10-12,65.0,44.0,3.0,6.0,5.0,3.0,"Powai, Mumbai",32.1,23.4,27.3,87,9.6,4.8,101,1007.6,7.4
2024-10-13,66.0,38.0,4.0,6.0,5.0,3.0,"Powai, Mumbai",31.5,23.9,27.3,87,9.3,5.7,159,1008.7,12.7
2024-10-14,57.0,39.0,4.0,6.0,5.0,3.0,"Powai, Mumbai",32.8,23.7,26.7,88,14.0,4.9,21,1009.2,18.8
2024-10-15,61.0,48.0,3.0,7.0,5.0,3.0,"Powai, Mumbai",30.5,24.0,26.7,89,9.3,5.0,161,1009.3,0.4
2024-10-16,73.0,54.0,2.0,6.0,5.0,3.0,"Powai, Mumbai",31.8,24.1,27.0,88,11.1,5.0,168,1008.6,10.8
2024-10-17,83.0,47.0,2.0,3.0,6.0,1.0,"Powai, Mumbai",29.1,24.7,26.7,92,11.1,5.2,306,1007.8,1.6
2024-10-18,96.0,35.0,2.0,2.0,7.0,1.0,"Powai, Mumbai",33.2,24.4,27.6,86,14.1,5.1,143,1007.7,16.0
2024-10-19,52.0,38.0,2.0,2.0,6.0,1.0,"Powai, Mumbai",31.0,23.8,26.2,90,10.9,5.2,119,1010.2,19.2
2024-10-20,58.0,35.0,1.5,2.0,6.0,2.0,"Powai, Mumbai",30.5,23.7,26.3,88,7.2,4.3,91,1011.0,6.4
2024-10-21,58.0,45.0,1.0,2.0,6.0,2.0,"Powai, Mumbai",31.0,23.1,26.7,88,8.6,3.9,63,1011.0,10.8
2024-10-22,67.0,49.0,3.6666666666666665,2.0,6.0,2.0,"Powai, Mumbai",31.4,23.2,26.5,88,11.8,4.8,37,1010.9,9.5
2024-10-23,74.0,57.0,6.333333333333333,2.0,6.0,2.0,"Powai, Mumbai",32.3,23.8,27.1,86,13.2,6.6,5,1010.2,0.0
2024-10-24,91.0,61.0,9.0,2.0,6.0,2.0,"Powai, Mumbai",33.0,23.9,28.0,73,11.9,6.9,24,1009.9,0.3
2024-10-25,100.0,61.0,5.0,2.0,6.0,2.0,"Powai, Mumbai",32.9,22.0,26.9,74,12.3,6.7,1,1009.9,0.0
2024-10-26,104.0,66.0,1.0,2.0,6.0,2.0,"Powai, Mumbai",33.4,21.1,26.7,68,14.3,8.9,11,1010.2,0.0
2024-10-27,112.0,65.0,1.0,2.0,6.0,2.0,"Powai, Mumbai",32.8,21.2,26.5,80,14.4,7.3,342,1009.0,0.0
2024-10-28,107.0,55.0,2.0,2.0,6.0,2.0,"Powai, Mumbai",33.2,22.0,26.8,85,12.7,6.1,326,1007.5,0.0
2024-10-29,88.0,74.0,2.0,2.0,6.0,2.0,"Powai, Mumbai",33.0,24.0,27.7,85,11.3,5.3,314,1008.8,1.3
2024-10-30,125.0,82.0,1.0,2.0,6.0,2.0,"Powai, Mumbai",33.5,22.9,27.5,81,11.3,5.6,25,1009.7,0.0
2024-10-31,143.0,80.0,1.0,2.0,6.0,2.0,"Powai, Mumbai",33.7,23.4,28.1,75,13.0,6.3,337,1010.3,0.3
2024-11-01,132.0,97.0,1.0,2.0,6.0,2.0,"Powai, Mumbai",33.1,23.6,27.8,80,11.9,5.3,282,1011.6,0.0
2024-11-02,151.0,83.0,1.0,2.0,6.0,2.0,"Powai, Mumbai",34.4,23.2,28.0,73,13.9,6.0,5,1011.9,0.0
2024-11-03,137.0,83.0,4.5,2.0,6.0,2.0,"Powai, Mumbai",34.8,21.7,27.8,63,14.3,8.2,34,1011.6,0.0
2024-11-04,135.0,80.0,8.0,2.0,6.0,2.0,"Powai, Mumbai",34.5,21.9,27.6,62,15.3,9.1,34,1010.8,0.0
2024-11-05,126.0,80.0,1.0,2.0,7.0,2.0,"Powai, Mumbai",34.4,21.5,27.8,63,14.8,8.4,48,1011.4,0.0
2024-11-06,125.0,78.0,2.0,3.0,6.0,2.0,"Powai, Mumbai",34.9,21.2,27.7,61,15.3,7.8,15,1012.2,0.0
2024-11-07,121.0,82.0,4.0,3.0,8.0,2.0,"Powai, Mumbai",34.5,20.9,27.1,57,13.5,8.7,24,1012.1,0.0
2024-11-08,135.0,77.0,13.0,2.0,8.0,2.0,"Powai, Mumbai",34.0,21.1,27.2,62,15.9,10.0,33,1011.8,0.0
2024-11-09,127.0,78.0,15.0,3.0,7.0,2.0,"Powai, Mumbai",34.2,20.8,27.1,60,17.5,9.1,37,1011.9,0.0
2024-11-10,133.0,81.0,37.0,3.0,6.0,2.0,"Powai, Mumbai",34.0,20.5,26.9,59,14.9,8.9,26,1011.9,0.0
2024-11-11,143.0,79.0,61.0,3.0,6.0,2.0,"Powai, Mumbai",33.5,21.3,27.2,50,19.0,10.8,24,1011.8,0.0
2024-11-12,136.0,74.0,11.0,3.0,6.0,2.0,"Powai, Mumbai",33.7,21.0,27.2,56,12.5,8.0,42,1011.1,0.0
2024-11-13,124.0,77.0,26.0,3.0,6.0,2.0,"Powai, Mumbai",35.5,21.5,27.9,51,9.7,7.1,43,1009.5,0.0
2024-11-14,115.0,85.0,17.0,3.0,6.0,2.0,"Powai, Mumbai",36.0,21.0,28.3,49,10.4,7.1,39,1010.4,0.0
2024-11-15,107.0,97.0,17.0,3.0,6.0,2.0,"Powai, Mumbai",35.0,23.4,28.5,62,10.1,4.9,17,1011.5,0.8
2024-11-16,131.0,98.0,12.0,3.0,7.0,2.0,"Powai, Mumbai",35.5,23.8,28.8,67,11.3,5.2,359,1010.7,0.0
2024-11-17,144.0,71.0,3.0,3.0,6.0,2.0,"Powai, Mumbai",36.7,24.3,29.5,59,9.9,6.4,33,1010.2,0.0
2024-11-18,80.0,83.0,3.0,3.0,6.0,2.0,"Powai, Mumbai",34.9,22.6,28.4,51,12.8,7.4,35,1011.3,0.0
2024-11-19,104.0,89.0,3.0,3.0,6.0,2.0,"Powai, Mumbai",33.8,20.0,26.8,50,11.8,7.5,33,1012.5,0.0
2024-11-20,118.0,93.0,3.0,3.0,6.0,2.0,"Powai, Mumbai",33.6,20.4,26.2,50,11.2,6.6,31,1012.1,0.0
2024-11-21,124.0,101.0,3.0,3.0,6.0,2.0,"Powai, Mumbai",33.8,19.5,25.9,54,10.4,6.2,21,1011.8,0.0
2024-11-22,138.0,105.0,3.0,2.0,6.0,2.0,"Powai, Mumbai",34.0,18.9,25.9,59,10.1,5.8,1,1011.3,0.0
2024-11-23,146.0,110.0,3.0,3.0,6.0,2.0,"Powai, Mumbai",33.3,19.4,25.9,60,9.6,5.0,343,1012.2,0.0
2024-11-24,150.0,105.0,3.0,2.0,6.0,2.0,"Powai, Mumbai",33.8,19.8,26.4,60,9.8,5.0,23,1012.3,0.0
2024-11-25,139.0,88.0,3.0,3.0,6.0,2.0,"Powai, Mumbai",33.0,19.6,25.9,58,12.0,6.5,37,1012.0,0.0
2024-11-26,116.0,85.0,3.0,3.0,6.0,2.0,"Powai, Mumbai",32.9,18.9,25.6,46,12.0,7.1,41,1011.9,0.0
2024-11-27,106.0,84.0,3.0,3.0,7.0,2.0,"Powai, Mumbai",33.2,18.5,25.4,46,11.1,7.2,33,1011.1,0.0
2024-11-28,107.0,80.0,3.0,3.0,7.0,2.0,"Powai, Mumbai",32.8,18.5,25.5,41,12.8,8.5,57,1011.1,0.0
2024-11-29,97.0,86.0,3.0,3.0,7.0,2.0,"Powai, Mumbai",32.0,17.9,24.4,46,10.1,6.8,37,1011.3,0.0
2024-11-30,107.0,94.0,3.0,3.0,6.0,2.0,"Powai, Mumbai",32.7,18.4,24.6,46,10.4,7.0,26,1009.9,0.0
2024-12-01,128.0,99.0,3.0,2.0,6.0,2.0,"Powai, Mumbai",34.0,18.8,25.4,55,11.3,7.0,14,1008.1,0.0
2024-12-02,139.0,88.0,3.0,3.0,6.0,2.0,"Powai, Mumbai",34.9,21.7,27.5,57,11.1,7.0,23,1007.5,0.0
2024-12-03,115.0,88.0,3.0,3.0,6.0,2.0,"Powai, Mumbai",34.8,24.9,29.0,59,11.9,7.9,34,1008.9,0.4
2024-12-04,115.0,88.0,3.0,3.0,6.0,2.0,"Powai, Mumbai",35.4,26.0,29.7,64,8.8,6.2,52,1009.8,0.1
2024-12-05,114.0,87.0,3.0,3.0,6.0,2.0,"Powai, Mumbai",35.9,25.2,29.6,66,9.6,5.2,358,1010.7,0.4
2024-12-06,114.0,78.0,3.0,3.0,6.0,2.0,"Powai, Mumbai",35.0,24.0,28.8,64,11.2,5.4,331,1010.7,0.0
2024-12-07,97.0,69.0,3.0,3.0,6.0,2.0,"Powai, Mumbai",34.0,22.8,27.5,52,12.5,6.7,337,1010.6,0.0
2024-12-08,81.0,72.0,3.0,3.0,6.0,2.0,"Powai, Mumbai",31.5,19.0,24.5,53,10.3,6.1,347,1011.3,0.0
2024-12-09,79.0,89.0,3.0,3.0,6.0,2.0,"Powai, Mumbai",31.4,18.5,23.9,43,11.9,8.7,8,1011.5,0.0
2024-12-10,88.0,90.0,3.0,3.0,7.0,2.0,"Powai, Mumbai",33.2,19.4,25.0,50,8.9,6.5,23,1011.1,0.0
2024-12-11,102.0,89.0,3.0,3.0,7.0,2.0,"Powai, Mumbai",34.5,19.8,26.0,58,9.8,6.3,18,1011.5,0.0
2024-12-12,107.0,78.0,3.0,3.0,6.0,2.0,"Powai, Mumbai",32.9,18.8,25.1,62,11.6,6.7,1,1011.4,0.0
2024-12-13,90.0,86.0,3.0,3.0,7.0,2.0,"Powai, Mumbai",32.7,20.1,25.6,50,10.6,7.8,44,1011.8,0.0
2024-12-14,102.0,85.0,3.0,3.0,6.0,2.0,"Powai, Mumbai",33.4,19.0,25.4,45,10.1,7.8,51,1012.7,0.0
2024-12-15,103.0,83.0,3.0,3.0,6.0,2.0,"Powai, Mumbai",34.5,17.5,25.1,44,9.6,6.6,38,1013.6,0.0
2024-12-16,101.0,96.0,3.0,3.0,6.0,2.0,"Powai, Mumbai",33.8,16.0,24.2,47,10.1,5.8,13,1012.6,0.0
2024-12-17,118.0,108.0,3.0,3.0,6.0,2.0,"Powai, Mumbai",33.0,15.6,23.4,56,10.1,4.4,351,1011.4,0.0
2024-12-18,139.0,107.0,3.0,3.0,6.0,2.0,"Powai, Mumbai",33.7,16.6,23.7,62,8.8,5.1,1,1010.7,0.0
2024-12-19,141.0,144.0,3.0,2.0,6.0,2.0,"Powai, Mumbai",31.6,16.4,23.0,73,9.0,4.2,322,1010.7,0.0
2024-12-20,167.0,126.0,3.0,2.0,7.0,2.0,"Powai, Mumbai",30.0,17.6,22.8,74,11.5,4.6,313,1010.9,0.0
2024-12-21,151.0,106.0,3.0,2.0,6.0,2.0,"Powai, Mumbai",29.8,17.6,23.2,77,10.0,3.6,276,1011.2,0.0
2024-12-22,132.0,92.0,3.0,2.0,6.0,2.0,"Powai, Mumbai",29.1,19.5,23.7,79,11.4,5.5,300,1011.8,0.0
2024-12-23,122.0,99.0,3.0,2.0,6.0,2.0,"Powai, Mumbai",28.3,19.8,23.6,73,12.2,6.0,316,1012.1,0.0
2024-12-24,135.0,99.0,3.0,2.0,6.0,2.0,"Powai, Mumbai",30.4,19.2,23.9,62,13.1,6.2,327,1012.2,0.0
2024-12-25,135.0,110.0,3.0,2.0,6.0,2.0,"Powai, Mumbai",30.5,19.0,24.0,63,11.7,6.2,326,1013.0,0.0
2024-12-26,139.0,92.0,3.0,2.0,6.0,2.0,"Powai, Mumbai",31.5,20.6,25.2,68,10.6,5.2,312,1014.5,0.0
2024-12-27,121.0,114.0,3.0,2.0,6.0,2.0,"Powai, Mumbai",30.0,20.2,24.7,70,12.4,5.9,315,1014.8,0.0
2024-12-28,154.0,94.0,3.0,2.0,6.0,2.0,"Powai, Mumbai",31.4,20.8,25.2,71,9.3,4.9,343,1014.9,0.3
2024-12-29,125.0,87.0,3.0,2.0,6.0,2.0,"Powai, Mumbai",32.6,21.2,26.1,67,10.1,6.3,350,1014.6,0.0
2024-12-31,106.33333333333331,73.0,3.0,2.0,6.0,2.0,"Powai, Mumbai",35.1,21.7,27.4,60,11.2,6.4,358,1014.7,0.0
2025-01-01,97.0,86.0,3.0,2.0,6.0,2.0,"Powai, Mumbai",34.2,21.2,27.0,60,11.7,6.9,7,1013.6,0.0
2025-01-02,110.0,80.0,3.0,2.0,6.0,2.0,"Powai, Mumbai",34.8,20.1,26.6,59,11.5,6.5,11,1013.5,0.0
2025-01-03,93.0,87.0,3.0,2.0,7.0,2.0,"Powai, Mumbai",35.2,19.6,26.2,54,9.9,6.3,19,1013.4,0.0
2025-01-04,100.0,93.0,3.0,2.0,7.0,2.0,"Powai, Mumbai",34.8,17.2,24.7,52,10.8,5.5,4,1012.3,0.0
2025-01-05,116.0,85.0,3.0,2.0,7.0,2.0,"Powai, Mumbai",31.5,18.5,24.0,61,10.0,5.0,318,1012.2,0.0
2025-01-06,107.0,95.0,3.0,2.0,6.0,2.0,"Powai, Mumbai",31.7,18.2,23.9,57,10.7,7.8,342,1012.6,0.0
2025-01-07,120.0,95.0,3.0,2.0,6.0,2.0,"Powai, Mumbai",33.0,16.6,24.4,52,13.6,6.0,16,1012.2,0.0
2025-01-08,117.0,92.0,3.0,2.0,7.0,2.0,"Powai, Mumbai",32.6,19.0,25.3,54,11.5,7.7,20,1011.8,0.0
2025-01-09,115.0,103.0,3.0,2.0,7.0,2.0,"Powai, Mumbai",33.2,18.5,25.0,50,10.8,6.7,22,1012.3,0.0
2025-01-10,128.0,93.0,3.0,2.0,7.0,2.0,"Powai, Mumbai",32.2,17.6,24.2,58,9.0,4.9,1,1013.6,0.0
2025-01-11,128.0,97.0,3.0,2.0,7.0,2.0,"Powai, Mumbai",30.3,18.6,23.8,64,12.4,6.4,330,1014.0,0.0
2025-01-12,120.0,99.0,3.0,2.0,7.0,2.0,"Powai, Mumbai",31.7,19.1,24.3,60,13.1,7.3,345,1013.8,0.0
2025-01-13,124.0,108.0,3.0,2.0,7.0,2.0,"Powai, Mumbai",34.9,21.2,26.4,55,12.6,7.9,31,1011.8,0.0
2025-01-14,137.0,109.0,3.0,2.0,7.0,2.0,"Powai, Mumbai",34.8,20.8,26.0,59,10.3,6.3,33,1012.1,0.0
2025-01-15,147.0,105.0,3.0,2.0,7.0,2.0,"Powai, Mumbai",31.5,20.5,24.9,70,13.3,5.3,314,1013.5,0.0
2025-01-16,147.0,99.0,3.0,2.0,7.0,2.0,"Powai, Mumbai",32.2,19.0,24.9,65,13.3,7.3,339,1014.0,0.0
2025-01-17,131.0,91.0,3.0,2.0,7.0,2.0,"Powai, Mumbai",35.2,22.0,26.9,58,13.6,7.6,21,1012.1,0.0
2025-01-18,116.0,95.0,3.0,2.0,7.0,2.0,"Powai, Mumbai",34.8,20.2,26.7,49,10.5,6.9,36,1011.7,0.0
2025-01-19,127.0,103.0,3.0,2.0,7.0,2.0,"Powai, Mumbai",35.2,19.0,26.1,49,11.9,6.1,4,1012.6,0.0
2025-01-20,129.0,104.0,3.0,2.0,7.0,2.0,"Powai, Mumbai",35.4,19.5,26.5,47,12.0,5.9,355,1012.0,0.0
2025-01-21,135.0,110.0,3.0,2.0,7.0,2.0,"Powai, Mumbai",33.9,18.9,26.0,51,11.1,5.2,337,1010.9,0.0
2025-01-22,138.0,97.0,3.0,2.0,7.0,2.0,"Powai, Mumbai",34.0,19.0,25.8,54,11.9,5.8,329,1010.6,0.0
2025-01-23,126.0,86.0,3.0,2.0,8.0,2.0,"Powai, Mumbai",32.9,20.3,25.9,48,12.1,8.6,340,1010.9,0.0
2025-01-24,108.0,115.0,3.0,2.0,8.0,2.0,"Powai, Mumbai",34.0,18.8,26.1,51,9.2,5.3,335,1009.9,0.0
2025-01-25,140.0,101.0,3.0,2.0,8.0,2.0,"Powai, Mumbai",35.5,21.0,27.1,57,10.0,5.6,327,1010.7,0.0
2025-01-26,128.0,104.0,3.0,2.0,8.0,2.0,"Powai, Mumbai",36.4,20.4,27.4,57,11.6,5.5,338,1010.6,0.0
2025-01-27,129.0,91.0,3.0,2.0,9.0,2.0,"Powai, Mumbai",35.7,20.0,27.1,54,12.0,5.5,327,1009.9,0.0
2025-01-28,110.0,83.0,3.0,2.0,9.0,2.0,"Powai, Mumbai",33.2,18.9,25.6,56,9.0,4.4,298,1010.2,0.0
2025-01-29,98.0,108.0,3.0,2.0,9.0,2.0,"Powai, Mumbai",33.5,18.2,24.8,61,11.2,5.6,318,1012.0,0.0
2025-01-30,123.0,76.0,3.0,2.0,9.0,2.0,"Powai, Mumbai",34.3,17.9,25.5,54,8.8,4.7,305,1010.8,0.0
2025-01-31,83.0,70.0,3.0,2.0,9.0,2.0,"Powai, Mumbai",32.4,18.6,24.6,56,11.3,6.0,313,1010.7,0.0
2025-02-01,84.0,93.0,3.0,2.0,8.0,2.0,"Powai, Mumbai",31.4,17.9,23.7,60,12.5,6.4,327,1011.7,0.0
2025-02-02,96.0,85.0,3.0,2.0,8.0,2.0,"Powai, Mumbai",33.8,18.4,25.2,45,12.0,6.0,323,1011.5,0.0
2025-02-03,95.0,81.0,3.0,2.0,8.0,2.0,"Powai, Mumbai",31.5,19.0,24.8,52,14.8,6.4,308,1011.9,0.0
2025-02-04,144.0,79.0,3.0,2.0,8.0,2.0,"Powai, Mumbai",32.5,18.6,24.8,52,12.2,6.9,321,1012.9,0.0
2025-02-05,88.0,99.0,3.0,2.0,9.0,2.0,"Powai, Mumbai",34.1,19.5,25.6,37,14.1,8.9,342,1011.8,0.0
2025-02-06,112.0,110.0,3.0,2.0,9.0,2.0,"Powai, Mumbai",35.3,17.9,26.0,44,10.6,5.1,332,1010.6,0.0
2025-02-07,124.0,109.0,3.0,2.0,9.0,2.0,"Powai, Mumbai",37.0,21.1,27.5,55,11.3,5.1,330,1011.6,0.0
2025-02-08,123.0,90.0,3.0,2.0,9.0,2.0,"Powai, Mumbai",36.1,20.4,27.6,55,11.2,5.1,334,1011.7,0.0
2025-02-09,102.0,81.0,3.0,2.0,9.0,2.0,"Powai, Mumbai",36.5,20.6,28.0,46,13.1,6.3,321,1011.1,0.0
2025-02-10,91.0,81.0,3.0,2.0,9.0,2.0,"Powai, Mumbai",36.3,21.1,27.7,42,13.9,7.7,323,1012.5,0.0
2025-02-11,91.0,97.0,3.0,2.0,9.0,2.0,"Powai, Mumbai",35.5,19.5,26.5,46,13.5,6.7,324,1013.3,0.0
2025-02-12,109.0,91.0,3.0,2.0,9.0,2.0,"Powai, Mumbai",35.8,18.0,26.4,45,10.1,7.3,347,1013.3,0.0
2025-02-13,101.0,93.0,3.0,2.0,9.0,2.0,"Powai, Mumbai",37.8,19.4,27.9,38,12.3,7.8,358,1012.4,0.0
2025-02-14,104.0,84.0,3.0,2.0,9.0,2.0,"Powai, Mumbai",37.8,20.9,29.1,33,14.7,8.7,0,1012.0,0.0
2025-02-15,93.0,87.0,3.0,2.0,9.0,2.0,"Powai, Mumbai",38.2,19.7,29.0,31,15.4,7.4,355,1011.2,0.0
2025-02-16,96.0,81.0,3.0,2.0,9.0,2.0,"Powai, Mumbai",37.5,18.8,27.4,35,13.9,6.7,335,1011.8,0.0
2025-02-17,89.0,90.0,3.0,2.0,9.0,2.0,"Powai, Mumbai",37.3,18.8,27.3,45,14.0,6.9,337,1012.5,0.0
2025-02-18,100.0,83.0,3.0,2.0,9.0,2.0,"Powai, Mumbai",37.8,21.0,28.4,37,15.5,7.6,341,1012.3,0.0
2025-02-19,92.0,97.0,3.0,2.0,9.0,2.0,"Powai, Mumbai",36.0,20.6,28.2,37,14.3,7.7,339,1011.4,0.0
2025-02-20,108.0,90.0,3.0,2.0,9.0,2.0,"Powai, Mumbai",37.2,20.0,28.7,37,14.2,8.6,349,1011.7,0.0
2025-02-21,100.0,90.0,3.0,2.0,9.0,2.0,"Powai, Mumbai",38.8,23.6,30.6,30,14.3,9.8,11,1012.8,0.0
2025-02-22,101.0,96.0,3.0,2.0,9.0,2.0,"Powai, Mumbai",38.3,22.4,29.6,34,13.7,8.1,342,1013.2,0.0
2025-02-23,107.0,88.0,3.0,2.0,10.0,2.0,"Powai, Mumbai",39.0,21.6,30.0,32,12.8,7.9,348,1013.3,0.0
2025-02-24,98.0,91.0,3.0,2.0,10.0,2.0,"Powai, Mumbai",39.3,22.6,30.1,31,13.8,7.7,0,1013.2,0.0
2025-02-25,102.0,95.0,3.0,2.0,9.0,2.0,"Powai, Mumbai",39.9,23.2,30.0,33,14.9,6.6,8,1013.8,0.0
2025-02-26,106.0,94.0,3.0,2.0,10.0,2.0,"Powai, Mumbai",39.9,21.6,29.3,44,13.6,4.8,335,1014.1,0.0
2025-02-27,105.0,100.0,3.0,2.0,10.0,2.0,"Powai, Mumbai",38.3,22.0,29.3,46,14.0,5.8,288,1012.8,0.0
2025-02-28,112.0,93.0,3.0,2.0,10.0,2.0,"Powai, Mumbai",36.7,22.4,29.4,46,12.2,6.0,318,1011.5,0.0
2025-03-01,104.0,86.0,3.0,2.0,10.0,2.0,"Powai, Mumbai",37.0,23.0,29.7,36,13.2,7.1,318,1010.9,0.0
2025-03-02,96.0,94.0,3.0,2.0,10.0,2.0,"Powai, Mumbai",38.8,22.9,29.8,33,14.1,8.6,338,1010.3,0.0
2025-03-03,109.0,246.0,3.0,2.0,10.0,2.0,"Powai, Mumbai",39.2,22.5,30.2,36,15.0,8.6,342,1010.5,0.0
2025-03-04,104.0,76.0,3.0,2.0,10.0,2.0,"Powai, Mumbai",38.5,23.1,30.2,35,15.9,10.4,352,1011.1,0.0
2025-03-05,64.0,83.0,3.0,2.0,10.0,2.0,"Powai, Mumbai",39.5,23.0,30.4,27,13.7,9.2,352,1010.8,0.0
2025-03-06,70.0,92.0,3.0,2.0,11.0,2.0,"Powai, Mumbai",38.0,20.1,28.9,24,14.5,7.9,349,1011.5,0.0
2025-03-07,81.0,102.0,3.0,2.0,12.0,2.0,"Powai, Mumbai",39.8,21.5,29.6,24,14.2,7.4,352,1009.8,0.0
2025-03-08,92.0,85.0,3.0,2.0,11.0,3.0,"Powai, Mumbai",39.1,20.4,29.0,33,15.1,7.5,324,1008.4,0.0
2025-03-09,73.0,82.5,3.0,2.0,11.0,3.0,"Powai, Mumbai",39.8,20.7,29.1,45,15.6,5.3,324,1008.5,0.0
2025-03-10,169.0,80.0,3.0,2.0,13.0,3.0,"Powai, Mumbai",42.2,22.8,31.2,34,14.6,5.9,319,1009.8,0.0
2025-03-11,128.0,73.0,3.0,3.0,10.0,3.0,"Powai, Mumbai",40.6,24.5,31.1,42,15.3,5.4,287,1010.9,0.0
2025-03-12,156.0,74.0,3.0,10.0,10.0,3.0,"Powai, Mumbai",40.4,23.3,30.7,48,13.6,5.3,299,1009.8,0.0
2025-03-13,134.0,72.0,3.0,7.0,9.0,2.0,"Powai, Mumbai",37.7,23.1,30.0,57,12.7,6.2,301,1009.2,0.0
2025-03-14,84.0,58.0,3.0,5.0,8.0,2.0,"Powai, Mumbai",37.5,23.0,29.9,54,14.4,5.9,306,1009.7,0.0
2025-03-15,58.0,61.0,3.0,5.0,8.0,2.0,"Powai, Mumbai",38.5,22.6,29.6,51,14.5,7.2,324,1010.4,0.0
2025-03-16,62.0,66.0,3.0,5.0,8.0,2.0,"Powai, Mumbai",36.3,23.4,29.5,49,13.0,7.2,321,1010.9,0.0
2025-03-17,63.0,62.0,3.0,4.0,8.0,2.0,"Powai, Mumbai",36.8,23.1,29.1,54,14.6,7.3,322,1010.9,0.0
2025-03-18,62.0,65.0,3.0,4.0,8.0,2.0,"Powai, Mumbai",36.6,21.4,28.2,61,13.5,5.5,311,1010.3,0.0
2025-03-19,65.0,61.0,3.0,4.0,8.0,2.0,"Powai, Mumbai",35.3,21.8,27.9,61,13.1,6.0,309,1011.5,0.0
2025-03-20,60.0,60.0,3.0,4.0,8.0,2.0,"Powai, Mumbai",37.3,21.5,29.1,44,16.6,7.9,333,1012.9,0.0
2025-03-21,58.0,59.0,3.0,4.0,8.0,2.0,"Powai, Mumbai",35.2,23.0,28.0,58,15.3,7.5,316,1013.5,0.0
2025-03-22,57.0,63.0,3.0,4.0,8.0,2.0,"Powai, Mumbai",36.2,20.6,27.5,64,16.3,5.8,326,1012.4,0.0
2025-03-23,63.0,64.0,3.0,4.0,9.0,2.0,"Powai, Mumbai",38.2,21.7,28.8,63,13.8,4.6,276,1011.8,0.0
2025-03-24,68.0,65.0,23.0,3.0,9.0,2.0,"Powai, Mumbai",37.4,23.4,28.9,70,16.8,5.2,285,1011.7,0.0
2025-03-25,68.0,57.0,23.0,3.0,9.0,2.0,"Powai, Mumbai",36.0,22.6,28.8,64,15.4,6.6,301,1009.1,0.0
2025-03-26,58.0,52.0,23.0,2.0,9.0,2.0,"Powai, Mumbai",34.2,22.4,27.9,71,14.1,6.2,286,1008.5,0.0
2025-03-27,52.0,68.0,3.0,3.0,8.0,2.0,"Powai, Mumbai",33.0,22.7,27.2,74,15.0,6.3,302,1009.7,0.0
2025-03-28,64.0,73.0,3.0,3.0,9.0,2.0,"Powai, Mumbai",36.0,22.2,29.0,60,14.6,7.3,328,1008.4,0.0
2025-03-29,68.0,74.0,3.0,3.0,9.0,2.0,"Powai, Mumbai",39.8,24.1,31.7,26,14.3,7.0,316,1006.8,0.0
2025-03-30,72.0,69.0,3.0,3.0,9.0,2.0,"Powai, Mumbai",41.3,24.9,32.4,32,16.5,6.4,311,1007.2,0.0
2025-03-31,67.0,70.0,3.0,3.0,9.0,2.0,"Powai, Mumbai",40.1,24.4,32.0,41,15.2,6.2,304,1007.5,0.0
2025-04-01,68.0,70.0,3.0,3.0,9.0,3.0,"Powai, Mumbai",41.3,25.3,32.3,42,14.1,6.0,328,1006.9,0.0
2025-04-02,73.0,65.0,3.0,2.0,9.0,2.0,"Powai, Mumbai",40.3,26.8,32.7,38,15.0,6.0,244,1007.3,0.0
2025-04-03,67.0,66.0,3.0,2.0,9.0,2.0,"Powai, Mumbai",34.7,26.4,30.1,67,10.8,6.3,236,1010.6,0.5
2025-04-04,62.0,69.0,3.0,1.0,9.0,2.0,"Powai, Mumbai",36.1,26.3,29.8,72,12.5,5.6,298,1011.8,0.5
2025-04-05,70.0,65.0,3.0,2.0,9.0,2.0,"Powai, Mumbai",39.3,23.1,30.4,60,17.7,7.0,316,1009.6,0.0
2025-04-06,64.0,64.0,3.0,2.0,10.0,2.0,"Powai, Mumbai",38.8,22.5,29.8,61,16.9,5.6,298,1008.6,0.0
2025-04-07,65.0,68.0,3.0,2.0,10.0,2.0,"Powai, Mumbai",39.9,23.0,30.9,55,15.1,6.7,313,1008.2,0.0
2025-04-08,68.0,64.0,3.0,2.0,10.0,2.0,"Powai, Mumbai",40.9,23.4,31.5,49,17.7,6.2,313,1008.8,0.0
2025-04-09,64.0,57.0,3.0,2.0,10.0,2.0,"Powai, Mumbai",38.0,23.9,30.9,55,13.6,5.6,274,1008.4,0.0
2025-04-10,56.0,55.0,3.0,2.0,9.0,2.0,"Powai, Mumbai",35.8,25.1,29.5,73,11.4,6.9,209,1007.2,0.0
2025-04-11,54.0,56.0,3.0,2.0,10.0,2.0,"Powai, Mumbai",35.7,24.1,29.4,69,12.5,7.1,218,1007.1,0.0
2025-04-12,54.0,56.0,3.0,2.0,10.0,2.0,"Powai, Mumbai",34.2,24.5,29.0,74,13.9,7.0,229,1008.9,0.0
2025-04-13,56.0,56.5,3.0,2.0,9.5,2.0,"Powai, Mumbai",35.2,24.5,29.2,74,13.6,6.0,306,1010.1,0.0
2025-04-14,56.5,57.0,3.0,2.0,9.0,2.0,"Powai, Mumbai",39.7,23.2,30.6,61,16.6,8.4,332,1008.7,0.0
2025-04-15,57.0,57.0,3.0,2.0,9.0,2.0,"Powai, Mumbai",37.9,23.5,30.3,62,15.8,6.4,309,1008.0,0.0
2025-04-16,55.0,54.0,3.0,2.0,9.0,2.0,"Powai, Mumbai",35.5,24.4,29.5,72,13.0,5.8,273,1008.1,0.0
2025-04-17,53.0,52.0,3.0,2.0,9.0,2.0,"Powai, Mumbai",34.9,24.9,29.3,75,14.3,6.5,255,1008.0,0.0
2025-04-18,52.0,53.0,3.0,2.0,10.0,2.0,"Powai, Mumbai",34.5,25.1,29.3,73,12.7,6.0,258,1007.5,0.0
2025-04-19,51.0,59.0,3.0,2.0,9.0,2.0,"Powai, Mumbai",35.2,24.4,29.5,74,13.8,7.1,253,1007.9,0.0
2025-04-20,54.0,57.0,3.0,2.0,9.0,2.0,"Powai, Mumbai",35.8,24.1,29.5,70,13.2,6.3,291,1008.2,0.0
2025-04-21,53.0,57.0,3.0,2.0,9.0,2.0,"Powai, Mumbai",35.4,24.5,29.5,74,13.6,6.0,296,1009.6,0.0
2025-04-22,54.0,58.0,3.0,2.0,9.333333333333334,2.0,"Powai, Mumbai",38.2,24.2,30.6,66,14.7,5.6,295,1009.6,0.0
2025-04-24,56.0,60.0,3.0,2.0,10.0,2.0,"Powai, Mumbai",36.0,25.0,30.1,71,12.9,6.5,253,1007.4,0.0
2025-04-25,57.0,56.0,3.0,2.0,10.0,2.0,"Powai, Mumbai",36.0,25.0,30.1,68,13.2,6.3,278,1007.9,0.0
2025-04-26,53.0,59.0,3.0,2.0,10.0,2.0,"Powai, Mumbai",36.1,25.0,29.9,69,13.4,5.6,272,1007.7,0.0
2025-04-27,56.0,59.0,3.0,2.0,10.0,2.0,"Powai, Mumbai",36.7,25.0,30.0,70,14.5,6.1,287,1008.0,0.0
2025-04-28,56.0,59.0,3.0,2.0,10.0,2.0,"Powai, Mumbai",35.4,25.0,29.7,74,14.2,6.5,249,1007.2,0.0
2025-04-29,55.0,57.0,3.0,2.0,10.0,2.0,"Powai, Mumbai",34.8,25.3,29.8,74,13.1,6.6,238,1006.7,0.0
2025-04-30,54.0,54.0,3.0,2.0,10.0,2.0,"Powai, Mumbai",35.5,25.1,30.1,73,13.8,6.6,262,1007.7,0.0
2025-05-01,52.0,55.0,3.0,2.0,10.0,2.0,"Powai, Mumbai",36.0,25.2,30.3,71,15.8,5.6,274,1008.2,0.0
2025-05-02,52.0,53.0,3.0,2.0,10.0,2.0,"Powai, Mumbai",37.6,24.8,30.7,64,12.8,5.8,280,1008.2,0.0
2025-05-03,50.0,54.0,3.0,2.0,10.0,2.0,"Powai, Mumbai",35.7,24.4,30.1,66,13.9,6.9,251,1008.1,0.0
2025-05-04,51.0,55.0,3.0,2.0,10.0,2.0,"Powai, Mumbai",34.3,25.2,30.0,69,14.4,7.3,249,1007.8,0.0
2025-05-05,53.0,55.0,3.0,2.0,10.0,2.0,"Powai, Mumbai",35.8,26.8,30.7,67,12.4,6.8,244,1007.3,0.0
2025-05-06,51.0,49.0,3.0,2.0,10.0,2.1,"Powai, Mumbai",34.8,22.2,29.1,71,15.4,7.4,238,1008.3,6.2
2025-05-07,50.0,54.77777777777778,3.0,1.8888888888888888,11.555555555555555,2.2,"Powai, Mumbai",33.8,24.6,28.2,73,16.1,7.8,218,1007.5,1.3
2025-05-15,88.22222222222223,101.0,3.0,1.0,24.0,3.0,"Powai, Mumbai",35.5,27.0,30.3,73,11.5,5.0,288,1007.1,3.9
2025-05-16,93.0,52.0,3.0,1.0,44.0,3.0,"Powai, Mumbai",35.5,27.8,31.0,67,13.8,6.1,244,1006.9,1.0
2025-05-17,79.0,53.0,3.0,2.0,37.0,2.0,"Powai, Mumbai",33.3,27.6,30.3,72,11.1,5.9,236,1006.5,0.9
2025-05-18,80.0,53.0,3.0,2.0,36.0,2.0,"Powai, Mumbai",35.8,27.0,30.9,68,13.3,5.4,264,1005.8,0.0
2025-05-19,78.0,53.0,3.0,1.0,35.0,3.0,"Powai, Mumbai",34.3,27.0,30.3,71,14.1,5.4,302,1004.8,0.1
2025-05-20,80.0,50.0,3.0,1.0,40.0,2.0,"Powai, Mumbai",35.2,27.2,30.0,79,10.6,4.4,330,1004.1,6.8
2025-05-21,78.0,48.0,3.0,1.0,37.0,3.0,"Powai, Mumbai",32.2,26.0,28.8,85,7.5,3.5,263,1003.3,2.7
2025-05-22,70.0,57.0,3.0,2.0,69.0,2.0,"Powai, Mumbai",33.2,25.2,28.8,81,14.8,5.3,319,1002.0,3.2
2025-05-23,86.0,57.0,3.0,1.0,56.0,3.0,"Powai, Mumbai",35.0,25.6,29.1,81,7.6,3.6,21,999.6,0.9
2025-05-24,92.0,51.0,3.0,1.0,49.0,2.0,"Powai, Mumbai",34.2,25.6,29.2,79,9.2,4.5,352,999.3,5.5
2025-05-25,81.0,48.0,3.0,1.0,31.0,3.0,"Powai, Mumbai",28.5,23.7,25.9,94,9.9,4.0,240,1001.8,21.1
2025-05-26,65.0,98.0,3.0,1.0,52.0,3.0,"Powai, Mumbai",26.9,24.0,25.4,97,13.3,7.5,59,1002.1,55.5
2025-05-27,79.0,250.0,3.0,2.0,44.0,3.0,"Powai, Mumbai",30.4,24.5,26.7,91,12.8,5.3,171,1001.9,6.1
2025-05-28,86.0,198.0,3.0,1.0,49.0,3.0,"Powai, Mumbai",28.7,24.6,26.6,91,12.6,7.2,193,1002.3,7.7
2025-05-29,84.0,120.0,3.0,2.0,47.0,3.0,"Powai, Mumbai",32.3,26.0,28.7,86,15.5,8.5,240,1000.8,2.9
2025-05-30,82.0,183.0,3.0,1.0,39.0,3.0,"Powai, Mumbai",31.9,27.6,29.5,79,15.8,10.8,247,1002.0,0.8
2025-05-31,90.0,155.5,3.0,1.5,25.0,3.0,"Powai, Mumbai",31.5,26.8,29.0,81,16.8,10.3,229,1005.4,2.8
2025-06-01,142.5,128.0,3.0,2.0,11.0,3.0,"Powai, Mumbai",29.9,25.0,27.0,87,16.1,10.4,191,1006.0,6.3
2025-06-02,195.0,202.0,3.0,2.0,7.0,3.0,"Powai, Mumbai",31.4,24.8,27.6,84,17.0,11.7,202,1004.9,3.7
2025-06-03,175.0,182.0,3.0,1.0,7.0,3.0,"Powai, Mumbai",30.6,24.5,27.0,86,17.1,11.3,199,1005.3,10.1
2025-06-04,160.0,152.0,3.0,1.0,7.0,2.0,"Powai, Mumbai",30.5,23.4,26.8,85,10.8,7.3,180,1006.5,5.0
2025-06-05,154.0,232.0,3.0,1.0,6.0,3.0,"Powai, Mumbai",31.7,24.0,27.7,81,9.6,3.9,219,1008.5,1.4
2025-06-06,223.0,229.0,3.0,2.0,6.0,3.0,"Powai, Mumbai",31.8,25.2,28.2,85,8.8,4.3,257,1009.3,2.1
2025-06-07,197.0,191.0,3.0,1.0,8.0,3.0,"Powai, Mumbai",31.1,24.8,27.6,88,8.8,4.8,232,1009.5,13.5
2025-06-08,176.0,147.0,3.0,1.0,7.0,2.0,"Powai, Mumbai",31.0,25.5,28.2,85,12.2,5.7,264,1008.8,3.6
2025-06-09,140.0,185.0,3.0,1.0,9.0,3.0,"Powai, Mumbai",31.4,25.7,28.7,81,16.5,7.1,287,1007.8,0.5
2025-06-10,157.0,128.0,3.0,1.0,9.0,3.0,"Powai, Mumbai",31.5,26.1,28.7,82,15.8,6.9,288,1005.7,0.5
2025-06-11,111.0,179.0,3.0,1.0,9.0,3.0,"Powai, Mumbai",32.7,26.8,29.6,79,15.5,7.5,295,1004.1,0.5
2025-06-12,148.0,215.0,3.0,1.0,7.0,3.0,"Powai, Mumbai",32.5,28.1,29.8,79,19.8,10.9,305,1002.3,3.4
2025-06-13,171.0,187.0,3.0,2.0,10.0,3.0,"Powai, Mumbai",31.7,25.4,28.2,87,13.8,7.1,333,1001.7,39.4
2025-06-14,163.0,179.0,3.0,1.0,8.0,3.0,"Powai, Mumbai",31.7,25.0,27.4,90,10.0,4.7,2,1000.4,66.5
2025-06-15,158.0,132.0,3.0,2.0,9.0,2.0,"Powai, Mumbai",30.2,24.6,26.3,95,11.4,5.3,171,997.9,55.8
2025-06-16,109.0,183.0,3.0,1.0,6.0,3.0,"Powai, Mumbai",26.5,24.9,25.7,95,20.2,14.1,240,998.6,91.4
2025-06-17,161.0,209.0,3.0,2.0,11.0,2.0,"Powai, Mumbai",29.6,25.0,27.2,87,20.1,14.0,210,1001.6,12.9
2025-06-18,157.0,127.0,3.0,1.0,7.0,2.0,"Powai, Mumbai",28.3,25.2,26.6,92,20.2,14.6,241,1002.5,74.7
2025-06-19,109.0,176.0,3.0,1.0,8.0,2.0,"Powai, Mumbai",27.6,23.5,25.6,95,16.0,11.2,237,1003.4,50.1
2025-06-20,149.0,145.0,3.0,1.0,10.0,3.0,"Powai, Mumbai",30.2,24.6,27.2,86,17.5,11.7,221,1004.8,11.0
2025-06-21,120.0,178.0,3.0,1.0,10.0,3.0,"Powai, Mumbai",30.0,24.5,27.2,87,17.0,10.8,217,1005.3,12.6
2025-06-22,150.0,136.0,3.0,1.0,9.0,3.0,"Powai, Mumbai",29.5,24.7,26.9,87,18.8,11.0,217,1004.4,12.6
2025-06-23,130.0,181.0,3.0,1.0,6.0,3.0,"Powai, Mumbai",28.1,24.9,26.3,90,21.2,13.2,234,1002.9,33.6
2025-06-24,161.0,224.0,3.0,1.0,10.0,3.0,"Powai, Mumbai",28.7,24.9,26.5,90,18.2,10.9,233,1001.9,25.6
2025-06-25,179.0,188.0,3.0,2.0,7.0,3.0,"Powai, Mumbai",30.1,25.3,27.7,84,18.9,13.4,239,1001.4,8.0
2025-06-26,169.0,191.0,3.0,2.0,7.0,3.0,"Powai, Mumbai",28.5,24.7,26.1,91,15.2,9.7,213,1001.8,22.1
2025-06-27,162.0,167.0,3.0,1.0,8.0,3.0,"Powai, Mumbai",29.2,24.2,26.7,86,18.9,12.7,213,1002.5,12.9
2025-06-28,145.0,136.0,3.0,2.0,8.0,3.0,"Powai, Mumbai",29.8,24.9,26.8,84,21.2,14.3,219,1003.9,19.1
2025-06-29,120.0,132.0,3.0,1.0,10.0,3.0,"Powai, Mumbai",28.9,24.8,26.6,87,15.0,11.2,218,1004.1,11.4
2025-06-30,114.0,176.0,3.0,1.0,9.0,3.0,"Powai, Mumbai",29.0,24.0,26.3,87,20.0,12.5,233,1003.9,19.8
2025-07-01,149.0,133.0,3.0,1.0,7.0,3.0,"Powai, Mumbai",29.0,24.0,26.4,89,16.9,9.8,235,1004.2,25.8
2025-07-02,113.0,175.0,3.0,1.0,11.0,2.0,"Powai, Mumbai",28.8,24.3,26.0,91,16.2,10.8,241,1003.5,40.4
2025-07-03,147.0,176.0,3.0,1.0,9.0,2.0,"Powai, Mumbai",28.5,24.1,26.0,89,18.0,12.1,223,1003.6,16.6
2025-07-04,139.0,195.0,3.0,1.0,10.0,3.0,"Powai, Mumbai",28.4,24.7,26.4,87,19.4,13.3,223,1004.5,20.8
2025-07-05,162.0,123.0,3.0,1.0,10.0,3.0,"Powai, Mumbai",28.0,24.5,26.2,89,17.3,12.8,233,1004.3,24.6
2025-07-06,108.0,180.0,3.0,2.0,8.0,3.0,"Powai, Mumbai",27.0,24.6,25.8,91,19.0,12.7,233,1003.7,33.7
2025-07-07,155.0,181.0,3.0,1.0,11.0,3.0,"Powai, Mumbai",28.6,24.7,26.5,87,14.6,10.8,234,1004.1,7.1
2025-07-08,158.0,185.0,3.0,1.0,9.0,3.0,"Powai, Mumbai",29.0,25.6,27.1,85,17.5,11.6,239,1004.7,4.3
2025-07-09,156.0,175.0,3.0,1.0,10.0,3.0,"Powai, Mumbai",28.5,25.3,26.1,89,13.0,7.8,236,1005.1,21.2
2025-07-10,150.0,148.0,3.0,1.0,9.0,3.0,"Powai, Mumbai",29.5,24.1,26.6,88,13.0,7.4,210,1005.3,7.0
2025-07-11,132.0,182.0,3.0,1.0,7.0,2.0,"Powai, Mumbai",28.3,24.5,26.3,89,9.9,6.5,224,1005.4,16.8
2025-07-12,151.0,180.0,3.0,1.0,11.0,3.0,"Powai, Mumbai",29.8,24.2,26.8,87,14.0,7.7,237,1006.0,4.7
2025-07-13,146.0,164.0,3.0,1.0,9.0,3.0,"Powai, Mumbai",28.9,24.5,26.4,88,15.5,8.1,227,1005.7,13.2
2025-07-14,137.0,174.0,3.0,1.0,9.0,2.0,"Powai, Mumbai",27.8,24.1,25.7,92,16.9,10.4,232,1004.2,32.5
2025-07-15,144.0,178.0,3.0,2.0,13.0,3.0,"Powai, Mumbai",28.3,24.6,26.3,89,12.6,7.9,236,1003.7,16.9
2025-07-16,151.0,173.0,3.0,1.0,13.0,2.0,"Powai, Mumbai",29.6,24.6,27.1,88,13.7,7.5,252,1004.0,4.4
2025-07-17,146.0,143.0,3.0,1.0,11.0,3.0,"Powai, Mumbai",30.0,24.9,27.3,86,9.6,5.6,235,1004.8,4.4
2025-07-18,132.0,179.0,3.0,2.0,13.0,3.0,"Powai, Mumbai",30.0,25.0,27.3,86,11.3,5.9,243,1005.1,1.9
2025-07-19,153.0,173.0,3.0,1.0,17.0,3.0,"Powai, Mumbai",29.2,24.5,26.7,88,11.5,7.0,219,1003.0,7.5
2025-07-20,153.0,187.0,3.0,1.0,14.0,3.0,"Powai, Mumbai",28.5,24.4,26.1,90,13.0,8.7,212,1002.3,10.3
2025-07-21,150.0,185.0,3.0,1.0,13.0,3.0,"Powai, Mumbai",28.4,24.9,26.0,92,10.3,6.5,213,1003.5,31.1
2025-07-22,157.0,174.0,3.0,1.0,13.0,3.0,"Powai, Mumbai",28.9,24.7,26.2,91,12.0,6.8,231,1004.2,17.9
2025-07-23,144.0,172.0,3.0,2.0,15.0,3.0,"Powai, Mumbai",28.2,24.4,26.0,89,13.7,8.1,239,1003.0,13.1
2025-07-24,144.0,177.0,3.0,2.0,15.0,3.0,"Powai, Mumbai",27.7,24.0,25.7,90,14.4,9.3,221,1001.7,17.7
2025-07-25,114.0,170.0,3.0,1.0,14.0,3.0,"Powai, Mumbai",27.5,24.9,25.8,92,16.1,11.1,241,1001.2,23.6
2025-07-26,142.0,183.0,3.0,1.0,16.0,3.0,"Powai, Mumbai",28.1,24.6,26.0,89,16.6,13.2,248,1002.2,16.3
2025-07-27,159.0,181.0,3.0,1.0,18.0,3.0,"Powai, Mumbai",28.5,24.5,26.5,85,23.5,16.8,247,1003.4,10.7
2025-07-28,161.0,186.0,3.0,1.0,19.0,3.0,"Powai, Mumbai",28.6,24.8,26.3,84,21.3,16.1,247,1004.8,12.3
2025-07-29,156.0,188.0,3.0,1.0,14.0,3.0,"Powai, Mumbai",28.4,24.6,26.2,86,21.6,15.2,251,1005.2,7.9
2025-07-30,160.0,136.33333333333334,3.0,2.0,16.0,3.0,"Powai, Mumbai",27.2,25.1,26.2,89,18.0,14.1,243,1004.8,6.1
2025-07-31,135.33333333333334,84.66666666666667,3.0,3.0,8.0,3.0,"Powai, Mumbai",28.1,25.4,26.6,86,17.8,13.8,235,1005.4,3.5
2025-08-01,110.66666666666666,33.0,3.0,2.0,10.0,3.0,"Powai, Mumbai",29.0,24.9,26.8,84,14.3,10.5,239,1006.2,5.4
2025-08-02,86.0,45.0,3.0,2.0,6.0,3.0,"Powai, Mumbai",29.0,24.4,26.3,87,13.3,7.8,236,1006.4,7.4
2025-08-03,55.0,45.0,3.0,2.0,6.0,3.0,"Powai, Mumbai",28.8,24.2,26.4,87,10.8,7.0,217,1007.2,3.6
2025-08-04,55.0,45.0,3.0,2.0,6.0,3.0,"Powai, Mumbai",29.3,24.2,26.7,87,11.3,5.9,236,1008.3,2.5
2025-08-05,55.0,44.0,3.0,2.0,5.0,3.0,"Powai, Mumbai",29.8,24.4,26.8,85,12.5,5.4,255,1007.8,3.6
2025-08-06,53.0,45.0,3.0,3.0,5.0,3.0,"Powai, Mumbai",30.0,24.4,27.0,87,12.4,4.6,279,1007.4,0.7
2025-08-07,56.0,52.0,3.0,3.0,5.0,4.0,"Powai, Mumbai",27.9,25.2,26.6,90,10.1,3.6,292,1007.2,2.3
2025-08-08,66.0,53.0,3.0,2.0,5.0,3.0,"Powai, Mumbai",28.5,25.2,26.5,90,7.5,3.5,229,1007.9,1.7
2025-08-09,69.0,47.0,3.0,2.0,5.0,3.0,"Powai, Mumbai",29.0,24.0,26.5,88,8.1,4.3,209,1009.4,3.0
2025-08-10,60.0,46.0,3.0,2.0,5.0,3.0,"Powai, Mumbai",28.4,24.0,25.9,90,11.1,5.8,183,1008.7,4.7
2025-08-11,78.0,86.0,3.0,2.0,5.0,3.0,"Powai, Mumbai",29.0,24.0,26.2,88,13.4,6.6,230,1008.4,3.6
2025-08-12,105.0,42.0,3.0,2.0,5.0,3.0,"Powai, Mumbai",28.8,24.1,26.4,86,14.0,7.0,243,1007.0,4.5
2025-08-13,19.0,43.0,3.0,2.0,5.0,4.0,"Powai, Mumbai",28.5,24.3,25.8,90,9.9,5.7,227,1005.1,17.1
2025-08-14,80.0,36.0,3.0,2.0,5.0,4.0,"Powai, Mumbai",27.4,24.5,25.6,92,12.0,6.8,190,1004.4,11.1
2025-08-15,33.0,35.0,3.0,2.0,5.0,3.0,"Powai, Mumbai",27.2,24.6,25.6,93,10.7,7.0,223,1003.8,29.6
2025-08-16,87.0,42.0,3.0,2.0,5.0,4.0,"Powai, Mumbai",26.4,24.2,24.9,96,12.9,6.6,216,1002.6,27.1
2025-08-17,143.0,36.0,3.0,2.0,5.0,3.0,"Powai, Mumbai",28.9,24.4,26.0,89,16.3,8.6,216,1001.3,9.6
2025-08-18,148.0,34.0,3.0,2.0,5.0,3.0,"Powai, Mumbai",25.5,24.4,24.8,96,18.2,12.3,231,1003.6,111.7
2025-08-19,162.0,41.0,3.0,2.0,5.0,3.0,"Powai, Mumbai",25.6,24.5,25.0,95,23.3,15.9,241,1002.4,117.4
2025-08-20,103.0,41.0,3.0,2.0,5.0,3.0,"Powai, Mumbai",26.0,24.1,25.0,93,21.7,15.8,236,1003.7,43.7
2025-08-21,156.0,42.0,3.0,2.0,5.0,3.0,"Powai, Mumbai",28.7,24.5,26.2,87,20.3,14.6,231,1007.0,13.3
2025-08-22,136.0,41.0,3.0,2.0,5.0,3.0,"Powai, Mumbai",28.7,24.7,26.5,84,18.1,12.9,237,1007.9,6.9
2025-08-23,220.0,40.0,3.0,2.0,5.0,3.0,"Powai, Mumbai",28.8,23.8,26.3,82,21.7,13.9,238,1007.1,6.8
2025-08-24,153.0,37.0,3.0,2.0,5.0,4.0,"Powai, Mumbai",29.0,24.5,26.4,83,20.2,14.7,237,1007.7,6.2
2025-08-25,89.0,213.0,3.0,2.0,5.0,4.0,"Powai, Mumbai",26.6,23.8,25.0,90,17.6,11.9,236,1007.0,18.2
2025-08-26,125.0,125.5,3.0,2.0,5.0,4.0,"Powai, Mumbai",28.0,24.2,26.0,88,14.6,9.7,248,1006.6,12.9
2025-08-27,158.0,38.0,3.0,2.0,6.0,4.0,"Powai, Mumbai",29.1,24.5,26.3,88,12.3,5.8,264,1005.5,10.5
2025-08-28,134.0,35.0,3.0,2.0,6.0,4.0,"Powai, Mumbai",28.4,24.3,26.1,92,9.9,5.9,269,1004.6,12.9
2025-08-29,58.0,34.95454545454545,3.0,2.0,6.0,4.0,"Powai, Mumbai",28.8,24.5,26.1,90,9.3,5.9,230,1004.5,18.7
2025-09-18,57.09090909090909,34.04545454545455,3.0,2.0,6.0,4.0,"Powai, Mumbai",29.2,24.2,25.8,93,8.3,3.6,240,1007.6,12.5
2025-09-19,57.04545454545455,34.0,3.0,2.0,6.0,4.0,"Powai, Mumbai",28.4,24.0,25.8,92,9.9,4.9,234,1008.5,23.0
2025-09-20,57.0,32.0,3.0,2.0,6.0,4.0,"Powai, Mumbai",29.8,24.0,26.1,90,8.8,5.1,216,1008.7,13.4
2025-09-21,51.0,34.0,3.0,2.0,6.0,4.0,"Powai, Mumbai",29.1,23.9,25.8,91,10.5,4.7,255,1008.3,17.3
2025-09-22,57.0,39.0,3.0,2.0,5.0,4.0,"Powai, Mumbai",29.2,23.3,25.3,94,10.3,4.1,259,1009.1,23.3
2025-09-23,65.0,29.0,3.0,2.0,6.0,4.0,"Powai, Mumbai",29.0,23.8,25.9,89,14.0,5.6,237,1009.5,10.7
2025-09-24,51.0,36.0,3.0,2.0,6.0,4.0,"Powai, Mumbai",29.0,24.0,26.4,84,11.2,4.3,257,1008.0,3.2
2025-09-25,59.0,39.0,3.0,2.0,6.0,4.0,"Powai, Mumbai",28.8,23.8,26.1,87,9.4,3.9,250,1007.3,1.9
2025-09-26,63.0,38.0,3.0,2.0,6.0,4.0,"Powai, Mumbai",29.8,23.5,26.1,89,11.4,4.2,340,1007.3,4.4
2025-09-27,62.0,29.0,3.0,2.0,6.0,4.0,"Powai, Mumbai",29.0,23.8,25.7,91,12.3,6.3,287,1007.4,19.2
2025-09-28,48.0,36.0,3.0,2.0,6.0,4.0,"Powai, Mumbai",25.6,24.4,25.1,94,22.8,15.2,279,1003.7,121.8
2025-09-29,59.0,34.0,3.0,2.0,6.0,4.0,"Powai, Mumbai",28.5,23.9,25.8,83,18.9,12.9,219,1004.2,14.6
2025-09-30,56.0,32.0,3.0,2.0,6.0,4.0,"Powai, Mumbai",27.9,23.3,25.1,88,16.1,11.7,189,1005.4,6.8
2025-10-01,55.0,29.0,3.0,2.0,6.0,4.0,"Powai, Mumbai",29.0,23.1,25.4,89,17.5,11.8,183,1005.0,9.1
2025-10-02,51.0,32.0,3.0,2.0,6.0,4.0,"Powai, Mumbai",28.7,23.5,25.7,89,17.9,9.9,185,1006.9,3.4
2025-10-03,54.0,28.0,3.0,2.0,6.0,4.0,"Powai, Mumbai",29.6,23.7,26.3,88,12.5,7.1,185,1009.7,2.0
2025-10-04,48.0,42.0,3.0,2.0,6.0,4.0,"Powai, Mumbai",29.8,24.1,26.4,89,10.3,5.6,190,1011.0,2.2
2025-10-05,67.0,39.0,3.0,2.0,6.0,4.0,"Powai, Mumbai",28.6,23.4,25.8,88,9.8,5.6,199,1011.1,2.5
2025-10-06,64.0,49.75,3.0,2.0,6.0,4.0,"Powai, Mumbai",29.2,23.4,25.9,87,11.4,6.0,208,1011.7,0.7
2025-10-07,119.33333333333331,60.5,3.0,2.0,6.0,4.0,"Powai, Mumbai",29.5,23.4,25.9,88,11.8,4.8,254,1011.8,2.6
2025-10-08,174.66666666666666,71.25,3.0,2.0,9.0,2.0,"Powai, Mumbai",30.5,23.7,26.5,87,10.3,4.4,328,1011.4,1.5
2025-10-09,230.0,82.0,3.0,2.0,11.0,2.0,"Powai, Mumbai",32.8,23.8,27.5,78,9.6,4.7,347,1011.5,0.4
2025-10-10,143.0,86.0,3.0,2.0,12.0,2.0,"Powai, Mumbai",33.4,23.5,27.6,69,8.3,5.5,8,1010.2,0.1
2025-10-11,150.0,130.0,3.0,2.0,11.5,2.0,"Powai, Mumbai",33.9,23.4,27.7,69,10.2,5.4,5,1009.9,0.1
2025-10-12,175.0,174.0,3.0,2.0,11.0,2.0,"Powai, Mumbai",35.0,22.8,28.3,65,10.1,5.9,9,1009.4,0.0
2025-10-13,200.0,81.0,3.0,2.0,11.0,2.0,"Powai, Mumbai",35.8,23.3,28.8,60,10.7,6.9,10,1009.9,0.0
2025-10-14,143.0,90.0,3.0,2.0,11.0,2.0,"Powai, Mumbai",37.0,22.5,28.9,57,8.9,6.1,30,1008.1,0.0
2025-10-15,154.0,80.0,3.0,2.0,11.0,2.0,"Powai, Mumbai",35.8,23.0,28.6,65,9.9,5.2,74,1007.5,3.0
2025-10-16,130.0,66.0,3.0,2.0,11.0,2.0,"Powai, Mumbai",35.3,25.1,28.9,74,17.0,5.4,56,1008.0,4.8
2025-10-17,112.0,87.0,3.0,2.0,11.0,2.0,"Powai, Mumbai",36.5,25.0,30.4,64,10.2,7.5,36,1009.0,0.0
2025-10-18,146.0,119.0,3.0,2.0,11.0,2.0,"Powai, Mumbai",36.5,25.3,30.1,62,10.6,5.5,32,1008.8,0.2
2025-10-19,165.5,151.0,3.0,2.0,11.0,2.0,"Powai, Mumbai",36.0,25.2,30.0,63,10.2,6.7,32,1007.6,0.5
2025-10-20,185.0,164.0,3.0,2.0,11.0,2.0,"Powai, Mumbai",36.2,24.9,30.2,60,10.7,6.7,40,1006.9,0.0
2025-10-21,188.0,86.0,3.0,2.0,11.0,2.0,"Powai, Mumbai",35.3,25.5,29.1,66,9.8,5.9,56,1008.1,6.4
2025-10-22,137.0,93.0,3.0,2.0,11.0,2.0,"Powai, Mumbai",35.2,25.3,28.7,77,10.7,5.8,48,1008.5,6.4
2025-10-23,127.0,49.0,3.0,2.0,11.0,2.0,"Powai, Mumbai",34.7,25.6,29.5,74,11.9,6.7,66,1007.2,3.9
2025-10-24,81.0,40.0,3.0,2.0,11.0,2.0,"Powai, Mumbai",32.4,26.1,28.9,76,11.5,4.4,98,1007.0,9.4
2025-10-25,64.0,41.0,3.0,2.0,11.0,2.0,"Powai, Mumbai",30.3,24.7,26.7,88,12.5,5.7,121,1006.8,16.0
2025-10-26,66.0,36.0,3.0,2.0,11.0,2.0,"Powai, Mumbai",26.8,23.6,24.9,95,12.5,6.6,122,1006.8,25.1
2025-10-27,58.0,53.0,3.0,2.0,10.0,2.0,"Powai, Mumbai",31.1,23.1,25.7,90,12.7,7.6,152,1006.5,10.5
2025-10-28,85.0,59.0,3.0,2.0,11.0,2.0,"Powai, Mumbai",32.3,24.2,27.4,78,12.8,8.4,145,1005.8,0.6
2025-10-29,96.0,46.0,3.0,2.0,11.0,2.0,"Powai, Mumbai",31.6,25.0,27.5,79,8.7,6.2,160,1005.2,1.5
2025-10-30,74.0,45.0,3.0,2.0,11.0,2.0,"Powai, Mumbai",29.1,24.0,26.1,85,12.7,7.8,157,1007.0,6.0
2025-10-31,71.0,43.0,3.0,2.0,11.0,3.0,"Powai, Mumbai",29.9,24.0,26.5,84,16.8,11.5,165,1008.4,5.8
2025-11-01,68.0,41.0,3.0,2.0,10.0,2.0,"Powai, Mumbai",29.4,23.3,26.2,89,15.0,9.7,172,1010.3,8.4
2025-11-02,66.0,43.0,3.0,2.0,11.0,2.0,"Powai, Mumbai",28.6,24.1,25.8,91,13.4,7.7,183,1012.4,4.9
2025-11-03,68.0,51.0,3.0,2.0,10.0,3.0,"Powai, Mumbai",29.3,23.2,25.9,89,11.3,5.8,206,1012.4,2.0
2025-11-04,79.0,49.0,3.0,2.0,10.0,3.0,"Powai, Mumbai",28.5,23.5,25.5,89,10.5,4.1,235,1011.9,1.1
2025-11-05,77.0,78.0,3.0,2.0,10.0,2.0,"Powai, Mumbai",29.2,22.7,25.3,84,8.4,3.9,318,1011.1,0.2
2025-11-06,137.0,89.0,3.0,2.0,11.0,2.0,"Powai, Mumbai",29.9,22.0,25.3,84,9.6,3.8,333,1011.6,0.8
2025-11-07,139.0,65.0,3.0,2.0,11.0,3.0,"Powai, Mumbai",32.2,22.5,26.2,77,12.2,4.5,338,1012.4,0.0
2025-11-08,114.0,64.0,3.0,2.0,11.0,3.0,"Powai, Mumbai",33.2,21.5,26.3,64,9.8,6.1,32,1013.4,0.0
2025-11-09,109.0,84.0,3.0,2.0,11.0,3.0,"Powai, Mumbai",31.8,19.5,24.8,67,9.4,4.8,315,1012.8,0.0
2025-11-10,138.0,85.0,3.0,2.0,11.0,3.0,"Powai, Mumbai",32.9,18.8,25.1,66,8.7,4.3,359,1012.2,0.0
2025-11-11,145.0,89.0,3.0,2.0,11.0,3.0,"Powai, Mumbai",33.2,19.8,25.8,63,10.8,5.4,0,1013.0,0.0
2025-11-12,151.0,86.0,3.0,2.0,10.0,3.0,"Powai, Mumbai",33.2,19.5,26.0,52,8.5,6.4,37,1013.5,0.0
2025-11-13,150.0,91.0,3.0,2.0,11.0,3.0,"Powai, Mumbai",33.8,20.2,26.3,52,10.0,7.4,27,1013.9,0.0
2025-11-14,155.0,93.0,3.0,2.0,11.0,3.0,"Powai, Mumbai",34.1,19.6,26.2,52,9.8,6.1,30,1013.2,0.0
2025-11-15,154.0,92.0,3.0,2.0,11.0,3.0,"Powai, Mumbai",33.7,19.0,25.7,51,10.8,6.2,35,1013.9,0.0
2025-11-16,155.0,102.0,3.0,2.0,11.0,3.0,"Powai, Mumbai",33.2,19.2,25.5,46,11.0,7.4,38,1015.2,0.0
2025-11-17,161.0,108.0,3.0,2.0,11.0,3.0,"Powai, Mumbai",32.7,19.4,25.1,48,12.6,7.7,32,1014.7,0.0
2025-11-18,164.0,109.0,3.0,2.0,11.0,3.0,"Powai, Mumbai",32.5,18.2,24.5,48,10.9,7.0,36,1013.0,0.0
2025-11-19,165.0,101.0,3.0,2.0,11.0,3.0,"Powai, Mumbai",33.7,16.8,24.7,49,10.0,6.7,14,1012.9,0.0
2025-11-20,160.0,110.0,3.0,2.0,11.0,3.0,"Powai, Mumbai",34.2,18.0,25.2,53,10.0,6.1,18,1013.2,0.0
2025-11-21,165.0,114.0,3.0,2.0,11.0,3.0,"Powai, Mumbai",35.3,18.8,25.9,52,9.0,6.1,17,1014.0,0.0
2025-11-22,167.0,118.0,3.0,2.0,11.0,3.0,"Powai, Mumbai",35.2,20.8,27.0,57,9.7,5.7,332,1013.1,0.0
2025-11-23,169.0,119.0,3.0,2.0,11.0,3.0,"Powai, Mumbai",35.0,22.0,27.5,63,11.1,4.8,329,1013.1,0.0
2025-11-24,170.0,131.0,3.0,2.0,11.0,3.0,"Powai, Mumbai",35.3,21.9,27.5,65,10.5,4.9,332,1013.1,0.1
2025-11-25,177.0,115.0,3.0,2.0,11.0,3.0,"Powai, Mumbai",35.0,22.4,27.6,67,9.2,4.7,318,1012.9,0.1
2025-11-26,159.0,75.0,3.0,2.0,11.0,2.0,"Powai, Mumbai",34.7,22.8,27.5,68,10.8,4.3,288,1013.0,0.1
2025-11-27,125.0,65.0,3.0,2.0,11.0,2.0,"Powai, Mumbai",35.3,22.2,27.6,61,8.3,5.2,27,1013.6,0.0
2025-11-28,108.0,53.0,3.0,2.0,11.0,2.0,"Powai, Mumbai",34.4,21.2,27.1,56,12.0,6.2,25,1013.1,0.0
2025-11-29,91.0,58.0,3.0,2.0,11.0,2.0,"Powai, Mumbai",34.3,21.8,27.3,44,10.7,7.1,55,1011.9,0.0
2025-11-30,93.0,61.0,3.0,2.0,11.0,2.0,"Powai, Mumbai",33.4,18.5,24.8,52,9.6,5.8,22,1011.8,0.0
2025-12-01,101.0,61.0,3.0,2.0,11.0,2.0,"Powai, Mumbai",33.5,17.8,24.7,54,12.1,6.2,10,1011.6,0.0
2025-12-02,98.0,63.0,3.0,2.0,11.0,2.0,"Powai, Mumbai",33.5,18.4,25.1,54,8.6,5.3,11,1011.7,0.0
2025-12-03,104.0,67.0,3.0,2.0,11.0,2.0,"Powai, Mumbai",34.0,18.4,25.6,51,9.8,6.8,30,1012.6,0.0
2025-12-04,111.0,62.0,3.0,2.0,11.0,2.0,"Powai, Mumbai",34.2,20.9,26.9,48,10.8,7.9,32,1013.6,0.0
2025-12-05,101.0,58.0,3.0,2.0,11.0,2.0,"Powai, Mumbai",34.8,22.1,27.8,48,9.8,8.2,46,1014.5,0.0
2025-12-06,94.0,62.0,3.0,2.0,11.0,2.0,"Powai, Mumbai",34.0,22.3,27.2,49,11.5,7.9,26,1015.0,0.0
2025-12-07,101.0,47.5,3.0,2.0,11.0,2.0,"Powai, Mumbai",35.0,20.8,26.6,46,10.9,7.3,27,1014.8,0.0
2025-12-08,80.5,33.0,3.0,2.0,11.0,2.0,"Powai, Mumbai",35.3,19.4,26.1,50,9.7,5.6,18,1014.6,0.0
2025-12-09,60.0,35.0,3.0,2.0,11.0,2.0,"Powai, Mumbai",34.3,18.7,26.1,35,8.9,6.9,44,1014.2,0.0
2025-12-10,61.0,35.0,3.0,2.0,11.0,7.0,"Powai, Mumbai",34.5,18.1,25.2,41,9.2,6.5,35,1015.0,0.0
2025-12-11,62.0,87.0,3.0,2.0,11.0,7.0,"Powai, Mumbai",34.0,18.1,24.8,40,10.3,7.2,37,1014.4,0.0
2025-12-12,170.0,87.0,3.0,2.0,11.0,7.0,"Powai, Mumbai",33.8,16.9,24.1,45,10.8,5.8,15,1013.4,0.0
2025-12-13,181.0,87.0,3.0,2.0,11.0,7.0,"Powai, Mumbai",34.4,17.2,24.5,50,10.8,5.5,356,1013.2,0.0
2025-12-14,192.0,87.0,3.0,2.0,11.0,7.0,"Powai, Mumbai",33.7,17.0,24.8,48,11.6,6.1,10,1013.9,0.0
2025-12-15,203.0,87.0,3.0,2.0,11.0,7.0,"Powai, Mumbai",33.4,17.8,25.0,45,10.1,6.7,45,1013.8,0.0
2025-12-16,151.0,87.0,3.0,2.0,11.0,7.0,"Powai, Mumbai",33.4,17.4,24.6,47,10.4,6.6,39,1013.4,0.0
2025-12-17,151.0,87.0,3.0,2.0,11.0,7.0,"Powai, Mumbai",34.5,18.9,25.6,50,9.4,5.8,17,1014.4,0.0
2025-12-18,151.0,87.0,3.0,2.0,11.0,7.0,"Powai, Mumbai",35.1,18.6,25.6,47,9.7,6.1,19,1014.6,0.0
2025-12-19,247.0,186.0,3.0,2.0,11.0,7.0,"Powai, Mumbai",35.6,17.6,24.9,42,11.8,7.5,21,1013.1,0.0
2025-12-20,195.0,113.0,3.0,2.0,11.0,7.0,"Powai, Mumbai",34.8,17.5,24.5,41,12.3,7.1,27,1011.6,0.0
2025-12-21,151.0,146.0,3.0,2.0,11.0,7.0,"Powai, Mumbai",33.2,16.7,24.1,41,9.3,5.6,11,1012.5,0.0
2025-12-22,171.0,127.0,3.0,2.0,11.0,7.0,"Powai, Mumbai",33.0,16.0,23.9,44,12.1,6.2,5,1012.8,0.0
2025-12-23,163.0,102.0,3.0,2.0,11.0,7.0,"Powai, Mumbai",33.8,17.9,24.6,47,12.6,7.4,20,1012.2,0.0
2025-12-24,146.0,144.0,3.0,2.0,11.0,7.0,"Powai, Mumbai",33.1,19.0,24.6,47,13.4,7.1,19,1012.1,0.0
2025-12-25,170.0,175.0,3.0,2.0,11.0,7.0,"Powai, Mumbai",31.8,17.2,24.0,52,10.8,6.1,6,1012.7,0.0
2025-12-26,193.0,92.0,3.0,2.0,11.0,7.0,"Powai, Mumbai",32.6,17.1,24.2,51,11.9,5.8,12,1012.6,0.0
2025-12-27,156.0,95.0,3.0,2.0,11.0,7.0,"Powai, Mumbai",32.5,17.1,24.1,54,10.3,5.7,11,1012.8,0.0
2025-12-28,159.0,79.5,3.0,2.0,11.0,7.0,"Powai, Mumbai",31.8,17.5,23.5,58,9.1,5.4,8,1013.4,0.0
2025-12-31,74.25,33.0,3.0,2.0,11.0,7.0,"Powai, Mumbai",29.5,16.5,22.2,77,12.1,4.0,310,1011.9,0.0
2026-01-01,46.0,48.0,3.0,2.0,11.0,6.0,"Powai, Mumbai",29.5,18.9,23.2,77,13.2,5.3,318,1012.1,1.2
2026-01-02,64.0,51.0,3.0,2.0,11.0,6.0,"Powai, Mumbai",31.0,18.8,23.8,74,11.8,5.2,325,1013.6,0.0
2026-01-03,66.0,59.0,3.0,2.0,11.0,6.0,"Powai, Mumbai",31.4,18.5,24.1,70,9.7,4.5,330,1013.6,0.0
2026-01-04,77.0,53.0,3.0,2.0,11.0,6.0,"Powai, Mumbai",31.6,20.2,25.3,67,9.2,5.0,340,1014.2,0.0
2026-01-05,70.0,62.0,29.0,2.0,11.0,6.0,"Powai, Mumbai",32.5,20.2,25.0,66,11.6,5.4,351,1015.1,0.0
2026-01-06,82.0,58.0,29.0,2.0,11.0,6.0,"Powai, Mumbai",32.0,19.8,24.6,66,11.4,4.8,8,1015.7,0.0
2026-01-07,77.0,47.0,29.0,2.0,11.0,6.0,"Powai, Mumbai",31.9,18.0,23.5,67,13.4,5.3,354,1015.9,0.0
2026-01-08,64.0,45.0,29.0,2.0,11.0,6.0,"Powai, Mumbai",31.1,16.7,22.8,60,13.8,5.8,349,1016.1,0.0
2026-01-09,60.0,47.0,29.0,2.0,11.0,6.0,"Powai, Mumbai",31.6,15.5,22.7,56,9.0,6.1,28,1015.5,0.0
2026-01-10,63.0,47.0,29.0,2.0,11.0,6.0,"Powai, Mumbai",31.0,16.3,22.7,58,14.0,6.7,356,1015.1,0.0
2026-01-11,62.0,40.0,29.0,2.0,11.0,6.0,"Powai, Mumbai",32.0,15.9,23.5,56,8.7,5.9,18,1015.4,0.0
2026-01-12,56.0,45.0,29.0,2.0,11.0,6.0,"Powai, Mumbai",33.0,18.0,24.3,52,10.1,5.6,10,1015.6,0.0
2026-01-13,60.0,40.0,29.0,2.0,11.0,6.0,"Powai, Mumbai",32.8,19.8,25.8,57,10.9,5.0,269,1015.8,0.0
2026-01-14,56.0,39.0,29.0,2.0,14.0,6.0,"Powai, Mumbai",32.8,20.8,25.9,58,12.0,5.8,332,1014.5,0.0
2026-01-15,55.0,51.0,29.0,2.0,31.0,6.0,"Powai, Mumbai",32.2,16.6,23.9,57,10.2,4.9,322,1013.8,0.0
2026-01-16,68.0,33.0,29.0,2.0,22.0,6.0,"Powai, Mumbai",32.2,17.1,23.5,70,10.5,4.9,292,1013.4,0.0
2026-01-17,48.0,36.0,29.0,2.0,17.0,6.0,"Powai, Mumbai",31.9,17.5,23.3,71,10.6,5.4,303,1013.0,0.0
2026-01-18,52.0,32.0,29.0,2.0,20.0,6.0,"Powai, Mumbai",27.6,18.1,22.4,76,11.6,5.6,311,1012.3,0.0
2026-01-19,48.0,38.0,29.0,2.0,22.0,6.0,"Powai, Mumbai",29.0,16.2,22.0,67,14.1,6.6,336,1013.4,0.0
2026-01-20,53.0,52.0,29.0,2.0,30.0,6.0,"Powai, Mumbai",30.1,16.1,22.7,64,10.9,4.6,310,1012.8,0.0
2026-01-21,68.0,51.0,29.0,2.0,33.0,6.0,"Powai, Mumbai",32.5,17.7,24.2,66,15.6,4.3,250,1013.1,0.0
2026-01-22,67.0,44.0,29.0,2.0,30.0,6.0,"Powai, Mumbai",32.7,18.8,24.6,64,15.9,6.0,243,1013.8,0.0
2026-01-23,70.0,35.0,29.0,2.0,29.0,6.0,"Powai, Mumbai",29.8,18.9,23.4,75,14.8,5.3,319,1015.3,0.0
2026-01-24,71.0,50.0,29.0,2.0,34.0,6.0,"Powai, Mumbai",30.2,16.9,22.8,69,12.0,5.3,325,1016.4,0.0
2026-01-25,102.0,65.0,29.0,2.0,39.0,6.0,"Powai, Mumbai",31.1,17.2,23.4,70,9.0,4.4,330,1014.6,0.0
2026-01-26,133.0,44.0,29.0,2.0,37.0,6.0,"Powai, Mumbai",32.4,18.5,24.7,70,11.8,5.9,271,1014.5,0.0
2026-01-27,86.0,32.0,29.0,2.0,36.0,6.0,"Powai, Mumbai",29.1,20.7,23.8,75,13.8,6.6,312,1016.6,0.8
2026-01-28,66.0,50.0,29.0,2.0,39.0,6.0,"Powai, Mumbai",31.5,18.7,23.9,63,9.8,6.1,344,1015.9,0.0
2026-01-29,94.0,62.0,29.0,2.0,58.0,6.0,"Powai, Mumbai",34.0,18.4,24.7,58,10.3,4.2,315,1013.8,0.0
2026-01-30,122.0,60.0,29.0,2.0,59.0,6.0,"Powai, Mumbai",33.5,21.6,25.9,67,12.4,5.0,218,1014.2,0.0
2026-01-31,117.0,57.0,29.0,2.0,63.0,6.0,"Powai, Mumbai",31.0,21.2,25.0,80,12.2,4.3,291,1014.9,0.0
2026-02-01,108.0,64.0,27.0,2.0,63.0,6.0,"Powai, Mumbai",33.5,20.0,25.4,71,13.3,4.9,329,1014.9,0.0
2026-02-02,128.0,65.0,27.0,2.0,68.0,6.0,"Powai, Mumbai",34.8,19.8,26.3,55,12.8,5.5,337,1014.5,0.0
2026-02-03,130.0,63.0,27.0,2.0,98.8,6.0,"Powai, Mumbai",33.4,20.0,25.7,56,11.8,5.3,331,1014.4,0.0
2026-02-04,125.0,63.0,27.0,2.0,129.6,6.0,"Powai, Mumbai",34.7,20.0,26.2,55,12.0,5.5,354,1014.5,0.0
2026-02-05,123.0,60.0,27.0,2.0,160.4,6.0,"Powai, Mumbai",34.7,20.8,26.6,53,12.2,5.9,358,1015.4,0.0
2026-02-06,116.0,51.0,27.0,2.0,6.0,6.0,"Powai, Mumbai",34.5,20.1,26.6,52,13.5,7.5,4,1015.8,0.0
2026-02-07,93.0,52.0,27.0,2.0,6.0,6.0,"Powai, Mumbai",34.9,19.2,26.5,48,13.0,6.0,346,1014.7,0.0
2026-02-08,95.0,53.8,27.0,2.0,6.0,6.0,"Powai, Mumbai",34.5,19.9,26.4,50,11.1,6.2,338,1013.1,0.0
2026-02-12,113.4,61.0,27.0,2.0,376.0,6.0,"Powai, Mumbai",35.1,20.1,26.4,58,13.7,5.4,298,1014.1,0.0
2026-02-13,118.0,106.0,27.0,1.0,376.0,6.0,"Powai, Mumbai",35.7,20.2,26.5,59,13.8,4.9,310,1013.2,0.0
2026-02-14,147.0,55.0,27.0,2.0,376.0,6.0,"Powai, Mumbai",35.8,19.9,27.1,56,13.1,5.3,340,1012.4,0.0
2026-02-15,106.0,120.0,27.0,2.0,376.0,6.0,"Powai, Mumbai",36.3,20.9,27.9,47,14.6,5.9,332,1012.3,0.0
2026-02-16,146.0,131.0,27.0,2.0,6.0,6.0,"Powai, Mumbai",33.8,20.5,26.3,53,11.0,4.9,302,1010.8,0.0
2026-02-17,187.0,126.0,27.0,2.0,6.0,6.0,"Powai, Mumbai",32.5,20.6,25.3,62,13.2,6.6,311,1011.0,0.0
2026-02-18,181.0,126.0,27.0,2.0,6.0,6.0,"Powai, Mumbai",30.5,20.1,24.4,71,13.8,6.0,309,1011.6,0.0
