date,pm25,pm10,o3,no2,so2,co,location,temperature_2m_max,temperature_2m_min,temperature_2m_mean,relative_humidity_2m_mean,wind_speed_10m_max,wind_speed_10m_mean,wind_direction_10m_dominant,pressure_msl_mean,precipitation_sum
27-12-2021,150,69,14,4,,1,"Siddharth Nagar Worli, Mumbai",28.7,19,23.2,75,15.8,9.1,351,1014.1,0
28-12-2021,146,53,28,4,,2,"Siddharth Nagar Worli, Mumbai",27.7,19.1,23.1,76,22.7,11.1,341,1013.5,0
29-12-2021,111,70,10,4,,4,"Siddharth Nagar Worli, Mumbai",27.4,20,23,69,22,14.9,353,1013.8,0
30-12-2021,143,73,11,10,,5,"Siddharth Nagar Worli, Mumbai",29.9,19.1,23.5,69,23,11.6,8,1014.5,0
31-12-2021,147,65,11,8,,6,"Siddharth Nagar Worli, Mumbai",31.1,21.5,25,68,18.4,12.1,29,1015.3,0
01-01-2022,132,22,15,7,,5,"Siddharth Nagar Worli, Mumbai",31,20.7,24.9,68,17,10.9,20,1015.8,0
02-01-2022,48,39,17,6,,6,"Siddharth Nagar Worli, Mumbai",30.1,21.2,24.9,68,15.8,9.3,4,1014.5,0
03-01-2022,80,70,33,16,,6,"Siddharth Nagar Worli, Mumbai",30.4,21.7,25,71,16.6,8.8,357,1013.9,0
04-01-2022,145,91,20,7,,6,"Siddharth Nagar Worli, Mumbai",31,21.1,24.9,74,16.9,8.3,355,1013.9,0
05-01-2022,156,63,23,16,,4,"Siddharth Nagar Worli, Mumbai",27.8,21,24.3,80,18.9,8.2,326,1013.5,0
06-01-2022,124,81,27,16,,5,"Siddharth Nagar Worli, Mumbai",27.6,21,23.8,81,18.4,9.7,341,1013,0
07-01-2022,152,49,14,6,,4,"Siddharth Nagar Worli, Mumbai",26.7,19.7,23.4,80,17.3,7.4,295,1012.5,0
08-01-2022,108,30,14,6,,3,"Siddharth Nagar Worli, Mumbai",24.3,21.4,22.6,86,12.3,7.3,6,1013.8,3.7
09-01-2022,67,38,25,7,,3,"Siddharth Nagar Worli, Mumbai",25.4,19.6,22,60,24.1,15.5,346,1013.8,0
10-01-2022,82,61,20,6,,5,"Siddharth Nagar Worli, Mumbai",24.2,17.1,20.1,58,24.9,14.2,349,1014,0
11-01-2022,124,55,19,5,,4,"Siddharth Nagar Worli, Mumbai",24.2,16,20.1,73,16.1,8.8,344,1013.5,0
12-01-2022,113,65,22,4,,5,"Siddharth Nagar Worli, Mumbai",24.7,17.5,21,70,21.4,12.6,345,1013.1,0
13-01-2022,138,70,23,4,,6,"Siddharth Nagar Worli, Mumbai",25.4,17,21,74,17.5,7.8,337,1012.3,0
14-01-2022,143,67,25,18,,5,"Siddharth Nagar Worli, Mumbai",25.5,18.1,21.9,77,17.7,8.9,340,1012.3,0
15-01-2022,135,62,14,4,,5,"Siddharth Nagar Worli, Mumbai",28.6,18.7,22.7,70,23.8,11.7,2,1012.8,0
16-01-2022,125,60,11,4,,5,"Siddharth Nagar Worli, Mumbai",31.2,19.5,24.3,62,21.7,11.9,30,1013.1,0
17-01-2022,122,64,17,4,,5,"Siddharth Nagar Worli, Mumbai",30.4,20.5,24.6,67,17.4,10.7,359,1015,0
18-01-2022,132,65,52,18,,6,"Siddharth Nagar Worli, Mumbai",28.7,20.6,24.1,69,20.1,11.5,346,1014.8,0
19-01-2022,136,47,21,7,,4,"Siddharth Nagar Worli, Mumbai",28.4,19.6,23.6,71,18.2,10.3,340,1013.4,0
20-01-2022,99,34,8,10,,4,"Siddharth Nagar Worli, Mumbai",27.1,19.5,22.9,70,17.2,10.3,329,1011.9,0
21-01-2022,76,38,15,7,,4,"Siddharth Nagar Worli, Mumbai",26.8,19.7,22.7,84,16.3,8.3,337,1011.7,0
22-01-2022,84,85,18,10,,2,"Siddharth Nagar Worli, Mumbai",26.4,20.5,23.6,81,22.7,13,273,1010.3,1.9
23-01-2022,304,146,37,16,,3,"Siddharth Nagar Worli, Mumbai",23.7,18.9,21.9,60,23.2,18.8,316,1011.5,0.4
24-01-2022,210,116,23,9,,5,"Siddharth Nagar Worli, Mumbai",24,15.8,19.6,57,27.5,14.5,1,1012.5,0
25-01-2022,182,102,37,6,,5,"Siddharth Nagar Worli, Mumbai",25.1,15.2,20,58,20.5,12.8,352,1012.1,0
26-01-2022,176,80,18,4,,6,"Siddharth Nagar Worli, Mumbai",26.9,16.6,21.1,59,22.2,13.1,352,1011.9,0
27-01-2022,157,70,14,4,,5,"Siddharth Nagar Worli, Mumbai",29,17.5,22.2,60,24.6,10.7,357,1012.1,0
28-01-2022,151,65,14,4,,4,"Siddharth Nagar Worli, Mumbai",30.4,19,23.7,51,20.7,13.5,17,1013,0
29-01-2022,140,67,18,4,,6,"Siddharth Nagar Worli, Mumbai",30.8,17.5,23.2,56,20.8,11.2,5,1014,0
30-01-2022,143,66,45,4,,6,"Siddharth Nagar Worli, Mumbai",29.2,17.2,22.6,60,18.6,9.7,342,1012.8,0
31-01-2022,139,59,33,4,,5,"Siddharth Nagar Worli, Mumbai",28.5,18.1,22.5,60,19.6,11,340,1012,0
01-02-2022,127,75,29.66666667,8,,4.333333333,"Siddharth Nagar Worli, Mumbai",29,16.8,21.8,69,22.2,12.3,341,1011.2,0
03-02-2022,161,107,23,16,,3,"Siddharth Nagar Worli, Mumbai",25.6,18.2,22.1,85,14,7.8,262,1011.3,0
04-02-2022,178,91.33333333,24.33333333,12,,3.333333333,"Siddharth Nagar Worli, Mumbai",25.3,19.1,22.4,76,14.3,8,291,1011,0
06-02-2022,146,60,27,4,,4,"Siddharth Nagar Worli, Mumbai",26.8,18.3,22.1,71,22.1,11.2,323,1013.1,0
07-02-2022,130,40,26,19,,4,"Siddharth Nagar Worli, Mumbai",25.8,18.9,21.9,81,23.5,11.9,330,1014.4,0
08-02-2022,83,49,20,5,,4,"Siddharth Nagar Worli, Mumbai",25.4,18.8,21.9,80,19,10.5,324,1013.6,0
09-02-2022,105,66,21,5,,6,"Siddharth Nagar Worli, Mumbai",26.2,18.6,22,79,20.9,12,343,1013.2,0
10-02-2022,141,74,15,4,,6,"Siddharth Nagar Worli, Mumbai",29.6,19,23.6,58,26.7,13.8,342,1012.4,0
11-02-2022,144,64,17,6,,6,"Siddharth Nagar Worli, Mumbai",32.1,20.7,25.3,50,26.8,15,2,1011.8,0
12-02-2022,132,62,34,4,,6,"Siddharth Nagar Worli, Mumbai",29.9,20.1,24.3,54,22.8,12.2,340,1011.6,0
13-02-2022,127,54,26,17,,7,"Siddharth Nagar Worli, Mumbai",29.6,19,23.7,62,22.3,11.4,334,1010.1,0
14-02-2022,113,42,30,17,,5,"Siddharth Nagar Worli, Mumbai",28.8,19.2,23.8,55,22.2,12.9,343,1010.6,0
15-02-2022,82,22,9,5,,4,"Siddharth Nagar Worli, Mumbai",27,19.7,23.1,65,19.9,12,333,1010.8,0
16-02-2022,57,34,9,4,,5,"Siddharth Nagar Worli, Mumbai",26.1,19.3,22.4,80,19.2,10.2,331,1009.3,0
17-02-2022,77,46,13,6,,6,"Siddharth Nagar Worli, Mumbai",26.4,18.1,22,81,15.2,7.6,322,1008.1,0
18-02-2022,96,67,25,5,,6,"Siddharth Nagar Worli, Mumbai",27.1,19,23.2,78,17,7.9,284,1009,0
19-02-2022,139,67,37,18,,6,"Siddharth Nagar Worli, Mumbai",28.8,19.1,23.7,75,20.3,10.7,324,1011,0
20-02-2022,140,77,48,4,,7,"Siddharth Nagar Worli, Mumbai",30.4,20.1,24.4,64,22.9,12.2,335,1010.8,0
21-02-2022,154,73,12,4,,6,"Siddharth Nagar Worli, Mumbai",30.4,18.7,23.9,57,25.6,13.1,334,1010,0
22-02-2022,138,66,18,4,,8,"Siddharth Nagar Worli, Mumbai",29.2,18.7,23.5,68,23.4,11,330,1010.9,0
23-02-2022,138,83,55,4,,7,"Siddharth Nagar Worli, Mumbai",29.3,18.9,24.1,67,21,11.7,334,1012.2,0
24-02-2022,162,118,67,4,,8,"Siddharth Nagar Worli, Mumbai",29.3,21.1,25.3,62,23.1,11.9,323,1013.6,0
25-02-2022,186,100,32,4,,7,"Siddharth Nagar Worli, Mumbai",29.9,21.1,25.2,58,26,12.7,322,1012.9,0
26-02-2022,174,88,28,4,,6,"Siddharth Nagar Worli, Mumbai",29.9,20.5,24.7,64,24.8,13.2,331,1012.8,0
27-02-2022,166,99,30,4,,8,"Siddharth Nagar Worli, Mumbai",30.1,20.3,25.1,56,25.8,13.2,328,1013,0
28-02-2022,172,91,56,5,,7,"Siddharth Nagar Worli, Mumbai",31.1,19.9,25.3,53,25.3,12.2,330,1012.5,0
01-03-2022,167,96,20,19,,8,"Siddharth Nagar Worli, Mumbai",31.2,20.4,25.6,54,22.7,12.1,335,1012.5,0
02-03-2022,169,97,23,4,,9,"Siddharth Nagar Worli, Mumbai",33.2,22.1,26.9,52,25.9,12.4,334,1011.5,0
03-03-2022,170,83,21,5,,7,"Siddharth Nagar Worli, Mumbai",34.4,22.1,27.6,46,27.6,15.9,341,1011.3,0
04-03-2022,160,90,42,18,,7,"Siddharth Nagar Worli, Mumbai",33.7,23.8,27.5,41,28.1,17.2,342,1011.8,0
05-03-2022,166,90,21,4,,10,"Siddharth Nagar Worli, Mumbai",33,21.4,26.3,53,25.8,12.1,331,1010.8,0
06-03-2022,165,77,17,4,,8,"Siddharth Nagar Worli, Mumbai",32.7,22.5,27.1,53,23.1,11.4,322,1009.8,0
07-03-2022,154,91,14,4,,8,"Siddharth Nagar Worli, Mumbai",31.2,24.5,27.5,56,19.5,11.1,320,1010.1,0
08-03-2022,162,104,39,5,,11,"Siddharth Nagar Worli, Mumbai",35.9,25.1,28.8,54,25.2,14.2,352,1010,0
09-03-2022,175,92,29,4,,10,"Siddharth Nagar Worli, Mumbai",33,24.5,28.2,57,18.4,10.8,337,1010.1,0
10-03-2022,165,93,37,4,,10,"Siddharth Nagar Worli, Mumbai",33.3,23.4,27.8,58,22.2,11.2,342,1009.8,0
11-03-2022,167,54,52,4,,8,"Siddharth Nagar Worli, Mumbai",32.2,23.5,28.3,52,19.3,10.5,327,1009.6,0
12-03-2022,105,62,26,18,,9,"Siddharth Nagar Worli, Mumbai",35.5,22.9,28.1,57,22.6,10.3,317,1009.2,0
13-03-2022,124,61,43,5,,8,"Siddharth Nagar Worli, Mumbai",35.5,22.6,28.7,52,27,13.8,338,1009.4,0
14-03-2022,121,72,22,4,,9,"Siddharth Nagar Worli, Mumbai",35,22.1,28.8,41,25.8,12.9,338,1009.8,0
15-03-2022,139,69,22,4,,7,"Siddharth Nagar Worli, Mumbai",34.4,22.8,29.1,47,25.1,14,333,1008.5,0
16-03-2022,130,59,39,18,,7,"Siddharth Nagar Worli, Mumbai",34,23.4,29.3,49,28.4,14.8,335,1007.2,0
17-03-2022,111,59,36,4,,9,"Siddharth Nagar Worli, Mumbai",32.9,23.8,29.2,50,25.6,13.1,313,1006.3,0
18-03-2022,119,53,9,3,,7,"Siddharth Nagar Worli, Mumbai",33.8,23.3,29,58,29.9,15.1,322,1006,0
19-03-2022,102,54,15,18,,6,"Siddharth Nagar Worli, Mumbai",31,24,27.6,74,20.2,10.3,255,1006.4,0
20-03-2022,111,82,19,18,,7,"Siddharth Nagar Worli, Mumbai",30.1,24.1,27.1,78,31.1,11.1,268,1007.1,0
21-03-2022,153,70,18,4,,8,"Siddharth Nagar Worli, Mumbai",30,22.8,26.7,76,27.5,12,319,1007.9,0
22-03-2022,139,64,14,4,,6,"Siddharth Nagar Worli, Mumbai",34,24,29.3,49,30.6,15.5,337,1007.2,0
23-03-2022,130,65,15.33333333,4,,6.166666667,"Siddharth Nagar Worli, Mumbai",37.4,26.3,30.5,35,31.4,16.6,342,1006.3,0
28-03-2022,126.6666667,70,22,4,,7,"Siddharth Nagar Worli, Mumbai",31.5,24.3,27.6,82,22.8,10.8,295,1009.9,0
29-03-2022,126,35,13,4,,7,"Siddharth Nagar Worli, Mumbai",32.6,23.5,28.2,70,23.2,12.7,313,1008.5,0
30-03-2022,76,72,11,4,,7,"Siddharth Nagar Worli, Mumbai",32.9,23.9,28.1,70,22.7,11,317,1008.3,0
31-03-2022,107,61,17,4,,7,"Siddharth Nagar Worli, Mumbai",31.2,22.7,26.7,75,19,9.1,309,1009.1,0
01-04-2022,130,60,9,19,,7,"Siddharth Nagar Worli, Mumbai",32,22.5,26.6,78,22.1,10.2,307,1009.1,0
02-04-2022,127,48,18,4,,8,"Siddharth Nagar Worli, Mumbai",30.2,23.3,27,79,21.4,8.3,267,1010,0
03-04-2022,103,43,18,19,,8,"Siddharth Nagar Worli, Mumbai",30.8,23.5,27.3,80,25,10.3,291,1009.3,0.1
04-04-2022,95,57,21,4,,6,"Siddharth Nagar Worli, Mumbai",31,24.7,27.9,82,26.1,10.5,272,1009.6,0
05-04-2022,99,37,21,4,,5,"Siddharth Nagar Worli, Mumbai",31.4,25,28.2,82,25.8,11,273,1011.3,0
06-04-2022,78,39,28,19,,6,"Siddharth Nagar Worli, Mumbai",31.2,25.1,28.1,81,22.1,11.2,262,1011.6,0
07-04-2022,89,36,25,18,,6,"Siddharth Nagar Worli, Mumbai",31.6,25.2,28.3,81,21,9.4,263,1010.3,0
08-04-2022,78,39,21,4,,6,"Siddharth Nagar Worli, Mumbai",32,24.3,28.3,81,23.9,11.3,239,1008.7,0
09-04-2022,82,37,11,19,,5,"Siddharth Nagar Worli, Mumbai",31.1,26.3,28.5,82,19.6,11.4,219,1008.5,0
10-04-2022,73,52,25,4,,5,"Siddharth Nagar Worli, Mumbai",31.7,26.1,28.7,75,21.7,11,251,1008.5,0
11-04-2022,95,31,17,4,,6,"Siddharth Nagar Worli, Mumbai",31.4,26,28.6,75,26.4,9.9,282,1007.6,0
12-04-2022,71,45,22,4,,7,"Siddharth Nagar Worli, Mumbai",32.7,24.8,28.6,75,25.6,12.3,319,1006.2,0
13-04-2022,92,34,13,19,,6,"Siddharth Nagar Worli, Mumbai",34.2,24.5,29.3,69,26.5,13.2,323,1005.4,0
14-04-2022,71,47,21,4,,7,"Siddharth Nagar Worli, Mumbai",31.4,25.3,28.6,78,20.1,10.8,274,1006.5,0
15-04-2022,97,41.66666667,21.66666667,4,,6.333333333,"Siddharth Nagar Worli, Mumbai",31.3,25.4,28.4,76,20.8,9.6,260,1007.3,0
17-04-2022,74.33333333,31,23,4,,5,"Siddharth Nagar Worli, Mumbai",31.1,24.6,27.9,76,21.9,10.9,259,1007.4,0.1
18-04-2022,63,40,11,4,,6,"Siddharth Nagar Worli, Mumbai",30.9,25.3,28.2,75,25.3,9.9,279,1009.5,0
19-04-2022,84,29,10,4,,6,"Siddharth Nagar Worli, Mumbai",31.5,24.8,28.2,78,25.1,12,306,1010.8,0
20-04-2022,67,30.44444444,10,4,,6.111111111,"Siddharth Nagar Worli, Mumbai",32.5,25.9,29.3,76,25.3,13.8,323,1008.5,0
28-04-2022,87.44444444,42,10,4,,7,"Siddharth Nagar Worli, Mumbai",35,26.7,30.7,65,21.1,10.8,271,1006.6,0
29-04-2022,90,35,21,19,,8,"Siddharth Nagar Worli, Mumbai",32.4,28.1,30,78,19.6,15.3,244,1008.6,0
30-04-2022,78,29,14,4,,7,"Siddharth Nagar Worli, Mumbai",32.2,26.3,29.2,78,20.9,11.4,234,1007.2,0
01-05-2022,69,35,15,19,,7,"Siddharth Nagar Worli, Mumbai",32,26.5,29.4,79,17.8,10.6,244,1006.2,0
02-05-2022,77,50,16,19,,7,"Siddharth Nagar Worli, Mumbai",31.8,28.3,29.9,76,20.5,11.9,245,1006.4,0
03-05-2022,101,55,17,19,,7,"Siddharth Nagar Worli, Mumbai",32.3,28,30,75,20.6,10.7,268,1007.1,0
04-05-2022,113,63,18,18,,7,"Siddharth Nagar Worli, Mumbai",31.9,27.3,29.3,77,22.9,11.3,295,1008.1,0
05-05-2022,137,95,8,19,,7,"Siddharth Nagar Worli, Mumbai",32.6,26.2,29,80,25.6,13.3,316,1008,0
06-05-2022,169,92,18,4,,9,"Siddharth Nagar Worli, Mumbai",32.4,26.6,29.1,78,25,13.6,317,1007.4,0.2
07-05-2022,168,56,9,22,,11,"Siddharth Nagar Worli, Mumbai",32.5,26.6,29.3,80,24.7,12.5,305,1006.8,0
08-05-2022,124,59,12,5,,9,"Siddharth Nagar Worli, Mumbai",32.7,26.7,29.7,80,30,12.8,307,1005,0
09-05-2022,97,39,4,19,,11,"Siddharth Nagar Worli, Mumbai",32.2,27.5,29.6,80,26,13.9,297,1004.1,0
10-05-2022,66,34,6,5,,9,"Siddharth Nagar Worli, Mumbai",32.2,28.4,29.9,75,26.2,14.6,296,1003.9,0
11-05-2022,78,50,13,18,,11,"Siddharth Nagar Worli, Mumbai",32,27.8,29.8,76,20.8,12.6,268,1003.7,0
12-05-2022,102,28,12,19,,10,"Siddharth Nagar Worli, Mumbai",32,28.7,29.9,72,19.4,16.2,250,1004.7,0
13-05-2022,67,29,8,19,,10,"Siddharth Nagar Worli, Mumbai",31.7,28.6,29.8,72,19.7,15.2,242,1004.5,0
14-05-2022,63,30,5,18,,10,"Siddharth Nagar Worli, Mumbai",31.9,28.5,29.8,72,18.2,13.6,247,1004.9,0
15-05-2022,66,36,26,18,,7,"Siddharth Nagar Worli, Mumbai",32.5,28.5,29.9,73,19.5,14.3,268,1006,0
16-05-2022,76,38,27,19,,5,"Siddharth Nagar Worli, Mumbai",32.2,27.9,29.7,74,24.8,13.6,291,1005.3,0
17-05-2022,82,56,15,19,,5,"Siddharth Nagar Worli, Mumbai",32,28.4,29.8,73,19.5,12.3,276,1004.5,0
18-05-2022,110,92,24,18,,5,"Siddharth Nagar Worli, Mumbai",31.7,27.7,29.5,73,22.8,11.8,281,1004.8,0
19-05-2022,156,104,12,17.63333333,,5,"Siddharth Nagar Worli, Mumbai",31.6,28,29.5,73,23.3,13.4,284,1005.2,0
20-05-2022,176,79,9,17.26666667,,4,"Siddharth Nagar Worli, Mumbai",31.6,28.2,29.6,69,20.3,15.5,248,1006.3,0.1
21-05-2022,158,50,8,16.9,,4,"Siddharth Nagar Worli, Mumbai",32,28.8,30.1,65,22.7,17.9,237,1006.1,0.1
22-05-2022,103,35,3,7,,3,"Siddharth Nagar Worli, Mumbai",32.3,29,30.2,67,23.5,22,246,1004.3,0.4
23-05-2022,76,40,8,7,,4,"Siddharth Nagar Worli, Mumbai",32.5,28.9,30.3,70,23.5,21.1,244,1003.5,0.9
24-05-2022,83,44,7,7,,4,"Siddharth Nagar Worli, Mumbai",32.1,28.6,30.2,70,23.4,18.4,256,1006.1,0.2
25-05-2022,92,50,7,7,,5,"Siddharth Nagar Worli, Mumbai",31.9,28,29.7,72,19.6,13.3,280,1008.3,1.2
26-05-2022,106,38,7,7,,4,"Siddharth Nagar Worli, Mumbai",32,28.3,30,67,19.5,13.9,266,1008.1,0
27-05-2022,80,32,8,7,,5,"Siddharth Nagar Worli, Mumbai",32.8,28.7,30.4,62,20.6,16.2,255,1007.8,0
28-05-2022,70,37,4,7,,4,"Siddharth Nagar Worli, Mumbai",32.7,28.9,30.5,61,20.8,17,255,1006.8,0
29-05-2022,77,48,8,7,,4,"Siddharth Nagar Worli, Mumbai",32.6,29.2,30.5,62,21.6,17.1,259,1006.9,0
30-05-2022,99,51,4,7,,4,"Siddharth Nagar Worli, Mumbai",32.3,28.7,30.2,64,20.6,15.3,267,1006.6,0
31-05-2022,107,53,9,7,,4,"Siddharth Nagar Worli, Mumbai",32.5,28.5,30,67,22.4,15.1,280,1005.9,0
01-06-2022,112,59,10,4,,4,"Siddharth Nagar Worli, Mumbai",32,28.5,29.8,68,23,14.5,283,1006.1,0
02-06-2022,127,61,5,4,,4,"Siddharth Nagar Worli, Mumbai",31.8,28.2,29.7,70,22.7,14.2,278,1006.3,0
03-06-2022,133,48,7,4,,5,"Siddharth Nagar Worli, Mumbai",31.4,28,29.4,72,21.6,14.7,282,1006,0
04-06-2022,99,38,10,4,,5,"Siddharth Nagar Worli, Mumbai",32,27.9,29.7,72,20.5,13.9,288,1005.6,0
05-06-2022,83,39,9,4,,5,"Siddharth Nagar Worli, Mumbai",31.8,27.8,29.6,73,21.6,11.5,279,1005.4,0
06-06-2022,83,34,9,4,,5,"Siddharth Nagar Worli, Mumbai",31.5,28.2,29.7,71,20.1,11.6,255,1005.9,0.2
07-06-2022,76,18,9,4,,5,"Siddharth Nagar Worli, Mumbai",32.1,28.5,29.8,73,20,11.2,240,1006.1,0.4
08-06-2022,47,17,10,4,,6,"Siddharth Nagar Worli, Mumbai",31.2,27.5,29.3,79,18.8,14.1,240,1005.9,2.3
09-06-2022,43,27,4,4,,6,"Siddharth Nagar Worli, Mumbai",30.5,27.1,28.7,80,18.1,11.8,237,1004.8,15.1
10-06-2022,58,14,3,4,,6,"Siddharth Nagar Worli, Mumbai",30.4,26.9,28.1,82,20.9,14,200,1004.7,10.9
11-06-2022,36,9,5,4,,7,"Siddharth Nagar Worli, Mumbai",29.5,25.9,27.3,83,25.8,18.2,201,1005.3,22.6
12-06-2022,26,23,3,4,,6,"Siddharth Nagar Worli, Mumbai",28.4,25.9,26.8,85,27.7,19.3,189,1005.3,12
13-06-2022,55,35,6,4,,6,"Siddharth Nagar Worli, Mumbai",29.5,25.5,27.7,82,28.3,22.1,190,1006.4,7.4
14-06-2022,78,34,7,4,,7,"Siddharth Nagar Worli, Mumbai",30.2,25.6,28.3,80,24.8,20.3,200,1006.6,2.7
15-06-2022,75,32,3,4,,6,"Siddharth Nagar Worli, Mumbai",29.9,26.4,28.4,79,23.1,17.2,223,1006,3.5
16-06-2022,70,34,7,4,,7,"Siddharth Nagar Worli, Mumbai",30,26.2,28.1,81,23.7,15.9,208,1005.7,4.5
17-06-2022,74,28,2,7,,7,"Siddharth Nagar Worli, Mumbai",29.6,26.3,28,82,21.6,16.7,208,1005.1,3.1
18-06-2022,67,17,3,8,,8,"Siddharth Nagar Worli, Mumbai",29.8,26.6,28.4,80,24.3,18.1,205,1005.2,6.1
19-06-2022,44,14,3,3,,8,"Siddharth Nagar Worli, Mumbai",28.6,25.8,27.2,85,24.5,19.6,211,1005.7,28
20-06-2022,39,26,3,4,,8,"Siddharth Nagar Worli, Mumbai",26.7,25.8,26.3,90,21.8,16.7,226,1004.8,50.7
21-06-2022,54,35,4,7,,7,"Siddharth Nagar Worli, Mumbai",27.8,24.9,26.3,88,23.7,17.6,202,1002.7,29.4
22-06-2022,65,29,10,4,,9,"Siddharth Nagar Worli, Mumbai",29,25.1,26.7,87,22.2,15.6,184,1003.8,22.4
23-06-2022,59,30,5,10,,9,"Siddharth Nagar Worli, Mumbai",28.3,24.9,26.6,87,14,10.3,166,1004.9,27.8
24-06-2022,68,15,8,3,,9,"Siddharth Nagar Worli, Mumbai",29.7,25.8,27,86,24.9,15.6,155,1003.1,17.7
25-06-2022,38,21,4,4,,8,"Siddharth Nagar Worli, Mumbai",28.9,25.7,26.8,87,25.3,19.6,146,1000.3,14.4
26-06-2022,54,27,6,6,,9,"Siddharth Nagar Worli, Mumbai",28,25.7,26.4,88,31.3,24.2,161,1000.5,16.6
27-06-2022,64,31,8,8,,10,"Siddharth Nagar Worli, Mumbai",28.3,25.8,26.6,88,24.7,20.7,201,1003.1,35.9
28-06-2022,68,93,8,3,,6,"Siddharth Nagar Worli, Mumbai",28.2,25.8,26.6,87,21.5,17.9,203,1004.6,10
29-06-2022,126,22,4,5,,3,"Siddharth Nagar Worli, Mumbai",28.2,25.9,26.9,87,23.2,17.2,217,1003.5,15.6
30-06-2022,49,34,5,7,,4,"Siddharth Nagar Worli, Mumbai",27.7,25.3,26.3,89,20.9,16,220,1003.4,46.5
01-07-2022,78,68,8,1,,3,"Siddharth Nagar Worli, Mumbai",26.5,24.9,25.9,91,21.2,16.8,222,1004,63.3
02-07-2022,143,62,9,1,,4,"Siddharth Nagar Worli, Mumbai",27.8,25.3,26.3,89,23.3,17.6,231,1002.7,27.3
03-07-2022,137,49,10,1,,4,"Siddharth Nagar Worli, Mumbai",27.6,25.1,26.4,88,25.1,19.3,215,1002.4,21.2
04-07-2022,108,48,5,1,,4,"Siddharth Nagar Worli, Mumbai",27.2,25.4,26.2,89,23.8,18.3,226,1002.3,38.7
05-07-2022,106,49,10,4,,3,"Siddharth Nagar Worli, Mumbai",26.6,25.6,26.2,90,25,20.4,244,1001,49.4
06-07-2022,108,56,10,4,,4,"Siddharth Nagar Worli, Mumbai",27.1,25.4,26.1,90,24.1,20.5,223,1002.3,40.8
07-07-2022,126,49,12,1,,4,"Siddharth Nagar Worli, Mumbai",27.4,25.9,26.5,88,26.8,22.4,247,1005.2,39.8
08-07-2022,107,44,13,3,,5,"Siddharth Nagar Worli, Mumbai",28.7,25.8,26.8,86,28.5,22.9,264,1004.7,23.5
09-07-2022,92,44,14,3,,6,"Siddharth Nagar Worli, Mumbai",27.3,24.1,25.7,90,27.7,20.2,263,1003.4,43
10-07-2022,89,46,14,3,,6,"Siddharth Nagar Worli, Mumbai",26.7,24.2,25.6,90,24.5,19.1,269,1004.4,42.8
11-07-2022,97,29,7,3,,8,"Siddharth Nagar Worli, Mumbai",25.9,24.1,25,91,28.1,20.5,270,1005.9,86.9
12-07-2022,61,34,10.5,3.5,,7.5,"Siddharth Nagar Worli, Mumbai",25.9,24.4,25.1,91,25.9,20.6,269,1005.5,68.5
13-07-2022,68,39,14,4,,7,"Siddharth Nagar Worli, Mumbai",26.1,24.5,25.5,90,35,26.5,262,1002.1,69.7
14-07-2022,75,50,8,4,,6,"Siddharth Nagar Worli, Mumbai",26.2,25,25.8,90,35.7,29.8,238,999.3,58.9
15-07-2022,110,53,14,5,,1,"Siddharth Nagar Worli, Mumbai",28.2,25.8,26.7,85,40.4,34.2,230,999.6,23.3
16-07-2022,117,41,10,14,,2,"Siddharth Nagar Worli, Mumbai",27.9,25.8,26.7,86,35.4,30,228,1001,26.5
17-07-2022,93,37,6,5,,1,"Siddharth Nagar Worli, Mumbai",28.5,26,27.1,84,26.9,21.3,236,1004,15.8
18-07-2022,81,41,7,5,,2,"Siddharth Nagar Worli, Mumbai",26.3,24.2,25.6,90,21.6,17.5,243,1005.1,31.2
19-07-2022,87,28,13,16,,2,"Siddharth Nagar Worli, Mumbai",26.3,24.4,25.6,90,22.4,16.5,243,1005.8,32
20-07-2022,66,25,9,12,,2,"Siddharth Nagar Worli, Mumbai",27.7,25.4,26.4,86,19.1,15.5,243,1006.6,12.2
21-07-2022,62,37,14,3,,3,"Siddharth Nagar Worli, Mumbai",27.7,25.5,26.6,84,20.4,13.7,249,1006.9,6.5
22-07-2022,84,30,14,3,,5,"Siddharth Nagar Worli, Mumbai",29,25.4,27.1,82,21.9,13.4,268,1007.4,4.1
23-07-2022,69,23,6,2,,5,"Siddharth Nagar Worli, Mumbai",26.8,25.2,26,87,19.5,15.8,256,1005.7,27.7
24-07-2022,59,24,6,4,,6,"Siddharth Nagar Worli, Mumbai",26.5,25.3,25.7,89,22.7,16.5,240,1005,22
25-07-2022,60,24,6,6,,5,"Siddharth Nagar Worli, Mumbai",28,25.2,26.5,85,20,15.4,228,1006.3,10.2
26-07-2022,62,23,10,11,,6,"Siddharth Nagar Worli, Mumbai",27.2,25.7,26.5,85,17.3,12.1,226,1008.1,5.5
27-07-2022,57,36,5,2,,6,"Siddharth Nagar Worli, Mumbai",28.2,25.3,26.5,86,14,6.3,247,1008,6.4
28-07-2022,80,31,9,4,,6,"Siddharth Nagar Worli, Mumbai",28.8,25.2,27.2,86,17.5,7.6,307,1008.7,1.4
29-07-2022,69,25,9,3.666666667,,5,"Siddharth Nagar Worli, Mumbai",29.2,25.6,27.5,86,18.1,10,328,1008.2,2.4
30-07-2022,58,16,5,3.333333333,,5,"Siddharth Nagar Worli, Mumbai",29.1,26.5,27.7,83,17.9,10.2,306,1007.3,1.4
31-07-2022,40,11,11,3,,6,"Siddharth Nagar Worli, Mumbai",29,26,27.6,83,18.7,10.9,290,1005.8,2.3
01-08-2022,28,8,12,2,,6,"Siddharth Nagar Worli, Mumbai",28.8,26,27.4,83,18,11.2,287,1006,1.4
02-08-2022,23,10,12,1,,7,"Siddharth Nagar Worli, Mumbai",29,26,27.4,83,17.8,10.4,291,1005,2.4
03-08-2022,29,9,8,1,,7,"Siddharth Nagar Worli, Mumbai",28.8,25.8,27.3,84,15.6,8.5,282,1004.1,9
04-08-2022,29,9,6,2,,6,"Siddharth Nagar Worli, Mumbai",28.5,25.7,27.1,87,15.2,5.9,262,1003,11
05-08-2022,27,9.666666667,9,3,,5.571428571,"Siddharth Nagar Worli, Mumbai",26.7,25.9,26.3,90,18.4,9.2,212,1001.6,25.2
07-08-2022,28.33333333,11,15,5,,4.714285714,"Siddharth Nagar Worli, Mumbai",27.7,25.5,26.4,90,18.6,12.4,223,999.8,64.3
08-08-2022,29,31,17,3,,4.285714286,"Siddharth Nagar Worli, Mumbai",27.2,25.9,26.4,89,40.6,15.8,243,998.4,55.2
09-08-2022,73,37,15.33333333,4,,3,"Siddharth Nagar Worli, Mumbai",27.1,25.7,26.3,89,38.2,34,237,997.8,92.6
11-08-2022,95.66666667,49,12,6,,3,"Siddharth Nagar Worli, Mumbai",28,25.7,26.6,85,42.3,36,227,998.9,23.4
12-08-2022,107,41,13,19,,2.666666667,"Siddharth Nagar Worli, Mumbai",28,25.3,26.8,82,42.8,37.7,225,1002.2,17.3
13-08-2022,94,37,12.6,17.2,,2.333333333,"Siddharth Nagar Worli, Mumbai",28.4,25.4,26.8,83,32.2,28.8,230,1004.2,17.8
17-08-2022,66,21,11,10,,1,"Siddharth Nagar Worli, Mumbai",27.7,25,26.3,85,31.7,27.5,222,1006.5,23.8
18-08-2022,59,20,12,21,,2,"Siddharth Nagar Worli, Mumbai",27.8,25,26.6,83,29.4,24.7,231,1007,7.6
19-08-2022,54,18,12,22,,1,"Siddharth Nagar Worli, Mumbai",27.9,25.3,26.4,85,26.4,20.3,233,1007.4,13.9
20-08-2022,51,21,12,23,,2,"Siddharth Nagar Worli, Mumbai",27.9,25.5,26.5,85,23.9,18.1,252,1007.2,6.2
21-08-2022,52,23,11,22,,1,"Siddharth Nagar Worli, Mumbai",27.9,25.4,26.5,85,23.5,19.2,262,1006.1,4.7
22-08-2022,58,20,12,24,,3,"Siddharth Nagar Worli, Mumbai",27.6,25.5,26.4,85,26.2,22.3,262,1004.9,5.6
23-08-2022,54,22,12,23,,2,"Siddharth Nagar Worli, Mumbai",28.1,25.3,26.4,85,27.2,22.6,246,1005,8
24-08-2022,56,26,11,27,,3,"Siddharth Nagar Worli, Mumbai",27.9,25.2,26.3,85,24.7,19.7,242,1007.6,9
25-08-2022,64,31,12,15,,2,"Siddharth Nagar Worli, Mumbai",27.4,24.8,26,86,18.2,13.1,231,1007.5,7
26-08-2022,70,50,11,31,,3,"Siddharth Nagar Worli, Mumbai",27.8,24.6,26.3,84,16.4,10,241,1007.5,2.1
27-08-2022,100,40,11,31,,3,"Siddharth Nagar Worli, Mumbai",28.1,25,26.5,83,17.7,9.8,274,1007.8,2
28-08-2022,84,32,4,16,,3,"Siddharth Nagar Worli, Mumbai",28,25.1,26.5,84,18.5,9.3,294,1007.4,2.3
29-08-2022,70,56,15,33,,4,"Siddharth Nagar Worli, Mumbai",28.6,24.8,26.6,84,18.1,8.5,314,1008.5,1.1
30-08-2022,115,50,19,32,,4,"Siddharth Nagar Worli, Mumbai",29.2,25.7,27.3,85,19.9,11.2,333,1008.5,1.9
31-08-2022,101,39,8,18,,6,"Siddharth Nagar Worli, Mumbai",29.2,25.5,27.6,87,18.5,9.3,327,1006.9,16.6
01-09-2022,81,55,9,17,,6,"Siddharth Nagar Worli, Mumbai",28.6,25.2,26.9,87,17.2,6.5,348,1006.8,6.2
02-09-2022,112,41,25,36,,7,"Siddharth Nagar Worli, Mumbai",29.9,25.3,27.5,87,15.8,7.4,346,1007,5.7
03-09-2022,88,28,12,18,,6,"Siddharth Nagar Worli, Mumbai",29.7,25.8,27.8,85,16.1,10.1,216,1007.4,1
04-09-2022,61,21,3,18,,5,"Siddharth Nagar Worli, Mumbai",28.2,26,27,88,15.5,9.5,260,1007.7,10.7
05-09-2022,52,25,4,37,,5,"Siddharth Nagar Worli, Mumbai",29,26.1,27.5,84,16.7,10,298,1007.6,5.1
06-09-2022,55,36,7,34,,5,"Siddharth Nagar Worli, Mumbai",28.5,25.4,27.2,84,14,6.9,319,1007.1,3.2
07-09-2022,77,40.4,7.6,31.2,,5.4,"Siddharth Nagar Worli, Mumbai",29.8,25.7,27.2,87,16.3,8.5,356,1006.8,22.4
11-09-2022,88.2,58,10,20,,7,"Siddharth Nagar Worli, Mumbai",29.1,25.2,26.7,88,14.3,6.5,325,1002.2,21.7
12-09-2022,91,10,10,20,,7,"Siddharth Nagar Worli, Mumbai",28.1,25.2,26.5,89,19.7,8.1,228,1001,33
13-09-2022,30,13,20,32,,6,"Siddharth Nagar Worli, Mumbai",27,25.3,26.2,89,27.2,19,245,1002.9,62.6
14-09-2022,38,18,8,31,,6,"Siddharth Nagar Worli, Mumbai",27.7,25.5,26.3,88,31.6,25.2,227,1006,66
15-09-2022,48,20,8,34,,6,"Siddharth Nagar Worli, Mumbai",27.6,25.4,26.4,87,33.8,28.4,234,1007.3,57.3
16-09-2022,53,19,12,35,,6,"Siddharth Nagar Worli, Mumbai",26.2,24.9,25.8,90,29.6,22,245,1006.4,95.8
17-09-2022,51,11,7,37,,7,"Siddharth Nagar Worli, Mumbai",27.4,24.7,25.6,88,23.2,15.2,219,1006.8,22.8
18-09-2022,31,23,5,43,,8,"Siddharth Nagar Worli, Mumbai",26.6,24.2,25.2,90,17,11.5,244,1008.6,64
19-09-2022,56,33,6,44,,9,"Siddharth Nagar Worli, Mumbai",27.7,24.5,26,83,19.8,9.1,258,1009.1,5.3
20-09-2022,73,27,3,44,,7,"Siddharth Nagar Worli, Mumbai",26.4,24.6,25.6,85,15.5,6.4,281,1008.8,8.6
21-09-2022,62,43,2,24,,8,"Siddharth Nagar Worli, Mumbai",27,24.5,25.5,87,16,7.1,269,1008.8,13.4
22-09-2022,85,37,3,45,,8,"Siddharth Nagar Worli, Mumbai",25.8,24.7,25.2,88,17.3,8.1,235,1009.2,20.5
23-09-2022,80,20,7,42,,9,"Siddharth Nagar Worli, Mumbai",27.6,24.5,26.1,82,20.8,12,212,1009.1,3.9
24-09-2022,38,16,10,43,,7,"Siddharth Nagar Worli, Mumbai",27.1,24.5,25.5,86,18.7,12.4,209,1008.5,5.6
25-09-2022,33,20,7,44,,7,"Siddharth Nagar Worli, Mumbai",27.3,24.5,25.8,85,12.5,8.3,232,1008.3,4.5
26-09-2022,48,26,3,23,,8,"Siddharth Nagar Worli, Mumbai",27.6,24,25.9,84,16,7.4,272,1010,5
27-09-2022,62,53,11,47,,9,"Siddharth Nagar Worli, Mumbai",27.8,24.2,26.2,84,13.7,6.4,294,1008.8,2.4
28-09-2022,103,48,18,42,,8,"Siddharth Nagar Worli, Mumbai",28,24.3,26.3,86,17.1,7.9,288,1007.8,0.1
29-09-2022,98,51,19,43,,8,"Siddharth Nagar Worli, Mumbai",27.8,24.4,26.1,88,15.8,6.9,334,1007.6,2.9
30-09-2022,106,50,10,43,,10,"Siddharth Nagar Worli, Mumbai",28.8,24.8,26.7,88,16.6,8.2,333,1008.1,1.8
01-10-2022,101,10,5,23,,9,"Siddharth Nagar Worli, Mumbai",28,23.6,26.1,88,16.8,8.2,315,1008.9,6.8
02-10-2022,27,27,6,42,,8,"Siddharth Nagar Worli, Mumbai",28.6,24.2,26.5,86,16.6,7.6,321,1009,1.7
03-10-2022,61,39,8,23,,9,"Siddharth Nagar Worli, Mumbai",28.6,24.6,26.5,86,19.9,9.9,334,1009.4,1.4
04-10-2022,82,38,21,22,,10,"Siddharth Nagar Worli, Mumbai",29.3,24.9,27.2,85,21.1,11.1,339,1009.2,0.1
05-10-2022,79,21,14,43,,10,"Siddharth Nagar Worli, Mumbai",29.8,25.3,27.3,88,22.7,9,351,1008.1,1.4
06-10-2022,54,26,11,23,,9,"Siddharth Nagar Worli, Mumbai",29.6,24.9,27.5,85,21.3,11.4,314,1006.3,3.6
07-10-2022,61,15,10,44,,10,"Siddharth Nagar Worli, Mumbai",27.1,24.4,26.1,86,22.5,10.5,295,1005.3,34.3
08-10-2022,38,13,4,23,,9,"Siddharth Nagar Worli, Mumbai",27.3,25.1,26.1,86,21.4,15,235,1007.5,38.3
09-10-2022,33,43,7,25,,11,"Siddharth Nagar Worli, Mumbai",28.8,25.5,26.9,84,14.4,9.5,214,1009,1.7
10-10-2022,87,40,9,43,,12,"Siddharth Nagar Worli, Mumbai",29.5,24.8,27.1,86,14.8,7.1,348,1009.9,0.4
11-10-2022,82,46,8,47,,14,"Siddharth Nagar Worli, Mumbai",29.7,25,26.9,88,14.3,6,8,1008.8,10.7
12-10-2022,97,57,5,26,,15,"Siddharth Nagar Worli, Mumbai",28.1,24.5,26.1,88,11.8,6.4,41,1009.5,19.9
13-10-2022,117,48,5,45,,13,"Siddharth Nagar Worli, Mumbai",29.3,24.3,26.6,89,9.7,4.9,43,1009.5,3
14-10-2022,93,48,7,25,,16,"Siddharth Nagar Worli, Mumbai",30.6,24.9,26.8,86,11.5,6.2,78,1009.4,14.6
15-10-2022,95,63,28,45,,12,"Siddharth Nagar Worli, Mumbai",31.6,24.5,27.5,78,13.5,7.7,8,1008.3,0.7
16-10-2022,119,61.375,25,45.375,,12.5,"Siddharth Nagar Worli, Mumbai",31.8,24.9,27.8,70,18.7,12.7,27,1009.3,0.1
23-10-2022,98,50,4,48,,16,"Siddharth Nagar Worli, Mumbai",31.3,23.2,26.7,72,14.1,8.9,13,1013,0
24-10-2022,95,46,24,45,,15,"Siddharth Nagar Worli, Mumbai",30.4,21.6,26,74,15.5,8.5,351,1011.2,0
25-10-2022,88,55,19,45,,15,"Siddharth Nagar Worli, Mumbai",29.7,22.4,25.9,77,14.3,7.8,346,1011.3,0
26-10-2022,102,60,23,46,,15,"Siddharth Nagar Worli, Mumbai",30.3,22.2,25.7,75,16.4,8.9,0,1012.7,0
27-10-2022,114,54,23,46,,14,"Siddharth Nagar Worli, Mumbai",30.2,22,25.7,75,16.6,8.5,3,1012.5,0
28-10-2022,104,58,12,46,,13,"Siddharth Nagar Worli, Mumbai",31.3,21.9,26.2,69,15.5,9,44,1011.9,0
29-10-2022,108,50,18,48,,11,"Siddharth Nagar Worli, Mumbai",31.8,21.8,26,66,14.1,8.4,53,1011.7,0
30-10-2022,96,56,23,54,,12,"Siddharth Nagar Worli, Mumbai",31.8,20.7,25.8,65,16.1,9.7,21,1012,0
31-10-2022,109,57,26,59,,12,"Siddharth Nagar Worli, Mumbai",31.8,21.2,25.7,67,18.4,8.9,25,1011.6,0
01-11-2022,109,52,31,59,,12,"Siddharth Nagar Worli, Mumbai",31.4,21.5,25.8,63,18.2,9.4,35,1012.3,0
02-11-2022,95,51,21,61,,13,"Siddharth Nagar Worli, Mumbai",31.4,21.7,25.8,69,21.5,11.3,11,1011.6,0
03-11-2022,99,57,15,58,,13,"Siddharth Nagar Worli, Mumbai",32.7,21,26.3,61,15.5,10.8,26,1011.2,0
04-11-2022,111,59,25,52,,9,"Siddharth Nagar Worli, Mumbai",33.3,21.3,26.3,63,17.2,9.5,28,1011.9,0
05-11-2022,111,74,22,52,,3,"Siddharth Nagar Worli, Mumbai",33.2,21,26.3,61,15.7,8.8,10,1013,0
06-11-2022,133,72,29,52,,3,"Siddharth Nagar Worli, Mumbai",32.2,21.1,25.9,67,16.3,9.3,1,1013.4,0
07-11-2022,139,71,23,50,,3,"Siddharth Nagar Worli, Mumbai",31.3,20.8,25.5,71,15.7,8.2,359,1013.2,0
08-11-2022,139,79,27,49,,4,"Siddharth Nagar Worli, Mumbai",31.8,21.5,26.2,66,19.1,10.4,358,1012.9,0
09-11-2022,146,76,19,51,,4,"Siddharth Nagar Worli, Mumbai",31.3,22.2,26.2,63,20.7,9.6,350,1012.7,0
10-11-2022,142,68,19,49,,2,"Siddharth Nagar Worli, Mumbai",32.4,21.6,26.2,63,24.3,9.9,8,1013,0
11-11-2022,133,65,26,48,,1,"Siddharth Nagar Worli, Mumbai",32.7,21.2,26.5,59,19.4,10.8,26,1013.2,0
12-11-2022,129,68,35,45,,1,"Siddharth Nagar Worli, Mumbai",32.7,22.4,26.7,60,21.8,12.4,17,1012.9,0
13-11-2022,131,76,43,42,,3,"Siddharth Nagar Worli, Mumbai",32.7,22.6,26.7,59,20.4,11.8,14,1011.9,0
14-11-2022,147,89,39,21,,5,"Siddharth Nagar Worli, Mumbai",31.7,21.8,26.1,72,17.3,8.7,353,1012.1,0
15-11-2022,157,77,24,16,,4,"Siddharth Nagar Worli, Mumbai",31,22.2,26.2,72,16.5,9.1,344,1012.7,0
16-11-2022,141,70,22,15,,1,"Siddharth Nagar Worli, Mumbai",31.8,21.7,26.2,66,17.2,9.5,350,1011.9,0
17-11-2022,132,60,19,29,,1,"Siddharth Nagar Worli, Mumbai",32,22.1,26,60,21.5,11.1,6,1011.8,0
18-11-2022,115,59,25,33,,1,"Siddharth Nagar Worli, Mumbai",31.4,21.9,25.8,52,22.2,12.5,11,1012.2,0
19-11-2022,113,66,28,32,,1,"Siddharth Nagar Worli, Mumbai",31.2,21.3,25.5,51,19.8,12,20,1012.1,0
20-11-2022,127,61,38,34,,1,"Siddharth Nagar Worli, Mumbai",30,19.8,24.5,55,21.9,11.5,18,1011.2,0
21-11-2022,118,75,36,32,,1,"Siddharth Nagar Worli, Mumbai",29.4,18.6,23.7,59,18.4,10.7,358,1011.1,0
22-11-2022,142,80,40,35,,3,"Siddharth Nagar Worli, Mumbai",30.2,19.5,24.2,63,18.4,10.9,355,1011,0
23-11-2022,144,82,34,32,,3,"Siddharth Nagar Worli, Mumbai",30.9,21.7,25.4,59,20.9,11.6,356,1011,0
24-11-2022,156,87,24,35,,4,"Siddharth Nagar Worli, Mumbai",30.6,20.9,25.3,63,19.1,10,347,1010.7,0
25-11-2022,159,100,26,34,,7,"Siddharth Nagar Worli, Mumbai",31.2,21.3,26.1,66,14.6,8.1,346,1011.2,0
26-11-2022,171,95,33,34,,6,"Siddharth Nagar Worli, Mumbai",31.7,22.7,26.4,70,16.2,8.5,350,1010.4,0
27-11-2022,165,70,30,33,,5,"Siddharth Nagar Worli, Mumbai",29.7,22.5,26.2,71,15.9,8.3,327,1008.7,0
28-11-2022,142,68,28,32,,3,"Siddharth Nagar Worli, Mumbai",29.8,21.1,25.1,68,18.2,9.6,332,1009.6,0
29-11-2022,139,91,30,34,,7,"Siddharth Nagar Worli, Mumbai",29.2,19.9,24.4,72,16.3,9.4,335,1010.5,0
30-11-2022,165,86,35,33,,4,"Siddharth Nagar Worli, Mumbai",31.2,21.1,26,67,15.9,8.1,348,1011.1,0
01-12-2022,160,92,27,33,,7,"Siddharth Nagar Worli, Mumbai",31.8,22.1,26,63,18.1,9.2,10,1011,0
02-12-2022,162,84,27,31,,4,"Siddharth Nagar Worli, Mumbai",31.3,19.7,25.3,64,15.1,8.7,358,1010.4,0
03-12-2022,158,93,30,31,,6,"Siddharth Nagar Worli, Mumbai",30.6,20.9,25.4,64,20.4,10.2,346,1010.6,0
04-12-2022,162,94,9,30,,8,"Siddharth Nagar Worli, Mumbai",31.7,22.4,26.4,69,14.7,8.2,346,1011.2,0
05-12-2022,167,100,17.5,32,,9,"Siddharth Nagar Worli, Mumbai",31.1,23.6,26.7,71,16.5,8.9,342,1012.1,0
06-12-2022,171,97,26,31,,9,"Siddharth Nagar Worli, Mumbai",31.4,23.9,26.8,72,20.2,9.8,337,1011.7,0
07-12-2022,169,92,18,35,,8,"Siddharth Nagar Worli, Mumbai",31.4,22.8,26.4,71,20.9,10.2,337,1011.2,0
08-12-2022,164,69,25,33,,3,"Siddharth Nagar Worli, Mumbai",30.9,21.2,25.8,68,20.3,11,349,1011,0
09-12-2022,134,68,28,36,,3,"Siddharth Nagar Worli, Mumbai",30.5,20.4,24.7,58,21.1,11.1,8,1009.5,0
10-12-2022,135,76,26,33,,5,"Siddharth Nagar Worli, Mumbai",30.8,18.7,24,63,19.2,9.7,359,1009.2,0
11-12-2022,150,79,13,33,,4,"Siddharth Nagar Worli, Mumbai",30.2,19.6,24.7,64,19.7,8.8,349,1009.8,0
12-12-2022,138,64.66666667,15.66666667,25.66666667,,4,"Siddharth Nagar Worli, Mumbai",31.8,22.1,26.7,68,18.2,9,354,1009.3,0
14-12-2022,96,36,21,11,,4,"Siddharth Nagar Worli, Mumbai",31.4,25.6,27.9,68,18.9,8.8,37,1010.8,0
15-12-2022,75,45,18,6,,3,"Siddharth Nagar Worli, Mumbai",30.6,24.5,27,73,15.4,8.6,351,1010.8,0
16-12-2022,90,33,18,9,,3,"Siddharth Nagar Worli, Mumbai",32.8,24,27.4,70,18.2,9.5,345,1010.4,0
17-12-2022,69,38,27,11,,3,"Siddharth Nagar Worli, Mumbai",33,24.1,27.5,71,20.5,10.6,350,1011.1,0
18-12-2022,73,27,33,11,,2,"Siddharth Nagar Worli, Mumbai",32.8,25,27.8,66,22.8,11.8,352,1010.8,0
19-12-2022,60,43,48,12,,4,"Siddharth Nagar Worli, Mumbai",30.8,23.9,26.9,61,20.8,11.2,350,1009.9,0
20-12-2022,85,87,40,12,,7,"Siddharth Nagar Worli, Mumbai",29.7,22.6,26,60,19,11.1,343,1009.5,0
21-12-2022,159,93,57,13,,8,"Siddharth Nagar Worli, Mumbai",30.3,21,25.5,67,18.1,8.8,346,1010.1,0
22-12-2022,163,100,37,13,,7,"Siddharth Nagar Worli, Mumbai",30.3,20.7,25,70,18.6,9.6,338,1010.1,0
23-12-2022,163,72,37,13,,4,"Siddharth Nagar Worli, Mumbai",29.3,21.7,24.7,64,22,12.4,338,1010.9,0
24-12-2022,134,89,32,13,,5,"Siddharth Nagar Worli, Mumbai",28.7,19.9,23.2,53,20.9,12.9,347,1011.9,0
25-12-2022,156,80,62,13,,6,"Siddharth Nagar Worli, Mumbai",27,17.1,22,66,15.5,7.5,334,1012.1,0
26-12-2022,150,100,60,13,,7,"Siddharth Nagar Worli, Mumbai",27.4,16.7,22.1,75,18.3,9.3,343,1013.1,0
27-12-2022,171,82,58,13,,7,"Siddharth Nagar Worli, Mumbai",29.1,18.7,23.6,70,19.3,10.6,340,1013.9,0
28-12-2022,155,92,43,14,,9,"Siddharth Nagar Worli, Mumbai",29.8,19.3,24,70,19.6,11,337,1014.7,0
29-12-2022,164,123,64,14,,7,"Siddharth Nagar Worli, Mumbai",30.1,19.6,24.2,69,20.6,10.1,334,1015.9,0
30-12-2022,179,69,36,13,,5,"Siddharth Nagar Worli, Mumbai",30,19,24.3,68,20,10.7,335,1016.9,0
31-12-2022,135,69,46,14,,4,"Siddharth Nagar Worli, Mumbai",29,20.1,23.9,66,21.9,12.3,340,1016.4,0
01-01-2023,121,71,57,13,,5,"Siddharth Nagar Worli, Mumbai",27,16.8,22.2,68,20.4,11.4,338,1016.1,0
02-01-2023,145,78,61,14,,6,"Siddharth Nagar Worli, Mumbai",28.7,17.9,22.8,71,19.5,11,344,1015.2,0
03-01-2023,150,75,39,14,,6,"Siddharth Nagar Worli, Mumbai",28.6,18.1,22.9,71,20.6,11.4,339,1015,0
04-01-2023,146,96,47,14,,8,"Siddharth Nagar Worli, Mumbai",28,18.1,22.8,73,18.4,9.4,338,1013.8,0
05-01-2023,167,91,36,14,,8,"Siddharth Nagar Worli, Mumbai",28.8,20.3,23.9,75,16.6,8.8,330,1014.4,0
06-01-2023,159,134,30,13,,7,"Siddharth Nagar Worli, Mumbai",30.8,20.9,25.4,68,18,10.8,337,1015.9,0
07-01-2023,173,75,19,12,,6,"Siddharth Nagar Worli, Mumbai",31.7,22.7,26.1,66,18.6,11.7,7,1015.8,0
08-01-2023,148,60,34,12,,4,"Siddharth Nagar Worli, Mumbai",31,21.4,25.4,63,22.7,11.5,348,1014.9,0
09-01-2023,120,65,69,12,,4,"Siddharth Nagar Worli, Mumbai",30.4,19.1,24,59,21,10.9,350,1015.9,0
10-01-2023,127,83,70,12,,5,"Siddharth Nagar Worli, Mumbai",30.6,17.6,23.4,57,21.4,10.7,353,1015.3,0
11-01-2023,144,63,52,12,,3,"Siddharth Nagar Worli, Mumbai",28.3,16.9,22.7,66,17.1,8.8,336,1013.6,0
12-01-2023,128,78,28,12,,1,"Siddharth Nagar Worli, Mumbai",27.6,17.2,22.3,72,21.7,11.7,330,1013,0
13-01-2023,140,84,53,12,,3,"Siddharth Nagar Worli, Mumbai",26.4,20.1,22.5,76,24,12.7,345,1014,0
14-01-2023,154,84,71,12,,5,"Siddharth Nagar Worli, Mumbai",25.7,16.9,21,66,21.7,12.8,345,1013.9,0
15-01-2023,157,83,82,12,,6,"Siddharth Nagar Worli, Mumbai",25.4,16.2,20.6,68,21.9,10.6,336,1012.3,0
16-01-2023,157,85,83,12,,7,"Siddharth Nagar Worli, Mumbai",25.1,15.5,20.5,78,16.4,9.1,336,1012.4,0
17-01-2023,159,98,76,12,,9,"Siddharth Nagar Worli, Mumbai",26.2,16.4,21,75,17.1,9.1,334,1012.8,0
18-01-2023,172,101,78,10,,9,"Siddharth Nagar Worli, Mumbai",28.6,16.6,22,75,14.8,7.9,335,1013.6,0
19-01-2023,174,80,70,5,,3,"Siddharth Nagar Worli, Mumbai",27.1,16.3,22.3,75,14.2,7.5,328,1013.6,0
20-01-2023,155,66,73,4,,3,"Siddharth Nagar Worli, Mumbai",27,17.5,21.8,75,18.9,9.4,334,1013.5,0
21-01-2023,137,67,58,3,,2,"Siddharth Nagar Worli, Mumbai",26.7,17.8,21.9,72,20.9,11.2,335,1013.8,0
22-01-2023,135,67,57,4,,1,"Siddharth Nagar Worli, Mumbai",26.5,19,22,61,25.7,13.2,344,1013.2,0
23-01-2023,136,71,62,3,,1,"Siddharth Nagar Worli, Mumbai",25.5,17.6,21.4,58,26.3,14.6,338,1012.7,0
24-01-2023,146,102,74,4,,2,"Siddharth Nagar Worli, Mumbai",25.4,17.6,21.1,61,26.2,14,339,1013,0
25-01-2023,165,104,58,4,,5,"Siddharth Nagar Worli, Mumbai",26.3,18.2,21.5,58,29.2,16.9,342,1012.8,0
26-01-2023,164,96,47,5,,8,"Siddharth Nagar Worli, Mumbai",26.8,18.7,22.4,61,23.7,15.1,340,1012.3,0
27-01-2023,167,63,52,5,,5,"Siddharth Nagar Worli, Mumbai",32.5,20.5,24.8,69,19.1,10.8,343,1011.3,0
28-01-2023,115,77,44,6,,14,"Siddharth Nagar Worli, Mumbai",29.5,20.1,24.1,78,21.5,10,241,1010.5,0
29-01-2023,146,73,70,4,,4,"Siddharth Nagar Worli, Mumbai",25.4,21.9,23.4,88,18.4,8.2,293,1010.3,1.6
30-01-2023,142,98,69,5,,6,"Siddharth Nagar Worli, Mumbai",27.7,20.9,23.5,79,25.5,14.3,336,1012.8,0
31-01-2023,163,83,48,5,,11,"Siddharth Nagar Worli, Mumbai",29.7,21.4,25,66,25.7,15.7,344,1012.5,0
01-02-2023,157,83.33333333,56.66666667,5.333333333,,8.666666667,"Siddharth Nagar Worli, Mumbai",33.2,23,26.8,55,24.2,12.7,26,1011.8,0
03-02-2023,151,84,74,6,,4,"Siddharth Nagar Worli, Mumbai",31.6,21.1,25.2,58,21.8,11,342,1012.7,0
04-02-2023,148,83,76,2,,4,"Siddharth Nagar Worli, Mumbai",30.7,19.7,24.5,60,21.3,11.8,337,1011.6,0
05-02-2023,160,72,69,6,,3,"Siddharth Nagar Worli, Mumbai",29.9,19.8,24.4,65,15.5,8.3,322,1010.9,0
06-02-2023,147,67,72,8,,1,"Siddharth Nagar Worli, Mumbai",28.7,18.5,23.8,68,21.8,12.4,330,1011.5,0
07-02-2023,138,88,74,8,,3,"Siddharth Nagar Worli, Mumbai",30.6,19.6,24.2,63,24.8,13.1,339,1011.3,0
08-02-2023,164,90,62,8,,3,"Siddharth Nagar Worli, Mumbai",30.5,18.2,24.2,63,23.5,12.6,341,1011.2,0
09-02-2023,164,68,69,8,,3,"Siddharth Nagar Worli, Mumbai",32.7,19.4,25.3,57,23,11.2,341,1011.4,0
10-02-2023,143,52,63,8,,3,"Siddharth Nagar Worli, Mumbai",30.6,18.9,24.3,62,22.5,12.6,331,1013,0
11-02-2023,107,73,83,8,,5,"Siddharth Nagar Worli, Mumbai",31.2,18.1,24.3,55,25,13.9,339,1013.8,0
12-02-2023,145,74,70,8,,2,"Siddharth Nagar Worli, Mumbai",31.8,18.1,25.3,50,24.5,14.4,353,1013.6,0
13-02-2023,150,75,75,8,,3,"Siddharth Nagar Worli, Mumbai",33.1,22.1,26.5,45,27.2,14.8,357,1013.4,0
14-02-2023,148,81,71,8,,5,"Siddharth Nagar Worli, Mumbai",32.3,20,25.3,48,23.5,11.1,348,1013.3,0
15-02-2023,156,87,74,8,,6,"Siddharth Nagar Worli, Mumbai",32.1,18.3,25.1,51,24.5,11.7,343,1011.6,0
16-02-2023,160,84,81,8,,5,"Siddharth Nagar Worli, Mumbai",33.8,19.5,26.2,48,28.9,13.6,352,1011.9,0
17-02-2023,160,90,79,8,,5,"Siddharth Nagar Worli, Mumbai",33,21.4,26.8,44,29.5,15.3,346,1012.3,0
18-02-2023,164,78,64,8,,4,"Siddharth Nagar Worli, Mumbai",33.9,19.5,26.4,42,25.4,12.5,355,1011.9,0
19-02-2023,155,64,64,8,,4,"Siddharth Nagar Worli, Mumbai",34.5,18.8,25.7,53,21.1,10.4,348,1011.8,0
20-02-2023,134,75,56,8,,5,"Siddharth Nagar Worli, Mumbai",29.3,19.8,25.5,66,17.3,8.3,286,1012.3,0
21-02-2023,141,53,41,8,,2,"Siddharth Nagar Worli, Mumbai",30.9,19.7,25.3,66,23.7,12,325,1012.9,0
22-02-2023,111,73,69,8,,4,"Siddharth Nagar Worli, Mumbai",29.5,20,24.6,68,24.2,13.4,333,1012.6,0
23-02-2023,150,77,68,8,,4,"Siddharth Nagar Worli, Mumbai",32.1,20.6,25.6,52,26.2,14,334,1011.5,0
24-02-2023,152,70,78,8,,3,"Siddharth Nagar Worli, Mumbai",33,21.6,26.6,48,26.6,13.3,337,1012.5,0
25-02-2023,149,82,64,8,,4,"Siddharth Nagar Worli, Mumbai",33,21.8,27,44,25.1,14.9,338,1014.2,0
26-02-2023,159,84,19,9,,7,"Siddharth Nagar Worli, Mumbai",33.6,21,26.5,46,25.5,13.6,340,1014.6,0
27-02-2023,162,66,51,8,,2,"Siddharth Nagar Worli, Mumbai",33.8,21.9,26.7,46,24.2,13.4,339,1014.3,0
28-02-2023,129,73,54,8,,4,"Siddharth Nagar Worli, Mumbai",31.8,20.3,25.6,54,20.8,11.6,328,1014.6,0
01-03-2023,142,94,52,8,,9,"Siddharth Nagar Worli, Mumbai",32,20.7,26.1,56,21.9,12.5,332,1015,0
02-03-2023,167,113,58,8,,13,"Siddharth Nagar Worli, Mumbai",33.9,21.9,27.2,51,22.2,11.2,334,1015,0
03-03-2023,181,114,57,8,,13,"Siddharth Nagar Worli, Mumbai",32.6,21.7,27.2,60,20.5,8.7,314,1015.5,0
04-03-2023,182,121,69,8,,13,"Siddharth Nagar Worli, Mumbai",32.7,22.6,27.6,63,18.9,9.2,311,1015.1,0
05-03-2023,182,109,61,8,,9,"Siddharth Nagar Worli, Mumbai",34.6,23,28.2,59,19.6,9.7,310,1014.7,0
06-03-2023,173,67,46,8,,4,"Siddharth Nagar Worli, Mumbai",36.1,24.3,29.6,45,23.1,13.8,36,1013.5,0
07-03-2023,126,60,57,8,,6,"Siddharth Nagar Worli, Mumbai",35.5,24.2,28.7,48,26,13.6,81,1013.4,0
08-03-2023,124,75,64,8,,5,"Siddharth Nagar Worli, Mumbai",34.5,23.7,28,50,24,13.5,343,1013.3,0
09-03-2023,148,60,59,8,,3,"Siddharth Nagar Worli, Mumbai",36,22.7,28.9,40,25.7,13.9,349,1012.6,0
10-03-2023,123,74,73,8,,6,"Siddharth Nagar Worli, Mumbai",33.8,23.9,28.5,37,27.6,15.7,345,1012,0
11-03-2023,144,84,56,8,,8,"Siddharth Nagar Worli, Mumbai",35.6,22.2,28.7,44,22.7,12.1,342,1011.4,0
12-03-2023,159,91,59,8,,10,"Siddharth Nagar Worli, Mumbai",36.2,23.4,28.8,46,24.8,10.4,325,1011,0
13-03-2023,161,85,60,8,,8,"Siddharth Nagar Worli, Mumbai",35.9,24.5,28.8,56,19.3,9.2,295,1010,0
14-03-2023,154,61,49,8,,6,"Siddharth Nagar Worli, Mumbai",35.9,23.8,28.2,66,21.3,11.5,317,1008.9,0
15-03-2023,125,57,40,8,,7,"Siddharth Nagar Worli, Mumbai",33.2,23.8,28.1,64,20.3,9.8,323,1007.8,0
16-03-2023,118,67,41,8,,7,"Siddharth Nagar Worli, Mumbai",31.7,23,26.8,70,21.7,8.9,161,1009.5,11.2
17-03-2023,121,56,35,8,,6,"Siddharth Nagar Worli, Mumbai",30,22.7,26.6,75,18.5,9.8,261,1010.1,1.1
18-03-2023,111,39,27,8,,5,"Siddharth Nagar Worli, Mumbai",30.2,24,27,79,21,11.9,298,1008.9,0
19-03-2023,82,59,23,8,,3,"Siddharth Nagar Worli, Mumbai",29.1,23.2,26.2,74,20.1,10,269,1009,0.3
20-03-2023,94,27,22,3,,4,"Siddharth Nagar Worli, Mumbai",28.9,23.9,26.2,69,19,10.4,295,1008.8,0.3
21-03-2023,61,35,23,6,,5,"Siddharth Nagar Worli, Mumbai",28.3,21.6,25.5,73,17.7,8.7,276,1009.6,0.7
22-03-2023,78,36,23,6,,5,"Siddharth Nagar Worli, Mumbai",29.7,23,26.3,73,17.1,9.2,306,1010.5,0.2
23-03-2023,77,31,25,6,,6,"Siddharth Nagar Worli, Mumbai",29.7,23.2,26.2,73,20.1,10,313,1010.6,1.6
24-03-2023,70,41,41,6,,5,"Siddharth Nagar Worli, Mumbai",29.9,23.2,26.3,75,23.8,11.8,325,1010.6,0
25-03-2023,86,39,39,2,,4,"Siddharth Nagar Worli, Mumbai",29.4,21.7,25.3,70,26,13,332,1011.7,0
26-03-2023,81,49.5,41,2,,8,"Siddharth Nagar Worli, Mumbai",29.3,21.3,25.3,69,23.1,13.2,329,1011.5,0
27-03-2023,107,60,43,2,,12,"Siddharth Nagar Worli, Mumbai",29.3,21.9,25.5,77,22.3,11.6,313,1011.1,0
28-03-2023,133,62,34,4,,7,"Siddharth Nagar Worli, Mumbai",29.5,22.7,25.8,78,22.1,11.5,318,1010.3,0
29-03-2023,130,37,27,4,,7,"Siddharth Nagar Worli, Mumbai",29.4,22.1,25.7,79,18.8,10.2,312,1010.8,0
30-03-2023,82,35,22,3,,8,"Siddharth Nagar Worli, Mumbai",29,23.1,26.3,73,15.9,8.3,282,1010.4,0.2
31-03-2023,80,25.66666667,23.66666667,3.666666667,,8.666666667,"Siddharth Nagar Worli, Mumbai",28.8,24.2,26.5,74,18.2,9.4,300,1009.9,0.4
02-04-2023,41.33333333,7,27,5,,10,"Siddharth Nagar Worli, Mumbai",29.6,22.5,26,77,25.8,11.9,309,1010.2,0
03-04-2023,22,4,29,3,,10,"Siddharth Nagar Worli, Mumbai",29.5,23.3,26.2,77,24.8,11.2,311,1009.7,0
04-04-2023,13,21,21,4,,11,"Siddharth Nagar Worli, Mumbai",30.2,23.6,26.6,80,25.9,12.8,325,1010.2,0
05-04-2023,46,53,77,4,,10,"Siddharth Nagar Worli, Mumbai",30.4,22.5,26.7,82,24.2,12.6,315,1009.9,0
06-04-2023,111,67,53,6,,10,"Siddharth Nagar Worli, Mumbai",32.7,23.8,28,73,25,14.6,333,1009.7,0
07-04-2023,144,69,57,10,,13,"Siddharth Nagar Worli, Mumbai",33.5,25.7,29.7,57,25.7,16.2,337,1010.4,0
08-04-2023,145,85,52,12,,15,"Siddharth Nagar Worli, Mumbai",33.7,26.2,29.4,60,21.2,11.1,309,1012,0
09-04-2023,144,64,61,8,,12,"Siddharth Nagar Worli, Mumbai",34.6,25.6,29.4,63,26.6,10.7,323,1012.4,0
10-04-2023,136,46,48,3,,12,"Siddharth Nagar Worli, Mumbai",35.2,26.1,30,63,23.8,13.2,324,1010.7,0
11-04-2023,101,50,78,4,,12,"Siddharth Nagar Worli, Mumbai",33.9,26.5,29.8,64,25.5,14,320,1011,0
12-04-2023,109,51,65,2,,13,"Siddharth Nagar Worli, Mumbai",34.7,26.6,30.4,57,28.8,16.5,329,1010.5,0
13-04-2023,111,54,45,2,,13,"Siddharth Nagar Worli, Mumbai",34.4,27.5,30.6,53,26.4,16,332,1010.1,0
14-04-2023,100,50,23,5,,13,"Siddharth Nagar Worli, Mumbai",34.7,26.5,30,61,25,14.5,328,1009.9,0
15-04-2023,104,41,23,2,,13,"Siddharth Nagar Worli, Mumbai",34.3,25.7,29.1,65,25.2,11,324,1010,0
16-04-2023,87,40,25,3,,13,"Siddharth Nagar Worli, Mumbai",33.5,24.1,28.6,73,25.6,12.9,323,1008.9,0
17-04-2023,88,43,23,2,,14,"Siddharth Nagar Worli, Mumbai",33.4,25.1,28.6,73,26.1,13,327,1008.9,0
18-04-2023,71,40,29,2,,15,"Siddharth Nagar Worli, Mumbai",36.4,26.6,31.4,53,27.9,17,343,1009.2,0
19-04-2023,77,37,35,2,,16,"Siddharth Nagar Worli, Mumbai",35.5,27.9,31.9,50,28.1,16.8,330,1007,0
20-04-2023,83,33,26,1,,14,"Siddharth Nagar Worli, Mumbai",34.4,26.6,30,64,26.2,14,313,1005.9,0
21-04-2023,76,35,20,1,,14,"Siddharth Nagar Worli, Mumbai",31.6,24.9,28.1,73,21.8,11.2,312,1006.7,0
22-04-2023,73,25,28,1,,20,"Siddharth Nagar Worli, Mumbai",30.8,24.5,27.6,80,21.2,10.4,286,1007.2,0.1
23-04-2023,61,47,36,7,,17,"Siddharth Nagar Worli, Mumbai",31.2,24.6,27.9,76,22.5,11.6,300,1007.4,0
24-04-2023,96,97,36,12,,14,"Siddharth Nagar Worli, Mumbai",31.3,25,28.1,79,25.8,11.7,308,1007.6,0
25-04-2023,166,97,35,12,,11,"Siddharth Nagar Worli, Mumbai",31.8,25.6,28.4,82,22.7,10.5,269,1007.7,0
26-04-2023,166,38,26,9,,18,"Siddharth Nagar Worli, Mumbai",30.7,26.8,28.6,75,23.1,14,235,1008.3,0
27-04-2023,78,31,18,4,,13,"Siddharth Nagar Worli, Mumbai",31.2,25.2,28.2,75,23.5,10.2,306,1008.4,0
28-04-2023,69,31,18,4,,13,"Siddharth Nagar Worli, Mumbai",31.3,26.1,28.5,73,19.6,10.8,311,1009.2,0
29-04-2023,72,20,21,4,,13,"Siddharth Nagar Worli, Mumbai",31.2,26.6,28.3,71,22.1,10.1,297,1008.7,0.4
30-04-2023,50,21,26,4,,14,"Siddharth Nagar Worli, Mumbai",30.9,25,28.1,71,21.5,9.6,298,1007.3,0
01-05-2023,54,25,23,4,,13,"Siddharth Nagar Worli, Mumbai",30.9,25.4,28.2,69,17,9.1,282,1007.2,1.7
02-05-2023,59,30,25,3,,12,"Siddharth Nagar Worli, Mumbai",30.8,25.6,28.6,66,18.4,8.6,277,1007.8,1
03-05-2023,69,33,21,5,,13,"Siddharth Nagar Worli, Mumbai",31.1,26.7,28.7,68,18.8,10.1,290,1009.2,0
04-05-2023,77,33,18,7,,14,"Siddharth Nagar Worli, Mumbai",31.3,25.5,28.2,73,20.9,9.6,302,1008.7,1.1
05-05-2023,75,34,19,7,,14,"Siddharth Nagar Worli, Mumbai",31.5,25.4,28.4,75,22.1,10,293,1008,0.1
06-05-2023,72,28,18,6,,15,"Siddharth Nagar Worli, Mumbai",31.4,25.7,28.6,77,24.3,11.9,307,1008,0.4
07-05-2023,65,37,17,4,,15,"Siddharth Nagar Worli, Mumbai",29.8,25.7,27.9,80,17.7,9.1,313,1008.2,6.9
08-05-2023,79,41,18,3,,15,"Siddharth Nagar Worli, Mumbai",31.9,27.8,29.6,74,21.2,11.9,296,1007.4,0.2
09-05-2023,88,59,19,3,,16,"Siddharth Nagar Worli, Mumbai",32.6,27.6,29.9,76,21.5,10.5,295,1007.7,0
10-05-2023,128,59,25,4,,19,"Siddharth Nagar Worli, Mumbai",33,27.9,30.1,80,24.1,10.6,290,1006.7,0
11-05-2023,128,53,21,3,,19,"Siddharth Nagar Worli, Mumbai",33.5,27.2,30.2,79,20.2,10.4,238,1006.9,0
12-05-2023,111,34,18,2,,19,"Siddharth Nagar Worli, Mumbai",32.7,27.9,30,81,20.9,12.2,225,1007.6,0
13-05-2023,77,12,15,2,,20,"Siddharth Nagar Worli, Mumbai",32.6,28.1,30.2,78,19.8,14.4,229,1008.4,0
14-05-2023,36,28.66666667,16.66666667,2.333333333,,20,"Siddharth Nagar Worli, Mumbai",32.6,27.9,30,76,18.4,11.3,251,1007.9,0
16-05-2023,128,62,20,3,,20,"Siddharth Nagar Worli, Mumbai",33.1,28.1,30.5,70,18.1,11.3,274,1010.1,0.3
17-05-2023,174,37,19,2,,19,"Siddharth Nagar Worli, Mumbai",32.8,27.7,30.1,73,24.6,12.7,296,1010.2,0
18-05-2023,77,31,22,2,,19,"Siddharth Nagar Worli, Mumbai",32.9,27.5,29.9,76,26.3,14.3,316,1011.4,0
19-05-2023,70,35.33333333,23,2,,19.33333333,"Siddharth Nagar Worli, Mumbai",33.1,27.2,29.8,79,25.8,15.4,318,1009.9,0.2
21-05-2023,81.33333333,44,25,2,,20,"Siddharth Nagar Worli, Mumbai",32.4,28.1,29.9,72,21.7,12.5,299,1010.1,0
22-05-2023,87,35,19,2,,20,"Siddharth Nagar Worli, Mumbai",32.4,27.6,29.7,75,19.7,11.8,305,1010.7,0.1
23-05-2023,70,36,15,2,,20,"Siddharth Nagar Worli, Mumbai",33.1,26.9,29.6,78,25.4,14,317,1010.6,0
24-05-2023,76,49,13,2,,21,"Siddharth Nagar Worli, Mumbai",32.6,27.8,30.1,75,20.9,13.2,281,1010.2,0
25-05-2023,75,30,14,3,,22,"Siddharth Nagar Worli, Mumbai",32.7,28.5,30.6,66,21.7,14.5,261,1010.8,0
26-05-2023,70,21,14,2,,22,"Siddharth Nagar Worli, Mumbai",32.5,29.2,30.6,66,23.1,16.8,261,1011.1,1.5
27-05-2023,55,18,18,1,,22,"Siddharth Nagar Worli, Mumbai",33.3,28.8,30.9,62,20.5,14.5,259,1010.1,0
28-05-2023,44,21,19,2,,23,"Siddharth Nagar Worli, Mumbai",33.3,28.7,31,67,19.8,13.5,286,1009.1,0
29-05-2023,51,19,27,2,,23,"Siddharth Nagar Worli, Mumbai",32.9,28.4,30.3,75,26.7,12.5,303,1008.6,0
30-05-2023,46,26,23,2,,24,"Siddharth Nagar Worli, Mumbai",33.1,27.4,30.2,80,22.6,11.6,300,1008.6,0
31-05-2023,62,29,18,2,,25,"Siddharth Nagar Worli, Mumbai",33.9,28.2,30.6,79,26.4,14.8,316,1008.1,0
01-06-2023,52,20,13,3,,25,"Siddharth Nagar Worli, Mumbai",33,27.7,30,81,23.7,12.4,295,1008.1,0
02-06-2023,50,10,16,2,,26,"Siddharth Nagar Worli, Mumbai",32.9,28.4,30.6,72,19.6,12,288,1009,0
03-06-2023,29,16,18,1,,25,"Siddharth Nagar Worli, Mumbai",34.1,29.3,31.3,67,20,14.4,275,1008.3,0.1
04-06-2023,41,19,13,2,,26,"Siddharth Nagar Worli, Mumbai",32.8,28.9,30.8,72,19.3,13,276,1008.1,1.9
05-06-2023,48,24,18,3,,26,"Siddharth Nagar Worli, Mumbai",32.7,28.9,30.5,72,21.3,13.7,270,1007.6,0.8
06-06-2023,60,26,13,2,,26,"Siddharth Nagar Worli, Mumbai",33.5,29,30.8,69,17.7,12.6,263,1007.2,0.5
07-06-2023,62,20,19,3,,26,"Siddharth Nagar Worli, Mumbai",33.1,29.1,30.9,69,18.7,13.1,240,1006.9,0
08-06-2023,50,13,20,2,,27,"Siddharth Nagar Worli, Mumbai",33.4,29.8,31.2,69,19,14.4,217,1007.2,0.5
09-06-2023,37,10,21,3,,28,"Siddharth Nagar Worli, Mumbai",32.6,28.6,30.6,76,33.5,20.3,196,1005.2,1.4
10-06-2023,29,8,24,3,,27,"Siddharth Nagar Worli, Mumbai",33,28.2,30.3,75,34.9,25.9,185,1003.6,3.7
11-06-2023,22,17,12,3,,28,"Siddharth Nagar Worli, Mumbai",32.7,26.2,29.8,73,35.7,26.9,174,1003,4.6
12-06-2023,46,25,29,2,,6,"Siddharth Nagar Worli, Mumbai",32.4,26.7,28.8,78,44.1,32.1,181,1002.8,13.2
13-06-2023,57,29.5,20,2.5,,12,"Siddharth Nagar Worli, Mumbai",31,26.5,28.5,80,38.1,31.4,184,1004.4,4.8
14-06-2023,67,34,11,3,,18,"Siddharth Nagar Worli, Mumbai",30.1,25.6,28.6,78,36.4,29.3,191,1006.3,2.5
15-06-2023,77,39,14,3,,14,"Siddharth Nagar Worli, Mumbai",31.8,28.3,29.9,74,35.5,32.2,203,1006.3,3
16-06-2023,84,46,15,4,,12,"Siddharth Nagar Worli, Mumbai",31.2,27.6,29.6,75,38.3,32.9,214,1005.6,4.4
17-06-2023,71,28,15,7,,12,"Siddharth Nagar Worli, Mumbai",31.4,27.6,29.2,79,28.3,23.9,230,1006.6,6.2
18-06-2023,65,33,11,7,,13,"Siddharth Nagar Worli, Mumbai",30.9,27.6,29.2,79,23.2,18.8,247,1007.1,4.1
19-06-2023,72,39,11,7,,13,"Siddharth Nagar Worli, Mumbai",30.9,27.8,29.4,78,20.6,17.3,249,1006.1,2
20-06-2023,79,35,13,7,,17,"Siddharth Nagar Worli, Mumbai",30.8,27.9,29.2,79,21.3,15.2,249,1005.3,1.6
21-06-2023,74,32,11,7,,16,"Siddharth Nagar Worli, Mumbai",31.1,28,29.3,80,21.4,14.3,242,1005.6,1.5
22-06-2023,69,26,12,5,,16,"Siddharth Nagar Worli, Mumbai",31.1,27.8,29.5,77,19.7,15,244,1005.8,3.2
23-06-2023,60,21,15,4,,16,"Siddharth Nagar Worli, Mumbai",30.2,27.1,28.5,81,21.2,14.8,217,1005.5,3.7
24-06-2023,48,17,14,4,,18,"Siddharth Nagar Worli, Mumbai",28.5,25.4,27,86,19.2,12.7,218,1004.4,22.5
25-06-2023,39,29,18,3,,15,"Siddharth Nagar Worli, Mumbai",27.5,25.6,26.6,89,20.1,13.4,220,1004.4,18.1
26-06-2023,63,26,15,7,,20,"Siddharth Nagar Worli, Mumbai",27.1,25.3,26,89,20.1,16.1,215,1005.8,22.3
27-06-2023,61,28,20,3,,16,"Siddharth Nagar Worli, Mumbai",27.2,25.2,26.2,90,22.7,15.8,224,1005.4,21.6
28-06-2023,58,27.86206897,19.22222222,3.555555556,,15.55555556,"Siddharth Nagar Worli, Mumbai",27.9,25.9,26.6,89,23.6,18.1,236,1005.9,49.3
06-07-2023,57.31034483,26.75862069,13,8,,12,"Siddharth Nagar Worli, Mumbai",27.3,25.4,26,91,28.1,15.3,225,1002.2,102.1
07-07-2023,57.22413793,26.62068966,33,5,,12.2745098,"Siddharth Nagar Worli, Mumbai",28,25.6,26.6,89,30.9,24.3,235,1003.3,58.7
08-07-2023,57.13793103,39,10,3,,12.54901961,"Siddharth Nagar Worli, Mumbai",29.2,25.5,27.6,84,31.7,26.4,234,1005.1,13.2
12-07-2023,61,39,9.2,2.2,,13.64705882,"Siddharth Nagar Worli, Mumbai",27.2,25.2,26.4,89,14.5,8.9,232,1005.9,9.8
13-07-2023,61,39,9,2,,5.4,"Siddharth Nagar Worli, Mumbai",27.3,25,26.3,89,19.1,13.8,216,1005.5,12
14-07-2023,61,39,8,3,,5.4,"Siddharth Nagar Worli, Mumbai",27.3,25.5,26.4,89,22.3,15.8,244,1006.8,30.5
15-07-2023,61,39,9,3,,5.4,"Siddharth Nagar Worli, Mumbai",27.5,25.6,26.3,89,17.1,13,246,1007.5,16.3
16-07-2023,61,39,8,3,,5.4,"Siddharth Nagar Worli, Mumbai",27.6,25.1,25.9,90,18.5,11.9,237,1006.7,23.3
17-07-2023,61,39,8,3,,5.4,"Siddharth Nagar Worli, Mumbai",27.5,24.8,26.1,89,23.2,17.1,241,1005.4,59.9
18-07-2023,61,39,8,3,,5.4,"Siddharth Nagar Worli, Mumbai",26.7,25.7,26.1,90,27.7,22.8,254,1004.2,61
19-07-2023,61,39,8,3,,5.4,"Siddharth Nagar Worli, Mumbai",27.5,25.6,26.4,90,25.4,22.1,261,1002.1,43.8
20-07-2023,61,39,8,3,,5.4,"Siddharth Nagar Worli, Mumbai",27.8,25.9,26.8,86,27.8,21.3,260,1002.5,21.9
21-07-2023,61,39,8,2,,5.4,"Siddharth Nagar Worli, Mumbai",27.7,25.8,26.6,89,23.5,18.5,254,1004.2,43.1
22-07-2023,61,39,8,2,,5.4,"Siddharth Nagar Worli, Mumbai",26.5,25.2,26.1,90,23.9,20.8,256,1004.9,43.6
23-07-2023,61,39,8,3,,5.4,"Siddharth Nagar Worli, Mumbai",27.8,25.5,26.4,89,31.7,24.3,248,1003.8,35.4
24-07-2023,61,39,8,3,,5.4,"Siddharth Nagar Worli, Mumbai",27.8,25.6,26.4,89,29.8,23.7,245,1004.2,60.7
25-07-2023,61,39,8,3,,5.4,"Siddharth Nagar Worli, Mumbai",27.2,25.3,26.1,90,22.5,19.2,248,1006,52.9
24-08-2023,52,20,15.74193548,4.935483871,,3,"Siddharth Nagar Worli, Mumbai",28.3,25.8,26.7,85,23,16.2,227,1006.6,5.6
25-08-2023,53,21,16,5,,3,"Siddharth Nagar Worli, Mumbai",28,25.4,26.8,86,21.7,16.5,222,1006.6,7.4
26-08-2023,53,21,16,5,,26,"Siddharth Nagar Worli, Mumbai",27.5,24.4,26.3,87,21.3,16.4,229,1008.1,18.6
27-08-2023,53,21,16,5,,27,"Siddharth Nagar Worli, Mumbai",27.2,24.2,25.7,89,17,12,223,1009.2,13.9
28-08-2023,53,21,16,5,,27,"Siddharth Nagar Worli, Mumbai",27.1,24.9,25.9,87,20.2,12.1,221,1008.7,5
29-08-2023,53,21,17,5,,27,"Siddharth Nagar Worli, Mumbai",28.2,25.2,26.6,86,13.1,8.1,240,1008.4,3.2
30-08-2023,53,21,16.5,5,,26.5,"Siddharth Nagar Worli, Mumbai",29.1,24.7,26.8,87,14.7,7.2,275,1009.1,1
31-08-2023,53,21,16,5,,26,"Siddharth Nagar Worli, Mumbai",29.7,25.1,27.3,86,16.5,7.5,318,1008.9,0.2
01-09-2023,54,21,16,5,,26,"Siddharth Nagar Worli, Mumbai",30.2,24.2,27.2,86,19.6,7.7,322,1008.7,1.2
05-09-2023,53.2,21,16,5,,26,"Siddharth Nagar Worli, Mumbai",29.1,25,27.2,82,18.4,10.9,310,1006.1,2.2
06-09-2023,53,21,16,5,,26,"Siddharth Nagar Worli, Mumbai",29.9,26.3,28,80,18.6,12,296,1006,0.4
07-09-2023,53,21,16,5,,27,"Siddharth Nagar Worli, Mumbai",28.3,24.8,27.1,85,21.5,14.3,281,1005.9,12.5
08-09-2023,53,22,16,5,,27,"Siddharth Nagar Worli, Mumbai",28.2,26.2,26.9,88,23.9,17.5,292,1006.1,39.8
09-09-2023,57.33333333,23,16,5,,27,"Siddharth Nagar Worli, Mumbai",28.6,25.7,27,89,20.2,12.6,281,1006.3,11.3
10-09-2023,61.66666667,24,16,5,,26,"Siddharth Nagar Worli, Mumbai",28.8,25.6,27.1,88,19.1,11.3,253,1006.2,5.5
11-09-2023,66,17,17,5,,19,"Siddharth Nagar Worli, Mumbai",28.7,24.8,26.4,89,15.8,9.7,256,1007,3.8
12-09-2023,47,18,15,5,,6,"Siddharth Nagar Worli, Mumbai",29.1,24.7,27,85,19.5,10.6,256,1007.6,6.6
13-09-2023,53,24,16,12,,8,"Siddharth Nagar Worli, Mumbai",28,25.2,26.5,87,12.6,8.3,242,1007.1,4.7
14-09-2023,71,23,17,29,,11,"Siddharth Nagar Worli, Mumbai",28.4,24.9,26.7,85,14.7,9,222,1007.2,1.6
15-09-2023,70,25,17,25,,13,"Siddharth Nagar Worli, Mumbai",29.1,24.9,27.3,82,17.4,10,241,1007,2
16-09-2023,72,36,17,21,,11,"Siddharth Nagar Worli, Mumbai",28.5,25.1,27.3,83,23.5,17.2,253,1006.6,7.3
17-09-2023,90,37,18,18,,13,"Siddharth Nagar Worli, Mumbai",29.2,25.7,27.4,82,24.8,20.6,241,1005.6,6.5
18-09-2023,91,43,18,15,,14,"Siddharth Nagar Worli, Mumbai",27.5,25.1,26.2,88,25.3,18.9,217,1005.7,24.6
19-09-2023,105,33,16,13,,15,"Siddharth Nagar Worli, Mumbai",28.2,25.5,26.6,87,23.7,20.4,204,1007,12.4
20-09-2023,83,18,15,11,,16,"Siddharth Nagar Worli, Mumbai",28.2,25.9,26.6,88,23.2,18.8,205,1007.6,12.1
21-09-2023,51,14,20,10,,17,"Siddharth Nagar Worli, Mumbai",28,25.6,26.7,89,17.1,12,219,1007.9,17.5
22-09-2023,47,17,7,9,,19,"Siddharth Nagar Worli, Mumbai",28.1,25.2,26.6,90,12.5,8.7,186,1008.2,15.6
23-09-2023,57,14,14,9,,20,"Siddharth Nagar Worli, Mumbai",27.9,25.4,26.3,91,17.6,7,210,1008.8,28.2
24-09-2023,48,18,17,8,,21,"Siddharth Nagar Worli, Mumbai",27.6,24.9,26.3,89,12,7.2,229,1009.2,15.1
25-09-2023,58,32,16,8,,20,"Siddharth Nagar Worli, Mumbai",28.3,24.8,26.5,88,15.8,7.6,263,1008.2,18.1
26-09-2023,88,38,17,5,,20,"Siddharth Nagar Worli, Mumbai",28.9,24.8,26.6,89,14.5,6.8,271,1007.9,3.7
27-09-2023,97,45,25,4.333333333,,23,"Siddharth Nagar Worli, Mumbai",29,24.4,26.3,90,16.5,7.3,344,1007.3,23.3
28-09-2023,118,57,22,3.666666667,,25,"Siddharth Nagar Worli, Mumbai",30.1,24.5,26.8,91,21.8,8.1,339,1005.9,9.6
29-09-2023,135,36,39,3,,25,"Siddharth Nagar Worli, Mumbai",30.7,25.9,27.6,91,12.4,6.3,42,1005.3,23.5
30-09-2023,94,48,34,13,,24,"Siddharth Nagar Worli, Mumbai",32.2,25.5,28.1,89,19,6.6,32,1004.9,10.9
01-10-2023,120,2,31,13,,24,"Siddharth Nagar Worli, Mumbai",30.7,26.9,28.5,88,18.2,8.3,279,1005.5,1.5
02-10-2023,9,11,32,13,,21,"Siddharth Nagar Worli, Mumbai",29,24.4,27.5,87,15.4,9.8,240,1008.8,6.9
03-10-2023,30,41,30,13,,21,"Siddharth Nagar Worli, Mumbai",29.6,26.1,27.6,82,13.9,7,289,1010.2,0.3
04-10-2023,105,39,23,13,,22,"Siddharth Nagar Worli, Mumbai",29.3,24.3,27.2,85,15.7,7.4,282,1010.8,2.6
05-10-2023,99,37,10,1,,22,"Siddharth Nagar Worli, Mumbai",30.4,24.7,27.3,86,17.5,9.2,326,1010.4,0.1
06-10-2023,96,44,8,1.333333333,,24,"Siddharth Nagar Worli, Mumbai",29.9,25,27.2,85,18.6,9.2,334,1009.6,0.4
07-10-2023,106,52,11,1.666666667,,23,"Siddharth Nagar Worli, Mumbai",30.4,24.6,27.3,86,19.6,10.7,348,1009.7,0.1
08-10-2023,114,57,11,2,,25,"Siddharth Nagar Worli, Mumbai",31.5,25,27.8,83,19.5,10.9,348,1010.4,0
09-10-2023,138,31,11,5,,24,"Siddharth Nagar Worli, Mumbai",32.3,24.3,28.1,80,17.5,10.7,341,1011.6,0
10-10-2023,80,22,7,5,,26,"Siddharth Nagar Worli, Mumbai",32,23.7,27.8,76,21.3,11.8,347,1011.7,0
11-10-2023,62,45,19,5,,28,"Siddharth Nagar Worli, Mumbai",31.4,24.8,27.7,79,21.5,12.5,345,1011.6,0
12-10-2023,95,54,16,5,,22,"Siddharth Nagar Worli, Mumbai",31.4,24.2,28,84,18.4,10.8,336,1011.6,0
13-10-2023,127,75,31,5,,16,"Siddharth Nagar Worli, Mumbai",32.8,25.8,28.7,85,19.5,9.1,334,1011.9,0
14-10-2023,153,56,20,6,,2,"Siddharth Nagar Worli, Mumbai",32,25,28.4,86,16.6,7.9,326,1012,0
15-10-2023,135,71,18,5,,4.666666667,"Siddharth Nagar Worli, Mumbai",33.3,25.5,28.8,85,18.7,9,342,1010.5,0.6
16-10-2023,159,76,12,5,,7.333333333,"Siddharth Nagar Worli, Mumbai",32.4,24.9,28.8,74,17.3,7.5,341,1010.3,0.5
17-10-2023,159,75,13,5,,10,"Siddharth Nagar Worli, Mumbai",31.6,25.4,28.2,78,13.1,7.5,315,1011.6,0
18-10-2023,150,65,18,5,,8,"Siddharth Nagar Worli, Mumbai",33.7,24.9,28.9,75,20.8,9.7,348,1012.2,0
19-10-2023,150,74,30,6,,9,"Siddharth Nagar Worli, Mumbai",33.5,25.4,29,64,15.7,9.2,347,1012,0
20-10-2023,158,61,18,12,,8,"Siddharth Nagar Worli, Mumbai",33.8,24.1,28.8,69,12.5,8.3,354,1011.7,0
21-10-2023,105,78,30,12,,8,"Siddharth Nagar Worli, Mumbai",34.6,24.5,29.3,68,15.5,7.8,42,1012.3,0.1
22-10-2023,140,68,16,12,,8,"Siddharth Nagar Worli, Mumbai",33.4,24.7,28.9,70,17.1,8.1,345,1012.9,0
23-10-2023,120,81,24,12,,7,"Siddharth Nagar Worli, Mumbai",34.2,24.4,28.8,68,20.5,9.3,353,1011.6,0
24-10-2023,139,69,23,15,,7,"Siddharth Nagar Worli, Mumbai",34.1,23.4,28.8,63,17.9,8.9,358,1011.2,0
25-10-2023,122,64,12,32,,5,"Siddharth Nagar Worli, Mumbai",33.9,23.1,28.2,63,18,9.6,349,1012.6,0
26-10-2023,111,64,27,29,,2,"Siddharth Nagar Worli, Mumbai",34.2,22.6,28.1,59,21.9,10.1,358,1012.9,0
27-10-2023,112,72,53,25,,3,"Siddharth Nagar Worli, Mumbai",34.3,21.8,27.7,56,20.9,10.4,359,1011.6,0
28-10-2023,128,65,56,35,,2,"Siddharth Nagar Worli, Mumbai",34.1,21.5,27.4,60,18.8,10,6,1011.2,0
29-10-2023,114,69,60,30,,3,"Siddharth Nagar Worli, Mumbai",34.6,22.1,27.6,56,19.1,10.1,14,1010.8,0
30-10-2023,122,77,50,25,,5,"Siddharth Nagar Worli, Mumbai",34.7,21.8,27.8,62,16.5,8.2,15,1010.7,0
31-10-2023,137,76,61,24,,15,"Siddharth Nagar Worli, Mumbai",34.4,22.4,28.1,63,18.4,9,8,1011.3,0
01-11-2023,177,62,52,19,,16,"Siddharth Nagar Worli, Mumbai",33.9,22.4,27.7,60,17.2,9,351,1012.1,0
02-11-2023,117,63,37,21,,17,"Siddharth Nagar Worli, Mumbai",33.7,22.5,27.6,62,19.6,9.8,357,1011.3,0
03-11-2023,113,66,32,27,,17,"Siddharth Nagar Worli, Mumbai",34.6,23.2,28.2,59,22,11.6,9,1009.6,0
04-11-2023,120,65,46,12,,18,"Siddharth Nagar Worli, Mumbai",35.4,23.7,28.6,59,19.1,9.4,17,1009.1,0
05-11-2023,118,66,45,12,,17,"Siddharth Nagar Worli, Mumbai",34.6,23.4,28.8,63,15.5,9.2,1,1010.6,0
06-11-2023,119,65,54,16,,17,"Siddharth Nagar Worli, Mumbai",35,23.7,28.6,60,21.1,9.6,4,1011.7,0
07-11-2023,118,50,27,14,,18,"Siddharth Nagar Worli, Mumbai",33.6,22.5,27.6,59,22.6,9.9,353,1011.7,0
08-11-2023,91,52,53,19,,20,"Siddharth Nagar Worli, Mumbai",31.6,24.8,28,74,22.8,9.7,204,1011.6,0
09-11-2023,90,46,36,13,,19,"Siddharth Nagar Worli, Mumbai",33.1,24.8,28.5,77,15.3,6.5,333,1012.2,0.1
10-11-2023,80,44,5,12,,19,"Siddharth Nagar Worli, Mumbai",32.3,25.3,28.4,74,18.9,7.6,102,1013.5,0.1
11-11-2023,76,47,6.875,12,,18.625,"Siddharth Nagar Worli, Mumbai",34.8,24.5,29.3,64,21.1,10.7,6,1013.6,0
18-11-2023,129.375,68,20,12,,16,"Siddharth Nagar Worli, Mumbai",33.3,22,27,64,15.5,8.5,353,1011.9,0
19-11-2023,137,52,7,22,,15,"Siddharth Nagar Worli, Mumbai",32,21.5,27,65,19.5,10.5,343,1011.9,0
20-11-2023,90,57.5,14.5,17,,15,"Siddharth Nagar Worli, Mumbai",33.7,23.3,28.1,62,18.1,8.9,343,1012.2,0
21-11-2023,94,63,22,12,,15,"Siddharth Nagar Worli, Mumbai",33.7,24.4,28.7,61,21.4,10.3,349,1012,0
22-11-2023,98,69,47,4,,15,"Siddharth Nagar Worli, Mumbai",33.3,23.4,27.7,52,20.2,11.4,358,1011.4,0
23-11-2023,146,85,34,7,,16,"Siddharth Nagar Worli, Mumbai",32.8,22.6,27.2,54,19.9,11.1,351,1009.6,0
24-11-2023,159,44,21,12,,17,"Siddharth Nagar Worli, Mumbai",33.8,22.5,27.7,61,16.3,8.3,3,1009.5,0
25-11-2023,76,46,19,11,,17,"Siddharth Nagar Worli, Mumbai",32.8,23.4,28,70,14.3,8.9,34,1011.3,0
26-11-2023,73,44.5,20,11.25,,16.25,"Siddharth Nagar Worli, Mumbai",30.5,24.1,27.3,79,22.7,8.3,210,1011.8,2.1
29-11-2023,79.75,40,23,12,,14,"Siddharth Nagar Worli, Mumbai",28.6,20.9,24.8,72,17.1,9.3,333,1011.2,0
30-11-2023,82,72,48,4,,16,"Siddharth Nagar Worli, Mumbai",29.5,21,25,78,19.4,9.7,335,1011.8,0
01-12-2023,137,64,56,4,,17,"Siddharth Nagar Worli, Mumbai",29.2,22.2,25.2,80,17.1,8.6,330,1011.5,0
02-12-2023,132,67,67,4,,20,"Siddharth Nagar Worli, Mumbai",30.8,21,25.8,77,16.5,7.7,339,1010.3,0
03-12-2023,69,70,43,12,,20,"Siddharth Nagar Worli, Mumbai",32.9,23.5,27.6,69,19.7,10.2,352,1010.4,0
04-12-2023,64,69,22,5,,18,"Siddharth Nagar Worli, Mumbai",32.9,24,27.9,68,21.7,10.8,342,1009.7,0.1
05-12-2023,132,65.75,27.25,6.75,,18.25,"Siddharth Nagar Worli, Mumbai",32.3,24.8,27.8,65,21.7,13.2,348,1008.7,0
08-12-2023,117.75,56,43,12,,19,"Siddharth Nagar Worli, Mumbai",31.4,21.6,26.1,67,20.1,10.3,351,1011.3,0
09-12-2023,113,57,22,13,,16,"Siddharth Nagar Worli, Mumbai",32,21.9,26.3,64,20.5,10.6,351,1012.2,0
10-12-2023,116,57,19,4,,18,"Siddharth Nagar Worli, Mumbai",32.4,22.3,26.7,62,18.4,10.4,353,1011.2,0
11-12-2023,111,51,22,13,,15,"Siddharth Nagar Worli, Mumbai",32.1,21.8,26.8,57,17.9,11,349,1011.6,0
12-12-2023,45,54.5,43,12,,14.5,"Siddharth Nagar Worli, Mumbai",31.2,21,25.6,57,19.8,10.7,345,1011,0
13-12-2023,46,58,64,11,,14,"Siddharth Nagar Worli, Mumbai",30.6,20.5,25.2,62,19.5,9.1,341,1011.6,0
14-12-2023,47,59.8,53.4,9.8,,15.2,"Siddharth Nagar Worli, Mumbai",32,21.1,26.4,60,15.2,7.7,38,1012.7,0
18-12-2023,118.2,67,11,5,,20,"Siddharth Nagar Worli, Mumbai",32.7,22.9,27.2,50,18.1,12,57,1012.9,0
19-12-2023,136,55,9,13,,14,"Siddharth Nagar Worli, Mumbai",32.5,23.8,27.1,53,17.5,11.1,43,1013.8,0
20-12-2023,85,72,30,5,,16,"Siddharth Nagar Worli, Mumbai",32.6,21.5,26,51,20,10.8,27,1013.9,0
21-12-2023,142,91,20,13,,17,"Siddharth Nagar Worli, Mumbai",32.8,21.7,26.2,56,20.3,10.7,9,1012.8,0
22-12-2023,129,87,52,13,,20,"Siddharth Nagar Worli, Mumbai",31,21.1,26.1,64,14.3,7.7,345,1012.9,0
23-12-2023,158,76,60,5,,19,"Siddharth Nagar Worli, Mumbai",32.6,20.5,25.9,63,21.6,10.1,347,1013.6,0
24-12-2023,150,72,30,5,,16,"Siddharth Nagar Worli, Mumbai",31.9,20.4,25.5,58,17.4,8.9,350,1014.7,0
25-12-2023,150,93,95,20,,20,"Siddharth Nagar Worli, Mumbai",32.1,19.8,25.3,60,19.1,10.1,4,1014.7,0
26-12-2023,164,84,36,15,,17,"Siddharth Nagar Worli, Mumbai",32.5,19,25.6,59,15.4,8.9,351,1014.7,0
27-12-2023,101,98,13,11,,17,"Siddharth Nagar Worli, Mumbai",33.4,19.9,26.3,55,20.6,10.9,351,1014.8,0
28-12-2023,119,90,26,6,,18,"Siddharth Nagar Worli, Mumbai",31.7,20.7,25.9,63,17.7,10.1,350,1013.2,0
29-12-2023,162,113,11,29,,21,"Siddharth Nagar Worli, Mumbai",32.4,20.8,25.7,66,15.2,8.2,341,1013.2,0
30-12-2023,70,56,79,5,,17,"Siddharth Nagar Worli, Mumbai",31.5,19.8,25.2,70,15.4,8.5,345,1013,0
31-12-2023,105,50,80,16,,20,"Siddharth Nagar Worli, Mumbai",31.5,19.9,25.5,64,16.1,8.8,343,1012.4,0
01-01-2024,53,52,61,13,,14,"Siddharth Nagar Worli, Mumbai",31.2,20.7,25.4,66,17.6,9.6,340,1012.6,0
02-01-2024,47,81,64,19.14285714,,6,"Siddharth Nagar Worli, Mumbai",30.5,20.2,24.9,67,22.4,11,337,1012.1,0
03-01-2024,142,85,2,25.28571429,,9,"Siddharth Nagar Worli, Mumbai",29.9,20.1,24.4,64,20.7,11.3,337,1011.5,0
04-01-2024,156,82.6,13.2,31.42857143,,8.8,"Siddharth Nagar Worli, Mumbai",28.9,19.5,23.8,73,20.1,12.7,333,1011.9,0
08-01-2024,146.4,73,58,56,,8,"Siddharth Nagar Worli, Mumbai",32.2,22,26.8,57,19.1,11.7,3,1012,0
09-01-2024,144,77,40,61,,5,"Siddharth Nagar Worli, Mumbai",30,23.2,26.4,69,16.8,7.1,322,1012.7,0.1
10-01-2024,134,130,12,62,,5,"Siddharth Nagar Worli, Mumbai",29.8,22.4,26,71,13.5,8.5,43,1013.1,1.5
11-01-2024,179,110,63,57,,8,"Siddharth Nagar Worli, Mumbai",32.4,22.9,27.2,66,20.6,11.6,352,1013.2,0.1
12-01-2024,158,90,53.33333333,47,,6,"Siddharth Nagar Worli, Mumbai",33.5,23.1,27.6,62,21.5,11,353,1012.5,0
14-01-2024,124,50,34,27,,2,"Siddharth Nagar Worli, Mumbai",32.5,21.4,26.6,49,21.2,12.3,347,1014.1,0
15-01-2024,107,71,50,26,,1,"Siddharth Nagar Worli, Mumbai",30.1,20.2,24.8,42,22.5,13.2,351,1014,0
16-01-2024,107,85,43,28,,1,"Siddharth Nagar Worli, Mumbai",28.4,17.3,22.5,58,19,10.4,339,1012,0
17-01-2024,154,89,24,13,,1,"Siddharth Nagar Worli, Mumbai",27.5,17,22.3,66,16.4,9.5,337,1011.5,0
18-01-2024,150,108,33,14,,2,"Siddharth Nagar Worli, Mumbai",27.4,17.5,22.5,67,19.1,9.6,332,1012.9,0
19-01-2024,167,120,20,30,,5,"Siddharth Nagar Worli, Mumbai",27.4,17.5,22.4,71,15.3,8.5,333,1012.6,0
20-01-2024,172,112,48.5,26,,3.5,"Siddharth Nagar Worli, Mumbai",28.2,18.8,23.1,65,23.4,12.1,340,1013.7,0
21-01-2024,168.5,104,77,22,,2,"Siddharth Nagar Worli, Mumbai",29.6,18.3,23.9,53,20.6,10.7,346,1013.3,0
22-01-2024,165,97,24,13,,1,"Siddharth Nagar Worli, Mumbai",29.1,17.7,23.4,56,20,10.2,337,1013.9,0
23-01-2024,156,98,51,32,,2,"Siddharth Nagar Worli, Mumbai",29.6,19.7,24,38,26.8,16.9,349,1014.4,0
24-01-2024,162,95,63,31,,1,"Siddharth Nagar Worli, Mumbai",30.4,18.9,24.1,38,22.2,15.4,355,1013.9,0
25-01-2024,143,109,80,34,,5,"Siddharth Nagar Worli, Mumbai",30.3,18,23.8,45,18.3,10.5,351,1014.8,0
26-01-2024,159,101,39,28,,3,"Siddharth Nagar Worli, Mumbai",31.2,17.7,24.1,50,18.1,9.8,344,1015.7,0
27-01-2024,156,115.5,22,48,,3,"Siddharth Nagar Worli, Mumbai",32.1,19.4,25.2,48,18.1,10.9,349,1015.8,0
28-01-2024,166.5,130,5,68,,3,"Siddharth Nagar Worli, Mumbai",32,18.8,25.1,47,20.5,11,345,1015.4,0
29-01-2024,177,117,19,57.75,,2,"Siddharth Nagar Worli, Mumbai",31.8,19.6,25.3,43,24,13.5,340,1015.3,0
30-01-2024,157,101.3333333,18.75,47.5,,1.666666667,"Siddharth Nagar Worli, Mumbai",31.1,19.7,24.7,49,21.8,12.4,337,1014.4,0
01-02-2024,145.6666667,70,18.25,27,,1,"Siddharth Nagar Worli, Mumbai",28,19.1,23.1,69,22.1,11,328,1015.4,0
02-02-2024,140,103,18,9,,6,"Siddharth Nagar Worli, Mumbai",29.8,19.2,23.8,67,22.7,12.8,344,1015.3,0
03-02-2024,165,138,35,16,,14,"Siddharth Nagar Worli, Mumbai",34,20.3,26.4,51,24.8,12,356,1014.3,0
04-02-2024,180,117,30,23,,12,"Siddharth Nagar Worli, Mumbai",32.3,20.7,26.2,55,15.6,8.5,329,1015.1,0
05-02-2024,171,109,36,16,,11,"Siddharth Nagar Worli, Mumbai",31.8,22.1,26.4,54,20.9,12.7,333,1015.6,0
06-02-2024,166,99,55,14,,5,"Siddharth Nagar Worli, Mumbai",31.8,21.3,25.9,56,21.8,13.2,333,1015.4,0
07-02-2024,143,109,40,30,,3,"Siddharth Nagar Worli, Mumbai",32.2,21.6,26.2,57,26.3,16.2,340,1015.9,0
08-02-2024,149,108,38,14,,1,"Siddharth Nagar Worli, Mumbai",31.9,20.9,25.9,52,26.2,15.5,342,1015,0
09-02-2024,166,101,24,19,,5,"Siddharth Nagar Worli, Mumbai",31,19,24.7,52,24.8,14.3,334,1014.6,0
10-02-2024,163,102,25,11,,5,"Siddharth Nagar Worli, Mumbai",30.9,18.9,24.5,42,26.3,14.6,339,1015.6,0
11-02-2024,163,117,45,21,,5,"Siddharth Nagar Worli, Mumbai",30.9,18.1,24.2,45,24.2,13.4,335,1015.8,0
12-02-2024,158,107,40,12,,5,"Siddharth Nagar Worli, Mumbai",30.8,18.3,24.3,53,17.2,10.8,330,1015.3,0
13-02-2024,162,119.5,59.5,18.5,,5.5,"Siddharth Nagar Worli, Mumbai",31.6,19.1,25,41,24.2,13.8,338,1015.1,0
14-02-2024,170,132,79,25,,6,"Siddharth Nagar Worli, Mumbai",32.8,20.9,25.8,39,25.9,15.5,342,1014.5,0
15-02-2024,178,168,47,32,,10,"Siddharth Nagar Worli, Mumbai",32.3,20.1,25.9,45,23.5,13.2,338,1013.5,0
16-02-2024,179,188,32.5,42,,12,"Siddharth Nagar Worli, Mumbai",32.8,20.5,26,58,19.5,8.4,308,1013.4,0
17-02-2024,187,91,18,7,,5,"Siddharth Nagar Worli, Mumbai",32.2,20.1,26.4,60,16.3,8.5,308,1012.3,0
18-02-2024,156,97,30,28,,8,"Siddharth Nagar Worli, Mumbai",34.4,20,26.8,56,23.4,11.9,333,1011.4,0
19-02-2024,152,50.5,19.5,19.5,,7.333333333,"Siddharth Nagar Worli, Mumbai",32.1,19.6,25.9,50,21.9,13.1,329,1012.2,0
20-02-2024,98,4,9,11,,6.666666667,"Siddharth Nagar Worli, Mumbai",31.4,20.4,25.5,61,27,13.9,337,1013.1,0
21-02-2024,44,63,22,8,,6,"Siddharth Nagar Worli, Mumbai",28.8,19.5,24.2,76,20.6,10.8,320,1013.1,0
22-02-2024,128,77,14,19,,7,"Siddharth Nagar Worli, Mumbai",28.7,21.2,24.5,77,21.7,12.5,324,1013.5,0.3
23-02-2024,92,90,21.5,22,,6,"Siddharth Nagar Worli, Mumbai",30.1,19.2,24.7,63,25.7,14.1,346,1013.2,0
24-02-2024,158,103,29,29,,3,"Siddharth Nagar Worli, Mumbai",31.7,19.4,25,34,29.5,16.5,347,1012.4,0
25-02-2024,125,139,36.5,43,,8,"Siddharth Nagar Worli, Mumbai",33.5,18.2,25.5,30,21.2,12.4,349,1010.7,0
26-02-2024,160,154,44,34,,8,"Siddharth Nagar Worli, Mumbai",33,19,26.1,54,19.8,9.8,297,1010.1,0
27-02-2024,189,125,32,25,,12,"Siddharth Nagar Worli, Mumbai",33.3,21.7,27.5,53,24.1,11.8,325,1011.8,0
28-02-2024,161,140,24,43,,7,"Siddharth Nagar Worli, Mumbai",34.3,22.8,27.8,42,23.5,11.6,332,1011.3,0
29-02-2024,183,120,34,35,,9,"Siddharth Nagar Worli, Mumbai",33.8,23.6,28.2,52,21.2,11.1,323,1010.8,0
01-03-2024,172,57,8,5,,9,"Siddharth Nagar Worli, Mumbai",33.8,23.7,27.5,60,21.7,12.4,320,1012,0
02-03-2024,116,51,14,12,,7,"Siddharth Nagar Worli, Mumbai",29.5,23,26,76,20.7,10.6,301,1012.8,0
03-03-2024,91,60,32,19,,6,"Siddharth Nagar Worli, Mumbai",28,21,24.7,73,20.9,15.3,324,1013.4,0
04-03-2024,81,100,62,34,,8,"Siddharth Nagar Worli, Mumbai",28.5,18.5,23.1,61,22.6,13.5,340,1013.7,0
05-03-2024,128,91,62,24,,7,"Siddharth Nagar Worli, Mumbai",30,18.2,23.9,47,24.7,11.7,333,1012.9,0
06-03-2024,190,68,49,4,,5,"Siddharth Nagar Worli, Mumbai",30.9,18.1,24.6,35,25.5,13.3,333,1012.7,0
07-03-2024,68,97,22,22,,2,"Siddharth Nagar Worli, Mumbai",32.4,20.4,26.5,38,26,14.8,333,1012.1,0
08-03-2024,141,102,45,24,,1,"Siddharth Nagar Worli, Mumbai",34.7,21.6,28,30,30.4,16.3,341,1012,0
09-03-2024,206,74,35,13,,1,"Siddharth Nagar Worli, Mumbai",34.8,21.9,28,30,25.5,14,334,1012,0
10-03-2024,180,72,16,9,,1,"Siddharth Nagar Worli, Mumbai",32.5,20.3,26.8,35,24.2,15.8,327,1013.1,0
11-03-2024,169,79,17,3,,1,"Siddharth Nagar Worli, Mumbai",34,20.5,27.4,46,27.5,15.8,332,1014.2,0
12-03-2024,194,81,17.28571429,3,,1.285714286,"Siddharth Nagar Worli, Mumbai",34.6,21.7,28,45,24.5,14.3,335,1013.3,0
18-03-2024,229.1428571,93,19,3,,3,"Siddharth Nagar Worli, Mumbai",30.7,22.1,26,79,19.3,9.9,298,1012.2,0
19-03-2024,235,94,55,22,,3,"Siddharth Nagar Worli, Mumbai",32.6,22.2,26.6,69,23.4,11.9,325,1012,0
20-03-2024,199,115,27,14,,3,"Siddharth Nagar Worli, Mumbai",37.9,21,29,31,28.3,15.2,342,1010.8,0
21-03-2024,228,95,36,13,,6,"Siddharth Nagar Worli, Mumbai",37,22.1,29.5,30,22.2,10.9,335,1009.3,0
22-03-2024,147,77,28,5,,4,"Siddharth Nagar Worli, Mumbai",32.3,22.5,27.2,71,20.2,10.3,257,1009.2,0
23-03-2024,140,78.71428571,28.42857143,5.142857143,,4,"Siddharth Nagar Worli, Mumbai",32.3,21.2,26.7,71,21.5,11.1,312,1009.5,0
29-03-2024,109.1428571,89,31,6,,4,"Siddharth Nagar Worli, Mumbai",34.6,23.6,28.6,69,22.8,11.7,316,1010,0
30-03-2024,104,72,35,6,,4,"Siddharth Nagar Worli, Mumbai",33.9,24.3,28.5,66,26.5,15.1,324,1011.4,0
31-03-2024,172,93,37,22,,3,"Siddharth Nagar Worli, Mumbai",33.8,23.6,29,55,27.5,15.8,329,1012.2,0
01-04-2024,178,99,33.5,17.5,,4.5,"Siddharth Nagar Worli, Mumbai",33.5,24.7,28.4,66,22.6,14.2,323,1009.8,0
02-04-2024,211,105,30,13,,6,"Siddharth Nagar Worli, Mumbai",32.3,22,27.3,71,21.1,11,313,1008.6,0
03-04-2024,244,62,14,9,,3,"Siddharth Nagar Worli, Mumbai",32.7,21.8,27.2,71,23.2,11.1,313,1009.5,0
04-04-2024,170,91,41,8,,6,"Siddharth Nagar Worli, Mumbai",32.8,22.6,27.8,70,23.5,14.8,321,1009.9,0
05-04-2024,107,83.8,39.8,6.8,,6.4,"Siddharth Nagar Worli, Mumbai",35,23.6,29.3,61,28,17,327,1009,0
09-04-2024,149.4,55,35,2,,8,"Siddharth Nagar Worli, Mumbai",33.9,21.9,27.8,74,22.1,11,305,1008.9,0
10-04-2024,160,71,17,11,,6,"Siddharth Nagar Worli, Mumbai",32.8,23.3,27.7,77,22.6,11.7,298,1009,0
11-04-2024,88,62.5,20,10.5,,4,"Siddharth Nagar Worli, Mumbai",32.6,23.1,27.8,73,21.4,10.2,304,1009.3,0
12-04-2024,121,54,23,10,,2,"Siddharth Nagar Worli, Mumbai",33.3,23.8,27.9,66,19.3,11.1,304,1009.3,0
13-04-2024,154,56,14,10,,3,"Siddharth Nagar Worli, Mumbai",31.1,22.7,26.9,72,19.7,10.1,303,1009.9,0
14-04-2024,152,52,10,6,,7,"Siddharth Nagar Worli, Mumbai",32.1,22.1,27.4,80,25.4,12,317,1010.4,0
15-04-2024,91,53.3,10.3,6.2,,6.8,"Siddharth Nagar Worli, Mumbai",35.9,25,31,65,24,12.9,323,1009.6,0
24-04-2024,78.4,65,13,8,,5,"Siddharth Nagar Worli, Mumbai",33.6,24,29.1,72,24.9,13.9,317,1006.5,0
25-04-2024,77,69.5,35.5,8.5,,7,"Siddharth Nagar Worli, Mumbai",34.2,25.2,29.5,68,27.8,15.4,318,1006.9,0
26-04-2024,124.5,74,58,9,,9,"Siddharth Nagar Worli, Mumbai",34.9,26.2,30.2,64,23.8,15,320,1006.8,0
27-04-2024,172,94,61,9,,9,"Siddharth Nagar Worli, Mumbai",35.6,26.3,31.1,59,27.8,16.5,326,1006.6,0
28-04-2024,201,91,41,9,,5,"Siddharth Nagar Worli, Mumbai",39.1,27.1,33.1,46,30.4,18.3,333,1006.4,0
29-04-2024,101,96,51,10,,7,"Siddharth Nagar Worli, Mumbai",37.9,26.7,32.7,43,28.8,17.5,328,1007.7,0
30-04-2024,104,85,34,7,,5,"Siddharth Nagar Worli, Mumbai",37.2,26.1,31.8,53,29.3,15.8,321,1006.7,0
01-05-2024,85,90,32,2,,5,"Siddharth Nagar Worli, Mumbai",34.1,25.6,29.6,64,21.8,11.8,299,1006,0
02-05-2024,154,90,28,34,,4,"Siddharth Nagar Worli, Mumbai",32.6,24.6,28.7,70,22.1,10.1,276,1006.3,0
03-05-2024,155,66,11,6,,9,"Siddharth Nagar Worli, Mumbai",32.7,23.6,28.1,77,22.3,10.7,299,1007.5,0
04-05-2024,120,57,17,5,,14,"Siddharth Nagar Worli, Mumbai",32.7,24.2,28.8,80,23.7,12,300,1008.3,0
05-05-2024,103,56,17,4,,13,"Siddharth Nagar Worli, Mumbai",34.4,25.4,29.9,74,25.5,12.2,304,1006.5,0
06-05-2024,97,61,12,2,,11,"Siddharth Nagar Worli, Mumbai",33,26.1,29.4,77,22.2,11.8,302,1007.5,0
07-05-2024,67,54,24,1,,13,"Siddharth Nagar Worli, Mumbai",32.7,25.8,29.4,76,21.6,12,272,1008.5,0
08-05-2024,95,47,25,1,,14,"Siddharth Nagar Worli, Mumbai",32.5,26.8,29.7,74,26.8,12.4,281,1007.9,0
09-05-2024,79,49,12,1,,11,"Siddharth Nagar Worli, Mumbai",32.7,26.4,29.6,77,21.9,10.7,292,1007.2,0
10-05-2024,80,51,12,5,,11,"Siddharth Nagar Worli, Mumbai",32.8,26.4,29.6,76,21.8,12.3,294,1008.2,0
11-05-2024,75,70.5,17.5,9.5,,12.5,"Siddharth Nagar Worli, Mumbai",33.4,26.7,29.9,77,25.7,13.8,314,1008.8,0
12-05-2024,118.5,90,23,14,,14,"Siddharth Nagar Worli, Mumbai",33.5,27.4,30.4,74,24.4,14.5,318,1008.8,0
13-05-2024,162,73,84,21,,16,"Siddharth Nagar Worli, Mumbai",34.4,28,30.5,73,25.6,11.3,330,1008.3,2
14-05-2024,136,66,8,28,,14,"Siddharth Nagar Worli, Mumbai",36.2,27.9,31.2,65,25.7,13.9,316,1007.6,0
15-05-2024,86,66.5,17.5,17.5,,12.5,"Siddharth Nagar Worli, Mumbai",35.1,27,31.1,70,22.7,12,301,1007.9,0
16-05-2024,101.5,67,27,7,,11,"Siddharth Nagar Worli, Mumbai",37.8,27.3,31.7,71,19.9,8.3,225,1008,0.1
17-05-2024,117,66,13,5,,8,"Siddharth Nagar Worli, Mumbai",35.3,28.7,31.4,70,19,10,245,1007.1,0
18-05-2024,116,77,26,12,,10,"Siddharth Nagar Worli, Mumbai",34.2,27.9,31,80,18.7,9.4,261,1005.1,0
19-05-2024,93,59,10,12,,9,"Siddharth Nagar Worli, Mumbai",33.9,26.9,30.8,76,21.4,10.2,257,1003.3,1.8
20-05-2024,73,55,12,10,,11,"Siddharth Nagar Worli, Mumbai",34.5,29.5,31.6,74,22.3,13.7,248,1003.6,0
21-05-2024,89,70,18,12,,8,"Siddharth Nagar Worli, Mumbai",35.1,29,31.6,75,23.5,12.3,268,1003.4,0.2
22-05-2024,70,65,19,18,,11,"Siddharth Nagar Worli, Mumbai",34.1,29.3,31.5,77,20.6,13.8,271,1003,0.4
23-05-2024,119,62,10,12,,11,"Siddharth Nagar Worli, Mumbai",33.8,28.4,31.1,78,27.1,12.5,266,1002.2,0
24-05-2024,76,56,8,11,,9,"Siddharth Nagar Worli, Mumbai",34.1,28.4,31,76,20.2,12.9,263,1002.2,0.2
25-05-2024,98,57,19,10,,12,"Siddharth Nagar Worli, Mumbai",33.5,28.9,30.9,72,20.2,14.9,270,1003.5,1.4
26-05-2024,73,66,15,10,,10,"Siddharth Nagar Worli, Mumbai",33.4,29.2,31.2,69,22.4,17.7,272,1004.4,0.5
27-05-2024,80,57,8,11,,10,"Siddharth Nagar Worli, Mumbai",33.3,29.7,30.9,71,22,17.7,265,1004.1,0.4
28-05-2024,65,73,8,4,,8,"Siddharth Nagar Worli, Mumbai",33.6,29.2,31.2,68,22.6,18.6,256,1004.5,0.7
29-05-2024,128,72,15,11,,8,"Siddharth Nagar Worli, Mumbai",33.7,29.3,31.5,64,24.3,19.9,244,1004.6,0.5
30-05-2024,80,60,14,11,,9,"Siddharth Nagar Worli, Mumbai",34.7,29,31.6,65,19.6,15.2,256,1005.5,1.3
31-05-2024,67,48,8,4,,2,"Siddharth Nagar Worli, Mumbai",33.7,28.2,30.7,80,20.5,11.9,268,1006.2,1.4
01-06-2024,83,41,10,4,,3,"Siddharth Nagar Worli, Mumbai",33.7,28.1,31,74,19.6,13.2,263,1006,0.9
02-06-2024,77,66,9,11,,3,"Siddharth Nagar Worli, Mumbai",34.1,28.5,31.3,70,19.1,12.3,266,1006.3,0.8
03-06-2024,117,64,19,14,,8,"Siddharth Nagar Worli, Mumbai",33.9,29,31.6,69,16.6,9.9,267,1006.5,0.7
04-06-2024,139,58,5,16,,12,"Siddharth Nagar Worli, Mumbai",32.9,27.8,29.9,77,19.2,10.3,203,1007.1,5.8
05-06-2024,54,53,5,6,,11,"Siddharth Nagar Worli, Mumbai",33.3,26,29.5,78,17.2,9.7,206,1007.4,4.1
06-06-2024,41,48,16,7,,13,"Siddharth Nagar Worli, Mumbai",32.8,26.2,29.6,80,18.8,8.3,255,1007.9,2.8
07-06-2024,21,42,8,15,,9,"Siddharth Nagar Worli, Mumbai",33.1,28,30.3,74,18.9,11.3,297,1006.2,5.4
08-06-2024,42,36,8,16,,10,"Siddharth Nagar Worli, Mumbai",34.6,26.8,30,74,23.6,13.2,303,1004.9,2.9
09-06-2024,23,32.5,10.5,9.5,,10.5,"Siddharth Nagar Worli, Mumbai",31.4,26.4,28.8,81,15.4,9.3,291,1004.8,23.8
10-06-2024,19.5,29,13,3,,11,"Siddharth Nagar Worli, Mumbai",29.4,26.1,27.3,86,16.3,7.5,249,1006.3,32.2
11-06-2024,16,37,7,9,,8,"Siddharth Nagar Worli, Mumbai",29.9,25.9,27.8,87,15,8.8,237,1006.7,9.2
12-06-2024,18,35.5,6,6.5,,8,"Siddharth Nagar Worli, Mumbai",29.8,26.2,27.8,86,17.4,11.1,217,1007.6,7.1
13-06-2024,26,34,5,4,,8,"Siddharth Nagar Worli, Mumbai",29.4,26.5,27.7,86,20,11.8,218,1007.2,11.3
14-06-2024,34,28,12,43,,9,"Siddharth Nagar Worli, Mumbai",28.5,25.9,27.1,86,19.9,12.4,204,1006.4,15.8
15-06-2024,21,33,9,29,,8,"Siddharth Nagar Worli, Mumbai",29.4,25.9,27.7,83,21.6,16.6,191,1005.5,3.8
16-06-2024,24,40,5,4,,7,"Siddharth Nagar Worli, Mumbai",30.7,26.2,28.5,81,15.9,10.7,210,1005.8,1.3
17-06-2024,17,42,6,17,,9,"Siddharth Nagar Worli, Mumbai",31.2,26.6,28.3,84,20.4,13.1,202,1006.1,9.3
18-06-2024,37,36,12,8,,8,"Siddharth Nagar Worli, Mumbai",29.5,26.4,27.5,87,23.8,16.6,211,1005.9,23.6
19-06-2024,20,50,6,6,,9,"Siddharth Nagar Worli, Mumbai",29.6,26.2,27.7,84,22,16.7,217,1004,17.3
20-06-2024,11,54,5,2,,10,"Siddharth Nagar Worli, Mumbai",28.9,26.4,27.4,87,22.3,17.7,211,1003.1,58.5
21-06-2024,26,48,7,9,,11,"Siddharth Nagar Worli, Mumbai",30.9,25.5,27.8,86,22.3,17.1,219,1003.6,16.3
22-06-2024,28,51,8,8,,8,"Siddharth Nagar Worli, Mumbai",29.7,25.4,27.6,85,18.7,14,205,1002.5,5.3
23-06-2024,41,28,17,2,,9,"Siddharth Nagar Worli, Mumbai",29.4,26.1,27.9,86,19.7,13.5,206,1001.4,5
24-06-2024,20,31,6,9,,9,"Siddharth Nagar Worli, Mumbai",29.3,26.5,27.9,86,19.8,11,203,999.6,15
25-06-2024,30,31,16,4,,9,"Siddharth Nagar Worli, Mumbai",30.5,26.5,28.3,85,35,21.4,178,998,5.2
26-06-2024,22,39,15,5,,9,"Siddharth Nagar Worli, Mumbai",30.1,27.2,28.2,86,33.2,25.9,206,998,24.2
27-06-2024,13,54,15,4,,9,"Siddharth Nagar Worli, Mumbai",28.8,26.6,27.4,88,31.6,25.7,211,1000.6,104.8
28-06-2024,23,64,9,5,,10,"Siddharth Nagar Worli, Mumbai",28.3,26.3,27.3,88,30.8,26.7,206,1001.9,42
29-06-2024,22,58,5,4,,10,"Siddharth Nagar Worli, Mumbai",29.8,26.1,27.6,86,29.9,23.4,198,1003,15.4
30-06-2024,27,66,9,1,,8,"Siddharth Nagar Worli, Mumbai",29.4,26.5,27.8,86,34.9,23.6,212,1003.4,16.5
01-07-2024,17,66.5,6.5,1.2,,7,"Siddharth Nagar Worli, Mumbai",30.6,27.2,28.5,81,39,34.5,222,1002.3,10.6
02-07-2024,35,67,4,1.4,,6,"Siddharth Nagar Worli, Mumbai",30.2,27,28.9,81,36.7,30.2,233,1001.6,8.2
03-07-2024,53,44,4,1.6,,7,"Siddharth Nagar Worli, Mumbai",30.2,27,28.9,84,31.5,26.6,227,1002.7,6.4
04-07-2024,61,2,10,4,,10,"Siddharth Nagar Worli, Mumbai",29,26.7,27.9,85,28.2,22.4,225,1004,8.9
05-07-2024,67,37,12,2,,8,"Siddharth Nagar Worli, Mumbai",28.7,25.9,27.5,87,25.7,22,223,1002.2,18.3
06-07-2024,52,50,12,3,,9,"Siddharth Nagar Worli, Mumbai",29.5,26.1,27.7,85,29,24,232,1001.3,17.8
07-07-2024,69,39,9,14,,7,"Siddharth Nagar Worli, Mumbai",29.2,25.9,27.5,88,24.1,18.1,227,1002.4,12.2
08-07-2024,63,18,3,7,,8,"Siddharth Nagar Worli, Mumbai",28.4,25.9,27,89,21.4,12,215,1002.5,24
09-07-2024,12,20,3,6,,7,"Siddharth Nagar Worli, Mumbai",27.2,25.6,26.3,91,26.9,14,223,1003.4,81.9
10-07-2024,9.5,22,3,5,,6,"Siddharth Nagar Worli, Mumbai",28.7,25.6,26.9,87,23.1,17.8,208,1006.1,27.1
11-07-2024,7,32,8,4,,7,"Siddharth Nagar Worli, Mumbai",28.8,24.9,26.6,90,24,17.5,229,1005.8,40.6
12-07-2024,6,31.13793103,7.75862069,3.903225806,,6.806451613,"Siddharth Nagar Worli, Mumbai",27,25.6,26.3,91,22.5,18.1,247,1003.9,72.6
09-08-2024,3.103448276,7,1,1.193548387,,1.387096774,"Siddharth Nagar Worli, Mumbai",27.7,25.4,26.3,88,18.6,14,250,1008.5,18
10-08-2024,3,10,2,1.096774194,,1.193548387,"Siddharth Nagar Worli, Mumbai",28.3,25.3,26.8,86,20.5,13,255,1008.3,4.3
11-08-2024,5,13,3,1,,1,"Siddharth Nagar Worli, Mumbai",28.7,26.5,27.3,83,21.9,17,255,1006.7,1.2
12-08-2024,7,15,3.023809524,1,,1.5,"Siddharth Nagar Worli, Mumbai",28.7,25.9,27.3,84,21.8,14.3,247,1006.4,2.5
13-08-2024,7.5,17,3.047619048,1,,2,"Siddharth Nagar Worli, Mumbai",28.7,25.8,27.1,85,18.4,10.4,252,1007,4.1
14-08-2024,8,15,3.071428571,1,,1.75,"Siddharth Nagar Worli, Mumbai",29,25.7,27.2,85,17.4,7.8,285,1006.9,0.6
17-08-2024,11,9,10,7,,1,"Siddharth Nagar Worli, Mumbai",29.4,25.8,27.6,85,13.9,7,284,1005.9,0.6
18-08-2024,12,8.916666667,10,7,,1,"Siddharth Nagar Worli, Mumbai",29.9,25.8,27.8,86,14.9,8.2,324,1006.5,1.8
22-09-2024,26.58333333,6,4,1,,1,"Siddharth Nagar Worli, Mumbai",29.7,25.3,27.5,84,19.7,10.2,336,1007.6,1.3
23-09-2024,27,14.5,14.5,2.5,,2.5,"Siddharth Nagar Worli, Mumbai",28.8,26.1,27.4,87,18.3,10.2,336,1006.6,11.5
24-09-2024,45.5,23,25,4,,4,"Siddharth Nagar Worli, Mumbai",29.2,25,26.6,90,24.3,10.5,344,1004.8,22.9
25-09-2024,64,6,13,3,,4.333333333,"Siddharth Nagar Worli, Mumbai",27.7,24.5,26.2,92,22.2,11.3,326,1004.2,37.8
26-09-2024,48,9,11,3,,4.666666667,"Siddharth Nagar Worli, Mumbai",26.8,24.8,25.8,93,21.3,10.2,238,1003.2,73.7
27-09-2024,34,9,22,5,,5,"Siddharth Nagar Worli, Mumbai",27.1,25.8,26.3,89,31.4,26.1,248,1004.8,46.7
28-09-2024,27,6,21,8,,5.5,"Siddharth Nagar Worli, Mumbai",28.1,25.7,26.8,85,21.1,14.8,237,1008,5.4
29-09-2024,31,23,16,9,,6,"Siddharth Nagar Worli, Mumbai",28.8,25.5,26.9,86,16.2,10.2,242,1010,3
30-09-2024,58,39,18,8,,6,"Siddharth Nagar Worli, Mumbai",29.7,24.7,27.3,88,16.3,7.8,318,1010.1,1.4
01-10-2024,85,59,32,9,,6,"Siddharth Nagar Worli, Mumbai",31.2,25.3,28,89,16.8,8.5,337,1008,0.1
02-10-2024,140,28,23,4,,6,"Siddharth Nagar Worli, Mumbai",30.4,26.3,27.9,91,15.3,6.8,256,1008.8,1.1
03-10-2024,76,19,16,5,,6,"Siddharth Nagar Worli, Mumbai",29.7,25.6,27.7,87,16.6,7.6,261,1009.2,1.8
04-10-2024,38,26,13,12,,6,"Siddharth Nagar Worli, Mumbai",29.5,25.7,27.6,83,15.2,7.1,276,1009.2,2.9
05-10-2024,56,37,44,10,,6,"Siddharth Nagar Worli, Mumbai",29,24.7,26.8,86,16,6.7,315,1009.6,0.9
06-10-2024,69,60,33,18,,6.5,"Siddharth Nagar Worli, Mumbai",31.1,24.6,27.1,87,17.9,8.4,5,1009.6,25.5
07-10-2024,136,79,34,19,,7,"Siddharth Nagar Worli, Mumbai",30.9,25.1,28.1,85,13.4,8.5,333,1009.7,0
08-10-2024,156,74.28571429,35.14285714,18.71428571,,7.142857143,"Siddharth Nagar Worli, Mumbai",31.2,25.9,28.5,86,16.4,7.9,241,1009.9,0
14-10-2024,99.42857143,46,42,17,,8,"Siddharth Nagar Worli, Mumbai",31,24.6,27,87,17.8,8,39,1009.1,3.6
15-10-2024,90,57,22,21,,8,"Siddharth Nagar Worli, Mumbai",29.1,24.7,26.8,87,14.5,6.9,161,1009.3,0.1
16-10-2024,110,55,19,15,,5.666666667,"Siddharth Nagar Worli, Mumbai",30.4,24.6,27.4,87,14,7.3,62,1008.6,15.5
17-10-2024,126,50,16,12,,3.333333333,"Siddharth Nagar Worli, Mumbai",28.9,25.8,27.3,90,13.4,7.2,290,1007.8,4.1
18-10-2024,120,19,21,17,,1,"Siddharth Nagar Worli, Mumbai",31.4,24.9,27.8,85,15.4,9.4,159,1007.6,22.3
19-10-2024,46,30,26,15,,6,"Siddharth Nagar Worli, Mumbai",29.6,24.5,26.5,89,15,6.7,112,1010.1,6.9
20-10-2024,68,25,6,18,,7,"Siddharth Nagar Worli, Mumbai",29.3,24.5,26.5,87,9.7,5.9,106,1011,8
21-10-2024,64,37,20,18.33333333,,8.333333333,"Siddharth Nagar Worli, Mumbai",30,24.2,27.1,84,10.2,5.7,97,1010.9,14.1
22-10-2024,86,48,55,18.66666667,,9.666666667,"Siddharth Nagar Worli, Mumbai",30.1,24.2,26.9,87,13.9,7.3,21,1010.8,3.5
23-10-2024,109,77,69,19,,11,"Siddharth Nagar Worli, Mumbai",31.5,24.7,27.6,85,15.9,8.6,358,1010.2,0
24-10-2024,159,85,35,20,,11,"Siddharth Nagar Worli, Mumbai",32.2,25,28.3,77,16.6,8.2,5,1009.8,0
25-10-2024,164,88,79,20,,11.2,"Siddharth Nagar Worli, Mumbai",30.6,23.1,27,77,14.3,8.1,339,1009.9,0
26-10-2024,160,92,34,18,,11.4,"Siddharth Nagar Worli, Mumbai",32.5,22,27,71,20.3,9.8,357,1010.1,0
27-10-2024,158,82,24,15,,11.6,"Siddharth Nagar Worli, Mumbai",31.1,22.3,26.9,80,17.1,8.6,342,1009,0
28-10-2024,140,65,17,11,,8.666666667,"Siddharth Nagar Worli, Mumbai",31.5,23.6,27.4,83,15.3,7.7,329,1007.5,0
29-10-2024,100,82,46,18,,12,"Siddharth Nagar Worli, Mumbai",30.5,25.2,27.9,88,14.9,7,270,1008.8,0.1
30-10-2024,124,99,56,20,,11.33333333,"Siddharth Nagar Worli, Mumbai",32.2,24.8,27.9,84,13.3,6.7,5,1009.6,0
31-10-2024,151,95,21,15,,10.66666667,"Siddharth Nagar Worli, Mumbai",32.2,24.8,28.4,77,16.8,7.9,343,1010.2,0
01-11-2024,139,96,26,17,,10,"Siddharth Nagar Worli, Mumbai",31,25,28.3,84,15.5,8.3,249,1011.6,0.1
02-11-2024,140,86,65,18,,7,"Siddharth Nagar Worli, Mumbai",32.8,25,28.4,76,21.3,8.9,356,1011.8,0
03-11-2024,138,112,63,20,,8,"Siddharth Nagar Worli, Mumbai",34,22.9,28.2,67,16.3,9,3,1011.5,0
04-11-2024,144,88,79,19,,8,"Siddharth Nagar Worli, Mumbai",34.1,23.3,28.1,63,20,9.8,14,1010.7,0
05-11-2024,136,83,65,24,,8,"Siddharth Nagar Worli, Mumbai",34.4,23.2,28.5,62,16.5,8.9,44,1011.3,0
06-11-2024,117,87,77,18,,7,"Siddharth Nagar Worli, Mumbai",33.6,23,28.2,62,20.3,10,350,1012.2,0
07-11-2024,157,88,59,20,,7,"Siddharth Nagar Worli, Mumbai",33.4,21.4,27.5,60,17.5,9,359,1012,0
08-11-2024,164,90,22,22,,7,"Siddharth Nagar Worli, Mumbai",33.7,22.6,27.9,60,16.2,9.1,16,1011.7,0
09-11-2024,164,94,45,25,,5,"Siddharth Nagar Worli, Mumbai",34.1,22.2,28.1,59,20.5,11.2,20,1011.8,0
10-11-2024,164,87,16,27,,4,"Siddharth Nagar Worli, Mumbai",33.7,22.7,28,57,21.8,11.1,8,1011.8,0
11-11-2024,167,75,16,20,,1,"Siddharth Nagar Worli, Mumbai",33.3,23,28.1,48,21.8,11.7,23,1011.7,0
12-11-2024,161,87,31,22,,3.25,"Siddharth Nagar Worli, Mumbai",33.5,22.4,28,55,15.2,9.4,24,1011,0
13-11-2024,164,82,78,43,,5.5,"Siddharth Nagar Worli, Mumbai",34.5,23.5,28.6,50,14.1,9.4,24,1009.4,0
14-11-2024,157,88,46,28,,7.75,"Siddharth Nagar Worli, Mumbai",34.9,23.5,29.2,49,10.8,7.1,33,1010.3,0
15-11-2024,164,99,33,25,,10,"Siddharth Nagar Worli, Mumbai",33.3,25.4,29.1,60,11.9,6.6,280,1011.4,0.2
16-11-2024,174,93,28,18,,8.5,"Siddharth Nagar Worli, Mumbai",33.8,26.2,29.5,63,15.9,7.7,338,1010.6,0.2
17-11-2024,183,79,55,21,,7,"Siddharth Nagar Worli, Mumbai",35.6,26.2,29.9,58,16.5,8.7,16,1010.2,0
18-11-2024,155,72,32,22,,5.5,"Siddharth Nagar Worli, Mumbai",34.8,24.6,29.1,54,12.8,7.9,21,1011.2,0
19-11-2024,147,76,96,16,,4,"Siddharth Nagar Worli, Mumbai",33.7,22.5,27.8,48,15.4,7.5,25,1012.4,0
20-11-2024,155,95,25,31,,3,"Siddharth Nagar Worli, Mumbai",32.8,22,27.1,51,15.2,9,40,1012,0
21-11-2024,154,79,77,15,,2,"Siddharth Nagar Worli, Mumbai",32.6,22.1,27,51,14.7,8.4,13,1011.7,0
22-11-2024,166,96,83,27,,2.5,"Siddharth Nagar Worli, Mumbai",32.4,21.7,26.8,54,13.2,7.7,346,1011.3,0
23-11-2024,172,106,73,23,,3,"Siddharth Nagar Worli, Mumbai",31.2,22.7,26.7,57,11.3,6.9,1,1012.1,0
24-11-2024,176,92,63,22,,3.5,"Siddharth Nagar Worli, Mumbai",32.6,22.3,27.1,57,14.3,6.7,354,1012.2,0
25-11-2024,161,81,30,23,,4,"Siddharth Nagar Worli, Mumbai",32.8,21.9,27,54,14.6,8,18,1011.8,0
26-11-2024,157,73,60,25,,3,"Siddharth Nagar Worli, Mumbai",32.3,21.3,26.5,47,15.9,8.6,28,1011.7,0
27-11-2024,152,71,46,26,,2,"Siddharth Nagar Worli, Mumbai",32.5,21,26.4,43,14.1,8.9,22,1010.9,0
28-11-2024,150,67,25,23,,2,"Siddharth Nagar Worli, Mumbai",31.9,20.3,26.6,38,11.5,8.3,45,1010.9,0
29-11-2024,133,76,66,20,,2,"Siddharth Nagar Worli, Mumbai",31.2,20.8,25.5,43,16.5,9.9,11,1011.2,0
30-11-2024,155,141,28,20,,6,"Siddharth Nagar Worli, Mumbai",31.1,20.1,25.4,44,13.4,8.9,8,1009.9,0
01-12-2024,165,86,73,19,,10,"Siddharth Nagar Worli, Mumbai",32.3,21.4,26.1,52,15.3,8.8,358,1008,0
02-12-2024,172,74,22,14,,2,"Siddharth Nagar Worli, Mumbai",33.3,23.5,27.8,57,15.4,8.6,356,1007.4,0
03-12-2024,159,68,54,19,,1.8,"Siddharth Nagar Worli, Mumbai",33.1,25.8,29,59,17,10.1,9,1008.8,0.2
04-12-2024,156,75,57,22,,1.6,"Siddharth Nagar Worli, Mumbai",34.2,26.4,29.3,66,16.5,9,15,1009.7,0.1
05-12-2024,162,75,61,19,,1.4,"Siddharth Nagar Worli, Mumbai",33.8,25.9,29.2,70,12.2,8.6,324,1010.7,0
06-12-2024,161,62,29,14,,5,"Siddharth Nagar Worli, Mumbai",32.3,25.7,28.7,65,14,7.7,330,1010.6,0
07-12-2024,134,58,27,15,,1,"Siddharth Nagar Worli, Mumbai",32.7,24.8,27.9,51,17.9,9.8,339,1010.5,0
08-12-2024,106,60,46,21,,1.6,"Siddharth Nagar Worli, Mumbai",31.2,21.9,25.9,42,14.8,10.4,353,1011.2,0
09-12-2024,107,66,28,20,,2.2,"Siddharth Nagar Worli, Mumbai",31.2,20.9,25.2,35,17.1,12.2,5,1011.4,0
10-12-2024,112,75,30,22,,2.8,"Siddharth Nagar Worli, Mumbai",31,20.4,25.3,49,13.2,8.6,355,1011.1,0
11-12-2024,151,72,49,22,,5,"Siddharth Nagar Worli, Mumbai",33.2,21.9,26.6,57,13.4,8,10,1011.4,0
12-12-2024,152,69,47,20,,4,"Siddharth Nagar Worli, Mumbai",31,21.4,25.8,59,16,8.4,345,1011.3,0
13-12-2024,144,70,60,24,,3,"Siddharth Nagar Worli, Mumbai",32.2,21.1,26.2,51,14.8,9.7,18,1011.7,0
14-12-2024,141,68,64,21,,4,"Siddharth Nagar Worli, Mumbai",32.8,20.5,26.2,44,12.5,8.7,37,1012.6,0
15-12-2024,141,76,76,31,,4.333333333,"Siddharth Nagar Worli, Mumbai",32.9,19.9,25.7,46,12.2,7.6,22,1013.5,0
16-12-2024,152,87,78,47,,4.666666667,"Siddharth Nagar Worli, Mumbai",32.1,19.8,25.3,46,13.5,7.3,6,1012.5,0
17-12-2024,159,89,45,33,,5,"Siddharth Nagar Worli, Mumbai",30.4,18.3,24.3,53,14.1,6.3,337,1011.4,0
18-12-2024,163,103,81,37,,6,"Siddharth Nagar Worli, Mumbai",31.5,18.8,24.6,58,12.3,6.5,346,1010.7,0
19-12-2024,174,53,11,7,,5.923076923,"Siddharth Nagar Worli, Mumbai",29.4,18.7,23.9,69,13.7,6.2,327,1010.7,0
20-12-2024,129,61.66666667,19.66666667,8,,5.846153846,"Siddharth Nagar Worli, Mumbai",27.8,20.3,23.5,71,15.1,7.1,326,1010.9,0
22-12-2024,151.6666667,79,37,10,,5.692307692,"Siddharth Nagar Worli, Mumbai",27.3,21.4,24.2,77,13,6.7,315,1011.8,0.1
23-12-2024,163,83,57,11,,5,"Siddharth Nagar Worli, Mumbai",27.3,21.5,24.1,71,16.2,9.7,337,1012.1,0
24-12-2024,164,95,54,13,,5,"Siddharth Nagar Worli, Mumbai",28.4,21.1,24.2,59,18.3,11.1,342,1012.2,0
25-12-2024,175,147,49,10,,5,"Siddharth Nagar Worli, Mumbai",28.6,20.9,24.2,60,16.9,10.8,339,1013,0
26-12-2024,174,82,38,15,,5,"Siddharth Nagar Worli, Mumbai",29.2,22.2,25.1,67,15,9.2,333,1014.5,0
27-12-2024,164,96,48,9,,5,"Siddharth Nagar Worli, Mumbai",28.2,22.4,25,68,16.6,9.6,334,1014.8,0
28-12-2024,180,91,24,12,,5,"Siddharth Nagar Worli, Mumbai",29.6,22.3,25.2,68,15,8,349,1014.9,0.9
29-12-2024,176,73.66666667,25.66666667,10.33333333,,5,"Siddharth Nagar Worli, Mumbai",30.2,22.8,26,67,14.7,9.6,345,1014.6,0
31-12-2024,132,39,29,7,,5,"Siddharth Nagar Worli, Mumbai",32.4,23.4,27.4,59,15.4,8.4,344,1014.6,0
01-01-2025,110,53,29,13,,8,"Siddharth Nagar Worli, Mumbai",31.9,23.1,27,61,15.5,9,344,1013.5,0
02-01-2025,123,68,54,23,,6,"Siddharth Nagar Worli, Mumbai",32.3,22,26.9,58,17.1,8.9,351,1013.4,0
03-01-2025,138,68,32,30,,10,"Siddharth Nagar Worli, Mumbai",33.9,21.6,26.8,52,15.2,8.8,12,1013.3,0
04-01-2025,140,86,32,33,,10,"Siddharth Nagar Worli, Mumbai",32.5,20.6,25.7,48,13.3,6.6,351,1012.3,0
05-01-2025,159,65,52,15,,4,"Siddharth Nagar Worli, Mumbai",29.1,22.1,24.9,59,16.3,8.5,330,1012.2,0
06-01-2025,140,77,24,13,,5,"Siddharth Nagar Worli, Mumbai",30.1,20.5,24.3,57,18.8,12.9,345,1012.5,0
07-01-2025,157,74,25,18,,6.5,"Siddharth Nagar Worli, Mumbai",31,19.2,24.7,52,18.2,10.6,351,1012.2,0
08-01-2025,156,75,57,16,,8,"Siddharth Nagar Worli, Mumbai",30.3,20.5,25.3,54,14.5,9.1,357,1011.7,0
09-01-2025,150,52,22,25,,7,"Siddharth Nagar Worli, Mumbai",31.8,21.3,25.8,47,13.1,8.9,14,1012.2,0
10-01-2025,154,51,24,10,,6,"Siddharth Nagar Worli, Mumbai",30.7,21,25.4,52,12.4,6.9,347,1013.5,0
11-01-2025,155,51,32,12,,6.2,"Siddharth Nagar Worli, Mumbai",28.6,21.3,24.4,62,17.2,9.1,335,1013.9,0
12-01-2025,148,65,43,15,,6.4,"Siddharth Nagar Worli, Mumbai",29.9,21.2,24.7,59,17.7,11.1,344,1013.8,0
13-01-2025,183,108,27,20,,6.6,"Siddharth Nagar Worli, Mumbai",32.7,22.1,26.2,56,17,9.8,6,1011.7,0
14-01-2025,177,110,45,24,,6,"Siddharth Nagar Worli, Mumbai",32,22,26.3,59,14.2,8.1,350,1012.1,0
15-01-2025,180,105,50,16,,7,"Siddharth Nagar Worli, Mumbai",29.8,22.4,25.3,67,18.6,8.1,334,1013.5,0
16-01-2025,177,108,44,42,,10,"Siddharth Nagar Worli, Mumbai",29.6,20.8,24.8,65,19.1,12.1,342,1014,0
17-01-2025,175,102,49,29,,1,"Siddharth Nagar Worli, Mumbai",32.8,23.1,26.6,59,18,10.3,353,1012.1,0
18-01-2025,165,109,32,18,,3.5,"Siddharth Nagar Worli, Mumbai",34,23,27.4,48,16.7,9.5,28,1011.6,0
19-01-2025,173,110,59,25,,6,"Siddharth Nagar Worli, Mumbai",32.7,22.1,26.8,47,17,9,355,1012.5,0
20-01-2025,173,111,59,25,,8.5,"Siddharth Nagar Worli, Mumbai",32.5,21.8,26.7,45,15.7,8,339,1011.9,0
21-01-2025,172,119,66,25,,11,"Siddharth Nagar Worli, Mumbai",30.9,21.9,26.1,51,14.5,7.5,327,1010.9,0
22-01-2025,183,93,57,12,,6,"Siddharth Nagar Worli, Mumbai",31.1,21.4,25.9,52,17.7,8.6,334,1010.6,0
23-01-2025,157,102,54,21,,7,"Siddharth Nagar Worli, Mumbai",30.5,22.3,25.6,49,19.8,13.5,343,1010.9,0
24-01-2025,161,120,66,27,,9.5,"Siddharth Nagar Worli, Mumbai",31.2,21.3,26.1,48,12.4,8.5,339,1009.9,0
25-01-2025,178,121,75,20,,12,"Siddharth Nagar Worli, Mumbai",32.3,22.6,27,56,12.6,6.7,325,1010.7,0
26-01-2025,182,107,70,16,,11,"Siddharth Nagar Worli, Mumbai",32.6,22.7,27.2,58,14.8,7.8,329,1010.6,0
27-01-2025,175,91,31,16,,10,"Siddharth Nagar Worli, Mumbai",31.9,22.4,26.8,55,16.1,8.4,325,1009.9,0
28-01-2025,158,77,49,15,,9.5,"Siddharth Nagar Worli, Mumbai",30.2,22,25.7,55,13.4,6.5,312,1010.2,0
29-01-2025,137,105,71,17,,9,"Siddharth Nagar Worli, Mumbai",30.4,21,25.1,56,15.3,7.8,325,1012,0
30-01-2025,172,67,32,11,,6,"Siddharth Nagar Worli, Mumbai",30.6,21,25.7,51,13.4,8,327,1010.8,0
31-01-2025,86,64,22,12,,1,"Siddharth Nagar Worli, Mumbai",29.1,21.3,24.8,58,15.7,9.5,327,1010.8,0
01-02-2025,93,74,32.5,10.5,,1,"Siddharth Nagar Worli, Mumbai",28.8,20.6,24.1,56,17.7,9.4,339,1011.7,0
02-02-2025,103,84,43,9,,1,"Siddharth Nagar Worli, Mumbai",30.7,21.1,25.3,44,16.2,10.3,336,1011.5,0
03-02-2025,113,77,49,15,,2,"Siddharth Nagar Worli, Mumbai",28.9,21.4,25,50,19.9,10,328,1011.9,0
04-02-2025,118,87,30,14,,4.5,"Siddharth Nagar Worli, Mumbai",29.5,21,25,51,17.7,10.6,332,1012.9,0
05-02-2025,123,90,28,20,,7,"Siddharth Nagar Worli, Mumbai",31.4,21.5,25.3,37,21.6,14,343,1011.8,0
06-02-2025,148,109,56,27,,9,"Siddharth Nagar Worli, Mumbai",31.4,20.3,25.8,42,15.4,9.2,333,1010.6,0
07-02-2025,166,137,34,41,,11,"Siddharth Nagar Worli, Mumbai",32.9,22.6,27.2,54,12.9,6.1,316,1011.6,0
08-02-2025,182,99,68,23,,8.333333333,"Siddharth Nagar Worli, Mumbai",32.3,22.4,27.2,58,15.8,7.3,324,1011.7,0
09-02-2025,171,43,54,24,,5.666666667,"Siddharth Nagar Worli, Mumbai",32.3,23.4,27.7,47,17.9,9.8,327,1011.2,0
10-02-2025,139,82,64,12,,3,"Siddharth Nagar Worli, Mumbai",33,23.9,27.6,44,18,11.2,328,1012.5,0
11-02-2025,160,76,53,14,,4,"Siddharth Nagar Worli, Mumbai",32.2,22.3,26.5,46,18.5,10.3,332,1013.3,0
12-02-2025,148,98,29,27,,9,"Siddharth Nagar Worli, Mumbai",33.1,21.1,26.2,47,17.8,11.3,341,1013.3,0
13-02-2025,154,91,16,27,,1,"Siddharth Nagar Worli, Mumbai",34.2,22,27.6,39,18.3,11.7,344,1012.4,0
14-02-2025,158,86,25,1,,8,"Siddharth Nagar Worli, Mumbai",33.9,23.4,28.7,34,23.6,12.8,346,1011.9,0
15-02-2025,146,84,53,1,,6.5,"Siddharth Nagar Worli, Mumbai",34.1,23.1,28.9,31,20.9,10.6,343,1011.2,0
16-02-2025,137,59,39,18,,5,"Siddharth Nagar Worli, Mumbai",34.6,22.5,27.8,34,19,10.2,333,1011.8,0
17-02-2025,90,77,21,15,,6.666666667,"Siddharth Nagar Worli, Mumbai",33.7,21.7,27.4,43,19.8,10.4,334,1012.5,0
18-02-2025,123,86,52,17,,8.333333333,"Siddharth Nagar Worli, Mumbai",34.2,23.7,28.3,38,20.8,11.3,340,1012.3,0
19-02-2025,143,82,60,11,,10,"Siddharth Nagar Worli, Mumbai",33.1,23.8,28.3,37,19.7,11.5,334,1011.4,0
20-02-2025,147,86,27,28,,9,"Siddharth Nagar Worli, Mumbai",34.5,23.1,28.5,38,21.7,12.8,341,1011.7,0
21-02-2025,130,91,71,32,,8,"Siddharth Nagar Worli, Mumbai",36,24.9,30,32,19.2,13.9,360,1012.7,0
22-02-2025,128,99,64,26,,8.25,"Siddharth Nagar Worli, Mumbai",34.1,25.1,29.3,35,21.3,12,342,1013.1,0
23-02-2025,111,79,57,22,,8.5,"Siddharth Nagar Worli, Mumbai",34.7,23.8,29.5,35,17.6,10.2,342,1013.3,0
24-02-2025,51,86,30,20,,8.75,"Siddharth Nagar Worli, Mumbai",35.9,25,29.7,34,17.4,11,342,1013.2,0
25-02-2025,113,102,68,20,,9,"Siddharth Nagar Worli, Mumbai",36.7,25.1,29.8,35,17.9,8.1,348,1013.8,0
26-02-2025,157,119,57,18,,8.25,"Siddharth Nagar Worli, Mumbai",36.5,23.4,28.8,49,18.6,6.5,303,1014.1,0
27-02-2025,181,106,46,22.66666667,,7.5,"Siddharth Nagar Worli, Mumbai",34.6,24.7,29,46,16.8,7,292,1012.8,0
28-02-2025,157,73,24,27.33333333,,6.75,"Siddharth Nagar Worli, Mumbai",33.2,24.3,28.8,53,18.4,8.8,322,1011.5,0
01-03-2025,97,87,51,32,,6,"Siddharth Nagar Worli, Mumbai",33.3,25.4,29.3,40,18.9,11.9,330,1010.9,0
02-03-2025,108,91,34,8,,5.75,"Siddharth Nagar Worli, Mumbai",36,25.3,29.6,35,19.8,12.5,335,1010.2,0
03-03-2025,111,95,49,8,,5.5,"Siddharth Nagar Worli, Mumbai",36,25,29.7,38,21.2,13.4,343,1010.5,0
04-03-2025,116,95,56,46,,5.25,"Siddharth Nagar Worli, Mumbai",35.8,25.8,29.7,38,22,14.5,344,1011.1,0
05-03-2025,94,88,73,47,,5,"Siddharth Nagar Worli, Mumbai",36.1,24.8,29.9,31,19.6,13.2,341,1010.8,0
06-03-2025,111,106,43,45,,6.333333333,"Siddharth Nagar Worli, Mumbai",34.6,23.5,28.9,25,20.5,10.9,343,1011.5,0
07-03-2025,148,93,29,32,,7.666666667,"Siddharth Nagar Worli, Mumbai",35.4,24.8,29.4,26,20.2,10.5,339,1009.8,0
08-03-2025,127,67,15,28,,9,"Siddharth Nagar Worli, Mumbai",35,24,28.9,36,17,9.7,321,1008.4,0
09-03-2025,65,94,39,27,,11,"Siddharth Nagar Worli, Mumbai",35.1,23.1,28.5,50,19.3,7.6,323,1008.5,0
10-03-2025,106,122,60.5,40,,16,"Siddharth Nagar Worli, Mumbai",37.6,25.3,30.5,37,19.9,7.3,303,1009.8,0
11-03-2025,141,102,82,46,,2,"Siddharth Nagar Worli, Mumbai",35.7,25.5,30,52,16.9,7,288,1010.9,0
12-03-2025,117,84.66666667,66.33333333,35,,3.25,"Siddharth Nagar Worli, Mumbai",35.9,25.6,30.1,51,17.5,6.9,299,1009.8,0
14-03-2025,45.66666667,50,35,13,,5.75,"Siddharth Nagar Worli, Mumbai",34,24.5,29.1,60,17.1,7.7,302,1009.7,0
15-03-2025,10,63,49,12,,7,"Siddharth Nagar Worli, Mumbai",34.4,25.2,29.3,54,18.7,10,323,1010.4,0
16-03-2025,23,71,26,11,,7.285714286,"Siddharth Nagar Worli, Mumbai",33,25.7,29.2,52,18.1,10.7,329,1010.9,0
17-03-2025,45,58,45,8,,7.571428571,"Siddharth Nagar Worli, Mumbai",33.1,25.3,28.9,57,19.6,10.8,327,1010.9,0
18-03-2025,22,60,39,10,,7.857142857,"Siddharth Nagar Worli, Mumbai",32.8,23.9,28.1,64,19.2,9.3,318,1010.3,0
19-03-2025,39,66,77,13,,7,"Siddharth Nagar Worli, Mumbai",31.6,23.9,27.8,63,19.1,9.9,319,1011.5,0
20-03-2025,69,60,31,10,,7,"Siddharth Nagar Worli, Mumbai",34.6,24.1,29.3,43,20.5,10.6,331,1012.8,0
21-03-2025,48,50,33,10,,7,"Siddharth Nagar Worli, Mumbai",32.4,25.5,28.2,57,20.9,12.5,325,1013.5,0
22-03-2025,23,62,40,10,,9,"Siddharth Nagar Worli, Mumbai",32.3,23,27.6,65,19.5,8.1,318,1012.4,0
23-03-2025,56,61,47,11,,8,"Siddharth Nagar Worli, Mumbai",32.9,24,28.3,70,17.8,6.7,279,1011.9,0
24-03-2025,75,67,40,11,,7,"Siddharth Nagar Worli, Mumbai",32,24.8,28.2,76,21,8.2,281,1011.8,0
25-03-2025,96,49,17,9,,5,"Siddharth Nagar Worli, Mumbai",32.7,24.7,28.6,67,19.2,8.9,302,1009.1,0
26-03-2025,38,39,28,9,,3,"Siddharth Nagar Worli, Mumbai",31.2,24.5,27.8,74,17.4,8.3,294,1008.6,0
27-03-2025,14,65,41,11,,3,"Siddharth Nagar Worli, Mumbai",30.5,24.4,27.3,75,18.8,8.8,313,1009.7,0
28-03-2025,54,93,85,15,,3,"Siddharth Nagar Worli, Mumbai",32,24.1,28.6,61,20.1,10.9,330,1008.4,0
29-03-2025,100,84,80,11,,4.5,"Siddharth Nagar Worli, Mumbai",35.6,27,31,31,19.3,11,329,1006.9,0
30-03-2025,86,66,29,9,,6,"Siddharth Nagar Worli, Mumbai",36.3,27.2,31.4,42,21.9,10.4,313,1007.3,0
31-03-2025,66,70,50,12,,5.666666667,"Siddharth Nagar Worli, Mumbai",36.6,26,31,48,19.2,9.1,307,1007.6,0
01-04-2025,73,77,33,23,,5.333333333,"Siddharth Nagar Worli, Mumbai",38.4,26.2,31.7,44,17.6,9.1,323,1006.8,0
02-04-2025,101,70,24,10,,5,"Siddharth Nagar Worli, Mumbai",36.1,28.2,31.4,44,16.4,7.1,243,1007.4,0
03-04-2025,93,85,26,10,,10,"Siddharth Nagar Worli, Mumbai",31.4,27.3,29.1,77,14.1,8.7,220,1010.7,0.8
04-04-2025,66,65,16,11,,10,"Siddharth Nagar Worli, Mumbai",32.2,26.3,29,77,17.3,8.9,288,1011.8,1.1
05-04-2025,79,59,14,14,,8.666666667,"Siddharth Nagar Worli, Mumbai",35,25.1,29.8,63,21.6,9.8,316,1009.7,0
06-04-2025,66,67,62,11,,7.333333333,"Siddharth Nagar Worli, Mumbai",33.9,25.3,29.6,64,19.1,7,269,1008.7,0
07-04-2025,85,66,49,12,,6,"Siddharth Nagar Worli, Mumbai",35.5,25.1,30.3,62,21.7,9.4,306,1008.3,0
08-04-2025,80,56,36,9,,8,"Siddharth Nagar Worli, Mumbai",36.5,26.4,31.1,49,25,8.7,316,1008.9,0
09-04-2025,57,45,23,7,,10,"Siddharth Nagar Worli, Mumbai",33.7,26,30.2,60,18.5,9.2,255,1008.5,0
10-04-2025,28,43,8,7,,9.166666667,"Siddharth Nagar Worli, Mumbai",32.4,26.8,29.4,76,14.2,10.9,203,1007.3,0
11-04-2025,27,35,18,6,,8.333333333,"Siddharth Nagar Worli, Mumbai",31.8,26,28.8,76,17.8,11.6,212,1007.2,0
12-04-2025,19,46,20,5,,7.5,"Siddharth Nagar Worli, Mumbai",31.6,25.6,28.7,77,16.3,8.3,226,1008.9,0.1
13-04-2025,36,47,23,9,,7.366666667,"Siddharth Nagar Worli, Mumbai",32.1,25.6,28.8,75,18.6,9.2,301,1010.1,0
14-04-2025,34,57,23,6,,7.366666667,"Siddharth Nagar Worli, Mumbai",36.1,25,30.2,62,21.7,11.8,326,1008.7,0
15-04-2025,42,39,8,5,,5,"Siddharth Nagar Worli, Mumbai",34.6,26,30.1,62,20,10.2,314,1008.1,0
16-04-2025,22,37,9,5,,5.333333333,"Siddharth Nagar Worli, Mumbai",32.4,25.8,29.1,75,18.1,8.9,279,1008.2,0
17-04-2025,20,34,24,5,,5.666666667,"Siddharth Nagar Worli, Mumbai",31.4,25.8,28.6,79,17.6,8.7,265,1008.1,0.1
18-04-2025,56,39,10,5,,6,"Siddharth Nagar Worli, Mumbai",31.5,26.1,28.8,77,17.2,8.9,258,1007.6,0
19-04-2025,53,57,24,7,,7.366666667,"Siddharth Nagar Worli, Mumbai",31.8,26.4,29.1,76,18.2,10.2,252,1008,0
20-04-2025,60,51,14,6,,7.366666667,"Siddharth Nagar Worli, Mumbai",32.1,25.8,29.1,72,17.1,9.6,280,1008.2,0
21-04-2025,53,78,19,10,,7,"Siddharth Nagar Worli, Mumbai",32.2,26.2,29.2,74,18.2,9.9,302,1009.6,0
22-04-2025,79,78,23,5,,7.2,"Siddharth Nagar Worli, Mumbai",33.5,25.9,29.8,70,19.6,8.9,302,1009.7,0
23-04-2025,79,61,22,1,,7.4,"Siddharth Nagar Worli, Mumbai",33.9,26.8,30.2,72,21.3,8.9,257,1008.2,0
24-04-2025,61,60.5,18.75,4.5,,7.6,"Siddharth Nagar Worli, Mumbai",32.6,26.9,29.6,75,16.1,9.7,242,1007.5,0
27-04-2025,64.75,59,9,15,,7.366666667,"Siddharth Nagar Worli, Mumbai",32.3,26.2,29.2,76,18,8.8,286,1008.1,0
28-04-2025,66,59,15,10,,7.366666667,"Siddharth Nagar Worli, Mumbai",32.1,26.6,29.2,76,17.8,9.8,246,1007.3,0
29-04-2025,66,51,16,13,,7.366666667,"Siddharth Nagar Worli, Mumbai",32,26.6,29.2,77,16.2,8.8,236,1006.8,0
30-04-2025,51,43,21,14,,7.366666667,"Siddharth Nagar Worli, Mumbai",32.2,26.5,29.5,76,17.5,9.4,261,1007.8,0.2
01-05-2025,58,49,11,14,,9,"Siddharth Nagar Worli, Mumbai",32.7,26.1,29.6,76,22.4,8.1,276,1008.2,0
02-05-2025,56,43,18,14,,8.166666667,"Siddharth Nagar Worli, Mumbai",33.4,26,29.8,72,16.6,8.9,275,1008.3,0
03-05-2025,54,42,16,14,,7.333333333,"Siddharth Nagar Worli, Mumbai",32.4,26.5,29.7,69,18.2,9.8,235,1008.2,0
04-05-2025,54,44,7,13,,6.5,"Siddharth Nagar Worli, Mumbai",32.6,27.2,30,68,16.7,9.5,254,1007.8,0
05-05-2025,56,43,12,13,,9,"Siddharth Nagar Worli, Mumbai",32.4,27.9,30.1,71,16.3,9.4,248,1007.4,0
06-05-2025,59,52,23,14,,9,"Siddharth Nagar Worli, Mumbai",32.2,23.6,28.8,73,18.8,9.7,252,1008.4,3.3
07-05-2025,55,31,18,11,,4,"Siddharth Nagar Worli, Mumbai",31.8,25.3,28,74,18.4,10.7,220,1007.5,2.2
08-05-2025,7,23,18,8,,3.333333333,"Siddharth Nagar Worli, Mumbai",29.1,22.7,26.7,80,16.8,11.2,208,1007.4,11
09-05-2025,8,34,9,9,,2.666666667,"Siddharth Nagar Worli, Mumbai",28.7,25.3,27.3,81,17.6,12,200,1008.3,1.6
10-05-2025,8,32,24,7,,2,"Siddharth Nagar Worli, Mumbai",30.5,25.2,28.3,79,14.1,7.7,225,1008.2,0.1
11-05-2025,9,26,14,7,,2,"Siddharth Nagar Worli, Mumbai",32.1,26.1,29.2,75,13.4,6.4,253,1007.5,0.4
12-05-2025,45,33,14,6,,2.076923077,"Siddharth Nagar Worli, Mumbai",33,27.4,30.3,70,14.6,7.7,258,1006.5,0.3
13-05-2025,48,46,10,11,,2.153846154,"Siddharth Nagar Worli, Mumbai",33.2,28.1,30.7,68,14.4,6.7,293,1006.6,0.3
14-05-2025,57,29,10,13,,2.230769231,"Siddharth Nagar Worli, Mumbai",32.8,25.4,30,71,14.1,8,297,1007.1,1.7
15-05-2025,92,60,14,6,,9,"Siddharth Nagar Worli, Mumbai",32.9,28,30.6,71,15.7,7.6,284,1007.1,1.7
16-05-2025,57,59,10,6,,9,"Siddharth Nagar Worli, Mumbai",33,29,30.8,66,15.1,8.4,240,1006.9,0.5
17-05-2025,46,63,14,6,,9,"Siddharth Nagar Worli, Mumbai",32.1,28.5,30.5,68,15.5,8.6,232,1006.6,1.8
18-05-2025,50,57,15,5,,9,"Siddharth Nagar Worli, Mumbai",33.8,28.9,31.1,62,16,7.7,257,1005.8,0.2
19-05-2025,60,12,19,7,,9,"Siddharth Nagar Worli, Mumbai",31.9,29,30.4,69,17.6,8.4,303,1004.8,0.5
20-05-2025,53,52,31,10,,9,"Siddharth Nagar Worli, Mumbai",33.9,28.7,30.5,74,13.6,7.2,310,1004.1,4.3
21-05-2025,62,38,15,12,,9,"Siddharth Nagar Worli, Mumbai",31.6,26.8,29.1,83,14.3,6.7,325,1003.3,2.2
22-05-2025,57,63,25,19,,9,"Siddharth Nagar Worli, Mumbai",31.6,26.3,28.8,80,20.9,9.1,324,1002,5
23-05-2025,99,71,16,16,,9,"Siddharth Nagar Worli, Mumbai",32.3,26.4,28.8,85,14.3,5.4,330,999.5,3.1
24-05-2025,101,47,9,6,,3,"Siddharth Nagar Worli, Mumbai",32.2,26.5,29,84,15.9,8.8,341,999.3,4.8
25-05-2025,65,56,6,4,,4,"Siddharth Nagar Worli, Mumbai",28.4,24.1,26.6,90,13,5.7,333,1001.8,20.8
26-05-2025,53,44,11,8,,1,"Siddharth Nagar Worli, Mumbai",27.9,24.9,26.4,92,25,10.8,356,1002,61.3
27-05-2025,55,59,11,17,,1.75,"Siddharth Nagar Worli, Mumbai",29.9,25.8,27.4,88,13.7,5.8,228,1001.9,8.8
28-05-2025,72,69,4,13,,2.5,"Siddharth Nagar Worli, Mumbai",28.3,26,27,90,14.5,8.6,211,1002.3,14
29-05-2025,76,73,9,5,,3.25,"Siddharth Nagar Worli, Mumbai",31.2,26.8,29,85,19.9,11.3,250,1000.8,5.9
30-05-2025,76,71,9,4,,4,"Siddharth Nagar Worli, Mumbai",31.4,28.3,29.8,78,21.5,18.2,250,1002.1,1.2
31-05-2025,72,67,7,4.5,,4.75,"Siddharth Nagar Worli, Mumbai",31,27.6,29.3,79,22,17.4,232,1005.5,4.2
01-06-2025,67.5,63,5,5,,5.5,"Siddharth Nagar Worli, Mumbai",29.2,26.1,27.4,85,22.1,16.5,202,1006,7.3
02-06-2025,63,63,7,4,,6.25,"Siddharth Nagar Worli, Mumbai",30.5,25.8,27.8,83,22.3,16.7,203,1005,8.7
03-06-2025,63,37,19,21,,7,"Siddharth Nagar Worli, Mumbai",30.3,25.7,27.6,84,23.1,17.2,196,1005.3,11
04-06-2025,54,66,7,13,,6,"Siddharth Nagar Worli, Mumbai",28.8,24.7,27.1,84,18.3,11.1,181,1006.5,3.7
05-06-2025,84,54,15,12,,5.5,"Siddharth Nagar Worli, Mumbai",29.8,25.3,27.9,83,12,6.6,192,1008.5,0.4
06-06-2025,87,26,7,13,,5,"Siddharth Nagar Worli, Mumbai",30.1,26.7,28.3,84,11,5.1,260,1009.3,4.8
07-06-2025,53,49,13,12,,4.5,"Siddharth Nagar Worli, Mumbai",29.4,25.6,27.8,86,11.4,5.4,253,1009.5,9
08-06-2025,75,51,12,4,,8,"Siddharth Nagar Worli, Mumbai",30.1,26.8,28.6,82,15.6,8.6,276,1008.8,4.4
09-06-2025,71,40,6,5,,8,"Siddharth Nagar Worli, Mumbai",30.7,27.6,29.2,77,20.4,11.9,297,1007.8,0.6
10-06-2025,60,24,11,5,,8,"Siddharth Nagar Worli, Mumbai",30.6,27.7,29.1,78,18.9,11.9,298,1005.8,0.7
11-06-2025,40,30,11,5,,8,"Siddharth Nagar Worli, Mumbai",31.6,28.3,29.9,77,19.8,13.5,304,1004.1,0.7
12-06-2025,37,39,10,7,,2,"Siddharth Nagar Worli, Mumbai",31.6,28.8,30.2,77,25.4,17.7,308,1002.2,3.2
13-06-2025,51,21,9,8,,3,"Siddharth Nagar Worli, Mumbai",30.1,25.4,28.3,86,20.7,12.3,336,1001.6,33.9
14-06-2025,55,25.5,15,13,,4,"Siddharth Nagar Worli, Mumbai",30.4,25.6,27.6,90,15.7,8,331,1000.3,68.9
15-06-2025,61,30,9,4,,5,"Siddharth Nagar Worli, Mumbai",29.4,25.5,26.8,92,17.9,9.4,150,997.8,62.6
16-06-2025,41,37,8,4,,8,"Siddharth Nagar Worli, Mumbai",27.5,25.7,26.4,91,34.6,26,250,998.8,100.7
17-06-2025,65,10,16,4,,7,"Siddharth Nagar Worli, Mumbai",29.2,26,27.5,85,29,24.3,223,1001.7,13.8
18-06-2025,47,47,12,4,,9,"Siddharth Nagar Worli, Mumbai",28.6,26.3,27.2,88,32.3,25.1,249,1002.6,97
19-06-2025,50,45,8,4,,7.75,"Siddharth Nagar Worli, Mumbai",28.5,24.6,26.7,89,28.5,21.1,249,1003.5,77.3
20-06-2025,55,44,9,3,,6.5,"Siddharth Nagar Worli, Mumbai",29.5,26.2,27.7,84,24.4,20,229,1004.9,10.8
21-06-2025,56,42,5,3,,5.25,"Siddharth Nagar Worli, Mumbai",29.4,24.9,27.6,85,22.7,17.5,228,1005.3,12.1
22-06-2025,55,37,9,3,,4,"Siddharth Nagar Worli, Mumbai",29.2,25.9,27.6,83,25,20.7,234,1004.4,16.4
23-06-2025,52,90,9,5,,4.222222222,"Siddharth Nagar Worli, Mumbai",28.5,26,27,86,28.4,22.7,240,1002.9,48.7
24-06-2025,82,53,11,4,,4.444444444,"Siddharth Nagar Worli, Mumbai",29.2,25.5,27,87,27.8,19.9,241,1002,31.8
25-06-2025,55,51,12,4,,4.666666667,"Siddharth Nagar Worli, Mumbai",29.7,26.7,28.4,81,29,23.8,244,1001.4,7.4
26-06-2025,61,52,12,4,,8,"Siddharth Nagar Worli, Mumbai",28.6,25.7,27,87,23.6,18.2,230,1001.8,30.4
27-06-2025,59,63,11,4,,8,"Siddharth Nagar Worli, Mumbai",28.3,25.3,27.4,83,26.6,22.2,226,1002.5,13.8
28-06-2025,68,45,14,3,,8,"Siddharth Nagar Worli, Mumbai",29.2,25.8,27.6,80,29.7,25.3,229,1003.9,18.5
29-06-2025,56,43,11,3,,8,"Siddharth Nagar Worli, Mumbai",28.5,25.3,27.4,83,26,21.3,230,1004.2,21
30-06-2025,65,42,11,3,,8,"Siddharth Nagar Worli, Mumbai",29.5,24.7,27.2,83,26.1,21.3,243,1003.9,27.5
01-07-2025,54,35,9,2,,6,"Siddharth Nagar Worli, Mumbai",28.7,24.7,27,85,23.5,18.4,244,1004.2,38.9
02-07-2025,54,32,19,25,,5.8,"Siddharth Nagar Worli, Mumbai",28.6,25.4,26.8,87,23.7,19.5,247,1003.5,44.4
03-07-2025,46,45,13,48,,5.6,"Siddharth Nagar Worli, Mumbai",28.3,25,26.6,86,25.5,20.4,230,1003.6,23.1
04-07-2025,53,46,12,12,,5.4,"Siddharth Nagar Worli, Mumbai",28.2,25.4,26.9,84,26.3,22.5,229,1004.5,17.1
05-07-2025,62,51,6,13,,5.4,"Siddharth Nagar Worli, Mumbai",27.6,26.1,26.9,85,27.2,23.4,241,1004.3,29.9
06-07-2025,61,51,11,39,,5.4,"Siddharth Nagar Worli, Mumbai",28.1,25.5,26.7,86,31.8,22.9,241,1003.7,26.1
07-07-2025,61,44,6,50,,5.4,"Siddharth Nagar Worli, Mumbai",28.7,26,27.3,84,25.2,21.2,243,1004.1,8.8
08-07-2025,57,45,10,30,,5.4,"Siddharth Nagar Worli, Mumbai",28.4,26.9,27.8,82,25.8,22.2,244,1004.7,1.3
09-07-2025,64,45,11,16,,5.4,"Siddharth Nagar Worli, Mumbai",27.7,25.4,26.9,86,22.8,16.1,245,1005.1,9.1
10-07-2025,66,40,10,15,,5.4,"Siddharth Nagar Worli, Mumbai",28.8,25.3,27.1,84,17.2,11.9,234,1005.3,8
11-07-2025,64,42,9,13,,4,"Siddharth Nagar Worli, Mumbai",28.1,25.4,26.9,86,16.2,11.7,234,1005.5,6.2
12-07-2025,56,34,10,13,,3,"Siddharth Nagar Worli, Mumbai",29.2,25.3,27.2,85,18.9,13,250,1006,4.4
13-07-2025,56,12,5,12,,4,"Siddharth Nagar Worli, Mumbai",28.3,25.6,26.8,85,17.8,13.5,242,1005.7,13.3
14-07-2025,39,49,9,20.75,,5,"Siddharth Nagar Worli, Mumbai",27.3,25.2,26.4,89,25.6,18.1,242,1004.2,52.2
15-07-2025,62,60,8,29.5,,6,"Siddharth Nagar Worli, Mumbai",27.5,25.6,26.6,87,17.4,13.6,249,1003.8,17.9
16-07-2025,62,39,9,38.25,,7,"Siddharth Nagar Worli, Mumbai",29.2,26,27.5,84,18.1,13.3,260,1004.1,11.1
17-07-2025,53,40,9,47,,5,"Siddharth Nagar Worli, Mumbai",29,25.9,27.5,85,12.4,8.9,245,1004.8,3.5
18-07-2025,66,34,11,17,,4.727272727,"Siddharth Nagar Worli, Mumbai",29.2,26,27.7,83,13.4,9.9,253,1005.1,2.3
19-07-2025,59,24,5,15,,4.454545455,"Siddharth Nagar Worli, Mumbai",28.1,25.2,27.1,85,15.9,10.6,238,1003.1,4.2
20-07-2025,56,23,9,15,,4.181818182,"Siddharth Nagar Worli, Mumbai",27.8,25.1,26.5,87,16.4,13,226,1002.3,12.4
21-07-2025,56,24,11,14,,5.4,"Siddharth Nagar Worli, Mumbai",27.7,25.8,26.5,89,14.5,11.3,232,1003.5,25.6
22-07-2025,48,35,12,13,,5.4,"Siddharth Nagar Worli, Mumbai",27.8,25.7,26.6,88,18,11.6,252,1004.2,24.7
23-07-2025,50,49,12,10,,5.4,"Siddharth Nagar Worli, Mumbai",27.7,25.2,26.5,86,20,15,251,1003.1,20
24-07-2025,52,50,8,8,,5.4,"Siddharth Nagar Worli, Mumbai",27.1,25.3,26.3,87,21.5,17,238,1001.7,17.8
25-07-2025,57,46.5,8,9.25,,5.4,"Siddharth Nagar Worli, Mumbai",27.5,26.1,26.6,88,24.6,20.6,249,1001.2,38.3
28-07-2025,42,36,8,13,,2,"Siddharth Nagar Worli, Mumbai",28.2,26,26.9,82,29.9,26.9,249,1004.8,8.2
29-07-2025,37,58,5,8,,1,"Siddharth Nagar Worli, Mumbai",27.9,26.1,26.7,84,29.6,26.4,254,1005.3,8
30-07-2025,64,58,10,7,,2.5,"Siddharth Nagar Worli, Mumbai",27.5,25.9,26.7,85,28.4,23.6,248,1004.9,8.1
31-07-2025,65,58,6,6,,4,"Siddharth Nagar Worli, Mumbai",27.6,26.1,27,84,24.8,22.1,238,1005.5,3.8
01-08-2025,59,44,10,6,,3,"Siddharth Nagar Worli, Mumbai",28.4,25.8,27.1,82,22.4,17.4,242,1006.2,2.9
02-08-2025,51,46,6,5,,3,"Siddharth Nagar Worli, Mumbai",28,25.4,26.7,86,16.9,12.2,246,1006.4,6.4
03-08-2025,45,46,10,5,,3,"Siddharth Nagar Worli, Mumbai",27.9,25.2,26.6,85,13.9,9.8,227,1007.2,3.9
04-08-2025,50,35,43,18,,2,"Siddharth Nagar Worli, Mumbai",28.7,25.1,27,84,14.3,8.7,249,1008.3,3.9
05-08-2025,46,37,8,25,,9,"Siddharth Nagar Worli, Mumbai",28.7,25.6,27.2,83,16.2,8.3,266,1007.8,4.5
06-08-2025,51,32,5,19,,8,"Siddharth Nagar Worli, Mumbai",29.2,25.7,27.5,83,15.6,7.7,294,1007.4,1.3
07-08-2025,54,47,4,11,,7,"Siddharth Nagar Worli, Mumbai",28.1,26,27.2,86,13.4,6.2,291,1007.2,1.7
08-08-2025,53,46,3,14,,6,"Siddharth Nagar Worli, Mumbai",28.1,26.1,26.9,86,9.2,4.6,272,1007.9,3.1
09-08-2025,59,46,3,10,,4.666666667,"Siddharth Nagar Worli, Mumbai",28.3,25.1,26.8,86,10.3,5.6,239,1009.4,0.9
10-08-2025,58,41,4,8,,3.333333333,"Siddharth Nagar Worli, Mumbai",28.1,25.4,26.7,84,14,6.5,235,1008.6,4.4
11-08-2025,52,36,7,8,,2,"Siddharth Nagar Worli, Mumbai",28.2,25.4,26.8,83,16.6,9.5,248,1008.4,6.4
12-08-2025,57,31,3,14,,6,"Siddharth Nagar Worli, Mumbai",28.5,25.2,26.8,83,18.2,10.3,257,1007.1,6.2
13-08-2025,40,26,10,12,,4.5,"Siddharth Nagar Worli, Mumbai",27.9,25.3,26.4,86,13.9,9.4,246,1005.1,9.8
14-08-2025,42,24,6,8,,3,"Siddharth Nagar Worli, Mumbai",27.3,25.3,26,89,16.4,10.5,222,1004.4,50.5
15-08-2025,34,33,4,7,,2,"Siddharth Nagar Worli, Mumbai",27.3,25.3,26.3,88,17.1,12.8,245,1003.8,49.6
16-08-2025,48,29,11,9,,1,"Siddharth Nagar Worli, Mumbai",26.5,24.8,25.7,91,16.7,11.6,245,1002.6,38.7
17-08-2025,46,40,11,7,,2,"Siddharth Nagar Worli, Mumbai",27.9,25.4,26.4,87,23.7,15.5,237,1001.4,15.6
18-08-2025,45,48,13,6,,2.222222222,"Siddharth Nagar Worli, Mumbai",26.7,25.5,25.8,91,27.2,22.4,243,1003.7,117.6
19-08-2025,49,58,8,9,,2.444444444,"Siddharth Nagar Worli, Mumbai",26.5,25.3,25.9,90,35.5,27.7,251,1002.5,128.8
20-08-2025,54,50,5,7,,2.666666667,"Siddharth Nagar Worli, Mumbai",26.9,25.1,25.9,88,32.3,27.6,243,1003.8,60.2
21-08-2025,55,38,9,7,,3,"Siddharth Nagar Worli, Mumbai",28,25.6,26.8,84,28.6,24.2,234,1007,29.1
22-08-2025,45,37,9,6,,3,"Siddharth Nagar Worli, Mumbai",28.2,25.8,27.1,81,25.1,21.6,240,1007.9,3.9
23-08-2025,43,35,10,6,,3,"Siddharth Nagar Worli, Mumbai",28.3,24.9,26.9,80,28.7,23.3,241,1007.1,10.1
24-08-2025,38,31,9,7,,3,"Siddharth Nagar Worli, Mumbai",28.5,25.8,26.9,81,26.5,24,239,1007.7,4.5
25-08-2025,27,33,4,7,,3,"Siddharth Nagar Worli, Mumbai",26.9,25,25.8,86,26,20.9,243,1007.1,24
26-08-2025,41,37,4,7,,4,"Siddharth Nagar Worli, Mumbai",27.9,25,26.6,85,20.7,16.3,254,1006.7,14.4
27-08-2025,49,44,7,9,,4.9,"Siddharth Nagar Worli, Mumbai",28.3,25.4,26.7,85,14.2,10,278,1005.5,7
28-08-2025,61,35,6,13,,5.8,"Siddharth Nagar Worli, Mumbai",28.4,25.4,26.7,88,12.4,9,281,1004.6,16.6
29-08-2025,57,26,8,8,,6.7,"Siddharth Nagar Worli, Mumbai",28,25.7,26.6,87,14.3,9.9,236,1004.5,7.4
30-08-2025,49,38,8,6,,3,"Siddharth Nagar Worli, Mumbai",28.1,25.3,26.7,85,13.1,10.3,228,1006.4,3.5
31-08-2025,54,38,5,6,,3,"Siddharth Nagar Worli, Mumbai",27.7,25.3,26.6,86,20.9,14.4,247,1006.8,9.5
01-09-2025,43,41,5,6,,9.5,"Siddharth Nagar Worli, Mumbai",28,25.4,26.6,84,24.1,19.1,256,1005.3,10.4
02-09-2025,53,43,6,6,,9.5,"Siddharth Nagar Worli, Mumbai",28.2,25.4,26.8,85,17.7,15.7,270,1005,4.9
03-09-2025,49,41,9,6,,9.5,"Siddharth Nagar Worli, Mumbai",28.7,24.9,27,83,19.6,13.8,280,1005.3,4
04-09-2025,52,36,10,6,,9.5,"Siddharth Nagar Worli, Mumbai",26.3,25.2,25.9,87,14.9,11.6,278,1005.7,15.7
05-09-2025,36,11,5,5,,13,"Siddharth Nagar Worli, Mumbai",27.4,25.1,26.2,88,17.5,12.8,258,1006.2,15.6
06-09-2025,40,41,4,7,,12.77777778,"Siddharth Nagar Worli, Mumbai",26.7,25.2,26.1,85,21.9,16.8,238,1007.3,15.8
07-09-2025,40.66666667,38,4,22,,12.55555556,"Siddharth Nagar Worli, Mumbai",28.1,24.9,26.4,84,20.9,16.2,227,1007.6,11.4
08-09-2025,41.33333333,50,32,14,,12.33333333,"Siddharth Nagar Worli, Mumbai",27.5,24.6,26.2,86,19.2,14.1,204,1007.4,5.8
09-09-2025,42,55,12,13,,9.5,"Siddharth Nagar Worli, Mumbai",28.5,24.6,26.5,87,11.2,8.5,196,1009,0.7
10-09-2025,66,50,4,18,,9.5,"Siddharth Nagar Worli, Mumbai",29.1,24.7,26.8,85,13.4,6.1,286,1009.7,0.4
11-09-2025,31,43,6,35,,9.5,"Siddharth Nagar Worli, Mumbai",28.5,24.6,26.8,83,12.6,6,286,1009.5,1.4
12-09-2025,47,44,11,41,,9.5,"Siddharth Nagar Worli, Mumbai",29.1,25,27.1,81,14,5.9,311,1009.3,0.4
13-09-2025,67,33,13,26,,9.5,"Siddharth Nagar Worli, Mumbai",28.6,25.2,26.6,87,15.8,7.1,322,1008.9,12.4
14-09-2025,69,43,6,33,,11,"Siddharth Nagar Worli, Mumbai",28.9,25,26.5,87,16.8,8.3,323,1008.6,16.3
15-09-2025,45,36,6.5,51,,14,"Siddharth Nagar Worli, Mumbai",27.4,25.2,26.2,90,18.7,10.2,305,1008,72.3
16-09-2025,61,21,7,29,,12.5,"Siddharth Nagar Worli, Mumbai",27.7,25.3,26.3,89,12.9,6.8,285,1007.8,7.8
17-09-2025,35,22,6,26,,11,"Siddharth Nagar Worli, Mumbai",28,24.8,26.4,89,11.1,4.6,255,1007.6,15.2
18-09-2025,38,26,6,28,,11.5,"Siddharth Nagar Worli, Mumbai",27.6,24.7,26.3,90,10.1,4.9,274,1007.5,9.9
19-09-2025,39,32,3,25,,12,"Siddharth Nagar Worli, Mumbai",28.4,24.9,26.3,89,13.3,7.3,242,1008.5,11.9
20-09-2025,48,25,7,24,,12.5,"Siddharth Nagar Worli, Mumbai",28.7,25,26.6,88,13,7.2,238,1008.7,14.8
21-09-2025,35,30,7,37,,9.5,"Siddharth Nagar Worli, Mumbai",28.7,25,26.4,88,14.6,6,276,1008.3,15.4
22-09-2025,44,37,9,25,,9.5,"Siddharth Nagar Worli, Mumbai",28.2,24.5,26,90,13.9,6.8,284,1009.1,19.5
23-09-2025,64,31,3,15,,9.5,"Siddharth Nagar Worli, Mumbai",28.6,24.8,26.6,85,17.5,6.6,269,1009.5,9.1
24-09-2025,37,26,8,18,,9.5,"Siddharth Nagar Worli, Mumbai",28.3,24.6,26.9,81,12.6,7.4,267,1008,1.5
25-09-2025,45,41,3,22,,9.5,"Siddharth Nagar Worli, Mumbai",27.9,24.6,26.4,84,11,6.1,253,1007.3,3.4
26-09-2025,58,29,4,14,,9.5,"Siddharth Nagar Worli, Mumbai",29.2,24.5,26.7,86,13.7,4.8,313,1007.3,3.3
27-09-2025,49,26,18,12,,9.5,"Siddharth Nagar Worli, Mumbai",28.4,24.7,26.5,85,17.5,10.9,289,1007.3,17.4
28-09-2025,48,43,9,20,,9.5,"Siddharth Nagar Worli, Mumbai",26.7,25.6,26.1,89,34.8,26.5,273,1003.8,122.1
29-09-2025,61,30,5,18,,9.5,"Siddharth Nagar Worli, Mumbai",28.5,25.5,26.8,78,29.4,22.4,227,1004.3,16.9
30-09-2025,54,29,5,16,,9.5,"Siddharth Nagar Worli, Mumbai",27.4,24.3,25.7,85,23.7,18.7,194,1005.4,9.4
01-10-2025,45,28,2,16,,18,"Siddharth Nagar Worli, Mumbai",28.3,24.2,25.8,87,24.3,17.9,185,1005,13.2
02-10-2025,45,30,6,16,,14,"Siddharth Nagar Worli, Mumbai",27.8,24.4,26,87,24.6,16.7,181,1007,5.2
03-10-2025,43,31,7,15,,10,"Siddharth Nagar Worli, Mumbai",28.5,25.1,26.6,86,18.8,12.8,187,1009.7,4.2
04-10-2025,37,46,6,17,,6,"Siddharth Nagar Worli, Mumbai",28.5,25,26.8,86,14.4,8.8,200,1011,3.7
05-10-2025,58,36,8,15,,2,"Siddharth Nagar Worli, Mumbai",27.8,24.7,26.4,85,11.5,7.7,200,1011.1,1
06-10-2025,50,30,23,37,,3,"Siddharth Nagar Worli, Mumbai",28.1,24.7,26.2,84,13.9,7.7,217,1011.7,2
07-10-2025,51,53,6,19,,4,"Siddharth Nagar Worli, Mumbai",28.6,24.6,26.3,86,13.3,5.8,249,1011.7,1.7
08-10-2025,69,74,11,18,,5,"Siddharth Nagar Worli, Mumbai",29.4,24.9,27,84,14.8,7,333,1011.4,0.2
09-10-2025,108,95,12,21,,8.666666667,"Siddharth Nagar Worli, Mumbai",31,25.2,27.9,78,12.1,7.2,349,1011.5,0
10-10-2025,146,120,13,21,,7,"Siddharth Nagar Worli, Mumbai",32.7,24.7,28.3,66,12.3,7.8,359,1010.1,0
11-10-2025,155,112,26,22,,6.666666667,"Siddharth Nagar Worli, Mumbai",33.5,25,28.8,62,14.5,7.1,343,1009.8,0.1
12-10-2025,158,91,27,21,,6.333333333,"Siddharth Nagar Worli, Mumbai",34.4,25.1,29.3,59,14.5,7.4,341,1009.4,0.1
13-10-2025,150,84,30,22,,6,"Siddharth Nagar Worli, Mumbai",33.8,25.3,29.4,56,14.6,7.8,337,1009.8,0
14-10-2025,146,78,33,25,,7,"Siddharth Nagar Worli, Mumbai",34.4,24.8,29.3,56,15,8.2,341,1008,0
15-10-2025,107,63,13,24,,8,"Siddharth Nagar Worli, Mumbai",34,25.1,28.9,61,15.1,4.9,65,1007.4,1.3
16-10-2025,121,52,25,19,,7.888888889,"Siddharth Nagar Worli, Mumbai",34.4,26.4,29.3,73,13,6,66,1007.9,9.8
17-10-2025,108,65,17,21,,7.777777778,"Siddharth Nagar Worli, Mumbai",34.9,26.1,30.3,66,14.2,8.3,16,1008.9,0
18-10-2025,152,81,27,20,,7.666666667,"Siddharth Nagar Worli, Mumbai",34.4,26.6,30.3,62,13.1,6.6,16,1008.8,0.3
19-10-2025,160,94,25,19,,8.666666667,"Siddharth Nagar Worli, Mumbai",35,26.7,30.3,62,13.5,7.7,1,1007.5,0.4
20-10-2025,175,109,18,20,,8.666666667,"Siddharth Nagar Worli, Mumbai",34.7,26.5,30.3,61,16.5,8.7,8,1006.8,0.1
21-10-2025,204,76,15,18,,8.666666667,"Siddharth Nagar Worli, Mumbai",33.9,26.1,29.6,63,13.6,7.5,43,1008,7.5
22-10-2025,152,54,15,18,,8.666666667,"Siddharth Nagar Worli, Mumbai",33.3,26.2,29.4,72,13.7,6.8,43,1008.4,1
23-10-2025,116,32,8,15,,8.666666667,"Siddharth Nagar Worli, Mumbai",35,26.9,30.5,67,15.4,8.2,46,1007.1,3.5
24-10-2025,70,31,6,18,,7,"Siddharth Nagar Worli, Mumbai",33.3,27.2,29.5,72,18.3,8,139,1007,5.8
25-10-2025,47,32,8,15,,5,"Siddharth Nagar Worli, Mumbai",29.8,25.5,27.3,83,16.6,9.4,138,1006.7,16.5
26-10-2025,40,25,11,15,,4.666666667,"Siddharth Nagar Worli, Mumbai",27,24.3,25.5,91,19.4,10.8,130,1006.7,40.6
27-10-2025,39,46,8,14,,4.333333333,"Siddharth Nagar Worli, Mumbai",30.3,24.2,26.3,86,24.9,13.8,155,1006.5,11.3
28-10-2025,74,58,14,14,,4,"Siddharth Nagar Worli, Mumbai",31.6,25.5,27.7,77,20.5,15.3,150,1005.7,0.2
29-10-2025,87,41,13,12,,8.666666667,"Siddharth Nagar Worli, Mumbai",30.8,26.1,27.5,79,24.2,12.2,161,1005.1,0
30-10-2025,69,42,7,15,,8.666666667,"Siddharth Nagar Worli, Mumbai",28.7,24.8,26.7,82,23.7,15.9,162,1006.9,13.6
31-10-2025,58,41,11,13,,3,"Siddharth Nagar Worli, Mumbai",29.2,24.8,26.8,83,26.6,19.3,164,1008.3,11.1
01-11-2025,63,32,3,12,,3,"Siddharth Nagar Worli, Mumbai",28.3,25.1,26.6,88,21.3,15.8,173,1010.3,4.9
02-11-2025,55,29,14,13,,4,"Siddharth Nagar Worli, Mumbai",27.6,25.4,26.3,88,18.9,13.2,186,1012.4,5.4
03-11-2025,48,29,15,8,,3,"Siddharth Nagar Worli, Mumbai",28.4,24,26.3,88,13.6,8.4,203,1012.4,2.2
04-11-2025,59,43,8,8,,3.333333333,"Siddharth Nagar Worli, Mumbai",28.1,24.9,26.1,87,14.9,6.3,243,1011.8,2.1
05-11-2025,66,68,23,31,,3.666666667,"Siddharth Nagar Worli, Mumbai",28.4,23.6,25.9,82,10.4,5.6,328,1011.1,0.5
06-11-2025,99,89,51,15,,4,"Siddharth Nagar Worli, Mumbai",29,23.4,26,82,14,6.9,349,1011.6,0.3
07-11-2025,153,67,40,25,,8,"Siddharth Nagar Worli, Mumbai",31.2,24.1,26.9,74,15.2,7.3,343,1012.3,0
08-11-2025,122,68,43,35,,6,"Siddharth Nagar Worli, Mumbai",33.6,23.1,27.7,57,11.7,8.5,20,1013.3,0
09-11-2025,125,60,23,29,,6,"Siddharth Nagar Worli, Mumbai",31.6,22.6,26.7,54,13.5,8,327,1012.8,0
10-11-2025,118,74,34,35,,6,"Siddharth Nagar Worli, Mumbai",31.5,21.7,26.4,58,12.9,6.4,213,1012.2,0
11-11-2025,129,77,43,34,,6,"Siddharth Nagar Worli, Mumbai",31.8,21.7,26.6,60,14.1,6.7,345,1013,0
12-11-2025,152,81,25,32,,6,"Siddharth Nagar Worli, Mumbai",32.7,21.9,27.3,46,13.1,7.8,16,1013.4,0
13-11-2025,156,88,68,35,,6,"Siddharth Nagar Worli, Mumbai",33.5,22.5,27.5,47,13.1,8.3,15,1013.8,0
14-11-2025,159,96,11,48,,10,"Siddharth Nagar Worli, Mumbai",32.8,21.9,27,51,12.6,7.3,14,1013.2,0
15-11-2025,151,86,33,35.5,,6.5,"Siddharth Nagar Worli, Mumbai",32.9,21.7,26.8,48,13.9,8.4,46,1013.8,0
16-11-2025,154.5,76,55,23,,3,"Siddharth Nagar Worli, Mumbai",32.9,21.1,26.5,46,14.6,9.2,41,1015,0
17-11-2025,158,87,49,34,,7,"Siddharth Nagar Worli, Mumbai",32.5,20.8,25.9,47,17.3,9.6,27,1014.6,0
18-11-2025,164,91,56,39,,6.5,"Siddharth Nagar Worli, Mumbai",32.1,20.1,25.4,49,16.9,9,25,1012.9,0
19-11-2025,167,85,51,34,,6,"Siddharth Nagar Worli, Mumbai",32.6,19.5,25.8,47,12.8,9.1,22,1012.8,0
20-11-2025,165,95,30,35,,7.333333333,"Siddharth Nagar Worli, Mumbai",32.5,21,26.2,50,12.5,8,357,1013.1,0
21-11-2025,170,94,33,35,,8.666666667,"Siddharth Nagar Worli, Mumbai",33.4,20.9,26.5,53,12.8,8.3,19,1013.9,0
22-11-2025,169,114,54,48,,10,"Siddharth Nagar Worli, Mumbai",32.3,23.1,27.3,56,11.5,7.2,348,1013.1,0
23-11-2025,168,110,27,38,,10.66666667,"Siddharth Nagar Worli, Mumbai",31.7,24.5,27.6,62,13.7,6.1,323,1013.1,0
24-11-2025,169,107,45,22,,11.33333333,"Siddharth Nagar Worli, Mumbai",32.4,24,27.7,65,15.2,6.6,327,1013.1,0
25-11-2025,189,122,48,28,,12,"Siddharth Nagar Worli, Mumbai",32.3,24.4,27.8,65,10.8,6.3,325,1012.8,0
26-11-2025,181,102,32,24,,10,"Siddharth Nagar Worli, Mumbai",31.8,24.5,27.6,68,13.9,5.8,297,1013,0
27-11-2025,138,97,26,29,,6,"Siddharth Nagar Worli, Mumbai",32.7,24,27.7,63,15.4,7.9,354,1013.6,0
28-11-2025,148,91,40,25,,4.5,"Siddharth Nagar Worli, Mumbai",33.1,23.5,27.5,58,15.1,8.2,346,1013,0
29-11-2025,134,83,43,32,,3,"Siddharth Nagar Worli, Mumbai",32.3,23.2,27.2,52,11.7,7.9,25,1011.9,0
30-11-2025,154,89,56,29,,4,"Siddharth Nagar Worli, Mumbai",31.9,20.8,25.6,50,15.8,7.7,353,1011.7,0
01-12-2025,165,94,46,36,,5,"Siddharth Nagar Worli, Mumbai",32.5,20.5,25.7,51,15.1,8,6,1011.5,0
02-12-2025,165,95,42,33,,5,"Siddharth Nagar Worli, Mumbai",32.2,20.7,25.8,55,13.2,6.8,344,1011.6,0
03-12-2025,168,96,18,34,,5,"Siddharth Nagar Worli, Mumbai",33.1,20.9,26.5,48,14.5,8.6,11,1012.5,0
04-12-2025,168,95,21,31,,5,"Siddharth Nagar Worli, Mumbai",33.6,22.4,27.4,49,16.1,9.5,23,1013.4,0
05-12-2025,168,83,41,29,,5,"Siddharth Nagar Worli, Mumbai",34.1,23.1,28.1,49,14.3,9.4,31,1014.3,0
06-12-2025,156,83,28,28,,5,"Siddharth Nagar Worli, Mumbai",32.9,23.6,27.5,50,15.7,9.6,17,1014.9,0
07-12-2025,152,81,45,33,,5,"Siddharth Nagar Worli, Mumbai",33.1,22.2,26.9,49,14.3,9.2,17,1014.7,0
08-12-2025,144,82,21,44,,3.5,"Siddharth Nagar Worli, Mumbai",33.4,21.3,26.6,51,16,7.6,1,1014.6,0
09-12-2025,127,65,41,43,,2,"Siddharth Nagar Worli, Mumbai",33.2,20.8,26.6,38,13.6,7.4,21,1014.1,0
10-12-2025,101,66,25,52,,2.5,"Siddharth Nagar Worli, Mumbai",32.9,21,26.4,35,15.7,8.1,5,1014.9,0
11-12-2025,137,72,28,21,,3,"Siddharth Nagar Worli, Mumbai",32.5,20.3,25.7,39,13.9,8.3,12,1014.3,0
12-12-2025,148,94,36,40,,3.5,"Siddharth Nagar Worli, Mumbai",32.2,19.3,25.1,44,14.7,8.3,6,1013.3,0
13-12-2025,160,95,66,41,,4,"Siddharth Nagar Worli, Mumbai",32.4,19.9,25.3,50,14.4,7.1,357,1013.2,0
14-12-2025,162,83,46,34,,2,"Siddharth Nagar Worli, Mumbai",31.7,20.5,25.9,46,15.1,8.3,18,1013.8,0
15-12-2025,151,93,56,33,,2.5,"Siddharth Nagar Worli, Mumbai",32.3,20.1,26,43,14.9,8.1,27,1013.7,0
16-12-2025,155,96,60,30,,3,"Siddharth Nagar Worli, Mumbai",32.5,20.4,25.6,46,15.8,10.2,48,1013.3,0
17-12-2025,166,97,47,34,,4,"Siddharth Nagar Worli, Mumbai",32.4,20.9,26.3,49,15.5,8.4,3,1014.3,0
18-12-2025,168,90,11,32,,4.111111111,"Siddharth Nagar Worli, Mumbai",32.6,20.7,26.1,49,14.3,8,1,1014.5,0
19-12-2025,151,53,35,29,,4.222222222,"Siddharth Nagar Worli, Mumbai",32.2,19.9,25.2,46,16.1,8.1,3,1013.1,0
20-12-2025,102,83,12,39,,4.333333333,"Siddharth Nagar Worli, Mumbai",32.6,19.6,25.1,44,17.1,7.6,6,1011.5,0
21-12-2025,134,69,24,30,,5,"Siddharth Nagar Worli, Mumbai",32.5,20.6,25.5,43,15,9.7,38,1012.4,0
22-12-2025,154,72,24,22,,5,"Siddharth Nagar Worli, Mumbai",31.5,20,25.1,45,17.4,8.2,360,1012.7,0
23-12-2025,141,68,20,29,,5,"Siddharth Nagar Worli, Mumbai",31.9,20.5,25.3,47,15.4,8.5,360,1012.1,0
24-12-2025,116,87,26,34,,5,"Siddharth Nagar Worli, Mumbai",31.8,20.8,25.2,47,15.2,9.3,7,1012.1,0
25-12-2025,148,103,71,38,,5,"Siddharth Nagar Worli, Mumbai",31.3,19.4,24.9,52,14.3,8.1,10,1012.7,0
26-12-2025,169,96,58,31,,5,"Siddharth Nagar Worli, Mumbai",30.8,19.6,25,50,16.9,7.4,350,1012.5,0
27-12-2025,166,106,36,37,,5.333333333,"Siddharth Nagar Worli, Mumbai",31.6,20.2,25.3,50,14.3,8.3,4,1012.7,0
28-12-2025,170,94.25,32.25,32.75,,5.666666667,"Siddharth Nagar Worli, Mumbai",30.8,20.4,25.2,51,14.4,7.9,355,1013.4,0
31-12-2025,137,59,21,20,,6.666666667,"Siddharth Nagar Worli, Mumbai",28,19.1,23.5,72,15,6.2,295,1011.9,0.2
01-01-2026,126,85,27,30,,7,"Siddharth Nagar Worli, Mumbai",27.5,20.9,23.7,76,15.7,8.1,325,1012.1,0.8
02-01-2026,154,90,19,22,,7.5,"Siddharth Nagar Worli, Mumbai",28.1,20.9,24.1,74,16.7,9.1,335,1013.5,0
03-01-2026,163,110,33,24,,8,"Siddharth Nagar Worli, Mumbai",30,20.9,24.9,64,14.1,8.3,337,1013.6,0
04-01-2026,183,102,43,24,,7,"Siddharth Nagar Worli, Mumbai",30.3,22.1,25.8,64,15.5,9.9,340,1014.2,0
05-01-2026,174,107,48,30,,8,"Siddharth Nagar Worli, Mumbai",31,22.5,26,59,14.1,8.1,328,1015.1,0
06-01-2026,178,109,28,21,,8.333333333,"Siddharth Nagar Worli, Mumbai",30.8,21.8,25.7,61,15.2,7.9,14,1015.7,0
07-01-2026,181,94,50,7,,8.666666667,"Siddharth Nagar Worli, Mumbai",30.8,20.5,25.1,58,15.5,8,350,1015.8,0
08-01-2026,169,86,95,13,,9,"Siddharth Nagar Worli, Mumbai",29.7,19.6,24.4,53,15.2,7.9,346,1016,0
09-01-2026,163,98,62,13,,7,"Siddharth Nagar Worli, Mumbai",31.1,18.7,24.2,48,16.3,8.8,350,1015.5,0
10-01-2026,167,107,65,13,,9,"Siddharth Nagar Worli, Mumbai",29.9,19.5,24,50,19,10.4,351,1015,0
11-01-2026,169,87,68,7,,10.5,"Siddharth Nagar Worli, Mumbai",31.2,19.6,24.7,48,16.1,10,354,1015.4,0
12-01-2026,161,111,72.5,7,,12,"Siddharth Nagar Worli, Mumbai",31.3,20.5,25.5,47,13.9,8.2,355,1015.6,0
13-01-2026,172,108,77,36,,12,"Siddharth Nagar Worli, Mumbai",30.1,22.6,26.3,51,10.8,5.7,316,1015.8,0
14-01-2026,172,74,71,48,,10.5,"Siddharth Nagar Worli, Mumbai",31.1,23.1,26.2,57,17.6,9,332,1014.5,0
15-01-2026,148,87,67,10,,9,"Siddharth Nagar Worli, Mumbai",29.7,20.1,24.5,51,15.2,9,337,1013.8,0
16-01-2026,157,63,27,27,,8.5,"Siddharth Nagar Worli, Mumbai",29.6,20,24.3,67,13.6,7.4,318,1013.4,0
17-01-2026,133,54,51,31,,8,"Siddharth Nagar Worli, Mumbai",29.1,20,24,69,15.4,8.2,304,1013,0
18-01-2026,107,52,22,32,,7.5,"Siddharth Nagar Worli, Mumbai",26.5,20.6,23.3,72,16,8.5,328,1012.3,0
19-01-2026,92,73,59,38,,7,"Siddharth Nagar Worli, Mumbai",27.6,18.8,22.9,64,18.6,10.5,343,1013.4,0
20-01-2026,127,115,37,58,,6.75,"Siddharth Nagar Worli, Mumbai",27.7,18.8,23.3,58,12.9,8,337,1012.8,0
21-01-2026,176,102,63,50,,6.5,"Siddharth Nagar Worli, Mumbai",29.5,19.9,24.4,65,17.1,5.5,258,1013.2,0
22-01-2026,165,43,17,18,,6.25,"Siddharth Nagar Worli, Mumbai",28.8,20.9,24.6,65,16.8,7.2,281,1013.9,0
23-01-2026,109,44,49,28,,6,"Siddharth Nagar Worli, Mumbai",27.7,21.2,24,73,19.4,8.8,332,1015.3,0
24-01-2026,88,62,28,29,,8,"Siddharth Nagar Worli, Mumbai",28.6,19.9,23.6,61,18.1,9.8,337,1016.3,0
25-01-2026,123,74,78,27,,10,"Siddharth Nagar Worli, Mumbai",29.5,19.7,24.1,64,12.5,7.7,339,1014.5,0
26-01-2026,157,47,48,13,,10,"Siddharth Nagar Worli, Mumbai",30,20.5,25,67,10.4,6.6,309,1014.6,0
27-01-2026,113,40,59,16,,10,"Siddharth Nagar Worli, Mumbai",27.6,22.2,24.2,74,18.1,10.7,329,1016.6,0.3
28-01-2026,78,57,58,29,,10,"Siddharth Nagar Worli, Mumbai",29.5,20.3,24,62,15.8,10.5,345,1015.9,0
29-01-2026,106,72,43,35,,10,"Siddharth Nagar Worli, Mumbai",31.5,20.9,25.4,50,13.9,6.9,331,1013.8,0
30-01-2026,145,60,42,22,,11,"Siddharth Nagar Worli, Mumbai",30,23.1,25.7,70,15.8,6.1,231,1014.2,0
31-01-2026,136,67,26,12,,11.5,"Siddharth Nagar Worli, Mumbai",28.6,22.6,25.1,82,16.8,7.3,312,1014.9,0
01-02-2026,156,82,46,25,,12,"Siddharth Nagar Worli, Mumbai",31.5,22,25.8,69,15.9,8.5,333,1014.9,0
02-02-2026,164,76,52,41,,10,"Siddharth Nagar Worli, Mumbai",32.5,21.8,26.5,56,16,7.4,321,1014.5,0
03-02-2026,157,92,42,18,,9,"Siddharth Nagar Worli, Mumbai",31.6,22.4,26.4,51,15.4,7.4,330,1014.4,0
04-02-2026,159,78,60,21,,8,"Siddharth Nagar Worli, Mumbai",32.8,22.6,26.9,52,15.5,7.1,330,1014.5,0
05-02-2026,150,83,68,23,,8,"Siddharth Nagar Worli, Mumbai",32.7,23.1,27.3,50,16.3,7.9,316,1015.3,0
06-02-2026,150,73,54,15,,8,"Siddharth Nagar Worli, Mumbai",33.7,22.9,27.5,47,18.9,9.7,345,1015.7,0
07-02-2026,142,81,5,36,,12,"Siddharth Nagar Worli, Mumbai",32.8,22.2,27.1,43,15.5,8.4,333,1014.7,0
08-02-2026,131,78.6,9,31.4,,12.16666667,"Siddharth Nagar Worli, Mumbai",32.8,22.6,27.3,44,14.3,8.2,328,1013.1,0
12-02-2026,138.2,69,25,13,,12.83333333,"Siddharth Nagar Worli, Mumbai",31.4,22.6,26.9,53,16.2,7.7,306,1014.1,0
13-02-2026,140,93,71,24,,13,"Siddharth Nagar Worli, Mumbai",31.8,22.6,26.7,56,14.7,6.8,317,1013.2,0
14-02-2026,153,86,68,19,,11,"Siddharth Nagar Worli, Mumbai",33.2,22.8,27.5,53,17.1,7.7,321,1012.4,0
15-02-2026,144,66,59,13,,9,"Siddharth Nagar Worli, Mumbai",33.3,23.2,28.1,46,14.9,7.6,329,1012.3,0
16-02-2026,113,44,70,22,,7,"Siddharth Nagar Worli, Mumbai",31.6,23.6,27,47,17.1,8.3,320,1010.8,0
17-02-2026,89,39,31,17,,7,"Siddharth Nagar Worli, Mumbai",30.4,23.2,26,59,18,10.5,327,1011.1,0
18-02-2026,80,39,31,17,,7,"Siddharth Nagar Worli, Mumbai",28.4,22.2,24.9,67,18.9,10.1,327,1011.6,0
