date,pm25,pm10,o3,no2,so2,co,location,temperature_2m_max,temperature_2m_min,temperature_2m_mean,relative_humidity_2m_mean,wind_speed_10m_max,wind_speed_10m_mean,wind_direction_10m_dominant,pressure_msl_mean,precipitation_sum
2019-12-02,155.0,77.0,34.0,30.0,40.0,2.0,"Sion, Mumbai",33.3,24.6,28.3,65,14.0,9.8,28,1011.2,0.0
2019-12-03,85.0,85.0,26.0,24.0,3.0,4.0,"Sion, Mumbai",31.8,25.5,27.9,68,13.7,10.5,60,1011.5,0.1
2019-12-04,140.0,87.0,18.0,30.0,4.0,6.0,"Sion, Mumbai",31.2,25.4,27.6,72,15.1,10.2,3,1012.5,0.0
2019-12-05,141.0,108.0,20.0,35.0,7.0,6.0,"Sion, Mumbai",29.5,25.8,27.7,74,17.9,9.1,38,1014.0,3.4
2019-12-06,169.0,115.0,33.0,39.0,6.0,6.0,"Sion, Mumbai",32.3,25.3,28.0,63,22.2,11.0,24,1013.4,0.0
2019-12-07,160.0,114.0,42.0,38.0,6.0,7.0,"Sion, Mumbai",31.1,23.4,26.5,64,20.3,10.1,2,1012.6,0.0
2019-12-08,172.0,102.0,38.0,34.0,5.0,6.0,"Sion, Mumbai",31.0,23.0,26.2,68,16.7,9.2,6,1013.0,0.0
2019-12-09,162.0,110.0,39.0,36.0,5.0,9.0,"Sion, Mumbai",31.6,22.9,26.6,72,16.5,8.8,356,1012.7,0.0
2019-12-10,165.0,119.0,31.0,40.0,4.0,9.0,"Sion, Mumbai",31.2,23.2,26.8,76,16.6,7.9,341,1011.6,0.0
2019-12-11,177.0,133.0,36.0,34.0,7.0,13.0,"Sion, Mumbai",29.8,23.0,26.4,77,15.3,8.0,333,1010.7,0.0
2019-12-12,183.0,100.0,21.0,34.0,4.0,7.0,"Sion, Mumbai",29.0,23.4,25.8,74,16.5,8.2,323,1010.5,0.0
2019-12-13,150.0,96.0,28.0,34.0,4.0,7.0,"Sion, Mumbai",28.5,22.5,25.0,78,23.0,11.4,351,1012.5,0.0
2019-12-14,152.0,108.0,33.0,32.0,5.0,8.0,"Sion, Mumbai",29.0,20.9,24.5,67,21.3,12.7,349,1014.4,0.0
2019-12-15,164.0,115.0,30.0,36.0,5.0,9.0,"Sion, Mumbai",28.2,21.1,24.4,66,18.9,12.0,346,1013.2,0.0
2019-12-16,173.0,121.0,32.0,32.0,5.0,9.0,"Sion, Mumbai",29.6,21.9,24.9,71,20.9,11.1,346,1012.6,0.0
2019-12-17,170.0,103.0,33.0,36.0,6.0,7.0,"Sion, Mumbai",31.1,22.1,25.6,72,21.2,11.6,2,1013.3,0.0
2019-12-18,163.0,102.0,27.0,37.0,5.0,7.0,"Sion, Mumbai",31.9,22.5,26.0,68,18.9,10.7,19,1014.0,0.0
2019-12-19,162.0,150.0,59.0,36.0,7.0,9.0,"Sion, Mumbai",31.0,21.2,25.5,69,18.9,10.1,353,1012.9,0.0
2019-12-20,181.0,122.0,23.0,54.0,7.0,10.0,"Sion, Mumbai",30.2,21.5,25.3,72,17.6,8.5,345,1012.0,0.0
2019-12-21,172.0,130.0,25.0,37.0,8.0,10.0,"Sion, Mumbai",30.3,22.3,25.8,72,17.0,9.5,349,1011.5,0.0
2019-12-22,181.0,120.0,30.0,31.0,8.0,11.0,"Sion, Mumbai",31.3,22.2,26.4,67,15.3,9.5,35,1011.2,0.0
2019-12-23,176.0,143.0,57.0,43.0,7.0,12.0,"Sion, Mumbai",30.7,23.5,26.6,72,13.0,6.8,344,1010.9,0.0
2019-12-24,196.0,147.0,20.0,43.0,6.0,10.0,"Sion, Mumbai",30.0,23.1,26.2,77,13.0,7.2,338,1012.0,0.0
2019-12-25,203.0,114.0,19.0,38.0,6.0,8.0,"Sion, Mumbai",30.9,24.6,26.8,71,21.9,12.9,352,1012.2,0.0
2019-12-26,168.0,119.0,26.0,36.0,7.0,9.0,"Sion, Mumbai",29.5,23.5,25.8,66,21.0,12.0,347,1012.3,1.4
2019-12-27,174.0,105.0,20.0,33.0,5.0,7.0,"Sion, Mumbai",29.3,20.4,24.4,69,22.2,10.3,349,1011.4,0.0
2019-12-28,167.0,101.0,36.0,30.0,5.0,6.0,"Sion, Mumbai",31.0,21.2,25.1,69,22.5,12.1,22,1010.9,0.0
2019-12-29,165.0,117.33333333333331,37.333333333333336,33.0,5.666666666666667,7.666666666666667,"Sion, Mumbai",29.2,22.4,25.1,70,17.8,9.2,358,1011.7,0.0
2019-12-31,177.0,150.0,40.0,39.0,7.0,11.0,"Sion, Mumbai",27.0,19.4,22.9,65,20.2,11.2,349,1013.1,0.0
2020-01-01,183.0,120.0,35.0,36.0,5.0,6.0,"Sion, Mumbai",25.7,16.8,21.4,76,13.8,8.0,347,1013.7,0.0
2020-01-02,169.0,118.0,37.0,39.0,5.0,7.0,"Sion, Mumbai",26.3,18.4,22.3,77,16.9,9.0,336,1015.7,0.0
2020-01-03,165.0,118.0,34.0,41.0,5.0,7.0,"Sion, Mumbai",26.2,19.0,22.2,76,25.3,13.1,347,1015.1,0.0
2020-01-04,165.0,126.0,33.0,34.0,6.0,8.0,"Sion, Mumbai",25.8,19.0,21.9,68,23.6,14.7,346,1013.4,0.0
2020-01-05,162.0,142.0,32.5,33.0,8.0,8.0,"Sion, Mumbai",29.6,19.2,23.4,68,19.8,11.8,22,1012.6,0.0
2020-01-06,185.0,135.0,32.0,33.0,3.0,9.0,"Sion, Mumbai",29.8,21.0,24.6,67,18.8,12.6,8,1013.3,0.0
2020-01-07,164.0,121.0,23.0,27.0,4.0,10.0,"Sion, Mumbai",27.3,20.8,23.9,79,20.8,9.6,309,1012.9,0.0
2020-01-08,147.0,108.0,36.0,39.0,3.0,6.0,"Sion, Mumbai",27.0,21.5,24.0,76,18.6,11.3,329,1013.0,0.0
2020-01-09,143.0,131.0,33.0,38.0,4.0,9.0,"Sion, Mumbai",27.5,19.8,22.9,61,25.5,15.0,349,1013.4,0.0
2020-01-10,157.0,160.0,29.0,39.0,3.0,10.0,"Sion, Mumbai",30.7,19.4,23.9,64,22.0,11.6,10,1012.4,0.0
2020-01-11,188.0,165.0,30.0,31.0,7.0,12.0,"Sion, Mumbai",31.5,21.4,25.3,70,17.3,10.2,16,1013.0,0.0
2020-01-12,180.0,92.0,21.0,25.0,2.0,6.0,"Sion, Mumbai",29.2,20.8,24.7,76,19.4,8.3,318,1013.2,0.0
2020-01-13,161.0,85.0,24.0,24.0,2.0,5.0,"Sion, Mumbai",27.2,22.0,24.0,84,19.5,8.6,323,1012.1,0.0
2020-01-14,120.0,81.0,25.0,25.0,1.0,4.0,"Sion, Mumbai",26.6,21.2,23.3,79,23.3,13.2,348,1012.1,0.2
2020-01-15,108.0,81.0,22.0,29.0,1.0,4.0,"Sion, Mumbai",25.1,20.0,22.2,64,24.2,15.0,337,1012.8,0.0
2020-01-16,130.0,104.0,30.0,37.0,2.0,7.0,"Sion, Mumbai",24.1,18.1,20.8,65,23.1,13.7,346,1014.2,0.0
2020-01-17,144.0,136.0,30.0,53.0,3.0,9.0,"Sion, Mumbai",24.4,16.7,19.8,58,26.6,15.6,351,1014.6,0.0
2020-01-18,163.0,190.0,33.0,45.0,5.0,15.0,"Sion, Mumbai",27.4,16.5,21.5,64,20.4,12.8,350,1013.0,0.0
2020-01-19,168.0,158.0,52.0,44.0,5.0,14.0,"Sion, Mumbai",28.5,18.9,23.1,67,19.6,11.5,340,1012.9,0.0
2020-01-20,167.0,237.0,28.0,44.0,7.0,19.0,"Sion, Mumbai",30.1,18.8,23.5,74,19.2,9.6,339,1012.9,0.0
2020-01-21,183.0,191.0,24.0,42.0,9.0,16.0,"Sion, Mumbai",28.5,19.5,23.4,76,19.2,9.1,325,1013.9,0.0
2020-01-22,225.0,157.0,31.0,44.0,7.0,11.0,"Sion, Mumbai",30.1,19.8,24.3,67,20.1,10.4,343,1014.6,0.0
2020-01-23,173.0,133.0,32.0,42.0,5.0,9.0,"Sion, Mumbai",31.0,21.9,25.5,64,24.7,14.4,349,1013.6,0.0
2020-01-24,161.0,178.0,64.0,47.0,6.0,13.0,"Sion, Mumbai",30.9,20.7,25.1,68,21.7,10.8,347,1013.2,0.0
2020-01-25,171.0,208.0,38.0,46.0,7.0,15.0,"Sion, Mumbai",30.0,21.0,25.0,66,24.1,12.0,341,1013.1,0.0
2020-01-26,167.0,94.0,19.0,25.0,3.0,6.0,"Sion, Mumbai",29.6,20.1,24.3,72,17.1,9.7,325,1011.6,0.0
2020-01-27,117.0,86.0,13.0,20.0,2.0,4.0,"Sion, Mumbai",27.4,20.2,23.8,77,16.2,9.1,301,1011.6,0.0
2020-01-28,96.0,83.0,18.0,24.0,3.0,3.0,"Sion, Mumbai",26.1,20.1,23.0,79,19.2,10.1,307,1012.7,0.6
2020-01-29,91.0,115.0,35.0,37.0,4.0,6.0,"Sion, Mumbai",24.6,19.2,22.1,64,24.9,14.3,340,1015.4,0.1
2020-01-30,137.0,154.0,31.0,44.0,6.0,10.0,"Sion, Mumbai",27.0,17.3,21.5,59,23.3,12.2,347,1014.5,0.0
2020-01-31,143.0,170.0,29.0,50.0,6.0,13.0,"Sion, Mumbai",25.6,16.5,21.4,63,22.7,11.6,334,1012.3,0.0
2020-02-01,159.0,155.0,42.0,32.0,6.0,11.0,"Sion, Mumbai",27.5,18.5,22.4,64,23.4,12.5,337,1012.0,0.0
2020-02-02,150.0,147.0,31.0,37.0,4.0,11.0,"Sion, Mumbai",28.5,19.4,23.0,75,17.4,8.1,308,1013.4,0.0
2020-02-03,150.0,120.0,33.0,39.0,4.0,6.0,"Sion, Mumbai",26.4,18.5,22.9,81,15.8,7.3,284,1014.3,0.0
2020-02-04,143.0,137.0,29.0,51.0,7.0,9.0,"Sion, Mumbai",27.4,20.2,23.2,72,20.7,11.5,341,1013.2,0.0
2020-02-05,137.0,107.0,31.0,42.0,5.0,5.0,"Sion, Mumbai",28.7,19.2,23.2,54,22.9,12.5,338,1012.8,0.0
2020-02-06,111.0,154.0,28.0,42.0,6.0,8.0,"Sion, Mumbai",26.6,19.0,22.7,63,19.5,11.5,333,1013.0,0.0
2020-02-07,128.0,133.0,28.0,40.0,5.0,9.0,"Sion, Mumbai",26.3,18.3,21.8,61,24.7,12.6,332,1014.0,0.0
2020-02-08,142.0,115.0,24.0,30.0,6.0,6.0,"Sion, Mumbai",28.6,17.7,22.8,65,30.6,14.8,345,1013.7,0.0
2020-02-09,126.0,106.0,26.0,34.0,6.0,5.0,"Sion, Mumbai",30.9,21.0,24.7,55,31.5,17.1,10,1013.7,0.0
2020-02-10,119.0,117.0,29.0,36.0,11.0,8.0,"Sion, Mumbai",30.7,22.0,25.6,60,22.2,14.4,10,1012.6,0.0
2020-02-11,134.0,128.0,32.0,43.0,5.0,8.0,"Sion, Mumbai",32.3,22.8,26.6,62,19.4,12.9,5,1012.7,0.0
2020-02-12,142.0,197.0,24.0,36.0,5.0,11.0,"Sion, Mumbai",33.8,22.9,27.6,59,20.3,12.7,23,1014.3,0.0
2020-02-13,202.0,137.0,29.0,32.0,7.0,9.0,"Sion, Mumbai",33.8,23.5,27.6,56,28.9,12.5,358,1014.5,0.0
2020-02-14,157.0,144.0,26.0,28.0,6.0,9.0,"Sion, Mumbai",32.6,24.0,27.6,45,24.8,16.6,352,1012.8,0.0
2020-02-15,151.0,154.0,39.0,35.0,7.0,8.0,"Sion, Mumbai",30.1,22.2,25.5,49,25.3,13.5,336,1012.3,0.0
2020-02-16,149.0,249.0,39.0,35.0,7.0,16.0,"Sion, Mumbai",30.5,21.3,25.0,62,21.2,11.9,329,1012.7,0.0
2020-02-17,283.0,216.0,37.0,36.0,7.0,12.0,"Sion, Mumbai",32.5,21.0,25.9,64,18.4,9.1,319,1013.1,0.0
2020-02-18,173.0,104.0,34.0,29.0,6.0,12.0,"Sion, Mumbai",33.4,22.0,27.0,59,21.9,9.5,323,1012.6,0.0
2020-02-19,174.0,155.0,19.0,25.0,5.0,12.0,"Sion, Mumbai",30.6,21.6,26.1,69,18.7,9.4,312,1012.1,0.0
2020-02-20,138.0,102.0,15.0,23.0,2.0,7.0,"Sion, Mumbai",30.0,21.0,25.1,74,21.2,11.3,328,1011.6,0.0
2020-02-21,118.0,141.0,32.0,33.0,7.0,10.0,"Sion, Mumbai",30.0,21.7,25.0,70,22.9,11.4,330,1013.7,0.0
2020-02-22,156.0,184.0,35.0,37.0,5.0,11.0,"Sion, Mumbai",31.6,21.1,25.7,58,21.2,12.4,335,1014.5,0.0
2020-02-23,158.0,177.0,37.0,31.0,7.0,13.0,"Sion, Mumbai",32.2,21.8,26.3,54,23.1,12.9,334,1013.2,0.0
2020-02-24,160.0,164.0,17.0,29.0,5.0,10.0,"Sion, Mumbai",30.4,20.6,25.4,57,24.5,13.1,329,1011.3,0.0
2020-02-25,140.0,148.0,28.0,33.0,6.0,4.0,"Sion, Mumbai",33.9,23.5,27.2,40,27.6,17.6,356,1010.3,0.0
2020-02-26,121.0,154.0,39.0,35.0,5.0,8.0,"Sion, Mumbai",34.0,22.8,26.8,41,25.9,13.6,360,1010.9,0.0
2020-02-27,153.0,104.0,35.0,32.0,12.0,17.0,"Sion, Mumbai",35.5,20.6,26.2,53,21.5,11.5,1,1011.0,0.0
2020-02-28,193.0,235.0,25.0,25.0,8.0,14.0,"Sion, Mumbai",31.1,20.6,25.4,59,21.9,10.9,331,1009.7,0.0
2020-02-29,173.0,100.0,18.0,22.0,1.0,5.0,"Sion, Mumbai",30.3,20.9,25.5,64,25.4,11.1,322,1009.6,0.0
2020-03-01,137.0,148.0,17.0,16.0,4.0,11.0,"Sion, Mumbai",29.4,21.2,25.0,71,23.9,13.4,326,1010.7,0.0
2020-03-02,160.0,102.0,12.0,24.0,3.333333333333333,3.0,"Sion, Mumbai",28.3,20.8,24.4,79,17.6,9.2,301,1011.7,0.0
2020-03-03,143.0,99.0,19.0,16.0,2.666666666666667,3.0,"Sion, Mumbai",27.8,20.7,24.4,80,16.9,8.9,293,1012.2,0.0
2020-03-04,128.0,92.0,19.0,15.0,2.0,2.0,"Sion, Mumbai",27.9,21.5,24.5,77,19.5,9.8,302,1011.9,0.0
2020-03-05,116.0,86.0,11.0,12.0,1.5,1.0,"Sion, Mumbai",27.5,21.8,24.5,76,19.9,10.4,281,1010.6,0.0
2020-03-06,94.0,107.0,18.0,16.0,1.0,2.0,"Sion, Mumbai",28.0,22.7,25.2,66,21.0,10.7,260,1010.7,0.0
2020-03-07,110.0,113.0,22.0,18.0,2.0,4.0,"Sion, Mumbai",27.5,21.1,24.2,66,20.8,11.4,320,1012.6,0.1
2020-03-08,109.0,120.0,23.0,20.0,3.0,7.0,"Sion, Mumbai",27.6,19.9,23.6,68,20.5,10.3,321,1012.4,0.0
2020-03-09,113.0,100.0,14.0,9.0,2.0,6.0,"Sion, Mumbai",28.0,19.4,23.8,75,21.3,10.4,318,1011.2,0.0
2020-03-10,102.0,67.0,14.0,14.0,1.0,1.0,"Sion, Mumbai",27.7,21.3,24.7,75,15.9,9.0,304,1011.1,0.0
2020-03-11,68.0,76.0,15.0,14.0,2.0,2.0,"Sion, Mumbai",27.7,23.0,24.8,66,21.9,11.7,311,1011.9,0.0
2020-03-12,71.0,93.0,24.0,22.0,2.0,2.0,"Sion, Mumbai",27.0,21.2,23.9,71,21.5,12.9,329,1013.6,0.1
2020-03-13,90.0,112.0,27.0,26.0,3.0,4.0,"Sion, Mumbai",28.2,19.5,23.4,62,29.0,16.1,343,1013.9,0.0
2020-03-14,102.0,160.0,34.0,20.0,6.0,11.0,"Sion, Mumbai",31.4,20.0,24.8,52,29.6,17.4,350,1011.9,0.0
2020-03-15,133.0,212.0,36.0,31.0,10.0,14.0,"Sion, Mumbai",33.3,19.7,25.9,46,20.9,11.4,344,1010.0,0.0
2020-03-16,155.0,91.0,36.0,29.0,15.0,22.0,"Sion, Mumbai",35.0,20.5,27.3,52,23.9,11.1,333,1010.6,0.0
2020-03-17,162.0,168.0,27.0,21.0,10.0,13.0,"Sion, Mumbai",32.7,22.0,26.9,57,23.8,11.7,323,1011.6,0.0
2020-03-18,132.0,96.0,16.0,18.0,5.0,6.0,"Sion, Mumbai",31.6,23.4,27.2,59,18.8,11.9,314,1011.9,0.0
2020-03-19,96.0,79.0,11.0,10.0,4.0,4.0,"Sion, Mumbai",30.8,21.7,26.1,67,20.9,11.0,324,1011.8,0.0
2020-03-20,80.0,72.0,16.0,9.0,2.0,3.0,"Sion, Mumbai",28.9,22.6,25.6,75,16.2,8.8,294,1011.9,0.0
2020-03-21,71.0,56.0,15.0,4.0,1.0,1.0,"Sion, Mumbai",28.6,21.7,25.1,80,20.4,10.8,309,1011.8,0.0
2020-03-22,61.0,64.0,19.0,6.0,2.0,1.0,"Sion, Mumbai",29.9,22.5,25.9,78,26.7,14.2,331,1011.3,0.0
2020-03-23,70.0,84.0,26.0,7.0,2.0,3.0,"Sion, Mumbai",32.3,23.9,27.3,73,24.7,12.9,327,1010.1,0.0
2020-03-24,93.0,70.0,19.0,6.0,1.0,1.0,"Sion, Mumbai",31.6,24.0,28.0,67,24.2,11.4,316,1008.3,0.0
2020-03-25,80.0,60.0,19.0,6.0,1.0,1.0,"Sion, Mumbai",30.4,25.4,27.9,78,17.4,8.7,242,1008.3,0.0
2020-03-26,71.0,66.0,24.0,4.0,1.0,1.0,"Sion, Mumbai",30.7,24.8,27.9,82,20.3,8.9,251,1009.4,0.0
2020-03-27,73.0,69.0,30.0,8.0,1.0,3.0,"Sion, Mumbai",32.7,25.1,28.5,66,26.7,14.9,333,1011.3,0.0
2020-03-28,82.0,67.0,33.0,5.0,1.0,1.0,"Sion, Mumbai",33.5,25.5,28.8,56,30.1,17.9,334,1010.9,0.0
2020-03-29,78.0,63.0,23.0,7.0,1.0,2.0,"Sion, Mumbai",33.7,24.7,28.5,57,26.7,16.4,335,1009.3,0.0
2020-03-30,74.0,65.0,19.0,6.0,1.0,2.0,"Sion, Mumbai",32.1,24.8,28.0,64,19.7,12.2,317,1009.8,0.0
2020-03-31,75.0,62.0,23.0,5.0,1.0,2.0,"Sion, Mumbai",31.7,23.6,27.6,68,25.3,13.4,322,1010.9,0.0
2020-04-01,71.0,71.0,29.0,5.0,1.0,1.0,"Sion, Mumbai",31.5,23.6,27.4,70,26.0,14.4,328,1010.5,0.0
2020-04-02,79.0,71.0,18.0,4.0,1.0,1.0,"Sion, Mumbai",33.5,24.0,28.1,66,25.9,14.3,325,1008.7,0.0
2020-04-03,80.0,68.0,18.0,4.0,1.0,2.0,"Sion, Mumbai",31.6,24.7,27.9,72,25.1,12.2,317,1009.2,0.0
2020-04-04,81.0,66.0,24.0,5.0,1.0,2.0,"Sion, Mumbai",31.5,24.1,27.6,73,24.5,11.5,311,1009.7,0.0
2020-04-05,94.0,57.0,16.0,3.0,1.0,2.0,"Sion, Mumbai",31.2,22.8,27.3,78,20.0,9.4,280,1010.7,0.0
2020-04-06,72.0,74.0,16.0,4.0,1.0,2.0,"Sion, Mumbai",30.1,24.1,27.2,81,20.1,11.4,232,1011.6,0.0
2020-04-07,95.0,83.0,14.0,4.0,1.0,1.0,"Sion, Mumbai",30.0,23.4,26.5,82,18.1,9.2,280,1010.7,0.0
2020-04-08,103.0,82.0,13.0,3.0,1.0,2.0,"Sion, Mumbai",30.0,22.9,27.1,78,20.1,10.5,273,1011.7,0.0
2020-04-09,106.0,70.0,18.0,3.0,1.0,1.5,"Sion, Mumbai",30.8,23.0,26.9,77,25.5,11.4,316,1011.0,0.0
2020-04-10,97.0,72.0,23.0,4.0,1.0,1.0,"Sion, Mumbai",31.1,24.0,27.6,77,25.6,11.5,319,1010.5,0.0
2020-04-11,108.0,65.0,20.0,5.0,2.0,1.0,"Sion, Mumbai",32.5,25.1,28.8,72,22.8,10.7,315,1011.2,0.0
2020-04-12,99.0,64.0,21.0,6.0,2.0,1.0,"Sion, Mumbai",32.0,25.7,28.9,77,20.3,9.8,251,1010.5,0.0
2020-04-13,94.0,63.0,26.0,5.0,2.0,1.0,"Sion, Mumbai",31.8,26.0,28.6,82,21.6,11.0,224,1009.3,0.0
2020-04-14,93.0,65.0,26.0,5.0,3.0,3.0,"Sion, Mumbai",33.4,25.2,29.3,76,24.3,10.9,259,1009.0,0.0
2020-04-15,101.0,54.0,16.0,5.0,2.0,1.0,"Sion, Mumbai",32.9,26.1,29.3,78,22.7,11.0,238,1009.9,0.0
2020-04-16,79.0,54.0,16.0,3.0,2.0,1.0,"Sion, Mumbai",31.1,26.9,28.9,82,22.2,13.1,214,1009.4,0.0
2020-04-17,76.0,54.0,20.0,4.0,2.0,1.0,"Sion, Mumbai",31.1,27.2,28.9,78,20.3,10.8,243,1009.0,0.0
2020-04-18,74.0,58.0,21.0,5.0,2.0,1.0,"Sion, Mumbai",32.2,26.0,29.2,78,22.4,9.1,272,1009.3,0.0
2020-04-19,79.0,69.0,21.0,6.0,4.0,1.0,"Sion, Mumbai",33.4,27.4,30.0,71,25.8,12.6,299,1008.8,0.0
2020-04-20,91.0,62.0,17.0,5.0,3.0,2.0,"Sion, Mumbai",35.8,26.3,30.9,59,27.5,14.3,328,1008.1,0.0
2020-04-21,81.0,57.0,14.0,3.0,2.0,1.0,"Sion, Mumbai",32.7,24.8,28.7,74,21.3,10.4,299,1009.3,0.0
2020-04-22,69.0,59.0,14.0,4.0,3.0,1.0,"Sion, Mumbai",31.5,25.2,28.6,81,23.3,9.8,270,1008.7,0.0
2020-04-23,73.0,51.0,12.0,3.0,3.0,1.0,"Sion, Mumbai",32.2,26.8,29.3,77,22.1,11.3,268,1008.9,0.0
2020-04-24,63.0,50.0,17.0,3.0,3.0,1.5,"Sion, Mumbai",32.3,25.9,28.9,80,21.6,10.8,277,1008.1,0.0
2020-04-25,58.0,62.0,17.0,4.0,3.0,2.0,"Sion, Mumbai",31.8,25.8,29.1,74,19.6,10.5,266,1009.1,0.0
2020-04-26,72.0,51.0,2.0,2.0,2.0,1.0,"Sion, Mumbai",31.8,25.1,28.4,79,25.7,12.2,306,1009.4,0.0
2020-04-27,65.0,54.0,1.8571428571428568,3.0,2.0,1.5,"Sion, Mumbai",31.6,26.0,28.7,76,23.7,10.2,296,1010.6,0.0
2020-04-28,58.0,61.0,1.7142857142857144,2.0,3.0,2.0,"Sion, Mumbai",33.0,25.7,29.3,75,28.8,13.9,324,1008.9,0.0
2020-04-29,70.0,56.0,1.5714285714285714,2.0,3.0,1.8571428571428568,"Sion, Mumbai",32.8,26.3,29.7,78,20.3,10.5,267,1008.7,0.0
2020-04-30,65.0,48.0,13.0,2.0,3.0,1.7142857142857144,"Sion, Mumbai",32.0,28.2,29.8,77,18.1,12.4,255,1010.0,0.0
2020-05-01,52.0,45.0,12.0,2.0,3.0,1.5714285714285714,"Sion, Mumbai",31.9,28.5,29.7,77,19.8,12.7,281,1010.2,0.1
2020-05-02,51.0,59.0,12.0,2.0,2.0,2.0,"Sion, Mumbai",32.3,27.8,29.7,78,23.9,12.3,299,1008.7,0.0
2020-05-03,48.0,73.0,1.0,2.0,2.0,2.0,"Sion, Mumbai",32.2,27.9,29.6,79,22.2,12.9,308,1008.4,0.0
2020-05-04,82.0,42.0,1.0,2.0,3.0,2.0,"Sion, Mumbai",32.0,26.5,29.2,81,22.1,11.9,299,1009.3,0.0
2020-05-05,45.0,52.0,1.0,2.0,5.0,1.0,"Sion, Mumbai",32.5,26.6,29.6,79,23.8,11.2,306,1008.6,0.0
2020-05-06,54.0,51.0,1.0,2.0,6.0,1.0,"Sion, Mumbai",33.4,27.0,29.8,80,24.8,10.9,288,1007.4,0.0
2020-05-07,63.0,59.0,1.0,3.0,5.0,1.0,"Sion, Mumbai",32.0,25.8,28.9,82,22.6,10.5,277,1008.2,0.0
2020-05-08,64.0,55.0,1.0,4.0,6.0,1.0,"Sion, Mumbai",32.0,26.9,29.2,78,20.4,9.8,283,1008.5,0.0
2020-05-09,51.0,49.0,1.0,5.0,6.0,1.0,"Sion, Mumbai",32.1,27.3,29.5,75,21.9,10.5,296,1008.6,0.0
2020-05-10,49.0,59.0,1.0,6.0,6.0,1.0,"Sion, Mumbai",32.7,26.9,29.4,79,25.5,11.2,305,1008.2,0.0
2020-05-11,59.0,55.0,1.0,6.0,6.0,1.0,"Sion, Mumbai",33.3,27.2,29.7,76,24.6,11.1,311,1008.5,0.0
2020-05-12,53.0,55.0,1.0,6.0,7.0,1.0,"Sion, Mumbai",32.4,26.5,29.1,77,22.6,10.9,313,1008.0,0.0
2020-05-13,45.0,112.0,1.0,5.0,12.0,1.0,"Sion, Mumbai",32.5,26.8,29.5,79,21.7,11.0,298,1007.4,0.0
2020-05-14,84.0,65.0,1.0,5.0,24.0,2.0,"Sion, Mumbai",32.7,27.0,29.9,78,26.6,12.8,312,1006.6,0.0
2020-05-15,60.0,82.0,1.0,6.0,7.0,1.0,"Sion, Mumbai",32.8,28.2,30.2,75,26.7,14.0,314,1006.6,0.0
2020-05-16,84.0,182.0,1.0,6.0,13.0,1.0,"Sion, Mumbai",32.2,28.6,30.2,76,21.4,11.6,304,1006.6,0.0
2020-05-17,173.0,149.0,1.0,6.0,11.833333333333334,1.0,"Sion, Mumbai",32.5,28.1,30.0,76,24.0,12.5,305,1006.1,0.0
2020-05-18,148.0,116.0,1.0,6.0,10.666666666666666,1.0,"Sion, Mumbai",32.5,28.6,30.2,73,24.2,16.5,308,1005.6,0.0
2020-05-19,123.0,77.0,12.0,9.0,9.5,1.0,"Sion, Mumbai",32.2,28.4,29.9,73,21.0,14.3,294,1005.2,0.0
2020-05-20,90.0,41.0,16.0,13.0,3.0,1.0,"Sion, Mumbai",32.0,28.1,29.8,71,18.0,12.2,267,1005.3,0.0
2020-05-21,56.0,37.0,16.0,14.0,3.0,1.0,"Sion, Mumbai",32.0,28.1,29.7,73,19.8,11.9,266,1006.5,0.0
2020-05-22,48.0,44.0,14.0,15.0,6.0,2.0,"Sion, Mumbai",32.3,27.8,29.9,73,19.4,11.4,272,1007.7,0.0
2020-05-23,54.0,38.0,12.0,13.0,7.0,2.0,"Sion, Mumbai",32.7,26.8,29.5,79,24.3,12.9,296,1007.4,0.0
2020-05-24,45.0,46.0,13.0,8.0,7.0,2.0,"Sion, Mumbai",32.3,28.1,30.1,76,23.1,13.0,298,1007.9,0.0
2020-05-25,50.0,49.0,13.0,6.0,7.0,2.0,"Sion, Mumbai",32.3,28.4,30.0,77,20.8,11.4,297,1008.4,0.4
2020-05-26,49.0,43.0,13.0,6.0,7.0,2.0,"Sion, Mumbai",32.3,28.3,30.0,77,19.1,11.5,275,1008.5,0.0
2020-05-27,43.0,39.0,13.0,6.0,7.0,2.0,"Sion, Mumbai",32.4,28.5,30.0,74,18.2,13.0,274,1008.1,0.1
2020-05-28,41.0,24.0,11.0,6.0,7.0,2.0,"Sion, Mumbai",32.5,28.6,30.3,71,18.4,14.5,260,1007.2,0.0
2020-05-29,28.0,29.0,8.0,6.0,7.0,2.0,"Sion, Mumbai",32.8,28.8,30.5,73,19.1,13.5,262,1007.2,0.3
2020-05-30,29.0,34.0,10.0,6.0,7.0,2.0,"Sion, Mumbai",32.8,28.0,30.2,76,18.4,10.6,287,1007.6,0.8
2020-05-31,35.0,42.0,19.0,13.0,7.0,1.0,"Sion, Mumbai",34.2,28.4,30.7,72,25.0,14.9,307,1007.7,0.3
2020-06-01,47.0,49.0,15.0,16.0,7.0,2.0,"Sion, Mumbai",30.4,27.2,28.8,80,14.0,6.7,245,1008.1,9.4
2020-06-02,62.0,16.0,19.0,10.0,7.0,1.5,"Sion, Mumbai",29.9,26.1,28.0,81,21.3,12.6,39,1005.1,14.0
2020-06-03,21.0,35.0,13.0,15.0,7.0,1.0,"Sion, Mumbai",29.0,25.7,26.9,85,66.1,35.9,359,997.2,129.5
2020-06-04,35.0,29.0,27.0,16.0,7.0,1.0,"Sion, Mumbai",29.2,26.8,27.9,83,24.8,16.9,229,1005.1,8.0
2020-06-05,33.0,26.0,11.0,9.0,15.0,1.0,"Sion, Mumbai",30.0,26.5,27.7,85,27.5,20.0,195,1006.4,6.0
2020-06-06,25.0,38.0,14.0,10.0,2.0,1.0,"Sion, Mumbai",29.0,26.0,27.3,87,24.9,19.9,196,1006.1,8.2
2020-06-07,35.0,20.0,18.0,13.0,2.0,3.0,"Sion, Mumbai",29.0,26.1,27.3,86,25.1,19.1,197,1006.3,6.0
2020-06-08,227.0,23.0,12.0,9.0,2.0,3.0,"Sion, Mumbai",28.5,26.1,27.2,86,22.6,15.8,207,1006.6,9.4
2020-06-09,217.23529411764707,32.0,9.0,8.0,2.0,3.0,"Sion, Mumbai",28.9,26.4,27.5,88,15.9,12.7,209,1006.5,6.8
2020-06-10,207.4705882352941,22.0,10.0,8.0,2.0,3.0,"Sion, Mumbai",29.5,26.8,27.8,88,15.9,11.0,225,1005.5,7.6
2020-06-11,197.7058823529412,30.0,10.0,11.0,2.0,3.0,"Sion, Mumbai",28.6,26.7,27.6,88,16.8,11.4,216,1003.3,11.4
2020-06-12,61.0,24.0,9.0,11.0,2.0,3.0,"Sion, Mumbai",29.0,26.6,27.7,87,14.4,10.3,198,1001.2,4.5
2020-06-13,61.0,24.0,9.0,10.0,2.0,3.0,"Sion, Mumbai",28.5,26.2,27.4,88,15.1,10.1,205,1001.1,14.6
2020-06-14,61.0,18.0,9.0,11.0,2.0,3.0,"Sion, Mumbai",29.6,26.4,27.9,87,17.6,12.3,191,1002.6,4.3
2020-06-15,61.0,15.0,13.0,13.0,2.0,3.0,"Sion, Mumbai",29.4,26.7,27.6,89,17.1,11.7,209,1002.5,23.6
2020-06-16,61.0,19.0,8.0,12.0,2.0,3.0,"Sion, Mumbai",28.4,26.6,27.3,88,17.3,12.8,212,1001.7,45.3
2020-06-17,61.0,32.0,5.0,16.0,2.0,1.0,"Sion, Mumbai",28.5,26.0,26.9,89,23.0,17.3,180,1001.7,20.9
2020-06-18,61.0,44.0,5.0,11.0,2.0,1.1428571428571428,"Sion, Mumbai",28.2,26.1,27.0,89,30.0,23.0,202,1003.8,40.4
2020-06-19,61.0,42.0,5.0,7.0,2.0,1.2857142857142856,"Sion, Mumbai",28.8,26.8,27.6,89,22.3,19.1,204,1005.7,6.1
2020-06-20,61.0,37.0,6.0,8.0,2.0,1.4285714285714286,"Sion, Mumbai",29.0,27.0,27.7,89,20.5,16.8,201,1006.4,4.4
2020-06-21,61.0,45.0,5.0,8.0,2.0,3.0,"Sion, Mumbai",28.4,26.3,27.2,90,21.5,17.6,204,1005.5,9.5
2020-06-22,61.0,32.0,6.0,7.0,2.0,3.0,"Sion, Mumbai",28.5,26.2,27.3,88,22.6,18.5,202,1003.8,7.7
2020-06-23,61.0,30.0,8.0,10.0,2.0,3.0,"Sion, Mumbai",29.1,26.0,27.4,86,30.9,24.3,188,1004.4,4.9
2020-06-24,61.0,38.0,6.0,7.0,3.0,2.0,"Sion, Mumbai",29.3,26.2,27.8,85,23.3,19.0,189,1005.0,2.6
2020-06-25,61.0,45.0,4.0,5.0,13.0,2.0,"Sion, Mumbai",29.8,26.4,28.2,85,19.9,13.6,200,1004.4,8.9
2020-06-26,61.0,206.0,3.857142857142857,4.0,22.0,1.0,"Sion, Mumbai",29.4,26.7,28.1,86,13.7,8.5,205,1004.1,11.6
2020-06-27,75.0,38.0,3.7142857142857135,2.0,22.0,1.0,"Sion, Mumbai",29.8,26.9,28.4,85,17.5,11.0,210,1004.6,10.1
2020-06-28,46.0,17.0,3.571428571428572,2.0,22.0,1.0,"Sion, Mumbai",30.1,26.6,28.2,85,20.2,11.7,214,1004.6,16.1
2020-06-29,23.0,10.0,6.0,3.0,22.0,1.0,"Sion, Mumbai",28.2,26.5,27.3,88,13.3,9.2,217,1003.9,15.9
2020-06-30,15.0,18.0,6.0,3.0,22.0,3.0,"Sion, Mumbai",28.4,26.5,27.4,88,20.9,12.6,183,1002.5,18.5
2020-07-01,25.0,22.0,5.0,4.0,22.0,1.0,"Sion, Mumbai",28.5,26.4,27.2,89,24.8,18.7,189,1003.5,13.4
2020-07-02,26.0,47.0,3.0,4.0,26.0,1.0,"Sion, Mumbai",29.2,26.1,27.3,88,22.9,16.9,209,1003.3,18.0
2020-07-03,63.0,16.0,6.0,7.0,26.0,1.0,"Sion, Mumbai",29.1,26.4,27.3,89,23.5,16.9,246,1002.5,37.9
2020-07-04,30.0,20.33333333333333,6.666666666666667,7.0,25.0,1.0,"Sion, Mumbai",27.7,26.4,27.0,91,37.9,23.3,248,1000.6,147.2
2020-07-06,43.333333333333336,29.0,8.0,7.0,23.0,1.0,"Sion, Mumbai",29.0,26.3,27.5,87,40.1,33.5,220,999.6,24.3
2020-07-07,50.0,36.0,6.0,4.0,23.0,1.0,"Sion, Mumbai",28.1,26.4,27.2,90,32.2,26.8,225,1000.7,44.0
2020-07-08,48.0,37.0,4.0,5.0,23.0,1.0,"Sion, Mumbai",28.3,26.0,27.0,90,26.7,21.8,211,1004.2,26.8
2020-07-09,54.0,42.0,4.0,3.0,23.0,1.0,"Sion, Mumbai",27.9,26.5,27.0,90,22.6,19.1,205,1004.3,11.1
2020-07-10,50.0,37.0,5.0,4.0,23.0,1.0,"Sion, Mumbai",28.3,26.4,27.1,90,26.1,20.3,207,1004.6,11.2
2020-07-11,50.0,19.0,4.0,7.0,23.0,1.0,"Sion, Mumbai",28.0,25.9,26.8,90,25.7,20.3,212,1004.8,10.2
2020-07-12,47.0,23.0,4.0,8.0,23.0,1.0,"Sion, Mumbai",28.0,26.0,26.8,90,20.4,17.4,215,1005.0,16.2
2020-07-13,49.0,23.0,3.0,8.0,23.0,1.0,"Sion, Mumbai",27.9,26.1,26.7,91,19.7,15.1,230,1004.2,28.4
2020-07-14,46.0,10.0,3.0,9.0,24.0,1.0,"Sion, Mumbai",28.1,26.0,26.8,90,17.7,12.3,243,1003.7,27.5
2020-07-15,33.0,13.0,5.0,7.0,24.0,1.0,"Sion, Mumbai",27.4,26.0,26.5,92,21.7,14.1,254,1002.0,49.6
2020-07-16,35.0,23.0,5.0,12.0,24.0,1.0,"Sion, Mumbai",27.6,26.0,26.5,91,32.9,22.0,215,999.3,48.1
2020-07-17,53.0,33.0,5.0,8.0,23.0,1.0,"Sion, Mumbai",28.0,26.0,26.7,90,32.5,25.0,195,999.2,22.9
2020-07-18,56.0,36.0,5.0,5.0,23.0,1.0,"Sion, Mumbai",28.0,26.2,26.8,90,29.1,23.2,188,1003.0,16.4
2020-07-19,56.0,43.0,6.0,4.0,23.0,1.0,"Sion, Mumbai",28.6,26.0,27.2,89,19.7,14.0,206,1005.7,6.7
2020-07-20,63.0,38.0,6.0,5.0,23.0,1.0,"Sion, Mumbai",28.0,26.4,27.2,89,15.8,11.9,206,1004.2,4.7
2020-07-21,59.0,32.0,6.0,6.0,23.0,1.0,"Sion, Mumbai",28.5,26.2,27.2,88,18.4,13.7,197,1004.8,5.5
2020-07-22,47.0,31.0,7.0,7.0,23.0,1.0,"Sion, Mumbai",29.1,26.5,27.7,87,16.3,9.9,207,1006.0,2.1
2020-07-23,50.0,40.0,2.0,7.0,24.0,2.0,"Sion, Mumbai",28.7,26.2,27.4,88,10.9,7.3,225,1005.4,5.5
2020-07-24,60.0,31.0,1.8888888888888888,5.0,24.0,1.0,"Sion, Mumbai",27.8,26.2,26.9,89,13.3,7.1,197,1006.0,16.1
2020-07-25,49.0,21.0,1.7777777777777777,4.0,24.0,1.0,"Sion, Mumbai",28.4,26.0,27.2,87,19.4,12.2,198,1006.1,4.9
2020-07-26,39.0,190.0,1.6666666666666667,4.0,24.0,1.0,"Sion, Mumbai",28.5,25.5,27.1,86,21.3,13.4,186,1007.0,9.6
2020-07-27,34.0,165.85714285714286,5.0,5.0,25.0,2.0,"Sion, Mumbai",28.4,25.5,26.7,89,19.8,13.7,227,1007.9,21.5
2020-07-28,60.0,141.71428571428572,5.0,4.0,25.0,3.0,"Sion, Mumbai",28.4,26.0,27.2,87,15.8,9.9,253,1006.6,10.0
2020-07-29,74.0,117.57142857142856,5.0,4.0,24.0,2.0,"Sion, Mumbai",28.5,26.0,27.0,89,16.2,8.2,253,1004.6,23.7
2020-07-30,45.0,39.0,5.0,4.0,24.0,2.0,"Sion, Mumbai",28.0,25.7,26.7,91,19.1,10.1,233,1004.2,64.4
2020-07-31,49.0,39.0,5.0,4.0,24.0,1.95,"Sion, Mumbai",28.8,26.2,27.3,88,16.8,11.3,206,1004.0,11.8
2020-08-01,41.0,39.0,1.0,5.0,23.0,1.9,"Sion, Mumbai",29.0,26.1,27.5,87,21.9,15.2,188,1003.3,3.0
2020-08-02,42.0,21.0,1.0,4.0,23.0,1.85,"Sion, Mumbai",29.5,26.4,27.7,85,30.0,20.1,176,1002.4,0.8
2020-08-03,27.0,16.0,1.0,3.0,23.0,3.0,"Sion, Mumbai",27.8,26.2,26.7,90,39.8,24.0,214,1000.2,54.2
2020-08-04,28.0,21.0,2.0,4.0,23.0,3.0,"Sion, Mumbai",27.5,26.7,27.0,89,48.6,35.5,232,996.8,147.7
2020-08-05,46.0,19.0,2.0,5.0,23.0,3.0,"Sion, Mumbai",27.2,26.2,26.7,91,42.0,28.4,258,995.1,142.1
2020-08-06,35.0,32.0,1.0,4.0,23.0,3.0,"Sion, Mumbai",28.1,26.5,27.3,88,47.6,34.2,241,995.6,46.1
2020-08-07,45.0,42.0,1.0,3.0,23.0,3.0,"Sion, Mumbai",28.6,26.5,27.3,88,36.2,29.3,223,1001.5,12.8
2020-08-08,57.0,81.0,1.0,3.0,23.0,3.0,"Sion, Mumbai",28.9,26.2,27.4,86,32.9,26.1,231,1004.7,9.6
2020-08-09,65.0,42.0,1.0,4.0,23.0,3.0,"Sion, Mumbai",28.5,26.0,27.4,85,25.2,20.6,239,1004.2,5.8
2020-08-10,61.0,43.0,1.0,4.0,23.0,3.0,"Sion, Mumbai",27.2,25.8,26.4,91,20.6,17.6,228,1004.1,15.3
2020-08-11,58.0,31.0,1.0,4.0,23.0,3.0,"Sion, Mumbai",27.0,25.5,26.3,91,23.1,19.2,231,1005.7,27.0
2020-08-12,46.0,32.0,1.0,3.0,23.0,3.0,"Sion, Mumbai",27.8,25.9,26.5,90,26.4,23.1,239,1006.8,23.3
2020-08-13,52.0,29.0,1.0,4.0,23.0,3.0,"Sion, Mumbai",27.3,25.9,26.3,90,29.2,23.6,240,1004.8,30.0
2020-08-14,52.0,37.0,1.0,3.0,23.0,3.0,"Sion, Mumbai",26.5,25.6,25.9,92,29.8,25.9,227,1002.8,55.1
2020-08-15,60.0,44.0,1.0,3.0,23.0,3.0,"Sion, Mumbai",26.8,25.6,26.1,91,28.7,24.5,233,1002.7,50.5
2020-08-16,61.0,35.0,1.2941176470588236,4.0,23.0,3.0,"Sion, Mumbai",26.8,25.9,26.3,91,25.6,22.4,242,1003.6,35.3
2020-08-17,53.0,28.0,1.5882352941176472,3.0,23.0,3.0,"Sion, Mumbai",26.5,25.5,26.0,90,26.9,21.8,239,1003.4,35.2
2020-08-18,48.0,27.0,1.8823529411764703,3.0,23.0,3.0,"Sion, Mumbai",26.6,25.6,26.1,91,24.6,20.6,229,1004.7,18.4
2020-08-19,43.0,27.0,6.0,3.0,23.0,1.0,"Sion, Mumbai",28.2,25.5,26.6,89,28.9,21.2,240,1004.2,13.6
2020-08-20,46.0,21.0,6.0,3.0,23.0,1.25,"Sion, Mumbai",27.3,25.6,26.2,91,23.2,19.3,238,1003.3,44.5
2020-08-21,35.0,25.0,6.0,2.0,23.0,1.5,"Sion, Mumbai",27.2,25.4,26.2,92,25.8,22.1,230,1004.3,40.5
2020-08-22,41.0,30.5,6.0,2.0,23.0,1.75,"Sion, Mumbai",27.5,26.0,26.6,90,27.1,21.7,231,1005.2,12.6
2020-08-23,43.0,36.0,6.0,3.0,23.0,2.0,"Sion, Mumbai",27.7,25.5,26.6,88,29.7,24.7,228,1005.7,8.2
2020-08-24,47.0,31.0,6.0,3.0,23.0,1.75,"Sion, Mumbai",28.4,25.7,27.0,86,30.2,24.1,227,1006.3,8.0
2020-08-25,49.0,28.0,6.0,3.0,23.0,1.5,"Sion, Mumbai",28.5,26.0,27.1,85,27.1,19.7,225,1008.6,4.5
2020-08-26,45.0,26.0,6.0,3.0,23.0,1.25,"Sion, Mumbai",28.7,25.8,26.9,85,23.1,16.2,217,1008.9,4.0
2020-08-27,37.0,18.0,6.0,3.0,23.0,1.0,"Sion, Mumbai",27.4,25.3,26.2,90,19.4,14.0,219,1007.9,9.3
2020-08-28,38.0,18.0,6.0,4.0,24.0,1.0,"Sion, Mumbai",26.8,25.5,25.9,92,21.9,17.0,220,1006.1,29.5
2020-08-29,43.0,18.0,6.0,3.0,24.0,1.6666666666666663,"Sion, Mumbai",26.1,25.5,25.7,92,22.7,18.4,226,1005.5,31.9
2020-08-30,43.0,24.0,6.0,4.0,23.0,2.333333333333333,"Sion, Mumbai",26.8,25.6,26.0,91,27.4,21.6,215,1005.7,17.6
2020-08-31,41.0,29.0,6.0,3.0,24.0,3.0,"Sion, Mumbai",27.1,25.4,26.3,89,24.1,19.0,218,1007.6,10.1
2020-09-01,57.0,55.0,6.0,7.0,13.5,4.0,"Sion, Mumbai",27.6,25.1,26.3,90,13.7,9.7,235,1009.1,2.6
2020-09-02,116.0,133.0,7.0,9.0,3.0,3.0,"Sion, Mumbai",28.8,25.5,27.1,88,19.4,7.7,316,1008.4,1.1
2020-09-03,83.0,71.0,24.0,14.0,3.0,4.0,"Sion, Mumbai",29.6,25.8,27.6,87,16.7,9.2,340,1007.3,1.5
2020-09-04,96.0,68.0,28.0,25.0,3.0,3.0,"Sion, Mumbai",30.6,25.8,28.0,88,14.8,7.5,339,1006.6,0.8
2020-09-05,107.0,77.0,19.0,13.0,3.0,3.0,"Sion, Mumbai",30.0,25.5,28.0,87,14.5,7.9,304,1006.0,0.5
2020-09-06,132.0,47.0,15.0,12.0,3.0,2.0,"Sion, Mumbai",30.1,26.8,28.0,91,14.5,6.5,327,1005.2,13.0
2020-09-07,56.0,52.0,7.0,12.0,2.0,2.0,"Sion, Mumbai",28.8,26.2,27.5,87,20.9,7.8,200,1006.7,5.0
2020-09-08,69.0,63.0,12.0,11.0,3.0,3.0,"Sion, Mumbai",29.0,25.4,27.2,89,15.6,8.2,333,1007.2,9.4
2020-09-09,87.0,45.0,16.0,13.0,2.0,2.0,"Sion, Mumbai",29.5,26.8,28.0,89,16.3,7.5,325,1005.6,4.0
2020-09-10,68.0,61.0,10.0,16.0,3.0,3.0,"Sion, Mumbai",28.9,26.4,27.6,87,13.1,7.9,229,1003.9,1.7
2020-09-11,84.0,54.0,6.0,15.0,3.0,2.0,"Sion, Mumbai",28.5,26.3,27.3,90,14.4,7.8,305,1003.2,20.5
2020-09-12,56.0,47.5,4.5,7.0,2.5,2.5,"Sion, Mumbai",28.5,25.6,26.9,87,41.8,21.1,199,1004.1,7.2
2020-09-13,49.0,41.0,3.0,10.0,2.0,3.0,"Sion, Mumbai",28.1,26.1,27.3,82,27.5,19.1,226,1007.0,6.7
2020-09-14,59.0,42.0,8.0,8.0,4.0,1.0,"Sion, Mumbai",28.0,25.9,26.8,88,14.5,10.7,218,1006.6,7.1
2020-09-15,64.0,42.16666666666666,8.333333333333334,10.833333333333334,4.0,1.5,"Sion, Mumbai",28.1,25.4,26.5,89,13.6,8.7,199,1006.4,9.6
2020-09-20,77.33333333333333,43.0,10.0,25.0,4.0,4.0,"Sion, Mumbai",28.9,26.0,27.3,89,18.2,6.6,325,1002.0,7.1
2020-09-21,80.0,48.0,15.0,15.0,4.0,3.0,"Sion, Mumbai",29.2,25.8,27.5,90,14.9,6.5,264,1000.6,11.6
2020-09-22,94.0,15.0,14.0,6.0,3.0,2.5,"Sion, Mumbai",28.6,26.1,26.9,90,19.4,7.7,213,1001.0,19.2
2020-09-23,38.0,30.0,13.0,13.0,3.0,2.0,"Sion, Mumbai",27.0,26.1,26.5,91,36.5,18.9,246,1003.2,128.7
2020-09-24,59.0,44.0,7.0,9.0,3.0,2.0,"Sion, Mumbai",28.6,25.9,27.0,89,15.6,10.4,214,1007.0,9.5
2020-09-25,66.0,57.0,9.0,6.0,2.0,1.0,"Sion, Mumbai",28.2,26.1,27.0,87,18.2,9.8,248,1007.7,5.3
2020-09-26,57.0,66.0,8.0,6.0,3.0,4.0,"Sion, Mumbai",29.0,25.7,27.1,81,16.6,10.3,270,1007.6,3.1
2020-09-27,73.0,76.0,8.0,6.0,4.0,5.0,"Sion, Mumbai",27.8,25.2,26.4,87,12.2,7.8,237,1008.8,2.2
2020-09-28,93.0,86.0,12.0,9.0,4.0,4.0,"Sion, Mumbai",27.7,25.1,26.6,86,12.3,5.2,255,1009.3,1.5
2020-09-29,106.0,80.0,12.0,9.0,4.0,4.0,"Sion, Mumbai",28.1,25.0,26.8,87,14.5,6.1,312,1008.6,1.3
2020-09-30,95.0,71.0,11.0,9.0,3.0,2.0,"Sion, Mumbai",28.4,24.9,26.8,84,16.6,7.4,313,1007.7,1.3
2020-10-01,87.0,75.0,16.0,10.0,3.0,3.0,"Sion, Mumbai",28.8,24.7,27.0,84,16.3,7.7,320,1008.3,2.0
2020-10-02,110.0,72.0,19.0,13.0,3.0,3.0,"Sion, Mumbai",29.5,25.9,27.5,85,15.5,6.9,334,1008.2,1.2
2020-10-03,120.0,49.0,18.0,17.0,2.0,3.0,"Sion, Mumbai",29.2,25.2,27.2,89,13.9,6.7,307,1008.3,2.4
2020-10-04,94.0,61.0,9.0,10.0,3.0,6.0,"Sion, Mumbai",27.5,25.6,26.6,89,13.3,6.1,217,1009.7,5.3
2020-10-05,87.0,81.0,17.0,11.0,4.0,7.0,"Sion, Mumbai",28.1,25.6,26.9,88,14.5,6.4,295,1009.4,2.8
2020-10-06,118.0,85.0,23.0,15.0,4.0,6.0,"Sion, Mumbai",30.2,25.4,27.4,87,17.2,8.1,343,1008.5,0.3
2020-10-07,129.0,87.0,20.0,16.0,3.0,5.0,"Sion, Mumbai",29.8,25.8,27.9,89,17.0,7.7,329,1009.0,0.5
2020-10-08,135.0,101.0,26.0,19.0,5.0,9.0,"Sion, Mumbai",30.4,26.8,28.4,86,15.8,7.9,331,1008.2,0.3
2020-10-09,154.0,101.0,30.0,19.0,4.0,5.0,"Sion, Mumbai",31.4,27.0,28.9,83,15.5,6.9,340,1007.3,0.0
2020-10-10,158.0,72.0,22.0,15.0,3.0,3.0,"Sion, Mumbai",30.2,26.8,28.5,86,16.9,8.0,180,1007.1,6.8
2020-10-11,120.0,113.0,20.0,14.0,4.0,5.0,"Sion, Mumbai",29.0,26.7,27.7,89,11.0,6.8,166,1005.8,5.0
2020-10-12,166.0,88.0,27.0,14.0,3.0,5.0,"Sion, Mumbai",30.0,26.0,27.9,87,12.0,5.5,340,1003.6,3.7
2020-10-13,139.0,84.0,25.0,20.0,4.0,6.0,"Sion, Mumbai",30.2,26.5,28.2,88,11.2,5.6,183,1003.0,3.9
2020-10-14,148.0,41.0,25.0,16.0,4.0,4.0,"Sion, Mumbai",29.1,26.1,27.8,91,11.1,4.5,185,1003.3,8.2
2020-10-15,83.0,57.0,15.0,18.0,4.0,4.0,"Sion, Mumbai",30.8,26.0,28.0,88,18.6,10.7,348,1000.9,50.5
2020-10-16,83.0,86.0,17.0,12.0,3.0,4.0,"Sion, Mumbai",30.3,26.4,28.0,79,25.9,16.3,134,1001.4,0.3
2020-10-17,141.0,66.0,18.0,8.0,3.0,2.0,"Sion, Mumbai",30.0,26.2,27.8,78,25.2,18.8,168,1005.1,0.7
2020-10-18,85.0,68.0,16.0,9.0,2.0,3.0,"Sion, Mumbai",28.7,26.2,27.3,83,17.8,10.2,183,1007.6,0.3
2020-10-19,89.0,74.0,18.0,13.0,4.0,4.0,"Sion, Mumbai",29.0,26.1,27.2,86,16.2,6.6,267,1008.0,5.2
2020-10-20,115.0,66.0,19.0,17.0,5.0,5.0,"Sion, Mumbai",29.9,25.5,27.4,89,15.0,7.0,344,1007.3,6.0
2020-10-21,126.0,115.0,24.0,17.0,9.0,5.0,"Sion, Mumbai",29.9,25.5,27.3,88,15.7,7.2,4,1007.7,5.2
2020-10-22,168.0,77.0,32.0,16.0,8.0,6.0,"Sion, Mumbai",29.5,24.9,26.8,89,16.6,8.1,8,1006.8,18.0
2020-10-23,148.0,85.0,26.0,12.0,14.0,5.0,"Sion, Mumbai",29.9,24.7,27.4,86,13.6,5.3,328,1006.8,1.1
2020-10-24,142.0,69.0,46.0,12.0,1.0,3.0,"Sion, Mumbai",28.1,26.0,27.0,89,13.0,7.4,192,1008.4,3.0
2020-10-25,126.0,84.0,28.0,23.0,2.0,7.0,"Sion, Mumbai",29.0,25.0,27.1,89,14.5,6.7,249,1010.1,2.8
2020-10-26,146.0,97.0,32.0,32.0,4.0,7.0,"Sion, Mumbai",30.6,25.6,27.9,83,13.8,6.6,341,1011.2,0.0
2020-10-27,140.0,153.0,60.0,31.0,5.0,8.0,"Sion, Mumbai",30.9,25.1,27.8,77,13.8,8.5,360,1010.2,0.0
2020-10-28,179.0,112.0,51.0,31.0,3.0,7.0,"Sion, Mumbai",31.4,24.2,27.6,79,14.0,7.5,344,1010.7,0.0
2020-10-29,160.0,106.0,42.0,29.0,3.0,8.0,"Sion, Mumbai",30.0,24.1,27.0,82,13.3,7.3,341,1011.3,0.0
2020-10-30,152.0,111.0,37.0,33.0,4.0,9.0,"Sion, Mumbai",30.9,23.5,26.9,80,15.7,8.5,350,1011.0,0.0
2020-10-31,143.0,111.0,36.0,32.0,4.0,8.0,"Sion, Mumbai",30.4,22.8,26.8,74,15.4,8.2,348,1011.0,0.0
2020-11-01,143.0,123.0,41.0,32.0,4.0,10.0,"Sion, Mumbai",30.4,23.5,26.8,76,14.9,8.4,342,1011.7,0.0
2020-11-02,161.0,177.0,48.0,35.0,4.0,10.0,"Sion, Mumbai",31.6,24.5,27.8,76,12.7,6.4,4,1012.4,0.0
2020-11-03,187.0,158.0,45.0,39.0,5.0,11.0,"Sion, Mumbai",32.8,24.5,28.3,70,16.5,9.4,7,1012.1,0.0
2020-11-04,163.0,132.0,36.0,37.0,4.0,10.0,"Sion, Mumbai",32.4,23.8,27.5,71,16.0,8.4,9,1011.8,0.0
2020-11-05,161.0,98.0,28.0,30.0,5.0,6.0,"Sion, Mumbai",33.2,23.1,27.3,65,15.5,9.8,27,1012.2,0.0
2020-11-06,134.0,118.0,6.0,20.0,1.0,7.0,"Sion, Mumbai",32.8,23.1,27.1,60,19.9,10.9,28,1013.6,0.0
2020-11-07,149.0,123.0,12.0,7.0,2.0,8.0,"Sion, Mumbai",33.0,22.0,26.8,61,18.2,10.8,21,1014.1,0.0
2020-11-08,142.0,121.0,25.0,24.0,4.0,11.0,"Sion, Mumbai",33.7,23.6,27.8,61,14.2,9.4,44,1014.0,0.0
2020-11-09,145.0,126.0,14.0,21.0,3.0,7.0,"Sion, Mumbai",32.2,22.5,26.8,64,15.7,8.9,4,1013.4,0.0
2020-11-10,149.0,162.0,19.0,12.0,3.0,8.0,"Sion, Mumbai",32.3,21.1,26.0,61,17.5,9.5,53,1011.4,0.0
2020-11-11,178.0,150.0,37.0,19.0,3.0,9.0,"Sion, Mumbai",31.9,20.8,25.5,60,19.5,10.0,43,1011.9,0.0
2020-11-12,168.0,145.0,32.0,20.0,3.0,9.0,"Sion, Mumbai",31.8,20.5,25.4,56,17.8,11.1,20,1012.9,0.0
2020-11-13,210.0,128.0,35.0,13.0,2.0,7.0,"Sion, Mumbai",32.0,21.2,26.3,66,20.1,11.2,4,1011.9,0.0
2020-11-14,165.0,126.0,35.0,14.0,3.0,9.0,"Sion, Mumbai",32.8,23.2,27.5,71,17.7,10.1,10,1010.4,0.0
2020-11-15,175.0,122.0,42.0,16.0,3.0,7.0,"Sion, Mumbai",31.6,24.4,27.8,72,16.5,10.0,341,1010.5,0.0
2020-11-16,172.0,156.0,34.0,18.0,3.0,7.0,"Sion, Mumbai",32.5,24.5,28.1,67,22.2,11.1,350,1010.8,0.0
2020-11-17,172.0,113.0,50.0,20.0,4.0,7.0,"Sion, Mumbai",33.3,25.4,28.5,65,22.5,11.1,356,1009.9,0.0
2020-11-18,175.0,147.0,41.0,25.0,3.0,8.0,"Sion, Mumbai",30.0,24.7,27.4,73,13.9,8.2,333,1009.8,0.0
2020-11-19,179.0,133.0,42.0,24.0,3.0,8.0,"Sion, Mumbai",31.9,25.7,27.9,68,19.6,10.9,349,1010.1,0.0
2020-11-20,177.0,144.0,39.0,19.0,3.0,10.0,"Sion, Mumbai",30.6,24.8,27.3,64,18.3,11.9,349,1011.3,0.0
2020-11-21,280.0,118.0,61.0,19.0,4.0,9.0,"Sion, Mumbai",30.2,23.6,26.6,65,18.5,10.5,337,1011.9,0.0
2020-11-22,143.0,110.0,16.0,19.0,3.0,10.0,"Sion, Mumbai",30.4,21.8,25.7,75,19.3,8.4,333,1012.6,0.0
2020-11-23,121.0,143.0,42.0,29.0,4.0,11.0,"Sion, Mumbai",30.2,22.0,25.8,73,20.9,9.6,332,1013.0,0.0
2020-11-24,171.0,160.0,33.0,29.0,6.0,13.0,"Sion, Mumbai",30.4,22.8,25.9,67,18.1,8.9,331,1011.8,0.0
2020-11-25,167.0,205.0,34.0,24.0,12.0,13.0,"Sion, Mumbai",30.2,23.3,26.4,71,19.8,8.5,333,1011.0,0.0
2020-11-26,213.0,114.0,17.0,20.0,4.0,5.0,"Sion, Mumbai",30.7,22.0,26.3,65,23.3,12.6,345,1011.4,0.0
2020-11-27,140.0,112.0,16.0,39.0,2.0,7.0,"Sion, Mumbai",32.5,23.6,27.6,46,24.3,14.2,35,1012.7,0.0
2020-11-28,125.0,86.0,28.0,24.0,3.0,5.0,"Sion, Mumbai",32.0,23.5,27.1,53,17.4,13.1,56,1013.1,0.0
2020-11-29,89.0,113.0,43.0,26.0,2.0,10.0,"Sion, Mumbai",30.8,24.5,27.1,69,16.1,9.4,14,1013.0,0.0
2020-11-30,129.0,113.0,57.0,17.0,4.0,8.0,"Sion, Mumbai",31.4,23.1,26.9,70,18.4,9.2,345,1013.2,0.0
2020-12-01,132.0,124.0,49.0,20.0,3.0,10.0,"Sion, Mumbai",32.8,24.5,27.8,67,18.6,10.0,348,1013.0,0.0
2020-12-02,143.0,137.0,58.0,22.0,3.0,9.0,"Sion, Mumbai",32.5,24.0,27.3,68,22.6,11.3,351,1011.9,0.0
2020-12-03,135.0,143.0,43.0,40.0,3.0,10.0,"Sion, Mumbai",31.9,21.9,26.4,66,20.4,10.1,8,1011.5,0.0
2020-12-04,137.0,183.0,49.0,46.0,4.0,13.0,"Sion, Mumbai",31.9,20.8,25.7,68,16.4,8.3,12,1010.6,0.0
2020-12-05,147.0,112.0,40.0,38.0,2.0,7.0,"Sion, Mumbai",32.3,20.0,25.5,66,16.1,8.1,6,1011.1,0.0
2020-12-06,114.0,146.0,19.0,33.0,1.0,9.0,"Sion, Mumbai",32.8,20.2,25.8,57,18.1,9.5,28,1012.2,0.0
2020-12-07,139.0,177.0,8.0,18.0,2.0,11.0,"Sion, Mumbai",33.3,20.7,26.1,55,19.9,10.0,39,1013.5,0.0
2020-12-08,139.0,148.0,27.0,37.0,2.0,12.0,"Sion, Mumbai",32.5,21.0,26.0,59,17.6,10.6,12,1013.4,0.0
2020-12-09,130.0,116.0,35.0,36.0,1.0,7.0,"Sion, Mumbai",32.0,22.0,26.4,63,16.6,8.8,3,1012.1,0.0
2020-12-10,136.0,111.0,18.0,30.0,1.0,8.0,"Sion, Mumbai",30.5,23.5,27.2,70,15.5,7.2,333,1011.5,0.0
2020-12-11,127.0,100.0,10.0,26.0,3.0,8.0,"Sion, Mumbai",27.9,24.6,25.9,72,15.1,8.5,348,1012.5,1.8
2020-12-12,125.0,89.0,12.0,26.0,2.0,6.0,"Sion, Mumbai",30.1,23.4,25.8,77,19.1,9.7,2,1011.6,1.6
2020-12-13,91.0,71.0,7.0,26.0,2.0,6.0,"Sion, Mumbai",28.8,22.9,25.3,75,17.4,9.4,3,1010.8,0.0
2020-12-14,82.0,110.0,29.0,36.0,3.0,7.0,"Sion, Mumbai",27.0,23.0,24.2,86,12.4,7.7,10,1011.3,28.1
2020-12-15,127.0,177.0,23.0,37.0,5.0,11.0,"Sion, Mumbai",29.0,22.4,24.9,81,22.5,14.2,349,1012.5,0.0
2020-12-16,202.0,139.0,33.0,35.0,3.0,11.0,"Sion, Mumbai",28.8,22.3,25.0,79,20.9,13.0,350,1013.7,0.0
2020-12-17,187.0,131.0,28.0,39.0,3.0,9.0,"Sion, Mumbai",29.8,22.2,25.3,77,20.8,12.0,352,1013.8,0.0
2020-12-18,160.0,123.0,23.0,38.0,3.0,7.0,"Sion, Mumbai",30.3,21.8,25.1,76,17.6,10.2,355,1013.4,0.0
2020-12-19,173.0,113.0,31.0,31.0,3.0,6.0,"Sion, Mumbai",31.7,21.2,25.7,67,20.2,11.6,16,1013.8,0.0
2020-12-20,163.0,119.0,22.0,45.0,2.0,7.0,"Sion, Mumbai",30.9,21.4,25.2,61,20.6,11.5,21,1014.5,0.0
2020-12-21,136.0,145.0,29.0,58.0,4.0,10.0,"Sion, Mumbai",30.9,19.9,24.4,59,17.1,9.4,36,1013.4,0.0
2020-12-22,184.0,187.0,41.0,49.0,4.0,14.0,"Sion, Mumbai",30.5,18.1,23.4,63,16.2,9.1,16,1012.2,0.0
2020-12-23,207.0,164.0,30.0,38.0,3.0,12.0,"Sion, Mumbai",29.0,17.4,23.5,66,14.2,8.1,352,1011.1,0.0
2020-12-24,198.0,205.0,42.0,37.0,4.0,14.0,"Sion, Mumbai",30.5,18.4,23.6,65,19.4,10.6,356,1010.0,0.0
2020-12-25,179.0,162.0,37.0,30.0,3.0,11.0,"Sion, Mumbai",31.9,19.6,25.1,65,14.8,8.8,20,1010.5,0.0
2020-12-26,190.0,149.0,46.0,29.0,2.0,9.0,"Sion, Mumbai",30.6,20.4,24.9,70,16.5,8.4,338,1011.9,0.0
2020-12-27,176.0,132.0,28.0,27.0,1.0,6.0,"Sion, Mumbai",29.5,21.1,24.8,71,23.1,13.3,340,1012.0,0.0
2020-12-28,169.0,169.0,27.0,36.0,2.0,11.0,"Sion, Mumbai",28.0,20.4,23.5,53,25.1,16.0,346,1012.1,0.0
2020-12-29,196.0,197.0,25.0,34.0,4.0,13.0,"Sion, Mumbai",27.0,17.8,22.3,61,20.2,10.5,338,1011.3,0.0
2020-12-30,208.0,156.0,35.0,42.0,3.0,10.0,"Sion, Mumbai",28.2,19.2,23.1,68,21.9,12.0,342,1011.4,0.0
2020-12-31,197.0,172.0,37.0,57.0,4.0,11.0,"Sion, Mumbai",31.2,19.5,24.6,69,17.3,11.0,350,1010.9,0.0
2021-01-01,165.0,152.0,35.0,46.0,4.0,8.0,"Sion, Mumbai",30.8,21.4,25.4,72,19.8,9.0,322,1011.3,0.0
2021-01-02,193.0,154.0,41.0,47.0,5.0,8.0,"Sion, Mumbai",28.2,22.9,25.0,76,16.7,9.2,328,1012.1,0.0
2021-01-03,172.0,149.0,37.0,43.0,3.0,8.0,"Sion, Mumbai",27.8,21.6,24.4,71,19.2,10.3,334,1010.7,0.0
2021-01-04,335.0,173.0,38.0,34.0,2.0,8.0,"Sion, Mumbai",27.4,21.5,24.1,68,18.1,9.8,326,1010.6,0.1
2021-01-05,203.0,165.0,32.0,35.0,2.0,9.0,"Sion, Mumbai",28.1,21.6,24.1,68,23.2,13.2,342,1011.7,0.2
2021-01-06,179.0,174.0,38.0,43.0,2.0,11.0,"Sion, Mumbai",28.8,22.1,24.6,63,23.7,15.4,342,1011.2,0.0
2021-01-07,201.0,233.0,17.0,32.0,3.0,11.0,"Sion, Mumbai",28.9,22.2,25.2,72,19.4,8.8,340,1009.2,0.2
2021-01-08,207.0,143.0,28.0,28.0,5.0,10.0,"Sion, Mumbai",28.8,23.2,25.3,84,13.0,8.4,341,1008.6,2.2
2021-01-09,191.0,131.0,38.0,24.0,4.0,9.0,"Sion, Mumbai",29.8,23.4,25.9,79,17.1,9.8,354,1009.3,0.0
2021-01-10,164.0,141.0,42.0,28.0,4.0,10.0,"Sion, Mumbai",30.4,24.3,26.8,77,15.1,8.5,354,1009.9,0.0
2021-01-11,186.0,185.0,36.0,18.0,6.0,10.0,"Sion, Mumbai",30.9,24.0,26.8,74,17.4,9.2,335,1011.0,0.0
2021-01-12,223.0,124.0,26.0,34.0,2.0,8.0,"Sion, Mumbai",31.8,24.2,27.1,70,24.0,12.6,349,1011.5,0.0
2021-01-13,189.0,122.0,29.0,41.0,9.0,7.0,"Sion, Mumbai",31.7,22.8,26.8,63,20.0,12.1,349,1011.3,0.0
2021-01-14,188.0,100.0,33.0,35.0,3.0,8.0,"Sion, Mumbai",30.2,22.4,25.2,70,24.2,12.3,341,1010.7,0.0
2021-01-15,174.0,182.0,36.0,50.0,1.0,9.0,"Sion, Mumbai",28.0,21.1,24.0,75,21.1,10.7,328,1010.3,0.0
2021-01-16,206.0,146.0,37.0,42.0,1.0,11.0,"Sion, Mumbai",28.0,19.3,23.1,73,20.9,9.8,334,1009.4,0.0
2021-01-17,148.0,88.0,21.0,38.0,1.0,6.0,"Sion, Mumbai",27.6,19.9,23.7,78,16.6,8.3,325,1009.9,0.0
2021-01-18,144.0,158.0,48.0,55.0,5.0,13.0,"Sion, Mumbai",28.5,21.4,24.5,74,20.9,11.7,334,1011.4,0.0
2021-01-19,194.0,161.0,31.0,62.0,3.0,12.0,"Sion, Mumbai",29.4,21.6,25.3,62,19.6,12.8,334,1011.5,0.0
2021-01-20,191.0,130.0,44.0,48.0,4.0,7.0,"Sion, Mumbai",30.0,20.8,24.8,59,19.9,11.8,338,1012.4,0.0
2021-01-21,182.0,168.0,43.0,65.0,2.0,11.0,"Sion, Mumbai",28.2,20.2,23.3,66,19.6,10.7,334,1012.4,0.0
2021-01-22,198.0,177.0,49.0,69.0,6.0,13.0,"Sion, Mumbai",28.9,19.2,23.2,76,21.7,10.1,333,1011.6,0.0
2021-01-23,170.0,140.0,29.0,53.0,2.0,9.0,"Sion, Mumbai",30.0,20.5,24.3,69,23.0,12.5,334,1011.7,0.0
2021-01-24,144.0,170.0,32.0,56.0,2.0,9.0,"Sion, Mumbai",28.9,19.9,24.0,64,21.5,12.3,336,1012.7,0.0
2021-01-25,157.0,156.0,43.0,53.0,2.0,10.0,"Sion, Mumbai",28.5,17.6,22.8,64,21.4,11.8,336,1013.2,0.0
2021-01-26,149.0,154.0,34.0,64.0,2.0,13.0,"Sion, Mumbai",27.2,18.5,22.3,70,22.2,11.2,336,1012.9,0.0
2021-01-27,148.0,170.0,38.0,66.0,3.0,14.0,"Sion, Mumbai",26.5,17.2,21.8,73,20.0,10.2,334,1012.5,0.0
2021-01-28,191.0,174.0,37.0,66.0,4.0,16.0,"Sion, Mumbai",27.2,17.9,21.9,73,22.2,11.4,334,1012.8,0.0
2021-01-29,197.0,165.0,34.0,57.0,5.0,14.0,"Sion, Mumbai",27.5,18.2,22.7,65,19.3,10.6,336,1013.4,0.0
2021-01-30,155.0,186.0,35.0,50.0,8.0,17.0,"Sion, Mumbai",29.4,17.5,23.2,65,23.7,11.2,338,1012.8,0.0
2021-01-31,144.0,132.0,31.0,44.0,4.0,10.0,"Sion, Mumbai",30.4,19.0,23.8,63,22.7,11.2,341,1013.0,0.0
2021-02-01,177.0,130.0,22.0,18.0,1.0,10.0,"Sion, Mumbai",31.8,20.9,25.6,57,21.6,12.2,349,1014.3,0.0
2021-02-02,139.0,168.0,24.0,21.0,1.0,15.0,"Sion, Mumbai",32.1,21.6,26.1,52,22.1,11.7,356,1014.5,0.0
2021-02-03,178.0,161.0,29.0,23.0,2.0,14.0,"Sion, Mumbai",30.2,19.4,24.8,57,19.2,8.5,330,1013.9,0.0
2021-02-04,160.0,119.0,32.0,35.0,3.0,7.0,"Sion, Mumbai",29.8,20.4,24.5,62,23.8,12.6,340,1013.7,0.0
2021-02-05,158.0,122.0,29.0,57.0,6.0,8.0,"Sion, Mumbai",29.4,20.2,24.4,55,24.7,14.9,339,1013.5,0.0
2021-02-06,141.0,107.0,32.0,46.0,5.0,6.0,"Sion, Mumbai",30.9,19.9,24.8,49,24.6,14.2,358,1012.6,0.0
2021-02-07,109.0,111.0,34.0,47.0,6.0,7.0,"Sion, Mumbai",32.5,21.0,25.8,43,22.9,15.0,17,1013.1,0.0
2021-02-08,149.0,129.0,35.0,64.0,15.0,12.0,"Sion, Mumbai",32.4,18.6,24.8,48,24.5,12.4,3,1013.7,0.0
2021-02-09,136.0,218.0,37.0,38.0,5.0,9.0,"Sion, Mumbai",32.0,18.5,24.2,56,19.3,10.5,352,1012.7,0.0
2021-02-10,259.0,105.5,33.0,30.0,2.0,20.0,"Sion, Mumbai",29.8,18.0,23.8,61,20.5,9.8,336,1011.7,0.0
2021-02-11,207.0,224.0,38.0,23.0,3.0,17.0,"Sion, Mumbai",31.2,18.2,24.4,60,19.8,10.7,342,1010.5,0.0
2021-02-12,196.0,135.0,27.0,12.0,4.0,10.0,"Sion, Mumbai",29.5,19.8,24.6,65,21.3,11.6,324,1011.2,0.0
2021-02-13,176.0,112.0,31.0,22.0,3.0,7.0,"Sion, Mumbai",29.8,19.4,24.4,67,24.6,12.0,329,1012.5,0.0
2021-02-14,117.0,88.0,26.0,26.0,3.0,5.0,"Sion, Mumbai",29.6,20.5,24.2,71,24.7,12.5,329,1012.8,0.0
2021-02-15,133.0,78.0,21.0,25.0,2.5,3.0,"Sion, Mumbai",28.2,20.8,24.2,73,26.0,14.1,328,1012.1,0.0
2021-02-16,81.0,98.0,26.0,38.0,2.0,5.0,"Sion, Mumbai",27.4,20.9,23.7,79,27.0,13.0,330,1011.8,0.0
2021-02-17,92.0,178.0,48.0,36.0,5.0,11.0,"Sion, Mumbai",28.4,20.9,24.0,77,27.2,12.7,334,1011.4,0.0
2021-02-18,158.0,96.0,36.0,41.0,2.0,6.0,"Sion, Mumbai",30.5,20.5,25.1,69,18.2,7.5,331,1011.8,1.1
2021-02-19,136.0,111.0,23.0,35.0,2.0,8.0,"Sion, Mumbai",31.6,21.5,25.6,64,19.4,11.4,39,1013.5,0.1
2021-02-20,135.0,103.0,31.0,42.0,2.0,5.0,"Sion, Mumbai",32.0,20.8,25.7,58,25.2,10.5,15,1013.5,0.0
2021-02-21,111.0,106.0,37.0,51.0,4.0,7.0,"Sion, Mumbai",33.9,22.3,27.2,47,22.7,13.2,42,1013.0,0.0
2021-02-22,112.0,155.0,58.0,60.0,8.0,13.0,"Sion, Mumbai",32.2,22.5,26.5,61,22.0,10.0,318,1013.4,0.0
2021-02-23,154.0,191.0,49.0,54.0,3.0,14.0,"Sion, Mumbai",30.6,22.1,26.4,62,20.9,9.1,320,1012.2,0.0
2021-02-24,180.0,154.0,32.0,38.0,8.0,12.0,"Sion, Mumbai",32.0,22.6,27.2,61,22.2,8.9,321,1010.8,0.0
2021-02-25,165.0,113.0,26.0,40.0,4.0,5.0,"Sion, Mumbai",32.4,24.0,27.4,54,26.0,14.2,331,1011.4,0.0
2021-02-26,157.0,95.0,25.0,46.0,3.0,5.0,"Sion, Mumbai",29.8,22.6,26.1,66,23.2,13.4,320,1010.8,0.0
2021-02-27,147.0,107.0,43.0,42.0,6.0,6.0,"Sion, Mumbai",30.5,21.5,26.0,70,26.5,13.5,329,1009.7,0.0
2021-02-28,113.0,133.0,39.0,52.0,7.0,11.0,"Sion, Mumbai",33.3,22.2,27.4,58,25.1,12.7,338,1009.4,0.0
2021-03-01,142.0,143.0,36.0,41.0,7.0,12.0,"Sion, Mumbai",34.3,24.3,28.2,50,26.1,14.4,337,1011.6,0.0
2021-03-02,180.0,149.0,58.0,57.0,11.0,9.0,"Sion, Mumbai",32.9,22.0,27.6,48,28.3,13.3,333,1012.5,0.0
2021-03-03,195.0,152.0,40.0,66.0,7.0,10.0,"Sion, Mumbai",35.2,22.0,27.8,44,25.2,12.8,335,1010.9,0.0
2021-03-04,183.0,155.0,42.0,56.0,5.0,12.0,"Sion, Mumbai",36.0,21.5,28.5,42,25.7,13.0,340,1010.4,0.0
2021-03-05,181.0,102.0,26.0,32.0,3.0,5.0,"Sion, Mumbai",35.3,21.8,27.9,48,24.3,11.7,330,1011.4,0.0
2021-03-06,153.0,124.0,17.0,27.0,4.0,11.0,"Sion, Mumbai",30.0,23.5,26.4,79,20.0,10.2,267,1012.5,0.0
2021-03-07,114.0,125.0,16.0,37.0,6.0,11.0,"Sion, Mumbai",32.1,21.0,26.4,68,22.2,11.3,333,1011.8,0.0
2021-03-08,141.0,119.0,33.0,46.0,7.0,7.0,"Sion, Mumbai",31.6,21.8,26.2,64,23.9,12.1,327,1011.5,0.0
2021-03-09,163.0,130.0,27.0,41.0,5.0,8.0,"Sion, Mumbai",34.2,23.0,27.6,59,27.5,13.9,337,1011.3,0.0
2021-03-10,160.0,94.0,14.0,27.0,4.0,4.0,"Sion, Mumbai",31.6,23.7,27.2,63,24.5,13.2,321,1011.4,0.0
2021-03-11,151.0,106.0,18.0,22.0,4.0,8.0,"Sion, Mumbai",30.5,23.0,26.3,72,26.2,12.8,323,1011.7,0.0
2021-03-12,156.0,124.0,42.0,40.0,6.0,6.0,"Sion, Mumbai",32.0,21.8,26.6,65,27.2,13.0,332,1012.6,0.0
2021-03-13,179.0,141.0,44.0,52.0,8.0,8.0,"Sion, Mumbai",34.3,24.8,28.4,51,24.6,14.6,338,1012.1,0.0
2021-03-14,138.0,167.0,37.0,40.0,9.0,12.0,"Sion, Mumbai",33.2,24.5,28.4,48,21.7,12.2,328,1010.2,0.0
2021-03-15,171.0,141.0,26.0,35.0,7.0,8.0,"Sion, Mumbai",33.8,24.2,28.6,49,25.7,14.4,332,1009.7,0.0
2021-03-16,176.0,150.0,33.0,45.0,8.0,8.0,"Sion, Mumbai",32.9,23.6,28.2,55,26.0,14.0,330,1010.1,0.0
2021-03-17,182.0,122.0,25.0,40.0,7.0,5.0,"Sion, Mumbai",33.5,23.1,28.5,56,25.8,12.4,329,1008.8,0.0
2021-03-18,173.0,156.0,19.0,26.0,5.0,5.0,"Sion, Mumbai",31.4,23.6,27.8,62,22.2,13.1,315,1009.1,0.0
2021-03-19,165.0,130.0,24.0,19.0,2.0,3.0,"Sion, Mumbai",31.7,23.5,27.1,67,26.8,13.5,324,1010.1,0.0
2021-03-20,145.0,125.0,29.0,22.0,3.0,4.0,"Sion, Mumbai",30.4,22.4,26.2,76,20.6,10.2,320,1008.8,0.0
2021-03-21,162.0,122.0,25.0,26.0,11.0,5.0,"Sion, Mumbai",31.1,22.9,26.9,75,18.1,8.4,306,1008.2,0.0
2021-03-22,163.0,209.0,32.0,26.0,5.0,8.0,"Sion, Mumbai",32.6,23.5,27.7,71,19.4,10.0,320,1010.1,0.0
2021-03-23,248.0,166.0,47.0,29.0,7.0,9.0,"Sion, Mumbai",33.3,24.2,28.5,54,26.5,13.2,333,1010.7,0.0
2021-03-24,170.0,176.0,23.0,33.0,8.0,11.0,"Sion, Mumbai",34.5,24.6,29.5,51,20.2,12.0,335,1010.6,0.0
2021-03-25,175.0,197.0,36.0,38.0,9.0,13.0,"Sion, Mumbai",37.3,24.8,30.5,37,27.5,15.1,344,1009.7,0.0
2021-03-26,175.0,161.0,45.0,34.0,10.0,13.0,"Sion, Mumbai",35.7,22.8,30.1,36,24.5,14.6,338,1008.7,0.0
2021-03-27,167.0,168.0,25.0,22.0,6.0,10.0,"Sion, Mumbai",37.7,24.1,30.0,38,26.7,13.3,336,1007.7,0.0
2021-03-28,145.0,86.0,26.0,11.0,4.0,3.0,"Sion, Mumbai",31.8,23.3,27.7,64,21.0,10.5,273,1007.9,0.0
2021-03-29,82.0,66.0,16.0,13.0,1.0,2.0,"Sion, Mumbai",31.4,24.8,27.8,78,26.5,10.3,289,1008.0,0.0
2021-03-30,106.0,85.0,11.0,13.0,2.0,4.0,"Sion, Mumbai",30.4,23.4,26.7,79,16.0,9.9,241,1008.3,0.0
2021-03-31,98.0,152.0,13.0,7.0,2.0,1.0,"Sion, Mumbai",30.2,22.7,26.6,81,19.8,8.9,300,1007.5,0.0
2021-04-01,173.0,123.0,15.0,8.0,2.0,1.0,"Sion, Mumbai",30.6,24.2,27.1,79,19.9,9.3,251,1007.1,0.0
2021-04-02,177.0,97.0,15.0,9.0,2.0,1.0,"Sion, Mumbai",30.2,24.2,26.9,77,17.7,9.6,228,1007.4,0.1
2021-04-03,155.0,86.0,15.0,9.0,2.0,1.0,"Sion, Mumbai",29.6,24.9,27.2,74,20.3,9.7,233,1008.4,0.0
2021-04-04,86.0,76.0,13.0,11.0,2.0,2.0,"Sion, Mumbai",30.2,24.6,27.3,76,22.7,9.8,275,1010.2,0.0
2021-04-05,61.0,100.0,24.0,19.0,2.0,5.0,"Sion, Mumbai",31.0,24.0,27.4,81,24.6,11.4,319,1010.0,0.0
2021-04-06,83.0,87.0,16.0,16.0,1.0,3.0,"Sion, Mumbai",32.8,24.4,28.4,67,29.0,13.9,323,1009.0,0.0
2021-04-07,74.0,80.0,14.0,11.0,1.0,3.0,"Sion, Mumbai",32.7,24.3,28.1,70,24.3,12.2,322,1009.8,0.0
2021-04-08,70.0,89.0,21.0,15.0,1.0,5.0,"Sion, Mumbai",31.0,24.9,28.1,80,19.7,9.4,278,1008.8,0.0
2021-04-09,70.0,96.0,22.0,10.0,1.0,1.0,"Sion, Mumbai",31.4,24.6,28.0,78,22.8,10.6,301,1008.2,0.0
2021-04-10,68.0,87.0,28.0,12.0,1.0,3.0,"Sion, Mumbai",31.6,24.4,28.0,77,20.8,8.6,298,1009.3,0.0
2021-04-11,72.0,87.0,20.0,16.0,1.0,3.0,"Sion, Mumbai",33.2,24.8,28.7,76,21.6,9.0,296,1010.2,0.0
2021-04-12,73.0,84.0,21.0,15.0,1.0,3.0,"Sion, Mumbai",32.2,25.6,29.0,75,22.0,9.8,287,1011.2,0.0
2021-04-13,77.0,70.0,32.0,11.0,1.0,2.0,"Sion, Mumbai",35.4,25.2,29.7,70,20.6,10.3,311,1010.2,0.0
2021-04-14,64.0,72.0,30.0,13.0,2.0,3.0,"Sion, Mumbai",35.0,26.4,29.9,69,20.6,7.3,280,1009.9,0.0
2021-04-15,68.0,67.0,15.0,11.0,1.9444444444444444,3.0,"Sion, Mumbai",33.0,26.0,28.9,76,22.0,9.5,273,1009.9,0.0
2021-04-16,60.0,64.0,15.0,9.0,1.8888888888888888,2.0,"Sion, Mumbai",31.6,24.5,28.0,77,26.4,11.8,310,1009.8,0.0
2021-04-17,55.0,71.0,21.0,10.0,1.8333333333333333,3.0,"Sion, Mumbai",32.0,25.0,28.4,79,26.0,12.3,321,1010.3,0.0
2021-04-18,67.0,69.0,16.0,8.0,2.0,2.0,"Sion, Mumbai",33.5,25.6,29.4,77,22.8,11.0,310,1010.5,0.0
2021-04-19,63.0,62.0,12.0,7.0,2.0,2.0,"Sion, Mumbai",31.9,25.4,28.8,78,20.2,11.7,256,1009.5,0.0
2021-04-20,57.0,62.0,13.0,8.0,2.0,2.0,"Sion, Mumbai",31.5,26.0,28.6,77,16.7,9.7,271,1008.9,0.0
2021-04-21,53.0,70.0,17.0,10.0,2.0,2.0,"Sion, Mumbai",31.5,25.5,28.4,77,21.6,9.9,296,1010.2,0.1
2021-04-22,58.0,75.0,19.0,14.0,2.0,3.0,"Sion, Mumbai",32.5,25.4,28.4,77,27.0,13.8,331,1010.1,0.0
2021-04-23,59.0,73.0,18.0,11.0,2.0,3.0,"Sion, Mumbai",32.5,24.7,28.2,72,23.7,11.6,310,1010.1,0.0
2021-04-24,61.0,79.0,20.0,11.0,2.0,3.0,"Sion, Mumbai",31.6,24.6,27.9,78,24.8,11.3,316,1009.6,0.0
2021-04-25,67.0,114.0,24.0,8.0,2.0,2.0,"Sion, Mumbai",32.7,24.7,28.9,79,24.5,12.8,315,1008.2,0.0
2021-04-26,92.0,110.78571428571428,24.0,9.0,2.0,2.0,"Sion, Mumbai",32.8,27.0,29.8,79,17.8,8.8,254,1008.0,0.0
2021-04-27,92.0,107.57142857142856,20.0,9.0,2.0,2.0,"Sion, Mumbai",32.7,27.4,29.7,76,19.4,9.6,253,1009.0,0.0
2021-04-28,67.0,104.35714285714286,14.0,9.0,2.0,3.0,"Sion, Mumbai",33.5,26.0,29.8,75,24.7,10.4,292,1009.8,0.0
2021-04-29,58.0,70.0,16.0,10.0,2.0,3.0,"Sion, Mumbai",33.2,26.5,29.4,79,24.3,10.7,303,1009.4,0.0
2021-04-30,59.0,70.0,19.0,8.0,2.0,2.0,"Sion, Mumbai",32.0,26.6,29.2,80,17.8,9.5,297,1008.4,0.0
2021-05-01,55.0,57.0,19.0,10.0,3.0,3.0,"Sion, Mumbai",34.0,27.2,30.0,75,22.3,11.6,322,1007.4,0.0
2021-05-02,59.0,57.0,42.0,14.0,1.0,4.0,"Sion, Mumbai",33.2,28.0,30.3,77,17.8,9.9,280,1008.0,0.0
2021-05-03,76.0,57.0,24.0,12.0,1.0,3.0,"Sion, Mumbai",33.8,27.4,30.2,75,21.7,10.1,305,1007.6,0.0
2021-05-04,61.0,57.0,14.0,9.0,1.0,3.0,"Sion, Mumbai",33.1,27.1,30.1,73,22.5,11.0,309,1007.4,0.0
2021-05-05,59.0,57.0,11.0,7.0,1.0,2.0,"Sion, Mumbai",33.0,26.0,30.0,75,24.0,11.1,300,1007.4,0.0
2021-05-06,61.0,57.0,14.0,8.0,3.0,2.0,"Sion, Mumbai",32.3,27.3,29.6,80,19.8,10.2,284,1007.9,0.0
2021-05-07,59.0,57.0,13.0,7.0,3.0,2.0,"Sion, Mumbai",32.5,27.1,29.8,77,21.3,9.8,295,1008.8,0.0
2021-05-08,52.0,57.0,15.0,6.0,3.0,3.0,"Sion, Mumbai",33.0,27.0,29.8,79,21.8,10.2,295,1007.7,0.0
2021-05-09,72.5,69.0,12.0,6.0,3.0,2.0,"Sion, Mumbai",32.3,27.6,29.8,77,19.5,9.4,269,1007.0,0.0
2021-05-10,74.0,47.0,7.0,5.0,3.0,2.0,"Sion, Mumbai",32.7,28.0,29.7,74,22.5,10.2,287,1006.9,0.0
2021-05-11,72.0,45.0,9.0,5.0,3.0,2.0,"Sion, Mumbai",32.3,27.5,29.6,73,21.3,12.0,294,1007.5,0.0
2021-05-12,55.0,55.0,12.0,6.0,3.0,2.0,"Sion, Mumbai",32.1,27.7,29.6,70,21.0,12.0,290,1006.2,0.0
2021-05-13,47.0,57.0,18.0,8.0,1.0,2.0,"Sion, Mumbai",31.6,27.6,29.4,67,19.9,10.7,281,1005.4,0.2
2021-05-14,48.0,85.0,26.0,16.0,3.0,4.0,"Sion, Mumbai",32.5,26.5,29.3,72,27.1,12.7,324,1003.4,0.0
2021-05-15,83.0,56.0,16.0,11.0,3.0,2.0,"Sion, Mumbai",35.2,27.9,31.4,64,33.7,18.9,345,1000.1,0.0
2021-05-16,51.0,37.0,12.0,5.0,2.0,1.0,"Sion, Mumbai",35.5,27.5,30.9,64,29.7,18.9,67,998.0,9.1
2021-05-17,39.0,42.0,9.0,3.0,1.0,2.0,"Sion, Mumbai",28.1,26.6,27.2,87,65.8,47.4,155,996.4,167.2
2021-05-18,43.0,41.0,17.0,8.0,1.5,3.0,"Sion, Mumbai",28.7,26.8,27.7,87,50.1,37.8,194,1002.4,18.8
2021-05-19,41.0,97.0,18.0,11.0,2.0,4.0,"Sion, Mumbai",29.0,26.3,27.5,87,34.9,21.1,210,1004.6,15.1
2021-05-20,72.0,92.0,13.0,9.0,3.0,3.0,"Sion, Mumbai",30.5,26.7,28.4,82,15.1,8.8,229,1006.6,1.2
2021-05-21,77.0,69.0,12.0,7.0,2.0,2.0,"Sion, Mumbai",30.5,26.6,28.5,81,13.0,7.3,248,1007.4,0.5
2021-05-22,62.0,60.0,13.0,7.0,2.0,2.0,"Sion, Mumbai",30.5,27.8,29.0,76,16.9,8.9,255,1007.0,1.8
2021-05-23,47.0,59.0,8.0,7.0,2.0,2.0,"Sion, Mumbai",31.0,27.8,29.1,78,16.4,8.9,291,1007.9,2.2
2021-05-24,41.0,61.0,10.0,6.0,2.0,2.0,"Sion, Mumbai",30.9,27.4,29.0,81,22.1,13.0,309,1008.7,1.1
2021-05-25,42.0,56.0,14.0,6.0,2.0,2.0,"Sion, Mumbai",30.9,27.8,29.2,77,23.4,15.7,303,1006.9,1.5
2021-05-26,42.0,47.0,12.0,3.0,2.0,1.0,"Sion, Mumbai",30.9,27.8,29.4,70,18.9,15.2,272,1006.1,0.0
2021-05-27,41.0,47.0,11.0,3.0,2.0,1.0,"Sion, Mumbai",31.3,28.3,29.6,73,22.9,19.0,255,1006.1,0.5
2021-05-28,39.0,55.0,12.0,4.0,2.0,1.0,"Sion, Mumbai",30.8,28.0,29.2,79,18.9,13.8,249,1006.4,4.2
2021-05-29,52.0,55.0,10.0,5.0,2.0,1.0,"Sion, Mumbai",30.5,27.0,28.9,82,17.5,9.9,237,1007.4,3.5
2021-05-30,52.0,56.0,8.0,10.0,2.0,2.0,"Sion, Mumbai",30.5,27.4,28.8,82,18.7,12.5,203,1007.3,2.2
2021-05-31,55.0,51.0,9.0,8.0,3.0,2.0,"Sion, Mumbai",30.1,27.2,28.6,84,17.6,12.7,207,1005.5,4.8
2021-06-01,44.0,44.0,11.0,12.0,4.0,3.0,"Sion, Mumbai",30.1,27.0,28.3,85,20.8,13.4,195,1005.7,9.5
2021-06-02,42.0,51.0,25.0,13.0,3.0,3.0,"Sion, Mumbai",29.8,26.9,28.1,86,14.3,8.2,201,1006.5,5.7
2021-06-03,49.0,43.0,13.0,14.0,3.0,2.0,"Sion, Mumbai",30.6,27.2,28.9,83,15.2,8.2,209,1007.0,0.5
2021-06-04,46.0,56.0,17.0,17.0,3.0,3.0,"Sion, Mumbai",30.6,27.0,28.7,83,15.0,9.4,196,1007.9,4.4
2021-06-05,51.0,35.0,15.0,10.0,3.0,2.0,"Sion, Mumbai",29.1,25.9,27.5,85,14.0,9.0,185,1007.1,7.9
2021-06-06,33.0,37.0,11.0,8.0,3.0,2.0,"Sion, Mumbai",29.5,25.9,27.7,83,17.4,10.3,215,1007.4,9.7
2021-06-07,32.0,37.0,9.0,10.0,4.0,3.0,"Sion, Mumbai",29.0,26.4,27.5,86,17.7,12.6,211,1007.9,11.5
2021-06-08,38.0,21.0,7.0,12.0,4.0,4.0,"Sion, Mumbai",28.3,26.4,27.1,90,15.2,11.9,227,1007.0,31.8
2021-06-09,23.0,23.0,10.0,8.0,4.0,3.0,"Sion, Mumbai",28.5,26.0,27.1,89,18.1,14.4,248,1005.9,29.2
2021-06-10,21.0,26.0,7.0,10.0,5.0,3.0,"Sion, Mumbai",28.4,26.3,27.2,88,20.3,16.8,233,1005.2,30.6
2021-06-11,26.0,23.0,14.0,9.0,5.0,3.0,"Sion, Mumbai",28.6,26.5,27.4,88,23.9,19.8,225,1004.3,23.5
2021-06-12,25.0,36.0,11.0,6.0,7.0,3.0,"Sion, Mumbai",28.6,26.0,27.1,89,19.9,15.0,239,1004.1,16.1
2021-06-13,37.0,58.0,10.0,5.0,4.0,2.0,"Sion, Mumbai",28.9,26.5,27.5,88,20.2,15.2,232,1004.0,10.0
2021-06-14,86.0,43.0,7.0,7.0,4.0,3.0,"Sion, Mumbai",28.8,26.4,27.4,89,21.8,15.8,222,1002.9,6.4
2021-06-15,68.0,30.0,8.0,11.0,4.0,3.0,"Sion, Mumbai",28.0,26.2,27.0,88,23.5,18.2,216,1001.9,7.5
2021-06-16,51.0,52.0,6.0,9.0,5.0,3.0,"Sion, Mumbai",27.3,26.0,26.7,91,24.0,20.2,216,1002.3,16.8
2021-06-17,70.0,68.0,8.0,5.0,5.0,2.0,"Sion, Mumbai",27.4,25.5,26.4,90,26.9,22.0,212,1003.5,20.1
2021-06-18,95.0,47.0,12.0,10.0,4.0,3.0,"Sion, Mumbai",27.7,25.5,26.4,89,31.3,23.3,226,1004.5,21.3
2021-06-19,67.0,103.0,9.0,5.0,4.0,2.0,"Sion, Mumbai",26.8,25.4,26.0,89,25.3,22.6,221,1006.5,18.2
2021-06-20,83.0,85.0,7.0,7.0,5.0,3.0,"Sion, Mumbai",28.9,25.5,26.9,87,24.6,19.0,230,1007.3,9.6
2021-06-21,65.0,75.0,7.0,5.0,5.0,2.0,"Sion, Mumbai",29.0,25.5,27.4,85,17.7,14.6,239,1007.9,6.9
2021-06-22,100.0,74.0,7.0,5.0,16.0,2.0,"Sion, Mumbai",28.6,26.2,27.6,85,15.7,12.7,252,1007.5,4.8
2021-06-23,101.0,60.0,9.0,4.0,4.0,2.0,"Sion, Mumbai",28.0,26.5,27.1,88,16.5,11.9,233,1007.2,5.7
2021-06-24,60.0,61.0,13.0,9.0,4.0,3.0,"Sion, Mumbai",27.5,25.4,26.5,90,20.4,15.0,228,1007.6,9.4
2021-06-25,80.0,61.0,8.0,8.0,5.0,4.0,"Sion, Mumbai",26.7,25.8,26.3,92,16.4,13.6,247,1006.7,28.7
2021-06-26,80.0,42.0,5.0,9.0,5.0,3.0,"Sion, Mumbai",29.5,26.1,27.8,82,19.1,13.5,271,1006.5,2.6
2021-06-27,45.0,46.0,12.0,9.0,6.0,4.0,"Sion, Mumbai",28.4,26.6,27.5,84,17.8,8.6,298,1008.0,9.3
2021-06-28,111.0,43.0,12.0,8.0,6.0,3.0,"Sion, Mumbai",27.5,25.5,26.4,89,11.5,6.3,294,1007.2,21.9
2021-06-29,60.0,47.0,6.0,6.0,6.0,3.0,"Sion, Mumbai",29.1,25.8,27.5,86,16.3,10.0,222,1006.6,2.1
2021-06-30,78.0,51.0,6.0,3.0,6.0,2.0,"Sion, Mumbai",28.6,26.6,27.7,88,17.8,13.0,233,1006.6,3.9
2021-07-01,64.0,51.0,7.0,4.0,5.0,2.0,"Sion, Mumbai",29.7,27.5,28.4,79,24.0,17.4,246,1005.0,4.4
2021-07-02,48.0,51.0,7.0,3.0,5.0,2.0,"Sion, Mumbai",29.9,27.0,28.3,80,24.1,20.7,227,1005.5,1.8
2021-07-03,53.0,55.0,8.0,5.0,5.0,3.0,"Sion, Mumbai",29.5,26.6,28.0,84,20.3,15.7,228,1006.5,3.1
2021-07-04,69.0,60.0,7.0,7.0,5.0,3.0,"Sion, Mumbai",28.8,26.9,27.9,85,14.3,10.6,241,1007.1,2.6
2021-07-05,67.0,65.0,6.0,8.0,6.0,3.0,"Sion, Mumbai",29.0,26.5,27.9,85,14.1,7.7,256,1006.9,1.7
2021-07-06,95.0,68.0,5.0,7.0,6.0,3.0,"Sion, Mumbai",29.2,26.2,28.0,85,15.2,6.7,266,1005.7,1.0
2021-07-07,89.0,48.0,3.0,10.0,6.0,4.0,"Sion, Mumbai",29.6,26.5,28.4,83,15.5,9.0,290,1005.6,1.5
2021-07-08,93.0,41.0,10.0,11.0,5.0,3.0,"Sion, Mumbai",28.9,26.8,27.6,88,16.2,10.6,260,1005.6,9.8
2021-07-09,81.0,69.0,7.0,12.0,6.0,3.0,"Sion, Mumbai",28.6,26.6,27.4,86,15.0,9.7,253,1003.7,5.5
2021-07-10,53.0,24.0,9.0,8.0,5.0,1.0,"Sion, Mumbai",27.0,26.0,26.5,91,17.8,8.7,263,1002.7,54.8
2021-07-11,28.0,50.0,10.0,6.0,5.0,1.0,"Sion, Mumbai",28.8,25.9,27.2,88,16.2,8.7,237,1001.3,17.8
2021-07-12,71.0,33.0,9.0,9.0,13.0,1.0,"Sion, Mumbai",28.2,26.0,27.0,90,40.2,21.9,231,999.5,46.3
2021-07-13,58.0,43.0,26.0,11.0,5.0,4.0,"Sion, Mumbai",28.1,26.1,26.8,90,26.7,20.6,235,1001.4,41.9
2021-07-14,71.0,24.0,9.0,11.0,5.0,1.0,"Sion, Mumbai",27.4,26.0,26.4,91,26.4,19.5,244,1002.3,38.7
2021-07-15,54.0,25.0,9.0,9.0,4.0,1.0,"Sion, Mumbai",28.0,26.0,26.9,88,26.5,16.6,241,1001.0,34.0
2021-07-16,44.0,22.0,8.0,10.0,4.0,1.0,"Sion, Mumbai",28.4,25.6,26.7,90,34.6,20.2,226,1003.8,36.9
2021-07-17,26.0,35.0,8.0,8.0,4.0,1.0,"Sion, Mumbai",27.9,26.0,27.0,89,30.8,16.8,256,1005.5,39.4
2021-07-18,36.0,38.0,9.0,8.0,4.0,1.0,"Sion, Mumbai",27.9,26.2,27.0,90,23.6,19.0,285,1004.7,22.7
2021-07-19,37.0,49.0,9.0,5.0,4.0,1.0,"Sion, Mumbai",27.4,26.0,26.5,92,24.9,20.5,268,1004.2,56.6
2021-07-20,84.0,43.0,10.0,3.0,4.0,1.0,"Sion, Mumbai",27.5,26.0,26.5,90,24.6,21.5,246,1006.2,28.2
2021-07-21,106.0,53.0,9.0,6.0,4.0,1.0,"Sion, Mumbai",27.2,26.0,26.7,89,36.5,29.0,254,1005.0,33.4
2021-07-22,102.0,50.0,9.0,7.0,4.0,1.0,"Sion, Mumbai",27.6,26.1,26.9,87,37.4,28.9,265,1002.3,23.7
2021-07-23,97.0,50.0,9.0,6.0,4.0,1.0,"Sion, Mumbai",27.1,25.6,26.2,89,27.8,23.8,258,1002.3,22.7
2021-07-24,66.0,50.0,10.0,5.0,4.0,1.0,"Sion, Mumbai",28.0,25.9,26.8,88,27.2,19.9,259,1003.7,11.8
2021-07-25,57.0,51.0,10.0,3.0,4.0,1.0,"Sion, Mumbai",28.5,25.5,26.5,90,26.8,21.2,249,1004.7,14.7
2021-07-26,88.0,46.0,11.0,4.0,4.0,1.0,"Sion, Mumbai",28.4,25.4,26.7,87,30.1,25.1,244,1005.1,12.0
2021-07-27,69.0,47.0,11.0,4.0,3.0,1.0,"Sion, Mumbai",28.0,25.6,26.9,85,29.4,25.3,234,1004.5,7.9
2021-07-28,86.0,49.0,9.0,4.0,3.0,1.0,"Sion, Mumbai",28.3,26.4,27.2,83,32.5,27.1,235,1004.9,11.8
2021-07-29,91.0,50.0,10.0,4.0,4.0,1.0,"Sion, Mumbai",28.7,26.2,27.2,84,33.7,27.7,240,1006.1,9.8
2021-07-30,100.0,47.0,9.0,5.0,4.0,1.0,"Sion, Mumbai",28.2,26.5,27.4,83,31.8,27.1,249,1006.8,10.7
2021-07-31,90.0,42.0,9.0,4.0,3.0,1.0,"Sion, Mumbai",28.6,26.5,27.5,81,32.7,28.7,257,1007.8,3.1
2021-08-01,62.0,43.0,9.0,6.0,3.0,1.0,"Sion, Mumbai",28.1,26.2,27.2,80,33.5,28.8,255,1006.6,3.9
2021-08-02,84.0,38.0,7.0,6.0,3.0,2.0,"Sion, Mumbai",27.9,25.9,26.8,84,27.7,24.3,249,1006.7,5.8
2021-08-03,60.0,45.0,8.0,4.0,3.0,1.0,"Sion, Mumbai",27.1,25.3,26.3,89,26.1,22.9,242,1007.9,9.9
2021-08-04,85.0,50.0,8.0,5.0,4.0,2.0,"Sion, Mumbai",27.4,25.6,26.7,87,27.1,23.7,244,1007.9,4.4
2021-08-05,70.0,53.0,8.5,5.0,4.0,2.0,"Sion, Mumbai",28.2,25.6,26.9,86,26.7,22.3,253,1006.1,4.7
2021-08-06,93.0,55.0,9.0,6.0,4.0,2.0,"Sion, Mumbai",28.1,26.2,27.0,85,24.9,19.5,256,1005.3,4.9
2021-08-07,100.0,54.0,8.0,6.0,4.0,2.0,"Sion, Mumbai",28.0,25.5,26.7,88,17.1,14.0,245,1006.1,3.7
2021-08-08,75.0,54.0,11.0,6.0,4.0,2.0,"Sion, Mumbai",27.7,25.2,26.5,89,15.0,11.6,218,1007.3,2.9
2021-08-09,72.0,49.0,10.0,7.0,4.0,3.0,"Sion, Mumbai",28.0,25.6,26.9,86,19.7,12.7,223,1008.4,3.6
2021-08-10,93.0,40.0,9.0,6.0,5.0,2.0,"Sion, Mumbai",27.6,25.8,26.6,87,18.8,12.7,232,1008.4,4.2
2021-08-11,87.0,52.0,6.0,11.0,5.0,3.0,"Sion, Mumbai",27.8,25.5,26.6,86,17.9,13.5,250,1008.4,6.5
2021-08-12,102.0,45.0,8.0,8.0,5.0,1.0,"Sion, Mumbai",28.0,25.6,26.8,86,17.4,13.9,261,1009.1,4.3
2021-08-13,65.0,40.0,8.0,7.0,4.0,2.0,"Sion, Mumbai",27.8,25.9,26.7,86,20.2,15.3,257,1008.1,3.5
2021-08-14,86.0,34.0,2.0,15.0,4.0,3.0,"Sion, Mumbai",27.1,25.0,26.1,88,19.6,15.7,246,1006.5,8.7
2021-08-15,55.0,44.0,4.0,17.0,5.0,4.0,"Sion, Mumbai",27.0,24.6,25.9,89,17.4,12.3,236,1006.6,7.2
2021-08-16,92.0,51.0,7.0,12.0,5.0,2.0,"Sion, Mumbai",27.5,25.2,26.4,88,14.0,9.4,237,1007.7,3.3
2021-08-17,66.0,30.0,2.0,14.0,5.0,2.0,"Sion, Mumbai",26.5,25.5,26.1,89,10.9,6.8,243,1007.8,12.8
2021-08-18,45.0,29.0,1.0,9.0,5.0,3.0,"Sion, Mumbai",26.1,25.4,25.8,93,13.4,8.9,262,1006.3,15.5
2021-08-19,78.0,30.0,5.0,3.0,6.0,4.0,"Sion, Mumbai",26.0,25.1,25.5,92,17.6,11.8,263,1006.0,26.8
2021-08-20,54.0,30.0,6.0,2.0,5.0,3.0,"Sion, Mumbai",27.2,25.4,26.1,87,17.7,11.3,268,1006.4,26.1
2021-08-21,40.0,51.0,7.0,2.0,6.0,3.0,"Sion, Mumbai",25.9,25.0,25.5,92,23.8,15.2,243,1007.5,56.9
2021-08-22,63.0,50.0,6.0,1.0,7.0,2.0,"Sion, Mumbai",27.2,25.2,26.2,89,15.3,11.4,222,1008.0,2.7
2021-08-23,59.0,49.0,6.0,1.0,7.0,2.0,"Sion, Mumbai",28.4,25.1,26.6,87,16.3,10.1,212,1007.9,2.2
2021-08-24,84.0,53.0,2.0,1.6666666666666663,6.0,3.0,"Sion, Mumbai",28.0,25.6,26.8,88,15.5,9.7,226,1007.8,1.3
2021-08-25,94.0,44.0,1.0,2.333333333333333,6.0,2.0,"Sion, Mumbai",27.6,26.0,26.8,87,18.4,9.9,243,1006.9,2.0
2021-08-26,85.0,49.0,2.0,3.0,6.0,2.0,"Sion, Mumbai",27.6,26.0,26.7,87,18.8,12.2,229,1005.4,3.2
2021-08-27,66.0,95.0,2.0,5.0,7.0,2.0,"Sion, Mumbai",28.0,25.6,26.6,87,12.9,10.3,226,1004.9,2.5
2021-08-28,137.0,60.0,2.0,7.0,4.0,2.0,"Sion, Mumbai",27.8,25.6,26.6,85,15.9,9.3,222,1004.0,0.8
2021-08-29,75.0,66.0,1.0,5.0,4.0,3.0,"Sion, Mumbai",28.0,25.0,26.7,86,13.4,7.0,262,1003.7,1.1
2021-08-30,110.0,34.0,2.0,6.0,4.0,3.0,"Sion, Mumbai",27.0,26.1,26.7,87,14.8,9.2,300,1005.1,6.5
2021-08-31,60.0,52.0,13.0,5.0,4.0,3.0,"Sion, Mumbai",26.8,25.6,26.1,90,18.5,12.4,288,1005.1,41.5
2021-09-01,76.0,50.0,3.0,4.0,4.0,2.0,"Sion, Mumbai",27.2,25.5,26.3,90,21.1,16.9,235,1005.7,18.7
2021-09-02,49.0,29.0,3.0,6.0,8.0,3.0,"Sion, Mumbai",27.7,25.6,26.6,88,25.6,20.7,217,1005.6,6.8
2021-09-03,76.0,28.0,4.0,5.0,12.0,4.0,"Sion, Mumbai",27.1,25.2,26.2,90,21.4,17.0,214,1005.4,10.5
2021-09-04,77.0,44.0,2.0,5.0,10.0,5.0,"Sion, Mumbai",27.6,25.2,26.3,90,15.9,12.3,235,1005.9,17.1
2021-09-05,63.0,37.0,5.0,6.0,9.0,4.0,"Sion, Mumbai",27.1,25.5,26.2,91,13.7,10.0,255,1006.1,11.7
2021-09-06,80.0,33.0,4.0,14.0,8.0,4.0,"Sion, Mumbai",27.8,25.5,26.6,88,18.1,11.3,288,1005.2,8.4
2021-09-07,83.0,19.0,7.0,11.0,8.0,3.0,"Sion, Mumbai",27.0,25.3,26.1,91,14.4,6.9,329,1003.4,33.6
2021-09-08,66.0,28.0,5.0,6.0,7.0,2.0,"Sion, Mumbai",27.6,25.8,26.6,89,38.1,26.8,237,1002.6,94.7
2021-09-09,72.0,32.0,5.0,5.0,6.0,2.0,"Sion, Mumbai",28.2,25.9,27.0,87,34.3,27.2,234,1006.2,7.5
2021-09-10,48.0,25.0,4.0,6.0,6.0,2.0,"Sion, Mumbai",27.6,25.4,26.6,88,28.2,23.3,227,1006.5,9.5
2021-09-11,63.0,20.0,8.0,10.0,6.0,3.0,"Sion, Mumbai",27.4,25.8,26.4,91,29.1,23.1,222,1004.3,56.6
2021-09-12,35.0,176.0,9.0,8.0,6.0,3.0,"Sion, Mumbai",27.5,25.8,26.5,90,24.7,19.2,242,1002.6,54.3
2021-09-13,47.0,126.0,7.0,8.0,5.0,3.0,"Sion, Mumbai",27.3,26.1,26.7,89,27.0,23.4,257,1002.0,18.6
2021-09-14,64.0,76.0,5.0,7.0,5.0,3.0,"Sion, Mumbai",28.2,26.5,27.1,84,25.8,22.8,247,1003.0,5.7
2021-09-15,65.0,61.0,6.0,6.0,5.0,3.0,"Sion, Mumbai",27.5,25.7,26.6,86,26.6,22.9,214,1004.3,6.2
2021-09-16,91.0,54.0,6.0,7.0,6.0,3.0,"Sion, Mumbai",28.5,25.7,26.8,84,26.2,21.3,210,1005.6,3.1
2021-09-17,93.0,49.0,5.0,8.0,6.0,3.0,"Sion, Mumbai",28.3,25.9,26.9,83,23.4,17.0,219,1006.0,2.7
2021-09-18,61.0,28.0,5.0,9.0,7.0,3.0,"Sion, Mumbai",27.1,25.5,26.3,88,20.2,15.4,209,1007.7,3.6
2021-09-19,39.0,27.0,4.0,11.0,8.0,4.0,"Sion, Mumbai",27.0,25.4,26.3,90,19.1,13.1,212,1009.5,6.4
2021-09-20,38.0,25.0,3.0,10.0,8.0,5.0,"Sion, Mumbai",27.4,25.4,26.6,89,14.4,10.3,244,1008.8,7.5
2021-09-21,31.0,39.0,2.0,11.0,8.0,6.0,"Sion, Mumbai",27.1,25.6,26.2,90,15.1,11.6,266,1007.8,15.7
2021-09-22,41.0,54.0,5.0,11.0,10.0,7.0,"Sion, Mumbai",26.8,25.1,25.9,92,18.0,11.9,279,1006.2,16.4
2021-09-23,58.0,58.0,5.0,9.0,9.0,5.0,"Sion, Mumbai",27.1,25.1,26.3,90,15.8,8.2,237,1006.2,5.5
2021-09-24,57.0,74.0,3.0,9.0,10.0,7.0,"Sion, Mumbai",28.1,25.5,26.8,86,16.5,10.1,228,1007.2,2.5
2021-09-25,70.0,63.0,2.0,11.0,10.0,6.0,"Sion, Mumbai",27.9,25.0,26.6,86,14.3,8.6,237,1007.5,1.6
2021-09-26,56.0,50.0,4.0,11.0,10.0,6.0,"Sion, Mumbai",28.0,25.4,26.7,85,14.8,6.5,283,1005.7,3.2
2021-09-27,51.0,45.0,4.0,10.0,10.0,6.0,"Sion, Mumbai",26.8,25.2,26.2,87,11.0,6.2,287,1004.3,5.7
2021-09-28,44.0,25.0,6.0,8.0,9.0,4.0,"Sion, Mumbai",26.7,25.0,25.9,90,19.9,12.0,230,1003.7,13.3
2021-09-29,26.0,36.0,5.0,11.0,9.0,4.0,"Sion, Mumbai",27.9,25.5,26.5,89,28.3,24.8,212,1004.6,31.4
2021-09-30,45.0,59.0,5.0,9.0,8.0,6.0,"Sion, Mumbai",27.8,25.2,26.5,88,24.6,20.0,186,1007.9,5.0
2021-10-01,91.0,76.0,8.0,13.0,8.0,8.0,"Sion, Mumbai",28.7,25.5,27.1,88,16.3,9.0,201,1008.7,0.4
2021-10-02,96.0,67.0,18.0,15.0,9.0,7.0,"Sion, Mumbai",28.9,25.2,27.2,88,17.0,7.8,348,1008.3,1.7
2021-10-03,77.0,70.0,11.0,16.0,9.0,7.0,"Sion, Mumbai",30.1,25.5,27.7,88,18.9,9.3,337,1007.7,0.0
2021-10-04,113.0,67.0,12.0,15.0,9.0,7.0,"Sion, Mumbai",30.5,26.5,28.1,87,18.6,9.6,333,1007.1,0.4
2021-10-05,93.0,107.0,25.0,19.0,9.0,6.0,"Sion, Mumbai",30.6,26.4,28.2,87,19.6,10.5,346,1007.2,0.1
2021-10-06,165.0,81.0,13.0,20.0,6.0,6.0,"Sion, Mumbai",31.0,26.5,28.4,88,13.0,7.2,25,1006.5,5.5
2021-10-07,124.0,157.0,8.0,13.0,6.0,4.0,"Sion, Mumbai",31.6,26.3,28.5,86,13.1,7.3,11,1005.7,0.8
2021-10-08,98.0,43.0,4.0,9.0,1.0,4.0,"Sion, Mumbai",29.2,25.4,27.2,87,16.9,10.6,176,1007.0,8.4
2021-10-09,49.0,47.0,4.0,11.0,3.0,5.0,"Sion, Mumbai",28.7,26.1,27.3,86,14.8,8.2,187,1008.4,3.6
2021-10-10,56.0,59.0,8.0,13.0,14.0,7.0,"Sion, Mumbai",28.9,26.2,27.4,85,11.4,6.5,196,1008.4,5.4
2021-10-11,121.0,121.0,19.0,20.0,4.0,8.0,"Sion, Mumbai",29.0,25.3,26.9,88,15.7,6.3,341,1006.9,10.5
2021-10-12,169.0,88.0,26.0,14.0,5.0,8.0,"Sion, Mumbai",29.6,25.3,27.7,87,14.1,6.4,355,1006.2,0.0
2021-10-13,159.0,112.0,18.0,11.0,6.0,10.0,"Sion, Mumbai",30.8,25.9,28.1,87,15.2,5.9,338,1005.9,0.4
2021-10-14,174.0,112.0,16.0,15.0,5.0,8.0,"Sion, Mumbai",31.1,26.0,28.6,81,19.8,9.2,343,1005.4,0.0
2021-10-15,165.0,109.0,33.0,15.0,3.0,8.0,"Sion, Mumbai",32.5,25.1,28.4,72,21.4,10.0,0,1003.4,0.0
2021-10-16,178.0,130.0,35.0,18.0,2.0,10.0,"Sion, Mumbai",31.1,25.0,27.8,71,20.3,11.1,346,1002.7,0.0
2021-10-17,163.0,77.0,23.0,12.0,1.0,5.0,"Sion, Mumbai",30.4,24.8,27.6,73,19.0,10.3,318,1003.8,0.0
2021-10-18,123.0,80.0,15.0,6.0,1.0,6.0,"Sion, Mumbai",30.0,26.0,28.2,79,20.8,12.7,294,1007.0,1.0
2021-10-19,115.0,79.0,14.0,8.0,1.0,6.0,"Sion, Mumbai",29.2,25.1,27.2,79,14.4,8.1,306,1010.8,0.8
2021-10-20,105.0,96.0,32.0,12.0,1.0,8.0,"Sion, Mumbai",29.6,24.4,26.6,84,21.0,10.7,345,1012.7,0.0
2021-10-21,122.0,112.0,20.0,11.0,3.0,10.0,"Sion, Mumbai",30.9,23.6,27.1,80,20.6,10.8,349,1012.4,0.0
2021-10-22,135.0,77.0,20.0,9.0,1.0,6.0,"Sion, Mumbai",32.1,23.5,27.4,73,16.5,10.3,348,1012.3,0.0
2021-10-23,102.0,57.0,16.0,6.0,1.0,5.0,"Sion, Mumbai",30.9,23.8,26.8,77,20.4,11.6,344,1012.7,0.0
2021-10-24,69.0,60.0,13.0,6.0,1.0,6.0,"Sion, Mumbai",29.3,23.5,26.3,80,19.4,10.5,348,1013.3,0.0
2021-10-25,69.0,92.0,28.0,11.0,1.0,9.0,"Sion, Mumbai",30.0,23.6,26.4,80,22.9,12.8,350,1012.4,0.0
2021-10-26,113.0,96.0,23.0,13.0,2.0,8.0,"Sion, Mumbai",31.5,23.6,27.1,75,18.3,10.4,346,1010.8,0.0
2021-10-27,118.0,92.0,21.0,15.0,2.0,7.0,"Sion, Mumbai",32.8,23.5,27.5,67,24.3,12.4,358,1011.1,0.0
2021-10-28,125.0,91.0,16.0,16.0,2.0,7.0,"Sion, Mumbai",33.3,23.5,27.8,62,24.5,13.6,21,1011.5,0.0
2021-10-29,150.0,93.0,29.0,17.0,2.0,7.0,"Sion, Mumbai",33.0,24.2,27.7,50,24.4,15.3,20,1012.5,0.0
2021-10-30,177.0,104.0,47.0,18.0,2.0,9.0,"Sion, Mumbai",32.8,24.2,27.5,50,22.0,15.4,11,1012.8,0.0
2021-10-31,159.0,156.0,55.0,15.0,4.0,12.0,"Sion, Mumbai",32.2,24.2,27.4,58,21.4,11.9,0,1011.8,0.0
2021-11-01,192.0,116.0,30.0,13.0,4.0,10.0,"Sion, Mumbai",31.4,23.1,27.1,70,16.7,8.6,342,1010.5,0.0
2021-11-02,199.0,104.0,19.0,14.0,4.0,10.0,"Sion, Mumbai",32.5,23.6,27.6,70,16.1,9.5,357,1010.0,0.0
2021-11-03,211.0,107.0,32.0,13.0,3.0,8.0,"Sion, Mumbai",33.0,24.2,27.8,64,27.1,11.8,358,1010.1,0.0
2021-11-04,167.0,95.0,27.0,7.0,2.0,7.0,"Sion, Mumbai",31.7,25.1,27.8,64,17.4,9.1,354,1009.7,0.0
2021-11-05,183.0,79.0,11.0,8.0,2.0,7.0,"Sion, Mumbai",31.8,24.1,27.8,73,17.5,10.8,329,1009.6,12.1
2021-11-06,145.0,77.0,20.0,8.0,2.0,7.0,"Sion, Mumbai",30.4,24.3,26.6,80,17.4,8.8,22,1009.1,0.3
2021-11-07,124.0,96.0,31.0,11.0,2.0,8.0,"Sion, Mumbai",29.2,24.1,26.6,77,13.8,8.2,2,1008.6,0.0
2021-11-08,211.0,112.0,19.0,12.0,3.0,11.0,"Sion, Mumbai",31.1,23.6,27.0,70,17.7,10.3,344,1010.1,0.0
2021-11-09,171.0,99.0,20.0,14.0,2.0,9.0,"Sion, Mumbai",32.3,21.8,26.3,65,19.3,10.6,8,1011.0,0.0
2021-11-10,217.0,100.0,20.0,13.0,2.0,9.0,"Sion, Mumbai",32.3,22.0,26.3,59,22.8,13.4,12,1010.3,0.0
2021-11-11,162.0,102.0,26.0,15.0,2.0,10.0,"Sion, Mumbai",32.2,21.6,26.3,52,21.5,14.4,23,1008.8,0.0
2021-11-12,186.0,101.0,21.0,12.0,2.0,9.0,"Sion, Mumbai",31.5,22.4,26.4,51,25.1,14.3,2,1008.4,0.0
2021-11-13,167.0,107.0,21.0,8.0,1.0,10.0,"Sion, Mumbai",32.0,24.3,27.2,60,22.1,13.3,352,1008.2,0.0
2021-11-14,160.0,107.0,27.0,15.0,2.0,11.0,"Sion, Mumbai",31.8,24.0,27.6,69,19.8,11.3,346,1007.9,0.0
2021-11-15,193.0,169.0,13.0,27.0,9.0,11.0,"Sion, Mumbai",31.8,24.8,27.7,67,24.2,12.6,341,1006.6,0.0
2021-11-16,282.0,75.0,16.0,17.0,7.0,7.0,"Sion, Mumbai",33.0,24.9,28.0,70,21.3,11.8,352,1006.0,0.0
2021-11-17,163.0,53.0,15.0,15.0,4.0,3.0,"Sion, Mumbai",31.5,24.5,27.6,77,18.7,8.1,57,1007.6,3.0
2021-11-18,104.0,66.0,35.0,16.0,4.0,4.0,"Sion, Mumbai",29.6,23.9,26.4,84,14.7,6.9,353,1008.1,5.0
2021-11-19,161.0,80.0,14.0,18.0,3.0,3.0,"Sion, Mumbai",31.0,24.0,26.8,85,16.6,7.1,9,1005.8,0.8
2021-11-20,123.0,45.0,11.0,9.0,2.0,2.0,"Sion, Mumbai",32.0,24.8,27.9,80,14.3,8.0,32,1005.0,0.5
2021-11-21,62.0,41.0,6.0,11.0,1.0,1.0,"Sion, Mumbai",32.5,25.3,27.6,80,20.7,10.5,119,1007.8,5.0
2021-11-22,99.0,58.0,4.0,8.0,1.0,3.0,"Sion, Mumbai",28.6,25.2,27.0,85,12.3,7.2,315,1011.2,0.8
2021-11-23,98.0,81.0,9.0,13.0,2.0,5.0,"Sion, Mumbai",30.1,25.1,27.3,86,19.5,8.9,334,1010.6,0.0
2021-11-24,161.0,98.0,9.0,17.0,2.0,6.0,"Sion, Mumbai",31.5,25.8,28.0,81,20.3,10.0,345,1010.3,0.0
2021-11-25,154.0,100.0,16.0,22.0,2.0,6.0,"Sion, Mumbai",32.5,25.0,27.9,75,18.3,9.2,352,1010.8,0.0
2021-11-26,159.0,103.0,15.0,20.0,2.0,7.0,"Sion, Mumbai",32.2,23.8,27.4,73,16.5,8.7,350,1011.4,0.0
2021-11-27,187.0,116.0,10.0,16.0,3.0,7.0,"Sion, Mumbai",32.5,23.4,27.0,72,19.5,9.2,1,1011.2,0.0
2021-11-28,155.0,131.0,15.0,20.0,2.0,7.0,"Sion, Mumbai",32.2,22.8,26.5,67,16.2,9.0,27,1011.9,0.0
2021-11-29,157.0,107.0,15.0,21.0,2.0,5.0,"Sion, Mumbai",32.4,22.0,26.3,62,16.6,10.0,39,1012.0,0.0
2021-11-30,185.0,76.0,8.0,21.0,2.0,4.0,"Sion, Mumbai",32.2,24.2,27.3,64,16.1,8.2,25,1011.1,0.1
2021-12-01,132.0,54.0,16.0,20.0,1.0,6.0,"Sion, Mumbai",25.0,21.0,23.2,83,23.8,12.5,30,1011.2,41.4
2021-12-02,130.0,68.0,11.0,16.0,2.0,6.0,"Sion, Mumbai",25.2,20.0,22.7,89,29.1,14.2,89,1010.0,62.3
2021-12-03,127.0,83.0,8.0,16.0,3.0,8.0,"Sion, Mumbai",26.8,22.5,24.5,88,11.3,7.0,134,1011.4,1.6
2021-12-04,121.0,95.0,8.0,11.0,4.0,10.0,"Sion, Mumbai",27.4,22.2,24.6,88,12.9,6.7,101,1011.9,0.4
2021-12-05,121.0,94.0,15.0,19.0,3.0,7.0,"Sion, Mumbai",26.5,21.8,24.1,88,9.2,5.7,3,1012.5,0.0
2021-12-06,169.0,122.0,15.0,22.0,3.0,8.0,"Sion, Mumbai",28.8,21.8,24.8,82,17.0,9.3,0,1012.2,0.0
2021-12-07,170.0,119.0,12.0,25.0,3.0,7.0,"Sion, Mumbai",29.8,22.2,25.5,75,16.4,10.3,13,1012.3,0.0
2021-12-08,187.0,109.0,18.0,25.0,3.0,6.0,"Sion, Mumbai",30.9,22.2,25.8,70,18.2,10.8,21,1012.4,0.0
2021-12-09,167.0,110.0,15.0,25.0,3.0,6.0,"Sion, Mumbai",29.8,23.0,25.9,70,17.0,11.0,7,1013.8,0.0
2021-12-10,187.0,97.0,19.0,28.0,3.0,6.5,"Sion, Mumbai",31.0,22.8,25.9,70,17.2,11.0,21,1014.4,0.0
2021-12-11,162.0,107.0,23.0,24.0,5.0,7.0,"Sion, Mumbai",30.8,22.2,25.5,74,17.7,9.6,14,1013.9,0.0
2021-12-12,155.0,109.0,18.0,26.0,5.0,8.0,"Sion, Mumbai",31.6,21.5,25.5,73,16.4,9.8,30,1013.8,0.0
2021-12-13,175.0,117.0,23.0,21.0,5.0,8.0,"Sion, Mumbai",29.0,21.4,24.7,73,16.2,8.4,353,1013.4,0.0
2021-12-14,164.0,114.0,29.0,28.0,4.0,7.0,"Sion, Mumbai",28.5,20.0,23.6,75,19.5,11.1,351,1013.2,0.0
2021-12-15,190.0,133.0,29.0,32.0,3.0,10.0,"Sion, Mumbai",27.1,19.8,23.3,79,16.1,9.3,343,1013.4,0.0
2021-12-16,211.0,126.0,30.0,39.0,1.0,8.0,"Sion, Mumbai",27.9,20.4,23.6,81,18.4,9.6,345,1014.2,0.0
2021-12-17,177.0,126.0,36.0,35.0,1.0,8.0,"Sion, Mumbai",27.9,21.0,23.9,77,18.7,11.1,347,1014.7,0.0
2021-12-18,197.0,115.0,36.0,32.0,1.0,7.0,"Sion, Mumbai",29.0,19.9,24.1,73,17.9,10.0,353,1014.4,0.0
2021-12-19,169.0,109.0,35.0,32.0,2.0,6.0,"Sion, Mumbai",29.9,20.0,24.0,71,19.3,10.6,18,1014.9,0.0
2021-12-20,157.0,106.0,39.0,34.0,3.0,6.0,"Sion, Mumbai",29.6,19.6,23.6,73,17.4,9.3,4,1014.8,0.0
2021-12-21,153.0,131.0,32.0,36.0,1.0,11.0,"Sion, Mumbai",28.0,18.8,23.1,75,14.8,7.5,348,1014.7,0.0
2021-12-22,157.0,139.0,39.0,36.0,3.0,11.0,"Sion, Mumbai",27.6,18.8,23.3,76,14.8,8.6,333,1013.3,0.0
2021-12-23,155.0,121.0,23.0,28.0,2.0,9.0,"Sion, Mumbai",27.4,19.5,22.9,77,14.5,8.4,343,1012.8,0.0
2021-12-24,121.0,84.0,31.0,21.0,1.0,5.0,"Sion, Mumbai",25.9,18.9,22.2,84,16.1,8.7,340,1013.3,0.0
2021-12-25,107.0,106.0,32.0,32.0,1.0,6.0,"Sion, Mumbai",25.8,18.2,21.9,83,16.1,9.1,350,1014.0,0.0
2021-12-26,144.0,109.0,24.0,34.0,1.0,8.0,"Sion, Mumbai",27.8,18.2,22.7,79,19.4,10.9,348,1014.5,0.0
2021-12-27,144.0,112.0,26.0,31.0,1.0,8.0,"Sion, Mumbai",28.7,19.0,23.2,75,15.8,9.1,351,1014.1,0.0
2021-12-28,148.0,94.0,19.0,27.0,2.0,6.0,"Sion, Mumbai",27.6,19.1,23.0,76,22.7,11.1,341,1013.5,0.0
2021-12-29,118.0,97.0,21.0,25.0,1.0,5.0,"Sion, Mumbai",27.4,20.0,23.0,69,22.0,14.9,353,1013.8,0.0
2021-12-30,126.0,104.0,16.0,24.0,1.0,7.0,"Sion, Mumbai",29.9,19.1,23.5,69,23.0,11.6,8,1014.5,0.0
2021-12-31,124.0,103.0,20.0,25.0,2.0,7.0,"Sion, Mumbai",31.1,21.5,25.0,68,18.4,12.1,29,1015.3,0.0
2022-01-01,123.0,97.0,23.0,25.0,2.0,6.0,"Sion, Mumbai",31.0,20.7,24.9,68,17.0,10.9,20,1015.8,0.0
2022-01-02,126.0,110.0,28.0,26.0,3.0,9.0,"Sion, Mumbai",30.0,21.1,24.9,68,15.8,9.3,4,1014.5,0.0
2022-01-03,131.0,131.0,32.0,28.0,3.0,9.0,"Sion, Mumbai",30.4,21.7,25.0,71,16.6,8.8,357,1013.9,0.0
2022-01-04,144.5,125.0,27.0,24.0,6.0,8.0,"Sion, Mumbai",31.0,21.1,24.9,74,16.9,8.3,355,1013.9,0.0
2022-01-05,158.0,89.0,18.0,19.0,7.0,4.0,"Sion, Mumbai",27.8,21.0,24.3,80,18.9,8.2,326,1013.5,0.0
2022-01-06,171.5,177.0,20.0,17.0,8.0,5.0,"Sion, Mumbai",27.5,21.0,23.7,81,18.4,9.7,341,1013.0,0.0
2022-01-07,185.0,96.0,13.0,17.0,9.0,3.0,"Sion, Mumbai",26.7,19.7,23.4,80,17.3,7.4,295,1012.5,0.0
2022-01-08,145.0,58.0,20.0,15.0,5.0,1.0,"Sion, Mumbai",24.2,21.4,22.6,86,12.3,7.3,6,1013.8,3.7
2022-01-09,82.0,77.0,8.0,23.0,3.0,6.0,"Sion, Mumbai",25.4,19.6,22.0,60,24.1,15.5,346,1013.8,0.0
2022-01-10,83.0,98.0,30.0,27.0,7.0,4.0,"Sion, Mumbai",24.1,17.1,20.1,58,24.9,14.2,349,1014.0,0.0
2022-01-11,129.0,88.0,26.0,26.0,7.0,4.0,"Sion, Mumbai",24.1,15.9,20.0,73,16.1,8.8,344,1013.5,0.0
2022-01-12,99.0,103.0,31.0,24.0,9.0,6.0,"Sion, Mumbai",24.6,17.5,21.0,70,21.4,12.6,345,1013.1,0.0
2022-01-13,120.0,104.0,25.0,24.0,7.0,6.0,"Sion, Mumbai",25.4,17.0,21.0,74,17.5,7.8,337,1012.3,0.0
2022-01-14,120.0,93.0,18.0,22.0,6.0,5.0,"Sion, Mumbai",25.5,18.1,21.8,77,17.7,8.9,340,1012.3,0.0
2022-01-15,108.0,92.0,19.0,21.0,5.0,5.0,"Sion, Mumbai",28.6,18.6,22.7,70,23.8,11.7,2,1012.8,0.0
2022-01-16,103.0,91.0,21.0,24.0,5.0,5.0,"Sion, Mumbai",31.2,19.5,24.2,62,21.7,11.9,30,1013.1,0.0
2022-01-17,104.0,103.0,23.0,24.0,6.0,7.0,"Sion, Mumbai",30.4,20.5,24.6,67,17.4,10.7,359,1015.0,0.0
2022-01-18,112.0,115.0,28.0,30.0,5.0,8.0,"Sion, Mumbai",28.6,20.6,24.1,69,20.1,11.5,346,1014.8,0.0
2022-01-19,129.0,97.0,22.0,22.0,6.0,7.0,"Sion, Mumbai",28.4,19.5,23.5,71,18.2,10.3,340,1013.4,0.0
2022-01-20,107.0,78.0,10.0,17.0,6.0,5.0,"Sion, Mumbai",27.1,19.5,22.9,70,17.2,10.3,329,1011.9,0.0
2022-01-21,82.0,75.0,10.0,9.0,7.0,3.0,"Sion, Mumbai",26.8,19.6,22.7,84,16.3,8.3,337,1011.7,0.0
2022-01-22,76.0,109.0,21.0,12.0,5.0,2.5,"Sion, Mumbai",26.4,20.5,23.6,81,22.7,13.0,273,1010.3,1.9
2022-01-23,160.0,169.0,19.0,20.0,3.0,2.0,"Sion, Mumbai",23.6,18.9,21.9,60,23.2,18.8,316,1011.5,0.4
2022-01-24,144.0,150.0,23.0,30.0,2.0,4.0,"Sion, Mumbai",24.0,15.8,19.6,57,27.5,14.5,1,1012.5,0.0
2022-01-25,150.0,125.0,27.0,26.0,2.0,5.0,"Sion, Mumbai",25.0,15.2,20.0,58,20.5,12.8,352,1012.1,0.0
2022-01-26,135.0,115.0,25.0,29.0,2.0,7.0,"Sion, Mumbai",26.9,16.6,21.1,59,22.2,13.1,352,1011.9,0.0
2022-01-27,122.0,97.0,20.0,29.0,2.0,4.0,"Sion, Mumbai",29.0,17.5,22.2,60,24.6,10.7,357,1012.1,0.0
2022-01-28,104.0,101.0,24.0,32.0,2.0,5.0,"Sion, Mumbai",30.4,19.0,23.6,51,20.7,13.5,17,1013.0,0.0
2022-01-29,109.0,165.0,20.0,35.0,3.0,13.0,"Sion, Mumbai",30.8,17.5,23.1,56,20.8,11.2,5,1014.0,0.0
2022-01-30,142.0,155.0,26.0,35.0,5.0,16.0,"Sion, Mumbai",29.1,17.2,22.6,60,18.6,9.7,342,1012.8,0.0
2022-01-31,142.0,140.0,18.0,33.0,5.0,13.0,"Sion, Mumbai",28.5,18.0,22.5,60,19.6,11.0,340,1012.0,0.0
2022-02-01,133.0,128.0,9.0,24.0,7.0,13.0,"Sion, Mumbai",29.0,16.8,21.8,69,22.2,12.3,341,1011.2,0.0
2022-02-02,160.0,96.0,13.0,18.0,6.0,12.98159509202454,"Sion, Mumbai",27.4,17.6,22.0,79,21.0,10.5,325,1011.3,0.0
2022-02-03,115.0,122.0,8.0,14.0,5.0,12.96319018404908,"Sion, Mumbai",25.5,18.2,22.0,85,14.0,7.8,262,1011.3,0.0
2022-02-04,126.0,142.0,20.0,21.0,8.0,12.94478527607362,"Sion, Mumbai",25.3,19.0,22.3,76,14.3,8.0,291,1011.0,0.0
2022-02-05,143.0,122.0,32.0,23.0,7.0,7.5,"Sion, Mumbai",27.2,16.5,21.5,72,21.6,10.8,341,1011.4,0.0
2022-02-06,142.0,86.0,17.0,19.0,4.0,7.5,"Sion, Mumbai",26.8,18.2,22.1,71,22.1,11.2,323,1013.1,0.0
2022-02-07,93.0,66.0,10.0,17.0,5.0,7.5,"Sion, Mumbai",25.8,18.9,21.9,81,23.5,11.9,330,1014.4,0.0
2022-02-08,112.0,78.0,11.0,18.0,7.0,7.5,"Sion, Mumbai",25.4,18.8,21.8,80,19.0,10.5,324,1013.6,0.0
2022-02-09,143.0,112.0,19.0,26.0,5.0,7.5,"Sion, Mumbai",26.2,18.5,22.0,79,20.9,12.0,343,1013.2,0.0
2022-02-10,176.0,85.0,23.0,27.0,3.0,7.5,"Sion, Mumbai",29.5,19.0,23.5,58,26.7,13.8,342,1012.4,0.0
2022-02-11,157.0,104.0,25.0,28.0,4.0,7.5,"Sion, Mumbai",32.0,20.6,25.3,50,26.8,15.0,2,1011.8,0.0
2022-02-12,166.0,109.0,29.0,25.0,4.0,7.5,"Sion, Mumbai",29.9,20.0,24.3,54,22.8,12.2,340,1011.6,0.0
2022-02-13,161.0,85.0,15.0,29.0,3.0,7.5,"Sion, Mumbai",29.6,19.0,23.7,62,22.3,11.4,334,1010.1,0.0
2022-02-14,140.0,63.0,13.0,20.0,3.0,7.5,"Sion, Mumbai",28.8,19.2,23.8,55,22.2,12.9,343,1010.6,0.0
2022-02-15,96.0,62.0,10.0,16.0,3.0,7.5,"Sion, Mumbai",27.0,19.7,23.0,65,19.9,12.0,333,1010.8,0.0
2022-02-16,94.0,83.0,14.0,17.0,3.0,7.5,"Sion, Mumbai",26.1,19.2,22.3,80,19.2,10.2,331,1009.3,0.0
2022-02-17,117.0,102.0,16.0,18.0,4.0,7.5,"Sion, Mumbai",26.4,18.1,21.9,81,15.2,7.6,322,1008.1,0.0
2022-02-18,131.0,165.0,5.0,17.0,5.0,7.5,"Sion, Mumbai",27.1,19.0,23.2,78,17.0,7.9,284,1009.0,0.0
2022-02-19,166.0,75.0,25.0,23.0,4.0,7.5,"Sion, Mumbai",28.8,19.1,23.6,75,20.3,10.7,324,1011.0,0.0
2022-02-20,112.0,113.0,31.0,30.0,4.0,7.5,"Sion, Mumbai",30.4,20.0,24.4,64,22.9,12.2,335,1010.8,0.0
2022-02-21,136.0,90.0,17.0,25.0,4.0,7.5,"Sion, Mumbai",30.4,18.7,23.9,57,25.6,13.1,334,1010.0,0.0
2022-02-22,113.0,96.0,15.0,22.0,4.0,7.5,"Sion, Mumbai",29.2,18.6,23.5,68,23.4,11.0,330,1010.9,0.0
2022-02-23,116.0,110.0,31.0,34.0,4.0,7.5,"Sion, Mumbai",29.2,18.9,24.1,67,21.0,11.7,334,1012.2,0.0
2022-02-24,136.0,136.0,33.0,32.0,4.0,7.5,"Sion, Mumbai",29.3,21.0,25.2,62,23.1,11.9,323,1013.6,0.0
2022-02-25,155.0,116.0,18.0,33.0,4.0,7.5,"Sion, Mumbai",29.9,21.0,25.2,58,26.0,12.7,322,1012.9,0.0
2022-02-26,138.0,138.0,2.0,34.0,5.0,7.5,"Sion, Mumbai",29.9,20.5,24.6,64,24.8,13.2,331,1012.8,0.0
2022-02-27,174.0,117.0,30.0,36.0,6.0,7.5,"Sion, Mumbai",30.0,20.2,25.1,56,25.8,13.2,328,1013.0,0.0
2022-02-28,143.0,101.0,10.0,37.0,4.0,7.5,"Sion, Mumbai",31.1,19.9,25.3,53,25.3,12.2,330,1012.5,0.0
2022-03-01,136.0,114.0,31.0,38.0,5.0,4.0,"Sion, Mumbai",31.2,20.4,25.6,54,22.7,12.1,335,1012.5,0.0
2022-03-02,144.0,145.0,26.0,38.0,8.0,4.0,"Sion, Mumbai",33.2,22.0,26.8,52,25.9,12.4,334,1011.5,0.0
2022-03-03,170.0,112.0,12.0,31.0,7.0,4.0,"Sion, Mumbai",34.3,22.0,27.5,46,27.6,15.9,341,1011.3,0.0
2022-03-04,131.0,107.0,33.0,34.0,12.0,4.0,"Sion, Mumbai",33.7,23.8,27.4,41,28.1,17.2,342,1011.8,0.0
2022-03-05,129.0,141.0,27.0,29.0,9.0,4.0,"Sion, Mumbai",33.0,21.4,26.3,53,25.8,12.1,331,1010.8,0.0
2022-03-06,148.0,101.0,42.0,29.0,7.0,4.0,"Sion, Mumbai",32.7,22.5,27.1,53,23.1,11.4,322,1009.8,0.0
2022-03-07,137.0,103.0,28.0,35.0,7.0,4.0,"Sion, Mumbai",31.1,24.5,27.5,56,19.5,11.1,320,1010.1,0.0
2022-03-08,145.0,99.0,35.0,29.0,10.0,4.0,"Sion, Mumbai",35.8,25.0,28.8,54,25.2,14.2,352,1010.0,0.0
2022-03-09,142.0,101.0,29.0,33.0,13.0,4.0,"Sion, Mumbai",33.0,24.5,28.2,57,18.4,10.8,337,1010.1,0.0
2022-03-10,145.0,88.0,26.0,30.0,10.0,4.0,"Sion, Mumbai",33.2,23.4,27.7,58,22.2,11.2,342,1009.8,0.0
2022-03-11,193.0,74.0,29.0,31.0,7.0,4.0,"Sion, Mumbai",32.2,23.5,28.3,52,19.3,10.5,327,1009.6,0.0
2022-03-12,160.0,94.0,20.0,32.0,6.0,4.0,"Sion, Mumbai",35.5,22.9,28.1,57,22.6,10.3,317,1009.2,0.0
2022-03-13,169.0,101.0,17.0,31.0,9.0,4.0,"Sion, Mumbai",35.5,22.6,28.7,52,27.0,13.8,338,1009.4,0.0
2022-03-14,165.0,108.0,26.0,32.0,8.0,4.0,"Sion, Mumbai",35.0,22.1,28.7,41,25.8,12.9,338,1009.8,0.0
2022-03-15,179.0,98.0,21.0,33.0,9.0,4.0,"Sion, Mumbai",34.4,22.8,29.0,47,25.1,14.0,333,1008.5,0.0
2022-03-16,168.0,93.0,25.0,32.0,8.0,4.0,"Sion, Mumbai",34.0,23.4,29.3,49,28.4,14.8,335,1007.2,0.0
2022-03-17,152.0,85.0,21.0,19.0,8.0,4.0,"Sion, Mumbai",32.9,23.8,29.2,50,25.6,13.1,313,1006.3,0.0
2022-03-18,140.0,56.0,14.0,15.0,2.0,4.0,"Sion, Mumbai",33.8,23.3,28.9,58,29.9,15.1,322,1006.0,0.0
2022-03-19,84.0,63.0,8.0,12.0,2.0,4.0,"Sion, Mumbai",31.0,24.0,27.6,74,20.2,10.3,255,1006.4,0.0
2022-03-20,87.0,102.0,16.0,17.0,1.0,4.0,"Sion, Mumbai",30.0,24.1,27.1,78,31.1,11.1,268,1007.1,0.0
2022-03-21,154.0,82.0,23.0,33.0,3.0,4.0,"Sion, Mumbai",30.0,22.8,26.7,76,27.5,12.0,319,1007.9,0.0
2022-03-22,154.0,87.0,25.0,34.0,6.0,4.0,"Sion, Mumbai",34.0,24.0,29.2,49,30.6,15.5,337,1007.2,0.0
2022-03-23,177.0,90.0,15.0,25.0,10.0,4.0,"Sion, Mumbai",37.3,26.3,30.5,35,31.4,16.6,342,1006.3,0.0
2022-03-24,163.0,61.0,4.0,10.0,1.0,4.0,"Sion, Mumbai",32.5,24.9,28.1,52,17.0,9.6,285,1006.8,0.0
2022-03-25,119.0,53.0,3.0,9.0,1.0,4.0,"Sion, Mumbai",30.9,24.2,27.2,76,23.7,9.4,286,1008.4,0.0
2022-03-26,111.0,64.0,4.0,7.0,1.0,4.0,"Sion, Mumbai",31.3,23.9,27.5,79,24.8,8.8,289,1010.5,0.0
2022-03-27,125.0,57.0,3.0,10.0,1.0,4.0,"Sion, Mumbai",31.4,24.3,27.5,78,23.8,9.1,291,1010.7,0.0
2022-03-28,124.0,68.0,2.0,9.0,1.0,4.0,"Sion, Mumbai",31.5,24.3,27.5,82,22.8,10.8,295,1009.9,0.0
2022-03-29,137.0,64.0,2.0,9.0,2.0,4.0,"Sion, Mumbai",32.5,23.5,28.2,70,23.2,12.7,313,1008.5,0.0
2022-03-30,125.0,83.0,2.0,8.0,4.0,4.0,"Sion, Mumbai",32.9,23.9,28.0,70,22.7,11.0,317,1008.3,0.0
2022-03-31,144.0,106.0,2.0,8.0,2.0,4.0,"Sion, Mumbai",31.2,22.6,26.7,75,19.0,9.1,309,1009.1,0.0
2022-04-01,166.0,90.0,5.0,9.0,1.0,2.0,"Sion, Mumbai",32.0,22.5,26.6,78,22.1,10.2,307,1009.1,0.0
2022-04-02,153.0,79.0,7.0,10.0,1.0,2.0,"Sion, Mumbai",30.2,23.3,26.9,79,21.4,8.3,267,1010.0,0.0
2022-04-03,142.0,66.0,8.0,9.0,2.0,2.0,"Sion, Mumbai",30.8,23.5,27.2,80,25.0,10.3,291,1009.3,0.1
2022-04-04,123.0,63.0,5.0,10.0,3.0,2.0,"Sion, Mumbai",31.0,24.6,27.9,82,26.1,10.5,272,1009.6,0.0
2022-04-05,106.0,56.0,4.0,8.0,3.0,2.0,"Sion, Mumbai",31.4,25.0,28.2,82,25.8,11.0,273,1011.3,0.0
2022-04-06,109.0,61.0,8.0,9.0,1.0,2.0,"Sion, Mumbai",31.2,25.1,28.1,81,22.1,11.2,262,1011.6,0.0
2022-04-07,131.0,53.0,5.0,8.0,1.0,2.0,"Sion, Mumbai",31.6,25.2,28.3,81,21.0,9.4,263,1010.3,0.0
2022-04-08,117.0,44.0,4.0,5.0,2.0,2.0,"Sion, Mumbai",32.0,24.2,28.2,81,23.9,11.3,239,1008.7,0.0
2022-04-09,101.0,40.0,4.5,5.0,2.0,2.0,"Sion, Mumbai",31.0,26.2,28.4,82,19.6,11.4,219,1008.5,0.0
2022-04-10,95.0,49.0,5.0,9.0,1.0,2.0,"Sion, Mumbai",31.6,26.1,28.7,75,21.7,11.0,251,1008.5,0.0
2022-04-11,102.0,69.0,4.0,12.0,3.0,2.0,"Sion, Mumbai",31.4,26.0,28.5,75,26.4,9.9,282,1007.6,0.0
2022-04-12,129.0,66.0,6.0,14.0,4.0,2.0,"Sion, Mumbai",32.7,24.8,28.5,75,25.6,12.3,319,1006.2,0.0
2022-04-13,128.0,50.0,6.0,8.0,4.0,2.0,"Sion, Mumbai",34.2,24.5,29.3,69,26.5,13.2,323,1005.4,0.0
2022-04-14,113.0,52.0,4.0,9.0,2.0,2.0,"Sion, Mumbai",31.4,25.3,28.5,78,20.1,10.8,274,1006.5,0.0
2022-04-15,101.0,59.0,6.0,10.0,2.0,2.0,"Sion, Mumbai",31.2,25.4,28.3,76,20.8,9.6,260,1007.3,0.0
2022-04-16,115.0,53.0,7.0,8.0,2.0,2.0,"Sion, Mumbai",30.8,23.8,27.5,78,21.0,10.4,267,1006.5,0.0
2022-04-17,97.0,56.0,5.0,8.0,3.0,2.0,"Sion, Mumbai",31.1,24.6,27.9,76,21.9,10.9,259,1007.4,0.1
2022-04-18,98.0,55.0,4.0,8.0,33.0,2.0,"Sion, Mumbai",30.9,25.3,28.2,75,25.3,9.9,279,1009.5,0.0
2022-04-19,111.0,56.0,11.0,10.0,17.0,2.0,"Sion, Mumbai",31.5,24.8,28.2,78,25.1,12.0,306,1010.8,0.0
2022-04-20,105.0,77.0,18.0,26.0,1.0,2.0,"Sion, Mumbai",32.5,25.9,29.3,76,25.3,13.8,323,1008.5,0.0
2022-04-21,133.0,73.0,27.0,19.0,1.0,2.0,"Sion, Mumbai",38.0,27.6,31.8,50,32.9,17.7,335,1006.1,0.0
2022-04-22,124.0,70.0,23.666666666666668,14.0,1.0,2.0,"Sion, Mumbai",35.4,27.1,30.9,61,25.6,12.0,321,1006.8,0.0
2022-04-23,120.0,54.0,20.33333333333333,12.0,1.0,2.0,"Sion, Mumbai",35.5,26.9,30.6,72,19.8,9.9,276,1007.7,0.0
2022-04-24,86.0,101.0,17.0,21.0,1.0,2.0,"Sion, Mumbai",32.7,27.3,29.9,79,19.8,12.2,246,1008.2,0.0
2022-04-25,176.0,65.0,11.0,18.0,2.0,2.0,"Sion, Mumbai",35.5,25.3,30.5,63,25.2,12.4,324,1006.5,0.0
2022-04-26,113.0,82.0,10.0,20.0,3.0,2.0,"Sion, Mumbai",33.2,26.9,30.1,68,21.9,12.8,282,1007.4,0.0
2022-04-27,132.0,77.0,16.0,13.0,3.0,2.0,"Sion, Mumbai",34.5,26.5,30.7,63,29.7,14.1,326,1006.0,0.0
2022-04-28,128.0,59.0,7.0,8.0,1.0,2.0,"Sion, Mumbai",35.0,26.6,30.7,65,21.1,10.8,271,1006.6,0.0
2022-04-29,85.0,58.0,8.0,9.0,1.0,2.0,"Sion, Mumbai",32.4,28.1,30.0,78,19.6,15.3,244,1008.6,0.0
2022-04-30,78.0,45.0,6.0,4.0,1.0,2.0,"Sion, Mumbai",32.2,26.2,29.2,78,20.9,11.4,234,1007.2,0.0
2022-05-01,61.0,49.0,4.0,4.0,1.0,2.0,"Sion, Mumbai",32.0,26.5,29.4,79,17.8,10.6,244,1006.2,0.0
2022-05-02,67.0,58.0,4.0,6.0,3.0,2.0,"Sion, Mumbai",31.8,28.3,29.8,76,20.5,11.9,245,1006.4,0.0
2022-05-03,73.0,64.0,9.0,8.0,3.0,2.0,"Sion, Mumbai",32.2,28.0,30.0,75,20.6,10.7,268,1007.1,0.0
2022-05-04,83.0,77.0,8.0,10.0,1.0,2.0,"Sion, Mumbai",31.9,27.3,29.3,77,22.9,11.3,295,1008.1,0.0
2022-05-05,89.0,91.0,6.0,7.0,1.0,2.0,"Sion, Mumbai",32.5,26.2,28.9,80,25.6,13.3,316,1008.0,0.0
2022-05-06,137.0,90.0,4.0,7.0,1.0,2.0,"Sion, Mumbai",32.3,26.6,29.1,78,25.0,13.6,317,1007.4,0.2
2022-05-07,163.0,76.0,5.0,8.0,2.0,2.0,"Sion, Mumbai",32.5,26.6,29.2,80,24.7,12.5,305,1006.8,0.0
2022-05-08,118.0,58.0,5.0,7.0,1.6666666666666667,2.0,"Sion, Mumbai",32.7,26.7,29.6,80,30.0,12.8,307,1005.0,0.0
2022-05-09,78.0,57.0,5.0,8.0,1.3333333333333337,2.0,"Sion, Mumbai",32.2,27.5,29.6,80,26.0,13.9,297,1004.1,0.0
2022-05-10,74.0,59.0,12.0,8.0,1.0,2.0,"Sion, Mumbai",32.2,28.4,29.9,75,26.2,14.6,296,1003.9,0.0
2022-05-11,81.0,60.0,13.0,5.0,1.0,2.0,"Sion, Mumbai",32.0,27.8,29.7,76,20.8,12.6,268,1003.7,0.0
2022-05-12,79.0,65.0,13.0,5.0,1.0,2.0,"Sion, Mumbai",32.0,28.6,29.8,72,19.4,16.2,250,1004.7,0.0
2022-05-13,117.0,72.0,13.0,4.0,1.6666666666666663,2.0,"Sion, Mumbai",31.6,28.6,29.8,72,19.7,15.2,242,1004.5,0.0
2022-05-14,147.0,58.0,13.0,7.0,2.333333333333333,2.0,"Sion, Mumbai",31.9,28.5,29.8,72,18.2,13.6,247,1004.9,0.0
2022-05-15,90.0,62.0,13.0,11.0,3.0,2.0,"Sion, Mumbai",32.5,28.5,29.9,73,19.5,14.3,268,1006.0,0.0
2022-05-16,99.0,102.0,15.0,11.0,2.0,2.0,"Sion, Mumbai",32.2,27.9,29.7,74,24.8,13.6,291,1005.3,0.0
2022-05-17,151.0,117.0,17.0,10.0,1.0,2.0,"Sion, Mumbai",32.0,28.4,29.8,73,19.5,12.3,276,1004.5,0.0
2022-05-18,159.0,122.0,14.0,9.0,1.0,2.0,"Sion, Mumbai",31.7,27.7,29.5,73,22.8,11.8,281,1004.8,0.0
2022-05-19,162.0,84.0,14.0,5.0,1.0,2.0,"Sion, Mumbai",31.6,28.0,29.5,73,23.3,13.4,284,1005.2,0.0
2022-05-20,121.0,70.0,12.0,4.0,12.0,2.0,"Sion, Mumbai",31.6,28.1,29.6,69,20.3,15.5,248,1006.3,0.1
2022-05-21,112.0,48.0,3.0,2.0,12.130434782608695,2.0,"Sion, Mumbai",32.0,28.8,30.1,65,22.7,17.9,237,1006.1,0.1
2022-05-22,72.0,37.0,3.0,3.0,12.26086956521739,2.0,"Sion, Mumbai",32.2,29.0,30.2,67,23.5,22.0,246,1004.3,0.4
2022-05-23,56.0,41.0,3.0,4.0,12.391304347826088,2.0,"Sion, Mumbai",32.5,28.9,30.3,70,23.5,21.1,244,1003.5,0.9
2022-05-24,60.0,51.0,2.0,6.0,3.0,2.0,"Sion, Mumbai",32.0,28.5,30.2,70,23.4,18.4,256,1006.1,0.2
2022-05-25,68.0,53.0,3.0,6.0,3.0,2.0,"Sion, Mumbai",31.9,28.0,29.6,72,19.6,13.3,280,1008.3,1.2
2022-05-26,69.0,44.0,3.0,4.0,3.0,2.0,"Sion, Mumbai",32.0,28.2,30.0,66,19.5,13.9,266,1008.1,0.0
2022-05-27,57.0,44.0,4.0,4.0,3.0,2.0,"Sion, Mumbai",32.8,28.7,30.4,62,20.6,16.2,255,1007.8,0.0
2022-05-28,52.0,52.0,4.0,5.0,3.0,2.0,"Sion, Mumbai",32.7,28.9,30.5,61,20.8,17.0,255,1006.8,0.0
2022-05-29,62.0,49.0,3.0,5.0,3.0,2.0,"Sion, Mumbai",32.5,29.1,30.5,62,21.6,17.1,259,1006.9,0.0
2022-05-30,57.0,54.0,4.0,6.0,3.0,2.0,"Sion, Mumbai",32.3,28.7,30.2,64,20.6,15.3,267,1006.6,0.0
2022-05-31,61.0,53.0,4.0,8.0,3.0,2.0,"Sion, Mumbai",32.5,28.5,29.9,67,22.4,15.1,280,1005.9,0.0
2022-06-01,68.0,59.0,3.0,7.0,4.0,3.0,"Sion, Mumbai",32.0,28.5,29.8,68,23.0,14.5,283,1006.1,0.0
2022-06-02,70.0,64.0,4.0,8.0,4.0,3.0,"Sion, Mumbai",31.8,28.2,29.7,70,22.7,14.2,278,1006.3,0.0
2022-06-03,72.0,51.0,4.0,7.0,4.0,3.0,"Sion, Mumbai",31.4,28.0,29.3,72,21.6,14.7,282,1006.0,0.0
2022-06-04,59.0,41.0,6.0,6.0,4.0,3.0,"Sion, Mumbai",32.0,27.9,29.6,72,20.5,13.9,288,1005.6,0.0
2022-06-05,49.0,46.0,5.0,6.0,4.0,3.0,"Sion, Mumbai",31.8,27.8,29.6,73,21.6,11.5,279,1005.4,0.0
2022-06-06,58.0,43.0,6.0,5.0,4.0,3.0,"Sion, Mumbai",31.5,28.1,29.6,71,20.1,11.6,255,1005.9,0.2
2022-06-07,61.0,28.0,4.0,6.0,4.0,3.0,"Sion, Mumbai",32.0,28.5,29.8,73,20.0,11.2,240,1006.1,0.4
2022-06-08,35.0,28.0,3.0,5.0,4.0,3.0,"Sion, Mumbai",31.1,27.5,29.3,79,18.8,14.1,240,1005.9,2.3
2022-06-09,38.0,32.0,5.0,7.0,4.0,3.0,"Sion, Mumbai",30.5,27.1,28.7,80,18.1,11.8,237,1004.8,15.1
2022-06-10,45.0,11.0,5.0,7.0,4.0,3.0,"Sion, Mumbai",30.4,26.9,28.0,82,20.9,14.0,200,1004.7,10.9
2022-06-11,20.0,12.0,4.0,5.0,4.0,3.0,"Sion, Mumbai",29.5,25.9,27.3,83,25.8,18.2,201,1005.3,22.6
2022-06-12,22.0,27.0,4.0,5.0,15.0,3.0,"Sion, Mumbai",28.4,25.9,26.8,85,27.7,19.3,189,1005.3,12.0
2022-06-13,50.0,37.0,3.0,4.0,23.0,3.0,"Sion, Mumbai",29.5,25.5,27.6,82,28.3,22.1,190,1006.4,7.4
2022-06-14,55.0,32.0,4.0,3.0,19.0,3.0,"Sion, Mumbai",30.2,25.5,28.2,80,24.8,20.3,200,1006.6,2.7
2022-06-15,40.0,32.0,3.0,8.0,22.0,3.0,"Sion, Mumbai",29.9,26.4,28.4,79,23.1,17.2,223,1006.0,3.5
2022-06-16,50.0,33.0,2.0,5.0,25.0,3.0,"Sion, Mumbai",30.0,26.2,28.0,81,23.7,15.9,208,1005.7,4.5
2022-06-17,49.0,28.0,2.0,5.0,24.0,3.0,"Sion, Mumbai",29.6,26.2,28.0,82,21.6,16.7,208,1005.1,3.1
2022-06-18,43.0,17.0,3.0,5.0,22.0,3.0,"Sion, Mumbai",29.8,26.5,28.4,80,24.3,18.1,205,1005.2,6.1
2022-06-19,22.0,12.0,2.0,6.0,22.0,3.0,"Sion, Mumbai",28.5,25.8,27.1,85,24.5,19.6,211,1005.7,28.0
2022-06-20,19.0,13.0,3.0,6.0,24.0,3.0,"Sion, Mumbai",26.7,25.8,26.3,90,21.8,16.7,226,1004.8,50.7
2022-06-21,27.0,22.0,4.0,8.0,22.0,3.0,"Sion, Mumbai",27.8,24.9,26.3,88,23.7,17.6,202,1002.7,29.4
2022-06-22,35.0,24.0,5.0,8.0,24.0,3.0,"Sion, Mumbai",29.0,25.0,26.6,87,22.2,15.6,184,1003.8,22.4
2022-06-23,37.0,20.0,3.0,10.0,25.0,3.0,"Sion, Mumbai",28.2,24.9,26.5,87,14.0,10.3,166,1004.9,27.8
2022-06-24,32.0,16.0,6.0,13.0,27.0,3.0,"Sion, Mumbai",29.6,25.8,27.0,86,24.9,15.6,155,1003.1,17.7
2022-06-25,28.0,19.0,7.0,13.0,19.0,3.0,"Sion, Mumbai",28.9,25.7,26.8,87,25.3,19.6,146,1000.3,14.4
2022-06-26,23.0,21.0,6.0,10.0,20.0,3.0,"Sion, Mumbai",28.0,25.6,26.4,88,31.3,24.2,161,1000.5,16.6
2022-06-27,31.0,17.0,4.0,8.0,24.0,3.0,"Sion, Mumbai",28.3,25.8,26.6,88,24.7,20.7,201,1003.1,35.9
2022-06-28,32.0,28.0,3.0,6.0,29.0,3.0,"Sion, Mumbai",28.1,25.8,26.6,87,21.5,17.9,203,1004.6,10.0
2022-06-29,51.0,14.0,3.0,9.0,31.0,3.0,"Sion, Mumbai",28.2,25.9,26.8,87,23.2,17.2,217,1003.5,15.6
2022-06-30,26.0,16.0,2.0,11.0,31.0,3.0,"Sion, Mumbai",27.7,25.3,26.3,89,20.9,16.0,220,1003.4,46.5
2022-07-01,33.0,40.0,3.0,5.0,31.0,2.0,"Sion, Mumbai",26.5,24.9,25.9,91,21.2,16.8,222,1004.0,63.3
2022-07-02,55.0,36.0,3.0,4.0,30.0,2.0,"Sion, Mumbai",27.8,25.2,26.2,89,23.3,17.6,231,1002.7,27.3
2022-07-03,46.0,20.0,2.0,6.0,29.0,2.0,"Sion, Mumbai",27.5,25.1,26.4,88,25.1,19.3,215,1002.4,21.2
2022-07-04,37.0,13.0,3.0,9.0,30.0,2.0,"Sion, Mumbai",27.1,25.4,26.2,89,23.8,18.3,226,1002.3,38.7
2022-07-05,26.0,17.0,3.0,6.0,30.0,2.0,"Sion, Mumbai",26.5,25.6,26.1,90,25.0,20.4,244,1001.0,49.4
2022-07-06,30.0,28.0,4.0,7.0,28.0,2.0,"Sion, Mumbai",27.1,25.4,26.0,90,24.1,20.5,223,1002.3,40.8
2022-07-07,43.0,32.0,3.0,7.0,28.0,2.0,"Sion, Mumbai",27.4,25.9,26.5,88,26.8,22.4,247,1005.2,39.8
2022-07-08,48.0,32.5,3.0,7.0,28.0,2.0,"Sion, Mumbai",28.7,25.8,26.7,86,28.5,22.9,264,1004.7,23.5
2022-07-09,42.5,33.0,3.0,7.0,28.0,2.0,"Sion, Mumbai",27.3,24.0,25.7,90,27.7,20.2,263,1003.4,43.0
2022-07-10,37.0,30.0,3.0,7.0,28.0,2.0,"Sion, Mumbai",26.6,24.1,25.5,90,24.5,19.1,269,1004.4,42.8
2022-07-11,44.0,27.0,4.0,8.0,27.0,2.0,"Sion, Mumbai",25.9,24.0,25.0,91,28.1,20.5,270,1005.9,86.9
2022-07-12,42.0,23.0,4.0,5.0,27.0,2.0,"Sion, Mumbai",25.9,24.4,25.1,91,25.9,20.6,269,1005.5,68.5
2022-07-13,37.0,34.0,3.0,5.0,28.0,2.0,"Sion, Mumbai",26.1,24.5,25.4,90,35.0,26.5,262,1002.1,69.7
2022-07-14,68.0,45.0,5.0,5.0,26.0,10.0,"Sion, Mumbai",26.2,25.0,25.7,90,35.7,29.8,238,999.3,58.9
2022-07-15,76.0,38.0,4.0,4.0,25.0,9.857142857142858,"Sion, Mumbai",28.2,25.8,26.6,85,40.4,34.2,230,999.6,23.3
2022-07-16,55.0,34.0,3.0,4.0,27.0,9.714285714285714,"Sion, Mumbai",27.9,25.8,26.7,86,35.4,30.0,228,1001.0,26.5
2022-07-17,52.0,39.0,3.0,4.0,26.0,9.571428571428571,"Sion, Mumbai",28.5,26.0,27.1,84,26.9,21.3,236,1004.0,15.8
2022-07-18,60.0,39.0,3.0,4.0,30.0,2.0,"Sion, Mumbai",26.3,24.2,25.6,90,21.6,17.5,243,1005.1,31.2
2022-07-19,75.0,35.0,3.0,5.0,33.0,2.0,"Sion, Mumbai",26.3,24.4,25.6,90,22.4,16.5,243,1005.8,32.0
2022-07-20,59.0,31.0,3.0,7.0,36.0,2.0,"Sion, Mumbai",27.7,25.4,26.3,86,19.1,15.5,243,1006.6,12.2
2022-07-21,52.0,37.0,3.0,6.0,37.0,2.0,"Sion, Mumbai",27.7,25.5,26.5,84,20.4,13.7,249,1006.9,6.5
2022-07-22,58.0,35.0,4.0,5.0,36.0,2.0,"Sion, Mumbai",29.0,25.4,27.0,82,21.9,13.4,268,1007.4,4.1
2022-07-23,54.0,27.0,4.0,3.0,35.0,2.0,"Sion, Mumbai",26.8,25.1,26.0,87,19.5,15.8,256,1005.7,27.7
2022-07-24,49.0,29.0,4.0,3.0,36.0,2.0,"Sion, Mumbai",26.5,25.2,25.7,89,22.7,16.5,240,1005.0,22.0
2022-07-25,49.0,30.0,3.0,5.0,37.0,2.0,"Sion, Mumbai",28.0,25.2,26.5,85,20.0,15.4,228,1006.3,10.2
2022-07-26,53.0,30.0,4.0,8.0,40.0,2.0,"Sion, Mumbai",27.1,25.7,26.5,85,17.3,12.1,226,1008.1,5.5
2022-07-27,55.0,58.0,5.0,8.0,42.0,2.0,"Sion, Mumbai",28.2,25.3,26.5,86,14.0,6.3,247,1008.0,6.4
2022-07-28,76.0,54.0,3.0,8.0,41.0,2.0,"Sion, Mumbai",28.8,25.2,27.1,86,17.5,7.6,307,1008.7,1.4
2022-07-29,82.0,46.0,3.0,6.0,40.0,2.0,"Sion, Mumbai",29.1,25.6,27.4,86,18.1,10.0,328,1008.2,2.4
2022-07-30,63.0,43.0,6.0,6.0,39.0,2.0,"Sion, Mumbai",29.1,26.5,27.6,83,17.9,10.2,306,1007.3,1.4
2022-07-31,59.0,41.0,5.0,6.0,38.0,2.0,"Sion, Mumbai",29.0,26.0,27.6,83,18.7,10.9,290,1005.8,2.3
2022-08-01,58.0,45.0,5.0,6.0,38.0,3.0,"Sion, Mumbai",28.8,26.0,27.4,83,18.0,11.2,287,1006.0,1.4
2022-08-02,62.0,38.0,2.0,6.0,40.0,3.0,"Sion, Mumbai",29.0,26.0,27.4,83,17.8,10.4,291,1005.0,2.4
2022-08-03,63.0,31.0,3.0,5.0,34.0,3.0,"Sion, Mumbai",28.8,25.8,27.2,84,15.6,8.5,282,1004.1,9.0
2022-08-04,53.0,27.0,4.0,7.0,43.0,7.0,"Sion, Mumbai",28.5,25.7,27.1,87,15.2,5.9,262,1003.0,11.0
2022-08-05,73.0,20.0,4.0,5.0,42.17391304347826,7.0,"Sion, Mumbai",26.6,25.9,26.3,90,18.4,9.2,212,1001.6,25.2
2022-08-06,50.0,21.0,5.0,5.0,41.34782608695652,7.0,"Sion, Mumbai",27.7,25.5,26.3,88,19.2,11.6,226,1000.4,20.4
2022-08-07,48.0,16.0,4.0,7.0,40.52173913043478,8.0,"Sion, Mumbai",27.6,25.5,26.4,90,18.6,12.4,223,999.8,64.3
2022-08-08,34.0,24.0,5.0,4.0,9.0,7.0,"Sion, Mumbai",27.1,25.9,26.4,89,40.6,15.8,243,998.4,55.2
2022-08-09,49.0,27.0,9.0,4.0,9.0,7.5,"Sion, Mumbai",27.0,25.6,26.2,89,38.2,34.0,237,997.8,92.6
2022-08-10,51.0,34.0,8.0,3.0,9.0,8.0,"Sion, Mumbai",27.3,25.8,26.4,87,40.3,35.3,231,997.4,36.9
2022-08-11,59.0,28.0,5.0,3.0,9.0,8.5,"Sion, Mumbai",28.0,25.7,26.6,85,42.3,36.0,227,998.9,23.4
2022-08-12,58.0,30.0,6.0,4.0,9.0,3.0,"Sion, Mumbai",28.0,25.3,26.7,82,42.8,37.7,225,1002.2,17.3
2022-08-13,55.0,29.0,7.0,4.0,9.0,3.0,"Sion, Mumbai",28.4,25.4,26.8,83,32.2,28.8,230,1004.2,17.8
2022-08-14,48.0,27.0,6.0,2.0,9.0,3.0,"Sion, Mumbai",28.4,25.1,27.0,80,32.8,28.8,237,1005.8,15.8
2022-08-15,47.0,23.0,5.0,4.0,9.0,3.0,"Sion, Mumbai",27.0,24.7,26.0,87,27.9,24.1,243,1006.1,33.5
2022-08-16,52.0,27.0,15.0,4.0,9.0,11.0,"Sion, Mumbai",26.8,25.1,25.8,88,35.0,28.9,230,1005.3,66.8
2022-08-17,50.0,29.0,4.0,4.0,9.0,9.0,"Sion, Mumbai",27.7,25.0,26.3,85,31.7,27.5,222,1006.5,23.8
2022-08-18,63.0,27.0,4.0,6.0,9.0,7.0,"Sion, Mumbai",27.8,25.0,26.5,83,29.4,24.7,231,1007.0,7.6
2022-08-19,57.0,27.0,4.0,5.0,9.0,7.0,"Sion, Mumbai",27.9,25.2,26.3,85,26.4,20.3,233,1007.4,13.9
2022-08-20,54.0,32.0,5.0,3.0,9.0,7.0,"Sion, Mumbai",27.9,25.5,26.5,85,23.9,18.1,252,1007.2,6.2
2022-08-21,51.0,30.0,5.0,4.0,9.0,7.0,"Sion, Mumbai",27.9,25.4,26.5,85,23.5,19.2,262,1006.1,4.7
2022-08-22,53.0,27.0,5.0,4.0,9.0,7.0,"Sion, Mumbai",27.5,25.5,26.4,85,26.2,22.3,262,1004.9,5.6
2022-08-23,54.0,27.0,5.0,4.0,9.0,7.0,"Sion, Mumbai",28.0,25.2,26.4,85,27.2,22.6,246,1005.0,8.0
2022-08-24,52.0,29.0,6.0,5.0,9.0,7.0,"Sion, Mumbai",27.9,25.2,26.2,85,24.7,19.7,242,1007.6,9.0
2022-08-25,55.0,41.0,4.0,6.0,9.0,6.0,"Sion, Mumbai",27.4,24.8,26.0,86,18.2,13.1,231,1007.5,7.0
2022-08-26,62.0,57.0,5.0,8.0,9.0,5.0,"Sion, Mumbai",27.8,24.6,26.2,84,16.4,10.0,241,1007.5,2.1
2022-08-27,65.0,50.0,5.0,8.0,9.0,5.0,"Sion, Mumbai",28.0,25.0,26.5,83,17.7,9.8,274,1007.8,2.0
2022-08-28,65.0,48.0,3.0,9.0,9.0,6.0,"Sion, Mumbai",28.0,25.0,26.4,84,18.5,9.3,294,1007.4,2.3
2022-08-29,70.0,67.0,4.0,10.0,9.0,6.0,"Sion, Mumbai",28.5,24.8,26.6,84,18.1,8.5,314,1008.5,1.1
2022-08-30,83.0,58.0,6.0,9.0,9.0,6.0,"Sion, Mumbai",29.2,25.7,27.3,85,19.9,11.2,333,1008.5,1.9
2022-08-31,73.0,36.0,9.0,13.0,9.0,6.0,"Sion, Mumbai",29.1,25.5,27.5,87,18.5,9.3,327,1006.9,16.6
2022-09-01,58.0,62.0,14.0,15.0,9.0,7.0,"Sion, Mumbai",28.6,25.2,26.8,87,17.2,6.5,348,1006.8,6.2
2022-09-02,85.0,56.0,10.0,10.0,9.0,8.0,"Sion, Mumbai",29.9,25.2,27.4,87,15.8,7.4,346,1007.0,5.7
2022-09-03,84.0,30.0,4.0,10.0,9.0,7.0,"Sion, Mumbai",29.6,25.8,27.7,85,16.1,10.1,216,1007.4,1.0
2022-09-04,55.0,30.0,4.0,6.0,9.0,7.0,"Sion, Mumbai",28.1,26.0,27.0,88,15.5,9.5,260,1007.7,10.7
2022-09-05,51.0,42.0,2.0,8.0,9.0,6.0,"Sion, Mumbai",29.0,26.1,27.4,84,16.7,10.0,298,1007.6,5.1
2022-09-06,62.0,40.0,6.0,13.0,9.0,8.0,"Sion, Mumbai",28.5,25.4,27.2,84,14.0,6.9,319,1007.1,3.2
2022-09-07,62.0,28.0,9.0,17.0,9.0,11.0,"Sion, Mumbai",29.8,25.7,27.2,87,16.3,8.5,356,1006.8,22.4
2022-09-08,54.0,32.0,17.0,16.0,9.0,13.0,"Sion, Mumbai",28.5,25.3,26.6,90,12.1,7.8,356,1005.5,30.4
2022-09-09,62.0,33.0,5.0,11.0,9.0,14.0,"Sion, Mumbai",29.5,25.0,27.1,87,17.1,7.7,183,1004.3,19.3
2022-09-10,65.0,31.0,17.0,10.0,9.0,14.0,"Sion, Mumbai",29.1,25.8,26.9,87,13.7,7.4,174,1004.4,10.0
2022-09-11,69.0,20.0,11.0,9.0,9.0,13.0,"Sion, Mumbai",29.0,25.1,26.7,88,14.3,6.5,325,1002.2,21.7
2022-09-12,54.0,16.0,7.0,12.0,9.0,15.0,"Sion, Mumbai",28.0,25.2,26.4,89,19.7,8.1,228,1001.0,33.0
2022-09-13,38.0,15.0,7.0,6.0,9.0,18.0,"Sion, Mumbai",27.0,25.3,26.2,89,27.2,19.0,245,1002.9,62.6
2022-09-14,37.0,19.0,5.0,4.0,9.0,18.0,"Sion, Mumbai",27.6,25.5,26.2,88,31.6,25.2,227,1006.0,66.0
2022-09-15,41.0,17.0,7.0,6.0,9.0,20.0,"Sion, Mumbai",27.6,25.4,26.4,87,33.8,28.4,234,1007.3,57.3
2022-09-16,40.0,19.0,6.428571428571429,5.0,9.0,19.857142857142858,"Sion, Mumbai",26.2,24.9,25.7,90,29.6,22.0,245,1006.4,95.8
2022-09-17,43.0,17.0,5.857142857142858,7.0,9.0,19.714285714285715,"Sion, Mumbai",27.4,24.6,25.5,88,23.2,15.2,219,1006.8,22.8
2022-09-18,34.0,24.0,5.285714285714286,11.0,9.0,19.571428571428573,"Sion, Mumbai",26.5,24.2,25.2,90,17.0,11.5,244,1008.6,64.0
2022-09-19,48.0,46.0,5.0,11.0,5.0,4.0,"Sion, Mumbai",27.6,24.5,26.0,83,19.8,9.1,258,1009.1,5.3
2022-09-20,67.0,35.0,5.0,8.0,5.0,4.0,"Sion, Mumbai",26.4,24.5,25.5,85,15.5,6.4,281,1008.8,8.6
2022-09-21,62.0,47.0,5.0,9.0,5.0,4.0,"Sion, Mumbai",27.0,24.5,25.4,87,16.0,7.1,269,1008.8,13.4
2022-09-22,65.0,48.0,3.0,6.0,5.0,4.0,"Sion, Mumbai",25.8,24.7,25.1,88,17.3,8.1,235,1009.2,20.5
2022-09-23,69.0,31.0,1.0,7.0,5.0,4.0,"Sion, Mumbai",27.6,24.5,26.1,82,20.8,12.0,212,1009.1,3.9
2022-09-24,50.0,35.0,1.5,7.666666666666667,5.166666666666667,4.0,"Sion, Mumbai",27.1,24.5,25.5,86,18.7,12.4,209,1008.5,5.6
2022-09-29,80.83333333333334,55.0,4.0,11.0,6.0,4.0,"Sion, Mumbai",27.8,24.4,26.1,88,15.8,6.9,334,1007.6,2.9
2022-09-30,87.0,60.0,2.0,10.0,5.0,4.0,"Sion, Mumbai",28.8,24.8,26.6,88,16.6,8.2,333,1008.1,1.8
2022-10-01,83.0,41.0,2.0,2.0,7.0,5.5,"Sion, Mumbai",28.0,23.5,26.1,88,16.8,8.2,315,1008.9,6.8
2022-10-02,51.0,46.0,2.0,5.0,7.0,5.5,"Sion, Mumbai",28.5,24.2,26.5,86,16.6,7.6,321,1009.0,1.7
2022-10-03,70.0,60.0,4.0,8.0,6.0,5.5,"Sion, Mumbai",28.5,24.5,26.5,86,19.9,9.9,334,1009.4,1.4
2022-10-04,88.0,48.0,7.0,8.0,7.0,5.5,"Sion, Mumbai",29.3,24.9,27.2,85,21.1,11.1,339,1009.2,0.1
2022-10-05,75.0,44.0,2.0,7.0,7.0,5.5,"Sion, Mumbai",29.8,25.3,27.3,88,22.7,9.0,351,1008.1,1.4
2022-10-06,68.0,31.0,5.0,9.0,5.0,5.5,"Sion, Mumbai",29.5,24.9,27.5,85,21.3,11.4,314,1006.3,3.6
2022-10-07,64.0,17.0,5.0,9.0,5.0,5.5,"Sion, Mumbai",27.1,24.4,26.1,86,22.5,10.5,295,1005.3,34.3
2022-10-08,37.0,29.0,4.0,5.0,5.0,5.5,"Sion, Mumbai",27.2,25.0,26.1,86,21.4,15.0,235,1007.5,38.3
2022-10-09,48.0,52.0,7.0,9.0,6.0,5.5,"Sion, Mumbai",28.8,25.5,26.9,84,14.4,9.5,214,1009.0,1.7
2022-10-10,73.0,53.0,4.0,11.0,5.0,5.5,"Sion, Mumbai",29.5,24.8,27.1,86,14.8,7.1,348,1009.9,0.4
2022-10-11,79.0,45.0,6.0,15.0,5.0,5.5,"Sion, Mumbai",29.6,25.0,26.8,88,14.3,6.0,8,1008.8,10.7
2022-10-12,71.0,64.0,4.0,15.0,6.0,5.5,"Sion, Mumbai",28.1,24.5,26.0,88,11.8,6.4,41,1009.5,19.9
2022-10-13,89.0,61.0,14.0,12.0,7.0,5.5,"Sion, Mumbai",29.3,24.2,26.6,89,9.7,4.9,43,1009.5,3.0
2022-10-14,98.0,62.0,7.0,17.0,7.0,5.5,"Sion, Mumbai",30.5,24.9,26.8,86,11.5,6.2,78,1009.4,14.6
2022-10-15,115.0,78.0,10.0,21.0,5.0,5.5,"Sion, Mumbai",31.5,24.5,27.5,78,13.5,7.7,8,1008.3,0.7
2022-10-16,129.0,83.25,9.25,21.25,4.875,5.5,"Sion, Mumbai",31.8,24.9,27.8,70,18.7,12.7,27,1009.3,0.1
2022-10-23,156.125,120.0,4.0,23.0,4.0,5.5,"Sion, Mumbai",31.2,23.2,26.7,72,14.1,8.9,13,1013.0,0.0
2022-10-24,160.0,144.0,23.0,23.0,5.0,5.5,"Sion, Mumbai",30.4,21.5,25.9,74,15.5,8.5,351,1011.2,0.0
2022-10-25,164.0,131.0,13.0,26.0,5.0,5.5,"Sion, Mumbai",29.7,22.4,25.9,77,14.3,7.8,346,1011.3,0.0
2022-10-26,149.0,125.0,15.0,26.0,5.0,5.5,"Sion, Mumbai",30.2,22.1,25.7,75,16.4,8.9,0,1012.7,0.0
2022-10-27,161.0,103.0,16.0,31.0,5.0,5.5,"Sion, Mumbai",30.2,22.0,25.7,75,16.6,8.5,3,1012.5,0.0
2022-10-28,151.0,93.0,12.0,32.0,4.0,5.5,"Sion, Mumbai",31.3,21.9,26.1,69,15.5,9.0,44,1011.9,0.0
2022-10-29,153.0,81.0,17.0,31.0,4.0,5.5,"Sion, Mumbai",31.8,21.8,25.9,66,14.1,8.4,53,1011.7,0.0
2022-10-30,135.0,92.0,21.0,38.0,4.0,5.5,"Sion, Mumbai",31.8,20.7,25.8,65,16.1,9.7,21,1012.0,0.0
2022-10-31,144.0,108.0,22.0,38.0,4.0,5.5,"Sion, Mumbai",31.8,21.2,25.6,67,18.4,8.9,25,1011.6,0.0
2022-11-01,165.0,122.0,21.0,30.0,7.0,6.0,"Sion, Mumbai",31.4,21.5,25.8,63,18.2,9.4,35,1012.3,0.0
2022-11-02,167.0,109.0,22.0,33.0,8.0,6.0,"Sion, Mumbai",31.4,21.7,25.8,69,21.5,11.3,11,1011.6,0.0
2022-11-03,155.0,114.0,16.0,31.0,8.0,6.0,"Sion, Mumbai",32.7,21.0,26.3,61,15.5,10.8,26,1011.2,0.0
2022-11-04,152.0,119.0,24.0,33.0,7.0,6.0,"Sion, Mumbai",33.3,21.2,26.2,63,17.2,9.5,28,1011.9,0.0
2022-11-05,161.0,116.0,18.0,41.0,5.0,6.0,"Sion, Mumbai",33.2,21.0,26.3,61,15.7,8.8,10,1013.0,0.0
2022-11-06,168.0,130.0,17.0,34.0,10.0,6.0,"Sion, Mumbai",32.2,21.1,25.9,67,16.3,9.3,1,1013.4,0.0
2022-11-07,166.0,146.0,14.0,26.0,17.0,6.0,"Sion, Mumbai",31.3,20.8,25.5,71,15.7,8.2,359,1013.2,0.0
2022-11-08,176.0,162.0,14.0,29.0,17.0,6.0,"Sion, Mumbai",31.8,21.5,26.1,66,19.1,10.4,358,1012.9,0.0
2022-11-09,171.0,151.0,11.0,29.0,16.0,6.0,"Sion, Mumbai",31.3,22.2,26.2,63,20.7,9.6,350,1012.7,0.0
2022-11-10,162.0,121.0,11.0,34.0,15.0,6.0,"Sion, Mumbai",32.3,21.5,26.2,63,24.3,9.9,8,1013.0,0.0
2022-11-11,158.0,112.0,15.0,35.0,14.0,6.0,"Sion, Mumbai",32.7,21.1,26.5,59,19.4,10.8,26,1013.2,0.0
2022-11-12,159.0,102.0,23.0,29.0,14.0,6.0,"Sion, Mumbai",32.7,22.4,26.7,60,21.8,12.4,17,1012.9,0.0
2022-11-13,153.0,130.0,35.0,32.0,15.0,6.0,"Sion, Mumbai",32.7,22.6,26.7,59,20.4,11.8,14,1011.9,0.0
2022-11-14,167.0,178.0,29.0,38.0,14.0,6.0,"Sion, Mumbai",31.6,21.8,26.1,72,17.3,8.7,353,1012.1,0.0
2022-11-15,187.0,143.0,24.0,35.0,13.0,6.0,"Sion, Mumbai",31.0,22.1,26.1,72,16.5,9.1,344,1012.7,0.0
2022-11-16,172.0,119.0,17.0,34.0,12.0,6.0,"Sion, Mumbai",31.8,21.6,26.2,66,17.2,9.5,350,1011.9,0.0
2022-11-17,163.0,87.0,18.0,36.0,11.0,6.0,"Sion, Mumbai",32.0,22.1,26.0,60,21.5,11.1,6,1011.8,0.0
2022-11-18,145.0,117.0,18.0,41.0,11.0,6.0,"Sion, Mumbai",31.4,21.9,25.7,52,22.2,12.5,11,1012.2,0.0
2022-11-19,163.0,104.0,22.0,38.0,11.0,6.0,"Sion, Mumbai",31.1,21.3,25.5,51,19.8,12.0,20,1012.1,0.0
2022-11-20,152.0,95.0,30.0,43.0,11.0,6.0,"Sion, Mumbai",30.0,19.8,24.5,55,21.9,11.5,18,1011.2,0.0
2022-11-21,154.0,119.0,32.0,50.0,11.0,6.0,"Sion, Mumbai",29.4,18.6,23.7,59,18.4,10.7,358,1011.1,0.0
2022-11-22,170.0,136.0,24.0,46.0,11.0,6.0,"Sion, Mumbai",30.1,19.5,24.1,63,18.4,10.9,355,1011.0,0.0
2022-11-23,175.0,162.0,24.0,44.0,12.0,6.0,"Sion, Mumbai",30.9,21.7,25.4,59,20.9,11.6,356,1011.0,0.0
2022-11-24,183.0,164.0,21.0,43.0,12.0,6.0,"Sion, Mumbai",30.6,20.9,25.3,63,19.1,10.0,347,1010.7,0.0
2022-11-25,185.0,197.0,21.0,38.0,13.0,6.0,"Sion, Mumbai",31.1,21.3,26.0,66,14.6,8.1,346,1011.2,0.0
2022-11-26,196.0,198.0,22.0,24.0,13.0,6.0,"Sion, Mumbai",31.7,22.7,26.4,70,16.2,8.5,350,1010.4,0.0
2022-11-27,188.0,153.0,10.0,30.0,12.0,6.0,"Sion, Mumbai",29.7,22.5,26.2,71,15.9,8.3,327,1008.7,0.0
2022-11-28,173.0,139.0,22.0,32.0,12.0,6.0,"Sion, Mumbai",29.8,21.0,25.1,68,18.2,9.6,332,1009.6,0.0
2022-11-29,170.0,240.0,24.0,33.0,13.0,6.0,"Sion, Mumbai",29.1,19.9,24.3,72,16.3,9.4,335,1010.5,0.0
2022-11-30,199.0,93.5,24.0,32.0,12.0,6.0,"Sion, Mumbai",31.1,21.0,26.0,67,15.9,8.1,348,1011.1,0.0
2022-12-01,200.0,101.0,5.0,20.0,7.0,9.0,"Sion, Mumbai",31.8,22.1,25.9,63,18.1,9.2,10,1011.0,0.0
2022-12-02,163.0,166.0,14.0,43.0,11.0,8.0,"Sion, Mumbai",31.2,19.6,25.2,64,15.1,8.7,358,1010.4,0.0
2022-12-03,189.0,172.0,18.0,34.0,13.0,8.294117647058824,"Sion, Mumbai",30.6,20.9,25.3,64,20.4,10.2,346,1010.6,0.0
2022-12-04,185.0,180.0,21.0,24.0,12.0,8.588235294117647,"Sion, Mumbai",31.6,22.4,26.4,69,14.7,8.2,346,1011.2,0.0
2022-12-05,195.0,203.0,32.0,31.0,12.0,8.882352941176471,"Sion, Mumbai",31.0,23.5,26.7,71,16.5,8.9,342,1012.1,0.0
2022-12-06,196.0,211.0,14.0,25.0,11.0,7.0,"Sion, Mumbai",31.4,23.9,26.7,72,20.2,9.8,337,1011.7,0.0
2022-12-07,207.0,194.0,15.0,19.0,12.0,7.0,"Sion, Mumbai",31.4,22.8,26.3,71,20.9,10.2,337,1011.2,0.0
2022-12-08,189.0,135.0,8.0,27.0,11.0,7.0,"Sion, Mumbai",30.9,21.2,25.8,68,20.3,11.0,349,1011.0,0.0
2022-12-09,158.0,197.0,24.0,27.0,11.0,7.0,"Sion, Mumbai",30.5,20.4,24.6,58,21.1,11.1,8,1009.5,0.0
2022-12-10,180.0,163.0,15.0,23.0,12.0,7.0,"Sion, Mumbai",30.8,18.7,24.0,63,19.2,9.7,359,1009.2,0.0
2022-12-11,175.0,119.0,18.0,41.0,11.0,7.0,"Sion, Mumbai",30.2,19.5,24.7,64,19.7,8.8,349,1009.8,0.0
2022-12-12,161.0,115.0,9.0,64.0,10.0,7.0,"Sion, Mumbai",31.8,22.0,26.7,68,18.2,9.0,354,1009.3,0.0
2022-12-13,149.0,100.0,6.0,37.0,10.0,7.0,"Sion, Mumbai",32.4,24.7,27.9,67,16.2,10.2,40,1009.7,0.0
2022-12-14,129.0,101.0,11.0,38.0,10.0,7.0,"Sion, Mumbai",31.4,25.5,27.8,68,18.9,8.8,37,1010.8,0.0
2022-12-15,141.0,124.0,11.0,53.0,10.0,7.0,"Sion, Mumbai",30.6,24.5,27.0,73,15.4,8.6,351,1010.8,0.0
2022-12-16,155.0,120.0,11.0,84.0,10.0,7.0,"Sion, Mumbai",32.8,24.0,27.3,70,18.2,9.5,345,1010.4,0.0
2022-12-17,157.0,140.0,7.0,83.0,11.0,7.0,"Sion, Mumbai",33.0,24.0,27.5,71,20.5,10.6,350,1011.1,0.0
2022-12-18,160.0,95.0,14.0,69.0,10.0,7.0,"Sion, Mumbai",32.8,25.0,27.8,66,22.8,11.8,352,1010.8,0.0
2022-12-19,152.0,131.0,11.0,37.0,10.0,7.0,"Sion, Mumbai",30.8,23.9,26.8,61,20.8,11.2,350,1009.9,0.0
2022-12-20,150.0,196.0,6.0,40.0,10.0,7.0,"Sion, Mumbai",29.6,22.6,26.0,60,19.0,11.1,343,1009.5,0.0
2022-12-21,167.0,221.0,12.0,54.0,11.0,7.0,"Sion, Mumbai",30.3,21.0,25.5,67,18.1,8.8,346,1010.1,0.0
2022-12-22,174.0,181.0,5.0,44.0,12.0,7.0,"Sion, Mumbai",30.2,20.7,25.0,70,18.6,9.6,338,1010.1,0.0
2022-12-23,163.0,128.0,6.0,22.0,13.0,7.0,"Sion, Mumbai",29.3,21.6,24.7,64,22.0,12.4,338,1010.9,0.0
2022-12-24,143.0,156.0,5.0,29.0,13.0,7.0,"Sion, Mumbai",28.6,19.9,23.1,53,20.9,12.9,347,1011.9,0.0
2022-12-25,162.0,150.0,4.0,24.0,13.0,7.0,"Sion, Mumbai",27.0,17.0,22.0,66,15.5,7.5,334,1012.1,0.0
2022-12-26,164.0,177.0,20.0,15.0,13.0,7.0,"Sion, Mumbai",27.4,16.6,22.1,75,18.3,9.3,343,1013.1,0.0
2022-12-27,174.0,188.0,5.0,34.0,13.0,7.0,"Sion, Mumbai",29.0,18.7,23.6,70,19.3,10.6,340,1013.9,0.0
2022-12-28,169.0,203.0,15.0,26.0,13.0,7.0,"Sion, Mumbai",29.8,19.3,24.0,70,19.6,11.0,337,1014.7,0.0
2022-12-29,173.0,169.0,12.0,30.0,13.0,7.0,"Sion, Mumbai",30.0,19.6,24.1,69,20.6,10.1,334,1015.9,0.0
2022-12-30,168.0,161.0,1.0,43.0,14.0,7.0,"Sion, Mumbai",30.0,19.0,24.3,68,20.0,10.7,335,1016.9,0.0
2022-12-31,141.0,103.0,1.0,32.0,14.0,7.0,"Sion, Mumbai",29.0,20.1,23.8,66,21.9,12.3,340,1016.4,0.0
2023-01-01,127.0,128.0,8.0,48.0,13.0,6.0,"Sion, Mumbai",27.0,16.8,22.2,68,20.4,11.4,338,1016.1,0.0
2023-01-02,158.0,154.0,16.0,33.0,13.0,6.0,"Sion, Mumbai",28.6,17.9,22.8,71,19.5,11.0,344,1015.2,0.0
2023-01-03,167.0,141.0,4.0,24.0,13.0,6.0,"Sion, Mumbai",28.6,18.1,22.8,71,20.6,11.4,339,1015.0,0.0
2023-01-04,160.0,176.0,9.0,20.0,14.0,6.0,"Sion, Mumbai",28.0,18.0,22.8,72,18.4,9.4,338,1013.8,0.0
2023-01-05,164.0,143.0,17.0,15.0,14.0,18.0,"Sion, Mumbai",28.8,20.3,23.9,75,16.6,8.8,330,1014.4,0.0
2023-01-06,164.0,132.0,4.0,27.0,14.25,19.0,"Sion, Mumbai",30.8,20.9,25.4,68,18.0,10.8,337,1015.9,0.0
2023-01-07,160.0,128.0,2.0,33.0,14.5,18.0,"Sion, Mumbai",31.6,22.6,26.0,66,18.6,11.7,7,1015.8,0.0
2023-01-08,149.0,102.0,2.0,38.0,14.75,16.0,"Sion, Mumbai",31.0,21.4,25.3,63,22.7,11.5,348,1014.9,0.0
2023-01-09,123.0,114.0,11.0,25.0,15.0,18.0,"Sion, Mumbai",30.4,19.1,24.0,59,21.0,10.9,350,1015.9,0.0
2023-01-10,154.0,160.0,11.0,57.0,25.0,10.0,"Sion, Mumbai",30.6,17.6,23.4,57,21.4,10.7,353,1015.3,0.0
2023-01-11,183.0,144.0,8.0,75.0,27.5,14.0,"Sion, Mumbai",28.2,16.9,22.7,66,17.1,8.8,336,1013.6,0.0
2023-01-12,168.0,113.0,6.0,15.0,30.0,5.0,"Sion, Mumbai",27.5,17.2,22.3,72,21.7,11.7,330,1013.0,0.0
2023-01-13,146.0,130.0,6.0,31.0,30.0,6.0,"Sion, Mumbai",26.4,20.0,22.5,76,24.0,12.7,345,1014.0,0.0
2023-01-14,162.0,126.0,9.0,75.0,30.0,10.0,"Sion, Mumbai",25.7,16.9,21.0,66,21.7,12.8,345,1013.9,0.0
2023-01-15,175.0,132.0,13.0,46.0,30.0,13.0,"Sion, Mumbai",25.4,16.1,20.6,68,21.9,10.6,336,1012.3,0.0
2023-01-16,181.0,167.0,13.0,32.0,22.0,15.0,"Sion, Mumbai",25.1,15.4,20.4,78,16.4,9.1,336,1012.4,0.0
2023-01-17,199.0,165.0,21.0,19.0,22.0,16.0,"Sion, Mumbai",26.2,16.4,20.9,75,17.1,9.1,334,1012.8,0.0
2023-01-18,200.0,246.0,11.0,38.0,26.0,16.0,"Sion, Mumbai",28.5,16.5,22.0,75,14.8,7.9,335,1013.6,0.0
2023-01-19,224.0,155.0,12.0,41.0,19.0,16.0,"Sion, Mumbai",27.0,16.2,22.2,75,14.2,7.5,328,1013.6,0.0
2023-01-20,180.0,122.0,11.0,19.0,24.0,11.0,"Sion, Mumbai",27.0,17.5,21.7,75,18.9,9.4,334,1013.5,0.0
2023-01-21,164.0,91.0,6.0,36.0,13.0,7.0,"Sion, Mumbai",26.6,17.8,21.9,72,20.9,11.2,335,1013.8,0.0
2023-01-22,145.0,103.0,7.0,46.0,13.0,10.0,"Sion, Mumbai",26.5,19.0,22.0,61,25.7,13.2,344,1013.2,0.0
2023-01-23,159.0,105.0,13.0,24.0,11.0,10.0,"Sion, Mumbai",25.5,17.6,21.3,58,26.3,14.6,338,1012.7,0.0
2023-01-24,166.0,111.0,10.0,20.0,11.0,9.0,"Sion, Mumbai",25.4,17.5,21.1,61,26.2,14.0,339,1013.0,0.0
2023-01-25,168.0,120.0,9.0,46.0,13.0,10.0,"Sion, Mumbai",26.2,18.2,21.4,58,29.2,16.9,342,1012.8,0.0
2023-01-26,175.0,135.0,14.0,48.0,13.0,14.0,"Sion, Mumbai",26.8,18.7,22.4,61,23.7,15.1,340,1012.3,0.0
2023-01-27,185.0,161.0,5.0,38.0,15.0,16.0,"Sion, Mumbai",32.5,20.5,24.7,69,19.1,10.8,343,1011.3,0.0
2023-01-28,182.0,94.0,6.0,46.0,16.0,9.0,"Sion, Mumbai",29.5,20.1,24.0,78,21.5,10.0,241,1010.5,0.0
2023-01-29,152.0,88.0,7.0,31.0,15.0,8.0,"Sion, Mumbai",25.4,21.9,23.4,88,18.4,8.2,293,1010.3,1.6
2023-01-30,148.0,114.0,5.0,21.0,13.0,11.0,"Sion, Mumbai",27.6,20.9,23.5,79,25.5,14.3,336,1012.8,0.0
2023-01-31,170.0,109.0,6.0,17.0,12.0,10.0,"Sion, Mumbai",29.7,21.4,25.0,66,25.7,15.7,344,1012.5,0.0
2023-02-01,165.0,100.0,11.0,6.0,10.0,8.0,"Sion, Mumbai",33.2,23.0,26.7,55,24.2,12.7,26,1011.8,0.0
2023-02-02,159.0,155.0,11.0,7.0,9.0,14.0,"Sion, Mumbai",33.6,23.3,26.9,54,25.0,16.7,15,1012.0,0.0
2023-02-03,178.0,160.0,8.0,19.0,10.0,15.0,"Sion, Mumbai",31.5,21.0,25.1,58,21.8,11.0,342,1012.7,0.0
2023-02-04,179.0,151.0,9.0,39.0,10.0,16.0,"Sion, Mumbai",30.6,19.6,24.4,60,21.3,11.8,337,1011.6,0.0
2023-02-05,177.0,111.0,16.0,40.0,10.0,10.0,"Sion, Mumbai",29.9,19.8,24.4,65,15.5,8.3,322,1010.9,0.0
2023-02-06,163.0,96.0,7.0,5.0,8.0,7.0,"Sion, Mumbai",28.7,18.5,23.8,68,21.8,12.4,330,1011.5,0.0
2023-02-07,138.0,137.0,15.0,6.0,7.0,13.0,"Sion, Mumbai",30.6,19.6,24.1,63,24.8,13.1,339,1011.3,0.0
2023-02-08,173.0,169.0,19.0,19.0,7.0,18.0,"Sion, Mumbai",30.5,18.1,24.2,63,23.5,12.6,341,1011.2,0.0
2023-02-09,184.0,140.0,12.0,8.0,7.0,13.0,"Sion, Mumbai",32.7,19.4,25.3,57,23.0,11.2,341,1011.4,0.0
2023-02-10,172.0,138.0,4.0,5.0,7.0,15.0,"Sion, Mumbai",30.5,18.9,24.3,62,22.5,12.6,331,1013.0,0.0
2023-02-11,166.0,139.0,7.0,52.0,7.0,16.0,"Sion, Mumbai",31.2,18.0,24.3,55,25.0,13.9,339,1013.8,0.0
2023-02-12,166.0,94.0,9.0,43.0,7.0,8.0,"Sion, Mumbai",31.8,18.1,25.3,50,24.5,14.4,353,1013.6,0.0
2023-02-13,148.0,137.0,14.0,8.0,6.0,13.0,"Sion, Mumbai",33.1,22.1,26.5,45,27.2,14.8,357,1013.4,0.0
2023-02-14,168.0,151.0,9.0,63.0,6.0,18.0,"Sion, Mumbai",32.2,20.0,25.2,48,23.5,11.1,348,1013.3,0.0
2023-02-15,175.0,211.0,14.0,41.0,7.0,20.0,"Sion, Mumbai",32.1,18.2,25.1,51,24.5,11.7,343,1011.6,0.0
2023-02-16,202.0,100.0,11.0,19.0,6.0,11.0,"Sion, Mumbai",33.8,19.5,26.2,48,28.9,13.6,352,1011.9,0.0
2023-02-17,152.0,144.0,5.0,53.0,7.0,16.0,"Sion, Mumbai",33.0,21.4,26.8,44,29.5,15.3,346,1012.3,0.0
2023-02-18,200.0,122.0,5.0,31.0,7.0,17.0,"Sion, Mumbai",33.9,19.5,26.4,42,25.4,12.5,355,1011.9,0.0
2023-02-19,179.0,100.0,5.0,9.0,7.0,18.0,"Sion, Mumbai",34.5,18.8,25.7,53,21.1,10.4,348,1011.8,0.0
2023-02-20,158.0,145.0,5.0,11.0,5.0,22.0,"Sion, Mumbai",29.3,19.8,25.4,66,17.3,8.3,286,1012.3,0.0
2023-02-21,137.0,94.0,1.0,7.0,4.0,15.0,"Sion, Mumbai",30.9,19.6,25.3,66,23.7,12.0,325,1012.9,0.0
2023-02-22,154.0,123.0,8.0,11.0,3.0,18.0,"Sion, Mumbai",29.5,20.0,24.5,67,24.2,13.4,333,1012.6,0.0
2023-02-23,177.0,149.0,13.0,1.0,2.0,19.0,"Sion, Mumbai",32.1,20.6,25.5,52,26.2,14.0,334,1011.5,0.0
2023-02-24,188.0,144.0,10.0,6.0,2.0,20.0,"Sion, Mumbai",33.0,21.6,26.6,48,26.6,13.3,337,1012.5,0.0
2023-02-25,179.0,144.0,7.0,30.0,3.0,19.0,"Sion, Mumbai",33.0,21.8,27.0,44,25.1,14.9,338,1014.2,0.0
2023-02-26,181.0,119.0,7.0,30.0,2.0,17.0,"Sion, Mumbai",33.6,21.0,26.4,46,25.5,13.6,340,1014.6,0.0
2023-02-27,167.0,153.0,8.0,6.0,2.0,20.0,"Sion, Mumbai",33.8,21.9,26.7,46,24.2,13.4,339,1014.3,0.0
2023-02-28,174.0,136.0,3.0,21.0,2.0,21.0,"Sion, Mumbai",31.8,20.2,25.5,54,20.8,11.6,328,1014.6,0.0
2023-03-01,172.0,187.0,14.0,14.0,2.0,21.33333333333333,"Sion, Mumbai",32.0,20.6,26.0,56,21.9,12.5,332,1015.0,0.0
2023-03-02,197.0,227.0,15.0,32.0,4.0,21.666666666666668,"Sion, Mumbai",33.9,21.9,27.2,51,22.2,11.2,334,1015.0,0.0
2023-03-03,234.0,223.0,6.0,31.0,8.0,22.0,"Sion, Mumbai",32.6,21.6,27.2,60,20.5,8.7,314,1015.5,0.0
2023-03-04,228.0,207.0,4.0,44.0,10.0,20.0,"Sion, Mumbai",32.7,22.5,27.5,63,18.9,9.2,311,1015.1,0.0
2023-03-05,212.0,186.0,4.0,80.0,9.0,15.0,"Sion, Mumbai",34.6,23.0,28.2,59,19.6,9.7,310,1014.7,0.0
2023-03-06,193.0,75.0,3.0,65.0,8.0,11.0,"Sion, Mumbai",36.1,24.3,29.6,45,23.1,13.8,36,1013.5,0.0
2023-03-07,133.0,89.0,6.0,80.0,7.0,14.0,"Sion, Mumbai",35.5,24.2,28.7,48,26.0,13.6,81,1013.4,0.0
2023-03-08,154.0,105.0,3.0,84.0,6.0,14.0,"Sion, Mumbai",34.5,23.6,27.9,50,24.0,13.5,343,1013.3,0.0
2023-03-09,155.0,108.0,2.0,53.0,6.0,13.0,"Sion, Mumbai",36.0,22.6,28.9,40,25.7,13.9,349,1012.6,0.0
2023-03-10,144.0,133.0,4.0,8.0,6.0,17.0,"Sion, Mumbai",33.8,23.9,28.5,37,27.6,15.7,345,1012.0,0.0
2023-03-11,187.0,180.0,6.0,61.0,6.0,18.0,"Sion, Mumbai",35.6,22.2,28.6,44,22.7,12.1,342,1011.4,0.0
2023-03-12,197.0,158.0,5.0,48.0,6.0,19.0,"Sion, Mumbai",36.2,23.4,28.7,46,24.8,10.4,325,1011.0,0.0
2023-03-13,188.0,124.0,7.0,14.0,5.0,13.0,"Sion, Mumbai",35.9,24.5,28.8,56,19.3,9.2,295,1010.0,0.0
2023-03-14,168.0,112.0,5.0,27.0,5.0,12.0,"Sion, Mumbai",35.9,23.8,28.2,66,21.3,11.5,317,1008.9,0.0
2023-03-15,161.0,76.0,4.0,17.0,4.0,5.0,"Sion, Mumbai",33.2,23.8,28.1,64,20.3,9.8,323,1007.8,0.0
2023-03-16,137.0,81.0,5.0,2.0,3.0,6.0,"Sion, Mumbai",31.6,23.0,26.8,70,21.7,8.9,161,1009.5,11.2
2023-03-17,137.0,73.0,2.0,7.0,4.0,5.0,"Sion, Mumbai",30.0,22.6,26.6,75,18.5,9.8,261,1010.1,1.1
2023-03-18,128.0,64.0,1.0,7.0,4.0,4.0,"Sion, Mumbai",30.1,24.0,27.0,79,21.0,11.9,298,1008.9,0.0
2023-03-19,99.0,55.0,1.0,25.0,4.0,3.0,"Sion, Mumbai",29.0,23.1,26.2,74,20.1,10.0,269,1009.0,0.3
2023-03-20,78.0,58.0,1.0,30.0,3.0,4.0,"Sion, Mumbai",28.9,23.9,26.2,69,19.0,10.4,295,1008.8,0.3
2023-03-21,93.0,77.0,1.0,31.0,3.0,10.0,"Sion, Mumbai",28.2,21.5,25.5,73,17.7,8.7,276,1009.6,0.7
2023-03-22,97.0,43.0,11.0,24.0,3.0,4.0,"Sion, Mumbai",29.6,23.0,26.3,73,17.1,9.2,306,1010.5,0.2
2023-03-23,57.0,65.0,1.0,22.0,3.0,5.0,"Sion, Mumbai",29.6,23.2,26.2,73,20.1,10.0,313,1010.6,1.6
2023-03-24,93.0,60.0,2.0,23.0,2.0,3.0,"Sion, Mumbai",29.9,23.1,26.3,75,23.8,11.8,325,1010.6,0.0
2023-03-25,83.0,68.0,2.0,13.0,2.0,5.0,"Sion, Mumbai",29.4,21.6,25.3,70,26.0,13.0,332,1011.7,0.0
2023-03-26,89.0,76.0,2.0,29.0,2.0,6.0,"Sion, Mumbai",29.3,21.3,25.2,69,23.1,13.2,329,1011.5,0.0
2023-03-27,108.0,85.0,2.0,1.0,2.0,6.0,"Sion, Mumbai",29.3,21.9,25.5,77,22.3,11.6,313,1011.1,0.0
2023-03-28,114.0,81.0,1.0,30.0,2.0,5.0,"Sion, Mumbai",29.5,22.7,25.8,78,22.1,11.5,318,1010.3,0.0
2023-03-29,113.0,49.0,1.0,22.0,2.0,2.0,"Sion, Mumbai",29.4,22.1,25.7,79,18.8,10.2,312,1010.8,0.0
2023-03-30,74.0,52.0,1.0,23.0,2.0,3.0,"Sion, Mumbai",29.0,23.1,26.3,73,15.9,8.3,282,1010.4,0.2
2023-03-31,74.0,52.0,1.3333333333333333,23.33333333333333,2.333333333333333,3.333333333333333,"Sion, Mumbai",28.8,24.1,26.5,74,18.2,9.4,300,1009.9,0.4
2023-04-02,63.333333333333336,52.0,2.0,24.0,3.0,4.0,"Sion, Mumbai",29.6,22.5,26.0,77,25.8,11.9,309,1010.2,0.0
2023-04-03,58.0,58.0,2.0,31.0,3.0,5.0,"Sion, Mumbai",29.5,23.3,26.2,77,24.8,11.2,311,1009.7,0.0
2023-04-04,76.0,62.0,1.0,30.0,3.0,6.0,"Sion, Mumbai",30.1,23.6,26.5,80,25.9,12.8,325,1010.2,0.0
2023-04-05,82.0,84.0,8.0,40.0,3.0,6.0,"Sion, Mumbai",30.4,22.5,26.7,82,24.2,12.6,315,1009.9,0.0
2023-04-06,117.0,89.0,6.666666666666667,29.333333333333336,2.6666666666666665,6.666666666666667,"Sion, Mumbai",32.7,23.8,28.0,73,25.0,14.6,333,1009.7,0.0
2023-04-08,128.33333333333334,99.0,4.0,8.0,2.0,8.0,"Sion, Mumbai",33.7,26.1,29.4,60,21.2,11.1,309,1012.0,0.0
2023-04-09,134.0,101.0,5.0,25.0,2.0,6.0,"Sion, Mumbai",34.5,25.6,29.4,63,26.6,10.7,323,1012.4,0.0
2023-04-10,140.0,81.0,5.0,3.0,2.0,5.0,"Sion, Mumbai",35.2,26.1,30.0,63,23.8,13.2,324,1010.7,0.0
2023-04-11,118.0,93.0,3.0,4.0,2.0,6.0,"Sion, Mumbai",33.9,26.5,29.7,64,25.5,14.0,320,1011.0,0.0
2023-04-12,118.0,105.0,3.0,10.0,2.0,7.0,"Sion, Mumbai",34.7,26.6,30.4,57,28.8,16.5,329,1010.5,0.0
2023-04-13,139.0,85.0,3.0,2.0,2.0,4.0,"Sion, Mumbai",34.4,27.5,30.6,53,26.4,16.0,332,1010.1,0.0
2023-04-14,106.0,79.0,1.0,11.0,2.0,4.0,"Sion, Mumbai",34.7,26.5,30.0,61,25.0,14.5,328,1009.9,0.0
2023-04-15,93.0,77.0,1.0,18.0,2.0,4.0,"Sion, Mumbai",34.2,25.6,29.1,65,25.2,11.0,324,1010.0,0.0
2023-04-16,85.0,69.0,2.0,10.0,2.0,3.0,"Sion, Mumbai",33.5,24.1,28.5,73,25.6,12.9,323,1008.9,0.0
2023-04-17,89.0,91.0,4.0,36.0,2.0,5.0,"Sion, Mumbai",33.4,25.0,28.6,73,26.1,13.0,327,1008.9,0.0
2023-04-18,111.0,105.0,1.0,28.0,2.0,7.0,"Sion, Mumbai",36.4,26.5,31.3,53,27.9,17.0,343,1009.2,0.0
2023-04-19,133.0,71.0,1.0,16.0,2.0,3.0,"Sion, Mumbai",35.5,27.9,31.9,50,28.1,16.8,330,1007.0,0.0
2023-04-20,81.0,59.0,1.0,22.0,2.0,3.0,"Sion, Mumbai",34.4,26.6,29.9,64,26.2,14.0,313,1005.9,0.0
2023-04-21,67.0,46.0,1.0,16.0,2.0,2.0,"Sion, Mumbai",31.5,24.9,28.1,73,21.8,11.2,312,1006.7,0.0
2023-04-22,53.0,59.0,1.0,17.0,2.0,2.0,"Sion, Mumbai",30.8,24.5,27.6,80,21.2,10.4,286,1007.2,0.1
2023-04-23,66.0,64.0,1.0,23.0,2.0,3.0,"Sion, Mumbai",31.1,24.6,27.9,76,22.5,11.6,300,1007.4,0.0
2023-04-24,75.0,71.0,1.0,23.0,2.0,3.0,"Sion, Mumbai",31.3,25.0,28.0,79,25.8,11.7,308,1007.6,0.0
2023-04-25,96.0,68.0,3.0,18.0,2.0,2.0,"Sion, Mumbai",31.8,25.5,28.4,82,22.7,10.5,269,1007.7,0.0
2023-04-26,85.0,61.0,5.0,26.0,2.0,2.0,"Sion, Mumbai",30.7,26.8,28.5,75,23.1,14.0,235,1008.3,0.0
2023-04-27,83.0,50.0,4.0,25.0,2.0,2.0,"Sion, Mumbai",31.1,25.1,28.2,75,23.5,10.2,306,1008.4,0.0
2023-04-28,58.0,63.0,3.8,24.0,2.0,2.0,"Sion, Mumbai",31.2,26.0,28.5,73,19.6,10.8,311,1009.2,0.0
2023-04-29,72.0,65.0,3.6,24.0,2.0,3.0,"Sion, Mumbai",31.1,26.6,28.3,71,22.1,10.1,297,1008.7,0.4
2023-04-30,82.0,56.0,3.4,26.0,2.0,3.0,"Sion, Mumbai",30.9,25.0,28.1,71,21.5,9.6,298,1007.3,0.0
2023-05-01,67.5,47.0,12.0,28.0,2.0,3.0,"Sion, Mumbai",30.9,25.4,28.2,69,17.0,9.1,282,1007.2,1.7
2023-05-02,53.0,53.0,3.0,28.0,2.0,3.0,"Sion, Mumbai",30.8,25.6,28.6,66,18.4,8.6,277,1007.8,1.0
2023-05-03,62.0,56.0,6.0,29.0,2.0,2.0,"Sion, Mumbai",31.1,26.7,28.6,68,18.8,10.1,290,1009.2,0.0
2023-05-04,69.0,55.0,5.85,26.0,2.0,2.0,"Sion, Mumbai",31.2,25.5,28.2,73,20.9,9.6,302,1008.7,1.1
2023-05-05,73.0,55.0,5.7,24.0,2.0,2.0,"Sion, Mumbai",31.5,25.4,28.4,75,22.1,10.0,293,1008.0,0.1
2023-05-06,65.0,55.0,5.55,20.0,2.0,2.0,"Sion, Mumbai",31.4,25.7,28.5,77,24.3,11.9,307,1008.0,0.4
2023-05-07,65.0,55.0,12.0,18.0,2.0,2.0,"Sion, Mumbai",29.8,25.7,27.9,80,17.7,9.1,313,1008.2,6.9
2023-05-08,63.0,60.0,12.0,19.0,2.0,2.0,"Sion, Mumbai",31.9,27.8,29.5,74,21.2,11.9,296,1007.4,0.2
2023-05-09,67.0,79.0,12.0,23.0,2.0,2.0,"Sion, Mumbai",32.6,27.6,29.9,76,21.5,10.5,295,1007.7,0.0
2023-05-10,85.0,88.0,12.0,38.0,2.0,3.0,"Sion, Mumbai",33.0,27.9,30.1,80,24.1,10.6,290,1006.7,0.0
2023-05-11,107.0,71.0,12.0,24.0,2.0,2.7142857142857144,"Sion, Mumbai",33.5,27.1,30.2,79,20.2,10.4,238,1006.9,0.0
2023-05-12,78.0,57.0,12.0,23.0,2.0,2.428571428571429,"Sion, Mumbai",32.7,27.9,30.0,81,20.9,12.2,225,1007.6,0.0
2023-05-13,65.0,39.0,12.0,20.0,2.0,2.142857142857143,"Sion, Mumbai",32.5,28.1,30.1,78,19.8,14.4,229,1008.4,0.0
2023-05-14,37.0,48.0,12.0,16.0,2.0,2.0,"Sion, Mumbai",32.5,27.9,29.9,76,18.4,11.3,251,1007.9,0.0
2023-05-15,63.0,45.0,12.0,17.0,2.0,2.0,"Sion, Mumbai",32.5,28.3,30.2,75,20.5,12.9,268,1008.7,0.6
2023-05-16,61.0,50.0,12.0,21.0,2.0,2.0,"Sion, Mumbai",33.1,28.1,30.5,70,18.1,11.3,274,1010.1,0.3
2023-05-17,59.0,55.0,12.0,25.0,2.0,1.0,"Sion, Mumbai",32.8,27.7,30.1,73,24.6,12.7,296,1010.2,0.0
2023-05-18,59.0,54.0,12.0,26.0,2.0,1.0,"Sion, Mumbai",32.8,27.5,29.9,76,26.3,14.3,316,1011.4,0.0
2023-05-19,65.0,54.333333333333336,12.0,26.0,2.0,1.0,"Sion, Mumbai",33.1,27.2,29.8,79,25.8,15.4,318,1009.9,0.2
2023-05-21,63.0,55.0,12.0,26.0,2.0,1.0,"Sion, Mumbai",32.3,28.1,29.9,72,21.7,12.5,299,1010.1,0.0
2023-05-22,62.0,62.0,12.0,26.0,2.0,1.0,"Sion, Mumbai",32.4,27.6,29.7,75,19.7,11.8,305,1010.7,0.1
2023-05-23,67.0,51.0,3.0,19.0,1.0,1.0,"Sion, Mumbai",33.1,26.9,29.6,78,25.4,14.0,317,1010.6,0.0
2023-05-24,59.0,35.0,3.0,10.0,1.0,1.0,"Sion, Mumbai",32.6,27.8,30.1,75,20.9,13.2,281,1010.2,0.0
2023-05-25,47.0,42.0,3.0,15.0,1.0,1.0,"Sion, Mumbai",32.7,28.5,30.6,66,21.7,14.5,261,1010.8,0.0
2023-05-26,55.0,42.0,3.0,19.0,2.0,2.0,"Sion, Mumbai",32.5,29.1,30.6,66,23.1,16.8,261,1011.1,1.5
2023-05-27,59.0,40.0,3.0,22.0,2.0,1.0,"Sion, Mumbai",33.3,28.8,30.9,62,20.5,14.5,259,1010.1,0.0
2023-05-28,52.0,46.0,3.0,24.0,2.0,1.0,"Sion, Mumbai",33.3,28.7,30.9,67,19.8,13.5,286,1009.1,0.0
2023-05-29,56.0,60.0,3.0,28.0,1.0,1.0,"Sion, Mumbai",32.9,28.4,30.3,75,26.7,12.5,303,1008.6,0.0
2023-05-30,82.0,61.0,4.0,32.0,1.0,1.0,"Sion, Mumbai",33.0,27.4,30.2,80,22.6,11.6,300,1008.6,0.0
2023-05-31,68.0,60.0,3.0,29.0,1.0,1.0,"Sion, Mumbai",33.8,28.1,30.5,79,26.4,14.8,316,1008.1,0.0
2023-06-01,68.0,46.0,3.0,21.0,1.0,1.0,"Sion, Mumbai",33.0,27.6,30.0,81,23.7,12.4,295,1008.1,0.0
2023-06-02,55.0,31.0,3.0,16.0,1.0,1.0,"Sion, Mumbai",32.9,28.4,30.5,72,19.6,12.0,288,1009.0,0.0
2023-06-03,47.0,33.0,3.0,12.0,1.0,1.0,"Sion, Mumbai",34.1,29.2,31.3,67,20.0,14.4,275,1008.3,0.1
2023-06-04,39.0,40.0,4.0,8.0,5.0,3.0,"Sion, Mumbai",32.8,28.9,30.8,72,19.3,13.0,276,1008.1,1.9
2023-06-05,55.0,49.0,4.0,7.0,1.0,3.0,"Sion, Mumbai",32.7,28.9,30.5,72,21.3,13.7,270,1007.6,0.8
2023-06-06,62.0,48.0,4.0,8.0,1.0,3.0,"Sion, Mumbai",33.5,29.0,30.8,69,17.7,12.6,263,1007.2,0.5
2023-06-07,60.0,33.0,5.0,16.0,1.0,3.0,"Sion, Mumbai",33.0,29.0,30.9,69,18.7,13.1,240,1006.9,0.0
2023-06-08,53.0,45.0,6.0,24.0,1.0,3.0,"Sion, Mumbai",33.3,29.8,31.1,69,19.0,14.4,217,1007.2,0.5
2023-06-09,45.0,58.0,7.0,21.0,1.0,3.0,"Sion, Mumbai",32.5,28.5,30.6,76,33.5,20.3,196,1005.2,1.4
2023-06-10,59.0,61.0,7.0,14.0,1.0,1.0,"Sion, Mumbai",33.0,28.1,30.3,75,34.9,25.9,185,1003.6,3.7
2023-06-11,80.0,57.0,5.0,22.0,1.0,1.0,"Sion, Mumbai",32.7,26.1,29.7,73,35.7,26.9,174,1003.0,4.6
2023-06-12,74.0,49.0,4.0,16.0,1.0,1.0,"Sion, Mumbai",32.3,26.7,28.8,78,44.1,32.1,181,1002.8,13.2
2023-06-13,65.0,50.0,4.0,5.0,1.0,1.0,"Sion, Mumbai",31.0,26.5,28.4,80,38.1,31.4,184,1004.4,4.8
2023-06-14,64.0,50.0,4.0,5.0,1.0,1.0,"Sion, Mumbai",30.0,25.6,28.6,78,36.4,29.3,191,1006.3,2.5
2023-06-15,60.0,53.0,4.0,6.0,1.0,3.0,"Sion, Mumbai",31.8,28.2,29.8,74,35.5,32.2,203,1006.3,3.0
2023-06-16,63.0,51.0,4.0,5.0,1.0,1.0,"Sion, Mumbai",31.1,27.5,29.5,75,38.3,32.9,214,1005.6,4.4
2023-06-17,67.0,54.0,4.0,11.0,1.0,1.0,"Sion, Mumbai",31.4,27.5,29.2,79,28.3,23.9,230,1006.6,6.2
2023-06-18,62.0,53.0,4.0,15.0,1.0,2.0,"Sion, Mumbai",30.9,27.6,29.2,79,23.2,18.8,247,1007.1,4.1
2023-06-19,64.0,58.0,4.0,17.0,1.0,2.0,"Sion, Mumbai",30.9,27.8,29.4,78,20.6,17.3,249,1006.1,2.0
2023-06-20,70.0,56.0,4.0,14.0,1.0,1.0,"Sion, Mumbai",30.8,27.9,29.2,79,21.3,15.2,249,1005.3,1.6
2023-06-21,65.0,52.0,4.0,6.0,1.0,1.0,"Sion, Mumbai",31.0,28.0,29.3,80,21.4,14.3,242,1005.6,1.5
2023-06-22,62.0,45.0,4.0,5.0,1.0,1.0,"Sion, Mumbai",31.0,27.8,29.5,77,19.7,15.0,244,1005.8,3.2
2023-06-23,63.0,38.0,3.0,7.0,1.0,2.0,"Sion, Mumbai",30.1,27.0,28.5,81,21.2,14.8,217,1005.5,3.7
2023-06-24,54.0,26.0,3.0,7.0,1.0,2.0,"Sion, Mumbai",28.5,25.4,27.0,86,19.2,12.7,218,1004.4,22.5
2023-06-25,46.0,42.0,4.0,6.0,1.0,2.0,"Sion, Mumbai",27.5,25.5,26.6,89,20.1,13.4,220,1004.4,18.1
2023-06-26,55.0,29.0,4.0,7.0,1.0,2.0,"Sion, Mumbai",27.1,25.2,26.0,89,20.1,16.1,215,1005.8,22.3
2023-06-27,45.0,28.0,3.0,7.0,1.0,2.0,"Sion, Mumbai",27.1,25.1,26.2,90,22.7,15.8,224,1005.4,21.6
2023-06-28,48.0,27.0,4.0,10.0,1.0,1.0,"Sion, Mumbai",27.9,25.9,26.6,89,23.6,18.1,236,1005.9,49.3
2023-06-29,45.0,27.0,4.0,9.0,1.0,1.0,"Sion, Mumbai",27.3,25.8,26.3,90,23.3,18.7,244,1006.2,51.6
2023-06-30,38.0,34.0,3.0,9.0,1.0,1.0,"Sion, Mumbai",26.9,25.5,26.3,90,29.8,23.0,247,1006.2,55.0
2023-07-01,48.0,31.0,3.0,4.0,1.0,2.0,"Sion, Mumbai",28.1,25.7,26.5,89,24.8,19.4,233,1006.9,32.3
2023-07-02,43.0,33.0,3.0,5.0,1.0,2.0,"Sion, Mumbai",28.1,25.6,26.8,88,22.7,18.4,231,1006.1,49.6
2023-07-03,48.0,25.0,3.0,6.0,1.0,2.0,"Sion, Mumbai",28.9,26.2,27.3,88,20.4,15.0,233,1004.3,12.1
2023-07-04,36.0,34.0,4.0,7.0,1.0,3.0,"Sion, Mumbai",28.6,25.6,27.0,89,17.4,12.7,235,1002.7,52.3
2023-07-05,52.0,20.0,4.0,7.0,1.0,2.0,"Sion, Mumbai",28.2,25.5,26.8,88,15.6,11.5,226,1001.0,18.0
2023-07-06,37.0,23.0,4.0,5.0,1.0,1.0,"Sion, Mumbai",27.3,25.4,26.0,91,28.1,15.3,225,1002.2,102.1
2023-07-07,33.0,49.0,5.0,4.0,1.0,1.0,"Sion, Mumbai",28.0,25.6,26.6,89,30.9,24.3,235,1003.3,58.7
2023-07-08,57.0,45.0,4.0,4.0,1.0,1.0,"Sion, Mumbai",29.1,25.5,27.6,84,31.7,26.4,234,1005.1,13.2
2023-07-09,53.0,48.0,4.0,6.0,1.0,2.0,"Sion, Mumbai",29.0,25.9,27.7,82,29.3,24.1,232,1005.9,8.4
2023-07-10,76.0,52.0,5.0,5.0,1.0,1.0,"Sion, Mumbai",28.9,26.5,27.7,81,23.5,20.1,237,1006.5,4.2
2023-07-11,62.0,53.0,4.0,5.0,1.0,1.0,"Sion, Mumbai",29.4,25.9,27.7,82,21.5,16.3,253,1006.7,5.7
2023-07-12,65.0,48.0,4.0,5.0,1.0,1.0,"Sion, Mumbai",27.2,25.2,26.3,89,14.5,8.9,232,1005.9,9.8
2023-07-13,59.0,28.0,4.0,8.0,1.0,2.0,"Sion, Mumbai",27.3,25.0,26.3,89,19.1,13.8,216,1005.5,12.0
2023-07-14,44.0,44.0,4.0,6.0,1.0,2.0,"Sion, Mumbai",27.2,25.5,26.3,89,22.3,15.8,244,1006.8,30.5
2023-07-15,56.0,39.0,5.0,8.0,1.0,2.0,"Sion, Mumbai",27.5,25.6,26.3,89,17.1,13.0,246,1007.5,16.3
2023-07-16,52.0,23.0,4.0,14.0,1.0,2.0,"Sion, Mumbai",27.6,25.1,25.9,90,18.5,11.9,237,1006.7,23.3
2023-07-17,39.0,32.0,4.0,8.0,1.0,2.0,"Sion, Mumbai",27.5,24.8,26.1,89,23.2,17.1,241,1005.4,59.9
2023-07-18,47.0,37.0,4.0,7.0,1.0,2.0,"Sion, Mumbai",26.7,25.7,26.1,90,27.7,22.8,254,1004.2,61.0
2023-07-19,53.0,43.0,4.0,7.0,1.0,2.0,"Sion, Mumbai",27.5,25.6,26.4,90,25.4,22.1,261,1002.1,43.8
2023-07-20,65.0,32.0,5.0,9.0,1.0,2.0,"Sion, Mumbai",27.8,25.9,26.8,86,27.8,21.3,260,1002.5,21.9
2023-07-21,52.0,32.0,4.0,8.0,1.0,2.0,"Sion, Mumbai",27.6,25.8,26.6,89,23.5,18.5,254,1004.2,43.1
2023-07-22,48.0,25.0,5.0,6.0,1.0,1.0,"Sion, Mumbai",26.5,25.2,26.1,90,23.9,20.8,256,1004.9,43.6
2023-07-23,41.0,35.0,5.0,7.0,1.0,2.0,"Sion, Mumbai",27.8,25.5,26.4,89,31.7,24.3,248,1003.8,35.4
2023-07-24,49.0,36.0,5.0,8.0,1.0,2.0,"Sion, Mumbai",27.8,25.5,26.3,89,29.8,23.7,245,1004.2,60.7
2023-07-25,54.0,23.0,4.0,5.0,1.0,1.0,"Sion, Mumbai",27.1,25.2,26.1,90,22.5,19.2,248,1006.0,52.9
2023-07-26,38.0,24.0,4.0,5.0,1.0,1.5,"Sion, Mumbai",26.9,25.2,26.0,91,28.4,21.0,258,1007.0,85.2
2023-07-27,40.0,30.0,4.0,5.0,1.0,2.0,"Sion, Mumbai",27.2,25.6,26.2,89,24.5,22.7,267,1007.4,89.0
2023-07-28,44.0,38.0,4.0,4.0,1.0,3.0,"Sion, Mumbai",26.9,25.1,25.9,90,24.0,19.6,268,1007.6,51.5
2023-07-29,56.0,38.0,4.0,3.0,1.0,2.0,"Sion, Mumbai",28.4,25.5,26.9,84,26.2,21.2,256,1007.8,11.0
2023-07-30,49.0,41.0,7.0,5.0,1.0,2.0,"Sion, Mumbai",28.5,25.6,27.1,83,28.0,21.8,251,1007.0,10.4
2023-07-31,54.0,39.0,4.0,8.0,5.0,2.0,"Sion, Mumbai",28.2,25.9,26.9,85,27.3,20.9,251,1006.5,14.1
2023-08-01,57.0,47.0,5.0,6.0,9.0,1.0,"Sion, Mumbai",28.8,25.5,27.0,84,27.9,22.2,250,1006.6,8.9
2023-08-02,57.0,40.0,5.0,6.0,9.0,1.5,"Sion, Mumbai",28.4,24.2,26.8,84,28.9,22.6,247,1007.2,10.3
2023-08-03,54.0,49.0,4.0,9.0,9.0,2.0,"Sion, Mumbai",28.5,26.3,27.2,83,28.7,24.9,250,1006.6,4.0
2023-08-04,59.0,47.0,5.0,10.0,9.0,1.0,"Sion, Mumbai",28.2,26.7,27.3,85,27.2,23.6,250,1007.5,3.2
2023-08-05,53.0,50.0,5.0,11.0,9.0,1.0,"Sion, Mumbai",28.9,25.8,27.4,83,25.9,22.7,248,1009.4,4.2
2023-08-06,57.0,50.0,5.0,13.0,9.0,1.0,"Sion, Mumbai",28.5,26.4,27.4,83,25.1,22.6,252,1009.0,2.6
2023-08-07,60.0,49.0,5.0,11.0,9.0,1.0,"Sion, Mumbai",28.6,26.0,27.4,83,28.3,23.5,247,1007.3,2.4
2023-08-08,57.0,48.0,7.0,11.0,9.0,2.0,"Sion, Mumbai",28.8,26.2,27.4,83,26.0,21.2,246,1007.6,3.2
2023-08-09,64.0,47.0,7.0,9.0,9.0,2.0,"Sion, Mumbai",28.9,26.1,27.4,83,20.9,17.5,251,1009.6,1.7
2023-08-10,72.0,43.0,7.0,10.0,9.0,2.0,"Sion, Mumbai",28.2,25.6,26.8,85,18.5,14.5,247,1010.3,4.8
2023-08-11,66.0,45.66666666666666,7.0,8.0,9.0,3.0,"Sion, Mumbai",28.8,25.9,27.4,81,16.5,13.1,264,1009.8,3.2
2023-08-12,62.0,48.333333333333336,7.0,5.0,9.0,2.0,"Sion, Mumbai",27.1,24.5,26.1,86,20.7,12.4,248,1009.8,7.2
2023-08-13,70.5,51.0,7.0,7.0,9.0,2.0,"Sion, Mumbai",28.8,25.6,27.2,82,26.1,19.5,255,1008.1,4.1
2023-08-14,79.0,42.0,7.0,11.0,9.0,2.0,"Sion, Mumbai",29.1,26.1,27.6,80,26.2,21.3,238,1008.3,2.1
2023-08-15,66.0,40.0,7.0,14.0,9.0,3.0,"Sion, Mumbai",27.9,26.4,27.1,82,21.0,16.2,232,1008.9,3.8
2023-08-16,63.0,41.0,8.0,15.0,9.0,3.0,"Sion, Mumbai",28.8,25.5,27.1,84,21.6,13.6,260,1009.4,4.1
2023-08-17,68.0,41.0,6.0,14.0,9.0,3.0,"Sion, Mumbai",29.1,25.5,27.1,82,21.8,14.5,284,1009.6,2.1
2023-08-18,65.0,42.0,5.0,13.0,9.0,3.0,"Sion, Mumbai",28.8,25.9,27.3,81,19.1,15.1,291,1008.3,2.6
2023-08-19,69.0,41.0,9.0,14.0,9.0,3.0,"Sion, Mumbai",28.5,25.8,27.1,83,20.3,16.5,294,1007.1,2.4
2023-08-20,61.0,39.0,8.0,16.0,9.0,4.0,"Sion, Mumbai",27.8,24.8,26.3,87,16.7,11.6,295,1007.2,9.7
2023-08-21,68.0,35.0,8.0,15.0,9.0,4.0,"Sion, Mumbai",28.5,25.1,26.6,85,17.9,10.5,283,1007.6,3.4
2023-08-22,64.0,29.0,21.0,14.0,9.0,4.0,"Sion, Mumbai",28.1,25.4,26.6,85,19.5,11.0,261,1007.6,2.5
2023-08-23,58.0,25.0,11.0,12.0,9.0,3.0,"Sion, Mumbai",29.2,25.4,27.3,81,22.3,14.6,246,1007.4,3.6
2023-08-24,55.0,23.0,4.0,13.0,9.0,3.0,"Sion, Mumbai",28.2,25.8,26.7,85,23.0,16.2,227,1006.6,5.6
2023-08-25,52.0,20.0,4.0,14.0,9.0,3.0,"Sion, Mumbai",28.0,25.4,26.7,86,21.7,16.5,222,1006.6,7.4
2023-08-26,44.0,21.0,4.0,17.0,9.0,3.0,"Sion, Mumbai",27.5,24.4,26.3,87,21.3,16.4,229,1008.1,18.6
2023-08-27,46.0,32.0,4.0,17.0,9.0,4.0,"Sion, Mumbai",27.2,24.1,25.7,89,17.0,12.0,223,1009.2,13.9
2023-08-28,60.0,46.0,4.0,18.0,9.0,3.0,"Sion, Mumbai",27.1,24.9,25.9,87,20.2,12.1,221,1008.7,5.0
2023-08-29,73.0,67.0,4.0,19.0,9.0,4.0,"Sion, Mumbai",28.2,25.2,26.5,86,13.1,8.1,240,1008.4,3.2
2023-08-30,93.0,72.0,6.0,20.0,9.0,5.0,"Sion, Mumbai",29.0,24.6,26.7,87,14.7,7.2,275,1009.1,1.0
2023-08-31,103.0,61.0,5.0,19.0,9.0,3.0,"Sion, Mumbai",29.7,25.0,27.3,86,16.5,7.5,318,1008.9,0.2
2023-09-01,87.0,51.0,5.0,17.0,9.0,4.0,"Sion, Mumbai",30.1,24.1,27.2,86,19.6,7.7,322,1008.7,1.2
2023-09-02,80.0,58.0,5.0,15.0,9.0,5.0,"Sion, Mumbai",28.5,25.1,26.5,89,13.0,5.6,321,1008.7,4.4
2023-09-03,86.0,62.0,4.0,16.0,9.0,4.0,"Sion, Mumbai",29.0,25.1,27.0,86,18.1,8.1,306,1007.8,10.6
2023-09-04,94.0,62.0,8.0,12.0,9.0,4.0,"Sion, Mumbai",29.4,24.1,26.9,84,18.8,9.2,316,1006.6,1.7
2023-09-05,87.0,57.0,5.0,15.0,9.0,5.0,"Sion, Mumbai",29.0,25.0,27.1,82,18.4,10.9,310,1006.1,2.2
2023-09-06,82.0,36.0,4.0,18.0,9.0,5.0,"Sion, Mumbai",29.9,26.3,27.9,80,18.6,12.0,296,1006.0,0.4
2023-09-07,71.0,38.0,5.0,17.0,9.0,5.0,"Sion, Mumbai",28.2,24.8,27.1,85,21.5,14.3,281,1005.9,12.5
2023-09-08,71.0,39.0,14.0,15.0,9.0,5.0,"Sion, Mumbai",28.2,26.1,26.8,88,23.9,17.5,292,1006.1,39.8
2023-09-09,66.0,45.0,12.0,6.0,10.0,4.0,"Sion, Mumbai",28.6,25.6,26.9,89,20.2,12.6,281,1006.3,11.3
2023-09-10,76.5,51.0,6.0,13.0,9.0,5.0,"Sion, Mumbai",28.8,25.5,27.1,88,19.1,11.3,253,1006.2,5.5
2023-09-11,87.0,40.0,6.0,13.0,9.0,4.0,"Sion, Mumbai",28.6,24.8,26.3,89,15.8,9.7,256,1007.0,3.8
2023-09-12,65.0,36.0,7.0,13.0,9.0,4.0,"Sion, Mumbai",29.1,24.6,27.0,85,19.5,10.6,256,1007.6,6.6
2023-09-13,67.0,36.0,6.0,14.0,9.0,5.0,"Sion, Mumbai",28.0,25.2,26.5,87,12.6,8.3,242,1007.1,4.7
2023-09-14,72.0,55.0,8.0,4.0,12.0,2.0,"Sion, Mumbai",28.4,24.9,26.7,85,14.7,9.0,222,1007.2,1.6
2023-09-15,80.0,40.0,8.0,2.0,11.0,3.0,"Sion, Mumbai",29.1,24.9,27.3,82,17.4,10.0,241,1007.0,2.0
2023-09-16,62.0,42.0,3.0,4.0,9.0,4.0,"Sion, Mumbai",28.5,25.1,27.3,83,23.5,17.2,253,1006.6,7.3
2023-09-17,68.0,37.0,3.0,5.0,9.0,4.0,"Sion, Mumbai",29.2,25.7,27.4,82,24.8,20.6,241,1005.6,6.5
2023-09-18,65.0,37.0,4.0,4.0,9.0,4.0,"Sion, Mumbai",27.5,25.1,26.2,88,25.3,18.9,217,1005.7,24.6
2023-09-19,67.0,29.0,4.0,6.0,9.0,5.0,"Sion, Mumbai",28.2,25.5,26.6,87,23.7,20.4,204,1007.0,12.4
2023-09-20,62.0,29.0,7.0,7.0,9.0,4.0,"Sion, Mumbai",28.2,25.9,26.6,88,23.2,18.8,205,1007.6,12.1
2023-09-21,56.0,32.0,4.0,8.0,9.0,5.0,"Sion, Mumbai",28.0,25.6,26.7,89,17.1,12.0,219,1007.9,17.5
2023-09-22,63.0,44.0,5.0,10.0,9.0,6.0,"Sion, Mumbai",28.0,25.1,26.5,90,12.5,8.7,186,1008.2,15.6
2023-09-23,75.0,38.0,4.0,9.0,9.0,5.0,"Sion, Mumbai",27.9,25.4,26.3,91,17.6,7.0,210,1008.8,28.2
2023-09-24,71.0,47.0,4.0,8.0,9.0,5.0,"Sion, Mumbai",27.5,24.9,26.3,89,12.0,7.2,229,1009.2,15.1
2023-09-25,78.0,58.0,5.0,10.0,9.0,6.0,"Sion, Mumbai",28.2,24.8,26.4,88,15.8,7.6,263,1008.2,18.1
2023-09-26,94.0,48.0,15.0,16.0,9.0,7.0,"Sion, Mumbai",28.9,24.8,26.6,89,14.5,6.8,271,1007.9,3.7
2023-09-27,95.0,66.0,16.0,9.0,11.0,14.0,"Sion, Mumbai",29.0,24.4,26.3,90,16.5,7.3,344,1007.3,23.3
2023-09-28,120.0,60.0,5.0,15.0,9.0,12.0,"Sion, Mumbai",30.1,24.5,26.8,91,21.8,8.1,339,1005.9,9.6
2023-09-29,110.0,64.0,4.0,15.0,9.0,6.0,"Sion, Mumbai",30.6,25.9,27.6,91,12.4,6.3,42,1005.3,23.5
2023-09-30,108.0,64.0,6.0,12.0,9.0,6.0,"Sion, Mumbai",32.2,25.5,28.0,89,19.0,6.6,32,1004.9,10.9
2023-10-01,117.0,75.0,6.0,9.0,9.0,4.0,"Sion, Mumbai",30.6,26.9,28.5,88,18.2,8.3,279,1005.5,1.5
2023-10-02,124.0,86.0,4.0,12.0,9.0,4.0,"Sion, Mumbai",29.0,24.4,27.5,87,15.4,9.8,240,1008.8,6.9
2023-10-03,127.0,91.0,5.0,13.0,9.0,5.0,"Sion, Mumbai",29.5,26.0,27.5,82,13.9,7.0,289,1010.2,0.3
2023-10-04,138.0,88.0,6.0,12.0,9.0,4.0,"Sion, Mumbai",29.3,24.3,27.2,85,15.7,7.4,282,1010.8,2.6
2023-10-05,136.0,86.0,5.0,15.0,9.0,4.0,"Sion, Mumbai",30.4,24.6,27.3,86,17.5,9.2,326,1010.4,0.1
2023-10-06,136.0,84.0,4.0,15.0,9.0,5.0,"Sion, Mumbai",29.9,25.0,27.2,85,18.6,9.2,334,1009.6,0.4
2023-10-07,134.0,87.0,7.0,13.0,9.0,6.0,"Sion, Mumbai",30.4,24.6,27.2,86,19.6,10.7,348,1009.7,0.1
2023-10-08,141.0,96.0,7.0,15.0,9.0,8.0,"Sion, Mumbai",31.5,25.0,27.8,83,19.5,10.9,348,1010.4,0.0
2023-10-09,156.0,75.0,7.0,16.0,9.0,5.0,"Sion, Mumbai",32.3,24.3,28.1,80,17.5,10.7,341,1011.6,0.0
2023-10-10,119.0,66.0,6.0,17.0,9.0,5.0,"Sion, Mumbai",32.0,23.7,27.7,76,21.3,11.8,347,1011.7,0.0
2023-10-11,98.0,92.0,10.0,27.0,9.0,8.0,"Sion, Mumbai",31.4,24.8,27.6,79,21.5,12.5,345,1011.6,0.0
2023-10-12,148.0,99.0,19.0,23.0,9.0,7.0,"Sion, Mumbai",31.4,24.2,28.0,84,18.4,10.8,336,1011.6,0.0
2023-10-13,161.0,121.0,24.0,22.0,9.0,9.0,"Sion, Mumbai",32.8,25.8,28.7,85,19.5,9.1,334,1011.9,0.0
2023-10-14,171.0,94.0,14.0,16.0,9.0,6.0,"Sion, Mumbai",32.0,25.0,28.4,86,16.6,7.9,326,1012.0,0.0
2023-10-15,158.0,112.0,18.0,21.0,9.0,8.0,"Sion, Mumbai",33.3,25.5,28.7,85,18.7,9.0,342,1010.5,0.6
2023-10-16,167.0,129.0,7.0,28.0,9.0,7.0,"Sion, Mumbai",32.4,24.9,28.8,74,17.3,7.5,341,1010.3,0.5
2023-10-17,173.0,113.0,8.0,21.0,9.0,6.0,"Sion, Mumbai",31.6,25.4,28.2,78,13.1,7.5,315,1011.6,0.0
2023-10-18,168.0,119.0,18.0,30.0,9.0,7.0,"Sion, Mumbai",33.7,24.9,28.9,75,20.8,9.7,348,1012.2,0.0
2023-10-19,165.0,131.0,21.0,31.0,9.0,8.0,"Sion, Mumbai",33.5,25.4,28.9,64,15.7,9.2,347,1012.0,0.0
2023-10-20,171.0,116.0,17.0,30.0,9.0,7.0,"Sion, Mumbai",33.8,24.0,28.7,69,12.5,8.3,354,1011.7,0.0
2023-10-21,165.0,133.0,23.0,47.0,9.0,9.0,"Sion, Mumbai",34.5,24.5,29.3,68,15.5,7.8,42,1012.3,0.1
2023-10-22,172.0,123.0,18.0,78.0,9.0,9.0,"Sion, Mumbai",33.3,24.7,28.9,70,17.1,8.1,345,1012.9,0.0
2023-10-23,170.0,142.0,30.0,84.0,9.0,9.0,"Sion, Mumbai",34.2,24.4,28.7,68,20.5,9.3,353,1011.6,0.0
2023-10-24,176.0,149.0,26.0,70.0,9.0,10.0,"Sion, Mumbai",34.1,23.4,28.7,63,17.9,8.9,358,1011.2,0.0
2023-10-25,175.0,163.0,27.0,40.0,9.0,8.0,"Sion, Mumbai",33.9,23.0,28.2,63,18.0,9.6,349,1012.6,0.0
2023-10-26,176.0,147.0,21.0,60.0,9.0,8.0,"Sion, Mumbai",34.2,22.6,28.1,59,21.9,10.1,358,1012.9,0.0
2023-10-27,169.0,193.0,10.0,57.0,9.0,9.0,"Sion, Mumbai",34.2,21.8,27.6,56,20.9,10.4,359,1011.6,0.0
2023-10-28,183.0,124.0,7.0,9.0,9.0,6.0,"Sion, Mumbai",34.0,21.5,27.4,60,18.8,10.0,6,1011.2,0.0
2023-10-29,167.0,126.0,8.0,25.0,9.0,8.0,"Sion, Mumbai",34.5,22.1,27.6,56,19.1,10.1,14,1010.8,0.0
2023-10-30,169.0,136.0,9.0,24.0,9.0,7.0,"Sion, Mumbai",34.7,21.8,27.7,62,16.5,8.2,15,1010.7,0.0
2023-10-31,174.0,114.0,11.0,35.0,9.0,6.0,"Sion, Mumbai",34.4,22.4,28.1,63,18.4,9.0,8,1011.3,0.0
2023-11-01,175.0,134.0,9.0,12.0,9.0,7.0,"Sion, Mumbai",33.8,22.4,27.7,60,17.2,9.0,351,1012.1,0.0
2023-11-02,171.0,117.0,8.0,10.0,9.0,7.0,"Sion, Mumbai",33.7,22.5,27.5,62,19.6,9.8,357,1011.3,0.0
2023-11-03,173.0,138.0,11.0,32.0,9.0,8.0,"Sion, Mumbai",34.6,23.2,28.1,59,22.0,11.6,9,1009.6,0.0
2023-11-04,177.0,151.0,13.0,33.0,9.0,9.0,"Sion, Mumbai",35.3,23.6,28.5,59,19.1,9.4,17,1009.1,0.0
2023-11-05,178.0,130.0,6.0,54.0,9.0,8.0,"Sion, Mumbai",34.5,23.4,28.8,63,15.5,9.2,1,1010.6,0.0
2023-11-06,163.0,110.0,5.0,89.0,11.0,8.0,"Sion, Mumbai",35.0,23.6,28.6,60,21.1,9.6,4,1011.7,0.0
2023-11-07,93.0,79.0,8.0,4.0,9.0,5.0,"Sion, Mumbai",33.6,22.5,27.6,59,22.6,9.9,353,1011.7,0.0
2023-11-08,71.0,86.0,13.0,14.0,10.0,4.0,"Sion, Mumbai",31.6,24.8,28.0,74,22.8,9.7,204,1011.6,0.0
2023-11-09,91.0,74.0,8.0,14.0,9.0,3.0,"Sion, Mumbai",33.0,24.8,28.5,77,15.3,6.5,333,1012.2,0.1
2023-11-10,75.0,92.0,3.0,12.0,9.0,6.0,"Sion, Mumbai",32.2,25.3,28.4,74,18.9,7.6,102,1013.5,0.1
2023-11-11,127.0,89.5,3.375,15.875,9.0,5.875,"Sion, Mumbai",34.8,24.5,29.3,64,21.1,10.7,6,1013.6,0.0
2023-11-18,116.5,72.0,6.0,43.0,9.0,5.0,"Sion, Mumbai",33.2,22.0,27.0,64,15.5,8.5,353,1011.9,0.0
2023-11-19,115.0,85.0,5.0,59.0,10.0,8.0,"Sion, Mumbai",32.0,21.5,27.0,65,19.5,10.5,343,1011.9,0.0
2023-11-20,122.0,76.0,8.5,53.5,9.5,5.5,"Sion, Mumbai",33.7,23.2,28.0,62,18.1,8.9,343,1012.2,0.0
2023-11-21,115.0,67.0,12.0,48.0,9.0,3.0,"Sion, Mumbai",33.7,24.4,28.6,61,21.4,10.3,349,1012.0,0.0
2023-11-22,108.0,84.0,14.0,50.0,9.0,5.0,"Sion, Mumbai",33.3,23.4,27.7,52,20.2,11.4,358,1011.4,0.0
2023-11-23,139.0,131.0,8.0,69.0,10.0,13.0,"Sion, Mumbai",32.8,22.6,27.2,54,19.9,11.1,351,1009.6,0.0
2023-11-24,161.0,63.0,4.0,47.0,9.0,6.0,"Sion, Mumbai",33.8,22.5,27.6,61,16.3,8.3,3,1009.5,0.0
2023-11-25,93.0,59.0,5.0,44.0,9.0,4.0,"Sion, Mumbai",32.8,23.4,27.9,70,14.3,8.9,34,1011.3,0.0
2023-11-26,88.0,30.0,4.0,10.0,10.0,1.0,"Sion, Mumbai",30.5,24.1,27.2,79,22.7,8.3,210,1011.8,2.1
2023-11-27,45.0,59.0,4.0,14.0,9.0,3.0,"Sion, Mumbai",30.0,23.7,26.3,77,16.6,7.6,334,1011.2,1.4
2023-11-28,67.0,83.0,5.0,16.0,9.0,5.0,"Sion, Mumbai",29.6,23.2,26.0,73,17.6,9.7,334,1010.3,0.0
2023-11-29,98.0,85.0,5.0,8.0,9.0,4.0,"Sion, Mumbai",28.5,20.9,24.8,72,17.1,9.3,333,1011.2,0.0
2023-11-30,105.0,104.0,4.0,14.0,11.0,6.0,"Sion, Mumbai",29.5,21.0,25.0,78,19.4,9.7,335,1011.8,0.0
2023-12-01,138.0,96.0,6.0,3.0,12.0,6.0,"Sion, Mumbai",29.2,22.2,25.2,80,17.1,8.6,330,1011.5,0.0
2023-12-02,129.0,105.0,7.0,10.0,13.0,8.0,"Sion, Mumbai",30.8,21.0,25.8,77,16.5,7.7,339,1010.3,0.0
2023-12-03,130.0,101.0,4.0,20.0,13.0,8.0,"Sion, Mumbai",32.9,23.5,27.6,69,19.7,10.2,352,1010.4,0.0
2023-12-04,135.0,96.0,4.0,17.0,13.0,6.0,"Sion, Mumbai",32.8,24.0,27.9,68,21.7,10.8,342,1009.7,0.1
2023-12-05,133.0,84.5,4.0,17.0,13.0,4.5,"Sion, Mumbai",32.3,24.8,27.8,65,21.7,13.2,348,1008.7,0.0
2023-12-06,115.0,73.0,4.0,17.0,13.0,3.0,"Sion, Mumbai",31.2,22.2,26.5,67,20.9,10.1,345,1009.8,0.0
2023-12-07,97.0,81.0,6.0,26.0,13.0,4.0,"Sion, Mumbai",31.0,22.3,26.1,68,20.1,11.2,348,1010.7,0.0
2023-12-08,107.0,101.0,6.0,25.0,13.0,6.0,"Sion, Mumbai",31.4,21.6,26.1,67,20.1,10.3,351,1011.3,0.0
2023-12-09,123.0,93.0,5.0,32.0,13.0,6.0,"Sion, Mumbai",32.0,21.9,26.3,64,20.5,10.6,351,1012.2,0.0
2023-12-10,115.0,105.0,4.0,34.0,13.0,7.0,"Sion, Mumbai",32.4,22.3,26.6,62,18.4,10.4,353,1011.2,0.0
2023-12-11,130.0,111.0,4.0,33.0,13.0,8.0,"Sion, Mumbai",32.0,21.8,26.7,57,17.9,11.0,349,1011.6,0.0
2023-12-12,131.0,98.5,7.0,26.0,13.0,6.0,"Sion, Mumbai",31.1,21.0,25.6,57,19.8,10.7,345,1011.0,0.0
2023-12-13,121.5,86.0,10.0,19.0,13.0,4.0,"Sion, Mumbai",30.5,20.5,25.2,62,19.5,9.1,341,1011.6,0.0
2023-12-14,112.0,115.0,4.0,34.0,13.0,8.0,"Sion, Mumbai",32.0,21.1,26.4,60,15.2,7.7,38,1012.7,0.0
2023-12-15,144.0,106.0,5.0,31.0,13.0,6.0,"Sion, Mumbai",31.6,20.9,26.1,55,14.9,9.7,8,1013.8,0.0
2023-12-16,127.0,96.0,6.0,27.0,12.0,4.0,"Sion, Mumbai",31.6,20.1,25.3,56,21.0,10.9,7,1013.3,0.0
2023-12-17,135.0,89.0,15.0,18.0,13.0,2.0,"Sion, Mumbai",32.0,21.2,25.9,56,20.5,11.4,18,1012.3,0.0
2023-12-18,137.0,89.0,4.0,25.0,13.0,4.0,"Sion, Mumbai",32.7,22.9,27.2,50,18.1,12.0,57,1012.9,0.0
2023-12-19,122.0,133.0,4.0,21.0,13.0,4.0,"Sion, Mumbai",32.5,23.8,27.0,53,17.5,11.1,43,1013.8,0.0
2023-12-20,147.0,159.0,10.0,37.0,13.0,8.0,"Sion, Mumbai",32.5,21.5,25.9,51,20.0,10.8,27,1013.9,0.0
2023-12-21,172.0,157.0,5.0,43.0,14.0,14.0,"Sion, Mumbai",32.8,21.6,26.2,56,20.3,10.7,9,1012.8,0.0
2023-12-22,164.0,84.0,9.0,19.0,14.0,6.0,"Sion, Mumbai",31.0,21.1,26.0,64,14.3,7.7,345,1012.9,0.0
2023-12-23,141.0,111.0,8.0,27.0,14.0,9.0,"Sion, Mumbai",32.5,20.5,25.9,63,21.6,10.1,347,1013.6,0.0
2023-12-24,155.0,88.0,11.0,18.0,14.0,6.0,"Sion, Mumbai",31.9,20.4,25.5,58,17.4,8.9,350,1014.7,0.0
2023-12-25,147.0,117.0,12.0,30.0,14.0,10.0,"Sion, Mumbai",32.1,19.8,25.3,60,19.1,10.1,4,1014.7,0.0
2023-12-26,164.0,111.0,9.0,28.0,14.0,9.0,"Sion, Mumbai",32.5,19.0,25.6,59,15.4,8.9,351,1014.7,0.0
2023-12-27,161.0,124.0,9.0,33.0,15.0,11.0,"Sion, Mumbai",33.4,19.9,26.2,55,20.6,10.9,351,1014.8,0.0
2023-12-28,170.0,137.0,7.0,39.0,15.0,13.0,"Sion, Mumbai",31.7,20.7,25.9,63,17.7,10.1,350,1013.2,0.0
2023-12-29,169.0,139.0,4.0,40.0,16.0,14.0,"Sion, Mumbai",32.4,20.8,25.7,66,15.2,8.2,341,1013.2,0.0
2023-12-30,169.0,83.0,9.0,21.0,15.0,7.0,"Sion, Mumbai",31.5,19.8,25.1,70,15.4,8.5,345,1013.0,0.0
2023-12-31,133.0,97.0,9.0,29.0,15.0,9.0,"Sion, Mumbai",31.5,19.9,25.5,64,16.1,8.8,343,1012.4,0.0
2024-01-01,155.0,118.0,8.0,26.0,14.0,9.0,"Sion, Mumbai",31.1,20.7,25.4,66,17.6,9.6,340,1012.6,0.0
2024-01-02,175.0,100.0,8.0,27.0,15.0,9.0,"Sion, Mumbai",30.5,20.2,24.8,67,22.4,11.0,337,1012.1,0.0
2024-01-03,154.0,102.0,6.0,28.0,14.0,9.0,"Sion, Mumbai",29.9,20.0,24.4,64,20.7,11.3,337,1011.5,0.0
2024-01-04,157.0,98.0,5.0,23.0,14.0,8.0,"Sion, Mumbai",28.9,19.5,23.7,73,20.1,12.7,333,1011.9,0.0
2024-01-05,156.0,98.0,4.0,26.0,13.0,9.0,"Sion, Mumbai",29.4,18.3,23.2,73,18.6,10.2,341,1012.2,0.0
2024-01-06,152.0,96.0,5.0,26.0,14.0,9.0,"Sion, Mumbai",31.4,19.9,25.1,61,22.8,13.0,338,1011.9,0.0
2024-01-07,148.0,84.0,6.0,17.0,13.0,6.0,"Sion, Mumbai",31.1,21.5,25.5,64,18.7,10.3,353,1012.0,0.0
2024-01-08,122.0,102.0,4.0,27.0,14.0,9.0,"Sion, Mumbai",32.2,22.0,26.7,57,19.1,11.7,3,1012.0,0.0
2024-01-09,148.0,60.0,6.0,11.0,13.0,4.0,"Sion, Mumbai",30.0,23.2,26.3,69,16.8,7.1,322,1012.7,0.1
2024-01-10,86.0,84.0,4.0,19.0,14.0,7.0,"Sion, Mumbai",29.8,22.4,25.9,71,13.5,8.5,43,1013.1,1.5
2024-01-11,136.0,85.0,5.0,23.0,15.0,7.0,"Sion, Mumbai",32.3,22.9,27.1,66,20.6,11.6,352,1013.2,0.1
2024-01-12,137.0,192.0,8.0,20.0,13.0,6.0,"Sion, Mumbai",33.5,23.0,27.6,62,21.5,11.0,353,1012.5,0.0
2024-01-13,147.0,99.0,4.0,33.0,14.0,11.0,"Sion, Mumbai",32.7,21.1,26.6,63,19.0,10.6,340,1013.4,0.0
2024-01-14,140.0,45.0,3.0,5.0,13.0,1.0,"Sion, Mumbai",32.5,21.4,26.5,49,21.2,12.3,347,1014.1,0.0
2024-01-15,58.0,74.0,5.0,13.0,13.0,4.0,"Sion, Mumbai",30.0,20.1,24.8,42,22.5,13.2,351,1014.0,0.0
2024-01-16,101.0,79.0,7.0,15.0,13.0,5.0,"Sion, Mumbai",28.4,17.2,22.5,58,19.0,10.4,339,1012.0,0.0
2024-01-17,114.0,83.0,13.0,16.0,12.0,5.0,"Sion, Mumbai",27.5,17.0,22.3,66,16.4,9.5,337,1011.5,0.0
2024-01-18,121.0,97.0,4.0,18.0,12.0,6.0,"Sion, Mumbai",27.4,17.5,22.4,67,19.1,9.6,332,1012.9,0.0
2024-01-19,135.0,118.0,5.0,29.0,15.0,10.0,"Sion, Mumbai",27.4,17.5,22.3,71,15.3,8.5,333,1012.6,0.0
2024-01-20,141.0,90.0,5.0,21.0,15.0,7.0,"Sion, Mumbai",28.2,18.8,23.1,65,23.4,12.1,340,1013.7,0.0
2024-01-21,111.0,100.0,5.0,21.0,14.0,7.0,"Sion, Mumbai",29.5,18.2,23.8,53,20.6,10.7,346,1013.3,0.0
2024-01-22,116.0,108.0,5.0,24.0,15.0,8.0,"Sion, Mumbai",29.0,17.7,23.4,56,20.0,10.2,337,1013.9,0.0
2024-01-23,125.0,72.0,6.0,11.0,14.0,3.0,"Sion, Mumbai",29.6,19.6,23.9,38,26.8,16.9,349,1014.4,0.0
2024-01-24,97.0,72.0,7.0,13.0,13.0,4.0,"Sion, Mumbai",30.4,18.9,24.0,38,22.2,15.4,355,1013.9,0.0
2024-01-25,104.0,99.0,6.0,30.0,15.0,10.0,"Sion, Mumbai",30.2,18.0,23.8,45,18.3,10.5,351,1014.8,0.0
2024-01-26,129.0,92.0,5.0,27.0,15.0,9.0,"Sion, Mumbai",31.2,17.6,24.0,50,18.1,9.8,344,1015.7,0.0
2024-01-27,125.0,92.0,4.0,23.0,15.0,8.0,"Sion, Mumbai",32.0,19.4,25.1,48,18.1,10.9,349,1015.8,0.0
2024-01-28,116.0,90.0,7.0,25.0,15.0,8.0,"Sion, Mumbai",32.0,18.8,25.1,46,20.5,11.0,345,1015.4,0.0
2024-01-29,123.0,101.0,4.0,24.0,14.0,8.0,"Sion, Mumbai",31.8,19.5,25.3,43,24.0,13.5,340,1015.3,0.0
2024-01-30,139.0,72.0,6.0,12.0,14.0,4.0,"Sion, Mumbai",31.1,19.6,24.7,49,21.8,12.4,337,1014.4,0.0
2024-01-31,107.0,65.0,5.0,13.0,14.0,4.0,"Sion, Mumbai",29.2,19.7,23.9,63,20.8,11.8,329,1014.3,0.0
2024-02-01,98.0,62.0,5.0,12.0,15.0,4.0,"Sion, Mumbai",28.0,19.0,23.1,69,22.1,11.0,328,1015.4,0.0
2024-02-02,83.0,75.0,4.0,16.0,13.0,5.0,"Sion, Mumbai",29.8,19.2,23.8,67,22.7,12.8,344,1015.3,0.0
2024-02-03,109.0,95.0,8.0,25.0,14.0,8.0,"Sion, Mumbai",34.0,20.3,26.3,51,24.8,12.0,356,1014.3,0.0
2024-02-04,139.0,97.0,6.0,36.0,15.0,12.0,"Sion, Mumbai",32.3,20.7,26.2,55,15.6,8.5,329,1015.1,0.0
2024-02-05,134.0,96.0,7.0,32.0,15.0,11.0,"Sion, Mumbai",31.8,22.1,26.4,54,20.9,12.7,333,1015.6,0.0
2024-02-06,133.0,111.0,7.0,10.0,14.0,3.0,"Sion, Mumbai",31.8,21.2,25.9,56,21.8,13.2,333,1015.4,0.0
2024-02-07,151.0,72.0,6.0,15.0,13.0,5.0,"Sion, Mumbai",32.2,21.5,26.2,57,26.3,16.2,340,1015.9,0.0
2024-02-08,109.0,78.0,7.0,18.0,14.0,6.0,"Sion, Mumbai",31.9,20.9,25.9,52,26.2,15.5,342,1015.0,0.0
2024-02-09,115.0,76.0,7.0,15.0,14.0,5.0,"Sion, Mumbai",31.0,19.0,24.7,52,24.8,14.3,334,1014.6,0.0
2024-02-10,110.0,103.0,9.0,17.0,14.0,6.0,"Sion, Mumbai",30.9,18.9,24.5,42,26.3,14.6,339,1015.6,0.0
2024-02-11,137.0,88.0,13.0,28.0,14.0,10.0,"Sion, Mumbai",30.9,18.0,24.2,45,24.2,13.4,335,1015.8,0.0
2024-02-12,133.0,99.0,11.0,24.0,15.0,8.0,"Sion, Mumbai",30.8,18.3,24.3,53,17.2,10.8,330,1015.3,0.0
2024-02-13,132.0,76.0,11.0,16.0,14.0,5.0,"Sion, Mumbai",31.5,19.0,24.9,41,24.2,13.8,338,1015.1,0.0
2024-02-14,119.0,81.0,8.0,20.0,14.0,7.0,"Sion, Mumbai",32.8,20.9,25.7,39,25.9,15.5,342,1014.5,0.0
2024-02-15,126.0,86.0,9.0,27.0,14.0,9.0,"Sion, Mumbai",32.2,20.1,25.9,45,23.5,13.2,338,1013.5,0.0
2024-02-16,154.0,106.0,10.0,32.0,16.0,10.0,"Sion, Mumbai",32.8,20.5,26.0,58,19.5,8.4,308,1013.4,0.0
2024-02-17,152.0,66.0,6.0,12.0,14.0,4.0,"Sion, Mumbai",32.2,20.1,26.4,60,16.3,8.5,308,1012.3,0.0
2024-02-18,95.0,68.0,6.0,19.0,15.0,7.0,"Sion, Mumbai",34.4,20.0,26.7,56,23.4,11.9,333,1011.4,0.0
2024-02-19,97.0,51.0,5.0,7.0,14.0,2.0,"Sion, Mumbai",32.0,19.5,25.9,50,21.9,13.1,329,1012.2,0.0
2024-02-20,63.0,64.0,5.0,7.0,14.0,2.0,"Sion, Mumbai",31.4,20.4,25.4,61,27.0,13.9,337,1013.1,0.0
2024-02-21,71.0,51.0,5.0,8.0,14.0,2.0,"Sion, Mumbai",28.8,19.5,24.1,76,20.6,10.8,320,1013.1,0.0
2024-02-22,66.0,61.0,6.0,10.0,14.0,3.0,"Sion, Mumbai",28.6,21.1,24.5,77,21.7,12.5,324,1013.5,0.3
2024-02-23,77.0,75.5,5.0,13.0,15.0,4.0,"Sion, Mumbai",30.0,19.2,24.6,63,25.7,14.1,346,1013.2,0.0
2024-02-24,97.0,90.0,8.0,20.0,15.0,7.0,"Sion, Mumbai",31.6,19.4,24.9,34,29.5,16.5,347,1012.4,0.0
2024-02-25,117.0,95.0,19.0,30.0,15.0,10.0,"Sion, Mumbai",33.5,18.2,25.5,30,21.2,12.4,349,1010.7,0.0
2024-02-26,144.0,94.0,10.0,29.0,15.0,9.0,"Sion, Mumbai",33.0,19.0,26.0,54,19.8,9.8,297,1010.1,0.0
2024-02-27,143.0,72.0,10.0,12.0,14.0,4.0,"Sion, Mumbai",33.3,21.6,27.5,53,24.1,11.8,325,1011.8,0.0
2024-02-28,116.0,75.0,10.0,15.0,14.0,5.0,"Sion, Mumbai",34.2,22.8,27.7,42,23.5,11.6,332,1011.3,0.0
2024-02-29,120.0,105.0,9.0,24.0,15.0,8.0,"Sion, Mumbai",33.8,23.5,28.2,52,21.2,11.1,323,1010.8,0.0
2024-03-01,164.0,53.0,5.0,5.0,14.0,1.0,"Sion, Mumbai",33.8,23.6,27.5,60,21.7,12.4,320,1012.0,0.0
2024-03-02,74.0,56.0,5.0,2.0,13.0,1.5,"Sion, Mumbai",29.5,23.0,26.0,76,20.7,10.6,301,1012.8,0.0
2024-03-03,44.0,61.0,6.0,6.0,13.0,2.0,"Sion, Mumbai",28.0,21.0,24.7,73,20.9,15.3,324,1013.4,0.0
2024-03-04,51.0,105.0,8.0,14.0,14.0,4.0,"Sion, Mumbai",28.5,18.5,23.1,61,22.6,13.5,340,1013.7,0.0
2024-03-05,94.0,131.0,9.0,27.0,15.0,9.0,"Sion, Mumbai",30.0,18.1,23.9,47,24.7,11.7,333,1012.9,0.0
2024-03-06,108.0,132.0,9.0,22.0,13.0,7.0,"Sion, Mumbai",30.9,18.0,24.5,34,25.5,13.3,333,1012.7,0.0
2024-03-07,120.0,109.0,7.0,13.0,14.0,4.0,"Sion, Mumbai",32.3,20.4,26.4,38,26.0,14.8,333,1012.1,0.0
2024-03-08,86.0,128.0,8.0,20.0,15.0,6.0,"Sion, Mumbai",34.7,21.5,27.9,30,30.4,16.3,341,1012.0,0.0
2024-03-09,107.0,105.0,6.0,21.0,15.0,7.0,"Sion, Mumbai",34.8,21.9,28.0,30,25.5,14.0,334,1012.0,0.0
2024-03-10,89.0,115.0,6.0,21.0,15.0,7.0,"Sion, Mumbai",32.5,20.3,26.8,35,24.2,15.8,327,1013.1,0.0
2024-03-11,97.0,88.0,11.0,14.0,13.0,4.0,"Sion, Mumbai",34.0,20.5,27.4,46,27.5,15.8,332,1014.2,0.0
2024-03-12,85.0,73.0,10.0,9.0,13.0,3.0,"Sion, Mumbai",34.5,21.6,27.9,45,24.5,14.3,335,1013.3,0.0
2024-03-13,67.0,76.0,6.0,10.0,14.0,3.0,"Sion, Mumbai",31.4,21.6,26.5,63,26.0,15.6,328,1013.1,0.0
2024-03-14,72.0,101.5,6.0,10.0,14.0,3.0,"Sion, Mumbai",31.0,20.6,25.6,70,26.8,13.9,331,1013.4,0.0
2024-03-15,82.0,127.0,6.0,10.0,14.0,3.0,"Sion, Mumbai",29.6,20.2,24.5,73,18.9,10.9,321,1012.5,0.0
2024-03-16,92.0,107.0,6.0,9.0,13.0,3.0,"Sion, Mumbai",30.2,19.4,24.7,74,21.4,11.8,317,1012.3,0.0
2024-03-17,86.0,98.0,6.0,9.0,13.0,3.0,"Sion, Mumbai",31.3,20.4,25.3,75,20.5,11.0,316,1012.4,0.0
2024-03-18,81.0,110.0,9.0,12.0,13.0,3.0,"Sion, Mumbai",30.7,22.1,26.0,79,19.3,9.9,298,1012.2,0.0
2024-03-19,94.0,140.0,9.0,19.0,14.0,6.0,"Sion, Mumbai",32.5,22.2,26.6,69,23.4,11.9,325,1012.0,0.0
2024-03-20,105.0,142.0,9.0,20.0,14.0,6.0,"Sion, Mumbai",37.8,21.0,29.0,31,28.3,15.2,342,1010.8,0.0
2024-03-21,112.0,96.0,11.0,16.0,14.0,5.0,"Sion, Mumbai",37.0,22.0,29.4,30,22.2,10.9,335,1009.3,0.0
2024-03-22,121.0,83.0,8.0,14.0,14.0,4.0,"Sion, Mumbai",32.3,22.5,27.2,71,20.2,10.3,257,1009.2,0.0
2024-03-23,126.0,68.0,7.0,8.0,14.0,2.0,"Sion, Mumbai",32.2,21.2,26.7,71,21.5,11.1,312,1009.5,0.0
2024-03-24,99.0,70.0,8.0,18.0,14.0,5.0,"Sion, Mumbai",31.6,21.6,26.8,74,21.7,12.6,319,1010.9,0.0
2024-03-25,122.0,71.0,8.0,11.0,14.0,3.0,"Sion, Mumbai",32.2,22.4,27.4,72,22.8,13.9,324,1011.2,0.0
2024-03-26,101.0,65.0,7.0,7.0,14.0,2.0,"Sion, Mumbai",33.3,21.8,27.6,71,25.2,12.5,321,1011.0,0.0
2024-03-27,89.0,77.0,8.0,9.0,14.0,3.0,"Sion, Mumbai",32.5,22.9,27.5,79,24.7,10.7,305,1012.4,0.0
2024-03-28,103.0,93.0,8.0,12.0,14.0,4.0,"Sion, Mumbai",32.5,23.3,27.6,78,19.8,10.0,312,1011.2,0.0
2024-03-29,117.0,97.0,8.0,10.0,14.0,3.0,"Sion, Mumbai",34.5,23.6,28.6,69,22.8,11.7,316,1010.0,0.0
2024-03-30,131.0,87.0,9.0,8.0,14.0,2.0,"Sion, Mumbai",33.9,24.2,28.5,66,26.5,15.1,324,1011.4,0.0
2024-03-31,106.0,98.0,10.0,7.0,13.0,2.0,"Sion, Mumbai",33.8,23.5,28.9,55,27.5,15.8,329,1012.2,0.0
2024-04-01,134.0,100.0,9.5,8.0,13.5,2.0,"Sion, Mumbai",33.5,24.7,28.4,66,22.6,14.2,323,1009.8,0.0
2024-04-02,133.5,102.0,9.0,9.0,14.0,2.0,"Sion, Mumbai",32.2,22.0,27.2,71,21.1,11.0,313,1008.6,0.0
2024-04-03,133.0,73.0,9.0,11.0,14.0,3.0,"Sion, Mumbai",32.7,21.8,27.1,71,23.2,11.1,313,1009.5,0.0
2024-04-04,93.0,100.0,10.0,4.0,13.0,1.0,"Sion, Mumbai",32.8,22.5,27.8,70,23.5,14.8,321,1009.9,0.0
2024-04-05,134.0,85.5,11.0,5.5,13.0,1.5,"Sion, Mumbai",35.0,23.5,29.3,61,28.0,17.0,327,1009.0,0.0
2024-04-06,115.0,71.0,12.0,7.0,13.0,2.0,"Sion, Mumbai",36.4,25.2,30.9,44,29.6,18.6,333,1007.9,0.0
2024-04-07,96.0,66.0,11.0,9.0,14.0,3.0,"Sion, Mumbai",36.2,25.9,30.1,46,27.8,16.6,325,1008.0,0.0
2024-04-08,88.0,83.0,12.0,8.0,14.0,2.0,"Sion, Mumbai",32.8,22.2,27.7,67,21.5,11.4,311,1008.6,0.0
2024-04-09,105.0,89.0,13.0,7.0,14.0,2.0,"Sion, Mumbai",33.8,21.9,27.7,74,22.1,11.0,305,1008.9,0.0
2024-04-10,91.0,122.0,13.0,9.0,14.0,3.0,"Sion, Mumbai",32.8,23.3,27.7,77,22.6,11.7,298,1009.0,0.0
2024-04-11,93.0,95.5,12.5,8.0,13.5,2.5,"Sion, Mumbai",32.6,23.0,27.8,73,21.4,10.2,304,1009.3,0.0
2024-04-12,83.5,69.0,12.0,7.0,13.0,2.0,"Sion, Mumbai",33.2,23.8,27.9,66,19.3,11.1,304,1009.3,0.0
2024-04-13,74.0,68.0,12.0,7.0,13.0,2.0,"Sion, Mumbai",31.0,22.7,26.9,72,19.7,10.1,303,1009.9,0.0
2024-04-14,75.0,92.0,18.0,11.0,13.0,3.0,"Sion, Mumbai",32.0,22.0,27.4,80,25.4,12.0,317,1010.4,0.0
2024-04-15,115.0,109.0,18.0,16.0,14.0,5.0,"Sion, Mumbai",35.9,25.0,30.9,65,24.0,12.9,323,1009.6,0.0
2024-04-16,139.0,74.0,20.0,8.0,13.0,2.0,"Sion, Mumbai",41.0,28.1,33.8,48,22.9,14.5,334,1008.0,0.0
2024-04-17,106.0,80.0,16.0,9.0,13.0,3.0,"Sion, Mumbai",32.5,28.2,30.5,68,21.8,13.1,219,1008.4,0.0
2024-04-18,115.0,70.0,16.0,11.0,13.0,3.0,"Sion, Mumbai",33.8,27.5,30.4,74,23.1,12.3,268,1008.0,0.0
2024-04-19,87.0,98.0,14.0,13.0,13.0,4.0,"Sion, Mumbai",35.3,26.6,30.7,66,28.8,13.4,299,1006.6,0.0
2024-04-20,81.0,65.0,17.0,17.0,13.0,5.0,"Sion, Mumbai",35.3,26.3,30.5,59,29.0,14.5,322,1007.0,0.0
2024-04-21,67.0,60.0,17.0,19.0,13.0,6.0,"Sion, Mumbai",33.8,25.1,29.8,60,28.0,15.7,324,1007.7,0.0
2024-04-22,67.0,73.0,17.0,20.0,13.0,6.0,"Sion, Mumbai",34.2,26.1,29.9,65,26.7,15.4,324,1008.4,0.0
2024-04-23,79.0,75.0,17.0,22.0,13.0,7.0,"Sion, Mumbai",34.2,24.6,29.3,67,26.1,14.4,321,1007.3,0.0
2024-04-24,75.0,74.0,19.0,23.0,13.0,7.0,"Sion, Mumbai",33.6,24.0,29.1,72,24.9,13.9,317,1006.5,0.0
2024-04-25,71.0,78.5,20.5,25.0,13.0,8.0,"Sion, Mumbai",34.2,25.1,29.5,68,27.8,15.4,318,1006.9,0.0
2024-04-26,83.0,83.0,22.0,27.0,13.0,9.0,"Sion, Mumbai",34.8,26.2,30.2,64,23.8,15.0,320,1006.8,0.0
2024-04-27,95.0,111.0,25.0,28.0,13.0,9.0,"Sion, Mumbai",35.5,26.3,31.1,59,27.8,16.5,326,1006.6,0.0
2024-04-28,119.0,95.0,24.0,30.0,13.0,10.0,"Sion, Mumbai",39.0,27.0,33.1,46,30.4,18.3,333,1006.4,0.0
2024-04-29,95.0,95.0,25.0,31.0,13.0,10.0,"Sion, Mumbai",37.9,26.7,32.6,43,28.8,17.5,328,1007.7,0.0
2024-04-30,100.0,76.0,25.0,33.0,13.0,11.0,"Sion, Mumbai",37.2,26.0,31.8,53,29.3,15.8,321,1006.7,0.0
2024-05-01,76.0,84.0,26.0,33.0,13.0,11.0,"Sion, Mumbai",34.1,25.6,29.6,64,21.8,11.8,299,1006.0,0.0
2024-05-02,87.0,87.0,26.0,34.0,13.0,11.0,"Sion, Mumbai",32.5,24.6,28.7,70,22.1,10.1,276,1006.3,0.0
2024-05-03,92.0,66.0,26.0,35.0,13.0,11.0,"Sion, Mumbai",32.7,23.5,28.1,77,22.3,10.7,299,1007.5,0.0
2024-05-04,70.0,60.0,29.0,37.0,13.0,12.0,"Sion, Mumbai",32.7,24.1,28.8,80,23.7,12.0,300,1008.3,0.0
2024-05-05,70.0,53.0,29.0,37.0,13.0,12.0,"Sion, Mumbai",34.3,25.4,29.9,74,25.5,12.2,304,1006.5,0.0
2024-05-06,64.0,60.0,29.0,37.0,13.0,12.0,"Sion, Mumbai",33.0,26.1,29.3,77,22.2,11.8,302,1007.5,0.0
2024-05-07,69.0,57.0,36.0,38.0,13.0,12.0,"Sion, Mumbai",32.7,25.8,29.4,76,21.6,12.0,272,1008.5,0.0
2024-05-08,66.0,53.0,36.0,38.0,13.0,12.0,"Sion, Mumbai",32.5,26.8,29.6,74,26.8,12.4,281,1007.9,0.0
2024-05-09,65.0,53.0,36.0,38.0,13.0,13.0,"Sion, Mumbai",32.7,26.4,29.6,77,21.9,10.7,292,1007.2,0.0
2024-05-10,63.0,66.0,41.0,38.0,13.0,12.0,"Sion, Mumbai",32.8,26.4,29.6,76,21.8,12.3,294,1008.2,0.0
2024-05-11,76.0,61.5,39.0,38.5,13.0,12.5,"Sion, Mumbai",33.3,26.6,29.9,77,25.7,13.8,314,1008.8,0.0
2024-05-12,75.0,57.0,37.0,39.0,13.0,13.0,"Sion, Mumbai",33.5,27.4,30.4,74,24.4,14.5,318,1008.8,0.0
2024-05-13,74.0,88.0,39.0,40.0,14.0,13.0,"Sion, Mumbai",34.3,28.0,30.5,73,25.6,11.3,330,1008.3,2.0
2024-05-14,124.0,104.0,39.0,41.0,14.0,14.0,"Sion, Mumbai",36.2,27.9,31.2,65,25.7,13.9,316,1007.6,0.0
2024-05-15,146.0,78.0,41.0,11.0,14.0,13.0,"Sion, Mumbai",35.0,27.0,31.1,70,22.7,12.0,301,1007.9,0.0
2024-05-16,103.0,77.0,31.0,17.0,13.0,7.0,"Sion, Mumbai",37.8,27.3,31.7,71,19.9,8.3,225,1008.0,0.1
2024-05-17,97.0,65.0,29.0,17.0,13.0,6.0,"Sion, Mumbai",35.2,28.6,31.3,70,19.0,10.0,245,1007.1,0.0
2024-05-18,89.0,68.0,30.0,17.0,13.0,6.0,"Sion, Mumbai",34.2,27.9,31.0,80,18.7,9.4,261,1005.1,0.0
2024-05-19,94.0,96.5,1.0,19.0,21.0,6.5,"Sion, Mumbai",33.8,26.9,30.8,76,21.4,10.2,257,1003.3,1.8
2024-05-20,136.5,125.0,3.0,21.0,13.0,7.0,"Sion, Mumbai",34.5,29.5,31.5,74,22.3,13.7,248,1003.6,0.0
2024-05-21,179.0,68.0,17.0,19.0,11.0,6.0,"Sion, Mumbai",35.0,29.0,31.6,75,23.5,12.3,268,1003.4,0.2
2024-05-22,143.0,64.0,22.0,33.0,10.0,5.0,"Sion, Mumbai",34.1,29.2,31.4,77,20.6,13.8,271,1003.0,0.4
2024-05-23,82.0,59.0,27.0,29.0,9.0,6.0,"Sion, Mumbai",33.8,28.4,31.0,78,27.1,12.5,266,1002.2,0.0
2024-05-24,97.0,113.0,25.0,27.0,9.0,6.0,"Sion, Mumbai",34.0,28.4,31.0,76,20.2,12.9,263,1002.2,0.2
2024-05-25,129.0,116.0,25.0,26.0,9.0,6.0,"Sion, Mumbai",33.5,28.9,30.9,72,20.2,14.9,270,1003.5,1.4
2024-05-26,63.0,59.0,25.0,25.0,9.0,6.0,"Sion, Mumbai",33.4,29.2,31.1,69,22.4,17.7,272,1004.4,0.5
2024-05-27,70.0,55.0,29.0,29.0,10.0,6.0,"Sion, Mumbai",33.2,29.6,30.9,71,22.0,17.7,265,1004.1,0.4
2024-05-28,77.0,65.0,43.0,34.0,10.0,8.0,"Sion, Mumbai",33.5,29.2,31.2,68,22.6,18.6,256,1004.5,0.7
2024-05-29,93.0,63.0,42.0,31.0,10.0,7.0,"Sion, Mumbai",33.7,29.3,31.4,64,24.3,19.9,244,1004.6,0.5
2024-05-30,87.0,54.0,20.0,33.0,10.0,8.0,"Sion, Mumbai",34.7,29.0,31.6,65,19.6,15.2,256,1005.5,1.3
2024-05-31,73.0,50.0,22.0,35.0,10.0,8.0,"Sion, Mumbai",33.7,28.1,30.6,80,20.5,11.9,268,1006.2,1.4
2024-06-01,65.0,42.0,24.0,34.0,10.0,8.0,"Sion, Mumbai",33.7,28.0,31.0,74,19.6,13.2,263,1006.0,0.9
2024-06-02,72.0,63.0,24.0,24.0,10.0,8.0,"Sion, Mumbai",34.0,28.5,31.2,70,19.1,12.3,266,1006.3,0.8
2024-06-03,80.0,67.0,25.0,7.0,10.0,8.0,"Sion, Mumbai",33.9,29.0,31.5,69,16.6,9.9,267,1006.5,0.7
2024-06-04,86.0,71.0,27.0,7.0,10.0,8.0,"Sion, Mumbai",32.8,27.8,29.9,77,19.2,10.3,203,1007.1,5.8
2024-06-05,128.0,51.0,28.0,8.0,10.0,9.0,"Sion, Mumbai",33.3,26.0,29.5,78,17.2,9.7,206,1007.4,4.1
2024-06-06,70.0,58.0,29.0,10.0,10.0,8.0,"Sion, Mumbai",32.8,26.2,29.6,80,18.8,8.3,255,1007.9,2.8
2024-06-07,72.0,210.0,21.0,12.0,10.0,9.0,"Sion, Mumbai",33.1,28.0,30.3,74,18.9,11.3,297,1006.2,5.4
2024-06-08,180.0,121.5,20.0,8.0,10.0,9.0,"Sion, Mumbai",34.6,26.8,30.0,74,23.6,13.2,303,1004.9,2.9
2024-06-09,59.0,33.0,26.0,15.0,10.0,9.0,"Sion, Mumbai",31.4,26.4,28.8,81,15.4,9.3,291,1004.8,23.8
2024-06-10,52.0,34.0,28.0,14.0,10.0,9.0,"Sion, Mumbai",29.4,26.0,27.3,86,16.3,7.5,249,1006.3,32.2
2024-06-11,56.0,43.0,26.0,14.0,10.0,8.0,"Sion, Mumbai",29.9,25.9,27.8,87,15.0,8.8,237,1006.7,9.2
2024-06-12,55.0,37.0,29.0,14.0,10.0,8.0,"Sion, Mumbai",29.8,26.2,27.8,86,17.4,11.1,217,1007.6,7.1
2024-06-13,47.0,44.0,11.0,15.0,10.0,9.0,"Sion, Mumbai",29.4,26.5,27.6,86,20.0,11.8,218,1007.2,11.3
2024-06-14,52.0,44.0,12.0,15.0,10.0,10.0,"Sion, Mumbai",28.5,25.9,27.1,86,19.9,12.4,204,1006.4,15.8
2024-06-15,56.0,51.0,13.0,16.0,10.0,10.0,"Sion, Mumbai",29.4,25.9,27.7,83,21.6,16.6,191,1005.5,3.8
2024-06-16,73.0,42.0,12.77777777777778,14.0,9.0,8.0,"Sion, Mumbai",30.7,26.1,28.5,81,15.9,10.7,210,1005.8,1.3
2024-06-17,58.0,61.0,12.555555555555555,16.0,10.0,10.0,"Sion, Mumbai",31.1,26.6,28.3,84,20.4,13.1,202,1006.1,9.3
2024-06-18,76.0,46.0,12.333333333333334,15.0,10.0,10.0,"Sion, Mumbai",29.5,26.4,27.5,87,23.8,16.6,211,1005.9,23.6
2024-06-19,68.0,57.0,6.0,26.0,10.0,11.0,"Sion, Mumbai",29.5,26.1,27.6,84,22.0,16.7,217,1004.0,17.3
2024-06-20,88.0,52.0,6.0,23.0,10.0,10.0,"Sion, Mumbai",28.9,26.4,27.4,87,22.3,17.7,211,1003.1,58.5
2024-06-21,70.0,48.0,6.0,18.0,9.0,9.0,"Sion, Mumbai",30.9,25.5,27.8,86,22.3,17.1,219,1003.6,16.3
2024-06-22,70.0,54.0,6.0,23.0,9.0,9.0,"Sion, Mumbai",29.7,25.4,27.6,85,18.7,14.0,205,1002.5,5.3
2024-06-23,83.0,37.0,6.0,13.0,9.0,8.0,"Sion, Mumbai",29.4,26.1,27.8,86,19.7,13.5,206,1001.4,5.0
2024-06-24,55.0,52.0,11.0,57.0,11.0,9.0,"Sion, Mumbai",29.3,26.5,27.8,86,19.8,11.0,203,999.6,15.0
2024-06-25,75.0,176.0,16.0,11.0,9.0,8.0,"Sion, Mumbai",30.5,26.5,28.3,85,35.0,21.4,178,998.0,5.2
2024-06-26,170.0,26.0,12.0,19.0,9.0,7.0,"Sion, Mumbai",30.0,27.2,28.2,86,33.2,25.9,206,998.0,24.2
2024-06-27,52.0,40.0,13.0,18.0,9.0,7.0,"Sion, Mumbai",28.8,26.6,27.4,88,31.6,25.7,211,1000.6,104.8
2024-06-28,68.0,91.0,10.0,18.0,9.0,7.0,"Sion, Mumbai",28.3,26.2,27.3,88,30.8,26.7,206,1001.9,42.0
2024-06-29,80.0,160.5,9.0,36.0,9.0,8.0,"Sion, Mumbai",29.8,26.1,27.6,86,29.9,23.4,198,1003.0,15.4
2024-06-30,78.0,230.0,11.0,56.0,9.0,8.0,"Sion, Mumbai",29.4,26.5,27.8,86,34.9,23.6,212,1003.4,16.5
2024-07-01,152.0,57.0,12.0,39.0,9.0,6.0,"Sion, Mumbai",30.5,27.2,28.5,81,39.0,34.5,222,1002.3,10.6
2024-07-02,175.0,87.0,12.0,14.0,10.0,5.0,"Sion, Mumbai",30.1,27.0,28.8,81,36.7,30.2,233,1001.6,8.2
2024-07-03,115.5,52.0,12.0,13.0,9.0,4.0,"Sion, Mumbai",30.1,27.0,28.8,84,31.5,26.6,227,1002.7,6.4
2024-07-04,56.0,41.0,11.0,13.0,9.0,5.0,"Sion, Mumbai",29.0,26.7,27.9,85,28.2,22.4,225,1004.0,8.9
2024-07-05,62.0,37.0,12.0,5.0,12.0,1.0,"Sion, Mumbai",28.6,25.9,27.5,87,25.7,22.0,223,1002.2,18.3
2024-07-06,205.0,37.0,15.0,2.0,9.0,1.5,"Sion, Mumbai",29.5,26.0,27.7,85,29.0,24.0,232,1001.3,17.8
2024-07-07,139.0,48.0,13.0,6.0,10.0,2.0,"Sion, Mumbai",29.1,25.9,27.4,88,24.1,18.1,227,1002.4,12.2
2024-07-08,73.0,44.0,10.0,5.0,10.0,2.0,"Sion, Mumbai",28.4,25.9,26.9,89,21.4,12.0,215,1002.5,24.0
2024-07-09,66.0,48.0,8.0,6.5,10.0,3.0,"Sion, Mumbai",27.2,25.5,26.3,91,26.9,14.0,223,1003.4,81.9
2024-07-10,71.5,52.0,6.0,8.0,10.0,4.0,"Sion, Mumbai",28.6,25.6,26.8,87,23.1,17.8,208,1006.1,27.1
2024-07-11,77.0,43.0,8.0,6.0,10.0,2.0,"Sion, Mumbai",28.8,24.9,26.6,90,24.0,17.5,229,1005.8,40.6
2024-07-12,65.0,41.5,11.0,7.0,10.0,3.0,"Sion, Mumbai",27.0,25.6,26.3,91,22.5,18.1,247,1003.9,72.6
2024-07-13,63.0,40.0,10.0,6.0,10.0,2.0,"Sion, Mumbai",27.0,25.5,26.2,91,31.6,22.3,243,1003.4,78.8
2024-07-14,61.0,49.0,10.0,6.0,11.0,3.0,"Sion, Mumbai",26.8,24.6,25.7,92,27.2,15.9,256,1001.8,62.2
2024-07-15,72.0,40.0,11.0,7.0,11.0,3.0,"Sion, Mumbai",28.0,24.9,26.4,89,16.2,10.6,243,1001.1,13.2
2024-07-16,62.0,31.0,10.0,6.0,10.0,2.0,"Sion, Mumbai",28.6,25.4,26.8,89,23.0,16.7,216,1000.3,16.8
2024-07-17,53.0,22.0,12.0,5.0,11.0,2.0,"Sion, Mumbai",27.8,26.2,26.8,88,25.5,21.0,229,1002.0,34.3
2024-07-18,38.0,40.0,13.0,6.0,11.0,3.0,"Sion, Mumbai",28.0,25.9,26.6,90,30.0,22.9,236,1002.6,46.1
2024-07-19,62.0,36.0,14.0,5.0,11.0,2.0,"Sion, Mumbai",27.2,26.0,26.5,90,31.3,25.0,236,1000.8,48.4
2024-07-20,55.0,32.0,15.0,5.0,11.0,2.0,"Sion, Mumbai",27.5,26.1,26.5,89,31.7,25.9,233,1001.4,100.0
2024-07-21,52.0,44.0,20.0,4.0,11.0,2.0,"Sion, Mumbai",27.1,26.0,26.6,89,31.1,26.0,238,1001.8,52.3
2024-07-22,66.0,44.0,6.0,4.0,10.0,2.0,"Sion, Mumbai",27.2,26.1,26.5,89,32.1,27.3,238,1003.7,52.4
2024-07-23,66.0,50.0,7.0,4.0,10.0,2.0,"Sion, Mumbai",26.8,25.6,26.4,89,32.4,28.9,242,1004.6,44.1
2024-07-24,73.0,37.0,7.0,4.0,10.0,1.0,"Sion, Mumbai",27.1,25.8,26.5,89,36.2,30.5,247,1002.2,56.7
2024-07-25,58.0,53.0,7.0,4.0,10.0,2.0,"Sion, Mumbai",27.6,25.3,26.5,88,34.7,30.0,261,1001.2,85.4
2024-07-26,76.0,47.0,7.0,4.0,10.0,1.0,"Sion, Mumbai",28.4,25.5,27.0,87,29.7,24.6,255,1002.5,26.5
2024-07-27,71.0,59.0,7.0,4.0,11.0,2.0,"Sion, Mumbai",28.6,26.5,27.4,83,31.2,28.1,257,1003.3,9.1
2024-07-28,86.0,55.0,7.0,4.0,11.0,2.0,"Sion, Mumbai",29.0,26.1,27.2,86,28.8,24.6,259,1001.0,14.6
2024-07-29,80.0,53.0,7.0,4.0,11.0,2.0,"Sion, Mumbai",27.6,26.0,26.6,89,29.0,23.2,247,999.8,28.3
2024-07-30,77.0,44.0,7.0,4.0,10.0,1.0,"Sion, Mumbai",28.1,25.4,26.8,88,24.5,19.7,241,1003.0,16.1
2024-07-31,65.0,43.0,7.0,4.0,11.0,2.0,"Sion, Mumbai",28.3,25.2,26.9,88,22.4,18.2,247,1005.4,27.1
2024-08-01,66.0,243.0,7.0,6.0,11.0,3.0,"Sion, Mumbai",28.9,25.4,27.0,86,28.3,22.3,243,1005.2,15.3
2024-08-02,177.0,116.0,7.0,7.0,10.0,3.0,"Sion, Mumbai",28.0,25.6,26.5,86,31.7,27.0,240,1004.8,22.1
2024-08-03,115.0,42.0,6.0,8.0,10.0,3.0,"Sion, Mumbai",27.4,25.6,26.5,86,32.3,28.9,243,1005.0,30.5
2024-08-04,64.0,39.0,7.0,8.0,11.0,4.0,"Sion, Mumbai",27.0,25.8,26.4,87,30.6,26.7,244,1005.5,37.3
2024-08-05,61.0,37.0,7.0,8.0,10.0,4.0,"Sion, Mumbai",28.5,26.2,27.2,84,26.2,23.0,230,1006.4,8.1
2024-08-06,59.0,33.0,7.0,8.0,11.0,4.0,"Sion, Mumbai",28.5,25.9,27.2,84,22.8,19.1,236,1006.5,4.8
2024-08-07,55.0,38.0,7.0,8.0,11.0,4.0,"Sion, Mumbai",28.5,25.7,27.0,84,19.9,16.8,252,1006.6,7.4
2024-08-08,60.0,34.0,6.0,8.0,10.0,4.0,"Sion, Mumbai",28.5,25.9,26.9,84,19.4,15.4,246,1007.5,4.6
2024-08-09,56.0,32.0,6.0,8.0,11.0,4.0,"Sion, Mumbai",27.7,25.4,26.3,88,18.6,14.0,250,1008.5,18.0
2024-08-10,53.0,30.0,7.0,8.0,11.0,4.0,"Sion, Mumbai",28.2,25.2,26.8,86,20.5,13.0,255,1008.3,4.3
2024-08-11,52.0,39.0,7.0,8.0,11.0,4.0,"Sion, Mumbai",28.7,26.5,27.3,83,21.9,17.0,255,1006.7,1.2
2024-08-12,61.0,41.0,6.0,8.0,11.0,4.0,"Sion, Mumbai",28.6,25.9,27.2,84,21.8,14.3,247,1006.4,2.5
2024-08-13,64.0,41.0,6.0,8.0,11.0,4.0,"Sion, Mumbai",28.7,25.8,27.1,85,18.4,10.4,252,1007.0,4.1
2024-08-14,63.0,101.0,6.0,9.0,10.0,4.0,"Sion, Mumbai",29.0,25.6,27.1,85,17.4,7.8,285,1006.9,0.6
2024-08-15,95.0,35.0,6.0,9.0,11.0,4.0,"Sion, Mumbai",29.2,25.7,27.4,84,19.1,7.5,291,1005.9,0.9
2024-08-16,57.0,43.0,8.0,9.0,11.0,4.0,"Sion, Mumbai",29.3,25.9,27.6,84,17.7,8.7,266,1004.9,0.5
2024-08-17,66.0,125.0,7.0,9.0,11.0,4.0,"Sion, Mumbai",29.4,25.8,27.6,85,13.9,7.0,284,1005.9,0.6
2024-08-18,117.0,45.0,7.0,10.0,11.0,4.0,"Sion, Mumbai",29.9,25.8,27.7,86,14.9,8.2,324,1006.5,1.8
2024-08-19,69.0,50.0,7.0,12.0,11.0,6.0,"Sion, Mumbai",29.2,25.4,27.2,89,17.8,8.7,348,1005.9,20.4
2024-08-20,78.0,62.0,7.0,12.0,11.0,5.0,"Sion, Mumbai",28.6,25.1,26.5,91,13.8,7.1,348,1005.5,20.7
2024-08-21,93.0,52.0,7.0,10.0,11.0,4.0,"Sion, Mumbai",30.2,25.6,27.7,88,18.6,8.8,337,1005.4,0.3
2024-08-22,80.0,30.0,7.0,9.0,11.0,4.0,"Sion, Mumbai",29.5,26.2,28.0,86,17.3,11.1,206,1004.9,1.9
2024-08-23,50.0,35.0,7.0,9.0,11.0,4.0,"Sion, Mumbai",28.2,26.2,27.0,89,20.0,12.9,177,1005.5,18.4
2024-08-24,57.0,33.0,9.0,8.0,11.0,4.0,"Sion, Mumbai",26.5,25.4,26.0,92,22.3,15.3,270,1006.5,67.0
2024-08-25,54.0,33.0,9.0,8.0,10.0,4.0,"Sion, Mumbai",27.9,25.1,26.3,87,28.0,23.8,256,1005.6,30.5
2024-08-26,55.0,32.0,8.0,8.0,10.0,4.0,"Sion, Mumbai",27.2,24.8,26.4,86,32.0,28.1,251,1003.9,19.9
2024-08-27,54.0,37.0,7.0,8.0,10.0,3.0,"Sion, Mumbai",27.5,25.0,26.2,86,33.1,28.0,220,1004.8,16.6
2024-08-28,59.0,38.0,7.0,8.0,10.0,3.0,"Sion, Mumbai",28.8,25.5,26.9,85,34.6,28.0,224,1005.6,16.3
2024-08-29,60.0,49.0,8.0,8.0,11.0,3.0,"Sion, Mumbai",28.8,26.3,27.4,84,27.2,23.6,224,1004.8,5.9
2024-08-30,63.0,70.0,6.0,7.869565217391305,10.0,3.0458715596330275,"Sion, Mumbai",28.5,25.3,27.0,85,20.6,16.9,216,1005.9,6.8
2024-08-31,77.0,34.0,8.0,7.739130434782608,11.0,3.091743119266055,"Sion, Mumbai",28.4,25.5,27.1,85,14.0,9.6,242,1007.2,2.3
2024-09-01,56.0,115.0,7.0,7.608695652173913,10.0,3.1376146788990824,"Sion, Mumbai",27.6,25.7,26.8,85,14.6,9.9,290,1006.9,2.3
2024-09-02,111.0,35.0,10.0,9.0,11.0,4.0,"Sion, Mumbai",27.5,25.1,26.3,89,21.3,14.8,299,1005.6,28.3
2024-09-03,56.0,33.0,12.0,9.0,10.0,4.0,"Sion, Mumbai",27.6,24.8,26.2,89,17.1,12.5,265,1006.4,15.1
2024-09-04,54.0,28.0,9.0,9.0,10.0,4.0,"Sion, Mumbai",28.2,25.2,26.4,87,21.9,15.2,256,1007.4,12.5
2024-09-05,48.0,33.0,3.0,9.0,10.0,4.0,"Sion, Mumbai",28.1,25.5,26.5,88,25.7,18.5,263,1006.0,24.6
2024-09-06,55.0,29.0,3.0,9.0,10.0,4.0,"Sion, Mumbai",28.2,25.5,26.6,86,23.4,15.0,262,1006.9,14.8
2024-09-07,49.0,27.0,3.0,9.0,10.0,4.0,"Sion, Mumbai",27.8,25.3,26.5,86,18.4,12.2,251,1007.6,8.3
2024-09-08,46.0,25.0,3.0,9.0,10.0,4.0,"Sion, Mumbai",28.2,25.1,26.6,86,16.0,10.7,236,1007.6,5.7
2024-09-09,44.0,26.0,3.0,9.0,10.0,4.0,"Sion, Mumbai",28.6,25.4,26.8,85,17.4,10.0,247,1005.3,2.8
2024-09-10,56.0,35.0,3.0,9.0,10.0,4.0,"Sion, Mumbai",28.5,25.3,26.7,86,18.6,11.3,245,1004.5,6.5
2024-09-11,57.0,44.0,3.0,9.0,9.0,4.0,"Sion, Mumbai",27.9,25.0,26.4,85,20.5,13.9,222,1005.6,4.3
2024-09-12,67.0,41.0,3.0,9.0,10.0,4.0,"Sion, Mumbai",28.0,25.0,26.5,85,19.0,14.8,228,1007.4,8.2
2024-09-13,63.0,38.0,3.0,9.0,10.0,4.0,"Sion, Mumbai",28.4,25.0,26.5,83,20.9,14.0,227,1007.8,4.9
2024-09-14,60.0,50.0,3.0,9.0,10.0,4.0,"Sion, Mumbai",28.2,23.9,25.3,87,19.0,12.3,221,1007.7,8.3
2024-09-15,77.0,56.0,3.0,9.0,10.0,4.0,"Sion, Mumbai",27.2,23.8,25.3,87,14.7,9.0,227,1008.2,4.4
2024-09-16,88.0,55.0,3.0,9.0,10.0,4.0,"Sion, Mumbai",28.2,24.0,26.1,88,15.6,9.4,221,1008.7,3.0
2024-09-17,83.0,56.0,3.0,9.0,10.0,4.0,"Sion, Mumbai",28.7,23.4,26.2,85,16.3,7.8,314,1008.9,0.5
2024-09-18,85.0,50.0,4.0,9.0,10.0,4.0,"Sion, Mumbai",29.0,23.9,26.4,83,14.1,7.7,234,1007.0,1.0
2024-09-19,75.0,41.0,4.0,9.0,10.0,4.0,"Sion, Mumbai",29.3,24.9,27.1,82,13.6,7.2,241,1007.4,0.6
2024-09-20,63.0,39.5,3.0,9.0,10.0,4.0,"Sion, Mumbai",28.0,23.4,26.4,87,15.0,7.4,201,1007.7,6.1
2024-09-21,90.66666666666666,38.0,3.0,5.0,10.0,4.0,"Sion, Mumbai",29.6,24.1,27.0,84,16.7,7.7,312,1008.4,4.9
2024-09-22,118.33333333333331,88.0,4.0,7.0,10.0,4.0,"Sion, Mumbai",29.6,25.2,27.4,84,19.7,10.2,336,1007.6,1.3
2024-09-23,146.0,30.0,4.0,7.0,10.0,4.0,"Sion, Mumbai",28.8,26.1,27.4,87,18.3,10.2,336,1006.6,11.5
2024-09-24,65.0,176.0,3.0,6.0,10.0,4.0,"Sion, Mumbai",29.1,25.0,26.6,90,24.3,10.5,344,1004.8,22.9
2024-09-25,63.0,17.0,3.0,3.0,10.0,4.0,"Sion, Mumbai",27.6,24.5,26.1,92,22.2,11.3,326,1004.2,37.8
2024-09-26,16.0,15.0,3.0,3.0,8.0,4.0,"Sion, Mumbai",26.8,24.8,25.8,93,21.3,10.2,238,1003.2,73.7
2024-09-27,13.0,18.0,3.0,3.0,6.0,4.0,"Sion, Mumbai",27.1,25.8,26.3,89,31.4,26.1,248,1004.8,46.7
2024-09-28,15.0,24.0,4.0,3.0,6.0,4.0,"Sion, Mumbai",28.1,25.6,26.7,85,21.1,14.8,237,1008.0,5.4
2024-09-29,20.0,42.0,4.0,3.0,6.0,4.0,"Sion, Mumbai",28.8,25.5,26.9,86,16.2,10.2,242,1010.0,3.0
2024-09-30,33.0,55.0,4.0,4.0,6.0,4.0,"Sion, Mumbai",29.7,24.6,27.2,87,16.3,7.8,318,1010.1,1.4
2024-10-01,51.0,65.0,4.0,3.0,6.0,5.5,"Sion, Mumbai",31.2,25.2,27.9,89,16.8,8.5,337,1008.0,0.1
2024-10-02,67.0,37.0,3.0,3.0,6.0,5.5,"Sion, Mumbai",30.4,26.2,27.9,91,15.3,6.8,256,1008.8,1.1
2024-10-03,38.0,34.0,3.0,3.0,6.0,5.5,"Sion, Mumbai",29.7,25.6,27.7,87,16.6,7.6,261,1009.2,1.8
2024-10-04,28.0,39.0,3.0,3.0,6.0,5.5,"Sion, Mumbai",29.5,25.7,27.5,83,15.2,7.1,276,1009.2,2.9
2024-10-05,31.0,48.0,3.0,12.0,6.0,5.5,"Sion, Mumbai",29.0,24.7,26.8,86,16.0,6.7,315,1009.6,0.9
2024-10-06,35.0,59.0,3.0,12.0,6.0,5.5,"Sion, Mumbai",31.1,24.5,27.0,87,17.9,8.4,5,1009.6,25.5
2024-10-07,60.0,60.0,3.0,3.0,6.0,5.5,"Sion, Mumbai",30.9,25.0,28.1,85,13.4,8.5,333,1009.7,0.0
2024-10-08,61.0,40.0,4.0,3.0,6.0,5.5,"Sion, Mumbai",31.1,25.9,28.5,86,16.4,7.9,241,1009.9,0.0
2024-10-09,40.0,33.0,4.0,3.0,6.0,5.5,"Sion, Mumbai",28.7,25.2,26.9,88,18.8,6.8,75,1008.7,7.6
2024-10-10,35.0,23.0,4.0,3.0,6.0,5.5,"Sion, Mumbai",29.2,24.8,26.9,85,16.9,8.9,55,1006.8,4.6
2024-10-11,23.0,24.0,3.333333333333333,3.0,6.0,5.5,"Sion, Mumbai",31.3,25.3,27.6,83,19.7,9.0,113,1006.4,10.1
2024-10-12,26.0,32.0,2.666666666666667,3.0,6.0,5.5,"Sion, Mumbai",31.1,24.7,27.6,85,14.2,6.5,150,1007.5,2.2
2024-10-13,33.0,35.0,2.0,10.0,6.0,5.5,"Sion, Mumbai",30.0,25.5,27.6,85,13.8,7.2,162,1008.7,0.9
2024-10-14,37.0,26.0,2.0,14.0,6.0,5.5,"Sion, Mumbai",31.0,24.5,27.0,87,17.8,8.0,39,1009.1,3.6
2024-10-15,24.0,58.5,2.75,11.5,6.5,5.5,"Sion, Mumbai",29.0,24.6,26.8,87,14.5,6.9,161,1009.3,0.1
2024-10-17,23.0,123.5,4.25,6.500000000000001,7.5,5.5,"Sion, Mumbai",28.9,25.8,27.3,90,13.4,7.2,290,1007.8,4.1
2024-10-18,60.5,156.0,5.0,4.0,8.0,5.5,"Sion, Mumbai",31.4,24.9,27.7,85,15.4,9.4,159,1007.6,22.3
2024-10-19,98.0,247.0,8.0,3.0,6.0,5.5,"Sion, Mumbai",29.6,24.5,26.4,89,15.0,6.7,112,1010.1,6.9
2024-10-20,79.0,80.0,8.0,3.0,6.0,5.5,"Sion, Mumbai",29.3,24.5,26.5,87,9.7,5.9,106,1011.0,8.0
2024-10-21,59.0,46.0,14.0,3.0,7.0,5.5,"Sion, Mumbai",30.0,24.2,27.1,84,10.2,5.7,97,1010.9,14.1
2024-10-22,35.0,48.0,6.0,3.0,7.0,5.5,"Sion, Mumbai",30.0,24.2,26.8,87,13.9,7.3,21,1010.8,3.5
2024-10-23,39.0,58.0,7.0,3.0,7.0,5.5,"Sion, Mumbai",31.5,24.6,27.5,85,15.9,8.6,358,1010.2,0.0
2024-10-24,64.0,74.0,7.0,3.0,7.0,5.5,"Sion, Mumbai",32.2,25.0,28.2,77,16.6,8.2,5,1009.8,0.0
2024-10-25,62.0,80.0,8.0,3.0,7.0,5.5,"Sion, Mumbai",30.5,23.0,27.0,77,14.3,8.1,339,1009.9,0.0
2024-10-26,73.0,106.0,9.0,3.0,7.0,5.5,"Sion, Mumbai",32.5,22.0,26.9,71,20.3,9.8,357,1010.1,0.0
2024-10-27,102.0,122.0,10.0,5.0,7.0,5.5,"Sion, Mumbai",31.0,22.3,26.9,80,17.1,8.6,342,1009.0,0.0
2024-10-28,122.0,95.0,4.0,3.0,7.0,5.5,"Sion, Mumbai",31.5,23.5,27.4,83,15.3,7.7,329,1007.5,0.0
2024-10-29,110.0,79.0,7.0,4.0,7.0,5.5,"Sion, Mumbai",30.5,25.1,27.8,88,14.9,7.0,270,1008.8,0.1
2024-10-30,122.0,98.0,11.0,3.0,7.0,5.5,"Sion, Mumbai",32.2,24.8,27.8,84,13.3,6.7,5,1009.6,0.0
2024-10-31,146.0,91.0,27.0,3.0,7.0,5.5,"Sion, Mumbai",32.2,24.8,28.4,77,16.8,7.9,343,1010.2,0.0
2024-11-01,143.0,112.0,24.125,3.0,7.0,6.0,"Sion, Mumbai",31.0,25.0,28.3,84,15.5,8.3,249,1011.6,0.1
2024-11-02,153.0,89.0,21.25,4.0,7.0,6.0,"Sion, Mumbai",32.8,25.0,28.3,76,21.3,8.9,356,1011.8,0.0
2024-11-03,140.0,94.0,18.375,3.0,7.0,6.0,"Sion, Mumbai",34.0,22.9,28.1,67,16.3,9.0,3,1011.5,0.0
2024-11-04,148.0,88.0,14.0,4.0,7.0,6.0,"Sion, Mumbai",34.1,23.3,28.1,63,20.0,9.8,14,1010.7,0.0
2024-11-05,146.0,94.0,14.0,4.0,7.0,6.0,"Sion, Mumbai",34.3,23.1,28.5,62,16.5,8.9,44,1011.3,0.0
2024-11-06,144.0,89.0,14.0,4.0,7.0,6.0,"Sion, Mumbai",33.5,23.0,28.2,62,20.3,10.0,350,1012.2,0.0
2024-11-07,146.0,89.0,14.0,4.0,7.0,6.0,"Sion, Mumbai",33.4,21.4,27.4,60,17.5,9.0,359,1012.0,0.0
2024-11-08,149.0,85.0,4.0,4.0,7.0,6.0,"Sion, Mumbai",33.7,22.6,27.8,60,16.2,9.1,16,1011.7,0.0
2024-11-09,148.0,86.0,5.0,4.0,7.0,6.0,"Sion, Mumbai",34.1,22.2,28.1,59,20.5,11.2,20,1011.8,0.0
2024-11-10,148.0,81.0,8.0,4.0,7.0,6.0,"Sion, Mumbai",33.7,22.7,27.9,57,21.8,11.1,8,1011.8,0.0
2024-11-11,165.0,85.0,9.5,6.166666666666666,7.0,6.0,"Sion, Mumbai",33.3,23.0,28.1,48,21.8,11.7,23,1011.7,0.0
2024-11-12,149.0,81.0,11.0,8.333333333333332,7.0,6.0,"Sion, Mumbai",33.5,22.4,28.0,55,15.2,9.4,24,1011.0,0.0
2024-11-13,147.0,91.0,12.5,10.5,7.0,6.0,"Sion, Mumbai",34.5,23.5,28.6,50,14.1,9.4,24,1009.4,0.0
2024-11-14,147.0,84.0,14.0,20.0,7.0,6.0,"Sion, Mumbai",34.8,23.5,29.2,49,10.8,7.1,33,1010.3,0.0
2024-11-15,146.0,116.0,15.5,20.0,7.0,6.0,"Sion, Mumbai",33.2,25.4,29.1,60,11.9,6.6,280,1011.4,0.2
2024-11-16,170.0,98.0,17.0,17.0,7.0,6.0,"Sion, Mumbai",33.8,26.2,29.5,63,15.9,7.7,338,1010.6,0.2
2024-11-17,158.0,89.0,8.0,19.0,8.0,6.0,"Sion, Mumbai",35.6,26.2,29.9,58,16.5,8.7,16,1010.2,0.0
2024-11-18,142.0,82.0,8.0,27.0,11.0,6.0,"Sion, Mumbai",34.8,24.6,29.0,54,12.8,7.9,21,1011.2,0.0
2024-11-19,145.0,82.0,14.0,24.0,12.0,6.0,"Sion, Mumbai",33.7,22.5,27.8,48,15.4,7.5,25,1012.4,0.0
2024-11-20,148.0,101.0,13.736842105263158,26.0,11.0,6.0,"Sion, Mumbai",32.8,22.0,27.0,51,15.2,9.0,40,1012.0,0.0
2024-11-21,162.0,111.0,13.473684210526317,27.0,11.0,6.0,"Sion, Mumbai",32.6,22.0,26.9,51,14.7,8.4,13,1011.7,0.0
2024-11-22,168.0,105.0,13.210526315789474,27.0,12.0,6.0,"Sion, Mumbai",32.3,21.7,26.8,54,13.2,7.7,346,1011.3,0.0
2024-11-23,157.0,104.0,14.0,26.0,12.0,6.0,"Sion, Mumbai",31.2,22.7,26.7,57,11.3,6.9,1,1012.1,0.0
2024-11-24,157.0,112.0,14.0,33.0,12.0,6.0,"Sion, Mumbai",32.6,22.3,27.1,57,14.3,6.7,354,1012.2,0.0
2024-11-25,156.0,94.0,14.0,27.0,12.0,6.0,"Sion, Mumbai",32.8,21.9,27.0,54,14.6,8.0,18,1011.8,0.0
2024-11-26,150.0,93.0,14.0,27.0,12.0,6.0,"Sion, Mumbai",32.2,21.2,26.5,47,15.9,8.6,28,1011.7,0.0
2024-11-27,147.0,88.0,14.0,26.0,12.0,6.0,"Sion, Mumbai",32.5,21.0,26.4,43,14.1,8.9,22,1010.9,0.0
2024-11-28,147.0,88.0,14.0,28.0,12.0,6.0,"Sion, Mumbai",31.9,20.3,26.5,38,11.5,8.3,45,1010.9,0.0
2024-11-29,145.0,84.0,14.0,28.0,12.0,6.0,"Sion, Mumbai",31.2,20.8,25.5,43,16.5,9.9,11,1011.2,0.0
2024-11-30,149.0,90.0,14.0,27.0,12.0,6.0,"Sion, Mumbai",31.0,20.1,25.4,44,13.4,8.9,8,1009.9,0.0
2024-12-01,153.0,93.0,14.5,30.0,12.0,7.0,"Sion, Mumbai",32.3,21.4,26.1,52,15.3,8.8,358,1008.0,0.0
2024-12-02,156.0,118.0,14.5,27.0,12.0,7.0,"Sion, Mumbai",33.2,23.5,27.7,57,15.4,8.6,356,1007.4,0.0
2024-12-03,177.0,64.0,14.5,25.0,12.0,7.0,"Sion, Mumbai",33.0,25.8,29.0,59,17.0,10.1,9,1008.8,0.2
2024-12-04,139.0,75.0,14.5,23.0,12.0,7.0,"Sion, Mumbai",34.2,26.4,29.3,66,16.5,9.0,15,1009.7,0.1
2024-12-05,147.0,85.0,14.5,24.0,12.0,7.0,"Sion, Mumbai",33.8,25.9,29.2,70,12.2,8.6,324,1010.7,0.0
2024-12-06,152.0,101.0,14.5,30.0,12.0,7.0,"Sion, Mumbai",32.2,25.6,28.7,65,14.0,7.7,330,1010.6,0.0
2024-12-07,158.0,74.0,14.5,29.0,12.0,7.0,"Sion, Mumbai",32.7,24.8,27.9,51,17.9,9.8,339,1010.5,0.0
2024-12-08,134.0,80.0,14.5,31.0,12.0,7.0,"Sion, Mumbai",31.2,21.9,25.9,42,14.8,10.4,353,1011.2,0.0
2024-12-09,141.0,93.0,14.5,30.0,12.0,7.0,"Sion, Mumbai",31.2,20.9,25.2,35,17.1,12.2,5,1011.4,0.0
2024-12-10,145.0,83.0,14.5,30.0,12.0,7.0,"Sion, Mumbai",31.0,20.4,25.2,49,13.2,8.6,355,1011.1,0.0
2024-12-11,150.0,87.0,14.5,30.0,12.0,7.0,"Sion, Mumbai",33.2,21.9,26.6,57,13.4,8.0,10,1011.4,0.0
2024-12-12,154.0,142.5,14.5,26.0,12.0,7.0,"Sion, Mumbai",31.0,21.4,25.7,59,16.0,8.4,345,1011.3,0.0
2024-12-13,152.0,198.0,14.5,26.0,12.0,7.0,"Sion, Mumbai",32.2,21.0,26.1,51,14.8,9.7,18,1011.7,0.0
2024-12-14,219.0,80.0,14.5,30.0,12.0,7.0,"Sion, Mumbai",32.8,20.5,26.1,44,12.5,8.7,37,1012.6,0.0
2024-12-15,150.0,96.0,14.5,39.0,12.0,7.0,"Sion, Mumbai",32.8,19.9,25.7,46,12.2,7.6,22,1013.5,0.0
2024-12-16,150.0,102.0,14.5,34.0,13.0,8.0,"Sion, Mumbai",32.0,19.8,25.3,46,13.5,7.3,6,1012.5,0.0
2024-12-17,157.0,175.0,14.5,10.0,12.0,8.0,"Sion, Mumbai",30.4,18.2,24.3,53,14.1,6.3,337,1011.4,0.0
2024-12-18,182.0,135.0,14.5,37.0,13.0,9.0,"Sion, Mumbai",31.5,18.8,24.5,58,12.3,6.5,346,1010.7,0.0
2024-12-19,177.0,115.0,14.5,53.0,12.0,9.0,"Sion, Mumbai",29.4,18.6,23.9,69,13.7,6.2,327,1010.7,0.0
2024-12-20,161.0,113.0,14.5,59.0,12.0,8.0,"Sion, Mumbai",27.8,20.2,23.5,71,15.1,7.1,326,1010.9,0.0
2024-12-21,160.0,101.0,14.5,59.0,12.0,8.0,"Sion, Mumbai",27.3,19.6,23.7,74,12.4,5.3,259,1011.2,0.0
2024-12-22,151.0,95.0,14.5,32.0,12.0,6.0,"Sion, Mumbai",27.3,21.4,24.2,77,13.0,6.7,315,1011.8,0.1
2024-12-23,153.0,109.0,14.5,22.0,12.0,6.0,"Sion, Mumbai",27.3,21.5,24.1,71,16.2,9.7,337,1012.1,0.0
2024-12-24,158.0,140.0,14.5,22.0,13.0,6.0,"Sion, Mumbai",28.4,21.0,24.2,59,18.3,11.1,342,1012.2,0.0
2024-12-25,176.0,154.0,14.5,20.0,13.0,6.0,"Sion, Mumbai",28.5,20.9,24.2,60,16.9,10.8,339,1013.0,0.0
2024-12-26,170.0,112.0,14.5,6.0,13.0,6.0,"Sion, Mumbai",29.1,22.1,25.1,67,15.0,9.2,333,1014.5,0.0
2024-12-27,155.0,112.0,4.0,4.0,13.0,6.0,"Sion, Mumbai",28.2,22.4,24.9,68,16.6,9.6,334,1014.8,0.0
2024-12-28,160.0,112.0,4.861111111111111,5.0,13.0,6.0,"Sion, Mumbai",29.5,22.3,25.2,68,15.0,8.0,349,1014.9,0.9
2024-12-29,154.0,112.0,5.722222222222222,4.666666666666667,13.333333333333334,6.0,"Sion, Mumbai",30.2,22.8,26.0,67,14.7,9.6,345,1014.6,0.0
2024-12-31,152.0,112.0,7.444444444444445,4.0,14.0,6.0,"Sion, Mumbai",32.3,23.4,27.4,59,15.4,8.4,344,1014.6,0.0
2025-01-01,151.0,127.0,18.0,5.0,14.0,5.0,"Sion, Mumbai",31.9,23.0,27.0,61,15.5,9.0,344,1013.5,0.0
2025-01-02,149.0,97.0,18.0,6.0,14.0,5.0,"Sion, Mumbai",32.2,22.0,26.9,58,17.1,8.9,351,1013.4,0.0
2025-01-03,142.0,124.0,18.0,9.0,14.0,5.0,"Sion, Mumbai",33.9,21.6,26.8,52,15.2,8.8,12,1013.3,0.0
2025-01-04,149.0,98.0,18.0,12.0,14.0,6.0,"Sion, Mumbai",32.5,20.6,25.7,48,13.3,6.6,351,1012.3,0.0
2025-01-05,155.0,93.0,18.0,11.0,14.0,6.0,"Sion, Mumbai",29.1,22.0,24.8,59,16.3,8.5,330,1012.2,0.0
2025-01-06,148.0,107.0,18.0,10.0,14.0,6.0,"Sion, Mumbai",30.0,20.5,24.3,57,18.8,12.9,345,1012.5,0.0
2025-01-07,155.0,115.0,18.0,35.0,14.0,6.0,"Sion, Mumbai",31.0,19.2,24.7,52,18.2,10.6,351,1012.2,0.0
2025-01-08,161.0,92.0,18.0,6.0,14.0,5.0,"Sion, Mumbai",30.2,20.5,25.3,54,14.5,9.1,357,1011.7,0.0
2025-01-09,151.0,96.0,18.0,6.0,15.0,5.0,"Sion, Mumbai",31.8,21.3,25.8,47,13.1,8.9,14,1012.2,0.0
2025-01-10,158.0,83.0,18.0,4.0,15.0,5.0,"Sion, Mumbai",30.7,21.0,25.4,52,12.4,6.9,347,1013.5,0.0
2025-01-11,151.0,79.0,18.0,5.0,15.0,5.0,"Sion, Mumbai",28.6,21.2,24.3,62,17.2,9.1,335,1013.9,0.0
2025-01-12,154.0,77.0,18.0,6.0,15.0,5.0,"Sion, Mumbai",29.9,21.2,24.6,59,17.7,11.1,344,1013.8,0.0
2025-01-13,154.0,107.0,18.0,13.0,16.0,5.0,"Sion, Mumbai",32.7,22.0,26.2,56,17.0,9.8,6,1011.7,0.0
2025-01-14,168.0,88.0,18.0,7.499999999999999,15.0,5.0,"Sion, Mumbai",32.0,22.0,26.3,59,14.2,8.1,350,1012.1,0.0
2025-01-15,161.0,102.0,18.0,2.0,17.0,5.0,"Sion, Mumbai",29.8,22.4,25.3,67,18.6,8.1,334,1013.5,0.0
2025-01-16,161.0,126.0,18.0,2.0,16.0,5.0,"Sion, Mumbai",29.6,20.8,24.8,65,19.1,12.1,342,1014.0,0.0
2025-01-17,165.0,93.0,18.0,76.0,15.0,5.0,"Sion, Mumbai",32.8,23.1,26.6,59,18.0,10.3,353,1012.1,0.0
2025-01-18,155.0,149.0,18.0,21.0,15.0,5.0,"Sion, Mumbai",34.0,23.0,27.4,48,16.7,9.5,28,1011.6,0.0
2025-01-19,158.0,121.0,18.0,19.0,16.0,5.0,"Sion, Mumbai",32.7,22.1,26.7,47,17.0,9.0,355,1012.5,0.0
2025-01-20,160.0,145.0,18.0,10.5,16.0,5.0,"Sion, Mumbai",32.5,21.8,26.6,45,15.7,8.0,339,1011.9,0.0
2025-01-21,186.0,98.0,18.0,2.0,14.0,5.0,"Sion, Mumbai",30.9,21.9,26.0,51,14.5,7.5,327,1010.9,0.0
2025-01-22,162.0,83.0,18.0,2.0,14.0,5.0,"Sion, Mumbai",31.1,21.4,25.9,52,17.7,8.6,334,1010.6,0.0
2025-01-23,153.0,84.0,18.0,2.0,15.0,5.0,"Sion, Mumbai",30.5,22.3,25.6,49,19.8,13.5,343,1010.9,0.0
2025-01-24,156.0,96.0,18.0,4.0,15.0,5.0,"Sion, Mumbai",31.1,21.3,26.1,48,12.4,8.5,339,1009.9,0.0
2025-01-25,161.0,99.0,18.0,4.0,15.0,5.0,"Sion, Mumbai",32.3,22.5,26.9,56,12.6,6.7,325,1010.7,0.0
2025-01-26,162.0,92.0,18.0,4.0,16.0,5.0,"Sion, Mumbai",32.6,22.6,27.2,58,14.8,7.8,329,1010.6,0.0
2025-01-27,161.0,80.0,18.0,2.0,14.0,5.0,"Sion, Mumbai",31.9,22.4,26.8,55,16.1,8.4,325,1009.9,0.0
2025-01-28,155.0,101.0,18.0,3.5,14.0,5.0,"Sion, Mumbai",30.1,22.0,25.7,55,13.4,6.5,312,1010.2,0.0
2025-01-29,156.5,122.0,18.0,5.0,14.0,5.0,"Sion, Mumbai",30.4,21.0,25.1,56,15.3,7.8,325,1012.0,0.0
2025-01-30,158.0,96.0,18.0,2.0,18.0,5.0,"Sion, Mumbai",30.6,21.0,25.6,51,13.4,8.0,327,1010.8,0.0
2025-01-31,129.0,91.0,18.0,2.0,20.0,5.0,"Sion, Mumbai",29.0,21.2,24.8,58,15.7,9.5,327,1010.8,0.0
2025-02-01,140.0,99.0,35.0,2.0,20.0,5.0,"Sion, Mumbai",28.8,20.6,24.1,56,17.7,9.4,339,1011.7,0.0
2025-02-02,147.0,95.0,31.6,2.0,21.0,5.0,"Sion, Mumbai",30.6,21.1,25.3,44,16.2,10.3,336,1011.5,0.0
2025-02-03,144.0,92.0,28.2,2.0,22.0,5.0,"Sion, Mumbai",28.9,21.4,25.0,50,19.9,10.0,328,1011.9,0.0
2025-02-04,140.0,92.0,24.8,2.0,21.0,5.0,"Sion, Mumbai",29.5,21.0,25.0,51,17.7,10.6,332,1012.9,0.0
2025-02-05,140.0,104.0,13.0,2.0,23.0,5.0,"Sion, Mumbai",31.4,21.5,25.3,37,21.6,14.0,343,1011.8,0.0
2025-02-06,152.0,115.0,13.0,2.0,27.0,4.428571428571429,"Sion, Mumbai",31.4,20.3,25.8,42,15.4,9.2,333,1010.6,0.0
2025-02-07,157.0,118.0,13.0,2.0,29.0,3.857142857142857,"Sion, Mumbai",32.8,22.5,27.2,54,12.9,6.1,316,1011.6,0.0
2025-02-08,159.0,154.0,13.0,3.0,31.0,3.2857142857142856,"Sion, Mumbai",32.3,22.4,27.1,58,15.8,7.3,324,1011.7,0.0
2025-02-09,153.0,119.0,13.0,2.0,26.0,7.5,"Sion, Mumbai",32.3,23.4,27.7,47,17.9,9.8,327,1011.2,0.0
2025-02-10,147.0,87.0,13.0,4.0,30.0,7.5,"Sion, Mumbai",33.0,23.9,27.5,44,18.0,11.2,328,1012.5,0.0
2025-02-11,151.0,87.0,1.0,6.0,19.0,7.5,"Sion, Mumbai",32.2,22.2,26.4,46,18.5,10.3,332,1013.3,0.0
2025-02-12,151.0,92.0,1.0,14.0,14.0,1.0,"Sion, Mumbai",33.1,21.0,26.2,47,17.8,11.3,341,1013.3,0.0
2025-02-13,149.0,104.0,1.0,45.0,11.0,1.0,"Sion, Mumbai",34.2,22.0,27.6,39,18.3,11.7,344,1012.4,0.0
2025-02-14,159.0,82.0,1.0,37.2,6.0,1.0,"Sion, Mumbai",33.9,23.4,28.6,34,23.6,12.8,346,1011.9,0.0
2025-02-15,151.0,120.25,1.0,29.4,5.25,1.0,"Sion, Mumbai",34.1,23.1,28.8,30,20.9,10.6,343,1011.2,0.0
2025-02-18,184.75,235.0,1.0,6.0,3.0,1.0,"Sion, Mumbai",34.2,23.7,28.3,38,20.8,11.3,340,1012.3,0.0
2025-02-19,196.0,84.0,1.0,3.0,2.0,1.0,"Sion, Mumbai",33.1,23.8,28.3,37,19.7,11.5,334,1011.4,0.0
2025-02-20,149.0,78.0,1.0,3.0,2.0,1.0,"Sion, Mumbai",34.5,23.1,28.4,38,21.7,12.8,341,1011.7,0.0
2025-02-21,138.0,76.0,1.0,3.0,2.0,1.0,"Sion, Mumbai",36.0,24.9,30.0,32,19.2,13.9,360,1012.7,0.0
2025-02-22,138.0,107.0,1.0,3.0,2.0,1.0,"Sion, Mumbai",34.1,25.0,29.3,35,21.3,12.0,342,1013.1,0.0
2025-02-23,151.5,138.0,1.0,3.0,2.0,1.0,"Sion, Mumbai",34.7,23.8,29.4,35,17.6,10.2,342,1013.3,0.0
2025-02-24,165.0,114.0,1.0,3.0,2.0,1.0,"Sion, Mumbai",35.8,25.0,29.7,34,17.4,11.0,342,1013.2,0.0
2025-02-25,146.0,117.0,1.0,3.0,2.0,1.0,"Sion, Mumbai",36.7,25.0,29.7,35,17.9,8.1,348,1013.8,0.0
2025-02-26,153.0,97.5,1.0,2.5,2.0,1.0,"Sion, Mumbai",36.5,23.4,28.8,49,18.6,6.5,303,1014.1,0.0
2025-02-27,151.0,78.0,1.0,2.0,2.0,1.0,"Sion, Mumbai",34.5,24.7,29.0,46,16.8,7.0,292,1012.8,0.0
2025-02-28,149.0,71.0,1.0,2.0,2.0,1.0,"Sion, Mumbai",33.2,24.2,28.7,53,18.4,8.8,322,1011.5,0.0
2025-03-01,138.0,70.0,1.0,2.0,2.0,1.0,"Sion, Mumbai",33.2,25.4,29.3,40,18.9,11.9,330,1010.9,0.0
2025-03-02,139.0,73.0,1.0,2.0,2.0,1.0,"Sion, Mumbai",36.0,25.2,29.6,35,19.8,12.5,335,1010.2,0.0
2025-03-03,142.0,72.0,1.0,2.0,2.0,1.0,"Sion, Mumbai",36.0,25.0,29.7,38,21.2,13.4,343,1010.5,0.0
2025-03-04,144.0,142.0,1.0,2.0,2.0,1.0,"Sion, Mumbai",35.8,25.8,29.7,38,22.0,14.5,344,1011.1,0.0
2025-03-05,137.0,72.0,1.0,3.0,2.0,1.0,"Sion, Mumbai",36.1,24.8,29.8,31,19.6,13.2,341,1010.8,0.0
2025-03-06,137.0,77.0,1.0,3.0,2.0,1.0,"Sion, Mumbai",34.6,23.5,28.9,25,20.5,10.9,343,1011.5,0.0
2025-03-07,149.0,67.0,1.0,3.0,2.0,1.0,"Sion, Mumbai",35.4,24.8,29.4,26,20.2,10.5,339,1009.8,0.0
2025-03-08,147.0,59.0,1.0,2.0,2.0,1.0,"Sion, Mumbai",35.0,24.0,28.8,36,17.0,9.7,321,1008.4,0.0
2025-03-09,135.0,67.0,1.0,2.0,2.0,1.0,"Sion, Mumbai",35.0,23.0,28.5,50,19.3,7.6,323,1008.5,0.0
2025-03-10,154.0,78.0,1.0,13.0,2.0,1.0,"Sion, Mumbai",37.6,25.3,30.5,37,19.9,7.3,303,1009.8,0.0
2025-03-11,160.0,139.0,1.0,39.0,2.0,1.0,"Sion, Mumbai",35.7,25.5,29.9,52,16.9,7.0,288,1010.9,0.0
2025-03-12,171.0,91.0,1.0,29.0,2.0,1.0,"Sion, Mumbai",35.8,25.6,30.1,51,17.5,6.9,299,1009.8,0.0
2025-03-13,148.0,81.0,1.0,26.0,2.0,1.0,"Sion, Mumbai",33.2,25.4,29.1,64,15.3,7.8,284,1009.2,0.0
2025-03-14,141.0,68.0,1.0,29.0,2.0,1.0,"Sion, Mumbai",34.0,24.5,29.1,60,17.1,7.7,302,1009.7,0.0
2025-03-15,117.0,76.0,1.0,28.0,2.0,1.0,"Sion, Mumbai",34.4,25.1,29.3,54,18.7,10.0,323,1010.4,0.0
2025-03-16,126.0,71.0,1.0,28.0,2.0,4.0,"Sion, Mumbai",33.0,25.6,29.1,52,18.1,10.7,329,1010.9,0.0
2025-03-17,130.0,63.0,11.0,27.0,2.0,4.0,"Sion, Mumbai",33.1,25.3,28.8,57,19.6,10.8,327,1010.9,0.0
2025-03-18,117.0,62.0,11.0,28.0,2.0,4.0,"Sion, Mumbai",32.8,23.9,28.0,64,19.2,9.3,318,1010.3,0.0
2025-03-19,124.0,63.0,11.0,31.0,2.0,4.0,"Sion, Mumbai",31.6,23.9,27.8,63,19.1,9.9,319,1011.5,0.0
2025-03-20,129.0,57.0,11.0,29.0,2.0,4.0,"Sion, Mumbai",34.5,24.0,29.3,43,20.5,10.6,331,1012.8,0.0
2025-03-21,115.0,54.0,11.0,30.0,2.0,4.0,"Sion, Mumbai",32.4,25.5,28.2,57,20.9,12.5,325,1013.5,0.0
2025-03-22,110.0,57.0,11.0,34.0,2.0,4.0,"Sion, Mumbai",32.3,23.0,27.5,65,19.5,8.1,318,1012.4,0.0
2025-03-23,124.0,59.0,11.0,37.0,2.0,4.0,"Sion, Mumbai",32.8,24.0,28.2,70,17.8,6.7,279,1011.9,0.0
2025-03-24,131.0,67.0,11.0,43.0,2.0,4.0,"Sion, Mumbai",32.0,24.8,28.1,76,21.0,8.2,281,1011.8,0.0
2025-03-25,138.0,57.0,11.0,42.0,2.0,4.0,"Sion, Mumbai",32.7,24.6,28.6,67,19.2,8.9,302,1009.1,0.0
2025-03-26,114.0,55.0,11.0,45.0,2.0,4.0,"Sion, Mumbai",31.2,24.5,27.7,74,17.4,8.3,294,1008.6,0.0
2025-03-27,106.0,65.0,11.0,51.0,2.0,4.0,"Sion, Mumbai",30.5,24.4,27.3,75,18.8,8.8,313,1009.7,0.0
2025-03-28,125.0,80.0,11.0,60.0,2.0,4.0,"Sion, Mumbai",32.0,24.0,28.6,61,20.1,10.9,330,1008.4,0.0
2025-03-29,147.0,75.0,11.0,62.0,2.0,4.0,"Sion, Mumbai",35.5,27.0,30.9,31,19.3,11.0,329,1006.9,0.0
2025-03-30,139.0,65.0,11.0,63.0,2.0,4.0,"Sion, Mumbai",36.2,27.2,31.4,42,21.9,10.4,313,1007.3,0.0
2025-03-31,129.0,61.0,11.0,62.0,2.0,4.0,"Sion, Mumbai",36.5,26.0,31.0,48,19.2,9.1,307,1007.6,0.0
2025-04-01,126.0,70.0,1.0,62.34782608695652,2.0,1.0,"Sion, Mumbai",38.3,26.2,31.7,44,17.6,9.1,323,1006.8,0.0
2025-04-02,145.0,70.0,1.0,62.69565217391305,2.0,1.0,"Sion, Mumbai",36.1,28.2,31.4,44,16.4,7.1,243,1007.4,0.0
2025-04-03,132.0,70.0,1.0,63.04347826086956,3.0,1.0,"Sion, Mumbai",31.4,27.2,29.1,77,14.1,8.7,220,1010.7,0.8
2025-04-04,126.0,69.65853658536585,1.0,9.0,4.0,1.0,"Sion, Mumbai",32.2,26.3,28.9,77,17.3,8.9,288,1011.8,1.1
2025-04-05,135.0,69.3170731707317,1.0,9.0,4.0,1.0,"Sion, Mumbai",35.0,25.0,29.8,63,21.6,9.8,316,1009.7,0.0
2025-04-06,128.0,68.97560975609755,1.0,9.0,4.0,1.0,"Sion, Mumbai",33.8,25.3,29.6,64,19.1,7.0,269,1008.7,0.0
2025-04-07,135.0,70.0,1.0,9.0,3.0,1.0,"Sion, Mumbai",35.5,25.0,30.3,62,21.7,9.4,306,1008.3,0.0
2025-04-08,142.0,70.0,1.0,9.0,2.945945945945946,1.0,"Sion, Mumbai",36.5,26.4,31.0,49,25.0,8.7,316,1008.9,0.0
2025-05-14,66.5945945945946,56.0,1.0,9.0,1.0,1.0,"Sion, Mumbai",32.8,25.4,30.0,71,14.1,8.0,297,1007.1,1.7
2025-05-15,64.5,63.0,1.0,9.0,3.0,1.0,"Sion, Mumbai",32.8,28.0,30.5,71,15.7,7.6,284,1007.1,1.7
2025-05-16,109.0,120.0,1.0441176470588236,78.0,3.0,1.0404040404040404,"Sion, Mumbai",33.0,29.0,30.8,66,15.1,8.4,240,1006.9,0.5
2025-05-17,109.0,125.0,1.088235294117647,78.0,3.0,1.0808080808080809,"Sion, Mumbai",32.1,28.5,30.4,68,15.5,8.6,232,1006.6,1.8
2025-05-18,110.0,127.0,1.1323529411764706,81.0,3.0,1.121212121212121,"Sion, Mumbai",33.8,28.9,31.1,62,16.0,7.7,257,1005.8,0.2
2025-05-19,114.0,128.0,12.0,81.0,3.0,2.0,"Sion, Mumbai",31.9,29.0,30.3,69,17.6,8.4,303,1004.8,0.5
2025-05-20,116.0,59.0,12.0,72.0,3.0,2.0,"Sion, Mumbai",33.8,28.6,30.5,74,13.6,7.2,310,1004.1,4.3
2025-05-21,110.0,57.0,12.0,72.0,3.0,2.0,"Sion, Mumbai",31.5,26.8,29.1,83,14.3,6.7,325,1003.3,2.2
2025-05-22,109.0,117.0,12.0,44.0,2.0,2.0,"Sion, Mumbai",31.6,26.3,28.7,80,20.9,9.1,324,1002.0,5.0
2025-05-23,129.0,70.0,12.0,5.0,3.0,2.0,"Sion, Mumbai",32.2,26.4,28.8,85,14.3,5.4,330,999.5,3.1
2025-05-24,129.0,60.0,12.0,5.0,3.0,2.0,"Sion, Mumbai",32.2,26.5,29.0,84,15.9,8.8,341,999.3,4.8
2025-05-25,109.0,55.0,12.0,5.0,3.0,2.0,"Sion, Mumbai",28.4,24.1,26.6,90,13.0,5.7,333,1001.8,20.8
2025-05-26,103.0,54.0,12.0,5.0,3.0,2.0,"Sion, Mumbai",27.9,24.9,26.3,92,25.0,10.8,356,1002.0,61.3
2025-05-27,102.0,63.0,12.0,5.0,3.0,2.0,"Sion, Mumbai",29.9,25.8,27.4,88,13.7,5.8,228,1001.9,8.8
2025-05-28,109.0,70.0,12.0,5.0,3.0,2.0,"Sion, Mumbai",28.2,26.0,27.0,90,14.5,8.6,211,1002.3,14.0
2025-05-29,205.0,66.0,12.0,5.0,3.0,2.0,"Sion, Mumbai",31.2,26.8,29.0,85,19.9,11.3,250,1000.8,5.9
2025-05-30,188.75,83.0,12.0,4.0,3.0,2.0,"Sion, Mumbai",31.4,28.2,29.7,78,21.5,18.2,250,1002.1,1.2
2025-05-31,172.5,57.0,12.0,5.0,3.0,2.0,"Sion, Mumbai",31.0,27.5,29.3,79,22.0,17.4,232,1005.5,4.2
2025-06-01,156.25,56.0,6.0,5.0,3.0,3.0,"Sion, Mumbai",29.1,26.0,27.3,85,22.1,16.5,202,1006.0,7.3
2025-06-02,140.0,57.0,6.0,4.0,3.0,3.0,"Sion, Mumbai",30.5,25.8,27.8,83,22.3,16.7,203,1005.0,8.7
2025-06-03,117.0,63.0,6.0,5.0,3.0,3.0,"Sion, Mumbai",30.2,25.6,27.5,84,23.1,17.2,196,1005.3,11.0
2025-06-04,104.0,76.0,6.0,5.0,3.0,3.0,"Sion, Mumbai",28.8,24.7,27.0,84,18.3,11.1,181,1006.5,3.7
2025-06-05,130.0,74.0,6.0,5.0,3.0,3.0,"Sion, Mumbai",29.8,25.3,27.9,83,12.0,6.6,192,1008.5,0.4
2025-06-06,121.0,46.0,6.0,5.0,3.0,3.0,"Sion, Mumbai",30.0,26.7,28.3,84,11.0,5.1,260,1009.3,4.8
2025-06-07,107.0,55.0,6.0,5.0,3.0,3.0,"Sion, Mumbai",29.4,25.6,27.8,86,11.4,5.4,253,1009.5,9.0
2025-06-08,111.0,56.0,6.0,5.0,3.0,3.0,"Sion, Mumbai",30.1,26.8,28.5,82,15.6,8.6,276,1008.8,4.4
2025-06-09,108.0,42.0,6.0,5.0,3.0,3.0,"Sion, Mumbai",30.7,27.5,29.2,77,20.4,11.9,297,1007.8,0.6
2025-06-10,102.0,45.0,6.0,6.0,3.0,3.0,"Sion, Mumbai",30.6,27.6,29.1,78,18.9,11.9,298,1005.8,0.7
2025-06-11,78.0,70.0,6.0,6.0,3.0,3.0,"Sion, Mumbai",31.5,28.2,29.8,77,19.8,13.5,304,1004.1,0.7
2025-06-12,56.0,63.0,6.0,6.0,3.0,3.0,"Sion, Mumbai",31.5,28.8,30.1,77,25.4,17.7,308,1002.2,3.2
2025-06-13,73.0,55.0,6.0,6.0,3.0,3.0,"Sion, Mumbai",30.1,25.4,28.3,86,20.7,12.3,336,1001.6,33.9
2025-06-14,72.0,29.0,6.0,6.0,3.0,3.0,"Sion, Mumbai",30.4,25.6,27.6,90,15.7,8.0,331,1000.3,68.9
2025-06-15,74.0,16.0,6.0,6.0,3.0,3.0,"Sion, Mumbai",29.4,25.5,26.8,92,17.9,9.4,150,997.8,62.6
2025-06-16,46.0,90.0,6.0,5.0,3.0,3.0,"Sion, Mumbai",27.5,25.7,26.4,91,34.6,26.0,250,998.8,100.7
2025-06-17,73.0,27.0,6.0,6.0,3.0,3.0,"Sion, Mumbai",29.2,26.0,27.5,85,29.0,24.3,223,1001.7,13.8
2025-06-18,55.0,48.0,6.0,5.0,3.0,3.0,"Sion, Mumbai",28.6,26.2,27.2,88,32.3,25.1,249,1002.6,97.0
2025-06-19,61.0,46.0,6.0,6.0,3.0,3.0,"Sion, Mumbai",28.5,24.6,26.6,89,28.5,21.1,249,1003.5,77.3
2025-06-20,60.0,50.0,6.0,6.0,3.0,3.0,"Sion, Mumbai",29.5,26.2,27.6,84,24.4,20.0,229,1004.9,10.8
2025-06-21,62.0,39.0,6.0,6.0,3.0,3.0,"Sion, Mumbai",29.4,24.9,27.6,85,22.7,17.5,228,1005.3,12.1
2025-06-22,60.0,38.0,6.0,6.0,3.0,3.0,"Sion, Mumbai",29.2,25.9,27.6,83,25.0,20.7,234,1004.4,16.4
2025-06-23,67.0,35.0,6.0,6.0,3.0,3.0,"Sion, Mumbai",28.5,26.0,27.0,86,28.4,22.7,240,1002.9,48.7
2025-06-24,71.0,33.0,6.0,6.0,3.0,3.0,"Sion, Mumbai",29.2,25.5,27.0,87,27.8,19.9,241,1002.0,31.8
2025-06-25,68.0,49.0,6.0,6.0,3.0,3.0,"Sion, Mumbai",29.7,26.7,28.3,81,29.0,23.8,244,1001.4,7.4
2025-06-26,73.0,49.0,6.0,6.0,3.0,3.0,"Sion, Mumbai",28.6,25.6,27.0,87,23.6,18.2,230,1001.8,30.4
2025-06-27,69.0,45.0,6.0,7.0,3.0,3.0,"Sion, Mumbai",28.3,25.2,27.3,83,26.6,22.2,226,1002.5,13.8
2025-06-28,77.0,33.0,6.0,8.0,3.0,3.0,"Sion, Mumbai",29.1,25.8,27.6,80,29.7,25.3,229,1003.9,18.5
2025-06-29,66.0,32.0,6.0,7.0,3.0,3.0,"Sion, Mumbai",28.5,25.3,27.4,83,26.0,21.3,230,1004.2,21.0
2025-06-30,65.0,35.0,6.0,6.0,3.0,3.0,"Sion, Mumbai",29.5,24.7,27.1,83,26.1,21.3,243,1003.9,27.5
2025-07-01,64.0,40.0,5.0,6.0,3.0,2.0,"Sion, Mumbai",28.7,24.6,27.0,85,23.5,18.4,244,1004.2,38.9
2025-07-02,63.0,27.0,5.0,6.0,3.0,2.0,"Sion, Mumbai",28.6,25.4,26.8,87,23.7,19.5,247,1003.5,44.4
2025-07-03,59.0,36.0,5.0,6.0,3.0,2.0,"Sion, Mumbai",28.2,25.0,26.6,86,25.5,20.4,230,1003.6,23.1
2025-07-04,62.0,47.0,5.0,6.0,3.0,2.0,"Sion, Mumbai",28.1,25.4,26.9,84,26.3,22.5,229,1004.5,17.1
2025-07-05,68.0,50.0,5.0,6.0,3.0,2.0,"Sion, Mumbai",27.6,26.1,26.8,85,27.2,23.4,241,1004.3,29.9
2025-07-06,68.0,51.0,5.0,6.0,3.0,2.0,"Sion, Mumbai",28.0,25.5,26.7,86,31.8,22.9,241,1003.7,26.1
2025-07-07,65.0,45.0,5.0,6.0,3.0,2.0,"Sion, Mumbai",28.6,26.0,27.2,84,25.2,21.2,243,1004.1,8.8
2025-07-08,69.0,50.0,5.0,7.0,3.0,2.0,"Sion, Mumbai",28.4,26.9,27.8,82,25.8,22.2,244,1004.7,1.3
2025-07-09,76.0,57.0,5.0,7.0,3.0,2.0,"Sion, Mumbai",27.6,25.4,26.9,86,22.8,16.1,245,1005.1,9.1
2025-07-10,75.0,46.0,5.0,7.0,3.0,2.0,"Sion, Mumbai",28.8,25.3,27.1,84,17.2,11.9,234,1005.3,8.0
2025-07-11,73.0,37.0,5.0,7.0,3.0,2.0,"Sion, Mumbai",28.0,25.4,26.8,86,16.2,11.7,234,1005.5,6.2
2025-07-12,70.0,29.0,5.0,7.0,3.0,2.0,"Sion, Mumbai",29.1,25.2,27.2,85,18.9,13.0,250,1006.0,4.4
2025-07-13,62.0,21.0,5.0,7.0,3.0,2.0,"Sion, Mumbai",28.3,25.5,26.8,85,17.8,13.5,242,1005.7,13.3
2025-07-14,47.0,41.0,5.0,6.0,3.0,2.0,"Sion, Mumbai",27.3,25.2,26.4,89,25.6,18.1,242,1004.2,52.2
2025-07-15,66.0,51.0,5.0,7.0,3.0,2.0,"Sion, Mumbai",27.5,25.5,26.6,87,17.4,13.6,249,1003.8,17.9
2025-07-16,77.0,55.0,5.0,7.0,3.0,2.0,"Sion, Mumbai",29.2,26.0,27.5,84,18.1,13.3,260,1004.1,11.1
2025-07-17,78.0,45.0,5.0,7.0,3.0,2.0,"Sion, Mumbai",29.0,25.9,27.5,85,12.4,8.9,245,1004.8,3.5
2025-07-18,70.0,34.0,5.0,7.0,3.0,2.0,"Sion, Mumbai",29.1,26.0,27.7,83,13.4,9.9,253,1005.1,2.3
2025-07-19,68.0,21.0,5.0,7.0,3.0,2.0,"Sion, Mumbai",28.1,25.2,27.1,85,15.9,10.6,238,1003.1,4.2
2025-07-20,63.0,30.0,5.0,5.0,3.0,2.0,"Sion, Mumbai",27.8,25.0,26.5,87,16.4,13.0,226,1002.3,12.4
2025-07-21,75.0,119.0,5.0,6.0,3.0,2.0,"Sion, Mumbai",27.7,25.8,26.5,89,14.5,11.3,232,1003.5,25.6
2025-07-22,131.0,36.0,4.0,7.0,3.0,2.0,"Sion, Mumbai",27.8,25.7,26.6,88,18.0,11.6,252,1004.2,24.7
2025-07-23,69.0,46.0,4.0,7.0,3.0,2.0,"Sion, Mumbai",27.6,25.1,26.5,86,20.0,15.0,251,1003.1,20.0
2025-07-24,66.0,41.0,4.0,7.0,3.0,2.0,"Sion, Mumbai",27.1,25.3,26.3,87,21.5,17.0,238,1001.7,17.8
2025-07-25,56.0,49.0,4.0,7.0,3.0,2.0,"Sion, Mumbai",27.5,26.1,26.6,88,24.6,20.6,249,1001.2,38.3
2025-07-26,68.0,59.0,4.0,7.0,3.0,2.0,"Sion, Mumbai",27.6,25.3,26.5,86,25.4,22.9,257,1002.3,25.0
2025-07-27,78.0,32.0,4.0,7.0,3.0,2.0,"Sion, Mumbai",28.3,25.1,26.9,83,31.0,27.1,250,1003.6,13.0
2025-07-28,67.0,72.0,5.0,6.0,3.0,2.0,"Sion, Mumbai",28.2,26.0,26.9,82,29.9,26.9,249,1004.8,8.2
2025-07-29,132.0,34.0,4.0,7.0,3.0,2.0,"Sion, Mumbai",27.9,26.0,26.7,84,29.6,26.4,254,1005.3,8.0
2025-07-30,72.0,36.0,4.0,7.0,3.0,2.0,"Sion, Mumbai",27.5,25.9,26.7,85,28.4,23.6,248,1004.9,8.1
2025-07-31,74.0,39.0,4.0,7.0,3.0,2.0,"Sion, Mumbai",27.6,26.1,26.9,84,24.8,22.1,238,1005.5,3.8
2025-08-01,71.0,171.0,4.0,5.0,3.0,3.0,"Sion, Mumbai",28.4,25.8,27.0,82,22.4,17.4,242,1006.2,2.9
2025-08-02,122.0,52.0,4.0,7.0,3.0,3.0,"Sion, Mumbai",28.0,25.4,26.6,86,16.9,12.2,246,1006.4,6.4
2025-08-03,63.0,51.0,4.0,7.0,3.0,3.0,"Sion, Mumbai",27.9,25.2,26.6,85,13.9,9.8,227,1007.2,3.9
2025-08-04,66.0,51.0,4.0,6.0,3.0,3.0,"Sion, Mumbai",28.6,25.1,27.0,84,14.3,8.7,249,1008.3,3.9
2025-08-05,60.0,61.0,4.055555555555555,7.0,3.0,3.0,"Sion, Mumbai",28.7,25.5,27.1,83,16.2,8.3,266,1007.8,4.5
2025-08-06,67.0,33.0,4.111111111111111,7.0,3.0,3.0,"Sion, Mumbai",29.2,25.7,27.4,83,15.6,7.7,294,1007.4,1.3
2025-08-07,69.0,37.0,4.166666666666667,6.0,3.0,3.0,"Sion, Mumbai",28.0,26.0,27.1,86,13.4,6.2,291,1007.2,1.7
2025-08-08,91.0,49.0,6.0,5.0,3.0,3.0,"Sion, Mumbai",28.0,26.1,26.9,86,9.2,4.6,272,1007.9,3.1
2025-08-09,211.0,52.0,6.0,4.0,3.0,3.0,"Sion, Mumbai",28.2,25.0,26.8,86,10.3,5.6,239,1009.4,0.9
2025-08-10,67.0,56.0,6.0,4.0,3.0,3.0,"Sion, Mumbai",28.0,25.4,26.7,84,14.0,6.5,235,1008.6,4.4
2025-08-11,62.0,48.0,6.0,4.0,3.0,3.0,"Sion, Mumbai",28.1,25.4,26.8,83,16.6,9.5,248,1008.4,6.4
2025-08-12,58.0,38.0,6.0,4.0,3.0,3.0,"Sion, Mumbai",28.5,25.2,26.7,83,18.2,10.3,257,1007.1,6.2
2025-08-13,50.0,27.0,6.0,4.0,3.0,3.0,"Sion, Mumbai",27.9,25.3,26.3,86,13.9,9.4,246,1005.1,9.8
2025-08-14,54.0,66.0,6.0,4.0,3.0,3.0,"Sion, Mumbai",27.2,25.2,26.0,89,16.4,10.5,222,1004.4,50.5
2025-08-15,47.0,36.0,6.0,4.0,3.0,3.0,"Sion, Mumbai",27.2,25.3,26.2,88,17.1,12.8,245,1003.8,49.6
2025-08-16,49.0,26.0,6.0,4.0,3.0,3.0,"Sion, Mumbai",26.5,24.8,25.6,91,16.7,11.6,245,1002.6,38.7
2025-08-17,53.0,30.0,6.0,4.0,3.0,3.0,"Sion, Mumbai",27.9,25.4,26.4,87,23.7,15.5,237,1001.4,15.6
2025-08-18,48.0,88.0,6.0,4.0,3.0,3.0,"Sion, Mumbai",26.7,25.5,25.7,91,27.2,22.4,243,1003.7,117.6
2025-08-19,40.0,95.0,6.0,4.0,3.0,3.0,"Sion, Mumbai",26.5,25.2,25.8,90,35.5,27.7,251,1002.5,128.8
2025-08-20,47.0,181.0,6.0,4.0,3.0,3.0,"Sion, Mumbai",26.9,25.1,25.9,88,32.3,27.6,243,1003.8,60.2
2025-08-21,106.0,38.0,6.0,4.0,3.0,3.0,"Sion, Mumbai",28.0,25.6,26.7,84,28.6,24.2,234,1007.0,29.1
2025-08-22,53.0,48.0,5.0,4.0,3.0,5.0,"Sion, Mumbai",28.2,25.8,27.0,81,25.1,21.6,240,1007.9,3.9
2025-08-23,53.0,40.0,5.0,4.0,3.0,3.0,"Sion, Mumbai",28.2,24.9,26.8,80,28.7,23.3,241,1007.1,10.1
2025-08-24,50.0,57.0,6.0,4.0,3.0,3.0,"Sion, Mumbai",28.5,25.8,26.9,81,26.5,24.0,239,1007.7,4.5
2025-08-25,47.0,22.0,6.0,4.0,3.0,3.0,"Sion, Mumbai",26.9,25.0,25.8,86,26.0,20.9,243,1007.1,24.0
2025-08-26,59.0,21.0,6.0,4.0,3.0,3.0,"Sion, Mumbai",27.9,25.0,26.5,85,20.7,16.3,254,1006.7,14.4
2025-08-27,67.0,29.0,6.0,4.0,3.0,3.0,"Sion, Mumbai",28.2,25.4,26.7,85,14.2,10.0,278,1005.5,7.0
2025-08-28,71.0,73.0,6.0,4.0,3.0,3.0,"Sion, Mumbai",28.4,25.4,26.7,88,12.4,9.0,281,1004.6,16.6
2025-08-29,84.0,72.37037037037037,6.0,4.0,3.0,3.0,"Sion, Mumbai",28.0,25.7,26.5,87,14.3,9.9,236,1004.5,7.4
2025-09-24,65.7037037037037,56.0,6.0,4.0,3.0,3.0,"Sion, Mumbai",28.2,24.6,26.9,81,12.6,7.4,267,1008.0,1.5
2025-09-25,65.0,78.0,6.0,5.0,3.0,2.0,"Sion, Mumbai",27.9,24.5,26.4,84,11.0,6.1,253,1007.3,3.4
2025-09-26,83.0909090909091,50.0,6.0,5.0,3.0,3.0,"Sion, Mumbai",29.1,24.5,26.7,86,13.7,4.8,313,1007.3,3.3
2025-09-27,101.1818181818182,27.0,6.0,4.0,3.0,3.0,"Sion, Mumbai",28.4,24.6,26.4,85,17.5,10.9,289,1007.3,17.4
2025-09-28,119.27272727272728,35.0,6.0,4.0,3.0,2.0,"Sion, Mumbai",26.6,25.5,26.1,89,34.8,26.5,273,1003.8,122.1
2025-09-29,65.0,41.0,6.0,4.0,3.0,3.0,"Sion, Mumbai",28.5,25.5,26.7,78,29.4,22.4,227,1004.3,16.9
2025-09-30,65.0,37.0,6.0,5.0,3.0,3.0,"Sion, Mumbai",27.4,24.3,25.6,85,23.7,18.7,194,1005.4,9.4
2025-10-01,122.0,31.0,6.0,4.0,3.0,2.0,"Sion, Mumbai",28.3,24.1,25.8,87,24.3,17.9,185,1005.0,13.2
2025-10-02,122.0,38.0,6.0,4.0,3.0,2.0,"Sion, Mumbai",27.8,24.4,26.0,87,24.6,16.7,181,1007.0,5.2
2025-10-03,122.0,42.0,6.0,5.0,3.0,2.0,"Sion, Mumbai",28.5,25.1,26.6,86,18.8,12.8,187,1009.7,4.2
2025-10-04,122.0,107.5,6.0,4.0,3.0,2.0,"Sion, Mumbai",28.5,25.0,26.7,86,14.4,8.8,200,1011.0,3.7
2025-10-05,122.0,173.0,6.0,4.0,3.0,2.0,"Sion, Mumbai",27.8,24.6,26.4,85,11.5,7.7,200,1011.1,1.0
2025-10-06,264.0,67.0,6.0,6.0,3.0,2.0,"Sion, Mumbai",28.0,24.7,26.2,84,13.9,7.7,217,1011.7,2.0
2025-10-07,339.0,73.0,6.0,5.0,3.0,2.0,"Sion, Mumbai",28.5,24.6,26.3,86,13.3,5.8,249,1011.7,1.7
2025-10-08,296.6666666666667,78.0,5.0,5.0,3.0,2.0,"Sion, Mumbai",29.4,24.9,26.9,84,14.8,7.0,333,1011.4,0.2
2025-10-09,254.3333333333333,95.0,5.0,6.0,3.0,2.0,"Sion, Mumbai",31.0,25.1,27.8,78,12.1,7.2,349,1011.5,0.0
2025-10-10,212.0,69.0,5.0,6.0,3.0,2.0,"Sion, Mumbai",32.7,24.6,28.2,66,12.3,7.8,359,1010.1,0.0
2025-10-11,104.0,53.0,5.0,7.0,3.0,2.0,"Sion, Mumbai",33.5,25.0,28.8,62,14.5,7.1,343,1009.8,0.1
2025-10-12,99.0,76.0,5.0,6.0,3.0,2.0,"Sion, Mumbai",34.4,25.0,29.3,59,14.5,7.4,341,1009.4,0.1
2025-10-13,139.0,117.0,5.0,6.0,3.0,2.0,"Sion, Mumbai",33.8,25.3,29.4,56,14.6,7.8,337,1009.8,0.0
2025-10-14,168.0,118.0,5.0,5.0,3.0,2.0,"Sion, Mumbai",34.4,24.8,29.3,56,15.0,8.2,341,1008.0,0.0
2025-10-15,185.0,80.0,5.0,3.0,3.0,2.0,"Sion, Mumbai",34.0,25.0,28.8,61,15.1,4.9,65,1007.4,1.3
2025-10-16,200.0,63.0,5.0,3.0,3.0,2.0,"Sion, Mumbai",34.3,26.4,29.2,73,13.0,6.0,66,1007.9,9.8
2025-10-17,112.0,87.0,5.0,3.0,3.0,2.0,"Sion, Mumbai",34.8,26.0,30.2,66,14.2,8.3,16,1008.9,0.0
2025-10-18,154.0,87.0,5.0,3.0,3.0,2.0,"Sion, Mumbai",34.4,26.6,30.3,62,13.1,6.6,16,1008.8,0.3
2025-10-19,147.0,98.0,5.0,3.0,3.0,2.0,"Sion, Mumbai",35.0,26.6,30.3,62,13.5,7.7,1,1007.5,0.4
2025-10-20,152.0,102.0,6.0,3.0,3.0,2.0,"Sion, Mumbai",34.7,26.5,30.3,61,16.5,8.7,8,1006.8,0.1
2025-10-21,148.0,83.0,5.0,3.0,3.0,2.0,"Sion, Mumbai",33.9,26.0,29.5,63,13.6,7.5,43,1008.0,7.5
2025-10-22,106.0,110.0,5.0,3.0,3.0,2.0,"Sion, Mumbai",33.2,26.1,29.4,72,13.7,6.8,43,1008.4,1.0
2025-10-23,125.0,85.0,6.0,3.0,3.0,2.0,"Sion, Mumbai",35.0,26.9,30.5,67,15.4,8.2,46,1007.1,3.5
2025-10-24,109.0,91.0,6.0,3.0,3.0,2.0,"Sion, Mumbai",33.3,27.1,29.5,72,18.3,8.0,139,1007.0,5.8
2025-10-25,102.0,45.0,6.0,3.0,3.0,2.0,"Sion, Mumbai",29.8,25.5,27.2,83,16.6,9.4,138,1006.7,16.5
2025-10-26,75.0,25.0,6.0,3.0,3.0,2.0,"Sion, Mumbai",27.0,24.2,25.5,91,19.4,10.8,130,1006.7,40.6
2025-10-27,54.0,45.0,5.0,3.0,3.0,2.0,"Sion, Mumbai",30.3,24.1,26.3,86,24.9,13.8,155,1006.5,11.3
2025-10-28,79.0,60.0,5.0,3.0,3.0,2.0,"Sion, Mumbai",31.5,25.5,27.6,77,20.5,15.3,150,1005.7,0.2
2025-10-29,100.0,53.0,6.0,3.0,3.0,2.0,"Sion, Mumbai",30.8,26.1,27.5,79,24.2,12.2,161,1005.1,0.0
2025-10-30,95.0,36.0,6.0,3.0,3.0,3.0,"Sion, Mumbai",28.7,24.8,26.7,82,23.7,15.9,162,1006.9,13.6
2025-10-31,68.0,30.0,6.0,3.0,3.0,2.0,"Sion, Mumbai",29.1,24.8,26.8,83,26.6,19.3,164,1008.3,11.1
2025-11-01,59.0,31.0,6.0,4.0,3.0,3.0,"Sion, Mumbai",28.2,25.1,26.6,88,21.3,15.8,173,1010.3,4.9
2025-11-02,60.0,71.0,6.0,3.0,3.0,2.0,"Sion, Mumbai",27.5,25.4,26.3,88,18.9,13.2,186,1012.4,5.4
2025-11-03,79.0,44.0,5.0,3.0,3.0,2.0,"Sion, Mumbai",28.4,24.0,26.2,88,13.6,8.4,203,1012.4,2.2
2025-11-04,78.0,52.0,5.0,3.0,3.0,2.0,"Sion, Mumbai",28.0,24.9,26.1,87,14.9,6.3,243,1011.8,2.1
2025-11-05,93.0,64.0,5.0,3.0,3.0,2.0,"Sion, Mumbai",28.4,23.6,25.9,82,10.4,5.6,328,1011.1,0.5
2025-11-06,116.0,63.0,5.0,3.0,3.0,2.0,"Sion, Mumbai",29.0,23.4,26.0,82,14.0,6.9,349,1011.6,0.3
2025-11-07,115.0,189.0,4.0,2.0,3.0,1.0,"Sion, Mumbai",31.1,24.0,26.9,74,15.2,7.3,343,1012.3,0.0
2025-11-08,161.0,43.0,5.0,2.0,3.0,1.0,"Sion, Mumbai",33.5,23.0,27.7,57,11.7,8.5,20,1013.3,0.0
2025-11-09,80.0,67.0,5.0,2.0,3.0,2.0,"Sion, Mumbai",31.5,22.6,26.6,54,13.5,8.0,327,1012.8,0.0
2025-11-10,109.0,178.0,5.0,2.0,3.0,2.0,"Sion, Mumbai",31.5,21.6,26.4,58,12.9,6.4,213,1012.2,0.0
2025-11-11,179.0,65.0,4.0,2.0,4.0,1.0,"Sion, Mumbai",31.8,21.6,26.6,60,14.1,6.7,345,1013.0,0.0
2025-11-12,116.0,147.0,4.0,2.0,3.0,1.0,"Sion, Mumbai",32.7,21.9,27.2,46,13.1,7.8,16,1013.4,0.0
2025-11-13,142.0,136.0,5.0,2.0,3.0,1.0,"Sion, Mumbai",33.5,22.5,27.5,47,13.1,8.3,15,1013.8,0.0
2025-11-14,167.0,80.0,5.0,2.0,4.0,1.0,"Sion, Mumbai",32.8,21.9,27.0,51,12.6,7.3,14,1013.2,0.0
2025-11-15,119.0,69.0,4.0,2.0,3.0,1.0,"Sion, Mumbai",32.9,21.6,26.8,48,13.9,8.4,46,1013.8,0.0
2025-11-16,98.0,56.0,4.0,2.0,3.0,1.0,"Sion, Mumbai",32.8,21.1,26.5,46,14.6,9.2,41,1015.0,0.0
2025-11-17,75.0,58.0,4.0,27.0,3.0,1.0,"Sion, Mumbai",32.5,20.8,25.9,47,17.3,9.6,27,1014.6,0.0
2025-11-18,76.0,48.0,4.0,57.0,3.0,1.0,"Sion, Mumbai",32.0,20.0,25.4,49,16.9,9.0,25,1012.9,0.0
2025-11-19,67.0,41.0,4.0,38.0,4.0,1.0,"Sion, Mumbai",32.5,19.5,25.8,47,12.8,9.1,22,1012.8,0.0
2025-11-20,57.0,54.0,5.0,23.0,6.0,1.0,"Sion, Mumbai",32.5,21.0,26.1,50,12.5,8.0,357,1013.1,0.0
2025-11-21,73.0,56.0,5.0,22.0,6.0,1.0,"Sion, Mumbai",33.3,20.9,26.4,53,12.8,8.3,19,1013.9,0.0
2025-11-22,75.0,56.0,5.0,20.0,6.0,2.0,"Sion, Mumbai",32.3,23.1,27.3,56,11.5,7.2,348,1013.1,0.0
2025-11-23,75.0,63.0,5.0,21.0,6.0,2.0,"Sion, Mumbai",31.7,24.5,27.5,62,13.7,6.1,323,1013.1,0.0
2025-11-24,77.0,54.0,5.0,19.0,6.0,2.0,"Sion, Mumbai",32.3,24.0,27.6,65,15.2,6.6,327,1013.1,0.0
2025-11-25,71.0,67.0,5.0,20.0,6.0,2.0,"Sion, Mumbai",32.3,24.4,27.8,65,10.8,6.3,325,1012.8,0.0
2025-11-26,102.0,86.0,5.0,20.0,6.0,2.0,"Sion, Mumbai",31.8,24.5,27.6,67,13.9,5.8,297,1013.0,0.0
2025-11-27,134.0,74.0,5.0,20.0,6.0,2.0,"Sion, Mumbai",32.7,24.0,27.6,63,15.4,7.9,354,1013.6,0.0
2025-11-28,121.0,45.0,5.0,18.0,6.0,1.0,"Sion, Mumbai",33.0,23.5,27.5,58,15.1,8.2,346,1013.0,0.0
2025-11-29,78.0,43.0,4.0,18.0,6.0,1.0,"Sion, Mumbai",32.3,23.2,27.1,52,11.7,7.9,25,1011.9,0.0
2025-11-30,71.0,44.0,4.0,18.0,6.0,1.0,"Sion, Mumbai",31.9,20.8,25.5,50,15.8,7.7,353,1011.7,0.0
2025-12-01,69.0,49.0,5.0,19.0,6.0,1.0,"Sion, Mumbai",32.5,20.5,25.6,51,15.1,8.0,6,1011.5,0.0
2025-12-02,63.0,63.0,4.0,19.0,6.0,1.0,"Sion, Mumbai",32.2,20.6,25.8,55,13.2,6.8,344,1011.6,0.0
2025-12-03,65.0,71.0,4.0,19.0,6.0,1.0,"Sion, Mumbai",33.0,20.9,26.5,48,14.5,8.6,11,1012.5,0.0
2025-12-04,60.0,70.0,4.0,19.0,6.0,1.0,"Sion, Mumbai",33.6,22.4,27.4,49,16.1,9.5,23,1013.4,0.0
2025-12-05,60.0,88.0,5.0,19.0,6.0,1.0,"Sion, Mumbai",34.1,23.1,28.1,49,14.3,9.4,31,1014.3,0.0
2025-12-06,76.0,80.0,5.0,17.0,6.0,1.0,"Sion, Mumbai",32.9,23.6,27.5,50,15.7,9.6,17,1014.9,0.0
2025-12-07,73.0,80.0,5.0,22.0,6.0,2.0,"Sion, Mumbai",33.0,22.2,26.8,49,14.3,9.2,17,1014.7,0.0
2025-12-08,72.0,209.0,4.0,25.0,6.0,1.0,"Sion, Mumbai",33.4,21.3,26.6,51,16.0,7.6,1,1014.6,0.0
2025-12-09,110.0,136.0,4.0,41.0,6.0,1.0,"Sion, Mumbai",33.2,20.8,26.6,38,13.6,7.4,21,1014.1,0.0
2025-12-10,113.0,244.0,4.0,37.0,6.0,1.0,"Sion, Mumbai",32.8,21.0,26.3,35,15.7,8.1,5,1014.9,0.0
2025-12-11,214.0,87.0,4.0,1.0,6.0,1.0,"Sion, Mumbai",32.5,20.2,25.6,39,13.9,8.3,12,1014.3,0.0
2025-12-12,159.0,43.0,4.0,1.0,6.0,1.0,"Sion, Mumbai",32.2,19.3,25.1,44,14.7,8.3,6,1013.3,0.0
2025-12-13,91.0,38.0,4.0,1.0,6.0,1.0,"Sion, Mumbai",32.3,19.9,25.3,50,14.4,7.1,357,1013.2,0.0
2025-12-14,82.0,36.0,4.0,1.0,6.0,1.0,"Sion, Mumbai",31.6,20.5,25.8,46,15.1,8.3,18,1013.8,0.0
2025-12-15,78.0,34.0,4.0,4.0,6.0,1.0,"Sion, Mumbai",32.3,20.0,26.0,43,14.9,8.1,27,1013.7,0.0
2025-12-16,76.0,129.0,4.0,6.0,17.0,1.0,"Sion, Mumbai",32.5,20.4,25.6,45,15.8,10.2,48,1013.3,0.0
2025-12-17,168.0,142.0,4.0,5.0,27.0,1.0,"Sion, Mumbai",32.3,20.9,26.2,49,15.5,8.4,3,1014.3,0.0
2025-12-18,177.0,37.0,5.0,3.0,35.5,1.0,"Sion, Mumbai",32.6,20.7,26.1,49,14.3,8.0,1,1014.5,0.0
2025-12-19,79.0,30.0,4.0,3.0,44.0,1.0,"Sion, Mumbai",32.2,19.9,25.1,46,16.1,8.1,3,1013.1,0.0
2025-12-20,68.0,22.0,4.0,3.0,42.0,1.0,"Sion, Mumbai",32.5,19.6,25.1,44,17.1,7.6,6,1011.5,0.0
2025-12-21,53.0,26.0,4.0,3.0,40.0,1.0,"Sion, Mumbai",32.5,20.6,25.4,43,15.0,9.7,38,1012.4,0.0
2025-12-22,60.0,21.0,4.0,3.0,38.0,1.0,"Sion, Mumbai",31.5,20.0,25.0,45,17.4,8.2,360,1012.7,0.0
2025-12-23,52.0,20.0,4.0,3.0,7.0,1.0,"Sion, Mumbai",31.9,20.5,25.3,47,15.4,8.5,360,1012.1,0.0
2025-12-24,49.0,43.0,4.0,3.0,34.0,1.0,"Sion, Mumbai",31.8,20.8,25.2,47,15.2,9.3,7,1012.1,0.0
2025-12-25,93.0,85.0,4.0,3.0,7.0,1.0,"Sion, Mumbai",31.3,19.4,24.9,52,14.3,8.1,10,1012.7,0.0
2025-12-26,151.0,114.5,4.0,5.0,14.0,1.0,"Sion, Mumbai",30.8,19.5,24.9,50,16.9,7.4,350,1012.5,0.0
2025-12-27,304.0,78.0,5.0,13.0,7.0,1.0,"Sion, Mumbai",31.5,20.1,25.3,50,14.3,8.3,4,1012.7,0.0
2025-12-28,146.0,90.0,5.0,15.75,6.6,1.25,"Sion, Mumbai",30.8,20.4,25.1,51,14.4,7.9,355,1013.4,0.0
2025-12-31,117.5,126.0,5.0,24.0,5.4,2.0,"Sion, Mumbai",28.0,19.1,23.5,72,15.0,6.2,295,1011.9,0.2
2026-01-01,108.0,96.0,6.0,8.0,5.0,2.0,"Sion, Mumbai",27.5,20.9,23.7,76,15.7,8.1,325,1012.1,0.8
2026-01-02,92.0,80.0,5.0,7.0,9.0,2.0,"Sion, Mumbai",28.0,20.9,24.1,74,16.7,9.1,335,1013.5,0.0
2026-01-03,105.0,85.0,5.0,7.0,9.0,2.0,"Sion, Mumbai",30.0,20.9,24.9,64,14.1,8.3,337,1013.6,0.0
2026-01-04,113.0,63.0,5.0,7.0,9.0,2.0,"Sion, Mumbai",30.3,22.1,25.8,64,15.5,9.9,340,1014.2,0.0
2026-01-05,80.0,61.0,5.0,7.0,9.0,2.0,"Sion, Mumbai",31.0,22.5,26.0,59,14.1,8.1,328,1015.1,0.0
2026-01-06,80.0,109.0,9.0,16.0,3.0,2.0,"Sion, Mumbai",30.8,21.8,25.6,61,15.2,7.9,14,1015.7,0.0
2026-01-07,106.0,100.0,10.0,44.0,13.0,1.0,"Sion, Mumbai",30.8,20.5,25.0,58,15.5,8.0,350,1015.8,0.0
2026-01-08,136.0,87.0,23.0,39.0,12.0,1.0,"Sion, Mumbai",29.6,19.6,24.3,53,15.2,7.9,346,1016.0,0.0
2026-01-09,117.0,83.0,25.0,37.0,12.0,1.0,"Sion, Mumbai",31.1,18.7,24.1,48,16.3,8.8,350,1015.5,0.0
2026-01-10,115.0,82.0,20.0,38.0,12.0,1.0,"Sion, Mumbai",29.9,19.5,24.0,50,19.0,10.4,351,1015.0,0.0
2026-01-11,112.0,71.0,23.0,38.0,12.0,1.0,"Sion, Mumbai",31.1,19.6,24.7,48,16.1,10.0,354,1015.4,0.0
2026-01-12,99.0,91.0,22.0,44.0,12.0,1.0,"Sion, Mumbai",31.2,20.5,25.4,47,13.9,8.2,355,1015.6,0.0
2026-01-13,134.0,138.0,20.0,43.0,24.0,1.0,"Sion, Mumbai",30.0,22.6,26.3,51,10.8,5.7,316,1015.8,0.0
2026-01-14,221.0,74.0,6.0,36.0,15.0,1.0,"Sion, Mumbai",31.0,23.0,26.1,57,17.6,9.0,332,1014.5,0.0
2026-01-15,103.0,111.0,4.0,32.0,15.0,2.0,"Sion, Mumbai",29.6,20.1,24.5,51,15.2,9.0,337,1013.8,0.0
2026-01-16,138.0,92.0,5.0,23.0,10.333333333333332,2.0,"Sion, Mumbai",29.5,20.0,24.3,67,13.6,7.4,318,1013.4,0.0
2026-01-17,110.0,112.0,6.0,14.0,5.666666666666666,2.0,"Sion, Mumbai",29.1,20.0,24.0,69,15.4,8.2,304,1013.0,0.0
2026-01-18,126.0,54.0,5.0,5.0,1.0,2.0,"Sion, Mumbai",26.5,20.5,23.2,72,16.0,8.5,328,1012.3,0.0
2026-01-19,75.0,76.0,6.0,13.0,3.0,2.0,"Sion, Mumbai",27.6,18.8,22.9,64,18.6,10.5,343,1013.4,0.0
2026-01-20,107.0,104.0,6.0,13.0,3.0,2.0,"Sion, Mumbai",27.7,18.8,23.3,58,12.9,8.0,337,1012.8,0.0
2026-01-21,135.0,113.0,8.0,13.0,3.0,1.0,"Sion, Mumbai",29.5,19.9,24.4,65,17.1,5.5,258,1013.2,0.0
2026-01-22,141.0,101.0,8.0,13.0,5.0,2.0,"Sion, Mumbai",28.8,20.9,24.6,65,16.8,7.2,281,1013.9,0.0
2026-01-23,120.0,69.0,6.0,13.0,3.0,2.0,"Sion, Mumbai",27.7,21.1,24.0,73,19.4,8.8,332,1015.3,0.0
2026-01-24,103.0,77.0,7.0,13.0,3.333333333333333,2.0,"Sion, Mumbai",28.5,19.9,23.6,61,18.1,9.8,337,1016.3,0.0
2026-01-25,117.0,97.0,7.0,13.0,3.6666666666666665,2.0,"Sion, Mumbai",29.5,19.7,24.0,64,12.5,7.7,339,1014.5,0.0
2026-01-26,136.0,96.0,8.0,14.0,4.0,2.0,"Sion, Mumbai",30.0,20.5,25.0,67,10.4,6.6,309,1014.6,0.0
2026-01-27,116.0,56.0,5.0,13.0,3.6666666666666665,2.0,"Sion, Mumbai",27.5,22.2,24.2,74,18.1,10.7,329,1016.6,0.3
2026-01-28,82.0,72.0,5.0,13.0,3.333333333333333,1.0,"Sion, Mumbai",29.5,20.2,24.0,62,15.8,10.5,345,1015.9,0.0
2026-01-29,110.0,98.0,5.0,13.0,3.0,2.0,"Sion, Mumbai",31.5,20.9,25.3,50,13.9,6.9,331,1013.8,0.0
2026-01-30,132.0,155.0,6.0,12.0,1.0,2.0,"Sion, Mumbai",30.0,23.1,25.7,70,15.8,6.1,231,1014.2,0.0
2026-01-31,166.0,93.0,5.0,13.0,1.0,2.0,"Sion, Mumbai",28.5,22.5,25.0,82,16.8,7.3,312,1014.9,0.0
2026-02-01,136.0,89.0,5.0,12.0,1.0,1.0,"Sion, Mumbai",31.5,22.0,25.8,69,15.9,8.5,333,1014.9,0.0
2026-02-02,128.0,132.0,5.0,12.0,1.0,2.0,"Sion, Mumbai",32.5,21.8,26.5,56,16.0,7.4,321,1014.5,0.0
2026-02-03,166.0,67.0,5.0,13.0,1.0,1.0,"Sion, Mumbai",31.5,22.4,26.4,51,15.4,7.4,330,1014.4,0.0
2026-02-04,100.0,66.0,4.0,12.0,1.0,1.0,"Sion, Mumbai",32.8,22.6,26.9,52,15.5,7.1,330,1014.5,0.0
2026-02-05,97.0,204.0,3.0,13.0,5.0,1.0,"Sion, Mumbai",32.7,23.1,27.3,50,16.3,7.9,316,1015.3,0.0
2026-02-06,184.0,90.0,2.857142857142857,13.0,1.0,1.0,"Sion, Mumbai",33.7,22.9,27.5,47,18.9,9.7,345,1015.7,0.0
2026-02-07,140.0,174.0,2.7142857142857144,12.0,3.8,2.0,"Sion, Mumbai",32.8,22.2,27.1,43,15.5,8.4,333,1014.7,0.0
2026-02-08,182.0,156.0,2.571428571428572,11.8,6.6,2.0,"Sion, Mumbai",32.8,22.5,27.3,44,14.3,8.2,328,1013.1,0.0
2026-02-12,126.8,84.0,2.0,11.0,17.8,2.0,"Sion, Mumbai",31.4,22.6,26.9,53,16.2,7.7,306,1014.1,0.0
2026-02-13,113.0,118.0,2.0,12.0,6.0,1.0,"Sion, Mumbai",31.8,22.6,26.7,56,14.7,6.8,317,1013.2,0.0
2026-02-14,139.0,151.0,2.0,11.0,6.0,1.0,"Sion, Mumbai",33.2,22.8,27.4,53,17.1,7.7,321,1012.4,0.0
2026-02-15,168.0,105.0,3.0,11.0,6.0,1.0,"Sion, Mumbai",33.3,23.1,28.0,46,14.9,7.6,329,1012.3,0.0
2026-02-16,80.0,55.0,7.0,61.0,29.0,2.0,"Sion, Mumbai",31.5,23.5,26.9,47,17.1,8.3,320,1010.8,0.0
2026-02-17,82.0,44.0,2.0,12.0,29.0,2.0,"Sion, Mumbai",30.4,23.1,26.0,59,18.0,10.5,327,1011.1,0.0
2026-02-18,72.0,44.0,2.0,12.0,29.0,2.0,"Sion, Mumbai",28.4,22.1,24.9,67,18.9,10.1,327,1011.6,0.0
