date,pm25,pm10,o3,no2,so2,co,location,temperature_2m_max,temperature_2m_min,temperature_2m_mean,relative_humidity_2m_mean,wind_speed_10m_max,wind_speed_10m_mean,wind_direction_10m_dominant,pressure_msl_mean,precipitation_sum
2019-07-03,52.0,40.0,3.0,4.0,5.0,4.0,"Worli, Mumbai",27.5,25.9,26.6,91,20.4,15.6,220,1003.9,15.8
2019-07-04,48.0,59.0,6.0,2.0,5.0,2.0,"Worli, Mumbai",27.8,26.2,27.0,90,23.7,19.0,227,1003.4,19.7
2019-07-05,45.0,57.0,7.0,1.0,5.0,2.0,"Worli, Mumbai",27.9,26.0,26.7,91,26.2,21.8,232,1002.2,16.4
2019-07-06,35.0,67.0,7.0,1.0,5.0,2.0,"Worli, Mumbai",27.2,25.6,26.4,91,28.4,24.9,231,1001.9,22.7
2019-07-07,50.0,57.0,7.0,2.0,5.0,3.0,"Worli, Mumbai",27.7,26.0,26.7,90,28.2,25.2,233,1002.7,21.0
2019-07-08,42.0,56.0,9.0,2.0,1.0,3.0,"Worli, Mumbai",28.0,26.0,26.8,90,26.9,23.5,225,1004.0,15.8
2019-07-09,38.0,39.0,7.0,5.0,1.0,3.0,"Worli, Mumbai",27.8,26.0,26.7,90,29.8,25.3,223,1003.4,14.4
2019-07-10,25.0,59.0,6.0,3.0,1.0,1.0,"Worli, Mumbai",27.5,25.8,26.5,90,31.2,22.7,234,1003.7,36.9
2019-07-11,28.0,53.0,6.0,3.0,1.0,1.0,"Worli, Mumbai",27.3,25.7,26.6,90,27.2,23.0,227,1005.9,19.4
2019-07-12,26.0,45.0,5.0,3.0,2.0,1.0,"Worli, Mumbai",27.5,25.8,26.6,90,28.4,21.9,208,1006.9,6.3
2019-07-13,26.0,46.0,6.0,3.0,3.0,1.0,"Worli, Mumbai",27.8,25.6,26.6,91,23.5,18.6,210,1007.9,6.0
2019-07-14,23.0,53.0,6.0,3.0,4.0,1.0,"Worli, Mumbai",28.2,25.9,27.1,89,20.4,17.2,236,1007.2,6.1
2019-07-15,32.0,52.0,4.0,3.0,5.0,1.0,"Worli, Mumbai",29.1,25.9,27.3,88,23.4,18.4,236,1006.0,5.0
2019-07-16,29.0,57.0,4.0,3.0,5.0,1.0,"Worli, Mumbai",27.8,25.7,26.8,89,18.8,16.2,225,1006.7,6.5
2019-07-17,33.0,59.0,4.0,4.0,6.0,1.0,"Worli, Mumbai",28.2,25.6,26.9,88,18.2,13.2,234,1006.7,8.1
2019-07-18,42.0,61.0,4.0,5.0,4.0,2.0,"Worli, Mumbai",28.3,25.9,27.1,88,16.7,12.5,236,1005.0,3.4
2019-07-19,55.0,45.0,5.0,7.0,1.0,3.0,"Worli, Mumbai",28.9,26.1,27.5,87,15.9,8.2,247,1003.2,2.7
2019-07-20,48.0,39.0,9.0,9.0,1.0,3.0,"Worli, Mumbai",28.5,26.5,27.5,88,14.0,5.8,268,1002.3,9.6
2019-07-21,68.0,24.0,8.0,6.0,1.0,2.0,"Worli, Mumbai",29.2,25.9,27.3,88,14.7,8.7,304,1001.1,66.0
2019-07-22,33.0,29.0,8.0,6.0,1.0,2.0,"Worli, Mumbai",29.5,26.3,27.8,86,21.6,11.3,196,1000.3,4.7
2019-07-23,18.0,29.0,9.0,5.0,1.0,1.0,"Worli, Mumbai",28.8,26.1,27.4,88,35.2,20.2,222,1001.2,13.2
2019-07-24,17.0,50.0,10.0,5.0,1.0,1.0,"Worli, Mumbai",27.4,26.3,26.7,90,33.7,23.7,248,1003.5,147.8
2019-07-25,39.0,59.0,8.0,4.0,1.0,1.0,"Worli, Mumbai",27.5,26.4,26.8,90,23.9,18.4,248,1006.2,20.6
2019-07-26,35.0,58.0,10.0,3.0,1.0,1.0,"Worli, Mumbai",27.6,26.0,26.5,90,25.7,21.4,250,1005.5,30.3
2019-07-27,39.0,53.0,10.0,4.0,1.0,1.0,"Worli, Mumbai",27.3,25.8,26.3,90,30.2,24.6,256,1005.2,43.0
2019-07-28,40.0,43.0,9.0,4.0,1.0,1.0,"Worli, Mumbai",27.5,25.7,26.8,87,29.9,23.0,259,1005.1,12.0
2019-07-29,38.0,31.0,9.0,4.0,1.0,1.0,"Worli, Mumbai",26.6,25.5,26.1,90,29.4,23.7,258,1004.5,27.9
2019-07-30,26.0,34.0,8.0,4.0,1.0,1.0,"Worli, Mumbai",26.8,25.7,26.1,89,33.7,28.6,255,1005.2,65.5
2019-07-31,33.0,45.0,12.0,3.0,1.0,1.0,"Worli, Mumbai",26.8,25.5,26.3,89,30.0,25.6,252,1006.3,31.8
2019-08-01,31.0,40.0,7.0,2.0,7.0,1.0,"Worli, Mumbai",27.8,26.1,26.8,86,30.0,27.3,254,1005.7,14.2
2019-08-02,32.0,38.0,6.0,1.0,7.0,1.0,"Worli, Mumbai",28.2,25.5,26.4,89,35.3,29.5,245,1004.6,33.1
2019-08-03,25.0,47.0,7.0,2.0,7.0,1.0,"Worli, Mumbai",26.1,25.7,26.0,91,37.1,30.3,246,1003.7,97.5
2019-08-04,38.0,45.0,6.0,2.0,7.0,3.0,"Worli, Mumbai",26.6,25.8,26.3,89,37.0,28.7,266,1003.2,90.7
2019-08-05,45.0,38.0,6.0,2.0,7.0,1.0,"Worli, Mumbai",26.5,25.7,26.1,91,31.0,26.9,262,1002.9,56.9
2019-08-06,39.0,41.0,7.0,2.0,7.0,1.0,"Worli, Mumbai",27.1,25.9,26.3,90,32.7,27.6,255,1002.9,40.8
2019-08-07,42.0,60.0,7.0,4.0,7.0,2.0,"Worli, Mumbai",28.0,25.9,26.7,88,34.7,28.3,257,1001.8,19.2
2019-08-08,59.0,61.0,8.0,3.0,7.0,1.0,"Worli, Mumbai",27.6,26.2,26.9,87,36.4,32.2,260,1000.3,11.9
2019-08-09,58.0,60.0,9.0,2.0,7.0,1.0,"Worli, Mumbai",27.8,26.3,27.0,86,39.7,35.9,252,1000.5,9.2
2019-08-10,57.0,61.0,8.0,2.0,7.0,1.0,"Worli, Mumbai",28.1,26.2,27.1,84,42.5,35.9,238,1002.0,10.0
2019-08-11,51.0,60.0,8.0,3.0,7.0,2.0,"Worli, Mumbai",28.1,25.6,26.7,86,37.0,27.4,236,1004.3,13.6
2019-08-12,48.0,56.0,6.0,4.0,7.0,2.0,"Worli, Mumbai",28.1,25.6,26.8,87,23.4,18.7,244,1005.4,5.5
2019-08-13,45.0,59.0,6.0,4.0,7.0,2.0,"Worli, Mumbai",28.2,25.6,26.8,89,20.5,15.6,244,1005.4,5.0
2019-08-14,48.0,52.0,7.0,4.0,7.0,2.0,"Worli, Mumbai",27.7,25.9,26.6,90,19.8,15.6,239,1006.2,8.6
2019-08-15,40.0,47.0,8.0,3.0,7.0,2.0,"Worli, Mumbai",27.3,25.5,26.5,89,23.7,19.2,239,1007.1,10.9
2019-08-16,40.0,51.0,7.0,3.0,7.0,2.0,"Worli, Mumbai",28.3,25.6,26.8,87,26.4,20.7,239,1006.5,7.7
2019-08-17,39.0,45.0,5.0,2.0,7.0,2.0,"Worli, Mumbai",28.2,25.8,27.0,86,23.9,19.0,229,1006.2,3.5
2019-08-18,33.0,45.0,4.0,3.0,7.0,2.0,"Worli, Mumbai",28.4,25.8,26.9,86,18.9,14.1,229,1007.9,2.5
2019-08-19,35.0,46.0,5.0,4.0,7.0,3.0,"Worli, Mumbai",27.9,25.7,26.9,87,16.6,10.7,236,1008.8,2.6
2019-08-20,47.0,42.0,6.0,4.0,7.0,2.0,"Worli, Mumbai",28.3,25.8,27.1,87,16.2,8.6,274,1008.8,1.7
2019-08-21,38.0,44.0,6.0,4.0,7.0,3.0,"Worli, Mumbai",27.4,25.9,26.6,89,15.2,10.1,275,1008.2,5.1
2019-08-22,38.0,45.0,6.0,4.0,7.0,3.0,"Worli, Mumbai",27.3,25.4,26.3,89,15.1,10.2,266,1007.5,4.8
2019-08-23,48.0,43.0,9.0,3.0,7.0,2.0,"Worli, Mumbai",27.6,25.0,26.3,89,16.7,10.7,240,1007.5,5.1
2019-08-24,40.0,40.0,5.0,3.0,7.0,2.0,"Worli, Mumbai",27.5,25.0,26.1,89,16.8,13.4,214,1007.1,6.2
2019-08-25,38.0,50.0,6.0,3.0,7.0,2.0,"Worli, Mumbai",27.3,24.9,26.3,88,16.5,12.1,219,1006.0,3.3
2019-08-26,47.0,45.0,7.0,3.0,7.0,2.0,"Worli, Mumbai",27.9,25.2,26.5,86,20.3,13.2,225,1005.8,5.1
2019-08-27,40.0,40.0,6.0,3.0,7.0,2.0,"Worli, Mumbai",27.2,25.1,26.2,89,21.3,15.7,207,1004.9,6.3
2019-08-28,42.0,40.0,5.0,2.0,7.0,2.0,"Worli, Mumbai",27.5,25.3,26.4,89,22.4,17.7,199,1004.9,4.1
2019-08-29,39.0,38.0,5.0,3.0,1.0,2.0,"Worli, Mumbai",27.9,25.4,26.8,88,21.5,14.1,203,1005.3,5.1
2019-08-30,38.0,45.0,7.0,3.0,1.0,2.0,"Worli, Mumbai",27.7,25.9,26.8,89,17.1,12.2,225,1004.0,13.1
2019-08-31,39.0,36.0,9.0,3.0,1.0,2.0,"Worli, Mumbai",27.4,25.8,26.5,90,19.7,15.7,224,1002.8,25.0
2019-09-01,28.0,42.0,5.0,2.0,1.0,1.0,"Worli, Mumbai",27.7,25.7,26.9,88,22.1,17.8,217,1003.6,21.6
2019-09-02,39.0,21.0,9.0,3.0,7.0,2.0,"Worli, Mumbai",27.6,26.0,26.7,90,22.1,18.2,217,1005.1,15.2
2019-09-03,20.0,25.0,9.0,4.0,7.0,2.0,"Worli, Mumbai",27.2,25.6,26.2,91,20.9,16.4,235,1004.6,45.7
2019-09-04,35.0,30.0,9.0,3.0,7.0,2.0,"Worli, Mumbai",26.5,25.6,26.1,92,24.4,19.4,257,1002.8,81.1
2019-09-05,22.0,39.0,9.0,2.0,7.0,2.0,"Worli, Mumbai",27.4,25.5,26.4,90,29.7,22.0,251,1002.0,46.1
2019-09-06,25.0,36.0,8.0,3.0,7.0,3.0,"Worli, Mumbai",27.0,25.9,26.3,92,27.7,23.4,236,1002.5,53.4
2019-09-07,32.0,29.0,12.0,4.0,7.0,3.0,"Worli, Mumbai",27.4,25.8,26.6,90,26.7,23.5,230,1002.8,45.3
2019-09-08,22.0,46.0,9.0,4.0,7.0,3.0,"Worli, Mumbai",27.2,26.1,26.5,91,28.0,22.9,234,1004.2,48.7
2019-09-09,48.0,44.0,9.0,3.0,7.0,2.0,"Worli, Mumbai",28.0,25.9,26.8,90,24.7,22.1,244,1004.3,29.8
2019-09-10,39.0,41.0,8.0,4.0,7.0,2.0,"Worli, Mumbai",27.6,26.0,26.6,91,24.7,18.7,237,1004.4,19.0
2019-09-11,52.0,39.0,8.0,2.0,7.0,1.0,"Worli, Mumbai",27.5,25.5,26.6,90,20.0,16.7,233,1007.0,8.4
2019-09-12,31.0,39.0,7.0,4.0,7.0,2.0,"Worli, Mumbai",26.7,25.7,26.2,90,21.1,17.6,238,1008.5,14.4
2019-09-13,34.0,50.0,6.0,3.0,7.0,2.0,"Worli, Mumbai",26.9,25.0,25.8,92,20.8,15.3,251,1008.9,35.7
2019-09-14,47.0,32.0,9.0,7.0,7.0,3.0,"Worli, Mumbai",27.3,25.4,26.4,90,18.0,14.4,263,1008.5,13.7
2019-09-15,30.0,40.0,5.0,4.0,1.0,4.0,"Worli, Mumbai",27.0,25.4,26.3,90,18.4,11.8,278,1009.0,12.9
2019-09-16,37.0,35.0,5.0,4.0,1.0,3.0,"Worli, Mumbai",27.5,25.5,26.5,90,18.8,12.8,281,1008.0,5.7
2019-09-17,40.0,35.0,6.0,5.0,1.0,2.0,"Worli, Mumbai",28.1,26.0,27.0,87,20.6,12.4,298,1007.0,4.0
2019-09-18,54.0,31.0,25.0,13.0,1.0,2.0,"Worli, Mumbai",28.1,25.7,26.8,90,18.4,8.2,325,1007.0,19.2
2019-09-19,62.0,30.0,9.0,7.0,1.0,1.0,"Worli, Mumbai",27.9,24.8,26.1,91,15.3,7.9,127,1005.6,31.2
2019-09-20,43.0,27.0,8.0,5.0,1.0,1.0,"Worli, Mumbai",28.0,25.4,26.6,89,26.6,21.1,166,1005.3,5.1
2019-09-21,39.0,32.0,6.0,4.0,1.0,1.0,"Worli, Mumbai",28.1,25.5,26.8,87,33.5,23.7,165,1005.0,10.4
2019-09-22,48.0,47.0,6.0,5.0,7.0,1.0,"Worli, Mumbai",28.4,25.5,27.0,86,27.6,18.6,178,1006.8,0.4
2019-09-23,56.0,43.0,5.0,4.0,7.0,2.0,"Worli, Mumbai",28.5,25.8,27.2,87,17.4,9.3,215,1008.6,1.4
2019-09-24,48.0,25.0,10.0,9.0,7.0,2.0,"Worli, Mumbai",28.8,25.4,27.3,88,21.1,8.7,335,1008.0,6.1
2019-09-25,38.0,29.0,10.0,8.0,7.0,2.0,"Worli, Mumbai",29.0,25.1,26.6,90,13.7,7.2,10,1007.1,27.6
2019-09-26,49.0,17.0,9.0,3.0,7.0,1.6666666666666667,"Worli, Mumbai",28.5,25.7,26.8,89,24.2,13.7,186,1008.3,20.4
2019-09-27,23.0,19.0,4.0,2.0,7.0,1.3333333333333337,"Worli, Mumbai",27.5,25.3,26.2,88,28.6,22.6,187,1011.6,17.1
2019-09-28,17.0,21.0,4.0,2.0,1.0,1.0,"Worli, Mumbai",28.1,25.2,26.6,87,24.8,19.6,192,1011.1,5.9
2019-09-29,22.0,15.0,4.0,2.0,1.0,1.0,"Worli, Mumbai",28.5,25.5,26.9,86,26.1,17.9,196,1011.4,3.6
2019-09-30,16.0,27.0,5.0,2.0,1.0,1.0,"Worli, Mumbai",28.1,25.7,26.7,89,18.5,12.8,210,1011.1,6.0
2019-10-01,29.0,38.0,6.0,4.0,1.0,2.0,"Worli, Mumbai",28.3,25.8,27.0,88,14.7,7.9,234,1011.3,2.1
2019-10-02,47.0,38.0,5.0,6.0,1.0,3.0,"Worli, Mumbai",28.6,25.1,27.2,85,15.5,6.9,291,1011.9,1.1
2019-10-03,47.0,53.0,12.0,9.0,1.0,4.0,"Worli, Mumbai",29.4,25.4,27.3,87,17.3,8.6,336,1010.9,0.7
2019-10-04,74.0,61.0,14.0,9.0,1.0,5.0,"Worli, Mumbai",29.1,25.7,27.2,88,13.8,7.2,352,1010.9,3.7
2019-10-05,105.0,65.0,37.0,12.0,1.0,4.0,"Worli, Mumbai",30.1,25.1,27.3,87,14.6,7.1,356,1009.7,4.2
2019-10-06,120.0,68.0,23.0,11.0,1.0,3.0,"Worli, Mumbai",29.6,25.0,27.5,86,12.7,6.6,334,1010.0,1.7
2019-10-07,128.0,74.0,19.0,11.0,1.0,3.0,"Worli, Mumbai",29.9,25.9,27.7,86,16.4,7.9,345,1010.8,5.3
2019-10-08,137.0,43.0,16.0,10.0,1.0,2.0,"Worli, Mumbai",30.6,26.1,28.1,86,14.9,6.5,3,1009.8,8.0
2019-10-09,71.0,64.0,23.0,14.0,1.0,5.0,"Worli, Mumbai",30.8,26.1,28.1,83,10.8,6.0,112,1009.3,5.5
2019-10-10,124.0,50.0,27.0,15.0,1.0,2.0,"Worli, Mumbai",31.2,26.0,28.5,84,12.9,6.1,323,1009.4,0.5
2019-10-11,95.0,70.0,34.0,13.0,1.0,4.0,"Worli, Mumbai",30.5,25.9,28.2,83,14.6,5.0,201,1009.4,4.4
2019-10-12,132.0,65.0,36.0,12.0,1.0,4.0,"Worli, Mumbai",30.5,26.1,28.0,86,17.5,5.9,21,1009.8,4.3
2019-10-13,131.0,73.0,28.0,17.0,2.0,4.0,"Worli, Mumbai",31.0,25.6,28.0,85,13.1,5.5,357,1010.7,2.8
2019-10-14,130.0,96.0,24.0,12.0,3.0,4.0,"Worli, Mumbai",32.6,26.4,29.1,80,17.6,8.6,1,1010.8,0.0
2019-10-15,153.0,78.0,28.0,14.0,4.0,4.0,"Worli, Mumbai",33.3,25.9,29.1,72,19.5,9.7,10,1010.3,0.0
2019-10-16,131.0,84.0,39.0,14.0,6.0,4.0,"Worli, Mumbai",33.1,25.2,28.7,69,19.3,10.2,18,1010.2,0.0
2019-10-17,146.0,83.0,2.0,9.0,9.0,6.0,"Worli, Mumbai",33.2,25.2,28.5,70,20.2,9.5,15,1010.0,0.0
2019-10-18,143.0,40.0,1.0,7.0,9.0,4.0,"Worli, Mumbai",31.3,25.2,28.3,76,11.8,8.0,56,1009.8,0.0
2019-10-19,87.0,26.0,3.0,7.0,9.0,4.0,"Worli, Mumbai",27.5,25.5,26.2,87,11.4,7.6,58,1011.1,21.9
2019-10-20,62.0,47.0,13.0,8.0,9.0,2.0,"Worli, Mumbai",26.2,24.8,25.5,91,14.8,9.6,35,1011.1,33.8
2019-10-21,54.0,37.0,14.0,9.0,8.0,2.0,"Worli, Mumbai",30.3,24.6,26.7,86,11.2,8.7,20,1009.4,17.9
2019-10-22,57.0,33.0,1.0,6.0,9.0,2.0,"Worli, Mumbai",28.4,24.4,26.2,88,13.0,7.4,161,1008.3,20.6
2019-10-23,61.0,117.0,2.0,3.0,9.0,3.0,"Worli, Mumbai",26.9,24.4,25.4,90,9.4,5.1,133,1006.8,83.8
2019-10-24,100.0,50.0,2.0,9.0,9.0,4.0,"Worli, Mumbai",28.8,24.8,26.6,88,12.7,7.8,61,1005.6,15.8
2019-10-25,68.0,37.0,3.0,6.0,9.0,3.0,"Worli, Mumbai",28.3,25.1,26.5,84,22.7,15.0,48,1004.2,13.3
2019-10-26,55.0,51.0,3.0,2.0,9.0,2.0,"Worli, Mumbai",27.0,24.7,26.1,87,22.0,11.7,83,1005.9,13.6
2019-10-27,86.0,71.0,9.0,3.0,9.0,2.0,"Worli, Mumbai",30.0,24.6,27.0,82,16.9,9.8,156,1008.8,0.4
2019-10-28,131.0,76.0,21.0,7.0,9.0,4.0,"Worli, Mumbai",29.1,24.6,26.6,85,14.1,6.6,11,1010.3,1.3
2019-10-29,139.0,65.0,25.0,7.0,9.0,3.0,"Worli, Mumbai",30.1,24.3,27.2,83,11.5,6.7,6,1010.9,1.2
2019-10-30,115.0,76.0,5.0,3.0,9.0,3.0,"Worli, Mumbai",31.2,25.5,28.1,82,14.1,7.0,48,1010.0,0.8
2019-10-31,88.0,65.0,11.0,4.0,9.0,1.0,"Worli, Mumbai",31.9,26.2,28.7,72,14.0,9.9,72,1008.6,2.0
2019-11-01,67.0,41.0,5.0,2.0,8.0,1.0,"Worli, Mumbai",30.4,25.6,27.4,81,21.0,9.6,82,1008.2,5.7
2019-11-02,46.0,52.0,9.0,3.0,8.0,1.0,"Worli, Mumbai",30.2,24.6,27.0,84,20.4,9.7,154,1010.7,0.4
2019-11-03,63.0,45.0,16.0,5.0,9.0,3.0,"Worli, Mumbai",29.5,24.7,26.9,84,12.8,7.2,225,1013.1,0.0
2019-11-04,71.0,54.0,27.0,8.0,9.0,3.0,"Worli, Mumbai",29.7,24.2,27.1,87,19.2,10.0,342,1013.7,0.0
2019-11-05,103.0,69.0,24.0,11.0,9.0,4.0,"Worli, Mumbai",30.3,25.1,27.4,86,16.3,9.3,341,1011.5,0.0
2019-11-06,133.0,40.0,5.0,2.0,9.0,2.5,"Worli, Mumbai",29.4,24.5,26.8,85,17.9,7.5,315,1009.3,0.0
2019-11-07,50.0,36.0,10.0,4.0,9.0,1.0,"Worli, Mumbai",28.6,25.7,26.9,84,24.5,17.0,200,1008.7,2.7
2019-11-08,45.0,50.0,10.0,5.0,9.0,2.0,"Worli, Mumbai",27.6,25.0,26.3,84,22.9,14.6,216,1009.8,3.2
2019-11-09,75.0,62.0,29.0,8.0,9.0,3.0,"Worli, Mumbai",27.9,24.2,26.2,85,13.2,7.6,219,1010.7,1.0
2019-11-10,123.0,81.0,36.0,12.0,9.0,5.0,"Worli, Mumbai",28.8,23.9,26.1,89,17.6,9.1,341,1010.9,0.0
2019-11-11,154.0,85.0,42.0,12.0,9.0,6.0,"Worli, Mumbai",30.5,23.4,26.6,84,14.5,7.6,349,1010.2,0.0
2019-11-12,160.0,82.0,37.0,11.0,6.0,5.0,"Worli, Mumbai",31.7,23.5,27.1,81,13.2,7.7,360,1010.8,0.0
2019-11-13,154.0,84.0,42.0,18.0,1.0,5.0,"Worli, Mumbai",31.9,24.2,27.6,78,12.0,7.1,31,1011.9,0.0
2019-11-14,154.0,82.0,31.0,13.0,1.0,4.0,"Worli, Mumbai",31.5,23.7,27.0,73,13.2,7.8,29,1012.0,0.0
2019-11-15,159.0,84.0,43.0,15.0,1.0,5.0,"Worli, Mumbai",30.4,23.2,26.9,73,13.8,7.9,53,1011.7,0.0
2019-11-16,160.0,88.0,36.0,13.0,1.0,6.0,"Worli, Mumbai",31.2,24.7,27.6,78,13.0,7.8,358,1011.6,0.0
2019-11-17,163.0,88.0,50.0,17.0,1.0,5.0,"Worli, Mumbai",32.7,25.1,28.4,74,16.3,8.7,8,1012.4,0.0
2019-11-18,164.0,107.0,49.0,16.0,2.0,8.0,"Worli, Mumbai",31.0,24.5,27.4,69,21.2,11.6,1,1012.3,0.0
2019-11-19,176.0,104.0,54.0,17.0,2.0,8.0,"Worli, Mumbai",32.9,23.0,26.8,71,20.4,10.4,11,1011.4,0.0
2019-11-20,173.0,100.0,42.0,16.0,1.0,7.0,"Worli, Mumbai",32.2,22.4,26.5,75,16.8,9.1,353,1010.6,0.0
2019-11-21,173.0,91.0,32.0,15.0,2.0,6.0,"Worli, Mumbai",33.0,23.6,27.5,73,14.1,8.5,13,1011.5,0.0
2019-11-22,166.0,96.0,35.0,13.0,1.0,5.0,"Worli, Mumbai",32.5,24.2,27.7,72,18.4,8.9,360,1012.9,0.0
2019-11-23,170.0,93.0,52.0,12.0,2.0,5.0,"Worli, Mumbai",32.4,23.8,27.2,72,19.2,9.0,359,1012.7,0.0
2019-11-24,166.0,95.0,55.0,18.0,2.0,6.0,"Worli, Mumbai",32.1,23.5,27.1,72,16.4,8.9,8,1011.9,0.0
2019-11-25,169.0,96.0,49.0,17.0,2.0,6.0,"Worli, Mumbai",31.6,22.7,26.5,73,17.2,8.4,355,1011.2,0.0
2019-11-26,167.0,85.0,22.0,15.0,2.0,5.0,"Worli, Mumbai",31.8,22.7,26.5,73,19.7,9.0,354,1010.3,0.0
2019-11-27,151.0,90.0,61.0,16.0,2.0,6.0,"Worli, Mumbai",32.1,22.9,27.0,70,17.3,9.8,17,1010.8,0.0
2019-11-28,160.0,97.0,38.0,15.0,3.0,8.0,"Worli, Mumbai",32.3,23.5,27.1,70,15.9,9.3,5,1011.2,0.0
2019-11-29,168.0,94.0,37.0,16.0,1.0,6.0,"Worli, Mumbai",31.3,23.5,27.2,70,18.2,9.9,345,1011.7,0.0
2019-11-30,169.0,108.0,38.0,14.0,2.0,9.0,"Worli, Mumbai",31.8,24.9,27.7,73,17.8,9.0,357,1011.3,0.0
2019-12-01,178.0,81.0,41.0,14.0,1.0,5.0,"Worli, Mumbai",31.6,24.4,27.7,72,16.8,9.8,351,1011.5,0.0
2019-12-02,149.0,84.0,111.0,12.0,8.0,3.0,"Worli, Mumbai",33.3,24.6,28.3,65,14.0,9.8,28,1011.2,0.0
2019-12-03,154.0,66.0,39.0,13.0,1.0,3.0,"Worli, Mumbai",31.8,25.4,27.9,68,13.7,10.5,60,1011.5,0.1
2019-12-04,123.0,72.0,23.0,13.0,2.0,5.0,"Worli, Mumbai",31.2,25.4,27.6,72,15.1,10.2,3,1012.5,0.0
2019-12-05,133.0,93.0,33.0,13.0,3.0,4.0,"Worli, Mumbai",29.4,25.8,27.7,74,17.9,9.1,38,1014.0,3.4
2019-12-06,166.0,85.0,50.0,20.0,3.0,4.0,"Worli, Mumbai",32.3,25.3,28.0,63,22.2,11.0,24,1013.4,0.0
2019-12-07,155.0,101.0,62.0,23.0,2.0,5.0,"Worli, Mumbai",31.1,23.3,26.5,64,20.3,10.1,2,1012.6,0.0
2019-12-08,172.0,91.0,45.0,16.0,2.0,6.0,"Worli, Mumbai",31.0,22.9,26.2,68,16.7,9.2,6,1013.0,0.0
2019-12-09,165.0,94.0,53.0,17.0,2.0,6.0,"Worli, Mumbai",31.6,22.9,26.6,72,16.5,8.8,356,1012.7,0.0
2019-12-10,167.0,109.0,36.0,16.0,2.0,7.0,"Worli, Mumbai",31.2,23.2,26.7,76,16.6,7.9,341,1011.6,0.0
2019-12-11,178.0,96.0,35.0,15.0,2.0,7.0,"Worli, Mumbai",29.8,22.9,26.4,77,15.3,8.0,333,1010.7,0.0
2019-12-12,173.0,74.0,21.0,17.0,1.0,4.0,"Worli, Mumbai",29.0,23.3,25.8,74,16.5,8.2,323,1010.5,0.0
2019-12-13,134.0,61.0,41.0,16.0,2.0,3.0,"Worli, Mumbai",28.5,22.5,25.0,78,23.0,11.4,351,1012.5,0.0
2019-12-14,120.0,83.0,45.0,18.0,2.0,5.0,"Worli, Mumbai",28.9,20.8,24.4,67,21.3,12.7,349,1014.4,0.0
2019-12-15,159.0,96.0,37.0,16.0,2.0,7.0,"Worli, Mumbai",28.2,21.1,24.4,66,18.9,12.0,346,1013.2,0.0
2019-12-16,172.0,89.0,41.0,14.0,2.0,6.0,"Worli, Mumbai",29.6,21.9,24.9,71,20.9,11.1,346,1012.6,0.0
2019-12-17,165.0,89.0,46.0,17.0,2.0,5.0,"Worli, Mumbai",31.1,22.1,25.6,72,21.2,11.6,2,1013.3,0.0
2019-12-18,164.0,92.0,35.0,19.0,5.0,6.0,"Worli, Mumbai",31.8,22.4,25.9,68,18.9,10.7,19,1014.0,0.0
2019-12-19,166.0,99.0,50.0,19.0,3.0,7.0,"Worli, Mumbai",30.9,21.2,25.5,69,18.9,10.1,353,1012.9,0.0
2019-12-20,172.0,109.0,37.0,17.0,3.0,9.0,"Worli, Mumbai",30.2,21.5,25.3,72,17.6,8.5,345,1012.0,0.0
2019-12-21,179.0,98.0,40.0,16.0,2.0,5.0,"Worli, Mumbai",30.3,22.3,25.8,72,17.0,9.5,349,1011.5,0.0
2019-12-22,172.0,102.0,40.0,12.0,3.0,6.0,"Worli, Mumbai",31.3,22.2,26.4,67,15.3,9.5,35,1011.2,0.0
2019-12-23,177.0,128.0,49.0,16.0,3.0,9.0,"Worli, Mumbai",30.7,23.5,26.6,72,13.0,6.8,344,1010.9,0.0
2019-12-24,204.0,131.0,35.0,16.0,2.0,9.0,"Worli, Mumbai",29.9,23.1,26.2,77,13.0,7.2,338,1012.0,0.0
2019-12-25,210.0,91.0,31.0,14.0,2.0,5.0,"Worli, Mumbai",30.9,24.6,26.8,71,21.9,12.9,352,1012.2,0.0
2019-12-26,164.0,96.0,46.0,17.0,3.0,6.0,"Worli, Mumbai",29.5,23.4,25.8,66,21.0,12.0,347,1012.3,1.4
2019-12-27,172.0,88.0,41.0,20.0,2.0,5.0,"Worli, Mumbai",29.3,20.4,24.4,69,22.2,10.3,349,1011.4,0.0
2019-12-28,165.0,89.0,40.0,18.0,2.0,5.0,"Worli, Mumbai",31.0,21.2,25.1,69,22.5,12.1,22,1010.9,0.0
2019-12-29,166.0,95.33333333333331,45.333333333333336,19.666666666666668,3.0,6.333333333333333,"Worli, Mumbai",29.2,22.4,25.0,70,17.8,9.2,358,1011.7,0.0
2019-12-31,194.66666666666663,108.0,56.0,23.0,5.0,9.0,"Worli, Mumbai",27.0,19.4,22.8,65,20.2,11.2,349,1013.1,0.0
2020-01-01,209.0,106.0,42.0,22.0,2.0,6.0,"Worli, Mumbai",25.7,16.8,21.3,76,13.8,8.0,347,1013.7,0.0
2020-01-02,188.0,95.0,41.0,22.0,3.0,6.0,"Worli, Mumbai",26.3,18.4,22.3,77,16.9,9.0,336,1015.7,0.0
2020-01-03,174.0,86.0,42.0,20.0,4.0,5.0,"Worli, Mumbai",26.2,19.0,22.2,76,25.3,13.1,347,1015.1,0.0
2020-01-04,195.0,95.0,44.0,21.0,4.0,6.0,"Worli, Mumbai",25.7,19.0,21.8,68,23.6,14.7,346,1013.4,0.0
2020-01-05,170.0,174.0,90.0,20.0,9.0,5.0,"Worli, Mumbai",29.6,19.2,23.4,68,19.8,11.8,22,1012.6,0.0
2020-01-06,154.0,135.0,39.0,9.0,4.0,9.0,"Worli, Mumbai",29.7,21.0,24.5,67,18.8,12.6,8,1013.3,0.0
2020-01-07,205.0,70.0,30.0,14.0,3.0,4.0,"Worli, Mumbai",27.3,20.8,23.9,79,20.8,9.6,309,1012.9,0.0
2020-01-08,151.0,79.0,41.0,22.0,5.0,4.0,"Worli, Mumbai",27.0,21.4,24.0,76,18.6,11.3,329,1013.0,0.0
2020-01-09,150.0,86.0,45.0,21.0,6.0,5.0,"Worli, Mumbai",27.4,19.8,22.8,61,25.5,15.0,349,1013.4,0.0
2020-01-10,157.0,94.0,50.0,18.0,4.0,6.0,"Worli, Mumbai",30.7,19.4,23.8,64,22.0,11.6,10,1012.4,0.0
2020-01-11,165.0,111.0,36.0,12.0,5.0,9.0,"Worli, Mumbai",31.5,21.3,25.2,70,17.3,10.2,16,1013.0,0.0
2020-01-12,177.0,75.0,19.0,12.0,3.0,4.0,"Worli, Mumbai",29.2,20.7,24.6,76,19.4,8.3,318,1013.2,0.0
2020-01-13,138.0,58.0,33.0,13.0,3.0,3.0,"Worli, Mumbai",27.2,21.9,24.0,84,19.5,8.6,323,1012.1,0.0
2020-01-14,99.0,51.0,30.0,16.0,4.0,2.0,"Worli, Mumbai",26.6,21.2,23.3,79,23.3,13.2,348,1012.1,0.2
2020-01-15,77.0,53.0,29.0,18.0,4.0,3.0,"Worli, Mumbai",25.1,20.0,22.2,64,24.2,15.0,337,1012.8,0.0
2020-01-16,94.0,67.0,33.0,23.0,5.0,5.0,"Worli, Mumbai",24.1,18.1,20.8,65,23.1,13.7,346,1014.2,0.0
2020-01-17,128.0,96.0,46.0,26.0,4.0,5.0,"Worli, Mumbai",24.4,16.7,19.8,58,26.6,15.6,351,1014.6,0.0
2020-01-18,170.0,104.0,53.0,20.0,4.0,8.0,"Worli, Mumbai",27.3,16.5,21.5,64,20.4,12.8,350,1013.0,0.0
2020-01-19,180.0,113.0,62.0,18.0,5.0,9.0,"Worli, Mumbai",28.5,18.9,23.1,67,19.6,11.5,340,1012.9,0.0
2020-01-20,179.0,108.0,52.0,16.0,4.0,9.0,"Worli, Mumbai",30.1,18.8,23.5,74,19.2,9.6,339,1012.9,0.0
2020-01-21,177.0,103.0,48.0,15.0,5.0,10.0,"Worli, Mumbai",28.5,19.5,23.4,76,19.2,9.1,325,1013.9,0.0
2020-01-22,168.0,110.0,38.0,17.0,7.0,8.0,"Worli, Mumbai",30.1,19.7,24.3,67,20.1,10.4,343,1014.6,0.0
2020-01-23,176.0,131.0,30.0,13.0,6.0,8.0,"Worli, Mumbai",30.9,21.8,25.5,64,24.7,14.4,349,1013.6,0.0
2020-01-24,196.0,111.0,59.0,17.0,4.0,7.0,"Worli, Mumbai",30.9,20.7,25.1,68,21.7,10.8,347,1013.2,0.0
2020-01-25,178.0,115.0,67.0,15.0,4.0,7.0,"Worli, Mumbai",30.0,20.9,25.0,66,24.1,12.0,341,1013.1,0.0
2020-01-26,187.0,62.0,25.0,12.0,3.0,3.0,"Worli, Mumbai",29.6,20.1,24.3,72,17.1,9.7,325,1011.6,0.0
2020-01-27,109.0,47.0,26.0,8.0,3.0,1.0,"Worli, Mumbai",27.3,20.2,23.8,77,16.2,9.1,301,1011.6,0.0
2020-01-28,64.0,65.0,27.0,12.0,3.0,1.0,"Worli, Mumbai",26.1,20.1,23.0,79,19.2,10.1,307,1012.7,0.6
2020-01-29,64.0,85.0,43.0,21.0,5.0,5.0,"Worli, Mumbai",24.6,19.2,22.1,64,24.9,14.3,340,1015.4,0.1
2020-01-30,137.0,81.0,49.0,22.0,5.0,4.0,"Worli, Mumbai",26.9,17.3,21.4,59,23.3,12.2,347,1014.5,0.0
2020-01-31,145.0,91.0,56.0,24.0,4.0,6.0,"Worli, Mumbai",25.6,16.5,21.3,63,22.7,11.6,334,1012.3,0.0
2020-02-01,159.0,103.0,58.0,16.0,5.0,8.0,"Worli, Mumbai",27.5,18.5,22.4,64,23.4,12.5,337,1012.0,0.0
2020-02-02,168.0,90.0,40.0,16.0,3.0,6.0,"Worli, Mumbai",28.4,19.4,23.0,75,17.4,8.1,308,1013.4,0.0
2020-02-03,164.0,89.0,50.0,20.0,4.0,5.0,"Worli, Mumbai",26.4,18.5,22.9,81,15.8,7.3,284,1014.3,0.0
2020-02-04,159.0,89.0,48.0,19.0,7.0,6.0,"Worli, Mumbai",27.4,20.2,23.2,72,20.7,11.5,341,1013.2,0.0
2020-02-05,140.0,67.0,48.0,16.0,5.0,3.0,"Worli, Mumbai",28.7,19.2,23.2,54,22.9,12.5,338,1012.8,0.0
2020-02-06,110.0,71.0,43.0,20.0,6.0,3.0,"Worli, Mumbai",26.6,18.9,22.6,63,19.5,11.5,333,1013.0,0.0
2020-02-07,114.0,92.0,49.0,22.0,4.0,6.0,"Worli, Mumbai",26.3,18.3,21.8,61,24.7,12.6,332,1014.0,0.0
2020-02-08,157.0,91.0,41.0,15.0,6.0,4.0,"Worli, Mumbai",28.6,17.7,22.8,65,30.6,14.8,345,1013.7,0.0
2020-02-09,162.0,82.0,50.0,21.0,5.0,5.0,"Worli, Mumbai",30.8,21.0,24.7,55,31.5,17.1,10,1013.7,0.0
2020-02-10,154.0,125.0,47.0,17.0,4.0,6.0,"Worli, Mumbai",30.7,21.9,25.6,60,22.2,14.4,10,1012.6,0.0
2020-02-11,208.0,94.0,44.0,17.0,11.0,6.0,"Worli, Mumbai",32.3,22.7,26.6,62,19.4,12.9,5,1012.7,0.0
2020-02-12,157.0,100.0,40.0,15.0,4.0,6.0,"Worli, Mumbai",33.7,22.9,27.5,59,20.3,12.7,23,1014.3,0.0
2020-02-13,165.0,94.0,59.0,22.0,5.0,6.0,"Worli, Mumbai",33.8,23.5,27.6,56,28.9,12.5,358,1014.5,0.0
2020-02-14,154.0,105.0,68.0,19.0,6.0,5.0,"Worli, Mumbai",32.6,24.0,27.5,45,24.8,16.6,352,1012.8,0.0
2020-02-15,156.0,93.0,104.0,19.0,5.0,4.0,"Worli, Mumbai",30.1,22.2,25.5,49,25.3,13.5,336,1012.3,0.0
2020-02-16,151.0,126.0,108.0,22.0,4.0,8.0,"Worli, Mumbai",30.5,21.3,25.0,62,21.2,11.9,329,1012.7,0.0
2020-02-17,193.0,121.0,112.0,23.0,7.0,9.0,"Worli, Mumbai",32.5,20.9,25.8,64,18.4,9.1,319,1013.1,0.0
2020-02-18,179.0,134.0,116.0,25.0,5.0,9.0,"Worli, Mumbai",33.4,21.9,27.0,59,21.9,9.5,323,1012.6,0.0
2020-02-19,191.0,78.0,3.0,13.0,3.0,5.0,"Worli, Mumbai",30.6,21.6,26.1,69,18.7,9.4,312,1012.1,0.0
2020-02-20,134.0,58.0,124.0,11.0,1.0,3.0,"Worli, Mumbai",30.0,21.0,25.1,74,21.2,11.3,328,1011.6,0.0
2020-02-21,104.0,98.0,76.0,22.0,4.0,5.0,"Worli, Mumbai",29.9,21.7,24.9,70,22.9,11.4,330,1013.7,0.0
2020-02-22,159.0,109.0,15.0,14.0,6.0,7.0,"Worli, Mumbai",31.6,21.1,25.7,58,21.2,12.4,335,1014.5,0.0
2020-02-23,163.0,106.0,15.2,19.0,6.0,8.0,"Worli, Mumbai",32.1,21.8,26.3,54,23.1,12.9,334,1013.2,0.0
2020-02-24,169.0,89.0,15.4,24.0,4.0,5.0,"Worli, Mumbai",30.3,20.6,25.4,57,24.5,13.1,329,1011.3,0.0
2020-02-25,125.0,82.0,15.6,25.0,7.0,2.0,"Worli, Mumbai",33.9,23.5,27.2,40,27.6,17.6,356,1010.3,0.0
2020-02-26,120.0,90.0,3.0,23.0,6.0,4.0,"Worli, Mumbai",34.0,22.8,26.7,41,25.9,13.6,360,1010.9,0.0
2020-02-27,136.0,120.0,16.0,27.0,7.0,9.0,"Worli, Mumbai",35.4,20.6,26.2,53,21.5,11.5,1,1011.0,0.0
2020-02-28,167.0,115.0,15.0,16.0,4.0,8.0,"Worli, Mumbai",31.1,20.6,25.4,59,21.9,10.9,331,1009.7,0.0
2020-02-29,150.0,68.0,19.0,10.0,1.0,1.0,"Worli, Mumbai",30.3,20.9,25.4,64,25.4,11.1,322,1009.6,0.0
2020-03-01,110.0,86.0,26.0,8.0,2.0,4.0,"Worli, Mumbai",29.4,21.2,24.9,71,23.9,13.4,326,1010.7,0.0
2020-03-02,129.0,82.0,31.0,16.0,1.0,1.0,"Worli, Mumbai",28.3,20.8,24.4,79,17.6,9.2,301,1011.7,0.0
2020-03-03,105.0,76.0,65.0,14.0,1.0,1.0,"Worli, Mumbai",27.7,20.7,24.4,80,16.9,8.9,293,1012.2,0.0
2020-03-04,97.0,74.0,15.0,14.0,1.0,1.0,"Worli, Mumbai",27.8,21.5,24.5,77,19.5,9.8,302,1011.9,0.0
2020-03-05,95.0,68.0,10.0,10.0,1.0,1.0,"Worli, Mumbai",27.5,21.7,24.5,76,19.9,10.4,281,1010.6,0.0
2020-03-06,63.0,82.0,19.0,13.0,1.0,1.0,"Worli, Mumbai",28.0,22.7,25.2,66,21.0,10.7,260,1010.7,0.0
2020-03-07,74.0,77.0,26.0,15.0,1.0,2.0,"Worli, Mumbai",27.5,21.1,24.2,66,20.8,11.4,320,1012.6,0.1
2020-03-08,80.0,83.0,24.0,15.0,1.0,2.0,"Worli, Mumbai",27.6,19.9,23.5,68,20.5,10.3,321,1012.4,0.0
2020-03-09,104.0,64.0,18.0,7.0,1.0,1.0,"Worli, Mumbai",27.9,19.3,23.8,75,21.3,10.4,318,1011.2,0.0
2020-03-10,79.0,49.0,18.0,11.0,1.0,1.0,"Worli, Mumbai",27.7,21.3,24.7,75,15.9,9.0,304,1011.1,0.0
2020-03-11,47.0,58.0,19.0,13.0,1.0,1.0,"Worli, Mumbai",27.7,22.9,24.8,66,21.9,11.7,311,1011.9,0.0
2020-03-12,58.0,69.0,31.0,15.0,3.0,2.0,"Worli, Mumbai",27.0,21.2,23.9,71,21.5,12.9,329,1013.6,0.1
2020-03-13,75.0,81.0,44.0,16.0,3.0,2.0,"Worli, Mumbai",28.2,19.5,23.4,62,29.0,16.1,343,1013.9,0.0
2020-03-14,94.0,95.0,42.0,15.0,5.0,5.0,"Worli, Mumbai",31.4,20.0,24.7,52,29.6,17.4,350,1011.9,0.0
2020-03-15,130.0,102.0,50.0,18.0,6.0,8.0,"Worli, Mumbai",33.3,19.7,25.9,46,20.9,11.4,344,1010.0,0.0
2020-03-16,147.0,118.0,49.0,18.0,7.0,12.0,"Worli, Mumbai",35.0,20.5,27.3,52,23.9,11.1,333,1010.6,0.0
2020-03-17,163.0,74.0,32.0,15.0,3.0,4.0,"Worli, Mumbai",32.7,22.0,26.8,57,23.8,11.7,323,1011.6,0.0
2020-03-18,119.0,58.0,22.0,11.0,2.0,2.0,"Worli, Mumbai",31.6,23.4,27.2,59,18.8,11.9,314,1011.9,0.0
2020-03-19,84.0,44.0,10.0,5.0,1.0,1.0,"Worli, Mumbai",30.7,21.7,26.1,67,20.9,11.0,324,1011.8,0.0
2020-03-20,57.0,52.0,19.0,6.0,1.0,2.0,"Worli, Mumbai",28.8,22.6,25.5,75,16.2,8.8,294,1011.9,0.0
2020-03-21,68.0,47.0,27.0,2.0,1.0,1.0,"Worli, Mumbai",28.6,21.7,25.1,80,20.4,10.8,309,1011.8,0.0
2020-03-22,66.0,48.0,29.0,3.0,1.0,1.0,"Worli, Mumbai",29.9,22.5,25.8,78,26.7,14.2,331,1011.3,0.0
2020-03-23,78.0,82.0,35.0,3.0,1.0,3.0,"Worli, Mumbai",32.3,23.8,27.2,73,24.7,12.9,327,1010.1,0.0
2020-03-24,107.0,59.0,26.0,2.0,1.0,1.0,"Worli, Mumbai",31.6,23.9,28.0,67,24.2,11.4,316,1008.3,0.0
2020-03-25,97.0,49.0,25.0,1.0,1.0,1.0,"Worli, Mumbai",30.3,25.3,27.9,78,17.4,8.7,242,1008.3,0.0
2020-03-26,81.0,54.0,35.0,2.0,1.0,1.0,"Worli, Mumbai",30.7,24.7,27.9,82,20.3,8.9,251,1009.4,0.0
2020-03-27,85.0,50.0,39.0,3.0,1.0,2.0,"Worli, Mumbai",32.7,25.1,28.5,66,26.7,14.9,333,1011.3,0.0
2020-03-28,92.0,50.0,47.0,2.0,1.0,2.0,"Worli, Mumbai",33.5,25.5,28.7,56,30.1,17.9,334,1010.9,0.0
2020-03-29,77.0,47.0,24.0,2.0,1.0,2.0,"Worli, Mumbai",33.7,24.7,28.5,57,26.7,16.4,335,1009.3,0.0
2020-03-30,77.0,48.0,19.0,1.0,2.0,2.0,"Worli, Mumbai",32.1,24.7,28.0,64,19.7,12.2,317,1009.8,0.0
2020-03-31,81.0,48.0,33.0,1.0,1.0,1.0,"Worli, Mumbai",31.7,23.6,27.6,68,25.3,13.4,322,1010.9,0.0
2020-04-01,70.0,56.0,37.0,2.0,1.0,2.0,"Worli, Mumbai",31.5,23.6,27.4,70,26.0,14.4,328,1010.5,0.0
2020-04-02,85.0,60.0,31.0,2.0,1.0,2.0,"Worli, Mumbai",33.4,23.9,28.1,66,25.9,14.3,325,1008.7,0.0
2020-04-03,80.0,59.0,22.0,2.0,1.0,2.0,"Worli, Mumbai",31.6,24.7,27.9,72,25.1,12.2,317,1009.2,0.0
2020-04-04,83.0,57.0,28.0,2.0,1.0,2.0,"Worli, Mumbai",31.5,24.1,27.6,73,24.5,11.5,311,1009.7,0.0
2020-04-05,87.0,50.0,21.0,1.0,1.0,1.0,"Worli, Mumbai",31.2,22.7,27.2,78,20.0,9.4,280,1010.7,0.0
2020-04-06,71.0,62.0,18.0,1.0,1.0,1.0,"Worli, Mumbai",30.1,24.1,27.2,81,20.1,11.4,232,1011.6,0.0
2020-04-07,80.0,69.0,14.0,1.0,1.0,1.0,"Worli, Mumbai",30.0,23.4,26.5,81,18.1,9.2,280,1010.7,0.0
2020-04-08,97.0,68.0,14.0,2.0,1.0,2.0,"Worli, Mumbai",30.0,22.9,27.1,78,20.1,10.5,273,1011.7,0.0
2020-04-09,91.0,64.0,22.0,2.0,1.0,1.0,"Worli, Mumbai",30.7,23.0,26.8,77,25.5,11.4,316,1011.0,0.0
2020-04-10,80.0,60.0,23.0,1.0,1.0,2.0,"Worli, Mumbai",31.1,24.0,27.6,77,25.6,11.5,319,1010.5,0.0
2020-04-11,88.2,59.11111111111112,26.0,1.0,1.0,2.0,"Worli, Mumbai",32.4,25.1,28.8,72,22.8,10.7,315,1011.2,0.0
2020-04-12,96.4,58.22222222222222,19.0,2.0,1.0,2.0,"Worli, Mumbai",31.9,25.7,28.8,77,20.3,9.8,251,1010.5,0.0
2020-04-13,104.6,57.333333333333336,27.0,3.0,1.0,2.0,"Worli, Mumbai",31.8,25.9,28.5,82,21.6,11.0,224,1009.3,0.0
2020-04-14,86.5,60.0,26.0,1.0,1.0,2.0,"Worli, Mumbai",33.4,25.2,29.3,76,24.3,10.9,259,1009.0,0.0
2020-04-15,86.5,60.0,18.0,1.0,1.0,2.0,"Worli, Mumbai",32.9,26.1,29.3,78,22.7,11.0,238,1009.9,0.0
2020-04-16,86.5,60.0,15.0,1.0,1.0,2.0,"Worli, Mumbai",31.1,26.9,28.8,82,22.2,13.1,214,1009.4,0.0
2020-04-17,86.5,60.0,16.0,1.0,1.0,1.0,"Worli, Mumbai",31.1,27.2,28.9,78,20.3,10.8,243,1009.0,0.0
2020-04-18,86.5,60.0,22.0,1.0,1.0,2.0,"Worli, Mumbai",32.1,26.0,29.2,78,22.4,9.1,272,1009.3,0.0
2020-04-19,86.5,52.0,18.0,2.0,1.0,2.0,"Worli, Mumbai",33.4,27.4,30.0,71,25.8,12.6,299,1008.8,0.0
2020-04-20,162.0,43.0,17.0,1.0,1.0,1.0,"Worli, Mumbai",35.8,26.3,30.9,59,27.5,14.3,328,1008.1,0.0
2020-04-21,61.0,47.0,14.0,1.0,1.0,1.0,"Worli, Mumbai",32.6,24.8,28.7,74,21.3,10.4,299,1009.3,0.0
2020-04-22,64.0,47.0,12.0,1.0,1.0,2.0,"Worli, Mumbai",31.4,25.2,28.6,81,23.3,9.8,270,1008.7,0.0
2020-04-23,67.0,42.0,13.0,1.0,1.0,1.0,"Worli, Mumbai",32.1,26.8,29.3,77,22.1,11.3,268,1008.9,0.0
2020-04-24,64.0,40.0,19.0,1.0,1.0,1.0,"Worli, Mumbai",32.3,25.9,28.9,80,21.6,10.8,277,1008.1,0.0
2020-04-25,51.0,42.0,16.0,1.0,1.0,2.0,"Worli, Mumbai",31.8,25.7,29.1,74,19.6,10.5,266,1009.1,0.0
2020-04-26,62.0,40.0,13.0,1.0,1.0,1.0,"Worli, Mumbai",31.8,25.1,28.4,79,25.7,12.2,306,1009.4,0.0
2020-04-27,59.0,45.0,20.0,2.0,1.0,1.0,"Worli, Mumbai",31.6,25.9,28.7,76,23.7,10.2,296,1010.6,0.0
2020-04-28,65.0,54.0,16.0,1.5,1.0,1.0,"Worli, Mumbai",33.0,25.7,29.3,75,28.8,13.9,324,1008.9,0.0
2020-04-29,70.0,51.0,14.0,1.0,1.0,1.0,"Worli, Mumbai",32.7,26.3,29.7,78,20.3,10.5,267,1008.7,0.0
2020-04-30,69.0,43.0,15.0,1.0,1.0,1.0,"Worli, Mumbai",31.9,28.2,29.8,77,18.1,12.4,255,1010.0,0.0
2020-05-01,56.0,40.0,15.0,1.0,1.0,1.0,"Worli, Mumbai",31.8,28.4,29.7,77,19.8,12.7,281,1010.2,0.1
2020-05-02,49.0,35.0,13.0,1.0,1.0,1.0,"Worli, Mumbai",32.3,27.7,29.7,78,23.9,12.3,299,1008.7,0.0
2020-05-03,45.0,38.0,13.0,2.0,1.0,1.0,"Worli, Mumbai",32.2,27.8,29.6,79,22.2,12.9,308,1008.4,0.0
2020-05-04,43.0,40.0,13.0,2.0,1.0,1.0,"Worli, Mumbai",32.0,26.5,29.2,81,22.1,11.9,299,1009.3,0.0
2020-05-05,44.0,49.0,13.0,2.0,1.0,1.0,"Worli, Mumbai",32.4,26.6,29.5,79,23.8,11.2,306,1008.6,0.0
2020-05-06,48.0,44.0,22.0,1.0,1.0,1.0,"Worli, Mumbai",33.4,27.0,29.7,80,24.8,10.9,288,1007.4,0.0
2020-05-07,53.0,52.0,14.0,3.0,1.0,1.0,"Worli, Mumbai",31.9,25.7,28.9,82,22.6,10.5,277,1008.2,0.0
2020-05-08,57.0,49.0,14.0,2.0,1.0,1.0,"Worli, Mumbai",31.9,26.8,29.2,78,20.4,9.8,283,1008.5,0.0
2020-05-09,57.0,46.0,14.0,1.0,1.0,1.0,"Worli, Mumbai",32.1,27.3,29.4,75,21.9,10.5,296,1008.6,0.0
2020-05-10,51.0,55.0,14.0,1.0,1.0,1.0,"Worli, Mumbai",32.6,26.8,29.4,79,25.5,11.2,305,1008.2,0.0
2020-05-11,63.0,47.0,10.0,2.0,1.0,1.0,"Worli, Mumbai",33.3,27.2,29.7,76,24.6,11.1,311,1008.5,0.0
2020-05-12,49.0,51.0,10.0,2.0,1.0,1.0,"Worli, Mumbai",32.4,26.5,29.1,77,22.6,10.9,313,1008.0,0.0
2020-05-13,53.0,50.0,9.0,2.0,1.0,1.0,"Worli, Mumbai",32.5,26.8,29.5,79,21.7,11.0,298,1007.4,0.0
2020-05-14,52.0,54.0,10.0,2.0,1.0,1.0,"Worli, Mumbai",32.7,27.0,29.9,78,26.6,12.8,312,1006.6,0.0
2020-05-15,59.0,81.0,12.0,2.0,1.0,1.0,"Worli, Mumbai",32.8,28.2,30.2,75,26.7,14.0,314,1006.6,0.0
2020-05-16,100.0,81.0,17.0,1.0,1.0,1.0,"Worli, Mumbai",32.2,28.6,30.2,76,21.4,11.6,304,1006.6,0.0
2020-05-17,105.0,66.0,16.0,2.0,1.0,1.0,"Worli, Mumbai",32.5,28.1,30.0,76,24.0,12.5,305,1006.1,0.0
2020-05-18,76.0,53.0,15.0,2.0,1.0,1.0,"Worli, Mumbai",32.5,28.6,30.2,73,24.2,16.5,308,1005.6,0.0
2020-05-19,62.0,41.0,13.0,2.0,1.0,1.0,"Worli, Mumbai",32.1,28.3,29.8,73,21.0,14.3,294,1005.2,0.0
2020-05-20,48.0,41.0,16.0,2.0,1.0,1.0,"Worli, Mumbai",32.0,28.1,29.7,71,18.0,12.2,267,1005.3,0.0
2020-05-21,40.0,38.0,15.0,2.0,1.0,1.0,"Worli, Mumbai",31.9,28.1,29.7,73,19.8,11.9,266,1006.5,0.0
2020-05-22,48.0,43.0,12.0,2.0,1.0,1.0,"Worli, Mumbai",32.3,27.7,29.8,73,19.4,11.4,272,1007.7,0.0
2020-05-23,51.0,39.0,13.0,1.0,1.0,1.0,"Worli, Mumbai",32.6,26.7,29.4,79,24.3,12.9,296,1007.4,0.0
2020-05-24,47.0,48.0,12.0,1.0,1.0,1.0,"Worli, Mumbai",32.3,28.1,30.0,76,23.1,13.0,298,1007.9,0.0
2020-05-25,53.0,51.0,12.0,2.0,1.0,1.0,"Worli, Mumbai",32.3,28.3,30.0,77,20.8,11.4,297,1008.4,0.4
2020-05-26,54.0,45.0,12.0,2.0,1.0,1.0,"Worli, Mumbai",32.3,28.3,29.9,77,19.1,11.5,275,1008.5,0.0
2020-05-27,50.0,47.0,11.0,1.0,1.0,1.0,"Worli, Mumbai",32.4,28.4,29.9,74,18.2,13.0,274,1008.1,0.1
2020-05-28,49.0,35.0,9.0,1.0,1.0,1.0,"Worli, Mumbai",32.5,28.6,30.3,71,18.4,14.5,260,1007.2,0.0
2020-05-29,30.0,35.0,8.0,2.0,2.0,1.0,"Worli, Mumbai",32.8,28.8,30.5,73,19.1,13.5,262,1007.2,0.3
2020-05-30,35.0,37.0,11.0,1.0,2.0,1.0,"Worli, Mumbai",32.8,28.0,30.1,76,18.4,10.6,287,1007.6,0.8
2020-05-31,41.0,34.0,12.0,3.0,2.0,2.0,"Worli, Mumbai",34.1,28.3,30.7,72,25.0,14.9,307,1007.7,0.3
2020-06-01,53.0,40.0,18.0,4.0,2.0,4.0,"Worli, Mumbai",30.4,27.2,28.7,80,14.0,6.7,245,1008.1,9.4
2020-06-02,72.0,18.0,21.0,2.0,2.0,2.0,"Worli, Mumbai",29.8,26.1,27.9,81,21.3,12.6,39,1005.1,14.0
2020-06-03,29.0,30.0,14.0,3.0,2.0,2.0,"Worli, Mumbai",29.0,25.7,26.9,85,66.1,35.9,359,997.2,129.5
2020-06-04,42.0,23.0,21.0,2.0,1.0,2.0,"Worli, Mumbai",29.2,26.8,27.9,83,24.8,16.9,229,1005.1,8.0
2020-06-05,29.0,20.0,12.0,1.0,2.0,1.0,"Worli, Mumbai",30.0,26.5,27.7,85,27.5,20.0,195,1006.4,6.0
2020-06-06,25.0,24.0,15.0,1.0,2.0,1.0,"Worli, Mumbai",28.9,25.9,27.2,87,24.9,19.9,196,1006.1,8.2
2020-06-07,32.0,19.0,16.0,1.0,2.0,1.0,"Worli, Mumbai",29.0,26.1,27.3,86,25.1,19.1,197,1006.3,6.0
2020-06-08,21.0,21.0,13.0,1.0,2.0,1.0,"Worli, Mumbai",28.4,26.1,27.1,86,22.6,15.8,207,1006.6,9.4
2020-06-09,23.0,31.0,11.0,1.0,2.0,1.0,"Worli, Mumbai",28.8,26.4,27.5,88,15.9,12.7,209,1006.5,6.8
2020-06-10,39.0,24.0,10.0,1.0,2.0,1.0,"Worli, Mumbai",29.5,26.8,27.8,88,15.9,11.0,225,1005.5,7.6
2020-06-11,27.0,28.0,13.0,3.0,2.0,2.0,"Worli, Mumbai",28.6,26.7,27.6,88,16.8,11.4,216,1003.3,11.4
2020-06-12,36.0,19.0,12.0,1.0,2.0,1.0,"Worli, Mumbai",29.0,26.6,27.7,87,14.4,10.3,198,1001.2,4.5
2020-06-13,29.0,20.0,12.0,2.0,2.0,1.0,"Worli, Mumbai",28.4,26.2,27.4,88,15.1,10.1,205,1001.1,14.6
2020-06-14,24.0,18.0,9.0,3.0,2.0,2.0,"Worli, Mumbai",29.6,26.3,27.8,87,17.6,12.3,191,1002.6,4.3
2020-06-15,22.0,20.0,16.0,3.0,2.0,2.0,"Worli, Mumbai",29.3,26.7,27.6,89,17.1,11.7,209,1002.5,23.6
2020-06-16,24.0,12.0,10.0,1.0,2.0,2.0,"Worli, Mumbai",28.3,26.6,27.3,88,17.3,12.8,212,1001.7,45.3
2020-06-17,13.0,23.0,6.0,4.0,2.0,2.0,"Worli, Mumbai",28.4,25.9,26.9,89,23.0,17.3,180,1001.7,20.9
2020-06-18,34.0,52.0,5.0,1.0,2.0,2.0,"Worli, Mumbai",28.2,26.1,27.0,89,30.0,23.0,202,1003.8,40.4
2020-06-19,56.0,54.0,6.0,1.0,2.0,1.0,"Worli, Mumbai",28.8,26.8,27.6,89,22.3,19.1,204,1005.7,6.1
2020-06-20,53.0,43.0,9.0,1.0,2.0,1.0,"Worli, Mumbai",29.0,26.9,27.7,89,20.5,16.8,201,1006.4,4.4
2020-06-21,44.0,43.0,9.0,1.0,2.0,1.0,"Worli, Mumbai",28.3,26.3,27.2,90,21.5,17.6,204,1005.5,9.5
2020-06-22,43.0,26.0,8.0,1.0,2.0,1.0,"Worli, Mumbai",28.5,26.2,27.3,88,22.6,18.5,202,1003.8,7.7
2020-06-23,39.0,19.0,9.0,1.0,2.0,1.0,"Worli, Mumbai",29.1,26.0,27.3,86,30.9,24.3,188,1004.4,4.9
2020-06-24,29.0,34.0,8.0,1.0,2.0,1.0,"Worli, Mumbai",29.3,26.2,27.8,85,23.3,19.0,189,1005.0,2.6
2020-06-25,43.0,36.0,6.0,1.0,2.0,1.0,"Worli, Mumbai",29.8,26.4,28.2,85,19.9,13.6,200,1004.4,8.9
2020-06-26,49.0,48.0,7.0,1.0,2.0,1.0,"Worli, Mumbai",29.3,26.7,28.1,86,13.7,8.5,205,1004.1,11.6
2020-06-27,62.0,34.0,7.0,1.0,2.0,1.0,"Worli, Mumbai",29.8,26.9,28.3,85,17.5,11.0,210,1004.6,10.1
2020-06-28,45.0,21.0,10.0,1.0,2.0,1.0,"Worli, Mumbai",30.1,26.6,28.2,85,20.2,11.7,214,1004.6,16.1
2020-06-29,33.0,6.0,9.0,1.0,2.0,1.0,"Worli, Mumbai",28.2,26.4,27.3,88,13.3,9.2,217,1003.9,15.9
2020-06-30,9.0,9.0,7.0,1.0,2.0,1.0,"Worli, Mumbai",28.3,26.5,27.4,88,20.9,12.6,183,1002.5,18.5
2020-07-01,10.0,16.0,6.0,1.0,2.0,1.0,"Worli, Mumbai",28.5,26.3,27.2,89,24.8,18.7,189,1003.5,13.4
2020-07-02,11.0,22.0,11.0,2.0,2.0,1.0,"Worli, Mumbai",29.2,26.1,27.3,88,22.9,16.9,209,1003.3,18.0
2020-07-03,12.0,22.0,11.0,1.0,2.0,1.0,"Worli, Mumbai",29.1,26.4,27.2,89,23.5,16.9,246,1002.5,37.9
2020-07-04,23.0,47.0,12.0,1.0,2.0,1.0,"Worli, Mumbai",27.7,26.3,26.9,91,37.9,23.3,248,1000.6,147.2
2020-07-05,45.0,184.0,13.0,1.0,2.0,1.0,"Worli, Mumbai",28.3,26.5,27.2,90,32.0,26.7,230,1000.7,53.0
2020-07-06,243.0,156.5,12.0,1.0,3.0,1.0,"Worli, Mumbai",29.0,26.3,27.5,87,40.1,33.5,220,999.6,24.3
2020-07-07,173.5,129.0,86.0,1.0,8.0,1.0,"Worli, Mumbai",28.1,26.4,27.2,90,32.2,26.8,225,1000.7,44.0
2020-07-08,104.0,55.0,5.0,2.0,1.0,1.0625,"Worli, Mumbai",28.3,26.0,27.0,90,26.7,21.8,211,1004.2,26.8
2020-07-09,32.0,43.0,4.0,1.0,1.0,1.125,"Worli, Mumbai",27.9,26.5,27.0,90,22.6,19.1,205,1004.3,11.1
2020-07-10,25.0,39.0,5.0,1.0,2.0,1.1875,"Worli, Mumbai",28.3,26.3,27.1,90,26.1,20.3,207,1004.6,11.2
2020-07-11,26.0,16.0,4.0,4.0,3.0,4.0,"Worli, Mumbai",27.9,25.9,26.8,90,25.7,20.3,212,1004.8,10.2
2020-07-12,23.0,19.0,4.0,3.0,3.0,4.0,"Worli, Mumbai",27.9,26.0,26.8,90,20.4,17.4,215,1005.0,16.2
2020-07-13,20.0,16.0,4.0,4.0,4.0,4.0,"Worli, Mumbai",27.8,26.1,26.7,91,19.7,15.1,230,1004.2,28.4
2020-07-14,15.0,13.0,6.0,4.0,4.0,4.0,"Worli, Mumbai",28.1,25.9,26.8,90,17.7,12.3,243,1003.7,27.5
2020-07-15,11.0,15.0,7.0,3.0,4.0,4.0,"Worli, Mumbai",27.3,25.9,26.5,92,21.7,14.1,254,1002.0,49.6
2020-07-16,13.0,19.0,6.0,3.0,4.0,4.0,"Worli, Mumbai",27.6,25.9,26.4,91,32.9,22.0,215,999.3,48.1
2020-07-17,25.0,34.0,4.0,3.0,5.0,4.0,"Worli, Mumbai",28.0,25.9,26.7,90,32.5,25.0,195,999.2,22.9
2020-07-18,37.0,51.0,5.0,2.0,4.0,4.0,"Worli, Mumbai",27.9,26.2,26.8,90,29.1,23.2,188,1003.0,16.4
2020-07-19,41.0,56.0,6.0,2.0,4.0,4.0,"Worli, Mumbai",28.6,26.0,27.2,89,19.7,14.0,206,1005.7,6.7
2020-07-20,40.0,38.0,3.0,2.0,4.0,4.0,"Worli, Mumbai",28.0,26.4,27.2,89,15.8,11.9,206,1004.2,4.7
2020-07-21,22.0,36.0,3.0,3.0,4.333333333333333,4.0,"Worli, Mumbai",28.4,26.2,27.2,88,18.4,13.7,197,1004.8,5.5
2020-07-23,36.0,32.0,3.0,5.0,5.0,2.0,"Worli, Mumbai",28.7,26.2,27.4,88,10.9,7.3,225,1005.4,5.5
2020-07-24,43.0,33.0,6.0,3.0,5.0,1.0,"Worli, Mumbai",27.7,26.2,26.8,89,13.3,7.1,197,1006.0,16.1
2020-07-25,50.0,43.0,4.0,1.0,5.0,1.0,"Worli, Mumbai",28.4,26.0,27.2,87,19.4,12.2,198,1006.1,4.9
2020-07-26,122.0,18.0,5.0,3.0,5.0,1.5,"Worli, Mumbai",28.4,25.5,27.1,86,21.3,13.4,186,1007.0,9.6
2020-07-27,13.0,19.0,2.0,7.0,6.0,2.0,"Worli, Mumbai",28.4,25.5,26.7,89,19.8,13.7,227,1007.9,21.5
2020-07-28,41.0,28.0,2.0,5.0,7.0,2.0,"Worli, Mumbai",28.3,26.0,27.2,87,15.8,9.9,253,1006.6,10.0
2020-07-29,47.0,15.0,3.0,3.0,6.0,1.0,"Worli, Mumbai",28.4,25.9,27.0,89,16.2,8.2,253,1004.6,23.7
2020-07-30,19.0,22.0,4.0,2.0,6.0,1.0,"Worli, Mumbai",28.0,25.7,26.6,91,19.1,10.1,233,1004.2,64.4
2020-07-31,20.25,16.0,4.0,2.0,6.0,1.0,"Worli, Mumbai",28.7,26.2,27.2,88,16.8,11.3,206,1004.0,11.8
2020-08-01,21.5,9.0,8.0,1.0,6.0,1.0,"Worli, Mumbai",29.0,26.1,27.5,87,21.9,15.2,188,1003.3,3.0
2020-08-02,22.75,13.0,6.0,2.0,5.0,3.0,"Worli, Mumbai",29.5,26.4,27.7,85,30.0,20.1,176,1002.4,0.8
2020-08-03,24.0,29.0,10.0,2.0,5.0,3.0,"Worli, Mumbai",27.7,26.2,26.7,90,39.8,24.0,214,1000.2,54.2
2020-08-04,14.0,36.0,22.0,2.0,5.0,3.0,"Worli, Mumbai",27.4,26.7,27.0,89,48.6,35.5,232,996.8,147.7
2020-08-05,32.0,32.0,17.0,2.0,5.0,3.0,"Worli, Mumbai",27.2,26.2,26.7,91,42.0,28.4,258,995.1,142.1
2020-08-06,23.0,50.0,14.0,2.0,5.0,3.0,"Worli, Mumbai",28.1,26.5,27.3,88,47.6,34.2,241,995.6,46.1
2020-08-07,33.0,54.0,7.0,2.0,5.0,3.0,"Worli, Mumbai",28.6,26.5,27.2,88,36.2,29.3,223,1001.5,12.8
2020-08-08,36.0,57.0,9.0,2.0,5.0,3.0,"Worli, Mumbai",28.8,26.2,27.4,86,32.9,26.1,231,1004.7,9.6
2020-08-09,46.0,47.0,7.0,4.0,5.0,3.0,"Worli, Mumbai",28.4,26.0,27.4,85,25.2,20.6,239,1004.2,5.8
2020-08-10,39.0,47.0,8.0,4.0,5.0,3.0,"Worli, Mumbai",27.2,25.7,26.3,91,20.6,17.6,228,1004.1,15.3
2020-08-11,36.0,34.0,8.0,3.0,5.0,3.0,"Worli, Mumbai",26.9,25.5,26.3,91,23.1,19.2,231,1005.7,27.0
2020-08-12,28.0,39.0,8.0,4.0,5.0,3.0,"Worli, Mumbai",27.8,25.8,26.5,90,26.4,23.1,239,1006.8,23.3
2020-08-13,24.0,35.0,9.0,2.0,5.0,3.0,"Worli, Mumbai",27.3,25.8,26.3,90,29.2,23.6,240,1004.8,30.0
2020-08-14,26.0,42.0,9.0,1.0,5.0,3.0,"Worli, Mumbai",26.4,25.6,25.9,92,29.8,25.9,227,1002.8,55.1
2020-08-15,192.0,46.0,6.0,2.0,5.0,3.0,"Worli, Mumbai",26.8,25.6,26.0,91,28.7,24.5,233,1002.7,50.5
2020-08-16,179.71428571428572,40.0,6.0,2.0,5.0,3.0,"Worli, Mumbai",26.8,25.8,26.3,91,25.6,22.4,242,1003.6,35.3
2020-08-17,167.42857142857142,35.0,7.0,2.0,5.0,3.0,"Worli, Mumbai",26.4,25.5,26.0,90,26.9,21.8,239,1003.4,35.2
2020-08-18,155.14285714285714,37.0,8.0,2.0,5.0,3.0,"Worli, Mumbai",26.6,25.6,26.0,91,24.6,20.6,229,1004.7,18.4
2020-08-19,52.5,32.0,6.0,2.0,5.0,3.0,"Worli, Mumbai",28.2,25.5,26.6,89,28.9,21.2,240,1004.2,13.6
2020-08-20,52.5,26.0,5.0,2.0,5.0,3.0,"Worli, Mumbai",27.3,25.6,26.1,91,23.2,19.3,238,1003.3,44.5
2020-08-21,52.5,35.0,3.0,1.0,6.0,3.0,"Worli, Mumbai",27.2,25.3,26.1,92,25.8,22.1,230,1004.3,40.5
2020-08-22,106.0,28.0,5.0,1.0,6.0,3.0,"Worli, Mumbai",27.5,25.9,26.6,90,27.1,21.7,231,1005.2,12.6
2020-08-23,52.0,31.0,7.0,1.0,6.0,3.0,"Worli, Mumbai",27.7,25.5,26.6,88,29.7,24.7,228,1005.7,8.2
2020-08-24,48.0,35.0,6.0,2.0,5.0,3.0,"Worli, Mumbai",28.4,25.7,27.0,86,30.2,24.1,227,1006.3,8.0
2020-08-25,49.0,32.0,7.0,2.0,6.0,3.0,"Worli, Mumbai",28.4,26.0,27.1,85,27.1,19.7,225,1008.6,4.5
2020-08-26,51.0,29.0,7.0,2.0,6.0,3.0,"Worli, Mumbai",28.7,25.7,26.9,85,23.1,16.2,217,1008.9,4.0
2020-08-27,44.0,19.0,6.0,3.0,6.0,3.0,"Worli, Mumbai",27.3,25.3,26.2,90,19.4,14.0,219,1007.9,9.3
2020-08-28,41.0,18.0,5.0,3.0,6.0,1.0,"Worli, Mumbai",26.7,25.5,25.9,92,21.9,17.0,220,1006.1,29.5
2020-08-29,50.0,27.0,6.0,2.0,6.0,1.3333333333333333,"Worli, Mumbai",26.1,25.4,25.7,92,22.7,18.4,226,1005.5,31.9
2020-08-30,51.0,28.0,7.0,3.0,6.0,1.6666666666666663,"Worli, Mumbai",26.7,25.6,26.0,91,27.4,21.6,215,1005.7,17.6
2020-08-31,45.0,24.0,3.0,4.0,6.0,2.0,"Worli, Mumbai",27.1,25.3,26.3,89,24.1,19.0,218,1007.6,10.1
2020-09-01,53.0,34.0,6.0,4.0,7.0,2.0,"Worli, Mumbai",27.6,25.1,26.3,90,13.7,9.7,235,1009.1,2.6
2020-09-02,64.0,39.0,5.0,3.0,7.0,1.0,"Worli, Mumbai",28.8,25.5,27.0,88,19.4,7.7,316,1008.4,1.1
2020-09-03,61.0,44.0,2.0,5.0,8.0,3.0,"Worli, Mumbai",29.6,25.7,27.5,87,16.7,9.2,340,1007.3,1.5
2020-09-04,77.0,175.0,21.0,9.0,9.0,1.0,"Worli, Mumbai",30.6,25.7,28.0,88,14.8,7.5,339,1006.6,0.8
2020-09-05,215.0,98.0,13.0,4.0,8.5,1.5,"Worli, Mumbai",30.0,25.5,28.0,87,14.5,7.9,304,1006.0,0.5
2020-09-06,136.0,21.0,5.0,5.0,8.0,2.0,"Worli, Mumbai",30.1,26.8,28.0,91,14.5,6.5,327,1005.2,13.0
2020-09-07,164.0,29.0,2.0,3.0,9.0,1.0,"Worli, Mumbai",28.8,26.2,27.5,87,20.9,7.8,200,1006.7,5.0
2020-09-08,101.0,30.0,2.0,2.0,9.0,1.0,"Worli, Mumbai",28.9,25.3,27.2,89,15.6,8.2,333,1007.2,9.4
2020-09-09,67.0,23.0,3.0,4.0,10.0,2.0,"Worli, Mumbai",29.4,26.7,28.0,89,16.3,7.5,325,1005.6,4.0
2020-09-10,70.0,41.0,3.0,4.0,10.0,3.0,"Worli, Mumbai",28.9,26.3,27.6,87,13.1,7.9,229,1003.9,1.7
2020-09-11,105.0,20.0,4.0,2.0,9.0,1.0,"Worli, Mumbai",28.4,26.3,27.3,90,14.4,7.8,305,1003.2,20.5
2020-09-12,41.0,32.0,3.0,2.0,7.0,1.0,"Worli, Mumbai",28.4,25.6,26.8,87,41.8,21.1,199,1004.1,7.2
2020-09-13,44.0,25.0,2.0,2.0,9.0,1.0,"Worli, Mumbai",28.1,26.1,27.3,82,27.5,19.1,226,1007.0,6.7
2020-09-14,47.0,20.0,2.0,3.0,10.0,1.0,"Worli, Mumbai",28.0,25.8,26.8,88,14.5,10.7,218,1006.6,7.1
2020-09-15,42.0,26.0,1.0,3.0,12.0,2.0,"Worli, Mumbai",28.1,25.4,26.5,89,13.6,8.7,199,1006.4,9.6
2020-09-16,57.0,25.0,2.0,2.0,12.0,2.0,"Worli, Mumbai",28.0,25.5,26.6,89,13.0,5.7,246,1006.6,8.3
2020-09-17,81.0,27.0,2.0,1.0,11.0,3.0,"Worli, Mumbai",27.8,25.8,26.8,88,16.9,6.6,261,1007.0,9.6
2020-09-18,228.0,35.0,2.0,2.0,12.0,3.0,"Worli, Mumbai",27.4,25.6,26.5,83,9.8,6.0,267,1006.3,12.2
2020-09-19,183.0,29.0,2.0,2.0,13.0,4.0,"Worli, Mumbai",28.9,25.6,27.2,87,14.2,5.9,288,1003.9,7.8
2020-09-20,193.0,173.0,1.0,6.0,11.0,4.0,"Worli, Mumbai",28.8,26.0,27.2,89,18.2,6.6,325,1002.0,7.1
2020-09-21,148.0,125.0,1.0,9.0,9.0,3.0,"Worli, Mumbai",29.2,25.8,27.5,90,14.9,6.5,264,1000.6,11.6
2020-09-22,76.0,77.0,1.0,7.0,7.0,1.0,"Worli, Mumbai",28.6,26.1,26.9,90,19.4,7.7,213,1001.0,19.2
2020-09-23,44.0,29.0,1.0,8.0,8.0,3.0,"Worli, Mumbai",27.0,26.1,26.5,91,36.5,18.9,246,1003.2,128.7
2020-09-24,45.0,34.0,1.0,7.0,10.0,2.0,"Worli, Mumbai",28.6,25.8,26.9,89,15.6,10.4,214,1007.0,9.5
2020-09-25,126.0,43.0,1.0,5.0,9.0,1.0,"Worli, Mumbai",28.2,26.1,26.9,87,18.2,9.8,248,1007.7,5.3
2020-09-26,71.5,42.5,1.0,6.0,9.0,2.5,"Worli, Mumbai",29.0,25.7,27.1,81,16.6,10.3,270,1007.6,3.1
2020-09-27,66.25,42.0,1.0,7.0,9.0,4.0,"Worli, Mumbai",27.8,25.2,26.4,87,12.2,7.8,237,1008.8,2.2
2020-09-28,61.0,51.0,1.0,7.0,10.0,4.0,"Worli, Mumbai",27.7,25.1,26.5,86,12.3,5.2,255,1009.3,1.5
2020-09-29,146.0,51.0,1.0,8.0,9.0,3.0,"Worli, Mumbai",28.1,25.0,26.7,87,14.5,6.1,312,1008.6,1.3
2020-09-30,211.0,43.0,1.0,6.0,8.0,2.0,"Worli, Mumbai",28.3,24.9,26.8,84,16.6,7.4,313,1007.7,1.3
2020-10-01,202.0,46.0,1.0,6.0,8.0,3.0,"Worli, Mumbai",28.8,24.7,27.0,83,16.3,7.7,320,1008.3,2.0
2020-10-02,214.0,95.0,1.0,8.0,10.0,7.0,"Worli, Mumbai",29.4,25.8,27.5,85,15.5,6.9,334,1008.2,1.2
2020-10-03,108.0,32.0,1.0,9.0,9.0,4.0,"Worli, Mumbai",29.2,25.2,27.2,89,13.9,6.7,307,1008.3,2.4
2020-10-04,108.0,32.0,1.0,5.0,8.0,3.0,"Worli, Mumbai",27.5,25.6,26.5,89,13.3,6.1,217,1009.7,5.3
2020-10-05,108.0,48.0,1.0,5.0,8.0,3.0,"Worli, Mumbai",28.1,25.6,26.9,88,14.5,6.4,295,1009.4,2.8
2020-10-06,132.0,52.0,1.0,5.0,8.0,3.0,"Worli, Mumbai",30.2,25.3,27.4,87,17.2,8.1,343,1008.5,0.3
2020-10-07,156.0,55.0,1.0,5.0,9.0,4.0,"Worli, Mumbai",29.8,25.8,27.9,89,17.0,7.7,329,1009.0,0.5
2020-10-08,180.0,71.0,1.0,6.0,10.0,6.0,"Worli, Mumbai",30.3,26.8,28.4,86,15.8,7.9,331,1008.2,0.3
2020-10-09,151.0,80.0,1.0,7.0,9.0,6.0,"Worli, Mumbai",31.4,27.0,28.9,83,15.5,6.9,340,1007.3,0.0
2020-10-10,158.0,57.0,1.0,4.0,8.0,7.0,"Worli, Mumbai",30.2,26.8,28.4,86,16.9,8.0,180,1007.1,6.8
2020-10-11,137.0,59.0,1.0,2.0,9.0,6.0,"Worli, Mumbai",29.0,26.7,27.7,89,11.0,6.8,166,1005.8,5.0
2020-10-12,144.0,62.0,1.0,3.0,10.0,7.0,"Worli, Mumbai",30.0,26.0,27.9,87,12.0,5.5,340,1003.6,3.7
2020-10-13,127.0,60.0,1.0,5.0,10.0,7.0,"Worli, Mumbai",30.2,26.4,28.2,88,11.2,5.6,183,1003.0,3.9
2020-10-14,123.0,31.0,2.0,4.0,10.0,7.0,"Worli, Mumbai",29.1,26.1,27.8,91,11.1,4.5,185,1003.3,8.2
2020-10-15,79.0,40.0,1.0,3.0,12.0,8.0,"Worli, Mumbai",30.7,25.9,28.0,88,18.6,10.7,348,1000.9,50.5
2020-10-16,83.0,115.0,1.0,2.0,19.0,4.0,"Worli, Mumbai",30.3,26.4,28.0,79,25.9,16.3,134,1001.4,0.3
2020-10-17,138.0,46.0,1.0,3.0,15.4,1.0,"Worli, Mumbai",29.9,26.2,27.7,78,25.2,18.8,168,1005.1,0.7
2020-10-18,71.0,54.0,1.0,5.0,11.8,1.0,"Worli, Mumbai",28.7,26.2,27.3,83,17.8,10.2,183,1007.6,0.3
2020-10-19,84.0,57.0,1.0,9.0,8.2,2.0,"Worli, Mumbai",28.9,26.1,27.2,86,16.2,6.6,267,1008.0,5.2
2020-10-20,98.0,51.0,1.0,11.0,7.0,3.0,"Worli, Mumbai",29.8,25.5,27.4,89,15.0,7.0,344,1007.3,6.0
2020-10-21,115.0,58.0,1.0,11.0,1.0,4.0,"Worli, Mumbai",29.9,25.5,27.2,88,15.7,7.2,4,1007.7,5.2
2020-10-22,135.0,56.0,1.0,13.0,4.0,3.0,"Worli, Mumbai",29.4,24.8,26.8,89,16.6,8.1,8,1006.8,18.0
2020-10-23,122.0,51.0,1.0,5.0,4.0,2.0,"Worli, Mumbai",29.9,24.7,27.4,86,13.6,5.3,328,1006.8,1.1
2020-10-24,119.0,50.0,1.0,8.0,3.0,2.0,"Worli, Mumbai",28.1,25.9,27.0,89,13.0,7.4,192,1008.4,3.0
2020-10-25,118.0,60.0,1.0,14.0,3.0,4.0,"Worli, Mumbai",29.0,25.0,27.1,89,14.5,6.7,249,1010.1,2.8
2020-10-26,129.0,65.0,1.0,12.0,4.0,4.0,"Worli, Mumbai",30.6,25.6,27.8,83,13.8,6.6,341,1011.2,0.0
2020-10-27,130.0,142.0,1.0,16.0,4.0,3.0,"Worli, Mumbai",30.9,25.1,27.7,77,13.8,8.5,360,1010.2,0.0
2020-10-28,232.0,82.0,1.0,11.0,2.0,5.0,"Worli, Mumbai",31.3,24.2,27.6,79,14.0,7.5,344,1010.7,0.0
2020-10-29,164.0,83.0,2.0,5.0,3.0,6.0,"Worli, Mumbai",29.9,24.1,27.0,82,13.3,7.3,341,1011.3,0.0
2020-10-30,165.0,78.0,2.0,4.0,4.0,7.0,"Worli, Mumbai",30.8,23.5,26.8,80,15.7,8.5,350,1011.0,0.0
2020-10-31,154.0,75.0,2.0,5.0,4.0,6.0,"Worli, Mumbai",30.3,22.7,26.8,74,15.4,8.2,348,1011.0,0.0
2020-11-01,145.0,87.0,2.0,4.0,4.0,7.0,"Worli, Mumbai",30.3,23.5,26.8,76,14.9,8.4,342,1011.7,0.0
2020-11-02,166.0,98.0,2.0,4.0,5.0,7.0,"Worli, Mumbai",31.6,24.5,27.8,76,12.7,6.4,4,1012.4,0.0
2020-11-03,174.0,103.0,2.0,11.0,5.0,9.0,"Worli, Mumbai",32.7,24.5,28.3,70,16.5,9.4,7,1012.1,0.0
2020-11-04,173.0,124.0,1.0,24.0,4.0,6.0,"Worli, Mumbai",32.4,23.8,27.5,71,16.0,8.4,9,1011.8,0.0
2020-11-05,165.0,79.0,1.0,26.0,3.0,4.0,"Worli, Mumbai",33.2,23.1,27.3,65,15.5,9.8,27,1012.2,0.0
2020-11-06,149.0,88.0,1.0,21.0,4.0,6.0,"Worli, Mumbai",32.8,23.1,27.1,60,19.9,10.9,28,1013.6,0.0
2020-11-07,159.0,87.0,1.0,19.0,4.0,5.0,"Worli, Mumbai",33.0,21.9,26.7,61,18.2,10.8,21,1014.1,0.0
2020-11-08,159.0,97.0,1.0,25.0,5.0,6.0,"Worli, Mumbai",33.6,23.6,27.8,61,14.2,9.4,44,1014.0,0.0
2020-11-09,164.0,133.0,1.0,28.0,5.0,6.0,"Worli, Mumbai",32.1,22.5,26.8,64,15.7,8.9,4,1013.4,0.0
2020-11-10,194.0,101.0,1.0,29.0,6.0,6.0,"Worli, Mumbai",32.3,21.1,26.0,61,17.5,9.5,53,1011.4,0.0
2020-11-11,169.0,90.0,1.0,30.0,4.0,7.0,"Worli, Mumbai",31.9,20.7,25.5,60,19.5,10.0,43,1011.9,0.0
2020-11-12,195.0,121.0,1.0,27.0,9.0,7.0,"Worli, Mumbai",31.7,20.4,25.4,56,17.8,11.1,20,1012.9,0.0
2020-11-13,270.0,87.0,22.0,19.0,9.0,6.0,"Worli, Mumbai",31.9,21.2,26.2,66,20.1,11.2,4,1011.9,0.0
2020-11-14,158.0,92.0,29.0,16.0,6.0,5.0,"Worli, Mumbai",32.8,23.2,27.5,71,17.7,10.1,10,1010.4,0.0
2020-11-15,179.0,113.0,16.0,15.0,5.0,4.0,"Worli, Mumbai",31.6,24.3,27.8,72,16.5,10.0,341,1010.5,0.0
2020-11-16,193.0,122.0,1.0,21.0,8.0,6.0,"Worli, Mumbai",32.4,24.4,28.0,67,22.2,11.1,350,1010.8,0.0
2020-11-17,196.0,114.0,1.0,20.0,5.0,5.0,"Worli, Mumbai",33.3,25.4,28.4,65,22.5,11.1,356,1009.9,0.0
2020-11-18,213.0,110.0,1.0,18.0,4.0,4.0,"Worli, Mumbai",30.0,24.7,27.4,73,13.9,8.2,333,1009.8,0.0
2020-11-19,188.0,116.0,1.0,25.0,4.0,5.0,"Worli, Mumbai",31.8,25.7,27.8,68,19.6,10.9,349,1010.1,0.0
2020-11-20,187.0,87.0,2.0,19.0,4.0,6.0,"Worli, Mumbai",30.6,24.7,27.3,64,18.3,11.9,349,1011.3,0.0
2020-11-21,190.0,91.0,1.0,21.0,5.0,5.0,"Worli, Mumbai",30.2,23.6,26.6,65,18.5,10.5,337,1011.9,0.0
2020-11-22,169.0,78.0,1.0,23.0,6.0,4.0,"Worli, Mumbai",30.3,21.8,25.7,75,19.3,8.4,333,1012.6,0.0
2020-11-23,143.0,89.0,1.0,22.0,4.0,5.0,"Worli, Mumbai",30.2,22.0,25.8,73,20.9,9.6,332,1013.0,0.0
2020-11-24,168.0,115.0,1.0,29.0,5.0,8.0,"Worli, Mumbai",30.3,22.7,25.9,67,18.1,8.9,331,1011.8,0.0
2020-11-25,188.0,115.0,1.0,27.0,8.0,8.0,"Worli, Mumbai",30.2,23.3,26.3,71,19.8,8.5,333,1011.0,0.0
2020-11-26,188.0,89.0,1.0,24.0,9.0,5.0,"Worli, Mumbai",30.7,21.9,26.3,65,23.3,12.6,345,1011.4,0.0
2020-11-27,158.0,80.0,1.0,21.0,6.0,5.0,"Worli, Mumbai",32.5,23.6,27.6,46,24.3,14.2,35,1012.7,0.0
2020-11-28,152.0,63.0,1.0,15.0,9.0,3.0,"Worli, Mumbai",31.9,23.5,27.1,53,17.4,13.1,56,1013.1,0.0
2020-11-29,120.0,80.0,1.0,21.0,11.0,6.0,"Worli, Mumbai",30.8,24.5,27.1,69,16.1,9.4,14,1013.0,0.0
2020-11-30,157.0,85.0,1.0,20.0,8.0,5.0,"Worli, Mumbai",31.4,23.1,26.9,70,18.4,9.2,345,1013.2,0.0
2020-12-01,163.0,99.0,1.0,21.0,9.0,6.0,"Worli, Mumbai",32.8,24.5,27.8,67,18.6,10.0,348,1013.0,0.0
2020-12-02,172.0,212.0,1.0,19.0,21.0,7.0,"Worli, Mumbai",32.5,24.0,27.3,68,22.6,11.3,351,1011.9,0.0
2020-12-03,224.0,218.0,1.0,29.0,13.0,8.0,"Worli, Mumbai",31.8,21.9,26.3,66,20.4,10.1,8,1011.5,0.0
2020-12-04,276.0,114.0,1.0,26.0,9.0,10.0,"Worli, Mumbai",31.9,20.8,25.6,68,16.4,8.3,12,1010.6,0.0
2020-12-05,176.0,82.0,1.0,23.0,8.0,5.0,"Worli, Mumbai",32.3,19.9,25.5,66,16.1,8.1,6,1011.1,0.0
2020-12-06,153.0,92.0,1.0,24.0,8.0,7.0,"Worli, Mumbai",32.8,20.2,25.8,57,18.1,9.5,28,1012.2,0.0
2020-12-07,161.0,99.0,1.0,25.0,7.0,6.0,"Worli, Mumbai",33.3,20.7,26.0,55,19.9,10.0,39,1013.5,0.0
2020-12-08,165.0,86.0,1.0,25.0,8.0,6.0,"Worli, Mumbai",32.5,21.0,26.0,59,17.6,10.6,12,1013.4,0.0
2020-12-09,156.0,85.0,1.0,22.0,5.0,5.0,"Worli, Mumbai",32.0,22.0,26.4,63,16.6,8.8,3,1012.1,0.0
2020-12-10,162.0,91.0,1.0,18.0,4.0,6.0,"Worli, Mumbai",30.5,23.5,27.1,70,15.5,7.2,333,1011.5,0.0
2020-12-11,169.0,75.0,1.0,16.0,4.0,5.0,"Worli, Mumbai",27.8,24.6,25.9,72,15.1,8.5,348,1012.5,1.8
2020-12-12,156.0,78.0,1.0,18.0,3.0,4.0,"Worli, Mumbai",30.1,23.4,25.7,77,19.1,9.7,2,1011.6,1.6
2020-12-13,158.0,64.0,1.0,18.0,3.0,4.0,"Worli, Mumbai",28.8,22.8,25.3,75,17.4,9.4,3,1010.8,0.0
2020-12-14,136.0,90.0,2.0,16.0,3.0,5.0,"Worli, Mumbai",27.0,22.9,24.2,86,12.4,7.7,10,1011.3,28.1
2020-12-15,255.0,98.0,1.0,18.0,3.0,5.0,"Worli, Mumbai",28.9,22.4,24.9,81,22.5,14.2,349,1012.5,0.0
2020-12-16,265.0,144.0,1.0,18.0,16.0,5.0,"Worli, Mumbai",28.8,22.3,24.9,79,20.9,13.0,350,1013.7,0.0
2020-12-17,275.0,101.0,1.0,16.0,5.0,10.0,"Worli, Mumbai",29.7,22.2,25.3,77,20.8,12.0,352,1013.8,0.0
2020-12-18,179.0,94.0,1.0,27.0,8.0,5.0,"Worli, Mumbai",30.3,21.7,25.0,76,17.6,10.2,355,1013.4,0.0
2020-12-19,170.0,88.0,2.0,22.0,8.0,4.0,"Worli, Mumbai",31.7,21.2,25.7,67,20.2,11.6,16,1013.8,0.0
2020-12-20,166.0,84.0,4.0,25.0,10.0,4.0,"Worli, Mumbai",30.8,21.4,25.2,61,20.6,11.5,21,1014.5,0.0
2020-12-21,153.0,91.0,6.0,29.0,10.0,6.0,"Worli, Mumbai",30.9,19.8,24.4,59,17.1,9.4,36,1013.4,0.0
2020-12-22,156.0,105.0,9.5,29.5,9.0,8.0,"Worli, Mumbai",30.4,18.1,23.4,63,16.2,9.1,16,1012.2,0.0
2020-12-23,172.0,101.0,13.0,30.0,10.0,7.0,"Worli, Mumbai",28.9,17.3,23.4,66,14.2,8.1,352,1011.1,0.0
2020-12-24,169.0,117.0,14.407407407407408,30.5,10.0,7.0,"Worli, Mumbai",30.5,18.3,23.6,65,19.4,10.6,356,1010.0,0.0
2020-12-25,183.0,111.0,15.814814814814817,31.0,12.0,7.0,"Worli, Mumbai",31.8,19.6,25.1,65,14.8,8.8,20,1010.5,0.0
2020-12-26,181.0,115.0,17.22222222222222,21.0,11.0,7.0,"Worli, Mumbai",30.6,20.4,24.9,70,16.5,8.4,338,1011.9,0.0
2020-12-27,189.0,93.0,2.0,21.0,7.0,3.0,"Worli, Mumbai",29.4,21.1,24.8,71,23.1,13.3,340,1012.0,0.0
2020-12-28,148.0,105.0,2.0,24.0,7.0,5.0,"Worli, Mumbai",27.9,20.3,23.4,53,25.1,16.0,346,1012.1,0.0
2020-12-29,162.0,117.0,2.0,22.0,8.0,6.0,"Worli, Mumbai",27.0,17.8,22.3,61,20.2,10.5,338,1011.3,0.0
2020-12-30,174.0,150.0,2.0,21.0,10.0,7.0,"Worli, Mumbai",28.2,19.2,23.1,68,21.9,12.0,342,1011.4,0.0
2020-12-31,187.0,126.0,2.0,20.0,13.0,8.0,"Worli, Mumbai",31.2,19.5,24.6,69,17.3,11.0,350,1010.9,0.0
2021-01-01,203.0,123.0,3.0,13.0,10.0,6.0,"Worli, Mumbai",30.8,21.4,25.4,72,19.8,9.0,322,1011.3,0.0
2021-01-02,205.0,182.0,3.0,16.0,11.5,6.5,"Worli, Mumbai",28.2,22.8,25.0,76,16.7,9.2,328,1012.1,0.0
2021-01-03,235.5,241.0,3.0,19.0,13.0,7.0,"Worli, Mumbai",27.8,21.6,24.4,71,19.2,10.3,334,1010.7,0.0
2021-01-04,266.0,171.0,3.0,18.0,11.0,6.0,"Worli, Mumbai",27.4,21.4,24.0,68,18.1,9.8,326,1010.6,0.1
2021-01-05,245.0,183.0,3.0,18.0,11.0,7.0,"Worli, Mumbai",28.1,21.6,24.1,68,23.2,13.2,342,1011.7,0.2
2021-01-06,271.0,86.0,3.0,21.0,14.0,9.0,"Worli, Mumbai",28.7,22.1,24.6,63,23.7,15.4,342,1011.2,0.0
2021-01-07,387.0,86.0,3.0,21.0,15.0,10.0,"Worli, Mumbai",28.8,22.2,25.2,72,19.4,8.8,340,1009.2,0.2
2021-01-08,336.5,86.0,3.0,21.0,13.0,7.0,"Worli, Mumbai",28.7,23.2,25.3,84,13.0,8.4,341,1008.6,2.2
2021-01-09,286.0,117.0,3.0,16.0,15.0,10.0,"Worli, Mumbai",29.7,23.3,25.9,79,17.1,9.8,354,1009.3,0.0
2021-01-10,194.0,112.0,3.0,18.0,11.0,9.0,"Worli, Mumbai",30.4,24.3,26.8,77,15.1,8.5,354,1009.9,0.0
2021-01-11,188.0,110.0,3.0,18.0,10.0,8.0,"Worli, Mumbai",30.8,23.9,26.7,74,17.4,9.2,335,1011.0,0.0
2021-01-12,182.0,129.0,3.0,14.0,10.0,5.0,"Worli, Mumbai",31.7,24.2,27.1,70,24.0,12.6,349,1011.5,0.0
2021-01-13,201.0,91.0,3.0,18.0,11.0,6.0,"Worli, Mumbai",31.7,22.8,26.8,63,20.0,12.1,349,1011.3,0.0
2021-01-14,176.0,113.0,3.0,16.0,10.0,9.0,"Worli, Mumbai",30.2,22.3,25.2,70,24.2,12.3,341,1010.7,0.0
2021-01-15,184.0,75.0,3.0,19.0,19.0,5.0,"Worli, Mumbai",28.0,21.1,24.0,75,21.1,10.7,328,1010.3,0.0
2021-01-16,312.0,70.5,3.0,16.0,11.5,4.0,"Worli, Mumbai",27.9,19.3,23.1,73,20.9,9.8,334,1009.4,0.0
2021-01-17,207.0,66.0,3.0,13.0,4.0,3.0,"Worli, Mumbai",27.6,19.9,23.7,78,16.6,8.3,325,1009.9,0.0
2021-01-18,119.0,107.0,3.0,11.0,11.0,6.0,"Worli, Mumbai",28.4,21.4,24.5,74,20.9,11.7,334,1011.4,0.0
2021-01-19,169.0,96.0,51.0,19.0,13.0,6.0,"Worli, Mumbai",29.4,21.6,25.3,62,19.6,12.8,334,1011.5,0.0
2021-01-20,166.0,110.0,25.0,21.0,13.0,6.0,"Worli, Mumbai",30.0,20.7,24.8,59,19.9,11.8,338,1012.4,0.0
2021-01-21,179.0,122.0,24.04,21.0,9.0,7.0,"Worli, Mumbai",28.2,20.2,23.3,66,19.6,10.7,334,1012.4,0.0
2021-01-22,190.0,179.0,23.08,21.0,11.0,7.0,"Worli, Mumbai",28.9,19.2,23.2,76,21.7,10.1,333,1011.6,0.0
2021-01-23,220.0,86.0,22.12,18.0,10.0,5.0,"Worli, Mumbai",30.0,20.5,24.2,69,23.0,12.5,334,1011.7,0.0
2021-01-24,298.0,86.0,3.0,19.0,10.0,5.0,"Worli, Mumbai",28.9,19.9,24.0,64,21.5,12.3,336,1012.7,0.0
2021-01-25,396.0,124.0,3.0,20.5,8.0,7.0,"Worli, Mumbai",28.5,17.6,22.8,64,21.4,11.8,336,1013.2,0.0
2021-01-26,303.5,162.0,3.0,22.0,6.0,7.0,"Worli, Mumbai",27.2,18.4,22.3,70,22.2,11.2,336,1012.9,0.0
2021-01-27,211.0,243.0,3.0,22.0,8.0,8.0,"Worli, Mumbai",26.5,17.2,21.7,73,20.0,10.2,334,1012.5,0.0
2021-01-28,177.0,104.0,3.0,24.0,9.0,9.0,"Worli, Mumbai",27.2,17.8,21.9,73,22.2,11.4,334,1012.8,0.0
2021-01-29,182.0,101.0,3.0,24.0,11.0,10.0,"Worli, Mumbai",27.5,18.2,22.7,65,19.3,10.6,336,1013.4,0.0
2021-01-30,171.0,102.0,3.0,20.0,12.0,10.0,"Worli, Mumbai",29.3,17.5,23.2,65,23.7,11.2,338,1012.8,0.0
2021-01-31,169.0,138.0,3.0,16.0,12.0,7.0,"Worli, Mumbai",30.4,19.0,23.8,63,22.7,11.2,341,1013.0,0.0
2021-02-01,282.0,100.0,3.0,12.0,10.0,6.0,"Worli, Mumbai",31.7,20.9,25.6,57,21.6,12.2,349,1014.3,0.0
2021-02-02,160.0,94.0,3.0,15.0,14.0,8.0,"Worli, Mumbai",32.1,21.6,26.1,52,22.1,11.7,356,1014.5,0.0
2021-02-03,169.0,104.0,3.0,16.0,16.0,9.0,"Worli, Mumbai",30.2,19.4,24.8,57,19.2,8.5,330,1013.9,0.0
2021-02-04,175.0,80.0,3.0,15.0,16.0,5.0,"Worli, Mumbai",29.7,20.4,24.4,62,23.8,12.6,340,1013.7,0.0
2021-02-05,150.0,85.0,3.0,18.0,18.0,7.0,"Worli, Mumbai",29.3,20.2,24.4,55,24.7,14.9,339,1013.5,0.0
2021-02-06,157.0,78.0,3.0,18.0,14.0,5.0,"Worli, Mumbai",30.9,19.8,24.7,49,24.6,14.2,358,1012.6,0.0
2021-02-07,153.0,146.0,3.0,16.0,12.0,7.0,"Worli, Mumbai",32.5,21.0,25.8,43,22.9,15.0,17,1013.1,0.0
2021-02-08,183.0,83.0,3.0,17.0,15.0,5.0,"Worli, Mumbai",32.4,18.6,24.8,48,24.5,12.4,3,1013.7,0.0
2021-02-09,155.0,100.0,3.0,11.0,13.0,8.0,"Worli, Mumbai",31.9,18.4,24.1,56,19.3,10.5,352,1012.7,0.0
2021-02-10,177.0,136.0,3.0,8.0,13.0,10.0,"Worli, Mumbai",29.8,18.0,23.8,61,20.5,9.8,336,1011.7,0.0
2021-02-11,211.0,102.0,3.0,12.0,14.0,7.0,"Worli, Mumbai",31.2,18.2,24.4,60,19.8,10.7,342,1010.5,0.0
2021-02-12,175.0,82.0,3.0,10.0,13.0,4.0,"Worli, Mumbai",29.4,19.8,24.6,65,21.3,11.6,324,1011.2,0.0
2021-02-13,153.0,69.0,3.0,7.0,11.0,3.0,"Worli, Mumbai",29.8,19.3,24.4,67,24.6,12.0,329,1012.5,0.0
2021-02-14,136.0,61.0,1.0,9.0,12.0,3.0,"Worli, Mumbai",29.6,20.4,24.2,71,24.7,12.5,329,1012.8,0.0
2021-02-15,108.0,58.0,1.0,8.0,11.0,3.0,"Worli, Mumbai",28.2,20.8,24.2,73,26.0,14.1,328,1012.1,0.0
2021-02-16,105.0,63.0,1.0,9.0,12.0,3.0,"Worli, Mumbai",27.3,20.8,23.7,79,27.0,13.0,330,1011.8,0.0
2021-02-17,121.0,107.0,11.5,12.0,14.0,7.0,"Worli, Mumbai",28.3,20.8,24.0,77,27.2,12.7,334,1011.4,0.0
2021-02-18,179.0,64.0,22.0,11.0,14.0,4.0,"Worli, Mumbai",30.4,20.5,25.1,69,18.2,7.5,331,1011.8,1.1
2021-02-19,131.0,68.0,1.0,7.0,14.0,4.0,"Worli, Mumbai",31.6,21.4,25.5,64,19.4,11.4,39,1013.5,0.1
2021-02-20,131.0,68.0,1.0,6.0,15.0,5.0,"Worli, Mumbai",32.0,20.7,25.6,58,25.2,10.5,15,1013.5,0.0
2021-02-21,148.0,80.0,1.0,9.0,15.0,5.0,"Worli, Mumbai",33.9,22.3,27.2,47,22.7,13.2,42,1013.0,0.0
2021-02-22,157.0,88.0,1.0,14.0,14.0,6.0,"Worli, Mumbai",32.2,22.5,26.5,61,22.0,10.0,318,1013.4,0.0
2021-02-23,168.0,102.0,1.0,10.0,16.0,8.0,"Worli, Mumbai",30.6,22.1,26.4,62,20.9,9.1,320,1012.2,0.0
2021-02-24,290.0,87.0,1.0,9.0,16.0,6.0,"Worli, Mumbai",31.9,22.6,27.2,61,22.2,8.9,321,1010.8,0.0
2021-02-25,165.0,63.0,1.0,8.0,14.0,3.0,"Worli, Mumbai",32.4,23.9,27.4,54,26.0,14.2,331,1011.4,0.0
2021-02-26,132.0,97.0,1.0,10.0,14.0,4.0,"Worli, Mumbai",29.8,22.6,26.1,66,23.2,13.4,320,1010.8,0.0
2021-02-27,128.0,75.0,1.0,10.0,15.0,4.0,"Worli, Mumbai",30.4,21.5,26.0,70,26.5,13.5,329,1009.7,0.0
2021-02-28,146.0,91.0,1.0,8.0,16.0,6.0,"Worli, Mumbai",33.3,22.2,27.4,58,25.1,12.7,338,1009.4,0.0
2021-03-01,166.0,86.0,1.0,8.0,17.0,7.0,"Worli, Mumbai",34.3,24.3,28.2,50,26.1,14.4,337,1011.6,0.0
2021-03-02,151.0,95.0,1.0,13.0,16.0,6.0,"Worli, Mumbai",32.9,22.0,27.6,48,28.3,13.3,333,1012.5,0.0
2021-03-03,149.0,107.0,1.0,10.0,13.0,7.0,"Worli, Mumbai",35.1,21.9,27.8,44,25.2,12.8,335,1010.9,0.0
2021-03-04,166.0,104.0,1.0,8.0,13.0,10.0,"Worli, Mumbai",36.0,21.5,28.5,42,25.7,13.0,340,1010.4,0.0
2021-03-05,172.0,79.0,1.0,5.0,14.0,4.0,"Worli, Mumbai",35.3,21.7,27.9,48,24.3,11.7,330,1011.4,0.0
2021-03-06,139.0,72.0,1.0,3.0,18.0,5.0,"Worli, Mumbai",30.0,23.5,26.4,79,20.0,10.2,267,1012.5,0.0
2021-03-07,120.0,60.0,1.0,3.0,17.0,4.0,"Worli, Mumbai",32.1,21.0,26.4,68,22.2,11.3,333,1011.8,0.0
2021-03-08,99.0,77.0,1.0,11.0,16.0,5.0,"Worli, Mumbai",31.6,21.8,26.2,64,23.9,12.1,327,1011.5,0.0
2021-03-09,134.0,100.0,1.0,6.0,16.0,5.0,"Worli, Mumbai",34.1,23.0,27.5,59,27.5,13.9,337,1011.3,0.0
2021-03-10,127.0,60.0,1.0,5.0,14.0,3.0,"Worli, Mumbai",31.6,23.7,27.2,63,24.5,13.2,321,1011.4,0.0
2021-03-11,104.0,59.0,1.0,5.0,15.0,3.0,"Worli, Mumbai",30.4,23.0,26.3,72,26.2,12.8,323,1011.7,0.0
2021-03-12,101.0,148.0,1.0,10.0,14.0,5.0,"Worli, Mumbai",32.0,21.8,26.6,65,27.2,13.0,332,1012.6,0.0
2021-03-13,201.0,87.0,1.0,6.0,2.0,5.0,"Worli, Mumbai",34.3,24.7,28.4,51,24.6,14.6,338,1012.1,0.0
2021-03-14,152.0,86.0,1.0,7.0,10.0,6.0,"Worli, Mumbai",33.1,24.5,28.4,48,21.7,12.2,328,1010.2,0.0
2021-03-15,140.0,81.0,1.0,8.0,3.0,4.0,"Worli, Mumbai",33.8,24.2,28.6,49,25.7,14.4,332,1009.7,0.0
2021-03-16,133.0,86.0,8.0,6.0,3.0,4.0,"Worli, Mumbai",32.9,23.6,28.2,55,26.0,14.0,330,1010.1,0.0
2021-03-17,141.0,77.0,5.0,7.0,2.0,4.0,"Worli, Mumbai",33.5,23.1,28.5,56,25.8,12.4,329,1008.8,0.0
2021-03-18,123.0,89.0,115.0,6.0,5.0,3.0,"Worli, Mumbai",31.4,23.6,27.8,62,22.2,13.1,315,1009.1,0.0
2021-03-19,130.0,115.0,3.0,5.0,4.0,2.0,"Worli, Mumbai",31.7,23.5,27.1,67,26.8,13.5,324,1010.1,0.0
2021-03-20,131.0,84.0,6.0,4.0,4.0,2.0,"Worli, Mumbai",30.3,22.3,26.2,76,20.6,10.2,320,1008.8,0.0
2021-03-21,129.0,119.0,2.0,3.0,4.0,2.0,"Worli, Mumbai",31.1,22.9,26.8,75,18.1,8.4,306,1008.2,0.0
2021-03-22,154.0,89.0,11.0,6.0,6.0,3.0,"Worli, Mumbai",32.6,23.5,27.7,71,19.4,10.0,320,1010.1,0.0
2021-03-23,147.0,96.0,21.0,10.0,11.0,5.0,"Worli, Mumbai",33.3,24.2,28.5,54,26.5,13.2,333,1010.7,0.0
2021-03-24,163.0,91.0,13.0,12.0,11.0,6.0,"Worli, Mumbai",34.5,24.6,29.5,51,20.2,12.0,335,1010.6,0.0
2021-03-25,149.0,93.0,19.0,15.0,10.0,6.0,"Worli, Mumbai",37.3,24.8,30.5,37,27.5,15.1,344,1009.7,0.0
2021-03-26,155.0,101.0,12.0,12.0,12.0,6.0,"Worli, Mumbai",35.7,22.8,30.1,36,24.5,14.6,338,1008.7,0.0
2021-03-27,160.0,77.0,2.0,4.0,6.0,5.0,"Worli, Mumbai",37.6,24.1,30.0,38,26.7,13.3,336,1007.7,0.0
2021-03-28,137.0,62.0,1.0,1.0,5.0,3.0,"Worli, Mumbai",31.7,23.3,27.7,64,21.0,10.5,273,1007.9,0.0
2021-03-29,238.0,40.0,2.0,2.0,7.0,1.0,"Worli, Mumbai",31.4,24.8,27.7,78,26.5,10.3,289,1008.0,0.0
2021-03-30,115.0,51.0,1.0,1.0,9.0,2.0,"Worli, Mumbai",30.3,23.3,26.7,79,16.0,9.9,241,1008.3,0.0
2021-03-31,215.0,91.0,2.0,3.0,7.0,2.0,"Worli, Mumbai",30.2,22.7,26.6,81,19.8,8.9,300,1007.5,0.0
2021-04-01,126.0,93.0,2.0,3.0,5.0,1.0,"Worli, Mumbai",30.6,24.2,27.1,79,19.9,9.3,251,1007.1,0.0
2021-04-02,123.0,73.0,73.0,2.0,7.0,2.0,"Worli, Mumbai",30.2,24.2,26.9,77,17.7,9.6,228,1007.4,0.1
2021-04-03,101.0,62.0,49.333333333333336,1.0,7.0,1.0,"Worli, Mumbai",29.6,24.8,27.2,74,20.3,9.7,233,1008.4,0.0
2021-04-04,92.0,57.0,25.66666666666667,1.0,7.0,1.0,"Worli, Mumbai",30.2,24.6,27.3,76,22.7,9.8,275,1010.2,0.0
2021-04-05,75.0,64.0,2.0,2.0,5.0,2.0,"Worli, Mumbai",31.0,24.0,27.3,81,24.6,11.4,319,1010.0,0.0
2021-04-06,98.0,62.0,1.0,1.0,6.0,2.0,"Worli, Mumbai",32.8,24.3,28.4,67,29.0,13.9,323,1009.0,0.0
2021-04-07,90.0,65.0,1.0,1.0,8.0,2.0,"Worli, Mumbai",32.6,24.3,28.1,70,24.3,12.2,322,1009.8,0.0
2021-04-08,86.0,69.0,1.0,1.0,9.0,3.0,"Worli, Mumbai",31.0,24.9,28.1,80,19.7,9.4,278,1008.8,0.0
2021-04-09,98.0,77.0,1.0,1.0,9.0,3.0,"Worli, Mumbai",31.3,24.6,28.0,78,22.8,10.6,301,1008.2,0.0
2021-04-10,110.0,66.0,1.0,1.0,9.0,3.0,"Worli, Mumbai",31.6,24.3,28.0,77,20.8,8.6,298,1009.3,0.0
2021-04-11,111.0,92.0,6.0,1.0,10.0,4.0,"Worli, Mumbai",33.1,24.8,28.7,76,21.6,9.0,296,1010.2,0.0
2021-04-12,153.0,57.0,1.0,3.0,16.0,2.0,"Worli, Mumbai",32.2,25.6,29.0,75,22.0,9.8,287,1011.2,0.0
2021-04-13,94.0,79.0,3.0,1.0,5.0,1.95,"Worli, Mumbai",35.4,25.2,29.7,70,20.6,10.3,311,1010.2,0.0
2021-04-14,98.0,57.0,1.0,1.0,1.0,1.9,"Worli, Mumbai",35.0,26.4,29.9,69,20.6,7.3,280,1009.9,0.0
2021-04-15,103.0,54.0,1.0,1.0,1.0,1.85,"Worli, Mumbai",32.9,26.0,28.9,76,22.0,9.5,273,1009.9,0.0
2021-04-16,85.0,50.0,1.0,1.0,1.0,4.5,"Worli, Mumbai",31.6,24.5,28.0,77,26.4,11.8,310,1009.8,0.0
2021-04-17,79.0,101.0,1.0,1.0,1.0,4.5,"Worli, Mumbai",32.0,25.0,28.4,79,26.0,12.3,321,1010.3,0.0
2021-04-18,116.0,57.0,3.0,1.0,1.0,4.5,"Worli, Mumbai",33.5,25.6,29.4,77,22.8,11.0,310,1010.5,0.0
2021-04-19,90.0,47.0,3.0,1.0,1.0,4.5,"Worli, Mumbai",31.8,25.3,28.7,78,20.2,11.7,256,1009.5,0.0
2021-04-20,77.0,50.0,3.0,1.0,1.0,4.5,"Worli, Mumbai",31.5,26.0,28.5,77,16.7,9.7,271,1008.9,0.0
2021-04-21,75.0,58.0,3.0,1.0,1.0,4.5,"Worli, Mumbai",31.5,25.4,28.3,77,21.6,9.9,296,1010.2,0.1
2021-04-22,81.0,59.0,3.0,1.0,1.0,4.5,"Worli, Mumbai",32.5,25.4,28.4,77,27.0,13.8,331,1010.1,0.0
2021-04-23,81.0,53.0,3.0,1.0,1.0,4.5,"Worli, Mumbai",32.5,24.7,28.2,72,23.7,11.6,310,1010.1,0.0
2021-04-24,75.0,59.0,3.0,1.0,1.0,4.5,"Worli, Mumbai",31.6,24.6,27.9,78,24.8,11.3,316,1009.6,0.0
2021-04-25,85.0,98.0,1.0,2.0,1.0,4.5,"Worli, Mumbai",32.6,24.7,28.9,79,24.5,12.8,315,1008.2,0.0
2021-04-26,137.0,104.0,1.0,2.0,1.0,4.5,"Worli, Mumbai",32.7,27.0,29.8,79,17.8,8.8,254,1008.0,0.0
2021-04-27,123.0,71.0,1.0,1.0,1.0,4.5,"Worli, Mumbai",32.7,27.4,29.7,76,19.4,9.6,253,1009.0,0.0
2021-04-28,100.0,48.0,1.0,1.0,2.0,4.5,"Worli, Mumbai",33.5,26.0,29.8,75,24.7,10.4,292,1009.8,0.0
2021-04-29,68.0,49.0,1.0,1.0,2.0,4.5,"Worli, Mumbai",33.1,26.5,29.4,79,24.3,10.7,303,1009.4,0.0
2021-04-30,77.0,51.0,3.0,1.0,3.0,4.5,"Worli, Mumbai",32.0,26.6,29.2,80,17.8,9.5,297,1008.4,0.0
2021-05-01,75.0,50.0,2.5,1.0,3.0,4.0,"Worli, Mumbai",33.9,27.2,30.0,75,22.3,11.6,322,1007.4,0.0
2021-05-02,74.0,62.0,1.0,1.0,4.0,1.0,"Worli, Mumbai",33.1,28.0,30.2,77,17.8,9.9,280,1008.0,0.0
2021-05-03,103.0,55.0,1.0,1.0,5.0,1.0,"Worli, Mumbai",33.8,27.4,30.2,75,21.7,10.1,305,1007.6,0.0
2021-05-04,83.0,52.0,1.0,1.0,5.0,1.0,"Worli, Mumbai",33.1,27.1,30.0,73,22.5,11.0,309,1007.4,0.0
2021-05-05,79.0,47.0,1.0,1.0,6.0,1.0,"Worli, Mumbai",33.0,26.0,30.0,75,24.0,11.1,300,1007.4,0.0
2021-05-06,75.0,49.0,2.5,1.0,6.0,4.0,"Worli, Mumbai",32.3,27.3,29.6,80,19.8,10.2,284,1007.9,0.0
2021-05-07,77.0,52.0,2.5,2.0,7.0,1.0,"Worli, Mumbai",32.4,27.1,29.8,77,21.3,9.8,295,1008.8,0.0
2021-05-08,80.0,51.4,2.5,2.0,6.5,1.129032258064516,"Worli, Mumbai",32.9,27.0,29.8,79,21.8,10.2,295,1007.7,0.0
2021-05-17,50.3,46.0,2.5,2.0,2.0,2.290322580645161,"Worli, Mumbai",28.1,26.6,27.2,87,65.8,47.4,155,996.4,167.2
2021-05-18,47.0,34.0,1.0,1.0,2.0,2.419354838709677,"Worli, Mumbai",28.7,26.8,27.7,87,50.1,37.8,194,1002.4,18.8
2021-05-19,56.0,72.0,1.0,2.0,2.0,4.0,"Worli, Mumbai",28.9,26.3,27.5,87,34.9,21.1,210,1004.6,15.1
2021-05-20,76.0,71.0,1.0,1.8571428571428568,3.0,4.0,"Worli, Mumbai",30.4,26.7,28.4,82,15.1,8.8,229,1006.6,1.2
2021-05-21,84.0,65.0,1.0,1.7142857142857144,3.0,4.0,"Worli, Mumbai",30.4,26.6,28.5,81,13.0,7.3,248,1007.4,0.5
2021-05-22,74.0,57.0,1.0,1.5714285714285714,4.0,4.0,"Worli, Mumbai",30.5,27.8,29.0,76,16.9,8.9,255,1007.0,1.8
2021-05-23,69.0,56.0,1.0,2.0,5.0,4.0,"Worli, Mumbai",30.9,27.8,29.1,78,16.4,8.9,291,1007.9,2.2
2021-05-24,65.0,62.0,1.0,2.0,5.0,4.0,"Worli, Mumbai",30.8,27.3,28.9,81,22.1,13.0,309,1008.7,1.1
2021-05-25,66.0,54.0,1.0,2.0,5.0,4.0,"Worli, Mumbai",30.9,27.8,29.2,77,23.4,15.7,303,1006.9,1.5
2021-05-26,58.0,56.0,1.0,1.0,6.0,4.0,"Worli, Mumbai",30.9,27.8,29.4,70,18.9,15.2,272,1006.1,0.0
2021-05-27,57.0,57.0,1.0,1.0,7.0,4.0,"Worli, Mumbai",31.3,28.3,29.6,73,22.9,19.0,255,1006.1,0.5
2021-05-28,56.0,57.0,2.5,1.0,6.0,4.0,"Worli, Mumbai",30.8,27.9,29.2,79,18.9,13.8,249,1006.4,4.2
2021-05-29,60.0,53.0,2.5,1.0,9.0,4.0,"Worli, Mumbai",30.5,27.0,28.8,82,17.5,9.9,237,1007.4,3.5
2021-05-30,61.0,48.0,2.5,1.0,6.0,4.0,"Worli, Mumbai",30.4,27.3,28.8,82,18.7,12.5,203,1007.3,2.2
2021-05-31,74.11111111111111,40.0,2.5,1.0,6.0,4.0,"Worli, Mumbai",30.1,27.2,28.5,84,17.6,12.7,207,1005.5,4.8
2021-06-01,87.22222222222223,36.0,2.0,1.5,4.0,4.0,"Worli, Mumbai",30.1,27.0,28.3,85,20.8,13.4,195,1005.7,9.5
2021-06-02,100.33333333333334,38.0,1.0,2.0,5.0,4.0,"Worli, Mumbai",29.8,26.8,28.1,86,14.3,8.2,201,1006.5,5.7
2021-06-03,50.0,38.0,1.0,1.0,5.0,4.0,"Worli, Mumbai",30.6,27.2,28.8,83,15.2,8.2,209,1007.0,0.5
2021-06-04,50.0,45.0,1.0,2.0,4.0,4.0,"Worli, Mumbai",30.6,27.0,28.7,83,15.0,9.4,196,1007.9,4.4
2021-06-05,50.0,33.0,1.0,1.0,3.0,4.0,"Worli, Mumbai",29.1,25.9,27.5,85,14.0,9.0,185,1007.1,7.9
2021-06-06,50.0,32.0,3.0,1.0,2.0,4.0,"Worli, Mumbai",29.5,25.8,27.7,83,17.4,10.3,215,1007.4,9.7
2021-06-07,50.0,55.0,5.0,1.0,3.0,5.0,"Worli, Mumbai",29.0,26.3,27.5,86,17.7,12.6,211,1007.9,11.5
2021-06-08,179.0,26.0,4.5,2.0,2.0,4.5,"Worli, Mumbai",28.3,26.4,27.1,90,15.2,11.9,227,1007.0,31.8
2021-06-09,25.0,26.0,4.0,1.0,2.0,4.0,"Worli, Mumbai",28.5,26.0,27.0,89,18.1,14.4,248,1005.9,29.2
2021-06-10,20.0,28.0,3.5,1.0,2.0,3.5,"Worli, Mumbai",28.4,26.3,27.2,88,20.3,16.8,233,1005.2,30.6
2021-06-11,37.0,30.0,2.0,1.0,2.0,4.0,"Worli, Mumbai",28.6,26.5,27.3,88,23.9,19.8,225,1004.3,23.5
2021-06-12,28.0,48.0,2.0,1.0,2.0,4.0,"Worli, Mumbai",28.6,26.0,27.1,89,19.9,15.0,239,1004.1,16.1
2021-06-13,59.0,64.0,2.0,2.0,12.0,4.0,"Worli, Mumbai",28.9,26.5,27.5,88,20.2,15.2,232,1004.0,10.0
2021-06-14,58.0,42.0,2.0,2.208333333333333,6.0,4.0,"Worli, Mumbai",28.8,26.3,27.3,89,21.8,15.8,222,1002.9,6.4
2021-06-15,43.0,32.0,2.0,2.4166666666666665,7.0,1.0,"Worli, Mumbai",28.0,26.2,27.0,88,23.5,18.2,216,1001.9,7.5
2021-06-16,38.0,164.0,1.0,2.625,5.0,1.0,"Worli, Mumbai",27.3,25.9,26.6,91,24.0,20.2,216,1002.3,16.8
2021-06-17,81.0,90.0,1.5,2.0,8.0,1.0,"Worli, Mumbai",27.3,25.5,26.4,90,26.9,22.0,212,1003.5,20.1
2021-06-18,84.0,50.0,2.0,2.0,8.0,1.0,"Worli, Mumbai",27.7,25.5,26.4,89,31.3,23.3,226,1004.5,21.3
2021-06-19,65.0,68.0,1.9,2.0,7.0,1.5,"Worli, Mumbai",26.7,25.3,26.0,89,25.3,22.6,221,1006.5,18.2
2021-06-20,79.0,86.0,1.8,2.0,6.0,2.0,"Worli, Mumbai",28.8,25.5,26.9,87,24.6,19.0,230,1007.3,9.6
2021-06-21,93.0,70.0,1.7,2.0,6.0,1.0,"Worli, Mumbai",29.0,25.4,27.4,85,17.7,14.6,239,1007.9,6.9
2021-06-22,75.0,66.0,2.0,2.0,7.0,1.0,"Worli, Mumbai",28.6,26.2,27.6,85,15.7,12.7,252,1007.5,4.8
2021-06-23,65.0,55.0,2.0,2.0,8.0,1.0,"Worli, Mumbai",27.9,26.5,27.1,88,16.5,11.9,233,1007.2,5.7
2021-06-24,53.0,31.0,2.0,2.0,7.0,1.0,"Worli, Mumbai",27.4,25.4,26.5,90,20.4,15.0,228,1007.6,9.4
2021-06-25,48.0,52.0,2.0,2.0,4.0,2.0,"Worli, Mumbai",26.7,25.8,26.2,92,16.4,13.6,247,1006.7,28.7
2021-06-26,63.0,39.0,2.0,2.0,4.0,1.0,"Worli, Mumbai",29.4,26.1,27.8,82,19.1,13.5,271,1006.5,2.6
2021-06-27,54.0,33.0,2.0,2.0,7.0,2.0,"Worli, Mumbai",28.4,26.6,27.4,84,17.8,8.6,298,1008.0,9.3
2021-06-28,57.0,28.0,1.0,2.0,10.0,2.0,"Worli, Mumbai",27.5,25.5,26.3,89,11.5,6.3,294,1007.2,21.9
2021-06-29,40.0,35.0,1.0,2.0,10.0,2.0,"Worli, Mumbai",29.1,25.8,27.5,86,16.3,10.0,222,1006.6,2.1
2021-06-30,39.0,48.0,1.0,2.0,9.0,1.0,"Worli, Mumbai",28.6,26.6,27.6,88,17.8,13.0,233,1006.6,3.9
2021-07-01,36.0,43.0,1.0,3.392857142857143,8.0,1.0,"Worli, Mumbai",29.7,27.4,28.4,79,24.0,17.4,246,1005.0,4.4
2021-07-02,42.0,49.0,3.0,3.392857142857143,7.0,1.0,"Worli, Mumbai",29.8,27.0,28.3,80,24.1,20.7,227,1005.5,1.8
2021-07-03,45.0,49.0,3.0,3.392857142857143,8.0,1.0,"Worli, Mumbai",29.5,26.6,28.0,84,20.3,15.7,228,1006.5,3.1
2021-07-04,45.0,52.0,3.0,3.392857142857143,8.0,1.0,"Worli, Mumbai",28.7,26.9,27.9,85,14.3,10.6,241,1007.1,2.6
2021-07-05,49.0,57.0,3.0,3.392857142857143,9.0,1.0,"Worli, Mumbai",29.0,26.5,27.9,85,14.1,7.7,256,1006.9,1.7
2021-07-06,54.0,55.0,1.0,3.392857142857143,9.0,2.0,"Worli, Mumbai",29.2,26.2,27.9,85,15.2,6.7,266,1005.7,1.0
2021-07-07,54.0,53.0,1.0,7.0,19.0,2.0,"Worli, Mumbai",29.6,26.5,28.4,83,15.5,9.0,290,1005.6,1.5
2021-07-08,47.0,105.0,1.0,6.0,21.5,4.0,"Worli, Mumbai",28.9,26.8,27.6,88,16.2,10.6,260,1005.6,9.8
2021-07-09,98.0,157.0,1.0,3.0,24.0,3.0,"Worli, Mumbai",28.6,26.6,27.4,86,15.0,9.7,253,1003.7,5.5
2021-07-10,149.0,25.0,1.0,1.0,24.0,2.0,"Worli, Mumbai",27.0,26.0,26.5,91,17.8,8.7,263,1002.7,54.8
2021-07-11,47.0,58.0,1.0,2.0,21.0,8.0,"Worli, Mumbai",28.7,25.9,27.1,88,16.2,8.7,237,1001.3,17.8
2021-07-12,92.0,38.0,1.0,3.0,13.0,11.0,"Worli, Mumbai",28.2,25.9,27.0,90,40.2,21.9,231,999.5,46.3
2021-07-13,38.0,26.0,1.0,2.0,10.0,13.0,"Worli, Mumbai",28.1,26.1,26.7,90,26.7,20.6,235,1001.4,41.9
2021-07-14,37.0,30.0,1.0,2.0,18.0,11.0,"Worli, Mumbai",27.3,25.9,26.4,91,26.4,19.5,244,1002.3,38.7
2021-07-15,33.0,39.0,1.0,2.0,12.0,10.0,"Worli, Mumbai",28.0,26.0,26.9,88,26.5,16.6,241,1001.0,34.0
2021-07-16,36.0,30.0,1.0,1.0,13.0,11.0,"Worli, Mumbai",28.3,25.6,26.7,90,34.6,20.2,226,1003.8,36.9
2021-07-17,31.0,41.0,1.0,1.0,11.0,11.0,"Worli, Mumbai",27.8,26.0,26.9,89,30.8,16.8,256,1005.5,39.4
2021-07-18,40.0,45.0,1.0,1.0,11.0,11.0,"Worli, Mumbai",27.9,26.2,27.0,90,23.6,19.0,285,1004.7,22.7
2021-07-19,41.0,54.0,1.0,1.0,11.0,10.0,"Worli, Mumbai",27.4,26.0,26.4,92,24.9,20.5,268,1004.2,56.6
2021-07-20,47.0,131.0,1.0,1.0,12.0,10.0,"Worli, Mumbai",27.5,25.9,26.5,90,24.6,21.5,246,1006.2,28.2
2021-07-21,107.0,91.0,1.0,1.0,12.0,11.0,"Worli, Mumbai",27.2,25.9,26.7,89,36.5,29.0,254,1005.0,33.4
2021-07-22,87.0,78.0,1.0,1.0,11.0,11.0,"Worli, Mumbai",27.6,26.1,26.8,87,37.4,28.9,265,1002.3,23.7
2021-07-23,87.0,41.0,1.0,1.0,11.0,13.0,"Worli, Mumbai",27.1,25.6,26.1,89,27.8,23.8,258,1002.3,22.7
2021-07-24,49.0,43.0,1.0,2.0,9.0,15.0,"Worli, Mumbai",28.0,25.8,26.7,88,27.2,19.9,259,1003.7,11.8
2021-07-25,52.0,50.0,1.0,2.0,8.0,13.0,"Worli, Mumbai",28.4,25.5,26.5,90,26.8,21.2,249,1004.7,14.7
2021-07-26,56.0,45.0,1.0,1.0,8.0,10.0,"Worli, Mumbai",28.3,25.3,26.7,87,30.1,25.1,244,1005.1,12.0
2021-07-27,47.0,44.0,1.0,1.0,10.0,10.0,"Worli, Mumbai",28.0,25.6,26.9,85,29.4,25.3,234,1004.5,7.9
2021-07-28,46.0,42.0,1.0,1.2,13.0,9.0,"Worli, Mumbai",28.3,26.3,27.2,83,32.5,27.1,235,1004.9,11.8
2021-07-29,46.0,96.0,1.0,1.4,15.0,9.0,"Worli, Mumbai",28.7,26.2,27.2,84,33.7,27.7,240,1006.1,9.8
2021-07-30,78.0,110.0,1.0,1.6,15.0,10.0,"Worli, Mumbai",28.2,26.4,27.3,83,31.8,27.1,249,1006.8,10.7
2021-07-31,81.0,40.0,1.0,3.392857142857143,15.0,10.0,"Worli, Mumbai",28.6,26.5,27.5,81,32.7,28.7,257,1007.8,3.1
2021-08-01,34.0,176.0,1.0,2.0,14.0,10.0,"Worli, Mumbai",28.1,26.2,27.1,80,33.5,28.8,255,1006.6,3.9
2021-08-02,164.0,110.0,1.0,2.0,11.0,10.0,"Worli, Mumbai",27.8,25.8,26.8,84,27.7,24.3,249,1006.7,5.8
2021-08-03,51.0,170.0,1.0,1.0,11.0,10.0,"Worli, Mumbai",27.1,25.3,26.3,89,26.1,22.9,242,1007.9,9.9
2021-08-04,149.0,68.0,1.0,1.0,13.0,11.0,"Worli, Mumbai",27.4,25.6,26.7,87,27.1,23.7,244,1007.9,4.4
2021-08-05,82.0,55.0,1.0,2.0,14.0,11.0,"Worli, Mumbai",28.2,25.6,26.9,86,26.7,22.3,253,1006.1,4.7
2021-08-06,58.0,54.0,1.0,2.0,25.0,11.0,"Worli, Mumbai",28.1,26.2,27.0,85,24.9,19.5,256,1005.3,4.9
2021-08-07,59.0,46.0,1.0,1.0,21.0,11.0,"Worli, Mumbai",28.0,25.5,26.6,88,17.1,14.0,245,1006.1,3.7
2021-08-08,62.0,38.0,1.0,2.0,19.0,10.0,"Worli, Mumbai",27.7,25.2,26.4,89,15.0,11.6,218,1007.3,2.9
2021-08-09,55.0,37.0,1.0,2.0,18.0,9.0,"Worli, Mumbai",27.9,25.6,26.8,86,19.7,12.7,223,1008.4,3.6
2021-08-10,49.0,31.0,1.0,2.0,16.0,9.0,"Worli, Mumbai",27.6,25.7,26.6,87,18.8,12.7,232,1008.4,4.2
2021-08-11,44.0,39.0,1.0,2.0,13.0,9.0,"Worli, Mumbai",27.7,25.5,26.6,86,17.9,13.5,250,1008.4,6.5
2021-08-12,52.0,38.0,1.0,2.0,13.0,10.0,"Worli, Mumbai",28.0,25.6,26.8,86,17.4,13.9,261,1009.1,4.3
2021-08-13,48.0,42.0,1.0,3.0,13.0,10.0,"Worli, Mumbai",27.8,25.8,26.7,86,20.2,15.3,257,1008.1,3.5
2021-08-14,42.0,33.0,1.0,2.0,13.0,10.0,"Worli, Mumbai",27.1,25.0,26.1,88,19.6,15.7,246,1006.5,8.7
2021-08-15,44.0,49.0,1.0,4.0,13.0,11.0,"Worli, Mumbai",27.0,24.6,25.9,89,17.4,12.3,236,1006.6,7.2
2021-08-16,55.0,50.0,1.0,5.0,14.0,11.0,"Worli, Mumbai",27.5,25.2,26.3,88,14.0,9.4,237,1007.7,3.3
2021-08-17,53.0,19.0,1.0,3.0,13.0,11.0,"Worli, Mumbai",26.5,25.5,26.1,89,10.9,6.8,243,1007.8,12.8
2021-08-18,46.0,39.0,1.0,4.0,11.0,11.0,"Worli, Mumbai",26.1,25.4,25.7,93,13.4,8.9,262,1006.3,15.5
2021-08-19,64.0,130.0,1.0,4.0,10.0,11.0,"Worli, Mumbai",25.9,25.1,25.5,92,17.6,11.8,263,1006.0,26.8
2021-08-20,99.0,26.0,1.0,4.0,10.0,9.0,"Worli, Mumbai",27.2,25.3,26.1,87,17.7,11.3,268,1006.4,26.1
2021-08-21,45.0,36.0,1.0,2.0,10.0,10.0,"Worli, Mumbai",25.9,25.0,25.5,92,23.8,15.2,243,1007.5,56.9
2021-08-22,61.0,70.0,1.0,1.0,12.0,11.0,"Worli, Mumbai",27.2,25.2,26.2,89,15.3,11.4,222,1008.0,2.7
2021-08-23,117.0,31.0,1.0,1.0,13.0,10.0,"Worli, Mumbai",28.3,25.1,26.6,87,16.3,10.1,212,1007.9,2.2
2021-08-24,50.0,33.0,1.0,1.3333333333333333,11.0,10.0,"Worli, Mumbai",28.0,25.6,26.8,88,15.5,9.7,226,1007.8,1.3
2021-08-25,45.0,32.0,1.0,1.6666666666666663,8.0,9.0,"Worli, Mumbai",27.6,26.0,26.8,87,18.4,9.9,243,1006.9,2.0
2021-08-26,44.0,35.0,1.0,2.0,9.0,10.0,"Worli, Mumbai",27.6,26.0,26.7,87,18.8,12.2,229,1005.4,3.2
2021-08-27,55.0,55.0,1.0,1.0,11.0,10.0,"Worli, Mumbai",27.9,25.6,26.6,87,12.9,10.3,226,1004.9,2.5
2021-08-28,63.0,52.0,1.0,2.0,9.0,10.0,"Worli, Mumbai",27.7,25.6,26.6,85,15.9,9.3,222,1004.0,0.8
2021-08-29,64.0,54.0,1.0,1.0,12.0,11.0,"Worli, Mumbai",27.9,25.0,26.7,86,13.4,7.0,262,1003.7,1.1
2021-08-30,72.0,35.0,1.0,2.0,13.0,12.0,"Worli, Mumbai",27.0,26.1,26.7,87,14.8,9.2,300,1005.1,6.5
2021-08-31,67.0,35.0,1.0,2.5,17.0,11.0,"Worli, Mumbai",26.8,25.6,26.1,90,18.5,12.4,288,1005.1,41.5
2021-09-01,55.0,32.0,1.0,3.0,10.0,10.0,"Worli, Mumbai",27.2,25.5,26.3,90,21.1,16.9,235,1005.7,18.7
2021-09-02,45.0,31.0,1.0,3.0,5.0,13.0,"Worli, Mumbai",27.7,25.6,26.6,88,25.6,20.7,217,1005.6,6.8
2021-09-03,46.0,25.0,1.0,5.0,7.0,13.0,"Worli, Mumbai",27.1,25.2,26.2,90,21.4,17.0,214,1005.4,10.5
2021-09-04,56.0,41.0,1.0,3.0,7.0,13.0,"Worli, Mumbai",27.6,25.2,26.3,90,15.9,12.3,235,1005.9,17.1
2021-09-05,63.0,32.0,1.0,2.0,9.0,12.0,"Worli, Mumbai",27.1,25.5,26.2,91,13.7,10.0,255,1006.1,11.7
2021-09-06,54.0,25.0,1.0,3.0,10.0,12.0,"Worli, Mumbai",27.8,25.5,26.6,88,18.1,11.3,288,1005.2,8.4
2021-09-07,43.0,24.0,1.0,2.0,12.0,11.0,"Worli, Mumbai",27.0,25.3,26.1,91,14.4,6.9,329,1003.4,33.6
2021-09-08,34.0,32.0,1.0,1.0,9.0,10.0,"Worli, Mumbai",27.6,25.7,26.6,89,38.1,26.8,237,1002.6,94.7
2021-09-09,46.0,35.0,1.0,1.0,2.0,10.0,"Worli, Mumbai",28.2,25.9,27.0,87,34.3,27.2,234,1006.2,7.5
2021-09-10,48.0,30.0,1.0,1.0,3.0,10.0,"Worli, Mumbai",27.6,25.4,26.6,88,28.2,23.3,227,1006.5,9.5
2021-09-11,43.0,25.0,1.0,2.0,4.0,11.0,"Worli, Mumbai",27.4,25.7,26.4,91,29.1,23.1,222,1004.3,56.6
2021-09-12,35.0,44.0,1.0,1.0,7.0,11.0,"Worli, Mumbai",27.4,25.7,26.5,90,24.7,19.2,242,1002.6,54.3
2021-09-13,52.0,66.0,1.0,1.5,11.0,10.0,"Worli, Mumbai",27.3,26.1,26.7,89,27.0,23.4,257,1002.0,18.6
2021-09-14,70.0,145.0,1.0,2.0,13.0,10.0,"Worli, Mumbai",28.2,26.5,27.1,84,25.8,22.8,247,1003.0,5.7
2021-09-15,144.0,114.0,1.0,1.5,10.0,10.0,"Worli, Mumbai",27.5,25.7,26.6,86,26.6,22.9,214,1004.3,6.2
2021-09-16,144.0,41.0,1.0,1.0,12.666666666666666,10.0,"Worli, Mumbai",28.5,25.7,26.8,84,26.2,21.3,210,1005.6,3.1
2021-09-17,72.5,41.0,1.0,6.0,15.333333333333332,11.0,"Worli, Mumbai",28.3,25.9,26.9,83,23.4,17.0,219,1006.0,2.7
2021-09-18,145.0,122.5,1.0,4.0,18.0,12.0,"Worli, Mumbai",27.1,25.5,26.3,88,20.2,15.4,209,1007.7,3.6
2021-09-19,143.0,204.0,1.0,2.0,7.0,13.0,"Worli, Mumbai",26.9,25.4,26.2,90,19.1,13.1,212,1009.5,6.4
2021-09-20,141.0,197.0,1.0,3.0,7.0,13.0,"Worli, Mumbai",27.3,25.4,26.6,89,14.4,10.3,244,1008.8,7.5
2021-09-21,119.0,113.0,1.0,3.0,26.0,13.0,"Worli, Mumbai",27.1,25.6,26.2,90,15.1,11.6,266,1007.8,15.7
2021-09-22,129.0,112.8095238095238,1.0,5.0,24.0,13.0,"Worli, Mumbai",26.7,25.1,25.9,92,18.0,11.9,279,1006.2,16.4
2021-09-23,139.0,112.61904761904762,1.0,2.0,20.0,12.0,"Worli, Mumbai",27.1,25.1,26.3,90,15.8,8.2,237,1006.2,5.5
2021-09-24,130.0,112.42857142857144,1.0,1.6666666666666667,19.666666666666668,18.0,"Worli, Mumbai",28.1,25.4,26.8,86,16.5,10.1,228,1007.2,2.5
2021-09-25,141.0,42.0,1.0,1.3333333333333337,19.33333333333333,17.0,"Worli, Mumbai",27.9,24.9,26.5,86,14.3,8.6,237,1007.5,1.6
2021-09-26,118.0,42.0,1.0,1.0,19.0,16.0,"Worli, Mumbai",28.0,25.4,26.6,85,14.8,6.5,283,1005.7,3.2
2021-09-27,95.0,42.0,1.0,1.0,7.0,16.0,"Worli, Mumbai",26.8,25.2,26.2,87,11.0,6.2,287,1004.3,5.7
2021-09-28,80.0,42.0,1.0,1.1111111111111112,7.0,13.0,"Worli, Mumbai",26.7,24.9,25.9,90,19.9,12.0,230,1003.7,13.3
2021-09-29,163.0,42.0,1.0,1.2222222222222223,18.0,10.0,"Worli, Mumbai",27.9,25.4,26.5,89,28.3,24.8,212,1004.6,31.4
2021-09-30,246.0,42.0,1.0,1.3333333333333333,5.0,11.0,"Worli, Mumbai",27.8,25.2,26.5,88,24.6,20.0,186,1007.9,5.0
2021-10-01,103.0,65.0,1.0,5.0,7.0,11.0,"Worli, Mumbai",28.7,25.4,27.0,88,16.3,9.0,201,1008.7,0.4
2021-10-02,76.0,65.0,1.0,5.0,9.0,11.0,"Worli, Mumbai",28.8,25.2,27.2,88,17.0,7.8,348,1008.3,1.7
2021-10-03,102.0,65.0,1.0,5.0,10.0,11.0,"Worli, Mumbai",30.1,25.5,27.7,88,18.9,9.3,337,1007.7,0.0
2021-10-04,104.0,65.0,1.0,5.0,8.0,11.0,"Worli, Mumbai",30.4,26.5,28.1,87,18.6,9.6,333,1007.1,0.4
2021-10-05,89.0,65.0,1.0,5.0,6.0,13.0,"Worli, Mumbai",30.6,26.4,28.2,87,19.6,10.5,346,1007.2,0.1
2021-10-06,111.0,65.0,1.0,2.0,8.0,11.0,"Worli, Mumbai",31.0,26.4,28.4,88,13.0,7.2,25,1006.5,5.5
2021-10-07,98.0,65.0,1.0,1.0,10.0,10.0,"Worli, Mumbai",31.6,26.3,28.5,86,13.1,7.3,11,1005.7,0.8
2021-10-08,60.0,65.0,1.0,1.0,9.0,10.0,"Worli, Mumbai",29.2,25.3,27.2,87,16.9,10.6,176,1007.0,8.4
2021-10-09,47.0,65.0,1.0,5.0,9.0,10.0,"Worli, Mumbai",28.7,26.1,27.3,86,14.8,8.2,187,1008.4,3.6
2021-10-10,58.0,65.0,1.0,6.0,9.0,11.0,"Worli, Mumbai",28.9,26.2,27.3,85,11.4,6.5,196,1008.4,5.4
2021-10-11,93.0,65.0,1.0,8.0,8.0,13.0,"Worli, Mumbai",28.9,25.3,26.9,88,15.7,6.3,341,1006.9,10.5
2021-10-12,114.0,65.0,1.0,4.0,6.0,15.0,"Worli, Mumbai",29.6,25.3,27.7,87,14.1,6.4,355,1006.2,0.0
2021-10-13,139.0,65.0,1.0,7.0,20.0,15.0,"Worli, Mumbai",30.7,25.8,28.1,87,15.2,5.9,338,1005.9,0.4
2021-10-14,195.0,65.0,1.0,5.0,10.0,15.0,"Worli, Mumbai",31.1,25.9,28.6,81,19.8,9.2,343,1005.4,0.0
2021-10-15,153.0,65.0,1.0,7.0,12.0,15.0,"Worli, Mumbai",32.5,25.1,28.4,72,21.4,10.0,0,1003.4,0.0
2021-10-16,137.0,65.0,1.0,6.0,12.0,15.0,"Worli, Mumbai",31.1,25.0,27.8,71,20.3,11.1,346,1002.7,0.0
2021-10-17,143.0,65.0,1.0,8.0,10.0,13.0,"Worli, Mumbai",30.3,24.7,27.6,73,19.0,10.3,318,1003.8,0.0
2021-10-18,84.0,65.0,1.0,7.0,10.0,12.0,"Worli, Mumbai",30.0,26.0,28.2,79,20.8,12.7,294,1007.0,1.0
2021-10-19,87.0,65.0,1.0,8.0,9.0,12.0,"Worli, Mumbai",29.2,25.1,27.2,79,14.4,8.1,306,1010.8,0.8
2021-10-20,118.0,65.0,1.0,9.0,12.0,14.0,"Worli, Mumbai",29.6,24.3,26.6,84,21.0,10.7,345,1012.7,0.0
2021-10-21,164.0,65.0,1.0,8.0,16.0,14.0,"Worli, Mumbai",30.8,23.6,27.0,80,20.6,10.8,349,1012.4,0.0
2021-10-22,196.0,65.0,1.0,4.0,6.0,13.0,"Worli, Mumbai",32.1,23.5,27.4,73,16.5,10.3,348,1012.3,0.0
2021-10-23,169.0,65.0,1.0,4.0,6.0,12.0,"Worli, Mumbai",30.8,23.7,26.7,77,20.4,11.6,344,1012.7,0.0
2021-10-24,73.0,65.0,1.0,3.0,6.0,12.0,"Worli, Mumbai",29.3,23.5,26.3,80,19.4,10.5,348,1013.3,0.0
2021-10-25,66.0,65.0,1.0,4.0,7.0,13.0,"Worli, Mumbai",30.0,23.6,26.3,80,22.9,12.8,350,1012.4,0.0
2021-10-26,142.0,65.0,1.0,6.0,8.0,15.0,"Worli, Mumbai",31.5,23.6,27.0,75,18.3,10.4,346,1010.8,0.0
2021-10-27,145.0,65.0,1.0,9.0,8.0,15.0,"Worli, Mumbai",32.7,23.5,27.5,67,24.3,12.4,358,1011.1,0.0
2021-10-28,157.0,65.0,1.0,16.0,6.0,13.0,"Worli, Mumbai",33.3,23.5,27.7,62,24.5,13.6,21,1011.5,0.0
2021-10-29,134.0,65.0,1.0,16.0,8.0,13.0,"Worli, Mumbai",32.9,24.2,27.6,50,24.4,15.3,20,1012.5,0.0
2021-10-30,140.0,65.0,1.0,11.0,10.0,15.0,"Worli, Mumbai",32.7,24.2,27.5,50,22.0,15.4,11,1012.8,0.0
2021-10-31,158.0,65.0,1.0,15.0,11.0,16.0,"Worli, Mumbai",32.1,24.2,27.4,58,21.4,11.9,0,1011.8,0.0
2021-11-01,173.0,88.0,1.0,12.0,12.0,15.0,"Worli, Mumbai",31.4,23.1,27.1,70,16.7,8.6,342,1010.5,0.0
2021-11-02,175.0,105.0,1.0,16.0,11.0,15.0,"Worli, Mumbai",32.5,23.6,27.6,70,16.1,9.5,357,1010.0,0.0
2021-11-03,167.0,110.0,1.0,13.0,11.0,16.0,"Worli, Mumbai",33.0,24.2,27.8,64,27.1,11.8,358,1010.1,0.0
2021-11-04,209.0,142.0,1.0,11.0,11.0,15.0,"Worli, Mumbai",31.7,25.1,27.8,64,17.4,9.1,354,1009.7,0.0
2021-11-05,219.0,69.0,1.0,9.0,9.0,14.0,"Worli, Mumbai",31.7,24.1,27.8,73,17.5,10.8,329,1009.6,12.1
2021-11-06,137.0,81.0,1.0,9.0,10.0,14.0,"Worli, Mumbai",30.4,24.3,26.6,80,17.4,8.8,22,1009.1,0.3
2021-11-07,158.0,97.0,1.0,12.0,11.0,15.0,"Worli, Mumbai",29.2,24.1,26.6,77,13.8,8.2,2,1008.6,0.0
2021-11-08,169.0,99.0,1.0,17.0,7.0,15.0,"Worli, Mumbai",31.1,23.6,27.0,70,17.7,10.3,344,1010.1,0.0
2021-11-09,162.0,104.0,1.0,19.0,15.0,17.0,"Worli, Mumbai",32.3,21.8,26.3,65,19.3,10.6,8,1011.0,0.0
2021-11-10,163.0,102.0,1.0,22.0,9.0,17.0,"Worli, Mumbai",32.3,21.9,26.2,59,22.8,13.4,12,1010.3,0.0
2021-11-11,212.0,105.0,1.0,23.0,10.0,17.0,"Worli, Mumbai",32.2,21.6,26.3,52,21.5,14.4,23,1008.8,0.0
2021-11-12,165.0,108.0,1.0,17.0,10.0,18.0,"Worli, Mumbai",31.4,22.3,26.4,51,25.1,14.3,2,1008.4,0.0
2021-11-13,171.0,109.0,1.0,12.0,12.0,19.0,"Worli, Mumbai",32.0,24.3,27.2,60,22.1,13.3,352,1008.2,0.0
2021-11-14,175.0,115.0,1.0,12.0,8.0,16.0,"Worli, Mumbai",31.7,24.0,27.5,69,19.8,11.3,346,1007.9,0.0
2021-11-15,185.0,113.0,1.0,11.0,22.0,12.0,"Worli, Mumbai",31.7,24.8,27.6,67,24.2,12.6,341,1006.6,0.0
2021-11-16,179.0,69.0,1.0,5.0,10.0,12.0,"Worli, Mumbai",33.0,24.8,28.0,70,21.3,11.8,352,1006.0,0.0
2021-11-17,123.0,47.0,1.0,6.0,9.0,9.0,"Worli, Mumbai",31.5,24.5,27.6,77,18.7,8.1,57,1007.6,3.0
2021-11-18,86.0,65.0,1.0,11.0,10.0,16.0,"Worli, Mumbai",29.6,23.9,26.4,84,14.7,6.9,353,1008.1,5.0
2021-11-19,130.0,79.0,1.0,9.0,10.0,16.0,"Worli, Mumbai",31.0,23.9,26.8,85,16.6,7.1,9,1005.8,0.8
2021-11-20,144.0,37.0,1.0,3.0,10.0,15.0,"Worli, Mumbai",32.0,24.8,27.8,80,14.3,8.0,32,1005.0,0.5
2021-11-21,62.0,44.0,1.0,6.0,10.0,15.0,"Worli, Mumbai",32.5,25.3,27.6,80,20.7,10.5,119,1007.8,5.0
2021-11-22,72.0,45.0,1.0,9.0,10.0,15.0,"Worli, Mumbai",28.6,25.2,27.0,85,12.3,7.2,315,1011.2,0.8
2021-11-23,87.0,65.5,1.0,8.0,10.5,9.0,"Worli, Mumbai",30.1,25.1,27.3,86,19.5,8.9,334,1010.6,0.0
2021-11-24,119.5,86.0,1.0,7.0,11.0,3.0,"Worli, Mumbai",31.5,25.8,28.0,81,20.3,10.0,345,1010.3,0.0
2021-11-25,152.0,94.0,1.0,6.0,12.0,4.0,"Worli, Mumbai",32.5,24.9,27.9,75,18.3,9.2,352,1010.8,0.0
2021-11-26,165.0,91.0,1.0,4.0,12.0,4.0,"Worli, Mumbai",32.2,23.7,27.4,73,16.5,8.7,350,1011.4,0.0
2021-11-27,162.0,95.0,1.0,4.0,12.0,4.0,"Worli, Mumbai",32.4,23.3,27.0,72,19.5,9.2,1,1011.2,0.0
2021-11-28,163.0,98.0,1.0,7.0,12.0,4.0,"Worli, Mumbai",32.2,22.8,26.4,67,16.2,9.0,27,1011.9,0.0
2021-11-29,157.0,102.0,1.0,6.0,12.0,3.0,"Worli, Mumbai",32.4,22.0,26.3,62,16.6,10.0,39,1012.0,0.0
2021-11-30,163.0,188.0,1.0,6.0,12.0,4.0,"Worli, Mumbai",32.2,24.2,27.3,64,16.1,8.2,25,1011.1,0.1
2021-12-01,154.0,55.0,1.0,7.0,12.0,4.0,"Worli, Mumbai",25.0,21.0,23.2,83,23.8,12.5,30,1011.2,41.4
2021-12-02,124.0,70.0,1.0,9.0,13.0,4.0,"Worli, Mumbai",25.2,20.0,22.7,89,29.1,14.2,89,1010.0,62.3
2021-12-03,146.0,70.0,1.0,5.0,13.0,4.0,"Worli, Mumbai",26.7,22.5,24.5,88,11.3,7.0,134,1011.4,1.6
2021-12-04,138.0,61.0,1.0,6.0,13.0,4.0,"Worli, Mumbai",27.4,22.2,24.5,88,12.9,6.7,101,1011.9,0.4
2021-12-05,122.0,92.0,1.0,6.0,13.0,4.0,"Worli, Mumbai",26.4,21.7,24.1,88,9.2,5.7,3,1012.5,0.0
2021-12-06,165.0,109.0,1.0,6.0,13.0,4.0,"Worli, Mumbai",28.7,21.8,24.8,82,17.0,9.3,0,1012.2,0.0
2021-12-07,182.0,119.0,1.0,7.0,13.0,4.0,"Worli, Mumbai",29.8,22.2,25.4,75,16.4,10.3,13,1012.3,0.0
2021-12-08,184.0,109.0,1.0,5.0,13.0,4.0,"Worli, Mumbai",30.9,22.2,25.8,70,18.2,10.8,21,1012.4,0.0
2021-12-09,181.0,106.0,1.0,5.0,13.0,4.0,"Worli, Mumbai",29.8,22.9,25.9,70,17.0,11.0,7,1013.8,0.0
2021-12-10,177.0,104.0,1.0,4.0,14.0,4.0,"Worli, Mumbai",31.0,22.7,25.9,70,17.2,11.0,21,1014.4,0.0
2021-12-11,174.0,104.0,1.0,4.0,14.0,4.0,"Worli, Mumbai",30.7,22.2,25.5,74,17.7,9.6,14,1013.9,0.0
2021-12-12,175.0,101.0,1.0,6.0,14.0,4.0,"Worli, Mumbai",31.6,21.5,25.5,73,16.4,9.8,30,1013.8,0.0
2021-12-13,165.0,96.0,1.0,5.0,16.0,4.0,"Worli, Mumbai",29.0,21.4,24.7,72,16.2,8.4,353,1013.4,0.0
2021-12-14,166.0,104.0,1.0,6.0,10.0,7.0,"Worli, Mumbai",28.4,19.9,23.6,75,19.5,11.1,351,1013.2,0.0
2021-12-15,174.0,154.0,1.0,8.0,17.0,8.0,"Worli, Mumbai",27.1,19.7,23.3,79,16.1,9.3,343,1013.4,0.0
2021-12-16,219.0,125.0,1.0,5.0,9.0,4.0,"Worli, Mumbai",27.9,20.3,23.6,81,18.4,9.6,345,1014.2,0.0
2021-12-17,192.0,122.0,1.0,3.0,11.0,4.0,"Worli, Mumbai",27.9,20.9,23.9,77,18.7,11.1,347,1014.7,0.0
2021-12-18,191.0,114.0,1.0,2.0,12.0,4.0,"Worli, Mumbai",28.9,19.8,24.0,73,17.9,10.0,353,1014.4,0.0
2021-12-19,180.0,118.0,1.0,3.0,11.0,4.0,"Worli, Mumbai",29.9,20.0,24.0,71,19.3,10.6,18,1014.9,0.0
2021-12-20,183.0,122.0,1.0,3.0,11.0,4.0,"Worli, Mumbai",29.6,19.6,23.6,73,17.4,9.3,4,1014.8,0.0
2021-12-21,188.0,125.0,1.0,4.0,12.0,4.0,"Worli, Mumbai",28.0,18.7,23.1,75,14.8,7.5,348,1014.7,0.0
2021-12-22,196.0,114.0,1.0,4.0,12.0,4.0,"Worli, Mumbai",27.6,18.8,23.2,76,14.8,8.6,333,1013.3,0.0
2021-12-23,184.0,78.0,1.0,4.0,11.0,5.0,"Worli, Mumbai",27.3,19.4,22.9,77,14.5,8.4,343,1012.8,0.0
2021-12-24,155.0,92.66666666666669,1.0,8.0,11.333333333333334,5.0,"Worli, Mumbai",25.8,18.9,22.2,84,16.1,8.7,340,1013.3,0.0
2021-12-26,167.66666666666666,122.0,1.0,16.0,12.0,5.0,"Worli, Mumbai",27.8,18.2,22.6,79,19.4,10.9,348,1014.5,0.0
2021-12-27,174.0,125.0,1.0,11.0,12.0,5.0,"Worli, Mumbai",28.7,19.0,23.2,75,15.8,9.1,351,1014.1,0.0
2021-12-28,169.0,110.0,1.0,10.0,12.0,5.0,"Worli, Mumbai",27.6,19.1,23.0,76,22.7,11.1,341,1013.5,0.0
2021-12-29,157.0,106.5,1.0,8.5,11.5,5.0,"Worli, Mumbai",27.4,19.9,23.0,69,22.0,14.9,353,1013.8,0.0
2021-12-30,160.0,103.0,1.0,7.0,11.0,5.0,"Worli, Mumbai",29.8,19.1,23.5,69,23.0,11.6,8,1014.5,0.0
2021-12-31,163.0,105.66666666666669,1.0,5.0,12.25,5.0,"Worli, Mumbai",31.1,21.4,25.0,68,18.4,12.1,29,1015.3,0.0
2022-01-01,161.0,108.33333333333331,1.0,3.0,13.5,5.0,"Worli, Mumbai",31.0,20.7,24.9,68,17.0,10.9,20,1015.8,0.0
2022-01-02,168.0,111.0,1.0,5.0,14.75,5.0,"Worli, Mumbai",30.0,21.1,24.9,68,15.8,9.3,4,1014.5,0.0
2022-01-03,173.0,114.0,1.0,6.0,16.0,5.0,"Worli, Mumbai",30.3,21.7,25.0,71,16.6,8.8,357,1013.9,0.0
2022-01-04,174.0,110.0,1.0,10.0,13.0,5.0,"Worli, Mumbai",30.9,21.1,24.9,74,16.9,8.3,355,1013.9,0.0
2022-01-05,187.0,77.0,1.0,3.0,12.0,5.0,"Worli, Mumbai",27.8,21.0,24.3,80,18.9,8.2,326,1013.5,0.0
2022-01-06,160.0,97.0,1.0,6.0,12.0,5.0,"Worli, Mumbai",27.5,20.9,23.7,81,18.4,9.7,341,1013.0,0.0
2022-01-07,174.0,73.0,1.0,5.0,12.0,5.0,"Worli, Mumbai",26.7,19.7,23.3,80,17.3,7.4,295,1012.5,0.0
2022-01-08,142.0,53.0,1.0,5.0,12.0,5.0,"Worli, Mumbai",24.2,21.4,22.5,86,12.3,7.3,6,1013.8,3.7
2022-01-09,99.0,56.0,1.0,9.0,11.0,5.0,"Worli, Mumbai",25.4,19.6,22.0,60,24.1,15.5,346,1013.8,0.0
2022-01-10,103.0,93.0,1.0,12.0,12.0,5.0,"Worli, Mumbai",24.1,17.1,20.1,58,24.9,14.2,349,1014.0,0.0
2022-01-11,157.0,153.0,1.0,11.0,12.0,5.0,"Worli, Mumbai",24.1,15.9,20.0,73,16.1,8.8,344,1013.5,0.0
2022-01-12,178.0,98.0,1.0,10.0,12.0,5.0,"Worli, Mumbai",24.6,17.5,21.0,70,21.4,12.6,345,1013.1,0.0
2022-01-13,169.0,109.0,1.0,11.0,12.0,5.0,"Worli, Mumbai",25.3,16.9,20.9,74,17.5,7.8,337,1012.3,0.0
2022-01-14,178.0,97.0,1.0,9.0,12.0,5.0,"Worli, Mumbai",25.4,18.1,21.8,77,17.7,8.9,340,1012.3,0.0
2022-01-15,171.0,89.0,1.0,6.0,12.0,5.0,"Worli, Mumbai",28.6,18.6,22.7,70,23.8,11.7,2,1012.8,0.0
2022-01-16,161.0,87.0,1.0,7.0,11.0,5.0,"Worli, Mumbai",31.2,19.5,24.2,62,21.7,11.9,30,1013.1,0.0
2022-01-17,161.0,96.0,1.0,8.0,13.0,10.0,"Worli, Mumbai",30.4,20.4,24.6,67,17.4,10.7,359,1015.0,0.0
2022-01-18,168.0,117.0,1.0,14.0,16.0,20.0,"Worli, Mumbai",28.6,20.6,24.1,69,20.1,11.5,346,1014.8,0.0
2022-01-19,172.0,57.0,1.0,12.0,13.0,18.0,"Worli, Mumbai",28.4,19.5,23.5,71,18.2,10.3,340,1013.4,0.0
2022-01-20,130.0,55.0,1.0,12.0,12.0,17.0,"Worli, Mumbai",27.1,19.4,22.8,70,17.2,10.3,329,1011.9,0.0
2022-01-21,109.0,67.0,1.0,9.0,12.0,16.0,"Worli, Mumbai",26.7,19.6,22.7,84,16.3,8.3,337,1011.7,0.0
2022-01-22,95.0,137.0,1.0,6.0,12.0,16.0,"Worli, Mumbai",26.4,20.5,23.6,81,22.7,13.0,273,1010.3,1.9
2022-01-23,182.0,207.0,1.0,11.0,2.0,13.0,"Worli, Mumbai",23.6,18.9,21.9,60,23.2,18.8,316,1011.5,0.4
2022-01-24,160.0,154.0,1.0,9.0,1.0,13.0,"Worli, Mumbai",23.9,15.8,19.6,57,27.5,14.5,1,1012.5,0.0
2022-01-25,172.0,138.0,1.0,13.0,5.5,9.5,"Worli, Mumbai",25.0,15.2,20.0,58,20.5,12.8,352,1012.1,0.0
2022-01-26,158.5,122.0,1.0,17.0,10.0,6.0,"Worli, Mumbai",26.8,16.6,21.1,59,22.2,13.1,352,1011.9,0.0
2022-01-27,145.0,108.0,1.0,13.0,10.0,6.0,"Worli, Mumbai",29.0,17.4,22.2,60,24.6,10.7,357,1012.1,0.0
2022-01-28,153.0,121.0,1.0,12.0,11.0,6.0,"Worli, Mumbai",30.3,18.9,23.6,51,20.7,13.5,17,1013.0,0.0
2022-01-29,153.0,102.0,1.0,11.0,11.5,6.5,"Worli, Mumbai",30.7,17.4,23.1,56,20.8,11.2,5,1014.0,0.0
2022-01-30,154.5,83.0,1.0,10.0,12.0,7.0,"Worli, Mumbai",29.1,17.2,22.6,60,18.6,9.7,342,1012.8,0.0
2022-01-31,156.0,84.0,1.0,10.0,10.0,7.0,"Worli, Mumbai",28.4,18.0,22.5,60,19.6,11.0,340,1012.0,0.0
2022-02-01,143.0,93.0,1.0,9.0,12.0,6.0,"Worli, Mumbai",29.0,16.7,21.8,69,22.2,12.3,341,1011.2,0.0
2022-02-02,165.0,83.0,1.0,9.0,12.0,6.0,"Worli, Mumbai",27.3,17.6,21.9,79,21.0,10.5,325,1011.3,0.0
2022-02-03,145.0,186.0,1.0,10.0,10.0,5.0,"Worli, Mumbai",25.5,18.2,22.0,85,14.0,7.8,262,1011.3,0.0
2022-02-04,165.0,183.0,1.0,11.0,11.0,5.0,"Worli, Mumbai",25.3,19.0,22.3,76,14.3,8.0,291,1011.0,0.0
2022-02-05,172.0,153.0,1.0,13.0,11.0,5.0,"Worli, Mumbai",27.2,16.5,21.5,72,21.6,10.8,341,1011.4,0.0
2022-02-06,169.0,103.0,1.0,9.0,10.0,5.0,"Worli, Mumbai",26.7,18.2,22.0,71,22.1,11.2,323,1013.1,0.0
2022-02-07,138.0,71.0,1.0,10.0,10.0,5.0,"Worli, Mumbai",25.7,18.9,21.9,81,23.5,11.9,330,1014.4,0.0
2022-02-08,91.0,81.0,1.0,11.0,10.0,5.0,"Worli, Mumbai",25.3,18.8,21.8,80,19.0,10.5,324,1013.6,0.0
2022-02-09,114.0,109.0,1.0,11.0,11.0,5.0,"Worli, Mumbai",26.2,18.5,21.9,79,20.9,12.0,343,1013.2,0.0
2022-02-10,151.0,108.0,1.0,10.0,12.0,5.0,"Worli, Mumbai",29.5,18.9,23.5,58,26.7,13.8,342,1012.4,0.0
2022-02-11,140.0,95.0,1.0,12.0,12.0,5.0,"Worli, Mumbai",32.0,20.6,25.2,50,26.8,15.0,2,1011.8,0.0
2022-02-12,142.0,107.0,1.0,11.0,14.0,5.0,"Worli, Mumbai",29.9,20.0,24.3,54,22.8,12.2,340,1011.6,0.0
2022-02-13,148.0,83.0,1.0,10.0,12.0,5.0,"Worli, Mumbai",29.6,18.9,23.6,62,22.3,11.4,334,1010.1,0.0
2022-02-14,130.0,61.0,1.0,9.0,11.0,5.0,"Worli, Mumbai",28.7,19.2,23.8,55,22.2,12.9,343,1010.6,0.0
2022-02-15,87.0,54.0,1.0,9.0,11.0,5.0,"Worli, Mumbai",26.9,19.7,23.0,65,19.9,12.0,333,1010.8,0.0
2022-02-16,65.0,68.0,1.0,7.0,13.0,5.0,"Worli, Mumbai",26.1,19.2,22.3,80,19.2,10.2,331,1009.3,0.0
2022-02-17,92.0,79.0,1.0,9.0,14.0,5.0,"Worli, Mumbai",26.3,18.1,21.9,81,15.2,7.6,322,1008.1,0.0
2022-02-18,119.0,92.0,1.0,11.0,15.0,5.0,"Worli, Mumbai",27.1,19.0,23.2,78,17.0,7.9,284,1009.0,0.0
2022-02-19,140.0,82.0,1.0,9.0,14.0,5.0,"Worli, Mumbai",28.7,19.1,23.6,75,20.3,10.7,324,1011.0,0.0
2022-02-20,126.0,124.0,1.0,11.0,12.0,5.0,"Worli, Mumbai",30.4,20.0,24.4,64,22.9,12.2,335,1010.8,0.0
2022-02-21,173.0,85.0,1.0,16.0,17.0,5.0,"Worli, Mumbai",30.3,18.7,23.9,57,25.6,13.1,334,1010.0,0.0
2022-02-22,114.0,89.0,1.0,9.0,11.0,5.0,"Worli, Mumbai",29.2,18.6,23.5,68,23.4,11.0,330,1010.9,0.0
2022-02-23,122.0,102.0,1.0,9.0,12.0,5.0,"Worli, Mumbai",29.2,18.8,24.1,67,21.0,11.7,334,1012.2,0.0
2022-02-24,148.0,142.0,1.0,10.0,13.0,5.0,"Worli, Mumbai",29.3,21.0,25.2,62,23.1,11.9,323,1013.6,0.0
2022-02-25,165.0,116.0,1.0,11.0,12.0,5.0,"Worli, Mumbai",29.9,21.0,25.2,58,26.0,12.7,322,1012.9,0.0
2022-02-26,297.0,91.0,1.0,14.0,11.0,5.0,"Worli, Mumbai",29.8,20.4,24.6,64,24.8,13.2,331,1012.8,0.0
2022-02-27,227.0,124.0,1.0,12.0,13.0,5.0,"Worli, Mumbai",30.0,20.2,25.0,56,25.8,13.2,328,1013.0,0.0
2022-02-28,157.0,112.0,1.0,13.0,12.0,5.0,"Worli, Mumbai",31.1,19.8,25.2,53,25.3,12.2,330,1012.5,0.0
2022-03-01,167.0,119.0,1.0,14.0,12.0,6.0,"Worli, Mumbai",31.2,20.4,25.6,54,22.7,12.1,335,1012.5,0.0
2022-03-02,169.0,122.0,1.0,14.0,13.0,6.0,"Worli, Mumbai",33.2,22.0,26.8,52,25.9,12.4,334,1011.5,0.0
2022-03-03,164.0,114.0,1.0,12.0,14.0,6.0,"Worli, Mumbai",34.3,22.0,27.5,46,27.6,15.9,341,1011.3,0.0
2022-03-04,135.0,109.0,1.0,10.0,14.0,6.0,"Worli, Mumbai",33.6,23.8,27.4,41,28.1,17.2,342,1011.8,0.0
2022-03-05,156.0,113.0,1.0,9.0,16.0,6.0,"Worli, Mumbai",33.0,21.3,26.2,53,25.8,12.1,331,1010.8,0.0
2022-03-06,159.0,98.0,1.0,9.0,15.0,6.0,"Worli, Mumbai",32.7,22.5,27.0,53,23.1,11.4,322,1009.8,0.0
2022-03-07,150.0,110.0,1.0,9.0,14.0,6.0,"Worli, Mumbai",31.1,24.4,27.4,56,19.5,11.1,320,1010.1,0.0
2022-03-08,153.0,119.0,1.0,11.0,15.0,6.0,"Worli, Mumbai",35.8,25.0,28.7,54,25.2,14.2,352,1010.0,0.0
2022-03-09,170.0,113.0,1.0,11.0,14.0,6.0,"Worli, Mumbai",32.9,24.5,28.2,57,18.4,10.8,337,1010.1,0.0
2022-03-10,168.0,114.0,1.0,9.0,15.0,6.0,"Worli, Mumbai",33.2,23.3,27.7,58,22.2,11.2,342,1009.8,0.0
2022-03-11,169.0,79.0,1.0,9.0,15.0,5.0,"Worli, Mumbai",32.1,23.5,28.3,52,19.3,10.5,327,1009.6,0.0
2022-03-12,146.0,116.0,1.0,10.0,19.0,5.0,"Worli, Mumbai",35.5,22.9,28.1,57,22.6,10.3,317,1009.2,0.0
2022-03-13,146.0,110.0,1.0,9.0,20.0,5.0,"Worli, Mumbai",35.5,22.6,28.7,52,27.0,13.8,338,1009.4,0.0
2022-03-14,151.0,125.0,1.0,11.0,18.0,5.0,"Worli, Mumbai",34.9,22.1,28.7,41,25.8,12.9,338,1009.8,0.0
2022-03-15,154.0,103.0,1.0,10.0,16.0,5.0,"Worli, Mumbai",34.4,22.8,29.0,47,25.1,14.0,333,1008.5,0.0
2022-03-16,137.0,96.0,1.0,10.0,16.0,6.0,"Worli, Mumbai",33.9,23.4,29.3,49,28.4,14.8,335,1007.2,0.0
2022-03-17,145.0,89.0,1.0,7.0,16.0,5.0,"Worli, Mumbai",32.9,23.7,29.2,50,25.6,13.1,313,1006.3,0.0
2022-03-18,144.0,72.0,1.0,6.0,16.0,5.0,"Worli, Mumbai",33.8,23.3,28.9,58,29.9,15.1,322,1006.0,0.0
2022-03-19,106.0,82.0,1.0,5.0,15.0,5.0,"Worli, Mumbai",30.9,24.0,27.5,74,20.2,10.3,255,1006.4,0.0
2022-03-20,98.0,109.0,1.0,6.0,15.0,5.0,"Worli, Mumbai",30.0,24.1,27.1,78,31.1,11.1,268,1007.1,0.0
2022-03-21,129.0,102.0,1.0,6.0,16.0,5.0,"Worli, Mumbai",30.0,22.7,26.7,76,27.5,12.0,319,1007.9,0.0
2022-03-22,134.0,110.0,1.0,7.0,16.0,6.0,"Worli, Mumbai",33.9,24.0,29.2,49,30.6,15.5,337,1007.2,0.0
2022-03-23,131.0,113.0,1.0,6.0,17.0,5.0,"Worli, Mumbai",37.3,26.3,30.5,35,31.4,16.6,342,1006.3,0.0
2022-03-24,145.0,72.0,1.0,4.0,16.0,6.0,"Worli, Mumbai",32.5,24.8,28.1,52,17.0,9.6,285,1006.8,0.0
2022-03-25,126.0,68.0,1.0,3.0,16.0,5.0,"Worli, Mumbai",30.8,24.2,27.2,76,23.7,9.4,286,1008.4,0.0
2022-03-26,87.0,72.0,1.0,3.0,16.0,5.0,"Worli, Mumbai",31.3,23.9,27.4,79,24.8,8.8,289,1010.5,0.0
2022-03-27,94.0,80.0,1.0,3.0,18.0,5.0,"Worli, Mumbai",31.3,24.3,27.5,78,23.8,9.1,291,1010.7,0.0
2022-03-28,107.0,81.0,1.0,3.0,19.0,5.0,"Worli, Mumbai",31.4,24.3,27.5,82,22.8,10.8,295,1009.9,0.0
2022-03-29,109.0,82.0,1.0,1.0,19.0,5.0,"Worli, Mumbai",32.5,23.5,28.1,70,23.2,12.7,313,1008.5,0.0
2022-03-30,104.0,85.0,1.0,2.0,20.0,5.0,"Worli, Mumbai",32.9,23.8,28.0,70,22.7,11.0,317,1008.3,0.0
2022-03-31,102.0,170.0,1.0,2.0,19.0,5.0,"Worli, Mumbai",31.2,22.6,26.7,75,19.0,9.1,309,1009.1,0.0
2022-04-01,165.0,143.0,1.0,1.0,18.0,5.0,"Worli, Mumbai",31.9,22.4,26.6,78,22.1,10.2,307,1009.1,0.0
2022-04-02,153.0,124.0,1.0,2.0,18.0,5.0,"Worli, Mumbai",30.2,23.3,26.9,79,21.4,8.3,267,1010.0,0.0
2022-04-03,141.0,96.0,1.0,2.0,18.0,5.0,"Worli, Mumbai",30.8,23.4,27.2,80,25.0,10.3,291,1009.3,0.1
2022-04-04,117.0,246.0,1.0,2.0,17.0,6.0,"Worli, Mumbai",31.0,24.6,27.8,82,26.1,10.5,272,1009.6,0.0
2022-04-05,96.0,101.0,1.0,5.0,15.0,5.0,"Worli, Mumbai",31.3,25.0,28.2,82,25.8,11.0,273,1011.3,0.0
2022-04-06,95.0,61.0,1.0,2.0,17.0,5.0,"Worli, Mumbai",31.2,25.1,28.1,81,22.1,11.2,262,1011.6,0.0
2022-04-07,95.0,59.0,1.0,2.0,18.0,5.0,"Worli, Mumbai",31.6,25.2,28.2,81,21.0,9.4,263,1010.3,0.0
2022-04-08,99.0,54.0,1.0,1.5,17.0,6.0,"Worli, Mumbai",31.9,24.2,28.2,81,23.9,11.3,239,1008.7,0.0
2022-04-09,87.0,39.0,1.0,1.0,17.0,6.0,"Worli, Mumbai",31.0,26.2,28.4,82,19.6,11.4,219,1008.5,0.0
2022-04-10,83.0,48.0,1.0,1.0,19.0,6.0,"Worli, Mumbai",31.6,26.1,28.7,75,21.7,11.0,251,1008.5,0.0
2022-04-11,85.0,66.0,1.0,2.0,18.0,6.0,"Worli, Mumbai",31.3,26.0,28.5,75,26.4,9.9,282,1007.6,0.0
2022-04-12,95.0,67.0,1.0,2.0,20.0,6.0,"Worli, Mumbai",32.7,24.8,28.5,75,25.6,12.3,319,1006.2,0.0
2022-04-13,95.0,56.0,1.0,1.0,18.0,6.0,"Worli, Mumbai",34.2,24.4,29.3,69,26.5,13.2,323,1005.4,0.0
2022-04-14,88.0,58.0,1.0,1.0,18.5,5.0,"Worli, Mumbai",31.3,25.3,28.5,78,20.1,10.8,274,1006.5,0.0
2022-04-15,86.0,100.0,1.0,3.0,19.0,4.0,"Worli, Mumbai",31.2,25.4,28.3,76,20.8,9.6,260,1007.3,0.0
2022-04-16,90.0,61.0,1.0,1.0,18.0,4.0,"Worli, Mumbai",30.8,23.8,27.5,78,21.0,10.4,267,1006.5,0.0
2022-04-17,86.0,58.0,1.0,1.0,17.0,5.0,"Worli, Mumbai",31.1,24.6,27.9,76,21.9,10.9,259,1007.4,0.1
2022-04-18,76.0,60.0,1.0,2.0,18.0,6.0,"Worli, Mumbai",30.8,25.3,28.2,75,25.3,9.9,279,1009.5,0.0
2022-04-19,80.0,64.0,1.0,3.0,22.0,5.0,"Worli, Mumbai",31.5,24.8,28.2,78,25.1,12.0,306,1010.8,0.0
2022-04-20,86.0,139.0,1.0,4.0,24.0,10.0,"Worli, Mumbai",32.5,25.9,29.3,76,25.3,13.8,323,1008.5,0.0
2022-04-21,151.0,86.0,1.0,5.0,19.0,15.0,"Worli, Mumbai",37.9,27.6,31.8,50,32.9,17.7,335,1006.1,0.0
2022-04-22,138.0,83.0,1.0,7.0,8.0,15.666666666666666,"Worli, Mumbai",35.4,27.1,30.9,61,25.6,12.0,321,1006.8,0.0
2022-04-23,135.0,64.0,1.0,5.0,7.0,16.333333333333332,"Worli, Mumbai",35.5,26.9,30.6,72,19.8,9.9,276,1007.7,0.0
2022-04-24,98.0,71.0,1.0,5.0,7.0,17.0,"Worli, Mumbai",32.6,27.3,29.8,79,19.8,12.2,246,1008.2,0.0
2022-04-25,111.0,56.0,1.0,5.0,7.0,17.0,"Worli, Mumbai",35.5,25.3,30.5,63,25.2,12.4,324,1006.5,0.0
2022-04-26,79.0,55.0,1.0,3.0,7.0,18.0,"Worli, Mumbai",33.2,26.8,30.1,68,21.9,12.8,282,1007.4,0.0
2022-04-27,75.0,62.0,1.0,6.0,6.0,18.0,"Worli, Mumbai",34.5,26.5,30.7,63,29.7,14.1,326,1006.0,0.0
2022-04-28,96.0,52.0,1.0,4.0,9.0,18.0,"Worli, Mumbai",35.0,26.6,30.7,65,21.1,10.8,271,1006.6,0.0
2022-04-29,74.0,45.0,1.0,4.0,12.0,19.0,"Worli, Mumbai",32.4,28.1,30.0,78,19.6,15.3,244,1008.6,0.0
2022-04-30,76.0,33.0,1.0,2.0,12.0,20.0,"Worli, Mumbai",32.1,26.2,29.2,78,20.9,11.4,234,1007.2,0.0
2022-05-01,68.0,42.0,1.0,2.0,13.0,20.0,"Worli, Mumbai",32.0,26.4,29.4,79,17.8,10.6,244,1006.2,0.0
2022-05-02,104.0,57.0,1.0,3.0,11.0,20.0,"Worli, Mumbai",31.8,28.3,29.8,76,20.5,11.9,245,1006.4,0.0
2022-05-03,78.0,67.0,1.0,3.0,10.0,21.0,"Worli, Mumbai",32.2,27.9,29.9,75,20.6,10.7,268,1007.1,0.0
2022-05-04,91.5,66.0,1.0,4.0,10.0,21.0,"Worli, Mumbai",31.9,27.3,29.3,77,22.9,11.3,295,1008.1,0.0
2022-05-05,105.0,85.0,1.0,3.0,10.0,21.0,"Worli, Mumbai",32.5,26.2,28.9,80,25.6,13.3,316,1008.0,0.0
2022-05-06,118.5,118.0,1.0,3.0,13.0,21.0,"Worli, Mumbai",32.3,26.6,29.1,78,25.0,13.6,317,1007.4,0.2
2022-05-07,132.0,84.0,1.0,2.6,15.0,22.0,"Worli, Mumbai",32.5,26.6,29.2,80,24.7,12.5,305,1006.8,0.0
2022-05-08,104.0,72.0,1.0,2.2,16.0,22.0,"Worli, Mumbai",32.6,26.7,29.6,80,30.0,12.8,307,1005.0,0.0
2022-05-09,83.0,69.0,1.0,1.8,17.0,22.0,"Worli, Mumbai",32.1,27.4,29.6,80,26.0,13.9,297,1004.1,0.0
2022-05-10,78.0,72.0,1.0,2.0,16.0,22.0,"Worli, Mumbai",32.2,28.4,29.9,75,26.2,14.6,296,1003.9,0.0
2022-05-11,84.0,72.0,1.0,1.0,19.0,20.0,"Worli, Mumbai",31.9,27.7,29.7,76,20.8,12.6,268,1003.7,0.0
2022-05-12,77.0,81.0,1.0,1.5714285714285714,23.0,14.0,"Worli, Mumbai",31.9,28.6,29.8,72,19.4,16.2,250,1004.7,0.0
2022-05-13,88.0,95.0,1.0,2.142857142857143,23.0,15.0,"Worli, Mumbai",31.6,28.6,29.8,72,19.7,15.2,242,1004.5,0.0
2022-05-14,123.0,72.0,1.0,2.7142857142857144,23.0,16.0,"Worli, Mumbai",31.8,28.5,29.8,72,18.2,13.6,247,1004.9,0.0
2022-05-15,78.0,96.0,1.0,2.0,24.5,17.0,"Worli, Mumbai",32.4,28.5,29.9,73,19.5,14.3,268,1006.0,0.0
2022-05-16,88.0,149.0,1.0,2.0,26.0,17.0,"Worli, Mumbai",32.1,27.9,29.7,74,24.8,13.6,291,1005.3,0.0
2022-05-17,155.0,151.0,1.0,2.0,26.0,11.0,"Worli, Mumbai",32.0,28.4,29.7,73,19.5,12.3,276,1004.5,0.0
2022-05-18,153.0,153.0,1.0,5.0,26.0,5.0,"Worli, Mumbai",31.7,27.7,29.4,73,22.8,11.8,281,1004.8,0.0
2022-05-19,151.0,108.0,1.0,5.0,9.0,9.0,"Worli, Mumbai",31.6,27.9,29.5,73,23.3,13.4,284,1005.2,0.0
2022-05-20,133.0,87.0,1.0,4.0,7.0,9.0,"Worli, Mumbai",31.6,28.1,29.6,69,20.3,15.5,248,1006.3,0.1
2022-05-21,101.0,59.0,1.0,5.0,8.0,4.0,"Worli, Mumbai",32.0,28.7,30.1,65,22.7,17.9,237,1006.1,0.1
2022-05-22,68.0,45.0,1.0,5.0,9.0,4.0,"Worli, Mumbai",32.2,29.0,30.2,67,23.5,22.0,246,1004.3,0.4
2022-05-23,57.0,62.0,1.0,6.0,8.0,6.0,"Worli, Mumbai",32.4,28.8,30.2,70,23.5,21.1,244,1003.5,0.9
2022-05-24,61.0,62.0,1.0,6.0,9.0,8.0,"Worli, Mumbai",32.0,28.5,30.2,70,23.4,18.4,256,1006.1,0.2
2022-05-25,67.0,61.0,1.0,7.0,9.0,8.0,"Worli, Mumbai",31.9,27.9,29.6,72,19.6,13.3,280,1008.3,1.2
2022-05-26,62.0,56.0,1.0,3.0,10.0,8.0,"Worli, Mumbai",32.0,28.2,30.0,66,19.5,13.9,266,1008.1,0.0
2022-05-27,56.0,50.0,1.0,3.6666666666666665,9.0,8.0,"Worli, Mumbai",32.7,28.7,30.4,62,20.6,16.2,255,1007.8,0.0
2022-05-28,49.0,56.0,1.0,4.333333333333333,10.0,8.0,"Worli, Mumbai",32.6,28.9,30.4,61,20.8,17.0,255,1006.8,0.0
2022-05-29,55.5,62.0,1.0,5.0,11.0,8.0,"Worli, Mumbai",32.5,29.1,30.4,62,21.6,17.1,259,1006.9,0.0
2022-05-30,62.0,67.0,1.0,3.0,15.0,8.0,"Worli, Mumbai",32.3,28.7,30.1,64,20.6,15.3,267,1006.6,0.0
2022-05-31,63.0,70.0,1.0,2.92,14.0,8.0,"Worli, Mumbai",32.4,28.4,29.9,67,22.4,15.1,280,1005.9,0.0
2022-06-01,68.0,69.0,1.0,2.84,13.0,9.0,"Worli, Mumbai",31.9,28.4,29.8,68,23.0,14.5,283,1006.1,0.0
2022-06-02,71.0,71.0,1.0,2.76,13.0,9.0,"Worli, Mumbai",31.7,28.2,29.7,70,22.7,14.2,278,1006.3,0.0
2022-06-03,76.0,56.0,1.0,2.0,12.0,9.0,"Worli, Mumbai",31.4,27.9,29.3,72,21.6,14.7,282,1006.0,0.0
2022-06-04,61.0,49.0,1.0,2.0,11.0,9.0,"Worli, Mumbai",32.0,27.9,29.6,72,20.5,13.9,288,1005.6,0.0
2022-06-05,56.0,38.0,1.0,2.0,12.0,9.0,"Worli, Mumbai",31.7,27.8,29.5,73,21.6,11.5,279,1005.4,0.0
2022-06-06,57.0,35.0,1.0,2.0,13.0,8.0,"Worli, Mumbai",31.5,28.1,29.6,71,20.1,11.6,255,1005.9,0.2
2022-06-07,52.0,23.0,1.0,2.0,12.0,9.0,"Worli, Mumbai",32.0,28.5,29.7,73,20.0,11.2,240,1006.1,0.4
2022-06-08,38.0,27.0,1.0,2.0,12.0,8.0,"Worli, Mumbai",31.1,27.5,29.3,79,18.8,14.1,240,1005.9,2.3
2022-06-09,42.0,27.0,1.0,2.0,11.0,8.0,"Worli, Mumbai",30.4,27.1,28.6,80,18.1,11.8,237,1004.8,15.1
2022-06-10,40.0,31.0,1.0,2.0,10.0,9.0,"Worli, Mumbai",30.3,26.9,28.0,82,20.9,14.0,200,1004.7,10.9
2022-06-11,36.0,35.0,1.0,2.0,10.0,9.0,"Worli, Mumbai",29.5,25.9,27.3,83,25.8,18.2,201,1005.3,22.6
2022-06-12,30.0,39.0,1.0,2.0,11.0,9.0,"Worli, Mumbai",28.3,25.8,26.8,85,27.7,19.3,189,1005.3,12.0
2022-06-13,34.0,37.0,1.0,2.0,12.0,9.0,"Worli, Mumbai",29.5,25.4,27.6,82,28.3,22.1,190,1006.4,7.4
2022-06-14,51.0,41.0,1.0,2.0,11.0,9.0,"Worli, Mumbai",30.2,25.5,28.2,80,24.8,20.3,200,1006.6,2.7
2022-06-15,50.0,36.0,1.0,2.0,12.0,9.0,"Worli, Mumbai",29.8,26.4,28.4,79,23.1,17.2,223,1006.0,3.5
2022-06-16,65.0,41.0,1.0,2.0,12.0,9.0,"Worli, Mumbai",29.9,26.2,28.0,81,23.7,15.9,208,1005.7,4.5
2022-06-17,57.0,31.0,1.0,2.0,12.0,9.0,"Worli, Mumbai",29.6,26.2,28.0,82,21.6,16.7,208,1005.1,3.1
2022-06-18,51.0,20.0,1.0,2.0,11.0,9.0,"Worli, Mumbai",29.8,26.5,28.4,80,24.3,18.1,205,1005.2,6.1
2022-06-19,32.0,11.0,1.0,2.0,11.0,9.0,"Worli, Mumbai",28.5,25.8,27.1,85,24.5,19.6,211,1005.7,28.0
2022-06-20,30.0,19.0,1.0,2.0,12.0,9.0,"Worli, Mumbai",26.7,25.7,26.2,90,21.8,16.7,226,1004.8,50.7
2022-06-21,38.0,30.0,1.0,2.0,11.0,9.0,"Worli, Mumbai",27.8,24.9,26.3,88,23.7,17.6,202,1002.7,29.4
2022-06-22,46.0,27.0,1.0,2.0,11.0,9.0,"Worli, Mumbai",29.0,25.0,26.6,87,22.2,15.6,184,1003.8,22.4
2022-06-23,39.0,26.0,1.0,2.0,11.0,9.0,"Worli, Mumbai",28.2,24.8,26.5,87,14.0,10.3,166,1004.9,27.8
2022-06-24,47.0,20.0,1.0,1.0,11.0,9.0,"Worli, Mumbai",29.6,25.8,27.0,86,24.9,15.6,155,1003.1,17.7
2022-06-25,34.0,24.0,1.0,1.0,11.0,9.0,"Worli, Mumbai",28.9,25.7,26.7,87,25.3,19.6,146,1000.3,14.4
2022-06-26,35.0,28.0,1.0,1.0,11.0,9.0,"Worli, Mumbai",27.9,25.6,26.4,88,31.3,24.2,161,1000.5,16.6
2022-06-27,45.0,22.0,1.0,1.0,11.0,9.0,"Worli, Mumbai",28.3,25.7,26.6,88,24.7,20.7,201,1003.1,35.9
2022-06-28,48.0,37.0,1.0,1.0,11.0,9.0,"Worli, Mumbai",28.1,25.8,26.6,87,21.5,17.9,203,1004.6,10.0
2022-06-29,51.0,16.0,1.0,1.0,11.0,9.0,"Worli, Mumbai",28.2,25.8,26.8,87,23.2,17.2,217,1003.5,15.6
2022-06-30,40.0,28.0,1.0,2.0,12.0,9.0,"Worli, Mumbai",27.7,25.3,26.3,89,20.9,16.0,220,1003.4,46.5
2022-07-01,62.0,65.0,1.0,2.4285714285714284,12.0,9.0,"Worli, Mumbai",26.4,24.9,25.8,91,21.2,16.8,222,1004.0,63.3
2022-07-02,84.0,59.0,1.0,2.857142857142857,11.0,9.0,"Worli, Mumbai",27.8,25.2,26.2,89,23.3,17.6,231,1002.7,27.3
2022-07-03,71.0,48.0,1.0,3.2857142857142856,10.0,9.0,"Worli, Mumbai",27.5,25.1,26.4,88,25.1,19.3,215,1002.4,21.2
2022-07-04,64.0,37.0,1.0,3.392857142857143,10.0,9.0,"Worli, Mumbai",27.1,25.4,26.1,89,23.8,18.3,226,1002.3,38.7
2022-07-05,51.0,44.0,1.0,3.392857142857143,6.0,9.0,"Worli, Mumbai",26.5,25.6,26.1,90,25.0,20.4,244,1001.0,49.4
2022-07-06,55.0,60.0,1.0,3.392857142857143,5.583333333333333,11.0,"Worli, Mumbai",27.1,25.4,26.0,90,24.1,20.5,223,1002.3,40.8
2022-07-07,65.0,64.0,1.0,5.0,5.166666666666667,16.0,"Worli, Mumbai",27.3,25.8,26.4,88,26.8,22.4,247,1005.2,39.8
2022-07-08,70.0,50.0,1.0,4.0,4.75,16.0,"Worli, Mumbai",28.7,25.8,26.7,86,28.5,22.9,264,1004.7,23.5
2022-07-09,63.0,52.0,1.0,4.0,5.0,16.0,"Worli, Mumbai",27.3,24.0,25.6,90,27.7,20.2,263,1003.4,43.0
2022-07-10,60.0,53.0,1.0,4.0,5.0,16.0,"Worli, Mumbai",26.6,24.1,25.5,90,24.5,19.1,269,1004.4,42.8
2022-07-11,66.0,45.0,1.0,4.5,5.0,16.5,"Worli, Mumbai",25.8,24.0,25.0,91,28.1,20.5,270,1005.9,86.9
2022-07-12,63.5,37.0,1.0,5.0,5.0,17.0,"Worli, Mumbai",25.9,24.3,25.1,91,25.9,20.6,269,1005.5,68.5
2022-07-13,61.0,41.0,1.0,3.0,5.0,17.0,"Worli, Mumbai",26.1,24.5,25.4,90,35.0,26.5,262,1002.1,69.7
2022-07-14,65.0,51.0,1.0,3.0,5.0,15.0,"Worli, Mumbai",26.2,25.0,25.7,90,35.7,29.8,238,999.3,58.9
2022-07-15,74.0,50.0,1.0,3.0,5.0,13.25,"Worli, Mumbai",28.2,25.7,26.6,85,40.4,34.2,230,999.6,23.3
2022-07-16,69.0,48.5,1.0,3.5,5.0,11.5,"Worli, Mumbai",27.8,25.7,26.7,86,35.4,30.0,228,1001.0,26.5
2022-07-17,63.0,47.0,1.0,4.0,1.0,9.75,"Worli, Mumbai",28.4,25.9,27.0,84,26.9,21.3,236,1004.0,15.8
2022-07-18,57.0,50.0,1.0,4.0,1.0,4.0,"Worli, Mumbai",26.3,24.2,25.6,90,21.6,17.5,243,1005.1,31.2
2022-07-19,63.0,43.0,1.0,5.0,1.0,4.0,"Worli, Mumbai",26.3,24.4,25.6,90,22.4,16.5,243,1005.8,32.0
2022-07-20,52.0,37.0,1.0,4.0,1.0,4.0,"Worli, Mumbai",27.7,25.3,26.3,86,19.1,15.5,243,1006.6,12.2
2022-07-21,43.0,42.0,1.0,7.0,1.0,4.0,"Worli, Mumbai",27.7,25.5,26.5,84,20.4,13.7,249,1006.9,6.5
2022-07-22,52.0,47.0,1.0,10.0,1.0,1.0,"Worli, Mumbai",29.0,25.4,27.0,82,21.9,13.4,268,1007.4,4.1
2022-07-23,61.0,39.0,1.0,9.0,1.25,1.0,"Worli, Mumbai",26.8,25.1,25.9,87,19.5,15.8,256,1005.7,27.7
2022-07-24,52.0,31.0,1.0,8.0,1.5,1.0,"Worli, Mumbai",26.4,25.2,25.7,89,22.7,16.5,240,1005.0,22.0
2022-07-25,43.0,33.0,1.0,7.0,1.75,1.0,"Worli, Mumbai",27.9,25.2,26.5,85,20.0,15.4,228,1006.3,10.2
2022-07-26,44.0,40.0,1.0,5.0,2.0,1.0,"Worli, Mumbai",27.1,25.7,26.4,85,17.3,12.1,226,1008.1,5.5
2022-07-27,51.0,43.0,1.0,3.0,3.0,1.0,"Worli, Mumbai",28.2,25.3,26.4,86,14.0,6.3,247,1008.0,6.4
2022-07-28,50.0,42.0,1.0,3.0,3.0,4.0,"Worli, Mumbai",28.8,25.2,27.1,86,17.5,7.6,307,1008.7,1.4
2022-07-29,38.0,39.0,1.0,4.0,4.0,4.0,"Worli, Mumbai",29.1,25.6,27.4,86,18.1,10.0,328,1008.2,2.4
2022-07-30,36.0,41.0,1.0,4.0,4.0,4.0,"Worli, Mumbai",29.1,26.5,27.6,83,17.9,10.2,306,1007.3,1.4
2022-07-31,40.0,34.0,1.0,4.0,4.0,4.0,"Worli, Mumbai",29.0,26.0,27.5,83,18.7,10.9,290,1005.8,2.3
2022-08-01,34.0,34.0,1.0,4.222222222222222,3.88,3.0,"Worli, Mumbai",28.8,25.9,27.4,83,18.0,11.2,287,1006.0,1.4
2022-08-18,30.22222222222222,34.0,1.0,8.0,1.8400000000000003,1.0,"Worli, Mumbai",27.8,24.9,26.5,83,29.4,24.7,231,1007.0,7.6
2022-08-19,30.0,37.0,1.0,8.0,1.7200000000000002,1.0,"Worli, Mumbai",27.9,25.2,26.3,85,26.4,20.3,233,1007.4,13.9
2022-08-20,30.0,43.0,1.0,8.0,7.0,1.0,"Worli, Mumbai",27.9,25.4,26.5,85,23.9,18.1,252,1007.2,6.2
2022-08-21,37.0,41.0,1.0,8.0,7.0,1.0,"Worli, Mumbai",27.9,25.3,26.5,85,23.5,19.2,262,1006.1,4.7
2022-08-22,34.0,36.0,1.0,9.0,7.0,1.0,"Worli, Mumbai",27.5,25.4,26.3,85,26.2,22.3,262,1004.9,5.6
2022-08-23,34.0,40.0,1.0,8.0,7.0,1.0,"Worli, Mumbai",28.0,25.2,26.4,85,27.2,22.6,246,1005.0,8.0
2022-08-24,34.0,42.0,1.0,8.0,7.0,5.0,"Worli, Mumbai",27.8,25.2,26.2,85,24.7,19.7,242,1007.6,9.0
2022-08-25,32.0,49.0,1.0,7.0,1.0,3.0,"Worli, Mumbai",27.3,24.7,26.0,86,18.2,13.1,231,1007.5,7.0
2022-08-26,47.0,58.0,1.0,7.0,2.0,1.0,"Worli, Mumbai",27.7,24.6,26.2,84,16.4,10.0,241,1007.5,2.1
2022-08-27,58.0,50.0,1.0,6.0,3.0,1.0,"Worli, Mumbai",28.0,25.0,26.5,83,17.7,9.8,274,1007.8,2.0
2022-08-28,52.0,44.0,1.0,6.0,3.0,1.0,"Worli, Mumbai",27.9,25.0,26.4,84,18.5,9.3,294,1007.4,2.3
2022-08-29,53.0,60.0,1.0,7.0,3.0,1.0,"Worli, Mumbai",28.5,24.8,26.6,84,18.1,8.5,314,1008.5,1.1
2022-08-30,64.0,59.0,1.0,5.5,3.0,1.0,"Worli, Mumbai",29.2,25.7,27.3,85,19.9,11.2,333,1008.5,1.9
2022-08-31,70.0,42.0,1.0,4.0,3.0,3.0,"Worli, Mumbai",29.1,25.5,27.5,87,18.5,9.3,327,1006.9,16.6
2022-09-01,71.0,54.0,1.0,1.0,5.0,3.0,"Worli, Mumbai",28.6,25.2,26.8,87,17.2,6.5,348,1006.8,6.2
2022-09-02,86.0,45.0,1.0,7.0,3.0,1.0,"Worli, Mumbai",29.8,25.2,27.4,87,15.8,7.4,346,1007.0,5.7
2022-09-03,74.0,36.0,1.0,5.333333333333333,4.0,1.0,"Worli, Mumbai",29.6,25.8,27.7,85,16.1,10.1,216,1007.4,1.0
2022-09-04,59.0,34.0,1.0,3.6666666666666665,4.0,1.0,"Worli, Mumbai",28.1,25.9,27.0,88,15.5,9.5,260,1007.7,10.7
2022-09-05,42.0,34.0,1.0,2.0,4.0,2.0,"Worli, Mumbai",29.0,26.1,27.4,84,16.7,10.0,298,1007.6,5.1
2022-09-06,44.0,43.0,1.0,1.5,4.0,2.0,"Worli, Mumbai",28.5,25.3,27.2,84,14.0,6.9,319,1007.1,3.2
2022-09-07,55.0,37.0,1.0,1.0,4.0,3.0,"Worli, Mumbai",29.7,25.7,27.1,87,16.3,8.5,356,1006.8,22.4
2022-09-08,62.0,39.0,1.0,3.0,4.0,3.0,"Worli, Mumbai",28.4,25.3,26.6,90,12.1,7.8,356,1005.5,30.4
2022-09-09,69.0,34.0,1.0,2.0,3.0,3.0,"Worli, Mumbai",29.4,24.9,27.1,87,17.1,7.7,183,1004.3,19.3
2022-09-10,53.0,38.0,1.0,2.0,4.0,4.0,"Worli, Mumbai",29.1,25.7,26.9,87,13.7,7.4,174,1004.4,10.0
2022-09-11,65.0,23.0,1.0,4.0,3.0,4.0,"Worli, Mumbai",29.0,25.1,26.7,88,14.3,6.5,325,1002.2,21.7
2022-09-12,33.0,21.0,1.0,4.0,2.0,4.0,"Worli, Mumbai",28.0,25.2,26.4,89,19.7,8.1,228,1001.0,33.0
2022-09-13,31.0,23.0,1.0,8.0,1.8333333333333333,5.0,"Worli, Mumbai",27.0,25.3,26.2,89,27.2,19.0,245,1002.9,62.6
2022-09-14,26.0,28.0,1.0,6.0,1.6666666666666667,5.0,"Worli, Mumbai",27.6,25.5,26.2,88,31.6,25.2,227,1006.0,66.0
2022-09-15,33.0,30.0,1.0,6.0,1.5,5.0,"Worli, Mumbai",27.6,25.4,26.4,87,33.8,28.4,234,1007.3,57.3
2022-09-16,27.0,29.0,1.0,6.0,7.0,5.285714285714286,"Worli, Mumbai",26.2,24.9,25.7,90,29.6,22.0,245,1006.4,95.8
2022-09-17,26.0,22.0,1.0,5.0,7.0,5.571428571428571,"Worli, Mumbai",27.3,24.6,25.5,88,23.2,15.2,219,1006.8,22.8
2022-09-18,28.0,31.0,1.0,3.0,1.0,5.857142857142857,"Worli, Mumbai",26.5,24.2,25.2,90,17.0,11.5,244,1008.6,64.0
2022-09-19,52.0,40.0,3.0,2.5,3.0,3.0,"Worli, Mumbai",27.6,24.5,26.0,83,19.8,9.1,258,1009.1,5.3
2022-09-20,61.0,36.0,3.0,2.0,3.0,3.0,"Worli, Mumbai",26.4,24.5,25.5,85,15.5,6.4,281,1008.8,8.6
2022-09-21,53.0,40.0,3.0,1.5,4.0,3.0,"Worli, Mumbai",27.0,24.4,25.4,87,16.0,7.1,269,1008.8,13.4
2022-09-22,71.0,46.0,1.0,1.0,3.0,7.0,"Worli, Mumbai",25.8,24.7,25.1,88,17.3,8.1,235,1009.2,20.5
2022-09-23,61.0,29.0,1.0,1.0,3.0,8.0,"Worli, Mumbai",27.6,24.4,26.0,82,20.8,12.0,212,1009.1,3.9
2022-09-24,40.0,28.0,1.0,2.0,3.0,8.0,"Worli, Mumbai",27.1,24.4,25.5,86,18.7,12.4,209,1008.5,5.6
2022-09-25,31.0,32.0,1.0,3.0,3.0,8.0,"Worli, Mumbai",27.3,24.5,25.8,85,12.5,8.3,232,1008.3,4.5
2022-09-26,36.0,34.0,3.0,3.0,3.0,8.0,"Worli, Mumbai",27.6,23.9,25.9,84,16.0,7.4,272,1010.0,5.0
2022-09-27,49.0,59.0,1.0,3.0,4.0,8.0,"Worli, Mumbai",27.7,24.2,26.2,84,13.7,6.4,294,1008.8,2.4
2022-09-28,81.0,51.0,1.0,3.0,4.0,8.0,"Worli, Mumbai",28.0,24.2,26.2,86,17.1,7.9,288,1007.8,0.1
2022-09-29,71.0,51.0,1.0,3.0,4.0,9.0,"Worli, Mumbai",27.7,24.4,26.1,88,15.8,6.9,334,1007.6,2.9
2022-09-30,74.0,55.0,1.0,3.0,4.0,9.0,"Worli, Mumbai",28.8,24.8,26.6,88,16.6,8.2,333,1008.1,1.8
2022-10-01,70.0,25.0,1.0,3.0,5.0,9.0,"Worli, Mumbai",28.0,23.5,26.0,88,16.8,8.2,315,1008.9,6.8
2022-10-02,30.0,37.0,1.0,3.0,5.0,9.0,"Worli, Mumbai",28.5,24.2,26.4,86,16.6,7.6,321,1009.0,1.7
2022-10-03,46.0,50.0,1.0,3.0,5.0,9.0,"Worli, Mumbai",28.5,24.5,26.5,86,19.9,9.9,334,1009.4,1.4
2022-10-04,68.0,44.0,1.0,5.0,5.0,9.0,"Worli, Mumbai",29.3,24.9,27.2,85,21.1,11.1,339,1009.2,0.1
2022-10-05,62.0,40.0,1.0,5.0,5.0,9.0,"Worli, Mumbai",29.8,25.3,27.2,88,22.7,9.0,351,1008.1,1.4
2022-10-06,48.0,41.0,1.0,3.0,4.0,9.0,"Worli, Mumbai",29.5,24.9,27.5,85,21.3,11.4,314,1006.3,3.6
2022-10-07,62.0,21.0,1.0,2.0,3.0,9.0,"Worli, Mumbai",27.1,24.3,26.0,86,22.5,10.5,295,1005.3,34.3
2022-10-08,41.0,23.0,1.0,1.0,3.0,9.0,"Worli, Mumbai",27.2,25.0,26.1,86,21.4,15.0,235,1007.5,38.3
2022-10-09,35.0,50.0,1.0,2.0,4.0,9.0,"Worli, Mumbai",28.7,25.4,26.9,84,14.4,9.5,214,1009.0,1.7
2022-10-10,69.0,51.0,1.0,5.0,4.0,9.0,"Worli, Mumbai",29.4,24.8,27.1,86,14.8,7.1,348,1009.9,0.4
2022-10-11,64.0,52.0,1.0,5.0,4.0,10.0,"Worli, Mumbai",29.6,25.0,26.8,88,14.3,6.0,8,1008.8,10.7
2022-10-12,89.0,62.0,1.0,6.0,6.0,10.0,"Worli, Mumbai",28.1,24.5,26.0,88,11.8,6.4,41,1009.5,19.9
2022-10-13,103.0,56.0,1.0,2.0,6.0,10.0,"Worli, Mumbai",29.3,24.2,26.6,89,9.7,4.9,43,1009.5,3.0
2022-10-14,99.0,57.0,1.0,5.0,6.0,10.0,"Worli, Mumbai",30.5,24.8,26.8,86,11.5,6.2,78,1009.4,14.6
2022-10-15,91.0,67.0,1.0,2.0,6.0,10.0,"Worli, Mumbai",31.5,24.4,27.5,78,13.5,7.7,8,1008.3,0.7
2022-10-16,106.0,72.0,1.0,2.111111111111111,6.0,10.125,"Worli, Mumbai",31.8,24.9,27.8,70,18.7,12.7,27,1009.3,0.1
2022-10-23,159.375,107.0,1.0,2.888888888888889,6.0,11.0,"Worli, Mumbai",31.2,23.2,26.6,72,14.1,8.9,13,1013.0,0.0
2022-10-24,167.0,111.0,1.0,3.0,6.0,11.0,"Worli, Mumbai",30.4,21.5,25.9,74,15.5,8.5,351,1011.2,0.0
2022-10-25,175.0,99.0,1.0,2.0,6.0,12.0,"Worli, Mumbai",29.7,22.4,25.9,77,14.3,7.8,346,1011.3,0.0
2022-10-26,155.0,109.0,1.0,2.0,6.0,12.0,"Worli, Mumbai",30.2,22.1,25.7,75,16.4,8.9,0,1012.7,0.0
2022-10-27,170.0,93.0,1.0,2.0,6.0,12.0,"Worli, Mumbai",30.2,22.0,25.6,75,16.6,8.5,3,1012.5,0.0
2022-10-28,144.0,85.0,1.0,1.0,6.0,12.0,"Worli, Mumbai",31.3,21.8,26.1,69,15.5,9.0,44,1011.9,0.0
2022-10-29,138.0,78.0,1.0,2.0,5.0,12.0,"Worli, Mumbai",31.7,21.8,25.9,66,14.1,8.4,53,1011.7,0.0
2022-10-30,124.0,88.0,1.0,6.0,5.0,12.0,"Worli, Mumbai",31.7,20.7,25.8,65,16.1,9.7,21,1012.0,0.0
2022-10-31,146.0,95.0,1.0,3.0,5.0,12.0,"Worli, Mumbai",31.8,21.2,25.6,67,18.4,8.9,25,1011.6,0.0
2022-11-01,156.0,92.25,1.0,4.0,5.5,12.0,"Worli, Mumbai",31.4,21.4,25.7,63,18.2,9.4,35,1012.3,0.0
2022-11-04,142.5,84.0,1.0,7.0,7.0,12.0,"Worli, Mumbai",33.3,21.2,26.2,63,17.2,9.5,28,1011.9,0.0
2022-11-05,138.0,98.0,1.0,3.0,10.0,12.0,"Worli, Mumbai",33.1,21.0,26.3,61,15.7,8.8,10,1013.0,0.0
2022-11-06,140.0,96.0,1.0,4.0,10.0,12.0,"Worli, Mumbai",32.2,21.1,25.8,67,16.3,9.3,1,1013.4,0.0
2022-11-07,150.0,103.0,1.0,5.0,9.0,13.0,"Worli, Mumbai",31.3,20.7,25.5,71,15.7,8.2,359,1013.2,0.0
2022-11-08,158.0,107.0,1.0,4.0,9.0,13.0,"Worli, Mumbai",31.7,21.4,26.1,66,19.1,10.4,358,1012.9,0.0
2022-11-09,159.0,109.0,1.0,2.0,10.0,13.0,"Worli, Mumbai",31.3,22.2,26.1,63,20.7,9.6,350,1012.7,0.0
2022-11-10,156.0,93.0,1.0,3.0,9.0,13.0,"Worli, Mumbai",32.3,21.5,26.1,63,24.3,9.9,8,1013.0,0.0
2022-11-11,147.0,89.0,1.0,3.0,9.0,13.0,"Worli, Mumbai",32.7,21.1,26.5,59,19.4,10.8,26,1013.2,0.0
2022-11-12,147.0,94.0,1.0,5.0,7.0,13.0,"Worli, Mumbai",32.7,22.4,26.6,60,21.8,12.4,17,1012.9,0.0
2022-11-13,151.0,106.0,1.0,7.0,8.0,13.0,"Worli, Mumbai",32.7,22.6,26.7,59,20.4,11.8,14,1011.9,0.0
2022-11-14,160.0,103.0,1.0,4.0,7.0,5.0,"Worli, Mumbai",31.6,21.8,26.0,72,17.3,8.7,353,1012.1,0.0
2022-11-15,168.0,102.0,1.0,3.947368421052632,9.0,2.0,"Worli, Mumbai",31.0,22.1,26.1,72,16.5,9.1,344,1012.7,0.0
2022-11-16,156.0,92.0,1.0,3.8947368421052633,9.0,2.0,"Worli, Mumbai",31.8,21.6,26.1,66,17.2,9.5,350,1011.9,0.0
2022-11-17,147.0,72.0,1.0,3.842105263157895,8.0,3.0,"Worli, Mumbai",32.0,22.1,26.0,60,21.5,11.1,6,1011.8,0.0
2022-11-18,105.0,81.0,1.0,7.0,8.0,3.0,"Worli, Mumbai",31.4,21.9,25.7,52,22.2,12.5,11,1012.2,0.0
2022-11-19,124.0,83.0,1.0,7.0,8.0,4.0,"Worli, Mumbai",31.1,21.3,25.5,51,19.8,12.0,20,1012.1,0.0
2022-11-20,129.0,82.0,1.0,7.0,8.0,4.0,"Worli, Mumbai",30.0,19.7,24.5,55,21.9,11.5,18,1011.2,0.0
2022-11-21,130.0,95.0,1.0,7.0,9.0,5.0,"Worli, Mumbai",29.4,18.6,23.6,59,18.4,10.7,358,1011.1,0.0
2022-11-22,148.0,107.0,1.0,7.0,10.0,5.0,"Worli, Mumbai",30.1,19.4,24.1,63,18.4,10.9,355,1011.0,0.0
2022-11-23,156.0,109.0,1.0,7.0,10.0,6.0,"Worli, Mumbai",30.8,21.7,25.4,59,20.9,11.6,356,1011.0,0.0
2022-11-24,158.0,120.0,1.0,7.0,10.0,7.0,"Worli, Mumbai",30.6,20.9,25.2,63,19.1,10.0,347,1010.7,0.0
2022-11-25,165.0,132.0,1.0,7.0,9.0,7.0,"Worli, Mumbai",31.1,21.3,26.0,66,14.6,8.1,346,1011.2,0.0
2022-11-26,168.0,125.0,1.0,7.0,7.0,8.0,"Worli, Mumbai",31.7,22.7,26.4,70,16.2,8.5,350,1010.4,0.0
2022-11-27,165.0,97.0,1.0,7.0,9.0,8.0,"Worli, Mumbai",29.7,22.5,26.2,71,15.9,8.3,327,1008.7,0.0
2022-11-28,148.0,88.0,1.0,7.0,7.0,9.0,"Worli, Mumbai",29.7,21.0,25.1,68,18.2,9.6,332,1009.6,0.0
2022-11-29,140.0,122.0,1.0,7.0,8.0,9.0,"Worli, Mumbai",29.1,19.9,24.3,72,16.3,9.4,335,1010.5,0.0
2022-11-30,162.0,116.0,1.0,7.0,7.0,10.0,"Worli, Mumbai",31.1,21.0,26.0,67,15.9,8.1,348,1011.1,0.0
2022-12-01,160.0,131.0,1.0,6.0,9.0,10.0,"Worli, Mumbai",31.7,22.1,25.9,63,18.1,9.2,10,1011.0,0.0
2022-12-02,166.0,128.0,1.0,6.0,8.666666666666666,10.333333333333334,"Worli, Mumbai",31.2,19.6,25.2,64,15.1,8.7,358,1010.4,0.0
2022-12-04,167.0,122.0,1.0,6.0,8.0,11.0,"Worli, Mumbai",31.6,22.3,26.4,69,14.7,8.2,346,1011.2,0.0
2022-12-05,166.0,139.0,1.0,6.0,8.0,12.0,"Worli, Mumbai",31.0,23.5,26.7,71,16.5,8.9,342,1012.1,0.0
2022-12-06,171.0,132.0,1.0,6.0,7.0,12.0,"Worli, Mumbai",31.3,23.9,26.7,72,20.2,9.8,337,1011.7,0.0
2022-12-07,171.0,124.0,1.0,6.0,8.0,12.0,"Worli, Mumbai",31.3,22.8,26.3,71,20.9,10.2,337,1011.2,0.0
2022-12-08,164.0,86.0,1.0,6.0,8.0,13.0,"Worli, Mumbai",30.8,21.2,25.8,68,20.3,11.0,349,1011.0,0.0
2022-12-09,126.0,97.0,1.0,6.0,9.0,13.0,"Worli, Mumbai",30.4,20.3,24.6,58,21.1,11.1,8,1009.5,0.0
2022-12-10,135.0,103.0,1.0,6.0,8.0,13.0,"Worli, Mumbai",30.8,18.7,24.0,63,19.2,9.7,359,1009.2,0.0
2022-12-11,142.0,92.0,1.0,6.0,9.0,13.0,"Worli, Mumbai",30.2,19.5,24.7,64,19.7,8.8,349,1009.8,0.0
2022-12-12,129.0,81.0,1.0,6.0,7.0,13.0,"Worli, Mumbai",31.7,22.0,26.7,68,18.2,9.0,354,1009.3,0.0
2022-12-13,113.0,71.0,1.0,6.0,7.0,13.0,"Worli, Mumbai",32.4,24.7,27.8,67,16.2,10.2,40,1009.7,0.0
2022-12-14,100.0,74.0,1.0,6.0,7.0,13.0,"Worli, Mumbai",31.3,25.5,27.8,68,18.9,8.8,37,1010.8,0.0
2022-12-15,110.0,87.0,1.0,6.0,7.0,14.0,"Worli, Mumbai",30.6,24.5,27.0,73,15.4,8.6,351,1010.8,0.0
2022-12-16,132.0,89.0,1.0,6.0,8.0,14.0,"Worli, Mumbai",32.7,24.0,27.3,70,18.2,9.5,345,1010.4,0.0
2022-12-17,130.0,88.66666666666667,1.0,6.0,8.666666666666666,14.333333333333334,"Worli, Mumbai",33.0,24.0,27.5,70,20.5,10.6,350,1011.1,0.0
2022-12-19,141.33333333333334,88.0,1.0,6.0,10.0,15.0,"Worli, Mumbai",30.8,23.8,26.8,61,20.8,11.2,350,1009.9,0.0
2022-12-20,147.0,106.0,1.0,6.0,8.0,15.0,"Worli, Mumbai",29.6,22.6,26.0,60,19.0,11.1,343,1009.5,0.0
2022-12-21,161.0,109.0,1.0,6.0,8.0,12.0,"Worli, Mumbai",30.3,21.0,25.4,67,18.1,8.8,346,1010.1,0.0
2022-12-22,160.0,94.0,1.0,2.0,12.0,10.0,"Worli, Mumbai",30.2,20.7,25.0,70,18.6,9.6,338,1010.1,0.0
2022-12-23,145.0,84.0,1.0,3.0,12.0,8.0,"Worli, Mumbai",29.3,21.6,24.7,64,22.0,12.4,338,1010.9,0.0
2022-12-24,125.0,97.0,1.0,6.0,15.0,10.0,"Worli, Mumbai",28.6,19.8,23.1,53,20.9,12.9,347,1011.9,0.0
2022-12-25,138.0,99.0,1.0,2.0,13.0,10.0,"Worli, Mumbai",26.9,17.0,21.9,66,15.5,7.5,334,1012.1,0.0
2022-12-26,148.0,114.0,1.0,1.5,10.0,11.0,"Worli, Mumbai",27.3,16.6,22.1,75,18.3,9.3,343,1013.1,0.0
2022-12-27,156.0,114.0,1.0,1.0,13.0,12.0,"Worli, Mumbai",29.0,18.7,23.5,70,19.3,10.6,340,1013.9,0.0
2022-12-28,156.0,125.0,1.0,6.0,10.0,14.0,"Worli, Mumbai",29.7,19.3,23.9,70,19.6,11.0,337,1014.7,0.0
2022-12-29,157.0,121.0,1.0,2.0,10.0,11.0,"Worli, Mumbai",30.0,19.6,24.1,69,20.6,10.1,334,1015.9,0.0
2022-12-30,157.0,91.0,1.0,2.0,9.0,9.0,"Worli, Mumbai",30.0,19.0,24.3,68,20.0,10.7,335,1016.9,0.0
2022-12-31,135.0,83.0,1.0,2.0,11.0,8.0,"Worli, Mumbai",28.9,20.1,23.8,66,21.9,12.3,340,1016.4,0.0
2023-01-01,115.0,97.0,1.0,1.5,18.0,11.0,"Worli, Mumbai",27.0,16.8,22.2,68,20.4,11.4,338,1016.1,0.0
2023-01-02,137.0,105.0,1.0,1.0,16.0,10.0,"Worli, Mumbai",28.6,17.9,22.7,71,19.5,11.0,344,1015.2,0.0
2023-01-03,150.0,103.0,1.0,2.0,14.0,11.0,"Worli, Mumbai",28.6,18.1,22.8,71,20.6,11.4,339,1015.0,0.0
2023-01-04,138.0,123.0,1.0,2.0,17.0,13.0,"Worli, Mumbai",27.9,18.0,22.8,72,18.4,9.4,338,1013.8,0.0
2023-01-05,157.0,117.0,1.0,2.0,15.0,12.0,"Worli, Mumbai",28.8,20.3,23.9,75,16.6,8.8,330,1014.4,0.0
2023-01-06,153.0,112.0,1.0,3.0,13.0,11.0,"Worli, Mumbai",30.8,20.9,25.4,68,18.0,10.8,337,1015.9,0.0
2023-01-07,155.0,114.0,1.0,2.0,15.0,12.0,"Worli, Mumbai",31.6,22.6,26.0,66,18.6,11.7,7,1015.8,0.0
2023-01-08,149.0,72.0,1.0,3.0,18.0,9.0,"Worli, Mumbai",31.0,21.4,25.3,63,22.7,11.5,348,1014.9,0.0
2023-01-09,100.0,96.0,1.0,2.0,24.0,10.0,"Worli, Mumbai",30.3,19.1,23.9,59,21.0,10.9,350,1015.9,0.0
2023-01-10,130.0,107.0,1.0,4.0,19.0,11.0,"Worli, Mumbai",30.6,17.6,23.4,57,21.4,10.7,353,1015.3,0.0
2023-01-11,145.0,90.0,3.0,1.0,14.75,9.0,"Worli, Mumbai",28.2,16.9,22.7,66,17.1,8.8,336,1013.6,0.0
2023-01-12,124.0,123.0,3.0,2.5,10.5,5.0,"Worli, Mumbai",27.5,17.2,22.3,72,21.7,11.7,330,1013.0,0.0
2023-01-13,125.0,122.0,3.0,4.0,6.25,6.0,"Worli, Mumbai",26.4,20.0,22.4,76,24.0,12.7,345,1014.0,0.0
2023-01-14,141.0,113.0,3.0,5.0,2.0,11.0,"Worli, Mumbai",25.7,16.9,20.9,66,21.7,12.8,345,1013.9,0.0
2023-01-15,141.0,122.0,3.0,2.0,2.0,11.0,"Worli, Mumbai",25.3,16.1,20.5,68,21.9,10.6,336,1012.3,0.0
2023-01-16,156.0,94.0,3.0,4.0,5.0,12.0,"Worli, Mumbai",25.1,15.4,20.4,78,16.4,9.1,336,1012.4,0.0
2023-01-17,153.0,102.0,3.0,12.0,6.0,14.0,"Worli, Mumbai",26.2,16.3,20.9,75,17.1,9.1,334,1012.8,0.0
2023-01-18,174.0,93.0,3.0,7.0,7.0,17.0,"Worli, Mumbai",28.5,16.5,22.0,75,14.8,7.9,335,1013.6,0.0
2023-01-19,156.0,72.0,1.0,1.0,4.0,11.0,"Worli, Mumbai",27.0,16.2,22.2,75,14.2,7.5,328,1013.6,0.0
2023-01-20,133.0,60.0,1.0,1.0,2.0,9.0,"Worli, Mumbai",26.9,17.4,21.7,75,18.9,9.4,334,1013.5,0.0
2023-01-21,106.0,50.0,1.0,2.0,4.0,7.0,"Worli, Mumbai",26.6,17.8,21.9,72,20.9,11.2,335,1013.8,0.0
2023-01-22,95.0,57.0,1.0,9.0,7.0,8.0,"Worli, Mumbai",26.5,19.0,22.0,61,25.7,13.2,344,1013.2,0.0
2023-01-23,111.0,62.0,1.0,21.0,5.0,8.0,"Worli, Mumbai",25.5,17.6,21.3,58,26.3,14.6,338,1012.7,0.0
2023-01-24,116.0,69.0,3.0,21.0,5.0,8.0,"Worli, Mumbai",25.3,17.5,21.1,61,26.2,14.0,339,1013.0,0.0
2023-01-25,130.0,80.0,3.0,20.0,5.0,9.0,"Worli, Mumbai",26.2,18.2,21.4,58,29.2,16.9,342,1012.8,0.0
2023-01-26,143.0,83.0,3.0,12.0,10.0,11.0,"Worli, Mumbai",26.7,18.7,22.4,61,23.7,15.1,340,1012.3,0.0
2023-01-27,150.0,76.0,1.0,9.0,7.0,11.0,"Worli, Mumbai",32.4,20.5,24.7,69,19.1,10.8,343,1011.3,0.0
2023-01-28,134.0,68.0,1.0,5.0,3.0,11.0,"Worli, Mumbai",29.5,20.1,24.0,78,21.5,10.0,241,1010.5,0.0
2023-01-29,111.0,67.0,1.0,6.0,5.0,8.0,"Worli, Mumbai",25.4,21.8,23.4,88,18.4,8.2,293,1010.3,1.6
2023-01-30,108.0,81.0,1.0,14.0,4.0,10.0,"Worli, Mumbai",27.6,20.8,23.5,79,25.5,14.3,336,1012.8,0.0
2023-01-31,150.0,74.0,3.0,21.0,4.0,10.0,"Worli, Mumbai",29.7,21.4,24.9,66,25.7,15.7,344,1012.5,0.0
2023-02-01,165.0,69.0,3.0,22.0,4.0,9.0,"Worli, Mumbai",33.1,22.9,26.7,55,24.2,12.7,26,1011.8,0.0
2023-02-02,158.0,71.0,3.0,27.0,7.0,10.0,"Worli, Mumbai",33.6,23.3,26.9,54,25.0,16.7,15,1012.0,0.0
2023-02-03,156.0,76.0,3.0,24.0,13.0,12.0,"Worli, Mumbai",31.5,21.0,25.1,58,21.8,11.0,342,1012.7,0.0
2023-02-04,164.0,86.0,3.0,25.0,7.0,12.0,"Worli, Mumbai",30.6,19.6,24.4,60,21.3,11.8,337,1011.6,0.0
2023-02-05,175.0,73.0,3.0,26.0,4.0,10.0,"Worli, Mumbai",29.9,19.8,24.4,65,15.5,8.3,322,1010.9,0.0
2023-02-06,161.0,59.0,3.0,17.0,2.0,8.0,"Worli, Mumbai",28.7,18.4,23.8,68,21.8,12.4,330,1011.5,0.0
2023-02-07,127.0,88.0,3.0,28.0,4.0,11.0,"Worli, Mumbai",30.6,19.6,24.1,63,24.8,13.1,339,1011.3,0.0
2023-02-08,172.0,89.0,3.0,26.0,4.0,14.0,"Worli, Mumbai",30.4,18.1,24.2,63,23.5,12.6,341,1011.2,0.0
2023-02-09,168.0,69.0,3.0,20.0,2.0,11.0,"Worli, Mumbai",32.7,19.4,25.2,57,23.0,11.2,341,1011.4,0.0
2023-02-10,151.0,56.0,3.0,17.0,2.0,9.0,"Worli, Mumbai",30.5,18.9,24.3,62,22.5,12.6,331,1013.0,0.0
2023-02-11,112.0,70.0,3.0,20.0,4.0,11.0,"Worli, Mumbai",31.2,18.0,24.2,55,25.0,13.9,339,1013.8,0.0
2023-02-12,143.0,65.0,3.0,21.0,2.0,10.0,"Worli, Mumbai",31.7,18.1,25.3,50,24.5,14.4,353,1013.6,0.0
2023-02-13,122.0,79.0,3.0,19.0,9.0,11.0,"Worli, Mumbai",33.1,22.1,26.4,45,27.2,14.8,357,1013.4,0.0
2023-02-14,150.0,91.0,3.0,28.0,5.0,13.0,"Worli, Mumbai",32.2,20.0,25.2,48,23.5,11.1,348,1013.3,0.0
2023-02-15,166.0,93.0,3.0,28.0,4.0,14.0,"Worli, Mumbai",32.1,18.2,25.1,51,24.5,11.7,343,1011.6,0.0
2023-02-16,163.0,96.0,1.0,23.0,5.0,14.0,"Worli, Mumbai",33.8,19.4,26.1,48,28.9,13.6,352,1011.9,0.0
2023-02-17,165.0,95.0,2.166666666666667,9.0,1.0,16.0,"Worli, Mumbai",33.0,21.4,26.8,44,29.5,15.3,346,1012.3,0.0
2023-02-18,167.0,92.0,3.333333333333333,6.0,3.0,16.0,"Worli, Mumbai",33.9,19.5,26.4,42,25.4,12.5,355,1011.9,0.0
2023-02-19,164.0,76.0,4.5,9.0,3.0,13.0,"Worli, Mumbai",34.4,18.7,25.7,53,21.1,10.4,348,1011.8,0.0
2023-02-20,155.0,81.0,3.0,19.0,4.0,18.0,"Worli, Mumbai",29.3,19.8,25.4,66,17.3,8.3,286,1012.3,0.0
2023-02-21,149.0,56.0,3.0,12.0,2.0,11.0,"Worli, Mumbai",30.8,19.6,25.3,66,23.7,12.0,325,1012.9,0.0
2023-02-22,110.0,78.0,8.0,28.0,2.0,12.0,"Worli, Mumbai",29.4,20.0,24.5,67,24.2,13.4,333,1012.6,0.0
2023-02-23,149.0,81.0,7.416666666666667,17.0,1.0,12.0,"Worli, Mumbai",32.1,20.6,25.5,52,26.2,14.0,334,1011.5,0.0
2023-02-24,162.0,75.0,6.833333333333333,11.0,1.0,11.0,"Worli, Mumbai",32.9,21.6,26.6,48,26.6,13.3,337,1012.5,0.0
2023-02-25,156.0,90.0,6.25,19.0,1.2,14.0,"Worli, Mumbai",33.0,21.8,27.0,44,25.1,14.9,338,1014.2,0.0
2023-02-26,166.0,77.0,3.0,18.0,1.4,13.0,"Worli, Mumbai",33.6,20.9,26.4,46,25.5,13.6,340,1014.6,0.0
2023-02-27,154.0,72.0,3.0,18.0,1.6,13.0,"Worli, Mumbai",33.7,21.9,26.7,46,24.2,13.4,339,1014.3,0.0
2023-02-28,133.0,76.0,3.0,18.0,5.0,16.0,"Worli, Mumbai",31.7,20.2,25.5,54,20.8,11.6,328,1014.6,0.0
2023-03-01,147.0,105.0,3.0,27.0,2.0,19.0,"Worli, Mumbai",32.0,20.6,26.0,56,21.9,12.5,332,1015.0,0.0
2023-03-02,174.0,113.0,3.0,26.0,6.0,22.0,"Worli, Mumbai",33.9,21.8,27.1,51,22.2,11.2,334,1015.0,0.0
2023-03-03,184.0,112.0,3.0,26.0,4.0,24.0,"Worli, Mumbai",32.6,21.6,27.2,60,20.5,8.7,314,1015.5,0.0
2023-03-04,186.0,109.0,3.0,21.0,2.0,21.0,"Worli, Mumbai",32.7,22.5,27.5,63,18.9,9.2,311,1015.1,0.0
2023-03-05,183.0,100.0,3.0,16.0,1.0,18.0,"Worli, Mumbai",34.6,22.9,28.2,59,19.6,9.7,310,1014.7,0.0
2023-03-06,170.0,60.0,1.0,16.0,1.0,12.0,"Worli, Mumbai",36.1,24.3,29.5,45,23.1,13.8,36,1013.5,0.0
2023-03-07,116.0,62.0,1.0,13.0,1.0,12.0,"Worli, Mumbai",35.5,24.2,28.7,48,26.0,13.6,81,1013.4,0.0
2023-03-08,134.0,68.0,14.0,16.0,1.0,13.0,"Worli, Mumbai",34.4,23.6,27.9,50,24.0,13.5,343,1013.3,0.0
2023-03-09,144.0,55.0,1.0,17.0,1.0,12.0,"Worli, Mumbai",35.9,22.6,28.9,40,25.7,13.9,349,1012.6,0.0
2023-03-10,109.0,71.0,1.0,18.0,1.0,13.0,"Worli, Mumbai",33.8,23.9,28.4,37,27.6,15.7,345,1012.0,0.0
2023-03-11,147.0,81.0,1.0,15.0,1.0,13.0,"Worli, Mumbai",35.6,22.2,28.6,44,22.7,12.1,342,1011.4,0.0
2023-03-12,162.0,90.0,1.5,16.0,1.0,16.0,"Worli, Mumbai",36.2,23.3,28.7,46,24.8,10.4,325,1011.0,0.0
2023-03-13,169.0,79.0,2.0,16.0,1.0,14.0,"Worli, Mumbai",35.9,24.4,28.7,56,19.3,9.2,295,1010.0,0.0
2023-03-14,156.0,66.0,2.5,14.0,1.1,12.0,"Worli, Mumbai",35.9,23.7,28.2,66,21.3,11.5,317,1008.9,0.0
2023-03-15,133.0,60.0,3.0,9.0,1.2,10.0,"Worli, Mumbai",33.2,23.7,28.1,64,20.3,9.8,323,1007.8,0.0
2023-03-16,117.0,60.0,2.0,8.0,1.3,10.0,"Worli, Mumbai",31.6,22.9,26.8,70,21.7,8.9,161,1009.5,11.2
2023-03-17,112.0,57.0,2.0,6.0,4.0,9.0,"Worli, Mumbai",29.9,22.6,26.6,75,18.5,9.8,261,1010.1,1.1
2023-03-18,102.0,44.0,1.9166666666666667,6.0,4.0,8.0,"Worli, Mumbai",30.1,24.0,26.9,79,21.0,11.9,298,1008.9,0.0
2023-03-19,79.0,38.0,1.8333333333333333,8.0,4.0,7.0,"Worli, Mumbai",29.0,23.1,26.2,74,20.1,10.0,269,1009.0,0.3
2023-03-20,66.0,34.0,1.75,5.0,4.0,7.0,"Worli, Mumbai",28.9,23.8,26.2,69,19.0,10.4,295,1008.8,0.3
2023-03-21,65.0,34.0,3.0,5.0,4.0,8.0,"Worli, Mumbai",28.2,21.5,25.4,73,17.7,8.7,276,1009.6,0.7
2023-03-22,64.0,30.0,3.0,5.0,4.0,8.0,"Worli, Mumbai",29.6,22.9,26.2,73,17.1,9.2,306,1010.5,0.2
2023-03-23,58.0,35.0,3.0,4.0,4.0,8.0,"Worli, Mumbai",29.6,23.2,26.2,73,20.1,10.0,313,1010.6,1.6
2023-03-24,61.0,45.0,3.0,14.0,4.0,8.0,"Worli, Mumbai",29.8,23.1,26.3,75,23.8,11.8,325,1010.6,0.0
2023-03-25,74.0,44.0,3.0,9.0,4.0,8.0,"Worli, Mumbai",29.4,21.6,25.3,70,26.0,13.0,332,1011.7,0.0
2023-03-26,75.0,54.0,3.0,10.0,4.0,8.0,"Worli, Mumbai",29.3,21.3,25.2,69,23.1,13.2,329,1011.5,0.0
2023-03-27,96.0,60.0,3.0,9.0,4.0,8.0,"Worli, Mumbai",29.3,21.9,25.5,77,22.3,11.6,313,1011.1,0.0
2023-03-28,110.0,57.0,3.0,8.0,4.0,8.0,"Worli, Mumbai",29.5,22.7,25.7,78,22.1,11.5,318,1010.3,0.0
2023-03-29,102.0,43.0,1.0,7.0,4.0,8.0,"Worli, Mumbai",29.4,22.1,25.6,79,18.8,10.2,312,1010.8,0.0
2023-03-30,75.0,38.0,1.0,5.0,4.0,7.0,"Worli, Mumbai",29.0,23.1,26.3,73,15.9,8.3,282,1010.4,0.2
2023-03-31,67.0,39.333333333333336,1.0,5.666666666666667,4.0,7.0,"Worli, Mumbai",28.8,24.1,26.4,74,18.2,9.4,300,1009.9,0.4
2023-04-02,73.66666666666667,42.0,1.0,7.0,3.0,7.0,"Worli, Mumbai",29.6,22.4,26.0,77,25.8,11.9,309,1010.2,0.0
2023-04-03,77.0,36.0,3.0,5.0,4.0,7.0,"Worli, Mumbai",29.5,23.3,26.2,77,24.8,11.2,311,1009.7,0.0
2023-04-04,63.0,45.0,3.0,6.0,3.0,7.0,"Worli, Mumbai",30.1,23.6,26.5,80,25.9,12.8,325,1010.2,0.0
2023-04-05,83.0,58.0,3.0,7.0,2.0,7.0,"Worli, Mumbai",30.3,22.5,26.6,82,24.2,12.6,315,1009.9,0.0
2023-04-06,105.0,73.0,3.0,7.0,2.0,8.0,"Worli, Mumbai",32.6,23.7,28.0,73,25.0,14.6,333,1009.7,0.0
2023-04-07,131.0,78.0,1.0,7.0,1.75,12.0,"Worli, Mumbai",33.5,25.6,29.6,57,25.7,16.2,337,1010.4,0.0
2023-04-08,146.0,78.0,1.0,5.0,1.5,13.0,"Worli, Mumbai",33.7,26.1,29.3,60,21.2,11.1,309,1012.0,0.0
2023-04-09,148.0,70.0,1.0,6.0,1.25,9.0,"Worli, Mumbai",34.5,25.6,29.4,63,26.6,10.7,323,1012.4,0.0
2023-04-10,131.0,52.0,1.0,6.0,1.0,8.0,"Worli, Mumbai",35.1,26.1,29.9,63,23.8,13.2,324,1010.7,0.0
2023-04-11,92.0,55.0,1.0,6.0,1.0,8.0,"Worli, Mumbai",33.9,26.5,29.7,64,25.5,14.0,320,1011.0,0.0
2023-04-12,98.0,56.0,3.0,12.0,1.0,8.0,"Worli, Mumbai",34.7,26.6,30.4,57,28.8,16.5,329,1010.5,0.0
2023-04-13,102.0,54.0,3.0,14.0,1.0,8.0,"Worli, Mumbai",34.4,27.4,30.6,53,26.4,16.0,332,1010.1,0.0
2023-04-14,92.0,51.0,3.0,13.0,1.0,8.0,"Worli, Mumbai",34.7,26.4,30.0,61,25.0,14.5,328,1009.9,0.0
2023-04-15,78.0,47.0,3.0,8.0,1.0,8.0,"Worli, Mumbai",34.2,25.6,29.1,65,25.2,11.0,324,1010.0,0.0
2023-04-16,71.0,46.0,1.0,10.0,1.0,8.0,"Worli, Mumbai",33.4,24.1,28.5,73,25.6,12.9,323,1008.9,0.0
2023-04-17,75.0,54.0,1.1428571428571428,13.0,1.0,9.0,"Worli, Mumbai",33.4,25.0,28.6,73,26.1,13.0,327,1008.9,0.0
2023-04-18,96.0,59.0,1.2857142857142856,14.0,1.0,9.0,"Worli, Mumbai",36.4,26.5,31.3,53,27.9,17.0,343,1009.2,0.0
2023-04-19,109.0,49.0,1.4285714285714286,12.0,1.0,9.0,"Worli, Mumbai",35.4,27.9,31.9,50,28.1,16.8,330,1007.0,0.0
2023-04-20,74.0,43.0,3.0,11.0,3.0,8.0,"Worli, Mumbai",34.4,26.6,29.9,64,26.2,14.0,313,1005.9,0.0
2023-04-21,62.0,32.0,3.0,7.0,3.0,8.0,"Worli, Mumbai",31.5,24.9,28.1,73,21.8,11.2,312,1006.7,0.0
2023-04-22,52.0,41.0,3.0,7.0,3.0,8.0,"Worli, Mumbai",30.8,24.4,27.6,80,21.2,10.4,286,1007.2,0.1
2023-04-23,62.0,41.0,2.0,8.0,3.0,8.0,"Worli, Mumbai",31.1,24.6,27.9,76,22.5,11.6,300,1007.4,0.0
2023-04-24,74.0,51.0,1.0,8.0,3.0,8.0,"Worli, Mumbai",31.3,25.0,28.0,79,25.8,11.7,308,1007.6,0.0
2023-04-25,94.0,50.0,9.0,5.0,3.0,8.0,"Worli, Mumbai",31.8,25.5,28.3,82,22.7,10.5,269,1007.7,0.0
2023-04-26,87.0,47.0,2.0,10.0,1.0,8.0,"Worli, Mumbai",30.7,26.7,28.5,75,23.1,14.0,235,1008.3,0.0
2023-04-27,76.0,25.0,3.5,6.0,1.0,8.5,"Worli, Mumbai",31.1,25.1,28.2,75,23.5,10.2,306,1008.4,0.0
2023-04-28,52.0,36.0,5.0,7.0,1.0,9.0,"Worli, Mumbai",31.2,26.0,28.5,73,19.6,10.8,311,1009.2,0.0
2023-04-29,61.0,39.0,7.75,5.0,1.0,9.0,"Worli, Mumbai",31.1,26.6,28.3,71,22.1,10.1,297,1008.7,0.4
2023-04-30,64.0,29.0,10.5,7.0,3.0,9.0,"Worli, Mumbai",30.9,25.0,28.1,71,21.5,9.6,298,1007.3,0.0
2023-05-01,55.0,31.0,13.25,4.0,1.0,9.0,"Worli, Mumbai",30.8,25.4,28.1,69,17.0,9.1,282,1007.2,1.7
2023-05-02,56.0,33.0,16.0,2.5,2.0,9.0,"Worli, Mumbai",30.7,25.6,28.6,66,18.4,8.6,277,1007.8,1.0
2023-05-03,61.0,41.0,1.0,1.0,2.0,10.0,"Worli, Mumbai",31.1,26.7,28.6,68,18.8,10.1,290,1009.2,0.0
2023-05-04,69.0,39.0,5.0,1.0,8.5,3.0,"Worli, Mumbai",31.2,25.5,28.1,73,20.9,9.6,302,1008.7,1.1
2023-05-05,75.0,45.0,1.0,1.0,15.0,16.0,"Worli, Mumbai",31.4,25.4,28.4,75,22.1,10.0,293,1008.0,0.1
2023-05-06,81.0,50.5,1.0,1.0,8.5,15.0,"Worli, Mumbai",31.4,25.7,28.5,77,24.3,11.9,307,1008.0,0.4
2023-05-07,76.5,56.0,1.0,1.0,2.0,14.0,"Worli, Mumbai",29.8,25.7,27.9,80,17.7,9.1,313,1008.2,6.9
2023-05-08,72.0,46.0,1.0,3.0,2.0,13.0,"Worli, Mumbai",31.9,27.8,29.5,74,21.2,11.9,296,1007.4,0.2
2023-05-09,67.0,57.0,1.0,1.0,2.0,13.0,"Worli, Mumbai",32.6,27.6,29.9,76,21.5,10.5,295,1007.7,0.0
2023-05-10,81.0,57.0,2.0,2.0,2.0,14.0,"Worli, Mumbai",32.9,27.8,30.0,80,24.1,10.6,290,1006.7,0.0
2023-05-11,93.0,53.0,1.5,2.0,2.0,14.0,"Worli, Mumbai",33.4,27.1,30.2,79,20.2,10.4,238,1006.9,0.0
2023-05-12,84.0,38.0,1.0,2.0,1.0,14.0,"Worli, Mumbai",32.7,27.9,30.0,81,20.9,12.2,225,1007.6,0.0
2023-05-13,63.0,21.0,1.0,1.0,2.0,14.0,"Worli, Mumbai",32.5,28.1,30.1,78,19.8,14.4,229,1008.4,0.0
2023-05-14,35.0,48.0,15.0,12.0,8.0,12.0,"Worli, Mumbai",32.5,27.8,29.9,76,18.4,11.3,251,1007.9,0.0
2023-05-15,90.0,36.0,3.0,1.0,4.5,14.0,"Worli, Mumbai",32.5,28.3,30.2,75,20.5,12.9,268,1008.7,0.6
2023-05-16,62.0,31.0,2.0,2.0,1.0,13.0,"Worli, Mumbai",33.1,28.1,30.5,70,18.1,11.3,274,1010.1,0.3
2023-05-17,55.0,34.0,1.0,2.0,1.0,12.0,"Worli, Mumbai",32.8,27.7,30.0,73,24.6,12.7,296,1010.2,0.0
2023-05-18,47.0,32.0,3.0,2.0,1.0,12.0,"Worli, Mumbai",32.8,27.5,29.9,76,26.3,14.3,316,1011.4,0.0
2023-05-19,41.0,33.0,2.333333333333333,1.6666666666666667,1.0,12.0,"Worli, Mumbai",33.1,27.2,29.8,79,25.8,15.4,318,1009.9,0.2
2023-05-21,47.66666666666666,35.0,1.0,1.0,1.0,12.0,"Worli, Mumbai",32.3,28.1,29.9,72,21.7,12.5,299,1010.1,0.0
2023-05-22,51.0,31.0,6.0,1.0,6.0,13.0,"Worli, Mumbai",32.4,27.6,29.7,75,19.7,11.8,305,1010.7,0.1
2023-05-23,49.0,35.0,2.0,1.0,7.0,13.0,"Worli, Mumbai",33.1,26.9,29.6,78,25.4,14.0,317,1010.6,0.0
2023-05-24,59.0,31.0,2.25,1.0,6.0,13.0,"Worli, Mumbai",32.6,27.7,30.0,75,20.9,13.2,281,1010.2,0.0
2023-05-25,54.0,39.0,2.5,1.0,6.0,12.0,"Worli, Mumbai",32.6,28.4,30.6,66,21.7,14.5,261,1010.8,0.0
2023-05-26,57.0,37.0,2.75,2.0,5.0,13.0,"Worli, Mumbai",32.4,29.1,30.6,66,23.1,16.8,261,1011.1,1.5
2023-05-27,56.0,31.0,3.0,1.0,6.0,13.0,"Worli, Mumbai",33.3,28.8,30.9,62,20.5,14.5,259,1010.1,0.0
2023-05-28,53.0,30.0,2.0,2.0,7.0,13.0,"Worli, Mumbai",33.3,28.7,30.9,67,19.8,13.5,286,1009.1,0.0
2023-05-29,48.0,32.0,2.0,1.0,7.0,14.0,"Worli, Mumbai",32.9,28.4,30.3,75,26.7,12.5,303,1008.6,0.0
2023-05-30,47.0,39.0,2.0,2.0,7.0,17.0,"Worli, Mumbai",33.0,27.4,30.2,80,22.6,11.6,300,1008.6,0.0
2023-05-31,56.0,37.0,2.0,1.0,2.0,16.0,"Worli, Mumbai",33.8,28.1,30.5,79,26.4,14.8,316,1008.1,0.0
2023-06-01,48.0,33.0,1.0,1.0,1.0,16.0,"Worli, Mumbai",32.9,27.6,30.0,81,23.7,12.4,295,1008.1,0.0
2023-06-02,49.0,25.0,3.0,1.0,1.0,16.0,"Worli, Mumbai",32.9,28.3,30.5,72,19.6,12.0,288,1009.0,0.0
2023-06-03,33.0,32.0,2.5,1.0,2.0,16.0,"Worli, Mumbai",34.1,29.2,31.3,67,20.0,14.4,275,1008.3,0.1
2023-06-04,40.0,35.0,2.0,1.0,1.0,16.0,"Worli, Mumbai",32.8,28.9,30.8,72,19.3,13.0,276,1008.1,1.9
2023-06-05,47.0,39.0,1.0,1.0,3.0,16.0,"Worli, Mumbai",32.6,28.9,30.5,72,21.3,13.7,270,1007.6,0.8
2023-06-06,55.0,39.0,3.0,1.0,8.0,14.0,"Worli, Mumbai",33.5,28.9,30.8,69,17.7,12.6,263,1007.2,0.5
2023-06-07,59.0,32.0,1.0,1.0,7.0,11.0,"Worli, Mumbai",33.0,29.0,30.9,69,18.7,13.1,240,1006.9,0.0
2023-06-08,50.0,40.0,1.0,1.0,6.0,13.0,"Worli, Mumbai",33.3,29.8,31.1,69,19.0,14.4,217,1007.2,0.5
2023-06-09,37.0,43.0,1.0,2.0,2.0,19.0,"Worli, Mumbai",32.5,28.5,30.6,76,33.5,20.3,196,1005.2,1.4
2023-06-10,38.0,33.0,1.0,1.0,1.0,20.0,"Worli, Mumbai",32.9,28.1,30.3,75,34.9,25.9,185,1003.6,3.7
2023-06-11,49.0,39.0,1.0,1.0,2.0,19.0,"Worli, Mumbai",32.7,26.1,29.7,73,35.7,26.9,174,1003.0,4.6
2023-06-12,64.0,39.0,1.0,1.0,3.0,17.0,"Worli, Mumbai",32.3,26.7,28.8,78,44.1,32.1,181,1002.8,13.2
2023-06-13,66.0,45.0,1.0,1.0,3.0,16.0,"Worli, Mumbai",30.9,26.5,28.4,80,38.1,31.4,184,1004.4,4.8
2023-06-14,60.0,41.0,4.0,1.0,2.0,16.0,"Worli, Mumbai",30.0,25.6,28.6,78,36.4,29.3,191,1006.3,2.5
2023-06-15,53.0,44.0,2.0,2.0,3.0,16.0,"Worli, Mumbai",31.7,28.2,29.8,74,35.5,32.2,203,1006.3,3.0
2023-06-16,53.0,40.0,1.75,1.0,2.0,15.0,"Worli, Mumbai",31.1,27.5,29.5,75,38.3,32.9,214,1005.6,4.4
2023-06-17,58.0,46.0,1.5,1.0,2.0,16.0,"Worli, Mumbai",31.3,27.5,29.2,79,28.3,23.9,230,1006.6,6.2
2023-06-18,61.0,44.0,1.25,1.0,4.0,16.0,"Worli, Mumbai",30.9,27.6,29.1,79,23.2,18.8,247,1007.1,4.1
2023-06-19,62.0,49.0,1.0,1.0,4.0,17.0,"Worli, Mumbai",30.8,27.8,29.3,78,20.6,17.3,249,1006.1,2.0
2023-06-20,63.0,46.0,2.0,1.0,4.0,17.0,"Worli, Mumbai",30.7,27.9,29.2,79,21.3,15.2,249,1005.3,1.6
2023-06-21,62.0,42.0,5.0,1.0,3.0,17.0,"Worli, Mumbai",31.0,27.9,29.3,80,21.4,14.3,242,1005.6,1.5
2023-06-22,56.0,35.0,7.0,1.0,3.0,17.0,"Worli, Mumbai",31.0,27.8,29.4,77,19.7,15.0,244,1005.8,3.2
2023-06-23,56.0,31.0,4.0,1.0,3.0,17.0,"Worli, Mumbai",30.1,27.0,28.5,81,21.2,14.8,217,1005.5,3.7
2023-06-24,56.0,22.0,3.5,1.0,4.0,18.0,"Worli, Mumbai",28.5,25.4,26.9,86,19.2,12.7,218,1004.4,22.5
2023-06-25,53.0,52.0,3.0,1.0,3.0,17.0,"Worli, Mumbai",27.5,25.5,26.6,89,20.1,13.4,220,1004.4,18.1
2023-06-26,61.0,36.0,8.0,1.0,3.0,17.0,"Worli, Mumbai",27.1,25.2,26.0,89,20.1,16.1,215,1005.8,22.3
2023-06-27,49.0,29.0,1.0,1.0,3.0,17.0,"Worli, Mumbai",27.1,25.1,26.1,90,22.7,15.8,224,1005.4,21.6
2023-06-28,49.0,38.0,3.0,1.0,3.0,17.0,"Worli, Mumbai",27.9,25.8,26.6,89,23.6,18.1,236,1005.9,49.3
2023-06-29,51.0,39.0,1.0,1.0,2.0,17.0,"Worli, Mumbai",27.3,25.8,26.3,90,23.3,18.7,244,1006.2,51.6
2023-06-30,48.0,44.0,3.0,2.0,2.0,17.0,"Worli, Mumbai",26.9,25.5,26.3,90,29.8,23.0,247,1006.2,55.0
2023-07-01,57.0,40.0,2.0,1.0,3.0,17.0,"Worli, Mumbai",28.1,25.7,26.4,89,24.8,19.4,233,1006.9,32.3
2023-07-02,53.0,38.0,2.0,1.0,3.0,18.0,"Worli, Mumbai",28.1,25.6,26.8,88,22.7,18.4,231,1006.1,49.6
2023-07-03,45.0,25.0,2.333333333333333,1.0,4.0,20.0,"Worli, Mumbai",28.8,26.2,27.3,88,20.4,15.0,233,1004.3,12.1
2023-07-04,44.0,35.0,2.6666666666666665,1.0,4.0,20.0,"Worli, Mumbai",28.6,25.6,27.0,89,17.4,12.7,235,1002.7,52.3
2023-07-05,61.0,25.0,3.0,2.0,3.0,18.0,"Worli, Mumbai",28.2,25.5,26.8,88,15.6,11.5,226,1001.0,18.0
2023-07-06,34.0,34.0,3.0,2.0,3.0,17.0,"Worli, Mumbai",27.3,25.3,26.0,91,28.1,15.3,225,1002.2,102.1
2023-07-07,41.0,57.0,3.0,2.0,3.0,17.0,"Worli, Mumbai",27.9,25.6,26.5,89,30.9,24.3,235,1003.3,58.7
2023-07-08,75.0,53.0,4.0,2.0,2.0,17.0,"Worli, Mumbai",29.1,25.5,27.6,84,31.7,26.4,234,1005.1,13.2
2023-07-09,61.0,52.0,4.0,2.0,3.0,16.0,"Worli, Mumbai",29.0,25.9,27.6,82,29.3,24.1,232,1005.9,8.4
2023-07-10,57.0,55.0,7.0,1.0,4.0,17.0,"Worli, Mumbai",28.9,26.4,27.7,81,23.5,20.1,237,1006.5,4.2
2023-07-11,62.0,49.0,7.0,1.0,4.0,17.0,"Worli, Mumbai",29.3,25.9,27.7,82,21.5,16.3,253,1006.7,5.7
2023-07-12,51.0,54.0,7.0,1.0,6.0,17.0,"Worli, Mumbai",27.2,25.2,26.3,89,14.5,8.9,232,1005.9,9.8
2023-07-13,62.0,29.0,4.0,2.0,4.0,17.0,"Worli, Mumbai",27.3,25.0,26.2,89,19.1,13.8,216,1005.5,12.0
2023-07-14,55.0,52.0,1.0,1.5,5.0,18.0,"Worli, Mumbai",27.2,25.4,26.3,89,22.3,15.8,244,1006.8,30.5
2023-07-15,56.0,47.0,1.0,1.0,4.0,17.0,"Worli, Mumbai",27.5,25.6,26.3,89,17.1,13.0,246,1007.5,16.3
2023-07-16,56.0,27.0,1.0,2.0,4.0,18.0,"Worli, Mumbai",27.6,25.1,25.9,90,18.5,11.9,237,1006.7,23.3
2023-07-17,44.0,41.0,1.0,2.0,5.0,17.0,"Worli, Mumbai",27.4,24.7,26.0,89,23.2,17.1,241,1005.4,59.9
2023-07-18,57.0,46.0,2.0,2.0,6.0,17.0,"Worli, Mumbai",26.7,25.7,26.1,90,27.7,22.8,254,1004.2,61.0
2023-07-19,66.0,53.0,1.0,3.0,7.0,16.0,"Worli, Mumbai",27.4,25.6,26.4,90,25.4,22.1,261,1002.1,43.8
2023-07-20,77.0,36.0,2.5,3.0,7.0,17.0,"Worli, Mumbai",27.8,25.8,26.8,86,27.8,21.3,260,1002.5,21.9
2023-07-21,66.0,40.0,4.0,2.0,8.0,16.0,"Worli, Mumbai",27.6,25.8,26.6,89,23.5,18.5,254,1004.2,43.1
2023-07-22,71.0,29.0,2.0,1.0,8.0,16.0,"Worli, Mumbai",26.5,25.2,26.0,90,23.9,20.8,256,1004.9,43.6
2023-07-23,53.0,45.0,1.0,2.0,7.0,16.0,"Worli, Mumbai",27.7,25.5,26.4,89,31.7,24.3,248,1003.8,35.4
2023-07-24,63.0,43.0,1.0,3.0,8.0,16.0,"Worli, Mumbai",27.8,25.5,26.3,89,29.8,23.7,245,1004.2,60.7
2023-07-25,73.0,27.0,1.0,3.0,7.0,16.0,"Worli, Mumbai",27.1,25.2,26.1,90,22.5,19.2,248,1006.0,52.9
2023-07-26,53.0,27.0,1.0,2.0,7.0,15.0,"Worli, Mumbai",26.9,25.2,26.0,91,28.4,21.0,258,1007.0,85.2
2023-07-27,59.0,31.0,1.0,2.0,7.0,15.0,"Worli, Mumbai",27.2,25.6,26.2,89,24.5,22.7,267,1007.4,89.0
2023-07-28,61.0,38.0,1.25,2.0,8.0,16.0,"Worli, Mumbai",26.9,25.1,25.9,90,24.0,19.6,268,1007.6,51.5
2023-07-29,66.0,39.0,1.5,1.6666666666666667,9.666666666666666,18.33333333333333,"Worli, Mumbai",28.4,25.5,26.9,84,26.2,21.2,256,1007.8,11.0
2023-07-31,62.66666666666666,41.0,2.0,1.0,13.0,23.0,"Worli, Mumbai",28.2,25.9,26.9,85,27.3,20.9,251,1006.5,14.1
2023-08-01,61.0,47.0,2.0,1.0,13.0,23.0,"Worli, Mumbai",28.8,25.4,27.0,84,27.9,22.2,250,1006.6,8.9
2023-08-02,70.0,44.0,2.0,1.0,12.0,22.0,"Worli, Mumbai",28.4,24.2,26.8,84,28.9,22.6,247,1007.2,10.3
2023-08-03,69.0,43.0,2.0,1.0,10.0,21.0,"Worli, Mumbai",28.4,26.3,27.2,83,28.7,24.9,250,1006.6,4.0
2023-08-04,66.0,1.0,14.0,1.0,10.0,21.0,"Worli, Mumbai",28.2,26.7,27.3,85,27.2,23.6,250,1007.5,3.2
2023-08-05,66.80645161290323,1.0,4.0,1.0,10.0,21.0,"Worli, Mumbai",28.9,25.8,27.4,83,25.9,22.7,248,1009.4,4.2
2023-08-06,67.61290322580645,31.0,3.0,1.0,9.0,21.0,"Worli, Mumbai",28.5,26.4,27.4,83,25.1,22.6,252,1009.0,2.6
2023-08-07,68.41935483870968,34.0,2.0,2.0,10.0,21.0,"Worli, Mumbai",28.6,26.0,27.4,83,28.3,23.5,247,1007.3,2.4
2023-08-08,52.5,35.0,3.0,1.0,10.0,21.0,"Worli, Mumbai",28.8,26.2,27.4,83,26.0,21.2,246,1007.6,3.2
2023-08-09,52.5,34.0,2.0,1.0,10.0,21.0,"Worli, Mumbai",28.8,26.1,27.3,83,20.9,17.5,251,1009.6,1.7
2023-08-10,52.5,36.0,1.0,1.0,10.0,22.0,"Worli, Mumbai",28.2,25.6,26.8,85,18.5,14.5,247,1010.3,4.8
2023-08-11,52.5,35.0,15.500000000000002,1.0,11.0,22.0,"Worli, Mumbai",28.7,25.9,27.4,81,16.5,13.1,264,1009.8,3.2
2023-08-12,52.5,36.0,30.0,1.0,11.0,22.0,"Worli, Mumbai",27.1,24.5,26.0,86,20.7,12.4,248,1009.8,7.2
2023-08-13,52.5,35.0,4.0,1.0,10.0,21.0,"Worli, Mumbai",28.7,25.6,27.2,82,26.1,19.5,255,1008.1,4.1
2023-08-14,52.5,34.714285714285715,3.7142857142857135,1.0,10.285714285714286,21.0,"Worli, Mumbai",29.1,26.1,27.5,80,26.2,21.3,238,1008.3,2.1
2023-08-20,52.5,33.0,2.0,1.0,12.0,23.0,"Worli, Mumbai",27.7,24.8,26.2,87,16.7,11.6,295,1007.2,9.7
2023-08-21,52.5,35.0,1.0,1.0,12.0,22.0,"Worli, Mumbai",28.5,25.1,26.6,85,17.9,10.5,283,1007.6,3.4
2023-08-22,52.5,36.0,1.0,1.0,11.0,22.0,"Worli, Mumbai",28.1,25.3,26.6,85,19.5,11.0,261,1007.6,2.5
2023-08-23,52.5,35.0,1.0,1.0,11.0,21.0,"Worli, Mumbai",29.2,25.4,27.3,81,22.3,14.6,246,1007.4,3.6
2023-08-24,52.5,35.0,1.0,1.0,10.0,21.0,"Worli, Mumbai",28.2,25.7,26.7,85,23.0,16.2,227,1006.6,5.6
2023-08-25,52.5,33.0,1.0,2.0,10.0,21.0,"Worli, Mumbai",28.0,25.3,26.7,86,21.7,16.5,222,1006.6,7.4
2023-08-26,52.5,35.0,1.0,2.0,11.0,21.0,"Worli, Mumbai",27.5,24.3,26.3,87,21.3,16.4,229,1008.1,18.6
2023-08-27,52.5,34.0,1.0,1.0,11.0,22.0,"Worli, Mumbai",27.2,24.1,25.7,89,17.0,12.0,223,1009.2,13.9
2023-08-28,52.5,33.0,1.0,1.0,11.0,23.0,"Worli, Mumbai",27.1,24.8,25.9,87,20.2,12.1,221,1008.7,5.0
2023-08-29,52.5,34.0,1.0,1.0,11.0,23.0,"Worli, Mumbai",28.2,25.2,26.5,86,13.1,8.1,240,1008.4,3.2
2023-08-30,52.5,34.0,4.0,1.0,11.0,23.0,"Worli, Mumbai",29.0,24.6,26.7,87,14.7,7.2,275,1009.1,1.0
2023-08-31,52.5,34.0,4.0,1.0,11.0,23.0,"Worli, Mumbai",29.7,25.0,27.3,86,16.5,7.5,318,1008.9,0.2
2023-09-01,74.0,35.0,3.0,1.0,11.0,23.0,"Worli, Mumbai",30.1,24.1,27.2,86,19.6,7.7,322,1008.7,1.2
2023-09-02,74.0,33.0,1.0,3.5,11.0,25.0,"Worli, Mumbai",28.5,25.1,26.5,89,13.0,5.6,321,1008.7,4.4
2023-09-03,74.0,46.0,8.0,6.0,9.0,20.0,"Worli, Mumbai",29.0,25.1,27.0,86,18.1,8.1,306,1007.8,10.6
2023-09-04,91.0,34.0,1.0,1.0,11.0,24.0,"Worli, Mumbai",29.4,24.1,26.9,84,18.8,9.2,316,1006.6,1.7
2023-09-05,76.0,35.0,1.0,1.0,12.0,23.0,"Worli, Mumbai",29.0,25.0,27.1,82,18.4,10.9,310,1006.1,2.2
2023-09-06,77.32,33.0,1.0,1.0,11.0,25.0,"Worli, Mumbai",29.8,26.3,27.9,80,18.6,12.0,296,1006.0,0.4
2023-09-07,78.64,33.0,2.5,1.0,12.0,25.0,"Worli, Mumbai",28.2,24.8,27.1,85,21.5,14.3,281,1005.9,12.5
2023-09-08,79.96,39.0,4.0,1.0,12.0,25.0,"Worli, Mumbai",28.2,26.1,26.8,88,23.9,17.5,292,1006.1,39.8
2023-09-11,74.0,52.0,4.0,1.0,13.0,27.0,"Worli, Mumbai",28.6,24.7,26.3,89,15.8,9.7,256,1007.0,3.8
2023-09-12,74.0,51.0,3.0,1.0,13.0,27.0,"Worli, Mumbai",29.1,24.6,27.0,85,19.5,10.6,256,1007.6,6.6
2023-09-13,74.0,50.0,3.0,1.0,14.0,28.0,"Worli, Mumbai",27.9,25.2,26.5,87,12.6,8.3,242,1007.1,4.7
2023-09-14,74.0,52.0,3.0,1.0,15.0,28.0,"Worli, Mumbai",28.3,24.8,26.7,85,14.7,9.0,222,1007.2,1.6
2023-09-15,74.0,46.0,3.0,1.0,16.0,25.0,"Worli, Mumbai",29.1,24.9,27.3,82,17.4,10.0,241,1007.0,2.0
2023-09-16,74.0,49.0,4.0,1.0,16.0,24.0,"Worli, Mumbai",28.5,25.1,27.2,83,23.5,17.2,253,1006.6,7.3
2023-09-17,74.0,43.0,3.0,1.0,17.0,25.0,"Worli, Mumbai",29.2,25.7,27.4,82,24.8,20.6,241,1005.6,6.5
2023-09-18,74.0,45.0,4.0,1.0,16.0,26.0,"Worli, Mumbai",27.5,25.1,26.1,88,25.3,18.9,217,1005.7,24.6
2023-09-19,74.0,29.0,4.0,1.0,17.0,26.0,"Worli, Mumbai",28.2,25.4,26.5,87,23.7,20.4,204,1007.0,12.4
2023-09-20,74.0,30.0,3.0,1.0,23.0,27.0,"Worli, Mumbai",28.2,25.9,26.6,88,23.2,18.8,205,1007.6,12.1
2023-09-21,74.0,29.0,3.0,1.0,21.0,28.0,"Worli, Mumbai",28.0,25.6,26.7,89,17.1,12.0,219,1007.9,17.5
2023-09-22,74.0,42.0,4.0,1.0,19.0,28.0,"Worli, Mumbai",28.0,25.1,26.5,90,12.5,8.7,186,1008.2,15.6
2023-09-23,74.0,36.0,4.0,1.0,17.0,28.0,"Worli, Mumbai",27.9,25.4,26.3,91,17.6,7.0,210,1008.8,28.2
2023-09-24,74.0,44.0,3.0,1.0,17.0,28.0,"Worli, Mumbai",27.5,24.8,26.3,89,12.0,7.2,229,1009.2,15.1
2023-09-25,74.0,52.0,2.0,2.0,16.0,26.0,"Worli, Mumbai",28.2,24.8,26.4,88,15.8,7.6,263,1008.2,18.1
2023-09-26,74.0,47.0,3.0,3.0,16.0,28.0,"Worli, Mumbai",28.9,24.7,26.5,89,14.5,6.8,271,1007.9,3.7
2023-09-27,74.0,62.0,3.0,2.0,17.0,28.0,"Worli, Mumbai",28.9,24.4,26.3,90,16.5,7.3,344,1007.3,23.3
2023-09-28,74.0,62.0,4.0,3.0,16.0,28.0,"Worli, Mumbai",30.1,24.5,26.8,91,21.8,8.1,339,1005.9,9.6
2023-09-29,74.0,51.0,3.0,4.0,16.0,28.0,"Worli, Mumbai",30.6,25.9,27.6,91,12.4,6.3,42,1005.3,23.5
2023-09-30,109.0,58.2,2.0,2.0,15.0,27.5,"Worli, Mumbai",32.2,25.5,28.0,89,19.0,6.6,32,1004.9,10.9
2023-10-01,89.0,65.4,4.0,3.0,14.0,27.0,"Worli, Mumbai",30.6,26.8,28.5,88,18.2,8.3,279,1005.5,1.5
2023-10-02,83.0,72.6,3.0,2.0,15.0,27.0,"Worli, Mumbai",29.0,24.3,27.5,87,15.4,9.8,240,1008.8,6.9
2023-10-03,78.0,65.0,5.0,3.0,19.0,28.0,"Worli, Mumbai",29.5,26.0,27.5,82,13.9,7.0,289,1010.2,0.3
2023-10-04,80.0,87.0,3.0,4.0,19.0,28.0,"Worli, Mumbai",29.3,24.3,27.2,85,15.7,7.4,282,1010.8,2.6
2023-10-05,92.0,81.0,3.0,6.0,18.0,27.0,"Worli, Mumbai",30.3,24.6,27.3,86,17.5,9.2,326,1010.4,0.1
2023-10-06,96.0,74.0,3.0,4.0,17.0,27.0,"Worli, Mumbai",29.9,24.9,27.2,85,18.6,9.2,334,1009.6,0.4
2023-10-07,98.0,72.0,3.0,4.0,18.0,27.0,"Worli, Mumbai",30.3,24.6,27.2,86,19.6,10.7,348,1009.7,0.1
2023-10-08,102.0,78.0,4.0,6.0,20.0,28.0,"Worli, Mumbai",31.4,25.0,27.7,83,19.5,10.9,348,1010.4,0.0
2023-10-09,137.0,61.0,3.0,6.0,18.0,26.0,"Worli, Mumbai",32.3,24.3,28.1,80,17.5,10.7,341,1011.6,0.0
2023-10-10,88.0,56.0,3.0,4.0,15.0,26.0,"Worli, Mumbai",32.0,23.7,27.7,76,21.3,11.8,347,1011.7,0.0
2023-10-11,67.0,73.0,4.0,6.0,15.0,27.0,"Worli, Mumbai",31.3,24.7,27.6,79,21.5,12.5,345,1011.6,0.0
2023-10-12,121.0,130.0,3.0,6.0,15.0,28.0,"Worli, Mumbai",31.4,24.2,28.0,84,18.4,10.8,336,1011.6,0.0
2023-10-13,181.0,106.0,3.0,3.0,16.0,25.8,"Worli, Mumbai",32.8,25.7,28.6,85,19.5,9.1,334,1011.9,0.0
2023-10-14,167.0,84.0,3.0,4.0,16.0,23.6,"Worli, Mumbai",32.0,25.0,28.4,86,16.6,7.9,326,1012.0,0.0
2023-10-15,155.0,100.0,3.0,4.0,17.0,21.4,"Worli, Mumbai",33.3,25.4,28.7,85,18.7,9.0,342,1010.5,0.6
2023-10-16,171.0,84.0,4.0,3.0,19.0,6.0,"Worli, Mumbai",32.4,24.9,28.8,74,17.3,7.5,341,1010.3,0.5
2023-10-17,160.0,97.0,4.0,4.0,16.0,17.0,"Worli, Mumbai",31.6,25.3,28.2,78,13.1,7.5,315,1011.6,0.0
2023-10-18,159.0,94.0,3.0,5.0,10.0,5.0,"Worli, Mumbai",33.6,24.8,28.9,75,20.8,9.7,348,1012.2,0.0
2023-10-19,151.0,106.0,3.0,6.0,10.0,5.0,"Worli, Mumbai",33.5,25.3,28.9,64,15.7,9.2,347,1012.0,0.0
2023-10-20,157.0,99.0,3.0,5.0,10.0,6.0,"Worli, Mumbai",33.7,24.0,28.7,69,12.5,8.3,354,1011.7,0.0
2023-10-21,159.0,116.0,4.0,4.0,10.0,6.0,"Worli, Mumbai",34.5,24.5,29.3,68,15.5,7.8,42,1012.3,0.1
2023-10-22,171.0,103.0,4.0,5.0,10.0,6.0,"Worli, Mumbai",33.3,24.7,28.8,70,17.1,8.1,345,1012.9,0.0
2023-10-23,165.0,116.0,3.0,4.0,10.0,6.0,"Worli, Mumbai",34.2,24.3,28.7,68,20.5,9.3,353,1011.6,0.0
2023-10-24,167.0,105.0,3.0,6.0,10.0,6.0,"Worli, Mumbai",34.1,23.3,28.7,63,17.9,8.9,358,1011.2,0.0
2023-10-25,161.0,141.0,4.0,7.0,10.0,6.0,"Worli, Mumbai",33.9,23.0,28.2,63,18.0,9.6,349,1012.6,0.0
2023-10-26,148.0,90.0,3.0,8.0,9.0,6.0,"Worli, Mumbai",34.1,22.6,28.1,59,21.9,10.1,358,1012.9,0.0
2023-10-27,120.0,101.0,3.0,9.0,9.0,6.0,"Worli, Mumbai",34.2,21.8,27.6,56,20.9,10.4,359,1011.6,0.0
2023-10-28,149.0,100.0,3.0,7.0,10.0,6.0,"Worli, Mumbai",34.0,21.5,27.4,60,18.8,10.0,6,1011.2,0.0
2023-10-29,154.0,104.0,3.0,9.0,10.0,6.0,"Worli, Mumbai",34.5,22.1,27.6,56,19.1,10.1,14,1010.8,0.0
2023-10-30,156.5,110.0,3.0,10.0,9.0,6.0,"Worli, Mumbai",34.7,21.8,27.7,62,16.5,8.2,15,1010.7,0.0
2023-10-31,159.0,107.0,2.0,12.0,9.0,6.0,"Worli, Mumbai",34.4,22.3,28.1,63,18.4,9.0,8,1011.3,0.0
2023-11-01,165.0,104.0,3.0,11.0,10.0,6.0,"Worli, Mumbai",33.8,22.3,27.7,60,17.2,9.0,351,1012.1,0.0
2023-11-02,166.0,103.0,3.0,12.0,9.0,6.0,"Worli, Mumbai",33.7,22.4,27.5,62,19.6,9.8,357,1011.3,0.0
2023-11-03,166.0,109.0,3.0,10.0,10.0,6.0,"Worli, Mumbai",34.6,23.2,28.1,59,22.0,11.6,9,1009.6,0.0
2023-11-04,166.0,112.0,3.0,8.0,10.0,6.0,"Worli, Mumbai",35.3,23.6,28.5,59,19.1,9.4,17,1009.1,0.0
2023-11-05,173.0,106.0,6.0,10.0,9.0,6.0,"Worli, Mumbai",34.5,23.3,28.8,63,15.5,9.2,1,1010.6,0.0
2023-11-06,153.0,108.0,3.0,12.0,9.0,6.0,"Worli, Mumbai",34.9,23.6,28.6,60,21.1,9.6,4,1011.7,0.0
2023-11-07,77.0,85.0,2.0,7.0,9.0,6.0,"Worli, Mumbai",33.6,22.5,27.6,59,22.6,9.9,353,1011.7,0.0
2023-11-08,55.0,80.0,3.0,8.0,13.0,8.0,"Worli, Mumbai",31.6,24.7,28.0,74,22.8,9.7,204,1011.6,0.0
2023-11-09,47.0,69.0,3.0,14.0,3.0,13.0,"Worli, Mumbai",33.0,24.8,28.4,77,15.3,6.5,333,1012.2,0.1
2023-11-10,34.0,74.0,3.0,15.0,3.0,14.0,"Worli, Mumbai",32.2,25.3,28.4,74,18.9,7.6,102,1013.5,0.1
2023-11-11,44.0,74.625,3.0,14.0,3.0,13.125,"Worli, Mumbai",34.7,24.4,29.3,64,21.1,10.7,6,1013.6,0.0
2023-11-18,113.125,79.0,3.0,7.0,3.0,7.0,"Worli, Mumbai",33.2,21.9,27.0,64,15.5,8.5,353,1011.9,0.0
2023-11-19,123.0,76.0,2.0,7.0,4.0,7.0,"Worli, Mumbai",31.9,21.4,27.0,65,19.5,10.5,343,1011.9,0.0
2023-11-20,111.0,80.0,2.5,7.0,4.0,7.0,"Worli, Mumbai",33.7,23.2,28.0,62,18.1,8.9,343,1012.2,0.0
2023-11-21,121.5,84.0,3.0,7.0,4.0,7.0,"Worli, Mumbai",33.7,24.3,28.6,61,21.4,10.3,349,1012.0,0.0
2023-11-22,132.0,79.0,3.0,5.0,3.0,5.0,"Worli, Mumbai",33.3,23.3,27.7,52,20.2,11.4,358,1011.4,0.0
2023-11-23,141.0,129.0,3.0,5.0,4.0,5.0,"Worli, Mumbai",32.8,22.6,27.2,54,19.9,11.1,351,1009.6,0.0
2023-11-24,164.0,52.0,3.0,5.0,4.0,4.0,"Worli, Mumbai",33.8,22.5,27.6,61,16.3,8.3,3,1009.5,0.0
2023-11-25,78.0,39.0,2.0,4.0,4.0,4.0,"Worli, Mumbai",32.7,23.4,27.9,70,14.3,8.9,34,1011.3,0.0
2023-11-26,77.0,26.0,3.0,4.0,3.0,4.0,"Worli, Mumbai",30.5,24.1,27.2,79,22.7,8.3,210,1011.8,2.1
2023-11-27,35.0,40.0,3.0,3.0,3.0,3.0,"Worli, Mumbai",29.9,23.7,26.2,77,16.6,7.6,334,1011.2,1.4
2023-11-28,57.0,56.0,3.0,4.0,4.0,3.0,"Worli, Mumbai",29.6,23.2,26.0,73,17.6,9.7,334,1010.3,0.0
2023-11-29,80.0,58.0,3.0,4.0,3.0,4.0,"Worli, Mumbai",28.5,20.9,24.7,72,17.1,9.3,333,1011.2,0.0
2023-11-30,88.0,75.0,2.0,4.0,4.0,4.0,"Worli, Mumbai",29.4,21.0,24.9,78,19.4,9.7,335,1011.8,0.0
2023-12-01,122.0,67.0,3.0,4.0,4.0,4.0,"Worli, Mumbai",29.2,22.2,25.1,80,17.1,8.6,330,1011.5,0.0
2023-12-02,108.0,75.0,3.0,4.0,4.0,4.0,"Worli, Mumbai",30.8,20.9,25.7,77,16.5,7.7,339,1010.3,0.0
2023-12-03,113.0,74.0,2.0,5.0,4.0,5.0,"Worli, Mumbai",32.9,23.5,27.6,69,19.7,10.2,352,1010.4,0.0
2023-12-04,116.0,70.0,3.0,4.0,4.0,4.0,"Worli, Mumbai",32.8,24.0,27.8,68,21.7,10.8,342,1009.7,0.1
2023-12-05,375.0,68.0,3.0,4.0,4.0,4.0,"Worli, Mumbai",32.3,24.8,27.8,65,21.7,13.2,348,1008.7,0.0
2023-12-06,244.0,66.0,3.0,4.0,4.0,4.0,"Worli, Mumbai",31.2,22.2,26.5,67,20.9,10.1,345,1009.8,0.0
2023-12-07,113.0,63.0,3.0,4.0,4.0,4.0,"Worli, Mumbai",30.9,22.3,26.0,68,20.1,11.2,348,1010.7,0.0
2023-12-08,108.0,69.0,3.0,4.0,4.0,4.0,"Worli, Mumbai",31.3,21.6,26.1,67,20.1,10.3,351,1011.3,0.0
2023-12-09,107.0,71.0,3.0,4.0,4.0,4.0,"Worli, Mumbai",32.0,21.8,26.2,64,20.5,10.6,351,1012.2,0.0
2023-12-10,103.0,69.0,3.0,5.0,4.0,4.0,"Worli, Mumbai",32.4,22.3,26.6,62,18.4,10.4,353,1011.2,0.0
2023-12-11,97.0,72.0,3.0,5.0,4.0,5.0,"Worli, Mumbai",32.0,21.8,26.7,57,17.9,11.0,349,1011.6,0.0
2023-12-12,101.0,70.5,2.5,5.5,3.5,5.5,"Worli, Mumbai",31.1,20.9,25.6,57,19.8,10.7,345,1011.0,0.0
2023-12-13,101.0,69.0,2.0,6.0,3.0,6.0,"Worli, Mumbai",30.5,20.4,25.2,62,19.5,9.1,341,1011.6,0.0
2023-12-14,101.0,78.0,3.0,6.0,3.0,6.0,"Worli, Mumbai",32.0,21.1,26.4,60,15.2,7.7,38,1012.7,0.0
2023-12-15,108.0,74.0,3.0,6.0,3.0,5.0,"Worli, Mumbai",31.6,20.9,26.0,55,14.9,9.7,8,1013.8,0.0
2023-12-16,99.0,77.0,3.0,6.0,4.0,5.0,"Worli, Mumbai",31.6,20.1,25.3,56,21.0,10.9,7,1013.3,0.0
2023-12-17,102.0,81.0,4.0,5.0,3.0,5.0,"Worli, Mumbai",31.9,21.2,25.8,56,20.5,11.4,18,1012.3,0.0
2023-12-18,111.0,80.0,3.0,5.0,3.0,5.0,"Worli, Mumbai",32.7,22.8,27.2,50,18.1,12.0,57,1012.9,0.0
2023-12-19,107.0,77.0,4.0,5.0,4.0,4.0,"Worli, Mumbai",32.5,23.7,27.0,53,17.5,11.1,43,1013.8,0.0
2023-12-20,95.0,84.0,3.0,5.0,4.0,5.0,"Worli, Mumbai",32.5,21.4,25.9,51,20.0,10.8,27,1013.9,0.0
2023-12-21,107.0,117.0,4.0,5.0,4.0,5.0,"Worli, Mumbai",32.7,21.6,26.2,56,20.3,10.7,9,1012.8,0.0
2023-12-22,148.0,95.5,3.8461538461538463,6.0,4.0,5.076923076923077,"Worli, Mumbai",31.0,21.1,26.0,64,14.3,7.7,345,1012.9,0.0
2023-12-23,141.0,74.0,3.692307692307693,6.0,4.0,5.153846153846154,"Worli, Mumbai",32.5,20.4,25.9,63,21.6,10.1,347,1013.6,0.0
2023-12-24,126.0,83.0,3.5384615384615383,6.0,4.0,5.230769230769231,"Worli, Mumbai",31.9,20.4,25.5,58,17.4,8.9,350,1014.7,0.0
2023-12-25,117.0,113.0,2.0,6.0,4.0,5.1923076923076925,"Worli, Mumbai",32.1,19.8,25.3,60,19.1,10.1,4,1014.7,0.0
2023-12-26,144.0,102.0,2.0,6.0,4.0,5.1923076923076925,"Worli, Mumbai",32.5,18.9,25.6,59,15.4,8.9,351,1014.7,0.0
2023-12-27,146.0,114.0,2.0,6.0,4.0,5.1923076923076925,"Worli, Mumbai",33.4,19.8,26.2,55,20.6,10.9,351,1014.8,0.0
2023-12-28,150.0,120.0,2.0,6.0,4.0,5.1923076923076925,"Worli, Mumbai",31.7,20.7,25.8,63,17.7,10.1,350,1013.2,0.0
2023-12-29,152.0,121.0,2.0,7.0,4.0,5.1923076923076925,"Worli, Mumbai",32.4,20.8,25.7,66,15.2,8.2,341,1013.2,0.0
2023-12-30,156.0,84.0,2.0,6.0,4.0,5.1923076923076925,"Worli, Mumbai",31.5,19.7,25.1,70,15.4,8.5,345,1013.0,0.0
2023-12-31,124.0,96.0,2.0,6.0,4.0,5.1923076923076925,"Worli, Mumbai",31.4,19.9,25.5,64,16.1,8.8,343,1012.4,0.0
2024-01-01,143.0,97.0,3.0,6.0,4.0,7.0,"Worli, Mumbai",31.1,20.7,25.4,66,17.6,9.6,340,1012.6,0.0
2024-01-02,136.0,80.0,3.0,6.0,4.0,7.0,"Worli, Mumbai",30.4,20.2,24.8,67,22.4,11.0,337,1012.1,0.0
2024-01-03,116.0,95.0,2.0,6.0,3.0,6.0,"Worli, Mumbai",29.9,20.0,24.4,64,20.7,11.3,337,1011.5,0.0
2024-01-04,146.0,92.0,3.0,6.0,4.0,5.0,"Worli, Mumbai",28.8,19.5,23.7,73,20.1,12.7,333,1011.9,0.0
2024-01-05,141.0,88.0,3.0,6.0,3.0,6.0,"Worli, Mumbai",29.4,18.3,23.2,73,18.6,10.2,341,1012.2,0.0
2024-01-06,125.0,91.0,3.0,6.0,4.0,5.0,"Worli, Mumbai",31.4,19.8,25.1,61,22.8,13.0,338,1011.9,0.0
2024-01-07,127.0,76.0,3.0,6.0,3.0,5.0,"Worli, Mumbai",31.1,21.4,25.4,64,18.7,10.3,353,1012.0,0.0
2024-01-08,113.0,92.0,3.0,6.0,4.0,5.0,"Worli, Mumbai",32.1,21.9,26.7,57,19.1,11.7,3,1012.0,0.0
2024-01-09,123.0,59.0,4.0,5.0,3.0,5.0,"Worli, Mumbai",30.0,23.2,26.3,69,16.8,7.1,322,1012.7,0.1
2024-01-10,79.0,85.0,3.0,5.0,4.0,5.0,"Worli, Mumbai",29.7,22.3,25.9,71,13.5,8.5,43,1013.1,1.5
2024-01-11,109.0,81.0,3.0,6.0,3.0,5.0,"Worli, Mumbai",32.3,22.8,27.1,66,20.6,11.6,352,1013.2,0.1
2024-01-12,113.0,91.0,3.0,6.0,3.0,5.0,"Worli, Mumbai",33.4,23.0,27.5,62,21.5,11.0,353,1012.5,0.0
2024-01-13,119.0,152.0,3.0,6.0,4.0,5.0,"Worli, Mumbai",32.6,21.1,26.6,62,19.0,10.6,340,1013.4,0.0
2024-01-14,108.0,91.0,5.0,5.0,4.0,5.0,"Worli, Mumbai",32.5,21.4,26.5,49,21.2,12.3,347,1014.1,0.0
2024-01-15,58.0,55.0,4.0,5.0,4.0,4.0,"Worli, Mumbai",30.0,20.1,24.8,42,22.5,13.2,351,1014.0,0.0
2024-01-16,63.0,64.0,4.0,5.0,4.0,4.0,"Worli, Mumbai",28.4,17.2,22.5,58,19.0,10.4,339,1012.0,0.0
2024-01-17,89.0,59.0,4.0,5.0,3.0,5.0,"Worli, Mumbai",27.5,17.0,22.3,66,16.4,9.5,337,1011.5,0.0
2024-01-18,88.0,89.0,3.0,6.0,4.0,5.0,"Worli, Mumbai",27.3,17.4,22.4,67,19.1,9.6,332,1012.9,0.0
2024-01-19,100.0,93.0,3.0,6.0,4.0,6.0,"Worli, Mumbai",27.3,17.5,22.3,71,15.3,8.5,333,1012.6,0.0
2024-01-20,110.0,75.0,3.0,6.0,4.0,6.0,"Worli, Mumbai",28.2,18.8,23.1,65,23.4,12.1,340,1013.7,0.0
2024-01-21,80.0,78.0,3.0,6.0,4.0,6.0,"Worli, Mumbai",29.5,18.2,23.8,53,20.6,10.7,346,1013.3,0.0
2024-01-22,104.0,72.0,4.0,6.0,4.0,5.0,"Worli, Mumbai",29.0,17.7,23.4,56,20.0,10.2,337,1013.9,0.0
2024-01-23,83.0,69.0,3.0,5.0,4.0,5.0,"Worli, Mumbai",29.6,19.6,23.9,38,26.8,16.9,349,1014.4,0.0
2024-01-24,79.0,66.0,3.0,6.0,4.0,5.0,"Worli, Mumbai",30.3,18.9,24.0,38,22.2,15.4,355,1013.9,0.0
2024-01-25,95.0,83.0,3.0,7.0,4.0,7.0,"Worli, Mumbai",30.2,18.0,23.7,45,18.3,10.5,351,1014.8,0.0
2024-01-26,88.0,78.0,3.0,7.0,3.0,6.0,"Worli, Mumbai",31.2,17.6,24.0,50,18.1,9.8,344,1015.7,0.0
2024-01-27,91.0,84.0,3.0,7.0,4.0,6.0,"Worli, Mumbai",32.0,19.4,25.1,48,18.1,10.9,349,1015.8,0.0
2024-01-28,91.0,82.0,4.0,7.0,4.0,6.0,"Worli, Mumbai",32.0,18.7,25.1,46,20.5,11.0,345,1015.4,0.0
2024-01-29,101.0,80.0,4.0,7.0,4.0,6.0,"Worli, Mumbai",31.8,19.5,25.2,43,24.0,13.5,340,1015.3,0.0
2024-01-30,88.0,65.0,2.0,6.0,4.0,5.0,"Worli, Mumbai",31.1,19.6,24.7,49,21.8,12.4,337,1014.4,0.0
2024-01-31,103.0,57.0,3.0,6.0,4.0,5.0,"Worli, Mumbai",29.2,19.7,23.9,63,20.8,11.8,329,1014.3,0.0
2024-02-01,62.0,59.0,3.0,5.0,4.0,5.0,"Worli, Mumbai",28.0,19.0,23.0,69,22.1,11.0,328,1015.4,0.0
2024-02-02,57.0,67.0,3.0,5.0,4.0,5.0,"Worli, Mumbai",29.8,19.2,23.8,67,22.7,12.8,344,1015.3,0.0
2024-02-03,78.0,104.0,3.0,6.0,4.0,5.0,"Worli, Mumbai",34.0,20.3,26.3,51,24.8,12.0,356,1014.3,0.0
2024-02-04,115.0,79.0,3.0,7.0,4.0,7.0,"Worli, Mumbai",32.3,20.7,26.1,55,15.6,8.5,329,1015.1,0.0
2024-02-05,103.0,82.0,4.0,7.0,4.0,6.0,"Worli, Mumbai",31.8,22.1,26.4,54,20.9,12.7,333,1015.6,0.0
2024-02-06,143.0,74.0,4.0,6.0,4.0,6.0,"Worli, Mumbai",31.7,21.2,25.9,56,21.8,13.2,333,1015.4,0.0
2024-02-07,121.5,72.0,4.0,6.0,4.0,5.0,"Worli, Mumbai",32.2,21.5,26.2,57,26.3,16.2,340,1015.9,0.0
2024-02-08,100.0,71.0,3.0,6.0,4.0,5.0,"Worli, Mumbai",31.9,20.9,25.9,52,26.2,15.5,342,1015.0,0.0
2024-02-09,108.0,70.0,2.0,6.0,4.0,5.0,"Worli, Mumbai",30.9,19.0,24.7,52,24.8,14.3,334,1014.6,0.0
2024-02-10,93.0,69.0,3.0,6.0,4.0,5.0,"Worli, Mumbai",30.8,18.8,24.5,42,26.3,14.6,339,1015.6,0.0
2024-02-11,76.0,77.0,3.0,5.0,4.0,5.0,"Worli, Mumbai",30.8,18.0,24.1,45,24.2,13.4,335,1015.8,0.0
2024-02-12,80.0,68.0,3.0,6.0,4.0,5.0,"Worli, Mumbai",30.8,18.3,24.2,53,17.2,10.8,330,1015.3,0.0
2024-02-13,71.0,72.0,3.0,6.0,4.0,5.0,"Worli, Mumbai",31.5,19.0,24.9,41,24.2,13.8,338,1015.1,0.0
2024-02-14,79.0,86.0,3.0,6.0,4.0,5.0,"Worli, Mumbai",32.7,20.8,25.7,39,25.9,15.5,342,1014.5,0.0
2024-02-15,88.0,99.0,3.0,6.0,4.0,6.0,"Worli, Mumbai",32.2,20.1,25.9,45,23.5,13.2,338,1013.5,0.0
2024-02-16,109.0,115.0,4.0,7.0,4.0,6.0,"Worli, Mumbai",32.8,20.4,25.9,58,19.5,8.4,308,1013.4,0.0
2024-02-17,123.0,71.0,2.0,8.0,4.0,7.0,"Worli, Mumbai",32.2,20.1,26.3,60,16.3,8.5,308,1012.3,0.0
2024-02-18,72.0,60.0,2.0,7.0,4.0,7.0,"Worli, Mumbai",34.4,20.0,26.7,56,23.4,11.9,333,1011.4,0.0
2024-02-19,80.0,37.0,3.0,6.0,4.0,6.0,"Worli, Mumbai",32.0,19.5,25.8,50,21.9,13.1,329,1012.2,0.0
2024-02-20,50.0,32.0,3.0,6.0,4.0,5.0,"Worli, Mumbai",31.3,20.4,25.4,61,27.0,13.9,337,1013.1,0.0
2024-02-21,48.0,48.0,3.0,5.0,4.0,5.0,"Worli, Mumbai",28.7,19.5,24.1,76,20.6,10.8,320,1013.1,0.0
2024-02-22,53.0,53.0,3.0,5.0,4.0,5.0,"Worli, Mumbai",28.6,21.1,24.5,77,21.7,12.5,324,1013.5,0.3
2024-02-23,48.0,64.0,2.0,5.0,4.0,5.0,"Worli, Mumbai",30.0,19.2,24.6,63,25.7,14.1,346,1013.2,0.0
2024-02-24,63.0,74.0,3.0,5.0,4.0,5.0,"Worli, Mumbai",31.6,19.3,24.9,34,29.5,16.5,347,1012.4,0.0
2024-02-25,76.0,91.0,4.0,6.0,4.0,6.0,"Worli, Mumbai",33.4,18.2,25.4,30,21.2,12.4,349,1010.7,0.0
2024-02-26,94.0,89.0,4.0,7.0,4.0,7.0,"Worli, Mumbai",32.9,18.9,26.0,54,19.8,9.8,297,1010.1,0.0
2024-02-27,100.0,75.0,3.0,7.0,4.0,7.0,"Worli, Mumbai",33.3,21.6,27.5,53,24.1,11.8,325,1011.8,0.0
2024-02-28,118.0,86.0,3.0,7.0,3.0,7.0,"Worli, Mumbai",34.2,22.8,27.7,42,23.5,11.6,332,1011.3,0.0
2024-02-29,100.0,118.0,4.0,7.0,4.0,7.0,"Worli, Mumbai",33.8,23.5,28.2,52,21.2,11.1,323,1010.8,0.0
2024-03-01,175.0,20.0,3.0,6.0,3.0,6.0,"Worli, Mumbai",33.7,23.6,27.5,60,21.7,12.4,320,1012.0,0.0
2024-03-02,68.0,13.0,3.0,5.0,3.0,5.0,"Worli, Mumbai",29.4,22.9,26.0,76,20.7,10.6,301,1012.8,0.0
2024-03-03,59.0,19.0,3.0,5.0,3.0,5.0,"Worli, Mumbai",27.9,20.9,24.7,73,20.9,15.3,324,1013.4,0.0
2024-03-04,66.0,52.0,3.0,5.0,4.0,5.0,"Worli, Mumbai",28.4,18.5,23.1,61,22.6,13.5,340,1013.7,0.0
2024-03-05,105.0,45.0,3.0,6.0,3.0,6.0,"Worli, Mumbai",30.0,18.1,23.9,47,24.7,11.7,333,1012.9,0.0
2024-03-06,93.0,43.0,3.0,7.0,4.0,6.0,"Worli, Mumbai",30.8,18.0,24.5,34,25.5,13.3,333,1012.7,0.0
2024-03-07,88.0,47.0,4.0,6.0,4.0,6.0,"Worli, Mumbai",32.3,20.4,26.4,38,26.0,14.8,333,1012.1,0.0
2024-03-08,93.0,48.0,2.0,6.0,4.0,6.0,"Worli, Mumbai",34.7,21.5,27.9,30,30.4,16.3,341,1012.0,0.0
2024-03-09,101.0,33.0,3.0,6.0,4.0,6.0,"Worli, Mumbai",34.7,21.8,28.0,30,25.5,14.0,334,1012.0,0.0
2024-03-10,70.0,38.0,3.0,6.0,4.0,5.0,"Worli, Mumbai",32.5,20.3,26.8,35,24.2,15.8,327,1013.1,0.0
2024-03-11,69.0,45.0,4.0,6.0,4.0,6.0,"Worli, Mumbai",34.0,20.5,27.3,46,27.5,15.8,332,1014.2,0.0
2024-03-12,88.0,41.0,4.0,6.0,4.0,6.0,"Worli, Mumbai",34.5,21.6,27.9,45,24.5,14.3,335,1013.3,0.0
2024-03-13,79.0,21.0,4.0,6.0,4.0,5.0,"Worli, Mumbai",31.3,21.6,26.5,63,26.0,15.6,328,1013.1,0.0
2024-03-14,54.0,29.0,4.0,5.5,4.0,5.0,"Worli, Mumbai",30.9,20.6,25.5,70,26.8,13.9,331,1013.4,0.0
2024-03-15,51.5,37.0,4.0,5.0,4.0,5.0,"Worli, Mumbai",29.6,20.2,24.5,73,18.9,10.9,321,1012.5,0.0
2024-03-16,49.0,35.0,3.5,5.0,4.0,4.5,"Worli, Mumbai",30.2,19.4,24.7,74,21.4,11.8,317,1012.3,0.0
2024-03-17,43.0,35.0,3.0,5.0,4.0,4.0,"Worli, Mumbai",31.3,20.4,25.3,75,20.5,11.0,316,1012.4,0.0
2024-03-18,38.0,79.0,5.0,5.0,4.0,4.0,"Worli, Mumbai",30.7,22.1,26.0,79,19.3,9.9,298,1012.2,0.0
2024-03-19,49.0,45.0,3.0,5.0,4.0,5.0,"Worli, Mumbai",32.5,22.2,26.5,69,23.4,11.9,325,1012.0,0.0
2024-03-20,46.0,52.0,3.0,5.0,4.0,5.0,"Worli, Mumbai",37.8,20.9,28.9,31,28.3,15.2,342,1010.8,0.0
2024-03-21,95.0,52.0,3.0,6.0,4.0,6.0,"Worli, Mumbai",36.9,22.0,29.4,30,22.2,10.9,335,1009.3,0.0
2024-03-22,56.0,39.0,4.0,5.0,4.0,5.0,"Worli, Mumbai",32.3,22.4,27.1,71,20.2,10.3,257,1009.2,0.0
2024-03-23,36.0,33.0,4.0,5.0,4.0,5.0,"Worli, Mumbai",32.2,21.2,26.7,71,21.5,11.1,312,1009.5,0.0
2024-03-24,30.0,27.0,4.0,5.0,4.0,5.0,"Worli, Mumbai",31.6,21.6,26.8,74,21.7,12.6,319,1010.9,0.0
2024-03-25,24.0,26.0,3.0,5.0,4.0,5.0,"Worli, Mumbai",32.1,22.4,27.4,72,22.8,13.9,324,1011.2,0.0
2024-03-26,24.0,24.0,3.0,5.0,4.0,4.0,"Worli, Mumbai",33.3,21.8,27.5,71,25.2,12.5,321,1011.0,0.0
2024-03-27,22.0,41.0,3.0,5.0,4.0,4.0,"Worli, Mumbai",32.5,22.8,27.5,79,24.7,10.7,305,1012.4,0.0
2024-03-28,42.0,80.0,3.0,5.0,4.0,4.0,"Worli, Mumbai",32.5,23.3,27.6,78,19.8,10.0,312,1011.2,0.0
2024-03-29,81.0,86.0,3.0,5.0,4.0,4.0,"Worli, Mumbai",34.5,23.6,28.6,69,22.8,11.7,316,1010.0,0.0
2024-03-30,87.0,64.0,3.0,5.0,4.0,4.0,"Worli, Mumbai",33.9,24.2,28.5,66,26.5,15.1,324,1011.4,0.0
2024-03-31,65.0,87.0,3.0,5.0,4.0,4.0,"Worli, Mumbai",33.7,23.5,28.9,54,27.5,15.8,329,1012.2,0.0
2024-04-01,88.0,80.5,3.0,5.0,4.0,4.5,"Worli, Mumbai",33.4,24.7,28.4,66,22.6,14.2,323,1009.8,0.0
2024-04-02,81.5,74.0,3.0,5.0,4.0,5.0,"Worli, Mumbai",32.2,21.9,27.2,71,21.1,11.0,313,1008.6,0.0
2024-04-03,75.0,57.0,2.0,5.0,4.0,5.0,"Worli, Mumbai",32.7,21.7,27.1,71,23.2,11.1,313,1009.5,0.0
2024-04-04,58.0,92.0,4.0,5.0,4.0,5.0,"Worli, Mumbai",32.7,22.5,27.8,70,23.5,14.8,321,1009.9,0.0
2024-04-05,92.0,83.0,4.0,5.0,4.0,5.0,"Worli, Mumbai",34.9,23.5,29.2,61,28.0,17.0,327,1009.0,0.0
2024-04-06,83.0,74.0,4.0,5.0,4.0,5.0,"Worli, Mumbai",36.4,25.2,30.8,44,29.6,18.6,333,1007.9,0.0
2024-04-07,74.0,63.0,4.0,5.0,4.0,4.0,"Worli, Mumbai",36.2,25.9,30.0,46,27.8,16.6,325,1008.0,0.0
2024-04-08,65.0,74.0,4.0,5.0,4.0,4.0,"Worli, Mumbai",32.7,22.2,27.7,67,21.5,11.4,311,1008.6,0.0
2024-04-09,74.0,67.0,4.0,5.0,4.0,4.0,"Worli, Mumbai",33.8,21.9,27.7,74,22.1,11.0,305,1008.9,0.0
2024-04-10,67.0,68.0,4.0,5.0,4.0,4.0,"Worli, Mumbai",32.8,23.3,27.7,77,22.6,11.7,298,1009.0,0.0
2024-04-11,69.0,60.0,4.0,5.0,4.0,4.0,"Worli, Mumbai",32.6,23.0,27.8,73,21.4,10.2,304,1009.3,0.0
2024-04-12,61.5,52.0,4.0,5.0,4.0,4.0,"Worli, Mumbai",33.2,23.7,27.8,66,19.3,11.1,304,1009.3,0.0
2024-04-13,54.0,53.0,2.0,5.0,4.0,4.0,"Worli, Mumbai",31.0,22.7,26.9,72,19.7,10.1,303,1009.9,0.0
2024-04-14,54.0,83.0,3.0,5.0,4.0,4.0,"Worli, Mumbai",32.0,22.0,27.4,80,25.4,12.0,317,1010.4,0.0
2024-04-15,85.0,93.0,3.0,5.0,4.0,5.0,"Worli, Mumbai",35.9,24.9,30.9,65,24.0,12.9,323,1009.6,0.0
2024-04-16,93.0,79.0,3.0,5.0,4.0,5.0,"Worli, Mumbai",41.0,28.1,33.8,48,22.9,14.5,334,1008.0,0.0
2024-04-17,69.0,94.0,3.0,5.0,4.0,5.0,"Worli, Mumbai",32.5,28.2,30.5,68,21.8,13.1,219,1008.4,0.0
2024-04-18,65.0,73.0,3.0,5.0,4.0,5.0,"Worli, Mumbai",33.8,27.4,30.4,74,23.1,12.3,268,1008.0,0.0
2024-04-19,53.0,72.0,3.0,5.0,4.0,5.0,"Worli, Mumbai",35.3,26.6,30.7,66,28.8,13.4,299,1006.6,0.0
2024-04-20,74.0,51.0,4.0,5.0,4.0,5.0,"Worli, Mumbai",35.3,26.3,30.5,59,29.0,14.5,322,1007.0,0.0
2024-04-21,38.0,62.0,3.0,5.0,4.0,4.0,"Worli, Mumbai",33.7,25.1,29.7,60,28.0,15.7,324,1007.7,0.0
2024-04-22,54.0,62.0,3.0,5.0,4.0,5.0,"Worli, Mumbai",34.1,26.1,29.8,65,26.7,15.4,324,1008.4,0.0
2024-04-23,57.0,62.0,4.0,5.0,4.0,5.0,"Worli, Mumbai",34.2,24.6,29.3,67,26.1,14.4,321,1007.3,0.0
2024-04-24,55.0,56.0,3.0,5.0,4.0,5.0,"Worli, Mumbai",33.6,23.9,29.1,72,24.9,13.9,317,1006.5,0.0
2024-04-25,53.0,80.5,3.0,5.0,4.0,5.0,"Worli, Mumbai",34.1,25.1,29.5,68,27.8,15.4,318,1006.9,0.0
2024-04-26,59.0,105.0,3.0,5.0,4.0,5.0,"Worli, Mumbai",34.8,26.2,30.1,64,23.8,15.0,320,1006.8,0.0
2024-04-27,65.0,126.0,3.0,5.0,4.0,5.0,"Worli, Mumbai",35.5,26.3,31.1,59,27.8,16.5,326,1006.6,0.0
2024-04-28,74.0,107.0,3.0,5.0,4.0,5.0,"Worli, Mumbai",39.0,27.0,33.1,46,30.4,18.3,333,1006.4,0.0
2024-04-29,74.0,120.0,3.0,5.0,4.0,5.0,"Worli, Mumbai",37.9,26.7,32.6,43,28.8,17.5,328,1007.7,0.0
2024-04-30,97.0,86.0,3.0,5.0,4.0,5.0,"Worli, Mumbai",37.2,26.0,31.8,53,29.3,15.8,321,1006.7,0.0
2024-05-01,82.66666666666667,213.0,4.0,5.0,4.0,5.0,"Worli, Mumbai",34.1,25.6,29.6,64,21.8,11.8,299,1006.0,0.0
2024-05-02,68.33333333333333,88.0,4.0,5.0,4.0,5.0,"Worli, Mumbai",32.5,24.6,28.7,70,22.1,10.1,276,1006.3,0.0
2024-05-03,54.0,82.0,4.0,5.0,4.0,5.0,"Worli, Mumbai",32.7,23.5,28.1,77,22.3,10.7,299,1007.5,0.0
2024-05-04,52.0,77.0,4.0,5.0,4.0,5.0,"Worli, Mumbai",32.6,24.1,28.8,80,23.7,12.0,300,1008.3,0.0
2024-05-05,48.0,67.0,4.0,5.0,4.0,5.0,"Worli, Mumbai",34.3,25.4,29.9,74,25.5,12.2,304,1006.5,0.0
2024-05-06,42.0,59.0,4.0,5.0,4.0,5.0,"Worli, Mumbai",32.9,26.1,29.3,77,22.2,11.8,302,1007.5,0.0
2024-05-07,33.0,60.0,4.0,5.0,4.0,5.0,"Worli, Mumbai",32.7,25.7,29.4,76,21.6,12.0,272,1008.5,0.0
2024-05-08,35.0,58.0,3.0,5.0,4.0,4.0,"Worli, Mumbai",32.5,26.7,29.6,74,26.8,12.4,281,1007.9,0.0
2024-05-09,33.0,63.0,3.0,5.0,4.0,5.0,"Worli, Mumbai",32.7,26.3,29.6,77,21.9,10.7,292,1007.2,0.0
2024-05-10,37.0,63.0,3.0,5.0,4.0,5.0,"Worli, Mumbai",32.7,26.3,29.6,76,21.8,12.3,294,1008.2,0.0
2024-05-11,37.0,66.0,3.0,5.0,4.0,5.0,"Worli, Mumbai",33.3,26.6,29.8,77,25.7,13.8,314,1008.8,0.0
2024-05-12,39.0,69.0,3.0,5.0,4.0,5.0,"Worli, Mumbai",33.5,27.4,30.4,74,24.4,14.5,318,1008.8,0.0
2024-05-13,41.0,144.0,2.0,11.0,6.0,10.0,"Worli, Mumbai",34.3,27.9,30.5,73,25.6,11.3,330,1008.3,2.0
2024-05-14,124.0,104.0,2.0,18.0,6.0,17.0,"Worli, Mumbai",36.2,27.9,31.2,65,25.7,13.9,316,1007.6,0.0
2024-05-15,96.0,59.0,2.0,18.0,6.0,17.0,"Worli, Mumbai",35.0,27.0,31.0,70,22.7,12.0,301,1007.9,0.0
2024-05-16,68.0,56.0,2.0,6.0,4.0,6.0,"Worli, Mumbai",37.7,27.3,31.7,71,19.9,8.3,225,1008.0,0.1
2024-05-17,77.0,65.0,2.0,6.0,4.0,5.0,"Worli, Mumbai",35.2,28.6,31.3,70,19.0,10.0,245,1007.1,0.0
2024-05-18,78.0,66.0,2.0,5.0,4.0,5.0,"Worli, Mumbai",34.1,27.9,30.9,80,18.7,9.4,261,1005.1,0.0
2024-05-19,75.0,50.0,3.0,5.0,4.0,4.0,"Worli, Mumbai",33.8,26.8,30.8,76,21.4,10.2,257,1003.3,1.8
2024-05-20,57.0,57.0,3.0,5.0,4.0,4.0,"Worli, Mumbai",34.5,29.5,31.5,74,22.3,13.7,248,1003.6,0.0
2024-05-21,68.0,102.0,2.0,4.0,4.0,4.0,"Worli, Mumbai",35.0,28.9,31.5,75,23.5,12.3,268,1003.4,0.2
2024-05-22,90.0,65.0,2.0,4.0,4.0,4.0,"Worli, Mumbai",34.1,29.2,31.4,77,20.6,13.8,271,1003.0,0.4
2024-05-23,66.0,63.0,2.0,4.0,4.0,4.0,"Worli, Mumbai",33.7,28.4,31.0,78,27.1,12.5,266,1002.2,0.0
2024-05-24,48.0,187.0,3.0,4.0,4.0,4.0,"Worli, Mumbai",34.0,28.4,31.0,76,20.2,12.9,263,1002.2,0.2
2024-05-25,45.0,151.66666666666669,2.0,4.0,4.0,4.0,"Worli, Mumbai",33.5,28.8,30.9,72,20.2,14.9,270,1003.5,1.4
2024-05-26,47.0,116.33333333333334,3.0,4.0,4.0,4.0,"Worli, Mumbai",33.4,29.2,31.1,69,22.4,17.7,272,1004.4,0.5
2024-05-27,162.0,81.0,2.0,4.0,4.0,4.0,"Worli, Mumbai",33.2,29.6,30.9,71,22.0,17.7,265,1004.1,0.4
2024-05-28,42.0,168.0,3.0,4.0,4.0,4.0,"Worli, Mumbai",33.5,29.2,31.1,68,22.6,18.6,256,1004.5,0.7
2024-05-29,50.0,69.0,3.0,4.0,4.0,4.0,"Worli, Mumbai",33.6,29.3,31.4,64,24.3,19.9,244,1004.6,0.5
2024-05-30,49.0,60.0,2.0,4.0,4.0,4.0,"Worli, Mumbai",34.6,28.9,31.6,65,19.6,15.2,256,1005.5,1.3
2024-05-31,38.0,58.0,2.0,4.0,4.0,4.0,"Worli, Mumbai",33.7,28.1,30.6,80,20.5,11.9,268,1006.2,1.4
2024-06-01,29.0,62.333333333333336,1.0,4.0,4.0,4.0,"Worli, Mumbai",33.6,28.0,31.0,74,19.6,13.2,263,1006.0,0.9
2024-06-02,142.0,66.66666666666667,3.0,4.0,4.0,4.0,"Worli, Mumbai",34.0,28.4,31.2,70,19.1,12.3,266,1006.3,0.8
2024-06-03,86.0,71.0,2.0,4.0,4.0,4.0,"Worli, Mumbai",33.9,29.0,31.5,69,16.6,9.9,267,1006.5,0.7
2024-06-04,60.0,196.0,2.0,4.0,4.0,4.0,"Worli, Mumbai",32.8,27.8,29.9,77,19.2,10.3,203,1007.1,5.8
2024-06-05,42.0,39.0,2.0,4.0,4.0,4.0,"Worli, Mumbai",33.3,26.0,29.5,78,17.2,9.7,206,1007.4,4.1
2024-06-06,30.0,39.0,2.0,4.0,4.0,4.0,"Worli, Mumbai",32.7,26.2,29.6,80,18.8,8.3,255,1007.9,2.8
2024-06-07,46.0,208.0,3.0,4.0,4.0,4.0,"Worli, Mumbai",33.1,28.0,30.3,74,18.9,11.3,297,1006.2,5.4
2024-06-08,51.0,204.33333333333331,2.0,4.0,4.0,4.0,"Worli, Mumbai",34.6,26.8,30.0,74,23.6,13.2,303,1004.9,2.9
2024-06-09,56.0,200.66666666666663,2.0,4.0,4.0,4.0,"Worli, Mumbai",31.3,26.3,28.8,81,15.4,9.3,291,1004.8,23.8
2024-06-10,28.0,197.0,2.0,4.0,4.0,4.0,"Worli, Mumbai",29.4,26.0,27.3,86,16.3,7.5,249,1006.3,32.2
2024-06-11,43.0,39.0,3.0,4.0,4.0,4.0,"Worli, Mumbai",29.8,25.9,27.7,87,15.0,8.8,237,1006.7,9.2
2024-06-12,33.0,28.0,2.0,4.0,4.0,4.0,"Worli, Mumbai",29.7,26.2,27.8,86,17.4,11.1,217,1007.6,7.1
2024-06-13,18.0,91.0,2.0,4.0,4.0,4.0,"Worli, Mumbai",29.4,26.5,27.6,86,20.0,11.8,218,1007.2,11.3
2024-06-14,26.0,30.0,2.0,4.0,4.0,4.0,"Worli, Mumbai",28.5,25.9,27.1,86,19.9,12.4,204,1006.4,15.8
2024-06-15,27.0,39.0,2.0,4.0,4.0,4.0,"Worli, Mumbai",29.3,25.8,27.6,83,21.6,16.6,191,1005.5,3.8
2024-06-16,35.0,43.0,2.0,4.0,4.0,4.0,"Worli, Mumbai",30.7,26.1,28.4,81,15.9,10.7,210,1005.8,1.3
2024-06-17,46.0,48.0,2.0,4.0,5.0,4.0,"Worli, Mumbai",31.1,26.6,28.2,84,20.4,13.1,202,1006.1,9.3
2024-06-18,53.0,52.5,2.0,5.0,5.0,4.0,"Worli, Mumbai",29.5,26.4,27.5,87,23.8,16.6,211,1005.9,23.6
2024-06-19,55.0,57.0,3.0,4.0,5.0,4.0,"Worli, Mumbai",29.5,26.1,27.6,84,22.0,16.7,217,1004.0,17.3
2024-06-20,49.0,74.0,3.0,4.0,4.0,4.0,"Worli, Mumbai",28.8,26.3,27.4,87,22.3,17.7,211,1003.1,58.5
2024-06-21,44.0,71.86666666666666,3.0,4.0,4.0,4.0,"Worli, Mumbai",30.8,25.5,27.8,86,22.3,17.1,219,1003.6,16.3
2024-06-22,42.0,69.73333333333333,2.0,5.0,5.0,4.0,"Worli, Mumbai",29.7,25.4,27.5,85,18.7,14.0,205,1002.5,5.3
2024-06-23,50.0,67.6,2.0,5.0,5.0,4.0,"Worli, Mumbai",29.4,26.1,27.8,86,19.7,13.5,206,1001.4,5.0
2024-06-24,199.0,39.0,2.0,5.0,5.0,4.0,"Worli, Mumbai",29.3,26.4,27.8,86,19.8,11.0,203,999.6,15.0
2024-06-25,122.0,39.0,2.0,4.0,4.0,4.0,"Worli, Mumbai",30.5,26.4,28.3,85,35.0,21.4,178,998.0,5.2
2024-06-26,45.0,39.0,3.0,4.0,5.0,4.0,"Worli, Mumbai",30.0,27.2,28.2,86,33.2,25.9,206,998.0,24.2
2024-06-27,41.0,39.0,3.0,4.0,5.0,4.0,"Worli, Mumbai",28.7,26.6,27.4,88,31.6,25.7,211,1000.6,104.8
2024-06-28,55.0,39.0,2.0,4.0,5.0,4.0,"Worli, Mumbai",28.3,26.2,27.3,88,30.8,26.7,206,1001.9,42.0
2024-06-29,57.0,39.0,2.0,4.0,5.0,4.0,"Worli, Mumbai",29.7,26.1,27.6,86,29.9,23.4,198,1003.0,15.4
2024-06-30,57.0,39.0,2.0,4.0,4.0,4.0,"Worli, Mumbai",29.3,26.4,27.8,86,34.9,23.6,212,1003.4,16.5
2024-07-01,58.0,45.0,3.0,4.0,4.0,4.0,"Worli, Mumbai",30.5,27.2,28.4,81,39.0,34.5,222,1002.3,10.6
2024-07-02,64.0,45.0,2.0,4.0,4.0,4.0,"Worli, Mumbai",30.1,27.0,28.8,81,36.7,30.2,233,1001.6,8.2
2024-07-03,59.0,45.0,2.0,4.0,4.0,4.0,"Worli, Mumbai",30.1,27.0,28.8,84,31.5,26.6,227,1002.7,6.4
2024-07-04,63.0,45.0,2.0,4.0,4.0,4.0,"Worli, Mumbai",29.0,26.7,27.9,85,28.2,22.4,225,1004.0,8.9
2024-07-05,66.0,42.0,3.0,4.0,5.0,4.0,"Worli, Mumbai",28.6,25.8,27.4,87,25.7,22.0,223,1002.2,18.3
2024-07-06,68.0,36.0,3.0,4.0,5.0,4.0,"Worli, Mumbai",29.5,26.0,27.7,85,29.0,24.0,232,1001.3,17.8
2024-07-07,64.0,42.0,2.0,4.0,5.0,4.0,"Worli, Mumbai",29.1,25.9,27.4,88,24.1,18.1,227,1002.4,12.2
2024-07-08,73.0,65.0,2.4,5.333333333333333,5.0,5.0,"Worli, Mumbai",28.4,25.8,26.9,89,21.4,12.0,215,1002.5,24.0
2024-07-10,97.66666666666669,111.0,3.2,8.0,5.0,7.0,"Worli, Mumbai",28.6,25.6,26.8,87,23.1,17.8,208,1006.1,27.1
2024-07-11,110.0,250.0,3.6,8.0,5.0,7.0,"Worli, Mumbai",28.7,24.8,26.5,90,24.0,17.5,229,1005.8,40.6
2024-07-12,184.0,26.0,4.0,8.0,5.0,8.0,"Worli, Mumbai",27.0,25.6,26.3,91,22.5,18.1,247,1003.9,72.6
2024-07-13,36.0,14.0,3.0,9.0,5.0,9.0,"Worli, Mumbai",27.0,25.5,26.2,91,31.6,22.3,243,1003.4,78.8
2024-07-14,21.0,15.0,3.0,9.0,5.0,9.0,"Worli, Mumbai",26.7,24.6,25.7,92,27.2,15.9,256,1001.8,62.2
2024-07-15,22.0,8.0,4.0,8.0,5.0,7.0,"Worli, Mumbai",28.0,24.9,26.4,89,16.2,10.6,243,1001.1,13.2
2024-07-16,12.0,11.0,3.0,11.0,5.0,10.0,"Worli, Mumbai",28.6,25.4,26.7,89,23.0,16.7,216,1000.3,16.8
2024-07-17,17.0,7.0,3.0,11.0,5.0,10.0,"Worli, Mumbai",27.7,26.2,26.8,88,25.5,21.0,229,1002.0,34.3
2024-07-18,11.0,17.0,4.0,10.0,5.0,9.0,"Worli, Mumbai",27.9,25.9,26.6,90,30.0,22.9,236,1002.6,46.1
2024-07-19,26.0,12.0,4.0,10.0,5.0,9.0,"Worli, Mumbai",27.2,26.0,26.5,90,31.3,25.0,236,1000.8,48.4
2024-07-20,20.0,12.0,4.0,10.0,5.0,9.0,"Worli, Mumbai",27.5,26.1,26.5,89,31.7,25.9,233,1001.4,100.0
2024-07-21,18.0,14.0,4.0,10.0,5.0,9.0,"Worli, Mumbai",27.1,26.0,26.6,89,31.1,26.0,238,1001.8,52.3
2024-07-22,22.0,15.0,3.0,10.0,5.0,9.0,"Worli, Mumbai",27.2,26.1,26.5,89,32.1,27.3,238,1003.7,52.4
2024-07-23,24.0,14.0,2.5,10.0,5.0,9.0,"Worli, Mumbai",26.7,25.6,26.4,89,32.4,28.9,242,1004.6,44.1
2024-07-24,22.0,13.0,2.0,10.0,5.0,9.0,"Worli, Mumbai",27.1,25.8,26.5,89,36.2,30.5,247,1002.2,56.7
2024-07-25,20.0,17.0,4.0,10.0,5.0,9.0,"Worli, Mumbai",27.6,25.3,26.4,88,34.7,30.0,261,1001.2,85.4
2024-07-26,26.0,15.0,3.0,10.0,5.0,9.0,"Worli, Mumbai",28.3,25.5,27.0,87,29.7,24.6,255,1002.5,26.5
2024-07-27,23.0,19.0,3.0,10.0,5.0,9.0,"Worli, Mumbai",28.6,26.4,27.4,83,31.2,28.1,257,1003.3,9.1
2024-07-28,29.0,17.0,3.0,10.0,5.0,9.0,"Worli, Mumbai",28.9,26.1,27.2,86,28.8,24.6,259,1001.0,14.6
2024-07-29,25.0,15.0,3.0,10.0,5.0,9.0,"Worli, Mumbai",27.6,25.9,26.5,89,29.0,23.2,247,999.8,28.3
2024-07-30,24.0,15.0,3.0,9.0,5.0,8.0,"Worli, Mumbai",28.1,25.4,26.8,88,24.5,19.7,241,1003.0,16.1
2024-07-31,23.0,13.0,3.0,7.0,5.0,6.0,"Worli, Mumbai",28.3,25.2,26.9,88,22.4,18.2,247,1005.4,27.1
2024-08-01,20.0,10.0,3.0,6.0,5.0,5.0,"Worli, Mumbai",28.9,25.3,26.9,86,28.3,22.3,243,1005.2,15.3
2024-08-02,15.0,12.0,4.0,6.0,5.0,5.0,"Worli, Mumbai",28.0,25.6,26.5,86,31.7,27.0,240,1004.8,22.1
2024-08-03,18.0,12.0,3.0,5.0,5.0,5.0,"Worli, Mumbai",27.4,25.6,26.5,86,32.3,28.9,243,1005.0,30.5
2024-08-04,19.0,12.0,4.0,3.0,5.0,3.0,"Worli, Mumbai",27.0,25.7,26.4,87,30.6,26.7,244,1005.5,37.3
2024-08-05,19.0,18.0,3.0,1.0,5.0,1.0,"Worli, Mumbai",28.5,26.2,27.1,84,26.2,23.0,230,1006.4,8.1
2024-08-06,28.0,30.0,3.0,1.0,5.0,1.0,"Worli, Mumbai",28.5,25.9,27.1,84,22.8,19.1,236,1006.5,4.8
2024-08-07,44.0,32.0,3.0,1.0,5.0,1.0,"Worli, Mumbai",28.4,25.7,27.0,84,19.9,16.8,252,1006.6,7.4
2024-08-08,47.0,30.0,3.0,1.0,5.0,1.0,"Worli, Mumbai",28.4,25.9,26.9,84,19.4,15.4,246,1007.5,4.6
2024-08-09,45.0,29.0,4.0,2.0,5.0,3.0,"Worli, Mumbai",27.7,25.3,26.3,88,18.6,14.0,250,1008.5,18.0
2024-08-10,42.0,24.0,3.0,2.0,5.0,3.0,"Worli, Mumbai",28.2,25.2,26.8,86,20.5,13.0,255,1008.3,4.3
2024-08-11,38.0,52.0,3.0,2.0,5.0,3.0,"Worli, Mumbai",28.7,26.5,27.3,83,21.9,17.0,255,1006.7,1.2
2024-08-12,79.0,54.0,3.0,2.0,5.0,3.0,"Worli, Mumbai",28.6,25.8,27.2,84,21.8,14.3,247,1006.4,2.5
2024-08-13,80.0,51.0,4.0,2.0,5.0,3.0,"Worli, Mumbai",28.7,25.7,27.1,85,18.4,10.4,252,1007.0,4.1
2024-08-14,76.0,51.5,3.75,2.0,4.75,3.0,"Worli, Mumbai",29.0,25.6,27.1,85,17.4,7.8,285,1006.9,0.6
2024-08-17,78.25,53.0,3.0,2.0,4.0,3.0,"Worli, Mumbai",29.4,25.8,27.6,85,13.9,7.0,284,1005.9,0.6
2024-08-18,79.0,52.0,3.0,2.0,5.0,3.0,"Worli, Mumbai",29.8,25.8,27.7,86,14.9,8.2,324,1006.5,1.8
2024-08-19,79.0,52.0,3.0,2.0,4.0,3.0,"Worli, Mumbai",29.2,25.3,27.2,89,17.8,8.7,348,1005.9,20.4
2024-08-20,79.0,60.0,3.0,2.0,5.0,3.0,"Worli, Mumbai",28.6,25.1,26.5,91,13.8,7.1,348,1005.5,20.7
2024-08-21,88.0,57.0,3.0,2.0,6.0,3.0,"Worli, Mumbai",30.2,25.6,27.7,88,18.6,8.8,337,1005.4,0.3
2024-08-22,85.0,42.0,3.0,1.0,6.0,3.0,"Worli, Mumbai",29.5,26.2,27.9,86,17.3,11.1,206,1004.9,1.9
2024-08-23,69.0,44.0,4.0,1.0,6.0,3.0,"Worli, Mumbai",28.2,26.2,27.0,89,20.0,12.9,177,1005.5,18.4
2024-08-24,70.0,51.0,3.0,1.0,6.0,1.0,"Worli, Mumbai",26.5,25.3,26.0,92,22.3,15.3,270,1006.5,67.0
2024-08-25,77.0,57.0,3.0,1.0,6.0,1.0,"Worli, Mumbai",27.8,25.1,26.2,87,28.0,23.8,256,1005.6,30.5
2024-08-26,86.0,42.0,3.0,2.0,6.0,1.0,"Worli, Mumbai",27.2,24.7,26.4,86,32.0,28.1,251,1003.9,19.9
2024-08-27,79.0,49.0,3.0,1.0,6.0,1.0,"Worli, Mumbai",27.5,25.0,26.2,86,33.1,28.0,220,1004.8,16.6
2024-08-28,85.0,51.0,4.0,1.0,6.0,1.0,"Worli, Mumbai",28.8,25.4,26.9,85,34.6,28.0,224,1005.6,16.3
2024-08-29,87.0,46.0,3.0,1.0,6.0,1.0,"Worli, Mumbai",28.7,26.3,27.4,84,27.2,23.6,224,1004.8,5.9
2024-08-30,82.0,46.0,3.0,1.0,5.0,1.0,"Worli, Mumbai",28.4,25.3,27.0,85,20.6,16.9,216,1005.9,6.8
2024-08-31,83.0,44.0,2.0,1.0,6.0,1.0,"Worli, Mumbai",28.4,25.4,27.0,85,14.0,9.6,242,1007.2,2.3
2024-09-01,80.0,64.0,3.0,1.0,6.0,1.0,"Worli, Mumbai",27.6,25.7,26.8,85,14.6,9.9,290,1006.9,2.3
2024-09-02,90.0,48.0,3.0,2.0,6.0,3.0,"Worli, Mumbai",27.4,25.1,26.3,89,21.3,14.8,299,1005.6,28.3
2024-09-03,86.0,48.0,4.0,2.0,6.0,3.0,"Worli, Mumbai",27.6,24.7,26.2,89,17.1,12.5,265,1006.4,15.1
2024-09-04,85.0,53.0,3.0,2.0,6.0,3.0,"Worli, Mumbai",28.2,25.2,26.4,87,21.9,15.2,256,1007.4,12.5
2024-09-05,90.0,53.0,3.0,2.0,6.0,3.0,"Worli, Mumbai",28.1,25.5,26.5,88,25.7,18.5,263,1006.0,24.6
2024-09-06,91.0,44.0,3.0,2.0,6.0,3.0,"Worli, Mumbai",28.2,25.4,26.6,86,23.4,15.0,262,1006.9,14.8
2024-09-07,81.0,41.0,3.0,2.0,6.0,3.0,"Worli, Mumbai",27.8,25.3,26.5,86,18.4,12.2,251,1007.6,8.3
2024-09-08,78.0,35.0,4.0,2.0,6.0,3.0,"Worli, Mumbai",28.2,25.1,26.6,86,16.0,10.7,236,1007.6,5.7
2024-09-09,73.0,32.0,3.0,2.0,6.0,3.0,"Worli, Mumbai",28.6,25.3,26.8,85,17.4,10.0,247,1005.3,2.8
2024-09-10,72.0,39.0,3.0,2.0,6.0,3.0,"Worli, Mumbai",28.5,25.3,26.7,86,18.6,11.3,245,1004.5,6.5
2024-09-11,76.0,47.0,4.0,2.0,6.0,3.0,"Worli, Mumbai",27.9,25.0,26.4,85,20.5,13.9,222,1005.6,4.3
2024-09-12,84.0,51.0,3.0,1.0,6.0,1.0,"Worli, Mumbai",28.0,25.0,26.5,85,19.0,14.8,228,1007.4,8.2
2024-09-13,87.0,44.0,3.0,1.0,6.0,1.0,"Worli, Mumbai",28.3,25.0,26.5,83,20.9,14.0,227,1007.8,4.9
2024-09-14,81.0,38.0,4.0,1.0,6.0,1.0,"Worli, Mumbai",28.2,23.9,25.3,87,19.0,12.3,221,1007.7,8.3
2024-09-15,77.0,51.0,2.0,1.0,6.0,1.0,"Worli, Mumbai",27.2,23.8,25.3,87,14.7,9.0,227,1008.2,4.4
2024-09-16,88.0,45.0,3.0,2.0,6.0,3.0,"Worli, Mumbai",28.2,23.9,26.1,88,15.6,9.4,221,1008.7,3.0
2024-09-17,82.0,56.0,3.0,2.0,6.0,3.0,"Worli, Mumbai",28.7,23.4,26.1,85,16.3,7.8,314,1008.9,0.5
2024-09-18,94.0,58.0,4.0,2.0,6.0,3.0,"Worli, Mumbai",29.0,23.9,26.4,83,14.1,7.7,234,1007.0,1.0
2024-09-19,98.0,59.0,4.0,2.0,6.0,3.0,"Worli, Mumbai",29.3,24.8,27.1,82,13.6,7.2,241,1007.4,0.6
2024-09-20,98.0,55.0,3.0,2.0,6.0,3.0,"Worli, Mumbai",28.0,23.4,26.4,87,15.0,7.4,201,1007.7,6.1
2024-09-21,92.0,47.0,3.0,2.0,6.0,3.0,"Worli, Mumbai",29.6,24.1,27.0,84,16.7,7.7,312,1008.4,4.9
2024-09-22,83.0,54.0,3.0,1.0,6.0,1.0,"Worli, Mumbai",29.6,25.2,27.4,84,19.7,10.2,336,1007.6,1.3
2024-09-23,92.0,45.0,3.0,1.0,6.0,1.0,"Worli, Mumbai",28.8,26.1,27.4,87,18.3,10.2,336,1006.6,11.5
2024-09-24,83.0,36.0,3.0,1.0,6.0,1.0,"Worli, Mumbai",29.1,25.0,26.5,90,24.3,10.5,344,1004.8,22.9
2024-09-25,74.0,21.0,3.0,1.0,6.0,1.0,"Worli, Mumbai",27.6,24.4,26.1,92,22.2,11.3,326,1004.2,37.8
2024-09-26,62.0,24.0,3.0,1.0,6.0,1.0,"Worli, Mumbai",26.7,24.8,25.8,93,21.3,10.2,238,1003.2,73.7
2024-09-27,64.0,27.0,4.0,1.0638297872340423,6.0,1.1428571428571428,"Worli, Mumbai",27.1,25.8,26.3,89,31.4,26.1,248,1004.8,46.7
2024-09-28,67.0,25.0,3.0,1.127659574468085,6.0,1.2857142857142856,"Worli, Mumbai",28.1,25.6,26.7,85,21.1,14.8,237,1008.0,5.4
2024-09-29,65.0,39.0,3.0,1.1914893617021276,6.0,1.4285714285714286,"Worli, Mumbai",28.7,25.4,26.8,86,16.2,10.2,242,1010.0,3.0
2024-09-30,77.0,55.0,4.0,2.0,6.0,3.0,"Worli, Mumbai",29.7,24.6,27.2,87,16.3,7.8,318,1010.1,1.4
2024-10-01,93.0,67.0,3.0,5.0,6.0,6.0,"Worli, Mumbai",31.2,25.2,27.9,89,16.8,8.5,337,1008.0,0.1
2024-10-02,111.0,48.0,3.0,5.0,6.0,6.0,"Worli, Mumbai",30.3,26.2,27.9,91,15.3,6.8,256,1008.8,1.1
2024-10-03,84.0,37.0,3.0,5.0,6.0,6.0,"Worli, Mumbai",29.7,25.6,27.6,87,16.6,7.6,261,1009.2,1.8
2024-10-04,75.0,43.0,2.0,5.0,6.0,6.0,"Worli, Mumbai",29.5,25.7,27.5,83,15.2,7.1,276,1009.2,2.9
2024-10-05,80.0,42.0,3.0,5.0,6.0,6.0,"Worli, Mumbai",29.0,24.7,26.8,86,16.0,6.7,315,1009.6,0.9
2024-10-06,78.0,64.0,3.0,5.0,6.0,6.0,"Worli, Mumbai",31.1,24.5,27.0,87,17.9,8.4,5,1009.6,25.5
2024-10-07,108.0,75.0,4.0,5.0,6.0,6.0,"Worli, Mumbai",30.9,25.0,28.0,85,13.4,8.5,333,1009.7,0.0
2024-10-08,124.0,60.0,3.0,5.0,6.0,6.0,"Worli, Mumbai",31.1,25.8,28.5,86,16.4,7.9,241,1009.9,0.0
2024-10-09,102.0,50.0,4.0,5.0,7.0,6.0,"Worli, Mumbai",28.7,25.2,26.9,88,18.8,6.8,75,1008.7,7.6
2024-10-10,88.0,37.0,3.0,5.0,6.0,6.0,"Worli, Mumbai",29.2,24.8,26.9,85,16.9,8.9,55,1006.8,4.6
2024-10-11,75.0,47.0,4.0,5.0,7.0,6.0,"Worli, Mumbai",31.3,25.3,27.6,83,19.7,9.0,113,1006.4,10.1
2024-10-12,83.0,48.0,3.0,5.0,6.0,6.0,"Worli, Mumbai",31.1,24.7,27.6,85,14.2,6.5,150,1007.5,2.2
2024-10-13,85.0,45.0,3.0,5.0,6.0,6.0,"Worli, Mumbai",30.0,25.4,27.5,85,13.8,7.2,162,1008.7,0.9
2024-10-14,83.0,47.0,4.0,5.0,6.0,6.0,"Worli, Mumbai",31.0,24.5,26.9,87,17.8,8.0,39,1009.1,3.6
2024-10-15,85.0,58.0,4.0,5.0,7.0,6.0,"Worli, Mumbai",29.0,24.6,26.8,87,14.5,6.9,161,1009.3,0.1
2024-10-16,98.0,61.0,3.0,5.0,7.0,6.0,"Worli, Mumbai",30.4,24.6,27.3,87,14.0,7.3,62,1008.6,15.5
2024-10-17,106.0,54.0,2.0,5.0,7.0,6.0,"Worli, Mumbai",28.9,25.7,27.3,90,13.4,7.2,290,1007.8,4.1
2024-10-18,103.0,36.0,2.0,5.0,7.0,6.0,"Worli, Mumbai",31.3,24.9,27.7,85,15.4,9.4,159,1007.6,22.3
2024-10-19,74.0,44.0,3.0,5.0,6.0,6.0,"Worli, Mumbai",29.6,24.4,26.4,89,15.0,6.7,112,1010.1,6.9
2024-10-20,81.0,41.0,4.0,5.0,7.0,6.0,"Worli, Mumbai",29.3,24.5,26.5,87,9.7,5.9,106,1011.0,8.0
2024-10-21,78.0,102.0,3.0,5.0,6.0,6.0,"Worli, Mumbai",29.9,24.2,27.0,84,10.2,5.7,97,1010.9,14.1
2024-10-22,114.0,65.0,3.0,5.0,7.0,6.0,"Worli, Mumbai",30.0,24.2,26.8,87,13.9,7.3,21,1010.8,3.5
2024-10-23,108.0,85.0,3.0,5.0,7.0,6.0,"Worli, Mumbai",31.5,24.6,27.5,85,15.9,8.6,358,1010.2,0.0
2024-10-24,135.0,103.0,3.0,5.0,6.0,6.0,"Worli, Mumbai",32.2,25.0,28.2,77,16.6,8.2,5,1009.8,0.0
2024-10-25,146.0,88.0,4.0,5.0,6.0,6.0,"Worli, Mumbai",30.5,23.0,26.9,77,14.3,8.1,339,1009.9,0.0
2024-10-26,143.0,97.0,3.0,5.0,7.0,6.0,"Worli, Mumbai",32.4,21.9,26.9,71,20.3,9.8,357,1010.1,0.0
2024-10-27,150.0,85.0,3.0,5.0,6.0,6.0,"Worli, Mumbai",31.0,22.3,26.9,80,17.1,8.6,342,1009.0,0.0
2024-10-28,137.0,67.0,3.0,5.0,6.0,6.0,"Worli, Mumbai",31.5,23.5,27.4,83,15.3,7.7,329,1007.5,0.0
2024-10-29,116.0,87.0,3.0,5.0,6.0,6.0,"Worli, Mumbai",30.4,25.1,27.8,88,14.9,7.0,270,1008.8,0.1
2024-10-30,141.0,87.0,4.0,5.0,6.0,6.0,"Worli, Mumbai",32.2,24.8,27.8,84,13.3,6.7,5,1009.6,0.0
2024-10-31,180.0,92.0,3.0,5.0,6.0,6.0,"Worli, Mumbai",32.2,24.8,28.4,77,16.8,7.9,343,1010.2,0.0
2024-11-01,152.0,101.0,4.0,7.0,6.0,6.0,"Worli, Mumbai",30.9,25.0,28.3,84,15.5,8.3,249,1011.6,0.1
2024-11-02,146.0,101.0,3.0,7.0,7.0,6.0,"Worli, Mumbai",32.8,24.9,28.3,76,21.3,8.9,356,1011.8,0.0
2024-11-03,135.0,146.0,3.0,7.0,7.0,6.0,"Worli, Mumbai",34.0,22.8,28.1,67,16.3,9.0,3,1011.5,0.0
2024-11-04,195.0,134.0,4.0,7.0,7.0,6.0,"Worli, Mumbai",34.1,23.3,28.0,63,20.0,9.8,14,1010.7,0.0
2024-11-05,193.0,128.0,3.0,7.0,7.0,6.0,"Worli, Mumbai",34.3,23.1,28.5,62,16.5,8.9,44,1011.3,0.0
2024-11-06,195.0,86.0,3.0,7.0,7.0,6.0,"Worli, Mumbai",33.5,23.0,28.2,62,20.3,10.0,350,1012.2,0.0
2024-11-07,143.0,87.0,3.0,7.0,7.0,6.0,"Worli, Mumbai",33.4,21.4,27.4,60,17.5,9.0,359,1012.0,0.0
2024-11-08,101.0,88.0,2.0,7.0,7.0,6.0,"Worli, Mumbai",33.7,22.6,27.8,60,16.2,9.1,16,1011.7,0.0
2024-11-09,95.0,88.0,3.0,7.0,6.0,6.0,"Worli, Mumbai",34.1,22.2,28.0,59,20.5,11.2,20,1011.8,0.0
2024-11-10,94.0,93.0,3.0,7.0,6.0,6.0,"Worli, Mumbai",33.7,22.7,27.9,57,21.8,11.1,8,1011.8,0.0
2024-11-11,98.0,94.0,4.0,7.0,9.0,6.0,"Worli, Mumbai",33.3,22.9,28.0,48,21.8,11.7,23,1011.7,0.0
2024-11-12,115.0,85.0,3.0,4.0,3.0,6.0,"Worli, Mumbai",33.4,22.3,28.0,55,15.2,9.4,24,1011.0,0.0
2024-11-13,104.0,88.0,6.0,2.0,3.0,6.0,"Worli, Mumbai",34.4,23.4,28.5,50,14.1,9.4,24,1009.4,0.0
2024-11-14,104.0,113.0,7.0,21.0,3.0,6.0,"Worli, Mumbai",34.8,23.5,29.1,49,10.8,7.1,33,1010.3,0.0
2024-11-15,120.0,95.0,8.0,4.0,4.0,6.0,"Worli, Mumbai",33.2,25.4,29.1,60,11.9,6.6,280,1011.4,0.2
2024-11-16,164.0,91.0,10.0,3.0,4.0,6.0,"Worli, Mumbai",33.8,26.2,29.4,63,15.9,7.7,338,1010.6,0.2
2024-11-17,129.0,81.0,8.0,3.0,4.0,6.0,"Worli, Mumbai",35.6,26.2,29.9,58,16.5,8.7,16,1010.2,0.0
2024-11-18,109.0,78.0,7.0,3.0,3.0,6.0,"Worli, Mumbai",34.7,24.6,29.0,54,12.8,7.9,21,1011.2,0.0
2024-11-19,99.0,81.0,6.0,3.0,4.0,6.0,"Worli, Mumbai",33.7,22.5,27.7,48,15.4,7.5,25,1012.4,0.0
2024-11-20,105.0,85.0,6.0,3.0,4.0,6.0,"Worli, Mumbai",32.7,21.9,27.0,51,15.2,9.0,40,1012.0,0.0
2024-11-21,93.0,85.75,5.5,3.0,4.0,6.0,"Worli, Mumbai",32.6,22.0,26.9,51,14.7,8.4,13,1011.7,0.0
2024-11-28,143.75,91.0,2.0,3.0,4.0,10.0,"Worli, Mumbai",31.8,20.3,26.5,38,11.5,8.3,45,1010.9,0.0
2024-11-29,151.0,86.0,1.0,3.0,4.0,10.0,"Worli, Mumbai",31.2,20.7,25.5,43,16.5,9.9,11,1011.2,0.0
2024-11-30,148.0,102.0,31.0,3.0,4.0,11.0,"Worli, Mumbai",31.0,20.1,25.3,44,13.4,8.9,8,1009.9,0.0
2024-12-01,155.0,99.0,32.0,3.0,4.0,12.0,"Worli, Mumbai",32.3,21.4,26.1,52,15.3,8.8,358,1008.0,0.0
2024-12-02,158.0,87.0,41.5,3.0,4.0,11.0,"Worli, Mumbai",33.2,23.4,27.7,57,15.4,8.6,356,1007.4,0.0
2024-12-03,157.0,86.0,51.0,3.0,4.0,10.0,"Worli, Mumbai",33.0,25.7,28.9,59,17.0,10.1,9,1008.8,0.2
2024-12-04,158.0,92.0,11.0,3.0,4.0,10.0,"Worli, Mumbai",34.2,26.4,29.3,66,16.5,9.0,15,1009.7,0.1
2024-12-05,159.0,91.0,16.0,3.0,4.0,11.0,"Worli, Mumbai",33.7,25.9,29.1,70,12.2,8.6,324,1010.7,0.0
2024-12-06,159.0,79.0,2.0,3.0,4.0,10.0,"Worli, Mumbai",32.2,25.6,28.7,65,14.0,7.7,330,1010.6,0.0
2024-12-07,148.0,68.0,2.0,3.0,4.0,9.0,"Worli, Mumbai",32.6,24.7,27.8,51,17.9,9.8,339,1010.5,0.0
2024-12-08,137.0,80.0,7.0,3.0,4.0,9.0,"Worli, Mumbai",31.2,21.9,25.9,42,14.8,10.4,353,1011.2,0.0
2024-12-09,148.0,84.0,1.0,3.0,4.0,9.0,"Worli, Mumbai",31.2,20.8,25.2,35,17.1,12.2,5,1011.4,0.0
2024-12-10,145.0,95.0,12.0,3.0,4.0,10.0,"Worli, Mumbai",30.9,20.3,25.2,49,13.2,8.6,355,1011.1,0.0
2024-12-11,154.0,92.0,3.0,3.0,4.0,11.0,"Worli, Mumbai",33.2,21.8,26.6,57,13.4,8.0,10,1011.4,0.0
2024-12-12,154.0,82.0,1.0,3.0,4.0,10.0,"Worli, Mumbai",31.0,21.4,25.7,59,16.0,8.4,345,1011.3,0.0
2024-12-13,149.0,87.0,1.0,3.0,5.0,10.0,"Worli, Mumbai",32.2,21.0,26.1,51,14.8,9.7,18,1011.7,0.0
2024-12-14,150.0,89.0,14.75,3.0,5.0,10.75,"Worli, Mumbai",32.7,20.5,26.1,44,12.5,8.7,37,1012.6,0.0
2024-12-17,198.75,95.0,56.0,3.0,5.0,13.0,"Worli, Mumbai",30.4,18.2,24.3,53,14.1,6.3,337,1011.4,0.0
2024-12-18,215.0,106.0,23.0,4.0,5.0,14.0,"Worli, Mumbai",31.5,18.7,24.5,58,12.3,6.5,346,1010.7,0.0
2024-12-19,160.0,145.0,1.0,4.0,5.0,12.0,"Worli, Mumbai",29.3,18.6,23.8,69,13.7,6.2,327,1010.7,0.0
2024-12-20,213.0,101.0,2.0,4.0,5.0,12.0,"Worli, Mumbai",27.8,20.2,23.5,71,15.1,7.1,326,1010.9,0.0
2024-12-21,164.0,173.0,1.0,4.0,5.0,12.0,"Worli, Mumbai",27.3,19.6,23.6,74,12.4,5.3,259,1011.2,0.0
2024-12-22,171.0,121.0,2.0,4.0,5.0,11.0,"Worli, Mumbai",27.3,21.4,24.1,77,13.0,6.7,315,1011.8,0.1
2024-12-23,160.0,100.0,1.0,4.0,5.0,11.0,"Worli, Mumbai",27.3,21.5,24.1,71,16.2,9.7,337,1012.1,0.0
2024-12-24,156.0,103.5,1.0,4.0,5.0,11.5,"Worli, Mumbai",28.3,21.0,24.2,59,18.3,11.1,342,1012.2,0.0
2024-12-25,160.0,107.0,1.0,4.0,5.0,12.0,"Worli, Mumbai",28.5,20.9,24.2,60,16.9,10.8,339,1013.0,0.0
2024-12-26,166.0,90.0,23.0,4.0,5.0,14.0,"Worli, Mumbai",29.1,22.1,25.1,67,15.0,9.2,333,1014.5,0.0
2024-12-27,165.0,97.0,120.0,4.0,4.0,13.0,"Worli, Mumbai",28.2,22.4,24.9,68,16.6,9.6,334,1014.8,0.0
2024-12-28,163.0,99.0,2.0,4.0,5.0,14.0,"Worli, Mumbai",29.5,22.3,25.2,68,15.0,8.0,349,1014.9,0.9
2024-12-29,168.0,94.0,33.25,4.0,5.0,13.75,"Worli, Mumbai",30.2,22.8,25.9,67,14.7,9.6,345,1014.6,0.0
2025-01-01,330.0,79.0,127.0,4.0,5.0,13.0,"Worli, Mumbai",31.9,23.0,27.0,61,15.5,9.0,344,1013.5,0.0
2025-01-02,384.0,84.0,44.0,4.0,5.0,12.0,"Worli, Mumbai",32.2,22.0,26.9,58,17.1,8.9,351,1013.4,0.0
2025-01-03,308.3333333333333,88.0,22.0,4.0,5.0,13.0,"Worli, Mumbai",33.9,21.6,26.7,52,15.2,8.8,12,1013.3,0.0
2025-01-04,232.66666666666663,74.0,3.0,4.0,5.0,14.0,"Worli, Mumbai",32.5,20.6,25.7,48,13.3,6.6,351,1012.3,0.0
2025-01-05,157.0,84.0,2.0,4.0,5.0,12.0,"Worli, Mumbai",29.1,22.0,24.8,59,16.3,8.5,330,1012.2,0.0
2025-01-06,161.0,84.0,1.0,4.0,5.0,11.0,"Worli, Mumbai",30.0,20.4,24.3,57,18.8,12.9,345,1012.5,0.0
2025-01-07,160.0,83.0,2.0,4.0,5.0,12.0,"Worli, Mumbai",31.0,19.2,24.6,52,18.2,10.6,351,1012.2,0.0
2025-01-08,160.0,85.0,1.0,4.0,5.0,12.0,"Worli, Mumbai",30.2,20.4,25.3,54,14.5,9.1,357,1011.7,0.0
2025-01-09,161.0,95.0,2.0,4.0,5.0,12.0,"Worli, Mumbai",31.7,21.3,25.8,47,13.1,8.9,14,1012.2,0.0
2025-01-10,165.0,87.5,1.0,4.0,5.0,11.5,"Worli, Mumbai",30.7,20.9,25.4,52,12.4,6.9,347,1013.5,0.0
2025-01-11,156.0,80.0,2.0,4.0,5.0,11.0,"Worli, Mumbai",28.6,21.2,24.3,62,17.2,9.1,335,1013.9,0.0
2025-01-12,157.0,83.0,2.0,4.0,2.0,11.0,"Worli, Mumbai",29.8,21.2,24.6,59,17.7,11.1,344,1013.8,0.0
2025-01-13,160.0,90.0,1.0,4.0,2.0,12.0,"Worli, Mumbai",32.6,22.0,26.2,56,17.0,9.8,6,1011.7,0.0
2025-01-14,163.0,81.0,1.0,4.0,2.0,13.0,"Worli, Mumbai",31.9,21.9,26.3,59,14.2,8.1,350,1012.1,0.0
2025-01-15,159.0,86.0,2.0,4.0,8.0,13.0,"Worli, Mumbai",29.8,22.3,25.3,67,18.6,8.1,334,1013.5,0.0
2025-01-16,162.0,84.0,1.0,5.0,13.0,13.0,"Worli, Mumbai",29.6,20.7,24.8,65,19.1,12.1,342,1014.0,0.0
2025-01-17,160.5,82.0,1.0,5.0,13.0,14.0,"Worli, Mumbai",32.8,23.1,26.5,59,18.0,10.3,353,1012.1,0.0
2025-01-18,159.0,91.0,8.0,5.0,13.0,14.0,"Worli, Mumbai",34.0,22.9,27.4,48,16.7,9.5,28,1011.6,0.0
2025-01-19,163.0,91.0,49.0,5.0,13.0,14.0,"Worli, Mumbai",32.7,22.1,26.7,47,17.0,9.0,355,1012.5,0.0
2025-01-20,154.0,81.0,19.0,5.0,14.0,14.0,"Worli, Mumbai",32.5,21.8,26.6,45,15.7,8.0,339,1011.9,0.0
2025-01-21,145.0,87.0,2.0,5.0,14.0,15.0,"Worli, Mumbai",30.8,21.9,26.0,51,14.5,7.5,327,1010.9,0.0
2025-01-22,122.0,76.0,3.0,5.0,15.0,15.0,"Worli, Mumbai",31.1,21.4,25.9,52,17.7,8.6,334,1010.6,0.0
2025-01-23,88.0,83.0,1.0,5.0,15.0,15.0,"Worli, Mumbai",30.4,22.3,25.6,49,19.8,13.5,343,1010.9,0.0
2025-01-24,89.0,98.0,107.0,5.0,15.0,15.0,"Worli, Mumbai",31.1,21.3,26.1,48,12.4,8.5,339,1009.9,0.0
2025-01-25,100.0,99.0,37.0,5.0,15.0,16.0,"Worli, Mumbai",32.3,22.5,26.9,56,12.6,6.7,325,1010.7,0.0
2025-01-26,101.0,84.0,39.0,5.0,15.0,16.0,"Worli, Mumbai",32.6,22.6,27.2,58,14.8,7.8,329,1010.6,0.0
2025-01-27,94.0,78.0,1.0,5.0,15.0,16.0,"Worli, Mumbai",31.9,22.4,26.8,55,16.1,8.4,325,1009.9,0.0
2025-01-28,88.0,72.0,1.0,5.0,16.0,16.0,"Worli, Mumbai",30.1,21.9,25.7,55,13.4,6.5,312,1010.2,0.0
2025-01-29,82.0,92.0,1.0,5.0,16.0,16.0,"Worli, Mumbai",30.4,20.9,25.1,56,15.3,7.8,325,1012.0,0.0
2025-01-30,114.0,73.0,2.0,5.0,16.0,16.0,"Worli, Mumbai",30.6,21.0,25.6,51,13.4,8.0,327,1010.8,0.0
2025-01-31,108.0,81.0,1.0,5.0,16.0,17.0,"Worli, Mumbai",29.0,21.2,24.7,58,15.7,9.5,327,1010.8,0.0
2025-02-01,112.0,90.0,1.0,5.0,16.0,16.0,"Worli, Mumbai",28.8,20.6,24.1,56,17.7,9.4,339,1011.7,0.0
2025-02-02,115.0,85.0,1.0,5.0,16.0,17.0,"Worli, Mumbai",30.6,21.1,25.2,44,16.2,10.3,336,1011.5,0.0
2025-02-03,114.0,82.0,1.0,5.0,16.0,17.0,"Worli, Mumbai",28.8,21.3,25.0,50,19.9,10.0,328,1011.9,0.0
2025-02-04,111.0,88.0,1.0,5.0,16.0,17.0,"Worli, Mumbai",29.4,21.0,24.9,51,17.7,10.6,332,1012.9,0.0
2025-02-05,118.0,92.0,2.0,5.0,18.0,19.0,"Worli, Mumbai",31.4,21.4,25.3,37,21.6,14.0,343,1011.8,0.0
2025-02-06,116.0,101.0,10.0,5.0,13.0,13.0,"Worli, Mumbai",31.4,20.3,25.8,42,15.4,9.2,333,1010.6,0.0
2025-02-07,126.0,113.0,10.0,5.0,8.0,7.0,"Worli, Mumbai",32.8,22.5,27.1,54,12.9,6.1,316,1011.6,0.0
2025-02-08,132.0,101.0,10.0,5.0,8.0,7.0,"Worli, Mumbai",32.3,22.3,27.1,58,15.8,7.3,324,1011.7,0.0
2025-02-09,132.0,90.0,10.0,5.0,8.0,7.0,"Worli, Mumbai",32.3,23.3,27.7,47,17.9,9.8,327,1011.2,0.0
2025-02-10,125.0,81.0,10.0,5.0,2.0,1.0,"Worli, Mumbai",33.0,23.8,27.5,44,18.0,11.2,328,1012.5,0.0
2025-02-11,126.0,81.0,10.0,5.0,2.0,1.0,"Worli, Mumbai",32.2,22.2,26.4,46,18.5,10.3,332,1013.3,0.0
2025-02-12,116.0,101.0,10.0,1.0,1.0,1.0,"Worli, Mumbai",33.1,21.0,26.2,47,17.8,11.3,341,1013.3,0.0
2025-02-13,205.0,95.0,10.0,1.0,1.0,1.0,"Worli, Mumbai",34.2,22.0,27.6,39,18.3,11.7,344,1012.4,0.0
2025-02-14,149.0,78.0,10.0,1.0,3.0,1.0,"Worli, Mumbai",33.9,23.3,28.6,34,23.6,12.8,346,1011.9,0.0
2025-02-15,117.0,80.0,10.0,1.0,2.0,1.0,"Worli, Mumbai",34.1,23.1,28.8,30,20.9,10.6,343,1011.2,0.0
2025-02-16,116.0,69.0,10.0,1.0,2.0,1.0,"Worli, Mumbai",34.6,22.5,27.8,34,19.0,10.2,333,1011.8,0.0
2025-02-17,109.0,90.0,10.0,1.5,2.0,1.0,"Worli, Mumbai",33.6,21.6,27.3,43,19.8,10.4,334,1012.5,0.0
2025-02-18,115.0,82.0,10.0,2.0,2.0,1.0,"Worli, Mumbai",34.2,23.7,28.3,38,20.8,11.3,340,1012.3,0.0
2025-02-19,116.0,76.0,10.0,7.0,2.0,1.0,"Worli, Mumbai",33.1,23.8,28.2,37,19.7,11.5,334,1011.4,0.0
2025-02-20,116.0,86.0,10.0,12.0,3.0,1.0,"Worli, Mumbai",34.5,23.1,28.4,38,21.7,12.8,341,1011.7,0.0
2025-02-21,115.0,89.0,10.0,12.0,3.0,1.0,"Worli, Mumbai",36.0,24.8,30.0,32,19.2,13.9,360,1012.7,0.0
2025-02-22,116.0,95.0,10.0,8.0,2.0,1.0,"Worli, Mumbai",34.1,25.0,29.3,35,21.3,12.0,342,1013.1,0.0
2025-02-23,119.0,83.0,11.0,3.0,2.0,1.0,"Worli, Mumbai",34.7,23.7,29.4,35,17.6,10.2,342,1013.3,0.0
2025-02-24,113.0,92.0,16.0,8.0,2.0,1.0,"Worli, Mumbai",35.8,25.0,29.6,34,17.4,11.0,342,1013.2,0.0
2025-02-25,118.0,105.0,10.0,23.0,2.0,1.0,"Worli, Mumbai",36.7,25.0,29.7,35,17.9,8.1,348,1013.8,0.0
2025-02-26,127.0,103.0,10.0,6.0,2.0,1.0,"Worli, Mumbai",36.4,23.3,28.8,49,18.6,6.5,303,1014.1,0.0
2025-02-27,128.0,91.0,10.0,5.333333333333333,2.0,1.0,"Worli, Mumbai",34.5,24.7,29.0,46,16.8,7.0,292,1012.8,0.0
2025-02-28,123.0,72.0,10.0,4.666666666666667,2.0,1.0,"Worli, Mumbai",33.2,24.2,28.7,53,18.4,8.8,322,1011.5,0.0
2025-03-01,113.0,81.0,10.0,4.0,2.0,1.0,"Worli, Mumbai",33.2,25.4,29.2,40,18.9,11.9,330,1010.9,0.0
2025-03-02,117.0,84.0,10.0,5.5,3.0,1.0,"Worli, Mumbai",35.9,25.2,29.6,35,19.8,12.5,335,1010.2,0.0
2025-03-03,118.0,80.0,10.22222222222222,7.0,3.2857142857142856,1.0,"Worli, Mumbai",35.9,24.9,29.7,38,21.2,13.4,343,1010.5,0.0
2025-03-04,121.0,76.0,10.444444444444445,8.5,3.571428571428571,1.0,"Worli, Mumbai",35.7,25.7,29.7,38,22.0,14.5,344,1011.1,0.0
2025-03-05,136.0,72.0,10.666666666666666,10.0,3.857142857142857,1.0,"Worli, Mumbai",36.1,24.8,29.8,31,19.6,13.2,341,1010.8,0.0
2025-03-06,116.0,72.0,3.0,6.5,4.0,5.0,"Worli, Mumbai",34.6,23.5,28.9,25,20.5,10.9,343,1011.5,0.0
2025-03-07,124.0,72.0,3.0,3.0,4.0,5.0,"Worli, Mumbai",35.4,24.7,29.3,26,20.2,10.5,339,1009.8,0.0
2025-03-08,115.0,60.0,3.0,4.0,4.0,5.0,"Worli, Mumbai",35.0,24.0,28.8,36,17.0,9.7,321,1008.4,0.0
2025-03-09,108.0,108.0,3.0,5.0,5.0,5.0,"Worli, Mumbai",35.0,23.0,28.5,50,19.3,7.6,323,1008.5,0.0
2025-03-10,126.0,103.14285714285714,3.0,6.0,4.625,5.0,"Worli, Mumbai",37.6,25.3,30.5,37,19.9,7.3,303,1009.8,0.0
2025-03-11,148.0,98.28571428571428,12.0,7.0,4.25,5.0,"Worli, Mumbai",35.7,25.5,29.9,52,16.9,7.0,288,1010.9,0.0
2025-03-12,154.0,93.42857142857144,11.666666666666666,4.0,3.875,5.0,"Worli, Mumbai",35.8,25.6,30.0,51,17.5,6.9,299,1009.8,0.0
2025-03-13,130.0,72.0,11.333333333333334,4.0,4.0,5.0,"Worli, Mumbai",33.2,25.3,29.1,64,15.3,7.8,284,1009.2,0.0
2025-03-14,122.0,72.0,11.0,4.0,4.0,5.0,"Worli, Mumbai",34.0,24.4,29.1,60,17.1,7.7,302,1009.7,0.0
2025-03-15,107.0,72.0,3.0,4.0,4.0,5.0,"Worli, Mumbai",34.4,25.1,29.3,54,18.7,10.0,323,1010.4,0.0
2025-03-16,110.0,74.0,3.0,3.0,4.0,5.0,"Worli, Mumbai",33.0,25.6,29.1,52,18.1,10.7,329,1010.9,0.0
2025-03-17,116.0,72.0,10.0,3.125,2.0,1.0,"Worli, Mumbai",33.1,25.3,28.8,57,19.6,10.8,327,1010.9,0.0
2025-03-18,109.0,70.0,10.0,3.25,2.0,1.0,"Worli, Mumbai",32.7,23.8,28.0,64,19.2,9.3,318,1010.3,0.0
2025-03-19,108.0,67.66666666666667,10.0,3.375,2.0,1.0,"Worli, Mumbai",31.6,23.9,27.8,63,19.1,9.9,319,1011.5,0.0
2025-03-21,107.0,63.0,10.0,6.0,2.0,1.0,"Worli, Mumbai",32.4,25.4,28.2,57,20.9,12.5,325,1013.5,0.0
2025-03-22,104.0,66.5,10.0,6.0,3.0,1.5,"Worli, Mumbai",32.3,23.0,27.5,65,19.5,8.1,318,1012.4,0.0
2025-03-23,108.0,70.0,10.0,6.0,4.0,2.0,"Worli, Mumbai",32.8,23.9,28.2,70,17.8,6.7,279,1011.9,0.0
2025-03-24,113.0,88.0,10.0,4.0,3.5,1.75,"Worli, Mumbai",31.9,24.7,28.1,76,21.0,8.2,281,1011.8,0.0
2025-03-25,116.0,77.66666666666667,10.0,3.625,3.0,1.5,"Worli, Mumbai",32.6,24.6,28.6,67,19.2,8.9,302,1009.1,0.0
2025-03-26,107.0,67.33333333333334,10.0,3.25,2.5,1.25,"Worli, Mumbai",31.2,24.4,27.7,74,17.4,8.3,294,1008.6,0.0
2025-03-27,102.0,57.0,3.0,2.875,2.0,1.0,"Worli, Mumbai",30.4,24.3,27.2,75,18.8,8.8,313,1009.7,0.0
2025-03-28,108.0,61.0,3.0,6.0,2.2,1.0,"Worli, Mumbai",31.9,24.0,28.5,61,20.1,10.9,330,1008.4,0.0
2025-03-29,117.0,65.0,3.0,6.0,2.4,1.0,"Worli, Mumbai",35.5,26.9,30.9,31,19.3,11.0,329,1006.9,0.0
2025-03-31,118.33333333333331,73.0,3.0,6.0,2.8,1.0,"Worli, Mumbai",36.5,25.9,31.0,48,19.2,9.1,307,1007.6,0.0
2025-04-01,119.0,77.0,3.0,1.0,3.0,1.0,"Worli, Mumbai",38.3,26.2,31.7,44,17.6,9.1,323,1006.8,0.0
2025-04-02,117.0,72.0,10.0,1.0,3.0,1.0,"Worli, Mumbai",36.1,28.2,31.4,44,16.4,7.1,243,1007.4,0.0
2025-04-03,114.0,67.0,10.0,3.0,2.0,1.0,"Worli, Mumbai",31.3,27.2,29.0,77,14.1,8.7,220,1010.7,0.8
2025-04-04,110.0,65.0,10.0,3.0,3.0,1.0,"Worli, Mumbai",32.2,26.3,28.9,77,17.3,8.9,288,1011.8,1.1
2025-04-05,108.0,64.0,10.0,3.0,2.0,1.0,"Worli, Mumbai",34.9,25.0,29.7,63,21.6,9.8,316,1009.7,0.0
2025-04-06,107.0,68.0,3.0,6.0,2.0,1.0,"Worli, Mumbai",33.8,25.3,29.6,64,19.1,7.0,269,1008.7,0.0
2025-04-07,113.0,70.0,3.0,5.0,2.0,1.0,"Worli, Mumbai",35.5,25.0,30.3,62,21.7,9.4,306,1008.3,0.0
2025-04-08,111.0,64.0,3.0,1.0,3.0,1.0,"Worli, Mumbai",36.5,26.4,31.0,49,25.0,8.7,316,1008.9,0.0
2025-04-09,106.0,58.0,3.0,2.0,2.0,1.0,"Worli, Mumbai",33.6,26.0,30.2,60,18.5,9.2,255,1008.5,0.0
2025-04-10,105.0,59.0,3.0,7.0,3.0,2.0,"Worli, Mumbai",32.3,26.8,29.3,76,14.2,10.9,203,1007.3,0.0
2025-04-11,105.0,58.0,3.0,4.0,2.0,1.0,"Worli, Mumbai",31.8,25.9,28.8,76,17.8,11.6,212,1007.2,0.0
2025-04-12,102.0,61.0,3.0,7.0,2.0,1.0,"Worli, Mumbai",31.5,25.6,28.7,77,16.3,8.3,226,1008.9,0.1
2025-04-13,104.0,59.0,3.0,10.0,2.0,1.0,"Worli, Mumbai",32.1,25.5,28.7,75,18.6,9.2,301,1010.1,0.0
2025-04-14,104.0,65.0909090909091,3.0,10.545454545454543,2.090909090909091,1.0,"Worli, Mumbai",36.1,24.9,30.2,62,21.7,11.8,326,1008.7,0.0
2025-04-24,127.63636363636364,126.0,3.0,16.0,3.0,1.0,"Worli, Mumbai",32.5,26.9,29.5,75,16.1,9.7,242,1007.5,0.0
2025-04-25,130.0,62.0,3.0,9.0,2.0,1.0,"Worli, Mumbai",33.1,26.6,29.6,72,16.8,8.5,279,1008.0,0.0
2025-04-26,109.0,62.0,3.0,8.0,2.0,1.0,"Worli, Mumbai",32.7,26.6,29.3,72,17.8,7.8,273,1007.8,0.0
2025-04-27,109.0,64.0,3.0,7.0,2.0,1.0,"Worli, Mumbai",32.3,26.1,29.1,76,18.0,8.8,286,1008.1,0.0
2025-04-28,106.0,64.0,3.0,12.0,2.0,1.0,"Worli, Mumbai",32.0,26.5,29.2,76,17.8,9.8,246,1007.3,0.0
2025-04-29,109.0,59.0,3.0,10.0,2.0,1.0,"Worli, Mumbai",31.9,26.5,29.2,77,16.2,8.8,236,1006.8,0.0
2025-04-30,106.0,59.0,3.0,9.0,2.0,1.0,"Worli, Mumbai",32.2,26.5,29.4,76,17.5,9.4,261,1007.8,0.2
2025-05-01,105.0,62.583333333333336,2.5,8.0,2.0,1.0,"Worli, Mumbai",32.7,26.1,29.6,76,22.4,8.1,276,1008.2,0.0
2025-05-02,106.0,66.16666666666667,2.5,8.0,3.0,2.0,"Worli, Mumbai",33.3,26.0,29.7,72,16.6,8.9,275,1008.3,0.0
2025-05-03,119.0,69.75,2.5,7.0,2.0,1.0,"Worli, Mumbai",32.4,26.4,29.7,69,18.2,9.8,235,1008.2,0.0
2025-05-04,144.0,57.0,2.5,7.0,2.0,1.0,"Worli, Mumbai",32.5,27.2,30.0,68,16.7,9.5,254,1007.8,0.0
2025-05-05,163.0,57.0,2.5,7.0,3.0,2.0,"Worli, Mumbai",32.4,27.9,30.1,71,16.3,9.4,248,1007.4,0.0
2025-05-06,113.0,57.0,2.5,7.0,3.0,2.0,"Worli, Mumbai",32.2,23.5,28.7,73,18.8,9.7,252,1008.4,3.3
2025-05-07,107.0,57.0,2.5,6.0,3.0,2.0,"Worli, Mumbai",31.7,25.3,27.9,74,18.4,10.7,220,1007.5,2.2
2025-05-08,100.0,57.0,2.5,7.0,4.0,2.0,"Worli, Mumbai",29.0,22.6,26.7,80,16.8,11.2,208,1007.4,11.0
2025-05-09,100.0,57.0,2.5,7.0,3.0,2.0,"Worli, Mumbai",28.6,25.3,27.2,81,17.6,12.0,200,1008.3,1.6
2025-05-10,102.0,57.0,2.5,6.0,2.0,1.0,"Worli, Mumbai",30.5,25.2,28.2,79,14.1,7.7,225,1008.2,0.1
2025-05-11,101.0,57.0,2.5,7.0,3.0,1.0,"Worli, Mumbai",32.1,26.0,29.1,75,13.4,6.4,253,1007.5,0.4
2025-05-12,101.0,102.0,10.0,5.0,2.0,1.0,"Worli, Mumbai",33.0,27.4,30.2,70,14.6,7.7,258,1006.5,0.3
2025-05-13,112.0,67.0,10.0,9.0,2.0,1.0,"Worli, Mumbai",33.1,28.1,30.7,68,14.4,6.7,293,1006.6,0.3
2025-05-14,109.0,67.0,10.0,14.0,2.0,1.0,"Worli, Mumbai",32.7,25.4,29.9,71,14.1,8.0,297,1007.1,1.7
2025-05-15,115.0,59.0,10.0,6.0,3.0,1.0,"Worli, Mumbai",32.8,27.9,30.5,71,15.7,7.6,284,1007.1,1.7
2025-05-16,106.0,57.0,11.0,2.0,2.0,1.0,"Worli, Mumbai",32.9,29.0,30.8,66,15.1,8.4,240,1006.9,0.5
2025-05-17,104.0,60.0,11.0,3.0,2.0,1.0,"Worli, Mumbai",32.1,28.4,30.4,68,15.5,8.6,232,1006.6,1.8
2025-05-18,110.0,62.0,10.0,3.0,2.0,1.0,"Worli, Mumbai",33.7,28.9,31.1,62,16.0,7.7,257,1005.8,0.2
2025-05-19,116.0,60.0,10.0,3.0,2.0,1.0,"Worli, Mumbai",31.9,28.9,30.3,69,17.6,8.4,303,1004.8,0.5
2025-05-20,117.0,59.0,10.5,3.0,2.0,1.0,"Worli, Mumbai",33.8,28.6,30.4,74,13.6,7.2,310,1004.1,4.3
2025-05-21,115.5,58.0,11.0,3.0,2.0,1.0,"Worli, Mumbai",31.5,26.8,29.1,83,14.3,6.7,325,1003.3,2.2
2025-05-22,114.0,66.0,11.0,3.0,2.0,1.0,"Worli, Mumbai",31.6,26.3,28.7,80,20.9,9.1,324,1002.0,5.0
2025-05-23,114.0,70.0,10.0,2.0,2.0,1.0,"Worli, Mumbai",32.2,26.4,28.8,85,14.3,5.4,330,999.5,3.1
2025-05-24,117.0,56.0,10.0,2.0,3.0,2.0,"Worli, Mumbai",32.2,26.4,29.0,84,15.9,8.8,341,999.3,4.8
2025-05-25,104.0,61.0,11.0,2.0,3.0,2.0,"Worli, Mumbai",28.4,24.1,26.6,90,13.0,5.7,333,1001.8,20.8
2025-05-26,103.0,54.0,10.0,2.0,3.0,1.0,"Worli, Mumbai",27.9,24.8,26.3,92,25.0,10.8,356,1002.0,61.3
2025-05-27,102.0,62.0,10.0,2.0,3.0,1.0,"Worli, Mumbai",29.9,25.7,27.4,88,13.7,5.8,228,1001.9,8.8
2025-05-28,108.0,68.0,11.0,2.0,3.0,2.0,"Worli, Mumbai",28.2,26.0,26.9,90,14.5,8.6,211,1002.3,14.0
2025-05-29,107.0,72.0,11.0,2.0,4.0,2.0,"Worli, Mumbai",31.2,26.8,29.0,85,19.9,11.3,250,1000.8,5.9
2025-05-30,105.0,65.0,11.0,2.0,4.0,2.0,"Worli, Mumbai",31.4,28.2,29.7,78,21.5,18.2,250,1002.1,1.2
2025-05-31,104.0,59.0,11.0,2.0,3.0,2.0,"Worli, Mumbai",30.9,27.5,29.3,79,22.0,17.4,232,1005.5,4.2
2025-06-01,103.0,60.0,11.0,2.0,3.0,2.0,"Worli, Mumbai",29.1,26.0,27.3,85,22.1,16.5,202,1006.0,7.3
2025-06-02,104.0,64.0,11.0,2.0,4.0,2.0,"Worli, Mumbai",30.4,25.8,27.8,83,22.3,16.7,203,1005.0,8.7
2025-06-03,104.0,55.0,11.0,2.0,3.0,2.0,"Worli, Mumbai",30.2,25.6,27.5,84,23.1,17.2,196,1005.3,11.0
2025-06-04,104.0,69.0,10.0,2.0,3.0,1.0,"Worli, Mumbai",28.7,24.7,27.0,84,18.3,11.1,181,1006.5,3.7
2025-06-05,111.0,66.0,10.0,2.0,2.0,1.0,"Worli, Mumbai",29.8,25.3,27.9,83,12.0,6.6,192,1008.5,0.4
2025-06-06,109.0,55.0,10.0,2.0,3.0,2.0,"Worli, Mumbai",30.0,26.7,28.3,84,11.0,5.1,260,1009.3,4.8
2025-06-07,103.0,61.0,9.0,2.0,2.0,1.0,"Worli, Mumbai",29.4,25.6,27.8,86,11.4,5.4,253,1009.5,9.0
2025-06-08,115.0,64.0,8.0,2.0,2.0,1.0,"Worli, Mumbai",30.1,26.7,28.5,82,15.6,8.6,276,1008.8,4.4
2025-06-09,145.0,57.0,8.0,2.0,2.0,1.0,"Worli, Mumbai",30.7,27.5,29.1,77,20.4,11.9,297,1007.8,0.6
2025-06-10,102.0,54.0,8.0,2.0,2.0,1.0,"Worli, Mumbai",30.6,27.6,29.0,78,18.9,11.9,298,1005.8,0.7
2025-06-11,100.0,54.0,8.0,2.0,2.0,1.0,"Worli, Mumbai",31.5,28.2,29.8,77,19.8,13.5,304,1004.1,0.7
2025-06-12,101.0,56.0,8.0,6.0,6.0,1.0,"Worli, Mumbai",31.5,28.7,30.1,77,25.4,17.7,308,1002.2,3.2
2025-06-13,103.0,56.0,8.0,9.0,7.0,1.0,"Worli, Mumbai",30.1,25.3,28.3,86,20.7,12.3,336,1001.6,33.9
2025-06-14,131.0,50.0,8.0,10.0,7.0,1.0,"Worli, Mumbai",30.4,25.6,27.6,90,15.7,8.0,331,1000.3,68.9
2025-06-15,48.0,53.0,8.0,27.0,11.0,5.0,"Worli, Mumbai",29.4,25.4,26.8,92,17.9,9.4,150,997.8,62.6
2025-06-16,48.0,65.0,8.0,25.0,11.0,4.0,"Worli, Mumbai",27.4,25.7,26.4,91,34.6,26.0,250,998.8,100.7
2025-06-17,48.0,84.0,8.0,24.0,11.0,4.0,"Worli, Mumbai",29.2,25.9,27.5,85,29.0,24.3,223,1001.7,13.8
2025-06-18,48.0,61.0,8.0,22.0,10.0,4.0,"Worli, Mumbai",28.6,26.2,27.2,88,32.3,25.1,249,1002.6,97.0
2025-06-19,50.0,59.0,8.0,17.0,9.0,3.0,"Worli, Mumbai",28.5,24.6,26.6,89,28.5,21.1,249,1003.5,77.3
2025-06-20,48.0,59.0,8.0,18.0,9.0,3.0,"Worli, Mumbai",29.5,26.2,27.6,84,24.4,20.0,229,1004.9,10.8
2025-06-23,137.25,63.0,8.0,20.0,10.0,3.0,"Worli, Mumbai",28.5,26.0,27.0,86,28.4,22.7,240,1002.9,48.7
2025-06-24,167.0,61.0,8.0,18.0,9.0,3.0,"Worli, Mumbai",29.2,25.5,27.0,87,27.8,19.9,241,1002.0,31.8
2025-06-25,108.0,60.0,8.0,17.0,9.0,3.0,"Worli, Mumbai",29.7,26.7,28.3,81,29.0,23.8,244,1001.4,7.4
2025-06-26,104.0,61.0,8.0,18.0,9.0,3.0,"Worli, Mumbai",28.6,25.6,27.0,87,23.6,18.2,230,1001.8,30.4
2025-06-27,104.0,63.0,8.0,23.0,10.0,4.0,"Worli, Mumbai",28.3,25.2,27.3,83,26.6,22.2,226,1002.5,13.8
2025-06-28,105.0,57.0,8.0,18.0,9.0,3.0,"Worli, Mumbai",29.1,25.8,27.5,80,29.7,25.3,229,1003.9,18.5
2025-06-29,102.0,61.0,8.0,26.0,11.0,4.0,"Worli, Mumbai",28.4,25.3,27.3,83,26.0,21.3,230,1004.2,21.0
2025-06-30,103.0,59.0,8.0,23.0,10.0,4.0,"Worli, Mumbai",29.5,24.7,27.1,83,26.1,21.3,243,1003.9,27.5
2025-07-01,103.0,58.0,8.0,20.0,10.0,3.0,"Worli, Mumbai",28.7,24.6,27.0,85,23.5,18.4,244,1004.2,38.9
2025-07-02,101.0,58.5,8.0,19.5,9.5,3.0,"Worli, Mumbai",28.6,25.3,26.8,87,23.7,19.5,247,1003.5,44.4
2025-07-03,102.5,59.0,8.0,19.0,9.0,3.0,"Worli, Mumbai",28.2,24.9,26.6,86,25.5,20.4,230,1003.6,23.1
2025-07-04,104.0,61.0,8.0,26.0,11.0,5.0,"Worli, Mumbai",28.1,25.4,26.9,84,26.3,22.5,229,1004.5,17.1
2025-07-05,108.0,61.0,8.0,21.5,10.0,4.0,"Worli, Mumbai",27.6,26.1,26.8,85,27.2,23.4,241,1004.3,29.9
2025-07-06,105.5,61.0,8.0,17.0,9.0,3.0,"Worli, Mumbai",28.0,25.5,26.7,86,31.8,22.9,241,1003.7,26.1
2025-07-07,103.0,59.0,8.0,21.0,10.0,3.0,"Worli, Mumbai",28.6,26.0,27.2,84,25.2,21.2,243,1004.1,8.8
2025-07-08,110.0,60.0,8.0,23.0,11.0,4.0,"Worli, Mumbai",28.3,26.8,27.7,82,25.8,22.2,244,1004.7,1.3
2025-07-09,109.0,88.0,8.0,18.0,9.0,3.0,"Worli, Mumbai",27.6,25.3,26.9,86,22.8,16.1,245,1005.1,9.1
2025-07-10,108.0,59.0,8.0,17.0,9.0,3.0,"Worli, Mumbai",28.7,25.3,27.1,84,17.2,11.9,234,1005.3,8.0
2025-07-11,107.0,60.0,8.0,17.0,9.0,3.0,"Worli, Mumbai",28.0,25.3,26.8,86,16.2,11.7,234,1005.5,6.2
2025-07-12,109.0,56.0,8.0,18.0,9.0,3.0,"Worli, Mumbai",29.1,25.2,27.2,85,18.9,13.0,250,1006.0,4.4
2025-07-13,106.0,51.0,8.0,19.0,9.0,3.0,"Worli, Mumbai",28.3,25.5,26.7,85,17.8,13.5,242,1005.7,13.3
2025-07-14,105.0,58.0,8.0,13.0,8.0,2.0,"Worli, Mumbai",27.3,25.2,26.4,89,25.6,18.1,242,1004.2,52.2
2025-07-15,106.0,153.0,8.0,13.0,8.0,2.0,"Worli, Mumbai",27.4,25.5,26.6,87,17.4,13.6,249,1003.8,17.9
2025-07-16,105.0,62.0,8.0,10.0,7.0,1.0,"Worli, Mumbai",29.2,26.0,27.5,84,18.1,13.3,260,1004.1,11.1
2025-07-17,119.0,62.0,8.0,7.0,8.0,1.0,"Worli, Mumbai",28.9,25.9,27.5,85,12.4,8.9,245,1004.8,3.5
2025-07-18,111.0,60.0,8.0,4.0,8.0,2.0,"Worli, Mumbai",29.1,25.9,27.6,83,13.4,9.9,253,1005.1,2.3
2025-07-19,107.0,55.0,8.0,3.0,8.0,2.0,"Worli, Mumbai",28.1,25.2,27.0,85,15.9,10.6,238,1003.1,4.2
2025-07-20,104.0,55.0,8.0,2.0,7.0,1.0,"Worli, Mumbai",27.8,25.0,26.5,87,16.4,13.0,226,1002.3,12.4
2025-07-21,104.0,52.0,8.0,2.0,7.0,1.0,"Worli, Mumbai",27.7,25.7,26.5,89,14.5,11.3,232,1003.5,25.6
2025-07-22,102.0,53.0,8.0,4.0,9.0,2.0,"Worli, Mumbai",27.8,25.7,26.6,88,18.0,11.6,252,1004.2,24.7
2025-07-23,104.0,59.0,8.0,5.0,9.0,3.0,"Worli, Mumbai",27.6,25.1,26.5,86,20.0,15.0,251,1003.1,20.0
2025-07-24,108.0,58.0,8.0,6.0,10.0,4.0,"Worli, Mumbai",27.1,25.3,26.3,87,21.5,17.0,238,1001.7,17.8
2025-07-25,106.0,60.0,8.0,6.0,10.0,4.0,"Worli, Mumbai",27.4,26.1,26.6,88,24.6,20.6,249,1001.2,38.3
2025-07-26,111.0,64.0,8.0,9.0,10.333333333333334,4.0,"Worli, Mumbai",27.6,25.3,26.5,86,25.4,22.9,257,1002.3,25.0
2025-07-27,109.0,63.5,8.0,8.0,10.666666666666666,4.0,"Worli, Mumbai",28.3,25.1,26.9,83,31.0,27.1,250,1003.6,13.0
2025-07-28,107.0,63.0,8.0,7.0,11.0,4.0,"Worli, Mumbai",28.2,25.9,26.9,82,29.9,26.9,249,1004.8,8.2
2025-07-29,105.0,61.0,8.0,5.0,10.0,4.0,"Worli, Mumbai",27.8,26.0,26.7,84,29.6,26.4,254,1005.3,8.0
2025-07-30,107.0,62.0,8.0,5.0,10.0,3.0,"Worli, Mumbai",27.4,25.9,26.7,85,28.4,23.6,248,1004.9,8.1
2025-07-31,109.0,63.0,8.0,5.0,10.0,3.0,"Worli, Mumbai",27.6,26.1,26.9,84,24.8,22.1,238,1005.5,3.8
2025-08-01,110.0,60.0,8.0,4.0,9.0,2.0,"Worli, Mumbai",28.3,25.8,27.0,82,22.4,17.4,242,1006.2,2.9
2025-08-02,103.0,56.0,8.0,3.0,8.0,2.0,"Worli, Mumbai",28.0,25.4,26.6,86,16.9,12.2,246,1006.4,6.4
2025-08-03,102.0,58.0,8.0,3.0,8.0,2.0,"Worli, Mumbai",27.9,25.2,26.5,85,13.9,9.8,227,1007.2,3.9
2025-08-04,107.0,58.0,8.0,2.0,7.0,1.0,"Worli, Mumbai",28.6,25.1,27.0,84,14.3,8.7,249,1008.3,3.9
2025-08-05,105.0,59.0,8.0,1.0,7.0,1.0,"Worli, Mumbai",28.7,25.5,27.1,83,16.2,8.3,266,1007.8,4.5
2025-08-06,106.0,55.0,8.0,1.0,7.0,1.0,"Worli, Mumbai",29.2,25.7,27.4,83,15.6,7.7,294,1007.4,1.3
2025-08-07,105.0,61.0,8.0,1.0,7.0,1.0,"Worli, Mumbai",28.0,26.0,27.1,86,13.4,6.2,291,1007.2,1.7
2025-08-08,107.0,58.0,8.0,2.0,7.0,1.0,"Worli, Mumbai",28.0,26.1,26.9,86,9.2,4.6,272,1007.9,3.1
2025-08-09,107.0,57.0,8.0,2.0,8.0,2.0,"Worli, Mumbai",28.2,25.0,26.8,86,10.3,5.6,239,1009.4,0.9
2025-08-10,105.0,58.0,8.0,3.0,8.0,2.0,"Worli, Mumbai",28.0,25.4,26.7,84,14.0,6.5,235,1008.6,4.4
2025-08-11,105.0,54.0,8.0,3.0,8.0,2.0,"Worli, Mumbai",28.1,25.3,26.7,83,16.6,9.5,248,1008.4,6.4
2025-08-12,105.0,53.0,8.0,2.0,7.0,1.0,"Worli, Mumbai",28.5,25.2,26.7,83,18.2,10.3,257,1007.1,6.2
2025-08-13,104.0,48.0,8.0,3.0,8.0,1.0,"Worli, Mumbai",27.9,25.3,26.3,86,13.9,9.4,246,1005.1,9.8
2025-08-14,102.0,49.0,8.0,2.0,7.0,1.0,"Worli, Mumbai",27.2,25.2,26.0,89,16.4,10.5,222,1004.4,50.5
2025-08-15,103.0,51.0,8.0,5.0,9.0,3.0,"Worli, Mumbai",27.2,25.3,26.2,88,17.1,12.8,245,1003.8,49.6
2025-08-16,100.0,53.0,8.0,5.0,10.0,3.0,"Worli, Mumbai",26.4,24.8,25.6,91,16.7,11.6,245,1002.6,38.7
2025-08-17,103.0,55.0,8.0,8.0,12.0,5.0,"Worli, Mumbai",27.9,25.3,26.3,87,23.7,15.5,237,1001.4,15.6
2025-08-18,104.0,54.0,8.0,10.0,13.0,7.0,"Worli, Mumbai",26.7,25.4,25.7,91,27.2,22.4,243,1003.7,117.6
2025-08-19,103.0,57.0,8.0,9.0,12.0,6.0,"Worli, Mumbai",26.5,25.2,25.8,90,35.5,27.7,251,1002.5,128.8
2025-08-20,105.0,57.0,8.0,6.0,10.0,4.0,"Worli, Mumbai",26.9,25.1,25.9,88,32.3,27.6,243,1003.8,60.2
2025-08-21,103.0,54.0,8.0,6.0,10.0,4.0,"Worli, Mumbai",28.0,25.6,26.7,84,28.6,24.2,234,1007.0,29.1
2025-08-22,102.0,56.0,8.0,7.0,11.0,5.0,"Worli, Mumbai",28.2,25.8,27.0,81,25.1,21.6,240,1007.9,3.9
2025-08-23,101.0,55.0,8.0,7.0,11.0,5.0,"Worli, Mumbai",28.2,24.8,26.8,80,28.7,23.3,241,1007.1,10.1
2025-08-24,100.0,54.0,8.0,6.0,10.0,4.0,"Worli, Mumbai",28.4,25.7,26.8,81,26.5,24.0,239,1007.7,4.5
2025-08-25,99.0,54.0,8.0,5.0,9.0,3.0,"Worli, Mumbai",26.9,24.9,25.8,86,26.0,20.9,243,1007.1,24.0
2025-08-26,100.0,55.0,8.0,2.0,7.0,1.0,"Worli, Mumbai",27.9,25.0,26.5,85,20.7,16.3,254,1006.7,14.4
2025-08-27,101.0,55.0,8.0,1.0,7.0,1.0,"Worli, Mumbai",28.2,25.4,26.6,85,14.2,10.0,278,1005.5,7.0
2025-08-28,102.0,53.0,8.0,1.0,7.0,1.0,"Worli, Mumbai",28.3,25.3,26.6,88,12.4,9.0,281,1004.6,16.6
2025-08-29,103.0,50.0,8.0,2.0,7.0,1.0,"Worli, Mumbai",28.0,25.7,26.5,87,14.3,9.9,236,1004.5,7.4
2025-08-30,100.0,55.0,8.0,3.0,8.0,2.0,"Worli, Mumbai",28.0,25.3,26.6,85,13.1,10.3,228,1006.4,3.5
2025-08-31,101.0,56.0,8.0,6.0,11.0,4.0,"Worli, Mumbai",27.7,25.3,26.5,86,20.9,14.4,247,1006.8,9.5
2025-09-01,101.0,56.0,8.0,3.0,8.0,2.0,"Worli, Mumbai",27.9,25.4,26.5,84,24.1,19.1,256,1005.3,10.4
2025-09-02,102.0,58.0,8.0,2.0,8.0,1.0,"Worli, Mumbai",28.1,25.3,26.8,85,17.7,15.7,270,1005.0,4.9
2025-09-03,101.0,55.0,8.0,2.0,7.0,1.0,"Worli, Mumbai",28.6,24.9,26.9,83,19.6,13.8,280,1005.3,4.0
2025-09-04,102.0,58.0,8.0,3.0,8.0,2.0,"Worli, Mumbai",26.3,25.2,25.9,87,14.9,11.6,278,1005.7,15.7
2025-09-05,102.0,54.0,8.0,3.0,8.0,2.0,"Worli, Mumbai",27.4,25.0,26.1,88,17.5,12.8,258,1006.2,15.6
2025-09-06,104.0,56.0,8.0,4.0,9.0,3.0,"Worli, Mumbai",26.7,25.1,26.0,85,21.9,16.8,238,1007.3,15.8
2025-09-07,105.0,58.0,8.0,3.0,8.0,2.0,"Worli, Mumbai",28.0,24.9,26.3,84,20.9,16.2,227,1007.6,11.4
2025-09-08,108.0,59.0,8.0,3.0,8.0,1.0,"Worli, Mumbai",27.5,24.6,26.1,86,19.2,14.1,204,1007.4,5.8
2025-09-09,107.0,62.0,8.0,2.0,7.0,1.0,"Worli, Mumbai",28.4,24.5,26.4,87,11.2,8.5,196,1009.0,0.7
2025-09-10,111.0,61.0,8.0,2.0,7.0,1.0,"Worli, Mumbai",29.1,24.6,26.8,85,13.4,6.1,286,1009.7,0.4
2025-09-11,111.0,58.0,8.0,1.0,7.0,1.0,"Worli, Mumbai",28.5,24.5,26.7,83,12.6,6.0,286,1009.5,1.4
2025-09-12,107.0,68.0,8.0,1.0,6.0,1.0,"Worli, Mumbai",29.0,24.9,27.0,81,14.0,5.9,311,1009.3,0.4
2025-09-13,109.0,59.0,8.0,1.5,7.0,1.0,"Worli, Mumbai",28.5,25.1,26.6,87,15.8,7.1,322,1008.9,12.4
2025-09-14,106.5,50.0,8.0,2.0,8.0,1.0,"Worli, Mumbai",28.8,25.0,26.5,87,16.8,8.3,323,1008.6,16.3
2025-09-15,104.0,54.0,8.0,1.0,7.0,1.0,"Worli, Mumbai",27.4,25.2,26.1,90,18.7,10.2,305,1008.0,72.3
2025-09-16,108.0,48.0,8.0,1.0,7.0,1.0,"Worli, Mumbai",27.7,25.3,26.2,89,12.9,6.8,285,1007.8,7.8
2025-09-17,98.0,94.0,8.0,1.0,7.0,1.5,"Worli, Mumbai",28.0,24.8,26.4,89,11.1,4.6,255,1007.6,15.2
2025-09-18,155.0,93.0,8.0,3.0,8.0,2.0,"Worli, Mumbai",27.6,24.7,26.2,90,10.1,4.9,274,1007.5,9.9
2025-09-19,110.0,54.0,8.0,1.0,7.0,1.0,"Worli, Mumbai",28.3,24.9,26.3,89,13.3,7.3,242,1008.5,11.9
2025-09-20,102.0,51.0,8.0,1.0,7.0,1.0,"Worli, Mumbai",28.6,24.9,26.5,88,13.0,7.2,238,1008.7,14.8
2025-09-21,101.0,51.0,8.0,1.0,7.0,1.0,"Worli, Mumbai",28.6,24.9,26.3,88,14.6,6.0,276,1008.3,15.4
2025-09-22,104.0,50.0,8.0,2.0,7.0,1.0,"Worli, Mumbai",28.1,24.5,25.9,90,13.9,6.8,284,1009.1,19.5
2025-09-23,101.0,52.0,8.0,2.0,7.0,1.0,"Worli, Mumbai",28.5,24.8,26.5,85,17.5,6.6,269,1009.5,9.1
2025-09-24,100.0,52.0,8.0,2.0,7.0,1.0,"Worli, Mumbai",28.2,24.6,26.9,81,12.6,7.4,267,1008.0,1.5
2025-09-25,100.0,58.0,8.0,1.0,7.0,1.0,"Worli, Mumbai",27.9,24.5,26.4,84,11.0,6.1,253,1007.3,3.4
2025-09-26,102.0,52.0,8.0,2.0,8.0,1.0,"Worli, Mumbai",29.1,24.4,26.7,86,13.7,4.8,313,1007.3,3.3
2025-09-27,100.0,51.0,8.0,7.0,11.0,5.0,"Worli, Mumbai",28.3,24.6,26.4,85,17.5,10.9,289,1007.3,17.4
2025-09-28,100.0,55.0,8.0,7.0,11.0,5.0,"Worli, Mumbai",26.6,25.5,26.1,89,34.8,26.5,273,1003.8,122.1
2025-09-29,103.0,51.0,8.0,3.0,8.0,2.0,"Worli, Mumbai",28.4,25.5,26.7,78,29.4,22.4,227,1004.3,16.9
2025-09-30,101.0,51.0,8.0,3.0,8.0,2.0,"Worli, Mumbai",27.4,24.3,25.6,85,23.7,18.7,194,1005.4,9.4
2025-10-01,101.0,50.0,8.0,3.0,8.0,2.0,"Worli, Mumbai",28.3,24.1,25.8,87,24.3,17.9,185,1005.0,13.2
2025-10-02,100.0,51.0,8.0,3.0,8.0,2.0,"Worli, Mumbai",27.8,24.3,26.0,87,24.6,16.7,181,1007.0,5.2
2025-10-03,99.0,58.0,8.0,2.0,8.0,1.0,"Worli, Mumbai",28.4,25.1,26.6,86,18.8,12.8,187,1009.7,4.2
2025-10-04,108.0,59.0,8.0,1.0,7.0,1.5,"Worli, Mumbai",28.4,25.0,26.7,86,14.4,8.8,200,1011.0,3.7
2025-10-05,107.0,60.0,8.0,3.0,8.0,2.0,"Worli, Mumbai",27.8,24.6,26.4,85,11.5,7.7,200,1011.1,1.0
2025-10-06,102.0,57.0,8.0,2.0,7.0,1.0,"Worli, Mumbai",28.0,24.7,26.2,84,13.9,7.7,217,1011.7,2.0
2025-10-07,103.0,62.0,8.0,1.0,7.0,1.0,"Worli, Mumbai",28.5,24.6,26.3,86,13.3,5.8,249,1011.7,1.7
2025-10-08,105.0,77.0,8.0,1.0,7.0,1.0,"Worli, Mumbai",29.3,24.8,26.9,84,14.8,7.0,333,1011.4,0.2
2025-10-09,118.0,86.0,8.0,1.0,7.0,1.0,"Worli, Mumbai",31.0,25.1,27.8,78,12.1,7.2,349,1011.5,0.0
2025-10-10,128.0,138.0,8.0,2.0,7.0,1.0,"Worli, Mumbai",32.6,24.6,28.2,66,12.3,7.8,359,1010.1,0.0
2025-10-11,143.0,87.0,8.0,2.0,7.0,1.0,"Worli, Mumbai",33.5,24.9,28.7,62,14.5,7.1,343,1009.8,0.1
2025-10-12,133.0,79.0,8.0,2.0,7.0,1.0,"Worli, Mumbai",34.4,25.0,29.3,59,14.5,7.4,341,1009.4,0.1
2025-10-13,130.0,74.0,8.0,2.0,7.0,1.0,"Worli, Mumbai",33.8,25.3,29.3,56,14.6,7.8,337,1009.8,0.0
2025-10-14,128.0,72.0,8.0,2.0,7.0,1.0,"Worli, Mumbai",34.4,24.7,29.3,56,15.0,8.2,341,1008.0,0.0
2025-10-15,127.0,65.0,8.0,2.0,7.0,1.0,"Worli, Mumbai",34.0,25.0,28.8,61,15.1,4.9,65,1007.4,1.3
2025-10-16,120.0,62.0,8.0,2.0,8.0,1.0,"Worli, Mumbai",34.3,26.4,29.2,73,13.0,6.0,66,1007.9,9.8
2025-10-17,116.0,71.0,8.0,2.0,7.0,1.0,"Worli, Mumbai",34.8,26.0,30.2,66,14.2,8.3,16,1008.9,0.0
2025-10-18,132.0,75.0,8.0,2.0,7.0,1.0,"Worli, Mumbai",34.4,26.6,30.3,62,13.1,6.6,16,1008.8,0.3
2025-10-19,139.0,83.0,8.0,2.0,7.0,1.0,"Worli, Mumbai",34.9,26.6,30.3,62,13.5,7.7,1,1007.5,0.4
2025-10-20,146.0,87.0,8.0,2.0,7.0,1.0,"Worli, Mumbai",34.7,26.4,30.3,61,16.5,8.7,8,1006.8,0.1
2025-10-21,147.0,62.0,8.0,2.0,7.0,1.0,"Worli, Mumbai",33.9,26.0,29.5,63,13.6,7.5,43,1008.0,7.5
2025-10-22,125.0,63.0,8.0,2.0,7.0,1.0,"Worli, Mumbai",33.2,26.1,29.3,72,13.7,6.8,43,1008.4,1.0
2025-10-23,122.0,75.0,8.0,3.0,8.0,2.0,"Worli, Mumbai",35.0,26.9,30.5,67,15.4,8.2,46,1007.1,3.5
2025-10-24,116.0,48.0,8.0,3.0,8.0,2.0,"Worli, Mumbai",33.3,27.1,29.5,72,18.3,8.0,139,1007.0,5.8
2025-10-25,100.0,49.0,8.0,2.0,7.0,1.0,"Worli, Mumbai",29.8,25.5,27.2,83,16.6,9.4,138,1006.7,16.5
2025-10-26,102.0,49.0,8.0,5.0,10.0,3.0,"Worli, Mumbai",27.0,24.2,25.5,91,19.4,10.8,130,1006.7,40.6
2025-10-27,100.0,54.0,8.0,4.0,9.0,2.0,"Worli, Mumbai",30.3,24.1,26.2,86,24.9,13.8,155,1006.5,11.3
2025-10-28,107.0,57.0,8.0,4.0,9.0,2.0,"Worli, Mumbai",31.5,25.5,27.6,77,20.5,15.3,150,1005.7,0.2
2025-10-29,110.0,45.0,8.0,3.0,8.0,2.0,"Worli, Mumbai",30.7,26.1,27.4,79,24.2,12.2,161,1005.1,0.0
2025-10-30,101.0,49.0,8.0,4.0,9.0,2.0,"Worli, Mumbai",28.7,24.8,26.7,82,23.7,15.9,162,1006.9,13.6
2025-10-31,102.0,52.0,8.0,3.0,8.0,2.0,"Worli, Mumbai",29.1,24.8,26.8,83,26.6,19.3,164,1008.3,11.1
2025-11-01,104.0,48.0,8.0,2.0,8.0,1.0,"Worli, Mumbai",28.2,25.1,26.6,88,21.3,15.8,173,1010.3,4.9
2025-11-02,102.0,49.0,8.0,2.0,7.0,1.0,"Worli, Mumbai",27.5,25.4,26.2,88,18.9,13.2,186,1012.4,5.4
2025-11-03,102.0,54.0,8.0,2.0,7.0,1.0,"Worli, Mumbai",28.3,23.9,26.2,88,13.6,8.4,203,1012.4,2.2
2025-11-04,105.0,54.0,8.0,1.0,7.0,1.0,"Worli, Mumbai",28.0,24.8,26.0,87,14.9,6.3,243,1011.8,2.1
2025-11-05,107.0,66.0,8.0,3.0,8.0,1.0,"Worli, Mumbai",28.3,23.6,25.9,82,10.4,5.6,328,1011.1,0.5
2025-11-06,121.0,75.0,8.0,2.0,7.0,1.0,"Worli, Mumbai",28.9,23.4,26.0,82,14.0,6.9,349,1011.6,0.3
2025-11-07,134.0,68.0,8.0,2.0,7.0,1.0,"Worli, Mumbai",31.1,24.0,26.8,74,15.2,7.3,343,1012.3,0.0
2025-11-08,122.0,65.0,8.0,1.0,7.0,1.0,"Worli, Mumbai",33.5,23.0,27.6,57,11.7,8.5,20,1013.3,0.0
2025-11-09,119.0,67.0,8.0,1.0,7.0,1.0,"Worli, Mumbai",31.5,22.6,26.6,54,13.5,8.0,327,1012.8,0.0
2025-11-10,119.0,67.0,8.0,2.0,7.0,1.0,"Worli, Mumbai",31.5,21.6,26.4,58,12.9,6.4,213,1012.2,0.0
2025-11-11,117.0,73.0,8.0,2.0,7.0,1.0,"Worli, Mumbai",31.7,21.6,26.6,60,14.1,6.7,345,1013.0,0.0
2025-11-12,117.0,77.0,8.0,1.0,7.0,1.0,"Worli, Mumbai",32.6,21.9,27.2,46,13.1,7.8,16,1013.4,0.0
2025-11-13,121.0,82.0,8.0,2.0,7.0,1.0,"Worli, Mumbai",33.5,22.4,27.5,47,13.1,8.3,15,1013.8,0.0
2025-11-14,123.0,78.0,8.0,2.0,8.0,1.0,"Worli, Mumbai",32.8,21.9,27.0,51,12.6,7.3,14,1013.2,0.0
2025-11-15,121.0,75.0,8.0,2.0,7.0,1.0,"Worli, Mumbai",32.9,21.6,26.8,48,13.9,8.4,46,1013.8,0.0
2025-11-16,116.0,77.0,8.0,3.0,8.0,2.0,"Worli, Mumbai",32.8,21.1,26.5,46,14.6,9.2,41,1015.0,0.0
2025-11-17,117.0,77.0,8.0,2.0,7.0,1.0,"Worli, Mumbai",32.5,20.8,25.9,47,17.3,9.6,27,1014.6,0.0
2025-11-18,118.0,81.0,8.0,2.0,8.0,1.0,"Worli, Mumbai",32.0,20.0,25.4,49,16.9,9.0,25,1012.9,0.0
2025-11-19,119.0,78.0,8.0,1.0,7.0,1.0,"Worli, Mumbai",32.5,19.5,25.8,47,12.8,9.1,22,1012.8,0.0
2025-11-20,119.0,81.0,8.0,2.0,8.0,1.0,"Worli, Mumbai",32.5,20.9,26.1,50,12.5,8.0,357,1013.1,0.0
2025-11-21,122.0,138.0,8.0,1.0,7.0,1.0,"Worli, Mumbai",33.3,20.8,26.4,53,12.8,8.3,19,1013.9,0.0
2025-11-22,143.0,88.0,8.0,2.0,7.0,1.0,"Worli, Mumbai",32.3,23.1,27.3,56,11.5,7.2,348,1013.1,0.0
2025-11-23,155.0,85.0,8.0,2.0,7.0,1.0,"Worli, Mumbai",31.7,24.4,27.5,62,13.7,6.1,323,1013.1,0.0
2025-11-24,154.0,88.0,8.0,2.0,7.0,1.0,"Worli, Mumbai",32.3,24.0,27.6,65,15.2,6.6,327,1013.1,0.0
2025-11-25,156.0,90.0,8.0,2.0,7.0,1.0,"Worli, Mumbai",32.3,24.4,27.8,65,10.8,6.3,325,1012.8,0.0
2025-11-26,156.0,85.0,8.0,2.0,7.0,1.0,"Worli, Mumbai",31.7,24.5,27.6,67,13.9,5.8,297,1013.0,0.0
2025-11-27,150.0,82.0,8.0,2.0,8.0,1.0,"Worli, Mumbai",32.7,23.9,27.6,63,15.4,7.9,354,1013.6,0.0
2025-11-28,152.0,77.0,8.0,2.0,7.0,1.0,"Worli, Mumbai",33.0,23.4,27.4,58,15.1,8.2,346,1013.0,0.0
2025-11-29,141.0,75.0,8.0,2.0,7.0,1.0,"Worli, Mumbai",32.3,23.2,27.1,52,11.7,7.9,25,1011.9,0.0
2025-11-30,131.0,74.0,8.0,2.0,8.0,1.0,"Worli, Mumbai",31.9,20.7,25.5,50,15.8,7.7,353,1011.7,0.0
2025-12-01,142.0,79.0,8.0,2.0,8.0,1.0,"Worli, Mumbai",32.5,20.4,25.6,51,15.1,8.0,6,1011.5,0.0
2025-12-02,130.0,144.0,8.0,2.0,7.0,1.0,"Worli, Mumbai",32.1,20.6,25.7,55,13.2,6.8,344,1011.6,0.0
2025-12-03,125.0,143.0,8.0,2.0,7.0,1.0,"Worli, Mumbai",33.0,20.8,26.4,48,14.5,8.6,11,1012.5,0.0
2025-12-04,124.0,142.0,8.0,2.0,7.0,1.0,"Worli, Mumbai",33.6,22.3,27.3,49,16.1,9.5,23,1013.4,0.0
2025-12-05,129.0,75.0,8.0,3.0,8.0,2.0,"Worli, Mumbai",34.1,23.1,28.1,49,14.3,9.4,31,1014.3,0.0
2025-12-06,141.0,73.0,8.0,2.0,7.0,1.0,"Worli, Mumbai",32.9,23.6,27.5,50,15.7,9.6,17,1014.9,0.0
2025-12-07,141.0,75.0,8.0,2.0,7.0,1.0,"Worli, Mumbai",33.0,22.2,26.8,49,14.3,9.2,17,1014.7,0.0
2025-12-08,141.0,73.0,8.0,2.0,7.0,1.0,"Worli, Mumbai",33.4,21.3,26.5,51,16.0,7.6,1,1014.6,0.0
2025-12-09,130.0,69.0,8.0,2.0,7.0,1.0,"Worli, Mumbai",33.2,20.7,26.5,38,13.6,7.4,21,1014.1,0.0
2025-12-10,120.0,70.0,8.0,2.0,8.0,1.0,"Worli, Mumbai",32.8,21.0,26.3,35,15.7,8.1,5,1014.9,0.0
2025-12-11,118.0,69.0,8.0,3.0,8.0,2.0,"Worli, Mumbai",32.5,20.2,25.6,39,13.9,8.3,12,1014.3,0.0
2025-12-12,125.0,77.0,8.0,2.0,8.0,1.0,"Worli, Mumbai",32.2,19.3,25.1,44,14.7,8.3,6,1013.3,0.0
2025-12-13,125.0,76.0,8.0,3.0,8.0,1.0,"Worli, Mumbai",32.3,19.8,25.3,50,14.4,7.1,357,1013.2,0.0
2025-12-14,123.0,73.0,8.0,2.0,7.0,1.0,"Worli, Mumbai",31.6,20.4,25.8,46,15.1,8.3,18,1013.8,0.0
2025-12-15,117.0,76.0,8.0,3.0,8.0,2.0,"Worli, Mumbai",32.3,20.0,25.9,43,14.9,8.1,27,1013.7,0.0
2025-12-16,120.0,79.0,8.0,3.0,8.0,1.0,"Worli, Mumbai",32.4,20.3,25.6,45,15.8,10.2,48,1013.3,0.0
2025-12-17,138.0,87.0,8.491803278688524,3.0,7.918032786885246,1.0327868852459017,"Worli, Mumbai",32.3,20.9,26.2,49,15.5,8.4,3,1014.3,0.0
2025-12-18,169.0,91.0,8.98360655737705,2.0,7.836065573770492,1.0655737704918034,"Worli, Mumbai",32.6,20.7,26.1,49,14.3,8.0,1,1014.5,0.0
2025-12-19,151.0,89.0,9.475409836065571,2.0,7.754098360655738,1.098360655737705,"Worli, Mumbai",32.1,19.9,25.1,46,16.1,8.1,3,1013.1,0.0
2025-12-20,156.0,89.29310344827586,2.0,2.293103448275862,7.0,5.1923076923076925,"Worli, Mumbai",32.5,19.6,25.0,44,17.1,7.6,6,1011.5,0.0
2026-02-15,149.1206896551724,106.0,38.0,19.0,3.0,3.0,"Worli, Mumbai",33.3,23.1,28.0,46,14.9,7.6,329,1012.3,0.0
2026-02-16,149.0,96.0,51.0,13.0,1.0,2.0,"Worli, Mumbai",31.5,23.5,26.9,47,17.1,8.3,320,1010.8,0.0
2026-02-17,136.0,79.0,38.0,10.0,1.0,1.0,"Worli, Mumbai",30.3,23.1,26.0,59,18.0,10.5,327,1011.1,0.0
2026-02-18,137.0,79.0,38.0,10.0,1.0,1.0,"Worli, Mumbai",28.3,22.1,24.9,67,18.9,10.1,327,1011.6,0.0
