date,pm25,pm10,o3,no2,so2,co,location
2021-12-27,153.0,110.0,9.0,26.0,8.0,9.0,"Chakala-Andheri East, Mumbai"
2021-12-28,166.0,89.0,6.0,17.0,8.0,8.0,"Chakala-Andheri East, Mumbai"
2021-12-29,150.0,114.0,8.0,15.0,7.0,8.0,"Chakala-Andheri East, Mumbai"
2021-12-30,164.0,107.0,6.0,18.0,7.0,8.0,"Chakala-Andheri East, Mumbai"
2021-12-31,159.0,97.0,10.0,15.0,6.0,8.0,"Chakala-Andheri East, Mumbai"
2022-01-01,148.0,102.0,6.0,22.0,12.0,10.0,"Chakala-Andheri East, Mumbai"
2022-01-02,154.0,113.0,13.0,17.0,13.0,11.0,"Chakala-Andheri East, Mumbai"
2022-01-03,165.0,114.0,5.0,26.0,7.0,8.0,"Chakala-Andheri East, Mumbai"
2022-01-04,161.0,136.0,8.0,18.0,8.0,10.0,"Chakala-Andheri East, Mumbai"
2022-01-05,175.0,91.0,4.0,23.0,5.0,6.0,"Chakala-Andheri East, Mumbai"
2022-01-06,149.0,101.0,24.0,21.0,9.0,8.0,"Chakala-Andheri East, Mumbai"
2022-01-07,156.0,74.0,11.0,24.0,8.0,8.0,"Chakala-Andheri East, Mumbai"
2022-01-08,129.0,64.0,25.0,18.0,8.0,2.0,"Chakala-Andheri East, Mumbai"
2022-01-09,105.0,66.0,19.0,13.0,6.0,6.0,"Chakala-Andheri East, Mumbai"
2022-01-10,107.0,108.0,40.0,31.0,8.0,9.0,"Chakala-Andheri East, Mumbai"
2022-01-11,162.0,85.0,39.0,27.0,11.0,7.0,"Chakala-Andheri East, Mumbai"
2022-01-12,146.0,98.0,45.0,29.0,10.0,6.0,"Chakala-Andheri East, Mumbai"
2022-01-13,158.0,112.0,18.0,27.0,4.0,5.0,"Chakala-Andheri East, Mumbai"
2022-01-14,165.0,81.0,30.0,25.0,3.0,7.0,"Chakala-Andheri East, Mumbai"
2022-01-15,135.0,12.0,33.0,23.0,4.0,9.0,"Chakala-Andheri East, Mumbai"
2022-01-16,25.0,23.0,24.0,19.0,6.0,3.0,"Chakala-Andheri East, Mumbai"
2022-01-17,44.0,105.0,30.0,27.0,11.0,8.0,"Chakala-Andheri East, Mumbai"
2022-01-18,161.0,112.0,45.0,31.0,11.0,5.0,"Chakala-Andheri East, Mumbai"
2022-01-19,163.0,88.0,23.0,24.0,8.0,3.0,"Chakala-Andheri East, Mumbai"
2022-01-20,146.0,81.0,9.0,17.0,6.0,1.0,"Chakala-Andheri East, Mumbai"
2022-01-21,134.0,74.0,9.0,13.0,6.0,2.0,"Chakala-Andheri East, Mumbai"
2022-01-22,126.0,140.5,14.0,13.0,5.0,1.5,"Chakala-Andheri East, Mumbai"
2022-01-23,342.0,207.0,20.0,15.0,4.0,1.0,"Chakala-Andheri East, Mumbai"
2022-01-24,217.0,162.0,25.0,20.0,5.0,2.0,"Chakala-Andheri East, Mumbai"
2022-01-25,196.0,150.0,29.0,18.0,5.0,3.0,"Chakala-Andheri East, Mumbai"
2022-01-26,185.0,120.0,30.0,17.0,7.0,5.0,"Chakala-Andheri East, Mumbai"
2022-01-27,171.0,110.0,29.0,4.0,8.0,4.0,"Chakala-Andheri East, Mumbai"
2022-01-28,167.0,99.0,23.0,6.0,5.0,3.0,"Chakala-Andheri East, Mumbai"
2022-01-29,160.0,117.0,25.0,7.0,4.0,6.0,"Chakala-Andheri East, Mumbai"
2022-01-30,170.0,121.0,35.0,6.0,12.0,10.0,"Chakala-Andheri East, Mumbai"
2022-01-31,171.0,119.0,18.0,6.0,7.0,8.0,"Chakala-Andheri East, Mumbai"
2022-02-01,170.0,132.0,15.0,4.0,12.0,8.0,"Chakala-Andheri East, Mumbai"
2022-02-02,181.0,103.0,10.0,7.0,5.0,5.0,"Chakala-Andheri East, Mumbai"
2022-02-03,160.0,140.0,20.0,7.0,9.0,2.0,"Chakala-Andheri East, Mumbai"
2022-02-04,182.0,150.0,31.0,7.0,8.0,9.0,"Chakala-Andheri East, Mumbai"
2022-02-05,187.0,144.0,24.0,4.0,3.0,9.0,"Chakala-Andheri East, Mumbai"
2022-02-06,184.0,107.0,21.0,7.0,6.0,8.0,"Chakala-Andheri East, Mumbai"
2022-02-07,165.0,75.0,7.0,7.0,3.0,7.0,"Chakala-Andheri East, Mumbai"
2022-02-08,132.0,74.0,6.0,4.0,6.0,7.0,"Chakala-Andheri East, Mumbai"
2022-02-09,128.0,112.0,2.0,7.0,6.0,9.0,"Chakala-Andheri East, Mumbai"
2022-02-10,167.0,99.0,1.0,4.0,5.0,6.0,"Chakala-Andheri East, Mumbai"
2022-02-11,158.0,102.0,1.0,7.0,5.0,7.0,"Chakala-Andheri East, Mumbai"
2022-02-12,161.0,108.0,1.0,4.0,8.0,10.0,"Chakala-Andheri East, Mumbai"
2022-02-13,162.0,89.0,1.0,7.0,4.0,7.0,"Chakala-Andheri East, Mumbai"
2022-02-14,152.0,86.0,1.0,7.0,1.0,5.0,"Chakala-Andheri East, Mumbai"
2022-02-15,142.0,96.0,1.0,8.0,6.0,6.0,"Chakala-Andheri East, Mumbai"
2022-02-16,154.0,75.0,2.0,4.0,2.0,5.0,"Chakala-Andheri East, Mumbai"
2022-02-17,137.0,98.0,4.0,4.0,3.0,11.0,"Chakala-Andheri East, Mumbai"
2022-02-18,159.0,106.0,13.0,7.0,8.0,7.0,"Chakala-Andheri East, Mumbai"
2022-02-19,165.0,97.0,14.0,7.0,4.0,6.0,"Chakala-Andheri East, Mumbai"
2022-02-20,154.0,109.0,3.0,4.0,2.0,8.0,"Chakala-Andheri East, Mumbai"
2022-02-21,166.0,114.0,5.0,7.0,8.0,9.0,"Chakala-Andheri East, Mumbai"
2022-02-22,164.0,93.0,4.0,29.0,10.0,12.0,"Chakala-Andheri East, Mumbai"
2022-02-23,147.0,129.0,3.0,22.0,12.0,11.0,"Chakala-Andheri East, Mumbai"
2022-02-24,178.0,161.0,4.0,24.0,8.0,10.0,"Chakala-Andheri East, Mumbai"
2022-02-25,195.0,113.0,3.0,23.0,45.0,9.333333333333334,"Chakala-Andheri East, Mumbai"
2022-02-26,156.0,131.0,6.0,44.0,18.0,8.666666666666666,"Chakala-Andheri East, Mumbai"
2022-02-27,160.0,122.0,7.0,7.0,13.0,8.0,"Chakala-Andheri East, Mumbai"
2022-02-28,143.0,121.0,12.0,24.0,4.0,6.0,"Chakala-Andheri East, Mumbai"
2022-03-01,170.0,141.0,2.0,59.0,5.0,8.0,"Chakala-Andheri East, Mumbai"
2022-03-02,183.0,140.0,4.0,30.0,2.0,6.0,"Chakala-Andheri East, Mumbai"
2022-03-03,183.0,138.0,7.0,24.0,7.0,6.0,"Chakala-Andheri East, Mumbai"
2022-03-04,180.0,146.0,3.0,33.0,3.0,5.0,"Chakala-Andheri East, Mumbai"
2022-03-05,185.0,142.0,6.0,12.0,6.0,8.0,"Chakala-Andheri East, Mumbai"
2022-03-06,183.0,140.0,4.0,4.0,5.0,4.0,"Chakala-Andheri East, Mumbai"
2022-03-07,183.0,136.0,4.0,8.0,3.0,6.0,"Chakala-Andheri East, Mumbai"
2022-03-08,182.0,130.0,11.0,11.0,1.0,3.0,"Chakala-Andheri East, Mumbai"
2022-03-09,178.0,124.0,27.0,17.0,1.0,3.0,"Chakala-Andheri East, Mumbai"
2022-03-10,175.0,137.0,55.0,27.0,7.0,8.0,"Chakala-Andheri East, Mumbai"
2022-03-11,182.0,105.0,84.0,10.0,1.0,6.0,"Chakala-Andheri East, Mumbai"
2022-03-12,165.0,124.0,49.0,13.0,3.0,6.0,"Chakala-Andheri East, Mumbai"
2022-03-13,175.0,132.0,40.0,27.0,6.0,9.0,"Chakala-Andheri East, Mumbai"
2022-03-14,179.0,149.0,70.0,29.0,5.0,8.0,"Chakala-Andheri East, Mumbai"
2022-03-15,189.0,133.0,39.0,14.0,6.0,7.0,"Chakala-Andheri East, Mumbai"
2022-03-16,180.0,145.0,46.0,28.0,5.0,8.0,"Chakala-Andheri East, Mumbai"
2022-03-17,187.0,126.0,20.0,9.0,5.0,4.0,"Chakala-Andheri East, Mumbai"
2022-03-18,177.0,87.0,24.0,15.0,4.0,4.0,"Chakala-Andheri East, Mumbai"
2022-03-19,153.0,90.0,14.0,12.0,2.0,9.0,"Chakala-Andheri East, Mumbai"
2022-03-20,153.0,111.0,24.0,17.0,2.0,7.0,"Chakala-Andheri East, Mumbai"
2022-03-21,168.0,129.0,12.0,24.0,1.0,4.0,"Chakala-Andheri East, Mumbai"
2022-03-22,178.0,133.0,13.0,24.0,3.0,8.0,"Chakala-Andheri East, Mumbai"
2022-03-23,179.0,146.0,42.0,20.0,3.0,4.0,"Chakala-Andheri East, Mumbai"
2022-03-24,188.0,90.0,18.0,15.0,2.0,5.0,"Chakala-Andheri East, Mumbai"
2022-03-25,157.0,100.0,9.0,13.0,1.0,9.0,"Chakala-Andheri East, Mumbai"
2022-03-26,162.0,95.0,18.0,10.0,1.0,6.5,"Chakala-Andheri East, Mumbai"
2022-03-27,156.0,76.0,16.0,2.0,1.0,4.0,"Chakala-Andheri East, Mumbai"
2022-03-28,144.0,75.0,11.0,3.333333333333333,1.0,5.0,"Chakala-Andheri East, Mumbai"
2022-03-29,144.0,80.0,20.0,4.666666666666666,2.0,5.0,"Chakala-Andheri East, Mumbai"
2022-03-30,149.0,92.0,8.0,6.0,1.0,7.0,"Chakala-Andheri East, Mumbai"
2022-03-31,159.0,156.0,7.0,8.0,1.0,3.0,"Chakala-Andheri East, Mumbai"
2022-04-01,193.0,162.0,9.0,4.0,1.0,1.0,"Chakala-Andheri East, Mumbai"
2022-04-02,178.0,123.0,10.0,9.0,1.0,1.0,"Chakala-Andheri East, Mumbai"
2022-04-03,174.0,101.0,13.0,9.0,1.0,1.0,"Chakala-Andheri East, Mumbai"
2022-04-04,162.0,78.0,7.0,8.0,1.0,1.0,"Chakala-Andheri East, Mumbai"
2022-04-05,142.0,86.0,13.0,5.0,1.0,2.0,"Chakala-Andheri East, Mumbai"
2022-04-06,143.0,92.0,21.0,10.0,1.0,3.0,"Chakala-Andheri East, Mumbai"
2022-04-07,132.0,76.0,10.0,9.0,1.0,8.0,"Chakala-Andheri East, Mumbai"
2022-04-08,124.0,42.0,7.0,7.0,1.0,7.0,"Chakala-Andheri East, Mumbai"
2022-04-09,73.0,10.0,11.0,4.0,1.0,7.0,"Chakala-Andheri East, Mumbai"
2022-04-10,22.0,10.0,13.0,11.0,1.0,8.0,"Chakala-Andheri East, Mumbai"
2022-04-11,22.0,11.0,18.0,14.0,2.0,8.0,"Chakala-Andheri East, Mumbai"
2022-04-12,23.0,12.0,10.0,7.0,1.0,8.0,"Chakala-Andheri East, Mumbai"
2022-04-13,23.0,14.0,13.0,8.0,2.0,9.0,"Chakala-Andheri East, Mumbai"
2022-04-14,23.0,12.0,14.0,8.0,1.0,8.0,"Chakala-Andheri East, Mumbai"
2022-04-15,25.0,145.0,16.0,8.0,2.0,7.0,"Chakala-Andheri East, Mumbai"
2022-04-16,127.0,36.0,8.0,8.0,2.0,4.0,"Chakala-Andheri East, Mumbai"
2022-04-17,61.0,30.0,13.0,9.0,2.0,6.0,"Chakala-Andheri East, Mumbai"
2022-04-18,56.0,34.0,10.0,10.0,2.0,5.0,"Chakala-Andheri East, Mumbai"
2022-04-19,67.0,38.0,6.0,13.0,3.0,6.0,"Chakala-Andheri East, Mumbai"
2022-04-20,69.0,65.0,33.0,17.0,4.0,6.0,"Chakala-Andheri East, Mumbai"
2022-04-21,113.0,66.0,40.0,5.0,1.0,7.0,"Chakala-Andheri East, Mumbai"
2022-04-22,118.0,57.0,34.0,8.0,6.0,5.0,"Chakala-Andheri East, Mumbai"
2022-04-23,100.0,43.0,9.0,11.0,5.0,7.0,"Chakala-Andheri East, Mumbai"
2022-04-24,77.0,58.0,28.0,14.0,7.0,5.0,"Chakala-Andheri East, Mumbai"
2022-04-25,105.0,42.0,15.0,5.0,4.0,4.0,"Chakala-Andheri East, Mumbai"
2022-04-26,78.0,94.0,13.0,16.0,1.0,8.0,"Chakala-Andheri East, Mumbai"
2022-04-27,115.0,69.0,9.0,12.0,4.0,7.0,"Chakala-Andheri East, Mumbai"
2022-04-28,106.0,27.0,4.0,5.0,2.0,7.0,"Chakala-Andheri East, Mumbai"
2022-04-29,54.0,29.0,3.0,4.0,4.0,3.0,"Chakala-Andheri East, Mumbai"
2022-04-30,59.0,22.0,3.0,3.0,2.0,3.0,"Chakala-Andheri East, Mumbai"
2022-05-01,50.0,40.0,4.0,2.0,2.0,2.0,"Chakala-Andheri East, Mumbai"
2022-05-02,71.0,33.0,7.0,2.111111111111111,1.5,2.0,"Chakala-Andheri East, Mumbai"
2022-05-03,65.0,62.0,4.0,2.2222222222222223,1.0,2.0,"Chakala-Andheri East, Mumbai"
2022-05-04,105.0,95.0,4.0,2.3333333333333335,1.0,2.0,"Chakala-Andheri East, Mumbai"
2022-05-05,140.0,132.0,4.0,8.5,1.0,3.0,"Chakala-Andheri East, Mumbai"
2022-05-06,174.0,127.0,5.0,8.5,1.0,3.0,"Chakala-Andheri East, Mumbai"
2022-05-07,176.0,110.0,11.0,8.5,3.0,2.5,"Chakala-Andheri East, Mumbai"
2022-05-08,167.0,88.0,5.0,8.5,3.0,2.0,"Chakala-Andheri East, Mumbai"
2022-05-09,152.0,83.0,10.0,8.5,3.0,3.0,"Chakala-Andheri East, Mumbai"
2022-05-10,143.0,72.0,6.0,3.0,3.0,2.0,"Chakala-Andheri East, Mumbai"
2022-05-11,133.0,83.0,3.0,3.0,2.0,1.0,"Chakala-Andheri East, Mumbai"
2022-05-12,148.0,81.0,4.0,4.0,1.0,1.0,"Chakala-Andheri East, Mumbai"
2022-05-13,150.0,102.0,11.0,5.0,1.0,1.0,"Chakala-Andheri East, Mumbai"
2022-05-14,162.0,78.0,13.0,6.0,3.0,1.0,"Chakala-Andheri East, Mumbai"
2022-05-15,142.0,94.0,3.0,4.0,2.0,1.0,"Chakala-Andheri East, Mumbai"
2022-05-16,154.0,134.0,4.5,4.0,1.0,1.0,"Chakala-Andheri East, Mumbai"
2022-05-17,178.0,148.0,6.0,4.0,1.0,1.0,"Chakala-Andheri East, Mumbai"
2022-05-18,182.0,161.0,8.0,7.0,5.0,1.2,"Chakala-Andheri East, Mumbai"
2022-05-19,191.0,120.0,13.0,3.0,1.0,1.4,"Chakala-Andheri East, Mumbai"
2022-05-20,171.0,107.0,7.0,3.0,1.0,1.6,"Chakala-Andheri East, Mumbai"
2022-05-21,165.0,82.0,7.0,3.0,2.0,2.7142857142857144,"Chakala-Andheri East, Mumbai"
2022-05-22,152.0,76.0,5.0,1.0,1.0,2.0,"Chakala-Andheri East, Mumbai"
2022-05-23,137.0,65.0,4.0,1.0,1.0,2.0,"Chakala-Andheri East, Mumbai"
2022-05-24,115.0,78.0,6.0,2.0,1.0,2.0,"Chakala-Andheri East, Mumbai"
2022-05-25,128.0,76.0,7.0,3.0,1.0,2.0,"Chakala-Andheri East, Mumbai"
2022-05-26,136.0,60.0,6.0,4.0,1.0,1.0,"Chakala-Andheri East, Mumbai"
2022-05-27,101.0,57.0,6.0,2.0,5.0,1.0,"Chakala-Andheri East, Mumbai"
2022-05-28,93.0,56.0,6.0,2.0,1.0,1.0,"Chakala-Andheri East, Mumbai"
2022-05-29,99.0,65.0,6.0,2.0,1.0,1.0,"Chakala-Andheri East, Mumbai"
2022-05-30,113.0,77.0,6.0,3.0,1.0,1.0,"Chakala-Andheri East, Mumbai"
2022-05-31,131.0,84.0,13.0,6.0,1.0,1.0,"Chakala-Andheri East, Mumbai"
2022-06-01,137.0,87.0,18.0,4.0,1.0,1.0,"Chakala-Andheri East, Mumbai"
2022-06-02,150.0,84.0,9.0,6.0,1.0,1.0,"Chakala-Andheri East, Mumbai"
2022-06-03,135.0,82.0,6.0,6.0,1.0,1.0,"Chakala-Andheri East, Mumbai"
2022-06-04,144.0,66.0,14.0,5.0,6.0,1.25,"Chakala-Andheri East, Mumbai"
2022-06-05,114.0,79.0,16.0,2.0,1.0,1.5,"Chakala-Andheri East, Mumbai"
2022-06-06,122.0,59.0,10.0,2.0,5.0,1.75,"Chakala-Andheri East, Mumbai"
2022-06-07,99.0,48.0,9.0,5.0,6.0,2.0,"Chakala-Andheri East, Mumbai"
2022-06-08,84.0,39.0,8.0,2.0,2.0,1.0,"Chakala-Andheri East, Mumbai"
2022-06-09,71.0,48.0,8.0,4.0,3.0,2.0,"Chakala-Andheri East, Mumbai"
2022-06-10,85.0,23.0,6.0,6.0,7.0,2.0,"Chakala-Andheri East, Mumbai"
2022-06-11,49.0,22.0,12.0,4.0,3.0,1.6666666666666667,"Chakala-Andheri East, Mumbai"
2022-06-12,48.0,32.0,6.0,3.0,2.0,1.3333333333333335,"Chakala-Andheri East, Mumbai"
2022-06-13,62.0,46.0,6.0,1.0,2.0,1.0,"Chakala-Andheri East, Mumbai"
2022-06-14,79.0,44.0,6.0,5.5,3.0,2.0,"Chakala-Andheri East, Mumbai"
2022-06-15,77.0,37.0,19.0,10.0,2.0,7.0,"Chakala-Andheri East, Mumbai"
2022-06-16,69.0,46.0,11.0,11.0,1.8,8.0,"Chakala-Andheri East, Mumbai"
2022-06-17,81.0,45.0,10.0,16.0,1.6,6.0,"Chakala-Andheri East, Mumbai"
2022-06-18,77.0,30.0,4.0,12.0,1.4,7.0,"Chakala-Andheri East, Mumbai"
2022-06-19,60.0,22.0,5.0,11.0,4.0,7.0,"Chakala-Andheri East, Mumbai"
2022-06-20,48.0,24.0,3.0,11.0,1.0,7.0,"Chakala-Andheri East, Mumbai"
2022-06-21,52.0,34.0,6.0,10.5,3.0,8.0,"Chakala-Andheri East, Mumbai"
2022-06-22,63.0,36.0,7.0,10.0,3.6666666666666665,7.0,"Chakala-Andheri East, Mumbai"
2022-06-23,64.0,31.0,5.0,11.0,4.333333333333333,8.0,"Chakala-Andheri East, Mumbai"
2022-06-24,59.0,26.0,16.0,10.909090909090908,5.0,9.0,"Chakala-Andheri East, Mumbai"
2022-06-25,53.0,21.0,9.0,10.818181818181818,3.0,6.0,"Chakala-Andheri East, Mumbai"
2022-06-26,43.0,25.0,6.0,10.727272727272727,2.0,6.0,"Chakala-Andheri East, Mumbai"
2022-06-27,53.0,32.0,2.0,10.0,1.8571428571428572,6.0,"Chakala-Andheri East, Mumbai"
2022-06-28,63.0,45.25,3.5,10.0,1.7142857142857144,6.0,"Chakala-Andheri East, Mumbai"
2022-07-01,116.25,85.0,8.0,7.0,1.2857142857142856,6.0,"Chakala-Andheri East, Mumbai"
2022-07-02,134.0,127.0,11.0,7.0,3.0,8.0,"Chakala-Andheri East, Mumbai"
2022-07-03,165.0,131.0,6.0,7.0,1.0,9.0,"Chakala-Andheri East, Mumbai"
2022-07-04,163.0,43.0,1.0,10.0,1.0416666666666667,7.0,"Chakala-Andheri East, Mumbai"
2022-07-05,72.0,52.0,1.0,17.0,1.0833333333333333,4.0,"Chakala-Andheri East, Mumbai"
2022-07-06,83.0,48.0,1.0,9.0,1.125,4.0,"Chakala-Andheri East, Mumbai"
2022-07-07,80.0,59.0,11.0,7.0,3.0,9.0,"Chakala-Andheri East, Mumbai"
2022-07-08,94.0,59.55,10.5,7.0,3.0,8.904761904761905,"Chakala-Andheri East, Mumbai"
2022-07-27,123.45,70.0,1.0,7.0,2.0,7.095238095238095,"Chakala-Andheri East, Mumbai"
2022-07-28,125.0,53.0,3.0,7.0,4.0,7.0,"Chakala-Andheri East, Mumbai"
2022-07-29,94.0,54.0,1.0,6.0,4.0,10.0,"Chakala-Andheri East, Mumbai"
2022-07-30,97.0,42.5,4.5,6.0,4.0,9.5,"Chakala-Andheri East, Mumbai"
2022-07-31,77.0,31.0,8.0,6.0,4.0,9.0,"Chakala-Andheri East, Mumbai"
2022-08-01,57.0,31.0,32.0,6.0,2.5,9.0,"Chakala-Andheri East, Mumbai"
2022-08-02,53.0,13.0,19.0,8.0,1.0,5.0,"Chakala-Andheri East, Mumbai"
2022-08-03,29.0,20.0,16.0,16.0,6.0,9.0,"Chakala-Andheri East, Mumbai"
2022-08-04,38.0,25.0,9.0,8.0,2.0,9.0,"Chakala-Andheri East, Mumbai"
2022-08-05,30.0,22.0,19.0,14.0,7.0,8.0,"Chakala-Andheri East, Mumbai"
2022-08-06,31.0,12.0,43.0,14.0,7.0,9.0,"Chakala-Andheri East, Mumbai"
2022-08-07,21.0,12.0,35.0,8.0,2.0,8.0,"Chakala-Andheri East, Mumbai"
2022-08-08,20.0,10.0,34.0,10.0,4.0,7.0,"Chakala-Andheri East, Mumbai"
2022-08-09,17.0,12.0,26.0,5.0,3.0,8.0,"Chakala-Andheri East, Mumbai"
2022-08-10,20.0,10.0,25.0,5.0,1.0,7.0,"Chakala-Andheri East, Mumbai"
2022-08-11,14.0,13.0,24.0,5.0,1.0,8.0,"Chakala-Andheri East, Mumbai"
2022-08-12,18.0,11.0,23.0,5.0,1.0,9.0,"Chakala-Andheri East, Mumbai"
2022-08-13,15.0,13.0,9.0,9.0,4.0,9.0,"Chakala-Andheri East, Mumbai"
2022-08-14,19.0,9.0,9.0,4.0,1.0,9.0,"Chakala-Andheri East, Mumbai"
2022-08-15,12.0,15.0,20.0,4.0,1.0,7.0,"Chakala-Andheri East, Mumbai"
2022-08-16,23.0,48.0,3.0,10.0,1.5,2.0,"Chakala-Andheri East, Mumbai"
2022-08-17,66.0,51.0,11.0,5.0,2.0,9.0,"Chakala-Andheri East, Mumbai"
2022-08-18,72.0,44.0,5.0,4.0,1.5,1.0,"Chakala-Andheri East, Mumbai"
2022-08-19,67.0,46.0,5.0,5.0,1.0,2.0,"Chakala-Andheri East, Mumbai"
2022-08-20,70.0,50.0,5.0,4.0,1.0,1.6666666666666667,"Chakala-Andheri East, Mumbai"
2022-08-21,78.0,49.0,5.0,4.0,1.0,1.3333333333333335,"Chakala-Andheri East, Mumbai"
2022-08-22,78.0,51.0,4.0,4.0,1.0,1.0,"Chakala-Andheri East, Mumbai"
2022-08-23,77.0,42.0,4.0,4.0,1.0,1.0,"Chakala-Andheri East, Mumbai"
2022-08-24,70.0,46.0,8.0,5.0,1.0,2.0,"Chakala-Andheri East, Mumbai"
2022-08-25,72.0,55.0,6.0,6.0,1.0,7.0,"Chakala-Andheri East, Mumbai"
2022-08-26,82.0,66.0,10.0,12.0,5.0,7.0,"Chakala-Andheri East, Mumbai"
2022-08-27,98.0,55.0,4.0,6.0,1.0,3.0,"Chakala-Andheri East, Mumbai"
2022-08-28,85.0,63.0,4.0,7.0,1.0,9.0,"Chakala-Andheri East, Mumbai"
2022-08-29,99.0,65.0,9.0,16.0,5.0,4.0,"Chakala-Andheri East, Mumbai"
2022-08-30,113.0,46.0,3.0,8.0,3.0,3.0,"Chakala-Andheri East, Mumbai"
2022-08-31,86.0,17.0,10.0,13.0,3.0,8.0,"Chakala-Andheri East, Mumbai"
2022-09-01,36.0,22.0,5.0,14.0,2.0,5.0,"Chakala-Andheri East, Mumbai"
2022-09-02,46.0,26.0,10.0,9.0,2.5,9.0,"Chakala-Andheri East, Mumbai"
2022-09-03,49.0,88.0,8.0,5.0,3.0,9.0,"Chakala-Andheri East, Mumbai"
2022-09-04,144.0,46.0,5.0,9.0,3.0,2.0,"Chakala-Andheri East, Mumbai"
2022-09-05,77.0,44.0,4.0,6.0,3.0,4.0,"Chakala-Andheri East, Mumbai"
2022-09-06,62.0,68.0,7.0,9.0,3.0,3.0,"Chakala-Andheri East, Mumbai"
2022-09-07,101.0,108.0,4.0,22.0,3.0,7.0,"Chakala-Andheri East, Mumbai"
2022-09-08,105.0,55.0,4.0,11.0,1.0,4.0,"Chakala-Andheri East, Mumbai"
2022-09-09,80.0,60.0,3.0,10.0,1.0,4.0,"Chakala-Andheri East, Mumbai"
2022-09-10,80.0,62.0,6.0,10.0,2.0,8.0,"Chakala-Andheri East, Mumbai"
2022-09-11,83.0,66.0,3.0,9.0,1.0,2.0,"Chakala-Andheri East, Mumbai"
2022-09-12,84.0,68.0,3.0,20.0,2.0,3.0,"Chakala-Andheri East, Mumbai"
2022-09-13,85.0,66.5,5.0,4.0,1.0,2.0,"Chakala-Andheri East, Mumbai"
2022-09-14,93.0,65.0,5.0,6.0,2.0,1.0,"Chakala-Andheri East, Mumbai"
2022-09-15,101.0,15.0,6.0,11.0,4.0,8.0,"Chakala-Andheri East, Mumbai"
2022-09-16,44.0,22.0,5.0,5.0,2.0,2.0,"Chakala-Andheri East, Mumbai"
2022-09-17,52.0,15.0,5.0,9.0,1.0,2.0,"Chakala-Andheri East, Mumbai"
2022-09-18,38.0,21.0,4.0,6.0,7.0,3.0,"Chakala-Andheri East, Mumbai"
2022-09-19,66.0,39.0,7.0,11.0,4.0,8.0,"Chakala-Andheri East, Mumbai"
2022-09-20,93.0,36.0,3.0,5.0,3.0,5.0,"Chakala-Andheri East, Mumbai"
2022-09-21,70.0,36.0,7.0,10.0,9.0,8.0,"Chakala-Andheri East, Mumbai"
2022-09-22,78.0,41.0,3.0,20.0,4.0,5.0,"Chakala-Andheri East, Mumbai"
2022-09-23,101.0,29.0,6.0,8.0,8.0,7.0,"Chakala-Andheri East, Mumbai"
2022-09-24,72.0,37.0,4.0,6.0,3.0,3.0,"Chakala-Andheri East, Mumbai"
2022-09-25,84.0,40.0,5.0,6.0,2.0,4.0,"Chakala-Andheri East, Mumbai"
2022-09-26,100.0,47.0,5.0,8.0,3.0,6.0,"Chakala-Andheri East, Mumbai"
2022-09-27,120.0,56.0,5.0,9.0,4.0,7.0,"Chakala-Andheri East, Mumbai"
2022-09-28,140.0,56.0,5.0,8.0,4.0,6.0,"Chakala-Andheri East, Mumbai"
2022-09-29,142.0,58.0,5.0,6.0,9.0,8.0,"Chakala-Andheri East, Mumbai"
2022-09-30,146.0,50.0,10.0,18.0,6.0,8.0,"Chakala-Andheri East, Mumbai"
2022-10-01,130.0,32.0,5.0,5.0,5.956521739130435,3.0,"Chakala-Andheri East, Mumbai"
2022-10-02,93.0,38.0,7.0,19.0,5.913043478260869,4.0,"Chakala-Andheri East, Mumbai"
2022-10-03,103.0,48.0,9.0,23.0,5.869565217391305,7.0,"Chakala-Andheri East, Mumbai"
2022-10-04,122.0,39.0,7.0,19.0,5.0,4.0,"Chakala-Andheri East, Mumbai"
2022-10-05,103.0,39.0,7.0,19.0,5.0,4.0,"Chakala-Andheri East, Mumbai"
2022-10-06,100.0,36.0,5.0,9.0,5.0,5.0,"Chakala-Andheri East, Mumbai"
2022-10-07,94.0,21.0,5.0,11.0,5.0,3.0,"Chakala-Andheri East, Mumbai"
2022-10-08,64.0,22.0,6.0,9.0,5.0,2.0,"Chakala-Andheri East, Mumbai"
2022-10-09,63.0,42.0,7.0,11.0,5.0,9.0,"Chakala-Andheri East, Mumbai"
2022-10-10,101.0,49.0,7.0,22.0,5.0,4.0,"Chakala-Andheri East, Mumbai"
2022-10-11,118.0,39.0,4.0,14.0,5.0,6.0,"Chakala-Andheri East, Mumbai"
2022-10-12,96.0,45.0,5.0,14.0,5.0,8.0,"Chakala-Andheri East, Mumbai"
2022-10-13,108.0,46.0,5.0,15.0,5.0,8.0,"Chakala-Andheri East, Mumbai"
2022-10-14,113.0,43.0,6.0,14.0,5.0,10.0,"Chakala-Andheri East, Mumbai"
2022-10-15,104.0,59.0,10.0,18.11111111111111,5.0,6.0,"Chakala-Andheri East, Mumbai"
2022-10-16,132.0,60.875,10.75,22.22222222222222,5.0,5.5,"Chakala-Andheri East, Mumbai"
2022-10-23,163.5,74.0,16.0,51.0,5.0,2.0,"Chakala-Andheri East, Mumbai"
2022-10-24,168.0,161.0,16.0,56.0,6.0,4.0,"Chakala-Andheri East, Mumbai"
2022-10-25,227.0,81.0,16.0,58.0,6.0,3.0,"Chakala-Andheri East, Mumbai"
2022-10-26,174.0,77.0,19.0,57.0,6.0,5.0,"Chakala-Andheri East, Mumbai"
2022-10-27,168.0,76.0,21.0,35.0,12.0,7.0,"Chakala-Andheri East, Mumbai"
2022-10-28,169.0,75.0,20.0,41.0,14.0,8.0,"Chakala-Andheri East, Mumbai"
2022-10-29,168.0,63.0,19.0,31.0,12.0,5.0,"Chakala-Andheri East, Mumbai"
2022-10-30,150.0,68.0,22.0,41.0,13.0,9.0,"Chakala-Andheri East, Mumbai"
2022-10-31,162.0,79.0,17.0,38.0,9.0,9.0,"Chakala-Andheri East, Mumbai"
2022-11-01,172.0,77.0,17.0,35.0,5.5,16.0,"Chakala-Andheri East, Mumbai"
2022-11-02,171.0,74.0,17.0,38.0,2.0,14.0,"Chakala-Andheri East, Mumbai"
2022-11-03,170.0,75.0,5.0,39.0,5.0,13.0,"Chakala-Andheri East, Mumbai"
2022-11-04,170.0,74.0,2.0,45.0,6.0,10.0,"Chakala-Andheri East, Mumbai"
2022-11-05,169.0,91.0,20.0,51.0,10.0,10.0,"Chakala-Andheri East, Mumbai"
2022-11-06,187.0,81.0,20.0,53.0,10.0,12.0,"Chakala-Andheri East, Mumbai"
2022-11-07,176.0,89.0,17.0,64.0,9.0,10.0,"Chakala-Andheri East, Mumbai"
2022-11-08,182.0,89.0,17.0,72.0,14.0,9.0,"Chakala-Andheri East, Mumbai"
2022-11-09,184.0,92.0,18.0,57.0,11.0,11.0,"Chakala-Andheri East, Mumbai"
2022-11-10,178.0,77.0,15.0,50.5,4.0,4.0,"Chakala-Andheri East, Mumbai"
2022-11-11,138.0,80.0,15.0,44.0,6.0,5.0,"Chakala-Andheri East, Mumbai"
2022-11-12,153.0,85.0,19.0,39.0,8.0,10.0,"Chakala-Andheri East, Mumbai"
2022-11-13,161.0,95.0,12.0,46.0,10.0,14.0,"Chakala-Andheri East, Mumbai"
2022-11-14,169.0,95.0,10.0,45.0,10.0,15.0,"Chakala-Andheri East, Mumbai"
2022-11-15,168.0,92.0,10.0,46.0,12.0,16.0,"Chakala-Andheri East, Mumbai"
2022-11-16,167.0,83.0,10.0,42.0,8.0,11.0,"Chakala-Andheri East, Mumbai"
2022-11-17,162.0,58.0,18.0,31.0,4.0,12.0,"Chakala-Andheri East, Mumbai"
2022-11-18,123.0,81.0,13.0,34.0,6.0,11.0,"Chakala-Andheri East, Mumbai"
2022-11-19,161.0,81.0,13.0,34.0,5.0,11.0,"Chakala-Andheri East, Mumbai"
2022-11-20,162.0,84.0,16.0,40.0,7.0,11.0,"Chakala-Andheri East, Mumbai"
2022-11-21,164.0,106.0,14.0,50.0,9.0,16.0,"Chakala-Andheri East, Mumbai"
2022-11-22,179.0,113.0,13.0,46.0,12.0,18.0,"Chakala-Andheri East, Mumbai"
2022-11-23,187.0,127.0,14.0,53.0,16.0,21.0,"Chakala-Andheri East, Mumbai"
2022-11-24,197.0,118.0,15.0,49.0,14.0,19.0,"Chakala-Andheri East, Mumbai"
2022-11-25,181.0,132.0,13.0,46.0,16.0,21.0,"Chakala-Andheri East, Mumbai"
2022-11-26,175.0,134.0,13.0,43.0,18.0,20.0,"Chakala-Andheri East, Mumbai"
2022-11-27,176.0,82.0,14.0,43.0,16.0,18.0,"Chakala-Andheri East, Mumbai"
2022-11-28,131.0,101.0,9.0,47.0,16.0,17.0,"Chakala-Andheri East, Mumbai"
2022-11-29,160.0,119.0,11.0,48.0,18.0,19.0,"Chakala-Andheri East, Mumbai"
2022-11-30,168.0,143.0,9.0,54.0,18.0,19.0,"Chakala-Andheri East, Mumbai"
2022-12-01,180.0,124.0,14.0,49.0,16.0,16.0,"Chakala-Andheri East, Mumbai"
2022-12-02,169.0,130.0,14.0,49.0,15.0,11.0,"Chakala-Andheri East, Mumbai"
2022-12-03,166.0,133.0,13.0,43.0,17.0,11.0,"Chakala-Andheri East, Mumbai"
2022-12-04,169.0,158.0,12.0,42.0,20.0,16.0,"Chakala-Andheri East, Mumbai"
2022-12-05,171.0,155.0,10.5,46.0,17.0,17.0,"Chakala-Andheri East, Mumbai"
2022-12-06,195.0,156.0,9.0,46.0,18.0,18.0,"Chakala-Andheri East, Mumbai"
2022-12-07,214.0,133.0,7.5,45.0,18.0,15.0,"Chakala-Andheri East, Mumbai"
2022-12-08,184.0,87.0,6.0,35.0,11.0,10.0,"Chakala-Andheri East, Mumbai"
2022-12-09,156.0,98.0,15.0,41.0,11.0,13.0,"Chakala-Andheri East, Mumbai"
2022-12-10,172.0,127.0,19.0,41.0,16.0,14.0,"Chakala-Andheri East, Mumbai"
2022-12-11,190.0,96.0,21.0,38.0,13.0,13.0,"Chakala-Andheri East, Mumbai"
2022-12-12,183.0,99.0,18.0,32.0,12.0,12.0,"Chakala-Andheri East, Mumbai"
2022-12-13,176.0,73.0,23.0,27.0,13.0,11.0,"Chakala-Andheri East, Mumbai"
2022-12-14,147.0,75.0,23.0,30.0,10.0,12.0,"Chakala-Andheri East, Mumbai"
2022-12-15,152.0,80.0,26.0,36.0,12.0,12.0,"Chakala-Andheri East, Mumbai"
2022-12-16,161.0,92.0,21.0,37.0,14.0,13.0,"Chakala-Andheri East, Mumbai"
2022-12-17,164.0,90.0,22.0,31.0,13.0,11.0,"Chakala-Andheri East, Mumbai"
2022-12-18,167.0,81.0,23.0,27.0,10.0,11.0,"Chakala-Andheri East, Mumbai"
2022-12-19,162.0,92.0,23.0,42.0,13.0,12.0,"Chakala-Andheri East, Mumbai"
2022-12-20,170.0,107.0,30.0,44.0,15.0,13.0,"Chakala-Andheri East, Mumbai"
2022-12-21,181.0,133.0,30.0,52.0,19.0,17.0,"Chakala-Andheri East, Mumbai"
2022-12-22,202.0,135.0,28.0,54.0,20.0,15.0,"Chakala-Andheri East, Mumbai"
2022-12-23,206.0,104.0,24.0,45.0,15.0,11.0,"Chakala-Andheri East, Mumbai"
2022-12-24,178.0,128.0,32.0,42.0,15.0,12.0,"Chakala-Andheri East, Mumbai"
2022-12-25,197.0,119.0,32.0,47.0,13.0,13.0,"Chakala-Andheri East, Mumbai"
2022-12-26,191.0,142.0,28.0,50.0,16.0,15.0,"Chakala-Andheri East, Mumbai"
2022-12-27,212.0,130.0,23.0,47.0,18.0,15.0,"Chakala-Andheri East, Mumbai"
2022-12-28,200.0,142.0,25.0,43.0,19.0,15.0,"Chakala-Andheri East, Mumbai"
2022-12-29,210.0,174.0,31.0,50.0,18.0,15.0,"Chakala-Andheri East, Mumbai"
2022-12-30,240.0,160.0,25.0,47.0,21.0,14.0,"Chakala-Andheri East, Mumbai"
2022-12-31,181.0,96.0,32.0,39.0,14.0,10.0,"Chakala-Andheri East, Mumbai"
2023-01-01,170.0,107.0,26.0,47.0,15.0,13.0,"Chakala-Andheri East, Mumbai"
2023-01-02,179.0,120.0,30.0,46.0,17.0,13.0,"Chakala-Andheri East, Mumbai"
2023-01-03,182.0,117.0,30.0,47.0,17.0,13.0,"Chakala-Andheri East, Mumbai"
2023-01-04,187.0,131.0,35.0,44.0,18.0,12.0,"Chakala-Andheri East, Mumbai"
2023-01-05,198.0,124.0,30.0,41.0,16.0,13.0,"Chakala-Andheri East, Mumbai"
2023-01-06,192.0,128.0,32.0,34.0,14.0,10.0,"Chakala-Andheri East, Mumbai"
2023-01-07,193.0,106.0,29.0,31.0,14.0,10.0,"Chakala-Andheri East, Mumbai"
2023-01-08,175.0,77.0,28.0,36.0,12.0,11.0,"Chakala-Andheri East, Mumbai"
2023-01-09,158.0,89.0,25.0,46.0,9.0,12.0,"Chakala-Andheri East, Mumbai"
2023-01-10,165.0,147.0,30.0,55.0,17.0,20.0,"Chakala-Andheri East, Mumbai"
2023-01-11,195.0,112.0,23.0,52.0,11.0,16.0,"Chakala-Andheri East, Mumbai"
2023-01-12,184.0,112.0,25.0,46.0,9.0,14.0,"Chakala-Andheri East, Mumbai"
2023-01-13,187.0,143.0,34.0,54.0,7.0,14.0,"Chakala-Andheri East, Mumbai"
2023-01-14,213.0,141.0,35.0,57.0,5.0,18.0,"Chakala-Andheri East, Mumbai"
2023-01-15,210.0,119.0,35.0,69.0,5.0,23.0,"Chakala-Andheri East, Mumbai"
2023-01-16,190.0,140.0,35.0,72.0,1.0,25.0,"Chakala-Andheri East, Mumbai"
2023-01-17,205.0,155.0,44.0,75.0,2.0,26.0,"Chakala-Andheri East, Mumbai"
2023-01-18,217.0,134.0,33.0,78.0,4.0,25.0,"Chakala-Andheri East, Mumbai"
2023-01-19,201.0,124.0,37.0,75.0,9.0,24.0,"Chakala-Andheri East, Mumbai"
2023-01-20,194.0,104.0,34.0,73.0,5.0,17.0,"Chakala-Andheri East, Mumbai"
2023-01-21,179.0,97.0,35.0,64.0,2.0,16.0,"Chakala-Andheri East, Mumbai"
2023-01-22,173.0,103.0,34.0,55.0,1.0,19.0,"Chakala-Andheri East, Mumbai"
2023-01-23,177.0,105.0,33.0,64.0,1.0,18.0,"Chakala-Andheri East, Mumbai"
2023-01-24,178.0,109.0,35.0,66.0,1.0,12.0,"Chakala-Andheri East, Mumbai"
2023-01-25,183.0,124.0,38.0,63.0,1.0,13.0,"Chakala-Andheri East, Mumbai"
2023-01-26,196.0,138.0,31.0,71.0,3.0,19.0,"Chakala-Andheri East, Mumbai"
2023-01-27,211.0,127.0,32.0,71.0,9.0,21.0,"Chakala-Andheri East, Mumbai"
2023-01-28,204.0,103.0,33.0,40.0,3.0,12.0,"Chakala-Andheri East, Mumbai"
2023-01-29,179.0,91.0,33.0,51.0,2.0,12.0,"Chakala-Andheri East, Mumbai"
2023-01-30,170.0,109.0,32.0,58.0,1.75,14.0,"Chakala-Andheri East, Mumbai"
2023-01-31,184.0,110.0,33.0,48.0,1.5,13.0,"Chakala-Andheri East, Mumbai"
2023-02-01,185.0,92.0,36.0,47.0,1.25,12.0,"Chakala-Andheri East, Mumbai"
2023-02-02,171.0,112.0,37.0,65.0,1.0,17.0,"Chakala-Andheri East, Mumbai"
2023-02-03,191.0,116.0,39.0,70.0,3.0,16.0,"Chakala-Andheri East, Mumbai"
2023-02-04,189.0,143.0,42.0,61.0,5.0,19.0,"Chakala-Andheri East, Mumbai"
2023-02-05,211.0,115.0,42.0,69.0,3.0,13.0,"Chakala-Andheri East, Mumbai"
2023-02-06,187.0,94.0,39.0,55.0,1.0,12.0,"Chakala-Andheri East, Mumbai"
2023-02-07,173.0,132.0,40.0,70.0,2.0,18.0,"Chakala-Andheri East, Mumbai"
2023-02-08,204.0,134.0,31.0,72.0,9.0,24.0,"Chakala-Andheri East, Mumbai"
2023-02-09,204.0,120.0,40.0,68.0,6.0,13.0,"Chakala-Andheri East, Mumbai"
2023-02-10,192.0,95.0,37.0,63.0,2.0,10.0,"Chakala-Andheri East, Mumbai"
2023-02-11,173.0,114.0,40.0,61.0,1.0,11.0,"Chakala-Andheri East, Mumbai"
2023-02-12,188.0,88.0,51.0,43.0,1.0,3.0,"Chakala-Andheri East, Mumbai"
2023-02-13,166.0,113.0,47.0,64.0,1.0,10.0,"Chakala-Andheri East, Mumbai"
2023-02-14,187.0,119.0,37.0,78.0,1.0,14.0,"Chakala-Andheri East, Mumbai"
2023-02-15,193.0,114.0,38.0,73.0,1.0,13.0,"Chakala-Andheri East, Mumbai"
2023-02-16,188.0,101.0,33.0,17.0,2.0,15.0,"Chakala-Andheri East, Mumbai"
2023-02-17,171.0,97.0,12.0,5.0,7.0,13.0,"Chakala-Andheri East, Mumbai"
2023-02-18,164.0,109.0,16.0,9.8,8.0,19.0,"Chakala-Andheri East, Mumbai"
2023-02-19,172.0,113.0,15.0,14.6,8.0,16.0,"Chakala-Andheri East, Mumbai"
2023-02-20,171.0,106.0,10.0,19.4,7.0,15.0,"Chakala-Andheri East, Mumbai"
2023-02-21,155.0,86.0,9.0,28.0,5.0,10.0,"Chakala-Andheri East, Mumbai"
2023-02-22,160.0,103.0,15.0,28.0,8.0,14.0,"Chakala-Andheri East, Mumbai"
2023-02-23,143.0,119.0,12.0,28.0,12.0,18.0,"Chakala-Andheri East, Mumbai"
2023-02-24,173.0,119.0,12.0,28.0,9.0,15.0,"Chakala-Andheri East, Mumbai"
2023-02-25,170.0,126.0,14.0,28.0,11.0,16.0,"Chakala-Andheri East, Mumbai"
2023-02-26,117.0,108.0,13.0,28.0,16.0,16.0,"Chakala-Andheri East, Mumbai"
2023-02-27,111.0,96.0,23.0,53.0,18.0,14.0,"Chakala-Andheri East, Mumbai"
2023-02-28,111.0,97.0,37.0,67.0,16.0,13.0,"Chakala-Andheri East, Mumbai"
2023-03-01,112.0,118.0,42.0,65.25714285714285,15.0,18.0,"Chakala-Andheri East, Mumbai"
2023-03-02,173.0,152.0,26.0,63.51428571428571,15.0,17.3125,"Chakala-Andheri East, Mumbai"
2023-03-03,234.0,148.66666666666666,24.6,61.77142857142857,15.6,16.625,"Chakala-Andheri East, Mumbai"
2023-03-17,101.46666666666667,102.0,5.0,22.0,24.0,7.0,"Chakala-Andheri East, Mumbai"
2023-03-18,92.0,44.0,9.0,22.0,22.0,1.0,"Chakala-Andheri East, Mumbai"
2023-03-19,33.0,43.0,9.0,22.0,16.0,1.0,"Chakala-Andheri East, Mumbai"
2023-03-20,25.0,43.0,8.0,22.0,12.0,2.0,"Chakala-Andheri East, Mumbai"
2023-03-21,30.0,37.0,8.0,22.0,16.0,3.0,"Chakala-Andheri East, Mumbai"
2023-03-22,31.0,29.0,8.0,22.0,14.0,1.0,"Chakala-Andheri East, Mumbai"
2023-03-23,24.0,101.0,9.0,22.0,12.0,5.0,"Chakala-Andheri East, Mumbai"
2023-03-24,72.0,78.0,10.0,22.0,1.0,9.0,"Chakala-Andheri East, Mumbai"
2023-03-25,76.5,55.0,12.0,22.0,1.0,11.0,"Chakala-Andheri East, Mumbai"
2023-03-26,81.0,48.0,10.0,22.0,8.5,9.0,"Chakala-Andheri East, Mumbai"
2023-03-27,75.0,94.0,10.0,22.0,16.0,9.0,"Chakala-Andheri East, Mumbai"
2023-03-28,120.0,69.0,11.0,22.0,18.0,7.0,"Chakala-Andheri East, Mumbai"
2023-03-29,117.0,59.0,12.0,22.0,5.0,8.0,"Chakala-Andheri East, Mumbai"
2023-03-30,97.0,51.0,9.0,22.0,5.0,8.0,"Chakala-Andheri East, Mumbai"
2023-04-02,72.25,27.0,10.0,11.0,5.0,6.0,"Chakala-Andheri East, Mumbai"
2023-04-03,64.0,42.0,9.0,11.0,2.0,8.0,"Chakala-Andheri East, Mumbai"
2023-04-04,92.0,44.0,13.0,6.0,9.0,10.0,"Chakala-Andheri East, Mumbai"
2023-04-05,92.0,58.0,17.0,8.0,4.0,18.0,"Chakala-Andheri East, Mumbai"
2023-04-06,116.0,78.0,16.0,8.0,1.0,24.0,"Chakala-Andheri East, Mumbai"
2023-04-07,153.0,80.0,21.0,9.0,6.0,22.5,"Chakala-Andheri East, Mumbai"
2023-04-08,158.0,75.0,20.0,9.0,5.0,21.0,"Chakala-Andheri East, Mumbai"
2023-04-09,153.0,68.0,18.0,8.0,4.0,19.0,"Chakala-Andheri East, Mumbai"
2023-04-10,146.0,63.0,15.0,7.0,2.0,16.0,"Chakala-Andheri East, Mumbai"
2023-04-11,131.0,64.0,17.0,7.0,2.0,16.0,"Chakala-Andheri East, Mumbai"
2023-04-12,134.0,63.0,15.0,9.0,2.0,23.0,"Chakala-Andheri East, Mumbai"
2023-04-13,135.0,50.0,14.0,7.0,2.0,17.0,"Chakala-Andheri East, Mumbai"
2023-04-14,100.0,50.0,10.0,4.0,1.0,16.0,"Chakala-Andheri East, Mumbai"
2023-04-15,102.0,49.0,10.0,4.0,3.0,17.0,"Chakala-Andheri East, Mumbai"
2023-04-16,102.0,46.0,13.0,4.0,5.0,15.0,"Chakala-Andheri East, Mumbai"
2023-04-17,97.0,55.0,17.0,7.0,12.0,16.0,"Chakala-Andheri East, Mumbai"
2023-04-18,116.0,65.0,16.0,8.0,13.0,18.0,"Chakala-Andheri East, Mumbai"
2023-04-19,131.0,56.0,13.0,5.0,12.0,14.0,"Chakala-Andheri East, Mumbai"
2023-04-20,117.0,45.0,10.0,3.0,11.0,13.0,"Chakala-Andheri East, Mumbai"
2023-04-21,97.0,41.0,9.0,2.0,10.0,11.0,"Chakala-Andheri East, Mumbai"
2023-04-22,90.0,40.0,9.0,2.0,9.0,11.0,"Chakala-Andheri East, Mumbai"
2023-04-23,86.0,48.0,11.0,3.0,15.0,13.0,"Chakala-Andheri East, Mumbai"
2023-04-24,97.0,49.0,12.0,2.0,14.0,11.0,"Chakala-Andheri East, Mumbai"
2023-04-25,101.0,45.0,12.0,1.0,13.0,9.0,"Chakala-Andheri East, Mumbai"
2023-04-26,91.0,54.0,12.0,2.0,13.0,10.0,"Chakala-Andheri East, Mumbai"
2023-04-27,110.0,40.0,10.0,2.0,11.0,10.0,"Chakala-Andheri East, Mumbai"
2023-04-28,88.0,36.0,9.0,2.0,11.0,10.0,"Chakala-Andheri East, Mumbai"
2023-04-29,81.0,39.0,12.0,2.0,11.0,10.0,"Chakala-Andheri East, Mumbai"
2023-04-30,85.0,27.0,12.0,2.0,22.0,9.0,"Chakala-Andheri East, Mumbai"
2023-05-01,65.0,32.0,14.0,1.0,22.0,8.0,"Chakala-Andheri East, Mumbai"
2023-05-02,73.0,37.0,12.0,1.0,14.0,8.0,"Chakala-Andheri East, Mumbai"
2023-05-03,82.0,42.0,15.0,2.0,4.0,7.0,"Chakala-Andheri East, Mumbai"
2023-05-04,91.0,45.0,13.0,1.0,4.0,6.0,"Chakala-Andheri East, Mumbai"
2023-05-05,97.0,40.0,11.0,1.0,3.0,8.0,"Chakala-Andheri East, Mumbai"
2023-05-06,87.0,43.0,13.0,1.0,3.0,7.0,"Chakala-Andheri East, Mumbai"
2023-05-07,93.0,51.0,11.0,1.0,3.0,5.0,"Chakala-Andheri East, Mumbai"
2023-05-08,107.0,44.0,12.0,1.0,4.0,5.0,"Chakala-Andheri East, Mumbai"
2023-05-09,96.0,58.0,15.0,1.0,3.0,4.0,"Chakala-Andheri East, Mumbai"
2023-05-10,124.0,58.0,18.0,1.0,3.0,5.0,"Chakala-Andheri East, Mumbai"
2023-05-11,125.0,52.0,15.0,1.0,3.0,6.0,"Chakala-Andheri East, Mumbai"
2023-05-12,109.0,38.0,18.0,1.0,3.0,4.0,"Chakala-Andheri East, Mumbai"
2023-05-13,84.0,20.0,16.0,1.0,3.0,3.0,"Chakala-Andheri East, Mumbai"
2023-05-14,50.0,27.0,18.0,1.0,5.0,5.0,"Chakala-Andheri East, Mumbai"
2023-05-15,64.0,30.0,17.0,1.4285714285714286,8.0,4.0,"Chakala-Andheri East, Mumbai"
2023-05-16,69.0,28.0,16.0,1.8571428571428572,5.0,6.0,"Chakala-Andheri East, Mumbai"
2023-05-17,66.0,38.0,10.0,2.2857142857142856,2.0,7.0,"Chakala-Andheri East, Mumbai"
2023-05-18,83.0,32.0,12.0,8.5,1.0,7.0,"Chakala-Andheri East, Mumbai"
2023-05-19,73.0,34.333333333333336,12.333333333333334,8.5,5.0,6.333333333333333,"Chakala-Andheri East, Mumbai"
2023-05-21,82.33333333333333,39.0,13.0,4.0,13.0,5.0,"Chakala-Andheri East, Mumbai"
2023-05-22,87.0,39.0,12.0,2.0,4.0,2.0,"Chakala-Andheri East, Mumbai"
2023-05-23,85.0,31.0,13.0,5.0,8.0,2.0,"Chakala-Andheri East, Mumbai"
2023-05-24,72.0,21.0,6.0,1.0,21.0,2.7142857142857144,"Chakala-Andheri East, Mumbai"
2023-05-25,56.0,14.0,6.1,1.0,20.142857142857142,3.428571428571429,"Chakala-Andheri East, Mumbai"
2023-05-26,40.0,15.157894736842106,6.2,1.0,19.285714285714285,4.142857142857142,"Chakala-Andheri East, Mumbai"
2023-06-13,77.89473684210526,36.0,8.0,1.0,3.8571428571428577,17.0,"Chakala-Andheri East, Mumbai"
2023-06-14,80.0,32.0,10.0,1.0,3.0,16.0,"Chakala-Andheri East, Mumbai"
2023-06-15,73.0,45.0,15.0,1.0,5.0,17.0,"Chakala-Andheri East, Mumbai"
2023-06-16,98.0,42.0,18.0,1.0,7.0,13.0,"Chakala-Andheri East, Mumbai"
2023-06-17,89.0,35.0,20.0,1.0,7.0,16.0,"Chakala-Andheri East, Mumbai"
2023-06-18,76.0,32.0,22.0,1.0,6.0,15.0,"Chakala-Andheri East, Mumbai"
2023-06-19,73.0,36.0,23.0,1.0,3.0,14.0,"Chakala-Andheri East, Mumbai"
2023-06-20,79.0,37.0,23.0,2.0,5.0,14.0,"Chakala-Andheri East, Mumbai"
2023-06-21,81.0,27.0,25.0,2.0,10.0,13.0,"Chakala-Andheri East, Mumbai"
2023-06-22,65.0,30.0,29.0,3.0,10.0,14.0,"Chakala-Andheri East, Mumbai"
2023-06-23,70.0,38.0,33.0,6.0,10.0,17.0,"Chakala-Andheri East, Mumbai"
2023-06-24,83.0,24.0,31.0,7.0,7.0,18.0,"Chakala-Andheri East, Mumbai"
2023-06-25,58.0,31.0,32.0,3.0,5.0,21.0,"Chakala-Andheri East, Mumbai"
2023-06-26,73.0,32.0,35.0,3.0,5.0,18.0,"Chakala-Andheri East, Mumbai"
2023-06-27,75.0,20.0,34.0,3.0,6.0,18.0,"Chakala-Andheri East, Mumbai"
2023-06-28,52.0,22.0,40.0,2.0,6.0,18.0,"Chakala-Andheri East, Mumbai"
2023-06-29,57.0,23.0,37.0,2.0,4.0,17.0,"Chakala-Andheri East, Mumbai"
2023-06-30,60.0,28.0,39.0,1.0,4.0,19.0,"Chakala-Andheri East, Mumbai"
2023-07-01,67.0,32.0,29.0,1.0,2.0,20.0,"Chakala-Andheri East, Mumbai"
2023-07-02,73.0,21.0,33.0,1.0,3.0,20.0,"Chakala-Andheri East, Mumbai"
2023-07-03,53.0,17.0,33.0,2.0,2.0,21.0,"Chakala-Andheri East, Mumbai"
2023-07-04,46.0,16.0,30.0,2.0,6.0,15.0,"Chakala-Andheri East, Mumbai"
2023-07-05,43.0,5.0,29.0,3.0,14.0,8.0,"Chakala-Andheri East, Mumbai"
2023-07-06,16.0,5.0,31.0,17.0,14.0,7.0,"Chakala-Andheri East, Mumbai"
2023-07-07,16.0,15.0,26.0,3.0,17.0,6.0,"Chakala-Andheri East, Mumbai"
2023-07-08,44.0,14.0,25.0,3.0,16.0,5.0,"Chakala-Andheri East, Mumbai"
2023-07-09,39.0,14.0,21.0,3.0,16.0,5.0,"Chakala-Andheri East, Mumbai"
2023-07-10,40.0,18.0,21.0,3.0,16.0,5.0,"Chakala-Andheri East, Mumbai"
2023-07-11,47.0,17.0,23.0,3.0,14.0,4.0,"Chakala-Andheri East, Mumbai"
2023-07-12,138.5,16.0,28.0,3.0,15.0,5.0,"Chakala-Andheri East, Mumbai"
2023-07-13,230.0,9.0,27.0,4.0,15.0,7.0,"Chakala-Andheri East, Mumbai"
2023-07-14,28.0,12.0,32.0,4.0,15.0,7.0,"Chakala-Andheri East, Mumbai"
2023-07-15,33.0,13.0,29.0,3.0,17.0,5.0,"Chakala-Andheri East, Mumbai"
2023-07-16,37.0,11.0,27.0,4.0,18.0,7.0,"Chakala-Andheri East, Mumbai"
2023-07-17,32.0,10.0,28.0,4.0,15.0,7.0,"Chakala-Andheri East, Mumbai"
2023-07-18,30.0,12.0,28.0,4.0,15.0,5.0,"Chakala-Andheri East, Mumbai"
2023-07-19,38.0,17.0,29.0,3.0,16.0,6.0,"Chakala-Andheri East, Mumbai"
2023-07-20,48.0,9.0,29.0,3.0,15.0,6.0,"Chakala-Andheri East, Mumbai"
2023-07-21,28.0,8.0,30.0,3.0,17.0,7.0,"Chakala-Andheri East, Mumbai"
2023-07-22,25.0,8.0,32.0,3.0,16.0,4.0,"Chakala-Andheri East, Mumbai"
2023-07-23,23.0,9.0,32.0,3.0,10.0,6.0,"Chakala-Andheri East, Mumbai"
2023-07-24,26.0,10.0,35.0,3.0,7.5,8.0,"Chakala-Andheri East, Mumbai"
2023-07-25,29.0,6.0,36.0,3.0,5.0,12.0,"Chakala-Andheri East, Mumbai"
2023-07-26,18.0,9.0,34.0,2.0,9.0,11.0,"Chakala-Andheri East, Mumbai"
2023-07-27,27.0,8.0,33.0,2.0,13.0,11.0,"Chakala-Andheri East, Mumbai"
2023-07-28,24.0,10.0,34.0,3.0,28.0,14.0,"Chakala-Andheri East, Mumbai"
2023-07-29,29.0,18.0,34.0,2.0,24.0,13.0,"Chakala-Andheri East, Mumbai"
2023-07-30,47.0,16.0,33.0,2.0,22.0,12.0,"Chakala-Andheri East, Mumbai"
2023-07-31,44.0,18.0,33.0,3.0,26.0,11.0,"Chakala-Andheri East, Mumbai"
2023-08-01,50.0,18.0,33.0,2.0,20.0,11.0,"Chakala-Andheri East, Mumbai"
2023-08-02,49.0,19.0,36.0,2.0,17.0,10.0,"Chakala-Andheri East, Mumbai"
2023-08-03,51.0,16.0,32.0,2.0,23.0,10.0,"Chakala-Andheri East, Mumbai"
2023-08-04,45.0,24.0,32.0,2.0,23.0,11.0,"Chakala-Andheri East, Mumbai"
2023-08-05,60.0,22.0,33.0,2.0,20.0,11.0,"Chakala-Andheri East, Mumbai"
2023-08-06,56.0,23.0,34.0,2.0,18.0,10.0,"Chakala-Andheri East, Mumbai"
2023-08-07,58.0,24.0,34.0,2.0,20.0,11.0,"Chakala-Andheri East, Mumbai"
2023-08-08,60.0,24.0,34.0,2.0,21.0,11.0,"Chakala-Andheri East, Mumbai"
2023-08-09,61.0,15.0,33.0,2.0,18.0,9.0,"Chakala-Andheri East, Mumbai"
2023-08-10,37.0,27.0,39.0,2.0,6.0,12.0,"Chakala-Andheri East, Mumbai"
2023-08-11,4.0,11.0,38.0,2.0,14.0,18.0,"Chakala-Andheri East, Mumbai"
2023-08-12,2.0,15.0,30.0,2.0,22.0,18.0,"Chakala-Andheri East, Mumbai"
2023-08-13,2.0,7.0,31.0,1.0,28.0,17.5,"Chakala-Andheri East, Mumbai"
2023-08-14,1.0,14.0,31.0,1.1,33.0,17.0,"Chakala-Andheri East, Mumbai"
2023-08-15,2.0,13.11111111111111,36.0,1.2,45.0,17.0,"Chakala-Andheri East, Mumbai"
2023-08-16,4.46875,12.222222222222221,35.0,1.3,36.0,17.0,"Chakala-Andheri East, Mumbai"
2023-08-17,6.9375,11.333333333333334,36.0,5.0,32.0,18.0,"Chakala-Andheri East, Mumbai"
2023-08-18,9.40625,27.0,35.0,5.0,32.0,17.0,"Chakala-Andheri East, Mumbai"
2023-08-19,51.5,27.0,37.0,5.0,34.0,20.0,"Chakala-Andheri East, Mumbai"
2023-08-20,51.5,27.0,36.0,5.0,39.0,18.0,"Chakala-Andheri East, Mumbai"
2023-08-21,51.5,27.0,34.0,5.0,49.0,19.0,"Chakala-Andheri East, Mumbai"
2023-08-22,51.5,27.0,37.0,5.0,48.0,18.0,"Chakala-Andheri East, Mumbai"
2023-08-23,51.5,6.0,37.0,2.0,29.0,17.0,"Chakala-Andheri East, Mumbai"
2023-08-24,51.5,7.782608695652174,33.0,3.0,2.0,17.0,"Chakala-Andheri East, Mumbai"
2023-08-25,51.5,9.565217391304348,27.0,2.0,7.0,17.0,"Chakala-Andheri East, Mumbai"
2023-08-26,51.5,11.347826086956522,33.0,2.0,6.0,17.0,"Chakala-Andheri East, Mumbai"
2023-08-27,51.5,27.0,34.0,1.0,8.0,18.0,"Chakala-Andheri East, Mumbai"
2023-08-28,51.5,27.0,37.0,2.0,6.0,18.0,"Chakala-Andheri East, Mumbai"
2023-08-29,51.5,27.0,37.0,2.0,10.0,17.0,"Chakala-Andheri East, Mumbai"
2023-08-30,51.5,27.0,37.0,4.0,8.0,18.0,"Chakala-Andheri East, Mumbai"
2023-08-31,51.5,27.0,38.0,4.0,7.0,18.0,"Chakala-Andheri East, Mumbai"
2023-09-01,67.0,47.0,38.0,3.0,6.0,18.0,"Chakala-Andheri East, Mumbai"
2023-09-02,67.0,47.0,38.0,3.0,6.0,19.0,"Chakala-Andheri East, Mumbai"
2023-09-03,67.0,47.0,40.0,3.0,5.0,18.0,"Chakala-Andheri East, Mumbai"
2023-09-04,67.0,47.0,40.0,3.0,6.0,18.0,"Chakala-Andheri East, Mumbai"
2023-09-05,67.0,47.0,42.0,3.0,6.0,18.0,"Chakala-Andheri East, Mumbai"
2023-09-06,67.0,47.0,42.0,3.0,5.0,19.0,"Chakala-Andheri East, Mumbai"
2023-09-07,67.0,47.0,41.0,3.0,7.0,21.0,"Chakala-Andheri East, Mumbai"
2023-09-08,67.0,47.0,43.0,3.0,6.0,19.0,"Chakala-Andheri East, Mumbai"
2023-09-09,67.0,47.0,45.0,2.0,5.0,18.0,"Chakala-Andheri East, Mumbai"
2023-09-10,67.0,47.0,46.0,3.0,6.0,18.0,"Chakala-Andheri East, Mumbai"
2023-09-11,67.0,47.0,45.0,3.0,5.0,18.0,"Chakala-Andheri East, Mumbai"
2023-09-12,67.0,47.0,45.0,3.0,5.0,18.0,"Chakala-Andheri East, Mumbai"
2023-09-13,67.0,47.0,47.0,4.0,5.0,19.0,"Chakala-Andheri East, Mumbai"
2023-09-14,67.0,47.0,48.0,5.0,6.0,19.0,"Chakala-Andheri East, Mumbai"
2023-09-15,67.0,47.0,48.0,2.0,4.0,11.0,"Chakala-Andheri East, Mumbai"
2023-09-16,81.0,54.0,4.0,1.0,6.0,9.0,"Chakala-Andheri East, Mumbai"
2023-09-17,90.0,51.0,4.0,1.0,5.0,8.0,"Chakala-Andheri East, Mumbai"
2023-09-18,86.0,23.0,4.0,1.0,6.0,9.0,"Chakala-Andheri East, Mumbai"
2023-09-19,38.0,31.0,5.0,1.0,18.0,7.0,"Chakala-Andheri East, Mumbai"
2023-09-20,38.0,62.0,5.0,1.0,23.0,6.0,"Chakala-Andheri East, Mumbai"
2023-09-21,67.0,46.0,4.0,1.0,6.0,8.0,"Chakala-Andheri East, Mumbai"
2023-09-22,65.0,60.0,4.0,1.5,6.0,9.0,"Chakala-Andheri East, Mumbai"
2023-09-23,89.0,48.0,5.0,2.0,6.0,9.0,"Chakala-Andheri East, Mumbai"
2023-09-24,65.0,54.0,4.0,2.5,7.0,8.0,"Chakala-Andheri East, Mumbai"
2023-09-25,74.0,56.0,5.0,3.0,7.0,8.0,"Chakala-Andheri East, Mumbai"
2023-09-26,77.0,72.0,4.0,7.0,7.0,10.0,"Chakala-Andheri East, Mumbai"
2023-09-27,99.0,95.0,5.0,6.0,8.0,9.0,"Chakala-Andheri East, Mumbai"
2023-09-28,121.0,89.0,4.0,6.0,6.0,9.0,"Chakala-Andheri East, Mumbai"
2023-09-29,142.0,38.0,5.0,8.0,8.0,9.0,"Chakala-Andheri East, Mumbai"
2023-09-30,81.0,45.0,4.0,7.0,6.0,9.0,"Chakala-Andheri East, Mumbai"
2023-10-01,93.0,53.0,5.0,5.0,6.0,8.0,"Chakala-Andheri East, Mumbai"
2023-10-02,120.0,89.0,4.0,5.0,4.0,8.0,"Chakala-Andheri East, Mumbai"
2023-10-03,161.0,98.0,5.0,6.0,7.0,8.0,"Chakala-Andheri East, Mumbai"
2023-10-04,167.0,102.0,5.0,6.0,6.0,8.0,"Chakala-Andheri East, Mumbai"
2023-10-05,167.0,100.0,4.0,7.0,5.0,9.0,"Chakala-Andheri East, Mumbai"
2023-10-06,160.0,94.0,4.0,7.0,4.0,10.0,"Chakala-Andheri East, Mumbai"
2023-10-07,157.0,103.0,5.0,10.0,5.0,11.0,"Chakala-Andheri East, Mumbai"
2023-10-08,164.0,110.0,5.0,10.0,7.0,12.0,"Chakala-Andheri East, Mumbai"
2023-10-09,166.0,80.0,4.0,7.0,7.0,10.0,"Chakala-Andheri East, Mumbai"
2023-10-10,134.0,65.0,5.0,8.0,7.0,10.0,"Chakala-Andheri East, Mumbai"
2023-10-11,111.0,58.0,5.0,9.0,7.0,9.0,"Chakala-Andheri East, Mumbai"
2023-10-12,95.0,70.0,7.0,9.0,8.0,12.0,"Chakala-Andheri East, Mumbai"
2023-10-13,101.0,186.0,7.0,10.0,9.0,18.0,"Chakala-Andheri East, Mumbai"
2023-10-14,193.0,139.0,7.0,6.0,8.0,13.0,"Chakala-Andheri East, Mumbai"
2023-10-15,175.0,191.0,7.0,6.0,9.0,14.0,"Chakala-Andheri East, Mumbai"
2023-10-16,207.0,57.0,8.0,6.0,10.0,16.0,"Chakala-Andheri East, Mumbai"
2023-10-17,232.0,57.0,7.0,7.0,9.0,15.0,"Chakala-Andheri East, Mumbai"
2023-10-18,236.0,57.0,8.0,11.0,8.0,15.0,"Chakala-Andheri East, Mumbai"
2023-10-19,108.0,57.0,9.0,11.0,8.0,16.0,"Chakala-Andheri East, Mumbai"
2023-10-20,108.0,57.0,8.0,10.0,8.0,14.0,"Chakala-Andheri East, Mumbai"
2023-10-21,84.0,79.0,9.0,13.0,10.0,16.0,"Chakala-Andheri East, Mumbai"
2023-10-22,138.0,75.0,8.0,14.0,9.0,20.0,"Chakala-Andheri East, Mumbai"
2023-10-23,128.0,104.0,9.0,14.0,8.0,17.25,"Chakala-Andheri East, Mumbai"
2023-10-24,167.0,99.0,9.0,15.0,8.0,14.5,"Chakala-Andheri East, Mumbai"
2023-10-25,165.0,99.0,9.0,11.0,11.0,11.75,"Chakala-Andheri East, Mumbai"
2023-10-26,164.0,53.0,5.0,17.0,8.0,9.0,"Chakala-Andheri East, Mumbai"
2023-10-27,99.0,58.0,6.0,17.0,8.0,10.0,"Chakala-Andheri East, Mumbai"
2023-10-28,113.0,62.0,6.0,13.0,9.0,9.0,"Chakala-Andheri East, Mumbai"
2023-10-29,122.0,57.0,7.0,12.0,8.0,10.0,"Chakala-Andheri East, Mumbai"
2023-10-30,110.0,53.0,7.0,17.0,10.0,10.0,"Chakala-Andheri East, Mumbai"
2023-10-31,102.0,61.0,8.0,22.0,11.0,10.0,"Chakala-Andheri East, Mumbai"
2023-11-01,105.0,63.0,8.0,14.0,13.0,9.0,"Chakala-Andheri East, Mumbai"
2023-11-02,90.0,106.0,8.0,30.0,12.0,12.0,"Chakala-Andheri East, Mumbai"
2023-11-03,145.0,78.0,8.0,41.0,12.0,25.0,"Chakala-Andheri East, Mumbai"
2023-11-04,113.0,85.0,10.0,37.0,12.0,23.0,"Chakala-Andheri East, Mumbai"
2023-11-05,112.0,91.0,11.0,48.0,9.0,25.0,"Chakala-Andheri East, Mumbai"
2023-11-06,120.0,83.0,8.0,45.0,9.0,24.0,"Chakala-Andheri East, Mumbai"
2023-11-07,138.0,75.0,8.0,35.0,8.0,21.0,"Chakala-Andheri East, Mumbai"
2023-11-08,98.0,66.0,10.0,29.0,10.0,11.0,"Chakala-Andheri East, Mumbai"
2023-11-09,85.0,51.0,9.0,20.0,6.0,3.0,"Chakala-Andheri East, Mumbai"
2023-11-10,63.0,62.0,10.0,34.0,5.0,9.0,"Chakala-Andheri East, Mumbai"
2023-11-11,80.0,64.125,9.625,31.875,4.625,8.75,"Chakala-Andheri East, Mumbai"
2023-11-18,117.625,79.0,7.0,17.0,2.0,7.0,"Chakala-Andheri East, Mumbai"
2023-11-19,123.0,65.0,7.0,18.0,3.0,14.0,"Chakala-Andheri East, Mumbai"
2023-11-20,97.0,71.0,7.5,15.0,5.5,9.0,"Chakala-Andheri East, Mumbai"
2023-11-21,108.5,77.0,8.0,12.0,8.0,4.0,"Chakala-Andheri East, Mumbai"
2023-11-22,120.0,75.0,7.0,12.0,1.0,7.0,"Chakala-Andheri East, Mumbai"
2023-11-23,117.0,101.0,9.0,49.0,2.0,15.0,"Chakala-Andheri East, Mumbai"
2023-11-24,154.0,70.0,7.0,29.0,3.0,11.0,"Chakala-Andheri East, Mumbai"
2023-11-25,107.0,79.0,12.0,14.0,4.0,8.0,"Chakala-Andheri East, Mumbai"
2023-11-26,105.0,45.0,7.0,9.0,3.0,3.0,"Chakala-Andheri East, Mumbai"
2023-11-27,70.0,46.0,7.0,13.0,1.0,5.0,"Chakala-Andheri East, Mumbai"
2023-11-28,72.0,61.0,11.0,24.0,5.0,6.0,"Chakala-Andheri East, Mumbai"
2023-11-29,91.0,65.0,8.0,13.0,1.0,6.0,"Chakala-Andheri East, Mumbai"
2023-11-30,98.0,79.0,9.0,24.0,5.0,8.0,"Chakala-Andheri East, Mumbai"
2023-12-01,122.0,123.0,14.0,19.0,3.0,11.0,"Chakala-Andheri East, Mumbai"
2023-12-02,143.0,98.0,20.0,32.0,6.0,11.0,"Chakala-Andheri East, Mumbai"
2023-12-03,130.0,80.0,15.0,33.0,4.0,8.0,"Chakala-Andheri East, Mumbai"
2023-12-04,126.0,84.0,19.0,15.0,2.0,7.0,"Chakala-Andheri East, Mumbai"
2023-12-05,132.0,72.5,19.0,12.0,2.0,4.0,"Chakala-Andheri East, Mumbai"
2023-12-06,111.5,61.0,19.0,9.0,2.0,1.0,"Chakala-Andheri East, Mumbai"
2023-12-07,91.0,69.0,20.0,25.0,7.0,7.0,"Chakala-Andheri East, Mumbai"
2023-12-08,105.0,65.0,15.0,18.0,2.0,6.0,"Chakala-Andheri East, Mumbai"
2023-12-09,100.0,8.0,15.0,17.0,2.0,8.0,"Chakala-Andheri East, Mumbai"
2023-12-10,23.0,6.0,15.0,33.0,1.0,5.0,"Chakala-Andheri East, Mumbai"
2023-12-11,21.0,7.0,16.0,16.0,2.0,4.0,"Chakala-Andheri East, Mumbai"
2023-12-12,23.0,72.0,14.0,53.0,4.0,8.0,"Chakala-Andheri East, Mumbai"
2023-12-13,111.0,83.0,13.0,43.5,4.0,12.0,"Chakala-Andheri East, Mumbai"
2023-12-14,11.0,94.0,12.0,34.0,4.0,16.0,"Chakala-Andheri East, Mumbai"
2023-12-15,141.0,78.0,15.0,17.0,5.0,6.0,"Chakala-Andheri East, Mumbai"
2023-12-16,122.0,79.0,19.0,12.0,6.0,4.0,"Chakala-Andheri East, Mumbai"
2023-12-17,123.0,78.0,18.0,8.0,4.0,2.0,"Chakala-Andheri East, Mumbai"
2023-12-18,121.0,83.0,28.0,32.0,14.0,9.0,"Chakala-Andheri East, Mumbai"
2023-12-19,128.0,78.0,14.0,9.0,6.0,2.0,"Chakala-Andheri East, Mumbai"
2023-12-20,121.0,98.0,16.0,20.0,16.0,9.0,"Chakala-Andheri East, Mumbai"
2023-12-21,148.0,108.0,17.0,25.0,17.0,16.0,"Chakala-Andheri East, Mumbai"
2023-12-22,155.0,106.0,16.0,16.0,18.0,12.0,"Chakala-Andheri East, Mumbai"
2023-12-23,154.0,102.0,17.0,39.0,16.0,13.0,"Chakala-Andheri East, Mumbai"
2023-12-24,151.0,96.0,23.0,26.0,34.0,11.0,"Chakala-Andheri East, Mumbai"
2023-12-25,152.0,106.0,22.0,28.0,9.0,14.0,"Chakala-Andheri East, Mumbai"
2023-12-26,163.0,91.0,14.0,24.0,6.0,14.0,"Chakala-Andheri East, Mumbai"
2023-12-27,164.0,98.0,24.0,50.0,20.0,21.0,"Chakala-Andheri East, Mumbai"
2023-12-28,175.0,74.0,24.0,21.0,10.0,18.0,"Chakala-Andheri East, Mumbai"
2023-12-29,171.0,66.0,27.0,40.0,19.0,19.0,"Chakala-Andheri East, Mumbai"
2023-12-30,139.0,70.0,16.0,20.0,25.0,13.0,"Chakala-Andheri East, Mumbai"
2023-12-31,113.0,68.0,24.0,39.0,6.0,18.0,"Chakala-Andheri East, Mumbai"
2024-01-01,136.0,68.0,23.0,18.0,1.0,13.0,"Chakala-Andheri East, Mumbai"
2024-01-02,150.0,63.0,27.0,32.0,5.0,15.0,"Chakala-Andheri East, Mumbai"
2024-01-03,135.0,72.0,17.0,18.0,5.0,16.0,"Chakala-Andheri East, Mumbai"
2024-01-04,147.0,72.0,29.0,28.0,5.0,14.0,"Chakala-Andheri East, Mumbai"
2024-01-05,161.0,80.0,20.0,22.0,4.0,14.0,"Chakala-Andheri East, Mumbai"
2024-01-06,144.0,79.0,27.0,33.0,7.0,14.0,"Chakala-Andheri East, Mumbai"
2024-01-07,137.0,67.0,22.0,34.0,8.0,9.0,"Chakala-Andheri East, Mumbai"
2024-01-08,106.0,81.0,26.0,36.0,16.0,12.0,"Chakala-Andheri East, Mumbai"
2024-01-09,96.5,46.0,17.0,13.0,3.0,3.0,"Chakala-Andheri East, Mumbai"
2024-01-10,87.0,61.0,26.0,24.0,9.0,2.0,"Chakala-Andheri East, Mumbai"
2024-01-11,77.5,70.0,16.0,37.0,8.0,8.0,"Chakala-Andheri East, Mumbai"
2024-01-12,160.5,71.0,26.0,46.0,21.0,13.0,"Chakala-Andheri East, Mumbai"
2024-01-13,160.5,69.0,13.0,32.0,6.0,13.0,"Chakala-Andheri East, Mumbai"
2024-01-14,160.5,40.0,27.0,22.0,2.0,10.0,"Chakala-Andheri East, Mumbai"
2024-01-15,160.5,43.0,31.0,16.0,1.0,7.0,"Chakala-Andheri East, Mumbai"
2024-01-16,30.0,48.0,28.0,24.0,1.0,7.0,"Chakala-Andheri East, Mumbai"
2024-01-17,50.0,49.0,18.0,17.0,1.0,7.0,"Chakala-Andheri East, Mumbai"
2024-01-18,52.0,60.0,18.0,18.0,1.0,8.0,"Chakala-Andheri East, Mumbai"
2024-01-19,67.0,76.0,18.0,20.0,10.0,10.0,"Chakala-Andheri East, Mumbai"
2024-01-20,75.0,58.0,30.0,26.0,5.0,8.0,"Chakala-Andheri East, Mumbai"
2024-01-21,59.0,74.0,26.0,39.0,4.0,7.0,"Chakala-Andheri East, Mumbai"
2024-01-22,72.0,64.0,19.0,16.0,3.0,4.0,"Chakala-Andheri East, Mumbai"
2024-01-23,63.0,57.0,19.0,25.0,7.0,7.0,"Chakala-Andheri East, Mumbai"
2024-01-24,51.0,95.0,17.0,20.0,8.0,15.0,"Chakala-Andheri East, Mumbai"
2024-01-25,130.0,107.0,30.0,5.0,8.0,22.0,"Chakala-Andheri East, Mumbai"
2024-01-26,166.0,101.0,1.0,4.0,19.0,19.0,"Chakala-Andheri East, Mumbai"
2024-01-27,162.0,119.0,1.0,9.0,18.0,20.0,"Chakala-Andheri East, Mumbai"
2024-01-28,157.0,108.0,19.0,5.0,7.0,23.0,"Chakala-Andheri East, Mumbai"
2024-01-29,164.0,105.0,37.0,5.0,16.0,26.0,"Chakala-Andheri East, Mumbai"
2024-01-30,170.0,95.0,55.0,9.0,15.0,21.0,"Chakala-Andheri East, Mumbai"
2024-01-31,161.0,87.0,4.0,8.0,5.0,18.0,"Chakala-Andheri East, Mumbai"
2024-02-01,160.0,61.0,12.0,5.0,9.0,18.0,"Chakala-Andheri East, Mumbai"
2024-02-02,115.0,89.0,1.0,6.0,1.0,20.0,"Chakala-Andheri East, Mumbai"
2024-02-03,162.0,94.0,46.0,10.0,17.0,25.0,"Chakala-Andheri East, Mumbai"
2024-02-04,173.0,69.0,11.0,11.0,31.0,23.0,"Chakala-Andheri East, Mumbai"
2024-02-05,169.0,83.0,11.0,10.0,38.0,23.0,"Chakala-Andheri East, Mumbai"
2024-02-06,167.0,97.0,43.0,16.0,5.0,13.0,"Chakala-Andheri East, Mumbai"
2024-02-07,165.0,71.0,11.0,24.0,3.0,12.0,"Chakala-Andheri East, Mumbai"
2024-02-08,160.0,71.0,13.0,50.0,12.0,12.0,"Chakala-Andheri East, Mumbai"
2024-02-09,146.0,72.0,29.0,26.0,3.0,16.0,"Chakala-Andheri East, Mumbai"
2024-02-10,134.0,81.0,36.0,44.0,13.0,17.0,"Chakala-Andheri East, Mumbai"
2024-02-11,138.0,77.0,21.0,26.0,5.0,19.0,"Chakala-Andheri East, Mumbai"
2024-02-12,155.0,75.0,14.0,34.0,4.0,18.0,"Chakala-Andheri East, Mumbai"
2024-02-13,150.0,79.0,28.0,35.0,6.0,17.0,"Chakala-Andheri East, Mumbai"
2024-02-14,151.0,82.0,15.0,34.0,2.0,16.0,"Chakala-Andheri East, Mumbai"
2024-02-15,154.0,104.0,16.0,39.0,15.0,20.0,"Chakala-Andheri East, Mumbai"
2024-02-16,177.0,104.0,20.0,42.0,6.0,24.0,"Chakala-Andheri East, Mumbai"
2024-02-17,168.0,123.0,6.0,27.0,2.0,12.0,"Chakala-Andheri East, Mumbai"
2024-02-18,153.0,70.0,8.0,26.0,3.0,13.0,"Chakala-Andheri East, Mumbai"
2024-02-19,119.0,64.0,5.0,20.0,2.0,12.0,"Chakala-Andheri East, Mumbai"
2024-02-20,72.0,48.0,7.0,33.0,1.0,18.0,"Chakala-Andheri East, Mumbai"
2024-02-21,69.0,52.0,7.0,20.0,1.0,18.0,"Chakala-Andheri East, Mumbai"
2024-02-22,84.0,54.0,9.0,21.0,4.0,19.0,"Chakala-Andheri East, Mumbai"
2024-02-23,95.0,61.0,9.0,47.0,3.0,18.0,"Chakala-Andheri East, Mumbai"
2024-02-24,112.0,74.0,15.0,23.0,4.0,21.0,"Chakala-Andheri East, Mumbai"
2024-02-25,127.0,77.0,33.0,31.0,6.0,26.0,"Chakala-Andheri East, Mumbai"
2024-02-26,154.0,90.0,36.0,70.0,15.0,26.0,"Chakala-Andheri East, Mumbai"
2024-02-27,162.0,83.0,18.0,47.0,3.0,4.0,"Chakala-Andheri East, Mumbai"
2024-02-28,152.0,87.0,20.0,26.0,10.0,4.0,"Chakala-Andheri East, Mumbai"
2024-02-29,152.0,88.0,28.0,59.0,8.0,9.0,"Chakala-Andheri East, Mumbai"
2024-03-01,161.0,57.0,14.0,31.0,9.0,4.0,"Chakala-Andheri East, Mumbai"
2024-03-02,103.0,57.0,14.0,27.0,1.0,2.0,"Chakala-Andheri East, Mumbai"
2024-03-03,68.0,44.0,11.0,19.0,3.0,2.0,"Chakala-Andheri East, Mumbai"
2024-03-04,67.0,66.0,36.0,49.0,5.0,9.0,"Chakala-Andheri East, Mumbai"
2024-03-05,145.0,68.0,35.0,27.0,9.0,10.0,"Chakala-Andheri East, Mumbai"
2024-03-06,148.0,70.0,21.0,28.0,9.0,5.0,"Chakala-Andheri East, Mumbai"
2024-03-07,143.0,72.0,13.0,24.0,3.0,7.0,"Chakala-Andheri East, Mumbai"
2024-03-08,137.0,69.0,21.0,26.0,2.0,9.0,"Chakala-Andheri East, Mumbai"
2024-03-09,124.0,80.0,8.0,27.0,2.0,10.0,"Chakala-Andheri East, Mumbai"
2024-03-10,59.0,63.0,5.0,29.0,1.0,11.0,"Chakala-Andheri East, Mumbai"
2024-03-11,57.0,67.0,21.0,26.0,2.0,8.0,"Chakala-Andheri East, Mumbai"
2024-03-12,143.0,57.0,21.0,45.0,4.0,9.0,"Chakala-Andheri East, Mumbai"
2024-03-13,111.0,47.0,9.0,22.0,2.0,10.0,"Chakala-Andheri East, Mumbai"
2024-03-14,109.0,81.5,11.0,21.0,2.0,7.0,"Chakala-Andheri East, Mumbai"
2024-03-15,113.5,116.0,13.0,20.0,2.0,4.0,"Chakala-Andheri East, Mumbai"
2024-03-16,118.0,84.0,16.0,15.0,2.0,4.0,"Chakala-Andheri East, Mumbai"
2024-03-17,114.0,71.0,27.0,30.0,3.5,4.0,"Chakala-Andheri East, Mumbai"
2024-03-18,102.0,73.0,35.0,41.0,5.0,6.0,"Chakala-Andheri East, Mumbai"
2024-03-19,124.0,67.0,19.0,28.0,12.0,8.0,"Chakala-Andheri East, Mumbai"
2024-03-20,120.0,75.0,22.0,27.0,4.0,9.0,"Chakala-Andheri East, Mumbai"
2024-03-21,129.0,83.0,15.0,28.0,6.0,8.0,"Chakala-Andheri East, Mumbai"
2024-03-22,147.0,67.0,47.0,22.0,10.0,9.0,"Chakala-Andheri East, Mumbai"
2024-03-23,130.0,61.0,11.0,17.0,3.0,4.0,"Chakala-Andheri East, Mumbai"
2024-03-24,89.0,61.0,13.0,18.0,3.0,8.0,"Chakala-Andheri East, Mumbai"
2024-03-25,137.0,62.0,23.0,21.0,3.0,5.0,"Chakala-Andheri East, Mumbai"
2024-03-26,82.0,71.0,19.0,34.0,11.0,7.0,"Chakala-Andheri East, Mumbai"
2024-03-27,93.0,65.0,7.0,37.0,4.0,5.0,"Chakala-Andheri East, Mumbai"
2024-03-28,90.0,63.0,5.0,22.0,3.0,6.0,"Chakala-Andheri East, Mumbai"
2024-03-29,106.0,93.0,10.0,20.0,16.0,5.0,"Chakala-Andheri East, Mumbai"
2024-03-30,107.0,80.0,26.0,19.0,22.0,7.0,"Chakala-Andheri East, Mumbai"
2024-03-31,90.0,77.0,26.0,18.0,24.0,9.0,"Chakala-Andheri East, Mumbai"
2024-04-01,104.0,77.0,24.0,17.0,28.0,10.5,"Chakala-Andheri East, Mumbai"
2024-04-02,101.5,77.0,22.0,16.0,32.0,12.0,"Chakala-Andheri East, Mumbai"
2024-04-03,99.0,55.0,7.0,22.0,5.0,14.0,"Chakala-Andheri East, Mumbai"
2024-04-04,120.0,90.0,21.0,17.0,51.0,13.666666666666666,"Chakala-Andheri East, Mumbai"
2024-04-05,119.0,85.0,16.5,15.5,28.999999999999996,13.333333333333334,"Chakala-Andheri East, Mumbai"
2024-04-06,118.0,80.0,12.0,14.0,7.0,13.0,"Chakala-Andheri East, Mumbai"
2024-04-07,117.0,54.0,16.0,14.0,17.0,9.0,"Chakala-Andheri East, Mumbai"
2024-04-08,96.0,77.0,11.0,15.0,7.0,7.0,"Chakala-Andheri East, Mumbai"
2024-04-09,132.0,64.0,11.0,15.0,8.0,6.0,"Chakala-Andheri East, Mumbai"
2024-04-10,124.0,76.0,13.0,15.0,8.0,6.0,"Chakala-Andheri East, Mumbai"
2024-04-11,114.0,70.0,15.5,19.0,13.5,5.0,"Chakala-Andheri East, Mumbai"
2024-04-12,105.5,64.0,18.0,23.0,19.0,4.0,"Chakala-Andheri East, Mumbai"
2024-04-13,97.0,71.0,8.0,12.0,7.0,4.0,"Chakala-Andheri East, Mumbai"
2024-04-14,95.0,62.0,16.0,38.0,23.0,5.0,"Chakala-Andheri East, Mumbai"
2024-04-15,133.0,81.0,20.0,26.0,8.0,9.0,"Chakala-Andheri East, Mumbai"
2024-04-16,157.0,174.0,14.0,15.0,10.0,10.0,"Chakala-Andheri East, Mumbai"
2024-04-17,120.0,157.0,11.0,23.0,3.0,8.0,"Chakala-Andheri East, Mumbai"
2024-04-18,143.0,163.0,7.0,37.0,4.0,4.0,"Chakala-Andheri East, Mumbai"
2024-04-19,129.0,89.0,8.0,14.0,5.0,10.0,"Chakala-Andheri East, Mumbai"
2024-04-20,162.0,77.0,9.0,14.0,6.0,13.0,"Chakala-Andheri East, Mumbai"
2024-04-21,128.0,81.0,10.0,14.0,7.0,8.0,"Chakala-Andheri East, Mumbai"
2024-04-22,117.0,79.0,9.0,28.0,4.0,4.0,"Chakala-Andheri East, Mumbai"
2024-04-23,126.0,88.0,8.0,14.0,3.0,4.0,"Chakala-Andheri East, Mumbai"
2024-04-24,147.0,137.0,7.0,13.0,13.0,2.0,"Chakala-Andheri East, Mumbai"
2024-04-25,136.0,153.5,9.5,14.5,8.5,2.5,"Chakala-Andheri East, Mumbai"
2024-04-26,138.5,170.0,12.0,16.0,4.0,3.0,"Chakala-Andheri East, Mumbai"
2024-04-27,141.0,111.0,36.0,15.0,4.0,3.0,"Chakala-Andheri East, Mumbai"
2024-04-28,167.0,98.0,10.0,16.0,3.0,6.0,"Chakala-Andheri East, Mumbai"
2024-04-29,157.0,95.0,12.0,16.0,2.0,7.0,"Chakala-Andheri East, Mumbai"
2024-04-30,154.0,103.0,11.0,11.0,1.0,5.0,"Chakala-Andheri East, Mumbai"
2024-05-01,129.0,58.0,31.0,8.0,1.0,8.0,"Chakala-Andheri East, Mumbai"
2024-05-02,140.0,60.0,10.0,21.0,4.0,11.0,"Chakala-Andheri East, Mumbai"
2024-05-03,98.0,168.0,6.0,10.0,1.0,9.0,"Chakala-Andheri East, Mumbai"
2024-05-04,116.0,131.33333333333331,6.333333333333333,12.0,1.4166666666666667,11.333333333333334,"Chakala-Andheri East, Mumbai"
2024-05-06,110.0,58.0,7.0,16.0,2.25,16.0,"Chakala-Andheri East, Mumbai"
2024-05-07,107.0,93.0,11.0,13.0,2.666666666666667,9.0,"Chakala-Andheri East, Mumbai"
2024-05-08,76.0,59.0,10.0,9.0,3.0,2.0,"Chakala-Andheri East, Mumbai"
2024-05-09,64.0,82.0,12.0,18.0,3.0,2.0,"Chakala-Andheri East, Mumbai"
2024-05-10,67.0,118.0,6.0,10.0,3.0,12.0,"Chakala-Andheri East, Mumbai"
2024-05-11,34.0,88.0,8.6,11.5,3.0,10.0,"Chakala-Andheri East, Mumbai"
2024-05-12,72.5,58.0,11.2,13.0,3.0,8.0,"Chakala-Andheri East, Mumbai"
2024-05-13,111.0,91.0,13.8,22.0,3.0,7.0,"Chakala-Andheri East, Mumbai"
2024-05-14,171.0,90.0,12.0,28.0,3.0,13.0,"Chakala-Andheri East, Mumbai"
2024-05-15,176.0,78.33333333333333,19.0,21.0,6.0,2.0,"Chakala-Andheri East, Mumbai"
2024-05-16,72.0,66.66666666666666,34.0,20.0,4.0,2.0,"Chakala-Andheri East, Mumbai"
2024-05-17,79.0,55.0,15.0,15.0,4.0,2.0559006211180124,"Chakala-Andheri East, Mumbai"
2024-05-18,67.0,58.0,16.0,15.0,4.0,2.111801242236025,"Chakala-Andheri East, Mumbai"
2024-05-19,77.0,39.0,13.0,14.0,4.0,2.1677018633540373,"Chakala-Andheri East, Mumbai"
2024-05-20,49.0,35.0,13.0,15.0,6.0,2.7142857142857144,"Chakala-Andheri East, Mumbai"
2024-05-21,59.0,16.0,12.0,15.0,1.0,2.7142857142857144,"Chakala-Andheri East, Mumbai"
2024-05-22,57.0,24.5,13.5,14.5,2.5,2.7142857142857144,"Chakala-Andheri East, Mumbai"
2024-05-23,60.0,33.0,15.0,14.0,4.0,2.7142857142857144,"Chakala-Andheri East, Mumbai"
2024-05-24,63.0,26.0,11.0,13.0,5.0,2.7142857142857144,"Chakala-Andheri East, Mumbai"
2024-05-25,60.0,26.0,11.0,12.0,5.0,2.7142857142857144,"Chakala-Andheri East, Mumbai"
2024-05-26,68.0,36.0,10.0,12.0,5.0,2.7142857142857144,"Chakala-Andheri East, Mumbai"
2024-05-27,69.0,23.0,10.0,10.0,4.0,2.7142857142857144,"Chakala-Andheri East, Mumbai"
2024-05-28,54.0,33.0,12.0,10.0,4.0,2.7142857142857144,"Chakala-Andheri East, Mumbai"
2024-05-29,67.0,46.0,12.0,10.0,5.0,2.7142857142857144,"Chakala-Andheri East, Mumbai"
2024-05-30,71.0,54.0,12.0,10.0,6.0,2.7142857142857144,"Chakala-Andheri East, Mumbai"
2024-05-31,61.0,47.0,13.0,10.0,5.0,2.7142857142857144,"Chakala-Andheri East, Mumbai"
2024-06-01,18.0,37.0,14.0,9.0,5.0,7.0,"Chakala-Andheri East, Mumbai"
2024-06-02,59.0,66.0,11.0,11.0,4.0,7.0,"Chakala-Andheri East, Mumbai"
2024-06-03,72.0,71.0,12.0,11.0,5.0,7.0,"Chakala-Andheri East, Mumbai"
2024-06-04,73.0,52.0,10.0,11.0,4.0,7.0,"Chakala-Andheri East, Mumbai"
2024-06-05,95.0,53.0,7.0,11.0,3.0,7.0,"Chakala-Andheri East, Mumbai"
2024-06-06,56.0,60.0,10.0,10.0,5.0,7.0,"Chakala-Andheri East, Mumbai"
2024-06-07,67.0,65.0,14.0,12.0,5.0,7.0,"Chakala-Andheri East, Mumbai"
2024-06-08,67.0,47.0,5.0,11.0,7.0,7.0,"Chakala-Andheri East, Mumbai"
2024-06-09,69.0,24.0,20.0,14.0,4.0,7.0,"Chakala-Andheri East, Mumbai"
2024-06-10,80.0,32.0,13.0,14.0,6.0,7.0,"Chakala-Andheri East, Mumbai"
2024-06-11,79.0,36.0,12.0,11.0,3.0,7.0,"Chakala-Andheri East, Mumbai"
2024-06-12,53.0,27.0,11.0,11.0,5.0,7.0,"Chakala-Andheri East, Mumbai"
2024-06-13,46.0,34.0,12.0,13.0,6.0,7.0,"Chakala-Andheri East, Mumbai"
2024-06-14,52.0,42.0,16.0,13.0,6.0,7.0,"Chakala-Andheri East, Mumbai"
2024-06-15,61.0,46.0,15.0,12.0,6.0,7.0,"Chakala-Andheri East, Mumbai"
2024-06-16,64.0,40.0,9.0,15.0,4.0,7.0,"Chakala-Andheri East, Mumbai"
2024-06-17,55.0,37.0,9.0,12.0,4.0,7.0,"Chakala-Andheri East, Mumbai"
2024-06-18,85.0,38.0,10.0,10.0,4.0,7.0,"Chakala-Andheri East, Mumbai"
2024-06-19,88.0,47.0,7.0,10.0,2.0,7.0,"Chakala-Andheri East, Mumbai"
2024-06-20,85.0,38.0,9.0,13.0,4.0,7.0,"Chakala-Andheri East, Mumbai"
2024-06-21,74.0,51.0,4.0,14.0,3.0,7.0,"Chakala-Andheri East, Mumbai"
2024-06-22,77.0,55.0,17.0,14.0,3.0,7.0,"Chakala-Andheri East, Mumbai"
2024-06-23,90.0,37.0,18.0,12.0,6.0,7.0,"Chakala-Andheri East, Mumbai"
2024-06-24,61.0,42.0,16.0,13.0,6.0,7.0,"Chakala-Andheri East, Mumbai"
2024-06-25,65.0,32.0,16.0,12.0,7.0,7.0,"Chakala-Andheri East, Mumbai"
2024-06-26,60.0,24.0,11.0,10.0,2.0,7.0,"Chakala-Andheri East, Mumbai"
2024-06-27,53.0,38.0,11.0,10.0,3.0,7.0,"Chakala-Andheri East, Mumbai"
2024-06-28,62.0,53.0,8.0,9.0,3.0,7.0,"Chakala-Andheri East, Mumbai"
2024-06-29,72.0,57.0,8.0,10.0,1.0,7.0,"Chakala-Andheri East, Mumbai"
2024-06-30,81.0,58.0,9.0,10.0,3.0,7.0,"Chakala-Andheri East, Mumbai"
2024-07-01,85.0,59.0,9.0,11.0,3.0,7.0,"Chakala-Andheri East, Mumbai"
2024-07-02,77.0,51.0,74.0,11.0,5.0,7.0,"Chakala-Andheri East, Mumbai"
2024-07-03,79.0,43.0,6.0,9.0,5.0,7.0,"Chakala-Andheri East, Mumbai"
2024-07-04,86.0,38.0,5.0,7.0,3.0,7.0,"Chakala-Andheri East, Mumbai"
2024-07-05,82.0,54.0,6.0,9.0,3.0,7.0,"Chakala-Andheri East, Mumbai"
2024-07-06,88.0,51.0,6.0,7.0,3.0,7.0,"Chakala-Andheri East, Mumbai"
2024-07-07,98.0,75.0,4.0,10.0,1.0,7.0,"Chakala-Andheri East, Mumbai"
2024-07-08,112.0,75.10931174089069,4.0,15.0,6.0,7.0,"Chakala-Andheri East, Mumbai"
2024-07-10,112.41295546558705,75.32793522267207,3.0,23.0,4.0,7.0,"Chakala-Andheri East, Mumbai"
2024-07-11,112.61943319838056,75.43724696356276,4.0,18.0,3.0,7.0,"Chakala-Andheri East, Mumbai"
2024-07-12,112.82591093117409,38.0,4.0,16.0,1.0,7.0,"Chakala-Andheri East, Mumbai"
2024-07-13,57.5,38.0,4.0,13.0,4.0,7.0,"Chakala-Andheri East, Mumbai"
2024-07-14,57.5,38.0,3.0,11.0,3.0,7.0,"Chakala-Andheri East, Mumbai"
2024-07-15,57.5,38.0,3.0,15.0,3.0,7.0,"Chakala-Andheri East, Mumbai"
2024-07-16,57.5,38.0,5.0,16.0,1.0,7.0,"Chakala-Andheri East, Mumbai"
2024-07-17,57.5,38.0,4.0,14.0,2.5,7.0,"Chakala-Andheri East, Mumbai"
2024-07-18,57.5,38.0,5.0,12.0,4.0,7.0,"Chakala-Andheri East, Mumbai"
2024-07-19,57.5,38.0,5.0,12.0,3.0,7.0,"Chakala-Andheri East, Mumbai"
2024-07-20,57.5,38.0,4.0,11.0,3.0,7.0,"Chakala-Andheri East, Mumbai"
2024-07-21,57.5,38.0,5.0,10.0,2.0,7.0,"Chakala-Andheri East, Mumbai"
2024-07-22,57.5,38.0,5.0,11.0,2.5,7.0,"Chakala-Andheri East, Mumbai"
2024-07-23,57.5,38.0,4.0,10.0,3.0,7.0,"Chakala-Andheri East, Mumbai"
2024-07-24,57.5,38.0,5.0,9.0,2.0,7.0,"Chakala-Andheri East, Mumbai"
2024-07-25,57.5,38.0,2.0,9.0,3.0,7.0,"Chakala-Andheri East, Mumbai"
2024-07-26,57.5,38.0,3.0,9.0,1.0,7.0,"Chakala-Andheri East, Mumbai"
2024-07-27,57.5,38.0,3.0,8.0,2.0,7.0,"Chakala-Andheri East, Mumbai"
2024-07-28,57.5,38.0,3.0,8.0,2.0,7.0,"Chakala-Andheri East, Mumbai"
2024-07-29,57.5,38.0,3.0,8.0,2.0,7.0,"Chakala-Andheri East, Mumbai"
2024-07-30,57.5,38.0,3.0,9.0,3.0,7.0,"Chakala-Andheri East, Mumbai"
2024-07-31,57.5,38.0,4.0,10.0,4.0,7.0,"Chakala-Andheri East, Mumbai"
2024-08-01,51.5,27.0,3.0,9.0,3.0,9.0,"Chakala-Andheri East, Mumbai"
2024-08-02,51.5,27.0,4.0,8.0,2.0,9.0,"Chakala-Andheri East, Mumbai"
2024-08-03,51.5,27.0,3.0,8.0,1.0,9.0,"Chakala-Andheri East, Mumbai"
2024-08-04,51.5,27.0,3.0,8.0,2.0,9.0,"Chakala-Andheri East, Mumbai"
2024-08-05,51.5,27.0,3.0,8.0,6.0,9.0,"Chakala-Andheri East, Mumbai"
2024-08-06,51.5,27.0,3.0,9.0,3.0,9.0,"Chakala-Andheri East, Mumbai"
2024-08-07,51.5,27.0,3.0,8.0,5.0,9.0,"Chakala-Andheri East, Mumbai"
2024-08-08,51.5,27.0,19.0,8.0,1.0,9.0,"Chakala-Andheri East, Mumbai"
2024-08-09,51.5,27.0,3.0,9.0,1.1538461538461537,9.0,"Chakala-Andheri East, Mumbai"
2024-08-10,51.5,27.0,3.0,9.0,1.3076923076923077,9.0,"Chakala-Andheri East, Mumbai"
2024-08-11,51.5,27.0,3.0,9.0,1.4615384615384615,9.0,"Chakala-Andheri East, Mumbai"
2024-08-12,51.5,27.0,3.0,9.0,4.0,9.0,"Chakala-Andheri East, Mumbai"
2024-08-13,51.5,27.0,3.0,10.0,4.0,9.0,"Chakala-Andheri East, Mumbai"
2024-08-14,51.5,27.0,3.0,9.0,4.0,9.0,"Chakala-Andheri East, Mumbai"
2024-08-15,51.5,27.0,4.0,8.0,4.0,9.0,"Chakala-Andheri East, Mumbai"
2024-08-16,51.5,27.0,4.0,9.0,4.0,9.0,"Chakala-Andheri East, Mumbai"
2024-08-17,51.5,27.0,4.0,10.0,4.0,9.0,"Chakala-Andheri East, Mumbai"
2024-08-18,51.5,27.0,3.0,11.0,4.0,9.0,"Chakala-Andheri East, Mumbai"
2024-08-19,51.5,27.0,4.0,12.0,4.0,9.0,"Chakala-Andheri East, Mumbai"
2024-08-20,51.5,27.0,37.0,12.0,4.0,9.0,"Chakala-Andheri East, Mumbai"
2024-08-21,51.5,27.0,8.0,11.0,3.0,9.0,"Chakala-Andheri East, Mumbai"
2024-08-22,51.5,27.0,3.0,10.0,2.9310344827586206,9.0,"Chakala-Andheri East, Mumbai"
2024-08-23,51.5,27.0,3.0,8.0,2.8620689655172415,9.0,"Chakala-Andheri East, Mumbai"
2024-08-24,51.5,27.0,3.0,6.0,2.793103448275862,9.0,"Chakala-Andheri East, Mumbai"
2024-08-25,51.5,27.0,4.0,7.0,4.0,9.0,"Chakala-Andheri East, Mumbai"
2024-08-26,51.5,27.0,4.0,6.0,4.0,9.0,"Chakala-Andheri East, Mumbai"
2024-08-27,51.5,27.0,3.0,7.0,4.0,9.0,"Chakala-Andheri East, Mumbai"
2024-08-28,51.5,27.0,3.0,7.0,4.0,9.0,"Chakala-Andheri East, Mumbai"
2024-08-29,51.5,27.0,16.0,7.0,4.0,9.0,"Chakala-Andheri East, Mumbai"
2024-08-30,51.5,27.0,4.0,4.0,4.0,9.0,"Chakala-Andheri East, Mumbai"
2024-08-31,51.5,27.0,3.0,4.0,4.0,9.0,"Chakala-Andheri East, Mumbai"
2024-09-01,67.0,47.0,2.0,3.0,3.0,8.0,"Chakala-Andheri East, Mumbai"
2024-09-02,67.0,47.0,4.0,4.0,3.0,8.0,"Chakala-Andheri East, Mumbai"
2024-09-03,67.0,47.0,4.0,3.0,3.0,8.0,"Chakala-Andheri East, Mumbai"
2024-09-04,67.0,47.0,2.0,4.0,3.0,8.0,"Chakala-Andheri East, Mumbai"
2024-09-05,67.0,47.0,3.0,4.0,3.0,8.0,"Chakala-Andheri East, Mumbai"
2024-09-06,67.0,47.0,4.0,4.0,3.0,8.0,"Chakala-Andheri East, Mumbai"
2024-09-07,67.0,47.0,4.0,3.0,3.0,8.0,"Chakala-Andheri East, Mumbai"
2024-09-08,67.0,47.0,3.0,4.0,3.0,8.0,"Chakala-Andheri East, Mumbai"
2024-09-09,67.0,47.0,4.0,3.0,3.0,8.0,"Chakala-Andheri East, Mumbai"
2024-09-11,67.0,47.0,3.0,5.0,3.0,8.0,"Chakala-Andheri East, Mumbai"
2024-09-15,67.0,47.0,5.0,8.333333333333334,3.0,8.0,"Chakala-Andheri East, Mumbai"
2024-09-16,67.0,47.0,4.0,9.166666666666668,3.0,8.0,"Chakala-Andheri East, Mumbai"
2024-09-17,67.0,47.0,7.0,10.0,3.0,8.0,"Chakala-Andheri East, Mumbai"
2024-09-18,67.0,47.0,6.0,9.0,3.0,8.0,"Chakala-Andheri East, Mumbai"
2024-09-19,67.0,47.0,3.0,9.0,1.0,8.0,"Chakala-Andheri East, Mumbai"
2024-09-20,67.0,47.0,2.0,8.0,1.2142857142857142,8.0,"Chakala-Andheri East, Mumbai"
2024-09-21,67.0,47.0,1.0,7.0,1.4285714285714286,8.0,"Chakala-Andheri East, Mumbai"
2024-09-22,67.0,47.0,1.0,7.0,1.6428571428571428,8.0,"Chakala-Andheri East, Mumbai"
2024-09-23,67.0,47.0,1.0,8.0,3.0,8.0,"Chakala-Andheri East, Mumbai"
2024-09-24,67.0,47.0,1.0,8.0,3.0,8.0,"Chakala-Andheri East, Mumbai"
2024-09-25,67.0,47.0,2.0,9.0,3.0,8.0,"Chakala-Andheri East, Mumbai"
2024-09-26,67.0,47.0,1.0,6.0,3.0,8.0,"Chakala-Andheri East, Mumbai"
2024-09-27,67.0,47.0,1.0,5.0,3.0,8.0,"Chakala-Andheri East, Mumbai"
2024-09-28,67.0,47.0,2.0,6.0,3.0,8.0,"Chakala-Andheri East, Mumbai"
2024-09-29,67.0,47.0,23.0,8.0,3.0,8.0,"Chakala-Andheri East, Mumbai"
2024-09-30,67.0,47.0,9.0,10.0,3.0,8.0,"Chakala-Andheri East, Mumbai"
2024-10-01,122.0,61.0,11.0,9.0,5.0,9.0,"Chakala-Andheri East, Mumbai"
2024-10-02,122.0,61.0,30.0,7.0,5.0,9.0,"Chakala-Andheri East, Mumbai"
2024-10-03,122.0,61.0,17.0,6.0,4.0,9.0,"Chakala-Andheri East, Mumbai"
2024-10-04,122.0,61.0,17.0,7.0,6.222222222222221,9.0,"Chakala-Andheri East, Mumbai"
2024-10-05,122.0,61.0,1.0,9.0,8.444444444444443,9.0,"Chakala-Andheri East, Mumbai"
2024-10-06,122.0,61.0,35.0,13.0,10.666666666666666,9.0,"Chakala-Andheri East, Mumbai"
2024-10-07,122.0,61.0,57.0,11.0,5.0,9.0,"Chakala-Andheri East, Mumbai"
2024-10-08,122.0,61.0,46.0,9.0,5.0,9.0,"Chakala-Andheri East, Mumbai"
2024-10-09,122.0,61.0,19.0,7.0,5.0,9.0,"Chakala-Andheri East, Mumbai"
2024-10-10,122.0,61.0,27.0,7.0,5.0,9.0,"Chakala-Andheri East, Mumbai"
2024-10-11,122.0,61.0,46.0,71.0,5.0,9.0,"Chakala-Andheri East, Mumbai"
2024-10-12,122.0,61.0,71.0,38.5,5.0,9.0,"Chakala-Andheri East, Mumbai"
2024-10-13,122.0,61.0,63.5,6.0,5.0,9.0,"Chakala-Andheri East, Mumbai"
2024-10-14,122.0,61.0,56.0,4.0,5.0,9.0,"Chakala-Andheri East, Mumbai"
2024-10-15,122.0,61.0,56.0,7.0,5.0,9.0,"Chakala-Andheri East, Mumbai"
2024-10-16,122.0,61.0,45.0,26.0,5.0,9.0,"Chakala-Andheri East, Mumbai"
2024-10-17,122.0,61.0,28.0,20.0,5.0,9.0,"Chakala-Andheri East, Mumbai"
2024-10-18,122.0,61.0,34.0,16.0,5.0,9.0,"Chakala-Andheri East, Mumbai"
2024-10-19,122.0,61.0,14.0,18.0,5.0,9.0,"Chakala-Andheri East, Mumbai"
2024-10-20,122.0,61.0,63.0,14.0,5.0,9.0,"Chakala-Andheri East, Mumbai"
2024-10-21,122.0,61.0,41.0,10.0,44.0,9.0,"Chakala-Andheri East, Mumbai"
2024-10-22,122.0,61.0,61.0,8.0,23.0,9.0,"Chakala-Andheri East, Mumbai"
2024-10-23,122.0,61.0,37.0,33.0,2.0,9.0,"Chakala-Andheri East, Mumbai"
2024-10-24,122.0,61.0,41.0,16.0,3.0,11.0,"Chakala-Andheri East, Mumbai"
2024-10-25,122.0,61.0,44.0,15.0,4.0,11.0,"Chakala-Andheri East, Mumbai"
2024-10-26,122.0,61.0,40.0,14.0,2.0,11.0,"Chakala-Andheri East, Mumbai"
2024-10-27,122.0,61.0,65.0,12.0,1.0,11.0,"Chakala-Andheri East, Mumbai"
2024-10-28,122.0,61.0,38.0,8.0,2.0,9.0,"Chakala-Andheri East, Mumbai"
2024-10-29,122.0,61.0,31.0,6.0,3.0,9.0,"Chakala-Andheri East, Mumbai"
2024-10-30,122.0,61.0,45.0,7.0,3.0,9.0,"Chakala-Andheri East, Mumbai"
2024-10-31,122.0,61.0,47.0,7.0,5.0,9.0,"Chakala-Andheri East, Mumbai"
2024-11-01,155.0,83.5,43.0,7.0,4.0,11.0,"Chakala-Andheri East, Mumbai"
2024-11-02,155.0,83.5,43.0,6.0,1.0,11.0,"Chakala-Andheri East, Mumbai"
2024-11-03,155.0,83.5,53.0,7.0,1.0,11.0,"Chakala-Andheri East, Mumbai"
2024-11-04,155.0,83.5,39.0,7.0,2.0,11.0,"Chakala-Andheri East, Mumbai"
2024-11-05,155.0,83.5,40.0,7.0,3.0,11.0,"Chakala-Andheri East, Mumbai"
2024-11-06,155.0,83.5,45.0,6.0,2.0,11.0,"Chakala-Andheri East, Mumbai"
2024-11-07,155.0,83.5,48.0,6.0,1.0,11.0,"Chakala-Andheri East, Mumbai"
2024-11-08,155.0,83.5,45.0,2.0,3.0,11.0,"Chakala-Andheri East, Mumbai"
2024-11-09,155.0,83.5,42.0,7.0,5.0,11.0,"Chakala-Andheri East, Mumbai"
2024-11-10,155.0,83.5,45.0,12.0,6.0,11.0,"Chakala-Andheri East, Mumbai"
2024-11-11,155.0,83.5,68.0,17.0,1.0,11.0,"Chakala-Andheri East, Mumbai"
2024-11-12,155.0,83.5,45.0,31.0,1.0,11.0,"Chakala-Andheri East, Mumbai"
2024-11-13,155.0,83.5,49.0,22.0,1.0,11.0,"Chakala-Andheri East, Mumbai"
2024-11-14,155.0,83.5,45.0,10.0,1.5,11.0,"Chakala-Andheri East, Mumbai"
2024-11-15,155.0,83.5,47.0,9.0,2.0,11.0,"Chakala-Andheri East, Mumbai"
2024-11-16,155.0,83.5,52.0,8.0,1.0,11.0,"Chakala-Andheri East, Mumbai"
2024-11-17,155.0,83.5,60.0,9.0,1.0,11.0,"Chakala-Andheri East, Mumbai"
2024-11-18,155.0,83.5,38.0,8.0,1.0,11.0,"Chakala-Andheri East, Mumbai"
2024-11-19,155.0,83.5,54.0,7.0,1.0,11.0,"Chakala-Andheri East, Mumbai"
2024-11-20,155.0,83.5,71.0,5.0,1.0,11.0,"Chakala-Andheri East, Mumbai"
2024-11-21,155.0,83.5,64.0,2.0,1.0,11.0,"Chakala-Andheri East, Mumbai"
2024-11-22,155.0,83.5,76.0,1.0,1.0,11.0,"Chakala-Andheri East, Mumbai"
2024-11-23,155.0,83.5,85.0,1.0,1.0,11.0,"Chakala-Andheri East, Mumbai"
2024-11-24,155.0,83.5,77.0,2.0,3.0,11.0,"Chakala-Andheri East, Mumbai"
2024-11-25,155.0,83.5,54.0,10.0,1.0,11.0,"Chakala-Andheri East, Mumbai"
2024-11-26,155.0,83.5,46.0,10.0,2.0,11.0,"Chakala-Andheri East, Mumbai"
2024-11-27,155.0,83.5,49.0,21.0,4.0,11.0,"Chakala-Andheri East, Mumbai"
2024-11-28,155.0,83.5,47.0,32.0,3.5,11.0,"Chakala-Andheri East, Mumbai"
2024-11-29,155.0,83.5,44.0,19.0,3.0,11.0,"Chakala-Andheri East, Mumbai"
2024-11-30,155.0,83.5,63.0,17.0,2.0,11.0,"Chakala-Andheri East, Mumbai"
2024-12-01,153.0,85.0,64.0,16.666666666666668,1.75,12.0,"Chakala-Andheri East, Mumbai"
2024-12-03,153.0,85.0,67.33333333333333,16.0,1.25,12.0,"Chakala-Andheri East, Mumbai"
2024-12-04,153.0,85.0,69.0,16.0,1.0,12.0,"Chakala-Andheri East, Mumbai"
2024-12-05,153.0,85.0,74.0,26.0,2.0,12.0,"Chakala-Andheri East, Mumbai"
2024-12-06,153.0,85.0,43.0,33.0,2.0,12.0,"Chakala-Andheri East, Mumbai"
2024-12-07,153.0,85.0,46.0,30.0,4.0,12.0,"Chakala-Andheri East, Mumbai"
2024-12-08,153.0,85.0,47.0,32.0,3.0,12.0,"Chakala-Andheri East, Mumbai"
2024-12-09,153.0,85.0,32.0,26.0,3.0,12.0,"Chakala-Andheri East, Mumbai"
2024-12-10,153.0,85.0,46.0,28.0,2.0,12.0,"Chakala-Andheri East, Mumbai"
2024-12-11,153.0,85.0,54.0,32.0,2.0,12.0,"Chakala-Andheri East, Mumbai"
2024-12-12,153.0,85.0,42.0,24.0,2.0,12.0,"Chakala-Andheri East, Mumbai"
2024-12-13,153.0,85.0,41.0,22.0,2.0,12.0,"Chakala-Andheri East, Mumbai"
2024-12-14,153.0,85.0,53.0,24.0,4.0,12.0,"Chakala-Andheri East, Mumbai"
2024-12-15,153.0,85.0,57.0,30.0,5.0,12.0,"Chakala-Andheri East, Mumbai"
2024-12-16,153.0,85.0,46.0,34.0,1.0,12.0,"Chakala-Andheri East, Mumbai"
2024-12-17,153.0,85.0,49.0,32.0,3.0,12.0,"Chakala-Andheri East, Mumbai"
2024-12-18,153.0,85.0,55.0,33.0,1.0,12.0,"Chakala-Andheri East, Mumbai"
2024-12-19,153.0,85.0,61.0,26.0,3.0,12.0,"Chakala-Andheri East, Mumbai"
2024-12-20,153.0,85.0,47.0,22.0,3.0,12.0,"Chakala-Andheri East, Mumbai"
2024-12-21,153.0,85.0,50.0,21.0,10.0,12.0,"Chakala-Andheri East, Mumbai"
2024-12-22,153.0,85.0,32.0,29.0,4.0,12.0,"Chakala-Andheri East, Mumbai"
2024-12-23,153.0,85.0,29.0,30.0,16.0,12.0,"Chakala-Andheri East, Mumbai"
2024-12-24,153.0,85.0,34.0,26.0,17.0,12.0,"Chakala-Andheri East, Mumbai"
2024-12-25,153.0,85.0,41.0,25.0,14.0,12.0,"Chakala-Andheri East, Mumbai"
2024-12-26,153.0,85.0,34.0,22.0,21.0,12.0,"Chakala-Andheri East, Mumbai"
2024-12-27,153.0,85.0,27.0,21.0,8.0,12.0,"Chakala-Andheri East, Mumbai"
2024-12-28,153.0,85.0,32.0,19.0,18.0,12.0,"Chakala-Andheri East, Mumbai"
2024-12-29,153.0,85.0,31.0,18.75,14.5,12.0,"Chakala-Andheri East, Mumbai"
2025-01-01,160.5,94.5,31.75,18.0,4.0,11.0,"Chakala-Andheri East, Mumbai"
2025-01-02,160.5,94.5,32.0,16.0,4.0,11.0,"Chakala-Andheri East, Mumbai"
2025-01-03,160.5,94.5,48.0,12.0,4.0,11.0,"Chakala-Andheri East, Mumbai"
2025-01-06,160.5,94.5,31.0,19.0,2.5,11.0,"Chakala-Andheri East, Mumbai"
2025-01-07,160.5,94.5,36.0,26.0,2.0,11.0,"Chakala-Andheri East, Mumbai"
2025-01-08,160.5,94.5,33.0,22.0,6.0,11.0,"Chakala-Andheri East, Mumbai"
2025-01-09,160.5,94.5,45.0,20.0,3.0,11.0,"Chakala-Andheri East, Mumbai"
2025-01-10,160.5,94.5,32.0,24.0,4.0,11.0,"Chakala-Andheri East, Mumbai"
2025-01-13,160.5,94.5,20.0,23.0,6.0,11.0,"Chakala-Andheri East, Mumbai"
2025-01-14,160.5,94.5,31.0,18.0,9.0,11.0,"Chakala-Andheri East, Mumbai"
2025-01-15,160.5,94.5,24.0,29.0,5.0,11.0,"Chakala-Andheri East, Mumbai"
2025-01-16,160.5,94.5,25.0,40.0,2.0,11.0,"Chakala-Andheri East, Mumbai"
2025-01-17,160.5,94.5,23.0,24.0,3.0,11.0,"Chakala-Andheri East, Mumbai"
2025-01-18,160.5,94.5,27.0,20.0,3.0,11.0,"Chakala-Andheri East, Mumbai"
2025-01-19,160.5,94.5,37.0,21.0,7.0,11.0,"Chakala-Andheri East, Mumbai"
2025-01-20,160.5,94.5,35.0,24.0,5.0,11.0,"Chakala-Andheri East, Mumbai"
2025-01-21,160.5,94.5,38.0,25.0,2.0,11.0,"Chakala-Andheri East, Mumbai"
2025-01-22,160.5,94.5,27.0,28.0,1.0,11.0,"Chakala-Andheri East, Mumbai"
2025-01-23,160.5,94.5,43.0,24.0,4.0,11.0,"Chakala-Andheri East, Mumbai"
2025-01-24,160.5,94.5,67.0,25.0,4.0,11.0,"Chakala-Andheri East, Mumbai"
2025-01-25,160.5,94.5,71.0,24.0,2.0,11.0,"Chakala-Andheri East, Mumbai"
2025-01-26,160.5,94.5,75.0,23.0,1.0,11.0,"Chakala-Andheri East, Mumbai"
2025-01-27,160.5,94.5,79.0,24.0,6.0,11.0,"Chakala-Andheri East, Mumbai"
2025-01-28,160.5,94.5,79.0,23.0,5.0,11.0,"Chakala-Andheri East, Mumbai"
2025-01-29,160.5,94.5,46.0,22.0,7.0,11.0,"Chakala-Andheri East, Mumbai"
2025-01-30,160.5,94.5,69.0,25.0,3.0,11.0,"Chakala-Andheri East, Mumbai"
2025-01-31,160.5,94.5,27.0,18.0,3.0,11.0,"Chakala-Andheri East, Mumbai"
2025-02-01,160.5,97.0,58.0,18.0,3.0,13.0,"Chakala-Andheri East, Mumbai"
2025-02-02,160.5,97.0,59.0,19.0,6.0,13.0,"Chakala-Andheri East, Mumbai"
2025-02-03,160.5,97.0,46.0,22.0,5.0,13.0,"Chakala-Andheri East, Mumbai"
2025-02-04,160.5,97.0,42.0,20.0,4.0,13.0,"Chakala-Andheri East, Mumbai"
2025-02-05,160.5,97.0,49.0,19.0,4.0,13.0,"Chakala-Andheri East, Mumbai"
2025-02-06,160.5,97.0,60.0,23.0,6.0,13.0,"Chakala-Andheri East, Mumbai"
2025-02-07,160.5,97.0,90.0,23.0,6.0,13.0,"Chakala-Andheri East, Mumbai"
2025-02-08,160.5,97.0,83.0,23.0,5.0,13.0,"Chakala-Andheri East, Mumbai"
2025-02-09,160.5,97.0,70.0,22.0,2.0,13.0,"Chakala-Andheri East, Mumbai"
2025-02-10,160.5,97.0,43.0,23.0,2.0,13.0,"Chakala-Andheri East, Mumbai"
2025-02-11,160.5,97.0,52.0,21.0,3.0,13.0,"Chakala-Andheri East, Mumbai"
2025-02-12,160.5,97.0,51.0,20.0,5.0,13.0,"Chakala-Andheri East, Mumbai"
2025-02-13,160.5,97.0,56.0,38.0,47.0,13.0,"Chakala-Andheri East, Mumbai"
2025-02-14,160.5,97.0,1.0,57.5,1.0,13.0,"Chakala-Andheri East, Mumbai"
2025-02-15,160.5,97.0,7.0,77.0,7.0,13.0,"Chakala-Andheri East, Mumbai"
2025-02-16,160.5,97.0,69.0,56.0,3.0,13.0,"Chakala-Andheri East, Mumbai"
2025-02-17,160.5,97.0,47.0,55.0,4.0,13.0,"Chakala-Andheri East, Mumbai"
2025-02-18,160.5,97.0,62.0,63.0,11.0,13.0,"Chakala-Andheri East, Mumbai"
2025-02-19,160.5,97.0,47.0,66.0,3.0,13.0,"Chakala-Andheri East, Mumbai"
2025-02-20,160.5,97.0,32.0,60.0,14.0,13.0,"Chakala-Andheri East, Mumbai"
2025-02-21,160.5,97.0,41.0,60.0,6.0,13.0,"Chakala-Andheri East, Mumbai"
2025-02-22,160.5,97.0,74.0,55.0,3.0,13.0,"Chakala-Andheri East, Mumbai"
2025-02-23,160.5,97.0,60.0,56.0,6.0,13.0,"Chakala-Andheri East, Mumbai"
2025-02-24,160.5,97.0,57.0,55.0,3.0,13.0,"Chakala-Andheri East, Mumbai"
2025-02-25,160.5,97.0,79.0,56.0,7.0,13.0,"Chakala-Andheri East, Mumbai"
2025-02-26,160.5,97.0,71.33333333333333,55.0,1.0,13.0,"Chakala-Andheri East, Mumbai"
2025-02-27,160.5,97.0,63.666666666666664,60.0,5.0,13.0,"Chakala-Andheri East, Mumbai"
2025-02-28,160.5,97.0,56.0,71.0,4.0,13.0,"Chakala-Andheri East, Mumbai"
2025-03-01,127.0,88.5,61.0,50.0,7.0,7.0,"Chakala-Andheri East, Mumbai"
2025-03-02,127.0,88.5,54.0,48.0,1.0,7.0,"Chakala-Andheri East, Mumbai"
2025-03-03,127.0,88.5,53.0,53.0,2.0,7.0,"Chakala-Andheri East, Mumbai"
2025-03-04,127.0,88.5,39.0,54.0,5.0,7.0,"Chakala-Andheri East, Mumbai"
2025-03-05,127.0,88.5,46.0,52.0,4.0,7.0,"Chakala-Andheri East, Mumbai"
2025-03-06,127.0,88.5,61.0,56.0,3.0,7.0,"Chakala-Andheri East, Mumbai"
2025-03-07,127.0,88.5,73.0,74.0,5.0,7.0,"Chakala-Andheri East, Mumbai"
2025-03-08,127.0,88.5,79.0,67.0,12.0,7.0,"Chakala-Andheri East, Mumbai"
2025-03-09,127.0,88.5,49.0,52.0,3.0,7.0,"Chakala-Andheri East, Mumbai"
2025-03-10,127.0,88.5,58.0,64.0,10.0,7.0,"Chakala-Andheri East, Mumbai"
2025-03-11,127.0,102.0,67.0,78.0,10.0,7.0,"Chakala-Andheri East, Mumbai"
2025-03-12,163.0,112.0,49.0,24.0,5.0,7.0,"Chakala-Andheri East, Mumbai"
2025-03-13,163.0,105.0,67.0,16.0,4.666666666666667,7.0,"Chakala-Andheri East, Mumbai"
2025-03-14,161.0,76.0,62.0,3.0,4.333333333333333,7.0,"Chakala-Andheri East, Mumbai"
2025-03-15,95.0,103.0,36.0,5.0,4.0,7.0,"Chakala-Andheri East, Mumbai"
2025-03-16,109.0,95.0,40.0,6.0,2.0,7.0,"Chakala-Andheri East, Mumbai"
2025-03-17,122.0,94.0,54.0,10.727272727272727,1.0,7.0,"Chakala-Andheri East, Mumbai"
2025-03-18,99.0,81.0,36.0,15.454545454545455,4.0,7.0,"Chakala-Andheri East, Mumbai"
2025-03-19,105.0,93.0,45.0,20.18181818181818,3.0,7.0,"Chakala-Andheri East, Mumbai"
2025-03-20,111.0,87.0,51.0,22.0,4.0,7.0,"Chakala-Andheri East, Mumbai"
2025-03-21,103.0,90.0,19.0,22.0,2.5,7.0,"Chakala-Andheri East, Mumbai"
2025-03-22,80.0,105.0,33.0,22.0,1.0,7.0,"Chakala-Andheri East, Mumbai"
2025-03-23,114.0,87.0,60.0,22.0,1.5,7.0,"Chakala-Andheri East, Mumbai"
2025-03-24,131.0,95.0,44.0,22.0,2.0,7.0,"Chakala-Andheri East, Mumbai"
2025-03-25,127.0,65.0,31.0,22.0,2.5,7.0,"Chakala-Andheri East, Mumbai"
2025-03-26,91.0,62.0,27.0,22.0,3.0,7.0,"Chakala-Andheri East, Mumbai"
2025-03-27,65.0,96.0,17.0,58.0,1.0,7.0,"Chakala-Andheri East, Mumbai"
2025-03-28,95.0,148.0,43.0,1.0,6.0,7.0,"Chakala-Andheri East, Mumbai"
2025-03-29,147.0,140.0,83.0,5.142857142857143,3.0,7.0,"Chakala-Andheri East, Mumbai"
2025-03-30,142.0,124.0,84.0,9.285714285714286,3.0,7.0,"Chakala-Andheri East, Mumbai"
2025-03-31,122.0,109.0,66.0,13.428571428571429,3.0,7.0,"Chakala-Andheri East, Mumbai"
2025-04-01,130.0,114.0,42.0,11.0,3.0,8.0,"Chakala-Andheri East, Mumbai"
2025-04-02,155.0,94.0,82.0,11.0,2.0,8.0,"Chakala-Andheri East, Mumbai"
2025-04-03,138.0,110.0,29.0,11.0,1.0,8.0,"Chakala-Andheri East, Mumbai"
2025-04-04,102.0,105.0,26.0,30.0,1.0,8.0,"Chakala-Andheri East, Mumbai"
2025-04-05,131.0,95.0,37.0,30.0,1.0,8.0,"Chakala-Andheri East, Mumbai"
2025-04-06,117.0,89.0,41.0,24.0,2.5,8.0,"Chakala-Andheri East, Mumbai"
2025-04-07,118.0,92.0,75.0,31.0,4.0,8.0,"Chakala-Andheri East, Mumbai"
2025-04-08,128.0,83.0,46.0,21.0,3.5,8.0,"Chakala-Andheri East, Mumbai"
2025-04-09,110.0,64.0,31.0,15.0,3.0,8.0,"Chakala-Andheri East, Mumbai"
2025-04-10,81.0,88.0,24.0,13.0,7.0,8.0,"Chakala-Andheri East, Mumbai"
2025-04-11,95.0,74.0,26.0,13.0,1.0,8.0,"Chakala-Andheri East, Mumbai"
2025-04-12,80.0,87.0,27.0,15.0,3.0,8.0,"Chakala-Andheri East, Mumbai"
2025-04-13,82.0,79.0,40.0,17.0,3.0,8.0,"Chakala-Andheri East, Mumbai"
2025-04-14,92.0,98.0,27.0,20.0,4.0,8.0,"Chakala-Andheri East, Mumbai"
2025-04-15,98.0,86.0,21.0,12.0,10.0,8.0,"Chakala-Andheri East, Mumbai"
2025-04-16,77.0,62.0,25.0,13.0,8.0,8.0,"Chakala-Andheri East, Mumbai"
2025-04-17,73.0,58.0,30.0,13.0,9.0,8.0,"Chakala-Andheri East, Mumbai"
2025-04-18,64.0,56.0,28.0,13.0,25.0,8.0,"Chakala-Andheri East, Mumbai"
2025-04-19,65.0,56.54545454545455,29.363636363636363,12.636363636363637,22.90909090909091,8.0,"Chakala-Andheri East, Mumbai"
2025-04-29,83.18181818181819,62.0,43.0,9.0,2.0,8.0,"Chakala-Andheri East, Mumbai"
2025-04-30,85.0,62.0,21.0,6.0,23.0,8.0,"Chakala-Andheri East, Mumbai"
2025-05-01,69.0,66.0,27.0,6.0,6.0,2.7142857142857144,"Chakala-Andheri East, Mumbai"
2025-05-02,73.0,119.0,21.0,5.0,9.0,2.7142857142857144,"Chakala-Andheri East, Mumbai"
2025-05-03,65.0,64.0,21.0,5.0,20.0,2.7142857142857144,"Chakala-Andheri East, Mumbai"
2025-05-04,65.0,74.0,17.0,5.0,2.0,2.7142857142857144,"Chakala-Andheri East, Mumbai"
2025-05-05,78.0,66.0,33.0,6.0,68.0,2.7142857142857144,"Chakala-Andheri East, Mumbai"
2025-05-06,72.0,56.0,17.0,19.0,5.0,2.7142857142857144,"Chakala-Andheri East, Mumbai"
2025-05-07,70.0,45.0,29.0,17.0,1.0,2.7142857142857144,"Chakala-Andheri East, Mumbai"
2025-05-08,59.0,49.0,25.0,19.0,2.0,2.7142857142857144,"Chakala-Andheri East, Mumbai"
2025-05-09,51.0,50.0,27.0,29.0,3.0,2.7142857142857144,"Chakala-Andheri East, Mumbai"
2025-05-10,51.0,56.0,39.0,24.0,1.0,2.7142857142857144,"Chakala-Andheri East, Mumbai"
2025-05-11,55.0,39.0,19.0,23.0,1.0,2.7142857142857144,"Chakala-Andheri East, Mumbai"
2025-05-12,54.0,59.0,19.0,25.0,2.0,2.7142857142857144,"Chakala-Andheri East, Mumbai"
2025-05-13,65.0,86.0,21.0,31.0,5.0,2.7142857142857144,"Chakala-Andheri East, Mumbai"
2025-05-14,111.0,77.0,25.0,31.0,2.0,2.7142857142857144,"Chakala-Andheri East, Mumbai"
2025-05-15,100.0,62.0,16.0,15.0,2.0,2.7142857142857144,"Chakala-Andheri East, Mumbai"
2025-05-16,65.0,57.0,14.0,17.0,1.5,2.7142857142857144,"Chakala-Andheri East, Mumbai"
2025-05-17,63.0,57.0,18.0,16.0,1.0,2.7142857142857144,"Chakala-Andheri East, Mumbai"
2025-05-18,56.0,58.0,16.0,16.0,2.5,2.7142857142857144,"Chakala-Andheri East, Mumbai"
2025-05-19,59.0,49.0,16.0,31.0,4.0,2.7142857142857144,"Chakala-Andheri East, Mumbai"
2025-05-20,62.0,47.0,33.0,34.0,1.0,2.7142857142857144,"Chakala-Andheri East, Mumbai"
2025-05-21,67.0,43.0,7.0,31.0,1.103448275862069,2.7142857142857144,"Chakala-Andheri East, Mumbai"
2025-05-22,62.0,71.0,5.0,41.0,1.206896551724138,2.7142857142857144,"Chakala-Andheri East, Mumbai"
2025-05-23,102.0,79.0,6.0,42.0,1.3103448275862069,2.7142857142857144,"Chakala-Andheri East, Mumbai"
2025-05-24,113.0,54.0,4.333333333333333,32.0,3.0,2.7142857142857144,"Chakala-Andheri East, Mumbai"
2025-05-25,83.0,45.0,2.6666666666666665,24.0,3.0,2.7142857142857144,"Chakala-Andheri East, Mumbai"
2025-05-26,94.0,38.0,1.0,31.0,3.0,2.7142857142857144,"Chakala-Andheri East, Mumbai"
2025-05-27,67.0,55.0,82.0,46.0,3.0,2.7142857142857144,"Chakala-Andheri East, Mumbai"
2025-05-28,79.0,69.0,1.0,27.0,3.0,2.7142857142857144,"Chakala-Andheri East, Mumbai"
2025-05-29,85.0,71.0,20.0,13.0,3.0,2.7142857142857144,"Chakala-Andheri East, Mumbai"
2025-05-30,70.0,65.0,5.0,15.0,3.0,2.7142857142857144,"Chakala-Andheri East, Mumbai"
2025-05-31,67.0,51.0,4.0,19.0,3.0,2.7142857142857144,"Chakala-Andheri East, Mumbai"
2025-06-01,62.0,60.0,4.0,18.0,4.0,7.0,"Chakala-Andheri East, Mumbai"
2025-06-02,64.0,52.0,30.0,12.0,4.0,7.0,"Chakala-Andheri East, Mumbai"
2025-06-03,74.0,42.0,14.0,15.0,4.0,7.0,"Chakala-Andheri East, Mumbai"
2025-06-04,64.0,82.0,15.0,22.0,4.0,7.0,"Chakala-Andheri East, Mumbai"
2025-06-05,96.0,82.0,11.0,18.0,4.0,7.0,"Chakala-Andheri East, Mumbai"
2025-06-06,110.0,51.0,16.0,16.0,4.0,7.0,"Chakala-Andheri East, Mumbai"
2025-06-07,71.0,69.0,14.0,17.0,4.0,7.0,"Chakala-Andheri East, Mumbai"
2025-06-08,97.0,70.0,7.0,11.0,4.0,7.0,"Chakala-Andheri East, Mumbai"
2025-06-09,78.0,56.0,8.0,11.0,4.0,7.0,"Chakala-Andheri East, Mumbai"
2025-06-10,65.0,47.0,8.0,11.0,4.0,7.0,"Chakala-Andheri East, Mumbai"
2025-06-11,48.0,49.0,7.0,12.0,4.0,7.0,"Chakala-Andheri East, Mumbai"
2025-06-12,52.0,48.0,16.0,15.0,4.0,7.0,"Chakala-Andheri East, Mumbai"
2025-06-13,69.0,59.0,8.0,13.0,4.0,7.0,"Chakala-Andheri East, Mumbai"
2025-06-14,66.0,33.0,8.0,17.0,4.0,7.0,"Chakala-Andheri East, Mumbai"
2025-06-15,71.0,17.0,19.0,12.0,4.0,7.0,"Chakala-Andheri East, Mumbai"
2025-06-16,41.0,61.0,11.0,8.0,4.0,7.0,"Chakala-Andheri East, Mumbai"
2025-06-17,68.0,32.0,17.0,10.0,4.0,7.0,"Chakala-Andheri East, Mumbai"
2025-06-18,45.0,43.0,13.0,7.0,4.0,7.0,"Chakala-Andheri East, Mumbai"
2025-06-19,54.0,50.0,9.0,6.0,3.0,7.0,"Chakala-Andheri East, Mumbai"
2025-06-20,54.0,53.0,10.0,6.0,2.0,7.0,"Chakala-Andheri East, Mumbai"
2025-06-21,50.0,52.0,10.0,6.0,1.0,7.0,"Chakala-Andheri East, Mumbai"
2025-06-22,53.0,54.0,11.0,6.0,1.0,7.0,"Chakala-Andheri East, Mumbai"
2025-06-23,60.0,51.0,11.0,7.0,1.0,7.0,"Chakala-Andheri East, Mumbai"
2025-06-24,58.0,56.0,10.0,6.0,1.0,7.0,"Chakala-Andheri East, Mumbai"
2025-06-25,69.0,56.0,8.0,7.0,1.75,7.0,"Chakala-Andheri East, Mumbai"
2025-06-26,71.0,57.0,10.0,6.0,2.5,7.0,"Chakala-Andheri East, Mumbai"
2025-06-27,65.0,62.0,14.0,7.0,3.25,7.0,"Chakala-Andheri East, Mumbai"
2025-06-28,77.0,52.0,10.0,6.0,4.0,7.0,"Chakala-Andheri East, Mumbai"
2025-06-29,63.0,56.0,8.0,7.0,4.5,7.0,"Chakala-Andheri East, Mumbai"
2025-06-30,62.0,53.0,9.0,5.0,5.0,7.0,"Chakala-Andheri East, Mumbai"
2025-07-01,54.0,49.0,8.0,7.0,1.0,7.0,"Chakala-Andheri East, Mumbai"
2025-07-02,56.0,47.0,9.0,5.0,3.0,7.0,"Chakala-Andheri East, Mumbai"
2025-07-03,56.0,49.0,9.0,5.0,2.0,7.0,"Chakala-Andheri East, Mumbai"
2025-07-04,55.0,2.0,9.0,6.0,1.5,7.0,"Chakala-Andheri East, Mumbai"
2025-07-05,57.0,3.0,11.0,4.0,1.0,7.0,"Chakala-Andheri East, Mumbai"
2025-07-06,59.0,5.0,67.0,6.0,2.0,7.0,"Chakala-Andheri East, Mumbai"
2025-07-07,60.0,22.0,9.0,6.0,6.5,7.0,"Chakala-Andheri East, Mumbai"
2025-07-08,66.0,30.0,8.0,6.0,11.0,7.0,"Chakala-Andheri East, Mumbai"
2025-07-09,50.0,30.0,9.0,6.0,7.0,7.0,"Chakala-Andheri East, Mumbai"
2025-07-10,53.0,27.0,12.0,5.0,3.0,7.0,"Chakala-Andheri East, Mumbai"
2025-07-11,65.0,27.0,11.0,6.0,1.0,7.0,"Chakala-Andheri East, Mumbai"
2025-07-12,66.0,27.0,10.0,6.0,4.0,7.0,"Chakala-Andheri East, Mumbai"
2025-07-13,55.0,27.0,9.0,8.0,2.0,7.0,"Chakala-Andheri East, Mumbai"
2025-07-14,39.0,38.0,5.0,9.0,1.0,7.0,"Chakala-Andheri East, Mumbai"
2025-07-15,59.0,66.0,9.0,7.0,1.0,7.0,"Chakala-Andheri East, Mumbai"
2025-07-16,58.0,69.0,9.0,8.0,3.0,7.0,"Chakala-Andheri East, Mumbai"
2025-07-17,66.0,65.0,9.0,7.0,5.0,7.0,"Chakala-Andheri East, Mumbai"
2025-07-18,60.0,63.0,8.0,7.0,1.0,7.0,"Chakala-Andheri East, Mumbai"
2025-07-19,57.0,54.0,9.0,7.0,3.0,7.0,"Chakala-Andheri East, Mumbai"
2025-07-20,55.0,58.0,7.0,12.0,3.0,7.0,"Chakala-Andheri East, Mumbai"
2025-07-21,84.0,49.0,5.0,11.0,2.0,7.0,"Chakala-Andheri East, Mumbai"
2025-07-22,51.0,48.0,5.0,11.0,2.0,7.0,"Chakala-Andheri East, Mumbai"
2025-07-23,55.0,55.0,8.0,8.0,2.0,7.0,"Chakala-Andheri East, Mumbai"
2025-07-24,54.0,48.0,8.0,8.0,2.0,7.0,"Chakala-Andheri East, Mumbai"
2025-07-25,51.0,55.0,10.0,7.0,1.0,7.0,"Chakala-Andheri East, Mumbai"
2025-07-26,57.0,62.0,11.0,5.0,1.0,7.0,"Chakala-Andheri East, Mumbai"
2025-07-27,66.0,61.0,11.0,6.0,1.0,7.0,"Chakala-Andheri East, Mumbai"
2025-07-28,69.0,61.0,10.0,6.0,2.0,7.0,"Chakala-Andheri East, Mumbai"
2025-07-29,63.0,64.0,10.0,7.0,1.5,7.0,"Chakala-Andheri East, Mumbai"
2025-07-30,63.0,69.0,10.0,6.0,1.0,7.0,"Chakala-Andheri East, Mumbai"
2025-07-31,62.0,57.0,26.0,5.0,4.5,7.0,"Chakala-Andheri East, Mumbai"
2025-08-01,65.0,42.0,9.0,4.0,8.0,9.0,"Chakala-Andheri East, Mumbai"
2025-08-02,79.0,45.0,10.0,5.0,2.0,9.0,"Chakala-Andheri East, Mumbai"
2025-08-03,53.0,49.0,11.0,5.0,4.0,9.0,"Chakala-Andheri East, Mumbai"
2025-08-04,56.0,47.0,12.0,5.0,9.0,9.0,"Chakala-Andheri East, Mumbai"
2025-08-05,59.0,54.0,9.0,6.0,3.0,9.0,"Chakala-Andheri East, Mumbai"
2025-08-06,54.0,37.0,9.0,6.0,5.0,9.0,"Chakala-Andheri East, Mumbai"
2025-08-07,62.0,53.0,7.0,6.0,5.0,9.0,"Chakala-Andheri East, Mumbai"
2025-08-08,65.0,175.0,8.0,6.0,8.0,9.0,"Chakala-Andheri East, Mumbai"
2025-08-09,75.0,42.0,5.0,5.0,5.0,9.0,"Chakala-Andheri East, Mumbai"
2025-08-10,60.0,49.0,6.0,5.0,2.0,9.0,"Chakala-Andheri East, Mumbai"
2025-08-11,68.0,33.0,7.0,5.0,2.0,9.0,"Chakala-Andheri East, Mumbai"
2025-08-12,51.0,27.0,5.0,6.0,1.0,9.0,"Chakala-Andheri East, Mumbai"
2025-08-13,49.0,27.0,8.0,6.0,5.0,9.0,"Chakala-Andheri East, Mumbai"
2025-08-14,57.0,21.0,9.0,6.0,2.0,9.0,"Chakala-Andheri East, Mumbai"
2025-08-15,48.0,17.0,5.0,6.0,5.0,9.0,"Chakala-Andheri East, Mumbai"
2025-08-16,39.0,29.0,6.0,6.0,2.0,9.0,"Chakala-Andheri East, Mumbai"
2025-08-17,61.0,24.0,8.0,6.0,5.0,9.0,"Chakala-Andheri East, Mumbai"
2025-08-18,43.0,13.0,11.0,5.0,4.0,9.0,"Chakala-Andheri East, Mumbai"
2025-08-19,35.0,41.0,8.0,6.0,4.0,9.0,"Chakala-Andheri East, Mumbai"
2025-08-20,57.0,39.0,10.0,6.0,2.0,9.0,"Chakala-Andheri East, Mumbai"
2025-08-21,52.0,43.0,8.0,4.0,4.0,9.0,"Chakala-Andheri East, Mumbai"
2025-08-22,54.0,48.0,9.0,3.0,4.0,9.0,"Chakala-Andheri East, Mumbai"
2025-08-23,47.0,42.0,10.0,3.0,4.0,9.0,"Chakala-Andheri East, Mumbai"
2025-08-24,43.0,28.0,8.0,3.0,3.0,9.0,"Chakala-Andheri East, Mumbai"
2025-08-25,34.0,38.0,5.0,3.0,3.0,9.0,"Chakala-Andheri East, Mumbai"
2025-08-26,35.0,46.0,7.0,4.0,1.0,9.0,"Chakala-Andheri East, Mumbai"
2025-08-27,48.0,50.0,4.0,3.0,2.0,9.0,"Chakala-Andheri East, Mumbai"
2025-08-28,45.0,40.0,4.0,2.0,6.0,9.0,"Chakala-Andheri East, Mumbai"
2025-08-29,70.0,31.0,9.0,1.0,3.0,9.0,"Chakala-Andheri East, Mumbai"
2025-08-30,49.0,40.0,7.0,1.0,2.0,9.0,"Chakala-Andheri East, Mumbai"
2025-08-31,59.0,45.0,8.0,1.0,3.0,9.0,"Chakala-Andheri East, Mumbai"
2025-09-01,57.0,52.0,7.0,1.0,1.0,8.0,"Chakala-Andheri East, Mumbai"
2025-09-02,52.0,55.0,9.0,1.0,3.0,8.0,"Chakala-Andheri East, Mumbai"
2025-09-03,58.0,48.0,3.0,1.0,3.0,8.0,"Chakala-Andheri East, Mumbai"
2025-09-04,53.0,48.0,6.0,1.0,3.0,8.0,"Chakala-Andheri East, Mumbai"
2025-09-05,54.0,38.0,7.0,1.0,3.0,8.0,"Chakala-Andheri East, Mumbai"
2025-09-06,51.0,51.0,6.0,1.0,3.0,8.0,"Chakala-Andheri East, Mumbai"
2025-09-07,60.0,50.0,9.0,1.0,2.0,8.0,"Chakala-Andheri East, Mumbai"
2025-09-08,54.0,62.0,10.0,1.0,1.0,8.0,"Chakala-Andheri East, Mumbai"
2025-09-09,70.0,69.0,17.0,1.0,3.0,8.0,"Chakala-Andheri East, Mumbai"
2025-09-10,86.0,57.0,83.0,3.0,3.0,8.0,"Chakala-Andheri East, Mumbai"
2025-09-11,47.0,55.0,4.0,10.0,2.0,8.0,"Chakala-Andheri East, Mumbai"
2025-09-12,58.0,57.0,8.0,9.0,1.0,8.0,"Chakala-Andheri East, Mumbai"
2025-09-13,67.0,44.0,11.0,9.0,1.0,8.0,"Chakala-Andheri East, Mumbai"
2025-09-14,77.0,31.0,5.0,7.0,2.0,8.0,"Chakala-Andheri East, Mumbai"
2025-09-15,57.0,56.0,1.0,11.0,6.0,8.0,"Chakala-Andheri East, Mumbai"
2025-09-16,87.0,35.0,12.0,7.0,1.0,8.0,"Chakala-Andheri East, Mumbai"
2025-09-17,53.0,32.0,9.0,12.0,2.0,8.0,"Chakala-Andheri East, Mumbai"
2025-09-18,45.0,31.0,7.0,10.0,1.0,8.0,"Chakala-Andheri East, Mumbai"
2025-09-19,53.0,35.0,10.0,11.0,4.0,8.0,"Chakala-Andheri East, Mumbai"
2025-09-20,53.0,28.0,7.0,10.0,3.0,8.0,"Chakala-Andheri East, Mumbai"
2025-09-21,62.0,25.0,2.0,10.0,2.0,8.0,"Chakala-Andheri East, Mumbai"
2025-09-22,52.0,42.0,12.0,13.0,2.0,8.0,"Chakala-Andheri East, Mumbai"
2025-09-23,71.0,38.0,9.0,10.0,6.0,8.0,"Chakala-Andheri East, Mumbai"
2025-09-24,50.0,35.0,11.0,11.0,5.0,8.0,"Chakala-Andheri East, Mumbai"
2025-09-25,45.0,51.0,8.0,9.0,2.0,8.0,"Chakala-Andheri East, Mumbai"
2025-09-26,67.0,30.0,6.0,5.0,1.0,8.0,"Chakala-Andheri East, Mumbai"
2025-09-27,55.0,20.0,22.0,1.0,1.0,8.0,"Chakala-Andheri East, Mumbai"
2025-09-28,43.0,37.0,19.0,3.0,8.0,8.0,"Chakala-Andheri East, Mumbai"
2025-09-29,56.0,28.0,9.0,2.0,2.0,8.0,"Chakala-Andheri East, Mumbai"
2025-09-30,50.0,32.0,8.0,15.0,1.0,8.0,"Chakala-Andheri East, Mumbai"
2025-10-01,55.0,25.0,9.0,9.0,1.0,9.0,"Chakala-Andheri East, Mumbai"
2025-10-02,59.0,34.0,8.0,7.0,1.0,9.0,"Chakala-Andheri East, Mumbai"
2025-10-03,65.0,35.0,9.0,10.0,1.5,9.0,"Chakala-Andheri East, Mumbai"
2025-10-04,44.0,56.0,9.0,12.0,2.0,9.0,"Chakala-Andheri East, Mumbai"
2025-10-05,72.0,48.0,51.0,16.0,1.5,9.0,"Chakala-Andheri East, Mumbai"
2025-10-06,69.0,44.0,3.0,11.0,1.0,9.0,"Chakala-Andheri East, Mumbai"
2025-10-07,59.0,57.0,8.0,14.0,2.0,9.0,"Chakala-Andheri East, Mumbai"
2025-10-08,60.0,92.0,22.0,22.0,2.0,9.0,"Chakala-Andheri East, Mumbai"
2025-10-09,117.0,111.0,21.0,25.0,2.0,9.0,"Chakala-Andheri East, Mumbai"
2025-10-10,165.0,129.0,21.0,25.0,2.0,9.0,"Chakala-Andheri East, Mumbai"
2025-10-11,154.0,127.0,22.0,25.0,2.0,9.0,"Chakala-Andheri East, Mumbai"
2025-10-12,155.0,104.0,21.0,29.0,2.6666666666666665,9.0,"Chakala-Andheri East, Mumbai"
2025-10-13,149.0,100.0,25.0,29.0,3.333333333333333,9.0,"Chakala-Andheri East, Mumbai"
2025-10-14,150.0,102.0,22.0,30.0,4.0,9.0,"Chakala-Andheri East, Mumbai"
2025-10-15,154.0,87.0,29.0,27.0,2.0,9.0,"Chakala-Andheri East, Mumbai"
2025-10-16,143.0,61.0,19.0,22.0,2.0,9.0,"Chakala-Andheri East, Mumbai"
2025-10-17,100.0,83.0,31.0,23.0,2.0,9.0,"Chakala-Andheri East, Mumbai"
2025-10-18,153.0,65.0,26.0,20.0,1.0,9.0,"Chakala-Andheri East, Mumbai"
2025-10-19,160.0,126.0,22.0,24.0,1.0,9.0,"Chakala-Andheri East, Mumbai"
2025-10-20,199.0,125.0,23.0,15.0,1.0,9.0,"Chakala-Andheri East, Mumbai"
2025-10-21,196.0,70.0,22.0,16.0,5.0,9.0,"Chakala-Andheri East, Mumbai"
2025-10-22,140.0,67.0,13.0,17.0,2.0,9.0,"Chakala-Andheri East, Mumbai"
2025-10-23,125.0,57.0,12.0,19.0,3.0,9.0,"Chakala-Andheri East, Mumbai"
2025-10-24,100.0,38.0,6.0,15.0,4.0,9.0,"Chakala-Andheri East, Mumbai"
2025-10-25,61.0,37.0,8.0,13.0,4.0,9.0,"Chakala-Andheri East, Mumbai"
2025-10-26,62.0,31.0,7.0,13.0,2.0,9.0,"Chakala-Andheri East, Mumbai"
2025-10-27,67.0,48.0,9.0,14.0,2.0,9.0,"Chakala-Andheri East, Mumbai"
2025-10-28,75.0,61.0,11.0,16.0,2.0,9.0,"Chakala-Andheri East, Mumbai"
2025-10-29,84.0,50.0,10.0,16.0,2.0,9.0,"Chakala-Andheri East, Mumbai"
2025-10-30,79.0,46.0,5.0,18.0,1.0,9.0,"Chakala-Andheri East, Mumbai"
2025-10-31,70.0,47.0,7.0,15.0,3.0,9.0,"Chakala-Andheri East, Mumbai"
2025-11-01,142.0,47.0,4.0,15.0,1.0,11.0,"Chakala-Andheri East, Mumbai"
2025-11-02,63.0,39.0,34.0,15.0,52.0,11.0,"Chakala-Andheri East, Mumbai"
2025-11-03,67.0,50.0,12.0,16.0,1.0,11.0,"Chakala-Andheri East, Mumbai"
2025-11-04,92.0,55.0,14.0,16.0,1.3333333333333333,11.0,"Chakala-Andheri East, Mumbai"
2025-11-05,83.0,78.0,23.0,18.0,1.6666666666666665,11.0,"Chakala-Andheri East, Mumbai"
2025-11-06,112.0,100.0,24.0,26.0,2.0,11.0,"Chakala-Andheri East, Mumbai"
2025-11-07,156.0,83.0,21.0,27.0,4.0,11.0,"Chakala-Andheri East, Mumbai"
2025-11-08,121.0,80.0,18.0,25.0,4.0,11.0,"Chakala-Andheri East, Mumbai"
2025-11-09,123.0,87.0,26.0,29.0,4.0,11.0,"Chakala-Andheri East, Mumbai"
2025-11-10,138.0,95.0,33.0,33.0,5.0,11.0,"Chakala-Andheri East, Mumbai"
2025-11-11,152.0,94.0,27.0,27.0,5.0,11.0,"Chakala-Andheri East, Mumbai"
2025-11-12,152.0,97.0,28.0,29.0,4.0,11.0,"Chakala-Andheri East, Mumbai"
2025-11-13,153.0,101.0,27.0,34.0,2.0,11.0,"Chakala-Andheri East, Mumbai"
2025-11-14,161.0,107.0,26.0,42.0,4.0,11.0,"Chakala-Andheri East, Mumbai"
2025-11-15,161.0,96.0,27.0,29.0,2.0,11.0,"Chakala-Andheri East, Mumbai"
2025-11-16,158.0,100.0,29.0,25.0,5.0,11.0,"Chakala-Andheri East, Mumbai"
2025-11-17,162.0,105.0,30.0,30.0,3.0,11.0,"Chakala-Andheri East, Mumbai"
2025-11-18,166.0,114.0,29.0,31.0,5.0,11.0,"Chakala-Andheri East, Mumbai"
2025-11-19,167.0,111.0,32.0,39.0,2.0,11.0,"Chakala-Andheri East, Mumbai"
2025-11-20,166.0,117.0,34.0,38.0,2.0,11.0,"Chakala-Andheri East, Mumbai"
2025-11-21,173.0,126.0,35.0,43.0,6.0,11.0,"Chakala-Andheri East, Mumbai"
2025-11-22,175.0,129.0,47.0,39.0,5.0,11.0,"Chakala-Andheri East, Mumbai"
2025-11-23,182.0,120.0,28.0,43.0,4.0,11.0,"Chakala-Andheri East, Mumbai"
2025-11-24,177.0,115.0,35.0,41.0,3.0,11.0,"Chakala-Andheri East, Mumbai"
2025-11-25,177.0,99.0,45.0,40.0,1.0,11.0,"Chakala-Andheri East, Mumbai"
2025-11-26,169.0,94.0,20.0,34.0,5.0,11.0,"Chakala-Andheri East, Mumbai"
2025-11-27,165.0,86.0,15.0,35.0,2.0,11.0,"Chakala-Andheri East, Mumbai"
2025-11-28,158.0,78.0,15.0,30.0,6.0,11.0,"Chakala-Andheri East, Mumbai"
2025-11-29,141.0,70.0,21.0,31.0,4.0,11.0,"Chakala-Andheri East, Mumbai"
2025-11-30,139.0,81.0,30.0,40.0,7.0,11.0,"Chakala-Andheri East, Mumbai"
2025-12-01,154.0,83.0,31.0,43.0,7.0,12.0,"Chakala-Andheri East, Mumbai"
2025-12-02,153.0,85.0,35.0,37.0,5.0,12.0,"Chakala-Andheri East, Mumbai"
2025-12-03,157.0,84.0,25.0,25.0,7.0,12.0,"Chakala-Andheri East, Mumbai"
2025-12-04,159.0,85.0,29.0,29.0,8.0,12.0,"Chakala-Andheri East, Mumbai"
2025-12-05,157.0,79.0,28.0,28.0,7.0,12.0,"Chakala-Andheri East, Mumbai"
2025-12-06,148.0,80.0,35.0,28.0,5.0,12.0,"Chakala-Andheri East, Mumbai"
2025-12-07,153.0,86.0,20.0,41.0,4.0,12.0,"Chakala-Andheri East, Mumbai"
2025-12-08,152.0,72.0,31.0,32.0,7.0,12.0,"Chakala-Andheri East, Mumbai"
2025-12-09,116.0,61.0,18.0,32.0,8.0,12.0,"Chakala-Andheri East, Mumbai"
2025-12-10,90.0,65.0,19.0,33.0,8.0,12.0,"Chakala-Andheri East, Mumbai"
2025-12-11,98.0,77.0,25.0,38.0,7.0,12.0,"Chakala-Andheri East, Mumbai"
2025-12-12,128.0,77.0,28.0,17.0,6.0,12.0,"Chakala-Andheri East, Mumbai"
2025-12-13,135.0,83.0,26.0,18.0,5.0,12.0,"Chakala-Andheri East, Mumbai"
2025-12-14,148.0,76.0,21.0,22.0,4.0,12.0,"Chakala-Andheri East, Mumbai"
2025-12-15,142.0,73.0,31.0,30.0,1.0,12.0,"Chakala-Andheri East, Mumbai"
2025-12-16,130.0,85.0,31.0,38.0,1.0,12.0,"Chakala-Andheri East, Mumbai"
2025-12-17,152.0,88.0,23.0,41.0,2.0,12.0,"Chakala-Andheri East, Mumbai"
2025-12-18,155.0,79.0,27.0,38.0,3.0,12.0,"Chakala-Andheri East, Mumbai"
2025-12-19,139.0,71.0,15.0,37.0,4.0,12.0,"Chakala-Andheri East, Mumbai"
2025-12-20,115.0,67.0,22.0,32.0,3.5,12.0,"Chakala-Andheri East, Mumbai"
2025-12-21,100.0,77.0,17.0,38.0,3.0,12.0,"Chakala-Andheri East, Mumbai"
2025-12-22,136.0,69.0,21.0,32.0,2.5,12.0,"Chakala-Andheri East, Mumbai"
2025-12-23,113.0,60.0,24.0,30.0,7.0,12.0,"Chakala-Andheri East, Mumbai"
2025-12-24,94.0,78.0,27.0,40.0,7.0,12.0,"Chakala-Andheri East, Mumbai"
2025-12-25,126.0,85.0,40.0,41.0,1.0,12.0,"Chakala-Andheri East, Mumbai"
2025-12-26,161.0,88.0,27.0,37.0,1.5,12.0,"Chakala-Andheri East, Mumbai"
2025-12-27,156.0,90.0,32.0,42.0,2.0,12.0,"Chakala-Andheri East, Mumbai"
2025-12-28,158.0,82.25,27.75,38.0,2.0,12.0,"Chakala-Andheri East, Mumbai"
2025-12-31,122.75,59.0,15.0,26.0,2.0,12.0,"Chakala-Andheri East, Mumbai"
2026-01-01,111.0,78.0,22.0,32.0,2.0,11.0,"Chakala-Andheri East, Mumbai"
2026-01-02,142.0,91.0,15.0,40.0,1.0,11.0,"Chakala-Andheri East, Mumbai"
2026-01-03,156.0,110.0,15.0,40.0,4.0,11.0,"Chakala-Andheri East, Mumbai"
2026-01-04,171.0,94.0,20.0,37.0,3.5,11.0,"Chakala-Andheri East, Mumbai"
2026-01-05,164.0,99.0,18.0,38.0,3.0,11.0,"Chakala-Andheri East, Mumbai"
2026-01-06,165.0,96.0,23.0,41.0,4.0,11.0,"Chakala-Andheri East, Mumbai"
2026-01-07,165.0,82.0,16.0,35.0,58.0,11.0,"Chakala-Andheri East, Mumbai"
2026-01-08,148.0,87.0,9.0,73.0,32.0,11.0,"Chakala-Andheri East, Mumbai"
2026-01-09,154.0,86.0,17.0,41.0,6.0,11.0,"Chakala-Andheri East, Mumbai"
2026-01-10,155.0,91.0,11.0,37.0,3.0,11.0,"Chakala-Andheri East, Mumbai"
2026-01-11,160.0,81.0,12.0,26.0,5.0,11.0,"Chakala-Andheri East, Mumbai"
2026-01-12,144.0,86.0,1.0,46.0,8.0,11.0,"Chakala-Andheri East, Mumbai"
2026-01-13,153.0,90.0,1.0,28.0,3.0,11.0,"Chakala-Andheri East, Mumbai"
2026-01-14,155.0,84.0,4.0,37.0,6.0,11.0,"Chakala-Andheri East, Mumbai"
2026-01-15,153.0,97.0,58.0,39.0,5.0,11.0,"Chakala-Andheri East, Mumbai"
2026-01-16,163.0,74.0,32.0,26.0,1.0,11.0,"Chakala-Andheri East, Mumbai"
2026-01-17,142.0,65.0,26.0,19.0,1.5,11.0,"Chakala-Andheri East, Mumbai"
2026-01-18,118.0,66.0,24.0,26.0,2.0,11.0,"Chakala-Andheri East, Mumbai"
2026-01-19,115.0,74.0,35.0,36.0,1.6666666666666667,11.0,"Chakala-Andheri East, Mumbai"
2026-01-20,132.0,98.0,61.0,39.0,1.3333333333333335,11.0,"Chakala-Andheri East, Mumbai"
2026-01-21,163.0,95.0,51.0,35.0,1.0,11.0,"Chakala-Andheri East, Mumbai"
2026-01-22,162.0,73.0,28.0,25.0,1.0,11.0,"Chakala-Andheri East, Mumbai"
2026-01-23,141.0,71.0,34.0,26.0,7.0,11.0,"Chakala-Andheri East, Mumbai"
2026-01-24,122.0,92.0,44.0,32.0,1.0,11.0,"Chakala-Andheri East, Mumbai"
2026-01-25,154.0,100.0,63.0,30.0,1.0,11.0,"Chakala-Andheri East, Mumbai"
2026-01-26,168.0,72.0,29.0,21.0,1.0,11.0,"Chakala-Andheri East, Mumbai"
2026-01-27,138.0,64.0,36.0,25.0,1.0,11.0,"Chakala-Andheri East, Mumbai"
2026-01-28,98.0,83.0,46.0,38.0,1.0,11.0,"Chakala-Andheri East, Mumbai"
2026-01-29,136.0,93.0,44.0,22.0,1.0,11.0,"Chakala-Andheri East, Mumbai"
2026-01-30,161.0,81.0,38.0,22.0,1.0,11.0,"Chakala-Andheri East, Mumbai"
2026-01-31,157.0,86.0,71.0,27.0,3.0,11.0,"Chakala-Andheri East, Mumbai"
2026-02-01,160.0,104.0,62.0,31.0,4.0,13.0,"Chakala-Andheri East, Mumbai"
2026-02-02,169.0,65.0,44.0,39.0,3.0,13.0,"Chakala-Andheri East, Mumbai"
2026-02-03,166.0,94.0,63.0,30.0,2.0,13.0,"Chakala-Andheri East, Mumbai"
2026-02-04,230.0,94.0,40.0,33.0,4.0,13.0,"Chakala-Andheri East, Mumbai"
2026-02-05,162.0,98.0,38.0,34.0,4.0,13.0,"Chakala-Andheri East, Mumbai"
2026-02-06,159.0,93.0,22.0,41.0,5.0,13.0,"Chakala-Andheri East, Mumbai"
2026-02-07,158.0,97.0,2.0,45.0,9.0,13.0,"Chakala-Andheri East, Mumbai"
2026-02-08,163.0,96.0,10.2,43.8,7.8,13.0,"Chakala-Andheri East, Mumbai"
2026-02-12,159.0,92.0,43.0,39.0,3.0,13.0,"Chakala-Andheri East, Mumbai"
2026-02-13,158.0,100.0,84.0,42.0,6.0,13.0,"Chakala-Andheri East, Mumbai"
2026-02-14,162.0,103.0,53.0,44.0,8.0,13.0,"Chakala-Andheri East, Mumbai"
2026-02-15,160.0,88.0,62.0,46.0,5.0,13.0,"Chakala-Andheri East, Mumbai"
2026-02-16,153.0,78.0,44.0,33.0,3.0,13.0,"Chakala-Andheri East, Mumbai"
2026-02-17,137.0,57.0,25.0,23.0,4.0,13.0,"Chakala-Andheri East, Mumbai"
2026-02-18,119.0,57.0,25.0,23.0,4.0,13.0,"Chakala-Andheri East, Mumbai"
