date,pm25,pm10,o3,no2,so2,co,location
2019-07-13,51.0,35.0,3.0,1.0,3.0,1.0,"Colaba, Mumbai"
2019-07-14,48.0,43.0,4.0,1.0,3.0,1.0,"Colaba, Mumbai"
2019-07-15,49.0,44.0,4.0,1.0,3.0,1.0,"Colaba, Mumbai"
2019-07-16,54.0,42.0,4.0,1.0,3.0,1.0,"Colaba, Mumbai"
2019-07-17,53.0,53.0,4.0,1.0,3.0,1.0,"Colaba, Mumbai"
2019-07-18,57.0,64.0,10.0,2.0,3.0,2.0,"Colaba, Mumbai"
2019-07-19,73.0,43.0,5.0,6.0,3.0,2.0,"Colaba, Mumbai"
2019-07-20,63.0,41.0,10.0,6.0,4.0,3.0,"Colaba, Mumbai"
2019-07-21,84.0,17.0,8.0,2.0,3.0,2.0,"Colaba, Mumbai"
2019-07-22,38.0,14.0,6.0,1.0,3.0,1.0,"Colaba, Mumbai"
2019-07-23,28.0,22.0,5.0,1.0,3.0,1.0,"Colaba, Mumbai"
2019-07-24,45.0,38.0,5.0,1.0,3.0,1.0,"Colaba, Mumbai"
2019-07-25,56.0,39.0,5.0,1.0,3.0,1.0,"Colaba, Mumbai"
2019-07-26,53.0,41.0,5.0,1.0,3.0,1.0,"Colaba, Mumbai"
2019-07-27,56.0,47.0,6.0,1.0,3.0,1.0,"Colaba, Mumbai"
2019-07-28,59.0,45.0,5.0,1.0,3.0,1.0,"Colaba, Mumbai"
2019-07-29,56.0,32.0,5.0,1.0,3.0,1.0,"Colaba, Mumbai"
2019-07-30,47.0,29.0,4.0,1.0,3.0,1.0,"Colaba, Mumbai"
2019-07-31,46.0,34.0,6.0,1.0,3.0,1.0,"Colaba, Mumbai"
2019-08-01,46.0,30.0,8.0,4.0,3.0,1.0,"Colaba, Mumbai"
2019-08-02,43.0,23.0,5.0,4.0,3.0,1.0,"Colaba, Mumbai"
2019-08-03,39.0,34.0,5.0,4.0,4.0,1.0,"Colaba, Mumbai"
2019-08-04,47.0,38.0,3.0,4.0,2.0,1.0,"Colaba, Mumbai"
2019-08-05,50.0,34.0,8.0,4.0,1.9411764705882353,1.0,"Colaba, Mumbai"
2019-08-06,46.0,38.0,8.0,4.0,1.8823529411764706,2.0,"Colaba, Mumbai"
2019-08-07,51.0,56.0,7.0,1.0,1.8235294117647058,2.0,"Colaba, Mumbai"
2019-08-08,68.0,54.0,8.0,1.0,4.0,2.0,"Colaba, Mumbai"
2019-08-09,68.0,133.0,9.0,1.0,4.0,2.0,"Colaba, Mumbai"
2019-08-10,72.0,49.0,10.0,1.0,4.0,2.0,"Colaba, Mumbai"
2019-08-11,61.0,47.0,9.0,1.0,4.0,2.0,"Colaba, Mumbai"
2019-08-12,57.0,39.0,9.0,2.0,4.0,2.0,"Colaba, Mumbai"
2019-08-13,50.0,49.0,10.0,1.0,4.0,2.0,"Colaba, Mumbai"
2019-08-14,58.0,38.0,9.0,1.0,4.0,2.0,"Colaba, Mumbai"
2019-08-15,56.0,42.0,9.0,1.0,4.0,2.0,"Colaba, Mumbai"
2019-08-16,54.0,42.0,11.0,1.0,4.0,2.0,"Colaba, Mumbai"
2019-08-17,51.0,40.0,11.0,1.0,4.0,2.0,"Colaba, Mumbai"
2019-08-18,50.0,41.0,9.0,1.0,4.0,3.0,"Colaba, Mumbai"
2019-08-19,51.0,50.0,8.0,1.0,4.0,3.0,"Colaba, Mumbai"
2019-08-20,48.0,42.0,10.0,1.0,4.0,3.0,"Colaba, Mumbai"
2019-08-21,44.0,39.0,9.0,2.0,1.0,3.0,"Colaba, Mumbai"
2019-08-22,47.0,34.0,8.0,2.0,3.0,3.0,"Colaba, Mumbai"
2019-08-23,45.0,35.0,11.0,1.8333333333333333,3.0,2.0,"Colaba, Mumbai"
2019-08-24,45.0,33.8,10.2,1.6666666666666667,3.6,2.2,"Colaba, Mumbai"
2019-08-28,41.0,29.0,7.0,1.0,6.0,3.0,"Colaba, Mumbai"
2019-08-29,40.0,27.0,6.0,1.0,7.0,3.0,"Colaba, Mumbai"
2019-08-30,41.0,30.0,8.0,1.0,7.0,3.0,"Colaba, Mumbai"
2019-08-31,45.0,27.0,8.0,1.0,7.0,3.0,"Colaba, Mumbai"
2019-09-01,45.0,39.0,6.0,1.0,7.0,3.0,"Colaba, Mumbai"
2019-09-02,50.0,13.0,3.0,1.0,9.0,3.0,"Colaba, Mumbai"
2019-09-03,33.0,21.0,4.0,1.0,9.0,2.0,"Colaba, Mumbai"
2019-09-04,42.0,13.0,4.0,1.0,8.0,2.0,"Colaba, Mumbai"
2019-09-05,27.0,20.0,4.0,1.0,8.0,2.0,"Colaba, Mumbai"
2019-09-06,39.0,20.0,4.0,1.0,8.0,2.0,"Colaba, Mumbai"
2019-09-07,35.0,17.0,6.0,1.0,8.0,2.0,"Colaba, Mumbai"
2019-09-08,36.0,36.0,5.0,1.0,8.0,2.0,"Colaba, Mumbai"
2019-09-09,54.0,32.0,5.0,1.0,8.0,2.0,"Colaba, Mumbai"
2019-09-10,50.0,28.0,4.0,1.0,9.0,3.0,"Colaba, Mumbai"
2019-09-11,48.0,18.0,5.0,1.5,11.0,2.0,"Colaba, Mumbai"
2019-09-12,39.0,24.0,3.0,2.0,11.0,2.0,"Colaba, Mumbai"
2019-09-13,45.0,38.0,3.0,2.5,11.0,2.0,"Colaba, Mumbai"
2019-09-14,48.0,25.0,7.0,3.0,11.0,3.0,"Colaba, Mumbai"
2019-09-15,45.0,26.0,4.0,1.0,10.0,2.0,"Colaba, Mumbai"
2019-09-16,42.0,25.0,3.0,2.0,7.0,2.0,"Colaba, Mumbai"
2019-09-17,44.0,30.0,5.0,2.0,2.0,1.0,"Colaba, Mumbai"
2019-09-18,57.0,24.0,16.0,4.0,2.0,2.0,"Colaba, Mumbai"
2019-09-19,67.0,25.0,8.0,1.0,3.0,1.0,"Colaba, Mumbai"
2019-09-20,47.0,16.0,8.0,1.0,2.0,1.0,"Colaba, Mumbai"
2019-09-21,40.0,24.0,7.0,1.0,2.0,1.0,"Colaba, Mumbai"
2019-09-22,51.0,43.0,6.0,1.0,2.0,1.0,"Colaba, Mumbai"
2019-09-23,63.0,47.0,5.0,1.0,1.5,1.0,"Colaba, Mumbai"
2019-09-24,57.0,21.0,8.0,4.0,1.0,2.0,"Colaba, Mumbai"
2019-09-25,52.0,27.0,9.0,2.0,3.0,3.0,"Colaba, Mumbai"
2019-09-26,63.0,12.0,7.0,1.8333333333333333,3.0,2.5,"Colaba, Mumbai"
2019-09-27,29.0,10.0,4.0,1.6666666666666667,1.0,2.0,"Colaba, Mumbai"
2019-09-28,31.0,13.0,4.0,1.5,1.0,1.5,"Colaba, Mumbai"
2019-09-29,33.0,13.0,4.0,7.0,2.0,1.0,"Colaba, Mumbai"
2019-09-30,28.0,27.0,2.0,7.0,3.0,2.0,"Colaba, Mumbai"
2019-10-01,41.0,41.0,4.0,1.0,4.0,2.0,"Colaba, Mumbai"
2019-10-02,58.0,50.0,4.0,2.0,4.0,3.0,"Colaba, Mumbai"
2019-10-03,62.0,49.0,7.0,4.0,6.0,3.0,"Colaba, Mumbai"
2019-10-04,72.0,61.0,12.0,6.0,8.0,5.0,"Colaba, Mumbai"
2019-10-05,109.0,67.0,30.0,8.0,8.0,5.0,"Colaba, Mumbai"
2019-10-06,117.0,69.0,28.0,7.0,6.0,4.0,"Colaba, Mumbai"
2019-10-07,133.0,74.0,17.0,6.0,4.0,4.0,"Colaba, Mumbai"
2019-10-08,138.0,41.0,13.0,7.0,4.0,3.0,"Colaba, Mumbai"
2019-10-09,73.0,57.0,21.0,11.0,8.0,5.0,"Colaba, Mumbai"
2019-10-10,120.0,51.0,20.0,10.0,8.0,4.0,"Colaba, Mumbai"
2019-10-11,100.0,75.0,21.0,9.0,10.0,2.0,"Colaba, Mumbai"
2019-10-12,129.0,65.0,27.0,11.0,11.0,4.0,"Colaba, Mumbai"
2019-10-13,121.0,79.0,24.0,11.0,9.0,4.0,"Colaba, Mumbai"
2019-10-14,148.0,80.0,14.0,12.0,9.0,4.0,"Colaba, Mumbai"
2019-10-15,144.0,96.0,37.0,13.0,11.0,5.0,"Colaba, Mumbai"
2019-10-16,147.0,95.0,56.0,12.0,8.0,5.0,"Colaba, Mumbai"
2019-10-17,154.0,90.0,7.0,16.0,7.0,5.0,"Colaba, Mumbai"
2019-10-18,142.0,49.0,3.0,11.0,4.0,4.0,"Colaba, Mumbai"
2019-10-19,94.0,18.0,8.0,9.0,3.0,4.0,"Colaba, Mumbai"
2019-10-20,56.0,31.0,25.0,7.0,2.0,4.0,"Colaba, Mumbai"
2019-10-21,69.0,23.0,15.0,6.0,2.0,3.0,"Colaba, Mumbai"
2019-10-22,44.0,24.0,6.0,5.0,4.0,3.0,"Colaba, Mumbai"
2019-10-23,59.0,44.0,8.0,12.0,5.0,5.0,"Colaba, Mumbai"
2019-10-24,90.0,31.0,4.0,12.0,4.0,4.0,"Colaba, Mumbai"
2019-10-25,67.0,28.0,10.0,7.0,3.0,3.0,"Colaba, Mumbai"
2019-10-26,52.0,36.0,16.0,4.0,1.0,3.0,"Colaba, Mumbai"
2019-10-27,68.0,50.0,19.0,5.0,4.0,3.0,"Colaba, Mumbai"
2019-10-28,97.0,67.0,33.0,8.0,20.0,4.0,"Colaba, Mumbai"
2019-10-29,125.0,63.0,28.0,10.0,19.0,4.0,"Colaba, Mumbai"
2019-10-30,127.0,59.0,13.0,13.0,22.0,3.0,"Colaba, Mumbai"
2019-10-31,65.0,42.0,15.0,7.0,22.0,3.0,"Colaba, Mumbai"
2019-11-01,59.0,22.0,8.0,4.0,23.0,2.0,"Colaba, Mumbai"
2019-11-02,49.0,41.0,13.0,5.0,23.0,3.0,"Colaba, Mumbai"
2019-11-03,67.0,51.0,16.0,6.0,13.0,3.0,"Colaba, Mumbai"
2019-11-04,88.0,57.0,23.0,6.0,25.0,4.0,"Colaba, Mumbai"
2019-11-05,111.0,67.0,19.0,10.0,17.0,5.0,"Colaba, Mumbai"
2019-11-06,137.0,23.0,16.0,1.0,9.0,1.0,"Colaba, Mumbai"
2019-11-07,56.0,34.0,14.0,3.0,5.0,2.0,"Colaba, Mumbai"
2019-11-08,60.0,44.0,18.0,4.0,4.0,2.0,"Colaba, Mumbai"
2019-11-09,75.0,66.0,26.0,7.0,4.0,4.0,"Colaba, Mumbai"
2019-11-10,125.0,79.0,39.0,13.0,4.0,5.0,"Colaba, Mumbai"
2019-11-11,155.0,97.0,50.0,14.0,4.0,5.0,"Colaba, Mumbai"
2019-11-12,164.0,81.0,42.0,13.0,9.0,4.0,"Colaba, Mumbai"
2019-11-13,153.0,88.0,50.0,14.0,24.0,3.0,"Colaba, Mumbai"
2019-11-14,157.0,85.0,34.0,13.0,21.0,6.0,"Colaba, Mumbai"
2019-11-15,161.0,87.0,25.0,13.0,31.0,5.0,"Colaba, Mumbai"
2019-11-16,164.0,87.0,20.0,13.0,26.0,5.0,"Colaba, Mumbai"
2019-11-17,165.0,84.0,47.0,12.0,15.0,5.0,"Colaba, Mumbai"
2019-11-18,163.0,110.0,46.5,21.0,12.0,6.0,"Colaba, Mumbai"
2019-11-19,176.0,109.0,46.0,28.0,15.0,6.0,"Colaba, Mumbai"
2019-11-20,176.0,113.0,27.0,11.0,18.0,5.0,"Colaba, Mumbai"
2019-11-21,175.0,103.0,35.0,16.0,42.0,4.0,"Colaba, Mumbai"
2019-11-22,170.0,107.0,36.0,14.0,37.0,4.0,"Colaba, Mumbai"
2019-11-23,168.0,95.0,40.0,12.0,31.0,5.0,"Colaba, Mumbai"
2019-11-24,166.0,94.0,41.0,14.0,20.0,5.0,"Colaba, Mumbai"
2019-11-25,167.0,106.0,48.0,19.0,32.0,5.0,"Colaba, Mumbai"
2019-11-26,170.0,89.0,26.0,14.0,25.0,4.0,"Colaba, Mumbai"
2019-11-27,157.0,86.0,45.0,17.0,22.0,5.0,"Colaba, Mumbai"
2019-11-28,160.0,94.0,33.0,17.0,17.0,5.0,"Colaba, Mumbai"
2019-11-29,166.0,102.0,32.0,18.0,23.0,6.0,"Colaba, Mumbai"
2019-11-30,170.0,117.0,28.0,16.0,20.0,6.0,"Colaba, Mumbai"
2019-12-01,178.0,85.0,36.0,13.0,14.0,5.0,"Colaba, Mumbai"
2019-12-02,156.0,116.0,16.0,7.0,31.0,3.0,"Colaba, Mumbai"
2019-12-03,150.0,101.0,14.0,8.0,13.0,4.0,"Colaba, Mumbai"
2019-12-04,134.0,78.0,12.0,2.0,13.0,3.0,"Colaba, Mumbai"
2019-12-05,137.0,99.0,45.0,6.0,8.0,4.0,"Colaba, Mumbai"
2019-12-06,170.0,97.0,69.0,14.0,7.0,4.0,"Colaba, Mumbai"
2019-12-07,160.0,101.0,62.0,18.0,9.0,5.0,"Colaba, Mumbai"
2019-12-08,172.0,101.0,49.0,15.0,9.0,5.0,"Colaba, Mumbai"
2019-12-09,167.0,101.0,60.0,18.0,12.0,5.0,"Colaba, Mumbai"
2019-12-10,169.0,114.0,42.0,17.0,14.0,5.0,"Colaba, Mumbai"
2019-12-11,174.0,110.0,38.0,14.0,16.0,4.0,"Colaba, Mumbai"
2019-12-12,174.0,84.0,23.0,14.0,14.0,4.0,"Colaba, Mumbai"
2019-12-13,142.0,88.0,25.0,15.0,12.0,3.0,"Colaba, Mumbai"
2019-12-14,129.0,86.0,12.0,14.0,10.0,4.0,"Colaba, Mumbai"
2019-12-15,159.0,103.0,49.0,16.0,12.0,5.0,"Colaba, Mumbai"
2019-12-16,171.0,97.0,51.0,16.0,6.0,5.0,"Colaba, Mumbai"
2019-12-17,165.0,97.0,62.0,17.0,7.0,5.0,"Colaba, Mumbai"
2019-12-18,165.0,95.0,68.0,18.0,9.0,5.0,"Colaba, Mumbai"
2019-12-19,166.0,103.0,63.0,19.0,8.0,5.0,"Colaba, Mumbai"
2019-12-20,173.0,134.0,33.0,24.0,10.0,6.0,"Colaba, Mumbai"
2019-12-21,177.0,107.0,7.0,18.0,12.0,5.0,"Colaba, Mumbai"
2019-12-22,175.0,104.0,35.0,13.0,16.0,6.0,"Colaba, Mumbai"
2019-12-23,175.0,132.0,45.0,18.0,12.0,6.0,"Colaba, Mumbai"
2019-12-24,192.0,133.0,30.0,24.0,12.0,5.0,"Colaba, Mumbai"
2019-12-25,203.0,135.0,38.0,13.0,9.0,5.0,"Colaba, Mumbai"
2019-12-26,171.0,102.0,62.0,19.0,8.0,6.0,"Colaba, Mumbai"
2019-12-27,172.0,93.0,51.0,20.0,7.0,6.0,"Colaba, Mumbai"
2019-12-28,165.0,85.0,53.0,17.0,6.0,5.0,"Colaba, Mumbai"
2019-12-29,163.0,92.0,63.0,18.666666666666668,6.666666666666667,5.333333333333333,"Colaba, Mumbai"
2019-12-31,221.66666666666666,106.0,83.0,22.0,8.0,6.0,"Colaba, Mumbai"
2020-01-01,251.0,104.0,55.0,17.0,5.0,6.0,"Colaba, Mumbai"
2020-01-02,181.0,97.0,54.0,19.0,4.0,5.0,"Colaba, Mumbai"
2020-01-03,171.0,96.0,51.0,16.0,1.0,5.0,"Colaba, Mumbai"
2020-01-04,166.0,101.0,50.0,22.0,4.0,6.0,"Colaba, Mumbai"
2020-01-05,172.0,128.0,45.0,16.0,5.0,8.0,"Colaba, Mumbai"
2020-01-06,199.0,106.0,44.5,19.0,9.0,5.0,"Colaba, Mumbai"
2020-01-07,173.0,79.0,44.0,10.0,4.0,4.0,"Colaba, Mumbai"
2020-01-08,154.0,87.0,21.0,20.0,8.0,5.0,"Colaba, Mumbai"
2020-01-09,152.0,96.0,26.0,22.0,7.0,5.0,"Colaba, Mumbai"
2020-01-10,158.0,89.0,38.0,19.0,21.0,4.0,"Colaba, Mumbai"
2020-01-11,162.0,102.0,28.0,13.0,4.0,5.0,"Colaba, Mumbai"
2020-01-12,171.0,83.0,18.0,14.0,2.0,4.0,"Colaba, Mumbai"
2020-01-13,141.0,53.0,9.0,7.0,1.5,1.0,"Colaba, Mumbai"
2020-01-14,90.0,60.0,34.0,6.0,1.0,1.0,"Colaba, Mumbai"
2020-01-15,90.0,59.0,29.0,14.0,3.0,2.0,"Colaba, Mumbai"
2020-01-16,98.0,69.0,36.0,19.0,3.0,3.0,"Colaba, Mumbai"
2020-01-17,125.0,93.0,23.5,26.0,7.0,6.0,"Colaba, Mumbai"
2020-01-18,165.0,101.0,11.0,23.0,4.0,5.0,"Colaba, Mumbai"
2020-01-19,169.0,101.0,37.0,23.0,8.0,6.0,"Colaba, Mumbai"
2020-01-20,172.0,76.0,66.0,16.0,6.0,6.0,"Colaba, Mumbai"
2020-01-21,175.0,92.0,60.0,22.0,9.0,5.0,"Colaba, Mumbai"
2020-01-22,165.0,110.0,53.0,24.0,8.0,5.0,"Colaba, Mumbai"
2020-01-23,171.0,90.0,42.0,20.0,8.0,5.0,"Colaba, Mumbai"
2020-01-24,162.0,104.0,58.0,19.0,9.0,6.0,"Colaba, Mumbai"
2020-01-25,171.0,106.0,55.0,14.0,6.0,5.0,"Colaba, Mumbai"
2020-01-26,175.0,59.0,29.0,4.0,6.0,3.0,"Colaba, Mumbai"
2020-01-27,111.0,44.0,28.0,6.0,7.0,2.0,"Colaba, Mumbai"
2020-01-28,75.0,71.0,31.0,7.0,4.0,2.0,"Colaba, Mumbai"
2020-01-29,202.0,82.0,50.0,19.0,9.0,4.0,"Colaba, Mumbai"
2020-01-30,125.0,84.0,50.0,19.0,7.0,4.0,"Colaba, Mumbai"
2020-01-31,145.0,92.0,41.0,25.0,5.0,5.0,"Colaba, Mumbai"
2020-02-01,155.0,90.0,34.0,19.0,7.0,5.0,"Colaba, Mumbai"
2020-02-02,162.0,79.0,43.0,10.0,6.0,5.0,"Colaba, Mumbai"
2020-02-03,154.0,86.0,55.0,15.0,5.0,5.0,"Colaba, Mumbai"
2020-02-04,156.0,84.0,50.0,21.0,7.0,4.0,"Colaba, Mumbai"
2020-02-05,130.0,68.0,47.0,10.0,5.0,3.0,"Colaba, Mumbai"
2020-02-06,108.0,71.0,42.0,13.0,7.0,3.0,"Colaba, Mumbai"
2020-02-07,108.0,84.0,51.0,19.0,5.0,5.0,"Colaba, Mumbai"
2020-02-08,148.0,97.0,4.0,35.0,1.0,6.0,"Colaba, Mumbai"
2020-02-09,157.0,116.5,14.666666666666666,26.5,9.5,7.5,"Colaba, Mumbai"
2020-02-10,176.5,136.0,25.333333333333332,18.0,18.0,9.0,"Colaba, Mumbai"
2020-02-11,196.0,156.0,36.0,21.0,10.0,6.0,"Colaba, Mumbai"
2020-02-12,153.0,74.0,53.0,19.0,6.0,5.0,"Colaba, Mumbai"
2020-02-13,161.0,88.0,26.0,22.0,7.0,5.0,"Colaba, Mumbai"
2020-02-14,152.0,92.0,30.333333333333332,18.0,7.0,4.0,"Colaba, Mumbai"
2020-02-15,126.0,86.0,34.666666666666664,17.0,5.0,5.0,"Colaba, Mumbai"
2020-02-16,146.0,118.0,39.0,26.0,5.0,3.0,"Colaba, Mumbai"
2020-02-17,181.0,160.0,59.0,25.0,7.0,4.0,"Colaba, Mumbai"
2020-02-18,194.0,117.0,44.0,27.0,11.0,5.0,"Colaba, Mumbai"
2020-02-19,172.0,80.0,29.0,18.0,8.0,4.0,"Colaba, Mumbai"
2020-02-20,137.0,65.0,25.0,13.0,10.0,3.0,"Colaba, Mumbai"
2020-02-21,104.0,96.0,51.0,20.0,11.0,5.0,"Colaba, Mumbai"
2020-02-22,230.0,102.0,50.0,23.0,10.0,5.0,"Colaba, Mumbai"
2020-02-23,159.0,96.0,44.0,21.0,8.0,5.0,"Colaba, Mumbai"
2020-02-24,164.0,92.0,28.0,22.0,8.0,4.0,"Colaba, Mumbai"
2020-02-25,122.0,88.0,37.0,24.0,12.0,3.0,"Colaba, Mumbai"
2020-02-26,127.0,94.0,30.0,27.0,12.0,5.0,"Colaba, Mumbai"
2020-02-27,138.0,108.0,25.0,39.0,12.0,5.0,"Colaba, Mumbai"
2020-02-28,154.0,99.0,23.0,26.0,12.0,4.0,"Colaba, Mumbai"
2020-02-29,141.0,98.0,8.0,10.0,9.0,3.0,"Colaba, Mumbai"
2020-03-01,117.0,79.0,7.0,11.0,9.0,4.0,"Colaba, Mumbai"
2020-03-02,124.0,80.0,13.0,6.0,20.0,3.0,"Colaba, Mumbai"
2020-03-03,112.0,75.0,13.0,5.0,19.0,2.0,"Colaba, Mumbai"
2020-03-04,103.0,77.0,12.0,9.0,22.0,3.0,"Colaba, Mumbai"
2020-03-05,105.0,62.0,9.0,2.0,13.0,1.0,"Colaba, Mumbai"
2020-03-06,65.0,85.0,12.0,5.0,10.0,2.0,"Colaba, Mumbai"
2020-03-07,86.0,80.0,11.0,12.0,14.0,3.0,"Colaba, Mumbai"
2020-03-08,90.0,84.0,11.0,7.0,10.0,3.0,"Colaba, Mumbai"
2020-03-09,108.0,68.0,4.0,5.0,15.0,2.0,"Colaba, Mumbai"
2020-03-10,95.0,66.0,9.0,2.0,9.0,1.0,"Colaba, Mumbai"
2020-03-11,65.0,52.0,13.0,6.0,7.0,1.0,"Colaba, Mumbai"
2020-03-12,70.0,70.0,12.0,9.0,8.0,2.0,"Colaba, Mumbai"
2020-03-13,81.0,83.0,10.0,11.0,5.0,2.0,"Colaba, Mumbai"
2020-03-14,139.0,98.0,5.0,18.0,12.0,4.0,"Colaba, Mumbai"
2020-03-15,234.0,99.0,6.0,20.0,13.0,5.0,"Colaba, Mumbai"
2020-03-16,151.0,104.0,68.0,27.0,8.0,5.0,"Colaba, Mumbai"
2020-03-17,155.0,74.0,49.0,14.0,7.0,3.0,"Colaba, Mumbai"
2020-03-18,120.0,58.0,41.0,10.0,4.0,3.0,"Colaba, Mumbai"
2020-03-19,92.0,37.0,29.0,3.0,3.0,2.0,"Colaba, Mumbai"
2020-03-20,62.0,44.0,38.0,4.0,6.0,2.0,"Colaba, Mumbai"
2020-03-21,67.0,44.0,33.0,1.0,3.0,2.0,"Colaba, Mumbai"
2020-03-22,68.0,48.0,37.0,1.0,3.0,2.0,"Colaba, Mumbai"
2020-03-23,75.0,61.0,50.0,1.0,3.0,2.0,"Colaba, Mumbai"
2020-03-24,96.0,56.0,33.0,1.0,4.0,2.0,"Colaba, Mumbai"
2020-03-25,84.0,52.0,29.0,1.0,4.0,2.0,"Colaba, Mumbai"
2020-03-26,67.0,53.0,39.0,1.0,5.0,2.0,"Colaba, Mumbai"
2020-03-27,71.0,53.0,42.0,3.0,3.0,2.0,"Colaba, Mumbai"
2020-03-28,90.0,51.0,45.0,1.0,3.0,2.0,"Colaba, Mumbai"
2020-03-29,75.0,49.0,33.0,1.0,3.0,2.0,"Colaba, Mumbai"
2020-03-30,71.0,47.0,30.0,1.0,3.0,2.0,"Colaba, Mumbai"
2020-03-31,74.0,47.0,36.0,1.0,3.0,2.0,"Colaba, Mumbai"
2020-04-01,68.0,56.0,36.0,1.0,3.0,2.0,"Colaba, Mumbai"
2020-04-02,78.0,60.0,32.0,1.0,3.0,2.0,"Colaba, Mumbai"
2020-04-03,76.0,58.0,28.0,1.0,3.0,2.0,"Colaba, Mumbai"
2020-04-04,74.0,57.0,28.0,2.0,4.0,2.0,"Colaba, Mumbai"
2020-04-05,85.0,49.0,25.0,1.0,4.0,2.0,"Colaba, Mumbai"
2020-04-06,68.0,50.0,17.0,1.0,4.0,2.0,"Colaba, Mumbai"
2020-04-07,61.0,58.07692307692308,17.0,1.0,4.0,2.230769230769231,"Colaba, Mumbai"
2020-04-19,162.53846153846155,155.0,17.0,1.0,4.0,5.0,"Colaba, Mumbai"
2020-04-20,171.0,18.0,19.0,1.0,4.0,5.0,"Colaba, Mumbai"
2020-04-21,64.0,24.0,20.0,1.0,7.0,5.0,"Colaba, Mumbai"
2020-04-22,68.0,22.0,19.0,1.0,10.0,4.0,"Colaba, Mumbai"
2020-04-23,66.0,20.0,17.0,1.0,11.0,4.0,"Colaba, Mumbai"
2020-04-24,66.0,20.0,22.0,1.0,12.0,4.0,"Colaba, Mumbai"
2020-04-25,52.0,21.0,21.0,1.0,11.0,4.0,"Colaba, Mumbai"
2020-04-26,57.0,19.0,19.0,1.0,10.0,4.0,"Colaba, Mumbai"
2020-04-27,55.0,22.0,21.0,1.0,12.0,4.0,"Colaba, Mumbai"
2020-04-28,66.0,25.0,20.0,1.0,11.0,4.0,"Colaba, Mumbai"
2020-04-29,63.0,26.0,18.0,1.0,12.0,5.0,"Colaba, Mumbai"
2020-04-30,62.0,35.0,19.0,1.1,13.0,5.0,"Colaba, Mumbai"
2020-05-01,79.0,15.0,17.0,1.2,13.0,5.0,"Colaba, Mumbai"
2020-05-02,41.0,13.0,18.0,1.3,12.0,5.0,"Colaba, Mumbai"
2020-05-03,36.0,14.0,17.0,4.0,13.0,5.0,"Colaba, Mumbai"
2020-05-04,44.0,19.0,18.0,4.0,12.0,5.0,"Colaba, Mumbai"
2020-05-05,43.0,80.0,19.0,4.0,15.0,6.0,"Colaba, Mumbai"
2020-05-06,117.0,71.0,21.0,4.0,14.0,5.0,"Colaba, Mumbai"
2020-05-07,98.0,80.0,19.0,4.0,15.0,5.0,"Colaba, Mumbai"
2020-05-08,105.0,66.0,21.0,4.0,18.0,5.0,"Colaba, Mumbai"
2020-05-09,85.0,53.0,19.0,2.0,14.0,5.0,"Colaba, Mumbai"
2020-05-10,81.0,46.0,18.0,1.5,13.0,6.0,"Colaba, Mumbai"
2020-05-11,73.0,81.0,18.0,1.0,17.0,5.0,"Colaba, Mumbai"
2020-05-12,136.0,54.0,17.0,1.0,14.0,5.0,"Colaba, Mumbai"
2020-05-13,107.0,22.0,16.0,1.0,14.0,5.0,"Colaba, Mumbai"
2020-05-14,49.0,69.0,17.0,1.0,18.0,5.0,"Colaba, Mumbai"
2020-05-15,93.0,47.0,17.0,1.0,12.0,5.0,"Colaba, Mumbai"
2020-05-16,103.0,50.0,18.0,1.0,11.0,5.0,"Colaba, Mumbai"
2020-05-17,113.0,73.0,18.0,1.0,10.0,5.0,"Colaba, Mumbai"
2020-05-18,123.0,46.5,18.0,1.0,7.0,5.0,"Colaba, Mumbai"
2020-05-19,72.75,20.0,16.0,5.0,6.0,5.0,"Colaba, Mumbai"
2020-05-20,143.0,14.0,18.0,5.0,3.0,4.0,"Colaba, Mumbai"
2020-05-21,49.0,14.0,18.0,2.0,3.0,4.0,"Colaba, Mumbai"
2020-05-22,51.0,24.0,16.0,2.0,2.0,3.0,"Colaba, Mumbai"
2020-05-23,54.0,27.0,16.0,2.0,2.0,3.0,"Colaba, Mumbai"
2020-05-24,46.0,31.0,16.0,2.0,2.0,3.0,"Colaba, Mumbai"
2020-05-25,49.0,32.0,15.0,2.0,2.0,3.0,"Colaba, Mumbai"
2020-05-26,52.0,30.0,15.0,2.0,2.0,3.0,"Colaba, Mumbai"
2020-05-27,51.0,25.0,15.0,2.0,1.0,3.0,"Colaba, Mumbai"
2020-05-28,43.0,21.0,14.0,2.0,2.0,3.0,"Colaba, Mumbai"
2020-05-29,39.0,22.0,14.0,2.0,2.0,3.0,"Colaba, Mumbai"
2020-05-30,41.0,25.0,15.0,2.0,2.0,3.0,"Colaba, Mumbai"
2020-05-31,42.0,25.0,19.0,2.0,1.0,4.0,"Colaba, Mumbai"
2020-06-01,54.0,28.0,18.0,2.0,2.0,4.0,"Colaba, Mumbai"
2020-06-02,80.0,18.0,14.0,2.0,1.0,3.0,"Colaba, Mumbai"
2020-06-03,50.0,103.0,13.0,2.0,1.0,3.0,"Colaba, Mumbai"
2020-06-04,132.0,25.0,14.0,2.0,1.0,3.0,"Colaba, Mumbai"
2020-06-05,34.0,23.6,13.6,2.0,1.0,3.0,"Colaba, Mumbai"
2020-06-09,57.2,18.0,12.0,2.0,4.0,3.0,"Colaba, Mumbai"
2020-06-10,63.0,16.0,12.0,2.0,4.0,3.0,"Colaba, Mumbai"
2020-06-11,64.0,16.714285714285715,12.0,2.7142857142857144,4.0,2.857142857142857,"Colaba, Mumbai"
2020-06-17,17.0,21.0,12.0,7.0,1.0,2.0,"Colaba, Mumbai"
2020-06-18,35.0,29.0,12.0,3.0,8.0,3.0,"Colaba, Mumbai"
2020-06-19,52.0,29.0,1.0,2.0,7.5,3.0,"Colaba, Mumbai"
2020-06-20,55.0,25.0,2.0,2.0,7.0,3.0,"Colaba, Mumbai"
2020-06-21,52.0,26.0,2.0,2.0,6.5,3.0,"Colaba, Mumbai"
2020-06-22,48.0,22.0,2.0,3.0,4.0,3.0,"Colaba, Mumbai"
2020-06-23,67.0,17.0,2.0,3.0,4.0,3.0,"Colaba, Mumbai"
2020-06-24,36.0,21.0,1.0,3.0,4.0,3.0,"Colaba, Mumbai"
2020-06-25,54.0,22.0,1.0,4.0,4.0,3.0,"Colaba, Mumbai"
2020-06-26,55.0,29.0,1.0,3.0,4.0,3.0,"Colaba, Mumbai"
2020-06-27,66.0,22.0,1.0,3.0,4.0,3.0,"Colaba, Mumbai"
2020-06-28,53.0,15.0,1.0,3.0,4.0,3.0,"Colaba, Mumbai"
2020-06-29,30.0,48.5,8.0,3.5,4.0,2.0,"Colaba, Mumbai"
2020-06-30,63.25,82.0,6.0,4.0,4.0,1.6666666666666667,"Colaba, Mumbai"
2020-07-02,129.75,149.0,2.0,5.0,1.0,1.0,"Colaba, Mumbai"
2020-07-03,163.0,18.0,2.0,4.0,2.0,1.0,"Colaba, Mumbai"
2020-07-04,29.0,25.0,2.0,4.0,2.0,1.0,"Colaba, Mumbai"
2020-07-05,49.0,29.0,5.0,4.0,2.0,1.0,"Colaba, Mumbai"
2020-07-06,57.0,23.0,4.0,4.0,2.0,2.0,"Colaba, Mumbai"
2020-07-07,43.0,26.0,1.0,4.0,2.0,1.0,"Colaba, Mumbai"
2020-07-08,48.0,23.0,1.0,4.0,2.0,1.0,"Colaba, Mumbai"
2020-07-09,48.0,25.0,1.0,4.0,2.0,1.0,"Colaba, Mumbai"
2020-07-10,51.0,24.0,2.0,4.0,2.0,1.0,"Colaba, Mumbai"
2020-07-11,45.0,17.0,2.0,4.0,2.0,1.0,"Colaba, Mumbai"
2020-07-12,38.0,16.0,1.0,5.0,2.0,1.0,"Colaba, Mumbai"
2020-07-13,30.0,15.0,1.0,5.0,2.0,1.0,"Colaba, Mumbai"
2020-07-14,29.0,14.0,1.0,5.0,2.0,1.0,"Colaba, Mumbai"
2020-07-15,28.0,16.0,2.0,4.0,2.0,1.0,"Colaba, Mumbai"
2020-07-16,35.0,18.0,1.0,5.0,2.0,1.0,"Colaba, Mumbai"
2020-07-17,42.0,24.0,1.0,5.0,2.0,1.0,"Colaba, Mumbai"
2020-07-18,52.0,27.0,1.0,4.0,2.0,1.0,"Colaba, Mumbai"
2020-07-19,52.0,29.0,1.0,5.0,2.0,1.0,"Colaba, Mumbai"
2020-07-20,54.0,23.0,1.0,5.0,3.0,1.0,"Colaba, Mumbai"
2020-07-21,48.0,18.0,1.0,5.0,2.0,1.0,"Colaba, Mumbai"
2020-07-22,37.0,18.0,1.0,6.0,2.0,1.0,"Colaba, Mumbai"
2020-07-23,43.0,22.0,1.0,8.0,3.0,2.0,"Colaba, Mumbai"
2020-07-24,49.0,16.0,1.0,6.0,2.0,2.0,"Colaba, Mumbai"
2020-07-25,30.0,14.0,1.0,6.0,2.0,1.0,"Colaba, Mumbai"
2020-07-26,27.0,17.0,1.0,5.0,2.0,2.0,"Colaba, Mumbai"
2020-07-27,34.0,21.0,1.0,8.0,3.0,2.0,"Colaba, Mumbai"
2020-07-28,42.0,41.0,1.0,7.0,3.0,2.0,"Colaba, Mumbai"
2020-07-29,51.0,47.25,1.0,4.0,3.0,2.0,"Colaba, Mumbai"
2020-07-30,29.0,53.5,4.0,5.0,3.0,2.0,"Colaba, Mumbai"
2020-07-31,30.0,59.75,4.0,6.0,3.0,2.0,"Colaba, Mumbai"
2020-08-01,30.0,32.5,1.0,5.0,2.0,2.0,"Colaba, Mumbai"
2020-08-02,28.0,32.5,1.0,4.0,2.0,2.0,"Colaba, Mumbai"
2020-08-03,24.0,32.5,1.0,4.0,2.0,2.0,"Colaba, Mumbai"
2020-08-04,30.0,32.5,2.0,4.0,2.0,2.0,"Colaba, Mumbai"
2020-08-05,46.0,91.0,3.0,4.0,3.0,2.0,"Colaba, Mumbai"
2020-08-06,38.0,29.0,2.0,4.0,2.0,2.0,"Colaba, Mumbai"
2020-08-07,50.0,31.0,1.0,4.0,2.0,2.0,"Colaba, Mumbai"
2020-08-08,48.0,34.0,2.0,4.0,2.0,1.0,"Colaba, Mumbai"
2020-08-09,53.0,28.0,2.0,5.0,3.0,1.0,"Colaba, Mumbai"
2020-08-10,217.0,30.0,2.0,4.0,2.0,1.0,"Colaba, Mumbai"
2020-08-11,206.75,24.0,2.0,4.0,2.0,1.0,"Colaba, Mumbai"
2020-08-12,196.5,26.0,1.0,4.0,2.0,1.0,"Colaba, Mumbai"
2020-08-13,186.25,25.0,1.0,5.0,2.0,1.0,"Colaba, Mumbai"
2020-08-14,51.0,29.0,1.0,4.0,2.0,1.0,"Colaba, Mumbai"
2020-08-15,51.0,30.0,1.0,4.0,2.0,1.0,"Colaba, Mumbai"
2020-08-16,51.0,28.0,1.0,5.0,2.0,1.0,"Colaba, Mumbai"
2020-08-17,51.0,23.0,1.0,5.0,2.0,1.0,"Colaba, Mumbai"
2020-08-18,51.0,22.0,1.0,4.0,2.0,2.0,"Colaba, Mumbai"
2020-08-19,51.0,22.0,1.0,5.0,3.0,2.0,"Colaba, Mumbai"
2020-08-20,51.0,21.0,1.0,4.0,2.0,2.0,"Colaba, Mumbai"
2020-08-21,51.0,59.0,1.0,4.0,2.0,2.0,"Colaba, Mumbai"
2020-08-22,94.0,25.0,1.0,4.0,2.5,2.0,"Colaba, Mumbai"
2020-08-23,46.0,26.0,1.0,4.0,3.0,2.0,"Colaba, Mumbai"
2020-08-24,48.0,25.0,1.0,4.0,2.0,2.0,"Colaba, Mumbai"
2020-08-25,52.0,22.0,1.0,4.0,2.0,2.0,"Colaba, Mumbai"
2020-08-26,47.0,25.0,1.0,4.0,3.0,2.0,"Colaba, Mumbai"
2020-08-27,51.0,21.0,1.0,5.0,3.0,3.0,"Colaba, Mumbai"
2020-08-28,43.0,21.0,1.0,5.0,3.0,3.0,"Colaba, Mumbai"
2020-08-29,49.0,20.0,1.0,4.0,3.0,3.0,"Colaba, Mumbai"
2020-08-30,47.0,23.0,1.0,4.0,3.0,3.0,"Colaba, Mumbai"
2020-08-31,49.0,23.0,1.4,6.0,3.0,3.0,"Colaba, Mumbai"
2020-09-01,52.0,32.0,1.7999999999999998,8.0,2.0,3.0,"Colaba, Mumbai"
2020-09-02,62.0,38.0,2.2,9.0,3.0,4.0,"Colaba, Mumbai"
2020-09-03,70.0,40.0,4.0,15.0,3.0,5.0,"Colaba, Mumbai"
2020-09-04,96.0,41.0,3.0,10.0,3.0,4.0,"Colaba, Mumbai"
2020-09-05,101.0,48.0,2.7142857142857144,9.0,2.0,4.0,"Colaba, Mumbai"
2020-09-06,126.0,25.0,2.428571428571429,8.0,2.0,3.0,"Colaba, Mumbai"
2020-09-07,58.0,26.0,2.142857142857143,8.0,2.0,3.0,"Colaba, Mumbai"
2020-09-08,60.0,33.0,4.0,10.0,3.0,3.0,"Colaba, Mumbai"
2020-09-09,83.0,25.0,4.0,8.0,2.0,3.0,"Colaba, Mumbai"
2020-09-10,69.0,39.0,4.0,16.0,2.0,4.0,"Colaba, Mumbai"
2020-09-11,106.0,41.0,1.0,9.0,2.0,3.0,"Colaba, Mumbai"
2020-09-12,43.0,22.0,1.0,5.0,2.0,2.0,"Colaba, Mumbai"
2020-09-13,50.0,19.0,1.1111111111111112,6.0,1.0,2.0,"Colaba, Mumbai"
2020-09-14,53.0,17.0,1.2222222222222223,6.0,1.0,2.0,"Colaba, Mumbai"
2020-09-15,49.0,22.0,1.3333333333333333,8.0,1.0,3.0,"Colaba, Mumbai"
2020-09-16,54.0,23.0,4.0,7.0,2.0,3.0,"Colaba, Mumbai"
2020-09-17,58.0,21.0,4.0,9.0,3.0,3.0,"Colaba, Mumbai"
2020-09-18,57.0,26.0,4.0,8.0,2.0,4.0,"Colaba, Mumbai"
2020-09-19,67.0,24.0,4.0,10.0,5.0,5.0,"Colaba, Mumbai"
2020-09-20,70.0,25.0,4.0,11.0,4.0,5.0,"Colaba, Mumbai"
2020-09-21,74.0,25.0,2.0,10.0,5.0,5.0,"Colaba, Mumbai"
2020-09-22,71.0,18.0,3.0,5.0,4.0,4.0,"Colaba, Mumbai"
2020-09-23,51.0,17.0,1.0,9.0,3.0,4.0,"Colaba, Mumbai"
2020-09-24,49.0,22.0,1.0,7.0,2.0,3.0,"Colaba, Mumbai"
2020-09-25,60.0,28.0,1.0,5.0,2.0,3.0,"Colaba, Mumbai"
2020-09-26,56.0,29.0,1.0,6.0,3.0,4.0,"Colaba, Mumbai"
2020-09-27,63.0,29.0,1.0,8.0,3.0,4.0,"Colaba, Mumbai"
2020-09-28,65.0,108.0,1.0,8.0,3.0,4.0,"Colaba, Mumbai"
2020-09-29,70.0,27.0,1.0,11.0,2.0,4.0,"Colaba, Mumbai"
2020-09-30,82.0,34.0,2.0,9.0,2.0,4.0,"Colaba, Mumbai"
2020-10-01,75.0,36.0,1.0,10.0,2.0,4.0,"Colaba, Mumbai"
2020-10-02,93.0,42.0,1.0,14.0,3.0,5.0,"Colaba, Mumbai"
2020-10-03,118.0,22.0,1.0,10.0,2.0,5.0,"Colaba, Mumbai"
2020-10-04,76.0,24.0,1.5,7.0,2.0,4.0,"Colaba, Mumbai"
2020-10-05,73.0,36.0,2.0,11.0,4.0,4.0,"Colaba, Mumbai"
2020-10-06,99.0,42.0,3.0,15.0,3.0,5.0,"Colaba, Mumbai"
2020-10-07,114.0,43.0,2.0,10.0,3.0,4.0,"Colaba, Mumbai"
2020-10-08,123.0,49.0,3.0,13.0,2.0,6.0,"Colaba, Mumbai"
2020-10-09,154.0,48.0,8.0,12.0,3.0,7.0,"Colaba, Mumbai"
2020-10-10,149.0,37.0,11.0,11.0,2.0,6.0,"Colaba, Mumbai"
2020-10-11,127.0,39.0,11.0,9.0,2.0,5.0,"Colaba, Mumbai"
2020-10-12,130.0,37.0,7.0,10.0,2.0,5.0,"Colaba, Mumbai"
2020-10-13,115.0,35.0,8.0,16.0,2.0,6.0,"Colaba, Mumbai"
2020-10-14,112.0,23.0,9.0,11.0,2.0,6.0,"Colaba, Mumbai"
2020-10-15,80.0,26.0,8.0,12.0,1.0,5.0,"Colaba, Mumbai"
2020-10-16,73.0,30.0,7.0,5.0,1.0,4.0,"Colaba, Mumbai"
2020-10-17,75.0,32.0,5.0,6.0,1.0,4.0,"Colaba, Mumbai"
2020-10-18,71.0,64.0,3.0,7.0,2.0,5.0,"Colaba, Mumbai"
2020-10-19,97.0,64.0,6.0,11.0,3.0,6.0,"Colaba, Mumbai"
2020-10-20,102.0,64.0,10.0,13.0,2.0,6.0,"Colaba, Mumbai"
2020-10-21,140.0,64.0,8.0,22.0,3.0,7.0,"Colaba, Mumbai"
2020-10-22,127.0,64.0,13.0,16.0,3.0,6.0,"Colaba, Mumbai"
2020-10-23,101.5,192.0,6.0,6.0,3.0,6.0,"Colaba, Mumbai"
2020-10-24,109.80555555555556,240.0,11.0,10.0,4.0,7.0,"Colaba, Mumbai"
2020-10-25,118.11111111111111,88.0,12.0,16.0,3.0,7.0,"Colaba, Mumbai"
2020-10-26,126.41666666666667,45.0,7.0,23.0,4.0,7.0,"Colaba, Mumbai"
2020-10-27,102.0,58.0,6.0,24.0,4.0,8.0,"Colaba, Mumbai"
2020-10-28,102.0,57.0,6.0,22.333333333333332,4.666666666666667,8.0,"Colaba, Mumbai"
2020-10-30,102.0,55.0,6.0,19.0,6.0,8.0,"Colaba, Mumbai"
2020-10-31,102.0,52.0,3.0,30.0,5.0,8.0,"Colaba, Mumbai"
2020-11-01,129.5,59.0,4.0,28.0,5.0,10.0,"Colaba, Mumbai"
2020-11-02,129.5,61.0,5.0,22.0,5.0,9.0,"Colaba, Mumbai"
2020-11-03,129.5,62.0,6.0,30.0,7.0,10.0,"Colaba, Mumbai"
2020-11-04,129.5,64.0,6.0,31.0,5.0,10.0,"Colaba, Mumbai"
2020-11-05,129.5,58.5,5.0,25.5,6.0,9.5,"Colaba, Mumbai"
2020-11-06,129.5,53.0,4.0,20.0,7.0,9.0,"Colaba, Mumbai"
2020-11-07,129.5,53.0,4.0,26.0,11.0,9.0,"Colaba, Mumbai"
2020-11-08,129.5,57.0,3.0,33.0,8.0,9.0,"Colaba, Mumbai"
2020-11-09,129.5,73.0,3.0,29.0,11.0,8.0,"Colaba, Mumbai"
2020-11-10,251.0,57.0,2.0,33.0,12.0,9.0,"Colaba, Mumbai"
2020-11-11,350.0,56.0,3.0,29.0,13.0,9.0,"Colaba, Mumbai"
2020-11-12,284.3333333333333,76.0,1.0,33.0,11.0,10.0,"Colaba, Mumbai"
2020-11-13,218.66666666666666,41.0,3.0,29.0,12.0,9.0,"Colaba, Mumbai"
2020-11-14,153.0,45.0,4.0,24.0,8.0,10.0,"Colaba, Mumbai"
2020-11-15,182.0,76.0,4.0,17.0,7.0,9.0,"Colaba, Mumbai"
2020-11-16,185.0,68.0,3.0,21.0,9.0,9.0,"Colaba, Mumbai"
2020-11-17,171.0,100.0,2.0,25.0,9.0,11.0,"Colaba, Mumbai"
2020-11-18,162.0,65.0,2.0,24.0,11.0,10.0,"Colaba, Mumbai"
2020-11-19,128.0,85.0,3.0,27.0,11.0,9.0,"Colaba, Mumbai"
2020-11-20,144.0,61.0,3.0,20.0,8.0,9.0,"Colaba, Mumbai"
2020-11-21,131.0,69.0,2.0,26.0,9.0,10.0,"Colaba, Mumbai"
2020-11-22,118.0,60.0,2.0,23.0,9.0,9.0,"Colaba, Mumbai"
2020-11-23,99.0,69.0,2.0,21.0,9.0,9.0,"Colaba, Mumbai"
2020-11-24,116.0,87.0,2.0,29.0,11.0,12.0,"Colaba, Mumbai"
2020-11-25,157.0,84.0,2.0,32.0,11.0,12.0,"Colaba, Mumbai"
2020-11-26,161.0,61.0,2.0,28.0,17.0,8.0,"Colaba, Mumbai"
2020-11-27,138.0,58.0,2.0,24.0,20.0,8.0,"Colaba, Mumbai"
2020-11-28,121.0,38.0,2.0,16.0,6.0,7.0,"Colaba, Mumbai"
2020-11-29,76.0,62.0,2.0,27.0,9.0,10.0,"Colaba, Mumbai"
2020-11-30,135.0,65.0,1.0,24.0,11.0,10.0,"Colaba, Mumbai"
2020-12-01,145.0,71.0,1.0,24.0,12.0,10.0,"Colaba, Mumbai"
2020-12-02,156.0,64.0,1.0,24.0,12.0,10.0,"Colaba, Mumbai"
2020-12-03,149.0,67.0,2.0,33.0,15.0,11.0,"Colaba, Mumbai"
2020-12-04,151.0,68.0,1.0,36.0,14.0,11.0,"Colaba, Mumbai"
2020-12-05,157.0,62.0,1.0,39.0,15.0,10.0,"Colaba, Mumbai"
2020-12-06,149.0,55.0,2.0,26.0,8.0,9.0,"Colaba, Mumbai"
2020-12-07,148.0,53.0,2.0,25.0,6.0,7.0,"Colaba, Mumbai"
2020-12-08,117.0,57.0,1.0,31.0,4.0,8.0,"Colaba, Mumbai"
2020-12-09,128.0,58.0,2.0,24.0,5.0,8.0,"Colaba, Mumbai"
2020-12-10,128.0,67.0,2.0,27.0,6.0,11.0,"Colaba, Mumbai"
2020-12-11,145.0,55.0,2.0,18.0,7.0,8.0,"Colaba, Mumbai"
2020-12-12,110.0,56.0,2.0,23.0,4.0,7.0,"Colaba, Mumbai"
2020-12-13,118.0,46.0,2.0,18.0,4.0,6.0,"Colaba, Mumbai"
2020-12-14,81.0,61.0,1.0,23.0,5.0,7.0,"Colaba, Mumbai"
2020-12-15,128.0,66.0,2.0,20.0,5.0,8.0,"Colaba, Mumbai"
2020-12-16,148.0,64.0,2.0,19.0,6.0,8.0,"Colaba, Mumbai"
2020-12-17,156.0,64.0,2.0,21.0,7.0,8.0,"Colaba, Mumbai"
2020-12-18,157.0,57.0,2.0,26.0,5.0,7.0,"Colaba, Mumbai"
2020-12-19,144.0,56.0,2.0,28.0,10.0,7.0,"Colaba, Mumbai"
2020-12-20,140.0,48.0,2.0,27.0,7.0,6.0,"Colaba, Mumbai"
2020-12-21,124.0,51.0,2.0,36.0,9.0,8.0,"Colaba, Mumbai"
2020-12-22,130.0,62.0,2.0,40.0,8.0,9.0,"Colaba, Mumbai"
2020-12-23,141.0,58.0,3.0,32.0,8.0,9.0,"Colaba, Mumbai"
2020-12-24,119.0,62.0,3.0,34.0,5.0,11.0,"Colaba, Mumbai"
2020-12-25,138.0,68.0,3.0,29.0,9.0,11.0,"Colaba, Mumbai"
2020-12-26,140.0,69.0,1.0,29.0,14.0,10.0,"Colaba, Mumbai"
2020-12-27,163.0,55.0,2.333333333333333,19.0,9.0,6.0,"Colaba, Mumbai"
2020-12-28,118.0,95.0,3.6666666666666665,26.0,7.0,7.0,"Colaba, Mumbai"
2020-12-29,159.0,71.0,5.0,27.0,7.0,11.0,"Colaba, Mumbai"
2020-12-30,156.0,99.0,6.0,34.0,5.0,13.0,"Colaba, Mumbai"
2020-12-31,161.0,217.0,4.0,26.0,1.0,14.0,"Colaba, Mumbai"
2021-01-01,162.0,74.0,4.0,12.0,2.333333333333333,12.0,"Colaba, Mumbai"
2021-01-02,198.0,63.0,5.0,16.0,3.6666666666666665,10.0,"Colaba, Mumbai"
2021-01-03,180.5,72.0,6.0,20.0,5.0,14.0,"Colaba, Mumbai"
2021-01-04,163.0,71.0,7.0,14.0,5.0,12.0,"Colaba, Mumbai"
2021-01-05,160.0,78.0,6.0,16.0,5.0,14.0,"Colaba, Mumbai"
2021-01-06,161.0,75.0,6.0,21.0,6.0,13.0,"Colaba, Mumbai"
2021-01-07,151.0,74.0,3.0,17.0,4.0,15.0,"Colaba, Mumbai"
2021-01-08,155.0,68.0,1.0,14.0,3.0,13.0,"Colaba, Mumbai"
2021-01-09,141.0,66.0,2.0,12.0,4.0,14.0,"Colaba, Mumbai"
2021-01-10,152.0,69.0,3.0,16.0,4.0,14.0,"Colaba, Mumbai"
2021-01-11,147.0,71.0,10.5,17.0,4.0,14.0,"Colaba, Mumbai"
2021-01-12,154.0,98.0,18.0,11.0,6.0,12.0,"Colaba, Mumbai"
2021-01-13,156.0,65.0,9.5,12.0,5.0,14.0,"Colaba, Mumbai"
2021-01-14,126.0,45.0,1.0,14.0,5.0,8.0,"Colaba, Mumbai"
2021-01-15,87.0,52.0,4.0,27.0,3.0,8.0,"Colaba, Mumbai"
2021-01-16,101.0,49.0,2.0,14.0,1.0,8.0,"Colaba, Mumbai"
2021-01-17,93.0,33.0,76.0,9.0,1.0,6.0,"Colaba, Mumbai"
2021-01-18,61.0,52.0,67.0,20.0,1.0,9.0,"Colaba, Mumbai"
2021-01-19,99.0,60.0,58.0,27.0,3.0,12.0,"Colaba, Mumbai"
2021-01-20,126.0,62.0,4.0,17.0,4.0,9.0,"Colaba, Mumbai"
2021-01-21,121.0,71.0,4.0,26.0,4.0,10.0,"Colaba, Mumbai"
2021-01-22,141.0,72.0,5.0,23.0,7.0,11.0,"Colaba, Mumbai"
2021-01-23,140.0,57.0,3.0,15.0,5.0,8.0,"Colaba, Mumbai"
2021-01-24,107.0,68.0,4.0,21.0,5.0,8.0,"Colaba, Mumbai"
2021-01-25,129.0,68.0,4.0,21.0,4.0,10.0,"Colaba, Mumbai"
2021-01-26,126.0,64.0,5.0,22.0,3.0,11.0,"Colaba, Mumbai"
2021-01-27,119.0,65.0,5.0,24.0,4.0,12.0,"Colaba, Mumbai"
2021-01-28,121.0,61.0,4.0,31.0,3.0,12.0,"Colaba, Mumbai"
2021-01-29,123.0,66.0,4.0,31.0,6.0,13.0,"Colaba, Mumbai"
2021-01-30,126.0,60.0,3.0,31.0,4.0,14.0,"Colaba, Mumbai"
2021-01-31,114.0,60.0,3.0,25.0,3.0,12.0,"Colaba, Mumbai"
2021-02-01,111.0,64.0,3.0,27.0,6.0,11.0,"Colaba, Mumbai"
2021-02-02,132.0,59.0,1.0,38.0,8.0,13.0,"Colaba, Mumbai"
2021-02-03,117.0,66.0,1.0,34.0,11.0,13.0,"Colaba, Mumbai"
2021-02-04,134.0,58.0,1.0,18.0,9.0,11.0,"Colaba, Mumbai"
2021-02-05,111.0,54.0,1.0,27.0,10.0,10.0,"Colaba, Mumbai"
2021-02-06,99.0,50.0,1.0,24.0,10.0,9.0,"Colaba, Mumbai"
2021-02-07,94.0,55.0,1.5,27.0,10.0,11.0,"Colaba, Mumbai"
2021-02-08,119.0,61.0,2.0,32.0,10.0,11.0,"Colaba, Mumbai"
2021-02-09,125.0,108.0,1.9166666666666667,28.0,5.0,13.0,"Colaba, Mumbai"
2021-02-10,126.0,111.0,1.8333333333333333,35.0,7.0,16.0,"Colaba, Mumbai"
2021-02-11,199.0,66.0,1.75,24.0,6.0,16.0,"Colaba, Mumbai"
2021-02-12,128.0,56.0,4.0,21.0,7.0,12.0,"Colaba, Mumbai"
2021-02-13,115.0,43.0,4.0,11.0,4.0,8.0,"Colaba, Mumbai"
2021-02-14,83.0,77.0,4.0,8.0,3.0,6.0,"Colaba, Mumbai"
2021-02-15,159.0,35.0,4.0,10.0,4.0,7.0,"Colaba, Mumbai"
2021-02-16,74.0,39.0,4.0,11.0,3.0,7.0,"Colaba, Mumbai"
2021-02-17,85.0,61.0,4.0,20.0,3.0,12.0,"Colaba, Mumbai"
2021-02-18,176.0,32.0,4.0,17.0,4.0,8.0,"Colaba, Mumbai"
2021-02-19,74.0,36.0,4.0,18.0,4.0,8.0,"Colaba, Mumbai"
2021-02-20,80.0,43.0,1.0,20.0,7.0,10.0,"Colaba, Mumbai"
2021-02-21,89.0,52.0,1.3333333333333333,23.0,10.0,11.0,"Colaba, Mumbai"
2021-02-22,114.0,58.0,1.6666666666666665,17.0,12.0,11.0,"Colaba, Mumbai"
2021-02-23,128.0,66.0,2.0,23.0,10.0,14.0,"Colaba, Mumbai"
2021-02-24,137.0,55.0,1.5,15.0,8.0,12.0,"Colaba, Mumbai"
2021-02-25,107.0,45.0,1.0,11.0,10.0,10.0,"Colaba, Mumbai"
2021-02-26,87.0,41.0,1.0,10.0,9.0,6.0,"Colaba, Mumbai"
2021-02-27,73.0,46.0,1.25,13.0,6.0,9.0,"Colaba, Mumbai"
2021-02-28,94.0,56.0,1.5,13.0,8.0,12.0,"Colaba, Mumbai"
2021-03-01,114.0,56.0,1.75,15.0,11.0,12.0,"Colaba, Mumbai"
2021-03-02,124.0,53.0,4.0,20.0,13.0,11.0,"Colaba, Mumbai"
2021-03-03,111.0,59.0,4.0,23.0,14.0,13.0,"Colaba, Mumbai"
2021-03-04,123.0,52.0,4.0,15.0,14.0,14.0,"Colaba, Mumbai"
2021-03-05,116.0,44.0,4.0,9.0,11.0,11.0,"Colaba, Mumbai"
2021-03-06,101.0,41.0,4.0,12.0,12.0,9.0,"Colaba, Mumbai"
2021-03-07,97.0,37.0,4.0,12.0,29.0,9.0,"Colaba, Mumbai"
2021-03-08,82.0,49.0,4.0,16.0,46.0,9.0,"Colaba, Mumbai"
2021-03-09,106.0,47.0,4.0,15.0,54.0,10.0,"Colaba, Mumbai"
2021-03-10,94.0,40.0,4.0,8.0,54.0,7.0,"Colaba, Mumbai"
2021-03-11,81.0,34.0,4.0,9.0,48.0,7.0,"Colaba, Mumbai"
2021-03-12,75.0,59.0,4.0,13.0,51.0,10.0,"Colaba, Mumbai"
2021-03-13,124.0,55.0,4.0,14.0,55.0,10.0,"Colaba, Mumbai"
2021-03-14,113.0,54.0,5.0,13.0,22.0,12.0,"Colaba, Mumbai"
2021-03-15,115.0,51.0,5.045454545454546,13.0,35.0,9.0,"Colaba, Mumbai"
2021-03-16,122.0,58.0,5.090909090909091,15.0,48.0,10.0,"Colaba, Mumbai"
2021-03-17,131.0,47.0,5.136363636363637,9.0,61.0,8.0,"Colaba, Mumbai"
2021-03-18,110.0,115.0,4.0,10.0,31.0,7.0,"Colaba, Mumbai"
2021-03-19,183.0,47.0,4.0,6.0,20.0,4.0,"Colaba, Mumbai"
2021-03-20,134.0,45.0,4.0,11.0,42.0,6.0,"Colaba, Mumbai"
2021-03-21,122.0,44.0,4.0,11.0,33.0,6.0,"Colaba, Mumbai"
2021-03-22,107.0,53.0,4.0,15.0,45.0,7.0,"Colaba, Mumbai"
2021-03-23,124.0,67.0,4.0,22.0,40.0,10.0,"Colaba, Mumbai"
2021-03-24,139.0,56.0,4.0,26.0,25.0,12.0,"Colaba, Mumbai"
2021-03-25,137.0,56.0,4.0,24.0,31.0,12.0,"Colaba, Mumbai"
2021-03-26,127.0,63.0,4.0,29.0,57.0,14.0,"Colaba, Mumbai"
2021-03-27,139.0,49.0,4.0,11.0,49.0,8.0,"Colaba, Mumbai"
2021-03-28,127.0,44.0,4.0,6.0,41.0,6.0,"Colaba, Mumbai"
2021-03-29,139.5,41.0,4.0,6.0,9.0,13.0,"Colaba, Mumbai"
2021-03-30,152.0,70.0,4.0,5.0,9.0,13.0,"Colaba, Mumbai"
2021-03-31,88.0,158.0,4.0,4.0,34.0,8.0,"Colaba, Mumbai"
2021-04-01,132.0,84.0,4.0,5.0,49.0,6.0,"Colaba, Mumbai"
2021-04-02,130.0,45.0,4.0,5.0,39.0,6.0,"Colaba, Mumbai"
2021-04-03,122.0,26.0,4.0,4.0,27.0,4.0,"Colaba, Mumbai"
2021-04-04,93.0,196.0,4.0,4.0,51.0,5.0,"Colaba, Mumbai"
2021-04-05,80.0,179.88888888888889,4.0,6.0,40.0,6.0,"Colaba, Mumbai"
2021-04-06,108.0,163.77777777777777,4.0,4.0,33.0,6.0,"Colaba, Mumbai"
2021-04-07,191.0,147.66666666666669,4.0,4.0,40.0,6.0,"Colaba, Mumbai"
2021-04-08,88.0,58.0,4.0,4.0,36.0,7.0,"Colaba, Mumbai"
2021-04-09,99.0,58.0,4.0,3.0,31.666666666666668,4.0,"Colaba, Mumbai"
2021-04-10,107.0,58.0,4.0,3.0,27.333333333333336,5.0,"Colaba, Mumbai"
2021-04-11,109.0,58.0,4.0,5.0,23.0,6.0,"Colaba, Mumbai"
2021-04-12,102.0,58.0,4.0,7.0,33.0,5.0,"Colaba, Mumbai"
2021-04-13,142.0,51.0,4.0,3.0,37.0,3.0,"Colaba, Mumbai"
2021-04-14,140.1216216216216,52.0,4.0,3.0,36.19444444444444,4.0,"Colaba, Mumbai"
2021-04-15,138.24324324324326,33.0,4.0,3.0,35.388888888888886,3.0,"Colaba, Mumbai"
2021-04-16,136.36486486486487,76.0,4.0,3.0,34.583333333333336,3.0,"Colaba, Mumbai"
2021-04-17,91.0,81.0,4.0,3.0,4.5,3.0,"Colaba, Mumbai"
2021-04-18,91.0,79.0,4.0,2.0,4.5,2.0,"Colaba, Mumbai"
2021-04-19,91.0,46.0,4.0,2.0,4.5,2.0,"Colaba, Mumbai"
2021-04-20,91.0,30.0,4.0,2.0,4.5,2.0,"Colaba, Mumbai"
2021-04-21,91.0,28.0,4.0,2.0,4.5,2.0,"Colaba, Mumbai"
2021-04-22,91.0,31.0,4.0,3.0,4.5,3.0,"Colaba, Mumbai"
2021-04-23,91.0,30.0,4.0,3.0,4.5,3.0,"Colaba, Mumbai"
2021-04-24,91.0,98.0,4.0,3.0,4.5,3.0,"Colaba, Mumbai"
2021-04-25,91.0,188.0,4.0,2.0,4.5,4.0,"Colaba, Mumbai"
2021-05-19,72.75,88.0,8.0,6.0,8.0,8.0,"Colaba, Mumbai"
2021-05-20,72.5,98.0,10.0,6.0,5.0,6.0,"Colaba, Mumbai"
2021-05-21,155.0,97.0,7.0,4.0,5.0,5.0,"Colaba, Mumbai"
2021-05-22,108.0,95.0,7.0,4.0,2.0,3.0,"Colaba, Mumbai"
2021-05-23,93.0,93.0,6.0,3.0,1.0,2.0,"Colaba, Mumbai"
2021-05-24,87.0,93.0,6.0,4.0,1.0,1.0,"Colaba, Mumbai"
2021-05-25,90.0,92.0,6.0,3.0,1.0,1.0,"Colaba, Mumbai"
2021-05-26,65.0,98.52941176470588,6.0,3.0,1.0,1.25,"Colaba, Mumbai"
2021-06-10,25.625,196.47058823529412,6.0,3.0,4.0,5.0,"Colaba, Mumbai"
2021-06-11,23.0,203.0,6.0,4.0,4.0,4.0,"Colaba, Mumbai"
2021-06-12,60.0,25.0,6.0,4.0,4.0,2.0,"Colaba, Mumbai"
2021-06-13,49.0,46.0,6.0,3.0,1.0,2.0,"Colaba, Mumbai"
2021-06-14,72.0,31.0,6.0,2.0,3.3333333333333335,3.0,"Colaba, Mumbai"
2021-06-15,58.0,32.0,6.0,2.0,5.666666666666667,3.0,"Colaba, Mumbai"
2021-06-16,53.0,63.0,6.0,2.0,8.0,3.0,"Colaba, Mumbai"
2021-06-17,96.0,68.0,6.0,2.0,11.0,2.0,"Colaba, Mumbai"
2021-06-18,96.0,49.0,6.0,4.0,4.0,4.0,"Colaba, Mumbai"
2021-06-19,76.0,93.0,6.0,1.0,1.0,2.0,"Colaba, Mumbai"
2021-06-20,122.0,81.0,6.0,3.0,1.0,3.0,"Colaba, Mumbai"
2021-06-21,107.0,61.0,6.0,2.0,1.0,3.0,"Colaba, Mumbai"
2021-06-22,76.0,58.0,6.0,2.0,1.0,3.0,"Colaba, Mumbai"
2021-06-23,73.0,49.0,6.0,2.0,1.0,4.0,"Colaba, Mumbai"
2021-06-24,168.0,34.0,6.0,3.0,15.0,5.0,"Colaba, Mumbai"
2021-06-25,59.0,55.0,6.0,3.0,4.0,7.0,"Colaba, Mumbai"
2021-06-26,69.0,42.0,6.0,3.0,1.0,2.0,"Colaba, Mumbai"
2021-06-27,62.0,16.0,6.0,5.0,31.0,9.0,"Colaba, Mumbai"
2021-06-28,62.0,27.0,6.0,4.0,16.0,5.0,"Colaba, Mumbai"
2021-06-29,54.0,28.0,6.0,3.0,9.0,4.0,"Colaba, Mumbai"
2021-06-30,38.0,44.0,6.0,3.0,13.0,6.0,"Colaba, Mumbai"
2021-07-01,43.5,70.0,6.0,3.0,12.0,4.0,"Colaba, Mumbai"
2021-07-02,49.0,42.0,6.0,3.0,9.0,3.0,"Colaba, Mumbai"
2021-07-03,113.0,41.0,6.0,3.0,6.0,2.0,"Colaba, Mumbai"
2021-07-04,66.0,41.0,6.0,3.0,6.0,2.0,"Colaba, Mumbai"
2021-07-05,71.0,51.0,6.0,3.0,6.0,3.0,"Colaba, Mumbai"
2021-07-06,74.0,52.0,6.0,4.0,5.0,2.0,"Colaba, Mumbai"
2021-07-07,78.0,54.0,6.0,4.0,4.0,3.0,"Colaba, Mumbai"
2021-07-08,66.0,34.0,6.0,4.0,5.0,3.0,"Colaba, Mumbai"
2021-07-09,94.0,32.0,6.0,5.0,6.0,4.0,"Colaba, Mumbai"
2021-07-10,63.0,23.0,6.0,5.0,7.0,4.0,"Colaba, Mumbai"
2021-07-11,69.0,37.0,6.0,3.0,3.0,4.0,"Colaba, Mumbai"
2021-07-12,50.0,22.0,6.0,4.0,11.0,5.0,"Colaba, Mumbai"
2021-07-13,81.0,47.0,6.0,3.0,49.0,4.0,"Colaba, Mumbai"
2021-07-14,53.0,17.0,6.0,3.0,3.0,8.0,"Colaba, Mumbai"
2021-07-15,47.0,17.0,6.0,3.0,8.0,6.0,"Colaba, Mumbai"
2021-07-16,58.0,22.0,5.942857142857143,3.0,4.0,4.0,"Colaba, Mumbai"
2021-07-17,54.0,23.0,5.885714285714286,3.0,3.0,5.0,"Colaba, Mumbai"
2021-07-18,62.0,36.0,5.828571428571428,3.0,14.0,5.0,"Colaba, Mumbai"
2021-07-19,117.0,95.0,4.0,3.0,5.0,5.0,"Colaba, Mumbai"
2021-07-20,94.0,71.0,4.0,3.0,1.0,5.0,"Colaba, Mumbai"
2021-07-21,97.0,66.0,4.0,3.0,3.0,4.0,"Colaba, Mumbai"
2021-07-22,90.0,55.0,4.0,3.0,3.0,5.0,"Colaba, Mumbai"
2021-07-23,88.0,47.0,4.0,2.0,3.0,8.0,"Colaba, Mumbai"
2021-07-24,81.0,43.0,4.0,2.0,2.0,6.0,"Colaba, Mumbai"
2021-07-25,120.0,81.0,4.0,3.0,2.0,5.0,"Colaba, Mumbai"
2021-07-26,90.0,48.0,4.0,3.0,2.0,5.0,"Colaba, Mumbai"
2021-07-27,111.0,76.0,4.0,3.0,2.0,5.0,"Colaba, Mumbai"
2021-07-28,75.0,41.0,4.0,2.0,2.0,4.0,"Colaba, Mumbai"
2021-07-29,80.0,44.0,4.0,3.0,1.0,6.0,"Colaba, Mumbai"
2021-07-30,78.0,42.0,4.0,3.0,1.0,5.0,"Colaba, Mumbai"
2021-07-31,74.0,39.0,4.0,3.0,1.0,6.0,"Colaba, Mumbai"
2021-08-01,65.0,39.0,4.0,3.0,2.0,5.0,"Colaba, Mumbai"
2021-08-02,65.0,36.0,4.0,3.0,2.0,6.0,"Colaba, Mumbai"
2021-08-03,64.0,30.0,4.0,3.0,12.0,6.0,"Colaba, Mumbai"
2021-08-04,71.0,37.0,4.0,3.0,10.0,5.0,"Colaba, Mumbai"
2021-08-05,75.0,41.0,4.0,2.0,7.0,5.0,"Colaba, Mumbai"
2021-08-06,83.0,48.0,4.0,2.0,7.5,9.0,"Colaba, Mumbai"
2021-08-07,88.0,48.0,4.0,2.0,8.0,13.0,"Colaba, Mumbai"
2021-08-08,84.0,44.0,4.0,2.0,7.0,8.0,"Colaba, Mumbai"
2021-08-09,79.0,37.0,4.0,2.0,7.0,11.0,"Colaba, Mumbai"
2021-08-10,81.0,36.0,4.0,2.0,7.0,14.0,"Colaba, Mumbai"
2021-08-11,70.0,29.0,4.0,2.0,7.0,10.0,"Colaba, Mumbai"
2021-08-12,75.0,38.0,4.0,2.0,9.0,13.0,"Colaba, Mumbai"
2021-08-13,73.0,37.0,4.0,2.0,7.0,7.0,"Colaba, Mumbai"
2021-08-14,68.0,29.0,4.0,2.0,7.0,9.0,"Colaba, Mumbai"
2021-08-15,61.0,27.0,4.0,2.0,16.0,17.0,"Colaba, Mumbai"
2021-08-16,69.0,27.0,4.0,3.0,19.0,15.0,"Colaba, Mumbai"
2021-08-17,67.0,26.0,4.0,2.0,19.0,11.0,"Colaba, Mumbai"
2021-08-18,66.0,21.0,4.0,2.0,19.0,13.0,"Colaba, Mumbai"
2021-08-19,67.0,19.0,4.0,2.0,19.0,11.0,"Colaba, Mumbai"
2021-08-20,62.0,19.0,2.0,2.0,19.0,8.0,"Colaba, Mumbai"
2021-08-21,55.0,16.0,1.0,2.0,15.0,6.0,"Colaba, Mumbai"
2021-08-22,59.0,19.0,3.0,2.0,10.0,5.0,"Colaba, Mumbai"
2021-08-23,64.0,27.0,4.0,2.0,7.0,5.0,"Colaba, Mumbai"
2021-08-24,61.0,23.0,4.0,2.0,10.0,6.0,"Colaba, Mumbai"
2021-08-25,92.0,61.0,5.0,2.0,10.0,6.0,"Colaba, Mumbai"
2021-08-26,50.0,21.0,6.0,2.0,9.0,5.0,"Colaba, Mumbai"
2021-08-27,55.0,26.0,6.0,2.0,7.0,5.0,"Colaba, Mumbai"
2021-08-28,75.0,49.0,6.0,2.0,7.0,5.0,"Colaba, Mumbai"
2021-08-29,177.0,47.0,6.0,2.0,7.0,5.0,"Colaba, Mumbai"
2021-08-30,122.0,48.0,6.0,2.0,6.0,5.0,"Colaba, Mumbai"
2021-08-31,54.0,43.0,6.0,2.0,6.0,5.0,"Colaba, Mumbai"
2021-09-01,48.0,23.0,6.0,2.0,9.0,16.0,"Colaba, Mumbai"
2021-09-02,33.0,16.0,6.0,2.0,10.0,8.0,"Colaba, Mumbai"
2021-09-03,43.0,16.0,6.0,2.0,10.0,10.0,"Colaba, Mumbai"
2021-09-04,45.0,20.0,6.0,2.0,10.0,9.0,"Colaba, Mumbai"
2021-09-05,51.0,29.0,6.0,2.0,9.0,9.0,"Colaba, Mumbai"
2021-09-06,46.0,24.0,6.0,2.0,7.0,7.0,"Colaba, Mumbai"
2021-09-07,42.0,17.0,6.0,3.0,7.0,8.0,"Colaba, Mumbai"
2021-09-08,31.0,12.0,6.0,2.0,9.0,5.0,"Colaba, Mumbai"
2021-09-09,45.0,18.0,6.0,2.0,6.0,6.0,"Colaba, Mumbai"
2021-09-10,43.0,26.0,6.0,2.0,9.0,13.0,"Colaba, Mumbai"
2021-09-11,41.0,24.0,6.0,2.0,12.0,13.0,"Colaba, Mumbai"
2021-09-12,34.0,13.0,6.0,2.0,10.0,7.0,"Colaba, Mumbai"
2021-09-13,52.0,38.0,6.0,4.0,10.0,18.0,"Colaba, Mumbai"
2021-09-14,71.0,59.0,6.0,2.0,10.0,14.0,"Colaba, Mumbai"
2021-09-15,68.0,55.0,6.0,2.0,10.0,13.0,"Colaba, Mumbai"
2021-09-16,66.0,50.0,6.0,2.0,8.0,5.0,"Colaba, Mumbai"
2021-09-17,92.0,77.0,6.0,2.0,7.0,12.0,"Colaba, Mumbai"
2021-09-18,48.0,31.0,6.0,2.0,12.0,9.0,"Colaba, Mumbai"
2021-09-20,43.0,21.0,6.0,2.0,12.0,12.0,"Colaba, Mumbai"
2021-09-21,40.0,14.0,6.0,2.0,13.0,12.0,"Colaba, Mumbai"
2021-09-22,39.0,22.0,6.0,2.0,13.0,11.0,"Colaba, Mumbai"
2021-09-23,62.0,34.0,6.0,2.0,11.0,9.0,"Colaba, Mumbai"
2021-09-24,52.0,34.0,6.0,2.0,10.0,14.0,"Colaba, Mumbai"
2021-09-25,59.0,33.0,6.0,2.0,11.0,10.0,"Colaba, Mumbai"
2021-09-26,51.0,30.0,6.0,2.0,9.0,6.0,"Colaba, Mumbai"
2021-09-27,42.0,17.0,6.0,2.0,6.0,6.0,"Colaba, Mumbai"
2021-09-28,37.0,15.0,5.0,2.0,11.0,15.0,"Colaba, Mumbai"
2021-09-29,32.0,16.0,6.0,2.0,11.0,6.0,"Colaba, Mumbai"
2021-09-30,40.0,18.0,6.0,1.0,9.0,18.0,"Colaba, Mumbai"
2021-10-01,93.0,47.0,6.0,2.0,9.0,9.0,"Colaba, Mumbai"
2021-10-02,80.0,63.0,6.0,2.0,13.0,12.0,"Colaba, Mumbai"
2021-10-03,101.0,50.0,6.0,3.0,22.0,20.0,"Colaba, Mumbai"
2021-10-04,107.0,47.0,6.0,3.0,34.0,24.0,"Colaba, Mumbai"
2021-10-05,89.0,96.0,6.0,2.0,23.0,17.0,"Colaba, Mumbai"
2021-10-06,173.0,39.0,6.0,2.0,1.0,19.0,"Colaba, Mumbai"
2021-10-07,96.0,21.0,6.0,2.0,1.5,8.0,"Colaba, Mumbai"
2021-10-08,62.0,42.0,6.0,2.0,2.0,8.0,"Colaba, Mumbai"
2021-10-09,94.0,31.0,6.0,2.0,11.0,9.0,"Colaba, Mumbai"
2021-10-10,43.0,50.0,6.0,2.0,11.0,9.0,"Colaba, Mumbai"
2021-10-11,82.0,54.0,6.0,2.0,7.0,6.0,"Colaba, Mumbai"
2021-10-12,98.0,64.0,6.0,2.0,5.0,7.0,"Colaba, Mumbai"
2021-10-13,120.0,125.0,6.0,3.0,4.0,9.0,"Colaba, Mumbai"
2021-10-14,185.0,95.0,6.0,3.0,2.0,9.0,"Colaba, Mumbai"
2021-10-15,149.0,83.0,6.0,3.0,1.5,7.0,"Colaba, Mumbai"
2021-10-16,136.0,98.0,6.0,3.0,1.0,8.0,"Colaba, Mumbai"
2021-10-17,146.0,65.0,6.0,2.0,1.2222222222222223,5.0,"Colaba, Mumbai"
2021-10-18,85.0,58.0,6.0,2.0,1.4444444444444444,5.0,"Colaba, Mumbai"
2021-10-19,84.0,58.5,6.0,3.0,1.6666666666666665,6.0,"Colaba, Mumbai"
2021-10-20,90.0,55.8,6.0,3.0,4.0,7.0,"Colaba, Mumbai"
2021-10-21,125.0,53.1,6.0,4.0,4.0,9.0,"Colaba, Mumbai"
2021-10-22,146.0,50.4,6.0,2.0,4.0,6.0,"Colaba, Mumbai"
2021-10-23,95.0,60.0,6.0,2.0,4.0,5.0,"Colaba, Mumbai"
2021-10-24,48.0,45.0,7.0,2.0,4.0,5.0,"Colaba, Mumbai"
2021-10-25,84.0,72.0,6.0,3.0,3.0,10.0,"Colaba, Mumbai"
2021-10-26,140.0,79.0,6.0,3.0,4.0,12.0,"Colaba, Mumbai"
2021-10-27,140.0,82.0,6.0,3.0,7.0,19.0,"Colaba, Mumbai"
2021-10-28,155.0,83.0,6.0,4.0,8.0,19.0,"Colaba, Mumbai"
2021-10-29,164.0,193.0,6.0,4.0,9.0,11.0,"Colaba, Mumbai"
2021-10-30,167.0,93.0,6.0,4.0,9.0,10.0,"Colaba, Mumbai"
2021-10-31,157.0,123.0,6.0,4.0,8.0,11.0,"Colaba, Mumbai"
2021-11-01,184.0,130.0,6.0,4.0,14.0,23.0,"Colaba, Mumbai"
2021-11-02,199.0,204.0,6.0,5.0,18.0,19.0,"Colaba, Mumbai"
2021-11-03,189.0,87.0,6.0,4.0,12.0,21.0,"Colaba, Mumbai"
2021-11-04,171.0,87.0,6.0,4.0,8.333333333333334,13.0,"Colaba, Mumbai"
2021-11-05,151.0,51.0,6.0,3.0,4.666666666666667,8.0,"Colaba, Mumbai"
2021-11-06,94.0,65.0,6.0,3.0,1.0,10.0,"Colaba, Mumbai"
2021-11-07,119.0,114.0,6.0,3.0,27.0,23.0,"Colaba, Mumbai"
2021-11-08,185.0,124.0,6.0,3.0,31.0,23.0,"Colaba, Mumbai"
2021-11-09,193.0,104.0,6.0,4.0,28.0,14.0,"Colaba, Mumbai"
2021-11-10,177.0,202.0,6.0,5.0,24.0,16.0,"Colaba, Mumbai"
2021-11-11,167.0,118.0,6.0,4.0,32.0,22.0,"Colaba, Mumbai"
2021-11-12,186.0,97.0,6.0,4.0,28.0,24.0,"Colaba, Mumbai"
2021-11-13,173.0,100.0,6.0,4.0,28.0,24.0,"Colaba, Mumbai"
2021-11-14,176.0,101.0,6.0,3.0,28.0,19.0,"Colaba, Mumbai"
2021-11-15,177.0,97.0,6.0,3.0,24.0,20.0,"Colaba, Mumbai"
2021-11-16,176.0,50.0,6.0,2.0,25.0,20.0,"Colaba, Mumbai"
2021-11-17,123.0,38.0,6.0,2.0,26.0,15.0,"Colaba, Mumbai"
2021-11-18,79.0,65.0,6.0,3.0,23.0,9.0,"Colaba, Mumbai"
2021-11-19,119.0,69.0,6.0,3.0,25.0,11.0,"Colaba, Mumbai"
2021-11-20,138.0,26.0,6.0,2.0,22.0,1.0,"Colaba, Mumbai"
2021-11-21,50.0,33.0,6.0,2.0,19.0,5.0,"Colaba, Mumbai"
2021-11-22,55.0,47.0,6.0,2.0,17.0,2.0,"Colaba, Mumbai"
2021-11-23,88.0,71.0,6.0,2.0,17.0,4.0,"Colaba, Mumbai"
2021-11-24,135.0,81.0,6.0,3.0,17.0,6.0,"Colaba, Mumbai"
2021-11-25,153.0,90.0,6.0,3.0,18.0,8.0,"Colaba, Mumbai"
2021-11-26,159.0,87.0,6.0,3.0,19.0,7.0,"Colaba, Mumbai"
2021-11-27,159.0,84.0,6.0,3.0,15.0,5.0,"Colaba, Mumbai"
2021-11-28,148.0,72.0,6.0,4.0,15.0,4.0,"Colaba, Mumbai"
2021-11-29,139.0,87.0,6.0,4.0,15.0,4.0,"Colaba, Mumbai"
2021-11-30,156.0,68.0,6.0,4.0,14.0,5.0,"Colaba, Mumbai"
2021-12-01,140.0,43.0,6.0,3.0,13.0,4.0,"Colaba, Mumbai"
2021-12-02,81.0,62.0,6.0,2.0,16.0,12.0,"Colaba, Mumbai"
2021-12-03,116.0,64.0,6.0,2.0,15.0,6.0,"Colaba, Mumbai"
2021-12-04,117.0,55.0,6.0,2.0,15.0,5.0,"Colaba, Mumbai"
2021-12-05,89.0,85.0,6.0,3.0,10.0,7.0,"Colaba, Mumbai"
2021-12-06,146.0,99.0,6.0,4.0,7.0,13.0,"Colaba, Mumbai"
2021-12-07,171.0,101.0,6.0,4.0,6.0,12.0,"Colaba, Mumbai"
2021-12-08,170.0,167.0,6.0,3.0,7.0,7.0,"Colaba, Mumbai"
2021-12-09,164.0,98.0,6.0,3.0,8.0,8.0,"Colaba, Mumbai"
2021-12-10,164.0,150.0,6.0,3.0,8.5,7.5,"Colaba, Mumbai"
2021-12-11,220.0,98.0,6.0,3.0,9.0,7.0,"Colaba, Mumbai"
2021-12-12,158.0,91.0,6.0,3.0,10.0,7.0,"Colaba, Mumbai"
2021-12-13,145.0,87.0,6.0,3.0,10.0,6.0,"Colaba, Mumbai"
2021-12-14,167.0,94.0,6.0,3.0,11.0,6.0,"Colaba, Mumbai"
2021-12-15,160.0,113.0,6.0,3.0,9.0,8.0,"Colaba, Mumbai"
2021-12-16,174.0,112.0,6.0,4.0,10.0,9.0,"Colaba, Mumbai"
2021-12-17,175.0,116.0,6.0,4.0,12.0,10.0,"Colaba, Mumbai"
2021-12-18,177.0,98.0,6.0,3.0,13.0,8.0,"Colaba, Mumbai"
2021-12-19,161.0,96.0,6.0,4.0,11.0,7.0,"Colaba, Mumbai"
2021-12-20,166.0,109.0,6.0,4.0,11.0,8.0,"Colaba, Mumbai"
2021-12-21,169.0,110.0,6.0,4.0,9.0,9.0,"Colaba, Mumbai"
2021-12-22,168.0,101.0,6.0,4.0,9.0,8.0,"Colaba, Mumbai"
2021-12-23,160.0,72.0,6.0,3.0,11.0,5.0,"Colaba, Mumbai"
2021-12-24,117.0,67.0,6.0,3.0,7.0,5.0,"Colaba, Mumbai"
2021-12-25,123.0,93.0,6.0,4.0,7.0,7.0,"Colaba, Mumbai"
2021-12-26,159.0,98.0,6.0,4.0,7.0,9.0,"Colaba, Mumbai"
2021-12-27,160.0,102.0,6.0,4.0,11.0,8.0,"Colaba, Mumbai"
2021-12-28,162.0,74.0,6.0,3.0,7.0,6.0,"Colaba, Mumbai"
2021-12-29,130.0,85.0,6.0,4.0,5.0,7.0,"Colaba, Mumbai"
2021-12-30,149.0,82.0,6.0,4.0,5.0,6.0,"Colaba, Mumbai"
2021-12-31,144.0,78.0,6.0,3.0,10.0,6.0,"Colaba, Mumbai"
2022-01-01,138.0,83.0,6.0,3.0,11.0,7.0,"Colaba, Mumbai"
2022-01-02,145.0,84.0,6.0,3.0,12.0,8.0,"Colaba, Mumbai"
2022-01-03,149.0,101.0,6.0,5.0,15.0,11.0,"Colaba, Mumbai"
2022-01-04,167.0,96.0,6.0,3.0,15.0,9.0,"Colaba, Mumbai"
2022-01-05,155.0,80.0,6.0,3.0,21.0,6.0,"Colaba, Mumbai"
2022-01-06,136.0,89.0,6.0,3.0,20.0,7.0,"Colaba, Mumbai"
2022-01-07,141.0,59.0,6.0,3.0,19.0,4.0,"Colaba, Mumbai"
2022-01-08,96.0,50.0,7.0,2.0,22.0,4.0,"Colaba, Mumbai"
2022-01-09,71.0,58.0,7.0,3.0,15.0,5.0,"Colaba, Mumbai"
2022-01-10,85.0,78.0,6.0,4.0,8.5,7.0,"Colaba, Mumbai"
2022-01-11,129.0,70.0,6.0,4.0,2.0,6.0,"Colaba, Mumbai"
2022-01-12,115.0,79.5,6.0,4.0,4.0,6.5,"Colaba, Mumbai"
2022-01-13,136.5,89.0,6.0,4.0,6.0,7.0,"Colaba, Mumbai"
2022-01-14,158.0,85.0,7.0,3.0,9.0,7.0,"Colaba, Mumbai"
2022-01-15,154.0,83.0,6.0,4.0,9.0,8.0,"Colaba, Mumbai"
2022-01-16,150.0,89.0,7.0,4.0,5.0,7.0,"Colaba, Mumbai"
2022-01-17,157.0,92.0,6.0,4.0,4.25,8.0,"Colaba, Mumbai"
2022-01-18,158.0,97.0,6.0,4.0,3.5,8.0,"Colaba, Mumbai"
2022-01-19,160.0,67.0,6.0,3.0,2.75,6.0,"Colaba, Mumbai"
2022-01-20,119.0,76.0,7.0,3.0,2.0,6.0,"Colaba, Mumbai"
2022-01-21,118.0,64.0,7.0,2.0,3.0,5.0,"Colaba, Mumbai"
2022-01-22,99.0,136.5,6.0,2.0,3.0,3.0,"Colaba, Mumbai"
2022-01-23,302.0,209.0,6.0,2.0,3.0,4.0,"Colaba, Mumbai"
2022-01-24,203.0,213.0,6.0,3.0,3.0,6.0,"Colaba, Mumbai"
2022-01-25,218.0,133.0,6.0,3.0,1.0,6.0,"Colaba, Mumbai"
2022-01-26,176.0,129.0,6.0,4.0,3.0,9.0,"Colaba, Mumbai"
2022-01-27,174.0,89.0,5.2,7.0,7.0,5.0,"Colaba, Mumbai"
2022-01-28,155.0,95.0,4.4,8.0,2.0,5.0,"Colaba, Mumbai"
2022-01-29,156.0,96.0,3.6,13.0,2.0,5.5,"Colaba, Mumbai"
2022-01-30,157.5,97.0,4.0,18.0,2.0,6.0,"Colaba, Mumbai"
2022-01-31,159.0,81.0,2.0,18.0,1.0,5.0,"Colaba, Mumbai"
2022-02-01,143.0,94.0,1.8571428571428572,15.0,1.0,6.0,"Colaba, Mumbai"
2022-02-02,160.0,81.0,1.7142857142857144,10.0,3.0,7.0,"Colaba, Mumbai"
2022-02-03,134.0,123.0,1.5714285714285714,7.0,3.0,2.0,"Colaba, Mumbai"
2022-02-04,161.0,227.0,4.0,19.0,4.0,5.0,"Colaba, Mumbai"
2022-02-05,208.0,148.0,4.0,15.0,4.0,5.0,"Colaba, Mumbai"
2022-02-06,172.0,169.0,4.0,8.0,1.0,3.0,"Colaba, Mumbai"
2022-02-07,200.0,70.0,1.0,10.0,1.0,3.0,"Colaba, Mumbai"
2022-02-08,101.0,89.0,1.0,13.0,1.0,4.0,"Colaba, Mumbai"
2022-02-09,144.0,97.0,1.0,17.0,3.0,6.0,"Colaba, Mumbai"
2022-02-10,146.0,102.0,1.0,20.0,3.0,5.0,"Colaba, Mumbai"
2022-02-11,148.0,91.0,4.0,19.0,2.0,6.0,"Colaba, Mumbai"
2022-02-12,153.0,100.0,4.0,20.0,2.0,8.0,"Colaba, Mumbai"
2022-02-13,144.0,80.0,4.0,19.0,2.0,6.0,"Colaba, Mumbai"
2022-02-14,122.0,59.0,4.0,6.0,2.0,3.0,"Colaba, Mumbai"
2022-02-15,89.0,62.0,4.0,11.0,2.0,3.0,"Colaba, Mumbai"
2022-02-16,81.0,57.0,1.0,12.0,3.0,4.0,"Colaba, Mumbai"
2022-02-17,94.0,74.0,1.0,13.0,2.0,5.0,"Colaba, Mumbai"
2022-02-18,118.0,94.0,1.0,15.0,5.0,6.0,"Colaba, Mumbai"
2022-02-19,143.0,73.0,1.0,12.0,2.0,5.0,"Colaba, Mumbai"
2022-02-20,126.0,92.0,4.0,17.0,1.0,7.0,"Colaba, Mumbai"
2022-02-21,140.0,88.0,1.0,16.0,4.0,4.0,"Colaba, Mumbai"
2022-02-22,116.0,81.0,1.0,13.0,2.0,6.0,"Colaba, Mumbai"
2022-02-23,126.0,91.0,1.0,13.0,1.0,6.0,"Colaba, Mumbai"
2022-02-24,149.0,132.0,1.0,15.0,4.0,7.0,"Colaba, Mumbai"
2022-02-25,173.0,111.0,1.0,15.0,1.0,6.0,"Colaba, Mumbai"
2022-02-26,165.0,97.0,1.0,16.0,3.0,5.0,"Colaba, Mumbai"
2022-02-27,152.0,110.0,1.0,17.0,5.0,5.0,"Colaba, Mumbai"
2022-02-28,164.0,108.0,1.0,16.0,2.0,6.0,"Colaba, Mumbai"
2022-03-01,166.0,121.0,2.0,16.0,1.0,7.0,"Colaba, Mumbai"
2022-03-02,174.0,111.0,1.0,18.0,3.0,8.0,"Colaba, Mumbai"
2022-03-03,164.0,99.0,1.0,19.0,3.0,7.0,"Colaba, Mumbai"
2022-03-04,146.0,107.0,1.0,22.0,4.0,8.0,"Colaba, Mumbai"
2022-03-05,158.0,106.0,1.0,21.0,3.0,8.0,"Colaba, Mumbai"
2022-03-06,160.0,93.0,2.0,13.0,3.0,8.0,"Colaba, Mumbai"
2022-03-07,167.0,117.0,1.6666666666666667,20.0,11.0,8.0,"Colaba, Mumbai"
2022-03-08,166.0,110.0,1.3333333333333335,21.0,12.0,10.0,"Colaba, Mumbai"
2022-03-09,176.0,141.0,1.0,18.0,10.0,9.0,"Colaba, Mumbai"
2022-03-10,173.0,114.0,1.0,18.0,5.0,9.0,"Colaba, Mumbai"
2022-03-11,163.0,86.0,1.0,20.0,10.0,8.0,"Colaba, Mumbai"
2022-03-12,151.0,103.0,1.0,17.0,8.0,9.0,"Colaba, Mumbai"
2022-03-13,154.0,100.0,1.0,16.0,9.0,6.0,"Colaba, Mumbai"
2022-03-14,151.0,133.0,1.0,22.0,10.0,9.0,"Colaba, Mumbai"
2022-03-15,169.0,92.0,1.0,14.0,7.0,7.0,"Colaba, Mumbai"
2022-03-16,157.0,93.0,1.0,11.0,20.0,7.0,"Colaba, Mumbai"
2022-03-17,158.0,89.0,1.0,7.0,10.0,7.0,"Colaba, Mumbai"
2022-03-18,149.0,65.0,1.0,6.0,17.0,6.0,"Colaba, Mumbai"
2022-03-19,120.0,74.0,1.0,5.0,14.0,4.0,"Colaba, Mumbai"
2022-03-20,114.0,105.0,2.0,7.0,14.0,5.0,"Colaba, Mumbai"
2022-03-21,152.0,93.0,1.0,10.0,19.0,5.0,"Colaba, Mumbai"
2022-03-22,151.0,111.0,1.0,13.0,17.0,6.0,"Colaba, Mumbai"
2022-03-23,151.0,103.0,1.0,7.0,10.0,5.0,"Colaba, Mumbai"
2022-03-24,152.0,81.0,1.0,10.0,9.0,5.0,"Colaba, Mumbai"
2022-03-25,109.0,68.0,1.0,6.0,8.0,4.0,"Colaba, Mumbai"
2022-03-26,94.0,73.0,1.0,6.0,8.0,4.0,"Colaba, Mumbai"
2022-03-27,107.0,56.0,1.0,4.0,7.0,4.0,"Colaba, Mumbai"
2022-03-28,112.0,79.0,1.0,6.0,10.0,5.0,"Colaba, Mumbai"
2022-03-29,138.0,78.0,1.0,6.0,7.0,4.0,"Colaba, Mumbai"
2022-03-30,119.0,80.0,1.0,5.0,4.0,4.0,"Colaba, Mumbai"
2022-03-31,106.0,166.0,1.0,5.0,4.0,5.0,"Colaba, Mumbai"
2022-04-01,193.0,138.0,1.0,4.0,3.0,4.0,"Colaba, Mumbai"
2022-04-02,168.0,115.0,1.0,4.0,2.0,4.0,"Colaba, Mumbai"
2022-04-03,150.0,89.0,1.0,4.0,2.0,4.0,"Colaba, Mumbai"
2022-04-04,124.0,72.0,1.0,3.0,4.0,4.0,"Colaba, Mumbai"
2022-04-05,96.0,68.0,1.0,3.0,2.0,4.0,"Colaba, Mumbai"
2022-04-06,85.0,62.0,1.0,5.0,3.0,4.0,"Colaba, Mumbai"
2022-04-07,77.0,63.0,1.0,4.0,5.0,5.0,"Colaba, Mumbai"
2022-04-08,88.0,54.0,1.0,3.0,5.0,4.0,"Colaba, Mumbai"
2022-04-09,91.0,54.0,1.0,3.0,5.5,3.0,"Colaba, Mumbai"
2022-04-10,88.0,56.0,1.0,5.0,6.0,2.0,"Colaba, Mumbai"
2022-04-11,95.0,72.0,1.0,8.0,6.0,1.0,"Colaba, Mumbai"
2022-04-12,110.0,76.0,1.0,6.0,6.0,1.0,"Colaba, Mumbai"
2022-04-13,117.0,57.0,1.0,4.0,5.0,1.125,"Colaba, Mumbai"
2022-04-14,94.0,59.0,1.0,3.0,4.0,1.25,"Colaba, Mumbai"
2022-04-15,91.0,66.0,1.0,4.0,3.0,1.375,"Colaba, Mumbai"
2022-04-16,111.0,61.0,1.0,3.0,2.0,4.0,"Colaba, Mumbai"
2022-04-17,86.0,58.0,1.0,4.0,2.0,4.0,"Colaba, Mumbai"
2022-04-18,84.0,65.0,1.0,4.0,6.0,4.0,"Colaba, Mumbai"
2022-04-19,105.0,63.0,1.1428571428571428,4.0,8.0,4.0,"Colaba, Mumbai"
2022-04-20,104.0,82.0,1.2857142857142856,9.0,9.0,2.0,"Colaba, Mumbai"
2022-04-21,137.0,79.0,1.4285714285714286,7.0,7.0,2.0,"Colaba, Mumbai"
2022-04-22,141.0,79.0,4.0,7.0,7.333333333333333,3.0,"Colaba, Mumbai"
2022-04-23,141.0,61.0,4.0,4.0,7.666666666666667,4.0,"Colaba, Mumbai"
2022-04-24,96.0,79.0,4.0,8.0,8.0,5.0,"Colaba, Mumbai"
2022-04-25,129.0,57.0,2.0,5.0,8.0,3.0,"Colaba, Mumbai"
2022-04-26,97.0,63.0,1.0,6.0,10.0,1.0,"Colaba, Mumbai"
2022-04-27,101.0,64.0,1.0,6.0,9.0,1.0,"Colaba, Mumbai"
2022-04-28,94.0,56.0,1.0,4.0,9.0,1.0,"Colaba, Mumbai"
2022-04-29,82.0,50.0,1.0,5.0,12.0,1.0,"Colaba, Mumbai"
2022-04-30,82.0,42.0,4.0,3.0,10.0,4.0,"Colaba, Mumbai"
2022-05-01,64.0,49.0,1.0,3.0,10.0,4.0,"Colaba, Mumbai"
2022-05-02,75.0,63.0,8.0,3.0,5.0,4.0,"Colaba, Mumbai"
2022-05-03,97.0,72.0,15.0,4.0,7.0,4.0,"Colaba, Mumbai"
2022-05-04,115.0,71.0,22.0,3.0,6.0,4.0,"Colaba, Mumbai"
2022-05-05,111.0,106.0,4.0,3.0,5.0,4.0,"Colaba, Mumbai"
2022-05-06,156.0,117.0,36.0,3.0,3.0,4.0,"Colaba, Mumbai"
2022-05-07,166.0,83.0,29.0,4.0,6.0,4.0,"Colaba, Mumbai"
2022-05-08,141.0,71.0,1.0,3.0,5.0,4.0,"Colaba, Mumbai"
2022-05-09,109.0,68.0,3.0,4.0,7.0,1.0,"Colaba, Mumbai"
2022-05-10,116.0,72.0,32.0,4.0,8.0,2.0,"Colaba, Mumbai"
2022-05-11,119.0,70.0,27.0,3.0,5.0,1.0,"Colaba, Mumbai"
2022-05-12,118.0,77.0,18.0,3.0,5.0,1.0217391304347827,"Colaba, Mumbai"
2022-05-13,125.0,89.0,1.0,4.0,4.0,1.0434782608695652,"Colaba, Mumbai"
2022-05-14,149.0,70.0,3.0,3.0,6.0,1.065217391304348,"Colaba, Mumbai"
2022-05-15,116.0,77.0,7.0,3.0,5.0,4.0,"Colaba, Mumbai"
2022-05-16,123.0,122.0,1.0,4.0,7.0,4.0,"Colaba, Mumbai"
2022-05-17,166.0,162.0,1.0,4.0,7.0,4.0,"Colaba, Mumbai"
2022-05-18,177.0,149.0,4.0,4.0,6.0,4.0,"Colaba, Mumbai"
2022-05-19,167.0,109.0,1.0,4.0,3.0,4.0,"Colaba, Mumbai"
2022-05-20,158.0,84.0,1.0,4.0,3.0,4.0,"Colaba, Mumbai"
2022-05-21,137.0,62.0,1.0,3.0,6.0,4.0,"Colaba, Mumbai"
2022-05-22,109.0,51.0,1.0,3.0,4.0,4.0,"Colaba, Mumbai"
2022-05-23,70.0,55.0,1.0,3.0,3.0,4.0,"Colaba, Mumbai"
2022-05-24,76.0,59.0,18.0,3.0,4.0,4.0,"Colaba, Mumbai"
2022-05-25,80.0,58.0,35.0,3.0,4.0,4.0,"Colaba, Mumbai"
2022-05-26,80.0,50.0,38.0,3.0,4.0,4.0,"Colaba, Mumbai"
2022-05-27,64.0,44.0,1.0,3.0,4.0,4.0,"Colaba, Mumbai"
2022-05-28,56.0,50.0,1.0,3.0,4.0,4.0,"Colaba, Mumbai"
2022-05-29,65.0,45.0,1.0,3.0,3.0,4.0,"Colaba, Mumbai"
2022-05-30,65.0,46.0,1.0,3.0,3.0,4.0,"Colaba, Mumbai"
2022-05-31,81.0,47.0,1.0,3.0,3.0,4.0,"Colaba, Mumbai"
2022-06-01,94.0,48.0,1.0,3.0,3.0,3.0,"Colaba, Mumbai"
2022-06-02,106.0,43.5,1.0,3.0,3.0,3.0,"Colaba, Mumbai"
2022-06-03,104.0,43.5,1.0,3.0,3.0,3.0,"Colaba, Mumbai"
2022-06-04,75.0,43.5,1.0,4.0,3.0,3.0,"Colaba, Mumbai"
2022-06-05,65.0,43.5,1.0,3.0,4.0,3.0,"Colaba, Mumbai"
2022-06-06,74.0,53.0,1.0,4.0,4.0,3.0,"Colaba, Mumbai"
2022-06-07,69.0,35.0,1.0,4.0,8.0,3.0,"Colaba, Mumbai"
2022-06-08,55.0,35.714285714285715,1.0,4.0,7.142857142857143,3.0,"Colaba, Mumbai"
2022-06-14,49.666666666666664,40.0,1.0,4.0,2.0,3.0,"Colaba, Mumbai"
2022-06-16,47.888888888888886,27.0,1.0,2.0,14.0,3.0,"Colaba, Mumbai"
2022-06-17,47.0,37.0,1.0,3.0,18.0,3.0,"Colaba, Mumbai"
2022-06-18,78.0,34.166666666666664,1.0,3.1666666666666665,17.166666666666668,3.0,"Colaba, Mumbai"
2022-06-23,48.0,20.0,1.0,4.0,13.0,3.0,"Colaba, Mumbai"
2022-06-24,42.0,14.0,1.0,4.0,13.0,3.0,"Colaba, Mumbai"
2022-06-25,13.0,14.0,1.0,3.0,13.0,3.0,"Colaba, Mumbai"
2022-06-26,25.0,20.333333333333336,1.0,4.0,14.0,3.0,"Colaba, Mumbai"
2022-06-27,14.0,26.666666666666668,1.0,4.0,12.5,3.0,"Colaba, Mumbai"
2022-06-28,33.5,33.0,1.0,4.0,11.0,3.0,"Colaba, Mumbai"
2022-06-29,53.0,24.0,1.0,4.0,11.0,3.0,"Colaba, Mumbai"
2022-06-30,28.0,34.0,1.0,5.0,10.0,3.0,"Colaba, Mumbai"
2022-07-01,48.0,62.0,1.0,3.0,16.0,2.0,"Colaba, Mumbai"
2022-07-02,88.0,55.0,1.0,3.0,13.0,2.0,"Colaba, Mumbai"
2022-07-03,74.0,39.0,1.0,3.0,12.0,2.0,"Colaba, Mumbai"
2022-07-04,50.0,39.0,1.0,3.0,13.0,2.0,"Colaba, Mumbai"
2022-07-05,53.0,37.0,1.0,3.0,11.0,2.0,"Colaba, Mumbai"
2022-07-06,49.0,47.0,1.0,3.0,10.0,2.0,"Colaba, Mumbai"
2022-07-07,72.0,55.0,1.0,3.0,10.0,2.0,"Colaba, Mumbai"
2022-07-08,80.0,51.0,1.0,3.0,19.0,2.0,"Colaba, Mumbai"
2022-07-09,84.0,52.0,1.0,2.0,22.0,2.0,"Colaba, Mumbai"
2022-07-10,71.0,50.0,1.0,3.0,15.0,2.0,"Colaba, Mumbai"
2022-07-11,67.0,46.0,4.0,3.0,17.0,2.0,"Colaba, Mumbai"
2022-07-12,59.0,47.0,1.0,2.0,19.0,2.0,"Colaba, Mumbai"
2022-07-13,62.0,50.5,1.0,2.5,25.5,2.0,"Colaba, Mumbai"
2022-07-14,87.0,54.0,1.0,3.0,32.0,2.0,"Colaba, Mumbai"
2022-07-15,112.0,42.0,1.0,3.0,27.0,2.0,"Colaba, Mumbai"
2022-07-16,68.0,38.0,1.0,2.0,27.0,2.0,"Colaba, Mumbai"
2022-07-17,51.0,45.0,1.0,2.0,37.0,2.0,"Colaba, Mumbai"
2022-07-18,55.0,46.0,1.0,2.0,36.0,2.0,"Colaba, Mumbai"
2022-07-19,78.0,35.0,1.0,3.0,47.0,2.0,"Colaba, Mumbai"
2022-07-20,52.0,32.0,1.0,3.0,43.0,2.0,"Colaba, Mumbai"
2022-07-21,49.0,42.0,1.0,2.0,1.0,2.0,"Colaba, Mumbai"
2022-07-22,63.0,40.0,1.0,2.0,5.25,2.0,"Colaba, Mumbai"
2022-07-23,57.0,34.0,1.0,2.0,9.5,2.0,"Colaba, Mumbai"
2022-07-24,51.0,35.0,1.0,3.0,13.75,2.0,"Colaba, Mumbai"
2022-07-25,50.0,30.0,1.0,3.0,18.0,2.0,"Colaba, Mumbai"
2022-07-26,45.0,27.0,1.0,3.0,37.0,2.0,"Colaba, Mumbai"
2022-07-27,38.0,33.0,1.0,4.0,39.0,2.0,"Colaba, Mumbai"
2022-07-28,44.0,40.0,1.0,4.0,19.0,2.0,"Colaba, Mumbai"
2022-07-29,49.0,36.0,1.0,3.0,11.0,2.0,"Colaba, Mumbai"
2022-07-30,39.0,41.0,1.0,3.0,10.0,2.0,"Colaba, Mumbai"
2022-07-31,44.0,39.0,1.0,3.0,8.0,2.0,"Colaba, Mumbai"
2022-08-01,46.0,45.0,1.0,3.0,10.0,3.0,"Colaba, Mumbai"
2022-08-02,53.0,32.0,1.0,4.0,11.0,3.0,"Colaba, Mumbai"
2022-08-03,50.0,27.0,1.0,4.0,6.0,3.0,"Colaba, Mumbai"
2022-08-04,37.0,23.0,1.0,3.0,7.0,3.0,"Colaba, Mumbai"
2022-08-05,29.0,18.0,1.0,3.0,7.0,3.0,"Colaba, Mumbai"
2022-08-06,21.0,16.0,1.0,3.0,4.0,3.0,"Colaba, Mumbai"
2022-08-07,16.0,18.0,1.0,4.0,3.0,3.0,"Colaba, Mumbai"
2022-08-08,16.0,37.0,1.0,3.0,4.0,3.0,"Colaba, Mumbai"
2022-08-09,23.0,40.0,1.0,3.0,1.0,3.0,"Colaba, Mumbai"
2022-08-10,31.0,46.0,1.0,3.0,1.5,3.0,"Colaba, Mumbai"
2022-08-11,39.0,44.0,7.0,3.0,2.0,3.0,"Colaba, Mumbai"
2022-08-12,47.0,40.0,1.0,3.0,14.0,2.857142857142857,"Colaba, Mumbai"
2022-08-13,47.0,35.0,1.0,2.0,5.0,2.7142857142857144,"Colaba, Mumbai"
2022-08-14,48.0,34.0,1.0,2.0,1.0,2.5714285714285716,"Colaba, Mumbai"
2022-08-15,48.0,30.0,1.0,3.0,14.5,3.0,"Colaba, Mumbai"
2022-08-16,48.0,31.0,1.0,3.0,28.0,3.0,"Colaba, Mumbai"
2022-08-17,56.0,33.0,1.0,3.0,39.0,3.0,"Colaba, Mumbai"
2022-08-18,54.0,31.0,1.0,3.0,13.0,3.0,"Colaba, Mumbai"
2022-08-19,54.0,30.0,1.0,3.0,11.0,3.0,"Colaba, Mumbai"
2022-08-20,51.0,32.0,1.0,2.0,2.0,3.0,"Colaba, Mumbai"
2022-08-21,45.0,32.0,1.0,2.0,1.9230769230769231,3.0,"Colaba, Mumbai"
2022-08-22,49.0,31.0,1.0,3.0,1.8461538461538463,3.0,"Colaba, Mumbai"
2022-08-23,56.0,30.0,1.0,3.0,1.7692307692307692,3.0,"Colaba, Mumbai"
2022-08-24,48.0,33.0,1.0,3.0,4.0,3.0,"Colaba, Mumbai"
2022-08-25,47.0,42.0,1.0,4.0,4.0,1.0,"Colaba, Mumbai"
2022-08-26,65.0,55.0,1.0,3.0,4.0,2.0,"Colaba, Mumbai"
2022-08-27,74.0,48.0,1.0,4.0,4.0,2.0,"Colaba, Mumbai"
2022-08-28,64.0,42.0,1.0,6.0,4.0,2.0,"Colaba, Mumbai"
2022-08-29,63.0,58.0,1.0,5.0,4.0,2.0,"Colaba, Mumbai"
2022-08-30,84.0,58.0,1.0,4.0,4.0,2.0,"Colaba, Mumbai"
2022-08-31,79.0,32.0,1.0,12.0,4.0,2.0,"Colaba, Mumbai"
2022-09-01,50.0,50.0,1.0,10.88888888888889,4.0,6.0,"Colaba, Mumbai"
2022-09-02,99.0,41.0,1.0,9.777777777777779,1.0,6.0,"Colaba, Mumbai"
2022-09-03,75.0,34.0,1.0,8.666666666666668,1.0,3.0,"Colaba, Mumbai"
2022-09-04,58.0,32.0,1.0,7.0,1.1666666666666667,2.0,"Colaba, Mumbai"
2022-09-05,43.0,30.0,1.0,7.0,1.3333333333333333,2.0,"Colaba, Mumbai"
2022-09-06,42.0,43.0,1.0,7.0,1.5,3.0,"Colaba, Mumbai"
2022-09-07,50.0,32.0,1.0,7.0,4.0,4.0,"Colaba, Mumbai"
2022-09-08,68.0,29.0,1.0,7.0,4.0,4.0,"Colaba, Mumbai"
2022-09-09,60.0,20.0,1.0,2.0,2.0,3.0,"Colaba, Mumbai"
2022-09-10,32.0,29.0,1.0,2.2,2.0,4.0,"Colaba, Mumbai"
2022-09-11,52.0,20.0,1.0,2.4,2.0,3.0,"Colaba, Mumbai"
2022-09-12,28.0,18.0,1.0,2.6,2.0,3.0,"Colaba, Mumbai"
2022-09-13,28.0,21.0,1.0,7.0,1.0,2.0,"Colaba, Mumbai"
2022-09-14,23.0,27.0,1.0,3.0,1.0,2.0,"Colaba, Mumbai"
2022-09-15,36.0,26.0,1.0,2.0,1.0,3.0,"Colaba, Mumbai"
2022-09-16,31.0,26.0,1.0,2.0,1.0,2.6666666666666665,"Colaba, Mumbai"
2022-09-17,33.0,29.0,1.0,3.0,1.0,2.3333333333333335,"Colaba, Mumbai"
2022-09-18,40.0,27.0,1.0,4.0,1.0,2.0,"Colaba, Mumbai"
2022-09-19,50.0,34.0,1.0,4.0,4.0,2.0,"Colaba, Mumbai"
2022-09-20,56.0,34.0,1.0,5.0,4.0,2.0,"Colaba, Mumbai"
2022-09-21,51.0,34.0,1.0,7.0,4.0,2.0,"Colaba, Mumbai"
2022-09-22,52.0,32.0,1.0,3.0,1.0,2.0,"Colaba, Mumbai"
2022-09-23,47.0,21.0,1.0,3.0,2.333333333333333,3.0,"Colaba, Mumbai"
2022-09-24,33.0,19.5,1.0,7.0,3.6666666666666665,3.5,"Colaba, Mumbai"
2022-09-25,21.5,18.0,1.0,11.0,5.0,4.0,"Colaba, Mumbai"
2022-09-26,10.0,33.0,1.0,14.0,3.0,5.0,"Colaba, Mumbai"
2022-09-27,46.0,45.0,4.0,17.0,3.0,6.0,"Colaba, Mumbai"
2022-09-28,66.0,49.0,4.0,11.0,3.0,4.0,"Colaba, Mumbai"
2022-09-29,71.0,48.0,1.0,6.0,2.857142857142857,3.0,"Colaba, Mumbai"
2022-09-30,71.0,43.0,1.0,6.0,2.7142857142857144,4.0,"Colaba, Mumbai"
2022-10-01,72.0,22.0,1.0,4.0,2.5714285714285716,3.0,"Colaba, Mumbai"
2022-10-02,31.0,34.0,1.0,5.0,4.0,3.0,"Colaba, Mumbai"
2022-10-03,48.0,48.0,1.0,6.0,4.0,4.0,"Colaba, Mumbai"
2022-10-04,67.0,48.0,1.0,5.0,4.0,4.0,"Colaba, Mumbai"
2022-10-05,64.0,33.0,1.0,5.0,4.0,4.0,"Colaba, Mumbai"
2022-10-06,43.0,30.0,1.0,5.0,4.0,4.0,"Colaba, Mumbai"
2022-10-07,52.0,21.0,1.0,4.0,4.0,3.0,"Colaba, Mumbai"
2022-10-08,35.0,22.0,1.0,4.0,4.0,3.0,"Colaba, Mumbai"
2022-10-09,31.0,40.0,1.0,7.0,4.0,4.0,"Colaba, Mumbai"
2022-10-10,64.0,40.0,1.0,7.0,4.0,5.0,"Colaba, Mumbai"
2022-10-11,62.0,45.0,1.0,12.0,4.0,6.0,"Colaba, Mumbai"
2022-10-12,87.0,62.0,1.0,15.0,1.0,9.0,"Colaba, Mumbai"
2022-10-13,116.0,55.0,1.0,15.0,4.0,8.0,"Colaba, Mumbai"
2022-10-14,105.0,58.0,1.0,17.0,3.0,9.0,"Colaba, Mumbai"
2022-10-15,109.0,68.0,1.0,16.0,2.0,7.0,"Colaba, Mumbai"
2022-10-16,107.0,72.125,4.0,16.875,2.0,7.375,"Colaba, Mumbai"
2022-10-23,147.25,101.0,1.0,23.0,2.0,10.0,"Colaba, Mumbai"
2022-10-24,153.0,97.0,1.0,13.0,2.0,9.0,"Colaba, Mumbai"
2022-10-25,155.0,96.0,1.0,18.0,2.0,10.0,"Colaba, Mumbai"
2022-10-26,153.0,98.0,1.0,21.0,2.0,9.0,"Colaba, Mumbai"
2022-10-27,150.0,95.0,1.0,19.0,2.0,10.0,"Colaba, Mumbai"
2022-10-28,143.0,95.0,1.0,24.0,2.0,10.0,"Colaba, Mumbai"
2022-10-29,137.0,78.0,1.0,23.0,2.0,8.0,"Colaba, Mumbai"
2022-10-30,127.0,83.0,1.0,18.0,2.0,9.0,"Colaba, Mumbai"
2022-10-31,142.0,100.0,4.0,25.0,2.0,10.0,"Colaba, Mumbai"
2022-11-01,152.0,94.0,4.0,21.0,3.0,10.0,"Colaba, Mumbai"
2022-11-02,152.0,96.0,4.0,24.0,3.0,10.0,"Colaba, Mumbai"
2022-11-03,147.0,100.0,1.0,29.0,4.0,11.0,"Colaba, Mumbai"
2022-11-04,149.0,91.0,1.0,36.0,5.0,10.0,"Colaba, Mumbai"
2022-11-05,149.0,94.0,1.0,51.0,6.0,10.0,"Colaba, Mumbai"
2022-11-06,151.0,99.0,1.0,54.666666666666664,7.0,11.0,"Colaba, Mumbai"
2022-11-07,161.0,113.0,1.0,58.333333333333336,9.0,12.0,"Colaba, Mumbai"
2022-11-08,176.0,112.0,1.0,62.0,10.0,12.0,"Colaba, Mumbai"
2022-11-09,176.0,134.0,1.0,59.5,12.0,13.0,"Colaba, Mumbai"
2022-11-10,176.0,94.0,1.0,57.0,8.0,10.0,"Colaba, Mumbai"
2022-11-11,176.0,94.0,1.0,54.0,7.0,9.0,"Colaba, Mumbai"
2022-11-12,129.5,97.0,1.0,52.0,7.0,9.0,"Colaba, Mumbai"
2022-11-13,129.5,118.0,1.0,56.0,7.0,13.0,"Colaba, Mumbai"
2022-11-14,129.5,126.0,1.0,63.0,8.0,14.0,"Colaba, Mumbai"
2022-11-15,129.5,111.0,1.0,56.0,7.0,12.0,"Colaba, Mumbai"
2022-11-16,129.5,100.0,1.0,62.0,7.0,10.0,"Colaba, Mumbai"
2022-11-17,129.5,80.0,1.0,51.0,7.0,8.0,"Colaba, Mumbai"
2022-11-18,129.5,88.0,1.0,64.0,7.0,9.0,"Colaba, Mumbai"
2022-11-19,129.5,88.0,1.0,60.0,6.0,9.0,"Colaba, Mumbai"
2022-11-20,129.5,80.0,1.0,48.0,6.0,8.0,"Colaba, Mumbai"
2022-11-21,129.5,90.0,1.0,64.0,5.0,10.0,"Colaba, Mumbai"
2022-11-22,129.5,100.0,1.0,60.0,5.0,11.0,"Colaba, Mumbai"
2022-11-23,129.5,108.0,1.0,58.0,5.0,12.0,"Colaba, Mumbai"
2022-11-24,129.5,128.0,1.0,64.0,6.0,14.0,"Colaba, Mumbai"
2022-11-25,129.5,128.0,1.0,70.0,7.0,14.0,"Colaba, Mumbai"
2022-11-26,129.5,125.0,1.0,61.0,8.0,14.0,"Colaba, Mumbai"
2022-11-27,129.5,94.0,1.0,44.0,9.0,12.0,"Colaba, Mumbai"
2022-11-28,129.5,93.0,1.0,43.0,8.0,11.0,"Colaba, Mumbai"
2022-11-29,129.5,117.0,1.0,67.0,9.0,13.0,"Colaba, Mumbai"
2022-11-30,129.5,94.0,1.0,42.0,9.0,11.0,"Colaba, Mumbai"
2022-12-01,145.0,116.0,1.0,53.5,9.0,14.0,"Colaba, Mumbai"
2022-12-02,145.0,112.0,1.0,65.0,10.0,13.0,"Colaba, Mumbai"
2022-12-03,145.0,161.0,1.0,66.0,11.0,14.0,"Colaba, Mumbai"
2022-12-04,145.0,120.0,1.0,51.0,10.0,14.0,"Colaba, Mumbai"
2022-12-05,145.0,149.0,1.0,49.666666666666664,11.0,16.0,"Colaba, Mumbai"
2022-12-07,145.0,110.0,1.0,47.0,11.0,11.0,"Colaba, Mumbai"
2022-12-08,145.0,79.0,1.0,50.0,9.0,8.0,"Colaba, Mumbai"
2022-12-09,145.0,88.0,1.0,68.0,8.0,11.0,"Colaba, Mumbai"
2022-12-10,145.0,107.0,1.0,64.0,8.0,12.0,"Colaba, Mumbai"
2022-12-11,145.0,95.0,1.0,60.0,9.0,11.0,"Colaba, Mumbai"
2022-12-12,145.0,83.0,1.0,62.0,11.0,10.0,"Colaba, Mumbai"
2022-12-13,145.0,78.0,1.0,44.0,12.0,11.0,"Colaba, Mumbai"
2022-12-14,145.0,76.0,1.0,42.0,12.0,12.0,"Colaba, Mumbai"
2022-12-15,145.0,110.0,1.0,44.4,12.0,15.0,"Colaba, Mumbai"
2022-12-19,145.0,87.0,1.0,54.0,14.0,11.0,"Colaba, Mumbai"
2022-12-20,145.0,107.0,1.0,50.333333333333336,15.0,13.0,"Colaba, Mumbai"
2022-12-21,145.0,128.0,1.0,46.666666666666664,15.0,14.0,"Colaba, Mumbai"
2022-12-22,145.0,86.0,1.0,43.0,14.0,9.0,"Colaba, Mumbai"
2022-12-23,145.0,94.0,1.0,66.0,13.0,11.0,"Colaba, Mumbai"
2022-12-24,145.0,102.0,1.0,59.0,13.0,11.0,"Colaba, Mumbai"
2022-12-25,145.0,108.0,1.0,64.0,13.0,13.0,"Colaba, Mumbai"
2022-12-26,145.0,125.0,1.0,56.0,13.0,14.0,"Colaba, Mumbai"
2022-12-27,145.0,122.0,1.0,15.0,8.0,14.0,"Colaba, Mumbai"
2022-12-28,145.0,131.0,1.0,11.0,9.0,13.0,"Colaba, Mumbai"
2022-12-29,145.0,117.0,1.0,15.0,9.0,12.0,"Colaba, Mumbai"
2022-12-30,145.0,94.0,1.0,12.0,8.0,10.0,"Colaba, Mumbai"
2022-12-31,145.0,85.0,1.0,11.0,7.0,9.0,"Colaba, Mumbai"
2023-01-02,129.0,100.0,1.0,17.0,7.0,12.0,"Colaba, Mumbai"
2023-01-03,129.0,111.0,1.0,13.0,8.0,12.0,"Colaba, Mumbai"
2023-01-04,129.0,106.0,1.0,18.0,8.0,12.0,"Colaba, Mumbai"
2023-01-05,129.0,124.0,1.0,12.0,8.0,13.0,"Colaba, Mumbai"
2023-01-06,129.0,142.0,1.0,13.0,8.0,13.0,"Colaba, Mumbai"
2023-01-07,129.0,125.0,1.0,13.0,8.0,12.0,"Colaba, Mumbai"
2023-01-08,129.0,128.0,1.0,11.0,9.0,11.0,"Colaba, Mumbai"
2023-01-09,129.0,82.0,1.0,10.0,9.0,9.0,"Colaba, Mumbai"
2023-01-10,129.0,88.0,1.0,10.0,9.0,10.0,"Colaba, Mumbai"
2023-01-11,129.0,112.0,1.0,15.0,9.0,12.0,"Colaba, Mumbai"
2023-01-13,129.0,184.0,1.0,9.0,8.0,6.0,"Colaba, Mumbai"
2023-01-14,129.0,88.0,1.0,9.0,8.0,7.0,"Colaba, Mumbai"
2023-01-15,129.0,108.0,1.0,18.0,8.0,10.0,"Colaba, Mumbai"
2023-01-16,129.0,118.0,1.0,15.0,8.0,11.0,"Colaba, Mumbai"
2023-01-17,129.0,130.0,1.0,17.0,9.0,13.0,"Colaba, Mumbai"
2023-01-18,129.0,134.0,1.0,18.0,10.0,14.0,"Colaba, Mumbai"
2023-01-19,176.0,127.0,4.0,9.0,9.0,14.0,"Colaba, Mumbai"
2023-01-20,156.0,104.0,4.0,6.333333333333334,8.0,11.0,"Colaba, Mumbai"
2023-01-21,157.0,96.0,4.0,3.666666666666667,9.0,11.0,"Colaba, Mumbai"
2023-01-22,139.0,82.0,4.0,1.0,9.0,8.0,"Colaba, Mumbai"
2023-01-23,149.0,93.0,4.0,1.0,8.0,9.0,"Colaba, Mumbai"
2023-01-24,150.0,89.0,4.0,1.0,8.0,9.0,"Colaba, Mumbai"
2023-01-25,160.0,101.0,4.0,1.0,8.0,9.0,"Colaba, Mumbai"
2023-01-26,169.0,112.0,4.0,1.0,8.0,11.0,"Colaba, Mumbai"
2023-01-27,172.0,115.0,4.0,1.0,9.0,13.0,"Colaba, Mumbai"
2023-01-28,156.0,102.0,4.0,1.0,11.0,13.0,"Colaba, Mumbai"
2023-01-29,149.0,88.0,4.0,1.0,10.0,11.0,"Colaba, Mumbai"
2023-01-30,150.0,85.0,4.0,1.0,9.0,10.0,"Colaba, Mumbai"
2023-01-31,168.0,104.0,4.0,1.0,9.0,11.0,"Colaba, Mumbai"
2023-02-01,162.0,96.0,4.0,1.0,9.0,10.0,"Colaba, Mumbai"
2023-02-02,154.0,89.0,4.0,1.0,9.0,10.0,"Colaba, Mumbai"
2023-02-03,156.0,99.0,4.0,1.0,9.0,11.0,"Colaba, Mumbai"
2023-02-04,161.0,106.0,4.0,1.0,10.0,13.0,"Colaba, Mumbai"
2023-02-05,169.0,113.0,4.0,1.0,10.0,14.0,"Colaba, Mumbai"
2023-02-06,157.0,90.0,4.0,1.0,9.0,11.0,"Colaba, Mumbai"
2023-02-07,140.0,84.0,4.0,2.0,9.0,8.0,"Colaba, Mumbai"
2023-02-08,170.0,115.0,4.0,1.8571428571428572,8.0,12.0,"Colaba, Mumbai"
2023-02-09,177.0,124.0,4.0,1.7142857142857144,10.0,14.0,"Colaba, Mumbai"
2023-02-10,163.0,98.0,4.0,1.5714285714285714,9.0,10.0,"Colaba, Mumbai"
2023-02-11,139.0,82.0,4.0,10.0,11.0,9.0,"Colaba, Mumbai"
2023-02-12,155.0,94.0,4.0,10.0,11.0,13.0,"Colaba, Mumbai"
2023-02-13,138.0,84.0,4.0,10.0,10.0,8.0,"Colaba, Mumbai"
2023-02-14,162.0,111.0,4.0,1.0,10.0,13.0,"Colaba, Mumbai"
2023-02-15,172.0,128.0,4.0,1.0,11.0,15.0,"Colaba, Mumbai"
2023-02-16,161.0,124.0,4.0,1.125,11.0,12.0,"Colaba, Mumbai"
2023-02-17,171.0,133.0,4.0,1.25,11.0,13.0,"Colaba, Mumbai"
2023-02-18,165.0,115.0,4.0,1.375,15.0,12.0,"Colaba, Mumbai"
2023-02-19,166.0,123.0,4.0,10.0,14.0,13.0,"Colaba, Mumbai"
2023-02-20,155.0,85.0,4.0,10.0,12.0,11.0,"Colaba, Mumbai"
2023-02-21,152.0,108.0,4.0,10.0,12.0,12.0,"Colaba, Mumbai"
2023-02-22,117.0,74.0,4.0,10.0,12.0,9.0,"Colaba, Mumbai"
2023-02-23,160.0,94.0,4.0,2.0,13.0,12.0,"Colaba, Mumbai"
2023-02-24,158.0,96.0,4.0,2.0,12.0,13.0,"Colaba, Mumbai"
2023-02-25,157.0,97.0,4.0,2.0,13.0,12.0,"Colaba, Mumbai"
2023-02-26,164.0,107.0,4.0,2.0,14.0,13.0,"Colaba, Mumbai"
2023-02-27,159.0,100.0,4.0,10.0,13.0,13.0,"Colaba, Mumbai"
2023-02-28,144.0,93.0,4.0,10.0,11.0,11.0,"Colaba, Mumbai"
2023-03-01,153.0,101.0,4.0,8.0,12.0,14.0,"Colaba, Mumbai"
2023-03-02,172.0,116.0,4.0,8.0,12.0,15.0,"Colaba, Mumbai"
2023-03-03,172.0,105.0,4.0,8.0,12.0,16.0,"Colaba, Mumbai"
2023-03-04,191.0,130.0,4.0,2.0,13.0,20.0,"Colaba, Mumbai"
2023-03-05,194.0,140.0,4.0,7.0,13.0,20.0,"Colaba, Mumbai"
2023-03-06,177.0,123.0,4.0,4.0,11.0,21.0,"Colaba, Mumbai"
2023-03-07,123.0,79.0,4.0,2.0,9.0,11.0,"Colaba, Mumbai"
2023-03-11,151.0,88.0,4.0,1.5,8.0,13.0,"Colaba, Mumbai"
2023-03-12,170.0,117.0,4.0,1.375,8.0,18.0,"Colaba, Mumbai"
2023-03-13,178.0,106.0,4.0,1.25,8.0,21.0,"Colaba, Mumbai"
2023-03-14,167.0,103.0,4.0,8.0,8.0,15.0,"Colaba, Mumbai"
2023-03-15,145.0,77.0,4.0,1.0,8.0,12.0,"Colaba, Mumbai"
2023-03-16,146.0,66.0,4.0,2.0,8.0,12.0,"Colaba, Mumbai"
2023-03-17,141.0,68.0,4.0,2.0,8.0,21.0,"Colaba, Mumbai"
2023-03-18,118.0,70.0,4.0,2.0,8.0,29.0,"Colaba, Mumbai"
2023-03-19,97.0,57.0,4.0,2.0,8.0,12.0,"Colaba, Mumbai"
2023-03-20,76.0,49.0,5.0,2.0,7.0,9.0,"Colaba, Mumbai"
2023-03-21,64.0,42.0,4.0,2.0,7.0,15.0,"Colaba, Mumbai"
2023-03-22,68.0,41.0,4.0,2.0,7.0,22.0,"Colaba, Mumbai"
2023-03-23,78.0,42.0,4.0,2.0,7.0,21.0,"Colaba, Mumbai"
2023-03-29,80.0,72.0,4.0,5.75,6.0,22.8,"Colaba, Mumbai"
2023-03-31,81.0,56.0,28.0,7.0,7.0,23.4,"Colaba, Mumbai"
2023-04-02,63.0,50.0,4.0,3.0,7.0,24.0,"Colaba, Mumbai"
2023-04-03,54.0,46.0,4.0,1.0,6.0,20.166666666666668,"Colaba, Mumbai"
2023-04-04,55.0,54.0,4.0,1.0,7.0,16.333333333333332,"Colaba, Mumbai"
2023-04-05,74.0,74.0,4.0,1.0,6.0,12.5,"Colaba, Mumbai"
2023-04-06,108.0,92.0,5.0,1.0,6.0,4.0,"Colaba, Mumbai"
2023-04-07,121.0,88.0,4.0,1.0,6.0,4.0,"Colaba, Mumbai"
2023-04-08,145.0,102.0,4.0,1.0,7.0,1.0,"Colaba, Mumbai"
2023-04-09,176.0,87.0,4.0,1.0,7.0,3.0,"Colaba, Mumbai"
2023-04-10,136.0,76.0,4.0,1.0,6.0,4.0,"Colaba, Mumbai"
2023-04-11,102.0,68.0,4.0,1.0,6.0,5.0,"Colaba, Mumbai"
2023-04-12,100.0,81.0,4.0,1.0,6.0,5.0,"Colaba, Mumbai"
2023-04-13,149.0,72.0,4.0,1.0,6.0,5.0,"Colaba, Mumbai"
2023-04-14,100.0,63.0,4.0,1.0,9.0,4.0,"Colaba, Mumbai"
2023-04-15,93.0,60.0,4.0,1.0,7.0,6.0,"Colaba, Mumbai"
2023-04-16,67.0,60.0,4.0,1.0,7.0,3.0,"Colaba, Mumbai"
2023-04-17,73.0,70.0,4.0,1.0,7.0,2.8,"Colaba, Mumbai"
2023-04-18,103.0,89.0,4.0,1.0,7.0,2.6,"Colaba, Mumbai"
2023-04-19,118.0,57.0,5.0,2.0,7.0,2.4,"Colaba, Mumbai"
2023-04-20,55.0,52.0,4.0,1.6666666666666667,6.0,4.0,"Colaba, Mumbai"
2023-04-21,59.0,46.0,4.0,1.3333333333333335,6.0,4.0,"Colaba, Mumbai"
2023-04-22,63.0,53.0,4.0,1.0,6.0,4.0,"Colaba, Mumbai"
2023-04-23,67.0,54.0,4.0,1.0,6.0,4.0,"Colaba, Mumbai"
2023-04-24,106.0,65.0,4.0,2.0,6.0,4.0,"Colaba, Mumbai"
2023-04-25,103.0,60.0,4.0,2.0,5.0,4.0,"Colaba, Mumbai"
2023-04-26,83.0,60.0,4.0,1.0,5.0,1.0,"Colaba, Mumbai"
2023-04-27,84.0,42.0,4.0,1.0,5.0,7.0,"Colaba, Mumbai"
2023-04-28,60.0,43.0,4.0,1.0,6.0,13.0,"Colaba, Mumbai"
2023-04-29,61.0,39.0,5.0,1.0,5.0,15.0,"Colaba, Mumbai"
2023-04-30,52.0,38.0,5.0,1.0,5.0,26.0,"Colaba, Mumbai"
2023-05-01,49.0,33.0,6.0,1.0,5.0,28.5,"Colaba, Mumbai"
2023-05-02,46.0,46.0,5.0,1.0,5.0,31.0,"Colaba, Mumbai"
2023-05-03,62.0,50.0,4.0,1.0,5.0,26.333333333333332,"Colaba, Mumbai"
2023-05-04,77.0,52.0,4.0,1.0,5.0,21.666666666666664,"Colaba, Mumbai"
2023-05-05,69.0,48.0,4.0,1.0,4.0,17.0,"Colaba, Mumbai"
2023-05-06,71.0,48.0,4.0,1.0,3.5,4.0,"Colaba, Mumbai"
2023-05-07,74.0,49.0,4.0,1.0,3.0,4.0,"Colaba, Mumbai"
2023-05-08,67.0,58.0,4.0,1.0,2.0,3.0,"Colaba, Mumbai"
2023-05-09,70.0,72.0,4.0,1.0,2.0,4.0,"Colaba, Mumbai"
2023-05-10,83.0,74.0,4.0,1.0,1.0,5.0,"Colaba, Mumbai"
2023-05-11,109.0,121.0,12.0,4.0,5.0,2.0,"Colaba, Mumbai"
2023-05-12,136.0,128.0,5.0,1.0,1.0,4.0,"Colaba, Mumbai"
2023-05-13,122.0,37.0,4.0,1.0,1.0,2.0,"Colaba, Mumbai"
2023-05-14,52.0,58.0,4.0,1.0,1.0,4.0,"Colaba, Mumbai"
2023-05-15,88.0,90.0,19.0,19.0,4.0,4.0,"Colaba, Mumbai"
2023-05-16,128.0,53.0,4.0,16.75,1.0,3.0,"Colaba, Mumbai"
2023-05-17,76.0,39.0,4.0,14.5,3.0,2.0,"Colaba, Mumbai"
2023-05-18,61.0,46.0,4.0,12.25,4.0,13.0,"Colaba, Mumbai"
2023-05-19,54.0,45.666666666666664,4.0,4.0,3.0,12.833333333333334,"Colaba, Mumbai"
2023-05-21,57.333333333333336,45.0,4.0,4.0,1.0,12.5,"Colaba, Mumbai"
2023-05-22,59.0,60.0,4.0,4.0,1.0,12.333333333333334,"Colaba, Mumbai"
2023-05-23,81.0,50.0,4.0,1.0,1.0,4.0,"Colaba, Mumbai"
2023-05-24,85.0,64.0,4.0,1.0,1.0,12.0,"Colaba, Mumbai"
2023-05-25,64.0,78.0,4.0,2.0,1.3333333333333333,25.0,"Colaba, Mumbai"
2023-05-26,89.0,51.0,4.0,1.75,1.6666666666666665,27.0,"Colaba, Mumbai"
2023-05-27,62.0,53.0,4.0,1.5,2.0,31.0,"Colaba, Mumbai"
2023-05-28,70.0,78.0,4.0,1.25,1.0,33.0,"Colaba, Mumbai"
2023-05-29,110.0,64.0,8.0,1.0,1.0,34.0,"Colaba, Mumbai"
2023-05-30,107.0,53.0,4.0,3.0,5.0,35.0,"Colaba, Mumbai"
2023-05-31,60.0,54.0,4.0,3.0,23.0,34.333333333333336,"Colaba, Mumbai"
2023-06-01,54.0,48.0,4.0,2.0,25.0,33.666666666666664,"Colaba, Mumbai"
2023-06-02,54.0,34.0,4.0,2.0,27.0,33.0,"Colaba, Mumbai"
2023-06-03,44.0,41.0,4.0,2.0,29.0,3.0,"Colaba, Mumbai"
2023-06-04,47.0,40.0,4.0,2.0,4.0,3.0,"Colaba, Mumbai"
2023-06-05,57.0,46.0,4.0,1.6666666666666667,4.0,3.0,"Colaba, Mumbai"
2023-06-06,69.0,48.0,4.0,1.3333333333333335,4.0,3.0,"Colaba, Mumbai"
2023-06-07,132.0,45.5,4.0,1.0,4.0,3.0,"Colaba, Mumbai"
2023-06-08,189.0,43.0,4.0,1.5,39.0,29.0,"Colaba, Mumbai"
2023-06-09,140.0,38.0,4.0,2.0,23.0,1.0,"Colaba, Mumbai"
2023-06-10,27.0,56.0,4.0,1.0,52.0,1.0,"Colaba, Mumbai"
2023-06-11,44.0,69.0,4.0,1.0,62.0,1.0,"Colaba, Mumbai"
2023-06-12,61.0,56.0,4.0,1.5,62.0,1.0,"Colaba, Mumbai"
2023-06-13,54.0,45.0,4.0,2.0,62.0,1.0,"Colaba, Mumbai"
2023-06-14,50.0,42.0,4.0,3.625,62.0,1.0,"Colaba, Mumbai"
2023-06-15,47.0,42.0,4.0,5.25,4.0,1.0,"Colaba, Mumbai"
2023-06-16,44.0,45.0,4.0,6.875,62.0,1.0,"Colaba, Mumbai"
2023-06-17,53.0,47.0,4.0,4.0,59.0,1.0,"Colaba, Mumbai"
2023-06-18,50.0,50.0,4.0,4.0,62.0,1.0,"Colaba, Mumbai"
2023-06-19,56.0,54.0,4.0,4.0,62.0,1.0,"Colaba, Mumbai"
2023-06-20,58.0,53.0,4.0,4.0,59.0,1.0,"Colaba, Mumbai"
2023-06-21,58.0,53.0,4.0,15.0,39.0,1.0,"Colaba, Mumbai"
2023-06-22,58.0,47.0,4.0,22.0,15.0,1.0,"Colaba, Mumbai"
2023-06-23,57.0,32.0,4.0,23.0,12.0,1.0,"Colaba, Mumbai"
2023-06-24,47.0,31.666666666666668,4.0,16.0,16.0,2.0,"Colaba, Mumbai"
2023-06-25,45.0,31.333333333333332,4.0,17.0,15.4,2.0,"Colaba, Mumbai"
2023-06-26,53.0,31.0,4.0,17.0,14.8,2.0,"Colaba, Mumbai"
2023-06-27,43.0,28.0,4.0,15.0,14.2,2.0,"Colaba, Mumbai"
2023-06-28,39.0,32.0,4.0,17.0,4.0,2.0,"Colaba, Mumbai"
2023-06-29,44.0,34.0,4.0,14.0,4.0,2.0,"Colaba, Mumbai"
2023-06-30,45.0,38.0,4.0,12.0,4.0,2.0,"Colaba, Mumbai"
2023-07-01,48.0,35.0,4.0,16.0,4.0,2.0,"Colaba, Mumbai"
2023-07-02,41.0,31.0,4.0,14.0,4.0,2.0,"Colaba, Mumbai"
2023-07-03,37.0,29.0,4.0,18.0,4.0,2.0,"Colaba, Mumbai"
2023-07-04,43.0,31.0,4.0,43.0,10.0,2.0,"Colaba, Mumbai"
2023-07-05,48.0,28.0,4.0,20.0,21.0,2.0,"Colaba, Mumbai"
2023-07-06,42.0,31.0,4.0,23.0,4.0,2.0,"Colaba, Mumbai"
2023-07-07,44.0,52.0,4.0,30.0,4.0,2.0,"Colaba, Mumbai"
2023-07-08,64.0,51.0,4.0,32.0,4.0,2.0,"Colaba, Mumbai"
2023-07-09,57.0,50.0,4.0,34.0,4.0,2.0,"Colaba, Mumbai"
2023-07-10,54.0,46.0,4.0,38.0,4.0,2.0,"Colaba, Mumbai"
2023-07-11,54.0,43.0,4.0,39.0,4.0,2.0,"Colaba, Mumbai"
2023-07-12,45.0,34.0,4.0,39.0,1.0,3.0,"Colaba, Mumbai"
2023-07-13,44.0,26.0,4.0,37.0,10.0,2.0,"Colaba, Mumbai"
2023-07-14,42.0,42.0,4.0,32.0,14.0,2.0,"Colaba, Mumbai"
2023-07-15,50.0,35.0,4.0,33.0,17.0,2.0,"Colaba, Mumbai"
2023-07-16,43.0,24.0,4.0,40.0,18.0,2.0,"Colaba, Mumbai"
2023-07-17,33.0,37.0,4.0,43.0,19.0,2.0,"Colaba, Mumbai"
2023-07-18,38.0,44.0,4.0,42.0,21.0,2.0,"Colaba, Mumbai"
2023-07-19,51.0,48.0,4.0,44.0,11.0,2.0,"Colaba, Mumbai"
2023-07-20,57.0,33.0,4.0,48.0,1.0,2.0,"Colaba, Mumbai"
2023-07-21,49.0,47.0,4.0,51.0,15.0,2.0,"Colaba, Mumbai"
2023-07-22,49.0,23.0,4.0,45.2,7.0,3.0,"Colaba, Mumbai"
2023-07-23,28.0,40.0,4.0,39.4,8.5,2.0,"Colaba, Mumbai"
2023-07-24,43.0,41.0,4.0,33.599999999999994,10.0,3.0,"Colaba, Mumbai"
2023-07-25,45.0,27.0,4.0,5.0,11.5,2.0,"Colaba, Mumbai"
2023-07-26,35.0,32.0,4.0,22.0,13.0,2.0,"Colaba, Mumbai"
2023-07-27,43.0,35.0,4.0,21.416666666666668,13.0,3.0,"Colaba, Mumbai"
2023-07-28,44.0,44.0,4.0,20.833333333333332,13.0,2.0,"Colaba, Mumbai"
2023-07-29,45.0,42.0,4.0,20.25,13.0,2.0,"Colaba, Mumbai"
2023-07-30,45.0,44.0,4.0,5.0,10.0,2.0,"Colaba, Mumbai"
2023-07-31,49.0,37.0,4.0,5.0,10.0,2.0,"Colaba, Mumbai"
2023-08-01,41.0,48.0,4.0,4.0,10.0,2.0,"Colaba, Mumbai"
2023-08-02,47.0,47.0,4.0,4.0,10.0,2.0,"Colaba, Mumbai"
2023-08-03,54.0,42.0,4.0,4.0,10.0,3.0,"Colaba, Mumbai"
2023-08-04,53.0,49.0,4.0,4.0,11.0,3.0,"Colaba, Mumbai"
2023-08-05,50.0,50.0,4.0,4.0,10.0,3.0,"Colaba, Mumbai"
2023-08-06,47.42857142857143,50.0,4.0,4.0,12.0,3.0,"Colaba, Mumbai"
2023-08-07,44.85714285714286,50.0,4.0,4.0,13.0,3.0,"Colaba, Mumbai"
2023-08-08,42.285714285714285,47.0,4.0,4.0,13.0,3.0,"Colaba, Mumbai"
2023-08-11,51.0,44.0,4.0,4.0,13.0,4.0,"Colaba, Mumbai"
2023-08-12,32.0,43.0,4.0,4.0,13.0,4.0,"Colaba, Mumbai"
2023-08-13,35.0,44.0,4.0,4.0,13.0,4.0,"Colaba, Mumbai"
2023-08-14,56.0,40.0,4.0,4.0,13.0,4.0,"Colaba, Mumbai"
2023-08-15,40.0,35.0,4.0,4.0,13.0,3.0,"Colaba, Mumbai"
2023-08-16,38.0,23.0,4.0,4.0,13.0,3.0,"Colaba, Mumbai"
2023-08-17,34.0,16.0,4.0,4.0,13.0,3.0,"Colaba, Mumbai"
2023-08-18,28.0,16.0,4.0,4.0,13.0,3.0,"Colaba, Mumbai"
2023-08-19,42.0,16.0,4.0,4.0,13.0,3.0,"Colaba, Mumbai"
2023-08-20,41.0,16.0,4.0,4.0,13.0,4.0,"Colaba, Mumbai"
2023-08-21,44.0,16.0,4.0,4.0,13.0,4.0,"Colaba, Mumbai"
2023-08-22,36.0,16.0,4.0,4.0,13.0,3.0,"Colaba, Mumbai"
2023-08-23,31.0,16.0,4.0,4.0,13.0,3.0,"Colaba, Mumbai"
2023-08-24,26.0,16.0,4.0,4.0,13.0,3.0,"Colaba, Mumbai"
2023-08-25,29.0,16.0,4.0,4.0,13.0,3.0,"Colaba, Mumbai"
2023-08-26,20.0,16.0,4.0,4.0,13.0,3.0,"Colaba, Mumbai"
2023-08-27,23.0,16.0,4.0,4.0,13.0,3.0,"Colaba, Mumbai"
2023-08-28,31.0,16.0,4.0,4.0,13.0,3.0,"Colaba, Mumbai"
2023-08-29,43.0,16.0,4.0,4.0,13.0,4.0,"Colaba, Mumbai"
2023-08-30,57.0,37.0,4.0,4.0,13.0,3.0,"Colaba, Mumbai"
2023-08-31,52.0,59.0,4.0,1.0,13.0,3.0,"Colaba, Mumbai"
2023-09-01,31.0,59.833333333333336,4.0,1.0,13.0,4.0,"Colaba, Mumbai"
2023-09-02,16.0,60.666666666666664,4.0,1.0,13.0,4.0,"Colaba, Mumbai"
2023-09-03,30.0,61.5,4.0,1.0,13.0,3.0,"Colaba, Mumbai"
2023-09-04,15.0,27.5,4.0,7.0,13.0,3.0,"Colaba, Mumbai"
2023-09-05,22.0,27.5,4.0,7.0,13.0,3.0,"Colaba, Mumbai"
2023-09-06,26.333333333333332,64.0,4.0,7.0,9.0,3.0,"Colaba, Mumbai"
2023-09-07,30.666666666666664,68.0,4.0,7.0,6.0,3.0,"Colaba, Mumbai"
2023-09-08,35.0,36.0,4.0,7.0,6.0,3.0,"Colaba, Mumbai"
2023-09-09,53.0,26.0,4.0,7.0,6.0,3.0,"Colaba, Mumbai"
2023-09-10,36.0,28.0,4.0,7.0,6.0,3.0,"Colaba, Mumbai"
2023-09-11,41.0,29.0,4.0,7.0,6.0,2.0,"Colaba, Mumbai"
2023-09-12,54.0,27.0,4.0,7.0,5.0,3.0,"Colaba, Mumbai"
2023-09-13,51.0,27.0,4.0,1.0,5.0,3.0,"Colaba, Mumbai"
2023-09-14,50.0,27.0,4.0,2.0,7.0,3.0,"Colaba, Mumbai"
2023-09-15,49.0,26.0,4.0,2.057142857142857,7.0,3.0,"Colaba, Mumbai"
2023-09-16,36.0,34.0,4.0,2.1142857142857143,8.0,3.0,"Colaba, Mumbai"
2023-09-17,45.0,28.0,4.0,2.1714285714285713,7.0,3.0,"Colaba, Mumbai"
2023-09-18,34.0,28.0,4.0,7.0,6.0,3.0,"Colaba, Mumbai"
2023-09-19,32.0,17.0,4.0,7.0,6.0,3.0,"Colaba, Mumbai"
2023-09-20,19.0,16.0,4.0,7.0,6.0,3.0,"Colaba, Mumbai"
2023-09-21,20.0,17.0,4.0,7.0,5.0,5.0,"Colaba, Mumbai"
2023-09-22,27.0,24.0,4.0,7.0,6.0,5.0,"Colaba, Mumbai"
2023-09-23,41.0,18.0,4.0,7.0,5.0,4.0,"Colaba, Mumbai"
2023-09-24,41.0,23.0,4.0,7.0,6.0,4.0,"Colaba, Mumbai"
2023-09-25,44.0,20.0,4.0,7.0,7.0,3.0,"Colaba, Mumbai"
2023-09-26,47.0,39.0,4.0,7.0,8.0,4.0,"Colaba, Mumbai"
2023-09-27,85.0,53.0,4.0,7.0,8.0,5.0,"Colaba, Mumbai"
2023-09-28,118.0,55.0,4.0,7.0,9.0,5.0,"Colaba, Mumbai"
2023-09-29,116.0,50.0,4.0,7.0,9.0,4.0,"Colaba, Mumbai"
2023-09-30,106.0,53.0,4.0,7.0,9.0,5.0,"Colaba, Mumbai"
2023-10-01,99.25,53.0,4.0,8.5,9.0,5.0,"Colaba, Mumbai"
2023-10-02,92.5,60.0,4.0,8.5,8.0,4.0,"Colaba, Mumbai"
2023-10-03,85.75,67.0,4.0,8.5,8.0,3.0,"Colaba, Mumbai"
2023-10-04,79.0,70.0,4.0,8.5,6.0,3.0,"Colaba, Mumbai"
2023-10-05,96.0,69.0,4.0,8.5,3.0,3.0,"Colaba, Mumbai"
2023-10-06,100.0,60.0,4.0,8.5,3.0,3.0,"Colaba, Mumbai"
2023-10-07,99.0,67.0,4.0,8.5,3.0,3.0,"Colaba, Mumbai"
2023-10-08,104.0,65.0,4.0,8.5,3.0,3.0,"Colaba, Mumbai"
2023-10-09,138.0,74.0,4.0,8.5,4.0,4.0,"Colaba, Mumbai"
2023-10-10,89.0,53.0,4.0,8.5,4.0,4.0,"Colaba, Mumbai"
2023-10-11,70.0,45.0,4.0,8.5,4.0,3.0,"Colaba, Mumbai"
2023-10-12,103.0,53.0,4.0,8.5,4.0,5.0,"Colaba, Mumbai"
2023-10-13,142.0,70.0,4.0,8.5,4.0,5.0,"Colaba, Mumbai"
2023-10-14,169.0,96.0,4.0,8.5,4.0,6.0,"Colaba, Mumbai"
2023-10-15,162.0,87.0,4.0,8.5,5.0,5.0,"Colaba, Mumbai"
2023-10-16,173.0,89.0,4.0,8.5,5.0,6.0,"Colaba, Mumbai"
2023-10-17,166.0,91.0,4.0,8.5,5.0,6.0,"Colaba, Mumbai"
2023-10-18,164.0,89.0,4.0,8.5,5.0,5.0,"Colaba, Mumbai"
2023-10-19,157.0,72.0,8.0,4.0,6.0,5.0,"Colaba, Mumbai"
2023-10-20,166.0,105.0,4.0,4.0,8.0,6.0,"Colaba, Mumbai"
2023-10-21,171.0,96.0,4.0,4.766666666666667,12.0,7.0,"Colaba, Mumbai"
2023-10-22,178.0,108.0,4.0,5.533333333333333,13.0,7.0,"Colaba, Mumbai"
2023-10-23,176.0,103.0,4.0,6.3,9.0,11.0,"Colaba, Mumbai"
2023-10-24,175.0,120.0,4.0,8.5,4.0,19.0,"Colaba, Mumbai"
2023-10-25,164.0,103.0,4.0,8.5,3.0,25.0,"Colaba, Mumbai"
2023-10-26,155.0,83.0,4.0,8.5,3.0,26.0,"Colaba, Mumbai"
2023-10-27,153.0,63.0,4.0,8.5,4.0,27.0,"Colaba, Mumbai"
2023-10-28,159.0,112.0,4.0,8.5,4.0,27.0,"Colaba, Mumbai"
2023-10-29,160.0,110.0,4.0,8.5,4.0,28.0,"Colaba, Mumbai"
2023-10-30,159.0,96.0,4.0,8.5,4.0,27.0,"Colaba, Mumbai"
2023-10-31,171.0,118.0,4.0,8.5,4.0,29.0,"Colaba, Mumbai"
2023-11-01,172.0,112.0,4.0,10.0,4.0,28.0,"Colaba, Mumbai"
2023-11-02,173.0,113.0,4.0,10.0,3.0,35.0,"Colaba, Mumbai"
2023-11-03,172.0,110.0,4.0,10.0,4.0,30.0,"Colaba, Mumbai"
2023-11-04,170.0,109.0,4.0,10.0,4.0,7.0,"Colaba, Mumbai"
2023-11-05,174.0,109.0,4.0,10.0,5.0,8.0,"Colaba, Mumbai"
2023-11-06,157.0,102.0,4.0,10.0,5.0,8.0,"Colaba, Mumbai"
2023-11-07,89.0,118.0,4.0,10.0,5.0,8.0,"Colaba, Mumbai"
2023-11-08,52.0,84.0,4.0,10.0,6.0,7.0,"Colaba, Mumbai"
2023-11-09,56.0,80.0,4.0,10.0,6.0,6.0,"Colaba, Mumbai"
2023-11-10,39.0,55.0,4.0,10.0,6.0,5.0,"Colaba, Mumbai"
2023-11-11,51.0,63.0,4.0,10.0,6.0,7.0,"Colaba, Mumbai"
2023-11-19,120.0,70.0,5.0,27.0,7.0,8.0,"Colaba, Mumbai"
2023-11-20,92.0,58.0,7.0,26.0,6.0,8.0,"Colaba, Mumbai"
2023-11-22,108.0,66.0,3.0,20.0,5.0,6.0,"Colaba, Mumbai"
2023-11-23,122.0,72.0,4.0,24.0,5.0,7.0,"Colaba, Mumbai"
2023-11-24,151.0,96.0,4.0,33.0,6.0,10.0,"Colaba, Mumbai"
2023-11-25,83.0,44.0,4.0,26.0,7.0,8.0,"Colaba, Mumbai"
2023-11-26,25.0,18.0,4.0,15.0,6.0,5.0,"Colaba, Mumbai"
2023-11-27,22.0,23.0,4.0,4.0,7.0,1.0,"Colaba, Mumbai"
2023-11-28,53.0,44.0,4.0,5.0,7.0,1.0,"Colaba, Mumbai"
2023-11-29,77.0,58.0,4.0,5.0,7.0,1.0,"Colaba, Mumbai"
2023-11-30,88.0,64.0,4.0,6.0,7.0,1.0,"Colaba, Mumbai"
2023-12-01,127.0,86.0,4.0,7.0,7.0,2.0,"Colaba, Mumbai"
2023-12-02,120.0,78.0,4.0,7.0,8.0,2.0,"Colaba, Mumbai"
2023-12-03,131.0,88.0,4.0,9.0,8.0,2.0,"Colaba, Mumbai"
2023-12-04,131.0,86.0,4.0,8.0,9.0,2.0,"Colaba, Mumbai"
2023-12-05,132.0,78.0,4.0,6.0,9.0,2.0,"Colaba, Mumbai"
2023-12-07,101.0,66.0,4.0,5.0,5.0,1.0,"Colaba, Mumbai"
2023-12-08,107.0,67.0,4.0,5.0,5.0,1.0,"Colaba, Mumbai"
2023-12-09,110.0,74.0,4.0,6.0,5.0,1.0,"Colaba, Mumbai"
2023-12-10,111.0,71.0,4.0,6.0,5.0,1.0,"Colaba, Mumbai"
2023-12-11,121.0,79.0,4.0,7.0,5.0,2.0,"Colaba, Mumbai"
2023-12-12,108.0,73.0,4.0,6.0,5.0,2.0,"Colaba, Mumbai"
2023-12-14,100.0,64.0,3.0,5.0,3.0,1.0,"Colaba, Mumbai"
2023-12-15,125.0,81.0,4.0,7.0,2.0,2.0,"Colaba, Mumbai"
2023-12-16,118.0,74.0,4.0,7.0,1.5,1.0,"Colaba, Mumbai"
2023-12-17,132.0,75.0,4.0,6.0,1.0,1.0,"Colaba, Mumbai"
2023-12-18,140.0,75.0,4.0,5.0,1.0,1.0,"Colaba, Mumbai"
2023-12-19,129.0,75.0,5.0,6.0,1.0,1.0,"Colaba, Mumbai"
2023-12-20,109.0,71.0,5.0,5.0,1.0,1.0,"Colaba, Mumbai"
2023-12-21,126.0,73.0,6.0,6.0,1.0,2.0,"Colaba, Mumbai"
2023-12-22,158.0,98.0,5.0,11.0,1.0,3.0,"Colaba, Mumbai"
2023-12-23,152.0,85.0,6.0,9.0,2.0,2.0,"Colaba, Mumbai"
2023-12-24,149.0,82.0,4.0,8.0,3.0,2.0,"Colaba, Mumbai"
2023-12-25,152.0,82.0,4.0,9.0,2.0,2.0,"Colaba, Mumbai"
2023-12-26,159.0,88.0,4.0,10.0,2.0,2.0,"Colaba, Mumbai"
2023-12-27,161.0,89.0,4.0,10.0,3.0,3.0,"Colaba, Mumbai"
2023-12-28,166.0,99.0,4.0,10.0,4.0,2.0,"Colaba, Mumbai"
2023-12-29,173.0,107.0,4.0,11.0,5.0,3.0,"Colaba, Mumbai"
2023-12-30,165.0,103.0,4.0,11.0,3.0,3.0,"Colaba, Mumbai"
2023-12-31,143.0,78.0,3.0,8.0,4.0,2.0,"Colaba, Mumbai"
2024-01-01,154.0,74.0,3.0,8.0,4.0,2.0,"Colaba, Mumbai"
2024-01-02,153.0,76.0,4.0,9.0,3.0,2.0,"Colaba, Mumbai"
2024-01-03,147.0,81.0,4.0,10.0,6.0,2.0,"Colaba, Mumbai"
2024-01-04,162.0,74.0,3.0,9.0,6.0,2.0,"Colaba, Mumbai"
2024-01-05,159.0,69.0,4.0,8.0,7.0,2.0,"Colaba, Mumbai"
2024-01-06,150.0,73.0,4.0,8.0,7.0,2.0,"Colaba, Mumbai"
2024-01-07,151.0,66.0,4.0,7.0,7.0,2.0,"Colaba, Mumbai"
2024-01-08,122.0,79.0,4.0,8.0,7.0,2.0,"Colaba, Mumbai"
2024-01-09,133.0,49.0,4.0,6.0,7.0,1.0,"Colaba, Mumbai"
2024-01-10,79.0,75.0,4.0,7.0,7.0,2.0,"Colaba, Mumbai"
2024-01-11,141.0,71.0,4.0,7.0,7.0,2.0,"Colaba, Mumbai"
2024-01-12,132.0,71.0,4.0,8.0,7.0,2.0,"Colaba, Mumbai"
2024-01-13,140.0,55.5,4.0,6.0,6.5,1.5,"Colaba, Mumbai"
2024-01-14,94.5,40.0,4.0,4.0,6.0,1.0,"Colaba, Mumbai"
2024-01-15,49.0,68.0,6.0,6.0,2.0,1.0,"Colaba, Mumbai"
2024-01-16,84.0,50.0,5.0,6.0,2.0,1.0,"Colaba, Mumbai"
2024-01-17,101.0,48.0,5.0,6.0,3.0,1.0,"Colaba, Mumbai"
2024-01-18,202.0,201.0,4.0,8.0,2.0,2.0,"Colaba, Mumbai"
2024-01-19,167.5,179.0,5.0,7.0,2.0,2.0,"Colaba, Mumbai"
2024-01-20,133.0,75.0,5.0,7.0,2.0,2.0,"Colaba, Mumbai"
2024-01-21,108.0,67.0,5.0,8.0,2.0,2.0,"Colaba, Mumbai"
2024-01-22,110.0,60.0,5.0,6.0,2.0,1.0,"Colaba, Mumbai"
2024-01-23,87.0,61.0,5.0,6.0,2.0,2.0,"Colaba, Mumbai"
2024-01-24,86.0,63.0,5.0,7.0,2.0,2.0,"Colaba, Mumbai"
2024-01-25,90.0,72.0,5.0,9.0,2.0,2.0,"Colaba, Mumbai"
2024-01-26,120.0,78.0,4.0,10.0,2.0,3.0,"Colaba, Mumbai"
2024-01-27,130.0,73.0,5.0,9.0,2.0,2.0,"Colaba, Mumbai"
2024-01-28,114.0,65.0,5.0,8.0,2.0,2.0,"Colaba, Mumbai"
2024-01-29,113.0,65.0,4.0,8.0,2.0,2.0,"Colaba, Mumbai"
2024-01-30,108.0,57.0,4.0,6.0,2.0,2.0,"Colaba, Mumbai"
2024-01-31,102.0,53.0,4.0,6.0,2.0,1.0,"Colaba, Mumbai"
2024-02-01,93.0,45.0,4.0,6.0,2.0,2.0,"Colaba, Mumbai"
2024-02-02,72.0,59.0,4.0,8.0,2.0,2.0,"Colaba, Mumbai"
2024-02-03,90.0,76.0,4.0,9.0,3.0,2.0,"Colaba, Mumbai"
2024-02-04,132.0,66.0,4.0,8.0,5.0,2.0,"Colaba, Mumbai"
2024-02-05,119.0,70.0,4.0,7.0,4.0,2.0,"Colaba, Mumbai"
2024-02-06,113.0,70.0,4.0,6.0,4.0,2.0,"Colaba, Mumbai"
2024-02-07,105.0,68.0,4.0,7.0,5.0,2.0,"Colaba, Mumbai"
2024-02-08,92.0,67.0,4.0,7.0,3.0,2.0,"Colaba, Mumbai"
2024-02-09,107.0,84.0,5.0,7.0,3.0,2.0,"Colaba, Mumbai"
2024-02-10,98.0,67.0,4.0,7.0,3.0,2.0,"Colaba, Mumbai"
2024-02-11,93.0,75.0,4.0,8.0,3.0,2.0,"Colaba, Mumbai"
2024-02-12,114.0,73.0,4.0,9.0,4.0,2.0,"Colaba, Mumbai"
2024-02-13,109.0,75.0,3.0,7.0,4.0,2.0,"Colaba, Mumbai"
2024-02-14,104.0,86.0,4.0,8.0,4.0,2.0,"Colaba, Mumbai"
2024-02-15,130.0,103.0,4.0,10.0,5.0,2.0,"Colaba, Mumbai"
2024-02-16,154.0,116.0,4.0,11.0,5.0,3.0,"Colaba, Mumbai"
2024-02-17,154.0,59.0,4.0,7.0,7.0,2.0,"Colaba, Mumbai"
2024-02-18,94.0,61.0,4.0,7.0,6.0,2.0,"Colaba, Mumbai"
2024-02-19,90.0,43.0,4.0,5.0,5.0,1.0,"Colaba, Mumbai"
2024-02-20,38.0,29.0,4.0,5.0,5.0,1.0,"Colaba, Mumbai"
2024-02-21,25.0,50.0,4.0,5.0,5.0,1.0,"Colaba, Mumbai"
2024-02-22,45.0,62.0,4.0,6.0,4.0,1.0,"Colaba, Mumbai"
2024-02-23,50.0,67.0,4.0,7.0,4.0,2.0,"Colaba, Mumbai"
2024-02-24,61.0,70.0,4.0,7.0,2.0,2.0,"Colaba, Mumbai"
2024-02-25,77.0,95.0,4.0,10.0,3.0,3.0,"Colaba, Mumbai"
2024-02-26,116.0,75.0,4.0,9.0,3.0833333333333335,3.0,"Colaba, Mumbai"
2024-02-27,124.0,62.0,3.0,7.0,3.1666666666666665,2.0,"Colaba, Mumbai"
2024-02-28,108.0,76.0,3.0,10.0,3.25,3.0,"Colaba, Mumbai"
2024-02-29,134.0,64.0,4.0,8.0,5.0,2.0,"Colaba, Mumbai"
2024-03-01,111.0,34.0,4.0,6.0,8.0,2.0,"Colaba, Mumbai"
2024-03-02,56.0,26.0,4.0,5.0,8.0,1.0,"Colaba, Mumbai"
2024-03-03,29.0,28.0,4.0,6.0,8.0,1.0,"Colaba, Mumbai"
2024-03-04,33.0,52.0,4.0,7.0,8.0,2.0,"Colaba, Mumbai"
2024-03-05,80.0,48.0,3.0,7.0,8.0,2.0,"Colaba, Mumbai"
2024-03-06,70.0,52.0,3.0,7.0,8.0,2.0,"Colaba, Mumbai"
2024-03-07,80.0,54.0,4.0,7.0,8.0,2.0,"Colaba, Mumbai"
2024-03-08,71.0,57.0,3.0,8.0,8.0,2.0,"Colaba, Mumbai"
2024-03-09,85.0,40.0,3.0,7.0,8.0,2.0,"Colaba, Mumbai"
2024-03-10,61.0,42.0,4.0,8.0,8.0,2.0,"Colaba, Mumbai"
2024-03-11,72.0,49.0,3.0,7.0,8.0,2.0,"Colaba, Mumbai"
2024-03-12,78.0,227.0,3.0,7.0,8.0,2.0,"Colaba, Mumbai"
2024-03-13,61.0,178.66666666666669,4.0,6.0,8.0,2.0,"Colaba, Mumbai"
2024-03-14,44.0,130.33333333333334,4.0,6.0,8.0,2.0,"Colaba, Mumbai"
2024-03-15,53.5,82.0,4.0,6.0,8.0,2.0,"Colaba, Mumbai"
2024-03-16,63.0,62.0,3.5,6.0,8.0,2.0,"Colaba, Mumbai"
2024-03-17,67.0,52.0,3.0,7.0,8.0,2.0,"Colaba, Mumbai"
2024-03-18,66.0,50.0,3.0,7.0,8.0,2.0,"Colaba, Mumbai"
2024-03-19,77.0,50.0,3.0,8.0,8.0,2.0,"Colaba, Mumbai"
2024-03-20,82.0,59.0,4.0,9.0,5.0,2.0,"Colaba, Mumbai"
2024-03-21,91.0,95.0,4.0,8.0,4.833333333333333,2.0,"Colaba, Mumbai"
2024-03-22,109.0,43.0,4.0,8.0,4.666666666666667,2.0,"Colaba, Mumbai"
2024-03-23,76.0,46.0,4.0,6.0,4.5,2.0,"Colaba, Mumbai"
2024-03-24,55.0,39.0,4.0,7.0,8.0,2.0,"Colaba, Mumbai"
2024-03-25,59.0,42.0,4.0,7.0,8.0,2.0,"Colaba, Mumbai"
2024-03-26,58.0,35.0,5.0,6.0,4.0,2.0,"Colaba, Mumbai"
2024-03-27,52.0,31.0,4.0,7.0,4.0,2.0,"Colaba, Mumbai"
2024-03-28,74.0,38.0,4.0,7.0,4.0,2.0,"Colaba, Mumbai"
2024-03-29,90.0,60.0,4.0,7.0,4.0,2.0,"Colaba, Mumbai"
2024-03-30,88.0,53.0,4.0,6.0,4.0,2.0,"Colaba, Mumbai"
2024-03-31,72.0,68.0,4.0,6.0,3.0,2.0,"Colaba, Mumbai"
2024-04-01,96.0,63.5,4.0,6.5,3.5,2.0,"Colaba, Mumbai"
2024-04-02,100.5,59.0,4.0,7.0,4.0,2.0,"Colaba, Mumbai"
2024-04-03,105.0,32.0,4.0,7.0,4.0,2.0,"Colaba, Mumbai"
2024-04-04,63.0,77.0,4.0,7.0,4.0,2.0,"Colaba, Mumbai"
2024-04-05,117.0,67.5,4.0,7.0,4.0,2.0,"Colaba, Mumbai"
2024-04-06,103.5,58.0,4.0,7.0,4.0,2.0,"Colaba, Mumbai"
2024-04-07,90.0,50.0,4.0,6.0,4.0,2.0,"Colaba, Mumbai"
2024-04-08,86.0,71.0,4.0,7.0,4.0,2.0,"Colaba, Mumbai"
2024-04-09,104.0,64.0,4.0,6.0,4.0,2.0,"Colaba, Mumbai"
2024-04-10,88.0,59.0,4.0,7.0,4.0,2.0,"Colaba, Mumbai"
2024-04-11,89.0,57.0,4.0,7.0,4.0,2.0,"Colaba, Mumbai"
2024-04-12,80.0,55.0,4.0,7.0,4.0,2.0,"Colaba, Mumbai"
2024-04-13,71.0,54.0,4.0,7.0,4.0,2.0,"Colaba, Mumbai"
2024-04-14,80.0,72.0,4.0,7.0,4.0,2.0,"Colaba, Mumbai"
2024-04-15,112.0,80.0,4.0,8.0,4.0,2.0,"Colaba, Mumbai"
2024-04-16,125.0,125.0,4.0,8.0,6.0,2.0,"Colaba, Mumbai"
2024-04-17,117.0,62.0,4.0,9.0,5.0,2.0,"Colaba, Mumbai"
2024-04-18,109.0,61.0,4.0,7.0,4.0,2.0,"Colaba, Mumbai"
2024-04-19,84.0,87.0,4.0,7.0,4.0,2.0,"Colaba, Mumbai"
2024-04-20,68.0,48.0,4.0,7.0,4.0,2.0,"Colaba, Mumbai"
2024-04-21,56.0,50.0,4.0,7.0,4.0,2.0,"Colaba, Mumbai"
2024-04-22,61.0,61.0,4.0,7.0,4.0,2.0,"Colaba, Mumbai"
2024-04-23,68.0,67.0,4.0,7.0,4.0,2.0,"Colaba, Mumbai"
2024-04-24,67.0,72.0,4.0,7.0,4.0,2.0,"Colaba, Mumbai"
2024-04-25,64.0,76.0,4.0,7.0,4.0,2.0,"Colaba, Mumbai"
2024-04-26,74.5,80.0,4.0,7.0,4.0,2.0,"Colaba, Mumbai"
2024-04-27,85.0,93.0,4.0,7.0,4.0,2.0,"Colaba, Mumbai"
2024-04-28,106.0,84.0,4.0,7.0,4.0,2.0,"Colaba, Mumbai"
2024-04-29,91.0,83.0,4.0,7.0,4.0,2.0,"Colaba, Mumbai"
2024-04-30,92.0,69.0,4.0,7.0,4.0,2.0,"Colaba, Mumbai"
2024-05-01,65.0,71.0,4.0,7.0,4.0,2.0,"Colaba, Mumbai"
2024-05-02,72.0,125.0,4.0,7.0,4.0,2.0,"Colaba, Mumbai"
2024-05-03,133.0,56.0,4.0,7.0,4.0,2.0,"Colaba, Mumbai"
2024-05-04,75.0,50.0,4.0,7.0,4.0,2.0,"Colaba, Mumbai"
2024-05-05,71.0,47.0,4.0,6.0,3.0,2.0,"Colaba, Mumbai"
2024-05-06,61.0,54.0,4.0,6.0,4.0,2.0,"Colaba, Mumbai"
2024-05-07,64.0,46.0,4.0,6.0,4.0,2.0,"Colaba, Mumbai"
2024-05-08,59.0,45.0,4.0,6.0,3.0,2.0,"Colaba, Mumbai"
2024-05-09,61.0,43.0,4.0,6.0,4.0,2.0,"Colaba, Mumbai"
2024-05-10,64.0,49.0,4.0,6.0,4.0,2.0,"Colaba, Mumbai"
2024-05-11,59.0,44.5,4.0,6.0,3.5,2.0,"Colaba, Mumbai"
2024-05-12,57.0,40.0,4.0,6.0,3.0,2.0,"Colaba, Mumbai"
2024-05-13,55.0,52.0,4.0,8.0,4.0,2.0,"Colaba, Mumbai"
2024-05-14,114.0,39.0,4.0,9.0,5.0,3.0,"Colaba, Mumbai"
2024-05-15,85.0,32.0,4.0,7.0,4.0,2.0,"Colaba, Mumbai"
2024-05-16,93.0,47.0,4.0,8.0,4.0,2.0,"Colaba, Mumbai"
2024-05-17,81.0,52.0,4.0,7.0,4.0,2.0,"Colaba, Mumbai"
2024-05-18,74.0,58.0,4.0,7.0,4.0,2.0,"Colaba, Mumbai"
2024-05-19,72.0,47.0,4.0,7.0,4.0,2.0,"Colaba, Mumbai"
2024-05-20,56.0,51.0,4.0,7.0,4.0,2.0,"Colaba, Mumbai"
2024-05-21,60.0,46.0,4.0,7.0,4.0,2.0,"Colaba, Mumbai"
2024-05-22,63.0,46.0,4.0,7.0,4.0,2.0,"Colaba, Mumbai"
2024-05-23,68.0,34.0,4.0,7.0,4.0,2.0,"Colaba, Mumbai"
2024-05-24,69.0,34.0,4.0,7.0,4.0,2.0,"Colaba, Mumbai"
2024-05-25,67.0,42.0,4.0,7.0,4.0,2.0,"Colaba, Mumbai"
2024-05-26,71.0,56.0,4.0,7.0,4.0,2.0,"Colaba, Mumbai"
2024-05-27,67.0,53.0,4.0,7.0,4.0,2.0,"Colaba, Mumbai"
2024-05-28,63.0,73.0,4.0,6.0,4.0,2.0,"Colaba, Mumbai"
2024-05-29,88.0,69.0,4.0,6.0,3.0,2.0,"Colaba, Mumbai"
2024-05-30,106.0,67.0,4.0,6.0,3.0,2.0,"Colaba, Mumbai"
2024-05-31,102.0,50.0,4.0,7.0,4.0,2.0,"Colaba, Mumbai"
2024-06-01,63.0,57.0,4.0,6.5,4.0,2.0,"Colaba, Mumbai"
2024-06-02,85.0,64.0,4.0,6.0,4.0,2.0,"Colaba, Mumbai"
2024-06-03,84.0,68.0,4.0,7.0,4.0,2.0,"Colaba, Mumbai"
2024-06-04,85.0,53.0,4.0,7.0,4.0,2.0,"Colaba, Mumbai"
2024-06-05,72.0,53.0,4.0,7.0,4.0,2.0,"Colaba, Mumbai"
2024-06-06,82.0,57.0,4.0,7.0,4.0,2.0,"Colaba, Mumbai"
2024-06-07,78.0,50.0,4.0,7.0,4.0,2.0,"Colaba, Mumbai"
2024-06-08,70.0,29.0,4.0,7.0,4.0,2.0,"Colaba, Mumbai"
2024-06-09,58.0,42.0,4.0,7.0,4.0,2.0,"Colaba, Mumbai"
2024-06-10,75.83333333333333,55.0,4.0,7.0,4.0,2.0,"Colaba, Mumbai"
2024-06-11,93.66666666666666,90.0,4.0,6.0,4.0,2.0,"Colaba, Mumbai"
2024-06-12,111.5,44.0,4.0,6.0,4.0,2.0,"Colaba, Mumbai"
2024-06-13,61.0,45.0,4.0,6.0,4.0,2.0,"Colaba, Mumbai"
2024-06-14,61.0,32.0,4.0,6.0,4.0,2.0,"Colaba, Mumbai"
2024-06-15,165.0,39.5,4.0,6.5,4.0,2.0,"Colaba, Mumbai"
2024-06-16,115.5,47.0,4.0,7.0,4.0,2.0,"Colaba, Mumbai"
2024-06-17,66.0,53.0,4.0,8.0,4.0,2.0,"Colaba, Mumbai"
2024-06-18,81.0,45.0,4.0,6.0,4.0,2.0,"Colaba, Mumbai"
2024-06-19,63.0,62.0,4.0,6.0,4.0,2.0,"Colaba, Mumbai"
2024-06-20,63.0,76.0,4.0,6.0,4.0,2.0,"Colaba, Mumbai"
2024-06-21,67.0,71.0,4.0,6.0,4.0,2.0,"Colaba, Mumbai"
2024-06-22,78.0,53.0,4.0,6.0,4.0,2.0,"Colaba, Mumbai"
2024-06-23,64.0,41.0,4.0,6.0,4.0,2.0,"Colaba, Mumbai"
2024-06-24,51.0,24.0,4.0,7.0,4.0,2.0,"Colaba, Mumbai"
2024-06-25,40.0,27.0,4.0,7.0,4.0,2.0,"Colaba, Mumbai"
2024-06-26,30.0,25.0,4.0,6.0,3.0,2.0,"Colaba, Mumbai"
2024-06-27,29.0,49.0,4.0,6.0,3.0,2.0,"Colaba, Mumbai"
2024-06-28,48.0,60.0,4.0,6.0,3.0,2.0,"Colaba, Mumbai"
2024-06-29,57.0,59.0,4.0,6.0,3.0,2.0,"Colaba, Mumbai"
2024-06-30,58.0,54.0,4.0,6.0,3.0,2.0,"Colaba, Mumbai"
2024-07-01,51.0,73.0,4.0,6.0,3.0,2.0,"Colaba, Mumbai"
2024-07-02,57.0,69.0,4.0,6.0,3.0,2.0,"Colaba, Mumbai"
2024-07-03,54.0,58.0,4.0,6.0,3.0,2.0,"Colaba, Mumbai"
2024-07-04,43.0,56.0,4.0,6.0,3.0,2.0,"Colaba, Mumbai"
2024-07-05,33.0,70.0,4.0,6.0,3.0,2.0,"Colaba, Mumbai"
2024-07-06,47.666666666666664,123.0,4.0,6.0,3.0,2.0,"Colaba, Mumbai"
2024-07-07,62.33333333333333,87.0,4.0,6.0,4.0,2.0,"Colaba, Mumbai"
2024-07-08,77.0,21.0,4.0,8.0,4.0,2.0,"Colaba, Mumbai"
2024-07-09,24.0,20.0,4.0,7.5,4.0,2.0,"Colaba, Mumbai"
2024-07-10,22.5,19.0,4.0,7.0,4.0,2.0,"Colaba, Mumbai"
2024-07-11,21.0,25.0,4.0,7.0,4.0,2.0,"Colaba, Mumbai"
2024-07-12,28.0,194.0,4.0,7.0,4.0,2.0,"Colaba, Mumbai"
2024-07-13,132.0,100.0,4.0,7.0,4.0,2.0,"Colaba, Mumbai"
2024-07-14,69.0,6.0,4.0,7.0,4.0,2.0,"Colaba, Mumbai"
2024-07-15,6.0,45.0,4.0,7.0,4.0,2.0,"Colaba, Mumbai"
2024-07-16,34.0,36.66666666666667,4.0,7.0,4.0,2.0,"Colaba, Mumbai"
2024-07-18,26.0,20.0,4.0,7.0,4.0,2.0,"Colaba, Mumbai"
2024-07-19,22.0,19.0,4.0,7.0,4.0,2.0,"Colaba, Mumbai"
2024-07-20,21.0,14.0,4.0,7.0,4.0,2.0,"Colaba, Mumbai"
2024-07-21,17.0,23.0,4.0,7.0,4.0,2.0,"Colaba, Mumbai"
2024-07-22,26.0,13.0,4.0,7.0,4.0,2.0,"Colaba, Mumbai"
2024-07-23,15.0,29.0,4.0,7.0,4.0,2.0,"Colaba, Mumbai"
2024-07-24,33.0,17.0,4.0,7.0,4.0,2.0,"Colaba, Mumbai"
2024-07-25,20.0,27.0,4.0,7.0,4.0,2.0,"Colaba, Mumbai"
2024-07-26,30.0,25.0,4.0,7.0,4.0,2.0,"Colaba, Mumbai"
2024-07-27,27.0,42.0,4.0,7.0,4.0,2.0,"Colaba, Mumbai"
2024-07-28,45.0,26.0,4.0,7.0,4.0,2.0,"Colaba, Mumbai"
2024-07-29,29.0,44.0,4.0,7.0,4.0,2.0,"Colaba, Mumbai"
2024-07-30,46.0,23.0,4.0,7.0,4.0,2.0,"Colaba, Mumbai"
2024-07-31,25.0,16.0,4.0,7.0,4.0,2.0,"Colaba, Mumbai"
2024-08-01,19.0,11.0,4.0,7.0,4.0,2.0,"Colaba, Mumbai"
2024-08-02,13.0,11.0,4.0,7.0,4.0,2.0,"Colaba, Mumbai"
2024-08-03,13.0,11.0,4.0,7.0,4.0,2.0,"Colaba, Mumbai"
2024-08-04,12.0,10.0,4.0,11.0,4.0,2.0,"Colaba, Mumbai"
2024-08-05,12.0,10.0,4.0,16.0,4.0,2.0,"Colaba, Mumbai"
2024-08-06,11.0,9.0,4.0,17.0,4.0,2.0,"Colaba, Mumbai"
2024-08-07,11.0,11.0,4.0,16.0,4.0,2.0,"Colaba, Mumbai"
2024-08-08,13.0,9.0,4.0,17.0,4.0,2.0,"Colaba, Mumbai"
2024-08-09,10.0,21.0,4.0,13.0,3.0,1.0,"Colaba, Mumbai"
2024-08-10,23.0,79.0,4.0,9.0,2.0,1.0,"Colaba, Mumbai"
2024-08-11,57.0,42.0,4.0,9.0,2.0,1.0,"Colaba, Mumbai"
2024-08-12,47.0,43.0,4.0,8.0,2.0,1.0,"Colaba, Mumbai"
2024-08-13,48.0,44.0,4.0,9.0,2.0,1.0,"Colaba, Mumbai"
2024-08-14,49.0,47.0,4.0,9.0,2.0,1.0,"Colaba, Mumbai"
2024-08-15,52.0,42.0,4.0,9.0,3.0,1.0,"Colaba, Mumbai"
2024-08-16,47.0,52.0,4.0,8.0,3.0,1.0,"Colaba, Mumbai"
2024-08-17,58.0,57.0,4.0,8.0,3.0,1.0,"Colaba, Mumbai"
2024-08-18,74.0,48.0,4.0,9.0,3.0,1.0,"Colaba, Mumbai"
2024-08-19,65.0,64.0,4.0,9.0,3.0,1.0,"Colaba, Mumbai"
2024-08-20,67.0,47.0,4.0,9.0,3.0,1.0,"Colaba, Mumbai"
2024-08-21,73.0,34.0,4.0,8.0,3.0,1.0,"Colaba, Mumbai"
2024-08-22,60.0,24.0,4.0,9.0,2.0,1.0,"Colaba, Mumbai"
2024-08-23,41.0,20.0,4.0,8.0,3.0,1.0,"Colaba, Mumbai"
2024-08-24,45.0,31.0,4.0,9.0,3.0,1.0,"Colaba, Mumbai"
2024-08-25,58.0,34.0,4.0,9.0,2.0,1.0,"Colaba, Mumbai"
2024-08-26,59.0,33.0,4.0,9.0,2.0,1.0,"Colaba, Mumbai"
2024-08-27,59.0,37.0,4.0,9.0,2.0,1.0,"Colaba, Mumbai"
2024-08-28,62.0,42.0,4.0,9.0,2.0,1.0,"Colaba, Mumbai"
2024-08-29,67.0,36.0,4.0,9.0,2.0,1.0,"Colaba, Mumbai"
2024-08-30,61.0,28.0,4.0,9.0,2.0,1.0,"Colaba, Mumbai"
2024-08-31,54.0,56.0,4.0,8.0,2.0,1.0,"Colaba, Mumbai"
2024-09-01,50.0,84.0,4.0,8.0,2.0,1.0,"Colaba, Mumbai"
2024-09-02,81.0,46.0,4.0,9.0,2.0,1.0,"Colaba, Mumbai"
2024-09-03,69.0,45.0,4.0,9.0,2.0,1.0,"Colaba, Mumbai"
2024-09-04,69.0,45.0,4.0,9.0,2.0,1.0,"Colaba, Mumbai"
2024-09-05,69.0,42.0,4.0,9.0,2.0,1.0,"Colaba, Mumbai"
2024-09-06,66.0,26.0,4.0,9.0,2.0,1.0,"Colaba, Mumbai"
2024-09-07,52.0,24.0,4.0,9.0,2.0,1.0,"Colaba, Mumbai"
2024-09-08,51.0,15.0,4.0,9.0,2.0,1.0,"Colaba, Mumbai"
2024-09-09,40.0,13.0,4.0,9.0,3.0,1.0,"Colaba, Mumbai"
2024-09-10,37.0,18.0,4.0,9.0,2.0,1.0,"Colaba, Mumbai"
2024-09-11,43.0,28.0,4.0,9.0,2.0,1.0,"Colaba, Mumbai"
2024-09-12,55.0,40.0,4.0,9.0,2.0,1.0,"Colaba, Mumbai"
2024-09-13,64.0,28.0,4.0,9.0,2.0,1.0,"Colaba, Mumbai"
2024-09-14,55.0,29.0,4.0,9.0,2.0,1.0,"Colaba, Mumbai"
2024-09-15,55.0,47.0,4.0,9.0,3.0,1.0,"Colaba, Mumbai"
2024-09-16,74.0,45.0,4.0,9.0,3.0,1.0,"Colaba, Mumbai"
2024-09-17,68.0,38.0,4.0,9.0,3.0,1.0,"Colaba, Mumbai"
2024-09-18,63.0,42.0,4.0,9.0,3.0,1.0,"Colaba, Mumbai"
2024-09-19,66.0,46.142857142857146,4.0,9.571428571428571,3.7142857142857144,1.7142857142857144,"Colaba, Mumbai"
2024-09-25,52.285714285714285,71.0,4.0,13.0,8.0,6.0,"Colaba, Mumbai"
2024-09-26,50.0,27.0,4.0,11.0,8.0,5.0,"Colaba, Mumbai"
2024-09-27,15.0,28.0,4.0,11.0,8.0,5.0,"Colaba, Mumbai"
2024-09-28,15.0,33.0,4.0,11.0,8.0,5.0,"Colaba, Mumbai"
2024-09-29,14.0,46.0,4.0,12.0,8.0,5.0,"Colaba, Mumbai"
2024-09-30,33.0,58.0,4.0,12.0,8.0,6.0,"Colaba, Mumbai"
2024-10-01,65.0,74.0,4.0,13.0,8.0,6.0,"Colaba, Mumbai"
2024-10-02,87.0,51.0,4.0,12.0,8.0,6.0,"Colaba, Mumbai"
2024-10-03,53.0,36.0,4.0,12.0,8.0,5.0,"Colaba, Mumbai"
2024-10-04,31.0,33.0,4.0,12.0,8.0,5.0,"Colaba, Mumbai"
2024-10-05,27.0,52.0,4.0,12.0,8.0,6.0,"Colaba, Mumbai"
2024-10-06,55.0,57.0,4.0,14.0,8.0,6.0,"Colaba, Mumbai"
2024-10-07,88.0,60.0,4.0,13.0,8.0,6.0,"Colaba, Mumbai"
2024-10-08,97.0,47.0,4.0,13.0,8.0,6.0,"Colaba, Mumbai"
2024-10-09,77.0,37.0,4.0,13.0,8.0,6.0,"Colaba, Mumbai"
2024-10-10,65.0,29.0,4.0,13.0,8.0,6.0,"Colaba, Mumbai"
2024-10-11,51.0,40.0,4.0,14.0,8.0,6.0,"Colaba, Mumbai"
2024-10-12,51.0,38.0,4.0,14.0,8.0,6.0,"Colaba, Mumbai"
2024-10-13,51.0,32.0,4.0,12.0,8.0,5.0,"Colaba, Mumbai"
2024-10-14,51.0,38.0,4.0,6.0,8.0,3.0,"Colaba, Mumbai"
2024-10-15,51.0,49.0,4.0,7.0,8.0,3.0,"Colaba, Mumbai"
2024-10-16,64.0,72.0,4.0,7.0,7.0,3.0,"Colaba, Mumbai"
2024-10-17,73.0,54.0,4.0,6.0,4.0,3.0,"Colaba, Mumbai"
2024-10-18,56.0,29.0,4.0,6.0,4.0,3.0,"Colaba, Mumbai"
2024-10-19,15.0,36.0,4.0,6.0,4.0,3.0,"Colaba, Mumbai"
2024-10-20,33.0,32.0,4.0,6.0,4.0,3.0,"Colaba, Mumbai"
2024-10-21,35.0,83.0,4.0,7.0,4.0,3.0,"Colaba, Mumbai"
2024-10-22,76.0,44.0,4.0,7.0,4.0,3.0,"Colaba, Mumbai"
2024-10-23,65.0,75.0,4.0,7.0,4.0,3.0,"Colaba, Mumbai"
2024-10-24,102.0,67.0,4.0,7.0,4.0,3.0,"Colaba, Mumbai"
2024-10-25,106.0,96.0,4.0,8.0,4.0,3.0,"Colaba, Mumbai"
2024-10-26,115.0,75.0,4.0,8.0,4.0,4.0,"Colaba, Mumbai"
2024-10-27,125.0,90.0,4.0,8.0,4.0,3.0,"Colaba, Mumbai"
2024-10-28,115.0,88.0,4.0,7.0,4.0,3.0,"Colaba, Mumbai"
2024-10-29,99.0,122.0,4.0,7.0,4.0,3.0,"Colaba, Mumbai"
2024-10-30,188.0,207.0,4.0,8.0,4.0,3.0,"Colaba, Mumbai"
2024-10-31,171.0,83.0,4.0,7.0,4.0,3.0,"Colaba, Mumbai"
2024-11-01,108.0,86.0,4.0,7.0,4.0,3.0,"Colaba, Mumbai"
2024-11-02,113.0,77.0,4.0,7.0,4.0,3.0,"Colaba, Mumbai"
2024-11-03,98.0,101.0,4.0,8.0,4.0,3.0,"Colaba, Mumbai"
2024-11-04,115.0,98.0,4.0,8.0,4.0,3.0,"Colaba, Mumbai"
2024-11-05,107.0,109.0,4.0,8.0,4.0,3.0,"Colaba, Mumbai"
2024-11-06,111.0,88.0,4.0,8.0,4.0,3.0,"Colaba, Mumbai"
2024-11-07,102.0,75.0,4.0,8.0,4.0,3.0,"Colaba, Mumbai"
2024-11-08,101.0,90.0,4.0,8.0,4.0,3.0,"Colaba, Mumbai"
2024-11-09,103.0,78.0,4.0,8.0,4.0,3.0,"Colaba, Mumbai"
2024-11-10,117.0,84.0,4.0,8.0,4.0,3.0,"Colaba, Mumbai"
2024-11-11,134.0,80.0,4.0,8.0,4.0,3.0,"Colaba, Mumbai"
2024-11-12,127.0,73.0,4.0,7.0,4.0,3.0,"Colaba, Mumbai"
2024-11-13,119.0,79.0,4.0,8.0,4.0,3.0,"Colaba, Mumbai"
2024-11-14,122.0,87.0,4.0,8.0,4.0,3.0,"Colaba, Mumbai"
2024-11-15,115.0,101.0,4.0,8.0,4.0,3.0,"Colaba, Mumbai"
2024-11-16,135.0,107.0,4.0,8.0,4.0,3.0,"Colaba, Mumbai"
2024-11-17,134.0,93.0,4.0,8.0,4.0,3.0,"Colaba, Mumbai"
2024-11-18,119.0,99.0,4.0,8.0,4.0,3.0,"Colaba, Mumbai"
2024-11-19,115.0,96.0,4.0,8.0,4.0,3.0,"Colaba, Mumbai"
2024-11-20,122.0,101.0,4.0,8.0,4.0,4.0,"Colaba, Mumbai"
2024-11-21,132.0,140.0,4.0,8.0,4.0,4.0,"Colaba, Mumbai"
2024-11-22,152.0,101.0,4.0,9.0,4.0,4.0,"Colaba, Mumbai"
2024-11-23,148.0,111.0,4.0,9.0,4.0,4.0,"Colaba, Mumbai"
2024-11-24,155.0,96.0,4.0,9.0,4.0,4.0,"Colaba, Mumbai"
2024-11-25,143.0,75.0,4.0,8.0,4.0,3.0,"Colaba, Mumbai"
2024-11-26,127.0,69.0,4.0,8.0,4.0,3.0,"Colaba, Mumbai"
2024-11-27,113.0,74.0,4.0,8.0,4.0,3.0,"Colaba, Mumbai"
2024-11-28,135.0,74.0,4.0,8.0,4.0,4.0,"Colaba, Mumbai"
2024-11-29,110.0,84.0,4.0,8.0,4.0,4.0,"Colaba, Mumbai"
2024-11-30,120.0,98.0,4.0,9.0,4.0,4.0,"Colaba, Mumbai"
2024-12-01,145.0,106.0,4.0,10.0,4.0,4.0,"Colaba, Mumbai"
2024-12-02,153.0,80.0,4.0,8.0,4.0,4.0,"Colaba, Mumbai"
2024-12-03,127.0,79.0,4.0,8.0,4.0,4.0,"Colaba, Mumbai"
2024-12-04,123.0,89.0,4.0,8.0,4.0,4.0,"Colaba, Mumbai"
2024-12-05,137.0,96.0,4.0,9.0,4.0,4.0,"Colaba, Mumbai"
2024-12-06,144.0,76.0,4.0,8.0,4.0,3.0,"Colaba, Mumbai"
2024-12-07,106.0,71.0,4.0,7.0,4.0,3.0,"Colaba, Mumbai"
2024-12-08,90.0,73.0,4.0,7.0,4.0,3.0,"Colaba, Mumbai"
2024-12-09,91.0,79.0,4.0,7.0,4.0,3.0,"Colaba, Mumbai"
2024-12-10,94.0,93.0,4.0,8.0,4.0,4.0,"Colaba, Mumbai"
2024-12-11,119.0,90.0,4.0,8.0,4.0,4.0,"Colaba, Mumbai"
2024-12-12,123.0,78.0,4.0,8.0,4.0,3.0,"Colaba, Mumbai"
2024-12-13,105.0,83.0,4.0,8.0,4.0,3.0,"Colaba, Mumbai"
2024-12-14,108.0,84.0,4.0,8.0,4.0,4.0,"Colaba, Mumbai"
2024-12-15,112.0,85.0,4.0,8.0,4.0,4.0,"Colaba, Mumbai"
2024-12-16,117.0,103.0,4.0,9.0,4.0,4.0,"Colaba, Mumbai"
2024-12-17,131.0,112.0,4.0,9.0,4.0,4.0,"Colaba, Mumbai"
2024-12-18,146.0,116.0,4.0,9.0,4.0,4.0,"Colaba, Mumbai"
2024-12-19,149.0,108.0,4.0,8.0,4.0,4.0,"Colaba, Mumbai"
2024-12-20,144.0,128.0,4.0,8.0,4.0,4.0,"Colaba, Mumbai"
2024-12-21,158.0,101.0,4.0,8.0,4.0,3.0,"Colaba, Mumbai"
2024-12-22,129.0,89.0,4.0,8.0,4.0,3.0,"Colaba, Mumbai"
2024-12-23,128.0,95.0,4.0,8.0,4.0,4.0,"Colaba, Mumbai"
2024-12-24,144.0,93.0,4.0,8.0,4.0,4.0,"Colaba, Mumbai"
2024-12-25,151.0,82.0,4.0,8.0,4.0,4.0,"Colaba, Mumbai"
2024-12-26,148.0,69.0,4.0,9.0,4.0,4.0,"Colaba, Mumbai"
2024-12-27,143.0,78.0,4.0,8.0,4.0,4.0,"Colaba, Mumbai"
2024-12-28,163.0,74.0,4.0,9.0,4.0,4.0,"Colaba, Mumbai"
2024-12-29,160.0,67.66666666666667,4.0,8.666666666666666,4.0,4.0,"Colaba, Mumbai"
2024-12-31,134.66666666666666,55.0,4.0,8.0,4.0,4.0,"Colaba, Mumbai"
2025-01-01,122.0,89.0,4.0,8.0,4.0,4.0,"Colaba, Mumbai"
2025-01-02,126.0,87.0,4.0,8.0,4.0,3.0,"Colaba, Mumbai"
2025-01-03,114.0,83.0,4.0,8.0,4.0,4.0,"Colaba, Mumbai"
2025-01-04,113.0,95.0,4.0,8.0,4.0,3.0,"Colaba, Mumbai"
2025-01-05,134.0,79.0,4.0,8.0,4.0,3.0,"Colaba, Mumbai"
2025-01-06,109.0,89.0,4.0,8.0,4.0,4.0,"Colaba, Mumbai"
2025-01-07,129.0,90.0,4.0,8.0,4.0,4.0,"Colaba, Mumbai"
2025-01-08,126.0,95.0,4.0,8.0,4.0,3.0,"Colaba, Mumbai"
2025-01-09,120.0,112.0,4.0,8.0,4.0,4.0,"Colaba, Mumbai"
2025-01-10,146.0,80.0,4.0,8.0,4.0,4.0,"Colaba, Mumbai"
2025-01-11,124.0,79.0,4.0,8.0,4.0,4.0,"Colaba, Mumbai"
2025-01-12,124.0,88.0,4.0,9.0,4.0,4.0,"Colaba, Mumbai"
2025-01-13,133.0,97.0,4.0,10.0,4.0,4.0,"Colaba, Mumbai"
2025-01-14,145.0,84.0,4.0,9.0,4.0,4.0,"Colaba, Mumbai"
2025-01-15,149.0,71.0,4.0,9.0,4.0,4.0,"Colaba, Mumbai"
2025-01-16,135.0,93.0,4.0,9.0,4.0,4.0,"Colaba, Mumbai"
2025-01-17,100.0,94.0,4.0,9.0,4.0,4.0,"Colaba, Mumbai"
2025-01-18,87.0,79.0,4.0,9.0,4.0,4.0,"Colaba, Mumbai"
2025-01-19,98.0,63.0,4.0,9.0,4.0,4.0,"Colaba, Mumbai"
2025-01-20,92.0,84.0,4.0,9.0,4.0,4.0,"Colaba, Mumbai"
2025-01-21,96.0,99.0,4.0,9.0,4.0,4.0,"Colaba, Mumbai"
2025-01-22,103.0,58.0,4.0,8.0,4.0,4.0,"Colaba, Mumbai"
2025-01-23,70.0,60.0,4.0,8.0,4.0,4.0,"Colaba, Mumbai"
2025-01-24,78.0,68.0,4.0,9.0,4.0,4.0,"Colaba, Mumbai"
2025-01-25,99.0,71.0,4.0,10.0,4.0,4.0,"Colaba, Mumbai"
2025-01-26,110.0,58.0,4.0,9.0,4.0,4.0,"Colaba, Mumbai"
2025-01-27,99.0,55.0,4.0,8.0,4.0,4.0,"Colaba, Mumbai"
2025-01-28,77.0,48.0,4.0,8.0,4.0,3.0,"Colaba, Mumbai"
2025-01-29,68.0,55.0,4.0,8.0,4.0,3.0,"Colaba, Mumbai"
2025-01-30,85.0,38.0,4.0,7.0,4.0,3.0,"Colaba, Mumbai"
2025-01-31,37.0,45.0,4.0,7.0,4.0,3.0,"Colaba, Mumbai"
2025-02-01,52.0,90.0,4.0,8.0,4.0,4.0,"Colaba, Mumbai"
2025-02-02,60.0,80.0,4.0,9.0,4.0,4.0,"Colaba, Mumbai"
2025-02-03,60.0,120.0,4.0,8.0,4.0,4.0,"Colaba, Mumbai"
2025-02-04,50.0,69.0,4.0,8.0,4.0,4.0,"Colaba, Mumbai"
2025-02-05,54.0,63.0,4.0,9.0,4.0,4.0,"Colaba, Mumbai"
2025-02-06,69.0,74.0,4.0,10.0,4.0,4.0,"Colaba, Mumbai"
2025-02-07,91.0,81.0,4.0,10.0,4.0,5.0,"Colaba, Mumbai"
2025-02-08,105.0,69.0,4.0,9.0,4.0,4.0,"Colaba, Mumbai"
2025-02-09,83.0,63.0,4.0,9.0,4.0,4.0,"Colaba, Mumbai"
2025-02-10,67.0,57.0,4.0,9.0,4.0,4.0,"Colaba, Mumbai"
2025-02-11,67.0,218.0,4.0,8.0,4.0,4.0,"Colaba, Mumbai"
2025-02-12,62.0,86.0,4.0,9.0,4.0,4.0,"Colaba, Mumbai"
2025-02-13,78.0,70.0,4.0,10.0,4.0,4.0,"Colaba, Mumbai"
2025-02-14,69.0,56.0,4.0,8.0,4.0,4.0,"Colaba, Mumbai"
2025-02-15,57.0,61.0,4.0,9.0,4.0,4.0,"Colaba, Mumbai"
2025-02-16,60.0,56.0,4.0,8.0,4.0,4.0,"Colaba, Mumbai"
2025-02-17,50.0,61.0,4.0,8.0,4.0,4.0,"Colaba, Mumbai"
2025-02-18,57.0,49.0,4.0,9.0,4.0,4.0,"Colaba, Mumbai"
2025-02-19,59.0,53.0,4.0,9.0,4.0,4.0,"Colaba, Mumbai"
2025-02-20,61.0,55.0,4.0,9.0,4.0,4.0,"Colaba, Mumbai"
2025-02-21,54.0,51.0,4.0,9.0,4.0,4.0,"Colaba, Mumbai"
2025-02-22,58.0,56.0,4.0,9.0,4.0,4.0,"Colaba, Mumbai"
2025-02-23,65.0,49.0,4.0,9.0,4.0,4.0,"Colaba, Mumbai"
2025-02-24,58.0,57.0,4.0,10.0,4.0,4.0,"Colaba, Mumbai"
2025-02-25,67.0,63.0,4.0,10.0,4.0,5.0,"Colaba, Mumbai"
2025-02-26,82.0,73.0,4.0,11.0,4.0,5.0,"Colaba, Mumbai"
2025-02-27,83.0,78.0,4.0,9.0,4.0,4.0,"Colaba, Mumbai"
2025-02-28,68.0,64.0,4.0,8.0,4.0,4.0,"Colaba, Mumbai"
2025-03-01,47.0,64.0,4.0,8.0,4.0,4.0,"Colaba, Mumbai"
2025-03-02,56.0,56.0,4.0,8.0,4.0,4.0,"Colaba, Mumbai"
2025-03-03,59.0,46.0,4.0,8.0,4.0,4.0,"Colaba, Mumbai"
2025-03-04,61.0,46.0,4.0,8.0,4.0,4.0,"Colaba, Mumbai"
2025-03-05,56.0,42.0,4.0,8.0,4.0,4.0,"Colaba, Mumbai"
2025-03-06,52.0,48.0,4.0,10.0,8.0,4.0,"Colaba, Mumbai"
2025-03-07,66.0,44.0,4.0,8.0,8.0,4.0,"Colaba, Mumbai"
2025-03-08,56.0,49.0,4.0,8.0,8.0,4.0,"Colaba, Mumbai"
2025-03-09,43.0,87.0,4.0,9.0,8.0,4.0,"Colaba, Mumbai"
2025-03-10,64.0,97.0,4.0,11.0,8.0,4.0,"Colaba, Mumbai"
2025-03-11,72.0,91.0,4.0,10.0,8.0,4.0,"Colaba, Mumbai"
2025-03-12,71.0,82.0,4.0,9.0,8.0,4.0,"Colaba, Mumbai"
2025-03-13,63.0,66.0,4.0,8.0,8.0,4.0,"Colaba, Mumbai"
2025-03-14,56.0,53.0,4.0,8.0,4.0,4.0,"Colaba, Mumbai"
2025-03-15,34.0,61.0,4.0,8.0,4.0,3.6666666666666665,"Colaba, Mumbai"
2025-03-16,39.0,67.0,4.0,8.0,4.0,3.3333333333333335,"Colaba, Mumbai"
2025-03-17,46.0,59.0,4.0,7.0,4.0,3.0,"Colaba, Mumbai"
2025-03-18,30.0,61.5,4.0,8.0,4.0,3.0,"Colaba, Mumbai"
2025-03-19,41.0,82.0,5.0,8.0,4.0,4.0,"Colaba, Mumbai"
2025-03-20,42.0,102.5,5.0,7.0,4.0,3.0,"Colaba, Mumbai"
2025-03-21,32.0,123.0,4.0,9.0,4.0,4.0,"Colaba, Mumbai"
2025-03-22,41.0,71.0,4.0,9.0,4.0,4.0,"Colaba, Mumbai"
2025-03-23,47.0,62.0,4.0,9.0,4.0,4.0,"Colaba, Mumbai"
2025-03-24,56.0,57.0,4.0,9.0,4.0,4.0,"Colaba, Mumbai"
2025-03-25,57.0,43.0,4.0,9.0,4.0,4.0,"Colaba, Mumbai"
2025-03-26,39.0,35.0,5.0,8.0,4.0,4.0,"Colaba, Mumbai"
2025-03-27,22.0,49.0,4.0,9.0,4.0,4.0,"Colaba, Mumbai"
2025-03-28,34.0,61.0,4.0,10.0,4.0,4.0,"Colaba, Mumbai"
2025-03-29,52.0,65.0,4.0,9.0,4.0,4.0,"Colaba, Mumbai"
2025-03-30,47.0,65.0,4.0,9.0,4.0,4.0,"Colaba, Mumbai"
2025-03-31,45.0,55.0,4.0,9.0,4.0,4.0,"Colaba, Mumbai"
2025-04-01,45.0,63.0,4.0,10.0,4.0,4.0,"Colaba, Mumbai"
2025-04-02,60.0,53.0,4.0,9.0,4.0,4.0,"Colaba, Mumbai"
2025-04-03,48.0,57.0,4.0,9.0,4.0,4.0,"Colaba, Mumbai"
2025-04-04,43.0,58.0,4.0,10.0,4.0,4.0,"Colaba, Mumbai"
2025-04-05,50.0,46.0,4.0,9.0,4.0,4.0,"Colaba, Mumbai"
2025-04-06,37.0,65.0,4.0,9.0,4.0,4.0,"Colaba, Mumbai"
2025-04-07,71.0,49.0,4.0,9.0,4.0,4.0,"Colaba, Mumbai"
2025-04-08,43.0,52.0,4.0,9.0,4.0,4.0,"Colaba, Mumbai"
2025-04-09,43.0,41.0,4.0,9.0,4.0,4.0,"Colaba, Mumbai"
2025-04-10,27.0,37.0,4.0,9.0,4.0,4.0,"Colaba, Mumbai"
2025-04-11,20.0,36.0,4.0,9.0,4.0,4.0,"Colaba, Mumbai"
2025-04-12,22.0,39.0,4.0,9.0,4.0,4.0,"Colaba, Mumbai"
2025-04-13,23.0,40.0,4.0,9.0,4.0,4.0,"Colaba, Mumbai"
2025-04-14,19.0,49.0,4.0,9.0,4.0,4.0,"Colaba, Mumbai"
2025-04-15,26.0,45.0,4.0,9.0,4.0,4.0,"Colaba, Mumbai"
2025-04-16,91.0,36.0,4.0,9.0,4.0,4.0,"Colaba, Mumbai"
2025-04-17,91.0,31.0,4.0,9.0,4.0,4.0,"Colaba, Mumbai"
2025-04-18,91.0,34.0,4.0,9.0,4.0,4.0,"Colaba, Mumbai"
2025-04-19,91.0,49.0,4.0,9.0,4.0,4.0,"Colaba, Mumbai"
2025-04-20,91.0,52.0,4.0,9.0,4.0,4.0,"Colaba, Mumbai"
2025-04-21,91.0,53.36842105263158,4.0,9.0,4.0,4.0,"Colaba, Mumbai"
2025-04-22,91.0,54.73684210526316,4.0,9.0,4.0,4.0,"Colaba, Mumbai"
2025-04-23,91.0,56.10526315789474,4.0,9.0,4.0,4.0,"Colaba, Mumbai"
2025-04-24,91.0,58.0,4.0,9.0,4.0,4.0,"Colaba, Mumbai"
2025-04-25,91.0,58.0,4.0,9.0,4.0,4.0,"Colaba, Mumbai"
2025-04-26,91.0,58.0,4.0,9.0,4.0,4.0,"Colaba, Mumbai"
2025-04-27,91.0,58.0,4.0,9.0,4.0,4.0,"Colaba, Mumbai"
2025-04-28,91.0,58.0,4.0,9.0,4.0,4.0,"Colaba, Mumbai"
2025-04-29,91.0,58.0,4.0,9.0,4.0,4.0,"Colaba, Mumbai"
2025-04-30,91.0,58.0,4.0,9.0,4.0,4.0,"Colaba, Mumbai"
2025-05-01,74.5,53.0,4.0,9.0,4.0,4.0,"Colaba, Mumbai"
2025-05-02,74.5,53.0,4.0,9.0,4.0,4.0,"Colaba, Mumbai"
2025-05-03,74.5,53.0,4.0,9.0,4.0,4.0,"Colaba, Mumbai"
2025-05-04,74.5,53.0,4.0,9.0,4.0,4.0,"Colaba, Mumbai"
2025-05-05,74.5,53.0,4.0,9.0,4.0,4.0,"Colaba, Mumbai"
2025-05-06,74.5,53.0,4.0,9.0,4.0,4.0,"Colaba, Mumbai"
2025-05-07,74.5,53.0,4.0,9.0,4.0,4.0,"Colaba, Mumbai"
2025-05-08,74.5,53.0,4.0,9.0,4.0,4.0,"Colaba, Mumbai"
2025-05-09,74.5,53.0,4.0,9.0,4.0,4.0,"Colaba, Mumbai"
2025-05-10,68.58333333333333,53.0,4.0,9.0,4.0,4.0,"Colaba, Mumbai"
2025-05-11,62.66666666666667,53.0,4.0,9.0,4.0,4.0,"Colaba, Mumbai"
2025-05-12,56.75,53.0,4.0,9.0,4.0,4.0,"Colaba, Mumbai"
2025-05-13,72.75,53.0,4.0,9.0,4.0,4.0,"Colaba, Mumbai"
2025-05-14,72.75,53.0,4.0,9.0,4.0,4.0,"Colaba, Mumbai"
2025-05-15,39.0,53.0,4.0,9.0,4.0,4.0,"Colaba, Mumbai"
2025-05-16,14.0,53.0,4.0,9.0,4.0,4.0,"Colaba, Mumbai"
2025-05-17,16.0,53.0,4.0,9.0,4.0,4.0,"Colaba, Mumbai"
2025-05-18,12.0,53.0,4.0,9.0,4.0,4.0,"Colaba, Mumbai"
2025-05-19,16.0,53.0,4.0,9.0,4.0,4.0,"Colaba, Mumbai"
2025-05-20,17.0,53.0,4.0,9.0,4.0,4.0,"Colaba, Mumbai"
2025-05-21,17.0,53.0,4.0,9.0,4.0,4.0,"Colaba, Mumbai"
2025-05-22,22.0,53.0,4.0,9.0,4.0,4.0,"Colaba, Mumbai"
2025-05-23,42.0,53.0,4.0,10.0,4.0,4.0,"Colaba, Mumbai"
2025-05-24,44.0,53.0,4.0,9.0,4.0,4.0,"Colaba, Mumbai"
2025-05-25,46.0,53.0,4.0,9.0,4.0,4.0,"Colaba, Mumbai"
2025-05-26,84.0,53.0,4.0,11.5,4.0,5.0,"Colaba, Mumbai"
2025-05-27,69.5,53.0,4.0,14.0,4.0,6.0,"Colaba, Mumbai"
2025-05-28,55.0,104.0,4.0,13.0,4.0,6.0,"Colaba, Mumbai"
2025-05-29,66.0,102.0,4.0,11.0,4.0,5.0,"Colaba, Mumbai"
2025-05-30,102.0,35.0,4.0,11.0,4.0,5.0,"Colaba, Mumbai"
2025-05-31,57.0,105.0,4.0,11.0,4.0,5.0,"Colaba, Mumbai"
2025-06-01,80.0,212.0,4.0,11.0,4.0,5.0,"Colaba, Mumbai"
2025-06-02,150.0,70.0,4.0,11.0,4.0,5.0,"Colaba, Mumbai"
2025-06-03,85.0,34.0,4.0,11.0,4.0,5.0,"Colaba, Mumbai"
2025-06-04,56.0,63.0,4.0,12.0,4.0,5.0,"Colaba, Mumbai"
2025-06-05,96.0,40.0,4.0,11.0,4.0,5.0,"Colaba, Mumbai"
2025-06-06,72.0,36.0,4.0,11.0,4.0,5.0,"Colaba, Mumbai"
2025-06-07,63.5,32.0,4.0,11.0,4.0,5.0,"Colaba, Mumbai"
2025-06-08,55.0,58.4,4.0,11.0,4.0,5.0,"Colaba, Mumbai"
2025-06-12,113.4,164.0,4.0,11.0,4.0,5.0,"Colaba, Mumbai"
2025-06-13,128.0,143.0,4.0,11.0,4.0,5.0,"Colaba, Mumbai"
2025-06-14,121.0,237.0,4.0,11.0,4.0,5.0,"Colaba, Mumbai"
2025-06-15,156.0,19.0,4.0,11.0,4.0,5.0,"Colaba, Mumbai"
2025-06-16,31.0,125.0,4.0,10.0,4.0,5.0,"Colaba, Mumbai"
2025-06-17,124.0,160.0,4.0,10.0,4.0,5.0,"Colaba, Mumbai"
2025-06-18,133.0,42.0,4.0,10.0,4.0,5.0,"Colaba, Mumbai"
2025-06-19,108.0,86.0,4.0,10.0,4.0,5.0,"Colaba, Mumbai"
2025-06-20,73.0,60.0,4.0,10.0,4.0,5.0,"Colaba, Mumbai"
2025-06-21,88.0,60.0,4.0,10.0,4.0,5.0,"Colaba, Mumbai"
2025-06-22,88.0,129.0,4.0,10.0,4.0,5.0,"Colaba, Mumbai"
2025-06-23,102.0,95.5,4.0,10.0,4.0,5.0,"Colaba, Mumbai"
2025-06-24,190.0,62.0,4.0,10.0,4.0,5.0,"Colaba, Mumbai"
2025-06-25,94.0,56.5,4.0,10.0,4.0,5.0,"Colaba, Mumbai"
2025-06-26,165.5,51.0,4.0,10.0,4.0,5.0,"Colaba, Mumbai"
2025-06-27,237.0,42.0,4.0,10.0,4.0,5.0,"Colaba, Mumbai"
2025-06-28,68.0,31.0,4.0,11.0,4.0,5.0,"Colaba, Mumbai"
2025-06-29,60.0,124.0,4.0,11.0,4.0,5.0,"Colaba, Mumbai"
2025-06-30,61.0,32.0,4.0,11.0,4.0,5.0,"Colaba, Mumbai"
2025-07-01,64.0,32.0,4.0,11.0,4.0,5.0,"Colaba, Mumbai"
2025-07-02,56.0,36.0,4.0,11.0,4.0,5.0,"Colaba, Mumbai"
2025-07-03,60.0,36.0,4.0,11.0,4.0,5.0,"Colaba, Mumbai"
2025-07-04,64.0,39.0,4.0,11.0,4.0,5.0,"Colaba, Mumbai"
2025-07-05,62.0,42.0,4.0,11.0,4.0,5.0,"Colaba, Mumbai"
2025-07-06,61.0,42.0,4.0,11.0,4.0,5.0,"Colaba, Mumbai"
2025-07-07,64.0,42.0,4.0,11.0,4.0,5.0,"Colaba, Mumbai"
2025-07-08,63.0,45.0,4.0,11.0,4.0,5.0,"Colaba, Mumbai"
2025-07-09,64.0,44.0,4.0,11.0,4.0,5.0,"Colaba, Mumbai"
2025-07-10,64.0,45.0,4.0,11.0,4.0,5.0,"Colaba, Mumbai"
2025-07-11,58.0,39.0,4.0,11.0,4.0,5.0,"Colaba, Mumbai"
2025-07-12,53.0,35.0,4.0,11.0,4.0,5.0,"Colaba, Mumbai"
2025-07-13,53.0,21.0,4.0,11.0,4.0,5.0,"Colaba, Mumbai"
2025-07-14,37.0,37.0,4.0,11.0,4.0,5.0,"Colaba, Mumbai"
2025-07-15,54.0,43.0,4.0,11.0,4.0,5.0,"Colaba, Mumbai"
2025-07-16,67.0,43.0,4.0,11.0,4.0,5.0,"Colaba, Mumbai"
2025-07-17,61.0,50.0,5.0,9.0,4.0,4.0,"Colaba, Mumbai"
2025-07-18,60.0,61.0,4.0,8.0,4.0,3.0,"Colaba, Mumbai"
2025-07-19,66.0,50.0,4.0,8.0,4.0,3.0,"Colaba, Mumbai"
2025-07-20,47.0,60.0,5.0,8.0,4.0,3.0,"Colaba, Mumbai"
2025-07-21,48.0,57.0,4.0,8.0,4.0,3.0,"Colaba, Mumbai"
2025-07-22,85.0,41.0,4.0,8.0,4.0,3.0,"Colaba, Mumbai"
2025-07-23,50.0,52.0,4.0,8.0,4.0,3.0,"Colaba, Mumbai"
2025-07-24,51.0,56.0,4.0,8.0,4.0,3.0,"Colaba, Mumbai"
2025-07-25,47.0,58.0,5.0,7.0,4.0,3.0,"Colaba, Mumbai"
2025-07-26,60.0,62.0,4.0,7.0,4.0,3.0,"Colaba, Mumbai"
2025-07-27,61.0,61.0,4.0,7.0,4.0,3.0,"Colaba, Mumbai"
2025-07-28,61.0,59.0,4.0,7.0,4.0,3.0,"Colaba, Mumbai"
2025-07-29,54.0,69.0,4.0,8.0,4.0,3.0,"Colaba, Mumbai"
2025-07-30,64.0,68.0,4.0,7.0,4.0,3.0,"Colaba, Mumbai"
2025-07-31,66.0,63.0,4.0,7.0,4.0,3.0,"Colaba, Mumbai"
2025-08-01,63.0,50.0,5.0,7.0,4.0,3.0,"Colaba, Mumbai"
2025-08-02,61.0,49.0,5.0,7.0,4.0,3.0,"Colaba, Mumbai"
2025-08-03,51.0,56.0,4.0,8.0,4.0,3.0,"Colaba, Mumbai"
2025-08-04,57.0,52.0,4.0,8.0,4.0,3.0,"Colaba, Mumbai"
2025-08-05,57.0,50.0,4.0,8.0,4.0,3.0,"Colaba, Mumbai"
2025-08-06,52.0,42.0,4.0,8.0,4.0,3.0,"Colaba, Mumbai"
2025-08-07,59.0,46.0,4.0,8.0,4.0,3.0,"Colaba, Mumbai"
2025-08-08,65.0,51.0,4.0,8.0,4.0,3.0,"Colaba, Mumbai"
2025-08-09,78.0,44.0,4.0,8.0,4.0,3.0,"Colaba, Mumbai"
2025-08-10,60.0,43.0,4.0,8.0,4.0,3.0,"Colaba, Mumbai"
2025-08-11,65.0,34.0,4.0,7.0,4.0,3.0,"Colaba, Mumbai"
2025-08-12,53.0,60.0,4.0,8.0,4.0,3.5,"Colaba, Mumbai"
2025-08-13,50.0,41.0,5.0,9.0,4.0,4.0,"Colaba, Mumbai"
2025-08-14,198.0,16.0,4.0,8.0,4.0,4.0,"Colaba, Mumbai"
2025-08-15,32.0,33.0,4.0,8.0,4.0,4.0,"Colaba, Mumbai"
2025-08-16,51.0,21.0,4.0,8.0,4.0,3.0,"Colaba, Mumbai"
2025-08-17,42.0,23.0,4.0,8.0,4.0,4.0,"Colaba, Mumbai"
2025-08-18,50.0,20.0,4.0,8.0,4.0,4.0,"Colaba, Mumbai"
2025-08-19,48.0,20.0,4.0,8.0,4.0,3.0,"Colaba, Mumbai"
2025-08-20,61.0,20.0,4.0,8.0,4.0,3.0,"Colaba, Mumbai"
2025-08-21,60.0,21.0,5.0,8.0,4.0,3.0,"Colaba, Mumbai"
2025-08-22,56.0,18.0,5.0,8.0,4.0,4.0,"Colaba, Mumbai"
2025-08-23,58.0,14.0,5.0,8.0,4.0,3.0,"Colaba, Mumbai"
2025-08-24,54.0,12.0,4.0,8.0,4.0,3.0,"Colaba, Mumbai"
2025-08-25,48.0,16.0,4.0,8.0,4.0,4.0,"Colaba, Mumbai"
2025-08-26,54.0,17.0,4.0,8.0,4.0,4.0,"Colaba, Mumbai"
2025-08-27,53.0,21.0,4.0,8.0,4.0,4.0,"Colaba, Mumbai"
2025-08-28,64.0,14.0,4.0,8.0,4.0,4.0,"Colaba, Mumbai"
2025-08-29,52.0,11.0,4.0,8.0,4.0,4.0,"Colaba, Mumbai"
2025-08-30,46.0,12.0,4.0,8.0,4.0,3.0,"Colaba, Mumbai"
2025-08-31,62.0,12.0,4.0,8.0,4.0,3.0,"Colaba, Mumbai"
2025-09-01,57.0,17.0,4.0,8.0,4.0,4.0,"Colaba, Mumbai"
2025-09-02,59.0,18.0,4.0,8.0,4.0,3.0,"Colaba, Mumbai"
2025-09-03,65.0,13.0,4.0,8.0,4.0,4.0,"Colaba, Mumbai"
2025-09-04,63.0,10.0,4.0,8.0,4.0,4.0,"Colaba, Mumbai"
2025-09-05,68.0,7.0,4.0,8.0,4.0,4.0,"Colaba, Mumbai"
2025-09-06,55.0,9.0,4.0,8.0,4.0,4.0,"Colaba, Mumbai"
2025-09-07,82.0,8.0,4.0,8.0,4.0,4.0,"Colaba, Mumbai"
2025-09-08,52.0,16.0,4.0,8.0,4.0,4.0,"Colaba, Mumbai"
2025-09-09,57.0,17.0,4.0,8.0,4.0,4.0,"Colaba, Mumbai"
2025-09-10,68.0,10.0,4.0,8.0,4.0,4.0,"Colaba, Mumbai"
2025-09-11,56.0,11.0,4.0,8.0,4.0,4.0,"Colaba, Mumbai"
2025-09-12,54.0,8.0,4.0,8.0,4.0,4.0,"Colaba, Mumbai"
2025-09-13,61.0,11.0,4.0,8.0,4.0,4.0,"Colaba, Mumbai"
2025-09-14,84.0,15.0,4.0,8.0,4.0,4.0,"Colaba, Mumbai"
2025-09-15,53.0,39.0,4.0,8.0,4.0,4.0,"Colaba, Mumbai"
2025-09-16,53.0,26.0,4.0,8.0,4.0,4.0,"Colaba, Mumbai"
2025-09-17,39.0,32.0,4.0,8.0,4.0,4.0,"Colaba, Mumbai"
2025-09-18,44.0,32.0,4.0,8.0,4.0,4.0,"Colaba, Mumbai"
2025-09-19,47.0,36.0,4.0,8.0,4.0,4.0,"Colaba, Mumbai"
2025-09-20,46.0,28.0,4.0,8.0,4.0,4.0,"Colaba, Mumbai"
2025-09-21,41.0,36.0,4.0,8.0,4.0,4.0,"Colaba, Mumbai"
2025-09-22,50.0,50.0,4.0,8.0,4.0,4.0,"Colaba, Mumbai"
2025-09-23,58.89473684210526,46.666666666666664,4.0,8.0,4.0,4.0,"Colaba, Mumbai"
2025-09-24,67.78947368421052,43.333333333333336,5.0,8.0,4.0,4.0,"Colaba, Mumbai"
2025-09-25,76.6842105263158,40.0,4.0,8.0,4.0,4.0,"Colaba, Mumbai"
2025-09-26,50.0,36.0,4.0,8.0,4.0,4.0,"Colaba, Mumbai"
2025-09-27,50.0,30.0,4.0,8.0,4.0,4.0,"Colaba, Mumbai"
2025-09-28,50.0,41.0,5.0,8.0,4.0,4.0,"Colaba, Mumbai"
2025-09-29,50.0,42.0,5.0,8.0,4.0,4.0,"Colaba, Mumbai"
2025-09-30,50.0,44.0,4.0,8.0,4.0,4.0,"Colaba, Mumbai"
2025-10-01,102.0,38.0,5.0,8.0,4.0,4.0,"Colaba, Mumbai"
2025-10-02,102.0,34.0,4.0,8.0,4.0,4.0,"Colaba, Mumbai"
2025-10-03,102.0,39.0,4.0,8.0,4.0,4.0,"Colaba, Mumbai"
2025-10-04,102.0,48.0,4.0,8.0,4.0,4.0,"Colaba, Mumbai"
2025-10-05,102.0,55.0,4.0,8.0,4.0,4.0,"Colaba, Mumbai"
2025-10-06,102.0,39.0,4.0,8.0,4.0,4.0,"Colaba, Mumbai"
2025-10-07,102.0,55.0,5.0,8.0,4.0,4.0,"Colaba, Mumbai"
2025-10-08,102.0,68.0,4.0,9.0,4.0,4.0,"Colaba, Mumbai"
2025-10-09,102.0,84.0,4.0,9.0,4.0,4.0,"Colaba, Mumbai"
2025-10-10,102.0,133.0,4.0,9.0,4.0,4.0,"Colaba, Mumbai"
2025-10-11,219.0,79.0,4.0,9.0,4.0,4.0,"Colaba, Mumbai"
2025-10-12,158.0,71.0,4.0,9.0,4.0,4.0,"Colaba, Mumbai"
2025-10-13,156.0,75.0,4.0,9.0,4.0,4.0,"Colaba, Mumbai"
2025-10-14,153.0,73.0,4.0,9.0,4.0,4.0,"Colaba, Mumbai"
2025-10-15,155.0,61.0,4.0,9.0,4.0,4.0,"Colaba, Mumbai"
2025-10-16,126.0,120.0,4.0,9.0,4.0,4.0,"Colaba, Mumbai"
2025-10-17,154.0,93.0,4.0,9.0,4.0,4.0,"Colaba, Mumbai"
2025-10-18,162.0,79.0,4.0,9.0,4.0,4.0,"Colaba, Mumbai"
2025-10-19,155.0,92.0,4.0,9.0,4.0,4.0,"Colaba, Mumbai"
2025-10-20,144.0,104.0,4.0,9.0,4.0,4.0,"Colaba, Mumbai"
2025-10-21,138.0,70.0,4.0,9.0,4.0,4.0,"Colaba, Mumbai"
2025-10-22,87.0,65.0,3.0,9.0,4.0,4.0,"Colaba, Mumbai"
2025-10-23,87.0,34.0,4.0,9.0,4.0,4.0,"Colaba, Mumbai"
2025-10-24,63.0,30.0,4.0,9.0,4.0,4.0,"Colaba, Mumbai"
2025-10-25,62.0,54.0,4.0,9.0,4.0,4.0,"Colaba, Mumbai"
2025-10-26,93.0,101.0,4.0,9.0,4.0,4.0,"Colaba, Mumbai"
2025-10-27,140.0,78.0,4.0,9.0,4.0,4.0,"Colaba, Mumbai"
2025-10-28,124.0,45.0,4.0,9.0,4.0,4.0,"Colaba, Mumbai"
2025-10-29,74.0,40.0,4.0,9.0,4.0,4.0,"Colaba, Mumbai"
2025-10-30,63.0,35.0,4.0,9.0,4.0,4.0,"Colaba, Mumbai"
2025-10-31,56.0,30.0,4.0,9.0,4.0,4.0,"Colaba, Mumbai"
2025-11-01,48.0,28.0,4.0,9.0,4.0,4.0,"Colaba, Mumbai"
2025-11-02,42.0,32.0,4.0,9.0,4.0,4.0,"Colaba, Mumbai"
2025-11-03,48.0,28.0,4.0,9.0,4.0,4.0,"Colaba, Mumbai"
2025-11-04,42.0,30.0,4.0,9.0,4.0,4.0,"Colaba, Mumbai"
2025-11-05,45.0,38.0,4.0,9.0,4.0,4.0,"Colaba, Mumbai"
2025-11-06,62.0,50.0,4.0,9.0,4.0,4.0,"Colaba, Mumbai"
2025-11-07,86.0,40.0,4.0,9.0,4.0,4.0,"Colaba, Mumbai"
2025-11-08,65.0,38.0,4.0,9.0,4.0,4.0,"Colaba, Mumbai"
2025-11-09,61.0,43.0,4.0,9.0,4.0,4.0,"Colaba, Mumbai"
2025-11-10,70.0,49.0,4.0,9.0,4.0,4.0,"Colaba, Mumbai"
2025-11-11,88.0,45.0,4.0,10.0,4.0,4.0,"Colaba, Mumbai"
2025-11-12,74.0,49.0,4.0,10.0,4.0,4.0,"Colaba, Mumbai"
2025-11-13,79.0,52.0,4.0,10.0,4.0,4.0,"Colaba, Mumbai"
2025-11-14,87.0,52.0,4.0,9.0,4.0,4.0,"Colaba, Mumbai"
2025-11-15,87.0,52.0,4.0,10.0,4.0,4.0,"Colaba, Mumbai"
2025-11-16,88.0,53.0,4.0,9.0,4.0,4.0,"Colaba, Mumbai"
2025-11-17,89.0,51.0,4.0,10.0,4.0,4.0,"Colaba, Mumbai"
2025-11-18,87.0,56.0,4.0,10.0,4.0,5.0,"Colaba, Mumbai"
2025-11-19,96.0,52.0,4.0,10.0,4.0,5.0,"Colaba, Mumbai"
2025-11-20,86.0,56.0,4.0,10.0,4.0,5.0,"Colaba, Mumbai"
2025-11-21,99.0,60.0,4.0,10.0,4.0,5.0,"Colaba, Mumbai"
2025-11-22,110.0,65.0,4.0,10.0,4.0,5.0,"Colaba, Mumbai"
2025-11-23,118.0,82.0,4.0,10.0,4.0,5.0,"Colaba, Mumbai"
2025-11-24,127.33333333333333,99.0,4.0,11.0,4.0,5.0,"Colaba, Mumbai"
2025-11-25,136.66666666666666,116.0,4.0,11.0,4.0,5.0,"Colaba, Mumbai"
2025-11-26,146.0,60.0,4.0,10.0,4.0,4.0,"Colaba, Mumbai"
2025-11-27,111.0,61.0,4.0,10.0,4.0,5.0,"Colaba, Mumbai"
2025-11-28,113.0,53.0,4.0,10.0,4.0,4.0,"Colaba, Mumbai"
2025-11-29,92.0,55.0,4.0,10.0,4.0,4.0,"Colaba, Mumbai"
2025-11-30,93.0,59.0,4.0,10.0,4.0,5.0,"Colaba, Mumbai"
2025-12-01,91.0,79.0,4.0,10.0,4.0,5.0,"Colaba, Mumbai"
2025-12-02,101.0,82.0,4.0,11.0,4.0,5.0,"Colaba, Mumbai"
2025-12-03,108.0,77.57142857142857,4.0,11.0,4.571428571428571,5.571428571428571,"Colaba, Mumbai"
2025-12-09,82.28571428571428,51.0,4.0,11.0,8.0,9.0,"Colaba, Mumbai"
2025-12-10,78.0,73.0,4.0,11.0,8.0,9.0,"Colaba, Mumbai"
2025-12-11,100.0,78.0,4.0,10.0,8.0,10.0,"Colaba, Mumbai"
2025-12-12,109.0,91.0,4.0,10.0,8.0,10.0,"Colaba, Mumbai"
2025-12-13,132.0,82.0,4.0,10.0,8.0,10.0,"Colaba, Mumbai"
2025-12-14,106.0,85.0,4.0,10.0,8.0,10.0,"Colaba, Mumbai"
2025-12-15,107.0,81.0,4.0,10.0,8.0,10.0,"Colaba, Mumbai"
2025-12-16,355.0,100.0,4.0,10.0,8.0,10.0,"Colaba, Mumbai"
2025-12-17,344.6,101.0,4.0,10.0,8.0,10.0,"Colaba, Mumbai"
2025-12-25,261.4,85.0,4.0,10.0,8.0,10.0,"Colaba, Mumbai"
2025-12-26,251.0,78.0,4.0,10.0,8.0,10.0,"Colaba, Mumbai"
2025-12-27,115.0,85.0,4.0,10.0,8.0,11.0,"Colaba, Mumbai"
2025-12-28,116.0,84.71428571428571,4.0,10.0,8.0,11.0,"Colaba, Mumbai"
2026-01-03,106.57142857142857,83.0,4.0,9.0,8.0,11.0,"Colaba, Mumbai"
2026-01-04,105.0,82.0,4.0,9.0,8.0,11.0,"Colaba, Mumbai"
2026-01-05,104.0,79.0,4.0,9.0,8.0,10.0,"Colaba, Mumbai"
2026-01-06,99.0,94.0,4.0,9.0,8.0,10.0,"Colaba, Mumbai"
2026-01-07,121.0,82.0,4.0,9.0,8.0,10.0,"Colaba, Mumbai"
2026-01-08,105.0,73.0,4.0,9.0,8.0,10.0,"Colaba, Mumbai"
2026-01-09,92.0,73.0,4.0,9.0,8.0,10.0,"Colaba, Mumbai"
2026-01-10,92.0,77.0,4.0,9.0,8.0,10.0,"Colaba, Mumbai"
2026-01-11,95.0,71.0,4.0,9.0,8.0,11.0,"Colaba, Mumbai"
2026-01-12,89.0,76.0,4.0,9.0,8.0,11.0,"Colaba, Mumbai"
2026-01-13,97.0,79.0,4.0,9.0,8.0,10.0,"Colaba, Mumbai"
2026-01-14,100.0,63.0,4.0,9.0,8.0,10.0,"Colaba, Mumbai"
2026-01-15,78.0,74.0,4.0,9.0,8.0,10.0,"Colaba, Mumbai"
2026-01-16,96.0,62.0,4.0,9.0,8.0,10.0,"Colaba, Mumbai"
2026-01-17,79.0,53.0,4.0,9.0,8.0,10.0,"Colaba, Mumbai"
2026-01-18,67.0,52.0,4.0,9.0,8.0,10.0,"Colaba, Mumbai"
2026-01-19,64.0,65.0,4.0,9.0,8.0,10.0,"Colaba, Mumbai"
2026-01-20,80.0,87.0,4.0,9.0,8.0,11.0,"Colaba, Mumbai"
2026-01-21,110.0,82.0,4.0,9.0,8.0,11.0,"Colaba, Mumbai"
2026-01-22,111.0,60.0,4.0,9.0,8.0,10.0,"Colaba, Mumbai"
2026-01-23,97.0,49.0,4.0,9.0,8.0,10.0,"Colaba, Mumbai"
2026-01-24,85.0,69.0,4.0,9.0,8.0,11.0,"Colaba, Mumbai"
2026-01-25,127.0,90.0,4.0,9.0,8.0,11.0,"Colaba, Mumbai"
2026-01-26,156.0,57.0,4.0,9.0,8.0,10.0,"Colaba, Mumbai"
2026-01-27,103.0,44.0,4.0,9.0,8.0,10.0,"Colaba, Mumbai"
2026-01-28,76.0,61.0,4.0,9.0,8.0,11.0,"Colaba, Mumbai"
2026-01-29,108.0,77.0,4.0,9.0,8.0,11.0,"Colaba, Mumbai"
2026-01-30,138.0,70.0,4.0,9.0,8.0,11.0,"Colaba, Mumbai"
2026-01-31,129.0,81.0,4.0,9.0,8.0,11.0,"Colaba, Mumbai"
2026-02-01,137.0,92.0,4.0,10.0,8.0,11.0,"Colaba, Mumbai"
2026-02-02,157.0,94.0,4.0,10.0,8.0,12.0,"Colaba, Mumbai"
2026-02-03,158.0,79.0,4.0,10.0,8.0,11.0,"Colaba, Mumbai"
2026-02-04,146.0,80.0,4.0,10.0,8.0,11.0,"Colaba, Mumbai"
2026-02-05,140.0,79.0,4.0,10.0,8.0,11.0,"Colaba, Mumbai"
2026-02-06,144.0,76.71428571428571,4.0,10.0,8.0,11.0,"Colaba, Mumbai"
2026-02-07,338.0,74.42857142857143,4.0,10.0,8.0,12.0,"Colaba, Mumbai"
2026-02-12,150.5,63.0,4.0,10.0,8.0,11.0,"Colaba, Mumbai"
2026-02-13,113.0,82.0,4.0,10.0,8.0,11.0,"Colaba, Mumbai"
2026-02-14,150.0,71.0,4.0,10.0,8.0,11.0,"Colaba, Mumbai"
2026-02-15,127.0,57.0,4.0,10.0,8.0,11.0,"Colaba, Mumbai"
2026-02-16,101.0,42.0,4.0,10.0,8.0,11.0,"Colaba, Mumbai"
2026-02-17,76.0,35.0,4.0,10.0,8.0,10.0,"Colaba, Mumbai"
2026-02-18,65.0,35.0,4.0,10.0,8.0,10.0,"Colaba, Mumbai"
