date,pm25,pm10,o3,no2,so2,co,location
2019-12-02,135.0,75.0,9.0,23.0,1.0,6.0,"Chhatrapati Shivaji Intl. Airport (T2), Mumbai"
2019-12-03,92.0,92.0,7.5,16.0,9.0,9.0,"Chhatrapati Shivaji Intl. Airport (T2), Mumbai"
2019-12-04,145.0,125.0,6.0,10.0,3.0,9.0,"Chhatrapati Shivaji Intl. Airport (T2), Mumbai"
2019-12-05,175.0,116.0,15.0,17.0,4.0,10.0,"Chhatrapati Shivaji Intl. Airport (T2), Mumbai"
2019-12-06,170.0,108.0,17.0,19.0,6.0,10.0,"Chhatrapati Shivaji Intl. Airport (T2), Mumbai"
2019-12-07,161.0,113.0,16.0,23.0,5.0,10.0,"Chhatrapati Shivaji Intl. Airport (T2), Mumbai"
2019-12-08,171.0,104.0,15.0,23.0,5.0,11.0,"Chhatrapati Shivaji Intl. Airport (T2), Mumbai"
2019-12-09,166.0,109.0,14.0,26.0,4.0,12.0,"Chhatrapati Shivaji Intl. Airport (T2), Mumbai"
2019-12-10,166.0,127.0,9.0,22.0,4.0,15.0,"Chhatrapati Shivaji Intl. Airport (T2), Mumbai"
2019-12-11,177.0,127.0,13.0,20.0,4.0,14.0,"Chhatrapati Shivaji Intl. Airport (T2), Mumbai"
2019-12-12,174.0,101.0,11.0,19.0,3.0,10.0,"Chhatrapati Shivaji Intl. Airport (T2), Mumbai"
2019-12-13,147.0,99.0,11.0,18.0,4.0,9.0,"Chhatrapati Shivaji Intl. Airport (T2), Mumbai"
2019-12-14,146.0,109.0,10.0,19.0,4.0,11.0,"Chhatrapati Shivaji Intl. Airport (T2), Mumbai"
2019-12-15,165.0,123.0,7.0,18.0,4.0,14.0,"Chhatrapati Shivaji Intl. Airport (T2), Mumbai"
2019-12-16,175.0,119.0,12.0,16.0,4.0,12.0,"Chhatrapati Shivaji Intl. Airport (T2), Mumbai"
2019-12-17,167.0,107.0,12.0,18.0,5.0,11.0,"Chhatrapati Shivaji Intl. Airport (T2), Mumbai"
2019-12-18,162.0,101.0,14.0,19.0,4.0,10.0,"Chhatrapati Shivaji Intl. Airport (T2), Mumbai"
2019-12-19,160.0,129.0,11.0,24.0,5.0,13.0,"Chhatrapati Shivaji Intl. Airport (T2), Mumbai"
2019-12-20,176.0,142.0,9.0,17.0,5.0,16.0,"Chhatrapati Shivaji Intl. Airport (T2), Mumbai"
2019-12-21,178.0,132.0,12.0,15.0,6.0,14.0,"Chhatrapati Shivaji Intl. Airport (T2), Mumbai"
2019-12-22,181.0,123.0,11.0,14.0,6.0,13.0,"Chhatrapati Shivaji Intl. Airport (T2), Mumbai"
2019-12-23,177.0,145.0,14.0,20.0,5.0,14.0,"Chhatrapati Shivaji Intl. Airport (T2), Mumbai"
2019-12-24,193.0,160.0,8.0,18.0,5.0,15.0,"Chhatrapati Shivaji Intl. Airport (T2), Mumbai"
2019-12-25,207.0,127.0,9.0,15.0,5.0,13.0,"Chhatrapati Shivaji Intl. Airport (T2), Mumbai"
2019-12-26,178.0,128.0,8.0,17.0,5.0,13.0,"Chhatrapati Shivaji Intl. Airport (T2), Mumbai"
2019-12-27,176.0,114.0,10.0,15.0,4.0,10.0,"Chhatrapati Shivaji Intl. Airport (T2), Mumbai"
2019-12-28,167.0,110.0,11.0,15.0,5.0,9.0,"Chhatrapati Shivaji Intl. Airport (T2), Mumbai"
2019-12-29,167.0,120.0,13.333333333333334,17.333333333333332,5.0,10.333333333333334,"Chhatrapati Shivaji Intl. Airport (T2), Mumbai"
2019-12-31,181.0,140.0,18.0,22.0,5.0,13.0,"Chhatrapati Shivaji Intl. Airport (T2), Mumbai"
2020-01-01,188.0,135.0,11.0,25.0,3.0,10.0,"Chhatrapati Shivaji Intl. Airport (T2), Mumbai"
2020-01-02,194.0,128.0,13.0,24.0,3.0,10.0,"Chhatrapati Shivaji Intl. Airport (T2), Mumbai"
2020-01-03,178.0,195.0,13.0,24.0,3.0,10.0,"Chhatrapati Shivaji Intl. Airport (T2), Mumbai"
2020-01-04,183.0,117.0,12.0,16.0,3.0,10.0,"Chhatrapati Shivaji Intl. Airport (T2), Mumbai"
2020-01-05,172.0,107.0,9.0,21.0,5.0,9.0,"Chhatrapati Shivaji Intl. Airport (T2), Mumbai"
2020-01-06,163.0,122.0,8.0,23.0,13.0,14.0,"Chhatrapati Shivaji Intl. Airport (T2), Mumbai"
2020-01-07,171.0,106.0,7.0,12.0,2.0,9.0,"Chhatrapati Shivaji Intl. Airport (T2), Mumbai"
2020-01-08,157.0,106.0,13.0,23.0,3.0,8.0,"Chhatrapati Shivaji Intl. Airport (T2), Mumbai"
2020-01-09,160.0,219.0,15.0,20.0,4.0,9.0,"Chhatrapati Shivaji Intl. Airport (T2), Mumbai"
2020-01-10,217.0,141.0,10.0,17.0,5.0,11.0,"Chhatrapati Shivaji Intl. Airport (T2), Mumbai"
2020-01-11,170.0,140.0,10.0,14.0,4.0,14.0,"Chhatrapati Shivaji Intl. Airport (T2), Mumbai"
2020-01-12,176.0,100.0,5.0,12.0,2.0,8.0,"Chhatrapati Shivaji Intl. Airport (T2), Mumbai"
2020-01-13,207.0,94.0,7.0,11.0,2.0,7.0,"Chhatrapati Shivaji Intl. Airport (T2), Mumbai"
2020-01-14,118.0,91.0,7.0,16.0,2.0,6.0,"Chhatrapati Shivaji Intl. Airport (T2), Mumbai"
2020-01-15,109.0,82.0,8.0,16.0,2.0,5.0,"Chhatrapati Shivaji Intl. Airport (T2), Mumbai"
2020-01-16,109.0,107.0,9.0,19.0,3.0,8.0,"Chhatrapati Shivaji Intl. Airport (T2), Mumbai"
2020-01-17,148.0,135.0,10.0,26.0,4.0,10.0,"Chhatrapati Shivaji Intl. Airport (T2), Mumbai"
2020-01-18,174.0,157.0,8.0,16.0,4.0,15.0,"Chhatrapati Shivaji Intl. Airport (T2), Mumbai"
2020-01-19,185.0,141.0,10.0,22.0,5.0,16.0,"Chhatrapati Shivaji Intl. Airport (T2), Mumbai"
2020-01-20,174.0,165.0,6.0,14.0,5.0,18.0,"Chhatrapati Shivaji Intl. Airport (T2), Mumbai"
2020-01-21,179.0,145.0,6.0,27.0,4.0,14.0,"Chhatrapati Shivaji Intl. Airport (T2), Mumbai"
2020-01-22,162.0,151.0,8.0,19.0,4.0,13.0,"Chhatrapati Shivaji Intl. Airport (T2), Mumbai"
2020-01-23,170.0,129.0,7.0,18.0,4.0,11.0,"Chhatrapati Shivaji Intl. Airport (T2), Mumbai"
2020-01-24,162.0,164.0,8.0,21.0,5.0,16.0,"Chhatrapati Shivaji Intl. Airport (T2), Mumbai"
2020-01-25,179.0,167.0,10.0,19.0,5.0,17.0,"Chhatrapati Shivaji Intl. Airport (T2), Mumbai"
2020-01-26,186.0,95.0,6.0,18.0,3.0,9.0,"Chhatrapati Shivaji Intl. Airport (T2), Mumbai"
2020-01-27,128.0,76.0,6.0,13.0,2.0,6.0,"Chhatrapati Shivaji Intl. Airport (T2), Mumbai"
2020-01-28,84.0,95.0,8.0,20.0,1.0,4.0,"Chhatrapati Shivaji Intl. Airport (T2), Mumbai"
2020-01-29,80.0,124.0,12.0,23.0,3.0,8.0,"Chhatrapati Shivaji Intl. Airport (T2), Mumbai"
2020-01-30,146.0,137.0,9.0,27.0,4.0,10.0,"Chhatrapati Shivaji Intl. Airport (T2), Mumbai"
2020-01-31,160.0,148.0,10.0,26.0,4.0,12.0,"Chhatrapati Shivaji Intl. Airport (T2), Mumbai"
2020-02-01,168.0,154.0,17.0,16.0,5.0,14.0,"Chhatrapati Shivaji Intl. Airport (T2), Mumbai"
2020-02-02,170.0,136.0,10.0,16.0,3.0,13.0,"Chhatrapati Shivaji Intl. Airport (T2), Mumbai"
2020-02-03,174.0,130.0,13.0,22.0,4.0,10.0,"Chhatrapati Shivaji Intl. Airport (T2), Mumbai"
2020-02-04,167.0,105.0,8.0,25.0,5.0,11.0,"Chhatrapati Shivaji Intl. Airport (T2), Mumbai"
2020-02-05,162.0,122.0,13.0,25.0,4.0,8.0,"Chhatrapati Shivaji Intl. Airport (T2), Mumbai"
2020-02-06,143.0,121.0,11.0,25.0,5.0,9.0,"Chhatrapati Shivaji Intl. Airport (T2), Mumbai"
2020-02-07,145.0,121.0,12.0,20.0,4.0,9.0,"Chhatrapati Shivaji Intl. Airport (T2), Mumbai"
2020-02-08,162.0,110.0,13.0,16.0,6.0,6.0,"Chhatrapati Shivaji Intl. Airport (T2), Mumbai"
2020-02-09,165.0,103.0,8.0,19.0,5.0,7.0,"Chhatrapati Shivaji Intl. Airport (T2), Mumbai"
2020-02-10,153.0,112.0,7.5,21.0,11.0,9.0,"Chhatrapati Shivaji Intl. Airport (T2), Mumbai"
2020-02-11,157.0,175.0,7.0,24.0,4.0,11.0,"Chhatrapati Shivaji Intl. Airport (T2), Mumbai"
2020-02-12,179.0,135.0,8.0,14.0,4.0,13.0,"Chhatrapati Shivaji Intl. Airport (T2), Mumbai"
2020-02-13,161.0,130.0,12.0,21.0,4.0,9.0,"Chhatrapati Shivaji Intl. Airport (T2), Mumbai"
2020-02-14,150.0,125.0,13.0,22.0,5.0,10.0,"Chhatrapati Shivaji Intl. Airport (T2), Mumbai"
2020-02-15,150.0,144.0,15.0,25.0,6.0,11.0,"Chhatrapati Shivaji Intl. Airport (T2), Mumbai"
2020-02-16,167.0,170.0,14.0,18.0,5.0,15.0,"Chhatrapati Shivaji Intl. Airport (T2), Mumbai"
2020-02-17,178.0,167.0,22.0,37.0,8.0,15.0,"Chhatrapati Shivaji Intl. Airport (T2), Mumbai"
2020-02-18,174.0,208.0,23.0,36.0,7.0,14.0,"Chhatrapati Shivaji Intl. Airport (T2), Mumbai"
2020-02-19,178.0,130.0,14.0,35.0,3.0,10.0,"Chhatrapati Shivaji Intl. Airport (T2), Mumbai"
2020-02-20,157.0,101.0,13.0,26.0,2.0,7.0,"Chhatrapati Shivaji Intl. Airport (T2), Mumbai"
2020-02-21,131.0,134.0,21.0,26.5,6.0,11.0,"Chhatrapati Shivaji Intl. Airport (T2), Mumbai"
2020-02-22,164.0,160.0,24.0,27.0,7.0,12.0,"Chhatrapati Shivaji Intl. Airport (T2), Mumbai"
2020-02-23,170.0,155.0,30.0,27.5,6.0,15.0,"Chhatrapati Shivaji Intl. Airport (T2), Mumbai"
2020-02-24,179.0,138.0,22.0,28.0,4.0,8.0,"Chhatrapati Shivaji Intl. Airport (T2), Mumbai"
2020-02-25,127.0,105.0,27.0,34.0,7.0,6.0,"Chhatrapati Shivaji Intl. Airport (T2), Mumbai"
2020-02-26,122.0,115.0,40.0,35.0,11.0,8.0,"Chhatrapati Shivaji Intl. Airport (T2), Mumbai"
2020-02-27,146.0,157.0,26.0,36.0,9.0,15.0,"Chhatrapati Shivaji Intl. Airport (T2), Mumbai"
2020-02-28,168.0,141.0,17.0,37.0,6.0,12.0,"Chhatrapati Shivaji Intl. Airport (T2), Mumbai"
2020-02-29,158.0,104.0,16.0,28.0,1.0,6.0,"Chhatrapati Shivaji Intl. Airport (T2), Mumbai"
2020-03-01,140.0,111.0,14.0,21.0,2.0,8.0,"Chhatrapati Shivaji Intl. Airport (T2), Mumbai"
2020-03-02,134.0,104.0,5.0,30.0,1.9090909090909092,6.0,"Chhatrapati Shivaji Intl. Airport (T2), Mumbai"
2020-03-03,114.0,102.0,13.0,25.0,1.8181818181818181,5.0,"Chhatrapati Shivaji Intl. Airport (T2), Mumbai"
2020-03-04,113.0,93.0,13.0,18.0,1.7272727272727273,4.0,"Chhatrapati Shivaji Intl. Airport (T2), Mumbai"
2020-03-05,97.0,89.0,9.0,15.0,7.0,3.0,"Chhatrapati Shivaji Intl. Airport (T2), Mumbai"
2020-03-06,77.0,108.0,16.0,21.0,7.0,4.0,"Chhatrapati Shivaji Intl. Airport (T2), Mumbai"
2020-03-07,89.0,97.0,22.0,22.0,7.0,4.0,"Chhatrapati Shivaji Intl. Airport (T2), Mumbai"
2020-03-08,91.0,106.0,18.0,25.0,7.0,6.0,"Chhatrapati Shivaji Intl. Airport (T2), Mumbai"
2020-03-09,122.0,103.0,13.0,14.0,7.0,8.0,"Chhatrapati Shivaji Intl. Airport (T2), Mumbai"
2020-03-10,122.0,67.0,11.0,19.0,7.0,3.0,"Chhatrapati Shivaji Intl. Airport (T2), Mumbai"
2020-03-11,59.0,78.0,14.0,19.0,7.0,3.0,"Chhatrapati Shivaji Intl. Airport (T2), Mumbai"
2020-03-12,66.0,97.0,24.0,24.0,1.0,3.0,"Chhatrapati Shivaji Intl. Airport (T2), Mumbai"
2020-03-13,84.0,106.0,31.0,26.0,2.0,5.0,"Chhatrapati Shivaji Intl. Airport (T2), Mumbai"
2020-03-14,110.0,135.0,36.0,25.0,6.0,12.0,"Chhatrapati Shivaji Intl. Airport (T2), Mumbai"
2020-03-15,151.0,145.0,27.0,38.0,9.0,13.0,"Chhatrapati Shivaji Intl. Airport (T2), Mumbai"
2020-03-16,157.0,155.0,31.0,30.0,8.0,15.0,"Chhatrapati Shivaji Intl. Airport (T2), Mumbai"
2020-03-17,163.0,137.0,11.0,20.0,5.0,14.0,"Chhatrapati Shivaji Intl. Airport (T2), Mumbai"
2020-03-18,146.0,87.0,3.0,6.0,1.0,6.0,"Chhatrapati Shivaji Intl. Airport (T2), Mumbai"
2020-03-19,101.0,91.0,2.0,5.0,1.0,5.0,"Chhatrapati Shivaji Intl. Airport (T2), Mumbai"
2020-03-20,79.0,154.0,3.0,5.0,1.0,4.0,"Chhatrapati Shivaji Intl. Airport (T2), Mumbai"
2020-03-21,79.0,51.0,3.0,6.0,1.0,2.0,"Chhatrapati Shivaji Intl. Airport (T2), Mumbai"
2020-03-22,64.0,57.0,3.0,6.0,1.0,3.0,"Chhatrapati Shivaji Intl. Airport (T2), Mumbai"
2020-03-23,75.0,74.0,3.0,6.0,7.0,4.0,"Chhatrapati Shivaji Intl. Airport (T2), Mumbai"
2020-03-24,115.0,62.0,2.0,4.0,7.0,3.0,"Chhatrapati Shivaji Intl. Airport (T2), Mumbai"
2020-03-25,95.0,55.0,3.0,5.0,7.0,3.0,"Chhatrapati Shivaji Intl. Airport (T2), Mumbai"
2020-03-26,89.0,58.0,3.0,5.0,7.0,2.0,"Chhatrapati Shivaji Intl. Airport (T2), Mumbai"
2020-03-27,86.0,54.0,3.0,7.0,7.0,3.0,"Chhatrapati Shivaji Intl. Airport (T2), Mumbai"
2020-03-28,97.0,56.0,3.0,6.0,7.0,2.0,"Chhatrapati Shivaji Intl. Airport (T2), Mumbai"
2020-03-29,91.0,55.0,2.0,5.0,7.0,3.0,"Chhatrapati Shivaji Intl. Airport (T2), Mumbai"
2020-03-30,86.0,53.0,3.0,5.0,7.0,3.0,"Chhatrapati Shivaji Intl. Airport (T2), Mumbai"
2020-03-31,95.0,53.0,3.0,6.0,7.0,2.0,"Chhatrapati Shivaji Intl. Airport (T2), Mumbai"
2020-04-01,99.17647058823529,61.0,3.0,6.0,7.0,2.0,"Chhatrapati Shivaji Intl. Airport (T2), Mumbai"
2020-04-02,103.3529411764706,67.0,2.0,5.0,7.0,2.0,"Chhatrapati Shivaji Intl. Airport (T2), Mumbai"
2020-04-03,107.52941176470588,62.0,2.0,4.0,7.0,2.0,"Chhatrapati Shivaji Intl. Airport (T2), Mumbai"
2020-04-04,88.0,52.0,3.0,6.0,7.0,2.0,"Chhatrapati Shivaji Intl. Airport (T2), Mumbai"
2020-04-05,88.0,29.0,2.0,3.0,7.0,1.0,"Chhatrapati Shivaji Intl. Airport (T2), Mumbai"
2020-04-06,88.0,57.0,3.0,4.0,7.0,1.0,"Chhatrapati Shivaji Intl. Airport (T2), Mumbai"
2020-04-07,88.0,73.0,2.0,4.0,7.0,1.0,"Chhatrapati Shivaji Intl. Airport (T2), Mumbai"
2020-04-08,88.0,69.0,3.0,5.0,7.0,2.0,"Chhatrapati Shivaji Intl. Airport (T2), Mumbai"
2020-04-09,88.0,62.0,2.0,7.0,7.0,2.0,"Chhatrapati Shivaji Intl. Airport (T2), Mumbai"
2020-04-10,88.0,59.0,3.0,6.0,7.0,2.0,"Chhatrapati Shivaji Intl. Airport (T2), Mumbai"
2020-04-11,88.0,55.0,2.0,5.0,7.0,2.0,"Chhatrapati Shivaji Intl. Airport (T2), Mumbai"
2020-04-12,88.0,54.0,2.0,6.0,7.0,2.0,"Chhatrapati Shivaji Intl. Airport (T2), Mumbai"
2020-04-13,88.0,57.0,2.0,9.0,7.0,2.0,"Chhatrapati Shivaji Intl. Airport (T2), Mumbai"
2020-04-14,88.0,48.0,2.0,8.0,7.0,2.0,"Chhatrapati Shivaji Intl. Airport (T2), Mumbai"
2020-04-15,88.0,42.0,2.0,4.0,7.0,1.0,"Chhatrapati Shivaji Intl. Airport (T2), Mumbai"
2020-04-16,88.0,35.0,2.0,4.0,7.0,1.0,"Chhatrapati Shivaji Intl. Airport (T2), Mumbai"
2020-04-17,88.0,13.0,3.0,6.0,7.0,1.0,"Chhatrapati Shivaji Intl. Airport (T2), Mumbai"
2020-04-18,88.0,49.0,2.0,6.0,7.0,1.0,"Chhatrapati Shivaji Intl. Airport (T2), Mumbai"
2020-04-19,88.0,58.0,2.0,6.0,7.0,2.0,"Chhatrapati Shivaji Intl. Airport (T2), Mumbai"
2020-04-20,88.0,40.0,2.0,4.0,7.0,2.0,"Chhatrapati Shivaji Intl. Airport (T2), Mumbai"
2020-04-21,88.0,72.0,2.0,4.0,7.0,1.0,"Chhatrapati Shivaji Intl. Airport (T2), Mumbai"
2020-04-22,88.0,39.0,2.0,4.0,7.0,1.0,"Chhatrapati Shivaji Intl. Airport (T2), Mumbai"
2020-04-23,88.0,35.0,2.0,3.0,7.0,1.0,"Chhatrapati Shivaji Intl. Airport (T2), Mumbai"
2020-04-24,88.0,25.0,2.0,5.0,7.0,1.0,"Chhatrapati Shivaji Intl. Airport (T2), Mumbai"
2020-04-25,88.0,30.0,2.0,6.0,7.0,1.0,"Chhatrapati Shivaji Intl. Airport (T2), Mumbai"
2020-04-26,88.0,36.0,2.0,4.0,7.0,1.0,"Chhatrapati Shivaji Intl. Airport (T2), Mumbai"
2020-04-27,88.0,38.0,2.0,7.0,7.0,1.0,"Chhatrapati Shivaji Intl. Airport (T2), Mumbai"
2020-04-28,88.0,38.0,2.0,4.0,7.0,1.0,"Chhatrapati Shivaji Intl. Airport (T2), Mumbai"
2020-04-29,88.0,17.0,2.0,3.0,7.0,1.0,"Chhatrapati Shivaji Intl. Airport (T2), Mumbai"
2020-04-30,88.0,12.0,2.0,5.0,7.0,1.0,"Chhatrapati Shivaji Intl. Airport (T2), Mumbai"
2020-05-01,72.0,12.0,2.0,5.0,7.0,1.0,"Chhatrapati Shivaji Intl. Airport (T2), Mumbai"
2020-05-02,72.0,16.0,2.0,4.0,7.0,1.0,"Chhatrapati Shivaji Intl. Airport (T2), Mumbai"
2020-05-03,72.0,17.0,2.0,4.0,7.0,1.0,"Chhatrapati Shivaji Intl. Airport (T2), Mumbai"
2020-05-04,237.0,24.0,2.0,5.0,7.0,1.0,"Chhatrapati Shivaji Intl. Airport (T2), Mumbai"
2020-05-05,39.0,38.0,3.0,4.0,1.0,1.0,"Chhatrapati Shivaji Intl. Airport (T2), Mumbai"
2020-05-06,37.0,29.0,2.0,2.0,1.0,2.0,"Chhatrapati Shivaji Intl. Airport (T2), Mumbai"
2020-05-07,38.0,30.6,2.0,3.5,1.0,1.9375,"Chhatrapati Shivaji Intl. Airport (T2), Mumbai"
2020-05-11,51.6,37.0,2.0,9.5,1.0,1.6875,"Chhatrapati Shivaji Intl. Airport (T2), Mumbai"
2020-05-12,55.0,15.0,2.0,11.0,7.0,1.625,"Chhatrapati Shivaji Intl. Airport (T2), Mumbai"
2020-05-13,38.0,13.0,2.0,10.0,7.0,3.0,"Chhatrapati Shivaji Intl. Airport (T2), Mumbai"
2020-05-14,39.0,41.0,2.0,11.0,7.0,3.0,"Chhatrapati Shivaji Intl. Airport (T2), Mumbai"
2020-05-15,26.0,77.0,2.0,10.0,7.0,3.0,"Chhatrapati Shivaji Intl. Airport (T2), Mumbai"
2020-05-16,102.0,79.0,2.0,9.0,7.0,3.0,"Chhatrapati Shivaji Intl. Airport (T2), Mumbai"
2020-05-17,45.0,63.0,2.0,11.0,7.0,3.0,"Chhatrapati Shivaji Intl. Airport (T2), Mumbai"
2020-05-18,53.0,47.0,2.0,8.0,7.0,3.0,"Chhatrapati Shivaji Intl. Airport (T2), Mumbai"
2020-05-19,26.0,33.0,3.0,8.0,7.0,3.0,"Chhatrapati Shivaji Intl. Airport (T2), Mumbai"
2020-05-20,65.0,104.0,2.0,9.0,7.0,3.0,"Chhatrapati Shivaji Intl. Airport (T2), Mumbai"
2020-05-21,85.0,175.0,2.0,9.0,7.0,3.0,"Chhatrapati Shivaji Intl. Airport (T2), Mumbai"
2020-05-22,78.0,19.0,2.0,7.0,7.0,1.0,"Chhatrapati Shivaji Intl. Airport (T2), Mumbai"
2020-05-23,39.0,20.0,2.0,6.0,7.0,1.0,"Chhatrapati Shivaji Intl. Airport (T2), Mumbai"
2020-05-24,38.0,50.0,2.0,7.0,7.0,1.0,"Chhatrapati Shivaji Intl. Airport (T2), Mumbai"
2020-05-25,31.0,41.0,2.0,4.0,7.0,1.0,"Chhatrapati Shivaji Intl. Airport (T2), Mumbai"
2020-05-26,27.0,20.0,2.0,4.0,1.0,1.0,"Chhatrapati Shivaji Intl. Airport (T2), Mumbai"
2020-05-27,29.0,25.0,2.0,3.0,1.0,1.0,"Chhatrapati Shivaji Intl. Airport (T2), Mumbai"
2020-05-28,28.0,24.0,2.0,2.0,1.0,1.0,"Chhatrapati Shivaji Intl. Airport (T2), Mumbai"
2020-05-29,57.0,28.0,2.0,3.0,1.0,1.0,"Chhatrapati Shivaji Intl. Airport (T2), Mumbai"
2020-05-30,47.0,8.0,2.0,5.0,1.0,1.0,"Chhatrapati Shivaji Intl. Airport (T2), Mumbai"
2020-05-31,31.0,22.0,3.0,2.0,1.0,1.0,"Chhatrapati Shivaji Intl. Airport (T2), Mumbai"
2020-06-01,68.0,44.0,2.0,14.0,1.0,2.0,"Chhatrapati Shivaji Intl. Airport (T2), Mumbai"
2020-06-02,66.0,116.0,3.0,12.0,1.0,1.0,"Chhatrapati Shivaji Intl. Airport (T2), Mumbai"
2020-06-03,36.0,84.25,2.0,7.0,9.0,1.0,"Chhatrapati Shivaji Intl. Airport (T2), Mumbai"
2020-06-04,78.0,52.5,2.0,8.0,14.0,2.0,"Chhatrapati Shivaji Intl. Airport (T2), Mumbai"
2020-06-05,68.0,190.0,2.0,6.0,17.0,1.8,"Chhatrapati Shivaji Intl. Airport (T2), Mumbai"
2020-06-06,56.0,173.83333333333334,2.0,6.0,18.0,1.6,"Chhatrapati Shivaji Intl. Airport (T2), Mumbai"
2020-06-07,74.0,157.66666666666666,2.0,9.0,17.0,1.4,"Chhatrapati Shivaji Intl. Airport (T2), Mumbai"
2020-06-08,74.0,141.5,2.0,5.0,19.0,2.0,"Chhatrapati Shivaji Intl. Airport (T2), Mumbai"
2020-06-09,61.0,53.0,2.0,4.0,20.0,1.0,"Chhatrapati Shivaji Intl. Airport (T2), Mumbai"
2020-06-10,51.0,53.0,2.0,4.0,21.0,2.0,"Chhatrapati Shivaji Intl. Airport (T2), Mumbai"
2020-06-11,41.0,93.0,1.5,10.0,24.0,3.0,"Chhatrapati Shivaji Intl. Airport (T2), Mumbai"
2020-06-12,61.0,64.0,1.0,11.0,19.0,2.0,"Chhatrapati Shivaji Intl. Airport (T2), Mumbai"
2020-06-13,86.0,14.0,1.0,11.0,4.0,2.0,"Chhatrapati Shivaji Intl. Airport (T2), Mumbai"
2020-06-14,30.0,24.0,1.0,14.0,5.0,3.0,"Chhatrapati Shivaji Intl. Airport (T2), Mumbai"
2020-06-15,45.0,12.0,1.0,13.0,4.0,3.0,"Chhatrapati Shivaji Intl. Airport (T2), Mumbai"
2020-06-16,88.0,20.0,1.0,13.0,4.0,2.0,"Chhatrapati Shivaji Intl. Airport (T2), Mumbai"
2020-06-17,44.0,17.0,1.0,12.0,4.0,2.0,"Chhatrapati Shivaji Intl. Airport (T2), Mumbai"
2020-06-18,31.0,38.0,1.0,11.0,4.0,2.0,"Chhatrapati Shivaji Intl. Airport (T2), Mumbai"
2020-06-19,48.0,26.0,1.0,11.0,4.0,1.0,"Chhatrapati Shivaji Intl. Airport (T2), Mumbai"
2020-06-20,32.0,25.0,1.0,11.0,4.0,1.0,"Chhatrapati Shivaji Intl. Airport (T2), Mumbai"
2020-06-21,26.0,26.0,1.0,11.0,5.0,2.0,"Chhatrapati Shivaji Intl. Airport (T2), Mumbai"
2020-06-22,33.0,43.625,1.0,13.0,4.0,2.0,"Chhatrapati Shivaji Intl. Airport (T2), Mumbai"
2020-06-23,33.0,61.25,1.0,13.0,4.0,2.0,"Chhatrapati Shivaji Intl. Airport (T2), Mumbai"
2020-06-24,37.0,78.875,1.0,11.0,5.0,2.0,"Chhatrapati Shivaji Intl. Airport (T2), Mumbai"
2020-06-25,51.0,53.0,1.0,11.0,5.0,2.0,"Chhatrapati Shivaji Intl. Airport (T2), Mumbai"
2020-06-26,56.0,53.0,1.0,11.0,5.0,2.0,"Chhatrapati Shivaji Intl. Airport (T2), Mumbai"
2020-06-27,48.0,53.0,1.0,10.0,6.0,2.0,"Chhatrapati Shivaji Intl. Airport (T2), Mumbai"
2020-06-28,36.0,53.0,1.0,11.0,6.0,2.0,"Chhatrapati Shivaji Intl. Airport (T2), Mumbai"
2020-06-29,33.0,167.0,1.0,8.0,7.0,1.0,"Chhatrapati Shivaji Intl. Airport (T2), Mumbai"
2020-06-30,26.0,92.0,1.0,2.0,7.0,1.0,"Chhatrapati Shivaji Intl. Airport (T2), Mumbai"
2020-07-01,26.0,17.0,1.0,1.0,7.0,1.0,"Chhatrapati Shivaji Intl. Airport (T2), Mumbai"
2020-07-02,46.0,11.0,1.0,1.0,7.0,2.0,"Chhatrapati Shivaji Intl. Airport (T2), Mumbai"
2020-07-03,27.0,11.0,1.0,1.0,8.0,2.0,"Chhatrapati Shivaji Intl. Airport (T2), Mumbai"
2020-07-04,32.0,23.0,1.0,3.0,7.0,1.0,"Chhatrapati Shivaji Intl. Airport (T2), Mumbai"
2020-07-05,47.0,20.0,1.0,5.0,6.0,1.0,"Chhatrapati Shivaji Intl. Airport (T2), Mumbai"
2020-07-06,51.0,28.6,1.0,4.0,5.0,1.0,"Chhatrapati Shivaji Intl. Airport (T2), Mumbai"
2020-07-07,34.0,37.2,1.0,2.0,6.0,1.0,"Chhatrapati Shivaji Intl. Airport (T2), Mumbai"
2020-07-08,28.0,45.8,1.0,2.0,6.0,1.0,"Chhatrapati Shivaji Intl. Airport (T2), Mumbai"
2020-07-09,30.0,48.0,1.0,2.0,6.0,1.0,"Chhatrapati Shivaji Intl. Airport (T2), Mumbai"
2020-07-10,26.0,48.0,1.0,2.0,6.0,1.0,"Chhatrapati Shivaji Intl. Airport (T2), Mumbai"
2020-07-11,28.0,48.0,1.0,1.0,6.0,2.0,"Chhatrapati Shivaji Intl. Airport (T2), Mumbai"
2020-07-12,33.0,48.0,1.0,1.0,7.0,3.0,"Chhatrapati Shivaji Intl. Airport (T2), Mumbai"
2020-07-13,43.0,48.0,1.0,1.0,7.0,3.0,"Chhatrapati Shivaji Intl. Airport (T2), Mumbai"
2020-07-14,46.0,48.0,1.0,1.0,7.0,2.0,"Chhatrapati Shivaji Intl. Airport (T2), Mumbai"
2020-07-15,29.0,48.0,1.0,1.0,8.0,2.0,"Chhatrapati Shivaji Intl. Airport (T2), Mumbai"
2020-07-16,34.0,48.0,1.0,3.0,7.0,2.0,"Chhatrapati Shivaji Intl. Airport (T2), Mumbai"
2020-07-17,35.0,48.0,1.0,2.0,8.0,1.0,"Chhatrapati Shivaji Intl. Airport (T2), Mumbai"
2020-07-18,33.0,48.0,1.0,1.0,8.0,1.0,"Chhatrapati Shivaji Intl. Airport (T2), Mumbai"
2020-07-19,28.0,48.0,1.0,1.0,10.0,2.0,"Chhatrapati Shivaji Intl. Airport (T2), Mumbai"
2020-07-20,35.0,149.0,1.0,1.0,10.0,2.0,"Chhatrapati Shivaji Intl. Airport (T2), Mumbai"
2020-07-21,83.0,47.0,1.0,1.0,10.0,2.0,"Chhatrapati Shivaji Intl. Airport (T2), Mumbai"
2020-07-22,51.0,41.0,1.0,1.0,9.0,2.0,"Chhatrapati Shivaji Intl. Airport (T2), Mumbai"
2020-07-23,38.0,50.0,1.0,1.0,10.0,4.0,"Chhatrapati Shivaji Intl. Airport (T2), Mumbai"
2020-07-24,60.0,45.0,1.0,2.0,9.0,3.0,"Chhatrapati Shivaji Intl. Airport (T2), Mumbai"
2020-07-25,51.0,30.0,1.0,2.0,8.0,2.0,"Chhatrapati Shivaji Intl. Airport (T2), Mumbai"
2020-07-26,49.0,28.0,1.0,1.6666666666666667,8.0,2.0,"Chhatrapati Shivaji Intl. Airport (T2), Mumbai"
2020-07-27,41.0,35.0,1.0,1.3333333333333335,8.0,4.0,"Chhatrapati Shivaji Intl. Airport (T2), Mumbai"
2020-07-28,65.0,46.0,1.0,1.0,9.0,5.0,"Chhatrapati Shivaji Intl. Airport (T2), Mumbai"
2020-07-29,74.0,35.0,1.0,1.0,9.0,4.0,"Chhatrapati Shivaji Intl. Airport (T2), Mumbai"
2020-07-30,45.0,35.0,1.0,1.0,9.0,4.0,"Chhatrapati Shivaji Intl. Airport (T2), Mumbai"
2020-07-31,43.0,38.0,1.0,2.0,9.0,2.0,"Chhatrapati Shivaji Intl. Airport (T2), Mumbai"
2020-08-01,38.0,35.0,1.0,2.0,8.0,1.0,"Chhatrapati Shivaji Intl. Airport (T2), Mumbai"
2020-08-02,36.0,22.0,1.0,3.0,7.0,1.0,"Chhatrapati Shivaji Intl. Airport (T2), Mumbai"
2020-08-03,30.0,28.0,1.0,3.0,7.0,1.0,"Chhatrapati Shivaji Intl. Airport (T2), Mumbai"
2020-08-04,31.0,33.0,1.0,3.0,7.0,1.0,"Chhatrapati Shivaji Intl. Airport (T2), Mumbai"
2020-08-05,39.0,29.0,1.0,4.0,6.0,1.0,"Chhatrapati Shivaji Intl. Airport (T2), Mumbai"
2020-08-06,39.0,41.0,1.0,3.0,6.0,1.0,"Chhatrapati Shivaji Intl. Airport (T2), Mumbai"
2020-08-07,47.0,49.0,1.0,2.0,6.0,1.0,"Chhatrapati Shivaji Intl. Airport (T2), Mumbai"
2020-08-08,50.0,57.0,1.0,1.0,6.0,1.0,"Chhatrapati Shivaji Intl. Airport (T2), Mumbai"
2020-08-09,57.0,53.0,1.0,1.0,7.0,1.0,"Chhatrapati Shivaji Intl. Airport (T2), Mumbai"
2020-08-10,59.0,50.0,1.0,1.0,7.0,1.0,"Chhatrapati Shivaji Intl. Airport (T2), Mumbai"
2020-08-11,54.0,41.0,1.0,1.0,6.0,1.0,"Chhatrapati Shivaji Intl. Airport (T2), Mumbai"
2020-08-12,41.0,48.0,67.0,1.0,5.0,1.0,"Chhatrapati Shivaji Intl. Airport (T2), Mumbai"
2020-08-13,49.0,105.0,1.0,4.0,7.0,2.083333333333333,"Chhatrapati Shivaji Intl. Airport (T2), Mumbai"
2020-08-14,62.0,59.0,1.0,4.0,1.0,3.1666666666666665,"Chhatrapati Shivaji Intl. Airport (T2), Mumbai"
2020-08-15,139.0,61.0,1.0,2.0,2.0,4.25,"Chhatrapati Shivaji Intl. Airport (T2), Mumbai"
2020-08-16,63.0,56.0,1.0,3.0,2.0,3.0,"Chhatrapati Shivaji Intl. Airport (T2), Mumbai"
2020-08-17,56.0,44.0,1.0,2.0,3.0,3.0,"Chhatrapati Shivaji Intl. Airport (T2), Mumbai"
2020-08-18,51.0,45.0,1.0,2.0,4.0,3.0,"Chhatrapati Shivaji Intl. Airport (T2), Mumbai"
2020-08-19,42.0,77.0,1.0,1.0,4.0,3.0,"Chhatrapati Shivaji Intl. Airport (T2), Mumbai"
2020-08-20,51.0,61.0,1.0,1.0,3.0,3.0,"Chhatrapati Shivaji Intl. Airport (T2), Mumbai"
2020-08-21,50.0,68.0,1.0,1.0,3.0,3.0,"Chhatrapati Shivaji Intl. Airport (T2), Mumbai"
2020-08-22,40.0,41.0,1.0,2.0,2.0,3.0,"Chhatrapati Shivaji Intl. Airport (T2), Mumbai"
2020-08-23,45.0,46.0,1.0,2.0,2.0,3.0,"Chhatrapati Shivaji Intl. Airport (T2), Mumbai"
2020-08-24,48.0,44.0,2.0,1.0,3.0,14.0,"Chhatrapati Shivaji Intl. Airport (T2), Mumbai"
2020-08-25,47.0,203.0,2.0,2.0,10.0,11.833333333333334,"Chhatrapati Shivaji Intl. Airport (T2), Mumbai"
2020-08-26,212.0,45.0,1.0,1.0,5.0,9.666666666666668,"Chhatrapati Shivaji Intl. Airport (T2), Mumbai"
2020-08-27,43.0,31.0,1.0,1.0,5.0,7.5,"Chhatrapati Shivaji Intl. Airport (T2), Mumbai"
2020-08-28,49.0,39.0,1.0,1.0,6.0,3.0,"Chhatrapati Shivaji Intl. Airport (T2), Mumbai"
2020-08-29,56.0,33.0,1.0,1.0,5.0,3.0,"Chhatrapati Shivaji Intl. Airport (T2), Mumbai"
2020-08-30,49.0,36.0,1.0,1.0,4.0,1.0,"Chhatrapati Shivaji Intl. Airport (T2), Mumbai"
2020-08-31,42.0,43.0,1.0,1.0,5.0,1.5,"Chhatrapati Shivaji Intl. Airport (T2), Mumbai"
2020-09-01,59.0,65.0,1.0,3.0,6.0,2.0,"Chhatrapati Shivaji Intl. Airport (T2), Mumbai"
2020-09-02,83.0,75.0,1.0,4.0,5.0,1.5,"Chhatrapati Shivaji Intl. Airport (T2), Mumbai"
2020-09-03,68.0,84.0,1.0,7.0,5.0,1.0,"Chhatrapati Shivaji Intl. Airport (T2), Mumbai"
2020-09-04,104.0,191.0,2.0,9.0,5.0,1.0,"Chhatrapati Shivaji Intl. Airport (T2), Mumbai"
2020-09-05,130.0,53.0,1.0,7.0,6.0,2.0,"Chhatrapati Shivaji Intl. Airport (T2), Mumbai"
2020-09-06,67.0,87.0,1.0,7.0,5.0,1.0,"Chhatrapati Shivaji Intl. Airport (T2), Mumbai"
2020-09-07,67.0,67.0,1.0,4.0,5.0,1.0,"Chhatrapati Shivaji Intl. Airport (T2), Mumbai"
2020-09-08,77.0,163.0,1.0,5.0,5.0,1.0,"Chhatrapati Shivaji Intl. Airport (T2), Mumbai"
2020-09-09,166.0,63.0,1.0,5.0,5.0,1.0,"Chhatrapati Shivaji Intl. Airport (T2), Mumbai"
2020-09-10,81.0,133.0,1.0,7.0,6.0,5.0,"Chhatrapati Shivaji Intl. Airport (T2), Mumbai"
2020-09-11,99.0,109.0,1.0,5.0,5.0,5.0,"Chhatrapati Shivaji Intl. Airport (T2), Mumbai"
2020-09-12,65.0,41.0,1.0,3.0,4.0,5.0,"Chhatrapati Shivaji Intl. Airport (T2), Mumbai"
2020-09-13,57.0,52.0,1.0,2.0,5.0,5.0,"Chhatrapati Shivaji Intl. Airport (T2), Mumbai"
2020-09-14,71.0,53.0,1.0,3.0,6.0,1.0,"Chhatrapati Shivaji Intl. Airport (T2), Mumbai"
2020-09-15,79.0,53.5,1.0,4.0,5.5,3.0,"Chhatrapati Shivaji Intl. Airport (T2), Mumbai"
2020-09-16,71.5,54.0,1.0,5.0,5.0,5.0,"Chhatrapati Shivaji Intl. Airport (T2), Mumbai"
2020-09-17,64.0,61.0,1.0,3.5,6.0,6.0,"Chhatrapati Shivaji Intl. Airport (T2), Mumbai"
2020-09-18,83.0,231.0,1.0,2.0,7.0,8.0,"Chhatrapati Shivaji Intl. Airport (T2), Mumbai"
2020-09-19,101.0,56.0,1.0,5.0,6.0,8.0,"Chhatrapati Shivaji Intl. Airport (T2), Mumbai"
2020-09-20,85.0,109.0,1.0,3.0,7.0,8.0,"Chhatrapati Shivaji Intl. Airport (T2), Mumbai"
2020-09-21,101.0,95.0,1.0,2.0,7.0,8.0,"Chhatrapati Shivaji Intl. Airport (T2), Mumbai"
2020-09-22,109.0,183.0,1.0,5.0,6.0,4.0,"Chhatrapati Shivaji Intl. Airport (T2), Mumbai"
2020-09-23,161.0,103.0,1.0,3.0,6.0,6.0,"Chhatrapati Shivaji Intl. Airport (T2), Mumbai"
2020-09-24,146.66666666666666,90.0,1.0,1.0,7.0,7.0,"Chhatrapati Shivaji Intl. Airport (T2), Mumbai"
2020-09-25,132.33333333333334,104.0,1.0,4.0,6.0,5.0,"Chhatrapati Shivaji Intl. Airport (T2), Mumbai"
2020-09-26,118.0,70.0,1.0,2.0,6.0,6.0,"Chhatrapati Shivaji Intl. Airport (T2), Mumbai"
2020-09-27,45.0,77.0,1.0,3.0,6.0,7.0,"Chhatrapati Shivaji Intl. Airport (T2), Mumbai"
2020-09-28,71.0,91.0,1.0,5.0,7.0,8.0,"Chhatrapati Shivaji Intl. Airport (T2), Mumbai"
2020-09-29,74.0,90.0,1.0,4.0,7.0,7.0,"Chhatrapati Shivaji Intl. Airport (T2), Mumbai"
2020-09-30,77.0,89.0,1.0,4.0,6.0,6.0,"Chhatrapati Shivaji Intl. Airport (T2), Mumbai"
2020-10-01,91.0,122.0,1.0,6.0,6.0,7.0,"Chhatrapati Shivaji Intl. Airport (T2), Mumbai"
2020-10-02,113.0,84.0,1.0,7.0,6.0,6.0,"Chhatrapati Shivaji Intl. Airport (T2), Mumbai"
2020-10-03,98.0,50.0,1.0,6.0,6.0,6.0,"Chhatrapati Shivaji Intl. Airport (T2), Mumbai"
2020-10-04,73.0,52.0,1.0,4.0,7.0,7.0,"Chhatrapati Shivaji Intl. Airport (T2), Mumbai"
2020-10-05,67.0,86.0,1.0,5.0,7.0,9.0,"Chhatrapati Shivaji Intl. Airport (T2), Mumbai"
2020-10-06,74.0,116.0,1.0,9.0,7.0,9.0,"Chhatrapati Shivaji Intl. Airport (T2), Mumbai"
2020-10-07,126.0,156.0,1.0,9.0,6.0,9.0,"Chhatrapati Shivaji Intl. Airport (T2), Mumbai"
2020-10-08,202.0,150.0,2.0,11.0,6.0,10.0,"Chhatrapati Shivaji Intl. Airport (T2), Mumbai"
2020-10-09,160.0,122.0,1.0,6.0,7.0,12.0,"Chhatrapati Shivaji Intl. Airport (T2), Mumbai"
2020-10-10,172.0,97.0,1.3333333333333333,7.333333333333333,9.666666666666666,11.0,"Chhatrapati Shivaji Intl. Airport (T2), Mumbai"
2020-10-12,155.8,47.0,2.0,10.0,15.0,9.0,"Chhatrapati Shivaji Intl. Airport (T2), Mumbai"
2020-10-13,147.7,74.0,2.0,6.0,16.0,11.0,"Chhatrapati Shivaji Intl. Airport (T2), Mumbai"
2020-10-14,139.6,49.0,1.0,7.0,15.0,10.0,"Chhatrapati Shivaji Intl. Airport (T2), Mumbai"
2020-10-15,91.0,56.0,1.0,4.0,15.0,10.0,"Chhatrapati Shivaji Intl. Airport (T2), Mumbai"
2020-10-16,91.0,64.0,1.0,7.0,14.0,6.0,"Chhatrapati Shivaji Intl. Airport (T2), Mumbai"
2020-10-17,91.0,68.0,1.0,1.0,15.0,7.0,"Chhatrapati Shivaji Intl. Airport (T2), Mumbai"
2020-10-18,91.0,69.0,1.0,1.0,15.0,7.0,"Chhatrapati Shivaji Intl. Airport (T2), Mumbai"
2020-10-19,91.0,82.0,1.0,11.0,14.0,9.0,"Chhatrapati Shivaji Intl. Airport (T2), Mumbai"
2020-10-20,91.0,76.0,22.0,8.0,14.0,9.0,"Chhatrapati Shivaji Intl. Airport (T2), Mumbai"
2020-10-21,91.0,85.5,12.5,9.0,14.0,10.5,"Chhatrapati Shivaji Intl. Airport (T2), Mumbai"
2020-10-22,88.66666666666667,95.0,3.0,10.0,14.0,12.0,"Chhatrapati Shivaji Intl. Airport (T2), Mumbai"
2020-10-23,86.33333333333333,110.0,32.0,4.0,15.0,14.0,"Chhatrapati Shivaji Intl. Airport (T2), Mumbai"
2020-10-24,84.0,110.0,36.0,10.0,14.0,12.5,"Chhatrapati Shivaji Intl. Airport (T2), Mumbai"
2020-10-25,91.0,110.0,40.0,16.0,13.0,11.0,"Chhatrapati Shivaji Intl. Airport (T2), Mumbai"
2020-10-26,91.0,105.0,42.0,10.0,14.0,12.0,"Chhatrapati Shivaji Intl. Airport (T2), Mumbai"
2020-10-27,91.0,111.0,75.0,14.0,15.0,14.0,"Chhatrapati Shivaji Intl. Airport (T2), Mumbai"
2020-10-28,91.0,102.0,65.0,14.0,14.0,13.0,"Chhatrapati Shivaji Intl. Airport (T2), Mumbai"
2020-10-29,91.0,100.0,55.0,17.0,14.0,12.0,"Chhatrapati Shivaji Intl. Airport (T2), Mumbai"
2020-10-30,70.0,100.0,40.0,15.0,14.0,13.0,"Chhatrapati Shivaji Intl. Airport (T2), Mumbai"
2020-10-31,62.0,88.0,38.0,15.0,14.0,13.0,"Chhatrapati Shivaji Intl. Airport (T2), Mumbai"
2020-11-01,60.0,114.0,52.0,29.0,14.0,16.0,"Chhatrapati Shivaji Intl. Airport (T2), Mumbai"
2020-11-02,75.0,122.0,61.0,22.0,14.0,14.0,"Chhatrapati Shivaji Intl. Airport (T2), Mumbai"
2020-11-03,125.0,122.0,47.0,18.0,15.0,16.0,"Chhatrapati Shivaji Intl. Airport (T2), Mumbai"
2020-11-04,143.0,100.0,74.0,15.0,15.0,13.0,"Chhatrapati Shivaji Intl. Airport (T2), Mumbai"
2020-11-05,128.0,96.0,64.0,16.0,13.0,11.0,"Chhatrapati Shivaji Intl. Airport (T2), Mumbai"
2020-11-06,115.0,112.0,62.0,18.0,13.0,14.0,"Chhatrapati Shivaji Intl. Airport (T2), Mumbai"
2020-11-07,131.0,100.0,63.5,16.0,13.0,13.0,"Chhatrapati Shivaji Intl. Airport (T2), Mumbai"
2020-11-08,120.0,98.0,65.0,16.0,14.0,13.0,"Chhatrapati Shivaji Intl. Airport (T2), Mumbai"
2020-11-09,127.0,135.0,65.0,20.0,13.0,12.0,"Chhatrapati Shivaji Intl. Airport (T2), Mumbai"
2020-11-10,164.0,116.0,43.0,23.0,11.0,13.0,"Chhatrapati Shivaji Intl. Airport (T2), Mumbai"
2020-11-11,140.0,139.0,75.0,24.0,9.0,13.0,"Chhatrapati Shivaji Intl. Airport (T2), Mumbai"
2020-11-12,165.0,113.0,49.0,15.0,10.0,17.0,"Chhatrapati Shivaji Intl. Airport (T2), Mumbai"
2020-11-13,233.0,119.0,40.0,15.0,10.0,13.0,"Chhatrapati Shivaji Intl. Airport (T2), Mumbai"
2020-11-14,129.0,86.0,50.0,15.0,10.0,12.0,"Chhatrapati Shivaji Intl. Airport (T2), Mumbai"
2020-11-15,108.0,152.0,53.0,18.0,10.0,13.0,"Chhatrapati Shivaji Intl. Airport (T2), Mumbai"
2020-11-16,142.0,194.0,42.0,15.0,6.0,12.0,"Chhatrapati Shivaji Intl. Airport (T2), Mumbai"
2020-11-17,209.0,164.0,52.0,18.0,7.0,12.0,"Chhatrapati Shivaji Intl. Airport (T2), Mumbai"
2020-11-18,159.0,103.0,47.0,18.0,7.0,12.0,"Chhatrapati Shivaji Intl. Airport (T2), Mumbai"
2020-11-19,155.0,136.0,41.0,19.0,7.0,13.0,"Chhatrapati Shivaji Intl. Airport (T2), Mumbai"
2020-11-20,152.0,143.0,43.0,11.0,7.0,14.0,"Chhatrapati Shivaji Intl. Airport (T2), Mumbai"
2020-11-21,164.0,113.0,70.0,26.0,6.0,12.0,"Chhatrapati Shivaji Intl. Airport (T2), Mumbai"
2020-11-22,140.0,88.0,23.0,16.0,7.0,12.0,"Chhatrapati Shivaji Intl. Airport (T2), Mumbai"
2020-11-23,98.0,138.0,45.0,19.0,7.0,12.0,"Chhatrapati Shivaji Intl. Airport (T2), Mumbai"
2020-11-24,161.0,138.0,66.0,23.0,8.0,16.0,"Chhatrapati Shivaji Intl. Airport (T2), Mumbai"
2020-11-25,155.0,130.0,65.0,23.0,8.0,15.0,"Chhatrapati Shivaji Intl. Airport (T2), Mumbai"
2020-11-26,150.0,93.0,49.0,17.0,5.0,9.0,"Chhatrapati Shivaji Intl. Airport (T2), Mumbai"
2020-11-27,136.0,131.0,48.0,16.0,5.0,9.0,"Chhatrapati Shivaji Intl. Airport (T2), Mumbai"
2020-11-28,196.0,80.0,33.0,11.0,9.0,11.0,"Chhatrapati Shivaji Intl. Airport (T2), Mumbai"
2020-11-29,105.0,88.0,48.0,20.0,9.0,12.0,"Chhatrapati Shivaji Intl. Airport (T2), Mumbai"
2020-11-30,115.0,93.0,72.0,15.0,9.0,12.0,"Chhatrapati Shivaji Intl. Airport (T2), Mumbai"
2020-12-01,114.0,113.0,58.0,24.0,8.0,12.0,"Chhatrapati Shivaji Intl. Airport (T2), Mumbai"
2020-12-02,135.0,111.0,75.0,20.0,8.0,12.0,"Chhatrapati Shivaji Intl. Airport (T2), Mumbai"
2020-12-03,130.0,157.0,61.0,11.0,9.0,10.0,"Chhatrapati Shivaji Intl. Airport (T2), Mumbai"
2020-12-04,167.0,124.0,60.0,9.0,26.0,8.0,"Chhatrapati Shivaji Intl. Airport (T2), Mumbai"
2020-12-05,141.0,101.0,59.0,17.0,9.0,11.0,"Chhatrapati Shivaji Intl. Airport (T2), Mumbai"
2020-12-06,108.0,116.0,59.0,18.0,8.0,11.0,"Chhatrapati Shivaji Intl. Airport (T2), Mumbai"
2020-12-07,126.0,121.0,53.0,12.0,7.0,11.0,"Chhatrapati Shivaji Intl. Airport (T2), Mumbai"
2020-12-08,130.0,114.0,38.0,17.0,4.0,12.0,"Chhatrapati Shivaji Intl. Airport (T2), Mumbai"
2020-12-09,126.0,114.0,38.0,17.0,5.0,12.0,"Chhatrapati Shivaji Intl. Airport (T2), Mumbai"
2020-12-10,137.0,113.0,24.0,12.0,4.0,10.0,"Chhatrapati Shivaji Intl. Airport (T2), Mumbai"
2020-12-11,137.0,103.0,18.0,10.0,4.0,11.0,"Chhatrapati Shivaji Intl. Airport (T2), Mumbai"
2020-12-12,124.0,84.0,21.0,7.0,4.0,8.0,"Chhatrapati Shivaji Intl. Airport (T2), Mumbai"
2020-12-13,104.0,73.0,11.0,7.0,3.0,7.0,"Chhatrapati Shivaji Intl. Airport (T2), Mumbai"
2020-12-14,89.0,116.0,25.0,13.0,4.0,11.0,"Chhatrapati Shivaji Intl. Airport (T2), Mumbai"
2020-12-15,142.0,132.0,24.0,15.0,4.0,12.0,"Chhatrapati Shivaji Intl. Airport (T2), Mumbai"
2020-12-16,157.0,139.0,27.0,15.0,4.0,14.0,"Chhatrapati Shivaji Intl. Airport (T2), Mumbai"
2020-12-17,158.0,129.0,33.0,17.0,3.0,13.0,"Chhatrapati Shivaji Intl. Airport (T2), Mumbai"
2020-12-18,150.0,113.0,45.0,14.0,2.0,10.0,"Chhatrapati Shivaji Intl. Airport (T2), Mumbai"
2020-12-19,135.0,104.0,49.0,12.0,3.0,8.0,"Chhatrapati Shivaji Intl. Airport (T2), Mumbai"
2020-12-20,129.0,108.0,51.0,15.0,2.0,9.0,"Chhatrapati Shivaji Intl. Airport (T2), Mumbai"
2020-12-21,122.0,121.0,49.0,15.0,5.0,11.0,"Chhatrapati Shivaji Intl. Airport (T2), Mumbai"
2020-12-22,127.0,128.0,40.0,17.0,4.0,14.0,"Chhatrapati Shivaji Intl. Airport (T2), Mumbai"
2020-12-23,141.0,141.0,56.0,18.0,4.0,13.0,"Chhatrapati Shivaji Intl. Airport (T2), Mumbai"
2020-12-24,145.0,151.0,53.0,19.0,6.0,15.0,"Chhatrapati Shivaji Intl. Airport (T2), Mumbai"
2020-12-25,151.0,146.0,41.0,23.0,4.0,15.0,"Chhatrapati Shivaji Intl. Airport (T2), Mumbai"
2020-12-26,154.0,139.0,46.0,22.0,5.0,12.0,"Chhatrapati Shivaji Intl. Airport (T2), Mumbai"
2020-12-27,158.0,126.0,38.0,18.0,3.0,9.0,"Chhatrapati Shivaji Intl. Airport (T2), Mumbai"
2020-12-28,132.0,156.0,32.0,21.0,4.0,11.0,"Chhatrapati Shivaji Intl. Airport (T2), Mumbai"
2020-12-29,156.0,174.0,25.0,18.0,4.0,15.0,"Chhatrapati Shivaji Intl. Airport (T2), Mumbai"
2020-12-30,164.0,161.0,41.0,20.0,4.0,14.0,"Chhatrapati Shivaji Intl. Airport (T2), Mumbai"
2020-12-31,159.0,148.0,40.0,20.0,5.0,14.0,"Chhatrapati Shivaji Intl. Airport (T2), Mumbai"
2021-01-01,161.0,170.0,32.0,16.0,4.0,13.0,"Chhatrapati Shivaji Intl. Airport (T2), Mumbai"
2021-01-02,170.0,152.0,44.0,18.0,2.0,12.0,"Chhatrapati Shivaji Intl. Airport (T2), Mumbai"
2021-01-03,164.0,149.0,40.0,21.0,4.0,12.0,"Chhatrapati Shivaji Intl. Airport (T2), Mumbai"
2021-01-04,162.0,213.0,43.5,21.0,3.0,10.0,"Chhatrapati Shivaji Intl. Airport (T2), Mumbai"
2021-01-05,217.0,175.0,47.0,26.0,2.0,15.0,"Chhatrapati Shivaji Intl. Airport (T2), Mumbai"
2021-01-06,172.0,167.0,29.0,26.0,15.0,15.0,"Chhatrapati Shivaji Intl. Airport (T2), Mumbai"
2021-01-07,196.0,160.0,14.0,11.0,11.0,17.0,"Chhatrapati Shivaji Intl. Airport (T2), Mumbai"
2021-01-08,251.0,192.0,22.0,11.0,8.0,15.0,"Chhatrapati Shivaji Intl. Airport (T2), Mumbai"
2021-01-09,218.0,146.0,32.0,11.0,8.0,15.0,"Chhatrapati Shivaji Intl. Airport (T2), Mumbai"
2021-01-10,157.0,133.0,40.0,12.0,10.0,15.0,"Chhatrapati Shivaji Intl. Airport (T2), Mumbai"
2021-01-11,150.0,132.0,44.0,16.0,10.0,13.0,"Chhatrapati Shivaji Intl. Airport (T2), Mumbai"
2021-01-12,144.0,138.0,35.0,14.0,8.0,13.0,"Chhatrapati Shivaji Intl. Airport (T2), Mumbai"
2021-01-13,136.0,130.0,50.0,21.0,6.0,11.0,"Chhatrapati Shivaji Intl. Airport (T2), Mumbai"
2021-01-14,145.0,109.0,36.0,17.0,6.0,9.0,"Chhatrapati Shivaji Intl. Airport (T2), Mumbai"
2021-01-15,120.0,123.0,44.0,20.0,6.0,10.0,"Chhatrapati Shivaji Intl. Airport (T2), Mumbai"
2021-01-16,131.0,129.0,47.0,18.0,6.0,11.0,"Chhatrapati Shivaji Intl. Airport (T2), Mumbai"
2021-01-17,145.0,94.0,30.0,17.0,6.0,10.0,"Chhatrapati Shivaji Intl. Airport (T2), Mumbai"
2021-01-18,99.0,141.0,37.0,18.0,8.0,14.0,"Chhatrapati Shivaji Intl. Airport (T2), Mumbai"
2021-01-19,151.0,140.0,30.0,19.0,7.0,13.0,"Chhatrapati Shivaji Intl. Airport (T2), Mumbai"
2021-01-20,138.0,137.0,51.0,24.0,8.0,12.0,"Chhatrapati Shivaji Intl. Airport (T2), Mumbai"
2021-01-21,150.0,162.0,47.0,24.0,7.0,13.0,"Chhatrapati Shivaji Intl. Airport (T2), Mumbai"
2021-01-22,165.0,181.0,47.0,29.0,8.0,17.0,"Chhatrapati Shivaji Intl. Airport (T2), Mumbai"
2021-01-23,168.0,130.0,57.0,28.0,8.0,16.0,"Chhatrapati Shivaji Intl. Airport (T2), Mumbai"
2021-01-24,142.0,169.0,41.0,37.0,4.0,10.0,"Chhatrapati Shivaji Intl. Airport (T2), Mumbai"
2021-01-25,160.0,153.0,62.0,34.0,3.0,10.0,"Chhatrapati Shivaji Intl. Airport (T2), Mumbai"
2021-01-26,159.0,152.0,44.0,36.0,4.0,15.0,"Chhatrapati Shivaji Intl. Airport (T2), Mumbai"
2021-01-27,157.0,165.0,47.0,24.0,4.0,16.0,"Chhatrapati Shivaji Intl. Airport (T2), Mumbai"
2021-01-28,162.0,230.0,43.0,25.0,6.0,16.0,"Chhatrapati Shivaji Intl. Airport (T2), Mumbai"
2021-01-29,163.0,152.0,34.0,25.0,7.0,18.0,"Chhatrapati Shivaji Intl. Airport (T2), Mumbai"
2021-01-30,147.0,136.0,36.0,22.0,7.0,15.0,"Chhatrapati Shivaji Intl. Airport (T2), Mumbai"
2021-01-31,140.0,132.0,39.0,19.0,7.0,14.0,"Chhatrapati Shivaji Intl. Airport (T2), Mumbai"
2021-02-01,144.0,123.0,39.0,17.0,8.0,13.0,"Chhatrapati Shivaji Intl. Airport (T2), Mumbai"
2021-02-02,130.0,133.0,39.0,16.0,12.0,13.0,"Chhatrapati Shivaji Intl. Airport (T2), Mumbai"
2021-02-03,129.0,130.0,45.0,19.0,9.0,13.0,"Chhatrapati Shivaji Intl. Airport (T2), Mumbai"
2021-02-04,145.0,116.0,40.0,19.0,7.0,10.0,"Chhatrapati Shivaji Intl. Airport (T2), Mumbai"
2021-02-05,122.0,196.0,43.0,21.0,8.0,9.0,"Chhatrapati Shivaji Intl. Airport (T2), Mumbai"
2021-02-06,171.0,94.0,47.0,19.0,6.0,6.0,"Chhatrapati Shivaji Intl. Airport (T2), Mumbai"
2021-02-07,96.0,104.0,54.0,21.0,8.0,8.0,"Chhatrapati Shivaji Intl. Airport (T2), Mumbai"
2021-02-08,108.0,141.0,32.0,30.0,12.0,16.0,"Chhatrapati Shivaji Intl. Airport (T2), Mumbai"
2021-02-09,133.0,158.0,2.0,18.0,11.0,16.0,"Chhatrapati Shivaji Intl. Airport (T2), Mumbai"
2021-02-10,153.0,164.0,24.000000000000004,26.0,10.0,15.0,"Chhatrapati Shivaji Intl. Airport (T2), Mumbai"
2021-02-11,154.0,176.0,46.0,14.0,9.0,19.0,"Chhatrapati Shivaji Intl. Airport (T2), Mumbai"
2021-02-12,158.0,115.0,27.0,23.0,26.0,11.0,"Chhatrapati Shivaji Intl. Airport (T2), Mumbai"
2021-02-13,184.0,105.0,28.0,20.0,2.0,8.0,"Chhatrapati Shivaji Intl. Airport (T2), Mumbai"
2021-02-14,158.66666666666666,89.0,24.0,17.0,3.0,7.0,"Chhatrapati Shivaji Intl. Airport (T2), Mumbai"
2021-02-15,133.33333333333331,79.0,17.0,11.0,2.0,6.0,"Chhatrapati Shivaji Intl. Airport (T2), Mumbai"
2021-02-16,108.0,92.0,23.0,15.0,3.0,6.0,"Chhatrapati Shivaji Intl. Airport (T2), Mumbai"
2021-02-17,97.0,147.0,47.0,17.0,5.0,11.0,"Chhatrapati Shivaji Intl. Airport (T2), Mumbai"
2021-02-18,147.0,86.0,38.0,19.0,4.0,6.0,"Chhatrapati Shivaji Intl. Airport (T2), Mumbai"
2021-02-19,95.0,103.0,31.0,17.0,7.0,8.0,"Chhatrapati Shivaji Intl. Airport (T2), Mumbai"
2021-02-20,113.0,86.0,38.0,19.0,4.0,6.0,"Chhatrapati Shivaji Intl. Airport (T2), Mumbai"
2021-02-21,100.0,101.0,46.0,17.0,5.0,9.0,"Chhatrapati Shivaji Intl. Airport (T2), Mumbai"
2021-02-22,69.0,130.0,61.0,15.0,6.0,12.0,"Chhatrapati Shivaji Intl. Airport (T2), Mumbai"
2021-02-23,130.0,157.0,48.0,16.0,10.0,18.0,"Chhatrapati Shivaji Intl. Airport (T2), Mumbai"
2021-02-24,146.0,132.0,30.0,8.0,8.0,14.0,"Chhatrapati Shivaji Intl. Airport (T2), Mumbai"
2021-02-25,137.0,96.0,25.0,16.0,7.0,9.0,"Chhatrapati Shivaji Intl. Airport (T2), Mumbai"
2021-02-26,103.0,89.0,23.0,16.0,4.0,7.0,"Chhatrapati Shivaji Intl. Airport (T2), Mumbai"
2021-02-27,93.0,99.0,38.0,20.0,4.0,8.0,"Chhatrapati Shivaji Intl. Airport (T2), Mumbai"
2021-02-28,115.0,118.0,32.0,22.0,7.0,11.0,"Chhatrapati Shivaji Intl. Airport (T2), Mumbai"
2021-03-01,135.0,131.0,34.0,17.0,9.0,13.0,"Chhatrapati Shivaji Intl. Airport (T2), Mumbai"
2021-03-02,138.0,125.0,55.0,28.0,10.0,11.0,"Chhatrapati Shivaji Intl. Airport (T2), Mumbai"
2021-03-03,142.0,139.0,43.0,21.0,10.0,12.0,"Chhatrapati Shivaji Intl. Airport (T2), Mumbai"
2021-03-04,116.0,156.0,35.0,18.0,10.0,18.0,"Chhatrapati Shivaji Intl. Airport (T2), Mumbai"
2021-03-05,130.0,93.0,27.0,12.0,6.0,7.0,"Chhatrapati Shivaji Intl. Airport (T2), Mumbai"
2021-03-06,136.0,100.0,25.0,7.0,6.0,9.0,"Chhatrapati Shivaji Intl. Airport (T2), Mumbai"
2021-03-07,116.0,160.0,16.0,12.0,7.0,9.0,"Chhatrapati Shivaji Intl. Airport (T2), Mumbai"
2021-03-08,149.0,118.0,33.0,13.0,7.0,8.0,"Chhatrapati Shivaji Intl. Airport (T2), Mumbai"
2021-03-09,122.0,123.0,23.0,13.0,8.0,12.0,"Chhatrapati Shivaji Intl. Airport (T2), Mumbai"
2021-03-10,122.0,95.0,13.0,7.0,7.0,6.0,"Chhatrapati Shivaji Intl. Airport (T2), Mumbai"
2021-03-11,101.0,94.0,21.0,9.0,7.0,6.0,"Chhatrapati Shivaji Intl. Airport (T2), Mumbai"
2021-03-12,89.0,123.0,53.0,15.0,7.0,8.0,"Chhatrapati Shivaji Intl. Airport (T2), Mumbai"
2021-03-13,122.0,129.0,48.0,19.0,6.0,9.0,"Chhatrapati Shivaji Intl. Airport (T2), Mumbai"
2021-03-14,141.0,137.0,52.0,18.0,26.0,12.0,"Chhatrapati Shivaji Intl. Airport (T2), Mumbai"
2021-03-15,143.0,137.0,31.0,17.0,2.0,12.0,"Chhatrapati Shivaji Intl. Airport (T2), Mumbai"
2021-03-16,128.0,144.0,35.0,10.0,2.0,10.0,"Chhatrapati Shivaji Intl. Airport (T2), Mumbai"
2021-03-17,139.0,119.0,24.0,8.0,2.0,10.0,"Chhatrapati Shivaji Intl. Airport (T2), Mumbai"
2021-03-18,119.0,150.0,30.0,8.0,2.0,7.0,"Chhatrapati Shivaji Intl. Airport (T2), Mumbai"
2021-03-19,165.0,129.0,11.0,5.0,1.0,4.0,"Chhatrapati Shivaji Intl. Airport (T2), Mumbai"
2021-03-20,142.0,115.0,23.0,6.0,1.0,5.0,"Chhatrapati Shivaji Intl. Airport (T2), Mumbai"
2021-03-21,139.0,109.0,21.0,8.0,3.0,7.0,"Chhatrapati Shivaji Intl. Airport (T2), Mumbai"
2021-03-22,116.0,116.0,34.0,17.0,4.0,8.0,"Chhatrapati Shivaji Intl. Airport (T2), Mumbai"
2021-03-23,122.0,134.0,42.0,20.0,4.0,12.0,"Chhatrapati Shivaji Intl. Airport (T2), Mumbai"
2021-03-24,148.0,136.0,26.0,19.0,4.0,10.0,"Chhatrapati Shivaji Intl. Airport (T2), Mumbai"
2021-03-25,135.0,157.0,38.0,19.0,7.0,14.0,"Chhatrapati Shivaji Intl. Airport (T2), Mumbai"
2021-03-26,147.0,142.0,46.0,21.0,8.0,16.0,"Chhatrapati Shivaji Intl. Airport (T2), Mumbai"
2021-03-27,144.0,126.0,20.0,13.0,6.0,13.0,"Chhatrapati Shivaji Intl. Airport (T2), Mumbai"
2021-03-28,136.0,83.0,17.0,8.0,4.0,5.0,"Chhatrapati Shivaji Intl. Airport (T2), Mumbai"
2021-03-29,96.0,85.0,10.0,3.0,5.0,3.0,"Chhatrapati Shivaji Intl. Airport (T2), Mumbai"
2021-03-30,65.0,36.0,8.0,3.0,6.0,4.0,"Chhatrapati Shivaji Intl. Airport (T2), Mumbai"
2021-03-31,75.0,86.0,9.0,2.0,5.0,3.0,"Chhatrapati Shivaji Intl. Airport (T2), Mumbai"
2021-04-01,113.0,105.0,13.0,2.0,6.0,2.0,"Chhatrapati Shivaji Intl. Airport (T2), Mumbai"
2021-04-02,110.0,86.0,9.0,4.0,3.0,1.0,"Chhatrapati Shivaji Intl. Airport (T2), Mumbai"
2021-04-03,67.0,73.0,10.0,6.0,1.0,1.0,"Chhatrapati Shivaji Intl. Airport (T2), Mumbai"
2021-04-04,92.0,56.0,8.0,4.0,2.0,3.0,"Chhatrapati Shivaji Intl. Airport (T2), Mumbai"
2021-04-05,82.0,90.0,16.0,12.0,3.0,6.0,"Chhatrapati Shivaji Intl. Airport (T2), Mumbai"
2021-04-06,101.0,80.0,13.0,6.0,3.0,5.0,"Chhatrapati Shivaji Intl. Airport (T2), Mumbai"
2021-04-07,88.0,65.0,10.0,4.0,3.0,3.0,"Chhatrapati Shivaji Intl. Airport (T2), Mumbai"
2021-04-08,54.0,69.0,12.0,5.0,3.0,3.0,"Chhatrapati Shivaji Intl. Airport (T2), Mumbai"
2021-04-09,93.0,85.0,16.0,4.0,5.0,3.0,"Chhatrapati Shivaji Intl. Airport (T2), Mumbai"
2021-04-10,79.0,74.0,24.0,4.0,5.0,4.0,"Chhatrapati Shivaji Intl. Airport (T2), Mumbai"
2021-04-11,41.0,123.0,29.0,6.0,4.0,4.0,"Chhatrapati Shivaji Intl. Airport (T2), Mumbai"
2021-04-12,108.0,67.0,17.0,6.0,16.0,5.0,"Chhatrapati Shivaji Intl. Airport (T2), Mumbai"
2021-04-13,98.0,41.0,32.0,6.0,1.0,3.0,"Chhatrapati Shivaji Intl. Airport (T2), Mumbai"
2021-04-14,114.0,45.0,25.0,9.0,1.0714285714285714,2.0,"Chhatrapati Shivaji Intl. Airport (T2), Mumbai"
2021-04-15,83.0,64.0,12.0,8.0,1.1428571428571428,2.0,"Chhatrapati Shivaji Intl. Airport (T2), Mumbai"
2021-04-16,75.0,61.0,11.0,7.0,1.2142857142857142,2.0,"Chhatrapati Shivaji Intl. Airport (T2), Mumbai"
2021-04-17,77.0,60.0,15.0,9.0,7.0,3.0,"Chhatrapati Shivaji Intl. Airport (T2), Mumbai"
2021-04-18,89.0,37.0,12.0,8.0,7.0,2.0,"Chhatrapati Shivaji Intl. Airport (T2), Mumbai"
2021-04-19,79.0,28.0,7.0,5.0,7.0,1.0,"Chhatrapati Shivaji Intl. Airport (T2), Mumbai"
2021-04-20,65.0,44.0,8.0,5.0,7.0,2.0,"Chhatrapati Shivaji Intl. Airport (T2), Mumbai"
2021-04-21,71.0,61.0,11.0,8.0,7.0,2.0,"Chhatrapati Shivaji Intl. Airport (T2), Mumbai"
2021-04-22,82.0,59.0,9.0,10.0,7.0,2.0,"Chhatrapati Shivaji Intl. Airport (T2), Mumbai"
2021-04-23,72.0,42.0,15.0,7.0,7.0,2.0,"Chhatrapati Shivaji Intl. Airport (T2), Mumbai"
2021-04-24,77.0,37.0,14.0,7.0,7.0,2.0,"Chhatrapati Shivaji Intl. Airport (T2), Mumbai"
2021-04-25,83.0,105.0,21.0,10.0,7.0,2.0,"Chhatrapati Shivaji Intl. Airport (T2), Mumbai"
2021-04-26,139.0,117.0,19.0,9.0,7.0,1.0,"Chhatrapati Shivaji Intl. Airport (T2), Mumbai"
2021-04-27,139.0,62.0,10.0,8.0,7.0,2.0,"Chhatrapati Shivaji Intl. Airport (T2), Mumbai"
2021-04-28,98.0,17.0,8.0,6.0,7.0,2.0,"Chhatrapati Shivaji Intl. Airport (T2), Mumbai"
2021-04-29,73.0,29.0,9.0,6.0,7.0,2.0,"Chhatrapati Shivaji Intl. Airport (T2), Mumbai"
2021-04-30,76.0,46.0,9.0,8.0,7.0,2.0,"Chhatrapati Shivaji Intl. Airport (T2), Mumbai"
2021-05-01,72.0,57.0,11.0,7.0,7.0,1.0,"Chhatrapati Shivaji Intl. Airport (T2), Mumbai"
2021-05-02,78.0,63.0,26.0,10.0,7.0,3.0,"Chhatrapati Shivaji Intl. Airport (T2), Mumbai"
2021-05-03,90.0,44.0,14.0,10.0,7.0,1.0,"Chhatrapati Shivaji Intl. Airport (T2), Mumbai"
2021-05-04,76.0,20.0,8.0,8.0,7.0,1.0,"Chhatrapati Shivaji Intl. Airport (T2), Mumbai"
2021-05-05,73.0,44.0,6.0,5.0,7.0,1.0,"Chhatrapati Shivaji Intl. Airport (T2), Mumbai"
2021-05-06,67.0,53.0,10.0,6.0,7.0,1.0,"Chhatrapati Shivaji Intl. Airport (T2), Mumbai"
2021-05-07,69.0,44.0,7.0,3.0,7.0,1.0,"Chhatrapati Shivaji Intl. Airport (T2), Mumbai"
2021-05-08,66.0,24.0,8.0,5.0,7.0,1.0,"Chhatrapati Shivaji Intl. Airport (T2), Mumbai"
2021-05-09,58.0,34.0,6.0,4.0,7.0,1.0,"Chhatrapati Shivaji Intl. Airport (T2), Mumbai"
2021-05-10,59.0,45.0,4.0,4.0,7.0,1.0,"Chhatrapati Shivaji Intl. Airport (T2), Mumbai"
2021-05-11,55.0,45.0,5.0,3.0,3.0,1.0,"Chhatrapati Shivaji Intl. Airport (T2), Mumbai"
2021-05-12,55.0,53.0,8.0,4.5,2.5,1.0,"Chhatrapati Shivaji Intl. Airport (T2), Mumbai"
2021-05-13,60.5,61.0,11.0,6.0,2.0,1.0,"Chhatrapati Shivaji Intl. Airport (T2), Mumbai"
2021-05-14,66.0,81.0,23.0,11.0,2.0,2.0,"Chhatrapati Shivaji Intl. Airport (T2), Mumbai"
2021-05-15,97.0,56.0,17.0,7.0,2.0,1.0,"Chhatrapati Shivaji Intl. Airport (T2), Mumbai"
2021-05-16,51.0,35.0,9.0,6.0,2.0,1.0,"Chhatrapati Shivaji Intl. Airport (T2), Mumbai"
2021-05-17,38.0,50.0,5.0,5.0,2.0,1.0,"Chhatrapati Shivaji Intl. Airport (T2), Mumbai"
2021-05-18,55.0,50.0,10.0,5.0,4.0,1.0,"Chhatrapati Shivaji Intl. Airport (T2), Mumbai"
2021-05-19,61.0,110.0,10.0,4.0,6.0,2.0,"Chhatrapati Shivaji Intl. Airport (T2), Mumbai"
2021-05-20,112.0,96.0,8.0,5.0,4.0,2.0,"Chhatrapati Shivaji Intl. Airport (T2), Mumbai"
2021-05-21,99.0,76.0,7.0,4.0,3.0,1.0,"Chhatrapati Shivaji Intl. Airport (T2), Mumbai"
2021-05-22,79.0,68.0,7.0,5.0,3.0,1.0,"Chhatrapati Shivaji Intl. Airport (T2), Mumbai"
2021-05-23,75.0,67.0,4.0,3.0,3.0,1.0,"Chhatrapati Shivaji Intl. Airport (T2), Mumbai"
2021-05-24,68.0,71.0,6.0,4.0,3.0,1.0,"Chhatrapati Shivaji Intl. Airport (T2), Mumbai"
2021-05-25,71.0,60.0,8.0,5.0,2.0,1.0,"Chhatrapati Shivaji Intl. Airport (T2), Mumbai"
2021-05-26,62.0,54.0,6.0,3.0,2.0,3.0,"Chhatrapati Shivaji Intl. Airport (T2), Mumbai"
2021-05-27,57.0,55.0,6.0,3.0,3.0,3.0,"Chhatrapati Shivaji Intl. Airport (T2), Mumbai"
2021-05-28,58.0,59.0,6.0,2.0,4.0,3.0,"Chhatrapati Shivaji Intl. Airport (T2), Mumbai"
2021-05-29,62.0,62.0,6.0,3.0,4.0,3.0,"Chhatrapati Shivaji Intl. Airport (T2), Mumbai"
2021-05-30,66.0,61.0,3.0,2.0,4.0,1.0,"Chhatrapati Shivaji Intl. Airport (T2), Mumbai"
2021-05-31,69.0,51.0,7.0,2.0,6.0,1.0,"Chhatrapati Shivaji Intl. Airport (T2), Mumbai"
2021-06-01,58.0,44.0,3.0,2.0,6.0,1.0,"Chhatrapati Shivaji Intl. Airport (T2), Mumbai"
2021-06-02,48.0,51.0,12.0,8.0,4.0,1.0,"Chhatrapati Shivaji Intl. Airport (T2), Mumbai"
2021-06-03,55.0,47.0,7.0,8.0,4.0,1.0,"Chhatrapati Shivaji Intl. Airport (T2), Mumbai"
2021-06-04,49.0,63.0,10.0,9.0,4.0,2.0,"Chhatrapati Shivaji Intl. Airport (T2), Mumbai"
2021-06-05,62.0,43.0,8.0,5.0,3.0,1.6666666666666667,"Chhatrapati Shivaji Intl. Airport (T2), Mumbai"
2021-06-06,49.0,39.0,5.0,3.0,3.0,1.3333333333333335,"Chhatrapati Shivaji Intl. Airport (T2), Mumbai"
2021-06-07,48.0,106.0,18.0,2.0,5.0,1.0,"Chhatrapati Shivaji Intl. Airport (T2), Mumbai"
2021-06-08,103.0,26.0,15.5,1.0,6.0,1.0,"Chhatrapati Shivaji Intl. Airport (T2), Mumbai"
2021-06-09,41.0,28.0,13.0,4.0,19.0,1.0,"Chhatrapati Shivaji Intl. Airport (T2), Mumbai"
2021-06-10,38.0,32.0,13.0,2.0,8.0,7.0,"Chhatrapati Shivaji Intl. Airport (T2), Mumbai"
2021-06-11,46.0,24.0,17.0,3.0,7.0,1.0,"Chhatrapati Shivaji Intl. Airport (T2), Mumbai"
2021-06-12,32.0,37.0,16.0,4.0,8.0,1.0,"Chhatrapati Shivaji Intl. Airport (T2), Mumbai"
2021-06-13,48.0,58.0,14.0,3.0,8.0,1.0,"Chhatrapati Shivaji Intl. Airport (T2), Mumbai"
2021-06-14,70.0,48.0,12.0,3.0,9.0,2.0,"Chhatrapati Shivaji Intl. Airport (T2), Mumbai"
2021-06-15,59.0,40.0,12.0,8.0,5.0,3.0,"Chhatrapati Shivaji Intl. Airport (T2), Mumbai"
2021-06-16,60.5,59.0,12.0,10.0,2.0,2.0,"Chhatrapati Shivaji Intl. Airport (T2), Mumbai"
2021-06-17,76.0,73.0,12.0,5.0,4.0,1.0,"Chhatrapati Shivaji Intl. Airport (T2), Mumbai"
2021-06-18,91.0,51.0,12.0,2.0,5.0,1.0,"Chhatrapati Shivaji Intl. Airport (T2), Mumbai"
2021-06-19,65.0,107.0,12.0,2.0,4.0,1.5,"Chhatrapati Shivaji Intl. Airport (T2), Mumbai"
2021-06-20,133.0,87.0,12.0,3.0,6.0,2.0,"Chhatrapati Shivaji Intl. Airport (T2), Mumbai"
2021-06-21,108.0,75.0,12.0,3.0,2.0,1.0,"Chhatrapati Shivaji Intl. Airport (T2), Mumbai"
2021-06-22,83.0,76.0,12.0,1.0,5.0,1.3333333333333333,"Chhatrapati Shivaji Intl. Airport (T2), Mumbai"
2021-06-23,83.0,59.0,12.0,1.0,7.0,1.6666666666666665,"Chhatrapati Shivaji Intl. Airport (T2), Mumbai"
2021-06-24,70.0,45.0,12.0,1.0,6.0,2.0,"Chhatrapati Shivaji Intl. Airport (T2), Mumbai"
2021-06-25,58.0,64.0,13.0,3.0,7.0,2.0,"Chhatrapati Shivaji Intl. Airport (T2), Mumbai"
2021-06-26,76.0,53.0,12.0,4.0,5.0,1.0,"Chhatrapati Shivaji Intl. Airport (T2), Mumbai"
2021-06-27,64.0,52.0,12.0,5.0,5.0,2.0,"Chhatrapati Shivaji Intl. Airport (T2), Mumbai"
2021-06-28,62.0,46.0,13.0,3.0,5.0,2.0,"Chhatrapati Shivaji Intl. Airport (T2), Mumbai"
2021-06-29,58.0,48.0,13.0,2.0,6.0,2.0,"Chhatrapati Shivaji Intl. Airport (T2), Mumbai"
2021-06-30,59.0,54.0,12.0,1.0,8.0,2.0,"Chhatrapati Shivaji Intl. Airport (T2), Mumbai"
2021-07-01,57.0,53.0,12.0,1.0,7.0,1.75,"Chhatrapati Shivaji Intl. Airport (T2), Mumbai"
2021-07-02,59.0,56.0,12.0,2.0,5.0,1.5,"Chhatrapati Shivaji Intl. Airport (T2), Mumbai"
2021-07-03,61.0,56.0,13.0,3.0,5.0,1.25,"Chhatrapati Shivaji Intl. Airport (T2), Mumbai"
2021-07-04,60.0,64.0,13.0,3.0,4.0,1.0,"Chhatrapati Shivaji Intl. Airport (T2), Mumbai"
2021-07-05,71.0,69.0,13.0,11.0,5.0,2.0,"Chhatrapati Shivaji Intl. Airport (T2), Mumbai"
2021-07-06,77.0,70.0,12.0,11.0,5.0,1.0,"Chhatrapati Shivaji Intl. Airport (T2), Mumbai"
2021-07-07,77.0,57.0,12.0,7.0,4.0,1.5,"Chhatrapati Shivaji Intl. Airport (T2), Mumbai"
2021-07-08,66.0,50.0,13.0,12.0,6.0,2.0,"Chhatrapati Shivaji Intl. Airport (T2), Mumbai"
2021-07-09,56.0,30.0,12.0,8.0,6.0,1.0,"Chhatrapati Shivaji Intl. Airport (T2), Mumbai"
2021-07-10,53.0,30.5,12.5,4.5,5.0,1.0,"Chhatrapati Shivaji Intl. Airport (T2), Mumbai"
2021-07-11,46.0,31.0,13.0,1.0,4.0,1.0,"Chhatrapati Shivaji Intl. Airport (T2), Mumbai"
2021-07-12,39.0,38.0,12.0,1.0,10.0,6.0,"Chhatrapati Shivaji Intl. Airport (T2), Mumbai"
2021-07-13,45.0,26.0,12.0,1.3333333333333333,7.0,2.0,"Chhatrapati Shivaji Intl. Airport (T2), Mumbai"
2021-07-14,41.0,25.0,28.0,1.6666666666666665,6.0,2.0,"Chhatrapati Shivaji Intl. Airport (T2), Mumbai"
2021-07-15,36.0,88.0,19.0,2.0,7.0,2.0,"Chhatrapati Shivaji Intl. Airport (T2), Mumbai"
2021-07-16,101.0,23.0,10.0,2.3076923076923075,8.0,2.0,"Chhatrapati Shivaji Intl. Airport (T2), Mumbai"
2021-07-17,33.0,40.0,1.0,2.6153846153846154,7.0,1.0,"Chhatrapati Shivaji Intl. Airport (T2), Mumbai"
2021-07-18,53.0,42.0,24.0,2.923076923076923,8.0,2.0,"Chhatrapati Shivaji Intl. Airport (T2), Mumbai"
2021-07-19,58.0,51.0,20.0,4.5,7.0,2.1666666666666665,"Chhatrapati Shivaji Intl. Airport (T2), Mumbai"
2021-07-20,59.0,51.44444444444444,18.0,4.5,6.333333333333333,2.3333333333333335,"Chhatrapati Shivaji Intl. Airport (T2), Mumbai"
2021-07-28,62.55555555555556,55.0,2.0,6.0,1.0,3.6666666666666665,"Chhatrapati Shivaji Intl. Airport (T2), Mumbai"
2021-07-29,63.0,54.0,3.0,5.0,2.0,2.416666666666667,"Chhatrapati Shivaji Intl. Airport (T2), Mumbai"
2021-07-30,60.0,51.0,2.0,3.0,2.0,4.0,"Chhatrapati Shivaji Intl. Airport (T2), Mumbai"
2021-07-31,56.0,49.0,2.0,1.0,4.0,12.0,"Chhatrapati Shivaji Intl. Airport (T2), Mumbai"
2021-08-01,52.0,48.0,2.0,3.0,5.0,12.0,"Chhatrapati Shivaji Intl. Airport (T2), Mumbai"
2021-08-02,51.0,42.0,2.0,2.0,3.0,12.0,"Chhatrapati Shivaji Intl. Airport (T2), Mumbai"
2021-08-03,86.0,48.0,2.0,2.0,3.0,12.0,"Chhatrapati Shivaji Intl. Airport (T2), Mumbai"
2021-08-04,58.0,53.0,2.0,2.0,3.0,12.0,"Chhatrapati Shivaji Intl. Airport (T2), Mumbai"
2021-08-05,64.0,58.0,2.0,2.0,3.0,13.0,"Chhatrapati Shivaji Intl. Airport (T2), Mumbai"
2021-08-06,66.0,60.0,2.0,3.0,3.0,13.0,"Chhatrapati Shivaji Intl. Airport (T2), Mumbai"
2021-08-07,68.0,59.0,2.0,1.0,4.0,13.0,"Chhatrapati Shivaji Intl. Airport (T2), Mumbai"
2021-08-08,68.0,59.0,3.0,2.0,3.0,12.0,"Chhatrapati Shivaji Intl. Airport (T2), Mumbai"
2021-08-09,66.0,53.0,2.0,2.0,3.0,12.0,"Chhatrapati Shivaji Intl. Airport (T2), Mumbai"
2021-08-10,58.0,48.0,2.0,3.0,3.0,13.0,"Chhatrapati Shivaji Intl. Airport (T2), Mumbai"
2021-08-11,54.0,56.0,2.0,8.0,3.0,14.0,"Chhatrapati Shivaji Intl. Airport (T2), Mumbai"
2021-08-12,67.0,49.0,2.0,11.0,3.0,13.0,"Chhatrapati Shivaji Intl. Airport (T2), Mumbai"
2021-08-13,56.0,42.0,3.0,11.0,3.0,13.0,"Chhatrapati Shivaji Intl. Airport (T2), Mumbai"
2021-08-14,53.0,39.0,2.0,13.0,4.0,15.0,"Chhatrapati Shivaji Intl. Airport (T2), Mumbai"
2021-08-15,90.0,50.0,3.0,14.0,5.0,17.0,"Chhatrapati Shivaji Intl. Airport (T2), Mumbai"
2021-08-16,63.0,53.0,3.0,13.0,5.0,15.0,"Chhatrapati Shivaji Intl. Airport (T2), Mumbai"
2021-08-17,62.0,38.0,3.0,12.0,5.0,16.0,"Chhatrapati Shivaji Intl. Airport (T2), Mumbai"
2021-08-18,53.0,41.0,3.0,15.0,7.0,17.0,"Chhatrapati Shivaji Intl. Airport (T2), Mumbai"
2021-08-19,88.0,44.0,2.0,15.0,8.0,19.0,"Chhatrapati Shivaji Intl. Airport (T2), Mumbai"
2021-08-20,57.0,32.0,3.0,14.0,7.0,16.0,"Chhatrapati Shivaji Intl. Airport (T2), Mumbai"
2021-08-21,35.0,57.0,4.0,12.0,6.0,15.0,"Chhatrapati Shivaji Intl. Airport (T2), Mumbai"
2021-08-22,57.0,55.0,3.0,11.0,6.0,14.0,"Chhatrapati Shivaji Intl. Airport (T2), Mumbai"
2021-08-23,54.0,50.0,2.0,10.0,6.0,14.0,"Chhatrapati Shivaji Intl. Airport (T2), Mumbai"
2021-08-24,49.0,48.0,3.0,11.0,6.0,15.0,"Chhatrapati Shivaji Intl. Airport (T2), Mumbai"
2021-08-25,46.0,45.0,3.0,11.0,5.0,14.0,"Chhatrapati Shivaji Intl. Airport (T2), Mumbai"
2021-08-26,40.0,55.0,3.0,11.0,5.0,15.0,"Chhatrapati Shivaji Intl. Airport (T2), Mumbai"
2021-08-27,56.0,73.0,3.0,11.0,5.0,15.0,"Chhatrapati Shivaji Intl. Airport (T2), Mumbai"
2021-08-28,72.0,67.0,3.0,12.0,5.0,16.0,"Chhatrapati Shivaji Intl. Airport (T2), Mumbai"
2021-08-29,72.0,71.0,3.0,10.0,6.0,17.0,"Chhatrapati Shivaji Intl. Airport (T2), Mumbai"
2021-08-30,77.0,45.0,3.0,12.0,5.0,17.0,"Chhatrapati Shivaji Intl. Airport (T2), Mumbai"
2021-08-31,59.0,36.0,3.0,11.0,6.0,16.0,"Chhatrapati Shivaji Intl. Airport (T2), Mumbai"
2021-09-01,44.0,34.0,3.0,10.0,5.0,14.0,"Chhatrapati Shivaji Intl. Airport (T2), Mumbai"
2021-09-02,42.0,72.0,3.0,11.0,5.0,15.0,"Chhatrapati Shivaji Intl. Airport (T2), Mumbai"
2021-09-03,82.0,38.0,3.0,11.0,5.0,16.0,"Chhatrapati Shivaji Intl. Airport (T2), Mumbai"
2021-09-04,51.0,51.0,3.0,14.0,7.0,18.0,"Chhatrapati Shivaji Intl. Airport (T2), Mumbai"
2021-09-05,64.0,48.0,3.0,13.0,7.0,17.0,"Chhatrapati Shivaji Intl. Airport (T2), Mumbai"
2021-09-06,52.0,41.0,3.0,12.0,7.0,17.0,"Chhatrapati Shivaji Intl. Airport (T2), Mumbai"
2021-09-07,54.0,28.0,3.0,11.0,6.0,15.0,"Chhatrapati Shivaji Intl. Airport (T2), Mumbai"
2021-09-08,34.0,35.0,3.0,8.0,5.0,13.0,"Chhatrapati Shivaji Intl. Airport (T2), Mumbai"
2021-09-09,36.0,40.0,3.0,8.0,5.0,13.0,"Chhatrapati Shivaji Intl. Airport (T2), Mumbai"
2021-09-10,43.0,34.0,3.0,8.0,4.0,13.0,"Chhatrapati Shivaji Intl. Airport (T2), Mumbai"
2021-09-11,36.0,26.0,3.0,10.0,4.0,14.0,"Chhatrapati Shivaji Intl. Airport (T2), Mumbai"
2021-09-12,35.0,47.0,4.0,10.0,4.0,14.0,"Chhatrapati Shivaji Intl. Airport (T2), Mumbai"
2021-09-13,48.0,66.0,3.0,10.0,3.0,14.0,"Chhatrapati Shivaji Intl. Airport (T2), Mumbai"
2021-09-14,73.0,68.0,3.0,9.0,2.0,13.0,"Chhatrapati Shivaji Intl. Airport (T2), Mumbai"
2021-09-15,74.0,65.0,3.0,8.0,2.0,13.0,"Chhatrapati Shivaji Intl. Airport (T2), Mumbai"
2021-09-16,71.0,57.0,3.0,7.0,1.0,13.0,"Chhatrapati Shivaji Intl. Airport (T2), Mumbai"
2021-09-17,63.0,50.0,4.0,9.0,2.0,13.0,"Chhatrapati Shivaji Intl. Airport (T2), Mumbai"
2021-09-18,53.0,38.0,3.0,10.0,2.0,14.0,"Chhatrapati Shivaji Intl. Airport (T2), Mumbai"
2021-09-19,45.0,34.0,3.0,10.0,3.0,15.0,"Chhatrapati Shivaji Intl. Airport (T2), Mumbai"
2021-09-20,41.0,29.0,3.0,11.0,4.0,15.0,"Chhatrapati Shivaji Intl. Airport (T2), Mumbai"
2021-09-21,36.0,47.0,3.0,15.0,5.0,17.0,"Chhatrapati Shivaji Intl. Airport (T2), Mumbai"
2021-09-22,54.0,58.0,5.0,15.0,6.0,19.0,"Chhatrapati Shivaji Intl. Airport (T2), Mumbai"
2021-09-23,69.0,211.0,8.0,8.0,6.0,17.0,"Chhatrapati Shivaji Intl. Airport (T2), Mumbai"
2021-09-24,70.0,55.0,3.0,17.0,6.0,17.0,"Chhatrapati Shivaji Intl. Airport (T2), Mumbai"
2021-09-25,75.0,59.0,3.0,11.0,5.0,16.0,"Chhatrapati Shivaji Intl. Airport (T2), Mumbai"
2021-09-26,65.0,52.0,3.0,13.0,5.0,17.0,"Chhatrapati Shivaji Intl. Airport (T2), Mumbai"
2021-09-27,62.0,43.0,3.0,13.0,4.0,16.0,"Chhatrapati Shivaji Intl. Airport (T2), Mumbai"
2021-09-28,54.0,29.0,4.0,9.0,2.0,13.0,"Chhatrapati Shivaji Intl. Airport (T2), Mumbai"
2021-09-29,36.0,40.0,3.0,9.0,2.0,14.0,"Chhatrapati Shivaji Intl. Airport (T2), Mumbai"
2021-09-30,50.0,66.0,3.0,10.0,3.0,15.0,"Chhatrapati Shivaji Intl. Airport (T2), Mumbai"
2021-10-01,71.0,75.0,7.0,12.0,3.0,17.0,"Chhatrapati Shivaji Intl. Airport (T2), Mumbai"
2021-10-02,84.0,71.0,10.0,14.0,3.0,17.0,"Chhatrapati Shivaji Intl. Airport (T2), Mumbai"
2021-10-03,84.0,72.0,10.0,12.0,3.0,17.0,"Chhatrapati Shivaji Intl. Airport (T2), Mumbai"
2021-10-04,86.0,68.0,10.0,12.0,2.0,16.0,"Chhatrapati Shivaji Intl. Airport (T2), Mumbai"
2021-10-05,75.0,68.0,10.0,14.0,3.0,17.0,"Chhatrapati Shivaji Intl. Airport (T2), Mumbai"
2021-10-06,79.0,63.0,12.0,16.0,5.0,18.0,"Chhatrapati Shivaji Intl. Airport (T2), Mumbai"
2021-10-07,77.0,53.0,4.0,12.0,5.0,16.0,"Chhatrapati Shivaji Intl. Airport (T2), Mumbai"
2021-10-08,60.0,50.0,4.0,12.0,5.0,15.0,"Chhatrapati Shivaji Intl. Airport (T2), Mumbai"
2021-10-09,50.0,57.0,4.0,11.0,6.0,17.0,"Chhatrapati Shivaji Intl. Airport (T2), Mumbai"
2021-10-10,65.0,67.0,8.0,13.0,6.0,18.0,"Chhatrapati Shivaji Intl. Airport (T2), Mumbai"
2021-10-11,80.0,79.0,9.0,14.0,7.0,19.0,"Chhatrapati Shivaji Intl. Airport (T2), Mumbai"
2021-10-12,98.0,89.0,18.0,16.0,7.0,19.0,"Chhatrapati Shivaji Intl. Airport (T2), Mumbai"
2021-10-13,109.0,116.0,16.0,16.0,7.0,22.0,"Chhatrapati Shivaji Intl. Airport (T2), Mumbai"
2021-10-14,139.0,116.0,28.0,17.0,6.0,20.0,"Chhatrapati Shivaji Intl. Airport (T2), Mumbai"
2021-10-15,131.0,138.0,28.0,21.0,5.0,19.0,"Chhatrapati Shivaji Intl. Airport (T2), Mumbai"
2021-10-16,169.0,114.0,28.0,24.0,5.0,19.0,"Chhatrapati Shivaji Intl. Airport (T2), Mumbai"
2021-10-17,135.0,78.0,15.0,19.0,3.0,15.0,"Chhatrapati Shivaji Intl. Airport (T2), Mumbai"
2021-10-18,79.0,120.0,12.0,12.0,19.0,18.0,"Chhatrapati Shivaji Intl. Airport (T2), Mumbai"
2021-10-19,126.0,85.0,19.0,7.0,2.0,17.0,"Chhatrapati Shivaji Intl. Airport (T2), Mumbai"
2021-10-20,93.0,101.0,28.0,10.0,1.0,18.0,"Chhatrapati Shivaji Intl. Airport (T2), Mumbai"
2021-10-21,120.0,110.0,22.0,9.0,2.0,21.0,"Chhatrapati Shivaji Intl. Airport (T2), Mumbai"
2021-10-22,129.0,89.0,27.0,10.0,2.0,19.0,"Chhatrapati Shivaji Intl. Airport (T2), Mumbai"
2021-10-23,104.0,64.0,15.0,7.0,1.6666666666666667,15.0,"Chhatrapati Shivaji Intl. Airport (T2), Mumbai"
2021-10-24,70.0,64.0,14.0,8.0,1.3333333333333335,16.0,"Chhatrapati Shivaji Intl. Airport (T2), Mumbai"
2021-10-25,68.0,98.0,23.0,12.0,1.0,18.0,"Chhatrapati Shivaji Intl. Airport (T2), Mumbai"
2021-10-26,119.0,93.0,31.0,12.0,2.0,18.0,"Chhatrapati Shivaji Intl. Airport (T2), Mumbai"
2021-10-27,117.0,98.0,36.0,14.0,2.0,18.0,"Chhatrapati Shivaji Intl. Airport (T2), Mumbai"
2021-10-28,120.0,133.0,32.0,14.0,2.0,17.0,"Chhatrapati Shivaji Intl. Airport (T2), Mumbai"
2021-10-29,142.0,134.0,47.0,16.0,2.0,17.0,"Chhatrapati Shivaji Intl. Airport (T2), Mumbai"
2021-10-30,148.0,112.0,58.0,19.0,4.0,20.0,"Chhatrapati Shivaji Intl. Airport (T2), Mumbai"
2021-10-31,137.0,131.0,59.0,19.0,2.0,22.0,"Chhatrapati Shivaji Intl. Airport (T2), Mumbai"
2021-11-01,156.0,131.0,45.0,19.0,3.0,23.0,"Chhatrapati Shivaji Intl. Airport (T2), Mumbai"
2021-11-02,157.0,113.0,37.0,15.0,2.0,21.0,"Chhatrapati Shivaji Intl. Airport (T2), Mumbai"
2021-11-03,144.0,143.0,38.0,15.0,1.0,19.0,"Chhatrapati Shivaji Intl. Airport (T2), Mumbai"
2021-11-04,148.0,127.0,32.0,13.0,2.0,19.0,"Chhatrapati Shivaji Intl. Airport (T2), Mumbai"
2021-11-05,144.0,86.0,14.0,10.0,2.0,18.0,"Chhatrapati Shivaji Intl. Airport (T2), Mumbai"
2021-11-06,116.0,87.0,31.0,9.0,1.6666666666666667,15.0,"Chhatrapati Shivaji Intl. Airport (T2), Mumbai"
2021-11-07,110.0,108.0,37.0,23.0,1.3333333333333335,18.0,"Chhatrapati Shivaji Intl. Airport (T2), Mumbai"
2021-11-08,141.0,119.0,33.0,15.0,1.0,20.0,"Chhatrapati Shivaji Intl. Airport (T2), Mumbai"
2021-11-09,145.0,110.0,43.0,17.0,1.0,18.0,"Chhatrapati Shivaji Intl. Airport (T2), Mumbai"
2021-11-10,136.0,114.0,45.0,19.0,1.0,20.0,"Chhatrapati Shivaji Intl. Airport (T2), Mumbai"
2021-11-11,141.0,111.0,45.0,21.0,1.0,20.0,"Chhatrapati Shivaji Intl. Airport (T2), Mumbai"
2021-11-12,135.0,116.0,40.0,21.0,1.0,21.0,"Chhatrapati Shivaji Intl. Airport (T2), Mumbai"
2021-11-13,147.0,116.0,31.0,18.0,1.0,20.0,"Chhatrapati Shivaji Intl. Airport (T2), Mumbai"
2021-11-14,151.0,124.0,27.0,18.0,2.0,21.0,"Chhatrapati Shivaji Intl. Airport (T2), Mumbai"
2021-11-15,154.0,148.0,23.5,15.0,1.0,20.0,"Chhatrapati Shivaji Intl. Airport (T2), Mumbai"
2021-11-16,209.0,84.0,20.0,10.0,1.0,18.0,"Chhatrapati Shivaji Intl. Airport (T2), Mumbai"
2021-11-17,113.0,64.0,13.0,7.0,2.0,18.0,"Chhatrapati Shivaji Intl. Airport (T2), Mumbai"
2021-11-18,78.0,77.0,21.0,11.0,1.0,14.0,"Chhatrapati Shivaji Intl. Airport (T2), Mumbai"
2021-11-19,96.0,87.0,14.0,8.0,2.0,12.0,"Chhatrapati Shivaji Intl. Airport (T2), Mumbai"
2021-11-20,108.0,52.0,9.0,7.0,1.6666666666666667,8.0,"Chhatrapati Shivaji Intl. Airport (T2), Mumbai"
2021-11-21,60.0,56.0,1.0,7.0,1.3333333333333335,9.0,"Chhatrapati Shivaji Intl. Airport (T2), Mumbai"
2021-11-22,70.0,139.0,5.0,9.0,1.0,10.0,"Chhatrapati Shivaji Intl. Airport (T2), Mumbai"
2021-11-23,76.0,102.5,10.0,9.0,1.0,12.0,"Chhatrapati Shivaji Intl. Airport (T2), Mumbai"
2021-11-24,127.0,115.0,8.0,13.0,3.0,16.0,"Chhatrapati Shivaji Intl. Airport (T2), Mumbai"
2021-11-25,136.0,107.0,22.0,18.0,3.0,14.0,"Chhatrapati Shivaji Intl. Airport (T2), Mumbai"
2021-11-26,136.0,107.0,30.0,17.0,3.0,14.0,"Chhatrapati Shivaji Intl. Airport (T2), Mumbai"
2021-11-27,138.0,112.0,32.0,13.0,4.0,14.0,"Chhatrapati Shivaji Intl. Airport (T2), Mumbai"
2021-11-28,133.0,104.0,32.0,15.0,3.0,11.0,"Chhatrapati Shivaji Intl. Airport (T2), Mumbai"
2021-11-29,121.0,118.0,29.0,15.0,3.0,12.0,"Chhatrapati Shivaji Intl. Airport (T2), Mumbai"
2021-11-30,141.0,79.0,11.0,10.0,1.0,12.0,"Chhatrapati Shivaji Intl. Airport (T2), Mumbai"
2021-12-01,114.0,65.0,6.0,8.0,2.0,12.0,"Chhatrapati Shivaji Intl. Airport (T2), Mumbai"
2021-12-02,92.0,90.0,3.0,7.0,3.0,15.0,"Chhatrapati Shivaji Intl. Airport (T2), Mumbai"
2021-12-03,115.0,93.0,7.0,6.0,4.0,16.0,"Chhatrapati Shivaji Intl. Airport (T2), Mumbai"
2021-12-04,117.0,97.0,7.0,7.0,5.0,17.0,"Chhatrapati Shivaji Intl. Airport (T2), Mumbai"
2021-12-05,117.0,109.0,16.0,12.0,3.0,14.0,"Chhatrapati Shivaji Intl. Airport (T2), Mumbai"
2021-12-06,129.0,140.0,24.0,14.0,3.0,15.0,"Chhatrapati Shivaji Intl. Airport (T2), Mumbai"
2021-12-07,159.0,137.0,25.0,15.0,4.0,16.0,"Chhatrapati Shivaji Intl. Airport (T2), Mumbai"
2021-12-08,158.0,127.0,21.0,17.0,3.0,15.0,"Chhatrapati Shivaji Intl. Airport (T2), Mumbai"
2021-12-09,156.0,125.0,27.0,15.0,3.0,14.0,"Chhatrapati Shivaji Intl. Airport (T2), Mumbai"
2021-12-10,150.0,117.0,24.0,29.0,3.0,13.0,"Chhatrapati Shivaji Intl. Airport (T2), Mumbai"
2021-12-11,146.0,117.0,24.0,16.0,3.0,14.0,"Chhatrapati Shivaji Intl. Airport (T2), Mumbai"
2021-12-12,147.0,115.0,27.0,15.0,3.0,14.0,"Chhatrapati Shivaji Intl. Airport (T2), Mumbai"
2021-12-13,135.0,107.0,18.0,16.0,4.0,14.0,"Chhatrapati Shivaji Intl. Airport (T2), Mumbai"
2021-12-14,128.0,131.0,25.0,22.0,3.0,14.0,"Chhatrapati Shivaji Intl. Airport (T2), Mumbai"
2021-12-15,157.0,147.0,27.0,21.0,4.0,17.0,"Chhatrapati Shivaji Intl. Airport (T2), Mumbai"
2021-12-16,163.0,150.0,23.0,20.0,4.0,17.0,"Chhatrapati Shivaji Intl. Airport (T2), Mumbai"
2021-12-17,165.0,142.0,28.0,21.0,4.0,16.0,"Chhatrapati Shivaji Intl. Airport (T2), Mumbai"
2021-12-18,161.0,126.0,38.0,19.0,3.0,14.0,"Chhatrapati Shivaji Intl. Airport (T2), Mumbai"
2021-12-19,156.0,129.0,37.0,21.0,2.0,14.0,"Chhatrapati Shivaji Intl. Airport (T2), Mumbai"
2021-12-20,232.0,136.0,41.0,23.0,2.0,16.0,"Chhatrapati Shivaji Intl. Airport (T2), Mumbai"
2021-12-21,160.0,145.0,27.0,23.0,3.0,17.0,"Chhatrapati Shivaji Intl. Airport (T2), Mumbai"
2021-12-22,163.0,139.0,35.0,21.0,3.0,17.0,"Chhatrapati Shivaji Intl. Airport (T2), Mumbai"
2021-12-23,159.0,92.0,21.0,14.0,2.0,14.0,"Chhatrapati Shivaji Intl. Airport (T2), Mumbai"
2021-12-24,112.0,94.0,24.0,12.0,3.0,13.0,"Chhatrapati Shivaji Intl. Airport (T2), Mumbai"
2021-12-25,120.0,124.0,21.0,16.0,3.0,14.0,"Chhatrapati Shivaji Intl. Airport (T2), Mumbai"
2021-12-26,155.0,138.0,24.0,17.0,4.0,17.0,"Chhatrapati Shivaji Intl. Airport (T2), Mumbai"
2021-12-27,159.0,133.0,21.0,13.0,3.0,17.0,"Chhatrapati Shivaji Intl. Airport (T2), Mumbai"
2021-12-28,155.0,101.0,22.0,11.0,1.0,12.0,"Chhatrapati Shivaji Intl. Airport (T2), Mumbai"
2021-12-29,119.0,109.0,24.0,12.0,1.0,12.0,"Chhatrapati Shivaji Intl. Airport (T2), Mumbai"
2021-12-30,142.0,109.0,28.0,10.0,1.0,12.0,"Chhatrapati Shivaji Intl. Airport (T2), Mumbai"
2021-12-31,138.0,100.0,23.0,10.0,2.0,13.0,"Chhatrapati Shivaji Intl. Airport (T2), Mumbai"
2022-01-01,129.0,104.0,23.0,10.0,2.0,14.0,"Chhatrapati Shivaji Intl. Airport (T2), Mumbai"
2022-01-02,134.0,109.0,29.0,12.0,2.0,14.0,"Chhatrapati Shivaji Intl. Airport (T2), Mumbai"
2022-01-03,140.0,117.0,37.0,15.0,1.0,15.0,"Chhatrapati Shivaji Intl. Airport (T2), Mumbai"
2022-01-04,149.0,136.0,29.0,13.0,4.0,17.0,"Chhatrapati Shivaji Intl. Airport (T2), Mumbai"
2022-01-05,161.0,101.0,18.0,11.0,3.0,12.0,"Chhatrapati Shivaji Intl. Airport (T2), Mumbai"
2022-01-06,131.0,114.0,25.0,11.0,3.0,12.0,"Chhatrapati Shivaji Intl. Airport (T2), Mumbai"
2022-01-07,143.0,98.0,10.0,9.0,3.0,11.0,"Chhatrapati Shivaji Intl. Airport (T2), Mumbai"
2022-01-08,125.0,61.0,21.0,13.0,7.333333333333333,9.0,"Chhatrapati Shivaji Intl. Airport (T2), Mumbai"
2022-01-09,66.0,78.0,33.0,16.0,11.666666666666666,9.0,"Chhatrapati Shivaji Intl. Airport (T2), Mumbai"
2022-01-10,82.0,132.0,34.0,25.0,16.0,13.0,"Chhatrapati Shivaji Intl. Airport (T2), Mumbai"
2022-01-11,147.0,108.0,29.0,18.0,4.0,15.0,"Chhatrapati Shivaji Intl. Airport (T2), Mumbai"
2022-01-12,136.0,120.0,32.0,13.0,5.0,9.0,"Chhatrapati Shivaji Intl. Airport (T2), Mumbai"
2022-01-13,153.0,128.0,25.0,13.0,4.0,10.0,"Chhatrapati Shivaji Intl. Airport (T2), Mumbai"
2022-01-14,156.0,180.0,22.0,10.0,4.0,9.0,"Chhatrapati Shivaji Intl. Airport (T2), Mumbai"
2022-01-15,199.0,101.0,28.0,13.0,4.0,8.0,"Chhatrapati Shivaji Intl. Airport (T2), Mumbai"
2022-01-16,125.0,103.0,19.0,10.0,5.0,9.0,"Chhatrapati Shivaji Intl. Airport (T2), Mumbai"
2022-01-17,140.0,114.0,22.0,11.0,5.0,10.0,"Chhatrapati Shivaji Intl. Airport (T2), Mumbai"
2022-01-18,143.0,121.0,28.0,12.0,6.0,12.0,"Chhatrapati Shivaji Intl. Airport (T2), Mumbai"
2022-01-19,147.0,94.0,24.0,6.0,5.0,9.0,"Chhatrapati Shivaji Intl. Airport (T2), Mumbai"
2022-01-20,118.0,87.0,9.0,4.0,5.0,8.0,"Chhatrapati Shivaji Intl. Airport (T2), Mumbai"
2022-01-21,103.0,80.0,5.0,5.0,7.0,6.0,"Chhatrapati Shivaji Intl. Airport (T2), Mumbai"
2022-01-22,94.0,96.5,20.0,9.0,4.0,2.0,"Chhatrapati Shivaji Intl. Airport (T2), Mumbai"
2022-01-23,262.0,113.0,27.0,13.0,2.0,3.0,"Chhatrapati Shivaji Intl. Airport (T2), Mumbai"
2022-01-24,177.0,231.0,28.0,19.0,4.0,6.0,"Chhatrapati Shivaji Intl. Airport (T2), Mumbai"
2022-01-25,170.0,161.0,36.0,18.0,3.0,8.0,"Chhatrapati Shivaji Intl. Airport (T2), Mumbai"
2022-01-26,164.0,149.0,29.0,20.0,6.0,11.0,"Chhatrapati Shivaji Intl. Airport (T2), Mumbai"
2022-01-27,158.0,114.0,31.0,18.0,7.0,8.0,"Chhatrapati Shivaji Intl. Airport (T2), Mumbai"
2022-01-28,132.0,111.0,36.0,22.0,6.0,8.0,"Chhatrapati Shivaji Intl. Airport (T2), Mumbai"
2022-01-29,131.0,121.0,38.0,21.0,5.0,11.0,"Chhatrapati Shivaji Intl. Airport (T2), Mumbai"
2022-01-30,144.0,227.0,1.0,20.0,10.0,9.0,"Chhatrapati Shivaji Intl. Airport (T2), Mumbai"
2022-01-31,171.0,101.0,10.0,19.0,6.0,7.0,"Chhatrapati Shivaji Intl. Airport (T2), Mumbai"
2022-02-01,124.0,127.0,22.0,14.0,6.0,11.0,"Chhatrapati Shivaji Intl. Airport (T2), Mumbai"
2022-02-02,154.0,125.0,13.0,9.0,6.0,9.0,"Chhatrapati Shivaji Intl. Airport (T2), Mumbai"
2022-02-03,130.0,168.0,16.0,9.0,6.0,5.0,"Chhatrapati Shivaji Intl. Airport (T2), Mumbai"
2022-02-04,157.0,187.0,28.0,14.0,6.0,8.0,"Chhatrapati Shivaji Intl. Airport (T2), Mumbai"
2022-02-05,168.0,159.0,37.0,17.0,6.0,9.0,"Chhatrapati Shivaji Intl. Airport (T2), Mumbai"
2022-02-06,163.0,120.0,17.0,14.0,4.0,6.0,"Chhatrapati Shivaji Intl. Airport (T2), Mumbai"
2022-02-07,141.0,75.0,11.0,11.0,2.0,4.0,"Chhatrapati Shivaji Intl. Airport (T2), Mumbai"
2022-02-08,86.0,93.0,9.0,12.0,3.0,5.0,"Chhatrapati Shivaji Intl. Airport (T2), Mumbai"
2022-02-09,109.0,131.0,18.0,17.0,5.0,10.0,"Chhatrapati Shivaji Intl. Airport (T2), Mumbai"
2022-02-10,145.0,112.0,27.0,19.0,4.0,8.0,"Chhatrapati Shivaji Intl. Airport (T2), Mumbai"
2022-02-11,122.0,110.0,27.0,21.0,4.0,9.0,"Chhatrapati Shivaji Intl. Airport (T2), Mumbai"
2022-02-12,129.0,123.0,31.0,22.0,5.0,11.0,"Chhatrapati Shivaji Intl. Airport (T2), Mumbai"
2022-02-13,143.0,108.0,22.0,23.0,5.0,9.0,"Chhatrapati Shivaji Intl. Airport (T2), Mumbai"
2022-02-14,128.0,85.0,10.0,20.0,4.0,7.0,"Chhatrapati Shivaji Intl. Airport (T2), Mumbai"
2022-02-15,95.0,77.0,8.0,13.0,3.0,6.0,"Chhatrapati Shivaji Intl. Airport (T2), Mumbai"
2022-02-16,85.0,85.0,13.0,14.0,4.0,8.0,"Chhatrapati Shivaji Intl. Airport (T2), Mumbai"
2022-02-17,99.0,102.0,14.0,18.0,6.0,11.0,"Chhatrapati Shivaji Intl. Airport (T2), Mumbai"
2022-02-18,118.0,116.0,14.0,30.0,7.0,12.0,"Chhatrapati Shivaji Intl. Airport (T2), Mumbai"
2022-02-19,137.0,97.0,26.0,26.0,5.0,8.0,"Chhatrapati Shivaji Intl. Airport (T2), Mumbai"
2022-02-20,122.0,135.0,30.0,31.0,7.0,14.0,"Chhatrapati Shivaji Intl. Airport (T2), Mumbai"
2022-02-21,146.0,118.0,19.0,26.0,7.0,10.0,"Chhatrapati Shivaji Intl. Airport (T2), Mumbai"
2022-02-22,127.0,117.0,9.0,26.0,7.0,12.0,"Chhatrapati Shivaji Intl. Airport (T2), Mumbai"
2022-02-23,134.0,141.0,24.0,34.0,6.0,14.0,"Chhatrapati Shivaji Intl. Airport (T2), Mumbai"
2022-02-24,151.33333333333334,167.0,25.0,38.0,7.0,13.0,"Chhatrapati Shivaji Intl. Airport (T2), Mumbai"
2022-02-25,168.66666666666666,145.0,18.0,34.0,6.0,10.0,"Chhatrapati Shivaji Intl. Airport (T2), Mumbai"
2022-02-26,186.0,125.0,26.0,25.0,7.0,11.0,"Chhatrapati Shivaji Intl. Airport (T2), Mumbai"
2022-02-27,142.0,147.0,27.0,28.5,9.0,14.0,"Chhatrapati Shivaji Intl. Airport (T2), Mumbai"
2022-02-28,185.0,133.0,27.0,32.0,8.0,10.0,"Chhatrapati Shivaji Intl. Airport (T2), Mumbai"
2022-03-01,154.0,145.0,27.0,33.5,8.0,14.0,"Chhatrapati Shivaji Intl. Airport (T2), Mumbai"
2022-03-02,154.0,158.0,33.0,35.0,9.0,14.0,"Chhatrapati Shivaji Intl. Airport (T2), Mumbai"
2022-03-03,154.0,124.0,28.0,28.0,8.0,9.0,"Chhatrapati Shivaji Intl. Airport (T2), Mumbai"
2022-03-04,122.0,124.0,20.0,28.0,12.0,10.0,"Chhatrapati Shivaji Intl. Airport (T2), Mumbai"
2022-03-05,131.0,134.0,30.0,28.0,11.0,14.0,"Chhatrapati Shivaji Intl. Airport (T2), Mumbai"
2022-03-06,144.0,133.0,30.0,31.0,9.0,14.0,"Chhatrapati Shivaji Intl. Airport (T2), Mumbai"
2022-03-07,152.0,138.0,34.0,28.0,9.0,11.0,"Chhatrapati Shivaji Intl. Airport (T2), Mumbai"
2022-03-08,153.0,130.0,24.0,25.0,9.0,12.0,"Chhatrapati Shivaji Intl. Airport (T2), Mumbai"
2022-03-09,149.0,196.0,31.0,27.0,8.0,12.0,"Chhatrapati Shivaji Intl. Airport (T2), Mumbai"
2022-03-10,201.0,144.0,25.0,29.0,8.0,13.0,"Chhatrapati Shivaji Intl. Airport (T2), Mumbai"
2022-03-11,155.0,95.0,43.0,25.0,6.0,6.0,"Chhatrapati Shivaji Intl. Airport (T2), Mumbai"
2022-03-12,109.0,123.0,29.0,27.0,8.0,10.0,"Chhatrapati Shivaji Intl. Airport (T2), Mumbai"
2022-03-13,134.0,129.0,22.0,31.0,8.0,12.0,"Chhatrapati Shivaji Intl. Airport (T2), Mumbai"
2022-03-14,135.0,178.0,36.0,28.0,23.0,12.0,"Chhatrapati Shivaji Intl. Airport (T2), Mumbai"
2022-03-15,158.0,138.0,21.0,31.0,9.0,11.0,"Chhatrapati Shivaji Intl. Airport (T2), Mumbai"
2022-03-16,143.0,161.0,23.0,31.0,17.0,12.0,"Chhatrapati Shivaji Intl. Airport (T2), Mumbai"
2022-03-17,151.0,118.0,27.0,21.0,5.0,9.0,"Chhatrapati Shivaji Intl. Airport (T2), Mumbai"
2022-03-18,140.0,114.0,22.0,15.0,2.0,5.0,"Chhatrapati Shivaji Intl. Airport (T2), Mumbai"
2022-03-19,157.0,90.0,3.0,5.0,1.0,3.0,"Chhatrapati Shivaji Intl. Airport (T2), Mumbai"
2022-03-20,108.0,129.0,9.0,5.0,4.0,5.0,"Chhatrapati Shivaji Intl. Airport (T2), Mumbai"
2022-03-21,144.0,130.0,17.0,20.0,6.0,9.0,"Chhatrapati Shivaji Intl. Airport (T2), Mumbai"
2022-03-22,141.0,142.0,21.0,27.0,7.0,8.0,"Chhatrapati Shivaji Intl. Airport (T2), Mumbai"
2022-03-23,138.0,142.0,28.0,26.0,5.0,8.0,"Chhatrapati Shivaji Intl. Airport (T2), Mumbai"
2022-03-24,151.0,84.0,7.0,16.0,4.0,5.0,"Chhatrapati Shivaji Intl. Airport (T2), Mumbai"
2022-03-25,98.0,84.0,5.0,15.0,3.0,5.0,"Chhatrapati Shivaji Intl. Airport (T2), Mumbai"
2022-03-26,102.0,84.0,7.0,9.0,2.0,3.0,"Chhatrapati Shivaji Intl. Airport (T2), Mumbai"
2022-03-27,101.0,96.0,3.0,9.0,2.0,3.0,"Chhatrapati Shivaji Intl. Airport (T2), Mumbai"
2022-03-28,117.0,144.0,4.0,10.0,4.0,5.0,"Chhatrapati Shivaji Intl. Airport (T2), Mumbai"
2022-03-29,126.0,102.0,1.0,7.0,4.0,5.0,"Chhatrapati Shivaji Intl. Airport (T2), Mumbai"
2022-03-30,111.0,107.0,3.0,6.0,5.0,6.0,"Chhatrapati Shivaji Intl. Airport (T2), Mumbai"
2022-03-31,121.0,173.0,5.0,5.0,7.0,6.0,"Chhatrapati Shivaji Intl. Airport (T2), Mumbai"
2022-04-01,165.0,146.0,8.0,11.0,5.0,3.0,"Chhatrapati Shivaji Intl. Airport (T2), Mumbai"
2022-04-02,158.0,124.0,9.0,12.0,4.0,4.0,"Chhatrapati Shivaji Intl. Airport (T2), Mumbai"
2022-04-03,150.0,99.0,5.0,9.0,4.0,3.0,"Chhatrapati Shivaji Intl. Airport (T2), Mumbai"
2022-04-04,120.0,86.0,2.0,8.0,3.0,3.0,"Chhatrapati Shivaji Intl. Airport (T2), Mumbai"
2022-04-05,102.0,83.0,3.0,9.0,4.0,3.0,"Chhatrapati Shivaji Intl. Airport (T2), Mumbai"
2022-04-06,97.0,79.0,6.0,10.0,3.0,5.0,"Chhatrapati Shivaji Intl. Airport (T2), Mumbai"
2022-04-07,107.0,205.0,3.0,9.0,3.0,4.0,"Chhatrapati Shivaji Intl. Airport (T2), Mumbai"
2022-04-08,88.0,185.0,2.0,4.0,9.0,3.0,"Chhatrapati Shivaji Intl. Airport (T2), Mumbai"
2022-04-09,81.0,59.0,3.0,6.0,18.0,2.0,"Chhatrapati Shivaji Intl. Airport (T2), Mumbai"
2022-04-10,77.0,239.0,54.0,10.0,27.0,3.0,"Chhatrapati Shivaji Intl. Airport (T2), Mumbai"
2022-04-11,84.0,92.0,2.0,5.0,15.0,7.0,"Chhatrapati Shivaji Intl. Airport (T2), Mumbai"
2022-04-12,107.0,98.0,5.0,9.0,9.0,6.0,"Chhatrapati Shivaji Intl. Airport (T2), Mumbai"
2022-04-13,104.0,68.0,11.0,6.0,7.0,4.0,"Chhatrapati Shivaji Intl. Airport (T2), Mumbai"
2022-04-14,120.0,66.0,1.0,6.0,4.0,1.0,"Chhatrapati Shivaji Intl. Airport (T2), Mumbai"
2022-04-15,76.0,79.0,4.199999999999999,6.0,4.0,2.0,"Chhatrapati Shivaji Intl. Airport (T2), Mumbai"
2022-04-16,88.0,74.0,7.3999999999999995,7.0,3.0,1.0,"Chhatrapati Shivaji Intl. Airport (T2), Mumbai"
2022-04-17,82.0,191.0,10.6,6.0,3.0,2.0,"Chhatrapati Shivaji Intl. Airport (T2), Mumbai"
2022-04-18,80.0,151.0,3.0,6.0,5.0,3.0,"Chhatrapati Shivaji Intl. Airport (T2), Mumbai"
2022-04-19,86.0,111.0,17.0,9.0,5.0,5.0,"Chhatrapati Shivaji Intl. Airport (T2), Mumbai"
2022-04-20,192.0,108.0,6.0,15.0,6.0,9.0,"Chhatrapati Shivaji Intl. Airport (T2), Mumbai"
2022-04-21,127.0,165.0,8.0,19.0,5.0,7.0,"Chhatrapati Shivaji Intl. Airport (T2), Mumbai"
2022-04-22,131.0,158.0,9.0,12.0,3.0,6.0,"Chhatrapati Shivaji Intl. Airport (T2), Mumbai"
2022-04-23,122.0,75.0,1.0,6.0,16.0,3.0,"Chhatrapati Shivaji Intl. Airport (T2), Mumbai"
2022-04-24,89.0,128.0,7.0,18.0,29.0,6.0,"Chhatrapati Shivaji Intl. Airport (T2), Mumbai"
2022-04-25,104.0,107.0,2.0,10.0,3.0,4.0,"Chhatrapati Shivaji Intl. Airport (T2), Mumbai"
2022-04-26,83.0,84.0,2.0,11.0,1.0,5.0,"Chhatrapati Shivaji Intl. Airport (T2), Mumbai"
2022-04-27,87.0,116.0,5.0,10.0,1.0,6.0,"Chhatrapati Shivaji Intl. Airport (T2), Mumbai"
2022-04-28,98.0,68.0,3.0,6.0,5.0,6.0,"Chhatrapati Shivaji Intl. Airport (T2), Mumbai"
2022-04-29,78.0,64.0,1.0,5.0,4.0,4.0,"Chhatrapati Shivaji Intl. Airport (T2), Mumbai"
2022-04-30,73.0,52.0,1.0,3.0,4.0,3.0,"Chhatrapati Shivaji Intl. Airport (T2), Mumbai"
2022-05-01,63.0,60.0,1.0,4.0,8.0,3.0,"Chhatrapati Shivaji Intl. Airport (T2), Mumbai"
2022-05-02,132.0,70.0,1.0,3.0,4.5,2.0,"Chhatrapati Shivaji Intl. Airport (T2), Mumbai"
2022-05-03,78.0,80.0,1.0,5.0,1.0,2.0,"Chhatrapati Shivaji Intl. Airport (T2), Mumbai"
2022-05-04,90.0,85.0,1.0,6.0,6.0,3.0,"Chhatrapati Shivaji Intl. Airport (T2), Mumbai"
2022-05-05,93.0,123.0,1.0,5.0,4.0,4.0,"Chhatrapati Shivaji Intl. Airport (T2), Mumbai"
2022-05-06,138.0,127.0,1.0,7.0,1.0,3.0,"Chhatrapati Shivaji Intl. Airport (T2), Mumbai"
2022-05-07,147.0,100.0,1.0,8.0,1.0,3.0,"Chhatrapati Shivaji Intl. Airport (T2), Mumbai"
2022-05-08,118.0,81.0,1.0,5.0,2.0,3.0,"Chhatrapati Shivaji Intl. Airport (T2), Mumbai"
2022-05-09,89.0,80.0,1.0,7.0,2.0,3.0,"Chhatrapati Shivaji Intl. Airport (T2), Mumbai"
2022-05-10,89.0,81.0,1.0,5.0,2.0,2.0,"Chhatrapati Shivaji Intl. Airport (T2), Mumbai"
2022-05-11,90.0,78.0,7.0,6.0,2.0,2.0,"Chhatrapati Shivaji Intl. Airport (T2), Mumbai"
2022-05-12,86.0,89.0,7.0,4.0,3.0,2.0,"Chhatrapati Shivaji Intl. Airport (T2), Mumbai"
2022-05-13,93.0,100.0,8.0,4.0,4.0,2.0,"Chhatrapati Shivaji Intl. Airport (T2), Mumbai"
2022-05-14,123.0,78.0,7.0,2.0,5.0,2.0,"Chhatrapati Shivaji Intl. Airport (T2), Mumbai"
2022-05-15,90.0,96.0,8.0,7.0,3.0,3.0,"Chhatrapati Shivaji Intl. Airport (T2), Mumbai"
2022-05-16,108.0,140.0,8.0,5.0,4.0,3.0,"Chhatrapati Shivaji Intl. Airport (T2), Mumbai"
2022-05-17,152.0,187.0,8.0,6.0,4.0,3.0,"Chhatrapati Shivaji Intl. Airport (T2), Mumbai"
2022-05-18,167.0,164.0,8.0,6.0,4.0,3.0,"Chhatrapati Shivaji Intl. Airport (T2), Mumbai"
2022-05-19,161.0,119.0,8.0,5.0,3.0,2.0,"Chhatrapati Shivaji Intl. Airport (T2), Mumbai"
2022-05-20,143.0,98.0,8.0,5.0,3.0,1.0,"Chhatrapati Shivaji Intl. Airport (T2), Mumbai"
2022-05-21,109.0,69.0,7.0,3.0,4.0,2.0,"Chhatrapati Shivaji Intl. Airport (T2), Mumbai"
2022-05-22,76.0,58.0,8.0,4.0,3.0,1.0,"Chhatrapati Shivaji Intl. Airport (T2), Mumbai"
2022-05-23,63.0,64.0,7.0,4.0,2.0,1.0,"Chhatrapati Shivaji Intl. Airport (T2), Mumbai"
2022-05-24,71.0,68.0,7.0,4.0,3.0,2.0,"Chhatrapati Shivaji Intl. Airport (T2), Mumbai"
2022-05-25,72.0,72.0,7.0,3.0,4.0,3.0,"Chhatrapati Shivaji Intl. Airport (T2), Mumbai"
2022-05-26,71.0,61.0,7.0,3.0,4.0,2.0,"Chhatrapati Shivaji Intl. Airport (T2), Mumbai"
2022-05-27,63.0,54.0,8.0,3.0,4.0,2.0,"Chhatrapati Shivaji Intl. Airport (T2), Mumbai"
2022-05-28,53.0,48.0,8.0,4.0,4.0,2.0,"Chhatrapati Shivaji Intl. Airport (T2), Mumbai"
2022-05-29,48.0,62.0,8.0,4.0,5.0,3.0,"Chhatrapati Shivaji Intl. Airport (T2), Mumbai"
2022-05-30,62.0,81.0,8.0,7.0,3.0,2.0,"Chhatrapati Shivaji Intl. Airport (T2), Mumbai"
2022-05-31,80.0,77.0,8.0,5.0,3.0,2.0,"Chhatrapati Shivaji Intl. Airport (T2), Mumbai"
2022-06-01,77.0,77.0,8.0,5.0,3.0,2.0,"Chhatrapati Shivaji Intl. Airport (T2), Mumbai"
2022-06-02,80.0,82.0,7.0,5.0,3.0,2.0,"Chhatrapati Shivaji Intl. Airport (T2), Mumbai"
2022-06-03,87.0,69.0,7.0,5.0,3.0,2.0,"Chhatrapati Shivaji Intl. Airport (T2), Mumbai"
2022-06-04,70.0,64.0,8.0,6.0,3.0,2.0,"Chhatrapati Shivaji Intl. Airport (T2), Mumbai"
2022-06-05,62.0,59.0,8.0,5.0,3.0,1.0,"Chhatrapati Shivaji Intl. Airport (T2), Mumbai"
2022-06-06,62.0,58.0,8.0,4.0,3.0,2.0,"Chhatrapati Shivaji Intl. Airport (T2), Mumbai"
2022-06-07,61.0,41.0,7.0,6.0,2.0,1.0,"Chhatrapati Shivaji Intl. Airport (T2), Mumbai"
2022-06-08,38.0,38.0,8.0,5.0,3.0,2.0,"Chhatrapati Shivaji Intl. Airport (T2), Mumbai"
2022-06-09,41.0,46.0,8.0,6.0,3.0,3.0,"Chhatrapati Shivaji Intl. Airport (T2), Mumbai"
2022-06-10,50.0,20.0,7.0,5.0,16.0,9.0,"Chhatrapati Shivaji Intl. Airport (T2), Mumbai"
2022-06-11,31.0,31.0,7.0,5.0,3.0,2.0,"Chhatrapati Shivaji Intl. Airport (T2), Mumbai"
2022-06-12,39.0,41.0,7.0,6.0,3.0,2.0,"Chhatrapati Shivaji Intl. Airport (T2), Mumbai"
2022-06-13,46.0,53.0,7.0,5.0,3.0,2.0,"Chhatrapati Shivaji Intl. Airport (T2), Mumbai"
2022-06-14,54.0,49.0,7.0,4.0,3.0,1.0,"Chhatrapati Shivaji Intl. Airport (T2), Mumbai"
2022-06-15,54.0,47.0,7.0,3.0,3.0,2.0,"Chhatrapati Shivaji Intl. Airport (T2), Mumbai"
2022-06-16,59.0,49.0,7.0,3.0,3.0,2.0,"Chhatrapati Shivaji Intl. Airport (T2), Mumbai"
2022-06-17,57.0,48.0,7.0,4.0,3.0,2.0,"Chhatrapati Shivaji Intl. Airport (T2), Mumbai"
2022-06-18,55.0,31.0,7.0,4.0,4.0,2.0,"Chhatrapati Shivaji Intl. Airport (T2), Mumbai"
2022-06-19,39.0,48.0,7.0,4.0,4.0,2.0,"Chhatrapati Shivaji Intl. Airport (T2), Mumbai"
2022-06-20,39.0,30.0,8.0,5.0,4.0,3.0,"Chhatrapati Shivaji Intl. Airport (T2), Mumbai"
2022-06-21,40.0,43.0,8.0,4.0,4.0,4.0,"Chhatrapati Shivaji Intl. Airport (T2), Mumbai"
2022-06-22,57.0,45.0,8.0,5.0,4.0,3.0,"Chhatrapati Shivaji Intl. Airport (T2), Mumbai"
2022-06-23,51.0,39.0,8.0,4.0,5.0,4.0,"Chhatrapati Shivaji Intl. Airport (T2), Mumbai"
2022-06-24,54.0,36.0,8.0,8.0,5.0,4.0,"Chhatrapati Shivaji Intl. Airport (T2), Mumbai"
2022-06-25,42.0,27.0,8.0,10.0,4.0,2.0,"Chhatrapati Shivaji Intl. Airport (T2), Mumbai"
2022-06-26,32.0,33.0,8.0,7.0,4.0,2.0,"Chhatrapati Shivaji Intl. Airport (T2), Mumbai"
2022-06-27,41.0,45.0,8.0,4.0,5.0,3.0,"Chhatrapati Shivaji Intl. Airport (T2), Mumbai"
2022-06-28,65.0,55.0,8.0,1.0,6.0,6.0,"Chhatrapati Shivaji Intl. Airport (T2), Mumbai"
2022-06-29,70.0,27.0,8.0,3.0,5.0,4.0,"Chhatrapati Shivaji Intl. Airport (T2), Mumbai"
2022-06-30,47.0,32.0,8.0,2.0,5.0,5.0,"Chhatrapati Shivaji Intl. Airport (T2), Mumbai"
2022-07-01,53.0,59.0,7.0,3.0,5.0,3.0,"Chhatrapati Shivaji Intl. Airport (T2), Mumbai"
2022-07-02,70.0,56.0,8.0,5.0,4.0,1.0,"Chhatrapati Shivaji Intl. Airport (T2), Mumbai"
2022-07-03,64.0,36.0,7.0,2.0,5.0,3.0,"Chhatrapati Shivaji Intl. Airport (T2), Mumbai"
2022-07-04,50.0,33.0,7.0,2.0,6.0,4.0,"Chhatrapati Shivaji Intl. Airport (T2), Mumbai"
2022-07-05,28.0,32.0,9.0,2.0,5.0,3.0,"Chhatrapati Shivaji Intl. Airport (T2), Mumbai"
2022-07-06,36.75,46.0,12.0,2.0,5.0,3.0,"Chhatrapati Shivaji Intl. Airport (T2), Mumbai"
2022-07-07,45.5,56.0,53.0,1.0,5.0,3.0,"Chhatrapati Shivaji Intl. Airport (T2), Mumbai"
2022-07-08,54.25,53.0,62.0,2.0,5.0,3.0,"Chhatrapati Shivaji Intl. Airport (T2), Mumbai"
2022-07-09,63.0,53.0,34.5,1.0,5.0,3.0,"Chhatrapati Shivaji Intl. Airport (T2), Mumbai"
2022-07-10,64.0,50.0,7.0,3.0,5.0,3.0,"Chhatrapati Shivaji Intl. Airport (T2), Mumbai"
2022-07-11,62.0,43.0,8.0,3.0,5.0,3.0,"Chhatrapati Shivaji Intl. Airport (T2), Mumbai"
2022-07-12,56.0,43.0,8.0,3.0,4.0,2.0,"Chhatrapati Shivaji Intl. Airport (T2), Mumbai"
2022-07-13,55.0,43.0,9.0,5.0,4.0,3.0,"Chhatrapati Shivaji Intl. Airport (T2), Mumbai"
2022-07-14,52.0,54.0,24.0,6.0,4.0,2.0,"Chhatrapati Shivaji Intl. Airport (T2), Mumbai"
2022-07-15,74.0,48.0,8.0,6.0,4.0,2.0,"Chhatrapati Shivaji Intl. Airport (T2), Mumbai"
2022-07-16,63.0,49.0,8.0,4.0,5.0,2.0,"Chhatrapati Shivaji Intl. Airport (T2), Mumbai"
2022-07-17,59.0,51.0,8.0,5.0,4.0,2.0,"Chhatrapati Shivaji Intl. Airport (T2), Mumbai"
2022-07-18,62.0,54.0,8.0,5.0,3.0,2.0,"Chhatrapati Shivaji Intl. Airport (T2), Mumbai"
2022-07-19,66.0,45.0,8.0,5.0,3.0,3.0,"Chhatrapati Shivaji Intl. Airport (T2), Mumbai"
2022-07-20,59.0,47.0,8.0,6.0,3.0,3.0,"Chhatrapati Shivaji Intl. Airport (T2), Mumbai"
2022-07-21,59.0,54.0,8.0,6.0,3.0,3.0,"Chhatrapati Shivaji Intl. Airport (T2), Mumbai"
2022-07-22,61.0,51.0,8.0,6.0,3.0,3.0,"Chhatrapati Shivaji Intl. Airport (T2), Mumbai"
2022-07-23,61.0,43.0,8.0,6.0,3.0,2.0,"Chhatrapati Shivaji Intl. Airport (T2), Mumbai"
2022-07-24,54.0,45.0,8.0,6.0,3.0,2.0,"Chhatrapati Shivaji Intl. Airport (T2), Mumbai"
2022-07-25,55.0,47.0,8.0,7.0,3.0,2.0,"Chhatrapati Shivaji Intl. Airport (T2), Mumbai"
2022-07-26,59.0,44.0,8.0,6.0,4.0,4.0,"Chhatrapati Shivaji Intl. Airport (T2), Mumbai"
2022-07-27,59.0,67.0,8.0,8.0,4.0,7.0,"Chhatrapati Shivaji Intl. Airport (T2), Mumbai"
2022-07-28,77.0,80.0,8.0,7.0,4.0,5.0,"Chhatrapati Shivaji Intl. Airport (T2), Mumbai"
2022-07-29,72.0,67.0,9.0,6.0,4.0,4.0,"Chhatrapati Shivaji Intl. Airport (T2), Mumbai"
2022-07-30,65.0,66.0,8.0,7.0,3.0,3.0,"Chhatrapati Shivaji Intl. Airport (T2), Mumbai"
2022-07-31,69.0,54.0,8.0,7.0,7.0,3.0,"Chhatrapati Shivaji Intl. Airport (T2), Mumbai"
2022-08-01,59.0,57.0,9.0,8.0,15.0,3.0,"Chhatrapati Shivaji Intl. Airport (T2), Mumbai"
2022-08-02,62.0,53.0,11.0,8.0,17.0,4.0,"Chhatrapati Shivaji Intl. Airport (T2), Mumbai"
2022-08-03,63.0,54.0,9.0,8.0,17.0,4.0,"Chhatrapati Shivaji Intl. Airport (T2), Mumbai"
2022-08-04,59.0,42.0,9.0,9.0,11.0,4.0,"Chhatrapati Shivaji Intl. Airport (T2), Mumbai"
2022-08-05,49.0,30.0,13.0,11.0,6.0,4.0,"Chhatrapati Shivaji Intl. Airport (T2), Mumbai"
2022-08-06,42.0,29.0,8.0,11.0,5.0,4.0,"Chhatrapati Shivaji Intl. Airport (T2), Mumbai"
2022-08-07,48.0,24.0,7.0,11.0,4.0,4.0,"Chhatrapati Shivaji Intl. Airport (T2), Mumbai"
2022-08-08,38.0,33.0,7.0,9.0,2.5,2.0,"Chhatrapati Shivaji Intl. Airport (T2), Mumbai"
2022-08-09,48.0,36.0,8.0,7.0,1.0,1.0,"Chhatrapati Shivaji Intl. Airport (T2), Mumbai"
2022-08-10,51.0,47.0,7.0,6.0,4.0,1.0,"Chhatrapati Shivaji Intl. Airport (T2), Mumbai"
2022-08-11,61.0,42.0,7.0,7.0,2.0,1.0,"Chhatrapati Shivaji Intl. Airport (T2), Mumbai"
2022-08-12,56.0,44.0,7.0,5.0,2.0,1.0,"Chhatrapati Shivaji Intl. Airport (T2), Mumbai"
2022-08-13,57.0,44.0,7.0,4.0,2.0,1.0,"Chhatrapati Shivaji Intl. Airport (T2), Mumbai"
2022-08-14,55.0,41.0,7.0,3.0,2.0,1.0,"Chhatrapati Shivaji Intl. Airport (T2), Mumbai"
2022-08-15,54.0,34.0,7.0,4.0,2.0,1.0,"Chhatrapati Shivaji Intl. Airport (T2), Mumbai"
2022-08-16,50.0,35.0,7.0,6.0,1.0,1.0,"Chhatrapati Shivaji Intl. Airport (T2), Mumbai"
2022-08-17,47.0,36.0,12.0,4.0,1.0,1.0,"Chhatrapati Shivaji Intl. Airport (T2), Mumbai"
2022-08-18,50.0,40.0,7.0,1.0,2.0,2.0,"Chhatrapati Shivaji Intl. Airport (T2), Mumbai"
2022-08-19,52.0,36.0,7.0,1.0,2.0,3.0,"Chhatrapati Shivaji Intl. Airport (T2), Mumbai"
2022-08-20,51.0,41.0,10.0,2.0,1.0,2.0,"Chhatrapati Shivaji Intl. Airport (T2), Mumbai"
2022-08-21,52.0,41.0,8.0,2.0,1.0,2.0,"Chhatrapati Shivaji Intl. Airport (T2), Mumbai"
2022-08-22,53.0,39.0,9.0,1.0,2.0,2.0,"Chhatrapati Shivaji Intl. Airport (T2), Mumbai"
2022-08-23,49.0,40.0,7.0,1.3333333333333333,3.0,2.0,"Chhatrapati Shivaji Intl. Airport (T2), Mumbai"
2022-08-24,56.0,45.0,7.0,1.6666666666666665,3.0,3.0,"Chhatrapati Shivaji Intl. Airport (T2), Mumbai"
2022-08-25,56.0,64.0,7.0,2.0,3.0,4.0,"Chhatrapati Shivaji Intl. Airport (T2), Mumbai"
2022-08-26,70.0,77.0,7.0,2.0,3.0,4.0,"Chhatrapati Shivaji Intl. Airport (T2), Mumbai"
2022-08-27,77.0,73.0,7.0,3.0,3.0,3.0,"Chhatrapati Shivaji Intl. Airport (T2), Mumbai"
2022-08-28,73.0,77.0,7.0,3.0,2.0,4.0,"Chhatrapati Shivaji Intl. Airport (T2), Mumbai"
2022-08-29,79.0,96.0,7.0,3.0,2.0,4.0,"Chhatrapati Shivaji Intl. Airport (T2), Mumbai"
2022-08-30,92.0,85.0,11.0,5.0,2.0,3.0,"Chhatrapati Shivaji Intl. Airport (T2), Mumbai"
2022-08-31,95.0,51.0,9.0,8.0,2.0,3.0,"Chhatrapati Shivaji Intl. Airport (T2), Mumbai"
2022-09-01,61.0,72.0,11.0,6.0,2.0,5.0,"Chhatrapati Shivaji Intl. Airport (T2), Mumbai"
2022-09-02,81.0,69.0,9.0,4.0,4.0,6.0,"Chhatrapati Shivaji Intl. Airport (T2), Mumbai"
2022-09-03,84.0,49.0,7.0,1.0,4.0,5.0,"Chhatrapati Shivaji Intl. Airport (T2), Mumbai"
2022-09-04,64.0,56.0,10.0,3.0,3.0,4.0,"Chhatrapati Shivaji Intl. Airport (T2), Mumbai"
2022-09-05,64.0,68.0,7.0,2.0,4.0,5.0,"Chhatrapati Shivaji Intl. Airport (T2), Mumbai"
2022-09-06,70.0,64.0,7.0,5.0,3.0,5.0,"Chhatrapati Shivaji Intl. Airport (T2), Mumbai"
2022-09-07,74.0,42.0,7.0,8.0,4.0,5.0,"Chhatrapati Shivaji Intl. Airport (T2), Mumbai"
2022-09-08,62.0,43.0,7.0,7.0,4.0,6.0,"Chhatrapati Shivaji Intl. Airport (T2), Mumbai"
2022-09-09,61.0,46.0,17.0,6.0,3.0,5.0,"Chhatrapati Shivaji Intl. Airport (T2), Mumbai"
2022-09-10,64.0,52.0,10.0,6.0,3.0,5.0,"Chhatrapati Shivaji Intl. Airport (T2), Mumbai"
2022-09-11,69.0,32.0,30.0,8.0,2.0,4.0,"Chhatrapati Shivaji Intl. Airport (T2), Mumbai"
2022-09-12,48.0,24.0,9.0,5.0,3.0,4.0,"Chhatrapati Shivaji Intl. Airport (T2), Mumbai"
2022-09-13,44.0,22.0,12.0,7.0,2.0,1.0,"Chhatrapati Shivaji Intl. Airport (T2), Mumbai"
2022-09-14,41.0,29.0,11.0,8.0,1.0,1.0,"Chhatrapati Shivaji Intl. Airport (T2), Mumbai"
2022-09-15,42.0,30.0,9.0,5.0,2.0,4.0,"Chhatrapati Shivaji Intl. Airport (T2), Mumbai"
2022-09-16,48.0,30.0,9.0,2.0,4.0,3.0,"Chhatrapati Shivaji Intl. Airport (T2), Mumbai"
2022-09-17,41.0,25.0,10.0,2.0,3.0,4.0,"Chhatrapati Shivaji Intl. Airport (T2), Mumbai"
2022-09-18,41.0,41.0,10.0,2.0,3.0,5.0,"Chhatrapati Shivaji Intl. Airport (T2), Mumbai"
2022-09-19,57.0,52.0,10.0,2.0,3.0,6.0,"Chhatrapati Shivaji Intl. Airport (T2), Mumbai"
2022-09-20,65.0,52.0,10.0,1.0,3.0,5.0,"Chhatrapati Shivaji Intl. Airport (T2), Mumbai"
2022-09-21,59.0,57.0,10.0,3.0,3.0,6.0,"Chhatrapati Shivaji Intl. Airport (T2), Mumbai"
2022-09-22,71.0,59.0,9.0,5.0,3.0,6.0,"Chhatrapati Shivaji Intl. Airport (T2), Mumbai"
2022-09-23,69.0,41.0,9.0,3.0,2.0,4.0,"Chhatrapati Shivaji Intl. Airport (T2), Mumbai"
2022-09-24,52.0,44.0,9.0,3.0,2.0,3.0,"Chhatrapati Shivaji Intl. Airport (T2), Mumbai"
2022-09-25,48.0,76.0,9.0,3.0,3.0,6.0,"Chhatrapati Shivaji Intl. Airport (T2), Mumbai"
2022-09-26,63.0,89.0,9.0,1.0,5.0,9.0,"Chhatrapati Shivaji Intl. Airport (T2), Mumbai"
2022-09-27,82.0,73.0,9.0,2.0,5.0,10.0,"Chhatrapati Shivaji Intl. Airport (T2), Mumbai"
2022-09-28,83.0,77.0,9.0,3.0,5.0,9.0,"Chhatrapati Shivaji Intl. Airport (T2), Mumbai"
2022-09-29,91.0,81.0,9.0,4.0,5.0,9.0,"Chhatrapati Shivaji Intl. Airport (T2), Mumbai"
2022-09-30,90.0,81.0,9.0,4.0,4.0,7.0,"Chhatrapati Shivaji Intl. Airport (T2), Mumbai"
2022-10-01,87.0,71.0,10.0,2.0,4.0,6.0,"Chhatrapati Shivaji Intl. Airport (T2), Mumbai"
2022-10-02,66.0,89.0,9.0,6.0,3.0,6.0,"Chhatrapati Shivaji Intl. Airport (T2), Mumbai"
2022-10-03,75.0,107.0,9.0,8.0,2.0,5.0,"Chhatrapati Shivaji Intl. Airport (T2), Mumbai"
2022-10-04,91.0,80.0,14.0,8.0,2.0,4.0,"Chhatrapati Shivaji Intl. Airport (T2), Mumbai"
2022-10-05,79.0,64.0,15.0,7.0,2.0,4.0,"Chhatrapati Shivaji Intl. Airport (T2), Mumbai"
2022-10-06,63.0,45.0,10.0,7.0,2.0,5.0,"Chhatrapati Shivaji Intl. Airport (T2), Mumbai"
2022-10-07,62.0,32.0,9.0,6.0,3.0,5.0,"Chhatrapati Shivaji Intl. Airport (T2), Mumbai"
2022-10-08,44.0,44.0,9.0,3.0,3.0,4.0,"Chhatrapati Shivaji Intl. Airport (T2), Mumbai"
2022-10-09,54.0,73.0,9.0,6.0,2.0,6.0,"Chhatrapati Shivaji Intl. Airport (T2), Mumbai"
2022-10-10,75.0,84.0,10.0,5.0,3.0,6.0,"Chhatrapati Shivaji Intl. Airport (T2), Mumbai"
2022-10-11,84.0,70.0,10.0,4.0,4.0,7.0,"Chhatrapati Shivaji Intl. Airport (T2), Mumbai"
2022-10-12,81.0,72.0,9.0,5.0,4.0,10.0,"Chhatrapati Shivaji Intl. Airport (T2), Mumbai"
2022-10-13,87.0,65.0,9.0,9.0,3.0,8.0,"Chhatrapati Shivaji Intl. Airport (T2), Mumbai"
2022-10-14,78.0,92.0,10.0,7.0,3.0,8.0,"Chhatrapati Shivaji Intl. Airport (T2), Mumbai"
2022-10-15,88.0,111.0,12.0,10.0,3.0,7.0,"Chhatrapati Shivaji Intl. Airport (T2), Mumbai"
2022-10-16,100.0,113.75,11.75,10.125,3.125,7.25,"Chhatrapati Shivaji Intl. Airport (T2), Mumbai"
2022-10-23,138.5,133.0,10.0,11.0,4.0,9.0,"Chhatrapati Shivaji Intl. Airport (T2), Mumbai"
2022-10-24,144.0,193.0,13.0,18.0,4.0,11.0,"Chhatrapati Shivaji Intl. Airport (T2), Mumbai"
2022-10-25,176.0,187.0,13.0,19.0,3.0,10.0,"Chhatrapati Shivaji Intl. Airport (T2), Mumbai"
2022-10-26,147.0,205.0,14.0,24.0,2.0,9.0,"Chhatrapati Shivaji Intl. Airport (T2), Mumbai"
2022-10-27,147.0,168.0,15.0,24.0,3.0,8.0,"Chhatrapati Shivaji Intl. Airport (T2), Mumbai"
2022-10-28,142.0,162.0,15.0,20.0,3.0,8.0,"Chhatrapati Shivaji Intl. Airport (T2), Mumbai"
2022-10-29,138.0,113.0,16.0,23.0,2.0,5.0,"Chhatrapati Shivaji Intl. Airport (T2), Mumbai"
2022-10-30,113.0,160.0,16.0,18.0,2.0,9.0,"Chhatrapati Shivaji Intl. Airport (T2), Mumbai"
2022-10-31,134.0,206.0,18.0,15.0,2.0,9.0,"Chhatrapati Shivaji Intl. Airport (T2), Mumbai"
2022-11-01,141.0,149.0,18.0,16.0,2.0,10.0,"Chhatrapati Shivaji Intl. Airport (T2), Mumbai"
2022-11-02,145.0,163.0,17.0,16.0,2.0,8.0,"Chhatrapati Shivaji Intl. Airport (T2), Mumbai"
2022-11-03,127.0,177.0,16.0,16.0,3.0,9.0,"Chhatrapati Shivaji Intl. Airport (T2), Mumbai"
2022-11-04,120.0,116.0,17.0,17.0,3.0,8.0,"Chhatrapati Shivaji Intl. Airport (T2), Mumbai"
2022-11-05,117.0,132.0,15.0,14.0,4.0,12.0,"Chhatrapati Shivaji Intl. Airport (T2), Mumbai"
2022-11-06,135.0,135.0,15.0,16.0,4.0,13.0,"Chhatrapati Shivaji Intl. Airport (T2), Mumbai"
2022-11-07,148.0,137.0,15.0,16.0,4.0,14.0,"Chhatrapati Shivaji Intl. Airport (T2), Mumbai"
2022-11-08,147.0,152.0,16.0,20.0,4.0,14.0,"Chhatrapati Shivaji Intl. Airport (T2), Mumbai"
2022-11-09,155.0,127.0,16.0,19.0,4.0,12.0,"Chhatrapati Shivaji Intl. Airport (T2), Mumbai"
2022-11-10,141.0,107.0,17.0,18.0,3.0,8.0,"Chhatrapati Shivaji Intl. Airport (T2), Mumbai"
2022-11-11,121.0,111.0,19.0,20.0,3.0,7.0,"Chhatrapati Shivaji Intl. Airport (T2), Mumbai"
2022-11-12,133.0,115.0,19.0,18.0,3.0,8.0,"Chhatrapati Shivaji Intl. Airport (T2), Mumbai"
2022-11-13,138.0,134.0,22.0,23.0,3.0,11.0,"Chhatrapati Shivaji Intl. Airport (T2), Mumbai"
2022-11-14,156.0,153.0,20.0,22.0,4.0,16.0,"Chhatrapati Shivaji Intl. Airport (T2), Mumbai"
2022-11-15,161.0,139.0,16.0,20.0,5.0,15.0,"Chhatrapati Shivaji Intl. Airport (T2), Mumbai"
2022-11-16,153.0,122.0,16.0,18.0,4.0,10.0,"Chhatrapati Shivaji Intl. Airport (T2), Mumbai"
2022-11-17,136.0,88.0,18.0,18.0,3.0,7.0,"Chhatrapati Shivaji Intl. Airport (T2), Mumbai"
2022-11-18,94.0,102.0,19.0,18.0,2.0,9.0,"Chhatrapati Shivaji Intl. Airport (T2), Mumbai"
2022-11-19,110.0,96.0,20.0,19.0,2.0,8.0,"Chhatrapati Shivaji Intl. Airport (T2), Mumbai"
2022-11-20,107.0,104.0,19.0,22.0,1.0,8.0,"Chhatrapati Shivaji Intl. Airport (T2), Mumbai"
2022-11-21,116.0,128.0,17.0,25.0,1.5,12.0,"Chhatrapati Shivaji Intl. Airport (T2), Mumbai"
2022-11-22,146.0,143.0,19.0,24.0,2.0,13.0,"Chhatrapati Shivaji Intl. Airport (T2), Mumbai"
2022-11-23,147.0,162.0,16.0,26.0,3.0,16.0,"Chhatrapati Shivaji Intl. Airport (T2), Mumbai"
2022-11-24,161.0,159.0,16.0,24.0,3.0,16.0,"Chhatrapati Shivaji Intl. Airport (T2), Mumbai"
2022-11-25,161.0,160.0,17.0,25.0,3.0,16.0,"Chhatrapati Shivaji Intl. Airport (T2), Mumbai"
2022-11-26,164.0,149.0,15.0,21.0,4.0,17.0,"Chhatrapati Shivaji Intl. Airport (T2), Mumbai"
2022-11-27,161.0,128.0,13.0,16.0,4.0,16.0,"Chhatrapati Shivaji Intl. Airport (T2), Mumbai"
2022-11-28,138.0,131.0,14.0,19.0,4.0,16.0,"Chhatrapati Shivaji Intl. Airport (T2), Mumbai"
2022-11-29,149.0,142.0,18.0,21.0,3.0,15.0,"Chhatrapati Shivaji Intl. Airport (T2), Mumbai"
2022-11-30,155.0,180.0,19.0,27.0,3.0,16.0,"Chhatrapati Shivaji Intl. Airport (T2), Mumbai"
2022-12-01,167.0,155.0,17.0,24.0,1.0,15.0,"Chhatrapati Shivaji Intl. Airport (T2), Mumbai"
2022-12-02,160.0,154.0,16.0,22.0,4.0,17.0,"Chhatrapati Shivaji Intl. Airport (T2), Mumbai"
2022-12-03,158.0,154.0,14.0,22.0,3.0,17.0,"Chhatrapati Shivaji Intl. Airport (T2), Mumbai"
2022-12-04,163.0,165.0,12.0,21.0,3.0,19.0,"Chhatrapati Shivaji Intl. Airport (T2), Mumbai"
2022-12-05,168.0,161.0,14.0,16.0,3.0,17.0,"Chhatrapati Shivaji Intl. Airport (T2), Mumbai"
2022-12-06,168.0,163.0,14.0,16.0,3.0,16.0,"Chhatrapati Shivaji Intl. Airport (T2), Mumbai"
2022-12-07,168.0,142.0,15.0,12.0,3.0,14.0,"Chhatrapati Shivaji Intl. Airport (T2), Mumbai"
2022-12-08,157.0,107.0,28.0,15.0,3.0,10.0,"Chhatrapati Shivaji Intl. Airport (T2), Mumbai"
2022-12-09,120.0,121.0,16.0,17.0,1.0,12.0,"Chhatrapati Shivaji Intl. Airport (T2), Mumbai"
2022-12-10,131.0,133.0,15.0,20.0,2.0,15.0,"Chhatrapati Shivaji Intl. Airport (T2), Mumbai"
2022-12-11,144.0,110.0,15.0,16.0,2.0,11.0,"Chhatrapati Shivaji Intl. Airport (T2), Mumbai"
2022-12-12,131.0,103.0,11.0,12.0,4.0,11.0,"Chhatrapati Shivaji Intl. Airport (T2), Mumbai"
2022-12-13,123.0,89.0,10.0,13.0,6.0,9.0,"Chhatrapati Shivaji Intl. Airport (T2), Mumbai"
2022-12-14,105.0,92.0,11.0,16.0,2.0,11.0,"Chhatrapati Shivaji Intl. Airport (T2), Mumbai"
2022-12-15,108.0,104.0,13.0,21.0,2.5,12.0,"Chhatrapati Shivaji Intl. Airport (T2), Mumbai"
2022-12-16,123.0,110.0,12.0,21.0,3.0,12.0,"Chhatrapati Shivaji Intl. Airport (T2), Mumbai"
2022-12-17,131.0,101.0,13.0,18.0,3.0,10.0,"Chhatrapati Shivaji Intl. Airport (T2), Mumbai"
2022-12-18,123.0,111.0,14.0,18.0,3.0,10.0,"Chhatrapati Shivaji Intl. Airport (T2), Mumbai"
2022-12-19,114.0,117.0,15.0,20.0,3.0,12.0,"Chhatrapati Shivaji Intl. Airport (T2), Mumbai"
2022-12-20,134.0,128.0,18.0,22.0,3.0,14.0,"Chhatrapati Shivaji Intl. Airport (T2), Mumbai"
2022-12-21,147.0,155.0,16.0,23.0,3.0,17.0,"Chhatrapati Shivaji Intl. Airport (T2), Mumbai"
2022-12-22,159.0,151.0,16.0,20.0,5.0,16.0,"Chhatrapati Shivaji Intl. Airport (T2), Mumbai"
2022-12-23,154.0,119.0,15.0,18.0,5.0,11.0,"Chhatrapati Shivaji Intl. Airport (T2), Mumbai"
2022-12-24,124.0,128.0,19.0,17.0,3.0,12.0,"Chhatrapati Shivaji Intl. Airport (T2), Mumbai"
2022-12-25,144.0,135.0,18.0,18.0,2.0,14.0,"Chhatrapati Shivaji Intl. Airport (T2), Mumbai"
2022-12-26,154.0,150.0,15.0,20.0,2.25,17.0,"Chhatrapati Shivaji Intl. Airport (T2), Mumbai"
2022-12-27,161.0,148.0,12.0,13.0,2.5,16.0,"Chhatrapati Shivaji Intl. Airport (T2), Mumbai"
2022-12-28,152.0,150.0,12.0,17.0,2.75,18.0,"Chhatrapati Shivaji Intl. Airport (T2), Mumbai"
2022-12-29,151.0,152.0,16.0,23.0,3.0,17.0,"Chhatrapati Shivaji Intl. Airport (T2), Mumbai"
2022-12-30,160.0,138.0,14.0,19.0,2.6666666666666665,15.0,"Chhatrapati Shivaji Intl. Airport (T2), Mumbai"
2022-12-31,135.0,106.0,19.0,17.0,2.3333333333333335,11.0,"Chhatrapati Shivaji Intl. Airport (T2), Mumbai"
2023-01-01,126.0,133.0,14.0,21.0,2.0,14.0,"Chhatrapati Shivaji Intl. Airport (T2), Mumbai"
2023-01-02,148.0,148.0,14.0,25.0,1.875,16.0,"Chhatrapati Shivaji Intl. Airport (T2), Mumbai"
2023-01-03,156.0,149.0,25.0,17.0,1.75,16.0,"Chhatrapati Shivaji Intl. Airport (T2), Mumbai"
2023-01-04,158.0,153.0,17.0,15.0,1.625,16.0,"Chhatrapati Shivaji Intl. Airport (T2), Mumbai"
2023-01-05,161.0,145.0,14.0,10.0,7.0,16.0,"Chhatrapati Shivaji Intl. Airport (T2), Mumbai"
2023-01-06,155.0,128.0,16.0,16.0,7.0,13.0,"Chhatrapati Shivaji Intl. Airport (T2), Mumbai"
2023-01-07,156.0,117.0,15.0,15.0,7.0,11.0,"Chhatrapati Shivaji Intl. Airport (T2), Mumbai"
2023-01-08,135.0,98.0,14.0,15.0,7.0,11.0,"Chhatrapati Shivaji Intl. Airport (T2), Mumbai"
2023-01-09,101.0,127.0,15.0,20.0,1.0,13.0,"Chhatrapati Shivaji Intl. Airport (T2), Mumbai"
2023-01-10,131.0,151.0,17.0,20.0,6.0,17.0,"Chhatrapati Shivaji Intl. Airport (T2), Mumbai"
2023-01-11,154.0,109.0,15.0,27.0,8.0,10.0,"Chhatrapati Shivaji Intl. Airport (T2), Mumbai"
2023-01-12,114.0,153.0,10.0,13.0,14.0,7.0,"Chhatrapati Shivaji Intl. Airport (T2), Mumbai"
2023-01-13,126.0,158.0,16.0,19.0,18.0,9.0,"Chhatrapati Shivaji Intl. Airport (T2), Mumbai"
2023-01-14,147.0,146.0,18.0,17.0,18.0,14.0,"Chhatrapati Shivaji Intl. Airport (T2), Mumbai"
2023-01-15,156.0,147.0,17.0,25.0,17.0,15.0,"Chhatrapati Shivaji Intl. Airport (T2), Mumbai"
2023-01-16,156.0,180.0,18.0,25.0,11.0,17.0,"Chhatrapati Shivaji Intl. Airport (T2), Mumbai"
2023-01-17,165.0,183.0,23.0,24.0,16.0,19.0,"Chhatrapati Shivaji Intl. Airport (T2), Mumbai"
2023-01-18,167.0,192.0,14.0,18.0,9.0,24.0,"Chhatrapati Shivaji Intl. Airport (T2), Mumbai"
2023-01-19,168.0,139.0,13.0,19.0,9.0,10.0,"Chhatrapati Shivaji Intl. Airport (T2), Mumbai"
2023-01-20,139.0,119.0,15.0,29.0,10.0,14.0,"Chhatrapati Shivaji Intl. Airport (T2), Mumbai"
2023-01-21,135.0,114.0,18.0,29.0,9.0,14.0,"Chhatrapati Shivaji Intl. Airport (T2), Mumbai"
2023-01-22,123.0,119.0,16.0,34.0,11.0,14.0,"Chhatrapati Shivaji Intl. Airport (T2), Mumbai"
2023-01-23,134.0,125.0,16.0,36.0,10.0,14.0,"Chhatrapati Shivaji Intl. Airport (T2), Mumbai"
2023-01-24,144.0,138.0,18.0,36.5,7.0,14.0,"Chhatrapati Shivaji Intl. Airport (T2), Mumbai"
2023-01-25,154.0,152.0,19.0,37.0,7.0,4.0,"Chhatrapati Shivaji Intl. Airport (T2), Mumbai"
2023-01-26,162.0,158.0,13.0,7.0,7.0,11.0,"Chhatrapati Shivaji Intl. Airport (T2), Mumbai"
2023-01-27,164.0,155.0,13.0,3.0,7.0,20.0,"Chhatrapati Shivaji Intl. Airport (T2), Mumbai"
2023-01-28,110.0,109.0,12.0,2.0,6.0,12.0,"Chhatrapati Shivaji Intl. Airport (T2), Mumbai"
2023-01-29,133.0,112.0,14.0,14.0,7.0,13.0,"Chhatrapati Shivaji Intl. Airport (T2), Mumbai"
2023-01-30,124.0,136.0,14.0,35.0,6.0,15.0,"Chhatrapati Shivaji Intl. Airport (T2), Mumbai"
2023-01-31,148.0,122.0,14.0,33.0,7.0,15.0,"Chhatrapati Shivaji Intl. Airport (T2), Mumbai"
2023-02-01,138.0,109.0,15.0,19.0,7.0,12.0,"Chhatrapati Shivaji Intl. Airport (T2), Mumbai"
2023-02-02,120.0,152.0,17.0,16.0,7.0,18.0,"Chhatrapati Shivaji Intl. Airport (T2), Mumbai"
2023-02-03,140.0,150.0,17.0,17.0,7.0,18.0,"Chhatrapati Shivaji Intl. Airport (T2), Mumbai"
2023-02-04,155.0,151.0,16.0,16.0,7.0,21.0,"Chhatrapati Shivaji Intl. Airport (T2), Mumbai"
2023-02-05,147.0,135.0,18.0,16.0,7.0,15.0,"Chhatrapati Shivaji Intl. Airport (T2), Mumbai"
2023-02-06,152.0,125.0,14.0,13.0,7.0,13.0,"Chhatrapati Shivaji Intl. Airport (T2), Mumbai"
2023-02-07,121.0,165.0,13.0,19.0,7.0,19.0,"Chhatrapati Shivaji Intl. Airport (T2), Mumbai"
2023-02-08,158.0,192.0,18.0,15.0,7.0,18.5,"Chhatrapati Shivaji Intl. Airport (T2), Mumbai"
2023-02-09,155.0,144.0,14.0,12.0,8.0,18.0,"Chhatrapati Shivaji Intl. Airport (T2), Mumbai"
2023-02-10,144.0,118.0,15.0,7.0,7.0,15.0,"Chhatrapati Shivaji Intl. Airport (T2), Mumbai"
2023-02-11,117.0,127.0,16.0,12.0,6.0,17.0,"Chhatrapati Shivaji Intl. Airport (T2), Mumbai"
2023-02-12,134.0,103.0,17.0,10.0,7.0,11.0,"Chhatrapati Shivaji Intl. Airport (T2), Mumbai"
2023-02-13,102.0,135.0,17.0,14.0,7.0,17.0,"Chhatrapati Shivaji Intl. Airport (T2), Mumbai"
2023-02-14,136.0,153.0,15.0,16.0,3.0,20.0,"Chhatrapati Shivaji Intl. Airport (T2), Mumbai"
2023-02-15,144.0,156.0,14.0,13.0,3.0,19.0,"Chhatrapati Shivaji Intl. Airport (T2), Mumbai"
2023-02-16,140.0,172.0,15.0,16.0,4.0,19.0,"Chhatrapati Shivaji Intl. Airport (T2), Mumbai"
2023-02-17,152.0,154.0,17.0,13.0,4.0,19.0,"Chhatrapati Shivaji Intl. Airport (T2), Mumbai"
2023-02-18,136.0,169.0,24.0,12.0,4.0,21.0,"Chhatrapati Shivaji Intl. Airport (T2), Mumbai"
2023-02-19,148.0,149.0,12.0,10.0,3.0,21.0,"Chhatrapati Shivaji Intl. Airport (T2), Mumbai"
2023-02-20,150.0,151.0,12.0,11.0,3.0,21.0,"Chhatrapati Shivaji Intl. Airport (T2), Mumbai"
2023-02-21,141.0,111.0,10.0,10.0,4.0,14.0,"Chhatrapati Shivaji Intl. Airport (T2), Mumbai"
2023-02-22,113.0,149.0,14.0,18.0,4.0,19.0,"Chhatrapati Shivaji Intl. Airport (T2), Mumbai"
2023-02-23,150.0,170.0,16.0,22.0,4.0,23.0,"Chhatrapati Shivaji Intl. Airport (T2), Mumbai"
2023-02-24,154.0,169.0,17.0,16.0,3.0,21.0,"Chhatrapati Shivaji Intl. Airport (T2), Mumbai"
2023-02-25,151.0,156.0,17.0,20.0,4.0,21.0,"Chhatrapati Shivaji Intl. Airport (T2), Mumbai"
2023-02-26,154.0,142.0,13.0,21.0,3.0,20.0,"Chhatrapati Shivaji Intl. Airport (T2), Mumbai"
2023-02-27,145.0,147.0,11.0,14.0,4.0,19.0,"Chhatrapati Shivaji Intl. Airport (T2), Mumbai"
2023-02-28,144.0,147.0,9.0,16.0,3.0,20.0,"Chhatrapati Shivaji Intl. Airport (T2), Mumbai"
2023-03-01,145.0,186.0,9.0,23.0,3.0,21.0,"Chhatrapati Shivaji Intl. Airport (T2), Mumbai"
2023-03-02,160.0,215.0,9.0,26.0,4.0,22.0,"Chhatrapati Shivaji Intl. Airport (T2), Mumbai"
2023-03-03,171.0,246.0,9.0,27.0,4.0,23.0,"Chhatrapati Shivaji Intl. Airport (T2), Mumbai"
2023-03-04,174.0,209.0,9.0,24.0,4.0,24.0,"Chhatrapati Shivaji Intl. Airport (T2), Mumbai"
2023-03-05,171.0,205.0,9.0,22.0,4.0,20.0,"Chhatrapati Shivaji Intl. Airport (T2), Mumbai"
2023-03-06,152.0,90.0,9.0,13.0,4.0,12.0,"Chhatrapati Shivaji Intl. Airport (T2), Mumbai"
2023-03-07,96.0,101.0,9.0,15.0,4.0,16.0,"Chhatrapati Shivaji Intl. Airport (T2), Mumbai"
2023-03-08,114.0,104.0,9.0,17.0,3.0,15.0,"Chhatrapati Shivaji Intl. Airport (T2), Mumbai"
2023-03-09,112.0,104.0,9.0,19.0,4.0,13.0,"Chhatrapati Shivaji Intl. Airport (T2), Mumbai"
2023-03-10,98.0,124.0,9.0,22.0,4.0,17.0,"Chhatrapati Shivaji Intl. Airport (T2), Mumbai"
2023-03-11,128.0,131.0,9.0,23.0,4.0,18.0,"Chhatrapati Shivaji Intl. Airport (T2), Mumbai"
2023-03-12,149.0,134.0,9.0,21.0,4.0,20.0,"Chhatrapati Shivaji Intl. Airport (T2), Mumbai"
2023-03-13,151.0,127.0,9.0,23.0,4.0,17.0,"Chhatrapati Shivaji Intl. Airport (T2), Mumbai"
2023-03-14,147.0,118.0,9.0,21.0,4.0,15.0,"Chhatrapati Shivaji Intl. Airport (T2), Mumbai"
2023-03-15,134.0,96.0,9.0,17.0,4.0,11.0,"Chhatrapati Shivaji Intl. Airport (T2), Mumbai"
2023-03-16,109.0,91.0,9.0,16.0,3.0,12.0,"Chhatrapati Shivaji Intl. Airport (T2), Mumbai"
2023-03-17,105.0,89.0,9.0,15.0,4.0,11.0,"Chhatrapati Shivaji Intl. Airport (T2), Mumbai"
2023-03-18,104.0,74.0,9.0,11.0,4.0,9.0,"Chhatrapati Shivaji Intl. Airport (T2), Mumbai"
2023-03-19,79.0,70.0,9.0,10.0,4.0,9.0,"Chhatrapati Shivaji Intl. Airport (T2), Mumbai"
2023-03-20,69.0,66.0,9.0,11.0,4.0,9.0,"Chhatrapati Shivaji Intl. Airport (T2), Mumbai"
2023-03-21,65.0,85.0,9.0,9.0,4.0,11.0,"Chhatrapati Shivaji Intl. Airport (T2), Mumbai"
2023-03-22,85.0,69.0,9.0,7.0,4.0,10.0,"Chhatrapati Shivaji Intl. Airport (T2), Mumbai"
2023-03-23,66.0,71.0,9.0,3.0,4.0,11.0,"Chhatrapati Shivaji Intl. Airport (T2), Mumbai"
2023-03-24,73.0,78.0,9.0,10.0,4.0,9.0,"Chhatrapati Shivaji Intl. Airport (T2), Mumbai"
2023-03-25,71.0,81.0,9.0,10.0,4.0,11.0,"Chhatrapati Shivaji Intl. Airport (T2), Mumbai"
2023-03-26,80.0,86.0,9.0,10.0,4.0,11.0,"Chhatrapati Shivaji Intl. Airport (T2), Mumbai"
2023-03-27,90.0,97.0,9.0,10.0,4.0,11.0,"Chhatrapati Shivaji Intl. Airport (T2), Mumbai"
2023-03-28,103.0,97.0,9.0,10.0,4.0,11.0,"Chhatrapati Shivaji Intl. Airport (T2), Mumbai"
2023-03-29,102.0,83.0,9.0,8.0,4.0,10.0,"Chhatrapati Shivaji Intl. Airport (T2), Mumbai"
2023-03-30,85.0,77.0,9.0,7.0,4.0,9.0,"Chhatrapati Shivaji Intl. Airport (T2), Mumbai"
2023-03-31,69.0,74.66666666666667,9.0,7.666666666666667,4.0,9.333333333333334,"Chhatrapati Shivaji Intl. Airport (T2), Mumbai"
2023-04-02,71.0,70.0,9.0,9.0,4.0,10.0,"Chhatrapati Shivaji Intl. Airport (T2), Mumbai"
2023-04-03,72.0,74.0,9.0,9.0,4.0,11.0,"Chhatrapati Shivaji Intl. Airport (T2), Mumbai"
2023-04-04,71.0,77.0,9.0,10.0,4.0,11.0,"Chhatrapati Shivaji Intl. Airport (T2), Mumbai"
2023-04-05,79.0,97.0,9.0,14.0,4.0,12.0,"Chhatrapati Shivaji Intl. Airport (T2), Mumbai"
2023-04-06,100.0,127.0,9.0,18.0,4.0,13.0,"Chhatrapati Shivaji Intl. Airport (T2), Mumbai"
2023-04-07,128.0,141.0,9.0,20.0,4.0,21.0,"Chhatrapati Shivaji Intl. Airport (T2), Mumbai"
2023-04-08,144.0,116.0,9.0,20.0,4.0,16.0,"Chhatrapati Shivaji Intl. Airport (T2), Mumbai"
2023-04-09,127.0,120.0,9.0,21.0,4.0,14.0,"Chhatrapati Shivaji Intl. Airport (T2), Mumbai"
2023-04-10,129.0,101.0,9.0,21.0,4.0,12.0,"Chhatrapati Shivaji Intl. Airport (T2), Mumbai"
2023-04-11,103.0,108.0,9.0,21.0,4.0,12.0,"Chhatrapati Shivaji Intl. Airport (T2), Mumbai"
2023-04-12,106.0,125.0,9.0,26.0,4.0,15.0,"Chhatrapati Shivaji Intl. Airport (T2), Mumbai"
2023-04-13,132.0,100.0,9.0,20.0,4.0,13.0,"Chhatrapati Shivaji Intl. Airport (T2), Mumbai"
2023-04-14,102.0,92.0,9.0,16.0,4.0,12.0,"Chhatrapati Shivaji Intl. Airport (T2), Mumbai"
2023-04-15,91.0,91.0,9.0,12.0,4.0,13.0,"Chhatrapati Shivaji Intl. Airport (T2), Mumbai"
2023-04-16,88.0,81.0,9.0,13.0,4.0,11.0,"Chhatrapati Shivaji Intl. Airport (T2), Mumbai"
2023-04-17,82.0,104.0,9.0,18.0,4.0,13.0,"Chhatrapati Shivaji Intl. Airport (T2), Mumbai"
2023-04-18,101.0,112.0,9.0,21.0,4.0,14.0,"Chhatrapati Shivaji Intl. Airport (T2), Mumbai"
2023-04-19,119.0,88.0,9.0,16.0,4.0,12.0,"Chhatrapati Shivaji Intl. Airport (T2), Mumbai"
2023-04-20,88.0,73.0,9.0,10.0,4.0,10.0,"Chhatrapati Shivaji Intl. Airport (T2), Mumbai"
2023-04-21,69.0,57.0,9.0,10.0,4.0,9.0,"Chhatrapati Shivaji Intl. Airport (T2), Mumbai"
2023-04-22,54.0,62.0,9.0,9.0,4.0,9.0,"Chhatrapati Shivaji Intl. Airport (T2), Mumbai"
2023-04-23,62.0,66.0,9.0,11.0,4.0,10.0,"Chhatrapati Shivaji Intl. Airport (T2), Mumbai"
2023-04-24,78.0,83.0,9.0,14.0,4.0,10.0,"Chhatrapati Shivaji Intl. Airport (T2), Mumbai"
2023-04-25,85.0,72.0,9.0,12.0,4.0,9.0,"Chhatrapati Shivaji Intl. Airport (T2), Mumbai"
2023-04-26,76.0,72.0,9.0,13.0,4.0,10.0,"Chhatrapati Shivaji Intl. Airport (T2), Mumbai"
2023-04-27,71.0,63.0,9.0,11.0,4.0,10.0,"Chhatrapati Shivaji Intl. Airport (T2), Mumbai"
2023-04-28,60.0,58.0,9.0,10.0,4.0,10.0,"Chhatrapati Shivaji Intl. Airport (T2), Mumbai"
2023-04-29,56.0,60.0,9.0,9.0,4.0,9.0,"Chhatrapati Shivaji Intl. Airport (T2), Mumbai"
2023-04-30,56.0,51.0,9.0,11.0,3.0,9.0,"Chhatrapati Shivaji Intl. Airport (T2), Mumbai"
2023-05-01,52.0,53.0,9.0,11.0,4.0,9.0,"Chhatrapati Shivaji Intl. Airport (T2), Mumbai"
2023-05-02,54.0,63.0,10.0,11.0,3.0,10.0,"Chhatrapati Shivaji Intl. Airport (T2), Mumbai"
2023-05-03,62.0,68.0,9.0,11.0,4.0,10.0,"Chhatrapati Shivaji Intl. Airport (T2), Mumbai"
2023-05-04,60.0,63.0,9.0,10.0,4.0,10.0,"Chhatrapati Shivaji Intl. Airport (T2), Mumbai"
2023-05-05,54.0,69.0,9.0,10.0,19.0,10.0,"Chhatrapati Shivaji Intl. Airport (T2), Mumbai"
2023-05-06,57.0,60.0,9.0,9.0,8.0,10.0,"Chhatrapati Shivaji Intl. Airport (T2), Mumbai"
2023-05-07,54.0,57.0,9.0,8.0,3.0,10.0,"Chhatrapati Shivaji Intl. Airport (T2), Mumbai"
2023-05-08,48.0,70.0,9.0,10.0,7.0,10.0,"Chhatrapati Shivaji Intl. Airport (T2), Mumbai"
2023-05-09,63.0,93.0,9.0,12.0,23.0,10.0,"Chhatrapati Shivaji Intl. Airport (T2), Mumbai"
2023-05-10,85.0,84.0,9.0,15.0,28.0,10.0,"Chhatrapati Shivaji Intl. Airport (T2), Mumbai"
2023-05-11,88.0,80.0,9.0,13.0,29.0,10.0,"Chhatrapati Shivaji Intl. Airport (T2), Mumbai"
2023-05-12,84.0,61.0,9.0,11.0,29.0,9.0,"Chhatrapati Shivaji Intl. Airport (T2), Mumbai"
2023-05-13,68.0,65.5,9.0,11.0,29.0,9.0,"Chhatrapati Shivaji Intl. Airport (T2), Mumbai"
2023-05-14,61.0,70.0,9.0,11.0,29.0,9.0,"Chhatrapati Shivaji Intl. Airport (T2), Mumbai"
2023-05-15,54.0,62.0,9.0,11.0,29.0,9.0,"Chhatrapati Shivaji Intl. Airport (T2), Mumbai"
2023-05-16,50.0,67.0,9.0,12.0,30.0,9.0,"Chhatrapati Shivaji Intl. Airport (T2), Mumbai"
2023-05-17,54.0,59.0,9.0,10.0,30.0,9.0,"Chhatrapati Shivaji Intl. Airport (T2), Mumbai"
2023-05-18,45.0,56.0,9.0,11.0,30.0,9.0,"Chhatrapati Shivaji Intl. Airport (T2), Mumbai"
2023-05-19,46.0,57.666666666666664,9.0,10.666666666666666,30.0,9.333333333333334,"Chhatrapati Shivaji Intl. Airport (T2), Mumbai"
2023-05-21,50.0,61.0,9.0,10.0,30.0,10.0,"Chhatrapati Shivaji Intl. Airport (T2), Mumbai"
2023-05-22,52.0,64.0,9.0,10.0,30.0,9.0,"Chhatrapati Shivaji Intl. Airport (T2), Mumbai"
2023-05-23,55.0,61.0,9.0,9.0,30.0,9.0,"Chhatrapati Shivaji Intl. Airport (T2), Mumbai"
2023-05-24,51.0,49.0,9.0,9.0,30.0,9.0,"Chhatrapati Shivaji Intl. Airport (T2), Mumbai"
2023-05-25,35.0,52.0,9.0,10.0,30.0,9.0,"Chhatrapati Shivaji Intl. Airport (T2), Mumbai"
2023-05-26,46.0,50.0,9.0,8.0,30.0,10.0,"Chhatrapati Shivaji Intl. Airport (T2), Mumbai"
2023-05-27,42.0,54.0,9.0,8.0,23.0,10.0,"Chhatrapati Shivaji Intl. Airport (T2), Mumbai"
2023-05-28,52.0,67.0,9.0,12.0,16.0,10.0,"Chhatrapati Shivaji Intl. Airport (T2), Mumbai"
2023-05-29,55.0,69.0,9.0,12.0,11.0,9.0,"Chhatrapati Shivaji Intl. Airport (T2), Mumbai"
2023-05-30,57.0,71.0,9.0,13.0,3.0,10.0,"Chhatrapati Shivaji Intl. Airport (T2), Mumbai"
2023-05-31,60.0,66.0,9.0,10.0,9.0,10.0,"Chhatrapati Shivaji Intl. Airport (T2), Mumbai"
2023-06-01,60.0,61.0,10.0,8.0,6.0,10.0,"Chhatrapati Shivaji Intl. Airport (T2), Mumbai"
2023-06-02,51.0,49.0,9.0,9.0,18.0,9.0,"Chhatrapati Shivaji Intl. Airport (T2), Mumbai"
2023-06-03,40.0,58.0,9.0,8.0,16.0,9.0,"Chhatrapati Shivaji Intl. Airport (T2), Mumbai"
2023-06-04,47.0,63.0,9.0,8.0,14.0,9.0,"Chhatrapati Shivaji Intl. Airport (T2), Mumbai"
2023-06-05,54.0,70.0,9.0,8.0,12.0,9.0,"Chhatrapati Shivaji Intl. Airport (T2), Mumbai"
2023-06-06,67.0,70.0,9.0,8.0,6.0,9.0,"Chhatrapati Shivaji Intl. Airport (T2), Mumbai"
2023-06-07,61.0,53.0,9.0,9.0,6.0,9.0,"Chhatrapati Shivaji Intl. Airport (T2), Mumbai"
2023-06-08,47.0,32.0,9.0,11.0,6.0,8.0,"Chhatrapati Shivaji Intl. Airport (T2), Mumbai"
2023-06-09,28.0,81.0,9.0,13.0,4.0,9.0,"Chhatrapati Shivaji Intl. Airport (T2), Mumbai"
2023-06-10,69.0,62.0,9.0,12.0,4.0,9.0,"Chhatrapati Shivaji Intl. Airport (T2), Mumbai"
2023-06-11,51.0,59.0,9.0,10.0,4.0,9.0,"Chhatrapati Shivaji Intl. Airport (T2), Mumbai"
2023-06-12,57.0,54.0,9.0,8.0,4.0,9.0,"Chhatrapati Shivaji Intl. Airport (T2), Mumbai"
2023-06-13,56.0,51.0,9.0,7.0,4.0,8.0,"Chhatrapati Shivaji Intl. Airport (T2), Mumbai"
2023-06-14,57.0,53.0,9.0,7.0,6.0,8.0,"Chhatrapati Shivaji Intl. Airport (T2), Mumbai"
2023-06-15,51.0,54.0,9.0,7.0,6.0,8.0,"Chhatrapati Shivaji Intl. Airport (T2), Mumbai"
2023-06-16,53.0,56.0,9.0,7.0,6.0,8.0,"Chhatrapati Shivaji Intl. Airport (T2), Mumbai"
2023-06-17,58.0,59.0,9.0,7.0,6.0,9.0,"Chhatrapati Shivaji Intl. Airport (T2), Mumbai"
2023-06-18,62.0,68.0,9.0,7.0,6.0,9.0,"Chhatrapati Shivaji Intl. Airport (T2), Mumbai"
2023-06-19,66.0,73.0,9.0,7.0,6.0,10.0,"Chhatrapati Shivaji Intl. Airport (T2), Mumbai"
2023-06-20,69.0,71.0,9.0,7.0,6.0,9.0,"Chhatrapati Shivaji Intl. Airport (T2), Mumbai"
2023-06-21,70.0,64.0,9.0,6.0,6.0,9.0,"Chhatrapati Shivaji Intl. Airport (T2), Mumbai"
2023-06-22,66.0,49.0,9.0,6.0,6.0,8.0,"Chhatrapati Shivaji Intl. Airport (T2), Mumbai"
2023-06-23,51.0,46.5,7.25,5.5,6.0,8.5,"Chhatrapati Shivaji Intl. Airport (T2), Mumbai"
2023-06-26,51.75,39.0,2.0,4.0,6.0,10.0,"Chhatrapati Shivaji Intl. Airport (T2), Mumbai"
2023-06-27,52.0,28.0,2.0,4.0,6.0,10.0,"Chhatrapati Shivaji Intl. Airport (T2), Mumbai"
2023-06-28,30.0,27.0,2.0,5.0,6.0,10.0,"Chhatrapati Shivaji Intl. Airport (T2), Mumbai"
2023-06-29,30.0,27.0,2.0,6.0,6.0,9.0,"Chhatrapati Shivaji Intl. Airport (T2), Mumbai"
2023-06-30,30.0,37.0,2.0,4.0,6.0,9.0,"Chhatrapati Shivaji Intl. Airport (T2), Mumbai"
2023-07-01,41.0,31.0,2.0,2.0,6.0,9.0,"Chhatrapati Shivaji Intl. Airport (T2), Mumbai"
2023-07-02,32.0,33.0,2.0,3.0,6.0,11.0,"Chhatrapati Shivaji Intl. Airport (T2), Mumbai"
2023-07-03,36.0,30.0,2.0,4.0,6.0,10.0,"Chhatrapati Shivaji Intl. Airport (T2), Mumbai"
2023-07-04,46.0,42.0,2.0,5.0,6.0,11.0,"Chhatrapati Shivaji Intl. Airport (T2), Mumbai"
2023-07-05,56.0,27.0,2.0,5.0,6.0,9.0,"Chhatrapati Shivaji Intl. Airport (T2), Mumbai"
2023-07-06,37.0,27.0,10.0,6.0,6.0,9.0,"Chhatrapati Shivaji Intl. Airport (T2), Mumbai"
2023-07-07,38.0,56.0,12.0,5.0,6.0,8.0,"Chhatrapati Shivaji Intl. Airport (T2), Mumbai"
2023-07-08,69.0,50.0,6.499999999999999,4.0,6.0,8.0,"Chhatrapati Shivaji Intl. Airport (T2), Mumbai"
2023-07-09,61.0,57.0,1.0,4.0,6.0,8.0,"Chhatrapati Shivaji Intl. Airport (T2), Mumbai"
2023-07-10,64.0,62.0,1.0,4.0,6.0,9.0,"Chhatrapati Shivaji Intl. Airport (T2), Mumbai"
2023-07-11,70.0,61.0,4.0,2.0,6.0,9.0,"Chhatrapati Shivaji Intl. Airport (T2), Mumbai"
2023-07-12,67.0,55.0,4.0,3.0,6.0,9.0,"Chhatrapati Shivaji Intl. Airport (T2), Mumbai"
2023-07-13,66.0,38.0,4.0,3.0,6.0,10.0,"Chhatrapati Shivaji Intl. Airport (T2), Mumbai"
2023-07-14,55.0,51.0,4.0,2.0,6.0,10.0,"Chhatrapati Shivaji Intl. Airport (T2), Mumbai"
2023-07-15,65.0,45.0,5.0,2.0,6.0,9.0,"Chhatrapati Shivaji Intl. Airport (T2), Mumbai"
2023-07-16,56.0,28.0,5.0,3.0,6.0,10.0,"Chhatrapati Shivaji Intl. Airport (T2), Mumbai"
2023-07-17,45.0,34.0,6.0,4.0,6.0,9.0,"Chhatrapati Shivaji Intl. Airport (T2), Mumbai"
2023-07-18,49.0,40.0,9.0,5.0,6.0,9.0,"Chhatrapati Shivaji Intl. Airport (T2), Mumbai"
2023-07-19,59.0,48.0,5.0,5.0,6.0,10.0,"Chhatrapati Shivaji Intl. Airport (T2), Mumbai"
2023-07-20,61.0,36.0,6.0,3.0,6.0,10.0,"Chhatrapati Shivaji Intl. Airport (T2), Mumbai"
2023-07-21,52.0,46.0,7.0,3.0,6.0,10.0,"Chhatrapati Shivaji Intl. Airport (T2), Mumbai"
2023-07-22,58.0,27.0,7.0,2.0,6.0,9.0,"Chhatrapati Shivaji Intl. Airport (T2), Mumbai"
2023-07-23,44.0,37.0,9.0,3.0,6.0,10.0,"Chhatrapati Shivaji Intl. Airport (T2), Mumbai"
2023-07-24,47.0,43.0,16.0,3.0,6.0,10.0,"Chhatrapati Shivaji Intl. Airport (T2), Mumbai"
2023-07-25,55.0,27.0,9.0,2.0,6.0,10.0,"Chhatrapati Shivaji Intl. Airport (T2), Mumbai"
2023-07-26,42.0,27.0,7.0,3.0,6.0,9.0,"Chhatrapati Shivaji Intl. Airport (T2), Mumbai"
2023-07-27,44.0,39.0,7.0,2.0,6.0,9.0,"Chhatrapati Shivaji Intl. Airport (T2), Mumbai"
2023-07-28,49.0,40.0,6.0,2.0,6.0,10.0,"Chhatrapati Shivaji Intl. Airport (T2), Mumbai"
2023-07-29,55.0,43.0,6.0,1.0,6.0,9.0,"Chhatrapati Shivaji Intl. Airport (T2), Mumbai"
2023-07-30,55.0,47.0,6.0,2.0,6.0,9.0,"Chhatrapati Shivaji Intl. Airport (T2), Mumbai"
2023-07-31,56.0,46.0,6.0,2.0,6.0,9.0,"Chhatrapati Shivaji Intl. Airport (T2), Mumbai"
2023-08-01,61.0,53.0,8.0,4.0,5.0,10.0,"Chhatrapati Shivaji Intl. Airport (T2), Mumbai"
2023-08-02,63.0,52.0,7.0,3.0,5.0,10.0,"Chhatrapati Shivaji Intl. Airport (T2), Mumbai"
2023-08-03,64.0,51.0,4.0,2.0,5.0,9.0,"Chhatrapati Shivaji Intl. Airport (T2), Mumbai"
2023-08-04,61.0,55.0,4.0,3.0,5.0,10.0,"Chhatrapati Shivaji Intl. Airport (T2), Mumbai"
2023-08-05,67.0,55.0,4.0,3.0,5.0,9.0,"Chhatrapati Shivaji Intl. Airport (T2), Mumbai"
2023-08-06,68.0,57.0,4.0,3.0,5.0,10.0,"Chhatrapati Shivaji Intl. Airport (T2), Mumbai"
2023-08-07,66.0,61.0,4.0,3.0,5.0,10.0,"Chhatrapati Shivaji Intl. Airport (T2), Mumbai"
2023-08-08,70.0,61.0,4.0,2.0,5.0,10.0,"Chhatrapati Shivaji Intl. Airport (T2), Mumbai"
2023-08-09,70.0,59.0,4.0,3.0,5.0,10.0,"Chhatrapati Shivaji Intl. Airport (T2), Mumbai"
2023-08-10,68.0,52.0,5.0,3.0,4.0,10.0,"Chhatrapati Shivaji Intl. Airport (T2), Mumbai"
2023-08-11,65.0,55.0,5.0,3.0,3.0,10.0,"Chhatrapati Shivaji Intl. Airport (T2), Mumbai"
2023-08-12,66.0,50.0,5.0,3.0,3.0,10.0,"Chhatrapati Shivaji Intl. Airport (T2), Mumbai"
2023-08-13,63.0,52.0,5.0,3.0,3.0,10.0,"Chhatrapati Shivaji Intl. Airport (T2), Mumbai"
2023-08-14,63.0,41.0,6.0,3.0,3.0,10.0,"Chhatrapati Shivaji Intl. Airport (T2), Mumbai"
2023-08-15,56.0,53.0,5.0,3.0,2.0,10.0,"Chhatrapati Shivaji Intl. Airport (T2), Mumbai"
2023-08-16,58.0,51.0,4.0,4.0,3.0,10.0,"Chhatrapati Shivaji Intl. Airport (T2), Mumbai"
2023-08-17,60.0,49.0,6.0,3.0,3.0,11.0,"Chhatrapati Shivaji Intl. Airport (T2), Mumbai"
2023-08-18,54.0,56.0,4.0,4.0,3.0,10.0,"Chhatrapati Shivaji Intl. Airport (T2), Mumbai"
2023-08-19,62.0,52.0,5.0,4.0,2.0,8.0,"Chhatrapati Shivaji Intl. Airport (T2), Mumbai"
2023-08-20,61.0,49.0,6.0,3.0,2.0,9.0,"Chhatrapati Shivaji Intl. Airport (T2), Mumbai"
2023-08-21,60.0,38.0,4.0,3.0,2.0,9.0,"Chhatrapati Shivaji Intl. Airport (T2), Mumbai"
2023-08-22,56.0,39.0,4.0,2.0,2.0,8.0,"Chhatrapati Shivaji Intl. Airport (T2), Mumbai"
2023-08-23,52.0,35.0,5.0,2.0,2.0,7.0,"Chhatrapati Shivaji Intl. Airport (T2), Mumbai"
2023-08-24,50.0,36.0,5.0,2.0,2.0,9.0,"Chhatrapati Shivaji Intl. Airport (T2), Mumbai"
2023-08-25,46.0,29.0,5.0,2.0,2.0,9.0,"Chhatrapati Shivaji Intl. Airport (T2), Mumbai"
2023-08-26,38.0,27.0,6.0,2.0,2.0,8.0,"Chhatrapati Shivaji Intl. Airport (T2), Mumbai"
2023-08-27,46.5,40.0,5.5,4.0,2.0,8.0,"Chhatrapati Shivaji Intl. Airport (T2), Mumbai"
2023-08-28,55.0,52.0,5.0,6.0,2.0,8.0,"Chhatrapati Shivaji Intl. Airport (T2), Mumbai"
2023-08-29,60.0,64.0,8.0,3.0,2.0,9.0,"Chhatrapati Shivaji Intl. Airport (T2), Mumbai"
2023-08-30,72.0,72.0,9.0,5.0,2.0,11.0,"Chhatrapati Shivaji Intl. Airport (T2), Mumbai"
2023-08-31,80.0,67.0,11.0,5.0,2.0,9.0,"Chhatrapati Shivaji Intl. Airport (T2), Mumbai"
2023-09-01,73.0,57.0,7.0,2.0,2.0,10.0,"Chhatrapati Shivaji Intl. Airport (T2), Mumbai"
2023-09-02,69.0,63.0,5.0,2.0,2.0,10.0,"Chhatrapati Shivaji Intl. Airport (T2), Mumbai"
2023-09-03,76.0,78.0,5.0,7.0,2.0,10.0,"Chhatrapati Shivaji Intl. Airport (T2), Mumbai"
2023-09-04,85.0,67.0,8.0,4.0,2.0,11.0,"Chhatrapati Shivaji Intl. Airport (T2), Mumbai"
2023-09-05,79.0,65.0,5.0,4.0,2.0,12.0,"Chhatrapati Shivaji Intl. Airport (T2), Mumbai"
2023-09-06,75.0,44.0,6.0,2.0,2.0,12.0,"Chhatrapati Shivaji Intl. Airport (T2), Mumbai"
2023-09-07,65.0,49.0,5.0,5.0,2.0,13.0,"Chhatrapati Shivaji Intl. Airport (T2), Mumbai"
2023-09-08,67.0,53.0,4.0,3.0,1.0,14.0,"Chhatrapati Shivaji Intl. Airport (T2), Mumbai"
2023-09-09,70.0,41.0,4.0,2.0,1.0,11.0,"Chhatrapati Shivaji Intl. Airport (T2), Mumbai"
2023-09-10,54.0,48.0,5.0,5.0,1.0,12.0,"Chhatrapati Shivaji Intl. Airport (T2), Mumbai"
2023-09-11,60.0,54.0,4.0,2.0,1.0,11.0,"Chhatrapati Shivaji Intl. Airport (T2), Mumbai"
2023-09-12,63.0,49.0,4.0,3.0,1.0,12.0,"Chhatrapati Shivaji Intl. Airport (T2), Mumbai"
2023-09-13,58.0,42.0,9.0,1.0,1.0,13.0,"Chhatrapati Shivaji Intl. Airport (T2), Mumbai"
2023-09-14,59.0,56.0,5.0,3.0,1.0,14.0,"Chhatrapati Shivaji Intl. Airport (T2), Mumbai"
2023-09-15,72.0,41.0,4.0,2.0,1.0,12.0,"Chhatrapati Shivaji Intl. Airport (T2), Mumbai"
2023-09-16,56.0,38.0,5.0,2.0,1.0,11.0,"Chhatrapati Shivaji Intl. Airport (T2), Mumbai"
2023-09-17,56.0,33.0,6.0,3.0,1.0,11.0,"Chhatrapati Shivaji Intl. Airport (T2), Mumbai"
2023-09-18,54.0,37.0,7.0,3.0,1.0,11.0,"Chhatrapati Shivaji Intl. Airport (T2), Mumbai"
2023-09-19,57.0,28.0,6.0,2.0,1.0,13.0,"Chhatrapati Shivaji Intl. Airport (T2), Mumbai"
2023-09-20,53.0,33.0,8.0,3.0,1.0,12.0,"Chhatrapati Shivaji Intl. Airport (T2), Mumbai"
2023-09-21,56.0,36.0,5.0,1.0,1.0,14.0,"Chhatrapati Shivaji Intl. Airport (T2), Mumbai"
2023-09-22,61.0,49.0,5.0,1.0,1.0,14.0,"Chhatrapati Shivaji Intl. Airport (T2), Mumbai"
2023-09-23,65.0,44.0,5.0,1.0,1.0,13.0,"Chhatrapati Shivaji Intl. Airport (T2), Mumbai"
2023-09-24,68.0,53.0,5.0,3.0,1.0,14.0,"Chhatrapati Shivaji Intl. Airport (T2), Mumbai"
2023-09-25,67.0,57.0,8.0,4.0,1.0,14.0,"Chhatrapati Shivaji Intl. Airport (T2), Mumbai"
2023-09-26,75.0,55.0,15.0,5.0,1.0,14.0,"Chhatrapati Shivaji Intl. Airport (T2), Mumbai"
2023-09-27,76.0,63.0,19.0,6.0,1.0,16.0,"Chhatrapati Shivaji Intl. Airport (T2), Mumbai"
2023-09-28,89.0,63.0,23.0,8.0,1.0,16.0,"Chhatrapati Shivaji Intl. Airport (T2), Mumbai"
2023-09-29,84.0,64.0,21.0,8.0,1.0,14.0,"Chhatrapati Shivaji Intl. Airport (T2), Mumbai"
2023-09-30,79.0,65.0,30.0,8.0,1.0,15.0,"Chhatrapati Shivaji Intl. Airport (T2), Mumbai"
2023-10-01,91.0,76.0,20.0,9.0,1.0,14.0,"Chhatrapati Shivaji Intl. Airport (T2), Mumbai"
2023-10-02,95.0,85.0,10.0,8.0,1.0,13.0,"Chhatrapati Shivaji Intl. Airport (T2), Mumbai"
2023-10-03,95.0,88.0,21.0,10.0,1.0,14.0,"Chhatrapati Shivaji Intl. Airport (T2), Mumbai"
2023-10-04,95.0,92.0,28.0,8.0,1.0,15.0,"Chhatrapati Shivaji Intl. Airport (T2), Mumbai"
2023-10-05,96.0,87.0,17.0,9.0,1.0,15.0,"Chhatrapati Shivaji Intl. Airport (T2), Mumbai"
2023-10-06,94.0,84.0,20.0,14.0,1.0,12.0,"Chhatrapati Shivaji Intl. Airport (T2), Mumbai"
2023-10-07,96.0,88.0,37.0,17.0,1.0,7.0,"Chhatrapati Shivaji Intl. Airport (T2), Mumbai"
2023-10-08,103.0,98.0,35.0,20.0,1.0,10.0,"Chhatrapati Shivaji Intl. Airport (T2), Mumbai"
2023-10-09,124.0,78.0,23.0,19.0,1.0,8.0,"Chhatrapati Shivaji Intl. Airport (T2), Mumbai"
2023-10-10,86.0,65.0,17.0,20.0,1.0,10.0,"Chhatrapati Shivaji Intl. Airport (T2), Mumbai"
2023-10-11,67.0,96.0,47.0,24.0,1.0,11.0,"Chhatrapati Shivaji Intl. Airport (T2), Mumbai"
2023-10-12,119.0,107.0,59.0,22.0,1.0,12.0,"Chhatrapati Shivaji Intl. Airport (T2), Mumbai"
2023-10-13,144.0,110.0,61.0,22.0,1.0,12.0,"Chhatrapati Shivaji Intl. Airport (T2), Mumbai"
2023-10-14,146.0,99.0,44.0,21.0,1.0,8.0,"Chhatrapati Shivaji Intl. Airport (T2), Mumbai"
2023-10-15,132.0,117.0,42.0,21.0,1.0,11.0,"Chhatrapati Shivaji Intl. Airport (T2), Mumbai"
2023-10-16,151.0,114.0,60.0,16.0,4.0,11.0,"Chhatrapati Shivaji Intl. Airport (T2), Mumbai"
2023-10-17,150.0,123.0,51.0,8.0,4.0,12.0,"Chhatrapati Shivaji Intl. Airport (T2), Mumbai"
2023-10-18,150.0,112.0,66.0,11.0,4.0,11.0,"Chhatrapati Shivaji Intl. Airport (T2), Mumbai"
2023-10-19,126.0,120.0,63.0,9.0,4.0,12.0,"Chhatrapati Shivaji Intl. Airport (T2), Mumbai"
2023-10-20,145.0,104.0,46.0,8.0,4.0,10.0,"Chhatrapati Shivaji Intl. Airport (T2), Mumbai"
2023-10-21,134.0,118.0,29.0,9.0,4.0,12.0,"Chhatrapati Shivaji Intl. Airport (T2), Mumbai"
2023-10-22,152.0,125.0,12.0,9.0,4.0,14.0,"Chhatrapati Shivaji Intl. Airport (T2), Mumbai"
2023-10-23,154.0,118.0,19.0,8.0,4.0,15.0,"Chhatrapati Shivaji Intl. Airport (T2), Mumbai"
2023-10-24,142.0,118.0,22.0,10.0,4.0,14.0,"Chhatrapati Shivaji Intl. Airport (T2), Mumbai"
2023-10-25,140.0,113.0,21.0,11.0,4.0,12.0,"Chhatrapati Shivaji Intl. Airport (T2), Mumbai"
2023-10-26,133.0,113.0,22.0,7.0,1.0,11.0,"Chhatrapati Shivaji Intl. Airport (T2), Mumbai"
2023-10-27,127.0,132.0,8.0,14.0,1.0,13.0,"Chhatrapati Shivaji Intl. Airport (T2), Mumbai"
2023-10-28,148.0,110.0,10.0,7.0,1.0,11.0,"Chhatrapati Shivaji Intl. Airport (T2), Mumbai"
2023-10-29,135.0,122.0,13.0,13.0,1.0,13.0,"Chhatrapati Shivaji Intl. Airport (T2), Mumbai"
2023-10-30,141.0,130.0,10.0,14.0,1.0,15.0,"Chhatrapati Shivaji Intl. Airport (T2), Mumbai"
2023-10-31,153.0,120.0,8.0,10.0,1.0,14.0,"Chhatrapati Shivaji Intl. Airport (T2), Mumbai"
2023-11-01,145.0,125.0,8.0,9.0,1.0,13.0,"Chhatrapati Shivaji Intl. Airport (T2), Mumbai"
2023-11-02,147.0,126.0,7.0,9.0,1.0,13.0,"Chhatrapati Shivaji Intl. Airport (T2), Mumbai"
2023-11-03,150.0,129.0,7.0,6.0,1.0,13.0,"Chhatrapati Shivaji Intl. Airport (T2), Mumbai"
2023-11-04,144.0,122.0,8.0,11.0,1.0,14.0,"Chhatrapati Shivaji Intl. Airport (T2), Mumbai"
2023-11-05,150.0,132.0,9.0,13.0,1.0,14.0,"Chhatrapati Shivaji Intl. Airport (T2), Mumbai"
2023-11-06,155.0,123.0,7.0,9.0,1.0,14.0,"Chhatrapati Shivaji Intl. Airport (T2), Mumbai"
2023-11-07,149.0,111.0,2.0,5.0,1.0,12.0,"Chhatrapati Shivaji Intl. Airport (T2), Mumbai"
2023-11-08,127.0,92.0,5.0,10.0,1.0,10.0,"Chhatrapati Shivaji Intl. Airport (T2), Mumbai"
2023-11-09,116.0,74.0,5.0,6.0,1.0,8.0,"Chhatrapati Shivaji Intl. Airport (T2), Mumbai"
2023-11-10,89.0,88.0,5.111111111111111,6.222222222222222,1.0,11.0,"Chhatrapati Shivaji Intl. Airport (T2), Mumbai"
2023-11-11,111.0,88.25,5.222222222222222,6.444444444444445,1.0,11.25,"Chhatrapati Shivaji Intl. Airport (T2), Mumbai"
2023-11-18,100.5,90.0,6.0,8.0,1.0,13.0,"Chhatrapati Shivaji Intl. Airport (T2), Mumbai"
2023-11-19,99.0,81.0,2.0,8.666666666666666,1.0,17.0,"Chhatrapati Shivaji Intl. Airport (T2), Mumbai"
2023-11-20,86.0,82.0,5.5,9.333333333333334,1.0,11.5,"Chhatrapati Shivaji Intl. Airport (T2), Mumbai"
2023-11-21,83.5,83.0,9.0,10.0,1.0,6.0,"Chhatrapati Shivaji Intl. Airport (T2), Mumbai"
2023-11-22,81.0,92.0,11.0,7.0,1.0,10.0,"Chhatrapati Shivaji Intl. Airport (T2), Mumbai"
2023-11-23,100.0,136.0,7.0,9.5,1.0,21.0,"Chhatrapati Shivaji Intl. Airport (T2), Mumbai"
2023-11-24,151.0,78.0,3.0,12.0,1.0,11.0,"Chhatrapati Shivaji Intl. Airport (T2), Mumbai"
2023-11-25,83.0,76.0,2.6666666666666665,5.0,1.0,10.0,"Chhatrapati Shivaji Intl. Airport (T2), Mumbai"
2023-11-26,84.0,40.0,2.3333333333333335,5.5,1.0,5.0,"Chhatrapati Shivaji Intl. Airport (T2), Mumbai"
2023-11-27,41.0,57.0,2.0,6.0,1.0,7.0,"Chhatrapati Shivaji Intl. Airport (T2), Mumbai"
2023-11-28,59.0,90.0,3.0,9.0,1.0,9.0,"Chhatrapati Shivaji Intl. Airport (T2), Mumbai"
2023-11-29,75.0,78.0,5.0,11.0,3.0,8.0,"Chhatrapati Shivaji Intl. Airport (T2), Mumbai"
2023-11-30,87.0,104.0,6.0,4.0,8.0,11.0,"Chhatrapati Shivaji Intl. Airport (T2), Mumbai"
2023-12-01,131.0,102.0,5.0,10.0,8.0,12.0,"Chhatrapati Shivaji Intl. Airport (T2), Mumbai"
2023-12-02,122.0,105.0,7.0,10.0,9.0,13.0,"Chhatrapati Shivaji Intl. Airport (T2), Mumbai"
2023-12-03,122.0,98.0,5.0,9.0,8.0,12.0,"Chhatrapati Shivaji Intl. Airport (T2), Mumbai"
2023-12-04,122.0,103.0,5.0,6.0,9.0,12.0,"Chhatrapati Shivaji Intl. Airport (T2), Mumbai"
2023-12-05,130.0,103.0,5.5,7.0,8.5,9.0,"Chhatrapati Shivaji Intl. Airport (T2), Mumbai"
2023-12-06,130.0,103.0,6.0,8.0,8.0,6.0,"Chhatrapati Shivaji Intl. Airport (T2), Mumbai"
2023-12-07,130.0,85.0,4.0,10.0,8.0,10.0,"Chhatrapati Shivaji Intl. Airport (T2), Mumbai"
2023-12-08,99.0,93.0,5.0,10.0,8.0,12.0,"Chhatrapati Shivaji Intl. Airport (T2), Mumbai"
2023-12-09,105.0,88.0,5.0,10.0,8.0,12.0,"Chhatrapati Shivaji Intl. Airport (T2), Mumbai"
2023-12-10,101.0,91.0,3.0,7.0,9.0,14.0,"Chhatrapati Shivaji Intl. Airport (T2), Mumbai"
2023-12-11,109.0,95.0,8.0,8.0,9.0,11.0,"Chhatrapati Shivaji Intl. Airport (T2), Mumbai"
2023-12-12,110.0,97.5,8.0,10.5,9.0,11.0,"Chhatrapati Shivaji Intl. Airport (T2), Mumbai"
2023-12-13,112.0,100.0,8.0,13.0,9.0,11.0,"Chhatrapati Shivaji Intl. Airport (T2), Mumbai"
2023-12-14,114.0,129.0,1.0,13.0,10.0,19.0,"Chhatrapati Shivaji Intl. Airport (T2), Mumbai"
2023-12-15,145.0,103.0,7.0,13.0,10.0,14.0,"Chhatrapati Shivaji Intl. Airport (T2), Mumbai"
2023-12-16,117.0,97.0,7.0,6.0,9.0,10.0,"Chhatrapati Shivaji Intl. Airport (T2), Mumbai"
2023-12-17,115.0,97.0,9.0,4.0,9.0,9.0,"Chhatrapati Shivaji Intl. Airport (T2), Mumbai"
2023-12-18,113.0,97.0,6.0,4.0,9.0,9.0,"Chhatrapati Shivaji Intl. Airport (T2), Mumbai"
2023-12-19,117.0,86.0,7.0,2.0,10.0,10.0,"Chhatrapati Shivaji Intl. Airport (T2), Mumbai"
2023-12-20,96.0,143.0,7.0,15.0,9.0,16.0,"Chhatrapati Shivaji Intl. Airport (T2), Mumbai"
2023-12-21,149.0,127.0,5.0,19.0,11.0,23.0,"Chhatrapati Shivaji Intl. Airport (T2), Mumbai"
2023-12-22,135.0,82.0,8.0,11.0,11.0,17.0,"Chhatrapati Shivaji Intl. Airport (T2), Mumbai"
2023-12-23,84.0,85.0,10.0,11.0,11.0,18.0,"Chhatrapati Shivaji Intl. Airport (T2), Mumbai"
2023-12-24,90.0,74.0,9.0,15.0,10.0,14.0,"Chhatrapati Shivaji Intl. Airport (T2), Mumbai"
2023-12-25,80.0,93.0,11.0,15.0,11.0,22.0,"Chhatrapati Shivaji Intl. Airport (T2), Mumbai"
2023-12-26,101.0,95.0,6.0,13.0,11.0,23.0,"Chhatrapati Shivaji Intl. Airport (T2), Mumbai"
2023-12-27,102.0,111.0,8.0,14.0,11.0,21.0,"Chhatrapati Shivaji Intl. Airport (T2), Mumbai"
2023-12-28,143.0,96.0,8.0,9.0,11.0,19.0,"Chhatrapati Shivaji Intl. Airport (T2), Mumbai"
2023-12-29,108.0,95.0,2.0,11.5,12.0,24.0,"Chhatrapati Shivaji Intl. Airport (T2), Mumbai"
2023-12-30,100.0,74.0,8.0,14.0,11.0,13.0,"Chhatrapati Shivaji Intl. Airport (T2), Mumbai"
2023-12-31,78.0,80.0,9.0,14.0,10.0,16.0,"Chhatrapati Shivaji Intl. Airport (T2), Mumbai"
2024-01-01,90.0,82.0,7.0,12.0,10.0,14.0,"Chhatrapati Shivaji Intl. Airport (T2), Mumbai"
2024-01-02,92.0,81.0,6.0,8.0,10.0,14.0,"Chhatrapati Shivaji Intl. Airport (T2), Mumbai"
2024-01-03,89.0,92.0,4.0,9.0,10.0,18.0,"Chhatrapati Shivaji Intl. Airport (T2), Mumbai"
2024-01-04,108.0,82.0,5.0,14.0,10.0,14.0,"Chhatrapati Shivaji Intl. Airport (T2), Mumbai"
2024-01-05,90.0,87.0,1.0,11.0,10.0,16.0,"Chhatrapati Shivaji Intl. Airport (T2), Mumbai"
2024-01-06,96.0,82.0,5.0,7.0,10.0,17.0,"Chhatrapati Shivaji Intl. Airport (T2), Mumbai"
2024-01-07,92.0,67.0,5.0,10.0,9.0,12.0,"Chhatrapati Shivaji Intl. Airport (T2), Mumbai"
2024-01-08,69.0,117.0,2.0,3.0,10.0,15.0,"Chhatrapati Shivaji Intl. Airport (T2), Mumbai"
2024-01-09,125.0,47.0,4.0,15.0,10.0,8.0,"Chhatrapati Shivaji Intl. Airport (T2), Mumbai"
2024-01-10,47.0,70.0,5.0,2.0,10.0,10.0,"Chhatrapati Shivaji Intl. Airport (T2), Mumbai"
2024-01-11,77.0,74.0,6.0,6.0,11.0,15.0,"Chhatrapati Shivaji Intl. Airport (T2), Mumbai"
2024-01-12,77.0,83.0,5.0,13.0,11.0,19.0,"Chhatrapati Shivaji Intl. Airport (T2), Mumbai"
2024-01-13,89.0,77.0,4.0,11.5,11.0,19.0,"Chhatrapati Shivaji Intl. Airport (T2), Mumbai"
2024-01-14,76.0,47.0,3.0,10.0,9.0,6.0,"Chhatrapati Shivaji Intl. Airport (T2), Mumbai"
2024-01-15,33.0,59.0,7.0,11.0,9.0,9.0,"Chhatrapati Shivaji Intl. Airport (T2), Mumbai"
2024-01-16,56.0,62.0,5.0,9.0,9.0,10.0,"Chhatrapati Shivaji Intl. Airport (T2), Mumbai"
2024-01-17,64.0,64.0,3.0,11.0,9.0,10.0,"Chhatrapati Shivaji Intl. Airport (T2), Mumbai"
2024-01-18,66.0,76.0,1.0,8.0,9.0,12.0,"Chhatrapati Shivaji Intl. Airport (T2), Mumbai"
2024-01-19,83.0,106.0,7.0,15.0,9.0,15.0,"Chhatrapati Shivaji Intl. Airport (T2), Mumbai"
2024-01-20,128.0,74.0,6.0,7.0,9.0,12.0,"Chhatrapati Shivaji Intl. Airport (T2), Mumbai"
2024-01-21,77.0,74.0,9.0,16.0,9.0,12.0,"Chhatrapati Shivaji Intl. Airport (T2), Mumbai"
2024-01-22,81.0,71.0,4.0,10.0,9.0,11.0,"Chhatrapati Shivaji Intl. Airport (T2), Mumbai"
2024-01-23,67.0,67.0,6.0,6.0,9.0,11.0,"Chhatrapati Shivaji Intl. Airport (T2), Mumbai"
2024-01-24,65.0,66.0,7.0,13.0,9.0,10.0,"Chhatrapati Shivaji Intl. Airport (T2), Mumbai"
2024-01-25,64.0,72.0,9.0,14.0,10.0,16.0,"Chhatrapati Shivaji Intl. Airport (T2), Mumbai"
2024-01-26,75.0,67.0,5.0,11.5,9.0,15.0,"Chhatrapati Shivaji Intl. Airport (T2), Mumbai"
2024-01-27,71.0,74.0,5.0,9.0,11.0,16.0,"Chhatrapati Shivaji Intl. Airport (T2), Mumbai"
2024-01-28,73.0,76.0,7.0,5.0,10.0,16.0,"Chhatrapati Shivaji Intl. Airport (T2), Mumbai"
2024-01-29,80.0,76.0,9.0,3.0,10.0,16.0,"Chhatrapati Shivaji Intl. Airport (T2), Mumbai"
2024-01-30,77.0,69.0,5.0,12.0,9.0,12.0,"Chhatrapati Shivaji Intl. Airport (T2), Mumbai"
2024-01-31,69.0,64.0,1.0,4.0,9.0,14.0,"Chhatrapati Shivaji Intl. Airport (T2), Mumbai"
2024-02-01,66.0,53.0,6.0,8.5,9.0,9.0,"Chhatrapati Shivaji Intl. Airport (T2), Mumbai"
2024-02-02,49.0,85.0,1.0,13.0,9.0,13.0,"Chhatrapati Shivaji Intl. Airport (T2), Mumbai"
2024-02-03,81.0,84.0,9.0,14.0,9.0,18.0,"Chhatrapati Shivaji Intl. Airport (T2), Mumbai"
2024-02-04,87.0,81.0,5.0,14.0,10.0,19.0,"Chhatrapati Shivaji Intl. Airport (T2), Mumbai"
2024-02-05,83.0,83.0,4.0,9.0,10.0,19.0,"Chhatrapati Shivaji Intl. Airport (T2), Mumbai"
2024-02-06,83.0,76.0,5.0,13.0,9.0,10.0,"Chhatrapati Shivaji Intl. Airport (T2), Mumbai"
2024-02-07,74.0,72.0,4.0,10.0,9.0,12.0,"Chhatrapati Shivaji Intl. Airport (T2), Mumbai"
2024-02-08,72.0,76.0,5.0,11.0,9.0,14.0,"Chhatrapati Shivaji Intl. Airport (T2), Mumbai"
2024-02-09,75.0,72.0,8.0,12.0,8.0,12.0,"Chhatrapati Shivaji Intl. Airport (T2), Mumbai"
2024-02-10,68.0,72.0,9.0,14.0,9.0,13.0,"Chhatrapati Shivaji Intl. Airport (T2), Mumbai"
2024-02-11,71.0,81.0,10.0,7.0,9.0,18.0,"Chhatrapati Shivaji Intl. Airport (T2), Mumbai"
2024-02-12,84.0,72.0,5.0,15.0,9.0,15.0,"Chhatrapati Shivaji Intl. Airport (T2), Mumbai"
2024-02-13,77.0,77.0,8.0,13.0,8.0,12.0,"Chhatrapati Shivaji Intl. Airport (T2), Mumbai"
2024-02-14,75.0,80.0,8.0,11.0,9.0,14.0,"Chhatrapati Shivaji Intl. Airport (T2), Mumbai"
2024-02-15,85.0,97.0,6.0,17.0,9.0,21.0,"Chhatrapati Shivaji Intl. Airport (T2), Mumbai"
2024-02-16,99.0,95.0,6.0,15.0,10.0,24.0,"Chhatrapati Shivaji Intl. Airport (T2), Mumbai"
2024-02-17,98.0,62.0,2.0,15.0,9.0,11.0,"Chhatrapati Shivaji Intl. Airport (T2), Mumbai"
2024-02-18,63.0,65.0,4.0,10.0,10.0,14.0,"Chhatrapati Shivaji Intl. Airport (T2), Mumbai"
2024-02-19,62.0,62.0,3.0,13.0,9.0,9.0,"Chhatrapati Shivaji Intl. Airport (T2), Mumbai"
2024-02-20,51.0,41.0,2.0,7.0,9.0,9.0,"Chhatrapati Shivaji Intl. Airport (T2), Mumbai"
2024-02-21,35.0,51.0,3.0,8.0,8.0,9.0,"Chhatrapati Shivaji Intl. Airport (T2), Mumbai"
2024-02-22,49.0,57.0,3.0,3.0,8.0,11.0,"Chhatrapati Shivaji Intl. Airport (T2), Mumbai"
2024-02-23,54.0,67.0,7.0,5.0,9.0,13.0,"Chhatrapati Shivaji Intl. Airport (T2), Mumbai"
2024-02-24,64.0,77.0,9.0,14.0,9.0,17.0,"Chhatrapati Shivaji Intl. Airport (T2), Mumbai"
2024-02-25,71.0,82.0,12.0,8.0,9.0,21.0,"Chhatrapati Shivaji Intl. Airport (T2), Mumbai"
2024-02-26,83.0,88.0,7.0,13.0,10.0,22.0,"Chhatrapati Shivaji Intl. Airport (T2), Mumbai"
2024-02-27,90.0,75.0,7.0,28.0,10.0,14.0,"Chhatrapati Shivaji Intl. Airport (T2), Mumbai"
2024-02-28,71.0,74.0,8.0,21.0,10.0,15.0,"Chhatrapati Shivaji Intl. Airport (T2), Mumbai"
2024-02-29,74.0,105.0,9.0,15.0,11.0,18.0,"Chhatrapati Shivaji Intl. Airport (T2), Mumbai"
2024-03-01,102.0,49.0,2.0,7.0,12.0,8.0,"Chhatrapati Shivaji Intl. Airport (T2), Mumbai"
2024-03-02,51.0,48.0,3.0,8.0,10.0,6.0,"Chhatrapati Shivaji Intl. Airport (T2), Mumbai"
2024-03-03,41.0,48.0,5.0,11.0,9.0,8.0,"Chhatrapati Shivaji Intl. Airport (T2), Mumbai"
2024-03-04,40.0,73.0,8.0,13.0,9.0,13.0,"Chhatrapati Shivaji Intl. Airport (T2), Mumbai"
2024-03-05,72.0,76.0,9.0,19.0,10.0,17.0,"Chhatrapati Shivaji Intl. Airport (T2), Mumbai"
2024-03-06,74.0,72.0,8.0,15.0,10.0,14.0,"Chhatrapati Shivaji Intl. Airport (T2), Mumbai"
2024-03-07,71.0,82.0,7.0,13.0,9.0,12.0,"Chhatrapati Shivaji Intl. Airport (T2), Mumbai"
2024-03-08,71.0,78.0,9.0,10.0,9.0,15.0,"Chhatrapati Shivaji Intl. Airport (T2), Mumbai"
2024-03-09,78.0,102.0,2.0,12.0,9.0,15.0,"Chhatrapati Shivaji Intl. Airport (T2), Mumbai"
2024-03-10,76.0,92.0,2.0,4.0,9.0,17.0,"Chhatrapati Shivaji Intl. Airport (T2), Mumbai"
2024-03-11,82.0,82.0,9.0,15.0,11.0,12.0,"Chhatrapati Shivaji Intl. Airport (T2), Mumbai"
2024-03-12,73.0,65.0,3.0,12.0,9.0,10.0,"Chhatrapati Shivaji Intl. Airport (T2), Mumbai"
2024-03-13,59.0,51.0,4.0,4.0,9.0,9.0,"Chhatrapati Shivaji Intl. Airport (T2), Mumbai"
2024-03-14,150.0,67.0,6.5,9.0,9.0,9.0,"Chhatrapati Shivaji Intl. Airport (T2), Mumbai"
2024-03-15,112.0,83.0,9.0,14.0,9.0,9.0,"Chhatrapati Shivaji Intl. Airport (T2), Mumbai"
2024-03-16,74.0,68.0,6.0,13.5,8.0,8.5,"Chhatrapati Shivaji Intl. Airport (T2), Mumbai"
2024-03-17,68.0,65.0,3.0,13.0,9.0,8.0,"Chhatrapati Shivaji Intl. Airport (T2), Mumbai"
2024-03-18,63.0,73.0,6.0,10.0,10.0,9.0,"Chhatrapati Shivaji Intl. Airport (T2), Mumbai"
2024-03-19,68.0,83.0,8.0,13.0,11.0,16.0,"Chhatrapati Shivaji Intl. Airport (T2), Mumbai"
2024-03-20,76.0,87.0,10.0,12.0,10.0,16.0,"Chhatrapati Shivaji Intl. Airport (T2), Mumbai"
2024-03-21,82.0,72.0,3.0,12.0,10.0,15.0,"Chhatrapati Shivaji Intl. Airport (T2), Mumbai"
2024-03-22,75.0,65.0,5.0,9.0,9.0,12.0,"Chhatrapati Shivaji Intl. Airport (T2), Mumbai"
2024-03-23,66.0,55.0,2.0,5.0,9.0,9.0,"Chhatrapati Shivaji Intl. Airport (T2), Mumbai"
2024-03-24,56.0,58.0,4.0,4.0,9.0,14.0,"Chhatrapati Shivaji Intl. Airport (T2), Mumbai"
2024-03-25,64.0,51.0,3.0,6.0,9.0,9.0,"Chhatrapati Shivaji Intl. Airport (T2), Mumbai"
2024-03-26,50.0,52.0,1.0,5.0,9.0,8.0,"Chhatrapati Shivaji Intl. Airport (T2), Mumbai"
2024-03-27,56.0,88.0,1.0,3.0,9.0,10.0,"Chhatrapati Shivaji Intl. Airport (T2), Mumbai"
2024-03-28,102.0,92.0,1.0,1.0,9.0,11.0,"Chhatrapati Shivaji Intl. Airport (T2), Mumbai"
2024-03-29,114.0,112.0,1.0,10.0,8.0,10.0,"Chhatrapati Shivaji Intl. Airport (T2), Mumbai"
2024-03-30,131.0,102.0,3.0,6.0,9.0,10.0,"Chhatrapati Shivaji Intl. Airport (T2), Mumbai"
2024-03-31,111.0,108.0,3.0,7.0,8.0,9.0,"Chhatrapati Shivaji Intl. Airport (T2), Mumbai"
2024-04-01,129.0,101.0,3.0,6.0,8.0,9.5,"Chhatrapati Shivaji Intl. Airport (T2), Mumbai"
2024-04-02,131.5,94.0,3.0,5.0,8.0,10.0,"Chhatrapati Shivaji Intl. Airport (T2), Mumbai"
2024-04-03,134.0,75.0,2.0,1.0,8.0,11.0,"Chhatrapati Shivaji Intl. Airport (T2), Mumbai"
2024-04-04,107.0,91.0,4.0,2.0,11.0,8.0,"Chhatrapati Shivaji Intl. Airport (T2), Mumbai"
2024-04-05,119.0,87.5,4.0,3.0,10.0,8.0,"Chhatrapati Shivaji Intl. Airport (T2), Mumbai"
2024-04-06,106.5,84.0,4.0,4.0,9.0,8.0,"Chhatrapati Shivaji Intl. Airport (T2), Mumbai"
2024-04-07,94.0,56.0,2.0,4.0,7.0,9.0,"Chhatrapati Shivaji Intl. Airport (T2), Mumbai"
2024-04-08,83.0,75.0,2.0,4.0,8.0,8.0,"Chhatrapati Shivaji Intl. Airport (T2), Mumbai"
2024-04-09,103.0,69.0,2.0,7.0,7.0,9.0,"Chhatrapati Shivaji Intl. Airport (T2), Mumbai"
2024-04-10,97.0,67.0,3.0,5.0,8.0,9.0,"Chhatrapati Shivaji Intl. Airport (T2), Mumbai"
2024-04-11,88.0,62.0,2.5,5.5,8.0,8.0,"Chhatrapati Shivaji Intl. Airport (T2), Mumbai"
2024-04-12,81.0,57.0,2.0,6.0,8.0,7.0,"Chhatrapati Shivaji Intl. Airport (T2), Mumbai"
2024-04-13,74.0,64.0,2.0,4.0,8.0,8.0,"Chhatrapati Shivaji Intl. Airport (T2), Mumbai"
2024-04-14,82.0,86.0,3.0,3.0,11.0,12.0,"Chhatrapati Shivaji Intl. Airport (T2), Mumbai"
2024-04-15,117.0,95.0,3.0,9.0,11.0,15.0,"Chhatrapati Shivaji Intl. Airport (T2), Mumbai"
2024-04-16,136.0,66.0,3.0,9.0,9.0,8.0,"Chhatrapati Shivaji Intl. Airport (T2), Mumbai"
2024-04-17,100.0,75.0,2.0,9.0,8.0,8.0,"Chhatrapati Shivaji Intl. Airport (T2), Mumbai"
2024-04-18,109.0,68.0,2.0,8.0,8.0,7.0,"Chhatrapati Shivaji Intl. Airport (T2), Mumbai"
2024-04-19,92.0,85.0,2.0,4.0,7.0,8.0,"Chhatrapati Shivaji Intl. Airport (T2), Mumbai"
2024-04-20,118.0,60.0,2.0,9.0,7.0,7.0,"Chhatrapati Shivaji Intl. Airport (T2), Mumbai"
2024-04-21,74.0,62.0,2.0,10.0,6.0,7.0,"Chhatrapati Shivaji Intl. Airport (T2), Mumbai"
2024-04-22,76.0,71.0,2.0,8.0,7.0,8.0,"Chhatrapati Shivaji Intl. Airport (T2), Mumbai"
2024-04-23,92.0,74.0,2.0,6.0,7.0,8.0,"Chhatrapati Shivaji Intl. Airport (T2), Mumbai"
2024-04-24,100.0,79.0,1.0,5.0,8.0,7.0,"Chhatrapati Shivaji Intl. Airport (T2), Mumbai"
2024-04-25,93.0,82.0,1.5,6.0,8.0,8.0,"Chhatrapati Shivaji Intl. Airport (T2), Mumbai"
2024-04-26,102.5,85.0,2.0,7.0,8.0,9.0,"Chhatrapati Shivaji Intl. Airport (T2), Mumbai"
2024-04-27,112.0,103.0,4.0,9.0,8.0,10.0,"Chhatrapati Shivaji Intl. Airport (T2), Mumbai"
2024-04-28,129.0,95.0,3.0,7.0,8.0,10.0,"Chhatrapati Shivaji Intl. Airport (T2), Mumbai"
2024-04-29,119.0,94.0,3.0,6.0,8.0,9.0,"Chhatrapati Shivaji Intl. Airport (T2), Mumbai"
2024-04-30,122.0,76.0,2.0,4.0,8.0,7.0,"Chhatrapati Shivaji Intl. Airport (T2), Mumbai"
2024-05-01,99.0,76.0,2.0,5.0,7.0,6.0,"Chhatrapati Shivaji Intl. Airport (T2), Mumbai"
2024-05-02,105.0,80.0,2.0,15.0,8.0,7.0,"Chhatrapati Shivaji Intl. Airport (T2), Mumbai"
2024-05-03,109.0,66.0,2.0,3.0,7.0,7.0,"Chhatrapati Shivaji Intl. Airport (T2), Mumbai"
2024-05-04,86.0,58.0,2.0,10.0,7.0,7.0,"Chhatrapati Shivaji Intl. Airport (T2), Mumbai"
2024-05-05,77.0,57.0,1.0,4.0,7.0,6.0,"Chhatrapati Shivaji Intl. Airport (T2), Mumbai"
2024-05-06,74.0,62.0,2.0,9.0,7.0,6.0,"Chhatrapati Shivaji Intl. Airport (T2), Mumbai"
2024-05-07,78.0,62.0,2.0,5.0,7.0,6.0,"Chhatrapati Shivaji Intl. Airport (T2), Mumbai"
2024-05-08,75.0,55.0,1.0,5.0,7.0,6.0,"Chhatrapati Shivaji Intl. Airport (T2), Mumbai"
2024-05-09,65.0,58.0,1.0,1.0,7.0,6.0,"Chhatrapati Shivaji Intl. Airport (T2), Mumbai"
2024-05-10,79.0,78.0,1.0,3.0,7.0,7.0,"Chhatrapati Shivaji Intl. Airport (T2), Mumbai"
2024-05-11,87.0,107.0,1.0,7.0,8.5,8.5,"Chhatrapati Shivaji Intl. Airport (T2), Mumbai"
2024-05-12,79.5,136.0,1.0,11.0,10.0,10.0,"Chhatrapati Shivaji Intl. Airport (T2), Mumbai"
2024-05-13,72.0,210.0,3.0,4.0,7.0,12.0,"Chhatrapati Shivaji Intl. Airport (T2), Mumbai"
2024-05-14,136.0,99.0,1.0,5.666666666666667,9.0,17.0,"Chhatrapati Shivaji Intl. Airport (T2), Mumbai"
2024-05-15,147.0,83.0,2.0,7.333333333333334,8.0,8.0,"Chhatrapati Shivaji Intl. Airport (T2), Mumbai"
2024-05-16,86.0,61.0,3.0,9.0,8.0,8.0,"Chhatrapati Shivaji Intl. Airport (T2), Mumbai"
2024-05-17,82.0,62.0,2.0,5.0,7.0,6.0,"Chhatrapati Shivaji Intl. Airport (T2), Mumbai"
2024-05-18,85.0,61.0,2.0,1.0,7.0,6.0,"Chhatrapati Shivaji Intl. Airport (T2), Mumbai"
2024-05-19,80.0,46.0,1.0,1.0,7.0,5.0,"Chhatrapati Shivaji Intl. Airport (T2), Mumbai"
2024-05-20,63.0,59.0,1.0,2.0,7.0,6.0,"Chhatrapati Shivaji Intl. Airport (T2), Mumbai"
2024-05-21,76.0,55.0,4.0,1.0,7.0,6.0,"Chhatrapati Shivaji Intl. Airport (T2), Mumbai"
2024-05-22,73.0,55.0,4.0,2.142857142857143,7.0,5.0,"Chhatrapati Shivaji Intl. Airport (T2), Mumbai"
2024-05-23,76.0,54.0,4.0,3.2857142857142856,7.0,6.0,"Chhatrapati Shivaji Intl. Airport (T2), Mumbai"
2024-05-24,73.0,57.0,4.0,4.428571428571429,7.0,6.0,"Chhatrapati Shivaji Intl. Airport (T2), Mumbai"
2024-05-25,74.0,56.0,4.0,6.0,6.0,5.0,"Chhatrapati Shivaji Intl. Airport (T2), Mumbai"
2024-05-26,76.0,58.0,4.0,6.0,7.0,5.0,"Chhatrapati Shivaji Intl. Airport (T2), Mumbai"
2024-05-27,81.0,55.0,4.0,6.0,7.0,4.0,"Chhatrapati Shivaji Intl. Airport (T2), Mumbai"
2024-05-28,72.0,62.0,4.0,6.0,6.0,4.0,"Chhatrapati Shivaji Intl. Airport (T2), Mumbai"
2024-05-29,82.0,62.0,5.0,6.0,7.0,5.0,"Chhatrapati Shivaji Intl. Airport (T2), Mumbai"
2024-05-30,86.0,55.0,5.0,6.0,7.0,5.0,"Chhatrapati Shivaji Intl. Airport (T2), Mumbai"
2024-05-31,72.0,55.0,5.0,6.0,8.0,5.0,"Chhatrapati Shivaji Intl. Airport (T2), Mumbai"
2024-06-01,64.0,44.0,5.0,6.0,7.0,5.0,"Chhatrapati Shivaji Intl. Airport (T2), Mumbai"
2024-06-02,65.0,62.0,5.0,6.0,8.0,5.0,"Chhatrapati Shivaji Intl. Airport (T2), Mumbai"
2024-06-03,79.0,62.0,5.0,6.0,8.0,5.0,"Chhatrapati Shivaji Intl. Airport (T2), Mumbai"
2024-06-04,78.0,51.0,42.0,17.0,8.0,6.0,"Chhatrapati Shivaji Intl. Airport (T2), Mumbai"
2024-06-05,69.0,54.0,21.5,15.0,6.0,6.0,"Chhatrapati Shivaji Intl. Airport (T2), Mumbai"
2024-06-06,72.0,61.0,1.0,22.0,6.0,6.0,"Chhatrapati Shivaji Intl. Airport (T2), Mumbai"
2024-06-07,80.0,179.0,1.0,30.0,7.0,6.0,"Chhatrapati Shivaji Intl. Airport (T2), Mumbai"
2024-06-08,81.0,37.0,1.0,5.0,7.0,7.0,"Chhatrapati Shivaji Intl. Airport (T2), Mumbai"
2024-06-09,65.0,35.0,1.0,10.0,7.0,8.0,"Chhatrapati Shivaji Intl. Airport (T2), Mumbai"
2024-06-10,64.0,35.0,4.0,10.0,7.0,7.0,"Chhatrapati Shivaji Intl. Airport (T2), Mumbai"
2024-06-11,58.0,36.0,4.0,8.0,6.0,5.0,"Chhatrapati Shivaji Intl. Airport (T2), Mumbai"
2024-06-12,54.0,29.0,4.0,7.0,6.0,5.0,"Chhatrapati Shivaji Intl. Airport (T2), Mumbai"
2024-06-13,44.0,32.0,4.0,11.0,6.0,6.0,"Chhatrapati Shivaji Intl. Airport (T2), Mumbai"
2024-06-14,52.0,36.0,4.0,13.0,7.0,7.0,"Chhatrapati Shivaji Intl. Airport (T2), Mumbai"
2024-06-15,53.0,43.0,4.0,7.0,7.0,7.0,"Chhatrapati Shivaji Intl. Airport (T2), Mumbai"
2024-06-16,63.0,34.0,4.0,13.0,6.0,4.0,"Chhatrapati Shivaji Intl. Airport (T2), Mumbai"
2024-06-17,56.0,51.0,4.0,1.0,7.0,10.0,"Chhatrapati Shivaji Intl. Airport (T2), Mumbai"
2024-06-18,70.0,41.0,4.0,6.0,7.0,6.0,"Chhatrapati Shivaji Intl. Airport (T2), Mumbai"
2024-06-19,62.0,39.0,3.0,6.333333333333333,7.0,11.0,"Chhatrapati Shivaji Intl. Airport (T2), Mumbai"
2024-06-20,59.0,34.0,4.0,6.666666666666667,7.0,8.0,"Chhatrapati Shivaji Intl. Airport (T2), Mumbai"
2024-06-21,65.0,51.0,4.0,7.0,7.0,9.0,"Chhatrapati Shivaji Intl. Airport (T2), Mumbai"
2024-06-22,75.0,46.0,4.0,10.0,7.0,8.0,"Chhatrapati Shivaji Intl. Airport (T2), Mumbai"
2024-06-23,68.0,36.0,4.0,5.0,7.0,5.0,"Chhatrapati Shivaji Intl. Airport (T2), Mumbai"
2024-06-24,58.0,36.0,4.0,11.0,7.0,6.0,"Chhatrapati Shivaji Intl. Airport (T2), Mumbai"
2024-06-25,52.0,24.0,4.0,14.0,7.0,5.0,"Chhatrapati Shivaji Intl. Airport (T2), Mumbai"
2024-06-26,42.0,24.0,4.0,14.0,6.0,2.0,"Chhatrapati Shivaji Intl. Airport (T2), Mumbai"
2024-06-27,43.0,36.0,4.0,12.0,6.0,2.0,"Chhatrapati Shivaji Intl. Airport (T2), Mumbai"
2024-06-28,59.0,49.0,4.0,10.0,6.0,2.0,"Chhatrapati Shivaji Intl. Airport (T2), Mumbai"
2024-06-29,66.0,49.0,4.0,13.0,6.0,2.0,"Chhatrapati Shivaji Intl. Airport (T2), Mumbai"
2024-06-30,64.0,53.0,4.0,16.0,6.0,1.0,"Chhatrapati Shivaji Intl. Airport (T2), Mumbai"
2024-07-01,67.0,54.0,5.0,10.0,5.0,1.0,"Chhatrapati Shivaji Intl. Airport (T2), Mumbai"
2024-07-02,71.0,51.0,5.0,3.0,5.0,1.0,"Chhatrapati Shivaji Intl. Airport (T2), Mumbai"
2024-07-03,63.0,48.0,5.0,3.0,5.0,1.0,"Chhatrapati Shivaji Intl. Airport (T2), Mumbai"
2024-07-04,63.0,38.0,5.0,4.0,5.0,1.0,"Chhatrapati Shivaji Intl. Airport (T2), Mumbai"
2024-07-05,54.0,74.0,5.0,4.0,5.0,1.0,"Chhatrapati Shivaji Intl. Airport (T2), Mumbai"
2024-07-06,74.0,40.0,5.0,5.0,5.0,1.0,"Chhatrapati Shivaji Intl. Airport (T2), Mumbai"
2024-07-07,63.0,35.0,5.0,7.0,6.0,2.0,"Chhatrapati Shivaji Intl. Airport (T2), Mumbai"
2024-07-08,57.0,28.0,4.0,6.0,7.0,2.0,"Chhatrapati Shivaji Intl. Airport (T2), Mumbai"
2024-07-09,59.0,36.0,3.6,7.5,6.5,2.5,"Chhatrapati Shivaji Intl. Airport (T2), Mumbai"
2024-07-10,60.5,44.0,3.2,9.0,6.0,3.0,"Chhatrapati Shivaji Intl. Airport (T2), Mumbai"
2024-07-11,62.0,41.0,2.8,7.0,6.0,2.0,"Chhatrapati Shivaji Intl. Airport (T2), Mumbai"
2024-07-12,59.0,25.0,4.0,6.0,7.0,2.0,"Chhatrapati Shivaji Intl. Airport (T2), Mumbai"
2024-07-13,46.0,44.0,2.0,6.0,6.0,2.0,"Chhatrapati Shivaji Intl. Airport (T2), Mumbai"
2024-07-14,58.0,46.0,4.0,8.0,6.0,3.0,"Chhatrapati Shivaji Intl. Airport (T2), Mumbai"
2024-07-15,63.0,36.0,4.0,9.0,7.0,3.0,"Chhatrapati Shivaji Intl. Airport (T2), Mumbai"
2024-07-16,53.0,37.0,5.0,5.0,6.0,1.0,"Chhatrapati Shivaji Intl. Airport (T2), Mumbai"
2024-07-17,53.0,15.0,5.0,7.0,6.0,2.0,"Chhatrapati Shivaji Intl. Airport (T2), Mumbai"
2024-07-18,37.0,36.0,5.0,5.0,6.0,2.0,"Chhatrapati Shivaji Intl. Airport (T2), Mumbai"
2024-07-19,50.0,30.0,5.0,5.0,6.0,2.0,"Chhatrapati Shivaji Intl. Airport (T2), Mumbai"
2024-07-20,49.0,26.0,5.0,5.0,5.0,2.0,"Chhatrapati Shivaji Intl. Airport (T2), Mumbai"
2024-07-21,45.0,38.0,5.0,5.0,6.0,1.0,"Chhatrapati Shivaji Intl. Airport (T2), Mumbai"
2024-07-22,56.0,35.0,4.5,6.0,6.0,2.0,"Chhatrapati Shivaji Intl. Airport (T2), Mumbai"
2024-07-23,55.0,43.0,4.0,6.0,5.0,2.0,"Chhatrapati Shivaji Intl. Airport (T2), Mumbai"
2024-07-24,60.0,37.0,3.5,5.0,6.0,1.0,"Chhatrapati Shivaji Intl. Airport (T2), Mumbai"
2024-07-25,55.0,53.0,3.0,5.0,6.0,1.0,"Chhatrapati Shivaji Intl. Airport (T2), Mumbai"
2024-07-26,68.0,54.0,3.0,5.0,6.0,1.0,"Chhatrapati Shivaji Intl. Airport (T2), Mumbai"
2024-07-27,67.0,60.0,3.0,6.0,5.0,2.0,"Chhatrapati Shivaji Intl. Airport (T2), Mumbai"
2024-07-28,79.0,55.0,3.5,6.0,6.0,2.0,"Chhatrapati Shivaji Intl. Airport (T2), Mumbai"
2024-07-29,75.0,55.0,4.0,4.0,5.0,1.0,"Chhatrapati Shivaji Intl. Airport (T2), Mumbai"
2024-07-30,70.0,52.0,4.5,4.0,5.0,1.0,"Chhatrapati Shivaji Intl. Airport (T2), Mumbai"
2024-07-31,62.0,54.0,4.0,4.0,5.0,1.0,"Chhatrapati Shivaji Intl. Airport (T2), Mumbai"
2024-08-01,62.0,38.0,3.0,4.0,5.0,1.0,"Chhatrapati Shivaji Intl. Airport (T2), Mumbai"
2024-08-02,55.0,39.0,3.0,3.0,5.0,1.0,"Chhatrapati Shivaji Intl. Airport (T2), Mumbai"
2024-08-03,55.0,43.0,3.0,3.0,5.0,1.0,"Chhatrapati Shivaji Intl. Airport (T2), Mumbai"
2024-08-04,57.0,43.0,3.0,4.0,5.0,1.0,"Chhatrapati Shivaji Intl. Airport (T2), Mumbai"
2024-08-05,58.0,43.0,3.0,5.0,5.0,1.0,"Chhatrapati Shivaji Intl. Airport (T2), Mumbai"
2024-08-06,55.0,87.0,3.0,5.0,6.0,1.0,"Chhatrapati Shivaji Intl. Airport (T2), Mumbai"
2024-08-07,118.0,58.0,3.0,4.0,5.0,1.0,"Chhatrapati Shivaji Intl. Airport (T2), Mumbai"
2024-08-08,64.0,47.0,9.0,4.0,5.0,1.0,"Chhatrapati Shivaji Intl. Airport (T2), Mumbai"
2024-08-09,56.0,43.0,9.0,5.0,5.0,1.0,"Chhatrapati Shivaji Intl. Airport (T2), Mumbai"
2024-08-10,52.0,39.0,9.0,4.0,6.0,1.0,"Chhatrapati Shivaji Intl. Airport (T2), Mumbai"
2024-08-11,50.0,56.0,9.0,4.0,5.0,1.0,"Chhatrapati Shivaji Intl. Airport (T2), Mumbai"
2024-08-12,61.0,53.0,9.0,5.0,6.0,1.0,"Chhatrapati Shivaji Intl. Airport (T2), Mumbai"
2024-08-13,62.0,68.0,9.0,6.0,7.0,2.0,"Chhatrapati Shivaji Intl. Airport (T2), Mumbai"
2024-08-14,69.0,64.0,9.0,6.0,7.0,2.0,"Chhatrapati Shivaji Intl. Airport (T2), Mumbai"
2024-08-15,65.0,63.0,9.0,6.0,11.0,2.0,"Chhatrapati Shivaji Intl. Airport (T2), Mumbai"
2024-08-16,65.0,60.0,9.0,5.0,12.0,1.0,"Chhatrapati Shivaji Intl. Airport (T2), Mumbai"
2024-08-17,67.0,71.0,9.0,6.0,9.0,2.0,"Chhatrapati Shivaji Intl. Airport (T2), Mumbai"
2024-08-18,75.0,65.0,9.0,7.0,13.0,2.0,"Chhatrapati Shivaji Intl. Airport (T2), Mumbai"
2024-08-19,77.0,40.0,9.0,9.0,18.0,3.0,"Chhatrapati Shivaji Intl. Airport (T2), Mumbai"
2024-08-20,69.0,54.0,9.0,9.0,11.0,3.0,"Chhatrapati Shivaji Intl. Airport (T2), Mumbai"
2024-08-21,79.0,51.0,9.0,8.0,9.0,3.0,"Chhatrapati Shivaji Intl. Airport (T2), Mumbai"
2024-08-22,72.0,49.0,15.0,6.0,7.0,2.0,"Chhatrapati Shivaji Intl. Airport (T2), Mumbai"
2024-08-23,56.0,63.0,12.0,11.0,10.0,4.0,"Chhatrapati Shivaji Intl. Airport (T2), Mumbai"
2024-08-24,54.0,28.0,12.0,4.0,4.0,1.0,"Chhatrapati Shivaji Intl. Airport (T2), Mumbai"
2024-08-25,52.0,37.0,3.0,4.0,4.0,1.0,"Chhatrapati Shivaji Intl. Airport (T2), Mumbai"
2024-08-26,60.0,32.0,3.0,4.0,3.0,1.0,"Chhatrapati Shivaji Intl. Airport (T2), Mumbai"
2024-08-27,52.0,37.0,3.0,4.0,3.0,1.0,"Chhatrapati Shivaji Intl. Airport (T2), Mumbai"
2024-08-28,59.0,38.0,2.0,4.0,3.0,1.0,"Chhatrapati Shivaji Intl. Airport (T2), Mumbai"
2024-08-29,59.0,129.0,3.0,15.0,8.0,5.0,"Chhatrapati Shivaji Intl. Airport (T2), Mumbai"
2024-08-30,61.0,146.0,3.0,4.0,13.0,1.0,"Chhatrapati Shivaji Intl. Airport (T2), Mumbai"
2024-08-31,47.0,100.5,3.0,3.0,3.0,1.0,"Chhatrapati Shivaji Intl. Airport (T2), Mumbai"
2024-09-01,62.0,55.0,3.0,6.0,6.0,2.0,"Chhatrapati Shivaji Intl. Airport (T2), Mumbai"
2024-09-02,77.0,46.0,3.0,2.0,4.0,1.5,"Chhatrapati Shivaji Intl. Airport (T2), Mumbai"
2024-09-03,65.0,43.0,2.0,2.0,3.0,1.0,"Chhatrapati Shivaji Intl. Airport (T2), Mumbai"
2024-09-04,65.0,37.0,3.0,2.0,3.0,1.0,"Chhatrapati Shivaji Intl. Airport (T2), Mumbai"
2024-09-05,59.0,46.0,3.0,2.0,3.0,1.0,"Chhatrapati Shivaji Intl. Airport (T2), Mumbai"
2024-09-06,62.0,41.0,3.0,2.0,3.0,1.0,"Chhatrapati Shivaji Intl. Airport (T2), Mumbai"
2024-09-07,56.0,42.0,3.0,2.0,3.0,1.0,"Chhatrapati Shivaji Intl. Airport (T2), Mumbai"
2024-09-08,56.0,38.0,2.0,2.0,3.0,1.0,"Chhatrapati Shivaji Intl. Airport (T2), Mumbai"
2024-09-09,43.0,35.0,3.0,2.0,3.0,1.0,"Chhatrapati Shivaji Intl. Airport (T2), Mumbai"
2024-09-10,51.0,41.0,3.0,2.0,3.0,1.0,"Chhatrapati Shivaji Intl. Airport (T2), Mumbai"
2024-09-11,55.0,45.0,3.0,2.0,3.0,1.0,"Chhatrapati Shivaji Intl. Airport (T2), Mumbai"
2024-09-12,63.0,50.0,3.0,2.0,3.0,1.0,"Chhatrapati Shivaji Intl. Airport (T2), Mumbai"
2024-09-13,66.0,45.0,3.0,2.0,3.0,1.0,"Chhatrapati Shivaji Intl. Airport (T2), Mumbai"
2024-09-14,53.0,44.0,3.0,4.0,3.0,1.0,"Chhatrapati Shivaji Intl. Airport (T2), Mumbai"
2024-09-15,68.0,61.0,3.0,5.0,3.0,1.0,"Chhatrapati Shivaji Intl. Airport (T2), Mumbai"
2024-09-16,84.0,61.0,3.0,4.0,3.0,1.0,"Chhatrapati Shivaji Intl. Airport (T2), Mumbai"
2024-09-17,75.0,66.0,3.0,4.0,3.0,1.0,"Chhatrapati Shivaji Intl. Airport (T2), Mumbai"
2024-09-18,93.0,68.0,2.0,3.0,3.0,1.0,"Chhatrapati Shivaji Intl. Airport (T2), Mumbai"
2024-09-19,88.0,68.0,3.0,4.0,3.0,1.0,"Chhatrapati Shivaji Intl. Airport (T2), Mumbai"
2024-09-20,94.0,62.0,3.0,3.0,3.0,1.0,"Chhatrapati Shivaji Intl. Airport (T2), Mumbai"
2024-09-21,73.0,64.0,3.0,3.0,3.0,1.0,"Chhatrapati Shivaji Intl. Airport (T2), Mumbai"
2024-09-22,77.0,66.0,3.0,3.0,2.0,1.0,"Chhatrapati Shivaji Intl. Airport (T2), Mumbai"
2024-09-23,89.0,40.0,3.0,3.0,3.0,1.0,"Chhatrapati Shivaji Intl. Airport (T2), Mumbai"
2024-09-24,55.0,56.0,3.0,4.0,3.0,1.0,"Chhatrapati Shivaji Intl. Airport (T2), Mumbai"
2024-09-25,123.0,29.0,2.0,4.0,2.0,1.0,"Chhatrapati Shivaji Intl. Airport (T2), Mumbai"
2024-09-26,43.0,22.0,3.0,3.0,2.0,1.0,"Chhatrapati Shivaji Intl. Airport (T2), Mumbai"
2024-09-27,32.0,23.0,3.0,3.0,3.0,1.0,"Chhatrapati Shivaji Intl. Airport (T2), Mumbai"
2024-09-28,33.0,32.0,3.0,3.0,2.0,1.0,"Chhatrapati Shivaji Intl. Airport (T2), Mumbai"
2024-09-29,42.0,53.0,3.0,6.0,3.0,2.0,"Chhatrapati Shivaji Intl. Airport (T2), Mumbai"
2024-09-30,70.0,77.0,3.0,5.0,3.0,2.0,"Chhatrapati Shivaji Intl. Airport (T2), Mumbai"
2024-10-01,74.0,84.0,3.0,5.0,3.0,1.0,"Chhatrapati Shivaji Intl. Airport (T2), Mumbai"
2024-10-02,74.0,61.0,3.0,3.0,3.0,1.0,"Chhatrapati Shivaji Intl. Airport (T2), Mumbai"
2024-10-03,74.0,57.0,3.0,3.0,2.0,1.0,"Chhatrapati Shivaji Intl. Airport (T2), Mumbai"
2024-10-04,74.0,71.0,3.0,3.0,3.0,1.0,"Chhatrapati Shivaji Intl. Airport (T2), Mumbai"
2024-10-05,74.0,63.0,3.0,4.0,3.0,1.0,"Chhatrapati Shivaji Intl. Airport (T2), Mumbai"
2024-10-06,74.0,83.0,3.0,6.0,3.0,2.0,"Chhatrapati Shivaji Intl. Airport (T2), Mumbai"
2024-10-07,74.0,86.0,3.0,6.0,3.0,2.0,"Chhatrapati Shivaji Intl. Airport (T2), Mumbai"
2024-10-08,71.0,45.0,3.0,5.0,3.0,2.0,"Chhatrapati Shivaji Intl. Airport (T2), Mumbai"
2024-10-09,62.0,41.0,3.0,5.0,3.0,1.0,"Chhatrapati Shivaji Intl. Airport (T2), Mumbai"
2024-10-10,57.5,30.0,3.0,4.0,3.0,1.0,"Chhatrapati Shivaji Intl. Airport (T2), Mumbai"
2024-10-11,53.0,46.0,3.0,5.0,3.0,1.0,"Chhatrapati Shivaji Intl. Airport (T2), Mumbai"
2024-10-12,52.0,54.0,3.0,5.0,3.0,2.0,"Chhatrapati Shivaji Intl. Airport (T2), Mumbai"
2024-10-13,64.0,55.0,3.0,5.0,3.0,1.0,"Chhatrapati Shivaji Intl. Airport (T2), Mumbai"
2024-10-14,76.0,50.0,3.0,5.0,3.0,1.0,"Chhatrapati Shivaji Intl. Airport (T2), Mumbai"
2024-10-15,52.0,62.0,3.0,6.0,3.0,2.0,"Chhatrapati Shivaji Intl. Airport (T2), Mumbai"
2024-10-16,58.0,66.0,3.0,6.0,3.0,2.0,"Chhatrapati Shivaji Intl. Airport (T2), Mumbai"
2024-10-17,59.0,55.0,3.0,4.0,3.0,1.0,"Chhatrapati Shivaji Intl. Airport (T2), Mumbai"
2024-10-18,54.0,40.0,3.0,4.0,3.0,1.0,"Chhatrapati Shivaji Intl. Airport (T2), Mumbai"
2024-10-19,47.0,48.0,3.0,4.0,3.0,1.0,"Chhatrapati Shivaji Intl. Airport (T2), Mumbai"
2024-10-20,50.0,47.0,3.0,4.0,3.0,1.0,"Chhatrapati Shivaji Intl. Airport (T2), Mumbai"
2024-10-21,48.0,159.0,3.0,35.0,3.4,13.0,"Chhatrapati Shivaji Intl. Airport (T2), Mumbai"
2024-10-22,76.0,143.0,3.0,35.0,3.8,13.0,"Chhatrapati Shivaji Intl. Airport (T2), Mumbai"
2024-10-23,116.0,86.0,3.0,5.0,4.2,1.0,"Chhatrapati Shivaji Intl. Airport (T2), Mumbai"
2024-10-24,74.0,82.0,3.0,5.0,4.0,2.0,"Chhatrapati Shivaji Intl. Airport (T2), Mumbai"
2024-10-25,65.0,88.0,3.0,7.0,5.0,2.0,"Chhatrapati Shivaji Intl. Airport (T2), Mumbai"
2024-10-26,69.0,84.0,3.0,8.0,5.0,3.0,"Chhatrapati Shivaji Intl. Airport (T2), Mumbai"
2024-10-27,69.0,78.0,3.0,8.0,5.0,3.0,"Chhatrapati Shivaji Intl. Airport (T2), Mumbai"
2024-10-28,67.0,67.0,3.0,6.0,5.0,2.0,"Chhatrapati Shivaji Intl. Airport (T2), Mumbai"
2024-10-29,60.0,75.0,3.0,7.0,5.0,2.0,"Chhatrapati Shivaji Intl. Airport (T2), Mumbai"
2024-10-30,66.0,74.0,7.0,9.0,6.0,3.0,"Chhatrapati Shivaji Intl. Airport (T2), Mumbai"
2024-10-31,77.0,87.0,3.0,6.0,5.0,2.0,"Chhatrapati Shivaji Intl. Airport (T2), Mumbai"
2024-11-01,75.0,118.0,3.0,7.0,5.0,2.0,"Chhatrapati Shivaji Intl. Airport (T2), Mumbai"
2024-11-02,101.0,91.0,3.0,7.0,5.0,2.0,"Chhatrapati Shivaji Intl. Airport (T2), Mumbai"
2024-11-03,77.0,101.0,3.0,7.0,5.0,2.0,"Chhatrapati Shivaji Intl. Airport (T2), Mumbai"
2024-11-04,85.0,95.0,3.0,7.0,5.0,2.0,"Chhatrapati Shivaji Intl. Airport (T2), Mumbai"
2024-11-05,77.0,171.0,3.0,7.0,5.0,2.0,"Chhatrapati Shivaji Intl. Airport (T2), Mumbai"
2024-11-06,77.0,103.0,3.0,7.0,5.0,2.0,"Chhatrapati Shivaji Intl. Airport (T2), Mumbai"
2024-11-07,74.0,141.0,3.0,8.0,5.0,3.0,"Chhatrapati Shivaji Intl. Airport (T2), Mumbai"
2024-11-08,90.0,104.0,3.0,7.0,5.0,2.0,"Chhatrapati Shivaji Intl. Airport (T2), Mumbai"
2024-11-09,89.0,91.0,3.0,7.0,5.0,2.0,"Chhatrapati Shivaji Intl. Airport (T2), Mumbai"
2024-11-10,97.0,90.0,3.0,7.0,5.0,2.0,"Chhatrapati Shivaji Intl. Airport (T2), Mumbai"
2024-11-11,97.0,93.0,3.0,7.0,5.0,2.0,"Chhatrapati Shivaji Intl. Airport (T2), Mumbai"
2024-11-12,100.0,87.0,3.0,8.0,5.0,2.0,"Chhatrapati Shivaji Intl. Airport (T2), Mumbai"
2024-11-13,94.0,93.0,3.0,8.0,5.0,2.0,"Chhatrapati Shivaji Intl. Airport (T2), Mumbai"
2024-11-14,97.0,89.0,3.0,8.0,5.0,3.0,"Chhatrapati Shivaji Intl. Airport (T2), Mumbai"
2024-11-15,96.0,98.0,3.0,8.0,5.0,3.0,"Chhatrapati Shivaji Intl. Airport (T2), Mumbai"
2024-11-16,104.0,89.0,3.0,7.0,5.0,2.0,"Chhatrapati Shivaji Intl. Airport (T2), Mumbai"
2024-11-17,99.0,88.0,3.0,7.0,5.0,2.0,"Chhatrapati Shivaji Intl. Airport (T2), Mumbai"
2024-11-18,93.0,86.0,3.0,7.0,5.0,2.0,"Chhatrapati Shivaji Intl. Airport (T2), Mumbai"
2024-11-19,92.0,82.0,3.0,6.0,5.0,2.0,"Chhatrapati Shivaji Intl. Airport (T2), Mumbai"
2024-11-20,92.0,92.0,3.0,7.0,5.0,2.0,"Chhatrapati Shivaji Intl. Airport (T2), Mumbai"
2024-11-21,99.0,102.0,3.0,8.0,5.0,3.0,"Chhatrapati Shivaji Intl. Airport (T2), Mumbai"
2024-11-22,108.0,109.0,3.0,10.0,5.0,3.0,"Chhatrapati Shivaji Intl. Airport (T2), Mumbai"
2024-11-23,114.0,107.0,3.0,9.0,5.0,3.0,"Chhatrapati Shivaji Intl. Airport (T2), Mumbai"
2024-11-24,115.0,102.0,3.0,8.0,5.0,3.0,"Chhatrapati Shivaji Intl. Airport (T2), Mumbai"
2024-11-25,109.0,92.0,3.0,7.0,5.0,2.0,"Chhatrapati Shivaji Intl. Airport (T2), Mumbai"
2024-11-26,97.0,89.0,3.0,7.0,6.0,2.0,"Chhatrapati Shivaji Intl. Airport (T2), Mumbai"
2024-11-27,93.0,103.0,3.0,6.0,6.0,2.0,"Chhatrapati Shivaji Intl. Airport (T2), Mumbai"
2024-11-28,91.0,85.0,3.0,7.0,6.0,2.0,"Chhatrapati Shivaji Intl. Airport (T2), Mumbai"
2024-11-29,91.0,91.0,3.0,8.0,7.0,2.0,"Chhatrapati Shivaji Intl. Airport (T2), Mumbai"
2024-11-30,96.0,94.0,3.0,9.0,6.0,3.0,"Chhatrapati Shivaji Intl. Airport (T2), Mumbai"
2024-12-01,103.0,101.0,2.0,10.0,6.0,3.0,"Chhatrapati Shivaji Intl. Airport (T2), Mumbai"
2024-12-02,109.0,80.0,2.0,7.0,6.0,2.0,"Chhatrapati Shivaji Intl. Airport (T2), Mumbai"
2024-12-03,92.0,87.0,3.0,7.0,6.0,2.0,"Chhatrapati Shivaji Intl. Airport (T2), Mumbai"
2024-12-04,93.0,90.0,3.0,8.0,5.0,3.0,"Chhatrapati Shivaji Intl. Airport (T2), Mumbai"
2024-12-05,96.0,100.0,3.0,10.0,7.0,3.0,"Chhatrapati Shivaji Intl. Airport (T2), Mumbai"
2024-12-06,102.0,109.0,3.0,8.0,7.0,2.0,"Chhatrapati Shivaji Intl. Airport (T2), Mumbai"
2024-12-07,108.0,91.0,3.0,8.0,7.0,2.0,"Chhatrapati Shivaji Intl. Airport (T2), Mumbai"
2024-12-08,92.0,86.0,3.0,7.0,6.0,2.0,"Chhatrapati Shivaji Intl. Airport (T2), Mumbai"
2024-12-09,87.0,91.0,3.0,8.0,7.0,2.0,"Chhatrapati Shivaji Intl. Airport (T2), Mumbai"
2024-12-10,91.0,95.0,3.0,9.0,9.0,3.0,"Chhatrapati Shivaji Intl. Airport (T2), Mumbai"
2024-12-11,96.0,103.0,3.0,10.0,9.0,3.0,"Chhatrapati Shivaji Intl. Airport (T2), Mumbai"
2024-12-12,101.0,85.0,3.0,7.0,8.0,2.0,"Chhatrapati Shivaji Intl. Airport (T2), Mumbai"
2024-12-13,88.0,92.0,3.0,7.0,7.0,2.0,"Chhatrapati Shivaji Intl. Airport (T2), Mumbai"
2024-12-14,95.0,92.0,3.0,8.0,7.0,3.0,"Chhatrapati Shivaji Intl. Airport (T2), Mumbai"
2024-12-15,96.0,104.0,3.0,11.0,8.0,4.0,"Chhatrapati Shivaji Intl. Airport (T2), Mumbai"
2024-12-16,102.0,111.0,2.0,13.0,8.0,4.0,"Chhatrapati Shivaji Intl. Airport (T2), Mumbai"
2024-12-17,110.0,109.0,3.0,11.0,8.0,4.0,"Chhatrapati Shivaji Intl. Airport (T2), Mumbai"
2024-12-18,111.0,114.0,3.0,12.0,8.0,4.0,"Chhatrapati Shivaji Intl. Airport (T2), Mumbai"
2024-12-19,116.0,124.0,3.0,10.0,8.0,3.0,"Chhatrapati Shivaji Intl. Airport (T2), Mumbai"
2024-12-20,136.0,120.0,3.0,9.0,8.0,3.0,"Chhatrapati Shivaji Intl. Airport (T2), Mumbai"
2024-12-21,124.0,103.0,3.0,8.0,7.0,3.0,"Chhatrapati Shivaji Intl. Airport (T2), Mumbai"
2024-12-22,112.0,101.0,3.0,8.0,7.0,3.0,"Chhatrapati Shivaji Intl. Airport (T2), Mumbai"
2024-12-23,104.0,111.0,3.0,9.0,7.0,3.0,"Chhatrapati Shivaji Intl. Airport (T2), Mumbai"
2024-12-24,110.0,120.0,3.0,9.0,7.0,3.0,"Chhatrapati Shivaji Intl. Airport (T2), Mumbai"
2024-12-25,118.0,118.0,3.0,10.0,7.0,3.0,"Chhatrapati Shivaji Intl. Airport (T2), Mumbai"
2024-12-26,118.0,109.0,3.0,10.0,7.0,3.0,"Chhatrapati Shivaji Intl. Airport (T2), Mumbai"
2024-12-27,107.0,124.0,3.0,10.0,7.0,3.0,"Chhatrapati Shivaji Intl. Airport (T2), Mumbai"
2024-12-28,127.0,105.0,2.0,10.0,7.0,3.0,"Chhatrapati Shivaji Intl. Airport (T2), Mumbai"
2024-12-29,107.0,103.66666666666667,2.0,10.666666666666666,7.0,3.3333333333333335,"Chhatrapati Shivaji Intl. Airport (T2), Mumbai"
2024-12-31,102.33333333333333,101.0,2.0,12.0,7.0,4.0,"Chhatrapati Shivaji Intl. Airport (T2), Mumbai"
2025-01-01,100.0,98.0,3.0,9.0,7.0,3.0,"Chhatrapati Shivaji Intl. Airport (T2), Mumbai"
2025-01-02,98.0,94.0,3.0,9.0,7.0,3.0,"Chhatrapati Shivaji Intl. Airport (T2), Mumbai"
2025-01-03,93.0,111.0,3.0,12.0,7.0,4.0,"Chhatrapati Shivaji Intl. Airport (T2), Mumbai"
2025-01-04,103.0,113.0,3.0,11.0,7.0,4.0,"Chhatrapati Shivaji Intl. Airport (T2), Mumbai"
2025-01-05,108.0,100.0,3.0,8.0,6.0,3.0,"Chhatrapati Shivaji Intl. Airport (T2), Mumbai"
2025-01-06,98.0,114.0,3.0,9.0,6.0,3.0,"Chhatrapati Shivaji Intl. Airport (T2), Mumbai"
2025-01-07,109.0,137.0,3.0,8.0,7.0,3.0,"Chhatrapati Shivaji Intl. Airport (T2), Mumbai"
2025-01-08,195.0,102.0,3.0,9.0,6.0,3.0,"Chhatrapati Shivaji Intl. Airport (T2), Mumbai"
2025-01-09,103.0,110.0,2.0,11.0,7.0,4.0,"Chhatrapati Shivaji Intl. Airport (T2), Mumbai"
2025-01-10,114.0,114.0,3.0,10.0,6.0,3.0,"Chhatrapati Shivaji Intl. Airport (T2), Mumbai"
2025-01-11,106.0,105.0,3.0,9.0,6.0,3.0,"Chhatrapati Shivaji Intl. Airport (T2), Mumbai"
2025-01-12,103.0,125.0,3.0,9.0,6.0,3.0,"Chhatrapati Shivaji Intl. Airport (T2), Mumbai"
2025-01-13,119.0,107.0,3.0,9.0,6.0,3.0,"Chhatrapati Shivaji Intl. Airport (T2), Mumbai"
2025-01-14,106.0,124.0,3.0,12.0,7.0,4.0,"Chhatrapati Shivaji Intl. Airport (T2), Mumbai"
2025-01-15,119.0,124.0,3.0,10.0,6.0,4.0,"Chhatrapati Shivaji Intl. Airport (T2), Mumbai"
2025-01-16,119.0,123.0,3.0,12.0,6.0,4.0,"Chhatrapati Shivaji Intl. Airport (T2), Mumbai"
2025-01-17,117.0,104.0,3.0,9.0,6.0,3.0,"Chhatrapati Shivaji Intl. Airport (T2), Mumbai"
2025-01-18,101.0,110.0,3.0,10.0,7.0,3.0,"Chhatrapati Shivaji Intl. Airport (T2), Mumbai"
2025-01-19,106.0,113.0,3.0,11.0,7.0,4.0,"Chhatrapati Shivaji Intl. Airport (T2), Mumbai"
2025-01-20,107.0,118.0,3.0,12.0,7.0,4.0,"Chhatrapati Shivaji Intl. Airport (T2), Mumbai"
2025-01-21,112.0,136.0,3.0,13.0,7.0,5.0,"Chhatrapati Shivaji Intl. Airport (T2), Mumbai"
2025-01-22,128.0,113.0,3.0,10.0,7.0,3.0,"Chhatrapati Shivaji Intl. Airport (T2), Mumbai"
2025-01-23,107.0,119.0,3.0,12.0,7.0,4.0,"Chhatrapati Shivaji Intl. Airport (T2), Mumbai"
2025-01-24,112.0,121.0,3.0,13.0,7.0,4.0,"Chhatrapati Shivaji Intl. Airport (T2), Mumbai"
2025-01-25,117.0,116.0,3.0,13.0,7.0,5.0,"Chhatrapati Shivaji Intl. Airport (T2), Mumbai"
2025-01-26,113.0,115.0,3.0,15.0,7.0,5.0,"Chhatrapati Shivaji Intl. Airport (T2), Mumbai"
2025-01-27,111.0,104.5,3.0,11.5,6.5,4.0,"Chhatrapati Shivaji Intl. Airport (T2), Mumbai"
2025-01-28,100.0,94.0,3.0,8.0,6.0,3.0,"Chhatrapati Shivaji Intl. Airport (T2), Mumbai"
2025-01-29,89.0,123.0,2.0,11.0,6.0,4.0,"Chhatrapati Shivaji Intl. Airport (T2), Mumbai"
2025-01-30,113.0,97.0,2.0,8.0,5.0,2.0,"Chhatrapati Shivaji Intl. Airport (T2), Mumbai"
2025-01-31,91.0,94.0,2.0,7.0,5.0,2.0,"Chhatrapati Shivaji Intl. Airport (T2), Mumbai"
2025-02-01,93.0,100.0,3.0,8.0,5.0,2.0,"Chhatrapati Shivaji Intl. Airport (T2), Mumbai"
2025-02-02,98.0,105.0,3.0,9.0,5.0,3.0,"Chhatrapati Shivaji Intl. Airport (T2), Mumbai"
2025-02-03,99.0,99.0,3.0,8.0,5.0,3.0,"Chhatrapati Shivaji Intl. Airport (T2), Mumbai"
2025-02-04,94.0,119.0,3.0,9.0,5.0,3.0,"Chhatrapati Shivaji Intl. Airport (T2), Mumbai"
2025-02-05,112.0,110.0,3.0,12.0,9.0,4.0,"Chhatrapati Shivaji Intl. Airport (T2), Mumbai"
2025-02-06,107.0,113.0,3.0,13.0,8.0,5.0,"Chhatrapati Shivaji Intl. Airport (T2), Mumbai"
2025-02-07,111.0,120.0,3.0,15.0,8.0,5.0,"Chhatrapati Shivaji Intl. Airport (T2), Mumbai"
2025-02-08,116.0,185.0,2.0,13.0,8.0,5.0,"Chhatrapati Shivaji Intl. Airport (T2), Mumbai"
2025-02-09,108.0,118.0,3.0,12.0,8.0,4.0,"Chhatrapati Shivaji Intl. Airport (T2), Mumbai"
2025-02-10,135.0,118.0,3.0,10.0,8.0,4.0,"Chhatrapati Shivaji Intl. Airport (T2), Mumbai"
2025-02-11,99.0,162.0,3.0,11.0,7.0,4.0,"Chhatrapati Shivaji Intl. Airport (T2), Mumbai"
2025-02-12,98.0,72.0,3.0,11.0,8.0,4.0,"Chhatrapati Shivaji Intl. Airport (T2), Mumbai"
2025-02-13,101.0,77.0,3.0,15.0,8.0,5.0,"Chhatrapati Shivaji Intl. Airport (T2), Mumbai"
2025-02-14,110.0,70.0,2.0,11.0,8.0,4.0,"Chhatrapati Shivaji Intl. Airport (T2), Mumbai"
2025-02-15,98.0,71.0,2.0,12.0,8.0,4.0,"Chhatrapati Shivaji Intl. Airport (T2), Mumbai"
2025-02-16,99.0,67.0,3.0,9.0,7.0,3.0,"Chhatrapati Shivaji Intl. Airport (T2), Mumbai"
2025-02-17,91.0,70.0,3.0,11.0,8.0,4.0,"Chhatrapati Shivaji Intl. Airport (T2), Mumbai"
2025-02-18,97.0,76.0,3.0,16.0,9.0,6.0,"Chhatrapati Shivaji Intl. Airport (T2), Mumbai"
2025-02-19,110.0,70.0,3.0,10.0,7.0,3.0,"Chhatrapati Shivaji Intl. Airport (T2), Mumbai"
2025-02-20,97.0,71.0,3.0,11.0,8.0,4.0,"Chhatrapati Shivaji Intl. Airport (T2), Mumbai"
2025-02-21,99.0,71.0,3.0,11.0,8.0,4.0,"Chhatrapati Shivaji Intl. Airport (T2), Mumbai"
2025-02-22,99.0,76.0,3.0,16.0,8.0,6.0,"Chhatrapati Shivaji Intl. Airport (T2), Mumbai"
2025-02-23,110.0,67.0,3.0,11.0,7.0,4.0,"Chhatrapati Shivaji Intl. Airport (T2), Mumbai"
2025-02-24,93.0,70.0,3.0,12.0,7.0,4.0,"Chhatrapati Shivaji Intl. Airport (T2), Mumbai"
2025-02-25,98.0,73.0,3.0,13.0,4.0,5.0,"Chhatrapati Shivaji Intl. Airport (T2), Mumbai"
2025-02-26,104.0,70.0,3.0,11.0,4.0,4.0,"Chhatrapati Shivaji Intl. Airport (T2), Mumbai"
2025-02-27,97.0,77.0,3.0,14.0,5.0,5.0,"Chhatrapati Shivaji Intl. Airport (T2), Mumbai"
2025-02-28,111.0,69.0,2.0,11.0,12.0,4.0,"Chhatrapati Shivaji Intl. Airport (T2), Mumbai"
2025-03-01,95.0,70.0,3.0,11.0,12.0,4.0,"Chhatrapati Shivaji Intl. Airport (T2), Mumbai"
2025-03-02,98.0,71.0,3.0,10.0,21.0,3.0,"Chhatrapati Shivaji Intl. Airport (T2), Mumbai"
2025-03-03,99.0,73.0,3.0,10.0,14.5,3.0,"Chhatrapati Shivaji Intl. Airport (T2), Mumbai"
2025-03-04,103.0,69.0,3.0,10.0,8.0,3.0,"Chhatrapati Shivaji Intl. Airport (T2), Mumbai"
2025-03-05,95.0,121.0,3.0,10.0,7.0,3.0,"Chhatrapati Shivaji Intl. Airport (T2), Mumbai"
2025-03-06,124.0,74.0,3.0,13.0,8.0,4.0,"Chhatrapati Shivaji Intl. Airport (T2), Mumbai"
2025-03-07,107.0,74.0,3.0,13.0,7.0,5.0,"Chhatrapati Shivaji Intl. Airport (T2), Mumbai"
2025-03-08,105.0,174.0,3.0,11.0,7.0,4.0,"Chhatrapati Shivaji Intl. Airport (T2), Mumbai"
2025-03-09,149.0,145.0,3.0,14.0,7.0,5.0,"Chhatrapati Shivaji Intl. Airport (T2), Mumbai"
2025-03-10,112.5,116.0,3.0,17.0,8.0,6.0,"Chhatrapati Shivaji Intl. Airport (T2), Mumbai"
2025-03-11,117.0,75.0,3.0,14.0,7.0,5.0,"Chhatrapati Shivaji Intl. Airport (T2), Mumbai"
2025-03-12,107.0,71.0,3.0,12.0,8.0,4.0,"Chhatrapati Shivaji Intl. Airport (T2), Mumbai"
2025-03-13,100.0,70.0,3.0,11.0,7.0,4.0,"Chhatrapati Shivaji Intl. Airport (T2), Mumbai"
2025-03-14,98.0,61.0,3.0,9.0,7.0,3.0,"Chhatrapati Shivaji Intl. Airport (T2), Mumbai"
2025-03-15,80.0,63.0,3.0,9.0,7.0,3.0,"Chhatrapati Shivaji Intl. Airport (T2), Mumbai"
2025-03-16,84.0,113.0,3.0,9.0,7.0,3.0,"Chhatrapati Shivaji Intl. Airport (T2), Mumbai"
2025-03-17,110.0,62.0,3.0,8.0,7.0,3.0,"Chhatrapati Shivaji Intl. Airport (T2), Mumbai"
2025-03-18,82.0,63.0,3.0,9.0,8.0,3.0,"Chhatrapati Shivaji Intl. Airport (T2), Mumbai"
2025-03-19,83.0,64.0,3.0,9.0,7.0,3.0,"Chhatrapati Shivaji Intl. Airport (T2), Mumbai"
2025-03-20,85.0,61.0,3.0,8.0,7.0,3.0,"Chhatrapati Shivaji Intl. Airport (T2), Mumbai"
2025-03-21,81.0,60.0,3.0,8.0,7.0,3.0,"Chhatrapati Shivaji Intl. Airport (T2), Mumbai"
2025-03-22,79.0,212.0,2.0,9.0,7.0,3.0,"Chhatrapati Shivaji Intl. Airport (T2), Mumbai"
2025-03-23,159.0,65.0,3.0,9.0,8.0,3.0,"Chhatrapati Shivaji Intl. Airport (T2), Mumbai"
2025-03-24,87.0,68.0,3.0,11.0,7.0,4.0,"Chhatrapati Shivaji Intl. Airport (T2), Mumbai"
2025-03-25,94.0,61.0,3.0,8.0,7.0,3.0,"Chhatrapati Shivaji Intl. Airport (T2), Mumbai"
2025-03-26,80.0,60.0,2.0,8.0,7.0,3.0,"Chhatrapati Shivaji Intl. Airport (T2), Mumbai"
2025-03-27,78.0,64.0,3.0,9.0,8.0,3.0,"Chhatrapati Shivaji Intl. Airport (T2), Mumbai"
2025-03-28,87.0,71.0,3.0,12.0,7.0,4.0,"Chhatrapati Shivaji Intl. Airport (T2), Mumbai"
2025-03-29,99.0,70.0,3.0,13.0,7.0,4.0,"Chhatrapati Shivaji Intl. Airport (T2), Mumbai"
2025-03-30,97.0,65.0,3.0,11.0,7.0,4.0,"Chhatrapati Shivaji Intl. Airport (T2), Mumbai"
2025-03-31,87.0,65.0,3.0,11.0,8.0,4.0,"Chhatrapati Shivaji Intl. Airport (T2), Mumbai"
2025-04-01,89.0,68.0,3.0,12.0,8.0,4.0,"Chhatrapati Shivaji Intl. Airport (T2), Mumbai"
2025-04-02,93.0,64.0,3.0,11.0,7.0,4.0,"Chhatrapati Shivaji Intl. Airport (T2), Mumbai"
2025-04-03,87.0,64.0,3.0,10.0,7.0,3.0,"Chhatrapati Shivaji Intl. Airport (T2), Mumbai"
2025-04-04,87.0,66.0,3.0,13.0,10.0,4.0,"Chhatrapati Shivaji Intl. Airport (T2), Mumbai"
2025-04-05,89.0,64.0,3.0,12.0,7.0,4.0,"Chhatrapati Shivaji Intl. Airport (T2), Mumbai"
2025-04-06,86.0,66.0,3.0,14.0,12.0,5.0,"Chhatrapati Shivaji Intl. Airport (T2), Mumbai"
2025-04-07,89.0,67.0,3.0,16.0,13.0,6.0,"Chhatrapati Shivaji Intl. Airport (T2), Mumbai"
2025-04-08,91.0,247.0,3.0,11.0,8.0,4.0,"Chhatrapati Shivaji Intl. Airport (T2), Mumbai"
2025-04-09,172.0,59.0,3.0,8.0,8.0,3.0,"Chhatrapati Shivaji Intl. Airport (T2), Mumbai"
2025-04-10,77.0,197.0,3.0,8.0,8.0,3.0,"Chhatrapati Shivaji Intl. Airport (T2), Mumbai"
2025-04-11,148.0,78.0,3.0,8.0,7.0,2.0,"Chhatrapati Shivaji Intl. Airport (T2), Mumbai"
2025-04-12,85.0,60.0,3.0,7.0,8.0,2.0,"Chhatrapati Shivaji Intl. Airport (T2), Mumbai"
2025-04-13,79.0,60.0,2.0,7.0,8.0,2.0,"Chhatrapati Shivaji Intl. Airport (T2), Mumbai"
2025-04-14,79.0,125.0,2.0,8.0,8.0,3.0,"Chhatrapati Shivaji Intl. Airport (T2), Mumbai"
2025-04-15,120.0,60.0,2.0,6.0,8.0,2.0,"Chhatrapati Shivaji Intl. Airport (T2), Mumbai"
2025-04-16,79.0,58.0,3.0,6.0,8.0,2.0,"Chhatrapati Shivaji Intl. Airport (T2), Mumbai"
2025-04-17,76.0,58.0,2.0,6.0,8.0,2.0,"Chhatrapati Shivaji Intl. Airport (T2), Mumbai"
2025-04-18,75.0,58.0,3.0,7.0,8.0,2.0,"Chhatrapati Shivaji Intl. Airport (T2), Mumbai"
2025-04-19,74.0,60.0,3.0,9.0,8.0,3.0,"Chhatrapati Shivaji Intl. Airport (T2), Mumbai"
2025-04-20,79.0,59.0,3.0,8.0,8.0,3.0,"Chhatrapati Shivaji Intl. Airport (T2), Mumbai"
2025-04-21,78.0,65.0,3.0,9.0,8.0,3.0,"Chhatrapati Shivaji Intl. Airport (T2), Mumbai"
2025-04-22,88.0,65.0,3.0,9.0,7.0,3.0,"Chhatrapati Shivaji Intl. Airport (T2), Mumbai"
2025-04-23,88.0,62.0,3.0,9.0,7.0,3.0,"Chhatrapati Shivaji Intl. Airport (T2), Mumbai"
2025-04-24,82.0,60.0,3.0,9.0,8.0,3.0,"Chhatrapati Shivaji Intl. Airport (T2), Mumbai"
2025-04-25,79.0,59.0,2.0,8.0,7.0,3.0,"Chhatrapati Shivaji Intl. Airport (T2), Mumbai"
2025-04-26,77.0,61.0,2.0,9.0,8.0,3.0,"Chhatrapati Shivaji Intl. Airport (T2), Mumbai"
2025-04-27,80.0,60.0,2.0,8.0,8.0,3.0,"Chhatrapati Shivaji Intl. Airport (T2), Mumbai"
2025-04-28,79.0,61.0,3.0,8.0,7.0,3.0,"Chhatrapati Shivaji Intl. Airport (T2), Mumbai"
2025-04-29,80.0,59.0,2.0,8.0,8.0,3.0,"Chhatrapati Shivaji Intl. Airport (T2), Mumbai"
2025-04-30,78.0,59.0,2.0,8.0,8.0,3.0,"Chhatrapati Shivaji Intl. Airport (T2), Mumbai"
2025-05-01,77.0,59.0,3.0,9.0,8.0,3.0,"Chhatrapati Shivaji Intl. Airport (T2), Mumbai"
2025-05-02,77.0,57.0,3.0,8.0,8.0,3.0,"Chhatrapati Shivaji Intl. Airport (T2), Mumbai"
2025-05-03,74.0,57.0,3.0,8.0,8.0,3.0,"Chhatrapati Shivaji Intl. Airport (T2), Mumbai"
2025-05-04,73.0,58.0,3.0,8.0,8.0,3.0,"Chhatrapati Shivaji Intl. Airport (T2), Mumbai"
2025-05-05,76.0,58.0,3.0,8.0,8.0,3.0,"Chhatrapati Shivaji Intl. Airport (T2), Mumbai"
2025-05-06,74.0,56.5,3.0,8.5,8.0,3.0,"Chhatrapati Shivaji Intl. Airport (T2), Mumbai"
2025-05-07,72.0,55.0,3.0,9.0,8.0,3.0,"Chhatrapati Shivaji Intl. Airport (T2), Mumbai"
2025-05-08,70.0,55.0,3.0,9.0,8.0,3.0,"Chhatrapati Shivaji Intl. Airport (T2), Mumbai"
2025-05-09,70.0,56.0,3.0,9.0,8.0,3.0,"Chhatrapati Shivaji Intl. Airport (T2), Mumbai"
2025-05-10,72.0,57.0,3.0,9.0,8.0,3.0,"Chhatrapati Shivaji Intl. Airport (T2), Mumbai"
2025-05-11,73.0,56.0,3.0,9.0,8.0,3.0,"Chhatrapati Shivaji Intl. Airport (T2), Mumbai"
2025-05-12,71.0,90.0,3.0,8.0,7.0,3.0,"Chhatrapati Shivaji Intl. Airport (T2), Mumbai"
2025-05-13,93.0,65.0,3.0,7.0,8.0,2.0,"Chhatrapati Shivaji Intl. Airport (T2), Mumbai"
2025-05-14,87.0,62.0,3.0,6.0,8.0,2.0,"Chhatrapati Shivaji Intl. Airport (T2), Mumbai"
2025-05-15,81.5,59.0,3.0,5.0,8.0,2.0,"Chhatrapati Shivaji Intl. Airport (T2), Mumbai"
2025-05-16,76.0,57.0,3.0,5.0,8.0,2.0,"Chhatrapati Shivaji Intl. Airport (T2), Mumbai"
2025-05-17,74.0,58.0,3.0,5.0,8.0,2.0,"Chhatrapati Shivaji Intl. Airport (T2), Mumbai"
2025-05-18,75.0,59.0,3.0,6.0,8.0,2.0,"Chhatrapati Shivaji Intl. Airport (T2), Mumbai"
2025-05-19,76.0,60.0,3.0,7.0,8.0,2.0,"Chhatrapati Shivaji Intl. Airport (T2), Mumbai"
2025-05-20,78.0,58.0,3.0,7.0,8.0,3.0,"Chhatrapati Shivaji Intl. Airport (T2), Mumbai"
2025-05-21,75.0,57.0,3.0,7.0,8.0,2.0,"Chhatrapati Shivaji Intl. Airport (T2), Mumbai"
2025-05-22,72.0,62.0,3.0,8.0,8.0,3.0,"Chhatrapati Shivaji Intl. Airport (T2), Mumbai"
2025-05-23,83.0,63.0,3.0,9.0,8.0,3.0,"Chhatrapati Shivaji Intl. Airport (T2), Mumbai"
2025-05-24,84.0,58.0,2.0,7.0,8.0,2.0,"Chhatrapati Shivaji Intl. Airport (T2), Mumbai"
2025-05-25,76.0,58.0,2.0,7.0,8.0,2.0,"Chhatrapati Shivaji Intl. Airport (T2), Mumbai"
2025-05-26,75.0,57.0,3.0,6.0,8.0,2.0,"Chhatrapati Shivaji Intl. Airport (T2), Mumbai"
2025-05-27,73.0,58.0,2.0,7.0,8.0,2.0,"Chhatrapati Shivaji Intl. Airport (T2), Mumbai"
2025-05-28,76.0,60.0,3.0,6.0,8.0,2.0,"Chhatrapati Shivaji Intl. Airport (T2), Mumbai"
2025-05-29,80.0,61.0,3.0,5.0,8.0,1.0,"Chhatrapati Shivaji Intl. Airport (T2), Mumbai"
2025-05-30,80.0,59.0,3.0,5.0,8.0,1.0,"Chhatrapati Shivaji Intl. Airport (T2), Mumbai"
2025-05-31,77.0,57.0,3.0,5.0,8.0,2.0,"Chhatrapati Shivaji Intl. Airport (T2), Mumbai"
2025-06-01,74.0,58.0,3.0,5.0,8.0,2.0,"Chhatrapati Shivaji Intl. Airport (T2), Mumbai"
2025-06-02,75.0,59.0,3.0,5.0,8.0,2.0,"Chhatrapati Shivaji Intl. Airport (T2), Mumbai"
2025-06-03,77.0,57.0,3.0,6.0,8.0,2.0,"Chhatrapati Shivaji Intl. Airport (T2), Mumbai"
2025-06-04,73.0,64.0,3.0,7.0,8.0,2.0,"Chhatrapati Shivaji Intl. Airport (T2), Mumbai"
2025-06-05,85.0,63.0,3.0,8.0,8.0,2.0,"Chhatrapati Shivaji Intl. Airport (T2), Mumbai"
2025-06-06,84.0,58.0,3.0,7.0,8.0,2.0,"Chhatrapati Shivaji Intl. Airport (T2), Mumbai"
2025-06-07,74.0,60.0,3.0,8.0,8.0,2.0,"Chhatrapati Shivaji Intl. Airport (T2), Mumbai"
2025-06-08,79.0,60.0,3.0,6.0,8.0,2.0,"Chhatrapati Shivaji Intl. Airport (T2), Mumbai"
2025-06-09,78.0,58.0,3.0,6.0,8.0,2.0,"Chhatrapati Shivaji Intl. Airport (T2), Mumbai"
2025-06-10,76.0,56.0,3.0,6.0,8.0,2.0,"Chhatrapati Shivaji Intl. Airport (T2), Mumbai"
2025-06-11,72.0,56.0,3.0,6.0,8.0,2.0,"Chhatrapati Shivaji Intl. Airport (T2), Mumbai"
2025-06-12,72.0,57.0,3.0,6.0,8.0,2.0,"Chhatrapati Shivaji Intl. Airport (T2), Mumbai"
2025-06-13,74.0,58.0,3.0,6.0,8.0,2.0,"Chhatrapati Shivaji Intl. Airport (T2), Mumbai"
2025-06-14,74.0,56.0,3.0,7.0,8.0,2.0,"Chhatrapati Shivaji Intl. Airport (T2), Mumbai"
2025-06-15,71.0,53.0,3.0,6.0,8.0,2.0,"Chhatrapati Shivaji Intl. Airport (T2), Mumbai"
2025-06-16,65.0,54.333333333333336,2.6666666666666665,6.0,8.0,2.0,"Chhatrapati Shivaji Intl. Airport (T2), Mumbai"
2025-06-18,70.33333333333333,57.0,2.0,6.0,8.0,2.0,"Chhatrapati Shivaji Intl. Airport (T2), Mumbai"
2025-06-19,73.0,56.0,3.0,6.0,8.0,2.0,"Chhatrapati Shivaji Intl. Airport (T2), Mumbai"
2025-06-20,71.0,56.0,3.0,6.0,8.0,2.0,"Chhatrapati Shivaji Intl. Airport (T2), Mumbai"
2025-06-21,72.0,57.0,3.0,6.0,8.0,2.0,"Chhatrapati Shivaji Intl. Airport (T2), Mumbai"
2025-06-22,73.0,57.0,3.0,6.0,8.0,2.0,"Chhatrapati Shivaji Intl. Airport (T2), Mumbai"
2025-06-23,73.0,57.0,3.0,6.0,8.0,2.0,"Chhatrapati Shivaji Intl. Airport (T2), Mumbai"
2025-06-24,74.0,58.0,3.0,6.0,8.0,2.0,"Chhatrapati Shivaji Intl. Airport (T2), Mumbai"
2025-06-25,75.0,58.0,3.0,6.0,8.0,2.0,"Chhatrapati Shivaji Intl. Airport (T2), Mumbai"
2025-06-26,74.0,58.5,3.0,6.5,8.0,2.0,"Chhatrapati Shivaji Intl. Airport (T2), Mumbai"
2025-06-27,75.0,59.0,3.0,7.0,8.0,2.0,"Chhatrapati Shivaji Intl. Airport (T2), Mumbai"
2025-06-28,76.0,57.0,3.0,7.0,8.0,2.0,"Chhatrapati Shivaji Intl. Airport (T2), Mumbai"
2025-06-29,73.0,56.0,3.0,7.0,8.0,2.0,"Chhatrapati Shivaji Intl. Airport (T2), Mumbai"
2025-06-30,72.0,57.0,3.0,7.0,8.0,2.0,"Chhatrapati Shivaji Intl. Airport (T2), Mumbai"
2025-07-01,73.0,57.0,3.0,7.0,8.0,2.0,"Chhatrapati Shivaji Intl. Airport (T2), Mumbai"
2025-07-02,72.0,56.0,3.0,7.0,8.0,2.0,"Chhatrapati Shivaji Intl. Airport (T2), Mumbai"
2025-07-03,72.0,56.0,3.0,7.0,8.0,2.0,"Chhatrapati Shivaji Intl. Airport (T2), Mumbai"
2025-07-04,72.0,57.0,3.0,7.0,8.0,2.0,"Chhatrapati Shivaji Intl. Airport (T2), Mumbai"
2025-07-05,73.0,58.0,3.0,7.0,8.0,2.0,"Chhatrapati Shivaji Intl. Airport (T2), Mumbai"
2025-07-06,74.0,57.0,3.0,7.0,8.0,2.0,"Chhatrapati Shivaji Intl. Airport (T2), Mumbai"
2025-07-07,73.0,58.0,3.0,7.0,8.0,2.0,"Chhatrapati Shivaji Intl. Airport (T2), Mumbai"
2025-07-08,76.0,58.0,3.0,7.0,8.0,2.0,"Chhatrapati Shivaji Intl. Airport (T2), Mumbai"
2025-07-09,75.0,59.0,3.0,7.0,8.0,2.0,"Chhatrapati Shivaji Intl. Airport (T2), Mumbai"
2025-07-10,76.0,81.0,3.0,7.0,8.0,3.0,"Chhatrapati Shivaji Intl. Airport (T2), Mumbai"
2025-07-11,86.0,57.0,3.0,7.0,8.0,3.0,"Chhatrapati Shivaji Intl. Airport (T2), Mumbai"
2025-07-12,74.0,56.0,3.0,7.0,8.0,2.0,"Chhatrapati Shivaji Intl. Airport (T2), Mumbai"
2025-07-13,71.0,54.0,3.0,7.0,8.0,3.0,"Chhatrapati Shivaji Intl. Airport (T2), Mumbai"
2025-07-14,68.0,79.0,3.0,8.0,8.0,3.0,"Chhatrapati Shivaji Intl. Airport (T2), Mumbai"
2025-07-15,86.0,57.0,3.0,7.0,8.0,3.0,"Chhatrapati Shivaji Intl. Airport (T2), Mumbai"
2025-07-16,74.0,58.0,3.0,7.0,8.0,3.0,"Chhatrapati Shivaji Intl. Airport (T2), Mumbai"
2025-07-17,74.0,57.0,3.0,8.0,8.0,3.0,"Chhatrapati Shivaji Intl. Airport (T2), Mumbai"
2025-07-18,74.0,57.0,3.0,8.0,8.0,3.0,"Chhatrapati Shivaji Intl. Airport (T2), Mumbai"
2025-07-19,72.0,55.0,3.0,8.0,8.0,3.0,"Chhatrapati Shivaji Intl. Airport (T2), Mumbai"
2025-07-20,70.0,55.0,3.0,9.0,8.0,3.0,"Chhatrapati Shivaji Intl. Airport (T2), Mumbai"
2025-07-21,69.0,55.0,3.0,8.0,8.0,3.0,"Chhatrapati Shivaji Intl. Airport (T2), Mumbai"
2025-07-22,69.0,56.0,3.0,9.0,8.0,3.0,"Chhatrapati Shivaji Intl. Airport (T2), Mumbai"
2025-07-23,71.0,55.0,3.0,8.0,8.0,3.0,"Chhatrapati Shivaji Intl. Airport (T2), Mumbai"
2025-07-24,70.0,54.0,3.0,8.0,8.0,3.0,"Chhatrapati Shivaji Intl. Airport (T2), Mumbai"
2025-07-25,68.0,55.0,3.0,8.0,8.0,3.0,"Chhatrapati Shivaji Intl. Airport (T2), Mumbai"
2025-07-26,70.0,57.0,3.0,8.0,8.0,3.0,"Chhatrapati Shivaji Intl. Airport (T2), Mumbai"
2025-07-27,73.0,56.0,3.0,8.0,8.0,3.0,"Chhatrapati Shivaji Intl. Airport (T2), Mumbai"
2025-07-28,71.0,56.0,2.0,8.0,8.0,3.0,"Chhatrapati Shivaji Intl. Airport (T2), Mumbai"
2025-07-29,72.0,57.0,3.0,8.0,8.0,3.0,"Chhatrapati Shivaji Intl. Airport (T2), Mumbai"
2025-07-30,74.0,57.0,3.0,8.0,8.0,3.0,"Chhatrapati Shivaji Intl. Airport (T2), Mumbai"
2025-07-31,74.0,58.0,3.0,8.0,8.0,3.0,"Chhatrapati Shivaji Intl. Airport (T2), Mumbai"
2025-08-01,75.0,56.0,3.0,8.0,8.0,3.0,"Chhatrapati Shivaji Intl. Airport (T2), Mumbai"
2025-08-02,71.0,56.0,3.0,8.0,8.0,3.0,"Chhatrapati Shivaji Intl. Airport (T2), Mumbai"
2025-08-03,71.0,58.0,3.0,8.0,8.0,3.0,"Chhatrapati Shivaji Intl. Airport (T2), Mumbai"
2025-08-04,74.0,56.0,3.0,9.0,8.0,3.0,"Chhatrapati Shivaji Intl. Airport (T2), Mumbai"
2025-08-05,71.0,60.0,3.0,9.0,8.0,3.0,"Chhatrapati Shivaji Intl. Airport (T2), Mumbai"
2025-08-06,78.0,57.0,3.0,9.0,8.0,3.0,"Chhatrapati Shivaji Intl. Airport (T2), Mumbai"
2025-08-07,73.0,58.0,3.0,10.0,8.0,3.0,"Chhatrapati Shivaji Intl. Airport (T2), Mumbai"
2025-08-08,75.0,58.0,3.0,9.0,8.0,3.0,"Chhatrapati Shivaji Intl. Airport (T2), Mumbai"
2025-08-09,75.0,57.0,3.0,9.0,8.0,3.0,"Chhatrapati Shivaji Intl. Airport (T2), Mumbai"
2025-08-10,73.0,57.0,3.0,9.0,8.0,3.0,"Chhatrapati Shivaji Intl. Airport (T2), Mumbai"
2025-08-11,74.0,56.0,2.0,9.0,8.0,3.0,"Chhatrapati Shivaji Intl. Airport (T2), Mumbai"
2025-08-12,71.0,54.0,3.0,9.0,8.0,3.0,"Chhatrapati Shivaji Intl. Airport (T2), Mumbai"
2025-08-13,69.0,54.0,3.0,9.0,8.0,3.0,"Chhatrapati Shivaji Intl. Airport (T2), Mumbai"
2025-08-14,67.0,53.0,3.0,9.0,8.0,3.0,"Chhatrapati Shivaji Intl. Airport (T2), Mumbai"
2025-08-15,66.0,53.0,3.0,10.0,8.0,3.0,"Chhatrapati Shivaji Intl. Airport (T2), Mumbai"
2025-08-16,66.0,53.0,2.0,10.0,8.0,3.0,"Chhatrapati Shivaji Intl. Airport (T2), Mumbai"
2025-08-17,67.0,53.0,3.0,9.0,8.0,3.0,"Chhatrapati Shivaji Intl. Airport (T2), Mumbai"
2025-08-18,66.0,52.0,3.0,9.0,8.0,3.0,"Chhatrapati Shivaji Intl. Airport (T2), Mumbai"
2025-08-19,65.0,53.0,3.0,9.0,8.0,3.0,"Chhatrapati Shivaji Intl. Airport (T2), Mumbai"
2025-08-20,67.0,54.0,3.0,9.0,8.0,3.0,"Chhatrapati Shivaji Intl. Airport (T2), Mumbai"
2025-08-21,68.0,55.0,3.0,9.0,8.0,3.0,"Chhatrapati Shivaji Intl. Airport (T2), Mumbai"
2025-08-22,69.0,54.0,3.0,9.0,8.0,3.0,"Chhatrapati Shivaji Intl. Airport (T2), Mumbai"
2025-08-23,68.0,55.0,3.0,9.0,8.0,3.0,"Chhatrapati Shivaji Intl. Airport (T2), Mumbai"
2025-08-24,69.0,54.0,3.0,9.0,8.0,3.0,"Chhatrapati Shivaji Intl. Airport (T2), Mumbai"
2025-08-25,67.0,54.0,3.0,9.0,8.0,3.0,"Chhatrapati Shivaji Intl. Airport (T2), Mumbai"
2025-08-26,68.0,55.0,3.0,10.0,8.0,3.0,"Chhatrapati Shivaji Intl. Airport (T2), Mumbai"
2025-08-27,70.0,56.0,2.0,10.0,8.0,4.0,"Chhatrapati Shivaji Intl. Airport (T2), Mumbai"
2025-08-28,71.0,55.0,3.0,11.0,8.0,4.0,"Chhatrapati Shivaji Intl. Airport (T2), Mumbai"
2025-08-29,70.0,54.0,3.0,10.0,8.0,4.0,"Chhatrapati Shivaji Intl. Airport (T2), Mumbai"
2025-08-30,68.0,55.0,2.0,10.0,8.0,3.0,"Chhatrapati Shivaji Intl. Airport (T2), Mumbai"
2025-08-31,69.0,55.0,3.0,9.0,8.0,3.0,"Chhatrapati Shivaji Intl. Airport (T2), Mumbai"
2025-09-01,69.0,55.0,3.0,10.0,8.0,3.0,"Chhatrapati Shivaji Intl. Airport (T2), Mumbai"
2025-09-02,69.0,56.0,2.0,10.0,8.0,3.0,"Chhatrapati Shivaji Intl. Airport (T2), Mumbai"
2025-09-03,72.0,55.0,3.0,11.0,8.0,4.0,"Chhatrapati Shivaji Intl. Airport (T2), Mumbai"
2025-09-04,70.0,56.0,3.0,10.0,8.0,4.0,"Chhatrapati Shivaji Intl. Airport (T2), Mumbai"
2025-09-05,72.0,54.0,3.0,10.0,8.0,4.0,"Chhatrapati Shivaji Intl. Airport (T2), Mumbai"
2025-09-06,68.0,56.0,3.0,10.0,8.0,4.0,"Chhatrapati Shivaji Intl. Airport (T2), Mumbai"
2025-09-07,71.0,57.0,3.0,11.0,8.0,4.0,"Chhatrapati Shivaji Intl. Airport (T2), Mumbai"
2025-09-08,72.0,58.0,3.0,11.0,8.0,4.0,"Chhatrapati Shivaji Intl. Airport (T2), Mumbai"
2025-09-09,76.0,61.0,3.0,11.0,8.0,4.0,"Chhatrapati Shivaji Intl. Airport (T2), Mumbai"
2025-09-10,80.0,60.0,2.0,11.0,8.0,4.0,"Chhatrapati Shivaji Intl. Airport (T2), Mumbai"
2025-09-11,78.0,58.0,3.0,11.0,8.0,4.0,"Chhatrapati Shivaji Intl. Airport (T2), Mumbai"
2025-09-12,75.0,58.0,3.0,12.0,8.0,4.0,"Chhatrapati Shivaji Intl. Airport (T2), Mumbai"
2025-09-13,76.0,56.0,2.0,11.0,8.0,4.0,"Chhatrapati Shivaji Intl. Airport (T2), Mumbai"
2025-09-14,72.0,56.0,2.0,12.0,8.0,4.0,"Chhatrapati Shivaji Intl. Airport (T2), Mumbai"
2025-09-15,71.0,57.0,3.0,13.0,8.0,5.0,"Chhatrapati Shivaji Intl. Airport (T2), Mumbai"
2025-09-16,74.0,54.0,3.0,11.0,8.0,4.0,"Chhatrapati Shivaji Intl. Airport (T2), Mumbai"
2025-09-17,68.0,53.0,2.0,11.0,8.0,4.0,"Chhatrapati Shivaji Intl. Airport (T2), Mumbai"
2025-09-18,188.0,53.285714285714285,3.0,11.0,8.0,4.0,"Chhatrapati Shivaji Intl. Airport (T2), Mumbai"
2025-09-19,65.0,53.57142857142857,3.0,11.0,8.0,4.0,"Chhatrapati Shivaji Intl. Airport (T2), Mumbai"
2025-09-20,65.0,53.857142857142854,2.0,11.0,8.0,4.0,"Chhatrapati Shivaji Intl. Airport (T2), Mumbai"
2025-09-21,65.0,55.0,3.0,11.0,8.0,4.0,"Chhatrapati Shivaji Intl. Airport (T2), Mumbai"
2025-09-22,65.0,55.0,3.0,11.0,8.0,4.0,"Chhatrapati Shivaji Intl. Airport (T2), Mumbai"
2025-09-23,65.0,55.0,3.0,11.0,8.0,4.0,"Chhatrapati Shivaji Intl. Airport (T2), Mumbai"
2025-09-24,65.0,55.0,3.0,11.0,8.0,4.0,"Chhatrapati Shivaji Intl. Airport (T2), Mumbai"
2025-09-25,70.0,60.0,3.0,12.0,8.0,4.0,"Chhatrapati Shivaji Intl. Airport (T2), Mumbai"
2025-09-26,79.0,57.0,3.0,12.0,8.0,4.0,"Chhatrapati Shivaji Intl. Airport (T2), Mumbai"
2025-09-27,73.0,54.0,3.0,11.0,8.0,4.0,"Chhatrapati Shivaji Intl. Airport (T2), Mumbai"
2025-09-28,68.0,56.0,2.0,11.0,8.0,4.0,"Chhatrapati Shivaji Intl. Airport (T2), Mumbai"
2025-09-29,72.0,55.0,3.0,12.0,8.0,4.0,"Chhatrapati Shivaji Intl. Airport (T2), Mumbai"
2025-09-30,70.0,55.0,3.0,12.0,8.0,4.0,"Chhatrapati Shivaji Intl. Airport (T2), Mumbai"
2025-10-01,70.0,54.0,3.0,12.0,8.0,4.0,"Chhatrapati Shivaji Intl. Airport (T2), Mumbai"
2025-10-02,69.0,55.0,3.0,12.0,8.0,4.0,"Chhatrapati Shivaji Intl. Airport (T2), Mumbai"
2025-10-03,70.0,142.0,3.0,12.0,8.0,4.0,"Chhatrapati Shivaji Intl. Airport (T2), Mumbai"
2025-10-04,118.0,105.0,3.0,12.0,8.0,4.0,"Chhatrapati Shivaji Intl. Airport (T2), Mumbai"
2025-10-05,99.0,58.0,3.0,12.0,8.0,4.0,"Chhatrapati Shivaji Intl. Airport (T2), Mumbai"
2025-10-06,76.0,57.0,3.0,12.0,8.0,4.0,"Chhatrapati Shivaji Intl. Airport (T2), Mumbai"
2025-10-07,74.0,60.0,3.0,13.0,8.0,4.0,"Chhatrapati Shivaji Intl. Airport (T2), Mumbai"
2025-10-08,79.0,68.0,3.0,14.0,8.0,5.0,"Chhatrapati Shivaji Intl. Airport (T2), Mumbai"
2025-10-09,94.0,72.0,3.0,14.0,8.0,5.0,"Chhatrapati Shivaji Intl. Airport (T2), Mumbai"
2025-10-10,101.0,75.0,2.0,14.0,8.0,5.0,"Chhatrapati Shivaji Intl. Airport (T2), Mumbai"
2025-10-11,108.0,73.0,3.0,14.0,8.0,5.0,"Chhatrapati Shivaji Intl. Airport (T2), Mumbai"
2025-10-12,104.0,114.0,3.0,15.0,8.0,6.0,"Chhatrapati Shivaji Intl. Airport (T2), Mumbai"
2025-10-13,120.0,212.0,3.0,15.0,8.0,5.0,"Chhatrapati Shivaji Intl. Airport (T2), Mumbai"
2025-10-14,170.0,87.0,4.0,12.0,8.0,4.0,"Chhatrapati Shivaji Intl. Airport (T2), Mumbai"
2025-10-15,202.0,92.71428571428571,3.0,6.0,8.0,2.0,"Chhatrapati Shivaji Intl. Airport (T2), Mumbai"
2025-10-16,91.0,98.42857142857143,3.0,6.0,8.0,2.0,"Chhatrapati Shivaji Intl. Airport (T2), Mumbai"
2025-10-17,101.66666666666667,104.14285714285714,3.0,6.0,8.0,2.0,"Chhatrapati Shivaji Intl. Airport (T2), Mumbai"
2025-10-18,112.33333333333333,85.75,3.0,6.0,8.0,2.0,"Chhatrapati Shivaji Intl. Airport (T2), Mumbai"
2025-10-19,123.0,85.75,3.0,7.0,8.0,2.0,"Chhatrapati Shivaji Intl. Airport (T2), Mumbai"
2025-10-20,91.0,85.75,3.0,6.0,8.0,2.0,"Chhatrapati Shivaji Intl. Airport (T2), Mumbai"
2025-10-21,91.0,127.0,3.0,6.0,8.0,2.0,"Chhatrapati Shivaji Intl. Airport (T2), Mumbai"
2025-10-22,155.0,82.0,3.0,6.0,8.0,2.0,"Chhatrapati Shivaji Intl. Airport (T2), Mumbai"
2025-10-23,117.0,72.0,2.0,6.0,8.0,2.0,"Chhatrapati Shivaji Intl. Airport (T2), Mumbai"
2025-10-24,102.0,47.0,3.0,6.0,8.0,2.0,"Chhatrapati Shivaji Intl. Airport (T2), Mumbai"
2025-10-25,65.0,51.0,3.0,6.0,8.0,2.0,"Chhatrapati Shivaji Intl. Airport (T2), Mumbai"
2025-10-26,70.0,40.0,3.0,6.0,8.0,2.0,"Chhatrapati Shivaji Intl. Airport (T2), Mumbai"
2025-10-27,57.0,51.0,3.0,6.0,8.0,2.0,"Chhatrapati Shivaji Intl. Airport (T2), Mumbai"
2025-10-28,71.0,59.0,2.0,5.0,8.0,2.0,"Chhatrapati Shivaji Intl. Airport (T2), Mumbai"
2025-10-29,79.0,43.0,2.0,6.0,8.0,2.0,"Chhatrapati Shivaji Intl. Airport (T2), Mumbai"
2025-10-30,61.0,45.0,3.0,6.0,8.0,2.0,"Chhatrapati Shivaji Intl. Airport (T2), Mumbai"
2025-10-31,62.0,39.0,3.0,6.0,8.0,2.0,"Chhatrapati Shivaji Intl. Airport (T2), Mumbai"
2025-11-01,55.0,47.0,3.0,6.0,8.0,2.0,"Chhatrapati Shivaji Intl. Airport (T2), Mumbai"
2025-11-02,64.0,42.0,3.0,6.0,8.0,2.0,"Chhatrapati Shivaji Intl. Airport (T2), Mumbai"
2025-11-03,59.0,59.0,3.0,6.0,8.0,2.0,"Chhatrapati Shivaji Intl. Airport (T2), Mumbai"
2025-11-04,78.0,62.0,3.0,6.0,8.0,2.0,"Chhatrapati Shivaji Intl. Airport (T2), Mumbai"
2025-11-05,83.0,82.0,3.0,6.0,8.0,2.0,"Chhatrapati Shivaji Intl. Airport (T2), Mumbai"
2025-11-06,115.0,99.0,3.0,6.0,8.0,2.0,"Chhatrapati Shivaji Intl. Airport (T2), Mumbai"
2025-11-07,137.0,83.0,3.0,6.0,8.0,2.0,"Chhatrapati Shivaji Intl. Airport (T2), Mumbai"
2025-11-08,117.0,79.0,3.0,7.0,8.0,2.0,"Chhatrapati Shivaji Intl. Airport (T2), Mumbai"
2025-11-09,111.0,92.0,3.0,7.0,8.0,2.0,"Chhatrapati Shivaji Intl. Airport (T2), Mumbai"
2025-11-10,129.0,104.0,2.0,7.0,8.0,2.0,"Chhatrapati Shivaji Intl. Airport (T2), Mumbai"
2025-11-11,146.0,94.0,3.0,6.0,8.0,2.0,"Chhatrapati Shivaji Intl. Airport (T2), Mumbai"
2025-11-12,135.0,88.0,3.0,6.0,8.0,2.0,"Chhatrapati Shivaji Intl. Airport (T2), Mumbai"
2025-11-13,124.0,94.0,3.0,7.0,8.0,2.0,"Chhatrapati Shivaji Intl. Airport (T2), Mumbai"
2025-11-14,131.0,94.0,3.0,7.0,8.0,2.0,"Chhatrapati Shivaji Intl. Airport (T2), Mumbai"
2025-11-15,132.0,89.0,3.0,7.0,8.0,2.0,"Chhatrapati Shivaji Intl. Airport (T2), Mumbai"
2025-11-16,124.0,89.0,2.0,6.0,8.0,2.0,"Chhatrapati Shivaji Intl. Airport (T2), Mumbai"
2025-11-17,126.0,100.0,3.0,7.0,8.0,2.0,"Chhatrapati Shivaji Intl. Airport (T2), Mumbai"
2025-11-18,137.0,97.0,3.0,7.0,8.0,2.0,"Chhatrapati Shivaji Intl. Airport (T2), Mumbai"
2025-11-19,138.0,100.0,2.0,7.0,8.0,2.0,"Chhatrapati Shivaji Intl. Airport (T2), Mumbai"
2025-11-20,137.0,103.0,3.0,7.0,8.0,2.0,"Chhatrapati Shivaji Intl. Airport (T2), Mumbai"
2025-11-21,143.0,110.0,2.0,8.0,8.0,3.0,"Chhatrapati Shivaji Intl. Airport (T2), Mumbai"
2025-11-22,147.0,110.5,2.5,7.5,8.0,2.5,"Chhatrapati Shivaji Intl. Airport (T2), Mumbai"
2025-11-23,150.0,111.0,3.0,7.0,8.0,2.0,"Chhatrapati Shivaji Intl. Airport (T2), Mumbai"
2025-11-24,153.0,118.0,3.0,7.0,8.0,2.0,"Chhatrapati Shivaji Intl. Airport (T2), Mumbai"
2025-11-25,155.0,126.0,3.0,8.0,8.0,3.0,"Chhatrapati Shivaji Intl. Airport (T2), Mumbai"
2025-11-26,159.0,92.0,3.0,6.0,8.0,2.0,"Chhatrapati Shivaji Intl. Airport (T2), Mumbai"
2025-11-27,132.0,106.0,2.0,6.0,8.0,2.0,"Chhatrapati Shivaji Intl. Airport (T2), Mumbai"
2025-11-28,148.0,93.0,3.0,6.0,8.0,2.0,"Chhatrapati Shivaji Intl. Airport (T2), Mumbai"
2025-11-29,128.0,88.0,3.0,6.0,8.0,2.0,"Chhatrapati Shivaji Intl. Airport (T2), Mumbai"
2025-11-30,125.0,96.0,2.0,6.0,8.0,2.0,"Chhatrapati Shivaji Intl. Airport (T2), Mumbai"
2025-12-01,136.0,125.0,3.0,10.0,8.0,3.0,"Chhatrapati Shivaji Intl. Airport (T2), Mumbai"
2025-12-02,159.0,120.66666666666667,3.0,8.5,8.0,2.5,"Chhatrapati Shivaji Intl. Airport (T2), Mumbai"
2025-12-03,277.0,116.33333333333333,3.0,7.0,8.0,2.0,"Chhatrapati Shivaji Intl. Airport (T2), Mumbai"
2025-12-04,395.0,112.0,2.0,9.0,8.0,3.0,"Chhatrapati Shivaji Intl. Airport (T2), Mumbai"
2025-12-05,155.0,88.0,3.0,7.0,8.0,2.0,"Chhatrapati Shivaji Intl. Airport (T2), Mumbai"
2025-12-06,124.0,100.5,3.0,7.0,8.0,2.0,"Chhatrapati Shivaji Intl. Airport (T2), Mumbai"
2025-12-07,254.5,113.0,3.0,7.0,8.0,2.0,"Chhatrapati Shivaji Intl. Airport (T2), Mumbai"
2025-12-08,385.0,90.0,3.0,5.0,8.0,2.0,"Chhatrapati Shivaji Intl. Airport (T2), Mumbai"
2025-12-09,373.25,81.0,3.0,5.0,8.0,2.0,"Chhatrapati Shivaji Intl. Airport (T2), Mumbai"
2025-12-10,361.5,88.0,3.0,5.0,8.0,2.0,"Chhatrapati Shivaji Intl. Airport (T2), Mumbai"
2025-12-11,349.75,98.0,2.0,5.0,8.0,2.0,"Chhatrapati Shivaji Intl. Airport (T2), Mumbai"
2025-12-16,135.0,103.0,3.0,14.5,8.0,12.0,"Chhatrapati Shivaji Intl. Airport (T2), Mumbai"
2025-12-17,135.0,87.0,3.0,14.5,8.0,12.0,"Chhatrapati Shivaji Intl. Airport (T2), Mumbai"
2025-12-18,135.0,71.0,3.0,14.5,8.0,12.0,"Chhatrapati Shivaji Intl. Airport (T2), Mumbai"
2025-12-19,135.0,81.33333333333333,3.0,14.5,8.0,12.0,"Chhatrapati Shivaji Intl. Airport (T2), Mumbai"
2025-12-21,135.0,102.0,3.0,14.5,8.0,12.0,"Chhatrapati Shivaji Intl. Airport (T2), Mumbai"
2025-12-22,135.0,77.0,3.0,14.5,8.0,12.0,"Chhatrapati Shivaji Intl. Airport (T2), Mumbai"
2025-12-23,135.0,81.0,3.0,14.5,8.0,12.0,"Chhatrapati Shivaji Intl. Airport (T2), Mumbai"
2025-12-27,135.0,97.0,3.0,14.5,8.0,12.0,"Chhatrapati Shivaji Intl. Airport (T2), Mumbai"
2025-12-28,135.0,88.25,3.0,14.5,8.0,12.0,"Chhatrapati Shivaji Intl. Airport (T2), Mumbai"
2025-12-31,135.0,62.0,3.0,14.5,8.0,12.0,"Chhatrapati Shivaji Intl. Airport (T2), Mumbai"
2026-01-01,103.0,79.0,3.0,14.0,8.0,11.0,"Chhatrapati Shivaji Intl. Airport (T2), Mumbai"
2026-01-02,139.0,109.0,2.0,14.0,8.0,11.0,"Chhatrapati Shivaji Intl. Airport (T2), Mumbai"
2026-01-03,161.0,105.0,2.0,14.0,8.0,11.0,"Chhatrapati Shivaji Intl. Airport (T2), Mumbai"
2026-01-04,162.0,87.0,3.0,14.0,8.0,11.0,"Chhatrapati Shivaji Intl. Airport (T2), Mumbai"
2026-01-05,153.0,87.0,2.0,14.0,8.0,11.0,"Chhatrapati Shivaji Intl. Airport (T2), Mumbai"
2026-01-06,148.0,99.0,3.0,14.0,8.0,11.0,"Chhatrapati Shivaji Intl. Airport (T2), Mumbai"
2026-01-07,159.0,90.0,3.0,14.0,8.0,11.0,"Chhatrapati Shivaji Intl. Airport (T2), Mumbai"
2026-01-08,147.0,91.0,3.0,14.0,8.0,11.0,"Chhatrapati Shivaji Intl. Airport (T2), Mumbai"
2026-01-09,151.0,87.0,3.0,14.0,8.0,11.0,"Chhatrapati Shivaji Intl. Airport (T2), Mumbai"
2026-01-10,148.0,91.0,3.0,14.0,8.0,11.0,"Chhatrapati Shivaji Intl. Airport (T2), Mumbai"
2026-01-11,152.0,78.0,3.0,14.0,8.0,11.0,"Chhatrapati Shivaji Intl. Airport (T2), Mumbai"
2026-01-12,136.0,88.0,3.0,14.0,8.0,11.0,"Chhatrapati Shivaji Intl. Airport (T2), Mumbai"
2026-01-13,151.0,94.0,3.0,14.0,7.0,11.0,"Chhatrapati Shivaji Intl. Airport (T2), Mumbai"
2026-01-14,155.0,82.0,3.0,14.0,7.0,11.0,"Chhatrapati Shivaji Intl. Airport (T2), Mumbai"
2026-01-15,147.0,96.0,3.0,14.0,8.0,11.0,"Chhatrapati Shivaji Intl. Airport (T2), Mumbai"
2026-01-16,158.0,77.0,3.0,14.0,8.0,11.0,"Chhatrapati Shivaji Intl. Airport (T2), Mumbai"
2026-01-17,136.0,62.0,3.0,14.0,8.0,11.0,"Chhatrapati Shivaji Intl. Airport (T2), Mumbai"
2026-01-18,106.0,68.0,2.0,14.0,8.0,11.0,"Chhatrapati Shivaji Intl. Airport (T2), Mumbai"
2026-01-19,119.0,79.0,3.0,14.0,8.0,11.0,"Chhatrapati Shivaji Intl. Airport (T2), Mumbai"
2026-01-20,138.0,107.0,3.0,14.0,8.0,11.0,"Chhatrapati Shivaji Intl. Airport (T2), Mumbai"
2026-01-21,163.0,91.0,3.0,14.0,8.0,11.0,"Chhatrapati Shivaji Intl. Airport (T2), Mumbai"
2026-01-22,152.0,70.0,3.0,14.0,8.0,11.0,"Chhatrapati Shivaji Intl. Airport (T2), Mumbai"
2026-01-23,133.0,72.0,3.0,14.0,8.0,11.0,"Chhatrapati Shivaji Intl. Airport (T2), Mumbai"
2026-01-24,141.0,86.0,3.0,14.0,8.0,11.0,"Chhatrapati Shivaji Intl. Airport (T2), Mumbai"
2026-01-25,157.0,94.0,3.0,14.0,7.0,11.0,"Chhatrapati Shivaji Intl. Airport (T2), Mumbai"
2026-01-26,162.0,72.0,3.0,14.0,8.0,11.0,"Chhatrapati Shivaji Intl. Airport (T2), Mumbai"
2026-01-27,142.0,66.0,2.0,14.0,8.0,11.0,"Chhatrapati Shivaji Intl. Airport (T2), Mumbai"
2026-01-28,124.0,86.0,3.0,14.0,8.0,11.0,"Chhatrapati Shivaji Intl. Airport (T2), Mumbai"
2026-01-29,157.0,94.0,2.0,14.0,8.0,11.0,"Chhatrapati Shivaji Intl. Airport (T2), Mumbai"
2026-01-30,161.0,81.0,3.0,14.0,8.0,11.0,"Chhatrapati Shivaji Intl. Airport (T2), Mumbai"
2026-01-31,152.0,91.0,3.0,14.0,8.0,11.0,"Chhatrapati Shivaji Intl. Airport (T2), Mumbai"
2026-02-01,160.0,104.0,3.0,16.0,8.0,11.0,"Chhatrapati Shivaji Intl. Airport (T2), Mumbai"
2026-02-02,167.0,108.0,3.0,16.0,8.0,11.0,"Chhatrapati Shivaji Intl. Airport (T2), Mumbai"
2026-02-03,169.0,164.0,2.0,16.0,8.0,11.0,"Chhatrapati Shivaji Intl. Airport (T2), Mumbai"
2026-02-04,180.0,164.0,2.0,16.0,8.0,11.0,"Chhatrapati Shivaji Intl. Airport (T2), Mumbai"
2026-02-05,179.0,123.0,3.0,16.0,8.0,11.0,"Chhatrapati Shivaji Intl. Airport (T2), Mumbai"
2026-02-06,169.0,94.0,3.0,16.0,8.0,11.0,"Chhatrapati Shivaji Intl. Airport (T2), Mumbai"
2026-02-07,157.0,117.0,3.0,16.0,8.0,11.0,"Chhatrapati Shivaji Intl. Airport (T2), Mumbai"
2026-02-08,168.0,110.2,2.8,16.0,8.0,11.0,"Chhatrapati Shivaji Intl. Airport (T2), Mumbai"
2026-02-12,153.6,83.0,2.0,16.0,8.0,11.0,"Chhatrapati Shivaji Intl. Airport (T2), Mumbai"
2026-02-13,150.0,104.0,2.0,16.0,8.0,11.0,"Chhatrapati Shivaji Intl. Airport (T2), Mumbai"
2026-02-14,161.0,97.0,3.0,16.0,8.0,11.0,"Chhatrapati Shivaji Intl. Airport (T2), Mumbai"
2026-02-15,155.0,83.0,2.0,16.0,8.0,11.0,"Chhatrapati Shivaji Intl. Airport (T2), Mumbai"
2026-02-16,147.0,70.0,2.0,16.0,8.0,11.0,"Chhatrapati Shivaji Intl. Airport (T2), Mumbai"
2026-02-17,120.0,70.0,2.0,16.0,8.0,11.0,"Chhatrapati Shivaji Intl. Airport (T2), Mumbai"
