date,pm25,pm10,o3,no2,so2,co,location
2019-06-24,56.0,43.0,1.0,2.0,7.0,3.0,"Nerul, Navi Mumbai"
2019-06-25,64.0,48.0,1.0,2.0,7.0,3.0,"Nerul, Navi Mumbai"
2019-06-26,59.0,24.0,2.0,2.0,7.0,3.0,"Nerul, Navi Mumbai"
2019-06-27,30.0,17.0,3.0,2.0,7.0,3.0,"Nerul, Navi Mumbai"
2019-06-28,24.0,19.0,4.0,3.0,7.0,4.0,"Nerul, Navi Mumbai"
2019-06-29,40.0,19.0,4.0,3.0,7.0,4.0,"Nerul, Navi Mumbai"
2019-06-30,45.0,17.0,5.0,5.0,7.0,5.0,"Nerul, Navi Mumbai"
2019-07-01,37.0,15.0,3.0,4.0,7.0,5.0,"Nerul, Navi Mumbai"
2019-07-02,36.0,31.0,1.0,4.0,7.0,5.0,"Nerul, Navi Mumbai"
2019-07-03,53.0,34.0,1.0,4.0,7.0,4.0,"Nerul, Navi Mumbai"
2019-07-04,51.0,38.0,2.0,3.0,5.0,2.0,"Nerul, Navi Mumbai"
2019-07-05,41.0,35.0,2.0,3.0,3.0,1.0,"Nerul, Navi Mumbai"
2019-07-06,28.0,45.0,3.0,2.0,3.0,1.0,"Nerul, Navi Mumbai"
2019-07-07,41.0,35.0,6.0,3.0,6.0,2.0,"Nerul, Navi Mumbai"
2019-07-08,26.0,35.0,4.0,2.0,4.0,3.0,"Nerul, Navi Mumbai"
2019-07-09,28.0,18.0,4.0,5.0,5.0,3.0,"Nerul, Navi Mumbai"
2019-07-10,22.0,34.0,4.0,4.0,4.0,3.0,"Nerul, Navi Mumbai"
2019-07-11,24.0,34.0,4.0,4.0,4.0,2.0,"Nerul, Navi Mumbai"
2019-07-12,29.0,37.0,3.0,5.0,4.0,2.0,"Nerul, Navi Mumbai"
2019-07-13,32.0,33.0,4.0,4.0,4.0,2.0,"Nerul, Navi Mumbai"
2019-07-14,27.0,44.0,4.0,3.0,4.0,2.0,"Nerul, Navi Mumbai"
2019-07-15,28.0,40.0,3.0,4.0,5.0,2.0,"Nerul, Navi Mumbai"
2019-07-16,37.0,39.0,4.0,5.0,4.0,3.0,"Nerul, Navi Mumbai"
2019-07-17,39.0,57.0,4.0,4.0,5.0,3.0,"Nerul, Navi Mumbai"
2019-07-18,52.0,62.0,9.0,7.0,5.0,3.0,"Nerul, Navi Mumbai"
2019-07-19,63.0,67.0,6.0,10.0,5.0,4.0,"Nerul, Navi Mumbai"
2019-07-20,69.0,52.0,18.0,13.0,6.0,6.0,"Nerul, Navi Mumbai"
2019-07-21,102.0,19.0,7.0,7.0,5.0,3.0,"Nerul, Navi Mumbai"
2019-07-22,29.0,29.0,6.0,6.0,5.0,2.0,"Nerul, Navi Mumbai"
2019-07-23,25.0,10.0,5.0,7.0,4.0,2.0,"Nerul, Navi Mumbai"
2019-07-24,30.0,25.0,4.0,6.0,4.0,3.0,"Nerul, Navi Mumbai"
2019-07-25,39.0,27.0,5.0,5.0,4.0,2.0,"Nerul, Navi Mumbai"
2019-07-26,37.0,27.0,6.0,4.0,4.0,2.0,"Nerul, Navi Mumbai"
2019-07-27,35.0,37.0,6.0,5.0,4.0,3.0,"Nerul, Navi Mumbai"
2019-07-28,43.0,37.0,6.0,7.0,5.0,3.0,"Nerul, Navi Mumbai"
2019-07-29,40.0,23.0,5.0,7.0,4.0,3.0,"Nerul, Navi Mumbai"
2019-07-30,30.0,24.0,6.0,4.0,4.0,2.0,"Nerul, Navi Mumbai"
2019-07-31,30.0,27.0,6.0,2.0,4.0,1.0,"Nerul, Navi Mumbai"
2019-08-01,18.0,19.0,4.0,4.0,4.0,1.0,"Nerul, Navi Mumbai"
2019-08-02,18.0,15.0,6.0,4.0,4.0,1.0,"Nerul, Navi Mumbai"
2019-08-03,18.0,23.0,7.0,4.0,4.0,2.0,"Nerul, Navi Mumbai"
2019-08-04,30.0,33.0,4.0,5.0,5.0,1.0,"Nerul, Navi Mumbai"
2019-08-05,33.0,30.0,4.0,3.0,5.0,1.0,"Nerul, Navi Mumbai"
2019-08-06,28.0,31.0,12.0,4.0,5.0,1.0,"Nerul, Navi Mumbai"
2019-08-07,28.0,51.0,7.0,3.0,5.0,1.0,"Nerul, Navi Mumbai"
2019-08-08,51.0,50.0,6.0,2.0,6.0,1.0,"Nerul, Navi Mumbai"
2019-08-09,57.0,44.0,6.0,3.0,4.0,2.0,"Nerul, Navi Mumbai"
2019-08-10,51.0,41.0,7.0,4.0,5.0,4.0,"Nerul, Navi Mumbai"
2019-08-11,48.0,41.0,7.0,3.0,5.0,3.0,"Nerul, Navi Mumbai"
2019-08-12,42.0,38.0,8.0,4.0,4.0,2.0,"Nerul, Navi Mumbai"
2019-08-13,43.0,45.0,7.0,5.0,4.0,3.0,"Nerul, Navi Mumbai"
2019-08-14,51.0,34.0,7.0,3.0,4.0,3.0,"Nerul, Navi Mumbai"
2019-08-15,45.0,31.0,6.0,2.0,4.0,3.0,"Nerul, Navi Mumbai"
2019-08-16,35.0,40.0,8.0,3.0,4.0,2.0,"Nerul, Navi Mumbai"
2019-08-17,37.0,41.0,9.0,4.0,4.0,3.0,"Nerul, Navi Mumbai"
2019-08-18,45.0,41.0,8.0,5.0,4.0,3.0,"Nerul, Navi Mumbai"
2019-08-19,55.0,62.0,11.0,6.0,5.0,3.0,"Nerul, Navi Mumbai"
2019-08-20,58.0,63.0,9.0,6.0,5.0,4.0,"Nerul, Navi Mumbai"
2019-08-21,55.0,42.0,11.0,7.0,5.0,4.0,"Nerul, Navi Mumbai"
2019-08-22,47.0,39.0,14.0,6.0,5.0,4.0,"Nerul, Navi Mumbai"
2019-08-23,50.0,42.0,21.0,5.0,5.0,3.0,"Nerul, Navi Mumbai"
2019-08-24,45.0,31.0,38.0,6.0,4.0,3.0,"Nerul, Navi Mumbai"
2019-08-25,35.0,39.0,4.0,5.0,5.0,3.0,"Nerul, Navi Mumbai"
2019-08-26,48.0,46.0,7.0,3.0,5.0,3.0,"Nerul, Navi Mumbai"
2019-08-27,50.0,36.0,7.0,4.0,5.0,2.0,"Nerul, Navi Mumbai"
2019-08-28,40.0,47.0,7.0,2.0,4.0,1.0,"Nerul, Navi Mumbai"
2019-08-29,44.0,30.0,6.0,2.0,4.0,1.0,"Nerul, Navi Mumbai"
2019-08-30,35.0,24.0,6.0,3.0,4.0,1.0,"Nerul, Navi Mumbai"
2019-08-31,37.0,17.0,9.0,3.0,4.0,2.0,"Nerul, Navi Mumbai"
2019-09-01,28.0,29.0,5.0,3.0,4.0,2.0,"Nerul, Navi Mumbai"
2019-09-02,35.0,7.0,6.0,3.0,4.0,2.0,"Nerul, Navi Mumbai"
2019-09-03,13.0,8.0,7.0,2.0,4.0,2.0,"Nerul, Navi Mumbai"
2019-09-04,15.0,8.0,9.0,2.0,4.0,1.0,"Nerul, Navi Mumbai"
2019-09-05,15.0,13.0,9.0,3.0,4.0,1.0,"Nerul, Navi Mumbai"
2019-09-06,16.0,12.0,10.0,3.0,4.0,1.0,"Nerul, Navi Mumbai"
2019-09-07,21.0,12.0,13.0,3.0,4.0,1.0,"Nerul, Navi Mumbai"
2019-09-08,17.0,29.0,10.0,3.0,4.0,1.0,"Nerul, Navi Mumbai"
2019-09-09,34.0,29.0,9.0,3.0,4.0,1.0,"Nerul, Navi Mumbai"
2019-09-10,36.0,32.0,10.0,6.0,5.0,1.0,"Nerul, Navi Mumbai"
2019-09-11,43.0,31.0,9.0,4.0,4.0,1.0,"Nerul, Navi Mumbai"
2019-09-12,40.0,24.0,9.0,3.0,4.0,1.0,"Nerul, Navi Mumbai"
2019-09-13,35.0,35.0,9.0,3.0,4.0,1.0,"Nerul, Navi Mumbai"
2019-09-14,36.0,21.0,15.0,4.0,4.0,3.0,"Nerul, Navi Mumbai"
2019-09-15,35.0,31.0,6.0,3.0,4.0,4.0,"Nerul, Navi Mumbai"
2019-09-16,44.0,17.0,5.0,5.0,5.0,4.0,"Nerul, Navi Mumbai"
2019-09-17,38.0,31.0,12.0,7.0,6.0,7.0,"Nerul, Navi Mumbai"
2019-09-18,61.0,31.0,8.0,7.0,5.0,6.0,"Nerul, Navi Mumbai"
2019-09-19,71.0,33.0,6.0,4.0,4.0,4.0,"Nerul, Navi Mumbai"
2019-09-20,52.0,38.0,8.0,3.0,4.0,3.0,"Nerul, Navi Mumbai"
2019-09-21,37.0,40.0,8.0,3.0,4.0,4.0,"Nerul, Navi Mumbai"
2019-09-22,52.0,53.0,9.0,3.0,4.0,4.0,"Nerul, Navi Mumbai"
2019-09-23,59.0,69.0,17.0,8.0,4.0,4.0,"Nerul, Navi Mumbai"
2019-09-24,78.0,26.0,8.0,7.0,4.0,3.0,"Nerul, Navi Mumbai"
2019-09-25,51.0,30.0,5.0,4.0,4.0,4.0,"Nerul, Navi Mumbai"
2019-09-26,42.0,20.0,3.0,2.0,4.0,3.0,"Nerul, Navi Mumbai"
2019-09-27,28.0,43.0,3.0,2.0,4.0,3.0,"Nerul, Navi Mumbai"
2019-09-28,29.0,28.0,2.5,2.0,4.5,2.5,"Nerul, Navi Mumbai"
2019-09-29,28.0,13.0,2.0,2.0,5.0,2.0,"Nerul, Navi Mumbai"
2019-09-30,27.0,53.0,2.0,2.0,5.0,3.0,"Nerul, Navi Mumbai"
2019-10-01,45.0,56.0,3.0,2.0,5.0,4.0,"Nerul, Navi Mumbai"
2019-10-02,61.0,57.0,3.0,2.0,5.0,5.0,"Nerul, Navi Mumbai"
2019-10-03,75.0,62.0,3.0,4.0,5.0,6.0,"Nerul, Navi Mumbai"
2019-10-04,94.0,64.0,5.0,5.0,6.0,7.0,"Nerul, Navi Mumbai"
2019-10-05,101.0,65.0,10.0,5.0,5.0,7.0,"Nerul, Navi Mumbai"
2019-10-06,114.0,84.0,16.0,6.0,5.0,7.0,"Nerul, Navi Mumbai"
2019-10-07,142.0,76.0,10.0,6.0,5.0,5.0,"Nerul, Navi Mumbai"
2019-10-08,122.0,37.0,9.0,5.0,5.0,5.0,"Nerul, Navi Mumbai"
2019-10-09,68.0,59.0,17.0,8.0,6.0,7.0,"Nerul, Navi Mumbai"
2019-10-10,122.0,55.0,17.0,7.0,5.0,6.0,"Nerul, Navi Mumbai"
2019-10-11,94.0,75.0,22.0,10.0,5.0,7.0,"Nerul, Navi Mumbai"
2019-10-12,118.0,63.0,12.0,10.0,5.0,7.0,"Nerul, Navi Mumbai"
2019-10-13,120.0,73.0,13.0,11.0,5.0,7.0,"Nerul, Navi Mumbai"
2019-10-14,137.0,89.0,10.0,12.0,6.0,9.0,"Nerul, Navi Mumbai"
2019-10-15,142.0,99.0,12.0,14.0,7.0,9.0,"Nerul, Navi Mumbai"
2019-10-16,141.0,103.0,15.0,12.0,7.0,9.0,"Nerul, Navi Mumbai"
2019-10-17,152.0,97.0,4.0,13.0,6.0,10.0,"Nerul, Navi Mumbai"
2019-10-18,140.0,39.0,5.0,10.0,6.0,8.0,"Nerul, Navi Mumbai"
2019-10-19,76.0,23.0,5.0,8.0,5.0,6.0,"Nerul, Navi Mumbai"
2019-10-20,54.0,37.0,9.0,8.0,5.0,7.0,"Nerul, Navi Mumbai"
2019-10-21,63.0,24.0,9.0,6.0,5.0,4.0,"Nerul, Navi Mumbai"
2019-10-22,38.0,34.0,3.0,7.0,5.0,6.0,"Nerul, Navi Mumbai"
2019-10-23,51.0,46.0,6.0,10.0,6.0,7.0,"Nerul, Navi Mumbai"
2019-10-24,80.0,27.0,4.0,7.0,5.0,4.0,"Nerul, Navi Mumbai"
2019-10-25,35.0,35.0,5.0,7.0,5.0,5.0,"Nerul, Navi Mumbai"
2019-10-26,41.0,60.0,6.0,6.0,5.0,6.0,"Nerul, Navi Mumbai"
2019-10-27,99.0,99.0,12.0,6.0,5.0,6.0,"Nerul, Navi Mumbai"
2019-10-28,156.0,89.0,14.0,9.0,5.0,6.0,"Nerul, Navi Mumbai"
2019-10-29,134.0,63.0,8.0,9.0,6.0,6.0,"Nerul, Navi Mumbai"
2019-10-30,96.0,63.0,6.0,12.0,6.0,5.0,"Nerul, Navi Mumbai"
2019-10-31,66.0,42.0,7.0,7.0,5.0,4.0,"Nerul, Navi Mumbai"
2019-11-01,44.0,30.0,5.0,6.0,5.0,3.0,"Nerul, Navi Mumbai"
2019-11-02,31.0,57.0,7.0,6.0,5.0,5.0,"Nerul, Navi Mumbai"
2019-11-03,63.0,67.0,14.0,7.0,5.0,6.0,"Nerul, Navi Mumbai"
2019-11-04,93.0,80.0,15.0,10.0,5.0,7.0,"Nerul, Navi Mumbai"
2019-11-05,136.0,93.0,19.0,12.0,6.0,7.0,"Nerul, Navi Mumbai"
2019-11-06,143.0,71.0,6.0,7.0,5.0,4.0,"Nerul, Navi Mumbai"
2019-11-07,72.0,51.0,6.0,4.0,5.0,4.0,"Nerul, Navi Mumbai"
2019-11-08,51.0,67.0,10.0,6.0,5.0,4.0,"Nerul, Navi Mumbai"
2019-11-09,78.0,84.0,16.0,10.0,6.0,7.0,"Nerul, Navi Mumbai"
2019-11-10,134.0,85.0,19.0,13.0,6.0,9.0,"Nerul, Navi Mumbai"
2019-11-11,144.0,108.0,17.0,15.0,6.0,10.0,"Nerul, Navi Mumbai"
2019-11-12,160.0,106.0,14.0,16.0,6.0,10.0,"Nerul, Navi Mumbai"
2019-11-13,152.0,108.0,19.0,14.0,6.0,9.0,"Nerul, Navi Mumbai"
2019-11-14,153.0,117.0,15.0,17.0,7.0,11.0,"Nerul, Navi Mumbai"
2019-11-15,161.0,110.0,51.0,16.0,12.0,10.0,"Nerul, Navi Mumbai"
2019-11-16,162.0,97.0,15.0,15.0,2.0,9.0,"Nerul, Navi Mumbai"
2019-11-17,157.0,160.0,20.0,13.0,3.0,9.0,"Nerul, Navi Mumbai"
2019-11-18,214.0,130.0,22.0,19.0,3.0,11.0,"Nerul, Navi Mumbai"
2019-11-19,175.0,130.0,20.0,19.0,3.0,12.0,"Nerul, Navi Mumbai"
2019-11-20,177.0,130.0,4.0,14.0,3.0,11.0,"Nerul, Navi Mumbai"
2019-11-21,176.0,127.0,16.0,12.0,2.0,11.0,"Nerul, Navi Mumbai"
2019-11-22,173.0,118.0,21.0,17.0,2.0,10.0,"Nerul, Navi Mumbai"
2019-11-23,168.0,111.0,25.0,15.0,3.0,9.0,"Nerul, Navi Mumbai"
2019-11-24,170.0,118.0,25.0,19.0,3.0,10.0,"Nerul, Navi Mumbai"
2019-11-25,174.0,130.0,24.0,20.0,3.0,12.0,"Nerul, Navi Mumbai"
2019-11-26,172.0,124.0,17.0,18.0,3.0,11.0,"Nerul, Navi Mumbai"
2019-11-27,166.0,115.0,24.0,21.0,4.0,11.0,"Nerul, Navi Mumbai"
2019-11-28,158.0,113.0,20.0,19.0,5.0,11.0,"Nerul, Navi Mumbai"
2019-11-29,166.0,138.0,21.0,18.0,3.0,10.0,"Nerul, Navi Mumbai"
2019-11-30,276.0,118.0,22.0,18.0,4.0,12.0,"Nerul, Navi Mumbai"
2019-12-01,174.0,124.0,10.0,14.0,5.0,9.0,"Nerul, Navi Mumbai"
2019-12-02,175.0,89.0,11.0,16.0,11.0,8.0,"Nerul, Navi Mumbai"
2019-12-03,114.0,125.0,14.0,16.0,2.0,8.0,"Nerul, Navi Mumbai"
2019-12-04,198.0,94.0,13.0,15.0,2.0,6.0,"Nerul, Navi Mumbai"
2019-12-05,147.0,104.0,18.0,17.0,4.0,7.0,"Nerul, Navi Mumbai"
2019-12-06,167.0,104.0,20.0,17.0,3.0,8.0,"Nerul, Navi Mumbai"
2019-12-07,162.0,126.0,25.0,18.0,3.0,10.0,"Nerul, Navi Mumbai"
2019-12-08,175.0,103.0,19.0,18.0,4.0,9.0,"Nerul, Navi Mumbai"
2019-12-09,161.0,111.0,22.0,19.0,3.0,11.0,"Nerul, Navi Mumbai"
2019-12-10,161.0,118.0,23.0,21.0,3.0,12.0,"Nerul, Navi Mumbai"
2019-12-11,172.0,119.0,24.0,19.0,2.0,10.0,"Nerul, Navi Mumbai"
2019-12-12,176.0,106.0,22.0,19.0,2.0,8.0,"Nerul, Navi Mumbai"
2019-12-13,158.0,89.0,27.0,21.0,2.0,7.0,"Nerul, Navi Mumbai"
2019-12-14,152.0,102.0,6.0,24.0,5.0,9.0,"Nerul, Navi Mumbai"
2019-12-15,161.0,108.0,27.0,23.0,3.0,10.0,"Nerul, Navi Mumbai"
2019-12-16,169.0,113.0,2.0,23.0,5.0,10.0,"Nerul, Navi Mumbai"
2019-12-17,171.0,200.0,10.0,21.0,2.0,10.0,"Nerul, Navi Mumbai"
2019-12-18,227.0,115.0,18.0,19.0,4.0,9.0,"Nerul, Navi Mumbai"
2019-12-19,164.0,151.0,20.0,23.0,2.0,10.0,"Nerul, Navi Mumbai"
2019-12-20,199.0,134.0,19.0,27.0,2.0,11.0,"Nerul, Navi Mumbai"
2019-12-21,177.0,120.0,18.0,22.0,2.0,10.0,"Nerul, Navi Mumbai"
2019-12-22,174.0,125.0,18.0,21.0,1.0,13.0,"Nerul, Navi Mumbai"
2019-12-23,178.0,132.0,21.0,22.0,1.0,12.0,"Nerul, Navi Mumbai"
2019-12-24,184.0,149.0,26.0,22.0,1.0,12.0,"Nerul, Navi Mumbai"
2019-12-25,207.0,102.0,4.0,16.0,1.0,9.0,"Nerul, Navi Mumbai"
2019-12-26,162.0,110.0,3.0,22.0,2.0,10.0,"Nerul, Navi Mumbai"
2019-12-27,165.0,100.0,3.0,18.0,1.0,10.0,"Nerul, Navi Mumbai"
2019-12-28,163.0,101.0,3.0,18.0,1.0,9.0,"Nerul, Navi Mumbai"
2019-12-29,164.0,110.33333333333333,3.0,20.666666666666668,1.6666666666666665,10.0,"Nerul, Navi Mumbai"
2019-12-31,176.66666666666666,129.0,3.0,26.0,3.0,12.0,"Nerul, Navi Mumbai"
2020-01-01,183.0,149.0,3.0,25.0,4.0,13.0,"Nerul, Navi Mumbai"
2020-01-02,215.0,115.0,3.0,12.0,9.0,12.0,"Nerul, Navi Mumbai"
2020-01-03,392.0,148.75,3.5,12.75,8.5,12.25,"Nerul, Navi Mumbai"
2020-01-06,316.25,250.0,5.0,15.0,7.0,13.0,"Nerul, Navi Mumbai"
2020-01-07,291.0,115.0,3.0,14.0,7.0,13.0,"Nerul, Navi Mumbai"
2020-01-08,286.0,156.0,8.0,20.0,1.0,10.0,"Nerul, Navi Mumbai"
2020-01-09,204.0,109.0,3.0,23.0,6.0,11.0,"Nerul, Navi Mumbai"
2020-01-10,162.0,111.0,3.0,23.0,1.0,9.0,"Nerul, Navi Mumbai"
2020-01-11,161.0,126.0,3.0,21.0,2.0,10.0,"Nerul, Navi Mumbai"
2020-01-12,175.0,131.0,3.0,19.0,1.5,8.0,"Nerul, Navi Mumbai"
2020-01-13,182.0,90.0,2.0,14.0,1.0,6.0,"Nerul, Navi Mumbai"
2020-01-14,135.0,75.0,2.0,18.0,3.0,5.0,"Nerul, Navi Mumbai"
2020-01-15,114.0,83.0,2.0,19.0,2.0,6.0,"Nerul, Navi Mumbai"
2020-01-16,119.0,86.57142857142857,2.0,19.428571428571427,2.0,6.714285714285714,"Nerul, Navi Mumbai"
2020-01-22,155.0,108.0,2.0,22.0,2.0,11.0,"Nerul, Navi Mumbai"
2020-01-23,161.0,122.0,30.0,23.0,3.0,11.0,"Nerul, Navi Mumbai"
2020-01-24,163.0,143.0,2.0,26.0,3.0,14.0,"Nerul, Navi Mumbai"
2020-01-25,176.0,143.0,2.0,27.0,4.0,14.0,"Nerul, Navi Mumbai"
2020-01-26,181.0,94.0,2.0,15.0,1.0,9.0,"Nerul, Navi Mumbai"
2020-01-27,134.0,67.0,5.0,13.0,2.0,8.0,"Nerul, Navi Mumbai"
2020-01-28,94.0,73.0,5.0,13.0,3.0,7.0,"Nerul, Navi Mumbai"
2020-01-29,81.0,106.0,25.0,25.0,4.0,10.0,"Nerul, Navi Mumbai"
2020-01-30,147.0,126.0,30.0,30.0,4.0,13.0,"Nerul, Navi Mumbai"
2020-01-31,168.0,140.0,25.0,30.0,4.0,14.0,"Nerul, Navi Mumbai"
2020-02-01,169.0,147.0,10.0,25.0,3.0,14.0,"Nerul, Navi Mumbai"
2020-02-02,177.0,117.0,26.0,23.0,1.0,13.0,"Nerul, Navi Mumbai"
2020-02-03,174.0,127.0,25.0,24.0,3.0,14.0,"Nerul, Navi Mumbai"
2020-02-04,172.0,118.0,27.0,28.0,5.0,13.0,"Nerul, Navi Mumbai"
2020-02-05,160.0,131.0,27.0,29.0,5.0,15.0,"Nerul, Navi Mumbai"
2020-02-06,155.0,115.0,25.0,29.0,5.0,14.0,"Nerul, Navi Mumbai"
2020-02-07,148.0,129.0,28.0,28.0,4.0,14.0,"Nerul, Navi Mumbai"
2020-02-08,167.0,105.0,26.0,21.0,3.0,12.0,"Nerul, Navi Mumbai"
2020-02-09,161.0,91.0,33.0,16.0,8.0,10.0,"Nerul, Navi Mumbai"
2020-02-10,141.0,107.0,32.0,21.0,3.0,8.0,"Nerul, Navi Mumbai"
2020-02-11,151.0,155.0,32.0,25.0,4.0,11.0,"Nerul, Navi Mumbai"
2020-02-12,192.0,129.0,28.0,27.0,4.0,11.0,"Nerul, Navi Mumbai"
2020-02-13,167.0,128.0,34.0,25.0,5.0,8.0,"Nerul, Navi Mumbai"
2020-02-14,157.0,108.0,38.0,25.0,6.0,8.0,"Nerul, Navi Mumbai"
2020-02-15,152.0,144.0,59.0,30.0,6.0,11.0,"Nerul, Navi Mumbai"
2020-02-16,173.0,172.0,45.0,35.0,4.0,15.0,"Nerul, Navi Mumbai"
2020-02-17,198.0,309.0,50.0,36.0,5.0,14.0,"Nerul, Navi Mumbai"
2020-02-18,197.0,203.0,54.0,36.0,7.0,15.0,"Nerul, Navi Mumbai"
2020-02-19,205.0,144.0,30.0,30.0,4.0,15.0,"Nerul, Navi Mumbai"
2020-02-20,181.0,201.0,25.0,23.0,5.0,14.0,"Nerul, Navi Mumbai"
2020-02-21,192.0,148.0,43.0,27.0,6.0,15.0,"Nerul, Navi Mumbai"
2020-02-22,169.0,157.0,52.0,28.0,7.0,14.0,"Nerul, Navi Mumbai"
2020-02-23,173.0,142.5,44.0,30.0,6.0,15.0,"Nerul, Navi Mumbai"
2020-02-24,177.0,128.0,24.0,21.0,5.0,11.0,"Nerul, Navi Mumbai"
2020-02-25,132.0,102.0,29.0,21.0,4.0,11.0,"Nerul, Navi Mumbai"
2020-02-26,128.0,149.0,44.0,31.0,6.0,14.0,"Nerul, Navi Mumbai"
2020-02-27,150.0,158.0,47.0,32.5,8.0,16.0,"Nerul, Navi Mumbai"
2020-02-28,171.0,152.0,26.0,34.0,7.0,15.0,"Nerul, Navi Mumbai"
2020-02-29,159.0,127.0,8.0,20.0,5.0,14.0,"Nerul, Navi Mumbai"
2020-03-01,150.0,109.0,8.0,21.0,6.0,12.0,"Nerul, Navi Mumbai"
2020-03-02,141.0,100.0,8.0,11.0,6.0,10.0,"Nerul, Navi Mumbai"
2020-03-03,124.0,109.0,8.0,15.0,6.0,11.0,"Nerul, Navi Mumbai"
2020-03-04,134.0,90.0,8.0,13.0,6.0,9.0,"Nerul, Navi Mumbai"
2020-03-05,116.0,88.0,8.0,8.0,5.0,9.0,"Nerul, Navi Mumbai"
2020-03-06,79.0,105.0,63.0,12.0,6.0,9.0,"Nerul, Navi Mumbai"
2020-03-07,102.0,103.0,2.0,16.0,7.0,11.0,"Nerul, Navi Mumbai"
2020-03-08,116.0,109.0,59.0,17.0,6.0,12.0,"Nerul, Navi Mumbai"
2020-03-09,132.0,117.0,14.0,11.0,6.0,13.0,"Nerul, Navi Mumbai"
2020-03-10,116.0,63.0,103.0,10.0,5.0,10.0,"Nerul, Navi Mumbai"
2020-03-11,68.0,78.0,17.0,12.0,6.0,11.0,"Nerul, Navi Mumbai"
2020-03-12,86.0,81.0,25.0,14.0,6.0,10.0,"Nerul, Navi Mumbai"
2020-03-13,87.0,108.0,29.0,20.0,7.0,13.0,"Nerul, Navi Mumbai"
2020-03-14,124.0,169.0,41.0,21.0,10.0,19.0,"Nerul, Navi Mumbai"
2020-03-15,126.5,120.0,34.0,23.0,10.0,20.0,"Nerul, Navi Mumbai"
2020-03-16,129.0,162.0,41.0,26.0,12.0,19.0,"Nerul, Navi Mumbai"
2020-03-17,167.0,137.0,26.0,20.0,10.0,18.0,"Nerul, Navi Mumbai"
2020-03-18,149.0,98.0,21.0,14.0,7.0,14.0,"Nerul, Navi Mumbai"
2020-03-19,119.0,103.0,12.0,9.0,6.0,12.0,"Nerul, Navi Mumbai"
2020-03-20,90.0,73.0,22.0,11.0,6.0,11.0,"Nerul, Navi Mumbai"
2020-03-21,87.0,57.0,18.0,3.0,5.0,9.0,"Nerul, Navi Mumbai"
2020-03-22,72.0,69.0,27.0,6.0,5.0,11.0,"Nerul, Navi Mumbai"
2020-03-23,107.0,81.0,26.0,8.0,5.0,11.0,"Nerul, Navi Mumbai"
2020-03-24,132.0,62.0,11.0,4.0,5.0,11.0,"Nerul, Navi Mumbai"
2020-03-25,97.0,52.0,11.0,3.0,5.0,22.0,"Nerul, Navi Mumbai"
2020-03-26,94.0,59.0,11.0,2.0,6.0,22.0,"Nerul, Navi Mumbai"
2020-03-27,95.0,55.0,22.0,3.0,6.0,22.0,"Nerul, Navi Mumbai"
2020-03-28,95.0,55.0,24.0,4.0,6.0,22.0,"Nerul, Navi Mumbai"
2020-03-29,92.0,55.0,19.0,5.0,6.0,22.0,"Nerul, Navi Mumbai"
2020-03-30,98.0,56.0,15.0,4.0,6.0,20.0,"Nerul, Navi Mumbai"
2020-03-31,90.0,55.0,16.0,3.0,6.0,18.0,"Nerul, Navi Mumbai"
2020-04-01,85.0,67.0,20.0,3.0,6.0,19.0,"Nerul, Navi Mumbai"
2020-04-02,107.0,70.0,17.0,3.0,6.0,17.0,"Nerul, Navi Mumbai"
2020-04-03,92.0,65.0,14.0,3.0,6.0,17.0,"Nerul, Navi Mumbai"
2020-04-04,98.0,58.0,16.0,3.0,6.0,16.0,"Nerul, Navi Mumbai"
2020-04-05,94.0,50.0,8.0,1.0,5.0,13.0,"Nerul, Navi Mumbai"
2020-04-06,74.0,56.0,11.0,3.0,5.0,11.0,"Nerul, Navi Mumbai"
2020-04-07,87.0,76.0,8.0,2.0,5.0,9.0,"Nerul, Navi Mumbai"
2020-04-08,89.0,75.0,12.0,3.0,5.0,10.0,"Nerul, Navi Mumbai"
2020-04-09,96.0,71.0,17.0,2.0,6.0,13.0,"Nerul, Navi Mumbai"
2020-04-10,93.0,70.0,13.0,2.0,6.0,15.0,"Nerul, Navi Mumbai"
2020-04-11,97.0,59.0,11.0,2.0,6.0,14.0,"Nerul, Navi Mumbai"
2020-04-12,86.0,50.0,6.0,1.0,6.0,14.0,"Nerul, Navi Mumbai"
2020-04-13,62.0,50.714285714285715,6.285714285714286,1.4285714285714286,5.857142857142857,13.571428571428571,"Nerul, Navi Mumbai"
2020-04-15,119.0,52.142857142857146,6.857142857142857,2.2857142857142856,5.571428571428571,12.714285714285714,"Nerul, Navi Mumbai"
2020-04-19,84.6,55.0,8.0,4.0,5.0,11.0,"Nerul, Navi Mumbai"
2020-04-20,76.0,53.0,18.0,3.0,5.0,12.0,"Nerul, Navi Mumbai"
2020-04-21,76.0,49.0,59.0,2.0,5.0,11.0,"Nerul, Navi Mumbai"
2020-04-22,69.0,51.0,72.0,2.0,5.0,11.0,"Nerul, Navi Mumbai"
2020-04-23,71.0,42.0,55.0,2.0,5.0,11.0,"Nerul, Navi Mumbai"
2020-04-24,69.0,50.0,64.0,1.0,5.0,11.0,"Nerul, Navi Mumbai"
2020-04-25,63.0,50.0,83.0,3.0,5.0,12.0,"Nerul, Navi Mumbai"
2020-04-26,69.0,43.0,96.0,2.0,5.0,12.0,"Nerul, Navi Mumbai"
2020-04-27,63.0,48.0,60.0,2.0,5.0,12.0,"Nerul, Navi Mumbai"
2020-04-28,67.0,54.0,38.0,2.0,5.0,12.0,"Nerul, Navi Mumbai"
2020-04-29,69.0,56.0,46.0,2.0,5.0,12.0,"Nerul, Navi Mumbai"
2020-04-30,72.0,41.0,55.0,1.0,5.0,11.0,"Nerul, Navi Mumbai"
2020-05-01,54.0,37.0,74.0,1.0,5.0,11.0,"Nerul, Navi Mumbai"
2020-05-02,51.0,28.0,95.0,1.0,5.0,11.0,"Nerul, Navi Mumbai"
2020-05-03,43.0,27.0,114.0,1.0,5.0,11.0,"Nerul, Navi Mumbai"
2020-05-04,43.0,50.0,129.0,1.0,5.0,11.0,"Nerul, Navi Mumbai"
2020-05-05,49.0,68.0,92.0,1.0,5.0,12.0,"Nerul, Navi Mumbai"
2020-05-06,218.0,122.0,55.0,2.0,5.0,12.0,"Nerul, Navi Mumbai"
2020-05-07,60.0,56.0,18.0,2.0,5.0,11.0,"Nerul, Navi Mumbai"
2020-05-08,57.0,52.0,21.0,2.0,5.0,11.0,"Nerul, Navi Mumbai"
2020-05-09,52.0,51.0,20.0,1.0,5.0,11.0,"Nerul, Navi Mumbai"
2020-05-10,48.0,58.0,24.0,3.0,5.0,12.0,"Nerul, Navi Mumbai"
2020-05-11,55.0,55.0,19.0,2.0,6.0,12.0,"Nerul, Navi Mumbai"
2020-05-12,55.0,56.0,7.0,1.0,6.0,12.0,"Nerul, Navi Mumbai"
2020-05-13,54.0,55.0,9.0,2.0,8.0,12.0,"Nerul, Navi Mumbai"
2020-05-14,52.0,103.0,14.0,3.0,15.0,14.0,"Nerul, Navi Mumbai"
2020-05-15,104.0,103.31451612903226,13.921259842519685,2.991869918699187,15.016129032258064,14.03076923076923,"Nerul, Navi Mumbai"
2020-09-14,54.40650406504065,141.68548387096774,4.314960629921261,2.0,16.983870967741936,17.784615384615385,"Nerul, Navi Mumbai"
2020-09-15,54.0,142.0,4.236220472440946,4.0,17.0,17.815384615384616,"Nerul, Navi Mumbai"
2020-09-16,108.0,241.0,8.0,3.0,12.0,4.0,"Nerul, Navi Mumbai"
2020-09-17,35.0,238.5,8.0,2.0,8.0,4.0,"Nerul, Navi Mumbai"
2020-09-18,45.0,236.0,4.0,2.0,8.0,4.0,"Nerul, Navi Mumbai"
2020-09-19,60.0,233.5,6.0,1.0,8.0,4.0,"Nerul, Navi Mumbai"
2020-09-20,60.0,42.0,4.0,3.0,11.0,4.0,"Nerul, Navi Mumbai"
2020-09-21,98.0,42.0,7.0,6.0,12.0,18.0,"Nerul, Navi Mumbai"
2020-09-22,76.0,42.0,2.0,1.0,6.499999999999999,2.0,"Nerul, Navi Mumbai"
2020-09-23,29.0,42.0,1.0,1.0,1.0,3.0,"Nerul, Navi Mumbai"
2020-09-24,51.0,42.0,2.0,1.0,1.0,3.0,"Nerul, Navi Mumbai"
2020-09-25,60.0,42.0,1.0,1.0,1.0,3.0,"Nerul, Navi Mumbai"
2020-09-26,99.0,42.0,1.0,1.0,1.0,3.0,"Nerul, Navi Mumbai"
2020-09-27,67.0,42.0,1.0,1.0,1.0,3.0,"Nerul, Navi Mumbai"
2020-09-28,75.0,42.0,1.0,1.0,4.0,5.0,"Nerul, Navi Mumbai"
2020-09-29,127.0,42.0,1.0,1.0,4.0,4.0,"Nerul, Navi Mumbai"
2020-09-30,86.0,206.0,2.0,1.0,4.0,4.0,"Nerul, Navi Mumbai"
2020-10-01,110.0,174.125,1.0,1.0,6.0,5.0,"Nerul, Navi Mumbai"
2020-10-02,129.0,142.25,2.0,1.0,6.0,4.0,"Nerul, Navi Mumbai"
2020-10-03,119.0,110.375,1.0,1.0,6.0,4.0,"Nerul, Navi Mumbai"
2020-10-04,88.0,78.5,1.0,1.0,6.0,4.0,"Nerul, Navi Mumbai"
2020-10-05,83.0,78.5,4.0,1.0,1.0,4.0,"Nerul, Navi Mumbai"
2020-10-06,115.0,7.0,3.0,1.0,2.0,4.0,"Nerul, Navi Mumbai"
2020-10-07,124.0,4.0,2.0,1.0,3.0,6.0,"Nerul, Navi Mumbai"
2020-10-08,201.0,18.9,10.0,1.0,3.0,6.0,"Nerul, Navi Mumbai"
2020-10-09,207.0,33.8,2.0,1.0,3.0,7.0,"Nerul, Navi Mumbai"
2020-10-10,229.0,48.699999999999996,1.0,1.5,3.0,5.0,"Nerul, Navi Mumbai"
2020-10-11,230.0,80.0,44.0,2.0,4.0,5.0,"Nerul, Navi Mumbai"
2020-10-12,113.0,78.5,11.0,4.0,3.0,6.0,"Nerul, Navi Mumbai"
2020-10-13,165.0,86.2,3.0,2.0,3.0,6.0,"Nerul, Navi Mumbai"
2020-10-14,190.0,93.9,2.0,1.0,3.0,5.0,"Nerul, Navi Mumbai"
2020-10-15,145.0,101.6,1.0,1.0,3.0,6.0,"Nerul, Navi Mumbai"
2020-10-16,137.0,80.0,2.0,1.75,2.0,3.0,"Nerul, Navi Mumbai"
2020-10-17,142.0,117.0,1.0,2.5,2.0,2.0,"Nerul, Navi Mumbai"
2020-10-18,174.0,111.5,4.0,3.25,12.0,4.0,"Nerul, Navi Mumbai"
2020-10-19,208.0,106.0,7.0,4.0,1.0,5.0,"Nerul, Navi Mumbai"
2020-10-20,228.0,100.5,5.0,1.0,1.0,5.0,"Nerul, Navi Mumbai"
2020-10-21,234.0,80.0,9.0,3.0,1.0,9.0,"Nerul, Navi Mumbai"
2020-10-22,211.0,80.0,12.0,4.0,1.0,11.0,"Nerul, Navi Mumbai"
2020-10-23,187.0,80.0,5.0,1.0,1.0,6.0,"Nerul, Navi Mumbai"
2020-10-24,218.0,78.5,3.0,1.0,1.0,5.0,"Nerul, Navi Mumbai"
2020-10-25,211.0,69.0,4.0,1.0,1.0,5.0,"Nerul, Navi Mumbai"
2020-10-26,211.0,116.0,9.0,2.0,1.0,8.0,"Nerul, Navi Mumbai"
2020-10-27,113.0,95.0,1.0,2.0,2.0,9.0,"Nerul, Navi Mumbai"
2020-10-28,155.0,102.0,15.0,3.0,1.0,8.0,"Nerul, Navi Mumbai"
2020-10-29,161.0,106.0,3.0,2.0,1.0,9.0,"Nerul, Navi Mumbai"
2020-10-30,157.0,197.0,5.0,1.0,1.0,8.0,"Nerul, Navi Mumbai"
2020-10-31,127.0,175.0,4.0,1.0,1.0,9.0,"Nerul, Navi Mumbai"
2020-11-01,154.0,153.0,6.0,2.0,1.0,11.0,"Nerul, Navi Mumbai"
2020-11-02,167.0,128.0,3.0,2.0,1.0,13.0,"Nerul, Navi Mumbai"
2020-11-03,177.0,140.0,2.0,3.0,1.0,12.0,"Nerul, Navi Mumbai"
2020-11-04,176.0,117.0,1.0,3.0,1.0,12.0,"Nerul, Navi Mumbai"
2020-11-05,168.0,103.0,1.0,3.0,1.0,10.0,"Nerul, Navi Mumbai"
2020-11-06,157.0,107.0,2.0,3.0,1.0,10.0,"Nerul, Navi Mumbai"
2020-11-07,163.0,103.5,3.0,3.0,1.0,9.5,"Nerul, Navi Mumbai"
2020-11-08,159.0,100.0,4.0,3.0,1.0,9.0,"Nerul, Navi Mumbai"
2020-11-09,155.0,110.0,5.0,3.0,1.0,11.0,"Nerul, Navi Mumbai"
2020-11-10,168.0,147.0,7.0,4.0,1.0,11.0,"Nerul, Navi Mumbai"
2020-11-11,201.0,151.0,3.0,5.0,1.0,12.0,"Nerul, Navi Mumbai"
2020-11-12,201.0,133.0,4.0,3.0,1.0,12.0,"Nerul, Navi Mumbai"
2020-11-13,184.0,116.0,6.0,2.0,1.0,9.0,"Nerul, Navi Mumbai"
2020-11-14,184.0,95.0,1.0,1.0,1.0,11.0,"Nerul, Navi Mumbai"
2020-11-15,175.0,102.0,5.0,2.0,1.0,9.0,"Nerul, Navi Mumbai"
2020-11-16,180.0,83.0,1.0,2.0,1.0,9.0,"Nerul, Navi Mumbai"
2020-11-17,142.0,125.0,8.0,2.0,1.0,10.0,"Nerul, Navi Mumbai"
2020-11-18,187.0,128.0,4.0,3.0,1.0,10.0,"Nerul, Navi Mumbai"
2020-11-19,194.0,216.0,11.0,3.0,1.0,10.0,"Nerul, Navi Mumbai"
2020-11-20,186.0,99.0,9.0,3.0,1.0,11.0,"Nerul, Navi Mumbai"
2020-11-21,185.0,113.0,2.0,3.0,1.0,12.0,"Nerul, Navi Mumbai"
2020-11-22,174.0,98.0,5.0,2.0,1.0,11.0,"Nerul, Navi Mumbai"
2020-11-23,141.0,137.0,11.0,3.0,1.0,12.0,"Nerul, Navi Mumbai"
2020-11-24,191.0,132.0,19.0,3.0,10.0,13.0,"Nerul, Navi Mumbai"
2020-11-25,184.0,212.0,17.0,3.0,1.0,10.0,"Nerul, Navi Mumbai"
2020-11-26,209.0,102.0,11.0,2.0,2.0,9.0,"Nerul, Navi Mumbai"
2020-11-27,170.0,98.5,20.0,2.5,1.75,8.25,"Nerul, Navi Mumbai"
2020-11-30,160.25,88.0,47.0,4.0,1.0,6.0,"Nerul, Navi Mumbai"
2020-12-01,157.0,162.0,12.0,3.0,1.0,8.0,"Nerul, Navi Mumbai"
2020-12-02,169.0,223.0,17.0,3.0,2.0,9.0,"Nerul, Navi Mumbai"
2020-12-03,173.0,123.0,11.0,4.0,1.0,9.0,"Nerul, Navi Mumbai"
2020-12-04,174.0,123.0,10.0,5.0,1.0,10.0,"Nerul, Navi Mumbai"
2020-12-05,170.0,111.0,9.0,3.0,1.0,11.0,"Nerul, Navi Mumbai"
2020-12-06,157.0,120.0,17.0,4.0,1.0,9.0,"Nerul, Navi Mumbai"
2020-12-07,165.0,124.0,13.0,3.0,1.0,11.0,"Nerul, Navi Mumbai"
2020-12-08,163.0,122.0,23.0,7.0,1.0,9.0,"Nerul, Navi Mumbai"
2020-12-09,159.0,106.0,24.0,5.0,1.0,8.0,"Nerul, Navi Mumbai"
2020-12-10,160.0,106.0,14.0,4.0,1.0,9.0,"Nerul, Navi Mumbai"
2020-12-11,172.0,98.0,14.0,3.0,1.0,9.0,"Nerul, Navi Mumbai"
2020-12-12,166.0,81.0,14.0,2.0,1.0,8.0,"Nerul, Navi Mumbai"
2020-12-13,158.0,66.0,36.0,2.0,1.0,7.0,"Nerul, Navi Mumbai"
2020-12-14,142.0,104.0,16.0,3.0,6.0,9.0,"Nerul, Navi Mumbai"
2020-12-15,176.0,112.0,16.0,3.0,1.0,10.0,"Nerul, Navi Mumbai"
2020-12-16,184.0,108.0,28.0,4.0,3.6666666666666665,9.0,"Nerul, Navi Mumbai"
2020-12-17,176.0,108.0,22.0,4.0,6.333333333333333,10.0,"Nerul, Navi Mumbai"
2020-12-18,168.0,108.0,19.0,3.0,9.0,10.0,"Nerul, Navi Mumbai"
2020-12-19,171.0,111.0,14.0,2.0,1.0,8.0,"Nerul, Navi Mumbai"
2020-12-20,172.0,137.0,32.0,5.0,1.0,7.0,"Nerul, Navi Mumbai"
2020-12-21,183.0,128.0,44.0,15.0,2.0,9.0,"Nerul, Navi Mumbai"
2020-12-22,168.0,138.0,43.0,19.0,3.0,11.0,"Nerul, Navi Mumbai"
2020-12-23,179.0,142.0,46.0,21.0,3.0,11.0,"Nerul, Navi Mumbai"
2020-12-24,185.0,137.0,48.0,18.0,2.0,11.0,"Nerul, Navi Mumbai"
2020-12-25,184.0,134.0,50.0,17.0,2.0,11.0,"Nerul, Navi Mumbai"
2020-12-26,185.0,145.0,55.0,17.0,3.0,11.0,"Nerul, Navi Mumbai"
2020-12-27,200.0,109.0,50.0,14.0,2.0,7.0,"Nerul, Navi Mumbai"
2020-12-28,155.0,137.0,51.0,20.0,3.0,9.0,"Nerul, Navi Mumbai"
2020-12-29,171.0,157.0,52.0,21.0,3.0,10.0,"Nerul, Navi Mumbai"
2020-12-30,181.0,134.0,47.0,16.0,2.0,10.0,"Nerul, Navi Mumbai"
2020-12-31,185.0,140.0,49.0,15.0,2.0,12.0,"Nerul, Navi Mumbai"
2021-01-01,198.0,153.0,41.0,14.0,1.0,11.0,"Nerul, Navi Mumbai"
2021-01-02,200.0,143.0,62.0,15.0,2.0,11.0,"Nerul, Navi Mumbai"
2021-01-03,205.0,139.0,61.0,19.0,3.0,10.0,"Nerul, Navi Mumbai"
2021-01-04,197.0,148.0,67.0,18.0,3.0,11.0,"Nerul, Navi Mumbai"
2021-01-05,207.0,162.0,63.0,20.0,3.0,12.0,"Nerul, Navi Mumbai"
2021-01-06,222.0,154.0,61.0,20.0,3.0,12.0,"Nerul, Navi Mumbai"
2021-01-07,214.0,108.0,16.0,12.0,1.0,9.0,"Nerul, Navi Mumbai"
2021-01-08,172.0,104.0,18.0,6.0,1.0,9.0,"Nerul, Navi Mumbai"
2021-01-09,173.0,117.0,14.0,5.0,1.0,11.0,"Nerul, Navi Mumbai"
2021-01-10,181.0,126.0,105.0,6.0,11.0,10.0,"Nerul, Navi Mumbai"
2021-01-11,181.0,160.0,121.0,9.0,1.0,9.0,"Nerul, Navi Mumbai"
2021-01-12,208.0,117.0,72.0,10.0,3.0,8.0,"Nerul, Navi Mumbai"
2021-01-13,167.0,191.0,94.0,16.0,5.0,9.0,"Nerul, Navi Mumbai"
2021-01-14,176.0,121.0,80.0,16.0,3.0,8.0,"Nerul, Navi Mumbai"
2021-01-15,161.0,117.0,87.0,16.0,3.0,8.0,"Nerul, Navi Mumbai"
2021-01-16,169.0,119.0,88.0,16.0,4.0,8.0,"Nerul, Navi Mumbai"
2021-01-17,172.0,103.0,80.0,15.0,2.0,8.0,"Nerul, Navi Mumbai"
2021-01-18,155.0,140.0,95.0,19.0,4.0,10.0,"Nerul, Navi Mumbai"
2021-01-19,174.0,126.0,81.0,16.0,4.0,10.0,"Nerul, Navi Mumbai"
2021-01-20,194.0,137.0,90.0,16.0,4.0,10.0,"Nerul, Navi Mumbai"
2021-01-21,176.0,162.0,104.66666666666667,21.0,4.0,11.0,"Nerul, Navi Mumbai"
2021-01-22,208.0,163.0,119.33333333333333,19.0,4.0,13.0,"Nerul, Navi Mumbai"
2021-01-23,204.0,126.0,134.0,14.0,4.0,9.0,"Nerul, Navi Mumbai"
2021-01-24,168.0,156.0,134.0,16.0,5.0,9.0,"Nerul, Navi Mumbai"
2021-01-25,174.0,157.0,122.0,14.0,4.0,10.0,"Nerul, Navi Mumbai"
2021-01-26,182.0,137.0,110.0,15.0,3.0,10.0,"Nerul, Navi Mumbai"
2021-01-27,182.0,165.0,58.0,18.0,4.0,13.0,"Nerul, Navi Mumbai"
2021-01-28,197.0,155.0,56.0,20.0,5.0,11.0,"Nerul, Navi Mumbai"
2021-01-29,186.0,151.0,60.0,19.0,5.0,13.0,"Nerul, Navi Mumbai"
2021-01-30,187.0,139.0,51.0,14.0,6.0,12.0,"Nerul, Navi Mumbai"
2021-01-31,176.0,130.0,46.0,14.0,5.0,11.0,"Nerul, Navi Mumbai"
2021-02-01,180.0,141.0,32.0,10.0,3.0,10.0,"Nerul, Navi Mumbai"
2021-02-02,164.0,141.0,33.0,13.0,4.0,10.0,"Nerul, Navi Mumbai"
2021-02-03,175.0,150.0,34.0,14.0,5.0,12.0,"Nerul, Navi Mumbai"
2021-02-04,178.0,146.0,33.0,12.0,5.0,12.0,"Nerul, Navi Mumbai"
2021-02-05,171.0,108.0,33.0,11.0,6.0,9.0,"Nerul, Navi Mumbai"
2021-02-06,156.0,93.0,33.0,9.0,4.0,8.0,"Nerul, Navi Mumbai"
2021-02-07,149.0,109.0,32.0,11.0,13.0,9.0,"Nerul, Navi Mumbai"
2021-02-08,150.0,129.0,32.0,13.0,5.0,7.0,"Nerul, Navi Mumbai"
2021-02-09,169.0,226.0,67.0,19.0,8.0,10.0,"Nerul, Navi Mumbai"
2021-02-10,262.0,206.0,69.0,17.0,7.0,11.0,"Nerul, Navi Mumbai"
2021-02-11,207.0,202.0,69.0,22.0,7.0,12.0,"Nerul, Navi Mumbai"
2021-02-12,203.0,139.0,56.0,14.0,5.0,10.0,"Nerul, Navi Mumbai"
2021-02-13,172.0,128.0,59.0,10.0,4.0,9.0,"Nerul, Navi Mumbai"
2021-02-14,170.0,161.0,54.0,10.0,3.0,8.0,"Nerul, Navi Mumbai"
2021-02-15,157.0,99.0,49.0,8.0,3.0,4.0,"Nerul, Navi Mumbai"
2021-02-16,151.0,104.0,53.0,7.0,3.0,4.0,"Nerul, Navi Mumbai"
2021-02-17,158.0,132.0,64.0,9.0,3.0,5.0,"Nerul, Navi Mumbai"
2021-02-18,165.0,62.0,60.0,9.0,2.0,3.0,"Nerul, Navi Mumbai"
2021-02-19,129.0,75.0,52.0,8.0,2.0,4.0,"Nerul, Navi Mumbai"
2021-02-20,131.0,80.0,57.0,8.0,4.0,5.0,"Nerul, Navi Mumbai"
2021-02-21,137.0,107.0,62.0,10.0,5.0,7.0,"Nerul, Navi Mumbai"
2021-02-22,155.0,132.0,74.0,12.0,5.0,8.0,"Nerul, Navi Mumbai"
2021-02-23,168.0,149.0,69.0,13.0,5.0,9.0,"Nerul, Navi Mumbai"
2021-02-24,182.0,193.0,60.0,12.0,5.0,9.0,"Nerul, Navi Mumbai"
2021-02-25,161.0,113.0,59.0,10.0,4.0,6.0,"Nerul, Navi Mumbai"
2021-02-26,143.0,119.0,56.0,9.0,3.0,6.0,"Nerul, Navi Mumbai"
2021-02-27,141.0,124.0,70.0,10.0,5.0,8.0,"Nerul, Navi Mumbai"
2021-02-28,158.0,118.0,68.0,11.0,6.0,9.0,"Nerul, Navi Mumbai"
2021-03-01,161.0,184.0,62.0,15.0,5.0,8.0,"Nerul, Navi Mumbai"
2021-03-02,151.0,164.0,76.0,17.0,6.0,10.0,"Nerul, Navi Mumbai"
2021-03-03,172.0,164.0,70.0,17.0,5.0,11.0,"Nerul, Navi Mumbai"
2021-03-04,175.0,153.0,69.0,14.0,6.0,10.0,"Nerul, Navi Mumbai"
2021-03-05,173.0,108.0,59.0,7.0,2.0,7.0,"Nerul, Navi Mumbai"
2021-03-06,150.0,107.0,56.0,6.0,3.0,7.0,"Nerul, Navi Mumbai"
2021-03-07,130.0,126.0,53.0,11.0,6.0,12.0,"Nerul, Navi Mumbai"
2021-03-08,163.0,128.0,66.0,9.0,5.0,9.0,"Nerul, Navi Mumbai"
2021-03-09,151.0,163.0,64.0,13.0,5.0,10.0,"Nerul, Navi Mumbai"
2021-03-10,163.0,113.0,49.0,10.0,4.0,8.0,"Nerul, Navi Mumbai"
2021-03-11,137.0,98.0,57.0,8.0,3.0,7.0,"Nerul, Navi Mumbai"
2021-03-12,128.0,117.0,71.0,10.0,5.0,11.0,"Nerul, Navi Mumbai"
2021-03-13,158.0,183.0,47.0,14.0,8.0,13.0,"Nerul, Navi Mumbai"
2021-03-14,176.0,128.0,63.0,11.0,21.0,8.0,"Nerul, Navi Mumbai"
2021-03-15,154.0,113.0,54.0,10.0,5.0,9.0,"Nerul, Navi Mumbai"
2021-03-16,198.0,113.0,54.0,16.0,5.0,9.0,"Nerul, Navi Mumbai"
2021-03-17,167.0,152.0,53.0,16.0,4.0,9.0,"Nerul, Navi Mumbai"
2021-03-18,193.0,132.0,51.0,12.0,3.0,7.0,"Nerul, Navi Mumbai"
2021-03-19,155.0,135.0,47.0,7.0,1.0,4.0,"Nerul, Navi Mumbai"
2021-03-20,143.0,155.0,54.0,9.0,3.0,7.0,"Nerul, Navi Mumbai"
2021-03-21,156.0,133.0,54.0,9.0,1.0,7.0,"Nerul, Navi Mumbai"
2021-03-22,159.0,127.0,59.0,12.0,2.0,9.0,"Nerul, Navi Mumbai"
2021-03-23,160.0,178.0,68.0,16.0,3.0,11.0,"Nerul, Navi Mumbai"
2021-03-24,173.0,111.0,59.0,16.0,3.0,9.0,"Nerul, Navi Mumbai"
2021-03-25,138.0,138.0,68.0,20.0,6.0,11.0,"Nerul, Navi Mumbai"
2021-03-26,166.0,158.0,68.0,21.0,7.0,13.0,"Nerul, Navi Mumbai"
2021-03-27,170.0,235.0,49.0,13.0,2.0,12.0,"Nerul, Navi Mumbai"
2021-03-28,166.0,88.0,51.0,5.0,1.0,8.0,"Nerul, Navi Mumbai"
2021-03-29,135.0,61.0,42.0,5.0,1.0,5.0,"Nerul, Navi Mumbai"
2021-03-30,71.0,157.0,47.0,8.0,3.0,6.0,"Nerul, Navi Mumbai"
2021-03-31,233.0,154.0,43.0,3.0,2.0,4.0,"Nerul, Navi Mumbai"
2021-04-01,142.0,139.0,45.0,3.0,2.0,3.0,"Nerul, Navi Mumbai"
2021-04-02,136.0,150.0,40.0,1.0,1.0,3.0,"Nerul, Navi Mumbai"
2021-04-03,114.0,100.0,40.0,2.0,1.0,4.0,"Nerul, Navi Mumbai"
2021-04-04,107.0,81.0,39.0,2.0,1.0,5.0,"Nerul, Navi Mumbai"
2021-04-05,99.0,106.0,48.0,6.0,3.0,8.0,"Nerul, Navi Mumbai"
2021-04-06,133.0,98.0,48.0,8.0,3.0,7.0,"Nerul, Navi Mumbai"
2021-04-07,129.0,117.0,41.0,5.0,2.0,6.0,"Nerul, Navi Mumbai"
2021-04-08,115.0,109.0,40.0,3.0,2.0,5.0,"Nerul, Navi Mumbai"
2021-04-09,113.0,109.0,40.0,3.0,2.0,6.0,"Nerul, Navi Mumbai"
2021-04-10,125.0,88.0,43.0,2.0,2.0,6.0,"Nerul, Navi Mumbai"
2021-04-11,120.0,89.0,39.0,3.0,2.0,6.0,"Nerul, Navi Mumbai"
2021-04-12,117.0,109.0,46.0,7.0,3.0,8.0,"Nerul, Navi Mumbai"
2021-04-13,133.0,74.0,41.0,3.0,2.0,6.0,"Nerul, Navi Mumbai"
2021-04-14,112.0,81.0,42.0,4.0,2.0,6.0,"Nerul, Navi Mumbai"
2021-04-15,116.0,97.0,39.0,4.0,2.0,6.0,"Nerul, Navi Mumbai"
2021-04-16,116.0,71.0,39.0,2.0,2.0,6.0,"Nerul, Navi Mumbai"
2021-04-17,100.0,82.0,38.0,2.0,2.0,7.0,"Nerul, Navi Mumbai"
2021-04-18,100.52941176470588,82.0,38.0,1.0,2.0,6.0,"Nerul, Navi Mumbai"
2021-04-19,101.05882352941177,76.0,37.90909090909091,1.0,2.0,5.0,"Nerul, Navi Mumbai"
2021-04-20,101.58823529411765,71.0,37.81818181818182,1.0,2.0,6.0,"Nerul, Navi Mumbai"
2021-04-21,110.0,75.0,37.72727272727273,2.0,2.0,6.0,"Nerul, Navi Mumbai"
2021-04-22,110.0,78.0,24.0,4.0,2.0,7.0,"Nerul, Navi Mumbai"
2021-04-23,110.0,75.0,24.0,4.0,2.0,6.0,"Nerul, Navi Mumbai"
2021-04-24,110.0,77.0,24.0,3.0,2.0,7.0,"Nerul, Navi Mumbai"
2021-04-25,110.0,103.0,24.0,2.0,2.0,6.0,"Nerul, Navi Mumbai"
2021-04-26,110.0,129.0,24.0,2.0,2.0,6.0,"Nerul, Navi Mumbai"
2021-04-27,110.0,100.0,24.0,3.0,2.0,6.0,"Nerul, Navi Mumbai"
2021-04-28,110.0,78.0,24.0,3.0,2.0,6.0,"Nerul, Navi Mumbai"
2021-04-29,110.0,70.0,37.0,5.0,6.0,6.0,"Nerul, Navi Mumbai"
2021-04-30,110.0,70.0,38.0,5.0,5.0,7.0,"Nerul, Navi Mumbai"
2021-05-01,83.0,71.0,40.0,4.0,6.0,7.0,"Nerul, Navi Mumbai"
2021-05-03,83.0,78.0,41.333333333333336,3.0,5.0,6.0,"Nerul, Navi Mumbai"
2021-05-04,109.0,75.0,42.0,2.888888888888889,5.0,6.0,"Nerul, Navi Mumbai"
2021-05-05,94.0,73.6774193548387,41.41379310344828,2.7777777777777777,6.0,6.294117647058823,"Nerul, Navi Mumbai"
2021-05-21,132.70967741935485,52.516129032258064,32.03448275862069,1.0,22.0,11.0,"Nerul, Navi Mumbai"
2021-05-22,135.1290322580645,51.19354838709677,31.448275862068968,1.0434782608695652,21.6875,10.571428571428571,"Nerul, Navi Mumbai"
2021-06-04,166.5806451612903,34.0,5.0,1.608695652173913,17.625,5.0,"Nerul, Navi Mumbai"
2021-06-05,169.0,100.0,5.0,1.6521739130434783,17.3125,3.5,"Nerul, Navi Mumbai"
2021-06-06,111.5,166.0,5.0,5.0,17.0,2.0,"Nerul, Navi Mumbai"
2021-06-07,54.0,202.0,5.0,5.0,1.0,3.0,"Nerul, Navi Mumbai"
2021-06-08,62.0,150.0,5.0,5.0,1.0,3.0,"Nerul, Navi Mumbai"
2021-06-09,80.0,107.0,5.0,5.0,1.0,3.0,"Nerul, Navi Mumbai"
2021-06-10,44.0,222.0,5.0,5.0,12.0,4.0,"Nerul, Navi Mumbai"
2021-06-11,43.0,113.0,5.0,5.0,11.476190476190476,2.0,"Nerul, Navi Mumbai"
2021-06-12,73.0,115.0,5.0,5.0,10.952380952380953,1.0,"Nerul, Navi Mumbai"
2021-06-13,132.0,241.0,5.0,2.0,10.428571428571429,1.0,"Nerul, Navi Mumbai"
2021-06-14,195.0,191.0,5.0,1.0,5.5,1.0,"Nerul, Navi Mumbai"
2021-06-15,115.0,65.0,5.0,1.0,5.5,2.0,"Nerul, Navi Mumbai"
2021-06-16,47.0,81.0,5.0,1.0,5.5,2.0,"Nerul, Navi Mumbai"
2021-06-17,90.0,111.0,5.0,1.0,5.5,2.0,"Nerul, Navi Mumbai"
2021-06-18,118.0,204.0,5.0,1.0,5.5,2.0,"Nerul, Navi Mumbai"
2021-06-19,88.0,48.5,5.0,1.0,5.5,1.0,"Nerul, Navi Mumbai"
2021-06-20,118.0,48.5,5.0,1.0,5.5,2.0,"Nerul, Navi Mumbai"
2021-06-21,101.0,214.0,5.0,1.0,5.5,2.0,"Nerul, Navi Mumbai"
2021-06-22,79.0,152.0,5.0,1.0,5.5,2.0,"Nerul, Navi Mumbai"
2021-06-23,94.0,138.0,5.0,1.0,5.5,2.0,"Nerul, Navi Mumbai"
2021-06-24,76.0,134.0,5.0,1.0,5.5,3.0,"Nerul, Navi Mumbai"
2021-06-25,133.0,118.0,5.0,1.0,5.5,2.0,"Nerul, Navi Mumbai"
2021-06-26,59.0,175.0,5.0,1.0,5.5,3.0,"Nerul, Navi Mumbai"
2021-06-27,60.0,221.0,5.0,1.0,5.5,4.0,"Nerul, Navi Mumbai"
2021-06-28,77.0,147.0,5.0,1.0,5.5,2.0,"Nerul, Navi Mumbai"
2021-06-29,65.0,186.0,5.0,1.0,5.5,3.0,"Nerul, Navi Mumbai"
2021-06-30,53.0,116.0,5.0,1.0,5.5,3.0,"Nerul, Navi Mumbai"
2021-07-01,72.0,103.0,8.0,1.0,1.0,4.0,"Nerul, Navi Mumbai"
2021-07-02,75.0,239.0,7.5,1.0,1.0,4.0,"Nerul, Navi Mumbai"
2021-07-03,80.0,38.0,7.0,1.0,1.0,4.0,"Nerul, Navi Mumbai"
2021-07-04,100.0,177.0,6.5,5.0,1.0,5.0,"Nerul, Navi Mumbai"
2021-07-05,78.0,207.0,6.0,5.0,1.0,5.0,"Nerul, Navi Mumbai"
2021-07-06,146.0,173.2,6.0,5.0,1.0,4.0,"Nerul, Navi Mumbai"
2021-07-07,72.0,139.39999999999998,5.0,1.0,1.0,4.0,"Nerul, Navi Mumbai"
2021-07-08,210.0,105.6,15.0,1.0,1.0,4.0,"Nerul, Navi Mumbai"
2021-07-09,202.23076923076923,39.0,16.0,1.0,1.0,4.0,"Nerul, Navi Mumbai"
2021-07-10,194.46153846153845,38.0,16.0,1.0,1.0,4.0,"Nerul, Navi Mumbai"
2021-07-11,186.69230769230768,38.0,75.0,5.0,11.0,3.0,"Nerul, Navi Mumbai"
2021-07-12,53.0,38.0,50.33333333333333,1.0,10.1,1.0,"Nerul, Navi Mumbai"
2021-07-13,53.0,38.0,25.666666666666664,1.0,9.2,1.0,"Nerul, Navi Mumbai"
2021-07-14,53.0,38.0,1.0,1.0,8.3,2.0,"Nerul, Navi Mumbai"
2021-07-15,53.0,39.0,1.1428571428571428,1.0,5.0,2.0,"Nerul, Navi Mumbai"
2021-07-16,53.0,39.0,1.2857142857142856,5.0,5.0,2.0,"Nerul, Navi Mumbai"
2021-07-17,53.0,39.0,1.4285714285714286,5.0,5.0,2.0,"Nerul, Navi Mumbai"
2021-07-18,53.0,39.0,6.0,5.0,5.0,1.0,"Nerul, Navi Mumbai"
2021-07-19,53.0,39.0,6.0,5.0,5.0,1.0,"Nerul, Navi Mumbai"
2021-07-20,53.0,38.0,6.0,5.0,5.0,1.0,"Nerul, Navi Mumbai"
2021-07-21,109.0,93.0,2.0,1.0,2.0,2.0,"Nerul, Navi Mumbai"
2021-07-22,80.0,121.0,1.8,1.2,3.0,2.0,"Nerul, Navi Mumbai"
2021-07-23,108.0,48.0,1.6,1.4,2.0,1.0,"Nerul, Navi Mumbai"
2021-07-24,55.0,41.0,1.4,1.6,3.0,1.0,"Nerul, Navi Mumbai"
2021-07-25,51.0,49.0,6.0,5.0,3.0,2.0,"Nerul, Navi Mumbai"
2021-07-26,57.0,42.0,1.0,2.0,3.0,2.0,"Nerul, Navi Mumbai"
2021-07-27,45.0,40.0,1.1764705882352942,1.9411764705882353,3.0,2.0,"Nerul, Navi Mumbai"
2021-07-28,52.0,84.0,1.3529411764705883,1.8823529411764706,3.0,2.0,"Nerul, Navi Mumbai"
2021-07-29,93.0,91.0,1.5294117647058822,1.8235294117647058,3.0,2.0,"Nerul, Navi Mumbai"
2021-07-30,98.0,43.0,6.0,5.0,2.0,2.0,"Nerul, Navi Mumbai"
2021-07-31,52.0,39.0,6.0,5.0,3.0,2.0,"Nerul, Navi Mumbai"
2021-08-01,47.0,39.0,7.0,4.0,3.0,2.0,"Nerul, Navi Mumbai"
2021-08-02,49.0,30.0,7.0,4.0,3.0,2.0,"Nerul, Navi Mumbai"
2021-08-03,46.0,41.0,7.0,4.0,3.0,2.0,"Nerul, Navi Mumbai"
2021-08-04,50.0,52.0,7.0,4.0,3.0,2.0,"Nerul, Navi Mumbai"
2021-08-05,55.0,53.0,7.0,4.0,3.0,2.5,"Nerul, Navi Mumbai"
2021-08-06,92.0,54.0,7.0,4.0,3.0,3.0,"Nerul, Navi Mumbai"
2021-08-07,64.0,59.0,7.0,4.0,3.0,3.0,"Nerul, Navi Mumbai"
2021-08-08,71.0,57.0,7.0,4.0,3.0,3.0,"Nerul, Navi Mumbai"
2021-08-09,67.0,58.0,7.0,4.0,3.0,3.0,"Nerul, Navi Mumbai"
2021-08-10,65.0,50.0,7.0,4.0,3.0,4.0,"Nerul, Navi Mumbai"
2021-08-11,65.0,50.0,7.0,4.0,3.0,4.0,"Nerul, Navi Mumbai"
2021-08-12,66.0,45.0,4.0,1.0,3.0,4.0,"Nerul, Navi Mumbai"
2021-08-13,59.0,34.0,4.083333333333333,1.0,3.0,4.0,"Nerul, Navi Mumbai"
2021-08-14,53.0,23.0,4.166666666666667,1.0,3.0,4.0,"Nerul, Navi Mumbai"
2021-08-15,52.0,41.0,4.25,1.0,3.0,6.0,"Nerul, Navi Mumbai"
2021-08-16,83.0,38.0,7.0,4.0,3.0,5.0,"Nerul, Navi Mumbai"
2021-08-17,60.0,34.0,7.0,4.0,3.0,5.0,"Nerul, Navi Mumbai"
2021-08-18,62.0,35.0,7.0,4.0,4.0,6.0,"Nerul, Navi Mumbai"
2021-08-19,61.0,31.0,7.0,4.0,4.0,5.0,"Nerul, Navi Mumbai"
2021-08-20,83.0,23.0,7.0,4.0,3.0,4.0,"Nerul, Navi Mumbai"
2021-08-21,41.0,52.0,7.0,4.0,3.0,5.0,"Nerul, Navi Mumbai"
2021-08-22,63.0,45.0,7.0,4.0,4.0,4.0,"Nerul, Navi Mumbai"
2021-08-23,53.0,53.0,7.0,4.0,4.0,4.0,"Nerul, Navi Mumbai"
2021-08-24,54.0,57.0,7.0,4.0,4.0,4.0,"Nerul, Navi Mumbai"
2021-08-25,51.0,57.0,7.0,4.0,4.0,5.0,"Nerul, Navi Mumbai"
2021-08-26,52.0,53.0,7.0,4.0,4.0,5.0,"Nerul, Navi Mumbai"
2021-08-27,58.0,73.0,7.0,4.0,5.0,5.0,"Nerul, Navi Mumbai"
2021-08-28,73.0,67.0,7.0,4.0,4.0,4.0,"Nerul, Navi Mumbai"
2021-08-29,75.0,61.0,7.0,4.0,4.0,6.0,"Nerul, Navi Mumbai"
2021-08-30,85.0,29.0,7.0,4.0,4.0,5.0,"Nerul, Navi Mumbai"
2021-08-31,54.0,21.0,7.0,4.0,4.0,5.0,"Nerul, Navi Mumbai"
2021-09-01,46.0,27.0,8.0,6.0,4.0,5.0,"Nerul, Navi Mumbai"
2021-09-02,43.0,28.0,8.0,6.0,4.0,5.0,"Nerul, Navi Mumbai"
2021-09-03,51.0,27.0,8.0,6.0,4.0,5.0,"Nerul, Navi Mumbai"
2021-09-04,54.0,33.0,8.0,6.0,4.0,5.0,"Nerul, Navi Mumbai"
2021-09-05,61.0,36.0,8.0,6.0,4.0,6.0,"Nerul, Navi Mumbai"
2021-09-06,57.0,39.0,8.0,6.0,4.0,6.0,"Nerul, Navi Mumbai"
2021-09-07,67.0,18.0,8.0,1.0,4.0,5.0,"Nerul, Navi Mumbai"
2021-09-08,41.0,24.0,8.0,1.0,4.0,4.0,"Nerul, Navi Mumbai"
2021-09-09,36.0,28.0,8.0,1.0,4.0,3.0,"Nerul, Navi Mumbai"
2021-09-10,47.0,22.0,8.0,1.0,4.0,4.0,"Nerul, Navi Mumbai"
2021-09-11,37.0,15.0,8.0,6.0,5.0,4.0,"Nerul, Navi Mumbai"
2021-09-12,35.0,36.0,8.0,1.0,5.0,4.0,"Nerul, Navi Mumbai"
2021-09-13,48.0,62.0,8.0,1.0,6.0,4.0,"Nerul, Navi Mumbai"
2021-09-14,67.0,60.0,8.0,1.0,6.0,4.0,"Nerul, Navi Mumbai"
2021-09-15,63.0,105.0,8.0,1.0,6.0,5.0,"Nerul, Navi Mumbai"
2021-09-16,102.0,62.0,8.0,1.0,6.0,5.0,"Nerul, Navi Mumbai"
2021-09-17,66.0,53.0,8.0,6.0,5.0,5.0,"Nerul, Navi Mumbai"
2021-09-18,58.0,28.0,8.0,6.0,5.0,5.0,"Nerul, Navi Mumbai"
2021-09-19,44.0,22.0,8.0,6.0,5.0,6.0,"Nerul, Navi Mumbai"
2021-09-20,43.0,24.0,8.0,6.0,5.0,6.0,"Nerul, Navi Mumbai"
2021-09-21,50.0,30.0,8.0,6.0,6.0,7.0,"Nerul, Navi Mumbai"
2021-09-22,66.0,46.0,8.0,6.0,6.0,9.0,"Nerul, Navi Mumbai"
2021-09-23,80.0,49.0,8.0,6.0,6.0,8.0,"Nerul, Navi Mumbai"
2021-09-24,66.0,202.0,8.0,6.0,6.0,8.0,"Nerul, Navi Mumbai"
2021-09-25,63.333333333333336,168.6,8.0,6.0,6.0,8.0,"Nerul, Navi Mumbai"
2021-09-26,60.666666666666664,135.2,8.0,6.0,6.0,8.0,"Nerul, Navi Mumbai"
2021-09-27,58.0,101.8,8.0,6.0,7.0,7.0,"Nerul, Navi Mumbai"
2021-09-28,59.0,42.0,8.0,6.0,6.0,6.0,"Nerul, Navi Mumbai"
2021-09-29,59.0,35.0,8.0,6.0,6.0,6.0,"Nerul, Navi Mumbai"
2021-09-30,50.0,90.0,8.0,6.0,6.0,7.0,"Nerul, Navi Mumbai"
2021-10-01,105.0,81.0,9.0,5.0,6.0,10.0,"Nerul, Navi Mumbai"
2021-10-02,120.0,67.0,9.0,1.0,6.0,9.0,"Nerul, Navi Mumbai"
2021-10-03,123.0,79.0,9.0,1.0,6.0,9.0,"Nerul, Navi Mumbai"
2021-10-04,129.0,59.0,9.0,1.0,6.0,8.0,"Nerul, Navi Mumbai"
2021-10-05,131.0,51.0,9.0,2.0,6.0,8.0,"Nerul, Navi Mumbai"
2021-10-06,94.0,49.0,9.0,2.0,12.5,4.0,"Nerul, Navi Mumbai"
2021-10-07,91.0,84.0,9.0,2.0,19.0,3.0,"Nerul, Navi Mumbai"
2021-10-08,108.0,37.0,9.0,1.75,13.0,3.0,"Nerul, Navi Mumbai"
2021-10-09,60.0,48.0,9.0,1.5,13.0,3.0,"Nerul, Navi Mumbai"
2021-10-10,76.0,63.0,9.0,1.25,14.0,5.0,"Nerul, Navi Mumbai"
2021-10-11,117.0,106.0,9.0,1.0,13.0,6.0,"Nerul, Navi Mumbai"
2021-10-12,164.0,82.0,10.880952380952381,1.0,13.0,7.0,"Nerul, Navi Mumbai"
2021-10-13,147.0,102.0,12.761904761904763,2.333333333333333,13.0,9.0,"Nerul, Navi Mumbai"
2021-10-14,164.0,108.0,14.642857142857142,3.6666666666666665,13.0,9.0,"Nerul, Navi Mumbai"
2021-10-15,160.0,111.0,9.0,5.0,13.0,7.0,"Nerul, Navi Mumbai"
2021-10-16,149.0,125.0,9.0,3.0,13.0,8.0,"Nerul, Navi Mumbai"
2021-10-17,159.0,100.0,9.0,2.0,13.0,5.0,"Nerul, Navi Mumbai"
2021-10-18,113.0,82.0,9.0,2.0,12.0,5.0,"Nerul, Navi Mumbai"
2021-10-19,109.0,85.0,9.0,1.0,12.0,6.0,"Nerul, Navi Mumbai"
2021-10-20,125.0,98.0,9.0,3.0,12.0,7.0,"Nerul, Navi Mumbai"
2021-10-21,154.0,103.0,9.0,3.0,13.0,10.0,"Nerul, Navi Mumbai"
2021-10-22,151.0,97.0,9.0,1.0,13.0,8.0,"Nerul, Navi Mumbai"
2021-10-23,138.0,67.0,9.0,1.0,12.0,6.0,"Nerul, Navi Mumbai"
2021-10-24,104.0,59.0,9.0,1.0,12.0,5.0,"Nerul, Navi Mumbai"
2021-10-25,86.0,86.0,9.0,2.0,13.0,6.0,"Nerul, Navi Mumbai"
2021-10-26,134.0,94.0,9.0,3.0,13.0,8.0,"Nerul, Navi Mumbai"
2021-10-27,142.0,104.0,9.0,3.0,13.0,9.0,"Nerul, Navi Mumbai"
2021-10-28,162.0,128.0,9.0,4.0,13.0,7.0,"Nerul, Navi Mumbai"
2021-10-29,167.0,127.0,9.0,4.0,13.0,7.0,"Nerul, Navi Mumbai"
2021-10-30,166.0,110.0,9.0,5.0,13.0,9.0,"Nerul, Navi Mumbai"
2021-10-31,162.0,175.0,9.0,5.0,13.0,11.0,"Nerul, Navi Mumbai"
2021-11-01,207.0,179.0,13.0,4.0,13.0,9.0,"Nerul, Navi Mumbai"
2021-11-02,206.0,153.0,13.0,4.0,13.0,11.0,"Nerul, Navi Mumbai"
2021-11-03,203.0,105.0,13.0,4.0,13.0,9.0,"Nerul, Navi Mumbai"
2021-11-04,173.0,135.0,13.0,2.0,13.0,9.0,"Nerul, Navi Mumbai"
2021-11-05,201.0,68.0,13.0,2.0,13.0,7.0,"Nerul, Navi Mumbai"
2021-11-06,139.0,75.0,13.0,2.0,13.0,7.0,"Nerul, Navi Mumbai"
2021-11-07,152.0,131.0,13.0,5.0,13.0,10.0,"Nerul, Navi Mumbai"
2021-11-08,200.0,213.0,13.0,5.0,13.0,11.0,"Nerul, Navi Mumbai"
2021-11-09,247.0,155.0,13.0,6.0,14.0,12.0,"Nerul, Navi Mumbai"
2021-11-10,199.0,131.0,13.0,9.0,14.0,14.0,"Nerul, Navi Mumbai"
2021-11-11,183.0,142.0,13.0,9.0,14.0,13.0,"Nerul, Navi Mumbai"
2021-11-12,196.0,168.0,13.0,9.0,14.0,13.0,"Nerul, Navi Mumbai"
2021-11-13,177.0,120.0,13.0,6.0,13.0,14.0,"Nerul, Navi Mumbai"
2021-11-14,184.0,206.0,13.0,6.0,14.0,13.0,"Nerul, Navi Mumbai"
2021-11-15,177.0,209.0,13.0,7.0,20.0,9.0,"Nerul, Navi Mumbai"
2021-11-16,211.0,108.0,13.0,27.0,22.0,7.0,"Nerul, Navi Mumbai"
2021-11-17,155.0,177.0,13.0,3.0,13.0,6.0,"Nerul, Navi Mumbai"
2021-11-18,101.0,71.0,13.0,4.0,5.0,8.0,"Nerul, Navi Mumbai"
2021-11-19,141.0,82.0,13.0,4.0,5.0,8.0,"Nerul, Navi Mumbai"
2021-11-20,131.0,33.0,13.0,4.0,5.0,5.0,"Nerul, Navi Mumbai"
2021-11-21,59.0,51.0,13.0,4.0,5.0,7.0,"Nerul, Navi Mumbai"
2021-11-22,93.0,56.0,88.0,7.0,4.0,8.0,"Nerul, Navi Mumbai"
2021-11-23,96.0,157.0,112.0,6.0,5.0,10.0,"Nerul, Navi Mumbai"
2021-11-24,209.0,94.0,113.0,6.0,4.0,10.0,"Nerul, Navi Mumbai"
2021-11-25,165.0,91.0,114.0,9.0,4.0,10.0,"Nerul, Navi Mumbai"
2021-11-26,162.0,104.0,103.0,9.0,4.0,12.0,"Nerul, Navi Mumbai"
2021-11-27,163.0,105.0,70.0,9.0,4.0,13.0,"Nerul, Navi Mumbai"
2021-11-28,168.0,97.0,59.0,9.0,4.0,11.0,"Nerul, Navi Mumbai"
2021-11-29,162.0,97.0,83.0,8.0,4.0,12.0,"Nerul, Navi Mumbai"
2021-11-30,165.0,73.0,82.0,7.0,4.0,11.0,"Nerul, Navi Mumbai"
2021-12-01,153.0,51.0,84.0,6.0,4.0,9.0,"Nerul, Navi Mumbai"
2021-12-02,155.0,73.0,85.0,5.0,4.0,12.0,"Nerul, Navi Mumbai"
2021-12-03,145.0,83.0,84.0,5.0,4.0,12.0,"Nerul, Navi Mumbai"
2021-12-04,136.0,76.0,86.0,4.0,4.0,12.0,"Nerul, Navi Mumbai"
2021-12-05,125.0,93.0,85.0,5.0,4.0,12.0,"Nerul, Navi Mumbai"
2021-12-06,161.0,123.0,84.0,7.0,4.0,13.0,"Nerul, Navi Mumbai"
2021-12-07,179.0,153.0,86.0,7.0,4.0,14.0,"Nerul, Navi Mumbai"
2021-12-08,207.0,113.0,85.0,6.0,4.0,13.0,"Nerul, Navi Mumbai"
2021-12-09,182.0,88.0,71.0,6.0,4.0,11.0,"Nerul, Navi Mumbai"
2021-12-10,161.0,99.5,47.0,6.0,4.0,12.5,"Nerul, Navi Mumbai"
2021-12-11,168.0,111.0,23.0,6.0,4.0,14.0,"Nerul, Navi Mumbai"
2021-12-12,172.0,106.0,21.0,7.0,4.0,13.0,"Nerul, Navi Mumbai"
2021-12-13,169.0,107.0,21.0,8.0,5.0,12.0,"Nerul, Navi Mumbai"
2021-12-14,161.0,124.0,19.0,9.0,4.0,14.0,"Nerul, Navi Mumbai"
2021-12-15,181.0,152.0,19.0,9.0,4.0,16.0,"Nerul, Navi Mumbai"
2021-12-16,206.0,139.0,19.0,10.0,4.0,16.0,"Nerul, Navi Mumbai"
2021-12-17,195.0,139.0,19.0,9.0,5.0,16.0,"Nerul, Navi Mumbai"
2021-12-18,202.0,122.0,20.0,8.0,4.0,15.0,"Nerul, Navi Mumbai"
2021-12-19,185.0,157.0,18.0,8.0,5.0,15.0,"Nerul, Navi Mumbai"
2021-12-20,211.0,137.0,18.0,9.0,5.0,15.0,"Nerul, Navi Mumbai"
2021-12-21,192.0,153.0,19.0,12.0,5.0,17.0,"Nerul, Navi Mumbai"
2021-12-22,208.0,149.0,18.0,10.0,5.0,18.0,"Nerul, Navi Mumbai"
2021-12-23,202.0,132.0,17.5,9.0,5.0,15.0,"Nerul, Navi Mumbai"
2021-12-24,188.0,115.0,17.0,8.0,5.0,12.0,"Nerul, Navi Mumbai"
2021-12-25,174.0,119.0,16.0,8.0,5.0,14.0,"Nerul, Navi Mumbai"
2021-12-26,181.0,132.0,19.0,7.0,5.0,15.0,"Nerul, Navi Mumbai"
2021-12-27,192.0,132.0,16.0,10.0,5.0,15.0,"Nerul, Navi Mumbai"
2021-12-28,176.0,92.0,15.0,7.0,5.0,12.0,"Nerul, Navi Mumbai"
2021-12-29,146.0,105.0,15.0,7.0,5.0,12.0,"Nerul, Navi Mumbai"
2021-12-30,169.0,103.0,15.0,6.0,5.0,13.0,"Nerul, Navi Mumbai"
2021-12-31,168.0,115.0,17.0,7.0,5.0,14.0,"Nerul, Navi Mumbai"
2022-01-01,168.0,108.0,16.0,6.0,5.0,15.0,"Nerul, Navi Mumbai"
2022-01-02,171.0,117.0,17.0,8.0,5.0,15.0,"Nerul, Navi Mumbai"
2022-01-03,175.0,131.0,17.0,8.0,5.0,16.0,"Nerul, Navi Mumbai"
2022-01-04,182.0,139.0,19.0,10.0,5.0,16.0,"Nerul, Navi Mumbai"
2022-01-05,189.0,130.0,19.0,7.0,5.0,16.0,"Nerul, Navi Mumbai"
2022-01-06,187.0,111.0,16.0,7.0,5.0,13.0,"Nerul, Navi Mumbai"
2022-01-07,176.0,85.0,16.0,6.0,5.0,13.0,"Nerul, Navi Mumbai"
2022-01-08,156.0,61.0,18.0,4.0,5.0,10.0,"Nerul, Navi Mumbai"
2022-01-09,107.0,68.0,14.0,6.0,6.0,10.0,"Nerul, Navi Mumbai"
2022-01-10,132.0,98.0,15.0,8.0,6.0,13.0,"Nerul, Navi Mumbai"
2022-01-11,161.0,163.0,14.0,8.0,6.0,13.0,"Nerul, Navi Mumbai"
2022-01-12,164.0,153.8,14.0,7.0,6.0,14.0,"Nerul, Navi Mumbai"
2022-01-13,176.0,144.6,16.0,9.0,6.0,15.0,"Nerul, Navi Mumbai"
2022-01-14,187.0,135.4,16.0,8.0,6.0,15.0,"Nerul, Navi Mumbai"
2022-01-15,172.0,115.0,17.0,7.0,7.0,14.0,"Nerul, Navi Mumbai"
2022-01-16,167.0,117.0,18.0,7.0,7.0,15.0,"Nerul, Navi Mumbai"
2022-01-17,189.0,122.0,17.0,8.0,7.0,15.0,"Nerul, Navi Mumbai"
2022-01-18,169.0,111.0,19.0,10.0,8.0,15.0,"Nerul, Navi Mumbai"
2022-01-19,173.0,96.0,22.0,11.0,8.0,16.0,"Nerul, Navi Mumbai"
2022-01-20,166.0,106.0,20.0,9.0,8.0,15.0,"Nerul, Navi Mumbai"
2022-01-21,141.0,131.0,19.0,4.0,8.0,12.0,"Nerul, Navi Mumbai"
2022-01-22,103.0,121.0,14.0,4.0,8.0,10.0,"Nerul, Navi Mumbai"
2022-01-23,199.0,111.0,14.0,5.0,8.0,11.0,"Nerul, Navi Mumbai"
2022-01-24,169.0,180.0,14.0,8.0,8.0,12.0,"Nerul, Navi Mumbai"
2022-01-25,166.0,199.0,14.0,8.0,9.0,14.0,"Nerul, Navi Mumbai"
2022-01-26,166.0,220.0,14.0,10.0,9.0,16.0,"Nerul, Navi Mumbai"
2022-01-27,162.0,126.0,17.0,11.0,10.0,14.0,"Nerul, Navi Mumbai"
2022-01-28,150.0,123.0,16.0,10.0,11.0,15.0,"Nerul, Navi Mumbai"
2022-01-29,158.0,142.0,20.0,11.0,13.0,17.0,"Nerul, Navi Mumbai"
2022-01-30,171.0,130.0,20.0,11.0,14.0,18.0,"Nerul, Navi Mumbai"
2022-01-31,170.0,151.0,24.0,11.0,15.0,18.0,"Nerul, Navi Mumbai"
2022-02-01,177.0,152.0,26.0,10.0,13.0,19.0,"Nerul, Navi Mumbai"
2022-02-02,183.0,133.0,23.0,7.0,15.0,14.0,"Nerul, Navi Mumbai"
2022-02-03,146.0,147.0,20.0,6.0,15.0,12.0,"Nerul, Navi Mumbai"
2022-02-04,147.0,246.0,20.0,10.0,17.0,15.0,"Nerul, Navi Mumbai"
2022-02-05,173.0,232.0,21.0,9.0,18.0,17.0,"Nerul, Navi Mumbai"
2022-02-06,181.0,131.0,15.0,7.0,19.0,15.0,"Nerul, Navi Mumbai"
2022-02-07,158.0,140.0,18.0,7.0,21.0,13.0,"Nerul, Navi Mumbai"
2022-02-08,164.0,99.0,20.0,7.0,22.0,13.0,"Nerul, Navi Mumbai"
2022-02-09,141.0,105.0,21.0,7.0,24.0,14.0,"Nerul, Navi Mumbai"
2022-02-10,351.0,186.0,21.0,8.0,20.4,16.0,"Nerul, Navi Mumbai"
2022-02-11,151.0,166.0,20.0,9.0,16.8,16.0,"Nerul, Navi Mumbai"
2022-02-12,162.0,168.0,25.0,8.0,13.2,18.0,"Nerul, Navi Mumbai"
2022-02-13,172.0,118.0,17.0,7.0,6.0,17.0,"Nerul, Navi Mumbai"
2022-02-14,150.0,115.0,21.0,7.0,6.0,16.0,"Nerul, Navi Mumbai"
2022-02-15,123.0,152.0,23.0,5.0,4.5,14.0,"Nerul, Navi Mumbai"
2022-02-16,110.0,130.0,23.0,5.0,3.0,14.0,"Nerul, Navi Mumbai"
2022-02-17,119.0,109.0,28.0,6.0,5.0,14.0,"Nerul, Navi Mumbai"
2022-02-18,131.0,195.0,30.0,8.0,5.0,18.0,"Nerul, Navi Mumbai"
2022-02-19,166.0,148.0,24.0,5.0,5.0,17.0,"Nerul, Navi Mumbai"
2022-02-20,160.0,136.0,25.0,6.0,5.0,18.0,"Nerul, Navi Mumbai"
2022-02-21,160.0,110.0,21.0,8.0,5.0,18.0,"Nerul, Navi Mumbai"
2022-02-22,161.0,122.0,23.0,7.0,6.0,18.0,"Nerul, Navi Mumbai"
2022-02-23,154.0,245.0,38.0,5.0,6.0,21.0,"Nerul, Navi Mumbai"
2022-02-24,175.0,175.0,34.0,5.0,6.0,22.0,"Nerul, Navi Mumbai"
2022-02-25,176.0,183.0,32.0,6.0,6.0,20.0,"Nerul, Navi Mumbai"
2022-02-26,169.0,266.0,48.0,4.0,7.0,22.0,"Nerul, Navi Mumbai"
2022-02-27,169.0,131.0,34.0,7.0,6.0,20.0,"Nerul, Navi Mumbai"
2022-02-28,171.0,279.0,44.0,5.0,6.0,20.666666666666668,"Nerul, Navi Mumbai"
2022-03-01,172.0,155.0,45.0,7.0,6.0,21.333333333333332,"Nerul, Navi Mumbai"
2022-03-02,185.0,184.0,52.0,5.0,6.0,22.0,"Nerul, Navi Mumbai"
2022-03-03,171.0,133.0,47.0,4.0,6.0,18.0,"Nerul, Navi Mumbai"
2022-03-04,142.0,188.0,57.0,7.0,6.0,21.0,"Nerul, Navi Mumbai"
2022-03-05,169.0,202.0,77.0,5.0,6.0,22.0,"Nerul, Navi Mumbai"
2022-03-06,172.0,209.0,98.0,7.0,16.0,17.0,"Nerul, Navi Mumbai"
2022-03-07,209.0,216.0,28.0,12.0,21.0,9.0,"Nerul, Navi Mumbai"
2022-03-08,207.0,223.0,26.0,13.0,22.5,10.0,"Nerul, Navi Mumbai"
2022-03-09,178.0,230.0,19.0,12.0,24.0,10.0,"Nerul, Navi Mumbai"
2022-03-10,174.0,111.5,17.0,10.0,24.0,10.0,"Nerul, Navi Mumbai"
2022-03-11,175.0,111.5,17.0,9.0,24.0,8.0,"Nerul, Navi Mumbai"
2022-03-12,174.0,234.0,19.0,10.0,23.0,10.0,"Nerul, Navi Mumbai"
2022-03-13,182.0,152.0,19.0,8.0,23.25,7.0,"Nerul, Navi Mumbai"
2022-03-14,123.0,111.5,24.0,7.0,23.5,12.0,"Nerul, Navi Mumbai"
2022-03-15,242.0,111.5,25.0,5.0,23.75,12.0,"Nerul, Navi Mumbai"
2022-03-16,174.0,205.0,27.0,8.0,24.0,13.0,"Nerul, Navi Mumbai"
2022-03-17,177.0,133.0,29.0,6.0,24.0,10.0,"Nerul, Navi Mumbai"
2022-03-18,169.0,127.0,28.0,7.0,23.5,5.0,"Nerul, Navi Mumbai"
2022-03-19,150.0,125.0,44.0,6.0,23.0,6.0,"Nerul, Navi Mumbai"
2022-03-20,126.0,134.0,70.0,3.0,23.0,6.0,"Nerul, Navi Mumbai"
2022-03-21,140.0,219.0,84.0,7.0,22.0,9.0,"Nerul, Navi Mumbai"
2022-03-22,168.0,198.0,85.0,7.0,22.0,10.0,"Nerul, Navi Mumbai"
2022-03-23,163.0,147.0,99.0,6.0,22.0,8.0,"Nerul, Navi Mumbai"
2022-03-24,160.0,131.0,115.0,6.0,22.0,6.0,"Nerul, Navi Mumbai"
2022-03-25,133.0,113.0,101.0,6.0,14.0,6.0,"Nerul, Navi Mumbai"
2022-03-26,118.0,123.0,97.0,5.0,4.0,6.0,"Nerul, Navi Mumbai"
2022-03-27,127.0,107.0,109.0,7.0,8.0,6.0,"Nerul, Navi Mumbai"
2022-03-28,128.0,124.0,94.0,4.0,3.0,7.0,"Nerul, Navi Mumbai"
2022-03-29,144.0,133.0,89.0,4.0,3.0,6.0,"Nerul, Navi Mumbai"
2022-03-30,131.0,166.0,93.0,4.0,3.0,7.0,"Nerul, Navi Mumbai"
2022-03-31,129.0,189.0,98.0,3.0,2.0,6.0,"Nerul, Navi Mumbai"
2022-04-01,163.0,180.0,81.0,2.0,2.0,5.0,"Nerul, Navi Mumbai"
2022-04-02,156.0,173.0,82.0,2.0,2.0,5.0,"Nerul, Navi Mumbai"
2022-04-03,144.0,118.0,83.0,2.0,8.0,5.0,"Nerul, Navi Mumbai"
2022-04-04,124.0,138.0,82.0,1.0,10.0,5.0,"Nerul, Navi Mumbai"
2022-04-05,110.0,102.0,77.0,3.0,10.0,5.0,"Nerul, Navi Mumbai"
2022-04-06,116.0,90.0,40.0,2.0,10.0,6.0,"Nerul, Navi Mumbai"
2022-04-07,117.0,76.0,41.0,3.0,10.0,5.0,"Nerul, Navi Mumbai"
2022-04-08,111.0,110.0,37.0,1.0,10.0,5.0,"Nerul, Navi Mumbai"
2022-04-09,99.0,97.5,35.5,1.0,10.0,5.5,"Nerul, Navi Mumbai"
2022-04-10,93.0,85.0,34.0,1.0,10.0,6.0,"Nerul, Navi Mumbai"
2022-04-11,98.0,137.0,39.0,2.0,10.0,8.0,"Nerul, Navi Mumbai"
2022-04-12,140.0,152.0,40.0,2.0,6.0,9.0,"Nerul, Navi Mumbai"
2022-04-13,129.0,249.0,30.0,1.0,14.0,6.0,"Nerul, Navi Mumbai"
2022-04-14,150.0,73.0,20.0,2.0,10.0,4.0,"Nerul, Navi Mumbai"
2022-04-15,99.0,97.0,34.0,2.0,10.0,4.0,"Nerul, Navi Mumbai"
2022-04-16,98.0,91.0,34.0,3.0,10.0,4.0,"Nerul, Navi Mumbai"
2022-04-17,94.0,90.0,25.0,35.0,10.0,5.0,"Nerul, Navi Mumbai"
2022-04-18,92.0,83.0,25.0,19.0,10.0,5.0,"Nerul, Navi Mumbai"
2022-04-19,106.0,93.0,23.0,3.0,10.0,5.0,"Nerul, Navi Mumbai"
2022-04-20,115.0,99.0,17.0,3.0,10.0,8.0,"Nerul, Navi Mumbai"
2022-04-21,149.0,167.0,16.0,4.0,10.0,9.0,"Nerul, Navi Mumbai"
2022-04-22,157.0,143.66666666666666,16.333333333333332,4.0,10.0,8.333333333333334,"Nerul, Navi Mumbai"
2022-04-23,156.0,120.33333333333333,16.666666666666668,3.0,10.0,7.666666666666667,"Nerul, Navi Mumbai"
2022-04-24,123.0,97.0,17.0,7.0,10.0,7.0,"Nerul, Navi Mumbai"
2022-04-25,124.0,80.0,18.0,4.0,10.0,6.0,"Nerul, Navi Mumbai"
2022-04-26,110.0,100.0,16.0,4.0,10.0,7.0,"Nerul, Navi Mumbai"
2022-04-27,121.0,157.0,21.0,5.0,10.0,7.0,"Nerul, Navi Mumbai"
2022-04-28,127.0,76.0,16.0,2.0,10.0,5.0,"Nerul, Navi Mumbai"
2022-04-29,93.0,81.0,14.0,3.0,10.0,6.0,"Nerul, Navi Mumbai"
2022-04-30,107.0,87.0,13.0,1.0,10.0,4.0,"Nerul, Navi Mumbai"
2022-05-01,86.0,64.0,16.0,1.0,10.0,4.0,"Nerul, Navi Mumbai"
2022-05-02,80.0,83.0,14.0,1.0,10.0,4.0,"Nerul, Navi Mumbai"
2022-05-03,92.0,91.0,16.0,1.0,10.0,5.0,"Nerul, Navi Mumbai"
2022-05-04,104.0,87.0,18.0,1.0,10.0,5.0,"Nerul, Navi Mumbai"
2022-05-05,100.0,132.0,16.0,2.0,11.0,5.0,"Nerul, Navi Mumbai"
2022-05-06,131.0,140.0,16.0,2.0,11.0,6.0,"Nerul, Navi Mumbai"
2022-05-07,147.0,129.0,19.0,1.0,11.0,6.0,"Nerul, Navi Mumbai"
2022-05-08,133.0,99.5,20.0,1.0,11.0,5.0,"Nerul, Navi Mumbai"
2022-05-09,93.0,70.0,18.0,1.0,11.0,5.0,"Nerul, Navi Mumbai"
2022-05-10,88.0,83.0,16.0,1.0,10.0,5.0,"Nerul, Navi Mumbai"
2022-05-11,92.0,75.0,18.0,2.0,11.0,4.0,"Nerul, Navi Mumbai"
2022-05-12,85.0,83.0,19.0,4.0,10.0,4.0,"Nerul, Navi Mumbai"
2022-05-13,92.0,103.0,16.0,4.0,10.0,4.0,"Nerul, Navi Mumbai"
2022-05-14,125.0,90.0,14.0,3.0,10.0,5.0,"Nerul, Navi Mumbai"
2022-05-15,98.0,81.0,38.0,3.0,11.0,4.0,"Nerul, Navi Mumbai"
2022-05-16,95.0,135.0,28.0,4.0,11.0,4.0,"Nerul, Navi Mumbai"
2022-05-17,142.0,212.0,17.0,7.0,7.0,3.0,"Nerul, Navi Mumbai"
2022-05-18,159.0,166.0,8.0,5.0,4.0,2.0,"Nerul, Navi Mumbai"
2022-05-19,152.0,121.0,7.0,5.0,4.0,2.0,"Nerul, Navi Mumbai"
2022-05-20,121.0,98.0,5.0,5.0,4.0,2.0,"Nerul, Navi Mumbai"
2022-05-21,98.0,62.0,3.0,5.0,4.0,2.0,"Nerul, Navi Mumbai"
2022-05-22,65.0,44.0,6.0,4.0,4.0,1.0,"Nerul, Navi Mumbai"
2022-05-23,54.0,46.0,4.0,4.0,4.0,1.0,"Nerul, Navi Mumbai"
2022-05-24,57.0,67.0,31.0,4.0,5.0,4.0,"Nerul, Navi Mumbai"
2022-05-25,68.0,67.0,21.0,4.0,4.0,4.0,"Nerul, Navi Mumbai"
2022-05-26,71.0,53.0,11.0,4.0,4.0,4.0,"Nerul, Navi Mumbai"
2022-05-27,53.0,55.0,7.0,3.0,4.0,4.0,"Nerul, Navi Mumbai"
2022-05-28,46.0,54.0,4.0,3.0,4.0,4.0,"Nerul, Navi Mumbai"
2022-05-29,52.0,66.0,5.0,3.0,4.0,4.0,"Nerul, Navi Mumbai"
2022-05-30,59.0,68.0,5.0,3.0,4.0,4.0,"Nerul, Navi Mumbai"
2022-05-31,63.0,69.0,2.0,3.0,4.0,4.0,"Nerul, Navi Mumbai"
2022-06-01,66.0,70.0,2.0,3.0,4.0,4.0,"Nerul, Navi Mumbai"
2022-06-02,66.0,79.0,3.0,3.0,4.0,5.0,"Nerul, Navi Mumbai"
2022-06-03,74.0,86.0,2.0,3.0,4.0,4.0,"Nerul, Navi Mumbai"
2022-06-04,71.0,72.0,2.0,3.0,4.0,4.0,"Nerul, Navi Mumbai"
2022-06-05,61.0,46.0,2.0,3.0,4.0,4.0,"Nerul, Navi Mumbai"
2022-06-06,53.0,48.0,2.0,3.0,4.0,5.0,"Nerul, Navi Mumbai"
2022-06-07,43.0,38.0,1.0,3.0,4.0,4.0,"Nerul, Navi Mumbai"
2022-06-08,19.0,49.0,1.0,3.0,4.0,4.0,"Nerul, Navi Mumbai"
2022-06-09,24.0,33.0,2.0,3.0,4.0,5.0,"Nerul, Navi Mumbai"
2022-06-10,42.0,19.0,1.75,3.0,4.0,5.0,"Nerul, Navi Mumbai"
2022-06-11,12.0,20.0,1.5,3.0,4.0,5.0,"Nerul, Navi Mumbai"
2022-06-12,18.0,27.0,1.25,3.0,4.0,4.0,"Nerul, Navi Mumbai"
2022-06-13,10.0,45.0,1.0,3.0,4.0,5.0,"Nerul, Navi Mumbai"
2022-06-14,29.0,44.0,1.0,3.0,4.0,5.0,"Nerul, Navi Mumbai"
2022-06-15,33.0,44.0,1.0,2.0,4.0,5.0,"Nerul, Navi Mumbai"
2022-06-16,41.0,46.0,2.0,2.0,4.0,6.0,"Nerul, Navi Mumbai"
2022-06-17,39.0,48.0,1.0,2.0,4.0,5.0,"Nerul, Navi Mumbai"
2022-06-18,35.0,34.0,1.0,2.0,4.0,6.0,"Nerul, Navi Mumbai"
2022-06-19,29.0,24.0,1.0,2.0,4.0,7.0,"Nerul, Navi Mumbai"
2022-06-20,29.0,29.0,1.0,2.0,4.0,7.0,"Nerul, Navi Mumbai"
2022-06-21,30.0,34.0,1.0,2.0,4.0,6.0,"Nerul, Navi Mumbai"
2022-06-22,30.0,31.0,1.0,2.0,4.0,6.0,"Nerul, Navi Mumbai"
2022-06-23,31.0,33.0,1.0,2.0,4.0,6.0,"Nerul, Navi Mumbai"
2022-06-24,34.0,30.0,1.0,3.0,4.0,5.0,"Nerul, Navi Mumbai"
2022-06-25,14.0,27.0,1.0,3.0,4.0,4.0,"Nerul, Navi Mumbai"
2022-06-26,10.0,23.0,1.0,3.0,4.0,4.0,"Nerul, Navi Mumbai"
2022-06-27,21.0,18.0,1.0,2.0,4.0,7.0,"Nerul, Navi Mumbai"
2022-06-28,34.0,13.0,10.0,2.0,4.0,8.0,"Nerul, Navi Mumbai"
2022-06-29,38.0,12.0,2.0,2.0,4.0,7.0,"Nerul, Navi Mumbai"
2022-06-30,21.0,16.0,2.0,2.0,4.0,6.0,"Nerul, Navi Mumbai"
2022-07-01,36.0,49.0,2.0,3.0,4.0,4.0,"Nerul, Navi Mumbai"
2022-07-02,42.0,47.0,2.0,3.0,4.0,4.0,"Nerul, Navi Mumbai"
2022-07-03,26.5,20.0,7.0,3.0,4.0,5.0,"Nerul, Navi Mumbai"
2022-07-04,11.0,11.0,4.0,3.0,7.0,10.0,"Nerul, Navi Mumbai"
2022-07-05,21.0,38.0,56.0,6.0,4.0,6.0,"Nerul, Navi Mumbai"
2022-07-06,68.0,50.0,68.0,3.0,4.0,9.0,"Nerul, Navi Mumbai"
2022-07-07,63.0,51.0,66.0,5.0,5.0,8.0,"Nerul, Navi Mumbai"
2022-07-08,58.0,50.0,56.0,4.0,4.0,8.0,"Nerul, Navi Mumbai"
2022-07-09,58.0,49.0,50.0,4.0,4.0,8.0,"Nerul, Navi Mumbai"
2022-07-10,53.0,44.0,98.0,4.0,6.0,10.0,"Nerul, Navi Mumbai"
2022-07-11,56.0,35.0,99.0,3.0,5.0,9.0,"Nerul, Navi Mumbai"
2022-07-12,54.0,37.0,89.0,4.0,5.0,5.0,"Nerul, Navi Mumbai"
2022-07-13,48.0,38.0,81.0,3.0,5.0,1.0,"Nerul, Navi Mumbai"
2022-07-14,48.0,45.0,17.0,3.0,5.0,1.0,"Nerul, Navi Mumbai"
2022-07-15,60.0,39.0,11.0,3.0,5.0,1.0,"Nerul, Navi Mumbai"
2022-07-16,55.0,35.0,6.0,2.0,5.0,1.0,"Nerul, Navi Mumbai"
2022-07-17,46.0,45.0,2.0,2.0,5.0,1.0,"Nerul, Navi Mumbai"
2022-07-18,52.0,43.0,1.5,2.0,5.0,2.0,"Nerul, Navi Mumbai"
2022-07-19,49.0,35.0,1.0,3.0,5.0,1.0,"Nerul, Navi Mumbai"
2022-07-20,50.0,33.0,6.0,3.0,5.0,2.0,"Nerul, Navi Mumbai"
2022-07-21,46.0,40.0,5.0,3.0,5.0,2.0,"Nerul, Navi Mumbai"
2022-07-22,52.0,37.0,2.0,3.0,5.0,2.0,"Nerul, Navi Mumbai"
2022-07-23,46.0,31.0,1.0,4.0,5.0,1.0,"Nerul, Navi Mumbai"
2022-07-24,40.0,32.0,1.0,4.0,5.0,1.0,"Nerul, Navi Mumbai"
2022-07-25,39.0,35.0,4.5,3.0,4.0,2.0,"Nerul, Navi Mumbai"
2022-07-26,50.0,35.0,8.0,3.0,5.0,4.0,"Nerul, Navi Mumbai"
2022-07-27,58.0,60.0,9.0,4.0,5.0,4.0,"Nerul, Navi Mumbai"
2022-07-28,70.0,58.0,7.0,4.0,5.0,4.0,"Nerul, Navi Mumbai"
2022-07-29,66.0,51.0,5.0,4.0,5.0,3.0,"Nerul, Navi Mumbai"
2022-07-30,61.0,51.0,8.0,4.0,5.0,3.0,"Nerul, Navi Mumbai"
2022-07-31,59.0,41.0,4.0,4.0,5.0,2.0,"Nerul, Navi Mumbai"
2022-08-01,54.0,45.0,5.0,3.0,5.0,3.0,"Nerul, Navi Mumbai"
2022-08-02,59.0,41.0,7.0,4.0,5.0,3.0,"Nerul, Navi Mumbai"
2022-08-03,56.0,35.0,6.0,4.0,5.0,4.0,"Nerul, Navi Mumbai"
2022-08-04,57.0,32.0,5.0,4.0,5.0,3.0,"Nerul, Navi Mumbai"
2022-08-05,54.0,27.0,9.0,4.0,5.0,3.0,"Nerul, Navi Mumbai"
2022-08-06,43.0,28.0,5.0,3.0,5.0,3.0,"Nerul, Navi Mumbai"
2022-08-07,38.0,17.0,11.0,4.0,4.0,2.0,"Nerul, Navi Mumbai"
2022-08-08,36.0,25.0,9.0,5.0,3.0,1.0,"Nerul, Navi Mumbai"
2022-08-09,41.0,31.0,14.0,6.0,3.0,1.0,"Nerul, Navi Mumbai"
2022-08-10,46.0,35.0,10.0,5.0,3.0,1.0,"Nerul, Navi Mumbai"
2022-08-11,52.0,35.0,9.0,5.0,3.0,1.0,"Nerul, Navi Mumbai"
2022-08-12,50.0,32.0,7.0,4.0,3.0,1.0,"Nerul, Navi Mumbai"
2022-08-13,44.0,30.0,7.0,4.0,3.0,1.0,"Nerul, Navi Mumbai"
2022-08-14,42.0,30.0,6.0,4.0,3.0,1.0,"Nerul, Navi Mumbai"
2022-08-15,39.0,25.0,8.0,3.0,3.0,3.0,"Nerul, Navi Mumbai"
2022-08-16,36.0,26.0,3.0,3.0,3.0,3.0,"Nerul, Navi Mumbai"
2022-08-17,34.0,27.0,3.0,4.0,3.0,1.0,"Nerul, Navi Mumbai"
2022-08-18,43.0,28.0,2.0,3.0,3.0,1.0,"Nerul, Navi Mumbai"
2022-08-19,40.0,25.0,1.0,4.0,3.0,1.0,"Nerul, Navi Mumbai"
2022-08-20,41.0,31.0,1.0,3.0,3.0,1.0,"Nerul, Navi Mumbai"
2022-08-21,44.0,30.0,2.0,3.0,3.0,1.0,"Nerul, Navi Mumbai"
2022-08-22,44.0,27.0,12.0,4.0,3.0,1.0,"Nerul, Navi Mumbai"
2022-08-23,36.0,27.0,6.0,4.0,3.0,1.0,"Nerul, Navi Mumbai"
2022-08-24,40.0,36.0,5.0,4.0,3.0,2.0,"Nerul, Navi Mumbai"
2022-08-25,47.0,42.0,5.0,4.0,3.0,2.0,"Nerul, Navi Mumbai"
2022-08-26,57.0,70.0,5.0,3.0,3.0,3.0,"Nerul, Navi Mumbai"
2022-08-27,73.0,67.0,7.0,2.0,3.0,3.0,"Nerul, Navi Mumbai"
2022-08-28,75.0,63.0,10.0,4.0,3.0,4.0,"Nerul, Navi Mumbai"
2022-08-29,75.0,82.0,8.0,6.0,3.0,5.0,"Nerul, Navi Mumbai"
2022-08-30,98.0,82.0,5.0,6.0,3.0,5.0,"Nerul, Navi Mumbai"
2022-08-31,105.0,39.0,7.0,6.0,3.0,4.0,"Nerul, Navi Mumbai"
2022-09-01,75.0,56.0,5.0,7.0,3.0,5.0,"Nerul, Navi Mumbai"
2022-09-02,97.0,58.0,5.0,7.0,3.0,5.0,"Nerul, Navi Mumbai"
2022-09-03,89.0,43.0,6.0,7.0,3.0,3.0,"Nerul, Navi Mumbai"
2022-09-04,68.0,51.0,5.0,7.0,3.0,4.0,"Nerul, Navi Mumbai"
2022-09-05,69.0,62.0,4.0,7.0,3.0,3.0,"Nerul, Navi Mumbai"
2022-09-06,72.0,49.0,4.0071942446043165,9.0,3.0,4.0,"Nerul, Navi Mumbai"
2022-09-07,80.0,32.0,4.014388489208633,10.0,3.0,4.0,"Nerul, Navi Mumbai"
2022-09-08,70.0,29.0,4.0215827338129495,10.0,3.0,4.0,"Nerul, Navi Mumbai"
2022-09-09,65.0,32.0,8.0,10.0,3.0,4.0,"Nerul, Navi Mumbai"
2022-09-10,59.0,34.0,8.0,10.0,3.0,5.0,"Nerul, Navi Mumbai"
2022-09-11,83.0,21.0,8.0,8.0,6.0,3.0,"Nerul, Navi Mumbai"
2022-09-12,44.0,16.0,8.0,8.0,4.0,2.0,"Nerul, Navi Mumbai"
2022-09-13,38.0,15.0,8.0,14.0,4.0,1.6666666666666667,"Nerul, Navi Mumbai"
2022-09-14,28.0,20.0,8.0,15.0,4.0,1.3333333333333335,"Nerul, Navi Mumbai"
2022-09-15,34.0,13.0,8.0,10.0,4.0,1.0,"Nerul, Navi Mumbai"
2022-09-16,38.0,16.571428571428573,8.0,9.0,4.0,1.1428571428571428,"Nerul, Navi Mumbai"
2022-09-17,37.0,20.142857142857142,8.0,8.0,4.0,1.2857142857142856,"Nerul, Navi Mumbai"
2022-09-18,44.0,23.714285714285715,8.0,8.0,4.0,1.4285714285714286,"Nerul, Navi Mumbai"
2022-09-19,64.0,42.0,8.0,7.0,4.0,4.0,"Nerul, Navi Mumbai"
2022-09-20,73.0,42.0,8.0,7.0,4.0,4.0,"Nerul, Navi Mumbai"
2022-09-21,66.0,42.0,8.0,7.0,4.0,4.0,"Nerul, Navi Mumbai"
2022-09-22,73.0,38.0,8.0,7.0,4.0,2.0,"Nerul, Navi Mumbai"
2022-09-23,68.0,29.0,8.0,7.0,4.0,3.0,"Nerul, Navi Mumbai"
2022-09-24,44.0,33.0,8.0,8.0,4.0,3.0,"Nerul, Navi Mumbai"
2022-09-25,46.0,42.0,8.0,8.0,4.0,3.0,"Nerul, Navi Mumbai"
2022-09-26,62.0,96.0,8.0,7.0,4.0,6.0,"Nerul, Navi Mumbai"
2022-09-27,109.0,59.0,8.0,7.0,4.0,4.0,"Nerul, Navi Mumbai"
2022-09-28,85.0,69.0,8.0,7.0,4.0,5.0,"Nerul, Navi Mumbai"
2022-09-29,114.0,75.0,8.0,9.0,4.0,5.0,"Nerul, Navi Mumbai"
2022-09-30,118.0,70.0,8.0,9.0,4.0,4.0,"Nerul, Navi Mumbai"
2022-10-01,107.0,53.0,9.0,8.0,4.0,6.0,"Nerul, Navi Mumbai"
2022-10-02,88.0,54.0,9.0,7.0,4.0,4.0,"Nerul, Navi Mumbai"
2022-10-03,77.0,66.0,9.0,7.0,4.0,4.0,"Nerul, Navi Mumbai"
2022-10-04,101.0,69.0,9.0,7.0,4.0,5.0,"Nerul, Navi Mumbai"
2022-10-05,115.0,65.0,9.0,7.0,4.0,5.0,"Nerul, Navi Mumbai"
2022-10-06,95.0,48.0,9.0,7.0,4.0,5.0,"Nerul, Navi Mumbai"
2022-10-07,79.0,22.0,9.0,7.0,4.0,3.0,"Nerul, Navi Mumbai"
2022-10-08,51.0,36.0,9.0,7.0,4.0,4.0,"Nerul, Navi Mumbai"
2022-10-09,51.0,55.0,9.0,7.0,4.0,5.0,"Nerul, Navi Mumbai"
2022-10-10,81.0,68.0,9.0,7.0,4.0,5.0,"Nerul, Navi Mumbai"
2022-10-11,106.0,52.0,9.0,7.0,4.0,5.0,"Nerul, Navi Mumbai"
2022-10-12,101.0,63.0,9.0,7.0,4.0,7.0,"Nerul, Navi Mumbai"
2022-10-13,118.0,58.0,9.0,8.5,5.0,7.0,"Nerul, Navi Mumbai"
2022-10-14,109.0,64.0,9.0,10.0,5.0,5.0,"Nerul, Navi Mumbai"
2022-10-15,104.0,74.0,9.0,10.0,5.0,7.0,"Nerul, Navi Mumbai"
2022-10-16,120.0,78.625,9.0,10.125,5.0,7.5,"Nerul, Navi Mumbai"
2022-10-23,176.0,111.0,9.0,11.0,5.0,11.0,"Nerul, Navi Mumbai"
2022-10-24,184.0,99.0,9.0,11.0,4.0,8.0,"Nerul, Navi Mumbai"
2022-10-25,181.0,101.0,9.0,11.0,4.0,9.0,"Nerul, Navi Mumbai"
2022-10-26,170.0,110.0,9.0,12.0,5.0,9.0,"Nerul, Navi Mumbai"
2022-10-27,170.0,99.0,9.0,12.0,5.0,9.0,"Nerul, Navi Mumbai"
2022-10-28,158.0,104.0,9.0,11.0,5.0,9.0,"Nerul, Navi Mumbai"
2022-10-29,155.0,96.0,9.0,10.0,5.0,9.0,"Nerul, Navi Mumbai"
2022-10-30,147.0,100.0,9.0,9.0,5.0,8.0,"Nerul, Navi Mumbai"
2022-10-31,152.0,108.0,9.0,7.0,5.0,10.0,"Nerul, Navi Mumbai"
2022-11-01,171.0,118.0,13.0,11.0,5.0,11.0,"Nerul, Navi Mumbai"
2022-11-02,180.0,140.0,13.0,22.0,5.0,11.0,"Nerul, Navi Mumbai"
2022-11-03,184.0,118.0,13.0,18.0,5.0,11.0,"Nerul, Navi Mumbai"
2022-11-04,168.0,110.0,13.0,18.0,5.0,11.0,"Nerul, Navi Mumbai"
2022-11-05,161.0,111.0,13.0,18.0,5.0,11.0,"Nerul, Navi Mumbai"
2022-11-06,164.0,125.0,13.0,17.0,8.0,11.0,"Nerul, Navi Mumbai"
2022-11-07,192.0,137.0,13.0,19.0,13.0,12.0,"Nerul, Navi Mumbai"
2022-11-08,195.0,142.0,13.0,21.0,13.0,12.0,"Nerul, Navi Mumbai"
2022-11-09,206.0,120.0,13.0,19.0,13.0,11.0,"Nerul, Navi Mumbai"
2022-11-10,186.0,118.0,13.0,18.0,13.0,9.0,"Nerul, Navi Mumbai"
2022-11-11,172.0,119.0,13.0,18.0,13.0,8.0,"Nerul, Navi Mumbai"
2022-11-12,171.0,142.0,13.0,18.0,13.0,10.0,"Nerul, Navi Mumbai"
2022-11-13,188.0,133.0,13.0,29.0,13.0,12.0,"Nerul, Navi Mumbai"
2022-11-14,207.0,148.0,13.0,19.0,13.0,14.0,"Nerul, Navi Mumbai"
2022-11-15,232.0,132.0,13.0,21.0,13.0,13.0,"Nerul, Navi Mumbai"
2022-11-16,203.0,102.0,13.0,17.0,13.0,10.0,"Nerul, Navi Mumbai"
2022-11-17,219.0,102.0,13.0,16.0,13.0,8.0,"Nerul, Navi Mumbai"
2022-11-18,127.0,138.0,13.0,19.0,13.0,10.0,"Nerul, Navi Mumbai"
2022-11-19,165.0,116.0,13.0,19.0,13.0,10.0,"Nerul, Navi Mumbai"
2022-11-20,156.0,103.0,13.0,24.0,13.0,10.0,"Nerul, Navi Mumbai"
2022-11-21,163.0,143.0,13.0,21.0,13.0,12.0,"Nerul, Navi Mumbai"
2022-11-22,187.0,136.0,13.0,21.0,13.0,13.0,"Nerul, Navi Mumbai"
2022-11-23,186.0,147.0,13.0,28.0,13.0,14.0,"Nerul, Navi Mumbai"
2022-11-24,206.0,162.0,13.0,35.0,13.0,16.0,"Nerul, Navi Mumbai"
2022-11-25,230.0,176.0,13.0,33.0,13.0,17.0,"Nerul, Navi Mumbai"
2022-11-26,245.0,175.0,13.0,36.0,13.0,17.0,"Nerul, Navi Mumbai"
2022-11-27,263.0,109.0,13.0,34.0,13.0,13.0,"Nerul, Navi Mumbai"
2022-11-28,181.0,131.0,13.0,32.0,13.0,13.0,"Nerul, Navi Mumbai"
2022-11-29,184.0,162.0,13.0,28.0,13.0,15.0,"Nerul, Navi Mumbai"
2022-11-30,215.0,157.0,13.0,36.0,13.0,15.0,"Nerul, Navi Mumbai"
2022-12-01,222.0,150.0,18.0,33.0,13.0,16.0,"Nerul, Navi Mumbai"
2022-12-02,210.0,147.0,18.0,31.0,13.0,17.0,"Nerul, Navi Mumbai"
2022-12-03,218.0,163.0,18.0,29.0,14.0,17.0,"Nerul, Navi Mumbai"
2022-12-04,248.0,150.0,18.0,33.0,13.0,17.0,"Nerul, Navi Mumbai"
2022-12-05,236.0,153.0,18.0,32.333333333333336,14.0,17.0,"Nerul, Navi Mumbai"
2022-12-06,246.0,135.0,18.0,31.666666666666668,14.0,14.0,"Nerul, Navi Mumbai"
2022-12-07,230.0,132.0,18.0,31.0,12.0,11.0,"Nerul, Navi Mumbai"
2022-12-08,204.0,123.0,18.0,32.0,10.0,8.0,"Nerul, Navi Mumbai"
2022-12-09,175.0,127.0,18.0,31.0,10.0,8.0,"Nerul, Navi Mumbai"
2022-12-10,189.0,130.0,18.0,24.5,10.0,10.0,"Nerul, Navi Mumbai"
2022-12-11,195.0,104.0,18.0,18.0,10.0,7.0,"Nerul, Navi Mumbai"
2022-12-12,170.0,78.0,18.0,11.5,10.0,6.0,"Nerul, Navi Mumbai"
2022-12-13,192.0,86.0,18.0,5.0,9.0,6.0,"Nerul, Navi Mumbai"
2022-12-14,168.0,88.0,18.0,5.0,9.0,7.0,"Nerul, Navi Mumbai"
2022-12-15,175.0,101.0,18.0,6.0,9.0,9.0,"Nerul, Navi Mumbai"
2022-12-16,185.0,105.0,18.0,7.0,9.0,9.0,"Nerul, Navi Mumbai"
2022-12-17,176.0,134.0,18.0,7.0,9.0,8.0,"Nerul, Navi Mumbai"
2022-12-18,182.0,119.0,18.0,8.0,9.0,8.0,"Nerul, Navi Mumbai"
2022-12-19,167.0,155.0,18.0,7.0,9.0,10.0,"Nerul, Navi Mumbai"
2022-12-20,178.0,203.0,18.0,16.0,9.0,13.0,"Nerul, Navi Mumbai"
2022-12-21,218.0,183.0,18.0,26.0,9.0,14.0,"Nerul, Navi Mumbai"
2022-12-22,255.0,104.0,18.0,22.0,10.0,13.0,"Nerul, Navi Mumbai"
2022-12-23,236.0,120.0,18.0,21.0,9.0,9.0,"Nerul, Navi Mumbai"
2022-12-24,163.0,128.0,18.0,24.0,9.0,10.0,"Nerul, Navi Mumbai"
2022-12-25,202.0,155.0,18.0,22.0,9.0,14.0,"Nerul, Navi Mumbai"
2022-12-26,251.0,160.0,18.0,22.0,9.0,16.0,"Nerul, Navi Mumbai"
2022-12-27,250.0,168.0,18.0,21.0,10.0,14.0,"Nerul, Navi Mumbai"
2022-12-28,220.0,145.0,18.0,24.0,10.0,16.0,"Nerul, Navi Mumbai"
2022-12-29,207.0,173.0,18.0,29.0,10.0,15.0,"Nerul, Navi Mumbai"
2022-12-30,227.0,136.0,18.0,27.0,10.0,13.0,"Nerul, Navi Mumbai"
2022-12-31,223.0,110.0,18.0,26.0,10.0,9.0,"Nerul, Navi Mumbai"
2023-01-01,179.0,128.0,16.0,27.0,10.0,13.0,"Nerul, Navi Mumbai"
2023-01-02,209.0,145.0,16.0,28.0,10.0,15.0,"Nerul, Navi Mumbai"
2023-01-03,218.0,172.0,16.0,28.0,10.0,14.0,"Nerul, Navi Mumbai"
2023-01-04,230.0,162.0,16.0,29.0,10.0,15.0,"Nerul, Navi Mumbai"
2023-01-05,234.0,133.0,16.0,24.0,10.0,14.0,"Nerul, Navi Mumbai"
2023-01-06,228.0,124.0,16.0,25.0,10.0,13.0,"Nerul, Navi Mumbai"
2023-01-07,220.0,99.0,16.0,25.0,10.0,11.0,"Nerul, Navi Mumbai"
2023-01-08,183.0,110.0,16.0,27.0,10.0,11.0,"Nerul, Navi Mumbai"
2023-01-09,174.0,120.0,16.0,27.0,10.0,11.0,"Nerul, Navi Mumbai"
2023-01-10,174.0,153.0,16.0,30.0,10.0,15.0,"Nerul, Navi Mumbai"
2023-01-11,208.0,140.0,16.0,30.0,10.0,14.0,"Nerul, Navi Mumbai"
2023-01-12,203.0,127.0,16.0,26.0,10.0,7.0,"Nerul, Navi Mumbai"
2023-01-13,169.0,141.0,16.0,26.0,10.0,8.0,"Nerul, Navi Mumbai"
2023-01-14,165.0,126.0,16.0,28.0,10.0,11.0,"Nerul, Navi Mumbai"
2023-01-15,186.0,141.0,16.0,30.0,10.0,13.0,"Nerul, Navi Mumbai"
2023-01-16,219.0,202.0,16.0,31.0,10.0,16.0,"Nerul, Navi Mumbai"
2023-01-17,236.0,192.0,16.0,32.0,10.0,17.0,"Nerul, Navi Mumbai"
2023-01-18,238.0,173.0,16.0,33.0,10.0,18.0,"Nerul, Navi Mumbai"
2023-01-19,236.0,173.0,16.0,36.0,10.0,17.0,"Nerul, Navi Mumbai"
2023-01-20,214.0,143.0,16.0,36.0,10.0,15.0,"Nerul, Navi Mumbai"
2023-01-21,180.0,126.0,16.0,34.0,10.0,13.0,"Nerul, Navi Mumbai"
2023-01-22,170.0,112.0,5.0,33.0,10.0,12.0,"Nerul, Navi Mumbai"
2023-01-23,171.0,138.0,8.0,33.0,10.0,12.0,"Nerul, Navi Mumbai"
2023-01-24,177.0,121.0,8.0,28.0,10.0,14.0,"Nerul, Navi Mumbai"
2023-01-25,181.0,134.0,8.0,35.0,10.0,17.0,"Nerul, Navi Mumbai"
2023-01-26,200.0,134.0,8.0,28.0,10.0,17.0,"Nerul, Navi Mumbai"
2023-01-27,223.0,173.0,8.0,27.0,11.0,16.0,"Nerul, Navi Mumbai"
2023-01-28,220.0,127.0,8.0,25.0,11.0,14.0,"Nerul, Navi Mumbai"
2023-01-29,200.0,111.0,8.0,24.0,11.0,13.0,"Nerul, Navi Mumbai"
2023-01-30,205.0,114.0,8.0,24.0,11.0,16.0,"Nerul, Navi Mumbai"
2023-01-31,205.0,115.0,8.0,26.0,11.0,14.0,"Nerul, Navi Mumbai"
2023-02-01,185.0,96.0,8.0,25.0,11.0,13.0,"Nerul, Navi Mumbai"
2023-02-02,166.0,143.0,8.0,28.0,11.0,16.0,"Nerul, Navi Mumbai"
2023-02-03,186.0,146.0,8.0,28.0,10.0,17.0,"Nerul, Navi Mumbai"
2023-02-04,195.0,156.0,8.0,29.0,10.0,19.0,"Nerul, Navi Mumbai"
2023-02-05,202.0,144.0,8.0,28.0,10.0,20.0,"Nerul, Navi Mumbai"
2023-02-06,217.0,111.0,8.0,26.0,10.0,15.0,"Nerul, Navi Mumbai"
2023-02-07,162.0,172.0,8.0,29.0,10.0,19.0,"Nerul, Navi Mumbai"
2023-02-08,211.0,168.0,8.0,29.0,10.0,19.0,"Nerul, Navi Mumbai"
2023-02-09,204.0,245.0,8.0,32.0,10.0,21.0,"Nerul, Navi Mumbai"
2023-02-10,211.0,182.0,8.0,31.0,10.0,19.0,"Nerul, Navi Mumbai"
2023-02-11,187.0,120.0,8.0,27.0,10.0,17.0,"Nerul, Navi Mumbai"
2023-02-12,158.0,120.0,8.0,27.0,10.0,15.0,"Nerul, Navi Mumbai"
2023-02-13,149.0,184.0,8.0,30.0,10.0,20.0,"Nerul, Navi Mumbai"
2023-02-14,174.0,198.0,8.0,32.0,10.0,22.0,"Nerul, Navi Mumbai"
2023-02-15,194.0,166.0,8.0,32.0,10.0,22.0,"Nerul, Navi Mumbai"
2023-02-16,178.0,169.0,8.0,30.0,10.0,20.0,"Nerul, Navi Mumbai"
2023-02-17,178.0,129.0,8.0,29.0,10.0,19.0,"Nerul, Navi Mumbai"
2023-02-18,166.0,187.0,8.0,30.0,10.0,22.0,"Nerul, Navi Mumbai"
2023-02-19,185.0,128.0,8.0,29.0,10.0,21.0,"Nerul, Navi Mumbai"
2023-02-20,180.0,190.0,8.0,28.666666666666668,9.0,19.0,"Nerul, Navi Mumbai"
2023-02-21,207.0,123.0,7.0,28.333333333333332,8.0,9.0,"Nerul, Navi Mumbai"
2023-02-22,153.0,261.0,7.0,28.0,8.0,10.0,"Nerul, Navi Mumbai"
2023-02-23,199.0,301.0,7.0,11.0,8.0,12.0,"Nerul, Navi Mumbai"
2023-02-24,192.0,194.0,7.0,9.0,8.0,11.0,"Nerul, Navi Mumbai"
2023-02-25,179.0,229.0,7.0,8.0,9.0,11.0,"Nerul, Navi Mumbai"
2023-02-26,193.0,146.0,7.0,7.0,9.0,10.0,"Nerul, Navi Mumbai"
2023-02-27,181.0,311.0,7.0,9.0,9.0,12.0,"Nerul, Navi Mumbai"
2023-02-28,207.0,304.0,7.0,8.0,9.0,13.0,"Nerul, Navi Mumbai"
2023-03-01,198.0,221.0,7.0,12.0,9.0,15.0,"Nerul, Navi Mumbai"
2023-03-02,216.0,215.0,6.927272727272728,18.0,9.0,15.0,"Nerul, Navi Mumbai"
2023-03-03,228.0,117.0,6.8545454545454545,18.0,9.0,14.0,"Nerul, Navi Mumbai"
2023-03-04,224.0,245.0,6.781818181818182,18.0,9.0,16.0,"Nerul, Navi Mumbai"
2023-03-05,240.0,166.0,26.0,15.0,9.0,11.0,"Nerul, Navi Mumbai"
2023-03-06,194.0,75.0,26.0,14.0,8.0,7.0,"Nerul, Navi Mumbai"
2023-03-07,134.0,102.0,26.0,15.0,9.0,11.0,"Nerul, Navi Mumbai"
2023-03-08,170.0,119.0,26.0,15.0,9.0,10.0,"Nerul, Navi Mumbai"
2023-03-09,156.0,108.0,26.0,16.0,9.0,7.0,"Nerul, Navi Mumbai"
2023-03-10,140.0,137.0,26.0,18.0,9.0,10.0,"Nerul, Navi Mumbai"
2023-03-11,165.0,211.0,26.0,17.0,9.0,13.0,"Nerul, Navi Mumbai"
2023-03-12,194.0,133.0,26.0,16.0,9.0,13.0,"Nerul, Navi Mumbai"
2023-03-13,211.0,189.0,26.0,17.0,9.0,11.0,"Nerul, Navi Mumbai"
2023-03-14,200.0,180.0,26.0,15.0,9.0,11.0,"Nerul, Navi Mumbai"
2023-03-15,234.0,90.0,26.0,14.0,9.0,7.0,"Nerul, Navi Mumbai"
2023-03-16,241.0,107.0,26.0,14.0,8.0,10.0,"Nerul, Navi Mumbai"
2023-03-17,159.0,141.0,26.0,14.0,8.0,9.0,"Nerul, Navi Mumbai"
2023-03-18,150.0,85.0,26.0,14.0,9.0,6.0,"Nerul, Navi Mumbai"
2023-03-19,102.0,67.0,26.0,18.0,8.0,5.0,"Nerul, Navi Mumbai"
2023-03-20,76.0,77.0,26.0,30.0,8.0,6.0,"Nerul, Navi Mumbai"
2023-03-21,81.0,69.0,26.0,33.0,8.0,8.0,"Nerul, Navi Mumbai"
2023-03-22,94.0,72.0,26.0,36.0,8.0,8.0,"Nerul, Navi Mumbai"
2023-03-23,88.0,75.0,26.0,25.0,9.0,8.0,"Nerul, Navi Mumbai"
2023-03-24,95.0,71.0,26.0,14.0,10.0,6.0,"Nerul, Navi Mumbai"
2023-03-25,71.0,85.0,26.0,15.0,10.0,7.0,"Nerul, Navi Mumbai"
2023-03-26,95.0,94.0,26.0,15.0,10.0,8.0,"Nerul, Navi Mumbai"
2023-03-27,105.0,125.0,26.0,16.0,10.0,8.0,"Nerul, Navi Mumbai"
2023-03-28,122.0,126.0,26.0,16.0,10.0,8.0,"Nerul, Navi Mumbai"
2023-03-29,121.0,103.0,26.0,16.0,10.0,7.0,"Nerul, Navi Mumbai"
2023-03-30,102.0,81.0,26.0,15.0,9.0,6.0,"Nerul, Navi Mumbai"
2023-03-31,83.0,79.0,26.0,15.333333333333334,9.666666666666666,6.333333333333333,"Nerul, Navi Mumbai"
2023-04-02,81.0,75.0,24.0,16.0,11.0,7.0,"Nerul, Navi Mumbai"
2023-04-03,80.0,86.0,24.0,16.0,10.0,7.0,"Nerul, Navi Mumbai"
2023-04-04,95.0,90.0,24.0,16.0,11.0,8.0,"Nerul, Navi Mumbai"
2023-04-05,92.0,104.0,24.0,16.0,13.0,9.0,"Nerul, Navi Mumbai"
2023-04-06,129.0,137.0,24.0,16.0,14.0,10.0,"Nerul, Navi Mumbai"
2023-04-07,149.0,118.0,24.0,16.0,14.0,11.0,"Nerul, Navi Mumbai"
2023-04-08,143.0,124.0,24.0,17.0,14.0,13.0,"Nerul, Navi Mumbai"
2023-04-09,152.0,117.0,24.0,15.0,11.0,12.0,"Nerul, Navi Mumbai"
2023-04-10,149.0,114.0,24.0,14.0,11.0,11.0,"Nerul, Navi Mumbai"
2023-04-11,130.0,114.0,24.0,14.0,12.0,11.0,"Nerul, Navi Mumbai"
2023-04-12,144.0,104.0,24.0,15.0,11.0,11.0,"Nerul, Navi Mumbai"
2023-04-13,125.0,127.0,24.0,15.0,13.0,12.0,"Nerul, Navi Mumbai"
2023-04-14,133.0,108.0,24.0,15.0,14.0,10.0,"Nerul, Navi Mumbai"
2023-04-15,107.0,98.0,24.0,15.0,14.0,10.0,"Nerul, Navi Mumbai"
2023-04-16,99.0,88.0,24.0,14.0,12.0,10.0,"Nerul, Navi Mumbai"
2023-04-17,88.0,95.0,24.0,15.0,10.0,11.0,"Nerul, Navi Mumbai"
2023-04-18,111.0,111.0,24.0,15.0,11.0,13.0,"Nerul, Navi Mumbai"
2023-04-19,141.0,75.0,24.0,14.0,16.0,9.0,"Nerul, Navi Mumbai"
2023-04-20,65.0,120.0,24.0,15.0,16.0,9.0,"Nerul, Navi Mumbai"
2023-04-21,78.0,80.0,24.0,14.0,16.0,9.0,"Nerul, Navi Mumbai"
2023-04-22,68.0,82.0,24.0,14.0,16.0,8.0,"Nerul, Navi Mumbai"
2023-04-23,68.0,81.0,24.0,11.0,14.0,9.0,"Nerul, Navi Mumbai"
2023-04-24,79.0,97.0,24.0,8.0,11.0,8.0,"Nerul, Navi Mumbai"
2023-04-25,103.0,81.0,3.0,8.0,9.0,8.0,"Nerul, Navi Mumbai"
2023-04-26,77.0,83.0,3.9523809523809526,8.0,9.0,9.0,"Nerul, Navi Mumbai"
2023-04-27,94.0,74.0,4.904761904761905,8.0,9.0,9.0,"Nerul, Navi Mumbai"
2023-04-28,69.0,83.0,5.857142857142858,8.0,9.0,9.0,"Nerul, Navi Mumbai"
2023-04-29,75.0,64.0,24.0,8.0,9.0,9.0,"Nerul, Navi Mumbai"
2023-04-30,62.0,48.0,24.0,8.0,9.0,9.0,"Nerul, Navi Mumbai"
2023-05-01,57.0,56.0,16.0,7.0,9.0,9.0,"Nerul, Navi Mumbai"
2023-05-02,61.0,56.0,16.0,7.0,10.0,9.0,"Nerul, Navi Mumbai"
2023-05-03,65.0,67.0,16.0,8.0,10.0,10.0,"Nerul, Navi Mumbai"
2023-05-04,70.0,58.0,16.0,8.0,11.0,10.0,"Nerul, Navi Mumbai"
2023-05-05,70.0,58.0,16.0,8.0,10.0,9.0,"Nerul, Navi Mumbai"
2023-05-06,64.0,62.0,16.0,7.0,11.0,10.0,"Nerul, Navi Mumbai"
2023-05-07,69.0,57.0,16.0,7.0,10.0,9.0,"Nerul, Navi Mumbai"
2023-05-08,61.0,69.0,16.0,7.0,9.0,9.0,"Nerul, Navi Mumbai"
2023-05-09,62.0,90.0,16.0,7.0,9.0,10.0,"Nerul, Navi Mumbai"
2023-05-10,78.0,94.0,16.0,7.0,10.0,10.0,"Nerul, Navi Mumbai"
2023-05-11,83.0,99.0,16.0,7.0,9.0,11.0,"Nerul, Navi Mumbai"
2023-05-12,87.0,71.0,16.0,7.0,9.0,9.0,"Nerul, Navi Mumbai"
2023-05-13,51.0,52.0,16.0,7.0,10.0,9.0,"Nerul, Navi Mumbai"
2023-05-14,21.0,56.0,16.0,7.0,10.0,9.0,"Nerul, Navi Mumbai"
2023-05-15,49.0,68.0,16.0,7.0,11.0,9.0,"Nerul, Navi Mumbai"
2023-05-16,57.0,57.0,23.0,8.0,10.0,13.0,"Nerul, Navi Mumbai"
2023-05-17,43.0,59.0,22.65714285714286,7.0,9.0,12.0,"Nerul, Navi Mumbai"
2023-05-18,38.0,63.0,22.314285714285713,6.0,9.0,12.0,"Nerul, Navi Mumbai"
2023-05-19,45.0,63.333333333333336,21.97142857142857,5.666666666666667,9.0,12.0,"Nerul, Navi Mumbai"
2023-05-21,48.333333333333336,64.0,16.0,5.0,9.0,12.0,"Nerul, Navi Mumbai"
2023-05-22,50.0,77.0,16.0,5.0,9.0,13.0,"Nerul, Navi Mumbai"
2023-05-23,58.0,62.0,16.0,5.0,9.0,12.0,"Nerul, Navi Mumbai"
2023-05-24,43.0,43.0,16.0,5.0,9.0,11.0,"Nerul, Navi Mumbai"
2023-05-25,29.0,45.0,16.0,5.0,9.0,11.0,"Nerul, Navi Mumbai"
2023-05-26,38.0,50.0,16.0,5.0,9.0,11.0,"Nerul, Navi Mumbai"
2023-05-27,44.0,53.0,16.0,5.0,9.0,11.0,"Nerul, Navi Mumbai"
2023-05-28,44.0,56.0,16.0,5.0,9.0,12.0,"Nerul, Navi Mumbai"
2023-05-29,57.0,81.0,16.0,5.0,9.0,12.0,"Nerul, Navi Mumbai"
2023-05-30,83.0,81.0,16.0,5.0,10.0,12.0,"Nerul, Navi Mumbai"
2023-05-31,84.0,98.0,16.0,5.0,10.0,13.0,"Nerul, Navi Mumbai"
2023-06-01,79.0,59.0,5.0,5.0,10.0,12.0,"Nerul, Navi Mumbai"
2023-06-02,59.0,50.0,5.0,5.0,9.0,12.0,"Nerul, Navi Mumbai"
2023-06-03,46.0,56.0,5.0,5.0,9.0,12.0,"Nerul, Navi Mumbai"
2023-06-04,47.0,59.0,5.0,5.0,9.0,12.0,"Nerul, Navi Mumbai"
2023-06-05,55.0,66.0,5.0,5.0,10.0,11.0,"Nerul, Navi Mumbai"
2023-06-06,62.0,138.0,5.0,5.0,10.0,11.0,"Nerul, Navi Mumbai"
2023-06-07,63.0,189.0,5.0,5.0,9.0,11.0,"Nerul, Navi Mumbai"
2023-06-08,54.0,240.0,5.0,5.0,9.0,11.0,"Nerul, Navi Mumbai"
2023-06-09,56.0,177.0,5.0,5.0,9.0,11.0,"Nerul, Navi Mumbai"
2023-06-10,51.0,134.0,5.0,5.0,9.0,11.0,"Nerul, Navi Mumbai"
2023-06-11,56.0,50.0,5.0,5.0,9.0,11.0,"Nerul, Navi Mumbai"
2023-06-12,54.0,50.0,5.0,4.0,10.0,13.0,"Nerul, Navi Mumbai"
2023-06-13,62.0,50.0,5.0,5.0,8.0,10.0,"Nerul, Navi Mumbai"
2023-06-14,62.0,50.0,5.0,5.0,5.0,3.0,"Nerul, Navi Mumbai"
2023-06-15,59.0,50.0,5.0,5.0,6.0,3.0,"Nerul, Navi Mumbai"
2023-06-16,57.0,53.5,5.0,5.0,5.0,3.0,"Nerul, Navi Mumbai"
2023-06-17,61.0,57.0,5.0,5.0,4.0,2.0,"Nerul, Navi Mumbai"
2023-06-18,60.0,203.0,5.0,5.0,6.0,7.0,"Nerul, Navi Mumbai"
2023-06-19,61.0,231.0,5.0,5.0,12.0,7.0,"Nerul, Navi Mumbai"
2023-06-20,71.0,140.5,11.0,4.0,16.0,5.0,"Nerul, Navi Mumbai"
2023-06-21,44.0,50.0,9.857142857142858,5.0,15.0,7.0,"Nerul, Navi Mumbai"
2023-06-22,68.0,94.0,8.714285714285715,5.0,7.0,8.0,"Nerul, Navi Mumbai"
2023-06-23,67.0,72.0,7.571428571428571,5.0,7.0,10.0,"Nerul, Navi Mumbai"
2023-06-24,55.0,50.0,5.0,5.0,7.0,12.0,"Nerul, Navi Mumbai"
2023-06-25,59.0,43.75,5.0,5.0,7.0,9.0,"Nerul, Navi Mumbai"
2023-06-26,59.0,37.5,5.0,5.0,6.0,10.0,"Nerul, Navi Mumbai"
2023-06-27,56.0,31.25,3.0,5.0,6.0,12.0,"Nerul, Navi Mumbai"
2023-06-28,55.0,25.0,2.5,5.0,6.0,9.0,"Nerul, Navi Mumbai"
2023-06-29,47.0,21.0,2.0,6.0,5.0,8.0,"Nerul, Navi Mumbai"
2023-06-30,46.0,32.0,2.3333333333333335,5.0,5.0,11.0,"Nerul, Navi Mumbai"
2023-07-01,58.0,24.0,2.6666666666666665,5.0,5.0,9.0,"Nerul, Navi Mumbai"
2023-07-02,45.0,18.0,3.0,5.0,6.0,16.0,"Nerul, Navi Mumbai"
2023-07-03,41.0,20.0,2.0,5.0,6.0,22.0,"Nerul, Navi Mumbai"
2023-07-04,44.0,35.0,1.0,5.0,5.0,19.0,"Nerul, Navi Mumbai"
2023-07-05,41.5,19.0,1.0113636363636365,5.0,5.0,20.0,"Nerul, Navi Mumbai"
2023-07-06,39.0,22.0,1.0227272727272727,5.0,6.0,17.0,"Nerul, Navi Mumbai"
2023-07-07,39.0,44.0,1.0340909090909092,5.0,6.0,14.0,"Nerul, Navi Mumbai"
2023-07-08,62.0,43.0,6.0,4.0,6.0,7.0,"Nerul, Navi Mumbai"
2023-07-09,56.0,44.0,6.0,5.0,6.0,7.0,"Nerul, Navi Mumbai"
2023-07-10,55.0,48.0,6.0,5.0,6.0,7.0,"Nerul, Navi Mumbai"
2023-07-11,59.0,51.0,6.0,4.0,5.0,7.0,"Nerul, Navi Mumbai"
2023-07-12,54.0,37.0,6.0,4.0,5.5,7.0,"Nerul, Navi Mumbai"
2023-07-13,54.0,23.0,6.0,4.0,6.0,7.0,"Nerul, Navi Mumbai"
2023-07-14,54.0,41.0,6.0,5.0,6.0,7.0,"Nerul, Navi Mumbai"
2023-07-15,56.0,32.0,6.0,4.0,6.0,6.0,"Nerul, Navi Mumbai"
2023-07-16,49.0,20.0,6.0,5.0,5.0,6.0,"Nerul, Navi Mumbai"
2023-07-17,40.0,25.0,6.0,5.0,3.0,6.0,"Nerul, Navi Mumbai"
2023-07-18,43.0,26.0,6.0,5.0,5.0,6.0,"Nerul, Navi Mumbai"
2023-07-19,53.0,39.0,6.0,5.0,5.0,6.0,"Nerul, Navi Mumbai"
2023-07-20,61.0,25.0,6.0,5.0,5.0,6.0,"Nerul, Navi Mumbai"
2023-07-21,57.0,28.0,6.0,5.0,5.0,6.0,"Nerul, Navi Mumbai"
2023-07-22,54.0,24.0,6.0,5.0,5.0,6.0,"Nerul, Navi Mumbai"
2023-07-23,43.0,30.0,6.0,5.0,5.0,5.0,"Nerul, Navi Mumbai"
2023-07-24,46.0,28.0,6.0,5.0,5.0,6.0,"Nerul, Navi Mumbai"
2023-07-25,43.0,14.0,6.0,5.0,5.0,6.0,"Nerul, Navi Mumbai"
2023-07-26,40.0,23.0,6.0,5.0,5.0,6.0,"Nerul, Navi Mumbai"
2023-07-27,45.0,29.0,6.0,5.0,5.0,6.0,"Nerul, Navi Mumbai"
2023-07-28,47.0,33.0,6.0,5.0,5.0,6.0,"Nerul, Navi Mumbai"
2023-07-29,50.0,33.0,6.0,5.0,5.0,5.0,"Nerul, Navi Mumbai"
2023-07-30,47.0,38.0,6.0,6.0,6.0,8.0,"Nerul, Navi Mumbai"
2023-07-31,49.0,35.0,6.0,6.0,5.0,8.0,"Nerul, Navi Mumbai"
2023-08-01,49.0,44.0,7.0,6.0,4.0,5.0,"Nerul, Navi Mumbai"
2023-08-02,47.0,40.0,7.0,4.0,5.0,5.0,"Nerul, Navi Mumbai"
2023-08-03,52.0,41.0,7.0,4.0,5.0,5.0,"Nerul, Navi Mumbai"
2023-08-04,53.0,42.0,7.0,4.0,5.0,5.0,"Nerul, Navi Mumbai"
2023-08-05,50.0,47.0,7.0,4.0,6.0,5.0,"Nerul, Navi Mumbai"
2023-08-06,52.0,47.0,7.0,4.0,6.0,5.0,"Nerul, Navi Mumbai"
2023-08-07,49.0,46.0,7.0,4.0,6.0,5.0,"Nerul, Navi Mumbai"
2023-08-08,49.0,45.0,7.0,4.0,6.0,5.0,"Nerul, Navi Mumbai"
2023-08-09,49.0,39.0,7.0,4.0,6.0,5.0,"Nerul, Navi Mumbai"
2023-08-10,44.0,40.0,7.0,4.0,6.0,5.0,"Nerul, Navi Mumbai"
2023-08-11,45.0,38.0,7.0,4.0,6.0,5.0,"Nerul, Navi Mumbai"
2023-08-12,46.0,41.0,7.0,4.0,6.0,5.0,"Nerul, Navi Mumbai"
2023-08-13,39.0,44.0,7.0,4.0,5.0,5.0,"Nerul, Navi Mumbai"
2023-08-14,43.0,38.0,7.0,4.0,5.0,5.0,"Nerul, Navi Mumbai"
2023-08-15,44.0,37.0,7.0,4.0,5.0,5.0,"Nerul, Navi Mumbai"
2023-08-16,43.0,33.0,7.0,4.0,5.0,4.0,"Nerul, Navi Mumbai"
2023-08-17,38.0,34.0,7.0,4.0,3.0,3.0,"Nerul, Navi Mumbai"
2023-08-18,28.0,42.0,7.0,4.0,1.0,3.0,"Nerul, Navi Mumbai"
2023-08-19,43.0,39.0,7.0,4.0,1.5,3.0,"Nerul, Navi Mumbai"
2023-08-20,42.0,39.0,7.0,4.0,2.0,4.0,"Nerul, Navi Mumbai"
2023-08-21,44.0,40.0,7.0,4.0,5.0,5.0,"Nerul, Navi Mumbai"
2023-08-22,52.0,31.0,7.0,4.0,5.0,5.0,"Nerul, Navi Mumbai"
2023-08-23,41.0,28.0,7.0,4.0,5.0,3.0,"Nerul, Navi Mumbai"
2023-08-24,29.0,31.0,7.0,4.0,5.0,5.0,"Nerul, Navi Mumbai"
2023-08-25,34.0,18.0,7.0,4.0,5.0,3.0,"Nerul, Navi Mumbai"
2023-08-26,26.0,19.0,7.0,4.0,5.0,3.0,"Nerul, Navi Mumbai"
2023-08-27,27.0,62.0,7.0,4.0,6.0,5.0,"Nerul, Navi Mumbai"
2023-08-28,41.0,51.0,7.0,4.0,5.0,4.0,"Nerul, Navi Mumbai"
2023-08-29,45.0,67.0,7.0,4.0,5.0,5.0,"Nerul, Navi Mumbai"
2023-08-30,55.0,72.0,7.0,4.0,5.0,7.0,"Nerul, Navi Mumbai"
2023-08-31,67.0,62.0,7.0,4.0,4.0,5.0,"Nerul, Navi Mumbai"
2023-09-01,64.0,43.0,8.0,4.0,4.0,6.0,"Nerul, Navi Mumbai"
2023-09-02,58.0,52.0,8.0,4.0,4.0,8.0,"Nerul, Navi Mumbai"
2023-09-03,62.0,62.0,8.0,4.0,4.0,7.0,"Nerul, Navi Mumbai"
2023-09-04,67.0,76.0,8.0,4.0,4.0,9.0,"Nerul, Navi Mumbai"
2023-09-05,81.0,76.0,8.0,4.0,4.0,8.0,"Nerul, Navi Mumbai"
2023-09-06,77.0,32.0,8.0,4.0,4.0,5.0,"Nerul, Navi Mumbai"
2023-09-07,55.0,33.0,8.0,4.0,4.0,7.0,"Nerul, Navi Mumbai"
2023-09-08,58.0,39.0,8.0,4.0,4.0,7.0,"Nerul, Navi Mumbai"
2023-09-09,57.0,25.0,8.0,4.0,4.0,4.0,"Nerul, Navi Mumbai"
2023-09-10,33.0,39.0,8.0,4.0,4.0,5.0,"Nerul, Navi Mumbai"
2023-09-11,41.0,45.0,8.0,4.0,4.0,4.0,"Nerul, Navi Mumbai"
2023-09-12,50.0,47.0,8.0,4.0,4.0,5.0,"Nerul, Navi Mumbai"
2023-09-13,50.0,40.0,8.0,4.0,4.0,7.0,"Nerul, Navi Mumbai"
2023-09-14,55.0,45.0,8.0,4.0,4.0,7.0,"Nerul, Navi Mumbai"
2023-09-15,55.0,40.0,8.0,5.0,4.0,6.0,"Nerul, Navi Mumbai"
2023-09-16,41.0,34.0,8.0,4.0,4.0,4.0,"Nerul, Navi Mumbai"
2023-09-17,42.0,28.0,8.0,4.0,7.0,4.0,"Nerul, Navi Mumbai"
2023-09-18,70.0,30.0,8.0,4.0,10.0,3.0,"Nerul, Navi Mumbai"
2023-09-19,43.0,23.0,8.0,4.0,8.0,3.0,"Nerul, Navi Mumbai"
2023-09-20,29.0,32.0,8.0,4.0,6.0,4.0,"Nerul, Navi Mumbai"
2023-09-21,39.0,30.0,8.0,5.0,6.0,4.0,"Nerul, Navi Mumbai"
2023-09-22,38.0,34.0,8.0,5.0,6.0,4.0,"Nerul, Navi Mumbai"
2023-09-23,52.0,35.0,8.0,4.0,6.0,4.0,"Nerul, Navi Mumbai"
2023-09-24,62.0,42.0,8.0,4.0,6.0,4.0,"Nerul, Navi Mumbai"
2023-09-25,59.0,57.0,8.0,4.0,6.0,5.0,"Nerul, Navi Mumbai"
2023-09-26,74.0,41.0,8.0,4.0,6.0,5.0,"Nerul, Navi Mumbai"
2023-09-27,74.0,55.0,8.0,4.0,7.0,6.0,"Nerul, Navi Mumbai"
2023-09-28,106.0,52.0,8.0,4.0,6.0,7.0,"Nerul, Navi Mumbai"
2023-09-29,100.0,50.0,8.0,4.0,6.0,5.0,"Nerul, Navi Mumbai"
2023-09-30,85.0,54.0,2.0,4.0,6.0,6.0,"Nerul, Navi Mumbai"
2023-10-01,103.0,61.0,2.032258064516129,4.0,6.0,6.0,"Nerul, Navi Mumbai"
2023-10-02,86.0,77.0,2.064516129032258,4.0,7.0,5.0,"Nerul, Navi Mumbai"
2023-10-03,84.0,101.0,2.096774193548387,5.0,6.0,7.0,"Nerul, Navi Mumbai"
2023-10-04,112.0,92.0,9.0,5.0,6.0,6.0,"Nerul, Navi Mumbai"
2023-10-05,113.0,79.0,9.0,5.0,7.0,6.0,"Nerul, Navi Mumbai"
2023-10-06,109.0,81.0,9.0,5.0,6.0,6.0,"Nerul, Navi Mumbai"
2023-10-07,123.0,89.0,9.0,4.0,6.0,7.0,"Nerul, Navi Mumbai"
2023-10-08,143.0,95.0,9.0,4.0,6.0,7.0,"Nerul, Navi Mumbai"
2023-10-09,123.0,90.0,9.0,3.0,6.0,5.0,"Nerul, Navi Mumbai"
2023-10-10,125.0,76.0,9.0,2.0,9.0,4.0,"Nerul, Navi Mumbai"
2023-10-11,108.0,89.0,9.0,2.0,9.0,5.0,"Nerul, Navi Mumbai"
2023-10-12,145.0,111.0,9.0,2.0,8.0,6.0,"Nerul, Navi Mumbai"
2023-10-13,159.0,122.0,9.0,2.0,9.0,7.0,"Nerul, Navi Mumbai"
2023-10-14,166.0,113.0,9.0,2.0,9.0,6.0,"Nerul, Navi Mumbai"
2023-10-15,165.0,102.0,9.0,2.0,9.0,6.0,"Nerul, Navi Mumbai"
2023-10-16,162.0,136.0,9.0,2.0,9.0,8.0,"Nerul, Navi Mumbai"
2023-10-17,170.0,117.0,9.0,2.0,9.0,7.0,"Nerul, Navi Mumbai"
2023-10-18,172.0,95.0,9.0,2.0,9.0,6.0,"Nerul, Navi Mumbai"
2023-10-19,154.0,113.0,9.0,2.0,9.0,8.0,"Nerul, Navi Mumbai"
2023-10-20,163.0,104.0,9.0,2.0,9.0,8.0,"Nerul, Navi Mumbai"
2023-10-21,163.0,113.0,9.0,2.0,9.0,9.0,"Nerul, Navi Mumbai"
2023-10-22,166.0,118.0,9.0,2.0,9.0,10.0,"Nerul, Navi Mumbai"
2023-10-23,171.0,122.0,9.0,2.0,9.0,10.0,"Nerul, Navi Mumbai"
2023-10-24,159.0,107.0,9.0,2.0,9.0,9.0,"Nerul, Navi Mumbai"
2023-10-25,160.0,119.0,9.0,2.0,9.0,9.0,"Nerul, Navi Mumbai"
2023-10-26,146.0,120.0,9.0,2.0,9.0,8.0,"Nerul, Navi Mumbai"
2023-10-27,141.0,112.0,9.0,2.0,9.0,9.0,"Nerul, Navi Mumbai"
2023-10-28,146.0,114.0,9.0,2.0,9.0,10.0,"Nerul, Navi Mumbai"
2023-10-29,154.0,118.0,9.0,2.0,9.0,11.0,"Nerul, Navi Mumbai"
2023-10-30,161.0,125.0,9.0,2.0,9.0,12.0,"Nerul, Navi Mumbai"
2023-10-31,166.0,114.0,3.0,2.0,8.0,11.0,"Nerul, Navi Mumbai"
2023-11-01,160.0,114.0,3.4444444444444446,3.0,6.0,11.0,"Nerul, Navi Mumbai"
2023-11-02,167.0,125.0,3.888888888888889,2.0,6.0,12.0,"Nerul, Navi Mumbai"
2023-11-03,171.0,110.0,4.333333333333333,2.0,6.0,12.0,"Nerul, Navi Mumbai"
2023-11-04,168.0,131.0,13.0,2.0,7.0,13.0,"Nerul, Navi Mumbai"
2023-11-05,177.0,125.0,13.0,2.0,6.0,14.0,"Nerul, Navi Mumbai"
2023-11-06,177.0,117.0,13.0,2.0,5.0,13.0,"Nerul, Navi Mumbai"
2023-11-07,128.0,88.0,13.0,3.0,4.0,11.0,"Nerul, Navi Mumbai"
2023-11-08,76.0,71.0,13.0,11.0,3.0,10.0,"Nerul, Navi Mumbai"
2023-11-09,94.0,46.0,13.0,9.0,5.0,9.0,"Nerul, Navi Mumbai"
2023-11-10,64.0,64.0,13.0,12.0,6.0,11.0,"Nerul, Navi Mumbai"
2023-11-11,102.0,65.875,13.0,12.5,5.625,11.5,"Nerul, Navi Mumbai"
2023-11-18,128.25,79.0,13.0,16.0,3.0,15.0,"Nerul, Navi Mumbai"
2023-11-19,132.0,68.0,13.0,17.0,3.0,16.0,"Nerul, Navi Mumbai"
2023-11-20,117.0,66.0,13.0,14.5,3.5,14.0,"Nerul, Navi Mumbai"
2023-11-21,109.5,64.0,13.0,12.0,4.0,12.0,"Nerul, Navi Mumbai"
2023-11-22,102.0,78.0,13.0,14.0,4.0,13.0,"Nerul, Navi Mumbai"
2023-11-23,135.0,101.0,13.0,20.0,4.0,19.0,"Nerul, Navi Mumbai"
2023-11-24,151.0,66.0,13.0,14.0,4.0,13.0,"Nerul, Navi Mumbai"
2023-11-25,91.0,58.0,13.0,14.0,4.0,13.0,"Nerul, Navi Mumbai"
2023-11-26,71.0,28.0,13.0,6.0,3.0,5.0,"Nerul, Navi Mumbai"
2023-11-27,28.0,53.0,15.0,8.0,3.0,8.0,"Nerul, Navi Mumbai"
2023-11-28,74.0,62.0,16.0,8.0,5.0,8.0,"Nerul, Navi Mumbai"
2023-11-29,97.0,64.0,16.0,9.0,4.0,8.0,"Nerul, Navi Mumbai"
2023-11-30,111.0,81.0,18.0,11.0,5.0,11.0,"Nerul, Navi Mumbai"
2023-12-01,128.0,74.0,21.0,10.0,5.0,10.0,"Nerul, Navi Mumbai"
2023-12-02,126.0,79.0,22.0,13.0,6.0,12.0,"Nerul, Navi Mumbai"
2023-12-03,130.0,70.0,19.0,11.0,6.0,10.0,"Nerul, Navi Mumbai"
2023-12-04,123.0,62.0,16.0,9.0,6.0,8.0,"Nerul, Navi Mumbai"
2023-12-05,106.0,59.5,15.5,8.5,6.0,8.0,"Nerul, Navi Mumbai"
2023-12-06,97.5,57.0,15.0,8.0,6.0,8.0,"Nerul, Navi Mumbai"
2023-12-07,89.0,94.0,17.0,9.0,6.0,8.0,"Nerul, Navi Mumbai"
2023-12-08,95.0,76.0,17.0,9.0,5.0,8.0,"Nerul, Navi Mumbai"
2023-12-09,118.0,63.0,18.0,9.0,6.0,8.0,"Nerul, Navi Mumbai"
2023-12-10,103.0,78.0,19.0,12.0,5.0,11.0,"Nerul, Navi Mumbai"
2023-12-11,137.0,87.0,19.0,12.0,4.0,11.0,"Nerul, Navi Mumbai"
2023-12-12,126.0,74.5,18.5,9.5,4.0,9.0,"Nerul, Navi Mumbai"
2023-12-13,108.5,62.0,18.0,7.0,4.0,7.0,"Nerul, Navi Mumbai"
2023-12-14,91.0,103.0,20.0,13.0,4.0,12.0,"Nerul, Navi Mumbai"
2023-12-15,139.0,84.0,22.0,13.0,4.0,12.0,"Nerul, Navi Mumbai"
2023-12-16,121.0,71.0,20.0,11.0,4.0,10.0,"Nerul, Navi Mumbai"
2023-12-17,125.0,71.0,19.0,11.0,3.0,11.0,"Nerul, Navi Mumbai"
2023-12-18,132.0,66.0,17.0,10.0,3.0,9.0,"Nerul, Navi Mumbai"
2023-12-19,118.0,61.0,18.0,11.0,3.0,11.0,"Nerul, Navi Mumbai"
2023-12-20,99.0,86.0,25.0,14.0,4.0,14.0,"Nerul, Navi Mumbai"
2023-12-21,121.0,122.0,27.0,15.0,8.0,14.0,"Nerul, Navi Mumbai"
2023-12-22,158.0,120.0,16.0,9.0,11.0,9.0,"Nerul, Navi Mumbai"
2023-12-23,159.0,96.0,17.0,9.0,9.0,8.0,"Nerul, Navi Mumbai"
2023-12-24,149.0,96.0,19.0,9.0,9.0,9.0,"Nerul, Navi Mumbai"
2023-12-25,149.0,113.0,25.0,14.0,9.0,13.0,"Nerul, Navi Mumbai"
2023-12-26,158.0,115.0,31.0,20.0,9.0,19.0,"Nerul, Navi Mumbai"
2023-12-27,163.0,112.0,28.0,17.0,10.0,16.0,"Nerul, Navi Mumbai"
2023-12-28,159.0,115.0,28.0,21.0,11.0,20.0,"Nerul, Navi Mumbai"
2023-12-29,166.0,111.0,28.0,23.0,6.0,21.0,"Nerul, Navi Mumbai"
2023-12-30,165.0,90.0,22.0,13.0,6.0,12.0,"Nerul, Navi Mumbai"
2023-12-31,134.0,93.0,24.0,14.0,6.0,13.0,"Nerul, Navi Mumbai"
2024-01-01,150.0,98.0,19.0,12.0,6.0,12.0,"Nerul, Navi Mumbai"
2024-01-02,162.0,107.0,17.0,9.0,4.0,9.0,"Nerul, Navi Mumbai"
2024-01-03,163.0,103.0,18.0,10.0,4.0,10.0,"Nerul, Navi Mumbai"
2024-01-04,152.0,98.0,16.0,8.0,5.0,7.0,"Nerul, Navi Mumbai"
2024-01-05,147.0,84.0,16.0,7.0,6.0,6.0,"Nerul, Navi Mumbai"
2024-01-06,142.0,98.0,17.0,8.0,6.0,8.0,"Nerul, Navi Mumbai"
2024-01-07,139.0,73.0,13.0,4.0,7.0,4.0,"Nerul, Navi Mumbai"
2024-01-08,121.0,102.0,16.0,8.0,7.0,7.0,"Nerul, Navi Mumbai"
2024-01-09,144.0,54.0,10.0,2.0,4.0,2.0,"Nerul, Navi Mumbai"
2024-01-10,84.0,74.0,15.0,8.0,4.0,8.0,"Nerul, Navi Mumbai"
2024-01-11,133.0,122.0,18.0,7.0,1.0,6.0,"Nerul, Navi Mumbai"
2024-01-12,171.0,93.0,14.0,6.0,1.0,5.0,"Nerul, Navi Mumbai"
2024-01-13,144.0,84.0,12.0,5.0,1.0,4.0,"Nerul, Navi Mumbai"
2024-01-14,138.0,41.0,13.0,6.0,2.0,6.0,"Nerul, Navi Mumbai"
2024-01-15,49.0,82.0,16.0,9.0,2.0,8.0,"Nerul, Navi Mumbai"
2024-01-16,111.0,88.0,18.0,9.0,2.0,9.0,"Nerul, Navi Mumbai"
2024-01-17,120.0,88.0,18.0,9.0,5.0,8.0,"Nerul, Navi Mumbai"
2024-01-18,120.0,113.0,18.0,10.0,5.0,10.0,"Nerul, Navi Mumbai"
2024-01-19,148.0,110.0,21.0,12.0,5.0,12.0,"Nerul, Navi Mumbai"
2024-01-20,149.0,79.0,17.0,11.0,5.0,10.0,"Nerul, Navi Mumbai"
2024-01-21,129.0,88.0,20.0,11.0,6.0,10.0,"Nerul, Navi Mumbai"
2024-01-22,130.0,87.0,19.0,11.0,6.0,10.0,"Nerul, Navi Mumbai"
2024-01-23,115.0,87.0,17.0,10.0,5.0,9.0,"Nerul, Navi Mumbai"
2024-01-24,118.0,79.0,18.0,10.0,4.0,9.0,"Nerul, Navi Mumbai"
2024-01-25,107.0,93.0,23.0,14.0,5.0,13.0,"Nerul, Navi Mumbai"
2024-01-26,130.0,93.0,22.0,15.0,5.0,14.0,"Nerul, Navi Mumbai"
2024-01-27,144.0,191.0,22.0,14.0,5.0,13.0,"Nerul, Navi Mumbai"
2024-01-28,124.0,81.0,20.0,11.0,5.0,10.0,"Nerul, Navi Mumbai"
2024-01-29,168.0,120.0,19.0,12.0,6.0,11.0,"Nerul, Navi Mumbai"
2024-01-30,176.0,156.0,19.0,10.0,6.0,10.0,"Nerul, Navi Mumbai"
2024-01-31,138.0,96.0,20.0,13.0,7.0,12.0,"Nerul, Navi Mumbai"
2024-02-01,125.0,75.0,17.0,10.0,6.0,9.0,"Nerul, Navi Mumbai"
2024-02-02,99.0,90.0,17.0,10.0,5.0,9.0,"Nerul, Navi Mumbai"
2024-02-03,122.0,111.0,21.0,14.0,5.0,13.0,"Nerul, Navi Mumbai"
2024-02-04,151.0,113.0,24.0,15.0,4.0,14.0,"Nerul, Navi Mumbai"
2024-02-05,145.0,168.0,22.0,15.0,3.0,14.0,"Nerul, Navi Mumbai"
2024-02-06,172.0,164.0,20.0,10.0,6.0,9.0,"Nerul, Navi Mumbai"
2024-02-07,179.0,87.0,16.0,7.0,7.0,7.0,"Nerul, Navi Mumbai"
2024-02-08,121.0,136.0,19.0,11.0,7.0,10.0,"Nerul, Navi Mumbai"
2024-02-09,138.0,141.0,16.0,9.0,6.0,8.0,"Nerul, Navi Mumbai"
2024-02-10,166.0,101.0,17.0,9.0,7.0,9.0,"Nerul, Navi Mumbai"
2024-02-11,132.0,121.0,20.0,13.0,7.0,12.0,"Nerul, Navi Mumbai"
2024-02-12,151.0,131.0,20.0,13.0,9.0,12.0,"Nerul, Navi Mumbai"
2024-02-13,152.0,91.0,17.0,9.0,10.0,8.0,"Nerul, Navi Mumbai"
2024-02-14,132.0,119.0,17.0,10.0,8.0,10.0,"Nerul, Navi Mumbai"
2024-02-15,156.0,230.0,22.0,14.0,7.0,13.0,"Nerul, Navi Mumbai"
2024-02-16,176.0,179.0,23.0,15.0,3.0,14.0,"Nerul, Navi Mumbai"
2024-02-17,177.0,91.0,16.0,9.0,4.0,9.0,"Nerul, Navi Mumbai"
2024-02-18,142.0,118.0,19.0,10.0,4.0,10.0,"Nerul, Navi Mumbai"
2024-02-19,131.0,87.0,17.0,8.0,5.0,8.0,"Nerul, Navi Mumbai"
2024-02-20,88.0,114.0,17.0,7.0,4.0,7.0,"Nerul, Navi Mumbai"
2024-02-21,98.0,76.0,13.0,6.0,4.0,5.0,"Nerul, Navi Mumbai"
2024-02-22,75.0,125.0,16.0,8.0,5.0,8.0,"Nerul, Navi Mumbai"
2024-02-23,123.0,133.0,16.0,10.0,5.0,9.0,"Nerul, Navi Mumbai"
2024-02-24,162.0,108.0,16.0,9.0,6.0,8.0,"Nerul, Navi Mumbai"
2024-02-25,128.0,168.0,23.0,15.0,5.0,15.0,"Nerul, Navi Mumbai"
2024-02-26,171.0,183.0,23.0,16.0,4.0,15.0,"Nerul, Navi Mumbai"
2024-02-27,176.0,131.0,19.0,13.0,5.0,12.0,"Nerul, Navi Mumbai"
2024-02-28,160.0,148.0,21.0,12.0,5.0,12.0,"Nerul, Navi Mumbai"
2024-02-29,154.0,276.0,20.0,14.0,6.0,13.0,"Nerul, Navi Mumbai"
2024-03-01,259.0,108.0,17.0,8.0,6.0,7.0,"Nerul, Navi Mumbai"
2024-03-02,109.0,84.0,13.0,6.0,6.0,5.0,"Nerul, Navi Mumbai"
2024-03-03,69.0,67.0,14.0,6.0,6.0,6.0,"Nerul, Navi Mumbai"
2024-03-04,77.0,113.0,17.0,9.0,7.0,9.0,"Nerul, Navi Mumbai"
2024-03-05,129.0,195.0,21.0,14.0,8.0,13.0,"Nerul, Navi Mumbai"
2024-03-06,153.0,210.0,22.0,15.0,9.0,14.0,"Nerul, Navi Mumbai"
2024-03-07,166.0,98.0,18.0,9.0,10.0,9.0,"Nerul, Navi Mumbai"
2024-03-08,122.0,108.0,18.0,11.0,9.0,10.0,"Nerul, Navi Mumbai"
2024-03-09,138.0,195.0,22.0,13.0,7.0,12.0,"Nerul, Navi Mumbai"
2024-03-10,139.0,116.0,21.0,13.0,8.0,12.0,"Nerul, Navi Mumbai"
2024-03-11,143.0,205.0,18.0,11.0,6.0,11.0,"Nerul, Navi Mumbai"
2024-03-12,146.0,93.0,14.0,5.0,4.0,5.0,"Nerul, Navi Mumbai"
2024-03-13,98.0,126.0,14.0,7.0,4.0,7.0,"Nerul, Navi Mumbai"
2024-03-14,132.0,127.5,13.5,6.0,5.0,6.5,"Nerul, Navi Mumbai"
2024-03-15,125.5,129.0,13.0,5.0,6.0,6.0,"Nerul, Navi Mumbai"
2024-03-16,119.0,165.0,12.5,6.0,6.0,5.0,"Nerul, Navi Mumbai"
2024-03-17,129.0,113.0,12.0,5.0,6.0,4.0,"Nerul, Navi Mumbai"
2024-03-18,131.0,120.0,12.0,5.0,6.0,4.0,"Nerul, Navi Mumbai"
2024-03-19,134.0,198.0,17.0,9.0,4.0,8.0,"Nerul, Navi Mumbai"
2024-03-20,150.0,118.0,19.0,10.0,4.0,10.0,"Nerul, Navi Mumbai"
2024-03-21,170.0,168.0,21.0,10.0,5.0,10.0,"Nerul, Navi Mumbai"
2024-03-22,168.0,117.0,18.0,7.0,5.0,7.0,"Nerul, Navi Mumbai"
2024-03-23,155.0,99.0,15.0,7.0,3.0,7.0,"Nerul, Navi Mumbai"
2024-03-24,139.0,108.0,19.0,11.0,3.0,11.0,"Nerul, Navi Mumbai"
2024-03-25,168.0,95.0,13.0,6.0,3.0,6.0,"Nerul, Navi Mumbai"
2024-03-26,128.0,97.0,12.0,5.0,3.0,4.0,"Nerul, Navi Mumbai"
2024-03-27,111.0,105.0,14.0,6.0,3.0,6.0,"Nerul, Navi Mumbai"
2024-03-28,121.0,98.0,16.0,7.0,4.0,7.0,"Nerul, Navi Mumbai"
2024-03-29,132.0,114.0,14.0,6.0,4.0,5.0,"Nerul, Navi Mumbai"
2024-03-30,133.0,109.0,15.0,7.0,3.0,6.0,"Nerul, Navi Mumbai"
2024-03-31,133.0,112.0,15.0,8.0,4.0,7.0,"Nerul, Navi Mumbai"
2024-04-01,142.0,127.5,14.5,7.5,4.5,7.0,"Nerul, Navi Mumbai"
2024-04-02,145.5,143.0,14.0,7.0,5.0,7.0,"Nerul, Navi Mumbai"
2024-04-03,149.0,88.0,15.0,9.0,7.0,8.0,"Nerul, Navi Mumbai"
2024-04-04,122.0,117.0,12.0,6.0,7.0,5.0,"Nerul, Navi Mumbai"
2024-04-05,117.0,109.33333333333333,13.0,6.5,7.0,6.0,"Nerul, Navi Mumbai"
2024-04-06,128.0,101.66666666666667,14.0,7.0,7.0,7.0,"Nerul, Navi Mumbai"
2024-04-07,139.0,94.0,21.0,8.0,7.0,6.0,"Nerul, Navi Mumbai"
2024-04-08,127.0,99.0,24.0,19.0,6.0,6.0,"Nerul, Navi Mumbai"
2024-04-09,126.0,95.0,19.0,16.0,6.0,5.0,"Nerul, Navi Mumbai"
2024-04-10,119.0,94.0,24.0,20.0,6.0,6.0,"Nerul, Navi Mumbai"
2024-04-11,117.0,100.0,23.0,19.0,7.0,6.0,"Nerul, Navi Mumbai"
2024-04-12,110.5,106.0,22.0,18.0,8.0,6.0,"Nerul, Navi Mumbai"
2024-04-13,104.0,85.0,22.0,18.0,8.0,5.0,"Nerul, Navi Mumbai"
2024-04-14,101.0,98.0,26.0,20.0,8.0,6.0,"Nerul, Navi Mumbai"
2024-04-15,131.0,122.0,33.0,27.0,7.0,9.0,"Nerul, Navi Mumbai"
2024-04-16,159.0,94.0,19.0,16.0,6.0,5.0,"Nerul, Navi Mumbai"
2024-04-17,115.0,111.0,22.0,20.0,7.0,6.0,"Nerul, Navi Mumbai"
2024-04-18,138.0,94.0,24.0,18.0,7.0,6.0,"Nerul, Navi Mumbai"
2024-04-19,112.0,100.0,22.0,20.0,7.0,6.0,"Nerul, Navi Mumbai"
2024-04-20,107.0,76.0,24.0,19.0,9.0,6.0,"Nerul, Navi Mumbai"
2024-04-21,84.0,98.0,21.0,15.0,8.0,5.0,"Nerul, Navi Mumbai"
2024-04-22,103.0,86.0,16.0,13.0,7.0,4.0,"Nerul, Navi Mumbai"
2024-04-23,96.0,91.0,16.0,15.0,6.0,4.0,"Nerul, Navi Mumbai"
2024-04-24,112.0,103.0,14.0,12.0,5.0,4.0,"Nerul, Navi Mumbai"
2024-04-25,100.0,100.0,19.0,13.0,5.0,4.0,"Nerul, Navi Mumbai"
2024-04-26,109.5,97.0,24.0,14.0,5.0,4.0,"Nerul, Navi Mumbai"
2024-04-27,119.0,115.0,23.0,18.0,5.0,5.0,"Nerul, Navi Mumbai"
2024-04-28,146.0,109.0,22.0,17.0,5.0,5.0,"Nerul, Navi Mumbai"
2024-04-29,124.0,174.0,25.0,19.0,6.0,6.0,"Nerul, Navi Mumbai"
2024-04-30,158.0,90.0,21.0,12.0,6.0,4.0,"Nerul, Navi Mumbai"
2024-05-01,87.0,108.0,12.0,11.0,6.0,3.0,"Nerul, Navi Mumbai"
2024-05-02,96.0,125.0,14.0,12.0,6.0,4.0,"Nerul, Navi Mumbai"
2024-05-03,118.0,67.0,12.0,11.0,6.0,3.0,"Nerul, Navi Mumbai"
2024-05-04,101.0,126.0,16.0,13.0,8.0,4.0,"Nerul, Navi Mumbai"
2024-05-05,167.0,162.0,20.0,12.0,8.0,3.0,"Nerul, Navi Mumbai"
2024-05-06,170.0,132.0,9.0,9.0,9.0,2.0,"Nerul, Navi Mumbai"
2024-05-07,162.0,67.0,11.0,9.0,9.0,2.0,"Nerul, Navi Mumbai"
2024-05-08,213.0,64.0,11.0,10.0,9.0,3.0,"Nerul, Navi Mumbai"
2024-05-09,179.5,61.0,13.0,11.0,7.0,3.0,"Nerul, Navi Mumbai"
2024-05-10,146.0,80.0,16.0,13.0,7.0,4.0,"Nerul, Navi Mumbai"
2024-05-11,87.0,66.0,15.5,13.5,7.0,4.0,"Nerul, Navi Mumbai"
2024-05-12,88.5,52.0,15.0,14.0,7.0,4.0,"Nerul, Navi Mumbai"
2024-05-13,90.0,82.0,27.0,21.0,7.0,7.0,"Nerul, Navi Mumbai"
2024-05-14,116.0,90.0,24.0,23.0,8.0,8.0,"Nerul, Navi Mumbai"
2024-05-15,143.0,101.0,17.0,16.0,8.0,5.0,"Nerul, Navi Mumbai"
2024-05-16,75.0,80.0,28.0,22.0,9.0,7.0,"Nerul, Navi Mumbai"
2024-05-17,123.0,64.0,16.0,13.0,9.0,4.0,"Nerul, Navi Mumbai"
2024-05-18,63.0,72.0,13.0,11.0,9.0,3.0,"Nerul, Navi Mumbai"
2024-05-19,109.0,55.0,12.0,11.0,10.0,3.0,"Nerul, Navi Mumbai"
2024-05-20,83.0,78.0,15.0,12.0,9.0,4.0,"Nerul, Navi Mumbai"
2024-05-21,122.0,70.0,25.0,14.0,8.0,4.0,"Nerul, Navi Mumbai"
2024-05-22,110.0,80.0,7.0,6.0,7.0,1.0,"Nerul, Navi Mumbai"
2024-05-23,122.0,69.0,7.0,5.0,7.0,1.0,"Nerul, Navi Mumbai"
2024-05-24,108.0,64.0,6.0,5.0,7.0,1.0,"Nerul, Navi Mumbai"
2024-05-25,99.0,54.0,7.0,5.0,7.0,1.0,"Nerul, Navi Mumbai"
2024-05-26,81.0,67.0,7.0,6.0,7.0,2.0,"Nerul, Navi Mumbai"
2024-05-27,99.0,63.0,6.0,4.0,7.0,1.0,"Nerul, Navi Mumbai"
2024-05-28,96.0,76.0,5.0,4.0,7.0,1.0,"Nerul, Navi Mumbai"
2024-05-29,120.0,107.0,6.0,5.0,7.0,1.0,"Nerul, Navi Mumbai"
2024-05-30,109.0,143.0,7.0,6.0,6.0,1.0,"Nerul, Navi Mumbai"
2024-05-31,130.0,78.0,5.0,4.0,6.0,1.0,"Nerul, Navi Mumbai"
2024-06-01,52.0,51.0,5.0,5.0,6.0,1.0,"Nerul, Navi Mumbai"
2024-06-02,34.0,70.0,8.0,6.0,5.0,2.0,"Nerul, Navi Mumbai"
2024-06-03,58.0,74.0,8.0,6.0,4.0,2.0,"Nerul, Navi Mumbai"
2024-06-04,64.0,62.0,7.0,6.0,4.0,1.0,"Nerul, Navi Mumbai"
2024-06-05,54.0,55.0,14.0,9.0,4.0,2.0,"Nerul, Navi Mumbai"
2024-06-06,54.0,64.0,7.0,7.0,4.0,2.0,"Nerul, Navi Mumbai"
2024-06-07,57.0,179.0,10.0,7.0,4.0,2.0,"Nerul, Navi Mumbai"
2024-06-08,171.0,36.0,8.0,7.0,4.0,2.0,"Nerul, Navi Mumbai"
2024-06-09,44.0,34.0,10.0,9.0,3.0,2.0,"Nerul, Navi Mumbai"
2024-06-10,55.0,38.0,14.0,10.0,3.0,3.0,"Nerul, Navi Mumbai"
2024-06-11,48.0,74.0,17.0,10.0,3.0,3.0,"Nerul, Navi Mumbai"
2024-06-12,43.0,44.0,17.0,12.0,3.0,3.0,"Nerul, Navi Mumbai"
2024-06-13,37.0,40.0,14.0,10.0,3.0,3.0,"Nerul, Navi Mumbai"
2024-06-14,33.0,50.0,12.0,10.0,3.0,3.0,"Nerul, Navi Mumbai"
2024-06-15,34.0,53.0,11.0,10.0,3.0,3.0,"Nerul, Navi Mumbai"
2024-06-16,37.0,40.0,12.0,10.0,3.0,3.0,"Nerul, Navi Mumbai"
2024-06-17,42.0,54.0,16.0,13.0,3.0,4.0,"Nerul, Navi Mumbai"
2024-06-18,56.0,46.0,16.0,12.0,2.0,4.0,"Nerul, Navi Mumbai"
2024-06-19,57.0,41.0,21.0,20.0,2.0,6.0,"Nerul, Navi Mumbai"
2024-06-20,56.0,43.0,13.0,10.0,2.0,3.0,"Nerul, Navi Mumbai"
2024-06-21,51.0,32.0,15.0,12.0,2.0,3.0,"Nerul, Navi Mumbai"
2024-06-22,54.0,48.0,15.0,12.0,2.0,3.0,"Nerul, Navi Mumbai"
2024-06-23,56.0,43.0,13.0,10.0,2.0,3.0,"Nerul, Navi Mumbai"
2024-06-24,218.0,50.0,11.0,9.0,3.0,3.0,"Nerul, Navi Mumbai"
2024-06-25,42.0,32.0,11.0,9.0,3.0,2.0,"Nerul, Navi Mumbai"
2024-06-26,35.0,19.0,13.0,10.0,2.0,3.0,"Nerul, Navi Mumbai"
2024-06-27,42.0,31.0,18.0,12.0,2.0,4.0,"Nerul, Navi Mumbai"
2024-06-28,56.0,43.0,17.0,11.0,2.0,3.0,"Nerul, Navi Mumbai"
2024-06-29,57.0,49.0,11.0,7.0,2.0,2.0,"Nerul, Navi Mumbai"
2024-06-30,55.0,105.0,8.0,6.0,2.0,2.0,"Nerul, Navi Mumbai"
2024-07-01,101.0,52.0,7.0,6.0,4.0,2.0,"Nerul, Navi Mumbai"
2024-07-02,62.0,51.0,8.0,6.0,4.0,2.0,"Nerul, Navi Mumbai"
2024-07-03,51.0,43.0,9.0,7.0,4.0,2.0,"Nerul, Navi Mumbai"
2024-07-04,53.0,37.0,8.0,8.0,4.0,2.0,"Nerul, Navi Mumbai"
2024-07-05,49.0,54.0,10.0,7.0,3.0,2.0,"Nerul, Navi Mumbai"
2024-07-06,62.0,39.0,10.0,8.0,3.0,2.0,"Nerul, Navi Mumbai"
2024-07-07,63.0,25.0,20.0,13.0,3.0,4.0,"Nerul, Navi Mumbai"
2024-07-08,60.0,29.333333333333332,18.333333333333332,12.666666666666666,3.0,4.0,"Nerul, Navi Mumbai"
2024-07-10,64.0,38.0,15.0,12.0,3.0,4.0,"Nerul, Navi Mumbai"
2024-07-11,66.0,31.0,13.0,9.0,3.0,3.0,"Nerul, Navi Mumbai"
2024-07-12,50.0,22.0,9.0,7.0,3.0,2.0,"Nerul, Navi Mumbai"
2024-07-13,41.0,29.0,15.0,9.0,2.0,2.0,"Nerul, Navi Mumbai"
2024-07-14,53.0,32.0,17.0,15.0,2.0,4.0,"Nerul, Navi Mumbai"
2024-07-15,56.0,30.0,11.0,10.0,2.0,3.0,"Nerul, Navi Mumbai"
2024-07-16,52.0,25.0,8.0,7.0,2.0,2.0,"Nerul, Navi Mumbai"
2024-07-17,46.0,17.0,8.0,7.0,2.0,2.0,"Nerul, Navi Mumbai"
2024-07-18,24.0,28.0,7.0,6.0,2.0,2.0,"Nerul, Navi Mumbai"
2024-07-19,41.0,24.0,7.0,6.0,2.0,2.0,"Nerul, Navi Mumbai"
2024-07-20,48.0,22.0,8.0,7.0,2.0,2.0,"Nerul, Navi Mumbai"
2024-07-21,34.0,33.0,8.0,7.0,2.0,2.0,"Nerul, Navi Mumbai"
2024-07-22,50.0,39.0,6.0,6.0,2.0,2.0,"Nerul, Navi Mumbai"
2024-07-23,55.0,39.0,7.0,5.0,2.0,1.0,"Nerul, Navi Mumbai"
2024-07-24,51.0,28.0,8.0,5.0,2.0,1.0,"Nerul, Navi Mumbai"
2024-07-25,44.0,46.0,5.0,3.0,1.0,1.0,"Nerul, Navi Mumbai"
2024-07-26,55.0,59.0,4.0,2.0,2.0,1.0,"Nerul, Navi Mumbai"
2024-07-27,44.0,134.0,5.0,3.0,2.0,1.0,"Nerul, Navi Mumbai"
2024-07-28,56.0,114.0,10.0,6.0,2.0,1.0,"Nerul, Navi Mumbai"
2024-07-29,59.0,46.0,9.0,7.0,2.0,2.0,"Nerul, Navi Mumbai"
2024-07-30,59.0,36.0,9.0,8.0,2.0,2.0,"Nerul, Navi Mumbai"
2024-07-31,55.0,41.0,9.0,8.0,2.0,2.0,"Nerul, Navi Mumbai"
2024-08-01,51.0,32.0,7.0,6.0,3.0,2.0,"Nerul, Navi Mumbai"
2024-08-02,37.0,34.0,7.0,6.0,3.0,2.0,"Nerul, Navi Mumbai"
2024-08-03,44.0,33.0,7.0,6.0,3.0,2.0,"Nerul, Navi Mumbai"
2024-08-04,45.0,35.0,10.0,6.0,3.0,2.0,"Nerul, Navi Mumbai"
2024-08-05,47.0,40.0,12.0,8.0,3.0,2.0,"Nerul, Navi Mumbai"
2024-08-06,48.0,35.0,11.0,9.0,3.0,2.0,"Nerul, Navi Mumbai"
2024-08-07,46.0,40.0,10.0,8.0,3.0,2.0,"Nerul, Navi Mumbai"
2024-08-08,47.0,34.0,11.0,9.0,3.0,2.0,"Nerul, Navi Mumbai"
2024-08-09,49.0,30.0,12.0,10.0,3.0,3.0,"Nerul, Navi Mumbai"
2024-08-10,39.0,28.0,10.0,9.0,3.0,2.0,"Nerul, Navi Mumbai"
2024-08-11,43.0,149.0,12.0,8.0,2.0,2.0,"Nerul, Navi Mumbai"
2024-08-12,42.0,41.0,35.0,11.0,2.0,4.0,"Nerul, Navi Mumbai"
2024-08-13,119.0,50.0,15.0,12.0,2.0,3.0,"Nerul, Navi Mumbai"
2024-08-14,58.0,100.0,21.0,15.0,2.0,4.0,"Nerul, Navi Mumbai"
2024-08-15,36.0,60.0,17.0,14.0,2.0,4.0,"Nerul, Navi Mumbai"
2024-08-16,42.0,36.0,17.0,14.0,2.0,4.0,"Nerul, Navi Mumbai"
2024-08-17,60.0,53.0,9.0,5.0,2.0,2.0,"Nerul, Navi Mumbai"
2024-08-18,73.0,176.0,8.0,5.0,3.0,2.0,"Nerul, Navi Mumbai"
2024-08-19,71.0,57.0,10.0,7.0,4.0,2.0,"Nerul, Navi Mumbai"
2024-08-20,76.0,70.0,10.0,7.0,4.0,3.0,"Nerul, Navi Mumbai"
2024-08-21,93.0,80.0,10.0,7.0,4.0,2.0,"Nerul, Navi Mumbai"
2024-08-22,70.0,30.0,9.0,6.0,5.0,2.0,"Nerul, Navi Mumbai"
2024-08-23,27.0,26.0,9.0,6.0,3.0,2.0,"Nerul, Navi Mumbai"
2024-08-24,83.0,69.0,7.0,5.0,2.0,2.0,"Nerul, Navi Mumbai"
2024-08-25,41.0,108.0,6.0,4.0,2.0,1.0,"Nerul, Navi Mumbai"
2024-08-26,101.0,57.0,6.0,4.0,2.0,2.0,"Nerul, Navi Mumbai"
2024-08-27,37.0,122.0,6.0,4.0,2.0,2.0,"Nerul, Navi Mumbai"
2024-08-28,50.0,50.0,7.0,5.0,2.0,2.0,"Nerul, Navi Mumbai"
2024-08-29,50.0,46.0,8.0,5.0,2.0,2.0,"Nerul, Navi Mumbai"
2024-08-30,51.0,47.0,9.0,6.0,2.0,2.0,"Nerul, Navi Mumbai"
2024-08-31,54.0,52.0,9.0,6.0,2.0,2.0,"Nerul, Navi Mumbai"
2024-09-01,59.0,41.0,11.0,6.0,2.0,2.0,"Nerul, Navi Mumbai"
2024-09-02,57.0,42.0,9.0,6.0,2.0,2.0,"Nerul, Navi Mumbai"
2024-09-03,60.0,38.0,8.0,6.0,2.0,2.0,"Nerul, Navi Mumbai"
2024-09-04,55.0,31.0,9.0,6.0,2.0,2.0,"Nerul, Navi Mumbai"
2024-09-05,50.0,42.0,9.0,6.0,2.0,2.0,"Nerul, Navi Mumbai"
2024-09-06,57.0,31.0,8.0,6.0,2.0,2.0,"Nerul, Navi Mumbai"
2024-09-07,44.0,35.0,9.0,6.0,2.0,2.0,"Nerul, Navi Mumbai"
2024-09-08,53.0,44.0,9.0,7.0,2.0,3.0,"Nerul, Navi Mumbai"
2024-09-09,54.0,31.0,9.0,7.0,4.0,2.0,"Nerul, Navi Mumbai"
2024-09-10,47.0,42.0,11.0,7.0,4.0,2.0,"Nerul, Navi Mumbai"
2024-09-11,53.0,43.0,10.0,6.0,4.0,2.0,"Nerul, Navi Mumbai"
2024-09-12,56.0,59.0,11.0,7.0,4.0,2.0,"Nerul, Navi Mumbai"
2024-09-13,66.0,50.0,10.0,6.0,4.0,2.0,"Nerul, Navi Mumbai"
2024-09-14,52.0,32.0,14.0,7.0,4.0,3.0,"Nerul, Navi Mumbai"
2024-09-15,48.0,57.0,14.0,9.0,4.0,3.0,"Nerul, Navi Mumbai"
2024-09-16,75.0,65.0,15.0,9.0,4.0,3.0,"Nerul, Navi Mumbai"
2024-09-17,91.0,66.0,12.0,8.0,4.0,3.0,"Nerul, Navi Mumbai"
2024-09-18,82.0,106.0,14.0,8.0,4.0,3.0,"Nerul, Navi Mumbai"
2024-09-19,113.0,75.0,19.0,13.0,6.0,5.0,"Nerul, Navi Mumbai"
2024-09-20,87.0,75.0,23.0,16.0,7.0,6.0,"Nerul, Navi Mumbai"
2024-09-21,84.0,67.0,24.0,17.0,7.0,6.0,"Nerul, Navi Mumbai"
2024-09-22,87.0,59.0,20.0,14.0,7.0,5.0,"Nerul, Navi Mumbai"
2024-09-23,91.0,44.0,32.0,18.0,5.0,7.0,"Nerul, Navi Mumbai"
2024-09-24,75.0,32.0,31.0,24.0,5.0,9.0,"Nerul, Navi Mumbai"
2024-09-25,56.0,96.0,34.0,25.0,4.0,10.0,"Nerul, Navi Mumbai"
2024-09-26,108.0,124.0,27.0,21.0,5.0,8.0,"Nerul, Navi Mumbai"
2024-09-27,106.0,15.0,12.0,8.0,5.0,3.0,"Nerul, Navi Mumbai"
2024-09-28,21.0,30.0,14.0,9.0,5.0,3.0,"Nerul, Navi Mumbai"
2024-09-29,41.0,47.0,13.0,7.0,5.0,3.0,"Nerul, Navi Mumbai"
2024-09-30,64.0,83.0,11.0,5.0,5.0,2.0,"Nerul, Navi Mumbai"
2024-10-01,136.0,70.0,9.0,4.0,5.0,2.0,"Nerul, Navi Mumbai"
2024-10-02,99.0,31.0,8.0,4.0,5.0,2.0,"Nerul, Navi Mumbai"
2024-10-03,37.0,39.0,10.0,5.0,4.0,2.0,"Nerul, Navi Mumbai"
2024-10-04,37.0,61.0,11.0,5.0,4.0,3.0,"Nerul, Navi Mumbai"
2024-10-05,68.0,69.0,11.0,5.0,4.0,2.0,"Nerul, Navi Mumbai"
2024-10-06,98.0,78.0,12.0,5.0,4.0,2.0,"Nerul, Navi Mumbai"
2024-10-07,131.0,70.0,12.0,6.0,4.0,3.0,"Nerul, Navi Mumbai"
2024-10-08,70.0,42.0,10.0,5.0,5.0,3.0,"Nerul, Navi Mumbai"
2024-10-09,45.0,35.0,9.0,5.0,5.0,2.0,"Nerul, Navi Mumbai"
2024-10-10,36.0,35.0,9.0,4.0,5.0,2.0,"Nerul, Navi Mumbai"
2024-10-11,48.0,46.0,10.0,5.0,5.0,2.0,"Nerul, Navi Mumbai"
2024-10-12,75.0,51.0,11.0,5.0,5.0,3.0,"Nerul, Navi Mumbai"
2024-10-13,78.0,44.0,10.0,5.0,4.0,3.0,"Nerul, Navi Mumbai"
2024-10-14,77.0,47.0,11.0,5.0,5.0,3.0,"Nerul, Navi Mumbai"
2024-10-15,74.0,74.0,12.0,6.0,5.0,3.0,"Nerul, Navi Mumbai"
2024-10-16,121.0,87.0,12.0,6.0,5.0,3.0,"Nerul, Navi Mumbai"
2024-10-17,135.0,60.0,8.0,5.0,5.0,2.0,"Nerul, Navi Mumbai"
2024-10-18,95.0,44.0,9.0,4.0,5.0,2.0,"Nerul, Navi Mumbai"
2024-10-19,52.0,44.0,9.0,5.0,5.0,2.0,"Nerul, Navi Mumbai"
2024-10-20,65.0,109.0,10.0,5.0,5.0,2.0,"Nerul, Navi Mumbai"
2024-10-21,122.0,58.0,11.0,5.0,4.0,3.0,"Nerul, Navi Mumbai"
2024-10-22,90.0,66.0,11.0,5.0,3.0,3.0,"Nerul, Navi Mumbai"
2024-10-23,108.0,92.0,12.0,6.0,3.0,3.0,"Nerul, Navi Mumbai"
2024-10-24,159.0,110.0,13.0,7.0,3.0,4.0,"Nerul, Navi Mumbai"
2024-10-25,154.0,71.0,15.0,7.0,5.0,3.0,"Nerul, Navi Mumbai"
2024-10-26,95.0,82.0,15.0,8.0,6.0,4.0,"Nerul, Navi Mumbai"
2024-10-27,101.0,79.0,15.0,7.0,6.0,4.0,"Nerul, Navi Mumbai"
2024-10-28,105.0,93.0,12.0,6.0,6.0,3.0,"Nerul, Navi Mumbai"
2024-10-29,87.0,93.0,14.0,7.0,6.0,3.0,"Nerul, Navi Mumbai"
2024-10-30,100.0,82.0,15.0,7.0,6.0,4.0,"Nerul, Navi Mumbai"
2024-10-31,114.0,96.0,13.0,7.0,6.0,3.0,"Nerul, Navi Mumbai"
2024-11-01,125.0,91.0,15.0,6.0,7.0,3.0,"Nerul, Navi Mumbai"
2024-11-02,135.0,94.0,14.0,7.0,8.0,4.0,"Nerul, Navi Mumbai"
2024-11-03,135.0,93.0,14.0,7.0,7.0,3.0,"Nerul, Navi Mumbai"
2024-11-04,137.0,106.0,15.0,7.0,7.0,4.0,"Nerul, Navi Mumbai"
2024-11-05,138.0,106.0,15.0,7.0,6.0,4.0,"Nerul, Navi Mumbai"
2024-11-06,145.0,86.0,17.0,8.0,6.0,4.0,"Nerul, Navi Mumbai"
2024-11-07,138.0,92.0,17.0,10.0,6.0,4.0,"Nerul, Navi Mumbai"
2024-11-08,150.0,93.0,16.0,10.0,6.0,4.0,"Nerul, Navi Mumbai"
2024-11-09,144.0,98.0,18.0,10.0,6.0,4.0,"Nerul, Navi Mumbai"
2024-11-10,155.0,97.0,18.0,10.0,6.0,4.0,"Nerul, Navi Mumbai"
2024-11-11,161.0,94.0,17.0,10.0,5.0,4.0,"Nerul, Navi Mumbai"
2024-11-12,151.0,82.0,17.0,10.0,3.0,5.0,"Nerul, Navi Mumbai"
2024-11-13,144.0,66.0,11.0,17.0,4.0,9.0,"Nerul, Navi Mumbai"
2024-11-14,145.0,70.0,12.0,24.0,4.0,11.0,"Nerul, Navi Mumbai"
2024-11-15,148.0,84.0,13.0,20.0,5.0,9.0,"Nerul, Navi Mumbai"
2024-11-16,161.0,86.0,9.0,18.0,5.0,8.0,"Nerul, Navi Mumbai"
2024-11-17,151.0,107.0,12.0,13.0,6.0,6.0,"Nerul, Navi Mumbai"
2024-11-18,164.0,86.0,13.0,8.0,5.0,3.0,"Nerul, Navi Mumbai"
2024-11-19,145.0,86.0,14.0,8.0,5.0,3.0,"Nerul, Navi Mumbai"
2024-11-20,150.0,86.0,12.0,8.0,5.0,4.0,"Nerul, Navi Mumbai"
2024-11-21,155.0,100.0,13.0,10.0,5.0,4.0,"Nerul, Navi Mumbai"
2024-11-22,161.0,111.0,12.0,12.0,6.0,5.0,"Nerul, Navi Mumbai"
2024-11-23,169.0,112.0,15.0,13.0,7.0,6.0,"Nerul, Navi Mumbai"
2024-11-24,160.0,98.0,10.0,13.0,6.0,6.0,"Nerul, Navi Mumbai"
2024-11-25,142.0,101.0,11.0,11.0,7.0,4.0,"Nerul, Navi Mumbai"
2024-11-26,129.0,92.0,13.0,10.0,7.0,4.0,"Nerul, Navi Mumbai"
2024-11-27,119.0,98.0,10.0,11.0,7.0,5.0,"Nerul, Navi Mumbai"
2024-11-28,130.0,95.0,9.0,9.0,7.0,4.0,"Nerul, Navi Mumbai"
2024-11-29,118.0,95.0,9.0,15.0,7.0,6.0,"Nerul, Navi Mumbai"
2024-11-30,131.0,99.0,8.0,17.0,7.0,8.0,"Nerul, Navi Mumbai"
2024-12-01,138.0,107.0,8.0,19.0,8.0,9.0,"Nerul, Navi Mumbai"
2024-12-02,154.0,81.0,11.0,13.0,8.0,5.0,"Nerul, Navi Mumbai"
2024-12-03,116.0,75.0,9.0,14.0,8.0,6.0,"Nerul, Navi Mumbai"
2024-12-04,108.0,86.0,7.0,13.0,8.0,6.0,"Nerul, Navi Mumbai"
2024-12-05,110.0,92.0,7.0,14.0,8.0,6.0,"Nerul, Navi Mumbai"
2024-12-06,131.0,76.0,7.0,15.0,8.0,7.0,"Nerul, Navi Mumbai"
2024-12-07,105.0,79.0,6.0,14.0,8.0,6.0,"Nerul, Navi Mumbai"
2024-12-08,96.0,71.0,5.0,11.0,8.0,5.0,"Nerul, Navi Mumbai"
2024-12-09,90.0,80.0,4.0,13.0,8.0,6.0,"Nerul, Navi Mumbai"
2024-12-10,87.0,86.0,18.0,16.0,8.0,7.0,"Nerul, Navi Mumbai"
2024-12-11,110.0,94.0,2.0,16.0,8.0,7.0,"Nerul, Navi Mumbai"
2024-12-12,124.0,77.0,2.0,13.0,8.0,6.0,"Nerul, Navi Mumbai"
2024-12-13,106.0,77.0,3.0,15.0,8.0,7.0,"Nerul, Navi Mumbai"
2024-12-14,103.0,84.0,3.0,18.0,8.0,8.0,"Nerul, Navi Mumbai"
2024-12-15,113.0,95.0,3.0,19.0,8.0,9.0,"Nerul, Navi Mumbai"
2024-12-16,124.0,112.0,3.0,20.0,8.0,9.0,"Nerul, Navi Mumbai"
2024-12-17,138.0,111.0,1.0,21.0,8.0,10.0,"Nerul, Navi Mumbai"
2024-12-18,150.0,149.0,7.0,24.0,8.0,11.0,"Nerul, Navi Mumbai"
2024-12-19,180.0,153.0,7.0,22.0,9.0,10.0,"Nerul, Navi Mumbai"
2024-12-20,177.0,109.0,8.0,19.0,9.0,8.0,"Nerul, Navi Mumbai"
2024-12-21,134.0,84.0,8.0,21.0,9.0,10.0,"Nerul, Navi Mumbai"
2024-12-22,109.0,79.0,8.0,20.0,9.0,9.0,"Nerul, Navi Mumbai"
2024-12-23,105.0,87.0,8.0,20.0,9.0,9.0,"Nerul, Navi Mumbai"
2024-12-24,119.0,89.0,8.0,22.0,9.0,9.0,"Nerul, Navi Mumbai"
2024-12-25,127.0,104.0,8.0,23.0,8.0,11.0,"Nerul, Navi Mumbai"
2024-12-26,129.0,95.0,8.0,23.0,8.0,10.0,"Nerul, Navi Mumbai"
2024-12-27,131.0,93.0,12.0,21.0,8.0,10.0,"Nerul, Navi Mumbai"
2024-12-28,135.0,96.0,10.0,23.0,8.0,11.0,"Nerul, Navi Mumbai"
2024-12-29,128.0,92.0,12.0,23.333333333333332,8.0,11.0,"Nerul, Navi Mumbai"
2024-12-31,106.66666666666667,84.0,16.0,24.0,8.0,11.0,"Nerul, Navi Mumbai"
2025-01-01,96.0,78.0,12.0,23.0,8.0,11.0,"Nerul, Navi Mumbai"
2025-01-02,100.0,75.0,17.0,21.0,9.0,9.0,"Nerul, Navi Mumbai"
2025-01-03,84.0,83.33333333333333,14.0,22.0,8.0,10.0,"Nerul, Navi Mumbai"
2025-01-04,98.0,91.66666666666666,12.0,24.0,7.0,11.0,"Nerul, Navi Mumbai"
2025-01-05,128.0,100.0,11.0,19.0,6.0,8.0,"Nerul, Navi Mumbai"
2025-01-06,109.0,85.0,11.0,20.0,6.0,9.0,"Nerul, Navi Mumbai"
2025-01-07,110.0,80.0,11.0,19.0,7.0,8.0,"Nerul, Navi Mumbai"
2025-01-08,98.0,80.0,9.0,25.0,9.0,11.0,"Nerul, Navi Mumbai"
2025-01-09,95.0,115.0,8.0,32.0,9.0,14.0,"Nerul, Navi Mumbai"
2025-01-10,136.0,83.0,7.5,23.0,9.0,12.0,"Nerul, Navi Mumbai"
2025-01-11,114.0,91.0,7.0,22.0,9.0,10.0,"Nerul, Navi Mumbai"
2025-01-12,120.0,82.0,7.0,21.0,9.0,9.0,"Nerul, Navi Mumbai"
2025-01-13,106.0,108.0,7.0,30.0,10.0,14.0,"Nerul, Navi Mumbai"
2025-01-14,124.0,116.0,15.0,29.908450704225352,5.0,18.0,"Nerul, Navi Mumbai"
2025-01-15,124.0,116.0,7.0,29.816901408450704,8.0,19.0,"Nerul, Navi Mumbai"
2025-01-16,285.0,116.2,7.0,29.725352112676056,7.5,18.5,"Nerul, Navi Mumbai"
2025-01-17,283.6857142857143,116.4,7.0,14.0,7.0,18.0,"Nerul, Navi Mumbai"
2025-01-18,282.37142857142857,116.6,8.0,14.0,8.0,19.0,"Nerul, Navi Mumbai"
2025-01-19,281.0571428571429,115.0,7.993377483443709,14.0,8.08029197080292,18.90066225165563,"Nerul, Navi Mumbai"
2025-06-04,56.0,144.0,7.0927152317880795,17.0,19.0,5.390728476821193,"Nerul, Navi Mumbai"
2025-06-05,101.0,81.0,7.086092715231788,15.0,18.0,5.291390728476822,"Nerul, Navi Mumbai"
2025-06-06,25.0,62.0,5.0,15.0,18.0,4.0,"Nerul, Navi Mumbai"
2025-06-07,39.0,46.0,5.0,15.0,18.0,4.0,"Nerul, Navi Mumbai"
2025-06-08,41.0,80.0,5.0,10.0,18.0,4.0,"Nerul, Navi Mumbai"
2025-06-09,50.0,161.0,5.0,3.0,7.0,4.0,"Nerul, Navi Mumbai"
2025-06-10,53.0,108.0,5.0,3.0,7.0,4.0,"Nerul, Navi Mumbai"
2025-06-11,28.0,98.0,5.0,5.0,7.0,4.0,"Nerul, Navi Mumbai"
2025-06-12,107.0,58.0,5.0,10.0,7.0,4.0,"Nerul, Navi Mumbai"
2025-06-13,71.0,81.0,5.0,10.0,7.0,4.0,"Nerul, Navi Mumbai"
2025-06-14,100.0,63.0,5.0,10.0,7.0,4.0,"Nerul, Navi Mumbai"
2025-06-15,57.0,27.0,5.0,10.0,7.0,4.0,"Nerul, Navi Mumbai"
2025-06-16,37.0,89.0,5.0,10.0,7.0,4.0,"Nerul, Navi Mumbai"
2025-06-17,64.0,86.0,5.0,10.0,7.0,4.0,"Nerul, Navi Mumbai"
2025-06-18,42.0,36.0,7.0,9.0,7.0,4.0,"Nerul, Navi Mumbai"
2025-06-19,48.0,40.0,7.0,8.0,7.0,4.0,"Nerul, Navi Mumbai"
2025-06-20,54.0,44.0,7.0,8.0,7.0,4.0,"Nerul, Navi Mumbai"
2025-06-21,56.0,46.0,7.0,8.0,7.0,4.0,"Nerul, Navi Mumbai"
2025-06-22,56.0,60.0,5.0,8.0,7.0,4.0,"Nerul, Navi Mumbai"
2025-06-23,63.0,134.0,5.0,8.0,8.0,4.0,"Nerul, Navi Mumbai"
2025-06-24,88.0,56.0,5.0,8.0,8.0,4.0,"Nerul, Navi Mumbai"
2025-06-25,64.0,55.0,5.0,8.0,8.0,4.0,"Nerul, Navi Mumbai"
2025-06-26,60.0,58.0,5.0,8.0,8.0,4.0,"Nerul, Navi Mumbai"
2025-06-27,66.0,57.0,5.0,8.0,8.0,4.0,"Nerul, Navi Mumbai"
2025-06-28,64.0,56.0,5.0,8.0,8.0,4.0,"Nerul, Navi Mumbai"
2025-06-29,62.0,54.0,5.0,8.0,11.0,4.0,"Nerul, Navi Mumbai"
2025-06-30,57.0,48.0,5.0,8.0,11.0,4.0,"Nerul, Navi Mumbai"
2025-07-01,58.0,46.0,6.0,10.0,9.0,3.0,"Nerul, Navi Mumbai"
2025-07-02,53.0,48.0,6.0,5.0,7.0,3.0,"Nerul, Navi Mumbai"
2025-07-03,55.0,48.0,6.0,8.0,8.0,3.0,"Nerul, Navi Mumbai"
2025-07-04,54.0,53.0,6.0,8.0,7.0,3.0,"Nerul, Navi Mumbai"
2025-07-05,61.0,60.0,6.0,8.0,7.0,3.0,"Nerul, Navi Mumbai"
2025-07-06,65.0,54.0,6.0,8.0,7.0,3.0,"Nerul, Navi Mumbai"
2025-07-07,62.0,37.0,6.0,8.0,7.0,3.0,"Nerul, Navi Mumbai"
2025-07-08,104.0,61.0,6.0,8.0,7.0,3.0,"Nerul, Navi Mumbai"
2025-07-09,61.0,61.0,6.0,8.0,7.0,3.0,"Nerul, Navi Mumbai"
2025-07-10,69.0,58.0,6.0,8.0,7.0,3.0,"Nerul, Navi Mumbai"
2025-07-11,68.0,53.0,6.0,8.0,7.0,3.0,"Nerul, Navi Mumbai"
2025-07-12,61.0,48.0,6.0,8.0,7.0,3.0,"Nerul, Navi Mumbai"
2025-07-13,55.0,37.0,6.0,8.0,7.0,3.0,"Nerul, Navi Mumbai"
2025-07-14,47.0,112.0,6.0,9.0,7.0,3.0,"Nerul, Navi Mumbai"
2025-07-15,82.0,58.0,6.0,9.0,7.0,3.0,"Nerul, Navi Mumbai"
2025-07-16,67.0,62.0,6.0,9.0,7.0,3.0,"Nerul, Navi Mumbai"
2025-07-17,69.0,62.0,6.0,9.0,7.0,3.0,"Nerul, Navi Mumbai"
2025-07-18,69.0,60.5,6.0,9.0,7.0,3.0,"Nerul, Navi Mumbai"
2025-07-19,75.14285714285714,59.0,6.0,9.0,7.0,3.0,"Nerul, Navi Mumbai"
2025-07-20,81.28571428571429,57.5,6.0,9.0,7.0,3.0,"Nerul, Navi Mumbai"
2025-07-21,87.42857142857143,39.0,6.0,9.0,7.0,3.0,"Nerul, Navi Mumbai"
2025-07-22,53.0,39.0,6.0,9.0,7.0,3.0,"Nerul, Navi Mumbai"
2025-07-23,53.0,39.0,6.0,9.0,7.0,3.0,"Nerul, Navi Mumbai"
2025-07-24,53.0,39.0,6.0,9.0,7.0,3.0,"Nerul, Navi Mumbai"
2025-07-25,112.0,50.0,6.0,9.0,7.0,3.0,"Nerul, Navi Mumbai"
2025-07-26,95.0,60.0,6.0,9.0,7.0,3.0,"Nerul, Navi Mumbai"
2025-07-27,66.0,56.0,6.0,9.0,7.0,3.0,"Nerul, Navi Mumbai"
2025-07-28,62.0,118.0,6.0,9.0,7.0,3.0,"Nerul, Navi Mumbai"
2025-07-29,87.0,119.0,6.0,9.0,7.0,3.0,"Nerul, Navi Mumbai"
2025-07-30,98.0,61.0,6.0,9.0,7.0,4.0,"Nerul, Navi Mumbai"
2025-07-31,67.0,66.0,6.0,9.0,7.0,4.0212765957446805,"Nerul, Navi Mumbai"
2025-08-01,69.0,56.0,7.0,9.0,7.0,4.042553191489362,"Nerul, Navi Mumbai"
2025-08-02,61.0,61.0,7.0,9.0,7.0,4.0638297872340425,"Nerul, Navi Mumbai"
2025-08-03,67.0,56.0,7.0,9.0,7.0,3.0,"Nerul, Navi Mumbai"
2025-08-04,62.0,57.0,7.0,9.0,7.0,3.0,"Nerul, Navi Mumbai"
2025-08-05,64.0,62.0,7.0,9.0,7.0,3.0,"Nerul, Navi Mumbai"
2025-08-06,73.0,66.0,7.0,9.0,7.0,3.0,"Nerul, Navi Mumbai"
2025-08-07,72.0,69.0,7.0,9.0,7.0,3.0,"Nerul, Navi Mumbai"
2025-08-08,75.0,68.0,7.0,9.0,7.0,3.0,"Nerul, Navi Mumbai"
2025-08-09,78.0,65.0,7.0,9.0,7.0,3.0,"Nerul, Navi Mumbai"
2025-08-10,69.0,57.0,7.0,9.0,7.0,3.0,"Nerul, Navi Mumbai"
2025-08-11,65.0,52.0,7.0,9.0,7.0,3.0,"Nerul, Navi Mumbai"
2025-08-12,57.0,55.0,7.0,9.0,7.0,3.0,"Nerul, Navi Mumbai"
2025-08-13,61.0,34.0,7.0,9.0,7.0,3.0,"Nerul, Navi Mumbai"
2025-08-14,48.0,39.0,7.0,9.0,7.0,3.0,"Nerul, Navi Mumbai"
2025-08-15,46.0,40.0,7.0,9.0,7.0,3.0,"Nerul, Navi Mumbai"
2025-08-16,44.0,43.0,7.0,9.0,7.0,3.0,"Nerul, Navi Mumbai"
2025-08-17,52.0,109.0,7.0,9.0,7.0,3.0,"Nerul, Navi Mumbai"
2025-08-18,107.0,100.0,7.0,9.0,7.0,3.0,"Nerul, Navi Mumbai"
2025-08-19,101.0,45.0,7.0,9.0,7.0,3.0,"Nerul, Navi Mumbai"
2025-08-20,51.0,42.0,7.0,9.0,7.0,3.0,"Nerul, Navi Mumbai"
2025-08-21,53.0,41.0,7.0,9.0,7.0,3.0,"Nerul, Navi Mumbai"
2025-08-22,51.0,39.0,7.0,9.0,8.0,3.0,"Nerul, Navi Mumbai"
2025-08-23,46.0,46.0,7.0,9.0,7.0,3.0,"Nerul, Navi Mumbai"
2025-08-24,52.0,31.0,7.0,9.0,7.0,3.0,"Nerul, Navi Mumbai"
2025-08-25,40.0,36.0,7.0,9.0,8.0,3.0,"Nerul, Navi Mumbai"
2025-08-26,45.0,48.0,7.0,9.0,8.0,3.0,"Nerul, Navi Mumbai"
2025-08-27,58.0,59.0,7.0,10.0,7.0,3.0,"Nerul, Navi Mumbai"
2025-08-28,65.0,59.0,7.0,10.0,7.0,3.0,"Nerul, Navi Mumbai"
2025-08-29,64.0,55.0,7.0,10.0,7.0,3.0,"Nerul, Navi Mumbai"
2025-08-30,59.0,58.0,7.0,10.0,8.0,3.0,"Nerul, Navi Mumbai"
2025-08-31,64.0,54.0,7.0,10.0,8.0,3.0,"Nerul, Navi Mumbai"
2025-09-01,59.0,52.0,8.0,10.0,7.0,4.0,"Nerul, Navi Mumbai"
2025-09-02,59.0,56.0,8.0,10.0,8.0,4.0,"Nerul, Navi Mumbai"
2025-09-03,64.0,60.0,8.0,10.0,8.0,4.0,"Nerul, Navi Mumbai"
2025-09-04,63.0,53.0,8.0,10.0,8.0,4.0,"Nerul, Navi Mumbai"
2025-09-05,61.0,50.0,8.0,10.0,8.0,4.0,"Nerul, Navi Mumbai"
2025-09-06,58.0,57.0,8.0,10.0,7.0,4.0,"Nerul, Navi Mumbai"
2025-09-07,59.0,192.0,8.0,10.0,7.0,4.0,"Nerul, Navi Mumbai"
2025-09-08,115.0,128.0,8.0,10.0,8.0,4.0,"Nerul, Navi Mumbai"
2025-09-09,105.0,72.0,8.0,10.0,8.0,4.0,"Nerul, Navi Mumbai"
2025-09-10,156.0,73.0,8.0,10.0,8.0,4.0,"Nerul, Navi Mumbai"
2025-09-11,86.0,68.0,8.0,10.0,7.0,4.0,"Nerul, Navi Mumbai"
2025-09-12,74.0,81.0,8.0,10.0,8.0,4.0,"Nerul, Navi Mumbai"
2025-09-13,84.0,79.0,8.0,10.0,8.0,4.0,"Nerul, Navi Mumbai"
2025-09-14,94.0,38.0,8.0,10.0,8.0,4.0,"Nerul, Navi Mumbai"
2025-09-15,191.0,38.0,7.0,10.0,8.0,5.0,"Nerul, Navi Mumbai"
2025-09-16,174.33333333333334,38.0,7.0,10.0,8.0,5.0,"Nerul, Navi Mumbai"
2025-09-17,157.66666666666669,38.0,7.0,10.0,8.0,5.0,"Nerul, Navi Mumbai"
2025-09-18,141.0,19.0,7.0,10.0,8.0,5.0,"Nerul, Navi Mumbai"
2025-09-19,46.0,31.333333333333336,8.0,10.0,8.0,4.0,"Nerul, Navi Mumbai"
2025-09-21,57.333333333333336,56.0,7.0,10.0,8.0,5.0,"Nerul, Navi Mumbai"
2025-09-22,63.0,58.0,7.0,10.0,8.0,5.0,"Nerul, Navi Mumbai"
2025-09-23,68.0,58.0,7.0,10.0,8.0,5.0,"Nerul, Navi Mumbai"
2025-09-24,65.0,56.0,7.0,10.0,8.0,5.0,"Nerul, Navi Mumbai"
2025-09-25,66.0,76.0,8.0,10.0,8.0,4.0,"Nerul, Navi Mumbai"
2025-09-26,81.0,58.0,8.0,10.0,8.0,4.0,"Nerul, Navi Mumbai"
2025-09-27,63.0,43.0,8.0,10.0,8.0,4.0,"Nerul, Navi Mumbai"
2025-09-28,52.0,60.0,8.0,10.0,8.0,4.0,"Nerul, Navi Mumbai"
2025-09-29,67.0,47.0,8.0,10.0,8.0,4.0,"Nerul, Navi Mumbai"
2025-09-30,56.0,45.0,8.0,10.0,8.0,4.0,"Nerul, Navi Mumbai"
2025-10-01,55.0,46.0,9.0,10.0,8.0,6.0,"Nerul, Navi Mumbai"
2025-10-02,52.0,47.0,9.0,10.0,8.0,6.0,"Nerul, Navi Mumbai"
2025-10-03,50.0,55.0,9.0,10.0,8.0,6.0,"Nerul, Navi Mumbai"
2025-10-04,59.0,72.0,9.0,10.0,8.0,6.0,"Nerul, Navi Mumbai"
2025-10-05,83.0,62.0,9.0,10.0,8.0,6.0,"Nerul, Navi Mumbai"
2025-10-06,67.0,61.0,9.0,10.0,8.0,6.0,"Nerul, Navi Mumbai"
2025-10-07,66.0,84.0,9.0,11.0,8.0,6.0,"Nerul, Navi Mumbai"
2025-10-08,100.0,143.0,9.0,11.0,8.0,6.0,"Nerul, Navi Mumbai"
2025-10-09,149.0,159.0,9.0,11.0,8.0,6.0,"Nerul, Navi Mumbai"
2025-10-10,157.0,161.0,9.0,11.0,8.0,6.0,"Nerul, Navi Mumbai"
2025-10-11,158.0,138.0,9.0,11.0,8.0,6.0,"Nerul, Navi Mumbai"
2025-10-12,170.0,115.0,9.0,9.0,8.0,6.0,"Nerul, Navi Mumbai"
2025-10-13,138.0,172.0,9.0,11.0,8.0,6.0,"Nerul, Navi Mumbai"
2025-10-14,159.0,169.0,9.0,11.0,7.0,6.0,"Nerul, Navi Mumbai"
2025-10-15,159.0,100.0,9.0,11.0,8.0,6.0,"Nerul, Navi Mumbai"
2025-10-16,113.0,67.0,9.0,11.0,8.0,6.0,"Nerul, Navi Mumbai"
2025-10-17,109.0,102.0,9.0,11.0,8.0,6.0,"Nerul, Navi Mumbai"
2025-10-18,158.0,120.0,9.0,11.0,8.0,6.0,"Nerul, Navi Mumbai"
2025-10-19,168.0,143.0,9.0,11.0,8.0,6.0,"Nerul, Navi Mumbai"
2025-10-20,183.0,157.0,9.0,11.0,8.0,6.0,"Nerul, Navi Mumbai"
2025-10-21,179.0,89.0,9.0,11.0,8.0,6.0,"Nerul, Navi Mumbai"
2025-10-22,136.0,77.0,9.0,11.0,8.0,6.0,"Nerul, Navi Mumbai"
2025-10-23,109.0,34.0,9.0,11.0,8.0,6.0,"Nerul, Navi Mumbai"
2025-10-24,61.0,34.0,9.0,11.0,8.0,6.0,"Nerul, Navi Mumbai"
2025-10-25,57.0,47.0,9.0,11.0,8.0,6.0,"Nerul, Navi Mumbai"
2025-10-26,69.0,37.0,9.0,11.0,8.0,6.0,"Nerul, Navi Mumbai"
2025-10-27,64.0,44.0,9.0,11.0,8.0,6.0,"Nerul, Navi Mumbai"
2025-10-28,75.0,55.0,9.0,11.0,8.0,6.0,"Nerul, Navi Mumbai"
2025-10-29,89.0,44.0,9.0,11.0,8.0,6.0,"Nerul, Navi Mumbai"
2025-10-30,76.0,37.0,9.0,11.0,8.0,6.0,"Nerul, Navi Mumbai"
2025-10-31,64.0,34.0,9.0,11.0,8.0,6.0,"Nerul, Navi Mumbai"
2025-11-01,62.0,80.0,13.0,11.0,8.0,10.0,"Nerul, Navi Mumbai"
2025-11-02,94.0,26.0,13.0,11.0,8.0,10.0,"Nerul, Navi Mumbai"
2025-11-03,51.0,51.0,13.0,11.0,8.0,10.0,"Nerul, Navi Mumbai"
2025-11-04,130.0,107.0,13.0,11.0,7.0,10.0,"Nerul, Navi Mumbai"
2025-11-05,149.0,75.0,13.0,11.0,8.0,10.0,"Nerul, Navi Mumbai"
2025-11-06,133.0,109.0,13.0,12.0,7.0,10.0,"Nerul, Navi Mumbai"
2025-11-07,151.0,75.0,13.0,11.0,8.0,10.0,"Nerul, Navi Mumbai"
2025-11-08,132.0,74.0,13.0,11.0,8.0,10.0,"Nerul, Navi Mumbai"
2025-11-09,131.0,81.0,13.0,12.0,8.0,10.0,"Nerul, Navi Mumbai"
2025-11-10,130.0,92.0,13.0,12.0,8.0,10.0,"Nerul, Navi Mumbai"
2025-11-11,148.0,99.0,7.0,12.0,8.0,5.0,"Nerul, Navi Mumbai"
2025-11-12,157.0,109.0,8.0,12.0,8.0,5.0,"Nerul, Navi Mumbai"
2025-11-13,163.0,117.0,7.0,12.0,8.0,5.0,"Nerul, Navi Mumbai"
2025-11-14,167.0,110.0,8.0,12.0,8.0,5.0,"Nerul, Navi Mumbai"
2025-11-15,160.0,122.0,7.833333333333333,12.0,8.0,5.166666666666667,"Nerul, Navi Mumbai"
2025-11-16,166.0,126.0,7.666666666666667,12.0,8.0,5.333333333333333,"Nerul, Navi Mumbai"
2025-11-17,169.0,136.0,7.5,12.0,8.0,5.5,"Nerul, Navi Mumbai"
2025-11-18,179.0,187.0,13.0,12.0,8.0,10.0,"Nerul, Navi Mumbai"
2025-11-19,243.0,130.0,13.0,12.0,8.0,10.0,"Nerul, Navi Mumbai"
2025-11-20,173.0,142.0,7.0,12.0,8.0,6.0,"Nerul, Navi Mumbai"
2025-11-21,180.0,141.0,7.0,12.0,8.0,6.0,"Nerul, Navi Mumbai"
2025-11-22,179.0,154.0,7.0,12.0,8.0,6.0,"Nerul, Navi Mumbai"
2025-11-23,182.0,130.0,7.0,12.0,8.0,6.0,"Nerul, Navi Mumbai"
2025-11-24,180.0,167.0,13.0,12.0,8.0,10.0,"Nerul, Navi Mumbai"
2025-11-25,185.0,161.0,13.0,12.0,8.0,10.0,"Nerul, Navi Mumbai"
2025-11-26,196.0,136.0,13.0,12.0,8.0,10.0,"Nerul, Navi Mumbai"
2025-11-27,169.0,100.0,13.0,12.0,8.0,10.0,"Nerul, Navi Mumbai"
2025-11-28,158.0,87.0,13.0,12.0,8.0,10.0,"Nerul, Navi Mumbai"
2025-11-29,132.0,113.0,13.0,13.0,8.0,10.0,"Nerul, Navi Mumbai"
2025-11-30,160.0,89.0,13.0,12.0,8.0,10.0,"Nerul, Navi Mumbai"
2025-12-01,149.0,105.0,18.0,12.0,8.0,10.0,"Nerul, Navi Mumbai"
2025-12-02,155.0,101.0,18.0,12.0,8.0,10.0,"Nerul, Navi Mumbai"
2025-12-03,159.0,114.0,18.0,13.0,8.0,10.0,"Nerul, Navi Mumbai"
2025-12-04,162.0,97.0,18.0,12.0,8.0,10.0,"Nerul, Navi Mumbai"
2025-12-05,153.0,89.0,18.0,12.0,8.0,10.0,"Nerul, Navi Mumbai"
2025-12-06,145.0,85.0,18.0,12.0,8.0,10.0,"Nerul, Navi Mumbai"
2025-12-07,142.0,95.0,18.0,13.0,8.0,10.0,"Nerul, Navi Mumbai"
2025-12-08,150.0,96.0,18.0,13.0,8.0,10.0,"Nerul, Navi Mumbai"
2025-12-09,141.0,82.0,18.0,13.0,8.0,10.0,"Nerul, Navi Mumbai"
2025-12-10,128.0,81.0,18.0,13.0,8.0,10.0,"Nerul, Navi Mumbai"
2025-12-11,128.0,79.0,18.0,13.0,8.0,10.0,"Nerul, Navi Mumbai"
2025-12-12,134.0,100.0,18.0,13.0,7.0,10.0,"Nerul, Navi Mumbai"
2025-12-13,147.0,88.0,18.0,13.0,8.0,10.0,"Nerul, Navi Mumbai"
2025-12-14,142.0,87.0,18.0,13.0,8.0,10.0,"Nerul, Navi Mumbai"
2025-12-15,137.0,96.0,18.0,13.0,8.0,10.0,"Nerul, Navi Mumbai"
2025-12-16,149.0,108.0,18.0,13.0,8.0,10.0,"Nerul, Navi Mumbai"
2025-12-17,161.0,103.0,18.0,13.0,8.0,10.0,"Nerul, Navi Mumbai"
2025-12-18,157.0,92.0,18.0,13.0,8.0,10.0,"Nerul, Navi Mumbai"
2025-12-19,149.0,90.0,18.0,13.0,8.0,10.0,"Nerul, Navi Mumbai"
2025-12-20,137.0,76.0,18.0,13.0,8.0,10.0,"Nerul, Navi Mumbai"
2025-12-21,126.0,82.0,18.0,13.0,8.0,10.0,"Nerul, Navi Mumbai"
2025-12-22,138.0,84.0,18.0,13.0,8.0,10.0,"Nerul, Navi Mumbai"
2025-12-23,131.0,74.0,18.0,13.0,8.0,10.0,"Nerul, Navi Mumbai"
2025-12-24,123.0,81.0,18.0,13.0,8.0,10.0,"Nerul, Navi Mumbai"
2025-12-25,135.0,105.0,18.0,13.0,8.0,10.0,"Nerul, Navi Mumbai"
2025-12-26,159.0,95.0,18.0,13.0,8.0,10.0,"Nerul, Navi Mumbai"
2025-12-27,146.0,100.0,18.0,13.0,8.0,10.0,"Nerul, Navi Mumbai"
2025-12-28,152.0,95.25,18.0,13.0,8.0,10.0,"Nerul, Navi Mumbai"
2025-12-31,127.25,81.0,18.0,13.0,8.0,10.0,"Nerul, Navi Mumbai"
2026-01-01,119.0,82.0,16.0,13.0,8.0,11.0,"Nerul, Navi Mumbai"
2026-01-02,141.0,100.0,16.0,13.0,8.0,11.0,"Nerul, Navi Mumbai"
2026-01-03,158.0,127.0,16.0,13.0,8.0,11.0,"Nerul, Navi Mumbai"
2026-01-04,170.0,107.0,16.0,13.0,8.0,11.0,"Nerul, Navi Mumbai"
2026-01-05,161.0,99.0,16.0,13.0,8.0,11.0,"Nerul, Navi Mumbai"
2026-01-06,158.0,110.0,16.0,13.0,8.0,11.0,"Nerul, Navi Mumbai"
2026-01-07,163.0,108.0,16.0,13.0,8.0,6.0,"Nerul, Navi Mumbai"
2026-01-08,161.0,86.0,16.0,13.0,8.0,6.0,"Nerul, Navi Mumbai"
2026-01-09,151.0,83.0,16.0,13.0,8.0,6.0,"Nerul, Navi Mumbai"
2026-01-10,149.0,80.0,16.0,13.0,8.0,6.0,"Nerul, Navi Mumbai"
2026-01-11,150.0,91.0,16.0,13.0,8.0,11.0,"Nerul, Navi Mumbai"
2026-01-12,151.0,90.0,16.0,13.0,8.0,11.0,"Nerul, Navi Mumbai"
2026-01-13,157.0,79.0,16.0,13.0,8.0,11.0,"Nerul, Navi Mumbai"
2026-01-14,149.0,82.0,16.0,13.0,8.0,11.0,"Nerul, Navi Mumbai"
2026-01-15,152.0,99.0,16.0,14.0,8.0,11.0,"Nerul, Navi Mumbai"
2026-01-16,167.0,79.0,16.0,14.0,8.0,11.0,"Nerul, Navi Mumbai"
2026-01-17,140.0,67.0,16.0,13.0,8.0,11.0,"Nerul, Navi Mumbai"
2026-01-18,125.0,145.0,16.0,14.0,8.0,11.0,"Nerul, Navi Mumbai"
2026-01-19,140.0,132.0,16.0,14.0,8.0,11.0,"Nerul, Navi Mumbai"
2026-01-20,152.0,78.0,16.0,14.0,8.0,11.0,"Nerul, Navi Mumbai"
2026-01-21,152.0,83.0,16.0,14.0,8.0,11.0,"Nerul, Navi Mumbai"
2026-01-22,145.0,65.0,16.0,14.0,8.0,11.0,"Nerul, Navi Mumbai"
2026-01-23,122.0,55.0,16.0,14.0,8.0,11.0,"Nerul, Navi Mumbai"
2026-01-24,106.0,64.0,16.0,14.0,8.0,11.0,"Nerul, Navi Mumbai"
2026-01-25,130.0,75.0,16.0,14.0,8.0,11.0,"Nerul, Navi Mumbai"
2026-01-26,146.0,52.0,16.0,14.0,8.0,11.0,"Nerul, Navi Mumbai"
2026-01-27,111.0,46.0,16.0,14.0,8.0,11.0,"Nerul, Navi Mumbai"
2026-01-28,88.0,58.0,16.0,14.0,8.0,11.0,"Nerul, Navi Mumbai"
2026-01-29,113.0,96.0,16.0,15.0,8.0,11.0,"Nerul, Navi Mumbai"
2026-01-30,156.0,84.0,16.0,16.0,8.0,11.0,"Nerul, Navi Mumbai"
2026-01-31,160.0,86.0,16.0,17.0,8.0,11.0,"Nerul, Navi Mumbai"
2026-02-01,156.0,107.0,23.0,18.0,7.0,13.0,"Nerul, Navi Mumbai"
2026-02-02,168.0,105.0,23.0,19.0,8.0,13.0,"Nerul, Navi Mumbai"
2026-02-03,172.0,77.0,23.0,20.0,8.0,13.0,"Nerul, Navi Mumbai"
2026-02-04,162.0,87.0,23.0,20.0,8.0,13.0,"Nerul, Navi Mumbai"
2026-02-05,156.0,84.0,23.0,21.0,8.0,13.0,"Nerul, Navi Mumbai"
2026-02-06,150.0,65.0,23.0,22.0,8.0,13.0,"Nerul, Navi Mumbai"
2026-02-07,146.0,82.0,23.0,22.0,8.0,13.0,"Nerul, Navi Mumbai"
2026-02-08,156.0,79.4,23.0,20.0,8.0,13.0,"Nerul, Navi Mumbai"
2026-02-12,145.6,69.0,23.0,12.0,8.0,13.0,"Nerul, Navi Mumbai"
2026-02-13,143.0,88.0,7.0,12.0,7.0,6.0,"Nerul, Navi Mumbai"
2026-02-14,156.0,80.0,7.0,13.0,8.0,6.0,"Nerul, Navi Mumbai"
2026-02-15,147.0,77.0,7.0,13.0,8.0,6.0,"Nerul, Navi Mumbai"
2026-02-16,152.0,75.0,7.0,13.0,8.0,6.0,"Nerul, Navi Mumbai"
2026-02-17,138.0,61.0,23.0,13.0,8.0,13.0,"Nerul, Navi Mumbai"
2026-02-18,122.0,61.0,23.0,13.0,8.0,13.0,"Nerul, Navi Mumbai"
