date,pm25,pm10,o3,no2,so2,co,location
2019-12-02,151.0,131.0,10.0,7.0,18.0,9.0,"Powai, Mumbai"
2019-12-03,169.0,66.0,12.0,5.0,1.0,6.0,"Powai, Mumbai"
2019-12-04,121.0,76.0,7.0,4.0,2.0,9.0,"Powai, Mumbai"
2019-12-05,152.0,87.0,15.0,5.0,1.0,6.0,"Powai, Mumbai"
2019-12-06,164.0,79.0,17.0,6.0,1.0,7.0,"Powai, Mumbai"
2019-12-07,154.0,87.0,19.0,5.0,1.0,7.0,"Powai, Mumbai"
2019-12-08,164.0,84.0,27.0,7.0,1.0,9.0,"Powai, Mumbai"
2019-12-09,160.0,82.0,22.0,6.0,1.0,9.0,"Powai, Mumbai"
2019-12-10,158.0,86.0,17.0,6.0,1.0,9.0,"Powai, Mumbai"
2019-12-11,165.0,79.0,28.0,6.0,2.0,8.0,"Powai, Mumbai"
2019-12-12,160.0,69.0,22.0,5.0,2.0,7.0,"Powai, Mumbai"
2019-12-13,133.0,63.0,44.0,8.0,2.0,6.0,"Powai, Mumbai"
2019-12-14,127.0,75.0,62.0,9.0,3.0,8.0,"Powai, Mumbai"
2019-12-15,151.0,85.0,51.0,10.0,3.0,9.0,"Powai, Mumbai"
2019-12-16,162.0,78.0,39.0,9.0,3.0,7.0,"Powai, Mumbai"
2019-12-17,153.0,78.0,50.0,11.0,5.0,8.0,"Powai, Mumbai"
2019-12-18,151.0,74.0,29.0,9.0,2.0,7.0,"Powai, Mumbai"
2019-12-19,148.0,89.0,40.0,11.0,3.0,9.0,"Powai, Mumbai"
2019-12-20,165.0,86.0,25.0,9.0,3.0,9.0,"Powai, Mumbai"
2019-12-21,162.0,90.0,29.0,8.0,3.0,9.0,"Powai, Mumbai"
2019-12-22,166.0,90.0,27.0,11.0,3.0,9.0,"Powai, Mumbai"
2019-12-23,166.0,106.0,41.0,11.0,3.0,10.0,"Powai, Mumbai"
2019-12-24,178.0,112.0,24.0,8.0,2.0,10.0,"Powai, Mumbai"
2019-12-25,185.0,77.0,24.0,6.0,2.0,7.0,"Powai, Mumbai"
2019-12-26,149.0,84.0,30.0,9.0,2.0,8.0,"Powai, Mumbai"
2019-12-27,159.0,82.0,32.0,7.0,3.0,7.0,"Powai, Mumbai"
2019-12-28,159.0,90.0,36.0,8.0,4.0,7.0,"Powai, Mumbai"
2019-12-29,161.0,92.33333333333333,38.333333333333336,9.333333333333334,4.0,7.666666666666667,"Powai, Mumbai"
2019-12-31,169.0,97.0,43.0,12.0,4.0,9.0,"Powai, Mumbai"
2020-01-01,173.0,101.0,37.0,8.0,3.0,7.0,"Powai, Mumbai"
2020-01-02,179.0,90.0,34.0,7.0,3.0,6.0,"Powai, Mumbai"
2020-01-03,170.0,89.0,35.0,6.0,2.0,8.0,"Powai, Mumbai"
2020-01-04,170.0,94.0,23.0,8.0,3.0,9.0,"Powai, Mumbai"
2020-01-05,164.0,119.0,37.0,8.0,3.0,8.0,"Powai, Mumbai"
2020-01-06,211.0,88.0,36.0,11.0,3.0,9.0,"Powai, Mumbai"
2020-01-07,162.0,60.0,39.0,3.0,4.0,6.0,"Powai, Mumbai"
2020-01-08,131.0,74.0,42.0,7.0,1.0,6.0,"Powai, Mumbai"
2020-01-09,144.0,83.0,33.0,8.0,1.0,6.0,"Powai, Mumbai"
2020-01-10,153.0,89.0,39.0,9.0,2.0,6.0,"Powai, Mumbai"
2020-01-11,156.0,88.0,44.0,10.0,2.0,8.0,"Powai, Mumbai"
2020-01-12,163.0,74.0,28.0,5.0,1.0,6.0,"Powai, Mumbai"
2020-01-13,138.0,57.0,32.0,4.0,1.0,4.0,"Powai, Mumbai"
2020-01-14,94.0,54.0,34.0,7.0,1.0,4.0,"Powai, Mumbai"
2020-01-15,81.0,53.0,33.0,5.0,1.0,3.0,"Powai, Mumbai"
2020-01-16,95.0,52.0,27.0,8.0,1.0,5.0,"Powai, Mumbai"
2020-01-17,109.0,95.0,28.0,13.0,2.0,8.0,"Powai, Mumbai"
2020-01-18,162.0,94.0,51.0,12.0,3.0,8.0,"Powai, Mumbai"
2020-01-19,160.0,93.0,54.0,15.0,5.0,8.0,"Powai, Mumbai"
2020-01-20,161.0,87.0,59.0,16.0,3.0,9.0,"Powai, Mumbai"
2020-01-21,154.0,75.0,49.0,11.0,3.0,6.0,"Powai, Mumbai"
2020-01-22,135.0,85.0,48.0,10.0,4.0,7.0,"Powai, Mumbai"
2020-01-23,153.0,79.0,47.0,10.0,3.0,7.0,"Powai, Mumbai"
2020-01-24,147.0,90.0,53.0,11.0,3.0,7.0,"Powai, Mumbai"
2020-01-25,157.0,91.0,69.0,11.0,3.0,8.0,"Powai, Mumbai"
2020-01-26,160.0,69.0,38.0,9.0,3.0,6.0,"Powai, Mumbai"
2020-01-27,123.0,53.0,22.0,6.0,2.0,4.0,"Powai, Mumbai"
2020-01-28,75.0,60.0,32.0,3.0,1.0,2.0,"Powai, Mumbai"
2020-01-29,65.0,80.0,57.0,10.0,3.0,5.0,"Powai, Mumbai"
2020-01-30,130.0,84.0,48.0,12.0,3.0,7.0,"Powai, Mumbai"
2020-01-31,148.0,87.0,58.0,10.0,3.0,7.0,"Powai, Mumbai"
2020-02-01,155.0,101.0,58.0,14.0,4.0,8.0,"Powai, Mumbai"
2020-02-02,163.0,93.0,50.0,8.0,2.0,8.0,"Powai, Mumbai"
2020-02-03,167.0,84.0,52.0,7.0,3.0,6.0,"Powai, Mumbai"
2020-02-04,156.0,84.0,49.0,11.0,4.0,6.0,"Powai, Mumbai"
2020-02-05,141.0,73.0,44.0,8.0,3.0,5.0,"Powai, Mumbai"
2020-02-06,117.0,75.0,39.0,11.0,4.0,6.0,"Powai, Mumbai"
2020-02-07,120.0,89.0,39.0,12.0,4.0,6.0,"Powai, Mumbai"
2020-02-08,155.0,86.0,33.0,6.0,6.0,5.0,"Powai, Mumbai"
2020-02-09,156.0,78.0,34.0,7.0,5.0,5.0,"Powai, Mumbai"
2020-02-10,136.0,117.0,35.5,10.0,5.0,9.0,"Powai, Mumbai"
2020-02-11,175.0,79.0,37.0,8.0,8.0,9.0,"Powai, Mumbai"
2020-02-12,140.0,78.0,35.0,10.0,4.0,10.0,"Powai, Mumbai"
2020-02-13,140.0,74.0,37.0,8.0,3.0,7.0,"Powai, Mumbai"
2020-02-14,124.0,83.0,38.0,13.0,3.0,9.0,"Powai, Mumbai"
2020-02-15,129.0,102.0,52.0,14.0,6.0,11.0,"Powai, Mumbai"
2020-02-16,155.0,133.0,46.0,11.0,5.0,11.0,"Powai, Mumbai"
2020-02-17,192.0,107.0,49.0,16.0,7.0,11.0,"Powai, Mumbai"
2020-02-18,163.0,102.0,45.0,13.0,6.0,12.0,"Powai, Mumbai"
2020-02-19,164.0,75.0,15.0,6.0,2.0,9.0,"Powai, Mumbai"
2020-02-20,134.0,58.0,14.0,5.0,2.0,8.0,"Powai, Mumbai"
2020-02-21,99.0,76.0,21.0,9.0,2.0,9.0,"Powai, Mumbai"
2020-02-22,126.0,95.0,24.0,8.0,3.0,11.0,"Powai, Mumbai"
2020-02-23,147.0,110.0,30.0,10.0,3.0,13.0,"Powai, Mumbai"
2020-02-24,170.0,77.0,15.0,6.0,3.0,9.0,"Powai, Mumbai"
2020-02-25,112.0,74.0,21.0,6.0,3.0,9.0,"Powai, Mumbai"
2020-02-26,104.0,85.0,33.0,9.0,4.0,10.0,"Powai, Mumbai"
2020-02-27,131.0,95.0,29.0,12.0,5.0,12.0,"Powai, Mumbai"
2020-02-28,148.0,82.0,21.0,8.0,4.0,11.0,"Powai, Mumbai"
2020-02-29,133.0,71.0,17.0,5.0,3.0,10.0,"Powai, Mumbai"
2020-03-01,121.0,76.0,12.0,8.0,3.0,9.0,"Powai, Mumbai"
2020-03-02,111.0,81.0,10.0,3.0,2.0,7.0,"Powai, Mumbai"
2020-03-03,114.0,82.0,9.0,4.0,2.0,8.0,"Powai, Mumbai"
2020-03-04,134.0,78.0,9.0,4.0,2.0,7.0,"Powai, Mumbai"
2020-03-05,110.5,75.0,7.0,3.0,2.0,6.0,"Powai, Mumbai"
2020-03-06,75.0,82.0,15.0,2.0,1.0,6.0,"Powai, Mumbai"
2020-03-07,82.0,73.0,16.0,3.0,1.0,6.0,"Powai, Mumbai"
2020-03-08,80.0,215.0,7.0,3.0,1.0,7.0,"Powai, Mumbai"
2020-03-09,102.0,67.0,2.0,1.0,1.0,7.0,"Powai, Mumbai"
2020-03-10,100.0,51.0,7.0,1.0,1.0,6.0,"Powai, Mumbai"
2020-03-11,57.0,55.0,10.0,2.0,1.0,6.0,"Powai, Mumbai"
2020-03-12,64.0,64.0,18.0,3.0,4.0,6.0,"Powai, Mumbai"
2020-03-13,78.0,77.0,20.0,4.0,4.0,7.0,"Powai, Mumbai"
2020-03-14,88.0,92.0,26.0,6.0,1.0,9.0,"Powai, Mumbai"
2020-03-15,125.0,97.0,34.0,9.0,2.0,9.0,"Powai, Mumbai"
2020-03-16,136.0,81.0,35.0,8.0,1.0,9.0,"Powai, Mumbai"
2020-03-17,121.0,71.0,24.0,8.0,1.0,9.0,"Powai, Mumbai"
2020-03-18,106.0,57.0,15.0,4.0,1.0,7.0,"Powai, Mumbai"
2020-03-19,82.0,50.0,10.0,2.0,1.0,6.0,"Powai, Mumbai"
2020-03-20,68.0,48.0,12.0,2.0,1.0,6.0,"Powai, Mumbai"
2020-03-21,72.0,40.0,11.0,1.5,1.0,5.0,"Powai, Mumbai"
2020-03-22,65.0,56.0,18.0,1.0,1.0,6.0,"Powai, Mumbai"
2020-03-23,88.0,67.0,19.0,1.0,1.0,7.0,"Powai, Mumbai"
2020-03-24,118.0,61.0,12.0,2.0,1.0,6.0,"Powai, Mumbai"
2020-03-25,100.0,57.0,15.0,2.0,1.0,6.0,"Powai, Mumbai"
2020-03-26,99.0,58.0,14.0,1.0,1.0,6.0,"Powai, Mumbai"
2020-03-27,87.0,52.0,18.0,1.0,1.0,6.0,"Powai, Mumbai"
2020-03-28,90.0,54.0,23.0,1.0,1.0,6.0,"Powai, Mumbai"
2020-03-29,82.0,51.0,19.0,1.0,4.0,6.0,"Powai, Mumbai"
2020-03-30,83.0,47.0,14.0,1.0,4.0,6.0,"Powai, Mumbai"
2020-03-31,80.0,46.0,17.0,1.0,4.0,6.0,"Powai, Mumbai"
2020-04-01,72.0,59.0,19.0,1.0,1.0,6.0,"Powai, Mumbai"
2020-04-02,89.0,67.0,14.0,1.0,1.0,6.0,"Powai, Mumbai"
2020-04-03,83.0,65.0,15.0,1.0,1.0,6.0,"Powai, Mumbai"
2020-04-04,90.0,62.0,19.0,1.0,1.0,6.0,"Powai, Mumbai"
2020-04-05,95.0,50.0,12.0,1.0,1.0,5.0,"Powai, Mumbai"
2020-04-06,73.0,59.0,10.0,1.0,1.0,5.0,"Powai, Mumbai"
2020-04-07,79.0,72.0,8.0,1.0,1.0,5.0,"Powai, Mumbai"
2020-04-08,88.0,70.0,8.0,1.0,1.0,5.0,"Powai, Mumbai"
2020-04-09,84.0,67.0,11.0,7.0,1.0,6.0,"Powai, Mumbai"
2020-04-10,83.0,68.0,13.0,1.0,1.0,7.0,"Powai, Mumbai"
2020-04-11,99.0,64.0,13.0,1.0,1.0,7.0,"Powai, Mumbai"
2020-04-12,88.0,60.0,13.0,1.0,1.0,9.0,"Powai, Mumbai"
2020-04-13,79.0,58.0,14.0,1.0,2.0,15.0,"Powai, Mumbai"
2020-04-14,84.0,51.0,14.0,1.0,2.0,14.857142857142858,"Powai, Mumbai"
2020-04-15,78.0,47.0,10.0,1.0,2.0,14.714285714285714,"Powai, Mumbai"
2020-04-16,69.0,49.0,11.0,1.0,2.0,14.571428571428571,"Powai, Mumbai"
2020-04-17,71.0,48.0,11.0,1.0,2.0,4.5,"Powai, Mumbai"
2020-04-18,64.0,57.0,13.0,1.0,2.0,4.5,"Powai, Mumbai"
2020-04-19,69.0,59.0,15.0,1.0,3.0,4.5,"Powai, Mumbai"
2020-04-20,80.0,52.0,11.0,1.0,2.0,14.0,"Powai, Mumbai"
2020-04-21,61.0,52.0,8.0,1.0,2.0,7.0,"Powai, Mumbai"
2020-04-22,59.0,53.0,14.0,7.0,1.0,4.0,"Powai, Mumbai"
2020-04-23,67.0,42.0,13.0,7.0,1.0,1.0,"Powai, Mumbai"
2020-04-24,56.0,44.0,18.0,7.0,1.0,1.0,"Powai, Mumbai"
2020-04-25,53.0,48.0,20.0,7.0,1.0,1.0,"Powai, Mumbai"
2020-04-26,56.0,44.0,16.0,7.0,1.0,1.0,"Powai, Mumbai"
2020-04-27,54.0,49.0,19.0,7.0,1.0,1.0,"Powai, Mumbai"
2020-04-28,61.0,56.0,17.0,7.0,1.0,1.0,"Powai, Mumbai"
2020-04-29,64.0,56.0,15.0,1.0,1.0,1.0,"Powai, Mumbai"
2020-04-30,63.0,186.0,14.0,1.0,1.0,1.0,"Powai, Mumbai"
2020-05-01,54.0,102.0,13.0,1.0,1.0,1.0,"Powai, Mumbai"
2020-05-02,45.0,18.0,14.0,1.0,1.0,1.0,"Powai, Mumbai"
2020-05-03,74.0,13.0,13.0,6.0,1.0,1.0,"Powai, Mumbai"
2020-05-04,41.0,8.0,13.0,1.0,1.0,1.0,"Powai, Mumbai"
2020-05-05,43.0,27.0,18.0,1.074074074074074,2.0,1.0,"Powai, Mumbai"
2020-05-06,42.0,9.0,17.0,1.1481481481481481,19.0,1.0,"Powai, Mumbai"
2020-05-07,40.0,14.0,14.0,1.2222222222222223,21.0,1.0,"Powai, Mumbai"
2020-05-08,50.0,29.0,15.0,6.0,23.0,1.0,"Powai, Mumbai"
2020-05-09,46.0,25.0,13.0,6.0,24.0,1.0,"Powai, Mumbai"
2020-05-10,46.0,36.0,16.0,6.0,25.0,1.0,"Powai, Mumbai"
2020-05-11,57.0,41.0,13.0,6.0,26.0,1.0,"Powai, Mumbai"
2020-05-12,47.0,35.0,11.0,6.0,26.0,1.0,"Powai, Mumbai"
2020-05-13,48.0,24.0,13.0,6.0,26.0,1.0,"Powai, Mumbai"
2020-05-14,52.0,31.0,20.0,6.0,22.0,1.0,"Powai, Mumbai"
2020-05-15,58.0,68.0,12.0,6.0,11.5,1.0,"Powai, Mumbai"
2020-05-16,81.0,69.0,14.0,6.0,1.0,1.0,"Powai, Mumbai"
2020-05-17,91.0,37.0,13.0,6.0,2.0,1.0,"Powai, Mumbai"
2020-05-18,67.0,35.0,12.0,6.0,3.0,1.0,"Powai, Mumbai"
2020-05-19,52.0,25.0,8.0,6.0,5.0,1.0,"Powai, Mumbai"
2020-05-20,43.0,13.0,9.0,6.0,4.0,2.0,"Powai, Mumbai"
2020-05-21,35.0,53.0,8.0,6.0,3.0,1.0,"Powai, Mumbai"
2020-05-22,38.0,27.0,9.0,6.0,3.0,2.0,"Powai, Mumbai"
2020-05-23,43.0,22.0,7.0,6.0,2.0,2.0,"Powai, Mumbai"
2020-05-24,41.0,6.0,8.0,6.0,2.0,2.0,"Powai, Mumbai"
2020-05-25,37.0,14.0,7.0,6.0,2.0,2.0,"Powai, Mumbai"
2020-05-26,41.0,19.0,6.0,6.0,1.0,1.0,"Powai, Mumbai"
2020-05-27,37.0,16.0,7.0,6.0,1.0,2.0,"Powai, Mumbai"
2020-05-28,34.0,6.0,5.0,6.0,1.0,2.0,"Powai, Mumbai"
2020-05-29,20.0,14.0,4.0,6.0,1.0,1.0,"Powai, Mumbai"
2020-05-30,26.0,11.0,7.0,6.0,1.0,2.0,"Powai, Mumbai"
2020-05-31,29.0,30.0,4.0,3.0,1.0,2.0,"Powai, Mumbai"
2020-06-01,62.0,36.0,10.0,3.0,1.0,4.0,"Powai, Mumbai"
2020-06-02,84.0,10.0,7.0,1.0,1.0,2.0,"Powai, Mumbai"
2020-06-03,31.0,7.0,4.0,3.0,1.0,3.0,"Powai, Mumbai"
2020-06-04,38.0,10.0,9.0,4.0,1.0,3.0,"Powai, Mumbai"
2020-06-05,40.0,17.0,2.0,3.0,1.0,2.0,"Powai, Mumbai"
2020-06-06,40.0,24.0,3.0,3.0,1.0,3.0,"Powai, Mumbai"
2020-06-07,50.0,6.0,5.0,4.0,1.0,3.0,"Powai, Mumbai"
2020-06-08,31.0,12.0,3.0,3.0,1.0,3.0,"Powai, Mumbai"
2020-06-09,35.0,17.0,2.0,2.0,1.0,3.0,"Powai, Mumbai"
2020-06-10,34.0,11.0,2.0,2.0,1.0,3.0,"Powai, Mumbai"
2020-06-11,25.0,8.0,2.0,3.0,1.0,3.0,"Powai, Mumbai"
2020-06-12,38.0,12.5,2.0,2.0,1.0,3.0,"Powai, Mumbai"
2020-06-13,35.0,17.0,3.0,2.0,1.0,3.0,"Powai, Mumbai"
2020-06-14,34.0,11.0,2.0,2.0,1.0,3.0,"Powai, Mumbai"
2020-06-15,36.0,5.0,6.0,2.0,1.0,4.0,"Powai, Mumbai"
2020-06-16,39.0,8.0,2.0,3.0,1.0,3.0,"Powai, Mumbai"
2020-06-17,20.0,10.0,1.5,4.0,1.0,4.0,"Powai, Mumbai"
2020-06-18,26.0,10.0,1.0,2.0,1.0,3.0,"Powai, Mumbai"
2020-06-19,49.0,22.0,2.0,1.0,1.0,2.0,"Powai, Mumbai"
2020-06-20,40.0,68.25,1.8,1.25,1.0,2.25,"Powai, Mumbai"
2020-06-23,25.75,207.0,1.2000000000000002,2.0,1.0,3.0,"Powai, Mumbai"
2020-06-24,21.0,35.0,1.0,1.0,1.0,3.0,"Powai, Mumbai"
2020-06-25,41.0,33.0,1.0,1.0,1.0,3.0,"Powai, Mumbai"
2020-06-26,46.0,49.0,1.0,1.0,1.0,3.0,"Powai, Mumbai"
2020-06-27,61.0,32.0,1.0,1.0,1.0,3.0,"Powai, Mumbai"
2020-06-28,46.0,15.0,1.0,1.0,1.0,2.0,"Powai, Mumbai"
2020-06-29,25.0,11.0,1.0,1.0,1.0,3.0,"Powai, Mumbai"
2020-06-30,17.0,13.0,36.0,2.0,1.0,3.0,"Powai, Mumbai"
2020-07-01,24.0,16.0,71.0,1.0,26.0,3.0,"Powai, Mumbai"
2020-07-02,24.0,13.0,1.0,1.0,19.0,3.0,"Powai, Mumbai"
2020-07-03,29.0,12.0,2.0,1.0,19.0,3.0,"Powai, Mumbai"
2020-07-04,24.0,23.0,1.0,1.0,18.0,2.0,"Powai, Mumbai"
2020-07-05,33.0,72.0,8.0,1.0,21.0,2.0,"Powai, Mumbai"
2020-07-06,106.0,23.0,7.0,1.0,20.0,3.0,"Powai, Mumbai"
2020-07-07,28.0,26.0,2.0,1.0,19.0,3.0,"Powai, Mumbai"
2020-07-08,35.0,28.0,2.0,1.0,20.0,3.0,"Powai, Mumbai"
2020-07-09,34.0,33.0,2.0,1.0,20.0,2.0,"Powai, Mumbai"
2020-07-10,27.0,31.0,2.0,1.0,20.0,2.0,"Powai, Mumbai"
2020-07-11,33.0,17.0,1.0,1.0,20.0,3.0,"Powai, Mumbai"
2020-07-12,37.0,18.0,1.0,1.0,20.0,3.0,"Powai, Mumbai"
2020-07-13,33.0,20.0,1.0,2.0,20.0,4.0,"Powai, Mumbai"
2020-07-14,37.0,9.0,1.0,1.0,20.0,3.0,"Powai, Mumbai"
2020-07-15,25.0,10.0,2.0,1.0,20.0,3.0,"Powai, Mumbai"
2020-07-16,17.0,15.0,1.0,2.0,21.0,3.0,"Powai, Mumbai"
2020-07-17,31.0,29.0,1.0,1.0,21.0,3.0,"Powai, Mumbai"
2020-07-18,36.0,28.0,2.0,1.0,20.0,3.0,"Powai, Mumbai"
2020-07-19,163.0,32.0,1.0,1.0,18.0,3.0,"Powai, Mumbai"
2020-07-20,143.57142857142858,39.0,1.0,2.0,18.0,3.0,"Powai, Mumbai"
2020-07-21,124.14285714285714,27.0,1.0,2.0,18.0,3.0,"Powai, Mumbai"
2020-07-22,104.71428571428572,19.0,1.0,2.0,18.0,3.0,"Powai, Mumbai"
2020-07-23,52.0,31.0,1.0,3.0,18.0,5.0,"Powai, Mumbai"
2020-07-24,52.0,39.0,1.0,2.0,18.0,6.0,"Powai, Mumbai"
2020-07-25,52.0,9.0,1.0,2.0,1.0,3.0,"Powai, Mumbai"
2020-07-26,27.0,11.0,1.0,1.0,1.1428571428571428,3.0,"Powai, Mumbai"
2020-07-27,17.0,15.0,1.0,2.0,1.2857142857142856,4.0,"Powai, Mumbai"
2020-07-28,4.0,27.0,1.0,1.0,1.4285714285714286,6.0,"Powai, Mumbai"
2020-07-29,37.0,15.0,1.0,1.0,5.0,4.0,"Powai, Mumbai"
2020-07-30,5.0,18.0,3.0,1.0,5.0,4.0,"Powai, Mumbai"
2020-07-31,4.0,18.0,1.0,2.0,5.0,3.0,"Powai, Mumbai"
2020-08-01,5.0,17.0,1.0,4.0,2.0,3.0,"Powai, Mumbai"
2020-08-02,52.0,10.0,1.0,3.0,2.0,3.0,"Powai, Mumbai"
2020-08-03,16.0,9.0,2.0,1.0,2.0,3.0,"Powai, Mumbai"
2020-08-04,3.0,13.0,4.0,1.0,2.0,3.0,"Powai, Mumbai"
2020-08-05,1.0,12.0,6.0,1.0,2.0,3.0,"Powai, Mumbai"
2020-08-06,1.0,23.5,4.0,1.0,1.5,3.0,"Powai, Mumbai"
2020-08-07,2.5,35.0,2.0,2.0,1.0,3.0,"Powai, Mumbai"
2020-08-08,4.0,42.0,2.0,1.0,1.0,3.0,"Powai, Mumbai"
2020-08-09,57.0,37.0,3.5,1.0,6.0,2.0,"Powai, Mumbai"
2020-08-10,47.0,80.0,5.0,1.0,21.0,1.6666666666666667,"Powai, Mumbai"
2020-08-11,208.0,23.0,5.0,1.0,2.0,1.3333333333333335,"Powai, Mumbai"
2020-08-12,159.75,26.0,1.0,2.0,1.0,1.0,"Powai, Mumbai"
2020-08-13,111.5,21.0,2.0,2.0,1.0,1.0,"Powai, Mumbai"
2020-08-14,63.25,29.0,2.0,1.0,1.0,1.0,"Powai, Mumbai"
2020-08-15,15.0,35.0,2.0,1.0,1.0,1.0,"Powai, Mumbai"
2020-08-16,32.0,25.0,1.0,1.0,1.0,1.0,"Powai, Mumbai"
2020-08-17,53.0,23.0,1.0,1.0,1.0,1.0,"Powai, Mumbai"
2020-08-18,28.0,21.0,1.0,1.0,1.0,1.0,"Powai, Mumbai"
2020-08-19,23.0,21.0,1.0,2.0,5.0,1.0,"Powai, Mumbai"
2020-08-20,18.0,15.0,1.0,1.0,5.0,1.0,"Powai, Mumbai"
2020-08-21,13.000000000000002,18.0,1.0,1.0,5.0,1.0,"Powai, Mumbai"
2020-08-22,8.0,23.0,1.0,1.0,5.0,2.0,"Powai, Mumbai"
2020-08-23,4.0,26.0,1.0,1.0,1.0,3.0,"Powai, Mumbai"
2020-08-24,60.0,26.0,1.0,2.0,1.0,1.0,"Powai, Mumbai"
2020-08-25,31.0,20.0,1.0,1.0,1.0,1.0,"Powai, Mumbai"
2020-08-26,9.0,23.0,1.0,1.0,1.0,1.0,"Powai, Mumbai"
2020-08-27,5.0,17.0,1.0,2.0,5.0,2.0,"Powai, Mumbai"
2020-08-28,1.0,14.0,1.0,2.0,5.0,2.0,"Powai, Mumbai"
2020-08-29,6.0,17.0,1.0,2.0,5.0,2.0,"Powai, Mumbai"
2020-08-30,9.0,22.0,1.0,1.0,5.0,1.0,"Powai, Mumbai"
2020-08-31,109.0,16.0,1.3333333333333333,1.0,5.0,1.0,"Powai, Mumbai"
2020-09-01,33.0,27.5,1.6666666666666665,1.0,5.0,1.5,"Powai, Mumbai"
2020-09-02,34.5,39.0,2.0,1.0,5.0,2.0,"Powai, Mumbai"
2020-09-03,36.0,49.0,6.0,2.0,5.0,4.0,"Powai, Mumbai"
2020-09-04,27.0,42.0,5.0,2.0,5.0,4.0,"Powai, Mumbai"
2020-09-05,41.0,57.0,3.0,2.0,5.0,5.0,"Powai, Mumbai"
2020-09-06,49.0,24.0,2.0,2.0,5.0,3.0,"Powai, Mumbai"
2020-09-07,53.0,30.0,1.0,2.0,1.0,3.0,"Powai, Mumbai"
2020-09-08,61.0,41.333333333333336,2.0,2.0,1.0,4.0,"Powai, Mumbai"
2020-09-09,37.0,52.66666666666667,2.0,3.0,1.0,4.0,"Powai, Mumbai"
2020-09-10,136.5,64.0,2.0,2.0,1.0,4.0,"Powai, Mumbai"
2020-09-11,236.0,17.0,1.0,2.0,1.0,2.0,"Powai, Mumbai"
2020-09-12,29.0,27.0,1.0,1.0,1.0,2.0,"Powai, Mumbai"
2020-09-13,51.0,31.0,1.0,1.0,1.0,3.0,"Powai, Mumbai"
2020-09-14,57.0,29.0,1.0,1.0,1.0,4.0,"Powai, Mumbai"
2020-09-15,60.0,27.0,1.0,1.0,1.0,4.0,"Powai, Mumbai"
2020-09-16,57.0,28.0,1.0,1.0,1.0,4.0,"Powai, Mumbai"
2020-09-17,57.0,37.0,1.0,1.0,1.0,5.0,"Powai, Mumbai"
2020-09-18,74.0,35.0,1.0,1.0,1.0,5.0,"Powai, Mumbai"
2020-09-19,75.0,31.0,1.0,1.0,1.0,4.0,"Powai, Mumbai"
2020-09-20,70.0,40.0,1.0,2.0,1.0,5.0,"Powai, Mumbai"
2020-09-21,83.0,41.0,1.0,3.0,1.0,6.0,"Powai, Mumbai"
2020-09-22,95.0,36.0,1.0,3.0,1.0,5.5,"Powai, Mumbai"
2020-09-23,76.5,31.0,1.0,3.0,1.0,5.0,"Powai, Mumbai"
2020-09-24,58.0,31.0,1.0,2.0,1.0,4.0,"Powai, Mumbai"
2020-09-25,57.0,38.0,1.0,1.0,1.0,2.0,"Powai, Mumbai"
2020-09-26,58.0,39.0,1.0,2.0,1.0,3.0,"Powai, Mumbai"
2020-09-27,67.0,44.0,2.0,3.0,1.0,4.0,"Powai, Mumbai"
2020-09-28,76.0,50.0,3.0,3.0,1.0,4.0,"Powai, Mumbai"
2020-09-29,82.0,48.0,3.0,3.0,5.0,3.0,"Powai, Mumbai"
2020-09-30,80.0,42.0,3.0,2.0,5.0,2.0,"Powai, Mumbai"
2020-10-01,212.0,51.0,4.0,2.0,9.0,3.0,"Powai, Mumbai"
2020-10-02,102.0,56.0,4.0,4.0,9.0,4.0,"Powai, Mumbai"
2020-10-03,112.0,35.0,3.0,5.0,9.0,4.0,"Powai, Mumbai"
2020-10-04,85.0,38.0,2.0,2.0,9.0,3.0,"Powai, Mumbai"
2020-10-05,74.0,54.0,4.0,2.0,9.0,3.0,"Powai, Mumbai"
2020-10-06,95.0,60.0,5.0,3.0,9.0,4.0,"Powai, Mumbai"
2020-10-07,121.0,70.0,4.0,4.0,9.0,5.0,"Powai, Mumbai"
2020-10-08,143.0,55.0,1.0,1.0,1.0,4.0,"Powai, Mumbai"
2020-10-09,117.0,75.0,3.0,8.0,1.0,7.0,"Powai, Mumbai"
2020-10-10,161.0,63.0,2.0,4.0,1.0,6.0,"Powai, Mumbai"
2020-10-11,138.0,77.0,1.0,7.0,2.0,8.0,"Powai, Mumbai"
2020-10-12,159.0,69.5,5.0,7.5,3.666666666666667,7.0,"Powai, Mumbai"
2020-10-13,140.5,62.0,9.0,8.0,5.333333333333334,6.0,"Powai, Mumbai"
2020-10-14,122.0,33.0,13.0,5.0,7.0,4.0,"Powai, Mumbai"
2020-10-15,81.0,34.0,5.0,6.0,6.0,5.0,"Powai, Mumbai"
2020-10-16,71.0,62.0,4.75,6.0,5.0,5.0,"Powai, Mumbai"
2020-10-17,85.0,59.333333333333336,4.5,5.0,4.0,4.666666666666667,"Powai, Mumbai"
2020-10-19,141.0,54.0,4.0,3.0,9.0,4.0,"Powai, Mumbai"
2020-10-20,169.0,52.0,4.0,5.0,1.0,5.0,"Powai, Mumbai"
2020-10-21,115.0,53.0,4.0,5.0,1.0,6.0,"Powai, Mumbai"
2020-10-22,120.0,51.0,12.0,5.0,1.0,5.0,"Powai, Mumbai"
2020-10-23,108.0,73.0,4.0,6.0,1.0,8.0,"Powai, Mumbai"
2020-10-24,145.0,68.0,6.0,6.0,9.0,6.5,"Powai, Mumbai"
2020-10-25,138.5,63.0,8.0,6.0,9.0,5.0,"Powai, Mumbai"
2020-10-26,132.0,63.0,12.0,9.0,9.0,6.0,"Powai, Mumbai"
2020-10-27,126.0,72.0,18.0,9.0,9.0,7.0,"Powai, Mumbai"
2020-10-28,145.0,73.0,20.0,9.0,9.0,7.0,"Powai, Mumbai"
2020-10-29,155.0,68.0,19.0,7.0,1.0,6.0,"Powai, Mumbai"
2020-10-30,141.0,61.0,16.0,8.0,1.0,6.0,"Powai, Mumbai"
2020-10-31,125.0,62.0,15.0,7.0,1.0,5.0,"Powai, Mumbai"
2020-11-01,129.0,82.0,26.0,10.0,1.0,8.0,"Powai, Mumbai"
2020-11-02,155.0,90.0,27.0,8.0,1.0,8.0,"Powai, Mumbai"
2020-11-03,165.0,86.0,36.0,10.0,1.0,9.0,"Powai, Mumbai"
2020-11-04,164.0,80.0,30.0,9.0,1.0,7.0,"Powai, Mumbai"
2020-11-05,158.0,75.0,28.0,9.0,1.0,7.0,"Powai, Mumbai"
2020-11-06,150.0,80.0,28.0,12.0,1.0,8.0,"Powai, Mumbai"
2020-11-07,160.0,76.0,29.0,7.0,1.0,6.0,"Powai, Mumbai"
2020-11-08,154.0,78.0,28.0,10.0,1.0,7.0,"Powai, Mumbai"
2020-11-09,152.0,83.0,33.0,13.0,1.0,8.0,"Powai, Mumbai"
2020-11-10,161.0,116.0,39.0,11.0,1.0,8.0,"Powai, Mumbai"
2020-11-11,189.0,112.0,42.0,9.0,1.0,8.0,"Powai, Mumbai"
2020-11-12,183.0,96.0,29.0,10.0,1.0,8.0,"Powai, Mumbai"
2020-11-13,163.0,90.0,34.0,9.0,1.0,7.0,"Powai, Mumbai"
2020-11-14,152.0,66.0,32.0,6.0,1.0,7.0,"Powai, Mumbai"
2020-11-15,140.0,100.0,35.0,6.0,1.0,6.0,"Powai, Mumbai"
2020-11-16,176.0,94.0,39.0,6.0,1.0,6.0,"Powai, Mumbai"
2020-11-17,161.0,111.0,43.0,10.0,1.0,8.0,"Powai, Mumbai"
2020-11-18,180.0,99.0,41.0,7.0,1.0,7.0,"Powai, Mumbai"
2020-11-19,183.0,100.0,44.0,11.0,1.0,7.0,"Powai, Mumbai"
2020-11-20,173.0,68.0,33.0,10.0,1.0,7.0,"Powai, Mumbai"
2020-11-21,170.0,79.0,54.0,10.0,1.0,8.0,"Powai, Mumbai"
2020-11-22,159.0,50.0,22.0,7.0,1.0,6.0,"Powai, Mumbai"
2020-11-23,107.0,74.0,33.0,11.0,1.0,7.0,"Powai, Mumbai"
2020-11-24,155.0,90.0,48.0,16.0,1.0,10.0,"Powai, Mumbai"
2020-11-25,167.0,89.0,36.0,11.0,1.0,6.0,"Powai, Mumbai"
2020-11-26,167.0,110.0,80.0,7.0,2.0,3.0,"Powai, Mumbai"
2020-11-27,174.0,70.0,14.0,10.0,24.0,4.0,"Powai, Mumbai"
2020-11-28,135.0,55.0,12.0,12.0,3.0,4.0,"Powai, Mumbai"
2020-11-29,103.0,93.0,14.0,5.0,2.0,5.0,"Powai, Mumbai"
2020-11-30,163.0,72.0,7.0,3.0,3.0,7.0,"Powai, Mumbai"
2020-12-01,159.0,81.0,27.0,8.0,3.0,7.0,"Powai, Mumbai"
2020-12-02,159.0,81.0,30.0,9.0,3.0,7.0,"Powai, Mumbai"
2020-12-03,157.0,78.0,28.0,9.0,3.0,6.0,"Powai, Mumbai"
2020-12-04,157.0,80.0,32.0,10.0,3.0,7.0,"Powai, Mumbai"
2020-12-05,156.0,71.0,17.0,10.0,3.0,6.0,"Powai, Mumbai"
2020-12-06,139.0,74.0,18.0,10.0,3.0,6.0,"Powai, Mumbai"
2020-12-07,141.0,69.0,23.0,10.0,4.0,5.0,"Powai, Mumbai"
2020-12-08,136.0,76.0,5.0,12.0,3.0,6.0,"Powai, Mumbai"
2020-12-09,147.0,88.0,35.0,17.0,2.0,9.0,"Powai, Mumbai"
2020-12-10,162.0,76.0,23.0,8.0,2.0,7.0,"Powai, Mumbai"
2020-12-11,158.0,70.0,24.0,7.0,2.0,7.0,"Powai, Mumbai"
2020-12-12,155.0,65.0,23.0,6.0,2.0,6.0,"Powai, Mumbai"
2020-12-13,146.0,52.0,14.0,8.0,2.0,6.0,"Powai, Mumbai"
2020-12-14,120.0,77.0,39.0,7.0,2.0,7.0,"Powai, Mumbai"
2020-12-15,162.0,90.0,39.0,8.0,2.0,7.0,"Powai, Mumbai"
2020-12-16,172.0,81.0,63.0,9.0,2.0,7.0,"Powai, Mumbai"
2020-12-17,166.0,82.0,36.0,11.0,2.0,7.0,"Powai, Mumbai"
2020-12-18,156.0,79.0,34.0,9.0,3.0,7.0,"Powai, Mumbai"
2020-12-19,160.0,79.0,39.0,8.0,3.0,6.0,"Powai, Mumbai"
2020-12-20,160.0,76.0,37.0,13.0,4.0,7.0,"Powai, Mumbai"
2020-12-21,146.0,73.0,41.0,13.0,4.0,6.0,"Powai, Mumbai"
2020-12-22,138.0,76.0,51.0,15.0,3.0,7.0,"Powai, Mumbai"
2020-12-23,152.0,89.0,54.0,16.0,4.0,8.0,"Powai, Mumbai"
2020-12-24,164.0,103.0,61.0,15.0,4.0,10.0,"Powai, Mumbai"
2020-12-25,173.0,97.0,51.0,14.0,4.0,9.0,"Powai, Mumbai"
2020-12-26,170.0,106.0,71.0,11.0,3.0,9.0,"Powai, Mumbai"
2020-12-27,180.0,84.0,42.0,7.0,3.0,5.0,"Powai, Mumbai"
2020-12-28,140.0,96.0,61.0,15.0,3.0,7.0,"Powai, Mumbai"
2020-12-29,159.0,109.0,57.0,16.0,3.0,6.0,"Powai, Mumbai"
2020-12-30,169.0,102.0,57.0,12.0,4.0,5.0,"Powai, Mumbai"
2020-12-31,172.0,107.0,57.0,13.0,4.0,7.0,"Powai, Mumbai"
2021-01-01,183.0,119.0,55.0,13.0,3.0,7.0,"Powai, Mumbai"
2021-01-02,196.0,115.0,67.0,12.0,4.0,6.0,"Powai, Mumbai"
2021-01-03,187.0,122.0,58.5,11.0,4.0,8.0,"Powai, Mumbai"
2021-01-04,190.0,118.0,50.0,10.0,4.0,7.0,"Powai, Mumbai"
2021-01-05,191.0,129.0,34.0,10.0,21.0,8.0,"Powai, Mumbai"
2021-01-06,203.0,127.0,68.0,17.0,1.0,7.0,"Powai, Mumbai"
2021-01-07,198.0,106.0,27.0,16.0,1.0,8.0,"Powai, Mumbai"
2021-01-08,182.0,87.0,40.0,7.0,1.0,6.0,"Powai, Mumbai"
2021-01-09,195.0,95.0,60.0,11.0,1.0,7.0,"Powai, Mumbai"
2021-01-10,170.0,85.0,64.0,6.0,3.0,6.0,"Powai, Mumbai"
2021-01-11,160.0,91.0,60.0,7.0,1.0,7.0,"Powai, Mumbai"
2021-01-12,163.0,147.0,43.0,9.0,1.0,4.0,"Powai, Mumbai"
2021-01-13,174.0,85.0,72.0,13.0,1.0,5.0,"Powai, Mumbai"
2021-01-14,159.0,245.0,50.0,9.0,1.0,4.0,"Powai, Mumbai"
2021-01-15,141.0,68.0,65.0,8.0,1.0,4.0,"Powai, Mumbai"
2021-01-16,145.0,70.0,68.0,12.0,1.0,5.0,"Powai, Mumbai"
2021-01-17,152.0,50.0,48.0,8.0,1.5,3.0,"Powai, Mumbai"
2021-01-18,107.0,65.0,69.0,13.0,2.0,4.0,"Powai, Mumbai"
2021-01-19,128.0,75.0,47.0,14.0,1.0,5.0,"Powai, Mumbai"
2021-01-20,145.0,90.0,83.0,13.0,2.0,6.0,"Powai, Mumbai"
2021-01-21,162.0,109.0,79.0,13.0,2.0,7.0,"Powai, Mumbai"
2021-01-22,184.0,96.0,82.0,14.0,2.0,6.0,"Powai, Mumbai"
2021-01-23,174.0,82.0,55.0,12.0,2.0,4.0,"Powai, Mumbai"
2021-01-24,148.0,116.0,74.0,14.0,1.0,6.0,"Powai, Mumbai"
2021-01-25,165.0,106.0,85.0,12.0,2.0,6.0,"Powai, Mumbai"
2021-01-26,173.0,94.0,84.0,12.0,1.0,7.0,"Powai, Mumbai"
2021-01-27,170.0,102.0,82.5,13.0,1.0,7.0,"Powai, Mumbai"
2021-01-28,175.0,95.0,81.0,14.0,1.0,7.0,"Powai, Mumbai"
2021-01-29,166.0,88.0,63.0,15.0,1.0,6.0,"Powai, Mumbai"
2021-01-30,155.0,77.0,70.0,12.0,2.0,5.0,"Powai, Mumbai"
2021-01-31,144.0,92.0,54.0,12.0,3.0,6.0,"Powai, Mumbai"
2021-02-01,162.0,86.0,49.0,13.0,3.0,9.0,"Powai, Mumbai"
2021-02-02,153.0,90.0,59.0,17.0,3.0,7.0,"Powai, Mumbai"
2021-02-03,161.0,85.0,75.0,5.0,3.0,5.0,"Powai, Mumbai"
2021-02-04,159.0,77.0,44.0,4.0,10.0,4.0,"Powai, Mumbai"
2021-02-05,147.0,146.0,34.0,9.0,4.0,3.0,"Powai, Mumbai"
2021-02-06,188.0,70.0,36.0,7.0,2.0,3.0,"Powai, Mumbai"
2021-02-07,130.0,75.0,44.0,11.0,4.0,4.0,"Powai, Mumbai"
2021-02-08,137.0,88.0,66.0,18.0,6.0,6.0,"Powai, Mumbai"
2021-02-09,150.0,95.0,85.0,18.0,5.0,7.0,"Powai, Mumbai"
2021-02-10,161.0,98.0,83.0,12.0,5.0,6.0,"Powai, Mumbai"
2021-02-11,165.0,101.0,70.5,17.0,8.0,8.0,"Powai, Mumbai"
2021-02-12,165.0,82.0,58.0,13.0,6.0,5.0,"Powai, Mumbai"
2021-02-13,146.0,73.0,60.0,8.0,5.0,4.0,"Powai, Mumbai"
2021-02-14,144.0,57.0,49.0,6.0,5.0,3.0,"Powai, Mumbai"
2021-02-15,110.0,49.0,31.0,5.0,3.0,3.0,"Powai, Mumbai"
2021-02-16,101.0,60.0,38.0,6.0,4.0,4.0,"Powai, Mumbai"
2021-02-17,129.0,99.0,48.0,13.0,6.0,5.0,"Powai, Mumbai"
2021-02-18,171.0,61.0,28.0,8.0,5.0,5.0,"Powai, Mumbai"
2021-02-19,125.0,66.0,19.0,8.0,5.0,5.0,"Powai, Mumbai"
2021-02-20,122.0,65.0,23.0,6.0,6.0,4.0,"Powai, Mumbai"
2021-02-21,129.0,73.0,37.0,8.0,7.0,6.0,"Powai, Mumbai"
2021-02-22,144.0,135.0,52.0,9.0,7.0,7.0,"Powai, Mumbai"
2021-02-23,201.0,89.0,39.0,11.0,6.0,9.0,"Powai, Mumbai"
2021-02-24,164.0,66.0,27.0,8.0,6.0,6.0,"Powai, Mumbai"
2021-02-25,141.0,62.0,20.0,6.0,5.0,5.0,"Powai, Mumbai"
2021-02-26,113.0,94.0,18.0,6.0,5.0,5.0,"Powai, Mumbai"
2021-02-27,114.0,70.0,20.0,5.0,5.0,6.0,"Powai, Mumbai"
2021-02-28,134.0,76.0,25.0,7.0,6.0,7.0,"Powai, Mumbai"
2021-03-01,147.0,72.0,19.0,7.0,6.0,7.0,"Powai, Mumbai"
2021-03-02,135.0,83.0,28.0,9.0,7.0,8.0,"Powai, Mumbai"
2021-03-03,156.0,91.0,21.0,9.0,7.0,10.0,"Powai, Mumbai"
2021-03-04,163.0,98.0,22.0,11.0,7.0,11.0,"Powai, Mumbai"
2021-03-05,158.0,92.0,16.0,7.0,6.0,8.0,"Powai, Mumbai"
2021-03-06,149.0,68.0,10.0,6.0,5.0,7.0,"Powai, Mumbai"
2021-03-07,118.0,54.0,22.0,10.0,5.0,7.0,"Powai, Mumbai"
2021-03-08,92.0,72.0,69.0,14.0,7.0,6.0,"Powai, Mumbai"
2021-03-09,125.0,80.0,74.0,17.0,8.0,8.0,"Powai, Mumbai"
2021-03-10,139.0,64.0,32.0,9.0,3.0,5.0,"Powai, Mumbai"
2021-03-11,104.0,52.0,39.0,8.0,2.0,5.0,"Powai, Mumbai"
2021-03-12,85.0,88.0,76.0,10.0,4.0,7.0,"Powai, Mumbai"
2021-03-13,146.0,93.0,77.5,14.0,7.0,8.0,"Powai, Mumbai"
2021-03-14,154.0,81.0,79.0,13.0,6.0,6.0,"Powai, Mumbai"
2021-03-15,139.0,69.0,34.0,8.0,14.0,4.0,"Powai, Mumbai"
2021-03-16,119.0,89.0,74.0,9.0,4.0,5.0,"Powai, Mumbai"
2021-03-17,135.0,88.0,69.0,10.0,4.0,5.0,"Powai, Mumbai"
2021-03-18,134.0,152.0,43.0,4.0,2.0,2.0,"Powai, Mumbai"
2021-03-19,176.0,116.0,32.0,6.0,1.5,1.0,"Powai, Mumbai"
2021-03-20,128.0,101.0,66.0,8.0,1.0,3.0,"Powai, Mumbai"
2021-03-21,138.0,86.0,65.0,10.0,1.0,4.0,"Powai, Mumbai"
2021-03-22,144.0,76.0,79.0,11.0,2.0,4.0,"Powai, Mumbai"
2021-03-23,142.0,90.0,65.5,13.0,4.0,6.0,"Powai, Mumbai"
2021-03-24,159.0,74.0,52.0,9.0,3.0,3.0,"Powai, Mumbai"
2021-03-25,118.0,91.0,80.0,14.0,3.0,5.0,"Powai, Mumbai"
2021-03-26,144.0,164.0,69.5,16.0,5.0,6.0,"Powai, Mumbai"
2021-03-27,179.0,105.0,59.0,16.0,3.0,7.0,"Powai, Mumbai"
2021-03-28,155.0,91.0,60.0,9.0,1.0,5.0,"Powai, Mumbai"
2021-03-29,141.0,54.0,31.0,5.0,1.0,1.0,"Powai, Mumbai"
2021-03-30,72.0,57.0,28.0,5.0,1.0,1.0,"Powai, Mumbai"
2021-03-31,135.0,103.0,25.0,6.0,1.0,1.0,"Powai, Mumbai"
2021-04-01,118.0,115.0,27.0,4.0,4.0,1.0,"Powai, Mumbai"
2021-04-02,119.0,91.0,26.0,5.0,4.0,1.0,"Powai, Mumbai"
2021-04-03,97.0,81.0,29.0,4.0,4.0,1.0,"Powai, Mumbai"
2021-04-04,85.0,66.0,59.0,3.0,4.0,2.0,"Powai, Mumbai"
2021-04-05,72.0,78.0,53.0,5.0,1.0,2.0,"Powai, Mumbai"
2021-04-06,95.0,72.0,41.0,5.0,1.0,1.0,"Powai, Mumbai"
2021-04-07,90.0,72.0,26.0,5.0,1.0,1.0,"Powai, Mumbai"
2021-04-08,87.0,84.0,35.0,5.0,1.0,1.0,"Powai, Mumbai"
2021-04-09,96.0,97.0,41.0,5.0,4.0,2.0,"Powai, Mumbai"
2021-04-10,111.0,74.0,45.0,4.0,4.0,2.0,"Powai, Mumbai"
2021-04-11,97.0,76.0,42.0,7.0,4.0,2.0,"Powai, Mumbai"
2021-04-12,104.0,75.0,46.0,7.0,1.0,3.0,"Powai, Mumbai"
2021-04-13,104.0,67.0,59.0,6.0,1.0,2.0,"Powai, Mumbai"
2021-04-14,93.0,62.0,57.0,5.0,1.0,2.0,"Powai, Mumbai"
2021-04-15,97.0,56.0,28.0,3.0,1.0,1.0,"Powai, Mumbai"
2021-04-16,81.0,53.0,27.0,3.0,4.0,1.0,"Powai, Mumbai"
2021-04-17,74.0,69.0,41.0,3.0,4.0,2.0,"Powai, Mumbai"
2021-04-18,105.0,68.0,26.0,4.0,4.0,1.0,"Powai, Mumbai"
2021-04-19,94.0,55.0,23.0,3.0,4.0,1.0,"Powai, Mumbai"
2021-04-20,76.0,52.0,22.0,2.0,4.0,1.0,"Powai, Mumbai"
2021-04-21,67.0,65.0,31.0,3.0,4.0,1.0,"Powai, Mumbai"
2021-04-22,82.0,59.0,31.0,3.0,4.0,1.0,"Powai, Mumbai"
2021-04-23,72.0,61.0,30.0,3.0,4.0,1.0,"Powai, Mumbai"
2021-04-24,75.0,67.0,35.0,3.0,1.0,2.0,"Powai, Mumbai"
2021-04-25,88.0,108.0,36.0,5.0,1.0,3.0,"Powai, Mumbai"
2021-04-26,135.0,120.0,32.0,5.0,1.0,2.0,"Powai, Mumbai"
2021-04-27,119.0,85.0,29.0,4.0,1.0,2.0,"Powai, Mumbai"
2021-04-28,96.0,59.0,23.0,3.0,1.0,2.0,"Powai, Mumbai"
2021-04-29,73.0,63.0,21.0,5.0,1.0,2.0,"Powai, Mumbai"
2021-04-30,91.0,55.0,26.0,3.0,1.0,2.0,"Powai, Mumbai"
2021-05-01,75.0,60.0,26.0,4.0,1.0,2.0,"Powai, Mumbai"
2021-05-02,90.0,70.0,59.0,6.0,2.0,4.0,"Powai, Mumbai"
2021-05-03,122.0,58.0,31.0,4.0,1.0,2.0,"Powai, Mumbai"
2021-05-04,85.0,52.0,20.0,2.0,1.0,2.0,"Powai, Mumbai"
2021-05-05,78.0,50.0,14.0,2.0,1.0,2.0,"Powai, Mumbai"
2021-05-06,73.0,55.0,22.0,3.0,1.0,2.0,"Powai, Mumbai"
2021-05-07,80.0,51.0,17.0,2.0,1.0,2.0,"Powai, Mumbai"
2021-05-08,73.0,52.0,17.0,2.0,1.0,1.0,"Powai, Mumbai"
2021-05-09,62.0,43.0,14.0,1.0,1.0,1.0,"Powai, Mumbai"
2021-05-10,52.0,34.0,9.0,1.0,1.0,1.0,"Powai, Mumbai"
2021-05-11,62.0,39.0,12.0,1.0,1.0,1.0,"Powai, Mumbai"
2021-05-12,59.0,52.0,15.0,2.0,1.0,2.0,"Powai, Mumbai"
2021-05-13,58.0,51.0,22.0,1.0,1.0,2.0,"Powai, Mumbai"
2021-05-14,62.0,99.0,36.0,4.0,2.0,3.0,"Powai, Mumbai"
2021-05-15,118.0,41.0,21.0,4.0,1.0,2.0,"Powai, Mumbai"
2021-05-16,103.0,23.0,12.0,3.0,1.0,1.0,"Powai, Mumbai"
2021-05-17,102.5,43.0,5.0,3.0,2.0,2.0,"Powai, Mumbai"
2021-05-18,102.0,53.25,16.0,5.0,2.0,3.0,"Powai, Mumbai"
2021-05-19,101.5,63.5,15.0,4.0,2.0,4.0,"Powai, Mumbai"
2021-05-20,64.5,73.75,13.0,3.0,2.0,2.0,"Powai, Mumbai"
2021-05-21,64.5,84.0,19.0,2.0,1.0,2.0,"Powai, Mumbai"
2021-05-22,100.0,60.0,19.0,2.0,1.0,2.0,"Powai, Mumbai"
2021-05-23,77.0,55.0,12.0,1.0,1.0,2.0,"Powai, Mumbai"
2021-05-24,72.0,61.0,15.0,1.0,1.0,1.0,"Powai, Mumbai"
2021-05-25,77.0,56.0,17.0,4.0,8.0,1.0,"Powai, Mumbai"
2021-05-26,68.0,51.0,14.0,2.0,8.0,1.0,"Powai, Mumbai"
2021-05-27,60.0,52.0,13.0,1.0,8.0,1.0,"Powai, Mumbai"
2021-05-28,60.0,50.0,12.0,1.0,8.0,2.0,"Powai, Mumbai"
2021-05-29,64.0,58.0,13.0,3.0,8.0,2.0,"Powai, Mumbai"
2021-05-30,74.0,50.0,10.0,6.0,1.0,4.0,"Powai, Mumbai"
2021-05-31,78.0,45.0,10.0,6.0,1.0,3.0,"Powai, Mumbai"
2021-06-01,69.0,67.0,12.0,6.0,1.0,3.0,"Powai, Mumbai"
2021-06-02,68.0,39.0,30.0,5.0,1.0,3.0,"Powai, Mumbai"
2021-06-03,65.0,37.0,19.0,7.0,1.0,3.0,"Powai, Mumbai"
2021-06-04,63.0,39.94444444444444,20.0,10.0,1.0,4.0,"Powai, Mumbai"
2021-06-05,83.0,42.888888888888886,16.0,4.0,1.0,3.0,"Powai, Mumbai"
2021-06-06,63.0,45.833333333333336,8.0,4.0,1.0,3.0,"Powai, Mumbai"
2021-06-07,62.0,40.0,9.0,5.0,1.0,3.0,"Powai, Mumbai"
2021-06-08,66.0,40.0,6.0,6.0,1.0,3.0,"Powai, Mumbai"
2021-06-09,49.0,40.0,7.0,6.0,1.0,3.0,"Powai, Mumbai"
2021-06-10,58.0,40.0,4.0,7.0,1.0,3.0,"Powai, Mumbai"
2021-06-11,54.0,40.0,10.0,4.0,1.0,3.0,"Powai, Mumbai"
2021-06-12,41.0,40.0,9.0,4.0,1.0,3.0,"Powai, Mumbai"
2021-06-13,52.0,40.0,9.0,2.0,1.0,3.0,"Powai, Mumbai"
2021-06-14,73.0,40.0,7.0,5.0,1.0,3.0,"Powai, Mumbai"
2021-06-15,66.0,40.0,6.0,7.0,2.0,4.0,"Powai, Mumbai"
2021-06-16,66.0,40.0,8.0,5.0,2.0,3.0,"Powai, Mumbai"
2021-06-17,78.0,40.0,11.0,3.0,2.0,3.0,"Powai, Mumbai"
2021-06-18,97.0,40.0,14.0,4.0,1.0,3.0,"Powai, Mumbai"
2021-06-19,76.0,40.0,10.0,3.0,1.0,3.0,"Powai, Mumbai"
2021-06-20,135.0,40.0,10.0,4.0,1.0,3.0,"Powai, Mumbai"
2021-06-21,120.0,90.0,9.0,2.0,1.0,1.0,"Powai, Mumbai"
2021-06-22,84.0,61.0,57.0,2.0,1.0,1.0,"Powai, Mumbai"
2021-06-23,80.0,48.0,11.0,3.0,2.0,1.0,"Powai, Mumbai"
2021-06-24,76.0,35.0,9.0,5.0,1.0,4.0,"Powai, Mumbai"
2021-06-25,101.0,54.0,11.0,3.0,2.0,7.0,"Powai, Mumbai"
2021-06-26,90.0,31.0,6.0,3.0,1.0,6.0,"Powai, Mumbai"
2021-06-27,62.0,36.0,12.0,4.0,2.0,6.0,"Powai, Mumbai"
2021-06-28,74.0,34.0,13.0,4.0,1.0,6.0,"Powai, Mumbai"
2021-06-29,70.0,38.0,8.0,4.0,1.0,7.0,"Powai, Mumbai"
2021-06-30,72.0,79.0,7.0,2.0,1.0,6.0,"Powai, Mumbai"
2021-07-01,63.0,45.0,8.0,1.0,1.0,5.0,"Powai, Mumbai"
2021-07-02,58.0,46.0,6.0,1.0,1.0,5.0,"Powai, Mumbai"
2021-07-03,58.0,45.0,7.0,1.0,1.0,5.0,"Powai, Mumbai"
2021-07-04,63.0,50.0,7.0,1.0,1.0,5.0,"Powai, Mumbai"
2021-07-05,71.0,54.0,5.0,1.0,1.0,5.0,"Powai, Mumbai"
2021-07-06,75.0,52.0,5.0,1.0,1.0,5.0,"Powai, Mumbai"
2021-07-07,78.0,35.0,3.0,3.0,2.0,6.0,"Powai, Mumbai"
2021-07-08,65.0,38.0,5.0,4.0,16.0,6.0,"Powai, Mumbai"
2021-07-09,70.0,30.0,6.0,4.0,14.928571428571429,6.0,"Powai, Mumbai"
2021-07-10,66.0,21.0,8.0,3.0,13.857142857142858,5.0,"Powai, Mumbai"
2021-07-11,49.0,26.0,10.0,3.0,12.785714285714285,6.0,"Powai, Mumbai"
2021-07-12,53.0,29.0,22.0,4.0,5.0,6.0,"Powai, Mumbai"
2021-07-13,62.0,21.0,24.0,5.0,5.0,5.0,"Powai, Mumbai"
2021-07-14,53.0,20.0,29.0,4.0,5.0,6.0,"Powai, Mumbai"
2021-07-15,51.0,20.0,14.0,5.0,5.0,5.0,"Powai, Mumbai"
2021-07-16,47.0,16.0,13.0,4.0,5.0,5.0,"Powai, Mumbai"
2021-07-17,40.0,28.0,10.0,1.0,5.0,4.0,"Powai, Mumbai"
2021-07-18,50.0,30.0,8.0,2.0,5.0,5.0,"Powai, Mumbai"
2021-07-19,60.0,41.0,15.0,2.0,5.0,5.0,"Powai, Mumbai"
2021-07-20,58.0,38.0,9.0,2.0,5.0,5.0,"Powai, Mumbai"
2021-07-21,58.0,50.0,9.0,2.0,5.0,5.0,"Powai, Mumbai"
2021-07-22,98.0,48.0,15.0,3.0,1.0,5.0,"Powai, Mumbai"
2021-07-23,64.0,42.0,8.0,2.0,1.0,5.0,"Powai, Mumbai"
2021-07-24,60.0,47.0,9.0,2.0,1.0,5.0,"Powai, Mumbai"
2021-07-25,63.0,50.0,8.0,2.0,1.0,5.0,"Powai, Mumbai"
2021-07-26,66.0,44.0,10.0,3.0,5.0,5.0,"Powai, Mumbai"
2021-07-27,58.0,44.0,10.0,3.0,5.0,5.0,"Powai, Mumbai"
2021-07-28,59.0,47.0,9.0,3.0,5.0,5.0,"Powai, Mumbai"
2021-07-29,62.0,47.0,9.0,3.0,5.0,5.0,"Powai, Mumbai"
2021-07-30,62.0,42.0,8.0,2.0,5.0,4.0,"Powai, Mumbai"
2021-07-31,54.0,113.0,8.0,2.5,5.0,4.5,"Powai, Mumbai"
2021-08-01,48.0,184.0,8.0,3.0,5.0,5.0,"Powai, Mumbai"
2021-08-02,56.0,32.0,7.0,2.0,5.0,5.0,"Powai, Mumbai"
2021-08-03,47.0,44.0,7.0,2.0,5.0,5.0,"Powai, Mumbai"
2021-08-04,57.0,51.0,8.0,2.0,5.0,5.0,"Powai, Mumbai"
2021-08-05,62.0,41.0,8.0,3.0,5.0,5.0,"Powai, Mumbai"
2021-08-06,63.0,47.0,8.0,2.0,5.0,5.0,"Powai, Mumbai"
2021-08-07,64.0,44.0,5.0,3.0,5.0,6.0,"Powai, Mumbai"
2021-08-08,69.0,50.0,7.0,4.0,1.0,6.0,"Powai, Mumbai"
2021-08-09,72.0,42.0,10.0,4.0,1.0,6.0,"Powai, Mumbai"
2021-08-10,72.0,37.0,9.0,3.0,1.0,6.0,"Powai, Mumbai"
2021-08-11,65.0,41.0,7.0,4.0,1.0,6.0,"Powai, Mumbai"
2021-08-12,68.0,35.0,10.0,3.0,1.0,6.0,"Powai, Mumbai"
2021-08-13,59.0,32.0,8.0,4.0,1.0,6.0,"Powai, Mumbai"
2021-08-14,59.0,24.0,3.0,7.0,1.0,8.0,"Powai, Mumbai"
2021-08-15,62.0,34.0,4.0,6.0,1.0,8.0,"Powai, Mumbai"
2021-08-16,81.0,36.0,5.0,5.0,1.0,8.0,"Powai, Mumbai"
2021-08-17,69.0,28.0,4.0,5.0,1.0,7.0,"Powai, Mumbai"
2021-08-18,62.0,26.0,4.0,5.0,1.0,7.0,"Powai, Mumbai"
2021-08-19,64.0,26.0,6.0,6.0,1.0,7.0,"Powai, Mumbai"
2021-08-20,62.0,21.0,7.0,4.0,1.0,6.0,"Powai, Mumbai"
2021-08-21,54.0,40.0,4.0,5.0,1.0,8.0,"Powai, Mumbai"
2021-08-22,70.0,40.0,6.0,3.0,1.0,7.0,"Powai, Mumbai"
2021-08-23,65.0,38.0,7.0,3.0,1.0,6.0,"Powai, Mumbai"
2021-08-24,64.66666666666667,34.0,6.0,3.0,1.0,7.0,"Powai, Mumbai"
2021-08-25,64.33333333333333,32.0,5.0,3.0,1.0,7.0,"Powai, Mumbai"
2021-08-26,64.0,47.0,8.0,3.0,1.0,7.0,"Powai, Mumbai"
2021-08-27,74.0,56.0,10.0,2.0,1.0,7.0,"Powai, Mumbai"
2021-08-28,77.0,46.0,7.0,2.0,1.0,6.0,"Powai, Mumbai"
2021-08-29,68.0,46.0,5.0,3.0,1.0,7.0,"Powai, Mumbai"
2021-08-30,76.0,30.0,7.0,5.0,1.0,7.0,"Powai, Mumbai"
2021-08-31,71.0,27.0,6.0,5.0,1.0,7.0,"Powai, Mumbai"
2021-09-01,63.0,32.0,8.0,7.0,1.0,8.0,"Powai, Mumbai"
2021-09-02,65.0,26.0,7.0,8.0,1.0,8.0,"Powai, Mumbai"
2021-09-03,62.0,27.0,8.0,6.0,1.0,8.0,"Powai, Mumbai"
2021-09-04,64.0,31.0,5.0,4.0,1.0,7.0,"Powai, Mumbai"
2021-09-05,65.0,33.0,7.0,3.0,2.0,8.0,"Powai, Mumbai"
2021-09-06,68.0,28.0,11.0,4.0,1.0,7.0,"Powai, Mumbai"
2021-09-07,67.0,20.0,8.0,6.0,1.0,7.0,"Powai, Mumbai"
2021-09-08,49.0,26.0,6.0,3.0,1.0,6.0,"Powai, Mumbai"
2021-09-09,47.0,30.0,6.0,2.0,1.0,6.0,"Powai, Mumbai"
2021-09-10,49.0,25.0,5.0,3.0,1.0,6.0,"Powai, Mumbai"
2021-09-11,45.0,20.0,10.0,4.0,1.0,7.0,"Powai, Mumbai"
2021-09-12,53.0,36.0,9.0,3.0,2.0,6.0,"Powai, Mumbai"
2021-09-13,56.0,60.0,9.0,2.0,1.0,6.0,"Powai, Mumbai"
2021-09-14,73.0,59.0,6.0,4.0,1.0,6.0,"Powai, Mumbai"
2021-09-15,77.0,60.0,6.0,4.0,1.0,6.0,"Powai, Mumbai"
2021-09-16,76.0,48.0,7.0,3.0,1.0,7.0,"Powai, Mumbai"
2021-09-17,69.0,41.0,7.0,3.0,2.0,7.0,"Powai, Mumbai"
2021-09-18,64.0,29.0,6.0,3.0,1.0,7.0,"Powai, Mumbai"
2021-09-19,61.0,21.0,5.0,2.0,2.0,7.0,"Powai, Mumbai"
2021-09-20,48.0,15.0,5.0,2.0,2.0,6.0,"Powai, Mumbai"
2021-09-21,40.0,26.0,3.0,2.0,2.0,8.0,"Powai, Mumbai"
2021-09-22,54.0,40.0,4.0,1.0,2.0,10.0,"Powai, Mumbai"
2021-09-23,77.0,49.0,5.0,2.0,2.0,11.0,"Powai, Mumbai"
2021-09-24,91.0,48.0,5.0,1.0,2.0,10.0,"Powai, Mumbai"
2021-09-25,85.0,39.0,3.0,1.0,2.0,8.0,"Powai, Mumbai"
2021-09-26,68.0,35.0,3.0,1.0,2.0,9.0,"Powai, Mumbai"
2021-09-27,243.0,34.0,4.0,3.0,2.0,9.0,"Powai, Mumbai"
2021-09-28,188.0,27.0,6.0,4.0,2.0,7.0,"Powai, Mumbai"
2021-09-29,133.0,61.0,4.0,3.0,2.0,8.0,"Powai, Mumbai"
2021-09-30,78.0,47.0,5.0,3.0,2.0,9.0,"Powai, Mumbai"
2021-10-01,75.0,47.0,8.0,2.0,2.0,8.0,"Powai, Mumbai"
2021-10-02,82.0,50.0,24.0,3.0,2.0,9.0,"Powai, Mumbai"
2021-10-03,98.0,50.0,14.0,4.0,2.0,9.0,"Powai, Mumbai"
2021-10-04,103.0,47.0,14.0,5.0,2.0,8.0,"Powai, Mumbai"
2021-10-05,90.0,48.0,22.0,7.0,2.0,9.0,"Powai, Mumbai"
2021-10-06,91.0,73.0,10.0,5.0,47.0,10.0,"Powai, Mumbai"
2021-10-07,121.0,109.0,54.0,3.0,63.0,10.0,"Powai, Mumbai"
2021-10-08,137.0,38.0,3.0,3.0,48.0,10.0,"Powai, Mumbai"
2021-10-09,67.0,43.0,4.0,2.0,35.0,10.0,"Powai, Mumbai"
2021-10-10,78.0,47.0,4.0,2.0,27.0,11.0,"Powai, Mumbai"
2021-10-11,101.0,59.0,4.0,3.0,22.0,12.0,"Powai, Mumbai"
2021-10-12,129.0,64.0,7.0,4.0,18.0,11.0,"Powai, Mumbai"
2021-10-13,133.0,75.0,18.0,4.0,10.0,11.0,"Powai, Mumbai"
2021-10-14,149.0,82.0,27.0,5.0,1.0,10.0,"Powai, Mumbai"
2021-10-15,144.0,73.0,46.0,5.0,1.0,9.0,"Powai, Mumbai"
2021-10-16,122.0,88.0,53.0,7.0,1.0,11.0,"Powai, Mumbai"
2021-10-17,150.0,69.0,33.0,6.0,1.0,9.0,"Powai, Mumbai"
2021-10-18,110.0,60.0,25.0,3.0,1.0,9.0,"Powai, Mumbai"
2021-10-19,82.0,59.0,25.0,4.0,1.0,8.0,"Powai, Mumbai"
2021-10-20,98.0,73.0,38.0,7.0,1.0,9.0,"Powai, Mumbai"
2021-10-21,135.0,72.0,28.0,7.0,1.0,10.0,"Powai, Mumbai"
2021-10-22,135.0,59.0,34.0,4.0,1.0,9.0,"Powai, Mumbai"
2021-10-23,121.0,51.5,28.0,3.5,1.0,8.5,"Powai, Mumbai"
2021-10-24,94.0,44.0,22.0,3.0,1.0,8.0,"Powai, Mumbai"
2021-10-25,67.0,65.0,34.0,6.0,1.0,9.0,"Powai, Mumbai"
2021-10-26,123.0,68.0,35.0,9.0,1.0,10.0,"Powai, Mumbai"
2021-10-27,128.0,88.5,24.0,7.0,54.5,11.0,"Powai, Mumbai"
2021-10-28,138.5,109.0,13.0,5.0,108.0,12.0,"Powai, Mumbai"
2021-10-29,149.0,133.0,15.0,6.0,69.0,12.0,"Powai, Mumbai"
2021-10-30,168.0,85.0,18.0,7.0,56.0,13.0,"Powai, Mumbai"
2021-10-31,155.0,164.0,23.0,8.0,51.0,15.0,"Powai, Mumbai"
2021-11-01,197.0,151.0,42.0,7.0,20.0,13.0,"Powai, Mumbai"
2021-11-02,216.0,140.0,37.0,8.0,2.0,12.0,"Powai, Mumbai"
2021-11-03,212.0,90.0,40.0,7.0,5.0,12.0,"Powai, Mumbai"
2021-11-04,170.0,99.0,42.0,8.0,8.0,13.0,"Powai, Mumbai"
2021-11-05,183.0,65.0,13.0,6.0,8.0,13.0,"Powai, Mumbai"
2021-11-06,144.0,67.0,27.0,7.0,6.0,13.0,"Powai, Mumbai"
2021-11-07,146.0,148.0,44.0,8.0,1.0,13.0,"Powai, Mumbai"
2021-11-08,220.0,115.0,33.0,11.0,2.0,13.0,"Powai, Mumbai"
2021-11-09,190.0,109.0,34.0,8.0,2.0,13.0,"Powai, Mumbai"
2021-11-10,188.0,115.0,32.0,8.0,2.0,13.0,"Powai, Mumbai"
2021-11-11,191.0,139.0,37.0,10.0,2.0,13.0,"Powai, Mumbai"
2021-11-12,192.0,91.0,39.0,7.0,3.0,13.0,"Powai, Mumbai"
2021-11-13,168.0,90.0,36.0,8.0,4.0,14.0,"Powai, Mumbai"
2021-11-14,170.0,96.0,26.0,8.0,4.0,14.0,"Powai, Mumbai"
2021-11-15,171.0,90.0,21.0,6.0,5.0,13.0,"Powai, Mumbai"
2021-11-16,171.0,71.0,12.0,6.0,5.0,9.0,"Powai, Mumbai"
2021-11-17,147.0,51.0,4.0,2.0,4.0,5.0,"Powai, Mumbai"
2021-11-18,110.0,57.0,5.0,3.0,3.0,4.0,"Powai, Mumbai"
2021-11-19,122.0,58.0,4.0,2.0,3.0,4.0,"Powai, Mumbai"
2021-11-20,122.0,37.0,3.0,3.0,4.0,3.0,"Powai, Mumbai"
2021-11-21,71.0,43.0,2.0,1.0,4.0,4.0,"Powai, Mumbai"
2021-11-22,81.0,47.0,16.0,3.0,4.0,3.0,"Powai, Mumbai"
2021-11-23,89.0,109.0,4.0,3.0,5.0,4.0,"Powai, Mumbai"
2021-11-24,184.0,75.0,16.0,6.0,3.0,3.0,"Powai, Mumbai"
2021-11-25,155.0,72.0,21.0,7.0,2.0,3.0,"Powai, Mumbai"
2021-11-26,153.0,74.0,20.0,8.0,1.0,3.0,"Powai, Mumbai"
2021-11-27,153.0,80.0,21.0,9.0,1.0,3.0,"Powai, Mumbai"
2021-11-28,155.0,76.0,21.0,10.0,1.0,2.0,"Powai, Mumbai"
2021-11-29,151.0,88.0,18.0,11.0,1.0,4.0,"Powai, Mumbai"
2021-11-30,162.0,71.0,18.0,8.0,1.0,4.0,"Powai, Mumbai"
2021-12-01,152.0,52.0,20.0,9.0,1.0,3.0,"Powai, Mumbai"
2021-12-02,128.0,60.0,17.0,6.0,1.0,4.0,"Powai, Mumbai"
2021-12-03,139.0,215.0,14.0,7.0,1.0,5.0,"Powai, Mumbai"
2021-12-04,134.0,180.66666666666666,11.0,7.0,1.0,4.0,"Powai, Mumbai"
2021-12-05,129.0,146.33333333333331,21.0,6.0,1.0,4.0,"Powai, Mumbai"
2021-12-06,153.0,112.0,27.0,8.0,1.0,5.0,"Powai, Mumbai"
2021-12-07,177.0,102.0,29.0,10.0,1.0,5.0,"Powai, Mumbai"
2021-12-08,176.0,94.0,31.0,8.0,1.0,5.0,"Powai, Mumbai"
2021-12-09,173.0,91.0,26.0,8.0,1.0,4.0,"Powai, Mumbai"
2021-12-10,168.0,90.0,25.0,9.0,1.0,4.5,"Powai, Mumbai"
2021-12-11,166.0,86.0,24.0,8.0,3.5,5.0,"Powai, Mumbai"
2021-12-12,166.0,79.0,22.0,9.0,3.5,4.0,"Powai, Mumbai"
2021-12-13,149.0,68.0,39.0,8.0,3.5,1.0,"Powai, Mumbai"
2021-12-14,144.0,95.0,50.0,10.0,1.0,4.0,"Powai, Mumbai"
2021-12-15,173.0,106.0,48.0,10.0,1.0,10.0,"Powai, Mumbai"
2021-12-16,183.0,105.0,47.0,9.0,1.0,8.0,"Powai, Mumbai"
2021-12-17,181.0,107.0,44.0,9.0,1.0,7.0,"Powai, Mumbai"
2021-12-18,182.0,96.0,53.0,9.0,1.0,7.0,"Powai, Mumbai"
2021-12-19,176.0,103.0,48.0,9.0,1.0,6.0,"Powai, Mumbai"
2021-12-20,179.0,110.0,73.0,9.0,1.0,8.0,"Powai, Mumbai"
2021-12-21,184.0,103.0,35.0,9.0,1.0,8.0,"Powai, Mumbai"
2021-12-22,181.0,99.0,40.5,9.0,1.0,7.0,"Powai, Mumbai"
2021-12-23,176.0,73.0,46.0,7.0,1.0,5.0,"Powai, Mumbai"
2021-12-24,136.0,72.0,52.0,8.0,1.0,5.0,"Powai, Mumbai"
2021-12-25,143.0,97.0,59.0,7.0,1.0,7.0,"Powai, Mumbai"
2021-12-26,173.0,104.0,44.0,10.0,1.0,7.0,"Powai, Mumbai"
2021-12-27,171.0,101.0,52.0,11.0,1.0,8.0,"Powai, Mumbai"
2021-12-28,171.0,77.0,37.0,8.0,1.0,5.0,"Powai, Mumbai"
2021-12-29,141.0,95.0,35.0,8.0,1.0,6.0,"Powai, Mumbai"
2021-12-30,167.0,92.0,39.0,10.0,1.0,6.0,"Powai, Mumbai"
2021-12-31,166.0,79.0,41.0,6.0,1.0,5.0,"Powai, Mumbai"
2022-01-01,159.0,82.0,42.0,8.0,1.0,7.0,"Powai, Mumbai"
2022-01-02,162.0,85.0,49.0,9.0,1.0,6.0,"Powai, Mumbai"
2022-01-03,162.0,91.0,63.0,10.0,1.0,7.0,"Powai, Mumbai"
2022-01-04,167.0,107.0,67.0,13.0,1.0,9.0,"Powai, Mumbai"
2022-01-05,179.0,79.0,36.0,6.0,1.0,6.0,"Powai, Mumbai"
2022-01-06,162.0,100.0,52.0,10.0,1.0,8.0,"Powai, Mumbai"
2022-01-07,177.0,79.0,28.0,10.0,1.0,6.0,"Powai, Mumbai"
2022-01-08,155.0,45.0,41.0,4.0,1.0,3.0,"Powai, Mumbai"
2022-01-09,84.0,51.0,35.0,6.0,1.0,5.0,"Powai, Mumbai"
2022-01-10,102.0,89.0,70.0,14.0,1.0,6.0,"Powai, Mumbai"
2022-01-11,166.0,116.0,57.0,8.0,1.0,6.0,"Powai, Mumbai"
2022-01-12,183.0,93.0,66.0,10.0,1.0,8.0,"Powai, Mumbai"
2022-01-13,172.0,95.0,53.0,9.0,1.0,8.0,"Powai, Mumbai"
2022-01-14,174.0,84.0,42.0,7.0,1.0,7.0,"Powai, Mumbai"
2022-01-15,166.0,76.0,41.0,7.0,2.0,6.0,"Powai, Mumbai"
2022-01-16,156.0,83.0,38.0,7.0,2.0,7.0,"Powai, Mumbai"
2022-01-17,150.66666666666666,84.0,37.0,9.0,2.0,8.0,"Powai, Mumbai"
2022-01-18,145.33333333333334,91.0,53.0,11.0,3.0,8.0,"Powai, Mumbai"
2022-01-19,140.0,66.0,53.0,10.0,3.0,7.0,"Powai, Mumbai"
2022-01-20,133.0,60.0,28.0,9.0,2.0,7.0,"Powai, Mumbai"
2022-01-21,115.0,60.0,21.0,7.0,2.0,7.0,"Powai, Mumbai"
2022-01-22,102.0,152.5,38.0,2.0,1.0,4.0,"Powai, Mumbai"
2022-01-23,231.0,245.0,46.0,3.0,3.0,6.0,"Powai, Mumbai"
2022-01-24,197.0,163.0,49.0,10.0,3.0,7.0,"Powai, Mumbai"
2022-01-25,172.0,139.0,55.0,8.0,3.0,8.0,"Powai, Mumbai"
2022-01-26,168.0,113.0,54.0,9.0,3.0,8.0,"Powai, Mumbai"
2022-01-27,161.0,90.0,51.0,8.0,3.0,7.0,"Powai, Mumbai"
2022-01-28,143.0,83.0,68.0,11.0,3.0,7.0,"Powai, Mumbai"
2022-01-29,144.0,86.0,61.0,9.0,4.0,8.0,"Powai, Mumbai"
2022-01-30,148.0,84.0,62.0,12.0,5.0,9.0,"Powai, Mumbai"
2022-01-31,152.0,80.0,46.0,10.0,4.0,8.0,"Powai, Mumbai"
2022-02-01,144.0,96.0,60.0,11.0,4.0,9.0,"Powai, Mumbai"
2022-02-02,165.0,87.0,35.0,9.0,3.0,8.0,"Powai, Mumbai"
2022-02-03,148.0,136.0,70.0,5.0,3.0,6.0,"Powai, Mumbai"
2022-02-04,149.0,156.0,54.0,9.0,3.0,7.0,"Powai, Mumbai"
2022-02-05,168.0,136.0,73.0,10.0,4.0,9.0,"Powai, Mumbai"
2022-02-06,171.0,100.0,34.0,5.0,3.0,6.0,"Powai, Mumbai"
2022-02-07,151.0,68.0,25.0,5.0,3.0,6.0,"Powai, Mumbai"
2022-02-08,105.0,73.0,28.0,6.0,3.0,7.0,"Powai, Mumbai"
2022-02-09,129.0,92.0,39.0,8.0,4.0,8.0,"Powai, Mumbai"
2022-02-10,158.0,87.0,37.0,9.0,4.0,7.0,"Powai, Mumbai"
2022-02-11,143.0,81.0,43.0,11.0,4.0,9.0,"Powai, Mumbai"
2022-02-12,146.0,89.0,46.0,10.0,5.0,9.0,"Powai, Mumbai"
2022-02-13,159.0,70.0,29.0,7.0,5.0,7.0,"Powai, Mumbai"
2022-02-14,128.0,57.0,24.0,7.0,5.0,6.0,"Powai, Mumbai"
2022-02-15,92.0,55.0,20.0,8.0,5.0,7.0,"Powai, Mumbai"
2022-02-16,89.0,58.0,28.0,10.0,6.0,7.0,"Powai, Mumbai"
2022-02-17,107.0,72.0,28.0,14.0,7.0,9.0,"Powai, Mumbai"
2022-02-18,131.0,75.0,32.0,12.0,7.0,9.0,"Powai, Mumbai"
2022-02-19,138.0,73.0,37.0,7.0,7.0,8.0,"Powai, Mumbai"
2022-02-20,144.0,90.0,28.0,13.0,8.0,11.0,"Powai, Mumbai"
2022-02-21,148.0,79.0,41.0,11.0,9.0,8.0,"Powai, Mumbai"
2022-02-22,137.0,87.0,42.0,16.0,9.0,9.11111111111111,"Powai, Mumbai"
2022-02-23,144.0,99.0,72.0,16.0,10.0,10.222222222222221,"Powai, Mumbai"
2022-02-24,158.0,127.0,77.0,16.0,10.0,11.333333333333332,"Powai, Mumbai"
2022-02-25,164.0,109.0,44.0,14.0,9.0,6.0,"Powai, Mumbai"
2022-02-26,149.0,58.0,20.0,11.0,8.0,6.0,"Powai, Mumbai"
2022-02-27,107.0,102.0,72.0,14.0,82.0,6.0,"Powai, Mumbai"
2022-02-28,159.0,106.0,40.0,12.0,56.0,6.0,"Powai, Mumbai"
2022-03-01,164.0,107.0,55.0,14.0,30.0,5.0,"Powai, Mumbai"
2022-03-02,163.0,105.0,53.0,12.0,4.0,18.0,"Powai, Mumbai"
2022-03-03,158.0,80.0,39.0,10.0,4.0,16.0,"Powai, Mumbai"
2022-03-04,119.0,90.0,58.0,16.0,3.0,18.0,"Powai, Mumbai"
2022-03-05,148.0,98.0,55.0,16.0,3.0,17.6,"Powai, Mumbai"
2022-03-06,159.0,109.0,73.0,15.5,3.0,17.2,"Powai, Mumbai"
2022-03-07,166.0,115.0,80.0,15.0,3.0,16.8,"Powai, Mumbai"
2022-03-08,172.0,98.0,61.0,14.0,3.0,5.0,"Powai, Mumbai"
2022-03-09,167.0,95.0,61.0,15.0,3.0,16.0,"Powai, Mumbai"
2022-03-10,164.0,105.0,69.0,16.0,3.0,7.0,"Powai, Mumbai"
2022-03-11,175.0,98.66666666666667,62.666666666666664,14.333333333333334,2.6666666666666665,6.0,"Powai, Mumbai"
2022-03-13,142.33333333333334,86.0,50.0,11.0,2.0,4.0,"Powai, Mumbai"
2022-03-14,126.0,114.0,58.0,17.0,2.0,8.0,"Powai, Mumbai"
2022-03-15,152.0,99.0,61.0,15.0,2.0,6.0,"Powai, Mumbai"
2022-03-16,149.0,210.0,81.0,14.5,3.0,10.0,"Powai, Mumbai"
2022-03-17,92.0,106.0,64.0,14.0,2.0,7.0,"Powai, Mumbai"
2022-03-18,164.0,78.0,41.0,12.0,2.0,3.0,"Powai, Mumbai"
2022-03-19,120.0,86.0,24.0,13.0,2.0,3.0,"Powai, Mumbai"
2022-03-20,122.0,108.0,40.0,11.0,2.0,3.0,"Powai, Mumbai"
2022-03-21,135.0,105.0,54.0,19.0,2.0,4.0,"Powai, Mumbai"
2022-03-22,147.0,103.0,52.0,15.0,2.0,3.0,"Powai, Mumbai"
2022-03-23,126.0,121.0,70.0,15.0,1.0,6.0,"Powai, Mumbai"
2022-03-24,161.0,75.0,36.0,15.0,1.0,2.0,"Powai, Mumbai"
2022-03-25,110.0,76.0,38.0,17.0,1.0,2.0,"Powai, Mumbai"
2022-03-26,107.0,75.0,31.0,13.0,1.0,1.0,"Powai, Mumbai"
2022-03-27,103.0,85.0,33.0,15.0,1.0,2.0,"Powai, Mumbai"
2022-03-28,124.0,90.0,36.0,15.0,1.0,2.0,"Powai, Mumbai"
2022-03-29,125.0,94.0,33.0,16.0,1.0,3.0,"Powai, Mumbai"
2022-03-30,116.0,88.0,35.0,16.0,1.0,2.0,"Powai, Mumbai"
2022-03-31,111.0,154.0,30.0,14.0,1.0,2.0,"Powai, Mumbai"
2022-04-01,159.0,137.0,33.0,12.0,1.0,1.0,"Powai, Mumbai"
2022-04-02,158.0,102.0,14.0,10.0,1.0,1.0,"Powai, Mumbai"
2022-04-03,138.0,96.0,19.666666666666668,10.666666666666666,2.0,1.6666666666666665,"Powai, Mumbai"
2022-04-05,128.66666666666666,84.0,31.0,12.0,4.0,3.0,"Powai, Mumbai"
2022-04-06,124.0,73.0,45.0,13.0,4.0,4.0,"Powai, Mumbai"
2022-04-07,111.0,72.0,44.0,14.0,3.0,4.0,"Powai, Mumbai"
2022-04-08,108.0,67.0,21.0,12.0,3.0,3.0,"Powai, Mumbai"
2022-04-09,91.0,58.0,25.0,10.0,3.0,2.5,"Powai, Mumbai"
2022-04-10,89.0,66.0,29.0,12.0,3.0,2.0,"Powai, Mumbai"
2022-04-11,92.0,72.0,36.0,12.0,3.0,2.0,"Powai, Mumbai"
2022-04-12,100.0,85.0,32.0,12.0,3.0,2.0,"Powai, Mumbai"
2022-04-13,112.0,119.0,23.0,10.333333333333334,16.666666666666664,4.0,"Powai, Mumbai"
2022-04-15,165.33333333333334,187.0,5.0,7.0,44.0,8.0,"Powai, Mumbai"
2022-04-16,192.0,95.0,11.0,8.0,26.0,5.0,"Powai, Mumbai"
2022-04-17,101.0,80.0,12.0,8.0,13.0,4.0,"Powai, Mumbai"
2022-04-18,86.0,83.0,9.0,7.0,9.0,4.0,"Powai, Mumbai"
2022-04-19,83.0,96.0,17.0,9.0,8.0,4.0,"Powai, Mumbai"
2022-04-20,105.0,82.0,27.0,11.0,7.0,6.0,"Powai, Mumbai"
2022-04-21,121.0,122.0,31.0,12.0,7.0,7.0,"Powai, Mumbai"
2022-04-22,145.0,190.0,27.0,11.0,7.0,6.666666666666667,"Powai, Mumbai"
2022-04-23,165.0,202.0,23.0,9.0,6.0,6.333333333333333,"Powai, Mumbai"
2022-04-24,127.0,119.0,19.0,9.0,6.0,6.0,"Powai, Mumbai"
2022-04-25,109.0,102.0,17.0,11.0,6.0,4.0,"Powai, Mumbai"
2022-04-26,112.0,201.0,19.0,10.0,7.0,4.0,"Powai, Mumbai"
2022-04-27,108.0,160.0,22.0,12.0,7.0,5.0,"Powai, Mumbai"
2022-04-28,105.0,111.5,12.0,10.0,7.0,4.0,"Powai, Mumbai"
2022-04-29,124.0,63.0,12.0,9.0,7.0,5.0,"Powai, Mumbai"
2022-04-30,107.0,194.0,8.0,8.0,7.0,5.0,"Powai, Mumbai"
2022-05-01,117.0,51.0,4.0,8.0,8.0,5.0,"Powai, Mumbai"
2022-05-02,116.0,58.0,6.0,7.0,8.0,5.0,"Powai, Mumbai"
2022-05-03,132.0,65.0,12.0,7.0,8.0,5.0,"Powai, Mumbai"
2022-05-04,110.0,72.0,9.0,7.0,8.0,4.0,"Powai, Mumbai"
2022-05-05,100.0,89.0,8.0,7.0,8.0,5.0,"Powai, Mumbai"
2022-05-06,124.0,76.0,6.0,7.0,9.0,5.0,"Powai, Mumbai"
2022-05-07,119.0,74.5,6.5,7.5,8.5,4.0,"Powai, Mumbai"
2022-05-08,105.5,73.0,7.0,8.0,8.0,3.0,"Powai, Mumbai"
2022-05-09,92.0,68.0,5.0,7.0,9.0,3.0,"Powai, Mumbai"
2022-05-10,79.0,65.0,5.0,8.0,9.0,4.0,"Powai, Mumbai"
2022-05-11,87.0,63.0,4.0,9.0,9.0,4.0,"Powai, Mumbai"
2022-05-12,82.0,72.28571428571428,4.714285714285714,9.0,9.285714285714286,4.0,"Powai, Mumbai"
2022-05-18,146.28571428571428,128.0,9.0,9.0,11.0,4.0,"Powai, Mumbai"
2022-05-19,157.0,101.0,8.0,9.0,11.0,4.0,"Powai, Mumbai"
2022-05-20,134.0,81.0,7.0,8.0,11.0,4.0,"Powai, Mumbai"
2022-05-21,102.0,56.0,5.0,8.0,11.0,4.0,"Powai, Mumbai"
2022-05-22,72.0,45.0,5.0,8.0,12.0,4.0,"Powai, Mumbai"
2022-05-23,70.44444444444444,49.0,9.0,8.0,12.0,4.0,"Powai, Mumbai"
2022-05-24,68.88888888888889,54.0,7.0,7.0,13.0,4.0,"Powai, Mumbai"
2022-05-25,67.33333333333333,51.0,11.0,6.0,13.0,4.0,"Powai, Mumbai"
2022-05-26,64.5,43.0,6.0,7.0,14.0,5.0,"Powai, Mumbai"
2022-05-27,64.5,37.0,7.0,7.0,14.0,5.0,"Powai, Mumbai"
2022-05-28,64.5,45.0,10.0,7.0,15.0,5.0,"Powai, Mumbai"
2022-05-29,64.5,53.0,7.0,7.0,15.0,5.0,"Powai, Mumbai"
2022-05-30,64.5,56.0,7.0,7.0,15.0,5.0,"Powai, Mumbai"
2022-05-31,58.0,55.0,8.0,7.0,15.0,5.0,"Powai, Mumbai"
2022-06-01,65.0,59.0,6.0,7.0,16.0,5.0,"Powai, Mumbai"
2022-06-02,72.0,62.0,7.0,7.0,16.0,5.0,"Powai, Mumbai"
2022-06-03,75.0,51.0,6.0,7.0,16.0,5.0,"Powai, Mumbai"
2022-06-04,61.0,44.0,8.0,7.0,17.0,5.0,"Powai, Mumbai"
2022-06-05,53.0,46.0,7.0,8.0,17.0,5.0,"Powai, Mumbai"
2022-06-06,59.0,39.0,7.0,7.0,18.0,5.0,"Powai, Mumbai"
2022-06-07,51.0,24.0,6.0,8.0,18.0,5.0,"Powai, Mumbai"
2022-06-08,33.0,25.0,8.0,8.0,18.0,6.0,"Powai, Mumbai"
2022-06-09,34.0,36.0,11.0,11.0,19.0,8.0,"Powai, Mumbai"
2022-06-10,61.0,19.0,7.0,9.0,19.0,6.0,"Powai, Mumbai"
2022-06-11,31.0,25.0,5.0,11.0,20.0,7.0,"Powai, Mumbai"
2022-06-12,41.0,35.0,8.0,11.0,20.0,7.0,"Powai, Mumbai"
2022-06-13,52.0,42.0,7.0,9.0,20.0,7.0,"Powai, Mumbai"
2022-06-14,63.0,37.0,7.0,9.0,21.0,6.0,"Powai, Mumbai"
2022-06-15,54.0,34.0,4.0,8.0,21.0,6.0,"Powai, Mumbai"
2022-06-16,60.0,38.0,4.0,8.0,22.0,7.0,"Powai, Mumbai"
2022-06-17,61.0,39.0,4.0,10.0,22.0,7.0,"Powai, Mumbai"
2022-06-18,61.0,26.0,2.0,7.0,23.0,7.0,"Powai, Mumbai"
2022-06-19,58.0,22.0,2.0,9.0,23.0,7.0,"Powai, Mumbai"
2022-06-20,43.0,23.0,4.0,9.0,23.0,8.0,"Powai, Mumbai"
2022-06-21,49.0,32.0,6.0,9.0,23.0,8.0,"Powai, Mumbai"
2022-06-22,53.0,35.0,9.0,10.0,24.0,9.0,"Powai, Mumbai"
2022-06-23,55.0,28.0,5.0,10.0,24.0,9.0,"Powai, Mumbai"
2022-06-24,49.0,25.0,12.0,10.0,25.0,8.0,"Powai, Mumbai"
2022-06-25,31.0,19.0,10.0,11.0,25.0,7.0,"Powai, Mumbai"
2022-06-26,29.0,31.0,8.0,10.0,25.0,7.0,"Powai, Mumbai"
2022-06-27,45.0,28.0,2.0,9.0,25.0,9.0,"Powai, Mumbai"
2022-06-28,62.0,23.5,2.0,7.0,26.0,10.0,"Powai, Mumbai"
2022-06-29,64.0,19.0,4.0,10.0,26.0,8.0,"Powai, Mumbai"
2022-06-30,52.0,15.0,2.0,10.0,25.0,9.0,"Powai, Mumbai"
2022-07-01,44.0,45.0,4.0,9.0,25.0,7.0,"Powai, Mumbai"
2022-07-02,63.0,42.0,5.0,9.0,26.0,6.0,"Powai, Mumbai"
2022-07-03,55.0,21.0,4.0,9.0,27.0,7.0,"Powai, Mumbai"
2022-07-04,47.0,16.0,2.0,9.0,27.0,8.0,"Powai, Mumbai"
2022-07-05,44.0,23.0,5.0,10.0,26.0,7.0,"Powai, Mumbai"
2022-07-06,52.0,30.0,6.0,8.0,26.0,6.0,"Powai, Mumbai"
2022-07-07,54.0,41.0,4.0,8.0,26.0,7.0,"Powai, Mumbai"
2022-07-08,58.0,40.0,5.0,8.0,26.0,6.0,"Powai, Mumbai"
2022-07-09,53.0,38.0,6.0,8.0,26.0,6.0,"Powai, Mumbai"
2022-07-10,52.0,35.0,6.0,9.0,26.0,6.0,"Powai, Mumbai"
2022-07-11,52.0,26.0,7.0,8.0,26.0,7.0,"Powai, Mumbai"
2022-07-12,50.0,27.0,7.0,8.0,25.0,6.0,"Powai, Mumbai"
2022-07-13,46.0,27.0,7.0,9.0,13.0,6.0,"Powai, Mumbai"
2022-07-14,49.0,40.0,8.0,9.0,2.0,6.0,"Powai, Mumbai"
2022-07-15,62.0,32.0,6.0,9.0,2.0,7.0,"Powai, Mumbai"
2022-07-16,55.0,29.0,5.0,8.0,2.0,6.0,"Powai, Mumbai"
2022-07-17,52.0,32.0,6.0,8.0,2.0,7.0,"Powai, Mumbai"
2022-07-18,45.0,31.0,5.0,8.0,2.0,7.0,"Powai, Mumbai"
2022-07-19,47.0,25.0,4.0,8.0,2.0,7.0,"Powai, Mumbai"
2022-07-20,39.0,31.0,4.0,7.0,2.0,7.0,"Powai, Mumbai"
2022-07-21,39.0,39.0,3.0,7.5,2.7142857142857144,6.0,"Powai, Mumbai"
2022-07-22,52.0,29.0,5.75,8.0,3.428571428571429,6.0,"Powai, Mumbai"
2022-07-23,49.0,30.666666666666668,8.5,6.333333333333333,4.142857142857142,6.666666666666667,"Powai, Mumbai"
2022-07-25,53.666666666666664,34.0,14.0,3.0,5.0,8.0,"Powai, Mumbai"
2022-07-26,56.0,25.0,2.0,4.5,5.0,9.0,"Powai, Mumbai"
2022-07-27,59.0,39.0,8.0,6.0,7.0,9.0,"Powai, Mumbai"
2022-07-28,66.0,35.0,6.0,4.0,14.0,7.0,"Powai, Mumbai"
2022-07-29,50.0,31.0,6.0,3.0,14.0,7.0,"Powai, Mumbai"
2022-07-30,45.0,36.0,6.0,4.0,14.0,7.0,"Powai, Mumbai"
2022-07-31,45.0,34.0,4.0,3.0,14.0,7.0,"Powai, Mumbai"
2022-08-01,48.0,35.0,5.0,4.0,14.0,7.0,"Powai, Mumbai"
2022-08-02,51.0,31.0,1.0,4.0,15.0,8.0,"Powai, Mumbai"
2022-08-03,61.0,24.0,3.0,5.0,14.0,8.0,"Powai, Mumbai"
2022-08-04,51.0,28.0,5.0,7.0,14.0,9.0,"Powai, Mumbai"
2022-08-05,53.0,21.0,5.0,7.0,14.0,9.0,"Powai, Mumbai"
2022-08-06,50.0,31.0,5.0,7.0,4.0,3.0,"Powai, Mumbai"
2022-08-07,45.0,26.0,4.0,9.0,11.0,8.0,"Powai, Mumbai"
2022-08-08,49.0,24.0,10.0,9.0,14.0,7.0,"Powai, Mumbai"
2022-08-09,45.0,28.0,9.0,10.0,14.0,7.0,"Powai, Mumbai"
2022-08-10,52.0,38.0,10.0,9.0,14.0,7.0,"Powai, Mumbai"
2022-08-11,57.0,33.0,5.0,9.0,14.0,7.0,"Powai, Mumbai"
2022-08-12,54.0,35.0,5.0,8.0,14.0,7.0,"Powai, Mumbai"
2022-08-13,55.0,33.0,6.0,9.0,14.0,7.0,"Powai, Mumbai"
2022-08-14,50.0,31.0,5.0,7.0,13.0,7.0,"Powai, Mumbai"
2022-08-15,49.5,27.0,4.0,8.0,13.0,7.0,"Powai, Mumbai"
2022-08-16,49.0,28.0,3.0,8.0,13.0,8.0,"Powai, Mumbai"
2022-08-17,48.5,30.0,5.0,8.0,13.0,8.0,"Powai, Mumbai"
2022-08-18,48.0,28.0,5.0,7.0,14.0,8.0,"Powai, Mumbai"
2022-08-19,45.0,24.0,4.0,8.0,14.0,9.0,"Powai, Mumbai"
2022-08-20,47.0,29.0,5.0,6.0,14.0,8.0,"Powai, Mumbai"
2022-08-21,45.0,29.0,5.0,7.0,14.0,8.0,"Powai, Mumbai"
2022-08-22,48.0,29.0,5.0,7.0,14.0,8.0,"Powai, Mumbai"
2022-08-23,47.0,30.0,5.0,7.0,14.0,8.0,"Powai, Mumbai"
2022-08-24,49.0,30.0,5.0,7.0,14.0,9.0,"Powai, Mumbai"
2022-08-25,55.0,35.0,4.0,8.0,13.0,10.0,"Powai, Mumbai"
2022-08-26,63.0,50.0,2.0,4.0,12.0,11.0,"Powai, Mumbai"
2022-08-27,72.0,41.0,1.0,3.0,12.0,9.0,"Powai, Mumbai"
2022-08-28,65.0,47.0,1.0,3.0,13.0,11.0,"Powai, Mumbai"
2022-08-29,77.0,51.0,2.0,4.0,13.0,10.0,"Powai, Mumbai"
2022-08-30,76.0,56.0,4.0,7.0,13.0,10.0,"Powai, Mumbai"
2022-08-31,85.0,29.0,6.0,8.0,13.0,10.0,"Powai, Mumbai"
2022-09-01,66.0,43.0,5.0,9.0,13.0,11.0,"Powai, Mumbai"
2022-09-02,86.0,47.0,2.0,9.0,14.0,12.0,"Powai, Mumbai"
2022-09-03,94.0,30.0,1.0,7.0,14.0,10.0,"Powai, Mumbai"
2022-09-04,66.0,27.0,2.333333333333333,4.0,14.0,9.0,"Powai, Mumbai"
2022-09-05,53.0,26.0,3.6666666666666665,4.0,14.0,9.0,"Powai, Mumbai"
2022-09-06,50.0,38.0,5.0,6.0,3.0,3.0,"Powai, Mumbai"
2022-09-07,54.0,35.0,3.0,11.0,11.0,9.0,"Powai, Mumbai"
2022-09-08,70.0,31.0,6.0,11.0,15.0,12.0,"Powai, Mumbai"
2022-09-09,76.0,33.0,2.0,10.0,15.0,12.0,"Powai, Mumbai"
2022-09-10,78.0,35.0,3.0,11.0,16.0,13.0,"Powai, Mumbai"
2022-09-11,84.0,25.0,2.0,9.0,16.0,11.0,"Powai, Mumbai"
2022-09-12,58.0,17.0,2.0,10.0,16.0,11.0,"Powai, Mumbai"
2022-09-13,41.0,19.0,2.0,10.0,16.0,10.0,"Powai, Mumbai"
2022-09-14,39.0,25.0,2.0,9.0,16.0,10.0,"Powai, Mumbai"
2022-09-15,45.0,14.0,3.0,8.0,16.0,10.0,"Powai, Mumbai"
2022-09-16,38.0,17.714285714285715,2.7142857142857144,7.0,17.142857142857142,10.142857142857142,"Powai, Mumbai"
2022-09-17,57.0,21.42857142857143,2.428571428571429,7.0,18.285714285714285,10.285714285714286,"Powai, Mumbai"
2022-09-18,43.0,25.142857142857146,2.142857142857143,5.0,19.428571428571427,10.428571428571429,"Powai, Mumbai"
2022-09-19,59.0,34.0,2.0,6.0,5.0,6.0,"Powai, Mumbai"
2022-09-20,72.0,34.0,2.0,5.0,5.0,6.0,"Powai, Mumbai"
2022-09-21,66.0,34.0,2.0,6.0,5.0,6.0,"Powai, Mumbai"
2022-09-22,69.0,40.0,1.0,7.0,24.0,11.0,"Powai, Mumbai"
2022-09-23,89.0,41.166666666666664,1.0,7.0,26.0,11.0,"Powai, Mumbai"
2022-09-24,57.0,42.333333333333336,1.0,6.0,26.0,11.0,"Powai, Mumbai"
2022-09-25,52.0,43.5,1.0,5.0,18.0,12.0,"Powai, Mumbai"
2022-09-26,70.0,34.0,1.0,5.0,10.0,12.0,"Powai, Mumbai"
2022-09-27,62.0,34.0,2.0,6.0,10.0,13.0,"Powai, Mumbai"
2022-09-28,76.0,47.0,3.0,7.0,10.0,10.0,"Powai, Mumbai"
2022-09-29,76.0,54.0,4.0,8.0,10.0,10.0,"Powai, Mumbai"
2022-09-30,91.0,48.0,3.0,8.0,10.0,12.0,"Powai, Mumbai"
2022-10-01,77.0,30.0,1.0,5.0,10.0,11.0,"Powai, Mumbai"
2022-10-02,41.0,32.0,2.0,5.0,10.0,10.0,"Powai, Mumbai"
2022-10-03,55.0,40.0,4.0,7.0,10.0,10.0,"Powai, Mumbai"
2022-10-04,69.0,39.0,4.0,8.0,10.0,10.0,"Powai, Mumbai"
2022-10-05,77.0,34.0,2.0,7.0,10.0,10.0,"Powai, Mumbai"
2022-10-06,64.0,22.0,4.0,7.0,2.0,3.0,"Powai, Mumbai"
2022-10-07,41.0,25.0,3.0,10.0,7.0,8.0,"Powai, Mumbai"
2022-10-08,49.0,34.0,2.0,7.0,10.0,11.0,"Powai, Mumbai"
2022-10-09,50.0,40.0,4.0,7.0,10.0,12.0,"Powai, Mumbai"
2022-10-10,70.0,41.0,3.0,7.0,10.0,11.0,"Powai, Mumbai"
2022-10-11,72.0,40.0,2.5,6.0,10.0,13.0,"Powai, Mumbai"
2022-10-12,78.0,54.0,2.0,11.0,10.0,15.0,"Powai, Mumbai"
2022-10-13,110.0,45.0,6.0,9.0,10.0,13.0,"Powai, Mumbai"
2022-10-14,92.0,44.0,5.0,9.0,10.0,13.0,"Powai, Mumbai"
2022-10-15,89.0,55.0,6.0,10.0,10.0,12.0,"Powai, Mumbai"
2022-10-16,99.0,56.5,5.5,9.5,10.0,12.25,"Powai, Mumbai"
2022-10-23,136.625,67.0,2.0,6.0,10.0,14.0,"Powai, Mumbai"
2022-10-24,142.0,75.0,8.0,11.0,10.0,13.0,"Powai, Mumbai"
2022-10-25,154.0,78.0,7.0,10.0,10.0,13.0,"Powai, Mumbai"
2022-10-26,149.0,87.0,7.0,12.0,10.0,14.0,"Powai, Mumbai"
2022-10-27,158.0,69.0,7.0,15.0,5.0,6.0,"Powai, Mumbai"
2022-10-28,130.0,76.0,8.0,12.0,5.0,6.0,"Powai, Mumbai"
2022-10-29,141.0,66.0,6.0,10.0,5.0,7.0,"Powai, Mumbai"
2022-10-30,140.0,71.5,8.0,11.0,5.0,6.5,"Powai, Mumbai"
2022-10-31,148.0,77.0,10.0,12.0,5.0,6.0,"Powai, Mumbai"
2022-11-01,156.0,79.0,12.0,12.0,5.0,7.0,"Powai, Mumbai"
2022-11-02,160.0,76.0,10.0,13.0,4.0,7.0,"Powai, Mumbai"
2022-11-03,147.0,72.0,8.0,12.0,4.0,6.0,"Powai, Mumbai"
2022-11-04,136.0,68.0,7.0,12.0,5.0,6.0,"Powai, Mumbai"
2022-11-05,136.0,79.0,10.0,12.0,5.0,7.0,"Powai, Mumbai"
2022-11-06,149.0,49.0,5.0,7.0,1.0,2.0,"Powai, Mumbai"
2022-11-07,74.0,71.0,12.0,13.0,3.0,6.0,"Powai, Mumbai"
2022-11-08,130.0,91.0,15.0,14.0,5.0,8.0,"Powai, Mumbai"
2022-11-09,165.0,84.0,11.0,13.0,4.0,7.0,"Powai, Mumbai"
2022-11-10,158.0,78.0,10.0,12.0,5.0,7.0,"Powai, Mumbai"
2022-11-11,157.0,83.0,11.0,12.0,4.0,7.0,"Powai, Mumbai"
2022-11-12,161.0,81.0,12.0,11.0,5.0,7.0,"Powai, Mumbai"
2022-11-13,162.0,95.0,22.0,13.0,5.0,7.0,"Powai, Mumbai"
2022-11-14,172.0,97.0,20.0,14.0,5.0,8.0,"Powai, Mumbai"
2022-11-15,176.0,89.0,16.0,13.0,5.0,8.0,"Powai, Mumbai"
2022-11-16,167.0,79.0,11.0,13.0,5.0,7.0,"Powai, Mumbai"
2022-11-17,154.0,63.0,9.0,11.0,5.0,6.0,"Powai, Mumbai"
2022-11-18,120.0,71.0,10.0,12.0,5.0,7.0,"Powai, Mumbai"
2022-11-19,144.0,68.0,13.0,12.0,4.0,7.0,"Powai, Mumbai"
2022-11-20,138.0,77.0,14.0,14.0,5.0,7.0,"Powai, Mumbai"
2022-11-21,153.0,86.0,15.0,16.0,4.0,8.0,"Powai, Mumbai"
2022-11-22,164.0,87.0,14.0,14.0,5.0,8.0,"Powai, Mumbai"
2022-11-23,164.0,101.0,14.0,16.0,5.0,8.0,"Powai, Mumbai"
2022-11-24,173.0,108.0,13.0,17.0,5.0,9.0,"Powai, Mumbai"
2022-11-25,177.0,111.0,4.0,13.0,4.0,9.0,"Powai, Mumbai"
2022-11-26,182.0,100.0,5.666666666666667,13.25,4.0,9.0,"Powai, Mumbai"
2022-11-27,178.0,69.0,7.333333333333334,13.5,4.0,8.0,"Powai, Mumbai"
2022-11-28,142.0,78.0,9.0,13.75,4.0,8.0,"Powai, Mumbai"
2022-11-29,148.0,99.0,31.0,14.0,7.0,9.0,"Powai, Mumbai"
2022-11-30,171.0,115.0,29.0,17.0,12.0,11.0,"Powai, Mumbai"
2022-12-01,185.0,104.0,30.0,15.0,8.0,9.0,"Powai, Mumbai"
2022-12-02,178.0,98.0,26.0,15.0,2.0,9.0,"Powai, Mumbai"
2022-12-03,177.0,110.0,25.0,15.0,2.0,10.0,"Powai, Mumbai"
2022-12-04,184.0,118.0,26.0,15.0,1.0,11.0,"Powai, Mumbai"
2022-12-05,193.0,118.0,29.0,15.0,2.0,10.0,"Powai, Mumbai"
2022-12-06,193.0,57.0,10.0,10.0,2.0,4.0,"Powai, Mumbai"
2022-12-07,97.0,96.0,22.0,14.0,2.0,9.0,"Powai, Mumbai"
2022-12-08,172.0,78.0,24.0,12.0,2.0,7.0,"Powai, Mumbai"
2022-12-09,149.0,82.0,25.0,15.0,2.0,6.0,"Powai, Mumbai"
2022-12-10,155.0,79.0,16.0,13.0,2.0,6.0,"Powai, Mumbai"
2022-12-11,162.0,85.0,22.0,16.0,2.0,6.0,"Powai, Mumbai"
2022-12-12,150.0,79.0,17.0,12.0,2.0,6.0,"Powai, Mumbai"
2022-12-13,144.0,64.0,22.0,12.0,2.0,6.0,"Powai, Mumbai"
2022-12-14,122.0,67.0,25.0,13.0,2.0,6.0,"Powai, Mumbai"
2022-12-15,129.0,69.0,30.0,13.0,2.0,6.0,"Powai, Mumbai"
2022-12-16,138.0,68.0,12.0,13.0,2.0,7.0,"Powai, Mumbai"
2022-12-17,141.0,70.0,17.0,13.0,2.0,6.666666666666667,"Powai, Mumbai"
2022-12-19,145.0,74.0,27.0,13.0,2.0,6.0,"Powai, Mumbai"
2022-12-20,147.0,86.0,28.0,13.0,2.0,7.0,"Powai, Mumbai"
2022-12-21,163.0,103.0,33.0,16.0,2.0,7.0,"Powai, Mumbai"
2022-12-22,172.0,97.0,31.0,15.0,3.0,7.0,"Powai, Mumbai"
2022-12-23,167.0,68.0,24.0,12.0,2.0,6.0,"Powai, Mumbai"
2022-12-24,124.0,93.0,31.0,17.0,2.0,7.0,"Powai, Mumbai"
2022-12-25,169.0,96.0,33.0,18.0,2.0,7.0,"Powai, Mumbai"
2022-12-26,172.0,93.0,33.0,16.0,2.0,7.0,"Powai, Mumbai"
2022-12-27,170.0,84.0,24.0,15.0,2.0,7.0,"Powai, Mumbai"
2022-12-28,159.0,87.0,23.0,16.0,2.0,7.0,"Powai, Mumbai"
2022-12-29,156.0,98.0,31.0,16.0,3.0,7.0,"Powai, Mumbai"
2022-12-30,171.0,82.0,26.0,15.0,3.0,6.0,"Powai, Mumbai"
2022-12-31,147.0,84.0,29.0,13.0,3.0,6.0,"Powai, Mumbai"
2023-01-01,162.0,90.0,27.0,15.0,3.0,7.0,"Powai, Mumbai"
2023-01-02,167.0,101.0,30.0,16.0,3.0,7.0,"Powai, Mumbai"
2023-01-03,173.0,99.0,30.0,15.0,3.0,7.0,"Powai, Mumbai"
2023-01-04,174.0,119.0,28.0,16.0,3.0,8.0,"Powai, Mumbai"
2023-01-05,184.0,107.0,25.0,14.0,3.0,7.0,"Powai, Mumbai"
2023-01-06,179.0,99.0,22.0,12.0,3.0,7.0,"Powai, Mumbai"
2023-01-07,175.0,86.0,23.0,11.0,3.0,6.0,"Powai, Mumbai"
2023-01-08,166.0,66.0,23.0,12.0,3.0,6.0,"Powai, Mumbai"
2023-01-09,127.0,77.0,24.0,15.0,3.0,6.0,"Powai, Mumbai"
2023-01-10,145.0,97.0,27.0,18.0,3.0,7.0,"Powai, Mumbai"
2023-01-11,169.0,75.0,25.0,15.0,3.0,6.0,"Powai, Mumbai"
2023-01-12,139.0,106.0,18.0,8.0,3.0,5.0,"Powai, Mumbai"
2023-01-13,124.0,119.0,23.0,13.0,3.0,6.0,"Powai, Mumbai"
2023-01-14,152.0,109.0,29.0,16.0,2.0,7.0,"Powai, Mumbai"
2023-01-15,172.0,113.0,31.0,17.0,3.0,8.0,"Powai, Mumbai"
2023-01-16,174.0,111.0,32.0,17.0,3.0,8.0,"Powai, Mumbai"
2023-01-17,180.0,115.0,34.0,18.0,3.0,8.0,"Powai, Mumbai"
2023-01-18,183.0,106.0,33.0,19.0,3.0,8.0,"Powai, Mumbai"
2023-01-19,178.0,86.0,26.0,17.0,3.0,7.0,"Powai, Mumbai"
2023-01-20,161.0,81.0,29.0,15.0,3.0,7.0,"Powai, Mumbai"
2023-01-21,147.0,78.0,27.0,13.0,3.0,6.0,"Powai, Mumbai"
2023-01-22,143.0,79.0,26.0,15.0,3.0,7.0,"Powai, Mumbai"
2023-01-23,152.0,77.0,26.0,13.0,3.0,6.0,"Powai, Mumbai"
2023-01-24,156.0,91.0,29.0,14.0,3.0,7.0,"Powai, Mumbai"
2023-01-25,168.0,105.0,31.0,15.0,3.0,7.0,"Powai, Mumbai"
2023-01-26,180.0,107.0,29.0,14.0,3.0,7.0,"Powai, Mumbai"
2023-01-27,179.0,106.0,24.0,16.0,3.0,8.0,"Powai, Mumbai"
2023-01-28,173.0,90.0,23.0,12.0,3.0,7.0,"Powai, Mumbai"
2023-01-29,166.0,78.0,27.0,10.0,3.0,6.0,"Powai, Mumbai"
2023-01-30,158.0,100.0,29.0,12.0,3.0,6.0,"Powai, Mumbai"
2023-01-31,175.0,90.0,24.0,12.0,4.0,5.0,"Powai, Mumbai"
2023-02-01,164.0,84.0,27.0,13.0,4.0,5.0,"Powai, Mumbai"
2023-02-02,159.0,82.0,30.0,13.0,4.0,5.0,"Powai, Mumbai"
2023-02-03,155.0,88.0,31.0,14.0,4.0,5.0,"Powai, Mumbai"
2023-02-04,160.0,86.0,15.0,19.0,4.0,6.0,"Powai, Mumbai"
2023-02-05,161.0,94.5,17.5,15.5,3.5,5.5,"Powai, Mumbai"
2023-02-06,166.0,103.0,20.0,12.0,3.0,5.0,"Powai, Mumbai"
2023-02-07,171.0,105.0,29.0,13.0,3.0,5.0,"Powai, Mumbai"
2023-02-08,168.0,99.0,39.0,16.0,4.0,5.0,"Powai, Mumbai"
2023-02-09,161.0,87.0,30.0,15.0,3.0,5.0,"Powai, Mumbai"
2023-02-10,155.0,72.0,25.0,13.0,4.0,4.0,"Powai, Mumbai"
2023-02-11,122.0,78.0,27.0,14.0,3.0,5.0,"Powai, Mumbai"
2023-02-12,134.0,78.0,26.0,12.0,3.0,5.0,"Powai, Mumbai"
2023-02-13,115.0,87.0,27.0,15.0,3.0,5.0,"Powai, Mumbai"
2023-02-14,136.0,92.0,29.0,16.0,3.0,5.0,"Powai, Mumbai"
2023-02-15,148.0,94.0,23.0,18.0,3.0,6.0,"Powai, Mumbai"
2023-02-16,156.0,95.0,24.0,17.0,4.0,5.0,"Powai, Mumbai"
2023-02-17,142.0,79.0,25.0,14.0,4.0,5.0,"Powai, Mumbai"
2023-02-18,130.0,87.0,33.0,15.0,3.0,5.0,"Powai, Mumbai"
2023-02-19,143.0,95.0,30.0,18.0,4.0,5.0,"Powai, Mumbai"
2023-02-20,160.0,94.0,23.0,16.0,4.0,6.0,"Powai, Mumbai"
2023-02-21,149.0,68.0,23.0,12.0,4.0,5.0,"Powai, Mumbai"
2023-02-22,116.0,93.0,25.0,15.0,4.0,5.0,"Powai, Mumbai"
2023-02-23,153.0,95.0,26.0,17.0,4.0,6.0,"Powai, Mumbai"
2023-02-24,157.0,84.0,25.0,16.0,4.0,5.0,"Powai, Mumbai"
2023-02-25,148.0,97.0,27.0,16.0,4.0,5.0,"Powai, Mumbai"
2023-02-26,158.0,84.0,23.0,16.0,4.0,5.0,"Powai, Mumbai"
2023-02-27,148.0,92.0,26.0,16.0,4.0,5.0,"Powai, Mumbai"
2023-02-28,149.0,89.0,21.0,15.0,4.0,5.0,"Powai, Mumbai"
2023-03-01,148.0,104.0,25.0,17.0,4.0,6.0,"Powai, Mumbai"
2023-03-02,167.0,117.0,24.0,19.0,4.0,6.0,"Powai, Mumbai"
2023-03-03,177.0,132.0,23.0,17.5,4.0,7.0,"Powai, Mumbai"
2023-03-04,194.0,129.0,24.0,16.0,4.0,7.0,"Powai, Mumbai"
2023-03-05,194.0,113.0,20.0,16.0,4.0,6.0,"Powai, Mumbai"
2023-03-06,172.0,70.0,19.0,13.0,4.0,5.0,"Powai, Mumbai"
2023-03-07,135.0,75.0,24.0,15.0,4.0,5.0,"Powai, Mumbai"
2023-03-08,150.0,74.0,18.0,14.0,4.0,5.0,"Powai, Mumbai"
2023-03-09,149.0,71.0,19.0,13.0,4.0,5.0,"Powai, Mumbai"
2023-03-10,136.0,84.0,21.0,14.0,5.0,6.0,"Powai, Mumbai"
2023-03-11,155.0,97.0,22.0,16.0,5.0,6.0,"Powai, Mumbai"
2023-03-12,166.0,108.0,21.0,16.0,5.0,7.0,"Powai, Mumbai"
2023-03-13,178.0,102.0,21.0,17.0,5.0,6.0,"Powai, Mumbai"
2023-03-14,171.0,92.0,21.0,16.0,5.0,6.0,"Powai, Mumbai"
2023-03-15,162.0,80.0,20.0,13.0,5.0,5.0,"Powai, Mumbai"
2023-03-16,150.0,57.0,19.0,13.0,4.0,5.0,"Powai, Mumbai"
2023-03-17,149.0,53.833333333333336,24.0,9.0,4.0,5.0,"Powai, Mumbai"
2023-03-18,139.0,50.666666666666664,12.0,6.0,4.0,5.0,"Powai, Mumbai"
2023-03-19,97.0,47.5,16.0,9.0,4.0,5.0,"Powai, Mumbai"
2023-03-20,75.0,76.0,15.0,6.0,4.0,5.0,"Powai, Mumbai"
2023-03-21,81.0,76.0,16.0,7.0,4.0,5.0,"Powai, Mumbai"
2023-03-22,82.0,38.0,16.0,6.0,4.0,5.0,"Powai, Mumbai"
2023-03-23,69.0,41.0,15.0,6.0,4.0,5.0,"Powai, Mumbai"
2023-03-24,70.0,47.0,22.0,6.0,4.0,5.0,"Powai, Mumbai"
2023-03-25,64.0,53.0,22.0,8.0,4.0,5.0,"Powai, Mumbai"
2023-03-26,80.0,64.0,22.0,9.0,4.0,5.0,"Powai, Mumbai"
2023-03-27,99.0,77.0,22.0,9.0,4.0,5.0,"Powai, Mumbai"
2023-03-28,107.0,67.0,22.0,7.0,4.0,5.0,"Powai, Mumbai"
2023-03-29,92.0,60.0,19.0,8.0,4.0,5.0,"Powai, Mumbai"
2023-03-30,89.0,48.0,15.0,7.0,4.0,5.0,"Powai, Mumbai"
2023-03-31,70.0,49.666666666666664,16.333333333333332,7.333333333333333,4.0,5.0,"Powai, Mumbai"
2023-04-02,74.66666666666667,53.0,19.0,8.0,4.0,5.0,"Powai, Mumbai"
2023-04-03,77.0,47.0,19.0,8.0,4.0,5.0,"Powai, Mumbai"
2023-04-04,69.0,57.0,19.0,8.0,4.0,5.0,"Powai, Mumbai"
2023-04-05,85.0,74.0,28.0,9.0,4.0,5.0,"Powai, Mumbai"
2023-04-06,111.0,91.0,30.0,12.0,4.0,5.0,"Powai, Mumbai"
2023-04-07,139.0,92.0,38.0,15.0,4.0,6.0,"Powai, Mumbai"
2023-04-08,153.0,81.0,34.0,12.0,4.0,5.0,"Powai, Mumbai"
2023-04-09,148.0,88.0,36.0,12.0,4.0,5.0,"Powai, Mumbai"
2023-04-10,146.0,78.0,31.0,12.0,4.0,5.0,"Powai, Mumbai"
2023-04-11,125.0,74.0,32.0,12.0,4.0,5.0,"Powai, Mumbai"
2023-04-12,126.0,82.0,33.0,16.0,4.0,5.0,"Powai, Mumbai"
2023-04-13,131.0,73.0,27.0,12.0,4.0,5.0,"Powai, Mumbai"
2023-04-14,108.0,65.0,23.0,11.0,4.0,5.0,"Powai, Mumbai"
2023-04-15,99.0,53.0,18.0,7.0,4.0,5.0,"Powai, Mumbai"
2023-04-16,85.0,72.0,24.0,11.0,4.0,5.0,"Powai, Mumbai"
2023-04-17,100.0,70.0,30.0,11.0,4.0,5.0,"Powai, Mumbai"
2023-04-18,103.0,78.0,30.0,14.0,4.0,5.0,"Powai, Mumbai"
2023-04-19,126.0,60.0,25.0,10.0,4.0,5.0,"Powai, Mumbai"
2023-04-20,84.0,50.0,19.0,8.0,4.0,5.0,"Powai, Mumbai"
2023-04-21,66.0,41.0,16.0,7.0,4.0,5.0,"Powai, Mumbai"
2023-04-22,60.0,51.0,17.0,7.0,4.0,5.0,"Powai, Mumbai"
2023-04-23,66.0,49.0,19.0,8.0,4.0,5.0,"Powai, Mumbai"
2023-04-24,76.0,67.0,24.0,9.0,4.0,5.0,"Powai, Mumbai"
2023-04-25,102.0,65.0,18.0,10.0,4.0,5.0,"Powai, Mumbai"
2023-04-26,90.0,57.0,17.0,8.0,4.0,5.0,"Powai, Mumbai"
2023-04-27,84.0,61.0,17.25,7.0,5.0,5.0,"Powai, Mumbai"
2023-04-28,61.0,55.666666666666664,17.5,7.333333333333333,4.666666666666667,5.0,"Powai, Mumbai"
2023-04-30,60.333333333333336,45.0,18.0,8.0,4.0,5.0,"Powai, Mumbai"
2023-05-01,60.0,43.0,17.0,8.0,4.0,5.0,"Powai, Mumbai"
2023-05-02,58.0,39.0,17.0,7.0,4.0,5.0,"Powai, Mumbai"
2023-05-03,64.0,43.0,18.0,7.0,4.0,5.0,"Powai, Mumbai"
2023-05-04,74.0,45.0,17.0,7.0,4.0,5.0,"Powai, Mumbai"
2023-05-05,75.0,42.0,17.0,7.0,4.0,5.0,"Powai, Mumbai"
2023-05-06,72.0,46.0,16.0,7.0,4.0,5.0,"Powai, Mumbai"
2023-05-07,77.0,48.0,16.0,7.0,4.0,5.0,"Powai, Mumbai"
2023-05-08,71.0,56.0,17.0,7.0,4.0,5.0,"Powai, Mumbai"
2023-05-09,72.0,76.0,19.0,9.0,4.0,5.0,"Powai, Mumbai"
2023-05-10,92.0,80.0,20.0,9.0,4.0,5.0,"Powai, Mumbai"
2023-05-11,106.0,76.0,19.0,10.0,4.0,5.0,"Powai, Mumbai"
2023-05-12,107.0,55.0,18.0,9.0,4.0,5.0,"Powai, Mumbai"
2023-05-13,75.0,33.0,16.0,7.0,4.0,5.0,"Powai, Mumbai"
2023-05-14,48.0,43.0,16.0,7.0,4.0,5.0,"Powai, Mumbai"
2023-05-15,65.0,47.0,15.0,7.0,4.0,5.0,"Powai, Mumbai"
2023-05-16,65.0,39.0,16.0,6.0,4.0,5.0,"Powai, Mumbai"
2023-05-17,61.0,39.0,16.0,6.0,4.0,5.0,"Powai, Mumbai"
2023-05-18,57.0,25.0,13.0,5.0,4.0,5.0,"Powai, Mumbai"
2023-05-19,40.0,32.666666666666664,14.0,5.666666666666667,3.6666666666666665,5.0,"Powai, Mumbai"
2023-05-21,52.66666666666667,48.0,16.0,7.0,3.0,5.0,"Powai, Mumbai"
2023-05-22,59.0,50.0,16.0,7.0,4.0,5.0,"Powai, Mumbai"
2023-05-23,62.0,43.0,15.0,7.0,4.0,5.0,"Powai, Mumbai"
2023-05-24,57.0,38.0,16.0,7.0,3.0,5.0,"Powai, Mumbai"
2023-05-25,55.0,44.0,15.0,7.0,4.0,5.0,"Powai, Mumbai"
2023-05-26,59.0,41.0,15.0,7.0,4.0,5.0,"Powai, Mumbai"
2023-05-27,57.0,34.0,15.0,6.0,4.0,5.0,"Powai, Mumbai"
2023-05-28,53.0,41.0,16.0,7.0,4.0,5.0,"Powai, Mumbai"
2023-05-29,57.0,48.0,20.0,8.0,3.0,5.0,"Powai, Mumbai"
2023-05-30,65.0,56.0,17.0,9.0,4.0,5.0,"Powai, Mumbai"
2023-05-31,70.0,49.0,17.0,8.0,4.0,5.0,"Powai, Mumbai"
2023-06-01,58.0,38.0,14.0,6.0,4.0,5.0,"Powai, Mumbai"
2023-06-02,52.0,27.0,15.0,6.0,4.0,5.0,"Powai, Mumbai"
2023-06-03,41.0,35.0,15.0,7.0,4.0,5.0,"Powai, Mumbai"
2023-06-04,47.0,40.0,15.0,7.0,4.0,5.0,"Powai, Mumbai"
2023-06-05,52.0,49.0,15.0,7.0,4.0,5.0,"Powai, Mumbai"
2023-06-06,61.0,54.0,15.0,6.0,4.0,5.0,"Powai, Mumbai"
2023-06-07,58.0,46.0,16.0,8.0,4.0,5.0,"Powai, Mumbai"
2023-06-08,55.0,36.0,16.0,9.0,3.0,5.0,"Powai, Mumbai"
2023-06-09,42.0,46.0,17.0,9.0,4.0,5.0,"Powai, Mumbai"
2023-06-10,47.0,52.0,15.0,9.0,4.0,5.0,"Powai, Mumbai"
2023-06-11,58.0,47.0,13.0,8.0,4.0,5.0,"Powai, Mumbai"
2023-06-12,85.0,50.0,14.0,6.0,3.0,5.0,"Powai, Mumbai"
2023-06-13,63.0,46.0,14.0,7.0,3.0,5.0,"Powai, Mumbai"
2023-06-14,56.0,52.0,14.0,7.0,3.0,5.0,"Powai, Mumbai"
2023-06-15,60.0,53.0,14.0,7.0,3.0,5.0,"Powai, Mumbai"
2023-06-16,60.0,52.0,15.0,8.0,3.0,5.0,"Powai, Mumbai"
2023-06-17,62.0,54.0,14.0,7.0,3.0,5.0,"Powai, Mumbai"
2023-06-18,62.0,55.0,14.0,7.0,3.0,5.0,"Powai, Mumbai"
2023-06-19,62.0,58.0,14.0,7.0,3.0,5.0,"Powai, Mumbai"
2023-06-20,65.0,56.0,14.0,6.0,3.0,5.0,"Powai, Mumbai"
2023-06-21,65.0,54.0,15.0,6.0,3.0,5.0,"Powai, Mumbai"
2023-06-22,63.0,46.0,14.0,7.0,3.0,5.0,"Powai, Mumbai"
2023-06-23,60.0,27.0,13.0,6.0,3.0,5.0,"Powai, Mumbai"
2023-06-24,55.0,24.0,14.0,5.0,3.0,5.0,"Powai, Mumbai"
2023-06-25,61.0,30.0,14.0,6.0,3.0,5.0,"Powai, Mumbai"
2023-06-26,55.0,23.0,14.0,6.0,3.0,5.0,"Powai, Mumbai"
2023-06-27,53.0,26.0,14.0,6.0,3.0,6.0,"Powai, Mumbai"
2023-06-28,62.0,23.0,14.0,7.0,3.0,5.0,"Powai, Mumbai"
2023-06-29,50.0,21.0,14.0,7.0,3.0,5.0,"Powai, Mumbai"
2023-06-30,44.0,29.0,14.0,7.0,3.0,5.0,"Powai, Mumbai"
2023-07-01,53.0,23.0,14.0,5.0,3.0,5.0,"Powai, Mumbai"
2023-07-02,45.0,24.0,14.0,6.0,3.0,5.0,"Powai, Mumbai"
2023-07-03,51.0,24.0,14.0,6.0,3.0,5.0,"Powai, Mumbai"
2023-07-04,55.0,31.0,13.0,7.0,3.0,6.0,"Powai, Mumbai"
2023-07-05,66.0,19.0,14.0,7.0,3.0,5.0,"Powai, Mumbai"
2023-07-06,46.0,21.0,14.0,8.0,3.0,5.0,"Powai, Mumbai"
2023-07-07,46.0,47.0,15.0,8.0,3.0,5.0,"Powai, Mumbai"
2023-07-08,72.0,42.0,14.0,7.0,3.0,5.0,"Powai, Mumbai"
2023-07-09,60.0,45.0,14.0,7.0,3.0,5.0,"Powai, Mumbai"
2023-07-10,58.0,43.0,14.0,6.0,3.0,5.0,"Powai, Mumbai"
2023-07-11,56.0,41.0,14.0,5.0,3.0,5.0,"Powai, Mumbai"
2023-07-12,52.0,32.5,13.5,5.5,3.0,5.0,"Powai, Mumbai"
2023-07-13,56.0,24.0,13.0,6.0,3.0,5.0,"Powai, Mumbai"
2023-07-14,60.0,37.0,14.0,6.0,3.0,5.0,"Powai, Mumbai"
2023-07-15,59.0,32.0,14.0,6.0,3.0,5.0,"Powai, Mumbai"
2023-07-16,50.0,18.0,14.0,5.0,3.0,5.0,"Powai, Mumbai"
2023-07-17,41.0,20.0,14.0,6.0,3.0,5.0,"Powai, Mumbai"
2023-07-18,46.0,26.0,15.0,7.0,3.0,5.0,"Powai, Mumbai"
2023-07-19,54.0,37.0,14.0,7.0,3.0,5.0,"Powai, Mumbai"
2023-07-20,63.0,25.0,14.0,7.0,3.0,5.0,"Powai, Mumbai"
2023-07-21,55.0,24.0,14.0,6.0,3.0,5.0,"Powai, Mumbai"
2023-07-22,51.0,22.0,15.0,6.0,3.0,5.0,"Powai, Mumbai"
2023-07-23,46.0,24.0,15.0,7.0,3.0,5.0,"Powai, Mumbai"
2023-07-24,45.0,27.0,14.0,7.0,3.0,5.0,"Powai, Mumbai"
2023-07-25,52.0,15.0,14.0,6.0,3.0,5.0,"Powai, Mumbai"
2023-07-26,39.0,18.0,14.0,7.0,3.0,5.0,"Powai, Mumbai"
2023-07-27,47.0,25.0,14.0,6.0,3.0,5.0,"Powai, Mumbai"
2023-07-28,47.0,30.0,14.0,5.0,3.0,5.0,"Powai, Mumbai"
2023-07-29,49.0,35.0,13.0,5.0,3.0,5.0,"Powai, Mumbai"
2023-07-30,50.0,32.0,14.0,6.0,3.0,5.0,"Powai, Mumbai"
2023-07-31,51.0,57.0,14.0,6.0,3.0,5.0,"Powai, Mumbai"
2023-08-01,47.0,47.0,14.0,7.0,3.0,5.0,"Powai, Mumbai"
2023-08-02,53.0,42.0,14.0,7.0,3.0,5.0,"Powai, Mumbai"
2023-08-03,53.0,46.0,14.0,7.0,3.0,5.0,"Powai, Mumbai"
2023-08-04,54.0,47.0,14.0,7.0,3.0,5.0,"Powai, Mumbai"
2023-08-05,54.0,48.0,14.0,7.0,3.0,5.0,"Powai, Mumbai"
2023-08-06,56.0,51.0,14.0,7.0,3.0,5.0,"Powai, Mumbai"
2023-08-07,53.0,50.0,14.0,7.0,3.0,5.0,"Powai, Mumbai"
2023-08-08,52.0,49.0,14.0,6.0,3.0,5.0,"Powai, Mumbai"
2023-08-09,55.0,44.0,14.0,6.0,3.0,5.0,"Powai, Mumbai"
2023-08-10,50.0,41.0,14.0,6.0,3.0,5.0,"Powai, Mumbai"
2023-08-11,48.0,42.0,14.0,6.0,3.0,5.0,"Powai, Mumbai"
2023-08-12,50.0,46.0,15.0,6.0,3.0,5.0,"Powai, Mumbai"
2023-08-13,51.0,46.0,14.0,7.0,3.0,5.0,"Powai, Mumbai"
2023-08-14,51.0,40.0,14.0,6.0,3.0,5.0,"Powai, Mumbai"
2023-08-15,52.0,38.0,14.0,6.0,3.0,5.0,"Powai, Mumbai"
2023-08-16,42.0,33.0,14.0,4.0,3.0,5.0,"Powai, Mumbai"
2023-08-17,42.0,31.0,14.0,4.0,3.0,5.0,"Powai, Mumbai"
2023-08-18,36.0,36.0,14.0,5.0,3.0,5.0,"Powai, Mumbai"
2023-08-19,48.0,36.0,14.0,5.0,3.0,5.0,"Powai, Mumbai"
2023-08-20,49.0,32.0,14.0,4.0,3.0,5.0,"Powai, Mumbai"
2023-08-21,42.0,24.0,14.0,4.0,3.0,5.0,"Powai, Mumbai"
2023-08-22,45.0,26.0,14.0,4.0,3.0,5.0,"Powai, Mumbai"
2023-08-23,47.0,24.0,14.0,5.0,3.0,5.0,"Powai, Mumbai"
2023-08-24,32.0,25.0,14.0,4.0,9.0,6.0,"Powai, Mumbai"
2023-08-25,38.0,22.0,12.142857142857142,5.0,13.0,7.0,"Powai, Mumbai"
2023-08-26,33.0,19.0,10.285714285714285,4.0,13.0,7.0,"Powai, Mumbai"
2023-08-27,40.0,30.5,8.428571428571427,4.0,13.5,7.0,"Powai, Mumbai"
2023-08-28,49.0,42.0,3.0,4.0,14.0,7.0,"Powai, Mumbai"
2023-08-29,58.0,45.0,3.0,4.0,13.0,7.0,"Powai, Mumbai"
2023-08-30,58.0,50.0,3.0,4.0,14.0,7.0,"Powai, Mumbai"
2023-08-31,68.0,50.0,1.0,5.0,13.0,7.0,"Powai, Mumbai"
2023-09-01,62.0,38.0,1.0,4.0,14.0,7.0,"Powai, Mumbai"
2023-09-02,68.0,42.0,1.0,3.0,14.0,7.0,"Powai, Mumbai"
2023-09-03,69.0,54.0,1.0,4.0,14.0,7.0,"Powai, Mumbai"
2023-09-04,75.0,52.0,2.0,4.0,14.0,7.0,"Powai, Mumbai"
2023-09-05,70.0,46.0,2.0,4.0,14.0,7.0,"Powai, Mumbai"
2023-09-06,64.0,32.0,2.0,4.0,14.0,8.0,"Powai, Mumbai"
2023-09-07,60.0,31.0,2.0,5.0,14.0,8.0,"Powai, Mumbai"
2023-09-08,57.0,32.0,2.0,4.0,14.0,8.0,"Powai, Mumbai"
2023-09-09,50.0,25.0,2.0,4.0,14.0,8.0,"Powai, Mumbai"
2023-09-10,40.0,27.0,2.0,4.0,14.0,8.0,"Powai, Mumbai"
2023-09-11,43.0,33.0,2.0,4.0,14.0,8.0,"Powai, Mumbai"
2023-09-12,49.0,29.0,2.0,4.0,14.0,8.0,"Powai, Mumbai"
2023-09-13,42.0,25.0,2.0,4.0,15.0,8.0,"Powai, Mumbai"
2023-09-14,51.0,36.0,2.0,4.0,15.0,8.0,"Powai, Mumbai"
2023-09-15,62.0,29.0,2.0,5.0,15.0,8.0,"Powai, Mumbai"
2023-09-16,42.0,33.0,2.0,6.0,15.0,8.0,"Powai, Mumbai"
2023-09-17,51.0,30.0,2.0,6.0,15.0,8.0,"Powai, Mumbai"
2023-09-18,50.0,31.0,2.0,5.0,15.0,8.0,"Powai, Mumbai"
2023-09-19,57.0,23.0,2.0,4.0,15.0,8.0,"Powai, Mumbai"
2023-09-20,48.0,25.0,2.0,5.0,15.0,8.0,"Powai, Mumbai"
2023-09-21,48.0,26.0,2.0,4.0,15.0,8.0,"Powai, Mumbai"
2023-09-22,58.0,33.0,2.0,3.0,16.0,9.0,"Powai, Mumbai"
2023-09-23,74.0,32.0,2.0,3.0,15.0,9.0,"Powai, Mumbai"
2023-09-24,77.0,30.0,2.0,4.0,15.0,8.0,"Powai, Mumbai"
2023-09-25,44.0,38.0,2.0,5.0,15.0,8.0,"Powai, Mumbai"
2023-09-26,71.0,35.0,2.0,6.0,15.0,8.0,"Powai, Mumbai"
2023-09-27,76.0,48.0,2.0,6.0,16.0,9.0,"Powai, Mumbai"
2023-09-28,107.0,45.0,2.0,7.0,15.0,9.0,"Powai, Mumbai"
2023-09-29,98.0,43.0,2.0,7.0,15.0,8.0,"Powai, Mumbai"
2023-09-30,92.0,55.0,2.0,9.0,15.0,8.0,"Powai, Mumbai"
2023-10-01,110.0,67.0,4.0,8.0,16.0,9.0,"Powai, Mumbai"
2023-10-02,113.0,62.0,4.0,6.0,15.0,8.0,"Powai, Mumbai"
2023-10-03,83.0,64.5,1.0,6.0,15.0,8.0,"Powai, Mumbai"
2023-10-04,93.0,67.0,9.0,6.0,15.0,8.0,"Powai, Mumbai"
2023-10-05,92.0,60.0,9.0,6.0,15.0,10.0,"Powai, Mumbai"
2023-10-06,104.0,57.0,9.0,6.0,15.0,12.0,"Powai, Mumbai"
2023-10-07,101.0,60.0,9.0,7.0,15.0,11.0,"Powai, Mumbai"
2023-10-08,122.0,68.0,10.0,8.0,15.0,8.0,"Powai, Mumbai"
2023-10-09,144.0,51.0,9.0,7.0,15.0,8.0,"Powai, Mumbai"
2023-10-10,107.0,43.0,10.0,7.0,14.0,8.0,"Powai, Mumbai"
2023-10-11,68.0,58.0,11.0,9.0,14.0,8.0,"Powai, Mumbai"
2023-10-12,108.0,84.0,23.0,9.0,12.0,7.0,"Powai, Mumbai"
2023-10-13,157.0,80.0,13.0,8.0,8.0,4.0,"Powai, Mumbai"
2023-10-14,157.0,73.0,12.0,7.0,7.0,3.0,"Powai, Mumbai"
2023-10-15,153.0,89.0,11.0,11.0,9.0,4.0,"Powai, Mumbai"
2023-10-16,159.0,88.0,14.0,9.0,9.0,5.0,"Powai, Mumbai"
2023-10-17,163.0,87.0,11.0,8.0,9.0,5.0,"Powai, Mumbai"
2023-10-18,163.0,68.0,13.0,9.0,9.0,3.0,"Powai, Mumbai"
2023-10-19,135.0,91.0,14.0,11.0,9.0,5.0,"Powai, Mumbai"
2023-10-20,158.0,83.0,14.0,10.0,9.0,5.0,"Powai, Mumbai"
2023-10-21,158.0,91.0,15.0,11.0,9.0,5.0,"Powai, Mumbai"
2023-10-22,166.0,81.0,13.0,9.0,10.0,5.0,"Powai, Mumbai"
2023-10-23,163.0,88.0,14.0,11.0,11.0,4.0,"Powai, Mumbai"
2023-10-24,158.0,86.0,17.0,9.0,11.0,5.0,"Powai, Mumbai"
2023-10-25,156.0,88.0,13.0,9.0,12.0,5.0,"Powai, Mumbai"
2023-10-26,150.0,88.0,13.0,8.0,12.0,5.0,"Powai, Mumbai"
2023-10-27,143.0,87.0,13.0,8.0,13.0,4.0,"Powai, Mumbai"
2023-10-28,146.0,88.0,14.0,8.0,13.0,4.0,"Powai, Mumbai"
2023-10-29,159.0,89.0,17.0,9.0,14.0,6.0,"Powai, Mumbai"
2023-10-30,157.0,94.0,15.0,9.0,14.0,6.0,"Powai, Mumbai"
2023-10-31,163.0,87.0,13.0,9.0,15.0,5.0,"Powai, Mumbai"
2023-11-01,161.0,91.0,14.0,9.0,16.0,5.0,"Powai, Mumbai"
2023-11-02,166.0,93.0,11.0,9.0,17.0,5.0,"Powai, Mumbai"
2023-11-03,166.0,87.0,12.0,9.0,17.0,5.0,"Powai, Mumbai"
2023-11-04,163.0,95.0,13.0,10.0,19.0,6.0,"Powai, Mumbai"
2023-11-05,169.0,96.0,13.0,10.0,20.0,6.0,"Powai, Mumbai"
2023-11-06,169.0,90.0,13.0,9.0,20.0,6.0,"Powai, Mumbai"
2023-11-07,163.0,71.0,11.0,10.0,21.0,5.0,"Powai, Mumbai"
2023-11-08,118.0,63.0,12.0,8.0,21.0,5.0,"Powai, Mumbai"
2023-11-09,114.0,55.0,15.0,8.0,21.0,4.0,"Powai, Mumbai"
2023-11-10,104.0,65.0,9.0,7.0,22.0,4.0,"Powai, Mumbai"
2023-11-11,148.0,65.625,9.875,7.25,22.375,4.25,"Powai, Mumbai"
2023-11-18,145.375,70.0,16.0,9.0,25.0,6.0,"Powai, Mumbai"
2023-11-19,145.0,63.0,11.0,7.0,25.0,6.0,"Powai, Mumbai"
2023-11-20,97.0,67.0,14.5,8.0,26.0,6.0,"Powai, Mumbai"
2023-11-21,100.5,71.0,18.0,9.0,27.0,6.0,"Powai, Mumbai"
2023-11-22,104.0,75.0,20.0,9.0,27.0,6.0,"Powai, Mumbai"
2023-11-23,120.0,90.0,11.0,9.0,29.0,7.0,"Powai, Mumbai"
2023-11-24,143.0,62.0,14.0,10.0,29.0,6.0,"Powai, Mumbai"
2023-11-25,90.0,50.0,12.0,9.0,29.0,6.0,"Powai, Mumbai"
2023-11-26,69.0,45.0,13.0,12.0,14.0,7.0,"Powai, Mumbai"
2023-11-27,41.0,45.0,12.0,6.0,14.0,5.0,"Powai, Mumbai"
2023-11-28,61.0,58.0,16.0,6.0,14.0,7.0,"Powai, Mumbai"
2023-11-29,79.0,64.0,18.0,8.0,14.0,6.0,"Powai, Mumbai"
2023-11-30,89.0,132.0,12.0,6.0,15.0,8.0,"Powai, Mumbai"
2023-12-01,142.0,81.0,21.0,10.0,14.0,9.0,"Powai, Mumbai"
2023-12-02,111.0,76.0,21.0,8.0,14.0,10.0,"Powai, Mumbai"
2023-12-03,109.0,77.0,16.0,8.0,15.0,9.0,"Powai, Mumbai"
2023-12-04,112.0,77.0,17.0,8.0,15.0,9.0,"Powai, Mumbai"
2023-12-05,113.0,70.5,16.0,7.5,15.0,8.5,"Powai, Mumbai"
2023-12-06,98.5,64.0,15.0,7.0,15.0,8.0,"Powai, Mumbai"
2023-12-07,84.0,73.0,16.0,9.0,15.0,8.0,"Powai, Mumbai"
2023-12-08,92.0,71.0,17.0,8.0,15.0,8.0,"Powai, Mumbai"
2023-12-09,96.0,68.0,17.0,8.0,15.0,8.0,"Powai, Mumbai"
2023-12-10,85.0,70.0,11.0,6.0,15.0,8.0,"Powai, Mumbai"
2023-12-11,102.0,75.0,15.0,7.0,16.0,8.0,"Powai, Mumbai"
2023-12-12,100.0,81.5,15.5,8.5,16.0,9.0,"Powai, Mumbai"
2023-12-13,107.5,88.0,16.0,10.0,16.0,10.0,"Powai, Mumbai"
2023-12-14,115.0,94.0,11.0,6.0,16.0,11.0,"Powai, Mumbai"
2023-12-15,131.0,73.0,16.0,9.0,16.0,7.0,"Powai, Mumbai"
2023-12-16,98.0,83.0,14.0,9.0,16.0,9.0,"Powai, Mumbai"
2023-12-17,118.0,88.0,17.0,11.0,15.0,9.0,"Powai, Mumbai"
2023-12-18,123.0,92.0,15.0,11.0,15.0,9.0,"Powai, Mumbai"
2023-12-19,118.0,76.0,12.0,9.0,15.0,10.0,"Powai, Mumbai"
2023-12-20,97.0,98.0,15.0,13.0,15.0,11.0,"Powai, Mumbai"
2023-12-21,124.0,90.0,15.0,10.0,16.0,12.0,"Powai, Mumbai"
2023-12-22,128.0,87.0,20.0,13.0,16.0,9.0,"Powai, Mumbai"
2023-12-23,223.0,96.0,18.0,10.0,16.0,7.0,"Powai, Mumbai"
2023-12-24,134.0,74.0,12.0,8.0,16.0,7.0,"Powai, Mumbai"
2023-12-25,119.0,99.0,22.0,10.0,16.0,7.0,"Powai, Mumbai"
2023-12-26,145.0,99.0,19.0,10.0,16.0,7.0,"Powai, Mumbai"
2023-12-27,145.0,112.0,19.0,9.0,16.0,8.0,"Powai, Mumbai"
2023-12-28,154.0,128.0,14.0,13.0,17.0,8.0,"Powai, Mumbai"
2023-12-29,157.0,95.0,9.0,6.0,16.0,9.0,"Powai, Mumbai"
2023-12-30,151.0,86.0,21.0,10.0,16.0,7.0,"Powai, Mumbai"
2023-12-31,120.0,96.0,20.0,9.0,16.0,7.0,"Powai, Mumbai"
2024-01-01,141.0,100.0,19.0,8.0,17.0,7.0,"Powai, Mumbai"
2024-01-02,151.0,96.0,18.0,9.0,17.0,7.0,"Powai, Mumbai"
2024-01-03,142.0,95.0,15.0,9.0,17.0,8.0,"Powai, Mumbai"
2024-01-04,141.0,97.0,16.0,9.0,17.0,7.0,"Powai, Mumbai"
2024-01-05,140.0,89.0,13.0,9.0,17.0,6.0,"Powai, Mumbai"
2024-01-06,141.0,99.0,18.0,8.0,17.0,8.0,"Powai, Mumbai"
2024-01-07,144.0,86.0,20.0,9.0,17.0,7.0,"Powai, Mumbai"
2024-01-08,113.0,87.0,13.0,7.0,17.0,6.0,"Powai, Mumbai"
2024-01-09,124.0,66.0,17.0,7.0,17.0,6.0,"Powai, Mumbai"
2024-01-10,79.0,93.0,13.0,10.0,18.0,6.0,"Powai, Mumbai"
2024-01-11,129.0,88.0,20.0,11.0,9.0,7.0,"Powai, Mumbai"
2024-01-12,116.0,87.0,24.0,8.0,5.0,7.0,"Powai, Mumbai"
2024-01-13,124.0,152.0,19.5,8.0,5.0,6.0,"Powai, Mumbai"
2024-01-14,134.0,217.0,15.0,8.0,5.0,5.0,"Powai, Mumbai"
2024-01-15,144.0,65.0,18.0,10.0,5.0,6.0,"Powai, Mumbai"
2024-01-16,83.0,68.0,18.0,10.0,5.0,6.0,"Powai, Mumbai"
2024-01-17,93.0,64.0,17.0,9.0,5.0,6.0,"Powai, Mumbai"
2024-01-18,89.0,81.0,12.0,10.0,5.0,7.0,"Powai, Mumbai"
2024-01-19,125.0,99.0,26.0,12.0,6.0,8.0,"Powai, Mumbai"
2024-01-20,138.0,89.0,23.0,11.0,6.0,7.5,"Powai, Mumbai"
2024-01-21,124.5,79.0,20.0,10.0,6.0,7.0,"Powai, Mumbai"
2024-01-22,111.0,53.0,15.0,9.0,6.0,6.0,"Powai, Mumbai"
2024-01-23,68.0,75.0,16.0,11.0,6.0,6.0,"Powai, Mumbai"
2024-01-24,88.0,73.0,15.0,11.0,7.0,6.0,"Powai, Mumbai"
2024-01-25,82.0,75.0,17.0,11.0,7.0,7.0,"Powai, Mumbai"
2024-01-26,97.0,74.0,11.0,11.0,7.0,7.0,"Powai, Mumbai"
2024-01-27,95.0,69.0,12.0,10.0,8.0,6.0,"Powai, Mumbai"
2024-01-28,85.0,69.0,12.0,10.0,8.0,6.0,"Powai, Mumbai"
2024-01-29,91.0,75.0,11.0,11.0,8.0,6.0,"Powai, Mumbai"
2024-01-30,100.0,83.0,19.0,11.0,8.0,7.0,"Powai, Mumbai"
2024-01-31,98.0,71.0,10.0,10.0,9.0,7.0,"Powai, Mumbai"
2024-02-01,83.0,73.0,10.0,9.0,10.0,6.0,"Powai, Mumbai"
2024-02-02,74.0,66.0,9.0,10.0,10.0,7.0,"Powai, Mumbai"
2024-02-03,81.0,91.0,21.0,9.0,10.0,7.0,"Powai, Mumbai"
2024-02-04,118.0,79.0,18.0,10.0,11.0,7.0,"Powai, Mumbai"
2024-02-05,97.0,70.0,14.0,8.0,11.0,6.0,"Powai, Mumbai"
2024-02-06,80.0,92.0,17.0,10.0,11.0,6.0,"Powai, Mumbai"
2024-02-07,96.0,75.0,16.0,9.0,11.0,6.0,"Powai, Mumbai"
2024-02-08,83.0,79.0,19.0,9.0,11.0,7.0,"Powai, Mumbai"
2024-02-09,92.0,69.0,18.0,10.0,11.0,6.0,"Powai, Mumbai"
2024-02-10,82.0,73.0,23.0,10.0,11.0,6.0,"Powai, Mumbai"
2024-02-11,86.0,75.0,29.0,11.0,12.0,6.0,"Powai, Mumbai"
2024-02-12,99.0,69.0,25.0,10.0,12.0,6.0,"Powai, Mumbai"
2024-02-13,88.0,79.0,19.0,10.0,12.0,6.0,"Powai, Mumbai"
2024-02-14,99.0,91.0,21.0,11.0,12.0,7.0,"Powai, Mumbai"
2024-02-15,109.0,101.0,38.0,6.0,8.0,5.0,"Powai, Mumbai"
2024-02-16,132.0,103.0,27.0,4.0,4.0,4.0,"Powai, Mumbai"
2024-02-17,133.0,76.0,27.0,9.0,6.0,5.0,"Powai, Mumbai"
2024-02-18,92.0,66.0,31.0,11.0,6.0,5.0,"Powai, Mumbai"
2024-02-19,81.0,63.0,24.0,10.0,6.0,5.0,"Powai, Mumbai"
2024-02-20,60.0,29.0,17.0,6.0,7.0,4.0,"Powai, Mumbai"
2024-02-21,41.0,55.0,15.0,8.0,7.0,4.0,"Powai, Mumbai"
2024-02-22,54.0,58.0,11.0,8.0,7.0,4.0,"Powai, Mumbai"
2024-02-23,67.0,69.0,25.0,10.0,7.0,4.0,"Powai, Mumbai"
2024-02-24,80.0,63.0,46.0,8.0,8.0,5.0,"Powai, Mumbai"
2024-02-25,66.0,97.0,52.0,16.0,9.0,7.0,"Powai, Mumbai"
2024-02-26,117.0,98.0,52.0,14.0,9.0,7.0,"Powai, Mumbai"
2024-02-27,119.0,94.0,58.0,12.0,10.0,6.0,"Powai, Mumbai"
2024-02-28,102.0,94.0,55.0,12.0,10.0,7.0,"Powai, Mumbai"
2024-02-29,105.0,182.0,62.0,13.0,10.0,7.0,"Powai, Mumbai"
2024-03-01,95.0,54.0,21.0,7.0,10.0,4.0,"Powai, Mumbai"
2024-03-02,57.0,46.0,21.0,6.0,10.0,4.0,"Powai, Mumbai"
2024-03-03,38.0,45.0,31.0,7.0,10.0,4.0,"Powai, Mumbai"
2024-03-04,41.0,76.0,44.0,10.0,11.0,5.0,"Powai, Mumbai"
2024-03-05,86.0,70.0,44.0,12.0,11.0,5.0,"Powai, Mumbai"
2024-03-06,77.0,99.0,53.0,15.0,11.0,6.0,"Powai, Mumbai"
2024-03-07,103.0,72.0,37.0,8.0,11.0,5.0,"Powai, Mumbai"
2024-03-08,69.0,72.0,46.0,11.0,12.0,5.0,"Powai, Mumbai"
2024-03-09,79.0,70.0,27.0,9.0,11.0,5.0,"Powai, Mumbai"
2024-03-10,77.0,57.0,20.0,9.0,12.0,5.0,"Powai, Mumbai"
2024-03-11,65.0,74.0,38.0,10.0,12.0,5.0,"Powai, Mumbai"
2024-03-12,74.0,75.0,25.0,12.0,13.0,5.0,"Powai, Mumbai"
2024-03-13,88.0,55.0,21.0,10.0,12.0,5.0,"Powai, Mumbai"
2024-03-14,61.0,80.0,28.5,9.5,12.0,5.0,"Powai, Mumbai"
2024-03-15,69.0,105.0,36.0,9.0,12.0,5.0,"Powai, Mumbai"
2024-03-16,77.0,87.0,32.5,8.0,12.0,5.0,"Powai, Mumbai"
2024-03-17,78.0,85.0,29.0,8.0,13.0,5.0,"Powai, Mumbai"
2024-03-18,73.0,85.0,35.0,9.0,13.0,5.0,"Powai, Mumbai"
2024-03-19,82.0,83.0,40.0,12.0,13.0,6.0,"Powai, Mumbai"
2024-03-20,91.0,91.0,55.0,12.0,14.0,7.0,"Powai, Mumbai"
2024-03-21,100.0,94.0,34.0,13.0,15.0,8.0,"Powai, Mumbai"
2024-03-22,115.0,81.0,50.0,9.0,14.0,6.0,"Powai, Mumbai"
2024-03-23,92.0,69.0,26.0,8.0,14.0,5.0,"Powai, Mumbai"
2024-03-24,68.0,64.0,24.0,8.0,14.0,6.0,"Powai, Mumbai"
2024-03-25,73.0,66.0,31.0,9.0,14.0,5.0,"Powai, Mumbai"
2024-03-26,61.0,74.0,26.0,10.0,14.0,5.0,"Powai, Mumbai"
2024-03-27,67.0,68.0,23.0,8.0,13.0,5.0,"Powai, Mumbai"
2024-03-28,74.0,68.0,14.0,8.0,13.0,5.0,"Powai, Mumbai"
2024-03-29,79.0,94.0,28.0,8.0,13.0,5.0,"Powai, Mumbai"
2024-03-30,103.0,75.0,31.0,8.0,14.0,5.0,"Powai, Mumbai"
2024-03-31,76.0,99.0,33.0,8.0,14.0,5.0,"Powai, Mumbai"
2024-04-01,89.0,99.5,32.0,8.5,13.5,5.0,"Powai, Mumbai"
2024-04-02,91.0,100.0,31.0,9.0,13.0,5.0,"Powai, Mumbai"
2024-04-03,93.0,58.0,19.0,7.0,13.0,5.0,"Powai, Mumbai"
2024-04-04,68.0,62.0,21.666666666666668,7.333333333333333,13.0,5.0,"Powai, Mumbai"
2024-04-05,89.0,66.0,24.333333333333332,7.666666666666667,13.0,5.0,"Powai, Mumbai"
2024-04-06,79.5,70.0,27.0,8.0,13.0,5.0,"Powai, Mumbai"
2024-04-07,70.0,53.0,14.0,7.0,12.0,5.0,"Powai, Mumbai"
2024-04-08,70.0,71.0,22.0,7.0,14.0,5.0,"Powai, Mumbai"
2024-04-09,79.0,70.0,27.0,8.0,14.0,5.0,"Powai, Mumbai"
2024-04-10,85.0,70.0,31.0,8.0,14.0,5.0,"Powai, Mumbai"
2024-04-11,77.0,62.5,28.5,7.0,13.5,5.0,"Powai, Mumbai"
2024-04-12,67.5,55.0,26.0,6.0,13.0,5.0,"Powai, Mumbai"
2024-04-13,58.0,56.0,23.0,6.0,14.0,5.0,"Powai, Mumbai"
2024-04-14,60.0,80.0,37.0,8.0,14.0,5.0,"Powai, Mumbai"
2024-04-15,97.0,96.0,38.0,11.0,15.0,7.0,"Powai, Mumbai"
2024-04-16,114.0,82.0,26.0,13.0,17.0,7.0,"Powai, Mumbai"
2024-04-17,98.0,80.0,26.0,10.0,17.0,6.0,"Powai, Mumbai"
2024-04-18,102.0,101.0,22.0,8.0,17.0,5.0,"Powai, Mumbai"
2024-04-19,99.0,84.0,19.0,6.0,15.0,5.0,"Powai, Mumbai"
2024-04-20,66.0,52.0,24.0,7.0,15.0,5.0,"Powai, Mumbai"
2024-04-21,54.0,54.0,26.0,7.0,15.0,5.0,"Powai, Mumbai"
2024-04-22,66.0,63.0,26.0,7.0,15.0,5.0,"Powai, Mumbai"
2024-04-23,64.0,66.0,25.0,7.0,15.0,5.0,"Powai, Mumbai"
2024-04-24,68.0,66.0,23.0,7.0,17.0,5.0,"Powai, Mumbai"
2024-04-25,60.0,70.0,27.5,7.0,17.5,5.0,"Powai, Mumbai"
2024-04-26,71.5,74.0,32.0,7.0,18.0,5.0,"Powai, Mumbai"
2024-04-27,83.0,94.0,33.0,8.0,20.0,6.0,"Powai, Mumbai"
2024-04-28,119.0,119.0,30.0,8.0,16.0,6.0,"Powai, Mumbai"
2024-04-29,101.0,75.0,34.0,8.0,16.0,6.0,"Powai, Mumbai"
2024-04-30,71.0,83.0,23.0,8.0,17.0,6.0,"Powai, Mumbai"
2024-05-01,63.0,85.0,29.0,8.0,16.0,5.0,"Powai, Mumbai"
2024-05-02,67.0,89.0,23.0,8.0,17.0,6.0,"Powai, Mumbai"
2024-05-03,72.0,68.0,18.0,7.0,17.0,5.0,"Powai, Mumbai"
2024-05-04,64.0,64.0,23.0,7.0,17.0,6.0,"Powai, Mumbai"
2024-05-05,67.0,53.0,13.0,6.0,16.0,5.0,"Powai, Mumbai"
2024-05-06,51.0,66.0,19.0,7.0,18.0,5.0,"Powai, Mumbai"
2024-05-07,56.0,57.0,17.0,7.0,16.0,5.0,"Powai, Mumbai"
2024-05-08,46.0,52.0,16.0,6.0,17.0,5.0,"Powai, Mumbai"
2024-05-09,50.0,52.0,15.0,6.0,17.0,5.0,"Powai, Mumbai"
2024-05-10,49.0,61.0,13.0,6.0,19.0,6.0,"Powai, Mumbai"
2024-05-11,57.0,56.0,14.0,6.0,18.0,5.5,"Powai, Mumbai"
2024-05-12,53.0,51.0,15.0,6.0,17.0,5.0,"Powai, Mumbai"
2024-05-13,49.0,85.0,46.0,11.0,16.0,8.0,"Powai, Mumbai"
2024-05-14,104.0,83.0,18.0,12.0,15.0,8.0,"Powai, Mumbai"
2024-05-15,113.0,72.0,34.0,6.0,16.0,7.0,"Powai, Mumbai"
2024-05-16,78.0,68.0,51.0,11.0,16.0,7.0,"Powai, Mumbai"
2024-05-17,80.0,64.0,26.0,7.0,15.0,6.0,"Powai, Mumbai"
2024-05-18,64.0,68.0,24.0,8.0,15.0,6.0,"Powai, Mumbai"
2024-05-19,63.0,55.0,21.0,7.0,15.0,6.0,"Powai, Mumbai"
2024-05-20,44.0,61.0,13.0,7.0,19.0,6.0,"Powai, Mumbai"
2024-05-21,57.0,66.0,14.0,7.0,18.0,6.0,"Powai, Mumbai"
2024-05-22,62.0,64.0,14.0,6.0,17.0,6.0,"Powai, Mumbai"
2024-05-23,65.0,59.0,14.0,6.0,18.0,6.0,"Powai, Mumbai"
2024-05-24,63.0,58.0,9.0,6.0,17.0,6.0,"Powai, Mumbai"
2024-05-25,61.0,57.0,9.0,6.0,17.0,6.0,"Powai, Mumbai"
2024-05-26,61.0,64.0,7.0,6.0,12.0,6.0,"Powai, Mumbai"
2024-05-27,64.0,57.0,2.0,6.0,5.0,6.0,"Powai, Mumbai"
2024-05-28,57.0,66.0,2.0,6.0,5.0,5.0,"Powai, Mumbai"
2024-05-29,61.0,58.0,1.0,6.0,5.0,5.0,"Powai, Mumbai"
2024-05-30,61.0,51.0,2.0,5.0,5.0,5.0,"Powai, Mumbai"
2024-05-31,54.0,53.0,2.0,6.0,5.0,5.0,"Powai, Mumbai"
2024-06-01,47.0,51.0,2.0,8.0,5.0,6.0,"Powai, Mumbai"
2024-06-02,47.0,56.0,2.0,5.0,5.0,6.0,"Powai, Mumbai"
2024-06-03,56.0,62.0,2.0,5.0,5.0,6.0,"Powai, Mumbai"
2024-06-04,63.0,48.0,1.0,5.0,5.0,6.0,"Powai, Mumbai"
2024-06-05,52.0,45.0,1.5,5.0,5.0,6.0,"Powai, Mumbai"
2024-06-06,50.0,55.0,2.0,5.0,5.0,6.0,"Powai, Mumbai"
2024-06-07,53.0,56.0,3.0,6.0,5.0,6.0,"Powai, Mumbai"
2024-06-08,57.0,29.0,2.0,4.0,5.0,6.0,"Powai, Mumbai"
2024-06-09,48.0,40.0,1.0,6.0,5.0,7.0,"Powai, Mumbai"
2024-06-10,77.0,37.0,1.0,6.0,5.0,7.0,"Powai, Mumbai"
2024-06-11,64.0,29.0,1.0,6.0,5.0,6.0,"Powai, Mumbai"
2024-06-12,44.0,37.0,1.0,5.0,5.0,7.0,"Powai, Mumbai"
2024-06-13,44.0,35.0,4.0,6.0,5.0,7.0,"Powai, Mumbai"
2024-06-14,43.0,46.0,1.0,6.0,5.0,7.0,"Powai, Mumbai"
2024-06-15,48.0,52.0,1.5,5.0,5.0,8.0,"Powai, Mumbai"
2024-06-16,57.0,43.0,2.0,6.0,5.0,6.0,"Powai, Mumbai"
2024-06-17,57.0,49.0,2.0,3.0,5.0,8.0,"Powai, Mumbai"
2024-06-18,61.0,112.0,2.0,5.0,5.0,7.0,"Powai, Mumbai"
2024-06-19,124.0,49.0,2.0,4.0,6.0,9.0,"Powai, Mumbai"
2024-06-20,87.0,40.0,2.0,5.0,5.0,7.0,"Powai, Mumbai"
2024-06-21,50.0,157.0,2.0,4.0,5.0,7.0,"Powai, Mumbai"
2024-06-22,227.0,39.0,2.0,4.0,5.0,9.0,"Powai, Mumbai"
2024-06-23,45.0,32.0,3.0,5.0,5.0,5.0,"Powai, Mumbai"
2024-06-24,50.0,32.0,2.0,5.0,5.0,2.0,"Powai, Mumbai"
2024-06-25,44.0,22.0,2.0,6.0,5.0,2.0,"Powai, Mumbai"
2024-06-26,34.0,19.0,2.0,6.0,5.0,2.0,"Powai, Mumbai"
2024-06-27,37.0,29.0,2.0,6.0,5.0,2.0,"Powai, Mumbai"
2024-06-28,44.0,39.0,2.0,5.0,5.0,2.0,"Powai, Mumbai"
2024-06-29,52.0,44.0,2.0,5.0,5.0,2.0,"Powai, Mumbai"
2024-06-30,51.0,48.0,2.0,6.0,5.0,2.0,"Powai, Mumbai"
2024-07-01,50.0,51.0,2.0,6.0,5.0,2.0,"Powai, Mumbai"
2024-07-02,57.0,47.0,2.0,5.0,5.0,2.0,"Powai, Mumbai"
2024-07-03,50.0,43.0,2.0,5.0,5.0,2.0,"Powai, Mumbai"
2024-07-04,41.0,30.0,2.0,5.0,5.0,2.0,"Powai, Mumbai"
2024-07-05,26.0,48.0,2.0,6.0,5.0,2.0,"Powai, Mumbai"
2024-07-06,51.0,35.0,2.0,5.0,5.0,2.0,"Powai, Mumbai"
2024-07-07,47.0,20.0,2.0,4.0,5.0,3.0,"Powai, Mumbai"
2024-07-08,43.0,22.0,2.0,3.0,5.0,3.0,"Powai, Mumbai"
2024-07-09,48.0,24.5,2.0,4.0,5.0,3.0,"Powai, Mumbai"
2024-07-10,51.0,27.0,2.0,5.0,5.0,3.0,"Powai, Mumbai"
2024-07-11,54.0,29.0,2.0,5.0,5.0,3.0,"Powai, Mumbai"
2024-07-12,50.0,20.0,2.0,6.0,5.0,2.0,"Powai, Mumbai"
2024-07-13,34.0,22.0,2.0,4.0,5.0,2.0,"Powai, Mumbai"
2024-07-14,34.0,32.0,2.0,4.0,6.0,3.0,"Powai, Mumbai"
2024-07-15,72.0,29.0,2.0,2.0,6.0,3.0,"Powai, Mumbai"
2024-07-16,61.0,24.0,2.0,5.0,5.0,3.0,"Powai, Mumbai"
2024-07-17,40.0,16.0,2.0,4.0,5.0,3.0,"Powai, Mumbai"
2024-07-18,30.0,30.0,2.0,6.0,5.0,2.0,"Powai, Mumbai"
2024-07-19,47.0,22.0,2.0,6.0,5.0,3.0,"Powai, Mumbai"
2024-07-20,33.0,16.0,2.0,6.0,5.0,2.0,"Powai, Mumbai"
2024-07-21,29.0,29.0,3.0,6.0,5.0,2.0,"Powai, Mumbai"
2024-07-22,43.0,25.0,2.0,6.0,5.0,3.0,"Powai, Mumbai"
2024-07-23,21.0,29.0,3.0,6.0,5.0,3.0,"Powai, Mumbai"
2024-07-24,32.0,20.0,3.0,5.0,5.0,2.0,"Powai, Mumbai"
2024-07-25,34.0,42.0,2.0,5.0,5.0,2.0,"Powai, Mumbai"
2024-07-26,46.0,38.0,2.0,5.0,5.0,2.0,"Powai, Mumbai"
2024-07-27,45.0,46.0,2.0,5.0,5.0,3.0,"Powai, Mumbai"
2024-07-28,49.0,38.0,2.0,6.0,5.0,3.0,"Powai, Mumbai"
2024-07-29,48.0,37.0,2.0,5.0,5.0,3.0,"Powai, Mumbai"
2024-07-30,43.0,28.0,2.0,5.0,5.0,3.0,"Powai, Mumbai"
2024-07-31,34.0,29.0,2.0,5.0,5.0,3.0,"Powai, Mumbai"
2024-08-01,36.0,25.0,2.0,5.0,5.0,2.0,"Powai, Mumbai"
2024-08-02,26.0,26.0,2.0,6.0,5.0,2.0,"Powai, Mumbai"
2024-08-03,34.0,30.0,2.0,5.0,5.0,2.0,"Powai, Mumbai"
2024-08-04,34.0,28.0,2.0,5.0,5.0,3.0,"Powai, Mumbai"
2024-08-05,39.0,25.0,2.0,4.0,5.0,3.0,"Powai, Mumbai"
2024-08-06,29.0,23.0,2.0,4.0,5.0,3.0,"Powai, Mumbai"
2024-08-07,32.0,28.0,2.0,4.0,5.0,3.0,"Powai, Mumbai"
2024-08-08,24.0,29.0,2.0,4.0,5.0,3.0,"Powai, Mumbai"
2024-08-09,31.0,22.0,2.0,3.0,5.0,3.0,"Powai, Mumbai"
2024-08-10,22.0,22.0,2.0,4.0,5.0,3.0,"Powai, Mumbai"
2024-08-11,26.0,43.0,2.0,4.0,5.0,3.0,"Powai, Mumbai"
2024-08-12,56.0,41.0,2.0,2.0,5.0,3.0,"Powai, Mumbai"
2024-08-13,58.0,42.0,2.0,2.0,5.0,3.0,"Powai, Mumbai"
2024-08-14,59.0,41.0,2.0,2.0,5.0,3.0,"Powai, Mumbai"
2024-08-15,56.0,43.0,2.0,2.0,5.0,3.0,"Powai, Mumbai"
2024-08-16,60.0,44.0,3.0,3.0,5.0,3.0,"Powai, Mumbai"
2024-08-17,65.0,50.0,2.0,3.0,5.0,3.0,"Powai, Mumbai"
2024-08-18,63.0,48.0,2.0,3.0,5.0,3.0,"Powai, Mumbai"
2024-08-19,65.0,48.0,2.0,3.0,5.0,3.0,"Powai, Mumbai"
2024-08-20,82.0,48.0,2.0,3.0,5.0,3.0,"Powai, Mumbai"
2024-08-21,82.0,52.0,2.0,5.0,5.0,3.0,"Powai, Mumbai"
2024-08-22,86.0,35.0,2.0,3.0,5.0,3.0,"Powai, Mumbai"
2024-08-23,51.0,31.0,2.0,3.0,5.0,3.0,"Powai, Mumbai"
2024-08-24,53.0,37.0,2.0,5.0,5.0,3.0,"Powai, Mumbai"
2024-08-25,46.0,47.0,2.0,6.0,5.0,3.0,"Powai, Mumbai"
2024-08-26,54.0,35.0,2.0,5.0,5.0,3.0,"Powai, Mumbai"
2024-08-27,52.5,40.0,2.0,5.0,5.0,3.0,"Powai, Mumbai"
2024-08-28,51.0,36.0,2.0,5.0,5.0,3.0,"Powai, Mumbai"
2024-08-29,40.0,51.0,2.0,5.0,5.0,2.0,"Powai, Mumbai"
2024-08-30,61.0,34.0,2.0,3.0,5.0,2.0,"Powai, Mumbai"
2024-08-31,46.0,33.0,2.0,2.0,5.0,2.0,"Powai, Mumbai"
2024-09-01,42.0,33.0,2.0,3.0,5.0,2.0,"Powai, Mumbai"
2024-09-02,43.0,34.0,2.0,4.0,5.0,2.0,"Powai, Mumbai"
2024-09-03,46.0,34.0,2.0,4.0,5.0,2.0,"Powai, Mumbai"
2024-09-04,45.0,31.0,2.0,4.0,5.0,2.0,"Powai, Mumbai"
2024-09-05,44.0,35.0,2.0,4.0,5.0,2.0,"Powai, Mumbai"
2024-09-06,47.0,30.0,2.0,3.0,5.0,2.0,"Powai, Mumbai"
2024-09-07,42.0,31.0,2.0,3.0,5.0,2.0,"Powai, Mumbai"
2024-09-08,41.0,29.0,2.0,2.0,5.0,2.0,"Powai, Mumbai"
2024-09-09,41.0,34.0,2.0,3.0,5.0,2.0,"Powai, Mumbai"
2024-09-10,47.0,33.0,2.0,4.0,5.0,2.0,"Powai, Mumbai"
2024-09-11,47.0,39.0,2.0,4.0,5.0,2.0,"Powai, Mumbai"
2024-09-12,50.0,41.0,2.0,3.0,5.0,2.0,"Powai, Mumbai"
2024-09-13,53.0,34.0,2.0,3.0,5.0,2.0,"Powai, Mumbai"
2024-09-14,46.0,31.0,2.0,3.0,5.0,2.0,"Powai, Mumbai"
2024-09-15,48.0,41.0,2.0,4.0,5.0,2.0,"Powai, Mumbai"
2024-09-16,60.0,36.0,2.0,3.0,5.0,2.0,"Powai, Mumbai"
2024-09-17,52.0,47.0,2.0,4.0,5.0,2.0,"Powai, Mumbai"
2024-09-18,64.0,45.0,2.0,3.0,5.0,2.0,"Powai, Mumbai"
2024-09-19,55.0,47.0,2.0,5.0,5.0,2.0,"Powai, Mumbai"
2024-09-20,58.0,38.0,2.0,3.0,5.0,2.0,"Powai, Mumbai"
2024-09-21,51.0,38.0,2.0,3.0,5.0,2.0,"Powai, Mumbai"
2024-09-22,49.0,40.0,2.0,4.0,5.0,2.0,"Powai, Mumbai"
2024-09-23,56.0,32.0,2.0,5.0,5.0,2.0,"Powai, Mumbai"
2024-09-24,50.0,27.0,2.0,5.0,5.0,2.0,"Powai, Mumbai"
2024-09-25,46.0,26.0,2.0,5.0,5.0,2.0,"Powai, Mumbai"
2024-09-26,42.0,24.0,2.0,7.0,5.0,2.0,"Powai, Mumbai"
2024-09-27,37.0,26.0,2.0,6.0,5.0,2.0,"Powai, Mumbai"
2024-09-28,41.0,37.0,1.0,4.0,5.0,2.0,"Powai, Mumbai"
2024-09-29,46.0,35.0,2.0,5.0,5.0,2.0,"Powai, Mumbai"
2024-09-30,51.0,46.0,2.0,5.0,5.0,2.0,"Powai, Mumbai"
2024-10-01,71.0,55.0,3.0,5.0,5.0,3.0,"Powai, Mumbai"
2024-10-02,90.0,42.0,2.0,4.0,5.0,2.0,"Powai, Mumbai"
2024-10-03,60.0,36.0,2.0,3.0,5.0,2.0,"Powai, Mumbai"
2024-10-04,50.0,38.0,2.0,3.0,5.0,2.0,"Powai, Mumbai"
2024-10-05,51.0,35.0,2.0,2.0,5.0,2.0,"Powai, Mumbai"
2024-10-06,51.0,57.0,3.0,7.0,5.0,3.0,"Powai, Mumbai"
2024-10-07,84.0,59.0,3.0,7.0,5.0,3.0,"Powai, Mumbai"
2024-10-08,90.0,49.0,2.0,6.0,5.0,3.0,"Powai, Mumbai"
2024-10-09,76.0,49.0,2.0,6.0,5.0,3.0,"Powai, Mumbai"
2024-10-10,71.0,39.0,3.0,5.0,5.0,3.0,"Powai, Mumbai"
2024-10-11,59.0,41.0,3.0,6.0,5.0,3.0,"Powai, Mumbai"
2024-10-12,65.0,44.0,3.0,6.0,5.0,3.0,"Powai, Mumbai"
2024-10-13,66.0,38.0,4.0,6.0,5.0,3.0,"Powai, Mumbai"
2024-10-14,57.0,39.0,4.0,6.0,5.0,3.0,"Powai, Mumbai"
2024-10-15,61.0,48.0,3.0,7.0,5.0,3.0,"Powai, Mumbai"
2024-10-16,73.0,54.0,2.0,6.0,5.0,3.0,"Powai, Mumbai"
2024-10-17,83.0,47.0,2.0,3.0,6.0,1.0,"Powai, Mumbai"
2024-10-18,96.0,35.0,2.0,2.0,7.0,1.0,"Powai, Mumbai"
2024-10-19,52.0,38.0,2.0,2.0,6.0,1.0,"Powai, Mumbai"
2024-10-20,58.0,35.0,1.5,2.0,6.0,2.0,"Powai, Mumbai"
2024-10-21,58.0,45.0,1.0,2.0,6.0,2.0,"Powai, Mumbai"
2024-10-22,67.0,49.0,3.6666666666666665,2.0,6.0,2.0,"Powai, Mumbai"
2024-10-23,74.0,57.0,6.333333333333333,2.0,6.0,2.0,"Powai, Mumbai"
2024-10-24,91.0,61.0,9.0,2.0,6.0,2.0,"Powai, Mumbai"
2024-10-25,100.0,61.0,5.0,2.0,6.0,2.0,"Powai, Mumbai"
2024-10-26,104.0,66.0,1.0,2.0,6.0,2.0,"Powai, Mumbai"
2024-10-27,112.0,65.0,1.0,2.0,6.0,2.0,"Powai, Mumbai"
2024-10-28,107.0,55.0,2.0,2.0,6.0,2.0,"Powai, Mumbai"
2024-10-29,88.0,74.0,2.0,2.0,6.0,2.0,"Powai, Mumbai"
2024-10-30,125.0,82.0,1.0,2.0,6.0,2.0,"Powai, Mumbai"
2024-10-31,143.0,80.0,1.0,2.0,6.0,2.0,"Powai, Mumbai"
2024-11-01,132.0,97.0,1.0,2.0,6.0,2.0,"Powai, Mumbai"
2024-11-02,151.0,83.0,1.0,2.0,6.0,2.0,"Powai, Mumbai"
2024-11-03,137.0,83.0,4.5,2.0,6.0,2.0,"Powai, Mumbai"
2024-11-04,135.0,80.0,8.0,2.0,6.0,2.0,"Powai, Mumbai"
2024-11-05,126.0,80.0,1.0,2.0,7.0,2.0,"Powai, Mumbai"
2024-11-06,125.0,78.0,2.0,3.0,6.0,2.0,"Powai, Mumbai"
2024-11-07,121.0,82.0,4.0,3.0,8.0,2.0,"Powai, Mumbai"
2024-11-08,135.0,77.0,13.0,2.0,8.0,2.0,"Powai, Mumbai"
2024-11-09,127.0,78.0,15.0,3.0,7.0,2.0,"Powai, Mumbai"
2024-11-10,133.0,81.0,37.0,3.0,6.0,2.0,"Powai, Mumbai"
2024-11-11,143.0,79.0,61.0,3.0,6.0,2.0,"Powai, Mumbai"
2024-11-12,136.0,74.0,11.0,3.0,6.0,2.0,"Powai, Mumbai"
2024-11-13,124.0,77.0,26.0,3.0,6.0,2.0,"Powai, Mumbai"
2024-11-14,115.0,85.0,17.0,3.0,6.0,2.0,"Powai, Mumbai"
2024-11-15,107.0,97.0,17.0,3.0,6.0,2.0,"Powai, Mumbai"
2024-11-16,131.0,98.0,12.0,3.0,7.0,2.0,"Powai, Mumbai"
2024-11-17,144.0,71.0,3.0,3.0,6.0,2.0,"Powai, Mumbai"
2024-11-18,80.0,83.0,3.0,3.0,6.0,2.0,"Powai, Mumbai"
2024-11-19,104.0,89.0,3.0,3.0,6.0,2.0,"Powai, Mumbai"
2024-11-20,118.0,93.0,3.0,3.0,6.0,2.0,"Powai, Mumbai"
2024-11-21,124.0,101.0,3.0,3.0,6.0,2.0,"Powai, Mumbai"
2024-11-22,138.0,105.0,3.0,2.0,6.0,2.0,"Powai, Mumbai"
2024-11-23,146.0,110.0,3.0,3.0,6.0,2.0,"Powai, Mumbai"
2024-11-24,150.0,105.0,3.0,2.0,6.0,2.0,"Powai, Mumbai"
2024-11-25,139.0,88.0,3.0,3.0,6.0,2.0,"Powai, Mumbai"
2024-11-26,116.0,85.0,3.0,3.0,6.0,2.0,"Powai, Mumbai"
2024-11-27,106.0,84.0,3.0,3.0,7.0,2.0,"Powai, Mumbai"
2024-11-28,107.0,80.0,3.0,3.0,7.0,2.0,"Powai, Mumbai"
2024-11-29,97.0,86.0,3.0,3.0,7.0,2.0,"Powai, Mumbai"
2024-11-30,107.0,94.0,3.0,3.0,6.0,2.0,"Powai, Mumbai"
2024-12-01,128.0,99.0,3.0,2.0,6.0,2.0,"Powai, Mumbai"
2024-12-02,139.0,88.0,3.0,3.0,6.0,2.0,"Powai, Mumbai"
2024-12-03,115.0,88.0,3.0,3.0,6.0,2.0,"Powai, Mumbai"
2024-12-04,115.0,88.0,3.0,3.0,6.0,2.0,"Powai, Mumbai"
2024-12-05,114.0,87.0,3.0,3.0,6.0,2.0,"Powai, Mumbai"
2024-12-06,114.0,78.0,3.0,3.0,6.0,2.0,"Powai, Mumbai"
2024-12-07,97.0,69.0,3.0,3.0,6.0,2.0,"Powai, Mumbai"
2024-12-08,81.0,72.0,3.0,3.0,6.0,2.0,"Powai, Mumbai"
2024-12-09,79.0,89.0,3.0,3.0,6.0,2.0,"Powai, Mumbai"
2024-12-10,88.0,90.0,3.0,3.0,7.0,2.0,"Powai, Mumbai"
2024-12-11,102.0,89.0,3.0,3.0,7.0,2.0,"Powai, Mumbai"
2024-12-12,107.0,78.0,3.0,3.0,6.0,2.0,"Powai, Mumbai"
2024-12-13,90.0,86.0,3.0,3.0,7.0,2.0,"Powai, Mumbai"
2024-12-14,102.0,85.0,3.0,3.0,6.0,2.0,"Powai, Mumbai"
2024-12-15,103.0,83.0,3.0,3.0,6.0,2.0,"Powai, Mumbai"
2024-12-16,101.0,96.0,3.0,3.0,6.0,2.0,"Powai, Mumbai"
2024-12-17,118.0,108.0,3.0,3.0,6.0,2.0,"Powai, Mumbai"
2024-12-18,139.0,107.0,3.0,3.0,6.0,2.0,"Powai, Mumbai"
2024-12-19,141.0,144.0,3.0,2.0,6.0,2.0,"Powai, Mumbai"
2024-12-20,167.0,126.0,3.0,2.0,7.0,2.0,"Powai, Mumbai"
2024-12-21,151.0,106.0,3.0,2.0,6.0,2.0,"Powai, Mumbai"
2024-12-22,132.0,92.0,3.0,2.0,6.0,2.0,"Powai, Mumbai"
2024-12-23,122.0,99.0,3.0,2.0,6.0,2.0,"Powai, Mumbai"
2024-12-24,135.0,99.0,3.0,2.0,6.0,2.0,"Powai, Mumbai"
2024-12-25,135.0,110.0,3.0,2.0,6.0,2.0,"Powai, Mumbai"
2024-12-26,139.0,92.0,3.0,2.0,6.0,2.0,"Powai, Mumbai"
2024-12-27,121.0,114.0,3.0,2.0,6.0,2.0,"Powai, Mumbai"
2024-12-28,154.0,94.0,3.0,2.0,6.0,2.0,"Powai, Mumbai"
2024-12-29,125.0,87.0,3.0,2.0,6.0,2.0,"Powai, Mumbai"
2024-12-31,106.33333333333333,73.0,3.0,2.0,6.0,2.0,"Powai, Mumbai"
2025-01-01,97.0,86.0,3.0,2.0,6.0,2.0,"Powai, Mumbai"
2025-01-02,110.0,80.0,3.0,2.0,6.0,2.0,"Powai, Mumbai"
2025-01-03,93.0,87.0,3.0,2.0,7.0,2.0,"Powai, Mumbai"
2025-01-04,100.0,93.0,3.0,2.0,7.0,2.0,"Powai, Mumbai"
2025-01-05,116.0,85.0,3.0,2.0,7.0,2.0,"Powai, Mumbai"
2025-01-06,107.0,95.0,3.0,2.0,6.0,2.0,"Powai, Mumbai"
2025-01-07,120.0,95.0,3.0,2.0,6.0,2.0,"Powai, Mumbai"
2025-01-08,117.0,92.0,3.0,2.0,7.0,2.0,"Powai, Mumbai"
2025-01-09,115.0,103.0,3.0,2.0,7.0,2.0,"Powai, Mumbai"
2025-01-10,128.0,93.0,3.0,2.0,7.0,2.0,"Powai, Mumbai"
2025-01-11,128.0,97.0,3.0,2.0,7.0,2.0,"Powai, Mumbai"
2025-01-12,120.0,99.0,3.0,2.0,7.0,2.0,"Powai, Mumbai"
2025-01-13,124.0,108.0,3.0,2.0,7.0,2.0,"Powai, Mumbai"
2025-01-14,137.0,109.0,3.0,2.0,7.0,2.0,"Powai, Mumbai"
2025-01-15,147.0,105.0,3.0,2.0,7.0,2.0,"Powai, Mumbai"
2025-01-16,147.0,99.0,3.0,2.0,7.0,2.0,"Powai, Mumbai"
2025-01-17,131.0,91.0,3.0,2.0,7.0,2.0,"Powai, Mumbai"
2025-01-18,116.0,95.0,3.0,2.0,7.0,2.0,"Powai, Mumbai"
2025-01-19,127.0,103.0,3.0,2.0,7.0,2.0,"Powai, Mumbai"
2025-01-20,129.0,104.0,3.0,2.0,7.0,2.0,"Powai, Mumbai"
2025-01-21,135.0,110.0,3.0,2.0,7.0,2.0,"Powai, Mumbai"
2025-01-22,138.0,97.0,3.0,2.0,7.0,2.0,"Powai, Mumbai"
2025-01-23,126.0,86.0,3.0,2.0,8.0,2.0,"Powai, Mumbai"
2025-01-24,108.0,115.0,3.0,2.0,8.0,2.0,"Powai, Mumbai"
2025-01-25,140.0,101.0,3.0,2.0,8.0,2.0,"Powai, Mumbai"
2025-01-26,128.0,104.0,3.0,2.0,8.0,2.0,"Powai, Mumbai"
2025-01-27,129.0,91.0,3.0,2.0,9.0,2.0,"Powai, Mumbai"
2025-01-28,110.0,83.0,3.0,2.0,9.0,2.0,"Powai, Mumbai"
2025-01-29,98.0,108.0,3.0,2.0,9.0,2.0,"Powai, Mumbai"
2025-01-30,123.0,76.0,3.0,2.0,9.0,2.0,"Powai, Mumbai"
2025-01-31,83.0,70.0,3.0,2.0,9.0,2.0,"Powai, Mumbai"
2025-02-01,84.0,93.0,3.0,2.0,8.0,2.0,"Powai, Mumbai"
2025-02-02,96.0,85.0,3.0,2.0,8.0,2.0,"Powai, Mumbai"
2025-02-03,95.0,81.0,3.0,2.0,8.0,2.0,"Powai, Mumbai"
2025-02-04,144.0,79.0,3.0,2.0,8.0,2.0,"Powai, Mumbai"
2025-02-05,88.0,99.0,3.0,2.0,9.0,2.0,"Powai, Mumbai"
2025-02-06,112.0,110.0,3.0,2.0,9.0,2.0,"Powai, Mumbai"
2025-02-07,124.0,109.0,3.0,2.0,9.0,2.0,"Powai, Mumbai"
2025-02-08,123.0,90.0,3.0,2.0,9.0,2.0,"Powai, Mumbai"
2025-02-09,102.0,81.0,3.0,2.0,9.0,2.0,"Powai, Mumbai"
2025-02-10,91.0,81.0,3.0,2.0,9.0,2.0,"Powai, Mumbai"
2025-02-11,91.0,97.0,3.0,2.0,9.0,2.0,"Powai, Mumbai"
2025-02-12,109.0,91.0,3.0,2.0,9.0,2.0,"Powai, Mumbai"
2025-02-13,101.0,93.0,3.0,2.0,9.0,2.0,"Powai, Mumbai"
2025-02-14,104.0,84.0,3.0,2.0,9.0,2.0,"Powai, Mumbai"
2025-02-15,93.0,87.0,3.0,2.0,9.0,2.0,"Powai, Mumbai"
2025-02-16,96.0,81.0,3.0,2.0,9.0,2.0,"Powai, Mumbai"
2025-02-17,89.0,90.0,3.0,2.0,9.0,2.0,"Powai, Mumbai"
2025-02-18,100.0,83.0,3.0,2.0,9.0,2.0,"Powai, Mumbai"
2025-02-19,92.0,97.0,3.0,2.0,9.0,2.0,"Powai, Mumbai"
2025-02-20,108.0,90.0,3.0,2.0,9.0,2.0,"Powai, Mumbai"
2025-02-21,100.0,90.0,3.0,2.0,9.0,2.0,"Powai, Mumbai"
2025-02-22,101.0,96.0,3.0,2.0,9.0,2.0,"Powai, Mumbai"
2025-02-23,107.0,88.0,3.0,2.0,10.0,2.0,"Powai, Mumbai"
2025-02-24,98.0,91.0,3.0,2.0,10.0,2.0,"Powai, Mumbai"
2025-02-25,102.0,95.0,3.0,2.0,9.0,2.0,"Powai, Mumbai"
2025-02-26,106.0,94.0,3.0,2.0,10.0,2.0,"Powai, Mumbai"
2025-02-27,105.0,100.0,3.0,2.0,10.0,2.0,"Powai, Mumbai"
2025-02-28,112.0,93.0,3.0,2.0,10.0,2.0,"Powai, Mumbai"
2025-03-01,104.0,86.0,3.0,2.0,10.0,2.0,"Powai, Mumbai"
2025-03-02,96.0,94.0,3.0,2.0,10.0,2.0,"Powai, Mumbai"
2025-03-03,109.0,246.0,3.0,2.0,10.0,2.0,"Powai, Mumbai"
2025-03-04,104.0,76.0,3.0,2.0,10.0,2.0,"Powai, Mumbai"
2025-03-05,64.0,83.0,3.0,2.0,10.0,2.0,"Powai, Mumbai"
2025-03-06,70.0,92.0,3.0,2.0,11.0,2.0,"Powai, Mumbai"
2025-03-07,81.0,102.0,3.0,2.0,12.0,2.0,"Powai, Mumbai"
2025-03-08,92.0,85.0,3.0,2.0,11.0,3.0,"Powai, Mumbai"
2025-03-09,73.0,82.5,3.0,2.0,11.0,3.0,"Powai, Mumbai"
2025-03-10,169.0,80.0,3.0,2.0,13.0,3.0,"Powai, Mumbai"
2025-03-11,128.0,73.0,3.0,3.0,10.0,3.0,"Powai, Mumbai"
2025-03-12,156.0,74.0,3.0,10.0,10.0,3.0,"Powai, Mumbai"
2025-03-13,134.0,72.0,3.0,7.0,9.0,2.0,"Powai, Mumbai"
2025-03-14,84.0,58.0,3.0,5.0,8.0,2.0,"Powai, Mumbai"
2025-03-15,58.0,61.0,3.0,5.0,8.0,2.0,"Powai, Mumbai"
2025-03-16,62.0,66.0,3.0,5.0,8.0,2.0,"Powai, Mumbai"
2025-03-17,63.0,62.0,3.0,4.0,8.0,2.0,"Powai, Mumbai"
2025-03-18,62.0,65.0,3.0,4.0,8.0,2.0,"Powai, Mumbai"
2025-03-19,65.0,61.0,3.0,4.0,8.0,2.0,"Powai, Mumbai"
2025-03-20,60.0,60.0,3.0,4.0,8.0,2.0,"Powai, Mumbai"
2025-03-21,58.0,59.0,3.0,4.0,8.0,2.0,"Powai, Mumbai"
2025-03-22,57.0,63.0,3.0,4.0,8.0,2.0,"Powai, Mumbai"
2025-03-23,63.0,64.0,3.0,4.0,9.0,2.0,"Powai, Mumbai"
2025-03-24,68.0,65.0,23.0,3.0,9.0,2.0,"Powai, Mumbai"
2025-03-25,68.0,57.0,23.0,3.0,9.0,2.0,"Powai, Mumbai"
2025-03-26,58.0,52.0,23.0,2.0,9.0,2.0,"Powai, Mumbai"
2025-03-27,52.0,68.0,3.0,3.0,8.0,2.0,"Powai, Mumbai"
2025-03-28,64.0,73.0,3.0,3.0,9.0,2.0,"Powai, Mumbai"
2025-03-29,68.0,74.0,3.0,3.0,9.0,2.0,"Powai, Mumbai"
2025-03-30,72.0,69.0,3.0,3.0,9.0,2.0,"Powai, Mumbai"
2025-03-31,67.0,70.0,3.0,3.0,9.0,2.0,"Powai, Mumbai"
2025-04-01,68.0,70.0,3.0,3.0,9.0,3.0,"Powai, Mumbai"
2025-04-02,73.0,65.0,3.0,2.0,9.0,2.0,"Powai, Mumbai"
2025-04-03,67.0,66.0,3.0,2.0,9.0,2.0,"Powai, Mumbai"
2025-04-04,62.0,69.0,3.0,1.0,9.0,2.0,"Powai, Mumbai"
2025-04-05,70.0,65.0,3.0,2.0,9.0,2.0,"Powai, Mumbai"
2025-04-06,64.0,64.0,3.0,2.0,10.0,2.0,"Powai, Mumbai"
2025-04-07,65.0,68.0,3.0,2.0,10.0,2.0,"Powai, Mumbai"
2025-04-08,68.0,64.0,3.0,2.0,10.0,2.0,"Powai, Mumbai"
2025-04-09,64.0,57.0,3.0,2.0,10.0,2.0,"Powai, Mumbai"
2025-04-10,56.0,55.0,3.0,2.0,9.0,2.0,"Powai, Mumbai"
2025-04-11,54.0,56.0,3.0,2.0,10.0,2.0,"Powai, Mumbai"
2025-04-12,54.0,56.0,3.0,2.0,10.0,2.0,"Powai, Mumbai"
2025-04-13,56.0,56.5,3.0,2.0,9.5,2.0,"Powai, Mumbai"
2025-04-14,56.5,57.0,3.0,2.0,9.0,2.0,"Powai, Mumbai"
2025-04-15,57.0,57.0,3.0,2.0,9.0,2.0,"Powai, Mumbai"
2025-04-16,55.0,54.0,3.0,2.0,9.0,2.0,"Powai, Mumbai"
2025-04-17,53.0,52.0,3.0,2.0,9.0,2.0,"Powai, Mumbai"
2025-04-18,52.0,53.0,3.0,2.0,10.0,2.0,"Powai, Mumbai"
2025-04-19,51.0,59.0,3.0,2.0,9.0,2.0,"Powai, Mumbai"
2025-04-20,54.0,57.0,3.0,2.0,9.0,2.0,"Powai, Mumbai"
2025-04-21,53.0,57.0,3.0,2.0,9.0,2.0,"Powai, Mumbai"
2025-04-22,54.0,58.0,3.0,2.0,9.333333333333334,2.0,"Powai, Mumbai"
2025-04-24,56.0,60.0,3.0,2.0,10.0,2.0,"Powai, Mumbai"
2025-04-25,57.0,56.0,3.0,2.0,10.0,2.0,"Powai, Mumbai"
2025-04-26,53.0,59.0,3.0,2.0,10.0,2.0,"Powai, Mumbai"
2025-04-27,56.0,59.0,3.0,2.0,10.0,2.0,"Powai, Mumbai"
2025-04-28,56.0,59.0,3.0,2.0,10.0,2.0,"Powai, Mumbai"
2025-04-29,55.0,57.0,3.0,2.0,10.0,2.0,"Powai, Mumbai"
2025-04-30,54.0,54.0,3.0,2.0,10.0,2.0,"Powai, Mumbai"
2025-05-01,52.0,55.0,3.0,2.0,10.0,2.0,"Powai, Mumbai"
2025-05-02,52.0,53.0,3.0,2.0,10.0,2.0,"Powai, Mumbai"
2025-05-03,50.0,54.0,3.0,2.0,10.0,2.0,"Powai, Mumbai"
2025-05-04,51.0,55.0,3.0,2.0,10.0,2.0,"Powai, Mumbai"
2025-05-05,53.0,55.0,3.0,2.0,10.0,2.0,"Powai, Mumbai"
2025-05-06,51.0,49.0,3.0,2.0,10.0,2.1,"Powai, Mumbai"
2025-05-07,50.0,54.77777777777778,3.0,1.8888888888888888,11.555555555555555,2.2,"Powai, Mumbai"
2025-05-15,88.22222222222223,101.0,3.0,1.0,24.0,3.0,"Powai, Mumbai"
2025-05-16,93.0,52.0,3.0,1.0,44.0,3.0,"Powai, Mumbai"
2025-05-17,79.0,53.0,3.0,2.0,37.0,2.0,"Powai, Mumbai"
2025-05-18,80.0,53.0,3.0,2.0,36.0,2.0,"Powai, Mumbai"
2025-05-19,78.0,53.0,3.0,1.0,35.0,3.0,"Powai, Mumbai"
2025-05-20,80.0,50.0,3.0,1.0,40.0,2.0,"Powai, Mumbai"
2025-05-21,78.0,48.0,3.0,1.0,37.0,3.0,"Powai, Mumbai"
2025-05-22,70.0,57.0,3.0,2.0,69.0,2.0,"Powai, Mumbai"
2025-05-23,86.0,57.0,3.0,1.0,56.0,3.0,"Powai, Mumbai"
2025-05-24,92.0,51.0,3.0,1.0,49.0,2.0,"Powai, Mumbai"
2025-05-25,81.0,48.0,3.0,1.0,31.0,3.0,"Powai, Mumbai"
2025-05-26,65.0,98.0,3.0,1.0,52.0,3.0,"Powai, Mumbai"
2025-05-27,79.0,250.0,3.0,2.0,44.0,3.0,"Powai, Mumbai"
2025-05-28,86.0,198.0,3.0,1.0,49.0,3.0,"Powai, Mumbai"
2025-05-29,84.0,120.0,3.0,2.0,47.0,3.0,"Powai, Mumbai"
2025-05-30,82.0,183.0,3.0,1.0,39.0,3.0,"Powai, Mumbai"
2025-05-31,90.0,155.5,3.0,1.5,25.0,3.0,"Powai, Mumbai"
2025-06-01,142.5,128.0,3.0,2.0,11.0,3.0,"Powai, Mumbai"
2025-06-02,195.0,202.0,3.0,2.0,7.0,3.0,"Powai, Mumbai"
2025-06-03,175.0,182.0,3.0,1.0,7.0,3.0,"Powai, Mumbai"
2025-06-04,160.0,152.0,3.0,1.0,7.0,2.0,"Powai, Mumbai"
2025-06-05,154.0,232.0,3.0,1.0,6.0,3.0,"Powai, Mumbai"
2025-06-06,223.0,229.0,3.0,2.0,6.0,3.0,"Powai, Mumbai"
2025-06-07,197.0,191.0,3.0,1.0,8.0,3.0,"Powai, Mumbai"
2025-06-08,176.0,147.0,3.0,1.0,7.0,2.0,"Powai, Mumbai"
2025-06-09,140.0,185.0,3.0,1.0,9.0,3.0,"Powai, Mumbai"
2025-06-10,157.0,128.0,3.0,1.0,9.0,3.0,"Powai, Mumbai"
2025-06-11,111.0,179.0,3.0,1.0,9.0,3.0,"Powai, Mumbai"
2025-06-12,148.0,215.0,3.0,1.0,7.0,3.0,"Powai, Mumbai"
2025-06-13,171.0,187.0,3.0,2.0,10.0,3.0,"Powai, Mumbai"
2025-06-14,163.0,179.0,3.0,1.0,8.0,3.0,"Powai, Mumbai"
2025-06-15,158.0,132.0,3.0,2.0,9.0,2.0,"Powai, Mumbai"
2025-06-16,109.0,183.0,3.0,1.0,6.0,3.0,"Powai, Mumbai"
2025-06-17,161.0,209.0,3.0,2.0,11.0,2.0,"Powai, Mumbai"
2025-06-18,157.0,127.0,3.0,1.0,7.0,2.0,"Powai, Mumbai"
2025-06-19,109.0,176.0,3.0,1.0,8.0,2.0,"Powai, Mumbai"
2025-06-20,149.0,145.0,3.0,1.0,10.0,3.0,"Powai, Mumbai"
2025-06-21,120.0,178.0,3.0,1.0,10.0,3.0,"Powai, Mumbai"
2025-06-22,150.0,136.0,3.0,1.0,9.0,3.0,"Powai, Mumbai"
2025-06-23,130.0,181.0,3.0,1.0,6.0,3.0,"Powai, Mumbai"
2025-06-24,161.0,224.0,3.0,1.0,10.0,3.0,"Powai, Mumbai"
2025-06-25,179.0,188.0,3.0,2.0,7.0,3.0,"Powai, Mumbai"
2025-06-26,169.0,191.0,3.0,2.0,7.0,3.0,"Powai, Mumbai"
2025-06-27,162.0,167.0,3.0,1.0,8.0,3.0,"Powai, Mumbai"
2025-06-28,145.0,136.0,3.0,2.0,8.0,3.0,"Powai, Mumbai"
2025-06-29,120.0,132.0,3.0,1.0,10.0,3.0,"Powai, Mumbai"
2025-06-30,114.0,176.0,3.0,1.0,9.0,3.0,"Powai, Mumbai"
2025-07-01,149.0,133.0,3.0,1.0,7.0,3.0,"Powai, Mumbai"
2025-07-02,113.0,175.0,3.0,1.0,11.0,2.0,"Powai, Mumbai"
2025-07-03,147.0,176.0,3.0,1.0,9.0,2.0,"Powai, Mumbai"
2025-07-04,139.0,195.0,3.0,1.0,10.0,3.0,"Powai, Mumbai"
2025-07-05,162.0,123.0,3.0,1.0,10.0,3.0,"Powai, Mumbai"
2025-07-06,108.0,180.0,3.0,2.0,8.0,3.0,"Powai, Mumbai"
2025-07-07,155.0,181.0,3.0,1.0,11.0,3.0,"Powai, Mumbai"
2025-07-08,158.0,185.0,3.0,1.0,9.0,3.0,"Powai, Mumbai"
2025-07-09,156.0,175.0,3.0,1.0,10.0,3.0,"Powai, Mumbai"
2025-07-10,150.0,148.0,3.0,1.0,9.0,3.0,"Powai, Mumbai"
2025-07-11,132.0,182.0,3.0,1.0,7.0,2.0,"Powai, Mumbai"
2025-07-12,151.0,180.0,3.0,1.0,11.0,3.0,"Powai, Mumbai"
2025-07-13,146.0,164.0,3.0,1.0,9.0,3.0,"Powai, Mumbai"
2025-07-14,137.0,174.0,3.0,1.0,9.0,2.0,"Powai, Mumbai"
2025-07-15,144.0,178.0,3.0,2.0,13.0,3.0,"Powai, Mumbai"
2025-07-16,151.0,173.0,3.0,1.0,13.0,2.0,"Powai, Mumbai"
2025-07-17,146.0,143.0,3.0,1.0,11.0,3.0,"Powai, Mumbai"
2025-07-18,132.0,179.0,3.0,2.0,13.0,3.0,"Powai, Mumbai"
2025-07-19,153.0,173.0,3.0,1.0,17.0,3.0,"Powai, Mumbai"
2025-07-20,153.0,187.0,3.0,1.0,14.0,3.0,"Powai, Mumbai"
2025-07-21,150.0,185.0,3.0,1.0,13.0,3.0,"Powai, Mumbai"
2025-07-22,157.0,174.0,3.0,1.0,13.0,3.0,"Powai, Mumbai"
2025-07-23,144.0,172.0,3.0,2.0,15.0,3.0,"Powai, Mumbai"
2025-07-24,144.0,177.0,3.0,2.0,15.0,3.0,"Powai, Mumbai"
2025-07-25,114.0,170.0,3.0,1.0,14.0,3.0,"Powai, Mumbai"
2025-07-26,142.0,183.0,3.0,1.0,16.0,3.0,"Powai, Mumbai"
2025-07-27,159.0,181.0,3.0,1.0,18.0,3.0,"Powai, Mumbai"
2025-07-28,161.0,186.0,3.0,1.0,19.0,3.0,"Powai, Mumbai"
2025-07-29,156.0,188.0,3.0,1.0,14.0,3.0,"Powai, Mumbai"
2025-07-30,160.0,136.33333333333334,3.0,2.0,16.0,3.0,"Powai, Mumbai"
2025-07-31,135.33333333333334,84.66666666666667,3.0,3.0,8.0,3.0,"Powai, Mumbai"
2025-08-01,110.66666666666666,33.0,3.0,2.0,10.0,3.0,"Powai, Mumbai"
2025-08-02,86.0,45.0,3.0,2.0,6.0,3.0,"Powai, Mumbai"
2025-08-03,55.0,45.0,3.0,2.0,6.0,3.0,"Powai, Mumbai"
2025-08-04,55.0,45.0,3.0,2.0,6.0,3.0,"Powai, Mumbai"
2025-08-05,55.0,44.0,3.0,2.0,5.0,3.0,"Powai, Mumbai"
2025-08-06,53.0,45.0,3.0,3.0,5.0,3.0,"Powai, Mumbai"
2025-08-07,56.0,52.0,3.0,3.0,5.0,4.0,"Powai, Mumbai"
2025-08-08,66.0,53.0,3.0,2.0,5.0,3.0,"Powai, Mumbai"
2025-08-09,69.0,47.0,3.0,2.0,5.0,3.0,"Powai, Mumbai"
2025-08-10,60.0,46.0,3.0,2.0,5.0,3.0,"Powai, Mumbai"
2025-08-11,78.0,86.0,3.0,2.0,5.0,3.0,"Powai, Mumbai"
2025-08-12,105.0,42.0,3.0,2.0,5.0,3.0,"Powai, Mumbai"
2025-08-13,19.0,43.0,3.0,2.0,5.0,4.0,"Powai, Mumbai"
2025-08-14,80.0,36.0,3.0,2.0,5.0,4.0,"Powai, Mumbai"
2025-08-15,33.0,35.0,3.0,2.0,5.0,3.0,"Powai, Mumbai"
2025-08-16,87.0,42.0,3.0,2.0,5.0,4.0,"Powai, Mumbai"
2025-08-17,143.0,36.0,3.0,2.0,5.0,3.0,"Powai, Mumbai"
2025-08-18,148.0,34.0,3.0,2.0,5.0,3.0,"Powai, Mumbai"
2025-08-19,162.0,41.0,3.0,2.0,5.0,3.0,"Powai, Mumbai"
2025-08-20,103.0,41.0,3.0,2.0,5.0,3.0,"Powai, Mumbai"
2025-08-21,156.0,42.0,3.0,2.0,5.0,3.0,"Powai, Mumbai"
2025-08-22,136.0,41.0,3.0,2.0,5.0,3.0,"Powai, Mumbai"
2025-08-23,220.0,40.0,3.0,2.0,5.0,3.0,"Powai, Mumbai"
2025-08-24,153.0,37.0,3.0,2.0,5.0,4.0,"Powai, Mumbai"
2025-08-25,89.0,213.0,3.0,2.0,5.0,4.0,"Powai, Mumbai"
2025-08-26,125.0,125.5,3.0,2.0,5.0,4.0,"Powai, Mumbai"
2025-08-27,158.0,38.0,3.0,2.0,6.0,4.0,"Powai, Mumbai"
2025-08-28,134.0,35.0,3.0,2.0,6.0,4.0,"Powai, Mumbai"
2025-08-29,58.0,34.95454545454545,3.0,2.0,6.0,4.0,"Powai, Mumbai"
2025-09-18,57.09090909090909,34.04545454545455,3.0,2.0,6.0,4.0,"Powai, Mumbai"
2025-09-19,57.04545454545455,34.0,3.0,2.0,6.0,4.0,"Powai, Mumbai"
2025-09-20,57.0,32.0,3.0,2.0,6.0,4.0,"Powai, Mumbai"
2025-09-21,51.0,34.0,3.0,2.0,6.0,4.0,"Powai, Mumbai"
2025-09-22,57.0,39.0,3.0,2.0,5.0,4.0,"Powai, Mumbai"
2025-09-23,65.0,29.0,3.0,2.0,6.0,4.0,"Powai, Mumbai"
2025-09-24,51.0,36.0,3.0,2.0,6.0,4.0,"Powai, Mumbai"
2025-09-25,59.0,39.0,3.0,2.0,6.0,4.0,"Powai, Mumbai"
2025-09-26,63.0,38.0,3.0,2.0,6.0,4.0,"Powai, Mumbai"
2025-09-27,62.0,29.0,3.0,2.0,6.0,4.0,"Powai, Mumbai"
2025-09-28,48.0,36.0,3.0,2.0,6.0,4.0,"Powai, Mumbai"
2025-09-29,59.0,34.0,3.0,2.0,6.0,4.0,"Powai, Mumbai"
2025-09-30,56.0,32.0,3.0,2.0,6.0,4.0,"Powai, Mumbai"
2025-10-01,55.0,29.0,3.0,2.0,6.0,4.0,"Powai, Mumbai"
2025-10-02,51.0,32.0,3.0,2.0,6.0,4.0,"Powai, Mumbai"
2025-10-03,54.0,28.0,3.0,2.0,6.0,4.0,"Powai, Mumbai"
2025-10-04,48.0,42.0,3.0,2.0,6.0,4.0,"Powai, Mumbai"
2025-10-05,67.0,39.0,3.0,2.0,6.0,4.0,"Powai, Mumbai"
2025-10-06,64.0,49.75,3.0,2.0,6.0,4.0,"Powai, Mumbai"
2025-10-07,119.33333333333333,60.5,3.0,2.0,6.0,4.0,"Powai, Mumbai"
2025-10-08,174.66666666666666,71.25,3.0,2.0,9.0,2.0,"Powai, Mumbai"
2025-10-09,230.0,82.0,3.0,2.0,11.0,2.0,"Powai, Mumbai"
2025-10-10,143.0,86.0,3.0,2.0,12.0,2.0,"Powai, Mumbai"
2025-10-11,150.0,130.0,3.0,2.0,11.5,2.0,"Powai, Mumbai"
2025-10-12,175.0,174.0,3.0,2.0,11.0,2.0,"Powai, Mumbai"
2025-10-13,200.0,81.0,3.0,2.0,11.0,2.0,"Powai, Mumbai"
2025-10-14,143.0,90.0,3.0,2.0,11.0,2.0,"Powai, Mumbai"
2025-10-15,154.0,80.0,3.0,2.0,11.0,2.0,"Powai, Mumbai"
2025-10-16,130.0,66.0,3.0,2.0,11.0,2.0,"Powai, Mumbai"
2025-10-17,112.0,87.0,3.0,2.0,11.0,2.0,"Powai, Mumbai"
2025-10-18,146.0,119.0,3.0,2.0,11.0,2.0,"Powai, Mumbai"
2025-10-19,165.5,151.0,3.0,2.0,11.0,2.0,"Powai, Mumbai"
2025-10-20,185.0,164.0,3.0,2.0,11.0,2.0,"Powai, Mumbai"
2025-10-21,188.0,86.0,3.0,2.0,11.0,2.0,"Powai, Mumbai"
2025-10-22,137.0,93.0,3.0,2.0,11.0,2.0,"Powai, Mumbai"
2025-10-23,127.0,49.0,3.0,2.0,11.0,2.0,"Powai, Mumbai"
2025-10-24,81.0,40.0,3.0,2.0,11.0,2.0,"Powai, Mumbai"
2025-10-25,64.0,41.0,3.0,2.0,11.0,2.0,"Powai, Mumbai"
2025-10-26,66.0,36.0,3.0,2.0,11.0,2.0,"Powai, Mumbai"
2025-10-27,58.0,53.0,3.0,2.0,10.0,2.0,"Powai, Mumbai"
2025-10-28,85.0,59.0,3.0,2.0,11.0,2.0,"Powai, Mumbai"
2025-10-29,96.0,46.0,3.0,2.0,11.0,2.0,"Powai, Mumbai"
2025-10-30,74.0,45.0,3.0,2.0,11.0,2.0,"Powai, Mumbai"
2025-10-31,71.0,43.0,3.0,2.0,11.0,3.0,"Powai, Mumbai"
2025-11-01,68.0,41.0,3.0,2.0,10.0,2.0,"Powai, Mumbai"
2025-11-02,66.0,43.0,3.0,2.0,11.0,2.0,"Powai, Mumbai"
2025-11-03,68.0,51.0,3.0,2.0,10.0,3.0,"Powai, Mumbai"
2025-11-04,79.0,49.0,3.0,2.0,10.0,3.0,"Powai, Mumbai"
2025-11-05,77.0,78.0,3.0,2.0,10.0,2.0,"Powai, Mumbai"
2025-11-06,137.0,89.0,3.0,2.0,11.0,2.0,"Powai, Mumbai"
2025-11-07,139.0,65.0,3.0,2.0,11.0,3.0,"Powai, Mumbai"
2025-11-08,114.0,64.0,3.0,2.0,11.0,3.0,"Powai, Mumbai"
2025-11-09,109.0,84.0,3.0,2.0,11.0,3.0,"Powai, Mumbai"
2025-11-10,138.0,85.0,3.0,2.0,11.0,3.0,"Powai, Mumbai"
2025-11-11,145.0,89.0,3.0,2.0,11.0,3.0,"Powai, Mumbai"
2025-11-12,151.0,86.0,3.0,2.0,10.0,3.0,"Powai, Mumbai"
2025-11-13,150.0,91.0,3.0,2.0,11.0,3.0,"Powai, Mumbai"
2025-11-14,155.0,93.0,3.0,2.0,11.0,3.0,"Powai, Mumbai"
2025-11-15,154.0,92.0,3.0,2.0,11.0,3.0,"Powai, Mumbai"
2025-11-16,155.0,102.0,3.0,2.0,11.0,3.0,"Powai, Mumbai"
2025-11-17,161.0,108.0,3.0,2.0,11.0,3.0,"Powai, Mumbai"
2025-11-18,164.0,109.0,3.0,2.0,11.0,3.0,"Powai, Mumbai"
2025-11-19,165.0,101.0,3.0,2.0,11.0,3.0,"Powai, Mumbai"
2025-11-20,160.0,110.0,3.0,2.0,11.0,3.0,"Powai, Mumbai"
2025-11-21,165.0,114.0,3.0,2.0,11.0,3.0,"Powai, Mumbai"
2025-11-22,167.0,118.0,3.0,2.0,11.0,3.0,"Powai, Mumbai"
2025-11-23,169.0,119.0,3.0,2.0,11.0,3.0,"Powai, Mumbai"
2025-11-24,170.0,131.0,3.0,2.0,11.0,3.0,"Powai, Mumbai"
2025-11-25,177.0,115.0,3.0,2.0,11.0,3.0,"Powai, Mumbai"
2025-11-26,159.0,75.0,3.0,2.0,11.0,2.0,"Powai, Mumbai"
2025-11-27,125.0,65.0,3.0,2.0,11.0,2.0,"Powai, Mumbai"
2025-11-28,108.0,53.0,3.0,2.0,11.0,2.0,"Powai, Mumbai"
2025-11-29,91.0,58.0,3.0,2.0,11.0,2.0,"Powai, Mumbai"
2025-11-30,93.0,61.0,3.0,2.0,11.0,2.0,"Powai, Mumbai"
2025-12-01,101.0,61.0,3.0,2.0,11.0,2.0,"Powai, Mumbai"
2025-12-02,98.0,63.0,3.0,2.0,11.0,2.0,"Powai, Mumbai"
2025-12-03,104.0,67.0,3.0,2.0,11.0,2.0,"Powai, Mumbai"
2025-12-04,111.0,62.0,3.0,2.0,11.0,2.0,"Powai, Mumbai"
2025-12-05,101.0,58.0,3.0,2.0,11.0,2.0,"Powai, Mumbai"
2025-12-06,94.0,62.0,3.0,2.0,11.0,2.0,"Powai, Mumbai"
2025-12-07,101.0,47.5,3.0,2.0,11.0,2.0,"Powai, Mumbai"
2025-12-08,80.5,33.0,3.0,2.0,11.0,2.0,"Powai, Mumbai"
2025-12-09,60.0,35.0,3.0,2.0,11.0,2.0,"Powai, Mumbai"
2025-12-10,61.0,35.0,3.0,2.0,11.0,7.0,"Powai, Mumbai"
2025-12-11,62.0,87.0,3.0,2.0,11.0,7.0,"Powai, Mumbai"
2025-12-12,170.0,87.0,3.0,2.0,11.0,7.0,"Powai, Mumbai"
2025-12-13,181.0,87.0,3.0,2.0,11.0,7.0,"Powai, Mumbai"
2025-12-14,192.0,87.0,3.0,2.0,11.0,7.0,"Powai, Mumbai"
2025-12-15,203.0,87.0,3.0,2.0,11.0,7.0,"Powai, Mumbai"
2025-12-16,151.0,87.0,3.0,2.0,11.0,7.0,"Powai, Mumbai"
2025-12-17,151.0,87.0,3.0,2.0,11.0,7.0,"Powai, Mumbai"
2025-12-18,151.0,87.0,3.0,2.0,11.0,7.0,"Powai, Mumbai"
2025-12-19,247.0,186.0,3.0,2.0,11.0,7.0,"Powai, Mumbai"
2025-12-20,195.0,113.0,3.0,2.0,11.0,7.0,"Powai, Mumbai"
2025-12-21,151.0,146.0,3.0,2.0,11.0,7.0,"Powai, Mumbai"
2025-12-22,171.0,127.0,3.0,2.0,11.0,7.0,"Powai, Mumbai"
2025-12-23,163.0,102.0,3.0,2.0,11.0,7.0,"Powai, Mumbai"
2025-12-24,146.0,144.0,3.0,2.0,11.0,7.0,"Powai, Mumbai"
2025-12-25,170.0,175.0,3.0,2.0,11.0,7.0,"Powai, Mumbai"
2025-12-26,193.0,92.0,3.0,2.0,11.0,7.0,"Powai, Mumbai"
2025-12-27,156.0,95.0,3.0,2.0,11.0,7.0,"Powai, Mumbai"
2025-12-28,159.0,79.5,3.0,2.0,11.0,7.0,"Powai, Mumbai"
2025-12-31,74.25,33.0,3.0,2.0,11.0,7.0,"Powai, Mumbai"
2026-01-01,46.0,48.0,3.0,2.0,11.0,6.0,"Powai, Mumbai"
2026-01-02,64.0,51.0,3.0,2.0,11.0,6.0,"Powai, Mumbai"
2026-01-03,66.0,59.0,3.0,2.0,11.0,6.0,"Powai, Mumbai"
2026-01-04,77.0,53.0,3.0,2.0,11.0,6.0,"Powai, Mumbai"
2026-01-05,70.0,62.0,29.0,2.0,11.0,6.0,"Powai, Mumbai"
2026-01-06,82.0,58.0,29.0,2.0,11.0,6.0,"Powai, Mumbai"
2026-01-07,77.0,47.0,29.0,2.0,11.0,6.0,"Powai, Mumbai"
2026-01-08,64.0,45.0,29.0,2.0,11.0,6.0,"Powai, Mumbai"
2026-01-09,60.0,47.0,29.0,2.0,11.0,6.0,"Powai, Mumbai"
2026-01-10,63.0,47.0,29.0,2.0,11.0,6.0,"Powai, Mumbai"
2026-01-11,62.0,40.0,29.0,2.0,11.0,6.0,"Powai, Mumbai"
2026-01-12,56.0,45.0,29.0,2.0,11.0,6.0,"Powai, Mumbai"
2026-01-13,60.0,40.0,29.0,2.0,11.0,6.0,"Powai, Mumbai"
2026-01-14,56.0,39.0,29.0,2.0,14.0,6.0,"Powai, Mumbai"
2026-01-15,55.0,51.0,29.0,2.0,31.0,6.0,"Powai, Mumbai"
2026-01-16,68.0,33.0,29.0,2.0,22.0,6.0,"Powai, Mumbai"
2026-01-17,48.0,36.0,29.0,2.0,17.0,6.0,"Powai, Mumbai"
2026-01-18,52.0,32.0,29.0,2.0,20.0,6.0,"Powai, Mumbai"
2026-01-19,48.0,38.0,29.0,2.0,22.0,6.0,"Powai, Mumbai"
2026-01-20,53.0,52.0,29.0,2.0,30.0,6.0,"Powai, Mumbai"
2026-01-21,68.0,51.0,29.0,2.0,33.0,6.0,"Powai, Mumbai"
2026-01-22,67.0,44.0,29.0,2.0,30.0,6.0,"Powai, Mumbai"
2026-01-23,70.0,35.0,29.0,2.0,29.0,6.0,"Powai, Mumbai"
2026-01-24,71.0,50.0,29.0,2.0,34.0,6.0,"Powai, Mumbai"
2026-01-25,102.0,65.0,29.0,2.0,39.0,6.0,"Powai, Mumbai"
2026-01-26,133.0,44.0,29.0,2.0,37.0,6.0,"Powai, Mumbai"
2026-01-27,86.0,32.0,29.0,2.0,36.0,6.0,"Powai, Mumbai"
2026-01-28,66.0,50.0,29.0,2.0,39.0,6.0,"Powai, Mumbai"
2026-01-29,94.0,62.0,29.0,2.0,58.0,6.0,"Powai, Mumbai"
2026-01-30,122.0,60.0,29.0,2.0,59.0,6.0,"Powai, Mumbai"
2026-01-31,117.0,57.0,29.0,2.0,63.0,6.0,"Powai, Mumbai"
2026-02-01,108.0,64.0,27.0,2.0,63.0,6.0,"Powai, Mumbai"
2026-02-02,128.0,65.0,27.0,2.0,68.0,6.0,"Powai, Mumbai"
2026-02-03,130.0,63.0,27.0,2.0,98.8,6.0,"Powai, Mumbai"
2026-02-04,125.0,63.0,27.0,2.0,129.6,6.0,"Powai, Mumbai"
2026-02-05,123.0,60.0,27.0,2.0,160.4,6.0,"Powai, Mumbai"
2026-02-06,116.0,51.0,27.0,2.0,6.0,6.0,"Powai, Mumbai"
2026-02-07,93.0,52.0,27.0,2.0,6.0,6.0,"Powai, Mumbai"
2026-02-08,95.0,53.8,27.0,2.0,6.0,6.0,"Powai, Mumbai"
2026-02-12,113.4,61.0,27.0,2.0,376.0,6.0,"Powai, Mumbai"
2026-02-13,118.0,106.0,27.0,1.0,376.0,6.0,"Powai, Mumbai"
2026-02-14,147.0,55.0,27.0,2.0,376.0,6.0,"Powai, Mumbai"
2026-02-15,106.0,120.0,27.0,2.0,376.0,6.0,"Powai, Mumbai"
2026-02-16,146.0,131.0,27.0,2.0,6.0,6.0,"Powai, Mumbai"
2026-02-17,187.0,126.0,27.0,2.0,6.0,6.0,"Powai, Mumbai"
2026-02-18,181.0,126.0,27.0,2.0,6.0,6.0,"Powai, Mumbai"
