date,pm25,pm10,o3,no2,so2,co,location
2019-12-02,155.0,77.0,34.0,30.0,40.0,2.0,"Sion, Mumbai"
2019-12-03,85.0,85.0,26.0,24.0,3.0,4.0,"Sion, Mumbai"
2019-12-04,140.0,87.0,18.0,30.0,4.0,6.0,"Sion, Mumbai"
2019-12-05,141.0,108.0,20.0,35.0,7.0,6.0,"Sion, Mumbai"
2019-12-06,169.0,115.0,33.0,39.0,6.0,6.0,"Sion, Mumbai"
2019-12-07,160.0,114.0,42.0,38.0,6.0,7.0,"Sion, Mumbai"
2019-12-08,172.0,102.0,38.0,34.0,5.0,6.0,"Sion, Mumbai"
2019-12-09,162.0,110.0,39.0,36.0,5.0,9.0,"Sion, Mumbai"
2019-12-10,165.0,119.0,31.0,40.0,4.0,9.0,"Sion, Mumbai"
2019-12-11,177.0,133.0,36.0,34.0,7.0,13.0,"Sion, Mumbai"
2019-12-12,183.0,100.0,21.0,34.0,4.0,7.0,"Sion, Mumbai"
2019-12-13,150.0,96.0,28.0,34.0,4.0,7.0,"Sion, Mumbai"
2019-12-14,152.0,108.0,33.0,32.0,5.0,8.0,"Sion, Mumbai"
2019-12-15,164.0,115.0,30.0,36.0,5.0,9.0,"Sion, Mumbai"
2019-12-16,173.0,121.0,32.0,32.0,5.0,9.0,"Sion, Mumbai"
2019-12-17,170.0,103.0,33.0,36.0,6.0,7.0,"Sion, Mumbai"
2019-12-18,163.0,102.0,27.0,37.0,5.0,7.0,"Sion, Mumbai"
2019-12-19,162.0,150.0,59.0,36.0,7.0,9.0,"Sion, Mumbai"
2019-12-20,181.0,122.0,23.0,54.0,7.0,10.0,"Sion, Mumbai"
2019-12-21,172.0,130.0,25.0,37.0,8.0,10.0,"Sion, Mumbai"
2019-12-22,181.0,120.0,30.0,31.0,8.0,11.0,"Sion, Mumbai"
2019-12-23,176.0,143.0,57.0,43.0,7.0,12.0,"Sion, Mumbai"
2019-12-24,196.0,147.0,20.0,43.0,6.0,10.0,"Sion, Mumbai"
2019-12-25,203.0,114.0,19.0,38.0,6.0,8.0,"Sion, Mumbai"
2019-12-26,168.0,119.0,26.0,36.0,7.0,9.0,"Sion, Mumbai"
2019-12-27,174.0,105.0,20.0,33.0,5.0,7.0,"Sion, Mumbai"
2019-12-28,167.0,101.0,36.0,30.0,5.0,6.0,"Sion, Mumbai"
2019-12-29,165.0,117.33333333333333,37.333333333333336,33.0,5.666666666666667,7.666666666666667,"Sion, Mumbai"
2019-12-31,177.0,150.0,40.0,39.0,7.0,11.0,"Sion, Mumbai"
2020-01-01,183.0,120.0,35.0,36.0,5.0,6.0,"Sion, Mumbai"
2020-01-02,169.0,118.0,37.0,39.0,5.0,7.0,"Sion, Mumbai"
2020-01-03,165.0,118.0,34.0,41.0,5.0,7.0,"Sion, Mumbai"
2020-01-04,165.0,126.0,33.0,34.0,6.0,8.0,"Sion, Mumbai"
2020-01-05,162.0,142.0,32.5,33.0,8.0,8.0,"Sion, Mumbai"
2020-01-06,185.0,135.0,32.0,33.0,3.0,9.0,"Sion, Mumbai"
2020-01-07,164.0,121.0,23.0,27.0,4.0,10.0,"Sion, Mumbai"
2020-01-08,147.0,108.0,36.0,39.0,3.0,6.0,"Sion, Mumbai"
2020-01-09,143.0,131.0,33.0,38.0,4.0,9.0,"Sion, Mumbai"
2020-01-10,157.0,160.0,29.0,39.0,3.0,10.0,"Sion, Mumbai"
2020-01-11,188.0,165.0,30.0,31.0,7.0,12.0,"Sion, Mumbai"
2020-01-12,180.0,92.0,21.0,25.0,2.0,6.0,"Sion, Mumbai"
2020-01-13,161.0,85.0,24.0,24.0,2.0,5.0,"Sion, Mumbai"
2020-01-14,120.0,81.0,25.0,25.0,1.0,4.0,"Sion, Mumbai"
2020-01-15,108.0,81.0,22.0,29.0,1.0,4.0,"Sion, Mumbai"
2020-01-16,130.0,104.0,30.0,37.0,2.0,7.0,"Sion, Mumbai"
2020-01-17,144.0,136.0,30.0,53.0,3.0,9.0,"Sion, Mumbai"
2020-01-18,163.0,190.0,33.0,45.0,5.0,15.0,"Sion, Mumbai"
2020-01-19,168.0,158.0,52.0,44.0,5.0,14.0,"Sion, Mumbai"
2020-01-20,167.0,237.0,28.0,44.0,7.0,19.0,"Sion, Mumbai"
2020-01-21,183.0,191.0,24.0,42.0,9.0,16.0,"Sion, Mumbai"
2020-01-22,225.0,157.0,31.0,44.0,7.0,11.0,"Sion, Mumbai"
2020-01-23,173.0,133.0,32.0,42.0,5.0,9.0,"Sion, Mumbai"
2020-01-24,161.0,178.0,64.0,47.0,6.0,13.0,"Sion, Mumbai"
2020-01-25,171.0,208.0,38.0,46.0,7.0,15.0,"Sion, Mumbai"
2020-01-26,167.0,94.0,19.0,25.0,3.0,6.0,"Sion, Mumbai"
2020-01-27,117.0,86.0,13.0,20.0,2.0,4.0,"Sion, Mumbai"
2020-01-28,96.0,83.0,18.0,24.0,3.0,3.0,"Sion, Mumbai"
2020-01-29,91.0,115.0,35.0,37.0,4.0,6.0,"Sion, Mumbai"
2020-01-30,137.0,154.0,31.0,44.0,6.0,10.0,"Sion, Mumbai"
2020-01-31,143.0,170.0,29.0,50.0,6.0,13.0,"Sion, Mumbai"
2020-02-01,159.0,155.0,42.0,32.0,6.0,11.0,"Sion, Mumbai"
2020-02-02,150.0,147.0,31.0,37.0,4.0,11.0,"Sion, Mumbai"
2020-02-03,150.0,120.0,33.0,39.0,4.0,6.0,"Sion, Mumbai"
2020-02-04,143.0,137.0,29.0,51.0,7.0,9.0,"Sion, Mumbai"
2020-02-05,137.0,107.0,31.0,42.0,5.0,5.0,"Sion, Mumbai"
2020-02-06,111.0,154.0,28.0,42.0,6.0,8.0,"Sion, Mumbai"
2020-02-07,128.0,133.0,28.0,40.0,5.0,9.0,"Sion, Mumbai"
2020-02-08,142.0,115.0,24.0,30.0,6.0,6.0,"Sion, Mumbai"
2020-02-09,126.0,106.0,26.0,34.0,6.0,5.0,"Sion, Mumbai"
2020-02-10,119.0,117.0,29.0,36.0,11.0,8.0,"Sion, Mumbai"
2020-02-11,134.0,128.0,32.0,43.0,5.0,8.0,"Sion, Mumbai"
2020-02-12,142.0,197.0,24.0,36.0,5.0,11.0,"Sion, Mumbai"
2020-02-13,202.0,137.0,29.0,32.0,7.0,9.0,"Sion, Mumbai"
2020-02-14,157.0,144.0,26.0,28.0,6.0,9.0,"Sion, Mumbai"
2020-02-15,151.0,154.0,39.0,35.0,7.0,8.0,"Sion, Mumbai"
2020-02-16,149.0,249.0,39.0,35.0,7.0,16.0,"Sion, Mumbai"
2020-02-17,283.0,216.0,37.0,36.0,7.0,12.0,"Sion, Mumbai"
2020-02-18,173.0,104.0,34.0,29.0,6.0,12.0,"Sion, Mumbai"
2020-02-19,174.0,155.0,19.0,25.0,5.0,12.0,"Sion, Mumbai"
2020-02-20,138.0,102.0,15.0,23.0,2.0,7.0,"Sion, Mumbai"
2020-02-21,118.0,141.0,32.0,33.0,7.0,10.0,"Sion, Mumbai"
2020-02-22,156.0,184.0,35.0,37.0,5.0,11.0,"Sion, Mumbai"
2020-02-23,158.0,177.0,37.0,31.0,7.0,13.0,"Sion, Mumbai"
2020-02-24,160.0,164.0,17.0,29.0,5.0,10.0,"Sion, Mumbai"
2020-02-25,140.0,148.0,28.0,33.0,6.0,4.0,"Sion, Mumbai"
2020-02-26,121.0,154.0,39.0,35.0,5.0,8.0,"Sion, Mumbai"
2020-02-27,153.0,104.0,35.0,32.0,12.0,17.0,"Sion, Mumbai"
2020-02-28,193.0,235.0,25.0,25.0,8.0,14.0,"Sion, Mumbai"
2020-02-29,173.0,100.0,18.0,22.0,1.0,5.0,"Sion, Mumbai"
2020-03-01,137.0,148.0,17.0,16.0,4.0,11.0,"Sion, Mumbai"
2020-03-02,160.0,102.0,12.0,24.0,3.3333333333333335,3.0,"Sion, Mumbai"
2020-03-03,143.0,99.0,19.0,16.0,2.666666666666667,3.0,"Sion, Mumbai"
2020-03-04,128.0,92.0,19.0,15.0,2.0,2.0,"Sion, Mumbai"
2020-03-05,116.0,86.0,11.0,12.0,1.5,1.0,"Sion, Mumbai"
2020-03-06,94.0,107.0,18.0,16.0,1.0,2.0,"Sion, Mumbai"
2020-03-07,110.0,113.0,22.0,18.0,2.0,4.0,"Sion, Mumbai"
2020-03-08,109.0,120.0,23.0,20.0,3.0,7.0,"Sion, Mumbai"
2020-03-09,113.0,100.0,14.0,9.0,2.0,6.0,"Sion, Mumbai"
2020-03-10,102.0,67.0,14.0,14.0,1.0,1.0,"Sion, Mumbai"
2020-03-11,68.0,76.0,15.0,14.0,2.0,2.0,"Sion, Mumbai"
2020-03-12,71.0,93.0,24.0,22.0,2.0,2.0,"Sion, Mumbai"
2020-03-13,90.0,112.0,27.0,26.0,3.0,4.0,"Sion, Mumbai"
2020-03-14,102.0,160.0,34.0,20.0,6.0,11.0,"Sion, Mumbai"
2020-03-15,133.0,212.0,36.0,31.0,10.0,14.0,"Sion, Mumbai"
2020-03-16,155.0,91.0,36.0,29.0,15.0,22.0,"Sion, Mumbai"
2020-03-17,162.0,168.0,27.0,21.0,10.0,13.0,"Sion, Mumbai"
2020-03-18,132.0,96.0,16.0,18.0,5.0,6.0,"Sion, Mumbai"
2020-03-19,96.0,79.0,11.0,10.0,4.0,4.0,"Sion, Mumbai"
2020-03-20,80.0,72.0,16.0,9.0,2.0,3.0,"Sion, Mumbai"
2020-03-21,71.0,56.0,15.0,4.0,1.0,1.0,"Sion, Mumbai"
2020-03-22,61.0,64.0,19.0,6.0,2.0,1.0,"Sion, Mumbai"
2020-03-23,70.0,84.0,26.0,7.0,2.0,3.0,"Sion, Mumbai"
2020-03-24,93.0,70.0,19.0,6.0,1.0,1.0,"Sion, Mumbai"
2020-03-25,80.0,60.0,19.0,6.0,1.0,1.0,"Sion, Mumbai"
2020-03-26,71.0,66.0,24.0,4.0,1.0,1.0,"Sion, Mumbai"
2020-03-27,73.0,69.0,30.0,8.0,1.0,3.0,"Sion, Mumbai"
2020-03-28,82.0,67.0,33.0,5.0,1.0,1.0,"Sion, Mumbai"
2020-03-29,78.0,63.0,23.0,7.0,1.0,2.0,"Sion, Mumbai"
2020-03-30,74.0,65.0,19.0,6.0,1.0,2.0,"Sion, Mumbai"
2020-03-31,75.0,62.0,23.0,5.0,1.0,2.0,"Sion, Mumbai"
2020-04-01,71.0,71.0,29.0,5.0,1.0,1.0,"Sion, Mumbai"
2020-04-02,79.0,71.0,18.0,4.0,1.0,1.0,"Sion, Mumbai"
2020-04-03,80.0,68.0,18.0,4.0,1.0,2.0,"Sion, Mumbai"
2020-04-04,81.0,66.0,24.0,5.0,1.0,2.0,"Sion, Mumbai"
2020-04-05,94.0,57.0,16.0,3.0,1.0,2.0,"Sion, Mumbai"
2020-04-06,72.0,74.0,16.0,4.0,1.0,2.0,"Sion, Mumbai"
2020-04-07,95.0,83.0,14.0,4.0,1.0,1.0,"Sion, Mumbai"
2020-04-08,103.0,82.0,13.0,3.0,1.0,2.0,"Sion, Mumbai"
2020-04-09,106.0,70.0,18.0,3.0,1.0,1.5,"Sion, Mumbai"
2020-04-10,97.0,72.0,23.0,4.0,1.0,1.0,"Sion, Mumbai"
2020-04-11,108.0,65.0,20.0,5.0,2.0,1.0,"Sion, Mumbai"
2020-04-12,99.0,64.0,21.0,6.0,2.0,1.0,"Sion, Mumbai"
2020-04-13,94.0,63.0,26.0,5.0,2.0,1.0,"Sion, Mumbai"
2020-04-14,93.0,65.0,26.0,5.0,3.0,3.0,"Sion, Mumbai"
2020-04-15,101.0,54.0,16.0,5.0,2.0,1.0,"Sion, Mumbai"
2020-04-16,79.0,54.0,16.0,3.0,2.0,1.0,"Sion, Mumbai"
2020-04-17,76.0,54.0,20.0,4.0,2.0,1.0,"Sion, Mumbai"
2020-04-18,74.0,58.0,21.0,5.0,2.0,1.0,"Sion, Mumbai"
2020-04-19,79.0,69.0,21.0,6.0,4.0,1.0,"Sion, Mumbai"
2020-04-20,91.0,62.0,17.0,5.0,3.0,2.0,"Sion, Mumbai"
2020-04-21,81.0,57.0,14.0,3.0,2.0,1.0,"Sion, Mumbai"
2020-04-22,69.0,59.0,14.0,4.0,3.0,1.0,"Sion, Mumbai"
2020-04-23,73.0,51.0,12.0,3.0,3.0,1.0,"Sion, Mumbai"
2020-04-24,63.0,50.0,17.0,3.0,3.0,1.5,"Sion, Mumbai"
2020-04-25,58.0,62.0,17.0,4.0,3.0,2.0,"Sion, Mumbai"
2020-04-26,72.0,51.0,2.0,2.0,2.0,1.0,"Sion, Mumbai"
2020-04-27,65.0,54.0,1.8571428571428572,3.0,2.0,1.5,"Sion, Mumbai"
2020-04-28,58.0,61.0,1.7142857142857144,2.0,3.0,2.0,"Sion, Mumbai"
2020-04-29,70.0,56.0,1.5714285714285714,2.0,3.0,1.8571428571428572,"Sion, Mumbai"
2020-04-30,65.0,48.0,13.0,2.0,3.0,1.7142857142857144,"Sion, Mumbai"
2020-05-01,52.0,45.0,12.0,2.0,3.0,1.5714285714285714,"Sion, Mumbai"
2020-05-02,51.0,59.0,12.0,2.0,2.0,2.0,"Sion, Mumbai"
2020-05-03,48.0,73.0,1.0,2.0,2.0,2.0,"Sion, Mumbai"
2020-05-04,82.0,42.0,1.0,2.0,3.0,2.0,"Sion, Mumbai"
2020-05-05,45.0,52.0,1.0,2.0,5.0,1.0,"Sion, Mumbai"
2020-05-06,54.0,51.0,1.0,2.0,6.0,1.0,"Sion, Mumbai"
2020-05-07,63.0,59.0,1.0,3.0,5.0,1.0,"Sion, Mumbai"
2020-05-08,64.0,55.0,1.0,4.0,6.0,1.0,"Sion, Mumbai"
2020-05-09,51.0,49.0,1.0,5.0,6.0,1.0,"Sion, Mumbai"
2020-05-10,49.0,59.0,1.0,6.0,6.0,1.0,"Sion, Mumbai"
2020-05-11,59.0,55.0,1.0,6.0,6.0,1.0,"Sion, Mumbai"
2020-05-12,53.0,55.0,1.0,6.0,7.0,1.0,"Sion, Mumbai"
2020-05-13,45.0,112.0,1.0,5.0,12.0,1.0,"Sion, Mumbai"
2020-05-14,84.0,65.0,1.0,5.0,24.0,2.0,"Sion, Mumbai"
2020-05-15,60.0,82.0,1.0,6.0,7.0,1.0,"Sion, Mumbai"
2020-05-16,84.0,182.0,1.0,6.0,13.0,1.0,"Sion, Mumbai"
2020-05-17,173.0,149.0,1.0,6.0,11.833333333333334,1.0,"Sion, Mumbai"
2020-05-18,148.0,116.0,1.0,6.0,10.666666666666666,1.0,"Sion, Mumbai"
2020-05-19,123.0,77.0,12.0,9.0,9.5,1.0,"Sion, Mumbai"
2020-05-20,90.0,41.0,16.0,13.0,3.0,1.0,"Sion, Mumbai"
2020-05-21,56.0,37.0,16.0,14.0,3.0,1.0,"Sion, Mumbai"
2020-05-22,48.0,44.0,14.0,15.0,6.0,2.0,"Sion, Mumbai"
2020-05-23,54.0,38.0,12.0,13.0,7.0,2.0,"Sion, Mumbai"
2020-05-24,45.0,46.0,13.0,8.0,7.0,2.0,"Sion, Mumbai"
2020-05-25,50.0,49.0,13.0,6.0,7.0,2.0,"Sion, Mumbai"
2020-05-26,49.0,43.0,13.0,6.0,7.0,2.0,"Sion, Mumbai"
2020-05-27,43.0,39.0,13.0,6.0,7.0,2.0,"Sion, Mumbai"
2020-05-28,41.0,24.0,11.0,6.0,7.0,2.0,"Sion, Mumbai"
2020-05-29,28.0,29.0,8.0,6.0,7.0,2.0,"Sion, Mumbai"
2020-05-30,29.0,34.0,10.0,6.0,7.0,2.0,"Sion, Mumbai"
2020-05-31,35.0,42.0,19.0,13.0,7.0,1.0,"Sion, Mumbai"
2020-06-01,47.0,49.0,15.0,16.0,7.0,2.0,"Sion, Mumbai"
2020-06-02,62.0,16.0,19.0,10.0,7.0,1.5,"Sion, Mumbai"
2020-06-03,21.0,35.0,13.0,15.0,7.0,1.0,"Sion, Mumbai"
2020-06-04,35.0,29.0,27.0,16.0,7.0,1.0,"Sion, Mumbai"
2020-06-05,33.0,26.0,11.0,9.0,15.0,1.0,"Sion, Mumbai"
2020-06-06,25.0,38.0,14.0,10.0,2.0,1.0,"Sion, Mumbai"
2020-06-07,35.0,20.0,18.0,13.0,2.0,3.0,"Sion, Mumbai"
2020-06-08,227.0,23.0,12.0,9.0,2.0,3.0,"Sion, Mumbai"
2020-06-09,217.23529411764707,32.0,9.0,8.0,2.0,3.0,"Sion, Mumbai"
2020-06-10,207.47058823529412,22.0,10.0,8.0,2.0,3.0,"Sion, Mumbai"
2020-06-11,197.70588235294116,30.0,10.0,11.0,2.0,3.0,"Sion, Mumbai"
2020-06-12,61.0,24.0,9.0,11.0,2.0,3.0,"Sion, Mumbai"
2020-06-13,61.0,24.0,9.0,10.0,2.0,3.0,"Sion, Mumbai"
2020-06-14,61.0,18.0,9.0,11.0,2.0,3.0,"Sion, Mumbai"
2020-06-15,61.0,15.0,13.0,13.0,2.0,3.0,"Sion, Mumbai"
2020-06-16,61.0,19.0,8.0,12.0,2.0,3.0,"Sion, Mumbai"
2020-06-17,61.0,32.0,5.0,16.0,2.0,1.0,"Sion, Mumbai"
2020-06-18,61.0,44.0,5.0,11.0,2.0,1.1428571428571428,"Sion, Mumbai"
2020-06-19,61.0,42.0,5.0,7.0,2.0,1.2857142857142856,"Sion, Mumbai"
2020-06-20,61.0,37.0,6.0,8.0,2.0,1.4285714285714286,"Sion, Mumbai"
2020-06-21,61.0,45.0,5.0,8.0,2.0,3.0,"Sion, Mumbai"
2020-06-22,61.0,32.0,6.0,7.0,2.0,3.0,"Sion, Mumbai"
2020-06-23,61.0,30.0,8.0,10.0,2.0,3.0,"Sion, Mumbai"
2020-06-24,61.0,38.0,6.0,7.0,3.0,2.0,"Sion, Mumbai"
2020-06-25,61.0,45.0,4.0,5.0,13.0,2.0,"Sion, Mumbai"
2020-06-26,61.0,206.0,3.857142857142857,4.0,22.0,1.0,"Sion, Mumbai"
2020-06-27,75.0,38.0,3.7142857142857144,2.0,22.0,1.0,"Sion, Mumbai"
2020-06-28,46.0,17.0,3.5714285714285716,2.0,22.0,1.0,"Sion, Mumbai"
2020-06-29,23.0,10.0,6.0,3.0,22.0,1.0,"Sion, Mumbai"
2020-06-30,15.0,18.0,6.0,3.0,22.0,3.0,"Sion, Mumbai"
2020-07-01,25.0,22.0,5.0,4.0,22.0,1.0,"Sion, Mumbai"
2020-07-02,26.0,47.0,3.0,4.0,26.0,1.0,"Sion, Mumbai"
2020-07-03,63.0,16.0,6.0,7.0,26.0,1.0,"Sion, Mumbai"
2020-07-04,30.0,20.333333333333332,6.666666666666667,7.0,25.0,1.0,"Sion, Mumbai"
2020-07-06,43.333333333333336,29.0,8.0,7.0,23.0,1.0,"Sion, Mumbai"
2020-07-07,50.0,36.0,6.0,4.0,23.0,1.0,"Sion, Mumbai"
2020-07-08,48.0,37.0,4.0,5.0,23.0,1.0,"Sion, Mumbai"
2020-07-09,54.0,42.0,4.0,3.0,23.0,1.0,"Sion, Mumbai"
2020-07-10,50.0,37.0,5.0,4.0,23.0,1.0,"Sion, Mumbai"
2020-07-11,50.0,19.0,4.0,7.0,23.0,1.0,"Sion, Mumbai"
2020-07-12,47.0,23.0,4.0,8.0,23.0,1.0,"Sion, Mumbai"
2020-07-13,49.0,23.0,3.0,8.0,23.0,1.0,"Sion, Mumbai"
2020-07-14,46.0,10.0,3.0,9.0,24.0,1.0,"Sion, Mumbai"
2020-07-15,33.0,13.0,5.0,7.0,24.0,1.0,"Sion, Mumbai"
2020-07-16,35.0,23.0,5.0,12.0,24.0,1.0,"Sion, Mumbai"
2020-07-17,53.0,33.0,5.0,8.0,23.0,1.0,"Sion, Mumbai"
2020-07-18,56.0,36.0,5.0,5.0,23.0,1.0,"Sion, Mumbai"
2020-07-19,56.0,43.0,6.0,4.0,23.0,1.0,"Sion, Mumbai"
2020-07-20,63.0,38.0,6.0,5.0,23.0,1.0,"Sion, Mumbai"
2020-07-21,59.0,32.0,6.0,6.0,23.0,1.0,"Sion, Mumbai"
2020-07-22,47.0,31.0,7.0,7.0,23.0,1.0,"Sion, Mumbai"
2020-07-23,50.0,40.0,2.0,7.0,24.0,2.0,"Sion, Mumbai"
2020-07-24,60.0,31.0,1.8888888888888888,5.0,24.0,1.0,"Sion, Mumbai"
2020-07-25,49.0,21.0,1.7777777777777777,4.0,24.0,1.0,"Sion, Mumbai"
2020-07-26,39.0,190.0,1.6666666666666667,4.0,24.0,1.0,"Sion, Mumbai"
2020-07-27,34.0,165.85714285714286,5.0,5.0,25.0,2.0,"Sion, Mumbai"
2020-07-28,60.0,141.71428571428572,5.0,4.0,25.0,3.0,"Sion, Mumbai"
2020-07-29,74.0,117.57142857142857,5.0,4.0,24.0,2.0,"Sion, Mumbai"
2020-07-30,45.0,39.0,5.0,4.0,24.0,2.0,"Sion, Mumbai"
2020-07-31,49.0,39.0,5.0,4.0,24.0,1.95,"Sion, Mumbai"
2020-08-01,41.0,39.0,1.0,5.0,23.0,1.9,"Sion, Mumbai"
2020-08-02,42.0,21.0,1.0,4.0,23.0,1.85,"Sion, Mumbai"
2020-08-03,27.0,16.0,1.0,3.0,23.0,3.0,"Sion, Mumbai"
2020-08-04,28.0,21.0,2.0,4.0,23.0,3.0,"Sion, Mumbai"
2020-08-05,46.0,19.0,2.0,5.0,23.0,3.0,"Sion, Mumbai"
2020-08-06,35.0,32.0,1.0,4.0,23.0,3.0,"Sion, Mumbai"
2020-08-07,45.0,42.0,1.0,3.0,23.0,3.0,"Sion, Mumbai"
2020-08-08,57.0,81.0,1.0,3.0,23.0,3.0,"Sion, Mumbai"
2020-08-09,65.0,42.0,1.0,4.0,23.0,3.0,"Sion, Mumbai"
2020-08-10,61.0,43.0,1.0,4.0,23.0,3.0,"Sion, Mumbai"
2020-08-11,58.0,31.0,1.0,4.0,23.0,3.0,"Sion, Mumbai"
2020-08-12,46.0,32.0,1.0,3.0,23.0,3.0,"Sion, Mumbai"
2020-08-13,52.0,29.0,1.0,4.0,23.0,3.0,"Sion, Mumbai"
2020-08-14,52.0,37.0,1.0,3.0,23.0,3.0,"Sion, Mumbai"
2020-08-15,60.0,44.0,1.0,3.0,23.0,3.0,"Sion, Mumbai"
2020-08-16,61.0,35.0,1.2941176470588236,4.0,23.0,3.0,"Sion, Mumbai"
2020-08-17,53.0,28.0,1.5882352941176472,3.0,23.0,3.0,"Sion, Mumbai"
2020-08-18,48.0,27.0,1.8823529411764706,3.0,23.0,3.0,"Sion, Mumbai"
2020-08-19,43.0,27.0,6.0,3.0,23.0,1.0,"Sion, Mumbai"
2020-08-20,46.0,21.0,6.0,3.0,23.0,1.25,"Sion, Mumbai"
2020-08-21,35.0,25.0,6.0,2.0,23.0,1.5,"Sion, Mumbai"
2020-08-22,41.0,30.5,6.0,2.0,23.0,1.75,"Sion, Mumbai"
2020-08-23,43.0,36.0,6.0,3.0,23.0,2.0,"Sion, Mumbai"
2020-08-24,47.0,31.0,6.0,3.0,23.0,1.75,"Sion, Mumbai"
2020-08-25,49.0,28.0,6.0,3.0,23.0,1.5,"Sion, Mumbai"
2020-08-26,45.0,26.0,6.0,3.0,23.0,1.25,"Sion, Mumbai"
2020-08-27,37.0,18.0,6.0,3.0,23.0,1.0,"Sion, Mumbai"
2020-08-28,38.0,18.0,6.0,4.0,24.0,1.0,"Sion, Mumbai"
2020-08-29,43.0,18.0,6.0,3.0,24.0,1.6666666666666665,"Sion, Mumbai"
2020-08-30,43.0,24.0,6.0,4.0,23.0,2.333333333333333,"Sion, Mumbai"
2020-08-31,41.0,29.0,6.0,3.0,24.0,3.0,"Sion, Mumbai"
2020-09-01,57.0,55.0,6.0,7.0,13.5,4.0,"Sion, Mumbai"
2020-09-02,116.0,133.0,7.0,9.0,3.0,3.0,"Sion, Mumbai"
2020-09-03,83.0,71.0,24.0,14.0,3.0,4.0,"Sion, Mumbai"
2020-09-04,96.0,68.0,28.0,25.0,3.0,3.0,"Sion, Mumbai"
2020-09-05,107.0,77.0,19.0,13.0,3.0,3.0,"Sion, Mumbai"
2020-09-06,132.0,47.0,15.0,12.0,3.0,2.0,"Sion, Mumbai"
2020-09-07,56.0,52.0,7.0,12.0,2.0,2.0,"Sion, Mumbai"
2020-09-08,69.0,63.0,12.0,11.0,3.0,3.0,"Sion, Mumbai"
2020-09-09,87.0,45.0,16.0,13.0,2.0,2.0,"Sion, Mumbai"
2020-09-10,68.0,61.0,10.0,16.0,3.0,3.0,"Sion, Mumbai"
2020-09-11,84.0,54.0,6.0,15.0,3.0,2.0,"Sion, Mumbai"
2020-09-12,56.0,47.5,4.5,7.0,2.5,2.5,"Sion, Mumbai"
2020-09-13,49.0,41.0,3.0,10.0,2.0,3.0,"Sion, Mumbai"
2020-09-14,59.0,42.0,8.0,8.0,4.0,1.0,"Sion, Mumbai"
2020-09-15,64.0,42.166666666666664,8.333333333333334,10.833333333333334,4.0,1.5,"Sion, Mumbai"
2020-09-20,77.33333333333333,43.0,10.0,25.0,4.0,4.0,"Sion, Mumbai"
2020-09-21,80.0,48.0,15.0,15.0,4.0,3.0,"Sion, Mumbai"
2020-09-22,94.0,15.0,14.0,6.0,3.0,2.5,"Sion, Mumbai"
2020-09-23,38.0,30.0,13.0,13.0,3.0,2.0,"Sion, Mumbai"
2020-09-24,59.0,44.0,7.0,9.0,3.0,2.0,"Sion, Mumbai"
2020-09-25,66.0,57.0,9.0,6.0,2.0,1.0,"Sion, Mumbai"
2020-09-26,57.0,66.0,8.0,6.0,3.0,4.0,"Sion, Mumbai"
2020-09-27,73.0,76.0,8.0,6.0,4.0,5.0,"Sion, Mumbai"
2020-09-28,93.0,86.0,12.0,9.0,4.0,4.0,"Sion, Mumbai"
2020-09-29,106.0,80.0,12.0,9.0,4.0,4.0,"Sion, Mumbai"
2020-09-30,95.0,71.0,11.0,9.0,3.0,2.0,"Sion, Mumbai"
2020-10-01,87.0,75.0,16.0,10.0,3.0,3.0,"Sion, Mumbai"
2020-10-02,110.0,72.0,19.0,13.0,3.0,3.0,"Sion, Mumbai"
2020-10-03,120.0,49.0,18.0,17.0,2.0,3.0,"Sion, Mumbai"
2020-10-04,94.0,61.0,9.0,10.0,3.0,6.0,"Sion, Mumbai"
2020-10-05,87.0,81.0,17.0,11.0,4.0,7.0,"Sion, Mumbai"
2020-10-06,118.0,85.0,23.0,15.0,4.0,6.0,"Sion, Mumbai"
2020-10-07,129.0,87.0,20.0,16.0,3.0,5.0,"Sion, Mumbai"
2020-10-08,135.0,101.0,26.0,19.0,5.0,9.0,"Sion, Mumbai"
2020-10-09,154.0,101.0,30.0,19.0,4.0,5.0,"Sion, Mumbai"
2020-10-10,158.0,72.0,22.0,15.0,3.0,3.0,"Sion, Mumbai"
2020-10-11,120.0,113.0,20.0,14.0,4.0,5.0,"Sion, Mumbai"
2020-10-12,166.0,88.0,27.0,14.0,3.0,5.0,"Sion, Mumbai"
2020-10-13,139.0,84.0,25.0,20.0,4.0,6.0,"Sion, Mumbai"
2020-10-14,148.0,41.0,25.0,16.0,4.0,4.0,"Sion, Mumbai"
2020-10-15,83.0,57.0,15.0,18.0,4.0,4.0,"Sion, Mumbai"
2020-10-16,83.0,86.0,17.0,12.0,3.0,4.0,"Sion, Mumbai"
2020-10-17,141.0,66.0,18.0,8.0,3.0,2.0,"Sion, Mumbai"
2020-10-18,85.0,68.0,16.0,9.0,2.0,3.0,"Sion, Mumbai"
2020-10-19,89.0,74.0,18.0,13.0,4.0,4.0,"Sion, Mumbai"
2020-10-20,115.0,66.0,19.0,17.0,5.0,5.0,"Sion, Mumbai"
2020-10-21,126.0,115.0,24.0,17.0,9.0,5.0,"Sion, Mumbai"
2020-10-22,168.0,77.0,32.0,16.0,8.0,6.0,"Sion, Mumbai"
2020-10-23,148.0,85.0,26.0,12.0,14.0,5.0,"Sion, Mumbai"
2020-10-24,142.0,69.0,46.0,12.0,1.0,3.0,"Sion, Mumbai"
2020-10-25,126.0,84.0,28.0,23.0,2.0,7.0,"Sion, Mumbai"
2020-10-26,146.0,97.0,32.0,32.0,4.0,7.0,"Sion, Mumbai"
2020-10-27,140.0,153.0,60.0,31.0,5.0,8.0,"Sion, Mumbai"
2020-10-28,179.0,112.0,51.0,31.0,3.0,7.0,"Sion, Mumbai"
2020-10-29,160.0,106.0,42.0,29.0,3.0,8.0,"Sion, Mumbai"
2020-10-30,152.0,111.0,37.0,33.0,4.0,9.0,"Sion, Mumbai"
2020-10-31,143.0,111.0,36.0,32.0,4.0,8.0,"Sion, Mumbai"
2020-11-01,143.0,123.0,41.0,32.0,4.0,10.0,"Sion, Mumbai"
2020-11-02,161.0,177.0,48.0,35.0,4.0,10.0,"Sion, Mumbai"
2020-11-03,187.0,158.0,45.0,39.0,5.0,11.0,"Sion, Mumbai"
2020-11-04,163.0,132.0,36.0,37.0,4.0,10.0,"Sion, Mumbai"
2020-11-05,161.0,98.0,28.0,30.0,5.0,6.0,"Sion, Mumbai"
2020-11-06,134.0,118.0,6.0,20.0,1.0,7.0,"Sion, Mumbai"
2020-11-07,149.0,123.0,12.0,7.0,2.0,8.0,"Sion, Mumbai"
2020-11-08,142.0,121.0,25.0,24.0,4.0,11.0,"Sion, Mumbai"
2020-11-09,145.0,126.0,14.0,21.0,3.0,7.0,"Sion, Mumbai"
2020-11-10,149.0,162.0,19.0,12.0,3.0,8.0,"Sion, Mumbai"
2020-11-11,178.0,150.0,37.0,19.0,3.0,9.0,"Sion, Mumbai"
2020-11-12,168.0,145.0,32.0,20.0,3.0,9.0,"Sion, Mumbai"
2020-11-13,210.0,128.0,35.0,13.0,2.0,7.0,"Sion, Mumbai"
2020-11-14,165.0,126.0,35.0,14.0,3.0,9.0,"Sion, Mumbai"
2020-11-15,175.0,122.0,42.0,16.0,3.0,7.0,"Sion, Mumbai"
2020-11-16,172.0,156.0,34.0,18.0,3.0,7.0,"Sion, Mumbai"
2020-11-17,172.0,113.0,50.0,20.0,4.0,7.0,"Sion, Mumbai"
2020-11-18,175.0,147.0,41.0,25.0,3.0,8.0,"Sion, Mumbai"
2020-11-19,179.0,133.0,42.0,24.0,3.0,8.0,"Sion, Mumbai"
2020-11-20,177.0,144.0,39.0,19.0,3.0,10.0,"Sion, Mumbai"
2020-11-21,280.0,118.0,61.0,19.0,4.0,9.0,"Sion, Mumbai"
2020-11-22,143.0,110.0,16.0,19.0,3.0,10.0,"Sion, Mumbai"
2020-11-23,121.0,143.0,42.0,29.0,4.0,11.0,"Sion, Mumbai"
2020-11-24,171.0,160.0,33.0,29.0,6.0,13.0,"Sion, Mumbai"
2020-11-25,167.0,205.0,34.0,24.0,12.0,13.0,"Sion, Mumbai"
2020-11-26,213.0,114.0,17.0,20.0,4.0,5.0,"Sion, Mumbai"
2020-11-27,140.0,112.0,16.0,39.0,2.0,7.0,"Sion, Mumbai"
2020-11-28,125.0,86.0,28.0,24.0,3.0,5.0,"Sion, Mumbai"
2020-11-29,89.0,113.0,43.0,26.0,2.0,10.0,"Sion, Mumbai"
2020-11-30,129.0,113.0,57.0,17.0,4.0,8.0,"Sion, Mumbai"
2020-12-01,132.0,124.0,49.0,20.0,3.0,10.0,"Sion, Mumbai"
2020-12-02,143.0,137.0,58.0,22.0,3.0,9.0,"Sion, Mumbai"
2020-12-03,135.0,143.0,43.0,40.0,3.0,10.0,"Sion, Mumbai"
2020-12-04,137.0,183.0,49.0,46.0,4.0,13.0,"Sion, Mumbai"
2020-12-05,147.0,112.0,40.0,38.0,2.0,7.0,"Sion, Mumbai"
2020-12-06,114.0,146.0,19.0,33.0,1.0,9.0,"Sion, Mumbai"
2020-12-07,139.0,177.0,8.0,18.0,2.0,11.0,"Sion, Mumbai"
2020-12-08,139.0,148.0,27.0,37.0,2.0,12.0,"Sion, Mumbai"
2020-12-09,130.0,116.0,35.0,36.0,1.0,7.0,"Sion, Mumbai"
2020-12-10,136.0,111.0,18.0,30.0,1.0,8.0,"Sion, Mumbai"
2020-12-11,127.0,100.0,10.0,26.0,3.0,8.0,"Sion, Mumbai"
2020-12-12,125.0,89.0,12.0,26.0,2.0,6.0,"Sion, Mumbai"
2020-12-13,91.0,71.0,7.0,26.0,2.0,6.0,"Sion, Mumbai"
2020-12-14,82.0,110.0,29.0,36.0,3.0,7.0,"Sion, Mumbai"
2020-12-15,127.0,177.0,23.0,37.0,5.0,11.0,"Sion, Mumbai"
2020-12-16,202.0,139.0,33.0,35.0,3.0,11.0,"Sion, Mumbai"
2020-12-17,187.0,131.0,28.0,39.0,3.0,9.0,"Sion, Mumbai"
2020-12-18,160.0,123.0,23.0,38.0,3.0,7.0,"Sion, Mumbai"
2020-12-19,173.0,113.0,31.0,31.0,3.0,6.0,"Sion, Mumbai"
2020-12-20,163.0,119.0,22.0,45.0,2.0,7.0,"Sion, Mumbai"
2020-12-21,136.0,145.0,29.0,58.0,4.0,10.0,"Sion, Mumbai"
2020-12-22,184.0,187.0,41.0,49.0,4.0,14.0,"Sion, Mumbai"
2020-12-23,207.0,164.0,30.0,38.0,3.0,12.0,"Sion, Mumbai"
2020-12-24,198.0,205.0,42.0,37.0,4.0,14.0,"Sion, Mumbai"
2020-12-25,179.0,162.0,37.0,30.0,3.0,11.0,"Sion, Mumbai"
2020-12-26,190.0,149.0,46.0,29.0,2.0,9.0,"Sion, Mumbai"
2020-12-27,176.0,132.0,28.0,27.0,1.0,6.0,"Sion, Mumbai"
2020-12-28,169.0,169.0,27.0,36.0,2.0,11.0,"Sion, Mumbai"
2020-12-29,196.0,197.0,25.0,34.0,4.0,13.0,"Sion, Mumbai"
2020-12-30,208.0,156.0,35.0,42.0,3.0,10.0,"Sion, Mumbai"
2020-12-31,197.0,172.0,37.0,57.0,4.0,11.0,"Sion, Mumbai"
2021-01-01,165.0,152.0,35.0,46.0,4.0,8.0,"Sion, Mumbai"
2021-01-02,193.0,154.0,41.0,47.0,5.0,8.0,"Sion, Mumbai"
2021-01-03,172.0,149.0,37.0,43.0,3.0,8.0,"Sion, Mumbai"
2021-01-04,335.0,173.0,38.0,34.0,2.0,8.0,"Sion, Mumbai"
2021-01-05,203.0,165.0,32.0,35.0,2.0,9.0,"Sion, Mumbai"
2021-01-06,179.0,174.0,38.0,43.0,2.0,11.0,"Sion, Mumbai"
2021-01-07,201.0,233.0,17.0,32.0,3.0,11.0,"Sion, Mumbai"
2021-01-08,207.0,143.0,28.0,28.0,5.0,10.0,"Sion, Mumbai"
2021-01-09,191.0,131.0,38.0,24.0,4.0,9.0,"Sion, Mumbai"
2021-01-10,164.0,141.0,42.0,28.0,4.0,10.0,"Sion, Mumbai"
2021-01-11,186.0,185.0,36.0,18.0,6.0,10.0,"Sion, Mumbai"
2021-01-12,223.0,124.0,26.0,34.0,2.0,8.0,"Sion, Mumbai"
2021-01-13,189.0,122.0,29.0,41.0,9.0,7.0,"Sion, Mumbai"
2021-01-14,188.0,100.0,33.0,35.0,3.0,8.0,"Sion, Mumbai"
2021-01-15,174.0,182.0,36.0,50.0,1.0,9.0,"Sion, Mumbai"
2021-01-16,206.0,146.0,37.0,42.0,1.0,11.0,"Sion, Mumbai"
2021-01-17,148.0,88.0,21.0,38.0,1.0,6.0,"Sion, Mumbai"
2021-01-18,144.0,158.0,48.0,55.0,5.0,13.0,"Sion, Mumbai"
2021-01-19,194.0,161.0,31.0,62.0,3.0,12.0,"Sion, Mumbai"
2021-01-20,191.0,130.0,44.0,48.0,4.0,7.0,"Sion, Mumbai"
2021-01-21,182.0,168.0,43.0,65.0,2.0,11.0,"Sion, Mumbai"
2021-01-22,198.0,177.0,49.0,69.0,6.0,13.0,"Sion, Mumbai"
2021-01-23,170.0,140.0,29.0,53.0,2.0,9.0,"Sion, Mumbai"
2021-01-24,144.0,170.0,32.0,56.0,2.0,9.0,"Sion, Mumbai"
2021-01-25,157.0,156.0,43.0,53.0,2.0,10.0,"Sion, Mumbai"
2021-01-26,149.0,154.0,34.0,64.0,2.0,13.0,"Sion, Mumbai"
2021-01-27,148.0,170.0,38.0,66.0,3.0,14.0,"Sion, Mumbai"
2021-01-28,191.0,174.0,37.0,66.0,4.0,16.0,"Sion, Mumbai"
2021-01-29,197.0,165.0,34.0,57.0,5.0,14.0,"Sion, Mumbai"
2021-01-30,155.0,186.0,35.0,50.0,8.0,17.0,"Sion, Mumbai"
2021-01-31,144.0,132.0,31.0,44.0,4.0,10.0,"Sion, Mumbai"
2021-02-01,177.0,130.0,22.0,18.0,1.0,10.0,"Sion, Mumbai"
2021-02-02,139.0,168.0,24.0,21.0,1.0,15.0,"Sion, Mumbai"
2021-02-03,178.0,161.0,29.0,23.0,2.0,14.0,"Sion, Mumbai"
2021-02-04,160.0,119.0,32.0,35.0,3.0,7.0,"Sion, Mumbai"
2021-02-05,158.0,122.0,29.0,57.0,6.0,8.0,"Sion, Mumbai"
2021-02-06,141.0,107.0,32.0,46.0,5.0,6.0,"Sion, Mumbai"
2021-02-07,109.0,111.0,34.0,47.0,6.0,7.0,"Sion, Mumbai"
2021-02-08,149.0,129.0,35.0,64.0,15.0,12.0,"Sion, Mumbai"
2021-02-09,136.0,218.0,37.0,38.0,5.0,9.0,"Sion, Mumbai"
2021-02-10,259.0,105.5,33.0,30.0,2.0,20.0,"Sion, Mumbai"
2021-02-11,207.0,224.0,38.0,23.0,3.0,17.0,"Sion, Mumbai"
2021-02-12,196.0,135.0,27.0,12.0,4.0,10.0,"Sion, Mumbai"
2021-02-13,176.0,112.0,31.0,22.0,3.0,7.0,"Sion, Mumbai"
2021-02-14,117.0,88.0,26.0,26.0,3.0,5.0,"Sion, Mumbai"
2021-02-15,133.0,78.0,21.0,25.0,2.5,3.0,"Sion, Mumbai"
2021-02-16,81.0,98.0,26.0,38.0,2.0,5.0,"Sion, Mumbai"
2021-02-17,92.0,178.0,48.0,36.0,5.0,11.0,"Sion, Mumbai"
2021-02-18,158.0,96.0,36.0,41.0,2.0,6.0,"Sion, Mumbai"
2021-02-19,136.0,111.0,23.0,35.0,2.0,8.0,"Sion, Mumbai"
2021-02-20,135.0,103.0,31.0,42.0,2.0,5.0,"Sion, Mumbai"
2021-02-21,111.0,106.0,37.0,51.0,4.0,7.0,"Sion, Mumbai"
2021-02-22,112.0,155.0,58.0,60.0,8.0,13.0,"Sion, Mumbai"
2021-02-23,154.0,191.0,49.0,54.0,3.0,14.0,"Sion, Mumbai"
2021-02-24,180.0,154.0,32.0,38.0,8.0,12.0,"Sion, Mumbai"
2021-02-25,165.0,113.0,26.0,40.0,4.0,5.0,"Sion, Mumbai"
2021-02-26,157.0,95.0,25.0,46.0,3.0,5.0,"Sion, Mumbai"
2021-02-27,147.0,107.0,43.0,42.0,6.0,6.0,"Sion, Mumbai"
2021-02-28,113.0,133.0,39.0,52.0,7.0,11.0,"Sion, Mumbai"
2021-03-01,142.0,143.0,36.0,41.0,7.0,12.0,"Sion, Mumbai"
2021-03-02,180.0,149.0,58.0,57.0,11.0,9.0,"Sion, Mumbai"
2021-03-03,195.0,152.0,40.0,66.0,7.0,10.0,"Sion, Mumbai"
2021-03-04,183.0,155.0,42.0,56.0,5.0,12.0,"Sion, Mumbai"
2021-03-05,181.0,102.0,26.0,32.0,3.0,5.0,"Sion, Mumbai"
2021-03-06,153.0,124.0,17.0,27.0,4.0,11.0,"Sion, Mumbai"
2021-03-07,114.0,125.0,16.0,37.0,6.0,11.0,"Sion, Mumbai"
2021-03-08,141.0,119.0,33.0,46.0,7.0,7.0,"Sion, Mumbai"
2021-03-09,163.0,130.0,27.0,41.0,5.0,8.0,"Sion, Mumbai"
2021-03-10,160.0,94.0,14.0,27.0,4.0,4.0,"Sion, Mumbai"
2021-03-11,151.0,106.0,18.0,22.0,4.0,8.0,"Sion, Mumbai"
2021-03-12,156.0,124.0,42.0,40.0,6.0,6.0,"Sion, Mumbai"
2021-03-13,179.0,141.0,44.0,52.0,8.0,8.0,"Sion, Mumbai"
2021-03-14,138.0,167.0,37.0,40.0,9.0,12.0,"Sion, Mumbai"
2021-03-15,171.0,141.0,26.0,35.0,7.0,8.0,"Sion, Mumbai"
2021-03-16,176.0,150.0,33.0,45.0,8.0,8.0,"Sion, Mumbai"
2021-03-17,182.0,122.0,25.0,40.0,7.0,5.0,"Sion, Mumbai"
2021-03-18,173.0,156.0,19.0,26.0,5.0,5.0,"Sion, Mumbai"
2021-03-19,165.0,130.0,24.0,19.0,2.0,3.0,"Sion, Mumbai"
2021-03-20,145.0,125.0,29.0,22.0,3.0,4.0,"Sion, Mumbai"
2021-03-21,162.0,122.0,25.0,26.0,11.0,5.0,"Sion, Mumbai"
2021-03-22,163.0,209.0,32.0,26.0,5.0,8.0,"Sion, Mumbai"
2021-03-23,248.0,166.0,47.0,29.0,7.0,9.0,"Sion, Mumbai"
2021-03-24,170.0,176.0,23.0,33.0,8.0,11.0,"Sion, Mumbai"
2021-03-25,175.0,197.0,36.0,38.0,9.0,13.0,"Sion, Mumbai"
2021-03-26,175.0,161.0,45.0,34.0,10.0,13.0,"Sion, Mumbai"
2021-03-27,167.0,168.0,25.0,22.0,6.0,10.0,"Sion, Mumbai"
2021-03-28,145.0,86.0,26.0,11.0,4.0,3.0,"Sion, Mumbai"
2021-03-29,82.0,66.0,16.0,13.0,1.0,2.0,"Sion, Mumbai"
2021-03-30,106.0,85.0,11.0,13.0,2.0,4.0,"Sion, Mumbai"
2021-03-31,98.0,152.0,13.0,7.0,2.0,1.0,"Sion, Mumbai"
2021-04-01,173.0,123.0,15.0,8.0,2.0,1.0,"Sion, Mumbai"
2021-04-02,177.0,97.0,15.0,9.0,2.0,1.0,"Sion, Mumbai"
2021-04-03,155.0,86.0,15.0,9.0,2.0,1.0,"Sion, Mumbai"
2021-04-04,86.0,76.0,13.0,11.0,2.0,2.0,"Sion, Mumbai"
2021-04-05,61.0,100.0,24.0,19.0,2.0,5.0,"Sion, Mumbai"
2021-04-06,83.0,87.0,16.0,16.0,1.0,3.0,"Sion, Mumbai"
2021-04-07,74.0,80.0,14.0,11.0,1.0,3.0,"Sion, Mumbai"
2021-04-08,70.0,89.0,21.0,15.0,1.0,5.0,"Sion, Mumbai"
2021-04-09,70.0,96.0,22.0,10.0,1.0,1.0,"Sion, Mumbai"
2021-04-10,68.0,87.0,28.0,12.0,1.0,3.0,"Sion, Mumbai"
2021-04-11,72.0,87.0,20.0,16.0,1.0,3.0,"Sion, Mumbai"
2021-04-12,73.0,84.0,21.0,15.0,1.0,3.0,"Sion, Mumbai"
2021-04-13,77.0,70.0,32.0,11.0,1.0,2.0,"Sion, Mumbai"
2021-04-14,64.0,72.0,30.0,13.0,2.0,3.0,"Sion, Mumbai"
2021-04-15,68.0,67.0,15.0,11.0,1.9444444444444444,3.0,"Sion, Mumbai"
2021-04-16,60.0,64.0,15.0,9.0,1.8888888888888888,2.0,"Sion, Mumbai"
2021-04-17,55.0,71.0,21.0,10.0,1.8333333333333333,3.0,"Sion, Mumbai"
2021-04-18,67.0,69.0,16.0,8.0,2.0,2.0,"Sion, Mumbai"
2021-04-19,63.0,62.0,12.0,7.0,2.0,2.0,"Sion, Mumbai"
2021-04-20,57.0,62.0,13.0,8.0,2.0,2.0,"Sion, Mumbai"
2021-04-21,53.0,70.0,17.0,10.0,2.0,2.0,"Sion, Mumbai"
2021-04-22,58.0,75.0,19.0,14.0,2.0,3.0,"Sion, Mumbai"
2021-04-23,59.0,73.0,18.0,11.0,2.0,3.0,"Sion, Mumbai"
2021-04-24,61.0,79.0,20.0,11.0,2.0,3.0,"Sion, Mumbai"
2021-04-25,67.0,114.0,24.0,8.0,2.0,2.0,"Sion, Mumbai"
2021-04-26,92.0,110.78571428571429,24.0,9.0,2.0,2.0,"Sion, Mumbai"
2021-04-27,92.0,107.57142857142857,20.0,9.0,2.0,2.0,"Sion, Mumbai"
2021-04-28,67.0,104.35714285714286,14.0,9.0,2.0,3.0,"Sion, Mumbai"
2021-04-29,58.0,70.0,16.0,10.0,2.0,3.0,"Sion, Mumbai"
2021-04-30,59.0,70.0,19.0,8.0,2.0,2.0,"Sion, Mumbai"
2021-05-01,55.0,57.0,19.0,10.0,3.0,3.0,"Sion, Mumbai"
2021-05-02,59.0,57.0,42.0,14.0,1.0,4.0,"Sion, Mumbai"
2021-05-03,76.0,57.0,24.0,12.0,1.0,3.0,"Sion, Mumbai"
2021-05-04,61.0,57.0,14.0,9.0,1.0,3.0,"Sion, Mumbai"
2021-05-05,59.0,57.0,11.0,7.0,1.0,2.0,"Sion, Mumbai"
2021-05-06,61.0,57.0,14.0,8.0,3.0,2.0,"Sion, Mumbai"
2021-05-07,59.0,57.0,13.0,7.0,3.0,2.0,"Sion, Mumbai"
2021-05-08,52.0,57.0,15.0,6.0,3.0,3.0,"Sion, Mumbai"
2021-05-09,72.5,69.0,12.0,6.0,3.0,2.0,"Sion, Mumbai"
2021-05-10,74.0,47.0,7.0,5.0,3.0,2.0,"Sion, Mumbai"
2021-05-11,72.0,45.0,9.0,5.0,3.0,2.0,"Sion, Mumbai"
2021-05-12,55.0,55.0,12.0,6.0,3.0,2.0,"Sion, Mumbai"
2021-05-13,47.0,57.0,18.0,8.0,1.0,2.0,"Sion, Mumbai"
2021-05-14,48.0,85.0,26.0,16.0,3.0,4.0,"Sion, Mumbai"
2021-05-15,83.0,56.0,16.0,11.0,3.0,2.0,"Sion, Mumbai"
2021-05-16,51.0,37.0,12.0,5.0,2.0,1.0,"Sion, Mumbai"
2021-05-17,39.0,42.0,9.0,3.0,1.0,2.0,"Sion, Mumbai"
2021-05-18,43.0,41.0,17.0,8.0,1.5,3.0,"Sion, Mumbai"
2021-05-19,41.0,97.0,18.0,11.0,2.0,4.0,"Sion, Mumbai"
2021-05-20,72.0,92.0,13.0,9.0,3.0,3.0,"Sion, Mumbai"
2021-05-21,77.0,69.0,12.0,7.0,2.0,2.0,"Sion, Mumbai"
2021-05-22,62.0,60.0,13.0,7.0,2.0,2.0,"Sion, Mumbai"
2021-05-23,47.0,59.0,8.0,7.0,2.0,2.0,"Sion, Mumbai"
2021-05-24,41.0,61.0,10.0,6.0,2.0,2.0,"Sion, Mumbai"
2021-05-25,42.0,56.0,14.0,6.0,2.0,2.0,"Sion, Mumbai"
2021-05-26,42.0,47.0,12.0,3.0,2.0,1.0,"Sion, Mumbai"
2021-05-27,41.0,47.0,11.0,3.0,2.0,1.0,"Sion, Mumbai"
2021-05-28,39.0,55.0,12.0,4.0,2.0,1.0,"Sion, Mumbai"
2021-05-29,52.0,55.0,10.0,5.0,2.0,1.0,"Sion, Mumbai"
2021-05-30,52.0,56.0,8.0,10.0,2.0,2.0,"Sion, Mumbai"
2021-05-31,55.0,51.0,9.0,8.0,3.0,2.0,"Sion, Mumbai"
2021-06-01,44.0,44.0,11.0,12.0,4.0,3.0,"Sion, Mumbai"
2021-06-02,42.0,51.0,25.0,13.0,3.0,3.0,"Sion, Mumbai"
2021-06-03,49.0,43.0,13.0,14.0,3.0,2.0,"Sion, Mumbai"
2021-06-04,46.0,56.0,17.0,17.0,3.0,3.0,"Sion, Mumbai"
2021-06-05,51.0,35.0,15.0,10.0,3.0,2.0,"Sion, Mumbai"
2021-06-06,33.0,37.0,11.0,8.0,3.0,2.0,"Sion, Mumbai"
2021-06-07,32.0,37.0,9.0,10.0,4.0,3.0,"Sion, Mumbai"
2021-06-08,38.0,21.0,7.0,12.0,4.0,4.0,"Sion, Mumbai"
2021-06-09,23.0,23.0,10.0,8.0,4.0,3.0,"Sion, Mumbai"
2021-06-10,21.0,26.0,7.0,10.0,5.0,3.0,"Sion, Mumbai"
2021-06-11,26.0,23.0,14.0,9.0,5.0,3.0,"Sion, Mumbai"
2021-06-12,25.0,36.0,11.0,6.0,7.0,3.0,"Sion, Mumbai"
2021-06-13,37.0,58.0,10.0,5.0,4.0,2.0,"Sion, Mumbai"
2021-06-14,86.0,43.0,7.0,7.0,4.0,3.0,"Sion, Mumbai"
2021-06-15,68.0,30.0,8.0,11.0,4.0,3.0,"Sion, Mumbai"
2021-06-16,51.0,52.0,6.0,9.0,5.0,3.0,"Sion, Mumbai"
2021-06-17,70.0,68.0,8.0,5.0,5.0,2.0,"Sion, Mumbai"
2021-06-18,95.0,47.0,12.0,10.0,4.0,3.0,"Sion, Mumbai"
2021-06-19,67.0,103.0,9.0,5.0,4.0,2.0,"Sion, Mumbai"
2021-06-20,83.0,85.0,7.0,7.0,5.0,3.0,"Sion, Mumbai"
2021-06-21,65.0,75.0,7.0,5.0,5.0,2.0,"Sion, Mumbai"
2021-06-22,100.0,74.0,7.0,5.0,16.0,2.0,"Sion, Mumbai"
2021-06-23,101.0,60.0,9.0,4.0,4.0,2.0,"Sion, Mumbai"
2021-06-24,60.0,61.0,13.0,9.0,4.0,3.0,"Sion, Mumbai"
2021-06-25,80.0,61.0,8.0,8.0,5.0,4.0,"Sion, Mumbai"
2021-06-26,80.0,42.0,5.0,9.0,5.0,3.0,"Sion, Mumbai"
2021-06-27,45.0,46.0,12.0,9.0,6.0,4.0,"Sion, Mumbai"
2021-06-28,111.0,43.0,12.0,8.0,6.0,3.0,"Sion, Mumbai"
2021-06-29,60.0,47.0,6.0,6.0,6.0,3.0,"Sion, Mumbai"
2021-06-30,78.0,51.0,6.0,3.0,6.0,2.0,"Sion, Mumbai"
2021-07-01,64.0,51.0,7.0,4.0,5.0,2.0,"Sion, Mumbai"
2021-07-02,48.0,51.0,7.0,3.0,5.0,2.0,"Sion, Mumbai"
2021-07-03,53.0,55.0,8.0,5.0,5.0,3.0,"Sion, Mumbai"
2021-07-04,69.0,60.0,7.0,7.0,5.0,3.0,"Sion, Mumbai"
2021-07-05,67.0,65.0,6.0,8.0,6.0,3.0,"Sion, Mumbai"
2021-07-06,95.0,68.0,5.0,7.0,6.0,3.0,"Sion, Mumbai"
2021-07-07,89.0,48.0,3.0,10.0,6.0,4.0,"Sion, Mumbai"
2021-07-08,93.0,41.0,10.0,11.0,5.0,3.0,"Sion, Mumbai"
2021-07-09,81.0,69.0,7.0,12.0,6.0,3.0,"Sion, Mumbai"
2021-07-10,53.0,24.0,9.0,8.0,5.0,1.0,"Sion, Mumbai"
2021-07-11,28.0,50.0,10.0,6.0,5.0,1.0,"Sion, Mumbai"
2021-07-12,71.0,33.0,9.0,9.0,13.0,1.0,"Sion, Mumbai"
2021-07-13,58.0,43.0,26.0,11.0,5.0,4.0,"Sion, Mumbai"
2021-07-14,71.0,24.0,9.0,11.0,5.0,1.0,"Sion, Mumbai"
2021-07-15,54.0,25.0,9.0,9.0,4.0,1.0,"Sion, Mumbai"
2021-07-16,44.0,22.0,8.0,10.0,4.0,1.0,"Sion, Mumbai"
2021-07-17,26.0,35.0,8.0,8.0,4.0,1.0,"Sion, Mumbai"
2021-07-18,36.0,38.0,9.0,8.0,4.0,1.0,"Sion, Mumbai"
2021-07-19,37.0,49.0,9.0,5.0,4.0,1.0,"Sion, Mumbai"
2021-07-20,84.0,43.0,10.0,3.0,4.0,1.0,"Sion, Mumbai"
2021-07-21,106.0,53.0,9.0,6.0,4.0,1.0,"Sion, Mumbai"
2021-07-22,102.0,50.0,9.0,7.0,4.0,1.0,"Sion, Mumbai"
2021-07-23,97.0,50.0,9.0,6.0,4.0,1.0,"Sion, Mumbai"
2021-07-24,66.0,50.0,10.0,5.0,4.0,1.0,"Sion, Mumbai"
2021-07-25,57.0,51.0,10.0,3.0,4.0,1.0,"Sion, Mumbai"
2021-07-26,88.0,46.0,11.0,4.0,4.0,1.0,"Sion, Mumbai"
2021-07-27,69.0,47.0,11.0,4.0,3.0,1.0,"Sion, Mumbai"
2021-07-28,86.0,49.0,9.0,4.0,3.0,1.0,"Sion, Mumbai"
2021-07-29,91.0,50.0,10.0,4.0,4.0,1.0,"Sion, Mumbai"
2021-07-30,100.0,47.0,9.0,5.0,4.0,1.0,"Sion, Mumbai"
2021-07-31,90.0,42.0,9.0,4.0,3.0,1.0,"Sion, Mumbai"
2021-08-01,62.0,43.0,9.0,6.0,3.0,1.0,"Sion, Mumbai"
2021-08-02,84.0,38.0,7.0,6.0,3.0,2.0,"Sion, Mumbai"
2021-08-03,60.0,45.0,8.0,4.0,3.0,1.0,"Sion, Mumbai"
2021-08-04,85.0,50.0,8.0,5.0,4.0,2.0,"Sion, Mumbai"
2021-08-05,70.0,53.0,8.5,5.0,4.0,2.0,"Sion, Mumbai"
2021-08-06,93.0,55.0,9.0,6.0,4.0,2.0,"Sion, Mumbai"
2021-08-07,100.0,54.0,8.0,6.0,4.0,2.0,"Sion, Mumbai"
2021-08-08,75.0,54.0,11.0,6.0,4.0,2.0,"Sion, Mumbai"
2021-08-09,72.0,49.0,10.0,7.0,4.0,3.0,"Sion, Mumbai"
2021-08-10,93.0,40.0,9.0,6.0,5.0,2.0,"Sion, Mumbai"
2021-08-11,87.0,52.0,6.0,11.0,5.0,3.0,"Sion, Mumbai"
2021-08-12,102.0,45.0,8.0,8.0,5.0,1.0,"Sion, Mumbai"
2021-08-13,65.0,40.0,8.0,7.0,4.0,2.0,"Sion, Mumbai"
2021-08-14,86.0,34.0,2.0,15.0,4.0,3.0,"Sion, Mumbai"
2021-08-15,55.0,44.0,4.0,17.0,5.0,4.0,"Sion, Mumbai"
2021-08-16,92.0,51.0,7.0,12.0,5.0,2.0,"Sion, Mumbai"
2021-08-17,66.0,30.0,2.0,14.0,5.0,2.0,"Sion, Mumbai"
2021-08-18,45.0,29.0,1.0,9.0,5.0,3.0,"Sion, Mumbai"
2021-08-19,78.0,30.0,5.0,3.0,6.0,4.0,"Sion, Mumbai"
2021-08-20,54.0,30.0,6.0,2.0,5.0,3.0,"Sion, Mumbai"
2021-08-21,40.0,51.0,7.0,2.0,6.0,3.0,"Sion, Mumbai"
2021-08-22,63.0,50.0,6.0,1.0,7.0,2.0,"Sion, Mumbai"
2021-08-23,59.0,49.0,6.0,1.0,7.0,2.0,"Sion, Mumbai"
2021-08-24,84.0,53.0,2.0,1.6666666666666665,6.0,3.0,"Sion, Mumbai"
2021-08-25,94.0,44.0,1.0,2.333333333333333,6.0,2.0,"Sion, Mumbai"
2021-08-26,85.0,49.0,2.0,3.0,6.0,2.0,"Sion, Mumbai"
2021-08-27,66.0,95.0,2.0,5.0,7.0,2.0,"Sion, Mumbai"
2021-08-28,137.0,60.0,2.0,7.0,4.0,2.0,"Sion, Mumbai"
2021-08-29,75.0,66.0,1.0,5.0,4.0,3.0,"Sion, Mumbai"
2021-08-30,110.0,34.0,2.0,6.0,4.0,3.0,"Sion, Mumbai"
2021-08-31,60.0,52.0,13.0,5.0,4.0,3.0,"Sion, Mumbai"
2021-09-01,76.0,50.0,3.0,4.0,4.0,2.0,"Sion, Mumbai"
2021-09-02,49.0,29.0,3.0,6.0,8.0,3.0,"Sion, Mumbai"
2021-09-03,76.0,28.0,4.0,5.0,12.0,4.0,"Sion, Mumbai"
2021-09-04,77.0,44.0,2.0,5.0,10.0,5.0,"Sion, Mumbai"
2021-09-05,63.0,37.0,5.0,6.0,9.0,4.0,"Sion, Mumbai"
2021-09-06,80.0,33.0,4.0,14.0,8.0,4.0,"Sion, Mumbai"
2021-09-07,83.0,19.0,7.0,11.0,8.0,3.0,"Sion, Mumbai"
2021-09-08,66.0,28.0,5.0,6.0,7.0,2.0,"Sion, Mumbai"
2021-09-09,72.0,32.0,5.0,5.0,6.0,2.0,"Sion, Mumbai"
2021-09-10,48.0,25.0,4.0,6.0,6.0,2.0,"Sion, Mumbai"
2021-09-11,63.0,20.0,8.0,10.0,6.0,3.0,"Sion, Mumbai"
2021-09-12,35.0,176.0,9.0,8.0,6.0,3.0,"Sion, Mumbai"
2021-09-13,47.0,126.0,7.0,8.0,5.0,3.0,"Sion, Mumbai"
2021-09-14,64.0,76.0,5.0,7.0,5.0,3.0,"Sion, Mumbai"
2021-09-15,65.0,61.0,6.0,6.0,5.0,3.0,"Sion, Mumbai"
2021-09-16,91.0,54.0,6.0,7.0,6.0,3.0,"Sion, Mumbai"
2021-09-17,93.0,49.0,5.0,8.0,6.0,3.0,"Sion, Mumbai"
2021-09-18,61.0,28.0,5.0,9.0,7.0,3.0,"Sion, Mumbai"
2021-09-19,39.0,27.0,4.0,11.0,8.0,4.0,"Sion, Mumbai"
2021-09-20,38.0,25.0,3.0,10.0,8.0,5.0,"Sion, Mumbai"
2021-09-21,31.0,39.0,2.0,11.0,8.0,6.0,"Sion, Mumbai"
2021-09-22,41.0,54.0,5.0,11.0,10.0,7.0,"Sion, Mumbai"
2021-09-23,58.0,58.0,5.0,9.0,9.0,5.0,"Sion, Mumbai"
2021-09-24,57.0,74.0,3.0,9.0,10.0,7.0,"Sion, Mumbai"
2021-09-25,70.0,63.0,2.0,11.0,10.0,6.0,"Sion, Mumbai"
2021-09-26,56.0,50.0,4.0,11.0,10.0,6.0,"Sion, Mumbai"
2021-09-27,51.0,45.0,4.0,10.0,10.0,6.0,"Sion, Mumbai"
2021-09-28,44.0,25.0,6.0,8.0,9.0,4.0,"Sion, Mumbai"
2021-09-29,26.0,36.0,5.0,11.0,9.0,4.0,"Sion, Mumbai"
2021-09-30,45.0,59.0,5.0,9.0,8.0,6.0,"Sion, Mumbai"
2021-10-01,91.0,76.0,8.0,13.0,8.0,8.0,"Sion, Mumbai"
2021-10-02,96.0,67.0,18.0,15.0,9.0,7.0,"Sion, Mumbai"
2021-10-03,77.0,70.0,11.0,16.0,9.0,7.0,"Sion, Mumbai"
2021-10-04,113.0,67.0,12.0,15.0,9.0,7.0,"Sion, Mumbai"
2021-10-05,93.0,107.0,25.0,19.0,9.0,6.0,"Sion, Mumbai"
2021-10-06,165.0,81.0,13.0,20.0,6.0,6.0,"Sion, Mumbai"
2021-10-07,124.0,157.0,8.0,13.0,6.0,4.0,"Sion, Mumbai"
2021-10-08,98.0,43.0,4.0,9.0,1.0,4.0,"Sion, Mumbai"
2021-10-09,49.0,47.0,4.0,11.0,3.0,5.0,"Sion, Mumbai"
2021-10-10,56.0,59.0,8.0,13.0,14.0,7.0,"Sion, Mumbai"
2021-10-11,121.0,121.0,19.0,20.0,4.0,8.0,"Sion, Mumbai"
2021-10-12,169.0,88.0,26.0,14.0,5.0,8.0,"Sion, Mumbai"
2021-10-13,159.0,112.0,18.0,11.0,6.0,10.0,"Sion, Mumbai"
2021-10-14,174.0,112.0,16.0,15.0,5.0,8.0,"Sion, Mumbai"
2021-10-15,165.0,109.0,33.0,15.0,3.0,8.0,"Sion, Mumbai"
2021-10-16,178.0,130.0,35.0,18.0,2.0,10.0,"Sion, Mumbai"
2021-10-17,163.0,77.0,23.0,12.0,1.0,5.0,"Sion, Mumbai"
2021-10-18,123.0,80.0,15.0,6.0,1.0,6.0,"Sion, Mumbai"
2021-10-19,115.0,79.0,14.0,8.0,1.0,6.0,"Sion, Mumbai"
2021-10-20,105.0,96.0,32.0,12.0,1.0,8.0,"Sion, Mumbai"
2021-10-21,122.0,112.0,20.0,11.0,3.0,10.0,"Sion, Mumbai"
2021-10-22,135.0,77.0,20.0,9.0,1.0,6.0,"Sion, Mumbai"
2021-10-23,102.0,57.0,16.0,6.0,1.0,5.0,"Sion, Mumbai"
2021-10-24,69.0,60.0,13.0,6.0,1.0,6.0,"Sion, Mumbai"
2021-10-25,69.0,92.0,28.0,11.0,1.0,9.0,"Sion, Mumbai"
2021-10-26,113.0,96.0,23.0,13.0,2.0,8.0,"Sion, Mumbai"
2021-10-27,118.0,92.0,21.0,15.0,2.0,7.0,"Sion, Mumbai"
2021-10-28,125.0,91.0,16.0,16.0,2.0,7.0,"Sion, Mumbai"
2021-10-29,150.0,93.0,29.0,17.0,2.0,7.0,"Sion, Mumbai"
2021-10-30,177.0,104.0,47.0,18.0,2.0,9.0,"Sion, Mumbai"
2021-10-31,159.0,156.0,55.0,15.0,4.0,12.0,"Sion, Mumbai"
2021-11-01,192.0,116.0,30.0,13.0,4.0,10.0,"Sion, Mumbai"
2021-11-02,199.0,104.0,19.0,14.0,4.0,10.0,"Sion, Mumbai"
2021-11-03,211.0,107.0,32.0,13.0,3.0,8.0,"Sion, Mumbai"
2021-11-04,167.0,95.0,27.0,7.0,2.0,7.0,"Sion, Mumbai"
2021-11-05,183.0,79.0,11.0,8.0,2.0,7.0,"Sion, Mumbai"
2021-11-06,145.0,77.0,20.0,8.0,2.0,7.0,"Sion, Mumbai"
2021-11-07,124.0,96.0,31.0,11.0,2.0,8.0,"Sion, Mumbai"
2021-11-08,211.0,112.0,19.0,12.0,3.0,11.0,"Sion, Mumbai"
2021-11-09,171.0,99.0,20.0,14.0,2.0,9.0,"Sion, Mumbai"
2021-11-10,217.0,100.0,20.0,13.0,2.0,9.0,"Sion, Mumbai"
2021-11-11,162.0,102.0,26.0,15.0,2.0,10.0,"Sion, Mumbai"
2021-11-12,186.0,101.0,21.0,12.0,2.0,9.0,"Sion, Mumbai"
2021-11-13,167.0,107.0,21.0,8.0,1.0,10.0,"Sion, Mumbai"
2021-11-14,160.0,107.0,27.0,15.0,2.0,11.0,"Sion, Mumbai"
2021-11-15,193.0,169.0,13.0,27.0,9.0,11.0,"Sion, Mumbai"
2021-11-16,282.0,75.0,16.0,17.0,7.0,7.0,"Sion, Mumbai"
2021-11-17,163.0,53.0,15.0,15.0,4.0,3.0,"Sion, Mumbai"
2021-11-18,104.0,66.0,35.0,16.0,4.0,4.0,"Sion, Mumbai"
2021-11-19,161.0,80.0,14.0,18.0,3.0,3.0,"Sion, Mumbai"
2021-11-20,123.0,45.0,11.0,9.0,2.0,2.0,"Sion, Mumbai"
2021-11-21,62.0,41.0,6.0,11.0,1.0,1.0,"Sion, Mumbai"
2021-11-22,99.0,58.0,4.0,8.0,1.0,3.0,"Sion, Mumbai"
2021-11-23,98.0,81.0,9.0,13.0,2.0,5.0,"Sion, Mumbai"
2021-11-24,161.0,98.0,9.0,17.0,2.0,6.0,"Sion, Mumbai"
2021-11-25,154.0,100.0,16.0,22.0,2.0,6.0,"Sion, Mumbai"
2021-11-26,159.0,103.0,15.0,20.0,2.0,7.0,"Sion, Mumbai"
2021-11-27,187.0,116.0,10.0,16.0,3.0,7.0,"Sion, Mumbai"
2021-11-28,155.0,131.0,15.0,20.0,2.0,7.0,"Sion, Mumbai"
2021-11-29,157.0,107.0,15.0,21.0,2.0,5.0,"Sion, Mumbai"
2021-11-30,185.0,76.0,8.0,21.0,2.0,4.0,"Sion, Mumbai"
2021-12-01,132.0,54.0,16.0,20.0,1.0,6.0,"Sion, Mumbai"
2021-12-02,130.0,68.0,11.0,16.0,2.0,6.0,"Sion, Mumbai"
2021-12-03,127.0,83.0,8.0,16.0,3.0,8.0,"Sion, Mumbai"
2021-12-04,121.0,95.0,8.0,11.0,4.0,10.0,"Sion, Mumbai"
2021-12-05,121.0,94.0,15.0,19.0,3.0,7.0,"Sion, Mumbai"
2021-12-06,169.0,122.0,15.0,22.0,3.0,8.0,"Sion, Mumbai"
2021-12-07,170.0,119.0,12.0,25.0,3.0,7.0,"Sion, Mumbai"
2021-12-08,187.0,109.0,18.0,25.0,3.0,6.0,"Sion, Mumbai"
2021-12-09,167.0,110.0,15.0,25.0,3.0,6.0,"Sion, Mumbai"
2021-12-10,187.0,97.0,19.0,28.0,3.0,6.5,"Sion, Mumbai"
2021-12-11,162.0,107.0,23.0,24.0,5.0,7.0,"Sion, Mumbai"
2021-12-12,155.0,109.0,18.0,26.0,5.0,8.0,"Sion, Mumbai"
2021-12-13,175.0,117.0,23.0,21.0,5.0,8.0,"Sion, Mumbai"
2021-12-14,164.0,114.0,29.0,28.0,4.0,7.0,"Sion, Mumbai"
2021-12-15,190.0,133.0,29.0,32.0,3.0,10.0,"Sion, Mumbai"
2021-12-16,211.0,126.0,30.0,39.0,1.0,8.0,"Sion, Mumbai"
2021-12-17,177.0,126.0,36.0,35.0,1.0,8.0,"Sion, Mumbai"
2021-12-18,197.0,115.0,36.0,32.0,1.0,7.0,"Sion, Mumbai"
2021-12-19,169.0,109.0,35.0,32.0,2.0,6.0,"Sion, Mumbai"
2021-12-20,157.0,106.0,39.0,34.0,3.0,6.0,"Sion, Mumbai"
2021-12-21,153.0,131.0,32.0,36.0,1.0,11.0,"Sion, Mumbai"
2021-12-22,157.0,139.0,39.0,36.0,3.0,11.0,"Sion, Mumbai"
2021-12-23,155.0,121.0,23.0,28.0,2.0,9.0,"Sion, Mumbai"
2021-12-24,121.0,84.0,31.0,21.0,1.0,5.0,"Sion, Mumbai"
2021-12-25,107.0,106.0,32.0,32.0,1.0,6.0,"Sion, Mumbai"
2021-12-26,144.0,109.0,24.0,34.0,1.0,8.0,"Sion, Mumbai"
2021-12-27,144.0,112.0,26.0,31.0,1.0,8.0,"Sion, Mumbai"
2021-12-28,148.0,94.0,19.0,27.0,2.0,6.0,"Sion, Mumbai"
2021-12-29,118.0,97.0,21.0,25.0,1.0,5.0,"Sion, Mumbai"
2021-12-30,126.0,104.0,16.0,24.0,1.0,7.0,"Sion, Mumbai"
2021-12-31,124.0,103.0,20.0,25.0,2.0,7.0,"Sion, Mumbai"
2022-01-01,123.0,97.0,23.0,25.0,2.0,6.0,"Sion, Mumbai"
2022-01-02,126.0,110.0,28.0,26.0,3.0,9.0,"Sion, Mumbai"
2022-01-03,131.0,131.0,32.0,28.0,3.0,9.0,"Sion, Mumbai"
2022-01-04,144.5,125.0,27.0,24.0,6.0,8.0,"Sion, Mumbai"
2022-01-05,158.0,89.0,18.0,19.0,7.0,4.0,"Sion, Mumbai"
2022-01-06,171.5,177.0,20.0,17.0,8.0,5.0,"Sion, Mumbai"
2022-01-07,185.0,96.0,13.0,17.0,9.0,3.0,"Sion, Mumbai"
2022-01-08,145.0,58.0,20.0,15.0,5.0,1.0,"Sion, Mumbai"
2022-01-09,82.0,77.0,8.0,23.0,3.0,6.0,"Sion, Mumbai"
2022-01-10,83.0,98.0,30.0,27.0,7.0,4.0,"Sion, Mumbai"
2022-01-11,129.0,88.0,26.0,26.0,7.0,4.0,"Sion, Mumbai"
2022-01-12,99.0,103.0,31.0,24.0,9.0,6.0,"Sion, Mumbai"
2022-01-13,120.0,104.0,25.0,24.0,7.0,6.0,"Sion, Mumbai"
2022-01-14,120.0,93.0,18.0,22.0,6.0,5.0,"Sion, Mumbai"
2022-01-15,108.0,92.0,19.0,21.0,5.0,5.0,"Sion, Mumbai"
2022-01-16,103.0,91.0,21.0,24.0,5.0,5.0,"Sion, Mumbai"
2022-01-17,104.0,103.0,23.0,24.0,6.0,7.0,"Sion, Mumbai"
2022-01-18,112.0,115.0,28.0,30.0,5.0,8.0,"Sion, Mumbai"
2022-01-19,129.0,97.0,22.0,22.0,6.0,7.0,"Sion, Mumbai"
2022-01-20,107.0,78.0,10.0,17.0,6.0,5.0,"Sion, Mumbai"
2022-01-21,82.0,75.0,10.0,9.0,7.0,3.0,"Sion, Mumbai"
2022-01-22,76.0,109.0,21.0,12.0,5.0,2.5,"Sion, Mumbai"
2022-01-23,160.0,169.0,19.0,20.0,3.0,2.0,"Sion, Mumbai"
2022-01-24,144.0,150.0,23.0,30.0,2.0,4.0,"Sion, Mumbai"
2022-01-25,150.0,125.0,27.0,26.0,2.0,5.0,"Sion, Mumbai"
2022-01-26,135.0,115.0,25.0,29.0,2.0,7.0,"Sion, Mumbai"
2022-01-27,122.0,97.0,20.0,29.0,2.0,4.0,"Sion, Mumbai"
2022-01-28,104.0,101.0,24.0,32.0,2.0,5.0,"Sion, Mumbai"
2022-01-29,109.0,165.0,20.0,35.0,3.0,13.0,"Sion, Mumbai"
2022-01-30,142.0,155.0,26.0,35.0,5.0,16.0,"Sion, Mumbai"
2022-01-31,142.0,140.0,18.0,33.0,5.0,13.0,"Sion, Mumbai"
2022-02-01,133.0,128.0,9.0,24.0,7.0,13.0,"Sion, Mumbai"
2022-02-02,160.0,96.0,13.0,18.0,6.0,12.98159509202454,"Sion, Mumbai"
2022-02-03,115.0,122.0,8.0,14.0,5.0,12.963190184049079,"Sion, Mumbai"
2022-02-04,126.0,142.0,20.0,21.0,8.0,12.94478527607362,"Sion, Mumbai"
2022-02-05,143.0,122.0,32.0,23.0,7.0,7.5,"Sion, Mumbai"
2022-02-06,142.0,86.0,17.0,19.0,4.0,7.5,"Sion, Mumbai"
2022-02-07,93.0,66.0,10.0,17.0,5.0,7.5,"Sion, Mumbai"
2022-02-08,112.0,78.0,11.0,18.0,7.0,7.5,"Sion, Mumbai"
2022-02-09,143.0,112.0,19.0,26.0,5.0,7.5,"Sion, Mumbai"
2022-02-10,176.0,85.0,23.0,27.0,3.0,7.5,"Sion, Mumbai"
2022-02-11,157.0,104.0,25.0,28.0,4.0,7.5,"Sion, Mumbai"
2022-02-12,166.0,109.0,29.0,25.0,4.0,7.5,"Sion, Mumbai"
2022-02-13,161.0,85.0,15.0,29.0,3.0,7.5,"Sion, Mumbai"
2022-02-14,140.0,63.0,13.0,20.0,3.0,7.5,"Sion, Mumbai"
2022-02-15,96.0,62.0,10.0,16.0,3.0,7.5,"Sion, Mumbai"
2022-02-16,94.0,83.0,14.0,17.0,3.0,7.5,"Sion, Mumbai"
2022-02-17,117.0,102.0,16.0,18.0,4.0,7.5,"Sion, Mumbai"
2022-02-18,131.0,165.0,5.0,17.0,5.0,7.5,"Sion, Mumbai"
2022-02-19,166.0,75.0,25.0,23.0,4.0,7.5,"Sion, Mumbai"
2022-02-20,112.0,113.0,31.0,30.0,4.0,7.5,"Sion, Mumbai"
2022-02-21,136.0,90.0,17.0,25.0,4.0,7.5,"Sion, Mumbai"
2022-02-22,113.0,96.0,15.0,22.0,4.0,7.5,"Sion, Mumbai"
2022-02-23,116.0,110.0,31.0,34.0,4.0,7.5,"Sion, Mumbai"
2022-02-24,136.0,136.0,33.0,32.0,4.0,7.5,"Sion, Mumbai"
2022-02-25,155.0,116.0,18.0,33.0,4.0,7.5,"Sion, Mumbai"
2022-02-26,138.0,138.0,2.0,34.0,5.0,7.5,"Sion, Mumbai"
2022-02-27,174.0,117.0,30.0,36.0,6.0,7.5,"Sion, Mumbai"
2022-02-28,143.0,101.0,10.0,37.0,4.0,7.5,"Sion, Mumbai"
2022-03-01,136.0,114.0,31.0,38.0,5.0,4.0,"Sion, Mumbai"
2022-03-02,144.0,145.0,26.0,38.0,8.0,4.0,"Sion, Mumbai"
2022-03-03,170.0,112.0,12.0,31.0,7.0,4.0,"Sion, Mumbai"
2022-03-04,131.0,107.0,33.0,34.0,12.0,4.0,"Sion, Mumbai"
2022-03-05,129.0,141.0,27.0,29.0,9.0,4.0,"Sion, Mumbai"
2022-03-06,148.0,101.0,42.0,29.0,7.0,4.0,"Sion, Mumbai"
2022-03-07,137.0,103.0,28.0,35.0,7.0,4.0,"Sion, Mumbai"
2022-03-08,145.0,99.0,35.0,29.0,10.0,4.0,"Sion, Mumbai"
2022-03-09,142.0,101.0,29.0,33.0,13.0,4.0,"Sion, Mumbai"
2022-03-10,145.0,88.0,26.0,30.0,10.0,4.0,"Sion, Mumbai"
2022-03-11,193.0,74.0,29.0,31.0,7.0,4.0,"Sion, Mumbai"
2022-03-12,160.0,94.0,20.0,32.0,6.0,4.0,"Sion, Mumbai"
2022-03-13,169.0,101.0,17.0,31.0,9.0,4.0,"Sion, Mumbai"
2022-03-14,165.0,108.0,26.0,32.0,8.0,4.0,"Sion, Mumbai"
2022-03-15,179.0,98.0,21.0,33.0,9.0,4.0,"Sion, Mumbai"
2022-03-16,168.0,93.0,25.0,32.0,8.0,4.0,"Sion, Mumbai"
2022-03-17,152.0,85.0,21.0,19.0,8.0,4.0,"Sion, Mumbai"
2022-03-18,140.0,56.0,14.0,15.0,2.0,4.0,"Sion, Mumbai"
2022-03-19,84.0,63.0,8.0,12.0,2.0,4.0,"Sion, Mumbai"
2022-03-20,87.0,102.0,16.0,17.0,1.0,4.0,"Sion, Mumbai"
2022-03-21,154.0,82.0,23.0,33.0,3.0,4.0,"Sion, Mumbai"
2022-03-22,154.0,87.0,25.0,34.0,6.0,4.0,"Sion, Mumbai"
2022-03-23,177.0,90.0,15.0,25.0,10.0,4.0,"Sion, Mumbai"
2022-03-24,163.0,61.0,4.0,10.0,1.0,4.0,"Sion, Mumbai"
2022-03-25,119.0,53.0,3.0,9.0,1.0,4.0,"Sion, Mumbai"
2022-03-26,111.0,64.0,4.0,7.0,1.0,4.0,"Sion, Mumbai"
2022-03-27,125.0,57.0,3.0,10.0,1.0,4.0,"Sion, Mumbai"
2022-03-28,124.0,68.0,2.0,9.0,1.0,4.0,"Sion, Mumbai"
2022-03-29,137.0,64.0,2.0,9.0,2.0,4.0,"Sion, Mumbai"
2022-03-30,125.0,83.0,2.0,8.0,4.0,4.0,"Sion, Mumbai"
2022-03-31,144.0,106.0,2.0,8.0,2.0,4.0,"Sion, Mumbai"
2022-04-01,166.0,90.0,5.0,9.0,1.0,2.0,"Sion, Mumbai"
2022-04-02,153.0,79.0,7.0,10.0,1.0,2.0,"Sion, Mumbai"
2022-04-03,142.0,66.0,8.0,9.0,2.0,2.0,"Sion, Mumbai"
2022-04-04,123.0,63.0,5.0,10.0,3.0,2.0,"Sion, Mumbai"
2022-04-05,106.0,56.0,4.0,8.0,3.0,2.0,"Sion, Mumbai"
2022-04-06,109.0,61.0,8.0,9.0,1.0,2.0,"Sion, Mumbai"
2022-04-07,131.0,53.0,5.0,8.0,1.0,2.0,"Sion, Mumbai"
2022-04-08,117.0,44.0,4.0,5.0,2.0,2.0,"Sion, Mumbai"
2022-04-09,101.0,40.0,4.5,5.0,2.0,2.0,"Sion, Mumbai"
2022-04-10,95.0,49.0,5.0,9.0,1.0,2.0,"Sion, Mumbai"
2022-04-11,102.0,69.0,4.0,12.0,3.0,2.0,"Sion, Mumbai"
2022-04-12,129.0,66.0,6.0,14.0,4.0,2.0,"Sion, Mumbai"
2022-04-13,128.0,50.0,6.0,8.0,4.0,2.0,"Sion, Mumbai"
2022-04-14,113.0,52.0,4.0,9.0,2.0,2.0,"Sion, Mumbai"
2022-04-15,101.0,59.0,6.0,10.0,2.0,2.0,"Sion, Mumbai"
2022-04-16,115.0,53.0,7.0,8.0,2.0,2.0,"Sion, Mumbai"
2022-04-17,97.0,56.0,5.0,8.0,3.0,2.0,"Sion, Mumbai"
2022-04-18,98.0,55.0,4.0,8.0,33.0,2.0,"Sion, Mumbai"
2022-04-19,111.0,56.0,11.0,10.0,17.0,2.0,"Sion, Mumbai"
2022-04-20,105.0,77.0,18.0,26.0,1.0,2.0,"Sion, Mumbai"
2022-04-21,133.0,73.0,27.0,19.0,1.0,2.0,"Sion, Mumbai"
2022-04-22,124.0,70.0,23.666666666666668,14.0,1.0,2.0,"Sion, Mumbai"
2022-04-23,120.0,54.0,20.333333333333332,12.0,1.0,2.0,"Sion, Mumbai"
2022-04-24,86.0,101.0,17.0,21.0,1.0,2.0,"Sion, Mumbai"
2022-04-25,176.0,65.0,11.0,18.0,2.0,2.0,"Sion, Mumbai"
2022-04-26,113.0,82.0,10.0,20.0,3.0,2.0,"Sion, Mumbai"
2022-04-27,132.0,77.0,16.0,13.0,3.0,2.0,"Sion, Mumbai"
2022-04-28,128.0,59.0,7.0,8.0,1.0,2.0,"Sion, Mumbai"
2022-04-29,85.0,58.0,8.0,9.0,1.0,2.0,"Sion, Mumbai"
2022-04-30,78.0,45.0,6.0,4.0,1.0,2.0,"Sion, Mumbai"
2022-05-01,61.0,49.0,4.0,4.0,1.0,2.0,"Sion, Mumbai"
2022-05-02,67.0,58.0,4.0,6.0,3.0,2.0,"Sion, Mumbai"
2022-05-03,73.0,64.0,9.0,8.0,3.0,2.0,"Sion, Mumbai"
2022-05-04,83.0,77.0,8.0,10.0,1.0,2.0,"Sion, Mumbai"
2022-05-05,89.0,91.0,6.0,7.0,1.0,2.0,"Sion, Mumbai"
2022-05-06,137.0,90.0,4.0,7.0,1.0,2.0,"Sion, Mumbai"
2022-05-07,163.0,76.0,5.0,8.0,2.0,2.0,"Sion, Mumbai"
2022-05-08,118.0,58.0,5.0,7.0,1.6666666666666667,2.0,"Sion, Mumbai"
2022-05-09,78.0,57.0,5.0,8.0,1.3333333333333335,2.0,"Sion, Mumbai"
2022-05-10,74.0,59.0,12.0,8.0,1.0,2.0,"Sion, Mumbai"
2022-05-11,81.0,60.0,13.0,5.0,1.0,2.0,"Sion, Mumbai"
2022-05-12,79.0,65.0,13.0,5.0,1.0,2.0,"Sion, Mumbai"
2022-05-13,117.0,72.0,13.0,4.0,1.6666666666666665,2.0,"Sion, Mumbai"
2022-05-14,147.0,58.0,13.0,7.0,2.333333333333333,2.0,"Sion, Mumbai"
2022-05-15,90.0,62.0,13.0,11.0,3.0,2.0,"Sion, Mumbai"
2022-05-16,99.0,102.0,15.0,11.0,2.0,2.0,"Sion, Mumbai"
2022-05-17,151.0,117.0,17.0,10.0,1.0,2.0,"Sion, Mumbai"
2022-05-18,159.0,122.0,14.0,9.0,1.0,2.0,"Sion, Mumbai"
2022-05-19,162.0,84.0,14.0,5.0,1.0,2.0,"Sion, Mumbai"
2022-05-20,121.0,70.0,12.0,4.0,12.0,2.0,"Sion, Mumbai"
2022-05-21,112.0,48.0,3.0,2.0,12.130434782608695,2.0,"Sion, Mumbai"
2022-05-22,72.0,37.0,3.0,3.0,12.26086956521739,2.0,"Sion, Mumbai"
2022-05-23,56.0,41.0,3.0,4.0,12.391304347826088,2.0,"Sion, Mumbai"
2022-05-24,60.0,51.0,2.0,6.0,3.0,2.0,"Sion, Mumbai"
2022-05-25,68.0,53.0,3.0,6.0,3.0,2.0,"Sion, Mumbai"
2022-05-26,69.0,44.0,3.0,4.0,3.0,2.0,"Sion, Mumbai"
2022-05-27,57.0,44.0,4.0,4.0,3.0,2.0,"Sion, Mumbai"
2022-05-28,52.0,52.0,4.0,5.0,3.0,2.0,"Sion, Mumbai"
2022-05-29,62.0,49.0,3.0,5.0,3.0,2.0,"Sion, Mumbai"
2022-05-30,57.0,54.0,4.0,6.0,3.0,2.0,"Sion, Mumbai"
2022-05-31,61.0,53.0,4.0,8.0,3.0,2.0,"Sion, Mumbai"
2022-06-01,68.0,59.0,3.0,7.0,4.0,3.0,"Sion, Mumbai"
2022-06-02,70.0,64.0,4.0,8.0,4.0,3.0,"Sion, Mumbai"
2022-06-03,72.0,51.0,4.0,7.0,4.0,3.0,"Sion, Mumbai"
2022-06-04,59.0,41.0,6.0,6.0,4.0,3.0,"Sion, Mumbai"
2022-06-05,49.0,46.0,5.0,6.0,4.0,3.0,"Sion, Mumbai"
2022-06-06,58.0,43.0,6.0,5.0,4.0,3.0,"Sion, Mumbai"
2022-06-07,61.0,28.0,4.0,6.0,4.0,3.0,"Sion, Mumbai"
2022-06-08,35.0,28.0,3.0,5.0,4.0,3.0,"Sion, Mumbai"
2022-06-09,38.0,32.0,5.0,7.0,4.0,3.0,"Sion, Mumbai"
2022-06-10,45.0,11.0,5.0,7.0,4.0,3.0,"Sion, Mumbai"
2022-06-11,20.0,12.0,4.0,5.0,4.0,3.0,"Sion, Mumbai"
2022-06-12,22.0,27.0,4.0,5.0,15.0,3.0,"Sion, Mumbai"
2022-06-13,50.0,37.0,3.0,4.0,23.0,3.0,"Sion, Mumbai"
2022-06-14,55.0,32.0,4.0,3.0,19.0,3.0,"Sion, Mumbai"
2022-06-15,40.0,32.0,3.0,8.0,22.0,3.0,"Sion, Mumbai"
2022-06-16,50.0,33.0,2.0,5.0,25.0,3.0,"Sion, Mumbai"
2022-06-17,49.0,28.0,2.0,5.0,24.0,3.0,"Sion, Mumbai"
2022-06-18,43.0,17.0,3.0,5.0,22.0,3.0,"Sion, Mumbai"
2022-06-19,22.0,12.0,2.0,6.0,22.0,3.0,"Sion, Mumbai"
2022-06-20,19.0,13.0,3.0,6.0,24.0,3.0,"Sion, Mumbai"
2022-06-21,27.0,22.0,4.0,8.0,22.0,3.0,"Sion, Mumbai"
2022-06-22,35.0,24.0,5.0,8.0,24.0,3.0,"Sion, Mumbai"
2022-06-23,37.0,20.0,3.0,10.0,25.0,3.0,"Sion, Mumbai"
2022-06-24,32.0,16.0,6.0,13.0,27.0,3.0,"Sion, Mumbai"
2022-06-25,28.0,19.0,7.0,13.0,19.0,3.0,"Sion, Mumbai"
2022-06-26,23.0,21.0,6.0,10.0,20.0,3.0,"Sion, Mumbai"
2022-06-27,31.0,17.0,4.0,8.0,24.0,3.0,"Sion, Mumbai"
2022-06-28,32.0,28.0,3.0,6.0,29.0,3.0,"Sion, Mumbai"
2022-06-29,51.0,14.0,3.0,9.0,31.0,3.0,"Sion, Mumbai"
2022-06-30,26.0,16.0,2.0,11.0,31.0,3.0,"Sion, Mumbai"
2022-07-01,33.0,40.0,3.0,5.0,31.0,2.0,"Sion, Mumbai"
2022-07-02,55.0,36.0,3.0,4.0,30.0,2.0,"Sion, Mumbai"
2022-07-03,46.0,20.0,2.0,6.0,29.0,2.0,"Sion, Mumbai"
2022-07-04,37.0,13.0,3.0,9.0,30.0,2.0,"Sion, Mumbai"
2022-07-05,26.0,17.0,3.0,6.0,30.0,2.0,"Sion, Mumbai"
2022-07-06,30.0,28.0,4.0,7.0,28.0,2.0,"Sion, Mumbai"
2022-07-07,43.0,32.0,3.0,7.0,28.0,2.0,"Sion, Mumbai"
2022-07-08,48.0,32.5,3.0,7.0,28.0,2.0,"Sion, Mumbai"
2022-07-09,42.5,33.0,3.0,7.0,28.0,2.0,"Sion, Mumbai"
2022-07-10,37.0,30.0,3.0,7.0,28.0,2.0,"Sion, Mumbai"
2022-07-11,44.0,27.0,4.0,8.0,27.0,2.0,"Sion, Mumbai"
2022-07-12,42.0,23.0,4.0,5.0,27.0,2.0,"Sion, Mumbai"
2022-07-13,37.0,34.0,3.0,5.0,28.0,2.0,"Sion, Mumbai"
2022-07-14,68.0,45.0,5.0,5.0,26.0,10.0,"Sion, Mumbai"
2022-07-15,76.0,38.0,4.0,4.0,25.0,9.857142857142858,"Sion, Mumbai"
2022-07-16,55.0,34.0,3.0,4.0,27.0,9.714285714285714,"Sion, Mumbai"
2022-07-17,52.0,39.0,3.0,4.0,26.0,9.571428571428571,"Sion, Mumbai"
2022-07-18,60.0,39.0,3.0,4.0,30.0,2.0,"Sion, Mumbai"
2022-07-19,75.0,35.0,3.0,5.0,33.0,2.0,"Sion, Mumbai"
2022-07-20,59.0,31.0,3.0,7.0,36.0,2.0,"Sion, Mumbai"
2022-07-21,52.0,37.0,3.0,6.0,37.0,2.0,"Sion, Mumbai"
2022-07-22,58.0,35.0,4.0,5.0,36.0,2.0,"Sion, Mumbai"
2022-07-23,54.0,27.0,4.0,3.0,35.0,2.0,"Sion, Mumbai"
2022-07-24,49.0,29.0,4.0,3.0,36.0,2.0,"Sion, Mumbai"
2022-07-25,49.0,30.0,3.0,5.0,37.0,2.0,"Sion, Mumbai"
2022-07-26,53.0,30.0,4.0,8.0,40.0,2.0,"Sion, Mumbai"
2022-07-27,55.0,58.0,5.0,8.0,42.0,2.0,"Sion, Mumbai"
2022-07-28,76.0,54.0,3.0,8.0,41.0,2.0,"Sion, Mumbai"
2022-07-29,82.0,46.0,3.0,6.0,40.0,2.0,"Sion, Mumbai"
2022-07-30,63.0,43.0,6.0,6.0,39.0,2.0,"Sion, Mumbai"
2022-07-31,59.0,41.0,5.0,6.0,38.0,2.0,"Sion, Mumbai"
2022-08-01,58.0,45.0,5.0,6.0,38.0,3.0,"Sion, Mumbai"
2022-08-02,62.0,38.0,2.0,6.0,40.0,3.0,"Sion, Mumbai"
2022-08-03,63.0,31.0,3.0,5.0,34.0,3.0,"Sion, Mumbai"
2022-08-04,53.0,27.0,4.0,7.0,43.0,7.0,"Sion, Mumbai"
2022-08-05,73.0,20.0,4.0,5.0,42.17391304347826,7.0,"Sion, Mumbai"
2022-08-06,50.0,21.0,5.0,5.0,41.34782608695652,7.0,"Sion, Mumbai"
2022-08-07,48.0,16.0,4.0,7.0,40.52173913043478,8.0,"Sion, Mumbai"
2022-08-08,34.0,24.0,5.0,4.0,9.0,7.0,"Sion, Mumbai"
2022-08-09,49.0,27.0,9.0,4.0,9.0,7.5,"Sion, Mumbai"
2022-08-10,51.0,34.0,8.0,3.0,9.0,8.0,"Sion, Mumbai"
2022-08-11,59.0,28.0,5.0,3.0,9.0,8.5,"Sion, Mumbai"
2022-08-12,58.0,30.0,6.0,4.0,9.0,3.0,"Sion, Mumbai"
2022-08-13,55.0,29.0,7.0,4.0,9.0,3.0,"Sion, Mumbai"
2022-08-14,48.0,27.0,6.0,2.0,9.0,3.0,"Sion, Mumbai"
2022-08-15,47.0,23.0,5.0,4.0,9.0,3.0,"Sion, Mumbai"
2022-08-16,52.0,27.0,15.0,4.0,9.0,11.0,"Sion, Mumbai"
2022-08-17,50.0,29.0,4.0,4.0,9.0,9.0,"Sion, Mumbai"
2022-08-18,63.0,27.0,4.0,6.0,9.0,7.0,"Sion, Mumbai"
2022-08-19,57.0,27.0,4.0,5.0,9.0,7.0,"Sion, Mumbai"
2022-08-20,54.0,32.0,5.0,3.0,9.0,7.0,"Sion, Mumbai"
2022-08-21,51.0,30.0,5.0,4.0,9.0,7.0,"Sion, Mumbai"
2022-08-22,53.0,27.0,5.0,4.0,9.0,7.0,"Sion, Mumbai"
2022-08-23,54.0,27.0,5.0,4.0,9.0,7.0,"Sion, Mumbai"
2022-08-24,52.0,29.0,6.0,5.0,9.0,7.0,"Sion, Mumbai"
2022-08-25,55.0,41.0,4.0,6.0,9.0,6.0,"Sion, Mumbai"
2022-08-26,62.0,57.0,5.0,8.0,9.0,5.0,"Sion, Mumbai"
2022-08-27,65.0,50.0,5.0,8.0,9.0,5.0,"Sion, Mumbai"
2022-08-28,65.0,48.0,3.0,9.0,9.0,6.0,"Sion, Mumbai"
2022-08-29,70.0,67.0,4.0,10.0,9.0,6.0,"Sion, Mumbai"
2022-08-30,83.0,58.0,6.0,9.0,9.0,6.0,"Sion, Mumbai"
2022-08-31,73.0,36.0,9.0,13.0,9.0,6.0,"Sion, Mumbai"
2022-09-01,58.0,62.0,14.0,15.0,9.0,7.0,"Sion, Mumbai"
2022-09-02,85.0,56.0,10.0,10.0,9.0,8.0,"Sion, Mumbai"
2022-09-03,84.0,30.0,4.0,10.0,9.0,7.0,"Sion, Mumbai"
2022-09-04,55.0,30.0,4.0,6.0,9.0,7.0,"Sion, Mumbai"
2022-09-05,51.0,42.0,2.0,8.0,9.0,6.0,"Sion, Mumbai"
2022-09-06,62.0,40.0,6.0,13.0,9.0,8.0,"Sion, Mumbai"
2022-09-07,62.0,28.0,9.0,17.0,9.0,11.0,"Sion, Mumbai"
2022-09-08,54.0,32.0,17.0,16.0,9.0,13.0,"Sion, Mumbai"
2022-09-09,62.0,33.0,5.0,11.0,9.0,14.0,"Sion, Mumbai"
2022-09-10,65.0,31.0,17.0,10.0,9.0,14.0,"Sion, Mumbai"
2022-09-11,69.0,20.0,11.0,9.0,9.0,13.0,"Sion, Mumbai"
2022-09-12,54.0,16.0,7.0,12.0,9.0,15.0,"Sion, Mumbai"
2022-09-13,38.0,15.0,7.0,6.0,9.0,18.0,"Sion, Mumbai"
2022-09-14,37.0,19.0,5.0,4.0,9.0,18.0,"Sion, Mumbai"
2022-09-15,41.0,17.0,7.0,6.0,9.0,20.0,"Sion, Mumbai"
2022-09-16,40.0,19.0,6.428571428571429,5.0,9.0,19.857142857142858,"Sion, Mumbai"
2022-09-17,43.0,17.0,5.857142857142858,7.0,9.0,19.714285714285715,"Sion, Mumbai"
2022-09-18,34.0,24.0,5.285714285714286,11.0,9.0,19.571428571428573,"Sion, Mumbai"
2022-09-19,48.0,46.0,5.0,11.0,5.0,4.0,"Sion, Mumbai"
2022-09-20,67.0,35.0,5.0,8.0,5.0,4.0,"Sion, Mumbai"
2022-09-21,62.0,47.0,5.0,9.0,5.0,4.0,"Sion, Mumbai"
2022-09-22,65.0,48.0,3.0,6.0,5.0,4.0,"Sion, Mumbai"
2022-09-23,69.0,31.0,1.0,7.0,5.0,4.0,"Sion, Mumbai"
2022-09-24,50.0,35.0,1.5,7.666666666666667,5.166666666666667,4.0,"Sion, Mumbai"
2022-09-29,80.83333333333334,55.0,4.0,11.0,6.0,4.0,"Sion, Mumbai"
2022-09-30,87.0,60.0,2.0,10.0,5.0,4.0,"Sion, Mumbai"
2022-10-01,83.0,41.0,2.0,2.0,7.0,5.5,"Sion, Mumbai"
2022-10-02,51.0,46.0,2.0,5.0,7.0,5.5,"Sion, Mumbai"
2022-10-03,70.0,60.0,4.0,8.0,6.0,5.5,"Sion, Mumbai"
2022-10-04,88.0,48.0,7.0,8.0,7.0,5.5,"Sion, Mumbai"
2022-10-05,75.0,44.0,2.0,7.0,7.0,5.5,"Sion, Mumbai"
2022-10-06,68.0,31.0,5.0,9.0,5.0,5.5,"Sion, Mumbai"
2022-10-07,64.0,17.0,5.0,9.0,5.0,5.5,"Sion, Mumbai"
2022-10-08,37.0,29.0,4.0,5.0,5.0,5.5,"Sion, Mumbai"
2022-10-09,48.0,52.0,7.0,9.0,6.0,5.5,"Sion, Mumbai"
2022-10-10,73.0,53.0,4.0,11.0,5.0,5.5,"Sion, Mumbai"
2022-10-11,79.0,45.0,6.0,15.0,5.0,5.5,"Sion, Mumbai"
2022-10-12,71.0,64.0,4.0,15.0,6.0,5.5,"Sion, Mumbai"
2022-10-13,89.0,61.0,14.0,12.0,7.0,5.5,"Sion, Mumbai"
2022-10-14,98.0,62.0,7.0,17.0,7.0,5.5,"Sion, Mumbai"
2022-10-15,115.0,78.0,10.0,21.0,5.0,5.5,"Sion, Mumbai"
2022-10-16,129.0,83.25,9.25,21.25,4.875,5.5,"Sion, Mumbai"
2022-10-23,156.125,120.0,4.0,23.0,4.0,5.5,"Sion, Mumbai"
2022-10-24,160.0,144.0,23.0,23.0,5.0,5.5,"Sion, Mumbai"
2022-10-25,164.0,131.0,13.0,26.0,5.0,5.5,"Sion, Mumbai"
2022-10-26,149.0,125.0,15.0,26.0,5.0,5.5,"Sion, Mumbai"
2022-10-27,161.0,103.0,16.0,31.0,5.0,5.5,"Sion, Mumbai"
2022-10-28,151.0,93.0,12.0,32.0,4.0,5.5,"Sion, Mumbai"
2022-10-29,153.0,81.0,17.0,31.0,4.0,5.5,"Sion, Mumbai"
2022-10-30,135.0,92.0,21.0,38.0,4.0,5.5,"Sion, Mumbai"
2022-10-31,144.0,108.0,22.0,38.0,4.0,5.5,"Sion, Mumbai"
2022-11-01,165.0,122.0,21.0,30.0,7.0,6.0,"Sion, Mumbai"
2022-11-02,167.0,109.0,22.0,33.0,8.0,6.0,"Sion, Mumbai"
2022-11-03,155.0,114.0,16.0,31.0,8.0,6.0,"Sion, Mumbai"
2022-11-04,152.0,119.0,24.0,33.0,7.0,6.0,"Sion, Mumbai"
2022-11-05,161.0,116.0,18.0,41.0,5.0,6.0,"Sion, Mumbai"
2022-11-06,168.0,130.0,17.0,34.0,10.0,6.0,"Sion, Mumbai"
2022-11-07,166.0,146.0,14.0,26.0,17.0,6.0,"Sion, Mumbai"
2022-11-08,176.0,162.0,14.0,29.0,17.0,6.0,"Sion, Mumbai"
2022-11-09,171.0,151.0,11.0,29.0,16.0,6.0,"Sion, Mumbai"
2022-11-10,162.0,121.0,11.0,34.0,15.0,6.0,"Sion, Mumbai"
2022-11-11,158.0,112.0,15.0,35.0,14.0,6.0,"Sion, Mumbai"
2022-11-12,159.0,102.0,23.0,29.0,14.0,6.0,"Sion, Mumbai"
2022-11-13,153.0,130.0,35.0,32.0,15.0,6.0,"Sion, Mumbai"
2022-11-14,167.0,178.0,29.0,38.0,14.0,6.0,"Sion, Mumbai"
2022-11-15,187.0,143.0,24.0,35.0,13.0,6.0,"Sion, Mumbai"
2022-11-16,172.0,119.0,17.0,34.0,12.0,6.0,"Sion, Mumbai"
2022-11-17,163.0,87.0,18.0,36.0,11.0,6.0,"Sion, Mumbai"
2022-11-18,145.0,117.0,18.0,41.0,11.0,6.0,"Sion, Mumbai"
2022-11-19,163.0,104.0,22.0,38.0,11.0,6.0,"Sion, Mumbai"
2022-11-20,152.0,95.0,30.0,43.0,11.0,6.0,"Sion, Mumbai"
2022-11-21,154.0,119.0,32.0,50.0,11.0,6.0,"Sion, Mumbai"
2022-11-22,170.0,136.0,24.0,46.0,11.0,6.0,"Sion, Mumbai"
2022-11-23,175.0,162.0,24.0,44.0,12.0,6.0,"Sion, Mumbai"
2022-11-24,183.0,164.0,21.0,43.0,12.0,6.0,"Sion, Mumbai"
2022-11-25,185.0,197.0,21.0,38.0,13.0,6.0,"Sion, Mumbai"
2022-11-26,196.0,198.0,22.0,24.0,13.0,6.0,"Sion, Mumbai"
2022-11-27,188.0,153.0,10.0,30.0,12.0,6.0,"Sion, Mumbai"
2022-11-28,173.0,139.0,22.0,32.0,12.0,6.0,"Sion, Mumbai"
2022-11-29,170.0,240.0,24.0,33.0,13.0,6.0,"Sion, Mumbai"
2022-11-30,199.0,93.5,24.0,32.0,12.0,6.0,"Sion, Mumbai"
2022-12-01,200.0,101.0,5.0,20.0,7.0,9.0,"Sion, Mumbai"
2022-12-02,163.0,166.0,14.0,43.0,11.0,8.0,"Sion, Mumbai"
2022-12-03,189.0,172.0,18.0,34.0,13.0,8.294117647058824,"Sion, Mumbai"
2022-12-04,185.0,180.0,21.0,24.0,12.0,8.588235294117647,"Sion, Mumbai"
2022-12-05,195.0,203.0,32.0,31.0,12.0,8.882352941176471,"Sion, Mumbai"
2022-12-06,196.0,211.0,14.0,25.0,11.0,7.0,"Sion, Mumbai"
2022-12-07,207.0,194.0,15.0,19.0,12.0,7.0,"Sion, Mumbai"
2022-12-08,189.0,135.0,8.0,27.0,11.0,7.0,"Sion, Mumbai"
2022-12-09,158.0,197.0,24.0,27.0,11.0,7.0,"Sion, Mumbai"
2022-12-10,180.0,163.0,15.0,23.0,12.0,7.0,"Sion, Mumbai"
2022-12-11,175.0,119.0,18.0,41.0,11.0,7.0,"Sion, Mumbai"
2022-12-12,161.0,115.0,9.0,64.0,10.0,7.0,"Sion, Mumbai"
2022-12-13,149.0,100.0,6.0,37.0,10.0,7.0,"Sion, Mumbai"
2022-12-14,129.0,101.0,11.0,38.0,10.0,7.0,"Sion, Mumbai"
2022-12-15,141.0,124.0,11.0,53.0,10.0,7.0,"Sion, Mumbai"
2022-12-16,155.0,120.0,11.0,84.0,10.0,7.0,"Sion, Mumbai"
2022-12-17,157.0,140.0,7.0,83.0,11.0,7.0,"Sion, Mumbai"
2022-12-18,160.0,95.0,14.0,69.0,10.0,7.0,"Sion, Mumbai"
2022-12-19,152.0,131.0,11.0,37.0,10.0,7.0,"Sion, Mumbai"
2022-12-20,150.0,196.0,6.0,40.0,10.0,7.0,"Sion, Mumbai"
2022-12-21,167.0,221.0,12.0,54.0,11.0,7.0,"Sion, Mumbai"
2022-12-22,174.0,181.0,5.0,44.0,12.0,7.0,"Sion, Mumbai"
2022-12-23,163.0,128.0,6.0,22.0,13.0,7.0,"Sion, Mumbai"
2022-12-24,143.0,156.0,5.0,29.0,13.0,7.0,"Sion, Mumbai"
2022-12-25,162.0,150.0,4.0,24.0,13.0,7.0,"Sion, Mumbai"
2022-12-26,164.0,177.0,20.0,15.0,13.0,7.0,"Sion, Mumbai"
2022-12-27,174.0,188.0,5.0,34.0,13.0,7.0,"Sion, Mumbai"
2022-12-28,169.0,203.0,15.0,26.0,13.0,7.0,"Sion, Mumbai"
2022-12-29,173.0,169.0,12.0,30.0,13.0,7.0,"Sion, Mumbai"
2022-12-30,168.0,161.0,1.0,43.0,14.0,7.0,"Sion, Mumbai"
2022-12-31,141.0,103.0,1.0,32.0,14.0,7.0,"Sion, Mumbai"
2023-01-01,127.0,128.0,8.0,48.0,13.0,6.0,"Sion, Mumbai"
2023-01-02,158.0,154.0,16.0,33.0,13.0,6.0,"Sion, Mumbai"
2023-01-03,167.0,141.0,4.0,24.0,13.0,6.0,"Sion, Mumbai"
2023-01-04,160.0,176.0,9.0,20.0,14.0,6.0,"Sion, Mumbai"
2023-01-05,164.0,143.0,17.0,15.0,14.0,18.0,"Sion, Mumbai"
2023-01-06,164.0,132.0,4.0,27.0,14.25,19.0,"Sion, Mumbai"
2023-01-07,160.0,128.0,2.0,33.0,14.5,18.0,"Sion, Mumbai"
2023-01-08,149.0,102.0,2.0,38.0,14.75,16.0,"Sion, Mumbai"
2023-01-09,123.0,114.0,11.0,25.0,15.0,18.0,"Sion, Mumbai"
2023-01-10,154.0,160.0,11.0,57.0,25.0,10.0,"Sion, Mumbai"
2023-01-11,183.0,144.0,8.0,75.0,27.5,14.0,"Sion, Mumbai"
2023-01-12,168.0,113.0,6.0,15.0,30.0,5.0,"Sion, Mumbai"
2023-01-13,146.0,130.0,6.0,31.0,30.0,6.0,"Sion, Mumbai"
2023-01-14,162.0,126.0,9.0,75.0,30.0,10.0,"Sion, Mumbai"
2023-01-15,175.0,132.0,13.0,46.0,30.0,13.0,"Sion, Mumbai"
2023-01-16,181.0,167.0,13.0,32.0,22.0,15.0,"Sion, Mumbai"
2023-01-17,199.0,165.0,21.0,19.0,22.0,16.0,"Sion, Mumbai"
2023-01-18,200.0,246.0,11.0,38.0,26.0,16.0,"Sion, Mumbai"
2023-01-19,224.0,155.0,12.0,41.0,19.0,16.0,"Sion, Mumbai"
2023-01-20,180.0,122.0,11.0,19.0,24.0,11.0,"Sion, Mumbai"
2023-01-21,164.0,91.0,6.0,36.0,13.0,7.0,"Sion, Mumbai"
2023-01-22,145.0,103.0,7.0,46.0,13.0,10.0,"Sion, Mumbai"
2023-01-23,159.0,105.0,13.0,24.0,11.0,10.0,"Sion, Mumbai"
2023-01-24,166.0,111.0,10.0,20.0,11.0,9.0,"Sion, Mumbai"
2023-01-25,168.0,120.0,9.0,46.0,13.0,10.0,"Sion, Mumbai"
2023-01-26,175.0,135.0,14.0,48.0,13.0,14.0,"Sion, Mumbai"
2023-01-27,185.0,161.0,5.0,38.0,15.0,16.0,"Sion, Mumbai"
2023-01-28,182.0,94.0,6.0,46.0,16.0,9.0,"Sion, Mumbai"
2023-01-29,152.0,88.0,7.0,31.0,15.0,8.0,"Sion, Mumbai"
2023-01-30,148.0,114.0,5.0,21.0,13.0,11.0,"Sion, Mumbai"
2023-01-31,170.0,109.0,6.0,17.0,12.0,10.0,"Sion, Mumbai"
2023-02-01,165.0,100.0,11.0,6.0,10.0,8.0,"Sion, Mumbai"
2023-02-02,159.0,155.0,11.0,7.0,9.0,14.0,"Sion, Mumbai"
2023-02-03,178.0,160.0,8.0,19.0,10.0,15.0,"Sion, Mumbai"
2023-02-04,179.0,151.0,9.0,39.0,10.0,16.0,"Sion, Mumbai"
2023-02-05,177.0,111.0,16.0,40.0,10.0,10.0,"Sion, Mumbai"
2023-02-06,163.0,96.0,7.0,5.0,8.0,7.0,"Sion, Mumbai"
2023-02-07,138.0,137.0,15.0,6.0,7.0,13.0,"Sion, Mumbai"
2023-02-08,173.0,169.0,19.0,19.0,7.0,18.0,"Sion, Mumbai"
2023-02-09,184.0,140.0,12.0,8.0,7.0,13.0,"Sion, Mumbai"
2023-02-10,172.0,138.0,4.0,5.0,7.0,15.0,"Sion, Mumbai"
2023-02-11,166.0,139.0,7.0,52.0,7.0,16.0,"Sion, Mumbai"
2023-02-12,166.0,94.0,9.0,43.0,7.0,8.0,"Sion, Mumbai"
2023-02-13,148.0,137.0,14.0,8.0,6.0,13.0,"Sion, Mumbai"
2023-02-14,168.0,151.0,9.0,63.0,6.0,18.0,"Sion, Mumbai"
2023-02-15,175.0,211.0,14.0,41.0,7.0,20.0,"Sion, Mumbai"
2023-02-16,202.0,100.0,11.0,19.0,6.0,11.0,"Sion, Mumbai"
2023-02-17,152.0,144.0,5.0,53.0,7.0,16.0,"Sion, Mumbai"
2023-02-18,200.0,122.0,5.0,30.999999999999996,7.0,17.0,"Sion, Mumbai"
2023-02-19,179.0,100.0,5.0,9.0,7.0,18.0,"Sion, Mumbai"
2023-02-20,158.0,145.0,5.0,11.0,5.0,22.0,"Sion, Mumbai"
2023-02-21,137.0,94.0,1.0,7.0,4.0,15.0,"Sion, Mumbai"
2023-02-22,154.0,123.0,8.0,11.0,3.0,18.0,"Sion, Mumbai"
2023-02-23,177.0,149.0,13.0,1.0,2.0,19.0,"Sion, Mumbai"
2023-02-24,188.0,144.0,10.0,6.0,2.0,20.0,"Sion, Mumbai"
2023-02-25,179.0,144.0,7.0,30.0,3.0,19.0,"Sion, Mumbai"
2023-02-26,181.0,119.0,7.0,30.0,2.0,17.0,"Sion, Mumbai"
2023-02-27,167.0,153.0,8.0,6.0,2.0,20.0,"Sion, Mumbai"
2023-02-28,174.0,136.0,3.0,21.0,2.0,21.0,"Sion, Mumbai"
2023-03-01,172.0,187.0,14.0,14.0,2.0,21.333333333333332,"Sion, Mumbai"
2023-03-02,197.0,227.0,15.0,32.0,4.0,21.666666666666668,"Sion, Mumbai"
2023-03-03,234.0,223.0,6.0,31.0,8.0,22.0,"Sion, Mumbai"
2023-03-04,228.0,207.0,4.0,44.0,10.0,20.0,"Sion, Mumbai"
2023-03-05,212.0,186.0,4.0,80.0,9.0,15.0,"Sion, Mumbai"
2023-03-06,193.0,75.0,3.0,65.0,8.0,11.0,"Sion, Mumbai"
2023-03-07,133.0,89.0,6.0,80.0,7.0,14.0,"Sion, Mumbai"
2023-03-08,154.0,105.0,3.0,84.0,6.0,14.0,"Sion, Mumbai"
2023-03-09,155.0,108.0,2.0,53.0,6.0,13.0,"Sion, Mumbai"
2023-03-10,144.0,133.0,4.0,8.0,6.0,17.0,"Sion, Mumbai"
2023-03-11,187.0,180.0,6.0,61.0,6.0,18.0,"Sion, Mumbai"
2023-03-12,197.0,158.0,5.0,48.0,6.0,19.0,"Sion, Mumbai"
2023-03-13,188.0,124.0,7.0,14.0,5.0,13.0,"Sion, Mumbai"
2023-03-14,168.0,112.0,5.0,27.0,5.0,12.0,"Sion, Mumbai"
2023-03-15,161.0,76.0,4.0,17.0,4.0,5.0,"Sion, Mumbai"
2023-03-16,137.0,81.0,5.0,2.0,3.0,6.0,"Sion, Mumbai"
2023-03-17,137.0,73.0,2.0,7.0,4.0,5.0,"Sion, Mumbai"
2023-03-18,128.0,64.0,1.0,7.0,4.0,4.0,"Sion, Mumbai"
2023-03-19,99.0,55.0,1.0,25.0,4.0,3.0,"Sion, Mumbai"
2023-03-20,78.0,58.0,1.0,30.0,3.0,4.0,"Sion, Mumbai"
2023-03-21,93.0,77.0,1.0,31.0,3.0,10.0,"Sion, Mumbai"
2023-03-22,97.0,43.0,11.0,24.0,3.0,4.0,"Sion, Mumbai"
2023-03-23,57.0,65.0,1.0,22.0,3.0,5.0,"Sion, Mumbai"
2023-03-24,93.0,60.0,2.0,23.0,2.0,3.0,"Sion, Mumbai"
2023-03-25,83.0,68.0,2.0,13.0,2.0,5.0,"Sion, Mumbai"
2023-03-26,89.0,76.0,2.0,29.0,2.0,6.0,"Sion, Mumbai"
2023-03-27,108.0,85.0,2.0,1.0,2.0,6.0,"Sion, Mumbai"
2023-03-28,114.0,81.0,1.0,30.0,2.0,5.0,"Sion, Mumbai"
2023-03-29,113.0,49.0,1.0,22.0,2.0,2.0,"Sion, Mumbai"
2023-03-30,74.0,52.0,1.0,23.0,2.0,3.0,"Sion, Mumbai"
2023-03-31,74.0,52.0,1.3333333333333333,23.333333333333332,2.3333333333333335,3.3333333333333335,"Sion, Mumbai"
2023-04-02,63.333333333333336,52.0,2.0,24.0,3.0,4.0,"Sion, Mumbai"
2023-04-03,58.0,58.0,2.0,31.0,3.0,5.0,"Sion, Mumbai"
2023-04-04,76.0,62.0,1.0,30.0,3.0,6.0,"Sion, Mumbai"
2023-04-05,82.0,84.0,8.0,40.0,3.0,6.0,"Sion, Mumbai"
2023-04-06,117.0,89.0,6.666666666666667,29.333333333333336,2.6666666666666665,6.666666666666667,"Sion, Mumbai"
2023-04-08,128.33333333333334,99.0,4.0,8.0,2.0,8.0,"Sion, Mumbai"
2023-04-09,134.0,101.0,5.0,25.0,2.0,6.0,"Sion, Mumbai"
2023-04-10,140.0,81.0,5.0,3.0,2.0,5.0,"Sion, Mumbai"
2023-04-11,118.0,93.0,3.0,4.0,2.0,6.0,"Sion, Mumbai"
2023-04-12,118.0,105.0,3.0,10.0,2.0,7.0,"Sion, Mumbai"
2023-04-13,139.0,85.0,3.0,2.0,2.0,4.0,"Sion, Mumbai"
2023-04-14,106.0,79.0,1.0,11.0,2.0,4.0,"Sion, Mumbai"
2023-04-15,93.0,77.0,1.0,18.0,2.0,4.0,"Sion, Mumbai"
2023-04-16,85.0,69.0,2.0,10.0,2.0,3.0,"Sion, Mumbai"
2023-04-17,89.0,91.0,4.0,36.0,2.0,5.0,"Sion, Mumbai"
2023-04-18,111.0,105.0,1.0,28.0,2.0,7.0,"Sion, Mumbai"
2023-04-19,133.0,71.0,1.0,16.0,2.0,3.0,"Sion, Mumbai"
2023-04-20,81.0,59.0,1.0,22.0,2.0,3.0,"Sion, Mumbai"
2023-04-21,67.0,46.0,1.0,16.0,2.0,2.0,"Sion, Mumbai"
2023-04-22,53.0,59.0,1.0,17.0,2.0,2.0,"Sion, Mumbai"
2023-04-23,66.0,64.0,1.0,23.0,2.0,3.0,"Sion, Mumbai"
2023-04-24,75.0,71.0,1.0,23.0,2.0,3.0,"Sion, Mumbai"
2023-04-25,96.0,68.0,3.0,18.0,2.0,2.0,"Sion, Mumbai"
2023-04-26,85.0,61.0,5.0,26.0,2.0,2.0,"Sion, Mumbai"
2023-04-27,83.0,50.0,4.0,25.0,2.0,2.0,"Sion, Mumbai"
2023-04-28,58.0,63.0,3.8,24.0,2.0,2.0,"Sion, Mumbai"
2023-04-29,72.0,65.0,3.6,24.0,2.0,3.0,"Sion, Mumbai"
2023-04-30,82.0,56.0,3.4,26.0,2.0,3.0,"Sion, Mumbai"
2023-05-01,67.5,47.0,12.0,28.0,2.0,3.0,"Sion, Mumbai"
2023-05-02,53.0,53.0,3.0,28.0,2.0,3.0,"Sion, Mumbai"
2023-05-03,62.0,56.0,6.0,29.0,2.0,2.0,"Sion, Mumbai"
2023-05-04,69.0,55.0,5.85,26.0,2.0,2.0,"Sion, Mumbai"
2023-05-05,73.0,55.0,5.7,24.0,2.0,2.0,"Sion, Mumbai"
2023-05-06,65.0,55.0,5.55,20.0,2.0,2.0,"Sion, Mumbai"
2023-05-07,65.0,55.0,12.0,18.0,2.0,2.0,"Sion, Mumbai"
2023-05-08,63.0,60.0,12.0,19.0,2.0,2.0,"Sion, Mumbai"
2023-05-09,67.0,79.0,12.0,23.0,2.0,2.0,"Sion, Mumbai"
2023-05-10,85.0,88.0,12.0,38.0,2.0,3.0,"Sion, Mumbai"
2023-05-11,107.0,71.0,12.0,24.0,2.0,2.7142857142857144,"Sion, Mumbai"
2023-05-12,78.0,57.0,12.0,23.0,2.0,2.428571428571429,"Sion, Mumbai"
2023-05-13,65.0,39.0,12.0,20.0,2.0,2.142857142857143,"Sion, Mumbai"
2023-05-14,37.0,48.0,12.0,16.0,2.0,2.0,"Sion, Mumbai"
2023-05-15,63.0,45.0,12.0,17.0,2.0,2.0,"Sion, Mumbai"
2023-05-16,61.0,50.0,12.0,21.0,2.0,2.0,"Sion, Mumbai"
2023-05-17,59.0,55.0,12.0,25.0,2.0,1.0,"Sion, Mumbai"
2023-05-18,59.0,54.0,12.0,26.0,2.0,1.0,"Sion, Mumbai"
2023-05-19,65.0,54.333333333333336,12.0,26.0,2.0,1.0,"Sion, Mumbai"
2023-05-21,63.0,55.0,12.0,26.0,2.0,1.0,"Sion, Mumbai"
2023-05-22,62.0,62.0,12.0,26.0,2.0,1.0,"Sion, Mumbai"
2023-05-23,67.0,51.0,3.0,19.0,1.0,1.0,"Sion, Mumbai"
2023-05-24,59.0,35.0,3.0,10.0,1.0,1.0,"Sion, Mumbai"
2023-05-25,47.0,42.0,3.0,15.0,1.0,1.0,"Sion, Mumbai"
2023-05-26,55.0,42.0,3.0,19.0,2.0,2.0,"Sion, Mumbai"
2023-05-27,59.0,40.0,3.0,22.0,2.0,1.0,"Sion, Mumbai"
2023-05-28,52.0,46.0,3.0,24.0,2.0,1.0,"Sion, Mumbai"
2023-05-29,56.0,60.0,3.0,28.0,1.0,1.0,"Sion, Mumbai"
2023-05-30,82.0,61.0,4.0,32.0,1.0,1.0,"Sion, Mumbai"
2023-05-31,68.0,60.0,3.0,29.0,1.0,1.0,"Sion, Mumbai"
2023-06-01,68.0,46.0,3.0,21.0,1.0,1.0,"Sion, Mumbai"
2023-06-02,55.0,31.0,3.0,16.0,1.0,1.0,"Sion, Mumbai"
2023-06-03,47.0,33.0,3.0,12.0,1.0,1.0,"Sion, Mumbai"
2023-06-04,39.0,40.0,4.0,8.0,5.0,3.0,"Sion, Mumbai"
2023-06-05,55.0,49.0,4.0,7.0,1.0,3.0,"Sion, Mumbai"
2023-06-06,62.0,48.0,4.0,8.0,1.0,3.0,"Sion, Mumbai"
2023-06-07,60.0,33.0,5.0,16.0,1.0,3.0,"Sion, Mumbai"
2023-06-08,53.0,45.0,6.0,24.0,1.0,3.0,"Sion, Mumbai"
2023-06-09,45.0,58.0,7.0,21.0,1.0,3.0,"Sion, Mumbai"
2023-06-10,59.0,61.0,7.0,14.0,1.0,1.0,"Sion, Mumbai"
2023-06-11,80.0,57.0,5.0,22.0,1.0,1.0,"Sion, Mumbai"
2023-06-12,74.0,49.0,4.0,16.0,1.0,1.0,"Sion, Mumbai"
2023-06-13,65.0,50.0,4.0,5.0,1.0,1.0,"Sion, Mumbai"
2023-06-14,64.0,50.0,4.0,5.0,1.0,1.0,"Sion, Mumbai"
2023-06-15,60.0,53.0,4.0,6.0,1.0,3.0,"Sion, Mumbai"
2023-06-16,63.0,51.0,4.0,5.0,1.0,1.0,"Sion, Mumbai"
2023-06-17,67.0,54.0,4.0,11.0,1.0,1.0,"Sion, Mumbai"
2023-06-18,62.0,53.0,4.0,15.0,1.0,2.0,"Sion, Mumbai"
2023-06-19,64.0,58.0,4.0,17.0,1.0,2.0,"Sion, Mumbai"
2023-06-20,70.0,56.0,4.0,14.0,1.0,1.0,"Sion, Mumbai"
2023-06-21,65.0,52.0,4.0,6.0,1.0,1.0,"Sion, Mumbai"
2023-06-22,62.0,45.0,4.0,5.0,1.0,1.0,"Sion, Mumbai"
2023-06-23,63.0,38.0,3.0,7.0,1.0,2.0,"Sion, Mumbai"
2023-06-24,54.0,26.0,3.0,7.0,1.0,2.0,"Sion, Mumbai"
2023-06-25,46.0,42.0,4.0,6.0,1.0,2.0,"Sion, Mumbai"
2023-06-26,55.0,29.0,4.0,7.0,1.0,2.0,"Sion, Mumbai"
2023-06-27,45.0,28.0,3.0,7.0,1.0,2.0,"Sion, Mumbai"
2023-06-28,48.0,27.0,4.0,10.0,1.0,1.0,"Sion, Mumbai"
2023-06-29,45.0,27.0,4.0,9.0,1.0,1.0,"Sion, Mumbai"
2023-06-30,38.0,34.0,3.0,9.0,1.0,1.0,"Sion, Mumbai"
2023-07-01,48.0,31.0,3.0,4.0,1.0,2.0,"Sion, Mumbai"
2023-07-02,43.0,33.0,3.0,5.0,1.0,2.0,"Sion, Mumbai"
2023-07-03,48.0,25.0,3.0,6.0,1.0,2.0,"Sion, Mumbai"
2023-07-04,36.0,34.0,4.0,7.0,1.0,3.0,"Sion, Mumbai"
2023-07-05,52.0,20.0,4.0,7.0,1.0,2.0,"Sion, Mumbai"
2023-07-06,37.0,23.0,4.0,5.0,1.0,1.0,"Sion, Mumbai"
2023-07-07,33.0,49.0,5.0,4.0,1.0,1.0,"Sion, Mumbai"
2023-07-08,57.0,45.0,4.0,4.0,1.0,1.0,"Sion, Mumbai"
2023-07-09,53.0,48.0,4.0,6.0,1.0,2.0,"Sion, Mumbai"
2023-07-10,76.0,52.0,5.0,5.0,1.0,1.0,"Sion, Mumbai"
2023-07-11,62.0,53.0,4.0,5.0,1.0,1.0,"Sion, Mumbai"
2023-07-12,65.0,48.0,4.0,5.0,1.0,1.0,"Sion, Mumbai"
2023-07-13,59.0,28.0,4.0,8.0,1.0,2.0,"Sion, Mumbai"
2023-07-14,44.0,44.0,4.0,6.0,1.0,2.0,"Sion, Mumbai"
2023-07-15,56.0,39.0,5.0,8.0,1.0,2.0,"Sion, Mumbai"
2023-07-16,52.0,23.0,4.0,14.0,1.0,2.0,"Sion, Mumbai"
2023-07-17,39.0,32.0,4.0,8.0,1.0,2.0,"Sion, Mumbai"
2023-07-18,47.0,37.0,4.0,7.0,1.0,2.0,"Sion, Mumbai"
2023-07-19,53.0,43.0,4.0,7.0,1.0,2.0,"Sion, Mumbai"
2023-07-20,65.0,32.0,5.0,9.0,1.0,2.0,"Sion, Mumbai"
2023-07-21,52.0,32.0,4.0,8.0,1.0,2.0,"Sion, Mumbai"
2023-07-22,48.0,25.0,5.0,6.0,1.0,1.0,"Sion, Mumbai"
2023-07-23,41.0,35.0,5.0,7.0,1.0,2.0,"Sion, Mumbai"
2023-07-24,49.0,36.0,5.0,8.0,1.0,2.0,"Sion, Mumbai"
2023-07-25,54.0,23.0,4.0,5.0,1.0,1.0,"Sion, Mumbai"
2023-07-26,38.0,24.0,4.0,5.0,1.0,1.5,"Sion, Mumbai"
2023-07-27,40.0,30.0,4.0,5.0,1.0,2.0,"Sion, Mumbai"
2023-07-28,44.0,38.0,4.0,4.0,1.0,3.0,"Sion, Mumbai"
2023-07-29,56.0,38.0,4.0,3.0,1.0,2.0,"Sion, Mumbai"
2023-07-30,49.0,41.0,7.0,5.0,1.0,2.0,"Sion, Mumbai"
2023-07-31,54.0,39.0,4.0,8.0,5.0,2.0,"Sion, Mumbai"
2023-08-01,57.0,47.0,5.0,6.0,9.0,1.0,"Sion, Mumbai"
2023-08-02,57.0,40.0,5.0,6.0,9.0,1.5,"Sion, Mumbai"
2023-08-03,54.0,49.0,4.0,9.0,9.0,2.0,"Sion, Mumbai"
2023-08-04,59.0,47.0,5.0,10.0,9.0,1.0,"Sion, Mumbai"
2023-08-05,53.0,50.0,5.0,11.0,9.0,1.0,"Sion, Mumbai"
2023-08-06,57.0,50.0,5.0,13.0,9.0,1.0,"Sion, Mumbai"
2023-08-07,60.0,49.0,5.0,11.0,9.0,1.0,"Sion, Mumbai"
2023-08-08,57.0,48.0,7.0,11.0,9.0,2.0,"Sion, Mumbai"
2023-08-09,64.0,47.0,7.0,9.0,9.0,2.0,"Sion, Mumbai"
2023-08-10,72.0,43.0,7.0,10.0,9.0,2.0,"Sion, Mumbai"
2023-08-11,66.0,45.666666666666664,7.0,8.0,9.0,3.0,"Sion, Mumbai"
2023-08-12,62.0,48.333333333333336,7.0,5.0,9.0,2.0,"Sion, Mumbai"
2023-08-13,70.5,51.0,7.0,7.0,9.0,2.0,"Sion, Mumbai"
2023-08-14,79.0,42.0,7.0,11.0,9.0,2.0,"Sion, Mumbai"
2023-08-15,66.0,40.0,7.0,14.0,9.0,3.0,"Sion, Mumbai"
2023-08-16,63.0,41.0,8.0,15.0,9.0,3.0,"Sion, Mumbai"
2023-08-17,68.0,41.0,6.0,14.0,9.0,3.0,"Sion, Mumbai"
2023-08-18,65.0,42.0,5.0,13.0,9.0,3.0,"Sion, Mumbai"
2023-08-19,69.0,41.0,9.0,14.0,9.0,3.0,"Sion, Mumbai"
2023-08-20,61.0,39.0,8.0,16.0,9.0,4.0,"Sion, Mumbai"
2023-08-21,68.0,35.0,8.0,15.0,9.0,4.0,"Sion, Mumbai"
2023-08-22,64.0,29.0,21.0,14.0,9.0,4.0,"Sion, Mumbai"
2023-08-23,58.0,25.0,11.0,12.0,9.0,3.0,"Sion, Mumbai"
2023-08-24,55.0,23.0,4.0,13.0,9.0,3.0,"Sion, Mumbai"
2023-08-25,52.0,20.0,4.0,14.0,9.0,3.0,"Sion, Mumbai"
2023-08-26,44.0,21.0,4.0,17.0,9.0,3.0,"Sion, Mumbai"
2023-08-27,46.0,32.0,4.0,17.0,9.0,4.0,"Sion, Mumbai"
2023-08-28,60.0,46.0,4.0,18.0,9.0,3.0,"Sion, Mumbai"
2023-08-29,73.0,67.0,4.0,19.0,9.0,4.0,"Sion, Mumbai"
2023-08-30,93.0,72.0,6.0,20.0,9.0,5.0,"Sion, Mumbai"
2023-08-31,103.0,61.0,5.0,19.0,9.0,3.0,"Sion, Mumbai"
2023-09-01,87.0,51.0,5.0,17.0,9.0,4.0,"Sion, Mumbai"
2023-09-02,80.0,58.0,5.0,15.0,9.0,5.0,"Sion, Mumbai"
2023-09-03,86.0,62.0,4.0,16.0,9.0,4.0,"Sion, Mumbai"
2023-09-04,94.0,62.0,8.0,12.0,9.0,4.0,"Sion, Mumbai"
2023-09-05,87.0,57.0,5.0,15.0,9.0,5.0,"Sion, Mumbai"
2023-09-06,82.0,36.0,4.0,18.0,9.0,5.0,"Sion, Mumbai"
2023-09-07,71.0,38.0,5.0,17.0,9.0,5.0,"Sion, Mumbai"
2023-09-08,71.0,39.0,14.0,15.0,9.0,5.0,"Sion, Mumbai"
2023-09-09,66.0,45.0,12.0,6.0,10.0,4.0,"Sion, Mumbai"
2023-09-10,76.5,51.0,6.0,13.0,9.0,5.0,"Sion, Mumbai"
2023-09-11,87.0,40.0,6.0,13.0,9.0,4.0,"Sion, Mumbai"
2023-09-12,65.0,36.0,7.0,13.0,9.0,4.0,"Sion, Mumbai"
2023-09-13,67.0,36.0,6.0,14.0,9.0,5.0,"Sion, Mumbai"
2023-09-14,72.0,55.0,8.0,4.0,12.0,2.0,"Sion, Mumbai"
2023-09-15,80.0,40.0,8.0,2.0,11.0,3.0,"Sion, Mumbai"
2023-09-16,62.0,42.0,3.0,4.0,9.0,4.0,"Sion, Mumbai"
2023-09-17,68.0,37.0,3.0,5.0,9.0,4.0,"Sion, Mumbai"
2023-09-18,65.0,37.0,4.0,4.0,9.0,4.0,"Sion, Mumbai"
2023-09-19,67.0,29.0,4.0,6.0,9.0,5.0,"Sion, Mumbai"
2023-09-20,62.0,29.0,7.0,7.0,9.0,4.0,"Sion, Mumbai"
2023-09-21,56.0,32.0,4.0,8.0,9.0,5.0,"Sion, Mumbai"
2023-09-22,63.0,44.0,5.0,10.0,9.0,6.0,"Sion, Mumbai"
2023-09-23,75.0,38.0,4.0,9.0,9.0,5.0,"Sion, Mumbai"
2023-09-24,71.0,47.0,4.0,8.0,9.0,5.0,"Sion, Mumbai"
2023-09-25,78.0,58.0,5.0,10.0,9.0,6.0,"Sion, Mumbai"
2023-09-26,94.0,48.0,15.0,16.0,9.0,7.0,"Sion, Mumbai"
2023-09-27,95.0,66.0,16.0,9.0,11.0,14.0,"Sion, Mumbai"
2023-09-28,120.0,60.0,5.0,15.0,9.0,12.0,"Sion, Mumbai"
2023-09-29,110.0,64.0,4.0,15.0,9.0,6.0,"Sion, Mumbai"
2023-09-30,108.0,64.0,6.0,12.0,9.0,6.0,"Sion, Mumbai"
2023-10-01,117.0,75.0,6.0,9.0,9.0,4.0,"Sion, Mumbai"
2023-10-02,124.0,86.0,4.0,12.0,9.0,4.0,"Sion, Mumbai"
2023-10-03,127.0,91.0,5.0,13.0,9.0,5.0,"Sion, Mumbai"
2023-10-04,138.0,88.0,6.0,12.0,9.0,4.0,"Sion, Mumbai"
2023-10-05,136.0,86.0,5.0,15.0,9.0,4.0,"Sion, Mumbai"
2023-10-06,136.0,84.0,4.0,15.0,9.0,5.0,"Sion, Mumbai"
2023-10-07,134.0,87.0,7.0,13.0,9.0,6.0,"Sion, Mumbai"
2023-10-08,141.0,96.0,7.0,15.0,9.0,8.0,"Sion, Mumbai"
2023-10-09,156.0,75.0,7.0,16.0,9.0,5.0,"Sion, Mumbai"
2023-10-10,119.0,66.0,6.0,17.0,9.0,5.0,"Sion, Mumbai"
2023-10-11,98.0,92.0,10.0,27.0,9.0,8.0,"Sion, Mumbai"
2023-10-12,148.0,99.0,19.0,23.0,9.0,7.0,"Sion, Mumbai"
2023-10-13,161.0,121.0,24.0,22.0,9.0,9.0,"Sion, Mumbai"
2023-10-14,171.0,94.0,14.0,16.0,9.0,6.0,"Sion, Mumbai"
2023-10-15,158.0,112.0,18.0,21.0,9.0,8.0,"Sion, Mumbai"
2023-10-16,167.0,129.0,7.0,28.0,9.0,7.0,"Sion, Mumbai"
2023-10-17,173.0,113.0,8.0,21.0,9.0,6.0,"Sion, Mumbai"
2023-10-18,168.0,119.0,18.0,30.0,9.0,7.0,"Sion, Mumbai"
2023-10-19,165.0,131.0,21.0,31.0,9.0,8.0,"Sion, Mumbai"
2023-10-20,171.0,116.0,17.0,30.0,9.0,7.0,"Sion, Mumbai"
2023-10-21,165.0,133.0,23.0,47.0,9.0,9.0,"Sion, Mumbai"
2023-10-22,172.0,123.0,18.0,78.0,9.0,9.0,"Sion, Mumbai"
2023-10-23,170.0,142.0,30.0,84.0,9.0,9.0,"Sion, Mumbai"
2023-10-24,176.0,149.0,26.0,70.0,9.0,10.0,"Sion, Mumbai"
2023-10-25,175.0,163.0,27.0,40.0,9.0,8.0,"Sion, Mumbai"
2023-10-26,176.0,147.0,21.0,60.0,9.0,8.0,"Sion, Mumbai"
2023-10-27,169.0,193.0,10.0,57.0,9.0,9.0,"Sion, Mumbai"
2023-10-28,183.0,124.0,7.0,9.0,9.0,6.0,"Sion, Mumbai"
2023-10-29,167.0,126.0,8.0,25.0,9.0,8.0,"Sion, Mumbai"
2023-10-30,169.0,136.0,9.0,24.0,9.0,7.0,"Sion, Mumbai"
2023-10-31,174.0,114.0,11.0,35.0,9.0,6.0,"Sion, Mumbai"
2023-11-01,175.0,134.0,9.0,12.0,9.0,7.0,"Sion, Mumbai"
2023-11-02,171.0,117.0,8.0,10.0,9.0,7.0,"Sion, Mumbai"
2023-11-03,173.0,138.0,11.0,32.0,9.0,8.0,"Sion, Mumbai"
2023-11-04,177.0,151.0,13.0,33.0,9.0,9.0,"Sion, Mumbai"
2023-11-05,178.0,130.0,6.0,54.0,9.0,8.0,"Sion, Mumbai"
2023-11-06,163.0,110.0,5.0,89.0,11.0,8.0,"Sion, Mumbai"
2023-11-07,93.0,79.0,8.0,4.0,9.0,5.0,"Sion, Mumbai"
2023-11-08,71.0,86.0,13.0,14.0,10.0,4.0,"Sion, Mumbai"
2023-11-09,91.0,74.0,8.0,14.0,9.0,3.0,"Sion, Mumbai"
2023-11-10,75.0,92.0,3.0,12.0,9.0,6.0,"Sion, Mumbai"
2023-11-11,127.0,89.5,3.375,15.875,9.0,5.875,"Sion, Mumbai"
2023-11-18,116.5,72.0,6.0,43.0,9.0,5.0,"Sion, Mumbai"
2023-11-19,115.0,85.0,5.0,59.0,10.0,8.0,"Sion, Mumbai"
2023-11-20,122.0,76.0,8.5,53.5,9.5,5.5,"Sion, Mumbai"
2023-11-21,115.0,67.0,12.0,48.0,9.0,3.0,"Sion, Mumbai"
2023-11-22,108.0,84.0,14.0,50.0,9.0,5.0,"Sion, Mumbai"
2023-11-23,139.0,131.0,8.0,69.0,10.0,13.0,"Sion, Mumbai"
2023-11-24,161.0,63.0,4.0,47.0,9.0,6.0,"Sion, Mumbai"
2023-11-25,93.0,59.0,5.0,44.0,9.0,4.0,"Sion, Mumbai"
2023-11-26,88.0,30.0,4.0,10.0,10.0,1.0,"Sion, Mumbai"
2023-11-27,45.0,59.0,4.0,14.0,9.0,3.0,"Sion, Mumbai"
2023-11-28,67.0,83.0,5.0,16.0,9.0,5.0,"Sion, Mumbai"
2023-11-29,98.0,85.0,5.0,8.0,9.0,4.0,"Sion, Mumbai"
2023-11-30,105.0,104.0,4.0,14.0,11.0,6.0,"Sion, Mumbai"
2023-12-01,138.0,96.0,6.0,3.0,12.0,6.0,"Sion, Mumbai"
2023-12-02,129.0,105.0,7.0,10.0,13.0,8.0,"Sion, Mumbai"
2023-12-03,130.0,101.0,4.0,20.0,13.0,8.0,"Sion, Mumbai"
2023-12-04,135.0,96.0,4.0,17.0,13.0,6.0,"Sion, Mumbai"
2023-12-05,133.0,84.5,4.0,17.0,13.0,4.5,"Sion, Mumbai"
2023-12-06,115.0,73.0,4.0,17.0,13.0,3.0,"Sion, Mumbai"
2023-12-07,97.0,81.0,6.0,26.0,13.0,4.0,"Sion, Mumbai"
2023-12-08,107.0,101.0,6.0,25.0,13.0,6.0,"Sion, Mumbai"
2023-12-09,123.0,93.0,5.0,32.0,13.0,6.0,"Sion, Mumbai"
2023-12-10,115.0,105.0,4.0,34.0,13.0,7.0,"Sion, Mumbai"
2023-12-11,130.0,111.0,4.0,33.0,13.0,8.0,"Sion, Mumbai"
2023-12-12,131.0,98.5,7.0,26.0,13.0,6.0,"Sion, Mumbai"
2023-12-13,121.5,86.0,10.0,19.0,13.0,4.0,"Sion, Mumbai"
2023-12-14,112.0,115.0,4.0,34.0,13.0,8.0,"Sion, Mumbai"
2023-12-15,144.0,106.0,5.0,31.0,13.0,6.0,"Sion, Mumbai"
2023-12-16,127.0,96.0,6.0,27.0,12.0,4.0,"Sion, Mumbai"
2023-12-17,135.0,89.0,15.0,18.0,13.0,2.0,"Sion, Mumbai"
2023-12-18,137.0,89.0,4.0,25.0,13.0,4.0,"Sion, Mumbai"
2023-12-19,122.0,133.0,4.0,21.0,13.0,4.0,"Sion, Mumbai"
2023-12-20,147.0,159.0,10.0,37.0,13.0,8.0,"Sion, Mumbai"
2023-12-21,172.0,157.0,5.0,43.0,14.0,14.0,"Sion, Mumbai"
2023-12-22,164.0,84.0,9.0,19.0,14.0,6.0,"Sion, Mumbai"
2023-12-23,141.0,111.0,8.0,27.0,14.0,9.0,"Sion, Mumbai"
2023-12-24,155.0,88.0,11.0,18.0,14.0,6.0,"Sion, Mumbai"
2023-12-25,147.0,117.0,12.0,30.0,14.0,10.0,"Sion, Mumbai"
2023-12-26,164.0,111.0,9.0,28.0,14.0,9.0,"Sion, Mumbai"
2023-12-27,161.0,124.0,9.0,33.0,15.0,11.0,"Sion, Mumbai"
2023-12-28,170.0,137.0,7.0,39.0,15.0,13.0,"Sion, Mumbai"
2023-12-29,169.0,139.0,4.0,40.0,16.0,14.0,"Sion, Mumbai"
2023-12-30,169.0,83.0,9.0,21.0,15.0,7.0,"Sion, Mumbai"
2023-12-31,133.0,97.0,9.0,29.0,15.0,9.0,"Sion, Mumbai"
2024-01-01,155.0,118.0,8.0,26.0,14.0,9.0,"Sion, Mumbai"
2024-01-02,175.0,100.0,8.0,27.0,15.0,9.0,"Sion, Mumbai"
2024-01-03,154.0,102.0,6.0,28.0,14.0,9.0,"Sion, Mumbai"
2024-01-04,157.0,98.0,5.0,23.0,14.0,8.0,"Sion, Mumbai"
2024-01-05,156.0,98.0,4.0,26.0,13.0,9.0,"Sion, Mumbai"
2024-01-06,152.0,96.0,5.0,26.0,14.0,9.0,"Sion, Mumbai"
2024-01-07,148.0,84.0,6.0,17.0,13.0,6.0,"Sion, Mumbai"
2024-01-08,122.0,102.0,4.0,27.0,14.0,9.0,"Sion, Mumbai"
2024-01-09,148.0,60.0,6.0,11.0,13.0,4.0,"Sion, Mumbai"
2024-01-10,86.0,84.0,4.0,19.0,14.0,7.0,"Sion, Mumbai"
2024-01-11,136.0,85.0,5.0,23.0,15.0,7.0,"Sion, Mumbai"
2024-01-12,137.0,192.0,8.0,20.0,13.0,6.0,"Sion, Mumbai"
2024-01-13,147.0,99.0,4.0,33.0,14.0,11.0,"Sion, Mumbai"
2024-01-14,140.0,45.0,3.0,5.0,13.0,1.0,"Sion, Mumbai"
2024-01-15,58.0,74.0,5.0,13.0,13.0,4.0,"Sion, Mumbai"
2024-01-16,101.0,79.0,7.0,15.0,13.0,5.0,"Sion, Mumbai"
2024-01-17,114.0,83.0,13.0,16.0,12.0,5.0,"Sion, Mumbai"
2024-01-18,121.0,97.0,4.0,18.0,12.0,6.0,"Sion, Mumbai"
2024-01-19,135.0,118.0,5.0,29.0,15.0,10.0,"Sion, Mumbai"
2024-01-20,141.0,90.0,5.0,21.0,15.0,7.0,"Sion, Mumbai"
2024-01-21,111.0,100.0,5.0,21.0,14.0,7.0,"Sion, Mumbai"
2024-01-22,116.0,108.0,5.0,24.0,15.0,8.0,"Sion, Mumbai"
2024-01-23,125.0,72.0,6.0,11.0,14.0,3.0,"Sion, Mumbai"
2024-01-24,97.0,72.0,7.0,13.0,13.0,4.0,"Sion, Mumbai"
2024-01-25,104.0,99.0,6.0,30.0,15.0,10.0,"Sion, Mumbai"
2024-01-26,129.0,92.0,5.0,27.0,15.0,9.0,"Sion, Mumbai"
2024-01-27,125.0,92.0,4.0,23.0,15.0,8.0,"Sion, Mumbai"
2024-01-28,116.0,90.0,7.0,25.0,15.0,8.0,"Sion, Mumbai"
2024-01-29,123.0,101.0,4.0,24.0,14.0,8.0,"Sion, Mumbai"
2024-01-30,139.0,72.0,6.0,12.0,14.0,4.0,"Sion, Mumbai"
2024-01-31,107.0,65.0,5.0,13.0,14.0,4.0,"Sion, Mumbai"
2024-02-01,98.0,62.0,5.0,12.0,15.0,4.0,"Sion, Mumbai"
2024-02-02,83.0,75.0,4.0,16.0,13.0,5.0,"Sion, Mumbai"
2024-02-03,109.0,95.0,8.0,25.0,14.0,8.0,"Sion, Mumbai"
2024-02-04,139.0,97.0,6.0,36.0,15.0,12.0,"Sion, Mumbai"
2024-02-05,134.0,96.0,7.0,32.0,15.0,11.0,"Sion, Mumbai"
2024-02-06,133.0,111.0,7.0,10.0,14.0,3.0,"Sion, Mumbai"
2024-02-07,151.0,72.0,6.0,15.0,13.0,5.0,"Sion, Mumbai"
2024-02-08,109.0,78.0,7.0,18.0,14.0,6.0,"Sion, Mumbai"
2024-02-09,115.0,76.0,7.0,15.0,14.0,5.0,"Sion, Mumbai"
2024-02-10,110.0,103.0,9.0,17.0,14.0,6.0,"Sion, Mumbai"
2024-02-11,137.0,88.0,13.0,28.0,14.0,10.0,"Sion, Mumbai"
2024-02-12,133.0,99.0,11.0,24.0,15.0,8.0,"Sion, Mumbai"
2024-02-13,132.0,76.0,11.0,16.0,14.0,5.0,"Sion, Mumbai"
2024-02-14,119.0,81.0,8.0,20.0,14.0,7.0,"Sion, Mumbai"
2024-02-15,126.0,86.0,9.0,27.0,14.0,9.0,"Sion, Mumbai"
2024-02-16,154.0,106.0,10.0,32.0,16.0,10.0,"Sion, Mumbai"
2024-02-17,152.0,66.0,6.0,12.0,14.0,4.0,"Sion, Mumbai"
2024-02-18,95.0,68.0,6.0,19.0,15.0,7.0,"Sion, Mumbai"
2024-02-19,97.0,51.0,5.0,7.0,14.0,2.0,"Sion, Mumbai"
2024-02-20,63.0,64.0,5.0,7.0,14.0,2.0,"Sion, Mumbai"
2024-02-21,71.0,51.0,5.0,8.0,14.0,2.0,"Sion, Mumbai"
2024-02-22,66.0,61.0,6.0,10.0,14.0,3.0,"Sion, Mumbai"
2024-02-23,77.0,75.5,5.0,13.0,15.0,4.0,"Sion, Mumbai"
2024-02-24,97.0,90.0,8.0,20.0,15.0,7.0,"Sion, Mumbai"
2024-02-25,117.0,95.0,19.0,30.0,15.0,10.0,"Sion, Mumbai"
2024-02-26,144.0,94.0,10.0,29.0,15.0,9.0,"Sion, Mumbai"
2024-02-27,143.0,72.0,10.0,12.0,14.0,4.0,"Sion, Mumbai"
2024-02-28,116.0,75.0,10.0,15.0,14.0,5.0,"Sion, Mumbai"
2024-02-29,120.0,105.0,9.0,24.0,15.0,8.0,"Sion, Mumbai"
2024-03-01,164.0,53.0,5.0,5.0,14.0,1.0,"Sion, Mumbai"
2024-03-02,74.0,56.0,5.0,2.0,13.0,1.5,"Sion, Mumbai"
2024-03-03,44.0,61.0,6.0,6.0,13.0,2.0,"Sion, Mumbai"
2024-03-04,51.0,105.0,8.0,14.0,14.0,4.0,"Sion, Mumbai"
2024-03-05,94.0,131.0,9.0,27.0,15.0,9.0,"Sion, Mumbai"
2024-03-06,108.0,132.0,9.0,22.0,13.0,7.0,"Sion, Mumbai"
2024-03-07,120.0,109.0,7.0,13.0,14.0,4.0,"Sion, Mumbai"
2024-03-08,86.0,128.0,8.0,20.0,15.0,6.0,"Sion, Mumbai"
2024-03-09,107.0,105.0,6.0,21.0,15.0,7.0,"Sion, Mumbai"
2024-03-10,89.0,115.0,6.0,21.0,15.0,7.0,"Sion, Mumbai"
2024-03-11,97.0,88.0,11.0,14.0,13.0,4.0,"Sion, Mumbai"
2024-03-12,85.0,73.0,10.0,9.0,13.0,3.0,"Sion, Mumbai"
2024-03-13,67.0,76.0,6.0,10.0,14.0,3.0,"Sion, Mumbai"
2024-03-14,72.0,101.5,6.0,10.0,14.0,3.0,"Sion, Mumbai"
2024-03-15,82.0,127.0,6.0,10.0,14.0,3.0,"Sion, Mumbai"
2024-03-16,92.0,107.0,6.0,9.0,13.0,3.0,"Sion, Mumbai"
2024-03-17,86.0,98.0,6.0,9.0,13.0,3.0,"Sion, Mumbai"
2024-03-18,81.0,110.0,9.0,12.0,13.0,3.0,"Sion, Mumbai"
2024-03-19,94.0,140.0,9.0,19.0,14.0,6.0,"Sion, Mumbai"
2024-03-20,105.0,142.0,9.0,20.0,14.0,6.0,"Sion, Mumbai"
2024-03-21,112.0,96.0,11.0,16.0,14.0,5.0,"Sion, Mumbai"
2024-03-22,121.0,83.0,8.0,14.0,14.0,4.0,"Sion, Mumbai"
2024-03-23,126.0,68.0,7.0,8.0,14.0,2.0,"Sion, Mumbai"
2024-03-24,99.0,70.0,8.0,18.0,14.0,5.0,"Sion, Mumbai"
2024-03-25,122.0,71.0,8.0,11.0,14.0,3.0,"Sion, Mumbai"
2024-03-26,101.0,65.0,7.0,7.0,14.0,2.0,"Sion, Mumbai"
2024-03-27,89.0,77.0,8.0,9.0,14.0,3.0,"Sion, Mumbai"
2024-03-28,103.0,93.0,8.0,12.0,14.0,4.0,"Sion, Mumbai"
2024-03-29,117.0,97.0,8.0,10.0,14.0,3.0,"Sion, Mumbai"
2024-03-30,131.0,87.0,9.0,8.0,14.0,2.0,"Sion, Mumbai"
2024-03-31,106.0,98.0,10.0,7.0,13.0,2.0,"Sion, Mumbai"
2024-04-01,134.0,100.0,9.5,8.0,13.5,2.0,"Sion, Mumbai"
2024-04-02,133.5,102.0,9.0,9.0,14.0,2.0,"Sion, Mumbai"
2024-04-03,133.0,73.0,9.0,11.0,14.0,3.0,"Sion, Mumbai"
2024-04-04,93.0,100.0,10.0,4.0,13.0,1.0,"Sion, Mumbai"
2024-04-05,134.0,85.5,11.0,5.5,13.0,1.5,"Sion, Mumbai"
2024-04-06,115.0,71.0,12.0,7.0,13.0,2.0,"Sion, Mumbai"
2024-04-07,96.0,66.0,11.0,9.0,14.0,3.0,"Sion, Mumbai"
2024-04-08,88.0,83.0,12.0,8.0,14.0,2.0,"Sion, Mumbai"
2024-04-09,105.0,89.0,13.0,7.0,14.0,2.0,"Sion, Mumbai"
2024-04-10,91.0,122.0,13.0,9.0,14.0,3.0,"Sion, Mumbai"
2024-04-11,93.0,95.5,12.5,8.0,13.5,2.5,"Sion, Mumbai"
2024-04-12,83.5,69.0,12.0,7.0,13.0,2.0,"Sion, Mumbai"
2024-04-13,74.0,68.0,12.0,7.0,13.0,2.0,"Sion, Mumbai"
2024-04-14,75.0,92.0,18.0,11.0,13.0,3.0,"Sion, Mumbai"
2024-04-15,115.0,109.0,18.0,16.0,14.0,5.0,"Sion, Mumbai"
2024-04-16,139.0,74.0,20.0,8.0,13.0,2.0,"Sion, Mumbai"
2024-04-17,106.0,80.0,16.0,9.0,13.0,3.0,"Sion, Mumbai"
2024-04-18,115.0,70.0,16.0,11.0,13.0,3.0,"Sion, Mumbai"
2024-04-19,87.0,98.0,14.0,13.0,13.0,4.0,"Sion, Mumbai"
2024-04-20,81.0,65.0,17.0,17.0,13.0,5.0,"Sion, Mumbai"
2024-04-21,67.0,60.0,17.0,19.0,13.0,6.0,"Sion, Mumbai"
2024-04-22,67.0,73.0,17.0,20.0,13.0,6.0,"Sion, Mumbai"
2024-04-23,79.0,75.0,17.0,22.0,13.0,7.0,"Sion, Mumbai"
2024-04-24,75.0,74.0,19.0,23.0,13.0,7.0,"Sion, Mumbai"
2024-04-25,71.0,78.5,20.5,25.0,13.0,8.0,"Sion, Mumbai"
2024-04-26,83.0,83.0,22.0,27.0,13.0,9.0,"Sion, Mumbai"
2024-04-27,95.0,111.0,25.0,28.0,13.0,9.0,"Sion, Mumbai"
2024-04-28,119.0,95.0,24.0,30.0,13.0,10.0,"Sion, Mumbai"
2024-04-29,95.0,95.0,25.0,31.0,13.0,10.0,"Sion, Mumbai"
2024-04-30,100.0,76.0,25.0,33.0,13.0,11.0,"Sion, Mumbai"
2024-05-01,76.0,84.0,26.0,33.0,13.0,11.0,"Sion, Mumbai"
2024-05-02,87.0,87.0,26.0,34.0,13.0,11.0,"Sion, Mumbai"
2024-05-03,92.0,66.0,26.0,35.0,13.0,11.0,"Sion, Mumbai"
2024-05-04,70.0,60.0,29.0,37.0,13.0,12.0,"Sion, Mumbai"
2024-05-05,70.0,53.0,29.0,37.0,13.0,12.0,"Sion, Mumbai"
2024-05-06,64.0,60.0,29.0,37.0,13.0,12.0,"Sion, Mumbai"
2024-05-07,69.0,57.0,36.0,38.0,13.0,12.0,"Sion, Mumbai"
2024-05-08,66.0,53.0,36.0,38.0,13.0,12.0,"Sion, Mumbai"
2024-05-09,65.0,53.0,36.0,38.0,13.0,13.0,"Sion, Mumbai"
2024-05-10,63.0,66.0,41.0,38.0,13.0,12.0,"Sion, Mumbai"
2024-05-11,76.0,61.5,39.0,38.5,13.0,12.5,"Sion, Mumbai"
2024-05-12,75.0,57.0,37.0,39.0,13.0,13.0,"Sion, Mumbai"
2024-05-13,74.0,88.0,39.0,40.0,14.0,13.0,"Sion, Mumbai"
2024-05-14,124.0,104.0,39.0,41.0,14.0,14.0,"Sion, Mumbai"
2024-05-15,146.0,78.0,41.0,11.0,14.0,13.0,"Sion, Mumbai"
2024-05-16,103.0,77.0,31.0,17.0,13.0,7.0,"Sion, Mumbai"
2024-05-17,97.0,65.0,29.0,17.0,13.0,6.0,"Sion, Mumbai"
2024-05-18,89.0,68.0,30.0,17.0,13.0,6.0,"Sion, Mumbai"
2024-05-19,94.0,96.5,1.0,19.0,21.0,6.5,"Sion, Mumbai"
2024-05-20,136.5,125.0,3.0,21.0,13.0,7.0,"Sion, Mumbai"
2024-05-21,179.0,68.0,17.0,19.0,11.0,6.0,"Sion, Mumbai"
2024-05-22,143.0,64.0,22.0,33.0,10.0,5.0,"Sion, Mumbai"
2024-05-23,82.0,59.0,27.0,29.0,9.0,6.0,"Sion, Mumbai"
2024-05-24,97.0,113.0,25.0,27.0,9.0,6.0,"Sion, Mumbai"
2024-05-25,129.0,116.0,25.0,26.0,9.0,6.0,"Sion, Mumbai"
2024-05-26,63.0,59.0,25.0,25.0,9.0,6.0,"Sion, Mumbai"
2024-05-27,70.0,55.0,29.0,29.0,10.0,6.0,"Sion, Mumbai"
2024-05-28,77.0,65.0,43.0,34.0,10.0,8.0,"Sion, Mumbai"
2024-05-29,93.0,63.0,42.0,31.0,10.0,7.0,"Sion, Mumbai"
2024-05-30,87.0,54.0,20.0,33.0,10.0,8.0,"Sion, Mumbai"
2024-05-31,73.0,50.0,22.0,35.0,10.0,8.0,"Sion, Mumbai"
2024-06-01,65.0,42.0,24.0,34.0,10.0,8.0,"Sion, Mumbai"
2024-06-02,72.0,63.0,24.0,24.0,10.0,8.0,"Sion, Mumbai"
2024-06-03,80.0,67.0,25.0,7.0,10.0,8.0,"Sion, Mumbai"
2024-06-04,86.0,71.0,27.0,7.0,10.0,8.0,"Sion, Mumbai"
2024-06-05,128.0,51.0,28.0,8.0,10.0,9.0,"Sion, Mumbai"
2024-06-06,70.0,58.0,29.0,10.0,10.0,8.0,"Sion, Mumbai"
2024-06-07,72.0,210.0,21.0,12.0,10.0,9.0,"Sion, Mumbai"
2024-06-08,180.0,121.5,20.0,8.0,10.0,9.0,"Sion, Mumbai"
2024-06-09,59.0,33.0,26.0,15.0,10.0,9.0,"Sion, Mumbai"
2024-06-10,52.0,34.0,28.0,14.0,10.0,9.0,"Sion, Mumbai"
2024-06-11,56.0,43.0,26.0,14.0,10.0,8.0,"Sion, Mumbai"
2024-06-12,55.0,37.0,29.0,14.0,10.0,8.0,"Sion, Mumbai"
2024-06-13,47.0,44.0,11.0,15.0,10.0,9.0,"Sion, Mumbai"
2024-06-14,52.0,44.0,12.0,15.0,10.0,10.0,"Sion, Mumbai"
2024-06-15,56.0,51.0,13.0,16.0,10.0,10.0,"Sion, Mumbai"
2024-06-16,73.0,42.0,12.777777777777779,14.0,9.0,8.0,"Sion, Mumbai"
2024-06-17,58.0,61.0,12.555555555555555,16.0,10.0,10.0,"Sion, Mumbai"
2024-06-18,76.0,46.0,12.333333333333334,15.0,10.0,10.0,"Sion, Mumbai"
2024-06-19,68.0,57.0,6.0,26.0,10.0,11.0,"Sion, Mumbai"
2024-06-20,88.0,52.0,6.0,23.0,10.0,10.0,"Sion, Mumbai"
2024-06-21,70.0,48.0,6.0,18.0,9.0,9.0,"Sion, Mumbai"
2024-06-22,70.0,54.0,6.0,23.0,9.0,9.0,"Sion, Mumbai"
2024-06-23,83.0,37.0,6.0,13.0,9.0,8.0,"Sion, Mumbai"
2024-06-24,55.0,52.0,11.0,57.0,11.0,9.0,"Sion, Mumbai"
2024-06-25,75.0,176.0,16.0,11.0,9.0,8.0,"Sion, Mumbai"
2024-06-26,170.0,26.0,12.0,19.0,9.0,7.0,"Sion, Mumbai"
2024-06-27,52.0,40.0,13.0,18.0,9.0,7.0,"Sion, Mumbai"
2024-06-28,68.0,91.0,10.0,18.0,9.0,7.0,"Sion, Mumbai"
2024-06-29,80.0,160.5,9.0,36.0,9.0,8.0,"Sion, Mumbai"
2024-06-30,78.0,230.0,11.0,56.0,9.0,8.0,"Sion, Mumbai"
2024-07-01,152.0,57.0,12.0,39.0,9.0,6.0,"Sion, Mumbai"
2024-07-02,175.0,87.0,12.0,14.0,10.0,5.0,"Sion, Mumbai"
2024-07-03,115.5,52.0,12.0,13.0,9.0,4.0,"Sion, Mumbai"
2024-07-04,56.0,41.0,11.0,13.0,9.0,5.0,"Sion, Mumbai"
2024-07-05,62.0,37.0,12.0,5.0,12.0,1.0,"Sion, Mumbai"
2024-07-06,205.0,37.0,15.0,2.0,9.0,1.5,"Sion, Mumbai"
2024-07-07,139.0,48.0,13.0,6.0,10.0,2.0,"Sion, Mumbai"
2024-07-08,73.0,44.0,10.0,5.0,10.0,2.0,"Sion, Mumbai"
2024-07-09,66.0,48.0,8.0,6.5,10.0,3.0,"Sion, Mumbai"
2024-07-10,71.5,52.0,6.0,8.0,10.0,4.0,"Sion, Mumbai"
2024-07-11,77.0,43.0,8.0,6.0,10.0,2.0,"Sion, Mumbai"
2024-07-12,65.0,41.5,11.0,7.0,10.0,3.0,"Sion, Mumbai"
2024-07-13,63.0,40.0,10.0,6.0,10.0,2.0,"Sion, Mumbai"
2024-07-14,61.0,49.0,10.0,6.0,11.0,3.0,"Sion, Mumbai"
2024-07-15,72.0,40.0,11.0,7.0,11.0,3.0,"Sion, Mumbai"
2024-07-16,62.0,31.0,10.0,6.0,10.0,2.0,"Sion, Mumbai"
2024-07-17,53.0,22.0,12.0,5.0,11.0,2.0,"Sion, Mumbai"
2024-07-18,38.0,40.0,13.0,6.0,11.0,3.0,"Sion, Mumbai"
2024-07-19,62.0,36.0,14.0,5.0,11.0,2.0,"Sion, Mumbai"
2024-07-20,55.0,32.0,15.0,5.0,11.0,2.0,"Sion, Mumbai"
2024-07-21,52.0,44.0,20.0,4.0,11.0,2.0,"Sion, Mumbai"
2024-07-22,66.0,44.0,6.0,4.0,10.0,2.0,"Sion, Mumbai"
2024-07-23,66.0,50.0,7.0,4.0,10.0,2.0,"Sion, Mumbai"
2024-07-24,73.0,37.0,7.0,4.0,10.0,1.0,"Sion, Mumbai"
2024-07-25,58.0,53.0,7.0,4.0,10.0,2.0,"Sion, Mumbai"
2024-07-26,76.0,47.0,7.0,4.0,10.0,1.0,"Sion, Mumbai"
2024-07-27,71.0,59.0,7.0,4.0,11.0,2.0,"Sion, Mumbai"
2024-07-28,86.0,55.0,7.0,4.0,11.0,2.0,"Sion, Mumbai"
2024-07-29,80.0,53.0,7.0,4.0,11.0,2.0,"Sion, Mumbai"
2024-07-30,77.0,44.0,7.0,4.0,10.0,1.0,"Sion, Mumbai"
2024-07-31,65.0,43.0,7.0,4.0,11.0,2.0,"Sion, Mumbai"
2024-08-01,66.0,243.0,7.0,6.0,11.0,3.0,"Sion, Mumbai"
2024-08-02,177.0,116.0,7.0,7.0,10.0,3.0,"Sion, Mumbai"
2024-08-03,115.0,42.0,6.0,8.0,10.0,3.0,"Sion, Mumbai"
2024-08-04,64.0,39.0,7.0,8.0,11.0,4.0,"Sion, Mumbai"
2024-08-05,61.0,37.0,7.0,8.0,10.0,4.0,"Sion, Mumbai"
2024-08-06,59.0,33.0,7.0,8.0,11.0,4.0,"Sion, Mumbai"
2024-08-07,55.0,38.0,7.0,8.0,11.0,4.0,"Sion, Mumbai"
2024-08-08,60.0,34.0,6.0,8.0,10.0,4.0,"Sion, Mumbai"
2024-08-09,56.0,32.0,6.0,8.0,11.0,4.0,"Sion, Mumbai"
2024-08-10,53.0,30.0,7.0,8.0,11.0,4.0,"Sion, Mumbai"
2024-08-11,52.0,39.0,7.0,8.0,11.0,4.0,"Sion, Mumbai"
2024-08-12,61.0,41.0,6.0,8.0,11.0,4.0,"Sion, Mumbai"
2024-08-13,64.0,41.0,6.0,8.0,11.0,4.0,"Sion, Mumbai"
2024-08-14,63.0,101.0,6.0,9.0,10.0,4.0,"Sion, Mumbai"
2024-08-15,95.0,35.0,6.0,9.0,11.0,4.0,"Sion, Mumbai"
2024-08-16,57.0,43.0,8.0,9.0,11.0,4.0,"Sion, Mumbai"
2024-08-17,66.0,125.0,7.0,9.0,11.0,4.0,"Sion, Mumbai"
2024-08-18,117.0,45.0,7.0,10.0,11.0,4.0,"Sion, Mumbai"
2024-08-19,69.0,50.0,7.0,12.0,11.0,6.0,"Sion, Mumbai"
2024-08-20,78.0,62.0,7.0,12.0,11.0,5.0,"Sion, Mumbai"
2024-08-21,93.0,52.0,7.0,10.0,11.0,4.0,"Sion, Mumbai"
2024-08-22,80.0,30.0,7.0,9.0,11.0,4.0,"Sion, Mumbai"
2024-08-23,50.0,35.0,7.0,9.0,11.0,4.0,"Sion, Mumbai"
2024-08-24,57.0,33.0,9.0,8.0,11.0,4.0,"Sion, Mumbai"
2024-08-25,54.0,33.0,9.0,8.0,10.0,4.0,"Sion, Mumbai"
2024-08-26,55.0,32.0,8.0,8.0,10.0,4.0,"Sion, Mumbai"
2024-08-27,54.0,37.0,7.0,8.0,10.0,3.0,"Sion, Mumbai"
2024-08-28,59.0,38.0,7.0,8.0,10.0,3.0,"Sion, Mumbai"
2024-08-29,60.0,49.0,8.0,8.0,11.0,3.0,"Sion, Mumbai"
2024-08-30,63.0,70.0,6.0,7.869565217391305,10.0,3.0458715596330275,"Sion, Mumbai"
2024-08-31,77.0,34.0,8.0,7.739130434782608,11.0,3.091743119266055,"Sion, Mumbai"
2024-09-01,56.0,115.0,7.0,7.608695652173913,10.0,3.1376146788990824,"Sion, Mumbai"
2024-09-02,111.0,35.0,10.0,9.0,11.0,4.0,"Sion, Mumbai"
2024-09-03,56.0,33.0,12.0,9.0,10.0,4.0,"Sion, Mumbai"
2024-09-04,54.0,28.0,9.0,9.0,10.0,4.0,"Sion, Mumbai"
2024-09-05,48.0,33.0,3.0,9.0,10.0,4.0,"Sion, Mumbai"
2024-09-06,55.0,29.0,3.0,9.0,10.0,4.0,"Sion, Mumbai"
2024-09-07,49.0,27.0,3.0,9.0,10.0,4.0,"Sion, Mumbai"
2024-09-08,46.0,25.0,3.0,9.0,10.0,4.0,"Sion, Mumbai"
2024-09-09,44.0,26.0,3.0,9.0,10.0,4.0,"Sion, Mumbai"
2024-09-10,56.0,35.0,3.0,9.0,10.0,4.0,"Sion, Mumbai"
2024-09-11,57.0,44.0,3.0,9.0,9.0,4.0,"Sion, Mumbai"
2024-09-12,67.0,41.0,3.0,9.0,10.0,4.0,"Sion, Mumbai"
2024-09-13,63.0,38.0,3.0,9.0,10.0,4.0,"Sion, Mumbai"
2024-09-14,60.0,50.0,3.0,9.0,10.0,4.0,"Sion, Mumbai"
2024-09-15,77.0,56.0,3.0,9.0,10.0,4.0,"Sion, Mumbai"
2024-09-16,88.0,55.0,3.0,9.0,10.0,4.0,"Sion, Mumbai"
2024-09-17,83.0,56.0,3.0,9.0,10.0,4.0,"Sion, Mumbai"
2024-09-18,85.0,50.0,4.0,9.0,10.0,4.0,"Sion, Mumbai"
2024-09-19,75.0,41.0,4.0,9.0,10.0,4.0,"Sion, Mumbai"
2024-09-20,63.0,39.5,3.0,9.0,10.0,4.0,"Sion, Mumbai"
2024-09-21,90.66666666666666,38.0,3.0,5.0,10.0,4.0,"Sion, Mumbai"
2024-09-22,118.33333333333333,88.0,4.0,7.0,10.0,4.0,"Sion, Mumbai"
2024-09-23,146.0,30.0,4.0,7.0,10.0,4.0,"Sion, Mumbai"
2024-09-24,65.0,176.0,3.0,6.0,10.0,4.0,"Sion, Mumbai"
2024-09-25,63.0,17.0,3.0,3.0,10.0,4.0,"Sion, Mumbai"
2024-09-26,16.0,15.0,3.0,3.0,8.0,4.0,"Sion, Mumbai"
2024-09-27,13.0,18.0,3.0,3.0,6.0,4.0,"Sion, Mumbai"
2024-09-28,15.0,24.0,4.0,3.0,6.0,4.0,"Sion, Mumbai"
2024-09-29,20.0,42.0,4.0,3.0,6.0,4.0,"Sion, Mumbai"
2024-09-30,33.0,55.0,4.0,4.0,6.0,4.0,"Sion, Mumbai"
2024-10-01,51.0,65.0,4.0,3.0,6.0,5.5,"Sion, Mumbai"
2024-10-02,67.0,37.0,3.0,3.0,6.0,5.5,"Sion, Mumbai"
2024-10-03,38.0,34.0,3.0,3.0,6.0,5.5,"Sion, Mumbai"
2024-10-04,28.0,39.0,3.0,3.0,6.0,5.5,"Sion, Mumbai"
2024-10-05,31.0,48.0,3.0,12.0,6.0,5.5,"Sion, Mumbai"
2024-10-06,35.0,59.0,3.0,12.0,6.0,5.5,"Sion, Mumbai"
2024-10-07,60.0,60.0,3.0,3.0,6.0,5.5,"Sion, Mumbai"
2024-10-08,61.0,40.0,4.0,3.0,6.0,5.5,"Sion, Mumbai"
2024-10-09,40.0,33.0,4.0,3.0,6.0,5.5,"Sion, Mumbai"
2024-10-10,35.0,23.0,4.0,3.0,6.0,5.5,"Sion, Mumbai"
2024-10-11,23.0,24.0,3.3333333333333335,3.0,6.0,5.5,"Sion, Mumbai"
2024-10-12,26.0,32.0,2.666666666666667,3.0,6.0,5.5,"Sion, Mumbai"
2024-10-13,33.0,35.0,2.0,10.0,6.0,5.5,"Sion, Mumbai"
2024-10-14,37.0,26.0,2.0,14.0,6.0,5.5,"Sion, Mumbai"
2024-10-15,24.0,58.5,2.75,11.5,6.5,5.5,"Sion, Mumbai"
2024-10-17,23.0,123.5,4.25,6.500000000000001,7.5,5.5,"Sion, Mumbai"
2024-10-18,60.5,156.0,5.0,4.0,8.0,5.5,"Sion, Mumbai"
2024-10-19,98.0,247.0,8.0,3.0,6.0,5.5,"Sion, Mumbai"
2024-10-20,79.0,80.0,8.0,3.0,6.0,5.5,"Sion, Mumbai"
2024-10-21,59.0,46.0,14.0,3.0,7.0,5.5,"Sion, Mumbai"
2024-10-22,35.0,48.0,6.0,3.0,7.0,5.5,"Sion, Mumbai"
2024-10-23,39.0,58.0,7.0,3.0,7.0,5.5,"Sion, Mumbai"
2024-10-24,64.0,74.0,7.0,3.0,7.0,5.5,"Sion, Mumbai"
2024-10-25,62.0,80.0,8.0,3.0,7.0,5.5,"Sion, Mumbai"
2024-10-26,73.0,106.0,9.0,3.0,7.0,5.5,"Sion, Mumbai"
2024-10-27,102.0,122.0,10.0,5.0,7.0,5.5,"Sion, Mumbai"
2024-10-28,122.0,95.0,4.0,3.0,7.0,5.5,"Sion, Mumbai"
2024-10-29,110.0,79.0,7.0,4.0,7.0,5.5,"Sion, Mumbai"
2024-10-30,122.0,98.0,11.0,3.0,7.0,5.5,"Sion, Mumbai"
2024-10-31,146.0,91.0,27.0,3.0,7.0,5.5,"Sion, Mumbai"
2024-11-01,143.0,112.0,24.125,3.0,7.0,6.0,"Sion, Mumbai"
2024-11-02,153.0,89.0,21.25,4.0,7.0,6.0,"Sion, Mumbai"
2024-11-03,140.0,94.0,18.375,3.0,7.0,6.0,"Sion, Mumbai"
2024-11-04,148.0,88.0,14.0,4.0,7.0,6.0,"Sion, Mumbai"
2024-11-05,146.0,94.0,14.0,4.0,7.0,6.0,"Sion, Mumbai"
2024-11-06,144.0,89.0,14.0,4.0,7.0,6.0,"Sion, Mumbai"
2024-11-07,146.0,89.0,14.0,4.0,7.0,6.0,"Sion, Mumbai"
2024-11-08,149.0,85.0,4.0,4.0,7.0,6.0,"Sion, Mumbai"
2024-11-09,148.0,86.0,5.0,4.0,7.0,6.0,"Sion, Mumbai"
2024-11-10,148.0,81.0,8.0,4.0,7.0,6.0,"Sion, Mumbai"
2024-11-11,165.0,85.0,9.5,6.166666666666666,7.0,6.0,"Sion, Mumbai"
2024-11-12,149.0,81.0,11.0,8.333333333333332,7.0,6.0,"Sion, Mumbai"
2024-11-13,147.0,91.0,12.5,10.5,7.0,6.0,"Sion, Mumbai"
2024-11-14,147.0,84.0,14.0,20.0,7.0,6.0,"Sion, Mumbai"
2024-11-15,146.0,116.0,15.5,20.0,7.0,6.0,"Sion, Mumbai"
2024-11-16,170.0,98.0,17.0,17.0,7.0,6.0,"Sion, Mumbai"
2024-11-17,158.0,89.0,8.0,19.0,8.0,6.0,"Sion, Mumbai"
2024-11-18,142.0,82.0,8.0,27.0,11.0,6.0,"Sion, Mumbai"
2024-11-19,145.0,82.0,14.0,24.0,12.0,6.0,"Sion, Mumbai"
2024-11-20,148.0,101.0,13.736842105263158,26.0,11.0,6.0,"Sion, Mumbai"
2024-11-21,162.0,111.0,13.473684210526315,27.0,11.0,6.0,"Sion, Mumbai"
2024-11-22,168.0,105.0,13.210526315789474,27.0,12.0,6.0,"Sion, Mumbai"
2024-11-23,157.0,104.0,14.0,26.0,12.0,6.0,"Sion, Mumbai"
2024-11-24,157.0,112.0,14.0,33.0,12.0,6.0,"Sion, Mumbai"
2024-11-25,156.0,94.0,14.0,27.0,12.0,6.0,"Sion, Mumbai"
2024-11-26,150.0,93.0,14.0,27.0,12.0,6.0,"Sion, Mumbai"
2024-11-27,147.0,88.0,14.0,26.0,12.0,6.0,"Sion, Mumbai"
2024-11-28,147.0,88.0,14.0,28.0,12.0,6.0,"Sion, Mumbai"
2024-11-29,145.0,84.0,14.0,28.0,12.0,6.0,"Sion, Mumbai"
2024-11-30,149.0,90.0,14.0,27.0,12.0,6.0,"Sion, Mumbai"
2024-12-01,153.0,93.0,14.5,30.0,12.0,7.0,"Sion, Mumbai"
2024-12-02,156.0,118.0,14.5,27.0,12.0,7.0,"Sion, Mumbai"
2024-12-03,177.0,64.0,14.5,25.0,12.0,7.0,"Sion, Mumbai"
2024-12-04,139.0,75.0,14.5,23.0,12.0,7.0,"Sion, Mumbai"
2024-12-05,147.0,85.0,14.5,24.0,12.0,7.0,"Sion, Mumbai"
2024-12-06,152.0,101.0,14.5,30.0,12.0,7.0,"Sion, Mumbai"
2024-12-07,158.0,74.0,14.5,29.0,12.0,7.0,"Sion, Mumbai"
2024-12-08,134.0,80.0,14.5,31.0,12.0,7.0,"Sion, Mumbai"
2024-12-09,141.0,93.0,14.5,30.0,12.0,7.0,"Sion, Mumbai"
2024-12-10,145.0,83.0,14.5,30.0,12.0,7.0,"Sion, Mumbai"
2024-12-11,150.0,87.0,14.5,30.0,12.0,7.0,"Sion, Mumbai"
2024-12-12,154.0,142.5,14.5,26.0,12.0,7.0,"Sion, Mumbai"
2024-12-13,152.0,198.0,14.5,26.0,12.0,7.0,"Sion, Mumbai"
2024-12-14,219.0,80.0,14.5,30.0,12.0,7.0,"Sion, Mumbai"
2024-12-15,150.0,96.0,14.5,39.0,12.0,7.0,"Sion, Mumbai"
2024-12-16,150.0,102.0,14.5,34.0,13.0,8.0,"Sion, Mumbai"
2024-12-17,157.0,175.0,14.5,10.0,12.0,8.0,"Sion, Mumbai"
2024-12-18,182.0,135.0,14.5,37.0,13.0,9.0,"Sion, Mumbai"
2024-12-19,177.0,115.0,14.5,53.0,12.0,9.0,"Sion, Mumbai"
2024-12-20,161.0,113.0,14.5,59.0,12.0,8.0,"Sion, Mumbai"
2024-12-21,160.0,101.0,14.5,59.0,12.0,8.0,"Sion, Mumbai"
2024-12-22,151.0,95.0,14.5,32.0,12.0,6.0,"Sion, Mumbai"
2024-12-23,153.0,109.0,14.5,22.0,12.0,6.0,"Sion, Mumbai"
2024-12-24,158.0,140.0,14.5,22.0,13.0,6.0,"Sion, Mumbai"
2024-12-25,176.0,154.0,14.5,20.0,13.0,6.0,"Sion, Mumbai"
2024-12-26,170.0,112.0,14.5,6.0,13.0,6.0,"Sion, Mumbai"
2024-12-27,155.0,112.0,4.0,4.0,13.0,6.0,"Sion, Mumbai"
2024-12-28,160.0,112.0,4.861111111111111,5.0,13.0,6.0,"Sion, Mumbai"
2024-12-29,154.0,112.0,5.722222222222222,4.666666666666667,13.333333333333334,6.0,"Sion, Mumbai"
2024-12-31,152.0,112.0,7.444444444444445,4.0,14.0,6.0,"Sion, Mumbai"
2025-01-01,151.0,127.0,18.0,5.0,14.0,5.0,"Sion, Mumbai"
2025-01-02,149.0,97.0,18.0,6.0,14.0,5.0,"Sion, Mumbai"
2025-01-03,142.0,124.0,18.0,9.0,14.0,5.0,"Sion, Mumbai"
2025-01-04,149.0,98.0,18.0,12.0,14.0,6.0,"Sion, Mumbai"
2025-01-05,155.0,93.0,18.0,11.0,14.0,6.0,"Sion, Mumbai"
2025-01-06,148.0,107.0,18.0,10.0,14.0,6.0,"Sion, Mumbai"
2025-01-07,155.0,115.0,18.0,35.0,14.0,6.0,"Sion, Mumbai"
2025-01-08,161.0,92.0,18.0,6.0,14.0,5.0,"Sion, Mumbai"
2025-01-09,151.0,96.0,18.0,6.0,15.0,5.0,"Sion, Mumbai"
2025-01-10,158.0,83.0,18.0,4.0,15.0,5.0,"Sion, Mumbai"
2025-01-11,151.0,79.0,18.0,5.0,15.0,5.0,"Sion, Mumbai"
2025-01-12,154.0,77.0,18.0,6.0,15.0,5.0,"Sion, Mumbai"
2025-01-13,154.0,107.0,18.0,13.0,16.0,5.0,"Sion, Mumbai"
2025-01-14,168.0,88.0,18.0,7.499999999999999,15.0,5.0,"Sion, Mumbai"
2025-01-15,161.0,102.0,18.0,2.0,17.0,5.0,"Sion, Mumbai"
2025-01-16,161.0,126.0,18.0,2.0,16.0,5.0,"Sion, Mumbai"
2025-01-17,165.0,93.0,18.0,76.0,15.0,5.0,"Sion, Mumbai"
2025-01-18,155.0,149.0,18.0,21.0,15.0,5.0,"Sion, Mumbai"
2025-01-19,158.0,121.0,18.0,19.0,16.0,5.0,"Sion, Mumbai"
2025-01-20,160.0,145.0,18.0,10.5,16.0,5.0,"Sion, Mumbai"
2025-01-21,186.0,98.0,18.0,2.0,14.0,5.0,"Sion, Mumbai"
2025-01-22,162.0,83.0,18.0,2.0,14.0,5.0,"Sion, Mumbai"
2025-01-23,153.0,84.0,18.0,2.0,15.0,5.0,"Sion, Mumbai"
2025-01-24,156.0,96.0,18.0,4.0,15.0,5.0,"Sion, Mumbai"
2025-01-25,161.0,99.0,18.0,4.0,15.0,5.0,"Sion, Mumbai"
2025-01-26,162.0,92.0,18.0,4.0,16.0,5.0,"Sion, Mumbai"
2025-01-27,161.0,80.0,18.0,2.0,14.0,5.0,"Sion, Mumbai"
2025-01-28,155.0,101.0,18.0,3.5,14.0,5.0,"Sion, Mumbai"
2025-01-29,156.5,122.0,18.0,5.0,14.0,5.0,"Sion, Mumbai"
2025-01-30,158.0,96.0,18.0,2.0,18.0,5.0,"Sion, Mumbai"
2025-01-31,129.0,91.0,18.0,2.0,20.0,5.0,"Sion, Mumbai"
2025-02-01,140.0,99.0,35.0,2.0,20.0,5.0,"Sion, Mumbai"
2025-02-02,147.0,95.0,31.6,2.0,21.0,5.0,"Sion, Mumbai"
2025-02-03,144.0,92.0,28.2,2.0,22.0,5.0,"Sion, Mumbai"
2025-02-04,140.0,92.0,24.8,2.0,21.0,5.0,"Sion, Mumbai"
2025-02-05,140.0,104.0,13.0,2.0,23.0,5.0,"Sion, Mumbai"
2025-02-06,152.0,115.0,13.0,2.0,27.0,4.428571428571429,"Sion, Mumbai"
2025-02-07,157.0,118.0,13.0,2.0,29.0,3.857142857142857,"Sion, Mumbai"
2025-02-08,159.0,154.0,13.0,3.0,31.0,3.2857142857142856,"Sion, Mumbai"
2025-02-09,153.0,119.0,13.0,2.0,26.0,7.5,"Sion, Mumbai"
2025-02-10,147.0,87.0,13.0,4.0,30.0,7.5,"Sion, Mumbai"
2025-02-11,151.0,87.0,1.0,6.0,19.0,7.5,"Sion, Mumbai"
2025-02-12,151.0,92.0,1.0,14.0,14.0,1.0,"Sion, Mumbai"
2025-02-13,149.0,104.0,1.0,45.0,11.0,1.0,"Sion, Mumbai"
2025-02-14,159.0,82.0,1.0,37.2,6.0,1.0,"Sion, Mumbai"
2025-02-15,151.0,120.25,1.0,29.4,5.25,1.0,"Sion, Mumbai"
2025-02-18,184.75,235.0,1.0,6.0,3.0,1.0,"Sion, Mumbai"
2025-02-19,196.0,84.0,1.0,3.0,2.0,1.0,"Sion, Mumbai"
2025-02-20,149.0,78.0,1.0,3.0,2.0,1.0,"Sion, Mumbai"
2025-02-21,138.0,76.0,1.0,3.0,2.0,1.0,"Sion, Mumbai"
2025-02-22,138.0,107.0,1.0,3.0,2.0,1.0,"Sion, Mumbai"
2025-02-23,151.5,138.0,1.0,3.0,2.0,1.0,"Sion, Mumbai"
2025-02-24,165.0,114.0,1.0,3.0,2.0,1.0,"Sion, Mumbai"
2025-02-25,146.0,117.0,1.0,3.0,2.0,1.0,"Sion, Mumbai"
2025-02-26,153.0,97.5,1.0,2.5,2.0,1.0,"Sion, Mumbai"
2025-02-27,151.0,78.0,1.0,2.0,2.0,1.0,"Sion, Mumbai"
2025-02-28,149.0,71.0,1.0,2.0,2.0,1.0,"Sion, Mumbai"
2025-03-01,138.0,70.0,1.0,2.0,2.0,1.0,"Sion, Mumbai"
2025-03-02,139.0,73.0,1.0,2.0,2.0,1.0,"Sion, Mumbai"
2025-03-03,142.0,72.0,1.0,2.0,2.0,1.0,"Sion, Mumbai"
2025-03-04,144.0,142.0,1.0,2.0,2.0,1.0,"Sion, Mumbai"
2025-03-05,137.0,72.0,1.0,3.0,2.0,1.0,"Sion, Mumbai"
2025-03-06,137.0,77.0,1.0,3.0,2.0,1.0,"Sion, Mumbai"
2025-03-07,149.0,67.0,1.0,3.0,2.0,1.0,"Sion, Mumbai"
2025-03-08,147.0,59.0,1.0,2.0,2.0,1.0,"Sion, Mumbai"
2025-03-09,135.0,67.0,1.0,2.0,2.0,1.0,"Sion, Mumbai"
2025-03-10,154.0,78.0,1.0,13.0,2.0,1.0,"Sion, Mumbai"
2025-03-11,160.0,139.0,1.0,39.0,2.0,1.0,"Sion, Mumbai"
2025-03-12,171.0,91.0,1.0,29.0,2.0,1.0,"Sion, Mumbai"
2025-03-13,148.0,81.0,1.0,26.0,2.0,1.0,"Sion, Mumbai"
2025-03-14,141.0,68.0,1.0,29.0,2.0,1.0,"Sion, Mumbai"
2025-03-15,117.0,76.0,1.0,28.0,2.0,1.0,"Sion, Mumbai"
2025-03-16,126.0,71.0,1.0,28.0,2.0,4.0,"Sion, Mumbai"
2025-03-17,130.0,63.0,11.0,27.0,2.0,4.0,"Sion, Mumbai"
2025-03-18,117.0,62.0,11.0,28.0,2.0,4.0,"Sion, Mumbai"
2025-03-19,124.0,63.0,11.0,31.0,2.0,4.0,"Sion, Mumbai"
2025-03-20,129.0,57.0,11.0,29.0,2.0,4.0,"Sion, Mumbai"
2025-03-21,115.0,54.0,11.0,30.0,2.0,4.0,"Sion, Mumbai"
2025-03-22,110.0,57.0,11.0,34.0,2.0,4.0,"Sion, Mumbai"
2025-03-23,124.0,59.0,11.0,37.0,2.0,4.0,"Sion, Mumbai"
2025-03-24,131.0,67.0,11.0,43.0,2.0,4.0,"Sion, Mumbai"
2025-03-25,138.0,57.0,11.0,42.0,2.0,4.0,"Sion, Mumbai"
2025-03-26,114.0,55.0,11.0,45.0,2.0,4.0,"Sion, Mumbai"
2025-03-27,106.0,65.0,11.0,51.0,2.0,4.0,"Sion, Mumbai"
2025-03-28,125.0,80.0,11.0,60.0,2.0,4.0,"Sion, Mumbai"
2025-03-29,147.0,75.0,11.0,62.0,2.0,4.0,"Sion, Mumbai"
2025-03-30,139.0,65.0,11.0,63.0,2.0,4.0,"Sion, Mumbai"
2025-03-31,129.0,61.0,11.0,62.0,2.0,4.0,"Sion, Mumbai"
2025-04-01,126.0,70.0,1.0,62.34782608695652,2.0,1.0,"Sion, Mumbai"
2025-04-02,145.0,70.0,1.0,62.69565217391305,2.0,1.0,"Sion, Mumbai"
2025-04-03,132.0,70.0,1.0,63.04347826086956,3.0,1.0,"Sion, Mumbai"
2025-04-04,126.0,69.65853658536585,1.0,9.0,4.0,1.0,"Sion, Mumbai"
2025-04-05,135.0,69.3170731707317,1.0,9.0,4.0,1.0,"Sion, Mumbai"
2025-04-06,128.0,68.97560975609755,1.0,9.0,4.0,1.0,"Sion, Mumbai"
2025-04-07,135.0,70.0,1.0,9.0,3.0,1.0,"Sion, Mumbai"
2025-04-08,142.0,70.0,1.0,9.0,2.945945945945946,1.0,"Sion, Mumbai"
2025-05-14,66.5945945945946,56.0,1.0,9.0,1.0,1.0,"Sion, Mumbai"
2025-05-15,64.5,63.0,1.0,9.0,3.0,1.0,"Sion, Mumbai"
2025-05-16,109.0,120.0,1.0441176470588236,78.0,3.0,1.0404040404040404,"Sion, Mumbai"
2025-05-17,109.0,125.0,1.088235294117647,78.0,3.0,1.0808080808080809,"Sion, Mumbai"
2025-05-18,110.0,127.0,1.1323529411764706,81.0,3.0,1.121212121212121,"Sion, Mumbai"
2025-05-19,114.0,128.0,12.0,81.0,3.0,2.0,"Sion, Mumbai"
2025-05-20,116.0,59.0,12.0,72.0,3.0,2.0,"Sion, Mumbai"
2025-05-21,110.0,57.0,12.0,72.0,3.0,2.0,"Sion, Mumbai"
2025-05-22,109.0,117.0,12.0,44.0,2.0,2.0,"Sion, Mumbai"
2025-05-23,129.0,70.0,12.0,5.0,3.0,2.0,"Sion, Mumbai"
2025-05-24,129.0,60.0,12.0,5.0,3.0,2.0,"Sion, Mumbai"
2025-05-25,109.0,55.0,12.0,5.0,3.0,2.0,"Sion, Mumbai"
2025-05-26,103.0,54.0,12.0,5.0,3.0,2.0,"Sion, Mumbai"
2025-05-27,102.0,63.0,12.0,5.0,3.0,2.0,"Sion, Mumbai"
2025-05-28,109.0,70.0,12.0,5.0,3.0,2.0,"Sion, Mumbai"
2025-05-29,205.0,66.0,12.0,5.0,3.0,2.0,"Sion, Mumbai"
2025-05-30,188.75,83.0,12.0,4.0,3.0,2.0,"Sion, Mumbai"
2025-05-31,172.5,57.0,12.0,5.0,3.0,2.0,"Sion, Mumbai"
2025-06-01,156.25,56.0,6.0,5.0,3.0,3.0,"Sion, Mumbai"
2025-06-02,140.0,57.0,6.0,4.0,3.0,3.0,"Sion, Mumbai"
2025-06-03,117.0,63.0,6.0,5.0,3.0,3.0,"Sion, Mumbai"
2025-06-04,104.0,76.0,6.0,5.0,3.0,3.0,"Sion, Mumbai"
2025-06-05,130.0,74.0,6.0,5.0,3.0,3.0,"Sion, Mumbai"
2025-06-06,121.0,46.0,6.0,5.0,3.0,3.0,"Sion, Mumbai"
2025-06-07,107.0,55.0,6.0,5.0,3.0,3.0,"Sion, Mumbai"
2025-06-08,111.0,56.0,6.0,5.0,3.0,3.0,"Sion, Mumbai"
2025-06-09,108.0,42.0,6.0,5.0,3.0,3.0,"Sion, Mumbai"
2025-06-10,102.0,45.0,6.0,6.0,3.0,3.0,"Sion, Mumbai"
2025-06-11,78.0,70.0,6.0,6.0,3.0,3.0,"Sion, Mumbai"
2025-06-12,56.0,63.0,6.0,6.0,3.0,3.0,"Sion, Mumbai"
2025-06-13,73.0,55.0,6.0,6.0,3.0,3.0,"Sion, Mumbai"
2025-06-14,72.0,29.0,6.0,6.0,3.0,3.0,"Sion, Mumbai"
2025-06-15,74.0,16.0,6.0,6.0,3.0,3.0,"Sion, Mumbai"
2025-06-16,46.0,90.0,6.0,5.0,3.0,3.0,"Sion, Mumbai"
2025-06-17,73.0,27.0,6.0,6.0,3.0,3.0,"Sion, Mumbai"
2025-06-18,55.0,48.0,6.0,5.0,3.0,3.0,"Sion, Mumbai"
2025-06-19,61.0,46.0,6.0,6.0,3.0,3.0,"Sion, Mumbai"
2025-06-20,60.0,50.0,6.0,6.0,3.0,3.0,"Sion, Mumbai"
2025-06-21,62.0,39.0,6.0,6.0,3.0,3.0,"Sion, Mumbai"
2025-06-22,60.0,38.0,6.0,6.0,3.0,3.0,"Sion, Mumbai"
2025-06-23,67.0,35.0,6.0,6.0,3.0,3.0,"Sion, Mumbai"
2025-06-24,71.0,33.0,6.0,6.0,3.0,3.0,"Sion, Mumbai"
2025-06-25,68.0,49.0,6.0,6.0,3.0,3.0,"Sion, Mumbai"
2025-06-26,73.0,49.0,6.0,6.0,3.0,3.0,"Sion, Mumbai"
2025-06-27,69.0,45.0,6.0,7.0,3.0,3.0,"Sion, Mumbai"
2025-06-28,77.0,33.0,6.0,8.0,3.0,3.0,"Sion, Mumbai"
2025-06-29,66.0,32.0,6.0,7.0,3.0,3.0,"Sion, Mumbai"
2025-06-30,65.0,35.0,6.0,6.0,3.0,3.0,"Sion, Mumbai"
2025-07-01,64.0,40.0,5.0,6.0,3.0,2.0,"Sion, Mumbai"
2025-07-02,63.0,27.0,5.0,6.0,3.0,2.0,"Sion, Mumbai"
2025-07-03,59.0,36.0,5.0,6.0,3.0,2.0,"Sion, Mumbai"
2025-07-04,62.0,47.0,5.0,6.0,3.0,2.0,"Sion, Mumbai"
2025-07-05,68.0,50.0,5.0,6.0,3.0,2.0,"Sion, Mumbai"
2025-07-06,68.0,51.0,5.0,6.0,3.0,2.0,"Sion, Mumbai"
2025-07-07,65.0,45.0,5.0,6.0,3.0,2.0,"Sion, Mumbai"
2025-07-08,69.0,50.0,5.0,7.0,3.0,2.0,"Sion, Mumbai"
2025-07-09,76.0,57.0,5.0,7.0,3.0,2.0,"Sion, Mumbai"
2025-07-10,75.0,46.0,5.0,7.0,3.0,2.0,"Sion, Mumbai"
2025-07-11,73.0,37.0,5.0,7.0,3.0,2.0,"Sion, Mumbai"
2025-07-12,70.0,29.0,5.0,7.0,3.0,2.0,"Sion, Mumbai"
2025-07-13,62.0,21.0,5.0,7.0,3.0,2.0,"Sion, Mumbai"
2025-07-14,47.0,41.0,5.0,6.0,3.0,2.0,"Sion, Mumbai"
2025-07-15,66.0,51.0,5.0,7.0,3.0,2.0,"Sion, Mumbai"
2025-07-16,77.0,55.0,5.0,7.0,3.0,2.0,"Sion, Mumbai"
2025-07-17,78.0,45.0,5.0,7.0,3.0,2.0,"Sion, Mumbai"
2025-07-18,70.0,34.0,5.0,7.0,3.0,2.0,"Sion, Mumbai"
2025-07-19,68.0,21.0,5.0,7.0,3.0,2.0,"Sion, Mumbai"
2025-07-20,63.0,30.0,5.0,5.0,3.0,2.0,"Sion, Mumbai"
2025-07-21,75.0,119.0,5.0,6.0,3.0,2.0,"Sion, Mumbai"
2025-07-22,131.0,36.0,4.0,7.0,3.0,2.0,"Sion, Mumbai"
2025-07-23,69.0,46.0,4.0,7.0,3.0,2.0,"Sion, Mumbai"
2025-07-24,66.0,41.0,4.0,7.0,3.0,2.0,"Sion, Mumbai"
2025-07-25,56.0,49.0,4.0,7.0,3.0,2.0,"Sion, Mumbai"
2025-07-26,68.0,59.0,4.0,7.0,3.0,2.0,"Sion, Mumbai"
2025-07-27,78.0,32.0,4.0,7.0,3.0,2.0,"Sion, Mumbai"
2025-07-28,67.0,72.0,5.0,6.0,3.0,2.0,"Sion, Mumbai"
2025-07-29,132.0,34.0,4.0,7.0,3.0,2.0,"Sion, Mumbai"
2025-07-30,72.0,36.0,4.0,7.0,3.0,2.0,"Sion, Mumbai"
2025-07-31,74.0,39.0,4.0,7.0,3.0,2.0,"Sion, Mumbai"
2025-08-01,71.0,171.0,4.0,5.0,3.0,3.0,"Sion, Mumbai"
2025-08-02,122.0,52.0,4.0,7.0,3.0,3.0,"Sion, Mumbai"
2025-08-03,63.0,51.0,4.0,7.0,3.0,3.0,"Sion, Mumbai"
2025-08-04,66.0,51.0,4.0,6.0,3.0,3.0,"Sion, Mumbai"
2025-08-05,60.0,61.0,4.055555555555555,7.0,3.0,3.0,"Sion, Mumbai"
2025-08-06,67.0,33.0,4.111111111111111,7.0,3.0,3.0,"Sion, Mumbai"
2025-08-07,69.0,37.0,4.166666666666667,6.0,3.0,3.0,"Sion, Mumbai"
2025-08-08,91.0,49.0,6.0,5.0,3.0,3.0,"Sion, Mumbai"
2025-08-09,211.0,52.0,6.0,4.0,3.0,3.0,"Sion, Mumbai"
2025-08-10,67.0,56.0,6.0,4.0,3.0,3.0,"Sion, Mumbai"
2025-08-11,62.0,48.0,6.0,4.0,3.0,3.0,"Sion, Mumbai"
2025-08-12,58.0,38.0,6.0,4.0,3.0,3.0,"Sion, Mumbai"
2025-08-13,50.0,27.0,6.0,4.0,3.0,3.0,"Sion, Mumbai"
2025-08-14,54.0,66.0,6.0,4.0,3.0,3.0,"Sion, Mumbai"
2025-08-15,47.0,36.0,6.0,4.0,3.0,3.0,"Sion, Mumbai"
2025-08-16,49.0,26.0,6.0,4.0,3.0,3.0,"Sion, Mumbai"
2025-08-17,53.0,30.0,6.0,4.0,3.0,3.0,"Sion, Mumbai"
2025-08-18,48.0,88.0,6.0,4.0,3.0,3.0,"Sion, Mumbai"
2025-08-19,40.0,95.0,6.0,4.0,3.0,3.0,"Sion, Mumbai"
2025-08-20,47.0,181.0,6.0,4.0,3.0,3.0,"Sion, Mumbai"
2025-08-21,106.0,38.0,6.0,4.0,3.0,3.0,"Sion, Mumbai"
2025-08-22,53.0,48.0,5.0,4.0,3.0,5.0,"Sion, Mumbai"
2025-08-23,53.0,40.0,5.0,4.0,3.0,3.0,"Sion, Mumbai"
2025-08-24,50.0,57.0,6.0,4.0,3.0,3.0,"Sion, Mumbai"
2025-08-25,47.0,22.0,6.0,4.0,3.0,3.0,"Sion, Mumbai"
2025-08-26,59.0,21.0,6.0,4.0,3.0,3.0,"Sion, Mumbai"
2025-08-27,67.0,29.0,6.0,4.0,3.0,3.0,"Sion, Mumbai"
2025-08-28,71.0,73.0,6.0,4.0,3.0,3.0,"Sion, Mumbai"
2025-08-29,84.0,72.37037037037037,6.0,4.0,3.0,3.0,"Sion, Mumbai"
2025-09-24,65.7037037037037,56.0,6.0,4.0,3.0,3.0,"Sion, Mumbai"
2025-09-25,65.0,78.0,6.0,5.0,3.0,2.0,"Sion, Mumbai"
2025-09-26,83.0909090909091,50.0,6.0,5.0,3.0,3.0,"Sion, Mumbai"
2025-09-27,101.18181818181819,27.0,6.0,4.0,3.0,3.0,"Sion, Mumbai"
2025-09-28,119.27272727272728,35.0,6.0,4.0,3.0,2.0,"Sion, Mumbai"
2025-09-29,65.0,41.0,6.0,4.0,3.0,3.0,"Sion, Mumbai"
2025-09-30,65.0,37.0,6.0,5.0,3.0,3.0,"Sion, Mumbai"
2025-10-01,122.0,31.0,6.0,4.0,3.0,2.0,"Sion, Mumbai"
2025-10-02,122.0,38.0,6.0,4.0,3.0,2.0,"Sion, Mumbai"
2025-10-03,122.0,42.0,6.0,5.0,3.0,2.0,"Sion, Mumbai"
2025-10-04,122.0,107.5,6.0,4.0,3.0,2.0,"Sion, Mumbai"
2025-10-05,122.0,173.0,6.0,4.0,3.0,2.0,"Sion, Mumbai"
2025-10-06,264.0,67.0,6.0,6.0,3.0,2.0,"Sion, Mumbai"
2025-10-07,339.0,73.0,6.0,5.0,3.0,2.0,"Sion, Mumbai"
2025-10-08,296.6666666666667,78.0,5.0,5.0,3.0,2.0,"Sion, Mumbai"
2025-10-09,254.33333333333331,95.0,5.0,6.0,3.0,2.0,"Sion, Mumbai"
2025-10-10,212.0,69.0,5.0,6.0,3.0,2.0,"Sion, Mumbai"
2025-10-11,104.0,53.0,5.0,7.0,3.0,2.0,"Sion, Mumbai"
2025-10-12,99.0,76.0,5.0,6.0,3.0,2.0,"Sion, Mumbai"
2025-10-13,139.0,117.0,5.0,6.0,3.0,2.0,"Sion, Mumbai"
2025-10-14,168.0,118.0,5.0,5.0,3.0,2.0,"Sion, Mumbai"
2025-10-15,185.0,80.0,5.0,3.0,3.0,2.0,"Sion, Mumbai"
2025-10-16,200.0,63.0,5.0,3.0,3.0,2.0,"Sion, Mumbai"
2025-10-17,112.0,87.0,5.0,3.0,3.0,2.0,"Sion, Mumbai"
2025-10-18,154.0,87.0,5.0,3.0,3.0,2.0,"Sion, Mumbai"
2025-10-19,147.0,98.0,5.0,3.0,3.0,2.0,"Sion, Mumbai"
2025-10-20,152.0,102.0,6.0,3.0,3.0,2.0,"Sion, Mumbai"
2025-10-21,148.0,83.0,5.0,3.0,3.0,2.0,"Sion, Mumbai"
2025-10-22,106.0,110.0,5.0,3.0,3.0,2.0,"Sion, Mumbai"
2025-10-23,125.0,85.0,6.0,3.0,3.0,2.0,"Sion, Mumbai"
2025-10-24,109.0,91.0,6.0,3.0,3.0,2.0,"Sion, Mumbai"
2025-10-25,102.0,45.0,6.0,3.0,3.0,2.0,"Sion, Mumbai"
2025-10-26,75.0,25.0,6.0,3.0,3.0,2.0,"Sion, Mumbai"
2025-10-27,54.0,45.0,5.0,3.0,3.0,2.0,"Sion, Mumbai"
2025-10-28,79.0,60.0,5.0,3.0,3.0,2.0,"Sion, Mumbai"
2025-10-29,100.0,53.0,6.0,3.0,3.0,2.0,"Sion, Mumbai"
2025-10-30,95.0,36.0,6.0,3.0,3.0,3.0,"Sion, Mumbai"
2025-10-31,68.0,30.0,6.0,3.0,3.0,2.0,"Sion, Mumbai"
2025-11-01,59.0,31.0,6.0,4.0,3.0,3.0,"Sion, Mumbai"
2025-11-02,60.0,71.0,6.0,3.0,3.0,2.0,"Sion, Mumbai"
2025-11-03,79.0,44.0,5.0,3.0,3.0,2.0,"Sion, Mumbai"
2025-11-04,78.0,52.0,5.0,3.0,3.0,2.0,"Sion, Mumbai"
2025-11-05,93.0,64.0,5.0,3.0,3.0,2.0,"Sion, Mumbai"
2025-11-06,116.0,63.0,5.0,3.0,3.0,2.0,"Sion, Mumbai"
2025-11-07,115.0,189.0,4.0,2.0,3.0,1.0,"Sion, Mumbai"
2025-11-08,161.0,43.0,5.0,2.0,3.0,1.0,"Sion, Mumbai"
2025-11-09,80.0,67.0,5.0,2.0,3.0,2.0,"Sion, Mumbai"
2025-11-10,109.0,178.0,5.0,2.0,3.0,2.0,"Sion, Mumbai"
2025-11-11,179.0,65.0,4.0,2.0,4.0,1.0,"Sion, Mumbai"
2025-11-12,116.0,147.0,4.0,2.0,3.0,1.0,"Sion, Mumbai"
2025-11-13,142.0,136.0,5.0,2.0,3.0,1.0,"Sion, Mumbai"
2025-11-14,167.0,80.0,5.0,2.0,4.0,1.0,"Sion, Mumbai"
2025-11-15,119.0,69.0,4.0,2.0,3.0,1.0,"Sion, Mumbai"
2025-11-16,98.0,56.0,4.0,2.0,3.0,1.0,"Sion, Mumbai"
2025-11-17,75.0,58.0,4.0,27.0,3.0,1.0,"Sion, Mumbai"
2025-11-18,76.0,48.0,4.0,57.0,3.0,1.0,"Sion, Mumbai"
2025-11-19,67.0,41.0,4.0,38.0,4.0,1.0,"Sion, Mumbai"
2025-11-20,57.0,54.0,5.0,23.0,6.0,1.0,"Sion, Mumbai"
2025-11-21,73.0,56.0,5.0,22.0,6.0,1.0,"Sion, Mumbai"
2025-11-22,75.0,56.0,5.0,20.0,6.0,2.0,"Sion, Mumbai"
2025-11-23,75.0,63.0,5.0,21.0,6.0,2.0,"Sion, Mumbai"
2025-11-24,77.0,54.0,5.0,19.0,6.0,2.0,"Sion, Mumbai"
2025-11-25,71.0,67.0,5.0,20.0,6.0,2.0,"Sion, Mumbai"
2025-11-26,102.0,86.0,5.0,20.0,6.0,2.0,"Sion, Mumbai"
2025-11-27,134.0,74.0,5.0,20.0,6.0,2.0,"Sion, Mumbai"
2025-11-28,121.0,45.0,5.0,18.0,6.0,1.0,"Sion, Mumbai"
2025-11-29,78.0,43.0,4.0,18.0,6.0,1.0,"Sion, Mumbai"
2025-11-30,71.0,44.0,4.0,18.0,6.0,1.0,"Sion, Mumbai"
2025-12-01,69.0,49.0,5.0,19.0,6.0,1.0,"Sion, Mumbai"
2025-12-02,63.0,63.0,4.0,19.0,6.0,1.0,"Sion, Mumbai"
2025-12-03,65.0,71.0,4.0,19.0,6.0,1.0,"Sion, Mumbai"
2025-12-04,60.0,70.0,4.0,19.0,6.0,1.0,"Sion, Mumbai"
2025-12-05,60.0,88.0,5.0,19.0,6.0,1.0,"Sion, Mumbai"
2025-12-06,76.0,80.0,5.0,17.0,6.0,1.0,"Sion, Mumbai"
2025-12-07,73.0,80.0,5.0,22.0,6.0,2.0,"Sion, Mumbai"
2025-12-08,72.0,209.0,4.0,25.0,6.0,1.0,"Sion, Mumbai"
2025-12-09,110.0,136.0,4.0,41.0,6.0,1.0,"Sion, Mumbai"
2025-12-10,113.0,244.0,4.0,37.0,6.0,1.0,"Sion, Mumbai"
2025-12-11,214.0,87.0,4.0,1.0,6.0,1.0,"Sion, Mumbai"
2025-12-12,159.0,43.0,4.0,1.0,6.0,1.0,"Sion, Mumbai"
2025-12-13,91.0,38.0,4.0,1.0,6.0,1.0,"Sion, Mumbai"
2025-12-14,82.0,36.0,4.0,1.0,6.0,1.0,"Sion, Mumbai"
2025-12-15,78.0,34.0,4.0,4.0,6.0,1.0,"Sion, Mumbai"
2025-12-16,76.0,129.0,4.0,6.0,17.0,1.0,"Sion, Mumbai"
2025-12-17,168.0,142.0,4.0,5.0,27.0,1.0,"Sion, Mumbai"
2025-12-18,177.0,37.0,5.0,3.0,35.5,1.0,"Sion, Mumbai"
2025-12-19,79.0,30.0,4.0,3.0,44.0,1.0,"Sion, Mumbai"
2025-12-20,68.0,22.0,4.0,3.0,42.0,1.0,"Sion, Mumbai"
2025-12-21,53.0,26.0,4.0,3.0,40.0,1.0,"Sion, Mumbai"
2025-12-22,60.0,21.0,4.0,3.0,38.0,1.0,"Sion, Mumbai"
2025-12-23,52.0,20.0,4.0,3.0,7.0,1.0,"Sion, Mumbai"
2025-12-24,49.0,43.0,4.0,3.0,34.0,1.0,"Sion, Mumbai"
2025-12-25,93.0,85.0,4.0,3.0,7.0,1.0,"Sion, Mumbai"
2025-12-26,151.0,114.5,4.0,5.0,14.0,1.0,"Sion, Mumbai"
2025-12-27,304.0,78.0,5.0,13.0,7.0,1.0,"Sion, Mumbai"
2025-12-28,146.0,90.0,5.0,15.75,6.6,1.25,"Sion, Mumbai"
2025-12-31,117.5,126.0,5.0,24.0,5.4,2.0,"Sion, Mumbai"
2026-01-01,108.0,96.0,6.0,8.0,5.0,2.0,"Sion, Mumbai"
2026-01-02,92.0,80.0,5.0,7.0,9.0,2.0,"Sion, Mumbai"
2026-01-03,105.0,85.0,5.0,7.0,9.0,2.0,"Sion, Mumbai"
2026-01-04,113.0,63.0,5.0,7.0,9.0,2.0,"Sion, Mumbai"
2026-01-05,80.0,61.0,5.0,7.0,9.0,2.0,"Sion, Mumbai"
2026-01-06,80.0,109.0,9.0,16.0,3.0,2.0,"Sion, Mumbai"
2026-01-07,106.0,100.0,10.0,44.0,13.0,1.0,"Sion, Mumbai"
2026-01-08,136.0,87.0,23.0,39.0,12.0,1.0,"Sion, Mumbai"
2026-01-09,117.0,83.0,25.0,37.0,12.0,1.0,"Sion, Mumbai"
2026-01-10,115.0,82.0,20.0,38.0,12.0,1.0,"Sion, Mumbai"
2026-01-11,112.0,71.0,23.0,38.0,12.0,1.0,"Sion, Mumbai"
2026-01-12,99.0,91.0,22.0,44.0,12.0,1.0,"Sion, Mumbai"
2026-01-13,134.0,138.0,20.0,43.0,24.0,1.0,"Sion, Mumbai"
2026-01-14,221.0,74.0,6.0,36.0,15.0,1.0,"Sion, Mumbai"
2026-01-15,103.0,111.0,4.0,32.0,15.0,2.0,"Sion, Mumbai"
2026-01-16,138.0,92.0,5.0,23.0,10.333333333333332,2.0,"Sion, Mumbai"
2026-01-17,110.0,112.0,6.0,14.0,5.666666666666666,2.0,"Sion, Mumbai"
2026-01-18,126.0,54.0,5.0,5.0,1.0,2.0,"Sion, Mumbai"
2026-01-19,75.0,76.0,6.0,13.0,3.0,2.0,"Sion, Mumbai"
2026-01-20,107.0,104.0,6.0,13.0,3.0,2.0,"Sion, Mumbai"
2026-01-21,135.0,113.0,8.0,13.0,3.0,1.0,"Sion, Mumbai"
2026-01-22,141.0,101.0,8.0,13.0,5.0,2.0,"Sion, Mumbai"
2026-01-23,120.0,69.0,6.0,13.0,3.0,2.0,"Sion, Mumbai"
2026-01-24,103.0,77.0,7.0,13.0,3.3333333333333335,2.0,"Sion, Mumbai"
2026-01-25,117.0,97.0,7.0,13.0,3.6666666666666665,2.0,"Sion, Mumbai"
2026-01-26,136.0,96.0,8.0,14.0,4.0,2.0,"Sion, Mumbai"
2026-01-27,116.0,56.0,5.0,13.0,3.6666666666666665,2.0,"Sion, Mumbai"
2026-01-28,82.0,72.0,5.0,13.0,3.3333333333333335,1.0,"Sion, Mumbai"
2026-01-29,110.0,98.0,5.0,13.0,3.0,2.0,"Sion, Mumbai"
2026-01-30,132.0,155.0,6.0,12.0,1.0,2.0,"Sion, Mumbai"
2026-01-31,166.0,93.0,5.0,13.0,1.0,2.0,"Sion, Mumbai"
2026-02-01,136.0,89.0,5.0,12.0,1.0,1.0,"Sion, Mumbai"
2026-02-02,128.0,132.0,5.0,12.0,1.0,2.0,"Sion, Mumbai"
2026-02-03,166.0,67.0,5.0,13.0,1.0,1.0,"Sion, Mumbai"
2026-02-04,100.0,66.0,4.0,12.0,1.0,1.0,"Sion, Mumbai"
2026-02-05,97.0,204.0,3.0,13.0,5.0,1.0,"Sion, Mumbai"
2026-02-06,184.0,90.0,2.857142857142857,13.0,1.0,1.0,"Sion, Mumbai"
2026-02-07,140.0,174.0,2.7142857142857144,12.0,3.8,2.0,"Sion, Mumbai"
2026-02-08,182.0,156.0,2.5714285714285716,11.8,6.6,2.0,"Sion, Mumbai"
2026-02-12,126.8,84.0,2.0,11.0,17.8,2.0,"Sion, Mumbai"
2026-02-13,113.0,118.0,2.0,12.0,6.0,1.0,"Sion, Mumbai"
2026-02-14,139.0,151.0,2.0,11.0,6.0,1.0,"Sion, Mumbai"
2026-02-15,168.0,105.0,3.0,11.0,6.0,1.0,"Sion, Mumbai"
2026-02-16,80.0,55.0,7.0,61.0,29.0,2.0,"Sion, Mumbai"
2026-02-17,82.0,44.0,2.0,12.0,29.0,2.0,"Sion, Mumbai"
2026-02-18,72.0,44.0,2.0,12.0,29.0,2.0,"Sion, Mumbai"
