date, pm25, pm10, o3, no2, so2, co,location
2019-12-02, ,75,9,23,1,6,"Chhatrapati Shivaji Intl. Airport (T2), Mumbai"
2019-12-03,92,92,98,16,9,9,"Chhatrapati Shivaji Intl. Airport (T2), Mumbai"
2019-12-04,145,125,6,10,3,9,"Chhatrapati Shivaji Intl. Airport (T2), Mumbai"
2019-12-05,175,116,15,17,4,10,"Chhatrapati Shivaji Intl. Airport (T2), Mumbai"
2019-12-06,170,108,17,19,6,10,"Chhatrapati Shivaji Intl. Airport (T2), Mumbai"
2019-12-07,161,113,16,23,5,10,"Chhatrapati Shivaji Intl. Airport (T2), Mumbai"
2019-12-08,171,104,15,23,5,11,"Chhatrapati Shivaji Intl. Airport (T2), Mumbai"
2019-12-09,166,109,14,26,4,12,"Chhatrapati Shivaji Intl. Airport (T2), Mumbai"
2019-12-10,166,127,9,22,4,15,"Chhatrapati Shivaji Intl. Airport (T2), Mumbai"
2019-12-11,177,127,13,20,4,14,"Chhatrapati Shivaji Intl. Airport (T2), Mumbai"
2019-12-12,174,101,11,19,3,10,"Chhatrapati Shivaji Intl. Airport (T2), Mumbai"
2019-12-13,147,99,11,18,4,9,"Chhatrapati Shivaji Intl. Airport (T2), Mumbai"
2019-12-14,146,109,10,19,4,11,"Chhatrapati Shivaji Intl. Airport (T2), Mumbai"
2019-12-15,165,123,7,18,4,14,"Chhatrapati Shivaji Intl. Airport (T2), Mumbai"
2019-12-16,175,119,12,16,4,12,"Chhatrapati Shivaji Intl. Airport (T2), Mumbai"
2019-12-17,167,107,12,18,5,11,"Chhatrapati Shivaji Intl. Airport (T2), Mumbai"
2019-12-18,162,101,14,19,4,10,"Chhatrapati Shivaji Intl. Airport (T2), Mumbai"
2019-12-19,160,129,11,24,5,13,"Chhatrapati Shivaji Intl. Airport (T2), Mumbai"
2019-12-20,176,142,9,17,5,16,"Chhatrapati Shivaji Intl. Airport (T2), Mumbai"
2019-12-21,178,132,12,15,6,14,"Chhatrapati Shivaji Intl. Airport (T2), Mumbai"
2019-12-22,181,123,11,14,6,13,"Chhatrapati Shivaji Intl. Airport (T2), Mumbai"
2019-12-23,177,145,14,20,5,14,"Chhatrapati Shivaji Intl. Airport (T2), Mumbai"
2019-12-24,193,160,8,18,5,15,"Chhatrapati Shivaji Intl. Airport (T2), Mumbai"
2019-12-25,207,127,9,15,5,13,"Chhatrapati Shivaji Intl. Airport (T2), Mumbai"
2019-12-26,178,128,8,17,5,13,"Chhatrapati Shivaji Intl. Airport (T2), Mumbai"
2019-12-27,176,114,10,15,4,10,"Chhatrapati Shivaji Intl. Airport (T2), Mumbai"
2019-12-28,167,110,11,15,5,9,"Chhatrapati Shivaji Intl. Airport (T2), Mumbai"
2019-12-29,167, , , , , ,"Chhatrapati Shivaji Intl. Airport (T2), Mumbai"
2019-12-31, ,140,18,22,5,13,"Chhatrapati Shivaji Intl. Airport (T2), Mumbai"
2020-01-01,188,135,11,25,3,10,"Chhatrapati Shivaji Intl. Airport (T2), Mumbai"
2020-01-02,194,128,13,24,3,10,"Chhatrapati Shivaji Intl. Airport (T2), Mumbai"
2020-01-03,178,195,13,24,3,10,"Chhatrapati Shivaji Intl. Airport (T2), Mumbai"
2020-01-04,183,117,12,16,3,10,"Chhatrapati Shivaji Intl. Airport (T2), Mumbai"
2020-01-05,172,107,9,21,5,9,"Chhatrapati Shivaji Intl. Airport (T2), Mumbai"
2020-01-06,163,122,82,23,13,14,"Chhatrapati Shivaji Intl. Airport (T2), Mumbai"
2020-01-07,171,106,7,12,2,9,"Chhatrapati Shivaji Intl. Airport (T2), Mumbai"
2020-01-08,157,106,13,23,3,8,"Chhatrapati Shivaji Intl. Airport (T2), Mumbai"
2020-01-09,160,219,15,20,4,9,"Chhatrapati Shivaji Intl. Airport (T2), Mumbai"
2020-01-10,217,141,10,17,5,11,"Chhatrapati Shivaji Intl. Airport (T2), Mumbai"
2020-01-11,170,140,10,14,4,14,"Chhatrapati Shivaji Intl. Airport (T2), Mumbai"
2020-01-12,176,100,5,12,2,8,"Chhatrapati Shivaji Intl. Airport (T2), Mumbai"
2020-01-13,207,94,7,11,2,7,"Chhatrapati Shivaji Intl. Airport (T2), Mumbai"
2020-01-14,118,91,7,16,2,6,"Chhatrapati Shivaji Intl. Airport (T2), Mumbai"
2020-01-15,109,82,8,16,2,5,"Chhatrapati Shivaji Intl. Airport (T2), Mumbai"
2020-01-16,109,107,9,19,3,8,"Chhatrapati Shivaji Intl. Airport (T2), Mumbai"
2020-01-17,148,135,10,26,4,10,"Chhatrapati Shivaji Intl. Airport (T2), Mumbai"
2020-01-18,174,157,8,16,4,15,"Chhatrapati Shivaji Intl. Airport (T2), Mumbai"
2020-01-19,185,141,10,22,5,16,"Chhatrapati Shivaji Intl. Airport (T2), Mumbai"
2020-01-20,174,165,6,14,5,18,"Chhatrapati Shivaji Intl. Airport (T2), Mumbai"
2020-01-21,179,145,6,27,4,14,"Chhatrapati Shivaji Intl. Airport (T2), Mumbai"
2020-01-22,162,151,8,19,4,13,"Chhatrapati Shivaji Intl. Airport (T2), Mumbai"
2020-01-23,170,129,7,18,4,11,"Chhatrapati Shivaji Intl. Airport (T2), Mumbai"
2020-01-24,162,164,8,21,5,16,"Chhatrapati Shivaji Intl. Airport (T2), Mumbai"
2020-01-25,179,167,10,19,5,17,"Chhatrapati Shivaji Intl. Airport (T2), Mumbai"
2020-01-26,186,95,6,18,3,9,"Chhatrapati Shivaji Intl. Airport (T2), Mumbai"
2020-01-27,128,76,6,13,2,6,"Chhatrapati Shivaji Intl. Airport (T2), Mumbai"
2020-01-28,84,95,8,20,1,4,"Chhatrapati Shivaji Intl. Airport (T2), Mumbai"
2020-01-29,80,124,12,23,3,8,"Chhatrapati Shivaji Intl. Airport (T2), Mumbai"
2020-01-30,146,137,9,27,4,10,"Chhatrapati Shivaji Intl. Airport (T2), Mumbai"
2020-01-31,160,148,10,26,4,12,"Chhatrapati Shivaji Intl. Airport (T2), Mumbai"
2020-02-01,168,154,17,16,5,14,"Chhatrapati Shivaji Intl. Airport (T2), Mumbai"
2020-02-02,170,136,10,16,3,13,"Chhatrapati Shivaji Intl. Airport (T2), Mumbai"
2020-02-03,174,130,13,22,4,10,"Chhatrapati Shivaji Intl. Airport (T2), Mumbai"
2020-02-04,167,307,8,25,5,11,"Chhatrapati Shivaji Intl. Airport (T2), Mumbai"
2020-02-05,162,122,13,25,4,8,"Chhatrapati Shivaji Intl. Airport (T2), Mumbai"
2020-02-06,143,121,11,25,5,9,"Chhatrapati Shivaji Intl. Airport (T2), Mumbai"
2020-02-07,145,121,12,20,4,9,"Chhatrapati Shivaji Intl. Airport (T2), Mumbai"
2020-02-08,162,110,13,16,6,6,"Chhatrapati Shivaji Intl. Airport (T2), Mumbai"
2020-02-09,165,103,8,19,5,7,"Chhatrapati Shivaji Intl. Airport (T2), Mumbai"
2020-02-10,153,112,113,21,11,9,"Chhatrapati Shivaji Intl. Airport (T2), Mumbai"
2020-02-11,157,175,7,24,4,11,"Chhatrapati Shivaji Intl. Airport (T2), Mumbai"
2020-02-12,179,135,8,14,4,13,"Chhatrapati Shivaji Intl. Airport (T2), Mumbai"
2020-02-13,161,130,12,21,4,9,"Chhatrapati Shivaji Intl. Airport (T2), Mumbai"
2020-02-14,150,125,13,22,5,10,"Chhatrapati Shivaji Intl. Airport (T2), Mumbai"
2020-02-15,150,144,15,25,6,11,"Chhatrapati Shivaji Intl. Airport (T2), Mumbai"
2020-02-16,167,170,14,18,5,15,"Chhatrapati Shivaji Intl. Airport (T2), Mumbai"
2020-02-17,178,167,22,37,8,15,"Chhatrapati Shivaji Intl. Airport (T2), Mumbai"
2020-02-18,174,208,23,41,7,14,"Chhatrapati Shivaji Intl. Airport (T2), Mumbai"
2020-02-19,178,130,14,35,3,10,"Chhatrapati Shivaji Intl. Airport (T2), Mumbai"
2020-02-20,157,101,13,26,2,7,"Chhatrapati Shivaji Intl. Airport (T2), Mumbai"
2020-02-21,131,134,21,45,6,11,"Chhatrapati Shivaji Intl. Airport (T2), Mumbai"
2020-02-22,164,160,24,45,7,12,"Chhatrapati Shivaji Intl. Airport (T2), Mumbai"
2020-02-23,170,155,30,46,6,15,"Chhatrapati Shivaji Intl. Airport (T2), Mumbai"
2020-02-24,179,138,22,28,4,8,"Chhatrapati Shivaji Intl. Airport (T2), Mumbai"
2020-02-25,127,105,27,34,7,6,"Chhatrapati Shivaji Intl. Airport (T2), Mumbai"
2020-02-26,122,115,40,44,11,8,"Chhatrapati Shivaji Intl. Airport (T2), Mumbai"
2020-02-27,146,157,26,44,9,15,"Chhatrapati Shivaji Intl. Airport (T2), Mumbai"
2020-02-28,168,141,17,37,6,12,"Chhatrapati Shivaji Intl. Airport (T2), Mumbai"
2020-02-29,158,104,16,28,1,6,"Chhatrapati Shivaji Intl. Airport (T2), Mumbai"
2020-03-01,140,111,14,21,2,8,"Chhatrapati Shivaji Intl. Airport (T2), Mumbai"
2020-03-02,134,104,5,30, ,6,"Chhatrapati Shivaji Intl. Airport (T2), Mumbai"
2020-03-03,114,102,13,25, ,5,"Chhatrapati Shivaji Intl. Airport (T2), Mumbai"
2020-03-04,113,93,13,18, ,4,"Chhatrapati Shivaji Intl. Airport (T2), Mumbai"
2020-03-05,97,89,9,15, ,3,"Chhatrapati Shivaji Intl. Airport (T2), Mumbai"
2020-03-06,77,108,16,21, ,4,"Chhatrapati Shivaji Intl. Airport (T2), Mumbai"
2020-03-07,89,97,22,22, ,4,"Chhatrapati Shivaji Intl. Airport (T2), Mumbai"
2020-03-08,91,106,18,25, ,6,"Chhatrapati Shivaji Intl. Airport (T2), Mumbai"
2020-03-09,122,103,13,14, ,8,"Chhatrapati Shivaji Intl. Airport (T2), Mumbai"
2020-03-10,122,67,11,19, ,3,"Chhatrapati Shivaji Intl. Airport (T2), Mumbai"
2020-03-11,59,78,14,19, ,3,"Chhatrapati Shivaji Intl. Airport (T2), Mumbai"
2020-03-12,66,97,24,24,1,3,"Chhatrapati Shivaji Intl. Airport (T2), Mumbai"
2020-03-13,84,106,31,26,2,5,"Chhatrapati Shivaji Intl. Airport (T2), Mumbai"
2020-03-14,110,135,36,25,6,12,"Chhatrapati Shivaji Intl. Airport (T2), Mumbai"
2020-03-15,151,145,27,38,9,13,"Chhatrapati Shivaji Intl. Airport (T2), Mumbai"
2020-03-16,157,155,31,30,8,15,"Chhatrapati Shivaji Intl. Airport (T2), Mumbai"
2020-03-17,163,137,11,20,5,14,"Chhatrapati Shivaji Intl. Airport (T2), Mumbai"
2020-03-18,146,87,3,6,1,6,"Chhatrapati Shivaji Intl. Airport (T2), Mumbai"
2020-03-19,101,91,2,5,1,5,"Chhatrapati Shivaji Intl. Airport (T2), Mumbai"
2020-03-20,79,154,3,5, ,4,"Chhatrapati Shivaji Intl. Airport (T2), Mumbai"
2020-03-21,79,51,3,6, ,2,"Chhatrapati Shivaji Intl. Airport (T2), Mumbai"
2020-03-22,64,57,3,6, ,3,"Chhatrapati Shivaji Intl. Airport (T2), Mumbai"
2020-03-23,75,74,3,6, ,4,"Chhatrapati Shivaji Intl. Airport (T2), Mumbai"
2020-03-24,115,62,2,4, ,3,"Chhatrapati Shivaji Intl. Airport (T2), Mumbai"
2020-03-25,95,55,3,5, ,3,"Chhatrapati Shivaji Intl. Airport (T2), Mumbai"
2020-03-26,89,58,3,5, ,2,"Chhatrapati Shivaji Intl. Airport (T2), Mumbai"
2020-03-27,86,54,3,7, ,3,"Chhatrapati Shivaji Intl. Airport (T2), Mumbai"
2020-03-28,97,56,3,6, ,2,"Chhatrapati Shivaji Intl. Airport (T2), Mumbai"
2020-03-29,91,55,2,5, ,3,"Chhatrapati Shivaji Intl. Airport (T2), Mumbai"
2020-03-30,86,53,3,5, ,3,"Chhatrapati Shivaji Intl. Airport (T2), Mumbai"
2020-03-31,95,53,3,6, ,2,"Chhatrapati Shivaji Intl. Airport (T2), Mumbai"
2020-04-01,778,61,3,6, ,2,"Chhatrapati Shivaji Intl. Airport (T2), Mumbai"
2020-04-02,824,67,2,5, ,2,"Chhatrapati Shivaji Intl. Airport (T2), Mumbai"
2020-04-03,824,62,2,4, ,2,"Chhatrapati Shivaji Intl. Airport (T2), Mumbai"
2020-04-04,824,52,3,6, ,2,"Chhatrapati Shivaji Intl. Airport (T2), Mumbai"
2020-04-05,824,29,2,3, ,1,"Chhatrapati Shivaji Intl. Airport (T2), Mumbai"
2020-04-06,824,57,3,4, ,1,"Chhatrapati Shivaji Intl. Airport (T2), Mumbai"
2020-04-07,824,73,2,4, ,1,"Chhatrapati Shivaji Intl. Airport (T2), Mumbai"
2020-04-08,824,69,3,5, ,2,"Chhatrapati Shivaji Intl. Airport (T2), Mumbai"
2020-04-09,824,62,2,7, ,2,"Chhatrapati Shivaji Intl. Airport (T2), Mumbai"
2020-04-10,824,59,3,6, ,2,"Chhatrapati Shivaji Intl. Airport (T2), Mumbai"
2020-04-11,824,55,2,5, ,2,"Chhatrapati Shivaji Intl. Airport (T2), Mumbai"
2020-04-12,824,54,2,6, ,2,"Chhatrapati Shivaji Intl. Airport (T2), Mumbai"
2020-04-13,824,57,2,9, ,2,"Chhatrapati Shivaji Intl. Airport (T2), Mumbai"
2020-04-14,824,48,2,8, ,2,"Chhatrapati Shivaji Intl. Airport (T2), Mumbai"
2020-04-15,824,42,2,4, ,1,"Chhatrapati Shivaji Intl. Airport (T2), Mumbai"
2020-04-16,824,35,2,4, ,1,"Chhatrapati Shivaji Intl. Airport (T2), Mumbai"
2020-04-17,824,13,3,6, ,1,"Chhatrapati Shivaji Intl. Airport (T2), Mumbai"
2020-04-18,824,49,2,6, ,1,"Chhatrapati Shivaji Intl. Airport (T2), Mumbai"
2020-04-19,824,58,2,6, ,2,"Chhatrapati Shivaji Intl. Airport (T2), Mumbai"
2020-04-20,824,40,2,4, ,2,"Chhatrapati Shivaji Intl. Airport (T2), Mumbai"
2020-04-21,824,72,2,4, ,1,"Chhatrapati Shivaji Intl. Airport (T2), Mumbai"
2020-04-22,824,39,2,4, ,1,"Chhatrapati Shivaji Intl. Airport (T2), Mumbai"
2020-04-23,824,35,2,3, ,1,"Chhatrapati Shivaji Intl. Airport (T2), Mumbai"
2020-04-24,824,25,2,5, ,1,"Chhatrapati Shivaji Intl. Airport (T2), Mumbai"
2020-04-25,824,30,2,6, ,1,"Chhatrapati Shivaji Intl. Airport (T2), Mumbai"
2020-04-26,824,36,2,4, ,1,"Chhatrapati Shivaji Intl. Airport (T2), Mumbai"
2020-04-27,824,38,2,7, ,1,"Chhatrapati Shivaji Intl. Airport (T2), Mumbai"
2020-04-28,824,38,2,4, ,1,"Chhatrapati Shivaji Intl. Airport (T2), Mumbai"
2020-04-29, ,17,2,3, ,1,"Chhatrapati Shivaji Intl. Airport (T2), Mumbai"
2020-04-30, ,12,2,5, ,1,"Chhatrapati Shivaji Intl. Airport (T2), Mumbai"
2020-05-01, ,12,2,5, ,1,"Chhatrapati Shivaji Intl. Airport (T2), Mumbai"
2020-05-02, ,16,2,4, ,1,"Chhatrapati Shivaji Intl. Airport (T2), Mumbai"
2020-05-03, ,17,2,4, ,1,"Chhatrapati Shivaji Intl. Airport (T2), Mumbai"
2020-05-04,237,24,2,5, ,1,"Chhatrapati Shivaji Intl. Airport (T2), Mumbai"
2020-05-05,39,38,3,4,1,1,"Chhatrapati Shivaji Intl. Airport (T2), Mumbai"
2020-05-06,37,29,2,2, ,2,"Chhatrapati Shivaji Intl. Airport (T2), Mumbai"
2020-05-07,38, , , , , ,"Chhatrapati Shivaji Intl. Airport (T2), Mumbai"
2020-05-11, ,37, , , , ,"Chhatrapati Shivaji Intl. Airport (T2), Mumbai"
2020-05-12,55,15,2,11, , ,"Chhatrapati Shivaji Intl. Airport (T2), Mumbai"
2020-05-13,38,13,2,10, , ,"Chhatrapati Shivaji Intl. Airport (T2), Mumbai"
2020-05-14,39,41,2,11, , ,"Chhatrapati Shivaji Intl. Airport (T2), Mumbai"
2020-05-15,26,77,2,10, , ,"Chhatrapati Shivaji Intl. Airport (T2), Mumbai"
2020-05-16,102,79,2,9, , ,"Chhatrapati Shivaji Intl. Airport (T2), Mumbai"
2020-05-17,45,63,2,11, , ,"Chhatrapati Shivaji Intl. Airport (T2), Mumbai"
2020-05-18,53,47,2,8, , ,"Chhatrapati Shivaji Intl. Airport (T2), Mumbai"
2020-05-19,26,33,3,8, , ,"Chhatrapati Shivaji Intl. Airport (T2), Mumbai"
2020-05-20,65,890,2,9, , ,"Chhatrapati Shivaji Intl. Airport (T2), Mumbai"
2020-05-21,85,175,2,9, , ,"Chhatrapati Shivaji Intl. Airport (T2), Mumbai"
2020-05-22,78,19,2,7, ,1,"Chhatrapati Shivaji Intl. Airport (T2), Mumbai"
2020-05-23,39,20,2,6, ,1,"Chhatrapati Shivaji Intl. Airport (T2), Mumbai"
2020-05-24,38,50,2,7, , ,"Chhatrapati Shivaji Intl. Airport (T2), Mumbai"
2020-05-25,31,41,2,4, ,1,"Chhatrapati Shivaji Intl. Airport (T2), Mumbai"
2020-05-26,27,20,2,4,1,1,"Chhatrapati Shivaji Intl. Airport (T2), Mumbai"
2020-05-27,29,25,2,3,1,1,"Chhatrapati Shivaji Intl. Airport (T2), Mumbai"
2020-05-28,28,24,2,2,1,1,"Chhatrapati Shivaji Intl. Airport (T2), Mumbai"
2020-05-29,57,28,2,3,1,1,"Chhatrapati Shivaji Intl. Airport (T2), Mumbai"
2020-05-30,47,8,2,5,1, ,"Chhatrapati Shivaji Intl. Airport (T2), Mumbai"
2020-05-31,31,22,3,2, ,1,"Chhatrapati Shivaji Intl. Airport (T2), Mumbai"
2020-06-01,68,44,2,14, ,2,"Chhatrapati Shivaji Intl. Airport (T2), Mumbai"
2020-06-02,66,116,3,12,1,1,"Chhatrapati Shivaji Intl. Airport (T2), Mumbai"
2020-06-03,36,900,2,7,9,1,"Chhatrapati Shivaji Intl. Airport (T2), Mumbai"
2020-06-04,78,321,2,8,14,2,"Chhatrapati Shivaji Intl. Airport (T2), Mumbai"
2020-06-05,68,190,2,6,17, ,"Chhatrapati Shivaji Intl. Airport (T2), Mumbai"
2020-06-06,56, ,2,6,18, ,"Chhatrapati Shivaji Intl. Airport (T2), Mumbai"
2020-06-07,74, ,2,9,17, ,"Chhatrapati Shivaji Intl. Airport (T2), Mumbai"
2020-06-08,74, ,2,5,19, ,"Chhatrapati Shivaji Intl. Airport (T2), Mumbai"
2020-06-09,61, ,2,4,20,1,"Chhatrapati Shivaji Intl. Airport (T2), Mumbai"
2020-06-10,51, ,2,4,21, ,"Chhatrapati Shivaji Intl. Airport (T2), Mumbai"
2020-06-11,41,93,111,10,24,3,"Chhatrapati Shivaji Intl. Airport (T2), Mumbai"
2020-06-12,61,64,1,11,19,2,"Chhatrapati Shivaji Intl. Airport (T2), Mumbai"
2020-06-13,86,14,1,11,4,2,"Chhatrapati Shivaji Intl. Airport (T2), Mumbai"
2020-06-14,30,24,1,14,5,3,"Chhatrapati Shivaji Intl. Airport (T2), Mumbai"
2020-06-15,45,12,1,13,4,3,"Chhatrapati Shivaji Intl. Airport (T2), Mumbai"
2020-06-16,88,20,1,13,4,2,"Chhatrapati Shivaji Intl. Airport (T2), Mumbai"
2020-06-17,44,17,1,12,4,2,"Chhatrapati Shivaji Intl. Airport (T2), Mumbai"
2020-06-18,31,38,1,11,4,2,"Chhatrapati Shivaji Intl. Airport (T2), Mumbai"
2020-06-19,48,26,1,11,4,1,"Chhatrapati Shivaji Intl. Airport (T2), Mumbai"
2020-06-20,32,25,1,11,4,1,"Chhatrapati Shivaji Intl. Airport (T2), Mumbai"
2020-06-21,26,26,1,11,5,2,"Chhatrapati Shivaji Intl. Airport (T2), Mumbai"
2020-06-22,33,673,1,13,4,2,"Chhatrapati Shivaji Intl. Airport (T2), Mumbai"
2020-06-23,33, ,1,13,4,2,"Chhatrapati Shivaji Intl. Airport (T2), Mumbai"
2020-06-24,37,890,1,11,5,2,"Chhatrapati Shivaji Intl. Airport (T2), Mumbai"
2020-06-25,51, ,1,11,5,2,"Chhatrapati Shivaji Intl. Airport (T2), Mumbai"
2020-06-26,56,890,1,11,5,2,"Chhatrapati Shivaji Intl. Airport (T2), Mumbai"
2020-06-27,48,890,1,10,6,2,"Chhatrapati Shivaji Intl. Airport (T2), Mumbai"
2020-06-28,36, ,1,11,6,2,"Chhatrapati Shivaji Intl. Airport (T2), Mumbai"
2020-06-29,33,167,1,8,7,1,"Chhatrapati Shivaji Intl. Airport (T2), Mumbai"
2020-06-30,26, ,1,2,7,1,"Chhatrapati Shivaji Intl. Airport (T2), Mumbai"
2020-07-01,26,17,1,1,7,1,"Chhatrapati Shivaji Intl. Airport (T2), Mumbai"
2020-07-02,46,11,1,1,7,2,"Chhatrapati Shivaji Intl. Airport (T2), Mumbai"
2020-07-03,27,11,1,1,8,2,"Chhatrapati Shivaji Intl. Airport (T2), Mumbai"
2020-07-04,32,23,1,3,7,1,"Chhatrapati Shivaji Intl. Airport (T2), Mumbai"
2020-07-05,47,20,1,5,6, ,"Chhatrapati Shivaji Intl. Airport (T2), Mumbai"
2020-07-06,51,450,1,4,5,1,"Chhatrapati Shivaji Intl. Airport (T2), Mumbai"
2020-07-07,34,890,1,2,6,1,"Chhatrapati Shivaji Intl. Airport (T2), Mumbai"
2020-07-08,28,890,1,2,6,1,"Chhatrapati Shivaji Intl. Airport (T2), Mumbai"
2020-07-09,30,890,1,2,6, ,"Chhatrapati Shivaji Intl. Airport (T2), Mumbai"
2020-07-10,26,890,1,2,6,1,"Chhatrapati Shivaji Intl. Airport (T2), Mumbai"
2020-07-11,28,890,1,1,6,2,"Chhatrapati Shivaji Intl. Airport (T2), Mumbai"
2020-07-12,33,890,1,1,7,3,"Chhatrapati Shivaji Intl. Airport (T2), Mumbai"
2020-07-13,43,890,1, ,7,3,"Chhatrapati Shivaji Intl. Airport (T2), Mumbai"
2020-07-14,46,890,1, ,7,2,"Chhatrapati Shivaji Intl. Airport (T2), Mumbai"
2020-07-15,29, ,1,1,8,2,"Chhatrapati Shivaji Intl. Airport (T2), Mumbai"
2020-07-16,34, ,1,3,7,2,"Chhatrapati Shivaji Intl. Airport (T2), Mumbai"
2020-07-17,35, ,1,2,8,1,"Chhatrapati Shivaji Intl. Airport (T2), Mumbai"
2020-07-18,33, ,1,1,8,1,"Chhatrapati Shivaji Intl. Airport (T2), Mumbai"
2020-07-19,28, ,1, ,10,2,"Chhatrapati Shivaji Intl. Airport (T2), Mumbai"
2020-07-20,35,149,1,1,10,2,"Chhatrapati Shivaji Intl. Airport (T2), Mumbai"
2020-07-21,83,47,1,1,10,2,"Chhatrapati Shivaji Intl. Airport (T2), Mumbai"
2020-07-22,51,41,1,1,9,2,"Chhatrapati Shivaji Intl. Airport (T2), Mumbai"
2020-07-23,38,50,1,1,10,4,"Chhatrapati Shivaji Intl. Airport (T2), Mumbai"
2020-07-24,60,45,1,2,9,3,"Chhatrapati Shivaji Intl. Airport (T2), Mumbai"
2020-07-25,51,30,1,2,8,2,"Chhatrapati Shivaji Intl. Airport (T2), Mumbai"
2020-07-26,49,28,1, ,8,2,"Chhatrapati Shivaji Intl. Airport (T2), Mumbai"
2020-07-27,41,35,1, ,8,4,"Chhatrapati Shivaji Intl. Airport (T2), Mumbai"
2020-07-28,65,46,1,1,9,5,"Chhatrapati Shivaji Intl. Airport (T2), Mumbai"
2020-07-29,74,35,1,1,9,4,"Chhatrapati Shivaji Intl. Airport (T2), Mumbai"
2020-07-30,45,35,1,1,9,4,"Chhatrapati Shivaji Intl. Airport (T2), Mumbai"
2020-07-31,43,38,1,2,9,2,"Chhatrapati Shivaji Intl. Airport (T2), Mumbai"
2020-08-01,38,35,1,2,8,1,"Chhatrapati Shivaji Intl. Airport (T2), Mumbai"
2020-08-02,36,22,1,3,7,1,"Chhatrapati Shivaji Intl. Airport (T2), Mumbai"
2020-08-03,30,28,1,3,7,1,"Chhatrapati Shivaji Intl. Airport (T2), Mumbai"
2020-08-04,31,33,1,3,7,1,"Chhatrapati Shivaji Intl. Airport (T2), Mumbai"
2020-08-05,39,29,1,4,6,1,"Chhatrapati Shivaji Intl. Airport (T2), Mumbai"
2020-08-06,39,41,1,3,6,1,"Chhatrapati Shivaji Intl. Airport (T2), Mumbai"
2020-08-07,47,49,1,2,6,1,"Chhatrapati Shivaji Intl. Airport (T2), Mumbai"
2020-08-08,50,57,1,1,6,1,"Chhatrapati Shivaji Intl. Airport (T2), Mumbai"
2020-08-09,57,53,1,1,7,1,"Chhatrapati Shivaji Intl. Airport (T2), Mumbai"
2020-08-10,59,50,1,1,7,1,"Chhatrapati Shivaji Intl. Airport (T2), Mumbai"
2020-08-11,54,41,1,1,6,1,"Chhatrapati Shivaji Intl. Airport (T2), Mumbai"
2020-08-12,41,48,67,1,5,1,"Chhatrapati Shivaji Intl. Airport (T2), Mumbai"
2020-08-13,49,105,1,4,7, ,"Chhatrapati Shivaji Intl. Airport (T2), Mumbai"
2020-08-14,308,59,1,4,1, ,"Chhatrapati Shivaji Intl. Airport (T2), Mumbai"
2020-08-15,139,61,1,2,2, ,"Chhatrapati Shivaji Intl. Airport (T2), Mumbai"
2020-08-16,63,56,1,3,2, ,"Chhatrapati Shivaji Intl. Airport (T2), Mumbai"
2020-08-17,56,44,1,2,3, ,"Chhatrapati Shivaji Intl. Airport (T2), Mumbai"
2020-08-18,51,45,1,2,4, ,"Chhatrapati Shivaji Intl. Airport (T2), Mumbai"
2020-08-19,42,77,1,1,4, ,"Chhatrapati Shivaji Intl. Airport (T2), Mumbai"
2020-08-20,51,61,1,1,3, ,"Chhatrapati Shivaji Intl. Airport (T2), Mumbai"
2020-08-21,50,68,1,1,3, ,"Chhatrapati Shivaji Intl. Airport (T2), Mumbai"
2020-08-22,40,41,1,2,2, ,"Chhatrapati Shivaji Intl. Airport (T2), Mumbai"
2020-08-23,45,46,1,2,2, ,"Chhatrapati Shivaji Intl. Airport (T2), Mumbai"
2020-08-24,48,44,2,1,3,14,"Chhatrapati Shivaji Intl. Airport (T2), Mumbai"
2020-08-25,47,203,2,2,10, ,"Chhatrapati Shivaji Intl. Airport (T2), Mumbai"
2020-08-26,212,45,1,1,5, ,"Chhatrapati Shivaji Intl. Airport (T2), Mumbai"
2020-08-27,43,31,1, ,5, ,"Chhatrapati Shivaji Intl. Airport (T2), Mumbai"
2020-08-28,49,39,1, ,6, ,"Chhatrapati Shivaji Intl. Airport (T2), Mumbai"
2020-08-29,56,33,1, ,5, ,"Chhatrapati Shivaji Intl. Airport (T2), Mumbai"
2020-08-30,49,36,1,1,4,1,"Chhatrapati Shivaji Intl. Airport (T2), Mumbai"
2020-08-31,42,43,1,1,5, ,"Chhatrapati Shivaji Intl. Airport (T2), Mumbai"
2020-09-01,59,65,1,3,6,2,"Chhatrapati Shivaji Intl. Airport (T2), Mumbai"
2020-09-02,83,75,1,4,5, ,"Chhatrapati Shivaji Intl. Airport (T2), Mumbai"
2020-09-03,68,84,1,7,5,1,"Chhatrapati Shivaji Intl. Airport (T2), Mumbai"
2020-09-04,104,191,2,9,5,1,"Chhatrapati Shivaji Intl. Airport (T2), Mumbai"
2020-09-05,130,400,1,7,6,2,"Chhatrapati Shivaji Intl. Airport (T2), Mumbai"
2020-09-06,355,87,1,7,5,1,"Chhatrapati Shivaji Intl. Airport (T2), Mumbai"
2020-09-07,67,67,1,4,5, ,"Chhatrapati Shivaji Intl. Airport (T2), Mumbai"
2020-09-08,77,163,1,5,5, ,"Chhatrapati Shivaji Intl. Airport (T2), Mumbai"
2020-09-09,166,63,1,5,5, ,"Chhatrapati Shivaji Intl. Airport (T2), Mumbai"
2020-09-10,81,133,1,7,6, ,"Chhatrapati Shivaji Intl. Airport (T2), Mumbai"
2020-09-11,99,109,1,5,5, ,"Chhatrapati Shivaji Intl. Airport (T2), Mumbai"
2020-09-12,65,41,1,3,4, ,"Chhatrapati Shivaji Intl. Airport (T2), Mumbai"
2020-09-13,57,52,1,2,5, ,"Chhatrapati Shivaji Intl. Airport (T2), Mumbai"
2020-09-14,71,53,1, ,6,1,"Chhatrapati Shivaji Intl. Airport (T2), Mumbai"
2020-09-15,79, , , , , ,"Chhatrapati Shivaji Intl. Airport (T2), Mumbai"
2020-09-16, ,54,1,5,5,5,"Chhatrapati Shivaji Intl. Airport (T2), Mumbai"
2020-09-17,64,61,1, ,6,6,"Chhatrapati Shivaji Intl. Airport (T2), Mumbai"
2020-09-18,83,231,1,2,7,8,"Chhatrapati Shivaji Intl. Airport (T2), Mumbai"
2020-09-19,101,56,1,5,6,8,"Chhatrapati Shivaji Intl. Airport (T2), Mumbai"
2020-09-20,85,109,1,3,7,8,"Chhatrapati Shivaji Intl. Airport (T2), Mumbai"
2020-09-21,101,95,1,2,7,8,"Chhatrapati Shivaji Intl. Airport (T2), Mumbai"
2020-09-22,109,183,1,5,6,4,"Chhatrapati Shivaji Intl. Airport (T2), Mumbai"
2020-09-23,161,103,1,3,6,6,"Chhatrapati Shivaji Intl. Airport (T2), Mumbai"
2020-09-24,827,90,1,1,7,7,"Chhatrapati Shivaji Intl. Airport (T2), Mumbai"
2020-09-25, ,104,1,4,6,5,"Chhatrapati Shivaji Intl. Airport (T2), Mumbai"
2020-09-26,118,70,1,2,6,6,"Chhatrapati Shivaji Intl. Airport (T2), Mumbai"
2020-09-27,45,77,1,3,6,7,"Chhatrapati Shivaji Intl. Airport (T2), Mumbai"
2020-09-28,71,91,1,5,7,8,"Chhatrapati Shivaji Intl. Airport (T2), Mumbai"
2020-09-29,74,90,1,4,7,7,"Chhatrapati Shivaji Intl. Airport (T2), Mumbai"
2020-09-30,77,89,1,4,6,6,"Chhatrapati Shivaji Intl. Airport (T2), Mumbai"
2020-10-01,91,122,1,6,6,7,"Chhatrapati Shivaji Intl. Airport (T2), Mumbai"
2020-10-02,113,284,1,7,6,6,"Chhatrapati Shivaji Intl. Airport (T2), Mumbai"
2020-10-03,98,50,1,6,6,6,"Chhatrapati Shivaji Intl. Airport (T2), Mumbai"
2020-10-04,73,52,1,4,7,7,"Chhatrapati Shivaji Intl. Airport (T2), Mumbai"
2020-10-05,67,86,1,5,7,9,"Chhatrapati Shivaji Intl. Airport (T2), Mumbai"
2020-10-06,74,116,1,9,7,9,"Chhatrapati Shivaji Intl. Airport (T2), Mumbai"
2020-10-07,126,156,1,9,6,9,"Chhatrapati Shivaji Intl. Airport (T2), Mumbai"
2020-10-08,202,150,2,11,6,10,"Chhatrapati Shivaji Intl. Airport (T2), Mumbai"
2020-10-09,160,122,1,6,7,12,"Chhatrapati Shivaji Intl. Airport (T2), Mumbai"
2020-10-10,172, , , , , ,"Chhatrapati Shivaji Intl. Airport (T2), Mumbai"
2020-10-12, ,47,2,10,15,9,"Chhatrapati Shivaji Intl. Airport (T2), Mumbai"
2020-10-13,670,74,2,6,16,11,"Chhatrapati Shivaji Intl. Airport (T2), Mumbai"
2020-10-14,827,49,1,7,15,10,"Chhatrapati Shivaji Intl. Airport (T2), Mumbai"
2020-10-15, ,56,1,4,15,10,"Chhatrapati Shivaji Intl. Airport (T2), Mumbai"
2020-10-16, ,64,1,7,14,6,"Chhatrapati Shivaji Intl. Airport (T2), Mumbai"
2020-10-17, ,68,1,1,15,7,"Chhatrapati Shivaji Intl. Airport (T2), Mumbai"
2020-10-18,827,69,1,1,15,7,"Chhatrapati Shivaji Intl. Airport (T2), Mumbai"
2020-10-19,827,82,1,11,14,9,"Chhatrapati Shivaji Intl. Airport (T2), Mumbai"
2020-10-20,398,76,22,8,14,9,"Chhatrapati Shivaji Intl. Airport (T2), Mumbai"
2020-10-21,262, , , , , ,"Chhatrapati Shivaji Intl. Airport (T2), Mumbai"
2020-10-22, ,95,3,10,14,12,"Chhatrapati Shivaji Intl. Airport (T2), Mumbai"
2020-10-23,463,110,32,4,15,14,"Chhatrapati Shivaji Intl. Airport (T2), Mumbai"
2020-10-24,463, , , , , ,"Chhatrapati Shivaji Intl. Airport (T2), Mumbai"
2020-10-25, ,110,40,16,13,11,"Chhatrapati Shivaji Intl. Airport (T2), Mumbai"
2020-10-26,463,105,42,10,14,12,"Chhatrapati Shivaji Intl. Airport (T2), Mumbai"
2020-10-27, ,111,75,14,15,14,"Chhatrapati Shivaji Intl. Airport (T2), Mumbai"
2020-10-28, ,102,82,14,14,13,"Chhatrapati Shivaji Intl. Airport (T2), Mumbai"
2020-10-29, ,100,55,17,14,12,"Chhatrapati Shivaji Intl. Airport (T2), Mumbai"
2020-10-30,70,100,40,15,14,13,"Chhatrapati Shivaji Intl. Airport (T2), Mumbai"
2020-10-31,62,88,38,15,14,13,"Chhatrapati Shivaji Intl. Airport (T2), Mumbai"
2020-11-01,60,114,52,29,14,16,"Chhatrapati Shivaji Intl. Airport (T2), Mumbai"
2020-11-02,75,122,61,22,14,14,"Chhatrapati Shivaji Intl. Airport (T2), Mumbai"
2020-11-03,125,122,47,18,15,16,"Chhatrapati Shivaji Intl. Airport (T2), Mumbai"
2020-11-04,143,100,74,15,15,13,"Chhatrapati Shivaji Intl. Airport (T2), Mumbai"
2020-11-05,128,96,64,16,13,11,"Chhatrapati Shivaji Intl. Airport (T2), Mumbai"
2020-11-06,115,112,62,18,13,14,"Chhatrapati Shivaji Intl. Airport (T2), Mumbai"
2020-11-07,131,100,79,16,13,13,"Chhatrapati Shivaji Intl. Airport (T2), Mumbai"
2020-11-08,120,98,65,16,14,13,"Chhatrapati Shivaji Intl. Airport (T2), Mumbai"
2020-11-09,127,135,65,20,13,12,"Chhatrapati Shivaji Intl. Airport (T2), Mumbai"
2020-11-10,164,116,43,23,11,13,"Chhatrapati Shivaji Intl. Airport (T2), Mumbai"
2020-11-11,140,139,75,24,9,13,"Chhatrapati Shivaji Intl. Airport (T2), Mumbai"
2020-11-12,165,113,49,15,10,17,"Chhatrapati Shivaji Intl. Airport (T2), Mumbai"
2020-11-13,233,119,40,15,10,13,"Chhatrapati Shivaji Intl. Airport (T2), Mumbai"
2020-11-14,129,86,50,15,10,12,"Chhatrapati Shivaji Intl. Airport (T2), Mumbai"
2020-11-15,108,152,53,18,10,13,"Chhatrapati Shivaji Intl. Airport (T2), Mumbai"
2020-11-16,142,194,42,15,6,12,"Chhatrapati Shivaji Intl. Airport (T2), Mumbai"
2020-11-17,209,164,52,18,7,12,"Chhatrapati Shivaji Intl. Airport (T2), Mumbai"
2020-11-18,159,375,47,18,7,12,"Chhatrapati Shivaji Intl. Airport (T2), Mumbai"
2020-11-19,155,136,41,19,7,13,"Chhatrapati Shivaji Intl. Airport (T2), Mumbai"
2020-11-20,152,143,43,11,7,14,"Chhatrapati Shivaji Intl. Airport (T2), Mumbai"
2020-11-21,164,113,70,26,6,12,"Chhatrapati Shivaji Intl. Airport (T2), Mumbai"
2020-11-22,140,88,23,16,7,12,"Chhatrapati Shivaji Intl. Airport (T2), Mumbai"
2020-11-23,98,138,45,19,7,12,"Chhatrapati Shivaji Intl. Airport (T2), Mumbai"
2020-11-24,161,138,66,23,8,16,"Chhatrapati Shivaji Intl. Airport (T2), Mumbai"
2020-11-25,155,130,65,23,8,15,"Chhatrapati Shivaji Intl. Airport (T2), Mumbai"
2020-11-26,150,93,49,17,5,9,"Chhatrapati Shivaji Intl. Airport (T2), Mumbai"
2020-11-27,136,131,48,16,5,9,"Chhatrapati Shivaji Intl. Airport (T2), Mumbai"
2020-11-28,196,80,33,11,9,11,"Chhatrapati Shivaji Intl. Airport (T2), Mumbai"
2020-11-29,105,88,48,20,9,12,"Chhatrapati Shivaji Intl. Airport (T2), Mumbai"
2020-11-30,115,93,72,15,9,12,"Chhatrapati Shivaji Intl. Airport (T2), Mumbai"
2020-12-01,114,113,58,24,8,12,"Chhatrapati Shivaji Intl. Airport (T2), Mumbai"
2020-12-02,135,111,75,20,8,12,"Chhatrapati Shivaji Intl. Airport (T2), Mumbai"
2020-12-03,130,157,61,11,9,10,"Chhatrapati Shivaji Intl. Airport (T2), Mumbai"
2020-12-04,167,124,137,9,26,8,"Chhatrapati Shivaji Intl. Airport (T2), Mumbai"
2020-12-05,141,101,59,17,9,11,"Chhatrapati Shivaji Intl. Airport (T2), Mumbai"
2020-12-06,108,116,59,18,8,11,"Chhatrapati Shivaji Intl. Airport (T2), Mumbai"
2020-12-07,126,121,53,12,7,11,"Chhatrapati Shivaji Intl. Airport (T2), Mumbai"
2020-12-08,130,114,38,17,4,12,"Chhatrapati Shivaji Intl. Airport (T2), Mumbai"
2020-12-09,126,114,38,17,5,12,"Chhatrapati Shivaji Intl. Airport (T2), Mumbai"
2020-12-10,137,113,24,12,4,10,"Chhatrapati Shivaji Intl. Airport (T2), Mumbai"
2020-12-11,137,103,18,10,4,11,"Chhatrapati Shivaji Intl. Airport (T2), Mumbai"
2020-12-12,124,84,21,7,4,8,"Chhatrapati Shivaji Intl. Airport (T2), Mumbai"
2020-12-13,104,73,11,7,3,7,"Chhatrapati Shivaji Intl. Airport (T2), Mumbai"
2020-12-14,89,116,25,13,4,11,"Chhatrapati Shivaji Intl. Airport (T2), Mumbai"
2020-12-15,142,132,24,15,4,12,"Chhatrapati Shivaji Intl. Airport (T2), Mumbai"
2020-12-16,157,139,27,15,4,14,"Chhatrapati Shivaji Intl. Airport (T2), Mumbai"
2020-12-17,158,129,33,17,3,13,"Chhatrapati Shivaji Intl. Airport (T2), Mumbai"
2020-12-18,150,113,45,14,2,10,"Chhatrapati Shivaji Intl. Airport (T2), Mumbai"
2020-12-19,135,104,49,12,3,8,"Chhatrapati Shivaji Intl. Airport (T2), Mumbai"
2020-12-20,129,108,51,15,2,9,"Chhatrapati Shivaji Intl. Airport (T2), Mumbai"
2020-12-21,122,121,49,15,5,11,"Chhatrapati Shivaji Intl. Airport (T2), Mumbai"
2020-12-22,127,128,40,17,4,14,"Chhatrapati Shivaji Intl. Airport (T2), Mumbai"
2020-12-23,141,141,56,18,4,13,"Chhatrapati Shivaji Intl. Airport (T2), Mumbai"
2020-12-24,145,151,53,19,6,15,"Chhatrapati Shivaji Intl. Airport (T2), Mumbai"
2020-12-25,151,146,41,23,4,15,"Chhatrapati Shivaji Intl. Airport (T2), Mumbai"
2020-12-26,154,139,46,22,5,12,"Chhatrapati Shivaji Intl. Airport (T2), Mumbai"
2020-12-27,158,126,38,18,3,9,"Chhatrapati Shivaji Intl. Airport (T2), Mumbai"
2020-12-28,132,156,32,21,4,11,"Chhatrapati Shivaji Intl. Airport (T2), Mumbai"
2020-12-29,156,174,25,18,4,15,"Chhatrapati Shivaji Intl. Airport (T2), Mumbai"
2020-12-30,164,161,41,20,4,14,"Chhatrapati Shivaji Intl. Airport (T2), Mumbai"
2020-12-31,159,148,40,20,5,14,"Chhatrapati Shivaji Intl. Airport (T2), Mumbai"
2021-01-01,161,170,32,16,4,13,"Chhatrapati Shivaji Intl. Airport (T2), Mumbai"
2021-01-02,170,152,44,18,2,12,"Chhatrapati Shivaji Intl. Airport (T2), Mumbai"
2021-01-03,164,149,40,21,4,12,"Chhatrapati Shivaji Intl. Airport (T2), Mumbai"
2021-01-04,162,213,95,21,3,10,"Chhatrapati Shivaji Intl. Airport (T2), Mumbai"
2021-01-05,217,175,47,26,2,15,"Chhatrapati Shivaji Intl. Airport (T2), Mumbai"
2021-01-06,172,167,29,26,15,15,"Chhatrapati Shivaji Intl. Airport (T2), Mumbai"
2021-01-07,196,160,14,11,11,17,"Chhatrapati Shivaji Intl. Airport (T2), Mumbai"
2021-01-08,251,192,22,11,8,15,"Chhatrapati Shivaji Intl. Airport (T2), Mumbai"
2021-01-09,218,146,32,11,8,15,"Chhatrapati Shivaji Intl. Airport (T2), Mumbai"
2021-01-10,157,133,40,12,10,15,"Chhatrapati Shivaji Intl. Airport (T2), Mumbai"
2021-01-11,150,132,44,16,10,13,"Chhatrapati Shivaji Intl. Airport (T2), Mumbai"
2021-01-12,144,138,35,14,8,13,"Chhatrapati Shivaji Intl. Airport (T2), Mumbai"
2021-01-13,136,130,50,21,6,11,"Chhatrapati Shivaji Intl. Airport (T2), Mumbai"
2021-01-14,145,109,36,17,6,9,"Chhatrapati Shivaji Intl. Airport (T2), Mumbai"
2021-01-15,120,123,44,20,6,10,"Chhatrapati Shivaji Intl. Airport (T2), Mumbai"
2021-01-16,131,129,47,18,6,11,"Chhatrapati Shivaji Intl. Airport (T2), Mumbai"
2021-01-17,145,94,30,17,6,10,"Chhatrapati Shivaji Intl. Airport (T2), Mumbai"
2021-01-18,99,141,37,18,8,14,"Chhatrapati Shivaji Intl. Airport (T2), Mumbai"
2021-01-19,151,140,30,19,7,13,"Chhatrapati Shivaji Intl. Airport (T2), Mumbai"
2021-01-20,138,137,51,24,8,12,"Chhatrapati Shivaji Intl. Airport (T2), Mumbai"
2021-01-21,150,162,47,24,7,13,"Chhatrapati Shivaji Intl. Airport (T2), Mumbai"
2021-01-22,165,181,47,29,8,17,"Chhatrapati Shivaji Intl. Airport (T2), Mumbai"
2021-01-23,168,130,57,28,8,16,"Chhatrapati Shivaji Intl. Airport (T2), Mumbai"
2021-01-24,142,169,41,37,4,10,"Chhatrapati Shivaji Intl. Airport (T2), Mumbai"
2021-01-25,160,153,62,34,3,10,"Chhatrapati Shivaji Intl. Airport (T2), Mumbai"
2021-01-26,159,152,44,36,4,15,"Chhatrapati Shivaji Intl. Airport (T2), Mumbai"
2021-01-27,157,165,47,24,4,16,"Chhatrapati Shivaji Intl. Airport (T2), Mumbai"
2021-01-28,162,230,43,25,6,16,"Chhatrapati Shivaji Intl. Airport (T2), Mumbai"
2021-01-29,163,152,34,25,7,18,"Chhatrapati Shivaji Intl. Airport (T2), Mumbai"
2021-01-30,147,136,36,22,7,15,"Chhatrapati Shivaji Intl. Airport (T2), Mumbai"
2021-01-31,140,132,39,19,7,14,"Chhatrapati Shivaji Intl. Airport (T2), Mumbai"
2021-02-01,144,123,39,17,8,13,"Chhatrapati Shivaji Intl. Airport (T2), Mumbai"
2021-02-02,130,133,39,16,12,13,"Chhatrapati Shivaji Intl. Airport (T2), Mumbai"
2021-02-03,129,130,45,19,9,13,"Chhatrapati Shivaji Intl. Airport (T2), Mumbai"
2021-02-04,145,116,40,19,7,10,"Chhatrapati Shivaji Intl. Airport (T2), Mumbai"
2021-02-05,122,196,43,21,8,9,"Chhatrapati Shivaji Intl. Airport (T2), Mumbai"
2021-02-06,171,94,47,19,6,6,"Chhatrapati Shivaji Intl. Airport (T2), Mumbai"
2021-02-07,96,104,54,21,8,8,"Chhatrapati Shivaji Intl. Airport (T2), Mumbai"
2021-02-08,108,141,32,30,12,16,"Chhatrapati Shivaji Intl. Airport (T2), Mumbai"
2021-02-09,133,158,2,18,11,16,"Chhatrapati Shivaji Intl. Airport (T2), Mumbai"
2021-02-10,153,164, ,26,10,15,"Chhatrapati Shivaji Intl. Airport (T2), Mumbai"
2021-02-11,154,176,46,14,9,19,"Chhatrapati Shivaji Intl. Airport (T2), Mumbai"
2021-02-12,158,115,27,23,26,11,"Chhatrapati Shivaji Intl. Airport (T2), Mumbai"
2021-02-13,184,105,28,20,2,8,"Chhatrapati Shivaji Intl. Airport (T2), Mumbai"
2021-02-14,821,89,24,17,3,7,"Chhatrapati Shivaji Intl. Airport (T2), Mumbai"
2021-02-15, ,79,17,11,2,6,"Chhatrapati Shivaji Intl. Airport (T2), Mumbai"
2021-02-16,108,92,23,15,3,6,"Chhatrapati Shivaji Intl. Airport (T2), Mumbai"
2021-02-17,97,147,47,17,5,11,"Chhatrapati Shivaji Intl. Airport (T2), Mumbai"
2021-02-18,147,86,38,19,4,6,"Chhatrapati Shivaji Intl. Airport (T2), Mumbai"
2021-02-19,95,103,31,17,7,8,"Chhatrapati Shivaji Intl. Airport (T2), Mumbai"
2021-02-20,113,86,38,19,4,6,"Chhatrapati Shivaji Intl. Airport (T2), Mumbai"
2021-02-21,100,101,46,17,5,9,"Chhatrapati Shivaji Intl. Airport (T2), Mumbai"
2021-02-22,69,130,61,15,6,12,"Chhatrapati Shivaji Intl. Airport (T2), Mumbai"
2021-02-23,130,157,48,16,10,18,"Chhatrapati Shivaji Intl. Airport (T2), Mumbai"
2021-02-24,146,132,30,8,8,14,"Chhatrapati Shivaji Intl. Airport (T2), Mumbai"
2021-02-25,137,96,25,16,7,9,"Chhatrapati Shivaji Intl. Airport (T2), Mumbai"
2021-02-26,103,89,23,16,4,7,"Chhatrapati Shivaji Intl. Airport (T2), Mumbai"
2021-02-27,93,99,38,20,4,8,"Chhatrapati Shivaji Intl. Airport (T2), Mumbai"
2021-02-28,115,118,32,22,7,11,"Chhatrapati Shivaji Intl. Airport (T2), Mumbai"
2021-03-01,135,131,34,17,9,13,"Chhatrapati Shivaji Intl. Airport (T2), Mumbai"
2021-03-02,138,125,55,28,10,11,"Chhatrapati Shivaji Intl. Airport (T2), Mumbai"
2021-03-03,142,139,43,21,10,12,"Chhatrapati Shivaji Intl. Airport (T2), Mumbai"
2021-03-04,116,156,35,18,10,18,"Chhatrapati Shivaji Intl. Airport (T2), Mumbai"
2021-03-05,130,93,27,12,6,7,"Chhatrapati Shivaji Intl. Airport (T2), Mumbai"
2021-03-06,136,100,25,7,6,9,"Chhatrapati Shivaji Intl. Airport (T2), Mumbai"
2021-03-07,116,160,16,12,7,9,"Chhatrapati Shivaji Intl. Airport (T2), Mumbai"
2021-03-08,149,118,33,13,7,8,"Chhatrapati Shivaji Intl. Airport (T2), Mumbai"
2021-03-09,122,123,23,13,8,12,"Chhatrapati Shivaji Intl. Airport (T2), Mumbai"
2021-03-10,122,95,13,7,7,6,"Chhatrapati Shivaji Intl. Airport (T2), Mumbai"
2021-03-11,101,94,21,9,7,6,"Chhatrapati Shivaji Intl. Airport (T2), Mumbai"
2021-03-12,89,123,53,15,7,8,"Chhatrapati Shivaji Intl. Airport (T2), Mumbai"
2021-03-13,122,129,48,19,6,9,"Chhatrapati Shivaji Intl. Airport (T2), Mumbai"
2021-03-14,141,137,52,18,26,12,"Chhatrapati Shivaji Intl. Airport (T2), Mumbai"
2021-03-15,143,137,31,17,2,12,"Chhatrapati Shivaji Intl. Airport (T2), Mumbai"
2021-03-16,128,144,35,10,2,10,"Chhatrapati Shivaji Intl. Airport (T2), Mumbai"
2021-03-17,139,119,24,8,2,10,"Chhatrapati Shivaji Intl. Airport (T2), Mumbai"
2021-03-18,119,150,30,8,2,7,"Chhatrapati Shivaji Intl. Airport (T2), Mumbai"
2021-03-19,165,129,11,5,1,4,"Chhatrapati Shivaji Intl. Airport (T2), Mumbai"
2021-03-20,142,115,23,6,1,5,"Chhatrapati Shivaji Intl. Airport (T2), Mumbai"
2021-03-21,139,109,21,8,3,7,"Chhatrapati Shivaji Intl. Airport (T2), Mumbai"
2021-03-22,116,116,34,17,4,8,"Chhatrapati Shivaji Intl. Airport (T2), Mumbai"
2021-03-23,122,134,42,20,4,12,"Chhatrapati Shivaji Intl. Airport (T2), Mumbai"
2021-03-24,148,136,26,19,4,10,"Chhatrapati Shivaji Intl. Airport (T2), Mumbai"
2021-03-25,135,157,38,19,7,14,"Chhatrapati Shivaji Intl. Airport (T2), Mumbai"
2021-03-26,147,142,46,21,8,16,"Chhatrapati Shivaji Intl. Airport (T2), Mumbai"
2021-03-27,144,126,20,13,6,13,"Chhatrapati Shivaji Intl. Airport (T2), Mumbai"
2021-03-28,136,83,17,8,4,5,"Chhatrapati Shivaji Intl. Airport (T2), Mumbai"
2021-03-29,96,85,10,3,5,3,"Chhatrapati Shivaji Intl. Airport (T2), Mumbai"
2021-03-30,65,36,8,3,6,4,"Chhatrapati Shivaji Intl. Airport (T2), Mumbai"
2021-03-31,75,86,9,2,5,3,"Chhatrapati Shivaji Intl. Airport (T2), Mumbai"
2021-04-01,113,105,13,2,6,2,"Chhatrapati Shivaji Intl. Airport (T2), Mumbai"
2021-04-02,110,86,9,4,3,1,"Chhatrapati Shivaji Intl. Airport (T2), Mumbai"
2021-04-03,67,73,10,6,1,1,"Chhatrapati Shivaji Intl. Airport (T2), Mumbai"
2021-04-04,92,56,8,4,2,3,"Chhatrapati Shivaji Intl. Airport (T2), Mumbai"
2021-04-05,82,90,16,12,3,6,"Chhatrapati Shivaji Intl. Airport (T2), Mumbai"
2021-04-06,101,80,13,6,3,5,"Chhatrapati Shivaji Intl. Airport (T2), Mumbai"
2021-04-07,88,65,10,4,3,3,"Chhatrapati Shivaji Intl. Airport (T2), Mumbai"
2021-04-08,54,69,12,5,3,3,"Chhatrapati Shivaji Intl. Airport (T2), Mumbai"
2021-04-09,93,85,16,4,5,3,"Chhatrapati Shivaji Intl. Airport (T2), Mumbai"
2021-04-10,79,74,24,4,5,4,"Chhatrapati Shivaji Intl. Airport (T2), Mumbai"
2021-04-11,41,123,29,6,4,4,"Chhatrapati Shivaji Intl. Airport (T2), Mumbai"
2021-04-12,108,67,17,6,16,5,"Chhatrapati Shivaji Intl. Airport (T2), Mumbai"
2021-04-13,98,41,32,6,1,3,"Chhatrapati Shivaji Intl. Airport (T2), Mumbai"
2021-04-14,114,45,25,9, ,2,"Chhatrapati Shivaji Intl. Airport (T2), Mumbai"
2021-04-15,83,64,12,8, ,2,"Chhatrapati Shivaji Intl. Airport (T2), Mumbai"
2021-04-16,75,61,11,7, ,2,"Chhatrapati Shivaji Intl. Airport (T2), Mumbai"
2021-04-17,77,60,15,9, ,3,"Chhatrapati Shivaji Intl. Airport (T2), Mumbai"
2021-04-18,89,37,12,8, ,2,"Chhatrapati Shivaji Intl. Airport (T2), Mumbai"
2021-04-19,79,28,7,5, ,1,"Chhatrapati Shivaji Intl. Airport (T2), Mumbai"
2021-04-20,65,44,8,5, ,2,"Chhatrapati Shivaji Intl. Airport (T2), Mumbai"
2021-04-21,71,61,11,8, ,2,"Chhatrapati Shivaji Intl. Airport (T2), Mumbai"
2021-04-22,82,59,9,10, ,2,"Chhatrapati Shivaji Intl. Airport (T2), Mumbai"
2021-04-23,72,42,15,7, ,2,"Chhatrapati Shivaji Intl. Airport (T2), Mumbai"
2021-04-24,77,37,14,7, ,2,"Chhatrapati Shivaji Intl. Airport (T2), Mumbai"
2021-04-25,83,105,21,10, ,2,"Chhatrapati Shivaji Intl. Airport (T2), Mumbai"
2021-04-26,139,117,19,9, ,1,"Chhatrapati Shivaji Intl. Airport (T2), Mumbai"
2021-04-27,139,62,10,8, ,2,"Chhatrapati Shivaji Intl. Airport (T2), Mumbai"
2021-04-28,98,17,8,6, ,2,"Chhatrapati Shivaji Intl. Airport (T2), Mumbai"
2021-04-29,73,29,9,6, ,2,"Chhatrapati Shivaji Intl. Airport (T2), Mumbai"
2021-04-30,76,46,9,8, ,2,"Chhatrapati Shivaji Intl. Airport (T2), Mumbai"
2021-05-01,72,57,11,7, ,1,"Chhatrapati Shivaji Intl. Airport (T2), Mumbai"
2021-05-02,78,63,26,10, ,3,"Chhatrapati Shivaji Intl. Airport (T2), Mumbai"
2021-05-03,90,44,14,10, ,1,"Chhatrapati Shivaji Intl. Airport (T2), Mumbai"
2021-05-04,76,20,8,8, ,1,"Chhatrapati Shivaji Intl. Airport (T2), Mumbai"
2021-05-05,73,44,6,5, ,1,"Chhatrapati Shivaji Intl. Airport (T2), Mumbai"
2021-05-06,67,53,10,6, ,1,"Chhatrapati Shivaji Intl. Airport (T2), Mumbai"
2021-05-07,69,44,7,3, ,1,"Chhatrapati Shivaji Intl. Airport (T2), Mumbai"
2021-05-08,66,24,8,5, , ,"Chhatrapati Shivaji Intl. Airport (T2), Mumbai"
2021-05-09,58,34,6,4, ,1,"Chhatrapati Shivaji Intl. Airport (T2), Mumbai"
2021-05-10,59,45,4,4, , ,"Chhatrapati Shivaji Intl. Airport (T2), Mumbai"
2021-05-11,55,45,5,3,3, ,"Chhatrapati Shivaji Intl. Airport (T2), Mumbai"
2021-05-12,55, , , , , ,"Chhatrapati Shivaji Intl. Airport (T2), Mumbai"
2021-05-13, ,61,11,6,2,1,"Chhatrapati Shivaji Intl. Airport (T2), Mumbai"
2021-05-14,66,81,23,11,2,2,"Chhatrapati Shivaji Intl. Airport (T2), Mumbai"
2021-05-15,97,56,17,7,2,1,"Chhatrapati Shivaji Intl. Airport (T2), Mumbai"
2021-05-16,51,35,9,6,2, ,"Chhatrapati Shivaji Intl. Airport (T2), Mumbai"
2021-05-17,38,50,5,5,2, ,"Chhatrapati Shivaji Intl. Airport (T2), Mumbai"
2021-05-18,55,50,10,5,4,1,"Chhatrapati Shivaji Intl. Airport (T2), Mumbai"
2021-05-19,61,110,10,4,6,2,"Chhatrapati Shivaji Intl. Airport (T2), Mumbai"
2021-05-20,112,96,8,5,4,2,"Chhatrapati Shivaji Intl. Airport (T2), Mumbai"
2021-05-21,99,76,7,4,3,1,"Chhatrapati Shivaji Intl. Airport (T2), Mumbai"
2021-05-22,79,68,7,5,3,1,"Chhatrapati Shivaji Intl. Airport (T2), Mumbai"
2021-05-23,75,67,4,3,3, ,"Chhatrapati Shivaji Intl. Airport (T2), Mumbai"
2021-05-24,68,71,6,4,3, ,"Chhatrapati Shivaji Intl. Airport (T2), Mumbai"
2021-05-25,71,60,8,5,2, ,"Chhatrapati Shivaji Intl. Airport (T2), Mumbai"
2021-05-26,62,54,6,3,2, ,"Chhatrapati Shivaji Intl. Airport (T2), Mumbai"
2021-05-27,57,55,6,3,3, ,"Chhatrapati Shivaji Intl. Airport (T2), Mumbai"
2021-05-28,58,59,6,2,4, ,"Chhatrapati Shivaji Intl. Airport (T2), Mumbai"
2021-05-29,62,62,6,3,4, ,"Chhatrapati Shivaji Intl. Airport (T2), Mumbai"
2021-05-30,66,61,3,2,4,1,"Chhatrapati Shivaji Intl. Airport (T2), Mumbai"
2021-05-31,69,51,7,2,6,1,"Chhatrapati Shivaji Intl. Airport (T2), Mumbai"
2021-06-01,58,44,3,2,6,1,"Chhatrapati Shivaji Intl. Airport (T2), Mumbai"
2021-06-02,48,51,12,8,4,1,"Chhatrapati Shivaji Intl. Airport (T2), Mumbai"
2021-06-03,55,47,7,8,4,1,"Chhatrapati Shivaji Intl. Airport (T2), Mumbai"
2021-06-04,49,63,10,9,4,2,"Chhatrapati Shivaji Intl. Airport (T2), Mumbai"
2021-06-05,62,43,8,5,3, ,"Chhatrapati Shivaji Intl. Airport (T2), Mumbai"
2021-06-06,49,39,5,3,3, ,"Chhatrapati Shivaji Intl. Airport (T2), Mumbai"
2021-06-07,48,106,18,2,5,1,"Chhatrapati Shivaji Intl. Airport (T2), Mumbai"
2021-06-08,103,26, ,1,6,1,"Chhatrapati Shivaji Intl. Airport (T2), Mumbai"
2021-06-09,41,28,13,4,19,1,"Chhatrapati Shivaji Intl. Airport (T2), Mumbai"
2021-06-10,38,32,13,2,8,7,"Chhatrapati Shivaji Intl. Airport (T2), Mumbai"
2021-06-11,46,24,17,3,7,1,"Chhatrapati Shivaji Intl. Airport (T2), Mumbai"
2021-06-12,32,37,16,4,8,1,"Chhatrapati Shivaji Intl. Airport (T2), Mumbai"
2021-06-13,48,58,14,3,8,1,"Chhatrapati Shivaji Intl. Airport (T2), Mumbai"
2021-06-14,70,48,12,3,9,2,"Chhatrapati Shivaji Intl. Airport (T2), Mumbai"
2021-06-15,59,40,12,8,5,3,"Chhatrapati Shivaji Intl. Airport (T2), Mumbai"
2021-06-16,252,59,12,10,2,2,"Chhatrapati Shivaji Intl. Airport (T2), Mumbai"
2021-06-17,76,73,12,5,4,1,"Chhatrapati Shivaji Intl. Airport (T2), Mumbai"
2021-06-18,91,51,12,2,5,1,"Chhatrapati Shivaji Intl. Airport (T2), Mumbai"
2021-06-19,65,107,12,2,4, ,"Chhatrapati Shivaji Intl. Airport (T2), Mumbai"
2021-06-20,133,87,12,3,6,2,"Chhatrapati Shivaji Intl. Airport (T2), Mumbai"
2021-06-21,108,75,12,3,2,1,"Chhatrapati Shivaji Intl. Airport (T2), Mumbai"
2021-06-22,83,76,12,1,5, ,"Chhatrapati Shivaji Intl. Airport (T2), Mumbai"
2021-06-23,83,59,12, ,7, ,"Chhatrapati Shivaji Intl. Airport (T2), Mumbai"
2021-06-24,70,45,12,1,6,2,"Chhatrapati Shivaji Intl. Airport (T2), Mumbai"
2021-06-25,58,64,13,3,7,2,"Chhatrapati Shivaji Intl. Airport (T2), Mumbai"
2021-06-26,76,53,12, ,5,1,"Chhatrapati Shivaji Intl. Airport (T2), Mumbai"
2021-06-27,64,52,12,5,5,2,"Chhatrapati Shivaji Intl. Airport (T2), Mumbai"
2021-06-28,62,46,13,3,5,2,"Chhatrapati Shivaji Intl. Airport (T2), Mumbai"
2021-06-29,58,48,13,2,6,2,"Chhatrapati Shivaji Intl. Airport (T2), Mumbai"
2021-06-30,59,54,12,1,8,2,"Chhatrapati Shivaji Intl. Airport (T2), Mumbai"
2021-07-01,57,53,12,1,7, ,"Chhatrapati Shivaji Intl. Airport (T2), Mumbai"
2021-07-02,59,56,12,2,5, ,"Chhatrapati Shivaji Intl. Airport (T2), Mumbai"
2021-07-03,61,56,13,3,5, ,"Chhatrapati Shivaji Intl. Airport (T2), Mumbai"
2021-07-04,60,64,13,3,4,1,"Chhatrapati Shivaji Intl. Airport (T2), Mumbai"
2021-07-05,71,69,13,11,5,2,"Chhatrapati Shivaji Intl. Airport (T2), Mumbai"
2021-07-06,77,70,12,11,5,1,"Chhatrapati Shivaji Intl. Airport (T2), Mumbai"
2021-07-07,77,57,12,7,4, ,"Chhatrapati Shivaji Intl. Airport (T2), Mumbai"
2021-07-08,66,50,13,12,6,2,"Chhatrapati Shivaji Intl. Airport (T2), Mumbai"
2021-07-09,56,30,12,8,6,1,"Chhatrapati Shivaji Intl. Airport (T2), Mumbai"
2021-07-10,53, , , , , ,"Chhatrapati Shivaji Intl. Airport (T2), Mumbai"
2021-07-11, ,31,13,1,4,1,"Chhatrapati Shivaji Intl. Airport (T2), Mumbai"
2021-07-12,39,38,12,1,10,6,"Chhatrapati Shivaji Intl. Airport (T2), Mumbai"
2021-07-13,45,26,12, ,7,2,"Chhatrapati Shivaji Intl. Airport (T2), Mumbai"
2021-07-14,41,25,28, ,6,2,"Chhatrapati Shivaji Intl. Airport (T2), Mumbai"
2021-07-15,36,88, ,2,7,2,"Chhatrapati Shivaji Intl. Airport (T2), Mumbai"
2021-07-16,101,23, , ,8,2,"Chhatrapati Shivaji Intl. Airport (T2), Mumbai"
2021-07-17,33,40,1, ,7,1,"Chhatrapati Shivaji Intl. Airport (T2), Mumbai"
2021-07-18,53,42,24, ,8,2,"Chhatrapati Shivaji Intl. Airport (T2), Mumbai"
2021-07-19,58,51,20, ,7, ,"Chhatrapati Shivaji Intl. Airport (T2), Mumbai"
2021-07-20,59, , , , , ,"Chhatrapati Shivaji Intl. Airport (T2), Mumbai"
2021-07-28, ,55,2,6,1, ,"Chhatrapati Shivaji Intl. Airport (T2), Mumbai"
2021-07-29,63,54,3,5,2, ,"Chhatrapati Shivaji Intl. Airport (T2), Mumbai"
2021-07-30,60,51,2,3,2,4,"Chhatrapati Shivaji Intl. Airport (T2), Mumbai"
2021-07-31,56,49,2,1,4,12,"Chhatrapati Shivaji Intl. Airport (T2), Mumbai"
2021-08-01,52,48,2,3,5,12,"Chhatrapati Shivaji Intl. Airport (T2), Mumbai"
2021-08-02,51,42,2,2,3,12,"Chhatrapati Shivaji Intl. Airport (T2), Mumbai"
2021-08-03,86,48,2,2,3,12,"Chhatrapati Shivaji Intl. Airport (T2), Mumbai"
2021-08-04,58,53,2,2,3,12,"Chhatrapati Shivaji Intl. Airport (T2), Mumbai"
2021-08-05,64,58,2,2,3,13,"Chhatrapati Shivaji Intl. Airport (T2), Mumbai"
2021-08-06,66,60,2,3,3,13,"Chhatrapati Shivaji Intl. Airport (T2), Mumbai"
2021-08-07,68,59,2,1,4,13,"Chhatrapati Shivaji Intl. Airport (T2), Mumbai"
2021-08-08,68,59,3,2,3,12,"Chhatrapati Shivaji Intl. Airport (T2), Mumbai"
2021-08-09,66,53,2,2,3,12,"Chhatrapati Shivaji Intl. Airport (T2), Mumbai"
2021-08-10,58,48,2,3,3,13,"Chhatrapati Shivaji Intl. Airport (T2), Mumbai"
2021-08-11,54,56,2,8,3,14,"Chhatrapati Shivaji Intl. Airport (T2), Mumbai"
2021-08-12,67,49,2,11,3,13,"Chhatrapati Shivaji Intl. Airport (T2), Mumbai"
2021-08-13,56,42,3,11,3,13,"Chhatrapati Shivaji Intl. Airport (T2), Mumbai"
2021-08-14,53,39,2,13,4,15,"Chhatrapati Shivaji Intl. Airport (T2), Mumbai"
2021-08-15,90,50,3,14,5,17,"Chhatrapati Shivaji Intl. Airport (T2), Mumbai"
2021-08-16,63,53,3,13,5,15,"Chhatrapati Shivaji Intl. Airport (T2), Mumbai"
2021-08-17,62,38,3,12,5,16,"Chhatrapati Shivaji Intl. Airport (T2), Mumbai"
2021-08-18,53,41,3,15,7,17,"Chhatrapati Shivaji Intl. Airport (T2), Mumbai"
2021-08-19,88,44,2,15,8,19,"Chhatrapati Shivaji Intl. Airport (T2), Mumbai"
2021-08-20,57,32,3,14,7,16,"Chhatrapati Shivaji Intl. Airport (T2), Mumbai"
2021-08-21,35,57,4,12,6,15,"Chhatrapati Shivaji Intl. Airport (T2), Mumbai"
2021-08-22,57,55,3,11,6,14,"Chhatrapati Shivaji Intl. Airport (T2), Mumbai"
2021-08-23,54,50,2,10,6,14,"Chhatrapati Shivaji Intl. Airport (T2), Mumbai"
2021-08-24,49,48,3,11,6,15,"Chhatrapati Shivaji Intl. Airport (T2), Mumbai"
2021-08-25,46,45,3,11,5,14,"Chhatrapati Shivaji Intl. Airport (T2), Mumbai"
2021-08-26,40,55,3,11,5,15,"Chhatrapati Shivaji Intl. Airport (T2), Mumbai"
2021-08-27,56,73,3,11,5,15,"Chhatrapati Shivaji Intl. Airport (T2), Mumbai"
2021-08-28,72,67,3,12,5,16,"Chhatrapati Shivaji Intl. Airport (T2), Mumbai"
2021-08-29,72,71,3,10,6,17,"Chhatrapati Shivaji Intl. Airport (T2), Mumbai"
2021-08-30,77,45,3,12,5,17,"Chhatrapati Shivaji Intl. Airport (T2), Mumbai"
2021-08-31,59,36,3,11,6,16,"Chhatrapati Shivaji Intl. Airport (T2), Mumbai"
2021-09-01,44,34,3,10,5,14,"Chhatrapati Shivaji Intl. Airport (T2), Mumbai"
2021-09-02,42,72,3,11,5,15,"Chhatrapati Shivaji Intl. Airport (T2), Mumbai"
2021-09-03,82,38,3,11,5,16,"Chhatrapati Shivaji Intl. Airport (T2), Mumbai"
2021-09-04,51,51,3,14,7,18,"Chhatrapati Shivaji Intl. Airport (T2), Mumbai"
2021-09-05,64,48,3,13,7,17,"Chhatrapati Shivaji Intl. Airport (T2), Mumbai"
2021-09-06,52,41,3,12,7,17,"Chhatrapati Shivaji Intl. Airport (T2), Mumbai"
2021-09-07,54,28,3,11,6,15,"Chhatrapati Shivaji Intl. Airport (T2), Mumbai"
2021-09-08,34,35,3,8,5,13,"Chhatrapati Shivaji Intl. Airport (T2), Mumbai"
2021-09-09,36,40,3,8,5,13,"Chhatrapati Shivaji Intl. Airport (T2), Mumbai"
2021-09-10,43,34,3,8,4,13,"Chhatrapati Shivaji Intl. Airport (T2), Mumbai"
2021-09-11,36,26,3,10,4,14,"Chhatrapati Shivaji Intl. Airport (T2), Mumbai"
2021-09-12,35,47,4,10,4,14,"Chhatrapati Shivaji Intl. Airport (T2), Mumbai"
2021-09-13,48,66,3,10,3,14,"Chhatrapati Shivaji Intl. Airport (T2), Mumbai"
2021-09-14,73,68,3,9,2,13,"Chhatrapati Shivaji Intl. Airport (T2), Mumbai"
2021-09-15,74,65,3,8,2,13,"Chhatrapati Shivaji Intl. Airport (T2), Mumbai"
2021-09-16,71,57,3,7,1,13,"Chhatrapati Shivaji Intl. Airport (T2), Mumbai"
2021-09-17,63,50,4,9,2,13,"Chhatrapati Shivaji Intl. Airport (T2), Mumbai"
2021-09-18,53,38,3,10,2,14,"Chhatrapati Shivaji Intl. Airport (T2), Mumbai"
2021-09-19,45,34,3,10,3,15,"Chhatrapati Shivaji Intl. Airport (T2), Mumbai"
2021-09-20,41,29,3,11,4,15,"Chhatrapati Shivaji Intl. Airport (T2), Mumbai"
2021-09-21,36,47,3,15,5,17,"Chhatrapati Shivaji Intl. Airport (T2), Mumbai"
2021-09-22,54,58,5,15,6,19,"Chhatrapati Shivaji Intl. Airport (T2), Mumbai"
2021-09-23,69,211,8,8,6,17,"Chhatrapati Shivaji Intl. Airport (T2), Mumbai"
2021-09-24,70,55,3,17,6,17,"Chhatrapati Shivaji Intl. Airport (T2), Mumbai"
2021-09-25,75,59,3,11,5,16,"Chhatrapati Shivaji Intl. Airport (T2), Mumbai"
2021-09-26,65,52,3,13,5,17,"Chhatrapati Shivaji Intl. Airport (T2), Mumbai"
2021-09-27,62,43,3,13,4,16,"Chhatrapati Shivaji Intl. Airport (T2), Mumbai"
2021-09-28,54,29,4,9,2,13,"Chhatrapati Shivaji Intl. Airport (T2), Mumbai"
2021-09-29,36,40,3,9,2,14,"Chhatrapati Shivaji Intl. Airport (T2), Mumbai"
2021-09-30,50,66,3,10,3,15,"Chhatrapati Shivaji Intl. Airport (T2), Mumbai"
2021-10-01,71,75,7,12,3,17,"Chhatrapati Shivaji Intl. Airport (T2), Mumbai"
2021-10-02,84,71,10,14,3,17,"Chhatrapati Shivaji Intl. Airport (T2), Mumbai"
2021-10-03,84,72,10,12,3,17,"Chhatrapati Shivaji Intl. Airport (T2), Mumbai"
2021-10-04,86,68,10,12,2,16,"Chhatrapati Shivaji Intl. Airport (T2), Mumbai"
2021-10-05,75,68,10,14,3,17,"Chhatrapati Shivaji Intl. Airport (T2), Mumbai"
2021-10-06,79,63,12,16,5,18,"Chhatrapati Shivaji Intl. Airport (T2), Mumbai"
2021-10-07,77,53,4,12,5,16,"Chhatrapati Shivaji Intl. Airport (T2), Mumbai"
2021-10-08,60,50,4,12,5,15,"Chhatrapati Shivaji Intl. Airport (T2), Mumbai"
2021-10-09,50,57,4,11,6,17,"Chhatrapati Shivaji Intl. Airport (T2), Mumbai"
2021-10-10,65,67,8,13,6,18,"Chhatrapati Shivaji Intl. Airport (T2), Mumbai"
2021-10-11,80,79,9,14,7,19,"Chhatrapati Shivaji Intl. Airport (T2), Mumbai"
2021-10-12,98,89,18,16,7,19,"Chhatrapati Shivaji Intl. Airport (T2), Mumbai"
2021-10-13,109,116,16,16,7,22,"Chhatrapati Shivaji Intl. Airport (T2), Mumbai"
2021-10-14,139,116,28,17,6,20,"Chhatrapati Shivaji Intl. Airport (T2), Mumbai"
2021-10-15,131,138,123,21,5,19,"Chhatrapati Shivaji Intl. Airport (T2), Mumbai"
2021-10-16,169,114,28,24,5,19,"Chhatrapati Shivaji Intl. Airport (T2), Mumbai"
2021-10-17,135,78,15,19,3,15,"Chhatrapati Shivaji Intl. Airport (T2), Mumbai"
2021-10-18,79,120,12,12,19,18,"Chhatrapati Shivaji Intl. Airport (T2), Mumbai"
2021-10-19,126,85,19,7,2,17,"Chhatrapati Shivaji Intl. Airport (T2), Mumbai"
2021-10-20,93,101,28,10,1,18,"Chhatrapati Shivaji Intl. Airport (T2), Mumbai"
2021-10-21,120,110,22,9,2,21,"Chhatrapati Shivaji Intl. Airport (T2), Mumbai"
2021-10-22,129,89,27,10,2,19,"Chhatrapati Shivaji Intl. Airport (T2), Mumbai"
2021-10-23,104,64,15,7, ,15,"Chhatrapati Shivaji Intl. Airport (T2), Mumbai"
2021-10-24,70,64,14,8, ,16,"Chhatrapati Shivaji Intl. Airport (T2), Mumbai"
2021-10-25,68,98,23,12,1,18,"Chhatrapati Shivaji Intl. Airport (T2), Mumbai"
2021-10-26,119,93,31,12,2,18,"Chhatrapati Shivaji Intl. Airport (T2), Mumbai"
2021-10-27,117,98,36,14, ,18,"Chhatrapati Shivaji Intl. Airport (T2), Mumbai"
2021-10-28,120,133,32,14, ,17,"Chhatrapati Shivaji Intl. Airport (T2), Mumbai"
2021-10-29,142,134,47,16, ,17,"Chhatrapati Shivaji Intl. Airport (T2), Mumbai"
2021-10-30,148,112,58,19, ,20,"Chhatrapati Shivaji Intl. Airport (T2), Mumbai"
2021-10-31,137,131,59,19,2,22,"Chhatrapati Shivaji Intl. Airport (T2), Mumbai"
2021-11-01,156,131,45,19,3,23,"Chhatrapati Shivaji Intl. Airport (T2), Mumbai"
2021-11-02,157,113,37,15,2,21,"Chhatrapati Shivaji Intl. Airport (T2), Mumbai"
2021-11-03,144,143,38,15,1,19,"Chhatrapati Shivaji Intl. Airport (T2), Mumbai"
2021-11-04,148,127,32,13,2,19,"Chhatrapati Shivaji Intl. Airport (T2), Mumbai"
2021-11-05,144,86,14,10,2,18,"Chhatrapati Shivaji Intl. Airport (T2), Mumbai"
2021-11-06,116,87,31,9, ,15,"Chhatrapati Shivaji Intl. Airport (T2), Mumbai"
2021-11-07,110,108,37,23, ,18,"Chhatrapati Shivaji Intl. Airport (T2), Mumbai"
2021-11-08,141,119,33,15,1,20,"Chhatrapati Shivaji Intl. Airport (T2), Mumbai"
2021-11-09,145,110,43,17,1,18,"Chhatrapati Shivaji Intl. Airport (T2), Mumbai"
2021-11-10,136,114,45,19,1,20,"Chhatrapati Shivaji Intl. Airport (T2), Mumbai"
2021-11-11,141,111,45,21,1,20,"Chhatrapati Shivaji Intl. Airport (T2), Mumbai"
2021-11-12,135,116,40,21,1,21,"Chhatrapati Shivaji Intl. Airport (T2), Mumbai"
2021-11-13,147,116,31,18,1,20,"Chhatrapati Shivaji Intl. Airport (T2), Mumbai"
2021-11-14,151,124,27,18,2,21,"Chhatrapati Shivaji Intl. Airport (T2), Mumbai"
2021-11-15,154,148,91,15,1,20,"Chhatrapati Shivaji Intl. Airport (T2), Mumbai"
2021-11-16,209,84,20,10,1,18,"Chhatrapati Shivaji Intl. Airport (T2), Mumbai"
2021-11-17,113,64,13,7,2,18,"Chhatrapati Shivaji Intl. Airport (T2), Mumbai"
2021-11-18,78,77,21,11,1,14,"Chhatrapati Shivaji Intl. Airport (T2), Mumbai"
2021-11-19,96,87,14,8,2,12,"Chhatrapati Shivaji Intl. Airport (T2), Mumbai"
2021-11-20,108,52,9,7, ,8,"Chhatrapati Shivaji Intl. Airport (T2), Mumbai"
2021-11-21,60,56,1,7, ,9,"Chhatrapati Shivaji Intl. Airport (T2), Mumbai"
2021-11-22,70,139,5,9,1,10,"Chhatrapati Shivaji Intl. Airport (T2), Mumbai"
2021-11-23,76,293,10,9,1,12,"Chhatrapati Shivaji Intl. Airport (T2), Mumbai"
2021-11-24,127,115,8,13,3,16,"Chhatrapati Shivaji Intl. Airport (T2), Mumbai"
2021-11-25,136,107,22,18,3,14,"Chhatrapati Shivaji Intl. Airport (T2), Mumbai"
2021-11-26,136,107,30,17,3,14,"Chhatrapati Shivaji Intl. Airport (T2), Mumbai"
2021-11-27,138,112,32,13,4,14,"Chhatrapati Shivaji Intl. Airport (T2), Mumbai"
2021-11-28,133,104,32,15,3,11,"Chhatrapati Shivaji Intl. Airport (T2), Mumbai"
2021-11-29,121,118,29,15,3,12,"Chhatrapati Shivaji Intl. Airport (T2), Mumbai"
2021-11-30,141,79,11,10,1,12,"Chhatrapati Shivaji Intl. Airport (T2), Mumbai"
2021-12-01,114,65,6,8, ,12,"Chhatrapati Shivaji Intl. Airport (T2), Mumbai"
2021-12-02,92,90,3,7,3,15,"Chhatrapati Shivaji Intl. Airport (T2), Mumbai"
2021-12-03,115,93,7,6,4,16,"Chhatrapati Shivaji Intl. Airport (T2), Mumbai"
2021-12-04,117,97,7,7,5,17,"Chhatrapati Shivaji Intl. Airport (T2), Mumbai"
2021-12-05,117,109,16,12,3,14,"Chhatrapati Shivaji Intl. Airport (T2), Mumbai"
2021-12-06,129,140,24,14,3,15,"Chhatrapati Shivaji Intl. Airport (T2), Mumbai"
2021-12-07,159,137,25,15,4,16,"Chhatrapati Shivaji Intl. Airport (T2), Mumbai"
2021-12-08,158,127,21,17,3,15,"Chhatrapati Shivaji Intl. Airport (T2), Mumbai"
2021-12-09,156,125,27,15,3,14,"Chhatrapati Shivaji Intl. Airport (T2), Mumbai"
2021-12-10,150,117,24,29,3,13,"Chhatrapati Shivaji Intl. Airport (T2), Mumbai"
2021-12-11,146,117,24,16,3,14,"Chhatrapati Shivaji Intl. Airport (T2), Mumbai"
2021-12-12,147,115,27,15,3,14,"Chhatrapati Shivaji Intl. Airport (T2), Mumbai"
2021-12-13,135,107,18,16,4,14,"Chhatrapati Shivaji Intl. Airport (T2), Mumbai"
2021-12-14,128,131,25,22,3,14,"Chhatrapati Shivaji Intl. Airport (T2), Mumbai"
2021-12-15,157,147,27,21,4,17,"Chhatrapati Shivaji Intl. Airport (T2), Mumbai"
2021-12-16,163,150,23,20,4,17,"Chhatrapati Shivaji Intl. Airport (T2), Mumbai"
2021-12-17,165,142,28,21,4,16,"Chhatrapati Shivaji Intl. Airport (T2), Mumbai"
2021-12-18,161,126,38,19,3,14,"Chhatrapati Shivaji Intl. Airport (T2), Mumbai"
2021-12-19,156,129,37,21,2,14,"Chhatrapati Shivaji Intl. Airport (T2), Mumbai"
2021-12-20,232,136,41,23,2,16,"Chhatrapati Shivaji Intl. Airport (T2), Mumbai"
2021-12-21,160,145,27,23,3,17,"Chhatrapati Shivaji Intl. Airport (T2), Mumbai"
2021-12-22,163,139,35,21,3,17,"Chhatrapati Shivaji Intl. Airport (T2), Mumbai"
2021-12-23,159,92,21,14,2,14,"Chhatrapati Shivaji Intl. Airport (T2), Mumbai"
2021-12-24,112,94,24,12,3,13,"Chhatrapati Shivaji Intl. Airport (T2), Mumbai"
2021-12-25,120,124,21,16,3,14,"Chhatrapati Shivaji Intl. Airport (T2), Mumbai"
2021-12-26,155,138,24,17,4,17,"Chhatrapati Shivaji Intl. Airport (T2), Mumbai"
2021-12-27,159,133,21,13,3,17,"Chhatrapati Shivaji Intl. Airport (T2), Mumbai"
2021-12-28,155,101,22,11,1,12,"Chhatrapati Shivaji Intl. Airport (T2), Mumbai"
2021-12-29,119,109,24,12,1,12,"Chhatrapati Shivaji Intl. Airport (T2), Mumbai"
2021-12-30,142,109,28,10,1,12,"Chhatrapati Shivaji Intl. Airport (T2), Mumbai"
2021-12-31,138,100,23,10,2,13,"Chhatrapati Shivaji Intl. Airport (T2), Mumbai"
2022-01-01,129,104,23,10,2,14,"Chhatrapati Shivaji Intl. Airport (T2), Mumbai"
2022-01-02,134,109,29,12,2,14,"Chhatrapati Shivaji Intl. Airport (T2), Mumbai"
2022-01-03,140,117,37,15,1,15,"Chhatrapati Shivaji Intl. Airport (T2), Mumbai"
2022-01-04,149,136,29,13,4,17,"Chhatrapati Shivaji Intl. Airport (T2), Mumbai"
2022-01-05,161,101,18,11,3,12,"Chhatrapati Shivaji Intl. Airport (T2), Mumbai"
2022-01-06,131,114,25,11,3,12,"Chhatrapati Shivaji Intl. Airport (T2), Mumbai"
2022-01-07,143,98,10,9,3,11,"Chhatrapati Shivaji Intl. Airport (T2), Mumbai"
2022-01-08,125,61,21,13, ,9,"Chhatrapati Shivaji Intl. Airport (T2), Mumbai"
2022-01-09,66,78,33,16, ,9,"Chhatrapati Shivaji Intl. Airport (T2), Mumbai"
2022-01-10,82,132,34,25,16,13,"Chhatrapati Shivaji Intl. Airport (T2), Mumbai"
2022-01-11,147,108,29,18,4,15,"Chhatrapati Shivaji Intl. Airport (T2), Mumbai"
2022-01-12,136,120,32,13,5,9,"Chhatrapati Shivaji Intl. Airport (T2), Mumbai"
2022-01-13,153,128,25,13,4,10,"Chhatrapati Shivaji Intl. Airport (T2), Mumbai"
2022-01-14,156,180,22,10,4,9,"Chhatrapati Shivaji Intl. Airport (T2), Mumbai"
2022-01-15,199,101,28,13,4,8,"Chhatrapati Shivaji Intl. Airport (T2), Mumbai"
2022-01-16,125,103,19,10,5,9,"Chhatrapati Shivaji Intl. Airport (T2), Mumbai"
2022-01-17,140,114,22,11,5,10,"Chhatrapati Shivaji Intl. Airport (T2), Mumbai"
2022-01-18,143,121,28,12,6,12,"Chhatrapati Shivaji Intl. Airport (T2), Mumbai"
2022-01-19,147,94,24,6,5,9,"Chhatrapati Shivaji Intl. Airport (T2), Mumbai"
2022-01-20,118,87,9,4,5,8,"Chhatrapati Shivaji Intl. Airport (T2), Mumbai"
2022-01-21,103,80,5,5,7,6,"Chhatrapati Shivaji Intl. Airport (T2), Mumbai"
2022-01-22,94,480,20,9,4,2,"Chhatrapati Shivaji Intl. Airport (T2), Mumbai"
2022-01-23,262,292,27,13,2,3,"Chhatrapati Shivaji Intl. Airport (T2), Mumbai"
2022-01-24,177,231,28,19,4,6,"Chhatrapati Shivaji Intl. Airport (T2), Mumbai"
2022-01-25,170,161,36,18,3,8,"Chhatrapati Shivaji Intl. Airport (T2), Mumbai"
2022-01-26,164,149,29,20,6,11,"Chhatrapati Shivaji Intl. Airport (T2), Mumbai"
2022-01-27,158,114,31,18,7,8,"Chhatrapati Shivaji Intl. Airport (T2), Mumbai"
2022-01-28,132,111,36,22,6,8,"Chhatrapati Shivaji Intl. Airport (T2), Mumbai"
2022-01-29,131,121,38,21,5,11,"Chhatrapati Shivaji Intl. Airport (T2), Mumbai"
2022-01-30,144,227,1,20,10,25,"Chhatrapati Shivaji Intl. Airport (T2), Mumbai"
2022-01-31,171,101,10,19,6,7,"Chhatrapati Shivaji Intl. Airport (T2), Mumbai"
2022-02-01,124,127,22,14,6,11,"Chhatrapati Shivaji Intl. Airport (T2), Mumbai"
2022-02-02,154,125,13,9,6,9,"Chhatrapati Shivaji Intl. Airport (T2), Mumbai"
2022-02-03,130,168,16,9,6,5,"Chhatrapati Shivaji Intl. Airport (T2), Mumbai"
2022-02-04,157,187,28,14,6,8,"Chhatrapati Shivaji Intl. Airport (T2), Mumbai"
2022-02-05,168,159,37,17,6,9,"Chhatrapati Shivaji Intl. Airport (T2), Mumbai"
2022-02-06,163,120,17,14,4,6,"Chhatrapati Shivaji Intl. Airport (T2), Mumbai"
2022-02-07,141,75,11,11,2,4,"Chhatrapati Shivaji Intl. Airport (T2), Mumbai"
2022-02-08,86,93,9,12,3,5,"Chhatrapati Shivaji Intl. Airport (T2), Mumbai"
2022-02-09,109,131,18,17,5,10,"Chhatrapati Shivaji Intl. Airport (T2), Mumbai"
2022-02-10,145,112,27,19,4,8,"Chhatrapati Shivaji Intl. Airport (T2), Mumbai"
2022-02-11,122,110,27,21,4,9,"Chhatrapati Shivaji Intl. Airport (T2), Mumbai"
2022-02-12,129,123,31,22,5,11,"Chhatrapati Shivaji Intl. Airport (T2), Mumbai"
2022-02-13,143,108,22,23,5,9,"Chhatrapati Shivaji Intl. Airport (T2), Mumbai"
2022-02-14,128,85,10,20,4,7,"Chhatrapati Shivaji Intl. Airport (T2), Mumbai"
2022-02-15,95,77,8,13,3,6,"Chhatrapati Shivaji Intl. Airport (T2), Mumbai"
2022-02-16,85,85,13,14,4,8,"Chhatrapati Shivaji Intl. Airport (T2), Mumbai"
2022-02-17,99,102,14,18,6,11,"Chhatrapati Shivaji Intl. Airport (T2), Mumbai"
2022-02-18,118,116,14,30,7,12,"Chhatrapati Shivaji Intl. Airport (T2), Mumbai"
2022-02-19,137,97,26,26,5,8,"Chhatrapati Shivaji Intl. Airport (T2), Mumbai"
2022-02-20,122,135,30,31,7,14,"Chhatrapati Shivaji Intl. Airport (T2), Mumbai"
2022-02-21,146,118,19,26,7,10,"Chhatrapati Shivaji Intl. Airport (T2), Mumbai"
2022-02-22,127,117,9,26,7,12,"Chhatrapati Shivaji Intl. Airport (T2), Mumbai"
2022-02-23,134,141,24,34,6,14,"Chhatrapati Shivaji Intl. Airport (T2), Mumbai"
2022-02-24,711,167,25,38,7,13,"Chhatrapati Shivaji Intl. Airport (T2), Mumbai"
2022-02-25, ,145,18,34,6,10,"Chhatrapati Shivaji Intl. Airport (T2), Mumbai"
2022-02-26,186,125,26,25,7,11,"Chhatrapati Shivaji Intl. Airport (T2), Mumbai"
2022-02-27,142,147,27,45,9,14,"Chhatrapati Shivaji Intl. Airport (T2), Mumbai"
2022-02-28,185,133,27,32,8,10,"Chhatrapati Shivaji Intl. Airport (T2), Mumbai"
2022-03-01,154,145,27,42,8,14,"Chhatrapati Shivaji Intl. Airport (T2), Mumbai"
2022-03-02,154,158,33,35,9,14,"Chhatrapati Shivaji Intl. Airport (T2), Mumbai"
2022-03-03,154,124,28,28,8,9,"Chhatrapati Shivaji Intl. Airport (T2), Mumbai"
2022-03-04,122,124,20,42,12,10,"Chhatrapati Shivaji Intl. Airport (T2), Mumbai"
2022-03-05,131,134,30,28,11,14,"Chhatrapati Shivaji Intl. Airport (T2), Mumbai"
2022-03-06,144,133,30,31,9,14,"Chhatrapati Shivaji Intl. Airport (T2), Mumbai"
2022-03-07,152,138,34,28,9,11,"Chhatrapati Shivaji Intl. Airport (T2), Mumbai"
2022-03-08,153,130,24,25,9,12,"Chhatrapati Shivaji Intl. Airport (T2), Mumbai"
2022-03-09,149,196,31,27,8,12,"Chhatrapati Shivaji Intl. Airport (T2), Mumbai"
2022-03-10,201,144,25,29,8,13,"Chhatrapati Shivaji Intl. Airport (T2), Mumbai"
2022-03-11,155,95,43,25,6,6,"Chhatrapati Shivaji Intl. Airport (T2), Mumbai"
2022-03-12,109,123,29,27,8,10,"Chhatrapati Shivaji Intl. Airport (T2), Mumbai"
2022-03-13,134,129,22,31,8,12,"Chhatrapati Shivaji Intl. Airport (T2), Mumbai"
2022-03-14,135,178,36,28,23,12,"Chhatrapati Shivaji Intl. Airport (T2), Mumbai"
2022-03-15,158,138,21,31,9,11,"Chhatrapati Shivaji Intl. Airport (T2), Mumbai"
2022-03-16,143,161,23,31,17,12,"Chhatrapati Shivaji Intl. Airport (T2), Mumbai"
2022-03-17,151,118,27,21,5,9,"Chhatrapati Shivaji Intl. Airport (T2), Mumbai"
2022-03-18,140,114,22,15,2,5,"Chhatrapati Shivaji Intl. Airport (T2), Mumbai"
2022-03-19,157,90,3,5,1,3,"Chhatrapati Shivaji Intl. Airport (T2), Mumbai"
2022-03-20,108,129,9,5,4,5,"Chhatrapati Shivaji Intl. Airport (T2), Mumbai"
2022-03-21,144,130,17,20,6,9,"Chhatrapati Shivaji Intl. Airport (T2), Mumbai"
2022-03-22,141,142,21,27,7,8,"Chhatrapati Shivaji Intl. Airport (T2), Mumbai"
2022-03-23,138,142,28,26,5,8,"Chhatrapati Shivaji Intl. Airport (T2), Mumbai"
2022-03-24,151,84,7,16,4,5,"Chhatrapati Shivaji Intl. Airport (T2), Mumbai"
2022-03-25,98,84,5,15,3,5,"Chhatrapati Shivaji Intl. Airport (T2), Mumbai"
2022-03-26,102,84,7,9,2,3,"Chhatrapati Shivaji Intl. Airport (T2), Mumbai"
2022-03-27,101,96,3,9,2,3,"Chhatrapati Shivaji Intl. Airport (T2), Mumbai"
2022-03-28,117,144,4,10,4,5,"Chhatrapati Shivaji Intl. Airport (T2), Mumbai"
2022-03-29,126,102,1,7,4,5,"Chhatrapati Shivaji Intl. Airport (T2), Mumbai"
2022-03-30,111,107,3,6,5,6,"Chhatrapati Shivaji Intl. Airport (T2), Mumbai"
2022-03-31,121,173,5,5,7,6,"Chhatrapati Shivaji Intl. Airport (T2), Mumbai"
2022-04-01,165,146,8,11,5,3,"Chhatrapati Shivaji Intl. Airport (T2), Mumbai"
2022-04-02,158,124,9,12,4,4,"Chhatrapati Shivaji Intl. Airport (T2), Mumbai"
2022-04-03,150,99,5,9,4,3,"Chhatrapati Shivaji Intl. Airport (T2), Mumbai"
2022-04-04,120,86,2,8,3,3,"Chhatrapati Shivaji Intl. Airport (T2), Mumbai"
2022-04-05,102,83,3,9,4,3,"Chhatrapati Shivaji Intl. Airport (T2), Mumbai"
2022-04-06,97,79,6,10,3,5,"Chhatrapati Shivaji Intl. Airport (T2), Mumbai"
2022-04-07,107,205,3,9,3,4,"Chhatrapati Shivaji Intl. Airport (T2), Mumbai"
2022-04-08,88,185,2,4,9,3,"Chhatrapati Shivaji Intl. Airport (T2), Mumbai"
2022-04-09,81,59,3,6,32,2,"Chhatrapati Shivaji Intl. Airport (T2), Mumbai"
2022-04-10,77,239,54,10,27,3,"Chhatrapati Shivaji Intl. Airport (T2), Mumbai"
2022-04-11,84,92,2,5,15,7,"Chhatrapati Shivaji Intl. Airport (T2), Mumbai"
2022-04-12,107,98,5,9,9,6,"Chhatrapati Shivaji Intl. Airport (T2), Mumbai"
2022-04-13,104,68,11,6,7,4,"Chhatrapati Shivaji Intl. Airport (T2), Mumbai"
2022-04-14,120,66,1,6,4,1,"Chhatrapati Shivaji Intl. Airport (T2), Mumbai"
2022-04-15,76,79, ,6,4,2,"Chhatrapati Shivaji Intl. Airport (T2), Mumbai"
2022-04-16,88,74, ,7,3,1,"Chhatrapati Shivaji Intl. Airport (T2), Mumbai"
2022-04-17,82,191, ,6,3,2,"Chhatrapati Shivaji Intl. Airport (T2), Mumbai"
2022-04-18,80, , ,6,5,3,"Chhatrapati Shivaji Intl. Airport (T2), Mumbai"
2022-04-19,86,111,17,9,5,5,"Chhatrapati Shivaji Intl. Airport (T2), Mumbai"
2022-04-20,192,108,6,15,6,9,"Chhatrapati Shivaji Intl. Airport (T2), Mumbai"
2022-04-21,127,165,8,19,5,7,"Chhatrapati Shivaji Intl. Airport (T2), Mumbai"
2022-04-22,131,158,9,12,3,6,"Chhatrapati Shivaji Intl. Airport (T2), Mumbai"
2022-04-23,122,75,1,6, ,3,"Chhatrapati Shivaji Intl. Airport (T2), Mumbai"
2022-04-24,89,128,7,18,29,6,"Chhatrapati Shivaji Intl. Airport (T2), Mumbai"
2022-04-25,104,107,2,10,3,4,"Chhatrapati Shivaji Intl. Airport (T2), Mumbai"
2022-04-26,83,84,2,11,1,5,"Chhatrapati Shivaji Intl. Airport (T2), Mumbai"
2022-04-27,87,116,5,10,1,6,"Chhatrapati Shivaji Intl. Airport (T2), Mumbai"
2022-04-28,98,68, ,6,5,6,"Chhatrapati Shivaji Intl. Airport (T2), Mumbai"
2022-04-29,78,64,1,5,4,4,"Chhatrapati Shivaji Intl. Airport (T2), Mumbai"
2022-04-30,73,52,1,3,4,3,"Chhatrapati Shivaji Intl. Airport (T2), Mumbai"
2022-05-01,63,60, ,4,8,3,"Chhatrapati Shivaji Intl. Airport (T2), Mumbai"
2022-05-02,132,70,1,3, ,2,"Chhatrapati Shivaji Intl. Airport (T2), Mumbai"
2022-05-03,78,80,1,5,1,2,"Chhatrapati Shivaji Intl. Airport (T2), Mumbai"
2022-05-04,90,85,1,6,6,3,"Chhatrapati Shivaji Intl. Airport (T2), Mumbai"
2022-05-05,93,123, ,5,4,4,"Chhatrapati Shivaji Intl. Airport (T2), Mumbai"
2022-05-06,138,127,1,7,1,3,"Chhatrapati Shivaji Intl. Airport (T2), Mumbai"
2022-05-07,147,100,1,8,1,3,"Chhatrapati Shivaji Intl. Airport (T2), Mumbai"
2022-05-08,118,81, ,5,2,3,"Chhatrapati Shivaji Intl. Airport (T2), Mumbai"
2022-05-09,89,80, ,7,2,3,"Chhatrapati Shivaji Intl. Airport (T2), Mumbai"
2022-05-10,89,81,1,5,2,2,"Chhatrapati Shivaji Intl. Airport (T2), Mumbai"
2022-05-11,90,78,7,6,2,2,"Chhatrapati Shivaji Intl. Airport (T2), Mumbai"
2022-05-12,86,89,7,4,3,2,"Chhatrapati Shivaji Intl. Airport (T2), Mumbai"
2022-05-13,93,100,8,4,4,2,"Chhatrapati Shivaji Intl. Airport (T2), Mumbai"
2022-05-14,123,78,7,2,5,2,"Chhatrapati Shivaji Intl. Airport (T2), Mumbai"
2022-05-15,90,96,8,7,3,3,"Chhatrapati Shivaji Intl. Airport (T2), Mumbai"
2022-05-16,108,140,8,5,4,3,"Chhatrapati Shivaji Intl. Airport (T2), Mumbai"
2022-05-17,152,187,8,6,4,3,"Chhatrapati Shivaji Intl. Airport (T2), Mumbai"
2022-05-18,167,164,8,6,4,3,"Chhatrapati Shivaji Intl. Airport (T2), Mumbai"
2022-05-19,161,119,8,5,3,2,"Chhatrapati Shivaji Intl. Airport (T2), Mumbai"
2022-05-20,143,98,8,5,3,1,"Chhatrapati Shivaji Intl. Airport (T2), Mumbai"
2022-05-21,109,69,7,3,4,2,"Chhatrapati Shivaji Intl. Airport (T2), Mumbai"
2022-05-22,76,58,8,4,3,1,"Chhatrapati Shivaji Intl. Airport (T2), Mumbai"
2022-05-23,63,64,7,4,2,1,"Chhatrapati Shivaji Intl. Airport (T2), Mumbai"
2022-05-24,71,68,7,4,3,2,"Chhatrapati Shivaji Intl. Airport (T2), Mumbai"
2022-05-25,72,72,7,3,4,3,"Chhatrapati Shivaji Intl. Airport (T2), Mumbai"
2022-05-26,71,61,7,3,4,2,"Chhatrapati Shivaji Intl. Airport (T2), Mumbai"
2022-05-27,63,54,8,3,4,2,"Chhatrapati Shivaji Intl. Airport (T2), Mumbai"
2022-05-28,53,48,8,4,4,2,"Chhatrapati Shivaji Intl. Airport (T2), Mumbai"
2022-05-29,48,62,8,4,5,3,"Chhatrapati Shivaji Intl. Airport (T2), Mumbai"
2022-05-30,62,81,8,7,3,2,"Chhatrapati Shivaji Intl. Airport (T2), Mumbai"
2022-05-31,80,77,8,5,3,2,"Chhatrapati Shivaji Intl. Airport (T2), Mumbai"
2022-06-01,77,77,8,5,3,2,"Chhatrapati Shivaji Intl. Airport (T2), Mumbai"
2022-06-02,80,82,7,5,3,2,"Chhatrapati Shivaji Intl. Airport (T2), Mumbai"
2022-06-03,87,69,7,5,3,2,"Chhatrapati Shivaji Intl. Airport (T2), Mumbai"
2022-06-04,70,64,8,6,3,2,"Chhatrapati Shivaji Intl. Airport (T2), Mumbai"
2022-06-05,62,59,8,5,3,1,"Chhatrapati Shivaji Intl. Airport (T2), Mumbai"
2022-06-06,62,58,8,4,3,2,"Chhatrapati Shivaji Intl. Airport (T2), Mumbai"
2022-06-07,61,41,7,6,2,1,"Chhatrapati Shivaji Intl. Airport (T2), Mumbai"
2022-06-08,38,38,8,5,3,2,"Chhatrapati Shivaji Intl. Airport (T2), Mumbai"
2022-06-09,41,46,8,6,3,3,"Chhatrapati Shivaji Intl. Airport (T2), Mumbai"
2022-06-10,50,20,7,5,16,9,"Chhatrapati Shivaji Intl. Airport (T2), Mumbai"
2022-06-11,31,31,7,5,3,2,"Chhatrapati Shivaji Intl. Airport (T2), Mumbai"
2022-06-12,39,41,7,6,3,2,"Chhatrapati Shivaji Intl. Airport (T2), Mumbai"
2022-06-13,46,53,7,5,3,2,"Chhatrapati Shivaji Intl. Airport (T2), Mumbai"
2022-06-14,54,49,7,4,3,1,"Chhatrapati Shivaji Intl. Airport (T2), Mumbai"
2022-06-15,54,47,7,3,3,2,"Chhatrapati Shivaji Intl. Airport (T2), Mumbai"
2022-06-16,59,49,7,3,3,2,"Chhatrapati Shivaji Intl. Airport (T2), Mumbai"
2022-06-17,57,48,7,4,3,2,"Chhatrapati Shivaji Intl. Airport (T2), Mumbai"
2022-06-18,55,31,7,4,4,2,"Chhatrapati Shivaji Intl. Airport (T2), Mumbai"
2022-06-19,39,48,7,4,4,2,"Chhatrapati Shivaji Intl. Airport (T2), Mumbai"
2022-06-20,39,30,8,5,4,3,"Chhatrapati Shivaji Intl. Airport (T2), Mumbai"
2022-06-21,40,43,8,4,4,4,"Chhatrapati Shivaji Intl. Airport (T2), Mumbai"
2022-06-22,57,45,8,5,4,3,"Chhatrapati Shivaji Intl. Airport (T2), Mumbai"
2022-06-23,51,39,8,4,5,4,"Chhatrapati Shivaji Intl. Airport (T2), Mumbai"
2022-06-24,54,36,8,8,5,4,"Chhatrapati Shivaji Intl. Airport (T2), Mumbai"
2022-06-25,42,27,8,10,4,2,"Chhatrapati Shivaji Intl. Airport (T2), Mumbai"
2022-06-26,32,33,8,7,4,2,"Chhatrapati Shivaji Intl. Airport (T2), Mumbai"
2022-06-27,41,45,8,4,5,3,"Chhatrapati Shivaji Intl. Airport (T2), Mumbai"
2022-06-28,65,55,8,1,6,6,"Chhatrapati Shivaji Intl. Airport (T2), Mumbai"
2022-06-29,70,27,8,3,5,4,"Chhatrapati Shivaji Intl. Airport (T2), Mumbai"
2022-06-30,47,32,8,2,5,5,"Chhatrapati Shivaji Intl. Airport (T2), Mumbai"
2022-07-01,53,59,7,3,5,3,"Chhatrapati Shivaji Intl. Airport (T2), Mumbai"
2022-07-02,70,56,8,5,4,1,"Chhatrapati Shivaji Intl. Airport (T2), Mumbai"
2022-07-03,64,36,7,2,5,3,"Chhatrapati Shivaji Intl. Airport (T2), Mumbai"
2022-07-04,50,33,7, ,6,4,"Chhatrapati Shivaji Intl. Airport (T2), Mumbai"
2022-07-05,28,32,9,2,5,3,"Chhatrapati Shivaji Intl. Airport (T2), Mumbai"
2022-07-06, ,46,12,2,5,3,"Chhatrapati Shivaji Intl. Airport (T2), Mumbai"
2022-07-07, ,56,53,1,5,3,"Chhatrapati Shivaji Intl. Airport (T2), Mumbai"
2022-07-08, ,53,62,2,5,3,"Chhatrapati Shivaji Intl. Airport (T2), Mumbai"
2022-07-09,63,53, ,1,5,3,"Chhatrapati Shivaji Intl. Airport (T2), Mumbai"
2022-07-10,64,50,7,3,5,3,"Chhatrapati Shivaji Intl. Airport (T2), Mumbai"
2022-07-11,62,43,8,3,5,3,"Chhatrapati Shivaji Intl. Airport (T2), Mumbai"
2022-07-12,56,43,8,3,4,2,"Chhatrapati Shivaji Intl. Airport (T2), Mumbai"
2022-07-13,55,43,9,5,4,3,"Chhatrapati Shivaji Intl. Airport (T2), Mumbai"
2022-07-14,52,54,24,6,4,2,"Chhatrapati Shivaji Intl. Airport (T2), Mumbai"
2022-07-15,74,48,8,6,4,2,"Chhatrapati Shivaji Intl. Airport (T2), Mumbai"
2022-07-16,63,49,8,4,5,2,"Chhatrapati Shivaji Intl. Airport (T2), Mumbai"
2022-07-17,59,51,8,5,4,2,"Chhatrapati Shivaji Intl. Airport (T2), Mumbai"
2022-07-18,62,54,8,5,3,2,"Chhatrapati Shivaji Intl. Airport (T2), Mumbai"
2022-07-19,66,45,8,5,3,3,"Chhatrapati Shivaji Intl. Airport (T2), Mumbai"
2022-07-20,59,47,8,6,3,3,"Chhatrapati Shivaji Intl. Airport (T2), Mumbai"
2022-07-21,59,54,8,6,3,3,"Chhatrapati Shivaji Intl. Airport (T2), Mumbai"
2022-07-22,61,51,8,6,3,3,"Chhatrapati Shivaji Intl. Airport (T2), Mumbai"
2022-07-23,61,43,8,6,3,2,"Chhatrapati Shivaji Intl. Airport (T2), Mumbai"
2022-07-24,54,45,8,6,3,2,"Chhatrapati Shivaji Intl. Airport (T2), Mumbai"
2022-07-25,55,47,8,7,3,2,"Chhatrapati Shivaji Intl. Airport (T2), Mumbai"
2022-07-26,59,44,8,6,4,4,"Chhatrapati Shivaji Intl. Airport (T2), Mumbai"
2022-07-27,59,67,8,8,4,7,"Chhatrapati Shivaji Intl. Airport (T2), Mumbai"
2022-07-28,77,80,8,7,4,5,"Chhatrapati Shivaji Intl. Airport (T2), Mumbai"
2022-07-29,72,67,9,6,4,4,"Chhatrapati Shivaji Intl. Airport (T2), Mumbai"
2022-07-30,65,66,8,7,3,3,"Chhatrapati Shivaji Intl. Airport (T2), Mumbai"
2022-07-31,69,54,8,7,7,3,"Chhatrapati Shivaji Intl. Airport (T2), Mumbai"
2022-08-01,59,57,9,8,15,3,"Chhatrapati Shivaji Intl. Airport (T2), Mumbai"
2022-08-02,62,53,11,8,17,4,"Chhatrapati Shivaji Intl. Airport (T2), Mumbai"
2022-08-03,63,54,9,8,17,4,"Chhatrapati Shivaji Intl. Airport (T2), Mumbai"
2022-08-04,59,42,9,9,11,4,"Chhatrapati Shivaji Intl. Airport (T2), Mumbai"
2022-08-05,49,30,13,11,6,4,"Chhatrapati Shivaji Intl. Airport (T2), Mumbai"
2022-08-06,42,29,8,11,5,4,"Chhatrapati Shivaji Intl. Airport (T2), Mumbai"
2022-08-07,48,24,7,11,4,4,"Chhatrapati Shivaji Intl. Airport (T2), Mumbai"
2022-08-08,38,33,7,9, ,2,"Chhatrapati Shivaji Intl. Airport (T2), Mumbai"
2022-08-09,48,36,8,7,1,1,"Chhatrapati Shivaji Intl. Airport (T2), Mumbai"
2022-08-10,51,47,7,6,4,1,"Chhatrapati Shivaji Intl. Airport (T2), Mumbai"
2022-08-11,61,42,7,7,2,1,"Chhatrapati Shivaji Intl. Airport (T2), Mumbai"
2022-08-12,56,44,7,5,2,1,"Chhatrapati Shivaji Intl. Airport (T2), Mumbai"
2022-08-13,57,44,7,4,2,1,"Chhatrapati Shivaji Intl. Airport (T2), Mumbai"
2022-08-14,55,41,7,3,2,1,"Chhatrapati Shivaji Intl. Airport (T2), Mumbai"
2022-08-15,54,34,7,4,2,1,"Chhatrapati Shivaji Intl. Airport (T2), Mumbai"
2022-08-16,50,35,7,6,1,1,"Chhatrapati Shivaji Intl. Airport (T2), Mumbai"
2022-08-17,47,36,12,4,1,1,"Chhatrapati Shivaji Intl. Airport (T2), Mumbai"
2022-08-18,50,40,7,1,2,2,"Chhatrapati Shivaji Intl. Airport (T2), Mumbai"
2022-08-19,52,36,7,1,2,3,"Chhatrapati Shivaji Intl. Airport (T2), Mumbai"
2022-08-20,51,41,10,2,1,2,"Chhatrapati Shivaji Intl. Airport (T2), Mumbai"
2022-08-21,52,41,8,2,1,2,"Chhatrapati Shivaji Intl. Airport (T2), Mumbai"
2022-08-22,53,39,9,1,2,2,"Chhatrapati Shivaji Intl. Airport (T2), Mumbai"
2022-08-23,49,40,7, ,3,2,"Chhatrapati Shivaji Intl. Airport (T2), Mumbai"
2022-08-24,56,45,7, ,3,3,"Chhatrapati Shivaji Intl. Airport (T2), Mumbai"
2022-08-25,56,64,7,2,3,4,"Chhatrapati Shivaji Intl. Airport (T2), Mumbai"
2022-08-26,70,77,7,2,3,4,"Chhatrapati Shivaji Intl. Airport (T2), Mumbai"
2022-08-27,77,73,7,3,3,3,"Chhatrapati Shivaji Intl. Airport (T2), Mumbai"
2022-08-28,73,77,7,3,2,4,"Chhatrapati Shivaji Intl. Airport (T2), Mumbai"
2022-08-29,79,96,7,3,2,4,"Chhatrapati Shivaji Intl. Airport (T2), Mumbai"
2022-08-30,92,85,11,5,2,3,"Chhatrapati Shivaji Intl. Airport (T2), Mumbai"
2022-08-31,95,51,9,8,2,3,"Chhatrapati Shivaji Intl. Airport (T2), Mumbai"
2022-09-01,61,72,11,6,2,5,"Chhatrapati Shivaji Intl. Airport (T2), Mumbai"
2022-09-02,81,69,9,4,4,6,"Chhatrapati Shivaji Intl. Airport (T2), Mumbai"
2022-09-03,84,49,7,1,4,5,"Chhatrapati Shivaji Intl. Airport (T2), Mumbai"
2022-09-04,64,56,10,3,3,4,"Chhatrapati Shivaji Intl. Airport (T2), Mumbai"
2022-09-05,64,68,7,2,4,5,"Chhatrapati Shivaji Intl. Airport (T2), Mumbai"
2022-09-06,70,64,7,5,3,5,"Chhatrapati Shivaji Intl. Airport (T2), Mumbai"
2022-09-07,74,42,7,8,4,5,"Chhatrapati Shivaji Intl. Airport (T2), Mumbai"
2022-09-08,62,43,7,7,4,6,"Chhatrapati Shivaji Intl. Airport (T2), Mumbai"
2022-09-09,61,46,17,6,3,5,"Chhatrapati Shivaji Intl. Airport (T2), Mumbai"
2022-09-10,64,52,10,6,3,5,"Chhatrapati Shivaji Intl. Airport (T2), Mumbai"
2022-09-11,69,32,30,8,2,4,"Chhatrapati Shivaji Intl. Airport (T2), Mumbai"
2022-09-12,48,24,9,5,3,4,"Chhatrapati Shivaji Intl. Airport (T2), Mumbai"
2022-09-13,44,22,12,7,2,1,"Chhatrapati Shivaji Intl. Airport (T2), Mumbai"
2022-09-14,41,29,11,8,1,1,"Chhatrapati Shivaji Intl. Airport (T2), Mumbai"
2022-09-15,42,30,9,5,2,4,"Chhatrapati Shivaji Intl. Airport (T2), Mumbai"
2022-09-16,48,30,9,2,4,3,"Chhatrapati Shivaji Intl. Airport (T2), Mumbai"
2022-09-17,41,25,10, ,3,4,"Chhatrapati Shivaji Intl. Airport (T2), Mumbai"
2022-09-18,41,41,10,2,3,5,"Chhatrapati Shivaji Intl. Airport (T2), Mumbai"
2022-09-19,57,52,10,2,3,6,"Chhatrapati Shivaji Intl. Airport (T2), Mumbai"
2022-09-20,65,52,10,1,3,5,"Chhatrapati Shivaji Intl. Airport (T2), Mumbai"
2022-09-21,59,57,10, ,3,6,"Chhatrapati Shivaji Intl. Airport (T2), Mumbai"
2022-09-22,71,59,9,5,3,6,"Chhatrapati Shivaji Intl. Airport (T2), Mumbai"
2022-09-23,69,41,9,3,2,4,"Chhatrapati Shivaji Intl. Airport (T2), Mumbai"
2022-09-24,52,44,9,3,2,3,"Chhatrapati Shivaji Intl. Airport (T2), Mumbai"
2022-09-25,48,76,9,3,3,6,"Chhatrapati Shivaji Intl. Airport (T2), Mumbai"
2022-09-26,63,89,9,1,5,9,"Chhatrapati Shivaji Intl. Airport (T2), Mumbai"
2022-09-27,82,73,9,2,5,10,"Chhatrapati Shivaji Intl. Airport (T2), Mumbai"
2022-09-28,83,77,9,3,5,9,"Chhatrapati Shivaji Intl. Airport (T2), Mumbai"
2022-09-29,91,81,9,4,5,9,"Chhatrapati Shivaji Intl. Airport (T2), Mumbai"
2022-09-30,90,81,9,4,4,7,"Chhatrapati Shivaji Intl. Airport (T2), Mumbai"
2022-10-01,87,71,10,2,4,6,"Chhatrapati Shivaji Intl. Airport (T2), Mumbai"
2022-10-02,66,89,9,6,3,6,"Chhatrapati Shivaji Intl. Airport (T2), Mumbai"
2022-10-03,75,107,9,8,2,5,"Chhatrapati Shivaji Intl. Airport (T2), Mumbai"
2022-10-04,91,80,14,8,2,4,"Chhatrapati Shivaji Intl. Airport (T2), Mumbai"
2022-10-05,79,64,15,7,2,4,"Chhatrapati Shivaji Intl. Airport (T2), Mumbai"
2022-10-06,63,45,10,7,2,5,"Chhatrapati Shivaji Intl. Airport (T2), Mumbai"
2022-10-07,62,32,9,6,3,5,"Chhatrapati Shivaji Intl. Airport (T2), Mumbai"
2022-10-08,44,44,9,3,3,4,"Chhatrapati Shivaji Intl. Airport (T2), Mumbai"
2022-10-09,54,73,9,6,2,6,"Chhatrapati Shivaji Intl. Airport (T2), Mumbai"
2022-10-10,75,84,10,5,3,6,"Chhatrapati Shivaji Intl. Airport (T2), Mumbai"
2022-10-11,84,70,10,4,4,7,"Chhatrapati Shivaji Intl. Airport (T2), Mumbai"
2022-10-12,81,72,9,5,4,10,"Chhatrapati Shivaji Intl. Airport (T2), Mumbai"
2022-10-13,87,65,9,9,3,8,"Chhatrapati Shivaji Intl. Airport (T2), Mumbai"
2022-10-14,78,92,10,7,3,8,"Chhatrapati Shivaji Intl. Airport (T2), Mumbai"
2022-10-15,88,111,12,10,3,7,"Chhatrapati Shivaji Intl. Airport (T2), Mumbai"
2022-10-16,100, , , , , ,"Chhatrapati Shivaji Intl. Airport (T2), Mumbai"
2022-10-23, ,133,10,11,4,9,"Chhatrapati Shivaji Intl. Airport (T2), Mumbai"
2022-10-24,144,193,13,18,4,11,"Chhatrapati Shivaji Intl. Airport (T2), Mumbai"
2022-10-25,176,187,13,19,3,10,"Chhatrapati Shivaji Intl. Airport (T2), Mumbai"
2022-10-26,147,205,14,24,2,9,"Chhatrapati Shivaji Intl. Airport (T2), Mumbai"
2022-10-27,147,168,15,24,3,8,"Chhatrapati Shivaji Intl. Airport (T2), Mumbai"
2022-10-28,142,162,15,20,3,8,"Chhatrapati Shivaji Intl. Airport (T2), Mumbai"
2022-10-29,138,113,16,23,2,5,"Chhatrapati Shivaji Intl. Airport (T2), Mumbai"
2022-10-30,113,160,16,18,2,9,"Chhatrapati Shivaji Intl. Airport (T2), Mumbai"
2022-10-31,134,206,18,15,2,9,"Chhatrapati Shivaji Intl. Airport (T2), Mumbai"
2022-11-01,141,149,18,16,2,10,"Chhatrapati Shivaji Intl. Airport (T2), Mumbai"
2022-11-02,145, ,17,16,2,8,"Chhatrapati Shivaji Intl. Airport (T2), Mumbai"
2022-11-03,127,177,16,16,3,9,"Chhatrapati Shivaji Intl. Airport (T2), Mumbai"
2022-11-04,120,116,17,17,3,8,"Chhatrapati Shivaji Intl. Airport (T2), Mumbai"
2022-11-05,117,132,15,14,4,12,"Chhatrapati Shivaji Intl. Airport (T2), Mumbai"
2022-11-06,135,135,15,16,4,13,"Chhatrapati Shivaji Intl. Airport (T2), Mumbai"
2022-11-07,148,137,15,16,4,14,"Chhatrapati Shivaji Intl. Airport (T2), Mumbai"
2022-11-08,147,152,16,20,4,14,"Chhatrapati Shivaji Intl. Airport (T2), Mumbai"
2022-11-09,155,127,16,19,4,12,"Chhatrapati Shivaji Intl. Airport (T2), Mumbai"
2022-11-10,141,107,17,18,3,8,"Chhatrapati Shivaji Intl. Airport (T2), Mumbai"
2022-11-11,121,111,19,20,3,7,"Chhatrapati Shivaji Intl. Airport (T2), Mumbai"
2022-11-12,133,115,19,18,3,8,"Chhatrapati Shivaji Intl. Airport (T2), Mumbai"
2022-11-13,138,134,22,23,3,11,"Chhatrapati Shivaji Intl. Airport (T2), Mumbai"
2022-11-14,156,153,20,22,4,16,"Chhatrapati Shivaji Intl. Airport (T2), Mumbai"
2022-11-15,161,139,16,20,5,15,"Chhatrapati Shivaji Intl. Airport (T2), Mumbai"
2022-11-16,153,122,16,18,4,10,"Chhatrapati Shivaji Intl. Airport (T2), Mumbai"
2022-11-17,136,88,18,18,3,7,"Chhatrapati Shivaji Intl. Airport (T2), Mumbai"
2022-11-18,94,102,19,18,2,9,"Chhatrapati Shivaji Intl. Airport (T2), Mumbai"
2022-11-19,110,96,20,19,2,8,"Chhatrapati Shivaji Intl. Airport (T2), Mumbai"
2022-11-20,107,104,19,22,1,8,"Chhatrapati Shivaji Intl. Airport (T2), Mumbai"
2022-11-21,116,128,17,25, ,12,"Chhatrapati Shivaji Intl. Airport (T2), Mumbai"
2022-11-22,146,143,19,24,2,13,"Chhatrapati Shivaji Intl. Airport (T2), Mumbai"
2022-11-23,147,162,16,26,3,16,"Chhatrapati Shivaji Intl. Airport (T2), Mumbai"
2022-11-24,161,159,16,24,3,16,"Chhatrapati Shivaji Intl. Airport (T2), Mumbai"
2022-11-25,161,160,17,25,3,16,"Chhatrapati Shivaji Intl. Airport (T2), Mumbai"
2022-11-26,164,149,15,21,4,17,"Chhatrapati Shivaji Intl. Airport (T2), Mumbai"
2022-11-27,161,128,13,16,4,16,"Chhatrapati Shivaji Intl. Airport (T2), Mumbai"
2022-11-28,138,131,14,19,4,16,"Chhatrapati Shivaji Intl. Airport (T2), Mumbai"
2022-11-29,149,142,18,21,3,15,"Chhatrapati Shivaji Intl. Airport (T2), Mumbai"
2022-11-30,155,180,19,27,3,16,"Chhatrapati Shivaji Intl. Airport (T2), Mumbai"
2022-12-01,167,155,17,24,1,15,"Chhatrapati Shivaji Intl. Airport (T2), Mumbai"
2022-12-02,160,154,16,22,4,17,"Chhatrapati Shivaji Intl. Airport (T2), Mumbai"
2022-12-03,158,154,14,22,3,17,"Chhatrapati Shivaji Intl. Airport (T2), Mumbai"
2022-12-04,163,165,12,21,3,19,"Chhatrapati Shivaji Intl. Airport (T2), Mumbai"
2022-12-05,168,161,14,16,3,17,"Chhatrapati Shivaji Intl. Airport (T2), Mumbai"
2022-12-06,168,163,14,16,3,16,"Chhatrapati Shivaji Intl. Airport (T2), Mumbai"
2022-12-07,168,142,15,12,3,14,"Chhatrapati Shivaji Intl. Airport (T2), Mumbai"
2022-12-08,157,107,28,15,3,10,"Chhatrapati Shivaji Intl. Airport (T2), Mumbai"
2022-12-09,120,121,16,17,1,12,"Chhatrapati Shivaji Intl. Airport (T2), Mumbai"
2022-12-10,131,133,15,20,2,15,"Chhatrapati Shivaji Intl. Airport (T2), Mumbai"
2022-12-11,144,110,15,16,2,11,"Chhatrapati Shivaji Intl. Airport (T2), Mumbai"
2022-12-12,131,103,11,12,4,11,"Chhatrapati Shivaji Intl. Airport (T2), Mumbai"
2022-12-13,123,89,10,13,6,9,"Chhatrapati Shivaji Intl. Airport (T2), Mumbai"
2022-12-14,105,92,11,16,2,11,"Chhatrapati Shivaji Intl. Airport (T2), Mumbai"
2022-12-15,108,104,13,21, ,12,"Chhatrapati Shivaji Intl. Airport (T2), Mumbai"
2022-12-16,123,110,12,21,3,12,"Chhatrapati Shivaji Intl. Airport (T2), Mumbai"
2022-12-17,131,101,13,18,3,10,"Chhatrapati Shivaji Intl. Airport (T2), Mumbai"
2022-12-18,123,111,14,18,3,10,"Chhatrapati Shivaji Intl. Airport (T2), Mumbai"
2022-12-19,114,117,15,20,3,12,"Chhatrapati Shivaji Intl. Airport (T2), Mumbai"
2022-12-20,134,128,18,22,3,14,"Chhatrapati Shivaji Intl. Airport (T2), Mumbai"
2022-12-21,147,155,16,23,3,17,"Chhatrapati Shivaji Intl. Airport (T2), Mumbai"
2022-12-22,159,151,16,20,5,16,"Chhatrapati Shivaji Intl. Airport (T2), Mumbai"
2022-12-23,154,119,15,18,5,11,"Chhatrapati Shivaji Intl. Airport (T2), Mumbai"
2022-12-24,124,128,19,17,3,12,"Chhatrapati Shivaji Intl. Airport (T2), Mumbai"
2022-12-25,144,135,18,18,2,14,"Chhatrapati Shivaji Intl. Airport (T2), Mumbai"
2022-12-26,154,150,15,20, ,17,"Chhatrapati Shivaji Intl. Airport (T2), Mumbai"
2022-12-27,161,148,12,13, ,16,"Chhatrapati Shivaji Intl. Airport (T2), Mumbai"
2022-12-28,152,150,12,17, ,18,"Chhatrapati Shivaji Intl. Airport (T2), Mumbai"
2022-12-29,151,152,16,23,3,17,"Chhatrapati Shivaji Intl. Airport (T2), Mumbai"
2022-12-30,160,138,14,19, ,15,"Chhatrapati Shivaji Intl. Airport (T2), Mumbai"
2022-12-31,135,106,19,17, ,11,"Chhatrapati Shivaji Intl. Airport (T2), Mumbai"
2023-01-01,126,133,14,21,2,14,"Chhatrapati Shivaji Intl. Airport (T2), Mumbai"
2023-01-02,148,148,14,25, ,16,"Chhatrapati Shivaji Intl. Airport (T2), Mumbai"
2023-01-03,156,149,25,17, ,16,"Chhatrapati Shivaji Intl. Airport (T2), Mumbai"
2023-01-04,158,153,17,15, ,16,"Chhatrapati Shivaji Intl. Airport (T2), Mumbai"
2023-01-05,161,145,14,10, ,16,"Chhatrapati Shivaji Intl. Airport (T2), Mumbai"
2023-01-06,155,128,16,16, ,13,"Chhatrapati Shivaji Intl. Airport (T2), Mumbai"
2023-01-07,156,117,15,15, ,11,"Chhatrapati Shivaji Intl. Airport (T2), Mumbai"
2023-01-08,135,98,14,15, ,11,"Chhatrapati Shivaji Intl. Airport (T2), Mumbai"
2023-01-09,101,127,15,20,1,13,"Chhatrapati Shivaji Intl. Airport (T2), Mumbai"
2023-01-10,131,151,17,20,6,17,"Chhatrapati Shivaji Intl. Airport (T2), Mumbai"
2023-01-11,154,109,15,27,8,10,"Chhatrapati Shivaji Intl. Airport (T2), Mumbai"
2023-01-12,114,153,10,13,14,7,"Chhatrapati Shivaji Intl. Airport (T2), Mumbai"
2023-01-13,126,158,16,19,18,9,"Chhatrapati Shivaji Intl. Airport (T2), Mumbai"
2023-01-14,147,146,18,17,18,14,"Chhatrapati Shivaji Intl. Airport (T2), Mumbai"
2023-01-15,156,147,17,25,17,15,"Chhatrapati Shivaji Intl. Airport (T2), Mumbai"
2023-01-16,156,180,18,25,11,17,"Chhatrapati Shivaji Intl. Airport (T2), Mumbai"
2023-01-17,165,183,23,24,16,19,"Chhatrapati Shivaji Intl. Airport (T2), Mumbai"
2023-01-18,167,192,14,18,9,24,"Chhatrapati Shivaji Intl. Airport (T2), Mumbai"
2023-01-19,168,139,13,19,9,10,"Chhatrapati Shivaji Intl. Airport (T2), Mumbai"
2023-01-20,139,119,15,29,10,14,"Chhatrapati Shivaji Intl. Airport (T2), Mumbai"
2023-01-21,135,114,18,29,9,25,"Chhatrapati Shivaji Intl. Airport (T2), Mumbai"
2023-01-22,123,119,16,34,11,25,"Chhatrapati Shivaji Intl. Airport (T2), Mumbai"
2023-01-23,134,125,16,36,10,25,"Chhatrapati Shivaji Intl. Airport (T2), Mumbai"
2023-01-24,144,138,18,40,7,14,"Chhatrapati Shivaji Intl. Airport (T2), Mumbai"
2023-01-25,154,152,19,37,7,4,"Chhatrapati Shivaji Intl. Airport (T2), Mumbai"
2023-01-26,162,158,13,7,7,11,"Chhatrapati Shivaji Intl. Airport (T2), Mumbai"
2023-01-27,164,155,13,3,7,20,"Chhatrapati Shivaji Intl. Airport (T2), Mumbai"
2023-01-28,110,109,12,2,6,12,"Chhatrapati Shivaji Intl. Airport (T2), Mumbai"
2023-01-29,133,112,14,14,7,13,"Chhatrapati Shivaji Intl. Airport (T2), Mumbai"
2023-01-30,124,136,14,35,6,15,"Chhatrapati Shivaji Intl. Airport (T2), Mumbai"
2023-01-31,148,122,14,33,7,15,"Chhatrapati Shivaji Intl. Airport (T2), Mumbai"
2023-02-01,138,109,15,19,7,12,"Chhatrapati Shivaji Intl. Airport (T2), Mumbai"
2023-02-02,120,152,17,16,7,18,"Chhatrapati Shivaji Intl. Airport (T2), Mumbai"
2023-02-03,140,150,17,17,7,18,"Chhatrapati Shivaji Intl. Airport (T2), Mumbai"
2023-02-04,155,151,16,16,7,21,"Chhatrapati Shivaji Intl. Airport (T2), Mumbai"
2023-02-05,147,135,18,16,7,15,"Chhatrapati Shivaji Intl. Airport (T2), Mumbai"
2023-02-06,152,125,14,13,7,13,"Chhatrapati Shivaji Intl. Airport (T2), Mumbai"
2023-02-07,121,165,13,19,7,19,"Chhatrapati Shivaji Intl. Airport (T2), Mumbai"
2023-02-08,158,192,18,15,7,25,"Chhatrapati Shivaji Intl. Airport (T2), Mumbai"
2023-02-09,155,144,14,12,8,18,"Chhatrapati Shivaji Intl. Airport (T2), Mumbai"
2023-02-10,144,118,15,7,7,15,"Chhatrapati Shivaji Intl. Airport (T2), Mumbai"
2023-02-11,117,127,16,12,6,17,"Chhatrapati Shivaji Intl. Airport (T2), Mumbai"
2023-02-12,134,103,17,10,7,11,"Chhatrapati Shivaji Intl. Airport (T2), Mumbai"
2023-02-13,102,135,17,14,7,17,"Chhatrapati Shivaji Intl. Airport (T2), Mumbai"
2023-02-14,136,153,15,16,3,20,"Chhatrapati Shivaji Intl. Airport (T2), Mumbai"
2023-02-15,144,156,14,13,3,19,"Chhatrapati Shivaji Intl. Airport (T2), Mumbai"
2023-02-16,140,172,15,16,4,25,"Chhatrapati Shivaji Intl. Airport (T2), Mumbai"
2023-02-17,152,154,17,13,4,19,"Chhatrapati Shivaji Intl. Airport (T2), Mumbai"
2023-02-18,136,169,24,12,4,21,"Chhatrapati Shivaji Intl. Airport (T2), Mumbai"
2023-02-19,148,149,12,10,3,21,"Chhatrapati Shivaji Intl. Airport (T2), Mumbai"
2023-02-20,150,151,12,11,3,21,"Chhatrapati Shivaji Intl. Airport (T2), Mumbai"
2023-02-21,141,111,10,10,4,14,"Chhatrapati Shivaji Intl. Airport (T2), Mumbai"
2023-02-22,113,149,14,18,4,19,"Chhatrapati Shivaji Intl. Airport (T2), Mumbai"
2023-02-23,150,170,16,22,4,23,"Chhatrapati Shivaji Intl. Airport (T2), Mumbai"
2023-02-24,154,169,17,16,3,21,"Chhatrapati Shivaji Intl. Airport (T2), Mumbai"
2023-02-25,151,156,17,20,4,21,"Chhatrapati Shivaji Intl. Airport (T2), Mumbai"
2023-02-26,154,142,13,21,3,20,"Chhatrapati Shivaji Intl. Airport (T2), Mumbai"
2023-02-27,145,147,11,14,4,19,"Chhatrapati Shivaji Intl. Airport (T2), Mumbai"
2023-02-28,144,147,9,16,3,20,"Chhatrapati Shivaji Intl. Airport (T2), Mumbai"
2023-03-01,145,186,9,23,3,25,"Chhatrapati Shivaji Intl. Airport (T2), Mumbai"
2023-03-02,160,215,9,26,4,28,"Chhatrapati Shivaji Intl. Airport (T2), Mumbai"
2023-03-03,171,246,9,27,4,29,"Chhatrapati Shivaji Intl. Airport (T2), Mumbai"
2023-03-04,174,209,9,24,4,24,"Chhatrapati Shivaji Intl. Airport (T2), Mumbai"
2023-03-05,171,205,9,22,4,20,"Chhatrapati Shivaji Intl. Airport (T2), Mumbai"
2023-03-06,152,90,9,13,4,12,"Chhatrapati Shivaji Intl. Airport (T2), Mumbai"
2023-03-07,96,101,9,15,4,16,"Chhatrapati Shivaji Intl. Airport (T2), Mumbai"
2023-03-08,114,104,9,17,3,15,"Chhatrapati Shivaji Intl. Airport (T2), Mumbai"
2023-03-09,112,104,9,19,4,13,"Chhatrapati Shivaji Intl. Airport (T2), Mumbai"
2023-03-10,98,124,9,22,4,17,"Chhatrapati Shivaji Intl. Airport (T2), Mumbai"
2023-03-11,128,131,9,23,4,18,"Chhatrapati Shivaji Intl. Airport (T2), Mumbai"
2023-03-12,149,134,9,21,4,20,"Chhatrapati Shivaji Intl. Airport (T2), Mumbai"
2023-03-13,151,127,9,23,4,17,"Chhatrapati Shivaji Intl. Airport (T2), Mumbai"
2023-03-14,147,118,9,21,4,15,"Chhatrapati Shivaji Intl. Airport (T2), Mumbai"
2023-03-15,134,96,9,17,4,11,"Chhatrapati Shivaji Intl. Airport (T2), Mumbai"
2023-03-16,109,91,9,16,3,12,"Chhatrapati Shivaji Intl. Airport (T2), Mumbai"
2023-03-17,105,89,9,15,4,11,"Chhatrapati Shivaji Intl. Airport (T2), Mumbai"
2023-03-18,104,74,9,11,4,9,"Chhatrapati Shivaji Intl. Airport (T2), Mumbai"
2023-03-19,79,70,9,10,4,9,"Chhatrapati Shivaji Intl. Airport (T2), Mumbai"
2023-03-20,69,66,9,11,4,9,"Chhatrapati Shivaji Intl. Airport (T2), Mumbai"
2023-03-21,65,85,9,9,4,11,"Chhatrapati Shivaji Intl. Airport (T2), Mumbai"
2023-03-22,85,69,9,7,4,10,"Chhatrapati Shivaji Intl. Airport (T2), Mumbai"
2023-03-23,66,71,9,3,4,11,"Chhatrapati Shivaji Intl. Airport (T2), Mumbai"
2023-03-24,73,78,9,10,4,9,"Chhatrapati Shivaji Intl. Airport (T2), Mumbai"
2023-03-25,71,81,9,10,4,11,"Chhatrapati Shivaji Intl. Airport (T2), Mumbai"
2023-03-26,80,86,9,10,4,11,"Chhatrapati Shivaji Intl. Airport (T2), Mumbai"
2023-03-27,90,97,9,10,4,11,"Chhatrapati Shivaji Intl. Airport (T2), Mumbai"
2023-03-28,103,97,9,10,4,11,"Chhatrapati Shivaji Intl. Airport (T2), Mumbai"
2023-03-29,102,83,9,8,4,10,"Chhatrapati Shivaji Intl. Airport (T2), Mumbai"
2023-03-30,85,77,9,7,4,9,"Chhatrapati Shivaji Intl. Airport (T2), Mumbai"
2023-03-31,69, , , , , ,"Chhatrapati Shivaji Intl. Airport (T2), Mumbai"
2023-04-02, ,70,9,9,4,10,"Chhatrapati Shivaji Intl. Airport (T2), Mumbai"
2023-04-03,72,74,9,9,4,11,"Chhatrapati Shivaji Intl. Airport (T2), Mumbai"
2023-04-04,71,77,9,10,4,11,"Chhatrapati Shivaji Intl. Airport (T2), Mumbai"
2023-04-05,79,97,9,14,4,12,"Chhatrapati Shivaji Intl. Airport (T2), Mumbai"
2023-04-06,100,127,9,18,4,13,"Chhatrapati Shivaji Intl. Airport (T2), Mumbai"
2023-04-07,128,141,9,20,4,21,"Chhatrapati Shivaji Intl. Airport (T2), Mumbai"
2023-04-08,144,116,9,20,4,16,"Chhatrapati Shivaji Intl. Airport (T2), Mumbai"
2023-04-09,127,120,9,21,4,14,"Chhatrapati Shivaji Intl. Airport (T2), Mumbai"
2023-04-10,129,101,9,21,4,12,"Chhatrapati Shivaji Intl. Airport (T2), Mumbai"
2023-04-11,103,108,9,21,4,12,"Chhatrapati Shivaji Intl. Airport (T2), Mumbai"
2023-04-12,106,125,9,26,4,15,"Chhatrapati Shivaji Intl. Airport (T2), Mumbai"
2023-04-13,132,100,9,20,4,13,"Chhatrapati Shivaji Intl. Airport (T2), Mumbai"
2023-04-14,102,92,9,16,4,12,"Chhatrapati Shivaji Intl. Airport (T2), Mumbai"
2023-04-15,91,91,9,12,4,13,"Chhatrapati Shivaji Intl. Airport (T2), Mumbai"
2023-04-16,88,81,9,13,4,11,"Chhatrapati Shivaji Intl. Airport (T2), Mumbai"
2023-04-17,82,104,9,18,4,13,"Chhatrapati Shivaji Intl. Airport (T2), Mumbai"
2023-04-18,101,112,9,21,4,14,"Chhatrapati Shivaji Intl. Airport (T2), Mumbai"
2023-04-19,119,88,9,16,4,12,"Chhatrapati Shivaji Intl. Airport (T2), Mumbai"
2023-04-20,88,73,9,10,4,10,"Chhatrapati Shivaji Intl. Airport (T2), Mumbai"
2023-04-21,69,57,9,10,4,9,"Chhatrapati Shivaji Intl. Airport (T2), Mumbai"
2023-04-22,54,62,9,9,4,9,"Chhatrapati Shivaji Intl. Airport (T2), Mumbai"
2023-04-23,62,66,9,11,4,10,"Chhatrapati Shivaji Intl. Airport (T2), Mumbai"
2023-04-24,78,83,9,14,4,10,"Chhatrapati Shivaji Intl. Airport (T2), Mumbai"
2023-04-25,85,72,9,12,4,9,"Chhatrapati Shivaji Intl. Airport (T2), Mumbai"
2023-04-26,76,72,9,13,4,10,"Chhatrapati Shivaji Intl. Airport (T2), Mumbai"
2023-04-27,71,63,9,11,4,10,"Chhatrapati Shivaji Intl. Airport (T2), Mumbai"
2023-04-28,60,58,9,10,4,10,"Chhatrapati Shivaji Intl. Airport (T2), Mumbai"
2023-04-29,56,60,9,9,4,9,"Chhatrapati Shivaji Intl. Airport (T2), Mumbai"
2023-04-30,56,51,9,11,3,9,"Chhatrapati Shivaji Intl. Airport (T2), Mumbai"
2023-05-01,52,53,9,11,4,9,"Chhatrapati Shivaji Intl. Airport (T2), Mumbai"
2023-05-02,54,63,10,11,3,10,"Chhatrapati Shivaji Intl. Airport (T2), Mumbai"
2023-05-03,62,68,9,11,4,10,"Chhatrapati Shivaji Intl. Airport (T2), Mumbai"
2023-05-04,60,63,9,10,4,10,"Chhatrapati Shivaji Intl. Airport (T2), Mumbai"
2023-05-05,54,69,9,10,19,10,"Chhatrapati Shivaji Intl. Airport (T2), Mumbai"
2023-05-06,57,60,9,9,8,10,"Chhatrapati Shivaji Intl. Airport (T2), Mumbai"
2023-05-07,54,57,9,8,3,10,"Chhatrapati Shivaji Intl. Airport (T2), Mumbai"
2023-05-08,48,70,9,10,7,10,"Chhatrapati Shivaji Intl. Airport (T2), Mumbai"
2023-05-09,63,93,9,12,23,10,"Chhatrapati Shivaji Intl. Airport (T2), Mumbai"
2023-05-10,85,84,9,15,28,10,"Chhatrapati Shivaji Intl. Airport (T2), Mumbai"
2023-05-11,88,80,9,13,29,10,"Chhatrapati Shivaji Intl. Airport (T2), Mumbai"
2023-05-12,84,61,9,11,29,9,"Chhatrapati Shivaji Intl. Airport (T2), Mumbai"
2023-05-13,68, , , , , ,"Chhatrapati Shivaji Intl. Airport (T2), Mumbai"
2023-05-14, ,70,9,11,29,9,"Chhatrapati Shivaji Intl. Airport (T2), Mumbai"
2023-05-15,54,62,9,11,29,9,"Chhatrapati Shivaji Intl. Airport (T2), Mumbai"
2023-05-16,50,67,9,12,30,9,"Chhatrapati Shivaji Intl. Airport (T2), Mumbai"
2023-05-17,54,59,9,10,30,9,"Chhatrapati Shivaji Intl. Airport (T2), Mumbai"
2023-05-18,45,56,9,11,30,9,"Chhatrapati Shivaji Intl. Airport (T2), Mumbai"
2023-05-19,46, , , , , ,"Chhatrapati Shivaji Intl. Airport (T2), Mumbai"
2023-05-21, ,61,9,10,30,10,"Chhatrapati Shivaji Intl. Airport (T2), Mumbai"
2023-05-22,52,64,9,10,30,9,"Chhatrapati Shivaji Intl. Airport (T2), Mumbai"
2023-05-23,55,61,9,9,30,9,"Chhatrapati Shivaji Intl. Airport (T2), Mumbai"
2023-05-24,51,49,9,9,30,9,"Chhatrapati Shivaji Intl. Airport (T2), Mumbai"
2023-05-25,35,52,9,10,30,9,"Chhatrapati Shivaji Intl. Airport (T2), Mumbai"
2023-05-26,46,50,9,8,30,10,"Chhatrapati Shivaji Intl. Airport (T2), Mumbai"
2023-05-27,42,54,9,8,33,10,"Chhatrapati Shivaji Intl. Airport (T2), Mumbai"
2023-05-28,52,67,9,12,16,10,"Chhatrapati Shivaji Intl. Airport (T2), Mumbai"
2023-05-29,55,69,9,12,11,9,"Chhatrapati Shivaji Intl. Airport (T2), Mumbai"
2023-05-30,57,71,9,13,3,10,"Chhatrapati Shivaji Intl. Airport (T2), Mumbai"
2023-05-31,60,66,9,10,9,10,"Chhatrapati Shivaji Intl. Airport (T2), Mumbai"
2023-06-01,60,61,10,8,6,10,"Chhatrapati Shivaji Intl. Airport (T2), Mumbai"
2023-06-02,51,49,9,9,18,9,"Chhatrapati Shivaji Intl. Airport (T2), Mumbai"
2023-06-03,40,58,9,8, ,9,"Chhatrapati Shivaji Intl. Airport (T2), Mumbai"
2023-06-04,47,63,9,8, ,9,"Chhatrapati Shivaji Intl. Airport (T2), Mumbai"
2023-06-05,54,70,9,8, ,9,"Chhatrapati Shivaji Intl. Airport (T2), Mumbai"
2023-06-06,67,70,9,8, ,9,"Chhatrapati Shivaji Intl. Airport (T2), Mumbai"
2023-06-07,61,53,9,9, ,9,"Chhatrapati Shivaji Intl. Airport (T2), Mumbai"
2023-06-08,47,32,9,11, ,8,"Chhatrapati Shivaji Intl. Airport (T2), Mumbai"
2023-06-09,28,81,9,13,4,9,"Chhatrapati Shivaji Intl. Airport (T2), Mumbai"
2023-06-10,69,62,9,12,4,9,"Chhatrapati Shivaji Intl. Airport (T2), Mumbai"
2023-06-11,51,59,9,10, ,9,"Chhatrapati Shivaji Intl. Airport (T2), Mumbai"
2023-06-12,57,54,9,8, ,9,"Chhatrapati Shivaji Intl. Airport (T2), Mumbai"
2023-06-13,56,51,9,7, ,8,"Chhatrapati Shivaji Intl. Airport (T2), Mumbai"
2023-06-14,57,53,9,7, ,8,"Chhatrapati Shivaji Intl. Airport (T2), Mumbai"
2023-06-15,51,54,9,7, ,8,"Chhatrapati Shivaji Intl. Airport (T2), Mumbai"
2023-06-16,53,56,9,7, ,8,"Chhatrapati Shivaji Intl. Airport (T2), Mumbai"
2023-06-17,58,59,9,7, ,9,"Chhatrapati Shivaji Intl. Airport (T2), Mumbai"
2023-06-18,62,68,9,7, ,9,"Chhatrapati Shivaji Intl. Airport (T2), Mumbai"
2023-06-19,66,73,9,7, ,10,"Chhatrapati Shivaji Intl. Airport (T2), Mumbai"
2023-06-20,69,71,9,7, ,9,"Chhatrapati Shivaji Intl. Airport (T2), Mumbai"
2023-06-21,70,64,9,6, ,9,"Chhatrapati Shivaji Intl. Airport (T2), Mumbai"
2023-06-22,66,49,9,6, ,8,"Chhatrapati Shivaji Intl. Airport (T2), Mumbai"
2023-06-23,51, , , , , ,"Chhatrapati Shivaji Intl. Airport (T2), Mumbai"
2023-06-26, ,39,2,4, ,10,"Chhatrapati Shivaji Intl. Airport (T2), Mumbai"
2023-06-27,52,28,2,4, ,10,"Chhatrapati Shivaji Intl. Airport (T2), Mumbai"
2023-06-28,30,27,2,5, ,10,"Chhatrapati Shivaji Intl. Airport (T2), Mumbai"
2023-06-29,30,27,2,6, ,9,"Chhatrapati Shivaji Intl. Airport (T2), Mumbai"
2023-06-30,30,37,2,4, ,9,"Chhatrapati Shivaji Intl. Airport (T2), Mumbai"
2023-07-01,41,31,2,2, ,9,"Chhatrapati Shivaji Intl. Airport (T2), Mumbai"
2023-07-02,32,33,2,3, ,11,"Chhatrapati Shivaji Intl. Airport (T2), Mumbai"
2023-07-03,36,30,2,4, ,10,"Chhatrapati Shivaji Intl. Airport (T2), Mumbai"
2023-07-04,46,42,2,5, ,11,"Chhatrapati Shivaji Intl. Airport (T2), Mumbai"
2023-07-05,56,27,2,5, ,9,"Chhatrapati Shivaji Intl. Airport (T2), Mumbai"
2023-07-06,37,27,10,6, ,9,"Chhatrapati Shivaji Intl. Airport (T2), Mumbai"
2023-07-07,38,56,12,5, ,8,"Chhatrapati Shivaji Intl. Airport (T2), Mumbai"
2023-07-08,69,50, ,4, ,8,"Chhatrapati Shivaji Intl. Airport (T2), Mumbai"
2023-07-09,61,57,1,4, ,8,"Chhatrapati Shivaji Intl. Airport (T2), Mumbai"
2023-07-10,64,62,1,4, ,9,"Chhatrapati Shivaji Intl. Airport (T2), Mumbai"
2023-07-11,70,61,4,2, ,9,"Chhatrapati Shivaji Intl. Airport (T2), Mumbai"
2023-07-12,67,55,4,3, ,9,"Chhatrapati Shivaji Intl. Airport (T2), Mumbai"
2023-07-13,66,38,4,3, ,10,"Chhatrapati Shivaji Intl. Airport (T2), Mumbai"
2023-07-14,55,51,4,2, ,10,"Chhatrapati Shivaji Intl. Airport (T2), Mumbai"
2023-07-15,65,45,5,2, ,9,"Chhatrapati Shivaji Intl. Airport (T2), Mumbai"
2023-07-16,56,28,5,3, ,10,"Chhatrapati Shivaji Intl. Airport (T2), Mumbai"
2023-07-17,45,34,6,4, ,9,"Chhatrapati Shivaji Intl. Airport (T2), Mumbai"
2023-07-18,49,40,9,5, ,9,"Chhatrapati Shivaji Intl. Airport (T2), Mumbai"
2023-07-19,59,48,5,5, ,10,"Chhatrapati Shivaji Intl. Airport (T2), Mumbai"
2023-07-20,61,36,6,3, ,10,"Chhatrapati Shivaji Intl. Airport (T2), Mumbai"
2023-07-21,52,46,7,3, ,10,"Chhatrapati Shivaji Intl. Airport (T2), Mumbai"
2023-07-22,58,27,7,2, ,9,"Chhatrapati Shivaji Intl. Airport (T2), Mumbai"
2023-07-23,44,37,9,3, ,10,"Chhatrapati Shivaji Intl. Airport (T2), Mumbai"
2023-07-24,47,43,16,3, ,10,"Chhatrapati Shivaji Intl. Airport (T2), Mumbai"
2023-07-25,55,27,9,2, ,10,"Chhatrapati Shivaji Intl. Airport (T2), Mumbai"
2023-07-26,42,27,7,3, ,9,"Chhatrapati Shivaji Intl. Airport (T2), Mumbai"
2023-07-27,44,39,7,2, ,9,"Chhatrapati Shivaji Intl. Airport (T2), Mumbai"
2023-07-28,49,40,6,2, ,10,"Chhatrapati Shivaji Intl. Airport (T2), Mumbai"
2023-07-29,55,43,6,1, ,9,"Chhatrapati Shivaji Intl. Airport (T2), Mumbai"
2023-07-30,55,47,6,2, ,9,"Chhatrapati Shivaji Intl. Airport (T2), Mumbai"
2023-07-31,56,46,6,2, ,9,"Chhatrapati Shivaji Intl. Airport (T2), Mumbai"
2023-08-01,61,53,8,4, ,10,"Chhatrapati Shivaji Intl. Airport (T2), Mumbai"
2023-08-02,63,52,7,3, ,10,"Chhatrapati Shivaji Intl. Airport (T2), Mumbai"
2023-08-03,64,51,4,2, ,9,"Chhatrapati Shivaji Intl. Airport (T2), Mumbai"
2023-08-04,61,55,4,3, ,10,"Chhatrapati Shivaji Intl. Airport (T2), Mumbai"
2023-08-05,67,55,4,3, ,9,"Chhatrapati Shivaji Intl. Airport (T2), Mumbai"
2023-08-06,68,57,4,3, ,10,"Chhatrapati Shivaji Intl. Airport (T2), Mumbai"
2023-08-07,66,61,4,3, ,10,"Chhatrapati Shivaji Intl. Airport (T2), Mumbai"
2023-08-08,70,61,4,2, ,10,"Chhatrapati Shivaji Intl. Airport (T2), Mumbai"
2023-08-09,70,59,4,3, ,10,"Chhatrapati Shivaji Intl. Airport (T2), Mumbai"
2023-08-10,68,52,5,3,4,10,"Chhatrapati Shivaji Intl. Airport (T2), Mumbai"
2023-08-11,65,55,5,3,3,10,"Chhatrapati Shivaji Intl. Airport (T2), Mumbai"
2023-08-12,66,50,5,3,3,10,"Chhatrapati Shivaji Intl. Airport (T2), Mumbai"
2023-08-13,63,52,5,3,3,10,"Chhatrapati Shivaji Intl. Airport (T2), Mumbai"
2023-08-14,63,41,6,3,3,10,"Chhatrapati Shivaji Intl. Airport (T2), Mumbai"
2023-08-15,56,53,5,3,2,10,"Chhatrapati Shivaji Intl. Airport (T2), Mumbai"
2023-08-16,58,51,4,4,3,10,"Chhatrapati Shivaji Intl. Airport (T2), Mumbai"
2023-08-17,60,49,6,3,3,11,"Chhatrapati Shivaji Intl. Airport (T2), Mumbai"
2023-08-18,54,56,4,4,3,10,"Chhatrapati Shivaji Intl. Airport (T2), Mumbai"
2023-08-19,62,52,5,4,2,8,"Chhatrapati Shivaji Intl. Airport (T2), Mumbai"
2023-08-20,61,49,6,3,2,9,"Chhatrapati Shivaji Intl. Airport (T2), Mumbai"
2023-08-21,60,38,4,3,2,9,"Chhatrapati Shivaji Intl. Airport (T2), Mumbai"
2023-08-22,56,39,4,2,2,8,"Chhatrapati Shivaji Intl. Airport (T2), Mumbai"
2023-08-23,52,35,5,2,2,7,"Chhatrapati Shivaji Intl. Airport (T2), Mumbai"
2023-08-24,50,36,5,2,2,9,"Chhatrapati Shivaji Intl. Airport (T2), Mumbai"
2023-08-25,46,29,5,2,2,9,"Chhatrapati Shivaji Intl. Airport (T2), Mumbai"
2023-08-26,38,27,6,2,2,8,"Chhatrapati Shivaji Intl. Airport (T2), Mumbai"
2023-08-27, ,40, , ,2, ,"Chhatrapati Shivaji Intl. Airport (T2), Mumbai"
2023-08-28,55,52,5,6,2,8,"Chhatrapati Shivaji Intl. Airport (T2), Mumbai"
2023-08-29,60,64,8,3,2,9,"Chhatrapati Shivaji Intl. Airport (T2), Mumbai"
2023-08-30,72,72,9,5,2,11,"Chhatrapati Shivaji Intl. Airport (T2), Mumbai"
2023-08-31,80,67,11,5,2,9,"Chhatrapati Shivaji Intl. Airport (T2), Mumbai"
2023-09-01,73,57,7,2,2,10,"Chhatrapati Shivaji Intl. Airport (T2), Mumbai"
2023-09-02,69,63,5,2,2,10,"Chhatrapati Shivaji Intl. Airport (T2), Mumbai"
2023-09-03,76,78,5,7,2,10,"Chhatrapati Shivaji Intl. Airport (T2), Mumbai"
2023-09-04,85,67,8,4,2,11,"Chhatrapati Shivaji Intl. Airport (T2), Mumbai"
2023-09-05,79,65,5,4,2,12,"Chhatrapati Shivaji Intl. Airport (T2), Mumbai"
2023-09-06,75,44,6,2,2,12,"Chhatrapati Shivaji Intl. Airport (T2), Mumbai"
2023-09-07,65,49,5,5,2,13,"Chhatrapati Shivaji Intl. Airport (T2), Mumbai"
2023-09-08,67,53,4,3,1,14,"Chhatrapati Shivaji Intl. Airport (T2), Mumbai"
2023-09-09,70,41,4,2,1,11,"Chhatrapati Shivaji Intl. Airport (T2), Mumbai"
2023-09-10,54,48,5,5,1,12,"Chhatrapati Shivaji Intl. Airport (T2), Mumbai"
2023-09-11,60,54,4,2,1,11,"Chhatrapati Shivaji Intl. Airport (T2), Mumbai"
2023-09-12,63,49,4,3,1,12,"Chhatrapati Shivaji Intl. Airport (T2), Mumbai"
2023-09-13,58,42,9,1,1,13,"Chhatrapati Shivaji Intl. Airport (T2), Mumbai"
2023-09-14,59,56,5,3,1,14,"Chhatrapati Shivaji Intl. Airport (T2), Mumbai"
2023-09-15,72,41,4,2,1,12,"Chhatrapati Shivaji Intl. Airport (T2), Mumbai"
2023-09-16,56,38,5,2,1,11,"Chhatrapati Shivaji Intl. Airport (T2), Mumbai"
2023-09-17,56,33,6,3,1,11,"Chhatrapati Shivaji Intl. Airport (T2), Mumbai"
2023-09-18,54,37,7,3,1,11,"Chhatrapati Shivaji Intl. Airport (T2), Mumbai"
2023-09-19,57,28,6,2,1,13,"Chhatrapati Shivaji Intl. Airport (T2), Mumbai"
2023-09-20,53,33,8,3,1,12,"Chhatrapati Shivaji Intl. Airport (T2), Mumbai"
2023-09-21,56,36,5,1,1,14,"Chhatrapati Shivaji Intl. Airport (T2), Mumbai"
2023-09-22,61,49,5,1,1,14,"Chhatrapati Shivaji Intl. Airport (T2), Mumbai"
2023-09-23,65,44,5,1,1,13,"Chhatrapati Shivaji Intl. Airport (T2), Mumbai"
2023-09-24,68,53,5,3,1,14,"Chhatrapati Shivaji Intl. Airport (T2), Mumbai"
2023-09-25,67,57,8,4,1,14,"Chhatrapati Shivaji Intl. Airport (T2), Mumbai"
2023-09-26,75,55,15,5,1,14,"Chhatrapati Shivaji Intl. Airport (T2), Mumbai"
2023-09-27,76,63,19,6,1,16,"Chhatrapati Shivaji Intl. Airport (T2), Mumbai"
2023-09-28,89,63,23,8,1,16,"Chhatrapati Shivaji Intl. Airport (T2), Mumbai"
2023-09-29,84,64,21,8,1,14,"Chhatrapati Shivaji Intl. Airport (T2), Mumbai"
2023-09-30,79,65,30,8,1,15,"Chhatrapati Shivaji Intl. Airport (T2), Mumbai"
2023-10-01,91,76,20,9,1,14,"Chhatrapati Shivaji Intl. Airport (T2), Mumbai"
2023-10-02,95,85,10,8,1,13,"Chhatrapati Shivaji Intl. Airport (T2), Mumbai"
2023-10-03,95,88,21,10,1,14,"Chhatrapati Shivaji Intl. Airport (T2), Mumbai"
2023-10-04,95,92,28,8,1,15,"Chhatrapati Shivaji Intl. Airport (T2), Mumbai"
2023-10-05,96,87,17,9,1,15,"Chhatrapati Shivaji Intl. Airport (T2), Mumbai"
2023-10-06,94,84,20,14,1,12,"Chhatrapati Shivaji Intl. Airport (T2), Mumbai"
2023-10-07,96,88,37,17,1,7,"Chhatrapati Shivaji Intl. Airport (T2), Mumbai"
2023-10-08,103,98,35,20,1,10,"Chhatrapati Shivaji Intl. Airport (T2), Mumbai"
2023-10-09,124,78,23,19,1,8,"Chhatrapati Shivaji Intl. Airport (T2), Mumbai"
2023-10-10,86,65,17,20,1,10,"Chhatrapati Shivaji Intl. Airport (T2), Mumbai"
2023-10-11,67,96,47,24,1,11,"Chhatrapati Shivaji Intl. Airport (T2), Mumbai"
2023-10-12,119,107,59,22,1,12,"Chhatrapati Shivaji Intl. Airport (T2), Mumbai"
2023-10-13,144,110,61,22, ,12,"Chhatrapati Shivaji Intl. Airport (T2), Mumbai"
2023-10-14,146,99,44,21, ,8,"Chhatrapati Shivaji Intl. Airport (T2), Mumbai"
2023-10-15,132,117,42,21, ,11,"Chhatrapati Shivaji Intl. Airport (T2), Mumbai"
2023-10-16,151,114,60,16, ,11,"Chhatrapati Shivaji Intl. Airport (T2), Mumbai"
2023-10-17,150,123,51,8, ,12,"Chhatrapati Shivaji Intl. Airport (T2), Mumbai"
2023-10-18,150,112,66,11, ,11,"Chhatrapati Shivaji Intl. Airport (T2), Mumbai"
2023-10-19,126,120,63,9, ,12,"Chhatrapati Shivaji Intl. Airport (T2), Mumbai"
2023-10-20,145,104, ,8, ,10,"Chhatrapati Shivaji Intl. Airport (T2), Mumbai"
2023-10-21,134,118, ,9, ,12,"Chhatrapati Shivaji Intl. Airport (T2), Mumbai"
2023-10-22,152,125,12,9, ,14,"Chhatrapati Shivaji Intl. Airport (T2), Mumbai"
2023-10-23,154,118,19,8, ,15,"Chhatrapati Shivaji Intl. Airport (T2), Mumbai"
2023-10-24,142,118,22,10, ,14,"Chhatrapati Shivaji Intl. Airport (T2), Mumbai"
2023-10-25,140,113,21,11, ,12,"Chhatrapati Shivaji Intl. Airport (T2), Mumbai"
2023-10-26,133,113,22,7,1,11,"Chhatrapati Shivaji Intl. Airport (T2), Mumbai"
2023-10-27,127,132,8,14,1,13,"Chhatrapati Shivaji Intl. Airport (T2), Mumbai"
2023-10-28,148,110,10,7,1,11,"Chhatrapati Shivaji Intl. Airport (T2), Mumbai"
2023-10-29,135,122,13,13,1,13,"Chhatrapati Shivaji Intl. Airport (T2), Mumbai"
2023-10-30,141,130,10,14,1,15,"Chhatrapati Shivaji Intl. Airport (T2), Mumbai"
2023-10-31,153,120,8,10,1,14,"Chhatrapati Shivaji Intl. Airport (T2), Mumbai"
2023-11-01,145,125,8,9,1,13,"Chhatrapati Shivaji Intl. Airport (T2), Mumbai"
2023-11-02,147,126,7,9,1,13,"Chhatrapati Shivaji Intl. Airport (T2), Mumbai"
2023-11-03,150,129,7,6,1,13,"Chhatrapati Shivaji Intl. Airport (T2), Mumbai"
2023-11-04,144,122,8,11,1,14,"Chhatrapati Shivaji Intl. Airport (T2), Mumbai"
2023-11-05,150,132,9,13,1,14,"Chhatrapati Shivaji Intl. Airport (T2), Mumbai"
2023-11-06,155,123,7,9,1,14,"Chhatrapati Shivaji Intl. Airport (T2), Mumbai"
2023-11-07,149,111,2,5,1,12,"Chhatrapati Shivaji Intl. Airport (T2), Mumbai"
2023-11-08,127,92,5,10,1,10,"Chhatrapati Shivaji Intl. Airport (T2), Mumbai"
2023-11-09,116,74,5,6,1,8,"Chhatrapati Shivaji Intl. Airport (T2), Mumbai"
2023-11-10,89,88, , ,1,11,"Chhatrapati Shivaji Intl. Airport (T2), Mumbai"
2023-11-11,111, , , , , ,"Chhatrapati Shivaji Intl. Airport (T2), Mumbai"
2023-11-18, ,90,6,8,1,13,"Chhatrapati Shivaji Intl. Airport (T2), Mumbai"
2023-11-19,99,81,2, ,1,17,"Chhatrapati Shivaji Intl. Airport (T2), Mumbai"
2023-11-20,86, , , , , ,"Chhatrapati Shivaji Intl. Airport (T2), Mumbai"
2023-11-21, ,83,9,10,1,6,"Chhatrapati Shivaji Intl. Airport (T2), Mumbai"
2023-11-22,81,92,11,7,1,10,"Chhatrapati Shivaji Intl. Airport (T2), Mumbai"
2023-11-23,100,136, , ,1,21,"Chhatrapati Shivaji Intl. Airport (T2), Mumbai"
2023-11-24,151,78,3,12,1,11,"Chhatrapati Shivaji Intl. Airport (T2), Mumbai"
2023-11-25,83,76, ,5,1,10,"Chhatrapati Shivaji Intl. Airport (T2), Mumbai"
2023-11-26,84,40, , ,1,5,"Chhatrapati Shivaji Intl. Airport (T2), Mumbai"
2023-11-27,41,57,2,6,1,7,"Chhatrapati Shivaji Intl. Airport (T2), Mumbai"
2023-11-28,59,90,3,9,1,9,"Chhatrapati Shivaji Intl. Airport (T2), Mumbai"
2023-11-29,75,78,5,11,3,8,"Chhatrapati Shivaji Intl. Airport (T2), Mumbai"
2023-11-30,87,104,6,4,8,11,"Chhatrapati Shivaji Intl. Airport (T2), Mumbai"
2023-12-01,131,102,5,10,8,12,"Chhatrapati Shivaji Intl. Airport (T2), Mumbai"
2023-12-02,122,105,7,10,9,13,"Chhatrapati Shivaji Intl. Airport (T2), Mumbai"
2023-12-03,122,98,5,9,8,12,"Chhatrapati Shivaji Intl. Airport (T2), Mumbai"
2023-12-04,122,103,5,6,9,12,"Chhatrapati Shivaji Intl. Airport (T2), Mumbai"
2023-12-05,130, , , , , ,"Chhatrapati Shivaji Intl. Airport (T2), Mumbai"
2023-12-06, ,103,6,8,8,6,"Chhatrapati Shivaji Intl. Airport (T2), Mumbai"
2023-12-07,130,85,4,10,8,10,"Chhatrapati Shivaji Intl. Airport (T2), Mumbai"
2023-12-08,99,93,5,10,8,12,"Chhatrapati Shivaji Intl. Airport (T2), Mumbai"
2023-12-09,105,88,5,10,8,12,"Chhatrapati Shivaji Intl. Airport (T2), Mumbai"
2023-12-10,101,91,3,7,9,14,"Chhatrapati Shivaji Intl. Airport (T2), Mumbai"
2023-12-11,109,95,8,8,9,11,"Chhatrapati Shivaji Intl. Airport (T2), Mumbai"
2023-12-12,110, , , , , ,"Chhatrapati Shivaji Intl. Airport (T2), Mumbai"
2023-12-13, ,100,8,13,9,11,"Chhatrapati Shivaji Intl. Airport (T2), Mumbai"
2023-12-14,114,129,1, ,10,19,"Chhatrapati Shivaji Intl. Airport (T2), Mumbai"
2023-12-15,145,103,7,13,10,14,"Chhatrapati Shivaji Intl. Airport (T2), Mumbai"
2023-12-16,117,97,7,6,9,10,"Chhatrapati Shivaji Intl. Airport (T2), Mumbai"
2023-12-17,115,97,9,4,9,9,"Chhatrapati Shivaji Intl. Airport (T2), Mumbai"
2023-12-18,113,97,6,4,9,9,"Chhatrapati Shivaji Intl. Airport (T2), Mumbai"
2023-12-19,117,86,7,2,10,10,"Chhatrapati Shivaji Intl. Airport (T2), Mumbai"
2023-12-20,96,143,7,15,9,16,"Chhatrapati Shivaji Intl. Airport (T2), Mumbai"
2023-12-21,149,127,5,19,11,23,"Chhatrapati Shivaji Intl. Airport (T2), Mumbai"
2023-12-22,135,82,8,11,11,17,"Chhatrapati Shivaji Intl. Airport (T2), Mumbai"
2023-12-23,84,85,10,11,11,18,"Chhatrapati Shivaji Intl. Airport (T2), Mumbai"
2023-12-24,90,74,9,15,10,14,"Chhatrapati Shivaji Intl. Airport (T2), Mumbai"
2023-12-25,80,93,11,15,11,22,"Chhatrapati Shivaji Intl. Airport (T2), Mumbai"
2023-12-26,101,95,6,13,11,23,"Chhatrapati Shivaji Intl. Airport (T2), Mumbai"
2023-12-27,102,111,8,14,11,21,"Chhatrapati Shivaji Intl. Airport (T2), Mumbai"
2023-12-28,143,96,8,9,11,19,"Chhatrapati Shivaji Intl. Airport (T2), Mumbai"
2023-12-29,108,95,2, ,12,24,"Chhatrapati Shivaji Intl. Airport (T2), Mumbai"
2023-12-30,100,74,8,14,11,13,"Chhatrapati Shivaji Intl. Airport (T2), Mumbai"
2023-12-31,78,80,9,14,10,16,"Chhatrapati Shivaji Intl. Airport (T2), Mumbai"
2024-01-01,90,82,7,12,10,14,"Chhatrapati Shivaji Intl. Airport (T2), Mumbai"
2024-01-02,92,81,6,8,10,14,"Chhatrapati Shivaji Intl. Airport (T2), Mumbai"
2024-01-03,89,92,4,9,10,18,"Chhatrapati Shivaji Intl. Airport (T2), Mumbai"
2024-01-04,108,82,5,14,10,14,"Chhatrapati Shivaji Intl. Airport (T2), Mumbai"
2024-01-05,90,87,1,11,10,16,"Chhatrapati Shivaji Intl. Airport (T2), Mumbai"
2024-01-06,96,82,5,7,10,17,"Chhatrapati Shivaji Intl. Airport (T2), Mumbai"
2024-01-07,92,67,5,10,9,12,"Chhatrapati Shivaji Intl. Airport (T2), Mumbai"
2024-01-08,69,117,2,3,10,15,"Chhatrapati Shivaji Intl. Airport (T2), Mumbai"
2024-01-09,125,47,4,15,10,8,"Chhatrapati Shivaji Intl. Airport (T2), Mumbai"
2024-01-10,47,70,5,2,10,10,"Chhatrapati Shivaji Intl. Airport (T2), Mumbai"
2024-01-11,77,74,6,6,11,15,"Chhatrapati Shivaji Intl. Airport (T2), Mumbai"
2024-01-12,77,83,5,13,11,19,"Chhatrapati Shivaji Intl. Airport (T2), Mumbai"
2024-01-13,89,77, , ,11,19,"Chhatrapati Shivaji Intl. Airport (T2), Mumbai"
2024-01-14,76,47,3,10,9,6,"Chhatrapati Shivaji Intl. Airport (T2), Mumbai"
2024-01-15,33,59,7,11,9,9,"Chhatrapati Shivaji Intl. Airport (T2), Mumbai"
2024-01-16,56,62,5,9,9,10,"Chhatrapati Shivaji Intl. Airport (T2), Mumbai"
2024-01-17,64,64,3,11,9,10,"Chhatrapati Shivaji Intl. Airport (T2), Mumbai"
2024-01-18,66,76,1,8,9,12,"Chhatrapati Shivaji Intl. Airport (T2), Mumbai"
2024-01-19,83,106,7,15,9,15,"Chhatrapati Shivaji Intl. Airport (T2), Mumbai"
2024-01-20,128,74,6,7,9,12,"Chhatrapati Shivaji Intl. Airport (T2), Mumbai"
2024-01-21,77,74,9,16,9,12,"Chhatrapati Shivaji Intl. Airport (T2), Mumbai"
2024-01-22,81,71,4,10,9,11,"Chhatrapati Shivaji Intl. Airport (T2), Mumbai"
2024-01-23,67,67,6,6,9,11,"Chhatrapati Shivaji Intl. Airport (T2), Mumbai"
2024-01-24,65,66,7,13,9,10,"Chhatrapati Shivaji Intl. Airport (T2), Mumbai"
2024-01-25,64,72,9,14,10,16,"Chhatrapati Shivaji Intl. Airport (T2), Mumbai"
2024-01-26,75,67,5, ,9,15,"Chhatrapati Shivaji Intl. Airport (T2), Mumbai"
2024-01-27,71,74,5,9,11,16,"Chhatrapati Shivaji Intl. Airport (T2), Mumbai"
2024-01-28,73,76,7,5,10,16,"Chhatrapati Shivaji Intl. Airport (T2), Mumbai"
2024-01-29,80,76,9,3,10,16,"Chhatrapati Shivaji Intl. Airport (T2), Mumbai"
2024-01-30,77,69,5,12,9,12,"Chhatrapati Shivaji Intl. Airport (T2), Mumbai"
2024-01-31,69,64,1,4,9,14,"Chhatrapati Shivaji Intl. Airport (T2), Mumbai"
2024-02-01,66,53,6, ,9,9,"Chhatrapati Shivaji Intl. Airport (T2), Mumbai"
2024-02-02,49,85,1,13,9,13,"Chhatrapati Shivaji Intl. Airport (T2), Mumbai"
2024-02-03,81,84,9,14,9,18,"Chhatrapati Shivaji Intl. Airport (T2), Mumbai"
2024-02-04,87,81,5,14,10,19,"Chhatrapati Shivaji Intl. Airport (T2), Mumbai"
2024-02-05,83,83,4,9,10,19,"Chhatrapati Shivaji Intl. Airport (T2), Mumbai"
2024-02-06,83,76,5,13,9,10,"Chhatrapati Shivaji Intl. Airport (T2), Mumbai"
2024-02-07,74,72,4,10,9,12,"Chhatrapati Shivaji Intl. Airport (T2), Mumbai"
2024-02-08,72,76,5,11,9,14,"Chhatrapati Shivaji Intl. Airport (T2), Mumbai"
2024-02-09,75,72,8,12,8,12,"Chhatrapati Shivaji Intl. Airport (T2), Mumbai"
2024-02-10,68,72,9,14,9,13,"Chhatrapati Shivaji Intl. Airport (T2), Mumbai"
2024-02-11,71,81,10,7,9,18,"Chhatrapati Shivaji Intl. Airport (T2), Mumbai"
2024-02-12,84,72,5,15,9,15,"Chhatrapati Shivaji Intl. Airport (T2), Mumbai"
2024-02-13,77,77,8,13,8,12,"Chhatrapati Shivaji Intl. Airport (T2), Mumbai"
2024-02-14,75,80,8,11,9,14,"Chhatrapati Shivaji Intl. Airport (T2), Mumbai"
2024-02-15,85,97,6,17,9,21,"Chhatrapati Shivaji Intl. Airport (T2), Mumbai"
2024-02-16,99,95,6,15,10,24,"Chhatrapati Shivaji Intl. Airport (T2), Mumbai"
2024-02-17,98,62,2,15,9,11,"Chhatrapati Shivaji Intl. Airport (T2), Mumbai"
2024-02-18,63,65,4,10,10,14,"Chhatrapati Shivaji Intl. Airport (T2), Mumbai"
2024-02-19,62,62,3,13,9,9,"Chhatrapati Shivaji Intl. Airport (T2), Mumbai"
2024-02-20,51,41,2,7,9,9,"Chhatrapati Shivaji Intl. Airport (T2), Mumbai"
2024-02-21,35,51,3,8,8,9,"Chhatrapati Shivaji Intl. Airport (T2), Mumbai"
2024-02-22,49,57,3,3,8,11,"Chhatrapati Shivaji Intl. Airport (T2), Mumbai"
2024-02-23,54,67,7,5,9,13,"Chhatrapati Shivaji Intl. Airport (T2), Mumbai"
2024-02-24,64,77,9,14,9,17,"Chhatrapati Shivaji Intl. Airport (T2), Mumbai"
2024-02-25,71,82,12,8,9,21,"Chhatrapati Shivaji Intl. Airport (T2), Mumbai"
2024-02-26,83,88,7,13,10,22,"Chhatrapati Shivaji Intl. Airport (T2), Mumbai"
2024-02-27,90,75,7,28,10,14,"Chhatrapati Shivaji Intl. Airport (T2), Mumbai"
2024-02-28,71,74,8,21,10,15,"Chhatrapati Shivaji Intl. Airport (T2), Mumbai"
2024-02-29,74,105,9,15,11,18,"Chhatrapati Shivaji Intl. Airport (T2), Mumbai"
2024-03-01,102,49,2,7,12,8,"Chhatrapati Shivaji Intl. Airport (T2), Mumbai"
2024-03-02,51,48,3,8,10,6,"Chhatrapati Shivaji Intl. Airport (T2), Mumbai"
2024-03-03,41,48,5,11,9,8,"Chhatrapati Shivaji Intl. Airport (T2), Mumbai"
2024-03-04,40,73,8,13,9,13,"Chhatrapati Shivaji Intl. Airport (T2), Mumbai"
2024-03-05,72,76,9,19,10,17,"Chhatrapati Shivaji Intl. Airport (T2), Mumbai"
2024-03-06,74,72,8,15,10,14,"Chhatrapati Shivaji Intl. Airport (T2), Mumbai"
2024-03-07,71,82,7,13,9,12,"Chhatrapati Shivaji Intl. Airport (T2), Mumbai"
2024-03-08,71,78,9,10,9,15,"Chhatrapati Shivaji Intl. Airport (T2), Mumbai"
2024-03-09,78,385,2,12,9,15,"Chhatrapati Shivaji Intl. Airport (T2), Mumbai"
2024-03-10,76, ,2,4,9,17,"Chhatrapati Shivaji Intl. Airport (T2), Mumbai"
2024-03-11,82,82,9,15,11,12,"Chhatrapati Shivaji Intl. Airport (T2), Mumbai"
2024-03-12,73,65,3,12,9,10,"Chhatrapati Shivaji Intl. Airport (T2), Mumbai"
2024-03-13,59,51,4,4,9,9,"Chhatrapati Shivaji Intl. Airport (T2), Mumbai"
2024-03-14,150, , , , , ,"Chhatrapati Shivaji Intl. Airport (T2), Mumbai"
2024-03-15, ,83,9,14,9,9,"Chhatrapati Shivaji Intl. Airport (T2), Mumbai"
2024-03-16,74,68, , ,8, ,"Chhatrapati Shivaji Intl. Airport (T2), Mumbai"
2024-03-17,68,65,3,13,9,8,"Chhatrapati Shivaji Intl. Airport (T2), Mumbai"
2024-03-18,63,73,6,10,10,9,"Chhatrapati Shivaji Intl. Airport (T2), Mumbai"
2024-03-19,68,83,8,13,11,16,"Chhatrapati Shivaji Intl. Airport (T2), Mumbai"
2024-03-20,76,87,10,12,10,16,"Chhatrapati Shivaji Intl. Airport (T2), Mumbai"
2024-03-21,82,72,3,12,10,15,"Chhatrapati Shivaji Intl. Airport (T2), Mumbai"
2024-03-22,75,65,5,9,9,12,"Chhatrapati Shivaji Intl. Airport (T2), Mumbai"
2024-03-23,66,55,2,5,9,9,"Chhatrapati Shivaji Intl. Airport (T2), Mumbai"
2024-03-24,56,58,4,4,9,14,"Chhatrapati Shivaji Intl. Airport (T2), Mumbai"
2024-03-25,64,51,3,6,9,9,"Chhatrapati Shivaji Intl. Airport (T2), Mumbai"
2024-03-26,50,52,1,5,9,8,"Chhatrapati Shivaji Intl. Airport (T2), Mumbai"
2024-03-27,56,88,1,3,9,10,"Chhatrapati Shivaji Intl. Airport (T2), Mumbai"
2024-03-28,102,92,1,1,9,11,"Chhatrapati Shivaji Intl. Airport (T2), Mumbai"
2024-03-29,114,112,1,10,8,10,"Chhatrapati Shivaji Intl. Airport (T2), Mumbai"
2024-03-30,131,102,3,6,9,10,"Chhatrapati Shivaji Intl. Airport (T2), Mumbai"
2024-03-31,111,108,3,7,8,9,"Chhatrapati Shivaji Intl. Airport (T2), Mumbai"
2024-04-01,129, , , , , ,"Chhatrapati Shivaji Intl. Airport (T2), Mumbai"
2024-04-02, ,94,3,5,8,10,"Chhatrapati Shivaji Intl. Airport (T2), Mumbai"
2024-04-03,134,75,2,1,8,11,"Chhatrapati Shivaji Intl. Airport (T2), Mumbai"
2024-04-04,107,91,4, ,11,8,"Chhatrapati Shivaji Intl. Airport (T2), Mumbai"
2024-04-05,119, , , , , ,"Chhatrapati Shivaji Intl. Airport (T2), Mumbai"
2024-04-06, ,84,4,4,9,8,"Chhatrapati Shivaji Intl. Airport (T2), Mumbai"
2024-04-07,94,56,2,4,7,9,"Chhatrapati Shivaji Intl. Airport (T2), Mumbai"
2024-04-08,83,75,2,4,8,8,"Chhatrapati Shivaji Intl. Airport (T2), Mumbai"
2024-04-09,103,69,2,7,7,9,"Chhatrapati Shivaji Intl. Airport (T2), Mumbai"
2024-04-10,97,67,3,5,8,9,"Chhatrapati Shivaji Intl. Airport (T2), Mumbai"
2024-04-11,88, , , , , ,"Chhatrapati Shivaji Intl. Airport (T2), Mumbai"
2024-04-12, ,57,2,6,8,7,"Chhatrapati Shivaji Intl. Airport (T2), Mumbai"
2024-04-13,74,64,2,4,8,8,"Chhatrapati Shivaji Intl. Airport (T2), Mumbai"
2024-04-14,82,86,3,3,11,12,"Chhatrapati Shivaji Intl. Airport (T2), Mumbai"
2024-04-15,117,95,3,9,11,15,"Chhatrapati Shivaji Intl. Airport (T2), Mumbai"
2024-04-16,136,66,3,9,9,8,"Chhatrapati Shivaji Intl. Airport (T2), Mumbai"
2024-04-17,100,75,2,9,8,8,"Chhatrapati Shivaji Intl. Airport (T2), Mumbai"
2024-04-18,109,68,2,8,8,7,"Chhatrapati Shivaji Intl. Airport (T2), Mumbai"
2024-04-19,92,85,2,4,7,8,"Chhatrapati Shivaji Intl. Airport (T2), Mumbai"
2024-04-20,118,60,2,9,7,7,"Chhatrapati Shivaji Intl. Airport (T2), Mumbai"
2024-04-21,74,62,2,10,6,7,"Chhatrapati Shivaji Intl. Airport (T2), Mumbai"
2024-04-22,76,71,2,8,7,8,"Chhatrapati Shivaji Intl. Airport (T2), Mumbai"
2024-04-23,92,74,2,6,7,8,"Chhatrapati Shivaji Intl. Airport (T2), Mumbai"
2024-04-24,100,79,1,5,8,7,"Chhatrapati Shivaji Intl. Airport (T2), Mumbai"
2024-04-25,93, , , , , ,"Chhatrapati Shivaji Intl. Airport (T2), Mumbai"
2024-04-26, ,85,2,7,8,9,"Chhatrapati Shivaji Intl. Airport (T2), Mumbai"
2024-04-27,112,103,4,9,8,10,"Chhatrapati Shivaji Intl. Airport (T2), Mumbai"
2024-04-28,129,95,3,7,8,10,"Chhatrapati Shivaji Intl. Airport (T2), Mumbai"
2024-04-29,119,94,3,6,8,9,"Chhatrapati Shivaji Intl. Airport (T2), Mumbai"
2024-04-30,122,76,2,4,8,7,"Chhatrapati Shivaji Intl. Airport (T2), Mumbai"
2024-05-01,99,76,2,5,7,6,"Chhatrapati Shivaji Intl. Airport (T2), Mumbai"
2024-05-02,105,80,2,15,8,7,"Chhatrapati Shivaji Intl. Airport (T2), Mumbai"
2024-05-03,109,66,2,3,7,7,"Chhatrapati Shivaji Intl. Airport (T2), Mumbai"
2024-05-04,86,58,2,10,7,7,"Chhatrapati Shivaji Intl. Airport (T2), Mumbai"
2024-05-05,77,57,1,4,7,6,"Chhatrapati Shivaji Intl. Airport (T2), Mumbai"
2024-05-06,74,62,2,9,7,6,"Chhatrapati Shivaji Intl. Airport (T2), Mumbai"
2024-05-07,78,62,2,5,7,6,"Chhatrapati Shivaji Intl. Airport (T2), Mumbai"
2024-05-08,75,55,1,5,7,6,"Chhatrapati Shivaji Intl. Airport (T2), Mumbai"
2024-05-09,65,58,1,1,7,6,"Chhatrapati Shivaji Intl. Airport (T2), Mumbai"
2024-05-10,79,78,1,3,7,7,"Chhatrapati Shivaji Intl. Airport (T2), Mumbai"
2024-05-11,87, , , , , ,"Chhatrapati Shivaji Intl. Airport (T2), Mumbai"
2024-05-12, ,136,1,11,10,10,"Chhatrapati Shivaji Intl. Airport (T2), Mumbai"
2024-05-13,72,210,3,4,7,12,"Chhatrapati Shivaji Intl. Airport (T2), Mumbai"
2024-05-14,136,99,1, ,9,17,"Chhatrapati Shivaji Intl. Airport (T2), Mumbai"
2024-05-15,147,83,2, ,8,8,"Chhatrapati Shivaji Intl. Airport (T2), Mumbai"
2024-05-16,86,61,3,9,8,8,"Chhatrapati Shivaji Intl. Airport (T2), Mumbai"
2024-05-17,82,62,2,5,7,6,"Chhatrapati Shivaji Intl. Airport (T2), Mumbai"
2024-05-18,85,61,2,1,7,6,"Chhatrapati Shivaji Intl. Airport (T2), Mumbai"
2024-05-19,80,46,1,1,7,5,"Chhatrapati Shivaji Intl. Airport (T2), Mumbai"
2024-05-20,63,59,1,2,7,6,"Chhatrapati Shivaji Intl. Airport (T2), Mumbai"
2024-05-21,76,55,4,1,7,6,"Chhatrapati Shivaji Intl. Airport (T2), Mumbai"
2024-05-22,73,55,4, ,7,5,"Chhatrapati Shivaji Intl. Airport (T2), Mumbai"
2024-05-23,76,54,4, ,7,6,"Chhatrapati Shivaji Intl. Airport (T2), Mumbai"
2024-05-24,73,57,4, ,7,6,"Chhatrapati Shivaji Intl. Airport (T2), Mumbai"
2024-05-25,74,56,4, ,6,5,"Chhatrapati Shivaji Intl. Airport (T2), Mumbai"
2024-05-26,76,58,4, ,7,5,"Chhatrapati Shivaji Intl. Airport (T2), Mumbai"
2024-05-27,81,55,4, ,7,4,"Chhatrapati Shivaji Intl. Airport (T2), Mumbai"
2024-05-28,72,62,4, ,6,4,"Chhatrapati Shivaji Intl. Airport (T2), Mumbai"
2024-05-29,82,62,5, ,7,5,"Chhatrapati Shivaji Intl. Airport (T2), Mumbai"
2024-05-30,86,55,5, ,7,5,"Chhatrapati Shivaji Intl. Airport (T2), Mumbai"
2024-05-31,72,55,5, ,8,5,"Chhatrapati Shivaji Intl. Airport (T2), Mumbai"
2024-06-01,64,44,5, ,7,5,"Chhatrapati Shivaji Intl. Airport (T2), Mumbai"
2024-06-02,65,62,5, ,8,5,"Chhatrapati Shivaji Intl. Airport (T2), Mumbai"
2024-06-03,79,62,5, ,8,5,"Chhatrapati Shivaji Intl. Airport (T2), Mumbai"
2024-06-04,78,51,42,17,8,6,"Chhatrapati Shivaji Intl. Airport (T2), Mumbai"
2024-06-05,69,54, ,15,6,6,"Chhatrapati Shivaji Intl. Airport (T2), Mumbai"
2024-06-06,72,61,1,22,6,6,"Chhatrapati Shivaji Intl. Airport (T2), Mumbai"
2024-06-07,80,179, ,30,7,6,"Chhatrapati Shivaji Intl. Airport (T2), Mumbai"
2024-06-08,81,37, ,5,7,7,"Chhatrapati Shivaji Intl. Airport (T2), Mumbai"
2024-06-09,65,35,1,10,7,8,"Chhatrapati Shivaji Intl. Airport (T2), Mumbai"
2024-06-10,64,35,4,10,7,7,"Chhatrapati Shivaji Intl. Airport (T2), Mumbai"
2024-06-11,58,36,4,8,6,5,"Chhatrapati Shivaji Intl. Airport (T2), Mumbai"
2024-06-12,54,29,4,7,6,5,"Chhatrapati Shivaji Intl. Airport (T2), Mumbai"
2024-06-13,44,32,4,11,6,6,"Chhatrapati Shivaji Intl. Airport (T2), Mumbai"
2024-06-14,52,36,4,13,7,7,"Chhatrapati Shivaji Intl. Airport (T2), Mumbai"
2024-06-15,53,43,4,7,7,7,"Chhatrapati Shivaji Intl. Airport (T2), Mumbai"
2024-06-16,63,34,4,13,6,4,"Chhatrapati Shivaji Intl. Airport (T2), Mumbai"
2024-06-17,56,51,4,1,7,10,"Chhatrapati Shivaji Intl. Airport (T2), Mumbai"
2024-06-18,70,41,4,6,7,6,"Chhatrapati Shivaji Intl. Airport (T2), Mumbai"
2024-06-19,62,39,3, ,7,11,"Chhatrapati Shivaji Intl. Airport (T2), Mumbai"
2024-06-20,59,34,4, ,7,8,"Chhatrapati Shivaji Intl. Airport (T2), Mumbai"
2024-06-21,65,51,4,7,7,9,"Chhatrapati Shivaji Intl. Airport (T2), Mumbai"
2024-06-22,75,46,4,10,7,8,"Chhatrapati Shivaji Intl. Airport (T2), Mumbai"
2024-06-23,68,36,4,5,7,5,"Chhatrapati Shivaji Intl. Airport (T2), Mumbai"
2024-06-24,58,36,4,11,7,6,"Chhatrapati Shivaji Intl. Airport (T2), Mumbai"
2024-06-25,52,24,4,14,7,5,"Chhatrapati Shivaji Intl. Airport (T2), Mumbai"
2024-06-26,42,24,4,14,6,2,"Chhatrapati Shivaji Intl. Airport (T2), Mumbai"
2024-06-27,43,36,4,12,6,2,"Chhatrapati Shivaji Intl. Airport (T2), Mumbai"
2024-06-28,59,49,4,10,6,2,"Chhatrapati Shivaji Intl. Airport (T2), Mumbai"
2024-06-29,66,49,4,13,6,2,"Chhatrapati Shivaji Intl. Airport (T2), Mumbai"
2024-06-30,64,53,4,16,6,1,"Chhatrapati Shivaji Intl. Airport (T2), Mumbai"
2024-07-01,67,54,5,10,5,1,"Chhatrapati Shivaji Intl. Airport (T2), Mumbai"
2024-07-02,71,51,5,3,5,1,"Chhatrapati Shivaji Intl. Airport (T2), Mumbai"
2024-07-03,63,48,5,3,5,1,"Chhatrapati Shivaji Intl. Airport (T2), Mumbai"
2024-07-04,63,38,5,4,5,1,"Chhatrapati Shivaji Intl. Airport (T2), Mumbai"
2024-07-05,54,74,5,4,5,1,"Chhatrapati Shivaji Intl. Airport (T2), Mumbai"
2024-07-06,74,40,5,5,5,1,"Chhatrapati Shivaji Intl. Airport (T2), Mumbai"
2024-07-07,63,35,5,7,6,2,"Chhatrapati Shivaji Intl. Airport (T2), Mumbai"
2024-07-08,57,28,4,6,7,2,"Chhatrapati Shivaji Intl. Airport (T2), Mumbai"
2024-07-09,59, , , , , ,"Chhatrapati Shivaji Intl. Airport (T2), Mumbai"
2024-07-10, ,44, ,9,6,3,"Chhatrapati Shivaji Intl. Airport (T2), Mumbai"
2024-07-11,62,41, ,7,6,2,"Chhatrapati Shivaji Intl. Airport (T2), Mumbai"
2024-07-12,59,25, ,6,7,2,"Chhatrapati Shivaji Intl. Airport (T2), Mumbai"
2024-07-13,46,44,2,6,6,2,"Chhatrapati Shivaji Intl. Airport (T2), Mumbai"
2024-07-14,58,46,4,8,6,3,"Chhatrapati Shivaji Intl. Airport (T2), Mumbai"
2024-07-15,63,36,4,9,7,3,"Chhatrapati Shivaji Intl. Airport (T2), Mumbai"
2024-07-16,53,37,5,5,6,1,"Chhatrapati Shivaji Intl. Airport (T2), Mumbai"
2024-07-17,53,15,5,7,6,2,"Chhatrapati Shivaji Intl. Airport (T2), Mumbai"
2024-07-18,37,36,5,5,6,2,"Chhatrapati Shivaji Intl. Airport (T2), Mumbai"
2024-07-19,50,30,5,5,6,2,"Chhatrapati Shivaji Intl. Airport (T2), Mumbai"
2024-07-20,49,26,5,5,5,2,"Chhatrapati Shivaji Intl. Airport (T2), Mumbai"
2024-07-21,45,38,5,5,6,1,"Chhatrapati Shivaji Intl. Airport (T2), Mumbai"
2024-07-22,56,35,107,6,6,2,"Chhatrapati Shivaji Intl. Airport (T2), Mumbai"
2024-07-23,55,43,4,6,5,2,"Chhatrapati Shivaji Intl. Airport (T2), Mumbai"
2024-07-24,60,37, ,5,6,1,"Chhatrapati Shivaji Intl. Airport (T2), Mumbai"
2024-07-25,55,53,3,5,6,1,"Chhatrapati Shivaji Intl. Airport (T2), Mumbai"
2024-07-26,68,54,3,5,6,1,"Chhatrapati Shivaji Intl. Airport (T2), Mumbai"
2024-07-27,67,60,3,6,5,2,"Chhatrapati Shivaji Intl. Airport (T2), Mumbai"
2024-07-28,79,55, ,6,6,2,"Chhatrapati Shivaji Intl. Airport (T2), Mumbai"
2024-07-29,75,55, ,4,5,1,"Chhatrapati Shivaji Intl. Airport (T2), Mumbai"
2024-07-30,70,52, ,4,5,1,"Chhatrapati Shivaji Intl. Airport (T2), Mumbai"
2024-07-31,62,54, ,4,5,1,"Chhatrapati Shivaji Intl. Airport (T2), Mumbai"
2024-08-01,62,38, ,4,5,1,"Chhatrapati Shivaji Intl. Airport (T2), Mumbai"
2024-08-02,55,39, ,3,5,1,"Chhatrapati Shivaji Intl. Airport (T2), Mumbai"
2024-08-03,55,43, ,3,5,1,"Chhatrapati Shivaji Intl. Airport (T2), Mumbai"
2024-08-04,57,43, ,4,5,1,"Chhatrapati Shivaji Intl. Airport (T2), Mumbai"
2024-08-05,58,43, ,5,5,1,"Chhatrapati Shivaji Intl. Airport (T2), Mumbai"
2024-08-06,55,87, ,5,6,1,"Chhatrapati Shivaji Intl. Airport (T2), Mumbai"
2024-08-07,118,58, ,4,5,1,"Chhatrapati Shivaji Intl. Airport (T2), Mumbai"
2024-08-08,64,47,9,4,5,1,"Chhatrapati Shivaji Intl. Airport (T2), Mumbai"
2024-08-09,56,43,9,5,5,1,"Chhatrapati Shivaji Intl. Airport (T2), Mumbai"
2024-08-10,52,39,9,4,6,1,"Chhatrapati Shivaji Intl. Airport (T2), Mumbai"
2024-08-11,50,56,9,4,5,1,"Chhatrapati Shivaji Intl. Airport (T2), Mumbai"
2024-08-12,61,53,9,5,6,1,"Chhatrapati Shivaji Intl. Airport (T2), Mumbai"
2024-08-13,62,68,9,6,7,2,"Chhatrapati Shivaji Intl. Airport (T2), Mumbai"
2024-08-14,69,64,9,6,7,2,"Chhatrapati Shivaji Intl. Airport (T2), Mumbai"
2024-08-15,65,63,9,6,11,2,"Chhatrapati Shivaji Intl. Airport (T2), Mumbai"
2024-08-16,65,60,9,5,12,1,"Chhatrapati Shivaji Intl. Airport (T2), Mumbai"
2024-08-17,67,71,9,6,9,2,"Chhatrapati Shivaji Intl. Airport (T2), Mumbai"
2024-08-18,75,65,9,7,13,2,"Chhatrapati Shivaji Intl. Airport (T2), Mumbai"
2024-08-19,77,40,9,9,18,3,"Chhatrapati Shivaji Intl. Airport (T2), Mumbai"
2024-08-20,69,54,9,9,11,3,"Chhatrapati Shivaji Intl. Airport (T2), Mumbai"
2024-08-21,79,51,9,8,9,3,"Chhatrapati Shivaji Intl. Airport (T2), Mumbai"
2024-08-22,72,49,15,6,7,2,"Chhatrapati Shivaji Intl. Airport (T2), Mumbai"
2024-08-23,56,63,12,11,10,4,"Chhatrapati Shivaji Intl. Airport (T2), Mumbai"
2024-08-24,54,28,12,4,4,1,"Chhatrapati Shivaji Intl. Airport (T2), Mumbai"
2024-08-25,52,37,3,4,4,1,"Chhatrapati Shivaji Intl. Airport (T2), Mumbai"
2024-08-26,60,32,3,4,3,1,"Chhatrapati Shivaji Intl. Airport (T2), Mumbai"
2024-08-27,52,37,3,4,3,1,"Chhatrapati Shivaji Intl. Airport (T2), Mumbai"
2024-08-28,59,38,2,4,3,1,"Chhatrapati Shivaji Intl. Airport (T2), Mumbai"
2024-08-29,59,129,3,15,8,5,"Chhatrapati Shivaji Intl. Airport (T2), Mumbai"
2024-08-30,61,146,3,4,13,1,"Chhatrapati Shivaji Intl. Airport (T2), Mumbai"
2024-08-31,47, ,3,3,3,1,"Chhatrapati Shivaji Intl. Airport (T2), Mumbai"
2024-09-01, ,55,3,6,6,2,"Chhatrapati Shivaji Intl. Airport (T2), Mumbai"
2024-09-02,77,46,3,2,4, ,"Chhatrapati Shivaji Intl. Airport (T2), Mumbai"
2024-09-03,65,43,2,2,3,1,"Chhatrapati Shivaji Intl. Airport (T2), Mumbai"
2024-09-04,65,37,3,2,3,1,"Chhatrapati Shivaji Intl. Airport (T2), Mumbai"
2024-09-05,59,46,3,2,3,1,"Chhatrapati Shivaji Intl. Airport (T2), Mumbai"
2024-09-06,62,41,3,2,3, ,"Chhatrapati Shivaji Intl. Airport (T2), Mumbai"
2024-09-07,56,42,3,2,3, ,"Chhatrapati Shivaji Intl. Airport (T2), Mumbai"
2024-09-08,56,38,2,2,3,1,"Chhatrapati Shivaji Intl. Airport (T2), Mumbai"
2024-09-09,43,35,3,2,3,1,"Chhatrapati Shivaji Intl. Airport (T2), Mumbai"
2024-09-10,51,41,3,2,3,1,"Chhatrapati Shivaji Intl. Airport (T2), Mumbai"
2024-09-11,55,45,3,2,3,1,"Chhatrapati Shivaji Intl. Airport (T2), Mumbai"
2024-09-12,63,50,3,2,3, ,"Chhatrapati Shivaji Intl. Airport (T2), Mumbai"
2024-09-13,66,45,3,2,3,1,"Chhatrapati Shivaji Intl. Airport (T2), Mumbai"
2024-09-14,53,44,3,4,3,1,"Chhatrapati Shivaji Intl. Airport (T2), Mumbai"
2024-09-15,68,61,3,5,3,1,"Chhatrapati Shivaji Intl. Airport (T2), Mumbai"
2024-09-16,84,61,3,4,3,1,"Chhatrapati Shivaji Intl. Airport (T2), Mumbai"
2024-09-17,75,66,3,4,3,1,"Chhatrapati Shivaji Intl. Airport (T2), Mumbai"
2024-09-18,93,68,2,3,3,1,"Chhatrapati Shivaji Intl. Airport (T2), Mumbai"
2024-09-19,88,68,3,4,3,1,"Chhatrapati Shivaji Intl. Airport (T2), Mumbai"
2024-09-20,94,62,3,3,3,1,"Chhatrapati Shivaji Intl. Airport (T2), Mumbai"
2024-09-21,73,64,3,3,3,1,"Chhatrapati Shivaji Intl. Airport (T2), Mumbai"
2024-09-22,77,66,3,3,2,1,"Chhatrapati Shivaji Intl. Airport (T2), Mumbai"
2024-09-23,89,40,3,3,3,1,"Chhatrapati Shivaji Intl. Airport (T2), Mumbai"
2024-09-24,55,56,3,4,3,1,"Chhatrapati Shivaji Intl. Airport (T2), Mumbai"
2024-09-25,123,29,2,4,2,1,"Chhatrapati Shivaji Intl. Airport (T2), Mumbai"
2024-09-26,43,22,3,3,2,1,"Chhatrapati Shivaji Intl. Airport (T2), Mumbai"
2024-09-27,32,23,3,3,3,1,"Chhatrapati Shivaji Intl. Airport (T2), Mumbai"
2024-09-28,33,32,3,3,2,1,"Chhatrapati Shivaji Intl. Airport (T2), Mumbai"
2024-09-29,42,53,3,6,3,2,"Chhatrapati Shivaji Intl. Airport (T2), Mumbai"
2024-09-30,70,77,3,5,3,2,"Chhatrapati Shivaji Intl. Airport (T2), Mumbai"
2024-10-01,74,84,3,5,3,1,"Chhatrapati Shivaji Intl. Airport (T2), Mumbai"
2024-10-02,74,61,3,3,3,1,"Chhatrapati Shivaji Intl. Airport (T2), Mumbai"
2024-10-03, ,57,3,3,2,1,"Chhatrapati Shivaji Intl. Airport (T2), Mumbai"
2024-10-04,74,71,3,3,3,1,"Chhatrapati Shivaji Intl. Airport (T2), Mumbai"
2024-10-05,74,63,3,4,3,1,"Chhatrapati Shivaji Intl. Airport (T2), Mumbai"
2024-10-06, ,83,3,6,3,2,"Chhatrapati Shivaji Intl. Airport (T2), Mumbai"
2024-10-07,74,86,3,6,3,2,"Chhatrapati Shivaji Intl. Airport (T2), Mumbai"
2024-10-08,71,45,3,5,3,2,"Chhatrapati Shivaji Intl. Airport (T2), Mumbai"
2024-10-09,62,41,3,5,3,1,"Chhatrapati Shivaji Intl. Airport (T2), Mumbai"
2024-10-10, ,30,3,4,3,1,"Chhatrapati Shivaji Intl. Airport (T2), Mumbai"
2024-10-11,53,46,3,5,3,1,"Chhatrapati Shivaji Intl. Airport (T2), Mumbai"
2024-10-12,52,54,3,5,3,2,"Chhatrapati Shivaji Intl. Airport (T2), Mumbai"
2024-10-13, ,55,3,5,3,1,"Chhatrapati Shivaji Intl. Airport (T2), Mumbai"
2024-10-14,76,50,3,5,3,1,"Chhatrapati Shivaji Intl. Airport (T2), Mumbai"
2024-10-15,52,62,3,6,3,2,"Chhatrapati Shivaji Intl. Airport (T2), Mumbai"
2024-10-16,58,66,3,6,3,2,"Chhatrapati Shivaji Intl. Airport (T2), Mumbai"
2024-10-17,59,55,3,4,3,1,"Chhatrapati Shivaji Intl. Airport (T2), Mumbai"
2024-10-18,54,40,3,4,3,1,"Chhatrapati Shivaji Intl. Airport (T2), Mumbai"
2024-10-19,47,48,3,4,3,1,"Chhatrapati Shivaji Intl. Airport (T2), Mumbai"
2024-10-20,50,47,3,4,3,1,"Chhatrapati Shivaji Intl. Airport (T2), Mumbai"
2024-10-21,48,159,3,35,43,13,"Chhatrapati Shivaji Intl. Airport (T2), Mumbai"
2024-10-22,76,143,3,35,66,13,"Chhatrapati Shivaji Intl. Airport (T2), Mumbai"
2024-10-23,116,86,3,5, ,1,"Chhatrapati Shivaji Intl. Airport (T2), Mumbai"
2024-10-24,74,82,3,5, ,2,"Chhatrapati Shivaji Intl. Airport (T2), Mumbai"
2024-10-25,65,88,3,7,5,2,"Chhatrapati Shivaji Intl. Airport (T2), Mumbai"
2024-10-26,69,84,3,8,5,3,"Chhatrapati Shivaji Intl. Airport (T2), Mumbai"
2024-10-27,69,78,3,8,5,3,"Chhatrapati Shivaji Intl. Airport (T2), Mumbai"
2024-10-28,67,67,3,6,5,2,"Chhatrapati Shivaji Intl. Airport (T2), Mumbai"
2024-10-29,60,75,3,7,5,2,"Chhatrapati Shivaji Intl. Airport (T2), Mumbai"
2024-10-30,66,74,7,9,6,3,"Chhatrapati Shivaji Intl. Airport (T2), Mumbai"
2024-10-31,77,87,3,6,5,2,"Chhatrapati Shivaji Intl. Airport (T2), Mumbai"
2024-11-01,75,118,3,7,5,2,"Chhatrapati Shivaji Intl. Airport (T2), Mumbai"
2024-11-02,101,91,3,7,5,2,"Chhatrapati Shivaji Intl. Airport (T2), Mumbai"
2024-11-03,77,101,3,7,5,2,"Chhatrapati Shivaji Intl. Airport (T2), Mumbai"
2024-11-04,85,95,3,7,5,2,"Chhatrapati Shivaji Intl. Airport (T2), Mumbai"
2024-11-05,77,171,3,7,5,2,"Chhatrapati Shivaji Intl. Airport (T2), Mumbai"
2024-11-06,77,103,3,7,5,2,"Chhatrapati Shivaji Intl. Airport (T2), Mumbai"
2024-11-07,74,141,3,8,5,3,"Chhatrapati Shivaji Intl. Airport (T2), Mumbai"
2024-11-08,90,104,3,7,5,2,"Chhatrapati Shivaji Intl. Airport (T2), Mumbai"
2024-11-09,89,91,3,7,5,2,"Chhatrapati Shivaji Intl. Airport (T2), Mumbai"
2024-11-10,97,90,3,7,5,2,"Chhatrapati Shivaji Intl. Airport (T2), Mumbai"
2024-11-11,97,93,3,7,5,2,"Chhatrapati Shivaji Intl. Airport (T2), Mumbai"
2024-11-12,100,87,3,8,5,2,"Chhatrapati Shivaji Intl. Airport (T2), Mumbai"
2024-11-13,94,93,3,8,5,2,"Chhatrapati Shivaji Intl. Airport (T2), Mumbai"
2024-11-14,97,89,3,8,5,3,"Chhatrapati Shivaji Intl. Airport (T2), Mumbai"
2024-11-15,96,98,3,8,5,3,"Chhatrapati Shivaji Intl. Airport (T2), Mumbai"
2024-11-16,104,89,3,7,5,2,"Chhatrapati Shivaji Intl. Airport (T2), Mumbai"
2024-11-17,99,88,3,7,5,2,"Chhatrapati Shivaji Intl. Airport (T2), Mumbai"
2024-11-18,93,86,3,7,5,2,"Chhatrapati Shivaji Intl. Airport (T2), Mumbai"
2024-11-19,92,82,3,6,5,2,"Chhatrapati Shivaji Intl. Airport (T2), Mumbai"
2024-11-20,92,92,3,7,5,2,"Chhatrapati Shivaji Intl. Airport (T2), Mumbai"
2024-11-21,99,102,3,8,5,3,"Chhatrapati Shivaji Intl. Airport (T2), Mumbai"
2024-11-22,108,109,3,10,5,3,"Chhatrapati Shivaji Intl. Airport (T2), Mumbai"
2024-11-23,114,107,3,9,5,3,"Chhatrapati Shivaji Intl. Airport (T2), Mumbai"
2024-11-24,115,102,3,8,5,3,"Chhatrapati Shivaji Intl. Airport (T2), Mumbai"
2024-11-25,109,92,3,7,5,2,"Chhatrapati Shivaji Intl. Airport (T2), Mumbai"
2024-11-26,97,89,3,7,6,2,"Chhatrapati Shivaji Intl. Airport (T2), Mumbai"
2024-11-27,93,103,3,6,6,2,"Chhatrapati Shivaji Intl. Airport (T2), Mumbai"
2024-11-28,91,85,3,7,6,2,"Chhatrapati Shivaji Intl. Airport (T2), Mumbai"
2024-11-29,91,91,3,8,7,2,"Chhatrapati Shivaji Intl. Airport (T2), Mumbai"
2024-11-30,96,94,3,9,6,3,"Chhatrapati Shivaji Intl. Airport (T2), Mumbai"
2024-12-01,103,101,2,10,6,3,"Chhatrapati Shivaji Intl. Airport (T2), Mumbai"
2024-12-02,109,80,2,7,6,2,"Chhatrapati Shivaji Intl. Airport (T2), Mumbai"
2024-12-03,92,87,3,7,6,2,"Chhatrapati Shivaji Intl. Airport (T2), Mumbai"
2024-12-04,93,90,3,8,5,3,"Chhatrapati Shivaji Intl. Airport (T2), Mumbai"
2024-12-05,96,100,3,10,7,3,"Chhatrapati Shivaji Intl. Airport (T2), Mumbai"
2024-12-06,102,109,3,8,7,2,"Chhatrapati Shivaji Intl. Airport (T2), Mumbai"
2024-12-07,108,91,3,8,7,2,"Chhatrapati Shivaji Intl. Airport (T2), Mumbai"
2024-12-08,92,86,3,7,6,2,"Chhatrapati Shivaji Intl. Airport (T2), Mumbai"
2024-12-09,87,91,3,8,7,2,"Chhatrapati Shivaji Intl. Airport (T2), Mumbai"
2024-12-10,91,95,3,9,9,3,"Chhatrapati Shivaji Intl. Airport (T2), Mumbai"
2024-12-11,96,103,3,10,9,3,"Chhatrapati Shivaji Intl. Airport (T2), Mumbai"
2024-12-12,101,85,3,7,8,2,"Chhatrapati Shivaji Intl. Airport (T2), Mumbai"
2024-12-13,88,92,3,7,7,2,"Chhatrapati Shivaji Intl. Airport (T2), Mumbai"
2024-12-14,95,92,3,8,7,3,"Chhatrapati Shivaji Intl. Airport (T2), Mumbai"
2024-12-15,96,104,3,11,8,4,"Chhatrapati Shivaji Intl. Airport (T2), Mumbai"
2024-12-16,102,111,2,13,8,4,"Chhatrapati Shivaji Intl. Airport (T2), Mumbai"
2024-12-17,110,109,3,11,8,4,"Chhatrapati Shivaji Intl. Airport (T2), Mumbai"
2024-12-18,111,114,3,12,8,4,"Chhatrapati Shivaji Intl. Airport (T2), Mumbai"
2024-12-19,116,124,3,10,8,3,"Chhatrapati Shivaji Intl. Airport (T2), Mumbai"
2024-12-20,136,120,3,9,8,3,"Chhatrapati Shivaji Intl. Airport (T2), Mumbai"
2024-12-21,124,103,3,8,7,3,"Chhatrapati Shivaji Intl. Airport (T2), Mumbai"
2024-12-22,112,101,3,8,7,3,"Chhatrapati Shivaji Intl. Airport (T2), Mumbai"
2024-12-23,104,111,3,9,7,3,"Chhatrapati Shivaji Intl. Airport (T2), Mumbai"
2024-12-24,110,120,3,9,7,3,"Chhatrapati Shivaji Intl. Airport (T2), Mumbai"
2024-12-25,118,118,3,10,7,3,"Chhatrapati Shivaji Intl. Airport (T2), Mumbai"
2024-12-26,118,109,3,10,7,3,"Chhatrapati Shivaji Intl. Airport (T2), Mumbai"
2024-12-27,107,124,3,10,7,3,"Chhatrapati Shivaji Intl. Airport (T2), Mumbai"
2024-12-28,127,105,2,10,7,3,"Chhatrapati Shivaji Intl. Airport (T2), Mumbai"
2024-12-29,107, , , , , ,"Chhatrapati Shivaji Intl. Airport (T2), Mumbai"
2024-12-31, ,101,2,12,7,4,"Chhatrapati Shivaji Intl. Airport (T2), Mumbai"
2025-01-01,100,98,3,9,7,3,"Chhatrapati Shivaji Intl. Airport (T2), Mumbai"
2025-01-02,98,94,3,9,7,3,"Chhatrapati Shivaji Intl. Airport (T2), Mumbai"
2025-01-03,93,111,3,12,7,4,"Chhatrapati Shivaji Intl. Airport (T2), Mumbai"
2025-01-04,103,113,3,11,7,4,"Chhatrapati Shivaji Intl. Airport (T2), Mumbai"
2025-01-05,108,100,3,8,6,3,"Chhatrapati Shivaji Intl. Airport (T2), Mumbai"
2025-01-06,98,114,3,9,6,3,"Chhatrapati Shivaji Intl. Airport (T2), Mumbai"
2025-01-07,109,137,3,8,7,3,"Chhatrapati Shivaji Intl. Airport (T2), Mumbai"
2025-01-08,195,102,3,9,6,3,"Chhatrapati Shivaji Intl. Airport (T2), Mumbai"
2025-01-09,103,110,2,11,7,4,"Chhatrapati Shivaji Intl. Airport (T2), Mumbai"
2025-01-10,114,114,3,10,6,3,"Chhatrapati Shivaji Intl. Airport (T2), Mumbai"
2025-01-11,106,105,3,9,6,3,"Chhatrapati Shivaji Intl. Airport (T2), Mumbai"
2025-01-12,103,125,3,9,6,3,"Chhatrapati Shivaji Intl. Airport (T2), Mumbai"
2025-01-13,119,107,3,9,6,3,"Chhatrapati Shivaji Intl. Airport (T2), Mumbai"
2025-01-14,106,124,3,12,7,4,"Chhatrapati Shivaji Intl. Airport (T2), Mumbai"
2025-01-15,119,124,3,10,6,4,"Chhatrapati Shivaji Intl. Airport (T2), Mumbai"
2025-01-16,119,123,3,12,6,4,"Chhatrapati Shivaji Intl. Airport (T2), Mumbai"
2025-01-17,117,104,3,9,6,3,"Chhatrapati Shivaji Intl. Airport (T2), Mumbai"
2025-01-18,101,110,3,10,7,3,"Chhatrapati Shivaji Intl. Airport (T2), Mumbai"
2025-01-19,106,113,3,11,7,4,"Chhatrapati Shivaji Intl. Airport (T2), Mumbai"
2025-01-20,107,118,3,12,7,4,"Chhatrapati Shivaji Intl. Airport (T2), Mumbai"
2025-01-21,112,136,3,13,7,5,"Chhatrapati Shivaji Intl. Airport (T2), Mumbai"
2025-01-22,128,113,3,10,7,3,"Chhatrapati Shivaji Intl. Airport (T2), Mumbai"
2025-01-23,107,119,3,12,7,4,"Chhatrapati Shivaji Intl. Airport (T2), Mumbai"
2025-01-24,112,121,3,13,7,4,"Chhatrapati Shivaji Intl. Airport (T2), Mumbai"
2025-01-25,117,116,3,13,7,5,"Chhatrapati Shivaji Intl. Airport (T2), Mumbai"
2025-01-26,113,115,3,15,7,5,"Chhatrapati Shivaji Intl. Airport (T2), Mumbai"
2025-01-27,111, , , , , ,"Chhatrapati Shivaji Intl. Airport (T2), Mumbai"
2025-01-28, ,94,3,8,6,3,"Chhatrapati Shivaji Intl. Airport (T2), Mumbai"
2025-01-29,89,123,2,11,6,4,"Chhatrapati Shivaji Intl. Airport (T2), Mumbai"
2025-01-30,113,97,2,8,5,2,"Chhatrapati Shivaji Intl. Airport (T2), Mumbai"
2025-01-31,91,94,2,7,5,2,"Chhatrapati Shivaji Intl. Airport (T2), Mumbai"
2025-02-01,93,100,3,8,5,2,"Chhatrapati Shivaji Intl. Airport (T2), Mumbai"
2025-02-02,98,105,3,9,5,3,"Chhatrapati Shivaji Intl. Airport (T2), Mumbai"
2025-02-03,99,99,3,8,5,3,"Chhatrapati Shivaji Intl. Airport (T2), Mumbai"
2025-02-04,94,119,3,9,5,3,"Chhatrapati Shivaji Intl. Airport (T2), Mumbai"
2025-02-05,112,110,3,12,9,4,"Chhatrapati Shivaji Intl. Airport (T2), Mumbai"
2025-02-06,107,113,3,13,8,5,"Chhatrapati Shivaji Intl. Airport (T2), Mumbai"
2025-02-07,111,120,3,15,8,5,"Chhatrapati Shivaji Intl. Airport (T2), Mumbai"
2025-02-08,116,185,2,13,8,5,"Chhatrapati Shivaji Intl. Airport (T2), Mumbai"
2025-02-09,108,319,3,12,8,4,"Chhatrapati Shivaji Intl. Airport (T2), Mumbai"
2025-02-10,135,399,3,10,8,4,"Chhatrapati Shivaji Intl. Airport (T2), Mumbai"
2025-02-11,99,162,3,11,7,4,"Chhatrapati Shivaji Intl. Airport (T2), Mumbai"
2025-02-12,98,72,3,11,8,4,"Chhatrapati Shivaji Intl. Airport (T2), Mumbai"
2025-02-13,101,77,3,15,8,5,"Chhatrapati Shivaji Intl. Airport (T2), Mumbai"
2025-02-14,110,70,2,11,8,4,"Chhatrapati Shivaji Intl. Airport (T2), Mumbai"
2025-02-15,98,71,2,12,8,4,"Chhatrapati Shivaji Intl. Airport (T2), Mumbai"
2025-02-16,99,67,3,9,7,3,"Chhatrapati Shivaji Intl. Airport (T2), Mumbai"
2025-02-17,91,70,3,11,8,4,"Chhatrapati Shivaji Intl. Airport (T2), Mumbai"
2025-02-18,97,76,3,16,9,6,"Chhatrapati Shivaji Intl. Airport (T2), Mumbai"
2025-02-19,110,70,3,10,7,3,"Chhatrapati Shivaji Intl. Airport (T2), Mumbai"
2025-02-20,97,71,3,11,8,4,"Chhatrapati Shivaji Intl. Airport (T2), Mumbai"
2025-02-21,99,71,3,11,8,4,"Chhatrapati Shivaji Intl. Airport (T2), Mumbai"
2025-02-22,99,76,3,16,8,6,"Chhatrapati Shivaji Intl. Airport (T2), Mumbai"
2025-02-23,110,67,3,11,7,4,"Chhatrapati Shivaji Intl. Airport (T2), Mumbai"
2025-02-24,93,70,3,12,7,4,"Chhatrapati Shivaji Intl. Airport (T2), Mumbai"
2025-02-25,98,73,3,13,4,5,"Chhatrapati Shivaji Intl. Airport (T2), Mumbai"
2025-02-26,104,70,3,11,4,4,"Chhatrapati Shivaji Intl. Airport (T2), Mumbai"
2025-02-27,97,77,3,14,5,5,"Chhatrapati Shivaji Intl. Airport (T2), Mumbai"
2025-02-28,111,69,2,11,12,4,"Chhatrapati Shivaji Intl. Airport (T2), Mumbai"
2025-03-01,95,70,3,11,12,4,"Chhatrapati Shivaji Intl. Airport (T2), Mumbai"
2025-03-02,98,71,3,10,21,3,"Chhatrapati Shivaji Intl. Airport (T2), Mumbai"
2025-03-03,99,73,3,10,36,3,"Chhatrapati Shivaji Intl. Airport (T2), Mumbai"
2025-03-04,103,69,3,10,8,3,"Chhatrapati Shivaji Intl. Airport (T2), Mumbai"
2025-03-05,95,121,3,10,7,3,"Chhatrapati Shivaji Intl. Airport (T2), Mumbai"
2025-03-06,124,74,3,13,8,4,"Chhatrapati Shivaji Intl. Airport (T2), Mumbai"
2025-03-07,107,74,3,13,7,5,"Chhatrapati Shivaji Intl. Airport (T2), Mumbai"
2025-03-08,105,174,3,11,7,4,"Chhatrapati Shivaji Intl. Airport (T2), Mumbai"
2025-03-09,149,640,3,14,7,5,"Chhatrapati Shivaji Intl. Airport (T2), Mumbai"
2025-03-10,362,116,3,17,8,6,"Chhatrapati Shivaji Intl. Airport (T2), Mumbai"
2025-03-11,117,75,3,14,7,5,"Chhatrapati Shivaji Intl. Airport (T2), Mumbai"
2025-03-12,107,71,3,12,8,4,"Chhatrapati Shivaji Intl. Airport (T2), Mumbai"
2025-03-13,100,70,3,11,7,4,"Chhatrapati Shivaji Intl. Airport (T2), Mumbai"
2025-03-14,98,61,3,9,7,3,"Chhatrapati Shivaji Intl. Airport (T2), Mumbai"
2025-03-15,80,63,3,9,7,3,"Chhatrapati Shivaji Intl. Airport (T2), Mumbai"
2025-03-16,84,113,3,9,7,3,"Chhatrapati Shivaji Intl. Airport (T2), Mumbai"
2025-03-17,110,62,3,8,7,3,"Chhatrapati Shivaji Intl. Airport (T2), Mumbai"
2025-03-18,82,63,3,9,8,3,"Chhatrapati Shivaji Intl. Airport (T2), Mumbai"
2025-03-19,83,64,3,9,7,3,"Chhatrapati Shivaji Intl. Airport (T2), Mumbai"
2025-03-20,85,61,3,8,7,3,"Chhatrapati Shivaji Intl. Airport (T2), Mumbai"
2025-03-21,81,60,3,8,7,3,"Chhatrapati Shivaji Intl. Airport (T2), Mumbai"
2025-03-22,79,212,2,9,7,3,"Chhatrapati Shivaji Intl. Airport (T2), Mumbai"
2025-03-23,159,65,3,9,8,3,"Chhatrapati Shivaji Intl. Airport (T2), Mumbai"
2025-03-24,87,68,3,11,7,4,"Chhatrapati Shivaji Intl. Airport (T2), Mumbai"
2025-03-25,94,61,3,8,7,3,"Chhatrapati Shivaji Intl. Airport (T2), Mumbai"
2025-03-26,80,60,2,8,7,3,"Chhatrapati Shivaji Intl. Airport (T2), Mumbai"
2025-03-27,78,64,3,9,8,3,"Chhatrapati Shivaji Intl. Airport (T2), Mumbai"
2025-03-28,87,71,3,12,7,4,"Chhatrapati Shivaji Intl. Airport (T2), Mumbai"
2025-03-29,99,70,3,13,7,4,"Chhatrapati Shivaji Intl. Airport (T2), Mumbai"
2025-03-30,97,65,3,11,7,4,"Chhatrapati Shivaji Intl. Airport (T2), Mumbai"
2025-03-31,87,65,3,11,8,4,"Chhatrapati Shivaji Intl. Airport (T2), Mumbai"
2025-04-01,89,68,3,12,8,4,"Chhatrapati Shivaji Intl. Airport (T2), Mumbai"
2025-04-02,93,64,3,11,7,4,"Chhatrapati Shivaji Intl. Airport (T2), Mumbai"
2025-04-03,87,64,3,10,7,3,"Chhatrapati Shivaji Intl. Airport (T2), Mumbai"
2025-04-04,87,66,3,13,10,4,"Chhatrapati Shivaji Intl. Airport (T2), Mumbai"
2025-04-05,89,64,3,12,7,4,"Chhatrapati Shivaji Intl. Airport (T2), Mumbai"
2025-04-06,86,66,3,14,12,5,"Chhatrapati Shivaji Intl. Airport (T2), Mumbai"
2025-04-07,89,67,3,16,13,6,"Chhatrapati Shivaji Intl. Airport (T2), Mumbai"
2025-04-08,91,247,3,11,8,4,"Chhatrapati Shivaji Intl. Airport (T2), Mumbai"
2025-04-09,172,59,3,8,8,3,"Chhatrapati Shivaji Intl. Airport (T2), Mumbai"
2025-04-10,77,197,3,8,8,3,"Chhatrapati Shivaji Intl. Airport (T2), Mumbai"
2025-04-11,148,78,3,8,7,2,"Chhatrapati Shivaji Intl. Airport (T2), Mumbai"
2025-04-12,85,60,3,7,8,2,"Chhatrapati Shivaji Intl. Airport (T2), Mumbai"
2025-04-13,79,60,2,7,8,2,"Chhatrapati Shivaji Intl. Airport (T2), Mumbai"
2025-04-14,79,125,2,8,8,3,"Chhatrapati Shivaji Intl. Airport (T2), Mumbai"
2025-04-15,120,60,2,6,8,2,"Chhatrapati Shivaji Intl. Airport (T2), Mumbai"
2025-04-16,79,58,3,6,8,2,"Chhatrapati Shivaji Intl. Airport (T2), Mumbai"
2025-04-17,76,58,2,6,8,2,"Chhatrapati Shivaji Intl. Airport (T2), Mumbai"
2025-04-18,75,58,3,7,8,2,"Chhatrapati Shivaji Intl. Airport (T2), Mumbai"
2025-04-19,74,60,3,9,8,3,"Chhatrapati Shivaji Intl. Airport (T2), Mumbai"
2025-04-20,79,59,3,8,8,3,"Chhatrapati Shivaji Intl. Airport (T2), Mumbai"
2025-04-21,78,65,3,9,8,3,"Chhatrapati Shivaji Intl. Airport (T2), Mumbai"
2025-04-22,88,65,3,9,7,3,"Chhatrapati Shivaji Intl. Airport (T2), Mumbai"
2025-04-23,88,62,3,9,7,3,"Chhatrapati Shivaji Intl. Airport (T2), Mumbai"
2025-04-24,82,60,3,9,8,3,"Chhatrapati Shivaji Intl. Airport (T2), Mumbai"
2025-04-25,79,59,2,8,7,3,"Chhatrapati Shivaji Intl. Airport (T2), Mumbai"
2025-04-26,77,61,2,9,8,3,"Chhatrapati Shivaji Intl. Airport (T2), Mumbai"
2025-04-27,80,60,2,8,8,3,"Chhatrapati Shivaji Intl. Airport (T2), Mumbai"
2025-04-28,79,61,3,8,7,3,"Chhatrapati Shivaji Intl. Airport (T2), Mumbai"
2025-04-29,80,59,2,8,8,3,"Chhatrapati Shivaji Intl. Airport (T2), Mumbai"
2025-04-30,78,59,2,8,8,3,"Chhatrapati Shivaji Intl. Airport (T2), Mumbai"
2025-05-01,77,59,3,9,8,3,"Chhatrapati Shivaji Intl. Airport (T2), Mumbai"
2025-05-02,77,57,3,8,8,3,"Chhatrapati Shivaji Intl. Airport (T2), Mumbai"
2025-05-03,74,57,3,8,8,3,"Chhatrapati Shivaji Intl. Airport (T2), Mumbai"
2025-05-04,73,58,3,8,8,3,"Chhatrapati Shivaji Intl. Airport (T2), Mumbai"
2025-05-05,76,58,3,8,8,3,"Chhatrapati Shivaji Intl. Airport (T2), Mumbai"
2025-05-06,74, , , , , ,"Chhatrapati Shivaji Intl. Airport (T2), Mumbai"
2025-05-07, ,55,3,9,8,3,"Chhatrapati Shivaji Intl. Airport (T2), Mumbai"
2025-05-08,70,55,3,9,8,3,"Chhatrapati Shivaji Intl. Airport (T2), Mumbai"
2025-05-09,70,56,3,9,8,3,"Chhatrapati Shivaji Intl. Airport (T2), Mumbai"
2025-05-10,72,57,3,9,8,3,"Chhatrapati Shivaji Intl. Airport (T2), Mumbai"
2025-05-11,73,56,3,9,8,3,"Chhatrapati Shivaji Intl. Airport (T2), Mumbai"
2025-05-12,71,90,3,8,7,3,"Chhatrapati Shivaji Intl. Airport (T2), Mumbai"
2025-05-13,93,65,3,7,8,2,"Chhatrapati Shivaji Intl. Airport (T2), Mumbai"
2025-05-14,87, , , , , ,"Chhatrapati Shivaji Intl. Airport (T2), Mumbai"
2025-05-15, ,59,3,5,8,2,"Chhatrapati Shivaji Intl. Airport (T2), Mumbai"
2025-05-16,76,57,3,5,8,2,"Chhatrapati Shivaji Intl. Airport (T2), Mumbai"
2025-05-17,74,58,3,5,8,2,"Chhatrapati Shivaji Intl. Airport (T2), Mumbai"
2025-05-18,75,59,3,6,8,2,"Chhatrapati Shivaji Intl. Airport (T2), Mumbai"
2025-05-19,76,60,3,7,8,2,"Chhatrapati Shivaji Intl. Airport (T2), Mumbai"
2025-05-20,78,58,3,7,8,3,"Chhatrapati Shivaji Intl. Airport (T2), Mumbai"
2025-05-21,75,57,3,7,8,2,"Chhatrapati Shivaji Intl. Airport (T2), Mumbai"
2025-05-22,72,62,3,8,8,3,"Chhatrapati Shivaji Intl. Airport (T2), Mumbai"
2025-05-23,83,63,3,9,8,3,"Chhatrapati Shivaji Intl. Airport (T2), Mumbai"
2025-05-24,84,58,2,7,8,2,"Chhatrapati Shivaji Intl. Airport (T2), Mumbai"
2025-05-25,76,58,2,7,8,2,"Chhatrapati Shivaji Intl. Airport (T2), Mumbai"
2025-05-26,75,57,3,6,8,2,"Chhatrapati Shivaji Intl. Airport (T2), Mumbai"
2025-05-27,73,58,2,7,8,2,"Chhatrapati Shivaji Intl. Airport (T2), Mumbai"
2025-05-28,76,60,3,6,8,2,"Chhatrapati Shivaji Intl. Airport (T2), Mumbai"
2025-05-29,80,61,3,5,8,1,"Chhatrapati Shivaji Intl. Airport (T2), Mumbai"
2025-05-30,80,59,3,5,8,1,"Chhatrapati Shivaji Intl. Airport (T2), Mumbai"
2025-05-31,77,57,3,5,8,2,"Chhatrapati Shivaji Intl. Airport (T2), Mumbai"
2025-06-01,74,58,3,5,8,2,"Chhatrapati Shivaji Intl. Airport (T2), Mumbai"
2025-06-02,75,59,3,5,8,2,"Chhatrapati Shivaji Intl. Airport (T2), Mumbai"
2025-06-03,77,57,3,6,8,2,"Chhatrapati Shivaji Intl. Airport (T2), Mumbai"
2025-06-04,73,64,3,7,8,2,"Chhatrapati Shivaji Intl. Airport (T2), Mumbai"
2025-06-05,85,63,3,8,8,2,"Chhatrapati Shivaji Intl. Airport (T2), Mumbai"
2025-06-06,84,58,3,7,8,2,"Chhatrapati Shivaji Intl. Airport (T2), Mumbai"
2025-06-07,74,60,3,8,8,2,"Chhatrapati Shivaji Intl. Airport (T2), Mumbai"
2025-06-08,79,60,3,6,8,2,"Chhatrapati Shivaji Intl. Airport (T2), Mumbai"
2025-06-09,78,58,3,6,8,2,"Chhatrapati Shivaji Intl. Airport (T2), Mumbai"
2025-06-10,76,56,3,6,8,2,"Chhatrapati Shivaji Intl. Airport (T2), Mumbai"
2025-06-11,72,56,3,6,8,2,"Chhatrapati Shivaji Intl. Airport (T2), Mumbai"
2025-06-12,72,57,3,6,8,2,"Chhatrapati Shivaji Intl. Airport (T2), Mumbai"
2025-06-13,74,58,3,6,8,2,"Chhatrapati Shivaji Intl. Airport (T2), Mumbai"
2025-06-14,74,56,3,7,8,2,"Chhatrapati Shivaji Intl. Airport (T2), Mumbai"
2025-06-15,71,53,3,6,8,2,"Chhatrapati Shivaji Intl. Airport (T2), Mumbai"
2025-06-16,65, , , , , ,"Chhatrapati Shivaji Intl. Airport (T2), Mumbai"
2025-06-18, ,57,2,6,8,2,"Chhatrapati Shivaji Intl. Airport (T2), Mumbai"
2025-06-19,73,56,3,6,8,2,"Chhatrapati Shivaji Intl. Airport (T2), Mumbai"
2025-06-20,71,56,3,6,8,2,"Chhatrapati Shivaji Intl. Airport (T2), Mumbai"
2025-06-21,72,57,3,6,8,2,"Chhatrapati Shivaji Intl. Airport (T2), Mumbai"
2025-06-22,73,57,3,6,8,2,"Chhatrapati Shivaji Intl. Airport (T2), Mumbai"
2025-06-23,73,57,3,6,8,2,"Chhatrapati Shivaji Intl. Airport (T2), Mumbai"
2025-06-24,74,58,3,6,8,2,"Chhatrapati Shivaji Intl. Airport (T2), Mumbai"
2025-06-25,75,58,3,6,8,2,"Chhatrapati Shivaji Intl. Airport (T2), Mumbai"
2025-06-26,74, , , , , ,"Chhatrapati Shivaji Intl. Airport (T2), Mumbai"
2025-06-27, ,59,3,7,8,2,"Chhatrapati Shivaji Intl. Airport (T2), Mumbai"
2025-06-28,76,57,3,7,8,2,"Chhatrapati Shivaji Intl. Airport (T2), Mumbai"
2025-06-29,73,56,3,7,8,2,"Chhatrapati Shivaji Intl. Airport (T2), Mumbai"
2025-06-30,72,57,3,7,8,2,"Chhatrapati Shivaji Intl. Airport (T2), Mumbai"
2025-07-01,73,57,3,7,8,2,"Chhatrapati Shivaji Intl. Airport (T2), Mumbai"
2025-07-02,72,56,3,7,8,2,"Chhatrapati Shivaji Intl. Airport (T2), Mumbai"
2025-07-03,72,56,3,7,8,2,"Chhatrapati Shivaji Intl. Airport (T2), Mumbai"
2025-07-04,72,57,3,7,8,2,"Chhatrapati Shivaji Intl. Airport (T2), Mumbai"
2025-07-05,73,58,3,7,8,2,"Chhatrapati Shivaji Intl. Airport (T2), Mumbai"
2025-07-06,74,57,3,7,8,2,"Chhatrapati Shivaji Intl. Airport (T2), Mumbai"
2025-07-07,73,58,3,7,8,2,"Chhatrapati Shivaji Intl. Airport (T2), Mumbai"
2025-07-08,76,58,3,7,8,2,"Chhatrapati Shivaji Intl. Airport (T2), Mumbai"
2025-07-09,75,59,3,7,8,2,"Chhatrapati Shivaji Intl. Airport (T2), Mumbai"
2025-07-10,76,81,3,7,8,3,"Chhatrapati Shivaji Intl. Airport (T2), Mumbai"
2025-07-11,86,57,3,7,8,3,"Chhatrapati Shivaji Intl. Airport (T2), Mumbai"
2025-07-12,74,56,3,7,8,2,"Chhatrapati Shivaji Intl. Airport (T2), Mumbai"
2025-07-13,71,54,3,7,8,3,"Chhatrapati Shivaji Intl. Airport (T2), Mumbai"
2025-07-14,68,79,3,8,8,3,"Chhatrapati Shivaji Intl. Airport (T2), Mumbai"
2025-07-15,86,57,3,7,8,3,"Chhatrapati Shivaji Intl. Airport (T2), Mumbai"
2025-07-16,74,58,3,7,8,3,"Chhatrapati Shivaji Intl. Airport (T2), Mumbai"
2025-07-17,74,57,3,8,8,3,"Chhatrapati Shivaji Intl. Airport (T2), Mumbai"
2025-07-18,74,57,3,8,8,3,"Chhatrapati Shivaji Intl. Airport (T2), Mumbai"
2025-07-19,72,55,3,8,8,3,"Chhatrapati Shivaji Intl. Airport (T2), Mumbai"
2025-07-20,70,55,3,9,8,3,"Chhatrapati Shivaji Intl. Airport (T2), Mumbai"
2025-07-21,69,55,3,8,8,3,"Chhatrapati Shivaji Intl. Airport (T2), Mumbai"
2025-07-22,69,56,3,9,8,3,"Chhatrapati Shivaji Intl. Airport (T2), Mumbai"
2025-07-23,71,55,3,8,8,3,"Chhatrapati Shivaji Intl. Airport (T2), Mumbai"
2025-07-24,70,54,3,8,8,3,"Chhatrapati Shivaji Intl. Airport (T2), Mumbai"
2025-07-25,68,55,3,8,8,3,"Chhatrapati Shivaji Intl. Airport (T2), Mumbai"
2025-07-26,70,57,3,8,8,3,"Chhatrapati Shivaji Intl. Airport (T2), Mumbai"
2025-07-27,73,56,3,8,8,3,"Chhatrapati Shivaji Intl. Airport (T2), Mumbai"
2025-07-28,71,56,2,8,8,3,"Chhatrapati Shivaji Intl. Airport (T2), Mumbai"
2025-07-29,72,57,3,8,8,3,"Chhatrapati Shivaji Intl. Airport (T2), Mumbai"
2025-07-30,74,57,3,8,8,3,"Chhatrapati Shivaji Intl. Airport (T2), Mumbai"
2025-07-31,74,58,3,8,8,3,"Chhatrapati Shivaji Intl. Airport (T2), Mumbai"
2025-08-01,75,56,3,8,8,3,"Chhatrapati Shivaji Intl. Airport (T2), Mumbai"
2025-08-02,71,56,3,8,8,3,"Chhatrapati Shivaji Intl. Airport (T2), Mumbai"
2025-08-03,71,58,3,8,8,3,"Chhatrapati Shivaji Intl. Airport (T2), Mumbai"
2025-08-04,74,56,3,9,8,3,"Chhatrapati Shivaji Intl. Airport (T2), Mumbai"
2025-08-05,71,60,3,9,8,3,"Chhatrapati Shivaji Intl. Airport (T2), Mumbai"
2025-08-06,78,57,3,9,8,3,"Chhatrapati Shivaji Intl. Airport (T2), Mumbai"
2025-08-07,73,58,3,10,8,3,"Chhatrapati Shivaji Intl. Airport (T2), Mumbai"
2025-08-08,75,58,3,9,8,3,"Chhatrapati Shivaji Intl. Airport (T2), Mumbai"
2025-08-09,75,57,3,9,8,3,"Chhatrapati Shivaji Intl. Airport (T2), Mumbai"
2025-08-10,73,57,3,9,8,3,"Chhatrapati Shivaji Intl. Airport (T2), Mumbai"
2025-08-11,74,56,2,9,8,3,"Chhatrapati Shivaji Intl. Airport (T2), Mumbai"
2025-08-12,71,54,3,9,8,3,"Chhatrapati Shivaji Intl. Airport (T2), Mumbai"
2025-08-13,69,54,3,9,8,3,"Chhatrapati Shivaji Intl. Airport (T2), Mumbai"
2025-08-14,67,53,3,9,8,3,"Chhatrapati Shivaji Intl. Airport (T2), Mumbai"
2025-08-15,66,53,3,10,8,3,"Chhatrapati Shivaji Intl. Airport (T2), Mumbai"
2025-08-16,66,53,2,10,8,3,"Chhatrapati Shivaji Intl. Airport (T2), Mumbai"
2025-08-17,67,53,3,9,8,3,"Chhatrapati Shivaji Intl. Airport (T2), Mumbai"
2025-08-18,66,52,3,9,8,3,"Chhatrapati Shivaji Intl. Airport (T2), Mumbai"
2025-08-19,65,53,3,9,8,3,"Chhatrapati Shivaji Intl. Airport (T2), Mumbai"
2025-08-20,67,54,3,9,8,3,"Chhatrapati Shivaji Intl. Airport (T2), Mumbai"
2025-08-21,68,55,3,9,8,3,"Chhatrapati Shivaji Intl. Airport (T2), Mumbai"
2025-08-22,69,54,3,9,8,3,"Chhatrapati Shivaji Intl. Airport (T2), Mumbai"
2025-08-23,68,55,3,9,8,3,"Chhatrapati Shivaji Intl. Airport (T2), Mumbai"
2025-08-24,69,54,3,9,8,3,"Chhatrapati Shivaji Intl. Airport (T2), Mumbai"
2025-08-25,67,54,3,9,8,3,"Chhatrapati Shivaji Intl. Airport (T2), Mumbai"
2025-08-26,68,55,3,10,8,3,"Chhatrapati Shivaji Intl. Airport (T2), Mumbai"
2025-08-27,70,56,2,10,8,4,"Chhatrapati Shivaji Intl. Airport (T2), Mumbai"
2025-08-28,71,55,3,11,8,4,"Chhatrapati Shivaji Intl. Airport (T2), Mumbai"
2025-08-29,70,54,3,10,8,4,"Chhatrapati Shivaji Intl. Airport (T2), Mumbai"
2025-08-30,68,55,2,10,8,3,"Chhatrapati Shivaji Intl. Airport (T2), Mumbai"
2025-08-31,69,55,3,9,8,3,"Chhatrapati Shivaji Intl. Airport (T2), Mumbai"
2025-09-01,69,55,3,10,8,3,"Chhatrapati Shivaji Intl. Airport (T2), Mumbai"
2025-09-02,69,56,2,10,8,3,"Chhatrapati Shivaji Intl. Airport (T2), Mumbai"
2025-09-03,72,55,3,11,8,4,"Chhatrapati Shivaji Intl. Airport (T2), Mumbai"
2025-09-04,70,56,3,10,8,4,"Chhatrapati Shivaji Intl. Airport (T2), Mumbai"
2025-09-05,72,54,3,10,8,4,"Chhatrapati Shivaji Intl. Airport (T2), Mumbai"
2025-09-06,68,56,3,10,8,4,"Chhatrapati Shivaji Intl. Airport (T2), Mumbai"
2025-09-07,71,57,3,11,8,4,"Chhatrapati Shivaji Intl. Airport (T2), Mumbai"
2025-09-08,72,58,3,11,8,4,"Chhatrapati Shivaji Intl. Airport (T2), Mumbai"
2025-09-09,76,61,3,11,8,4,"Chhatrapati Shivaji Intl. Airport (T2), Mumbai"
2025-09-10,80,60,2,11,8,4,"Chhatrapati Shivaji Intl. Airport (T2), Mumbai"
2025-09-11,78,58,3,11,8,4,"Chhatrapati Shivaji Intl. Airport (T2), Mumbai"
2025-09-12,75,58,3,12,8,4,"Chhatrapati Shivaji Intl. Airport (T2), Mumbai"
2025-09-13,76,56,2,11,8,4,"Chhatrapati Shivaji Intl. Airport (T2), Mumbai"
2025-09-14,72,56,2,12,8,4,"Chhatrapati Shivaji Intl. Airport (T2), Mumbai"
2025-09-15,71,57,3,13,8,5,"Chhatrapati Shivaji Intl. Airport (T2), Mumbai"
2025-09-16,74,54,3,11,8,4,"Chhatrapati Shivaji Intl. Airport (T2), Mumbai"
2025-09-17,68,279,2,11,8,4,"Chhatrapati Shivaji Intl. Airport (T2), Mumbai"
2025-09-18,188,640,3,11,8,4,"Chhatrapati Shivaji Intl. Airport (T2), Mumbai"
2025-09-19,362, ,3,11,8,4,"Chhatrapati Shivaji Intl. Airport (T2), Mumbai"
2025-09-20, , ,2,11,8,4,"Chhatrapati Shivaji Intl. Airport (T2), Mumbai"
2025-09-21, ,429,3,11,8,4,"Chhatrapati Shivaji Intl. Airport (T2), Mumbai"
2025-09-22,277,549,3,11,8,4,"Chhatrapati Shivaji Intl. Airport (T2), Mumbai"
2025-09-23,326,513,3,11,8,4,"Chhatrapati Shivaji Intl. Airport (T2), Mumbai"
2025-09-24,311,55,3,11,8,4,"Chhatrapati Shivaji Intl. Airport (T2), Mumbai"
2025-09-25,70,60,3,12,8,4,"Chhatrapati Shivaji Intl. Airport (T2), Mumbai"
2025-09-26,79,57,3,12,8,4,"Chhatrapati Shivaji Intl. Airport (T2), Mumbai"
2025-09-27,73,54,3,11,8,4,"Chhatrapati Shivaji Intl. Airport (T2), Mumbai"
2025-09-28,68,56,2,11,8,4,"Chhatrapati Shivaji Intl. Airport (T2), Mumbai"
2025-09-29,72,55,3,12,8,4,"Chhatrapati Shivaji Intl. Airport (T2), Mumbai"
2025-09-30,70,55,3,12,8,4,"Chhatrapati Shivaji Intl. Airport (T2), Mumbai"
2025-10-01,70,54,3,12,8,4,"Chhatrapati Shivaji Intl. Airport (T2), Mumbai"
2025-10-02,69,55,3,12,8,4,"Chhatrapati Shivaji Intl. Airport (T2), Mumbai"
2025-10-03,70,142,3,12,8,4,"Chhatrapati Shivaji Intl. Airport (T2), Mumbai"
2025-10-04,118,105,3,12,8,4,"Chhatrapati Shivaji Intl. Airport (T2), Mumbai"
2025-10-05,99,58,3,12,8,4,"Chhatrapati Shivaji Intl. Airport (T2), Mumbai"
2025-10-06,76,57,3,12,8,4,"Chhatrapati Shivaji Intl. Airport (T2), Mumbai"
2025-10-07,74,60,3,13,8,4,"Chhatrapati Shivaji Intl. Airport (T2), Mumbai"
2025-10-08,79,68,3,14,8,5,"Chhatrapati Shivaji Intl. Airport (T2), Mumbai"
2025-10-09,94,72,3,14,8,5,"Chhatrapati Shivaji Intl. Airport (T2), Mumbai"
2025-10-10,101,75,2,14,8,5,"Chhatrapati Shivaji Intl. Airport (T2), Mumbai"
2025-10-11,108,73,3,14,8,5,"Chhatrapati Shivaji Intl. Airport (T2), Mumbai"
2025-10-12,104,114,3,15,8,6,"Chhatrapati Shivaji Intl. Airport (T2), Mumbai"
2025-10-13,120,212,3,15,8,5,"Chhatrapati Shivaji Intl. Airport (T2), Mumbai"
2025-10-14,170,290,4,12,8,4,"Chhatrapati Shivaji Intl. Airport (T2), Mumbai"
2025-10-15,202,640,3,6,8,2,"Chhatrapati Shivaji Intl. Airport (T2), Mumbai"
2025-10-16,362, ,3,6,8,2,"Chhatrapati Shivaji Intl. Airport (T2), Mumbai"
2025-10-17, , ,3,6,8,2,"Chhatrapati Shivaji Intl. Airport (T2), Mumbai"
2025-10-18, , ,3,6,8,2,"Chhatrapati Shivaji Intl. Airport (T2), Mumbai"
2025-10-19, , ,3,7,8,2,"Chhatrapati Shivaji Intl. Airport (T2), Mumbai"
2025-10-20, , ,3,6,8,2,"Chhatrapati Shivaji Intl. Airport (T2), Mumbai"
2025-10-21, ,127,3,6,8,2,"Chhatrapati Shivaji Intl. Airport (T2), Mumbai"
2025-10-22,155,82,3,6,8,2,"Chhatrapati Shivaji Intl. Airport (T2), Mumbai"
2025-10-23,117,72,2,6,8,2,"Chhatrapati Shivaji Intl. Airport (T2), Mumbai"
2025-10-24,102,47,3,6,8,2,"Chhatrapati Shivaji Intl. Airport (T2), Mumbai"
2025-10-25,65,51,3,6,8,2,"Chhatrapati Shivaji Intl. Airport (T2), Mumbai"
2025-10-26,70,40,3,6,8,2,"Chhatrapati Shivaji Intl. Airport (T2), Mumbai"
2025-10-27,57,51,3,6,8,2,"Chhatrapati Shivaji Intl. Airport (T2), Mumbai"
2025-10-28,71,59,2,5,8,2,"Chhatrapati Shivaji Intl. Airport (T2), Mumbai"
2025-10-29,79,43,2,6,8,2,"Chhatrapati Shivaji Intl. Airport (T2), Mumbai"
2025-10-30,61,45,3,6,8,2,"Chhatrapati Shivaji Intl. Airport (T2), Mumbai"
2025-10-31,62,39,3,6,8,2,"Chhatrapati Shivaji Intl. Airport (T2), Mumbai"
2025-11-01,55,47,3,6,8,2,"Chhatrapati Shivaji Intl. Airport (T2), Mumbai"
2025-11-02,64,42,3,6,8,2,"Chhatrapati Shivaji Intl. Airport (T2), Mumbai"
2025-11-03,59,59,3,6,8,2,"Chhatrapati Shivaji Intl. Airport (T2), Mumbai"
2025-11-04,78,62,3,6,8,2,"Chhatrapati Shivaji Intl. Airport (T2), Mumbai"
2025-11-05,83,82,3,6,8,2,"Chhatrapati Shivaji Intl. Airport (T2), Mumbai"
2025-11-06,115,99,3,6,8,2,"Chhatrapati Shivaji Intl. Airport (T2), Mumbai"
2025-11-07,137,83,3,6,8,2,"Chhatrapati Shivaji Intl. Airport (T2), Mumbai"
2025-11-08,117,79,3,7,8,2,"Chhatrapati Shivaji Intl. Airport (T2), Mumbai"
2025-11-09,111,92,3,7,8,2,"Chhatrapati Shivaji Intl. Airport (T2), Mumbai"
2025-11-10,129,104,2,7,8,2,"Chhatrapati Shivaji Intl. Airport (T2), Mumbai"
2025-11-11,146,94,3,6,8,2,"Chhatrapati Shivaji Intl. Airport (T2), Mumbai"
2025-11-12,135,88,3,6,8,2,"Chhatrapati Shivaji Intl. Airport (T2), Mumbai"
2025-11-13,124,94,3,7,8,2,"Chhatrapati Shivaji Intl. Airport (T2), Mumbai"
2025-11-14,131,94,3,7,8,2,"Chhatrapati Shivaji Intl. Airport (T2), Mumbai"
2025-11-15,132,89,3,7,8,2,"Chhatrapati Shivaji Intl. Airport (T2), Mumbai"
2025-11-16,124,89,2,6,8,2,"Chhatrapati Shivaji Intl. Airport (T2), Mumbai"
2025-11-17,126,100,3,7,8,2,"Chhatrapati Shivaji Intl. Airport (T2), Mumbai"
2025-11-18,137,97,3,7,8,2,"Chhatrapati Shivaji Intl. Airport (T2), Mumbai"
2025-11-19,138,100,2,7,8,2,"Chhatrapati Shivaji Intl. Airport (T2), Mumbai"
2025-11-20,137,103,3,7,8,2,"Chhatrapati Shivaji Intl. Airport (T2), Mumbai"
2025-11-21,143,110,2,8,8,3,"Chhatrapati Shivaji Intl. Airport (T2), Mumbai"
2025-11-22,147, , , , , ,"Chhatrapati Shivaji Intl. Airport (T2), Mumbai"
2025-11-23, ,111,3,7,8,2,"Chhatrapati Shivaji Intl. Airport (T2), Mumbai"
2025-11-24,153,118,3,7,8,2,"Chhatrapati Shivaji Intl. Airport (T2), Mumbai"
2025-11-25,155,126,3,8,8,3,"Chhatrapati Shivaji Intl. Airport (T2), Mumbai"
2025-11-26,159,92,3,6,8,2,"Chhatrapati Shivaji Intl. Airport (T2), Mumbai"
2025-11-27,132,106,2,6,8,2,"Chhatrapati Shivaji Intl. Airport (T2), Mumbai"
2025-11-28,148,93,3,6,8,2,"Chhatrapati Shivaji Intl. Airport (T2), Mumbai"
2025-11-29,128,88,3,6,8,2,"Chhatrapati Shivaji Intl. Airport (T2), Mumbai"
2025-11-30,125,96,2,6,8,2,"Chhatrapati Shivaji Intl. Airport (T2), Mumbai"
2025-12-01,136,125,3,10,8,3,"Chhatrapati Shivaji Intl. Airport (T2), Mumbai"
2025-12-02,159, , , , , ,"Chhatrapati Shivaji Intl. Airport (T2), Mumbai"
2025-12-03, ,880,3,7,8,2,"Chhatrapati Shivaji Intl. Airport (T2), Mumbai"
2025-12-04,395,112,2,9,8,3,"Chhatrapati Shivaji Intl. Airport (T2), Mumbai"
2025-12-05,155,88,3,7,8,2,"Chhatrapati Shivaji Intl. Airport (T2), Mumbai"
2025-12-06,124, , , , , ,"Chhatrapati Shivaji Intl. Airport (T2), Mumbai"
2025-12-07, ,113,3,7,8,2,"Chhatrapati Shivaji Intl. Airport (T2), Mumbai"
2025-12-08,385,90,3,5,8,2,"Chhatrapati Shivaji Intl. Airport (T2), Mumbai"
2025-12-09,631,81,3, ,8, ,"Chhatrapati Shivaji Intl. Airport (T2), Mumbai"
2025-12-10, ,88,3, ,8, ,"Chhatrapati Shivaji Intl. Airport (T2), Mumbai"
2025-12-11, ,98,2, ,8, ,"Chhatrapati Shivaji Intl. Airport (T2), Mumbai"
2025-12-16, ,103,3, ,8, ,"Chhatrapati Shivaji Intl. Airport (T2), Mumbai"
2025-12-17,824, , , , , ,"Chhatrapati Shivaji Intl. Airport (T2), Mumbai"
2025-12-18, ,71,3, ,8, ,"Chhatrapati Shivaji Intl. Airport (T2), Mumbai"
2025-12-19,824, , , , , ,"Chhatrapati Shivaji Intl. Airport (T2), Mumbai"
2025-12-21, ,102,3, ,8, ,"Chhatrapati Shivaji Intl. Airport (T2), Mumbai"
2025-12-22,824,77,3, ,8, ,"Chhatrapati Shivaji Intl. Airport (T2), Mumbai"
2025-12-23,824, , , , , ,"Chhatrapati Shivaji Intl. Airport (T2), Mumbai"
2025-12-27, ,97,3, ,8, ,"Chhatrapati Shivaji Intl. Airport (T2), Mumbai"
2025-12-28,824, , , , , ,"Chhatrapati Shivaji Intl. Airport (T2), Mumbai"
2025-12-31, ,62,3, ,8, ,"Chhatrapati Shivaji Intl. Airport (T2), Mumbai"
2026-01-01,103,79,3, ,8, ,"Chhatrapati Shivaji Intl. Airport (T2), Mumbai"
2026-01-02,139,109,2, ,8, ,"Chhatrapati Shivaji Intl. Airport (T2), Mumbai"
2026-01-03,161,105,2, ,8, ,"Chhatrapati Shivaji Intl. Airport (T2), Mumbai"
2026-01-04,162,87,3, ,8, ,"Chhatrapati Shivaji Intl. Airport (T2), Mumbai"
2026-01-05,153,87,2, ,8, ,"Chhatrapati Shivaji Intl. Airport (T2), Mumbai"
2026-01-06,148,99,3, ,8, ,"Chhatrapati Shivaji Intl. Airport (T2), Mumbai"
2026-01-07,159,90,3, ,8, ,"Chhatrapati Shivaji Intl. Airport (T2), Mumbai"
2026-01-08,147,91,3, ,8, ,"Chhatrapati Shivaji Intl. Airport (T2), Mumbai"
2026-01-09,151,87,3, ,8, ,"Chhatrapati Shivaji Intl. Airport (T2), Mumbai"
2026-01-10,148,91,3, ,8, ,"Chhatrapati Shivaji Intl. Airport (T2), Mumbai"
2026-01-11,152,78,3, ,8, ,"Chhatrapati Shivaji Intl. Airport (T2), Mumbai"
2026-01-12,136,88,3, ,8, ,"Chhatrapati Shivaji Intl. Airport (T2), Mumbai"
2026-01-13,151,94,3, ,7, ,"Chhatrapati Shivaji Intl. Airport (T2), Mumbai"
2026-01-14,155,82,3, ,7, ,"Chhatrapati Shivaji Intl. Airport (T2), Mumbai"
2026-01-15,147,96,3, ,8, ,"Chhatrapati Shivaji Intl. Airport (T2), Mumbai"
2026-01-16,158,77,3, ,8, ,"Chhatrapati Shivaji Intl. Airport (T2), Mumbai"
2026-01-17,136,62,3, ,8, ,"Chhatrapati Shivaji Intl. Airport (T2), Mumbai"
2026-01-18,106,68,2, ,8, ,"Chhatrapati Shivaji Intl. Airport (T2), Mumbai"
2026-01-19,119,79,3, ,8, ,"Chhatrapati Shivaji Intl. Airport (T2), Mumbai"
2026-01-20,138,107,3, ,8, ,"Chhatrapati Shivaji Intl. Airport (T2), Mumbai"
2026-01-21,163,91,3, ,8, ,"Chhatrapati Shivaji Intl. Airport (T2), Mumbai"
2026-01-22,152,70,3, , , ,"Chhatrapati Shivaji Intl. Airport (T2), Mumbai"
2026-01-23,133,72,3, , , ,"Chhatrapati Shivaji Intl. Airport (T2), Mumbai"
2026-01-24,141,86,3, , , ,"Chhatrapati Shivaji Intl. Airport (T2), Mumbai"
2026-01-25,157,94,3, , , ,"Chhatrapati Shivaji Intl. Airport (T2), Mumbai"
2026-01-26,162,72,3, ,8, ,"Chhatrapati Shivaji Intl. Airport (T2), Mumbai"
2026-01-27,142,66,2, ,8, ,"Chhatrapati Shivaji Intl. Airport (T2), Mumbai"
2026-01-28,124,86,3, ,8, ,"Chhatrapati Shivaji Intl. Airport (T2), Mumbai"
2026-01-29,157,94,2, ,8, ,"Chhatrapati Shivaji Intl. Airport (T2), Mumbai"
2026-01-30,161,81,3, ,8, ,"Chhatrapati Shivaji Intl. Airport (T2), Mumbai"
2026-01-31,152,91,3, ,8, ,"Chhatrapati Shivaji Intl. Airport (T2), Mumbai"
2026-02-01,160,104,3, ,8, ,"Chhatrapati Shivaji Intl. Airport (T2), Mumbai"
2026-02-02,167,108,3, ,8, ,"Chhatrapati Shivaji Intl. Airport (T2), Mumbai"
2026-02-03,169,164,2, ,8, ,"Chhatrapati Shivaji Intl. Airport (T2), Mumbai"
2026-02-04,180,164,2, ,8, ,"Chhatrapati Shivaji Intl. Airport (T2), Mumbai"
2026-02-05,179,123,3, ,8, ,"Chhatrapati Shivaji Intl. Airport (T2), Mumbai"
2026-02-06,169,94,3, ,8, ,"Chhatrapati Shivaji Intl. Airport (T2), Mumbai"
2026-02-07,157,117,3, ,8, ,"Chhatrapati Shivaji Intl. Airport (T2), Mumbai"
2026-02-08,168, , , , , ,"Chhatrapati Shivaji Intl. Airport (T2), Mumbai"
2026-02-12, ,83,2, ,8, ,"Chhatrapati Shivaji Intl. Airport (T2), Mumbai"
2026-02-13,150,104,2, ,8, ,"Chhatrapati Shivaji Intl. Airport (T2), Mumbai"
2026-02-14,161,97,3, ,8, ,"Chhatrapati Shivaji Intl. Airport (T2), Mumbai"
2026-02-15,155,83,2, ,8, ,"Chhatrapati Shivaji Intl. Airport (T2), Mumbai"
2026-02-16,147,70,2, ,8, ,"Chhatrapati Shivaji Intl. Airport (T2), Mumbai"
2026-02-17,120, , , , , ,"Chhatrapati Shivaji Intl. Airport (T2), Mumbai"
