date, pm25, pm10, o3, no2, so2, co,location
2019-12-02, ,169,13,32,21,9,"Mahape, Navi Mumbai"
2019-12-03,116,132,19,20,8,7,"Mahape, Navi Mumbai"
2019-12-04,200,123,19,21,6,7,"Mahape, Navi Mumbai"
2019-12-05,172,96,30,19,9,4,"Mahape, Navi Mumbai"
2019-12-06,166,112,26,25,9,7,"Mahape, Navi Mumbai"
2019-12-07,167,111,43,23,11,7,"Mahape, Navi Mumbai"
2019-12-08,175,104,50,26,11,7,"Mahape, Navi Mumbai"
2019-12-09,168,128,46,25,6,10,"Mahape, Navi Mumbai"
2019-12-10,166,135,46,29,9,11,"Mahape, Navi Mumbai"
2019-12-11,182,131,47,27,9,9,"Mahape, Navi Mumbai"
2019-12-12,182,197,18,29,10,9,"Mahape, Navi Mumbai"
2019-12-13,228,93,45,22,8,6,"Mahape, Navi Mumbai"
2019-12-14,154,90,47,22,9,7,"Mahape, Navi Mumbai"
2019-12-15,155,95,38,23,9,7,"Mahape, Navi Mumbai"
2019-12-16,166,99,23,20,9,9,"Mahape, Navi Mumbai"
2019-12-17,155,104,34,20,9,9,"Mahape, Navi Mumbai"
2019-12-18,156,90,35,21,9,7,"Mahape, Navi Mumbai"
2019-12-19,154,115,44,31,8,11,"Mahape, Navi Mumbai"
2019-12-20,174,127,29,28,9,12,"Mahape, Navi Mumbai"
2019-12-21,178,116,25,26,9,13,"Mahape, Navi Mumbai"
2019-12-22,177,129,25,31,10,14,"Mahape, Navi Mumbai"
2019-12-23,181,138,30,35,10,13,"Mahape, Navi Mumbai"
2019-12-24,197,127,37,20,9,10,"Mahape, Navi Mumbai"
2019-12-25,196,103,34,17,10,9,"Mahape, Navi Mumbai"
2019-12-26,169,116,31,24,9,10,"Mahape, Navi Mumbai"
2019-12-27,175,92,30,21,8,8,"Mahape, Navi Mumbai"
2019-12-28,163,93,36,23,12,8,"Mahape, Navi Mumbai"
2019-12-29,164, , , , , ,"Mahape, Navi Mumbai"
2019-12-31, ,125,69,31,11,13,"Mahape, Navi Mumbai"
2020-01-01,214,113,53,25,7,10,"Mahape, Navi Mumbai"
2020-01-02,185,102,47,21,8,9,"Mahape, Navi Mumbai"
2020-01-03,176,262,53,18,7,9,"Mahape, Navi Mumbai"
2020-01-04,175,108,29,18,9,14,"Mahape, Navi Mumbai"
2020-01-05,171,96,91,27,17,9,"Mahape, Navi Mumbai"
2020-01-06,160,137,28,21,5,8,"Mahape, Navi Mumbai"
2020-01-07,197,89,31,20,2,7,"Mahape, Navi Mumbai"
2020-01-08,152,85,43,19,3,6,"Mahape, Navi Mumbai"
2020-01-09,279,90,27,22,4,8,"Mahape, Navi Mumbai"
2020-01-10,157,123,34,27,4,10,"Mahape, Navi Mumbai"
2020-01-11,157,117,38,28,4,11,"Mahape, Navi Mumbai"
2020-01-12,171,95,26,20,2,9,"Mahape, Navi Mumbai"
2020-01-13,216,77,29,14,2,5,"Mahape, Navi Mumbai"
2020-01-14,139,68,35,19,3,5,"Mahape, Navi Mumbai"
2020-01-15,114,71,34,19,2,5,"Mahape, Navi Mumbai"
2020-01-16,125,141,40,20,3,6,"Mahape, Navi Mumbai"
2020-01-17,138,421,56,24,5,10,"Mahape, Navi Mumbai"
2020-01-18,169,360,55,23,6,10,"Mahape, Navi Mumbai"
2020-01-19,166,123,53,35,6,15,"Mahape, Navi Mumbai"
2020-01-20,171,142,55,33,5,16,"Mahape, Navi Mumbai"
2020-01-21,191,142,44,25,6,12,"Mahape, Navi Mumbai"
2020-01-22,163,91,33,22,6,8,"Mahape, Navi Mumbai"
2020-01-23,152,162,45,20,5,10,"Mahape, Navi Mumbai"
2020-01-24,202,115,50,27,5,11,"Mahape, Navi Mumbai"
2020-01-25,170,119,63,31,6,14,"Mahape, Navi Mumbai"
2020-01-26,175,107,39,20,3,11,"Mahape, Navi Mumbai"
2020-01-27,151,80,19,17,2,7,"Mahape, Navi Mumbai"
2020-01-28,118,75,33,15,1,6,"Mahape, Navi Mumbai"
2020-01-29,90,96,51,23,5,8,"Mahape, Navi Mumbai"
2020-01-30,147,116,58,30,5,11,"Mahape, Navi Mumbai"
2020-01-31,164,149,56,26,7,13,"Mahape, Navi Mumbai"
2020-02-01,179,149,67,31,7,16,"Mahape, Navi Mumbai"
2020-02-02,183,120,49,25,4,11,"Mahape, Navi Mumbai"
2020-02-03,182,117,57,25,4,11,"Mahape, Navi Mumbai"
2020-02-04,172,106,68,25,8,10,"Mahape, Navi Mumbai"
2020-02-05,159,119,58,28,9,13,"Mahape, Navi Mumbai"
2020-02-06,163,118,49,24,7,13,"Mahape, Navi Mumbai"
2020-02-07,160,106,34,22,6,10,"Mahape, Navi Mumbai"
2020-02-08,166,98,43,20,7,9,"Mahape, Navi Mumbai"
2020-02-09,165,84,55,16,7,8,"Mahape, Navi Mumbai"
2020-02-10,146,95,113,25,14,9,"Mahape, Navi Mumbai"
2020-02-11,158,176,64,22,12,8,"Mahape, Navi Mumbai"
2020-02-12,209,111,93,27,13,11,"Mahape, Navi Mumbai"
2020-02-13,159,91,43,22,12,5,"Mahape, Navi Mumbai"
2020-02-14,151,101,60,24,13,6,"Mahape, Navi Mumbai"
2020-02-15,156,133,79,35,15,13,"Mahape, Navi Mumbai"
2020-02-16,175,184,57,41,15,18,"Mahape, Navi Mumbai"
2020-02-17,200,172,68,38,17,15,"Mahape, Navi Mumbai"
2020-02-18,187,167,67,39,17,14,"Mahape, Navi Mumbai"
2020-02-19,193,157,45,29,13,14,"Mahape, Navi Mumbai"
2020-02-20,180,103,41,21,10,9,"Mahape, Navi Mumbai"
2020-02-21,148,118,58,28,14,10,"Mahape, Navi Mumbai"
2020-02-22,164,127,73,32,16,11,"Mahape, Navi Mumbai"
2020-02-23,168,137,73,34,14,11,"Mahape, Navi Mumbai"
2020-02-24,183,101,30,20,12,7,"Mahape, Navi Mumbai"
2020-02-25,131,119,32,30,19,10,"Mahape, Navi Mumbai"
2020-02-26,134,118,68,40,20,11,"Mahape, Navi Mumbai"
2020-02-27,151,140,73,45,21,13,"Mahape, Navi Mumbai"
2020-02-28,170,149,50,39,15,14,"Mahape, Navi Mumbai"
2020-02-29,164,118,41,22,12,10,"Mahape, Navi Mumbai"
2020-03-01,154,97,6,21,3,9,"Mahape, Navi Mumbai"
2020-03-02,112,106,11,24,3,9,"Mahape, Navi Mumbai"
2020-03-03,140,105,29,19,6,8,"Mahape, Navi Mumbai"
2020-03-04,141,89,27,17,5,6,"Mahape, Navi Mumbai"
2020-03-05,121,131,11,15,6,8,"Mahape, Navi Mumbai"
2020-03-06,149,100,30,16,5,6,"Mahape, Navi Mumbai"
2020-03-07,113,101,40,20,8,7,"Mahape, Navi Mumbai"
2020-03-08,122,108,36,20,6,8,"Mahape, Navi Mumbai"
2020-03-09,137,96,20,13,5,8,"Mahape, Navi Mumbai"
2020-03-10,120,64,26,14,4,6,"Mahape, Navi Mumbai"
2020-03-11,74,74,26,18,5,6,"Mahape, Navi Mumbai"
2020-03-12,89,82,37,20,6,7,"Mahape, Navi Mumbai"
2020-03-13,100,114,42,24,9,10,"Mahape, Navi Mumbai"
2020-03-14,131,124,70,28,13,15,"Mahape, Navi Mumbai"
2020-03-15,150,130,46,34,16,17,"Mahape, Navi Mumbai"
2020-03-16,151,139,61,27,20,16,"Mahape, Navi Mumbai"
2020-03-17,164,120,55,27,14,15,"Mahape, Navi Mumbai"
2020-03-18,153,103,37,24,9,13,"Mahape, Navi Mumbai"
2020-03-19,123,94,22,14,7,10,"Mahape, Navi Mumbai"
2020-03-20,105,71,29,11,6,9,"Mahape, Navi Mumbai"
2020-03-21,99,53,27,4,4,6,"Mahape, Navi Mumbai"
2020-03-22,79,114,36,10,109,9,"Mahape, Navi Mumbai"
2020-03-23,121,87,35,16,17,11,"Mahape, Navi Mumbai"
2020-03-24,147,69,21,10,4,8,"Mahape, Navi Mumbai"
2020-03-25,114,61,29,8,4,8,"Mahape, Navi Mumbai"
2020-03-26,117,63,31,7,4,8,"Mahape, Navi Mumbai"
2020-03-27,114,58,41,7,4,8,"Mahape, Navi Mumbai"
2020-03-28,107,62,45,10,5,9,"Mahape, Navi Mumbai"
2020-03-29,106,64,42,14,5,9,"Mahape, Navi Mumbai"
2020-03-30,109,61,35,10,5,9,"Mahape, Navi Mumbai"
2020-03-31,107,61,35,9,5,9,"Mahape, Navi Mumbai"
2020-04-01,100,76,40,11,5,10,"Mahape, Navi Mumbai"
2020-04-02,129,79,31,12,5,9,"Mahape, Navi Mumbai"
2020-04-03,116,75,35,11,5,10,"Mahape, Navi Mumbai"
2020-04-04,119,70,41,6,5,9,"Mahape, Navi Mumbai"
2020-04-05,121,56,20,2,4,7,"Mahape, Navi Mumbai"
2020-04-06,79,68,23,1,4,8,"Mahape, Navi Mumbai"
2020-04-07,93,78,18,1,4,8,"Mahape, Navi Mumbai"
2020-04-08,100,75,19,1,5,8,"Mahape, Navi Mumbai"
2020-04-09,100,73,26,1,4,8,"Mahape, Navi Mumbai"
2020-04-10,101,67,12, ,4,7,"Mahape, Navi Mumbai"
2020-04-11,100, , , , , ,"Mahape, Navi Mumbai"
2020-04-19, ,311,18,10,5,12,"Mahape, Navi Mumbai"
2020-04-20,143,62,20,8,6,10,"Mahape, Navi Mumbai"
2020-04-21,71,56,20,6,4,9,"Mahape, Navi Mumbai"
2020-04-22,62,55,16,6,4,9,"Mahape, Navi Mumbai"
2020-04-23,61,50,13,4,4,9,"Mahape, Navi Mumbai"
2020-04-24,59,50,17,5,4,9,"Mahape, Navi Mumbai"
2020-04-25,41,51,20,5,4,8,"Mahape, Navi Mumbai"
2020-04-26,43,202,14,4,4,9,"Mahape, Navi Mumbai"
2020-04-27,48,51,20,4,4,9,"Mahape, Navi Mumbai"
2020-04-28,51,60,15,6,4,9,"Mahape, Navi Mumbai"
2020-04-29,66,55,13,5,3,9,"Mahape, Navi Mumbai"
2020-04-30,64,46,13,3,3,8,"Mahape, Navi Mumbai"
2020-05-01,40,44,12,3,2,8,"Mahape, Navi Mumbai"
2020-05-02,26,82,13,2,28,8,"Mahape, Navi Mumbai"
2020-05-03,24,39,11,3,38,8,"Mahape, Navi Mumbai"
2020-05-04,27,49,16,5,3,9,"Mahape, Navi Mumbai"
2020-05-05,44,65,16,5,3,9,"Mahape, Navi Mumbai"
2020-05-06,51,96,8,5,38,10,"Mahape, Navi Mumbai"
2020-05-07,131,54,14,4,27,9,"Mahape, Navi Mumbai"
2020-05-08,37,51,15,4,3,9,"Mahape, Navi Mumbai"
2020-05-09,32,51,13,3,3,9,"Mahape, Navi Mumbai"
2020-05-10,39,58,15,5,3,9,"Mahape, Navi Mumbai"
2020-05-11,49,53,14,4,3,9,"Mahape, Navi Mumbai"
2020-05-12,31,56,12,4,3,9,"Mahape, Navi Mumbai"
2020-05-13,30,52,12,5,3,8,"Mahape, Navi Mumbai"
2020-05-14,35,56,16,4,3,8,"Mahape, Navi Mumbai"
2020-05-15,36,81,11,7,3,9,"Mahape, Navi Mumbai"
2020-05-16,72,84,12,3,3,8,"Mahape, Navi Mumbai"
2020-05-17,74,63,12,4,3,9,"Mahape, Navi Mumbai"
2020-05-18,57,49,10,3,3,8,"Mahape, Navi Mumbai"
2020-05-19,36,43,13,5,3,9,"Mahape, Navi Mumbai"
2020-05-20,24,37,13,5,3,9,"Mahape, Navi Mumbai"
2020-05-21,17,36,13,4,3,10,"Mahape, Navi Mumbai"
2020-05-22,22,43,15,5,3,10,"Mahape, Navi Mumbai"
2020-05-23,27,39,14,3,3,9,"Mahape, Navi Mumbai"
2020-05-24,18,43,13,4,3,10,"Mahape, Navi Mumbai"
2020-05-25,22,47,12,5,3,10,"Mahape, Navi Mumbai"
2020-05-26,22,41,11,4,3,10,"Mahape, Navi Mumbai"
2020-05-27,23,40,11,4,3,11,"Mahape, Navi Mumbai"
2020-05-28,20,28,9,3,3,13,"Mahape, Navi Mumbai"
2020-05-29,17,26,9,2,3,12,"Mahape, Navi Mumbai"
2020-05-30,10,33,11,2,3,12,"Mahape, Navi Mumbai"
2020-05-31,16,42,21,9,3,14,"Mahape, Navi Mumbai"
2020-06-01,21,257,17,9,4,15,"Mahape, Navi Mumbai"
2020-06-02,36,479,6,7,64,25,"Mahape, Navi Mumbai"
2020-06-03,605,451,15,15,22,31,"Mahape, Navi Mumbai"
2020-06-04,56,716,15,11,4,25,"Mahape, Navi Mumbai"
2020-06-05,46,431,6,7,3,24,"Mahape, Navi Mumbai"
2020-06-06,29,39,6,8,4,24,"Mahape, Navi Mumbai"
2020-06-07,36,27,23,11,4,23,"Mahape, Navi Mumbai"
2020-06-08,25,32,6,9,14,15,"Mahape, Navi Mumbai"
2020-06-09,24,35,5,6,5,1,"Mahape, Navi Mumbai"
2020-06-10,30,26,4,10,7,1,"Mahape, Navi Mumbai"
2020-06-11,13,28,10,9,7,1,"Mahape, Navi Mumbai"
2020-06-12,25,60,6,10,7,1,"Mahape, Navi Mumbai"
2020-06-13,139,30,6,9,7,1,"Mahape, Navi Mumbai"
2020-06-14,53,27,7,11,7,2,"Mahape, Navi Mumbai"
2020-06-15,29,32,7,13,7,2,"Mahape, Navi Mumbai"
2020-06-16,39,26,4,12,12,1,"Mahape, Navi Mumbai"
2020-06-17,29,14,8,9,4,2,"Mahape, Navi Mumbai"
2020-06-18,30,77,2,9,5,2,"Mahape, Navi Mumbai"
2020-06-19,98,52,2,7,3,2,"Mahape, Navi Mumbai"
2020-06-20,59,37,2,6,4,1,"Mahape, Navi Mumbai"
2020-06-21,45,43,1,7,4,2,"Mahape, Navi Mumbai"
2020-06-22,49,40,2,10,4,2,"Mahape, Navi Mumbai"
2020-06-23,49,30,3,10,4,1,"Mahape, Navi Mumbai"
2020-06-24,30,40,5,8,4,2,"Mahape, Navi Mumbai"
2020-06-25,53,43,10,7,4,1,"Mahape, Navi Mumbai"
2020-06-26,53,55,6,6,4,1,"Mahape, Navi Mumbai"
2020-06-27,65,36,3,6,4,1,"Mahape, Navi Mumbai"
2020-06-28,46,23,3,6,4,1,"Mahape, Navi Mumbai"
2020-06-29,25,21,2,8,4,2,"Mahape, Navi Mumbai"
2020-06-30,22,16,2,5,4,1,"Mahape, Navi Mumbai"
2020-07-01,16,18, ,6,4,2,"Mahape, Navi Mumbai"
2020-07-02,16,17,1,9,4,3,"Mahape, Navi Mumbai"
2020-07-03,29,8,1,8,4,2,"Mahape, Navi Mumbai"
2020-07-04,17,572,1,5,4,1,"Mahape, Navi Mumbai"
2020-07-05,23,33,3,5,4, ,"Mahape, Navi Mumbai"
2020-07-06,358,65,5,11,6,2,"Mahape, Navi Mumbai"
2020-07-07,385,28,2,9,3,3,"Mahape, Navi Mumbai"
2020-07-08,138,30,2,7,4,3,"Mahape, Navi Mumbai"
2020-07-09,76,32,2,6,4,2,"Mahape, Navi Mumbai"
2020-07-10,110,31,2,6,46,3,"Mahape, Navi Mumbai"
2020-07-11,64,17,3,7,3,3,"Mahape, Navi Mumbai"
2020-07-12,114,25,4,7,4,5,"Mahape, Navi Mumbai"
2020-07-13,109,22,2,9,4,4,"Mahape, Navi Mumbai"
2020-07-14,44,12,2,10,4,4,"Mahape, Navi Mumbai"
2020-07-15,31,55,3,10,39,3,"Mahape, Navi Mumbai"
2020-07-16,65,11,3,7,5,3,"Mahape, Navi Mumbai"
2020-07-17,26,23,3,8,4,3,"Mahape, Navi Mumbai"
2020-07-18,41,33,4,7,4,3,"Mahape, Navi Mumbai"
2020-07-19,49,41,4,8,4,4,"Mahape, Navi Mumbai"
2020-07-20,59,45,3,8,4,4,"Mahape, Navi Mumbai"
2020-07-21,58,33,6,6,4,4,"Mahape, Navi Mumbai"
2020-07-22,45,65,3,8,5,6,"Mahape, Navi Mumbai"
2020-07-23,68,32,5,7,4,5,"Mahape, Navi Mumbai"
2020-07-24,60,31,3,7,4,5,"Mahape, Navi Mumbai"
2020-07-25,46,22,2,7,4,4,"Mahape, Navi Mumbai"
2020-07-26,44,18,4,8,4,6,"Mahape, Navi Mumbai"
2020-07-27,37,27,5,10,5,6,"Mahape, Navi Mumbai"
2020-07-28,63,36,4,6,5,6,"Mahape, Navi Mumbai"
2020-07-29,64,35,5,8,5,6,"Mahape, Navi Mumbai"
2020-07-30,41,34,4,8,5,5,"Mahape, Navi Mumbai"
2020-07-31,49,29,3,7,4,4,"Mahape, Navi Mumbai"
2020-08-01,29,20,4,5,4,3,"Mahape, Navi Mumbai"
2020-08-02,12,13,3,7,4,4,"Mahape, Navi Mumbai"
2020-08-03,14,12,3,7,4,4,"Mahape, Navi Mumbai"
2020-08-04,20,14,4,8,4,4,"Mahape, Navi Mumbai"
2020-08-05,14,15,6,11,4,5,"Mahape, Navi Mumbai"
2020-08-06,22,25,5,9,4,5,"Mahape, Navi Mumbai"
2020-08-07,32,32,2,9,5,5,"Mahape, Navi Mumbai"
2020-08-08,40,44,3,7,5,5,"Mahape, Navi Mumbai"
2020-08-09,46,39,2,8,6,6,"Mahape, Navi Mumbai"
2020-08-10,49,40,2,10,6,9,"Mahape, Navi Mumbai"
2020-08-11,58,25,3,9,6,5,"Mahape, Navi Mumbai"
2020-08-12,33,30,2,7,6,5,"Mahape, Navi Mumbai"
2020-08-13,40,24,2,11,6,6,"Mahape, Navi Mumbai"
2020-08-14,45,32,3,9,6,6,"Mahape, Navi Mumbai"
2020-08-15,47,37,3,7,6,5,"Mahape, Navi Mumbai"
2020-08-16,48,29,3,8,6,7,"Mahape, Navi Mumbai"
2020-08-17,37,22,2,9,7,7,"Mahape, Navi Mumbai"
2020-08-18,37,22,2,8,7,7,"Mahape, Navi Mumbai"
2020-08-19,30,22,3,7,7,7,"Mahape, Navi Mumbai"
2020-08-20,28,14,2,8,7,7,"Mahape, Navi Mumbai"
2020-08-21,27,21,2,7,7,5,"Mahape, Navi Mumbai"
2020-08-22,19,21,2,5, ,5,"Mahape, Navi Mumbai"
2020-08-23, ,30,2,7,8,6,"Mahape, Navi Mumbai"
2020-08-24,36,35,2,7,7,7,"Mahape, Navi Mumbai"
2020-08-25,41,33,3,7,8,7,"Mahape, Navi Mumbai"
2020-08-26,42,33,2,6,8,7,"Mahape, Navi Mumbai"
2020-08-27,35,57,2,9,8,8,"Mahape, Navi Mumbai"
2020-08-28,33,12,2,10,8,9,"Mahape, Navi Mumbai"
2020-08-29,33,15,2,8,8,7,"Mahape, Navi Mumbai"
2020-08-30,824,19,3,8,8,9,"Mahape, Navi Mumbai"
2020-08-31,178,34,4,7,8,9,"Mahape, Navi Mumbai"
2020-09-01,54,42,6,5,9,7,"Mahape, Navi Mumbai"
2020-09-02,72,46,7,8,8,6,"Mahape, Navi Mumbai"
2020-09-03,71,46,13,11,8,8,"Mahape, Navi Mumbai"
2020-09-04,85,49,19,12,8,8,"Mahape, Navi Mumbai"
2020-09-05,94,63,10,10,9,9,"Mahape, Navi Mumbai"
2020-09-06,129,37,6,9,8,9,"Mahape, Navi Mumbai"
2020-09-07,85,63,7,9,9,14,"Mahape, Navi Mumbai"
2020-09-08,104, , , , , ,"Mahape, Navi Mumbai"
2020-09-09, ,60,9,12,8,16,"Mahape, Navi Mumbai"
2020-09-10,63,22, , , ,21,"Mahape, Navi Mumbai"
2020-09-11, ,26, ,6, ,15,"Mahape, Navi Mumbai"
2020-09-12, ,13, ,9, ,14,"Mahape, Navi Mumbai"
2020-09-13, ,38,2,7,8,19,"Mahape, Navi Mumbai"
2020-09-14,52,30, , , ,17,"Mahape, Navi Mumbai"
2020-09-15, , , , , ,14,"Mahape, Navi Mumbai"
2020-09-18, ,48,1,12,8,6,"Mahape, Navi Mumbai"
2020-09-19,87,61,4,11,8,7,"Mahape, Navi Mumbai"
2020-09-20,120,94,4,15,9,9,"Mahape, Navi Mumbai"
2020-09-21,163,87,2,17,9,8,"Mahape, Navi Mumbai"
2020-09-22,144,10,2,16,8,6,"Mahape, Navi Mumbai"
2020-09-23,40,75,2,13,9,8,"Mahape, Navi Mumbai"
2020-09-24,115,53,1,12,9,10,"Mahape, Navi Mumbai"
2020-09-25,85,63,1,11,10,9,"Mahape, Navi Mumbai"
2020-09-26,97,57,1,9,10,8,"Mahape, Navi Mumbai"
2020-09-27,84,59,2,7,9,7,"Mahape, Navi Mumbai"
2020-09-28,98,68,2,7,9,9,"Mahape, Navi Mumbai"
2020-09-29,113,82,2,23,11,10,"Mahape, Navi Mumbai"
2020-09-30,135,61,3,19,9,6,"Mahape, Navi Mumbai"
2020-10-01,88,66,6,13,9,6,"Mahape, Navi Mumbai"
2020-10-02,118,63,9, ,9,5,"Mahape, Navi Mumbai"
2020-10-03,111, , , , , ,"Mahape, Navi Mumbai"
2020-10-05, ,68,3,11,9,10,"Mahape, Navi Mumbai"
2020-10-06,106,71,114,9,15,7,"Mahape, Navi Mumbai"
2020-10-07,131,83,8,11,9,4,"Mahape, Navi Mumbai"
2020-10-08,148,78,10,11,9,5,"Mahape, Navi Mumbai"
2020-10-09,150,120,12,17,10,8,"Mahape, Navi Mumbai"
2020-10-10,195,68,5,17,9,8,"Mahape, Navi Mumbai"
2020-10-11,135, , , , , ,"Mahape, Navi Mumbai"
2020-10-14, ,40,2,13,9,10,"Mahape, Navi Mumbai"
2020-10-15,79,47,3,12,10,8,"Mahape, Navi Mumbai"
2020-10-16,80,69,3,13,9,6,"Mahape, Navi Mumbai"
2020-10-17,88,88,4,11,9,4,"Mahape, Navi Mumbai"
2020-10-18,119,68,6,10,9,6,"Mahape, Navi Mumbai"
2020-10-19,112,70,4,10,9,6,"Mahape, Navi Mumbai"
2020-10-20,133,64,6,9,10,6,"Mahape, Navi Mumbai"
2020-10-21,133,59,6,10,11,6,"Mahape, Navi Mumbai"
2020-10-22,128,89,8,9,10,5,"Mahape, Navi Mumbai"
2020-10-23,147,121,6,13,11,12,"Mahape, Navi Mumbai"
2020-10-24,179,67,5,8,10,6,"Mahape, Navi Mumbai"
2020-10-25,137,64,5,11,9,6,"Mahape, Navi Mumbai"
2020-10-26,129,82,15,22,10,7,"Mahape, Navi Mumbai"
2020-10-27,130,88,19,20,11,8,"Mahape, Navi Mumbai"
2020-10-28,152,101,28,24,12,10,"Mahape, Navi Mumbai"
2020-10-29,164,87,16,22,11,8,"Mahape, Navi Mumbai"
2020-10-30,146,77,20,18,12,8,"Mahape, Navi Mumbai"
2020-10-31,131,87,31,19,11,8,"Mahape, Navi Mumbai"
2020-11-01,150,110,34,20,11,11,"Mahape, Navi Mumbai"
2020-11-02,170,106,22,18,11,11,"Mahape, Navi Mumbai"
2020-11-03,169,146,31,21,78,12,"Mahape, Navi Mumbai"
2020-11-04,218,89,25,20,65, ,"Mahape, Navi Mumbai"
2020-11-05,161,122,25,22,68, ,"Mahape, Navi Mumbai"
2020-11-06,182,119,22,21,69, ,"Mahape, Navi Mumbai"
2020-11-07,162,85,27,19,69, ,"Mahape, Navi Mumbai"
2020-11-08,156,89,31,22,68, ,"Mahape, Navi Mumbai"
2020-11-09,156,105,23,26,70, ,"Mahape, Navi Mumbai"
2020-11-10,169,158,30,22,68, ,"Mahape, Navi Mumbai"
2020-11-11,227,160,37,23,66, ,"Mahape, Navi Mumbai"
2020-11-12,167,129,20,17,31, ,"Mahape, Navi Mumbai"
2020-11-13,164,238,17,17,13,14,"Mahape, Navi Mumbai"
2020-11-14,155,95,25,9,10, ,"Mahape, Navi Mumbai"
2020-11-15,186,91,17,6,10, ,"Mahape, Navi Mumbai"
2020-11-16,164,100,14,8,8, ,"Mahape, Navi Mumbai"
2020-11-17,163,141,27,8,9, ,"Mahape, Navi Mumbai"
2020-11-18,171,110,30,5,17, ,"Mahape, Navi Mumbai"
2020-11-19,240,103,34,7,9, ,"Mahape, Navi Mumbai"
2020-11-20,201,125,27,9,9,18,"Mahape, Navi Mumbai"
2020-11-21,161,104,41,12,5,7,"Mahape, Navi Mumbai"
2020-11-22,170,88,23,12,6,7,"Mahape, Navi Mumbai"
2020-11-23,136,87,37,9,35,2,"Mahape, Navi Mumbai"
2020-11-24,160,295,44,17,54,10,"Mahape, Navi Mumbai"
2020-11-25,176,105,35,9,9,5,"Mahape, Navi Mumbai"
2020-11-26,175,229,24,10,5,12,"Mahape, Navi Mumbai"
2020-11-27,166, , , , , ,"Mahape, Navi Mumbai"
2020-12-01, ,100,22,13,37,7,"Mahape, Navi Mumbai"
2020-12-02,165,107,33,15,43,7,"Mahape, Navi Mumbai"
2020-12-03,167,132,47,18,10,10,"Mahape, Navi Mumbai"
2020-12-04,176,125,68,13,9,14,"Mahape, Navi Mumbai"
2020-12-05,169,126,21,11,16,9,"Mahape, Navi Mumbai"
2020-12-06,184,139,26,9,17,9,"Mahape, Navi Mumbai"
2020-12-07,184,113,31,19,10,9,"Mahape, Navi Mumbai"
2020-12-08,161,110,28,30,4,9,"Mahape, Navi Mumbai"
2020-12-09,162,146,28,33,9,10,"Mahape, Navi Mumbai"
2020-12-10,214,93,13,22,20,5,"Mahape, Navi Mumbai"
2020-12-11,171,79,13,18,9,3,"Mahape, Navi Mumbai"
2020-12-12,161,74,14,14,6,3,"Mahape, Navi Mumbai"
2020-12-13,158,65,4,14,3,4,"Mahape, Navi Mumbai"
2020-12-14,154,91,28,22,1,5,"Mahape, Navi Mumbai"
2020-12-15,175,104,20,24,1,7,"Mahape, Navi Mumbai"
2020-12-16,182,109,14,25,2,6,"Mahape, Navi Mumbai"
2020-12-17,182,97,24,32,3,6,"Mahape, Navi Mumbai"
2020-12-18,164,105,23,34,4,8,"Mahape, Navi Mumbai"
2020-12-19,170,96,26,38,5,7,"Mahape, Navi Mumbai"
2020-12-20,168,129,23,37,6,8,"Mahape, Navi Mumbai"
2020-12-21,192,123,31,51,8,9,"Mahape, Navi Mumbai"
2020-12-22,162,247,27,59,9,14,"Mahape, Navi Mumbai"
2020-12-23,184,155,36,54,5,12,"Mahape, Navi Mumbai"
2020-12-24,176,237,37,41,6,18,"Mahape, Navi Mumbai"
2020-12-25,235,136,42,35,7,12,"Mahape, Navi Mumbai"
2020-12-26,194,116,39,20,3,8,"Mahape, Navi Mumbai"
2020-12-27,186,87,29,36,4,4,"Mahape, Navi Mumbai"
2020-12-28,150,120,41,76,6,7,"Mahape, Navi Mumbai"
2020-12-29,166,125,28,40,4,7,"Mahape, Navi Mumbai"
2020-12-30,172,126,24,22,3,11,"Mahape, Navi Mumbai"
2020-12-31,181,178,16,30,12,14,"Mahape, Navi Mumbai"
2021-01-01,355,141,21,37,2,12,"Mahape, Navi Mumbai"
2021-01-02,213,135,39,24,2,9,"Mahape, Navi Mumbai"
2021-01-03,201,137,38,34,3,11,"Mahape, Navi Mumbai"
2021-01-04,195,141,40,26,3,10,"Mahape, Navi Mumbai"
2021-01-05,207,144,37,26,19,11,"Mahape, Navi Mumbai"
2021-01-06,214,145,47,26,13,11,"Mahape, Navi Mumbai"
2021-01-07,208,161,11,29,20,10,"Mahape, Navi Mumbai"
2021-01-08,233,105,19,21,4,10,"Mahape, Navi Mumbai"
2021-01-09,176,108,22,24,5,10,"Mahape, Navi Mumbai"
2021-01-10,181,119,22,21,5,11,"Mahape, Navi Mumbai"
2021-01-11,178,108,29,20,6,9,"Mahape, Navi Mumbai"
2021-01-12,169,91,26,20,7,7,"Mahape, Navi Mumbai"
2021-01-13,151,108,44,32,8,10,"Mahape, Navi Mumbai"
2021-01-14,169,163,35,43,8,10,"Mahape, Navi Mumbai"
2021-01-15,200,405,43,37,7,11,"Mahape, Navi Mumbai"
2021-01-16,183,156,47,47,10,14,"Mahape, Navi Mumbai"
2021-01-17,194,115,36,26,7,12,"Mahape, Navi Mumbai"
2021-01-18,160,133,36,35,9,12,"Mahape, Navi Mumbai"
2021-01-19,174,109,30,28,5,10,"Mahape, Navi Mumbai"
2021-01-20,158,146,43,45,8,14,"Mahape, Navi Mumbai"
2021-01-21,189,190,46,38,8,15,"Mahape, Navi Mumbai"
2021-01-22,224,157,47,38,7,15,"Mahape, Navi Mumbai"
2021-01-23,219,126,36,23,8,11,"Mahape, Navi Mumbai"
2021-01-24,168,208,41,32,8,12,"Mahape, Navi Mumbai"
2021-01-25,177,139,54,26,8,11,"Mahape, Navi Mumbai"
2021-01-26,181,151,51,34,8,14,"Mahape, Navi Mumbai"
2021-01-27,188,171,54,38,9,14,"Mahape, Navi Mumbai"
2021-01-28,199,166,57,33,11,14,"Mahape, Navi Mumbai"
2021-01-29,215,176,33,39,11,15,"Mahape, Navi Mumbai"
2021-01-30,210,124,41,38,12,13,"Mahape, Navi Mumbai"
2021-01-31,172,123,24,34,12,13,"Mahape, Navi Mumbai"
2021-02-01,176,137,20,33,11,17,"Mahape, Navi Mumbai"
2021-02-02,168,168,31,43,11,18,"Mahape, Navi Mumbai"
2021-02-03,181,145,45,38,12,16,"Mahape, Navi Mumbai"
2021-02-04,186,123,34,28,11,13,"Mahape, Navi Mumbai"
2021-02-05,173,93,32,19,10,9,"Mahape, Navi Mumbai"
2021-02-06,155,132,35,22,10,10,"Mahape, Navi Mumbai"
2021-02-07,202,115,69,31,10,14,"Mahape, Navi Mumbai"
2021-02-08,164,145,45,46,14,14,"Mahape, Navi Mumbai"
2021-02-09,179,191,48,35,17,15,"Mahape, Navi Mumbai"
2021-02-10,225,285,38,46,14,24,"Mahape, Navi Mumbai"
2021-02-11,309,306,34,53,21,27,"Mahape, Navi Mumbai"
2021-02-12,308,185,26,46,19,16,"Mahape, Navi Mumbai"
2021-02-13,228,235,3,29,18,16,"Mahape, Navi Mumbai"
2021-02-14,257,169,24,34,10,10,"Mahape, Navi Mumbai"
2021-02-15,229,103,16,32,9,7,"Mahape, Navi Mumbai"
2021-02-16,164,112,26,25,8,7,"Mahape, Navi Mumbai"
2021-02-17,174,207,33,45,13,13,"Mahape, Navi Mumbai"
2021-02-18,254,86,26,28,9,8,"Mahape, Navi Mumbai"
2021-02-19,143,81,18,26,10,8,"Mahape, Navi Mumbai"
2021-02-20,139,90,23,29,13,10,"Mahape, Navi Mumbai"
2021-02-21,151,97,39,31,14,9,"Mahape, Navi Mumbai"
2021-02-22,163,127,67,40,14,12,"Mahape, Navi Mumbai"
2021-02-23,179,143,52,45,17,13,"Mahape, Navi Mumbai"
2021-02-24,188,124,44,34,17,11,"Mahape, Navi Mumbai"
2021-02-25,173,109,32,29,13,10,"Mahape, Navi Mumbai"
2021-02-26,146,147,28,34,13,11,"Mahape, Navi Mumbai"
2021-02-27,167,126,12,43,13,12,"Mahape, Navi Mumbai"
2021-02-28,164,98,35,23,15,7,"Mahape, Navi Mumbai"
2021-03-01,159,117,28,28,15,9,"Mahape, Navi Mumbai"
2021-03-02,146,138,47,41,18,13,"Mahape, Navi Mumbai"
2021-03-03,182,204,43,52,17,16,"Mahape, Navi Mumbai"
2021-03-04,187,193,49,48,20,16,"Mahape, Navi Mumbai"
2021-03-05,200,132,19,35,9,10,"Mahape, Navi Mumbai"
2021-03-06,174,125,25,29,11,11,"Mahape, Navi Mumbai"
2021-03-07,148,126,24,23,13,13,"Mahape, Navi Mumbai"
2021-03-08,162,148,36,30,14,11,"Mahape, Navi Mumbai"
2021-03-09,171,115,33,42,14,12,"Mahape, Navi Mumbai"
2021-03-10,162,122,17,32,12,9,"Mahape, Navi Mumbai"
2021-03-11,151,108,22,26,12,6,"Mahape, Navi Mumbai"
2021-03-12,192,106,32,24,13,6,"Mahape, Navi Mumbai"
2021-03-13,154,142,46,33,16,12,"Mahape, Navi Mumbai"
2021-03-14,169,147,43,28,15,13,"Mahape, Navi Mumbai"
2021-03-15,172,142,30,15,11,11,"Mahape, Navi Mumbai"
2021-03-16,161,129,32,28,15,10,"Mahape, Navi Mumbai"
2021-03-17,161,142,31,42,14,13,"Mahape, Navi Mumbai"
2021-03-18,176,133,21,26,14,4,"Mahape, Navi Mumbai"
2021-03-19,157,132,13,13,9,7,"Mahape, Navi Mumbai"
2021-03-20,147,140,32,23,9,10,"Mahape, Navi Mumbai"
2021-03-21,162,121,29,21,24,10,"Mahape, Navi Mumbai"
2021-03-22,191,131,41,32,29,10,"Mahape, Navi Mumbai"
2021-03-23,165,125,48,35,14,10,"Mahape, Navi Mumbai"
2021-03-24,170,102,25,30,14,18,"Mahape, Navi Mumbai"
2021-03-25,140,102,41,30,16,9,"Mahape, Navi Mumbai"
2021-03-26,147,120,65,41,20,13,"Mahape, Navi Mumbai"
2021-03-27,161,152,18,30,15,13,"Mahape, Navi Mumbai"
2021-03-28,170,93,21,14,7,7,"Mahape, Navi Mumbai"
2021-03-29,142,69,13,20,7,5,"Mahape, Navi Mumbai"
2021-03-30,89,81,17,16,7,4,"Mahape, Navi Mumbai"
2021-03-31,104,106,10,14,7,3,"Mahape, Navi Mumbai"
2021-04-01,107,122,13,17,8,3,"Mahape, Navi Mumbai"
2021-04-02,113,97,11,15,8,3,"Mahape, Navi Mumbai"
2021-04-03,93,84,18,11,6,2,"Mahape, Navi Mumbai"
2021-04-04,88,74,16,12,6,4,"Mahape, Navi Mumbai"
2021-04-05,83,94,29,17,11,6,"Mahape, Navi Mumbai"
2021-04-06,129,106,24,21,11,7,"Mahape, Navi Mumbai"
2021-04-07,130,103,10,17,10,7,"Mahape, Navi Mumbai"
2021-04-08,115,93,20,18,7,5,"Mahape, Navi Mumbai"
2021-04-09,105,97,20,13,6,4,"Mahape, Navi Mumbai"
2021-04-10,99,81,28,11,6,4,"Mahape, Navi Mumbai"
2021-04-11,104,84,24,19,6,5,"Mahape, Navi Mumbai"
2021-04-12,109,94,24,21,9,7,"Mahape, Navi Mumbai"
2021-04-13,132,70,22,18,6,5,"Mahape, Navi Mumbai"
2021-04-14,99,275,25,18,6,5,"Mahape, Navi Mumbai"
2021-04-15,116, ,16,12,6,5,"Mahape, Navi Mumbai"
2021-04-16,111,76,10,12,4,4,"Mahape, Navi Mumbai"
2021-04-17,88,74,16,13,4,4,"Mahape, Navi Mumbai"
2021-04-18,120,77,6,16,3,3,"Mahape, Navi Mumbai"
2021-04-19,105,64,7,12,3,2,"Mahape, Navi Mumbai"
2021-04-20,80,135,5,9,15,5,"Mahape, Navi Mumbai"
2021-04-21,166,239,16,11,3,4,"Mahape, Navi Mumbai"
2021-04-22,88,70,20,13,4,4,"Mahape, Navi Mumbai"
2021-04-23,89,66,14,11,4,4,"Mahape, Navi Mumbai"
2021-04-24,83,77,17,12,3,5,"Mahape, Navi Mumbai"
2021-04-25,101,105,11,16,3,5,"Mahape, Navi Mumbai"
2021-04-26,128,115,10,15,3,4,"Mahape, Navi Mumbai"
2021-04-27,110,99,3,17,3,7,"Mahape, Navi Mumbai"
2021-04-28,123,71,10,13,3,4,"Mahape, Navi Mumbai"
2021-04-29,82,68,6,15,3,5,"Mahape, Navi Mumbai"
2021-04-30,92,65,14,11,4,5,"Mahape, Navi Mumbai"
2021-05-01,88,62,15,12,3,5,"Mahape, Navi Mumbai"
2021-05-02,97,73,28,18,4,6,"Mahape, Navi Mumbai"
2021-05-03,131,64,15,14,3,6,"Mahape, Navi Mumbai"
2021-05-04,88,66,13,13,3,5,"Mahape, Navi Mumbai"
2021-05-05,106,51,4,8,3,4,"Mahape, Navi Mumbai"
2021-05-06,77,55,7,9,3,4,"Mahape, Navi Mumbai"
2021-05-07,80,49,10,8,3,3,"Mahape, Navi Mumbai"
2021-05-08,80,56,4,6,3,3,"Mahape, Navi Mumbai"
2021-05-09,65,47,6,5,3,3,"Mahape, Navi Mumbai"
2021-05-10,56,37,2,4,2,3,"Mahape, Navi Mumbai"
2021-05-11,61,34,4,5,3,3,"Mahape, Navi Mumbai"
2021-05-12,58,52,4,5,3,4,"Mahape, Navi Mumbai"
2021-05-13,61,84,5,5,21,4,"Mahape, Navi Mumbai"
2021-05-14,98,110,18,12,4,6,"Mahape, Navi Mumbai"
2021-05-15,143,41,5,9,17,5,"Mahape, Navi Mumbai"
2021-05-16,33,122,3,6,62,9,"Mahape, Navi Mumbai"
2021-05-17,120,43, ,3,23,24,"Mahape, Navi Mumbai"
2021-05-18,10,48, ,8,3,26,"Mahape, Navi Mumbai"
2021-05-19,24,101,4,8,3,26,"Mahape, Navi Mumbai"
2021-05-20,57,91,4,6,19,25,"Mahape, Navi Mumbai"
2021-05-21,55,78,4,6,5,25,"Mahape, Navi Mumbai"
2021-05-22,106,63,2,4,3,23,"Mahape, Navi Mumbai"
2021-05-23,85,57,4,3,3,23,"Mahape, Navi Mumbai"
2021-05-24,76,58,2,3,3,22,"Mahape, Navi Mumbai"
2021-05-25,72,66,1,6,3,23,"Mahape, Navi Mumbai"
2021-05-26,70,66, ,6,3,22,"Mahape, Navi Mumbai"
2021-05-27,77,123, ,6,30,24,"Mahape, Navi Mumbai"
2021-05-28,133,63, ,7,4,24,"Mahape, Navi Mumbai"
2021-05-29,76,55,8,6,4,23,"Mahape, Navi Mumbai"
2021-05-30,72,54,12,9,4,26,"Mahape, Navi Mumbai"
2021-05-31,87,47,4,7,4,24,"Mahape, Navi Mumbai"
2021-06-01,70,44,7,10,4,25,"Mahape, Navi Mumbai"
2021-06-02,76,41,6,14,4,24,"Mahape, Navi Mumbai"
2021-06-03,72,46,5,15,4,24,"Mahape, Navi Mumbai"
2021-06-04,81,65,3,18,4,26,"Mahape, Navi Mumbai"
2021-06-05,104,48,1,12,3,24,"Mahape, Navi Mumbai"
2021-06-06,73,42, ,9,4,25,"Mahape, Navi Mumbai"
2021-06-07,66,50,30,9,4,25,"Mahape, Navi Mumbai"
2021-06-08,69,23,4,8,4,24,"Mahape, Navi Mumbai"
2021-06-09,60,23, ,11,4,24,"Mahape, Navi Mumbai"
2021-06-10,63,102,2,9,14,15,"Mahape, Navi Mumbai"
2021-06-11,147,18, ,9,3,2,"Mahape, Navi Mumbai"
2021-06-12,50,33, ,10,4,1,"Mahape, Navi Mumbai"
2021-06-13,66,55, ,9,4,2,"Mahape, Navi Mumbai"
2021-06-14,86,42, ,8,4,3,"Mahape, Navi Mumbai"
2021-06-15,72,34,23,10,4,3,"Mahape, Navi Mumbai"
2021-06-16,66,39,1,11,5,4,"Mahape, Navi Mumbai"
2021-06-17,79,58,2,11,4,3,"Mahape, Navi Mumbai"
2021-06-18,106,41, ,12,4,3,"Mahape, Navi Mumbai"
2021-06-19,81,84,2,10,4,3,"Mahape, Navi Mumbai"
2021-06-20,133,67,1,10,21,4,"Mahape, Navi Mumbai"
2021-06-21,120,93,3,10,40,4,"Mahape, Navi Mumbai"
2021-06-22,115,62,1,8,6,5,"Mahape, Navi Mumbai"
2021-06-23,103,48,80,8,4,4,"Mahape, Navi Mumbai"
2021-06-24,89,34,2,12,4,6,"Mahape, Navi Mumbai"
2021-06-25,83,47,4,7,4,3,"Mahape, Navi Mumbai"
2021-06-26,75,37,2,10,4,6,"Mahape, Navi Mumbai"
2021-06-27,105,44,3,10,4,6,"Mahape, Navi Mumbai"
2021-06-28,91,48,2,13,4,6,"Mahape, Navi Mumbai"
2021-06-29,80,42,4,8,4,6,"Mahape, Navi Mumbai"
2021-06-30,74,51,1,8,4,6,"Mahape, Navi Mumbai"
2021-07-01,79,50,2,7,4,5,"Mahape, Navi Mumbai"
2021-07-02,71,51,1,3,4,4,"Mahape, Navi Mumbai"
2021-07-03,69,46,3,2,4,4,"Mahape, Navi Mumbai"
2021-07-04,72,77,5,2,4,4,"Mahape, Navi Mumbai"
2021-07-05,143,56,4,3,4,4,"Mahape, Navi Mumbai"
2021-07-06,88,55,5,2,4,4,"Mahape, Navi Mumbai"
2021-07-07,90,42,2,2,5,8,"Mahape, Navi Mumbai"
2021-07-08,94,42,2,4,4,6,"Mahape, Navi Mumbai"
2021-07-09,91,59,2,3,4,6,"Mahape, Navi Mumbai"
2021-07-10,127,23,1,2,4,5,"Mahape, Navi Mumbai"
2021-07-11,56,25,1,4,4,5,"Mahape, Navi Mumbai"
2021-07-12,65,84,1,6,86,6,"Mahape, Navi Mumbai"
2021-07-13,89,19,1,7,165,5,"Mahape, Navi Mumbai"
2021-07-14,62,24,1,10,22,5,"Mahape, Navi Mumbai"
2021-07-15,63,16,1,10,12,5,"Mahape, Navi Mumbai"
2021-07-16,57,58,14,8,4,4,"Mahape, Navi Mumbai"
2021-07-17,86,258,1,7,3,5,"Mahape, Navi Mumbai"
2021-07-18,118,32, ,9,3,7,"Mahape, Navi Mumbai"
2021-07-19,67,39,1,8,3,6,"Mahape, Navi Mumbai"
2021-07-20,69,87,1,5,6,5,"Mahape, Navi Mumbai"
2021-07-21,126,44,1,5,4,3,"Mahape, Navi Mumbai"
2021-07-22,65,42,1,6,5,4,"Mahape, Navi Mumbai"
2021-07-23,71,32,1,5,4,3,"Mahape, Navi Mumbai"
2021-07-24,337,34,1,5,4,4,"Mahape, Navi Mumbai"
2021-07-25,56,37,1,6,5,4,"Mahape, Navi Mumbai"
2021-07-26,131,56,1,7,5,4,"Mahape, Navi Mumbai"
2021-07-27,117,38,1,8,6,5,"Mahape, Navi Mumbai"
2021-07-28,69,39,1,8,7,5,"Mahape, Navi Mumbai"
2021-07-29,71,43,1,9,7,5,"Mahape, Navi Mumbai"
2021-07-30,68,36,2,7,7,4,"Mahape, Navi Mumbai"
2021-07-31,64,29,2,6,6,4,"Mahape, Navi Mumbai"
2021-08-01,60,60,1,7,7,5,"Mahape, Navi Mumbai"
2021-08-02,96,27,1,7,7,5,"Mahape, Navi Mumbai"
2021-08-03,66,31,1,7,7,3,"Mahape, Navi Mumbai"
2021-08-04,67,48,1,6,8,4,"Mahape, Navi Mumbai"
2021-08-05,67,49, , , ,4,"Mahape, Navi Mumbai"
2021-08-06, ,39,3,6,9,3,"Mahape, Navi Mumbai"
2021-08-07,76,51,3,9,10,5,"Mahape, Navi Mumbai"
2021-08-08,93,123,2,9,9,5,"Mahape, Navi Mumbai"
2021-08-09,148,53,2,10,10,5,"Mahape, Navi Mumbai"
2021-08-10,88,41,3,8,9,4,"Mahape, Navi Mumbai"
2021-08-11,89,40,2,9,10,8,"Mahape, Navi Mumbai"
2021-08-12,91,34,3,7,11,6,"Mahape, Navi Mumbai"
2021-08-13,81,27,3,8,10,7,"Mahape, Navi Mumbai"
2021-08-14,80,16,6,8,10,7,"Mahape, Navi Mumbai"
2021-08-15,78,23,2,6,12,7,"Mahape, Navi Mumbai"
2021-08-16,96,150,3,10,14,10,"Mahape, Navi Mumbai"
2021-08-17,144,40,2,7,15,8,"Mahape, Navi Mumbai"
2021-08-18,84,34,2,8,14,10,"Mahape, Navi Mumbai"
2021-08-19,85,35,5,8,14,10,"Mahape, Navi Mumbai"
2021-08-20,79,32,2,9,13,8,"Mahape, Navi Mumbai"
2021-08-21,70,57,2,8,12,8,"Mahape, Navi Mumbai"
2021-08-22,85,59,2,8,10,7,"Mahape, Navi Mumbai"
2021-08-23,66,121,10,9,11,6,"Mahape, Navi Mumbai"
2021-08-24,141,66,6,6,12,7,"Mahape, Navi Mumbai"
2021-08-25,96,65,5,6,12,9,"Mahape, Navi Mumbai"
2021-08-26,90,71,6,8,12,8,"Mahape, Navi Mumbai"
2021-08-27,90,73,6,6,13,7,"Mahape, Navi Mumbai"
2021-08-28,110,71,7,4,11,7,"Mahape, Navi Mumbai"
2021-08-29,111,70,8,6,10,9,"Mahape, Navi Mumbai"
2021-08-30,122,38,3,10,7,8,"Mahape, Navi Mumbai"
2021-08-31,89,37,1,9,7,8,"Mahape, Navi Mumbai"
2021-09-01,72,62,2,9,6,7,"Mahape, Navi Mumbai"
2021-09-02,116,62,4,11,7,8,"Mahape, Navi Mumbai"
2021-09-03,124,42,3,9,6,8,"Mahape, Navi Mumbai"
2021-09-04,97,46,5,6,7,9,"Mahape, Navi Mumbai"
2021-09-05,105,39,4,8,6,7,"Mahape, Navi Mumbai"
2021-09-06,87,38,3,12,6,9,"Mahape, Navi Mumbai"
2021-09-07,103,24,2,14,6,7,"Mahape, Navi Mumbai"
2021-09-08,68,32,1,8,5,6,"Mahape, Navi Mumbai"
2021-09-09,68,32,2,6,5,5,"Mahape, Navi Mumbai"
2021-09-10,62,63,1,7,5,6,"Mahape, Navi Mumbai"
2021-09-11,59,24,3,11,5,6,"Mahape, Navi Mumbai"
2021-09-12,65,36,2,10,5,6,"Mahape, Navi Mumbai"
2021-09-13,68,65,2,7,5,5,"Mahape, Navi Mumbai"
2021-09-14,83,73,1,8,5,7,"Mahape, Navi Mumbai"
2021-09-15,185,64,2,7,5,6,"Mahape, Navi Mumbai"
2021-09-16,110,66,1,8,5,7,"Mahape, Navi Mumbai"
2021-09-17,86,62,2,8,5,7,"Mahape, Navi Mumbai"
2021-09-18,78,34,2,7,5,6,"Mahape, Navi Mumbai"
2021-09-19,61,35,2,7,5,8,"Mahape, Navi Mumbai"
2021-09-20,67,30,2,6,5,8,"Mahape, Navi Mumbai"
2021-09-21,67,40,4,5,6,11,"Mahape, Navi Mumbai"
2021-09-22,95,65,8,8,7,12,"Mahape, Navi Mumbai"
2021-09-23,128,198,7,9,6,10,"Mahape, Navi Mumbai"
2021-09-24,107,71,9,11,6,10,"Mahape, Navi Mumbai"
2021-09-25,119,61,9,8,6,10,"Mahape, Navi Mumbai"
2021-09-26,108,60,10,7,6,12,"Mahape, Navi Mumbai"
2021-09-27,112,52,4,6,6,9,"Mahape, Navi Mumbai"
2021-09-28,197,51,1,8,5,7,"Mahape, Navi Mumbai"
2021-09-29,101,42,9,6,5,7,"Mahape, Navi Mumbai"
2021-09-30,65,61,8,6,5,8,"Mahape, Navi Mumbai"
2021-10-01,99,59,4,5,5,7,"Mahape, Navi Mumbai"
2021-10-02,103,62,18,6,5,8,"Mahape, Navi Mumbai"
2021-10-03,119,61,8,6,5,7,"Mahape, Navi Mumbai"
2021-10-04,118,57,12,6,6,7,"Mahape, Navi Mumbai"
2021-10-05,112,52,10,7,10,6,"Mahape, Navi Mumbai"
2021-10-06,98,79,6,20,7,12,"Mahape, Navi Mumbai"
2021-10-07,153,107,5,11,6,9,"Mahape, Navi Mumbai"
2021-10-08,161,47,7,10,5,7,"Mahape, Navi Mumbai"
2021-10-09,92,42,7,11,6,7,"Mahape, Navi Mumbai"
2021-10-10,104,81,6,12,18,9,"Mahape, Navi Mumbai"
2021-10-11,149,44,7,15,2,5,"Mahape, Navi Mumbai"
2021-10-12,130,55,19,17,1,5,"Mahape, Navi Mumbai"
2021-10-13,173,63,8,14,1,5,"Mahape, Navi Mumbai"
2021-10-14,154,64,11,16,1,6,"Mahape, Navi Mumbai"
2021-10-15,137,64,22,18, ,6,"Mahape, Navi Mumbai"
2021-10-16,138,77,35,23,1,9,"Mahape, Navi Mumbai"
2021-10-17,165,63,23,19,1,7,"Mahape, Navi Mumbai"
2021-10-18,124,54,15,12,1,6,"Mahape, Navi Mumbai"
2021-10-19,130,54,12,12,1,6,"Mahape, Navi Mumbai"
2021-10-20,124,57,19,16,2,7,"Mahape, Navi Mumbai"
2021-10-21,147,263,17,19,4,10,"Mahape, Navi Mumbai"
2021-10-22,317,77,16,15,4,8,"Mahape, Navi Mumbai"
2021-10-23,141,67,19,10,3,6,"Mahape, Navi Mumbai"
2021-10-24,120,62,12,10,4,6,"Mahape, Navi Mumbai"
2021-10-25,115,73,14,15,3,7,"Mahape, Navi Mumbai"
2021-10-26,130,108,13,19,4,7,"Mahape, Navi Mumbai"
2021-10-27,155,68,16,21,5,7,"Mahape, Navi Mumbai"
2021-10-28,214,55,16,23,4,7,"Mahape, Navi Mumbai"
2021-10-29,131,57,22,21,4,7,"Mahape, Navi Mumbai"
2021-10-30,143,94,43,21,5,9,"Mahape, Navi Mumbai"
2021-10-31,162,186,54,21,5,12,"Mahape, Navi Mumbai"
2021-11-01,211,94,15,27,6,11,"Mahape, Navi Mumbai"
2021-11-02,163,118,17,20,6,9,"Mahape, Navi Mumbai"
2021-11-03,193,93,26,19,5,9,"Mahape, Navi Mumbai"
2021-11-04,179,86,24,16,6,8,"Mahape, Navi Mumbai"
2021-11-05,172,56,8,11,6,8,"Mahape, Navi Mumbai"
2021-11-06,151,71,16,15,6,8,"Mahape, Navi Mumbai"
2021-11-07,159,147,25,23,6,11,"Mahape, Navi Mumbai"
2021-11-08,196,161,18,24,7,13,"Mahape, Navi Mumbai"
2021-11-09,217,97,17,35,8,13,"Mahape, Navi Mumbai"
2021-11-10,164,107,20,34,8,12,"Mahape, Navi Mumbai"
2021-11-11,169,125,21,32,9,13,"Mahape, Navi Mumbai"
2021-11-12,203,96,21,28,7,13,"Mahape, Navi Mumbai"
2021-11-13,284, , , , , ,"Mahape, Navi Mumbai"
2021-11-14, ,96,13,20,10,13,"Mahape, Navi Mumbai"
2021-11-15,298,106,11,20,10,12,"Mahape, Navi Mumbai"
2021-11-16,186,97,5,25,7,12,"Mahape, Navi Mumbai"
2021-11-17,171,94,14,15,6,9,"Mahape, Navi Mumbai"
2021-11-18,160,104,16,18,8,11,"Mahape, Navi Mumbai"
2021-11-19,133,55,5,15,10,9,"Mahape, Navi Mumbai"
2021-11-20,128,35,5,13,7,7,"Mahape, Navi Mumbai"
2021-11-21,73,92,8,14,11,11,"Mahape, Navi Mumbai"
2021-11-22,118,60,14,11,10,10,"Mahape, Navi Mumbai"
2021-11-23,125,78,14,14,11,12,"Mahape, Navi Mumbai"
2021-11-24,165,68,20,22,8,10,"Mahape, Navi Mumbai"
2021-11-25,161,144,18,25,9,12,"Mahape, Navi Mumbai"
2021-11-26,183,89,17,21,11,14,"Mahape, Navi Mumbai"
2021-11-27,165,85,15,21,10,14,"Mahape, Navi Mumbai"
2021-11-28,159,79,19,24,10,12,"Mahape, Navi Mumbai"
2021-11-29,163,95,15,25,10,11,"Mahape, Navi Mumbai"
2021-11-30,164,59,8,19,9,12,"Mahape, Navi Mumbai"
2021-12-01,161,189,4,14,11,14,"Mahape, Navi Mumbai"
2021-12-02,214,62,21,15,11,15,"Mahape, Navi Mumbai"
2021-12-03,149,71,15,18,12,16,"Mahape, Navi Mumbai"
2021-12-04,158,57,14,13,11,15,"Mahape, Navi Mumbai"
2021-12-05,143,55,23,14,10,13,"Mahape, Navi Mumbai"
2021-12-06,161,63,23,21,9,15,"Mahape, Navi Mumbai"
2021-12-07,179,62,17,25,10,15,"Mahape, Navi Mumbai"
2021-12-08,184,61,31,21,10,15,"Mahape, Navi Mumbai"
2021-12-09,179,83,16,17,10,13,"Mahape, Navi Mumbai"
2021-12-10,168,117, , , ,16,"Mahape, Navi Mumbai"
2021-12-11, ,99,18,18,12,16,"Mahape, Navi Mumbai"
2021-12-12,171, , , , , ,"Mahape, Navi Mumbai"
2021-12-13, ,141,31,19,12,16,"Mahape, Navi Mumbai"
2021-12-14,161,106,46,20,13,18,"Mahape, Navi Mumbai"
2021-12-15,186,129,49,19,15,22,"Mahape, Navi Mumbai"
2021-12-16,216,130,9,24,14,21,"Mahape, Navi Mumbai"
2021-12-17,207,103,33,18,13,17,"Mahape, Navi Mumbai"
2021-12-18,190,95,23,11,12,15,"Mahape, Navi Mumbai"
2021-12-19,188, , , , , ,"Mahape, Navi Mumbai"
2021-12-20, ,223,28,26,22,19,"Mahape, Navi Mumbai"
2021-12-21,275,144,39,20,25,22,"Mahape, Navi Mumbai"
2021-12-22,211,108,55,22,25,22,"Mahape, Navi Mumbai"
2021-12-23,205,181,3,17,25,22,"Mahape, Navi Mumbai"
2021-12-24,211,82,26,10,19,17,"Mahape, Navi Mumbai"
2021-12-25,162,97,42,17,22,19,"Mahape, Navi Mumbai"
2021-12-26,177,154,38,19,25,22,"Mahape, Navi Mumbai"
2021-12-27,211,106,38,18,26,20,"Mahape, Navi Mumbai"
2021-12-28,184,66,20,15,22,15,"Mahape, Navi Mumbai"
2021-12-29,143,76,13,17,22,17,"Mahape, Navi Mumbai"
2021-12-30,168,68,17,15,24,17,"Mahape, Navi Mumbai"
2021-12-31,166,67,24,16,25,20,"Mahape, Navi Mumbai"
2022-01-01,165,67,23,16,24,19,"Mahape, Navi Mumbai"
2022-01-02,165,86,28,20,25,21,"Mahape, Navi Mumbai"
2022-01-03,170,153,30,25,28,24,"Mahape, Navi Mumbai"
2022-01-04,183,125,36,24,29,25,"Mahape, Navi Mumbai"
2022-01-05,208,98,28,14,26,21,"Mahape, Navi Mumbai"
2022-01-06,182,147,24,18,28,22,"Mahape, Navi Mumbai"
2022-01-07,224,99,14,14,29,20,"Mahape, Navi Mumbai"
2022-01-08,158,76,25,11,22,16,"Mahape, Navi Mumbai"
2022-01-09,132,77,13,19,20,18,"Mahape, Navi Mumbai"
2022-01-10,115,116,42,22,22,21,"Mahape, Navi Mumbai"
2022-01-11,147,155,32,20,24,20,"Mahape, Navi Mumbai"
2022-01-12,174,115,35,20,23,21,"Mahape, Navi Mumbai"
2022-01-13,151,130,32,19,24,23,"Mahape, Navi Mumbai"
2022-01-14,152,110,19,18,24,22,"Mahape, Navi Mumbai"
2022-01-15,126,98,20,17,25,22,"Mahape, Navi Mumbai"
2022-01-16,118,105,20,21,25,23,"Mahape, Navi Mumbai"
2022-01-17,136,101,26,20,24,22,"Mahape, Navi Mumbai"
2022-01-18,137,259,38,23,24,23,"Mahape, Navi Mumbai"
2022-01-19,156,160,34,22,23,26,"Mahape, Navi Mumbai"
2022-01-20,201,91,22,13,27,22,"Mahape, Navi Mumbai"
2022-01-21,125,92,10,11,27,21,"Mahape, Navi Mumbai"
2022-01-22,119,476,24,11,22,18,"Mahape, Navi Mumbai"
2022-01-23,297,277,19,20,15,19,"Mahape, Navi Mumbai"
2022-01-24,185,181,127,30,10,17,"Mahape, Navi Mumbai"
2022-01-25,178,157,37,23,10,19,"Mahape, Navi Mumbai"
2022-01-26,174,143,29,32,11,20,"Mahape, Navi Mumbai"
2022-01-27,166,99,25,30,11,17,"Mahape, Navi Mumbai"
2022-01-28,135,168,35,37,12,20,"Mahape, Navi Mumbai"
2022-01-29,177,119,41,33,11,20,"Mahape, Navi Mumbai"
2022-01-30,139,123,41,29,11,20,"Mahape, Navi Mumbai"
2022-01-31,139,150,30,34,10,22,"Mahape, Navi Mumbai"
2022-02-01,146,152,43,32,10,23,"Mahape, Navi Mumbai"
2022-02-02,179,142,21,26,10,23,"Mahape, Navi Mumbai"
2022-02-03,151,162,25,20,10,18,"Mahape, Navi Mumbai"
2022-02-04,158,181,39,31,10,18,"Mahape, Navi Mumbai"
2022-02-05,160,161,49,32,10,20,"Mahape, Navi Mumbai"
2022-02-06,157,137,31,22,8,19,"Mahape, Navi Mumbai"
2022-02-07,165,105,23,18,8,17,"Mahape, Navi Mumbai"
2022-02-08,136,175,18,20,13,20,"Mahape, Navi Mumbai"
2022-02-09,206,119,27,28,9,19,"Mahape, Navi Mumbai"
2022-02-10,137,90,26,25,10,16,"Mahape, Navi Mumbai"
2022-02-11,98,90,48,20,10,17,"Mahape, Navi Mumbai"
2022-02-12,94,107,45,26,10,19,"Mahape, Navi Mumbai"
2022-02-13,117,104,31,26,9,19,"Mahape, Navi Mumbai"
2022-02-14,116,94,26,22,9,18,"Mahape, Navi Mumbai"
2022-02-15,97,97,23,20,9,19,"Mahape, Navi Mumbai"
2022-02-16,100,100,24,24,10,20,"Mahape, Navi Mumbai"
2022-02-17,108,129,24,30,12,23,"Mahape, Navi Mumbai"
2022-02-18,123,123,30,31,11,23,"Mahape, Navi Mumbai"
2022-02-19,121,120,33,27,10,22,"Mahape, Navi Mumbai"
2022-02-20,116,116,2,38,9,23,"Mahape, Navi Mumbai"
2022-02-21,121,107,46,16,14,18,"Mahape, Navi Mumbai"
2022-02-22,161,137,44,29,11,24,"Mahape, Navi Mumbai"
2022-02-23,123,198,51,41,13,32,"Mahape, Navi Mumbai"
2022-02-24,151,175,47,34,12,24,"Mahape, Navi Mumbai"
2022-02-25,135,181,38,34,12,26,"Mahape, Navi Mumbai"
2022-02-26,128,134,9,28,15,24,"Mahape, Navi Mumbai"
2022-02-27,132,145,40,30,12,24,"Mahape, Navi Mumbai"
2022-02-28,101,154,10,42,11,24,"Mahape, Navi Mumbai"
2022-03-01,134,224,54,32,13,25,"Mahape, Navi Mumbai"
2022-03-02,127,880,39,38,14,26,"Mahape, Navi Mumbai"
2022-03-03,130,880,41,23,12,20,"Mahape, Navi Mumbai"
2022-03-04,80, ,41,33,12,22,"Mahape, Navi Mumbai"
2022-03-05,92, ,40,33,13,24,"Mahape, Navi Mumbai"
2022-03-06,110,880,33,44,14,27,"Mahape, Navi Mumbai"
2022-03-07,127,878,68,37,13,26,"Mahape, Navi Mumbai"
2022-03-08,137, ,28,36,11,27,"Mahape, Navi Mumbai"
2022-03-09,145,880,24,37,14,25,"Mahape, Navi Mumbai"
2022-03-10,180, , , , , ,"Mahape, Navi Mumbai"
2022-03-12, ,880,18,47,15,42,"Mahape, Navi Mumbai"
2022-03-13,151, ,22,34,17,29,"Mahape, Navi Mumbai"
2022-03-14,151, , , , , ,"Mahape, Navi Mumbai"
2022-03-15, ,880,17,45,23,36,"Mahape, Navi Mumbai"
2022-03-16,157,880,39,39,21,33,"Mahape, Navi Mumbai"
2022-03-17,170,880,36,28,11,29,"Mahape, Navi Mumbai"
2022-03-18,186,880,17,25,11, ,"Mahape, Navi Mumbai"
2022-03-19,166,880, ,35,9, ,"Mahape, Navi Mumbai"
2022-03-20,129,880,15,23,66, ,"Mahape, Navi Mumbai"
2022-03-21,214,880,32,33,33,25,"Mahape, Navi Mumbai"
2022-03-22,153,880,2,29,17,26,"Mahape, Navi Mumbai"
2022-03-23,128,880,1,43,13,28,"Mahape, Navi Mumbai"
2022-03-24,218,880, ,28,28,25,"Mahape, Navi Mumbai"
2022-03-25,107,880, ,19,32,24,"Mahape, Navi Mumbai"
2022-03-26,96, , ,14,48,25,"Mahape, Navi Mumbai"
2022-03-27,99,880, ,30,74, ,"Mahape, Navi Mumbai"
2022-03-28,143, , ,23,73, ,"Mahape, Navi Mumbai"
2022-03-29,136, , ,28,62, ,"Mahape, Navi Mumbai"
2022-03-30,118, , ,20,59, ,"Mahape, Navi Mumbai"
2022-03-31,123,207, ,24,61,7,"Mahape, Navi Mumbai"
2022-04-01,163,156, ,16, ,6,"Mahape, Navi Mumbai"
2022-04-02,164,135,1,14, ,7,"Mahape, Navi Mumbai"
2022-04-03,159,128, ,18,5,7,"Mahape, Navi Mumbai"
2022-04-04,151,93,1,17,13,6,"Mahape, Navi Mumbai"
2022-04-05,128,92,1,15,15,5,"Mahape, Navi Mumbai"
2022-04-06,125,95, ,16,19,7,"Mahape, Navi Mumbai"
2022-04-07,165,78,1,17,3,6,"Mahape, Navi Mumbai"
2022-04-08,113,75,1,15, ,5,"Mahape, Navi Mumbai"
2022-04-09,116,69, ,10, ,4,"Mahape, Navi Mumbai"
2022-04-10, ,150,13,3,7,6,"Mahape, Navi Mumbai"
2022-04-11,226,113, ,8,7,9,"Mahape, Navi Mumbai"
2022-04-12,146,118, ,16,7,10,"Mahape, Navi Mumbai"
2022-04-13,147,156,12,15, ,10,"Mahape, Navi Mumbai"
2022-04-14,159, , , , , ,"Mahape, Navi Mumbai"
2022-04-15, ,98,12,17,7,5,"Mahape, Navi Mumbai"
2022-04-16,130,98,12,16,7,5,"Mahape, Navi Mumbai"
2022-04-17,130,83,12,15,7,5,"Mahape, Navi Mumbai"
2022-04-18,108,84,12,13,48,5,"Mahape, Navi Mumbai"
2022-04-19,209,104,13,17,48,7,"Mahape, Navi Mumbai"
2022-04-20,143,129,12,29,51,10,"Mahape, Navi Mumbai"
2022-04-21,139,156,12,29,47,13,"Mahape, Navi Mumbai"
2022-04-22,183,116, , , ,10,"Mahape, Navi Mumbai"
2022-04-23, ,81, ,14, ,5,"Mahape, Navi Mumbai"
2022-04-24, ,104,12,27,17,9,"Mahape, Navi Mumbai"
2022-04-25,140,86,12,22,17,8,"Mahape, Navi Mumbai"
2022-04-26,123,145,12,22,18,11,"Mahape, Navi Mumbai"
2022-04-27,186,173,12,28,19,14,"Mahape, Navi Mumbai"
2022-04-28,162,105,12,14,18,7,"Mahape, Navi Mumbai"
2022-04-29,153,124,12,16,19,9,"Mahape, Navi Mumbai"
2022-04-30,180,62,12,10,16,5,"Mahape, Navi Mumbai"
2022-05-01,83,67,12,9,17,6,"Mahape, Navi Mumbai"
2022-05-02,95,81,12,9,18,5,"Mahape, Navi Mumbai"
2022-05-03,111,85,12,9,18,6,"Mahape, Navi Mumbai"
2022-05-04,113,88,12,9,18,6,"Mahape, Navi Mumbai"
2022-05-05,114,120,12,9,18,6,"Mahape, Navi Mumbai"
2022-05-06,138,129,12,12,18,7,"Mahape, Navi Mumbai"
2022-05-07,154,111,12,10,18,7,"Mahape, Navi Mumbai"
2022-05-08,149,82,12,8,18,6,"Mahape, Navi Mumbai"
2022-05-09,109,75,12,8,18,5,"Mahape, Navi Mumbai"
2022-05-10,92,89,12,10,19,8,"Mahape, Navi Mumbai"
2022-05-11,112,83,12,11,14,6,"Mahape, Navi Mumbai"
2022-05-12,96,93,12,9,10,6,"Mahape, Navi Mumbai"
2022-05-13,108,111,12,6,12,7,"Mahape, Navi Mumbai"
2022-05-14,140,90,12,5,11,6,"Mahape, Navi Mumbai"
2022-05-15,124,93,12,5,11,6,"Mahape, Navi Mumbai"
2022-05-16,127,139,12,5,11,7,"Mahape, Navi Mumbai"
2022-05-17,155,186,12,6,11,7,"Mahape, Navi Mumbai"
2022-05-18,175,166,13,6,11,6,"Mahape, Navi Mumbai"
2022-05-19,166,133,12,6,14,7,"Mahape, Navi Mumbai"
2022-05-20,159,102,12,6,13,7,"Mahape, Navi Mumbai"
2022-05-21,137,72,12,4,14,7,"Mahape, Navi Mumbai"
2022-05-22,96,61,12,4,13,7,"Mahape, Navi Mumbai"
2022-05-23,72,66,12,5,13,8,"Mahape, Navi Mumbai"
2022-05-24,91,74,12,5,13,7,"Mahape, Navi Mumbai"
2022-05-25,82,76,12,5,14,7,"Mahape, Navi Mumbai"
2022-05-26,103,61,12,4,14,8,"Mahape, Navi Mumbai"
2022-05-27,83,59,12,5,18,8,"Mahape, Navi Mumbai"
2022-05-28,86,61,12,5,17,8,"Mahape, Navi Mumbai"
2022-05-29,69,67,12,5,12,9,"Mahape, Navi Mumbai"
2022-05-30,78,70,12,5,12,8,"Mahape, Navi Mumbai"
2022-05-31,85,71,12,5,12,8,"Mahape, Navi Mumbai"
2022-06-01,83,73,12,6,12,7,"Mahape, Navi Mumbai"
2022-06-02,87,77,12,6,13,9,"Mahape, Navi Mumbai"
2022-06-03,106,63,16,8,13,7,"Mahape, Navi Mumbai"
2022-06-04,82,61,12,7,12,7,"Mahape, Navi Mumbai"
2022-06-05,76,65,12,9,12,8,"Mahape, Navi Mumbai"
2022-06-06,74,65,12,10,12,8,"Mahape, Navi Mumbai"
2022-06-07,83,45,12,8,12,8,"Mahape, Navi Mumbai"
2022-06-08,52,51,12,10,12,8,"Mahape, Navi Mumbai"
2022-06-09,56,36,12,13,12,12,"Mahape, Navi Mumbai"
2022-06-10, ,34,12,10,12,10,"Mahape, Navi Mumbai"
2022-06-14, ,58,12,8,12,10,"Mahape, Navi Mumbai"
2022-06-15,63, ,12,8,13,13,"Mahape, Navi Mumbai"
2022-06-16,59, ,12,7,12,12,"Mahape, Navi Mumbai"
2022-06-17, , ,12,9,12,12,"Mahape, Navi Mumbai"
2022-06-18, , ,12,8,12,12,"Mahape, Navi Mumbai"
2022-06-21, , ,12,11,13,14,"Mahape, Navi Mumbai"
2022-06-22, , ,12,12,13,14,"Mahape, Navi Mumbai"
2022-06-23, , ,12,11,13,14,"Mahape, Navi Mumbai"
2022-06-24, , ,12,14,13,12,"Mahape, Navi Mumbai"
2022-06-25, , ,12,11,13,11,"Mahape, Navi Mumbai"
2022-06-26, , ,12,11,13,14,"Mahape, Navi Mumbai"
2022-06-27, , ,12,11,13,18,"Mahape, Navi Mumbai"
2022-06-28, , ,12,10,13,18,"Mahape, Navi Mumbai"
2022-06-29, ,21,12,11,13,18,"Mahape, Navi Mumbai"
2022-06-30,47,30,12,10,14,17,"Mahape, Navi Mumbai"
2022-07-01,76,53,12,9,13,16,"Mahape, Navi Mumbai"
2022-07-02,75,50,12,9,13,11,"Mahape, Navi Mumbai"
2022-07-03,67,24,12,9,13,14,"Mahape, Navi Mumbai"
2022-07-04,42,23,12,13,14,14,"Mahape, Navi Mumbai"
2022-07-05,35,32,12,12,14,16,"Mahape, Navi Mumbai"
2022-07-06,64,38,12,9,14,16,"Mahape, Navi Mumbai"
2022-07-07,66,50,12,11,14,16,"Mahape, Navi Mumbai"
2022-07-08,80,56,12,8,14,14,"Mahape, Navi Mumbai"
2022-07-09,77, , , , , ,"Mahape, Navi Mumbai"
2022-07-12, ,30,12,11,14,13,"Mahape, Navi Mumbai"
2022-07-13,28,41,12,10,14,13,"Mahape, Navi Mumbai"
2022-07-14,44,49,12,10,14,13,"Mahape, Navi Mumbai"
2022-07-15,43,41,12,8,14,13,"Mahape, Navi Mumbai"
2022-07-16,37,42,12,7,13,13,"Mahape, Navi Mumbai"
2022-07-17,44,46,12,9,15,16,"Mahape, Navi Mumbai"
2022-07-18,45,50,12,8,14,17,"Mahape, Navi Mumbai"
2022-07-19,49,44,12,9,14,19,"Mahape, Navi Mumbai"
2022-07-20,40,45,12,9,14,18,"Mahape, Navi Mumbai"
2022-07-21,41,51,12,9,14,18,"Mahape, Navi Mumbai"
2022-07-22,48,49,12,6,14,21,"Mahape, Navi Mumbai"
2022-07-23,42,40,12,7,13,23,"Mahape, Navi Mumbai"
2022-07-24,33,47,12,7,14,22,"Mahape, Navi Mumbai"
2022-07-25,42,53,12,8,14,23,"Mahape, Navi Mumbai"
2022-07-26,51,54,12,9,14,21,"Mahape, Navi Mumbai"
2022-07-27,74,80,12,7,15,25,"Mahape, Navi Mumbai"
2022-07-28,98,70,12,3,15,32,"Mahape, Navi Mumbai"
2022-07-29,84,60,12,5,14,22,"Mahape, Navi Mumbai"
2022-07-30,71,60,12,4,14,11,"Mahape, Navi Mumbai"
2022-07-31,60,54,12,5,14,9,"Mahape, Navi Mumbai"
2022-08-01,57,68,12,6,14,2,"Mahape, Navi Mumbai"
2022-08-02,79,55,12,5,14,4,"Mahape, Navi Mumbai"
2022-08-03,75,41,12,6,14,3,"Mahape, Navi Mumbai"
2022-08-04,45,53,12,8,14,5,"Mahape, Navi Mumbai"
2022-08-05,57,35,12,9,14,4,"Mahape, Navi Mumbai"
2022-08-06,40,34,12,9,14,4,"Mahape, Navi Mumbai"
2022-08-07,35,27,12,12,14,2,"Mahape, Navi Mumbai"
2022-08-08,32,27,12,9,14,1,"Mahape, Navi Mumbai"
2022-08-09,32,24,12,10,19,2,"Mahape, Navi Mumbai"
2022-08-10,45,36,12,6, ,1,"Mahape, Navi Mumbai"
2022-08-11,35,30,12,6, ,1,"Mahape, Navi Mumbai"
2022-08-12,29,38,12,5, ,2,"Mahape, Navi Mumbai"
2022-08-13, ,35,12, , ,1,"Mahape, Navi Mumbai"
2022-08-14, ,32,12, , ,1,"Mahape, Navi Mumbai"
2022-08-15, ,24,12, , ,1,"Mahape, Navi Mumbai"
2022-08-16, ,29,3,15, ,4,"Mahape, Navi Mumbai"
2022-08-17, ,32,3,12,12,3,"Mahape, Navi Mumbai"
2022-08-18, ,35,3,8, ,2,"Mahape, Navi Mumbai"
2022-08-19, ,28,5,8, ,4,"Mahape, Navi Mumbai"
2022-08-20,78,41,5,9, ,2,"Mahape, Navi Mumbai"
2022-08-21,44,37,5,11, ,2,"Mahape, Navi Mumbai"
2022-08-22,38,40,5,15, ,3,"Mahape, Navi Mumbai"
2022-08-23,46,38,5,17, ,3,"Mahape, Navi Mumbai"
2022-08-24,50,39,5,17, ,4,"Mahape, Navi Mumbai"
2022-08-25,52,67,5,18, ,7,"Mahape, Navi Mumbai"
2022-08-26,84,95,5,16, ,7,"Mahape, Navi Mumbai"
2022-08-27,109,86,5,15, ,7,"Mahape, Navi Mumbai"
2022-08-28,114,82,5,16,3,7,"Mahape, Navi Mumbai"
2022-08-29,99,93,5,17, ,6,"Mahape, Navi Mumbai"
2022-08-30,121,87,5,19, ,6,"Mahape, Navi Mumbai"
2022-08-31,112,38,5,21,5,4,"Mahape, Navi Mumbai"
2022-09-01,51,64,5,22, ,3,"Mahape, Navi Mumbai"
2022-09-02,82, , , , , ,"Mahape, Navi Mumbai"
2022-09-04, ,48,5,20,1,3,"Mahape, Navi Mumbai"
2022-09-05,61,61,5,15,1,4,"Mahape, Navi Mumbai"
2022-09-06,74,56,5,21,1,5,"Mahape, Navi Mumbai"
2022-09-07,61,31,5,22,1,5,"Mahape, Navi Mumbai"
2022-09-08,45,44,5,27,2,6,"Mahape, Navi Mumbai"
2022-09-09,53,55,5,27,5,8,"Mahape, Navi Mumbai"
2022-09-10,83, , , , , ,"Mahape, Navi Mumbai"
2022-09-11, ,59,5,25,2,6,"Mahape, Navi Mumbai"
2022-09-12,70, , , , , ,"Mahape, Navi Mumbai"
2022-09-13, ,27,5,23, ,5,"Mahape, Navi Mumbai"
2022-09-14,51,31,5,21,1,5,"Mahape, Navi Mumbai"
2022-09-15,53,25,5,25,9,6,"Mahape, Navi Mumbai"
2022-09-16,52,30, , , ,2,"Mahape, Navi Mumbai"
2022-09-17, ,17, , , , ,"Mahape, Navi Mumbai"
2022-09-20, ,67, , , ,5,"Mahape, Navi Mumbai"
2022-09-21, ,48, , , ,5,"Mahape, Navi Mumbai"
2022-09-22, ,74,5,17,2,6,"Mahape, Navi Mumbai"
2022-09-23,55,60,5,17,1,4,"Mahape, Navi Mumbai"
2022-09-24,55,63,5,15,1,4,"Mahape, Navi Mumbai"
2022-09-25,60,64,5,13,1,3,"Mahape, Navi Mumbai"
2022-09-26,71,81,5,11,2,6,"Mahape, Navi Mumbai"
2022-09-27,93,82,5,13,2,5,"Mahape, Navi Mumbai"
2022-09-28,95,77,5,12,4,3,"Mahape, Navi Mumbai"
2022-09-29,96,87,5,14,6,4,"Mahape, Navi Mumbai"
2022-09-30,113,81,5,17,5,5,"Mahape, Navi Mumbai"
2022-10-01,97,68,5,7,5,5,"Mahape, Navi Mumbai"
2022-10-02,77,67,5,7,5,3,"Mahape, Navi Mumbai"
2022-10-03,76,79,5,11,5,3,"Mahape, Navi Mumbai"
2022-10-04,102,74,5,12,4,3,"Mahape, Navi Mumbai"
2022-10-05,86,79,5,12,7,6,"Mahape, Navi Mumbai"
2022-10-06,98,62,6,18,5,6,"Mahape, Navi Mumbai"
2022-10-07,81,36,6,17,8,4,"Mahape, Navi Mumbai"
2022-10-08,47,56,6,15,2,6,"Mahape, Navi Mumbai"
2022-10-09,58,66,6,9,1,4,"Mahape, Navi Mumbai"
2022-10-10,74,74,6,7,3,4,"Mahape, Navi Mumbai"
2022-10-11,85,53,6,18,2,4,"Mahape, Navi Mumbai"
2022-10-12,64,63,6,12,3,4,"Mahape, Navi Mumbai"
2022-10-13,72,59,6,16,3,4,"Mahape, Navi Mumbai"
2022-10-14,73,63,6,15,4,5,"Mahape, Navi Mumbai"
2022-10-15,71,78,6,18,6,4,"Mahape, Navi Mumbai"
2022-10-16,86, , , , , ,"Mahape, Navi Mumbai"
2022-10-23, ,103,6,14,8,10,"Mahape, Navi Mumbai"
2022-10-24,145,112,6,16,7,7,"Mahape, Navi Mumbai"
2022-10-25,161,89,6,15,7,6,"Mahape, Navi Mumbai"
2022-10-26,116,100,6,24,9,9,"Mahape, Navi Mumbai"
2022-10-27,115,100,6,29,8,7,"Mahape, Navi Mumbai"
2022-10-28,113,96,6,29,8,8,"Mahape, Navi Mumbai"
2022-10-29,109,94,6,28,8,7,"Mahape, Navi Mumbai"
2022-10-30,104,143,6,33,7,12,"Mahape, Navi Mumbai"
2022-10-31,141,127,6,30,8,11,"Mahape, Navi Mumbai"
2022-11-01,160,112,6,23,7,10,"Mahape, Navi Mumbai"
2022-11-02,153,105,6,25,9,9,"Mahape, Navi Mumbai"
2022-11-03,146,128,6,26,11,14,"Mahape, Navi Mumbai"
2022-11-04,138,148,6,27,9,14,"Mahape, Navi Mumbai"
2022-11-05,127,114,6,23,9,12,"Mahape, Navi Mumbai"
2022-11-06,116,141,6,27,8,14,"Mahape, Navi Mumbai"
2022-11-07,144,150,5,33,7,12,"Mahape, Navi Mumbai"
2022-11-08,145,133,6,27,8,11,"Mahape, Navi Mumbai"
2022-11-09,148,143,18,27,14,9,"Mahape, Navi Mumbai"
2022-11-10,147,123,18,32,19,6,"Mahape, Navi Mumbai"
2022-11-11,141,117,11,33,22,4,"Mahape, Navi Mumbai"
2022-11-12,134,114,11,32,18,6,"Mahape, Navi Mumbai"
2022-11-13,128,140,11,33,19,9,"Mahape, Navi Mumbai"
2022-11-14,150,263,10,36,61,23,"Mahape, Navi Mumbai"
2022-11-15,175, , , , , ,"Mahape, Navi Mumbai"
2022-11-18, ,99,11,31, ,7,"Mahape, Navi Mumbai"
2022-11-19,114, , , , , ,"Mahape, Navi Mumbai"
2022-11-20, ,118,11,27, ,6,"Mahape, Navi Mumbai"
2022-11-21,108,162,11,27, ,7,"Mahape, Navi Mumbai"
2022-11-22,139,152,11,27,8,10,"Mahape, Navi Mumbai"
2022-11-23,130,145,11,27,8,10,"Mahape, Navi Mumbai"
2022-11-24,143,172,11,27,8,11,"Mahape, Navi Mumbai"
2022-11-25,154,174,11,27,10,12,"Mahape, Navi Mumbai"
2022-11-26,174,150,11,27,10,10,"Mahape, Navi Mumbai"
2022-11-27,162,106,11,27,10,8,"Mahape, Navi Mumbai"
2022-11-28,117,145,11,27,10,11,"Mahape, Navi Mumbai"
2022-11-29,145,162,11,27,9,12,"Mahape, Navi Mumbai"
2022-11-30,155,235,11,27,10,19,"Mahape, Navi Mumbai"
2022-12-01,158,152,11,27,10,21,"Mahape, Navi Mumbai"
2022-12-02,152,166,11,27,11,26,"Mahape, Navi Mumbai"
2022-12-03,141,149,11,27,10,26,"Mahape, Navi Mumbai"
2022-12-04,152,153,11,27,10,26,"Mahape, Navi Mumbai"
2022-12-05,160,139,11,27,10,23,"Mahape, Navi Mumbai"
2022-12-06,157,127,11,27,10,28,"Mahape, Navi Mumbai"
2022-12-07,144,124,11,27,10,23,"Mahape, Navi Mumbai"
2022-12-08,142,120,10,27,11,28,"Mahape, Navi Mumbai"
2022-12-09,115,142,10,27,12,31,"Mahape, Navi Mumbai"
2022-12-10,125,121,10,27,12,31,"Mahape, Navi Mumbai"
2022-12-11,125,127,10,27,12,31,"Mahape, Navi Mumbai"
2022-12-12,127,98,11,27,13,21,"Mahape, Navi Mumbai"
2022-12-13,114,96,11,27,14,4,"Mahape, Navi Mumbai"
2022-12-14,99,103,12,27,14,6,"Mahape, Navi Mumbai"
2022-12-15,109,105,15,24,14,6,"Mahape, Navi Mumbai"
2022-12-16,119,87,11,27,14,3,"Mahape, Navi Mumbai"
2022-12-17,101,90,11,27,14,2,"Mahape, Navi Mumbai"
2022-12-18,115,92,11,27,14,4,"Mahape, Navi Mumbai"
2022-12-19,103,136,11,27,15,8,"Mahape, Navi Mumbai"
2022-12-20,113,166,11,27,15,10,"Mahape, Navi Mumbai"
2022-12-21,149,144,11,27,15,9,"Mahape, Navi Mumbai"
2022-12-22,150,140,11,27,14,11,"Mahape, Navi Mumbai"
2022-12-23,147,107,11, ,13,9,"Mahape, Navi Mumbai"
2022-12-24,115,121,11, ,13,14,"Mahape, Navi Mumbai"
2022-12-25,140,170,11,27,13,20,"Mahape, Navi Mumbai"
2022-12-26,159,176,11,27,13,19,"Mahape, Navi Mumbai"
2022-12-27,158,161,11,27,12,19,"Mahape, Navi Mumbai"
2022-12-28,140,176,11,27,13,26,"Mahape, Navi Mumbai"
2022-12-29,140,154,11,27,13,22,"Mahape, Navi Mumbai"
2022-12-30,144,101,11,27,13,10,"Mahape, Navi Mumbai"
2022-12-31,104,106,11,27,14,14,"Mahape, Navi Mumbai"
2023-01-01,111, , , , , ,"Mahape, Navi Mumbai"
2023-01-02, ,142,11,27,14,17,"Mahape, Navi Mumbai"
2023-01-03,121,132,11,27,14,19,"Mahape, Navi Mumbai"
2023-01-04,122,140,10,27,15,21,"Mahape, Navi Mumbai"
2023-01-05,132,160,10,27,15,25,"Mahape, Navi Mumbai"
2023-01-06,126,157,10,27,14,26,"Mahape, Navi Mumbai"
2023-01-07,133,112,11,27,14,26,"Mahape, Navi Mumbai"
2023-01-08,125, ,11,27,14,24,"Mahape, Navi Mumbai"
2023-01-09,97,130,12,27,14,15,"Mahape, Navi Mumbai"
2023-01-10,105,145,12,27,15,10,"Mahape, Navi Mumbai"
2023-01-11,153,164,12,27,14,14,"Mahape, Navi Mumbai"
2023-01-12,170,131,13,27,14,10,"Mahape, Navi Mumbai"
2023-01-13,156,154,12,27,15,3,"Mahape, Navi Mumbai"
2023-01-14,151,155,12,27,16,7,"Mahape, Navi Mumbai"
2023-01-15,163,127,12,27,16,7,"Mahape, Navi Mumbai"
2023-01-16,161,157,12,27,16,17,"Mahape, Navi Mumbai"
2023-01-17,165,177,11,17,15,22,"Mahape, Navi Mumbai"
2023-01-18,167,197,11,17,15,21,"Mahape, Navi Mumbai"
2023-01-19,202,212,12,17,16,28,"Mahape, Navi Mumbai"
2023-01-20,157,205,11,17,16,28,"Mahape, Navi Mumbai"
2023-01-21,146,149,11,17,16,23,"Mahape, Navi Mumbai"
2023-01-22,114,102,11,17,17,18,"Mahape, Navi Mumbai"
2023-01-23,113,102,11,17,17,18,"Mahape, Navi Mumbai"
2023-01-24,133,125,12,17,17,17,"Mahape, Navi Mumbai"
2023-01-25,144,130,11,17,17,19,"Mahape, Navi Mumbai"
2023-01-26,142,126,11,17,17,16,"Mahape, Navi Mumbai"
2023-01-27,147,133,12,17,15,20,"Mahape, Navi Mumbai"
2023-01-28,137,149,13,18,15,26,"Mahape, Navi Mumbai"
2023-01-29,134,114,13,17,16,17,"Mahape, Navi Mumbai"
2023-01-30,114,103,12,17,15,19,"Mahape, Navi Mumbai"
2023-01-31,142,108,13,17,15,16,"Mahape, Navi Mumbai"
2023-02-01,126,97,13,18,14,18,"Mahape, Navi Mumbai"
2023-02-02,127,100,11,18,14,19,"Mahape, Navi Mumbai"
2023-02-03,146,123,11,18,14,27,"Mahape, Navi Mumbai"
2023-02-04,150,118,12,18,15,30,"Mahape, Navi Mumbai"
2023-02-05,139,127,12,17,15,30,"Mahape, Navi Mumbai"
2023-02-06,168,165,12,18,15,36,"Mahape, Navi Mumbai"
2023-02-07,148,148,12,18,15,34,"Mahape, Navi Mumbai"
2023-02-08,154,138,12,17,17,35,"Mahape, Navi Mumbai"
2023-02-09,147,154,12,17,23,63,"Mahape, Navi Mumbai"
2023-02-10,113,137,11,17,22,49,"Mahape, Navi Mumbai"
2023-02-11,113,139,12,17,24,57,"Mahape, Navi Mumbai"
2023-02-13,92,132,11,17,24,55,"Mahape, Navi Mumbai"
2023-02-14,115,130,12,17,24,63,"Mahape, Navi Mumbai"
2023-02-15,113,132,12,17,25,54,"Mahape, Navi Mumbai"
2023-02-16,116,133,11,17,22,49,"Mahape, Navi Mumbai"
2023-02-17,110,111,12,18,15,38,"Mahape, Navi Mumbai"
2023-02-18,108,126,12,18,15,39,"Mahape, Navi Mumbai"
2023-02-19,115,125,12,18,15,42,"Mahape, Navi Mumbai"
2023-02-20,142,165,12,17,15,53,"Mahape, Navi Mumbai"
2023-02-21,134,144,12,18,15,58,"Mahape, Navi Mumbai"
2023-02-22,122,129,12,18,15,61,"Mahape, Navi Mumbai"
2023-02-23,131,148,12,18,16,58,"Mahape, Navi Mumbai"
2023-02-24,126,131,12,18,15,57,"Mahape, Navi Mumbai"
2023-02-25,147,185,12,18,15,46,"Mahape, Navi Mumbai"
2023-02-27,116,152,12,20,13,13,"Mahape, Navi Mumbai"
2023-02-28,140,172,12,18,14,13,"Mahape, Navi Mumbai"
2023-03-01,136,120,12,18,15,17,"Mahape, Navi Mumbai"
2023-03-02,141,168,12,18,15,18,"Mahape, Navi Mumbai"
2023-03-03,152,189,12,18,15,20,"Mahape, Navi Mumbai"
2023-03-04,162,234,12,18,15,25,"Mahape, Navi Mumbai"
2023-03-05,156,191,12,18,15,20,"Mahape, Navi Mumbai"
2023-03-06,128,188,12,18,16,14,"Mahape, Navi Mumbai"
2023-03-07,79,82,12,18,16,10,"Mahape, Navi Mumbai"
2023-03-08,97,88,12,18,16,9,"Mahape, Navi Mumbai"
2023-03-09,92,90,12,18,16,8,"Mahape, Navi Mumbai"
2023-03-10,83,93,12,18,16,8,"Mahape, Navi Mumbai"
2023-03-11,108,112,12,18,17,12,"Mahape, Navi Mumbai"
2023-03-12,129,133,12,18,17,15,"Mahape, Navi Mumbai"
2023-03-13,131,134,12,18,18,17,"Mahape, Navi Mumbai"
2023-03-14,141,141,12,18,18,17,"Mahape, Navi Mumbai"
2023-03-15,133,131,12,18,22,17,"Mahape, Navi Mumbai"
2023-03-16,103,104,12,17,33,11,"Mahape, Navi Mumbai"
2023-03-17,97,104,12,17,33,5,"Mahape, Navi Mumbai"
2023-03-18,120,90,11,17,33,10,"Mahape, Navi Mumbai"
2023-03-20,53,90,12,17,36,1,"Mahape, Navi Mumbai"
2023-03-21,77, ,12,17,39,3,"Mahape, Navi Mumbai"
2023-03-23, ,90,10,18,11,12,"Mahape, Navi Mumbai"
2023-03-24,69,64,13,17,10,4,"Mahape, Navi Mumbai"
2023-03-25,84,73,12,17,11,4,"Mahape, Navi Mumbai"
2023-03-26,111,91,12,17,11,6,"Mahape, Navi Mumbai"
2023-03-27,111,85,12,17,11,5,"Mahape, Navi Mumbai"
2023-03-28,124,99,12,17,11,4,"Mahape, Navi Mumbai"
2023-03-29,132,107,12,18,11,2,"Mahape, Navi Mumbai"
2023-03-30,109,95,12,18,11,5,"Mahape, Navi Mumbai"
2023-03-31,67,73,13,18,11,7,"Mahape, Navi Mumbai"
2023-04-03, ,81,12,17,11,4,"Mahape, Navi Mumbai"
2023-04-04,101,82,13,18,11,2,"Mahape, Navi Mumbai"
2023-04-05,101,90,12,17,11,3,"Mahape, Navi Mumbai"
2023-04-06,104, , , , , ,"Mahape, Navi Mumbai"
2023-04-07, ,97,11,17,11,8,"Mahape, Navi Mumbai"
2023-04-08,108,111,11,17,11,10,"Mahape, Navi Mumbai"
2023-04-09,107,121,12,17,11,12,"Mahape, Navi Mumbai"
2023-04-10,123,114,12,17,11,10,"Mahape, Navi Mumbai"
2023-04-11,127,95,12,17,11,8,"Mahape, Navi Mumbai"
2023-04-12,116,117,11,17,11,13,"Mahape, Navi Mumbai"
2023-04-13,126,134,12,17,11,14,"Mahape, Navi Mumbai"
2023-04-14,136,112,12,17,11,12,"Mahape, Navi Mumbai"
2023-04-15,138, , , , , ,"Mahape, Navi Mumbai"
2023-04-16, ,85,12,17,11,8,"Mahape, Navi Mumbai"
2023-04-17,94,101,11,18,11,10,"Mahape, Navi Mumbai"
2023-04-18,119,119,11,22,11,13,"Mahape, Navi Mumbai"
2023-04-19,141,91,12,19,11,7,"Mahape, Navi Mumbai"
2023-04-20,110,80,12,17,11,8,"Mahape, Navi Mumbai"
2023-04-21,87,56,12,17,11,6,"Mahape, Navi Mumbai"
2023-04-22,64,65,12,17,11,7,"Mahape, Navi Mumbai"
2023-04-23,69,71,13,18,11,8,"Mahape, Navi Mumbai"
2023-04-24,86,83,12,17,11,7,"Mahape, Navi Mumbai"
2023-04-25,126,79,12,17,11,6,"Mahape, Navi Mumbai"
2023-04-26,100,74,12,17,11,6,"Mahape, Navi Mumbai"
2023-04-27,96,75,12,17,11,8,"Mahape, Navi Mumbai"
2023-04-28,91,87,12,17,11,8,"Mahape, Navi Mumbai"
2023-04-29,99,63,12,17,11,7,"Mahape, Navi Mumbai"
2023-04-30,71,51,11,17,11,8,"Mahape, Navi Mumbai"
2023-05-01,58, , , , , ,"Mahape, Navi Mumbai"
2023-05-02, ,67,12,27,11,7,"Mahape, Navi Mumbai"
2023-05-03,68,61,8,30,11,7,"Mahape, Navi Mumbai"
2023-05-04,83,61,2,30,11,7,"Mahape, Navi Mumbai"
2023-05-05,75,58, ,27,11,6,"Mahape, Navi Mumbai"
2023-05-06,70,59,1,27,11,6,"Mahape, Navi Mumbai"
2023-05-07,75,58, ,32,11,6,"Mahape, Navi Mumbai"
2023-05-08,71,63, ,28,11,6,"Mahape, Navi Mumbai"
2023-05-09,79,93, ,28,11,9,"Mahape, Navi Mumbai"
2023-05-10,116,92,1,29,11,9,"Mahape, Navi Mumbai"
2023-05-11,125,90,1,27,11,11,"Mahape, Navi Mumbai"
2023-05-12,129,68,1,27,11,9,"Mahape, Navi Mumbai"
2023-05-13,90,56,1,27,11,8,"Mahape, Navi Mumbai"
2023-05-14,70,58, ,29,11,7,"Mahape, Navi Mumbai"
2023-05-15,78,54,1,27,11,7,"Mahape, Navi Mumbai"
2023-05-16,77,58,3,27,11,8,"Mahape, Navi Mumbai"
2023-05-17,82,55,3,27,11,8,"Mahape, Navi Mumbai"
2023-05-18,73,56,3,30,11,8,"Mahape, Navi Mumbai"
2023-05-19,77, , , , , ,"Mahape, Navi Mumbai"
2023-05-21, ,60,9,26,11,7,"Mahape, Navi Mumbai"
2023-05-22, ,63,3,25,11,8,"Mahape, Navi Mumbai"
2023-05-23, ,62,8,26,11,8,"Mahape, Navi Mumbai"
2023-05-24, ,54,21,26,10,8,"Mahape, Navi Mumbai"
2023-05-25,71,55,23,29,9,9,"Mahape, Navi Mumbai"
2023-05-26,73,59,23,24,10,10,"Mahape, Navi Mumbai"
2023-05-27,65,52,25,24,10,10,"Mahape, Navi Mumbai"
2023-05-28,60,54,31,23,10,10,"Mahape, Navi Mumbai"
2023-05-29,68,73,27,23,10,13,"Mahape, Navi Mumbai"
2023-05-30,85,76,30,27,10,10,"Mahape, Navi Mumbai"
2023-05-31,104,77,29,23,10,12,"Mahape, Navi Mumbai"
2023-06-01,94,60,27,23,10,10,"Mahape, Navi Mumbai"
2023-06-02,65,47,23,23,10,9,"Mahape, Navi Mumbai"
2023-06-03,47,59,25,23,10,10,"Mahape, Navi Mumbai"
2023-06-04,58,62,25,25,10,10,"Mahape, Navi Mumbai"
2023-06-05,77,67,33,23,10,11,"Mahape, Navi Mumbai"
2023-06-06,82,66,24,23,10,11,"Mahape, Navi Mumbai"
2023-06-07,74,59,23,23,10,12,"Mahape, Navi Mumbai"
2023-06-08,65,47,23,23,10,12,"Mahape, Navi Mumbai"
2023-06-09,46,53,23,23,10,11,"Mahape, Navi Mumbai"
2023-06-10,26,62,23,23,10,11,"Mahape, Navi Mumbai"
2023-06-11,20, ,23,23,10,11,"Mahape, Navi Mumbai"
2023-06-12,50,61,23,23,10,11,"Mahape, Navi Mumbai"
2023-06-13,56,59,23,23,10,12,"Mahape, Navi Mumbai"
2023-06-14,112,56,23,23,10,12,"Mahape, Navi Mumbai"
2023-06-15,71,55,23,26,10,11,"Mahape, Navi Mumbai"
2023-06-16,88,63,23,24,10,12,"Mahape, Navi Mumbai"
2023-06-17,79,63,23,24,10,10,"Mahape, Navi Mumbai"
2023-06-18,68,63,24,24,10,11,"Mahape, Navi Mumbai"
2023-06-19,75,65,24,24,10,11,"Mahape, Navi Mumbai"
2023-06-20,80,65,25,24,10,11,"Mahape, Navi Mumbai"
2023-06-21,63,68,24,25,10,12,"Mahape, Navi Mumbai"
2023-06-22,79,64,26,25,10,13,"Mahape, Navi Mumbai"
2023-06-23,92,42,26,26,10,13,"Mahape, Navi Mumbai"
2023-06-24,57,34,24,24,10,14,"Mahape, Navi Mumbai"
2023-06-25,81,40,27,27,10,12,"Mahape, Navi Mumbai"
2023-06-26,62,35,11,25,10,15,"Mahape, Navi Mumbai"
2023-06-27,51,33,11,27,10,15,"Mahape, Navi Mumbai"
2023-06-28,46,24,11,28,10,14,"Mahape, Navi Mumbai"
2023-06-29,30,19,11,24,10,11,"Mahape, Navi Mumbai"
2023-06-30,13, , , , , ,"Mahape, Navi Mumbai"
2023-07-02, ,25,11,33,9, ,"Mahape, Navi Mumbai"
2023-07-03,21,33,11,30,9, ,"Mahape, Navi Mumbai"
2023-07-04,46,40,11,29,9, ,"Mahape, Navi Mumbai"
2023-07-05,59,22,10,30,9, ,"Mahape, Navi Mumbai"
2023-07-06,34,23,10,32,9, ,"Mahape, Navi Mumbai"
2023-07-07,38,61,11,32,9,11,"Mahape, Navi Mumbai"
2023-07-08,65,46,11,33,8,10,"Mahape, Navi Mumbai"
2023-07-09,54,55,11,32,8,11,"Mahape, Navi Mumbai"
2023-07-10,57,60,12,32,8,13,"Mahape, Navi Mumbai"
2023-07-11,66,68,13,32,8,11,"Mahape, Navi Mumbai"
2023-07-12,64,51,12,33,8,11,"Mahape, Navi Mumbai"
2023-07-13,65,36,10,42,8,8,"Mahape, Navi Mumbai"
2023-07-14,58, , , , , ,"Mahape, Navi Mumbai"
2023-07-15, ,42,10,29,8,16,"Mahape, Navi Mumbai"
2023-07-16,57,27,10,28,8,11,"Mahape, Navi Mumbai"
2023-07-17,41,28,11,30,8,8,"Mahape, Navi Mumbai"
2023-07-18,44,35,10,30,8,7,"Mahape, Navi Mumbai"
2023-07-19,46,24,12,34,8,21,"Mahape, Navi Mumbai"
2023-07-20,57,26,12,32,8,16,"Mahape, Navi Mumbai"
2023-07-21,46,35,12,31,8,12,"Mahape, Navi Mumbai"
2023-07-22,56,25,11,30,8,12,"Mahape, Navi Mumbai"
2023-07-23,43,41,13,30,8,13,"Mahape, Navi Mumbai"
2023-07-24,48,37,11,36,8,13,"Mahape, Navi Mumbai"
2023-07-25,49,26,14,32,8,12,"Mahape, Navi Mumbai"
2023-07-26,42,27,12, ,8, ,"Mahape, Navi Mumbai"
2023-07-27,38,38,11, ,8, ,"Mahape, Navi Mumbai"
2023-07-28,46,44,15, ,8,11,"Mahape, Navi Mumbai"
2023-07-29,55,48,40, ,7, ,"Mahape, Navi Mumbai"
2023-07-30,51,49,37, ,8,10,"Mahape, Navi Mumbai"
2023-07-31,53,48,60, ,7,16,"Mahape, Navi Mumbai"
2023-08-01,51,54,13, ,8,9,"Mahape, Navi Mumbai"
2023-08-02,65,54,17, ,8,12,"Mahape, Navi Mumbai"
2023-08-03,57,63,16, ,7,13,"Mahape, Navi Mumbai"
2023-08-04,64,76,25,1,7,12,"Mahape, Navi Mumbai"
2023-08-05,69,131,17, ,7,5,"Mahape, Navi Mumbai"
2023-08-06,73,100,52,1,7,10,"Mahape, Navi Mumbai"
2023-08-07,84,94,68, ,7,10,"Mahape, Navi Mumbai"
2023-08-08,86,98,25, ,7,13,"Mahape, Navi Mumbai"
2023-08-09,79,68,32, ,7,12,"Mahape, Navi Mumbai"
2023-08-10,63,73,44, ,7,7,"Mahape, Navi Mumbai"
2023-08-11,62,69,53, ,7,10,"Mahape, Navi Mumbai"
2023-08-12,61,68,43, ,7,7,"Mahape, Navi Mumbai"
2023-08-13,54,75,72, ,8,6,"Mahape, Navi Mumbai"
2023-08-14,60,60,38, ,7,4,"Mahape, Navi Mumbai"
2023-08-15,54,66,82, ,7,2,"Mahape, Navi Mumbai"
2023-08-16,58,62,55, ,7,8,"Mahape, Navi Mumbai"
2023-08-17,55,78,51,1,7,1,"Mahape, Navi Mumbai"
2023-08-18,57,79,38, ,7,4,"Mahape, Navi Mumbai"
2023-08-19,63,69,35, ,7,6,"Mahape, Navi Mumbai"
2023-08-20,56,138,74, ,7,11,"Mahape, Navi Mumbai"
2023-08-21,87,81, , ,7,24,"Mahape, Navi Mumbai"
2023-08-22,72,70, , ,7,22,"Mahape, Navi Mumbai"
2023-08-23,69,67,12,1,7,15,"Mahape, Navi Mumbai"
2023-08-24,58,67,13, ,7,11,"Mahape, Navi Mumbai"
2023-08-25,64,33,22, ,7,4,"Mahape, Navi Mumbai"
2023-08-26,39, , , , , ,"Mahape, Navi Mumbai"
2023-08-29, ,81, ,2,11,5,"Mahape, Navi Mumbai"
2023-08-30,84,82, , ,7,4,"Mahape, Navi Mumbai"
2023-08-31,96,72, , ,8,6,"Mahape, Navi Mumbai"
2023-09-01,84,63, , ,7,13,"Mahape, Navi Mumbai"
2023-09-02,72,79, , ,7,5,"Mahape, Navi Mumbai"
2023-09-03,82,88, , ,7,5,"Mahape, Navi Mumbai"
2023-09-04,87,81,11, ,7,3,"Mahape, Navi Mumbai"
2023-09-05,79,89,38, ,7,8,"Mahape, Navi Mumbai"
2023-09-06,90,46,3, ,7,2,"Mahape, Navi Mumbai"
2023-09-07,55,47,9,1,8,21,"Mahape, Navi Mumbai"
2023-09-08,62,53,24,1,7,10,"Mahape, Navi Mumbai"
2023-09-09,65,62,46, ,7,6,"Mahape, Navi Mumbai"
2023-09-10,63,56,51, ,7,3,"Mahape, Navi Mumbai"
2023-09-11,55,74,39,1,7,9,"Mahape, Navi Mumbai"
2023-09-12,67,71,10, ,7,15,"Mahape, Navi Mumbai"
2023-09-13,66,48,10, ,7,17,"Mahape, Navi Mumbai"
2023-09-14,56,65,35, ,7,22,"Mahape, Navi Mumbai"
2023-09-15,67,62,28,1,7,17,"Mahape, Navi Mumbai"
2023-09-16,66,49,16,1,7,12,"Mahape, Navi Mumbai"
2023-09-17,57,40,13,1,8,9,"Mahape, Navi Mumbai"
2023-09-18,52,37,12,1,7,6,"Mahape, Navi Mumbai"
2023-09-19,46,34,16, ,7,11,"Mahape, Navi Mumbai"
2023-09-20,48,47,40, ,7,15,"Mahape, Navi Mumbai"
2023-09-21,48,40,15, ,7,25,"Mahape, Navi Mumbai"
2023-09-22,54,47,19,1,7,27,"Mahape, Navi Mumbai"
2023-09-23,67,49,14, ,7,26,"Mahape, Navi Mumbai"
2023-09-24,62, , , , , ,"Mahape, Navi Mumbai"
2023-09-26, ,51,26,1,7,25,"Mahape, Navi Mumbai"
2023-09-27,75,58,17, ,7,25,"Mahape, Navi Mumbai"
2023-09-28,90,53,26,1,7,17,"Mahape, Navi Mumbai"
2023-09-29,70,56,28,1,7,1,"Mahape, Navi Mumbai"
2023-09-30,77,68,12,1,7,5,"Mahape, Navi Mumbai"
2023-10-01,85,76,45, ,7,5,"Mahape, Navi Mumbai"
2023-10-02,84,89,80,1,7,2,"Mahape, Navi Mumbai"
2023-10-03,89,98,64, ,7,6,"Mahape, Navi Mumbai"
2023-10-04,99,98,83,1,7,3,"Mahape, Navi Mumbai"
2023-10-05,110,96,83, ,10,5,"Mahape, Navi Mumbai"
2023-10-06,107,89,70, ,9,3,"Mahape, Navi Mumbai"
2023-10-07,102,93,27, , ,5,"Mahape, Navi Mumbai"
2023-10-08,96,109,98,1, ,4,"Mahape, Navi Mumbai"
2023-10-09,123,97,73,1, ,5,"Mahape, Navi Mumbai"
2023-10-10,103,84,37, , ,3,"Mahape, Navi Mumbai"
2023-10-11,86,101,92, , ,5,"Mahape, Navi Mumbai"
2023-10-12,116,121,73, ,8,7,"Mahape, Navi Mumbai"
2023-10-13,150,124,71, ,9,9,"Mahape, Navi Mumbai"
2023-10-14,146,116,50, ,9,7,"Mahape, Navi Mumbai"
2023-10-15,143,118,69,1,9,8,"Mahape, Navi Mumbai"
2023-10-16,151,120,53, ,9,8,"Mahape, Navi Mumbai"
2023-10-17,147,121,45, ,9,8,"Mahape, Navi Mumbai"
2023-10-18,145,100,38, ,9,5,"Mahape, Navi Mumbai"
2023-10-19,127,125,68, ,9,7,"Mahape, Navi Mumbai"
2023-10-20,144,114,81,1,9,6,"Mahape, Navi Mumbai"
2023-10-21,138,117,61,1,9,9,"Mahape, Navi Mumbai"
2023-10-22,137,162,73, ,9,9,"Mahape, Navi Mumbai"
2023-10-23,148,116,53, ,9,7,"Mahape, Navi Mumbai"
2023-10-24,125,125,69, ,9,7,"Mahape, Navi Mumbai"
2023-10-25,133,123,86,1,9,8,"Mahape, Navi Mumbai"
2023-10-26,125,117,69, ,9,8,"Mahape, Navi Mumbai"
2023-10-27,120,136,92,1,9,8,"Mahape, Navi Mumbai"
2023-10-28,127,115,64, ,9,8,"Mahape, Navi Mumbai"
2023-10-29,111,146,35, ,9,10,"Mahape, Navi Mumbai"
2023-10-30,132,150,17,1,9,10,"Mahape, Navi Mumbai"
2023-10-31,137,207,70, ,9,12,"Mahape, Navi Mumbai"
2023-11-01,151,132,68,1,9,8,"Mahape, Navi Mumbai"
2023-11-02,141,161,62,1,9,8,"Mahape, Navi Mumbai"
2023-11-03,148,144,86,1,9,7,"Mahape, Navi Mumbai"
2023-11-04,143,183,55,1,9,11,"Mahape, Navi Mumbai"
2023-11-05,157,183,57,1,9,11,"Mahape, Navi Mumbai"
2023-11-06,145,80,21,1,9,9,"Mahape, Navi Mumbai"
2023-11-07,48,113,15, ,9,10,"Mahape, Navi Mumbai"
2023-11-08,53,90,15,12,9,10,"Mahape, Navi Mumbai"
2023-11-09,79,70,16,18,9,9,"Mahape, Navi Mumbai"
2023-11-10,92,85,10,12,10,12,"Mahape, Navi Mumbai"
2023-11-11,107, , , , , ,"Mahape, Navi Mumbai"
2023-11-18, ,131,27,13,10,11,"Mahape, Navi Mumbai"
2023-11-19,102,148,15,13,10,12,"Mahape, Navi Mumbai"
2023-11-20,119, , , , , ,"Mahape, Navi Mumbai"
2023-11-21, ,68,7,13,10,8,"Mahape, Navi Mumbai"
2023-11-22,87,80,7,13,10,9,"Mahape, Navi Mumbai"
2023-11-23,98,341,17,13,10,17,"Mahape, Navi Mumbai"
2023-11-24,317,171,18,13,10,14,"Mahape, Navi Mumbai"
2023-11-25,121,108,14,13,10,12,"Mahape, Navi Mumbai"
2023-11-26,136,41,9,13,10,6,"Mahape, Navi Mumbai"
2023-11-27,61,70,14,13,10,9,"Mahape, Navi Mumbai"
2023-11-28,85,105,19,13,10,10,"Mahape, Navi Mumbai"
2023-11-29,139,94,26,13,10,11,"Mahape, Navi Mumbai"
2023-11-30,104,157,17,13,10,12,"Mahape, Navi Mumbai"
2023-12-01,126,160,34,13,10,14,"Mahape, Navi Mumbai"
2023-12-02,205,88,33,13,10,16,"Mahape, Navi Mumbai"
2023-12-03,145,93,19,13,10,14,"Mahape, Navi Mumbai"
2023-12-04,152,108,16,13,10,11,"Mahape, Navi Mumbai"
2023-12-05,148, , , , , ,"Mahape, Navi Mumbai"
2023-12-06, ,66,15,13,10,11,"Mahape, Navi Mumbai"
2023-12-07,108,81,28,13,10,12,"Mahape, Navi Mumbai"
2023-12-08,136,77,17,13,10,12,"Mahape, Navi Mumbai"
2023-12-09,112,81,42,13,10,12,"Mahape, Navi Mumbai"
2023-12-10,122,72,42,13,10,14,"Mahape, Navi Mumbai"
2023-12-11,109,104,30,13,10,15,"Mahape, Navi Mumbai"
2023-12-12,170,59,21,13,10,12,"Mahape, Navi Mumbai"
2023-12-13,77,89,27,13,10,13,"Mahape, Navi Mumbai"
2023-12-14,109,118,28,13,10,19,"Mahape, Navi Mumbai"
2023-12-15,146,112,37,13,10,14,"Mahape, Navi Mumbai"
2023-12-16,143,87,27,13,10,12,"Mahape, Navi Mumbai"
2023-12-17,108,72,16,13,10,11,"Mahape, Navi Mumbai"
2023-12-18,99,86,33,13,10,11,"Mahape, Navi Mumbai"
2023-12-19,118,105,28,13,10,12,"Mahape, Navi Mumbai"
2023-12-20,99,127,25,13,10,16,"Mahape, Navi Mumbai"
2023-12-21,123,151,29,13,10,14,"Mahape, Navi Mumbai"
2023-12-22,135,97,20,13,10,6,"Mahape, Navi Mumbai"
2023-12-23,113,111,27,13,10,7,"Mahape, Navi Mumbai"
2023-12-24,139,82,22,13,10,6,"Mahape, Navi Mumbai"
2023-12-25,99,124,26,13,10,7,"Mahape, Navi Mumbai"
2023-12-26,138,101,16,13,10,6,"Mahape, Navi Mumbai"
2023-12-27,146,132,22,13,10,6,"Mahape, Navi Mumbai"
2023-12-28,140,132,27,13,10,9,"Mahape, Navi Mumbai"
2023-12-29,156,111,19,13,10,8,"Mahape, Navi Mumbai"
2023-12-30,142,95,20,13,10,6,"Mahape, Navi Mumbai"
2023-12-31,109,153,17,13,10,6,"Mahape, Navi Mumbai"
2024-01-01,135,129,18,13,10,6,"Mahape, Navi Mumbai"
2024-01-02,149,140,16,13,10,6,"Mahape, Navi Mumbai"
2024-01-03,149,123,14,13,10,7,"Mahape, Navi Mumbai"
2024-01-04,147,89,19,13,10,6,"Mahape, Navi Mumbai"
2024-01-05,121,113,16,13,10,7,"Mahape, Navi Mumbai"
2024-01-06,132,97,16,13,10,6,"Mahape, Navi Mumbai"
2024-01-07,124,90,16,13,10,6,"Mahape, Navi Mumbai"
2024-01-08,113,106,15,13,10,7,"Mahape, Navi Mumbai"
2024-01-09,140,64,8,13,10,5,"Mahape, Navi Mumbai"
2024-01-10,74,116,8,13,10,6,"Mahape, Navi Mumbai"
2024-01-11,179,104,15,13,10,6,"Mahape, Navi Mumbai"
2024-01-12,123,177,16,13,10,8,"Mahape, Navi Mumbai"
2024-01-13,154,79,10,13,10,6,"Mahape, Navi Mumbai"
2024-01-14,96,57,9,13,10,4,"Mahape, Navi Mumbai"
2024-01-15,55,97,15,13,10,6,"Mahape, Navi Mumbai"
2024-01-16,97,134,15,13,10,6,"Mahape, Navi Mumbai"
2024-01-17,128,224,15,13,10,6,"Mahape, Navi Mumbai"
2024-01-18,146,121,14,13,10,7,"Mahape, Navi Mumbai"
2024-01-19,126,181,16,13,10,7,"Mahape, Navi Mumbai"
2024-01-20,170,79,13,13,10,5,"Mahape, Navi Mumbai"
2024-01-21,88,110,21,13,10,6,"Mahape, Navi Mumbai"
2024-01-22,145,133,28,13,10,6,"Mahape, Navi Mumbai"
2024-01-23,98,137,19,13,10,6,"Mahape, Navi Mumbai"
2024-01-24,95,81,28,13,10,6,"Mahape, Navi Mumbai"
2024-01-25,71,86,25,13,10,7,"Mahape, Navi Mumbai"
2024-01-26,79,85,21,13,10,8,"Mahape, Navi Mumbai"
2024-01-27,77,113,23,13,10,8,"Mahape, Navi Mumbai"
2024-01-28,84,175,24,13,10,6,"Mahape, Navi Mumbai"
2024-01-29,98,137,21,13,10,7,"Mahape, Navi Mumbai"
2024-01-30,100,123,16,13,10,7,"Mahape, Navi Mumbai"
2024-01-31,173,266,15,13,10,9,"Mahape, Navi Mumbai"
2024-02-01,147,115,9,13,10,5,"Mahape, Navi Mumbai"
2024-02-02,92,93,9,13,10,8,"Mahape, Navi Mumbai"
2024-02-03,102,106,16,13,10,8,"Mahape, Navi Mumbai"
2024-02-04,106,194,18,13,10,8,"Mahape, Navi Mumbai"
2024-02-05,132,160,18,13,10,8,"Mahape, Navi Mumbai"
2024-02-06,123,105,11,13,10,6,"Mahape, Navi Mumbai"
2024-02-07,123,89,13,13,10,7,"Mahape, Navi Mumbai"
2024-02-08,94,153,14,13,10,8,"Mahape, Navi Mumbai"
2024-02-09,135,99,12,13,10,7,"Mahape, Navi Mumbai"
2024-02-10,97,103,11,13,10,6,"Mahape, Navi Mumbai"
2024-02-11,207,89,12,14,10,6,"Mahape, Navi Mumbai"
2024-02-12,268,120,13,13,10,8,"Mahape, Navi Mumbai"
2024-02-13,104,96,12,13,10,7,"Mahape, Navi Mumbai"
2024-02-14,99,97,12,13,10,7,"Mahape, Navi Mumbai"
2024-02-15,109,113,14,13,10,10,"Mahape, Navi Mumbai"
2024-02-16,138,124,12,13,10,10,"Mahape, Navi Mumbai"
2024-02-17,157,75,14,13,10,8,"Mahape, Navi Mumbai"
2024-02-18,134,122,16,13,10,8,"Mahape, Navi Mumbai"
2024-02-19,140,90,14,13,10,7,"Mahape, Navi Mumbai"
2024-02-20,112,116,13,13,10,7,"Mahape, Navi Mumbai"
2024-02-21,108,95,12,13,10,7,"Mahape, Navi Mumbai"
2024-02-22,108,170,9,13,10,8,"Mahape, Navi Mumbai"
2024-02-23,142,152,8,13,10,8,"Mahape, Navi Mumbai"
2024-02-24,105,76,7,13,10,7,"Mahape, Navi Mumbai"
2024-02-25,68,206,15,13,10,11,"Mahape, Navi Mumbai"
2024-02-26,128,149,11,13,10,10,"Mahape, Navi Mumbai"
2024-02-27,158,115,14,13,10,8,"Mahape, Navi Mumbai"
2024-02-28,124,180,9,14,10,8,"Mahape, Navi Mumbai"
2024-02-29,132,106,13,13,10,9,"Mahape, Navi Mumbai"
2024-03-01,130,97,13,13,10,6,"Mahape, Navi Mumbai"
2024-03-02,113,75,13,13,10,5,"Mahape, Navi Mumbai"
2024-03-03,64,62,16,13,10,6,"Mahape, Navi Mumbai"
2024-03-04,143,142,27,13,10,9,"Mahape, Navi Mumbai"
2024-03-05,164,175,19,13,10,10,"Mahape, Navi Mumbai"
2024-03-06,130,147,18,13,10,10,"Mahape, Navi Mumbai"
2024-03-07,114,105,11,13,10,7,"Mahape, Navi Mumbai"
2024-03-08,82,97,13,13,10,8,"Mahape, Navi Mumbai"
2024-03-09,83,196,18,13,10,10,"Mahape, Navi Mumbai"
2024-03-10,117,184,17,13,10,10,"Mahape, Navi Mumbai"
2024-03-11,132,110,19,13,10,10,"Mahape, Navi Mumbai"
2024-03-12,96,78,29,13,10,8,"Mahape, Navi Mumbai"
2024-03-13,86,183,22,13,10,9,"Mahape, Navi Mumbai"
2024-03-14,139, , , , , ,"Mahape, Navi Mumbai"
2024-03-15, ,106,9,13,10,8,"Mahape, Navi Mumbai"
2024-03-16,156,103, , , ,9,"Mahape, Navi Mumbai"
2024-03-17, ,88,16,13,10,7,"Mahape, Navi Mumbai"
2024-03-18,130,95,17,13,10,8,"Mahape, Navi Mumbai"
2024-03-19,113,228,24,13,10,11,"Mahape, Navi Mumbai"
2024-03-20,134,182,23,13,10,10,"Mahape, Navi Mumbai"
2024-03-21,132,176,20,13,10,11,"Mahape, Navi Mumbai"
2024-03-22,147,188,25,13,10,9,"Mahape, Navi Mumbai"
2024-03-23,146,87,20,13,10,8,"Mahape, Navi Mumbai"
2024-03-24,108,94,24,13,10,10,"Mahape, Navi Mumbai"
2024-03-25,114,79,18,13,10,8,"Mahape, Navi Mumbai"
2024-03-26,100,82,16,13,10,8,"Mahape, Navi Mumbai"
2024-03-27,114,110,15,13,10,9,"Mahape, Navi Mumbai"
2024-03-28,119,87,11,13,10,9,"Mahape, Navi Mumbai"
2024-03-29,108,112,13,13,10,9,"Mahape, Navi Mumbai"
2024-03-30,122,156,18,13,10,9,"Mahape, Navi Mumbai"
2024-03-31,149,94,30,13,10,9,"Mahape, Navi Mumbai"
2024-04-01,107, , , , , ,"Mahape, Navi Mumbai"
2024-04-02, ,112,11,13,10,10,"Mahape, Navi Mumbai"
2024-04-03,137,174,13,13,10,10,"Mahape, Navi Mumbai"
2024-04-04,137,116,15,13,11,9,"Mahape, Navi Mumbai"
2024-04-05,112, , , , , ,"Mahape, Navi Mumbai"
2024-04-06, ,112,14,13,10,9,"Mahape, Navi Mumbai"
2024-04-07,82,53,21,16,9,13,"Mahape, Navi Mumbai"
2024-04-08,74,45,30,30,9,23,"Mahape, Navi Mumbai"
2024-04-09,98,36,26,30,9,23,"Mahape, Navi Mumbai"
2024-04-10,96,49,27,31,9,24,"Mahape, Navi Mumbai"
2024-04-11,106, , , , , ,"Mahape, Navi Mumbai"
2024-04-12, ,88,24,31,9,21,"Mahape, Navi Mumbai"
2024-04-13,108,75,26,30,9,22,"Mahape, Navi Mumbai"
2024-04-14,83,91,26,31,9,24,"Mahape, Navi Mumbai"
2024-04-15,120,116,24,30,9,27,"Mahape, Navi Mumbai"
2024-04-16,150,75,15,31,9,23,"Mahape, Navi Mumbai"
2024-04-17,118,102,23,31,9,23,"Mahape, Navi Mumbai"
2024-04-18,166,88,25,30,9,23,"Mahape, Navi Mumbai"
2024-04-19,245,95,24,31,9,22,"Mahape, Navi Mumbai"
2024-04-20,138,65,24,30,9,23,"Mahape, Navi Mumbai"
2024-04-21,74,110,25,31,9,23,"Mahape, Navi Mumbai"
2024-04-22,98,80,24,30,9,23,"Mahape, Navi Mumbai"
2024-04-23,99,168,21,31,9,26,"Mahape, Navi Mumbai"
2024-04-24,149,93,23,31,9,22,"Mahape, Navi Mumbai"
2024-04-25,100, , , , , ,"Mahape, Navi Mumbai"
2024-04-26, ,91,25,30,9,23,"Mahape, Navi Mumbai"
2024-04-27,114,102,22,31,9,25,"Mahape, Navi Mumbai"
2024-04-28,121,196,24,31,8,23,"Mahape, Navi Mumbai"
2024-04-29,193,124,24,30,9,25,"Mahape, Navi Mumbai"
2024-04-30,109,79,24,30,9,24,"Mahape, Navi Mumbai"
2024-05-01,78,93,20,30,9,24,"Mahape, Navi Mumbai"
2024-05-02,91,97,21,30,9,25,"Mahape, Navi Mumbai"
2024-05-03,112,89,22,30,9,24,"Mahape, Navi Mumbai"
2024-05-04,107,73,25,30,9,24,"Mahape, Navi Mumbai"
2024-05-05,93,111,23,30,9,24,"Mahape, Navi Mumbai"
2024-05-06,126,95,21,30,9,23,"Mahape, Navi Mumbai"
2024-05-07,112,73,23,30,9,23,"Mahape, Navi Mumbai"
2024-05-08,87,70,25,30,9,22,"Mahape, Navi Mumbai"
2024-05-09,80,56,21,30,9,22,"Mahape, Navi Mumbai"
2024-05-10,62,77,20,31,9,23,"Mahape, Navi Mumbai"
2024-05-11,77, , , , , ,"Mahape, Navi Mumbai"
2024-05-12, ,56,24,30,9,23,"Mahape, Navi Mumbai"
2024-05-13,72,86,22,31,9,28,"Mahape, Navi Mumbai"
2024-05-14,112,72,20,30,9,30,"Mahape, Navi Mumbai"
2024-05-15,89,88,20,31,9,2,"Mahape, Navi Mumbai"
2024-05-16,126,91,19,31,8,2,"Mahape, Navi Mumbai"
2024-05-17,124,87,18,30,9,7,"Mahape, Navi Mumbai"
2024-05-18,112,84,15,30,9, ,"Mahape, Navi Mumbai"
2024-05-19,104,84,15,30,9, ,"Mahape, Navi Mumbai"
2024-05-20,111,111,18,25,9,5,"Mahape, Navi Mumbai"
2024-05-21,149,86,21,15,9,3,"Mahape, Navi Mumbai"
2024-05-22,118,92,21,15,9,3,"Mahape, Navi Mumbai"
2024-05-23,137,81,16,15,9,3,"Mahape, Navi Mumbai"
2024-05-24,114,94,18,15,9,3,"Mahape, Navi Mumbai"
2024-05-25,122,110,18,14,9,3,"Mahape, Navi Mumbai"
2024-05-26,128,97,26,15,9,6,"Mahape, Navi Mumbai"
2024-05-27,137,106,36,15,9,4,"Mahape, Navi Mumbai"
2024-05-28,124,108,18,15,9,3,"Mahape, Navi Mumbai"
2024-05-29,134,138,6,15,9,5,"Mahape, Navi Mumbai"
2024-05-30,124,94,9,15,9,5,"Mahape, Navi Mumbai"
2024-05-31,100,69,6,15,9,4,"Mahape, Navi Mumbai"
2024-06-01,80,55,3,16,9,4,"Mahape, Navi Mumbai"
2024-06-02,53,76,7,15,9,4,"Mahape, Navi Mumbai"
2024-06-03,74,79,7,15,9,5,"Mahape, Navi Mumbai"
2024-06-04,76,128,6,15,9,5,"Mahape, Navi Mumbai"
2024-06-05,116,79,5,15,9,6,"Mahape, Navi Mumbai"
2024-06-06,63,61,5,14,9,4,"Mahape, Navi Mumbai"
2024-06-07,68,67,5,15,9,4,"Mahape, Navi Mumbai"
2024-06-08,76,105,4,15,9,5,"Mahape, Navi Mumbai"
2024-06-09,108,45,2,15,9,5,"Mahape, Navi Mumbai"
2024-06-10,65,270,2,15,6,3,"Mahape, Navi Mumbai"
2024-06-11,117,63,3,15,5,2,"Mahape, Navi Mumbai"
2024-06-12,66,49,2,15,6,2,"Mahape, Navi Mumbai"
2024-06-13,58,47,3,15,6,2,"Mahape, Navi Mumbai"
2024-06-14,54,49,2,15,6,2,"Mahape, Navi Mumbai"
2024-06-15,55,57,3,15,5,2,"Mahape, Navi Mumbai"
2024-06-16,62,42,7,15,6,2,"Mahape, Navi Mumbai"
2024-06-17,60,76,11,15,5,2,"Mahape, Navi Mumbai"
2024-06-18,78,45,8,15,5,2,"Mahape, Navi Mumbai"
2024-06-19,60,49,9,15,6,4,"Mahape, Navi Mumbai"
2024-06-20,71,58,9,15,6,3,"Mahape, Navi Mumbai"
2024-06-21,77,36,12,15,6,2,"Mahape, Navi Mumbai"
2024-06-22,65,50,11,15,6,3,"Mahape, Navi Mumbai"
2024-06-23,75,49,8,15,6,3,"Mahape, Navi Mumbai"
2024-06-24,93,67,7,15,6,2,"Mahape, Navi Mumbai"
2024-06-25,82,31,8,14,6,2,"Mahape, Navi Mumbai"
2024-06-26,56,22,7,12,6,2,"Mahape, Navi Mumbai"
2024-06-27,43,40,8,12,6,3,"Mahape, Navi Mumbai"
2024-06-28,75,44,8,12,6,2,"Mahape, Navi Mumbai"
2024-06-29,62,52,8,12,6,2,"Mahape, Navi Mumbai"
2024-06-30,67,47,7,12,6,1,"Mahape, Navi Mumbai"
2024-07-01,59,128,5,12,5,1,"Mahape, Navi Mumbai"
2024-07-02,149,52,7,12,6,2,"Mahape, Navi Mumbai"
2024-07-03,62,55,7,12,6,2,"Mahape, Navi Mumbai"
2024-07-04,65,49,7,12,6,2,"Mahape, Navi Mumbai"
2024-07-05,57,55,8,12,6,2,"Mahape, Navi Mumbai"
2024-07-06,71,40,8,12,6,2,"Mahape, Navi Mumbai"
2024-07-07,60,59,8,12,6,3,"Mahape, Navi Mumbai"
2024-07-08,76,28,9,12,6,3,"Mahape, Navi Mumbai"
2024-07-09,53, , , , , ,"Mahape, Navi Mumbai"
2024-07-10, ,54,8,12,6,3,"Mahape, Navi Mumbai"
2024-07-11,90,187,9,12,3,2,"Mahape, Navi Mumbai"
2024-07-12,170,35,4,12,2,2,"Mahape, Navi Mumbai"
2024-07-13,692, , , , , ,"Mahape, Navi Mumbai"
2024-07-14, ,31,3,12,3,3,"Mahape, Navi Mumbai"
2024-07-15,34,34,3,12,3,2,"Mahape, Navi Mumbai"
2024-07-16,57,37,3,12,3,2,"Mahape, Navi Mumbai"
2024-07-17,56,25,4,12,3,2,"Mahape, Navi Mumbai"
2024-07-18,42,32,4,12,3,2,"Mahape, Navi Mumbai"
2024-07-19,56,29,4,12,4,2,"Mahape, Navi Mumbai"
2024-07-20,46,23,4,12,4,2,"Mahape, Navi Mumbai"
2024-07-21,43,33,4,12,3,2,"Mahape, Navi Mumbai"
2024-07-22,58,39,4,12,3,2,"Mahape, Navi Mumbai"
2024-07-23,65,151,4,8,3,2,"Mahape, Navi Mumbai"
2024-07-24,246,147,4,6,4,2,"Mahape, Navi Mumbai"
2024-07-25,103,54,4,6,3,2,"Mahape, Navi Mumbai"
2024-07-26,79,56,4,6,3,2,"Mahape, Navi Mumbai"
2024-07-27,78,57,4,6,4,2,"Mahape, Navi Mumbai"
2024-07-28,87,55,4,6,4,2,"Mahape, Navi Mumbai"
2024-07-29,81,54,4,6,3,2,"Mahape, Navi Mumbai"
2024-07-30,77,50,4,6,3,2,"Mahape, Navi Mumbai"
2024-07-31,76,51,4,6,3,2,"Mahape, Navi Mumbai"
2024-08-01,67,36,4,6,3,2,"Mahape, Navi Mumbai"
2024-08-02,58,35,4,6,2,2,"Mahape, Navi Mumbai"
2024-08-03,53,37,4,6,3,2,"Mahape, Navi Mumbai"
2024-08-04,52,50,4,6,2,2,"Mahape, Navi Mumbai"
2024-08-05,87,50,4,6,3,3,"Mahape, Navi Mumbai"
2024-08-06,56,82,5,6,3,2,"Mahape, Navi Mumbai"
2024-08-07,90,54,4,6,2,3,"Mahape, Navi Mumbai"
2024-08-08,62,59,5,6,2,3,"Mahape, Navi Mumbai"
2024-08-09,91,85,4,6,2,3,"Mahape, Navi Mumbai"
2024-08-10,56,41,5,6,2,2,"Mahape, Navi Mumbai"
2024-08-11,43,49,6,6,2,2,"Mahape, Navi Mumbai"
2024-08-12,50,61,6,6,3,3,"Mahape, Navi Mumbai"
2024-08-13,66,63,8,6,2,3,"Mahape, Navi Mumbai"
2024-08-14,64,60,9,6,3,3,"Mahape, Navi Mumbai"
2024-08-15,54,57,12,6,3,3,"Mahape, Navi Mumbai"
2024-08-16,57,62,10,6,3,3,"Mahape, Navi Mumbai"
2024-08-17,63,63,15,6,3,3,"Mahape, Navi Mumbai"
2024-08-18,63,70,10,6,3,3,"Mahape, Navi Mumbai"
2024-08-19,60,48,6,6,3,4,"Mahape, Navi Mumbai"
2024-08-20,69,56,12,6,3,3,"Mahape, Navi Mumbai"
2024-08-21,75,59,7,6,3,4,"Mahape, Navi Mumbai"
2024-08-22,83,79,6,6,3,3,"Mahape, Navi Mumbai"
2024-08-23,39,31,4,6,3,3,"Mahape, Navi Mumbai"
2024-08-24,40,27,4,6,3,3,"Mahape, Navi Mumbai"
2024-08-25,33,43,4,6,3,2,"Mahape, Navi Mumbai"
2024-08-26,42,30,4,6,3,2,"Mahape, Navi Mumbai"
2024-08-27,61,41,4,6,3,3,"Mahape, Navi Mumbai"
2024-08-28,42,100,4,6,3,3,"Mahape, Navi Mumbai"
2024-08-29,94,42,5,6,3,3,"Mahape, Navi Mumbai"
2024-08-30,46,75,11,6,3,3,"Mahape, Navi Mumbai"
2024-08-31,76,86,7,6,3,4,"Mahape, Navi Mumbai"
2024-09-01,68,49,5,6,3,3,"Mahape, Navi Mumbai"
2024-09-02,51,50,5,6,3,3,"Mahape, Navi Mumbai"
2024-09-03,52,43,7,6,3,3,"Mahape, Navi Mumbai"
2024-09-04,44,43,5,6,3,3,"Mahape, Navi Mumbai"
2024-09-05,47,48,6,6,3,3,"Mahape, Navi Mumbai"
2024-09-06,49,48,5,6,3,4,"Mahape, Navi Mumbai"
2024-09-07,35,38,7,6,3,3,"Mahape, Navi Mumbai"
2024-09-08,41,46,5,6,3,4,"Mahape, Navi Mumbai"
2024-09-09,47,62,5,6,4,4,"Mahape, Navi Mumbai"
2024-09-10,64,51,6,6,3,4,"Mahape, Navi Mumbai"
2024-09-11,47,49,5,6,3,4,"Mahape, Navi Mumbai"
2024-09-12,47,62,6,6,3,3,"Mahape, Navi Mumbai"
2024-09-13,53,51,5,6,3,4,"Mahape, Navi Mumbai"
2024-09-14,49,41,6,6,3,4,"Mahape, Navi Mumbai"
2024-09-15,44,92,6,6,3,5,"Mahape, Navi Mumbai"
2024-09-16,97,63,9,6,3,4,"Mahape, Navi Mumbai"
2024-09-17,65,97,10,6,3,4,"Mahape, Navi Mumbai"
2024-09-18,71,91,7,6,3,5,"Mahape, Navi Mumbai"
2024-09-19,83,81,7,6,3,4,"Mahape, Navi Mumbai"
2024-09-20,75,68,7,6,3,4,"Mahape, Navi Mumbai"
2024-09-21,82,73,7,6,3,4,"Mahape, Navi Mumbai"
2024-09-22,69,60,7,6,3,4,"Mahape, Navi Mumbai"
2024-09-23,67,40,5,6,4,4,"Mahape, Navi Mumbai"
2024-09-24,47,32,5,6,4,5,"Mahape, Navi Mumbai"
2024-09-25,50,35,5,6,4,4,"Mahape, Navi Mumbai"
2024-09-26,47,33,4,6,4,4,"Mahape, Navi Mumbai"
2024-09-27,62,68,4,6,3,4,"Mahape, Navi Mumbai"
2024-09-28,65,37,6,6,2,4,"Mahape, Navi Mumbai"
2024-09-29,38,98,10,6,5,5,"Mahape, Navi Mumbai"
2024-09-30,99,96,8,6,3,5,"Mahape, Navi Mumbai"
2024-10-01,104,129,8,6,3,5,"Mahape, Navi Mumbai"
2024-10-02,140,60,8,6,3,4,"Mahape, Navi Mumbai"
2024-10-03,69,75,8,6,3,5,"Mahape, Navi Mumbai"
2024-10-04,79,63,8,6,3,4,"Mahape, Navi Mumbai"
2024-10-05,64,57,6,6,3,7,"Mahape, Navi Mumbai"
2024-10-06,64,91,9,6, ,9,"Mahape, Navi Mumbai"
2024-10-07,112,69,8,6, ,10,"Mahape, Navi Mumbai"
2024-10-08,60,44,7,6, ,10,"Mahape, Navi Mumbai"
2024-10-09,38,37,6,6,128,5,"Mahape, Navi Mumbai"
2024-10-10,28,27,6,6,67,4,"Mahape, Navi Mumbai"
2024-10-11,21,50,5,6,67,4,"Mahape, Navi Mumbai"
2024-10-12,55,55,7,6,67,5,"Mahape, Navi Mumbai"
2024-10-13,59,53,6,6,67,5,"Mahape, Navi Mumbai"
2024-10-14,57,63,6,6,67,5,"Mahape, Navi Mumbai"
2024-10-15,65,72,7,6, ,5,"Mahape, Navi Mumbai"
2024-10-16,66,67,7,6, ,5,"Mahape, Navi Mumbai"
2024-10-17,65,61,5,6, ,5,"Mahape, Navi Mumbai"
2024-10-18,55,50,7,6, ,5,"Mahape, Navi Mumbai"
2024-10-19,54,48,7,6, ,5,"Mahape, Navi Mumbai"
2024-10-20,53,52,7,6, ,5,"Mahape, Navi Mumbai"
2024-10-21,55,80,7,6,5,5,"Mahape, Navi Mumbai"
2024-10-22,74,71,8,6,5,5,"Mahape, Navi Mumbai"
2024-10-23,63,79,8,6,5,5,"Mahape, Navi Mumbai"
2024-10-24,70,87,10,6,5,5,"Mahape, Navi Mumbai"
2024-10-25,99,84,9,6,5,5,"Mahape, Navi Mumbai"
2024-10-26,91,82,10,6,5,6,"Mahape, Navi Mumbai"
2024-10-27,76,81,9,6,5,6,"Mahape, Navi Mumbai"
2024-10-28,73,80,9,6,5,6,"Mahape, Navi Mumbai"
2024-10-29,70,76,9,6,5,5,"Mahape, Navi Mumbai"
2024-10-30,71,84,10,6,5,5,"Mahape, Navi Mumbai"
2024-10-31,97,77,7,6,5,5,"Mahape, Navi Mumbai"
2024-11-01,93,106,9,6,5,5,"Mahape, Navi Mumbai"
2024-11-02,122,118,11,6,5,5,"Mahape, Navi Mumbai"
2024-11-03,125,98,8,6,5,5,"Mahape, Navi Mumbai"
2024-11-04,108,111,10,6,5,5,"Mahape, Navi Mumbai"
2024-11-05,111,104,8,6,5,5,"Mahape, Navi Mumbai"
2024-11-06,104,104,14,6,5,5,"Mahape, Navi Mumbai"
2024-11-07,105,158,17,6,5,5,"Mahape, Navi Mumbai"
2024-11-08,112,98,20,6,5,6,"Mahape, Navi Mumbai"
2024-11-09,111,131,19,6,5,6,"Mahape, Navi Mumbai"
2024-11-10,122,108,17,6,5,6,"Mahape, Navi Mumbai"
2024-11-11,122,100,15,6,4,6,"Mahape, Navi Mumbai"
2024-11-12,110,86,23,6,5,6,"Mahape, Navi Mumbai"
2024-11-13,105,79,20,6,5,6,"Mahape, Navi Mumbai"
2024-11-14,94,86,13,6,5,6,"Mahape, Navi Mumbai"
2024-11-15,103,96,17,6,5,6,"Mahape, Navi Mumbai"
2024-11-16,128,84,7,6,5,6,"Mahape, Navi Mumbai"
2024-11-17,112,80,5,6,5,6,"Mahape, Navi Mumbai"
2024-11-18,98,86,50,6,5,6,"Mahape, Navi Mumbai"
2024-11-19,102,85,32,6,5,6,"Mahape, Navi Mumbai"
2024-11-20,100,96,10,6,5,6,"Mahape, Navi Mumbai"
2024-11-21,110,105,9,6,5,6,"Mahape, Navi Mumbai"
2024-11-22,114,134,9,6,5,6,"Mahape, Navi Mumbai"
2024-11-23,134,107,9,6,5,6,"Mahape, Navi Mumbai"
2024-11-24,120,102,10,6,5,6,"Mahape, Navi Mumbai"
2024-11-25,108,95,10,6,5,6,"Mahape, Navi Mumbai"
2024-11-26,105,103,14,17,6,5,"Mahape, Navi Mumbai"
2024-11-27,102,98,10,30,9,3,"Mahape, Navi Mumbai"
2024-11-28,89,94,9,30,9,3,"Mahape, Navi Mumbai"
2024-11-29,88,151,9,30,9,4,"Mahape, Navi Mumbai"
2024-11-30,136,98,9,30,9,3,"Mahape, Navi Mumbai"
2024-12-01,109,105,9,30,9,3,"Mahape, Navi Mumbai"
2024-12-02,116,84,9,30,9,3,"Mahape, Navi Mumbai"
2024-12-03,102,89,9,30,9,3,"Mahape, Navi Mumbai"
2024-12-04,106,113,10,30,9,3,"Mahape, Navi Mumbai"
2024-12-05,121,113,9,30,9,3,"Mahape, Navi Mumbai"
2024-12-06,124,89,10,30,9,3,"Mahape, Navi Mumbai"
2024-12-07,106,87,9,30,9,3,"Mahape, Navi Mumbai"
2024-12-08,98,81,9,30,9,3,"Mahape, Navi Mumbai"
2024-12-09,92,94,9,30,9,3,"Mahape, Navi Mumbai"
2024-12-10,92,99,9,30,9,3,"Mahape, Navi Mumbai"
2024-12-11,111,102,9,30,9,3,"Mahape, Navi Mumbai"
2024-12-12,106,90,9,30,9,3,"Mahape, Navi Mumbai"
2024-12-13,97,97,9,30,9,3,"Mahape, Navi Mumbai"
2024-12-14,110,108,9,30,9,3,"Mahape, Navi Mumbai"
2024-12-15,130,132,9,30,9,4,"Mahape, Navi Mumbai"
2024-12-16,132,171,9,30,9,4,"Mahape, Navi Mumbai"
2024-12-17,144,119,9,30,9,4,"Mahape, Navi Mumbai"
2024-12-18,154,123,9,30,9,4,"Mahape, Navi Mumbai"
2024-12-19,155,113,9,30,9,4,"Mahape, Navi Mumbai"
2024-12-20,155,178,9,30,9,4,"Mahape, Navi Mumbai"
2024-12-21,169,108,9,30,9,4,"Mahape, Navi Mumbai"
2024-12-22,147,96,9,30,9,3,"Mahape, Navi Mumbai"
2024-12-23,148,117,9,30,9,3,"Mahape, Navi Mumbai"
2024-12-24,148,114,9,30,9,3,"Mahape, Navi Mumbai"
2024-12-25,137,103,9,30,9,4,"Mahape, Navi Mumbai"
2024-12-26,152,82,9,30,9,3,"Mahape, Navi Mumbai"
2024-12-27,130,99,9,30,9,3,"Mahape, Navi Mumbai"
2024-12-28,151, , , , , ,"Mahape, Navi Mumbai"
2024-12-31, ,86,9,30,9,5,"Mahape, Navi Mumbai"
2025-01-01,139,83,9,30,9,4,"Mahape, Navi Mumbai"
2025-01-02,125,92,10,30,9,4,"Mahape, Navi Mumbai"
2025-01-03,136,103,10,30,9,4,"Mahape, Navi Mumbai"
2025-01-04,152,103,9,30,9,4,"Mahape, Navi Mumbai"
2025-01-05,154,85,9,30,9,4,"Mahape, Navi Mumbai"
2025-01-06,132,85,9,30,9,4,"Mahape, Navi Mumbai"
2025-01-07,132,85,9,30,9,4,"Mahape, Navi Mumbai"
2025-01-08,134,91,9,30,9,4,"Mahape, Navi Mumbai"
2025-01-09,134,106,9,30,9,4,"Mahape, Navi Mumbai"
2025-01-10,154,101,9,30, ,4,"Mahape, Navi Mumbai"
2025-01-11, ,91,9,30,9,4,"Mahape, Navi Mumbai"
2025-01-12,127,88,9,30,9,4,"Mahape, Navi Mumbai"
2025-01-13,131,93,9,30,9,4,"Mahape, Navi Mumbai"
2025-01-14,141,111,9,30,9,5,"Mahape, Navi Mumbai"
2025-01-15,157,104,9,30,9,4,"Mahape, Navi Mumbai"
2025-01-16,151,114,9,30,9,4,"Mahape, Navi Mumbai"
2025-01-17,146,90,9,30,9,4,"Mahape, Navi Mumbai"
2025-01-18,137,92,9,30,9,4,"Mahape, Navi Mumbai"
2025-01-19,142,142,9,30,9,5,"Mahape, Navi Mumbai"
2025-01-20,163,144,9,30,9,5,"Mahape, Navi Mumbai"
2025-01-21,169,112,9,30,9,4,"Mahape, Navi Mumbai"
2025-01-22,158,94,9,30,9,4,"Mahape, Navi Mumbai"
2025-01-23,145,95,9,30,9,4,"Mahape, Navi Mumbai"
2025-01-24,135,134,9,30,9,5,"Mahape, Navi Mumbai"
2025-01-25,164,84,9,30,9,4,"Mahape, Navi Mumbai"
2025-01-26,133,98,9,30,9,5,"Mahape, Navi Mumbai"
2025-01-27,147,126,9,30,9,5,"Mahape, Navi Mumbai"
2025-01-28,163,115,9,30,9,5,"Mahape, Navi Mumbai"
2025-01-29,151,105,9,30,9,5,"Mahape, Navi Mumbai"
2025-01-30,154,99,9,30,9,5,"Mahape, Navi Mumbai"
2025-01-31,142,96,9,30,9,4,"Mahape, Navi Mumbai"
2025-02-01,143,81,9,30,9,4,"Mahape, Navi Mumbai"
2025-02-02,127,90,9,30,9,4,"Mahape, Navi Mumbai"
2025-02-03,141,87,9,30,9,4,"Mahape, Navi Mumbai"
2025-02-04,134,88,9,30,9,5,"Mahape, Navi Mumbai"
2025-02-05,135,96,9,30,9,5,"Mahape, Navi Mumbai"
2025-02-06,143,102,9,30,9,5,"Mahape, Navi Mumbai"
2025-02-07,150,115,9,30,9,6,"Mahape, Navi Mumbai"
2025-02-08,158,94,9,30,9,5,"Mahape, Navi Mumbai"
2025-02-09,137,79,8,30,9,5,"Mahape, Navi Mumbai"
2025-02-10,121,85,8,30,9,5,"Mahape, Navi Mumbai"
2025-02-11,131,88,8,30,9,5,"Mahape, Navi Mumbai"
2025-02-12,134,82,8,30,9,5,"Mahape, Navi Mumbai"
2025-02-13,125,88,8,30,9,5,"Mahape, Navi Mumbai"
2025-02-14,142,97,8,30,9,6,"Mahape, Navi Mumbai"
2025-02-15,145,98,8,30,9,5,"Mahape, Navi Mumbai"
2025-02-16,146,90,8,30,9,5,"Mahape, Navi Mumbai"
2025-02-17,138,96,8,30,9,5,"Mahape, Navi Mumbai"
2025-02-18,143,96,8,30,9,5,"Mahape, Navi Mumbai"
2025-02-19,146,102,8,30,9,6,"Mahape, Navi Mumbai"
2025-02-20,150,77,8,30,9,5,"Mahape, Navi Mumbai"
2025-02-21,121,88,8,30,9,5,"Mahape, Navi Mumbai"
2025-02-22,132,88,8,30,9,5,"Mahape, Navi Mumbai"
2025-02-23,133,88,8,30,9,5,"Mahape, Navi Mumbai"
2025-02-24,133,104,8,30,9,5,"Mahape, Navi Mumbai"
2025-02-25,146,105,8,30,9,5,"Mahape, Navi Mumbai"
2025-02-26,152,117,8,30,9,6,"Mahape, Navi Mumbai"
2025-02-27,160, , , , , ,"Mahape, Navi Mumbai"
2025-02-28, ,104,8,30,9,5,"Mahape, Navi Mumbai"
2025-03-01,145,84,8,30,9,5,"Mahape, Navi Mumbai"
2025-03-02,132,92,8,30,9,5,"Mahape, Navi Mumbai"
2025-03-03,149,92,8,30,9,5,"Mahape, Navi Mumbai"
2025-03-04,141,101, ,30,9,5,"Mahape, Navi Mumbai"
2025-03-05,140,88, ,30,9,5,"Mahape, Navi Mumbai"
2025-03-06,134,149, ,30,9,9,"Mahape, Navi Mumbai"
2025-03-07,174,172, ,30,9,6,"Mahape, Navi Mumbai"
2025-03-08,170,109, ,30,9,6,"Mahape, Navi Mumbai"
2025-03-09,145,99, ,30,9,6,"Mahape, Navi Mumbai"
2025-03-10,148,118, ,30,9,7,"Mahape, Navi Mumbai"
2025-03-11,193,112, ,30,9,6,"Mahape, Navi Mumbai"
2025-03-12,150,112, ,30,9,6,"Mahape, Navi Mumbai"
2025-03-13,149,90, ,30,9,6,"Mahape, Navi Mumbai"
2025-03-14,121,78, ,30,9,6,"Mahape, Navi Mumbai"
2025-03-15,105,110, ,30,9,6,"Mahape, Navi Mumbai"
2025-03-16,144,98, ,30,9,6,"Mahape, Navi Mumbai"
2025-03-17,135,111, ,30,9,5,"Mahape, Navi Mumbai"
2025-03-18,138,86, ,30,9,5,"Mahape, Navi Mumbai"
2025-03-19,123,93, ,30,9,5,"Mahape, Navi Mumbai"
2025-03-20,124,82, ,30,9,5,"Mahape, Navi Mumbai"
2025-03-21,116,74, ,30,9,5,"Mahape, Navi Mumbai"
2025-03-22,102,80, ,30,9,5,"Mahape, Navi Mumbai"
2025-03-23,113,77, ,30,9,5,"Mahape, Navi Mumbai"
2025-03-24,107,109, ,30,9,6,"Mahape, Navi Mumbai"
2025-03-25,150, , , , , ,"Mahape, Navi Mumbai"
2025-03-26, ,93, ,30,9,6,"Mahape, Navi Mumbai"
2025-03-27,95,88, ,30,9,6,"Mahape, Navi Mumbai"
2025-03-28,117,106, ,30,9,7,"Mahape, Navi Mumbai"
2025-03-29,146,115, ,30,9,7,"Mahape, Navi Mumbai"
2025-03-30,148,74, ,30,9,6,"Mahape, Navi Mumbai"
2025-03-31,102,95, ,30,9,6,"Mahape, Navi Mumbai"
2025-04-01,120,83, ,30,9,7,"Mahape, Navi Mumbai"
2025-04-02,118,70, ,30,9,6,"Mahape, Navi Mumbai"
2025-04-03,95,61, ,30,9,6,"Mahape, Navi Mumbai"
2025-04-04,79,86, ,30,9,7,"Mahape, Navi Mumbai"
2025-04-05,122,102, ,30,9,7,"Mahape, Navi Mumbai"
2025-04-06,132,80, ,30,9,7,"Mahape, Navi Mumbai"
2025-04-07,114,97, ,30,9,7,"Mahape, Navi Mumbai"
2025-04-08,135,71, ,30,9,7,"Mahape, Navi Mumbai"
2025-04-09,97,57, ,30,9,6,"Mahape, Navi Mumbai"
2025-04-10,72,57, ,30,9,6,"Mahape, Navi Mumbai"
2025-04-11,72,63, ,30,9,6,"Mahape, Navi Mumbai"
2025-04-12,83,69, ,31,9,6,"Mahape, Navi Mumbai"
2025-04-13,92, , , , , ,"Mahape, Navi Mumbai"
2025-04-14, ,133, ,31,9,6,"Mahape, Navi Mumbai"
2025-04-15,155,72, ,30,9,6,"Mahape, Navi Mumbai"
2025-04-16,98,64, ,30,9,6,"Mahape, Navi Mumbai"
2025-04-17,77,73, ,30,9,6,"Mahape, Navi Mumbai"
2025-04-18,93,56, ,30,9,6,"Mahape, Navi Mumbai"
2025-04-19,70,68, ,30,9,6,"Mahape, Navi Mumbai"
2025-04-20,91,61, ,30,9,6,"Mahape, Navi Mumbai"
2025-04-21,79,82, ,30,9,7,"Mahape, Navi Mumbai"
2025-04-22,118,83, ,30,9,7,"Mahape, Navi Mumbai"
2025-04-23,118,76, ,30,9,6,"Mahape, Navi Mumbai"
2025-04-24,104,77, ,30,9,6,"Mahape, Navi Mumbai"
2025-04-25,106,69, ,31,9,6,"Mahape, Navi Mumbai"
2025-04-26,87,68, ,31,9,6,"Mahape, Navi Mumbai"
2025-04-27,91,62, ,31,9,6,"Mahape, Navi Mumbai"
2025-04-28,80,65, ,30,9,7,"Mahape, Navi Mumbai"
2025-04-29,86,62, ,30,9,7,"Mahape, Navi Mumbai"
2025-04-30,80,56, ,30,9,7,"Mahape, Navi Mumbai"
2025-05-01,70,64, ,31,9,7,"Mahape, Navi Mumbai"
2025-05-02,84,57, ,31,9,7,"Mahape, Navi Mumbai"
2025-05-03,71,55, ,30,9,7,"Mahape, Navi Mumbai"
2025-05-04,67,69, ,31,9,7,"Mahape, Navi Mumbai"
2025-05-05,87,69, ,26,9,7,"Mahape, Navi Mumbai"
2025-05-06,84,65, ,16,9,7,"Mahape, Navi Mumbai"
2025-05-07,78,79, ,16,9,7,"Mahape, Navi Mumbai"
2025-05-08,77,47, ,17,9,7,"Mahape, Navi Mumbai"
2025-05-09,58,57, ,16,9,7,"Mahape, Navi Mumbai"
2025-05-10,72,53, ,17,9,7,"Mahape, Navi Mumbai"
2025-05-11,67,53, ,17,9,7,"Mahape, Navi Mumbai"
2025-05-12,65,69, ,17,9,7,"Mahape, Navi Mumbai"
2025-05-13,93,64, ,16,9,7,"Mahape, Navi Mumbai"
2025-05-14,84,62, ,17,9,7,"Mahape, Navi Mumbai"
2025-05-15,81,59, ,17,9,7,"Mahape, Navi Mumbai"
2025-05-16,75,60, ,17,9,7,"Mahape, Navi Mumbai"
2025-05-17,78,57, ,16,9,7,"Mahape, Navi Mumbai"
2025-05-18,72,58, ,17,9,7,"Mahape, Navi Mumbai"
2025-05-19,73,66, ,16,9,7,"Mahape, Navi Mumbai"
2025-05-20,89,60, ,17,9,8,"Mahape, Navi Mumbai"
2025-05-21,78,74, ,17,9,7,"Mahape, Navi Mumbai"
2025-05-22,95,74, ,17,9,7,"Mahape, Navi Mumbai"
2025-05-23,100,66, ,17,9,8,"Mahape, Navi Mumbai"
2025-05-24,87,57, ,16,9,8,"Mahape, Navi Mumbai"
2025-05-25,72, , , , , ,"Mahape, Navi Mumbai"
2025-05-26, ,73, ,17,9,7,"Mahape, Navi Mumbai"
2025-05-27,82,58, ,16,9,8,"Mahape, Navi Mumbai"
2025-05-28,74,93, ,16,9,5,"Mahape, Navi Mumbai"
2025-05-29,114,60, ,17,9,3,"Mahape, Navi Mumbai"
2025-05-30,76, , , , , ,"Mahape, Navi Mumbai"
2025-06-01, ,107, ,17,9,4,"Mahape, Navi Mumbai"
2025-06-02,99,78, ,17,9,3,"Mahape, Navi Mumbai"
2025-06-03,86,47, ,16,9,3,"Mahape, Navi Mumbai"
2025-06-04,59,70, ,16,9,4,"Mahape, Navi Mumbai"
2025-06-05,91,75, ,17,9,3,"Mahape, Navi Mumbai"
2025-06-06,97,55, ,16,9,3,"Mahape, Navi Mumbai"
2025-06-07,70,57, ,16,9,3,"Mahape, Navi Mumbai"
2025-06-08,72,56, ,16,9,4,"Mahape, Navi Mumbai"
2025-06-09,69,53, ,17,9,4,"Mahape, Navi Mumbai"
2025-06-10,67,64, ,16,9,3,"Mahape, Navi Mumbai"
2025-06-11,78,47, ,17,9,4,"Mahape, Navi Mumbai"
2025-06-12,57,55, ,17,9,4,"Mahape, Navi Mumbai"
2025-06-13,71,57, ,16,9,4,"Mahape, Navi Mumbai"
2025-06-14,72,43, ,17,9,4,"Mahape, Navi Mumbai"
2025-06-15,53,30, ,14,10,4,"Mahape, Navi Mumbai"
2025-06-16,32,60, ,12,9,3,"Mahape, Navi Mumbai"
2025-06-17,71,34, ,12,9,4,"Mahape, Navi Mumbai"
2025-06-18,39,41, ,12,9,4,"Mahape, Navi Mumbai"
2025-06-19,49,76, ,12,9,3,"Mahape, Navi Mumbai"
2025-06-20,95,53, ,12,10,4,"Mahape, Navi Mumbai"
2025-06-21,64, , , , , ,"Mahape, Navi Mumbai"
2025-06-22, ,89, ,12,9,4,"Mahape, Navi Mumbai"
2025-06-23,86,47, ,12,10,4,"Mahape, Navi Mumbai"
2025-06-24,57,48, ,12,9,4,"Mahape, Navi Mumbai"
2025-06-25,58,48, ,12,9,4,"Mahape, Navi Mumbai"
2025-06-26,58,47, ,12,9,4,"Mahape, Navi Mumbai"
2025-06-27,57,50, ,12,9,4,"Mahape, Navi Mumbai"
2025-06-28,61,45, ,12,9,4,"Mahape, Navi Mumbai"
2025-06-29,55,47,10,12,9,4,"Mahape, Navi Mumbai"
2025-06-30,57,47,7,12,9,4,"Mahape, Navi Mumbai"
2025-07-01,58,38,7,12,9,4,"Mahape, Navi Mumbai"
2025-07-02,46,62,7,12,9,4,"Mahape, Navi Mumbai"
2025-07-03,63,44,11,12,9,4,"Mahape, Navi Mumbai"
2025-07-04,53,43,7,12,9,4,"Mahape, Navi Mumbai"
2025-07-05,52,44,7,12,9,4,"Mahape, Navi Mumbai"
2025-07-06,54,51,7,12,9,4,"Mahape, Navi Mumbai"
2025-07-07,62,60,15,12,9,17,"Mahape, Navi Mumbai"
2025-07-08,71,81,11,12,9,21,"Mahape, Navi Mumbai"
2025-07-09,85,104,9,12,9,4,"Mahape, Navi Mumbai"
2025-07-10,95,67,9,12,9,4,"Mahape, Navi Mumbai"
2025-07-11,78,57,8,12,9,4,"Mahape, Navi Mumbai"
2025-07-12,68,44,9,12,9,4,"Mahape, Navi Mumbai"
2025-07-13,54,33,8,12,9,4,"Mahape, Navi Mumbai"
2025-07-14,37,44,11,12,9,5,"Mahape, Navi Mumbai"
2025-07-15,54,50,10,12,10,5,"Mahape, Navi Mumbai"
2025-07-16,62,69,8,12,10,4,"Mahape, Navi Mumbai"
2025-07-17,80,58,7,12,10,5,"Mahape, Navi Mumbai"
2025-07-18,73,52,7,12,10,5,"Mahape, Navi Mumbai"
2025-07-19,64,42,10,12,10,5,"Mahape, Navi Mumbai"
2025-07-20,50,51,8,12,10,5,"Mahape, Navi Mumbai"
2025-07-21,59,35,7,12,10,4,"Mahape, Navi Mumbai"
2025-07-22,42,35,7,12,10,5,"Mahape, Navi Mumbai"
2025-07-23,42,43,8,12,10,5,"Mahape, Navi Mumbai"
2025-07-24,53,34,7,12,10,4,"Mahape, Navi Mumbai"
2025-07-25,42,40,7,12,10,5,"Mahape, Navi Mumbai"
2025-07-26,49,46,6,12,10,5,"Mahape, Navi Mumbai"
2025-07-27,56,48,9,12,10,4,"Mahape, Navi Mumbai"
2025-07-28,58,47,6,12,10,4,"Mahape, Navi Mumbai"
2025-07-29,57,50,7,12,10,5,"Mahape, Navi Mumbai"
2025-07-30,61,54,7,12,10,5,"Mahape, Navi Mumbai"
2025-07-31,66,54,7,12,10,5,"Mahape, Navi Mumbai"
2025-08-01,67,49,7,12,10,4,"Mahape, Navi Mumbai"
2025-08-02,59,50,7,12,10,5,"Mahape, Navi Mumbai"
2025-08-03,60,54,7,12,10,5,"Mahape, Navi Mumbai"
2025-08-04,66,55,6,12,10,4,"Mahape, Navi Mumbai"
2025-08-05,69,57,4,12,10,5,"Mahape, Navi Mumbai"
2025-08-06,71,44,4,12,10,4,"Mahape, Navi Mumbai"
2025-08-07,54,55,7,12,10,5,"Mahape, Navi Mumbai"
2025-08-08,70,50,7,12,10,4,"Mahape, Navi Mumbai"
2025-08-09,62,44,5,12,10,5,"Mahape, Navi Mumbai"
2025-08-10,55,51,5,12,10,5,"Mahape, Navi Mumbai"
2025-08-11,63,50,2,12,10,5,"Mahape, Navi Mumbai"
2025-08-12,61,47,7,12,10,4,"Mahape, Navi Mumbai"
2025-08-13,58,41,7,12,10,5,"Mahape, Navi Mumbai"
2025-08-14,50,32,3,12,10,5,"Mahape, Navi Mumbai"
2025-08-15,35,29,11,12,10,5,"Mahape, Navi Mumbai"
2025-08-16,30,38,4,12,10,5,"Mahape, Navi Mumbai"
2025-08-17,47,30,15,12,10,5,"Mahape, Navi Mumbai"
2025-08-18,32,30,9,12,10,5,"Mahape, Navi Mumbai"
2025-08-19,33,36,6,12,10,8,"Mahape, Navi Mumbai"
2025-08-20,43,41,4,12,10,12,"Mahape, Navi Mumbai"
2025-08-21,50,41,4,12,10,9,"Mahape, Navi Mumbai"
2025-08-22,50,44,4,12,10,13,"Mahape, Navi Mumbai"
2025-08-23,43,43,4,12,10,9,"Mahape, Navi Mumbai"
2025-08-24,26,38,4,12,10,5,"Mahape, Navi Mumbai"
2025-08-25,23,41,5,12,10,4,"Mahape, Navi Mumbai"
2025-08-26,24,40,4,12,10,5,"Mahape, Navi Mumbai"
2025-08-27,24,51,6,12,10,5,"Mahape, Navi Mumbai"
2025-08-28,40,37,8,12,10,4,"Mahape, Navi Mumbai"
2025-08-29,23,39,4,12,10,4,"Mahape, Navi Mumbai"
2025-08-30,24,42,4,12,10,4,"Mahape, Navi Mumbai"
2025-08-31,24,40,4,12,10,5,"Mahape, Navi Mumbai"
2025-09-01,24,41,4,12,10,5,"Mahape, Navi Mumbai"
2025-09-02,24,52,4,12,10,5,"Mahape, Navi Mumbai"
2025-09-03,27,46,4,12,10,5,"Mahape, Navi Mumbai"
2025-09-04,25,41,6,12,10,6,"Mahape, Navi Mumbai"
2025-09-05,23,35,6,12,10,5,"Mahape, Navi Mumbai"
2025-09-06,19,39,4,12,10,6,"Mahape, Navi Mumbai"
2025-09-07,20,69,4,12,10,6,"Mahape, Navi Mumbai"
2025-09-08,42,58,4,12,10,2,"Mahape, Navi Mumbai"
2025-09-09,29,74,4,12,10,2,"Mahape, Navi Mumbai"
2025-09-10,36,72,4,12,10,2,"Mahape, Navi Mumbai"
2025-09-11,42,60,4,12,10,1,"Mahape, Navi Mumbai"
2025-09-12,34,65,4,12,10,2,"Mahape, Navi Mumbai"
2025-09-13,44,42,4,12,10,3,"Mahape, Navi Mumbai"
2025-09-14,24,35,4,12,10,2,"Mahape, Navi Mumbai"
2025-09-15,19,51,4,12,11,2,"Mahape, Navi Mumbai"
2025-09-16,28,47,4,12,11,2,"Mahape, Navi Mumbai"
2025-09-17,24,45,4,12,11,2,"Mahape, Navi Mumbai"
2025-09-18,25,44,4,12,11,2,"Mahape, Navi Mumbai"
2025-09-19,26,51,4,12,11,2,"Mahape, Navi Mumbai"
2025-09-20,26,42,4,12,11,2,"Mahape, Navi Mumbai"
2025-09-21,23,43,4,12,11,3,"Mahape, Navi Mumbai"
2025-09-22,22,48,4,12,11,2,"Mahape, Navi Mumbai"
2025-09-23,25,52,4,12,11,3,"Mahape, Navi Mumbai"
2025-09-24,28,82,4,12,11,1,"Mahape, Navi Mumbai"
2025-09-25,49,93,4,12,11,1,"Mahape, Navi Mumbai"
2025-09-26,61,56,4,12,11,1,"Mahape, Navi Mumbai"
2025-09-27,38,33,6,12,11,1,"Mahape, Navi Mumbai"
2025-09-28,18,38,4,12,11,2,"Mahape, Navi Mumbai"
2025-09-29,21,37,4,12,11,2,"Mahape, Navi Mumbai"
2025-09-30,17,41,4,12,11,2,"Mahape, Navi Mumbai"
2025-10-01,18,38,4,12,11,2,"Mahape, Navi Mumbai"
2025-10-02,18,45,4,12,11,4,"Mahape, Navi Mumbai"
2025-10-03,20,51,4,12,11,3,"Mahape, Navi Mumbai"
2025-10-04,24,59,4,12,11,7,"Mahape, Navi Mumbai"
2025-10-05,28,55,4,12,11,6,"Mahape, Navi Mumbai"
2025-10-06,26,69,4,12,11,7,"Mahape, Navi Mumbai"
2025-10-07,37,83,4,12,11,1,"Mahape, Navi Mumbai"
2025-10-08,44,78,4,12,11,2,"Mahape, Navi Mumbai"
2025-10-09,44,85,4,12,10,3,"Mahape, Navi Mumbai"
2025-10-10,47,99,4,12,10,2,"Mahape, Navi Mumbai"
2025-10-11,59,93,4,12,11,3,"Mahape, Navi Mumbai"
2025-10-12,48,86,4,12,11,3,"Mahape, Navi Mumbai"
2025-10-13,46,98,4,12,10,2,"Mahape, Navi Mumbai"
2025-10-14,62,86,4,12,11,2,"Mahape, Navi Mumbai"
2025-10-15,52,71,4,12,10,3,"Mahape, Navi Mumbai"
2025-10-16,43,60,4,12,10,2,"Mahape, Navi Mumbai"
2025-10-17,37,67,4,12,10,2,"Mahape, Navi Mumbai"
2025-10-18,41,74,4,12,10,2,"Mahape, Navi Mumbai"
2025-10-19,49,75,4,12,10,3,"Mahape, Navi Mumbai"
2025-10-20,88,68,4,12,10,2,"Mahape, Navi Mumbai"
2025-10-21,55,57,4,12,10,3,"Mahape, Navi Mumbai"
2025-10-22,42,64,4,12,10,2,"Mahape, Navi Mumbai"
2025-10-23,41,53,4,12,10,12,"Mahape, Navi Mumbai"
2025-10-24,34,45,4,12,10,16,"Mahape, Navi Mumbai"
2025-10-25,25,34,4,13,11,4,"Mahape, Navi Mumbai"
2025-10-26,19,41,4,12,10,9,"Mahape, Navi Mumbai"
2025-10-27,22,49,4,12,10,11,"Mahape, Navi Mumbai"
2025-10-28,25,69,4,12,10,13,"Mahape, Navi Mumbai"
2025-10-29,44,53,4,12,10,3,"Mahape, Navi Mumbai"
2025-10-30,28,48,4,12,10,2,"Mahape, Navi Mumbai"
2025-10-31,25,44,4,12,10,3,"Mahape, Navi Mumbai"
2025-11-01,24,43,4,12,10,2,"Mahape, Navi Mumbai"
2025-11-02,21,46,4,12,10,3,"Mahape, Navi Mumbai"
2025-11-03,24,52,4,12,10,3,"Mahape, Navi Mumbai"
2025-11-04,27,61,4,12,10,3,"Mahape, Navi Mumbai"
2025-11-05,32,69,4,12,10,23,"Mahape, Navi Mumbai"
2025-11-06,36, , , , , ,"Mahape, Navi Mumbai"
2025-11-07, ,409,4,12,10,3,"Mahape, Navi Mumbai"
2025-11-08,35, ,4,12,10,3,"Mahape, Navi Mumbai"
2025-11-09,34,97,4,12,9,3,"Mahape, Navi Mumbai"
2025-11-10,43,87,4,12,9,3,"Mahape, Navi Mumbai"
2025-11-11,44,85,4,12,9,3,"Mahape, Navi Mumbai"
2025-11-12,43,89,4,12,9,3,"Mahape, Navi Mumbai"
2025-11-13,45,127,4,12,9,3,"Mahape, Navi Mumbai"
2025-11-14,60,86,4,12,9,27,"Mahape, Navi Mumbai"
2025-11-15,42,97,4,12,10,30,"Mahape, Navi Mumbai"
2025-11-16,46,85,4,12,9,2,"Mahape, Navi Mumbai"
2025-11-17,46,96,4,12,10,3,"Mahape, Navi Mumbai"
2025-11-18,46,96,4,12,9,3,"Mahape, Navi Mumbai"
2025-11-19,46,107,4,12,9,3,"Mahape, Navi Mumbai"
2025-11-20,61,112,4,12,9,3,"Mahape, Navi Mumbai"
2025-11-21,53,114,4,12,9,2,"Mahape, Navi Mumbai"
2025-11-22,62,93,4,12,9,11,"Mahape, Navi Mumbai"
2025-11-23,51,90,4,12,9,28,"Mahape, Navi Mumbai"
2025-11-24,56,89,4,12,9,26,"Mahape, Navi Mumbai"
2025-11-25,56,98,4,12,9,12,"Mahape, Navi Mumbai"
2025-11-26,61,99,4,12,9,21,"Mahape, Navi Mumbai"
2025-11-27,57,95,4,12,9,24,"Mahape, Navi Mumbai"
2025-11-28,54,112,4,12,9,5,"Mahape, Navi Mumbai"
2025-11-29,70,79,3,12,10,2,"Mahape, Navi Mumbai"
2025-11-30,51,133,4,12,9,3,"Mahape, Navi Mumbai"
2025-12-01,66,103,4,12,10,3,"Mahape, Navi Mumbai"
2025-12-02,54,95,4,12,9,3,"Mahape, Navi Mumbai"
2025-12-03,51,89,4,12,9,4,"Mahape, Navi Mumbai"
2025-12-04,50,88,5,12,9,4,"Mahape, Navi Mumbai"
2025-12-05,50,91,4,12,9,4,"Mahape, Navi Mumbai"
2025-12-06,47,87,4,12,9,3,"Mahape, Navi Mumbai"
2025-12-07,46,97,4,12,9,4,"Mahape, Navi Mumbai"
2025-12-08,52,95,4,12,9,4,"Mahape, Navi Mumbai"
2025-12-09,50,93,4,12,9,4,"Mahape, Navi Mumbai"
2025-12-10,37,110,4,12,9,3,"Mahape, Navi Mumbai"
2025-12-11,53,86,4,12,9,4,"Mahape, Navi Mumbai"
2025-12-12,36,106,4,12,9,4,"Mahape, Navi Mumbai"
2025-12-13,44,108,4,12,9,4,"Mahape, Navi Mumbai"
2025-12-14,45,128,4,12,8,4,"Mahape, Navi Mumbai"
2025-12-15,47,116,4,12,8,3,"Mahape, Navi Mumbai"
2025-12-16,51,111,4,12,8,4,"Mahape, Navi Mumbai"
2025-12-17,58,98,4,12,8,4,"Mahape, Navi Mumbai"
2025-12-18,107,72,4,12,8,3,"Mahape, Navi Mumbai"
2025-12-19,148,71,4,12,8,4,"Mahape, Navi Mumbai"
2025-12-20,130,68,4,12,8,4,"Mahape, Navi Mumbai"
2025-12-21,117,74,4,12,8,3,"Mahape, Navi Mumbai"
2025-12-22,141,88,4,12,8,3,"Mahape, Navi Mumbai"
2025-12-23,140,79,4,12,8,2,"Mahape, Navi Mumbai"
2025-12-24,124,90,4,12,8,3,"Mahape, Navi Mumbai"
2025-12-25,132,98,4,12,8,3,"Mahape, Navi Mumbai"
2025-12-26,137,98,4,12,8,3,"Mahape, Navi Mumbai"
2025-12-27,139,102,4,12,9,3,"Mahape, Navi Mumbai"
2025-12-28,137, , , , , ,"Mahape, Navi Mumbai"
2025-12-31, ,67,4,12,9,3,"Mahape, Navi Mumbai"
2026-01-01,122,78,4,12,8,3,"Mahape, Navi Mumbai"
2026-01-02,143,97,4,12,8,3,"Mahape, Navi Mumbai"
2026-01-03,154,90,4,12,9,3,"Mahape, Navi Mumbai"
2026-01-04,157,91,4,12,8,3,"Mahape, Navi Mumbai"
2026-01-05,151,111,4,12,8,3,"Mahape, Navi Mumbai"
2026-01-06,162,106,4,12,8,3,"Mahape, Navi Mumbai"
2026-01-07,156,98,4,12,8,3,"Mahape, Navi Mumbai"
2026-01-08,141,86,4,12,8,3,"Mahape, Navi Mumbai"
2026-01-09,128,84,4,12,8,3,"Mahape, Navi Mumbai"
2026-01-10,120,84,4,12,8,3,"Mahape, Navi Mumbai"
2026-01-11,123,88,4,12,8,3,"Mahape, Navi Mumbai"
2026-01-12,119,136,4,12,8,3,"Mahape, Navi Mumbai"
2026-01-13,127,88,4,12,8,2,"Mahape, Navi Mumbai"
2026-01-14,122,80,4,12,8,3,"Mahape, Navi Mumbai"
2026-01-15,108,99,4,12,8,3,"Mahape, Navi Mumbai"
2026-01-16,149,87,4,12,8,3,"Mahape, Navi Mumbai"
2026-01-17,134,75,4,12,8,3,"Mahape, Navi Mumbai"
2026-01-18,129,78,4,12,8,3,"Mahape, Navi Mumbai"
2026-01-19,129,92,4,12,8,3,"Mahape, Navi Mumbai"
2026-01-20,140,103,4,12,8,3,"Mahape, Navi Mumbai"
2026-01-21,151,93,4,12,8,3,"Mahape, Navi Mumbai"
2026-01-22,135,65,4,12,8,3,"Mahape, Navi Mumbai"
2026-01-23,126,56,4,12,8,3,"Mahape, Navi Mumbai"
2026-01-24,100,64,4,12,8,3,"Mahape, Navi Mumbai"
2026-01-25,116,65,4,12,8,3,"Mahape, Navi Mumbai"
2026-01-26,125,73,4,19,8,3,"Mahape, Navi Mumbai"
2026-01-27,106,101,4,30,8,3,"Mahape, Navi Mumbai"
2026-01-28,95,106,4,30,7,3,"Mahape, Navi Mumbai"
2026-01-29,110,128,4,30,8,3,"Mahape, Navi Mumbai"
2026-01-30,135,116,4,30,8,3,"Mahape, Navi Mumbai"
2026-01-31,135,97,6,31,8,3,"Mahape, Navi Mumbai"
2026-02-01,119,124,4,30,7,2,"Mahape, Navi Mumbai"
2026-02-02,227,174,4,30,8,2,"Mahape, Navi Mumbai"
2026-02-03,595,106,4,30,8,2,"Mahape, Navi Mumbai"
2026-02-04,123,113,4,30,7,3,"Mahape, Navi Mumbai"
2026-02-05,118,99,4,30,7,3,"Mahape, Navi Mumbai"
2026-02-06,110,97,4,31,7, ,"Mahape, Navi Mumbai"
2026-02-07,110,92,4,31,8, ,"Mahape, Navi Mumbai"
2026-02-08,92, , , , , ,"Mahape, Navi Mumbai"
2026-02-12, ,86,4,30,7, ,"Mahape, Navi Mumbai"
2026-02-13,98,101,4,30,7, ,"Mahape, Navi Mumbai"
2026-02-14,105,91,4,31,7, ,"Mahape, Navi Mumbai"
2026-02-15,93,110,4,30,7, ,"Mahape, Navi Mumbai"
2026-02-16,102,105,4,30,8, ,"Mahape, Navi Mumbai"
2026-02-17,100,85,4,31,8, ,"Mahape, Navi Mumbai"
2026-02-18,81, , , , , ,"Mahape, Navi Mumbai"
