date, pm25, pm10, o3, no2, so2, co,location
2019-06-24, ,43,1,2,7,3,"Nerul, Navi Mumbai"
2019-06-25,64,48,1,2,7,3,"Nerul, Navi Mumbai"
2019-06-26,59,24,2,2,7,3,"Nerul, Navi Mumbai"
2019-06-27,30,17,3,2,7,3,"Nerul, Navi Mumbai"
2019-06-28,24,19,4,3,7,4,"Nerul, Navi Mumbai"
2019-06-29,40,19,4,3,7,4,"Nerul, Navi Mumbai"
2019-06-30,45,17,5,5,7,5,"Nerul, Navi Mumbai"
2019-07-01,37,15,3,4,7,5,"Nerul, Navi Mumbai"
2019-07-02,36,31,1,4,7,5,"Nerul, Navi Mumbai"
2019-07-03,53,34,1,4,7,4,"Nerul, Navi Mumbai"
2019-07-04,51,38,2,3,5,2,"Nerul, Navi Mumbai"
2019-07-05,41,35,2,3,3,1,"Nerul, Navi Mumbai"
2019-07-06,28,45,3,2,3,1,"Nerul, Navi Mumbai"
2019-07-07,41,35,6,3,6,2,"Nerul, Navi Mumbai"
2019-07-08,26,35,4,2,4,3,"Nerul, Navi Mumbai"
2019-07-09,28,18,4,5,5,3,"Nerul, Navi Mumbai"
2019-07-10,22,34,4,4,4,3,"Nerul, Navi Mumbai"
2019-07-11,24,34,4,4,4,2,"Nerul, Navi Mumbai"
2019-07-12,29,37,3,5,4,2,"Nerul, Navi Mumbai"
2019-07-13,32,33,4,4,4,2,"Nerul, Navi Mumbai"
2019-07-14,27,44,4,3,4,2,"Nerul, Navi Mumbai"
2019-07-15,28,40,3,4,5,2,"Nerul, Navi Mumbai"
2019-07-16,37,39,4,5,4,3,"Nerul, Navi Mumbai"
2019-07-17,39,57,4,4,5,3,"Nerul, Navi Mumbai"
2019-07-18,52,62,9,7,5,3,"Nerul, Navi Mumbai"
2019-07-19,63,67,6,10,5,4,"Nerul, Navi Mumbai"
2019-07-20,69,52,18,13,6,6,"Nerul, Navi Mumbai"
2019-07-21,102,19,7,7,5,3,"Nerul, Navi Mumbai"
2019-07-22,29,29,6,6,5,2,"Nerul, Navi Mumbai"
2019-07-23,25,10,5,7,4,2,"Nerul, Navi Mumbai"
2019-07-24,30,25,4,6,4,3,"Nerul, Navi Mumbai"
2019-07-25,39,27,5,5,4,2,"Nerul, Navi Mumbai"
2019-07-26,37,27,6,4,4,2,"Nerul, Navi Mumbai"
2019-07-27,35,37,6,5,4,3,"Nerul, Navi Mumbai"
2019-07-28,43,37,6,7,5,3,"Nerul, Navi Mumbai"
2019-07-29,40,23,5,7,4,3,"Nerul, Navi Mumbai"
2019-07-30,30,24,6,4,4,2,"Nerul, Navi Mumbai"
2019-07-31,30,27,6,2,4,1,"Nerul, Navi Mumbai"
2019-08-01,18,19,4,4,4,1,"Nerul, Navi Mumbai"
2019-08-02,18,15,6,4,4,1,"Nerul, Navi Mumbai"
2019-08-03,18,23,7,4,4,2,"Nerul, Navi Mumbai"
2019-08-04,30,33,4,5,5,1,"Nerul, Navi Mumbai"
2019-08-05,33,30,4,3,5,1,"Nerul, Navi Mumbai"
2019-08-06,28,31,12,4,5,1,"Nerul, Navi Mumbai"
2019-08-07,28,51,7,3,5,1,"Nerul, Navi Mumbai"
2019-08-08,51,50,6,2,6,1,"Nerul, Navi Mumbai"
2019-08-09,57,44,6,3,4,2,"Nerul, Navi Mumbai"
2019-08-10,51,41,7,4,5,4,"Nerul, Navi Mumbai"
2019-08-11,48,41,7,3,5,3,"Nerul, Navi Mumbai"
2019-08-12,42,38,8,4,4,2,"Nerul, Navi Mumbai"
2019-08-13,43,45,7,5,4,3,"Nerul, Navi Mumbai"
2019-08-14,51,34,7,3,4,3,"Nerul, Navi Mumbai"
2019-08-15,45,31,6,2,4,3,"Nerul, Navi Mumbai"
2019-08-16,35,40,8,3,4,2,"Nerul, Navi Mumbai"
2019-08-17,37,41,9,4,4,3,"Nerul, Navi Mumbai"
2019-08-18,45,41,8,5,4,3,"Nerul, Navi Mumbai"
2019-08-19,55,62,11,6,5,3,"Nerul, Navi Mumbai"
2019-08-20,58,63,9,6,5,4,"Nerul, Navi Mumbai"
2019-08-21,55,42,11,7,5,4,"Nerul, Navi Mumbai"
2019-08-22,47,39,14,6,5,4,"Nerul, Navi Mumbai"
2019-08-23,50,42,21,5,5,3,"Nerul, Navi Mumbai"
2019-08-24,45,31,38,6,4,3,"Nerul, Navi Mumbai"
2019-08-25,35,39,4,5,5,3,"Nerul, Navi Mumbai"
2019-08-26,48,46,7,3,5,3,"Nerul, Navi Mumbai"
2019-08-27,50,36,7,4,5,2,"Nerul, Navi Mumbai"
2019-08-28,40,47,7,2,4,1,"Nerul, Navi Mumbai"
2019-08-29,44,30,6,2,4,1,"Nerul, Navi Mumbai"
2019-08-30,35,24,6,3,4,1,"Nerul, Navi Mumbai"
2019-08-31,37,17,9,3,4,2,"Nerul, Navi Mumbai"
2019-09-01,28,29,5,3,4,2,"Nerul, Navi Mumbai"
2019-09-02,35,7,6,3,4,2,"Nerul, Navi Mumbai"
2019-09-03,13,8,7,2,4,2,"Nerul, Navi Mumbai"
2019-09-04,15,8,9,2,4,1,"Nerul, Navi Mumbai"
2019-09-05,15,13,9,3,4, ,"Nerul, Navi Mumbai"
2019-09-06,16,12,10,3,4, ,"Nerul, Navi Mumbai"
2019-09-07,21,12,13,3,4, ,"Nerul, Navi Mumbai"
2019-09-08,17,29,10,3,4,1,"Nerul, Navi Mumbai"
2019-09-09,34,29,9,3,4,1,"Nerul, Navi Mumbai"
2019-09-10,36,32,10,6,5,1,"Nerul, Navi Mumbai"
2019-09-11,43,31,9,4,4,1,"Nerul, Navi Mumbai"
2019-09-12,40,24,9,3,4,1,"Nerul, Navi Mumbai"
2019-09-13,35,35,9,3,4,1,"Nerul, Navi Mumbai"
2019-09-14,36,21,15,4,4,3,"Nerul, Navi Mumbai"
2019-09-15,35,31,6,3,4,4,"Nerul, Navi Mumbai"
2019-09-16,44,17,5,5,5,4,"Nerul, Navi Mumbai"
2019-09-17,38,31,12,7,6,7,"Nerul, Navi Mumbai"
2019-09-18,61,31,8,7,5,6,"Nerul, Navi Mumbai"
2019-09-19,71,33,6,4,4,4,"Nerul, Navi Mumbai"
2019-09-20,52,38,8,3,4,3,"Nerul, Navi Mumbai"
2019-09-21,37,40,8,3,4,4,"Nerul, Navi Mumbai"
2019-09-22,52,53,9,3,4,4,"Nerul, Navi Mumbai"
2019-09-23,59,69,17,8,4,4,"Nerul, Navi Mumbai"
2019-09-24,78,26,8,7,4,3,"Nerul, Navi Mumbai"
2019-09-25,51,30,5,4,4,4,"Nerul, Navi Mumbai"
2019-09-26,42,20,3,2,4,3,"Nerul, Navi Mumbai"
2019-09-27,28,43,3,2,4,3,"Nerul, Navi Mumbai"
2019-09-28,29, , , , , ,"Nerul, Navi Mumbai"
2019-09-29, ,13,2,2,5,2,"Nerul, Navi Mumbai"
2019-09-30,27,53,2,2,5,3,"Nerul, Navi Mumbai"
2019-10-01,45,56,3,2,5,4,"Nerul, Navi Mumbai"
2019-10-02,61,57,3,2,5,5,"Nerul, Navi Mumbai"
2019-10-03,75,62,3,4,5,6,"Nerul, Navi Mumbai"
2019-10-04,94,64,5,5,6,7,"Nerul, Navi Mumbai"
2019-10-05,101,65,10,5,5,7,"Nerul, Navi Mumbai"
2019-10-06,114,84,16,6,5,7,"Nerul, Navi Mumbai"
2019-10-07,142,76,10,6,5,5,"Nerul, Navi Mumbai"
2019-10-08,122,37,9,5,5,5,"Nerul, Navi Mumbai"
2019-10-09,68,59,17,8,6,7,"Nerul, Navi Mumbai"
2019-10-10,122,55,17,7,5,6,"Nerul, Navi Mumbai"
2019-10-11,94,75,22,10,5,7,"Nerul, Navi Mumbai"
2019-10-12,118,63,12,10,5,7,"Nerul, Navi Mumbai"
2019-10-13,120,73,13,11,5,7,"Nerul, Navi Mumbai"
2019-10-14,137,89,10,12,6,9,"Nerul, Navi Mumbai"
2019-10-15,142,99,12,14,7,9,"Nerul, Navi Mumbai"
2019-10-16,141,103,15,12,7,9,"Nerul, Navi Mumbai"
2019-10-17,152,97,4,13,6,10,"Nerul, Navi Mumbai"
2019-10-18,140,39,5,10,6,8,"Nerul, Navi Mumbai"
2019-10-19,76,23,5,8,5,6,"Nerul, Navi Mumbai"
2019-10-20,54,37,9,8,5,7,"Nerul, Navi Mumbai"
2019-10-21,63,24,9,6,5,4,"Nerul, Navi Mumbai"
2019-10-22,38,34,3,7,5,6,"Nerul, Navi Mumbai"
2019-10-23,51,46,6,10,6,7,"Nerul, Navi Mumbai"
2019-10-24,80,27,4,7,5,4,"Nerul, Navi Mumbai"
2019-10-25,35,35,5,7,5,5,"Nerul, Navi Mumbai"
2019-10-26,41,60,6,6,5,6,"Nerul, Navi Mumbai"
2019-10-27,99,99,12,6,5,6,"Nerul, Navi Mumbai"
2019-10-28,156,89,14,9,5,6,"Nerul, Navi Mumbai"
2019-10-29,134,63,8,9,6,6,"Nerul, Navi Mumbai"
2019-10-30,96,63,6,12,6,5,"Nerul, Navi Mumbai"
2019-10-31,66,42,7,7,5,4,"Nerul, Navi Mumbai"
2019-11-01,44,30,5,6,5,3,"Nerul, Navi Mumbai"
2019-11-02,31,57,7,6,5,5,"Nerul, Navi Mumbai"
2019-11-03,63,67,14,7,5,6,"Nerul, Navi Mumbai"
2019-11-04,93,80,15,10,5,7,"Nerul, Navi Mumbai"
2019-11-05,136,93,19,12,6,7,"Nerul, Navi Mumbai"
2019-11-06,143,71,6,7,5,4,"Nerul, Navi Mumbai"
2019-11-07,72,51,6,4,5,4,"Nerul, Navi Mumbai"
2019-11-08,51,67,10,6,5,4,"Nerul, Navi Mumbai"
2019-11-09,78,84,16,10,6,7,"Nerul, Navi Mumbai"
2019-11-10,134,85,19,13,6,9,"Nerul, Navi Mumbai"
2019-11-11,144,108,17,15,6,10,"Nerul, Navi Mumbai"
2019-11-12,160,106,14,16,6,10,"Nerul, Navi Mumbai"
2019-11-13,152,108,19,14,6,9,"Nerul, Navi Mumbai"
2019-11-14,153,117,15,17,7,11,"Nerul, Navi Mumbai"
2019-11-15,161,110,51,16,12,10,"Nerul, Navi Mumbai"
2019-11-16,162,97,15,15,2,9,"Nerul, Navi Mumbai"
2019-11-17,157,160,20,13,3,9,"Nerul, Navi Mumbai"
2019-11-18,214,130,22,19,3,11,"Nerul, Navi Mumbai"
2019-11-19,175,130,20,19,3,12,"Nerul, Navi Mumbai"
2019-11-20,177,130,4,14,3,11,"Nerul, Navi Mumbai"
2019-11-21,176,127,16,12,2,11,"Nerul, Navi Mumbai"
2019-11-22,173,118,21,17,2,10,"Nerul, Navi Mumbai"
2019-11-23,168,111,25,15,3,9,"Nerul, Navi Mumbai"
2019-11-24,170,118,25,19,3,10,"Nerul, Navi Mumbai"
2019-11-25,174,130,24,20,3,12,"Nerul, Navi Mumbai"
2019-11-26,172,124,17,18,3,11,"Nerul, Navi Mumbai"
2019-11-27,166,115,24,21,4,11,"Nerul, Navi Mumbai"
2019-11-28,158,113,20,19,5,11,"Nerul, Navi Mumbai"
2019-11-29,166,138,21,18,3,10,"Nerul, Navi Mumbai"
2019-11-30,276,118,22,18,4,12,"Nerul, Navi Mumbai"
2019-12-01,174,124,10,14,5,9,"Nerul, Navi Mumbai"
2019-12-02,175,89,11,16,11,8,"Nerul, Navi Mumbai"
2019-12-03,114,125,14,16,2,8,"Nerul, Navi Mumbai"
2019-12-04,198,94,13,15,2,6,"Nerul, Navi Mumbai"
2019-12-05,147,104,18,17,4,7,"Nerul, Navi Mumbai"
2019-12-06,167,104,20,17,3,8,"Nerul, Navi Mumbai"
2019-12-07,162,126,25,18,3,10,"Nerul, Navi Mumbai"
2019-12-08,175,103,19,18,4,9,"Nerul, Navi Mumbai"
2019-12-09,161,111,22,19,3,11,"Nerul, Navi Mumbai"
2019-12-10,161,118,23,21,3,12,"Nerul, Navi Mumbai"
2019-12-11,172,119,24,19,2,10,"Nerul, Navi Mumbai"
2019-12-12,176,106,22,19,2,8,"Nerul, Navi Mumbai"
2019-12-13,158,89,27,21,2,7,"Nerul, Navi Mumbai"
2019-12-14,152,102,6,24,5,9,"Nerul, Navi Mumbai"
2019-12-15,161,108,27,23,3,10,"Nerul, Navi Mumbai"
2019-12-16,169,113,2,23,5,10,"Nerul, Navi Mumbai"
2019-12-17,171,200,10,21,2,10,"Nerul, Navi Mumbai"
2019-12-18,227,115,18,19,4,9,"Nerul, Navi Mumbai"
2019-12-19,164,151,20,23,2,10,"Nerul, Navi Mumbai"
2019-12-20,199,134,19,27,2,11,"Nerul, Navi Mumbai"
2019-12-21,177,120,18,22,2,10,"Nerul, Navi Mumbai"
2019-12-22,174,125,18,21,1,13,"Nerul, Navi Mumbai"
2019-12-23,178,132,21,22,1,12,"Nerul, Navi Mumbai"
2019-12-24,184,149,26,22, ,12,"Nerul, Navi Mumbai"
2019-12-25,207,102,4,16,1,9,"Nerul, Navi Mumbai"
2019-12-26,162,110,3,22,2,10,"Nerul, Navi Mumbai"
2019-12-27,165,100,3,18,1,10,"Nerul, Navi Mumbai"
2019-12-28,163,101,3,18,1,9,"Nerul, Navi Mumbai"
2019-12-29,164, , , , , ,"Nerul, Navi Mumbai"
2019-12-31, ,129,3,26,3,12,"Nerul, Navi Mumbai"
2020-01-01,183,149,3,25,4,13,"Nerul, Navi Mumbai"
2020-01-02,215,358,3,12,9,12,"Nerul, Navi Mumbai"
2020-01-03,392, , , , , ,"Nerul, Navi Mumbai"
2020-01-06, ,250,5,15,7,13,"Nerul, Navi Mumbai"
2020-01-07,291,252,3,14,7,13,"Nerul, Navi Mumbai"
2020-01-08,286,156,8,20,1,10,"Nerul, Navi Mumbai"
2020-01-09,204,109,3,23,6,11,"Nerul, Navi Mumbai"
2020-01-10,162,111,3,23,1,9,"Nerul, Navi Mumbai"
2020-01-11,161,126,3,21,2,10,"Nerul, Navi Mumbai"
2020-01-12,175,131,3,19, ,8,"Nerul, Navi Mumbai"
2020-01-13,182,90,2,14,1,6,"Nerul, Navi Mumbai"
2020-01-14,135,75,2,18,3,5,"Nerul, Navi Mumbai"
2020-01-15,114,83,2,19,2,6,"Nerul, Navi Mumbai"
2020-01-16,119, , , , , ,"Nerul, Navi Mumbai"
2020-01-22, ,108,2,22,2,11,"Nerul, Navi Mumbai"
2020-01-23,161,122,30,23,3,11,"Nerul, Navi Mumbai"
2020-01-24,163,143,2,26,3,14,"Nerul, Navi Mumbai"
2020-01-25,176,143,2,27,4,14,"Nerul, Navi Mumbai"
2020-01-26,181,94,2,15,1,9,"Nerul, Navi Mumbai"
2020-01-27,134,67,5,13, ,8,"Nerul, Navi Mumbai"
2020-01-28,94,73,5,13, ,7,"Nerul, Navi Mumbai"
2020-01-29,81,106,25,25,4,10,"Nerul, Navi Mumbai"
2020-01-30,147,126,30,30,4,13,"Nerul, Navi Mumbai"
2020-01-31,168,140,25,30,4,14,"Nerul, Navi Mumbai"
2020-02-01,169,147,10,25,3,14,"Nerul, Navi Mumbai"
2020-02-02,177,117,26,23,1,13,"Nerul, Navi Mumbai"
2020-02-03,174,127,25,24,3,14,"Nerul, Navi Mumbai"
2020-02-04,172,118,27,28,5,13,"Nerul, Navi Mumbai"
2020-02-05,160,131,27,29,5,15,"Nerul, Navi Mumbai"
2020-02-06,155,115,25,29,5,14,"Nerul, Navi Mumbai"
2020-02-07,148,129,28,28,4,14,"Nerul, Navi Mumbai"
2020-02-08,167,105,26,21,3,12,"Nerul, Navi Mumbai"
2020-02-09,161,91,33,16,8,10,"Nerul, Navi Mumbai"
2020-02-10,141,107,32,21,3,8,"Nerul, Navi Mumbai"
2020-02-11,151,155,32,25,4,11,"Nerul, Navi Mumbai"
2020-02-12,192,129,28,27,4,11,"Nerul, Navi Mumbai"
2020-02-13,167,128,34,25,5,8,"Nerul, Navi Mumbai"
2020-02-14,157,108,38,25,6,8,"Nerul, Navi Mumbai"
2020-02-15,152,144,59,30,6,11,"Nerul, Navi Mumbai"
2020-02-16,173,172,45,35,4,15,"Nerul, Navi Mumbai"
2020-02-17,198,309,50,36,5,14,"Nerul, Navi Mumbai"
2020-02-18,197,203,54,36,7,15,"Nerul, Navi Mumbai"
2020-02-19,205,144,30,30,4,15,"Nerul, Navi Mumbai"
2020-02-20,181,201,25,23,5,14,"Nerul, Navi Mumbai"
2020-02-21,192,148,43,27,6,15,"Nerul, Navi Mumbai"
2020-02-22,169,157,52,28,7,14,"Nerul, Navi Mumbai"
2020-02-23,173,422,44,30,6,15,"Nerul, Navi Mumbai"
2020-02-24,177,128,24,21,5,11,"Nerul, Navi Mumbai"
2020-02-25,132,102,29,21,4,11,"Nerul, Navi Mumbai"
2020-02-26,128,149,44,31,6,14,"Nerul, Navi Mumbai"
2020-02-27,150,158,47,42,8,16,"Nerul, Navi Mumbai"
2020-02-28,171,152,26,34,7,15,"Nerul, Navi Mumbai"
2020-02-29,159,127,8,20,5,14,"Nerul, Navi Mumbai"
2020-03-01,150,109,8,21,6,12,"Nerul, Navi Mumbai"
2020-03-02,141,100,8,11,6,10,"Nerul, Navi Mumbai"
2020-03-03,124,109,8,15,6,11,"Nerul, Navi Mumbai"
2020-03-04,134,90,8,13,6,9,"Nerul, Navi Mumbai"
2020-03-05,116,88,8,8,5,9,"Nerul, Navi Mumbai"
2020-03-06,79,105,63,12,6,9,"Nerul, Navi Mumbai"
2020-03-07,102,103,2,16,7,11,"Nerul, Navi Mumbai"
2020-03-08,116,109,59,17,6,12,"Nerul, Navi Mumbai"
2020-03-09,132,117,14,11,6,13,"Nerul, Navi Mumbai"
2020-03-10,116,63,103,10,5,10,"Nerul, Navi Mumbai"
2020-03-11,68,78,17,12,6,11,"Nerul, Navi Mumbai"
2020-03-12,86,81,25,14,6,10,"Nerul, Navi Mumbai"
2020-03-13,87,108,29,20,7,13,"Nerul, Navi Mumbai"
2020-03-14,124,169,41,21,10,19,"Nerul, Navi Mumbai"
2020-03-15,495,120,34,23,10,20,"Nerul, Navi Mumbai"
2020-03-16,129,162,41,26,12,19,"Nerul, Navi Mumbai"
2020-03-17,167,137,26,20,10,18,"Nerul, Navi Mumbai"
2020-03-18,149,98,21,14,7,14,"Nerul, Navi Mumbai"
2020-03-19,119,103,12,9,6,12,"Nerul, Navi Mumbai"
2020-03-20,90,73,22,11,6,11,"Nerul, Navi Mumbai"
2020-03-21,87,57,18,3,5,9,"Nerul, Navi Mumbai"
2020-03-22,72,69,27,6,5,11,"Nerul, Navi Mumbai"
2020-03-23,107,81,26,8,5,11,"Nerul, Navi Mumbai"
2020-03-24,132,62,11,4,5,11,"Nerul, Navi Mumbai"
2020-03-25,97,52,11,3,5,22,"Nerul, Navi Mumbai"
2020-03-26,94,59,11,2,6,35,"Nerul, Navi Mumbai"
2020-03-27,95,55,22,3,6,29,"Nerul, Navi Mumbai"
2020-03-28,95,55,24,4,6,24,"Nerul, Navi Mumbai"
2020-03-29,92,55,19,5,6,22,"Nerul, Navi Mumbai"
2020-03-30,98,56,15,4,6,20,"Nerul, Navi Mumbai"
2020-03-31,90,55,16,3,6,18,"Nerul, Navi Mumbai"
2020-04-01,85,67,20,3,6,19,"Nerul, Navi Mumbai"
2020-04-02,107,70,17,3,6,17,"Nerul, Navi Mumbai"
2020-04-03,92,65,14,3,6,17,"Nerul, Navi Mumbai"
2020-04-04,98,58,16,3,6,16,"Nerul, Navi Mumbai"
2020-04-05,94,50,8,1,5,13,"Nerul, Navi Mumbai"
2020-04-06,74,56,11,3,5,11,"Nerul, Navi Mumbai"
2020-04-07,87,76,8,2,5,9,"Nerul, Navi Mumbai"
2020-04-08,89,75,12,3,5,10,"Nerul, Navi Mumbai"
2020-04-09,96,71,17,2,6,13,"Nerul, Navi Mumbai"
2020-04-10,93,70,13,2,6,15,"Nerul, Navi Mumbai"
2020-04-11,97,59,11,2,6,14,"Nerul, Navi Mumbai"
2020-04-12,86,50,6,1,6,14,"Nerul, Navi Mumbai"
2020-04-13,62, , , , , ,"Nerul, Navi Mumbai"
2020-04-15,119, , , , , ,"Nerul, Navi Mumbai"
2020-04-19, ,55,8,4,5,11,"Nerul, Navi Mumbai"
2020-04-20,76,53,18,3,5,12,"Nerul, Navi Mumbai"
2020-04-21,76,49,59,2,5,11,"Nerul, Navi Mumbai"
2020-04-22,69,51,72,2,5,11,"Nerul, Navi Mumbai"
2020-04-23,71,42,55,2,5,11,"Nerul, Navi Mumbai"
2020-04-24,69,50,64,1,5,11,"Nerul, Navi Mumbai"
2020-04-25,63,50,83,3,5,12,"Nerul, Navi Mumbai"
2020-04-26,69,43,96,2,5,12,"Nerul, Navi Mumbai"
2020-04-27,63,48,60,2,5,12,"Nerul, Navi Mumbai"
2020-04-28,67,54,38,2,5,12,"Nerul, Navi Mumbai"
2020-04-29,69,56,46,2,5,12,"Nerul, Navi Mumbai"
2020-04-30,72,41,55,1,5,11,"Nerul, Navi Mumbai"
2020-05-01,54,37,74,1,5,11,"Nerul, Navi Mumbai"
2020-05-02,51,28,95,1,5,11,"Nerul, Navi Mumbai"
2020-05-03,43,27,114,1,5,11,"Nerul, Navi Mumbai"
2020-05-04,43,50,129,1,5,11,"Nerul, Navi Mumbai"
2020-05-05,49,68,135,1,5,12,"Nerul, Navi Mumbai"
2020-05-06,218,122,141,2,5,12,"Nerul, Navi Mumbai"
2020-05-07,60,56,18,2,5,11,"Nerul, Navi Mumbai"
2020-05-08,57,52,21,2,5,11,"Nerul, Navi Mumbai"
2020-05-09,52,51,20,1,5,11,"Nerul, Navi Mumbai"
2020-05-10,48,58,24,3,5,12,"Nerul, Navi Mumbai"
2020-05-11,55,55,19,2,6,12,"Nerul, Navi Mumbai"
2020-05-12,55,56,7,1,6,12,"Nerul, Navi Mumbai"
2020-05-13,54,55,9,2,8,12,"Nerul, Navi Mumbai"
2020-05-14,52,103,14,3,15,14,"Nerul, Navi Mumbai"
2020-05-15,104, , , , , ,"Nerul, Navi Mumbai"
2020-09-14, , , ,2, , ,"Nerul, Navi Mumbai"
2020-09-15,54,142, ,4,17, ,"Nerul, Navi Mumbai"
2020-09-16,108,241, ,3,12, ,"Nerul, Navi Mumbai"
2020-09-17,35,496, ,2,8, ,"Nerul, Navi Mumbai"
2020-09-18,45,718,4,2,8,29,"Nerul, Navi Mumbai"
2020-09-19,60,503,6,1,8,28,"Nerul, Navi Mumbai"
2020-09-20,60,658,4,3,11,28,"Nerul, Navi Mumbai"
2020-09-21,98, ,7,6,12,18,"Nerul, Navi Mumbai"
2020-09-22,76, ,2,1, ,2,"Nerul, Navi Mumbai"
2020-09-23,29,575,1,1,1,3,"Nerul, Navi Mumbai"
2020-09-24,51,474,2, ,1,3,"Nerul, Navi Mumbai"
2020-09-25,60, ,1, , ,3,"Nerul, Navi Mumbai"
2020-09-26,99, ,1, , ,3,"Nerul, Navi Mumbai"
2020-09-27,67,414,1,1, ,3,"Nerul, Navi Mumbai"
2020-09-28,75, ,1,1, ,5,"Nerul, Navi Mumbai"
2020-09-29,127, ,1, , ,4,"Nerul, Navi Mumbai"
2020-09-30,86,206,2,1, ,4,"Nerul, Navi Mumbai"
2020-10-01,110, ,1,1, ,5,"Nerul, Navi Mumbai"
2020-10-02,129,609,2,1, ,4,"Nerul, Navi Mumbai"
2020-10-03,119,414,1,1, ,4,"Nerul, Navi Mumbai"
2020-10-04,88,358,1,1, ,4,"Nerul, Navi Mumbai"
2020-10-05,83,323,4,1,1,4,"Nerul, Navi Mumbai"
2020-10-06,115,7,3,1,2,4,"Nerul, Navi Mumbai"
2020-10-07,124,4,2,1,3,6,"Nerul, Navi Mumbai"
2020-10-08,201,424,10,1,3,6,"Nerul, Navi Mumbai"
2020-10-09,207,522,2,1,3,7,"Nerul, Navi Mumbai"
2020-10-10,229,417,1, ,3,5,"Nerul, Navi Mumbai"
2020-10-11,230,573,44,2,4,5,"Nerul, Navi Mumbai"
2020-10-12,277,392,11,4,3,6,"Nerul, Navi Mumbai"
2020-10-13,165,578,3,2,3,6,"Nerul, Navi Mumbai"
2020-10-14,190,701,2,1,3,5,"Nerul, Navi Mumbai"
2020-10-15,145,414,1,1,3,6,"Nerul, Navi Mumbai"
2020-10-16,137,655,2, ,2,3,"Nerul, Navi Mumbai"
2020-10-17,142,117,1, ,2,2,"Nerul, Navi Mumbai"
2020-10-18,174,412,4, ,12,4,"Nerul, Navi Mumbai"
2020-10-19,208,596,7,4,1,5,"Nerul, Navi Mumbai"
2020-10-20,228,510,5,1,1,5,"Nerul, Navi Mumbai"
2020-10-21,234, ,9,3,1,9,"Nerul, Navi Mumbai"
2020-10-22,211, ,12,4,1,11,"Nerul, Navi Mumbai"
2020-10-23,187, ,5,1, ,6,"Nerul, Navi Mumbai"
2020-10-24,218,286,3, , ,5,"Nerul, Navi Mumbai"
2020-10-25,211,69,4,1, ,5,"Nerul, Navi Mumbai"
2020-10-26,211,116,9,2,1,8,"Nerul, Navi Mumbai"
2020-10-27,292,95,1,2,2,9,"Nerul, Navi Mumbai"
2020-10-28,155,102,15,3,1,8,"Nerul, Navi Mumbai"
2020-10-29,161,106,3,2,1,9,"Nerul, Navi Mumbai"
2020-10-30,157,197,5,1,1,8,"Nerul, Navi Mumbai"
2020-10-31,127, ,4,1,1,9,"Nerul, Navi Mumbai"
2020-11-01,154,153,6,2,1,11,"Nerul, Navi Mumbai"
2020-11-02,167,128,3,2,1,13,"Nerul, Navi Mumbai"
2020-11-03,177,140,2,3,1,12,"Nerul, Navi Mumbai"
2020-11-04,176,117,1,3,1,12,"Nerul, Navi Mumbai"
2020-11-05,168,103,1,3,1,10,"Nerul, Navi Mumbai"
2020-11-06,157,107,2,3,1,10,"Nerul, Navi Mumbai"
2020-11-07,163, , , , , ,"Nerul, Navi Mumbai"
2020-11-08, ,100,4,3,1,9,"Nerul, Navi Mumbai"
2020-11-09,155,110,5,3,1,11,"Nerul, Navi Mumbai"
2020-11-10,168,147,7,4,1,11,"Nerul, Navi Mumbai"
2020-11-11,201,151,3,5,1,12,"Nerul, Navi Mumbai"
2020-11-12,201,133,4,3,1,12,"Nerul, Navi Mumbai"
2020-11-13,184,116,6,2,1,9,"Nerul, Navi Mumbai"
2020-11-14,184,95,1,1,1,11,"Nerul, Navi Mumbai"
2020-11-15,175,102,5,2,1,9,"Nerul, Navi Mumbai"
2020-11-16,180,83,1,2,1,9,"Nerul, Navi Mumbai"
2020-11-17,142,125,8,2,1,10,"Nerul, Navi Mumbai"
2020-11-18,187,128,4,3,1,10,"Nerul, Navi Mumbai"
2020-11-19,194,216,11,3, ,10,"Nerul, Navi Mumbai"
2020-11-20,186,99,9,3, ,11,"Nerul, Navi Mumbai"
2020-11-21,185,113,2,3, ,12,"Nerul, Navi Mumbai"
2020-11-22,174,98,5,2,1,11,"Nerul, Navi Mumbai"
2020-11-23,141,137,11,3,1,12,"Nerul, Navi Mumbai"
2020-11-24,191,132,19,3,10,13,"Nerul, Navi Mumbai"
2020-11-25,184,212,17,3,1,10,"Nerul, Navi Mumbai"
2020-11-26,209,102,11,2,2,9,"Nerul, Navi Mumbai"
2020-11-27,170, , , , , ,"Nerul, Navi Mumbai"
2020-11-30, ,88,47,4,1,6,"Nerul, Navi Mumbai"
2020-12-01,157,162,12,3,1,8,"Nerul, Navi Mumbai"
2020-12-02,169,223,17,3,2,9,"Nerul, Navi Mumbai"
2020-12-03,173,123,11,4,1,9,"Nerul, Navi Mumbai"
2020-12-04,174,123,10,5,1,10,"Nerul, Navi Mumbai"
2020-12-05,170,111,9,3,1,11,"Nerul, Navi Mumbai"
2020-12-06,157,120,17,4,1,9,"Nerul, Navi Mumbai"
2020-12-07,165,124,13,3,1,11,"Nerul, Navi Mumbai"
2020-12-08,163,122,23,7,1,9,"Nerul, Navi Mumbai"
2020-12-09,159,106,24,5,1,8,"Nerul, Navi Mumbai"
2020-12-10,160,106,14,4,1,9,"Nerul, Navi Mumbai"
2020-12-11,172,98,14,3, ,9,"Nerul, Navi Mumbai"
2020-12-12,166,81,14,2, ,8,"Nerul, Navi Mumbai"
2020-12-13,158,66,36,2, ,7,"Nerul, Navi Mumbai"
2020-12-14,142,104,16,3, ,9,"Nerul, Navi Mumbai"
2020-12-15,176,112,16,3,1,10,"Nerul, Navi Mumbai"
2020-12-16,184,108,28,4, ,9,"Nerul, Navi Mumbai"
2020-12-17,176,108,22,4, ,10,"Nerul, Navi Mumbai"
2020-12-18,168,108,19,3,9,10,"Nerul, Navi Mumbai"
2020-12-19,171,111,14,2,1,8,"Nerul, Navi Mumbai"
2020-12-20,172,137,32,5,1,7,"Nerul, Navi Mumbai"
2020-12-21,183,128,44,15,2,9,"Nerul, Navi Mumbai"
2020-12-22,168,138,43,19,3,11,"Nerul, Navi Mumbai"
2020-12-23,179,142,46,21,3,11,"Nerul, Navi Mumbai"
2020-12-24,185,137,48,18,2,11,"Nerul, Navi Mumbai"
2020-12-25,184,134,50,17,2,11,"Nerul, Navi Mumbai"
2020-12-26,185,145,55,17,3,11,"Nerul, Navi Mumbai"
2020-12-27,200,109,50,14,2,7,"Nerul, Navi Mumbai"
2020-12-28,155,137,51,20,3,9,"Nerul, Navi Mumbai"
2020-12-29,171,157,52,21,3,10,"Nerul, Navi Mumbai"
2020-12-30,181,134,47,16,2,10,"Nerul, Navi Mumbai"
2020-12-31,185,140,49,15,2,12,"Nerul, Navi Mumbai"
2021-01-01,198,153,41,14,1,11,"Nerul, Navi Mumbai"
2021-01-02,200,143,62,15,2,11,"Nerul, Navi Mumbai"
2021-01-03,205,139,61,19,3,10,"Nerul, Navi Mumbai"
2021-01-04,197,148,67,18,3,11,"Nerul, Navi Mumbai"
2021-01-05,207,162,63,20,3,12,"Nerul, Navi Mumbai"
2021-01-06,222,154,61,20,3,12,"Nerul, Navi Mumbai"
2021-01-07,214,108,16,12,1,9,"Nerul, Navi Mumbai"
2021-01-08,172,104,18,6,1,9,"Nerul, Navi Mumbai"
2021-01-09,173,117,14,5,1,11,"Nerul, Navi Mumbai"
2021-01-10,181,126,105,6,11,10,"Nerul, Navi Mumbai"
2021-01-11,181,160,121,9,1,9,"Nerul, Navi Mumbai"
2021-01-12,208,117,72,10,3,8,"Nerul, Navi Mumbai"
2021-01-13,167,191,94,16,5,9,"Nerul, Navi Mumbai"
2021-01-14,176,121,80,16,3,8,"Nerul, Navi Mumbai"
2021-01-15,161,117,87,16,3,8,"Nerul, Navi Mumbai"
2021-01-16,169,119,88,16,4,8,"Nerul, Navi Mumbai"
2021-01-17,172,103,80,15,2,8,"Nerul, Navi Mumbai"
2021-01-18,155,140,95,19,4,10,"Nerul, Navi Mumbai"
2021-01-19,174,126,81,16,4,10,"Nerul, Navi Mumbai"
2021-01-20,194,137,90,16,4,10,"Nerul, Navi Mumbai"
2021-01-21,176,162,137,21,4,11,"Nerul, Navi Mumbai"
2021-01-22,208,163,147,19,4,13,"Nerul, Navi Mumbai"
2021-01-23,204,126,134,14,4,9,"Nerul, Navi Mumbai"
2021-01-24,168,156,134,16,5,9,"Nerul, Navi Mumbai"
2021-01-25,174,157,151,14,4,10,"Nerul, Navi Mumbai"
2021-01-26,182,137,110,15,3,10,"Nerul, Navi Mumbai"
2021-01-27,182,165,58,18,4,13,"Nerul, Navi Mumbai"
2021-01-28,197,155,56,20,5,11,"Nerul, Navi Mumbai"
2021-01-29,186,151,60,19,5,13,"Nerul, Navi Mumbai"
2021-01-30,187,139,51,14,6,12,"Nerul, Navi Mumbai"
2021-01-31,176,130,46,14,5,11,"Nerul, Navi Mumbai"
2021-02-01,180,141,32,10,3,10,"Nerul, Navi Mumbai"
2021-02-02,164,141,33,13,4,10,"Nerul, Navi Mumbai"
2021-02-03,175,150,34,14,5,12,"Nerul, Navi Mumbai"
2021-02-04,178,146,33,12,5,12,"Nerul, Navi Mumbai"
2021-02-05,171,108,33,11,6,9,"Nerul, Navi Mumbai"
2021-02-06,156,93,33,9,4,8,"Nerul, Navi Mumbai"
2021-02-07,149,109,32,11,13,9,"Nerul, Navi Mumbai"
2021-02-08,150,129,32,13,5,7,"Nerul, Navi Mumbai"
2021-02-09,169,226,67,19,8,10,"Nerul, Navi Mumbai"
2021-02-10,262,206,69,17,7,11,"Nerul, Navi Mumbai"
2021-02-11,207,202,69,22,7,12,"Nerul, Navi Mumbai"
2021-02-12,203,139,56,14,5,10,"Nerul, Navi Mumbai"
2021-02-13,172,128,59,10,4,9,"Nerul, Navi Mumbai"
2021-02-14,170,161,54,10,3,8,"Nerul, Navi Mumbai"
2021-02-15,157,99,49,8,3,4,"Nerul, Navi Mumbai"
2021-02-16,151,104,53,7,3,4,"Nerul, Navi Mumbai"
2021-02-17,158,132,64,9,3,5,"Nerul, Navi Mumbai"
2021-02-18,165,62,60,9,2,3,"Nerul, Navi Mumbai"
2021-02-19,129,75,52,8,2,4,"Nerul, Navi Mumbai"
2021-02-20,131,80,57,8,4,5,"Nerul, Navi Mumbai"
2021-02-21,137,107,62,10,5,7,"Nerul, Navi Mumbai"
2021-02-22,155,132,74,12,5,8,"Nerul, Navi Mumbai"
2021-02-23,168,149,69,13,5,9,"Nerul, Navi Mumbai"
2021-02-24,182,193,60,12,5,9,"Nerul, Navi Mumbai"
2021-02-25,161,113,59,10,4,6,"Nerul, Navi Mumbai"
2021-02-26,143,119,56,9,3,6,"Nerul, Navi Mumbai"
2021-02-27,141,124,70,10,5,8,"Nerul, Navi Mumbai"
2021-02-28,158,118,68,11,6,9,"Nerul, Navi Mumbai"
2021-03-01,161,184,62,15,5,8,"Nerul, Navi Mumbai"
2021-03-02,151,164,76,17,6,10,"Nerul, Navi Mumbai"
2021-03-03,172,164,70,17,5,11,"Nerul, Navi Mumbai"
2021-03-04,175,153,69,14,6,10,"Nerul, Navi Mumbai"
2021-03-05,173,108,59,7,2,7,"Nerul, Navi Mumbai"
2021-03-06,150,107, ,6,3,7,"Nerul, Navi Mumbai"
2021-03-07,130,126,53,11,6,12,"Nerul, Navi Mumbai"
2021-03-08,163,128,66,9,5,9,"Nerul, Navi Mumbai"
2021-03-09,151,163,64,13,5,10,"Nerul, Navi Mumbai"
2021-03-10,163,113,49,10,4,8,"Nerul, Navi Mumbai"
2021-03-11,137,98,57,8,3,7,"Nerul, Navi Mumbai"
2021-03-12,128,117,71,10,5,11,"Nerul, Navi Mumbai"
2021-03-13,158,183,47,14,8,13,"Nerul, Navi Mumbai"
2021-03-14,176,128,63,11,21,8,"Nerul, Navi Mumbai"
2021-03-15,154,253,54,10,5,9,"Nerul, Navi Mumbai"
2021-03-16,198,286,54,16,5,9,"Nerul, Navi Mumbai"
2021-03-17,167,152,53,16,4,9,"Nerul, Navi Mumbai"
2021-03-18,193,132,51,12,3,7,"Nerul, Navi Mumbai"
2021-03-19,155,135,47,7,1,4,"Nerul, Navi Mumbai"
2021-03-20,143,155,54,9,3,7,"Nerul, Navi Mumbai"
2021-03-21,156,133,54,9,1,7,"Nerul, Navi Mumbai"
2021-03-22,159,127,59,12,2,9,"Nerul, Navi Mumbai"
2021-03-23,160,178,68,16,3,11,"Nerul, Navi Mumbai"
2021-03-24,173,111,59,16,3,9,"Nerul, Navi Mumbai"
2021-03-25,138,138,68,20,6,11,"Nerul, Navi Mumbai"
2021-03-26,166,158,68,21,7,13,"Nerul, Navi Mumbai"
2021-03-27,170,235,49,13,2,12,"Nerul, Navi Mumbai"
2021-03-28,166,88,51,5,1,8,"Nerul, Navi Mumbai"
2021-03-29,135,61,42,5,1,5,"Nerul, Navi Mumbai"
2021-03-30,71,157,47,8,3,6,"Nerul, Navi Mumbai"
2021-03-31,233,154,43,3,2,4,"Nerul, Navi Mumbai"
2021-04-01,142,139,45,3,2,3,"Nerul, Navi Mumbai"
2021-04-02,136,150,40,1,1,3,"Nerul, Navi Mumbai"
2021-04-03,114,100,40,2,1,4,"Nerul, Navi Mumbai"
2021-04-04,107,81,39,2,1,5,"Nerul, Navi Mumbai"
2021-04-05,99,106,48,6,3,8,"Nerul, Navi Mumbai"
2021-04-06,133,98,48,8,3,7,"Nerul, Navi Mumbai"
2021-04-07,129,117,41,5,2,6,"Nerul, Navi Mumbai"
2021-04-08,115,109,40,3,2,5,"Nerul, Navi Mumbai"
2021-04-09,113,109,40,3,2,6,"Nerul, Navi Mumbai"
2021-04-10,125,88,43,2,2,6,"Nerul, Navi Mumbai"
2021-04-11,120,89,39,3,2,6,"Nerul, Navi Mumbai"
2021-04-12,117,109,46,7,3,8,"Nerul, Navi Mumbai"
2021-04-13,133,74,41,3,2,6,"Nerul, Navi Mumbai"
2021-04-14,112,81,42,4,2,6,"Nerul, Navi Mumbai"
2021-04-15,116,97,39,4,2,6,"Nerul, Navi Mumbai"
2021-04-16,116,71,39,2,2,6,"Nerul, Navi Mumbai"
2021-04-17,100,82,38,2,2,7,"Nerul, Navi Mumbai"
2021-04-18,656,82,38,1,2,6,"Nerul, Navi Mumbai"
2021-04-19,834,76, ,1,2,5,"Nerul, Navi Mumbai"
2021-04-20,834,71, ,1,2,6,"Nerul, Navi Mumbai"
2021-04-21,834,75, ,2,2,6,"Nerul, Navi Mumbai"
2021-04-22,834,78, ,4,2,7,"Nerul, Navi Mumbai"
2021-04-23,834,75, ,4,2,6,"Nerul, Navi Mumbai"
2021-04-24,834,77, ,3,2,7,"Nerul, Navi Mumbai"
2021-04-25,834,103, ,2,2,6,"Nerul, Navi Mumbai"
2021-04-26,834,129, ,2,2,6,"Nerul, Navi Mumbai"
2021-04-27, ,100, ,3,2,6,"Nerul, Navi Mumbai"
2021-04-28, ,78, ,3,2,6,"Nerul, Navi Mumbai"
2021-04-29, ,70,37,5,6,6,"Nerul, Navi Mumbai"
2021-04-30,834,70,38,5,5,7,"Nerul, Navi Mumbai"
2021-05-01, ,71,40,4,6,7,"Nerul, Navi Mumbai"
2021-05-03, ,78, ,3,5,6,"Nerul, Navi Mumbai"
2021-05-04,109,75,42, ,5,6,"Nerul, Navi Mumbai"
2021-05-05,94, , , , , ,"Nerul, Navi Mumbai"
2021-05-21, ,895, ,1,22,11,"Nerul, Navi Mumbai"
2021-05-22,834, , , , , ,"Nerul, Navi Mumbai"
2021-06-04, ,34, , ,35,5,"Nerul, Navi Mumbai"
2021-06-05,169, , , , , ,"Nerul, Navi Mumbai"
2021-06-06, ,166, , ,17,2,"Nerul, Navi Mumbai"
2021-06-07,54,202, , ,1,3,"Nerul, Navi Mumbai"
2021-06-08,62,150, , ,1,3,"Nerul, Navi Mumbai"
2021-06-09,80,107, , ,1,3,"Nerul, Navi Mumbai"
2021-06-10,44,222, , ,12,4,"Nerul, Navi Mumbai"
2021-06-11,43,113, , , ,2,"Nerul, Navi Mumbai"
2021-06-12,73,115, , , ,1,"Nerul, Navi Mumbai"
2021-06-13,132,241, ,2, ,1,"Nerul, Navi Mumbai"
2021-06-14,195,191, ,1, ,1,"Nerul, Navi Mumbai"
2021-06-15,115,65, ,1, ,2,"Nerul, Navi Mumbai"
2021-06-16,47,81, ,1, ,2,"Nerul, Navi Mumbai"
2021-06-17,90,111, ,1, ,2,"Nerul, Navi Mumbai"
2021-06-18,118,204, ,1, ,2,"Nerul, Navi Mumbai"
2021-06-19,88,305, ,1, ,1,"Nerul, Navi Mumbai"
2021-06-20,118,354, ,1, ,2,"Nerul, Navi Mumbai"
2021-06-21,101,214, ,1, ,2,"Nerul, Navi Mumbai"
2021-06-22,79,152, , , ,2,"Nerul, Navi Mumbai"
2021-06-23,94,138, ,1, ,2,"Nerul, Navi Mumbai"
2021-06-24,76,134, ,1, ,3,"Nerul, Navi Mumbai"
2021-06-25,133,118, ,1, ,2,"Nerul, Navi Mumbai"
2021-06-26,59,175, , , ,3,"Nerul, Navi Mumbai"
2021-06-27,60,221, ,1, ,4,"Nerul, Navi Mumbai"
2021-06-28,77,147, ,1, ,2,"Nerul, Navi Mumbai"
2021-06-29,65,186, ,1, ,3,"Nerul, Navi Mumbai"
2021-06-30,53,116, ,1, ,3,"Nerul, Navi Mumbai"
2021-07-01,72,103,8, ,1,4,"Nerul, Navi Mumbai"
2021-07-02,75,239, , ,1,4,"Nerul, Navi Mumbai"
2021-07-03,80,259, , ,1,4,"Nerul, Navi Mumbai"
2021-07-04,100,177, , ,1,5,"Nerul, Navi Mumbai"
2021-07-05,78,207, , ,1,5,"Nerul, Navi Mumbai"
2021-07-06,146,772, , ,1,4,"Nerul, Navi Mumbai"
2021-07-07,72,846,5,1,1,4,"Nerul, Navi Mumbai"
2021-07-08,210,772,15, ,1,4,"Nerul, Navi Mumbai"
2021-07-09,801,538,16, ,1,4,"Nerul, Navi Mumbai"
2021-07-10,834,299,16, ,1,4,"Nerul, Navi Mumbai"
2021-07-11,831,375,75, ,11,3,"Nerul, Navi Mumbai"
2021-07-12,809,709, ,1, ,1,"Nerul, Navi Mumbai"
2021-07-13,773,778, , , ,1,"Nerul, Navi Mumbai"
2021-07-14,788,825,1, , ,2,"Nerul, Navi Mumbai"
2021-07-15,792,720, , , ,2,"Nerul, Navi Mumbai"
2021-07-16,797,729, , , ,2,"Nerul, Navi Mumbai"
2021-07-17, ,697, , , ,2,"Nerul, Navi Mumbai"
2021-07-18, ,537, , , ,1,"Nerul, Navi Mumbai"
2021-07-19, ,786, , , ,1,"Nerul, Navi Mumbai"
2021-07-20, ,305, , , ,1,"Nerul, Navi Mumbai"
2021-07-21,109,93,2,1,2,2,"Nerul, Navi Mumbai"
2021-07-22,80,121, , ,3,2,"Nerul, Navi Mumbai"
2021-07-23,108,48, , ,2,1,"Nerul, Navi Mumbai"
2021-07-24,55,41, , ,3,1,"Nerul, Navi Mumbai"
2021-07-25,51,49, , ,3,2,"Nerul, Navi Mumbai"
2021-07-26,57,42,1,2,3,2,"Nerul, Navi Mumbai"
2021-07-27,45,40, , ,3,2,"Nerul, Navi Mumbai"
2021-07-28,52,84, , ,3,2,"Nerul, Navi Mumbai"
2021-07-29,93,91, , ,3,2,"Nerul, Navi Mumbai"
2021-07-30,98,43, , ,2,2,"Nerul, Navi Mumbai"
2021-07-31,52,39, , ,3,2,"Nerul, Navi Mumbai"
2021-08-01,47,39, , ,3,2,"Nerul, Navi Mumbai"
2021-08-02,49,30, , ,3,2,"Nerul, Navi Mumbai"
2021-08-03,46,41, , ,3,2,"Nerul, Navi Mumbai"
2021-08-04,50,52, , ,3,2,"Nerul, Navi Mumbai"
2021-08-05,55, , , , , ,"Nerul, Navi Mumbai"
2021-08-06,92,54, , ,3,3,"Nerul, Navi Mumbai"
2021-08-07,64,59, , ,3,3,"Nerul, Navi Mumbai"
2021-08-08,71,57, , ,3,3,"Nerul, Navi Mumbai"
2021-08-09,67,58, , ,3,3,"Nerul, Navi Mumbai"
2021-08-10,65,50, , ,3,4,"Nerul, Navi Mumbai"
2021-08-11,65,50, , ,3,4,"Nerul, Navi Mumbai"
2021-08-12,66,45,4,1,3,4,"Nerul, Navi Mumbai"
2021-08-13,59,34, , ,3,4,"Nerul, Navi Mumbai"
2021-08-14,53,23, , ,3,4,"Nerul, Navi Mumbai"
2021-08-15,52,41, , ,3,6,"Nerul, Navi Mumbai"
2021-08-16,83,38, , ,3,5,"Nerul, Navi Mumbai"
2021-08-17,60,34, , ,3,5,"Nerul, Navi Mumbai"
2021-08-18,62,35, , ,4,6,"Nerul, Navi Mumbai"
2021-08-19,61,31, , ,4,5,"Nerul, Navi Mumbai"
2021-08-20,83,23, , ,3,4,"Nerul, Navi Mumbai"
2021-08-21,41,52, , ,3,5,"Nerul, Navi Mumbai"
2021-08-22,63,45, , ,4,4,"Nerul, Navi Mumbai"
2021-08-23,53,53, , ,4,4,"Nerul, Navi Mumbai"
2021-08-24,54,57, , ,4,4,"Nerul, Navi Mumbai"
2021-08-25,51,57, , ,4,5,"Nerul, Navi Mumbai"
2021-08-26,52,53, , ,4,5,"Nerul, Navi Mumbai"
2021-08-27,58,73, , ,5,5,"Nerul, Navi Mumbai"
2021-08-28,73,67, , ,4,4,"Nerul, Navi Mumbai"
2021-08-29,75,61, , ,4,6,"Nerul, Navi Mumbai"
2021-08-30,85,29, , ,4,5,"Nerul, Navi Mumbai"
2021-08-31,54,21, , ,4,5,"Nerul, Navi Mumbai"
2021-09-01,46,27, , ,4,5,"Nerul, Navi Mumbai"
2021-09-02,43,28, , ,4,5,"Nerul, Navi Mumbai"
2021-09-03,51,27, , ,4,5,"Nerul, Navi Mumbai"
2021-09-04,54,33, , ,4,5,"Nerul, Navi Mumbai"
2021-09-05,61,36, , ,4,6,"Nerul, Navi Mumbai"
2021-09-06,57,39, , ,4,6,"Nerul, Navi Mumbai"
2021-09-07,67,18, ,1,4,5,"Nerul, Navi Mumbai"
2021-09-08,41,24, , ,4,4,"Nerul, Navi Mumbai"
2021-09-09,36,28, , ,4,3,"Nerul, Navi Mumbai"
2021-09-10,47,22, , ,4,4,"Nerul, Navi Mumbai"
2021-09-11,37,15, , ,5,4,"Nerul, Navi Mumbai"
2021-09-12,35,36, ,1,5,4,"Nerul, Navi Mumbai"
2021-09-13,48,62, ,1,6,4,"Nerul, Navi Mumbai"
2021-09-14,67,60, , ,6,4,"Nerul, Navi Mumbai"
2021-09-15,63,105, , ,6,5,"Nerul, Navi Mumbai"
2021-09-16,102,62, , ,6,5,"Nerul, Navi Mumbai"
2021-09-17,66,53, , ,5,5,"Nerul, Navi Mumbai"
2021-09-18,58,28, , ,5,5,"Nerul, Navi Mumbai"
2021-09-19,44,22, , ,5,6,"Nerul, Navi Mumbai"
2021-09-20,43,24, , ,5,6,"Nerul, Navi Mumbai"
2021-09-21,50,30, , ,6,7,"Nerul, Navi Mumbai"
2021-09-22,66,46, , ,6,9,"Nerul, Navi Mumbai"
2021-09-23,80,49, , ,6,8,"Nerul, Navi Mumbai"
2021-09-24,66,202, , ,6,8,"Nerul, Navi Mumbai"
2021-09-25,617, , , ,6,8,"Nerul, Navi Mumbai"
2021-09-26, ,830, , ,6,8,"Nerul, Navi Mumbai"
2021-09-27,790,831, , ,7,7,"Nerul, Navi Mumbai"
2021-09-28,790, , , ,6,6,"Nerul, Navi Mumbai"
2021-09-29, ,35, , ,6,6,"Nerul, Navi Mumbai"
2021-09-30,50,90, , ,6,7,"Nerul, Navi Mumbai"
2021-10-01,105,81, , ,6,10,"Nerul, Navi Mumbai"
2021-10-02,120,67, ,1,6,9,"Nerul, Navi Mumbai"
2021-10-03,123,79, ,1,6,9,"Nerul, Navi Mumbai"
2021-10-04,129,59, ,1,6,8,"Nerul, Navi Mumbai"
2021-10-05,131,51, ,2,6,8,"Nerul, Navi Mumbai"
2021-10-06,94,49, ,2,49,4,"Nerul, Navi Mumbai"
2021-10-07,91,84, ,2,19,3,"Nerul, Navi Mumbai"
2021-10-08,108,37, , ,13,3,"Nerul, Navi Mumbai"
2021-10-09,60,48, , ,13,3,"Nerul, Navi Mumbai"
2021-10-10,76,63, , ,14,5,"Nerul, Navi Mumbai"
2021-10-11,117,106,9,1,13,6,"Nerul, Navi Mumbai"
2021-10-12,164,82, ,1,13,7,"Nerul, Navi Mumbai"
2021-10-13,147,102, , ,13,9,"Nerul, Navi Mumbai"
2021-10-14,164,108, , ,13,9,"Nerul, Navi Mumbai"
2021-10-15,160,111, ,5,13,7,"Nerul, Navi Mumbai"
2021-10-16,149,125, ,3,13,8,"Nerul, Navi Mumbai"
2021-10-17,159,100, ,2,13,5,"Nerul, Navi Mumbai"
2021-10-18,113,82, ,2,12,5,"Nerul, Navi Mumbai"
2021-10-19,109,85, ,1,12,6,"Nerul, Navi Mumbai"
2021-10-20,125,98, ,3,12,7,"Nerul, Navi Mumbai"
2021-10-21,154,103, ,3,13,10,"Nerul, Navi Mumbai"
2021-10-22,151,97, ,1,13,8,"Nerul, Navi Mumbai"
2021-10-23,138,67, ,1,12,6,"Nerul, Navi Mumbai"
2021-10-24,104,59, ,1,12,5,"Nerul, Navi Mumbai"
2021-10-25,86,86, ,2,13,6,"Nerul, Navi Mumbai"
2021-10-26,134,94, ,3,13,8,"Nerul, Navi Mumbai"
2021-10-27,142,104, ,3,13,9,"Nerul, Navi Mumbai"
2021-10-28,162,128, ,4,13,7,"Nerul, Navi Mumbai"
2021-10-29,167,127, ,4,13,7,"Nerul, Navi Mumbai"
2021-10-30,166,110, ,5,13,9,"Nerul, Navi Mumbai"
2021-10-31,162,175, ,5,13,11,"Nerul, Navi Mumbai"
2021-11-01,207,179, ,4,13,9,"Nerul, Navi Mumbai"
2021-11-02,206,153, ,4,13,11,"Nerul, Navi Mumbai"
2021-11-03,203,105, ,4,13,9,"Nerul, Navi Mumbai"
2021-11-04,173,135, ,2,13,9,"Nerul, Navi Mumbai"
2021-11-05,201,68, ,2,13,7,"Nerul, Navi Mumbai"
2021-11-06,139,75, ,2,13,7,"Nerul, Navi Mumbai"
2021-11-07,152,131, ,5,13,10,"Nerul, Navi Mumbai"
2021-11-08,200,213, ,5,13,11,"Nerul, Navi Mumbai"
2021-11-09,247,155, ,6,14,12,"Nerul, Navi Mumbai"
2021-11-10,199,131, ,9,14,14,"Nerul, Navi Mumbai"
2021-11-11,183,142, ,9,14,13,"Nerul, Navi Mumbai"
2021-11-12,196,168, ,9,14,13,"Nerul, Navi Mumbai"
2021-11-13,177,120, ,6,13,14,"Nerul, Navi Mumbai"
2021-11-14,184,206, ,6,14,13,"Nerul, Navi Mumbai"
2021-11-15,177,209, ,7,20,9,"Nerul, Navi Mumbai"
2021-11-16,211,108, ,27,22,7,"Nerul, Navi Mumbai"
2021-11-17,155,177, ,3,13,6,"Nerul, Navi Mumbai"
2021-11-18,101,71, ,4,5,8,"Nerul, Navi Mumbai"
2021-11-19,141,82, ,4,5,8,"Nerul, Navi Mumbai"
2021-11-20,131,33, ,4,5,5,"Nerul, Navi Mumbai"
2021-11-21,59,51, ,4,5,7,"Nerul, Navi Mumbai"
2021-11-22,93,56,88,7,4,8,"Nerul, Navi Mumbai"
2021-11-23,96,157,112,6,5,10,"Nerul, Navi Mumbai"
2021-11-24,209,94,308,6,4,10,"Nerul, Navi Mumbai"
2021-11-25,165,91,114,9,4,10,"Nerul, Navi Mumbai"
2021-11-26,162,104,103,9,4,12,"Nerul, Navi Mumbai"
2021-11-27,163,105,70,9,4,13,"Nerul, Navi Mumbai"
2021-11-28,168,97,59,9,4,11,"Nerul, Navi Mumbai"
2021-11-29,162,97,83,8,4,12,"Nerul, Navi Mumbai"
2021-11-30,165,73,82,7,4,11,"Nerul, Navi Mumbai"
2021-12-01,153,51,84,6,4,9,"Nerul, Navi Mumbai"
2021-12-02,155,73,85,5,4,12,"Nerul, Navi Mumbai"
2021-12-03,145,83,84,5,4,12,"Nerul, Navi Mumbai"
2021-12-04,136,76,86,4,4,12,"Nerul, Navi Mumbai"
2021-12-05,125,93,85,5,4,12,"Nerul, Navi Mumbai"
2021-12-06,161,123,84,7,4,13,"Nerul, Navi Mumbai"
2021-12-07,179,153,86,7,4,14,"Nerul, Navi Mumbai"
2021-12-08,207,113,85,6,4,13,"Nerul, Navi Mumbai"
2021-12-09,182,88,71,6,4,11,"Nerul, Navi Mumbai"
2021-12-10,161, , ,6, , ,"Nerul, Navi Mumbai"
2021-12-11,168,111,23,6,4,14,"Nerul, Navi Mumbai"
2021-12-12,172,106,21,7,4,13,"Nerul, Navi Mumbai"
2021-12-13,169,107,21,8,5,12,"Nerul, Navi Mumbai"
2021-12-14,161,124,19,9,4,14,"Nerul, Navi Mumbai"
2021-12-15,181,152,19,9,4,16,"Nerul, Navi Mumbai"
2021-12-16,206,139,19,10,4,16,"Nerul, Navi Mumbai"
2021-12-17,195,139,19,9,5,16,"Nerul, Navi Mumbai"
2021-12-18,202,122,20,8,4,15,"Nerul, Navi Mumbai"
2021-12-19,185,157,18,8,5,15,"Nerul, Navi Mumbai"
2021-12-20,211,137,18,9,5,15,"Nerul, Navi Mumbai"
2021-12-21,192,153,19,12,5,17,"Nerul, Navi Mumbai"
2021-12-22,208,149,18,10,5,18,"Nerul, Navi Mumbai"
2021-12-23,202, , , , , ,"Nerul, Navi Mumbai"
2021-12-24, ,115,17,8,5,12,"Nerul, Navi Mumbai"
2021-12-25,174,119,16,8,5,14,"Nerul, Navi Mumbai"
2021-12-26,181,132,19,7,5,15,"Nerul, Navi Mumbai"
2021-12-27,192,132,16,10,5,15,"Nerul, Navi Mumbai"
2021-12-28,176,92,15,7,5,12,"Nerul, Navi Mumbai"
2021-12-29,146,105,15,7,5,12,"Nerul, Navi Mumbai"
2021-12-30,169,103,15,6,5,13,"Nerul, Navi Mumbai"
2021-12-31,168,115,17,7,5,14,"Nerul, Navi Mumbai"
2022-01-01,168,108,16,6,5,15,"Nerul, Navi Mumbai"
2022-01-02,171,117,17,8,5,15,"Nerul, Navi Mumbai"
2022-01-03,175,131,17,8,5,16,"Nerul, Navi Mumbai"
2022-01-04,182,139,19,10,5,16,"Nerul, Navi Mumbai"
2022-01-05,189,130,19,7,5,16,"Nerul, Navi Mumbai"
2022-01-06,187,111,16,7,5,13,"Nerul, Navi Mumbai"
2022-01-07,176,85,16,6,5,13,"Nerul, Navi Mumbai"
2022-01-08,156,61,18,4,5,10,"Nerul, Navi Mumbai"
2022-01-09,107,68,14,6,6,10,"Nerul, Navi Mumbai"
2022-01-10,132,98,15,8,6,13,"Nerul, Navi Mumbai"
2022-01-11,161,163,14,8,6,13,"Nerul, Navi Mumbai"
2022-01-12,164,895,14,7,6,14,"Nerul, Navi Mumbai"
2022-01-13,176,895,16,9,6,15,"Nerul, Navi Mumbai"
2022-01-14,187, ,16,8,6,15,"Nerul, Navi Mumbai"
2022-01-15,172, ,17,7,7,14,"Nerul, Navi Mumbai"
2022-01-16,167,117,18,7,7,15,"Nerul, Navi Mumbai"
2022-01-17,189,122,17,8,7,15,"Nerul, Navi Mumbai"
2022-01-18,169,269,19,10,8,15,"Nerul, Navi Mumbai"
2022-01-19,173,96,22,11,8,16,"Nerul, Navi Mumbai"
2022-01-20,166,106,20,9,8,15,"Nerul, Navi Mumbai"
2022-01-21,141,131,19,4,8,12,"Nerul, Navi Mumbai"
2022-01-22,103,468,14,4,8,10,"Nerul, Navi Mumbai"
2022-01-23,199,313,14,5,8,11,"Nerul, Navi Mumbai"
2022-01-24,169,180,14,8,8,12,"Nerul, Navi Mumbai"
2022-01-25,166,199,14,8,9,14,"Nerul, Navi Mumbai"
2022-01-26,166,220,14,10,9,16,"Nerul, Navi Mumbai"
2022-01-27,162,126,17,11,10,14,"Nerul, Navi Mumbai"
2022-01-28,150,123,16,10,11,15,"Nerul, Navi Mumbai"
2022-01-29,158,142,20,11,13,17,"Nerul, Navi Mumbai"
2022-01-30,171,130,20,11,14,18,"Nerul, Navi Mumbai"
2022-01-31,170,151,24,11,15,18,"Nerul, Navi Mumbai"
2022-02-01,177,152,26,10,13,19,"Nerul, Navi Mumbai"
2022-02-02,183,133,23,7,15,14,"Nerul, Navi Mumbai"
2022-02-03,146,147,20,6,15,12,"Nerul, Navi Mumbai"
2022-02-04,147,246,20,10,17,15,"Nerul, Navi Mumbai"
2022-02-05,173,232,21,9,18,17,"Nerul, Navi Mumbai"
2022-02-06,181,131,15,7,19,15,"Nerul, Navi Mumbai"
2022-02-07,158,140,18,7,21,13,"Nerul, Navi Mumbai"
2022-02-08,164,99,20,7,22,13,"Nerul, Navi Mumbai"
2022-02-09,141,105,21,7,24,14,"Nerul, Navi Mumbai"
2022-02-10,351,186,21,8,26,16,"Nerul, Navi Mumbai"
2022-02-11,151,166,20,9,28,16,"Nerul, Navi Mumbai"
2022-02-12,162,168,25,8,30,18,"Nerul, Navi Mumbai"
2022-02-13,172,118,17,7,32,17,"Nerul, Navi Mumbai"
2022-02-14,150,115,21,7,6,16,"Nerul, Navi Mumbai"
2022-02-15,123,152,23,5, ,14,"Nerul, Navi Mumbai"
2022-02-16,110,130,23,5,3,14,"Nerul, Navi Mumbai"
2022-02-17,119,109,28,6,5,14,"Nerul, Navi Mumbai"
2022-02-18,131,195,30,8,5,18,"Nerul, Navi Mumbai"
2022-02-19,166,148,24,5,5,17,"Nerul, Navi Mumbai"
2022-02-20,160,136,25,6,5,18,"Nerul, Navi Mumbai"
2022-02-21,160,110,21,8,5,18,"Nerul, Navi Mumbai"
2022-02-22,161,122,23,7,6,18,"Nerul, Navi Mumbai"
2022-02-23,154,245,38,5,6,21,"Nerul, Navi Mumbai"
2022-02-24,175,175,34,5,6,22,"Nerul, Navi Mumbai"
2022-02-25,176,183,32,6,6,20,"Nerul, Navi Mumbai"
2022-02-26,169,266,48,4,7,22,"Nerul, Navi Mumbai"
2022-02-27,169,131,34,7,6,20,"Nerul, Navi Mumbai"
2022-02-28,171,279,44,5,6,23,"Nerul, Navi Mumbai"
2022-03-01,172,155,45,7,6,23,"Nerul, Navi Mumbai"
2022-03-02,185,184,52,5,6,22,"Nerul, Navi Mumbai"
2022-03-03,171,133,47,4,6,18,"Nerul, Navi Mumbai"
2022-03-04,142,188,57,7,6,21,"Nerul, Navi Mumbai"
2022-03-05,169,202,77,5,6,22,"Nerul, Navi Mumbai"
2022-03-06,172,420,98,7,16,17,"Nerul, Navi Mumbai"
2022-03-07,209,406,28,12,21,9,"Nerul, Navi Mumbai"
2022-03-08,207,526,26,13,25,10,"Nerul, Navi Mumbai"
2022-03-09,178,230,19,12,24,10,"Nerul, Navi Mumbai"
2022-03-10,174,322,17,10,24,10,"Nerul, Navi Mumbai"
2022-03-11,175,277,17,9,24,8,"Nerul, Navi Mumbai"
2022-03-12,174,234,19,10,23,10,"Nerul, Navi Mumbai"
2022-03-13,182,152,19,8,25,7,"Nerul, Navi Mumbai"
2022-03-14,123,389,24,7,25,12,"Nerul, Navi Mumbai"
2022-03-15,242,253,25,5,25,12,"Nerul, Navi Mumbai"
2022-03-16,174,205,27,8,24,13,"Nerul, Navi Mumbai"
2022-03-17,177,133,29,6,24,10,"Nerul, Navi Mumbai"
2022-03-18,169,127,28,7,31,5,"Nerul, Navi Mumbai"
2022-03-19,150,125,44,6,23,6,"Nerul, Navi Mumbai"
2022-03-20,126,134,70,3,23,6,"Nerul, Navi Mumbai"
2022-03-21,140,219,84,7,22,9,"Nerul, Navi Mumbai"
2022-03-22,168,198,85,7,22,10,"Nerul, Navi Mumbai"
2022-03-23,163,147,99,6,22,8,"Nerul, Navi Mumbai"
2022-03-24,160,131,115,6,22,6,"Nerul, Navi Mumbai"
2022-03-25,133,113,101,6,14,6,"Nerul, Navi Mumbai"
2022-03-26,118,123,97,5,4,6,"Nerul, Navi Mumbai"
2022-03-27,127,107,109,7,8,6,"Nerul, Navi Mumbai"
2022-03-28,128,124,94,4,3,7,"Nerul, Navi Mumbai"
2022-03-29,144,133,89,4,3,6,"Nerul, Navi Mumbai"
2022-03-30,131,166,93,4,3,7,"Nerul, Navi Mumbai"
2022-03-31,129,189,98,3,2,6,"Nerul, Navi Mumbai"
2022-04-01,163,180,81,2,2,5,"Nerul, Navi Mumbai"
2022-04-02,156,173,82,2,2,5,"Nerul, Navi Mumbai"
2022-04-03,144,118,83,2,8,5,"Nerul, Navi Mumbai"
2022-04-04,124,138,82,1,10,5,"Nerul, Navi Mumbai"
2022-04-05,110,102,77,3,10,5,"Nerul, Navi Mumbai"
2022-04-06,116,90,40,2,10,6,"Nerul, Navi Mumbai"
2022-04-07,117,76,41,3,10,5,"Nerul, Navi Mumbai"
2022-04-08,111,110,37,1,10,5,"Nerul, Navi Mumbai"
2022-04-09,99, , ,1, , ,"Nerul, Navi Mumbai"
2022-04-10,93,85,34,1,10,6,"Nerul, Navi Mumbai"
2022-04-11,98,137,39,2,10,8,"Nerul, Navi Mumbai"
2022-04-12,140,152,40,2,6,9,"Nerul, Navi Mumbai"
2022-04-13,129,249,221,1,14,6,"Nerul, Navi Mumbai"
2022-04-14,150,73,20,2,10,4,"Nerul, Navi Mumbai"
2022-04-15,99,97,34,2,10,4,"Nerul, Navi Mumbai"
2022-04-16,98,91,34,3,10,4,"Nerul, Navi Mumbai"
2022-04-17,94,90,25,35,10,5,"Nerul, Navi Mumbai"
2022-04-18,92,83,25,58,10,5,"Nerul, Navi Mumbai"
2022-04-19,106,93,23,3,10,5,"Nerul, Navi Mumbai"
2022-04-20,115,99,17,3,10,8,"Nerul, Navi Mumbai"
2022-04-21,149,167,16,4,10,9,"Nerul, Navi Mumbai"
2022-04-22,157, , ,4, , ,"Nerul, Navi Mumbai"
2022-04-23,156, , ,3, , ,"Nerul, Navi Mumbai"
2022-04-24,123,97,17,7,10,7,"Nerul, Navi Mumbai"
2022-04-25,124,80,18,4,10,6,"Nerul, Navi Mumbai"
2022-04-26,110,100,16,4,10,7,"Nerul, Navi Mumbai"
2022-04-27,121,157,21,5,10,7,"Nerul, Navi Mumbai"
2022-04-28,127,76,16,2,10,5,"Nerul, Navi Mumbai"
2022-04-29,93,81,14,3,10,6,"Nerul, Navi Mumbai"
2022-04-30,107,87,13,1,10,4,"Nerul, Navi Mumbai"
2022-05-01,86,64,16,1,10,4,"Nerul, Navi Mumbai"
2022-05-02,80,83,14,1,10,4,"Nerul, Navi Mumbai"
2022-05-03,92,91,16,1,10,5,"Nerul, Navi Mumbai"
2022-05-04,104,87,18,1,10,5,"Nerul, Navi Mumbai"
2022-05-05,100,132,16,2,11,5,"Nerul, Navi Mumbai"
2022-05-06,131,140,16,2,11,6,"Nerul, Navi Mumbai"
2022-05-07,147,129,19,1,11,6,"Nerul, Navi Mumbai"
2022-05-08,133, ,20,1,11,5,"Nerul, Navi Mumbai"
2022-05-09,93,70,18,1,11,5,"Nerul, Navi Mumbai"
2022-05-10,88,83,16,1,10,5,"Nerul, Navi Mumbai"
2022-05-11,92,75,18,2,11,4,"Nerul, Navi Mumbai"
2022-05-12,85,83,19,4,10,4,"Nerul, Navi Mumbai"
2022-05-13,92,103,16,4,10,4,"Nerul, Navi Mumbai"
2022-05-14,125,90,14,3,10,5,"Nerul, Navi Mumbai"
2022-05-15,98,81,38,3,11,4,"Nerul, Navi Mumbai"
2022-05-16,95,135,28,4,11,4,"Nerul, Navi Mumbai"
2022-05-17,142,212,17,7,7,3,"Nerul, Navi Mumbai"
2022-05-18,159,166,8,5,4,2,"Nerul, Navi Mumbai"
2022-05-19,152,121,7,5,4,2,"Nerul, Navi Mumbai"
2022-05-20,121,98,5,5,4,2,"Nerul, Navi Mumbai"
2022-05-21,98,62,3,5,4,2,"Nerul, Navi Mumbai"
2022-05-22,65,44,6,4,4,1,"Nerul, Navi Mumbai"
2022-05-23,54,46,4,4,4,1,"Nerul, Navi Mumbai"
2022-05-24,57,67,31,4,5,4,"Nerul, Navi Mumbai"
2022-05-25,68,67,21,4,4,4,"Nerul, Navi Mumbai"
2022-05-26,71,53,11,4,4,4,"Nerul, Navi Mumbai"
2022-05-27,53,55,7,3,4,4,"Nerul, Navi Mumbai"
2022-05-28,46,54,4,3,4,4,"Nerul, Navi Mumbai"
2022-05-29,52,66,5,3,4,4,"Nerul, Navi Mumbai"
2022-05-30,59,68,5,3,4,4,"Nerul, Navi Mumbai"
2022-05-31,63,69,2,3,4,4,"Nerul, Navi Mumbai"
2022-06-01,66,70,2,3,4,4,"Nerul, Navi Mumbai"
2022-06-02,66,79,3,3,4,5,"Nerul, Navi Mumbai"
2022-06-03,74,86,2,3,4,4,"Nerul, Navi Mumbai"
2022-06-04,71,72,2,3,4,4,"Nerul, Navi Mumbai"
2022-06-05,61,46, ,3,4,4,"Nerul, Navi Mumbai"
2022-06-06,53,48,2,3,4,5,"Nerul, Navi Mumbai"
2022-06-07,43,38,1,3,4,4,"Nerul, Navi Mumbai"
2022-06-08,19,49,1,3,4,4,"Nerul, Navi Mumbai"
2022-06-09,24,33,2,3,4,5,"Nerul, Navi Mumbai"
2022-06-10,42,19, ,3,4,5,"Nerul, Navi Mumbai"
2022-06-11,12,20, ,3,4,5,"Nerul, Navi Mumbai"
2022-06-12,18,27, ,3,4,4,"Nerul, Navi Mumbai"
2022-06-13,10,45,1,3,4,5,"Nerul, Navi Mumbai"
2022-06-14,29,44, ,3,4,5,"Nerul, Navi Mumbai"
2022-06-15,33,44,1,2,4,5,"Nerul, Navi Mumbai"
2022-06-16,41,46,2,2,4,6,"Nerul, Navi Mumbai"
2022-06-17,39,48,1,2,4,5,"Nerul, Navi Mumbai"
2022-06-18,35,34, ,2,4,6,"Nerul, Navi Mumbai"
2022-06-19,29,24, ,2,4,7,"Nerul, Navi Mumbai"
2022-06-20,29,29,1,2,4,7,"Nerul, Navi Mumbai"
2022-06-21,30,34,1,2,4,6,"Nerul, Navi Mumbai"
2022-06-22,30,31,1,2,4,6,"Nerul, Navi Mumbai"
2022-06-23,31,33,1,2,4,6,"Nerul, Navi Mumbai"
2022-06-24,34,30, ,3,4,5,"Nerul, Navi Mumbai"
2022-06-25,14,27,1,3,4,4,"Nerul, Navi Mumbai"
2022-06-26,10,23, ,3,4,4,"Nerul, Navi Mumbai"
2022-06-27,21, ,1,2,4,7,"Nerul, Navi Mumbai"
2022-06-28,34,13,10,2,4,8,"Nerul, Navi Mumbai"
2022-06-29,38,12,2,2,4,7,"Nerul, Navi Mumbai"
2022-06-30,21,16, ,2,4,6,"Nerul, Navi Mumbai"
2022-07-01,36,49, ,3,4,4,"Nerul, Navi Mumbai"
2022-07-02,42,47,2,3,4,4,"Nerul, Navi Mumbai"
2022-07-03, ,20,7,3,4,5,"Nerul, Navi Mumbai"
2022-07-04,11,11,4,3,7,10,"Nerul, Navi Mumbai"
2022-07-05,21,38,56,6,4,6,"Nerul, Navi Mumbai"
2022-07-06,68,50,68,3,4,9,"Nerul, Navi Mumbai"
2022-07-07,63,51,66,5,5,8,"Nerul, Navi Mumbai"
2022-07-08,58,50,56,4,4,8,"Nerul, Navi Mumbai"
2022-07-09,58,49,50,4,4,8,"Nerul, Navi Mumbai"
2022-07-10,53,44,98,4,6,10,"Nerul, Navi Mumbai"
2022-07-11,56,35,99,3,5,9,"Nerul, Navi Mumbai"
2022-07-12,54,37,89,4,5,5,"Nerul, Navi Mumbai"
2022-07-13,48,38,81,3,5,1,"Nerul, Navi Mumbai"
2022-07-14,48,45,17,3,5,1,"Nerul, Navi Mumbai"
2022-07-15,60,39,11,3,5,1,"Nerul, Navi Mumbai"
2022-07-16,55,35,6,2,5,1,"Nerul, Navi Mumbai"
2022-07-17,46,45,2,2,5,1,"Nerul, Navi Mumbai"
2022-07-18,52,43, ,2,5,2,"Nerul, Navi Mumbai"
2022-07-19,49,35,1,3,5,1,"Nerul, Navi Mumbai"
2022-07-20,50,33,6,3,5,2,"Nerul, Navi Mumbai"
2022-07-21,46,40,5,3,5,2,"Nerul, Navi Mumbai"
2022-07-22,52,37,2,3,5,2,"Nerul, Navi Mumbai"
2022-07-23,46,31,1,4,5,1,"Nerul, Navi Mumbai"
2022-07-24,40,32,1,4,5,1,"Nerul, Navi Mumbai"
2022-07-25,39,35, ,3,4,2,"Nerul, Navi Mumbai"
2022-07-26,50,35,8,3,5,4,"Nerul, Navi Mumbai"
2022-07-27,58,60,9,4,5,4,"Nerul, Navi Mumbai"
2022-07-28,70,58,7,4,5,4,"Nerul, Navi Mumbai"
2022-07-29,66,51,5,4,5,3,"Nerul, Navi Mumbai"
2022-07-30,61,51,8,4,5,3,"Nerul, Navi Mumbai"
2022-07-31,59,41,4,4,5,2,"Nerul, Navi Mumbai"
2022-08-01,54,45,5,3,5,3,"Nerul, Navi Mumbai"
2022-08-02,59,41,7,4,5,3,"Nerul, Navi Mumbai"
2022-08-03,56,35,6,4,5,4,"Nerul, Navi Mumbai"
2022-08-04,57,32,5,4,5,3,"Nerul, Navi Mumbai"
2022-08-05,54,27,9,4,5,3,"Nerul, Navi Mumbai"
2022-08-06,43,28,5,3,5,3,"Nerul, Navi Mumbai"
2022-08-07,38,17,11,4,4,2,"Nerul, Navi Mumbai"
2022-08-08,36,25,9,5,3,1,"Nerul, Navi Mumbai"
2022-08-09,41,31,14,6,3, ,"Nerul, Navi Mumbai"
2022-08-10,46,35,10,5,3, ,"Nerul, Navi Mumbai"
2022-08-11,52,35,9,5,3,1,"Nerul, Navi Mumbai"
2022-08-12,50,32,7,4,3, ,"Nerul, Navi Mumbai"
2022-08-13,44,30,7,4,3, ,"Nerul, Navi Mumbai"
2022-08-14,42,30,6,4,3, ,"Nerul, Navi Mumbai"
2022-08-15,39,25,8,3,3, ,"Nerul, Navi Mumbai"
2022-08-16,36,26,3,3,3, ,"Nerul, Navi Mumbai"
2022-08-17,34,27,3,4,3,1,"Nerul, Navi Mumbai"
2022-08-18,43,28,2,3,3,1,"Nerul, Navi Mumbai"
2022-08-19,40,25,1,4,3,1,"Nerul, Navi Mumbai"
2022-08-20,41,31,1,3,3,1,"Nerul, Navi Mumbai"
2022-08-21,44,30,2,3,3,1,"Nerul, Navi Mumbai"
2022-08-22,44,27,12,4,3,1,"Nerul, Navi Mumbai"
2022-08-23,36,27,6,4,3,1,"Nerul, Navi Mumbai"
2022-08-24,40,36,5,4,3,2,"Nerul, Navi Mumbai"
2022-08-25,47,42,5,4,3,2,"Nerul, Navi Mumbai"
2022-08-26,57,70,5,3,3,3,"Nerul, Navi Mumbai"
2022-08-27,73,67,7,2,3,3,"Nerul, Navi Mumbai"
2022-08-28,75,63,10,4,3,4,"Nerul, Navi Mumbai"
2022-08-29,75,82,8,6,3,5,"Nerul, Navi Mumbai"
2022-08-30,98,82,5,6,3,5,"Nerul, Navi Mumbai"
2022-08-31,105,39,7,6,3,4,"Nerul, Navi Mumbai"
2022-09-01,75,56,5,7,3,5,"Nerul, Navi Mumbai"
2022-09-02,97,58,5,7,3,5,"Nerul, Navi Mumbai"
2022-09-03,89,43,6,7,3,3,"Nerul, Navi Mumbai"
2022-09-04,68,51,5,7,3,4,"Nerul, Navi Mumbai"
2022-09-05,69,62,4,7,3,3,"Nerul, Navi Mumbai"
2022-09-06,72,49, ,9,3,4,"Nerul, Navi Mumbai"
2022-09-07,80,32, ,10,3,4,"Nerul, Navi Mumbai"
2022-09-08,70,29, ,10,3,4,"Nerul, Navi Mumbai"
2022-09-09,65,32, ,10,3,4,"Nerul, Navi Mumbai"
2022-09-10,59,34, ,10,3,5,"Nerul, Navi Mumbai"
2022-09-11,83,21, ,8,6,3,"Nerul, Navi Mumbai"
2022-09-12,44,16, ,8,4,2,"Nerul, Navi Mumbai"
2022-09-13,38,15, ,14,4, ,"Nerul, Navi Mumbai"
2022-09-14,28,20, ,15,4, ,"Nerul, Navi Mumbai"
2022-09-15,34,13, ,10,4,1,"Nerul, Navi Mumbai"
2022-09-16,38, , ,9, , ,"Nerul, Navi Mumbai"
2022-09-17,37, , ,8, , ,"Nerul, Navi Mumbai"
2022-09-18,44, , ,8, , ,"Nerul, Navi Mumbai"
2022-09-19,64, , ,7, , ,"Nerul, Navi Mumbai"
2022-09-20,73, , ,7, , ,"Nerul, Navi Mumbai"
2022-09-21,66, , ,7, , ,"Nerul, Navi Mumbai"
2022-09-22,73,38, ,7,4,2,"Nerul, Navi Mumbai"
2022-09-23,68,29, ,7,4,3,"Nerul, Navi Mumbai"
2022-09-24,44,33, ,8,4,3,"Nerul, Navi Mumbai"
2022-09-25,46,42, ,8,4,3,"Nerul, Navi Mumbai"
2022-09-26,62,96, ,7,4,6,"Nerul, Navi Mumbai"
2022-09-27,109,59, ,7,4,4,"Nerul, Navi Mumbai"
2022-09-28,85,69, ,7,4,5,"Nerul, Navi Mumbai"
2022-09-29,114,75, ,9,4,5,"Nerul, Navi Mumbai"
2022-09-30,118,70, ,9,4,4,"Nerul, Navi Mumbai"
2022-10-01,107,53, ,8,4,6,"Nerul, Navi Mumbai"
2022-10-02,88,54, ,7,4,4,"Nerul, Navi Mumbai"
2022-10-03,77,66, ,7,4,4,"Nerul, Navi Mumbai"
2022-10-04,101,69, ,7,4,5,"Nerul, Navi Mumbai"
2022-10-05,115,65, ,7,4,5,"Nerul, Navi Mumbai"
2022-10-06,95,48, ,7,4,5,"Nerul, Navi Mumbai"
2022-10-07,79,22, ,7,4,3,"Nerul, Navi Mumbai"
2022-10-08,51,36, ,7,4,4,"Nerul, Navi Mumbai"
2022-10-09,51,55, ,7,4,5,"Nerul, Navi Mumbai"
2022-10-10,81,68, ,7,4,5,"Nerul, Navi Mumbai"
2022-10-11,106,52, ,7,4,5,"Nerul, Navi Mumbai"
2022-10-12,101,63, ,7,4,7,"Nerul, Navi Mumbai"
2022-10-13,118,58, , ,5,7,"Nerul, Navi Mumbai"
2022-10-14,109,64, ,10,5,5,"Nerul, Navi Mumbai"
2022-10-15,104,74, ,10,5,7,"Nerul, Navi Mumbai"
2022-10-16,120, , , , , ,"Nerul, Navi Mumbai"
2022-10-23, ,111, ,11,5,11,"Nerul, Navi Mumbai"
2022-10-24,184,99, ,11,4,8,"Nerul, Navi Mumbai"
2022-10-25,181,101, ,11,4,9,"Nerul, Navi Mumbai"
2022-10-26,170,110, ,12,5,9,"Nerul, Navi Mumbai"
2022-10-27,170,99, ,12,5,9,"Nerul, Navi Mumbai"
2022-10-28,158,104, ,11,5,9,"Nerul, Navi Mumbai"
2022-10-29,155,96, ,10,5,9,"Nerul, Navi Mumbai"
2022-10-30,147,100, ,9,5,8,"Nerul, Navi Mumbai"
2022-10-31,152,108, ,7,5,10,"Nerul, Navi Mumbai"
2022-11-01,171,118, ,11,5,11,"Nerul, Navi Mumbai"
2022-11-02,180,140, ,22,5,11,"Nerul, Navi Mumbai"
2022-11-03,184,118, ,18,5,11,"Nerul, Navi Mumbai"
2022-11-04,168,110, ,18,5,11,"Nerul, Navi Mumbai"
2022-11-05,161,111, ,18,5,11,"Nerul, Navi Mumbai"
2022-11-06,164,125, ,17,8,11,"Nerul, Navi Mumbai"
2022-11-07,192,137, ,19,13,12,"Nerul, Navi Mumbai"
2022-11-08,195,142, ,21,13,12,"Nerul, Navi Mumbai"
2022-11-09,206,120, ,19,13,11,"Nerul, Navi Mumbai"
2022-11-10,186,118, ,18,13,9,"Nerul, Navi Mumbai"
2022-11-11,172,119, ,18,13,8,"Nerul, Navi Mumbai"
2022-11-12,171,142, ,18,13,10,"Nerul, Navi Mumbai"
2022-11-13,188,133, ,29,13,12,"Nerul, Navi Mumbai"
2022-11-14,207,148, ,19,13,14,"Nerul, Navi Mumbai"
2022-11-15,232,132, ,21,13,13,"Nerul, Navi Mumbai"
2022-11-16,203,102, ,17,13,10,"Nerul, Navi Mumbai"
2022-11-17,219,102, ,16,13,8,"Nerul, Navi Mumbai"
2022-11-18,127,138, ,19,13,10,"Nerul, Navi Mumbai"
2022-11-19,165,116, ,19,13,10,"Nerul, Navi Mumbai"
2022-11-20,156,103, ,24,13,10,"Nerul, Navi Mumbai"
2022-11-21,163,143, ,21,13,12,"Nerul, Navi Mumbai"
2022-11-22,187,136, ,21,13,13,"Nerul, Navi Mumbai"
2022-11-23,186,147, ,28,13,14,"Nerul, Navi Mumbai"
2022-11-24,206,162, ,35,13,16,"Nerul, Navi Mumbai"
2022-11-25,230,176, ,33,13,17,"Nerul, Navi Mumbai"
2022-11-26,245,175, ,36,13,17,"Nerul, Navi Mumbai"
2022-11-27,263,109, ,34,13,13,"Nerul, Navi Mumbai"
2022-11-28,181,131, ,32,13,13,"Nerul, Navi Mumbai"
2022-11-29,184,162, ,28,13,15,"Nerul, Navi Mumbai"
2022-11-30,215,157, ,36,13,15,"Nerul, Navi Mumbai"
2022-12-01,222,150, ,33,13,16,"Nerul, Navi Mumbai"
2022-12-02,210,147, ,31,13,17,"Nerul, Navi Mumbai"
2022-12-03,218,163, ,29,14,17,"Nerul, Navi Mumbai"
2022-12-04,248,150, ,33,13,17,"Nerul, Navi Mumbai"
2022-12-05,236,153, ,38,14,17,"Nerul, Navi Mumbai"
2022-12-06,246,135, ,41,14,14,"Nerul, Navi Mumbai"
2022-12-07,230,132, ,31,12,11,"Nerul, Navi Mumbai"
2022-12-08,204,123, ,32,10,8,"Nerul, Navi Mumbai"
2022-12-09,175,127, ,31,10,8,"Nerul, Navi Mumbai"
2022-12-10,189,130, , ,10,10,"Nerul, Navi Mumbai"
2022-12-11,195,104, , ,10,7,"Nerul, Navi Mumbai"
2022-12-12,170,78, , ,10,6,"Nerul, Navi Mumbai"
2022-12-13,192,86, ,5,9,6,"Nerul, Navi Mumbai"
2022-12-14,168,88, ,5,9,7,"Nerul, Navi Mumbai"
2022-12-15,175,101, ,6,9,9,"Nerul, Navi Mumbai"
2022-12-16,185,105, ,7,9,9,"Nerul, Navi Mumbai"
2022-12-17,176,134, ,7,9,8,"Nerul, Navi Mumbai"
2022-12-18,182,119, ,8,9,8,"Nerul, Navi Mumbai"
2022-12-19,167,155, ,7,9,10,"Nerul, Navi Mumbai"
2022-12-20,178,203, ,16,9,13,"Nerul, Navi Mumbai"
2022-12-21,218,183, ,26,9,14,"Nerul, Navi Mumbai"
2022-12-22,255,317, ,22,10,13,"Nerul, Navi Mumbai"
2022-12-23,236,120, ,21,9,9,"Nerul, Navi Mumbai"
2022-12-24,163,128, ,24,9,10,"Nerul, Navi Mumbai"
2022-12-25,202,155, ,22,9,14,"Nerul, Navi Mumbai"
2022-12-26,251,160, ,22,9,16,"Nerul, Navi Mumbai"
2022-12-27,250,168, ,21,10,14,"Nerul, Navi Mumbai"
2022-12-28,220,145, ,24,10,16,"Nerul, Navi Mumbai"
2022-12-29,207,173, ,29,10,15,"Nerul, Navi Mumbai"
2022-12-30,227,136, ,27,10,13,"Nerul, Navi Mumbai"
2022-12-31,223,110, ,26,10,9,"Nerul, Navi Mumbai"
2023-01-01,179,128, ,27,10,13,"Nerul, Navi Mumbai"
2023-01-02,209,145, ,28,10,15,"Nerul, Navi Mumbai"
2023-01-03,218,172, ,28,10,14,"Nerul, Navi Mumbai"
2023-01-04,230,162, ,29,10,15,"Nerul, Navi Mumbai"
2023-01-05,234,133, ,24,10,14,"Nerul, Navi Mumbai"
2023-01-06,228,124, ,25,10,13,"Nerul, Navi Mumbai"
2023-01-07,220,99, ,25,10,11,"Nerul, Navi Mumbai"
2023-01-08,183,110, ,27,10,11,"Nerul, Navi Mumbai"
2023-01-09,174,120, ,27,10,11,"Nerul, Navi Mumbai"
2023-01-10,174,153, ,30,10,15,"Nerul, Navi Mumbai"
2023-01-11,208,140, ,30,10,14,"Nerul, Navi Mumbai"
2023-01-12,203,127, ,26,10,7,"Nerul, Navi Mumbai"
2023-01-13,169,141, ,26,10,8,"Nerul, Navi Mumbai"
2023-01-14,165,126, ,28,10,11,"Nerul, Navi Mumbai"
2023-01-15,186,141, ,30,10,13,"Nerul, Navi Mumbai"
2023-01-16,219,202, ,31,10,16,"Nerul, Navi Mumbai"
2023-01-17,236,192, ,32,10,17,"Nerul, Navi Mumbai"
2023-01-18,238,173, ,33,10,18,"Nerul, Navi Mumbai"
2023-01-19,236,173, ,36,10,17,"Nerul, Navi Mumbai"
2023-01-20,214,143, ,36,10,15,"Nerul, Navi Mumbai"
2023-01-21,180,126, ,34,10,13,"Nerul, Navi Mumbai"
2023-01-22,170,112,5,33,10,12,"Nerul, Navi Mumbai"
2023-01-23,171,138,8,33,10,12,"Nerul, Navi Mumbai"
2023-01-24,177,121,8,28,10,14,"Nerul, Navi Mumbai"
2023-01-25,181,134,8,35,10,17,"Nerul, Navi Mumbai"
2023-01-26,200,134,8,28,10,17,"Nerul, Navi Mumbai"
2023-01-27,223,173,8,27,11,16,"Nerul, Navi Mumbai"
2023-01-28,220,127,8,25,11,14,"Nerul, Navi Mumbai"
2023-01-29,200,111,8,24,11,13,"Nerul, Navi Mumbai"
2023-01-30,205,114,8,24,11,16,"Nerul, Navi Mumbai"
2023-01-31,205,115,8,26,11,14,"Nerul, Navi Mumbai"
2023-02-01,185,96,8,25,11,13,"Nerul, Navi Mumbai"
2023-02-02,166,143,8,28,11,16,"Nerul, Navi Mumbai"
2023-02-03,186,146,8,28,10,17,"Nerul, Navi Mumbai"
2023-02-04,195,156,8,29,10,19,"Nerul, Navi Mumbai"
2023-02-05,202,144,8,28,10,20,"Nerul, Navi Mumbai"
2023-02-06,217,111,8,26,10,15,"Nerul, Navi Mumbai"
2023-02-07,162,172,8,29,10,19,"Nerul, Navi Mumbai"
2023-02-08,211,168,8,29,10,19,"Nerul, Navi Mumbai"
2023-02-09,204,245,8,32,10,21,"Nerul, Navi Mumbai"
2023-02-10,211,182,8,31,10,19,"Nerul, Navi Mumbai"
2023-02-11,187,120,8,27,10,17,"Nerul, Navi Mumbai"
2023-02-12,158,120,8,27,10,15,"Nerul, Navi Mumbai"
2023-02-13,149,184,8,30,10,20,"Nerul, Navi Mumbai"
2023-02-14,174,198,8,32,10,22,"Nerul, Navi Mumbai"
2023-02-15,194,166,8,32,10,22,"Nerul, Navi Mumbai"
2023-02-16,178,169,8,30,10,20,"Nerul, Navi Mumbai"
2023-02-17,178,129,8,29,10,19,"Nerul, Navi Mumbai"
2023-02-18,166,187,8,30,10,22,"Nerul, Navi Mumbai"
2023-02-19,185,128,8,29,10,21,"Nerul, Navi Mumbai"
2023-02-20,180,190,8,38,9,19,"Nerul, Navi Mumbai"
2023-02-21,207,123,7,46,8,9,"Nerul, Navi Mumbai"
2023-02-22,153,261,7,28,8,10,"Nerul, Navi Mumbai"
2023-02-23,199,301,7,11,8,12,"Nerul, Navi Mumbai"
2023-02-24,192,194,7,9,8,11,"Nerul, Navi Mumbai"
2023-02-25,179,229,7,8,9,11,"Nerul, Navi Mumbai"
2023-02-26,193,146,7,7,9,10,"Nerul, Navi Mumbai"
2023-02-27,181,311,7,9,9,12,"Nerul, Navi Mumbai"
2023-02-28,207,304,7,8,9,13,"Nerul, Navi Mumbai"
2023-03-01,198,221,7,12,9,15,"Nerul, Navi Mumbai"
2023-03-02,216,215, ,18,9,15,"Nerul, Navi Mumbai"
2023-03-03,228,264, ,18,9,14,"Nerul, Navi Mumbai"
2023-03-04,224,245, ,18,9,16,"Nerul, Navi Mumbai"
2023-03-05,240,166, ,15,9,11,"Nerul, Navi Mumbai"
2023-03-06,194,75, ,14,8,7,"Nerul, Navi Mumbai"
2023-03-07,134,102, ,15,9,11,"Nerul, Navi Mumbai"
2023-03-08,170,119, ,15,9,10,"Nerul, Navi Mumbai"
2023-03-09,156,108, ,16,9,7,"Nerul, Navi Mumbai"
2023-03-10,140,137, ,18,9,10,"Nerul, Navi Mumbai"
2023-03-11,165,211, ,17,9,13,"Nerul, Navi Mumbai"
2023-03-12,194,133, ,16,9,13,"Nerul, Navi Mumbai"
2023-03-13,211,189, ,17,9,11,"Nerul, Navi Mumbai"
2023-03-14,200,180, ,15,9,11,"Nerul, Navi Mumbai"
2023-03-15,234,90, ,14,9,7,"Nerul, Navi Mumbai"
2023-03-16,241,107, ,14,8,10,"Nerul, Navi Mumbai"
2023-03-17,159,141, ,14,8,9,"Nerul, Navi Mumbai"
2023-03-18,150,85, ,14,9,6,"Nerul, Navi Mumbai"
2023-03-19,102,67, ,18,8,5,"Nerul, Navi Mumbai"
2023-03-20,76,77, ,30,8,6,"Nerul, Navi Mumbai"
2023-03-21,81,69, ,33,8,8,"Nerul, Navi Mumbai"
2023-03-22,94,72, ,36,8,8,"Nerul, Navi Mumbai"
2023-03-23,88,75, ,25,9,8,"Nerul, Navi Mumbai"
2023-03-24,95,71, ,14,10,6,"Nerul, Navi Mumbai"
2023-03-25,71,85, ,15,10,7,"Nerul, Navi Mumbai"
2023-03-26,95,94, ,15,10,8,"Nerul, Navi Mumbai"
2023-03-27,105,125, ,16,10,8,"Nerul, Navi Mumbai"
2023-03-28,122,126, ,16,10,8,"Nerul, Navi Mumbai"
2023-03-29,121,103, ,16,10,7,"Nerul, Navi Mumbai"
2023-03-30,102,81, ,15,9,6,"Nerul, Navi Mumbai"
2023-03-31,83, , , , , ,"Nerul, Navi Mumbai"
2023-04-02, ,75, ,16,11,7,"Nerul, Navi Mumbai"
2023-04-03,80,86, ,16,10,7,"Nerul, Navi Mumbai"
2023-04-04,95,90, ,16,11,8,"Nerul, Navi Mumbai"
2023-04-05,92,104, ,16,13,9,"Nerul, Navi Mumbai"
2023-04-06,129,137, ,16,14,10,"Nerul, Navi Mumbai"
2023-04-07,149,118, ,16,14,11,"Nerul, Navi Mumbai"
2023-04-08,143,124, ,17,14,13,"Nerul, Navi Mumbai"
2023-04-09,152,117, ,15,11,12,"Nerul, Navi Mumbai"
2023-04-10,149,114, ,14,11,11,"Nerul, Navi Mumbai"
2023-04-11,130,114, ,14,12,11,"Nerul, Navi Mumbai"
2023-04-12,144,104, ,15,11,11,"Nerul, Navi Mumbai"
2023-04-13,125,127, ,15,13,12,"Nerul, Navi Mumbai"
2023-04-14,133,108, ,15,14,10,"Nerul, Navi Mumbai"
2023-04-15,107,98, ,15,14,10,"Nerul, Navi Mumbai"
2023-04-16,99,88, ,14,12,10,"Nerul, Navi Mumbai"
2023-04-17,88,95, ,15,10,11,"Nerul, Navi Mumbai"
2023-04-18,111,111, ,15,11,13,"Nerul, Navi Mumbai"
2023-04-19,141,75, ,14,16,9,"Nerul, Navi Mumbai"
2023-04-20,65,120, ,15,16,9,"Nerul, Navi Mumbai"
2023-04-21,78,80, ,14,16,9,"Nerul, Navi Mumbai"
2023-04-22,68,82, ,14,16,8,"Nerul, Navi Mumbai"
2023-04-23,68,81, ,11,14,9,"Nerul, Navi Mumbai"
2023-04-24,79,97, ,8,11,8,"Nerul, Navi Mumbai"
2023-04-25,103,81,3,8,9,8,"Nerul, Navi Mumbai"
2023-04-26,77,83, ,8,9,9,"Nerul, Navi Mumbai"
2023-04-27,94,74, ,8,9,9,"Nerul, Navi Mumbai"
2023-04-28,69,83, ,8,9,9,"Nerul, Navi Mumbai"
2023-04-29,75,64, ,8,9,9,"Nerul, Navi Mumbai"
2023-04-30,62,48, ,8,9,9,"Nerul, Navi Mumbai"
2023-05-01,57,56, ,7,9,9,"Nerul, Navi Mumbai"
2023-05-02,61,56, ,7,10,9,"Nerul, Navi Mumbai"
2023-05-03,65,67, ,8,10,10,"Nerul, Navi Mumbai"
2023-05-04,70,58, ,8,11,10,"Nerul, Navi Mumbai"
2023-05-05,70,58, ,8,10,9,"Nerul, Navi Mumbai"
2023-05-06,64,62, ,7,11,10,"Nerul, Navi Mumbai"
2023-05-07,69,57, ,7,10,9,"Nerul, Navi Mumbai"
2023-05-08,61,69, ,7,9,9,"Nerul, Navi Mumbai"
2023-05-09,62,90, ,7,9,10,"Nerul, Navi Mumbai"
2023-05-10,78,94, ,7,10,10,"Nerul, Navi Mumbai"
2023-05-11,83,99, ,7,9,11,"Nerul, Navi Mumbai"
2023-05-12,87,71, ,7,9,9,"Nerul, Navi Mumbai"
2023-05-13,51,52, ,7,10,9,"Nerul, Navi Mumbai"
2023-05-14,21,56, ,7,10,9,"Nerul, Navi Mumbai"
2023-05-15,49,68, ,7,11,9,"Nerul, Navi Mumbai"
2023-05-16,57,57,23,8,10,13,"Nerul, Navi Mumbai"
2023-05-17,43,59, ,7,9,12,"Nerul, Navi Mumbai"
2023-05-18,38,63, ,6,9,12,"Nerul, Navi Mumbai"
2023-05-19,45, , , , , ,"Nerul, Navi Mumbai"
2023-05-21, ,64, ,5,9,12,"Nerul, Navi Mumbai"
2023-05-22,50,77, ,5,9,13,"Nerul, Navi Mumbai"
2023-05-23,58,62, ,5,9,12,"Nerul, Navi Mumbai"
2023-05-24,43,43, ,5,9,11,"Nerul, Navi Mumbai"
2023-05-25,29,45, ,5,9,11,"Nerul, Navi Mumbai"
2023-05-26,38,50, ,5,9,11,"Nerul, Navi Mumbai"
2023-05-27,44,53, ,5,9,11,"Nerul, Navi Mumbai"
2023-05-28,44,56, ,5,9,12,"Nerul, Navi Mumbai"
2023-05-29,57,81, ,5,9,12,"Nerul, Navi Mumbai"
2023-05-30,83,81, ,5,10,12,"Nerul, Navi Mumbai"
2023-05-31,84,98, ,5,10,13,"Nerul, Navi Mumbai"
2023-06-01,79,59, ,5,10,12,"Nerul, Navi Mumbai"
2023-06-02,59,50, ,5,9,12,"Nerul, Navi Mumbai"
2023-06-03,46,56, ,5,9,12,"Nerul, Navi Mumbai"
2023-06-04,47,59, ,5,9,12,"Nerul, Navi Mumbai"
2023-06-05,55,66, ,5,10,11,"Nerul, Navi Mumbai"
2023-06-06,62,138, ,5,10,11,"Nerul, Navi Mumbai"
2023-06-07,63, , ,5,9,11,"Nerul, Navi Mumbai"
2023-06-08,321,240, ,5,9,11,"Nerul, Navi Mumbai"
2023-06-09,56,177, ,5,9,11,"Nerul, Navi Mumbai"
2023-06-10,51,134, ,5,9,11,"Nerul, Navi Mumbai"
2023-06-11,56,386, ,5,9,11,"Nerul, Navi Mumbai"
2023-06-12,54,575, ,4,10,13,"Nerul, Navi Mumbai"
2023-06-13,62,424, ,5,8,10,"Nerul, Navi Mumbai"
2023-06-14,62,334, ,5,5,3,"Nerul, Navi Mumbai"
2023-06-15,59,382, ,5,6,3,"Nerul, Navi Mumbai"
2023-06-16,57,512, ,5,5,3,"Nerul, Navi Mumbai"
2023-06-17,61,57, ,5,4,2,"Nerul, Navi Mumbai"
2023-06-18,60,203, ,5,6,7,"Nerul, Navi Mumbai"
2023-06-19,61,231, ,5,12,7,"Nerul, Navi Mumbai"
2023-06-20,71,895,11,4,16,5,"Nerul, Navi Mumbai"
2023-06-21,44,265, ,5,15,7,"Nerul, Navi Mumbai"
2023-06-22,68,94, ,5,7,8,"Nerul, Navi Mumbai"
2023-06-23,67,440, ,5,7,10,"Nerul, Navi Mumbai"
2023-06-24,55,357, ,5,7,12,"Nerul, Navi Mumbai"
2023-06-25,59,659, ,5,7,9,"Nerul, Navi Mumbai"
2023-06-26,59,571, ,5,6,10,"Nerul, Navi Mumbai"
2023-06-27,56,496,3,5,6,12,"Nerul, Navi Mumbai"
2023-06-28,55,25, ,5,6,9,"Nerul, Navi Mumbai"
2023-06-29,47,21,2,6,5,8,"Nerul, Navi Mumbai"
2023-06-30,46,32, ,5,5,11,"Nerul, Navi Mumbai"
2023-07-01,58,24, ,5,5,9,"Nerul, Navi Mumbai"
2023-07-02,45,18,3,5,6,16,"Nerul, Navi Mumbai"
2023-07-03,41,20, ,5,6,22,"Nerul, Navi Mumbai"
2023-07-04,44,35,1,5,5,19,"Nerul, Navi Mumbai"
2023-07-05, ,19, ,5,5,20,"Nerul, Navi Mumbai"
2023-07-06,39,22, ,5,6,17,"Nerul, Navi Mumbai"
2023-07-07,39,44, ,5,6,14,"Nerul, Navi Mumbai"
2023-07-08,62,43, ,4,6,7,"Nerul, Navi Mumbai"
2023-07-09,56,44, ,5,6,7,"Nerul, Navi Mumbai"
2023-07-10,55,48, ,5,6,7,"Nerul, Navi Mumbai"
2023-07-11,59,51, ,4,5,7,"Nerul, Navi Mumbai"
2023-07-12,54, , , , , ,"Nerul, Navi Mumbai"
2023-07-13, ,23, ,4,6,7,"Nerul, Navi Mumbai"
2023-07-14,54,41, ,5,6,7,"Nerul, Navi Mumbai"
2023-07-15,56,32, ,4,6,6,"Nerul, Navi Mumbai"
2023-07-16,49,20, ,5,5,6,"Nerul, Navi Mumbai"
2023-07-17,40,25, ,5,3,6,"Nerul, Navi Mumbai"
2023-07-18,43,26, ,5,5,6,"Nerul, Navi Mumbai"
2023-07-19,53,39, ,5,5,6,"Nerul, Navi Mumbai"
2023-07-20,61,25, ,5,5,6,"Nerul, Navi Mumbai"
2023-07-21,57,28, ,5,5,6,"Nerul, Navi Mumbai"
2023-07-22,54,24, ,5,5,6,"Nerul, Navi Mumbai"
2023-07-23,43,30, ,5,5,5,"Nerul, Navi Mumbai"
2023-07-24,46,28, ,5,5,6,"Nerul, Navi Mumbai"
2023-07-25,43,14, ,5,5,6,"Nerul, Navi Mumbai"
2023-07-26,40,23, ,5,5,6,"Nerul, Navi Mumbai"
2023-07-27,45,29, ,5,5,6,"Nerul, Navi Mumbai"
2023-07-28,47,33, ,5,5,6,"Nerul, Navi Mumbai"
2023-07-29,50,33, ,5,5,5,"Nerul, Navi Mumbai"
2023-07-30,47,38, ,6,6,8,"Nerul, Navi Mumbai"
2023-07-31,49,35, ,6,5,8,"Nerul, Navi Mumbai"
2023-08-01,49,44, ,6,4,5,"Nerul, Navi Mumbai"
2023-08-02,47,40, ,4,5,5,"Nerul, Navi Mumbai"
2023-08-03,52,41, ,4,5,5,"Nerul, Navi Mumbai"
2023-08-04,53,42, ,4,5,5,"Nerul, Navi Mumbai"
2023-08-05,50,47, ,4,6,5,"Nerul, Navi Mumbai"
2023-08-06,52,47, ,4,6,5,"Nerul, Navi Mumbai"
2023-08-07,49,46, ,4,6,5,"Nerul, Navi Mumbai"
2023-08-08,49,45, ,4,6,5,"Nerul, Navi Mumbai"
2023-08-09,49,39, ,4,6,5,"Nerul, Navi Mumbai"
2023-08-10,44,40, ,4,6,5,"Nerul, Navi Mumbai"
2023-08-11,45,38, ,4,6,5,"Nerul, Navi Mumbai"
2023-08-12,46,41, ,4,6,5,"Nerul, Navi Mumbai"
2023-08-13,39,44, ,4,5,5,"Nerul, Navi Mumbai"
2023-08-14,43,38, ,4,5,5,"Nerul, Navi Mumbai"
2023-08-15,44,37, ,4,5,5,"Nerul, Navi Mumbai"
2023-08-16,43,33, ,4,5,4,"Nerul, Navi Mumbai"
2023-08-17,38,34, ,4,3,3,"Nerul, Navi Mumbai"
2023-08-18,28,42, ,4,1,3,"Nerul, Navi Mumbai"
2023-08-19,43,39, ,4, ,3,"Nerul, Navi Mumbai"
2023-08-20,42,39, ,4,2,4,"Nerul, Navi Mumbai"
2023-08-21,44,40, ,4,5,5,"Nerul, Navi Mumbai"
2023-08-22,52,31, ,4,5,5,"Nerul, Navi Mumbai"
2023-08-23,41,28, ,4,5,3,"Nerul, Navi Mumbai"
2023-08-24,29,31, ,4,5,5,"Nerul, Navi Mumbai"
2023-08-25,34,18, ,4,5,3,"Nerul, Navi Mumbai"
2023-08-26,26,19, ,4,5,3,"Nerul, Navi Mumbai"
2023-08-27,27,62, ,4,6,5,"Nerul, Navi Mumbai"
2023-08-28,41,51, ,4,5,4,"Nerul, Navi Mumbai"
2023-08-29,45,67, ,4,5,5,"Nerul, Navi Mumbai"
2023-08-30,55,72, ,4,5,7,"Nerul, Navi Mumbai"
2023-08-31,67,62, ,4,4,5,"Nerul, Navi Mumbai"
2023-09-01,64,43, ,4,4,6,"Nerul, Navi Mumbai"
2023-09-02,58,52, ,4,4,8,"Nerul, Navi Mumbai"
2023-09-03,62,62, ,4,4,7,"Nerul, Navi Mumbai"
2023-09-04,67,76, ,4,4,9,"Nerul, Navi Mumbai"
2023-09-05,81,76, ,4,4,8,"Nerul, Navi Mumbai"
2023-09-06,77,32, ,4,4,5,"Nerul, Navi Mumbai"
2023-09-07,55,33, ,4,4,7,"Nerul, Navi Mumbai"
2023-09-08,58,39, ,4,4,7,"Nerul, Navi Mumbai"
2023-09-09,57,25, ,4,4,4,"Nerul, Navi Mumbai"
2023-09-10,33,39, ,4,4,5,"Nerul, Navi Mumbai"
2023-09-11,41,45, ,4,4,4,"Nerul, Navi Mumbai"
2023-09-12,50,47, ,4,4,5,"Nerul, Navi Mumbai"
2023-09-13,50,40, ,4,4,7,"Nerul, Navi Mumbai"
2023-09-14,55,45, ,4,4,7,"Nerul, Navi Mumbai"
2023-09-15,55,40, ,5,4,6,"Nerul, Navi Mumbai"
2023-09-16,41,34, ,4,4,4,"Nerul, Navi Mumbai"
2023-09-17,42,28, ,4,7,4,"Nerul, Navi Mumbai"
2023-09-18,70,30, ,4,10,3,"Nerul, Navi Mumbai"
2023-09-19,43,23, ,4,8,3,"Nerul, Navi Mumbai"
2023-09-20,29,32, ,4,6,4,"Nerul, Navi Mumbai"
2023-09-21,39,30, ,5,6,4,"Nerul, Navi Mumbai"
2023-09-22,38,34, ,5,6,4,"Nerul, Navi Mumbai"
2023-09-23,52,35, ,4,6,4,"Nerul, Navi Mumbai"
2023-09-24,62,42, ,4,6,4,"Nerul, Navi Mumbai"
2023-09-25,59,57, ,4,6,5,"Nerul, Navi Mumbai"
2023-09-26,74,41, ,4,6,5,"Nerul, Navi Mumbai"
2023-09-27,74,55, ,4,7,6,"Nerul, Navi Mumbai"
2023-09-28,106,52, ,4,6,7,"Nerul, Navi Mumbai"
2023-09-29,100,50, ,4,6,5,"Nerul, Navi Mumbai"
2023-09-30,85,54,2,4,6,6,"Nerul, Navi Mumbai"
2023-10-01,103,61, ,4,6,6,"Nerul, Navi Mumbai"
2023-10-02,86,77, ,4,7,5,"Nerul, Navi Mumbai"
2023-10-03,84,101, ,5,6,7,"Nerul, Navi Mumbai"
2023-10-04,112,92, ,5,6,6,"Nerul, Navi Mumbai"
2023-10-05,113,79, ,5,7,6,"Nerul, Navi Mumbai"
2023-10-06,109,81, ,5,6,6,"Nerul, Navi Mumbai"
2023-10-07,123,89, ,4,6,7,"Nerul, Navi Mumbai"
2023-10-08,143,95, ,4,6,7,"Nerul, Navi Mumbai"
2023-10-09,123,90, ,3,6,5,"Nerul, Navi Mumbai"
2023-10-10,125,76, ,2,9,4,"Nerul, Navi Mumbai"
2023-10-11,108,89, ,2,9,5,"Nerul, Navi Mumbai"
2023-10-12,145,111, ,2,8,6,"Nerul, Navi Mumbai"
2023-10-13,159,122, ,2,9,7,"Nerul, Navi Mumbai"
2023-10-14,166,113, ,2,9,6,"Nerul, Navi Mumbai"
2023-10-15,165,102, ,2,9,6,"Nerul, Navi Mumbai"
2023-10-16,162,136, ,2,9,8,"Nerul, Navi Mumbai"
2023-10-17,170,117, ,2,9,7,"Nerul, Navi Mumbai"
2023-10-18,172,95, ,2,9,6,"Nerul, Navi Mumbai"
2023-10-19,154,113, ,2,9,8,"Nerul, Navi Mumbai"
2023-10-20,163,104, ,2,9,8,"Nerul, Navi Mumbai"
2023-10-21,163,113, ,2,9,9,"Nerul, Navi Mumbai"
2023-10-22,166,118, ,2,9,10,"Nerul, Navi Mumbai"
2023-10-23,171,122, ,2,9,10,"Nerul, Navi Mumbai"
2023-10-24,159,107, ,2,9,9,"Nerul, Navi Mumbai"
2023-10-25,160,119, ,2,9,9,"Nerul, Navi Mumbai"
2023-10-26,146,120, ,2,9,8,"Nerul, Navi Mumbai"
2023-10-27,141,112, ,2,9,9,"Nerul, Navi Mumbai"
2023-10-28,146,114, ,2,9,10,"Nerul, Navi Mumbai"
2023-10-29,154,118, ,2,9,11,"Nerul, Navi Mumbai"
2023-10-30,161,125, ,2,9,12,"Nerul, Navi Mumbai"
2023-10-31,166,114,3,2,8,11,"Nerul, Navi Mumbai"
2023-11-01,160,114, ,3,6,11,"Nerul, Navi Mumbai"
2023-11-02,167,125, ,2,6,12,"Nerul, Navi Mumbai"
2023-11-03,171,110, ,2,6,12,"Nerul, Navi Mumbai"
2023-11-04,168,131, ,2,7,13,"Nerul, Navi Mumbai"
2023-11-05,177,125, ,2,6,14,"Nerul, Navi Mumbai"
2023-11-06,177,117, ,2,5,13,"Nerul, Navi Mumbai"
2023-11-07,128,88, ,3,4,11,"Nerul, Navi Mumbai"
2023-11-08,76,71, ,11,3,10,"Nerul, Navi Mumbai"
2023-11-09,94,46, ,9,5,9,"Nerul, Navi Mumbai"
2023-11-10,64,64, ,12,6,11,"Nerul, Navi Mumbai"
2023-11-11,102, , , , , ,"Nerul, Navi Mumbai"
2023-11-18, ,79, ,16,3,15,"Nerul, Navi Mumbai"
2023-11-19,132,68, ,17,3,16,"Nerul, Navi Mumbai"
2023-11-20,117, , , , , ,"Nerul, Navi Mumbai"
2023-11-21, ,64, ,12,4,12,"Nerul, Navi Mumbai"
2023-11-22,102,78, ,14,4,13,"Nerul, Navi Mumbai"
2023-11-23,135,101, ,20,4,19,"Nerul, Navi Mumbai"
2023-11-24,151,66, ,14,4,13,"Nerul, Navi Mumbai"
2023-11-25,91,58, ,14,4,13,"Nerul, Navi Mumbai"
2023-11-26,71,28, ,6,3,5,"Nerul, Navi Mumbai"
2023-11-27,28,53,15,8,3,8,"Nerul, Navi Mumbai"
2023-11-28,74,62,16,8,5,8,"Nerul, Navi Mumbai"
2023-11-29,97,64,16,9,4,8,"Nerul, Navi Mumbai"
2023-11-30,111,81,18,11,5,11,"Nerul, Navi Mumbai"
2023-12-01,128,74,21,10,5,10,"Nerul, Navi Mumbai"
2023-12-02,126,79,22,13,6,12,"Nerul, Navi Mumbai"
2023-12-03,130,70,19,11,6,10,"Nerul, Navi Mumbai"
2023-12-04,123,62,16,9,6,8,"Nerul, Navi Mumbai"
2023-12-05,106, , , , , ,"Nerul, Navi Mumbai"
2023-12-06, ,57,15,8,6,8,"Nerul, Navi Mumbai"
2023-12-07,89,94,17,9,6,8,"Nerul, Navi Mumbai"
2023-12-08,95,76,17,9,5,8,"Nerul, Navi Mumbai"
2023-12-09,118,63,18,9,6,8,"Nerul, Navi Mumbai"
2023-12-10,103,78,19,12,5,11,"Nerul, Navi Mumbai"
2023-12-11,137,87,19,12,4,11,"Nerul, Navi Mumbai"
2023-12-12,126, , , , , ,"Nerul, Navi Mumbai"
2023-12-13, ,62,18,7,4,7,"Nerul, Navi Mumbai"
2023-12-14,91,103,20,13,4,12,"Nerul, Navi Mumbai"
2023-12-15,139,84,22,13,4,12,"Nerul, Navi Mumbai"
2023-12-16,121,71,20,11,4,10,"Nerul, Navi Mumbai"
2023-12-17,125,71,19,11,3,11,"Nerul, Navi Mumbai"
2023-12-18,132,66,17,10,3,9,"Nerul, Navi Mumbai"
2023-12-19,118,61,18,11,3,11,"Nerul, Navi Mumbai"
2023-12-20,99,86,25,14,4,14,"Nerul, Navi Mumbai"
2023-12-21,121,122,27,15,8,14,"Nerul, Navi Mumbai"
2023-12-22,158,120,16,9,11,9,"Nerul, Navi Mumbai"
2023-12-23,159,96,17,9,9,8,"Nerul, Navi Mumbai"
2023-12-24,149,96,19,9,9,9,"Nerul, Navi Mumbai"
2023-12-25,149,113,25,14,9,13,"Nerul, Navi Mumbai"
2023-12-26,158,115,31,20,9,19,"Nerul, Navi Mumbai"
2023-12-27,163,112,28,17,10,16,"Nerul, Navi Mumbai"
2023-12-28,159,115,28,21,11,20,"Nerul, Navi Mumbai"
2023-12-29,166,111,28,23,6,21,"Nerul, Navi Mumbai"
2023-12-30,165,90,22,13,6,12,"Nerul, Navi Mumbai"
2023-12-31,134,93,24,14,6,13,"Nerul, Navi Mumbai"
2024-01-01,150,98,19,12,6,12,"Nerul, Navi Mumbai"
2024-01-02,162,107,17,9,4,9,"Nerul, Navi Mumbai"
2024-01-03,163,103,18,10,4,10,"Nerul, Navi Mumbai"
2024-01-04,152,98,16,8,5,7,"Nerul, Navi Mumbai"
2024-01-05,147,84,16,7,6,6,"Nerul, Navi Mumbai"
2024-01-06,142,98,17,8,6,8,"Nerul, Navi Mumbai"
2024-01-07,139,73,13,4,7,4,"Nerul, Navi Mumbai"
2024-01-08,121,102,16,8,7,7,"Nerul, Navi Mumbai"
2024-01-09,144,54,10,2,4,2,"Nerul, Navi Mumbai"
2024-01-10,84,74,15,8,4,8,"Nerul, Navi Mumbai"
2024-01-11,133,122,18,7,1,6,"Nerul, Navi Mumbai"
2024-01-12,171,93,14,6,1,5,"Nerul, Navi Mumbai"
2024-01-13,144,84,12,5,1,4,"Nerul, Navi Mumbai"
2024-01-14,138,41,13,6,2,6,"Nerul, Navi Mumbai"
2024-01-15,49,82,16,9,2,8,"Nerul, Navi Mumbai"
2024-01-16,111,88,18,9,2,9,"Nerul, Navi Mumbai"
2024-01-17,120,88,18,9,5,8,"Nerul, Navi Mumbai"
2024-01-18,120,113,18,10,5,10,"Nerul, Navi Mumbai"
2024-01-19,148,110,21,12,5,12,"Nerul, Navi Mumbai"
2024-01-20,149,79,17,11,5,10,"Nerul, Navi Mumbai"
2024-01-21,129,88,20,11,6,10,"Nerul, Navi Mumbai"
2024-01-22,130,87,19,11,6,10,"Nerul, Navi Mumbai"
2024-01-23,115,87,17,10,5,9,"Nerul, Navi Mumbai"
2024-01-24,118,79,18,10,4,9,"Nerul, Navi Mumbai"
2024-01-25,107,93,23,14,5,13,"Nerul, Navi Mumbai"
2024-01-26,130,93,22,15,5,14,"Nerul, Navi Mumbai"
2024-01-27,144,191,22,14,5,13,"Nerul, Navi Mumbai"
2024-01-28,124,81,20,11,5,10,"Nerul, Navi Mumbai"
2024-01-29,168,120,19,12,6,11,"Nerul, Navi Mumbai"
2024-01-30,176,156,19,10,6,10,"Nerul, Navi Mumbai"
2024-01-31,138,96,20,13,7,12,"Nerul, Navi Mumbai"
2024-02-01,125,75,17,10,6,9,"Nerul, Navi Mumbai"
2024-02-02,99,90,17,10,5,9,"Nerul, Navi Mumbai"
2024-02-03,122,111,21,14,5,13,"Nerul, Navi Mumbai"
2024-02-04,151,113,24,15,4,14,"Nerul, Navi Mumbai"
2024-02-05,145,168,22,15,3,14,"Nerul, Navi Mumbai"
2024-02-06,172,164,20,10,6,9,"Nerul, Navi Mumbai"
2024-02-07,179,87,16,7,7,7,"Nerul, Navi Mumbai"
2024-02-08,121,136,19,11,7,10,"Nerul, Navi Mumbai"
2024-02-09,138,141,16,9,6,8,"Nerul, Navi Mumbai"
2024-02-10,166,101,17,9,7,9,"Nerul, Navi Mumbai"
2024-02-11,132,121,20,13,7,12,"Nerul, Navi Mumbai"
2024-02-12,151,131,20,13,9,12,"Nerul, Navi Mumbai"
2024-02-13,152,91,17,9,10,8,"Nerul, Navi Mumbai"
2024-02-14,132,119,17,10,8,10,"Nerul, Navi Mumbai"
2024-02-15,156,230,22,14,7,13,"Nerul, Navi Mumbai"
2024-02-16,176,179,23,15,3,14,"Nerul, Navi Mumbai"
2024-02-17,177,91,16,9,4,9,"Nerul, Navi Mumbai"
2024-02-18,142,118,19,10,4,10,"Nerul, Navi Mumbai"
2024-02-19,131,87,17,8,5,8,"Nerul, Navi Mumbai"
2024-02-20,88,114,17,7,4,7,"Nerul, Navi Mumbai"
2024-02-21,98,76,13,6,4,5,"Nerul, Navi Mumbai"
2024-02-22,75,125,16,8,5,8,"Nerul, Navi Mumbai"
2024-02-23,123,133,16,10,5,9,"Nerul, Navi Mumbai"
2024-02-24,162,108,16,9,6,8,"Nerul, Navi Mumbai"
2024-02-25,128,168,23,15,5,15,"Nerul, Navi Mumbai"
2024-02-26,171,183,23,16,4,15,"Nerul, Navi Mumbai"
2024-02-27,176,131,19,13,5,12,"Nerul, Navi Mumbai"
2024-02-28,160,148,21,12,5,12,"Nerul, Navi Mumbai"
2024-02-29,154,276,20,14,6,13,"Nerul, Navi Mumbai"
2024-03-01,259,108,17,8,6,7,"Nerul, Navi Mumbai"
2024-03-02,109,84,13,6,6,5,"Nerul, Navi Mumbai"
2024-03-03,69,67,14,6,6,6,"Nerul, Navi Mumbai"
2024-03-04,77,113,17,9,7,9,"Nerul, Navi Mumbai"
2024-03-05,129,195,21,14,8,13,"Nerul, Navi Mumbai"
2024-03-06,153,210,22,15,9,14,"Nerul, Navi Mumbai"
2024-03-07,166,98,18,9,10,9,"Nerul, Navi Mumbai"
2024-03-08,122,108,18,11,9,10,"Nerul, Navi Mumbai"
2024-03-09,138,195,22,13,7,12,"Nerul, Navi Mumbai"
2024-03-10,139,116,21,13,8,12,"Nerul, Navi Mumbai"
2024-03-11,143,205,18,11,6,11,"Nerul, Navi Mumbai"
2024-03-12,146,93,14,5,4,5,"Nerul, Navi Mumbai"
2024-03-13,98,126,14,7,4,7,"Nerul, Navi Mumbai"
2024-03-14,132, , , , , ,"Nerul, Navi Mumbai"
2024-03-15, ,129,13,5,6,6,"Nerul, Navi Mumbai"
2024-03-16,119,165, ,6,6, ,"Nerul, Navi Mumbai"
2024-03-17,129,113,12,5,6,4,"Nerul, Navi Mumbai"
2024-03-18,131,120,12,5,6,4,"Nerul, Navi Mumbai"
2024-03-19,134,198,17,9,4,8,"Nerul, Navi Mumbai"
2024-03-20,150,269,19,10,4,10,"Nerul, Navi Mumbai"
2024-03-21,170,168,21,10,5,10,"Nerul, Navi Mumbai"
2024-03-22,168,117,18,7,5,7,"Nerul, Navi Mumbai"
2024-03-23,155,99,15,7,3,7,"Nerul, Navi Mumbai"
2024-03-24,139,108,19,11,3,11,"Nerul, Navi Mumbai"
2024-03-25,168,95,13,6,3,6,"Nerul, Navi Mumbai"
2024-03-26,128,97,12,5,3,4,"Nerul, Navi Mumbai"
2024-03-27,111,105,14,6,3,6,"Nerul, Navi Mumbai"
2024-03-28,121,98,16,7,4,7,"Nerul, Navi Mumbai"
2024-03-29,132,114,14,6,4,5,"Nerul, Navi Mumbai"
2024-03-30,133,109,15,7,3,6,"Nerul, Navi Mumbai"
2024-03-31,133,112,15,8,4,7,"Nerul, Navi Mumbai"
2024-04-01,142, , , , , ,"Nerul, Navi Mumbai"
2024-04-02, ,143,14,7,5,7,"Nerul, Navi Mumbai"
2024-04-03,149,88,15,9,7,8,"Nerul, Navi Mumbai"
2024-04-04,122,117,12,6,7,5,"Nerul, Navi Mumbai"
2024-04-05,117, , , , , ,"Nerul, Navi Mumbai"
2024-04-06, ,895,14,7,7,7,"Nerul, Navi Mumbai"
2024-04-07,139,94,21,8,7,6,"Nerul, Navi Mumbai"
2024-04-08,127,99,24,19,6,6,"Nerul, Navi Mumbai"
2024-04-09,126,95,19,16,6,5,"Nerul, Navi Mumbai"
2024-04-10,119,94,24,20,6,6,"Nerul, Navi Mumbai"
2024-04-11,117, , , , , ,"Nerul, Navi Mumbai"
2024-04-12, ,106,22,18,8,6,"Nerul, Navi Mumbai"
2024-04-13,104,85,22,18,8,5,"Nerul, Navi Mumbai"
2024-04-14,101,98,26,20,8,6,"Nerul, Navi Mumbai"
2024-04-15,131,122,33,27,7,9,"Nerul, Navi Mumbai"
2024-04-16,159,94,19,16,6,5,"Nerul, Navi Mumbai"
2024-04-17,115,111,22,20,7,6,"Nerul, Navi Mumbai"
2024-04-18,138,94,24,18,7,6,"Nerul, Navi Mumbai"
2024-04-19,112,100,22,20,7,6,"Nerul, Navi Mumbai"
2024-04-20,107,76,24,19,9,6,"Nerul, Navi Mumbai"
2024-04-21,84,98,21,15,8,5,"Nerul, Navi Mumbai"
2024-04-22,103,86,16,13,7,4,"Nerul, Navi Mumbai"
2024-04-23,96,91,16,15,6,4,"Nerul, Navi Mumbai"
2024-04-24,112,103,14,12,5,4,"Nerul, Navi Mumbai"
2024-04-25,100, , , , , ,"Nerul, Navi Mumbai"
2024-04-26, ,97,24,14,5,4,"Nerul, Navi Mumbai"
2024-04-27,119,115,23,18,5,5,"Nerul, Navi Mumbai"
2024-04-28,146,109,22,17,5,5,"Nerul, Navi Mumbai"
2024-04-29,124,174,25,19,6,6,"Nerul, Navi Mumbai"
2024-04-30,158,90,21,12,6,4,"Nerul, Navi Mumbai"
2024-05-01,87,108,12,11,6,3,"Nerul, Navi Mumbai"
2024-05-02,96,125,14,12,6,4,"Nerul, Navi Mumbai"
2024-05-03,118,264,12,11,6,3,"Nerul, Navi Mumbai"
2024-05-04,101,126,16,13,8,4,"Nerul, Navi Mumbai"
2024-05-05,167,162,20,12,8,3,"Nerul, Navi Mumbai"
2024-05-06,170,132,9,9,9,2,"Nerul, Navi Mumbai"
2024-05-07,162,277,11,9,9,2,"Nerul, Navi Mumbai"
2024-05-08,213, ,11,10,9,3,"Nerul, Navi Mumbai"
2024-05-09,834,61,13,11,7,3,"Nerul, Navi Mumbai"
2024-05-10,146,80,16,13,7,4,"Nerul, Navi Mumbai"
2024-05-11,87, , , , , ,"Nerul, Navi Mumbai"
2024-05-12, ,52,15,14,7,4,"Nerul, Navi Mumbai"
2024-05-13,90,82,27,21,7,7,"Nerul, Navi Mumbai"
2024-05-14,116,90,24,23,8,8,"Nerul, Navi Mumbai"
2024-05-15,143,101,17,16,8,5,"Nerul, Navi Mumbai"
2024-05-16,75,80,28,22,9,7,"Nerul, Navi Mumbai"
2024-05-17,123,64,16,13,9,4,"Nerul, Navi Mumbai"
2024-05-18,331,72,13,11,9,3,"Nerul, Navi Mumbai"
2024-05-19,109,55,12,11,10,3,"Nerul, Navi Mumbai"
2024-05-20,83,78,15,12,9,4,"Nerul, Navi Mumbai"
2024-05-21,122,70,25,14,8,4,"Nerul, Navi Mumbai"
2024-05-22,110,80,7,6,7,1,"Nerul, Navi Mumbai"
2024-05-23,122,69,7,5,7,1,"Nerul, Navi Mumbai"
2024-05-24,108,64,6,5,7,1,"Nerul, Navi Mumbai"
2024-05-25,99,54,7,5,7,1,"Nerul, Navi Mumbai"
2024-05-26,81,67,7,6,7,2,"Nerul, Navi Mumbai"
2024-05-27,99,63,6,4,7,1,"Nerul, Navi Mumbai"
2024-05-28,96,76,5,4,7,1,"Nerul, Navi Mumbai"
2024-05-29,120,107,6,5,7,1,"Nerul, Navi Mumbai"
2024-05-30,109,143,7,6,6,1,"Nerul, Navi Mumbai"
2024-05-31,130,78,5,4,6,1,"Nerul, Navi Mumbai"
2024-06-01,52,51,5,5,6,1,"Nerul, Navi Mumbai"
2024-06-02,34,70,8,6,5,2,"Nerul, Navi Mumbai"
2024-06-03,58,74,8,6,4,2,"Nerul, Navi Mumbai"
2024-06-04,64,62,7,6,4,1,"Nerul, Navi Mumbai"
2024-06-05,54,55,14,9,4,2,"Nerul, Navi Mumbai"
2024-06-06,54,64,7,7,4,2,"Nerul, Navi Mumbai"
2024-06-07,57,179,10,7,4,2,"Nerul, Navi Mumbai"
2024-06-08,171,36,8,7,4,2,"Nerul, Navi Mumbai"
2024-06-09,44,34,10,9,3,2,"Nerul, Navi Mumbai"
2024-06-10,55,38,14,10,3,3,"Nerul, Navi Mumbai"
2024-06-11,48,74,17,10,3,3,"Nerul, Navi Mumbai"
2024-06-12,43,44,17,12,3,3,"Nerul, Navi Mumbai"
2024-06-13,37,40,14,10,3,3,"Nerul, Navi Mumbai"
2024-06-14,33,50,12,10,3,3,"Nerul, Navi Mumbai"
2024-06-15,34,53,11,10,3,3,"Nerul, Navi Mumbai"
2024-06-16,37,40,12,10,3,3,"Nerul, Navi Mumbai"
2024-06-17,42,54,16,13,3,4,"Nerul, Navi Mumbai"
2024-06-18,56,46,16,12,2,4,"Nerul, Navi Mumbai"
2024-06-19,57,41,21,20,2,6,"Nerul, Navi Mumbai"
2024-06-20,56,43,13,10,2,3,"Nerul, Navi Mumbai"
2024-06-21,51,32,15,12,2,3,"Nerul, Navi Mumbai"
2024-06-22,54,48,15,12,2,3,"Nerul, Navi Mumbai"
2024-06-23,56,43,13,10,2,3,"Nerul, Navi Mumbai"
2024-06-24,218,50,11,9,3,3,"Nerul, Navi Mumbai"
2024-06-25,42,32,11,9,3,2,"Nerul, Navi Mumbai"
2024-06-26,35,19,13,10,2,3,"Nerul, Navi Mumbai"
2024-06-27,42,31,18,12,2,4,"Nerul, Navi Mumbai"
2024-06-28,56,43,17,11,2,3,"Nerul, Navi Mumbai"
2024-06-29,57,49,11,7,2,2,"Nerul, Navi Mumbai"
2024-06-30,55,105,8,6,2,2,"Nerul, Navi Mumbai"
2024-07-01,101,52,7,6,4,2,"Nerul, Navi Mumbai"
2024-07-02,62,51,8,6,4,2,"Nerul, Navi Mumbai"
2024-07-03,51,43,9,7,4,2,"Nerul, Navi Mumbai"
2024-07-04,53,37,8,8,4,2,"Nerul, Navi Mumbai"
2024-07-05,49,54,10,7,3,2,"Nerul, Navi Mumbai"
2024-07-06,62,39,10,8,3,2,"Nerul, Navi Mumbai"
2024-07-07,63,25,20,13,3,4,"Nerul, Navi Mumbai"
2024-07-08,60, , , , , ,"Nerul, Navi Mumbai"
2024-07-10, ,38,15,12,3,4,"Nerul, Navi Mumbai"
2024-07-11,66,31,13,9,3,3,"Nerul, Navi Mumbai"
2024-07-12,50,22,9,7,3,2,"Nerul, Navi Mumbai"
2024-07-13,41,29,15,9,2,2,"Nerul, Navi Mumbai"
2024-07-14,53,32,17,15,2,4,"Nerul, Navi Mumbai"
2024-07-15,56,30,11,10,2,3,"Nerul, Navi Mumbai"
2024-07-16,52,25,8,7,2,2,"Nerul, Navi Mumbai"
2024-07-17,46,17,8,7,2,2,"Nerul, Navi Mumbai"
2024-07-18,24,28,7,6,2,2,"Nerul, Navi Mumbai"
2024-07-19,41,24,7,6,2,2,"Nerul, Navi Mumbai"
2024-07-20,48,22,8,7,2,2,"Nerul, Navi Mumbai"
2024-07-21,34,33,8,7,2,2,"Nerul, Navi Mumbai"
2024-07-22,50,39,6,6,2,2,"Nerul, Navi Mumbai"
2024-07-23,55,39,7,5,2,1,"Nerul, Navi Mumbai"
2024-07-24,51,28,8,5,2,1,"Nerul, Navi Mumbai"
2024-07-25,44,46,5,3,1,1,"Nerul, Navi Mumbai"
2024-07-26,55,59,4,2,2, ,"Nerul, Navi Mumbai"
2024-07-27,44,134,5,3,2,1,"Nerul, Navi Mumbai"
2024-07-28,56,114,10,6,2,1,"Nerul, Navi Mumbai"
2024-07-29,59,46,9,7,2,2,"Nerul, Navi Mumbai"
2024-07-30,59,36,9,8,2,2,"Nerul, Navi Mumbai"
2024-07-31,55,41,9,8,2,2,"Nerul, Navi Mumbai"
2024-08-01,51,32,7,6,3,2,"Nerul, Navi Mumbai"
2024-08-02,37,34,7,6,3,2,"Nerul, Navi Mumbai"
2024-08-03,44,33,7,6,3,2,"Nerul, Navi Mumbai"
2024-08-04,45,35,10,6,3,2,"Nerul, Navi Mumbai"
2024-08-05,47,40,12,8,3,2,"Nerul, Navi Mumbai"
2024-08-06,48,35,11,9,3,2,"Nerul, Navi Mumbai"
2024-08-07,46,40,10,8,3,2,"Nerul, Navi Mumbai"
2024-08-08,47,34,11,9,3,2,"Nerul, Navi Mumbai"
2024-08-09,49,30,12,10,3,3,"Nerul, Navi Mumbai"
2024-08-10,39,28,10,9,3,2,"Nerul, Navi Mumbai"
2024-08-11,43,149,12,8,2,2,"Nerul, Navi Mumbai"
2024-08-12,42,300,35,11,2,4,"Nerul, Navi Mumbai"
2024-08-13,119,50,15,12,2,3,"Nerul, Navi Mumbai"
2024-08-14,58,100,21,15,2,4,"Nerul, Navi Mumbai"
2024-08-15,36,60,17,14,2,4,"Nerul, Navi Mumbai"
2024-08-16,42,36,17,14,2,4,"Nerul, Navi Mumbai"
2024-08-17,60,53,9,5,2,2,"Nerul, Navi Mumbai"
2024-08-18,73,176,8,5,3,2,"Nerul, Navi Mumbai"
2024-08-19,71,57,10,7,4,2,"Nerul, Navi Mumbai"
2024-08-20,76,70,10,7,4,3,"Nerul, Navi Mumbai"
2024-08-21,93,80,10,7,4,2,"Nerul, Navi Mumbai"
2024-08-22,70,30,9,6,5,2,"Nerul, Navi Mumbai"
2024-08-23,27,26,9,6,3,2,"Nerul, Navi Mumbai"
2024-08-24,83,69,7,5,2,2,"Nerul, Navi Mumbai"
2024-08-25,41,108,6,4,2,1,"Nerul, Navi Mumbai"
2024-08-26,101,57,6,4,2,2,"Nerul, Navi Mumbai"
2024-08-27,37,122,6,4,2,2,"Nerul, Navi Mumbai"
2024-08-28,50,50,7,5,2,2,"Nerul, Navi Mumbai"
2024-08-29,50,46,8,5,2,2,"Nerul, Navi Mumbai"
2024-08-30,51,47,9,6,2,2,"Nerul, Navi Mumbai"
2024-08-31,54,52,9,6,2,2,"Nerul, Navi Mumbai"
2024-09-01,59,41,11,6,2,2,"Nerul, Navi Mumbai"
2024-09-02,57,42,9,6,2,2,"Nerul, Navi Mumbai"
2024-09-03,60,38,8,6,2,2,"Nerul, Navi Mumbai"
2024-09-04,55,31,9,6,2,2,"Nerul, Navi Mumbai"
2024-09-05,50,42,9,6,2,2,"Nerul, Navi Mumbai"
2024-09-06,57,31,8,6,2,2,"Nerul, Navi Mumbai"
2024-09-07,44,35,9,6,2,2,"Nerul, Navi Mumbai"
2024-09-08,53,44,9,7,2,3,"Nerul, Navi Mumbai"
2024-09-09,54,31,9,7,4,2,"Nerul, Navi Mumbai"
2024-09-10,47,42,11,7,4,2,"Nerul, Navi Mumbai"
2024-09-11,53,43,10,6,4,2,"Nerul, Navi Mumbai"
2024-09-12,56,59,11,7,4,2,"Nerul, Navi Mumbai"
2024-09-13,66,50,10,6,4,2,"Nerul, Navi Mumbai"
2024-09-14,52,32,14,7,4,3,"Nerul, Navi Mumbai"
2024-09-15,48,57,14,9,4,3,"Nerul, Navi Mumbai"
2024-09-16,75,65,15,9,4,3,"Nerul, Navi Mumbai"
2024-09-17,91,66,12,8,4,3,"Nerul, Navi Mumbai"
2024-09-18,82,106,14,8,4,3,"Nerul, Navi Mumbai"
2024-09-19,113,75,19,13,6,5,"Nerul, Navi Mumbai"
2024-09-20,87,75,23,16,7,6,"Nerul, Navi Mumbai"
2024-09-21,84,67,24,17,7,6,"Nerul, Navi Mumbai"
2024-09-22,87,59,20,14,7,5,"Nerul, Navi Mumbai"
2024-09-23,91,44,32,18,5,7,"Nerul, Navi Mumbai"
2024-09-24,75,32,31,24,5,9,"Nerul, Navi Mumbai"
2024-09-25,56,96,34,25,4,10,"Nerul, Navi Mumbai"
2024-09-26,108,124,27,21,5,8,"Nerul, Navi Mumbai"
2024-09-27,106,15,12,8,5,3,"Nerul, Navi Mumbai"
2024-09-28,21,30,14,9,5,3,"Nerul, Navi Mumbai"
2024-09-29,41,47,13,7,5,3,"Nerul, Navi Mumbai"
2024-09-30,64,83,11,5,5,2,"Nerul, Navi Mumbai"
2024-10-01,136,70,9,4,5,2,"Nerul, Navi Mumbai"
2024-10-02,99,31,8,4,5,2,"Nerul, Navi Mumbai"
2024-10-03,37,39,10,5,4,2,"Nerul, Navi Mumbai"
2024-10-04,37,61,11,5,4,3,"Nerul, Navi Mumbai"
2024-10-05,68,69,11,5,4,2,"Nerul, Navi Mumbai"
2024-10-06,98,78,12,5,4,2,"Nerul, Navi Mumbai"
2024-10-07,131,70,12,6,4,3,"Nerul, Navi Mumbai"
2024-10-08,70,42,10,5,5,3,"Nerul, Navi Mumbai"
2024-10-09,45,35,9,5,5,2,"Nerul, Navi Mumbai"
2024-10-10,36,35,9,4,5,2,"Nerul, Navi Mumbai"
2024-10-11,48,46,10,5,5,2,"Nerul, Navi Mumbai"
2024-10-12,75,51,11,5,5,3,"Nerul, Navi Mumbai"
2024-10-13,78,44,10,5,4,3,"Nerul, Navi Mumbai"
2024-10-14,77,47,11,5,5,3,"Nerul, Navi Mumbai"
2024-10-15,74,74,12,6,5,3,"Nerul, Navi Mumbai"
2024-10-16,121,87,12,6,5,3,"Nerul, Navi Mumbai"
2024-10-17,135,60,8,5,5,2,"Nerul, Navi Mumbai"
2024-10-18,95,44,9,4,5,2,"Nerul, Navi Mumbai"
2024-10-19,52,44,9,5,5,2,"Nerul, Navi Mumbai"
2024-10-20,65,109,10,5,5,2,"Nerul, Navi Mumbai"
2024-10-21,122,58,11,5,4,3,"Nerul, Navi Mumbai"
2024-10-22,90,66,11,5,3,3,"Nerul, Navi Mumbai"
2024-10-23,108,92,12,6,3,3,"Nerul, Navi Mumbai"
2024-10-24,159,110,13,7,3,4,"Nerul, Navi Mumbai"
2024-10-25,154,71,15,7,5,3,"Nerul, Navi Mumbai"
2024-10-26,95,82,15,8,6,4,"Nerul, Navi Mumbai"
2024-10-27,101,79,15,7,6,4,"Nerul, Navi Mumbai"
2024-10-28,105,93,12,6,6,3,"Nerul, Navi Mumbai"
2024-10-29,87,93,14,7,6,3,"Nerul, Navi Mumbai"
2024-10-30,100,82,15,7,6,4,"Nerul, Navi Mumbai"
2024-10-31,114,96,13,7,6,3,"Nerul, Navi Mumbai"
2024-11-01,125,91,15,6,7,3,"Nerul, Navi Mumbai"
2024-11-02,135,94,14,7,8,4,"Nerul, Navi Mumbai"
2024-11-03,135,93,14,7,7,3,"Nerul, Navi Mumbai"
2024-11-04,137,106,15,7,7,4,"Nerul, Navi Mumbai"
2024-11-05,138,106,15,7,6,4,"Nerul, Navi Mumbai"
2024-11-06,145,86,17,8,6,4,"Nerul, Navi Mumbai"
2024-11-07,138,92,17,10,6,4,"Nerul, Navi Mumbai"
2024-11-08,150,93,16,10,6,4,"Nerul, Navi Mumbai"
2024-11-09,144,98,18,10,6,4,"Nerul, Navi Mumbai"
2024-11-10,155,97,18,10,6,4,"Nerul, Navi Mumbai"
2024-11-11,161,94,17,10,5,4,"Nerul, Navi Mumbai"
2024-11-12,151,82,17,10,3,5,"Nerul, Navi Mumbai"
2024-11-13,144,66,11,17,4,9,"Nerul, Navi Mumbai"
2024-11-14,145,70,12,24,4,11,"Nerul, Navi Mumbai"
2024-11-15,148,84,13,20,5,9,"Nerul, Navi Mumbai"
2024-11-16,161,86,9,18,5,8,"Nerul, Navi Mumbai"
2024-11-17,151,107,12,13,6,6,"Nerul, Navi Mumbai"
2024-11-18,164,86,13,8,5,3,"Nerul, Navi Mumbai"
2024-11-19,145,86,14,8,5,3,"Nerul, Navi Mumbai"
2024-11-20,150,86,12,8,5,4,"Nerul, Navi Mumbai"
2024-11-21,155,100,13,10,5,4,"Nerul, Navi Mumbai"
2024-11-22,161,111,12,12,6,5,"Nerul, Navi Mumbai"
2024-11-23,169,112,15,13,7,6,"Nerul, Navi Mumbai"
2024-11-24,160,98,10,13,6,6,"Nerul, Navi Mumbai"
2024-11-25,142,101,11,11,7,4,"Nerul, Navi Mumbai"
2024-11-26,129,92,13,10,7,4,"Nerul, Navi Mumbai"
2024-11-27,119,98,10,11,7,5,"Nerul, Navi Mumbai"
2024-11-28,130,95,9,9,7,4,"Nerul, Navi Mumbai"
2024-11-29,118,95,9,15,7,6,"Nerul, Navi Mumbai"
2024-11-30,131,99,8,17,7,8,"Nerul, Navi Mumbai"
2024-12-01,138,107,8,19,8,9,"Nerul, Navi Mumbai"
2024-12-02,154,81,11,13,8,5,"Nerul, Navi Mumbai"
2024-12-03,116,75,9,14,8,6,"Nerul, Navi Mumbai"
2024-12-04,108,86,7,13,8,6,"Nerul, Navi Mumbai"
2024-12-05,110,92,7,14,8,6,"Nerul, Navi Mumbai"
2024-12-06,131,76,7,15,8,7,"Nerul, Navi Mumbai"
2024-12-07,105,79, ,14,8,6,"Nerul, Navi Mumbai"
2024-12-08,96,71, ,11,8,5,"Nerul, Navi Mumbai"
2024-12-09,90,80, ,13,8,6,"Nerul, Navi Mumbai"
2024-12-10,87,86, ,16,8,7,"Nerul, Navi Mumbai"
2024-12-11,110,94,2,16,8,7,"Nerul, Navi Mumbai"
2024-12-12,124,77,2,13,8,6,"Nerul, Navi Mumbai"
2024-12-13,106,77,3,15,8,7,"Nerul, Navi Mumbai"
2024-12-14,103,84, ,18,8,8,"Nerul, Navi Mumbai"
2024-12-15,113,95,3,19,8,9,"Nerul, Navi Mumbai"
2024-12-16,124,112,3,20,8,9,"Nerul, Navi Mumbai"
2024-12-17,138,111,1,21,8,10,"Nerul, Navi Mumbai"
2024-12-18,150,149,7,24,8,11,"Nerul, Navi Mumbai"
2024-12-19,180,153,7,22,9,10,"Nerul, Navi Mumbai"
2024-12-20,177,109,8,19,9,8,"Nerul, Navi Mumbai"
2024-12-21,134,84,8,21,9,10,"Nerul, Navi Mumbai"
2024-12-22,109,79,8,20,9,9,"Nerul, Navi Mumbai"
2024-12-23,105,87,8,20,9,9,"Nerul, Navi Mumbai"
2024-12-24,119,89,8,22,9,9,"Nerul, Navi Mumbai"
2024-12-25,127,104,8,23,8,11,"Nerul, Navi Mumbai"
2024-12-26,129,95,8,23,8,10,"Nerul, Navi Mumbai"
2024-12-27,131,93,12,21,8,10,"Nerul, Navi Mumbai"
2024-12-28,135,96,10,23,8,11,"Nerul, Navi Mumbai"
2024-12-29,128, , , , , ,"Nerul, Navi Mumbai"
2024-12-31, ,84,16,24,8,11,"Nerul, Navi Mumbai"
2025-01-01,96,78,12,23,8,11,"Nerul, Navi Mumbai"
2025-01-02,100,75,17,21,9,9,"Nerul, Navi Mumbai"
2025-01-03,84, ,14,22,8,10,"Nerul, Navi Mumbai"
2025-01-04,98, ,12,24,7,11,"Nerul, Navi Mumbai"
2025-01-05,128,100,11,19,6,8,"Nerul, Navi Mumbai"
2025-01-06,109,85,11,20,6,9,"Nerul, Navi Mumbai"
2025-01-07,110,80,11,19,7,8,"Nerul, Navi Mumbai"
2025-01-08,98,80,9,25,9,11,"Nerul, Navi Mumbai"
2025-01-09,95,115,8,32,9,14,"Nerul, Navi Mumbai"
2025-01-10,136,83, ,23,9, ,"Nerul, Navi Mumbai"
2025-01-11,114,91,7,22,9,10,"Nerul, Navi Mumbai"
2025-01-12,120,82,7,21,9,9,"Nerul, Navi Mumbai"
2025-01-13,106,108,7,30,10,14,"Nerul, Navi Mumbai"
2025-01-14,124,395,15,40,5,18,"Nerul, Navi Mumbai"
2025-01-15,124,272,7,41,8,19,"Nerul, Navi Mumbai"
2025-01-16,285, , , , , ,"Nerul, Navi Mumbai"
2025-01-17, ,545,7,38,7,18,"Nerul, Navi Mumbai"
2025-01-18,434,545,8,42,8,19,"Nerul, Navi Mumbai"
2025-01-19,434, , , , , ,"Nerul, Navi Mumbai"
2025-06-04, ,144, ,17,19, ,"Nerul, Navi Mumbai"
2025-06-05,101,81, ,15,18, ,"Nerul, Navi Mumbai"
2025-06-06,25,62, ,15,18, ,"Nerul, Navi Mumbai"
2025-06-07,39,46, ,15,18, ,"Nerul, Navi Mumbai"
2025-06-08,41,80, ,10,18, ,"Nerul, Navi Mumbai"
2025-06-09,50,161, ,3,7, ,"Nerul, Navi Mumbai"
2025-06-10,53,108, ,3,7, ,"Nerul, Navi Mumbai"
2025-06-11,28,98, ,5,7, ,"Nerul, Navi Mumbai"
2025-06-12,107,58, ,10,7, ,"Nerul, Navi Mumbai"
2025-06-13,71,81, ,10,7, ,"Nerul, Navi Mumbai"
2025-06-14,100,63, ,10,7, ,"Nerul, Navi Mumbai"
2025-06-15,57,27, ,10,7, ,"Nerul, Navi Mumbai"
2025-06-16,37,89, ,10,7, ,"Nerul, Navi Mumbai"
2025-06-17,64,86, ,10,7, ,"Nerul, Navi Mumbai"
2025-06-18,42,36,7,9,7,4,"Nerul, Navi Mumbai"
2025-06-19,48,40, ,8,7, ,"Nerul, Navi Mumbai"
2025-06-20,54,44, ,8,7, ,"Nerul, Navi Mumbai"
2025-06-21,56,46, ,8,7, ,"Nerul, Navi Mumbai"
2025-06-22,56,60, ,8,7, ,"Nerul, Navi Mumbai"
2025-06-23,63,134, ,8,8, ,"Nerul, Navi Mumbai"
2025-06-24,88,56, ,8,8, ,"Nerul, Navi Mumbai"
2025-06-25,64,55, ,8,8, ,"Nerul, Navi Mumbai"
2025-06-26,60,58, ,8,8, ,"Nerul, Navi Mumbai"
2025-06-27,66,57, ,8,8, ,"Nerul, Navi Mumbai"
2025-06-28,64,56, ,8,8, ,"Nerul, Navi Mumbai"
2025-06-29,62,54, ,8,11, ,"Nerul, Navi Mumbai"
2025-06-30,57,48, ,8,11, ,"Nerul, Navi Mumbai"
2025-07-01,58,46, ,10,9, ,"Nerul, Navi Mumbai"
2025-07-02,53,48, ,5,7, ,"Nerul, Navi Mumbai"
2025-07-03,55,48, ,8,8, ,"Nerul, Navi Mumbai"
2025-07-04,54,53, ,8,7, ,"Nerul, Navi Mumbai"
2025-07-05,61,60, ,8,7, ,"Nerul, Navi Mumbai"
2025-07-06,65,54, ,8,7, ,"Nerul, Navi Mumbai"
2025-07-07,62,290, ,8,7, ,"Nerul, Navi Mumbai"
2025-07-08,104,61, ,8,7, ,"Nerul, Navi Mumbai"
2025-07-09,61,61, ,8,7, ,"Nerul, Navi Mumbai"
2025-07-10,69,58, ,8,7, ,"Nerul, Navi Mumbai"
2025-07-11,68,53, ,8,7, ,"Nerul, Navi Mumbai"
2025-07-12,61,48, ,8,7, ,"Nerul, Navi Mumbai"
2025-07-13,55,37, ,8,7, ,"Nerul, Navi Mumbai"
2025-07-14,47,112, ,9,7, ,"Nerul, Navi Mumbai"
2025-07-15,82,58, ,9,7, ,"Nerul, Navi Mumbai"
2025-07-16,67,62, ,9,7, ,"Nerul, Navi Mumbai"
2025-07-17,69,62, ,9,7, ,"Nerul, Navi Mumbai"
2025-07-18,69,624, ,9,7, ,"Nerul, Navi Mumbai"
2025-07-19,529, , ,9,7, ,"Nerul, Navi Mumbai"
2025-07-20, ,999, ,9,7, ,"Nerul, Navi Mumbai"
2025-07-21, ,999, ,9,7, ,"Nerul, Navi Mumbai"
2025-07-22, ,999, ,9,7, ,"Nerul, Navi Mumbai"
2025-07-23, ,999, ,9,7, ,"Nerul, Navi Mumbai"
2025-07-24, ,403, ,9,7, ,"Nerul, Navi Mumbai"
2025-07-25,112,50, ,9,7, ,"Nerul, Navi Mumbai"
2025-07-26,95,60, ,9,7, ,"Nerul, Navi Mumbai"
2025-07-27,66,56, ,9,7, ,"Nerul, Navi Mumbai"
2025-07-28,62,118, ,9,7, ,"Nerul, Navi Mumbai"
2025-07-29,87,119, ,9,7, ,"Nerul, Navi Mumbai"
2025-07-30,98,61, ,9,7,4,"Nerul, Navi Mumbai"
2025-07-31,67,66, ,9,7, ,"Nerul, Navi Mumbai"
2025-08-01,69,56, ,9,7, ,"Nerul, Navi Mumbai"
2025-08-02,61,61, ,9,7, ,"Nerul, Navi Mumbai"
2025-08-03,67,56, ,9,7, ,"Nerul, Navi Mumbai"
2025-08-04,62,57, ,9,7, ,"Nerul, Navi Mumbai"
2025-08-05,64,62, ,9,7, ,"Nerul, Navi Mumbai"
2025-08-06,73,66, ,9,7, ,"Nerul, Navi Mumbai"
2025-08-07,72,69, ,9,7, ,"Nerul, Navi Mumbai"
2025-08-08,75,68, ,9,7, ,"Nerul, Navi Mumbai"
2025-08-09,78,65, ,9,7, ,"Nerul, Navi Mumbai"
2025-08-10,69,57, ,9,7, ,"Nerul, Navi Mumbai"
2025-08-11,65,52, ,9,7, ,"Nerul, Navi Mumbai"
2025-08-12,57,55, ,9,7, ,"Nerul, Navi Mumbai"
2025-08-13,61,34, ,9,7, ,"Nerul, Navi Mumbai"
2025-08-14,48,39, ,9,7, ,"Nerul, Navi Mumbai"
2025-08-15,46,40, ,9,7, ,"Nerul, Navi Mumbai"
2025-08-16,44,43, ,9,7, ,"Nerul, Navi Mumbai"
2025-08-17,52,109, ,9,7, ,"Nerul, Navi Mumbai"
2025-08-18,107,100, ,9,7, ,"Nerul, Navi Mumbai"
2025-08-19,101,45, ,9,7, ,"Nerul, Navi Mumbai"
2025-08-20,51,42, ,9,7, ,"Nerul, Navi Mumbai"
2025-08-21,53,41, ,9,7, ,"Nerul, Navi Mumbai"
2025-08-22,51,39, ,9,8, ,"Nerul, Navi Mumbai"
2025-08-23,46,46, ,9,7, ,"Nerul, Navi Mumbai"
2025-08-24,52,31, ,9,7, ,"Nerul, Navi Mumbai"
2025-08-25,40,36, ,9,8, ,"Nerul, Navi Mumbai"
2025-08-26,45,48, ,9,8, ,"Nerul, Navi Mumbai"
2025-08-27,58,59, ,10,7, ,"Nerul, Navi Mumbai"
2025-08-28,65,59, ,10,7, ,"Nerul, Navi Mumbai"
2025-08-29,64,55, ,10,7, ,"Nerul, Navi Mumbai"
2025-08-30,59,58, ,10,8, ,"Nerul, Navi Mumbai"
2025-08-31,64,54, ,10,8, ,"Nerul, Navi Mumbai"
2025-09-01,59,52, ,10,7, ,"Nerul, Navi Mumbai"
2025-09-02,59,56, ,10,8, ,"Nerul, Navi Mumbai"
2025-09-03,64,60, ,10,8, ,"Nerul, Navi Mumbai"
2025-09-04,63,53, ,10,8, ,"Nerul, Navi Mumbai"
2025-09-05,61,50, ,10,8, ,"Nerul, Navi Mumbai"
2025-09-06,58,57, ,10,7, ,"Nerul, Navi Mumbai"
2025-09-07,59,192, ,10,7, ,"Nerul, Navi Mumbai"
2025-09-08,115,128, ,10,8, ,"Nerul, Navi Mumbai"
2025-09-09,105,72, ,10,8, ,"Nerul, Navi Mumbai"
2025-09-10,156,73, ,10,8, ,"Nerul, Navi Mumbai"
2025-09-11,86,68, ,10,7, ,"Nerul, Navi Mumbai"
2025-09-12,74,81, ,10,8, ,"Nerul, Navi Mumbai"
2025-09-13,84,79, ,10,8, ,"Nerul, Navi Mumbai"
2025-09-14,94,372, ,10,8, ,"Nerul, Navi Mumbai"
2025-09-15,191, ,7,10,8,5,"Nerul, Navi Mumbai"
2025-09-16, ,999, ,10,8, ,"Nerul, Navi Mumbai"
2025-09-17,835,284, ,10,8, ,"Nerul, Navi Mumbai"
2025-09-18,141,19, ,10, , ,"Nerul, Navi Mumbai"
2025-09-19,46, , , , , ,"Nerul, Navi Mumbai"
2025-09-21, ,56,7,10,8,5,"Nerul, Navi Mumbai"
2025-09-22,63,58, ,10,8, ,"Nerul, Navi Mumbai"
2025-09-23,68,58, ,10,8, ,"Nerul, Navi Mumbai"
2025-09-24,65,56, ,10,8, ,"Nerul, Navi Mumbai"
2025-09-25,66,76, ,10,8, ,"Nerul, Navi Mumbai"
2025-09-26,81,58, ,10,8, ,"Nerul, Navi Mumbai"
2025-09-27,63,43, ,10,8, ,"Nerul, Navi Mumbai"
2025-09-28,52,60, ,10,8, ,"Nerul, Navi Mumbai"
2025-09-29,67,47, ,10,8, ,"Nerul, Navi Mumbai"
2025-09-30,56,45, ,10,8, ,"Nerul, Navi Mumbai"
2025-10-01,55,46, ,10,8, ,"Nerul, Navi Mumbai"
2025-10-02,52,47, ,10,8, ,"Nerul, Navi Mumbai"
2025-10-03,50,55, ,10,8, ,"Nerul, Navi Mumbai"
2025-10-04,59,72, ,10,8, ,"Nerul, Navi Mumbai"
2025-10-05,83,62, ,10,8, ,"Nerul, Navi Mumbai"
2025-10-06,67,61, ,10,8, ,"Nerul, Navi Mumbai"
2025-10-07,66,84, ,11,8, ,"Nerul, Navi Mumbai"
2025-10-08,100,143, ,11,8, ,"Nerul, Navi Mumbai"
2025-10-09,149,159, ,11,8, ,"Nerul, Navi Mumbai"
2025-10-10,157,161, ,11,8, ,"Nerul, Navi Mumbai"
2025-10-11,158, , ,11, , ,"Nerul, Navi Mumbai"
2025-10-12,170,115, ,9,8, ,"Nerul, Navi Mumbai"
2025-10-13,138,172, ,11,8, ,"Nerul, Navi Mumbai"
2025-10-14,159,169, ,11,7, ,"Nerul, Navi Mumbai"
2025-10-15,159,100, ,11,8, ,"Nerul, Navi Mumbai"
2025-10-16,113,67, ,11,8, ,"Nerul, Navi Mumbai"
2025-10-17,109,102, ,11,8, ,"Nerul, Navi Mumbai"
2025-10-18,158,120, ,11,8, ,"Nerul, Navi Mumbai"
2025-10-19,168,143, ,11,8, ,"Nerul, Navi Mumbai"
2025-10-20,183,157, ,11,8, ,"Nerul, Navi Mumbai"
2025-10-21,179,89, ,11,8, ,"Nerul, Navi Mumbai"
2025-10-22,136,77, ,11,8, ,"Nerul, Navi Mumbai"
2025-10-23,109,34, ,11,8, ,"Nerul, Navi Mumbai"
2025-10-24,61,34, ,11,8, ,"Nerul, Navi Mumbai"
2025-10-25,57,47, ,11,8, ,"Nerul, Navi Mumbai"
2025-10-26,69,37, ,11,8, ,"Nerul, Navi Mumbai"
2025-10-27,64,44, ,11,8, ,"Nerul, Navi Mumbai"
2025-10-28,75,55, ,11,8, ,"Nerul, Navi Mumbai"
2025-10-29,89,44, ,11,8, ,"Nerul, Navi Mumbai"
2025-10-30,76,37, ,11,8, ,"Nerul, Navi Mumbai"
2025-10-31,64,34, ,11,8, ,"Nerul, Navi Mumbai"
2025-11-01,62,80, ,11,8, ,"Nerul, Navi Mumbai"
2025-11-02,94,26, ,11,8, ,"Nerul, Navi Mumbai"
2025-11-03,51,51, ,11,8, ,"Nerul, Navi Mumbai"
2025-11-04,130,107, ,11,7, ,"Nerul, Navi Mumbai"
2025-11-05,149,75, ,11,8, ,"Nerul, Navi Mumbai"
2025-11-06,133,109, ,12,7, ,"Nerul, Navi Mumbai"
2025-11-07,151,75, ,11,8, ,"Nerul, Navi Mumbai"
2025-11-08,132,74, ,11,8, ,"Nerul, Navi Mumbai"
2025-11-09,131,81, ,12,8, ,"Nerul, Navi Mumbai"
2025-11-10,130,92, ,12,8, ,"Nerul, Navi Mumbai"
2025-11-11,148,99,7,12,8,5,"Nerul, Navi Mumbai"
2025-11-12,157,109,8,12,8,5,"Nerul, Navi Mumbai"
2025-11-13,163,117,7,12,8,5,"Nerul, Navi Mumbai"
2025-11-14,167,110,8,12,8,5,"Nerul, Navi Mumbai"
2025-11-15,160,122, ,12,8, ,"Nerul, Navi Mumbai"
2025-11-16,166,126, ,12,8, ,"Nerul, Navi Mumbai"
2025-11-17,169,136, ,12,8, ,"Nerul, Navi Mumbai"
2025-11-18,179,187, ,12,8, ,"Nerul, Navi Mumbai"
2025-11-19,243,130, ,12,8, ,"Nerul, Navi Mumbai"
2025-11-20,173,142,7,12,8,6,"Nerul, Navi Mumbai"
2025-11-21,180,141, ,12,8, ,"Nerul, Navi Mumbai"
2025-11-22,179,154, ,12,8, ,"Nerul, Navi Mumbai"
2025-11-23,182,130, ,12,8, ,"Nerul, Navi Mumbai"
2025-11-24,180,167, ,12,8, ,"Nerul, Navi Mumbai"
2025-11-25,185,161, ,12,8, ,"Nerul, Navi Mumbai"
2025-11-26,196,136, ,12,8, ,"Nerul, Navi Mumbai"
2025-11-27,169,100, ,12,8, ,"Nerul, Navi Mumbai"
2025-11-28,158,87, ,12,8, ,"Nerul, Navi Mumbai"
2025-11-29,132,113, ,13,8, ,"Nerul, Navi Mumbai"
2025-11-30,160,89, ,12,8, ,"Nerul, Navi Mumbai"
2025-12-01,149,105, ,12,8, ,"Nerul, Navi Mumbai"
2025-12-02,155,101, ,12,8, ,"Nerul, Navi Mumbai"
2025-12-03,159,114, ,13,8, ,"Nerul, Navi Mumbai"
2025-12-04,162,97, ,12,8, ,"Nerul, Navi Mumbai"
2025-12-05,153,89, ,12,8, ,"Nerul, Navi Mumbai"
2025-12-06,145,85, ,12,8, ,"Nerul, Navi Mumbai"
2025-12-07,142,95, ,13,8, ,"Nerul, Navi Mumbai"
2025-12-08,150,96, ,13,8, ,"Nerul, Navi Mumbai"
2025-12-09,141,82, ,13,8, ,"Nerul, Navi Mumbai"
2025-12-10,128,81, ,13,8, ,"Nerul, Navi Mumbai"
2025-12-11,128,79, ,13,8, ,"Nerul, Navi Mumbai"
2025-12-12,134,100, ,13,7, ,"Nerul, Navi Mumbai"
2025-12-13,147,88, ,13,8, ,"Nerul, Navi Mumbai"
2025-12-14,142,87, ,13,8, ,"Nerul, Navi Mumbai"
2025-12-15,137,96, ,13,8, ,"Nerul, Navi Mumbai"
2025-12-16,149,108, ,13,8, ,"Nerul, Navi Mumbai"
2025-12-17,161,103, ,13,8, ,"Nerul, Navi Mumbai"
2025-12-18,157,92, ,13,8, ,"Nerul, Navi Mumbai"
2025-12-19,149,90, ,13,8, ,"Nerul, Navi Mumbai"
2025-12-20,137,76, ,13,8, ,"Nerul, Navi Mumbai"
2025-12-21,126,82, ,13,8, ,"Nerul, Navi Mumbai"
2025-12-22,138,84, ,13,8, ,"Nerul, Navi Mumbai"
2025-12-23,131,74, ,13,8, ,"Nerul, Navi Mumbai"
2025-12-24,123,81, ,13,8, ,"Nerul, Navi Mumbai"
2025-12-25,135,105, ,13,8, ,"Nerul, Navi Mumbai"
2025-12-26,159,95, ,13,8, ,"Nerul, Navi Mumbai"
2025-12-27,146,100, ,13,8, ,"Nerul, Navi Mumbai"
2025-12-28,152, , , , , ,"Nerul, Navi Mumbai"
2025-12-31, ,81, ,13,8, ,"Nerul, Navi Mumbai"
2026-01-01,119,82, ,13,8, ,"Nerul, Navi Mumbai"
2026-01-02,141,100, ,13,8, ,"Nerul, Navi Mumbai"
2026-01-03,158,127, ,13,8, ,"Nerul, Navi Mumbai"
2026-01-04,170,107, ,13,8, ,"Nerul, Navi Mumbai"
2026-01-05,161,99, ,13,8, ,"Nerul, Navi Mumbai"
2026-01-06,158,110, ,13,8, ,"Nerul, Navi Mumbai"
2026-01-07,163,108, ,13,8,6,"Nerul, Navi Mumbai"
2026-01-08,161,86, ,13,8, ,"Nerul, Navi Mumbai"
2026-01-09,151,83, ,13,8, ,"Nerul, Navi Mumbai"
2026-01-10,149,80, ,13,8, ,"Nerul, Navi Mumbai"
2026-01-11,150,91, ,13,8, ,"Nerul, Navi Mumbai"
2026-01-12,151,90, ,13,8, ,"Nerul, Navi Mumbai"
2026-01-13,157,79, ,13,8, ,"Nerul, Navi Mumbai"
2026-01-14,149,82, ,13,8, ,"Nerul, Navi Mumbai"
2026-01-15,152,99, ,14,8, ,"Nerul, Navi Mumbai"
2026-01-16,167,79, ,14,8, ,"Nerul, Navi Mumbai"
2026-01-17,140,67, ,13,8, ,"Nerul, Navi Mumbai"
2026-01-18,125,145, ,14,8, ,"Nerul, Navi Mumbai"
2026-01-19,140,132, ,14,8, ,"Nerul, Navi Mumbai"
2026-01-20,152,78, ,14,8, ,"Nerul, Navi Mumbai"
2026-01-21,152,83, ,14,8, ,"Nerul, Navi Mumbai"
2026-01-22,145,65, ,14,8, ,"Nerul, Navi Mumbai"
2026-01-23,122,55, ,14,8, ,"Nerul, Navi Mumbai"
2026-01-24,106,64, ,14,8, ,"Nerul, Navi Mumbai"
2026-01-25,130,75, ,14,8, ,"Nerul, Navi Mumbai"
2026-01-26,146,52, ,14,8, ,"Nerul, Navi Mumbai"
2026-01-27,111,46, ,14,8, ,"Nerul, Navi Mumbai"
2026-01-28,88,58, ,14,8, ,"Nerul, Navi Mumbai"
2026-01-29,113,96, ,15,8, ,"Nerul, Navi Mumbai"
2026-01-30,156,84, ,16,8, ,"Nerul, Navi Mumbai"
2026-01-31,160,86, ,17,8, ,"Nerul, Navi Mumbai"
2026-02-01,156,107, ,18,7, ,"Nerul, Navi Mumbai"
2026-02-02,168,105, ,19,8, ,"Nerul, Navi Mumbai"
2026-02-03,172,77, ,20,8, ,"Nerul, Navi Mumbai"
2026-02-04,162,87, ,20,8, ,"Nerul, Navi Mumbai"
2026-02-05,156,84, ,21,8, ,"Nerul, Navi Mumbai"
2026-02-06,150,65, ,22, , ,"Nerul, Navi Mumbai"
2026-02-07,146,82, ,22,8, ,"Nerul, Navi Mumbai"
2026-02-08,156, , , , , ,"Nerul, Navi Mumbai"
2026-02-12, ,69, ,12,8, ,"Nerul, Navi Mumbai"
2026-02-13,143,88,7,12,7,6,"Nerul, Navi Mumbai"
2026-02-14,156,80, ,13,8, ,"Nerul, Navi Mumbai"
2026-02-15,147,77, ,13,8, ,"Nerul, Navi Mumbai"
2026-02-16,152,75, ,13,8, ,"Nerul, Navi Mumbai"
2026-02-17,138,61, ,13,8, ,"Nerul, Navi Mumbai"
2026-02-18,122, , , , , ,"Nerul, Navi Mumbai"
